<frozen importlib._bootstrap>:488: DeprecationWarning: builtin type SwigPyPacked has no __module__ attribute
<frozen importlib._bootstrap>:488: DeprecationWarning: builtin type SwigPyObject has no __module__ attribute
<frozen importlib._bootstrap>:488: DeprecationWarning: builtin type swigvarlink has no __module__ attribute
wandb: [wandb.login()] Loaded credentials for https://api.wandb.ai from /home/s28404/.netrc.
wandb: Currently logged in as: frackowiak (frackowiak_kajetan) to https://api.wandb.ai. Use `wandb login --relogin` to force relogin
/home/s28404/inzynierka_kod_zrodlowy/.venv/lib/python3.12/site-packages/wandb/analytics/sentry.py:268: DeprecationWarning: Read the `app_url` setting from the appropriate Settings object.
  app_url = wandb.util.app_url(tags["base_url"])  # type: ignore[index]
/home/s28404/inzynierka_kod_zrodlowy/.venv/lib/python3.12/site-packages/wandb/analytics/sentry.py:268: DeprecationWarning: Read the `app_url` setting from the appropriate Settings object.
  app_url = wandb.util.app_url(tags["base_url"])  # type: ignore[index]
/home/s28404/inzynierka_kod_zrodlowy/.venv/lib/python3.12/site-packages/wandb/analytics/sentry.py:279: DeprecationWarning: The `Scope.user` setter is deprecated in favor of `Scope.set_user()`.
  self.scope.user = {"email": email}
wandb: setting up run fyviaoo9
/home/s28404/inzynierka_kod_zrodlowy/.venv/lib/python3.12/site-packages/wandb/analytics/sentry.py:268: DeprecationWarning: Read the `app_url` setting from the appropriate Settings object.
  app_url = wandb.util.app_url(tags["base_url"])  # type: ignore[index]
/home/s28404/inzynierka_kod_zrodlowy/.venv/lib/python3.12/site-packages/wandb/analytics/sentry.py:279: DeprecationWarning: The `Scope.user` setter is deprecated in favor of `Scope.set_user()`.
  self.scope.user = {"email": email}
wandb: Tracking run with wandb version 0.25.0
wandb: Run data is saved locally in logs_thesis/minigrid/wandb/run-20260616_123108-fyviaoo9
wandb: Run `wandb offline` to turn off syncing.
wandb: Syncing run r2d2_demir_BabyAI_KeyCorridorS4R3_v0_seed102_26_06_16-12_31_07
wandb: ⭐️ View project at https://wandb.ai/frackowiak_kajetan/kod_zrodlowy_demir
wandb: 🚀 View run at https://wandb.ai/frackowiak_kajetan/kod_zrodlowy_demir/runs/fyviaoo9
========================================================================/home/s28404/inzynierka_kod_zrodlowy/.venv/lib/python3.12/site-packages/google/protobuf/internal/well_known_types.py:195: DeprecationWarning: datetime.datetime.utcnow() is deprecated and scheduled for removal in a future version. Use timezone-aware objects to represent datetimes in UTC: datetime.datetime.now(datetime.UTC).
  self.FromDatetime(datetime.datetime.utcnow())

Run: r2d2_demir_BabyAI_KeyCorridorS4R3_v0_seed102_26_06_16-12_31_07
Variant: r2d2_demir | Intrinsic kind: demir | Scale: 0.1
Env: BabyAI-KeyCorridorS4R3-v0 | Device: cuda | Threads: 4
========================================================================
[train] 00:17<24:20:43, 0.009s/step step=    2000 episodes=    4 eps=0.998 replay=  1664 loss=nan ext100=0.000 total100=0.044
[train] 00:38<26:50:37, 0.010s/step step=    4000 episodes=    8 eps=0.996 replay=  3328 loss=nan ext100=0.000 total100=0.021
[train] 01:00<28:03:44, 0.010s/step step=    6000 episodes=   13 eps=0.994 replay=  5127 loss=nan ext100=0.048 total100=0.074
[train] 01:24<29:24:50, 0.011s/step step=    8000 episodes=   17 eps=0.992 replay=  6791 loss=nan ext100=0.037 total100=0.071
[train] 01:50<30:33:02, 0.011s/step step=   10000 episodes=   21 eps=0.991 replay=  8455 loss=nan ext100=0.030 total100=0.073
[train] 02:19<32:08:22, 0.012s/step step=   12000 episodes=   25 eps=0.989 replay= 10119 loss=nan ext100=0.025 total100=0.074
[train] 02:49<33:36:05, 0.012s/step step=   14000 episodes=   29 eps=0.987 replay= 11783 loss=nan ext100=0.022 total100=0.077
[train] 03:23<35:12:43, 0.013s/step step=   16000 episodes=   33 eps=0.985 replay= 13447 loss=nan ext100=0.019 total100=0.076
[train] 03:56<36:28:38, 0.013s/step step=   18000 episodes=   38 eps=0.983 replay= 15527 loss=nan ext100=0.016 total100=0.078
[eval] step=20000 episodes=42 mean_ext_return=0.000
[train] 04:43<39:13:50, 0.014s/step step=   20000 episodes=   42 eps=0.981 replay= 17191 loss=nan ext100=0.015 total100=0.075
[train] 05:21<40:26:51, 0.015s/step step=   22000 episodes=   46 eps=0.979 replay= 18855 loss=nan ext100=0.014 total100=0.076
[train] 05:59<41:29:03, 0.015s/step step=   24000 episodes=   50 eps=0.977 replay= 20519 loss=nan ext100=0.013 total100=0.082
[train] 06:41<42:45:06, 0.015s/step step=   26000 episodes=   54 eps=0.975 replay= 22183 loss=nan ext100=0.012 total100=0.082
[train] 07:28<44:24:18, 0.016s/step step=   28000 episodes=   58 eps=0.973 replay= 23847 loss=nan ext100=0.011 total100=0.077
[train] 08:16<45:49:05, 0.017s/step step=   30000 episodes=   63 eps=0.972 replay= 25927 loss=nan ext100=0.010 total100=0.080
[train] 09:03<47:02:55, 0.017s/step step=   32000 episodes=   67 eps=0.970 replay= 27591 loss=nan ext100=0.009 total100=0.079
[train] 09:51<48:07:50, 0.017s/step step=   34000 episodes=   71 eps=0.968 replay= 29255 loss=nan ext100=0.009 total100=0.083
[train] 10:38<49:05:42, 0.018s/step step=   36000 episodes=   75 eps=0.966 replay= 30919 loss=nan ext100=0.008 total100=0.086
[train] 11:25<49:57:11, 0.018s/step step=   38000 episodes=   79 eps=0.964 replay= 32583 loss=nan ext100=0.008 total100=0.088
[eval] step=40000 episodes=83 mean_ext_return=0.000
[train] 12:25<51:32:50, 0.019s/step step=   40000 episodes=   83 eps=0.962 replay= 34247 loss=nan ext100=0.008 total100=0.088
[train] 13:12<52:12:30, 0.019s/step step=   42000 episodes=   88 eps=0.960 replay= 36327 loss=nan ext100=0.007 total100=0.090
[train] 14:00<52:48:30, 0.019s/step step=   44000 episodes=   92 eps=0.958 replay= 37991 loss=nan ext100=0.007 total100=0.088
[train] 14:47<53:21:00, 0.019s/step step=   46000 episodes=   96 eps=0.956 replay= 39655 loss=nan ext100=0.007 total100=0.089
[train] 15:36<53:54:46, 0.020s/step step=   48000 episodes=  100 eps=0.954 replay= 39655 loss=nan ext100=0.006 total100=0.088
[train] 16:25<54:30:12, 0.020s/step step=   50000 episodes=  104 eps=0.953 replay= 39655 loss=0.00129 ext100=0.006 total100=0.089
[train] 17:51<56:56:29, 0.021s/step step=   52000 episodes=  108 eps=0.951 replay= 39936 loss=0.00029 ext100=0.006 total100=0.093
[train] 19:17<59:13:23, 0.021s/step step=   54000 episodes=  113 eps=0.949 replay= 39936 loss=0.00059 ext100=0.000 total100=0.090
[train] 20:45<61:27:27, 0.022s/step step=   56000 episodes=  117 eps=0.947 replay= 39936 loss=0.00039 ext100=0.000 total100=0.090
[train] 22:16<63:39:35, 0.023s/step step=   58000 episodes=  121 eps=0.945 replay= 39936 loss=0.00022 ext100=0.000 total100=0.090
[eval] step=60000 episodes=125 mean_ext_return=0.000
[train] 24:03<66:26:46, 0.024s/step step=   60000 episodes=  125 eps=0.943 replay= 39936 loss=0.00021 ext100=0.000 total100=0.089
[train] 25:39<68:31:52, 0.025s/step step=   62000 episodes=  129 eps=0.941 replay= 39936 loss=0.00021 ext100=0.000 total100=0.090
[train] 27:16<70:33:50, 0.026s/step step=   64000 episodes=  133 eps=0.939 replay= 39936 loss=0.00021 ext100=0.000 total100=0.091
[train] 28:53<72:29:48, 0.026s/step step=   66000 episodes=  138 eps=0.937 replay= 39936 loss=0.00016 ext100=0.000 total100=0.088
[train] 30:35<74:28:01, 0.027s/step step=   68000 episodes=  142 eps=0.935 replay= 39936 loss=0.00014 ext100=0.000 total100=0.088
[train] 32:17<76:20:31, 0.028s/step step=   70000 episodes=  146 eps=0.933 replay= 39936 loss=0.00012 ext100=0.000 total100=0.088
[train] 33:58<78:05:41, 0.028s/step step=   72000 episodes=  150 eps=0.932 replay= 39936 loss=0.00013 ext100=0.000 total100=0.086
[train] 35:40<79:46:19, 0.029s/step step=   74000 episodes=  154 eps=0.930 replay= 39936 loss=0.00014 ext100=0.000 total100=0.085
[train] 37:21<81:19:09, 0.029s/step step=   76000 episodes=  158 eps=0.928 replay= 39936 loss=0.00011 ext100=0.000 total100=0.088
[train] 39:03<82:48:53, 0.030s/step step=   78000 episodes=  163 eps=0.926 replay= 39936 loss=0.00010 ext100=0.000 total100=0.089
[eval] step=80000 episodes=167 mean_ext_return=0.000
[train] 41:00<84:44:45, 0.031s/step step=   80000 episodes=  167 eps=0.924 replay= 39936 loss=0.00009 ext100=0.000 total100=0.092
[train] 42:42<86:05:03, 0.031s/step step=   82000 episodes=  171 eps=0.922 replay= 39936 loss=0.00011 ext100=0.000 total100=0.087
[train] 44:23<87:20:50, 0.032s/step step=   84000 episodes=  175 eps=0.920 replay= 39936 loss=0.00010 ext100=0.000 total100=0.084
[train] 46:05<88:33:21, 0.032s/step step=   86000 episodes=  179 eps=0.918 replay= 39936 loss=0.00011 ext100=0.000 total100=0.084
[train] 47:47<89:42:47, 0.033s/step step=   88000 episodes=  183 eps=0.916 replay= 39936 loss=0.00010 ext100=0.000 total100=0.083
[train] 49:29<90:49:51, 0.033s/step step=   90000 episodes=  188 eps=0.914 replay= 39936 loss=0.00011 ext100=0.000 total100=0.081
[train] 51:11<91:53:10, 0.033s/step step=   92000 episodes=  192 eps=0.913 replay= 39936 loss=0.00010 ext100=0.000 total100=0.082
[train] 52:53<92:54:33, 0.034s/step step=   94000 episodes=  196 eps=0.911 replay= 39936 loss=0.00009 ext100=0.000 total100=0.079
[train] 54:35<93:51:57, 0.034s/step step=   96000 episodes=  200 eps=0.909 replay= 39936 loss=0.00009 ext100=0.000 total100=0.081
[train] 56:17<94:48:02, 0.034s/step step=   98000 episodes=  204 eps=0.907 replay= 39936 loss=0.00015 ext100=0.000 total100=0.081
[eval] step=100000 episodes=208 mean_ext_return=0.000
[train] 58:14<96:06:05, 0.035s/step step=  100000 episodes=  208 eps=0.905 replay= 39936 loss=0.00011 ext100=0.000 total100=0.079
[train] 59:57<96:57:36, 0.035s/step step=  102000 episodes=  213 eps=0.903 replay= 39936 loss=0.00011 ext100=0.000 total100=0.078
[train] 1:01:38<97:45:59, 0.036s/step step=  104000 episodes=  217 eps=0.901 replay= 39936 loss=0.00010 ext100=0.000 total100=0.078
[train] 1:03:20<98:32:35, 0.036s/step step=  106000 episodes=  221 eps=0.899 replay= 39936 loss=0.00014 ext100=0.000 total100=0.080
[train] 1:05:02<99:17:17, 0.036s/step step=  108000 episodes=  225 eps=0.897 replay= 39936 loss=0.00011 ext100=0.000 total100=0.081
[train] 1:06:44<100:01:22, 0.036s/step step=  110000 episodes=  229 eps=0.895 replay= 39936 loss=0.00010 ext100=0.000 total100=0.078
[train] 1:08:26<100:42:59, 0.037s/step step=  112000 episodes=  233 eps=0.894 replay= 39936 loss=0.00013 ext100=0.000 total100=0.076
[train] 1:10:09<101:23:44, 0.037s/step step=  114000 episodes=  238 eps=0.892 replay= 39936 loss=0.00011 ext100=0.000 total100=0.080
[train] 1:11:50<102:01:56, 0.037s/step step=  116000 episodes=  242 eps=0.890 replay= 39936 loss=0.00011 ext100=0.000 total100=0.082
[train] 1:13:33<102:39:31, 0.037s/step step=  118000 episodes=  246 eps=0.888 replay= 39936 loss=0.00013 ext100=0.000 total100=0.081
[eval] step=120000 episodes=250 mean_ext_return=0.000
[train] 1:15:30<103:36:13, 0.038s/step step=  120000 episodes=  250 eps=0.886 replay= 39936 loss=0.00011 ext100=0.000 total100=0.082
[train] 1:17:12<104:11:10, 0.038s/step step=  122000 episodes=  254 eps=0.884 replay= 39936 loss=0.00011 ext100=0.000 total100=0.084
[train] 1:18:54<104:44:22, 0.038s/step step=  124000 episodes=  258 eps=0.882 replay= 39936 loss=0.00011 ext100=0.000 total100=0.085
[train] 1:20:36<105:16:35, 0.038s/step step=  126000 episodes=  263 eps=0.880 replay= 39936 loss=0.00011 ext100=0.000 total100=0.083
[train] 1:22:18<105:47:29, 0.039s/step step=  128000 episodes=  267 eps=0.878 replay= 39936 loss=0.00010 ext100=0.000 total100=0.082
[train] 1:24:00<106:18:06, 0.039s/step step=  130000 episodes=  271 eps=0.877 replay= 39936 loss=0.00013 ext100=0.000 total100=0.087
[train] 1:25:42<106:47:19, 0.039s/step step=  132000 episodes=  275 eps=0.875 replay= 39936 loss=0.00012 ext100=0.000 total100=0.089
[train] 1:27:24<107:16:09, 0.039s/step step=  134000 episodes=  279 eps=0.873 replay= 39936 loss=0.00009 ext100=0.000 total100=0.088
[train] 1:29:06<107:43:09, 0.039s/step step=  136000 episodes=  283 eps=0.871 replay= 39936 loss=0.00011 ext100=0.000 total100=0.091
[train] 1:30:48<108:09:55, 0.039s/step step=  138000 episodes=  288 eps=0.869 replay= 39936 loss=0.00010 ext100=0.000 total100=0.092
[eval] step=140000 episodes=292 mean_ext_return=0.000
[train] 1:32:46<108:53:38, 0.040s/step step=  140000 episodes=  292 eps=0.867 replay= 39936 loss=0.00011 ext100=0.000 total100=0.097
[train] 1:34:28<109:18:45, 0.040s/step step=  142000 episodes=  296 eps=0.865 replay= 39936 loss=0.00011 ext100=0.000 total100=0.101
[train] 1:36:10<109:42:45, 0.040s/step step=  144000 episodes=  300 eps=0.863 replay= 39936 loss=0.00011 ext100=0.000 total100=0.099
[train] 1:37:52<110:05:58, 0.040s/step step=  146000 episodes=  304 eps=0.861 replay= 39936 loss=0.00015 ext100=0.000 total100=0.102
[train] 1:39:34<110:28:32, 0.040s/step step=  148000 episodes=  308 eps=0.859 replay= 39936 loss=0.00012 ext100=0.000 total100=0.102
[train] 1:41:17<110:51:01, 0.041s/step step=  150000 episodes=  313 eps=0.858 replay= 39936 loss=0.00012 ext100=0.000 total100=0.104
[train] 1:42:59<111:12:17, 0.041s/step step=  152000 episodes=  317 eps=0.856 replay= 39936 loss=0.00013 ext100=0.000 total100=0.105
[train] 1:44:41<111:33:35, 0.041s/step step=  154000 episodes=  321 eps=0.854 replay= 39936 loss=0.00015 ext100=0.000 total100=0.106
[train] 1:46:23<111:53:16, 0.041s/step step=  156000 episodes=  325 eps=0.852 replay= 39936 loss=0.00012 ext100=0.000 total100=0.107
[train] 1:48:05<112:13:03, 0.041s/step step=  158000 episodes=  329 eps=0.850 replay= 39936 loss=0.00010 ext100=0.000 total100=0.108
[eval] step=160000 episodes=333 mean_ext_return=0.000
[train] 1:50:02<112:47:41, 0.041s/step step=  160000 episodes=  333 eps=0.848 replay= 39936 loss=0.00012 ext100=0.000 total100=0.108
[train] 1:51:45<113:06:35, 0.041s/step step=  162000 episodes=  338 eps=0.846 replay= 39936 loss=0.00014 ext100=0.000 total100=0.109
[train] 1:53:27<113:24:28, 0.042s/step step=  164000 episodes=  342 eps=0.844 replay= 39936 loss=0.00010 ext100=0.000 total100=0.106
[train] 1:55:09<113:41:45, 0.042s/step step=  166000 episodes=  346 eps=0.842 replay= 39936 loss=0.00011 ext100=0.000 total100=0.106
[train] 1:56:51<113:58:43, 0.042s/step step=  168000 episodes=  350 eps=0.840 replay= 39936 loss=0.00013 ext100=0.000 total100=0.105
[train] 1:58:33<114:15:37, 0.042s/step step=  170000 episodes=  354 eps=0.839 replay= 39936 loss=0.00015 ext100=0.000 total100=0.105
[train] 2:00:15<114:31:41, 0.042s/step step=  172000 episodes=  358 eps=0.837 replay= 39936 loss=0.00011 ext100=0.000 total100=0.105
[train] 2:01:58<114:47:48, 0.042s/step step=  174000 episodes=  363 eps=0.835 replay= 39936 loss=0.00013 ext100=0.000 total100=0.104
[train] 2:03:40<115:02:53, 0.042s/step step=  176000 episodes=  367 eps=0.833 replay= 39936 loss=0.00012 ext100=0.000 total100=0.105
[train] 2:05:22<115:17:47, 0.042s/step step=  178000 episodes=  371 eps=0.831 replay= 39936 loss=0.00018 ext100=0.000 total100=0.103
[eval] step=180000 episodes=375 mean_ext_return=0.000
[train] 2:07:19<115:46:09, 0.042s/step step=  180000 episodes=  375 eps=0.829 replay= 39936 loss=0.00012 ext100=0.000 total100=0.102
[train] 2:09:01<116:00:39, 0.043s/step step=  182000 episodes=  379 eps=0.827 replay= 39936 loss=0.00013 ext100=0.000 total100=0.102
[train] 2:10:43<116:14:14, 0.043s/step step=  184000 episodes=  383 eps=0.825 replay= 39936 loss=0.00010 ext100=0.000 total100=0.101
[train] 2:12:25<116:27:36, 0.043s/step step=  186000 episodes=  388 eps=0.823 replay= 39936 loss=0.00018 ext100=0.000 total100=0.100
[train] 2:14:07<116:40:34, 0.043s/step step=  188000 episodes=  392 eps=0.821 replay= 39936 loss=0.00013 ext100=0.000 total100=0.096
[train] 2:15:50<116:53:43, 0.043s/step step=  190000 episodes=  396 eps=0.820 replay= 39936 loss=0.00014 ext100=0.000 total100=0.094
[train] 2:17:32<117:06:08, 0.043s/step step=  192000 episodes=  400 eps=0.818 replay= 39936 loss=0.00015 ext100=0.000 total100=0.097
[train] 2:19:15<117:18:42, 0.043s/step step=  194000 episodes=  404 eps=0.816 replay= 39936 loss=0.00016 ext100=0.000 total100=0.095
[train] 2:20:57<117:30:23, 0.043s/step step=  196000 episodes=  408 eps=0.814 replay= 39936 loss=0.00014 ext100=0.000 total100=0.097
[train] 2:22:39<117:42:10, 0.043s/step step=  198000 episodes=  413 eps=0.812 replay= 39936 loss=0.00014 ext100=0.000 total100=0.098
[eval] step=200000 episodes=417 mean_ext_return=0.000
[train] 2:24:36<118:05:52, 0.043s/step step=  200000 episodes=  417 eps=0.810 replay= 39936 loss=0.00014 ext100=0.000 total100=0.097
[train] 2:26:19<118:17:17, 0.043s/step step=  202000 episodes=  421 eps=0.808 replay= 39936 loss=0.00014 ext100=0.000 total100=0.098
[train] 2:28:01<118:27:56, 0.044s/step step=  204000 episodes=  425 eps=0.806 replay= 39936 loss=0.00011 ext100=0.000 total100=0.099
[train] 2:29:43<118:38:26, 0.044s/step step=  206000 episodes=  429 eps=0.804 replay= 39936 loss=0.00014 ext100=0.000 total100=0.099
[train] 2:31:25<118:48:43, 0.044s/step step=  208000 episodes=  433 eps=0.802 replay= 39936 loss=0.00013 ext100=0.000 total100=0.100
[train] 2:33:08<118:59:06, 0.044s/step step=  210000 episodes=  438 eps=0.800 replay= 39936 loss=0.00013 ext100=0.000 total100=0.102
[train] 2:34:50<119:08:46, 0.044s/step step=  212000 episodes=  442 eps=0.799 replay= 39936 loss=0.00014 ext100=0.000 total100=0.103
[train] 2:36:32<119:18:44, 0.044s/step step=  214000 episodes=  446 eps=0.797 replay= 39936 loss=0.00011 ext100=0.000 total100=0.101
[train] 2:38:14<119:27:59, 0.044s/step step=  216000 episodes=  450 eps=0.795 replay= 39936 loss=0.00010 ext100=0.000 total100=0.102
[train] 2:39:57<119:37:17, 0.044s/step step=  218000 episodes=  454 eps=0.793 replay= 39936 loss=0.00014 ext100=0.000 total100=0.106
[eval] step=220000 episodes=458 mean_ext_return=0.000
[train] 2:41:54<119:57:31, 0.044s/step step=  220000 episodes=  458 eps=0.791 replay= 39936 loss=0.00011 ext100=0.000 total100=0.105
[train] 2:43:37<120:06:31, 0.044s/step step=  222000 episodes=  463 eps=0.789 replay= 39936 loss=0.00014 ext100=0.000 total100=0.103
[train] 2:45:19<120:14:56, 0.044s/step step=  224000 episodes=  467 eps=0.787 replay= 39936 loss=0.00012 ext100=0.000 total100=0.103
[train] 2:47:01<120:23:16, 0.044s/step step=  226000 episodes=  471 eps=0.785 replay= 39936 loss=0.00015 ext100=0.000 total100=0.102
[train] 2:48:43<120:31:24, 0.044s/step step=  228000 episodes=  475 eps=0.783 replay= 39936 loss=0.00013 ext100=0.000 total100=0.104
[train] 2:50:25<120:39:36, 0.044s/step step=  230000 episodes=  479 eps=0.781 replay= 39936 loss=0.00012 ext100=0.000 total100=0.105
[train] 2:52:08<120:47:25, 0.045s/step step=  232000 episodes=  483 eps=0.780 replay= 39936 loss=0.00014 ext100=0.000 total100=0.106
[train] 2:53:50<120:55:18, 0.045s/step step=  234000 episodes=  488 eps=0.778 replay= 39936 loss=0.00014 ext100=0.000 total100=0.106
[train] 2:55:32<121:02:43, 0.045s/step step=  236000 episodes=  492 eps=0.776 replay= 39936 loss=0.00011 ext100=0.000 total100=0.107
[train] 2:57:14<121:10:07, 0.045s/step step=  238000 episodes=  496 eps=0.774 replay= 39936 loss=0.00013 ext100=0.000 total100=0.103
[eval] step=240000 episodes=500 mean_ext_return=0.000
[train] 2:59:11<121:27:26, 0.045s/step step=  240000 episodes=  500 eps=0.772 replay= 39936 loss=0.00014 ext100=0.000 total100=0.103
[train] 3:00:54<121:34:40, 0.045s/step step=  242000 episodes=  504 eps=0.770 replay= 39936 loss=0.00018 ext100=0.000 total100=0.105
[train] 3:02:36<121:41:22, 0.045s/step step=  244000 episodes=  508 eps=0.768 replay= 39936 loss=0.00017 ext100=0.000 total100=0.106
[train] 3:04:18<121:47:58, 0.045s/step step=  246000 episodes=  513 eps=0.766 replay= 39936 loss=0.00015 ext100=0.000 total100=0.103
[train] 3:06:00<121:54:32, 0.045s/step step=  248000 episodes=  517 eps=0.764 replay= 39936 loss=0.00014 ext100=0.000 total100=0.101
[train] 3:07:43<122:01:13, 0.045s/step step=  250000 episodes=  521 eps=0.762 replay= 39936 loss=0.00020 ext100=0.000 total100=0.101
[train] 3:09:25<122:07:31, 0.045s/step step=  252000 episodes=  525 eps=0.761 replay= 39936 loss=0.00015 ext100=0.000 total100=0.101
[train] 3:11:08<122:13:56, 0.045s/step step=  254000 episodes=  529 eps=0.759 replay= 39936 loss=0.00014 ext100=0.000 total100=0.102
[train] 3:12:50<122:19:55, 0.045s/step step=  256000 episodes=  533 eps=0.757 replay= 39936 loss=0.00013 ext100=0.000 total100=0.103
[train] 3:14:32<122:25:55, 0.045s/step step=  258000 episodes=  538 eps=0.755 replay= 39936 loss=0.00018 ext100=0.000 total100=0.100
[eval] step=260000 episodes=542 mean_ext_return=0.000
[train] 3:16:29<122:41:07, 0.045s/step step=  260000 episodes=  542 eps=0.753 replay= 39936 loss=0.00015 ext100=0.000 total100=0.101
[train] 3:18:12<122:46:59, 0.045s/step step=  262000 episodes=  546 eps=0.751 replay= 39936 loss=0.00014 ext100=0.000 total100=0.105
[train] 3:19:54<122:52:26, 0.045s/step step=  264000 episodes=  550 eps=0.749 replay= 39936 loss=0.00014 ext100=0.000 total100=0.106
[train] 3:21:36<122:57:46, 0.045s/step step=  266000 episodes=  554 eps=0.747 replay= 39936 loss=0.00018 ext100=0.000 total100=0.101
[train] 3:23:19<123:03:07, 0.046s/step step=  268000 episodes=  558 eps=0.745 replay= 39936 loss=0.00016 ext100=0.000 total100=0.102
[train] 3:25:01<123:08:33, 0.046s/step step=  270000 episodes=  563 eps=0.744 replay= 39936 loss=0.00016 ext100=0.000 total100=0.102
[train] 3:26:43<123:13:35, 0.046s/step step=  272000 episodes=  567 eps=0.742 replay= 39936 loss=0.00013 ext100=0.000 total100=0.104
[train] 3:28:26<123:18:48, 0.046s/step step=  274000 episodes=  571 eps=0.740 replay= 39936 loss=0.00016 ext100=0.000 total100=0.104
[train] 3:30:08<123:23:42, 0.046s/step step=  276000 episodes=  575 eps=0.738 replay= 39936 loss=0.00014 ext100=0.000 total100=0.101
[train] 3:31:50<123:28:32, 0.046s/step step=  278000 episodes=  579 eps=0.736 replay= 39936 loss=0.00014 ext100=0.000 total100=0.101
[eval] step=280000 episodes=583 mean_ext_return=0.000
[train] 3:33:48<123:42:04, 0.046s/step step=  280000 episodes=  583 eps=0.734 replay= 39936 loss=0.00014 ext100=0.000 total100=0.104
[train] 3:35:30<123:46:53, 0.046s/step step=  282000 episodes=  588 eps=0.732 replay= 39936 loss=0.00020 ext100=0.000 total100=0.104
[train] 3:37:13<123:51:21, 0.046s/step step=  284000 episodes=  592 eps=0.730 replay= 39936 loss=0.00016 ext100=0.000 total100=0.106
[train] 3:38:55<123:55:43, 0.046s/step step=  286000 episodes=  596 eps=0.728 replay= 39936 loss=0.00018 ext100=0.000 total100=0.112
[train] 3:40:37<124:00:00, 0.046s/step step=  288000 episodes=  600 eps=0.726 replay= 39936 loss=0.00014 ext100=0.000 total100=0.110
[train] 3:42:20<124:04:29, 0.046s/step step=  290000 episodes=  604 eps=0.725 replay= 39936 loss=0.00020 ext100=0.000 total100=0.112
[train] 3:44:02<124:08:38, 0.046s/step step=  292000 episodes=  608 eps=0.723 replay= 39936 loss=0.00016 ext100=0.000 total100=0.111
[train] 3:45:45<124:12:56, 0.046s/step step=  294000 episodes=  613 eps=0.721 replay= 39936 loss=0.00015 ext100=0.000 total100=0.112
[train] 3:47:27<124:16:50, 0.046s/step step=  296000 episodes=  617 eps=0.719 replay= 39936 loss=0.00014 ext100=0.000 total100=0.112
[train] 3:49:09<124:20:45, 0.046s/step step=  298000 episodes=  621 eps=0.717 replay= 39936 loss=0.00017 ext100=0.000 total100=0.108
[eval] step=300000 episodes=625 mean_ext_return=0.000
[train] 3:51:06<124:32:44, 0.046s/step step=  300000 episodes=  625 eps=0.715 replay= 39936 loss=0.00013 ext100=0.000 total100=0.109
[train] 3:52:49<124:36:44, 0.046s/step step=  302000 episodes=  629 eps=0.713 replay= 39936 loss=0.00015 ext100=0.000 total100=0.109
[train] 3:54:31<124:40:20, 0.046s/step step=  304000 episodes=  633 eps=0.711 replay= 39936 loss=0.00013 ext100=0.000 total100=0.109
[train] 3:56:14<124:43:57, 0.046s/step step=  306000 episodes=  638 eps=0.709 replay= 39936 loss=0.00018 ext100=0.000 total100=0.107
[train] 3:57:56<124:47:28, 0.046s/step step=  308000 episodes=  642 eps=0.707 replay= 39936 loss=0.00014 ext100=0.000 total100=0.108
[train] 3:59:39<124:51:04, 0.046s/step step=  310000 episodes=  646 eps=0.706 replay= 39936 loss=0.00011 ext100=0.000 total100=0.106
[train] 4:01:21<124:54:25, 0.046s/step step=  312000 episodes=  650 eps=0.704 replay= 39936 loss=0.00014 ext100=0.000 total100=0.106
[train] 4:03:04<124:57:59, 0.046s/step step=  314000 episodes=  654 eps=0.702 replay= 39936 loss=0.00017 ext100=0.000 total100=0.107
[train] 4:04:46<125:01:14, 0.046s/step step=  316000 episodes=  658 eps=0.700 replay= 39936 loss=0.00013 ext100=0.000 total100=0.104
[train] 4:06:28<125:04:29, 0.047s/step step=  318000 episodes=  663 eps=0.698 replay= 39936 loss=0.00014 ext100=0.000 total100=0.105
[eval] step=320000 episodes=667 mean_ext_return=0.000
[train] 4:08:26<125:15:15, 0.047s/step step=  320000 episodes=  667 eps=0.696 replay= 39936 loss=0.00013 ext100=0.000 total100=0.103
[train] 4:10:08<125:18:26, 0.047s/step step=  322000 episodes=  671 eps=0.694 replay= 39936 loss=0.00017 ext100=0.000 total100=0.104
[train] 4:11:51<125:21:22, 0.047s/step step=  324000 episodes=  675 eps=0.692 replay= 39936 loss=0.00013 ext100=0.000 total100=0.106
[train] 4:13:33<125:24:17, 0.047s/step step=  326000 episodes=  679 eps=0.690 replay= 39936 loss=0.00013 ext100=0.000 total100=0.106
[train] 4:15:15<125:27:08, 0.047s/step step=  328000 episodes=  683 eps=0.688 replay= 39936 loss=0.00014 ext100=0.000 total100=0.103
[train] 4:16:58<125:30:08, 0.047s/step step=  330000 episodes=  688 eps=0.686 replay= 39936 loss=0.00022 ext100=0.000 total100=0.102
[train] 4:18:40<125:32:51, 0.047s/step step=  332000 episodes=  692 eps=0.685 replay= 39936 loss=0.00013 ext100=0.000 total100=0.100
[train] 4:20:23<125:35:42, 0.047s/step step=  334000 episodes=  696 eps=0.683 replay= 39936 loss=0.00013 ext100=0.000 total100=0.099
[train] 4:22:05<125:38:22, 0.047s/step step=  336000 episodes=  700 eps=0.681 replay= 39936 loss=0.00015 ext100=0.000 total100=0.103
[train] 4:23:48<125:40:56, 0.047s/step step=  338000 episodes=  704 eps=0.679 replay= 39936 loss=0.00016 ext100=0.000 total100=0.099
[eval] step=340000 episodes=708 mean_ext_return=0.000
[train] 4:25:45<125:50:39, 0.047s/step step=  340000 episodes=  708 eps=0.677 replay= 39936 loss=0.00014 ext100=0.000 total100=0.100
[train] 4:27:28<125:53:17, 0.047s/step step=  342000 episodes=  713 eps=0.675 replay= 39936 loss=0.00012 ext100=0.000 total100=0.099
[train] 4:29:10<125:55:40, 0.047s/step step=  344000 episodes=  717 eps=0.673 replay= 39936 loss=0.00013 ext100=0.000 total100=0.102
[train] 4:30:52<125:57:59, 0.047s/step step=  346000 episodes=  721 eps=0.671 replay= 39848 loss=0.00019 ext100=0.003 total100=0.108
[train] 4:32:34<126:00:15, 0.047s/step step=  348000 episodes=  725 eps=0.669 replay= 39848 loss=0.00014 ext100=0.003 total100=0.105
[train] 4:34:17<126:02:40, 0.047s/step step=  350000 episodes=  729 eps=0.667 replay= 39848 loss=0.00012 ext100=0.003 total100=0.104
[train] 4:35:59<126:04:54, 0.047s/step step=  352000 episodes=  734 eps=0.666 replay= 39848 loss=0.00011 ext100=0.003 total100=0.102
[train] 4:37:42<126:07:19, 0.047s/step step=  354000 episodes=  738 eps=0.664 replay= 39848 loss=0.00014 ext100=0.003 total100=0.102
[train] 4:39:25<126:09:25, 0.047s/step step=  356000 episodes=  742 eps=0.662 replay= 39848 loss=0.00013 ext100=0.003 total100=0.100
[train] 4:41:07<126:11:31, 0.047s/step step=  358000 episodes=  746 eps=0.660 replay= 39848 loss=0.00012 ext100=0.003 total100=0.098
[eval] step=360000 episodes=750 mean_ext_return=0.000
[train] 4:43:05<126:20:24, 0.047s/step step=  360000 episodes=  750 eps=0.658 replay= 39848 loss=0.00013 ext100=0.003 total100=0.097
[train] 4:44:47<126:22:34, 0.047s/step step=  362000 episodes=  754 eps=0.656 replay= 39848 loss=0.00015 ext100=0.003 total100=0.096
[train] 4:46:30<126:24:30, 0.047s/step step=  364000 episodes=  759 eps=0.654 replay= 39848 loss=0.00014 ext100=0.003 total100=0.100
[train] 4:48:12<126:26:26, 0.047s/step step=  366000 episodes=  763 eps=0.652 replay= 39848 loss=0.00014 ext100=0.003 total100=0.099
[train] 4:49:55<126:28:17, 0.047s/step step=  368000 episodes=  767 eps=0.650 replay= 39848 loss=0.00014 ext100=0.003 total100=0.101
[train] 4:51:38<126:30:21, 0.047s/step step=  370000 episodes=  771 eps=0.649 replay= 39848 loss=0.00019 ext100=0.003 total100=0.099
[train] 4:53:20<126:32:09, 0.047s/step step=  372000 episodes=  775 eps=0.647 replay= 39848 loss=0.00013 ext100=0.003 total100=0.098
[train] 4:55:03<126:34:06, 0.047s/step step=  374000 episodes=  779 eps=0.645 replay= 39848 loss=0.00013 ext100=0.003 total100=0.096
[train] 4:56:45<126:35:47, 0.047s/step step=  376000 episodes=  784 eps=0.643 replay= 39848 loss=0.00015 ext100=0.003 total100=0.098
[train] 4:58:27<126:37:24, 0.047s/step step=  378000 episodes=  788 eps=0.641 replay= 39848 loss=0.00018 ext100=0.003 total100=0.098
[eval] step=380000 episodes=792 mean_ext_return=0.000
[train] 5:00:25<126:45:24, 0.047s/step step=  380000 episodes=  792 eps=0.639 replay= 39848 loss=0.00012 ext100=0.003 total100=0.098
[train] 5:02:08<126:47:09, 0.047s/step step=  382000 episodes=  796 eps=0.637 replay= 39848 loss=0.00015 ext100=0.003 total100=0.099
[train] 5:03:50<126:48:39, 0.047s/step step=  384000 episodes=  800 eps=0.635 replay= 39848 loss=0.00014 ext100=0.003 total100=0.096
[train] 5:05:32<126:50:06, 0.047s/step step=  386000 episodes=  804 eps=0.633 replay= 39848 loss=0.00017 ext100=0.003 total100=0.096
[train] 5:07:15<126:51:35, 0.048s/step step=  388000 episodes=  809 eps=0.631 replay= 39848 loss=0.00012 ext100=0.003 total100=0.095
[train] 5:08:57<126:53:13, 0.048s/step step=  390000 episodes=  813 eps=0.629 replay= 39848 loss=0.00015 ext100=0.003 total100=0.096
[train] 5:10:40<126:54:36, 0.048s/step step=  392000 episodes=  817 eps=0.628 replay= 39936 loss=0.00013 ext100=0.003 total100=0.093
[train] 5:12:23<126:56:11, 0.048s/step step=  394000 episodes=  821 eps=0.626 replay= 39936 loss=0.00021 ext100=0.000 total100=0.089
[train] 5:14:05<126:57:33, 0.048s/step step=  396000 episodes=  825 eps=0.624 replay= 39936 loss=0.00012 ext100=0.000 total100=0.093
[train] 5:15:47<126:58:49, 0.048s/step step=  398000 episodes=  829 eps=0.622 replay= 39936 loss=0.00012 ext100=0.000 total100=0.091
[eval] step=400000 episodes=834 mean_ext_return=0.000
[train] 5:17:45<127:06:10, 0.048s/step step=  400000 episodes=  834 eps=0.620 replay= 39936 loss=0.00013 ext100=0.000 total100=0.094
[train] 5:19:28<127:07:37, 0.048s/step step=  402000 episodes=  838 eps=0.618 replay= 39936 loss=0.00018 ext100=0.000 total100=0.097
[train] 5:21:10<127:08:51, 0.048s/step step=  404000 episodes=  842 eps=0.616 replay= 39936 loss=0.00013 ext100=0.000 total100=0.098
[train] 5:22:53<127:09:59, 0.048s/step step=  406000 episodes=  846 eps=0.614 replay= 39936 loss=0.00010 ext100=0.000 total100=0.103
[train] 5:24:35<127:11:07, 0.048s/step step=  408000 episodes=  850 eps=0.612 replay= 39936 loss=0.00010 ext100=0.000 total100=0.104
[train] 5:26:18<127:12:26, 0.048s/step step=  410000 episodes=  854 eps=0.611 replay= 39936 loss=0.00023 ext100=0.000 total100=0.104
[train] 5:28:00<127:13:31, 0.048s/step step=  412000 episodes=  859 eps=0.609 replay= 39936 loss=0.00013 ext100=0.000 total100=0.103
[train] 5:29:43<127:14:46, 0.048s/step step=  414000 episodes=  863 eps=0.607 replay= 39936 loss=0.00012 ext100=0.000 total100=0.104
[train] 5:31:26<127:15:47, 0.048s/step step=  416000 episodes=  867 eps=0.605 replay= 39936 loss=0.00011 ext100=0.000 total100=0.104
[train] 5:33:08<127:16:48, 0.048s/step step=  418000 episodes=  871 eps=0.603 replay= 39936 loss=0.00019 ext100=0.000 total100=0.104
[eval] step=420000 episodes=875 mean_ext_return=0.000
[train] 5:35:06<127:23:34, 0.048s/step step=  420000 episodes=  875 eps=0.601 replay= 39936 loss=0.00011 ext100=0.000 total100=0.104
[train] 5:36:49<127:24:41, 0.048s/step step=  422000 episodes=  879 eps=0.599 replay= 39936 loss=0.00012 ext100=0.000 total100=0.104
[train] 5:38:31<127:25:34, 0.048s/step step=  424000 episodes=  884 eps=0.597 replay= 39936 loss=0.00012 ext100=0.000 total100=0.102
[train] 5:40:13<127:26:25, 0.048s/step step=  426000 episodes=  888 eps=0.595 replay= 39936 loss=0.00030 ext100=0.000 total100=0.103
[train] 5:41:56<127:27:15, 0.048s/step step=  428000 episodes=  892 eps=0.593 replay= 39936 loss=0.00012 ext100=0.000 total100=0.105
[train] 5:43:39<127:28:14, 0.048s/step step=  430000 episodes=  896 eps=0.592 replay= 39936 loss=0.00012 ext100=0.000 total100=0.105
[train] 5:45:21<127:29:02, 0.048s/step step=  432000 episodes=  900 eps=0.590 replay= 39936 loss=0.00011 ext100=0.000 total100=0.108
[train] 5:47:04<127:29:59, 0.048s/step step=  434000 episodes=  904 eps=0.588 replay= 39936 loss=0.00021 ext100=0.000 total100=0.109
[train] 5:48:46<127:30:45, 0.048s/step step=  436000 episodes=  909 eps=0.586 replay= 39936 loss=0.00013 ext100=0.000 total100=0.111
[train] 5:50:29<127:31:30, 0.048s/step step=  438000 episodes=  913 eps=0.584 replay= 39936 loss=0.00012 ext100=0.000 total100=0.111
[eval] step=440000 episodes=917 mean_ext_return=0.000
[train] 5:52:26<127:37:43, 0.048s/step step=  440000 episodes=  917 eps=0.582 replay= 39936 loss=0.00012 ext100=0.000 total100=0.112
[train] 5:54:09<127:38:33, 0.048s/step step=  442000 episodes=  921 eps=0.580 replay= 39936 loss=0.00027 ext100=0.000 total100=0.113
[train] 5:55:52<127:39:10, 0.048s/step step=  444000 episodes=  925 eps=0.578 replay= 39936 loss=0.00011 ext100=0.000 total100=0.109
[train] 5:57:34<127:39:48, 0.048s/step step=  446000 episodes=  929 eps=0.576 replay= 39936 loss=0.00011 ext100=0.000 total100=0.112
[train] 5:59:17<127:40:27, 0.048s/step step=  448000 episodes=  934 eps=0.574 replay= 39936 loss=0.00010 ext100=0.000 total100=0.109
[train] 6:00:59<127:41:13, 0.048s/step step=  450000 episodes=  938 eps=0.573 replay= 39936 loss=0.00024 ext100=0.000 total100=0.110
[train] 6:02:42<127:41:46, 0.048s/step step=  452000 episodes=  942 eps=0.571 replay= 39936 loss=0.00014 ext100=0.000 total100=0.110
[train] 6:04:25<127:42:29, 0.048s/step step=  454000 episodes=  946 eps=0.569 replay= 39936 loss=0.00011 ext100=0.000 total100=0.108
[train] 6:06:07<127:43:01, 0.048s/step step=  456000 episodes=  950 eps=0.567 replay= 39936 loss=0.00011 ext100=0.000 total100=0.107
[train] 6:07:50<127:43:33, 0.048s/step step=  458000 episodes=  954 eps=0.565 replay= 39936 loss=0.00024 ext100=0.000 total100=0.109
[eval] step=460000 episodes=959 mean_ext_return=0.000
[train] 6:09:48<127:49:20, 0.048s/step step=  460000 episodes=  959 eps=0.563 replay= 39936 loss=0.00013 ext100=0.000 total100=0.110
[train] 6:11:30<127:49:55, 0.048s/step step=  462000 episodes=  963 eps=0.561 replay= 39936 loss=0.00011 ext100=0.000 total100=0.111
[train] 6:13:13<127:50:20, 0.048s/step step=  464000 episodes=  967 eps=0.559 replay= 39936 loss=0.00011 ext100=0.000 total100=0.112
[train] 6:14:55<127:50:47, 0.048s/step step=  466000 episodes=  971 eps=0.557 replay= 39936 loss=0.00025 ext100=0.000 total100=0.115
[train] 6:16:38<127:51:11, 0.048s/step step=  468000 episodes=  975 eps=0.555 replay= 39936 loss=0.00010 ext100=0.000 total100=0.117
[train] 6:18:21<127:51:44, 0.048s/step step=  470000 episodes=  979 eps=0.554 replay= 39936 loss=0.00009 ext100=0.000 total100=0.117
[train] 6:20:04<127:52:14, 0.048s/step step=  472000 episodes=  984 eps=0.552 replay= 39936 loss=0.00011 ext100=0.000 total100=0.117
[train] 6:21:47<127:52:51, 0.048s/step step=  474000 episodes=  988 eps=0.550 replay= 39936 loss=0.00025 ext100=0.000 total100=0.115
[train] 6:23:30<127:53:18, 0.048s/step step=  476000 episodes=  992 eps=0.548 replay= 39936 loss=0.00010 ext100=0.000 total100=0.114
[train] 6:25:13<127:53:45, 0.048s/step step=  478000 episodes=  996 eps=0.546 replay= 39936 loss=0.00010 ext100=0.000 total100=0.111
[eval] step=480000 episodes=1000 mean_ext_return=0.000
[train] 6:27:11<127:59:11, 0.048s/step step=  480000 episodes= 1000 eps=0.544 replay= 39936 loss=0.00010 ext100=0.000 total100=0.109
[train] 6:28:54<127:59:39, 0.048s/step step=  482000 episodes= 1004 eps=0.542 replay= 39936 loss=0.00022 ext100=0.000 total100=0.107
[train] 6:30:37<128:00:03, 0.048s/step step=  484000 episodes= 1009 eps=0.540 replay= 39936 loss=0.00013 ext100=0.000 total100=0.104
[train] 6:32:20<128:00:24, 0.048s/step step=  486000 episodes= 1013 eps=0.538 replay= 39936 loss=0.00012 ext100=0.000 total100=0.102
[train] 6:34:02<128:00:43, 0.048s/step step=  488000 episodes= 1017 eps=0.536 replay= 39936 loss=0.00010 ext100=0.000 total100=0.104
[train] 6:35:46<128:01:09, 0.048s/step step=  490000 episodes= 1021 eps=0.534 replay= 39936 loss=0.00024 ext100=0.000 total100=0.104
[train] 6:37:28<128:01:25, 0.048s/step step=  492000 episodes= 1025 eps=0.533 replay= 39936 loss=0.00013 ext100=0.000 total100=0.105
[train] 6:39:12<128:01:48, 0.048s/step step=  494000 episodes= 1029 eps=0.531 replay= 39936 loss=0.00011 ext100=0.000 total100=0.105
[train] 6:40:54<128:02:03, 0.048s/step step=  496000 episodes= 1034 eps=0.529 replay= 39936 loss=0.00011 ext100=0.000 total100=0.108
[train] 6:42:37<128:02:16, 0.049s/step step=  498000 episodes= 1038 eps=0.527 replay= 39936 loss=0.00027 ext100=0.000 total100=0.104
[eval] step=500000 episodes=1042 mean_ext_return=0.000
[train] 6:44:35<128:07:18, 0.049s/step step=  500000 episodes= 1042 eps=0.525 replay= 39936 loss=0.00012 ext100=0.000 total100=0.107
[train] 6:46:18<128:07:37, 0.049s/step step=  502000 episodes= 1046 eps=0.523 replay= 39936 loss=0.00011 ext100=0.000 total100=0.105
[train] 6:48:01<128:07:46, 0.049s/step step=  504000 episodes= 1050 eps=0.521 replay= 39936 loss=0.00012 ext100=0.000 total100=0.105
[train] 6:49:44<128:07:53, 0.049s/step step=  506000 episodes= 1054 eps=0.519 replay= 39936 loss=0.00031 ext100=0.000 total100=0.106
[train] 6:51:27<128:08:03, 0.049s/step step=  508000 episodes= 1059 eps=0.517 replay= 39936 loss=0.00013 ext100=0.000 total100=0.105
[train] 6:53:10<128:08:19, 0.049s/step step=  510000 episodes= 1063 eps=0.516 replay= 39936 loss=0.00012 ext100=0.000 total100=0.104
[train] 6:54:53<128:08:24, 0.049s/step step=  512000 episodes= 1067 eps=0.514 replay= 39936 loss=0.00011 ext100=0.000 total100=0.099
[train] 6:56:36<128:08:37, 0.049s/step step=  514000 episodes= 1071 eps=0.512 replay= 39936 loss=0.00023 ext100=0.000 total100=0.096
[train] 6:58:19<128:08:41, 0.049s/step step=  516000 episodes= 1075 eps=0.510 replay= 39936 loss=0.00012 ext100=0.000 total100=0.097
[train] 7:00:02<128:08:45, 0.049s/step step=  518000 episodes= 1079 eps=0.508 replay= 39936 loss=0.00010 ext100=0.000 total100=0.098
[eval] step=520000 episodes=1084 mean_ext_return=0.000
[train] 7:02:00<128:13:26, 0.049s/step step=  520000 episodes= 1084 eps=0.506 replay= 39936 loss=0.00011 ext100=0.000 total100=0.098
[train] 7:03:43<128:13:33, 0.049s/step step=  522000 episodes= 1088 eps=0.504 replay= 39936 loss=0.00028 ext100=0.000 total100=0.097
[train] 7:05:26<128:13:35, 0.049s/step step=  524000 episodes= 1092 eps=0.502 replay= 39936 loss=0.00012 ext100=0.000 total100=0.096
[train] 7:07:09<128:13:34, 0.049s/step step=  526000 episodes= 1096 eps=0.500 replay= 39936 loss=0.00009 ext100=0.000 total100=0.097
[train] 7:08:51<128:13:33, 0.049s/step step=  528000 episodes= 1100 eps=0.498 replay= 39936 loss=0.00011 ext100=0.000 total100=0.097
[train] 7:10:35<128:13:42, 0.049s/step step=  530000 episodes= 1104 eps=0.497 replay= 39936 loss=0.00026 ext100=0.000 total100=0.097
[train] 7:12:18<128:13:41, 0.049s/step step=  532000 episodes= 1109 eps=0.495 replay= 39936 loss=0.00012 ext100=0.000 total100=0.098
[train] 7:14:01<128:13:47, 0.049s/step step=  534000 episodes= 1113 eps=0.493 replay= 39936 loss=0.00013 ext100=0.000 total100=0.100
[train] 7:15:44<128:13:44, 0.049s/step step=  536000 episodes= 1117 eps=0.491 replay= 39936 loss=0.00009 ext100=0.000 total100=0.098
[train] 7:17:27<128:13:40, 0.049s/step step=  538000 episodes= 1121 eps=0.489 replay= 39936 loss=0.00030 ext100=0.000 total100=0.096
[eval] step=540000 episodes=1125 mean_ext_return=0.000
[train] 7:19:25<128:18:02, 0.049s/step step=  540000 episodes= 1125 eps=0.487 replay= 39936 loss=0.00012 ext100=0.000 total100=0.096
[train] 7:21:08<128:18:04, 0.049s/step step=  542000 episodes= 1129 eps=0.485 replay= 39936 loss=0.00011 ext100=0.000 total100=0.095
[train] 7:22:51<128:17:58, 0.049s/step step=  544000 episodes= 1134 eps=0.483 replay= 39936 loss=0.00011 ext100=0.000 total100=0.092
[train] 7:24:34<128:17:49, 0.049s/step step=  546000 episodes= 1138 eps=0.481 replay= 39936 loss=0.00031 ext100=0.000 total100=0.094
[train] 7:26:17<128:17:42, 0.049s/step step=  548000 episodes= 1142 eps=0.479 replay= 39936 loss=0.00012 ext100=0.000 total100=0.091
[train] 7:28:00<128:17:41, 0.049s/step step=  550000 episodes= 1146 eps=0.478 replay= 39936 loss=0.00010 ext100=0.000 total100=0.091
[train] 7:29:43<128:17:29, 0.049s/step step=  552000 episodes= 1150 eps=0.476 replay= 39936 loss=0.00010 ext100=0.000 total100=0.088
[train] 7:31:27<128:17:28, 0.049s/step step=  554000 episodes= 1154 eps=0.474 replay= 39936 loss=0.00035 ext100=0.000 total100=0.085
[train] 7:33:09<128:17:18, 0.049s/step step=  556000 episodes= 1159 eps=0.472 replay= 39936 loss=0.00013 ext100=0.000 total100=0.086
[train] 7:34:52<128:17:07, 0.049s/step step=  558000 episodes= 1163 eps=0.470 replay= 39936 loss=0.00012 ext100=0.000 total100=0.085
[eval] step=560000 episodes=1167 mean_ext_return=0.000
[train] 7:36:51<128:21:14, 0.049s/step step=  560000 episodes= 1167 eps=0.468 replay= 39936 loss=0.00009 ext100=0.000 total100=0.089
[train] 7:38:34<128:21:06, 0.049s/step step=  562000 episodes= 1171 eps=0.466 replay= 39936 loss=0.00035 ext100=0.000 total100=0.089
[train] 7:40:17<128:20:52, 0.049s/step step=  564000 episodes= 1175 eps=0.464 replay= 39936 loss=0.00013 ext100=0.000 total100=0.085
[train] 7:42:00<128:20:38, 0.049s/step step=  566000 episodes= 1179 eps=0.462 replay= 39936 loss=0.00010 ext100=0.000 total100=0.084
[train] 7:43:43<128:20:21, 0.049s/step step=  568000 episodes= 1184 eps=0.460 replay= 39936 loss=0.00010 ext100=0.000 total100=0.083
[train] 7:45:26<128:20:15, 0.049s/step step=  570000 episodes= 1188 eps=0.459 replay= 39936 loss=0.00035 ext100=0.000 total100=0.085
[train] 7:47:09<128:19:59, 0.049s/step step=  572000 episodes= 1192 eps=0.457 replay= 39936 loss=0.00011 ext100=0.000 total100=0.085
[train] 7:48:53<128:19:52, 0.049s/step step=  574000 episodes= 1196 eps=0.455 replay= 39936 loss=0.00008 ext100=0.000 total100=0.086
[train] 7:50:36<128:19:34, 0.049s/step step=  576000 episodes= 1200 eps=0.453 replay= 39936 loss=0.00009 ext100=0.000 total100=0.085
[train] 7:52:18<128:19:13, 0.049s/step step=  578000 episodes= 1204 eps=0.451 replay= 39936 loss=0.00028 ext100=0.000 total100=0.087
[eval] step=580000 episodes=1209 mean_ext_return=0.000
[train] 7:54:17<128:23:01, 0.049s/step step=  580000 episodes= 1209 eps=0.449 replay= 39936 loss=0.00012 ext100=0.000 total100=0.086
[train] 7:56:00<128:22:47, 0.049s/step step=  582000 episodes= 1213 eps=0.447 replay= 39936 loss=0.00010 ext100=0.000 total100=0.085
[train] 7:57:43<128:22:24, 0.049s/step step=  584000 episodes= 1217 eps=0.445 replay= 39936 loss=0.00008 ext100=0.000 total100=0.086
[train] 7:59:25<128:22:01, 0.049s/step step=  586000 episodes= 1221 eps=0.443 replay= 39936 loss=0.00033 ext100=0.000 total100=0.086
[train] 8:01:08<128:21:39, 0.049s/step step=  588000 episodes= 1225 eps=0.441 replay= 39936 loss=0.00011 ext100=0.000 total100=0.087
[train] 8:02:52<128:21:25, 0.049s/step step=  590000 episodes= 1229 eps=0.440 replay= 39936 loss=0.00009 ext100=0.000 total100=0.086
[train] 8:04:35<128:21:01, 0.049s/step step=  592000 episodes= 1234 eps=0.438 replay= 39936 loss=0.00009 ext100=0.000 total100=0.089
[train] 8:06:18<128:20:47, 0.049s/step step=  594000 episodes= 1238 eps=0.436 replay= 39936 loss=0.00034 ext100=0.000 total100=0.090
[train] 8:08:01<128:20:23, 0.049s/step step=  596000 episodes= 1242 eps=0.434 replay= 39936 loss=0.00010 ext100=0.000 total100=0.092
[train] 8:09:44<128:19:59, 0.049s/step step=  598000 episodes= 1246 eps=0.432 replay= 39936 loss=0.00009 ext100=0.000 total100=0.092
[eval] step=600000 episodes=1250 mean_ext_return=0.000
[train] 8:11:42<128:23:33, 0.049s/step step=  600000 episodes= 1250 eps=0.430 replay= 39936 loss=0.00009 ext100=0.000 total100=0.095
[train] 8:13:26<128:23:17, 0.049s/step step=  602000 episodes= 1254 eps=0.428 replay= 39936 loss=0.00027 ext100=0.000 total100=0.097
[train] 8:15:09<128:22:51, 0.049s/step step=  604000 episodes= 1259 eps=0.426 replay= 39936 loss=0.00014 ext100=0.000 total100=0.094
[train] 8:16:52<128:22:21, 0.049s/step step=  606000 episodes= 1263 eps=0.424 replay= 39936 loss=0.00010 ext100=0.000 total100=0.096
[train] 8:18:35<128:21:55, 0.049s/step step=  608000 episodes= 1267 eps=0.422 replay= 39936 loss=0.00011 ext100=0.000 total100=0.097
[train] 8:20:18<128:21:32, 0.049s/step step=  610000 episodes= 1271 eps=0.420 replay= 39936 loss=0.00036 ext100=0.000 total100=0.100
[train] 8:22:01<128:21:03, 0.049s/step step=  612000 episodes= 1275 eps=0.419 replay= 39936 loss=0.00011 ext100=0.000 total100=0.099
[train] 8:23:45<128:20:42, 0.049s/step step=  614000 episodes= 1279 eps=0.417 replay= 39936 loss=0.00009 ext100=0.000 total100=0.100
[train] 8:25:28<128:20:13, 0.049s/step step=  616000 episodes= 1284 eps=0.415 replay= 39936 loss=0.00010 ext100=0.000 total100=0.101
[train] 8:27:11<128:19:41, 0.049s/step step=  618000 episodes= 1288 eps=0.413 replay= 39936 loss=0.00039 ext100=0.000 total100=0.101
[eval] step=620000 episodes=1292 mean_ext_return=0.000
[train] 8:29:09<128:23:01, 0.049s/step step=  620000 episodes= 1292 eps=0.411 replay= 39936 loss=0.00010 ext100=0.000 total100=0.101
[train] 8:30:52<128:22:37, 0.049s/step step=  622000 episodes= 1296 eps=0.409 replay= 39936 loss=0.00009 ext100=0.000 total100=0.102
[train] 8:32:35<128:22:05, 0.049s/step step=  624000 episodes= 1300 eps=0.407 replay= 39936 loss=0.00009 ext100=0.000 total100=0.103
[train] 8:34:18<128:21:32, 0.049s/step step=  626000 episodes= 1304 eps=0.405 replay= 39936 loss=0.00036 ext100=0.000 total100=0.102
[train] 8:36:01<128:21:01, 0.049s/step step=  628000 episodes= 1309 eps=0.403 replay= 39936 loss=0.00012 ext100=0.000 total100=0.102
[train] 8:37:45<128:20:34, 0.049s/step step=  630000 episodes= 1313 eps=0.402 replay= 39936 loss=0.00009 ext100=0.000 total100=0.102
[train] 8:39:28<128:20:00, 0.049s/step step=  632000 episodes= 1317 eps=0.400 replay= 39936 loss=0.00009 ext100=0.000 total100=0.102
[train] 8:41:11<128:19:34, 0.049s/step step=  634000 episodes= 1321 eps=0.398 replay= 39936 loss=0.00031 ext100=0.000 total100=0.101
[train] 8:42:54<128:19:01, 0.049s/step step=  636000 episodes= 1325 eps=0.396 replay= 39936 loss=0.00010 ext100=0.000 total100=0.101
[train] 8:44:38<128:18:28, 0.049s/step step=  638000 episodes= 1329 eps=0.394 replay= 39936 loss=0.00009 ext100=0.000 total100=0.101
[eval] step=640000 episodes=1334 mean_ext_return=0.000
[train] 8:46:36<128:21:35, 0.049s/step step=  640000 episodes= 1334 eps=0.392 replay= 39936 loss=0.00009 ext100=0.000 total100=0.099
[train] 8:48:19<128:21:04, 0.049s/step step=  642000 episodes= 1338 eps=0.390 replay= 39936 loss=0.00036 ext100=0.000 total100=0.096
[train] 8:50:02<128:20:29, 0.049s/step step=  644000 episodes= 1342 eps=0.388 replay= 39936 loss=0.00009 ext100=0.000 total100=0.095
[train] 8:51:45<128:19:49, 0.049s/step step=  646000 episodes= 1346 eps=0.386 replay= 39936 loss=0.00008 ext100=0.000 total100=0.093
[train] 8:53:28<128:19:12, 0.049s/step step=  648000 episodes= 1350 eps=0.384 replay= 39936 loss=0.00007 ext100=0.000 total100=0.091
[train] 8:55:12<128:18:42, 0.049s/step step=  650000 episodes= 1354 eps=0.383 replay= 39936 loss=0.00039 ext100=0.000 total100=0.090
[train] 8:56:55<128:18:05, 0.049s/step step=  652000 episodes= 1359 eps=0.381 replay= 39936 loss=0.00012 ext100=0.000 total100=0.091
[train] 8:58:38<128:17:30, 0.049s/step step=  654000 episodes= 1363 eps=0.379 replay= 39936 loss=0.00008 ext100=0.000 total100=0.089
[train] 9:00:21<128:16:51, 0.049s/step step=  656000 episodes= 1367 eps=0.377 replay= 39936 loss=0.00006 ext100=0.000 total100=0.086
[train] 9:02:04<128:16:11, 0.049s/step step=  658000 episodes= 1371 eps=0.375 replay= 39936 loss=0.00036 ext100=0.000 total100=0.085
[eval] step=660000 episodes=1375 mean_ext_return=0.000
[train] 9:04:02<128:19:07, 0.049s/step step=  660000 episodes= 1375 eps=0.373 replay= 39936 loss=0.00010 ext100=0.000 total100=0.089
[train] 9:05:46<128:18:31, 0.049s/step step=  662000 episodes= 1379 eps=0.371 replay= 39936 loss=0.00008 ext100=0.000 total100=0.087
[train] 9:07:29<128:17:51, 0.049s/step step=  664000 episodes= 1384 eps=0.369 replay= 39936 loss=0.00009 ext100=0.000 total100=0.089
[train] 9:09:12<128:17:10, 0.049s/step step=  666000 episodes= 1388 eps=0.367 replay= 39936 loss=0.00043 ext100=0.000 total100=0.088
[train] 9:10:55<128:16:29, 0.049s/step step=  668000 episodes= 1392 eps=0.365 replay= 39936 loss=0.00010 ext100=0.000 total100=0.089
[train] 9:12:39<128:15:52, 0.049s/step step=  670000 episodes= 1396 eps=0.364 replay= 39936 loss=0.00007 ext100=0.000 total100=0.086
[train] 9:14:22<128:15:11, 0.049s/step step=  672000 episodes= 1400 eps=0.362 replay= 39936 loss=0.00006 ext100=0.000 total100=0.086
[train] 9:16:05<128:14:36, 0.050s/step step=  674000 episodes= 1404 eps=0.360 replay= 39936 loss=0.00035 ext100=0.000 total100=0.087
[train] 9:17:48<128:13:53, 0.050s/step step=  676000 episodes= 1409 eps=0.358 replay= 39936 loss=0.00011 ext100=0.000 total100=0.086
[train] 9:19:32<128:13:10, 0.050s/step step=  678000 episodes= 1413 eps=0.356 replay= 39936 loss=0.00010 ext100=0.000 total100=0.086
[eval] step=680000 episodes=1417 mean_ext_return=0.000
[train] 9:21:30<128:15:52, 0.050s/step step=  680000 episodes= 1417 eps=0.354 replay= 39936 loss=0.00007 ext100=0.000 total100=0.088
[train] 9:23:13<128:15:15, 0.050s/step step=  682000 episodes= 1421 eps=0.352 replay= 39936 loss=0.00051 ext100=0.000 total100=0.087
[train] 9:24:56<128:14:30, 0.050s/step step=  684000 episodes= 1425 eps=0.350 replay= 39936 loss=0.00010 ext100=0.000 total100=0.087
[train] 9:26:39<128:13:43, 0.050s/step step=  686000 episodes= 1429 eps=0.348 replay= 39936 loss=0.00008 ext100=0.000 total100=0.092
[train] 9:28:22<128:12:57, 0.050s/step step=  688000 episodes= 1434 eps=0.346 replay= 39936 loss=0.00008 ext100=0.000 total100=0.092
[train] 9:30:06<128:12:18, 0.050s/step step=  690000 episodes= 1438 eps=0.345 replay= 39936 loss=0.00041 ext100=0.000 total100=0.093
[train] 9:31:49<128:11:30, 0.050s/step step=  692000 episodes= 1442 eps=0.343 replay= 39936 loss=0.00012 ext100=0.000 total100=0.089
[train] 9:33:32<128:10:49, 0.050s/step step=  694000 episodes= 1446 eps=0.341 replay= 39936 loss=0.00009 ext100=0.000 total100=0.090
[train] 9:35:15<128:10:03, 0.050s/step step=  696000 episodes= 1450 eps=0.339 replay= 39936 loss=0.00007 ext100=0.000 total100=0.089
[train] 9:36:59<128:09:17, 0.050s/step step=  698000 episodes= 1454 eps=0.337 replay= 39936 loss=0.00038 ext100=0.000 total100=0.087
[eval] step=700000 episodes=1459 mean_ext_return=0.000
[train] 9:38:57<128:11:51, 0.050s/step step=  700000 episodes= 1459 eps=0.335 replay= 39936 loss=0.00013 ext100=0.000 total100=0.091
[train] 9:40:41<128:11:10, 0.050s/step step=  702000 episodes= 1463 eps=0.333 replay= 39936 loss=0.00010 ext100=0.000 total100=0.091
[train] 9:42:24<128:10:22, 0.050s/step step=  704000 episodes= 1467 eps=0.331 replay= 39936 loss=0.00009 ext100=0.000 total100=0.093
[train] 9:44:07<128:09:34, 0.050s/step step=  706000 episodes= 1471 eps=0.329 replay= 39936 loss=0.00048 ext100=0.000 total100=0.090
[train] 9:45:50<128:08:45, 0.050s/step step=  708000 episodes= 1475 eps=0.327 replay= 39936 loss=0.00010 ext100=0.000 total100=0.091
[train] 9:47:34<128:08:03, 0.050s/step step=  710000 episodes= 1479 eps=0.326 replay= 39936 loss=0.00008 ext100=0.000 total100=0.093
[train] 9:49:17<128:07:13, 0.050s/step step=  712000 episodes= 1484 eps=0.324 replay= 39936 loss=0.00007 ext100=0.000 total100=0.091
[train] 9:51:00<128:06:29, 0.050s/step step=  714000 episodes= 1488 eps=0.322 replay= 39936 loss=0.00045 ext100=0.000 total100=0.090
[train] 9:52:43<128:05:39, 0.050s/step step=  716000 episodes= 1492 eps=0.320 replay= 39936 loss=0.00012 ext100=0.000 total100=0.091
[train] 9:54:27<128:04:48, 0.050s/step step=  718000 episodes= 1496 eps=0.318 replay= 39936 loss=0.00010 ext100=0.000 total100=0.092
[eval] step=720000 episodes=1500 mean_ext_return=0.000
[train] 9:56:25<128:07:14, 0.050s/step step=  720000 episodes= 1500 eps=0.316 replay= 39936 loss=0.00007 ext100=0.000 total100=0.092
[train] 9:58:09<128:06:29, 0.050s/step step=  722000 episodes= 1504 eps=0.314 replay= 39936 loss=0.00036 ext100=0.000 total100=0.094
[train] 9:59:52<128:05:37, 0.050s/step step=  724000 episodes= 1509 eps=0.312 replay= 39936 loss=0.00011 ext100=0.000 total100=0.096
[train] 10:01:35<128:04:45, 0.050s/step step=  726000 episodes= 1513 eps=0.310 replay= 39936 loss=0.00009 ext100=0.000 total100=0.095
[train] 10:03:18<128:03:54, 0.050s/step step=  728000 episodes= 1517 eps=0.308 replay= 39936 loss=0.00008 ext100=0.000 total100=0.095
[train] 10:05:02<128:03:07, 0.050s/step step=  730000 episodes= 1521 eps=0.306 replay= 39936 loss=0.00040 ext100=0.000 total100=0.098
[train] 10:06:45<128:02:13, 0.050s/step step=  732000 episodes= 1525 eps=0.305 replay= 39936 loss=0.00009 ext100=0.000 total100=0.103
[train] 10:08:28<128:01:25, 0.050s/step step=  734000 episodes= 1529 eps=0.303 replay= 39936 loss=0.00008 ext100=0.000 total100=0.099
[train] 10:10:11<128:00:30, 0.050s/step step=  736000 episodes= 1534 eps=0.301 replay= 39936 loss=0.00007 ext100=0.000 total100=0.100
[train] 10:11:54<127:59:38, 0.050s/step step=  738000 episodes= 1538 eps=0.299 replay= 39936 loss=0.00037 ext100=0.000 total100=0.101
[eval] step=740000 episodes=1542 mean_ext_return=0.000
[train] 10:13:53<128:01:53, 0.050s/step step=  740000 episodes= 1542 eps=0.297 replay= 39936 loss=0.00009 ext100=0.000 total100=0.104
[train] 10:15:36<128:01:04, 0.050s/step step=  742000 episodes= 1546 eps=0.295 replay= 39936 loss=0.00007 ext100=0.000 total100=0.104
[train] 10:17:20<128:00:10, 0.050s/step step=  744000 episodes= 1550 eps=0.293 replay= 39936 loss=0.00007 ext100=0.000 total100=0.108
[train] 10:19:03<127:59:15, 0.050s/step step=  746000 episodes= 1554 eps=0.291 replay= 39936 loss=0.00036 ext100=0.000 total100=0.110
[train] 10:20:46<127:58:19, 0.050s/step step=  748000 episodes= 1559 eps=0.289 replay= 39936 loss=0.00010 ext100=0.000 total100=0.107
[train] 10:22:30<127:57:30, 0.050s/step step=  750000 episodes= 1563 eps=0.288 replay= 39936 loss=0.00011 ext100=0.000 total100=0.108
[train] 10:24:13<127:56:34, 0.050s/step step=  752000 episodes= 1567 eps=0.286 replay= 39936 loss=0.00007 ext100=0.000 total100=0.108
[train] 10:25:56<127:55:42, 0.050s/step step=  754000 episodes= 1571 eps=0.284 replay= 39936 loss=0.00038 ext100=0.000 total100=0.110
[train] 10:27:39<127:54:42, 0.050s/step step=  756000 episodes= 1575 eps=0.282 replay= 39936 loss=0.00010 ext100=0.000 total100=0.107
[train] 10:29:22<127:53:45, 0.050s/step step=  758000 episodes= 1579 eps=0.280 replay= 39936 loss=0.00008 ext100=0.000 total100=0.106
[eval] step=760000 episodes=1584 mean_ext_return=0.000
[train] 10:31:21<127:55:54, 0.050s/step step=  760000 episodes= 1584 eps=0.278 replay= 39936 loss=0.00008 ext100=0.000 total100=0.105
[train] 10:33:04<127:55:03, 0.050s/step step=  762000 episodes= 1588 eps=0.276 replay= 39936 loss=0.00034 ext100=0.000 total100=0.106
[train] 10:34:47<127:54:05, 0.050s/step step=  764000 episodes= 1592 eps=0.274 replay= 39936 loss=0.00011 ext100=0.000 total100=0.104
[train] 10:36:31<127:53:07, 0.050s/step step=  766000 episodes= 1596 eps=0.272 replay= 39936 loss=0.00007 ext100=0.000 total100=0.105
[train] 10:38:14<127:52:08, 0.050s/step step=  768000 episodes= 1600 eps=0.270 replay= 39936 loss=0.00007 ext100=0.000 total100=0.104
[train] 10:39:57<127:51:16, 0.050s/step step=  770000 episodes= 1604 eps=0.269 replay= 39936 loss=0.00035 ext100=0.000 total100=0.105
[train] 10:41:41<127:50:16, 0.050s/step step=  772000 episodes= 1609 eps=0.267 replay= 39936 loss=0.00011 ext100=0.000 total100=0.106
[train] 10:43:24<127:49:23, 0.050s/step step=  774000 episodes= 1613 eps=0.265 replay= 39936 loss=0.00010 ext100=0.000 total100=0.104
[train] 10:45:07<127:48:24, 0.050s/step step=  776000 episodes= 1617 eps=0.263 replay= 39936 loss=0.00008 ext100=0.000 total100=0.100
[train] 10:46:51<127:47:25, 0.050s/step step=  778000 episodes= 1621 eps=0.261 replay= 39936 loss=0.00042 ext100=0.000 total100=0.098
[eval] step=780000 episodes=1625 mean_ext_return=0.000
[train] 10:48:49<127:49:27, 0.050s/step step=  780000 episodes= 1625 eps=0.259 replay= 39936 loss=0.00010 ext100=0.000 total100=0.093
[train] 10:50:33<127:48:31, 0.050s/step step=  782000 episodes= 1629 eps=0.257 replay= 39936 loss=0.00008 ext100=0.000 total100=0.096
[train] 10:52:16<127:47:31, 0.050s/step step=  784000 episodes= 1634 eps=0.255 replay= 39936 loss=0.00009 ext100=0.000 total100=0.100
[train] 10:53:59<127:46:31, 0.050s/step step=  786000 episodes= 1638 eps=0.253 replay= 39936 loss=0.00039 ext100=0.000 total100=0.104
[train] 10:55:42<127:45:30, 0.050s/step step=  788000 episodes= 1642 eps=0.251 replay= 39936 loss=0.00009 ext100=0.000 total100=0.110
[train] 10:57:26<127:44:35, 0.050s/step step=  790000 episodes= 1646 eps=0.250 replay= 39936 loss=0.00007 ext100=0.000 total100=0.112
[train] 10:59:09<127:43:34, 0.050s/step step=  792000 episodes= 1650 eps=0.248 replay= 39936 loss=0.00007 ext100=0.000 total100=0.109
[train] 11:00:53<127:42:37, 0.050s/step step=  794000 episodes= 1654 eps=0.246 replay= 39936 loss=0.00044 ext100=0.000 total100=0.109
[train] 11:02:36<127:41:36, 0.050s/step step=  796000 episodes= 1659 eps=0.244 replay= 39936 loss=0.00008 ext100=0.000 total100=0.111
[train] 11:04:19<127:40:34, 0.050s/step step=  798000 episodes= 1663 eps=0.242 replay= 39936 loss=0.00007 ext100=0.000 total100=0.113
[eval] step=800000 episodes=1667 mean_ext_return=0.000
[train] 11:06:18<127:42:27, 0.050s/step step=  800000 episodes= 1667 eps=0.240 replay= 39936 loss=0.00007 ext100=0.000 total100=0.111
[train] 11:08:01<127:41:32, 0.050s/step step=  802000 episodes= 1671 eps=0.238 replay= 39936 loss=0.00042 ext100=0.000 total100=0.108
[train] 11:09:45<127:40:29, 0.050s/step step=  804000 episodes= 1675 eps=0.236 replay= 39936 loss=0.00011 ext100=0.000 total100=0.106
[train] 11:11:28<127:39:27, 0.050s/step step=  806000 episodes= 1679 eps=0.234 replay= 39936 loss=0.00008 ext100=0.000 total100=0.105
[train] 11:13:11<127:38:25, 0.050s/step step=  808000 episodes= 1684 eps=0.232 replay= 39936 loss=0.00008 ext100=0.000 total100=0.108
[train] 11:14:55<127:37:27, 0.050s/step step=  810000 episodes= 1688 eps=0.231 replay= 39936 loss=0.00044 ext100=0.000 total100=0.110
[train] 11:16:38<127:36:24, 0.050s/step step=  812000 episodes= 1692 eps=0.229 replay= 39936 loss=0.00009 ext100=0.000 total100=0.109
[train] 11:18:22<127:35:26, 0.050s/step step=  814000 episodes= 1696 eps=0.227 replay= 39936 loss=0.00006 ext100=0.000 total100=0.108
[train] 11:20:05<127:34:21, 0.050s/step step=  816000 episodes= 1700 eps=0.225 replay= 39936 loss=0.00007 ext100=0.000 total100=0.108
[train] 11:21:48<127:33:19, 0.050s/step step=  818000 episodes= 1704 eps=0.223 replay= 39936 loss=0.00035 ext100=0.000 total100=0.102
[eval] step=820000 episodes=1709 mean_ext_return=0.000
[train] 11:23:47<127:35:05, 0.050s/step step=  820000 episodes= 1709 eps=0.221 replay= 39936 loss=0.00011 ext100=0.000 total100=0.098
[train] 11:25:31<127:34:06, 0.050s/step step=  822000 episodes= 1713 eps=0.219 replay= 39936 loss=0.00008 ext100=0.000 total100=0.098
[train] 11:27:14<127:33:01, 0.050s/step step=  824000 episodes= 1717 eps=0.217 replay= 39936 loss=0.00008 ext100=0.000 total100=0.101
[train] 11:28:57<127:31:57, 0.050s/step step=  826000 episodes= 1721 eps=0.215 replay= 39936 loss=0.00032 ext100=0.000 total100=0.100
[train] 11:30:40<127:30:53, 0.050s/step step=  828000 episodes= 1725 eps=0.213 replay= 39936 loss=0.00010 ext100=0.000 total100=0.104
[train] 11:32:24<127:29:53, 0.050s/step step=  830000 episodes= 1729 eps=0.212 replay= 39936 loss=0.00007 ext100=0.000 total100=0.102
[train] 11:34:07<127:28:48, 0.050s/step step=  832000 episodes= 1734 eps=0.210 replay= 39936 loss=0.00008 ext100=0.000 total100=0.098
[train] 11:35:51<127:27:48, 0.050s/step step=  834000 episodes= 1738 eps=0.208 replay= 39936 loss=0.00035 ext100=0.000 total100=0.097
[train] 11:37:35<127:26:43, 0.050s/step step=  836000 episodes= 1742 eps=0.206 replay= 39936 loss=0.00009 ext100=0.000 total100=0.093
[train] 11:39:18<127:25:37, 0.050s/step step=  838000 episodes= 1746 eps=0.204 replay= 39936 loss=0.00010 ext100=0.000 total100=0.091
[eval] step=840000 episodes=1750 mean_ext_return=0.000
[train] 11:41:16<127:27:18, 0.050s/step step=  840000 episodes= 1750 eps=0.202 replay= 39936 loss=0.00008 ext100=0.000 total100=0.091
[train] 11:43:00<127:26:17, 0.050s/step step=  842000 episodes= 1754 eps=0.200 replay= 39936 loss=0.00031 ext100=0.000 total100=0.090
[train] 11:44:43<127:25:10, 0.050s/step step=  844000 episodes= 1759 eps=0.198 replay= 39936 loss=0.00007 ext100=0.000 total100=0.087
[train] 11:46:27<127:24:04, 0.050s/step step=  846000 episodes= 1763 eps=0.196 replay= 39936 loss=0.00006 ext100=0.000 total100=0.083
[train] 11:48:10<127:22:57, 0.050s/step step=  848000 episodes= 1767 eps=0.194 replay= 39936 loss=0.00006 ext100=0.000 total100=0.084
[train] 11:49:54<127:21:54, 0.050s/step step=  850000 episodes= 1771 eps=0.193 replay= 39936 loss=0.00027 ext100=0.000 total100=0.085
[train] 11:51:37<127:20:46, 0.050s/step step=  852000 episodes= 1775 eps=0.191 replay= 39936 loss=0.00008 ext100=0.000 total100=0.088
[train] 11:53:21<127:19:44, 0.050s/step step=  854000 episodes= 1779 eps=0.189 replay= 39936 loss=0.00006 ext100=0.000 total100=0.089
[train] 11:55:04<127:18:35, 0.050s/step step=  856000 episodes= 1784 eps=0.187 replay= 39936 loss=0.00008 ext100=0.000 total100=0.086
[train] 11:56:47<127:17:26, 0.050s/step step=  858000 episodes= 1788 eps=0.185 replay= 39936 loss=0.00023 ext100=0.000 total100=0.084
[eval] step=860000 episodes=1792 mean_ext_return=0.000
[train] 11:58:45<127:18:58, 0.050s/step step=  860000 episodes= 1792 eps=0.183 replay= 39936 loss=0.00008 ext100=0.000 total100=0.087
[train] 12:00:29<127:17:55, 0.050s/step step=  862000 episodes= 1796 eps=0.181 replay= 39936 loss=0.00006 ext100=0.000 total100=0.087
[train] 12:02:13<127:16:47, 0.050s/step step=  864000 episodes= 1800 eps=0.179 replay= 39936 loss=0.00006 ext100=0.000 total100=0.086
[train] 12:03:56<127:15:37, 0.050s/step step=  866000 episodes= 1804 eps=0.177 replay= 39936 loss=0.00020 ext100=0.000 total100=0.089
[train] 12:05:39<127:14:28, 0.050s/step step=  868000 episodes= 1809 eps=0.175 replay= 39936 loss=0.00007 ext100=0.000 total100=0.091
[train] 12:07:23<127:13:24, 0.050s/step step=  870000 episodes= 1813 eps=0.173 replay= 39936 loss=0.00006 ext100=0.000 total100=0.094
[train] 12:09:06<127:12:16, 0.050s/step step=  872000 episodes= 1817 eps=0.172 replay= 39936 loss=0.00004 ext100=0.000 total100=0.092
[train] 12:10:50<127:11:11, 0.050s/step step=  874000 episodes= 1821 eps=0.170 replay= 39936 loss=0.00019 ext100=0.000 total100=0.091
[train] 12:12:33<127:10:03, 0.050s/step step=  876000 episodes= 1825 eps=0.168 replay= 39936 loss=0.00006 ext100=0.000 total100=0.089
[train] 12:14:17<127:08:53, 0.050s/step step=  878000 episodes= 1829 eps=0.166 replay= 39936 loss=0.00005 ext100=0.000 total100=0.088
[eval] step=880000 episodes=1834 mean_ext_return=0.000
[train] 12:16:15<127:10:21, 0.050s/step step=  880000 episodes= 1834 eps=0.164 replay= 39936 loss=0.00005 ext100=0.000 total100=0.088
[train] 12:17:59<127:09:15, 0.050s/step step=  882000 episodes= 1838 eps=0.162 replay= 39936 loss=0.00021 ext100=0.000 total100=0.084
[train] 12:19:42<127:08:06, 0.050s/step step=  884000 episodes= 1842 eps=0.160 replay= 39936 loss=0.00005 ext100=0.000 total100=0.085
[train] 12:21:26<127:06:55, 0.050s/step step=  886000 episodes= 1846 eps=0.158 replay= 39936 loss=0.00005 ext100=0.000 total100=0.085
[train] 12:23:09<127:05:45, 0.050s/step step=  888000 episodes= 1850 eps=0.156 replay= 39936 loss=0.00005 ext100=0.000 total100=0.086
[train] 12:24:53<127:04:37, 0.050s/step step=  890000 episodes= 1854 eps=0.155 replay= 39936 loss=0.00023 ext100=0.000 total100=0.085
[train] 12:26:36<127:03:27, 0.050s/step step=  892000 episodes= 1859 eps=0.153 replay= 39936 loss=0.00007 ext100=0.000 total100=0.086
[train] 12:28:20<127:02:21, 0.050s/step step=  894000 episodes= 1863 eps=0.151 replay= 39936 loss=0.00005 ext100=0.000 total100=0.089
[train] 12:30:03<127:01:09, 0.050s/step step=  896000 episodes= 1867 eps=0.149 replay= 39936 loss=0.00005 ext100=0.000 total100=0.091
[train] 12:31:47<126:59:58, 0.050s/step step=  898000 episodes= 1871 eps=0.147 replay= 39936 loss=0.00015 ext100=0.000 total100=0.092
[eval] step=900000 episodes=1875 mean_ext_return=0.000
[train] 12:33:45<127:01:20, 0.050s/step step=  900000 episodes= 1875 eps=0.145 replay= 39936 loss=0.00005 ext100=0.000 total100=0.089
[train] 12:35:29<127:00:13, 0.050s/step step=  902000 episodes= 1879 eps=0.143 replay= 39936 loss=0.00005 ext100=0.000 total100=0.091
[train] 12:37:12<126:59:01, 0.050s/step step=  904000 episodes= 1884 eps=0.141 replay= 39936 loss=0.00004 ext100=0.000 total100=0.091
[train] 12:38:56<126:57:48, 0.050s/step step=  906000 episodes= 1888 eps=0.139 replay= 39936 loss=0.00011 ext100=0.000 total100=0.092
[train] 12:40:39<126:56:38, 0.050s/step step=  908000 episodes= 1892 eps=0.137 replay= 39936 loss=0.00005 ext100=0.000 total100=0.092
[train] 12:42:23<126:55:30, 0.050s/step step=  910000 episodes= 1896 eps=0.136 replay= 39936 loss=0.00005 ext100=0.000 total100=0.093
[train] 12:44:06<126:54:18, 0.050s/step step=  912000 episodes= 1900 eps=0.134 replay= 39936 loss=0.00005 ext100=0.000 total100=0.096
[train] 12:45:50<126:53:09, 0.050s/step step=  914000 episodes= 1904 eps=0.132 replay= 39936 loss=0.00018 ext100=0.000 total100=0.096
[train] 12:47:33<126:51:58, 0.050s/step step=  916000 episodes= 1909 eps=0.130 replay= 39936 loss=0.00005 ext100=0.000 total100=0.096
[train] 12:49:17<126:50:45, 0.050s/step step=  918000 episodes= 1913 eps=0.128 replay= 39936 loss=0.00005 ext100=0.000 total100=0.097
[eval] step=920000 episodes=1917 mean_ext_return=0.000
[train] 12:51:15<126:52:03, 0.050s/step step=  920000 episodes= 1917 eps=0.126 replay= 39936 loss=0.00004 ext100=0.000 total100=0.097
[train] 12:52:59<126:50:53, 0.050s/step step=  922000 episodes= 1921 eps=0.124 replay= 39936 loss=0.00018 ext100=0.000 total100=0.098
[train] 12:54:42<126:49:39, 0.050s/step step=  924000 episodes= 1925 eps=0.122 replay= 39936 loss=0.00006 ext100=0.000 total100=0.097
[train] 12:56:26<126:48:25, 0.050s/step step=  926000 episodes= 1929 eps=0.120 replay= 39936 loss=0.00004 ext100=0.000 total100=0.097
[train] 12:58:09<126:47:13, 0.050s/step step=  928000 episodes= 1934 eps=0.118 replay= 39936 loss=0.00004 ext100=0.000 total100=0.097
[train] 12:59:53<126:46:04, 0.050s/step step=  930000 episodes= 1938 eps=0.117 replay= 39936 loss=0.00011 ext100=0.000 total100=0.097
[train] 13:01:37<126:44:50, 0.050s/step step=  932000 episodes= 1942 eps=0.115 replay= 39936 loss=0.00005 ext100=0.000 total100=0.095
[train] 13:03:20<126:43:41, 0.050s/step step=  934000 episodes= 1946 eps=0.113 replay= 39936 loss=0.00004 ext100=0.000 total100=0.097
[train] 13:05:04<126:42:28, 0.050s/step step=  936000 episodes= 1950 eps=0.111 replay= 39936 loss=0.00005 ext100=0.000 total100=0.097
[train] 13:06:47<126:41:14, 0.050s/step step=  938000 episodes= 1954 eps=0.109 replay= 39936 loss=0.00009 ext100=0.000 total100=0.100
[eval] step=940000 episodes=1959 mean_ext_return=0.000
[train] 13:08:46<126:42:29, 0.050s/step step=  940000 episodes= 1959 eps=0.107 replay= 39936 loss=0.00004 ext100=0.000 total100=0.099
[train] 13:10:30<126:41:19, 0.050s/step step=  942000 episodes= 1963 eps=0.105 replay= 39936 loss=0.00004 ext100=0.000 total100=0.097
[train] 13:12:14<126:40:05, 0.050s/step step=  944000 episodes= 1967 eps=0.103 replay= 39936 loss=0.00005 ext100=0.000 total100=0.097
[train] 13:13:57<126:38:50, 0.050s/step step=  946000 episodes= 1971 eps=0.101 replay= 39936 loss=0.00006 ext100=0.000 total100=0.095
[train] 13:15:41<126:37:37, 0.050s/step step=  948000 episodes= 1975 eps=0.099 replay= 39936 loss=0.00004 ext100=0.000 total100=0.097
[train] 13:17:24<126:36:26, 0.050s/step step=  950000 episodes= 1979 eps=0.098 replay= 39936 loss=0.00004 ext100=0.000 total100=0.097
[train] 13:19:08<126:35:11, 0.050s/step step=  952000 episodes= 1984 eps=0.096 replay= 39936 loss=0.00003 ext100=0.000 total100=0.098
[train] 13:20:52<126:34:01, 0.050s/step step=  954000 episodes= 1988 eps=0.094 replay= 39936 loss=0.00009 ext100=0.000 total100=0.097
[train] 13:22:35<126:32:47, 0.050s/step step=  956000 episodes= 1992 eps=0.092 replay= 39936 loss=0.00004 ext100=0.000 total100=0.098
[train] 13:24:19<126:31:31, 0.050s/step step=  958000 episodes= 1996 eps=0.090 replay= 39936 loss=0.00003 ext100=0.000 total100=0.095
[eval] step=960000 episodes=2000 mean_ext_return=0.000
[train] 13:26:17<126:32:38, 0.050s/step step=  960000 episodes= 2000 eps=0.088 replay= 39936 loss=0.00003 ext100=0.000 total100=0.091
[train] 13:28:01<126:31:27, 0.050s/step step=  962000 episodes= 2004 eps=0.086 replay= 39936 loss=0.00006 ext100=0.000 total100=0.090
[train] 13:29:45<126:30:11, 0.050s/step step=  964000 episodes= 2009 eps=0.084 replay= 39936 loss=0.00003 ext100=0.000 total100=0.092
[train] 13:31:28<126:28:55, 0.050s/step step=  966000 episodes= 2013 eps=0.082 replay= 39936 loss=0.00002 ext100=0.000 total100=0.091
[train] 13:33:12<126:27:39, 0.050s/step step=  968000 episodes= 2017 eps=0.080 replay= 39936 loss=0.00003 ext100=0.000 total100=0.092
[train] 13:34:56<126:26:28, 0.050s/step step=  970000 episodes= 2021 eps=0.079 replay= 39936 loss=0.00008 ext100=0.000 total100=0.090
[train] 13:36:39<126:25:12, 0.050s/step step=  972000 episodes= 2025 eps=0.077 replay= 39936 loss=0.00003 ext100=0.000 total100=0.089
[train] 13:38:23<126:24:00, 0.050s/step step=  974000 episodes= 2029 eps=0.075 replay= 39936 loss=0.00005 ext100=0.000 total100=0.088
[train] 13:40:07<126:22:44, 0.050s/step step=  976000 episodes= 2034 eps=0.073 replay= 39936 loss=0.00002 ext100=0.000 total100=0.088
[train] 13:41:50<126:21:28, 0.050s/step step=  978000 episodes= 2038 eps=0.071 replay= 39936 loss=0.00006 ext100=0.000 total100=0.088
[eval] step=980000 episodes=2042 mean_ext_return=0.000
[train] 13:43:49<126:22:31, 0.050s/step step=  980000 episodes= 2042 eps=0.069 replay= 39936 loss=0.00003 ext100=0.000 total100=0.086
[train] 13:45:33<126:21:17, 0.050s/step step=  982000 episodes= 2046 eps=0.067 replay= 39936 loss=0.00002 ext100=0.000 total100=0.084
[train] 13:47:16<126:20:00, 0.050s/step step=  984000 episodes= 2050 eps=0.065 replay= 39936 loss=0.00003 ext100=0.000 total100=0.082
[train] 13:49:00<126:18:44, 0.050s/step step=  986000 episodes= 2054 eps=0.063 replay= 39936 loss=0.00003 ext100=0.000 total100=0.080
[train] 13:50:43<126:17:27, 0.050s/step step=  988000 episodes= 2059 eps=0.061 replay= 39936 loss=0.00002 ext100=0.000 total100=0.082
[train] 13:52:27<126:16:13, 0.050s/step step=  990000 episodes= 2063 eps=0.059 replay= 39936 loss=0.00002 ext100=0.000 total100=0.083
[train] 13:54:11<126:14:55, 0.050s/step step=  992000 episodes= 2067 eps=0.058 replay= 39936 loss=0.00002 ext100=0.000 total100=0.082
[train] 13:55:55<126:13:42, 0.050s/step step=  994000 episodes= 2071 eps=0.056 replay= 39936 loss=0.00006 ext100=0.000 total100=0.083
[train] 13:57:38<126:12:24, 0.050s/step step=  996000 episodes= 2075 eps=0.054 replay= 39936 loss=0.00003 ext100=0.000 total100=0.081
[train] 13:59:21<126:11:06, 0.050s/step step=  998000 episodes= 2079 eps=0.052 replay= 39936 loss=0.00004 ext100=0.000 total100=0.079
[eval] step=1000000 episodes=2084 mean_ext_return=0.000
[train] 14:01:20<126:12:05, 0.050s/step step= 1000000 episodes= 2084 eps=0.050 replay= 39936 loss=0.00002 ext100=0.000 total100=0.077
[train] 14:03:04<126:10:51, 0.050s/step step= 1002000 episodes= 2088 eps=0.050 replay= 39936 loss=0.00008 ext100=0.000 total100=0.076
[train] 14:04:47<126:09:32, 0.050s/step step= 1004000 episodes= 2092 eps=0.050 replay= 39936 loss=0.00003 ext100=0.000 total100=0.077
[train] 14:06:31<126:08:13, 0.050s/step step= 1006000 episodes= 2096 eps=0.050 replay= 39936 loss=0.00002 ext100=0.000 total100=0.079
[train] 14:08:15<126:06:56, 0.050s/step step= 1008000 episodes= 2100 eps=0.050 replay= 39936 loss=0.00003 ext100=0.000 total100=0.080
[train] 14:09:58<126:05:41, 0.050s/step step= 1010000 episodes= 2104 eps=0.050 replay= 39936 loss=0.00006 ext100=0.000 total100=0.081
[train] 14:11:42<126:04:22, 0.050s/step step= 1012000 episodes= 2109 eps=0.050 replay= 39936 loss=0.00003 ext100=0.000 total100=0.078
[train] 14:13:26<126:03:08, 0.050s/step step= 1014000 episodes= 2113 eps=0.050 replay= 39936 loss=0.00003 ext100=0.000 total100=0.079
[train] 14:15:09<126:01:49, 0.051s/step step= 1016000 episodes= 2117 eps=0.050 replay= 39936 loss=0.00004 ext100=0.000 total100=0.079
[train] 14:16:53<126:00:29, 0.051s/step step= 1018000 episodes= 2121 eps=0.050 replay= 39936 loss=0.00020 ext100=0.000 total100=0.082
[eval] step=1020000 episodes=2125 mean_ext_return=0.000
[train] 14:18:51<126:01:23, 0.051s/step step= 1020000 episodes= 2125 eps=0.050 replay= 39936 loss=0.00004 ext100=0.000 total100=0.082
[train] 14:20:35<126:00:08, 0.051s/step step= 1022000 episodes= 2129 eps=0.050 replay= 39936 loss=0.00003 ext100=0.000 total100=0.082
[train] 14:22:19<125:58:47, 0.051s/step step= 1024000 episodes= 2134 eps=0.050 replay= 39936 loss=0.00003 ext100=0.000 total100=0.082
[train] 14:24:02<125:57:28, 0.051s/step step= 1026000 episodes= 2138 eps=0.050 replay= 39936 loss=0.00013 ext100=0.000 total100=0.083
[train] 14:25:46<125:56:07, 0.051s/step step= 1028000 episodes= 2142 eps=0.050 replay= 39936 loss=0.00003 ext100=0.000 total100=0.085
[train] 14:27:30<125:54:51, 0.051s/step step= 1030000 episodes= 2146 eps=0.050 replay= 39936 loss=0.00003 ext100=0.000 total100=0.086
[train] 14:29:13<125:53:30, 0.051s/step step= 1032000 episodes= 2150 eps=0.050 replay= 39936 loss=0.00002 ext100=0.000 total100=0.088
[train] 14:30:57<125:52:14, 0.051s/step step= 1034000 episodes= 2154 eps=0.050 replay= 39936 loss=0.00004 ext100=0.000 total100=0.087
[train] 14:32:40<125:50:52, 0.051s/step step= 1036000 episodes= 2159 eps=0.050 replay= 39936 loss=0.00013 ext100=0.000 total100=0.087
[train] 14:34:24<125:49:32, 0.051s/step step= 1038000 episodes= 2163 eps=0.050 replay= 39936 loss=0.00002 ext100=0.000 total100=0.085
[eval] step=1040000 episodes=2167 mean_ext_return=0.000
[train] 14:36:23<125:50:23, 0.051s/step step= 1040000 episodes= 2167 eps=0.050 replay= 39936 loss=0.00003 ext100=0.000 total100=0.085
[train] 14:38:07<125:49:07, 0.051s/step step= 1042000 episodes= 2171 eps=0.050 replay= 39936 loss=0.00006 ext100=0.000 total100=0.086
[train] 14:39:50<125:47:46, 0.051s/step step= 1044000 episodes= 2175 eps=0.050 replay= 39936 loss=0.00003 ext100=0.000 total100=0.087
[train] 14:41:34<125:46:25, 0.051s/step step= 1046000 episodes= 2179 eps=0.050 replay= 39936 loss=0.00003 ext100=0.000 total100=0.086
[train] 14:43:17<125:45:05, 0.051s/step step= 1048000 episodes= 2184 eps=0.050 replay= 39936 loss=0.00003 ext100=0.000 total100=0.087
[train] 14:45:01<125:43:47, 0.051s/step step= 1050000 episodes= 2188 eps=0.050 replay= 39936 loss=0.00009 ext100=0.000 total100=0.087
[train] 14:46:45<125:42:26, 0.051s/step step= 1052000 episodes= 2192 eps=0.050 replay= 39936 loss=0.00003 ext100=0.000 total100=0.086
[train] 14:48:29<125:41:09, 0.051s/step step= 1054000 episodes= 2196 eps=0.050 replay= 39936 loss=0.00004 ext100=0.000 total100=0.087
[train] 14:50:12<125:39:49, 0.051s/step step= 1056000 episodes= 2200 eps=0.050 replay= 39936 loss=0.00002 ext100=0.000 total100=0.086
[train] 14:51:56<125:38:27, 0.051s/step step= 1058000 episodes= 2204 eps=0.050 replay= 39936 loss=0.00012 ext100=0.000 total100=0.087
[eval] step=1060000 episodes=2209 mean_ext_return=0.000
[train] 14:53:54<125:39:15, 0.051s/step step= 1060000 episodes= 2209 eps=0.050 replay= 39936 loss=0.00002 ext100=0.000 total100=0.085
[train] 14:55:38<125:37:57, 0.051s/step step= 1062000 episodes= 2213 eps=0.050 replay= 39936 loss=0.00002 ext100=0.000 total100=0.083
[train] 14:57:22<125:36:35, 0.051s/step step= 1064000 episodes= 2217 eps=0.050 replay= 39936 loss=0.00003 ext100=0.000 total100=0.083
[train] 14:59:06<125:35:14, 0.051s/step step= 1066000 episodes= 2221 eps=0.050 replay= 39936 loss=0.00003 ext100=0.000 total100=0.081
[train] 15:00:49<125:33:53, 0.051s/step step= 1068000 episodes= 2225 eps=0.050 replay= 39936 loss=0.00002 ext100=0.000 total100=0.080
[train] 15:02:33<125:32:34, 0.051s/step step= 1070000 episodes= 2229 eps=0.050 replay= 39936 loss=0.00002 ext100=0.000 total100=0.079
[train] 15:04:17<125:31:12, 0.051s/step step= 1072000 episodes= 2234 eps=0.050 replay= 39936 loss=0.00002 ext100=0.000 total100=0.077
[train] 15:06:01<125:29:55, 0.051s/step step= 1074000 episodes= 2238 eps=0.050 replay= 39936 loss=0.00005 ext100=0.000 total100=0.076
[train] 15:07:44<125:28:31, 0.051s/step step= 1076000 episodes= 2242 eps=0.050 replay= 39936 loss=0.00003 ext100=0.000 total100=0.075
[train] 15:09:28<125:27:10, 0.051s/step step= 1078000 episodes= 2246 eps=0.050 replay= 39936 loss=0.00003 ext100=0.000 total100=0.074
[eval] step=1080000 episodes=2250 mean_ext_return=0.000
[train] 15:11:26<125:27:53, 0.051s/step step= 1080000 episodes= 2250 eps=0.050 replay= 39936 loss=0.00002 ext100=0.000 total100=0.072
[train] 15:13:10<125:26:34, 0.051s/step step= 1082000 episodes= 2254 eps=0.050 replay= 39936 loss=0.00003 ext100=0.000 total100=0.072
[train] 15:14:54<125:25:11, 0.051s/step step= 1084000 episodes= 2259 eps=0.050 replay= 39936 loss=0.00002 ext100=0.000 total100=0.069
[train] 15:16:37<125:23:48, 0.051s/step step= 1086000 episodes= 2263 eps=0.050 replay= 39936 loss=0.00002 ext100=0.000 total100=0.070
[train] 15:18:21<125:22:25, 0.051s/step step= 1088000 episodes= 2267 eps=0.050 replay= 39936 loss=0.00002 ext100=0.000 total100=0.070
[train] 15:20:05<125:21:05, 0.051s/step step= 1090000 episodes= 2271 eps=0.050 replay= 39936 loss=0.00004 ext100=0.000 total100=0.067
[train] 15:21:48<125:19:42, 0.051s/step step= 1092000 episodes= 2275 eps=0.050 replay= 39936 loss=0.00002 ext100=0.000 total100=0.064
[train] 15:23:32<125:18:22, 0.051s/step step= 1094000 episodes= 2279 eps=0.050 replay= 39936 loss=0.00001 ext100=0.000 total100=0.066
[train] 15:25:16<125:16:58, 0.051s/step step= 1096000 episodes= 2284 eps=0.050 replay= 39936 loss=0.00002 ext100=0.000 total100=0.065
[train] 15:26:59<125:15:34, 0.051s/step step= 1098000 episodes= 2288 eps=0.050 replay= 39936 loss=0.00004 ext100=0.000 total100=0.064
[eval] step=1100000 episodes=2292 mean_ext_return=0.000
[train] 15:28:58<125:16:13, 0.051s/step step= 1100000 episodes= 2292 eps=0.050 replay= 39936 loss=0.00002 ext100=0.000 total100=0.062
[train] 15:30:42<125:14:53, 0.051s/step step= 1102000 episodes= 2296 eps=0.050 replay= 39936 loss=0.00002 ext100=0.000 total100=0.060
[train] 15:32:25<125:13:29, 0.051s/step step= 1104000 episodes= 2300 eps=0.050 replay= 39936 loss=0.00002 ext100=0.000 total100=0.059
[train] 15:34:09<125:12:04, 0.051s/step step= 1106000 episodes= 2304 eps=0.050 replay= 39936 loss=0.00004 ext100=0.000 total100=0.056
[train] 15:35:52<125:10:41, 0.051s/step step= 1108000 episodes= 2309 eps=0.050 replay= 39936 loss=0.00002 ext100=0.000 total100=0.054
[train] 15:37:36<125:09:20, 0.051s/step step= 1110000 episodes= 2313 eps=0.050 replay= 39936 loss=0.00003 ext100=0.000 total100=0.055
[train] 15:39:20<125:07:55, 0.051s/step step= 1112000 episodes= 2317 eps=0.050 replay= 39936 loss=0.00002 ext100=0.000 total100=0.057
[train] 15:41:04<125:06:36, 0.051s/step step= 1114000 episodes= 2321 eps=0.050 replay= 39936 loss=0.00003 ext100=0.000 total100=0.058
[train] 15:42:47<125:05:12, 0.051s/step step= 1116000 episodes= 2325 eps=0.050 replay= 39936 loss=0.00003 ext100=0.000 total100=0.060
[train] 15:44:31<125:03:48, 0.051s/step step= 1118000 episodes= 2329 eps=0.050 replay= 39936 loss=0.00002 ext100=0.000 total100=0.059
[eval] step=1120000 episodes=2334 mean_ext_return=0.000
[train] 15:46:30<125:04:24, 0.051s/step step= 1120000 episodes= 2334 eps=0.050 replay= 39936 loss=0.00001 ext100=0.000 total100=0.060
[train] 15:48:14<125:03:02, 0.051s/step step= 1122000 episodes= 2338 eps=0.050 replay= 39936 loss=0.00004 ext100=0.000 total100=0.058
[train] 15:49:57<125:01:37, 0.051s/step step= 1124000 episodes= 2342 eps=0.050 replay= 39936 loss=0.00002 ext100=0.000 total100=0.059
[train] 15:51:41<125:00:13, 0.051s/step step= 1126000 episodes= 2346 eps=0.050 replay= 39936 loss=0.00002 ext100=0.000 total100=0.059
[train] 15:53:24<124:58:48, 0.051s/step step= 1128000 episodes= 2350 eps=0.050 replay= 39936 loss=0.00002 ext100=0.000 total100=0.059
[train] 15:55:08<124:57:25, 0.051s/step step= 1130000 episodes= 2354 eps=0.050 replay= 39936 loss=0.00008 ext100=0.000 total100=0.059
[train] 15:56:51<124:56:00, 0.051s/step step= 1132000 episodes= 2359 eps=0.050 replay= 39936 loss=0.00001 ext100=0.000 total100=0.062
[train] 15:58:35<124:54:39, 0.051s/step step= 1134000 episodes= 2363 eps=0.050 replay= 39936 loss=0.00002 ext100=0.000 total100=0.061
[train] 16:00:19<124:53:14, 0.051s/step step= 1136000 episodes= 2367 eps=0.050 replay= 39936 loss=0.00002 ext100=0.000 total100=0.060
[train] 16:02:03<124:51:49, 0.051s/step step= 1138000 episodes= 2371 eps=0.050 replay= 39936 loss=0.00003 ext100=0.000 total100=0.061
[eval] step=1140000 episodes=2375 mean_ext_return=0.000
[train] 16:04:01<124:52:21, 0.051s/step step= 1140000 episodes= 2375 eps=0.050 replay= 39936 loss=0.00001 ext100=0.000 total100=0.064
[train] 16:05:45<124:50:58, 0.051s/step step= 1142000 episodes= 2379 eps=0.050 replay= 39936 loss=0.00001 ext100=0.000 total100=0.065
[train] 16:07:29<124:49:32, 0.051s/step step= 1144000 episodes= 2384 eps=0.050 replay= 39936 loss=0.00001 ext100=0.000 total100=0.065
[train] 16:09:12<124:48:06, 0.051s/step step= 1146000 episodes= 2388 eps=0.050 replay= 39936 loss=0.00004 ext100=0.000 total100=0.065
[train] 16:10:56<124:46:41, 0.051s/step step= 1148000 episodes= 2392 eps=0.050 replay= 39936 loss=0.00002 ext100=0.000 total100=0.067
[train] 16:12:39<124:45:17, 0.051s/step step= 1150000 episodes= 2396 eps=0.050 replay= 39936 loss=0.00002 ext100=0.000 total100=0.067
[train] 16:14:23<124:43:51, 0.051s/step step= 1152000 episodes= 2400 eps=0.050 replay= 39936 loss=0.00002 ext100=0.000 total100=0.068
[train] 16:16:07<124:42:28, 0.051s/step step= 1154000 episodes= 2404 eps=0.050 replay= 39936 loss=0.00004 ext100=0.000 total100=0.070
[train] 16:17:50<124:41:02, 0.051s/step step= 1156000 episodes= 2409 eps=0.050 replay= 39936 loss=0.00002 ext100=0.000 total100=0.073
[train] 16:19:34<124:39:36, 0.051s/step step= 1158000 episodes= 2413 eps=0.050 replay= 39936 loss=0.00001 ext100=0.000 total100=0.072
[eval] step=1160000 episodes=2417 mean_ext_return=0.000
[train] 16:21:33<124:40:05, 0.051s/step step= 1160000 episodes= 2417 eps=0.050 replay= 39936 loss=0.00001 ext100=0.000 total100=0.070
[train] 16:23:16<124:38:42, 0.051s/step step= 1162000 episodes= 2421 eps=0.050 replay= 39936 loss=0.00003 ext100=0.000 total100=0.069
[train] 16:25:00<124:37:15, 0.051s/step step= 1164000 episodes= 2425 eps=0.050 replay= 39936 loss=0.00002 ext100=0.000 total100=0.068
[train] 16:26:44<124:35:49, 0.051s/step step= 1166000 episodes= 2429 eps=0.050 replay= 39936 loss=0.00002 ext100=0.000 total100=0.070
[train] 16:28:27<124:34:23, 0.051s/step step= 1168000 episodes= 2434 eps=0.050 replay= 39936 loss=0.00002 ext100=0.000 total100=0.069
[train] 16:30:11<124:32:59, 0.051s/step step= 1170000 episodes= 2438 eps=0.050 replay= 39936 loss=0.00003 ext100=0.000 total100=0.070
[train] 16:31:55<124:31:33, 0.051s/step step= 1172000 episodes= 2442 eps=0.050 replay= 39936 loss=0.00002 ext100=0.000 total100=0.068
[train] 16:33:39<124:30:09, 0.051s/step step= 1174000 episodes= 2446 eps=0.050 replay= 39936 loss=0.00002 ext100=0.000 total100=0.066
[train] 16:35:22<124:28:44, 0.051s/step step= 1176000 episodes= 2450 eps=0.050 replay= 39936 loss=0.00002 ext100=0.000 total100=0.066
[train] 16:37:06<124:27:16, 0.051s/step step= 1178000 episodes= 2454 eps=0.050 replay= 39936 loss=0.00002 ext100=0.000 total100=0.066
[eval] step=1180000 episodes=2459 mean_ext_return=0.000
[train] 16:39:05<124:27:43, 0.051s/step step= 1180000 episodes= 2459 eps=0.050 replay= 39936 loss=0.00001 ext100=0.000 total100=0.064
[train] 16:40:48<124:26:19, 0.051s/step step= 1182000 episodes= 2463 eps=0.050 replay= 39936 loss=0.00002 ext100=0.000 total100=0.063
[train] 16:42:32<124:24:51, 0.051s/step step= 1184000 episodes= 2467 eps=0.050 replay= 39936 loss=0.00001 ext100=0.000 total100=0.065
[train] 16:44:15<124:23:23, 0.051s/step step= 1186000 episodes= 2471 eps=0.050 replay= 39936 loss=0.00003 ext100=0.000 total100=0.066
[train] 16:45:59<124:21:57, 0.051s/step step= 1188000 episodes= 2475 eps=0.050 replay= 39936 loss=0.00002 ext100=0.000 total100=0.065
[train] 16:47:43<124:20:33, 0.051s/step step= 1190000 episodes= 2479 eps=0.050 replay= 39936 loss=0.00001 ext100=0.000 total100=0.065
[train] 16:49:26<124:19:04, 0.051s/step step= 1192000 episodes= 2484 eps=0.050 replay= 39936 loss=0.00001 ext100=0.000 total100=0.064
[train] 16:51:10<124:17:40, 0.051s/step step= 1194000 episodes= 2488 eps=0.050 replay= 39936 loss=0.00003 ext100=0.000 total100=0.064
[train] 16:52:54<124:16:12, 0.051s/step step= 1196000 episodes= 2492 eps=0.050 replay= 39936 loss=0.00001 ext100=0.000 total100=0.063
[train] 16:54:37<124:14:44, 0.051s/step step= 1198000 episodes= 2496 eps=0.050 replay= 39936 loss=0.00001 ext100=0.000 total100=0.064
[eval] step=1200000 episodes=2500 mean_ext_return=0.000
[train] 16:56:36<124:15:06, 0.051s/step step= 1200000 episodes= 2500 eps=0.050 replay= 39936 loss=0.00001 ext100=0.000 total100=0.064
[train] 16:58:20<124:13:43, 0.051s/step step= 1202000 episodes= 2504 eps=0.050 replay= 39936 loss=0.00003 ext100=0.000 total100=0.063
[train] 17:00:03<124:12:14, 0.051s/step step= 1204000 episodes= 2509 eps=0.050 replay= 39936 loss=0.00002 ext100=0.000 total100=0.063
[train] 17:01:47<124:10:45, 0.051s/step step= 1206000 episodes= 2513 eps=0.050 replay= 39936 loss=0.00001 ext100=0.000 total100=0.063
[train] 17:03:30<124:09:18, 0.051s/step step= 1208000 episodes= 2517 eps=0.050 replay= 39936 loss=0.00002 ext100=0.000 total100=0.064
[train] 17:05:14<124:07:51, 0.051s/step step= 1210000 episodes= 2521 eps=0.050 replay= 39936 loss=0.00003 ext100=0.000 total100=0.064
[train] 17:06:58<124:06:21, 0.051s/step step= 1212000 episodes= 2525 eps=0.050 replay= 39936 loss=0.00001 ext100=0.000 total100=0.064
[train] 17:08:42<124:04:56, 0.051s/step step= 1214000 episodes= 2529 eps=0.050 replay= 39936 loss=0.00002 ext100=0.000 total100=0.063
[train] 17:10:25<124:03:28, 0.051s/step step= 1216000 episodes= 2534 eps=0.050 replay= 39936 loss=0.00002 ext100=0.000 total100=0.063
[train] 17:12:08<124:01:58, 0.051s/step step= 1218000 episodes= 2538 eps=0.050 replay= 39936 loss=0.00002 ext100=0.000 total100=0.063
[eval] step=1220000 episodes=2542 mean_ext_return=0.000
[train] 17:14:07<124:02:17, 0.051s/step step= 1220000 episodes= 2542 eps=0.050 replay= 39936 loss=0.00001 ext100=0.000 total100=0.065
[train] 17:15:51<124:00:51, 0.051s/step step= 1222000 episodes= 2546 eps=0.050 replay= 39936 loss=0.00001 ext100=0.000 total100=0.066
[train] 17:17:34<123:59:23, 0.051s/step step= 1224000 episodes= 2550 eps=0.050 replay= 39936 loss=0.00001 ext100=0.000 total100=0.069
[train] 17:19:18<123:57:54, 0.051s/step step= 1226000 episodes= 2554 eps=0.050 replay= 39936 loss=0.00003 ext100=0.000 total100=0.069
[train] 17:21:02<123:56:26, 0.051s/step step= 1228000 episodes= 2559 eps=0.050 replay= 39936 loss=0.00002 ext100=0.000 total100=0.070
[train] 17:22:45<123:54:59, 0.051s/step step= 1230000 episodes= 2563 eps=0.050 replay= 39936 loss=0.00001 ext100=0.000 total100=0.070
[train] 17:24:29<123:53:29, 0.051s/step step= 1232000 episodes= 2567 eps=0.050 replay= 39936 loss=0.00002 ext100=0.000 total100=0.072
[train] 17:26:13<123:52:02, 0.051s/step step= 1234000 episodes= 2571 eps=0.050 replay= 39936 loss=0.00004 ext100=0.000 total100=0.070
[train] 17:27:56<123:50:34, 0.051s/step step= 1236000 episodes= 2575 eps=0.050 replay= 39936 loss=0.00002 ext100=0.000 total100=0.071
[train] 17:29:40<123:49:04, 0.051s/step step= 1238000 episodes= 2579 eps=0.050 replay= 39936 loss=0.00001 ext100=0.000 total100=0.070
[eval] step=1240000 episodes=2584 mean_ext_return=0.000
[train] 17:31:38<123:49:22, 0.051s/step step= 1240000 episodes= 2584 eps=0.050 replay= 39936 loss=0.00001 ext100=0.000 total100=0.070
[train] 17:33:22<123:47:56, 0.051s/step step= 1242000 episodes= 2588 eps=0.050 replay= 39936 loss=0.00004 ext100=0.000 total100=0.070
[train] 17:35:06<123:46:26, 0.051s/step step= 1244000 episodes= 2592 eps=0.050 replay= 39936 loss=0.00002 ext100=0.000 total100=0.070
[train] 17:36:49<123:44:56, 0.051s/step step= 1246000 episodes= 2596 eps=0.050 replay= 39936 loss=0.00001 ext100=0.000 total100=0.070
[train] 17:38:33<123:43:28, 0.051s/step step= 1248000 episodes= 2600 eps=0.050 replay= 39936 loss=0.00002 ext100=0.000 total100=0.070
[train] 17:40:17<123:41:59, 0.051s/step step= 1250000 episodes= 2604 eps=0.050 replay= 39936 loss=0.00002 ext100=0.000 total100=0.071
[train] 17:42:00<123:40:30, 0.051s/step step= 1252000 episodes= 2609 eps=0.050 replay= 39936 loss=0.00002 ext100=0.000 total100=0.071
[train] 17:43:44<123:39:02, 0.051s/step step= 1254000 episodes= 2613 eps=0.050 replay= 39936 loss=0.00002 ext100=0.000 total100=0.071
[train] 17:45:28<123:37:34, 0.051s/step step= 1256000 episodes= 2617 eps=0.050 replay= 39936 loss=0.00003 ext100=0.000 total100=0.068
[train] 17:47:11<123:36:03, 0.051s/step step= 1258000 episodes= 2621 eps=0.050 replay= 39936 loss=0.00002 ext100=0.000 total100=0.069
[eval] step=1260000 episodes=2625 mean_ext_return=0.000
[train] 17:49:10<123:36:18, 0.051s/step step= 1260000 episodes= 2625 eps=0.050 replay= 39936 loss=0.00001 ext100=0.000 total100=0.067
[train] 17:50:54<123:34:52, 0.051s/step step= 1262000 episodes= 2629 eps=0.050 replay= 39936 loss=0.00001 ext100=0.000 total100=0.065
[train] 17:52:37<123:33:22, 0.051s/step step= 1264000 episodes= 2634 eps=0.050 replay= 39936 loss=0.00001 ext100=0.000 total100=0.066
[train] 17:54:21<123:31:51, 0.051s/step step= 1266000 episodes= 2638 eps=0.050 replay= 39936 loss=0.00001 ext100=0.000 total100=0.067
[train] 17:56:05<123:30:22, 0.051s/step step= 1268000 episodes= 2642 eps=0.050 replay= 39936 loss=0.00001 ext100=0.000 total100=0.066
[train] 17:57:48<123:28:54, 0.051s/step step= 1270000 episodes= 2646 eps=0.050 replay= 39936 loss=0.00001 ext100=0.000 total100=0.067
[train] 17:59:32<123:27:24, 0.051s/step step= 1272000 episodes= 2650 eps=0.050 replay= 39936 loss=0.00001 ext100=0.000 total100=0.065
[train] 18:01:16<123:25:58, 0.051s/step step= 1274000 episodes= 2654 eps=0.050 replay= 39936 loss=0.00004 ext100=0.000 total100=0.065
[train] 18:03:00<123:24:28, 0.051s/step step= 1276000 episodes= 2659 eps=0.050 replay= 39936 loss=0.00002 ext100=0.000 total100=0.064
[train] 18:04:43<123:22:57, 0.051s/step step= 1278000 episodes= 2663 eps=0.050 replay= 39936 loss=0.00002 ext100=0.000 total100=0.064
[eval] step=1280000 episodes=2667 mean_ext_return=0.000
[train] 18:06:42<123:23:09, 0.051s/step step= 1280000 episodes= 2667 eps=0.050 replay= 39936 loss=0.00001 ext100=0.000 total100=0.061
[train] 18:08:26<123:21:41, 0.051s/step step= 1282000 episodes= 2671 eps=0.050 replay= 39936 loss=0.00003 ext100=0.000 total100=0.062
[train] 18:10:09<123:20:11, 0.051s/step step= 1284000 episodes= 2675 eps=0.050 replay= 39936 loss=0.00003 ext100=0.000 total100=0.060
[train] 18:11:53<123:18:41, 0.051s/step step= 1286000 episodes= 2679 eps=0.050 replay= 39936 loss=0.00001 ext100=0.000 total100=0.060
[train] 18:13:37<123:17:11, 0.051s/step step= 1288000 episodes= 2684 eps=0.050 replay= 39936 loss=0.00001 ext100=0.000 total100=0.061
[train] 18:15:20<123:15:42, 0.051s/step step= 1290000 episodes= 2688 eps=0.050 replay= 39936 loss=0.00005 ext100=0.000 total100=0.062
[train] 18:17:04<123:14:11, 0.051s/step step= 1292000 episodes= 2692 eps=0.050 replay= 39936 loss=0.00002 ext100=0.000 total100=0.063
[train] 18:18:48<123:12:43, 0.051s/step step= 1294000 episodes= 2696 eps=0.050 replay= 39936 loss=0.00002 ext100=0.000 total100=0.063
[train] 18:20:31<123:11:13, 0.051s/step step= 1296000 episodes= 2700 eps=0.050 replay= 39936 loss=0.00002 ext100=0.000 total100=0.063
[train] 18:22:15<123:09:41, 0.051s/step step= 1298000 episodes= 2704 eps=0.050 replay= 39936 loss=0.00005 ext100=0.000 total100=0.062
[eval] step=1300000 episodes=2709 mean_ext_return=0.000
[train] 18:24:14<123:09:52, 0.051s/step step= 1300000 episodes= 2709 eps=0.050 replay= 39936 loss=0.00001 ext100=0.000 total100=0.062
[train] 18:25:58<123:08:24, 0.051s/step step= 1302000 episodes= 2713 eps=0.050 replay= 39936 loss=0.00002 ext100=0.000 total100=0.062
[train] 18:27:41<123:06:53, 0.051s/step step= 1304000 episodes= 2717 eps=0.050 replay= 39936 loss=0.00003 ext100=0.000 total100=0.064
[train] 18:29:25<123:05:21, 0.051s/step step= 1306000 episodes= 2721 eps=0.050 replay= 39936 loss=0.00003 ext100=0.000 total100=0.063
[train] 18:31:08<123:03:51, 0.051s/step step= 1308000 episodes= 2725 eps=0.050 replay= 39936 loss=0.00002 ext100=0.000 total100=0.067
[train] 18:32:52<123:02:21, 0.051s/step step= 1310000 episodes= 2729 eps=0.050 replay= 39936 loss=0.00002 ext100=0.000 total100=0.068
[train] 18:34:36<123:00:50, 0.051s/step step= 1312000 episodes= 2734 eps=0.050 replay= 39936 loss=0.00002 ext100=0.000 total100=0.065
[train] 18:36:19<122:59:20, 0.051s/step step= 1314000 episodes= 2738 eps=0.050 replay= 39936 loss=0.00004 ext100=0.000 total100=0.065
[train] 18:38:03<122:57:49, 0.051s/step step= 1316000 episodes= 2742 eps=0.050 replay= 39936 loss=0.00002 ext100=0.000 total100=0.066
[train] 18:39:46<122:56:16, 0.051s/step step= 1318000 episodes= 2746 eps=0.050 replay= 39936 loss=0.00001 ext100=0.000 total100=0.067
[eval] step=1320000 episodes=2750 mean_ext_return=0.000
[train] 18:41:45<122:56:23, 0.051s/step step= 1320000 episodes= 2750 eps=0.050 replay= 39936 loss=0.00002 ext100=0.000 total100=0.064
[train] 18:43:29<122:54:54, 0.051s/step step= 1322000 episodes= 2754 eps=0.050 replay= 39936 loss=0.00003 ext100=0.000 total100=0.063
[train] 18:45:12<122:53:22, 0.051s/step step= 1324000 episodes= 2759 eps=0.050 replay= 39936 loss=0.00001 ext100=0.000 total100=0.063
[train] 18:46:56<122:51:51, 0.051s/step step= 1326000 episodes= 2763 eps=0.050 replay= 39936 loss=0.00001 ext100=0.000 total100=0.063
[train] 18:48:40<122:50:20, 0.051s/step step= 1328000 episodes= 2767 eps=0.050 replay= 39936 loss=0.00002 ext100=0.000 total100=0.064
[train] 18:50:23<122:48:49, 0.051s/step step= 1330000 episodes= 2771 eps=0.050 replay= 39936 loss=0.00003 ext100=0.000 total100=0.063
[train] 18:52:07<122:47:17, 0.051s/step step= 1332000 episodes= 2775 eps=0.050 replay= 39936 loss=0.00002 ext100=0.000 total100=0.064
[train] 18:53:51<122:45:47, 0.051s/step step= 1334000 episodes= 2779 eps=0.050 replay= 39936 loss=0.00001 ext100=0.000 total100=0.064
[train] 18:55:35<122:44:17, 0.051s/step step= 1336000 episodes= 2784 eps=0.050 replay= 39936 loss=0.00002 ext100=0.000 total100=0.063
[train] 18:57:18<122:42:44, 0.051s/step step= 1338000 episodes= 2788 eps=0.050 replay= 39936 loss=0.00004 ext100=0.000 total100=0.063
[eval] step=1340000 episodes=2792 mean_ext_return=0.000
[train] 18:59:16<122:42:49, 0.051s/step step= 1340000 episodes= 2792 eps=0.050 replay= 39936 loss=0.00001 ext100=0.000 total100=0.062
[train] 19:01:00<122:41:20, 0.051s/step step= 1342000 episodes= 2796 eps=0.050 replay= 39936 loss=0.00002 ext100=0.000 total100=0.061
[train] 19:02:44<122:39:47, 0.051s/step step= 1344000 episodes= 2800 eps=0.050 replay= 39936 loss=0.00001 ext100=0.000 total100=0.061
[train] 19:04:27<122:38:14, 0.051s/step step= 1346000 episodes= 2804 eps=0.050 replay= 39936 loss=0.00003 ext100=0.000 total100=0.061
[train] 19:06:11<122:36:43, 0.051s/step step= 1348000 episodes= 2809 eps=0.050 replay= 39936 loss=0.00001 ext100=0.000 total100=0.061
[train] 19:07:55<122:35:11, 0.051s/step step= 1350000 episodes= 2813 eps=0.050 replay= 39936 loss=0.00002 ext100=0.000 total100=0.060
[train] 19:09:38<122:33:39, 0.051s/step step= 1352000 episodes= 2817 eps=0.050 replay= 39936 loss=0.00002 ext100=0.000 total100=0.058
[train] 19:11:22<122:32:10, 0.051s/step step= 1354000 episodes= 2821 eps=0.050 replay= 39936 loss=0.00002 ext100=0.000 total100=0.058
[train] 19:13:06<122:30:38, 0.051s/step step= 1356000 episodes= 2825 eps=0.050 replay= 39936 loss=0.00002 ext100=0.000 total100=0.055
[train] 19:14:49<122:29:03, 0.051s/step step= 1358000 episodes= 2829 eps=0.050 replay= 39936 loss=0.00001 ext100=0.000 total100=0.056
[eval] step=1360000 episodes=2834 mean_ext_return=0.000
[train] 19:16:48<122:29:05, 0.051s/step step= 1360000 episodes= 2834 eps=0.050 replay= 39936 loss=0.00001 ext100=0.000 total100=0.057
[train] 19:18:32<122:27:35, 0.051s/step step= 1362000 episodes= 2838 eps=0.050 replay= 39936 loss=0.00004 ext100=0.000 total100=0.056
[train] 19:20:15<122:26:03, 0.051s/step step= 1364000 episodes= 2842 eps=0.050 replay= 39936 loss=0.00002 ext100=0.000 total100=0.056
[train] 19:21:59<122:24:30, 0.051s/step step= 1366000 episodes= 2846 eps=0.050 replay= 39936 loss=0.00001 ext100=0.000 total100=0.055
[train] 19:23:42<122:22:58, 0.051s/step step= 1368000 episodes= 2850 eps=0.050 replay= 39936 loss=0.00001 ext100=0.000 total100=0.057
[train] 19:25:26<122:21:26, 0.051s/step step= 1370000 episodes= 2854 eps=0.050 replay= 39936 loss=0.00005 ext100=0.000 total100=0.058
[train] 19:27:10<122:19:53, 0.051s/step step= 1372000 episodes= 2859 eps=0.050 replay= 39936 loss=0.00002 ext100=0.000 total100=0.057
[train] 19:28:54<122:18:23, 0.051s/step step= 1374000 episodes= 2863 eps=0.050 replay= 39936 loss=0.00001 ext100=0.000 total100=0.056
[train] 19:30:38<122:16:52, 0.051s/step step= 1376000 episodes= 2867 eps=0.050 replay= 39936 loss=0.00002 ext100=0.000 total100=0.056
[train] 19:32:21<122:15:17, 0.051s/step step= 1378000 episodes= 2871 eps=0.050 replay= 39936 loss=0.00003 ext100=0.000 total100=0.055
[eval] step=1380000 episodes=2875 mean_ext_return=0.000
[train] 19:34:19<122:15:18, 0.051s/step step= 1380000 episodes= 2875 eps=0.050 replay= 39936 loss=0.00001 ext100=0.000 total100=0.056
[train] 19:36:03<122:13:47, 0.051s/step step= 1382000 episodes= 2879 eps=0.050 replay= 39936 loss=0.00001 ext100=0.000 total100=0.057
[train] 19:37:47<122:12:14, 0.051s/step step= 1384000 episodes= 2884 eps=0.050 replay= 39936 loss=0.00001 ext100=0.000 total100=0.057
[train] 19:39:30<122:10:41, 0.051s/step step= 1386000 episodes= 2888 eps=0.050 replay= 39936 loss=0.00003 ext100=0.000 total100=0.057
[train] 19:41:14<122:09:07, 0.051s/step step= 1388000 episodes= 2892 eps=0.050 replay= 39936 loss=0.00001 ext100=0.000 total100=0.056
[train] 19:42:58<122:07:36, 0.051s/step step= 1390000 episodes= 2896 eps=0.050 replay= 39936 loss=0.00001 ext100=0.000 total100=0.056
[train] 19:44:41<122:06:01, 0.051s/step step= 1392000 episodes= 2900 eps=0.050 replay= 39936 loss=0.00001 ext100=0.000 total100=0.056
[train] 19:46:25<122:04:30, 0.051s/step step= 1394000 episodes= 2904 eps=0.050 replay= 39936 loss=0.00002 ext100=0.000 total100=0.055
[train] 19:48:09<122:02:59, 0.051s/step step= 1396000 episodes= 2909 eps=0.050 replay= 39936 loss=0.00001 ext100=0.000 total100=0.055
[train] 19:49:52<122:01:23, 0.051s/step step= 1398000 episodes= 2913 eps=0.050 replay= 39936 loss=0.00001 ext100=0.000 total100=0.057
[eval] step=1400000 episodes=2917 mean_ext_return=0.000
[train] 19:51:51<122:01:23, 0.051s/step step= 1400000 episodes= 2917 eps=0.050 replay= 39936 loss=0.00001 ext100=0.000 total100=0.059
[train] 19:53:35<121:59:51, 0.051s/step step= 1402000 episodes= 2921 eps=0.050 replay= 39936 loss=0.00002 ext100=0.000 total100=0.058
[train] 19:55:18<121:58:17, 0.051s/step step= 1404000 episodes= 2925 eps=0.050 replay= 39936 loss=0.00002 ext100=0.000 total100=0.058
[train] 19:57:02<121:56:44, 0.051s/step step= 1406000 episodes= 2929 eps=0.050 replay= 39936 loss=0.00001 ext100=0.000 total100=0.058
[train] 19:58:45<121:55:11, 0.051s/step step= 1408000 episodes= 2934 eps=0.050 replay= 39936 loss=0.00001 ext100=0.000 total100=0.058
[train] 20:00:29<121:53:39, 0.051s/step step= 1410000 episodes= 2938 eps=0.050 replay= 39936 loss=0.00004 ext100=0.000 total100=0.060
[train] 20:02:13<121:52:05, 0.051s/step step= 1412000 episodes= 2942 eps=0.050 replay= 39936 loss=0.00001 ext100=0.000 total100=0.060
[train] 20:03:57<121:50:34, 0.051s/step step= 1414000 episodes= 2946 eps=0.050 replay= 39936 loss=0.00001 ext100=0.000 total100=0.059
[train] 20:05:41<121:49:03, 0.051s/step step= 1416000 episodes= 2950 eps=0.050 replay= 39936 loss=0.00001 ext100=0.000 total100=0.059
[train] 20:07:24<121:47:26, 0.051s/step step= 1418000 episodes= 2954 eps=0.050 replay= 39936 loss=0.00003 ext100=0.000 total100=0.058
[eval] step=1420000 episodes=2959 mean_ext_return=0.000
[train] 20:09:23<121:47:25, 0.051s/step step= 1420000 episodes= 2959 eps=0.050 replay= 39936 loss=0.00001 ext100=0.000 total100=0.059
[train] 20:11:07<121:45:52, 0.051s/step step= 1422000 episodes= 2963 eps=0.050 replay= 39936 loss=0.00001 ext100=0.000 total100=0.060
[train] 20:12:50<121:44:18, 0.051s/step step= 1424000 episodes= 2967 eps=0.050 replay= 39936 loss=0.00001 ext100=0.000 total100=0.059
[train] 20:14:33<121:42:43, 0.051s/step step= 1426000 episodes= 2971 eps=0.050 replay= 39936 loss=0.00002 ext100=0.000 total100=0.060
[train] 20:16:17<121:41:10, 0.051s/step step= 1428000 episodes= 2975 eps=0.050 replay= 39936 loss=0.00001 ext100=0.000 total100=0.060
[train] 20:18:01<121:39:37, 0.051s/step step= 1430000 episodes= 2979 eps=0.050 replay= 39936 loss=0.00001 ext100=0.000 total100=0.060
[train] 20:19:45<121:38:03, 0.051s/step step= 1432000 episodes= 2984 eps=0.050 replay= 39936 loss=0.00001 ext100=0.000 total100=0.060
[train] 20:21:29<121:36:32, 0.051s/step step= 1434000 episodes= 2988 eps=0.050 replay= 39936 loss=0.00003 ext100=0.000 total100=0.062
[train] 20:23:12<121:34:59, 0.051s/step step= 1436000 episodes= 2992 eps=0.050 replay= 39936 loss=0.00001 ext100=0.000 total100=0.060
[train] 20:24:56<121:33:23, 0.051s/step step= 1438000 episodes= 2996 eps=0.050 replay= 39936 loss=0.00001 ext100=0.000 total100=0.061
[eval] step=1440000 episodes=3000 mean_ext_return=0.000
[train] 20:26:54<121:33:20, 0.051s/step step= 1440000 episodes= 3000 eps=0.050 replay= 39936 loss=0.00001 ext100=0.000 total100=0.063
[train] 20:28:38<121:31:46, 0.051s/step step= 1442000 episodes= 3004 eps=0.050 replay= 39936 loss=0.00003 ext100=0.000 total100=0.064
[train] 20:30:22<121:30:12, 0.051s/step step= 1444000 episodes= 3009 eps=0.050 replay= 39936 loss=0.00003 ext100=0.000 total100=0.064
[train] 20:32:05<121:28:37, 0.051s/step step= 1446000 episodes= 3013 eps=0.050 replay= 39936 loss=0.00001 ext100=0.000 total100=0.064
[train] 20:33:49<121:27:03, 0.051s/step step= 1448000 episodes= 3017 eps=0.050 replay= 39936 loss=0.00001 ext100=0.000 total100=0.064
[train] 20:35:33<121:25:31, 0.051s/step step= 1450000 episodes= 3021 eps=0.050 replay= 39936 loss=0.00002 ext100=0.000 total100=0.065
[train] 20:37:17<121:23:57, 0.051s/step step= 1452000 episodes= 3025 eps=0.050 replay= 39936 loss=0.00001 ext100=0.000 total100=0.066
[train] 20:39:01<121:22:25, 0.051s/step step= 1454000 episodes= 3029 eps=0.050 replay= 39936 loss=0.00001 ext100=0.000 total100=0.066
[train] 20:40:44<121:20:52, 0.051s/step step= 1456000 episodes= 3034 eps=0.050 replay= 39936 loss=0.00001 ext100=0.000 total100=0.067
[train] 20:42:27<121:19:15, 0.051s/step step= 1458000 episodes= 3038 eps=0.050 replay= 39936 loss=0.00003 ext100=0.000 total100=0.065
[eval] step=1460000 episodes=3042 mean_ext_return=0.000
[train] 20:44:26<121:19:09, 0.051s/step step= 1460000 episodes= 3042 eps=0.050 replay= 39936 loss=0.00001 ext100=0.000 total100=0.065
[train] 20:46:10<121:17:35, 0.051s/step step= 1462000 episodes= 3046 eps=0.050 replay= 39936 loss=0.00001 ext100=0.000 total100=0.065
[train] 20:47:54<121:16:00, 0.051s/step step= 1464000 episodes= 3050 eps=0.050 replay= 39936 loss=0.00002 ext100=0.000 total100=0.065
[train] 20:49:37<121:14:25, 0.051s/step step= 1466000 episodes= 3054 eps=0.050 replay= 39936 loss=0.00003 ext100=0.000 total100=0.065
[train] 20:51:21<121:12:52, 0.051s/step step= 1468000 episodes= 3059 eps=0.050 replay= 39936 loss=0.00001 ext100=0.000 total100=0.065
[train] 20:53:05<121:11:18, 0.051s/step step= 1470000 episodes= 3063 eps=0.050 replay= 39936 loss=0.00001 ext100=0.000 total100=0.065
[train] 20:54:48<121:09:43, 0.051s/step step= 1472000 episodes= 3067 eps=0.050 replay= 39936 loss=0.00001 ext100=0.000 total100=0.066
[train] 20:56:32<121:08:10, 0.051s/step step= 1474000 episodes= 3071 eps=0.050 replay= 39936 loss=0.00004 ext100=0.000 total100=0.065
[train] 20:58:16<121:06:37, 0.051s/step step= 1476000 episodes= 3075 eps=0.050 replay= 39936 loss=0.00002 ext100=0.000 total100=0.064
[train] 20:59:59<121:04:59, 0.051s/step step= 1478000 episodes= 3079 eps=0.050 replay= 39936 loss=0.00001 ext100=0.000 total100=0.063
[eval] step=1480000 episodes=3084 mean_ext_return=0.000
[train] 21:01:58<121:04:53, 0.051s/step step= 1480000 episodes= 3084 eps=0.050 replay= 39936 loss=0.00002 ext100=0.000 total100=0.062
[train] 21:03:42<121:03:18, 0.051s/step step= 1482000 episodes= 3088 eps=0.050 replay= 39936 loss=0.00002 ext100=0.000 total100=0.060
[train] 21:05:25<121:01:42, 0.051s/step step= 1484000 episodes= 3092 eps=0.050 replay= 39936 loss=0.00001 ext100=0.000 total100=0.061
[train] 21:07:09<121:00:07, 0.051s/step step= 1486000 episodes= 3096 eps=0.050 replay= 39936 loss=0.00001 ext100=0.000 total100=0.059
[train] 21:08:53<120:58:33, 0.051s/step step= 1488000 episodes= 3100 eps=0.050 replay= 39936 loss=0.00001 ext100=0.000 total100=0.059
[train] 21:10:36<120:56:59, 0.051s/step step= 1490000 episodes= 3104 eps=0.050 replay= 39936 loss=0.00001 ext100=0.000 total100=0.059
[train] 21:12:20<120:55:24, 0.051s/step step= 1492000 episodes= 3109 eps=0.050 replay= 39936 loss=0.00001 ext100=0.000 total100=0.059
[train] 21:14:04<120:53:51, 0.051s/step step= 1494000 episodes= 3113 eps=0.050 replay= 39936 loss=0.00001 ext100=0.000 total100=0.058
[train] 21:15:48<120:52:18, 0.051s/step step= 1496000 episodes= 3117 eps=0.050 replay= 39936 loss=0.00001 ext100=0.000 total100=0.057
[train] 21:17:31<120:50:40, 0.051s/step step= 1498000 episodes= 3121 eps=0.050 replay= 39936 loss=0.00003 ext100=0.000 total100=0.058
[eval] step=1500000 episodes=3125 mean_ext_return=0.000
[train] 21:19:30<120:50:32, 0.051s/step step= 1500000 episodes= 3125 eps=0.050 replay= 39936 loss=0.00000 ext100=0.000 total100=0.057
[train] 21:21:14<120:48:57, 0.051s/step step= 1502000 episodes= 3129 eps=0.050 replay= 39936 loss=0.00001 ext100=0.000 total100=0.056
[train] 21:22:57<120:47:20, 0.051s/step step= 1504000 episodes= 3134 eps=0.050 replay= 39936 loss=0.00001 ext100=0.000 total100=0.056
[train] 21:24:40<120:45:44, 0.051s/step step= 1506000 episodes= 3138 eps=0.050 replay= 39936 loss=0.00003 ext100=0.000 total100=0.058
[train] 21:26:24<120:44:09, 0.051s/step step= 1508000 episodes= 3142 eps=0.050 replay= 39936 loss=0.00001 ext100=0.000 total100=0.058
[train] 21:28:08<120:42:35, 0.051s/step step= 1510000 episodes= 3146 eps=0.050 replay= 39936 loss=0.00001 ext100=0.000 total100=0.058
[train] 21:29:51<120:40:59, 0.051s/step step= 1512000 episodes= 3150 eps=0.050 replay= 39936 loss=0.00001 ext100=0.000 total100=0.057
[train] 21:31:35<120:39:26, 0.051s/step step= 1514000 episodes= 3154 eps=0.050 replay= 39936 loss=0.00002 ext100=0.000 total100=0.058
[train] 21:33:19<120:37:53, 0.051s/step step= 1516000 episodes= 3159 eps=0.050 replay= 39936 loss=0.00001 ext100=0.000 total100=0.059
[train] 21:35:03<120:36:14, 0.051s/step step= 1518000 episodes= 3163 eps=0.050 replay= 39936 loss=0.00001 ext100=0.000 total100=0.058
[eval] step=1520000 episodes=3167 mean_ext_return=0.000
[train] 21:37:02<120:36:04, 0.051s/step step= 1520000 episodes= 3167 eps=0.050 replay= 39936 loss=0.00001 ext100=0.000 total100=0.059
[train] 21:38:45<120:34:30, 0.051s/step step= 1522000 episodes= 3171 eps=0.050 replay= 39936 loss=0.00002 ext100=0.000 total100=0.059
[train] 21:40:29<120:32:54, 0.051s/step step= 1524000 episodes= 3175 eps=0.050 replay= 39936 loss=0.00001 ext100=0.000 total100=0.059
[train] 21:42:12<120:31:18, 0.051s/step step= 1526000 episodes= 3179 eps=0.050 replay= 39936 loss=0.00001 ext100=0.000 total100=0.060
[train] 21:43:56<120:29:43, 0.051s/step step= 1528000 episodes= 3184 eps=0.050 replay= 39936 loss=0.00001 ext100=0.000 total100=0.060
[train] 21:45:40<120:28:09, 0.051s/step step= 1530000 episodes= 3188 eps=0.050 replay= 39936 loss=0.00002 ext100=0.000 total100=0.062
[train] 21:47:24<120:26:33, 0.051s/step step= 1532000 episodes= 3192 eps=0.050 replay= 39936 loss=0.00001 ext100=0.000 total100=0.064
[train] 21:49:08<120:24:59, 0.051s/step step= 1534000 episodes= 3196 eps=0.050 replay= 39936 loss=0.00001 ext100=0.000 total100=0.065
[train] 21:50:52<120:23:26, 0.051s/step step= 1536000 episodes= 3200 eps=0.050 replay= 39936 loss=0.00001 ext100=0.000 total100=0.063
[train] 21:52:35<120:21:47, 0.051s/step step= 1538000 episodes= 3204 eps=0.050 replay= 39936 loss=0.00003 ext100=0.000 total100=0.062
[eval] step=1540000 episodes=3209 mean_ext_return=0.000
[train] 21:54:34<120:21:36, 0.051s/step step= 1540000 episodes= 3209 eps=0.050 replay= 39936 loss=0.00001 ext100=0.000 total100=0.063
[train] 21:56:17<120:20:00, 0.051s/step step= 1542000 episodes= 3213 eps=0.050 replay= 39936 loss=0.00001 ext100=0.000 total100=0.063
[train] 21:58:01<120:18:24, 0.051s/step step= 1544000 episodes= 3217 eps=0.050 replay= 39936 loss=0.00001 ext100=0.000 total100=0.063
[train] 21:59:44<120:16:46, 0.051s/step step= 1546000 episodes= 3221 eps=0.050 replay= 39936 loss=0.00001 ext100=0.000 total100=0.062
[train] 22:01:28<120:15:11, 0.051s/step step= 1548000 episodes= 3225 eps=0.050 replay= 39936 loss=0.00001 ext100=0.000 total100=0.061
[train] 22:03:12<120:13:36, 0.051s/step step= 1550000 episodes= 3229 eps=0.050 replay= 39936 loss=0.00001 ext100=0.000 total100=0.060
[train] 22:04:55<120:11:59, 0.051s/step step= 1552000 episodes= 3234 eps=0.050 replay= 39936 loss=0.00001 ext100=0.000 total100=0.060
[train] 22:06:39<120:10:26, 0.051s/step step= 1554000 episodes= 3238 eps=0.050 replay= 39936 loss=0.00001 ext100=0.000 total100=0.058
[train] 22:08:23<120:08:51, 0.051s/step step= 1556000 episodes= 3242 eps=0.050 replay= 39936 loss=0.00001 ext100=0.000 total100=0.058
[train] 22:10:06<120:07:11, 0.051s/step step= 1558000 episodes= 3246 eps=0.050 replay= 39936 loss=0.00001 ext100=0.000 total100=0.058
[eval] step=1560000 episodes=3250 mean_ext_return=0.000
[train] 22:12:05<120:06:59, 0.051s/step step= 1560000 episodes= 3250 eps=0.050 replay= 39936 loss=0.00001 ext100=0.000 total100=0.059
[train] 22:13:49<120:05:22, 0.051s/step step= 1562000 episodes= 3254 eps=0.050 replay= 39936 loss=0.00001 ext100=0.000 total100=0.059
[train] 22:15:32<120:03:45, 0.051s/step step= 1564000 episodes= 3259 eps=0.050 replay= 39936 loss=0.00001 ext100=0.000 total100=0.059
[train] 22:17:16<120:02:09, 0.051s/step step= 1566000 episodes= 3263 eps=0.050 replay= 39936 loss=0.00001 ext100=0.000 total100=0.059
[train] 22:19:00<120:00:33, 0.051s/step step= 1568000 episodes= 3267 eps=0.050 replay= 39936 loss=0.00001 ext100=0.000 total100=0.059
[train] 22:20:43<119:58:58, 0.051s/step step= 1570000 episodes= 3271 eps=0.050 replay= 39936 loss=0.00001 ext100=0.000 total100=0.059
[train] 22:22:27<119:57:21, 0.051s/step step= 1572000 episodes= 3275 eps=0.050 replay= 39936 loss=0.00000 ext100=0.000 total100=0.057
[train] 22:24:11<119:55:46, 0.051s/step step= 1574000 episodes= 3279 eps=0.050 replay= 39936 loss=0.00000 ext100=0.000 total100=0.057
[train] 22:25:55<119:54:10, 0.051s/step step= 1576000 episodes= 3284 eps=0.050 replay= 39936 loss=0.00001 ext100=0.000 total100=0.056
[train] 22:27:38<119:52:31, 0.051s/step step= 1578000 episodes= 3288 eps=0.050 replay= 39936 loss=0.00002 ext100=0.000 total100=0.054
[eval] step=1580000 episodes=3292 mean_ext_return=0.000
[train] 22:29:37<119:52:18, 0.051s/step step= 1580000 episodes= 3292 eps=0.050 replay= 39936 loss=0.00001 ext100=0.000 total100=0.052
[train] 22:31:20<119:50:40, 0.051s/step step= 1582000 episodes= 3296 eps=0.050 replay= 39936 loss=0.00001 ext100=0.000 total100=0.051
[train] 22:33:04<119:49:03, 0.051s/step step= 1584000 episodes= 3300 eps=0.050 replay= 39936 loss=0.00001 ext100=0.000 total100=0.052
[train] 22:34:47<119:47:26, 0.051s/step step= 1586000 episodes= 3304 eps=0.050 replay= 39936 loss=0.00001 ext100=0.000 total100=0.052
[train] 22:36:31<119:45:50, 0.051s/step step= 1588000 episodes= 3309 eps=0.050 replay= 39936 loss=0.00001 ext100=0.000 total100=0.052
[train] 22:38:15<119:44:13, 0.051s/step step= 1590000 episodes= 3313 eps=0.050 replay= 39936 loss=0.00001 ext100=0.000 total100=0.051
[train] 22:39:58<119:42:36, 0.051s/step step= 1592000 episodes= 3317 eps=0.050 replay= 39936 loss=0.00001 ext100=0.000 total100=0.051
[train] 22:41:42<119:41:02, 0.051s/step step= 1594000 episodes= 3321 eps=0.050 replay= 39936 loss=0.00001 ext100=0.000 total100=0.050
[train] 22:43:26<119:39:27, 0.051s/step step= 1596000 episodes= 3325 eps=0.050 replay= 39936 loss=0.00001 ext100=0.000 total100=0.052
[train] 22:45:09<119:37:47, 0.051s/step step= 1598000 episodes= 3329 eps=0.050 replay= 39936 loss=0.00001 ext100=0.000 total100=0.052
[eval] step=1600000 episodes=3334 mean_ext_return=0.000
[train] 22:47:08<119:37:31, 0.051s/step step= 1600000 episodes= 3334 eps=0.050 replay= 39936 loss=0.00001 ext100=0.000 total100=0.053
[train] 22:48:52<119:35:54, 0.051s/step step= 1602000 episodes= 3338 eps=0.050 replay= 39936 loss=0.00001 ext100=0.000 total100=0.053
[train] 22:50:35<119:34:16, 0.051s/step step= 1604000 episodes= 3342 eps=0.050 replay= 39936 loss=0.00001 ext100=0.000 total100=0.052
[train] 22:52:19<119:32:39, 0.051s/step step= 1606000 episodes= 3346 eps=0.050 replay= 39936 loss=0.00001 ext100=0.000 total100=0.051
[train] 22:54:03<119:31:02, 0.051s/step step= 1608000 episodes= 3350 eps=0.050 replay= 39936 loss=0.00002 ext100=0.000 total100=0.051
[train] 22:55:46<119:29:26, 0.051s/step step= 1610000 episodes= 3354 eps=0.050 replay= 39936 loss=0.00002 ext100=0.000 total100=0.050
[train] 22:57:30<119:27:48, 0.051s/step step= 1612000 episodes= 3359 eps=0.050 replay= 39936 loss=0.00001 ext100=0.000 total100=0.049
[train] 22:59:14<119:26:13, 0.051s/step step= 1614000 episodes= 3363 eps=0.050 replay= 39936 loss=0.00001 ext100=0.000 total100=0.050
[train] 23:00:58<119:24:37, 0.051s/step step= 1616000 episodes= 3367 eps=0.050 replay= 39936 loss=0.00001 ext100=0.000 total100=0.049
[train] 23:02:41<119:22:57, 0.051s/step step= 1618000 episodes= 3371 eps=0.050 replay= 39936 loss=0.00002 ext100=0.000 total100=0.048
[eval] step=1620000 episodes=3375 mean_ext_return=0.000
[train] 23:04:40<119:22:41, 0.051s/step step= 1620000 episodes= 3375 eps=0.050 replay= 39936 loss=0.00001 ext100=0.000 total100=0.050
[train] 23:06:23<119:21:02, 0.051s/step step= 1622000 episodes= 3379 eps=0.050 replay= 39936 loss=0.00001 ext100=0.000 total100=0.050
[train] 23:08:07<119:19:24, 0.051s/step step= 1624000 episodes= 3384 eps=0.050 replay= 39936 loss=0.00001 ext100=0.000 total100=0.051
[train] 23:09:50<119:17:46, 0.051s/step step= 1626000 episodes= 3388 eps=0.050 replay= 39936 loss=0.00002 ext100=0.000 total100=0.051
[train] 23:11:34<119:16:09, 0.051s/step step= 1628000 episodes= 3392 eps=0.050 replay= 39936 loss=0.00001 ext100=0.000 total100=0.051
[train] 23:13:18<119:14:33, 0.051s/step step= 1630000 episodes= 3396 eps=0.050 replay= 39936 loss=0.00001 ext100=0.000 total100=0.052
[train] 23:15:01<119:12:55, 0.051s/step step= 1632000 episodes= 3400 eps=0.050 replay= 39936 loss=0.00001 ext100=0.000 total100=0.052
[train] 23:16:45<119:11:20, 0.051s/step step= 1634000 episodes= 3404 eps=0.050 replay= 39936 loss=0.00003 ext100=0.000 total100=0.052
[train] 23:18:29<119:09:45, 0.051s/step step= 1636000 episodes= 3409 eps=0.050 replay= 39936 loss=0.00001 ext100=0.000 total100=0.053
[train] 23:20:12<119:08:04, 0.051s/step step= 1638000 episodes= 3413 eps=0.050 replay= 39936 loss=0.00001 ext100=0.000 total100=0.054
[eval] step=1640000 episodes=3417 mean_ext_return=0.000
[train] 23:22:11<119:07:45, 0.051s/step step= 1640000 episodes= 3417 eps=0.050 replay= 39936 loss=0.00000 ext100=0.000 total100=0.055
[train] 23:23:54<119:06:06, 0.051s/step step= 1642000 episodes= 3421 eps=0.050 replay= 39936 loss=0.00002 ext100=0.000 total100=0.054
[train] 23:25:38<119:04:28, 0.051s/step step= 1644000 episodes= 3425 eps=0.050 replay= 39936 loss=0.00001 ext100=0.000 total100=0.054
[train] 23:27:21<119:02:51, 0.051s/step step= 1646000 episodes= 3429 eps=0.050 replay= 39936 loss=0.00001 ext100=0.000 total100=0.054
[train] 23:29:05<119:01:13, 0.051s/step step= 1648000 episodes= 3434 eps=0.050 replay= 39936 loss=0.00001 ext100=0.000 total100=0.054
[train] 23:30:49<118:59:36, 0.051s/step step= 1650000 episodes= 3438 eps=0.050 replay= 39936 loss=0.00002 ext100=0.000 total100=0.055
[train] 23:32:32<118:57:57, 0.051s/step step= 1652000 episodes= 3442 eps=0.050 replay= 39936 loss=0.00001 ext100=0.000 total100=0.056
[train] 23:34:16<118:56:22, 0.051s/step step= 1654000 episodes= 3446 eps=0.050 replay= 39936 loss=0.00000 ext100=0.000 total100=0.055
[train] 23:36:00<118:54:47, 0.051s/step step= 1656000 episodes= 3450 eps=0.050 replay= 39936 loss=0.00001 ext100=0.000 total100=0.054
[train] 23:37:43<118:53:06, 0.051s/step step= 1658000 episodes= 3454 eps=0.050 replay= 39936 loss=0.00001 ext100=0.000 total100=0.055
[eval] step=1660000 episodes=3459 mean_ext_return=0.000
[train] 23:39:42<118:52:47, 0.051s/step step= 1660000 episodes= 3459 eps=0.050 replay= 39936 loss=0.00000 ext100=0.000 total100=0.054
[train] 23:41:26<118:51:08, 0.051s/step step= 1662000 episodes= 3463 eps=0.050 replay= 39936 loss=0.00000 ext100=0.000 total100=0.054
[train] 23:43:09<118:49:30, 0.051s/step step= 1664000 episodes= 3467 eps=0.050 replay= 39936 loss=0.00000 ext100=0.000 total100=0.053
[train] 23:44:53<118:47:52, 0.051s/step step= 1666000 episodes= 3471 eps=0.050 replay= 39936 loss=0.00002 ext100=0.000 total100=0.053
[train] 23:46:37<118:46:15, 0.051s/step step= 1668000 episodes= 3475 eps=0.050 replay= 39936 loss=0.00000 ext100=0.000 total100=0.051
[train] 23:48:20<118:44:38, 0.051s/step step= 1670000 episodes= 3479 eps=0.050 replay= 39936 loss=0.00001 ext100=0.000 total100=0.051
[train] 23:50:04<118:43:00, 0.051s/step step= 1672000 episodes= 3484 eps=0.050 replay= 39936 loss=0.00000 ext100=0.000 total100=0.051
[train] 23:51:48<118:41:25, 0.051s/step step= 1674000 episodes= 3488 eps=0.050 replay= 39936 loss=0.00001 ext100=0.000 total100=0.051
[train] 23:53:32<118:39:49, 0.051s/step step= 1676000 episodes= 3492 eps=0.050 replay= 39936 loss=0.00000 ext100=0.000 total100=0.050
[train] 23:55:15<118:38:08, 0.051s/step step= 1678000 episodes= 3496 eps=0.050 replay= 39936 loss=0.00001 ext100=0.000 total100=0.050
[eval] step=1680000 episodes=3500 mean_ext_return=0.000
[train] 23:57:14<118:37:48, 0.051s/step step= 1680000 episodes= 3500 eps=0.050 replay= 39936 loss=0.00000 ext100=0.000 total100=0.049
[train] 23:58:58<118:36:09, 0.051s/step step= 1682000 episodes= 3504 eps=0.050 replay= 39936 loss=0.00001 ext100=0.000 total100=0.048
[train] 24:00:41<118:34:30, 0.051s/step step= 1684000 episodes= 3509 eps=0.050 replay= 39936 loss=0.00000 ext100=0.000 total100=0.049
[train] 24:02:25<118:32:50, 0.051s/step step= 1686000 episodes= 3513 eps=0.050 replay= 39936 loss=0.00000 ext100=0.000 total100=0.048
[train] 24:04:08<118:31:13, 0.051s/step step= 1688000 episodes= 3517 eps=0.050 replay= 39936 loss=0.00001 ext100=0.000 total100=0.047
[train] 24:05:52<118:29:36, 0.051s/step step= 1690000 episodes= 3521 eps=0.050 replay= 39936 loss=0.00001 ext100=0.000 total100=0.048
[train] 24:07:35<118:27:57, 0.051s/step step= 1692000 episodes= 3525 eps=0.050 replay= 39936 loss=0.00000 ext100=0.000 total100=0.048
[train] 24:09:19<118:26:21, 0.051s/step step= 1694000 episodes= 3529 eps=0.050 replay= 39936 loss=0.00000 ext100=0.000 total100=0.048
[train] 24:11:04<118:24:45, 0.051s/step step= 1696000 episodes= 3534 eps=0.050 replay= 39936 loss=0.00000 ext100=0.000 total100=0.048
[train] 24:12:47<118:23:04, 0.051s/step step= 1698000 episodes= 3538 eps=0.050 replay= 39936 loss=0.00001 ext100=0.000 total100=0.047
[eval] step=1700000 episodes=3542 mean_ext_return=0.000
[train] 24:14:46<118:22:42, 0.051s/step step= 1700000 episodes= 3542 eps=0.050 replay= 39936 loss=0.00000 ext100=0.000 total100=0.047
[train] 24:16:29<118:21:04, 0.051s/step step= 1702000 episodes= 3546 eps=0.050 replay= 39936 loss=0.00001 ext100=0.000 total100=0.048
[train] 24:18:13<118:19:25, 0.051s/step step= 1704000 episodes= 3550 eps=0.050 replay= 39936 loss=0.00001 ext100=0.000 total100=0.049
[train] 24:19:56<118:17:46, 0.051s/step step= 1706000 episodes= 3554 eps=0.050 replay= 39936 loss=0.00002 ext100=0.000 total100=0.049
[train] 24:21:40<118:16:08, 0.051s/step step= 1708000 episodes= 3559 eps=0.050 replay= 39936 loss=0.00000 ext100=0.000 total100=0.050
[train] 24:23:24<118:14:30, 0.051s/step step= 1710000 episodes= 3563 eps=0.050 replay= 39936 loss=0.00000 ext100=0.000 total100=0.050
[train] 24:25:07<118:12:51, 0.051s/step step= 1712000 episodes= 3567 eps=0.050 replay= 39936 loss=0.00001 ext100=0.000 total100=0.051
[train] 24:26:51<118:11:14, 0.051s/step step= 1714000 episodes= 3571 eps=0.050 replay= 39936 loss=0.00002 ext100=0.000 total100=0.053
[train] 24:28:35<118:09:38, 0.051s/step step= 1716000 episodes= 3575 eps=0.050 replay= 39936 loss=0.00000 ext100=0.000 total100=0.053
[train] 24:30:18<118:07:56, 0.051s/step step= 1718000 episodes= 3579 eps=0.050 replay= 39936 loss=0.00000 ext100=0.000 total100=0.053
[eval] step=1720000 episodes=3584 mean_ext_return=0.000
[train] 24:32:17<118:07:33, 0.051s/step step= 1720000 episodes= 3584 eps=0.050 replay= 39936 loss=0.00001 ext100=0.000 total100=0.053
[train] 24:34:01<118:05:53, 0.051s/step step= 1722000 episodes= 3588 eps=0.050 replay= 39936 loss=0.00001 ext100=0.000 total100=0.055
[train] 24:35:44<118:04:15, 0.051s/step step= 1724000 episodes= 3592 eps=0.050 replay= 39936 loss=0.00000 ext100=0.000 total100=0.056
[train] 24:37:28<118:02:36, 0.051s/step step= 1726000 episodes= 3596 eps=0.050 replay= 39936 loss=0.00001 ext100=0.000 total100=0.057
[train] 24:39:11<118:00:58, 0.051s/step step= 1728000 episodes= 3600 eps=0.050 replay= 39936 loss=0.00000 ext100=0.000 total100=0.058
[train] 24:40:55<117:59:20, 0.051s/step step= 1730000 episodes= 3604 eps=0.050 replay= 39936 loss=0.00001 ext100=0.000 total100=0.059
[train] 24:42:39<117:57:41, 0.051s/step step= 1732000 episodes= 3609 eps=0.050 replay= 39936 loss=0.00001 ext100=0.000 total100=0.056
[train] 24:44:23<117:56:04, 0.051s/step step= 1734000 episodes= 3613 eps=0.050 replay= 39936 loss=0.00001 ext100=0.000 total100=0.056
[train] 24:46:07<117:54:28, 0.051s/step step= 1736000 episodes= 3617 eps=0.050 replay= 39936 loss=0.00001 ext100=0.000 total100=0.056
[train] 24:47:50<117:52:47, 0.051s/step step= 1738000 episodes= 3621 eps=0.050 replay= 39936 loss=0.00001 ext100=0.000 total100=0.056
[eval] step=1740000 episodes=3625 mean_ext_return=0.000
[train] 24:49:49<117:52:22, 0.051s/step step= 1740000 episodes= 3625 eps=0.050 replay= 39936 loss=0.00002 ext100=0.000 total100=0.055
[train] 24:51:32<117:50:43, 0.051s/step step= 1742000 episodes= 3629 eps=0.050 replay= 39936 loss=0.00001 ext100=0.000 total100=0.055
[train] 24:53:16<117:49:04, 0.051s/step step= 1744000 episodes= 3634 eps=0.050 replay= 39936 loss=0.00001 ext100=0.000 total100=0.054
[train] 24:54:59<117:47:25, 0.051s/step step= 1746000 episodes= 3638 eps=0.050 replay= 39936 loss=0.00001 ext100=0.000 total100=0.054
[train] 24:56:43<117:45:47, 0.051s/step step= 1748000 episodes= 3642 eps=0.050 replay= 39936 loss=0.00001 ext100=0.000 total100=0.054
[train] 24:58:27<117:44:09, 0.051s/step step= 1750000 episodes= 3646 eps=0.050 replay= 39936 loss=0.00001 ext100=0.000 total100=0.053
[train] 25:00:11<117:42:30, 0.051s/step step= 1752000 episodes= 3650 eps=0.050 replay= 39936 loss=0.00001 ext100=0.000 total100=0.052
[train] 25:01:55<117:40:53, 0.051s/step step= 1754000 episodes= 3654 eps=0.050 replay= 39936 loss=0.00001 ext100=0.000 total100=0.053
[train] 25:03:38<117:39:16, 0.051s/step step= 1756000 episodes= 3659 eps=0.050 replay= 39936 loss=0.00001 ext100=0.000 total100=0.052
[train] 25:05:22<117:37:35, 0.051s/step step= 1758000 episodes= 3663 eps=0.050 replay= 39936 loss=0.00001 ext100=0.000 total100=0.052
[eval] step=1760000 episodes=3667 mean_ext_return=0.000
[train] 25:07:21<117:37:09, 0.051s/step step= 1760000 episodes= 3667 eps=0.050 replay= 39936 loss=0.00001 ext100=0.000 total100=0.051
[train] 25:09:04<117:35:30, 0.051s/step step= 1762000 episodes= 3671 eps=0.050 replay= 39936 loss=0.00002 ext100=0.000 total100=0.050
[train] 25:10:48<117:33:50, 0.051s/step step= 1764000 episodes= 3675 eps=0.050 replay= 39936 loss=0.00001 ext100=0.000 total100=0.050
[train] 25:12:31<117:32:10, 0.051s/step step= 1766000 episodes= 3679 eps=0.050 replay= 39936 loss=0.00001 ext100=0.000 total100=0.050
[train] 25:14:15<117:30:33, 0.051s/step step= 1768000 episodes= 3684 eps=0.050 replay= 39936 loss=0.00001 ext100=0.000 total100=0.049
[train] 25:15:59<117:28:55, 0.051s/step step= 1770000 episodes= 3688 eps=0.050 replay= 39936 loss=0.00002 ext100=0.000 total100=0.048
[train] 25:17:42<117:27:15, 0.051s/step step= 1772000 episodes= 3692 eps=0.050 replay= 39936 loss=0.00001 ext100=0.000 total100=0.047
[train] 25:19:26<117:25:38, 0.051s/step step= 1774000 episodes= 3696 eps=0.050 replay= 39936 loss=0.00001 ext100=0.000 total100=0.045
[train] 25:21:10<117:24:01, 0.051s/step step= 1776000 episodes= 3700 eps=0.050 replay= 39936 loss=0.00001 ext100=0.000 total100=0.045
[train] 25:22:54<117:22:20, 0.051s/step step= 1778000 episodes= 3704 eps=0.050 replay= 39936 loss=0.00001 ext100=0.000 total100=0.044
[eval] step=1780000 episodes=3709 mean_ext_return=0.000
[train] 25:24:53<117:21:53, 0.051s/step step= 1780000 episodes= 3709 eps=0.050 replay= 39936 loss=0.00001 ext100=0.000 total100=0.046
[train] 25:26:36<117:20:13, 0.051s/step step= 1782000 episodes= 3713 eps=0.050 replay= 39936 loss=0.00001 ext100=0.000 total100=0.046
[train] 25:28:20<117:18:34, 0.051s/step step= 1784000 episodes= 3717 eps=0.050 replay= 39936 loss=0.00000 ext100=0.000 total100=0.046
[train] 25:30:03<117:16:54, 0.051s/step step= 1786000 episodes= 3721 eps=0.050 replay= 39936 loss=0.00001 ext100=0.000 total100=0.045
[train] 25:31:47<117:15:16, 0.051s/step step= 1788000 episodes= 3725 eps=0.050 replay= 39936 loss=0.00001 ext100=0.000 total100=0.046
[train] 25:33:31<117:13:37, 0.051s/step step= 1790000 episodes= 3729 eps=0.050 replay= 39936 loss=0.00001 ext100=0.000 total100=0.048
[train] 25:35:14<117:11:57, 0.051s/step step= 1792000 episodes= 3734 eps=0.050 replay= 39936 loss=0.00001 ext100=0.000 total100=0.048
[train] 25:36:58<117:10:19, 0.051s/step step= 1794000 episodes= 3738 eps=0.050 replay= 39936 loss=0.00002 ext100=0.000 total100=0.047
[train] 25:38:42<117:08:42, 0.051s/step step= 1796000 episodes= 3742 eps=0.050 replay= 39936 loss=0.00001 ext100=0.000 total100=0.048
[train] 25:40:25<117:07:00, 0.051s/step step= 1798000 episodes= 3746 eps=0.050 replay= 39936 loss=0.00000 ext100=0.000 total100=0.048
[eval] step=1800000 episodes=3750 mean_ext_return=0.000
[train] 25:42:24<117:06:31, 0.051s/step step= 1800000 episodes= 3750 eps=0.050 replay= 39936 loss=0.00001 ext100=0.000 total100=0.048
[train] 25:44:07<117:04:51, 0.051s/step step= 1802000 episodes= 3754 eps=0.050 replay= 39936 loss=0.00002 ext100=0.000 total100=0.048
[train] 25:45:51<117:03:11, 0.051s/step step= 1804000 episodes= 3759 eps=0.050 replay= 39936 loss=0.00001 ext100=0.000 total100=0.049
[train] 25:47:34<117:01:31, 0.051s/step step= 1806000 episodes= 3763 eps=0.050 replay= 39936 loss=0.00001 ext100=0.000 total100=0.049
[train] 25:49:18<116:59:53, 0.051s/step step= 1808000 episodes= 3767 eps=0.050 replay= 39936 loss=0.00001 ext100=0.000 total100=0.049
[train] 25:51:02<116:58:14, 0.051s/step step= 1810000 episodes= 3771 eps=0.050 replay= 39936 loss=0.00001 ext100=0.000 total100=0.049
[train] 25:52:46<116:56:35, 0.051s/step step= 1812000 episodes= 3775 eps=0.050 replay= 39936 loss=0.00001 ext100=0.000 total100=0.050
[train] 25:54:30<116:54:58, 0.051s/step step= 1814000 episodes= 3779 eps=0.050 replay= 39936 loss=0.00001 ext100=0.000 total100=0.050
[train] 25:56:14<116:53:20, 0.051s/step step= 1816000 episodes= 3784 eps=0.050 replay= 39936 loss=0.00001 ext100=0.000 total100=0.050
[train] 25:57:57<116:51:38, 0.051s/step step= 1818000 episodes= 3788 eps=0.050 replay= 39936 loss=0.00001 ext100=0.000 total100=0.050
[eval] step=1820000 episodes=3792 mean_ext_return=0.000
[train] 25:59:56<116:51:08, 0.051s/step step= 1820000 episodes= 3792 eps=0.050 replay= 39936 loss=0.00000 ext100=0.000 total100=0.050
[train] 26:01:39<116:49:27, 0.051s/step step= 1822000 episodes= 3796 eps=0.050 replay= 39936 loss=0.00001 ext100=0.000 total100=0.051
[train] 26:03:22<116:47:47, 0.051s/step step= 1824000 episodes= 3800 eps=0.050 replay= 39936 loss=0.00000 ext100=0.000 total100=0.050
[train] 26:05:06<116:46:08, 0.051s/step step= 1826000 episodes= 3804 eps=0.050 replay= 39936 loss=0.00001 ext100=0.000 total100=0.051
[train] 26:06:50<116:44:29, 0.051s/step step= 1828000 episodes= 3809 eps=0.050 replay= 39936 loss=0.00001 ext100=0.000 total100=0.051
[train] 26:08:34<116:42:50, 0.051s/step step= 1830000 episodes= 3813 eps=0.050 replay= 39936 loss=0.00000 ext100=0.000 total100=0.050
[train] 26:10:17<116:41:10, 0.051s/step step= 1832000 episodes= 3817 eps=0.050 replay= 39936 loss=0.00001 ext100=0.000 total100=0.051
[train] 26:12:01<116:39:32, 0.051s/step step= 1834000 episodes= 3821 eps=0.050 replay= 39936 loss=0.00001 ext100=0.000 total100=0.051
[train] 26:13:45<116:37:55, 0.051s/step step= 1836000 episodes= 3825 eps=0.050 replay= 39936 loss=0.00000 ext100=0.000 total100=0.050
[train] 26:15:28<116:36:13, 0.051s/step step= 1838000 episodes= 3829 eps=0.050 replay= 39936 loss=0.00000 ext100=0.000 total100=0.049
[eval] step=1840000 episodes=3834 mean_ext_return=0.000
[train] 26:17:27<116:35:42, 0.051s/step step= 1840000 episodes= 3834 eps=0.050 replay= 39936 loss=0.00001 ext100=0.000 total100=0.049
[train] 26:19:11<116:34:01, 0.051s/step step= 1842000 episodes= 3838 eps=0.050 replay= 39936 loss=0.00001 ext100=0.000 total100=0.049
[train] 26:20:54<116:32:21, 0.051s/step step= 1844000 episodes= 3842 eps=0.050 replay= 39936 loss=0.00001 ext100=0.000 total100=0.049
[train] 26:22:38<116:30:41, 0.051s/step step= 1846000 episodes= 3846 eps=0.050 replay= 39936 loss=0.00000 ext100=0.000 total100=0.049
[train] 26:24:22<116:29:02, 0.051s/step step= 1848000 episodes= 3850 eps=0.050 replay= 39936 loss=0.00001 ext100=0.000 total100=0.048
[train] 26:26:05<116:27:23, 0.051s/step step= 1850000 episodes= 3854 eps=0.050 replay= 39936 loss=0.00001 ext100=0.000 total100=0.048
[train] 26:27:49<116:25:43, 0.051s/step step= 1852000 episodes= 3859 eps=0.050 replay= 39936 loss=0.00000 ext100=0.000 total100=0.048
[train] 26:29:33<116:24:05, 0.051s/step step= 1854000 episodes= 3863 eps=0.050 replay= 39936 loss=0.00000 ext100=0.000 total100=0.047
[train] 26:31:17<116:22:27, 0.051s/step step= 1856000 episodes= 3867 eps=0.050 replay= 39936 loss=0.00000 ext100=0.000 total100=0.046
[train] 26:33:00<116:20:45, 0.051s/step step= 1858000 episodes= 3871 eps=0.050 replay= 39936 loss=0.00001 ext100=0.000 total100=0.046
[eval] step=1860000 episodes=3875 mean_ext_return=0.000
[train] 26:34:59<116:20:14, 0.051s/step step= 1860000 episodes= 3875 eps=0.050 replay= 39936 loss=0.00000 ext100=0.000 total100=0.047
[train] 26:36:43<116:18:33, 0.051s/step step= 1862000 episodes= 3879 eps=0.050 replay= 39936 loss=0.00000 ext100=0.000 total100=0.047
[train] 26:38:26<116:16:53, 0.051s/step step= 1864000 episodes= 3884 eps=0.050 replay= 39936 loss=0.00001 ext100=0.000 total100=0.047
[train] 26:40:09<116:15:12, 0.051s/step step= 1866000 episodes= 3888 eps=0.050 replay= 39936 loss=0.00001 ext100=0.000 total100=0.047
[train] 26:41:53<116:13:34, 0.051s/step step= 1868000 episodes= 3892 eps=0.050 replay= 39936 loss=0.00000 ext100=0.000 total100=0.046
[train] 26:43:37<116:11:54, 0.051s/step step= 1870000 episodes= 3896 eps=0.050 replay= 39936 loss=0.00000 ext100=0.000 total100=0.046
[train] 26:45:21<116:10:14, 0.051s/step step= 1872000 episodes= 3900 eps=0.050 replay= 39936 loss=0.00000 ext100=0.000 total100=0.046
[train] 26:47:05<116:08:36, 0.051s/step step= 1874000 episodes= 3904 eps=0.050 replay= 39936 loss=0.00002 ext100=0.000 total100=0.045
[train] 26:48:49<116:06:57, 0.051s/step step= 1876000 episodes= 3909 eps=0.050 replay= 39936 loss=0.00001 ext100=0.000 total100=0.046
[train] 26:50:32<116:05:15, 0.051s/step step= 1878000 episodes= 3913 eps=0.050 replay= 39936 loss=0.00001 ext100=0.000 total100=0.047
[eval] step=1880000 episodes=3917 mean_ext_return=0.000
[train] 26:52:31<116:04:42, 0.051s/step step= 1880000 episodes= 3917 eps=0.050 replay= 39936 loss=0.00001 ext100=0.000 total100=0.047
[train] 26:54:14<116:03:02, 0.051s/step step= 1882000 episodes= 3921 eps=0.050 replay= 39936 loss=0.00001 ext100=0.000 total100=0.047
[train] 26:55:58<116:01:22, 0.051s/step step= 1884000 episodes= 3925 eps=0.050 replay= 39936 loss=0.00001 ext100=0.000 total100=0.047
[train] 26:57:41<115:59:42, 0.051s/step step= 1886000 episodes= 3929 eps=0.050 replay= 39936 loss=0.00000 ext100=0.000 total100=0.048
[train] 26:59:25<115:58:02, 0.051s/step step= 1888000 episodes= 3934 eps=0.050 replay= 39936 loss=0.00000 ext100=0.000 total100=0.048
[train] 27:01:09<115:56:23, 0.051s/step step= 1890000 episodes= 3938 eps=0.050 replay= 39936 loss=0.00001 ext100=0.000 total100=0.047
[train] 27:02:52<115:54:43, 0.051s/step step= 1892000 episodes= 3942 eps=0.050 replay= 39936 loss=0.00000 ext100=0.000 total100=0.047
[train] 27:04:36<115:53:04, 0.051s/step step= 1894000 episodes= 3946 eps=0.050 replay= 39936 loss=0.00001 ext100=0.000 total100=0.047
[train] 27:06:20<115:51:26, 0.051s/step step= 1896000 episodes= 3950 eps=0.050 replay= 39936 loss=0.00001 ext100=0.000 total100=0.048
[train] 27:08:03<115:49:43, 0.051s/step step= 1898000 episodes= 3954 eps=0.050 replay= 39936 loss=0.00002 ext100=0.000 total100=0.047
[eval] step=1900000 episodes=3959 mean_ext_return=0.000
[train] 27:10:03<115:49:09, 0.051s/step step= 1900000 episodes= 3959 eps=0.050 replay= 39936 loss=0.00000 ext100=0.000 total100=0.046
[train] 27:11:46<115:47:28, 0.051s/step step= 1902000 episodes= 3963 eps=0.050 replay= 39936 loss=0.00000 ext100=0.000 total100=0.047
[train] 27:13:30<115:45:48, 0.051s/step step= 1904000 episodes= 3967 eps=0.050 replay= 39936 loss=0.00001 ext100=0.000 total100=0.048
[train] 27:15:13<115:44:08, 0.051s/step step= 1906000 episodes= 3971 eps=0.050 replay= 39936 loss=0.00000 ext100=0.000 total100=0.049
[train] 27:16:57<115:42:29, 0.051s/step step= 1908000 episodes= 3975 eps=0.050 replay= 39936 loss=0.00000 ext100=0.000 total100=0.049
[train] 27:18:41<115:40:48, 0.051s/step step= 1910000 episodes= 3979 eps=0.050 replay= 39936 loss=0.00000 ext100=0.000 total100=0.048
[train] 27:20:24<115:39:08, 0.051s/step step= 1912000 episodes= 3984 eps=0.050 replay= 39936 loss=0.00001 ext100=0.000 total100=0.050
[train] 27:22:08<115:37:29, 0.051s/step step= 1914000 episodes= 3988 eps=0.050 replay= 39936 loss=0.00001 ext100=0.000 total100=0.051
[train] 27:23:52<115:35:50, 0.051s/step step= 1916000 episodes= 3992 eps=0.050 replay= 39936 loss=0.00001 ext100=0.000 total100=0.053
[train] 27:25:35<115:34:07, 0.051s/step step= 1918000 episodes= 3996 eps=0.050 replay= 39936 loss=0.00001 ext100=0.000 total100=0.055
[eval] step=1920000 episodes=4000 mean_ext_return=0.000
[train] 27:27:34<115:33:32, 0.051s/step step= 1920000 episodes= 4000 eps=0.050 replay= 39936 loss=0.00000 ext100=0.000 total100=0.055
[train] 27:29:17<115:31:51, 0.051s/step step= 1922000 episodes= 4004 eps=0.050 replay= 39936 loss=0.00002 ext100=0.000 total100=0.056
[train] 27:31:01<115:30:11, 0.051s/step step= 1924000 episodes= 4009 eps=0.050 replay= 39936 loss=0.00001 ext100=0.000 total100=0.055
[train] 27:32:45<115:28:31, 0.051s/step step= 1926000 episodes= 4013 eps=0.050 replay= 39936 loss=0.00000 ext100=0.000 total100=0.055
[train] 27:34:29<115:26:51, 0.051s/step step= 1928000 episodes= 4017 eps=0.050 replay= 39936 loss=0.00001 ext100=0.000 total100=0.054
[train] 27:36:12<115:25:11, 0.051s/step step= 1930000 episodes= 4021 eps=0.050 replay= 39936 loss=0.00002 ext100=0.000 total100=0.054
[train] 27:37:56<115:23:31, 0.051s/step step= 1932000 episodes= 4025 eps=0.050 replay= 39936 loss=0.00001 ext100=0.000 total100=0.054
[train] 27:39:40<115:21:52, 0.051s/step step= 1934000 episodes= 4029 eps=0.050 replay= 39936 loss=0.00001 ext100=0.000 total100=0.054
[train] 27:41:24<115:20:13, 0.051s/step step= 1936000 episodes= 4034 eps=0.050 replay= 39936 loss=0.00001 ext100=0.000 total100=0.055
[train] 27:43:07<115:18:31, 0.051s/step step= 1938000 episodes= 4038 eps=0.050 replay= 39936 loss=0.00001 ext100=0.000 total100=0.056
[eval] step=1940000 episodes=4042 mean_ext_return=0.000
[train] 27:45:06<115:17:55, 0.051s/step step= 1940000 episodes= 4042 eps=0.050 replay= 39936 loss=0.00001 ext100=0.000 total100=0.057
[train] 27:46:49<115:16:14, 0.051s/step step= 1942000 episodes= 4046 eps=0.050 replay= 39936 loss=0.00001 ext100=0.000 total100=0.058
[train] 27:48:33<115:14:33, 0.051s/step step= 1944000 episodes= 4050 eps=0.050 replay= 39936 loss=0.00002 ext100=0.000 total100=0.057
[train] 27:50:16<115:12:52, 0.051s/step step= 1946000 episodes= 4054 eps=0.050 replay= 39936 loss=0.00002 ext100=0.000 total100=0.057
[train] 27:52:00<115:11:13, 0.051s/step step= 1948000 episodes= 4059 eps=0.050 replay= 39936 loss=0.00001 ext100=0.000 total100=0.057
[train] 27:53:44<115:09:32, 0.051s/step step= 1950000 episodes= 4063 eps=0.050 replay= 39936 loss=0.00001 ext100=0.000 total100=0.057
[train] 27:55:28<115:07:52, 0.052s/step step= 1952000 episodes= 4067 eps=0.050 replay= 39936 loss=0.00001 ext100=0.000 total100=0.057
[train] 27:57:12<115:06:13, 0.052s/step step= 1954000 episodes= 4071 eps=0.050 replay= 39936 loss=0.00001 ext100=0.000 total100=0.056
[train] 27:58:56<115:04:34, 0.052s/step step= 1956000 episodes= 4075 eps=0.050 replay= 39936 loss=0.00001 ext100=0.000 total100=0.055
[train] 28:00:39<115:02:51, 0.052s/step step= 1958000 episodes= 4079 eps=0.050 replay= 39936 loss=0.00001 ext100=0.000 total100=0.056
[eval] step=1960000 episodes=4084 mean_ext_return=0.000
[train] 28:02:38<115:02:15, 0.052s/step step= 1960000 episodes= 4084 eps=0.050 replay= 39936 loss=0.00001 ext100=0.000 total100=0.055
[train] 28:04:21<115:00:34, 0.052s/step step= 1962000 episodes= 4088 eps=0.050 replay= 39936 loss=0.00001 ext100=0.000 total100=0.054
[train] 28:06:05<114:58:54, 0.052s/step step= 1964000 episodes= 4092 eps=0.050 replay= 39936 loss=0.00001 ext100=0.000 total100=0.053
[train] 28:07:49<114:57:13, 0.052s/step step= 1966000 episodes= 4096 eps=0.050 replay= 39936 loss=0.00001 ext100=0.000 total100=0.052
[train] 28:09:32<114:55:33, 0.052s/step step= 1968000 episodes= 4100 eps=0.050 replay= 39936 loss=0.00000 ext100=0.000 total100=0.051
[train] 28:11:16<114:53:52, 0.052s/step step= 1970000 episodes= 4104 eps=0.050 replay= 39936 loss=0.00001 ext100=0.000 total100=0.051
[train] 28:12:59<114:52:11, 0.052s/step step= 1972000 episodes= 4109 eps=0.050 replay= 39936 loss=0.00001 ext100=0.000 total100=0.050
[train] 28:14:43<114:50:32, 0.052s/step step= 1974000 episodes= 4113 eps=0.050 replay= 39936 loss=0.00001 ext100=0.000 total100=0.050
[train] 28:16:27<114:48:53, 0.052s/step step= 1976000 episodes= 4117 eps=0.050 replay= 39936 loss=0.00001 ext100=0.000 total100=0.050
[train] 28:18:11<114:47:11, 0.052s/step step= 1978000 episodes= 4121 eps=0.050 replay= 39936 loss=0.00001 ext100=0.000 total100=0.050
[eval] step=1980000 episodes=4125 mean_ext_return=0.000
[train] 28:20:10<114:46:33, 0.052s/step step= 1980000 episodes= 4125 eps=0.050 replay= 39936 loss=0.00001 ext100=0.000 total100=0.049
[train] 28:21:53<114:44:52, 0.052s/step step= 1982000 episodes= 4129 eps=0.050 replay= 39936 loss=0.00001 ext100=0.000 total100=0.048
[train] 28:23:37<114:43:10, 0.052s/step step= 1984000 episodes= 4134 eps=0.050 replay= 39936 loss=0.00001 ext100=0.000 total100=0.048
[train] 28:25:20<114:41:29, 0.052s/step step= 1986000 episodes= 4138 eps=0.050 replay= 39936 loss=0.00001 ext100=0.000 total100=0.047
[train] 28:27:05<114:39:54, 0.052s/step step= 1988000 episodes= 4142 eps=0.050 replay= 39936 loss=0.00001 ext100=0.000 total100=0.047
[train] 28:28:49<114:38:12, 0.052s/step step= 1990000 episodes= 4146 eps=0.050 replay= 39936 loss=0.00001 ext100=0.000 total100=0.047
[train] 28:30:32<114:36:31, 0.052s/step step= 1992000 episodes= 4150 eps=0.050 replay= 39936 loss=0.00001 ext100=0.000 total100=0.049
[train] 28:32:16<114:34:52, 0.052s/step step= 1994000 episodes= 4154 eps=0.050 replay= 39936 loss=0.00001 ext100=0.000 total100=0.050
[train] 28:34:00<114:33:13, 0.052s/step step= 1996000 episodes= 4159 eps=0.050 replay= 39936 loss=0.00001 ext100=0.000 total100=0.052
[train] 28:35:43<114:31:30, 0.052s/step step= 1998000 episodes= 4163 eps=0.050 replay= 39936 loss=0.00001 ext100=0.000 total100=0.052
[eval] step=2000000 episodes=4167 mean_ext_return=0.000
[train] 28:37:42<114:30:51, 0.052s/step step= 2000000 episodes= 4167 eps=0.050 replay= 39936 loss=0.00001 ext100=0.000 total100=0.052
[train] 28:39:26<114:29:10, 0.052s/step step= 2002000 episodes= 4171 eps=0.050 replay= 39936 loss=0.00001 ext100=0.000 total100=0.052
[train] 28:41:09<114:27:29, 0.052s/step step= 2004000 episodes= 4175 eps=0.050 replay= 39936 loss=0.00001 ext100=0.000 total100=0.052
[train] 28:42:53<114:25:48, 0.052s/step step= 2006000 episodes= 4179 eps=0.050 replay= 39936 loss=0.00001 ext100=0.000 total100=0.051
[train] 28:44:37<114:24:07, 0.052s/step step= 2008000 episodes= 4184 eps=0.050 replay= 39936 loss=0.00001 ext100=0.000 total100=0.051
[train] 28:46:20<114:22:27, 0.052s/step step= 2010000 episodes= 4188 eps=0.050 replay= 39936 loss=0.00002 ext100=0.000 total100=0.050
[train] 28:48:04<114:20:45, 0.052s/step step= 2012000 episodes= 4192 eps=0.050 replay= 39936 loss=0.00000 ext100=0.000 total100=0.051
[train] 28:49:48<114:19:06, 0.052s/step step= 2014000 episodes= 4196 eps=0.050 replay= 39936 loss=0.00000 ext100=0.000 total100=0.050
[train] 28:51:32<114:17:26, 0.052s/step step= 2016000 episodes= 4200 eps=0.050 replay= 39936 loss=0.00001 ext100=0.000 total100=0.050
[train] 28:53:15<114:15:43, 0.052s/step step= 2018000 episodes= 4204 eps=0.050 replay= 39936 loss=0.00001 ext100=0.000 total100=0.051
[eval] step=2020000 episodes=4209 mean_ext_return=0.000
[train] 28:55:14<114:15:04, 0.052s/step step= 2020000 episodes= 4209 eps=0.050 replay= 39936 loss=0.00000 ext100=0.000 total100=0.052
[train] 28:56:58<114:13:22, 0.052s/step step= 2022000 episodes= 4213 eps=0.050 replay= 39936 loss=0.00000 ext100=0.000 total100=0.052
[train] 28:58:41<114:11:41, 0.052s/step step= 2024000 episodes= 4217 eps=0.050 replay= 39936 loss=0.00001 ext100=0.000 total100=0.052
[train] 29:00:25<114:10:00, 0.052s/step step= 2026000 episodes= 4221 eps=0.050 replay= 39936 loss=0.00001 ext100=0.000 total100=0.052
[train] 29:02:09<114:08:20, 0.052s/step step= 2028000 episodes= 4225 eps=0.050 replay= 39936 loss=0.00001 ext100=0.000 total100=0.053
[train] 29:03:52<114:06:39, 0.052s/step step= 2030000 episodes= 4229 eps=0.050 replay= 39936 loss=0.00000 ext100=0.000 total100=0.052
[train] 29:05:36<114:04:57, 0.052s/step step= 2032000 episodes= 4234 eps=0.050 replay= 39936 loss=0.00001 ext100=0.000 total100=0.052
[train] 29:07:20<114:03:18, 0.052s/step step= 2034000 episodes= 4238 eps=0.050 replay= 39936 loss=0.00001 ext100=0.000 total100=0.053
[train] 29:09:04<114:01:38, 0.052s/step step= 2036000 episodes= 4242 eps=0.050 replay= 39936 loss=0.00001 ext100=0.000 total100=0.052
[train] 29:10:47<113:59:55, 0.052s/step step= 2038000 episodes= 4246 eps=0.050 replay= 39936 loss=0.00000 ext100=0.000 total100=0.051
[eval] step=2040000 episodes=4250 mean_ext_return=0.000
[train] 29:12:46<113:59:14, 0.052s/step step= 2040000 episodes= 4250 eps=0.050 replay= 39936 loss=0.00001 ext100=0.000 total100=0.050
[train] 29:14:29<113:57:32, 0.052s/step step= 2042000 episodes= 4254 eps=0.050 replay= 39936 loss=0.00001 ext100=0.000 total100=0.049
[train] 29:16:13<113:55:52, 0.052s/step step= 2044000 episodes= 4259 eps=0.050 replay= 39936 loss=0.00001 ext100=0.000 total100=0.047
[train] 29:17:56<113:54:10, 0.052s/step step= 2046000 episodes= 4263 eps=0.050 replay= 39936 loss=0.00001 ext100=0.000 total100=0.048
[train] 29:19:40<113:52:30, 0.052s/step step= 2048000 episodes= 4267 eps=0.050 replay= 39936 loss=0.00001 ext100=0.000 total100=0.048
[train] 29:21:24<113:50:49, 0.052s/step step= 2050000 episodes= 4271 eps=0.050 replay= 39936 loss=0.00002 ext100=0.000 total100=0.048
[train] 29:23:07<113:49:08, 0.052s/step step= 2052000 episodes= 4275 eps=0.050 replay= 39936 loss=0.00001 ext100=0.000 total100=0.048
[train] 29:24:51<113:47:27, 0.052s/step step= 2054000 episodes= 4279 eps=0.050 replay= 39936 loss=0.00001 ext100=0.000 total100=0.047
[train] 29:26:35<113:45:48, 0.052s/step step= 2056000 episodes= 4284 eps=0.050 replay= 39936 loss=0.00001 ext100=0.000 total100=0.048
[train] 29:28:19<113:44:05, 0.052s/step step= 2058000 episodes= 4288 eps=0.050 replay= 39936 loss=0.00002 ext100=0.000 total100=0.048
[eval] step=2060000 episodes=4292 mean_ext_return=0.000
[train] 29:30:18<113:43:23, 0.052s/step step= 2060000 episodes= 4292 eps=0.050 replay= 39936 loss=0.00000 ext100=0.000 total100=0.048
[train] 29:32:01<113:41:42, 0.052s/step step= 2062000 episodes= 4296 eps=0.050 replay= 39936 loss=0.00001 ext100=0.000 total100=0.048
[train] 29:33:45<113:40:00, 0.052s/step step= 2064000 episodes= 4300 eps=0.050 replay= 39936 loss=0.00001 ext100=0.000 total100=0.048
[train] 29:35:28<113:38:18, 0.052s/step step= 2066000 episodes= 4304 eps=0.050 replay= 39936 loss=0.00003 ext100=0.000 total100=0.048
[train] 29:37:12<113:36:38, 0.052s/step step= 2068000 episodes= 4309 eps=0.050 replay= 39936 loss=0.00001 ext100=0.000 total100=0.047
[train] 29:38:56<113:34:57, 0.052s/step step= 2070000 episodes= 4313 eps=0.050 replay= 39936 loss=0.00001 ext100=0.000 total100=0.046
[train] 29:40:39<113:33:15, 0.052s/step step= 2072000 episodes= 4317 eps=0.050 replay= 39936 loss=0.00000 ext100=0.000 total100=0.046
[train] 29:42:23<113:31:35, 0.052s/step step= 2074000 episodes= 4321 eps=0.050 replay= 39936 loss=0.00001 ext100=0.000 total100=0.046
[train] 29:44:07<113:29:55, 0.052s/step step= 2076000 episodes= 4325 eps=0.050 replay= 39936 loss=0.00001 ext100=0.000 total100=0.045
[train] 29:45:50<113:28:12, 0.052s/step step= 2078000 episodes= 4329 eps=0.050 replay= 39936 loss=0.00001 ext100=0.000 total100=0.046
[eval] step=2080000 episodes=4334 mean_ext_return=0.000
[train] 29:47:49<113:27:30, 0.052s/step step= 2080000 episodes= 4334 eps=0.050 replay= 39936 loss=0.00001 ext100=0.000 total100=0.045
[train] 29:49:33<113:25:48, 0.052s/step step= 2082000 episodes= 4338 eps=0.050 replay= 39936 loss=0.00002 ext100=0.000 total100=0.045
[train] 29:51:16<113:24:06, 0.052s/step step= 2084000 episodes= 4342 eps=0.050 replay= 39936 loss=0.00001 ext100=0.000 total100=0.045
[train] 29:53:00<113:22:25, 0.052s/step step= 2086000 episodes= 4346 eps=0.050 replay= 39936 loss=0.00000 ext100=0.000 total100=0.045
[train] 29:54:44<113:20:44, 0.052s/step step= 2088000 episodes= 4350 eps=0.050 replay= 39936 loss=0.00001 ext100=0.000 total100=0.044
[train] 29:56:27<113:19:03, 0.052s/step step= 2090000 episodes= 4354 eps=0.050 replay= 39936 loss=0.00002 ext100=0.000 total100=0.045
[train] 29:58:11<113:17:21, 0.052s/step step= 2092000 episodes= 4359 eps=0.050 replay= 39936 loss=0.00001 ext100=0.000 total100=0.045
[train] 29:59:55<113:15:41, 0.052s/step step= 2094000 episodes= 4363 eps=0.050 replay= 39936 loss=0.00001 ext100=0.000 total100=0.044
[train] 30:01:39<113:14:01, 0.052s/step step= 2096000 episodes= 4367 eps=0.050 replay= 39936 loss=0.00001 ext100=0.000 total100=0.044
[train] 30:03:22<113:12:17, 0.052s/step step= 2098000 episodes= 4371 eps=0.050 replay= 39936 loss=0.00002 ext100=0.000 total100=0.044
[eval] step=2100000 episodes=4375 mean_ext_return=0.000
[train] 30:05:21<113:11:33, 0.052s/step step= 2100000 episodes= 4375 eps=0.050 replay= 39936 loss=0.00000 ext100=0.000 total100=0.044
[train] 30:07:04<113:09:52, 0.052s/step step= 2102000 episodes= 4379 eps=0.050 replay= 39936 loss=0.00001 ext100=0.000 total100=0.045
[train] 30:08:48<113:08:10, 0.052s/step step= 2104000 episodes= 4384 eps=0.050 replay= 39936 loss=0.00000 ext100=0.000 total100=0.044
[train] 30:10:31<113:06:28, 0.052s/step step= 2106000 episodes= 4388 eps=0.050 replay= 39936 loss=0.00003 ext100=0.000 total100=0.045
[train] 30:12:15<113:04:47, 0.052s/step step= 2108000 episodes= 4392 eps=0.050 replay= 39936 loss=0.00001 ext100=0.000 total100=0.045
[train] 30:13:59<113:03:06, 0.052s/step step= 2110000 episodes= 4396 eps=0.050 replay= 39936 loss=0.00000 ext100=0.000 total100=0.045
[train] 30:15:42<113:01:24, 0.052s/step step= 2112000 episodes= 4400 eps=0.050 replay= 39936 loss=0.00001 ext100=0.000 total100=0.044
[train] 30:17:26<112:59:44, 0.052s/step step= 2114000 episodes= 4404 eps=0.050 replay= 39936 loss=0.00002 ext100=0.000 total100=0.044
[train] 30:19:10<112:58:04, 0.052s/step step= 2116000 episodes= 4409 eps=0.050 replay= 39936 loss=0.00001 ext100=0.000 total100=0.044
[train] 30:20:53<112:56:21, 0.052s/step step= 2118000 episodes= 4413 eps=0.050 replay= 39936 loss=0.00000 ext100=0.000 total100=0.045
[eval] step=2120000 episodes=4417 mean_ext_return=0.000
[train] 30:22:52<112:55:37, 0.052s/step step= 2120000 episodes= 4417 eps=0.050 replay= 39936 loss=0.00000 ext100=0.000 total100=0.045
[train] 30:24:36<112:53:55, 0.052s/step step= 2122000 episodes= 4421 eps=0.050 replay= 39936 loss=0.00001 ext100=0.000 total100=0.044
[train] 30:26:20<112:52:13, 0.052s/step step= 2124000 episodes= 4425 eps=0.050 replay= 39936 loss=0.00001 ext100=0.000 total100=0.045
[train] 30:28:03<112:50:31, 0.052s/step step= 2126000 episodes= 4429 eps=0.050 replay= 39936 loss=0.00000 ext100=0.000 total100=0.045
[train] 30:29:47<112:48:50, 0.052s/step step= 2128000 episodes= 4434 eps=0.050 replay= 39936 loss=0.00001 ext100=0.000 total100=0.048
[train] 30:31:30<112:47:08, 0.052s/step step= 2130000 episodes= 4438 eps=0.050 replay= 39936 loss=0.00001 ext100=0.000 total100=0.048
[train] 30:33:14<112:45:26, 0.052s/step step= 2132000 episodes= 4442 eps=0.050 replay= 39936 loss=0.00001 ext100=0.000 total100=0.048
[train] 30:34:58<112:43:46, 0.052s/step step= 2134000 episodes= 4446 eps=0.050 replay= 39936 loss=0.00000 ext100=0.000 total100=0.049
[train] 30:36:42<112:42:06, 0.052s/step step= 2136000 episodes= 4450 eps=0.050 replay= 39936 loss=0.00000 ext100=0.000 total100=0.049
[train] 30:38:25<112:40:23, 0.052s/step step= 2138000 episodes= 4454 eps=0.050 replay= 39936 loss=0.00002 ext100=0.000 total100=0.047
[eval] step=2140000 episodes=4459 mean_ext_return=0.000
[train] 30:40:24<112:39:37, 0.052s/step step= 2140000 episodes= 4459 eps=0.050 replay= 39936 loss=0.00001 ext100=0.000 total100=0.048
[train] 30:42:08<112:37:55, 0.052s/step step= 2142000 episodes= 4463 eps=0.050 replay= 39936 loss=0.00000 ext100=0.000 total100=0.048
[train] 30:43:51<112:36:13, 0.052s/step step= 2144000 episodes= 4467 eps=0.050 replay= 39936 loss=0.00000 ext100=0.000 total100=0.047
[train] 30:45:34<112:34:31, 0.052s/step step= 2146000 episodes= 4471 eps=0.050 replay= 39936 loss=0.00001 ext100=0.000 total100=0.047
[train] 30:47:18<112:32:49, 0.052s/step step= 2148000 episodes= 4475 eps=0.050 replay= 39936 loss=0.00000 ext100=0.000 total100=0.047
[train] 30:49:02<112:31:08, 0.052s/step step= 2150000 episodes= 4479 eps=0.050 replay= 39936 loss=0.00000 ext100=0.000 total100=0.046
[train] 30:50:45<112:29:26, 0.052s/step step= 2152000 episodes= 4484 eps=0.050 replay= 39936 loss=0.00001 ext100=0.000 total100=0.047
[train] 30:52:29<112:27:46, 0.052s/step step= 2154000 episodes= 4488 eps=0.050 replay= 39936 loss=0.00001 ext100=0.000 total100=0.043
[train] 30:54:13<112:26:05, 0.052s/step step= 2156000 episodes= 4492 eps=0.050 replay= 39936 loss=0.00001 ext100=0.000 total100=0.043
[train] 30:55:57<112:24:22, 0.052s/step step= 2158000 episodes= 4496 eps=0.050 replay= 39936 loss=0.00001 ext100=0.000 total100=0.043
[eval] step=2160000 episodes=4500 mean_ext_return=0.000
[train] 30:57:55<112:23:35, 0.052s/step step= 2160000 episodes= 4500 eps=0.050 replay= 39936 loss=0.00000 ext100=0.000 total100=0.042
[train] 30:59:39<112:21:53, 0.052s/step step= 2162000 episodes= 4504 eps=0.050 replay= 39936 loss=0.00001 ext100=0.000 total100=0.042
[train] 31:01:22<112:20:11, 0.052s/step step= 2164000 episodes= 4509 eps=0.050 replay= 39936 loss=0.00000 ext100=0.000 total100=0.041
[train] 31:03:06<112:18:29, 0.052s/step step= 2166000 episodes= 4513 eps=0.050 replay= 39936 loss=0.00000 ext100=0.000 total100=0.040
[train] 31:04:50<112:16:48, 0.052s/step step= 2168000 episodes= 4517 eps=0.050 replay= 39936 loss=0.00001 ext100=0.000 total100=0.040
[train] 31:06:33<112:15:06, 0.052s/step step= 2170000 episodes= 4521 eps=0.050 replay= 39936 loss=0.00001 ext100=0.000 total100=0.041
[train] 31:08:17<112:13:24, 0.052s/step step= 2172000 episodes= 4525 eps=0.050 replay= 39936 loss=0.00000 ext100=0.000 total100=0.041
[train] 31:10:01<112:11:44, 0.052s/step step= 2174000 episodes= 4529 eps=0.050 replay= 39936 loss=0.00001 ext100=0.000 total100=0.041
[train] 31:11:45<112:10:04, 0.052s/step step= 2176000 episodes= 4534 eps=0.050 replay= 39936 loss=0.00001 ext100=0.000 total100=0.039
[train] 31:13:28<112:08:21, 0.052s/step step= 2178000 episodes= 4538 eps=0.050 replay= 39936 loss=0.00002 ext100=0.000 total100=0.039
[eval] step=2180000 episodes=4542 mean_ext_return=0.000
[train] 31:15:27<112:07:34, 0.052s/step step= 2180000 episodes= 4542 eps=0.050 replay= 39936 loss=0.00000 ext100=0.000 total100=0.040
[train] 31:17:11<112:05:52, 0.052s/step step= 2182000 episodes= 4546 eps=0.050 replay= 39936 loss=0.00000 ext100=0.000 total100=0.038
[train] 31:18:54<112:04:10, 0.052s/step step= 2184000 episodes= 4550 eps=0.050 replay= 39936 loss=0.00000 ext100=0.000 total100=0.038
[train] 31:20:38<112:02:27, 0.052s/step step= 2186000 episodes= 4554 eps=0.050 replay= 39936 loss=0.00001 ext100=0.000 total100=0.039
[train] 31:22:22<112:00:46, 0.052s/step step= 2188000 episodes= 4559 eps=0.050 replay= 39936 loss=0.00001 ext100=0.000 total100=0.038
[train] 31:24:05<111:59:05, 0.052s/step step= 2190000 episodes= 4563 eps=0.050 replay= 39936 loss=0.00001 ext100=0.000 total100=0.038
[train] 31:25:49<111:57:23, 0.052s/step step= 2192000 episodes= 4567 eps=0.050 replay= 39936 loss=0.00001 ext100=0.000 total100=0.039
[train] 31:27:33<111:55:43, 0.052s/step step= 2194000 episodes= 4571 eps=0.050 replay= 39936 loss=0.00002 ext100=0.000 total100=0.040
[train] 31:29:17<111:54:02, 0.052s/step step= 2196000 episodes= 4575 eps=0.050 replay= 39936 loss=0.00001 ext100=0.000 total100=0.040
[train] 31:31:00<111:52:19, 0.052s/step step= 2198000 episodes= 4579 eps=0.050 replay= 39936 loss=0.00000 ext100=0.000 total100=0.040
[eval] step=2200000 episodes=4584 mean_ext_return=0.000
[train] 31:32:59<111:51:31, 0.052s/step step= 2200000 episodes= 4584 eps=0.050 replay= 39936 loss=0.00001 ext100=0.000 total100=0.040
[train] 31:34:43<111:49:49, 0.052s/step step= 2202000 episodes= 4588 eps=0.050 replay= 39936 loss=0.00001 ext100=0.000 total100=0.043
[train] 31:36:26<111:48:06, 0.052s/step step= 2204000 episodes= 4592 eps=0.050 replay= 39936 loss=0.00001 ext100=0.000 total100=0.043
[train] 31:38:10<111:46:24, 0.052s/step step= 2206000 episodes= 4596 eps=0.050 replay= 39936 loss=0.00000 ext100=0.000 total100=0.044
[train] 31:39:54<111:44:43, 0.052s/step step= 2208000 episodes= 4600 eps=0.050 replay= 39936 loss=0.00001 ext100=0.000 total100=0.044
[train] 31:41:37<111:43:01, 0.052s/step step= 2210000 episodes= 4604 eps=0.050 replay= 39936 loss=0.00001 ext100=0.000 total100=0.045
[train] 31:43:21<111:41:18, 0.052s/step step= 2212000 episodes= 4609 eps=0.050 replay= 39936 loss=0.00000 ext100=0.000 total100=0.045
[train] 31:45:05<111:39:37, 0.052s/step step= 2214000 episodes= 4613 eps=0.050 replay= 39936 loss=0.00001 ext100=0.000 total100=0.046
[train] 31:46:48<111:37:56, 0.052s/step step= 2216000 episodes= 4617 eps=0.050 replay= 39936 loss=0.00000 ext100=0.000 total100=0.046
[train] 31:48:32<111:36:14, 0.052s/step step= 2218000 episodes= 4621 eps=0.050 replay= 39936 loss=0.00001 ext100=0.000 total100=0.046
[eval] step=2220000 episodes=4625 mean_ext_return=0.000
[train] 31:50:31<111:35:25, 0.052s/step step= 2220000 episodes= 4625 eps=0.050 replay= 39936 loss=0.00001 ext100=0.000 total100=0.047
[train] 31:52:14<111:33:43, 0.052s/step step= 2222000 episodes= 4629 eps=0.050 replay= 39936 loss=0.00001 ext100=0.000 total100=0.047
[train] 31:53:58<111:32:00, 0.052s/step step= 2224000 episodes= 4634 eps=0.050 replay= 39936 loss=0.00001 ext100=0.000 total100=0.047
[train] 31:55:41<111:30:18, 0.052s/step step= 2226000 episodes= 4638 eps=0.050 replay= 39936 loss=0.00001 ext100=0.000 total100=0.046
[train] 31:57:25<111:28:36, 0.052s/step step= 2228000 episodes= 4642 eps=0.050 replay= 39936 loss=0.00001 ext100=0.000 total100=0.046
[train] 31:59:09<111:26:54, 0.052s/step step= 2230000 episodes= 4646 eps=0.050 replay= 39936 loss=0.00001 ext100=0.000 total100=0.046
[train] 32:00:52<111:25:12, 0.052s/step step= 2232000 episodes= 4650 eps=0.050 replay= 39936 loss=0.00001 ext100=0.000 total100=0.047
[train] 32:02:36<111:23:31, 0.052s/step step= 2234000 episodes= 4654 eps=0.050 replay= 39936 loss=0.00001 ext100=0.000 total100=0.047
[train] 32:04:20<111:21:50, 0.052s/step step= 2236000 episodes= 4659 eps=0.050 replay= 39936 loss=0.00000 ext100=0.000 total100=0.048
[train] 32:06:04<111:20:07, 0.052s/step step= 2238000 episodes= 4663 eps=0.050 replay= 39936 loss=0.00000 ext100=0.000 total100=0.048
[eval] step=2240000 episodes=4667 mean_ext_return=0.000
[train] 32:08:02<111:19:17, 0.052s/step step= 2240000 episodes= 4667 eps=0.050 replay= 39936 loss=0.00000 ext100=0.000 total100=0.047
[train] 32:09:46<111:17:35, 0.052s/step step= 2242000 episodes= 4671 eps=0.050 replay= 39936 loss=0.00002 ext100=0.000 total100=0.046
[train] 32:11:29<111:15:52, 0.052s/step step= 2244000 episodes= 4675 eps=0.050 replay= 39936 loss=0.00000 ext100=0.000 total100=0.046
[train] 32:13:13<111:14:10, 0.052s/step step= 2246000 episodes= 4679 eps=0.050 replay= 39936 loss=0.00001 ext100=0.000 total100=0.046
[train] 32:14:57<111:12:29, 0.052s/step step= 2248000 episodes= 4684 eps=0.050 replay= 39936 loss=0.00000 ext100=0.000 total100=0.046
[train] 32:16:40<111:10:47, 0.052s/step step= 2250000 episodes= 4688 eps=0.050 replay= 39936 loss=0.00001 ext100=0.000 total100=0.046
[train] 32:18:24<111:09:04, 0.052s/step step= 2252000 episodes= 4692 eps=0.050 replay= 39936 loss=0.00001 ext100=0.000 total100=0.046
[train] 32:20:08<111:07:23, 0.052s/step step= 2254000 episodes= 4696 eps=0.050 replay= 39936 loss=0.00001 ext100=0.000 total100=0.045
[train] 32:21:52<111:05:42, 0.052s/step step= 2256000 episodes= 4700 eps=0.050 replay= 39936 loss=0.00000 ext100=0.000 total100=0.045
[train] 32:23:35<111:04:00, 0.052s/step step= 2258000 episodes= 4704 eps=0.050 replay= 39936 loss=0.00001 ext100=0.000 total100=0.045
[eval] step=2260000 episodes=4709 mean_ext_return=0.000
[train] 32:25:34<111:03:09, 0.052s/step step= 2260000 episodes= 4709 eps=0.050 replay= 39936 loss=0.00000 ext100=0.000 total100=0.044
[train] 32:27:17<111:01:26, 0.052s/step step= 2262000 episodes= 4713 eps=0.050 replay= 39936 loss=0.00000 ext100=0.000 total100=0.044
[train] 32:29:01<110:59:44, 0.052s/step step= 2264000 episodes= 4717 eps=0.050 replay= 39936 loss=0.00001 ext100=0.000 total100=0.044
[train] 32:30:44<110:58:01, 0.052s/step step= 2266000 episodes= 4721 eps=0.050 replay= 39936 loss=0.00001 ext100=0.000 total100=0.042
[train] 32:32:28<110:56:20, 0.052s/step step= 2268000 episodes= 4725 eps=0.050 replay= 39936 loss=0.00000 ext100=0.000 total100=0.041
[train] 32:34:12<110:54:38, 0.052s/step step= 2270000 episodes= 4729 eps=0.050 replay= 39936 loss=0.00000 ext100=0.000 total100=0.041
[train] 32:35:56<110:52:55, 0.052s/step step= 2272000 episodes= 4734 eps=0.050 replay= 39936 loss=0.00000 ext100=0.000 total100=0.041
[train] 32:37:39<110:51:14, 0.052s/step step= 2274000 episodes= 4738 eps=0.050 replay= 39936 loss=0.00001 ext100=0.000 total100=0.041
[train] 32:39:24<110:49:33, 0.052s/step step= 2276000 episodes= 4742 eps=0.050 replay= 39936 loss=0.00000 ext100=0.000 total100=0.042
[train] 32:41:07<110:47:50, 0.052s/step step= 2278000 episodes= 4746 eps=0.050 replay= 39936 loss=0.00001 ext100=0.000 total100=0.043
[eval] step=2280000 episodes=4750 mean_ext_return=0.000
[train] 32:43:05<110:46:59, 0.052s/step step= 2280000 episodes= 4750 eps=0.050 replay= 39936 loss=0.00001 ext100=0.000 total100=0.043
[train] 32:44:49<110:45:16, 0.052s/step step= 2282000 episodes= 4754 eps=0.050 replay= 39936 loss=0.00001 ext100=0.000 total100=0.044
[train] 32:46:33<110:43:34, 0.052s/step step= 2284000 episodes= 4759 eps=0.050 replay= 39936 loss=0.00001 ext100=0.000 total100=0.043
[train] 32:48:16<110:41:51, 0.052s/step step= 2286000 episodes= 4763 eps=0.050 replay= 39936 loss=0.00000 ext100=0.000 total100=0.043
[train] 32:50:00<110:40:10, 0.052s/step step= 2288000 episodes= 4767 eps=0.050 replay= 39936 loss=0.00000 ext100=0.000 total100=0.043
[train] 32:51:44<110:38:27, 0.052s/step step= 2290000 episodes= 4771 eps=0.050 replay= 39936 loss=0.00001 ext100=0.000 total100=0.044
[train] 32:53:27<110:36:45, 0.052s/step step= 2292000 episodes= 4775 eps=0.050 replay= 39936 loss=0.00000 ext100=0.000 total100=0.041
[train] 32:55:11<110:35:04, 0.052s/step step= 2294000 episodes= 4779 eps=0.050 replay= 39936 loss=0.00000 ext100=0.000 total100=0.042
[train] 32:56:55<110:33:23, 0.052s/step step= 2296000 episodes= 4784 eps=0.050 replay= 39936 loss=0.00001 ext100=0.000 total100=0.044
[train] 32:58:39<110:31:40, 0.052s/step step= 2298000 episodes= 4788 eps=0.050 replay= 39936 loss=0.00001 ext100=0.000 total100=0.044
[eval] step=2300000 episodes=4792 mean_ext_return=0.000
[train] 33:00:37<110:30:47, 0.052s/step step= 2300000 episodes= 4792 eps=0.050 replay= 39936 loss=0.00000 ext100=0.000 total100=0.043
[train] 33:02:21<110:29:05, 0.052s/step step= 2302000 episodes= 4796 eps=0.050 replay= 39936 loss=0.00000 ext100=0.000 total100=0.044
[train] 33:04:04<110:27:22, 0.052s/step step= 2304000 episodes= 4800 eps=0.050 replay= 39936 loss=0.00000 ext100=0.000 total100=0.043
[train] 33:05:47<110:25:38, 0.052s/step step= 2306000 episodes= 4804 eps=0.050 replay= 39936 loss=0.00001 ext100=0.000 total100=0.045
[train] 33:07:31<110:23:57, 0.052s/step step= 2308000 episodes= 4809 eps=0.050 replay= 39936 loss=0.00000 ext100=0.000 total100=0.045
[train] 33:09:15<110:22:15, 0.052s/step step= 2310000 episodes= 4813 eps=0.050 replay= 39936 loss=0.00000 ext100=0.000 total100=0.045
[train] 33:10:59<110:20:32, 0.052s/step step= 2312000 episodes= 4817 eps=0.050 replay= 39936 loss=0.00000 ext100=0.000 total100=0.045
[train] 33:12:43<110:18:51, 0.052s/step step= 2314000 episodes= 4821 eps=0.050 replay= 39936 loss=0.00001 ext100=0.000 total100=0.046
[train] 33:14:27<110:17:10, 0.052s/step step= 2316000 episodes= 4825 eps=0.050 replay= 39936 loss=0.00001 ext100=0.000 total100=0.046
[train] 33:16:10<110:15:27, 0.052s/step step= 2318000 episodes= 4829 eps=0.050 replay= 39936 loss=0.00000 ext100=0.000 total100=0.046
[eval] step=2320000 episodes=4834 mean_ext_return=0.000
[train] 33:18:09<110:14:34, 0.052s/step step= 2320000 episodes= 4834 eps=0.050 replay= 39936 loss=0.00001 ext100=0.000 total100=0.046
[train] 33:19:52<110:12:51, 0.052s/step step= 2322000 episodes= 4838 eps=0.050 replay= 39936 loss=0.00001 ext100=0.000 total100=0.046
[train] 33:21:36<110:11:08, 0.052s/step step= 2324000 episodes= 4842 eps=0.050 replay= 39936 loss=0.00000 ext100=0.000 total100=0.045
[train] 33:23:19<110:09:25, 0.052s/step step= 2326000 episodes= 4846 eps=0.050 replay= 39936 loss=0.00001 ext100=0.000 total100=0.043
[train] 33:25:03<110:07:44, 0.052s/step step= 2328000 episodes= 4850 eps=0.050 replay= 39936 loss=0.00000 ext100=0.000 total100=0.043
[train] 33:26:47<110:06:01, 0.052s/step step= 2330000 episodes= 4854 eps=0.050 replay= 39936 loss=0.00001 ext100=0.000 total100=0.044
[train] 33:28:30<110:04:19, 0.052s/step step= 2332000 episodes= 4859 eps=0.050 replay= 39936 loss=0.00001 ext100=0.000 total100=0.044
[train] 33:30:14<110:02:38, 0.052s/step step= 2334000 episodes= 4863 eps=0.050 replay= 39936 loss=0.00000 ext100=0.000 total100=0.044
[train] 33:31:58<110:00:57, 0.052s/step step= 2336000 episodes= 4867 eps=0.050 replay= 39936 loss=0.00000 ext100=0.000 total100=0.045
[train] 33:33:42<109:59:14, 0.052s/step step= 2338000 episodes= 4871 eps=0.050 replay= 39936 loss=0.00001 ext100=0.000 total100=0.045
[eval] step=2340000 episodes=4875 mean_ext_return=0.000
[train] 33:35:40<109:58:20, 0.052s/step step= 2340000 episodes= 4875 eps=0.050 replay= 39936 loss=0.00000 ext100=0.000 total100=0.047
[train] 33:37:24<109:56:38, 0.052s/step step= 2342000 episodes= 4879 eps=0.050 replay= 39936 loss=0.00000 ext100=0.000 total100=0.046
[train] 33:39:08<109:54:55, 0.052s/step step= 2344000 episodes= 4884 eps=0.050 replay= 39936 loss=0.00000 ext100=0.000 total100=0.045
[train] 33:40:51<109:53:12, 0.052s/step step= 2346000 episodes= 4888 eps=0.050 replay= 39936 loss=0.00001 ext100=0.000 total100=0.044
[train] 33:42:35<109:51:31, 0.052s/step step= 2348000 episodes= 4892 eps=0.050 replay= 39936 loss=0.00000 ext100=0.000 total100=0.045
[train] 33:44:19<109:49:49, 0.052s/step step= 2350000 episodes= 4896 eps=0.050 replay= 39936 loss=0.00000 ext100=0.000 total100=0.045
[train] 33:46:02<109:48:06, 0.052s/step step= 2352000 episodes= 4900 eps=0.050 replay= 39936 loss=0.00001 ext100=0.000 total100=0.046
[train] 33:47:46<109:46:24, 0.052s/step step= 2354000 episodes= 4904 eps=0.050 replay= 39936 loss=0.00001 ext100=0.000 total100=0.045
[train] 33:49:30<109:44:42, 0.052s/step step= 2356000 episodes= 4909 eps=0.050 replay= 39936 loss=0.00000 ext100=0.000 total100=0.045
[train] 33:51:14<109:42:59, 0.052s/step step= 2358000 episodes= 4913 eps=0.050 replay= 39936 loss=0.00000 ext100=0.000 total100=0.045
[eval] step=2360000 episodes=4917 mean_ext_return=0.000
[train] 33:53:12<109:42:05, 0.052s/step step= 2360000 episodes= 4917 eps=0.050 replay= 39936 loss=0.00000 ext100=0.000 total100=0.045
[train] 33:54:56<109:40:22, 0.052s/step step= 2362000 episodes= 4921 eps=0.050 replay= 39936 loss=0.00001 ext100=0.000 total100=0.045
[train] 33:56:39<109:38:39, 0.052s/step step= 2364000 episodes= 4925 eps=0.050 replay= 39936 loss=0.00000 ext100=0.000 total100=0.047
[train] 33:58:22<109:36:55, 0.052s/step step= 2366000 episodes= 4929 eps=0.050 replay= 39936 loss=0.00001 ext100=0.000 total100=0.047
[train] 34:00:06<109:35:13, 0.052s/step step= 2368000 episodes= 4934 eps=0.050 replay= 39936 loss=0.00001 ext100=0.000 total100=0.047
[train] 34:01:50<109:33:30, 0.052s/step step= 2370000 episodes= 4938 eps=0.050 replay= 39936 loss=0.00001 ext100=0.000 total100=0.046
[train] 34:03:33<109:31:47, 0.052s/step step= 2372000 episodes= 4942 eps=0.050 replay= 39936 loss=0.00000 ext100=0.000 total100=0.047
[train] 34:05:17<109:30:05, 0.052s/step step= 2374000 episodes= 4946 eps=0.050 replay= 39936 loss=0.00000 ext100=0.000 total100=0.047
[train] 34:07:01<109:28:23, 0.052s/step step= 2376000 episodes= 4950 eps=0.050 replay= 39936 loss=0.00000 ext100=0.000 total100=0.047
[train] 34:08:45<109:26:41, 0.052s/step step= 2378000 episodes= 4954 eps=0.050 replay= 39936 loss=0.00002 ext100=0.000 total100=0.046
[eval] step=2380000 episodes=4959 mean_ext_return=0.000
[train] 34:10:43<109:25:46, 0.052s/step step= 2380000 episodes= 4959 eps=0.050 replay= 39936 loss=0.00000 ext100=0.000 total100=0.046
[train] 34:12:27<109:24:03, 0.052s/step step= 2382000 episodes= 4963 eps=0.050 replay= 39936 loss=0.00000 ext100=0.000 total100=0.046
[train] 34:14:10<109:22:20, 0.052s/step step= 2384000 episodes= 4967 eps=0.050 replay= 39936 loss=0.00001 ext100=0.000 total100=0.045
[train] 34:15:54<109:20:37, 0.052s/step step= 2386000 episodes= 4971 eps=0.050 replay= 39936 loss=0.00002 ext100=0.000 total100=0.044
[train] 34:17:37<109:18:54, 0.052s/step step= 2388000 episodes= 4975 eps=0.050 replay= 39936 loss=0.00000 ext100=0.000 total100=0.044
[train] 34:19:21<109:17:12, 0.052s/step step= 2390000 episodes= 4979 eps=0.050 replay= 39936 loss=0.00000 ext100=0.000 total100=0.045
[train] 34:21:05<109:15:29, 0.052s/step step= 2392000 episodes= 4984 eps=0.050 replay= 39936 loss=0.00000 ext100=0.000 total100=0.045
[train] 34:22:48<109:13:47, 0.052s/step step= 2394000 episodes= 4988 eps=0.050 replay= 39936 loss=0.00002 ext100=0.000 total100=0.045
[train] 34:24:32<109:12:06, 0.052s/step step= 2396000 episodes= 4992 eps=0.050 replay= 39936 loss=0.00000 ext100=0.000 total100=0.045
[train] 34:26:16<109:10:23, 0.052s/step step= 2398000 episodes= 4996 eps=0.050 replay= 39936 loss=0.00001 ext100=0.000 total100=0.044
[eval] step=2400000 episodes=5000 mean_ext_return=0.000
[train] 34:28:15<109:09:28, 0.052s/step step= 2400000 episodes= 5000 eps=0.050 replay= 39936 loss=0.00000 ext100=0.000 total100=0.044
[train] 34:29:58<109:07:45, 0.052s/step step= 2402000 episodes= 5004 eps=0.050 replay= 39936 loss=0.00001 ext100=0.000 total100=0.043
[train] 34:31:42<109:06:02, 0.052s/step step= 2404000 episodes= 5009 eps=0.050 replay= 39936 loss=0.00000 ext100=0.000 total100=0.043
[train] 34:33:25<109:04:19, 0.052s/step step= 2406000 episodes= 5013 eps=0.050 replay= 39936 loss=0.00000 ext100=0.000 total100=0.043
[train] 34:35:09<109:02:36, 0.052s/step step= 2408000 episodes= 5017 eps=0.050 replay= 39936 loss=0.00001 ext100=0.000 total100=0.042
[train] 34:36:53<109:00:53, 0.052s/step step= 2410000 episodes= 5021 eps=0.050 replay= 39936 loss=0.00000 ext100=0.000 total100=0.042
[train] 34:38:36<108:59:11, 0.052s/step step= 2412000 episodes= 5025 eps=0.050 replay= 39936 loss=0.00000 ext100=0.000 total100=0.041
[train] 34:40:20<108:57:29, 0.052s/step step= 2414000 episodes= 5029 eps=0.050 replay= 39936 loss=0.00000 ext100=0.000 total100=0.040
[train] 34:42:04<108:55:47, 0.052s/step step= 2416000 episodes= 5034 eps=0.050 replay= 39936 loss=0.00000 ext100=0.000 total100=0.040
[train] 34:43:48<108:54:04, 0.052s/step step= 2418000 episodes= 5038 eps=0.050 replay= 39936 loss=0.00001 ext100=0.000 total100=0.039
[eval] step=2420000 episodes=5042 mean_ext_return=0.000
[train] 34:45:46<108:53:09, 0.052s/step step= 2420000 episodes= 5042 eps=0.050 replay= 39936 loss=0.00000 ext100=0.000 total100=0.039
[train] 34:47:30<108:51:25, 0.052s/step step= 2422000 episodes= 5046 eps=0.050 replay= 39936 loss=0.00000 ext100=0.000 total100=0.038
[train] 34:49:13<108:49:42, 0.052s/step step= 2424000 episodes= 5050 eps=0.050 replay= 39936 loss=0.00000 ext100=0.000 total100=0.037
[train] 34:50:57<108:47:59, 0.052s/step step= 2426000 episodes= 5054 eps=0.050 replay= 39936 loss=0.00001 ext100=0.000 total100=0.037
[train] 34:52:41<108:46:17, 0.052s/step step= 2428000 episodes= 5059 eps=0.050 replay= 39936 loss=0.00000 ext100=0.000 total100=0.037
[train] 34:54:24<108:44:34, 0.052s/step step= 2430000 episodes= 5063 eps=0.050 replay= 39936 loss=0.00000 ext100=0.000 total100=0.038
[train] 34:56:08<108:42:51, 0.052s/step step= 2432000 episodes= 5067 eps=0.050 replay= 39936 loss=0.00000 ext100=0.000 total100=0.037
[train] 34:57:52<108:41:08, 0.052s/step step= 2434000 episodes= 5071 eps=0.050 replay= 39936 loss=0.00001 ext100=0.000 total100=0.037
[train] 34:59:35<108:39:26, 0.052s/step step= 2436000 episodes= 5075 eps=0.050 replay= 39936 loss=0.00000 ext100=0.000 total100=0.038
[train] 35:01:19<108:37:43, 0.052s/step step= 2438000 episodes= 5079 eps=0.050 replay= 39936 loss=0.00000 ext100=0.000 total100=0.038
[eval] step=2440000 episodes=5084 mean_ext_return=0.000
[train] 35:03:18<108:36:47, 0.052s/step step= 2440000 episodes= 5084 eps=0.050 replay= 39936 loss=0.00000 ext100=0.000 total100=0.038
[train] 35:05:01<108:35:03, 0.052s/step step= 2442000 episodes= 5088 eps=0.050 replay= 39936 loss=0.00001 ext100=0.000 total100=0.038
[train] 35:06:45<108:33:20, 0.052s/step step= 2444000 episodes= 5092 eps=0.050 replay= 39936 loss=0.00000 ext100=0.000 total100=0.039
[train] 35:08:28<108:31:36, 0.052s/step step= 2446000 episodes= 5096 eps=0.050 replay= 39936 loss=0.00000 ext100=0.000 total100=0.039
[train] 35:10:12<108:29:54, 0.052s/step step= 2448000 episodes= 5100 eps=0.050 replay= 39936 loss=0.00000 ext100=0.000 total100=0.039
[train] 35:11:55<108:28:11, 0.052s/step step= 2450000 episodes= 5104 eps=0.050 replay= 39936 loss=0.00001 ext100=0.000 total100=0.039
[train] 35:13:39<108:26:29, 0.052s/step step= 2452000 episodes= 5109 eps=0.050 replay= 39936 loss=0.00000 ext100=0.000 total100=0.040
[train] 35:15:23<108:24:46, 0.052s/step step= 2454000 episodes= 5113 eps=0.050 replay= 39936 loss=0.00000 ext100=0.000 total100=0.040
[train] 35:17:07<108:23:04, 0.052s/step step= 2456000 episodes= 5117 eps=0.050 replay= 39936 loss=0.00000 ext100=0.000 total100=0.041
[train] 35:18:50<108:21:21, 0.052s/step step= 2458000 episodes= 5121 eps=0.050 replay= 39936 loss=0.00000 ext100=0.000 total100=0.041
[eval] step=2460000 episodes=5125 mean_ext_return=0.000
[train] 35:20:49<108:20:24, 0.052s/step step= 2460000 episodes= 5125 eps=0.050 replay= 39936 loss=0.00000 ext100=0.000 total100=0.041
[train] 35:22:32<108:18:40, 0.052s/step step= 2462000 episodes= 5129 eps=0.050 replay= 39936 loss=0.00000 ext100=0.000 total100=0.042
[train] 35:24:16<108:16:57, 0.052s/step step= 2464000 episodes= 5134 eps=0.050 replay= 39936 loss=0.00001 ext100=0.000 total100=0.041
[train] 35:25:59<108:15:13, 0.052s/step step= 2466000 episodes= 5138 eps=0.050 replay= 39936 loss=0.00001 ext100=0.000 total100=0.042
[train] 35:27:43<108:13:30, 0.052s/step step= 2468000 episodes= 5142 eps=0.050 replay= 39936 loss=0.00000 ext100=0.000 total100=0.041
[train] 35:29:26<108:11:47, 0.052s/step step= 2470000 episodes= 5146 eps=0.050 replay= 39936 loss=0.00000 ext100=0.000 total100=0.042
[train] 35:31:10<108:10:04, 0.052s/step step= 2472000 episodes= 5150 eps=0.050 replay= 39936 loss=0.00000 ext100=0.000 total100=0.042
[train] 35:32:54<108:08:21, 0.052s/step step= 2474000 episodes= 5154 eps=0.050 replay= 39936 loss=0.00001 ext100=0.000 total100=0.042
[train] 35:34:37<108:06:39, 0.052s/step step= 2476000 episodes= 5159 eps=0.050 replay= 39936 loss=0.00000 ext100=0.000 total100=0.042
[train] 35:36:21<108:04:56, 0.052s/step step= 2478000 episodes= 5163 eps=0.050 replay= 39936 loss=0.00000 ext100=0.000 total100=0.042
[eval] step=2480000 episodes=5167 mean_ext_return=0.000
[train] 35:38:20<108:03:59, 0.052s/step step= 2480000 episodes= 5167 eps=0.050 replay= 39936 loss=0.00000 ext100=0.000 total100=0.043
[train] 35:40:03<108:02:15, 0.052s/step step= 2482000 episodes= 5171 eps=0.050 replay= 39936 loss=0.00001 ext100=0.000 total100=0.042
[train] 35:41:47<108:00:32, 0.052s/step step= 2484000 episodes= 5175 eps=0.050 replay= 39936 loss=0.00000 ext100=0.000 total100=0.041
[train] 35:43:30<107:58:49, 0.052s/step step= 2486000 episodes= 5179 eps=0.050 replay= 39936 loss=0.00000 ext100=0.000 total100=0.040
[train] 35:45:14<107:57:06, 0.052s/step step= 2488000 episodes= 5184 eps=0.050 replay= 39936 loss=0.00000 ext100=0.000 total100=0.040
[train] 35:46:58<107:55:23, 0.052s/step step= 2490000 episodes= 5188 eps=0.050 replay= 39936 loss=0.00000 ext100=0.000 total100=0.039
[train] 35:48:41<107:53:40, 0.052s/step step= 2492000 episodes= 5192 eps=0.050 replay= 39936 loss=0.00000 ext100=0.000 total100=0.039
[train] 35:50:25<107:51:58, 0.052s/step step= 2494000 episodes= 5196 eps=0.050 replay= 39936 loss=0.00000 ext100=0.000 total100=0.038
[train] 35:52:09<107:50:16, 0.052s/step step= 2496000 episodes= 5200 eps=0.050 replay= 39936 loss=0.00000 ext100=0.000 total100=0.038
[train] 35:53:52<107:48:32, 0.052s/step step= 2498000 episodes= 5204 eps=0.050 replay= 39936 loss=0.00001 ext100=0.000 total100=0.038
[eval] step=2500000 episodes=5209 mean_ext_return=0.000
[train] 35:55:51<107:47:34, 0.052s/step step= 2500000 episodes= 5209 eps=0.050 replay= 39936 loss=0.00000 ext100=0.000 total100=0.038
[train] 35:57:34<107:45:50, 0.052s/step step= 2502000 episodes= 5213 eps=0.050 replay= 39936 loss=0.00000 ext100=0.000 total100=0.038
[train] 35:59:18<107:44:07, 0.052s/step step= 2504000 episodes= 5217 eps=0.050 replay= 39936 loss=0.00000 ext100=0.000 total100=0.038
[train] 36:01:01<107:42:23, 0.052s/step step= 2506000 episodes= 5221 eps=0.050 replay= 39936 loss=0.00001 ext100=0.000 total100=0.037
[train] 36:02:45<107:40:40, 0.052s/step step= 2508000 episodes= 5225 eps=0.050 replay= 39936 loss=0.00000 ext100=0.000 total100=0.038
[train] 36:04:29<107:38:57, 0.052s/step step= 2510000 episodes= 5229 eps=0.050 replay= 39936 loss=0.00001 ext100=0.000 total100=0.039
[train] 36:06:12<107:37:14, 0.052s/step step= 2512000 episodes= 5234 eps=0.050 replay= 39936 loss=0.00000 ext100=0.000 total100=0.039
[train] 36:07:56<107:35:31, 0.052s/step step= 2514000 episodes= 5238 eps=0.050 replay= 39936 loss=0.00001 ext100=0.000 total100=0.040
[train] 36:09:40<107:33:49, 0.052s/step step= 2516000 episodes= 5242 eps=0.050 replay= 39936 loss=0.00001 ext100=0.000 total100=0.041
[train] 36:11:23<107:32:05, 0.052s/step step= 2518000 episodes= 5246 eps=0.050 replay= 39936 loss=0.00000 ext100=0.000 total100=0.040
[eval] step=2520000 episodes=5250 mean_ext_return=0.000
[train] 36:13:22<107:31:07, 0.052s/step step= 2520000 episodes= 5250 eps=0.050 replay= 39936 loss=0.00000 ext100=0.000 total100=0.040
[train] 36:15:05<107:29:23, 0.052s/step step= 2522000 episodes= 5254 eps=0.050 replay= 39936 loss=0.00000 ext100=0.000 total100=0.041
[train] 36:16:49<107:27:39, 0.052s/step step= 2524000 episodes= 5259 eps=0.050 replay= 39936 loss=0.00000 ext100=0.000 total100=0.041
[train] 36:18:32<107:25:56, 0.052s/step step= 2526000 episodes= 5263 eps=0.050 replay= 39936 loss=0.00000 ext100=0.000 total100=0.040
[train] 36:20:16<107:24:13, 0.052s/step step= 2528000 episodes= 5267 eps=0.050 replay= 39936 loss=0.00000 ext100=0.000 total100=0.041
[train] 36:22:00<107:22:30, 0.052s/step step= 2530000 episodes= 5271 eps=0.050 replay= 39936 loss=0.00001 ext100=0.000 total100=0.042
[train] 36:23:43<107:20:47, 0.052s/step step= 2532000 episodes= 5275 eps=0.050 replay= 39936 loss=0.00000 ext100=0.000 total100=0.043
[train] 36:25:27<107:19:04, 0.052s/step step= 2534000 episodes= 5279 eps=0.050 replay= 39936 loss=0.00000 ext100=0.000 total100=0.043
[train] 36:27:11<107:17:22, 0.052s/step step= 2536000 episodes= 5284 eps=0.050 replay= 39936 loss=0.00000 ext100=0.000 total100=0.043
[train] 36:28:54<107:15:38, 0.052s/step step= 2538000 episodes= 5288 eps=0.050 replay= 39936 loss=0.00001 ext100=0.000 total100=0.043
[eval] step=2540000 episodes=5292 mean_ext_return=0.000
[train] 36:30:53<107:14:39, 0.052s/step step= 2540000 episodes= 5292 eps=0.050 replay= 39936 loss=0.00000 ext100=0.000 total100=0.042
[train] 36:32:36<107:12:56, 0.052s/step step= 2542000 episodes= 5296 eps=0.050 replay= 39936 loss=0.00001 ext100=0.000 total100=0.042
[train] 36:34:20<107:11:12, 0.052s/step step= 2544000 episodes= 5300 eps=0.050 replay= 39936 loss=0.00000 ext100=0.000 total100=0.044
[train] 36:36:03<107:09:28, 0.052s/step step= 2546000 episodes= 5304 eps=0.050 replay= 39936 loss=0.00002 ext100=0.000 total100=0.043
[train] 36:37:47<107:07:46, 0.052s/step step= 2548000 episodes= 5309 eps=0.050 replay= 39936 loss=0.00000 ext100=0.000 total100=0.043
[train] 36:39:31<107:06:02, 0.052s/step step= 2550000 episodes= 5313 eps=0.050 replay= 39936 loss=0.00001 ext100=0.000 total100=0.043
[train] 36:41:14<107:04:20, 0.052s/step step= 2552000 episodes= 5317 eps=0.050 replay= 39936 loss=0.00000 ext100=0.000 total100=0.042
[train] 36:42:58<107:02:37, 0.052s/step step= 2554000 episodes= 5321 eps=0.050 replay= 39936 loss=0.00001 ext100=0.000 total100=0.041
[train] 36:44:42<107:00:55, 0.052s/step step= 2556000 episodes= 5325 eps=0.050 replay= 39936 loss=0.00001 ext100=0.000 total100=0.042
[train] 36:46:26<106:59:11, 0.052s/step step= 2558000 episodes= 5329 eps=0.050 replay= 39936 loss=0.00000 ext100=0.000 total100=0.041
[eval] step=2560000 episodes=5334 mean_ext_return=0.000
[train] 36:48:24<106:58:11, 0.052s/step step= 2560000 episodes= 5334 eps=0.050 replay= 39936 loss=0.00001 ext100=0.000 total100=0.042
[train] 36:50:08<106:56:28, 0.052s/step step= 2562000 episodes= 5338 eps=0.050 replay= 39936 loss=0.00000 ext100=0.000 total100=0.041
[train] 36:51:51<106:54:43, 0.052s/step step= 2564000 episodes= 5342 eps=0.050 replay= 39936 loss=0.00000 ext100=0.000 total100=0.040
[train] 36:53:34<106:53:00, 0.052s/step step= 2566000 episodes= 5346 eps=0.050 replay= 39936 loss=0.00001 ext100=0.000 total100=0.040
[train] 36:55:18<106:51:17, 0.052s/step step= 2568000 episodes= 5350 eps=0.050 replay= 39936 loss=0.00000 ext100=0.000 total100=0.040
[train] 36:57:02<106:49:34, 0.052s/step step= 2570000 episodes= 5354 eps=0.050 replay= 39936 loss=0.00001 ext100=0.000 total100=0.039
[train] 36:58:46<106:47:51, 0.052s/step step= 2572000 episodes= 5359 eps=0.050 replay= 39936 loss=0.00000 ext100=0.000 total100=0.039
[train] 37:00:29<106:46:08, 0.052s/step step= 2574000 episodes= 5363 eps=0.050 replay= 39936 loss=0.00000 ext100=0.000 total100=0.040
[train] 37:02:13<106:44:26, 0.052s/step step= 2576000 episodes= 5367 eps=0.050 replay= 39936 loss=0.00000 ext100=0.000 total100=0.039
[train] 37:03:57<106:42:42, 0.052s/step step= 2578000 episodes= 5371 eps=0.050 replay= 39936 loss=0.00001 ext100=0.000 total100=0.038
[eval] step=2580000 episodes=5375 mean_ext_return=0.000
[train] 37:05:55<106:41:42, 0.052s/step step= 2580000 episodes= 5375 eps=0.050 replay= 39936 loss=0.00001 ext100=0.000 total100=0.038
[train] 37:07:39<106:39:59, 0.052s/step step= 2582000 episodes= 5379 eps=0.050 replay= 39936 loss=0.00001 ext100=0.000 total100=0.038
[train] 37:09:22<106:38:14, 0.052s/step step= 2584000 episodes= 5384 eps=0.050 replay= 39936 loss=0.00000 ext100=0.000 total100=0.038
[train] 37:11:06<106:36:31, 0.052s/step step= 2586000 episodes= 5388 eps=0.050 replay= 39936 loss=0.00001 ext100=0.000 total100=0.039
[train] 37:12:50<106:34:48, 0.052s/step step= 2588000 episodes= 5392 eps=0.050 replay= 39936 loss=0.00001 ext100=0.000 total100=0.038
[train] 37:14:33<106:33:05, 0.052s/step step= 2590000 episodes= 5396 eps=0.050 replay= 39936 loss=0.00000 ext100=0.000 total100=0.039
[train] 37:16:17<106:31:22, 0.052s/step step= 2592000 episodes= 5400 eps=0.050 replay= 39936 loss=0.00000 ext100=0.000 total100=0.038
[train] 37:18:01<106:29:39, 0.052s/step step= 2594000 episodes= 5404 eps=0.050 replay= 39936 loss=0.00001 ext100=0.000 total100=0.039
[train] 37:19:44<106:27:56, 0.052s/step step= 2596000 episodes= 5409 eps=0.050 replay= 39936 loss=0.00000 ext100=0.000 total100=0.038
[train] 37:21:28<106:26:12, 0.052s/step step= 2598000 episodes= 5413 eps=0.050 replay= 39936 loss=0.00000 ext100=0.000 total100=0.038
[eval] step=2600000 episodes=5417 mean_ext_return=0.000
[train] 37:23:26<106:25:12, 0.052s/step step= 2600000 episodes= 5417 eps=0.050 replay= 39936 loss=0.00000 ext100=0.000 total100=0.038
[train] 37:25:10<106:23:29, 0.052s/step step= 2602000 episodes= 5421 eps=0.050 replay= 39936 loss=0.00001 ext100=0.000 total100=0.038
[train] 37:26:53<106:21:44, 0.052s/step step= 2604000 episodes= 5425 eps=0.050 replay= 39936 loss=0.00000 ext100=0.000 total100=0.037
[train] 37:28:37<106:20:01, 0.052s/step step= 2606000 episodes= 5429 eps=0.050 replay= 39936 loss=0.00001 ext100=0.000 total100=0.037
[train] 37:30:21<106:18:18, 0.052s/step step= 2608000 episodes= 5434 eps=0.050 replay= 39936 loss=0.00000 ext100=0.000 total100=0.037
[train] 37:32:05<106:16:35, 0.052s/step step= 2610000 episodes= 5438 eps=0.050 replay= 39936 loss=0.00001 ext100=0.000 total100=0.038
[train] 37:33:48<106:14:52, 0.052s/step step= 2612000 episodes= 5442 eps=0.050 replay= 39936 loss=0.00000 ext100=0.000 total100=0.039
[train] 37:35:32<106:13:09, 0.052s/step step= 2614000 episodes= 5446 eps=0.050 replay= 39936 loss=0.00000 ext100=0.000 total100=0.038
[train] 37:37:16<106:11:26, 0.052s/step step= 2616000 episodes= 5450 eps=0.050 replay= 39936 loss=0.00000 ext100=0.000 total100=0.039
[train] 37:38:59<106:09:42, 0.052s/step step= 2618000 episodes= 5454 eps=0.050 replay= 39936 loss=0.00000 ext100=0.000 total100=0.039
[eval] step=2620000 episodes=5459 mean_ext_return=0.000
[train] 37:40:58<106:08:41, 0.052s/step step= 2620000 episodes= 5459 eps=0.050 replay= 39936 loss=0.00001 ext100=0.000 total100=0.038
[train] 37:42:42<106:06:58, 0.052s/step step= 2622000 episodes= 5463 eps=0.050 replay= 39936 loss=0.00000 ext100=0.000 total100=0.038
[train] 37:44:25<106:05:13, 0.052s/step step= 2624000 episodes= 5467 eps=0.050 replay= 39936 loss=0.00001 ext100=0.000 total100=0.038
[train] 37:46:08<106:03:30, 0.052s/step step= 2626000 episodes= 5471 eps=0.050 replay= 39936 loss=0.00001 ext100=0.000 total100=0.038
[train] 37:47:52<106:01:47, 0.052s/step step= 2628000 episodes= 5475 eps=0.050 replay= 39936 loss=0.00000 ext100=0.000 total100=0.039
[train] 37:49:36<106:00:03, 0.052s/step step= 2630000 episodes= 5479 eps=0.050 replay= 39936 loss=0.00000 ext100=0.000 total100=0.039
[train] 37:51:19<105:58:21, 0.052s/step step= 2632000 episodes= 5484 eps=0.050 replay= 39936 loss=0.00000 ext100=0.000 total100=0.039
[train] 37:53:03<105:56:37, 0.052s/step step= 2634000 episodes= 5488 eps=0.050 replay= 39936 loss=0.00001 ext100=0.000 total100=0.038
[train] 37:54:47<105:54:55, 0.052s/step step= 2636000 episodes= 5492 eps=0.050 replay= 39936 loss=0.00000 ext100=0.000 total100=0.039
[train] 37:56:31<105:53:11, 0.052s/step step= 2638000 episodes= 5496 eps=0.050 replay= 39936 loss=0.00000 ext100=0.000 total100=0.039
[eval] step=2640000 episodes=5500 mean_ext_return=0.000
[train] 37:58:29<105:52:09, 0.052s/step step= 2640000 episodes= 5500 eps=0.050 replay= 39936 loss=0.00000 ext100=0.000 total100=0.039
[train] 38:00:13<105:50:27, 0.052s/step step= 2642000 episodes= 5504 eps=0.050 replay= 39936 loss=0.00000 ext100=0.000 total100=0.039
[train] 38:01:56<105:48:42, 0.052s/step step= 2644000 episodes= 5509 eps=0.050 replay= 39936 loss=0.00000 ext100=0.000 total100=0.039
[train] 38:03:40<105:46:59, 0.052s/step step= 2646000 episodes= 5513 eps=0.050 replay= 39936 loss=0.00000 ext100=0.000 total100=0.040
[train] 38:05:24<105:45:16, 0.052s/step step= 2648000 episodes= 5517 eps=0.050 replay= 39936 loss=0.00000 ext100=0.000 total100=0.040
[train] 38:07:07<105:43:33, 0.052s/step step= 2650000 episodes= 5521 eps=0.050 replay= 39936 loss=0.00001 ext100=0.000 total100=0.041
[train] 38:08:51<105:41:50, 0.052s/step step= 2652000 episodes= 5525 eps=0.050 replay= 39936 loss=0.00000 ext100=0.000 total100=0.041
[train] 38:10:35<105:40:06, 0.052s/step step= 2654000 episodes= 5529 eps=0.050 replay= 39936 loss=0.00001 ext100=0.000 total100=0.042
[train] 38:12:19<105:38:23, 0.052s/step step= 2656000 episodes= 5534 eps=0.050 replay= 39936 loss=0.00000 ext100=0.000 total100=0.040
[train] 38:14:02<105:36:40, 0.052s/step step= 2658000 episodes= 5538 eps=0.050 replay= 39936 loss=0.00001 ext100=0.000 total100=0.039
[eval] step=2660000 episodes=5542 mean_ext_return=0.000
[train] 38:16:01<105:35:38, 0.052s/step step= 2660000 episodes= 5542 eps=0.050 replay= 39936 loss=0.00000 ext100=0.000 total100=0.040
[train] 38:17:45<105:33:55, 0.052s/step step= 2662000 episodes= 5546 eps=0.050 replay= 39936 loss=0.00000 ext100=0.000 total100=0.040
[train] 38:19:28<105:32:10, 0.052s/step step= 2664000 episodes= 5550 eps=0.050 replay= 39936 loss=0.00000 ext100=0.000 total100=0.040
[train] 38:21:11<105:30:27, 0.052s/step step= 2666000 episodes= 5554 eps=0.050 replay= 39936 loss=0.00001 ext100=0.000 total100=0.040
[train] 38:22:55<105:28:44, 0.052s/step step= 2668000 episodes= 5559 eps=0.050 replay= 39936 loss=0.00000 ext100=0.000 total100=0.040
[train] 38:24:39<105:27:00, 0.052s/step step= 2670000 episodes= 5563 eps=0.050 replay= 39936 loss=0.00000 ext100=0.000 total100=0.039
[train] 38:26:23<105:25:17, 0.052s/step step= 2672000 episodes= 5567 eps=0.050 replay= 39936 loss=0.00000 ext100=0.000 total100=0.040
[train] 38:28:06<105:23:33, 0.052s/step step= 2674000 episodes= 5571 eps=0.050 replay= 39936 loss=0.00001 ext100=0.000 total100=0.040
[train] 38:29:50<105:21:51, 0.052s/step step= 2676000 episodes= 5575 eps=0.050 replay= 39936 loss=0.00000 ext100=0.000 total100=0.039
[train] 38:31:33<105:20:06, 0.052s/step step= 2678000 episodes= 5579 eps=0.050 replay= 39936 loss=0.00000 ext100=0.000 total100=0.040
[eval] step=2680000 episodes=5584 mean_ext_return=0.000
[train] 38:33:32<105:19:04, 0.052s/step step= 2680000 episodes= 5584 eps=0.050 replay= 39936 loss=0.00001 ext100=0.000 total100=0.039
[train] 38:35:16<105:17:21, 0.052s/step step= 2682000 episodes= 5588 eps=0.050 replay= 39936 loss=0.00001 ext100=0.000 total100=0.039
[train] 38:36:59<105:15:36, 0.052s/step step= 2684000 episodes= 5592 eps=0.050 replay= 39936 loss=0.00001 ext100=0.000 total100=0.040
[train] 38:38:42<105:13:52, 0.052s/step step= 2686000 episodes= 5596 eps=0.050 replay= 39936 loss=0.00001 ext100=0.000 total100=0.040
[train] 38:40:26<105:12:10, 0.052s/step step= 2688000 episodes= 5600 eps=0.050 replay= 39936 loss=0.00000 ext100=0.000 total100=0.041
[train] 38:42:10<105:10:26, 0.052s/step step= 2690000 episodes= 5604 eps=0.050 replay= 39936 loss=0.00001 ext100=0.000 total100=0.041
[train] 38:43:54<105:08:43, 0.052s/step step= 2692000 episodes= 5609 eps=0.050 replay= 39936 loss=0.00001 ext100=0.000 total100=0.040
[train] 38:45:37<105:07:00, 0.052s/step step= 2694000 episodes= 5613 eps=0.050 replay= 39936 loss=0.00000 ext100=0.000 total100=0.039
[train] 38:47:21<105:05:17, 0.052s/step step= 2696000 episodes= 5617 eps=0.050 replay= 39936 loss=0.00001 ext100=0.000 total100=0.040
[train] 38:49:05<105:03:33, 0.052s/step step= 2698000 episodes= 5621 eps=0.050 replay= 39936 loss=0.00001 ext100=0.000 total100=0.040
[eval] step=2700000 episodes=5625 mean_ext_return=0.000
[train] 38:51:03<105:02:29, 0.052s/step step= 2700000 episodes= 5625 eps=0.050 replay= 39936 loss=0.00001 ext100=0.000 total100=0.040
[train] 38:52:47<105:00:47, 0.052s/step step= 2702000 episodes= 5629 eps=0.050 replay= 39936 loss=0.00000 ext100=0.000 total100=0.039
[train] 38:54:30<104:59:02, 0.052s/step step= 2704000 episodes= 5634 eps=0.050 replay= 39936 loss=0.00000 ext100=0.000 total100=0.040
[train] 38:56:14<104:57:18, 0.052s/step step= 2706000 episodes= 5638 eps=0.050 replay= 39936 loss=0.00001 ext100=0.000 total100=0.041
[train] 38:57:58<104:55:35, 0.052s/step step= 2708000 episodes= 5642 eps=0.050 replay= 39936 loss=0.00000 ext100=0.000 total100=0.041
[train] 38:59:41<104:53:51, 0.052s/step step= 2710000 episodes= 5646 eps=0.050 replay= 39936 loss=0.00000 ext100=0.000 total100=0.040
[train] 39:01:25<104:52:08, 0.052s/step step= 2712000 episodes= 5650 eps=0.050 replay= 39936 loss=0.00000 ext100=0.000 total100=0.040
[train] 39:03:08<104:50:24, 0.052s/step step= 2714000 episodes= 5654 eps=0.050 replay= 39936 loss=0.00001 ext100=0.000 total100=0.039
[train] 39:04:52<104:48:41, 0.052s/step step= 2716000 episodes= 5659 eps=0.050 replay= 39936 loss=0.00000 ext100=0.000 total100=0.042
[train] 39:06:36<104:46:58, 0.052s/step step= 2718000 episodes= 5663 eps=0.050 replay= 39936 loss=0.00001 ext100=0.000 total100=0.043
[eval] step=2720000 episodes=5667 mean_ext_return=0.000
[train] 39:08:34<104:45:54, 0.052s/step step= 2720000 episodes= 5667 eps=0.050 replay= 39936 loss=0.00000 ext100=0.000 total100=0.043
[train] 39:10:18<104:44:11, 0.052s/step step= 2722000 episodes= 5671 eps=0.050 replay= 39936 loss=0.00002 ext100=0.000 total100=0.043
[train] 39:12:01<104:42:26, 0.052s/step step= 2724000 episodes= 5675 eps=0.050 replay= 39936 loss=0.00000 ext100=0.000 total100=0.043
[train] 39:13:45<104:40:42, 0.052s/step step= 2726000 episodes= 5679 eps=0.050 replay= 39936 loss=0.00002 ext100=0.000 total100=0.042
[train] 39:15:28<104:38:59, 0.052s/step step= 2728000 episodes= 5684 eps=0.050 replay= 39936 loss=0.00001 ext100=0.000 total100=0.043
[train] 39:17:12<104:37:15, 0.052s/step step= 2730000 episodes= 5688 eps=0.050 replay= 39936 loss=0.00002 ext100=0.000 total100=0.043
[train] 39:18:56<104:35:32, 0.052s/step step= 2732000 episodes= 5692 eps=0.050 replay= 39936 loss=0.00000 ext100=0.000 total100=0.043
[train] 39:20:39<104:33:48, 0.052s/step step= 2734000 episodes= 5696 eps=0.050 replay= 39936 loss=0.00001 ext100=0.000 total100=0.043
[train] 39:22:23<104:32:05, 0.052s/step step= 2736000 episodes= 5700 eps=0.050 replay= 39936 loss=0.00000 ext100=0.000 total100=0.042
[train] 39:24:07<104:30:21, 0.052s/step step= 2738000 episodes= 5704 eps=0.050 replay= 39936 loss=0.00002 ext100=0.000 total100=0.043
[eval] step=2740000 episodes=5709 mean_ext_return=0.000
[train] 39:26:05<104:29:17, 0.052s/step step= 2740000 episodes= 5709 eps=0.050 replay= 39936 loss=0.00000 ext100=0.000 total100=0.043
[train] 39:27:49<104:27:34, 0.052s/step step= 2742000 episodes= 5713 eps=0.050 replay= 39936 loss=0.00001 ext100=0.000 total100=0.043
[train] 39:29:32<104:25:49, 0.052s/step step= 2744000 episodes= 5717 eps=0.050 replay= 39936 loss=0.00001 ext100=0.000 total100=0.042
[train] 39:31:16<104:24:05, 0.052s/step step= 2746000 episodes= 5721 eps=0.050 replay= 39936 loss=0.00001 ext100=0.000 total100=0.042
[train] 39:33:00<104:22:22, 0.052s/step step= 2748000 episodes= 5725 eps=0.050 replay= 39936 loss=0.00000 ext100=0.000 total100=0.042
[train] 39:34:43<104:20:38, 0.052s/step step= 2750000 episodes= 5729 eps=0.050 replay= 39936 loss=0.00000 ext100=0.000 total100=0.042
[train] 39:36:27<104:18:55, 0.052s/step step= 2752000 episodes= 5734 eps=0.050 replay= 39936 loss=0.00000 ext100=0.000 total100=0.042
[train] 39:38:11<104:17:11, 0.052s/step step= 2754000 episodes= 5738 eps=0.050 replay= 39936 loss=0.00001 ext100=0.000 total100=0.042
[train] 39:39:54<104:15:29, 0.052s/step step= 2756000 episodes= 5742 eps=0.050 replay= 39936 loss=0.00001 ext100=0.000 total100=0.042
[train] 39:41:38<104:13:45, 0.052s/step step= 2758000 episodes= 5746 eps=0.050 replay= 39936 loss=0.00000 ext100=0.000 total100=0.042
[eval] step=2760000 episodes=5750 mean_ext_return=0.000
[train] 39:43:37<104:12:40, 0.052s/step step= 2760000 episodes= 5750 eps=0.050 replay= 39936 loss=0.00001 ext100=0.000 total100=0.042
[train] 39:45:20<104:10:57, 0.052s/step step= 2762000 episodes= 5754 eps=0.050 replay= 39936 loss=0.00001 ext100=0.000 total100=0.043
[train] 39:47:04<104:09:12, 0.052s/step step= 2764000 episodes= 5759 eps=0.050 replay= 39936 loss=0.00000 ext100=0.000 total100=0.041
[train] 39:48:47<104:07:28, 0.052s/step step= 2766000 episodes= 5763 eps=0.050 replay= 39936 loss=0.00000 ext100=0.000 total100=0.040
[train] 39:50:31<104:05:45, 0.052s/step step= 2768000 episodes= 5767 eps=0.050 replay= 39936 loss=0.00000 ext100=0.000 total100=0.041
[train] 39:52:15<104:04:01, 0.052s/step step= 2770000 episodes= 5771 eps=0.050 replay= 39936 loss=0.00001 ext100=0.000 total100=0.040
[train] 39:53:58<104:02:19, 0.052s/step step= 2772000 episodes= 5775 eps=0.050 replay= 39936 loss=0.00000 ext100=0.000 total100=0.040
[train] 39:55:42<104:00:34, 0.052s/step step= 2774000 episodes= 5779 eps=0.050 replay= 39936 loss=0.00000 ext100=0.000 total100=0.040
[train] 39:57:26<103:58:51, 0.052s/step step= 2776000 episodes= 5784 eps=0.050 replay= 39936 loss=0.00000 ext100=0.000 total100=0.039
[train] 39:59:09<103:57:07, 0.052s/step step= 2778000 episodes= 5788 eps=0.050 replay= 39936 loss=0.00001 ext100=0.000 total100=0.040
[eval] step=2780000 episodes=5792 mean_ext_return=0.000
[train] 40:01:08<103:56:02, 0.052s/step step= 2780000 episodes= 5792 eps=0.050 replay= 39936 loss=0.00000 ext100=0.000 total100=0.039
[train] 40:02:52<103:54:19, 0.052s/step step= 2782000 episodes= 5796 eps=0.050 replay= 39936 loss=0.00000 ext100=0.000 total100=0.039
[train] 40:04:35<103:52:34, 0.052s/step step= 2784000 episodes= 5800 eps=0.050 replay= 39936 loss=0.00000 ext100=0.000 total100=0.040
[train] 40:06:18<103:50:50, 0.052s/step step= 2786000 episodes= 5804 eps=0.050 replay= 39936 loss=0.00001 ext100=0.000 total100=0.040
[train] 40:08:02<103:49:07, 0.052s/step step= 2788000 episodes= 5809 eps=0.050 replay= 39936 loss=0.00000 ext100=0.000 total100=0.039
[train] 40:09:45<103:47:23, 0.052s/step step= 2790000 episodes= 5813 eps=0.050 replay= 39936 loss=0.00000 ext100=0.000 total100=0.039
[train] 40:11:29<103:45:40, 0.052s/step step= 2792000 episodes= 5817 eps=0.050 replay= 39936 loss=0.00000 ext100=0.000 total100=0.039
[train] 40:13:13<103:43:55, 0.052s/step step= 2794000 episodes= 5821 eps=0.050 replay= 39936 loss=0.00001 ext100=0.000 total100=0.040
[train] 40:14:57<103:42:12, 0.052s/step step= 2796000 episodes= 5825 eps=0.050 replay= 39936 loss=0.00000 ext100=0.000 total100=0.040
[train] 40:16:40<103:40:29, 0.052s/step step= 2798000 episodes= 5829 eps=0.050 replay= 39936 loss=0.00000 ext100=0.000 total100=0.041
[eval] step=2800000 episodes=5834 mean_ext_return=0.000
[train] 40:18:39<103:39:23, 0.052s/step step= 2800000 episodes= 5834 eps=0.050 replay= 39936 loss=0.00000 ext100=0.000 total100=0.041
[train] 40:20:23<103:37:40, 0.052s/step step= 2802000 episodes= 5838 eps=0.050 replay= 39936 loss=0.00001 ext100=0.000 total100=0.041
[train] 40:22:06<103:35:55, 0.052s/step step= 2804000 episodes= 5842 eps=0.050 replay= 39936 loss=0.00000 ext100=0.000 total100=0.040
[train] 40:23:49<103:34:10, 0.052s/step step= 2806000 episodes= 5846 eps=0.050 replay= 39936 loss=0.00000 ext100=0.000 total100=0.042
[train] 40:25:33<103:32:28, 0.052s/step step= 2808000 episodes= 5850 eps=0.050 replay= 39936 loss=0.00001 ext100=0.000 total100=0.042
[train] 40:27:16<103:30:44, 0.052s/step step= 2810000 episodes= 5854 eps=0.050 replay= 39936 loss=0.00001 ext100=0.000 total100=0.041
[train] 40:29:00<103:29:01, 0.052s/step step= 2812000 episodes= 5859 eps=0.050 replay= 39936 loss=0.00001 ext100=0.000 total100=0.040
[train] 40:30:44<103:27:16, 0.052s/step step= 2814000 episodes= 5863 eps=0.050 replay= 39936 loss=0.00001 ext100=0.000 total100=0.040
[train] 40:32:28<103:25:33, 0.052s/step step= 2816000 episodes= 5867 eps=0.050 replay= 39936 loss=0.00001 ext100=0.000 total100=0.040
[train] 40:34:11<103:23:49, 0.052s/step step= 2818000 episodes= 5871 eps=0.050 replay= 39936 loss=0.00000 ext100=0.000 total100=0.040
[eval] step=2820000 episodes=5875 mean_ext_return=0.000
[train] 40:36:10<103:22:43, 0.052s/step step= 2820000 episodes= 5875 eps=0.050 replay= 39936 loss=0.00001 ext100=0.000 total100=0.041
[train] 40:37:54<103:21:00, 0.052s/step step= 2822000 episodes= 5879 eps=0.050 replay= 39936 loss=0.00000 ext100=0.000 total100=0.040
[train] 40:39:37<103:19:15, 0.052s/step step= 2824000 episodes= 5884 eps=0.050 replay= 39936 loss=0.00000 ext100=0.000 total100=0.040
[train] 40:41:20<103:17:31, 0.052s/step step= 2826000 episodes= 5888 eps=0.050 replay= 39936 loss=0.00001 ext100=0.000 total100=0.040
[train] 40:43:04<103:15:48, 0.052s/step step= 2828000 episodes= 5892 eps=0.050 replay= 39936 loss=0.00001 ext100=0.000 total100=0.039
[train] 40:44:48<103:14:04, 0.052s/step step= 2830000 episodes= 5896 eps=0.050 replay= 39936 loss=0.00001 ext100=0.000 total100=0.039
[train] 40:46:31<103:12:21, 0.052s/step step= 2832000 episodes= 5900 eps=0.050 replay= 39936 loss=0.00001 ext100=0.000 total100=0.038
[train] 40:48:15<103:10:37, 0.052s/step step= 2834000 episodes= 5904 eps=0.050 replay= 39936 loss=0.00001 ext100=0.000 total100=0.038
[train] 40:49:59<103:08:54, 0.052s/step step= 2836000 episodes= 5909 eps=0.050 replay= 39936 loss=0.00000 ext100=0.000 total100=0.038
[train] 40:51:42<103:07:10, 0.052s/step step= 2838000 episodes= 5913 eps=0.050 replay= 39936 loss=0.00001 ext100=0.000 total100=0.038
[eval] step=2840000 episodes=5917 mean_ext_return=0.000
[train] 40:53:41<103:06:04, 0.052s/step step= 2840000 episodes= 5917 eps=0.050 replay= 39936 loss=0.00001 ext100=0.000 total100=0.038
[train] 40:55:25<103:04:21, 0.052s/step step= 2842000 episodes= 5921 eps=0.050 replay= 39936 loss=0.00001 ext100=0.000 total100=0.037
[train] 40:57:08<103:02:35, 0.052s/step step= 2844000 episodes= 5925 eps=0.050 replay= 39936 loss=0.00001 ext100=0.000 total100=0.036
[train] 40:58:52<103:00:52, 0.052s/step step= 2846000 episodes= 5929 eps=0.050 replay= 39936 loss=0.00000 ext100=0.000 total100=0.036
[train] 41:00:36<102:59:09, 0.052s/step step= 2848000 episodes= 5934 eps=0.050 replay= 39936 loss=0.00001 ext100=0.000 total100=0.036
[train] 41:02:19<102:57:24, 0.052s/step step= 2850000 episodes= 5938 eps=0.050 replay= 39936 loss=0.00001 ext100=0.000 total100=0.036
[train] 41:04:03<102:55:41, 0.052s/step step= 2852000 episodes= 5942 eps=0.050 replay= 39936 loss=0.00000 ext100=0.000 total100=0.038
[train] 41:05:46<102:53:57, 0.052s/step step= 2854000 episodes= 5946 eps=0.050 replay= 39936 loss=0.00000 ext100=0.000 total100=0.037
[train] 41:07:30<102:52:14, 0.052s/step step= 2856000 episodes= 5950 eps=0.050 replay= 39936 loss=0.00000 ext100=0.000 total100=0.036
[train] 41:09:14<102:50:30, 0.052s/step step= 2858000 episodes= 5954 eps=0.050 replay= 39936 loss=0.00001 ext100=0.000 total100=0.037
[eval] step=2860000 episodes=5959 mean_ext_return=0.000
[train] 41:11:13<102:49:24, 0.052s/step step= 2860000 episodes= 5959 eps=0.050 replay= 39936 loss=0.00000 ext100=0.000 total100=0.037
[train] 41:12:56<102:47:40, 0.052s/step step= 2862000 episodes= 5963 eps=0.050 replay= 39936 loss=0.00000 ext100=0.000 total100=0.037
[train] 41:14:39<102:45:55, 0.052s/step step= 2864000 episodes= 5967 eps=0.050 replay= 39936 loss=0.00001 ext100=0.000 total100=0.037
[train] 41:16:23<102:44:11, 0.052s/step step= 2866000 episodes= 5971 eps=0.050 replay= 39936 loss=0.00001 ext100=0.000 total100=0.037
[train] 41:18:07<102:42:28, 0.052s/step step= 2868000 episodes= 5975 eps=0.050 replay= 39936 loss=0.00000 ext100=0.000 total100=0.036
[train] 41:19:50<102:40:44, 0.052s/step step= 2870000 episodes= 5979 eps=0.050 replay= 39936 loss=0.00001 ext100=0.000 total100=0.037
[train] 41:21:34<102:39:01, 0.052s/step step= 2872000 episodes= 5984 eps=0.050 replay= 39936 loss=0.00000 ext100=0.000 total100=0.037
[train] 41:23:18<102:37:16, 0.052s/step step= 2874000 episodes= 5988 eps=0.050 replay= 39936 loss=0.00001 ext100=0.000 total100=0.038
[train] 41:25:02<102:35:33, 0.052s/step step= 2876000 episodes= 5992 eps=0.050 replay= 39936 loss=0.00000 ext100=0.000 total100=0.039
[train] 41:26:45<102:33:49, 0.052s/step step= 2878000 episodes= 5996 eps=0.050 replay= 39936 loss=0.00001 ext100=0.000 total100=0.039
[eval] step=2880000 episodes=6000 mean_ext_return=0.000
[train] 41:28:43<102:32:42, 0.052s/step step= 2880000 episodes= 6000 eps=0.050 replay= 39936 loss=0.00000 ext100=0.000 total100=0.041
[train] 41:30:27<102:30:58, 0.052s/step step= 2882000 episodes= 6004 eps=0.050 replay= 39936 loss=0.00001 ext100=0.000 total100=0.042
[train] 41:32:10<102:29:13, 0.052s/step step= 2884000 episodes= 6009 eps=0.050 replay= 39936 loss=0.00000 ext100=0.000 total100=0.043
[train] 41:33:54<102:27:28, 0.052s/step step= 2886000 episodes= 6013 eps=0.050 replay= 39936 loss=0.00001 ext100=0.000 total100=0.042
[train] 41:35:38<102:25:45, 0.052s/step step= 2888000 episodes= 6017 eps=0.050 replay= 39936 loss=0.00000 ext100=0.000 total100=0.042
[train] 41:37:21<102:24:01, 0.052s/step step= 2890000 episodes= 6021 eps=0.050 replay= 39936 loss=0.00001 ext100=0.000 total100=0.042
[train] 41:39:05<102:22:18, 0.052s/step step= 2892000 episodes= 6025 eps=0.050 replay= 39936 loss=0.00001 ext100=0.000 total100=0.042
[train] 41:40:49<102:20:34, 0.052s/step step= 2894000 episodes= 6029 eps=0.050 replay= 39936 loss=0.00000 ext100=0.000 total100=0.043
[train] 41:42:32<102:18:50, 0.052s/step step= 2896000 episodes= 6034 eps=0.050 replay= 39936 loss=0.00001 ext100=0.000 total100=0.042
[train] 41:44:16<102:17:06, 0.052s/step step= 2898000 episodes= 6038 eps=0.050 replay= 39936 loss=0.00001 ext100=0.000 total100=0.043
[eval] step=2900000 episodes=6042 mean_ext_return=0.000
[train] 41:46:14<102:15:59, 0.052s/step step= 2900000 episodes= 6042 eps=0.050 replay= 39936 loss=0.00001 ext100=0.000 total100=0.043
[train] 41:47:58<102:14:15, 0.052s/step step= 2902000 episodes= 6046 eps=0.050 replay= 39936 loss=0.00000 ext100=0.000 total100=0.042
[train] 41:49:41<102:12:30, 0.052s/step step= 2904000 episodes= 6050 eps=0.050 replay= 39936 loss=0.00000 ext100=0.000 total100=0.042
[train] 41:51:25<102:10:46, 0.052s/step step= 2906000 episodes= 6054 eps=0.050 replay= 39936 loss=0.00001 ext100=0.000 total100=0.042
[train] 41:53:09<102:09:03, 0.052s/step step= 2908000 episodes= 6059 eps=0.050 replay= 39936 loss=0.00001 ext100=0.000 total100=0.042
[train] 41:54:52<102:07:18, 0.052s/step step= 2910000 episodes= 6063 eps=0.050 replay= 39936 loss=0.00000 ext100=0.000 total100=0.043
[train] 41:56:36<102:05:35, 0.052s/step step= 2912000 episodes= 6067 eps=0.050 replay= 39936 loss=0.00000 ext100=0.000 total100=0.042
[train] 41:58:19<102:03:51, 0.052s/step step= 2914000 episodes= 6071 eps=0.050 replay= 39936 loss=0.00001 ext100=0.000 total100=0.042
[train] 42:00:03<102:02:07, 0.052s/step step= 2916000 episodes= 6075 eps=0.050 replay= 39936 loss=0.00001 ext100=0.000 total100=0.042
[train] 42:01:47<102:00:23, 0.052s/step step= 2918000 episodes= 6079 eps=0.050 replay= 39936 loss=0.00000 ext100=0.000 total100=0.042
[eval] step=2920000 episodes=6084 mean_ext_return=0.000
[train] 42:03:45<101:59:15, 0.052s/step step= 2920000 episodes= 6084 eps=0.050 replay= 39936 loss=0.00001 ext100=0.000 total100=0.043
[train] 42:05:29<101:57:32, 0.052s/step step= 2922000 episodes= 6088 eps=0.050 replay= 39936 loss=0.00001 ext100=0.000 total100=0.042
[train] 42:07:12<101:55:47, 0.052s/step step= 2924000 episodes= 6092 eps=0.050 replay= 39936 loss=0.00001 ext100=0.000 total100=0.042
[train] 42:08:56<101:54:03, 0.052s/step step= 2926000 episodes= 6096 eps=0.050 replay= 39936 loss=0.00000 ext100=0.000 total100=0.042
[train] 42:10:40<101:52:20, 0.052s/step step= 2928000 episodes= 6100 eps=0.050 replay= 39936 loss=0.00000 ext100=0.000 total100=0.040
[train] 42:12:23<101:50:35, 0.052s/step step= 2930000 episodes= 6104 eps=0.050 replay= 39936 loss=0.00001 ext100=0.000 total100=0.039
[train] 42:14:07<101:48:52, 0.052s/step step= 2932000 episodes= 6109 eps=0.050 replay= 39936 loss=0.00001 ext100=0.000 total100=0.038
[train] 42:15:51<101:47:08, 0.052s/step step= 2934000 episodes= 6113 eps=0.050 replay= 39936 loss=0.00001 ext100=0.000 total100=0.040
[train] 42:17:35<101:45:25, 0.052s/step step= 2936000 episodes= 6117 eps=0.050 replay= 39936 loss=0.00000 ext100=0.000 total100=0.040
[train] 42:19:18<101:43:41, 0.052s/step step= 2938000 episodes= 6121 eps=0.050 replay= 39936 loss=0.00001 ext100=0.000 total100=0.040
[eval] step=2940000 episodes=6125 mean_ext_return=0.000
[train] 42:21:17<101:42:33, 0.052s/step step= 2940000 episodes= 6125 eps=0.050 replay= 39936 loss=0.00000 ext100=0.000 total100=0.040
[train] 42:23:01<101:40:50, 0.052s/step step= 2942000 episodes= 6129 eps=0.050 replay= 39936 loss=0.00001 ext100=0.000 total100=0.040
[train] 42:24:44<101:39:04, 0.052s/step step= 2944000 episodes= 6134 eps=0.050 replay= 39936 loss=0.00000 ext100=0.000 total100=0.039
[train] 42:26:27<101:37:20, 0.052s/step step= 2946000 episodes= 6138 eps=0.050 replay= 39936 loss=0.00001 ext100=0.000 total100=0.039
[train] 42:28:11<101:35:36, 0.052s/step step= 2948000 episodes= 6142 eps=0.050 replay= 39936 loss=0.00000 ext100=0.000 total100=0.038
[train] 42:29:55<101:33:52, 0.052s/step step= 2950000 episodes= 6146 eps=0.050 replay= 39936 loss=0.00000 ext100=0.000 total100=0.038
[train] 42:31:39<101:32:09, 0.052s/step step= 2952000 episodes= 6150 eps=0.050 replay= 39936 loss=0.00000 ext100=0.000 total100=0.038
[train] 42:33:22<101:30:25, 0.052s/step step= 2954000 episodes= 6154 eps=0.050 replay= 39936 loss=0.00001 ext100=0.000 total100=0.038
[train] 42:35:06<101:28:42, 0.052s/step step= 2956000 episodes= 6159 eps=0.050 replay= 39936 loss=0.00000 ext100=0.000 total100=0.038
[train] 42:36:50<101:26:57, 0.052s/step step= 2958000 episodes= 6163 eps=0.050 replay= 39936 loss=0.00001 ext100=0.000 total100=0.039
[eval] step=2960000 episodes=6167 mean_ext_return=0.000
[train] 42:38:48<101:25:49, 0.052s/step step= 2960000 episodes= 6167 eps=0.050 replay= 39936 loss=0.00001 ext100=0.000 total100=0.039
[train] 42:40:32<101:24:06, 0.052s/step step= 2962000 episodes= 6171 eps=0.050 replay= 39936 loss=0.00002 ext100=0.000 total100=0.040
[train] 42:42:15<101:22:20, 0.052s/step step= 2964000 episodes= 6175 eps=0.050 replay= 39936 loss=0.00000 ext100=0.000 total100=0.039
[train] 42:43:59<101:20:36, 0.052s/step step= 2966000 episodes= 6179 eps=0.050 replay= 39936 loss=0.00000 ext100=0.000 total100=0.038
[train] 42:45:43<101:18:52, 0.052s/step step= 2968000 episodes= 6184 eps=0.050 replay= 39936 loss=0.00000 ext100=0.000 total100=0.038
[train] 42:47:26<101:17:08, 0.052s/step step= 2970000 episodes= 6188 eps=0.050 replay= 39936 loss=0.00001 ext100=0.000 total100=0.037
[train] 42:49:10<101:15:25, 0.052s/step step= 2972000 episodes= 6192 eps=0.050 replay= 39936 loss=0.00000 ext100=0.000 total100=0.037
[train] 42:50:53<101:13:40, 0.052s/step step= 2974000 episodes= 6196 eps=0.050 replay= 39936 loss=0.00001 ext100=0.000 total100=0.038
[train] 42:52:37<101:11:57, 0.052s/step step= 2976000 episodes= 6200 eps=0.050 replay= 39936 loss=0.00000 ext100=0.000 total100=0.039
[train] 42:54:21<101:10:13, 0.052s/step step= 2978000 episodes= 6204 eps=0.050 replay= 39936 loss=0.00001 ext100=0.000 total100=0.040
[eval] step=2980000 episodes=6209 mean_ext_return=0.000
[train] 42:56:19<101:09:04, 0.052s/step step= 2980000 episodes= 6209 eps=0.050 replay= 39936 loss=0.00000 ext100=0.000 total100=0.040
[train] 42:58:03<101:07:21, 0.052s/step step= 2982000 episodes= 6213 eps=0.050 replay= 39936 loss=0.00001 ext100=0.000 total100=0.039
[train] 42:59:46<101:05:35, 0.052s/step step= 2984000 episodes= 6217 eps=0.050 replay= 39936 loss=0.00000 ext100=0.000 total100=0.038
[train] 43:01:30<101:03:51, 0.052s/step step= 2986000 episodes= 6221 eps=0.050 replay= 39936 loss=0.00002 ext100=0.000 total100=0.039
[train] 43:03:14<101:02:07, 0.052s/step step= 2988000 episodes= 6225 eps=0.050 replay= 39936 loss=0.00000 ext100=0.000 total100=0.039
[train] 43:04:57<101:00:23, 0.052s/step step= 2990000 episodes= 6229 eps=0.050 replay= 39936 loss=0.00000 ext100=0.000 total100=0.039
[train] 43:06:41<100:58:39, 0.052s/step step= 2992000 episodes= 6234 eps=0.050 replay= 39936 loss=0.00000 ext100=0.000 total100=0.040
[train] 43:08:24<100:56:55, 0.052s/step step= 2994000 episodes= 6238 eps=0.050 replay= 39936 loss=0.00001 ext100=0.000 total100=0.040
[train] 43:10:08<100:55:11, 0.052s/step step= 2996000 episodes= 6242 eps=0.050 replay= 39936 loss=0.00000 ext100=0.000 total100=0.040
[train] 43:11:52<100:53:27, 0.052s/step step= 2998000 episodes= 6246 eps=0.050 replay= 39936 loss=0.00000 ext100=0.000 total100=0.040
[eval] step=3000000 episodes=6250 mean_ext_return=0.000
[train] 43:13:50<100:52:18, 0.052s/step step= 3000000 episodes= 6250 eps=0.050 replay= 39936 loss=0.00000 ext100=0.000 total100=0.039
[train] 43:15:35<100:50:35, 0.052s/step step= 3002000 episodes= 6254 eps=0.050 replay= 39936 loss=0.00001 ext100=0.000 total100=0.039
[train] 43:17:17<100:48:50, 0.052s/step step= 3004000 episodes= 6259 eps=0.050 replay= 39936 loss=0.00000 ext100=0.000 total100=0.039
[train] 43:19:01<100:47:05, 0.052s/step step= 3006000 episodes= 6263 eps=0.050 replay= 39936 loss=0.00000 ext100=0.000 total100=0.038
[train] 43:20:45<100:45:22, 0.052s/step step= 3008000 episodes= 6267 eps=0.050 replay= 39936 loss=0.00000 ext100=0.000 total100=0.038
[train] 43:22:28<100:43:37, 0.052s/step step= 3010000 episodes= 6271 eps=0.050 replay= 39936 loss=0.00001 ext100=0.000 total100=0.038
[train] 43:24:12<100:41:54, 0.052s/step step= 3012000 episodes= 6275 eps=0.050 replay= 39936 loss=0.00000 ext100=0.000 total100=0.038
[train] 43:25:56<100:40:10, 0.052s/step step= 3014000 episodes= 6279 eps=0.050 replay= 39936 loss=0.00001 ext100=0.000 total100=0.040
[train] 43:27:40<100:38:26, 0.052s/step step= 3016000 episodes= 6284 eps=0.050 replay= 39936 loss=0.00000 ext100=0.000 total100=0.039
[train] 43:29:23<100:36:42, 0.052s/step step= 3018000 episodes= 6288 eps=0.050 replay= 39936 loss=0.00001 ext100=0.000 total100=0.040
[eval] step=3020000 episodes=6292 mean_ext_return=0.000
[train] 43:31:22<100:35:32, 0.052s/step step= 3020000 episodes= 6292 eps=0.050 replay= 39936 loss=0.00000 ext100=0.000 total100=0.040
[train] 43:33:05<100:33:49, 0.052s/step step= 3022000 episodes= 6296 eps=0.050 replay= 39936 loss=0.00000 ext100=0.000 total100=0.039
[train] 43:34:48<100:32:03, 0.052s/step step= 3024000 episodes= 6300 eps=0.050 replay= 39936 loss=0.00000 ext100=0.000 total100=0.039
[train] 43:36:32<100:30:19, 0.052s/step step= 3026000 episodes= 6304 eps=0.050 replay= 39936 loss=0.00001 ext100=0.000 total100=0.038
[train] 43:38:16<100:28:36, 0.052s/step step= 3028000 episodes= 6309 eps=0.050 replay= 39936 loss=0.00000 ext100=0.000 total100=0.038
[train] 43:40:00<100:26:51, 0.052s/step step= 3030000 episodes= 6313 eps=0.050 replay= 39936 loss=0.00000 ext100=0.000 total100=0.038
[train] 43:41:44<100:25:08, 0.052s/step step= 3032000 episodes= 6317 eps=0.050 replay= 39936 loss=0.00000 ext100=0.000 total100=0.038
[train] 43:43:27<100:23:24, 0.052s/step step= 3034000 episodes= 6321 eps=0.050 replay= 39936 loss=0.00000 ext100=0.000 total100=0.039
[train] 43:45:11<100:21:40, 0.052s/step step= 3036000 episodes= 6325 eps=0.050 replay= 39936 loss=0.00000 ext100=0.000 total100=0.038
[train] 43:46:54<100:19:56, 0.052s/step step= 3038000 episodes= 6329 eps=0.050 replay= 39936 loss=0.00000 ext100=0.000 total100=0.038
[eval] step=3040000 episodes=6334 mean_ext_return=0.000
[train] 43:48:53<100:18:46, 0.052s/step step= 3040000 episodes= 6334 eps=0.050 replay= 39936 loss=0.00000 ext100=0.000 total100=0.038
[train] 43:50:37<100:17:03, 0.052s/step step= 3042000 episodes= 6338 eps=0.050 replay= 39936 loss=0.00001 ext100=0.000 total100=0.038
[train] 43:52:20<100:15:17, 0.052s/step step= 3044000 episodes= 6342 eps=0.050 replay= 39936 loss=0.00000 ext100=0.000 total100=0.038
[train] 43:54:03<100:13:33, 0.052s/step step= 3046000 episodes= 6346 eps=0.050 replay= 39936 loss=0.00001 ext100=0.000 total100=0.038
[train] 43:55:47<100:11:50, 0.052s/step step= 3048000 episodes= 6350 eps=0.050 replay= 39936 loss=0.00001 ext100=0.000 total100=0.038
[train] 43:57:31<100:10:05, 0.052s/step step= 3050000 episodes= 6354 eps=0.050 replay= 39936 loss=0.00001 ext100=0.000 total100=0.038
[train] 43:59:15<100:08:21, 0.052s/step step= 3052000 episodes= 6359 eps=0.050 replay= 39936 loss=0.00000 ext100=0.000 total100=0.038
[train] 44:00:58<100:06:37, 0.052s/step step= 3054000 episodes= 6363 eps=0.050 replay= 39936 loss=0.00000 ext100=0.000 total100=0.037
[train] 44:02:42<100:04:54, 0.052s/step step= 3056000 episodes= 6367 eps=0.050 replay= 39936 loss=0.00001 ext100=0.000 total100=0.037
[train] 44:04:26<100:03:09, 0.052s/step step= 3058000 episodes= 6371 eps=0.050 replay= 39936 loss=0.00002 ext100=0.000 total100=0.038
[eval] step=3060000 episodes=6375 mean_ext_return=0.000
[train] 44:06:24<100:01:59, 0.052s/step step= 3060000 episodes= 6375 eps=0.050 replay= 39936 loss=0.00000 ext100=0.000 total100=0.039
[train] 44:08:08<100:00:16, 0.052s/step step= 3062000 episodes= 6379 eps=0.050 replay= 39936 loss=0.00000 ext100=0.000 total100=0.038
[train] 44:09:51<99:58:30, 0.052s/step step= 3064000 episodes= 6384 eps=0.050 replay= 39936 loss=0.00000 ext100=0.000 total100=0.038
[train] 44:11:35<99:56:45, 0.052s/step step= 3066000 episodes= 6388 eps=0.050 replay= 39936 loss=0.00001 ext100=0.000 total100=0.038
[train] 44:13:18<99:55:02, 0.052s/step step= 3068000 episodes= 6392 eps=0.050 replay= 39936 loss=0.00000 ext100=0.000 total100=0.038
[train] 44:15:02<99:53:17, 0.052s/step step= 3070000 episodes= 6396 eps=0.050 replay= 39936 loss=0.00000 ext100=0.000 total100=0.038
[train] 44:16:46<99:51:34, 0.052s/step step= 3072000 episodes= 6400 eps=0.050 replay= 39936 loss=0.00000 ext100=0.000 total100=0.038
[train] 44:18:29<99:49:50, 0.052s/step step= 3074000 episodes= 6404 eps=0.050 replay= 39936 loss=0.00001 ext100=0.000 total100=0.039
[train] 44:20:13<99:48:06, 0.052s/step step= 3076000 episodes= 6409 eps=0.050 replay= 39936 loss=0.00000 ext100=0.000 total100=0.038
[train] 44:21:57<99:46:22, 0.052s/step step= 3078000 episodes= 6413 eps=0.050 replay= 39936 loss=0.00000 ext100=0.000 total100=0.039
[eval] step=3080000 episodes=6417 mean_ext_return=0.000
[train] 44:23:56<99:45:12, 0.052s/step step= 3080000 episodes= 6417 eps=0.050 replay= 39936 loss=0.00000 ext100=0.000 total100=0.040
[train] 44:25:39<99:43:28, 0.052s/step step= 3082000 episodes= 6421 eps=0.050 replay= 39936 loss=0.00001 ext100=0.000 total100=0.040
[train] 44:27:22<99:41:43, 0.052s/step step= 3084000 episodes= 6425 eps=0.050 replay= 39936 loss=0.00000 ext100=0.000 total100=0.040
[train] 44:29:06<99:39:58, 0.052s/step step= 3086000 episodes= 6429 eps=0.050 replay= 39936 loss=0.00001 ext100=0.000 total100=0.041
[train] 44:30:50<99:38:15, 0.052s/step step= 3088000 episodes= 6434 eps=0.050 replay= 39936 loss=0.00001 ext100=0.000 total100=0.041
[train] 44:32:33<99:36:30, 0.052s/step step= 3090000 episodes= 6438 eps=0.050 replay= 39936 loss=0.00001 ext100=0.000 total100=0.042
[train] 44:34:17<99:34:46, 0.052s/step step= 3092000 episodes= 6442 eps=0.050 replay= 39936 loss=0.00001 ext100=0.000 total100=0.043
[train] 44:36:01<99:33:02, 0.052s/step step= 3094000 episodes= 6446 eps=0.050 replay= 39936 loss=0.00000 ext100=0.000 total100=0.042
[train] 44:37:45<99:31:19, 0.052s/step step= 3096000 episodes= 6450 eps=0.050 replay= 39936 loss=0.00000 ext100=0.000 total100=0.044
[train] 44:39:28<99:29:34, 0.052s/step step= 3098000 episodes= 6454 eps=0.050 replay= 39936 loss=0.00001 ext100=0.000 total100=0.045
[eval] step=3100000 episodes=6459 mean_ext_return=0.000
[train] 44:41:27<99:28:23, 0.052s/step step= 3100000 episodes= 6459 eps=0.050 replay= 39936 loss=0.00001 ext100=0.000 total100=0.045
[train] 44:43:11<99:26:40, 0.052s/step step= 3102000 episodes= 6463 eps=0.050 replay= 39936 loss=0.00001 ext100=0.000 total100=0.046
[train] 44:44:54<99:24:54, 0.052s/step step= 3104000 episodes= 6467 eps=0.050 replay= 39936 loss=0.00001 ext100=0.000 total100=0.046
[train] 44:46:37<99:23:10, 0.052s/step step= 3106000 episodes= 6471 eps=0.050 replay= 39936 loss=0.00003 ext100=0.000 total100=0.045
[train] 44:48:21<99:21:26, 0.052s/step step= 3108000 episodes= 6475 eps=0.050 replay= 39936 loss=0.00001 ext100=0.000 total100=0.046
[train] 44:50:04<99:19:42, 0.052s/step step= 3110000 episodes= 6479 eps=0.050 replay= 39936 loss=0.00001 ext100=0.000 total100=0.047
[train] 44:51:48<99:17:58, 0.052s/step step= 3112000 episodes= 6484 eps=0.050 replay= 39936 loss=0.00001 ext100=0.000 total100=0.047
[train] 44:53:32<99:16:14, 0.052s/step step= 3114000 episodes= 6488 eps=0.050 replay= 39936 loss=0.00002 ext100=0.000 total100=0.047
[train] 44:55:16<99:14:30, 0.052s/step step= 3116000 episodes= 6492 eps=0.050 replay= 39936 loss=0.00000 ext100=0.000 total100=0.047
[train] 44:56:59<99:12:46, 0.052s/step step= 3118000 episodes= 6496 eps=0.050 replay= 39936 loss=0.00001 ext100=0.000 total100=0.047
[eval] step=3120000 episodes=6500 mean_ext_return=0.000
[train] 44:58:58<99:11:34, 0.052s/step step= 3120000 episodes= 6500 eps=0.050 replay= 39936 loss=0.00001 ext100=0.000 total100=0.047
[train] 45:00:42<99:09:51, 0.052s/step step= 3122000 episodes= 6504 eps=0.050 replay= 39936 loss=0.00001 ext100=0.000 total100=0.047
[train] 45:02:25<99:08:05, 0.052s/step step= 3124000 episodes= 6509 eps=0.050 replay= 39936 loss=0.00000 ext100=0.000 total100=0.047
[train] 45:04:08<99:06:21, 0.052s/step step= 3126000 episodes= 6513 eps=0.050 replay= 39936 loss=0.00001 ext100=0.000 total100=0.047
[train] 45:05:52<99:04:38, 0.052s/step step= 3128000 episodes= 6517 eps=0.050 replay= 39936 loss=0.00000 ext100=0.000 total100=0.045
[train] 45:07:36<99:02:53, 0.052s/step step= 3130000 episodes= 6521 eps=0.050 replay= 39936 loss=0.00002 ext100=0.000 total100=0.045
[train] 45:09:20<99:01:09, 0.052s/step step= 3132000 episodes= 6525 eps=0.050 replay= 39936 loss=0.00000 ext100=0.000 total100=0.045
[train] 45:11:03<98:59:24, 0.052s/step step= 3134000 episodes= 6529 eps=0.050 replay= 39936 loss=0.00001 ext100=0.000 total100=0.044
[train] 45:12:47<98:57:41, 0.052s/step step= 3136000 episodes= 6534 eps=0.050 replay= 39936 loss=0.00000 ext100=0.000 total100=0.045
[train] 45:14:31<98:55:57, 0.052s/step step= 3138000 episodes= 6538 eps=0.050 replay= 39936 loss=0.00001 ext100=0.000 total100=0.046
[eval] step=3140000 episodes=6542 mean_ext_return=0.000
[train] 45:16:29<98:54:45, 0.052s/step step= 3140000 episodes= 6542 eps=0.050 replay= 39936 loss=0.00001 ext100=0.000 total100=0.045
[train] 45:18:13<98:53:02, 0.052s/step step= 3142000 episodes= 6546 eps=0.050 replay= 39936 loss=0.00001 ext100=0.000 total100=0.046
[train] 45:19:56<98:51:16, 0.052s/step step= 3144000 episodes= 6550 eps=0.050 replay= 39936 loss=0.00001 ext100=0.000 total100=0.045
[train] 45:21:40<98:49:32, 0.052s/step step= 3146000 episodes= 6554 eps=0.050 replay= 39936 loss=0.00002 ext100=0.000 total100=0.045
[train] 45:23:24<98:47:48, 0.052s/step step= 3148000 episodes= 6559 eps=0.050 replay= 39936 loss=0.00000 ext100=0.000 total100=0.045
[train] 45:25:07<98:46:04, 0.052s/step step= 3150000 episodes= 6563 eps=0.050 replay= 39936 loss=0.00001 ext100=0.000 total100=0.043
[train] 45:26:51<98:44:20, 0.052s/step step= 3152000 episodes= 6567 eps=0.050 replay= 39936 loss=0.00000 ext100=0.000 total100=0.043
[train] 45:28:34<98:42:35, 0.052s/step step= 3154000 episodes= 6571 eps=0.050 replay= 39936 loss=0.00002 ext100=0.000 total100=0.044
[train] 45:30:18<98:40:52, 0.052s/step step= 3156000 episodes= 6575 eps=0.050 replay= 39936 loss=0.00001 ext100=0.000 total100=0.043
[train] 45:32:02<98:39:07, 0.052s/step step= 3158000 episodes= 6579 eps=0.050 replay= 39936 loss=0.00001 ext100=0.000 total100=0.043
[eval] step=3160000 episodes=6584 mean_ext_return=0.000
[train] 45:34:01<98:37:56, 0.052s/step step= 3160000 episodes= 6584 eps=0.050 replay= 39936 loss=0.00001 ext100=0.000 total100=0.045
[train] 45:35:44<98:36:12, 0.052s/step step= 3162000 episodes= 6588 eps=0.050 replay= 39936 loss=0.00002 ext100=0.000 total100=0.045
[train] 45:37:28<98:34:27, 0.052s/step step= 3164000 episodes= 6592 eps=0.050 replay= 39936 loss=0.00001 ext100=0.000 total100=0.045
[train] 45:39:11<98:32:42, 0.052s/step step= 3166000 episodes= 6596 eps=0.050 replay= 39936 loss=0.00001 ext100=0.000 total100=0.043
[train] 45:40:55<98:30:58, 0.052s/step step= 3168000 episodes= 6600 eps=0.050 replay= 39936 loss=0.00001 ext100=0.000 total100=0.043
[train] 45:42:38<98:29:14, 0.052s/step step= 3170000 episodes= 6604 eps=0.050 replay= 39936 loss=0.00002 ext100=0.000 total100=0.043
[train] 45:44:22<98:27:30, 0.052s/step step= 3172000 episodes= 6609 eps=0.050 replay= 39936 loss=0.00000 ext100=0.000 total100=0.042
[train] 45:46:05<98:25:45, 0.052s/step step= 3174000 episodes= 6613 eps=0.050 replay= 39936 loss=0.00001 ext100=0.000 total100=0.042
[train] 45:47:49<98:24:01, 0.052s/step step= 3176000 episodes= 6617 eps=0.050 replay= 39936 loss=0.00001 ext100=0.000 total100=0.042
[train] 45:49:33<98:22:17, 0.052s/step step= 3178000 episodes= 6621 eps=0.050 replay= 39936 loss=0.00001 ext100=0.000 total100=0.042
[eval] step=3180000 episodes=6625 mean_ext_return=0.000
[train] 45:51:31<98:21:05, 0.052s/step step= 3180000 episodes= 6625 eps=0.050 replay= 39936 loss=0.00000 ext100=0.000 total100=0.042
[train] 45:53:15<98:19:21, 0.052s/step step= 3182000 episodes= 6629 eps=0.050 replay= 39936 loss=0.00001 ext100=0.000 total100=0.041
[train] 45:54:58<98:17:35, 0.052s/step step= 3184000 episodes= 6634 eps=0.050 replay= 39936 loss=0.00001 ext100=0.000 total100=0.039
[train] 45:56:42<98:15:51, 0.052s/step step= 3186000 episodes= 6638 eps=0.050 replay= 39936 loss=0.00001 ext100=0.000 total100=0.037
[train] 45:58:26<98:14:07, 0.052s/step step= 3188000 episodes= 6642 eps=0.050 replay= 39936 loss=0.00001 ext100=0.000 total100=0.036
[train] 46:00:09<98:12:22, 0.052s/step step= 3190000 episodes= 6646 eps=0.050 replay= 39936 loss=0.00001 ext100=0.000 total100=0.036
[train] 46:01:53<98:10:38, 0.052s/step step= 3192000 episodes= 6650 eps=0.050 replay= 39936 loss=0.00001 ext100=0.000 total100=0.035
[train] 46:03:37<98:08:54, 0.052s/step step= 3194000 episodes= 6654 eps=0.050 replay= 39936 loss=0.00001 ext100=0.000 total100=0.034
[train] 46:05:20<98:07:10, 0.052s/step step= 3196000 episodes= 6659 eps=0.050 replay= 39936 loss=0.00001 ext100=0.000 total100=0.035
[train] 46:07:04<98:05:26, 0.052s/step step= 3198000 episodes= 6663 eps=0.050 replay= 39936 loss=0.00001 ext100=0.000 total100=0.036
[eval] step=3200000 episodes=6667 mean_ext_return=0.000
[train] 46:09:02<98:04:13, 0.052s/step step= 3200000 episodes= 6667 eps=0.050 replay= 39936 loss=0.00001 ext100=0.000 total100=0.035
[train] 46:10:46<98:02:30, 0.052s/step step= 3202000 episodes= 6671 eps=0.050 replay= 39936 loss=0.00001 ext100=0.000 total100=0.033
[train] 46:12:29<98:00:44, 0.052s/step step= 3204000 episodes= 6675 eps=0.050 replay= 39936 loss=0.00001 ext100=0.000 total100=0.033
[train] 46:14:13<97:59:00, 0.052s/step step= 3206000 episodes= 6679 eps=0.050 replay= 39936 loss=0.00001 ext100=0.000 total100=0.032
[train] 46:15:57<97:57:16, 0.052s/step step= 3208000 episodes= 6684 eps=0.050 replay= 39936 loss=0.00001 ext100=0.000 total100=0.030
[train] 46:17:40<97:55:32, 0.052s/step step= 3210000 episodes= 6688 eps=0.050 replay= 39936 loss=0.00002 ext100=0.000 total100=0.029
[train] 46:19:24<97:53:48, 0.052s/step step= 3212000 episodes= 6692 eps=0.050 replay= 39936 loss=0.00001 ext100=0.000 total100=0.029
[train] 46:21:08<97:52:03, 0.052s/step step= 3214000 episodes= 6696 eps=0.050 replay= 39936 loss=0.00001 ext100=0.000 total100=0.029
[train] 46:22:52<97:50:20, 0.052s/step step= 3216000 episodes= 6700 eps=0.050 replay= 39936 loss=0.00001 ext100=0.000 total100=0.029
[train] 46:24:35<97:48:35, 0.052s/step step= 3218000 episodes= 6704 eps=0.050 replay= 39936 loss=0.00000 ext100=0.000 total100=0.028
[eval] step=3220000 episodes=6709 mean_ext_return=0.000
[train] 46:26:34<97:47:22, 0.052s/step step= 3220000 episodes= 6709 eps=0.050 replay= 39936 loss=0.00001 ext100=0.000 total100=0.029
[train] 46:28:18<97:45:38, 0.052s/step step= 3222000 episodes= 6713 eps=0.050 replay= 39936 loss=0.00001 ext100=0.000 total100=0.030
[train] 46:30:01<97:43:53, 0.052s/step step= 3224000 episodes= 6717 eps=0.050 replay= 39936 loss=0.00000 ext100=0.000 total100=0.031
[train] 46:31:44<97:42:08, 0.052s/step step= 3226000 episodes= 6721 eps=0.050 replay= 39936 loss=0.00002 ext100=0.000 total100=0.030
[train] 46:33:28<97:40:25, 0.052s/step step= 3228000 episodes= 6725 eps=0.050 replay= 39936 loss=0.00001 ext100=0.000 total100=0.031
[train] 46:35:12<97:38:40, 0.052s/step step= 3230000 episodes= 6729 eps=0.050 replay= 39936 loss=0.00000 ext100=0.000 total100=0.031
[train] 46:36:56<97:36:56, 0.052s/step step= 3232000 episodes= 6734 eps=0.050 replay= 39936 loss=0.00001 ext100=0.000 total100=0.030
[train] 46:38:39<97:35:12, 0.052s/step step= 3234000 episodes= 6738 eps=0.050 replay= 39936 loss=0.00001 ext100=0.000 total100=0.031
[train] 46:40:23<97:33:28, 0.052s/step step= 3236000 episodes= 6742 eps=0.050 replay= 39936 loss=0.00001 ext100=0.000 total100=0.031
[train] 46:42:06<97:31:43, 0.052s/step step= 3238000 episodes= 6746 eps=0.050 replay= 39936 loss=0.00001 ext100=0.000 total100=0.031
[eval] step=3240000 episodes=6750 mean_ext_return=0.000
[train] 46:44:05<97:30:30, 0.052s/step step= 3240000 episodes= 6750 eps=0.050 replay= 39936 loss=0.00001 ext100=0.000 total100=0.032
[train] 46:45:49<97:28:46, 0.052s/step step= 3242000 episodes= 6754 eps=0.050 replay= 39936 loss=0.00002 ext100=0.000 total100=0.032
[train] 46:47:32<97:27:01, 0.052s/step step= 3244000 episodes= 6759 eps=0.050 replay= 39936 loss=0.00000 ext100=0.000 total100=0.031
[train] 46:49:15<97:25:16, 0.052s/step step= 3246000 episodes= 6763 eps=0.050 replay= 39936 loss=0.00001 ext100=0.000 total100=0.032
[train] 46:50:59<97:23:33, 0.052s/step step= 3248000 episodes= 6767 eps=0.050 replay= 39936 loss=0.00001 ext100=0.000 total100=0.031
[train] 46:52:43<97:21:48, 0.052s/step step= 3250000 episodes= 6771 eps=0.050 replay= 39936 loss=0.00001 ext100=0.000 total100=0.033
[train] 46:54:27<97:20:04, 0.052s/step step= 3252000 episodes= 6775 eps=0.050 replay= 39936 loss=0.00001 ext100=0.000 total100=0.033
[train] 46:56:10<97:18:20, 0.052s/step step= 3254000 episodes= 6779 eps=0.050 replay= 39936 loss=0.00001 ext100=0.000 total100=0.033
[train] 46:57:54<97:16:37, 0.052s/step step= 3256000 episodes= 6784 eps=0.050 replay= 39936 loss=0.00001 ext100=0.000 total100=0.034
[train] 46:59:38<97:14:52, 0.052s/step step= 3258000 episodes= 6788 eps=0.050 replay= 39936 loss=0.00002 ext100=0.000 total100=0.034
[eval] step=3260000 episodes=6792 mean_ext_return=0.000
[train] 47:01:37<97:13:39, 0.052s/step step= 3260000 episodes= 6792 eps=0.050 replay= 39936 loss=0.00001 ext100=0.000 total100=0.036
[train] 47:03:21<97:11:55, 0.052s/step step= 3262000 episodes= 6796 eps=0.050 replay= 39936 loss=0.00001 ext100=0.000 total100=0.037
[train] 47:05:03<97:10:09, 0.052s/step step= 3264000 episodes= 6800 eps=0.050 replay= 39936 loss=0.00001 ext100=0.000 total100=0.036
[train] 47:06:47<97:08:24, 0.052s/step step= 3266000 episodes= 6804 eps=0.050 replay= 39936 loss=0.00002 ext100=0.000 total100=0.037
[train] 47:08:31<97:06:41, 0.052s/step step= 3268000 episodes= 6809 eps=0.050 replay= 39936 loss=0.00000 ext100=0.000 total100=0.037
[train] 47:10:14<97:04:56, 0.052s/step step= 3270000 episodes= 6813 eps=0.050 replay= 39936 loss=0.00001 ext100=0.000 total100=0.039
[train] 47:11:58<97:03:12, 0.052s/step step= 3272000 episodes= 6817 eps=0.050 replay= 39936 loss=0.00002 ext100=0.000 total100=0.037
[train] 47:13:42<97:01:28, 0.052s/step step= 3274000 episodes= 6821 eps=0.050 replay= 39936 loss=0.00001 ext100=0.000 total100=0.038
[train] 47:15:26<96:59:44, 0.052s/step step= 3276000 episodes= 6825 eps=0.050 replay= 39936 loss=0.00001 ext100=0.000 total100=0.038
[train] 47:17:09<96:57:59, 0.052s/step step= 3278000 episodes= 6829 eps=0.050 replay= 39936 loss=0.00000 ext100=0.000 total100=0.038
[eval] step=3280000 episodes=6834 mean_ext_return=0.000
[train] 47:19:08<96:56:45, 0.052s/step step= 3280000 episodes= 6834 eps=0.050 replay= 39936 loss=0.00001 ext100=0.000 total100=0.040
[train] 47:20:51<96:55:01, 0.052s/step step= 3282000 episodes= 6838 eps=0.050 replay= 39936 loss=0.00001 ext100=0.000 total100=0.040
[train] 47:22:34<96:53:16, 0.052s/step step= 3284000 episodes= 6842 eps=0.050 replay= 39936 loss=0.00000 ext100=0.000 total100=0.041
[train] 47:24:18<96:51:31, 0.052s/step step= 3286000 episodes= 6846 eps=0.050 replay= 39936 loss=0.00000 ext100=0.000 total100=0.041
[train] 47:26:02<96:49:48, 0.052s/step step= 3288000 episodes= 6850 eps=0.050 replay= 39936 loss=0.00000 ext100=0.000 total100=0.040
[train] 47:27:45<96:48:03, 0.052s/step step= 3290000 episodes= 6854 eps=0.050 replay= 39936 loss=0.00003 ext100=0.000 total100=0.041
[train] 47:29:29<96:46:19, 0.052s/step step= 3292000 episodes= 6859 eps=0.050 replay= 39936 loss=0.00000 ext100=0.000 total100=0.041
[train] 47:31:13<96:44:34, 0.052s/step step= 3294000 episodes= 6863 eps=0.050 replay= 39936 loss=0.00001 ext100=0.000 total100=0.040
[train] 47:32:57<96:42:50, 0.052s/step step= 3296000 episodes= 6867 eps=0.050 replay= 39936 loss=0.00000 ext100=0.000 total100=0.041
[train] 47:34:40<96:41:06, 0.052s/step step= 3298000 episodes= 6871 eps=0.050 replay= 39936 loss=0.00002 ext100=0.000 total100=0.041
[eval] step=3300000 episodes=6875 mean_ext_return=0.000
[train] 47:36:39<96:39:52, 0.052s/step step= 3300000 episodes= 6875 eps=0.050 replay= 39936 loss=0.00001 ext100=0.000 total100=0.041
[train] 47:38:23<96:38:08, 0.052s/step step= 3302000 episodes= 6879 eps=0.050 replay= 39936 loss=0.00001 ext100=0.000 total100=0.041
[train] 47:40:06<96:36:22, 0.052s/step step= 3304000 episodes= 6884 eps=0.050 replay= 39936 loss=0.00000 ext100=0.000 total100=0.039
[train] 47:41:49<96:34:38, 0.052s/step step= 3306000 episodes= 6888 eps=0.050 replay= 39936 loss=0.00001 ext100=0.000 total100=0.040
[train] 47:43:33<96:32:54, 0.052s/step step= 3308000 episodes= 6892 eps=0.050 replay= 39936 loss=0.00000 ext100=0.000 total100=0.039
[train] 47:45:17<96:31:09, 0.052s/step step= 3310000 episodes= 6896 eps=0.050 replay= 39936 loss=0.00001 ext100=0.000 total100=0.039
[train] 47:47:00<96:29:25, 0.052s/step step= 3312000 episodes= 6900 eps=0.050 replay= 39936 loss=0.00000 ext100=0.000 total100=0.039
[train] 47:48:44<96:27:41, 0.052s/step step= 3314000 episodes= 6904 eps=0.050 replay= 39936 loss=0.00001 ext100=0.000 total100=0.038
[train] 47:50:28<96:25:57, 0.052s/step step= 3316000 episodes= 6909 eps=0.050 replay= 39936 loss=0.00001 ext100=0.000 total100=0.040
[train] 47:52:11<96:24:12, 0.052s/step step= 3318000 episodes= 6913 eps=0.050 replay= 39936 loss=0.00000 ext100=0.000 total100=0.038
[eval] step=3320000 episodes=6917 mean_ext_return=0.000
[train] 47:54:10<96:22:58, 0.052s/step step= 3320000 episodes= 6917 eps=0.050 replay= 39936 loss=0.00000 ext100=0.000 total100=0.038
[train] 47:55:54<96:21:14, 0.052s/step step= 3322000 episodes= 6921 eps=0.050 replay= 39936 loss=0.00001 ext100=0.000 total100=0.037
[train] 47:57:37<96:19:28, 0.052s/step step= 3324000 episodes= 6925 eps=0.050 replay= 39936 loss=0.00000 ext100=0.000 total100=0.037
[train] 47:59:20<96:17:44, 0.052s/step step= 3326000 episodes= 6929 eps=0.050 replay= 39936 loss=0.00000 ext100=0.000 total100=0.038
[train] 48:01:04<96:16:00, 0.052s/step step= 3328000 episodes= 6934 eps=0.050 replay= 39936 loss=0.00000 ext100=0.000 total100=0.038
[train] 48:02:48<96:14:15, 0.052s/step step= 3330000 episodes= 6938 eps=0.050 replay= 39936 loss=0.00001 ext100=0.000 total100=0.039
[train] 48:04:32<96:12:32, 0.052s/step step= 3332000 episodes= 6942 eps=0.050 replay= 39936 loss=0.00000 ext100=0.000 total100=0.038
[train] 48:06:15<96:10:47, 0.052s/step step= 3334000 episodes= 6946 eps=0.050 replay= 39936 loss=0.00001 ext100=0.000 total100=0.038
[train] 48:07:59<96:09:03, 0.052s/step step= 3336000 episodes= 6950 eps=0.050 replay= 39936 loss=0.00000 ext100=0.000 total100=0.038
[train] 48:09:43<96:07:18, 0.052s/step step= 3338000 episodes= 6954 eps=0.050 replay= 39936 loss=0.00001 ext100=0.000 total100=0.038
[eval] step=3340000 episodes=6959 mean_ext_return=0.000
[train] 48:11:41<96:06:04, 0.052s/step step= 3340000 episodes= 6959 eps=0.050 replay= 39936 loss=0.00000 ext100=0.000 total100=0.038
[train] 48:13:25<96:04:20, 0.052s/step step= 3342000 episodes= 6963 eps=0.050 replay= 39936 loss=0.00001 ext100=0.000 total100=0.038
[train] 48:15:08<96:02:34, 0.052s/step step= 3344000 episodes= 6967 eps=0.050 replay= 39936 loss=0.00000 ext100=0.000 total100=0.037
[train] 48:16:51<96:00:49, 0.052s/step step= 3346000 episodes= 6971 eps=0.050 replay= 39936 loss=0.00002 ext100=0.000 total100=0.036
[train] 48:18:35<95:59:05, 0.052s/step step= 3348000 episodes= 6975 eps=0.050 replay= 39936 loss=0.00001 ext100=0.000 total100=0.036
[train] 48:20:19<95:57:21, 0.052s/step step= 3350000 episodes= 6979 eps=0.050 replay= 39936 loss=0.00000 ext100=0.000 total100=0.037
[train] 48:22:03<95:55:37, 0.052s/step step= 3352000 episodes= 6984 eps=0.050 replay= 39936 loss=0.00001 ext100=0.000 total100=0.038
[train] 48:23:46<95:53:52, 0.052s/step step= 3354000 episodes= 6988 eps=0.050 replay= 39936 loss=0.00001 ext100=0.000 total100=0.037
[train] 48:25:30<95:52:08, 0.052s/step step= 3356000 episodes= 6992 eps=0.050 replay= 39936 loss=0.00000 ext100=0.000 total100=0.037
[train] 48:27:14<95:50:24, 0.052s/step step= 3358000 episodes= 6996 eps=0.050 replay= 39936 loss=0.00000 ext100=0.000 total100=0.036
[eval] step=3360000 episodes=7000 mean_ext_return=0.000
[train] 48:29:12<95:49:09, 0.052s/step step= 3360000 episodes= 7000 eps=0.050 replay= 39936 loss=0.00000 ext100=0.000 total100=0.037
[train] 48:30:56<95:47:25, 0.052s/step step= 3362000 episodes= 7004 eps=0.050 replay= 39936 loss=0.00001 ext100=0.000 total100=0.036
[train] 48:32:39<95:45:39, 0.052s/step step= 3364000 episodes= 7009 eps=0.050 replay= 39936 loss=0.00000 ext100=0.000 total100=0.036
[train] 48:34:23<95:43:55, 0.052s/step step= 3366000 episodes= 7013 eps=0.050 replay= 39936 loss=0.00000 ext100=0.000 total100=0.036
[train] 48:36:07<95:42:11, 0.052s/step step= 3368000 episodes= 7017 eps=0.050 replay= 39936 loss=0.00000 ext100=0.000 total100=0.036
[train] 48:37:50<95:40:26, 0.052s/step step= 3370000 episodes= 7021 eps=0.050 replay= 39936 loss=0.00002 ext100=0.000 total100=0.036
[train] 48:39:34<95:38:43, 0.052s/step step= 3372000 episodes= 7025 eps=0.050 replay= 39936 loss=0.00001 ext100=0.000 total100=0.036
[train] 48:41:18<95:36:58, 0.052s/step step= 3374000 episodes= 7029 eps=0.050 replay= 39936 loss=0.00000 ext100=0.000 total100=0.035
[train] 48:43:02<95:35:14, 0.052s/step step= 3376000 episodes= 7034 eps=0.050 replay= 39936 loss=0.00000 ext100=0.000 total100=0.034
[train] 48:44:45<95:33:30, 0.052s/step step= 3378000 episodes= 7038 eps=0.050 replay= 39936 loss=0.00002 ext100=0.000 total100=0.033
[eval] step=3380000 episodes=7042 mean_ext_return=0.000
[train] 48:46:44<95:32:14, 0.052s/step step= 3380000 episodes= 7042 eps=0.050 replay= 39936 loss=0.00001 ext100=0.000 total100=0.033
[train] 48:48:28<95:30:31, 0.052s/step step= 3382000 episodes= 7046 eps=0.050 replay= 39936 loss=0.00000 ext100=0.000 total100=0.033
[train] 48:50:11<95:28:45, 0.052s/step step= 3384000 episodes= 7050 eps=0.050 replay= 39936 loss=0.00000 ext100=0.000 total100=0.035
[train] 48:51:54<95:27:00, 0.052s/step step= 3386000 episodes= 7054 eps=0.050 replay= 39936 loss=0.00001 ext100=0.000 total100=0.034
[train] 48:53:38<95:25:16, 0.052s/step step= 3388000 episodes= 7059 eps=0.050 replay= 39936 loss=0.00000 ext100=0.000 total100=0.035
[train] 48:55:21<95:23:31, 0.052s/step step= 3390000 episodes= 7063 eps=0.050 replay= 39936 loss=0.00001 ext100=0.000 total100=0.035
[train] 48:57:05<95:21:47, 0.052s/step step= 3392000 episodes= 7067 eps=0.050 replay= 39936 loss=0.00000 ext100=0.000 total100=0.036
[train] 48:58:49<95:20:03, 0.052s/step step= 3394000 episodes= 7071 eps=0.050 replay= 39936 loss=0.00001 ext100=0.000 total100=0.036
[train] 49:00:33<95:18:19, 0.052s/step step= 3396000 episodes= 7075 eps=0.050 replay= 39936 loss=0.00001 ext100=0.000 total100=0.036
[train] 49:02:16<95:16:34, 0.052s/step step= 3398000 episodes= 7079 eps=0.050 replay= 39936 loss=0.00000 ext100=0.000 total100=0.035
[eval] step=3400000 episodes=7084 mean_ext_return=0.000
[train] 49:04:15<95:15:19, 0.052s/step step= 3400000 episodes= 7084 eps=0.050 replay= 39936 loss=0.00000 ext100=0.000 total100=0.035
[train] 49:05:59<95:13:35, 0.052s/step step= 3402000 episodes= 7088 eps=0.050 replay= 39936 loss=0.00001 ext100=0.000 total100=0.036
[train] 49:07:42<95:11:49, 0.052s/step step= 3404000 episodes= 7092 eps=0.050 replay= 39936 loss=0.00000 ext100=0.000 total100=0.035
[train] 49:09:25<95:10:04, 0.052s/step step= 3406000 episodes= 7096 eps=0.050 replay= 39936 loss=0.00000 ext100=0.000 total100=0.036
[train] 49:11:09<95:08:20, 0.052s/step step= 3408000 episodes= 7100 eps=0.050 replay= 39936 loss=0.00001 ext100=0.000 total100=0.036
[train] 49:12:52<95:06:35, 0.052s/step step= 3410000 episodes= 7104 eps=0.050 replay= 39936 loss=0.00001 ext100=0.000 total100=0.037
[train] 49:14:36<95:04:51, 0.052s/step step= 3412000 episodes= 7109 eps=0.050 replay= 39936 loss=0.00000 ext100=0.000 total100=0.036
[train] 49:16:20<95:03:07, 0.052s/step step= 3414000 episodes= 7113 eps=0.050 replay= 39936 loss=0.00000 ext100=0.000 total100=0.036
[train] 49:18:04<95:01:23, 0.052s/step step= 3416000 episodes= 7117 eps=0.050 replay= 39936 loss=0.00000 ext100=0.000 total100=0.035
[train] 49:19:47<94:59:38, 0.052s/step step= 3418000 episodes= 7121 eps=0.050 replay= 39936 loss=0.00001 ext100=0.000 total100=0.035
[eval] step=3420000 episodes=7125 mean_ext_return=0.000
[train] 49:21:46<94:58:22, 0.052s/step step= 3420000 episodes= 7125 eps=0.050 replay= 39936 loss=0.00000 ext100=0.000 total100=0.034
[train] 49:23:29<94:56:38, 0.052s/step step= 3422000 episodes= 7129 eps=0.050 replay= 39936 loss=0.00000 ext100=0.000 total100=0.033
[train] 49:25:13<94:54:52, 0.052s/step step= 3424000 episodes= 7134 eps=0.050 replay= 39936 loss=0.00000 ext100=0.000 total100=0.034
[train] 49:26:56<94:53:07, 0.052s/step step= 3426000 episodes= 7138 eps=0.050 replay= 39936 loss=0.00001 ext100=0.000 total100=0.033
[train] 49:28:40<94:51:23, 0.052s/step step= 3428000 episodes= 7142 eps=0.050 replay= 39936 loss=0.00000 ext100=0.000 total100=0.033
[train] 49:30:23<94:49:39, 0.052s/step step= 3430000 episodes= 7146 eps=0.050 replay= 39936 loss=0.00000 ext100=0.000 total100=0.033
[train] 49:32:07<94:47:55, 0.052s/step step= 3432000 episodes= 7150 eps=0.050 replay= 39936 loss=0.00000 ext100=0.000 total100=0.032
[train] 49:33:51<94:46:10, 0.052s/step step= 3434000 episodes= 7154 eps=0.050 replay= 39936 loss=0.00001 ext100=0.000 total100=0.033
[train] 49:35:35<94:44:26, 0.052s/step step= 3436000 episodes= 7159 eps=0.050 replay= 39936 loss=0.00000 ext100=0.000 total100=0.033
[train] 49:37:18<94:42:41, 0.052s/step step= 3438000 episodes= 7163 eps=0.050 replay= 39936 loss=0.00000 ext100=0.000 total100=0.033
[eval] step=3440000 episodes=7167 mean_ext_return=0.000
[train] 49:39:16<94:41:25, 0.052s/step step= 3440000 episodes= 7167 eps=0.050 replay= 39936 loss=0.00001 ext100=0.000 total100=0.033
[train] 49:41:00<94:39:41, 0.052s/step step= 3442000 episodes= 7171 eps=0.050 replay= 39936 loss=0.00001 ext100=0.000 total100=0.032
[train] 49:42:43<94:37:55, 0.052s/step step= 3444000 episodes= 7175 eps=0.050 replay= 39936 loss=0.00000 ext100=0.000 total100=0.031
[train] 49:44:27<94:36:10, 0.052s/step step= 3446000 episodes= 7179 eps=0.050 replay= 39936 loss=0.00000 ext100=0.000 total100=0.032
[train] 49:46:11<94:34:26, 0.052s/step step= 3448000 episodes= 7184 eps=0.050 replay= 39936 loss=0.00001 ext100=0.000 total100=0.032
[train] 49:47:54<94:32:42, 0.052s/step step= 3450000 episodes= 7188 eps=0.050 replay= 39936 loss=0.00001 ext100=0.000 total100=0.030
[train] 49:49:38<94:30:58, 0.052s/step step= 3452000 episodes= 7192 eps=0.050 replay= 39936 loss=0.00001 ext100=0.000 total100=0.030
[train] 49:51:22<94:29:13, 0.052s/step step= 3454000 episodes= 7196 eps=0.050 replay= 39936 loss=0.00001 ext100=0.000 total100=0.031
[train] 49:53:06<94:27:29, 0.052s/step step= 3456000 episodes= 7200 eps=0.050 replay= 39936 loss=0.00000 ext100=0.000 total100=0.031
[train] 49:54:49<94:25:44, 0.052s/step step= 3458000 episodes= 7204 eps=0.050 replay= 39936 loss=0.00001 ext100=0.000 total100=0.030
[eval] step=3460000 episodes=7209 mean_ext_return=0.000
[train] 49:56:48<94:24:28, 0.052s/step step= 3460000 episodes= 7209 eps=0.050 replay= 39936 loss=0.00001 ext100=0.000 total100=0.031
[train] 49:58:32<94:22:44, 0.052s/step step= 3462000 episodes= 7213 eps=0.050 replay= 39936 loss=0.00001 ext100=0.000 total100=0.031
[train] 50:00:15<94:20:58, 0.052s/step step= 3464000 episodes= 7217 eps=0.050 replay= 39936 loss=0.00000 ext100=0.000 total100=0.031
[train] 50:01:58<94:19:13, 0.052s/step step= 3466000 episodes= 7221 eps=0.050 replay= 39936 loss=0.00003 ext100=0.000 total100=0.031
[train] 50:03:42<94:17:30, 0.052s/step step= 3468000 episodes= 7225 eps=0.050 replay= 39936 loss=0.00001 ext100=0.000 total100=0.032
[train] 50:05:26<94:15:45, 0.052s/step step= 3470000 episodes= 7229 eps=0.050 replay= 39936 loss=0.00000 ext100=0.000 total100=0.033
[train] 50:07:09<94:14:01, 0.052s/step step= 3472000 episodes= 7234 eps=0.050 replay= 39936 loss=0.00001 ext100=0.000 total100=0.032
[train] 50:08:53<94:12:16, 0.052s/step step= 3474000 episodes= 7238 eps=0.050 replay= 39936 loss=0.00001 ext100=0.000 total100=0.033
[train] 50:10:37<94:10:32, 0.052s/step step= 3476000 episodes= 7242 eps=0.050 replay= 39936 loss=0.00000 ext100=0.000 total100=0.034
[train] 50:12:20<94:08:48, 0.052s/step step= 3478000 episodes= 7246 eps=0.050 replay= 39936 loss=0.00001 ext100=0.000 total100=0.034
[eval] step=3480000 episodes=7250 mean_ext_return=0.000
[train] 50:14:19<94:07:31, 0.052s/step step= 3480000 episodes= 7250 eps=0.050 replay= 39936 loss=0.00000 ext100=0.000 total100=0.034
[train] 50:16:03<94:05:47, 0.052s/step step= 3482000 episodes= 7254 eps=0.050 replay= 39936 loss=0.00001 ext100=0.000 total100=0.033
[train] 50:17:46<94:04:02, 0.052s/step step= 3484000 episodes= 7259 eps=0.050 replay= 39936 loss=0.00000 ext100=0.000 total100=0.034
[train] 50:19:30<94:02:17, 0.052s/step step= 3486000 episodes= 7263 eps=0.050 replay= 39936 loss=0.00000 ext100=0.000 total100=0.033
[train] 50:21:14<94:00:33, 0.052s/step step= 3488000 episodes= 7267 eps=0.050 replay= 39936 loss=0.00001 ext100=0.000 total100=0.033
[train] 50:22:57<93:58:48, 0.052s/step step= 3490000 episodes= 7271 eps=0.050 replay= 39936 loss=0.00001 ext100=0.000 total100=0.033
[train] 50:24:41<93:57:04, 0.052s/step step= 3492000 episodes= 7275 eps=0.050 replay= 39936 loss=0.00000 ext100=0.000 total100=0.034
[train] 50:26:24<93:55:19, 0.052s/step step= 3494000 episodes= 7279 eps=0.050 replay= 39936 loss=0.00001 ext100=0.000 total100=0.035
[train] 50:28:08<93:53:35, 0.052s/step step= 3496000 episodes= 7284 eps=0.050 replay= 39936 loss=0.00000 ext100=0.000 total100=0.037
[train] 50:29:52<93:51:50, 0.052s/step step= 3498000 episodes= 7288 eps=0.050 replay= 39936 loss=0.00001 ext100=0.000 total100=0.039
[eval] step=3500000 episodes=7292 mean_ext_return=0.000
[train] 50:31:50<93:50:33, 0.052s/step step= 3500000 episodes= 7292 eps=0.050 replay= 39936 loss=0.00000 ext100=0.000 total100=0.040
[train] 50:33:34<93:48:50, 0.052s/step step= 3502000 episodes= 7296 eps=0.050 replay= 39936 loss=0.00000 ext100=0.000 total100=0.039
[train] 50:35:17<93:47:04, 0.052s/step step= 3504000 episodes= 7300 eps=0.050 replay= 39936 loss=0.00000 ext100=0.000 total100=0.039
[train] 50:37:01<93:45:19, 0.052s/step step= 3506000 episodes= 7304 eps=0.050 replay= 39936 loss=0.00001 ext100=0.000 total100=0.039
[train] 50:38:45<93:43:35, 0.052s/step step= 3508000 episodes= 7309 eps=0.050 replay= 39936 loss=0.00001 ext100=0.000 total100=0.039
[train] 50:40:28<93:41:50, 0.052s/step step= 3510000 episodes= 7313 eps=0.050 replay= 39936 loss=0.00000 ext100=0.000 total100=0.039
[train] 50:42:12<93:40:06, 0.052s/step step= 3512000 episodes= 7317 eps=0.050 replay= 39936 loss=0.00000 ext100=0.000 total100=0.038
[train] 50:43:55<93:38:22, 0.052s/step step= 3514000 episodes= 7321 eps=0.050 replay= 39936 loss=0.00002 ext100=0.000 total100=0.038
[train] 50:45:39<93:36:38, 0.052s/step step= 3516000 episodes= 7325 eps=0.050 replay= 39936 loss=0.00000 ext100=0.000 total100=0.038
[train] 50:47:23<93:34:53, 0.052s/step step= 3518000 episodes= 7329 eps=0.050 replay= 39936 loss=0.00001 ext100=0.000 total100=0.039
[eval] step=3520000 episodes=7334 mean_ext_return=0.000
[train] 50:49:21<93:33:36, 0.052s/step step= 3520000 episodes= 7334 eps=0.050 replay= 39936 loss=0.00001 ext100=0.000 total100=0.039
[train] 50:51:05<93:31:52, 0.052s/step step= 3522000 episodes= 7338 eps=0.050 replay= 39936 loss=0.00004 ext100=0.000 total100=0.039
[train] 50:52:48<93:30:06, 0.052s/step step= 3524000 episodes= 7342 eps=0.050 replay= 39936 loss=0.00000 ext100=0.000 total100=0.039
[train] 50:54:32<93:28:21, 0.052s/step step= 3526000 episodes= 7346 eps=0.050 replay= 39936 loss=0.00000 ext100=0.000 total100=0.039
[train] 50:56:16<93:26:37, 0.052s/step step= 3528000 episodes= 7350 eps=0.050 replay= 39936 loss=0.00001 ext100=0.000 total100=0.038
[train] 50:57:59<93:24:52, 0.052s/step step= 3530000 episodes= 7354 eps=0.050 replay= 39936 loss=0.00001 ext100=0.000 total100=0.037
[train] 50:59:43<93:23:08, 0.052s/step step= 3532000 episodes= 7359 eps=0.050 replay= 39936 loss=0.00001 ext100=0.000 total100=0.038
[train] 51:01:26<93:21:23, 0.052s/step step= 3534000 episodes= 7363 eps=0.050 replay= 39936 loss=0.00001 ext100=0.000 total100=0.038
[train] 51:03:10<93:19:39, 0.052s/step step= 3536000 episodes= 7367 eps=0.050 replay= 39936 loss=0.00001 ext100=0.000 total100=0.038
[train] 51:04:54<93:17:54, 0.052s/step step= 3538000 episodes= 7371 eps=0.050 replay= 39936 loss=0.00001 ext100=0.000 total100=0.038
[eval] step=3540000 episodes=7375 mean_ext_return=0.000
[train] 51:06:52<93:16:37, 0.052s/step step= 3540000 episodes= 7375 eps=0.050 replay= 39936 loss=0.00001 ext100=0.000 total100=0.038
[train] 51:08:36<93:14:53, 0.052s/step step= 3542000 episodes= 7379 eps=0.050 replay= 39936 loss=0.00001 ext100=0.000 total100=0.037
[train] 51:10:19<93:13:07, 0.052s/step step= 3544000 episodes= 7384 eps=0.050 replay= 39936 loss=0.00001 ext100=0.000 total100=0.036
[train] 51:12:03<93:11:22, 0.052s/step step= 3546000 episodes= 7388 eps=0.050 replay= 39936 loss=0.00001 ext100=0.000 total100=0.035
[train] 51:13:47<93:09:39, 0.052s/step step= 3548000 episodes= 7392 eps=0.050 replay= 39936 loss=0.00001 ext100=0.000 total100=0.035
[train] 51:15:30<93:07:54, 0.052s/step step= 3550000 episodes= 7396 eps=0.050 replay= 39936 loss=0.00001 ext100=0.000 total100=0.034
[train] 51:17:14<93:06:10, 0.052s/step step= 3552000 episodes= 7400 eps=0.050 replay= 39936 loss=0.00000 ext100=0.000 total100=0.034
[train] 51:18:58<93:04:25, 0.052s/step step= 3554000 episodes= 7404 eps=0.050 replay= 39936 loss=0.00001 ext100=0.000 total100=0.034
[train] 51:20:41<93:02:41, 0.052s/step step= 3556000 episodes= 7409 eps=0.050 replay= 39936 loss=0.00001 ext100=0.000 total100=0.033
[train] 51:22:25<93:00:56, 0.052s/step step= 3558000 episodes= 7413 eps=0.050 replay= 39936 loss=0.00000 ext100=0.000 total100=0.032
[eval] step=3560000 episodes=7417 mean_ext_return=0.000
[train] 51:24:24<92:59:38, 0.052s/step step= 3560000 episodes= 7417 eps=0.050 replay= 39936 loss=0.00001 ext100=0.000 total100=0.033
[train] 51:26:07<92:57:54, 0.052s/step step= 3562000 episodes= 7421 eps=0.050 replay= 39936 loss=0.00001 ext100=0.000 total100=0.033
[train] 51:27:50<92:56:09, 0.052s/step step= 3564000 episodes= 7425 eps=0.050 replay= 39936 loss=0.00000 ext100=0.000 total100=0.034
[train] 51:29:34<92:54:24, 0.052s/step step= 3566000 episodes= 7429 eps=0.050 replay= 39936 loss=0.00000 ext100=0.000 total100=0.034
[train] 51:31:18<92:52:40, 0.052s/step step= 3568000 episodes= 7434 eps=0.050 replay= 39936 loss=0.00001 ext100=0.000 total100=0.033
[train] 51:33:02<92:50:55, 0.052s/step step= 3570000 episodes= 7438 eps=0.050 replay= 39936 loss=0.00001 ext100=0.000 total100=0.034
[train] 51:34:46<92:49:11, 0.052s/step step= 3572000 episodes= 7442 eps=0.050 replay= 39936 loss=0.00001 ext100=0.000 total100=0.034
[train] 51:36:29<92:47:27, 0.052s/step step= 3574000 episodes= 7446 eps=0.050 replay= 39936 loss=0.00000 ext100=0.000 total100=0.034
[train] 51:38:13<92:45:42, 0.052s/step step= 3576000 episodes= 7450 eps=0.050 replay= 39936 loss=0.00000 ext100=0.000 total100=0.034
[train] 51:39:57<92:43:58, 0.052s/step step= 3578000 episodes= 7454 eps=0.050 replay= 39936 loss=0.00001 ext100=0.000 total100=0.034
[eval] step=3580000 episodes=7459 mean_ext_return=0.000
[train] 51:41:55<92:42:40, 0.052s/step step= 3580000 episodes= 7459 eps=0.050 replay= 39936 loss=0.00001 ext100=0.000 total100=0.033
[train] 51:43:39<92:40:56, 0.052s/step step= 3582000 episodes= 7463 eps=0.050 replay= 39936 loss=0.00000 ext100=0.000 total100=0.033
[train] 51:45:22<92:39:10, 0.052s/step step= 3584000 episodes= 7467 eps=0.050 replay= 39936 loss=0.00001 ext100=0.000 total100=0.034
[train] 51:47:05<92:37:25, 0.052s/step step= 3586000 episodes= 7471 eps=0.050 replay= 39936 loss=0.00001 ext100=0.000 total100=0.034
[train] 51:48:49<92:35:41, 0.052s/step step= 3588000 episodes= 7475 eps=0.050 replay= 39936 loss=0.00000 ext100=0.000 total100=0.034
[train] 51:50:33<92:33:56, 0.052s/step step= 3590000 episodes= 7479 eps=0.050 replay= 39936 loss=0.00000 ext100=0.000 total100=0.034
[train] 51:52:17<92:32:12, 0.052s/step step= 3592000 episodes= 7484 eps=0.050 replay= 39936 loss=0.00001 ext100=0.000 total100=0.035
[train] 51:54:00<92:30:27, 0.052s/step step= 3594000 episodes= 7488 eps=0.050 replay= 39936 loss=0.00001 ext100=0.000 total100=0.035
[train] 51:55:44<92:28:43, 0.052s/step step= 3596000 episodes= 7492 eps=0.050 replay= 39936 loss=0.00000 ext100=0.000 total100=0.035
[train] 51:57:27<92:26:58, 0.052s/step step= 3598000 episodes= 7496 eps=0.050 replay= 39936 loss=0.00000 ext100=0.000 total100=0.036
[eval] step=3600000 episodes=7500 mean_ext_return=0.000
[train] 51:59:26<92:25:40, 0.052s/step step= 3600000 episodes= 7500 eps=0.050 replay= 39936 loss=0.00001 ext100=0.000 total100=0.035
[train] 52:01:10<92:23:56, 0.052s/step step= 3602000 episodes= 7504 eps=0.050 replay= 39936 loss=0.00001 ext100=0.000 total100=0.036
[train] 52:02:53<92:22:10, 0.052s/step step= 3604000 episodes= 7509 eps=0.050 replay= 39936 loss=0.00000 ext100=0.000 total100=0.037
[train] 52:04:36<92:20:25, 0.052s/step step= 3606000 episodes= 7513 eps=0.050 replay= 39936 loss=0.00000 ext100=0.000 total100=0.038
[train] 52:06:20<92:18:41, 0.052s/step step= 3608000 episodes= 7517 eps=0.050 replay= 39936 loss=0.00000 ext100=0.000 total100=0.038
[train] 52:08:04<92:16:56, 0.052s/step step= 3610000 episodes= 7521 eps=0.050 replay= 39936 loss=0.00001 ext100=0.000 total100=0.037
[train] 52:09:48<92:15:12, 0.052s/step step= 3612000 episodes= 7525 eps=0.050 replay= 39936 loss=0.00000 ext100=0.000 total100=0.038
[train] 52:11:31<92:13:27, 0.052s/step step= 3614000 episodes= 7529 eps=0.050 replay= 39936 loss=0.00000 ext100=0.000 total100=0.036
[train] 52:13:15<92:11:43, 0.052s/step step= 3616000 episodes= 7534 eps=0.050 replay= 39936 loss=0.00001 ext100=0.000 total100=0.036
[train] 52:14:59<92:09:58, 0.052s/step step= 3618000 episodes= 7538 eps=0.050 replay= 39936 loss=0.00002 ext100=0.000 total100=0.036
[eval] step=3620000 episodes=7542 mean_ext_return=0.000
[train] 52:16:57<92:08:40, 0.052s/step step= 3620000 episodes= 7542 eps=0.050 replay= 39936 loss=0.00001 ext100=0.000 total100=0.036
[train] 52:18:41<92:06:56, 0.052s/step step= 3622000 episodes= 7546 eps=0.050 replay= 39936 loss=0.00000 ext100=0.000 total100=0.035
[train] 52:20:24<92:05:10, 0.052s/step step= 3624000 episodes= 7550 eps=0.050 replay= 39936 loss=0.00001 ext100=0.000 total100=0.036
[train] 52:22:07<92:03:25, 0.052s/step step= 3626000 episodes= 7554 eps=0.050 replay= 39936 loss=0.00001 ext100=0.000 total100=0.037
[train] 52:23:51<92:01:41, 0.052s/step step= 3628000 episodes= 7559 eps=0.050 replay= 39936 loss=0.00001 ext100=0.000 total100=0.037
[train] 52:25:35<91:59:56, 0.052s/step step= 3630000 episodes= 7563 eps=0.050 replay= 39936 loss=0.00001 ext100=0.000 total100=0.037
[train] 52:27:19<91:58:12, 0.052s/step step= 3632000 episodes= 7567 eps=0.050 replay= 39936 loss=0.00000 ext100=0.000 total100=0.036
[train] 52:29:02<91:56:27, 0.052s/step step= 3634000 episodes= 7571 eps=0.050 replay= 39936 loss=0.00001 ext100=0.000 total100=0.036
[train] 52:30:46<91:54:43, 0.052s/step step= 3636000 episodes= 7575 eps=0.050 replay= 39936 loss=0.00001 ext100=0.000 total100=0.036
[train] 52:32:29<91:52:58, 0.052s/step step= 3638000 episodes= 7579 eps=0.050 replay= 39936 loss=0.00001 ext100=0.000 total100=0.035
[eval] step=3640000 episodes=7584 mean_ext_return=0.000
[train] 52:34:28<91:51:39, 0.052s/step step= 3640000 episodes= 7584 eps=0.050 replay= 39936 loss=0.00000 ext100=0.000 total100=0.034
[train] 52:36:12<91:49:55, 0.052s/step step= 3642000 episodes= 7588 eps=0.050 replay= 39936 loss=0.00002 ext100=0.000 total100=0.034
[train] 52:37:55<91:48:09, 0.052s/step step= 3644000 episodes= 7592 eps=0.050 replay= 39936 loss=0.00000 ext100=0.000 total100=0.033
[train] 52:39:38<91:46:24, 0.052s/step step= 3646000 episodes= 7596 eps=0.050 replay= 39936 loss=0.00000 ext100=0.000 total100=0.032
[train] 52:41:22<91:44:40, 0.052s/step step= 3648000 episodes= 7600 eps=0.050 replay= 39936 loss=0.00000 ext100=0.000 total100=0.034
[train] 52:43:06<91:42:55, 0.052s/step step= 3650000 episodes= 7604 eps=0.050 replay= 39936 loss=0.00001 ext100=0.000 total100=0.033
[train] 52:44:50<91:41:11, 0.052s/step step= 3652000 episodes= 7609 eps=0.050 replay= 39936 loss=0.00000 ext100=0.000 total100=0.033
[train] 52:46:33<91:39:27, 0.052s/step step= 3654000 episodes= 7613 eps=0.050 replay= 39936 loss=0.00001 ext100=0.000 total100=0.034
[train] 52:48:17<91:37:42, 0.052s/step step= 3656000 episodes= 7617 eps=0.050 replay= 39936 loss=0.00001 ext100=0.000 total100=0.034
[train] 52:50:01<91:35:58, 0.052s/step step= 3658000 episodes= 7621 eps=0.050 replay= 39936 loss=0.00001 ext100=0.000 total100=0.034
[eval] step=3660000 episodes=7625 mean_ext_return=0.000
[train] 52:51:59<91:34:39, 0.052s/step step= 3660000 episodes= 7625 eps=0.050 replay= 39936 loss=0.00000 ext100=0.000 total100=0.033
[train] 52:53:43<91:32:55, 0.052s/step step= 3662000 episodes= 7629 eps=0.050 replay= 39936 loss=0.00000 ext100=0.000 total100=0.034
[train] 52:55:26<91:31:09, 0.052s/step step= 3664000 episodes= 7634 eps=0.050 replay= 39936 loss=0.00000 ext100=0.000 total100=0.035
[train] 52:57:10<91:29:24, 0.052s/step step= 3666000 episodes= 7638 eps=0.050 replay= 39936 loss=0.00001 ext100=0.000 total100=0.035
[train] 52:58:54<91:27:40, 0.052s/step step= 3668000 episodes= 7642 eps=0.050 replay= 39936 loss=0.00000 ext100=0.000 total100=0.034
[train] 53:00:37<91:25:55, 0.052s/step step= 3670000 episodes= 7646 eps=0.050 replay= 39936 loss=0.00000 ext100=0.000 total100=0.035
[train] 53:02:21<91:24:11, 0.052s/step step= 3672000 episodes= 7650 eps=0.050 replay= 39936 loss=0.00001 ext100=0.000 total100=0.035
[train] 53:04:04<91:22:26, 0.052s/step step= 3674000 episodes= 7654 eps=0.050 replay= 39936 loss=0.00001 ext100=0.000 total100=0.033
[train] 53:05:48<91:20:42, 0.052s/step step= 3676000 episodes= 7659 eps=0.050 replay= 39936 loss=0.00000 ext100=0.000 total100=0.034
[train] 53:07:32<91:18:57, 0.052s/step step= 3678000 episodes= 7663 eps=0.050 replay= 39936 loss=0.00001 ext100=0.000 total100=0.034
[eval] step=3680000 episodes=7667 mean_ext_return=0.000
[train] 53:09:30<91:17:38, 0.052s/step step= 3680000 episodes= 7667 eps=0.050 replay= 39936 loss=0.00000 ext100=0.000 total100=0.033
[train] 53:11:14<91:15:54, 0.052s/step step= 3682000 episodes= 7671 eps=0.050 replay= 39936 loss=0.00001 ext100=0.000 total100=0.033
[train] 53:12:57<91:14:08, 0.052s/step step= 3684000 episodes= 7675 eps=0.050 replay= 39936 loss=0.00001 ext100=0.000 total100=0.033
[train] 53:14:41<91:12:23, 0.052s/step step= 3686000 episodes= 7679 eps=0.050 replay= 39936 loss=0.00000 ext100=0.000 total100=0.034
[train] 53:16:25<91:10:39, 0.052s/step step= 3688000 episodes= 7684 eps=0.050 replay= 39936 loss=0.00001 ext100=0.000 total100=0.034
[train] 53:18:08<91:08:54, 0.052s/step step= 3690000 episodes= 7688 eps=0.050 replay= 39936 loss=0.00001 ext100=0.000 total100=0.032
[train] 53:19:52<91:07:10, 0.052s/step step= 3692000 episodes= 7692 eps=0.050 replay= 39936 loss=0.00000 ext100=0.000 total100=0.035
[train] 53:21:35<91:05:25, 0.052s/step step= 3694000 episodes= 7696 eps=0.050 replay= 39936 loss=0.00001 ext100=0.000 total100=0.035
[train] 53:23:19<91:03:41, 0.052s/step step= 3696000 episodes= 7700 eps=0.050 replay= 39936 loss=0.00000 ext100=0.000 total100=0.034
[train] 53:25:03<91:01:56, 0.052s/step step= 3698000 episodes= 7704 eps=0.050 replay= 39936 loss=0.00001 ext100=0.000 total100=0.034
[eval] step=3700000 episodes=7709 mean_ext_return=0.000
[train] 53:27:01<91:00:37, 0.052s/step step= 3700000 episodes= 7709 eps=0.050 replay= 39936 loss=0.00001 ext100=0.000 total100=0.032
[train] 53:28:45<90:58:53, 0.052s/step step= 3702000 episodes= 7713 eps=0.050 replay= 39936 loss=0.00000 ext100=0.000 total100=0.032
[train] 53:30:28<90:57:07, 0.052s/step step= 3704000 episodes= 7717 eps=0.050 replay= 39936 loss=0.00001 ext100=0.000 total100=0.031
[train] 53:32:12<90:55:22, 0.052s/step step= 3706000 episodes= 7721 eps=0.050 replay= 39936 loss=0.00001 ext100=0.000 total100=0.033
[train] 53:33:56<90:53:38, 0.052s/step step= 3708000 episodes= 7725 eps=0.050 replay= 39936 loss=0.00000 ext100=0.000 total100=0.034
[train] 53:35:39<90:51:53, 0.052s/step step= 3710000 episodes= 7729 eps=0.050 replay= 39936 loss=0.00000 ext100=0.000 total100=0.035
[train] 53:37:23<90:50:09, 0.052s/step step= 3712000 episodes= 7734 eps=0.050 replay= 39936 loss=0.00000 ext100=0.000 total100=0.034
[train] 53:39:07<90:48:24, 0.052s/step step= 3714000 episodes= 7738 eps=0.050 replay= 39936 loss=0.00001 ext100=0.000 total100=0.033
[train] 53:40:50<90:46:39, 0.052s/step step= 3716000 episodes= 7742 eps=0.050 replay= 39936 loss=0.00001 ext100=0.000 total100=0.034
[train] 53:42:34<90:44:54, 0.052s/step step= 3718000 episodes= 7746 eps=0.050 replay= 39936 loss=0.00000 ext100=0.000 total100=0.033
[eval] step=3720000 episodes=7750 mean_ext_return=0.000
[train] 53:44:32<90:43:35, 0.052s/step step= 3720000 episodes= 7750 eps=0.050 replay= 39936 loss=0.00000 ext100=0.000 total100=0.034
[train] 53:46:16<90:41:51, 0.052s/step step= 3722000 episodes= 7754 eps=0.050 replay= 39936 loss=0.00001 ext100=0.000 total100=0.034
[train] 53:47:59<90:40:05, 0.052s/step step= 3724000 episodes= 7759 eps=0.050 replay= 39936 loss=0.00000 ext100=0.000 total100=0.034
[train] 53:49:43<90:38:20, 0.052s/step step= 3726000 episodes= 7763 eps=0.050 replay= 39936 loss=0.00001 ext100=0.000 total100=0.033
[train] 53:51:27<90:36:36, 0.052s/step step= 3728000 episodes= 7767 eps=0.050 replay= 39936 loss=0.00000 ext100=0.000 total100=0.034
[train] 53:53:10<90:34:51, 0.052s/step step= 3730000 episodes= 7771 eps=0.050 replay= 39936 loss=0.00001 ext100=0.000 total100=0.034
[train] 53:54:54<90:33:07, 0.052s/step step= 3732000 episodes= 7775 eps=0.050 replay= 39936 loss=0.00000 ext100=0.000 total100=0.034
[train] 53:56:38<90:31:22, 0.052s/step step= 3734000 episodes= 7779 eps=0.050 replay= 39936 loss=0.00000 ext100=0.000 total100=0.035
[train] 53:58:22<90:29:38, 0.052s/step step= 3736000 episodes= 7784 eps=0.050 replay= 39936 loss=0.00000 ext100=0.000 total100=0.034
[train] 54:00:05<90:27:53, 0.052s/step step= 3738000 episodes= 7788 eps=0.050 replay= 39936 loss=0.00001 ext100=0.000 total100=0.036
[eval] step=3740000 episodes=7792 mean_ext_return=0.000
[train] 54:02:04<90:26:33, 0.052s/step step= 3740000 episodes= 7792 eps=0.050 replay= 39936 loss=0.00000 ext100=0.000 total100=0.034
[train] 54:03:48<90:24:49, 0.052s/step step= 3742000 episodes= 7796 eps=0.050 replay= 39936 loss=0.00000 ext100=0.000 total100=0.034
[train] 54:05:31<90:23:04, 0.052s/step step= 3744000 episodes= 7800 eps=0.050 replay= 39936 loss=0.00000 ext100=0.000 total100=0.034
[train] 54:07:14<90:21:19, 0.052s/step step= 3746000 episodes= 7804 eps=0.050 replay= 39936 loss=0.00002 ext100=0.000 total100=0.035
[train] 54:08:58<90:19:35, 0.052s/step step= 3748000 episodes= 7809 eps=0.050 replay= 39936 loss=0.00000 ext100=0.000 total100=0.036
[train] 54:10:42<90:17:50, 0.052s/step step= 3750000 episodes= 7813 eps=0.050 replay= 39936 loss=0.00000 ext100=0.000 total100=0.036
[train] 54:12:26<90:16:06, 0.052s/step step= 3752000 episodes= 7817 eps=0.050 replay= 39936 loss=0.00000 ext100=0.000 total100=0.037
[train] 54:14:09<90:14:21, 0.052s/step step= 3754000 episodes= 7821 eps=0.050 replay= 39936 loss=0.00001 ext100=0.000 total100=0.035
[train] 54:15:53<90:12:37, 0.052s/step step= 3756000 episodes= 7825 eps=0.050 replay= 39936 loss=0.00000 ext100=0.000 total100=0.035
[train] 54:17:37<90:10:52, 0.052s/step step= 3758000 episodes= 7829 eps=0.050 replay= 39936 loss=0.00001 ext100=0.000 total100=0.034
[eval] step=3760000 episodes=7834 mean_ext_return=0.000
[train] 54:19:35<90:09:32, 0.052s/step step= 3760000 episodes= 7834 eps=0.050 replay= 39936 loss=0.00000 ext100=0.000 total100=0.034
[train] 54:21:19<90:07:48, 0.052s/step step= 3762000 episodes= 7838 eps=0.050 replay= 39936 loss=0.00002 ext100=0.000 total100=0.035
[train] 54:23:02<90:06:02, 0.052s/step step= 3764000 episodes= 7842 eps=0.050 replay= 39936 loss=0.00000 ext100=0.000 total100=0.035
[train] 54:24:45<90:04:16, 0.052s/step step= 3766000 episodes= 7846 eps=0.050 replay= 39936 loss=0.00000 ext100=0.000 total100=0.036
[train] 54:26:29<90:02:32, 0.052s/step step= 3768000 episodes= 7850 eps=0.050 replay= 39936 loss=0.00001 ext100=0.000 total100=0.035
[train] 54:28:13<90:00:47, 0.052s/step step= 3770000 episodes= 7854 eps=0.050 replay= 39936 loss=0.00002 ext100=0.000 total100=0.036
[train] 54:29:57<89:59:03, 0.052s/step step= 3772000 episodes= 7859 eps=0.050 replay= 39936 loss=0.00001 ext100=0.000 total100=0.036
[train] 54:31:40<89:57:18, 0.052s/step step= 3774000 episodes= 7863 eps=0.050 replay= 39936 loss=0.00000 ext100=0.000 total100=0.037
[train] 54:33:24<89:55:34, 0.052s/step step= 3776000 episodes= 7867 eps=0.050 replay= 39936 loss=0.00000 ext100=0.000 total100=0.036
[train] 54:35:07<89:53:49, 0.052s/step step= 3778000 episodes= 7871 eps=0.050 replay= 39936 loss=0.00001 ext100=0.000 total100=0.037
[eval] step=3780000 episodes=7875 mean_ext_return=0.000
[train] 54:37:06<89:52:29, 0.052s/step step= 3780000 episodes= 7875 eps=0.050 replay= 39936 loss=0.00001 ext100=0.000 total100=0.037
[train] 54:38:50<89:50:44, 0.052s/step step= 3782000 episodes= 7879 eps=0.050 replay= 39936 loss=0.00000 ext100=0.000 total100=0.038
[train] 54:40:33<89:48:59, 0.052s/step step= 3784000 episodes= 7884 eps=0.050 replay= 39936 loss=0.00000 ext100=0.000 total100=0.039
[train] 54:42:16<89:47:13, 0.052s/step step= 3786000 episodes= 7888 eps=0.050 replay= 39936 loss=0.00000 ext100=0.000 total100=0.039
[train] 54:44:00<89:45:29, 0.052s/step step= 3788000 episodes= 7892 eps=0.050 replay= 39936 loss=0.00000 ext100=0.000 total100=0.038
[train] 54:45:43<89:43:44, 0.052s/step step= 3790000 episodes= 7896 eps=0.050 replay= 39936 loss=0.00000 ext100=0.000 total100=0.038
[train] 54:47:27<89:42:00, 0.052s/step step= 3792000 episodes= 7900 eps=0.050 replay= 39936 loss=0.00001 ext100=0.000 total100=0.038
[train] 54:49:11<89:40:15, 0.052s/step step= 3794000 episodes= 7904 eps=0.050 replay= 39936 loss=0.00001 ext100=0.000 total100=0.040
[train] 54:50:55<89:38:31, 0.052s/step step= 3796000 episodes= 7909 eps=0.050 replay= 39936 loss=0.00000 ext100=0.000 total100=0.039
[train] 54:52:38<89:36:46, 0.052s/step step= 3798000 episodes= 7913 eps=0.050 replay= 39936 loss=0.00000 ext100=0.000 total100=0.039
[eval] step=3800000 episodes=7917 mean_ext_return=0.000
[train] 54:54:37<89:35:26, 0.052s/step step= 3800000 episodes= 7917 eps=0.050 replay= 39936 loss=0.00000 ext100=0.000 total100=0.039
[train] 54:56:21<89:33:42, 0.052s/step step= 3802000 episodes= 7921 eps=0.050 replay= 39936 loss=0.00001 ext100=0.000 total100=0.038
[train] 54:58:04<89:31:56, 0.052s/step step= 3804000 episodes= 7925 eps=0.050 replay= 39936 loss=0.00000 ext100=0.000 total100=0.038
[train] 54:59:47<89:30:11, 0.052s/step step= 3806000 episodes= 7929 eps=0.050 replay= 39936 loss=0.00000 ext100=0.000 total100=0.038
[train] 55:01:31<89:28:26, 0.052s/step step= 3808000 episodes= 7934 eps=0.050 replay= 39936 loss=0.00000 ext100=0.000 total100=0.038
[train] 55:03:14<89:26:41, 0.052s/step step= 3810000 episodes= 7938 eps=0.050 replay= 39936 loss=0.00001 ext100=0.000 total100=0.039
[train] 55:04:58<89:24:57, 0.052s/step step= 3812000 episodes= 7942 eps=0.050 replay= 39936 loss=0.00001 ext100=0.000 total100=0.039
[train] 55:06:42<89:23:12, 0.052s/step step= 3814000 episodes= 7946 eps=0.050 replay= 39936 loss=0.00000 ext100=0.000 total100=0.039
[train] 55:08:26<89:21:28, 0.052s/step step= 3816000 episodes= 7950 eps=0.050 replay= 39936 loss=0.00000 ext100=0.000 total100=0.039
[train] 55:10:09<89:19:43, 0.052s/step step= 3818000 episodes= 7954 eps=0.050 replay= 39936 loss=0.00001 ext100=0.000 total100=0.039
[eval] step=3820000 episodes=7959 mean_ext_return=0.000
[train] 55:12:07<89:18:22, 0.052s/step step= 3820000 episodes= 7959 eps=0.050 replay= 39936 loss=0.00000 ext100=0.000 total100=0.038
[train] 55:13:51<89:16:38, 0.052s/step step= 3822000 episodes= 7963 eps=0.050 replay= 39936 loss=0.00000 ext100=0.000 total100=0.039
[train] 55:15:35<89:14:52, 0.052s/step step= 3824000 episodes= 7967 eps=0.050 replay= 39936 loss=0.00001 ext100=0.000 total100=0.039
[train] 55:17:18<89:13:07, 0.052s/step step= 3826000 episodes= 7971 eps=0.050 replay= 39936 loss=0.00001 ext100=0.000 total100=0.039
[train] 55:19:02<89:11:22, 0.052s/step step= 3828000 episodes= 7975 eps=0.050 replay= 39936 loss=0.00000 ext100=0.000 total100=0.039
[train] 55:20:45<89:09:38, 0.052s/step step= 3830000 episodes= 7979 eps=0.050 replay= 39936 loss=0.00000 ext100=0.000 total100=0.038
[train] 55:22:29<89:07:53, 0.052s/step step= 3832000 episodes= 7984 eps=0.050 replay= 39936 loss=0.00000 ext100=0.000 total100=0.039
[train] 55:24:13<89:06:08, 0.052s/step step= 3834000 episodes= 7988 eps=0.050 replay= 39936 loss=0.00001 ext100=0.000 total100=0.039
[train] 55:25:56<89:04:24, 0.052s/step step= 3836000 episodes= 7992 eps=0.050 replay= 39936 loss=0.00001 ext100=0.000 total100=0.038
[train] 55:27:40<89:02:39, 0.052s/step step= 3838000 episodes= 7996 eps=0.050 replay= 39936 loss=0.00000 ext100=0.000 total100=0.037
[eval] step=3840000 episodes=8000 mean_ext_return=0.000
[train] 55:29:38<89:01:18, 0.052s/step step= 3840000 episodes= 8000 eps=0.050 replay= 39936 loss=0.00001 ext100=0.000 total100=0.038
[train] 55:31:22<88:59:34, 0.052s/step step= 3842000 episodes= 8004 eps=0.050 replay= 39936 loss=0.00002 ext100=0.000 total100=0.037
[train] 55:33:06<88:57:49, 0.052s/step step= 3844000 episodes= 8009 eps=0.050 replay= 39936 loss=0.00000 ext100=0.000 total100=0.037
[train] 55:34:49<88:56:03, 0.052s/step step= 3846000 episodes= 8013 eps=0.050 replay= 39936 loss=0.00000 ext100=0.000 total100=0.037
[train] 55:36:33<88:54:19, 0.052s/step step= 3848000 episodes= 8017 eps=0.050 replay= 39936 loss=0.00001 ext100=0.000 total100=0.039
[train] 55:38:16<88:52:34, 0.052s/step step= 3850000 episodes= 8021 eps=0.050 replay= 39936 loss=0.00001 ext100=0.000 total100=0.040
[train] 55:40:00<88:50:49, 0.052s/step step= 3852000 episodes= 8025 eps=0.050 replay= 39936 loss=0.00000 ext100=0.000 total100=0.040
[train] 55:41:43<88:49:04, 0.052s/step step= 3854000 episodes= 8029 eps=0.050 replay= 39936 loss=0.00000 ext100=0.000 total100=0.040
[train] 55:43:27<88:47:20, 0.052s/step step= 3856000 episodes= 8034 eps=0.050 replay= 39936 loss=0.00000 ext100=0.000 total100=0.039
[train] 55:45:11<88:45:35, 0.052s/step step= 3858000 episodes= 8038 eps=0.050 replay= 39936 loss=0.00001 ext100=0.000 total100=0.038
[eval] step=3860000 episodes=8042 mean_ext_return=0.000
[train] 55:47:09<88:44:14, 0.052s/step step= 3860000 episodes= 8042 eps=0.050 replay= 39936 loss=0.00000 ext100=0.000 total100=0.037
[train] 55:48:53<88:42:30, 0.052s/step step= 3862000 episodes= 8046 eps=0.050 replay= 39936 loss=0.00000 ext100=0.000 total100=0.038
[train] 55:50:37<88:40:45, 0.052s/step step= 3864000 episodes= 8050 eps=0.050 replay= 39936 loss=0.00000 ext100=0.000 total100=0.038
[train] 55:52:20<88:38:59, 0.052s/step step= 3866000 episodes= 8054 eps=0.050 replay= 39936 loss=0.00001 ext100=0.000 total100=0.038
[train] 55:54:04<88:37:15, 0.052s/step step= 3868000 episodes= 8059 eps=0.050 replay= 39936 loss=0.00000 ext100=0.000 total100=0.039
[train] 55:55:47<88:35:30, 0.052s/step step= 3870000 episodes= 8063 eps=0.050 replay= 39936 loss=0.00000 ext100=0.000 total100=0.038
[train] 55:57:31<88:33:46, 0.052s/step step= 3872000 episodes= 8067 eps=0.050 replay= 39936 loss=0.00001 ext100=0.000 total100=0.038
[train] 55:59:14<88:32:01, 0.052s/step step= 3874000 episodes= 8071 eps=0.050 replay= 39936 loss=0.00001 ext100=0.000 total100=0.038
[train] 56:00:58<88:30:17, 0.052s/step step= 3876000 episodes= 8075 eps=0.050 replay= 39936 loss=0.00000 ext100=0.000 total100=0.038
[train] 56:02:42<88:28:32, 0.052s/step step= 3878000 episodes= 8079 eps=0.050 replay= 39936 loss=0.00000 ext100=0.000 total100=0.039
[eval] step=3880000 episodes=8084 mean_ext_return=0.000
[train] 56:04:41<88:27:10, 0.052s/step step= 3880000 episodes= 8084 eps=0.050 replay= 39936 loss=0.00000 ext100=0.000 total100=0.039
[train] 56:06:24<88:25:26, 0.052s/step step= 3882000 episodes= 8088 eps=0.050 replay= 39936 loss=0.00001 ext100=0.000 total100=0.039
[train] 56:08:08<88:23:41, 0.052s/step step= 3884000 episodes= 8092 eps=0.050 replay= 39936 loss=0.00000 ext100=0.000 total100=0.040
[train] 56:09:51<88:21:55, 0.052s/step step= 3886000 episodes= 8096 eps=0.050 replay= 39936 loss=0.00000 ext100=0.000 total100=0.040
[train] 56:11:35<88:20:11, 0.052s/step step= 3888000 episodes= 8100 eps=0.050 replay= 39936 loss=0.00000 ext100=0.000 total100=0.038
[train] 56:13:18<88:18:26, 0.052s/step step= 3890000 episodes= 8104 eps=0.050 replay= 39936 loss=0.00001 ext100=0.000 total100=0.039
[train] 56:15:02<88:16:42, 0.052s/step step= 3892000 episodes= 8109 eps=0.050 replay= 39936 loss=0.00001 ext100=0.000 total100=0.039
[train] 56:16:46<88:14:57, 0.052s/step step= 3894000 episodes= 8113 eps=0.050 replay= 39936 loss=0.00000 ext100=0.000 total100=0.039
[train] 56:18:30<88:13:13, 0.052s/step step= 3896000 episodes= 8117 eps=0.050 replay= 39936 loss=0.00001 ext100=0.000 total100=0.038
[train] 56:20:14<88:11:28, 0.052s/step step= 3898000 episodes= 8121 eps=0.050 replay= 39936 loss=0.00000 ext100=0.000 total100=0.038
[eval] step=3900000 episodes=8125 mean_ext_return=0.000
[train] 56:22:12<88:10:07, 0.052s/step step= 3900000 episodes= 8125 eps=0.050 replay= 39936 loss=0.00000 ext100=0.000 total100=0.038
[train] 56:23:56<88:08:22, 0.052s/step step= 3902000 episodes= 8129 eps=0.050 replay= 39936 loss=0.00000 ext100=0.000 total100=0.038
[train] 56:25:39<88:06:37, 0.052s/step step= 3904000 episodes= 8134 eps=0.050 replay= 39936 loss=0.00001 ext100=0.000 total100=0.039
[train] 56:27:22<88:04:51, 0.052s/step step= 3906000 episodes= 8138 eps=0.050 replay= 39936 loss=0.00001 ext100=0.000 total100=0.040
[train] 56:29:06<88:03:07, 0.052s/step step= 3908000 episodes= 8142 eps=0.050 replay= 39936 loss=0.00000 ext100=0.000 total100=0.041
[train] 56:30:49<88:01:22, 0.052s/step step= 3910000 episodes= 8146 eps=0.050 replay= 39936 loss=0.00000 ext100=0.000 total100=0.040
[train] 56:32:33<87:59:38, 0.052s/step step= 3912000 episodes= 8150 eps=0.050 replay= 39936 loss=0.00001 ext100=0.000 total100=0.040
[train] 56:34:17<87:57:53, 0.052s/step step= 3914000 episodes= 8154 eps=0.050 replay= 39936 loss=0.00001 ext100=0.000 total100=0.039
[train] 56:36:01<87:56:09, 0.052s/step step= 3916000 episodes= 8159 eps=0.050 replay= 39936 loss=0.00000 ext100=0.000 total100=0.039
[train] 56:37:45<87:54:24, 0.052s/step step= 3918000 episodes= 8163 eps=0.050 replay= 39936 loss=0.00000 ext100=0.000 total100=0.039
[eval] step=3920000 episodes=8167 mean_ext_return=0.000
[train] 56:39:43<87:53:02, 0.052s/step step= 3920000 episodes= 8167 eps=0.050 replay= 39936 loss=0.00000 ext100=0.000 total100=0.039
[train] 56:41:27<87:51:17, 0.052s/step step= 3922000 episodes= 8171 eps=0.050 replay= 39936 loss=0.00001 ext100=0.000 total100=0.038
[train] 56:43:10<87:49:33, 0.052s/step step= 3924000 episodes= 8175 eps=0.050 replay= 39936 loss=0.00000 ext100=0.000 total100=0.037
[train] 56:44:53<87:47:47, 0.052s/step step= 3926000 episodes= 8179 eps=0.050 replay= 39936 loss=0.00000 ext100=0.000 total100=0.036
[train] 56:46:37<87:46:03, 0.052s/step step= 3928000 episodes= 8184 eps=0.050 replay= 39936 loss=0.00000 ext100=0.000 total100=0.037
[train] 56:48:21<87:44:18, 0.052s/step step= 3930000 episodes= 8188 eps=0.050 replay= 39936 loss=0.00001 ext100=0.000 total100=0.037
[train] 56:50:05<87:42:33, 0.052s/step step= 3932000 episodes= 8192 eps=0.050 replay= 39936 loss=0.00000 ext100=0.000 total100=0.037
[train] 56:51:48<87:40:49, 0.052s/step step= 3934000 episodes= 8196 eps=0.050 replay= 39936 loss=0.00000 ext100=0.000 total100=0.038
[train] 56:53:32<87:39:04, 0.052s/step step= 3936000 episodes= 8200 eps=0.050 replay= 39936 loss=0.00000 ext100=0.000 total100=0.039
[train] 56:55:16<87:37:20, 0.052s/step step= 3938000 episodes= 8204 eps=0.050 replay= 39936 loss=0.00002 ext100=0.000 total100=0.038
[eval] step=3940000 episodes=8209 mean_ext_return=0.000
[train] 56:57:14<87:35:58, 0.052s/step step= 3940000 episodes= 8209 eps=0.050 replay= 39936 loss=0.00001 ext100=0.000 total100=0.039
[train] 56:58:58<87:34:13, 0.052s/step step= 3942000 episodes= 8213 eps=0.050 replay= 39936 loss=0.00000 ext100=0.000 total100=0.038
[train] 57:00:42<87:32:28, 0.052s/step step= 3944000 episodes= 8217 eps=0.050 replay= 39936 loss=0.00001 ext100=0.000 total100=0.039
[train] 57:02:25<87:30:43, 0.052s/step step= 3946000 episodes= 8221 eps=0.050 replay= 39936 loss=0.00004 ext100=0.000 total100=0.038
[train] 57:04:09<87:28:59, 0.052s/step step= 3948000 episodes= 8225 eps=0.050 replay= 39936 loss=0.00000 ext100=0.000 total100=0.038
[train] 57:05:53<87:27:14, 0.052s/step step= 3950000 episodes= 8229 eps=0.050 replay= 39936 loss=0.00000 ext100=0.000 total100=0.037
[train] 57:07:37<87:25:30, 0.052s/step step= 3952000 episodes= 8234 eps=0.050 replay= 39936 loss=0.00000 ext100=0.000 total100=0.037
[train] 57:09:20<87:23:45, 0.052s/step step= 3954000 episodes= 8238 eps=0.050 replay= 39936 loss=0.00002 ext100=0.000 total100=0.038
[train] 57:11:04<87:22:00, 0.052s/step step= 3956000 episodes= 8242 eps=0.050 replay= 39936 loss=0.00001 ext100=0.000 total100=0.037
[train] 57:12:48<87:20:16, 0.052s/step step= 3958000 episodes= 8246 eps=0.050 replay= 39936 loss=0.00001 ext100=0.000 total100=0.037
[eval] step=3960000 episodes=8250 mean_ext_return=0.000
[train] 57:14:46<87:18:53, 0.052s/step step= 3960000 episodes= 8250 eps=0.050 replay= 39936 loss=0.00000 ext100=0.000 total100=0.037
[train] 57:16:30<87:17:09, 0.052s/step step= 3962000 episodes= 8254 eps=0.050 replay= 39936 loss=0.00002 ext100=0.000 total100=0.038
[train] 57:18:13<87:15:24, 0.052s/step step= 3964000 episodes= 8259 eps=0.050 replay= 39936 loss=0.00001 ext100=0.000 total100=0.038
[train] 57:19:56<87:13:38, 0.052s/step step= 3966000 episodes= 8263 eps=0.050 replay= 39936 loss=0.00001 ext100=0.000 total100=0.037
[train] 57:21:40<87:11:54, 0.052s/step step= 3968000 episodes= 8267 eps=0.050 replay= 39936 loss=0.00000 ext100=0.000 total100=0.037
[train] 57:23:24<87:10:09, 0.052s/step step= 3970000 episodes= 8271 eps=0.050 replay= 39936 loss=0.00001 ext100=0.000 total100=0.038
[train] 57:25:09<87:08:26, 0.052s/step step= 3972000 episodes= 8275 eps=0.050 replay= 39936 loss=0.00000 ext100=0.000 total100=0.039
[train] 57:26:52<87:06:41, 0.052s/step step= 3974000 episodes= 8279 eps=0.050 replay= 39936 loss=0.00000 ext100=0.000 total100=0.039
[train] 57:28:36<87:04:57, 0.052s/step step= 3976000 episodes= 8284 eps=0.050 replay= 39936 loss=0.00000 ext100=0.000 total100=0.037
[train] 57:30:20<87:03:12, 0.052s/step step= 3978000 episodes= 8288 eps=0.050 replay= 39936 loss=0.00001 ext100=0.000 total100=0.038
[eval] step=3980000 episodes=8292 mean_ext_return=0.000
[train] 57:32:18<87:01:50, 0.052s/step step= 3980000 episodes= 8292 eps=0.050 replay= 39936 loss=0.00001 ext100=0.000 total100=0.036
[train] 57:34:02<87:00:05, 0.052s/step step= 3982000 episodes= 8296 eps=0.050 replay= 39936 loss=0.00000 ext100=0.000 total100=0.037
[train] 57:35:46<86:58:20, 0.052s/step step= 3984000 episodes= 8300 eps=0.050 replay= 39936 loss=0.00000 ext100=0.000 total100=0.037
[train] 57:37:29<86:56:35, 0.052s/step step= 3986000 episodes= 8304 eps=0.050 replay= 39936 loss=0.00001 ext100=0.000 total100=0.037
[train] 57:39:13<86:54:51, 0.052s/step step= 3988000 episodes= 8309 eps=0.050 replay= 39936 loss=0.00000 ext100=0.000 total100=0.037
[train] 57:40:56<86:53:05, 0.052s/step step= 3990000 episodes= 8313 eps=0.050 replay= 39936 loss=0.00001 ext100=0.000 total100=0.036
[train] 57:42:40<86:51:21, 0.052s/step step= 3992000 episodes= 8317 eps=0.050 replay= 39936 loss=0.00000 ext100=0.000 total100=0.035
[train] 57:44:23<86:49:36, 0.052s/step step= 3994000 episodes= 8321 eps=0.050 replay= 39936 loss=0.00002 ext100=0.000 total100=0.035
[train] 57:46:07<86:47:52, 0.052s/step step= 3996000 episodes= 8325 eps=0.050 replay= 39936 loss=0.00000 ext100=0.000 total100=0.034
[train] 57:47:51<86:46:07, 0.052s/step step= 3998000 episodes= 8329 eps=0.050 replay= 39936 loss=0.00001 ext100=0.000 total100=0.035
[eval] step=4000000 episodes=8334 mean_ext_return=0.000
[train] 57:49:49<86:44:44, 0.052s/step step= 4000000 episodes= 8334 eps=0.050 replay= 39936 loss=0.00000 ext100=0.000 total100=0.035
[train] 57:51:33<86:43:00, 0.052s/step step= 4002000 episodes= 8338 eps=0.050 replay= 39936 loss=0.00001 ext100=0.000 total100=0.035
[train] 57:53:17<86:41:15, 0.052s/step step= 4004000 episodes= 8342 eps=0.050 replay= 39936 loss=0.00000 ext100=0.000 total100=0.035
[train] 57:55:00<86:39:29, 0.052s/step step= 4006000 episodes= 8346 eps=0.050 replay= 39936 loss=0.00001 ext100=0.000 total100=0.037
[train] 57:56:44<86:37:45, 0.052s/step step= 4008000 episodes= 8350 eps=0.050 replay= 39936 loss=0.00000 ext100=0.000 total100=0.037
[train] 57:58:27<86:36:00, 0.052s/step step= 4010000 episodes= 8354 eps=0.050 replay= 39936 loss=0.00001 ext100=0.000 total100=0.037
[train] 58:00:11<86:34:15, 0.052s/step step= 4012000 episodes= 8359 eps=0.050 replay= 39936 loss=0.00000 ext100=0.000 total100=0.036
[train] 58:01:55<86:32:30, 0.052s/step step= 4014000 episodes= 8363 eps=0.050 replay= 39936 loss=0.00000 ext100=0.000 total100=0.038
[train] 58:03:39<86:30:46, 0.052s/step step= 4016000 episodes= 8367 eps=0.050 replay= 39936 loss=0.00000 ext100=0.000 total100=0.039
[train] 58:05:22<86:29:02, 0.052s/step step= 4018000 episodes= 8371 eps=0.050 replay= 39936 loss=0.00001 ext100=0.000 total100=0.039
[eval] step=4020000 episodes=8375 mean_ext_return=0.000
[train] 58:07:21<86:27:39, 0.052s/step step= 4020000 episodes= 8375 eps=0.050 replay= 39936 loss=0.00000 ext100=0.000 total100=0.036
[train] 58:09:05<86:25:54, 0.052s/step step= 4022000 episodes= 8379 eps=0.050 replay= 39936 loss=0.00000 ext100=0.000 total100=0.036
[train] 58:10:48<86:24:09, 0.052s/step step= 4024000 episodes= 8384 eps=0.050 replay= 39936 loss=0.00000 ext100=0.000 total100=0.036
[train] 58:12:31<86:22:24, 0.052s/step step= 4026000 episodes= 8388 eps=0.050 replay= 39936 loss=0.00002 ext100=0.000 total100=0.035
[train] 58:14:15<86:20:39, 0.052s/step step= 4028000 episodes= 8392 eps=0.050 replay= 39936 loss=0.00001 ext100=0.000 total100=0.036
[train] 58:15:58<86:18:54, 0.052s/step step= 4030000 episodes= 8396 eps=0.050 replay= 39936 loss=0.00000 ext100=0.000 total100=0.035
[train] 58:17:42<86:17:10, 0.052s/step step= 4032000 episodes= 8400 eps=0.050 replay= 39936 loss=0.00001 ext100=0.000 total100=0.036
[train] 58:19:26<86:15:25, 0.052s/step step= 4034000 episodes= 8404 eps=0.050 replay= 39936 loss=0.00001 ext100=0.000 total100=0.036
[train] 58:21:10<86:13:40, 0.052s/step step= 4036000 episodes= 8409 eps=0.050 replay= 39936 loss=0.00000 ext100=0.000 total100=0.035
[train] 58:22:54<86:11:56, 0.052s/step step= 4038000 episodes= 8413 eps=0.050 replay= 39936 loss=0.00001 ext100=0.000 total100=0.036
[eval] step=4040000 episodes=8417 mean_ext_return=0.000
[train] 58:24:52<86:10:33, 0.052s/step step= 4040000 episodes= 8417 eps=0.050 replay= 39936 loss=0.00001 ext100=0.000 total100=0.037
[train] 58:26:36<86:08:48, 0.052s/step step= 4042000 episodes= 8421 eps=0.050 replay= 39936 loss=0.00001 ext100=0.000 total100=0.036
[train] 58:28:19<86:07:03, 0.052s/step step= 4044000 episodes= 8425 eps=0.050 replay= 39936 loss=0.00000 ext100=0.000 total100=0.037
[train] 58:30:02<86:05:17, 0.052s/step step= 4046000 episodes= 8429 eps=0.050 replay= 39936 loss=0.00000 ext100=0.000 total100=0.036
[train] 58:31:46<86:03:33, 0.052s/step step= 4048000 episodes= 8434 eps=0.050 replay= 39936 loss=0.00000 ext100=0.000 total100=0.035
[train] 58:33:30<86:01:48, 0.052s/step step= 4050000 episodes= 8438 eps=0.050 replay= 39936 loss=0.00001 ext100=0.000 total100=0.035
[train] 58:35:14<86:00:04, 0.052s/step step= 4052000 episodes= 8442 eps=0.050 replay= 39936 loss=0.00000 ext100=0.000 total100=0.034
[train] 58:36:57<85:58:19, 0.052s/step step= 4054000 episodes= 8446 eps=0.050 replay= 39936 loss=0.00000 ext100=0.000 total100=0.033
[train] 58:38:41<85:56:34, 0.052s/step step= 4056000 episodes= 8450 eps=0.050 replay= 39936 loss=0.00000 ext100=0.000 total100=0.032
[train] 58:40:25<85:54:50, 0.052s/step step= 4058000 episodes= 8454 eps=0.050 replay= 39936 loss=0.00001 ext100=0.000 total100=0.030
[eval] step=4060000 episodes=8459 mean_ext_return=0.000
[train] 58:42:23<85:53:27, 0.052s/step step= 4060000 episodes= 8459 eps=0.050 replay= 39936 loss=0.00000 ext100=0.000 total100=0.031
[train] 58:44:07<85:51:42, 0.052s/step step= 4062000 episodes= 8463 eps=0.050 replay= 39936 loss=0.00000 ext100=0.000 total100=0.030
[train] 58:45:50<85:49:57, 0.052s/step step= 4064000 episodes= 8467 eps=0.050 replay= 39936 loss=0.00000 ext100=0.000 total100=0.029
[train] 58:47:33<85:48:11, 0.052s/step step= 4066000 episodes= 8471 eps=0.050 replay= 39936 loss=0.00001 ext100=0.000 total100=0.030
[train] 58:49:17<85:46:27, 0.052s/step step= 4068000 episodes= 8475 eps=0.050 replay= 39936 loss=0.00000 ext100=0.000 total100=0.032
[train] 58:51:01<85:44:42, 0.052s/step step= 4070000 episodes= 8479 eps=0.050 replay= 39936 loss=0.00000 ext100=0.000 total100=0.031
[train] 58:52:45<85:42:57, 0.052s/step step= 4072000 episodes= 8484 eps=0.050 replay= 39936 loss=0.00000 ext100=0.000 total100=0.032
[train] 58:54:28<85:41:12, 0.052s/step step= 4074000 episodes= 8488 eps=0.050 replay= 39936 loss=0.00000 ext100=0.000 total100=0.030
[train] 58:56:12<85:39:28, 0.052s/step step= 4076000 episodes= 8492 eps=0.050 replay= 39936 loss=0.00000 ext100=0.000 total100=0.029
[train] 58:57:56<85:37:44, 0.052s/step step= 4078000 episodes= 8496 eps=0.050 replay= 39936 loss=0.00001 ext100=0.000 total100=0.030
[eval] step=4080000 episodes=8500 mean_ext_return=0.000
[train] 58:59:54<85:36:20, 0.052s/step step= 4080000 episodes= 8500 eps=0.050 replay= 39936 loss=0.00000 ext100=0.000 total100=0.030
[train] 59:01:38<85:34:35, 0.052s/step step= 4082000 episodes= 8504 eps=0.050 replay= 39936 loss=0.00001 ext100=0.000 total100=0.029
[train] 59:03:21<85:32:50, 0.052s/step step= 4084000 episodes= 8509 eps=0.050 replay= 39936 loss=0.00000 ext100=0.000 total100=0.029
[train] 59:05:04<85:31:04, 0.052s/step step= 4086000 episodes= 8513 eps=0.050 replay= 39936 loss=0.00000 ext100=0.000 total100=0.029
[train] 59:06:48<85:29:20, 0.052s/step step= 4088000 episodes= 8517 eps=0.050 replay= 39936 loss=0.00000 ext100=0.000 total100=0.029
[train] 59:08:32<85:27:35, 0.052s/step step= 4090000 episodes= 8521 eps=0.050 replay= 39936 loss=0.00001 ext100=0.000 total100=0.029
[train] 59:10:16<85:25:51, 0.052s/step step= 4092000 episodes= 8525 eps=0.050 replay= 39936 loss=0.00000 ext100=0.000 total100=0.029
[train] 59:11:59<85:24:06, 0.052s/step step= 4094000 episodes= 8529 eps=0.050 replay= 39936 loss=0.00000 ext100=0.000 total100=0.029
[train] 59:13:43<85:22:22, 0.052s/step step= 4096000 episodes= 8534 eps=0.050 replay= 39936 loss=0.00001 ext100=0.000 total100=0.029
[train] 59:15:27<85:20:37, 0.052s/step step= 4098000 episodes= 8538 eps=0.050 replay= 39936 loss=0.00002 ext100=0.000 total100=0.029
[eval] step=4100000 episodes=8542 mean_ext_return=0.000
[train] 59:17:26<85:19:14, 0.052s/step step= 4100000 episodes= 8542 eps=0.050 replay= 39936 loss=0.00000 ext100=0.000 total100=0.030
[train] 59:19:09<85:17:29, 0.052s/step step= 4102000 episodes= 8546 eps=0.050 replay= 39936 loss=0.00000 ext100=0.000 total100=0.030
[train] 59:20:53<85:15:44, 0.052s/step step= 4104000 episodes= 8550 eps=0.050 replay= 39936 loss=0.00001 ext100=0.000 total100=0.031
[train] 59:22:36<85:13:58, 0.052s/step step= 4106000 episodes= 8554 eps=0.050 replay= 39936 loss=0.00001 ext100=0.000 total100=0.033
[train] 59:24:20<85:12:14, 0.052s/step step= 4108000 episodes= 8559 eps=0.050 replay= 39936 loss=0.00001 ext100=0.000 total100=0.033
[train] 59:26:03<85:10:29, 0.052s/step step= 4110000 episodes= 8563 eps=0.050 replay= 39936 loss=0.00001 ext100=0.000 total100=0.033
[train] 59:27:47<85:08:44, 0.052s/step step= 4112000 episodes= 8567 eps=0.050 replay= 39936 loss=0.00000 ext100=0.000 total100=0.033
[train] 59:29:31<85:06:59, 0.052s/step step= 4114000 episodes= 8571 eps=0.050 replay= 39936 loss=0.00002 ext100=0.000 total100=0.033
[train] 59:31:15<85:05:15, 0.052s/step step= 4116000 episodes= 8575 eps=0.050 replay= 39936 loss=0.00001 ext100=0.000 total100=0.033
[train] 59:32:58<85:03:31, 0.052s/step step= 4118000 episodes= 8579 eps=0.050 replay= 39936 loss=0.00001 ext100=0.000 total100=0.033
[eval] step=4120000 episodes=8584 mean_ext_return=0.000
[train] 59:34:57<85:02:07, 0.052s/step step= 4120000 episodes= 8584 eps=0.050 replay= 39936 loss=0.00000 ext100=0.000 total100=0.033
[train] 59:36:41<85:00:22, 0.052s/step step= 4122000 episodes= 8588 eps=0.050 replay= 39936 loss=0.00001 ext100=0.000 total100=0.035
[train] 59:38:24<84:58:37, 0.052s/step step= 4124000 episodes= 8592 eps=0.050 replay= 39936 loss=0.00001 ext100=0.000 total100=0.037
[train] 59:40:07<84:56:51, 0.052s/step step= 4126000 episodes= 8596 eps=0.050 replay= 39936 loss=0.00001 ext100=0.000 total100=0.036
[train] 59:41:51<84:55:07, 0.052s/step step= 4128000 episodes= 8600 eps=0.050 replay= 39936 loss=0.00000 ext100=0.000 total100=0.037
[train] 59:43:35<84:53:22, 0.052s/step step= 4130000 episodes= 8604 eps=0.050 replay= 39936 loss=0.00001 ext100=0.000 total100=0.037
[train] 59:45:19<84:51:38, 0.052s/step step= 4132000 episodes= 8609 eps=0.050 replay= 39936 loss=0.00001 ext100=0.000 total100=0.038
[train] 59:47:02<84:49:53, 0.052s/step step= 4134000 episodes= 8613 eps=0.050 replay= 39936 loss=0.00001 ext100=0.000 total100=0.038
[train] 59:48:46<84:48:08, 0.052s/step step= 4136000 episodes= 8617 eps=0.050 replay= 39936 loss=0.00001 ext100=0.000 total100=0.038
[train] 59:50:30<84:46:24, 0.052s/step step= 4138000 episodes= 8621 eps=0.050 replay= 39936 loss=0.00001 ext100=0.000 total100=0.038
[eval] step=4140000 episodes=8625 mean_ext_return=0.000
[train] 59:52:28<84:45:00, 0.052s/step step= 4140000 episodes= 8625 eps=0.050 replay= 39936 loss=0.00001 ext100=0.000 total100=0.038
[train] 59:54:12<84:43:15, 0.052s/step step= 4142000 episodes= 8629 eps=0.050 replay= 39936 loss=0.00000 ext100=0.000 total100=0.037
[train] 59:55:55<84:41:30, 0.052s/step step= 4144000 episodes= 8634 eps=0.050 replay= 39936 loss=0.00001 ext100=0.000 total100=0.036
[train] 59:57:38<84:39:44, 0.052s/step step= 4146000 episodes= 8638 eps=0.050 replay= 39936 loss=0.00002 ext100=0.000 total100=0.038
[train] 59:59:22<84:38:00, 0.052s/step step= 4148000 episodes= 8642 eps=0.050 replay= 39936 loss=0.00001 ext100=0.000 total100=0.038
[train] 60:01:06<84:36:15, 0.052s/step step= 4150000 episodes= 8646 eps=0.050 replay= 39936 loss=0.00000 ext100=0.000 total100=0.038
[train] 60:02:50<84:34:30, 0.052s/step step= 4152000 episodes= 8650 eps=0.050 replay= 39936 loss=0.00000 ext100=0.000 total100=0.038
[train] 60:04:33<84:32:45, 0.052s/step step= 4154000 episodes= 8654 eps=0.050 replay= 39936 loss=0.00002 ext100=0.000 total100=0.037
[train] 60:06:17<84:31:01, 0.052s/step step= 4156000 episodes= 8659 eps=0.050 replay= 39936 loss=0.00000 ext100=0.000 total100=0.036
[train] 60:08:01<84:29:17, 0.052s/step step= 4158000 episodes= 8663 eps=0.050 replay= 39936 loss=0.00000 ext100=0.000 total100=0.035
[eval] step=4160000 episodes=8667 mean_ext_return=0.000
[train] 60:10:00<84:27:53, 0.052s/step step= 4160000 episodes= 8667 eps=0.050 replay= 39936 loss=0.00001 ext100=0.000 total100=0.036
[train] 60:11:43<84:26:08, 0.052s/step step= 4162000 episodes= 8671 eps=0.050 replay= 39936 loss=0.00001 ext100=0.000 total100=0.036
[train] 60:13:27<84:24:23, 0.052s/step step= 4164000 episodes= 8675 eps=0.050 replay= 39936 loss=0.00000 ext100=0.000 total100=0.036
[train] 60:15:10<84:22:37, 0.052s/step step= 4166000 episodes= 8679 eps=0.050 replay= 39936 loss=0.00000 ext100=0.000 total100=0.035
[train] 60:16:54<84:20:53, 0.052s/step step= 4168000 episodes= 8684 eps=0.050 replay= 39936 loss=0.00000 ext100=0.000 total100=0.037
[train] 60:18:37<84:19:08, 0.052s/step step= 4170000 episodes= 8688 eps=0.050 replay= 39936 loss=0.00001 ext100=0.000 total100=0.036
[train] 60:20:21<84:17:23, 0.052s/step step= 4172000 episodes= 8692 eps=0.050 replay= 39936 loss=0.00000 ext100=0.000 total100=0.036
[train] 60:22:05<84:15:38, 0.052s/step step= 4174000 episodes= 8696 eps=0.050 replay= 39936 loss=0.00001 ext100=0.000 total100=0.036
[train] 60:23:49<84:13:54, 0.052s/step step= 4176000 episodes= 8700 eps=0.050 replay= 39936 loss=0.00000 ext100=0.000 total100=0.037
[train] 60:25:32<84:12:09, 0.052s/step step= 4178000 episodes= 8704 eps=0.050 replay= 39936 loss=0.00001 ext100=0.000 total100=0.038
[eval] step=4180000 episodes=8709 mean_ext_return=0.000
[train] 60:27:31<84:10:45, 0.052s/step step= 4180000 episodes= 8709 eps=0.050 replay= 39936 loss=0.00000 ext100=0.000 total100=0.037
[train] 60:29:14<84:09:00, 0.052s/step step= 4182000 episodes= 8713 eps=0.050 replay= 39936 loss=0.00000 ext100=0.000 total100=0.036
[train] 60:30:58<84:07:15, 0.052s/step step= 4184000 episodes= 8717 eps=0.050 replay= 39936 loss=0.00000 ext100=0.000 total100=0.035
[train] 60:32:41<84:05:29, 0.052s/step step= 4186000 episodes= 8721 eps=0.050 replay= 39936 loss=0.00001 ext100=0.000 total100=0.036
[train] 60:34:25<84:03:45, 0.052s/step step= 4188000 episodes= 8725 eps=0.050 replay= 39936 loss=0.00000 ext100=0.000 total100=0.035
[train] 60:36:08<84:02:00, 0.052s/step step= 4190000 episodes= 8729 eps=0.050 replay= 39936 loss=0.00001 ext100=0.000 total100=0.037
[train] 60:37:52<84:00:15, 0.052s/step step= 4192000 episodes= 8734 eps=0.050 replay= 39936 loss=0.00001 ext100=0.000 total100=0.038
[train] 60:39:36<83:58:30, 0.052s/step step= 4194000 episodes= 8738 eps=0.050 replay= 39936 loss=0.00001 ext100=0.000 total100=0.037
[train] 60:41:19<83:56:46, 0.052s/step step= 4196000 episodes= 8742 eps=0.050 replay= 39936 loss=0.00000 ext100=0.000 total100=0.035
[train] 60:43:03<83:55:01, 0.052s/step step= 4198000 episodes= 8746 eps=0.050 replay= 39936 loss=0.00000 ext100=0.000 total100=0.035
[eval] step=4200000 episodes=8750 mean_ext_return=0.000
[train] 60:45:02<83:53:37, 0.052s/step step= 4200000 episodes= 8750 eps=0.050 replay= 39936 loss=0.00001 ext100=0.000 total100=0.035
[train] 60:46:45<83:51:52, 0.052s/step step= 4202000 episodes= 8754 eps=0.050 replay= 39936 loss=0.00001 ext100=0.000 total100=0.037
[train] 60:48:29<83:50:07, 0.052s/step step= 4204000 episodes= 8759 eps=0.050 replay= 39936 loss=0.00001 ext100=0.000 total100=0.039
[train] 60:50:12<83:48:22, 0.052s/step step= 4206000 episodes= 8763 eps=0.050 replay= 39936 loss=0.00001 ext100=0.000 total100=0.040
[train] 60:51:56<83:46:37, 0.052s/step step= 4208000 episodes= 8767 eps=0.050 replay= 39936 loss=0.00001 ext100=0.000 total100=0.038
[train] 60:53:39<83:44:52, 0.052s/step step= 4210000 episodes= 8771 eps=0.050 replay= 39936 loss=0.00002 ext100=0.000 total100=0.038
[train] 60:55:23<83:43:08, 0.052s/step step= 4212000 episodes= 8775 eps=0.050 replay= 39936 loss=0.00001 ext100=0.000 total100=0.038
[train] 60:57:07<83:41:23, 0.052s/step step= 4214000 episodes= 8779 eps=0.050 replay= 39936 loss=0.00001 ext100=0.000 total100=0.039
[train] 60:58:51<83:39:38, 0.052s/step step= 4216000 episodes= 8784 eps=0.050 replay= 39936 loss=0.00000 ext100=0.000 total100=0.036
[train] 61:00:35<83:37:54, 0.052s/step step= 4218000 episodes= 8788 eps=0.050 replay= 39936 loss=0.00001 ext100=0.000 total100=0.036
[eval] step=4220000 episodes=8792 mean_ext_return=0.000
[train] 61:02:33<83:36:29, 0.052s/step step= 4220000 episodes= 8792 eps=0.050 replay= 39936 loss=0.00001 ext100=0.000 total100=0.034
[train] 61:04:17<83:34:44, 0.052s/step step= 4222000 episodes= 8796 eps=0.050 replay= 39936 loss=0.00001 ext100=0.000 total100=0.033
[train] 61:06:00<83:32:59, 0.052s/step step= 4224000 episodes= 8800 eps=0.050 replay= 39936 loss=0.00001 ext100=0.000 total100=0.031
[train] 61:07:43<83:31:14, 0.052s/step step= 4226000 episodes= 8804 eps=0.050 replay= 39936 loss=0.00001 ext100=0.000 total100=0.030
[train] 61:09:27<83:29:29, 0.052s/step step= 4228000 episodes= 8809 eps=0.050 replay= 39936 loss=0.00001 ext100=0.000 total100=0.031
[train] 61:11:11<83:27:44, 0.052s/step step= 4230000 episodes= 8813 eps=0.050 replay= 39936 loss=0.00001 ext100=0.000 total100=0.032
[train] 61:12:55<83:26:00, 0.052s/step step= 4232000 episodes= 8817 eps=0.050 replay= 39936 loss=0.00001 ext100=0.000 total100=0.032
[train] 61:14:38<83:24:15, 0.052s/step step= 4234000 episodes= 8821 eps=0.050 replay= 39936 loss=0.00001 ext100=0.000 total100=0.032
[train] 61:16:22<83:22:30, 0.052s/step step= 4236000 episodes= 8825 eps=0.050 replay= 39936 loss=0.00000 ext100=0.000 total100=0.032
[train] 61:18:06<83:20:46, 0.052s/step step= 4238000 episodes= 8829 eps=0.050 replay= 39936 loss=0.00001 ext100=0.000 total100=0.033
[eval] step=4240000 episodes=8834 mean_ext_return=0.000
[train] 61:20:05<83:19:21, 0.052s/step step= 4240000 episodes= 8834 eps=0.050 replay= 39936 loss=0.00001 ext100=0.000 total100=0.033
[train] 61:21:48<83:17:36, 0.052s/step step= 4242000 episodes= 8838 eps=0.050 replay= 39936 loss=0.00001 ext100=0.000 total100=0.032
[train] 61:23:32<83:15:51, 0.052s/step step= 4244000 episodes= 8842 eps=0.050 replay= 39936 loss=0.00001 ext100=0.000 total100=0.034
[train] 61:25:15<83:14:06, 0.052s/step step= 4246000 episodes= 8846 eps=0.050 replay= 39936 loss=0.00001 ext100=0.000 total100=0.035
[train] 61:26:59<83:12:21, 0.052s/step step= 4248000 episodes= 8850 eps=0.050 replay= 39936 loss=0.00000 ext100=0.000 total100=0.033
[train] 61:28:42<83:10:36, 0.052s/step step= 4250000 episodes= 8854 eps=0.050 replay= 39936 loss=0.00002 ext100=0.000 total100=0.032
[train] 61:30:26<83:08:52, 0.052s/step step= 4252000 episodes= 8859 eps=0.050 replay= 39936 loss=0.00001 ext100=0.000 total100=0.029
[train] 61:32:10<83:07:07, 0.052s/step step= 4254000 episodes= 8863 eps=0.050 replay= 39936 loss=0.00000 ext100=0.000 total100=0.029
[train] 61:33:54<83:05:22, 0.052s/step step= 4256000 episodes= 8867 eps=0.050 replay= 39936 loss=0.00000 ext100=0.000 total100=0.030
[train] 61:35:37<83:03:38, 0.052s/step step= 4258000 episodes= 8871 eps=0.050 replay= 39936 loss=0.00001 ext100=0.000 total100=0.029
[eval] step=4260000 episodes=8875 mean_ext_return=0.000
[train] 61:37:36<83:02:13, 0.052s/step step= 4260000 episodes= 8875 eps=0.050 replay= 39936 loss=0.00001 ext100=0.000 total100=0.030
[train] 61:39:19<83:00:28, 0.052s/step step= 4262000 episodes= 8879 eps=0.050 replay= 39936 loss=0.00000 ext100=0.000 total100=0.030
[train] 61:41:03<82:58:43, 0.052s/step step= 4264000 episodes= 8884 eps=0.050 replay= 39936 loss=0.00000 ext100=0.000 total100=0.031
[train] 61:42:46<82:56:57, 0.052s/step step= 4266000 episodes= 8888 eps=0.050 replay= 39936 loss=0.00002 ext100=0.000 total100=0.032
[train] 61:44:30<82:55:13, 0.052s/step step= 4268000 episodes= 8892 eps=0.050 replay= 39936 loss=0.00001 ext100=0.000 total100=0.033
[train] 61:46:14<82:53:28, 0.052s/step step= 4270000 episodes= 8896 eps=0.050 replay= 39936 loss=0.00000 ext100=0.000 total100=0.034
[train] 61:47:58<82:51:43, 0.052s/step step= 4272000 episodes= 8900 eps=0.050 replay= 39936 loss=0.00000 ext100=0.000 total100=0.036
[train] 61:49:41<82:49:58, 0.052s/step step= 4274000 episodes= 8904 eps=0.050 replay= 39936 loss=0.00002 ext100=0.000 total100=0.037
[train] 61:51:25<82:48:14, 0.052s/step step= 4276000 episodes= 8909 eps=0.050 replay= 39936 loss=0.00000 ext100=0.000 total100=0.037
[train] 61:53:09<82:46:30, 0.052s/step step= 4278000 episodes= 8913 eps=0.050 replay= 39936 loss=0.00000 ext100=0.000 total100=0.036
[eval] step=4280000 episodes=8917 mean_ext_return=0.000
[train] 61:55:08<82:45:05, 0.052s/step step= 4280000 episodes= 8917 eps=0.050 replay= 39936 loss=0.00001 ext100=0.000 total100=0.037
[train] 61:56:51<82:43:20, 0.052s/step step= 4282000 episodes= 8921 eps=0.050 replay= 39936 loss=0.00002 ext100=0.000 total100=0.038
[train] 61:58:35<82:41:35, 0.052s/step step= 4284000 episodes= 8925 eps=0.050 replay= 39936 loss=0.00000 ext100=0.000 total100=0.039
[train] 62:00:18<82:39:49, 0.052s/step step= 4286000 episodes= 8929 eps=0.050 replay= 39936 loss=0.00001 ext100=0.000 total100=0.039
[train] 62:02:02<82:38:04, 0.052s/step step= 4288000 episodes= 8934 eps=0.050 replay= 39936 loss=0.00000 ext100=0.000 total100=0.039
[train] 62:03:45<82:36:19, 0.052s/step step= 4290000 episodes= 8938 eps=0.050 replay= 39936 loss=0.00001 ext100=0.000 total100=0.038
[train] 62:05:29<82:34:35, 0.052s/step step= 4292000 episodes= 8942 eps=0.050 replay= 39936 loss=0.00000 ext100=0.000 total100=0.038
[train] 62:07:12<82:32:50, 0.052s/step step= 4294000 episodes= 8946 eps=0.050 replay= 39936 loss=0.00001 ext100=0.000 total100=0.037
[train] 62:08:56<82:31:05, 0.052s/step step= 4296000 episodes= 8950 eps=0.050 replay= 39936 loss=0.00001 ext100=0.000 total100=0.039
[train] 62:10:40<82:29:21, 0.052s/step step= 4298000 episodes= 8954 eps=0.050 replay= 39936 loss=0.00001 ext100=0.000 total100=0.039
[eval] step=4300000 episodes=8959 mean_ext_return=0.000
[train] 62:12:39<82:27:56, 0.052s/step step= 4300000 episodes= 8959 eps=0.050 replay= 39936 loss=0.00000 ext100=0.000 total100=0.040
[train] 62:14:22<82:26:11, 0.052s/step step= 4302000 episodes= 8963 eps=0.050 replay= 39936 loss=0.00001 ext100=0.000 total100=0.040
[train] 62:16:06<82:24:26, 0.052s/step step= 4304000 episodes= 8967 eps=0.050 replay= 39936 loss=0.00000 ext100=0.000 total100=0.041
[train] 62:17:49<82:22:40, 0.052s/step step= 4306000 episodes= 8971 eps=0.050 replay= 39936 loss=0.00001 ext100=0.000 total100=0.041
[train] 62:19:33<82:20:55, 0.052s/step step= 4308000 episodes= 8975 eps=0.050 replay= 39936 loss=0.00001 ext100=0.000 total100=0.040
[train] 62:21:16<82:19:10, 0.052s/step step= 4310000 episodes= 8979 eps=0.050 replay= 39936 loss=0.00000 ext100=0.000 total100=0.042
[train] 62:23:00<82:17:26, 0.052s/step step= 4312000 episodes= 8984 eps=0.050 replay= 39936 loss=0.00000 ext100=0.000 total100=0.041
[train] 62:24:44<82:15:41, 0.052s/step step= 4314000 episodes= 8988 eps=0.050 replay= 39936 loss=0.00001 ext100=0.000 total100=0.041
[train] 62:26:28<82:13:56, 0.052s/step step= 4316000 episodes= 8992 eps=0.050 replay= 39936 loss=0.00000 ext100=0.000 total100=0.042
[train] 62:28:11<82:12:12, 0.052s/step step= 4318000 episodes= 8996 eps=0.050 replay= 39936 loss=0.00001 ext100=0.000 total100=0.042
[eval] step=4320000 episodes=9000 mean_ext_return=0.000
[train] 62:30:10<82:10:47, 0.052s/step step= 4320000 episodes= 9000 eps=0.050 replay= 39936 loss=0.00002 ext100=0.000 total100=0.040
[train] 62:31:53<82:09:01, 0.052s/step step= 4322000 episodes= 9004 eps=0.050 replay= 39936 loss=0.00002 ext100=0.000 total100=0.039
[train] 62:33:37<82:07:16, 0.052s/step step= 4324000 episodes= 9009 eps=0.050 replay= 39936 loss=0.00000 ext100=0.000 total100=0.037
[train] 62:35:20<82:05:31, 0.052s/step step= 4326000 episodes= 9013 eps=0.050 replay= 39936 loss=0.00000 ext100=0.000 total100=0.038
[train] 62:37:04<82:03:46, 0.052s/step step= 4328000 episodes= 9017 eps=0.050 replay= 39936 loss=0.00001 ext100=0.000 total100=0.037
[train] 62:38:47<82:02:01, 0.052s/step step= 4330000 episodes= 9021 eps=0.050 replay= 39936 loss=0.00002 ext100=0.000 total100=0.036
[train] 62:40:31<82:00:16, 0.052s/step step= 4332000 episodes= 9025 eps=0.050 replay= 39936 loss=0.00001 ext100=0.000 total100=0.035
[train] 62:42:14<81:58:31, 0.052s/step step= 4334000 episodes= 9029 eps=0.050 replay= 39936 loss=0.00000 ext100=0.000 total100=0.035
[train] 62:43:58<81:56:47, 0.052s/step step= 4336000 episodes= 9034 eps=0.050 replay= 39936 loss=0.00000 ext100=0.000 total100=0.036
[train] 62:45:42<81:55:02, 0.052s/step step= 4338000 episodes= 9038 eps=0.050 replay= 39936 loss=0.00002 ext100=0.000 total100=0.036
[eval] step=4340000 episodes=9042 mean_ext_return=0.000
[train] 62:47:41<81:53:37, 0.052s/step step= 4340000 episodes= 9042 eps=0.050 replay= 39936 loss=0.00001 ext100=0.000 total100=0.039
[train] 62:49:24<81:51:51, 0.052s/step step= 4342000 episodes= 9046 eps=0.050 replay= 39936 loss=0.00000 ext100=0.000 total100=0.040
[train] 62:51:08<81:50:06, 0.052s/step step= 4344000 episodes= 9050 eps=0.050 replay= 39936 loss=0.00000 ext100=0.000 total100=0.039
[train] 62:52:51<81:48:21, 0.052s/step step= 4346000 episodes= 9054 eps=0.050 replay= 39936 loss=0.00001 ext100=0.000 total100=0.039
[train] 62:54:34<81:46:36, 0.052s/step step= 4348000 episodes= 9059 eps=0.050 replay= 39936 loss=0.00000 ext100=0.000 total100=0.039
[train] 62:56:18<81:44:51, 0.052s/step step= 4350000 episodes= 9063 eps=0.050 replay= 39936 loss=0.00000 ext100=0.000 total100=0.038
[train] 62:58:02<81:43:06, 0.052s/step step= 4352000 episodes= 9067 eps=0.050 replay= 39936 loss=0.00001 ext100=0.000 total100=0.038
[train] 62:59:45<81:41:21, 0.052s/step step= 4354000 episodes= 9071 eps=0.050 replay= 39936 loss=0.00001 ext100=0.000 total100=0.038
[train] 63:01:29<81:39:37, 0.052s/step step= 4356000 episodes= 9075 eps=0.050 replay= 39936 loss=0.00000 ext100=0.000 total100=0.039
[train] 63:03:13<81:37:52, 0.052s/step step= 4358000 episodes= 9079 eps=0.050 replay= 39936 loss=0.00000 ext100=0.000 total100=0.039
[eval] step=4360000 episodes=9084 mean_ext_return=0.000
[train] 63:05:12<81:36:27, 0.052s/step step= 4360000 episodes= 9084 eps=0.050 replay= 39936 loss=0.00000 ext100=0.000 total100=0.040
[train] 63:06:55<81:34:42, 0.052s/step step= 4362000 episodes= 9088 eps=0.050 replay= 39936 loss=0.00002 ext100=0.000 total100=0.040
[train] 63:08:39<81:32:57, 0.052s/step step= 4364000 episodes= 9092 eps=0.050 replay= 39936 loss=0.00001 ext100=0.000 total100=0.040
[train] 63:10:21<81:31:11, 0.052s/step step= 4366000 episodes= 9096 eps=0.050 replay= 39936 loss=0.00001 ext100=0.000 total100=0.040
[train] 63:12:05<81:29:26, 0.052s/step step= 4368000 episodes= 9100 eps=0.050 replay= 39936 loss=0.00001 ext100=0.000 total100=0.041
[train] 63:13:49<81:27:41, 0.052s/step step= 4370000 episodes= 9104 eps=0.050 replay= 39936 loss=0.00002 ext100=0.000 total100=0.040
[train] 63:15:33<81:25:57, 0.052s/step step= 4372000 episodes= 9109 eps=0.050 replay= 39936 loss=0.00001 ext100=0.000 total100=0.043
[train] 63:17:16<81:24:12, 0.052s/step step= 4374000 episodes= 9113 eps=0.050 replay= 39936 loss=0.00001 ext100=0.000 total100=0.042
[train] 63:19:00<81:22:27, 0.052s/step step= 4376000 episodes= 9117 eps=0.050 replay= 39936 loss=0.00001 ext100=0.000 total100=0.043
[train] 63:20:44<81:20:43, 0.052s/step step= 4378000 episodes= 9121 eps=0.050 replay= 39936 loss=0.00004 ext100=0.000 total100=0.044
[eval] step=4380000 episodes=9125 mean_ext_return=0.000
[train] 63:22:43<81:19:17, 0.052s/step step= 4380000 episodes= 9125 eps=0.050 replay= 39936 loss=0.00001 ext100=0.000 total100=0.044
[train] 63:24:26<81:17:32, 0.052s/step step= 4382000 episodes= 9129 eps=0.050 replay= 39936 loss=0.00000 ext100=0.000 total100=0.042
[train] 63:26:10<81:15:47, 0.052s/step step= 4384000 episodes= 9134 eps=0.050 replay= 39936 loss=0.00000 ext100=0.000 total100=0.041
[train] 63:27:53<81:14:01, 0.052s/step step= 4386000 episodes= 9138 eps=0.050 replay= 39936 loss=0.00001 ext100=0.000 total100=0.041
[train] 63:29:37<81:12:17, 0.052s/step step= 4388000 episodes= 9142 eps=0.050 replay= 39936 loss=0.00000 ext100=0.000 total100=0.039
[train] 63:31:20<81:10:32, 0.052s/step step= 4390000 episodes= 9146 eps=0.050 replay= 39936 loss=0.00001 ext100=0.000 total100=0.039
[train] 63:33:04<81:08:47, 0.052s/step step= 4392000 episodes= 9150 eps=0.050 replay= 39936 loss=0.00001 ext100=0.000 total100=0.040
[train] 63:34:48<81:07:02, 0.052s/step step= 4394000 episodes= 9154 eps=0.050 replay= 39936 loss=0.00002 ext100=0.000 total100=0.041
[train] 63:36:32<81:05:18, 0.052s/step step= 4396000 episodes= 9159 eps=0.050 replay= 39936 loss=0.00001 ext100=0.000 total100=0.041
[train] 63:38:16<81:03:33, 0.052s/step step= 4398000 episodes= 9163 eps=0.050 replay= 39936 loss=0.00001 ext100=0.000 total100=0.040
[eval] step=4400000 episodes=9167 mean_ext_return=0.000
[train] 63:40:14<81:02:07, 0.052s/step step= 4400000 episodes= 9167 eps=0.050 replay= 39936 loss=0.00000 ext100=0.000 total100=0.040
[train] 63:41:58<81:00:22, 0.052s/step step= 4402000 episodes= 9171 eps=0.050 replay= 39936 loss=0.00002 ext100=0.000 total100=0.040
[train] 63:43:41<80:58:37, 0.052s/step step= 4404000 episodes= 9175 eps=0.050 replay= 39936 loss=0.00000 ext100=0.000 total100=0.039
[train] 63:45:24<80:56:52, 0.052s/step step= 4406000 episodes= 9179 eps=0.050 replay= 39936 loss=0.00001 ext100=0.000 total100=0.038
[train] 63:47:08<80:55:07, 0.052s/step step= 4408000 episodes= 9184 eps=0.050 replay= 39936 loss=0.00001 ext100=0.000 total100=0.037
[train] 63:48:52<80:53:22, 0.052s/step step= 4410000 episodes= 9188 eps=0.050 replay= 39936 loss=0.00001 ext100=0.000 total100=0.037
[train] 63:50:36<80:51:38, 0.052s/step step= 4412000 episodes= 9192 eps=0.050 replay= 39936 loss=0.00000 ext100=0.000 total100=0.037
[train] 63:52:19<80:49:53, 0.052s/step step= 4414000 episodes= 9196 eps=0.050 replay= 39936 loss=0.00000 ext100=0.000 total100=0.036
[train] 63:54:03<80:48:08, 0.052s/step step= 4416000 episodes= 9200 eps=0.050 replay= 39936 loss=0.00000 ext100=0.000 total100=0.035
[train] 63:55:47<80:46:24, 0.052s/step step= 4418000 episodes= 9204 eps=0.050 replay= 39936 loss=0.00001 ext100=0.000 total100=0.035
[eval] step=4420000 episodes=9209 mean_ext_return=0.000
[train] 63:57:46<80:44:58, 0.052s/step step= 4420000 episodes= 9209 eps=0.050 replay= 39936 loss=0.00000 ext100=0.000 total100=0.035
[train] 63:59:29<80:43:12, 0.052s/step step= 4422000 episodes= 9213 eps=0.050 replay= 39936 loss=0.00001 ext100=0.000 total100=0.036
[train] 64:01:13<80:41:27, 0.052s/step step= 4424000 episodes= 9217 eps=0.050 replay= 39936 loss=0.00001 ext100=0.000 total100=0.035
[train] 64:02:56<80:39:42, 0.052s/step step= 4426000 episodes= 9221 eps=0.050 replay= 39936 loss=0.00002 ext100=0.000 total100=0.035
[train] 64:04:40<80:37:57, 0.052s/step step= 4428000 episodes= 9225 eps=0.050 replay= 39936 loss=0.00000 ext100=0.000 total100=0.034
[train] 64:06:23<80:36:12, 0.052s/step step= 4430000 episodes= 9229 eps=0.050 replay= 39936 loss=0.00000 ext100=0.000 total100=0.035
[train] 64:08:07<80:34:28, 0.052s/step step= 4432000 episodes= 9234 eps=0.050 replay= 39936 loss=0.00001 ext100=0.000 total100=0.035
[train] 64:09:51<80:32:43, 0.052s/step step= 4434000 episodes= 9238 eps=0.050 replay= 39936 loss=0.00001 ext100=0.000 total100=0.035
[train] 64:11:35<80:30:58, 0.052s/step step= 4436000 episodes= 9242 eps=0.050 replay= 39936 loss=0.00000 ext100=0.000 total100=0.035
[train] 64:13:19<80:29:14, 0.052s/step step= 4438000 episodes= 9246 eps=0.050 replay= 39936 loss=0.00000 ext100=0.000 total100=0.034
[eval] step=4440000 episodes=9250 mean_ext_return=0.000
[train] 64:15:17<80:27:47, 0.052s/step step= 4440000 episodes= 9250 eps=0.050 replay= 39936 loss=0.00000 ext100=0.000 total100=0.033
[train] 64:17:01<80:26:02, 0.052s/step step= 4442000 episodes= 9254 eps=0.050 replay= 39936 loss=0.00001 ext100=0.000 total100=0.032
[train] 64:18:44<80:24:17, 0.052s/step step= 4444000 episodes= 9259 eps=0.050 replay= 39936 loss=0.00000 ext100=0.000 total100=0.032
[train] 64:20:27<80:22:31, 0.052s/step step= 4446000 episodes= 9263 eps=0.050 replay= 39936 loss=0.00001 ext100=0.000 total100=0.033
[train] 64:22:11<80:20:47, 0.052s/step step= 4448000 episodes= 9267 eps=0.050 replay= 39936 loss=0.00000 ext100=0.000 total100=0.032
[train] 64:23:54<80:19:02, 0.052s/step step= 4450000 episodes= 9271 eps=0.050 replay= 39936 loss=0.00003 ext100=0.000 total100=0.032
[train] 64:25:38<80:17:17, 0.052s/step step= 4452000 episodes= 9275 eps=0.050 replay= 39936 loss=0.00001 ext100=0.000 total100=0.032
[train] 64:27:22<80:15:32, 0.052s/step step= 4454000 episodes= 9279 eps=0.050 replay= 39936 loss=0.00001 ext100=0.000 total100=0.032
[train] 64:29:06<80:13:48, 0.052s/step step= 4456000 episodes= 9284 eps=0.050 replay= 39936 loss=0.00000 ext100=0.000 total100=0.033
[train] 64:30:49<80:12:03, 0.052s/step step= 4458000 episodes= 9288 eps=0.050 replay= 39936 loss=0.00002 ext100=0.000 total100=0.033
[eval] step=4460000 episodes=9292 mean_ext_return=0.000
[train] 64:32:48<80:10:37, 0.052s/step step= 4460000 episodes= 9292 eps=0.050 replay= 39936 loss=0.00000 ext100=0.000 total100=0.033
[train] 64:34:32<80:08:52, 0.052s/step step= 4462000 episodes= 9296 eps=0.050 replay= 39936 loss=0.00000 ext100=0.000 total100=0.033
[train] 64:36:15<80:07:07, 0.052s/step step= 4464000 episodes= 9300 eps=0.050 replay= 39936 loss=0.00000 ext100=0.000 total100=0.033
[train] 64:37:58<80:05:21, 0.052s/step step= 4466000 episodes= 9304 eps=0.050 replay= 39936 loss=0.00001 ext100=0.000 total100=0.033
[train] 64:39:42<80:03:36, 0.052s/step step= 4468000 episodes= 9309 eps=0.050 replay= 39936 loss=0.00001 ext100=0.000 total100=0.031
[train] 64:41:25<80:01:51, 0.052s/step step= 4470000 episodes= 9313 eps=0.050 replay= 39936 loss=0.00000 ext100=0.000 total100=0.031
[train] 64:43:09<80:00:06, 0.052s/step step= 4472000 episodes= 9317 eps=0.050 replay= 39936 loss=0.00001 ext100=0.000 total100=0.032
[train] 64:44:53<79:58:21, 0.052s/step step= 4474000 episodes= 9321 eps=0.050 replay= 39936 loss=0.00001 ext100=0.000 total100=0.032
[train] 64:46:37<79:56:37, 0.052s/step step= 4476000 episodes= 9325 eps=0.050 replay= 39936 loss=0.00000 ext100=0.000 total100=0.034
[train] 64:48:20<79:54:52, 0.052s/step step= 4478000 episodes= 9329 eps=0.050 replay= 39936 loss=0.00001 ext100=0.000 total100=0.033
[eval] step=4480000 episodes=9334 mean_ext_return=0.000
[train] 64:50:19<79:53:26, 0.052s/step step= 4480000 episodes= 9334 eps=0.050 replay= 39936 loss=0.00001 ext100=0.000 total100=0.034
[train] 64:52:02<79:51:41, 0.052s/step step= 4482000 episodes= 9338 eps=0.050 replay= 39936 loss=0.00002 ext100=0.000 total100=0.034
[train] 64:53:46<79:49:55, 0.052s/step step= 4484000 episodes= 9342 eps=0.050 replay= 39936 loss=0.00001 ext100=0.000 total100=0.034
[train] 64:55:29<79:48:10, 0.052s/step step= 4486000 episodes= 9346 eps=0.050 replay= 39936 loss=0.00001 ext100=0.000 total100=0.034
[train] 64:57:13<79:46:25, 0.052s/step step= 4488000 episodes= 9350 eps=0.050 replay= 39936 loss=0.00001 ext100=0.000 total100=0.033
[train] 64:58:56<79:44:40, 0.052s/step step= 4490000 episodes= 9354 eps=0.050 replay= 39936 loss=0.00001 ext100=0.000 total100=0.033
[train] 65:00:40<79:42:55, 0.052s/step step= 4492000 episodes= 9359 eps=0.050 replay= 39936 loss=0.00001 ext100=0.000 total100=0.033
[train] 65:02:23<79:41:10, 0.052s/step step= 4494000 episodes= 9363 eps=0.050 replay= 39936 loss=0.00001 ext100=0.000 total100=0.034
[train] 65:04:07<79:39:25, 0.052s/step step= 4496000 episodes= 9367 eps=0.050 replay= 39936 loss=0.00001 ext100=0.000 total100=0.035
[train] 65:05:51<79:37:41, 0.052s/step step= 4498000 episodes= 9371 eps=0.050 replay= 39936 loss=0.00002 ext100=0.000 total100=0.035
[eval] step=4500000 episodes=9375 mean_ext_return=0.000
[train] 65:07:50<79:36:14, 0.052s/step step= 4500000 episodes= 9375 eps=0.050 replay= 39936 loss=0.00001 ext100=0.000 total100=0.035
[train] 65:09:33<79:34:29, 0.052s/step step= 4502000 episodes= 9379 eps=0.050 replay= 39936 loss=0.00001 ext100=0.000 total100=0.036
[train] 65:11:17<79:32:44, 0.052s/step step= 4504000 episodes= 9384 eps=0.050 replay= 39936 loss=0.00000 ext100=0.000 total100=0.036
[train] 65:13:00<79:30:58, 0.052s/step step= 4506000 episodes= 9388 eps=0.050 replay= 39936 loss=0.00001 ext100=0.000 total100=0.035
[train] 65:14:44<79:29:14, 0.052s/step step= 4508000 episodes= 9392 eps=0.050 replay= 39936 loss=0.00001 ext100=0.000 total100=0.035
[train] 65:16:27<79:27:28, 0.052s/step step= 4510000 episodes= 9396 eps=0.050 replay= 39936 loss=0.00000 ext100=0.000 total100=0.036
[train] 65:18:11<79:25:44, 0.052s/step step= 4512000 episodes= 9400 eps=0.050 replay= 39936 loss=0.00002 ext100=0.000 total100=0.037
[train] 65:19:54<79:23:59, 0.052s/step step= 4514000 episodes= 9404 eps=0.050 replay= 39936 loss=0.00003 ext100=0.000 total100=0.038
[train] 65:21:38<79:22:14, 0.052s/step step= 4516000 episodes= 9409 eps=0.050 replay= 39936 loss=0.00001 ext100=0.000 total100=0.038
[train] 65:23:22<79:20:30, 0.052s/step step= 4518000 episodes= 9413 eps=0.050 replay= 39936 loss=0.00001 ext100=0.000 total100=0.037
[eval] step=4520000 episodes=9417 mean_ext_return=0.000
[train] 65:25:21<79:19:03, 0.052s/step step= 4520000 episodes= 9417 eps=0.050 replay= 39936 loss=0.00001 ext100=0.000 total100=0.036
[train] 65:27:04<79:17:18, 0.052s/step step= 4522000 episodes= 9421 eps=0.050 replay= 39936 loss=0.00002 ext100=0.000 total100=0.036
[train] 65:28:48<79:15:33, 0.052s/step step= 4524000 episodes= 9425 eps=0.050 replay= 39936 loss=0.00001 ext100=0.000 total100=0.035
[train] 65:30:31<79:13:47, 0.052s/step step= 4526000 episodes= 9429 eps=0.050 replay= 39936 loss=0.00001 ext100=0.000 total100=0.036
[train] 65:32:15<79:12:03, 0.052s/step step= 4528000 episodes= 9434 eps=0.050 replay= 39936 loss=0.00001 ext100=0.000 total100=0.036
[train] 65:33:58<79:10:18, 0.052s/step step= 4530000 episodes= 9438 eps=0.050 replay= 39936 loss=0.00001 ext100=0.000 total100=0.037
[train] 65:35:42<79:08:33, 0.052s/step step= 4532000 episodes= 9442 eps=0.050 replay= 39936 loss=0.00001 ext100=0.000 total100=0.036
[train] 65:37:25<79:06:48, 0.052s/step step= 4534000 episodes= 9446 eps=0.050 replay= 39936 loss=0.00001 ext100=0.000 total100=0.037
[train] 65:39:09<79:05:03, 0.052s/step step= 4536000 episodes= 9450 eps=0.050 replay= 39936 loss=0.00001 ext100=0.000 total100=0.039
[train] 65:40:53<79:03:19, 0.052s/step step= 4538000 episodes= 9454 eps=0.050 replay= 39936 loss=0.00002 ext100=0.000 total100=0.040
[eval] step=4540000 episodes=9459 mean_ext_return=0.000
[train] 65:42:52<79:01:52, 0.052s/step step= 4540000 episodes= 9459 eps=0.050 replay= 39936 loss=0.00001 ext100=0.000 total100=0.039
[train] 65:44:35<79:00:06, 0.052s/step step= 4542000 episodes= 9463 eps=0.050 replay= 39936 loss=0.00001 ext100=0.000 total100=0.038
[train] 65:46:19<78:58:21, 0.052s/step step= 4544000 episodes= 9467 eps=0.050 replay= 39936 loss=0.00001 ext100=0.000 total100=0.037
[train] 65:48:02<78:56:36, 0.052s/step step= 4546000 episodes= 9471 eps=0.050 replay= 39936 loss=0.00002 ext100=0.000 total100=0.037
[train] 65:49:46<78:54:51, 0.052s/step step= 4548000 episodes= 9475 eps=0.050 replay= 39936 loss=0.00000 ext100=0.000 total100=0.036
[train] 65:51:29<78:53:06, 0.052s/step step= 4550000 episodes= 9479 eps=0.050 replay= 39936 loss=0.00001 ext100=0.000 total100=0.036
[train] 65:53:13<78:51:21, 0.052s/step step= 4552000 episodes= 9484 eps=0.050 replay= 39936 loss=0.00001 ext100=0.000 total100=0.036
[train] 65:54:56<78:49:36, 0.052s/step step= 4554000 episodes= 9488 eps=0.050 replay= 39936 loss=0.00002 ext100=0.000 total100=0.036
[train] 65:56:40<78:47:52, 0.052s/step step= 4556000 episodes= 9492 eps=0.050 replay= 39936 loss=0.00001 ext100=0.000 total100=0.035
[train] 65:58:24<78:46:07, 0.052s/step step= 4558000 episodes= 9496 eps=0.050 replay= 39936 loss=0.00001 ext100=0.000 total100=0.034
[eval] step=4560000 episodes=9500 mean_ext_return=0.000
[train] 66:00:23<78:44:40, 0.052s/step step= 4560000 episodes= 9500 eps=0.050 replay= 39936 loss=0.00001 ext100=0.000 total100=0.034
[train] 66:02:06<78:42:54, 0.052s/step step= 4562000 episodes= 9504 eps=0.050 replay= 39936 loss=0.00001 ext100=0.000 total100=0.034
[train] 66:03:49<78:41:09, 0.052s/step step= 4564000 episodes= 9509 eps=0.050 replay= 39936 loss=0.00001 ext100=0.000 total100=0.034
[train] 66:05:32<78:39:24, 0.052s/step step= 4566000 episodes= 9513 eps=0.050 replay= 39936 loss=0.00001 ext100=0.000 total100=0.034
[train] 66:07:16<78:37:39, 0.052s/step step= 4568000 episodes= 9517 eps=0.050 replay= 39936 loss=0.00001 ext100=0.000 total100=0.034
[train] 66:09:00<78:35:54, 0.052s/step step= 4570000 episodes= 9521 eps=0.050 replay= 39936 loss=0.00001 ext100=0.000 total100=0.034
[train] 66:10:44<78:34:09, 0.052s/step step= 4572000 episodes= 9525 eps=0.050 replay= 39936 loss=0.00001 ext100=0.000 total100=0.031
[train] 66:12:27<78:32:24, 0.052s/step step= 4574000 episodes= 9529 eps=0.050 replay= 39936 loss=0.00000 ext100=0.000 total100=0.030
[train] 66:14:11<78:30:39, 0.052s/step step= 4576000 episodes= 9534 eps=0.050 replay= 39936 loss=0.00001 ext100=0.000 total100=0.031
[train] 66:15:55<78:28:55, 0.052s/step step= 4578000 episodes= 9538 eps=0.050 replay= 39936 loss=0.00001 ext100=0.000 total100=0.030
[eval] step=4580000 episodes=9542 mean_ext_return=0.000
[train] 66:17:54<78:27:28, 0.052s/step step= 4580000 episodes= 9542 eps=0.050 replay= 39936 loss=0.00000 ext100=0.000 total100=0.030
[train] 66:19:37<78:25:43, 0.052s/step step= 4582000 episodes= 9546 eps=0.050 replay= 39936 loss=0.00001 ext100=0.000 total100=0.031
[train] 66:21:20<78:23:57, 0.052s/step step= 4584000 episodes= 9550 eps=0.050 replay= 39936 loss=0.00000 ext100=0.000 total100=0.030
[train] 66:23:03<78:22:12, 0.052s/step step= 4586000 episodes= 9554 eps=0.050 replay= 39936 loss=0.00000 ext100=0.000 total100=0.029
[train] 66:24:47<78:20:27, 0.052s/step step= 4588000 episodes= 9559 eps=0.050 replay= 39936 loss=0.00000 ext100=0.000 total100=0.028
[train] 66:26:31<78:18:42, 0.052s/step step= 4590000 episodes= 9563 eps=0.050 replay= 39936 loss=0.00000 ext100=0.000 total100=0.028
[train] 66:28:15<78:16:57, 0.052s/step step= 4592000 episodes= 9567 eps=0.050 replay= 39936 loss=0.00000 ext100=0.000 total100=0.026
[train] 66:29:58<78:15:12, 0.052s/step step= 4594000 episodes= 9571 eps=0.050 replay= 39936 loss=0.00001 ext100=0.000 total100=0.026
[train] 66:31:42<78:13:28, 0.052s/step step= 4596000 episodes= 9575 eps=0.050 replay= 39936 loss=0.00000 ext100=0.000 total100=0.026
[train] 66:33:26<78:11:43, 0.052s/step step= 4598000 episodes= 9579 eps=0.050 replay= 39936 loss=0.00001 ext100=0.000 total100=0.026
[eval] step=4600000 episodes=9584 mean_ext_return=0.000
[train] 66:35:25<78:10:16, 0.052s/step step= 4600000 episodes= 9584 eps=0.050 replay= 39936 loss=0.00000 ext100=0.000 total100=0.026
[train] 66:37:08<78:08:31, 0.052s/step step= 4602000 episodes= 9588 eps=0.050 replay= 39936 loss=0.00000 ext100=0.000 total100=0.026
[train] 66:38:51<78:06:45, 0.052s/step step= 4604000 episodes= 9592 eps=0.050 replay= 39936 loss=0.00001 ext100=0.000 total100=0.026
[train] 66:40:34<78:05:00, 0.052s/step step= 4606000 episodes= 9596 eps=0.050 replay= 39936 loss=0.00000 ext100=0.000 total100=0.027
[train] 66:42:18<78:03:15, 0.052s/step step= 4608000 episodes= 9600 eps=0.050 replay= 39936 loss=0.00001 ext100=0.000 total100=0.027
[train] 66:44:02<78:01:30, 0.052s/step step= 4610000 episodes= 9604 eps=0.050 replay= 39936 loss=0.00001 ext100=0.000 total100=0.026
[train] 66:45:46<77:59:46, 0.052s/step step= 4612000 episodes= 9609 eps=0.050 replay= 39936 loss=0.00000 ext100=0.000 total100=0.025
[train] 66:47:29<77:58:01, 0.052s/step step= 4614000 episodes= 9613 eps=0.050 replay= 39936 loss=0.00000 ext100=0.000 total100=0.026
[train] 66:49:13<77:56:16, 0.052s/step step= 4616000 episodes= 9617 eps=0.050 replay= 39936 loss=0.00000 ext100=0.000 total100=0.026
[train] 66:50:57<77:54:32, 0.052s/step step= 4618000 episodes= 9621 eps=0.050 replay= 39936 loss=0.00001 ext100=0.000 total100=0.026
[eval] step=4620000 episodes=9625 mean_ext_return=0.000
[train] 66:52:56<77:53:04, 0.052s/step step= 4620000 episodes= 9625 eps=0.050 replay= 39936 loss=0.00000 ext100=0.000 total100=0.028
[train] 66:54:39<77:51:19, 0.052s/step step= 4622000 episodes= 9629 eps=0.050 replay= 39936 loss=0.00001 ext100=0.000 total100=0.029
[train] 66:56:23<77:49:34, 0.052s/step step= 4624000 episodes= 9634 eps=0.050 replay= 39936 loss=0.00001 ext100=0.000 total100=0.028
[train] 66:58:06<77:47:48, 0.052s/step step= 4626000 episodes= 9638 eps=0.050 replay= 39936 loss=0.00001 ext100=0.000 total100=0.028
[train] 66:59:50<77:46:03, 0.052s/step step= 4628000 episodes= 9642 eps=0.050 replay= 39936 loss=0.00000 ext100=0.000 total100=0.027
[train] 67:01:33<77:44:18, 0.052s/step step= 4630000 episodes= 9646 eps=0.050 replay= 39936 loss=0.00001 ext100=0.000 total100=0.027
[train] 67:03:17<77:42:34, 0.052s/step step= 4632000 episodes= 9650 eps=0.050 replay= 39936 loss=0.00000 ext100=0.000 total100=0.025
[train] 67:05:00<77:40:49, 0.052s/step step= 4634000 episodes= 9654 eps=0.050 replay= 39936 loss=0.00001 ext100=0.000 total100=0.026
[train] 67:06:44<77:39:04, 0.052s/step step= 4636000 episodes= 9659 eps=0.050 replay= 39936 loss=0.00001 ext100=0.000 total100=0.025
[train] 67:08:28<77:37:20, 0.052s/step step= 4638000 episodes= 9663 eps=0.050 replay= 39936 loss=0.00000 ext100=0.000 total100=0.026
[eval] step=4640000 episodes=9667 mean_ext_return=0.000
[train] 67:10:27<77:35:52, 0.052s/step step= 4640000 episodes= 9667 eps=0.050 replay= 39936 loss=0.00000 ext100=0.000 total100=0.029
[train] 67:12:10<77:34:07, 0.052s/step step= 4642000 episodes= 9671 eps=0.050 replay= 39936 loss=0.00001 ext100=0.000 total100=0.029
[train] 67:13:54<77:32:21, 0.052s/step step= 4644000 episodes= 9675 eps=0.050 replay= 39936 loss=0.00001 ext100=0.000 total100=0.029
[train] 67:15:37<77:30:36, 0.052s/step step= 4646000 episodes= 9679 eps=0.050 replay= 39936 loss=0.00001 ext100=0.000 total100=0.029
[train] 67:17:21<77:28:51, 0.052s/step step= 4648000 episodes= 9684 eps=0.050 replay= 39936 loss=0.00000 ext100=0.000 total100=0.028
[train] 67:19:04<77:27:06, 0.052s/step step= 4650000 episodes= 9688 eps=0.050 replay= 39936 loss=0.00001 ext100=0.000 total100=0.027
[train] 67:20:48<77:25:22, 0.052s/step step= 4652000 episodes= 9692 eps=0.050 replay= 39936 loss=0.00000 ext100=0.000 total100=0.027
[train] 67:22:32<77:23:37, 0.052s/step step= 4654000 episodes= 9696 eps=0.050 replay= 39936 loss=0.00000 ext100=0.000 total100=0.026
[train] 67:24:16<77:21:52, 0.052s/step step= 4656000 episodes= 9700 eps=0.050 replay= 39936 loss=0.00001 ext100=0.000 total100=0.026
[train] 67:26:00<77:20:07, 0.052s/step step= 4658000 episodes= 9704 eps=0.050 replay= 39936 loss=0.00001 ext100=0.000 total100=0.027
[eval] step=4660000 episodes=9709 mean_ext_return=0.000
[train] 67:27:58<77:18:40, 0.052s/step step= 4660000 episodes= 9709 eps=0.050 replay= 39936 loss=0.00000 ext100=0.000 total100=0.027
[train] 67:29:42<77:16:54, 0.052s/step step= 4662000 episodes= 9713 eps=0.050 replay= 39936 loss=0.00001 ext100=0.000 total100=0.027
[train] 67:31:25<77:15:09, 0.052s/step step= 4664000 episodes= 9717 eps=0.050 replay= 39936 loss=0.00000 ext100=0.000 total100=0.026
[train] 67:33:08<77:13:24, 0.052s/step step= 4666000 episodes= 9721 eps=0.050 replay= 39936 loss=0.00001 ext100=0.000 total100=0.025
[train] 67:34:52<77:11:39, 0.052s/step step= 4668000 episodes= 9725 eps=0.050 replay= 39936 loss=0.00000 ext100=0.000 total100=0.026
[train] 67:36:35<77:09:54, 0.052s/step step= 4670000 episodes= 9729 eps=0.050 replay= 39936 loss=0.00001 ext100=0.000 total100=0.025
[train] 67:38:19<77:08:09, 0.052s/step step= 4672000 episodes= 9734 eps=0.050 replay= 39936 loss=0.00001 ext100=0.000 total100=0.024
[train] 67:40:03<77:06:24, 0.052s/step step= 4674000 episodes= 9738 eps=0.050 replay= 39936 loss=0.00001 ext100=0.000 total100=0.023
[train] 67:41:47<77:04:40, 0.052s/step step= 4676000 episodes= 9742 eps=0.050 replay= 39936 loss=0.00001 ext100=0.000 total100=0.022
[train] 67:43:31<77:02:55, 0.052s/step step= 4678000 episodes= 9746 eps=0.050 replay= 39936 loss=0.00000 ext100=0.000 total100=0.023
[eval] step=4680000 episodes=9750 mean_ext_return=0.000
[train] 67:45:29<77:01:27, 0.052s/step step= 4680000 episodes= 9750 eps=0.050 replay= 39936 loss=0.00000 ext100=0.000 total100=0.024
[train] 67:47:13<76:59:42, 0.052s/step step= 4682000 episodes= 9754 eps=0.050 replay= 39936 loss=0.00001 ext100=0.000 total100=0.024
[train] 67:48:56<76:57:57, 0.052s/step step= 4684000 episodes= 9759 eps=0.050 replay= 39936 loss=0.00000 ext100=0.000 total100=0.027
[train] 67:50:39<76:56:11, 0.052s/step step= 4686000 episodes= 9763 eps=0.050 replay= 39936 loss=0.00000 ext100=0.000 total100=0.027
[train] 67:52:23<76:54:27, 0.052s/step step= 4688000 episodes= 9767 eps=0.050 replay= 39936 loss=0.00000 ext100=0.000 total100=0.028
[train] 67:54:07<76:52:42, 0.052s/step step= 4690000 episodes= 9771 eps=0.050 replay= 39936 loss=0.00001 ext100=0.000 total100=0.028
[train] 67:55:51<76:50:57, 0.052s/step step= 4692000 episodes= 9775 eps=0.050 replay= 39936 loss=0.00001 ext100=0.000 total100=0.029
[train] 67:57:34<76:49:12, 0.052s/step step= 4694000 episodes= 9779 eps=0.050 replay= 39936 loss=0.00000 ext100=0.000 total100=0.029
[train] 67:59:18<76:47:28, 0.052s/step step= 4696000 episodes= 9784 eps=0.050 replay= 39936 loss=0.00001 ext100=0.000 total100=0.029
[train] 68:01:02<76:45:43, 0.052s/step step= 4698000 episodes= 9788 eps=0.050 replay= 39936 loss=0.00003 ext100=0.000 total100=0.031
[eval] step=4700000 episodes=9792 mean_ext_return=0.000
[train] 68:03:01<76:44:15, 0.052s/step step= 4700000 episodes= 9792 eps=0.050 replay= 39936 loss=0.00000 ext100=0.000 total100=0.032
[train] 68:04:44<76:42:30, 0.052s/step step= 4702000 episodes= 9796 eps=0.050 replay= 39936 loss=0.00000 ext100=0.000 total100=0.033
[train] 68:06:28<76:40:45, 0.052s/step step= 4704000 episodes= 9800 eps=0.050 replay= 39936 loss=0.00000 ext100=0.000 total100=0.033
[train] 68:08:11<76:38:59, 0.052s/step step= 4706000 episodes= 9804 eps=0.050 replay= 39936 loss=0.00001 ext100=0.000 total100=0.034
[train] 68:09:55<76:37:15, 0.052s/step step= 4708000 episodes= 9809 eps=0.050 replay= 39936 loss=0.00001 ext100=0.000 total100=0.033
[train] 68:11:38<76:35:30, 0.052s/step step= 4710000 episodes= 9813 eps=0.050 replay= 39936 loss=0.00001 ext100=0.000 total100=0.033
[train] 68:13:22<76:33:45, 0.052s/step step= 4712000 episodes= 9817 eps=0.050 replay= 39936 loss=0.00001 ext100=0.000 total100=0.034
[train] 68:15:06<76:32:00, 0.052s/step step= 4714000 episodes= 9821 eps=0.050 replay= 39936 loss=0.00002 ext100=0.000 total100=0.035
[train] 68:16:50<76:30:16, 0.052s/step step= 4716000 episodes= 9825 eps=0.050 replay= 39936 loss=0.00001 ext100=0.000 total100=0.034
[train] 68:18:34<76:28:31, 0.052s/step step= 4718000 episodes= 9829 eps=0.050 replay= 39936 loss=0.00001 ext100=0.000 total100=0.035
[eval] step=4720000 episodes=9834 mean_ext_return=0.000
[train] 68:20:33<76:27:03, 0.052s/step step= 4720000 episodes= 9834 eps=0.050 replay= 39936 loss=0.00000 ext100=0.000 total100=0.036
[train] 68:22:16<76:25:18, 0.052s/step step= 4722000 episodes= 9838 eps=0.050 replay= 39936 loss=0.00001 ext100=0.000 total100=0.038
[train] 68:23:59<76:23:32, 0.052s/step step= 4724000 episodes= 9842 eps=0.050 replay= 39936 loss=0.00001 ext100=0.000 total100=0.038
[train] 68:25:42<76:21:47, 0.052s/step step= 4726000 episodes= 9846 eps=0.050 replay= 39936 loss=0.00000 ext100=0.000 total100=0.037
[train] 68:27:26<76:20:02, 0.052s/step step= 4728000 episodes= 9850 eps=0.050 replay= 39936 loss=0.00000 ext100=0.000 total100=0.036
[train] 68:29:10<76:18:17, 0.052s/step step= 4730000 episodes= 9854 eps=0.050 replay= 39936 loss=0.00002 ext100=0.000 total100=0.036
[train] 68:30:54<76:16:33, 0.052s/step step= 4732000 episodes= 9859 eps=0.050 replay= 39936 loss=0.00000 ext100=0.000 total100=0.033
[train] 68:32:37<76:14:47, 0.052s/step step= 4734000 episodes= 9863 eps=0.050 replay= 39936 loss=0.00001 ext100=0.000 total100=0.033
[train] 68:34:21<76:13:03, 0.052s/step step= 4736000 episodes= 9867 eps=0.050 replay= 39936 loss=0.00000 ext100=0.000 total100=0.033
[train] 68:36:05<76:11:18, 0.052s/step step= 4738000 episodes= 9871 eps=0.050 replay= 39936 loss=0.00000 ext100=0.000 total100=0.034
[eval] step=4740000 episodes=9875 mean_ext_return=0.000
[train] 68:38:04<76:09:50, 0.052s/step step= 4740000 episodes= 9875 eps=0.050 replay= 39936 loss=0.00000 ext100=0.000 total100=0.034
[train] 68:39:47<76:08:04, 0.052s/step step= 4742000 episodes= 9879 eps=0.050 replay= 39936 loss=0.00000 ext100=0.000 total100=0.034
[train] 68:41:30<76:06:19, 0.052s/step step= 4744000 episodes= 9884 eps=0.050 replay= 39936 loss=0.00001 ext100=0.000 total100=0.035
[train] 68:43:13<76:04:34, 0.052s/step step= 4746000 episodes= 9888 eps=0.050 replay= 39936 loss=0.00001 ext100=0.000 total100=0.035
[train] 68:44:57<76:02:49, 0.052s/step step= 4748000 episodes= 9892 eps=0.050 replay= 39936 loss=0.00000 ext100=0.000 total100=0.035
[train] 68:46:40<76:01:04, 0.052s/step step= 4750000 episodes= 9896 eps=0.050 replay= 39936 loss=0.00000 ext100=0.000 total100=0.034
[train] 68:48:24<75:59:19, 0.052s/step step= 4752000 episodes= 9900 eps=0.050 replay= 39936 loss=0.00000 ext100=0.000 total100=0.033
[train] 68:50:08<75:57:34, 0.052s/step step= 4754000 episodes= 9904 eps=0.050 replay= 39936 loss=0.00001 ext100=0.000 total100=0.033
[train] 68:51:52<75:55:49, 0.052s/step step= 4756000 episodes= 9909 eps=0.050 replay= 39936 loss=0.00001 ext100=0.000 total100=0.034
[train] 68:53:36<75:54:05, 0.052s/step step= 4758000 episodes= 9913 eps=0.050 replay= 39936 loss=0.00000 ext100=0.000 total100=0.034
[eval] step=4760000 episodes=9917 mean_ext_return=0.000
[train] 68:55:35<75:52:37, 0.052s/step step= 4760000 episodes= 9917 eps=0.050 replay= 39936 loss=0.00000 ext100=0.000 total100=0.034
[train] 68:57:18<75:50:51, 0.052s/step step= 4762000 episodes= 9921 eps=0.050 replay= 39936 loss=0.00001 ext100=0.000 total100=0.035
[train] 68:59:01<75:49:06, 0.052s/step step= 4764000 episodes= 9925 eps=0.050 replay= 39936 loss=0.00000 ext100=0.000 total100=0.036
[train] 69:00:44<75:47:21, 0.052s/step step= 4766000 episodes= 9929 eps=0.050 replay= 39936 loss=0.00000 ext100=0.000 total100=0.035
[train] 69:02:28<75:45:36, 0.052s/step step= 4768000 episodes= 9934 eps=0.050 replay= 39936 loss=0.00001 ext100=0.000 total100=0.036
[train] 69:04:12<75:43:51, 0.052s/step step= 4770000 episodes= 9938 eps=0.050 replay= 39936 loss=0.00001 ext100=0.000 total100=0.037
[train] 69:05:56<75:42:06, 0.052s/step step= 4772000 episodes= 9942 eps=0.050 replay= 39936 loss=0.00001 ext100=0.000 total100=0.036
[train] 69:07:39<75:40:21, 0.052s/step step= 4774000 episodes= 9946 eps=0.050 replay= 39936 loss=0.00000 ext100=0.000 total100=0.036
[train] 69:09:23<75:38:37, 0.052s/step step= 4776000 episodes= 9950 eps=0.050 replay= 39936 loss=0.00000 ext100=0.000 total100=0.037
[train] 69:11:07<75:36:52, 0.052s/step step= 4778000 episodes= 9954 eps=0.050 replay= 39936 loss=0.00001 ext100=0.000 total100=0.038
[eval] step=4780000 episodes=9959 mean_ext_return=0.000
[train] 69:13:06<75:35:23, 0.052s/step step= 4780000 episodes= 9959 eps=0.050 replay= 39936 loss=0.00001 ext100=0.000 total100=0.037
[train] 69:14:49<75:33:38, 0.052s/step step= 4782000 episodes= 9963 eps=0.050 replay= 39936 loss=0.00001 ext100=0.000 total100=0.037
[train] 69:16:32<75:31:53, 0.052s/step step= 4784000 episodes= 9967 eps=0.050 replay= 39936 loss=0.00001 ext100=0.000 total100=0.037
[train] 69:18:15<75:30:07, 0.052s/step step= 4786000 episodes= 9971 eps=0.050 replay= 39936 loss=0.00002 ext100=0.000 total100=0.035
[train] 69:19:59<75:28:22, 0.052s/step step= 4788000 episodes= 9975 eps=0.050 replay= 39936 loss=0.00000 ext100=0.000 total100=0.036
[train] 69:21:43<75:26:37, 0.052s/step step= 4790000 episodes= 9979 eps=0.050 replay= 39936 loss=0.00000 ext100=0.000 total100=0.037
[train] 69:23:26<75:24:53, 0.052s/step step= 4792000 episodes= 9984 eps=0.050 replay= 39936 loss=0.00001 ext100=0.000 total100=0.037
[train] 69:25:10<75:23:08, 0.052s/step step= 4794000 episodes= 9988 eps=0.050 replay= 39936 loss=0.00001 ext100=0.000 total100=0.036
[train] 69:26:54<75:21:23, 0.052s/step step= 4796000 episodes= 9992 eps=0.050 replay= 39936 loss=0.00001 ext100=0.000 total100=0.036
[train] 69:28:38<75:19:38, 0.052s/step step= 4798000 episodes= 9996 eps=0.050 replay= 39936 loss=0.00001 ext100=0.000 total100=0.035
[eval] step=4800000 episodes=10000 mean_ext_return=0.000
[train] 69:30:37<75:18:10, 0.052s/step step= 4800000 episodes=10000 eps=0.050 replay= 39936 loss=0.00001 ext100=0.000 total100=0.036
[train] 69:32:20<75:16:25, 0.052s/step step= 4802000 episodes=10004 eps=0.050 replay= 39936 loss=0.00002 ext100=0.000 total100=0.037
[train] 69:34:04<75:14:40, 0.052s/step step= 4804000 episodes=10009 eps=0.050 replay= 39936 loss=0.00001 ext100=0.000 total100=0.037
[train] 69:35:47<75:12:54, 0.052s/step step= 4806000 episodes=10013 eps=0.050 replay= 39936 loss=0.00000 ext100=0.000 total100=0.037
[train] 69:37:31<75:11:09, 0.052s/step step= 4808000 episodes=10017 eps=0.050 replay= 39936 loss=0.00001 ext100=0.000 total100=0.036
[train] 69:39:14<75:09:24, 0.052s/step step= 4810000 episodes=10021 eps=0.050 replay= 39936 loss=0.00002 ext100=0.000 total100=0.036
[train] 69:40:58<75:07:40, 0.052s/step step= 4812000 episodes=10025 eps=0.050 replay= 39936 loss=0.00001 ext100=0.000 total100=0.035
[train] 69:42:41<75:05:54, 0.052s/step step= 4814000 episodes=10029 eps=0.050 replay= 39936 loss=0.00001 ext100=0.000 total100=0.035
[train] 69:44:25<75:04:10, 0.052s/step step= 4816000 episodes=10034 eps=0.050 replay= 39936 loss=0.00000 ext100=0.000 total100=0.035
[train] 69:46:09<75:02:25, 0.052s/step step= 4818000 episodes=10038 eps=0.050 replay= 39936 loss=0.00001 ext100=0.000 total100=0.035
[eval] step=4820000 episodes=10042 mean_ext_return=0.000
[train] 69:48:08<75:00:57, 0.052s/step step= 4820000 episodes=10042 eps=0.050 replay= 39936 loss=0.00001 ext100=0.000 total100=0.036
[train] 69:49:51<74:59:11, 0.052s/step step= 4822000 episodes=10046 eps=0.050 replay= 39936 loss=0.00001 ext100=0.000 total100=0.037
[train] 69:51:35<74:57:26, 0.052s/step step= 4824000 episodes=10050 eps=0.050 replay= 39936 loss=0.00001 ext100=0.000 total100=0.036
[train] 69:53:18<74:55:41, 0.052s/step step= 4826000 episodes=10054 eps=0.050 replay= 39936 loss=0.00002 ext100=0.000 total100=0.036
[train] 69:55:02<74:53:56, 0.052s/step step= 4828000 episodes=10059 eps=0.050 replay= 39936 loss=0.00001 ext100=0.000 total100=0.037
[train] 69:56:45<74:52:11, 0.052s/step step= 4830000 episodes=10063 eps=0.050 replay= 39936 loss=0.00001 ext100=0.000 total100=0.037
[train] 69:58:30<74:50:26, 0.052s/step step= 4832000 episodes=10067 eps=0.050 replay= 39936 loss=0.00001 ext100=0.000 total100=0.037
[train] 70:00:13<74:48:41, 0.052s/step step= 4834000 episodes=10071 eps=0.050 replay= 39936 loss=0.00002 ext100=0.000 total100=0.036
[train] 70:01:57<74:46:57, 0.052s/step step= 4836000 episodes=10075 eps=0.050 replay= 39936 loss=0.00001 ext100=0.000 total100=0.034
[train] 70:03:41<74:45:12, 0.052s/step step= 4838000 episodes=10079 eps=0.050 replay= 39936 loss=0.00000 ext100=0.000 total100=0.032
[eval] step=4840000 episodes=10084 mean_ext_return=0.000
[train] 70:05:40<74:43:43, 0.052s/step step= 4840000 episodes=10084 eps=0.050 replay= 39936 loss=0.00000 ext100=0.000 total100=0.033
[train] 70:07:23<74:41:58, 0.052s/step step= 4842000 episodes=10088 eps=0.050 replay= 39936 loss=0.00001 ext100=0.000 total100=0.034
[train] 70:09:06<74:40:13, 0.052s/step step= 4844000 episodes=10092 eps=0.050 replay= 39936 loss=0.00001 ext100=0.000 total100=0.034
[train] 70:10:50<74:38:28, 0.052s/step step= 4846000 episodes=10096 eps=0.050 replay= 39936 loss=0.00001 ext100=0.000 total100=0.036
[train] 70:12:33<74:36:43, 0.052s/step step= 4848000 episodes=10100 eps=0.050 replay= 39936 loss=0.00001 ext100=0.000 total100=0.036
[train] 70:14:17<74:34:58, 0.052s/step step= 4850000 episodes=10104 eps=0.050 replay= 39936 loss=0.00001 ext100=0.000 total100=0.035
[train] 70:16:01<74:33:13, 0.052s/step step= 4852000 episodes=10109 eps=0.050 replay= 39936 loss=0.00000 ext100=0.000 total100=0.035
[train] 70:17:44<74:31:28, 0.052s/step step= 4854000 episodes=10113 eps=0.050 replay= 39936 loss=0.00001 ext100=0.000 total100=0.036
[train] 70:19:28<74:29:43, 0.052s/step step= 4856000 episodes=10117 eps=0.050 replay= 39936 loss=0.00000 ext100=0.000 total100=0.036
[train] 70:21:12<74:27:59, 0.052s/step step= 4858000 episodes=10121 eps=0.050 replay= 39936 loss=0.00001 ext100=0.000 total100=0.037
[eval] step=4860000 episodes=10125 mean_ext_return=0.000
[train] 70:23:11<74:26:30, 0.052s/step step= 4860000 episodes=10125 eps=0.050 replay= 39936 loss=0.00000 ext100=0.000 total100=0.036
[train] 70:24:54<74:24:44, 0.052s/step step= 4862000 episodes=10129 eps=0.050 replay= 39936 loss=0.00001 ext100=0.000 total100=0.037
[train] 70:26:38<74:22:59, 0.052s/step step= 4864000 episodes=10134 eps=0.050 replay= 39936 loss=0.00000 ext100=0.000 total100=0.036
[train] 70:28:21<74:21:14, 0.052s/step step= 4866000 episodes=10138 eps=0.050 replay= 39936 loss=0.00001 ext100=0.000 total100=0.037
[train] 70:30:05<74:19:29, 0.052s/step step= 4868000 episodes=10142 eps=0.050 replay= 39936 loss=0.00001 ext100=0.000 total100=0.037
[train] 70:31:48<74:17:44, 0.052s/step step= 4870000 episodes=10146 eps=0.050 replay= 39936 loss=0.00000 ext100=0.000 total100=0.037
[train] 70:33:32<74:15:59, 0.052s/step step= 4872000 episodes=10150 eps=0.050 replay= 39936 loss=0.00000 ext100=0.000 total100=0.037
[train] 70:35:16<74:14:14, 0.052s/step step= 4874000 episodes=10154 eps=0.050 replay= 39936 loss=0.00001 ext100=0.000 total100=0.037
[train] 70:37:00<74:12:30, 0.052s/step step= 4876000 episodes=10159 eps=0.050 replay= 39936 loss=0.00000 ext100=0.000 total100=0.037
[train] 70:38:43<74:10:45, 0.052s/step step= 4878000 episodes=10163 eps=0.050 replay= 39936 loss=0.00001 ext100=0.000 total100=0.036
[eval] step=4880000 episodes=10167 mean_ext_return=0.000
[train] 70:40:42<74:09:16, 0.052s/step step= 4880000 episodes=10167 eps=0.050 replay= 39936 loss=0.00001 ext100=0.000 total100=0.037
[train] 70:42:26<74:07:31, 0.052s/step step= 4882000 episodes=10171 eps=0.050 replay= 39936 loss=0.00001 ext100=0.000 total100=0.038
[train] 70:44:09<74:05:45, 0.052s/step step= 4884000 episodes=10175 eps=0.050 replay= 39936 loss=0.00000 ext100=0.000 total100=0.038
[train] 70:45:53<74:04:00, 0.052s/step step= 4886000 episodes=10179 eps=0.050 replay= 39936 loss=0.00001 ext100=0.000 total100=0.040
[train] 70:47:36<74:02:15, 0.052s/step step= 4888000 episodes=10184 eps=0.050 replay= 39936 loss=0.00001 ext100=0.000 total100=0.038
[train] 70:49:19<74:00:30, 0.052s/step step= 4890000 episodes=10188 eps=0.050 replay= 39936 loss=0.00002 ext100=0.000 total100=0.037
[train] 70:51:03<73:58:45, 0.052s/step step= 4892000 episodes=10192 eps=0.050 replay= 39936 loss=0.00001 ext100=0.000 total100=0.037
[train] 70:52:47<73:57:00, 0.052s/step step= 4894000 episodes=10196 eps=0.050 replay= 39936 loss=0.00000 ext100=0.000 total100=0.036
[train] 70:54:31<73:55:16, 0.052s/step step= 4896000 episodes=10200 eps=0.050 replay= 39936 loss=0.00000 ext100=0.000 total100=0.036
[train] 70:56:15<73:53:31, 0.052s/step step= 4898000 episodes=10204 eps=0.050 replay= 39936 loss=0.00001 ext100=0.000 total100=0.037
[eval] step=4900000 episodes=10209 mean_ext_return=0.000
[train] 70:58:14<73:52:02, 0.052s/step step= 4900000 episodes=10209 eps=0.050 replay= 39936 loss=0.00000 ext100=0.000 total100=0.034
[train] 70:59:57<73:50:17, 0.052s/step step= 4902000 episodes=10213 eps=0.050 replay= 39936 loss=0.00000 ext100=0.000 total100=0.033
[train] 71:01:40<73:48:31, 0.052s/step step= 4904000 episodes=10217 eps=0.050 replay= 39936 loss=0.00000 ext100=0.000 total100=0.033
[train] 71:03:24<73:46:47, 0.052s/step step= 4906000 episodes=10221 eps=0.050 replay= 39936 loss=0.00001 ext100=0.000 total100=0.032
[train] 71:05:07<73:45:01, 0.052s/step step= 4908000 episodes=10225 eps=0.050 replay= 39936 loss=0.00001 ext100=0.000 total100=0.032
[train] 71:06:51<73:43:16, 0.052s/step step= 4910000 episodes=10229 eps=0.050 replay= 39936 loss=0.00000 ext100=0.000 total100=0.031
[train] 71:08:35<73:41:31, 0.052s/step step= 4912000 episodes=10234 eps=0.050 replay= 39936 loss=0.00001 ext100=0.000 total100=0.031
[train] 71:10:18<73:39:46, 0.052s/step step= 4914000 episodes=10238 eps=0.050 replay= 39936 loss=0.00002 ext100=0.000 total100=0.031
[train] 71:12:02<73:38:02, 0.052s/step step= 4916000 episodes=10242 eps=0.050 replay= 39936 loss=0.00000 ext100=0.000 total100=0.031
[train] 71:13:46<73:36:17, 0.052s/step step= 4918000 episodes=10246 eps=0.050 replay= 39936 loss=0.00001 ext100=0.000 total100=0.032
[eval] step=4920000 episodes=10250 mean_ext_return=0.000
[train] 71:15:45<73:34:48, 0.052s/step step= 4920000 episodes=10250 eps=0.050 replay= 39936 loss=0.00001 ext100=0.000 total100=0.033
[train] 71:17:28<73:33:02, 0.052s/step step= 4922000 episodes=10254 eps=0.050 replay= 39936 loss=0.00001 ext100=0.000 total100=0.035
[train] 71:19:12<73:31:17, 0.052s/step step= 4924000 episodes=10259 eps=0.050 replay= 39936 loss=0.00001 ext100=0.000 total100=0.035
[train] 71:20:55<73:29:32, 0.052s/step step= 4926000 episodes=10263 eps=0.050 replay= 39936 loss=0.00001 ext100=0.000 total100=0.035
[train] 71:22:39<73:27:47, 0.052s/step step= 4928000 episodes=10267 eps=0.050 replay= 39936 loss=0.00000 ext100=0.000 total100=0.035
[train] 71:24:22<73:26:02, 0.052s/step step= 4930000 episodes=10271 eps=0.050 replay= 39936 loss=0.00001 ext100=0.000 total100=0.036
[train] 71:26:06<73:24:17, 0.052s/step step= 4932000 episodes=10275 eps=0.050 replay= 39936 loss=0.00001 ext100=0.000 total100=0.035
[train] 71:27:49<73:22:32, 0.052s/step step= 4934000 episodes=10279 eps=0.050 replay= 39936 loss=0.00001 ext100=0.000 total100=0.034
[train] 71:29:33<73:20:48, 0.052s/step step= 4936000 episodes=10284 eps=0.050 replay= 39936 loss=0.00001 ext100=0.000 total100=0.034
[train] 71:31:17<73:19:03, 0.052s/step step= 4938000 episodes=10288 eps=0.050 replay= 39936 loss=0.00002 ext100=0.000 total100=0.035
[eval] step=4940000 episodes=10292 mean_ext_return=0.000
[train] 71:33:16<73:17:34, 0.052s/step step= 4940000 episodes=10292 eps=0.050 replay= 39936 loss=0.00001 ext100=0.000 total100=0.035
[train] 71:34:59<73:15:48, 0.052s/step step= 4942000 episodes=10296 eps=0.050 replay= 39936 loss=0.00001 ext100=0.000 total100=0.036
[train] 71:36:43<73:14:03, 0.052s/step step= 4944000 episodes=10300 eps=0.050 replay= 39936 loss=0.00001 ext100=0.000 total100=0.036
[train] 71:38:27<73:12:18, 0.052s/step step= 4946000 episodes=10304 eps=0.050 replay= 39936 loss=0.00004 ext100=0.000 total100=0.037
[train] 71:40:10<73:10:33, 0.052s/step step= 4948000 episodes=10309 eps=0.050 replay= 39936 loss=0.00001 ext100=0.000 total100=0.038
[train] 71:41:53<73:08:48, 0.052s/step step= 4950000 episodes=10313 eps=0.050 replay= 39936 loss=0.00001 ext100=0.000 total100=0.038
[train] 71:43:37<73:07:03, 0.052s/step step= 4952000 episodes=10317 eps=0.050 replay= 39936 loss=0.00001 ext100=0.000 total100=0.038
[train] 71:45:21<73:05:18, 0.052s/step step= 4954000 episodes=10321 eps=0.050 replay= 39936 loss=0.00001 ext100=0.000 total100=0.042
[train] 71:47:05<73:03:33, 0.052s/step step= 4956000 episodes=10325 eps=0.050 replay= 39936 loss=0.00001 ext100=0.000 total100=0.044
[train] 71:48:49<73:01:49, 0.052s/step step= 4958000 episodes=10329 eps=0.050 replay= 39936 loss=0.00000 ext100=0.000 total100=0.045
[eval] step=4960000 episodes=10334 mean_ext_return=0.000
[train] 71:50:48<73:00:19, 0.052s/step step= 4960000 episodes=10334 eps=0.050 replay= 39936 loss=0.00001 ext100=0.000 total100=0.045
[train] 71:52:31<72:58:34, 0.052s/step step= 4962000 episodes=10338 eps=0.050 replay= 39936 loss=0.00002 ext100=0.000 total100=0.044
[train] 71:54:14<72:56:49, 0.052s/step step= 4964000 episodes=10342 eps=0.050 replay= 39936 loss=0.00000 ext100=0.000 total100=0.044
[train] 71:55:58<72:55:04, 0.052s/step step= 4966000 episodes=10346 eps=0.050 replay= 39936 loss=0.00001 ext100=0.000 total100=0.042
[train] 71:57:41<72:53:19, 0.052s/step step= 4968000 episodes=10350 eps=0.050 replay= 39936 loss=0.00001 ext100=0.000 total100=0.039
[train] 71:59:25<72:51:33, 0.052s/step step= 4970000 episodes=10354 eps=0.050 replay= 39936 loss=0.00002 ext100=0.000 total100=0.038
[train] 72:01:09<72:49:49, 0.052s/step step= 4972000 episodes=10359 eps=0.050 replay= 39936 loss=0.00000 ext100=0.000 total100=0.037
[train] 72:02:52<72:48:04, 0.052s/step step= 4974000 episodes=10363 eps=0.050 replay= 39936 loss=0.00001 ext100=0.000 total100=0.036
[train] 72:04:36<72:46:19, 0.052s/step step= 4976000 episodes=10367 eps=0.050 replay= 39936 loss=0.00001 ext100=0.000 total100=0.036
[train] 72:06:20<72:44:34, 0.052s/step step= 4978000 episodes=10371 eps=0.050 replay= 39936 loss=0.00001 ext100=0.000 total100=0.035
[eval] step=4980000 episodes=10375 mean_ext_return=0.000
[train] 72:08:19<72:43:05, 0.052s/step step= 4980000 episodes=10375 eps=0.050 replay= 39936 loss=0.00001 ext100=0.000 total100=0.036
[train] 72:10:02<72:41:19, 0.052s/step step= 4982000 episodes=10379 eps=0.050 replay= 39936 loss=0.00001 ext100=0.000 total100=0.037
[train] 72:11:45<72:39:34, 0.052s/step step= 4984000 episodes=10384 eps=0.050 replay= 39936 loss=0.00001 ext100=0.000 total100=0.036
[train] 72:13:29<72:37:49, 0.052s/step step= 4986000 episodes=10388 eps=0.050 replay= 39936 loss=0.00002 ext100=0.000 total100=0.035
[train] 72:15:12<72:36:04, 0.052s/step step= 4988000 episodes=10392 eps=0.050 replay= 39936 loss=0.00001 ext100=0.000 total100=0.035
[train] 72:16:55<72:34:18, 0.052s/step step= 4990000 episodes=10396 eps=0.050 replay= 39936 loss=0.00001 ext100=0.000 total100=0.035
[train] 72:18:39<72:32:34, 0.052s/step step= 4992000 episodes=10400 eps=0.050 replay= 39936 loss=0.00001 ext100=0.000 total100=0.034
[train] 72:20:23<72:30:49, 0.052s/step step= 4994000 episodes=10404 eps=0.050 replay= 39936 loss=0.00002 ext100=0.000 total100=0.034
[train] 72:22:07<72:29:04, 0.052s/step step= 4996000 episodes=10409 eps=0.050 replay= 39936 loss=0.00001 ext100=0.000 total100=0.032
[train] 72:23:51<72:27:19, 0.052s/step step= 4998000 episodes=10413 eps=0.050 replay= 39936 loss=0.00001 ext100=0.000 total100=0.033
[eval] step=5000000 episodes=10417 mean_ext_return=0.000
[train] 72:25:50<72:25:50, 0.052s/step step= 5000000 episodes=10417 eps=0.050 replay= 39936 loss=0.00001 ext100=0.000 total100=0.032
[train] 72:27:33<72:24:04, 0.052s/step step= 5002000 episodes=10421 eps=0.050 replay= 39936 loss=0.00001 ext100=0.000 total100=0.029
[train] 72:29:16<72:22:19, 0.052s/step step= 5004000 episodes=10425 eps=0.050 replay= 39936 loss=0.00001 ext100=0.000 total100=0.027
[train] 72:31:00<72:20:34, 0.052s/step step= 5006000 episodes=10429 eps=0.050 replay= 39936 loss=0.00000 ext100=0.000 total100=0.026
[train] 72:32:43<72:18:49, 0.052s/step step= 5008000 episodes=10434 eps=0.050 replay= 39936 loss=0.00000 ext100=0.000 total100=0.026
[train] 72:34:27<72:17:04, 0.052s/step step= 5010000 episodes=10438 eps=0.050 replay= 39936 loss=0.00002 ext100=0.000 total100=0.028
[train] 72:36:11<72:15:19, 0.052s/step step= 5012000 episodes=10442 eps=0.050 replay= 39936 loss=0.00001 ext100=0.000 total100=0.028
[train] 72:37:54<72:13:34, 0.052s/step step= 5014000 episodes=10446 eps=0.050 replay= 39936 loss=0.00001 ext100=0.000 total100=0.030
[train] 72:39:38<72:11:49, 0.052s/step step= 5016000 episodes=10450 eps=0.050 replay= 39936 loss=0.00001 ext100=0.000 total100=0.031
[train] 72:41:22<72:10:05, 0.052s/step step= 5018000 episodes=10454 eps=0.050 replay= 39936 loss=0.00002 ext100=0.000 total100=0.031
[eval] step=5020000 episodes=10459 mean_ext_return=0.000
[train] 72:43:21<72:08:35, 0.052s/step step= 5020000 episodes=10459 eps=0.050 replay= 39936 loss=0.00001 ext100=0.000 total100=0.032
[train] 72:45:04<72:06:49, 0.052s/step step= 5022000 episodes=10463 eps=0.050 replay= 39936 loss=0.00001 ext100=0.000 total100=0.034
[train] 72:46:48<72:05:04, 0.052s/step step= 5024000 episodes=10467 eps=0.050 replay= 39936 loss=0.00001 ext100=0.000 total100=0.034
[train] 72:48:31<72:03:19, 0.052s/step step= 5026000 episodes=10471 eps=0.050 replay= 39936 loss=0.00002 ext100=0.000 total100=0.036
[train] 72:50:15<72:01:34, 0.052s/step step= 5028000 episodes=10475 eps=0.050 replay= 39936 loss=0.00000 ext100=0.000 total100=0.034
[train] 72:51:59<71:59:50, 0.052s/step step= 5030000 episodes=10479 eps=0.050 replay= 39936 loss=0.00001 ext100=0.000 total100=0.036
