0,3.169952392578125
1,3.211564302444458
2,3.2656683921813965
3,2.6271793842315674
4,3.4880805015563965
5,3.1145448684692383
6,3.111316442489624
7,2.7579245567321777
8,2.676449775695801
9,3.373917579650879
10,3.26367449760437
11,2.8082756996154785
12,3.42525053024292
13,3.0261683464050293
14,2.811544895172119
15,2.739497184753418
16,2.5414071083068848
17,2.709376811981201
18,2.8404176235198975
19,2.6943986415863037
20,2.7099292278289795
21,2.4941136837005615
22,2.5571601390838623
23,3.027522563934326
24,2.5201938152313232
25,2.98406720161438
26,3.207624673843384
27,2.551063060760498
28,2.8104679584503174
29,2.540290594100952
30,2.961308479309082
31,2.8317339420318604
32,2.4870057106018066
33,2.7964274883270264
34,2.8790650367736816
35,3.6611013412475586
36,3.1180686950683594
37,2.901459217071533
38,2.6920976638793945
39,3.0441229343414307
40,3.000462055206299
41,3.0888831615448
42,3.0573770999908447
43,2.657219409942627
44,2.713822364807129
45,3.0640342235565186
46,2.598587989807129
47,2.567967176437378
48,2.7345497608184814
49,3.334479331970215
50,3.415919303894043
51,2.8231542110443115
52,2.897406816482544
53,2.9326982498168945
54,2.911667585372925
55,2.7370734214782715
56,3.359079122543335
57,2.7879252433776855
58,2.950798273086548
59,2.5434582233428955
60,2.8447012901306152
61,2.643590211868286
62,2.608445405960083
63,2.857468843460083
64,2.8394341468811035
65,3.062436580657959
66,3.069307565689087
67,2.5345470905303955
68,2.923912286758423
69,2.6297359466552734
70,2.6839661598205566
71,3.208082675933838
72,3.05305814743042
73,2.7382748126983643
74,3.186784505844116
75,2.8602616786956787
76,2.9622671604156494
77,2.669052839279175
78,3.4675118923187256
79,2.7035250663757324
80,2.846083402633667
81,3.09736704826355
82,2.5995781421661377
83,2.659924268722534
84,2.825209617614746
85,3.0638067722320557
86,2.5598511695861816
87,3.293180227279663
88,2.7460427284240723
89,2.8932151794433594
90,3.143230438232422
91,2.9009687900543213
92,2.946556806564331
93,2.7473220825195312
94,3.1477649211883545
95,2.624601364135742
96,3.133497476577759
97,2.584955930709839
98,2.8182549476623535
99,3.0659310817718506
100,2.8654778003692627
101,3.004570722579956
102,2.7156240940093994
103,3.0216453075408936
104,2.4088380336761475
105,2.561575412750244
106,2.536994218826294
107,2.7494866847991943
108,2.7121212482452393
109,2.666574478149414
110,2.7837517261505127
111,2.875901460647583
112,3.015902519226074
113,2.627458333969116
114,2.8975532054901123
115,2.875265598297119
116,2.820714235305786
117,3.0250425338745117
118,3.157313823699951
119,2.7278926372528076
120,3.5143024921417236
121,2.8087923526763916
122,3.103973627090454
123,2.904095411300659
124,2.3572957515716553
125,2.9450340270996094
126,2.78312087059021
127,2.779592514038086
128,2.932488441467285
129,3.0360538959503174
130,2.7909255027770996
131,2.815685272216797
132,2.61384916305542
133,2.569951057434082
134,2.9002115726470947
135,2.519285202026367
136,3.1655564308166504
137,2.9153401851654053
138,3.042863130569458
139,2.701314687728882
140,3.26853346824646
141,3.398759365081787
142,3.330427646636963
143,3.122098445892334
144,2.9470174312591553
145,2.5309536457061768
146,3.3893303871154785
147,2.730658531188965
148,2.78538179397583
149,2.6979012489318848
150,2.7699453830718994
151,2.8847532272338867
152,2.744647979736328
153,3.490107536315918
154,2.7466442584991455
155,3.2281904220581055
156,2.796743154525757
157,3.0916597843170166
158,2.173067808151245
159,2.6833221912384033
160,3.0622212886810303
161,2.870025873184204
162,2.982781410217285
163,2.516707181930542
164,2.84130597114563
165,2.755093574523926
166,2.7983508110046387
167,2.8675951957702637
168,3.1765589714050293
169,3.3517463207244873
170,2.9729361534118652
171,2.927018880844116
172,2.5886826515197754
173,2.9059441089630127
174,2.42829966545105
175,3.481163501739502
176,2.649592399597168
177,3.0935351848602295
178,3.2244813442230225
179,3.2911617755889893
180,3.0859217643737793
181,3.2763724327087402
182,2.7300498485565186
183,2.6977388858795166
184,3.1474802494049072
185,3.057267427444458
186,2.7783658504486084
187,3.0181033611297607
188,3.064307451248169
189,2.7399849891662598
190,3.0222654342651367
191,2.9596235752105713
192,3.09063458442688
193,3.3298709392547607
194,3.2365520000457764
195,3.2355339527130127
196,2.634786605834961
197,3.23109769821167
198,2.6445302963256836
199,3.2561633586883545
200,3.213806390762329
201,2.7448573112487793
202,3.2884180545806885
203,2.6871533393859863
204,2.9539668560028076
205,3.003465175628662
206,2.9963932037353516
207,2.7787837982177734
208,2.56056547164917
209,3.00333571434021
210,3.208799123764038
211,2.7833235263824463
212,3.0108652114868164
213,3.007797956466675
214,3.0544657707214355
215,2.9675216674804688
216,2.704516887664795
217,2.5606272220611572
218,3.109248161315918
219,2.7705259323120117
220,2.7923684120178223
221,2.965482473373413
222,2.8506696224212646
223,3.4504454135894775
224,2.7915995121002197
225,2.8580546379089355
226,2.816234827041626
227,2.7536232471466064
228,2.976132869720459
229,2.824472665786743
230,2.7484941482543945
231,3.191352605819702
232,2.421635627746582
233,2.6384077072143555
234,2.945923328399658
235,3.0683932304382324
236,2.90859055519104
237,2.8582186698913574
238,2.7432363033294678
239,2.7700705528259277
240,2.81317138671875
241,2.641017436981201
242,2.674893856048584
243,2.7590129375457764
244,3.058466911315918
245,2.994382381439209
246,3.148613929748535
247,2.581237316131592
248,2.9348723888397217
249,3.060359001159668
250,3.207307815551758
251,3.0010969638824463
252,3.0362467765808105
253,2.474705696105957
254,2.9185869693756104
255,2.993863821029663
256,2.5504963397979736
257,3.434171438217163
258,2.7681241035461426
259,2.4668936729431152
260,3.1723132133483887
261,2.780561923980713
262,2.9596104621887207
263,2.8267998695373535
264,2.8719515800476074
265,2.880190134048462
266,2.9553775787353516
267,2.99863338470459
268,2.689490556716919
269,3.008509874343872
270,2.5597589015960693
271,2.838266611099243
272,2.8945534229278564
273,2.874633312225342
274,2.8691530227661133
275,3.135056257247925
276,2.926321029663086
277,3.2334132194519043
278,2.750750780105591
279,3.2570884227752686
280,2.781830310821533
281,2.723376989364624
282,2.6485912799835205
283,2.5832252502441406
284,2.7897651195526123
285,2.9442524909973145
286,3.429330348968506
287,3.0814151763916016
288,2.6167800426483154
289,2.8493833541870117
290,2.5425963401794434
291,3.366590738296509
292,2.6427299976348877
293,2.725640058517456
294,3.3531172275543213
295,3.134948492050171
296,2.920978307723999
297,3.1316423416137695
298,2.8291068077087402
299,2.367128372192383
300,3.0993714332580566
301,2.7016592025756836
302,2.7551069259643555
303,3.245901584625244
304,2.9182138442993164
305,3.276759386062622
306,2.907679557800293
307,2.9926769733428955
308,3.1847636699676514
309,2.9901204109191895
310,3.0034983158111572
311,3.240772247314453
312,2.604020595550537
313,2.810405969619751
314,2.8946123123168945
315,2.737025499343872
316,2.968975067138672
317,2.8459866046905518
318,3.2334675788879395
319,2.6124749183654785
320,3.087764024734497
321,3.024151086807251
322,2.927382230758667
323,2.9049105644226074
324,2.587864875793457
325,2.9041757583618164
326,3.0202219486236572
327,2.5674309730529785
328,3.5204193592071533
329,3.163924217224121
330,2.806107521057129
331,2.372891664505005
332,2.9043664932250977
333,2.947981834411621
334,2.7907798290252686
335,2.684605598449707
336,2.789726972579956
337,3.0091888904571533
338,2.8946778774261475
339,2.88745379447937
340,2.8945837020874023
341,2.880565643310547
342,3.228286027908325
343,3.2472727298736572
344,3.127655029296875
345,3.727226734161377
346,2.65173077583313
347,2.6739089488983154
348,2.643627643585205
349,2.9037976264953613
350,2.970728635787964
351,2.7864880561828613
352,3.20711088180542
353,2.9263370037078857
354,2.981618642807007
355,2.680786609649658
356,3.214296340942383
357,3.505052328109741
358,2.876143217086792
359,2.586183786392212
360,2.6845200061798096
361,3.404759407043457
362,2.806821584701538
363,2.7061498165130615
364,2.8735954761505127
365,2.6989712715148926
366,2.6468582153320312
367,2.8263564109802246
368,3.3562705516815186
369,2.5835156440734863
370,2.8590729236602783
371,3.238743782043457
372,2.629446029663086
373,2.978572368621826
374,2.597914934158325
375,2.7518203258514404
376,2.676595449447632
377,3.4674487113952637
378,2.8330788612365723
379,2.8892016410827637
380,3.241316318511963
381,3.0075650215148926
382,2.911296844482422
383,2.7485694885253906
384,3.584955930709839
385,2.894158124923706
386,2.981682538986206
387,2.9513936042785645
388,2.774139404296875
389,2.291093587875366
390,2.6913342475891113
391,2.7431294918060303
392,3.3983967304229736
393,2.8466203212738037
394,2.9810292720794678
395,2.7322652339935303
396,2.650754690170288
397,2.553842544555664
398,2.81135630607605
399,3.05259108543396
400,2.5339019298553467
401,2.6390857696533203
402,2.899717092514038
403,2.6445512771606445
404,2.8262083530426025
405,3.074021100997925
406,3.3236145973205566
407,2.7912001609802246
408,3.1353235244750977
409,2.9625892639160156
410,3.00553035736084
411,2.9957962036132812
412,2.8980624675750732
413,2.791442632675171
414,2.951218366622925
415,2.990206003189087
416,2.634808301925659
417,2.5647101402282715
418,3.4210915565490723
419,3.0648062229156494
420,3.0670509338378906
421,3.533607006072998
422,2.575563669204712
423,3.326140880584717
424,2.819063186645508
425,3.2733306884765625
426,3.274707078933716
427,2.6626765727996826
428,2.8745315074920654
429,2.6345579624176025
430,2.790405511856079
431,2.839125156402588
432,2.7922701835632324
433,2.898158073425293
434,3.5996689796447754
435,3.0741941928863525
436,2.5004777908325195
437,2.6252126693725586
438,2.9546151161193848
439,2.855847120285034
440,2.6311166286468506
441,2.840075969696045
442,3.0529258251190186
443,3.678475856781006
444,3.2610373497009277
445,2.7345550060272217
446,3.419264554977417
447,2.7902684211730957
448,2.8997530937194824
449,2.830986976623535
450,2.839735269546509
451,3.0328142642974854
452,3.0553598403930664
453,3.004159927368164
454,3.1694343090057373
455,2.8340578079223633
456,2.8398547172546387
457,2.978893995285034
458,3.0400187969207764
459,3.204328775405884
460,3.3563618659973145
461,3.0619630813598633
462,2.5934770107269287
463,3.1386051177978516
464,2.9004955291748047
465,2.806185483932495
466,2.9539554119110107
467,2.8559460639953613
468,2.5886216163635254
469,3.0519347190856934
470,3.0587174892425537
471,3.2797367572784424
472,2.6472716331481934
473,2.703993558883667
474,2.943094253540039
475,2.853001117706299
476,2.756053924560547
477,2.9501421451568604
478,2.9548840522766113
479,2.5696144104003906
480,2.657132387161255
481,3.1060574054718018
482,2.5292482376098633
483,2.415048599243164
484,2.454249143600464
485,2.8218023777008057
486,2.8248002529144287
487,3.2951250076293945
488,3.307600736618042
489,3.039806365966797
490,2.8388431072235107
491,3.0146753787994385
492,2.832587242126465
493,2.4862968921661377
494,3.058298349380493
495,2.6802051067352295
496,3.0542168617248535
497,2.880748987197876
498,3.11043119430542
499,3.272507667541504
500,2.798088550567627
501,2.7324044704437256
502,3.125476837158203
503,2.4628586769104004
504,2.8816916942596436
505,3.3594019412994385
506,2.821775436401367
507,2.7698776721954346
508,2.6294682025909424
509,2.934607744216919
510,2.990290880203247
511,2.9088850021362305
512,3.1635208129882812
513,2.722353935241699
514,2.834031820297241
515,2.836822509765625
516,2.7516965866088867
517,3.106187582015991
518,2.644244432449341
519,2.4882090091705322
520,3.2099862098693848
521,3.35260009765625
522,3.1441125869750977
523,2.47156023979187
524,3.1021904945373535
525,3.372455358505249
526,2.735703945159912
527,3.2804813385009766
528,2.8924496173858643
529,2.677401542663574
530,3.135439157485962
531,3.1784956455230713
532,3.005218744277954
533,2.973581075668335
534,2.960080623626709
535,2.9688169956207275
536,2.830749273300171
537,2.911928176879883
538,2.3726606369018555
539,2.8822240829467773
540,2.980578660964966
541,2.532454252243042
542,2.785217523574829
543,3.3859307765960693
544,3.128535270690918
545,2.949398994445801
546,3.1124629974365234
547,3.195969343185425
548,3.040205240249634
549,3.1281845569610596
550,2.84897518157959
551,3.157202959060669
552,3.0936152935028076
553,2.8280248641967773
554,2.9079203605651855
555,2.9075119495391846
556,2.9137818813323975
557,2.6544556617736816
558,3.4930341243743896
559,3.0745906829833984
560,2.6259846687316895
561,3.0913054943084717
562,3.2239127159118652
563,2.7252357006073
564,2.7549095153808594
565,2.84108567237854
566,2.947646141052246
567,3.2150650024414062
568,2.7283921241760254
569,3.4414632320404053
570,3.056879997253418
571,2.664128303527832
572,2.9679017066955566
573,3.1628355979919434
574,2.8474392890930176
575,3.1377296447753906
576,2.885810613632202
577,3.0179340839385986
578,2.638456106185913
579,2.8421003818511963
580,2.8178465366363525
581,3.6212332248687744
582,3.2718849182128906
583,3.0711448192596436
584,2.7928895950317383
585,2.587874412536621
586,3.078261375427246
587,2.766237735748291
588,2.8184378147125244
589,2.9464478492736816
590,2.8600361347198486
591,3.132808208465576
592,2.6651782989501953
593,3.272643566131592
594,2.963691234588623
595,3.331087827682495
596,3.067220687866211
597,2.813018321990967
570,2.514815092086792
571,2.52778697013855
572,2.3007586002349854
573,3.0801148414611816
574,2.6852686405181885
575,2.4177639484405518
576,2.7590935230255127
577,2.6605896949768066
578,2.4741218090057373
579,2.9359049797058105
580,3.001250982284546
581,2.749030113220215
582,2.8883471488952637
583,2.765634059906006
584,2.6748626232147217
585,2.815823793411255
586,2.737412214279175
587,2.685117721557617
588,2.516598701477051
589,2.7165279388427734
590,2.498070240020752
591,2.784247875213623
592,2.3517160415649414
593,2.7965457439422607
594,2.780726671218872
595,2.7745864391326904
596,2.256225109100342
597,2.872300624847412
598,2.555805206298828
599,2.711487293243408
600,3.1883983612060547
601,2.70900559425354
602,3.1074798107147217
603,2.875521659851074
604,2.5755200386047363
605,2.9693212509155273
606,2.8149545192718506
607,2.9338080883026123
608,2.5061347484588623
609,2.9168877601623535
610,2.829798936843872
611,2.825425624847412
612,2.536576271057129
613,2.4767706394195557
614,2.582034111022949
615,3.0833957195281982
616,2.75059175491333
617,2.7111291885375977
618,2.8323817253112793
619,3.0643951892852783
620,3.034156560897827
621,2.6890149116516113
622,2.858114242553711
623,2.4703316688537598
624,2.551433563232422
625,3.179880142211914
626,2.7920494079589844
627,2.793222665786743
628,2.5725276470184326
629,2.855875253677368
630,2.782759428024292
631,2.336425304412842
632,3.184227466583252
633,2.5331075191497803
634,3.055262327194214
635,3.1770105361938477
636,3.1043853759765625
637,2.9176828861236572
638,2.5638833045959473
639,2.770092248916626
640,2.9100711345672607
641,2.6569128036499023
642,2.8291397094726562
643,3.040011167526245
644,3.044374704360962
645,2.5843472480773926
646,2.9477622509002686
647,3.1862056255340576
648,3.0533974170684814
649,2.6007988452911377
650,2.531817674636841
651,2.7623636722564697
652,2.701504707336426
653,2.852353572845459
654,2.5760223865509033
655,2.754277229309082
656,2.7830939292907715
657,2.7452845573425293
658,2.648062229156494
659,2.684738874435425
660,2.4561827182769775
661,2.6110682487487793
662,2.5595240592956543
663,2.529839038848877
664,2.469348430633545
665,3.413722038269043
666,2.8896467685699463
667,2.5461297035217285
668,2.8754279613494873
669,2.5647876262664795
670,2.7096939086914062
671,3.016970157623291
672,2.8431692123413086
673,2.6353282928466797
674,2.3462328910827637
675,2.896972894668579
676,2.9705073833465576
677,2.2983975410461426
678,2.5763912200927734
679,2.9844448566436768
680,2.792395830154419
681,3.05058217048645
682,3.11138916015625
683,2.8192481994628906
684,2.461064577102661
685,2.5105197429656982
686,2.9073286056518555
687,2.8844897747039795
688,2.910209894180298
689,3.15303635597229
690,3.013834238052368
691,2.6798527240753174
692,2.892796754837036
693,3.3894340991973877
694,3.5405142307281494
695,2.409339189529419
696,2.750962495803833
697,2.5343079566955566
698,2.5867936611175537
699,2.551621675491333
700,2.7385106086730957
701,2.541592597961426
702,3.218661308288574
703,2.9858908653259277
704,2.9275612831115723
705,3.0247182846069336
706,3.025338888168335
707,2.3985323905944824
708,2.9200143814086914
709,2.8926920890808105
710,3.0592682361602783
711,2.826265573501587
712,2.733722448348999
713,2.772829294204712
714,2.9087612628936768
715,2.8657288551330566
716,2.534019708633423
717,2.813554286956787
718,2.7308037281036377
719,2.7113566398620605
720,2.621704578399658
721,2.569723129272461
722,2.812500476837158
723,2.660399913787842
724,2.8350980281829834
725,2.609328031539917
726,2.713319778442383
727,2.712960720062256
728,2.7359113693237305
729,3.1640806198120117
730,3.1656229496002197
731,2.677091598510742
732,2.9445927143096924
733,3.137810468673706
734,3.0524682998657227
735,2.6913483142852783
736,2.721705198287964
737,2.878915309906006
738,2.576519727706909
739,2.8057355880737305
740,2.5564217567443848
741,3.151197671890259
742,2.9471280574798584
743,2.8195736408233643
744,2.94706654548645
745,2.5832982063293457
746,2.619596004486084
747,2.4000954627990723
748,2.507244825363159
749,2.6227502822875977
750,2.6848690509796143
751,2.507765531539917
752,2.9824161529541016
753,2.73742413520813
754,3.1418490409851074
755,2.660698175430298
756,2.481109857559204
757,2.6750357151031494
758,2.4231138229370117
759,2.4077329635620117
760,2.932771921157837
761,2.5224714279174805
762,2.7625648975372314
763,3.018144130706787
764,3.0864098072052
765,2.589730978012085
766,2.3632168769836426
767,2.9606528282165527
768,2.4219231605529785
769,2.7282259464263916
770,2.782195806503296
771,3.153649091720581
772,2.7522926330566406
773,2.848470449447632
774,2.7157182693481445
775,2.64215350151062
776,3.252058744430542
777,2.9661545753479004
778,2.575092315673828
779,2.7661831378936768
780,2.7088019847869873
781,3.0066018104553223
782,2.8531064987182617
783,2.3578357696533203
784,2.560288190841675
785,2.578629732131958
786,2.8528494834899902
787,2.583934783935547
788,2.943575620651245
789,2.8230276107788086
790,2.3645882606506348
791,2.721703052520752
792,2.4642715454101562
793,2.6764349937438965
794,2.916456460952759
795,3.5045406818389893
796,2.7900586128234863
797,3.0538763999938965
798,2.7009711265563965
799,2.818831443786621
800,2.926863193511963
801,2.3991055488586426
802,2.984809398651123
803,2.297746181488037
804,2.5045056343078613
805,2.9597768783569336
806,2.715204954147339
807,2.685563802719116
808,2.2819132804870605
809,2.56001615524292
810,3.2430970668792725
811,2.8785736560821533
812,3.2994561195373535
813,2.438523769378662
814,2.677154302597046
815,2.6553752422332764
816,2.5176408290863037
817,2.317028522491455
818,2.6533913612365723
819,2.640080451965332
820,2.6148033142089844
821,2.56493878364563
822,2.9512152671813965
823,2.6180644035339355
824,2.878826856613159
825,2.808290958404541
826,3.0644021034240723
827,2.8167226314544678
828,3.038515329360962
829,2.2848384380340576
830,3.0758049488067627
831,2.295900583267212
832,2.7390143871307373
833,2.711843490600586
834,2.072136640548706
835,2.807100534439087
836,2.718749523162842
837,2.7183351516723633
838,3.03277587890625
839,2.786590814590454
840,3.0439388751983643
841,2.554515838623047
842,2.9267401695251465
843,2.665276050567627
844,2.748253583908081
845,2.659874200820923
846,2.8584301471710205
847,2.587677478790283
848,2.760110855102539
849,2.929582118988037
850,2.623286247253418
851,3.0438284873962402
852,2.4440531730651855
853,2.8067047595977783
854,2.7387919425964355
855,2.6651742458343506
856,2.517444610595703
857,2.2464804649353027
858,2.7431962490081787
859,3.4307312965393066
860,2.8830406665802
861,2.787775993347168
862,2.5733392238616943
863,2.702242851257324
864,2.4915621280670166
865,3.3409407138824463
866,2.655003786087036
867,2.7113211154937744
868,3.1989340782165527
869,3.260664939880371
870,2.912670135498047
871,3.0203096866607666
872,2.79194712638855
873,3.2236709594726562
874,2.731724262237549
875,2.6892738342285156
876,2.6661276817321777
877,2.721186399459839
878,3.008305072784424
879,3.1076083183288574
880,2.5123112201690674
881,2.7100987434387207
882,2.8890907764434814
883,3.015753984451294
884,2.611680269241333
885,2.7473366260528564
886,2.604281425476074
887,3.0900657176971436
888,2.893375873565674
889,2.9862120151519775
890,2.77451491355896
891,2.851996660232544
892,3.2215867042541504
893,2.5140578746795654
894,3.127816915512085
895,2.5980100631713867
896,2.591076374053955
897,2.490264654159546
898,2.452950954437256
899,2.8972673416137695
900,2.894979953765869
901,2.8410110473632812
902,2.6781392097473145
903,3.1007394790649414
904,2.809786081314087
905,2.982649326324463
906,2.7069404125213623
907,2.5459136962890625
908,3.248539924621582
909,2.450127124786377
910,3.0202994346618652
911,2.904946804046631
912,2.739609718322754
913,2.678297758102417
914,2.7161872386932373
915,2.7892332077026367
916,2.753264904022217
917,3.0571372509002686
918,2.87129282951355
919,2.7788546085357666
920,2.3022382259368896
921,2.9891629219055176
922,2.3945910930633545
923,2.6781046390533447
924,2.201744318008423
925,3.4122610092163086
926,2.7216575145721436
927,2.914170026779175
928,3.2416703701019287
929,2.690782308578491
930,2.6182968616485596
931,2.8776135444641113
932,2.9635393619537354
933,2.341646432876587
934,2.878143787384033
935,2.8526382446289062
936,2.795567274093628
937,2.3206403255462646
938,3.059903621673584
939,2.7860100269317627
940,2.8732292652130127
941,2.7459099292755127
942,2.753025531768799
943,2.739128351211548
944,2.5801126956939697
945,3.4364876747131348
946,2.8729264736175537
947,3.0021793842315674
948,2.779602527618408
949,2.5317342281341553
950,2.6067419052124023
951,2.9326541423797607
952,2.784177303314209
953,2.2814693450927734
954,3.11911678314209
955,2.673006057739258
956,2.2525901794433594
957,2.667675256729126
958,2.898519277572632
959,2.9207406044006348
960,2.5593976974487305
961,3.0268027782440186
962,2.6437346935272217
963,2.891554117202759
964,2.7131426334381104
965,2.7591867446899414
966,2.5244407653808594
967,2.7854626178741455
968,2.9816787242889404
969,3.046295404434204
970,2.4072272777557373
971,2.5066139698028564
972,2.746598720550537
973,2.5114378929138184
974,2.746377468109131
975,2.8651466369628906
976,2.814589500427246
977,2.6068267822265625
978,2.941145420074463
979,2.4298293590545654
980,2.7350876331329346
981,2.7689924240112305
982,2.9416725635528564
983,2.5298922061920166
984,2.787041664123535
985,2.876511812210083
986,2.9779884815216064
987,3.175311803817749
988,2.8138320446014404
989,2.5315232276916504
990,2.7138357162475586
991,3.061413526535034
992,3.1953988075256348
993,2.9194860458374023
994,2.7743752002716064
995,2.4533395767211914
996,2.809143304824829
997,2.6263427734375
998,2.653371572494507
999,2.7500627040863037
1000,2.1643459796905518
1001,2.7239463329315186
1002,2.701808452606201
1003,2.8192622661590576
1004,3.2295989990234375
1005,2.7988462448120117
1006,2.750614643096924
1007,3.0934557914733887
1008,3.585803270339966
1009,3.1782875061035156
1010,2.5361416339874268
1011,2.7733983993530273
1012,2.8162403106689453
1013,2.5793533325195312
1014,2.5432209968566895
1015,2.658665895462036
1016,2.5647425651550293
1017,2.9028379917144775
1018,2.659742593765259
1019,2.8024051189422607
1020,2.9674627780914307
1021,2.8739209175109863
1022,2.8608500957489014
1023,2.8539388179779053
1024,2.6427934169769287
1025,2.810453176498413
1026,2.9508631229400635
1027,3.1137592792510986
1028,2.6580090522766113
1029,3.290658950805664
1030,2.7115371227264404
1031,2.8170814514160156
1032,2.427752733230591
1033,2.610445737838745
1034,2.7433059215545654
1035,2.765801429748535
1036,2.6573688983917236
1037,2.6221187114715576
1038,2.87496018409729
1039,2.7777411937713623
1040,2.83720064163208
1041,2.2852766513824463
1042,2.444347381591797
1043,2.755009889602661
1044,2.9865572452545166
1045,2.8154892921447754
1046,2.488995313644409
1047,2.968052864074707
1048,3.349599599838257
1049,2.4848742485046387
1050,3.0272607803344727
1051,2.701011896133423
1052,2.437638998031616
1053,2.658864974975586
1054,2.732729434967041
1055,2.823413133621216
1056,2.815579652786255
1057,2.9666647911071777
1058,2.8631539344787598
1059,2.3587820529937744
1060,2.896021604537964
1061,2.711042642593384
1062,2.4821906089782715
1063,3.1368978023529053
1064,3.1400065422058105
1065,2.832658290863037
1066,2.879824161529541
1067,2.839489698410034
1068,2.5522496700286865
1069,3.3748457431793213
1070,2.8857831954956055
1071,3.4078216552734375
1072,2.686105251312256
1073,2.6617958545684814
1074,2.6279094219207764
1075,2.6534266471862793
1076,2.6326496601104736
1077,2.7170934677124023
1078,2.714460611343384
1079,2.73701548576355
1080,2.8967483043670654
1081,2.8490335941314697
1082,2.5721869468688965
1083,2.734523057937622
1084,2.680198907852173
1085,2.710285186767578
1086,2.7817158699035645
1087,2.521019697189331
1088,2.5534753799438477
1089,2.5298101902008057
1090,2.6262753009796143
1091,2.964017152786255
1092,2.768867015838623
1093,3.2282261848449707
1094,2.9645259380340576
1095,2.5185706615448
1096,2.8255455493927
1097,2.866771697998047
1098,3.032574415206909
1099,2.6199610233306885
1100,2.98877215385437
1101,3.112379550933838
1102,2.7986462116241455
1103,2.645468235015869
1104,2.4966602325439453
1105,3.2573819160461426
1106,2.3062310218811035
1107,3.1014769077301025
1108,2.8231635093688965
1109,2.991361141204834
1110,2.7454142570495605
1111,2.833451986312866
1112,2.554929256439209
1113,2.4604148864746094
1114,3.1393415927886963
1115,2.9484236240386963
1116,2.7246205806732178
1117,2.80379056930542
1118,2.9814929962158203
1119,2.6787149906158447
1120,3.080671548843384
1121,2.9762184619903564
1122,2.680866241455078
1123,2.5248451232910156
1124,2.923741102218628
1125,2.735382556915283
1126,2.6593966484069824
1127,2.56205415725708
1128,2.874842882156372
1129,2.466296911239624
1130,2.750659227371216
1131,3.074169397354126
1132,3.159425735473633
1133,2.6411476135253906
1134,2.6717050075531006
1135,2.299024820327759
1136,2.3319432735443115
1137,2.6202685832977295
1138,3.0913238525390625
1139,2.6494686603546143
1140,2.331772565841675
1141,3.014631509780884
1142,3.385108232498169
1143,2.882615566253662
1144,2.2242801189422607
1145,2.9212427139282227
1146,2.443232297897339
1147,3.4831740856170654
1148,2.638200044631958
1149,2.3084113597869873
1150,2.3702552318573
1151,2.5683915615081787
1152,2.5711350440979004
1153,2.9212422370910645
1154,2.3187384605407715
1155,2.870523452758789
1156,2.6682450771331787
1157,3.122098207473755
1158,2.9921865463256836
1159,2.561652183532715
1160,3.0373826026916504
1161,3.046943187713623
1162,2.914106845855713
1163,2.388644218444824
1164,2.8587167263031006
1165,2.8439483642578125
1166,2.582634687423706
1167,2.9912350177764893
1168,3.1857409477233887
1169,3.000288963317871
1170,2.8612923622131348
1171,2.57242751121521
1172,2.4151320457458496
1173,2.8503854274749756
1174,2.5152339935302734
1175,2.422917604446411
1176,2.5400350093841553
1177,3.0094242095947266
1178,3.056370735168457
1179,2.858468770980835
1180,2.7083981037139893
1181,3.0161025524139404
1182,3.101590871810913
1183,2.5148868560791016
1184,2.4063940048217773
1185,3.0573928356170654
1186,2.7802438735961914
1187,2.699787139892578
1188,2.6298818588256836
1189,2.295994281768799
1190,2.7355451583862305
1191,2.7530386447906494
1192,2.7285208702087402
1193,2.146312713623047
1194,2.6100516319274902
1195,2.3742239475250244
1196,2.799502372741699
1197,2.7599921226501465
1198,3.130207061767578
1199,2.7135729789733887
1200,3.0068047046661377
1201,2.5648765563964844
1202,2.7798051834106445
1203,2.659623146057129
1204,2.797489881515503
1205,2.707411289215088
1206,2.8329179286956787
1207,2.6043734550476074
1208,2.4875144958496094
1209,2.748029947280884
1210,2.748586654663086
1211,2.8011622428894043
1212,3.1822614669799805
1213,2.721346139907837
1214,2.7125284671783447
1215,2.7152199745178223
1216,3.234971284866333
1217,2.678928852081299
1218,2.7065823078155518
1219,2.5639407634735107
1220,3.1713430881500244
1221,2.8235135078430176
1222,2.816404104232788
1223,2.2682368755340576
1224,2.597799777984619
1225,2.469226121902466
1226,3.1018340587615967
1227,2.4666614532470703
1228,2.8040671348571777
1229,3.13344407081604
1230,2.76526141166687
1231,2.8863658905029297
1232,2.749093532562256
1233,2.422424793243408
1234,3.0395617485046387
1235,2.7486822605133057
1236,2.5453433990478516
1237,3.234739065170288
1238,2.903989553451538
1239,2.7350707054138184
1240,2.6557703018188477
1241,2.6457276344299316
1242,2.930438280105591
1243,2.6073598861694336
1244,2.9114058017730713
1245,2.970867872238159
1246,2.696672201156616
1247,3.0898020267486572
1248,3.2282419204711914
1249,2.9918651580810547
1250,2.7041118144989014
1251,2.682631015777588
1252,2.87690806388855
1253,2.6469602584838867
1254,2.425809860229492
1255,2.959876775741577
1256,2.6127712726593018
1257,2.8689894676208496
1258,2.6099002361297607
1259,2.9564051628112793
1260,2.905512571334839
1261,2.8314576148986816
1262,2.629748821258545
1263,2.7587509155273438
1264,2.674137830734253
1265,3.0154950618743896
1266,3.2206685543060303
1267,2.9132866859436035
1268,2.605740785598755
1269,3.054192066192627
1270,2.364743709564209
1271,2.65824031829834
1272,2.3782613277435303
1273,2.4965591430664062
1274,2.852808952331543
1275,2.6934142112731934
1276,2.4917478561401367
1277,2.769099473953247
1278,2.7495644092559814
1279,3.044095516204834
1280,2.9022116661071777
1281,2.6598317623138428
1282,2.677931785583496
1283,2.931544303894043
1284,2.710007905960083
1285,2.5736560821533203
1286,2.645068407058716
1287,3.4527223110198975
1288,2.645909070968628
1289,2.6015195846557617
1290,3.1176319122314453
1291,2.7319674491882324
1292,2.559640884399414
1293,2.7908058166503906
1294,3.244198799133301
1295,2.8351595401763916
1296,2.6225404739379883
1297,2.884927272796631
1298,2.6106698513031006
1299,3.0615670680999756
1300,2.8794596195220947
1301,2.8355236053466797
1302,2.3449594974517822
1303,3.02583384513855
1304,2.909088611602783
1305,2.858802318572998
1306,2.8015551567077637
1307,2.9217183589935303
1308,2.5471112728118896
1309,2.6510114669799805
1310,3.188265085220337
1311,2.4434878826141357
1312,2.6798949241638184
1313,2.3137245178222656
1314,2.6546425819396973
1315,2.671929121017456
1316,2.516629695892334
1317,2.8123257160186768
1318,2.872910976409912
1319,2.9384765625
1320,2.793010711669922
1321,2.9078967571258545
1322,3.1703848838806152
1323,2.512596368789673
1324,3.3271546363830566
1325,2.7145638465881348
1326,2.583038330078125
1327,3.1933250427246094
1328,2.3073012828826904
1329,2.571331024169922
1330,3.024301528930664
1331,2.824496030807495
1332,2.742823362350464
1333,2.6111042499542236
1334,2.510159969329834
1335,2.7594144344329834
1336,3.093937635421753
1337,2.5755834579467773
1338,2.455004930496216
1339,2.693051815032959
1340,2.471017360687256
1341,2.984577178955078
1342,2.9372949600219727
1343,3.5191259384155273
1344,2.754335641860962
1345,2.332292079925537
1346,2.9243404865264893
1347,3.089008092880249
1348,2.558711290359497
1349,2.7269179821014404
1350,3.08419132232666
1351,2.746978759765625
1352,3.2096452713012695
1353,2.8295629024505615
1354,2.6143219470977783
1355,2.8938233852386475
1356,3.1793110370635986
1357,2.9662961959838867
1358,3.1041860580444336
1359,3.0651073455810547
1360,2.3699088096618652
1361,3.0942649841308594
1362,2.5632057189941406
1363,2.6422722339630127
1364,2.4039931297302246
1365,3.048525810241699
1366,2.8024256229400635
1367,3.006510019302368
1368,2.722329616546631
1369,2.395477533340454
1370,2.623013496398926
1371,2.7050909996032715
1372,2.5787174701690674
1373,3.129284620285034
1374,3.0946006774902344
1375,2.8499915599823
1376,2.64351749420166
1377,3.2315378189086914
1378,2.9109060764312744
1379,2.6391396522521973
1380,2.878185272216797
1381,2.925985813140869
1382,3.5454983711242676
1383,2.858940839767456
1384,2.648526430130005
1385,2.9882760047912598
1386,2.803492546081543
1387,3.031776189804077
1388,2.856595516204834
1389,2.949397087097168
1390,3.069714307785034
1391,2.759352445602417
1392,2.9581849575042725
1393,2.65877628326416
1394,2.0931971073150635
1395,2.827122449874878
1396,3.164818525314331
1397,2.5040664672851562
1398,2.338702917098999
1399,2.7292089462280273
1400,2.505579948425293
1401,2.762303113937378
1402,2.459545135498047
1403,3.0107486248016357
1404,2.8042144775390625
1405,3.330838203430176
1406,2.6389098167419434
1407,2.3475451469421387
1408,2.833885431289673
1409,3.0232601165771484
1410,2.859125852584839
1411,2.719357967376709
1412,2.8541760444641113
1413,2.9072115421295166
1414,2.8079984188079834
1415,2.9767487049102783
1416,2.6591029167175293
1417,2.7076995372772217
1418,2.9366116523742676
1419,2.913114070892334
1420,2.6798601150512695
1421,2.650904417037964
1422,2.9574050903320312
1423,2.9959964752197266
1424,3.072847366333008
1425,3.080920934677124
1426,2.5646255016326904
1427,2.5468387603759766
1428,2.492436170578003
1429,2.809614896774292
1430,3.112839698791504
1431,2.5006065368652344
1432,2.48581600189209
1433,3.022181749343872
1434,2.4598262310028076
1435,2.7183656692504883
1436,2.6983344554901123
1437,2.6451971530914307
1438,2.769899606704712
1439,2.6514248847961426
1440,2.8733317852020264
1441,2.8174211978912354
1442,2.6478829383850098
1443,2.5609352588653564
1444,2.5161337852478027
1445,2.497603416442871
1446,2.629098892211914
1447,2.6545023918151855
1448,2.9072399139404297
1449,2.6739230155944824
1450,2.527311086654663
1451,2.8421761989593506
1452,2.2702667713165283
1453,2.5106263160705566
1454,2.6796252727508545
1455,3.0103447437286377
1456,2.352810859680176
1457,2.472909927368164
1458,3.039783477783203
1459,2.885101795196533
1460,2.724771738052368
1461,2.3800196647644043
1462,3.3229246139526367
1463,2.5865485668182373
1464,3.075573444366455
1465,2.5729072093963623
1466,3.163792610168457
1467,2.876628875732422
1468,2.9129741191864014
1469,2.3100979328155518
1470,3.138162851333618
1471,2.832576036453247
1472,3.105443000793457
1473,2.7444400787353516
1474,2.7992589473724365
1475,2.727470874786377
1476,2.8514797687530518
1477,2.653501033782959
1478,2.9018421173095703
1479,2.948873996734619
1480,2.9807136058807373
1481,3.070051670074463
1482,2.8169517517089844
1483,2.831256628036499
1484,2.7058663368225098
1485,2.733985185623169
1486,2.984530448913574
1487,3.121426582336426
1488,2.491637706756592
1489,3.0352015495300293
1490,2.899721145629883
1491,2.487691640853882
1492,2.6595864295959473
1493,2.76670503616333
1494,2.5708963871002197
1495,2.6100430488586426
1496,3.668412208557129
1497,2.8537864685058594
1498,2.5936131477355957
1499,2.703205108642578
1500,2.9590067863464355
1501,2.898237943649292
1502,2.9268665313720703
1503,2.7750492095947266
1504,2.325472593307495
1505,2.743772029876709
1506,2.6654069423675537
1507,2.9613523483276367
1508,2.542532444000244
1509,2.7867860794067383
1510,2.705800771713257
1511,2.834927558898926
1512,2.485219717025757
1513,2.7293002605438232
1514,2.918550729751587
1515,2.6578006744384766
1516,2.8172731399536133
1517,2.771477699279785
1518,2.663278579711914
1519,2.6078903675079346
1520,3.393984079360962
1521,2.9701149463653564
1522,2.9159090518951416
1523,2.7318625450134277
1524,2.5269625186920166
1525,2.357573986053467
1526,2.7168002128601074
1527,2.467639207839966
1528,2.5407936573028564
1529,2.733184814453125
1530,2.608171224594116
1531,2.793853282928467
1532,2.2710180282592773
1533,2.460617780685425
1534,2.83768892288208
1535,3.188955545425415
1536,2.691638946533203
1537,2.8385088443756104
1538,3.035813570022583
1539,3.0872790813446045
1540,2.52776837348938
1541,3.2263612747192383
1542,3.168942451477051
1543,3.4764692783355713
1544,2.882697105407715
1545,2.6079771518707275
1546,3.0848031044006348
1547,2.735206127166748
1548,2.553704023361206
1549,3.255833864212036
1550,2.7835564613342285
1551,2.841249704360962
1552,2.9467599391937256
1553,2.726670503616333
1554,2.6609601974487305
1555,3.0669538974761963
1556,2.9254682064056396
1557,3.001075029373169
1558,2.6497364044189453
1559,2.776562452316284
1560,2.8593406677246094
1561,2.575279712677002
1562,2.961181879043579
1563,2.2597861289978027
1564,2.9104864597320557
1565,2.546161413192749
1566,2.991856813430786
1567,2.675748109817505
1568,2.5724871158599854
1569,2.756937026977539
1570,2.372036933898926
1571,2.8372886180877686
1572,2.358563184738159
1573,2.558450698852539
1574,2.7080886363983154
1575,2.7566077709198
1576,2.613173007965088
1577,2.7798445224761963
1578,3.0377767086029053
1579,2.6555283069610596
1580,2.6317057609558105
1581,2.8595211505889893
1582,3.435605764389038
1583,2.796416997909546
1584,2.5995383262634277
1585,2.9841465950012207
1586,2.6274752616882324
1587,2.6298956871032715
1588,2.9528439044952393
1589,2.8397152423858643
1590,2.6016135215759277
1591,3.0177392959594727
1592,2.9462053775787354
1593,2.8563930988311768
1594,3.3081724643707275
1595,3.0068695545196533
1596,3.0297515392303467
1597,2.4336514472961426
1598,2.9160311222076416
1599,2.4056386947631836
1600,2.6179256439208984
1601,2.340094804763794
1602,2.6294353008270264
1603,2.573235034942627
1604,2.8034350872039795
1605,2.805234909057617
1606,2.965801239013672
1607,2.440443277359009
1608,2.6533806324005127
1609,2.2482681274414062
1610,3.0196330547332764
1611,2.8390634059906006
1612,2.707554817199707
1613,2.7805569171905518
1614,2.9388039112091064
1615,3.120960235595703
1616,3.181962728500366
1617,2.741396427154541
1618,2.7124760150909424
1619,2.5840048789978027
1620,2.972930431365967
1621,2.9940004348754883
1622,2.6653404235839844
1623,2.7595131397247314
1624,2.6272873878479004
1625,2.6821746826171875
1626,2.3156960010528564
1627,2.393866777420044
1628,2.7790887355804443
1629,2.684616804122925
1630,2.4539356231689453
1631,2.819506883621216
1632,2.752931594848633
1633,2.6191012859344482
1634,2.4346563816070557
1635,2.711243152618408
1636,2.7747368812561035
1637,2.8693809509277344
1638,3.1621570587158203
1639,2.7299282550811768
1640,2.8050832748413086
1641,2.5940663814544678
1642,2.8171651363372803
1643,2.6915321350097656
1644,2.6986136436462402
1645,2.7761425971984863
1646,2.4251046180725098
1647,2.824772357940674
1648,2.7823233604431152
1649,2.5564491748809814
1650,2.7171201705932617
1651,2.8001768589019775
1652,2.8947980403900146
1653,2.8607733249664307
1654,3.1305630207061768
1655,2.5940065383911133
1656,2.7902822494506836
1657,2.859651565551758
1658,2.801194429397583
1659,2.7382254600524902
1660,2.535914897918701
1661,2.717604398727417
1662,3.1530661582946777
1663,3.179596424102783
1664,2.60595440864563
1665,2.9215247631073
1666,2.8069052696228027
1667,2.9661965370178223
1668,2.6084020137786865
1669,2.2469425201416016
1670,2.534209728240967
1671,2.9706950187683105
1672,2.9067442417144775
1673,2.7251029014587402
1674,2.880650281906128
1675,2.493518829345703
1676,2.4021573066711426
1677,2.7088522911071777
1678,2.611180305480957
1679,2.719374179840088
1680,2.828174591064453
1681,2.9450418949127197
1682,2.447354555130005
1683,2.1435227394104004
1684,2.4751296043395996
1685,2.548830270767212
1686,2.8125834465026855
1687,2.7437734603881836
1688,2.8771138191223145
1689,2.4208250045776367
1690,2.5425267219543457
1691,2.3451297283172607
1692,2.9401118755340576
1693,2.4340741634368896
1694,2.819960117340088
1695,2.6432037353515625
1696,2.813854932785034
1697,3.2249412536621094
1698,3.1408801078796387
1699,2.585592031478882
1700,3.1106176376342773
1701,2.852121591567993
1702,2.714373826980591
1703,2.8939268589019775
1704,2.5410947799682617
1705,2.6625990867614746
1706,2.4165353775024414
1707,2.8449981212615967
1708,2.561582326889038
1709,2.831629514694214
1710,3.0248472690582275
1711,2.56881046295166
1712,2.6024081707000732
1713,2.8670413494110107
1714,2.4476208686828613
1715,2.7968552112579346
1716,2.9517784118652344
1717,2.8014609813690186
1718,2.1174135208129883
1719,2.7041072845458984
1720,2.3508172035217285
1721,2.7273459434509277
1722,2.639897346496582
1723,2.940298557281494
1724,2.5610837936401367
1725,2.744439125061035
1726,3.012833595275879
1727,2.6689324378967285
1728,2.9474284648895264
1729,2.7604727745056152
1730,2.5442447662353516
1731,2.8207662105560303
1732,2.9907162189483643
1733,2.954989433288574
1734,2.9656178951263428
1735,2.6057229042053223
1736,2.621856927871704
1737,2.4871182441711426
1738,3.115777015686035
1739,2.7593870162963867
1740,3.035839080810547
1741,2.965712308883667
1742,3.0421886444091797
1743,2.845552444458008
1744,2.559894323348999
1745,2.488893985748291
1746,2.987720012664795
1747,2.6418890953063965
1748,2.5170860290527344
1749,2.6004977226257324
1750,2.6290433406829834
1751,2.9468164443969727
1752,2.653918743133545
1753,2.4900972843170166
1754,2.731229305267334
1755,3.116748809814453
1756,2.488670587539673
1757,2.9715452194213867
1758,2.5077600479125977
1759,2.735750198364258
1760,3.337078094482422
1761,2.607743978500366
1762,3.1138739585876465
1763,2.302550792694092
1764,2.927246570587158
1765,2.43052339553833
1766,2.8091540336608887
1767,3.0590827465057373
1768,2.673234462738037
1769,2.6560401916503906
1770,2.933079719543457
1771,2.8562862873077393
1772,2.7590274810791016
1773,2.4681577682495117
1774,2.793365955352783
1775,2.8032212257385254
1776,2.9204885959625244
1777,2.6593635082244873
1778,3.057941436767578
1779,3.386214017868042
1780,2.968827486038208
1781,2.667473793029785
1782,2.423053026199341
1783,3.092257261276245
1784,3.0173022747039795
1785,2.68766713142395
1786,2.7182600498199463
1787,2.6076183319091797
1788,2.611393690109253
1789,2.60762095451355
1790,2.738210678100586
1791,2.7026078701019287
1792,2.631608009338379
1793,2.6518380641937256
1794,2.8463072776794434
1795,2.5818240642547607
1796,3.037207841873169
1797,2.6413002014160156
1798,2.3774142265319824
1799,2.840188980102539
1800,2.865064859390259
1801,2.582946300506592
1802,2.9556398391723633
1803,2.9547414779663086
1804,2.655080795288086
1805,2.702916383743286
1806,3.082427740097046
1807,2.945131778717041
1808,2.7983200550079346
1809,2.818373918533325
1810,2.592423677444458
1811,2.7464778423309326
1812,3.313871145248413
1813,2.6849052906036377
1814,2.8926188945770264
1815,2.7366397380828857
1816,2.37039852142334
1817,2.4943225383758545
1818,2.831637382507324
1819,2.701385498046875
1820,2.9184863567352295
1821,2.812532901763916
1822,2.4373362064361572
1823,2.6309900283813477
1824,2.7832441329956055
1825,3.201409101486206
1826,3.2331223487854004
1827,3.044595718383789
1828,2.7885806560516357
1829,2.752338409423828
1830,2.5418267250061035
1831,2.416172742843628
1832,3.4874444007873535
1833,2.9201502799987793
1834,2.352435350418091
1835,2.7837271690368652
1836,2.873786449432373
1837,2.4563493728637695
1838,2.8235743045806885
1839,3.1134390830993652
1840,2.7437310218811035
1841,2.845625162124634
1842,3.0766053199768066
1843,2.732813596725464
1844,2.93854022026062
1845,2.7245094776153564
1846,3.2082157135009766
1847,2.7822859287261963
1848,2.7765614986419678
1849,3.0174450874328613
1850,3.46659255027771
1851,3.16135835647583
1852,2.7615628242492676
1853,2.620089054107666
1854,2.9911201000213623
1855,2.884000301361084
1856,2.5712499618530273
1857,3.0584635734558105
1858,2.6554713249206543
1859,2.7854366302490234
1860,2.321723699569702
1861,2.725642442703247
1862,2.600872039794922
1863,2.5837955474853516
1864,2.9071264266967773
1865,3.054459571838379
1866,2.493793249130249
1867,2.5641772747039795
1868,2.8586158752441406
1869,3.0497119426727295
1870,2.332547426223755
1871,3.031844139099121
1872,2.605544090270996
1873,2.9080557823181152
1874,3.049264907836914
1875,2.48394775390625
1876,2.701068639755249
1877,3.218079090118408
1878,2.6387107372283936
1879,2.453036308288574
1880,2.711489677429199
1881,2.731330633163452
1882,2.9363012313842773
1883,2.8913815021514893
1884,2.7753758430480957
1885,2.3642470836639404
1886,2.721687078475952
1887,2.7085955142974854
1888,2.750112295150757
1889,3.0177364349365234
1890,2.9266836643218994
1891,2.3514699935913086
1892,2.7372567653656006
1893,3.0697243213653564
1894,3.048920154571533
1895,2.7857961654663086
1896,2.4236273765563965
1897,2.502898693084717
1898,2.4854485988616943
1899,2.385634422302246
1900,2.904268741607666
1901,2.7687511444091797
1902,2.717456340789795
1903,3.00543212890625
1904,2.746767520904541
1905,2.5933046340942383
1906,2.4744601249694824
1907,2.5393197536468506
1908,2.672044277191162
1909,3.054058074951172
1910,2.5984160900115967
1911,2.614936590194702
1912,2.5810999870300293
1913,2.8271515369415283
1914,2.6011626720428467
1915,3.163266897201538
1916,3.147758722305298
1917,2.6223249435424805
1918,2.7088510990142822
1919,2.8996193408966064
1920,2.817279815673828
1921,2.775338888168335
1922,2.9562766551971436
1923,2.8787522315979004
1924,2.7836079597473145
1925,2.389836311340332
1926,2.687525749206543
1927,2.9812064170837402
1928,2.7182998657226562
1929,2.5503435134887695
1930,3.0517425537109375
1931,2.81888484954834
1932,2.7180511951446533
1933,2.5491719245910645
1934,2.52485990524292
1935,2.6918070316314697
1936,2.98606276512146
1937,2.7310104370117188
1938,3.014979839324951
1939,3.0428953170776367
1940,2.762101173400879
1941,2.731952667236328
1942,2.8728551864624023
1943,2.8032126426696777
1944,2.4226324558258057
1945,2.745607852935791
1946,2.343838691711426
1947,2.7924070358276367
1948,3.1145377159118652
1949,2.8530056476593018
1950,2.7702548503875732
1951,2.847287178039551
1952,2.529330253601074
1953,2.3885984420776367
1954,2.890773296356201
1955,2.778672695159912
1956,3.1159026622772217
1957,2.8061411380767822
1958,2.9170358180999756
1959,2.9381701946258545
1960,2.624807834625244
1961,2.5261714458465576
1962,2.712709903717041
1963,2.632265567779541
1964,3.1210451126098633
1965,2.7337584495544434
1966,2.299024820327759
1967,2.814861297607422
1968,2.289315938949585
1969,2.7522830963134766
1970,2.4697911739349365
1971,2.6568539142608643
1972,3.269643783569336
1973,2.943653106689453
1974,2.4924654960632324
1975,2.833003282546997
1976,3.0792222023010254
1977,2.9422903060913086
1978,2.6334657669067383
1979,2.62784481048584
1980,3.316199779510498
1981,2.839134693145752
1982,2.760438919067383
1983,2.6078124046325684
1984,2.934903144836426
1985,2.679676055908203
1986,2.6199042797088623
1987,2.8090662956237793
1988,2.9202232360839844
1989,3.009596586227417
1990,2.516592502593994
1991,2.4514057636260986
1992,2.777602434158325
1993,2.6402547359466553
1994,2.849759578704834
1995,2.7534050941467285
1996,2.8516008853912354
1997,3.2711212635040283
1998,2.2769861221313477
1999,2.7549490928649902
2000,3.0078537464141846
2001,3.3502910137176514
2002,2.8637804985046387
2003,3.143296718597412
2004,2.3764944076538086
2005,2.6568565368652344
2006,2.787215232849121
2007,2.988710880279541
2008,2.563420295715332
2009,2.9306507110595703
2010,2.9758663177490234
2011,3.1160788536071777
2012,2.8773231506347656
2013,2.609633445739746
2014,2.7327380180358887
2015,2.9518375396728516
2016,2.5363898277282715
2017,2.5694022178649902
2018,2.825878381729126
2019,2.5646138191223145
2020,2.6303091049194336
2021,2.525599718093872
2022,2.791774272918701
2023,2.4326791763305664
2024,2.717139720916748
2025,2.5789265632629395
2026,2.537050247192383
2027,2.613459348678589
2028,2.927433729171753
2029,2.575773000717163
2030,2.8671867847442627
2031,2.619985818862915
2032,3.0177700519561768
2033,2.73702335357666
2034,2.5352389812469482
2035,2.789170265197754
2036,2.710225820541382
2037,2.6847355365753174
2038,2.7904129028320312
2039,2.8665318489074707
2040,2.984104633331299
2041,2.527528762817383
2042,2.8251609802246094
2043,2.4457762241363525
2044,2.2650420665740967
2045,2.4183509349823
2046,2.7894344329833984
2047,2.819936990737915
2048,2.617616653442383
2049,2.4606680870056152
2050,2.9553143978118896
2051,2.4940757751464844
2052,2.6199755668640137
2053,3.138976812362671
2054,3.0221540927886963
2055,2.397606134414673
2056,2.4065334796905518
2057,2.893397331237793
2058,2.8156564235687256
2059,2.4003114700317383
2060,2.639845132827759
2061,2.5266735553741455
2062,2.721893787384033
2063,2.7658145427703857
2064,2.486337423324585
2065,2.668397903442383
2066,2.8063530921936035
2067,2.583315849304199
2068,2.9670498371124268
2069,2.4303789138793945
2070,2.8862037658691406
2071,3.159233808517456
2072,2.5546038150787354
2073,2.9857959747314453
2074,3.403360366821289
2075,2.7518906593322754
2076,2.7188613414764404
2077,2.828828811645508
2078,2.655501365661621
2079,2.5401833057403564
2080,2.5195508003234863
2081,2.6665267944335938
2082,3.018721103668213
2083,2.666114568710327
2084,2.9330554008483887
2085,3.1903700828552246
2086,2.5916404724121094
2087,2.5966999530792236
2088,2.7244319915771484
2089,2.9739177227020264
2090,2.8679568767547607
2091,3.0544233322143555
2092,2.8580596446990967
2093,2.8475828170776367
2094,2.416977643966675
2095,2.8207297325134277
2096,2.945240020751953
2097,2.4810495376586914
2098,2.501755714416504
2099,2.923881769180298
2100,2.6059672832489014
2101,2.7148830890655518
2102,2.9474895000457764
2103,2.428379774093628
2104,2.6537108421325684
2105,2.9957854747772217
2106,2.805665969848633
2107,3.018136978149414
2108,2.7555429935455322
2109,2.7941231727600098
2110,3.0306789875030518
2111,2.6001241207122803
2112,2.75294828414917
2113,2.6884288787841797
2114,2.9532272815704346
2115,3.1509194374084473
2116,2.7440099716186523
2117,2.505220413208008
2118,2.705517292022705
2119,2.9182522296905518
2120,2.624816417694092
2121,2.984653949737549
2122,2.810736656188965
2123,2.9564032554626465
2124,2.5768208503723145
2125,2.1863462924957275
2126,2.9506707191467285
2127,2.7312254905700684
2128,2.1994316577911377
2129,2.285236358642578
2130,2.3357672691345215
2131,2.980877161026001
2132,2.90517258644104
2133,2.9135313034057617
2134,2.4798707962036133
2135,3.046091079711914
2136,2.849217653274536
2137,2.8660364151000977
2138,3.3206543922424316
2139,2.856452465057373
2140,2.7835891246795654
2141,2.6061553955078125
2142,3.0335662364959717
2143,2.6682891845703125
2144,2.718712091445923
2145,2.5683233737945557
2146,2.814229726791382
2147,2.757030487060547
2148,3.2240211963653564
2149,2.893625020980835
2150,2.6219077110290527
2151,3.0875518321990967
2152,2.5155832767486572
2153,2.6949105262756348
2154,2.7128820419311523
2155,2.4530110359191895
2156,2.8125479221343994
2157,2.3128859996795654
2158,2.7785379886627197
2159,2.730555772781372
2160,2.5657923221588135
2161,2.7002761363983154
2162,2.946873426437378
2163,2.725620985031128
2164,2.865176200866699
2165,2.8003342151641846
2166,3.0344104766845703
2167,2.6801400184631348
2168,2.8549644947052
2169,2.5532684326171875
2170,3.017859697341919
2171,3.2960445880889893
2172,2.58693790435791
2173,3.1999142169952393
2174,2.9401817321777344
2175,2.675276041030884
2176,2.8067426681518555
2177,2.7619752883911133
2178,2.9854393005371094
2179,2.357992649078369
2180,2.5501930713653564
2181,2.334027051925659
2182,2.557560920715332
2183,2.8003854751586914
2184,2.618572235107422
2185,2.846013307571411
2186,2.229783296585083
2187,2.6701765060424805
2188,2.4336142539978027
2189,2.7978744506835938
2190,2.755514621734619
2191,2.722252368927002
2192,3.284106731414795
2193,2.92409348487854
2194,2.7952721118927
2195,2.883160352706909
2196,2.3774917125701904
2197,2.559701442718506
2198,3.180110216140747
2199,2.6596169471740723
2200,2.9856369495391846
2201,3.021411657333374
2202,2.8281733989715576
2203,2.6477174758911133
2204,2.652207612991333
2205,2.8523778915405273
2206,2.437936305999756
2207,2.2267935276031494
2208,2.91206693649292
2209,2.8114144802093506
2210,2.560180902481079
2211,2.7284417152404785
2212,2.791456460952759
2213,2.562278985977173
2214,3.029971122741699
2215,2.7445027828216553
2216,2.5750925540924072
2217,2.8793721199035645
2218,3.0945918560028076
2219,2.8023080825805664
2220,2.5517232418060303
2221,2.970917224884033
2222,2.6303610801696777
2223,2.7953085899353027
2224,2.7936315536499023
2225,2.6598312854766846
2226,2.661202907562256
2227,2.626462936401367
2228,2.8608477115631104
2229,2.619319438934326
2230,2.476602077484131
2231,2.8304340839385986
2232,2.6336472034454346
2233,2.868528366088867
2234,2.7102699279785156
2235,3.2093207836151123
2236,3.149885892868042
2237,2.523597002029419
2238,2.856825590133667
2239,2.996669292449951
2240,2.8719801902770996
2241,2.6690239906311035
2242,3.1520447731018066
2243,2.624530792236328
2244,2.7946560382843018
2245,2.7172658443450928
2246,2.244528293609619
2247,2.776622772216797
2248,3.015286684036255
2249,2.549410104751587
2250,2.839712619781494
2251,2.468763589859009
2252,2.897207021713257
2253,2.3929924964904785
2254,3.024836540222168
2255,2.4397363662719727
2256,3.039548873901367
2257,2.5213723182678223
2258,2.6216492652893066
2259,2.9764223098754883
2260,2.540726661682129
2261,3.0535941123962402
2262,3.1427438259124756
2263,2.894686460494995
2264,2.473329782485962
2265,3.4050116539001465
2266,2.9672179222106934
2267,2.46612548828125
2268,3.313387155532837
2269,2.7479352951049805
2270,2.6933517456054688
2271,2.6782913208007812
2272,2.9939723014831543
2273,2.9802863597869873
2274,2.233175039291382
2275,2.428889036178589
2276,3.0109541416168213
2277,2.8220901489257812
2278,2.736109495162964
2279,2.5142767429351807
2280,2.638671636581421
2281,3.3270297050476074
2282,2.735323667526245
2283,2.6932501792907715
2284,2.6530673503875732
2285,2.849036455154419
2286,3.099736213684082
2287,2.8745126724243164
2288,2.688554286956787
2289,2.4241371154785156
2290,2.6733198165893555
2291,2.5367023944854736
2292,2.618305206298828
2293,3.230825185775757
2294,2.7010998725891113
2295,3.2215476036071777
2296,2.4045562744140625
2297,3.074822425842285
2298,2.5959312915802
2299,2.4385712146759033
2300,2.40264630317688
2301,2.939223289489746
2302,2.770944118499756
2303,2.859575033187866
2304,3.2820241451263428
2305,2.8758938312530518
2306,2.718783140182495
2307,3.0252952575683594
2308,2.8657355308532715
2309,3.33925199508667
2310,2.5728418827056885
2311,2.804494619369507
2312,3.213709592819214
2313,2.874094009399414
2314,2.822296619415283
2315,3.35962176322937
2316,2.7720425128936768
2317,2.981276750564575
2318,2.602437973022461
2319,2.537794589996338
2320,2.6366100311279297
2321,2.573533773422241
2322,2.881995439529419
2323,3.048582077026367
2324,2.76283860206604
2325,2.706888437271118
2326,2.7147300243377686
2327,2.7405426502227783
2328,2.60050106048584
2329,2.2414968013763428
2330,2.8552637100219727
2331,2.8623790740966797
2332,2.8627076148986816
2333,2.8061153888702393
2334,2.7377073764801025
2335,2.972062110900879
2336,2.636272430419922
2337,2.9077870845794678
2338,2.6758384704589844
2339,2.4617154598236084
2340,2.953998327255249
2341,2.6703169345855713
2342,2.8736159801483154
2343,2.9323153495788574
2344,2.9851815700531006
2345,2.7335617542266846
2346,2.9318909645080566
2347,2.5729310512542725
2348,2.4922797679901123
2349,2.4729042053222656
2350,2.7188620567321777
2351,2.671111583709717
2352,2.7175662517547607
2353,2.715672492980957
2354,2.786339044570923
2355,2.7755610942840576
2356,2.754883050918579
2357,2.6318209171295166
2358,2.930973768234253
2359,2.792008399963379
2360,2.7640151977539062
2361,3.0061733722686768
2362,2.7104568481445312
2363,3.2520642280578613
2364,2.5794835090637207
2365,2.2306904792785645
2366,3.0428152084350586
2367,2.849600076675415
2368,2.6456120014190674
2369,2.5872538089752197
2370,2.747527837753296
2371,2.8298707008361816
2372,2.5874319076538086
2373,2.370840311050415
2374,3.0005276203155518
2375,2.7162058353424072
2376,2.353167772293091
2377,2.7626471519470215
2378,2.5128731727600098
2379,2.8058674335479736
2380,2.65921950340271
2381,2.3841817378997803
2382,3.1889638900756836
2383,2.774073362350464
2384,2.519674062728882
2385,2.7503836154937744
2386,2.2834036350250244
2387,2.7927167415618896
2388,2.641902208328247
2389,2.5531082153320312
2390,2.281541347503662
2391,3.0800929069519043
2392,2.673128604888916
2393,3.1197516918182373
2394,2.4841861724853516
2395,3.232642650604248
2396,3.0905041694641113
2397,2.4160280227661133
2398,2.924166202545166
2399,2.387532949447632
2400,2.3073344230651855
2401,2.6638286113739014
2402,2.3801538944244385
2403,2.9480834007263184
2404,2.3344035148620605
2405,3.0267159938812256
2406,2.6551129817962646
2407,2.604708433151245
2408,2.519054651260376
2409,2.7144999504089355
2410,2.789980411529541
2411,2.64106822013855
2412,3.101388454437256
2413,2.6378393173217773
2414,2.7842986583709717
2415,2.765150308609009
2416,2.6555187702178955
2417,2.6342010498046875
2418,2.715068817138672
2419,2.813005208969116
2420,2.7092771530151367
2421,3.0181262493133545
2422,3.260730028152466
2423,2.619870901107788
2424,2.241161346435547
2425,2.515026092529297
2426,2.8032150268554688
2427,3.113070011138916
2428,2.4372847080230713
2429,2.6264641284942627
2430,3.028059959411621
2431,3.067620277404785
2432,2.584019184112549
2433,2.9215087890625
2434,2.9424283504486084
2435,2.7364280223846436
2436,2.6226632595062256
2437,2.4927539825439453
2438,2.8838741779327393
2439,2.6928372383117676
2440,2.8515589237213135
2441,2.837827682495117
2442,2.67148756980896
2443,3.100865125656128
2444,2.956376314163208
2445,2.768803596496582
2446,3.0692410469055176
2447,2.7229385375976562
2448,2.738718271255493
2449,2.762334108352661
2450,2.7131903171539307
2451,2.451152801513672
2452,2.6335411071777344
2453,2.466716766357422
2454,2.7350995540618896
2455,2.64760684967041
2456,2.9055984020233154
2457,3.0674068927764893
2458,2.6018168926239014
2459,2.901406764984131
2460,2.974672794342041
2461,2.9844884872436523
2462,2.6864593029022217
2463,2.7182650566101074
2464,2.7323808670043945
2465,2.798444986343384
2466,3.0857973098754883
2467,2.6496944427490234
2468,2.604302406311035
2469,2.927145004272461
2470,3.000187635421753
2471,2.698880910873413
2472,2.6576950550079346
2473,2.4211740493774414
2474,2.6176421642303467
2475,2.9667294025421143
2476,2.739394426345825
2477,3.0325770378112793
2478,2.730104684829712
2479,2.47493314743042
2480,2.8154168128967285
2481,2.8762128353118896
2482,3.007340908050537
2483,2.943519115447998
2484,2.884730100631714
2485,2.888418436050415
2486,2.8767528533935547
2487,2.777010202407837
2488,2.95452618598938
2489,2.706789255142212
2490,2.6081626415252686
2491,2.9450557231903076
2492,2.4664154052734375
2493,2.8623178005218506
2494,2.5870423316955566
2495,2.898364305496216
2496,2.999032974243164
2497,2.6143202781677246
2498,2.3269128799438477
2499,2.8430118560791016
2500,2.5412209033966064
2501,2.8720085620880127
2502,2.7636377811431885
2503,2.765486240386963
2504,2.560039520263672
2505,2.979015588760376
2506,2.5227770805358887
2507,2.7698404788970947
2508,2.6107263565063477
2509,2.953996419906616
2510,2.621457815170288
2511,2.593127489089966
2512,2.785344123840332
2513,2.481252908706665
2514,2.618513822555542
2515,3.1540708541870117
2516,2.500335216522217
2517,2.5683720111846924
2518,2.6029274463653564
2519,2.525592803955078
2520,2.9053642749786377
2521,2.9102284908294678
2522,2.5304343700408936
2523,2.7143449783325195
2524,2.6272706985473633
2525,2.7244009971618652
2526,2.787686586380005
2527,3.241328001022339
2528,3.1716487407684326
2529,2.606657028198242
2530,2.5211575031280518
2531,2.9612836837768555
2532,2.8506202697753906
2533,2.7515690326690674
2534,3.1176178455352783
2535,2.6268973350524902
2536,2.504894256591797
2537,2.665508985519409
2538,2.6163909435272217
2539,2.411832809448242
2540,2.5211074352264404
2541,2.74080491065979
2542,2.8875856399536133
2543,2.48956298828125
2544,2.6010220050811768
2545,2.900904893875122
2546,2.631432294845581
2547,2.4779703617095947
2548,2.7902026176452637
2549,2.6369268894195557
2550,2.557267189025879
2551,2.898498296737671
2552,2.242724657058716
2553,2.8455898761749268
2554,2.7972335815429688
2555,2.597412586212158
2556,2.1265416145324707
2557,2.8405673503875732
2558,2.7848422527313232
2559,2.908740520477295
2560,2.6179850101470947
2561,2.9854395389556885
2562,2.77934193611145
2563,2.6909494400024414
2564,2.7293078899383545
2565,2.504370927810669
2566,2.9602739810943604
2567,3.112375259399414
2568,2.9199843406677246
2569,2.833860158920288
2570,2.7769150733947754
2571,2.7278294563293457
2572,2.6038320064544678
2573,2.7177414894104004
2574,2.957854986190796
2575,2.8460798263549805
2576,2.694105386734009
2577,2.9615635871887207
2578,3.266598701477051
2579,2.8468189239501953
2580,2.6241111755371094
2581,2.9890520572662354
2582,3.5544145107269287
2583,2.8908133506774902
2584,2.7663333415985107
2585,2.9038827419281006
2586,2.441532850265503
2587,2.8720240592956543
2588,2.8159496784210205
2589,3.12699818611145
2590,2.5623767375946045
2591,2.672368049621582
2592,3.1259350776672363
2593,2.331510066986084
2594,2.6800413131713867
2595,2.8970322608947754
2596,2.7824575901031494
2597,2.4331696033477783
2598,3.177703857421875
2599,2.796786069869995
2600,3.1374740600585938
2601,2.858865737915039
2602,2.936570405960083
2603,2.8497893810272217
2604,3.0091536045074463
2605,2.774095296859741
2606,2.975114345550537
2607,2.8608932495117188
2608,2.959383249282837
2609,2.5707552433013916
2610,2.751659870147705
2611,2.9345271587371826
2612,2.821998357772827
2613,2.8233420848846436
2614,2.6740665435791016
2615,2.5487060546875
2616,3.1215357780456543
2617,2.9747705459594727
2618,2.7657694816589355
2619,2.4420182704925537
2620,2.7677032947540283
2621,2.513803720474243
2622,2.746927261352539
2623,2.94008731842041
2624,2.7822105884552
2625,1.9966517686843872
2626,2.6299033164978027
2627,2.9953927993774414
2628,2.761612892150879
2629,2.711392641067505
2630,2.8313980102539062
2631,2.860708475112915
2632,2.7503535747528076
2633,2.919651985168457
2634,3.039416551589966
2635,2.8682079315185547
2636,2.8193273544311523
2637,3.296386241912842
2638,3.3037681579589844
2639,3.1076748371124268
2640,3.117316484451294
2641,2.674376964569092
2642,2.4747514724731445
2643,2.9950826168060303
2644,2.719292402267456
2645,2.1853790283203125
2646,2.4321155548095703
2647,2.718804359436035
2648,2.868274688720703
2649,2.478635311126709
2650,2.513171911239624
2651,2.565061569213867
2652,3.0211942195892334
2653,2.5720787048339844
2654,2.8251681327819824
2655,2.928173303604126
2656,2.8372280597686768
2657,3.2248241901397705
2658,2.9501805305480957
2659,3.321286916732788
2660,2.6375162601470947
2661,2.828512668609619
2662,2.7752187252044678
2663,2.2999794483184814
2664,2.966902732849121
2665,2.65270733833313
2666,2.846571445465088
2667,2.4023449420928955
2668,2.0389976501464844
2669,2.9455080032348633
2670,2.8513123989105225
2671,2.500311851501465
2672,2.797394275665283
2673,2.3213284015655518
2674,2.9443788528442383
2675,3.0564489364624023
2676,2.858121633529663
2677,2.478538751602173
2678,2.820181131362915
2679,2.844980001449585
2680,2.6033847332000732
2681,2.9618260860443115
2682,2.9826595783233643
2683,2.923532009124756
2684,2.4085514545440674
2685,2.6347808837890625
2686,3.1586461067199707
2687,2.7772045135498047
2688,2.782003879547119
2689,2.4322702884674072
2690,2.759608745574951
2691,2.7194459438323975
2692,3.0344371795654297
2693,2.721860885620117
2694,2.382554054260254
2695,2.8026680946350098
2696,2.9066317081451416
2697,2.9776692390441895
2698,2.842299222946167
2699,2.5152926445007324
2700,2.6577277183532715
2701,2.512779712677002
2702,2.607215642929077
2703,3.610264778137207
2704,3.2589502334594727
2705,2.669099807739258
2706,2.5561888217926025
2707,2.610530376434326
2708,2.8862967491149902
2709,3.0220208168029785
2710,2.4239301681518555
2711,2.616785764694214
2712,2.935182571411133
2713,2.871229887008667
2714,2.807392120361328
2715,2.776951551437378
2716,2.8574912548065186
2717,3.0828261375427246
2718,2.575571298599243
2719,2.1063642501831055
2720,2.4047443866729736
2721,2.976921558380127
2722,2.730422019958496
2723,3.4328787326812744
2724,2.4524292945861816
2725,2.5790796279907227
2726,2.792928695678711
2727,2.500450611114502
2728,2.9545540809631348
2729,2.64298152923584
2730,2.6518287658691406
2731,2.8921656608581543
2732,3.4778966903686523
2733,2.811702013015747
2734,2.875138521194458
2735,3.1322903633117676
2736,2.700855255126953
2737,3.129952907562256
2738,2.495889186859131
2739,2.5840728282928467
2740,2.6032986640930176
2741,2.5592005252838135
2742,2.793097972869873
2743,2.846869945526123
2744,2.478886365890503
2745,3.116816520690918
2746,2.790658473968506
2747,2.9305102825164795
2748,2.3920717239379883
2749,2.5194413661956787
2750,2.807068109512329
2751,2.5483596324920654
2752,2.641120433807373
2753,2.7244203090667725
2754,2.568180799484253
2755,2.735466480255127
2756,2.7562713623046875
2757,2.619424343109131
2758,2.6476802825927734
2759,2.7247862815856934
2760,2.761366605758667
2761,2.7424213886260986
2762,3.4813997745513916
2763,2.863739013671875
2764,2.796327829360962
2765,2.7846484184265137
2766,3.0554234981536865
2767,2.829756498336792
2768,2.4313745498657227
2769,3.0197558403015137
2770,3.1261024475097656
2771,2.8528192043304443
2772,2.774250030517578
2773,2.413341999053955
2774,2.620276927947998
2775,2.8684616088867188
2776,3.0846188068389893
2777,2.298279285430908
2778,3.1246590614318848
2779,3.3577589988708496
2780,2.62638258934021
2781,2.477186441421509
2782,2.729074001312256
2783,2.7308382987976074
2784,3.0561532974243164
2785,2.5946006774902344
2786,2.3407344818115234
2787,2.961061716079712
2788,2.862731456756592
2789,3.403040647506714
2790,2.38352108001709
2791,3.245161533355713
2792,2.8342502117156982
2793,2.565652370452881
2794,2.4103994369506836
2795,2.8072361946105957
2796,2.5411217212677
2797,2.7342052459716797
2798,3.0671546459198
2799,2.7490243911743164
2800,2.6941184997558594
2801,2.8168976306915283
2802,2.7277729511260986
2803,2.8298451900482178
2804,2.439157485961914
2805,3.031632900238037
2806,2.5477726459503174
2807,2.596935749053955
2808,2.2745978832244873
2809,2.544917345046997
2810,2.5772082805633545
2811,3.0250589847564697
2812,2.7828433513641357
2813,2.5476672649383545
2814,2.490187883377075
2815,2.6767189502716064
2816,2.733572244644165
2817,2.774979829788208
2818,2.204071521759033
2819,2.64084529876709
2820,2.986919641494751
2821,2.6389923095703125
2822,2.749267101287842
2823,3.0487585067749023
2824,2.7087008953094482
2825,2.684905767440796
2826,2.948061943054199
2827,2.83628511428833
2828,2.718233585357666
2829,2.621351718902588
2830,2.82374906539917
2831,2.614434003829956
2832,2.862049102783203
2833,2.7681195735931396
2834,2.775603771209717
2835,2.704951047897339
2836,2.4774415493011475
2837,2.7978415489196777
2838,2.7284629344940186
2839,2.993654727935791
2840,2.6102473735809326
2841,2.972946882247925
2842,2.935807704925537
2843,2.3624937534332275
2844,2.794689655303955
2845,2.8238584995269775
2846,2.692776679992676
2847,2.9667320251464844
2848,2.4742627143859863
2849,2.850719928741455
2850,2.6156058311462402
2851,2.416846752166748
2852,2.812922716140747
2853,2.8931121826171875
2854,2.780390739440918
2855,2.8369812965393066
2856,2.8753738403320312
2857,2.5092504024505615
2858,2.6448850631713867
2859,3.175462484359741
2860,2.1780431270599365
2861,2.971543312072754
2862,3.032214879989624
2863,2.7795639038085938
2864,2.819793224334717
2865,2.7221786975860596
2866,3.0598487854003906
2867,2.8496389389038086
2868,2.8519911766052246
2869,2.769542932510376
2870,2.811851978302002
2871,2.688398599624634
2872,2.6319961547851562
2873,2.8900439739227295
2874,2.3870697021484375
2875,2.5380749702453613
2876,2.87033748626709
2877,2.8972771167755127
2878,3.0236971378326416
2879,2.896312713623047
2880,2.773855447769165
2881,2.6830861568450928
2882,2.7957258224487305
2883,2.8295257091522217
2884,2.4363667964935303
2885,2.934647560119629
2886,2.745727062225342
2887,3.280548572540283
2888,2.3915765285491943
2889,2.813408136367798
2890,2.4867987632751465
2891,2.748828649520874
2892,2.590749740600586
2893,2.838074207305908
2894,2.8418145179748535
2895,2.1963491439819336
2896,2.3516721725463867
2897,2.5162503719329834
2898,2.5738940238952637
2899,2.89267635345459
2900,2.5651707649230957
2901,2.8061649799346924
2902,2.6080989837646484
2903,2.8588619232177734
2904,2.7374329566955566
2905,2.7254698276519775
2906,3.0161824226379395
2907,2.71425199508667
2908,2.7818520069122314
2909,3.195589542388916
2910,2.6312663555145264
2911,2.732839345932007
2912,2.6590828895568848
2913,2.7072081565856934
2914,2.227753162384033
2915,2.762808084487915
2916,2.5934789180755615
2917,2.6110997200012207
2918,3.0393271446228027
2919,3.1219050884246826
2920,2.590322256088257
2921,2.619833469390869
2922,2.8751378059387207
2923,2.5874602794647217
2924,2.6363351345062256
2925,2.8495099544525146
2926,2.52152419090271
2927,2.6264917850494385
2928,2.5901968479156494
2929,3.052433967590332
2930,2.7741661071777344
2931,2.6948471069335938
2932,2.563004493713379
2933,2.449326515197754
2934,2.769249439239502
2935,2.693880081176758
2936,2.8056564331054688
2937,2.755176067352295
2938,3.135287046432495
2939,2.9139115810394287
2940,2.8337364196777344
2941,2.848710060119629
2942,3.1076302528381348
2943,2.426377534866333
2944,2.6472134590148926
2945,2.6659889221191406
2946,2.682835340499878
2947,2.8547675609588623
2948,2.902895212173462
2949,2.5616118907928467
2950,3.330536365509033
2951,2.714104652404785
2952,2.9113030433654785
2953,2.7282116413116455
2954,2.5438010692596436
2955,2.7902204990386963
2956,2.697199821472168
2957,2.6160078048706055
2958,2.6100761890411377
2959,2.7308478355407715
2960,2.7660388946533203
2961,2.379549503326416
2962,2.555173635482788
2963,3.159496784210205
2964,2.966458559036255
2965,2.3154869079589844
2966,2.585023880004883
2967,2.829878568649292
2968,2.583004951477051
2969,2.712007999420166
2970,3.1122045516967773
2971,3.0860304832458496
2972,2.838655710220337
2973,2.599673271179199
2974,2.5319108963012695
2975,2.72847843170166
2976,2.496946096420288
2977,2.6018781661987305
2978,2.8790676593780518
2979,2.5170977115631104
2980,2.410308837890625
2981,2.5319390296936035
2982,3.0573575496673584
2983,2.8010919094085693
2984,2.5383119583129883
2985,2.4883034229278564
2986,3.1243364810943604
2987,2.8023295402526855
2988,2.9487013816833496
2989,2.2415382862091064
2990,3.003955364227295
2991,2.9487390518188477
2992,3.2420084476470947
2993,3.087362766265869
2994,2.503638505935669
2995,3.0569591522216797
2996,2.460242509841919
2997,3.0876946449279785
2998,3.058331251144409
2999,3.1789450645446777
3000,3.0308022499084473
3001,2.6765024662017822
3002,3.1881186962127686
3003,2.872541904449463
3004,2.682878017425537
3005,2.5784595012664795
3006,2.610980987548828
3007,2.6746163368225098
3008,2.5200417041778564
3009,2.5604710578918457
3010,2.858527421951294
3011,2.7316854000091553
3012,2.783627986907959
3013,2.7965335845947266
3014,2.4995133876800537
3015,2.747046709060669
3016,2.7200963497161865
3017,2.7456469535827637
3018,2.5861949920654297
3019,2.6028354167938232
3020,2.8897581100463867
3021,3.162618637084961
3022,2.825120210647583
3023,2.3756065368652344
3024,2.941270589828491
3025,3.147433280944824
3026,2.757059097290039
3027,2.7448484897613525
3028,2.5794458389282227
3029,2.738438367843628
3030,2.6615283489227295
3031,3.1491496562957764
3032,2.8205535411834717
3033,2.668419361114502
3034,2.4511420726776123
3035,3.0745513439178467
3036,2.5429587364196777
3037,2.900749921798706
3038,3.305964231491089
3039,2.937711715698242
3040,2.428476095199585
3041,2.8071038722991943
3042,2.748300790786743
3043,2.512704849243164
3044,3.0781891345977783
3045,2.572046995162964
3046,3.033109426498413
3047,2.856701612472534
3048,2.6751341819763184
3049,2.680720329284668
3050,2.5633537769317627
3051,2.548502206802368
3052,2.6179420948028564
3053,2.912693977355957
3054,2.500319719314575
3055,2.506336212158203
3056,2.8676795959472656
3057,3.169818162918091
3058,2.577390193939209
3059,2.7415683269500732
3060,2.86657977104187
3061,2.7002439498901367
3062,2.503973960876465
3063,2.6790428161621094
3064,2.7109322547912598
3065,2.4216814041137695
3066,2.916250705718994
3067,2.5764145851135254
3068,2.620863676071167
3069,2.7490265369415283
3070,3.1059460639953613
3071,2.370584487915039
3072,2.941404104232788
3073,2.503667116165161
3074,2.669785261154175
3075,2.5078840255737305
3076,2.743560791015625
3077,2.5114681720733643
3078,2.7995617389678955
3079,2.6514241695404053
3080,2.9761438369750977
3081,2.807717800140381
3082,3.297004461288452
3083,3.2818684577941895
3084,2.4159042835235596
3085,2.578885078430176
3086,2.774897336959839
3087,3.213243007659912
3088,2.22058367729187
3089,2.7161359786987305
3090,3.158473014831543
3091,2.9745659828186035
3092,3.079037666320801
3093,2.8349480628967285
3094,2.60183048248291
3095,2.822979211807251
3096,2.5493762493133545
3097,2.1431193351745605
3098,2.791476249694824
3099,3.004906177520752
3100,3.0898709297180176
3101,2.323909282684326
3102,2.5127081871032715
3103,2.6350018978118896
3104,2.7449445724487305
3105,2.731659412384033
3106,2.585991859436035
3107,3.136179208755493
3108,2.5924289226531982
3109,3.4197754859924316
3110,2.8459067344665527
3111,3.090033769607544
3112,2.6211764812469482
3113,3.1221060752868652
3114,2.9723000526428223
3115,2.690441608428955
3116,2.6148455142974854
3117,2.9999916553497314
3118,2.8296289443969727
3119,2.7915713787078857
3120,2.903432607650757
3121,2.774543285369873
3122,2.547395706176758
3123,3.374324321746826
3124,2.7939672470092773
3125,2.360016107559204
3126,2.268014907836914
3127,3.0011496543884277
3128,2.9698867797851562
3129,2.627275228500366
3130,3.0895040035247803
3131,2.751850128173828
3132,2.4888715744018555
3133,2.594318151473999
3134,2.686682939529419
3135,2.5706329345703125
3136,2.4928019046783447
3137,2.9080002307891846
3138,3.0895960330963135
3139,2.769530773162842
3140,2.5520732402801514
3141,2.831725597381592
3142,2.6781888008117676
3143,2.856410264968872
3144,2.900424003601074
3145,2.7224597930908203
3146,3.3651318550109863
3147,3.109973669052124
3148,2.876987934112549
3149,2.840073347091675
3150,2.7951929569244385
3151,2.5528271198272705
3152,2.906619071960449
3153,2.660961627960205
3154,3.2698545455932617
3155,2.565781831741333
3156,2.68389892578125
3157,2.877957820892334
3158,2.7035434246063232
3159,2.9465975761413574
3160,2.7639505863189697
3161,2.418778896331787
3162,3.0678069591522217
3163,2.4963185787200928
3164,3.0334343910217285
3165,2.4167380332946777
3166,2.8775601387023926
3167,2.886779546737671
3168,2.691154718399048
3169,2.9270167350769043
3170,3.0354812145233154
3171,2.6050784587860107
3172,2.917978286743164
3173,2.450977325439453
3174,3.1260290145874023
3175,2.568434476852417
3176,2.9653444290161133
3177,3.278486490249634
3178,2.4680731296539307
3179,2.3661670684814453
3180,2.3236610889434814
3181,2.6992013454437256
3182,2.6766815185546875
3183,2.8818554878234863
3184,2.707286834716797
3185,3.23500657081604
3186,2.587780475616455
3187,3.1553006172180176
3188,2.870523452758789
3189,2.5997397899627686
3190,3.345186233520508
3191,2.607118606567383
3192,2.9456067085266113
3193,2.8032584190368652
3194,2.56563138961792
3195,2.60282826423645
3196,2.4253368377685547
3197,2.7242207527160645
3198,3.0307700634002686
3199,2.608450174331665
3200,2.6508331298828125
3201,2.6480090618133545
3202,2.6950440406799316
3203,2.899569511413574
3204,2.555532217025757
3205,2.9707043170928955
3206,2.1537744998931885
3207,3.008026599884033
3208,2.8017091751098633
3209,3.170973539352417
3210,2.6469764709472656
3211,2.969076633453369
3212,3.1369574069976807
3213,2.383136749267578
3214,2.8621182441711426
3215,2.6515495777130127
3216,2.9460480213165283
3217,2.9815995693206787
3218,2.9881279468536377
3219,2.8548340797424316
3220,2.5567562580108643
3221,2.6017136573791504
3222,2.77396821975708
3223,2.8945560455322266
3224,2.6903483867645264
3225,2.5602102279663086
3226,2.6370625495910645
3227,2.9680862426757812
3228,2.8017265796661377
3229,2.4962549209594727
3230,2.9131946563720703
3231,2.4908900260925293
3232,2.976735830307007
3233,2.7265706062316895
3234,2.844386339187622
3235,2.2272255420684814
3236,2.6738436222076416
3237,2.5467159748077393
3238,3.1479640007019043
3239,2.857062816619873
3240,2.9670169353485107
3241,2.660639524459839
3242,2.829935073852539
3243,3.2083494663238525
3244,3.2414608001708984
3245,2.8794522285461426
3246,2.815614938735962
3247,2.7329654693603516
3248,2.9122583866119385
3249,2.975964069366455
3250,2.8659772872924805
3251,3.051679849624634
3252,2.808985948562622
3253,2.699592113494873
3254,2.7091946601867676
3255,2.964275360107422
3256,2.819380760192871
3257,2.802521228790283
3258,2.5522561073303223
3259,2.872776746749878
3260,3.180760622024536
3261,2.7954156398773193
3262,2.881826162338257
3263,2.9334051609039307
3264,2.619075059890747
3265,2.5753355026245117
3266,3.163726329803467
3267,2.936490058898926
3268,2.8485794067382812
3269,2.7241015434265137
3270,2.573784828186035
3271,2.799037218093872
3272,2.7118799686431885
3273,2.61030650138855
3274,2.5841567516326904
3275,2.8192732334136963
3276,2.5512351989746094
3277,3.1324121952056885
3278,2.9407684803009033
3279,2.586575984954834
3280,2.8755621910095215
3281,2.5297107696533203
3282,2.7059531211853027
3283,3.071972370147705
3284,2.8524067401885986
3285,2.864548921585083
3286,2.5050456523895264
3287,2.3552334308624268
3288,2.4112319946289062
3289,2.631464958190918
3290,2.6008148193359375
3291,2.489223003387451
3292,2.7293806076049805
3293,2.682745933532715
3294,2.9769287109375
3295,2.5191614627838135
3296,2.888059139251709
3297,2.446990966796875
3298,2.6571669578552246
3299,3.170546770095825
3300,2.563688278198242
3301,2.82216477394104
3302,2.6654422283172607
3303,2.6847500801086426
3304,2.835444450378418
3305,2.742659330368042
3306,2.787771224975586
3307,2.944552183151245
3308,2.286271333694458
3309,2.508910655975342
3310,2.6204144954681396
3311,2.568162202835083
3312,2.618227005004883
3313,2.5797181129455566
3314,2.808311939239502
3315,2.4173765182495117
3316,2.411829710006714
3317,2.967867374420166
3318,2.713336229324341
3319,2.725496768951416
3320,2.998732328414917
3321,2.8778698444366455
3322,2.7655341625213623
3323,2.6763458251953125
3324,2.6308393478393555
3325,2.374056816101074
3326,2.5937886238098145
3327,2.299159526824951
3328,2.876387596130371
3329,2.7053513526916504
3330,2.962688684463501
3331,2.4638402462005615
3332,2.8466548919677734
3333,2.6207070350646973
3334,2.8709700107574463
3335,3.079810380935669
3336,2.445504903793335
3337,2.8438804149627686
3338,2.8524200916290283
3339,2.4625625610351562
3340,3.1154093742370605
3341,2.8251302242279053
3342,2.7028214931488037
3343,3.169870138168335
3344,2.9233524799346924
3345,2.708010673522949
3346,2.488851547241211
3347,3.062864303588867
3348,2.3778162002563477
3349,2.7989675998687744
3350,2.763925313949585
3351,2.8899099826812744
3352,2.7590391635894775
3353,2.6547183990478516
3354,2.962153434753418
3355,3.286876916885376
3356,2.4317102432250977
3357,2.531892776489258
3358,2.663764476776123
3359,2.66816782951355
3360,2.5986509323120117
3361,2.862204074859619
3362,3.157891035079956
3363,2.5245792865753174
3364,2.3923840522766113
3365,2.3613104820251465
3366,2.7386536598205566
3367,2.5750162601470947
3368,2.8842127323150635
3369,2.971107006072998
3370,2.6440956592559814
3371,2.7484612464904785
3372,2.5740461349487305
3373,2.517882823944092
3374,3.1309654712677
3375,2.8725671768188477
3376,3.0998945236206055
3377,2.397736072540283
3378,2.8600361347198486
3379,2.9901983737945557
3380,2.7487306594848633
3381,2.939803123474121
3382,2.9818813800811768
3383,2.6854166984558105
3384,2.6637024879455566
3385,2.764627695083618
3386,2.68942928314209
3387,2.625293016433716
3388,2.7376816272735596
3389,2.892409086227417
3390,2.717951536178589
3391,2.5232577323913574
3392,2.4957876205444336
3393,3.07835054397583
3394,2.694680690765381
3395,2.9268083572387695
3396,3.332864284515381
3397,2.710099458694458
3398,2.6980204582214355
3399,3.0308847427368164
3400,2.7397000789642334
3401,2.726583242416382
3402,2.960139274597168
3403,2.7799112796783447
3404,2.642888307571411
3405,2.861384630203247
3406,3.0047097206115723
3407,2.6750893592834473
3408,2.867014169692993
3409,3.1953516006469727
3410,2.4898252487182617
3411,2.94606876373291
3412,2.9344606399536133
3413,2.679701805114746
3414,2.5187089443206787
3415,2.850604772567749
3416,3.0294573307037354
3417,2.7298712730407715
3418,2.1951751708984375
3419,3.1899359226226807
3420,2.6525373458862305
3421,2.54773211479187
3422,2.737553119659424
3423,3.039595603942871
3424,2.6734700202941895
3425,2.537820816040039
3426,2.866563320159912
3427,2.30924916267395
3428,2.9806816577911377
3429,3.079383134841919
3430,3.3114609718322754
3431,2.720961093902588
3432,2.8711986541748047
3433,2.7849817276000977
3434,2.681558609008789
3435,2.574904203414917
3436,2.7227632999420166
3437,2.7708799839019775
3438,2.8695738315582275
3439,2.809512138366699
3440,3.0717575550079346
3441,2.788745880126953
3442,2.5691978931427
3443,2.668008327484131
3444,2.5599124431610107
3445,2.9044981002807617
3446,2.3813588619232178
3447,2.7423133850097656
3448,2.5112428665161133
3449,2.7547216415405273
3450,2.9557974338531494
3451,2.8649709224700928
3452,3.1332643032073975
3453,2.803211212158203
3454,2.513676881790161
3455,2.8434412479400635
3456,2.218299627304077
3457,2.4054934978485107
3458,2.995100259780884
3459,2.7296316623687744
3460,2.8271877765655518
3461,2.7670671939849854
3462,2.4852542877197266
3463,2.482898235321045
3464,3.028231620788574
3465,2.8140580654144287
3466,3.014084577560425
3467,2.753416061401367
3468,2.7411534786224365
3469,2.8598508834838867
3470,2.6624648571014404
3471,3.1847283840179443
3472,2.853320598602295
3473,2.8556737899780273
3474,2.898591995239258
3475,2.231858253479004
3476,2.710299491882324
3477,2.970430612564087
3478,2.7174911499023438
3479,2.759906768798828
3480,2.7511610984802246
3481,2.795836925506592
3482,2.666853904724121
3483,2.593867301940918
3484,2.806525707244873
3485,2.5571322441101074
3486,3.0675668716430664
3487,2.6560897827148438
3488,3.0965681076049805
3489,2.4041080474853516
3490,2.8917365074157715
3491,2.2162814140319824
3492,2.3825416564941406
3493,2.5822980403900146
3494,2.4518001079559326
3495,2.5789835453033447
3496,2.5881507396698
3497,2.6756138801574707
3498,2.508702516555786
3499,3.0936810970306396
3500,2.45267391204834
3501,2.5014123916625977
3502,3.344949245452881
3503,2.6265501976013184
3504,3.050353527069092
3505,2.6469168663024902
3506,2.8225746154785156
3507,2.7304067611694336
3508,2.3684263229370117
3509,2.526413679122925
3510,2.9038000106811523
3511,2.648252487182617
3512,2.456434965133667
3513,2.9972894191741943
3514,2.3883535861968994
3515,2.8897836208343506
3516,2.664315700531006
3517,2.053994655609131
3518,2.836239814758301
3519,2.5662879943847656
3520,2.6423568725585938
3521,2.2856454849243164
3522,2.664931297302246
3523,3.353092670440674
3524,2.7371349334716797
3525,2.682468891143799
3526,2.421178102493286
3527,2.8362059593200684
3528,2.9050276279449463
3529,2.6666836738586426
3530,2.8125901222229004
3531,2.554438591003418
3532,2.9766383171081543
3533,2.8307738304138184
3534,3.1501450538635254
3535,2.733487129211426
3536,3.2588107585906982
3537,3.3786957263946533
3538,2.7819535732269287
3539,2.5217337608337402
3540,2.960970401763916
3541,3.068894624710083
3542,2.638817310333252
3543,2.72629451751709
3544,2.859708070755005
3545,2.9023990631103516
3546,3.2939705848693848
3547,2.907719135284424
3548,2.8798317909240723
3549,2.5981571674346924
3550,2.7159550189971924
3551,2.871847629547119
3552,2.5534145832061768
3553,2.3670692443847656
3554,2.7661421298980713
3555,2.473600149154663
3556,2.400104284286499
3557,2.3476204872131348
3558,3.103658676147461
3559,2.526431083679199
3560,2.6009938716888428
3561,2.6520397663116455
3562,2.990096092224121
3563,2.527651071548462
3564,2.5836026668548584
3565,2.864732027053833
3566,3.101604700088501
3567,3.011338949203491
3568,2.8481907844543457
3569,2.7675015926361084
3570,2.980377197265625
3571,3.005312204360962
3572,2.8145697116851807
3573,2.8058784008026123
3574,2.9293360710144043
3575,2.6389074325561523
3576,2.6281015872955322
3577,2.396169662475586
3578,2.919921875
3579,2.9001145362854004
3580,2.5820915699005127
3581,3.344884157180786
3582,2.654197931289673
3583,2.7779316902160645
3584,2.7599456310272217
3585,3.1508851051330566
3586,2.794762372970581
3587,2.6299235820770264
3588,2.8839995861053467
3589,2.3893654346466064
3590,2.919255018234253
3591,2.897519826889038
3592,2.846560478210449
3593,2.70982027053833
3594,2.4768197536468506
3595,2.809185266494751
3596,2.5954856872558594
3597,2.70676851272583
3598,2.579460382461548
3599,2.924644708633423
3600,2.4929940700531006
3601,2.922093629837036
3602,2.824147939682007
3603,2.357717990875244
3604,2.6346380710601807
3605,2.478975772857666
3606,2.2678043842315674
3607,2.745537281036377
3608,2.353707790374756
3609,2.770099401473999
3610,3.0214805603027344
3611,2.791700839996338
3612,2.5251762866973877
3613,2.5738492012023926
3614,2.8387186527252197
3615,2.4772589206695557
3616,2.732956886291504
3617,3.1201841831207275
3618,2.936812162399292
3619,3.309680938720703
3620,2.3290677070617676
3621,2.831528663635254
3622,2.450468063354492
3623,3.0263702869415283
3624,2.528419256210327
3625,2.4620308876037598
3626,2.725480794906616
3627,3.0810599327087402
3628,3.004204273223877
3629,2.541987419128418
3630,3.2447783946990967
3631,3.0507497787475586
3632,3.025294780731201
3633,2.543731451034546
3634,2.7872021198272705
3635,3.1972548961639404
3636,2.422529935836792
3637,2.574373483657837
3638,2.491731643676758
3639,3.092092514038086
3640,2.7958180904388428
3641,2.4493253231048584
3642,2.892669439315796
3643,2.605090379714966
3644,3.1800546646118164
3645,2.522951364517212
3646,3.0243489742279053
3647,2.5647382736206055
3648,2.517683744430542
3649,2.5933961868286133
3650,2.718812942504883
3651,2.7905867099761963
3652,3.066462755203247
3653,2.8371729850769043
3654,2.7789723873138428
3655,2.8453550338745117
3656,2.61673903465271
3657,2.7327680587768555
3658,2.868002414703369
3659,2.843905448913574
3660,2.7593986988067627
3661,2.4696977138519287
3662,2.50148606300354
3663,2.7036967277526855
3664,2.5246877670288086
3665,2.6701364517211914
3666,2.857663869857788
3667,2.558176040649414
3668,3.1143720149993896
3669,2.8790347576141357
3670,2.8780834674835205
3671,2.7957475185394287
3672,2.9192020893096924
3673,2.796595573425293
3674,2.782773971557617
3675,2.6599769592285156
3676,2.90452241897583
3677,2.7514421939849854
3678,3.246612310409546
3679,2.879625082015991
3680,2.787614583969116
3681,2.776489734649658
3682,2.4409708976745605
3683,2.554438352584839
3684,2.7422361373901367
3685,2.6280558109283447
3686,3.5123586654663086
3687,2.4675824642181396
3688,2.9363603591918945
3689,2.790952444076538
3690,2.8515565395355225
3691,2.944794178009033
3692,3.1928551197052
3693,2.954749822616577
3694,2.4545884132385254
3695,2.7434089183807373
3696,2.7791855335235596
3697,2.591665506362915
3698,2.6713201999664307
3699,2.626516580581665
3700,2.845980167388916
3701,2.788003444671631
3702,2.942723274230957
3703,2.4719295501708984
3704,3.036595106124878
3705,2.862281322479248
3706,2.763179302215576
3707,2.8465635776519775
3708,2.615603446960449
3709,2.863043785095215
3710,3.0173068046569824
3711,2.6158370971679688
3712,2.672658681869507
3713,3.095843553543091
3714,2.888277292251587
3715,2.8606114387512207
3716,2.8030903339385986
3717,2.67922043800354
3718,3.1117498874664307
3719,2.5996813774108887
3720,2.966444253921509
3721,3.016657829284668
3722,2.6466619968414307
3723,2.970097780227661
3724,2.2773489952087402
3725,2.848223924636841
3726,2.815114736557007
3727,2.6380817890167236
3728,2.4355006217956543
3729,2.9541685581207275
3730,2.80389404296875
3731,2.801250696182251
3732,3.263845682144165
3733,2.691404342651367
3734,3.028465509414673
3735,3.157447576522827
3736,3.1397817134857178
3737,2.575845241546631
3738,2.7895102500915527
3739,2.8667547702789307
3740,2.77903413772583
3741,2.4963316917419434
3742,3.045621395111084
3743,2.7510087490081787
3744,2.8457860946655273
3745,2.3570733070373535
3746,2.518540382385254
3747,2.572201728820801
3748,3.0357117652893066
3749,2.550168991088867
3750,2.7442076206207275
3751,3.3858532905578613
3752,2.7174413204193115
3753,2.6158406734466553
3754,2.7286224365234375
3755,2.848161458969116
3756,2.7480506896972656
3757,2.66325044631958
3758,3.0689806938171387
3759,2.777282238006592
3760,2.60868763923645
3761,2.9827303886413574
3762,2.8217010498046875
3763,3.028148651123047
3764,2.8951377868652344
3765,2.6350791454315186
3766,2.828033924102783
3767,2.230084180831909
3768,2.7708659172058105
3769,2.6120243072509766
3770,2.594236135482788
3771,3.130425214767456
3772,2.960204839706421
3773,2.923733949661255
3774,2.652993679046631
3775,2.8211913108825684
3776,2.9855875968933105
3777,2.5778191089630127
3778,3.11967396736145
3779,2.7353808879852295
3780,2.9013400077819824
3781,2.8353683948516846
3782,2.7830846309661865
3783,3.0444235801696777
3784,2.9563093185424805
3785,2.650458335876465
3786,2.6531989574432373
3787,2.6372954845428467
3788,3.5255210399627686
3789,3.038076162338257
3790,2.8558807373046875
3791,3.019627571105957
3792,3.1896281242370605
3793,2.825589656829834
3794,2.714970588684082
3795,3.3354110717773438
3796,2.8079259395599365
3797,3.3044447898864746
3798,2.748159885406494
3799,2.5225110054016113
3800,2.905658721923828
3801,3.0245044231414795
3802,2.4442248344421387
3803,2.733910083770752
3804,2.897561550140381
3805,2.8653688430786133
3806,2.5855369567871094
3807,2.555204391479492
3808,2.449681282043457
3809,2.8784220218658447
3810,2.4314017295837402
3811,2.723198413848877
3812,2.7432923316955566
3813,2.557410955429077
3814,2.929908275604248
3815,2.6612448692321777
3816,2.1048500537872314
3817,2.622105598449707
3818,2.4904863834381104
3819,3.0923590660095215
3820,2.7508015632629395
3821,3.736318588256836
3822,2.7738351821899414
3823,2.8419272899627686
3824,3.005725383758545
3825,2.7854933738708496
3826,2.5265414714813232
3827,2.6748640537261963
3828,2.9017250537872314
3829,2.7896993160247803
3830,3.0151896476745605
3831,2.9536828994750977
3832,2.4892284870147705
3833,2.7020111083984375
3834,3.0463383197784424
3835,2.8890209197998047
3836,2.584764003753662
3837,2.3691654205322266
3838,2.5839927196502686
3839,2.5026159286499023
3840,2.9118247032165527
3841,2.6900010108947754
3842,2.3679192066192627
3843,2.746464252471924
3844,2.6963398456573486
3845,2.9231483936309814
3846,2.8448688983917236
3847,2.741952419281006
3848,2.7771735191345215
3849,3.23781418800354
3850,2.7744767665863037
3851,2.695233106613159
3852,2.800086498260498
3853,2.808722496032715
3854,2.620622396469116
3855,2.9201011657714844
3856,2.5547239780426025
3857,2.527831792831421
3858,2.633558750152588
3859,2.6013364791870117
3860,2.732677936553955
3861,2.953169822692871
3862,2.568389892578125
3863,2.813206434249878
3864,2.818340539932251
3865,2.882335662841797
3866,2.510653495788574
3867,2.813582181930542
3868,3.0699737071990967
3869,2.887118101119995
3870,2.717758893966675
3871,2.8847496509552
3872,2.4482555389404297
3873,2.663477897644043
3874,2.9891324043273926
3875,2.7347800731658936
3876,2.5813803672790527
3877,2.5012471675872803
3878,2.46020245552063
3879,2.586874008178711
3880,2.7644543647766113
3881,2.718506336212158
3882,2.473914861679077
3883,2.784123182296753
3884,2.416210889816284
3885,2.746394395828247
3886,2.9261653423309326
3887,3.427628517150879
3888,2.7049312591552734
3889,2.8259940147399902
3890,2.3527164459228516
3891,2.8069841861724854
3892,2.8276586532592773
3893,2.780247688293457
3894,2.9188852310180664
3895,2.8091354370117188
3896,2.9779515266418457
3897,2.5368664264678955
3898,2.6163148880004883
3899,2.3130252361297607
3900,2.851116180419922
3901,2.4497897624969482
3902,2.3990204334259033
3903,2.9660513401031494
3904,2.889573335647583
3905,2.658021926879883
3906,2.3247392177581787
3907,3.2037100791931152
3908,2.9562387466430664
3909,2.7659029960632324
3910,2.980496883392334
3911,3.067866802215576
3912,2.739781141281128
3913,2.821664810180664
3914,2.6795601844787598
3915,2.822678565979004
3916,2.816429615020752
3917,2.2895901203155518
3918,2.72177791595459
3919,2.257657289505005
3920,2.8129634857177734
3921,3.1169025897979736
3922,2.9072232246398926
3923,2.5868637561798096
3924,2.784301996231079
3925,3.1107821464538574
3926,2.734269857406616
3927,3.1687324047088623
3928,2.5879247188568115
3929,2.1700313091278076
3930,2.7695744037628174
3931,2.209062337875366
3932,2.7241764068603516
3933,3.165130615234375
3934,2.766160011291504
3935,2.791386127471924
3936,2.633364677429199
3937,2.8394553661346436
3938,2.8458080291748047
3939,3.2467284202575684
3940,2.6769378185272217
3941,2.974742889404297
3942,2.267829418182373
3943,2.6993327140808105
3944,2.8484506607055664
3945,2.958556652069092
3946,2.986161231994629
3947,3.3908002376556396
3948,2.6538782119750977
3949,2.633298873901367
3950,2.8792412281036377
3951,3.170823574066162
3952,2.539578914642334
3953,2.654831647872925
3954,2.5535542964935303
3955,2.814708948135376
3956,2.740536689758301
3957,2.6848490238189697
3958,2.890073299407959
3959,2.5649383068084717
3960,2.7349448204040527
3961,2.6143176555633545
3962,2.988241195678711
3963,2.898503303527832
3964,3.0705783367156982
3965,2.5875682830810547
3966,2.6174144744873047
3967,2.2679553031921387
3968,2.7856221199035645
3969,2.615928888320923
3970,2.6863455772399902
3971,2.642531156539917
3972,2.2502758502960205
3973,2.7542591094970703
3974,2.8222320079803467
3975,2.8855087757110596
3976,2.4116532802581787
3977,2.633387327194214
3978,2.626657724380493
3979,2.8236846923828125
3980,2.5605359077453613
3981,2.9099340438842773
3982,2.5195388793945312
3983,2.786348342895508
3984,2.514204502105713
3985,3.0416417121887207
3986,2.867016077041626
3987,2.799057960510254
3988,3.0245234966278076
3989,2.91839599609375
3990,2.957097291946411
3991,2.9002418518066406
3992,2.7177340984344482
3993,2.776381254196167
3994,2.8107240200042725
3995,2.6446287631988525
3996,2.6687731742858887
3997,2.878793478012085
3998,2.8475797176361084
3999,2.843139171600342
4000,2.941138744354248
4001,2.9768683910369873
4002,2.640141010284424
4003,2.916388750076294
4004,2.835970878601074
4005,2.8865630626678467
4006,3.284935235977173
4007,3.1306488513946533
4008,2.873114824295044
4009,2.593883514404297
4010,2.832667350769043
4011,2.5189239978790283
4012,2.5610313415527344
4013,2.555086374282837
4014,2.953160285949707
4015,2.5633761882781982
4016,2.906841278076172
4017,2.215019941329956
4018,2.1257119178771973
4019,2.9904980659484863
4020,2.926943063735962
4021,2.9126639366149902
4022,2.511385202407837
4023,2.8452069759368896
4024,2.8628621101379395
4025,3.046652317047119
4026,2.8454885482788086
4027,2.4880013465881348
4028,2.7567238807678223
4029,2.757448673248291
4030,3.0337095260620117
4031,2.722574472427368
4032,2.652940273284912
4033,2.781418561935425
4034,2.7380802631378174
4035,3.0103766918182373
4036,2.811887264251709
4037,2.489149570465088
4038,2.8910398483276367
4039,2.726485013961792
4040,3.1433749198913574
4041,3.1907527446746826
4042,3.1461522579193115
4043,2.5588808059692383
4044,2.729461669921875
4045,2.9032421112060547
4046,2.933795213699341
4047,2.73517107963562
4048,3.173027515411377
4049,3.0705151557922363
4050,2.790855646133423
4051,2.7763946056365967
4052,3.2101781368255615
4053,2.9502720832824707
4054,3.0908541679382324
4055,2.5267374515533447
4056,2.6899566650390625
4057,2.642141580581665
4058,3.115281581878662
4059,2.247516393661499
4060,3.0172059535980225
4061,2.654910087585449
4062,2.7809650897979736
4063,2.56950306892395
4064,2.7763607501983643
4065,2.571502208709717
4066,3.270857334136963
4067,2.418591022491455
4068,2.920924663543701
4069,2.718855857849121
4070,2.918564796447754
4071,2.546873092651367
4072,2.684663772583008
4073,2.467616319656372
4074,2.881721019744873
4075,2.563314437866211
4076,2.354865550994873
4077,2.670464038848877
4078,2.8312416076660156
4079,3.0121452808380127
4080,2.78007435798645
4081,2.7666237354278564
4082,2.584010601043701
4083,2.7719156742095947
4084,2.7172062397003174
4085,2.795933723449707
4086,2.827420234680176
4087,3.032721519470215
4088,2.990610122680664
4089,3.0382819175720215
4090,2.7992162704467773
4091,2.6425278186798096
4092,3.0866615772247314
4093,2.686790704727173
4094,2.7908596992492676
4095,3.0226054191589355
4096,3.1180672645568848
4097,2.5487310886383057
4098,2.5909173488616943
4099,2.631700038909912
4100,2.456735610961914
4101,3.198251485824585
4102,3.033855676651001
4103,2.234503984451294
4104,2.7619736194610596
4105,2.9938912391662598
4106,2.945129871368408
4107,2.6560375690460205
4108,2.773422956466675
4109,2.9535014629364014
4110,2.6461098194122314
4111,2.741361379623413
4112,2.8708765506744385
4113,2.703179359436035
4114,3.6560909748077393
4115,3.192556858062744
4116,2.707852363586426
4117,3.078916072845459
4118,2.7391722202301025
4119,2.693330764770508
4120,2.4075357913970947
4121,2.4366776943206787
4122,2.833988666534424
4123,2.9746012687683105
4124,2.465385675430298
4125,2.973396062850952
4126,2.4448447227478027
4127,3.1965980529785156
4128,2.9583494663238525
4129,2.906602144241333
4130,2.815225124359131
4131,2.8451576232910156
4132,2.7317051887512207
4133,2.610311508178711
4134,2.67533278465271
4135,3.0786261558532715
4136,2.553602695465088
4137,2.5776150226593018
4138,2.5191805362701416
4139,2.8577463626861572
4140,3.054433822631836
4141,2.768721103668213
4142,2.729212760925293
4143,2.8480701446533203
4144,3.129063129425049
4145,2.8415913581848145
4146,2.8770883083343506
4147,3.3030571937561035
4148,2.9101455211639404
4149,3.027571439743042
4150,3.006808280944824
4151,2.123615026473999
4152,2.975191116333008
4153,2.939028739929199
4154,2.5630671977996826
4155,2.854264974594116
4156,3.2614076137542725
4157,3.055328607559204
4158,2.827070713043213
4159,3.0671584606170654
4160,2.7550766468048096
4161,2.643775224685669
4162,2.7350919246673584
4163,2.7773964405059814
4164,3.1530203819274902
4165,2.90084171295166
4166,3.0531909465789795
4167,2.6102304458618164
4168,3.2399024963378906
4169,3.049225330352783
4170,2.795060634613037
4171,2.9214537143707275
4172,2.6677210330963135
4173,2.9592084884643555
4174,2.8689632415771484
4175,2.5662424564361572
4176,2.3994123935699463
4177,2.6974408626556396
4178,2.3183438777923584
4179,3.4491586685180664
4180,2.795630931854248
4181,3.1693365573883057
4182,2.9448533058166504
4183,2.9109017848968506
4184,2.55946683883667
4185,2.7170603275299072
4186,2.5897598266601562
4187,2.6912007331848145
4188,2.5873684883117676
4189,2.882589340209961
4190,2.9079713821411133
4191,2.605786085128784
4192,2.941723346710205
4193,2.717186450958252
4194,2.334369659423828
4195,2.6916675567626953
4196,2.874889850616455
4197,3.141085624694824
4198,2.5020875930786133
4199,2.502476453781128
4200,2.3010761737823486
4201,2.832888603210449
4202,2.5936408042907715
4203,2.8650619983673096
4204,3.2045421600341797
4205,2.7345683574676514
4206,2.6672422885894775
4207,2.882939577102661
4208,2.7429211139678955
4209,2.2990195751190186
4210,2.6951348781585693
4211,2.8376803398132324
4212,2.884777069091797
4213,2.9023823738098145
4214,2.7390358448028564
4215,2.4888603687286377
4216,2.623741865158081
4217,3.1480720043182373
4218,2.7568106651306152
4219,2.904801845550537
4220,2.9520323276519775
4221,2.576042890548706
4222,3.072788953781128
4223,2.8531641960144043
4224,2.694814443588257
4225,2.7917654514312744
4226,2.634378671646118
4227,3.2026515007019043
4228,2.5463168621063232
4229,2.8736062049865723
4230,3.0965781211853027
4231,2.3778107166290283
4232,2.7681326866149902
4233,2.5079658031463623
4234,2.7209999561309814
4235,3.1333658695220947
4236,2.7822394371032715
4237,3.0489625930786133
4238,2.5906105041503906
4239,2.582428455352783
4240,3.053412914276123
4241,2.6421148777008057
4242,2.745638132095337
4243,2.481549024581909
4244,2.629545211791992
4245,3.01326847076416
4246,2.922145366668701
4247,2.846865653991699
4248,2.807474136352539
4249,2.85518479347229
4250,3.0315868854522705
4251,2.6284875869750977
4252,2.662165641784668
4253,2.8488526344299316
4254,2.892960548400879
4255,3.4120476245880127
4256,2.754183053970337
4257,2.7909939289093018
4258,2.9239752292633057
4259,2.9440386295318604
4260,2.3620266914367676
4261,2.581425189971924
4262,2.818291664123535
4263,3.0163629055023193
4264,2.964759111404419
4265,2.8415801525115967
4266,2.7671058177948
4267,2.734879732131958
4268,2.9095587730407715
4269,2.601375102996826
4270,3.0951011180877686
4271,2.9620518684387207
4272,2.8680903911590576
4273,2.5041093826293945
4274,2.9039461612701416
4275,3.239741086959839
4276,2.5708107948303223
4277,2.7131171226501465
4278,3.1456851959228516
4279,2.5185461044311523
4280,2.8424158096313477
4281,2.6371607780456543
4282,3.1831541061401367
4283,2.5592801570892334
4284,2.7491626739501953
4285,2.5076141357421875
4286,2.56658935546875
4287,2.7660605907440186
4288,2.5861315727233887
4289,3.07373046875
4290,2.4405887126922607
4291,2.983694314956665
4292,2.958310604095459
4293,2.65981388092041
4294,2.7792975902557373
4295,2.619711399078369
4296,3.0889198780059814
4297,2.328510284423828
4298,2.976625442504883
4299,2.8535118103027344
4300,2.846832036972046
4301,2.9719526767730713
4302,2.8110334873199463
4303,2.5946152210235596
4304,2.7620115280151367
4305,2.5118014812469482
4306,3.1329691410064697
4307,3.088270902633667
4308,2.5295627117156982
4309,2.581364154815674
4310,3.0530285835266113
4311,2.5072460174560547
4312,2.491455078125
4313,2.5814170837402344
4314,2.861609697341919
4315,2.7061662673950195
4316,2.4038808345794678
4317,3.0838966369628906
4318,3.002633810043335
4319,2.937727212905884
4320,2.9947023391723633
4321,2.0922834873199463
4322,2.689150810241699
4323,2.773800849914551
4324,3.3118348121643066
4325,2.819430351257324
4326,2.638075828552246
4327,2.68271803855896
4328,3.084665298461914
4329,2.6166982650756836
4330,2.706012487411499
4331,2.4558074474334717
4332,3.006777763366699
4333,2.38497257232666
4334,2.3690083026885986
4335,2.6282718181610107
4336,2.739922046661377
4337,2.934600591659546
4338,2.951735496520996
4339,2.756941080093384
4340,2.9553067684173584
4341,2.465603828430176
4342,2.9001145362854004
4343,3.173037528991699
4344,2.618272542953491
4345,2.7128701210021973
4346,3.0138518810272217
4347,3.1210525035858154
4348,2.5129778385162354
4349,3.044915199279785
4350,2.6810224056243896
4351,2.278735399246216
4352,2.451350212097168
4353,2.990057945251465
4354,2.544037342071533
4355,2.5752241611480713
4356,2.4405922889709473
4357,2.8092551231384277
4358,3.1250874996185303
4359,3.1470158100128174
4360,2.865370273590088
4361,2.8593342304229736
4362,2.860142946243286
4363,2.9511501789093018
4364,3.0197083950042725
4365,2.848449230194092
4366,3.1516833305358887
4367,2.8871796131134033
4368,2.5815865993499756
4369,2.948937177658081
4370,2.6765952110290527
4371,2.2729949951171875
4372,2.703782081604004
4373,3.0268642902374268
4374,2.2547173500061035
4375,2.572577953338623
4376,2.66272234916687
4377,2.7947492599487305
4378,3.3265116214752197
4379,2.5807383060455322
4380,3.1125802993774414
4381,2.5631489753723145
4382,2.515329360961914
4383,2.7206716537475586
4384,2.6624178886413574
4385,3.0076966285705566
4386,2.8685286045074463
4387,2.632627487182617
4388,2.3586158752441406
4389,2.655156135559082
4390,2.498589277267456
4391,2.5997095108032227
4392,2.43684983253479
4393,2.8551597595214844
4394,3.261958360671997
4395,3.0252585411071777
4396,2.2258596420288086
4397,2.7319979667663574
4398,2.2106404304504395
4399,2.945462465286255
4400,2.888904094696045
4401,2.8858611583709717
4402,2.209172010421753
4403,2.207760810852051
4404,2.6911659240722656
4405,2.9469966888427734
4406,2.989287853240967
4407,2.4566428661346436
4408,3.042104482650757
4409,2.8205835819244385
4410,2.8406150341033936
4411,2.699535369873047
4412,2.5334160327911377
4413,2.466691255569458
4414,2.7191293239593506
4415,3.1524345874786377
4416,3.0392203330993652
4417,2.3856823444366455
4418,2.927823066711426
4419,2.5557267665863037
4420,3.432281017303467
4421,2.8971359729766846
4422,2.854032516479492
4423,3.21219539642334
4424,2.8949947357177734
4425,2.790295124053955
4426,2.2947144508361816
4427,2.6197638511657715
4428,2.6435883045196533
4429,2.6308810710906982
4430,3.026667356491089
4431,2.904505968093872
4432,2.8775482177734375
4433,2.7830288410186768
4434,2.77457332611084
4435,2.5101213455200195
4436,2.8293163776397705
4437,2.840607166290283
4438,2.7383129596710205
4439,3.048341751098633
4440,3.2700510025024414
4441,3.10676908493042
4442,2.977086067199707
4443,2.292931079864502
4444,3.0765087604522705
4445,3.1254005432128906
4446,2.5967154502868652
4447,2.856349468231201
4448,2.836014986038208
4449,2.6678483486175537
4450,2.61611008644104
4451,2.590233564376831
4452,2.970999240875244
4453,3.061574697494507
4454,2.407050609588623
4455,2.619042158126831
4456,2.729602575302124
4457,2.6399853229522705
4458,2.7622385025024414
4459,2.6571567058563232
4460,2.395066738128662
4461,2.768177032470703
4462,2.8171043395996094
4463,2.6750540733337402
4464,2.76090669631958
4465,3.190791606903076
4466,2.611731767654419
4467,2.9023914337158203
4468,2.9610085487365723
4469,3.209348678588867
4470,2.3362228870391846
4471,2.6496071815490723
4472,3.3517351150512695
4473,2.8098583221435547
4474,2.8017568588256836
4475,2.826748847961426
4476,2.479792833328247
4477,2.5162880420684814
4478,2.66813588142395
4479,2.703284978866577
4480,2.561270236968994
4481,2.5066871643066406
4482,2.6732430458068848
4483,3.3720624446868896
4484,2.724696636199951
4485,2.9638845920562744
4486,2.9492743015289307
4487,2.602081298828125
4488,2.810781240463257
4489,3.280372142791748
4490,3.1207096576690674
4491,2.653588056564331
4492,2.8145666122436523
4493,2.9021408557891846
4494,2.7514569759368896
4495,2.872673511505127
4496,2.91329288482666
4497,3.300489664077759
4498,3.1097915172576904
4499,2.8083581924438477
4500,2.752669095993042
4501,2.7609786987304688
4502,2.657224416732788
4503,2.518253803253174
4504,2.8686773777008057
4505,2.848417043685913
4506,2.6796467304229736
4507,3.1702284812927246
4508,2.790879726409912
4509,2.5310189723968506
4510,2.6190438270568848
4511,3.062899589538574
4512,3.033457040786743
4513,2.2957913875579834
4514,2.279670238494873
4515,2.4007465839385986
4516,2.5662295818328857
4517,2.9518790245056152
4518,2.6061275005340576
4519,2.776989459991455
4520,2.56262469291687
4521,2.709423542022705
4522,2.3898983001708984
4523,2.921236515045166
4524,2.85664701461792
4525,2.6281578540802
4526,2.683117151260376
4527,2.7755236625671387
4528,2.7537553310394287
4529,2.557027578353882
4530,2.629754066467285
4531,2.6102678775787354
4532,2.629215955734253
4533,2.9092915058135986
4534,2.999105930328369
4535,3.021944761276245
4536,2.5928103923797607
4537,2.895555019378662
4538,2.670546054840088
4539,2.466099500656128
4540,2.897130250930786
4541,2.878523111343384
4542,2.5495548248291016
4543,3.0635433197021484
4544,2.3518195152282715
4545,2.553729772567749
4546,2.6851768493652344
4547,3.3596389293670654
4548,2.8493545055389404
4549,2.569014549255371
4550,2.5084989070892334
4551,2.7895331382751465
4552,2.77983021736145
4553,2.794114351272583
4554,2.78690505027771
4555,2.865630626678467
4556,2.7067301273345947
4557,3.019542694091797
4558,2.4426443576812744
4559,2.762883424758911
4560,2.5645298957824707
4561,2.8623909950256348
4562,2.7774064540863037
4563,2.643606185913086
4564,2.42690372467041
4565,3.146780014038086
4566,3.1619319915771484
4567,2.9217894077301025
4568,2.907205104827881
4569,2.933781147003174
4570,2.907552719116211
4571,2.415278434753418
4572,2.9862382411956787
4573,2.4081859588623047
4574,3.007789134979248
4575,2.793691396713257
4576,2.825890302658081
4577,2.9755585193634033
4578,2.754823923110962
4579,2.955338716506958
4580,3.104703426361084
4581,2.9095370769500732
4582,2.9579086303710938
4583,3.102067708969116
4584,2.424830675125122
4585,2.958176374435425
4586,3.1018266677856445
4587,3.0817527770996094
4588,2.4794487953186035
4589,3.245542526245117
4590,2.491318702697754
4591,2.8420588970184326
4592,2.900061845779419
4593,2.7382307052612305
4594,2.87652850151062
4595,2.93440842628479
4596,2.3217687606811523
4597,3.3463494777679443
4598,2.778616428375244
4599,3.072410821914673
4600,2.7131824493408203
4601,2.474576473236084
4602,2.632650852203369
4603,3.1343469619750977
4604,2.6194074153900146
4605,2.751164436340332
4606,2.8095760345458984
4607,2.575968027114868
4608,2.791825294494629
4609,2.6275923252105713
4610,2.9519171714782715
4611,2.850337266921997
4612,2.8344717025756836
4613,3.31768798828125
4614,3.202883720397949
4615,2.3098666667938232
4616,2.655315637588501
4617,2.712869167327881
4618,2.4287521839141846
4619,2.458735942840576
4620,2.7425830364227295
4621,3.2774884700775146
4622,2.5373830795288086
4623,2.7454283237457275
4624,2.812483549118042
4625,2.980450391769409
4626,3.3596413135528564
4627,3.000596046447754
4628,3.2990572452545166
4629,2.6413731575012207
4630,3.0479300022125244
4631,2.5719308853149414
4632,2.9614598751068115
4633,2.660567045211792
4634,3.313230037689209
4635,3.300326108932495
4636,2.6361567974090576
4637,2.6994354724884033
4638,2.701826333999634
4639,2.8883676528930664
4640,2.5459144115448
4641,2.4672985076904297
4642,2.5908570289611816
4643,2.3058154582977295
4644,2.769397020339966
4645,2.9765231609344482
4646,2.5678298473358154
4647,2.380789279937744
4648,2.8983561992645264
4649,2.5796279907226562
4650,2.2883806228637695
4651,3.0382394790649414
4652,2.7252211570739746
4653,2.869711399078369
4654,2.710831642150879
4655,2.586932420730591
4656,3.276420831680298
4657,2.650998830795288
4658,2.6876981258392334
4659,2.847142457962036
4660,3.1575756072998047
4661,3.0611448287963867
4662,3.118347406387329
4663,2.665754795074463
4664,2.5302557945251465
4665,2.3120293617248535
4666,2.640047550201416
4667,2.6689915657043457
4668,2.4871275424957275
4669,2.9606354236602783
4670,3.400466203689575
4671,2.886080265045166
4672,2.643951177597046
4673,2.8859000205993652
4674,2.9068057537078857
4675,2.7960453033447266
4676,2.881810188293457
4677,2.920393228530884
4678,2.5847718715667725
4679,2.5147266387939453
4680,2.599886417388916
4681,2.6089956760406494
4682,2.810082197189331
4683,2.928502082824707
4684,3.228463888168335
4685,2.472187042236328
4686,2.5295956134796143
4687,2.952587842941284
4688,2.8334691524505615
4689,2.622828722000122
4690,2.864178419113159
4691,2.5949835777282715
4692,2.8012144565582275
4693,2.7985458374023438
4694,2.3413543701171875
4695,2.47808575630188
4696,2.942340135574341
4697,2.4491209983825684
4698,2.87434983253479
4699,2.3230514526367188
4700,2.673389434814453
4701,2.8466529846191406
4702,2.7483863830566406
4703,3.0026354789733887
4704,2.588761329650879
4705,2.9607226848602295
4706,2.636359214782715
4707,2.432337999343872
4708,2.815675735473633
4709,2.493133544921875
4710,2.5241024494171143
4711,2.924243927001953
4712,2.379528522491455
4713,2.6417429447174072
4714,2.7842776775360107
4715,2.3591723442077637
4716,2.8038957118988037
4717,2.56974196434021
4718,3.247319221496582
4719,2.531418800354004
4720,2.9296305179595947
4721,2.323580741882324
4722,2.758652687072754
4723,2.7527830600738525
4724,2.67401123046875
4725,3.0520644187927246
4726,2.559199333190918
4727,2.70827054977417
4728,2.5427587032318115
4729,2.6179375648498535
4730,3.0205249786376953
4731,2.771745443344116
4732,2.717674970626831
4733,2.6030354499816895
4734,2.6695406436920166
4735,2.693862199783325
4736,3.0228993892669678
4737,2.202848196029663
4738,2.911156415939331
4739,2.854766368865967
4740,2.5848357677459717
4741,3.100182056427002
4742,2.331822395324707
4743,2.8379712104797363
4744,2.5927343368530273
4745,2.2702832221984863
4746,2.805712938308716
4747,2.7465362548828125
4748,2.2924916744232178
4749,2.7519776821136475
4750,2.6312763690948486
4751,2.9742138385772705
4752,2.8167483806610107
4753,3.024789333343506
4754,2.637071371078491
4755,2.753711700439453
4756,2.5261287689208984
4757,3.174309015274048
4758,2.7883894443511963
4759,2.881169319152832
4760,3.021559953689575
4761,2.9032983779907227
4762,2.9185128211975098
4763,3.508798360824585
4764,2.792948007583618
4765,2.9640986919403076
4766,2.3315913677215576
4767,2.7432544231414795
4768,2.89546275138855
4769,2.9711551666259766
4770,2.5042927265167236
4771,2.698700189590454
4772,2.5522611141204834
4773,2.7304952144622803
4774,2.646571159362793
4775,2.955976724624634
4776,2.571256637573242
4777,3.0175914764404297
4778,2.7361464500427246
4779,2.3580384254455566
4780,2.9010446071624756
4781,2.7000505924224854
4782,3.021402359008789
4783,2.6879546642303467
4784,2.930856943130493
4785,2.998986005783081
4786,3.0330164432525635
4787,2.475492000579834
4788,2.7763254642486572
4789,2.604335308074951
4790,3.072211265563965
4791,2.779249429702759
4792,2.9640278816223145
4793,2.5389723777770996
4794,2.842747688293457
4795,2.7731666564941406
4796,2.664318084716797
4797,2.747309446334839
4798,2.846604824066162
4799,2.743079662322998
4800,2.5694754123687744
4801,2.6003127098083496
4802,2.800109386444092
4803,2.640388250350952
4804,2.8653404712677
4805,2.636530637741089
4806,2.8279106616973877
4807,3.2221755981445312
4808,3.0084991455078125
4809,2.4517598152160645
4810,2.8536462783813477
4811,2.7869906425476074
4812,2.8316049575805664
4813,2.9126644134521484
4814,2.789210081100464
4815,2.5673956871032715
4816,2.7561068534851074
4817,2.639336109161377
4818,3.2197978496551514
4819,2.663229465484619
4820,1.9503531455993652
4821,2.33742356300354
4822,2.6338281631469727
4823,3.1608920097351074
4824,3.3362300395965576
4825,2.2038521766662598
4826,2.444793939590454
4827,2.8010668754577637
4828,2.9615018367767334
4829,2.95784330368042
4830,2.949221134185791
4831,2.4669272899627686
4832,2.7332301139831543
4833,2.9478461742401123
4834,3.085812568664551
4835,2.264502763748169
4836,2.5573244094848633
4837,3.0324790477752686
4838,2.7230324745178223
4839,2.719515323638916
4840,2.68325138092041
4841,2.58426570892334
4842,2.6282172203063965
4843,2.4880387783050537
4844,2.7187247276306152
4845,3.049257516860962
4846,3.0898725986480713
4847,2.9840304851531982
4848,2.6386935710906982
4849,2.75813364982605
4850,2.8875374794006348
4851,3.1822216510772705
4852,3.1143486499786377
4853,2.8216166496276855
4854,2.7451791763305664
4855,2.651721239089966
4856,2.5577642917633057
4857,2.435595750808716
4858,2.8011600971221924
4859,2.8679039478302
4860,2.7122154235839844
4861,2.8909969329833984
4862,2.6285815238952637
4863,2.7847299575805664
4864,2.688276529312134
4865,2.6532087326049805
4866,2.7477939128875732
4867,2.827786445617676
4868,2.6112332344055176
4869,2.7874433994293213
4870,2.8840172290802
4871,2.997370719909668
4872,2.461684226989746
4873,2.651099443435669
4874,2.741313934326172
4875,2.6336565017700195
4876,2.655463457107544
4877,2.8622031211853027
4878,2.9285545349121094
4879,2.566460371017456
4880,2.475310802459717
4881,2.62263822555542
4882,3.1106934547424316
4883,3.1884961128234863
4884,2.9381279945373535
4885,2.9471986293792725
4886,2.782351493835449
4887,2.5119476318359375
4888,2.774197578430176
4889,2.9968550205230713
4890,2.424873113632202
4891,2.2579805850982666
4892,2.4039134979248047
4893,2.740025520324707
4894,2.7296509742736816
4895,2.6717586517333984
4896,2.922471046447754
4897,2.9991652965545654
4898,3.0922088623046875
4899,2.8369760513305664
4900,2.4587583541870117
4901,2.8001632690429688
4902,2.2982358932495117
4903,2.9764130115509033
4904,2.714421272277832
4905,2.6093637943267822
4906,3.0383522510528564
4907,2.50600004196167
4908,2.7555510997772217
4909,2.8818702697753906
4910,2.3365910053253174
4911,2.5340468883514404
4912,2.573437452316284
4913,3.066608428955078
4914,2.8601675033569336
4915,2.652519464492798
4916,2.755866289138794
4917,2.866513252258301
4918,2.5200932025909424
4919,2.5707194805145264
4920,3.1032190322875977
4921,2.95578670501709
4922,2.8501899242401123
4923,2.5251076221466064
4924,2.4134552478790283
4925,2.6335880756378174
4926,2.923638343811035
4927,2.5146584510803223
4928,2.9087183475494385
4929,3.237675905227661
4930,2.6213772296905518
4931,2.772216320037842
4932,2.777902841567993
4933,2.8515961170196533
4934,2.2920851707458496
4935,2.839852809906006
4936,2.5680832862854004
4937,2.6157844066619873
4938,2.9472579956054688
4939,2.672696113586426
4940,3.1878223419189453
4941,2.962151288986206
4942,2.6359875202178955
4943,2.733226776123047
4944,2.8775863647460938
4945,2.797663450241089
4946,2.8025078773498535
4947,3.1629385948181152
4948,2.7697134017944336
4949,2.625629186630249
4950,2.5282750129699707
4951,2.9710896015167236
4952,2.9094290733337402
4953,2.7244176864624023
4954,2.8935275077819824
4955,2.4529263973236084
4956,2.893616199493408
4957,2.751378059387207
4958,2.7946646213531494
4959,3.134945869445801
4960,2.9228451251983643
4961,2.8035688400268555
4962,2.6199851036071777
4963,3.004943609237671
4964,2.738863229751587
4965,3.229883909225464
4966,2.7251505851745605
4967,3.0261738300323486
4968,2.973193645477295
4969,2.8428969383239746
4970,2.8500473499298096
4971,3.028599977493286
4972,2.6255195140838623
4973,2.9874155521392822
4974,2.626819610595703
4975,2.7176456451416016
4976,2.65324330329895
4977,2.9688053131103516
4978,2.6301658153533936
4979,2.5178189277648926
4980,2.788426637649536
4981,2.549258232116699
4982,2.343865156173706
4983,2.604066848754883
4984,2.481426954269409
4985,2.387908935546875
4986,2.945845603942871
4987,2.947097063064575
4988,2.7006750106811523
4989,2.9382026195526123
4990,2.324598789215088
4991,2.592702627182007
4992,2.9811806678771973
4993,2.543748140335083
4994,2.782559633255005
4995,2.7725725173950195
4996,2.531464099884033
4997,2.9617652893066406
4998,2.537360429763794
4999,2.703200101852417
5000,2.9912772178649902
5001,2.8201730251312256
5002,2.688810110092163
5003,2.998305320739746
5004,3.002035617828369
5005,2.689619302749634
5006,3.0573136806488037
5007,2.924694061279297
5008,2.584892749786377
5009,2.667978525161743
5010,2.531740427017212
5011,2.8707921504974365
5012,2.446993112564087
5013,2.827143669128418
5014,3.576845645904541
5015,2.810965061187744
5016,2.806718111038208
5017,3.1112232208251953
5018,3.0005080699920654
5019,2.6485674381256104
5020,3.0527732372283936
5021,2.5893783569335938
5022,2.7304980754852295
5023,2.765826463699341
5024,2.875115394592285
