<frozen importlib._bootstrap>:488: DeprecationWarning: builtin type SwigPyPacked has no __module__ attribute
<frozen importlib._bootstrap>:488: DeprecationWarning: builtin type SwigPyObject has no __module__ attribute
<frozen importlib._bootstrap>:488: DeprecationWarning: builtin type swigvarlink has no __module__ attribute
wandb: [wandb.login()] Loaded credentials for https://api.wandb.ai from /home/s28404/.netrc.
wandb: Currently logged in as: frackowiak (frackowiak_kajetan) to https://api.wandb.ai. Use `wandb login --relogin` to force relogin
/home/s28404/inzynierka_kod_zrodlowy/.venv/lib/python3.12/site-packages/wandb/analytics/sentry.py:268: DeprecationWarning: Read the `app_url` setting from the appropriate Settings object.
  app_url = wandb.util.app_url(tags["base_url"])  # type: ignore[index]
/home/s28404/inzynierka_kod_zrodlowy/.venv/lib/python3.12/site-packages/wandb/analytics/sentry.py:268: DeprecationWarning: Read the `app_url` setting from the appropriate Settings object.
  app_url = wandb.util.app_url(tags["base_url"])  # type: ignore[index]
/home/s28404/inzynierka_kod_zrodlowy/.venv/lib/python3.12/site-packages/wandb/analytics/sentry.py:279: DeprecationWarning: The `Scope.user` setter is deprecated in favor of `Scope.set_user()`.
  self.scope.user = {"email": email}
wandb: setting up run e8gv4saa
/home/s28404/inzynierka_kod_zrodlowy/.venv/lib/python3.12/site-packages/wandb/analytics/sentry.py:268: DeprecationWarning: Read the `app_url` setting from the appropriate Settings object.
  app_url = wandb.util.app_url(tags["base_url"])  # type: ignore[index]
/home/s28404/inzynierka_kod_zrodlowy/.venv/lib/python3.12/site-packages/wandb/analytics/sentry.py:279: DeprecationWarning: The `Scope.user` setter is deprecated in favor of `Scope.set_user()`.
  self.scope.user = {"email": email}
wandb: Tracking run with wandb version 0.25.0
wandb: Run data is saved locally in logs_thesis/minigrid/wandb/run-20260616_123059-e8gv4saa
wandb: Run `wandb offline` to turn off syncing.
wandb: Syncing run r2d2_demir_BabyAI_KeyCorridorS4R3_v0_seed101_26_06_16-12_30_59
wandb: ⭐️ View project at https://wandb.ai/frackowiak_kajetan/kod_zrodlowy_demir
wandb: 🚀 View run at https://wandb.ai/frackowiak_kajetan/kod_zrodlowy_demir/runs/e8gv4saa
========================================================================/home/s28404/inzynierka_kod_zrodlowy/.venv/lib/python3.12/site-packages/google/protobuf/internal/well_known_types.py:195: DeprecationWarning: datetime.datetime.utcnow() is deprecated and scheduled for removal in a future version. Use timezone-aware objects to represent datetimes in UTC: datetime.datetime.now(datetime.UTC).
  self.FromDatetime(datetime.datetime.utcnow())

Run: r2d2_demir_BabyAI_KeyCorridorS4R3_v0_seed101_26_06_16-12_30_59
Variant: r2d2_demir | Intrinsic kind: demir | Scale: 0.1
Env: BabyAI-KeyCorridorS4R3-v0 | Device: cuda | Threads: 4
========================================================================
[train] 00:16<23:19:51, 0.008s/step step=    2000 episodes=    4 eps=0.998 replay=  1664 loss=nan ext100=0.000 total100=-0.010
[train] 00:37<26:13:36, 0.009s/step step=    4000 episodes=    8 eps=0.996 replay=  3328 loss=nan ext100=0.000 total100=0.006
[train] 00:59<27:29:45, 0.010s/step step=    6000 episodes=   12 eps=0.994 replay=  4992 loss=nan ext100=0.000 total100=0.020
[train] 01:22<28:37:33, 0.010s/step step=    8000 episodes=   16 eps=0.992 replay=  6656 loss=nan ext100=0.000 total100=0.052
[train] 01:47<29:49:56, 0.011s/step step=   10000 episodes=   20 eps=0.991 replay=  8320 loss=nan ext100=0.000 total100=0.062
[train] 02:14<31:11:12, 0.011s/step step=   12000 episodes=   25 eps=0.989 replay= 10400 loss=nan ext100=0.000 total100=0.058
[train] 02:43<32:25:12, 0.012s/step step=   14000 episodes=   29 eps=0.987 replay= 12064 loss=nan ext100=0.000 total100=0.069
[train] 03:16<34:07:52, 0.012s/step step=   16000 episodes=   33 eps=0.985 replay= 13728 loss=nan ext100=0.000 total100=0.072
[train] 03:50<35:31:32, 0.013s/step step=   18000 episodes=   37 eps=0.983 replay= 15392 loss=nan ext100=0.000 total100=0.071
[eval] step=20000 episodes=41 mean_ext_return=0.000
[train] 04:35<38:07:45, 0.014s/step step=   20000 episodes=   41 eps=0.981 replay= 17056 loss=nan ext100=0.000 total100=0.067
[train] 05:12<39:25:52, 0.014s/step step=   22000 episodes=   45 eps=0.979 replay= 18720 loss=nan ext100=0.000 total100=0.073
[train] 05:50<40:31:37, 0.015s/step step=   24000 episodes=   50 eps=0.977 replay= 20800 loss=nan ext100=0.000 total100=0.076
[train] 06:30<41:38:16, 0.015s/step step=   26000 episodes=   54 eps=0.975 replay= 22464 loss=nan ext100=0.000 total100=0.075
[train] 07:16<43:12:22, 0.016s/step step=   28000 episodes=   58 eps=0.973 replay= 24128 loss=nan ext100=0.000 total100=0.079
[train] 08:04<44:42:06, 0.016s/step step=   30000 episodes=   62 eps=0.972 replay= 25792 loss=nan ext100=0.000 total100=0.079
[train] 08:51<45:59:59, 0.017s/step step=   32000 episodes=   66 eps=0.970 replay= 27456 loss=nan ext100=0.000 total100=0.082
[train] 09:38<47:08:29, 0.017s/step step=   34000 episodes=   70 eps=0.968 replay= 29120 loss=nan ext100=0.000 total100=0.083
[train] 10:26<48:09:44, 0.017s/step step=   36000 episodes=   75 eps=0.966 replay= 31200 loss=nan ext100=0.000 total100=0.087
[train] 11:13<49:04:16, 0.018s/step step=   38000 episodes=   79 eps=0.964 replay= 32864 loss=nan ext100=0.000 total100=0.087
[eval] step=40000 episodes=83 mean_ext_return=0.000
[train] 12:13<50:42:25, 0.018s/step step=   40000 episodes=   83 eps=0.962 replay= 34528 loss=nan ext100=0.000 total100=0.087
[train] 13:00<51:24:17, 0.019s/step step=   42000 episodes=   87 eps=0.960 replay= 36192 loss=nan ext100=0.000 total100=0.085
[train] 13:48<52:02:34, 0.019s/step step=   44000 episodes=   91 eps=0.958 replay= 37856 loss=nan ext100=0.000 total100=0.087
[train] 14:35<52:37:16, 0.019s/step step=   46000 episodes=   95 eps=0.956 replay= 39520 loss=nan ext100=0.000 total100=0.087
[train] 15:23<53:10:14, 0.019s/step step=   48000 episodes=  100 eps=0.954 replay= 39936 loss=nan ext100=0.000 total100=0.086
[train] 16:12<53:45:29, 0.019s/step step=   50000 episodes=  104 eps=0.953 replay= 39936 loss=0.00212 ext100=0.000 total100=0.090
[train] 17:37<56:11:15, 0.020s/step step=   52000 episodes=  108 eps=0.951 replay= 39936 loss=0.00027 ext100=0.000 total100=0.092
[train] 19:02<58:28:34, 0.021s/step step=   54000 episodes=  112 eps=0.949 replay= 39936 loss=0.00045 ext100=0.000 total100=0.092
[train] 20:30<60:42:59, 0.022s/step step=   56000 episodes=  116 eps=0.947 replay= 39936 loss=0.00049 ext100=0.000 total100=0.087
[train] 22:01<62:54:47, 0.023s/step step=   58000 episodes=  120 eps=0.945 replay= 39936 loss=0.00030 ext100=0.000 total100=0.085
[eval] step=60000 episodes=125 mean_ext_return=0.000
[train] 23:48<65:43:08, 0.024s/step step=   60000 episodes=  125 eps=0.943 replay= 39936 loss=0.00024 ext100=0.000 total100=0.089
[train] 25:22<67:46:26, 0.025s/step step=   62000 episodes=  129 eps=0.941 replay= 39936 loss=0.00025 ext100=0.000 total100=0.087
[train] 26:59<69:50:35, 0.025s/step step=   64000 episodes=  133 eps=0.939 replay= 39936 loss=0.00025 ext100=0.000 total100=0.087
[train] 28:36<71:45:46, 0.026s/step step=   66000 episodes=  137 eps=0.937 replay= 39936 loss=0.00015 ext100=0.000 total100=0.088
[train] 30:17<73:44:12, 0.027s/step step=   68000 episodes=  141 eps=0.935 replay= 39936 loss=0.00017 ext100=0.000 total100=0.091
[train] 31:58<75:36:58, 0.027s/step step=   70000 episodes=  145 eps=0.933 replay= 39936 loss=0.00015 ext100=0.000 total100=0.089
[train] 33:40<77:23:41, 0.028s/step step=   72000 episodes=  150 eps=0.932 replay= 39936 loss=0.00013 ext100=0.000 total100=0.088
[train] 35:22<79:05:21, 0.029s/step step=   74000 episodes=  154 eps=0.930 replay= 39936 loss=0.00012 ext100=0.000 total100=0.092
[train] 37:04<80:40:29, 0.029s/step step=   76000 episodes=  158 eps=0.928 replay= 39936 loss=0.00012 ext100=0.000 total100=0.090
[train] 38:45<82:10:36, 0.030s/step step=   78000 episodes=  162 eps=0.926 replay= 39936 loss=0.00011 ext100=0.000 total100=0.087
[eval] step=80000 episodes=166 mean_ext_return=0.000
[train] 40:42<84:08:23, 0.031s/step step=   80000 episodes=  166 eps=0.924 replay= 39936 loss=0.00012 ext100=0.000 total100=0.085
[train] 42:24<85:28:59, 0.031s/step step=   82000 episodes=  170 eps=0.922 replay= 39936 loss=0.00010 ext100=0.000 total100=0.084
[train] 44:06<86:46:19, 0.032s/step step=   84000 episodes=  175 eps=0.920 replay= 39936 loss=0.00009 ext100=0.000 total100=0.081
[train] 45:47<87:59:41, 0.032s/step step=   86000 episodes=  179 eps=0.918 replay= 39936 loss=0.00012 ext100=0.000 total100=0.082
[train] 47:29<89:10:03, 0.032s/step step=   88000 episodes=  183 eps=0.916 replay= 39936 loss=0.00010 ext100=0.000 total100=0.081
[train] 49:11<90:16:55, 0.033s/step step=   90000 episodes=  187 eps=0.914 replay= 39936 loss=0.00009 ext100=0.000 total100=0.083
[train] 50:53<91:20:56, 0.033s/step step=   92000 episodes=  191 eps=0.913 replay= 39936 loss=0.00010 ext100=0.000 total100=0.082
[train] 52:35<92:23:01, 0.034s/step step=   94000 episodes=  195 eps=0.911 replay= 39936 loss=0.00010 ext100=0.000 total100=0.082
[train] 54:17<93:21:33, 0.034s/step step=   96000 episodes=  200 eps=0.909 replay= 39936 loss=0.00008 ext100=0.000 total100=0.084
[train] 55:59<94:17:43, 0.034s/step step=   98000 episodes=  204 eps=0.907 replay= 39936 loss=0.00010 ext100=0.000 total100=0.082
[eval] step=100000 episodes=208 mean_ext_return=0.000
[train] 57:57<95:37:36, 0.035s/step step=  100000 episodes=  208 eps=0.905 replay= 39936 loss=0.00009 ext100=0.000 total100=0.084
[train] 59:39<96:28:46, 0.035s/step step=  102000 episodes=  212 eps=0.903 replay= 39936 loss=0.00009 ext100=0.000 total100=0.083
[train] 1:01:21<97:18:17, 0.035s/step step=  104000 episodes=  216 eps=0.901 replay= 39936 loss=0.00009 ext100=0.000 total100=0.087
[train] 1:03:03<98:05:43, 0.036s/step step=  106000 episodes=  220 eps=0.899 replay= 39936 loss=0.00011 ext100=0.000 total100=0.087
[train] 1:04:45<98:51:17, 0.036s/step step=  108000 episodes=  225 eps=0.897 replay= 39936 loss=0.00011 ext100=0.000 total100=0.084
[train] 1:06:27<99:34:52, 0.036s/step step=  110000 episodes=  229 eps=0.895 replay= 39936 loss=0.00007 ext100=0.000 total100=0.085
[train] 1:08:09<100:17:07, 0.037s/step step=  112000 episodes=  233 eps=0.894 replay= 39936 loss=0.00010 ext100=0.000 total100=0.084
[train] 1:09:51<100:58:17, 0.037s/step step=  114000 episodes=  237 eps=0.892 replay= 39936 loss=0.00012 ext100=0.000 total100=0.083
[train] 1:11:33<101:37:20, 0.037s/step step=  116000 episodes=  241 eps=0.890 replay= 39936 loss=0.00008 ext100=0.000 total100=0.084
[train] 1:13:15<102:15:01, 0.037s/step step=  118000 episodes=  245 eps=0.888 replay= 39936 loss=0.00009 ext100=0.000 total100=0.085
[eval] step=120000 episodes=250 mean_ext_return=0.000
[train] 1:15:12<103:12:42, 0.038s/step step=  120000 episodes=  250 eps=0.886 replay= 39936 loss=0.00012 ext100=0.000 total100=0.084
[train] 1:16:54<103:47:25, 0.038s/step step=  122000 episodes=  254 eps=0.884 replay= 39936 loss=0.00014 ext100=0.000 total100=0.081
[train] 1:18:37<104:21:26, 0.038s/step step=  124000 episodes=  258 eps=0.882 replay= 39936 loss=0.00009 ext100=0.000 total100=0.081
[train] 1:20:19<104:54:12, 0.038s/step step=  126000 episodes=  262 eps=0.880 replay= 39936 loss=0.00010 ext100=0.000 total100=0.085
[train] 1:22:01<105:25:40, 0.038s/step step=  128000 episodes=  266 eps=0.878 replay= 39936 loss=0.00010 ext100=0.000 total100=0.084
[train] 1:23:43<105:56:06, 0.039s/step step=  130000 episodes=  270 eps=0.877 replay= 39936 loss=0.00018 ext100=0.000 total100=0.084
[train] 1:25:25<106:25:35, 0.039s/step step=  132000 episodes=  275 eps=0.875 replay= 39936 loss=0.00023 ext100=0.000 total100=0.085
[train] 1:27:07<106:54:44, 0.039s/step step=  134000 episodes=  279 eps=0.873 replay= 39936 loss=0.00019 ext100=0.000 total100=0.086
[train] 1:28:49<107:22:25, 0.039s/step step=  136000 episodes=  283 eps=0.871 replay= 39936 loss=0.00020 ext100=0.000 total100=0.087
[train] 1:30:31<107:49:14, 0.039s/step step=  138000 episodes=  287 eps=0.869 replay= 39936 loss=0.00012 ext100=0.000 total100=0.085
[eval] step=140000 episodes=291 mean_ext_return=0.000
[train] 1:32:29<108:33:41, 0.040s/step step=  140000 episodes=  291 eps=0.867 replay= 39936 loss=0.00013 ext100=0.000 total100=0.085
[train] 1:34:11<108:58:39, 0.040s/step step=  142000 episodes=  295 eps=0.865 replay= 39936 loss=0.00013 ext100=0.000 total100=0.085
[train] 1:35:53<109:23:11, 0.040s/step step=  144000 episodes=  300 eps=0.863 replay= 39936 loss=0.00010 ext100=0.000 total100=0.083
[train] 1:37:35<109:46:55, 0.040s/step step=  146000 episodes=  304 eps=0.861 replay= 39936 loss=0.00010 ext100=0.000 total100=0.086
[train] 1:39:17<110:09:46, 0.040s/step step=  148000 episodes=  308 eps=0.859 replay= 39936 loss=0.00009 ext100=0.000 total100=0.086
[train] 1:40:59<110:31:56, 0.040s/step step=  150000 episodes=  312 eps=0.858 replay= 39936 loss=0.00010 ext100=0.000 total100=0.087
[train] 1:42:41<110:53:30, 0.041s/step step=  152000 episodes=  316 eps=0.856 replay= 39936 loss=0.00008 ext100=0.000 total100=0.087
[train] 1:44:24<111:14:59, 0.041s/step step=  154000 episodes=  320 eps=0.854 replay= 39936 loss=0.00011 ext100=0.000 total100=0.090
[train] 1:46:06<111:35:16, 0.041s/step step=  156000 episodes=  325 eps=0.852 replay= 39936 loss=0.00009 ext100=0.000 total100=0.092
[train] 1:47:47<111:54:58, 0.041s/step step=  158000 episodes=  329 eps=0.850 replay= 39936 loss=0.00010 ext100=0.000 total100=0.093
[eval] step=160000 episodes=333 mean_ext_return=0.000
[train] 1:49:45<112:30:24, 0.041s/step step=  160000 episodes=  333 eps=0.848 replay= 39936 loss=0.00009 ext100=0.000 total100=0.094
[train] 1:51:27<112:48:59, 0.041s/step step=  162000 episodes=  337 eps=0.846 replay= 39936 loss=0.00011 ext100=0.000 total100=0.093
[train] 1:53:10<113:07:20, 0.041s/step step=  164000 episodes=  341 eps=0.844 replay= 39936 loss=0.00009 ext100=0.000 total100=0.093
[train] 1:54:52<113:25:15, 0.042s/step step=  166000 episodes=  345 eps=0.842 replay= 39936 loss=0.00009 ext100=0.000 total100=0.092
[train] 1:56:34<113:42:22, 0.042s/step step=  168000 episodes=  350 eps=0.840 replay= 39936 loss=0.00008 ext100=0.000 total100=0.094
[train] 1:58:16<113:58:59, 0.042s/step step=  170000 episodes=  354 eps=0.839 replay= 39936 loss=0.00012 ext100=0.000 total100=0.092
[train] 1:59:58<114:15:23, 0.042s/step step=  172000 episodes=  358 eps=0.837 replay= 39936 loss=0.00009 ext100=0.000 total100=0.092
[train] 2:01:41<114:31:44, 0.042s/step step=  174000 episodes=  362 eps=0.835 replay= 39936 loss=0.00010 ext100=0.000 total100=0.091
[train] 2:03:23<114:47:11, 0.042s/step step=  176000 episodes=  366 eps=0.833 replay= 39936 loss=0.00010 ext100=0.000 total100=0.092
[train] 2:05:05<115:02:18, 0.042s/step step=  178000 episodes=  370 eps=0.831 replay= 39936 loss=0.00013 ext100=0.000 total100=0.092
[eval] step=180000 episodes=375 mean_ext_return=0.000
[train] 2:07:03<115:31:19, 0.042s/step step=  180000 episodes=  375 eps=0.829 replay= 39936 loss=0.00010 ext100=0.000 total100=0.091
[train] 2:08:44<115:45:23, 0.042s/step step=  182000 episodes=  379 eps=0.827 replay= 39936 loss=0.00013 ext100=0.000 total100=0.088
[train] 2:10:27<115:59:25, 0.043s/step step=  184000 episodes=  383 eps=0.825 replay= 39936 loss=0.00014 ext100=0.000 total100=0.086
[train] 2:12:09<116:13:13, 0.043s/step step=  186000 episodes=  387 eps=0.823 replay= 39936 loss=0.00014 ext100=0.000 total100=0.087
[train] 2:13:51<116:26:20, 0.043s/step step=  188000 episodes=  391 eps=0.821 replay= 39936 loss=0.00010 ext100=0.000 total100=0.086
[train] 2:15:33<116:39:25, 0.043s/step step=  190000 episodes=  395 eps=0.820 replay= 39936 loss=0.00009 ext100=0.000 total100=0.087
[train] 2:17:15<116:52:00, 0.043s/step step=  192000 episodes=  400 eps=0.818 replay= 39936 loss=0.00011 ext100=0.000 total100=0.085
[train] 2:18:58<117:04:43, 0.043s/step step=  194000 episodes=  404 eps=0.816 replay= 39936 loss=0.00014 ext100=0.000 total100=0.084
[train] 2:20:40<117:16:43, 0.043s/step step=  196000 episodes=  408 eps=0.814 replay= 39936 loss=0.00012 ext100=0.000 total100=0.084
[train] 2:22:22<117:28:24, 0.043s/step step=  198000 episodes=  412 eps=0.812 replay= 39936 loss=0.00011 ext100=0.000 total100=0.083
[eval] step=200000 episodes=416 mean_ext_return=0.000
[train] 2:24:20<117:52:44, 0.043s/step step=  200000 episodes=  416 eps=0.810 replay= 39936 loss=0.00010 ext100=0.000 total100=0.080
[train] 2:26:02<118:03:46, 0.043s/step step=  202000 episodes=  420 eps=0.808 replay= 39936 loss=0.00013 ext100=0.000 total100=0.079
[train] 2:27:44<118:14:41, 0.043s/step step=  204000 episodes=  425 eps=0.806 replay= 39936 loss=0.00011 ext100=0.000 total100=0.078
[train] 2:29:27<118:25:28, 0.044s/step step=  206000 episodes=  429 eps=0.804 replay= 39936 loss=0.00013 ext100=0.000 total100=0.076
[train] 2:31:09<118:35:54, 0.044s/step step=  208000 episodes=  433 eps=0.802 replay= 39936 loss=0.00010 ext100=0.000 total100=0.075
[train] 2:32:51<118:46:00, 0.044s/step step=  210000 episodes=  437 eps=0.800 replay= 39936 loss=0.00016 ext100=0.000 total100=0.075
[train] 2:34:33<118:55:59, 0.044s/step step=  212000 episodes=  441 eps=0.799 replay= 39936 loss=0.00009 ext100=0.000 total100=0.075
[train] 2:36:16<119:06:01, 0.044s/step step=  214000 episodes=  445 eps=0.797 replay= 39936 loss=0.00012 ext100=0.000 total100=0.076
[train] 2:37:58<119:15:33, 0.044s/step step=  216000 episodes=  450 eps=0.795 replay= 39936 loss=0.00010 ext100=0.000 total100=0.075
[train] 2:39:40<119:24:44, 0.044s/step step=  218000 episodes=  454 eps=0.793 replay= 39936 loss=0.00016 ext100=0.000 total100=0.077
[eval] step=220000 episodes=458 mean_ext_return=0.000
[train] 2:41:38<119:45:24, 0.044s/step step=  220000 episodes=  458 eps=0.791 replay= 39936 loss=0.00011 ext100=0.000 total100=0.078
[train] 2:43:20<119:54:10, 0.044s/step step=  222000 episodes=  462 eps=0.789 replay= 39936 loss=0.00011 ext100=0.000 total100=0.078
[train] 2:45:02<120:02:49, 0.044s/step step=  224000 episodes=  466 eps=0.787 replay= 39936 loss=0.00011 ext100=0.000 total100=0.078
[train] 2:46:44<120:11:31, 0.044s/step step=  226000 episodes=  470 eps=0.785 replay= 39936 loss=0.00013 ext100=0.000 total100=0.078
[train] 2:48:27<120:19:43, 0.044s/step step=  228000 episodes=  475 eps=0.783 replay= 39936 loss=0.00011 ext100=0.000 total100=0.079
[train] 2:50:09<120:27:48, 0.044s/step step=  230000 episodes=  479 eps=0.781 replay= 39936 loss=0.00011 ext100=0.000 total100=0.081
[train] 2:51:51<120:35:42, 0.044s/step step=  232000 episodes=  483 eps=0.780 replay= 39936 loss=0.00022 ext100=0.000 total100=0.083
[train] 2:53:34<120:43:51, 0.045s/step step=  234000 episodes=  487 eps=0.778 replay= 39936 loss=0.00015 ext100=0.000 total100=0.082
[train] 2:55:16<120:51:26, 0.045s/step step=  236000 episodes=  491 eps=0.776 replay= 39936 loss=0.00014 ext100=0.000 total100=0.084
[train] 2:56:58<120:58:53, 0.045s/step step=  238000 episodes=  495 eps=0.774 replay= 39936 loss=0.00012 ext100=0.000 total100=0.084
[eval] step=240000 episodes=500 mean_ext_return=0.000
[train] 2:58:56<121:16:41, 0.045s/step step=  240000 episodes=  500 eps=0.772 replay= 39936 loss=0.00010 ext100=0.000 total100=0.086
[train] 3:00:38<121:23:37, 0.045s/step step=  242000 episodes=  504 eps=0.770 replay= 39936 loss=0.00012 ext100=0.000 total100=0.087
[train] 3:02:20<121:30:34, 0.045s/step step=  244000 episodes=  508 eps=0.768 replay= 39936 loss=0.00009 ext100=0.000 total100=0.087
[train] 3:04:02<121:37:32, 0.045s/step step=  246000 episodes=  512 eps=0.766 replay= 39936 loss=0.00010 ext100=0.000 total100=0.091
[train] 3:05:45<121:44:12, 0.045s/step step=  248000 episodes=  516 eps=0.764 replay= 39936 loss=0.00009 ext100=0.000 total100=0.093
[train] 3:07:27<121:50:41, 0.045s/step step=  250000 episodes=  520 eps=0.762 replay= 39936 loss=0.00011 ext100=0.000 total100=0.095
[train] 3:09:09<121:57:04, 0.045s/step step=  252000 episodes=  525 eps=0.761 replay= 39936 loss=0.00011 ext100=0.000 total100=0.096
[train] 3:10:52<122:03:40, 0.045s/step step=  254000 episodes=  529 eps=0.759 replay= 39936 loss=0.00011 ext100=0.000 total100=0.100
[train] 3:12:34<122:09:47, 0.045s/step step=  256000 episodes=  533 eps=0.757 replay= 39936 loss=0.00008 ext100=0.000 total100=0.102
[train] 3:14:16<122:15:47, 0.045s/step step=  258000 episodes=  537 eps=0.755 replay= 39936 loss=0.00013 ext100=0.000 total100=0.104
[eval] step=260000 episodes=541 mean_ext_return=0.000
[train] 3:16:14<122:31:29, 0.045s/step step=  260000 episodes=  541 eps=0.753 replay= 39936 loss=0.00009 ext100=0.000 total100=0.103
[train] 3:17:56<122:37:12, 0.045s/step step=  262000 episodes=  545 eps=0.751 replay= 39936 loss=0.00009 ext100=0.000 total100=0.100
[train] 3:19:39<122:42:54, 0.045s/step step=  264000 episodes=  550 eps=0.749 replay= 39936 loss=0.00010 ext100=0.000 total100=0.102
[train] 3:21:21<122:48:35, 0.045s/step step=  266000 episodes=  554 eps=0.747 replay= 39936 loss=0.00016 ext100=0.000 total100=0.102
[train] 3:23:03<122:53:57, 0.045s/step step=  268000 episodes=  558 eps=0.745 replay= 39936 loss=0.00012 ext100=0.000 total100=0.100
[train] 3:24:46<122:59:12, 0.046s/step step=  270000 episodes=  562 eps=0.744 replay= 39936 loss=0.00012 ext100=0.000 total100=0.100
[train] 3:26:28<123:04:19, 0.046s/step step=  272000 episodes=  566 eps=0.742 replay= 39936 loss=0.00009 ext100=0.000 total100=0.100
[train] 3:28:10<123:09:42, 0.046s/step step=  274000 episodes=  570 eps=0.740 replay= 39936 loss=0.00014 ext100=0.000 total100=0.100
[train] 3:29:53<123:14:40, 0.046s/step step=  276000 episodes=  575 eps=0.738 replay= 39936 loss=0.00013 ext100=0.000 total100=0.104
[train] 3:31:35<123:19:34, 0.046s/step step=  278000 episodes=  579 eps=0.736 replay= 39936 loss=0.00012 ext100=0.000 total100=0.102
[eval] step=280000 episodes=583 mean_ext_return=0.000
[train] 3:33:33<123:33:22, 0.046s/step step=  280000 episodes=  583 eps=0.734 replay= 39936 loss=0.00010 ext100=0.000 total100=0.101
[train] 3:35:15<123:37:58, 0.046s/step step=  282000 episodes=  587 eps=0.732 replay= 39936 loss=0.00014 ext100=0.000 total100=0.102
[train] 3:36:57<123:42:36, 0.046s/step step=  284000 episodes=  591 eps=0.730 replay= 39936 loss=0.00011 ext100=0.000 total100=0.100
[train] 3:38:40<123:47:09, 0.046s/step step=  286000 episodes=  595 eps=0.728 replay= 39936 loss=0.00011 ext100=0.000 total100=0.100
[train] 3:40:22<123:51:29, 0.046s/step step=  288000 episodes=  600 eps=0.726 replay= 39936 loss=0.00010 ext100=0.000 total100=0.099
[train] 3:42:04<123:55:47, 0.046s/step step=  290000 episodes=  604 eps=0.725 replay= 39936 loss=0.00016 ext100=0.000 total100=0.102
[train] 3:43:46<123:59:57, 0.046s/step step=  292000 episodes=  608 eps=0.723 replay= 39936 loss=0.00011 ext100=0.000 total100=0.101
[train] 3:45:29<124:04:22, 0.046s/step step=  294000 episodes=  612 eps=0.721 replay= 39936 loss=0.00009 ext100=0.000 total100=0.099
[train] 3:47:11<124:08:26, 0.046s/step step=  296000 episodes=  616 eps=0.719 replay= 39936 loss=0.00011 ext100=0.000 total100=0.101
[train] 3:48:54<124:12:24, 0.046s/step step=  298000 episodes=  620 eps=0.717 replay= 39936 loss=0.00018 ext100=0.000 total100=0.098
[eval] step=300000 episodes=625 mean_ext_return=0.000
[train] 3:50:52<124:24:43, 0.046s/step step=  300000 episodes=  625 eps=0.715 replay= 39936 loss=0.00012 ext100=0.000 total100=0.096
[train] 3:52:34<124:28:30, 0.046s/step step=  302000 episodes=  629 eps=0.713 replay= 39936 loss=0.00011 ext100=0.000 total100=0.093
[train] 3:54:16<124:32:14, 0.046s/step step=  304000 episodes=  633 eps=0.711 replay= 39936 loss=0.00011 ext100=0.000 total100=0.093
[train] 3:55:59<124:36:04, 0.046s/step step=  306000 episodes=  637 eps=0.709 replay= 39936 loss=0.00016 ext100=0.000 total100=0.091
[train] 3:57:41<124:39:37, 0.046s/step step=  308000 episodes=  641 eps=0.707 replay= 39936 loss=0.00012 ext100=0.000 total100=0.093
[train] 3:59:23<124:43:03, 0.046s/step step=  310000 episodes=  645 eps=0.706 replay= 39936 loss=0.00012 ext100=0.000 total100=0.097
[train] 4:01:05<124:46:26, 0.046s/step step=  312000 episodes=  650 eps=0.704 replay= 39936 loss=0.00030 ext100=0.000 total100=0.094
[train] 4:02:48<124:50:03, 0.046s/step step=  314000 episodes=  654 eps=0.702 replay= 39936 loss=0.00012 ext100=0.000 total100=0.093
[train] 4:04:31<124:53:22, 0.046s/step step=  316000 episodes=  658 eps=0.700 replay= 39936 loss=0.00013 ext100=0.000 total100=0.095
[train] 4:06:13<124:56:39, 0.046s/step step=  318000 episodes=  662 eps=0.698 replay= 39936 loss=0.00012 ext100=0.000 total100=0.095
[eval] step=320000 episodes=666 mean_ext_return=0.000
[train] 4:08:11<125:07:41, 0.047s/step step=  320000 episodes=  666 eps=0.696 replay= 39936 loss=0.00012 ext100=0.000 total100=0.097
[train] 4:09:53<125:10:41, 0.047s/step step=  322000 episodes=  670 eps=0.694 replay= 39936 loss=0.00011 ext100=0.000 total100=0.097
[train] 4:11:35<125:13:45, 0.047s/step step=  324000 episodes=  675 eps=0.692 replay= 39936 loss=0.00011 ext100=0.000 total100=0.095
[train] 4:13:18<125:16:53, 0.047s/step step=  326000 episodes=  679 eps=0.690 replay= 39936 loss=0.00010 ext100=0.000 total100=0.096
[train] 4:15:00<125:19:47, 0.047s/step step=  328000 episodes=  683 eps=0.688 replay= 39936 loss=0.00010 ext100=0.000 total100=0.096
[train] 4:16:43<125:22:35, 0.047s/step step=  330000 episodes=  687 eps=0.686 replay= 39936 loss=0.00012 ext100=0.000 total100=0.098
[train] 4:18:25<125:25:20, 0.047s/step step=  332000 episodes=  691 eps=0.685 replay= 39936 loss=0.00010 ext100=0.000 total100=0.099
[train] 4:20:08<125:28:22, 0.047s/step step=  334000 episodes=  695 eps=0.683 replay= 39936 loss=0.00011 ext100=0.000 total100=0.097
[train] 4:21:50<125:31:04, 0.047s/step step=  336000 episodes=  700 eps=0.681 replay= 39936 loss=0.00012 ext100=0.000 total100=0.096
[train] 4:23:32<125:33:41, 0.047s/step step=  338000 episodes=  704 eps=0.679 replay= 39936 loss=0.00013 ext100=0.000 total100=0.095
[eval] step=340000 episodes=708 mean_ext_return=0.000
[train] 4:25:30<125:43:39, 0.047s/step step=  340000 episodes=  708 eps=0.677 replay= 39936 loss=0.00010 ext100=0.000 total100=0.097
[train] 4:27:13<125:46:09, 0.047s/step step=  342000 episodes=  712 eps=0.675 replay= 39936 loss=0.00010 ext100=0.000 total100=0.095
[train] 4:28:55<125:48:36, 0.047s/step step=  344000 episodes=  716 eps=0.673 replay= 39936 loss=0.00013 ext100=0.000 total100=0.093
[train] 4:30:38<125:51:08, 0.047s/step step=  346000 episodes=  720 eps=0.671 replay= 39936 loss=0.00012 ext100=0.000 total100=0.092
[train] 4:32:20<125:53:30, 0.047s/step step=  348000 episodes=  725 eps=0.669 replay= 39936 loss=0.00009 ext100=0.000 total100=0.091
[train] 4:34:02<125:55:48, 0.047s/step step=  350000 episodes=  729 eps=0.667 replay= 39936 loss=0.00012 ext100=0.000 total100=0.093
[train] 4:35:44<125:58:01, 0.047s/step step=  352000 episodes=  733 eps=0.666 replay= 39936 loss=0.00012 ext100=0.000 total100=0.092
[train] 4:37:27<126:00:31, 0.047s/step step=  354000 episodes=  737 eps=0.664 replay= 39936 loss=0.00013 ext100=0.000 total100=0.095
[train] 4:39:10<126:02:44, 0.047s/step step=  356000 episodes=  741 eps=0.662 replay= 39936 loss=0.00009 ext100=0.000 total100=0.092
[train] 4:40:52<126:04:49, 0.047s/step step=  358000 episodes=  745 eps=0.660 replay= 39936 loss=0.00011 ext100=0.000 total100=0.089
[eval] step=360000 episodes=750 mean_ext_return=0.000
[train] 4:42:50<126:13:52, 0.047s/step step=  360000 episodes=  750 eps=0.658 replay= 39936 loss=0.00011 ext100=0.000 total100=0.092
[train] 4:44:32<126:15:53, 0.047s/step step=  362000 episodes=  754 eps=0.656 replay= 39936 loss=0.00012 ext100=0.000 total100=0.095
[train] 4:46:15<126:17:55, 0.047s/step step=  364000 episodes=  758 eps=0.654 replay= 39936 loss=0.00010 ext100=0.000 total100=0.094
[train] 4:47:58<126:20:02, 0.047s/step step=  366000 episodes=  762 eps=0.652 replay= 39936 loss=0.00011 ext100=0.000 total100=0.094
[train] 4:49:40<126:21:57, 0.047s/step step=  368000 episodes=  766 eps=0.650 replay= 39936 loss=0.00013 ext100=0.000 total100=0.093
[train] 4:51:22<126:23:49, 0.047s/step step=  370000 episodes=  770 eps=0.649 replay= 39936 loss=0.00010 ext100=0.000 total100=0.091
[train] 4:53:05<126:25:40, 0.047s/step step=  372000 episodes=  775 eps=0.647 replay= 39936 loss=0.00011 ext100=0.000 total100=0.088
[train] 4:54:48<126:27:38, 0.047s/step step=  374000 episodes=  779 eps=0.645 replay= 39936 loss=0.00010 ext100=0.000 total100=0.088
[train] 4:56:30<126:29:23, 0.047s/step step=  376000 episodes=  783 eps=0.643 replay= 39936 loss=0.00010 ext100=0.000 total100=0.088
[train] 4:58:13<126:31:07, 0.047s/step step=  378000 episodes=  787 eps=0.641 replay= 39936 loss=0.00012 ext100=0.000 total100=0.086
[eval] step=380000 episodes=791 mean_ext_return=0.000
[train] 5:00:10<126:39:22, 0.047s/step step=  380000 episodes=  791 eps=0.639 replay= 39936 loss=0.00010 ext100=0.000 total100=0.086
[train] 5:01:53<126:40:57, 0.047s/step step=  382000 episodes=  795 eps=0.637 replay= 39936 loss=0.00010 ext100=0.000 total100=0.086
[train] 5:03:35<126:42:31, 0.047s/step step=  384000 episodes=  800 eps=0.635 replay= 39936 loss=0.00011 ext100=0.000 total100=0.085
[train] 5:05:18<126:44:13, 0.047s/step step=  386000 episodes=  804 eps=0.633 replay= 39936 loss=0.00011 ext100=0.000 total100=0.084
[train] 5:07:00<126:45:42, 0.047s/step step=  388000 episodes=  808 eps=0.631 replay= 39936 loss=0.00009 ext100=0.000 total100=0.085
[train] 5:08:43<126:47:12, 0.047s/step step=  390000 episodes=  812 eps=0.629 replay= 39936 loss=0.00009 ext100=0.000 total100=0.085
[train] 5:10:25<126:48:39, 0.048s/step step=  392000 episodes=  816 eps=0.628 replay= 39936 loss=0.00011 ext100=0.000 total100=0.085
[train] 5:12:08<126:50:15, 0.048s/step step=  394000 episodes=  820 eps=0.626 replay= 39936 loss=0.00010 ext100=0.000 total100=0.085
[train] 5:13:50<126:51:37, 0.048s/step step=  396000 episodes=  825 eps=0.624 replay= 39936 loss=0.00012 ext100=0.000 total100=0.090
[train] 5:15:33<126:52:57, 0.048s/step step=  398000 episodes=  829 eps=0.622 replay= 39936 loss=0.00011 ext100=0.000 total100=0.090
[eval] step=400000 episodes=833 mean_ext_return=0.000
[train] 5:17:31<127:00:28, 0.048s/step step=  400000 episodes=  833 eps=0.620 replay= 39936 loss=0.00010 ext100=0.000 total100=0.092
[train] 5:19:13<127:01:43, 0.048s/step step=  402000 episodes=  837 eps=0.618 replay= 39936 loss=0.00013 ext100=0.000 total100=0.085
[train] 5:20:56<127:02:58, 0.048s/step step=  404000 episodes=  841 eps=0.616 replay= 39936 loss=0.00010 ext100=0.000 total100=0.087
[train] 5:22:38<127:04:21, 0.048s/step step=  406000 episodes=  845 eps=0.614 replay= 39936 loss=0.00010 ext100=0.000 total100=0.087
[train] 5:24:21<127:05:30, 0.048s/step step=  408000 episodes=  850 eps=0.612 replay= 39936 loss=0.00011 ext100=0.000 total100=0.086
[train] 5:26:03<127:06:38, 0.048s/step step=  410000 episodes=  854 eps=0.611 replay= 39936 loss=0.00014 ext100=0.000 total100=0.085
[train] 5:27:46<127:07:47, 0.048s/step step=  412000 episodes=  858 eps=0.609 replay= 39936 loss=0.00011 ext100=0.000 total100=0.086
[train] 5:29:29<127:09:05, 0.048s/step step=  414000 episodes=  862 eps=0.607 replay= 39936 loss=0.00011 ext100=0.000 total100=0.088
[train] 5:31:11<127:10:10, 0.048s/step step=  416000 episodes=  866 eps=0.605 replay= 39936 loss=0.00010 ext100=0.000 total100=0.085
[train] 5:32:54<127:11:13, 0.048s/step step=  418000 episodes=  870 eps=0.603 replay= 39936 loss=0.00011 ext100=0.000 total100=0.088
[eval] step=420000 episodes=875 mean_ext_return=0.000
[train] 5:34:52<127:18:10, 0.048s/step step=  420000 episodes=  875 eps=0.601 replay= 39936 loss=0.00011 ext100=0.000 total100=0.089
[train] 5:36:34<127:19:09, 0.048s/step step=  422000 episodes=  879 eps=0.599 replay= 39936 loss=0.00010 ext100=0.000 total100=0.087
[train] 5:38:17<127:20:07, 0.048s/step step=  424000 episodes=  883 eps=0.597 replay= 39936 loss=0.00012 ext100=0.000 total100=0.085
[train] 5:39:59<127:21:11, 0.048s/step step=  426000 episodes=  887 eps=0.595 replay= 39936 loss=0.00013 ext100=0.000 total100=0.085
[train] 5:41:42<127:22:04, 0.048s/step step=  428000 episodes=  891 eps=0.593 replay= 39936 loss=0.00011 ext100=0.000 total100=0.087
[train] 5:43:24<127:22:56, 0.048s/step step=  430000 episodes=  895 eps=0.592 replay= 39936 loss=0.00009 ext100=0.000 total100=0.087
[train] 5:45:07<127:23:44, 0.048s/step step=  432000 episodes=  900 eps=0.590 replay= 39936 loss=0.00011 ext100=0.000 total100=0.088
[train] 5:46:50<127:24:46, 0.048s/step step=  434000 episodes=  904 eps=0.588 replay= 39936 loss=0.00011 ext100=0.000 total100=0.088
[train] 5:48:32<127:25:32, 0.048s/step step=  436000 episodes=  908 eps=0.586 replay= 39936 loss=0.00010 ext100=0.000 total100=0.086
[train] 5:50:15<127:26:19, 0.048s/step step=  438000 episodes=  912 eps=0.584 replay= 39936 loss=0.00010 ext100=0.000 total100=0.087
[eval] step=440000 episodes=916 mean_ext_return=0.000
[train] 5:52:13<127:32:43, 0.048s/step step=  440000 episodes=  916 eps=0.582 replay= 39936 loss=0.00010 ext100=0.000 total100=0.087
[train] 5:53:55<127:33:26, 0.048s/step step=  442000 episodes=  920 eps=0.580 replay= 39936 loss=0.00012 ext100=0.000 total100=0.087
[train] 5:55:37<127:34:06, 0.048s/step step=  444000 episodes=  925 eps=0.578 replay= 39936 loss=0.00008 ext100=0.000 total100=0.085
[train] 5:57:20<127:34:57, 0.048s/step step=  446000 episodes=  929 eps=0.576 replay= 39936 loss=0.00009 ext100=0.000 total100=0.084
[train] 5:59:03<127:35:34, 0.048s/step step=  448000 episodes=  933 eps=0.574 replay= 39936 loss=0.00008 ext100=0.000 total100=0.084
[train] 6:00:45<127:36:12, 0.048s/step step=  450000 episodes=  937 eps=0.573 replay= 39936 loss=0.00014 ext100=0.000 total100=0.088
[train] 6:02:28<127:36:45, 0.048s/step step=  452000 episodes=  941 eps=0.571 replay= 39936 loss=0.00010 ext100=0.000 total100=0.088
[train] 6:04:11<127:37:30, 0.048s/step step=  454000 episodes=  945 eps=0.569 replay= 39936 loss=0.00011 ext100=0.000 total100=0.091
[train] 6:05:53<127:38:05, 0.048s/step step=  456000 episodes=  950 eps=0.567 replay= 39936 loss=0.00009 ext100=0.000 total100=0.092
[train] 6:07:36<127:38:37, 0.048s/step step=  458000 episodes=  954 eps=0.565 replay= 39936 loss=0.00016 ext100=0.000 total100=0.092
[eval] step=460000 episodes=958 mean_ext_return=0.000
[train] 6:09:34<127:44:34, 0.048s/step step=  460000 episodes=  958 eps=0.563 replay= 39936 loss=0.00012 ext100=0.000 total100=0.092
[train] 6:11:16<127:45:02, 0.048s/step step=  462000 episodes=  962 eps=0.561 replay= 39936 loss=0.00010 ext100=0.000 total100=0.087
[train] 6:12:59<127:45:28, 0.048s/step step=  464000 episodes=  966 eps=0.559 replay= 39936 loss=0.00009 ext100=0.000 total100=0.088
[train] 6:14:42<127:46:05, 0.048s/step step=  466000 episodes=  970 eps=0.557 replay= 39936 loss=0.00014 ext100=0.000 total100=0.088
[train] 6:16:24<127:46:31, 0.048s/step step=  468000 episodes=  975 eps=0.555 replay= 39936 loss=0.00009 ext100=0.000 total100=0.088
[train] 6:18:07<127:46:58, 0.048s/step step=  470000 episodes=  979 eps=0.554 replay= 39936 loss=0.00009 ext100=0.000 total100=0.090
[train] 6:19:49<127:47:24, 0.048s/step step=  472000 episodes=  983 eps=0.552 replay= 39936 loss=0.00009 ext100=0.000 total100=0.094
[train] 6:21:33<127:48:04, 0.048s/step step=  474000 episodes=  987 eps=0.550 replay= 39936 loss=0.00018 ext100=0.000 total100=0.095
[train] 6:23:15<127:48:31, 0.048s/step step=  476000 episodes=  991 eps=0.548 replay= 39936 loss=0.00009 ext100=0.000 total100=0.094
[train] 6:24:58<127:49:00, 0.048s/step step=  478000 episodes=  995 eps=0.546 replay= 39936 loss=0.00008 ext100=0.000 total100=0.093
[eval] step=480000 episodes=1000 mean_ext_return=0.000
[train] 6:26:57<127:54:36, 0.048s/step step=  480000 episodes= 1000 eps=0.544 replay= 39936 loss=0.00011 ext100=0.000 total100=0.092
[train] 6:28:40<127:54:58, 0.048s/step step=  482000 episodes= 1004 eps=0.542 replay= 39936 loss=0.00017 ext100=0.000 total100=0.093
[train] 6:30:22<127:55:21, 0.048s/step step=  484000 episodes= 1008 eps=0.540 replay= 39936 loss=0.00010 ext100=0.000 total100=0.091
[train] 6:32:06<127:55:52, 0.048s/step step=  486000 episodes= 1012 eps=0.538 replay= 39936 loss=0.00009 ext100=0.000 total100=0.092
[train] 6:33:49<127:56:13, 0.048s/step step=  488000 episodes= 1016 eps=0.536 replay= 39936 loss=0.00009 ext100=0.000 total100=0.094
[train] 6:35:31<127:56:31, 0.048s/step step=  490000 episodes= 1020 eps=0.534 replay= 39936 loss=0.00017 ext100=0.000 total100=0.094
[train] 6:37:14<127:56:49, 0.048s/step step=  492000 episodes= 1025 eps=0.533 replay= 39936 loss=0.00011 ext100=0.000 total100=0.094
[train] 6:38:58<127:57:17, 0.048s/step step=  494000 episodes= 1029 eps=0.531 replay= 39936 loss=0.00010 ext100=0.000 total100=0.094
[train] 6:40:40<127:57:33, 0.048s/step step=  496000 episodes= 1033 eps=0.529 replay= 39936 loss=0.00010 ext100=0.000 total100=0.094
[train] 6:42:23<127:57:47, 0.048s/step step=  498000 episodes= 1037 eps=0.527 replay= 39936 loss=0.00016 ext100=0.000 total100=0.095
[eval] step=500000 episodes=1041 mean_ext_return=0.000
[train] 6:44:22<128:03:00, 0.049s/step step=  500000 episodes= 1041 eps=0.525 replay= 39936 loss=0.00011 ext100=0.000 total100=0.094
[train] 6:46:05<128:03:15, 0.049s/step step=  502000 episodes= 1045 eps=0.523 replay= 39936 loss=0.00010 ext100=0.000 total100=0.092
[train] 6:47:47<128:03:25, 0.049s/step step=  504000 episodes= 1050 eps=0.521 replay= 39936 loss=0.00014 ext100=0.000 total100=0.092
[train] 6:49:31<128:03:46, 0.049s/step step=  506000 episodes= 1054 eps=0.519 replay= 39936 loss=0.00018 ext100=0.000 total100=0.091
[train] 6:51:14<128:03:56, 0.049s/step step=  508000 episodes= 1058 eps=0.517 replay= 39936 loss=0.00010 ext100=0.000 total100=0.090
[train] 6:52:56<128:04:05, 0.049s/step step=  510000 episodes= 1062 eps=0.516 replay= 39936 loss=0.00009 ext100=0.000 total100=0.094
[train] 6:54:39<128:04:14, 0.049s/step step=  512000 episodes= 1066 eps=0.514 replay= 39936 loss=0.00009 ext100=0.000 total100=0.096
[train] 6:56:23<128:04:31, 0.049s/step step=  514000 episodes= 1070 eps=0.512 replay= 39936 loss=0.00015 ext100=0.000 total100=0.093
[train] 6:58:05<128:04:36, 0.049s/step step=  516000 episodes= 1075 eps=0.510 replay= 39936 loss=0.00009 ext100=0.000 total100=0.092
[train] 6:59:48<128:04:41, 0.049s/step step=  518000 episodes= 1079 eps=0.508 replay= 39936 loss=0.00012 ext100=0.000 total100=0.092
[eval] step=520000 episodes=1083 mean_ext_return=0.000
[train] 7:01:47<128:09:33, 0.049s/step step=  520000 episodes= 1083 eps=0.506 replay= 39936 loss=0.00009 ext100=0.000 total100=0.090
[train] 7:03:30<128:09:37, 0.049s/step step=  522000 episodes= 1087 eps=0.504 replay= 39936 loss=0.00017 ext100=0.000 total100=0.091
[train] 7:05:13<128:09:41, 0.049s/step step=  524000 episodes= 1091 eps=0.502 replay= 39936 loss=0.00011 ext100=0.000 total100=0.092
[train] 7:06:56<128:09:50, 0.049s/step step=  526000 episodes= 1095 eps=0.500 replay= 39936 loss=0.00010 ext100=0.000 total100=0.092
[train] 7:08:39<128:09:49, 0.049s/step step=  528000 episodes= 1100 eps=0.498 replay= 39936 loss=0.00009 ext100=0.000 total100=0.094
[train] 7:10:22<128:09:49, 0.049s/step step=  530000 episodes= 1104 eps=0.497 replay= 39936 loss=0.00015 ext100=0.000 total100=0.092
[train] 7:12:05<128:09:48, 0.049s/step step=  532000 episodes= 1108 eps=0.495 replay= 39936 loss=0.00010 ext100=0.000 total100=0.095
[train] 7:13:48<128:09:55, 0.049s/step step=  534000 episodes= 1112 eps=0.493 replay= 39936 loss=0.00009 ext100=0.000 total100=0.094
[train] 7:15:31<128:09:54, 0.049s/step step=  536000 episodes= 1116 eps=0.491 replay= 39936 loss=0.00009 ext100=0.000 total100=0.092
[train] 7:17:14<128:09:51, 0.049s/step step=  538000 episodes= 1120 eps=0.489 replay= 39936 loss=0.00015 ext100=0.000 total100=0.092
[eval] step=540000 episodes=1125 mean_ext_return=0.000
[train] 7:19:12<128:14:21, 0.049s/step step=  540000 episodes= 1125 eps=0.487 replay= 39936 loss=0.00010 ext100=0.000 total100=0.092
[train] 7:20:55<128:14:15, 0.049s/step step=  542000 episodes= 1129 eps=0.485 replay= 39936 loss=0.00009 ext100=0.000 total100=0.091
[train] 7:22:38<128:14:10, 0.049s/step step=  544000 episodes= 1133 eps=0.483 replay= 39936 loss=0.00009 ext100=0.000 total100=0.090
[train] 7:24:21<128:14:12, 0.049s/step step=  546000 episodes= 1137 eps=0.481 replay= 39936 loss=0.00016 ext100=0.000 total100=0.086
[train] 7:26:04<128:14:04, 0.049s/step step=  548000 episodes= 1141 eps=0.479 replay= 39936 loss=0.00008 ext100=0.000 total100=0.087
[train] 7:27:47<128:13:56, 0.049s/step step=  550000 episodes= 1145 eps=0.478 replay= 39936 loss=0.00007 ext100=0.000 total100=0.088
[train] 7:29:30<128:13:49, 0.049s/step step=  552000 episodes= 1150 eps=0.476 replay= 39936 loss=0.00013 ext100=0.000 total100=0.085
[train] 7:31:14<128:13:47, 0.049s/step step=  554000 episodes= 1154 eps=0.474 replay= 39936 loss=0.00018 ext100=0.000 total100=0.087
[train] 7:32:57<128:13:39, 0.049s/step step=  556000 episodes= 1158 eps=0.472 replay= 39936 loss=0.00009 ext100=0.000 total100=0.088
[train] 7:34:40<128:13:29, 0.049s/step step=  558000 episodes= 1162 eps=0.470 replay= 39936 loss=0.00008 ext100=0.000 total100=0.087
[eval] step=560000 episodes=1166 mean_ext_return=0.000
[train] 7:36:38<128:17:43, 0.049s/step step=  560000 episodes= 1166 eps=0.468 replay= 39936 loss=0.00008 ext100=0.000 total100=0.087
[train] 7:38:21<128:17:33, 0.049s/step step=  562000 episodes= 1170 eps=0.466 replay= 39936 loss=0.00018 ext100=0.000 total100=0.089
[train] 7:40:04<128:17:20, 0.049s/step step=  564000 episodes= 1175 eps=0.464 replay= 39936 loss=0.00011 ext100=0.000 total100=0.089
[train] 7:41:48<128:17:15, 0.049s/step step=  566000 episodes= 1179 eps=0.462 replay= 39936 loss=0.00010 ext100=0.000 total100=0.087
[train] 7:43:30<128:16:59, 0.049s/step step=  568000 episodes= 1183 eps=0.460 replay= 39936 loss=0.00009 ext100=0.000 total100=0.085
[train] 7:45:13<128:16:44, 0.049s/step step=  570000 episodes= 1187 eps=0.459 replay= 39936 loss=0.00023 ext100=0.000 total100=0.082
[train] 7:46:56<128:16:29, 0.049s/step step=  572000 episodes= 1191 eps=0.457 replay= 39936 loss=0.00009 ext100=0.000 total100=0.083
[train] 7:48:40<128:16:20, 0.049s/step step=  574000 episodes= 1195 eps=0.455 replay= 39936 loss=0.00008 ext100=0.000 total100=0.083
[train] 7:50:23<128:16:04, 0.049s/step step=  576000 episodes= 1200 eps=0.453 replay= 39936 loss=0.00009 ext100=0.000 total100=0.084
[train] 7:52:06<128:15:46, 0.049s/step step=  578000 episodes= 1204 eps=0.451 replay= 39936 loss=0.00016 ext100=0.000 total100=0.084
[eval] step=580000 episodes=1208 mean_ext_return=0.000
[train] 7:54:04<128:19:43, 0.049s/step step=  580000 episodes= 1208 eps=0.449 replay= 39936 loss=0.00008 ext100=0.000 total100=0.083
[train] 7:55:47<128:19:25, 0.049s/step step=  582000 episodes= 1212 eps=0.447 replay= 39936 loss=0.00009 ext100=0.000 total100=0.085
[train] 7:57:30<128:19:04, 0.049s/step step=  584000 episodes= 1216 eps=0.445 replay= 39936 loss=0.00008 ext100=0.000 total100=0.086
[train] 7:59:14<128:18:51, 0.049s/step step=  586000 episodes= 1220 eps=0.443 replay= 39936 loss=0.00019 ext100=0.000 total100=0.087
[train] 8:00:57<128:18:29, 0.049s/step step=  588000 episodes= 1225 eps=0.441 replay= 39936 loss=0.00010 ext100=0.000 total100=0.087
[train] 8:02:40<128:18:09, 0.049s/step step=  590000 episodes= 1229 eps=0.440 replay= 39936 loss=0.00010 ext100=0.000 total100=0.088
[train] 8:04:23<128:17:47, 0.049s/step step=  592000 episodes= 1233 eps=0.438 replay= 39936 loss=0.00008 ext100=0.000 total100=0.088
[train] 8:06:06<128:17:32, 0.049s/step step=  594000 episodes= 1237 eps=0.436 replay= 39936 loss=0.00018 ext100=0.000 total100=0.090
[train] 8:07:49<128:17:10, 0.049s/step step=  596000 episodes= 1241 eps=0.434 replay= 39936 loss=0.00009 ext100=0.000 total100=0.088
[train] 8:09:32<128:16:47, 0.049s/step step=  598000 episodes= 1245 eps=0.432 replay= 39936 loss=0.00009 ext100=0.000 total100=0.089
[eval] step=600000 episodes=1250 mean_ext_return=0.000
[train] 8:11:31<128:20:25, 0.049s/step step=  600000 episodes= 1250 eps=0.430 replay= 39936 loss=0.00009 ext100=0.000 total100=0.090
[train] 8:13:14<128:20:01, 0.049s/step step=  602000 episodes= 1254 eps=0.428 replay= 39936 loss=0.00021 ext100=0.000 total100=0.089
[train] 8:14:56<128:19:33, 0.049s/step step=  604000 episodes= 1258 eps=0.426 replay= 39936 loss=0.00009 ext100=0.000 total100=0.088
[train] 8:16:40<128:19:14, 0.049s/step step=  606000 episodes= 1262 eps=0.424 replay= 39936 loss=0.00009 ext100=0.000 total100=0.088
[train] 8:18:23<128:18:47, 0.049s/step step=  608000 episodes= 1266 eps=0.422 replay= 39936 loss=0.00007 ext100=0.000 total100=0.087
[train] 8:20:06<128:18:19, 0.049s/step step=  610000 episodes= 1270 eps=0.420 replay= 39936 loss=0.00019 ext100=0.000 total100=0.085
[train] 8:21:49<128:17:51, 0.049s/step step=  612000 episodes= 1275 eps=0.419 replay= 39936 loss=0.00009 ext100=0.000 total100=0.086
[train] 8:23:32<128:17:31, 0.049s/step step=  614000 episodes= 1279 eps=0.417 replay= 39936 loss=0.00008 ext100=0.000 total100=0.088
[train] 8:25:15<128:17:02, 0.049s/step step=  616000 episodes= 1283 eps=0.415 replay= 39936 loss=0.00008 ext100=0.000 total100=0.089
[train] 8:26:58<128:16:32, 0.049s/step step=  618000 episodes= 1287 eps=0.413 replay= 39936 loss=0.00025 ext100=0.000 total100=0.093
[eval] step=620000 episodes=1291 mean_ext_return=0.000
[train] 8:28:57<128:19:58, 0.049s/step step=  620000 episodes= 1291 eps=0.411 replay= 39936 loss=0.00009 ext100=0.000 total100=0.091
[train] 8:30:40<128:19:29, 0.049s/step step=  622000 episodes= 1295 eps=0.409 replay= 39936 loss=0.00009 ext100=0.000 total100=0.092
[train] 8:32:23<128:18:57, 0.049s/step step=  624000 episodes= 1300 eps=0.407 replay= 39936 loss=0.00008 ext100=0.000 total100=0.092
[train] 8:34:06<128:18:32, 0.049s/step step=  626000 episodes= 1304 eps=0.405 replay= 39936 loss=0.00030 ext100=0.000 total100=0.092
[train] 8:35:49<128:18:00, 0.049s/step step=  628000 episodes= 1308 eps=0.403 replay= 39936 loss=0.00011 ext100=0.000 total100=0.092
[train] 8:37:32<128:17:29, 0.049s/step step=  630000 episodes= 1312 eps=0.402 replay= 39936 loss=0.00009 ext100=0.000 total100=0.089
[train] 8:39:15<128:16:55, 0.049s/step step=  632000 episodes= 1316 eps=0.400 replay= 39936 loss=0.00008 ext100=0.000 total100=0.090
[train] 8:40:59<128:16:29, 0.049s/step step=  634000 episodes= 1320 eps=0.398 replay= 39936 loss=0.00028 ext100=0.000 total100=0.089
[train] 8:42:42<128:15:56, 0.049s/step step=  636000 episodes= 1325 eps=0.396 replay= 39936 loss=0.00014 ext100=0.000 total100=0.089
[train] 8:44:25<128:15:25, 0.049s/step step=  638000 episodes= 1329 eps=0.394 replay= 39936 loss=0.00009 ext100=0.000 total100=0.089
[eval] step=640000 episodes=1333 mean_ext_return=0.000
[train] 8:46:24<128:18:39, 0.049s/step step=  640000 episodes= 1333 eps=0.392 replay= 39936 loss=0.00010 ext100=0.000 total100=0.092
[train] 8:48:07<128:18:03, 0.049s/step step=  642000 episodes= 1337 eps=0.390 replay= 39936 loss=0.00029 ext100=0.000 total100=0.090
[train] 8:49:50<128:17:26, 0.049s/step step=  644000 episodes= 1341 eps=0.388 replay= 39936 loss=0.00011 ext100=0.000 total100=0.092
[train] 8:51:33<128:16:57, 0.049s/step step=  646000 episodes= 1345 eps=0.386 replay= 39936 loss=0.00008 ext100=0.000 total100=0.091
[train] 8:53:16<128:16:19, 0.049s/step step=  648000 episodes= 1350 eps=0.384 replay= 39936 loss=0.00011 ext100=0.000 total100=0.093
[train] 8:54:59<128:15:42, 0.049s/step step=  650000 episodes= 1354 eps=0.383 replay= 39936 loss=0.00029 ext100=0.000 total100=0.094
[train] 8:56:42<128:15:05, 0.049s/step step=  652000 episodes= 1358 eps=0.381 replay= 39936 loss=0.00010 ext100=0.000 total100=0.092
[train] 8:58:26<128:14:34, 0.049s/step step=  654000 episodes= 1362 eps=0.379 replay= 39936 loss=0.00009 ext100=0.000 total100=0.094
[train] 9:00:09<128:13:57, 0.049s/step step=  656000 episodes= 1366 eps=0.377 replay= 39936 loss=0.00008 ext100=0.000 total100=0.095
[train] 9:01:52<128:13:17, 0.049s/step step=  658000 episodes= 1370 eps=0.375 replay= 39936 loss=0.00031 ext100=0.000 total100=0.096
[eval] step=660000 episodes=1375 mean_ext_return=0.000
[train] 9:03:51<128:16:21, 0.049s/step step=  660000 episodes= 1375 eps=0.373 replay= 39936 loss=0.00011 ext100=0.000 total100=0.096
[train] 9:05:34<128:15:40, 0.049s/step step=  662000 episodes= 1379 eps=0.371 replay= 39936 loss=0.00010 ext100=0.000 total100=0.098
[train] 9:07:17<128:15:00, 0.049s/step step=  664000 episodes= 1383 eps=0.369 replay= 39936 loss=0.00008 ext100=0.000 total100=0.099
[train] 9:09:00<128:14:24, 0.049s/step step=  666000 episodes= 1387 eps=0.367 replay= 39936 loss=0.00030 ext100=0.000 total100=0.095
[train] 9:10:43<128:13:44, 0.049s/step step=  668000 episodes= 1391 eps=0.365 replay= 39936 loss=0.00011 ext100=0.000 total100=0.095
[train] 9:12:26<128:13:03, 0.049s/step step=  670000 episodes= 1395 eps=0.364 replay= 39936 loss=0.00010 ext100=0.000 total100=0.093
[train] 9:14:09<128:12:21, 0.049s/step step=  672000 episodes= 1400 eps=0.362 replay= 39936 loss=0.00009 ext100=0.000 total100=0.092
[train] 9:15:53<128:11:46, 0.049s/step step=  674000 episodes= 1404 eps=0.360 replay= 39936 loss=0.00032 ext100=0.000 total100=0.092
[train] 9:17:36<128:11:04, 0.049s/step step=  676000 episodes= 1408 eps=0.358 replay= 39936 loss=0.00012 ext100=0.000 total100=0.093
[train] 9:19:19<128:10:20, 0.049s/step step=  678000 episodes= 1412 eps=0.356 replay= 39936 loss=0.00009 ext100=0.000 total100=0.092
[eval] step=680000 episodes=1416 mean_ext_return=0.000
[train] 9:21:18<128:13:14, 0.050s/step step=  680000 episodes= 1416 eps=0.354 replay= 39936 loss=0.00008 ext100=0.000 total100=0.089
[train] 9:23:01<128:12:28, 0.050s/step step=  682000 episodes= 1420 eps=0.352 replay= 39936 loss=0.00029 ext100=0.000 total100=0.087
[train] 9:24:44<128:11:43, 0.050s/step step=  684000 episodes= 1425 eps=0.350 replay= 39936 loss=0.00012 ext100=0.000 total100=0.084
[train] 9:26:28<128:11:04, 0.050s/step step=  686000 episodes= 1429 eps=0.348 replay= 39936 loss=0.00009 ext100=0.000 total100=0.082
[train] 9:28:11<128:10:19, 0.050s/step step=  688000 episodes= 1433 eps=0.346 replay= 39936 loss=0.00009 ext100=0.000 total100=0.081
[train] 9:29:54<128:09:36, 0.050s/step step=  690000 episodes= 1437 eps=0.345 replay= 39936 loss=0.00032 ext100=0.000 total100=0.081
[train] 9:31:37<128:08:49, 0.050s/step step=  692000 episodes= 1441 eps=0.343 replay= 39936 loss=0.00011 ext100=0.000 total100=0.078
[train] 9:33:21<128:08:10, 0.050s/step step=  694000 episodes= 1445 eps=0.341 replay= 39936 loss=0.00008 ext100=0.000 total100=0.075
[train] 9:35:04<128:07:25, 0.050s/step step=  696000 episodes= 1450 eps=0.339 replay= 39936 loss=0.00011 ext100=0.000 total100=0.070
[train] 9:36:47<128:06:38, 0.050s/step step=  698000 episodes= 1454 eps=0.337 replay= 39936 loss=0.00037 ext100=0.000 total100=0.070
[eval] step=700000 episodes=1458 mean_ext_return=0.000
[train] 9:38:45<128:09:19, 0.050s/step step=  700000 episodes= 1458 eps=0.335 replay= 39936 loss=0.00011 ext100=0.000 total100=0.074
[train] 9:40:29<128:08:32, 0.050s/step step=  702000 episodes= 1462 eps=0.333 replay= 39936 loss=0.00008 ext100=0.000 total100=0.072
[train] 9:42:12<128:07:45, 0.050s/step step=  704000 episodes= 1466 eps=0.331 replay= 39936 loss=0.00006 ext100=0.000 total100=0.071
[train] 9:43:55<128:07:02, 0.050s/step step=  706000 episodes= 1470 eps=0.329 replay= 39936 loss=0.00034 ext100=0.000 total100=0.071
[train] 9:45:39<128:06:15, 0.050s/step step=  708000 episodes= 1475 eps=0.327 replay= 39936 loss=0.00011 ext100=0.000 total100=0.071
[train] 9:47:22<128:05:25, 0.050s/step step=  710000 episodes= 1479 eps=0.326 replay= 39936 loss=0.00009 ext100=0.000 total100=0.067
[train] 9:49:05<128:04:35, 0.050s/step step=  712000 episodes= 1483 eps=0.324 replay= 39936 loss=0.00009 ext100=0.000 total100=0.067
[train] 9:50:48<128:03:50, 0.050s/step step=  714000 episodes= 1487 eps=0.322 replay= 39936 loss=0.00036 ext100=0.000 total100=0.068
[train] 9:52:31<128:02:59, 0.050s/step step=  716000 episodes= 1491 eps=0.320 replay= 39936 loss=0.00009 ext100=0.000 total100=0.068
[train] 9:54:14<128:02:07, 0.050s/step step=  718000 episodes= 1495 eps=0.318 replay= 39936 loss=0.00007 ext100=0.000 total100=0.071
[eval] step=720000 episodes=1500 mean_ext_return=0.000
[train] 9:56:13<128:04:39, 0.050s/step step=  720000 episodes= 1500 eps=0.316 replay= 39936 loss=0.00009 ext100=0.000 total100=0.069
[train] 9:57:56<128:03:48, 0.050s/step step=  722000 episodes= 1504 eps=0.314 replay= 39936 loss=0.00036 ext100=0.000 total100=0.069
[train] 9:59:39<128:02:56, 0.050s/step step=  724000 episodes= 1508 eps=0.312 replay= 39936 loss=0.00010 ext100=0.000 total100=0.070
[train] 10:01:23<128:02:11, 0.050s/step step=  726000 episodes= 1512 eps=0.310 replay= 39936 loss=0.00010 ext100=0.000 total100=0.072
[train] 10:03:06<128:01:18, 0.050s/step step=  728000 episodes= 1516 eps=0.308 replay= 39936 loss=0.00009 ext100=0.000 total100=0.074
[train] 10:04:49<128:00:26, 0.050s/step step=  730000 episodes= 1520 eps=0.306 replay= 39936 loss=0.00035 ext100=0.000 total100=0.077
[train] 10:06:32<127:59:33, 0.050s/step step=  732000 episodes= 1525 eps=0.305 replay= 39936 loss=0.00011 ext100=0.000 total100=0.081
[train] 10:08:16<127:58:48, 0.050s/step step=  734000 episodes= 1529 eps=0.303 replay= 39936 loss=0.00009 ext100=0.000 total100=0.083
[train] 10:09:59<127:57:57, 0.050s/step step=  736000 episodes= 1533 eps=0.301 replay= 39936 loss=0.00008 ext100=0.000 total100=0.082
[train] 10:11:42<127:57:02, 0.050s/step step=  738000 episodes= 1537 eps=0.299 replay= 39936 loss=0.00035 ext100=0.000 total100=0.082
[eval] step=740000 episodes=1541 mean_ext_return=0.000
[train] 10:13:41<127:59:25, 0.050s/step step=  740000 episodes= 1541 eps=0.297 replay= 39936 loss=0.00011 ext100=0.000 total100=0.084
[train] 10:15:24<127:58:33, 0.050s/step step=  742000 episodes= 1545 eps=0.295 replay= 39936 loss=0.00008 ext100=0.000 total100=0.084
[train] 10:17:07<127:57:37, 0.050s/step step=  744000 episodes= 1550 eps=0.293 replay= 39936 loss=0.00006 ext100=0.000 total100=0.085
[train] 10:18:51<127:56:48, 0.050s/step step=  746000 episodes= 1554 eps=0.291 replay= 39936 loss=0.00036 ext100=0.000 total100=0.081
[train] 10:20:34<127:55:54, 0.050s/step step=  748000 episodes= 1558 eps=0.289 replay= 39936 loss=0.00011 ext100=0.000 total100=0.076
[train] 10:22:17<127:55:00, 0.050s/step step=  750000 episodes= 1562 eps=0.288 replay= 39936 loss=0.00008 ext100=0.000 total100=0.075
[train] 10:24:01<127:54:04, 0.050s/step step=  752000 episodes= 1566 eps=0.286 replay= 39936 loss=0.00009 ext100=0.000 total100=0.079
[train] 10:25:44<127:53:15, 0.050s/step step=  754000 episodes= 1570 eps=0.284 replay= 39936 loss=0.00032 ext100=0.000 total100=0.079
[train] 10:27:27<127:52:19, 0.050s/step step=  756000 episodes= 1575 eps=0.282 replay= 39936 loss=0.00012 ext100=0.000 total100=0.078
[train] 10:29:10<127:51:22, 0.050s/step step=  758000 episodes= 1579 eps=0.280 replay= 39936 loss=0.00009 ext100=0.000 total100=0.081
[eval] step=760000 episodes=1583 mean_ext_return=0.000
[train] 10:31:09<127:53:34, 0.050s/step step=  760000 episodes= 1583 eps=0.278 replay= 39936 loss=0.00007 ext100=0.000 total100=0.083
[train] 10:32:52<127:52:37, 0.050s/step step=  762000 episodes= 1587 eps=0.276 replay= 39936 loss=0.00043 ext100=0.000 total100=0.087
[train] 10:34:36<127:51:41, 0.050s/step step=  764000 episodes= 1591 eps=0.274 replay= 39936 loss=0.00010 ext100=0.000 total100=0.087
[train] 10:36:19<127:50:50, 0.050s/step step=  766000 episodes= 1595 eps=0.272 replay= 39936 loss=0.00008 ext100=0.000 total100=0.087
[train] 10:38:02<127:49:53, 0.050s/step step=  768000 episodes= 1600 eps=0.270 replay= 39936 loss=0.00009 ext100=0.000 total100=0.085
[train] 10:39:45<127:48:52, 0.050s/step step=  770000 episodes= 1604 eps=0.269 replay= 39936 loss=0.00040 ext100=0.000 total100=0.084
[train] 10:41:29<127:47:54, 0.050s/step step=  772000 episodes= 1608 eps=0.267 replay= 39936 loss=0.00011 ext100=0.000 total100=0.081
[train] 10:43:12<127:47:01, 0.050s/step step=  774000 episodes= 1612 eps=0.265 replay= 39936 loss=0.00007 ext100=0.000 total100=0.082
[train] 10:44:56<127:46:04, 0.050s/step step=  776000 episodes= 1616 eps=0.263 replay= 39936 loss=0.00007 ext100=0.000 total100=0.081
[train] 10:46:39<127:45:04, 0.050s/step step=  778000 episodes= 1620 eps=0.261 replay= 39936 loss=0.00037 ext100=0.000 total100=0.083
[eval] step=780000 episodes=1625 mean_ext_return=0.000
[train] 10:48:37<127:47:10, 0.050s/step step=  780000 episodes= 1625 eps=0.259 replay= 39936 loss=0.00011 ext100=0.000 total100=0.083
[train] 10:50:21<127:46:10, 0.050s/step step=  782000 episodes= 1629 eps=0.257 replay= 39936 loss=0.00010 ext100=0.000 total100=0.082
[train] 10:52:04<127:45:12, 0.050s/step step=  784000 episodes= 1633 eps=0.255 replay= 39936 loss=0.00008 ext100=0.000 total100=0.083
[train] 10:53:48<127:44:17, 0.050s/step step=  786000 episodes= 1637 eps=0.253 replay= 39936 loss=0.00034 ext100=0.000 total100=0.085
[train] 10:55:31<127:43:18, 0.050s/step step=  788000 episodes= 1641 eps=0.251 replay= 39936 loss=0.00009 ext100=0.000 total100=0.089
[train] 10:57:14<127:42:19, 0.050s/step step=  790000 episodes= 1645 eps=0.250 replay= 39936 loss=0.00009 ext100=0.000 total100=0.089
[train] 10:58:57<127:41:18, 0.050s/step step=  792000 episodes= 1650 eps=0.248 replay= 39936 loss=0.00009 ext100=0.000 total100=0.093
[train] 11:00:41<127:40:22, 0.050s/step step=  794000 episodes= 1654 eps=0.246 replay= 39936 loss=0.00031 ext100=0.000 total100=0.096
[train] 11:02:25<127:39:24, 0.050s/step step=  796000 episodes= 1658 eps=0.244 replay= 39936 loss=0.00009 ext100=0.000 total100=0.099
[train] 11:04:08<127:38:22, 0.050s/step step=  798000 episodes= 1662 eps=0.242 replay= 39936 loss=0.00007 ext100=0.000 total100=0.100
[eval] step=800000 episodes=1666 mean_ext_return=0.000
[train] 11:06:07<127:40:22, 0.050s/step step=  800000 episodes= 1666 eps=0.240 replay= 39936 loss=0.00008 ext100=0.000 total100=0.100
[train] 11:07:50<127:39:19, 0.050s/step step=  802000 episodes= 1670 eps=0.238 replay= 39936 loss=0.00028 ext100=0.000 total100=0.101
[train] 11:09:33<127:38:17, 0.050s/step step=  804000 episodes= 1675 eps=0.236 replay= 39936 loss=0.00009 ext100=0.000 total100=0.102
[train] 11:11:17<127:37:19, 0.050s/step step=  806000 episodes= 1679 eps=0.234 replay= 39936 loss=0.00010 ext100=0.000 total100=0.101
[train] 11:13:00<127:36:17, 0.050s/step step=  808000 episodes= 1683 eps=0.232 replay= 39936 loss=0.00007 ext100=0.000 total100=0.101
[train] 11:14:43<127:35:14, 0.050s/step step=  810000 episodes= 1687 eps=0.231 replay= 39936 loss=0.00029 ext100=0.000 total100=0.096
[train] 11:16:26<127:34:12, 0.050s/step step=  812000 episodes= 1691 eps=0.229 replay= 39936 loss=0.00009 ext100=0.000 total100=0.100
[train] 11:18:10<127:33:14, 0.050s/step step=  814000 episodes= 1695 eps=0.227 replay= 39936 loss=0.00007 ext100=0.000 total100=0.101
[train] 11:19:54<127:32:12, 0.050s/step step=  816000 episodes= 1700 eps=0.225 replay= 39936 loss=0.00008 ext100=0.000 total100=0.102
[train] 11:21:37<127:31:07, 0.050s/step step=  818000 episodes= 1704 eps=0.223 replay= 39936 loss=0.00030 ext100=0.000 total100=0.100
[eval] step=820000 episodes=1708 mean_ext_return=0.000
[train] 11:23:36<127:32:59, 0.050s/step step=  820000 episodes= 1708 eps=0.221 replay= 39936 loss=0.00009 ext100=0.000 total100=0.104
[train] 11:25:19<127:31:56, 0.050s/step step=  822000 episodes= 1712 eps=0.219 replay= 39936 loss=0.00007 ext100=0.000 total100=0.102
[train] 11:27:02<127:30:51, 0.050s/step step=  824000 episodes= 1716 eps=0.217 replay= 39936 loss=0.00009 ext100=0.000 total100=0.101
[train] 11:28:46<127:29:52, 0.050s/step step=  826000 episodes= 1720 eps=0.215 replay= 39936 loss=0.00030 ext100=0.000 total100=0.098
[train] 11:30:29<127:28:48, 0.050s/step step=  828000 episodes= 1725 eps=0.213 replay= 39936 loss=0.00008 ext100=0.000 total100=0.097
[train] 11:32:12<127:27:44, 0.050s/step step=  830000 episodes= 1729 eps=0.212 replay= 39936 loss=0.00007 ext100=0.000 total100=0.097
[train] 11:33:56<127:26:39, 0.050s/step step=  832000 episodes= 1733 eps=0.210 replay= 39936 loss=0.00006 ext100=0.000 total100=0.096
[train] 11:35:40<127:25:39, 0.050s/step step=  834000 episodes= 1737 eps=0.208 replay= 39936 loss=0.00028 ext100=0.000 total100=0.095
[train] 11:37:23<127:24:38, 0.050s/step step=  836000 episodes= 1741 eps=0.206 replay= 39936 loss=0.00010 ext100=0.000 total100=0.094
[train] 11:39:06<127:23:29, 0.050s/step step=  838000 episodes= 1745 eps=0.204 replay= 39936 loss=0.00007 ext100=0.000 total100=0.097
[eval] step=840000 episodes=1750 mean_ext_return=0.000
[train] 11:41:05<127:25:14, 0.050s/step step=  840000 episodes= 1750 eps=0.202 replay= 39936 loss=0.00008 ext100=0.000 total100=0.098
[train] 11:42:48<127:24:08, 0.050s/step step=  842000 episodes= 1754 eps=0.200 replay= 39936 loss=0.00028 ext100=0.000 total100=0.096
[train] 11:44:31<127:23:00, 0.050s/step step=  844000 episodes= 1758 eps=0.198 replay= 39936 loss=0.00007 ext100=0.000 total100=0.099
[train] 11:46:15<127:21:58, 0.050s/step step=  846000 episodes= 1762 eps=0.196 replay= 39936 loss=0.00007 ext100=0.000 total100=0.100
[train] 11:47:59<127:20:54, 0.050s/step step=  848000 episodes= 1766 eps=0.194 replay= 39936 loss=0.00006 ext100=0.000 total100=0.099
[train] 11:49:42<127:19:48, 0.050s/step step=  850000 episodes= 1770 eps=0.193 replay= 39936 loss=0.00025 ext100=0.000 total100=0.098
[train] 11:51:25<127:18:42, 0.050s/step step=  852000 episodes= 1775 eps=0.191 replay= 39936 loss=0.00010 ext100=0.000 total100=0.096
[train] 11:53:09<127:17:40, 0.050s/step step=  854000 episodes= 1779 eps=0.189 replay= 39936 loss=0.00007 ext100=0.000 total100=0.097
[train] 11:54:53<127:16:35, 0.050s/step step=  856000 episodes= 1783 eps=0.187 replay= 39936 loss=0.00006 ext100=0.000 total100=0.098
[train] 11:56:36<127:15:26, 0.050s/step step=  858000 episodes= 1787 eps=0.185 replay= 39936 loss=0.00026 ext100=0.000 total100=0.100
[eval] step=860000 episodes=1791 mean_ext_return=0.000
[train] 11:58:35<127:17:05, 0.050s/step step=  860000 episodes= 1791 eps=0.183 replay= 39936 loss=0.00009 ext100=0.000 total100=0.095
[train] 12:00:18<127:15:58, 0.050s/step step=  862000 episodes= 1795 eps=0.181 replay= 39936 loss=0.00005 ext100=0.000 total100=0.092
[train] 12:02:01<127:14:50, 0.050s/step step=  864000 episodes= 1800 eps=0.179 replay= 39936 loss=0.00007 ext100=0.000 total100=0.094
[train] 12:03:45<127:13:44, 0.050s/step step=  866000 episodes= 1804 eps=0.177 replay= 39936 loss=0.00019 ext100=0.000 total100=0.097
[train] 12:05:29<127:12:38, 0.050s/step step=  868000 episodes= 1808 eps=0.175 replay= 39936 loss=0.00008 ext100=0.000 total100=0.096
[train] 12:07:12<127:11:29, 0.050s/step step=  870000 episodes= 1812 eps=0.173 replay= 39936 loss=0.00008 ext100=0.000 total100=0.099
[train] 12:08:55<127:10:22, 0.050s/step step=  872000 episodes= 1816 eps=0.172 replay= 39936 loss=0.00007 ext100=0.000 total100=0.103
[train] 12:10:39<127:09:18, 0.050s/step step=  874000 episodes= 1820 eps=0.170 replay= 39936 loss=0.00017 ext100=0.000 total100=0.102
[train] 12:12:23<127:08:11, 0.050s/step step=  876000 episodes= 1825 eps=0.168 replay= 39936 loss=0.00008 ext100=0.000 total100=0.098
[train] 12:14:06<127:06:59, 0.050s/step step=  878000 episodes= 1829 eps=0.166 replay= 39936 loss=0.00006 ext100=0.000 total100=0.098
[eval] step=880000 episodes=1833 mean_ext_return=0.000
[train] 12:16:05<127:08:32, 0.050s/step step=  880000 episodes= 1833 eps=0.164 replay= 39936 loss=0.00007 ext100=0.000 total100=0.099
[train] 12:17:48<127:07:21, 0.050s/step step=  882000 episodes= 1837 eps=0.162 replay= 39936 loss=0.00025 ext100=0.000 total100=0.099
[train] 12:19:31<127:06:11, 0.050s/step step=  884000 episodes= 1841 eps=0.160 replay= 39936 loss=0.00006 ext100=0.000 total100=0.096
[train] 12:21:15<127:05:04, 0.050s/step step=  886000 episodes= 1845 eps=0.158 replay= 39936 loss=0.00005 ext100=0.000 total100=0.097
[train] 12:22:58<127:03:55, 0.050s/step step=  888000 episodes= 1850 eps=0.156 replay= 39936 loss=0.00008 ext100=0.000 total100=0.095
[train] 12:24:42<127:02:45, 0.050s/step step=  890000 episodes= 1854 eps=0.155 replay= 39936 loss=0.00025 ext100=0.000 total100=0.097
[train] 12:26:25<127:01:34, 0.050s/step step=  892000 episodes= 1858 eps=0.153 replay= 39936 loss=0.00007 ext100=0.000 total100=0.095
[train] 12:28:09<127:00:28, 0.050s/step step=  894000 episodes= 1862 eps=0.151 replay= 39936 loss=0.00005 ext100=0.000 total100=0.093
[train] 12:29:52<126:59:18, 0.050s/step step=  896000 episodes= 1866 eps=0.149 replay= 39936 loss=0.00006 ext100=0.000 total100=0.091
[train] 12:31:35<126:58:06, 0.050s/step step=  898000 episodes= 1870 eps=0.147 replay= 39936 loss=0.00018 ext100=0.000 total100=0.090
[eval] step=900000 episodes=1875 mean_ext_return=0.000
[train] 12:33:34<126:59:33, 0.050s/step step=  900000 episodes= 1875 eps=0.145 replay= 39936 loss=0.00010 ext100=0.000 total100=0.093
[train] 12:35:18<126:58:23, 0.050s/step step=  902000 episodes= 1879 eps=0.143 replay= 39936 loss=0.00007 ext100=0.000 total100=0.093
[train] 12:37:01<126:57:12, 0.050s/step step=  904000 episodes= 1883 eps=0.141 replay= 39936 loss=0.00006 ext100=0.000 total100=0.091
[train] 12:38:45<126:56:04, 0.050s/step step=  906000 episodes= 1887 eps=0.139 replay= 39936 loss=0.00018 ext100=0.000 total100=0.088
[train] 12:40:29<126:54:55, 0.050s/step step=  908000 episodes= 1891 eps=0.137 replay= 39936 loss=0.00007 ext100=0.000 total100=0.091
[train] 12:42:12<126:53:43, 0.050s/step step=  910000 episodes= 1895 eps=0.136 replay= 39936 loss=0.00005 ext100=0.000 total100=0.089
[train] 12:43:55<126:52:30, 0.050s/step step=  912000 episodes= 1900 eps=0.134 replay= 39936 loss=0.00007 ext100=0.000 total100=0.087
[train] 12:45:39<126:51:23, 0.050s/step step=  914000 episodes= 1904 eps=0.132 replay= 39936 loss=0.00018 ext100=0.000 total100=0.086
[train] 12:47:23<126:50:14, 0.050s/step step=  916000 episodes= 1908 eps=0.130 replay= 39936 loss=0.00005 ext100=0.000 total100=0.085
[train] 12:49:06<126:48:59, 0.050s/step step=  918000 episodes= 1912 eps=0.128 replay= 39936 loss=0.00005 ext100=0.000 total100=0.081
[eval] step=920000 episodes=1916 mean_ext_return=0.000
[train] 12:51:05<126:50:22, 0.050s/step step=  920000 episodes= 1916 eps=0.126 replay= 39936 loss=0.00005 ext100=0.000 total100=0.078
[train] 12:52:49<126:49:09, 0.050s/step step=  922000 episodes= 1920 eps=0.124 replay= 39936 loss=0.00017 ext100=0.000 total100=0.080
[train] 12:54:32<126:47:56, 0.050s/step step=  924000 episodes= 1925 eps=0.122 replay= 39936 loss=0.00007 ext100=0.000 total100=0.083
[train] 12:56:16<126:46:46, 0.050s/step step=  926000 episodes= 1929 eps=0.120 replay= 39936 loss=0.00007 ext100=0.000 total100=0.083
[train] 12:57:59<126:45:34, 0.050s/step step=  928000 episodes= 1933 eps=0.118 replay= 39936 loss=0.00005 ext100=0.000 total100=0.085
[train] 12:59:43<126:44:22, 0.050s/step step=  930000 episodes= 1937 eps=0.117 replay= 39936 loss=0.00014 ext100=0.000 total100=0.085
[train] 13:01:26<126:43:08, 0.050s/step step=  932000 episodes= 1941 eps=0.115 replay= 39936 loss=0.00006 ext100=0.000 total100=0.085
[train] 13:03:10<126:41:59, 0.050s/step step=  934000 episodes= 1945 eps=0.113 replay= 39936 loss=0.00006 ext100=0.000 total100=0.082
[train] 13:04:54<126:40:49, 0.050s/step step=  936000 episodes= 1950 eps=0.111 replay= 39936 loss=0.00011 ext100=0.000 total100=0.082
[train] 13:06:37<126:39:33, 0.050s/step step=  938000 episodes= 1954 eps=0.109 replay= 39936 loss=0.00010 ext100=0.000 total100=0.079
[eval] step=940000 episodes=1958 mean_ext_return=0.000
[train] 13:08:36<126:40:50, 0.050s/step step=  940000 episodes= 1958 eps=0.107 replay= 39936 loss=0.00006 ext100=0.000 total100=0.079
[train] 13:10:19<126:39:36, 0.050s/step step=  942000 episodes= 1962 eps=0.105 replay= 39936 loss=0.00004 ext100=0.000 total100=0.080
[train] 13:12:03<126:38:20, 0.050s/step step=  944000 episodes= 1966 eps=0.103 replay= 39936 loss=0.00006 ext100=0.000 total100=0.081
[train] 13:13:46<126:37:08, 0.050s/step step=  946000 episodes= 1970 eps=0.101 replay= 39936 loss=0.00014 ext100=0.000 total100=0.082
[train] 13:15:30<126:35:56, 0.050s/step step=  948000 episodes= 1975 eps=0.099 replay= 39936 loss=0.00005 ext100=0.000 total100=0.083
[train] 13:17:14<126:34:42, 0.050s/step step=  950000 episodes= 1979 eps=0.098 replay= 39936 loss=0.00007 ext100=0.000 total100=0.082
[train] 13:18:57<126:33:27, 0.050s/step step=  952000 episodes= 1983 eps=0.096 replay= 39936 loss=0.00004 ext100=0.000 total100=0.083
[train] 13:20:41<126:32:17, 0.050s/step step=  954000 episodes= 1987 eps=0.094 replay= 39936 loss=0.00013 ext100=0.000 total100=0.086
[train] 13:22:25<126:31:06, 0.050s/step step=  956000 episodes= 1991 eps=0.092 replay= 39936 loss=0.00004 ext100=0.000 total100=0.085
[train] 13:24:08<126:29:48, 0.050s/step step=  958000 episodes= 1995 eps=0.090 replay= 39936 loss=0.00004 ext100=0.000 total100=0.086
[eval] step=960000 episodes=2000 mean_ext_return=0.000
[train] 13:26:07<126:31:00, 0.050s/step step=  960000 episodes= 2000 eps=0.088 replay= 39936 loss=0.00010 ext100=0.000 total100=0.086
[train] 13:27:51<126:29:46, 0.050s/step step=  962000 episodes= 2004 eps=0.086 replay= 39936 loss=0.00010 ext100=0.000 total100=0.090
[train] 13:29:34<126:28:31, 0.050s/step step=  964000 episodes= 2008 eps=0.084 replay= 39936 loss=0.00004 ext100=0.000 total100=0.088
[train] 13:31:18<126:27:18, 0.050s/step step=  966000 episodes= 2012 eps=0.082 replay= 39936 loss=0.00004 ext100=0.000 total100=0.089
[train] 13:33:01<126:26:03, 0.050s/step step=  968000 episodes= 2016 eps=0.080 replay= 39936 loss=0.00004 ext100=0.000 total100=0.087
[train] 13:34:45<126:24:48, 0.050s/step step=  970000 episodes= 2020 eps=0.079 replay= 39936 loss=0.00011 ext100=0.000 total100=0.086
[train] 13:36:28<126:23:32, 0.050s/step step=  972000 episodes= 2025 eps=0.077 replay= 39936 loss=0.00006 ext100=0.000 total100=0.087
[train] 13:38:12<126:22:20, 0.050s/step step=  974000 episodes= 2029 eps=0.075 replay= 39936 loss=0.00005 ext100=0.000 total100=0.087
[train] 13:39:56<126:21:07, 0.050s/step step=  976000 episodes= 2033 eps=0.073 replay= 39936 loss=0.00005 ext100=0.000 total100=0.088
[train] 13:41:39<126:19:46, 0.050s/step step=  978000 episodes= 2037 eps=0.071 replay= 39936 loss=0.00012 ext100=0.000 total100=0.085
[eval] step=980000 episodes=2041 mean_ext_return=0.000
[train] 13:43:38<126:20:54, 0.050s/step step=  980000 episodes= 2041 eps=0.069 replay= 39936 loss=0.00004 ext100=0.000 total100=0.085
[train] 13:45:22<126:19:35, 0.050s/step step=  982000 episodes= 2045 eps=0.067 replay= 39936 loss=0.00005 ext100=0.000 total100=0.085
[train] 13:47:05<126:18:19, 0.050s/step step=  984000 episodes= 2050 eps=0.065 replay= 39936 loss=0.00005 ext100=0.000 total100=0.084
[train] 13:48:49<126:17:04, 0.050s/step step=  986000 episodes= 2054 eps=0.063 replay= 39936 loss=0.00009 ext100=0.000 total100=0.087
[train] 13:50:32<126:15:49, 0.050s/step step=  988000 episodes= 2058 eps=0.061 replay= 39936 loss=0.00004 ext100=0.000 total100=0.085
[train] 13:52:16<126:14:31, 0.050s/step step=  990000 episodes= 2062 eps=0.059 replay= 39936 loss=0.00007 ext100=0.000 total100=0.086
[train] 13:53:59<126:13:14, 0.050s/step step=  992000 episodes= 2066 eps=0.058 replay= 39936 loss=0.00005 ext100=0.000 total100=0.087
[train] 13:55:43<126:12:01, 0.050s/step step=  994000 episodes= 2070 eps=0.056 replay= 39936 loss=0.00009 ext100=0.000 total100=0.088
[train] 13:57:27<126:10:48, 0.050s/step step=  996000 episodes= 2075 eps=0.054 replay= 39936 loss=0.00006 ext100=0.000 total100=0.087
[train] 13:59:11<126:09:28, 0.050s/step step=  998000 episodes= 2079 eps=0.052 replay= 39936 loss=0.00005 ext100=0.000 total100=0.087
[eval] step=1000000 episodes=2083 mean_ext_return=0.000
[train] 14:01:10<126:10:32, 0.050s/step step= 1000000 episodes= 2083 eps=0.050 replay= 39936 loss=0.00003 ext100=0.000 total100=0.084
[train] 14:02:53<126:09:15, 0.050s/step step= 1002000 episodes= 2087 eps=0.050 replay= 39936 loss=0.00007 ext100=0.000 total100=0.084
[train] 14:04:37<126:07:56, 0.050s/step step= 1004000 episodes= 2091 eps=0.050 replay= 39936 loss=0.00004 ext100=0.000 total100=0.086
[train] 14:06:21<126:06:42, 0.050s/step step= 1006000 episodes= 2095 eps=0.050 replay= 39936 loss=0.00005 ext100=0.000 total100=0.088
[train] 14:08:04<126:05:25, 0.050s/step step= 1008000 episodes= 2100 eps=0.050 replay= 39936 loss=0.00005 ext100=0.000 total100=0.089
[train] 14:09:48<126:04:07, 0.050s/step step= 1010000 episodes= 2104 eps=0.050 replay= 39936 loss=0.00009 ext100=0.000 total100=0.085
[train] 14:11:31<126:02:49, 0.050s/step step= 1012000 episodes= 2108 eps=0.050 replay= 39936 loss=0.00003 ext100=0.000 total100=0.088
[train] 14:13:15<126:01:35, 0.050s/step step= 1014000 episodes= 2112 eps=0.050 replay= 39936 loss=0.00003 ext100=0.000 total100=0.089
[train] 14:14:59<126:00:21, 0.050s/step step= 1016000 episodes= 2116 eps=0.050 replay= 39936 loss=0.00004 ext100=0.000 total100=0.091
[train] 14:16:43<125:58:58, 0.050s/step step= 1018000 episodes= 2120 eps=0.050 replay= 39936 loss=0.00005 ext100=0.000 total100=0.092
[eval] step=1020000 episodes=2125 mean_ext_return=0.000
[train] 14:18:42<125:59:57, 0.051s/step step= 1020000 episodes= 2125 eps=0.050 replay= 39936 loss=0.00003 ext100=0.000 total100=0.092
[train] 14:20:25<125:58:37, 0.051s/step step= 1022000 episodes= 2129 eps=0.050 replay= 39936 loss=0.00004 ext100=0.000 total100=0.094
[train] 14:22:09<125:57:18, 0.051s/step step= 1024000 episodes= 2133 eps=0.050 replay= 39936 loss=0.00004 ext100=0.000 total100=0.090
[train] 14:23:52<125:56:00, 0.051s/step step= 1026000 episodes= 2137 eps=0.050 replay= 39936 loss=0.00011 ext100=0.000 total100=0.092
[train] 14:25:36<125:54:43, 0.051s/step step= 1028000 episodes= 2141 eps=0.050 replay= 39936 loss=0.00004 ext100=0.000 total100=0.092
[train] 14:27:20<125:53:23, 0.051s/step step= 1030000 episodes= 2145 eps=0.050 replay= 39936 loss=0.00003 ext100=0.000 total100=0.091
[train] 14:29:03<125:52:03, 0.051s/step step= 1032000 episodes= 2150 eps=0.050 replay= 39936 loss=0.00003 ext100=0.000 total100=0.093
[train] 14:30:47<125:50:46, 0.051s/step step= 1034000 episodes= 2154 eps=0.050 replay= 39936 loss=0.00008 ext100=0.000 total100=0.091
[train] 14:32:31<125:49:30, 0.051s/step step= 1036000 episodes= 2158 eps=0.050 replay= 39936 loss=0.00003 ext100=0.000 total100=0.092
[train] 14:34:14<125:48:06, 0.051s/step step= 1038000 episodes= 2162 eps=0.050 replay= 39936 loss=0.00003 ext100=0.000 total100=0.088
[eval] step=1040000 episodes=2166 mean_ext_return=0.000
[train] 14:36:13<125:49:00, 0.051s/step step= 1040000 episodes= 2166 eps=0.050 replay= 39936 loss=0.00003 ext100=0.000 total100=0.083
[train] 14:37:56<125:47:39, 0.051s/step step= 1042000 episodes= 2170 eps=0.050 replay= 39936 loss=0.00007 ext100=0.000 total100=0.079
[train] 14:39:40<125:46:19, 0.051s/step step= 1044000 episodes= 2175 eps=0.050 replay= 39936 loss=0.00004 ext100=0.000 total100=0.078
[train] 14:41:24<125:45:01, 0.051s/step step= 1046000 episodes= 2179 eps=0.050 replay= 39936 loss=0.00003 ext100=0.000 total100=0.078
[train] 14:43:07<125:43:41, 0.051s/step step= 1048000 episodes= 2183 eps=0.050 replay= 39936 loss=0.00004 ext100=0.000 total100=0.080
[train] 14:44:51<125:42:21, 0.051s/step step= 1050000 episodes= 2187 eps=0.050 replay= 39936 loss=0.00006 ext100=0.000 total100=0.079
[train] 14:46:34<125:41:00, 0.051s/step step= 1052000 episodes= 2191 eps=0.050 replay= 39936 loss=0.00004 ext100=0.000 total100=0.077
[train] 14:48:18<125:39:43, 0.051s/step step= 1054000 episodes= 2195 eps=0.050 replay= 39936 loss=0.00003 ext100=0.000 total100=0.075
[train] 14:50:02<125:38:26, 0.051s/step step= 1056000 episodes= 2200 eps=0.050 replay= 39936 loss=0.00005 ext100=0.000 total100=0.077
[train] 14:51:46<125:37:02, 0.051s/step step= 1058000 episodes= 2204 eps=0.050 replay= 39936 loss=0.00007 ext100=0.000 total100=0.078
[eval] step=1060000 episodes=2208 mean_ext_return=0.000
[train] 14:53:45<125:37:53, 0.051s/step step= 1060000 episodes= 2208 eps=0.050 replay= 39936 loss=0.00004 ext100=0.000 total100=0.077
[train] 14:55:28<125:36:30, 0.051s/step step= 1062000 episodes= 2212 eps=0.050 replay= 39936 loss=0.00003 ext100=0.000 total100=0.075
[train] 14:57:12<125:35:09, 0.051s/step step= 1064000 episodes= 2216 eps=0.050 replay= 39936 loss=0.00003 ext100=0.000 total100=0.075
[train] 14:58:55<125:33:49, 0.051s/step step= 1066000 episodes= 2220 eps=0.050 replay= 39936 loss=0.00008 ext100=0.000 total100=0.075
[train] 15:00:39<125:32:30, 0.051s/step step= 1068000 episodes= 2225 eps=0.050 replay= 39936 loss=0.00003 ext100=0.000 total100=0.071
[train] 15:02:23<125:31:08, 0.051s/step step= 1070000 episodes= 2229 eps=0.050 replay= 39936 loss=0.00004 ext100=0.000 total100=0.069
[train] 15:04:06<125:29:46, 0.051s/step step= 1072000 episodes= 2233 eps=0.050 replay= 39936 loss=0.00002 ext100=0.000 total100=0.070
[train] 15:05:50<125:28:29, 0.051s/step step= 1074000 episodes= 2237 eps=0.050 replay= 39936 loss=0.00005 ext100=0.000 total100=0.071
[train] 15:07:34<125:27:10, 0.051s/step step= 1076000 episodes= 2241 eps=0.050 replay= 39936 loss=0.00003 ext100=0.000 total100=0.073
[train] 15:09:17<125:25:45, 0.051s/step step= 1078000 episodes= 2245 eps=0.050 replay= 39936 loss=0.00004 ext100=0.000 total100=0.074
[eval] step=1080000 episodes=2250 mean_ext_return=0.000
[train] 15:11:17<125:26:31, 0.051s/step step= 1080000 episodes= 2250 eps=0.050 replay= 39936 loss=0.00004 ext100=0.000 total100=0.078
[train] 15:13:00<125:25:09, 0.051s/step step= 1082000 episodes= 2254 eps=0.050 replay= 39936 loss=0.00013 ext100=0.000 total100=0.079
[train] 15:14:44<125:23:46, 0.051s/step step= 1084000 episodes= 2258 eps=0.050 replay= 39936 loss=0.00003 ext100=0.000 total100=0.081
[train] 15:16:27<125:22:25, 0.051s/step step= 1086000 episodes= 2262 eps=0.050 replay= 39936 loss=0.00003 ext100=0.000 total100=0.082
[train] 15:18:11<125:21:04, 0.051s/step step= 1088000 episodes= 2266 eps=0.050 replay= 39936 loss=0.00003 ext100=0.000 total100=0.085
[train] 15:19:55<125:19:42, 0.051s/step step= 1090000 episodes= 2270 eps=0.050 replay= 39936 loss=0.00006 ext100=0.000 total100=0.090
[train] 15:21:38<125:18:18, 0.051s/step step= 1092000 episodes= 2275 eps=0.050 replay= 39936 loss=0.00004 ext100=0.000 total100=0.091
[train] 15:23:22<125:16:59, 0.051s/step step= 1094000 episodes= 2279 eps=0.050 replay= 39936 loss=0.00005 ext100=0.000 total100=0.091
[train] 15:25:06<125:15:39, 0.051s/step step= 1096000 episodes= 2283 eps=0.050 replay= 39936 loss=0.00003 ext100=0.000 total100=0.091
[train] 15:26:49<125:14:12, 0.051s/step step= 1098000 episodes= 2287 eps=0.050 replay= 39936 loss=0.00009 ext100=0.000 total100=0.090
[eval] step=1100000 episodes=2291 mean_ext_return=0.000
[train] 15:28:48<125:14:55, 0.051s/step step= 1100000 episodes= 2291 eps=0.050 replay= 39936 loss=0.00003 ext100=0.000 total100=0.091
[train] 15:30:32<125:13:31, 0.051s/step step= 1102000 episodes= 2295 eps=0.050 replay= 39936 loss=0.00003 ext100=0.000 total100=0.091
[train] 15:32:15<125:12:08, 0.051s/step step= 1104000 episodes= 2300 eps=0.050 replay= 39936 loss=0.00003 ext100=0.000 total100=0.088
[train] 15:33:59<125:10:46, 0.051s/step step= 1106000 episodes= 2304 eps=0.050 replay= 39936 loss=0.00006 ext100=0.000 total100=0.092
[train] 15:35:43<125:09:25, 0.051s/step step= 1108000 episodes= 2308 eps=0.050 replay= 39936 loss=0.00003 ext100=0.000 total100=0.091
[train] 15:37:26<125:08:01, 0.051s/step step= 1110000 episodes= 2312 eps=0.050 replay= 39936 loss=0.00002 ext100=0.000 total100=0.093
[train] 15:39:10<125:06:37, 0.051s/step step= 1112000 episodes= 2316 eps=0.050 replay= 39936 loss=0.00003 ext100=0.000 total100=0.093
[train] 15:40:54<125:05:17, 0.051s/step step= 1114000 episodes= 2320 eps=0.050 replay= 39936 loss=0.00005 ext100=0.000 total100=0.092
[train] 15:42:38<125:03:57, 0.051s/step step= 1116000 episodes= 2325 eps=0.050 replay= 39936 loss=0.00002 ext100=0.000 total100=0.095
[train] 15:44:21<125:02:28, 0.051s/step step= 1118000 episodes= 2329 eps=0.050 replay= 39936 loss=0.00003 ext100=0.000 total100=0.095
[eval] step=1120000 episodes=2333 mean_ext_return=0.000
[train] 15:46:20<125:03:06, 0.051s/step step= 1120000 episodes= 2333 eps=0.050 replay= 39936 loss=0.00002 ext100=0.000 total100=0.094
[train] 15:48:03<125:01:43, 0.051s/step step= 1122000 episodes= 2337 eps=0.050 replay= 39936 loss=0.00005 ext100=0.000 total100=0.094
[train] 15:49:47<125:00:18, 0.051s/step step= 1124000 episodes= 2341 eps=0.050 replay= 39936 loss=0.00002 ext100=0.000 total100=0.090
[train] 15:51:31<124:58:54, 0.051s/step step= 1126000 episodes= 2345 eps=0.050 replay= 39936 loss=0.00002 ext100=0.000 total100=0.085
[train] 15:53:14<124:57:30, 0.051s/step step= 1128000 episodes= 2350 eps=0.050 replay= 39936 loss=0.00002 ext100=0.000 total100=0.083
[train] 15:54:58<124:56:05, 0.051s/step step= 1130000 episodes= 2354 eps=0.050 replay= 39936 loss=0.00004 ext100=0.000 total100=0.078
[train] 15:56:41<124:54:39, 0.051s/step step= 1132000 episodes= 2358 eps=0.050 replay= 39936 loss=0.00002 ext100=0.000 total100=0.077
[train] 15:58:25<124:53:18, 0.051s/step step= 1134000 episodes= 2362 eps=0.050 replay= 39936 loss=0.00001 ext100=0.000 total100=0.076
[train] 16:00:09<124:51:57, 0.051s/step step= 1136000 episodes= 2366 eps=0.050 replay= 39936 loss=0.00002 ext100=0.000 total100=0.077
[train] 16:01:52<124:50:29, 0.051s/step step= 1138000 episodes= 2370 eps=0.050 replay= 39936 loss=0.00008 ext100=0.000 total100=0.075
[eval] step=1140000 episodes=2375 mean_ext_return=0.000
[train] 16:03:51<124:51:04, 0.051s/step step= 1140000 episodes= 2375 eps=0.050 replay= 39936 loss=0.00005 ext100=0.000 total100=0.075
[train] 16:05:35<124:49:38, 0.051s/step step= 1142000 episodes= 2379 eps=0.050 replay= 39936 loss=0.00002 ext100=0.000 total100=0.075
[train] 16:07:18<124:48:13, 0.051s/step step= 1144000 episodes= 2383 eps=0.050 replay= 39936 loss=0.00003 ext100=0.000 total100=0.075
[train] 16:09:02<124:46:49, 0.051s/step step= 1146000 episodes= 2387 eps=0.050 replay= 39936 loss=0.00005 ext100=0.000 total100=0.074
[train] 16:10:46<124:45:26, 0.051s/step step= 1148000 episodes= 2391 eps=0.050 replay= 39936 loss=0.00004 ext100=0.000 total100=0.074
[train] 16:12:29<124:44:00, 0.051s/step step= 1150000 episodes= 2395 eps=0.050 replay= 39936 loss=0.00002 ext100=0.000 total100=0.074
[train] 16:14:13<124:42:34, 0.051s/step step= 1152000 episodes= 2400 eps=0.050 replay= 39936 loss=0.00002 ext100=0.000 total100=0.074
[train] 16:15:57<124:41:11, 0.051s/step step= 1154000 episodes= 2404 eps=0.050 replay= 39936 loss=0.00004 ext100=0.000 total100=0.071
[train] 16:17:41<124:39:50, 0.051s/step step= 1156000 episodes= 2408 eps=0.050 replay= 39936 loss=0.00002 ext100=0.000 total100=0.071
[train] 16:19:24<124:38:20, 0.051s/step step= 1158000 episodes= 2412 eps=0.050 replay= 39936 loss=0.00002 ext100=0.000 total100=0.071
[eval] step=1160000 episodes=2416 mean_ext_return=0.000
[train] 16:21:23<124:38:53, 0.051s/step step= 1160000 episodes= 2416 eps=0.050 replay= 39936 loss=0.00004 ext100=0.000 total100=0.070
[train] 16:23:06<124:37:25, 0.051s/step step= 1162000 episodes= 2420 eps=0.050 replay= 39936 loss=0.00004 ext100=0.000 total100=0.069
[train] 16:24:50<124:35:59, 0.051s/step step= 1164000 episodes= 2425 eps=0.050 replay= 39936 loss=0.00002 ext100=0.000 total100=0.070
[train] 16:26:34<124:34:34, 0.051s/step step= 1166000 episodes= 2429 eps=0.050 replay= 39936 loss=0.00002 ext100=0.000 total100=0.068
[train] 16:28:17<124:33:08, 0.051s/step step= 1168000 episodes= 2433 eps=0.050 replay= 39936 loss=0.00002 ext100=0.000 total100=0.066
[train] 16:30:01<124:31:42, 0.051s/step step= 1170000 episodes= 2437 eps=0.050 replay= 39936 loss=0.00005 ext100=0.000 total100=0.066
[train] 16:31:44<124:30:15, 0.051s/step step= 1172000 episodes= 2441 eps=0.050 replay= 39936 loss=0.00003 ext100=0.000 total100=0.068
[train] 16:33:28<124:28:52, 0.051s/step step= 1174000 episodes= 2445 eps=0.050 replay= 39936 loss=0.00002 ext100=0.000 total100=0.071
[train] 16:35:12<124:27:29, 0.051s/step step= 1176000 episodes= 2450 eps=0.050 replay= 39936 loss=0.00003 ext100=0.000 total100=0.068
[train] 16:36:55<124:25:59, 0.051s/step step= 1178000 episodes= 2454 eps=0.050 replay= 39936 loss=0.00007 ext100=0.000 total100=0.071
[eval] step=1180000 episodes=2458 mean_ext_return=0.000
[train] 16:38:55<124:26:30, 0.051s/step step= 1180000 episodes= 2458 eps=0.050 replay= 39936 loss=0.00004 ext100=0.000 total100=0.072
[train] 16:40:38<124:25:02, 0.051s/step step= 1182000 episodes= 2462 eps=0.050 replay= 39936 loss=0.00003 ext100=0.000 total100=0.072
[train] 16:42:22<124:23:35, 0.051s/step step= 1184000 episodes= 2466 eps=0.050 replay= 39936 loss=0.00002 ext100=0.000 total100=0.070
[train] 16:44:05<124:22:08, 0.051s/step step= 1186000 episodes= 2470 eps=0.050 replay= 39936 loss=0.00006 ext100=0.000 total100=0.070
[train] 16:45:49<124:20:43, 0.051s/step step= 1188000 episodes= 2475 eps=0.050 replay= 39936 loss=0.00003 ext100=0.000 total100=0.069
[train] 16:47:33<124:19:16, 0.051s/step step= 1190000 episodes= 2479 eps=0.050 replay= 39936 loss=0.00003 ext100=0.000 total100=0.069
[train] 16:49:16<124:17:48, 0.051s/step step= 1192000 episodes= 2483 eps=0.050 replay= 39936 loss=0.00002 ext100=0.000 total100=0.069
[train] 16:51:00<124:16:24, 0.051s/step step= 1194000 episodes= 2487 eps=0.050 replay= 39936 loss=0.00005 ext100=0.000 total100=0.069
[train] 16:52:44<124:14:59, 0.051s/step step= 1196000 episodes= 2491 eps=0.050 replay= 39936 loss=0.00002 ext100=0.000 total100=0.068
[train] 16:54:27<124:13:28, 0.051s/step step= 1198000 episodes= 2495 eps=0.050 replay= 39936 loss=0.00002 ext100=0.000 total100=0.068
[eval] step=1200000 episodes=2500 mean_ext_return=0.000
[train] 16:56:26<124:13:57, 0.051s/step step= 1200000 episodes= 2500 eps=0.050 replay= 39936 loss=0.00002 ext100=0.000 total100=0.069
[train] 16:58:10<124:12:27, 0.051s/step step= 1202000 episodes= 2504 eps=0.050 replay= 39936 loss=0.00003 ext100=0.000 total100=0.068
[train] 16:59:53<124:11:00, 0.051s/step step= 1204000 episodes= 2508 eps=0.050 replay= 39936 loss=0.00002 ext100=0.000 total100=0.067
[train] 17:01:37<124:09:33, 0.051s/step step= 1206000 episodes= 2512 eps=0.050 replay= 39936 loss=0.00002 ext100=0.000 total100=0.066
[train] 17:03:21<124:08:07, 0.051s/step step= 1208000 episodes= 2516 eps=0.050 replay= 39936 loss=0.00002 ext100=0.000 total100=0.065
[train] 17:05:04<124:06:38, 0.051s/step step= 1210000 episodes= 2520 eps=0.050 replay= 39936 loss=0.00004 ext100=0.000 total100=0.067
[train] 17:06:48<124:05:11, 0.051s/step step= 1212000 episodes= 2525 eps=0.050 replay= 39936 loss=0.00002 ext100=0.000 total100=0.065
[train] 17:08:32<124:03:46, 0.051s/step step= 1214000 episodes= 2529 eps=0.050 replay= 39936 loss=0.00001 ext100=0.000 total100=0.067
[train] 17:10:16<124:02:21, 0.051s/step step= 1216000 episodes= 2533 eps=0.050 replay= 39936 loss=0.00002 ext100=0.000 total100=0.070
[train] 17:11:59<124:00:49, 0.051s/step step= 1218000 episodes= 2537 eps=0.050 replay= 39936 loss=0.00003 ext100=0.000 total100=0.070
[eval] step=1220000 episodes=2541 mean_ext_return=0.000
[train] 17:13:58<124:01:14, 0.051s/step step= 1220000 episodes= 2541 eps=0.050 replay= 39936 loss=0.00001 ext100=0.000 total100=0.068
[train] 17:15:41<123:59:44, 0.051s/step step= 1222000 episodes= 2545 eps=0.050 replay= 39936 loss=0.00002 ext100=0.000 total100=0.069
[train] 17:17:25<123:58:15, 0.051s/step step= 1224000 episodes= 2550 eps=0.050 replay= 39936 loss=0.00002 ext100=0.000 total100=0.070
[train] 17:19:09<123:56:48, 0.051s/step step= 1226000 episodes= 2554 eps=0.050 replay= 39936 loss=0.00006 ext100=0.000 total100=0.071
[train] 17:20:52<123:55:20, 0.051s/step step= 1228000 episodes= 2558 eps=0.050 replay= 39936 loss=0.00002 ext100=0.000 total100=0.071
[train] 17:22:36<123:53:52, 0.051s/step step= 1230000 episodes= 2562 eps=0.050 replay= 39936 loss=0.00002 ext100=0.000 total100=0.071
[train] 17:24:19<123:52:23, 0.051s/step step= 1232000 episodes= 2566 eps=0.050 replay= 39936 loss=0.00001 ext100=0.000 total100=0.071
[train] 17:26:03<123:50:58, 0.051s/step step= 1234000 episodes= 2570 eps=0.050 replay= 39936 loss=0.00002 ext100=0.000 total100=0.071
[train] 17:27:47<123:49:30, 0.051s/step step= 1236000 episodes= 2575 eps=0.050 replay= 39936 loss=0.00002 ext100=0.000 total100=0.067
[train] 17:29:30<123:47:58, 0.051s/step step= 1238000 episodes= 2579 eps=0.050 replay= 39936 loss=0.00002 ext100=0.000 total100=0.067
[eval] step=1240000 episodes=2583 mean_ext_return=0.000
[train] 17:31:30<123:48:20, 0.051s/step step= 1240000 episodes= 2583 eps=0.050 replay= 39936 loss=0.00001 ext100=0.000 total100=0.067
[train] 17:33:13<123:46:49, 0.051s/step step= 1242000 episodes= 2587 eps=0.050 replay= 39936 loss=0.00003 ext100=0.000 total100=0.067
[train] 17:34:56<123:45:20, 0.051s/step step= 1244000 episodes= 2591 eps=0.050 replay= 39936 loss=0.00002 ext100=0.000 total100=0.068
[train] 17:36:40<123:43:52, 0.051s/step step= 1246000 episodes= 2595 eps=0.050 replay= 39936 loss=0.00002 ext100=0.000 total100=0.068
[train] 17:38:24<123:42:24, 0.051s/step step= 1248000 episodes= 2600 eps=0.050 replay= 39936 loss=0.00002 ext100=0.000 total100=0.067
[train] 17:40:07<123:40:54, 0.051s/step step= 1250000 episodes= 2604 eps=0.050 replay= 39936 loss=0.00006 ext100=0.000 total100=0.067
[train] 17:41:51<123:39:25, 0.051s/step step= 1252000 episodes= 2608 eps=0.050 replay= 39936 loss=0.00003 ext100=0.000 total100=0.068
[train] 17:43:35<123:37:59, 0.051s/step step= 1254000 episodes= 2612 eps=0.050 replay= 39936 loss=0.00002 ext100=0.000 total100=0.069
[train] 17:45:19<123:36:32, 0.051s/step step= 1256000 episodes= 2616 eps=0.050 replay= 39936 loss=0.00002 ext100=0.000 total100=0.070
[train] 17:47:02<123:35:00, 0.051s/step step= 1258000 episodes= 2620 eps=0.050 replay= 39936 loss=0.00004 ext100=0.000 total100=0.070
[eval] step=1260000 episodes=2625 mean_ext_return=0.000
[train] 17:49:01<123:35:19, 0.051s/step step= 1260000 episodes= 2625 eps=0.050 replay= 39936 loss=0.00003 ext100=0.000 total100=0.071
[train] 17:50:44<123:33:47, 0.051s/step step= 1262000 episodes= 2629 eps=0.050 replay= 39936 loss=0.00002 ext100=0.000 total100=0.069
[train] 17:52:28<123:32:18, 0.051s/step step= 1264000 episodes= 2633 eps=0.050 replay= 39936 loss=0.00002 ext100=0.000 total100=0.069
[train] 17:54:12<123:30:49, 0.051s/step step= 1266000 episodes= 2637 eps=0.050 replay= 39936 loss=0.00007 ext100=0.000 total100=0.069
[train] 17:55:56<123:29:21, 0.051s/step step= 1268000 episodes= 2641 eps=0.050 replay= 39936 loss=0.00002 ext100=0.000 total100=0.069
[train] 17:57:39<123:27:50, 0.051s/step step= 1270000 episodes= 2645 eps=0.050 replay= 39936 loss=0.00003 ext100=0.000 total100=0.068
[train] 17:59:22<123:26:19, 0.051s/step step= 1272000 episodes= 2650 eps=0.050 replay= 39936 loss=0.00002 ext100=0.000 total100=0.066
[train] 18:01:06<123:24:52, 0.051s/step step= 1274000 episodes= 2654 eps=0.050 replay= 39936 loss=0.00004 ext100=0.000 total100=0.066
[train] 18:02:51<123:23:26, 0.051s/step step= 1276000 episodes= 2658 eps=0.050 replay= 39936 loss=0.00005 ext100=0.000 total100=0.066
[train] 18:04:34<123:21:52, 0.051s/step step= 1278000 episodes= 2662 eps=0.050 replay= 39936 loss=0.00002 ext100=0.000 total100=0.065
[eval] step=1280000 episodes=2666 mean_ext_return=0.000
[train] 18:06:33<123:22:11, 0.051s/step step= 1280000 episodes= 2666 eps=0.050 replay= 39936 loss=0.00003 ext100=0.000 total100=0.065
[train] 18:08:16<123:20:38, 0.051s/step step= 1282000 episodes= 2670 eps=0.050 replay= 39936 loss=0.00006 ext100=0.000 total100=0.065
[train] 18:10:00<123:19:08, 0.051s/step step= 1284000 episodes= 2675 eps=0.050 replay= 39936 loss=0.00002 ext100=0.000 total100=0.069
[train] 18:11:44<123:17:38, 0.051s/step step= 1286000 episodes= 2679 eps=0.050 replay= 39936 loss=0.00002 ext100=0.000 total100=0.069
[train] 18:13:27<123:16:09, 0.051s/step step= 1288000 episodes= 2683 eps=0.050 replay= 39936 loss=0.00001 ext100=0.000 total100=0.067
[train] 18:15:11<123:14:39, 0.051s/step step= 1290000 episodes= 2687 eps=0.050 replay= 39936 loss=0.00003 ext100=0.000 total100=0.067
[train] 18:16:54<123:13:08, 0.051s/step step= 1292000 episodes= 2691 eps=0.050 replay= 39936 loss=0.00002 ext100=0.000 total100=0.066
[train] 18:18:38<123:11:40, 0.051s/step step= 1294000 episodes= 2695 eps=0.050 replay= 39936 loss=0.00002 ext100=0.000 total100=0.064
[train] 18:20:22<123:10:12, 0.051s/step step= 1296000 episodes= 2700 eps=0.050 replay= 39936 loss=0.00001 ext100=0.000 total100=0.065
[train] 18:22:05<123:08:38, 0.051s/step step= 1298000 episodes= 2704 eps=0.050 replay= 39936 loss=0.00003 ext100=0.000 total100=0.064
[eval] step=1300000 episodes=2708 mean_ext_return=0.000
[train] 18:24:05<123:08:54, 0.051s/step step= 1300000 episodes= 2708 eps=0.050 replay= 39936 loss=0.00002 ext100=0.000 total100=0.065
[train] 18:25:48<123:07:21, 0.051s/step step= 1302000 episodes= 2712 eps=0.050 replay= 39936 loss=0.00002 ext100=0.000 total100=0.064
[train] 18:27:32<123:05:50, 0.051s/step step= 1304000 episodes= 2716 eps=0.050 replay= 39936 loss=0.00002 ext100=0.000 total100=0.064
[train] 18:29:15<123:04:19, 0.051s/step step= 1306000 episodes= 2720 eps=0.050 replay= 39936 loss=0.00006 ext100=0.000 total100=0.063
[train] 18:30:59<123:02:49, 0.051s/step step= 1308000 episodes= 2725 eps=0.050 replay= 39936 loss=0.00002 ext100=0.000 total100=0.061
[train] 18:32:43<123:01:18, 0.051s/step step= 1310000 episodes= 2729 eps=0.050 replay= 39936 loss=0.00001 ext100=0.000 total100=0.061
[train] 18:34:26<122:59:47, 0.051s/step step= 1312000 episodes= 2733 eps=0.050 replay= 39936 loss=0.00001 ext100=0.000 total100=0.062
[train] 18:36:10<122:58:19, 0.051s/step step= 1314000 episodes= 2737 eps=0.050 replay= 39936 loss=0.00003 ext100=0.000 total100=0.062
[train] 18:37:54<122:56:50, 0.051s/step step= 1316000 episodes= 2741 eps=0.050 replay= 39936 loss=0.00002 ext100=0.000 total100=0.061
[train] 18:39:37<122:55:15, 0.051s/step step= 1318000 episodes= 2745 eps=0.050 replay= 39936 loss=0.00003 ext100=0.000 total100=0.063
[eval] step=1320000 episodes=2750 mean_ext_return=0.000
[train] 18:41:37<122:55:29, 0.051s/step step= 1320000 episodes= 2750 eps=0.050 replay= 39936 loss=0.00005 ext100=0.000 total100=0.063
[train] 18:43:20<122:53:55, 0.051s/step step= 1322000 episodes= 2754 eps=0.050 replay= 39936 loss=0.00005 ext100=0.000 total100=0.063
[train] 18:45:03<122:52:23, 0.051s/step step= 1324000 episodes= 2758 eps=0.050 replay= 39936 loss=0.00001 ext100=0.000 total100=0.062
[train] 18:46:47<122:50:51, 0.051s/step step= 1326000 episodes= 2762 eps=0.050 replay= 39936 loss=0.00002 ext100=0.000 total100=0.062
[train] 18:48:31<122:49:21, 0.051s/step step= 1328000 episodes= 2766 eps=0.050 replay= 39936 loss=0.00002 ext100=0.000 total100=0.062
[train] 18:50:14<122:47:49, 0.051s/step step= 1330000 episodes= 2770 eps=0.050 replay= 39936 loss=0.00005 ext100=0.000 total100=0.062
[train] 18:51:58<122:46:17, 0.051s/step step= 1332000 episodes= 2775 eps=0.050 replay= 39936 loss=0.00002 ext100=0.000 total100=0.060
[train] 18:53:41<122:44:47, 0.051s/step step= 1334000 episodes= 2779 eps=0.050 replay= 39936 loss=0.00002 ext100=0.000 total100=0.060
[train] 18:55:25<122:43:18, 0.051s/step step= 1336000 episodes= 2783 eps=0.050 replay= 39936 loss=0.00002 ext100=0.000 total100=0.061
[train] 18:57:08<122:41:42, 0.051s/step step= 1338000 episodes= 2787 eps=0.050 replay= 39936 loss=0.00004 ext100=0.000 total100=0.061
[eval] step=1340000 episodes=2791 mean_ext_return=0.000
[train] 18:59:08<122:41:54, 0.051s/step step= 1340000 episodes= 2791 eps=0.050 replay= 39936 loss=0.00002 ext100=0.000 total100=0.061
[train] 19:00:51<122:40:19, 0.051s/step step= 1342000 episodes= 2795 eps=0.050 replay= 39936 loss=0.00002 ext100=0.000 total100=0.063
[train] 19:02:34<122:38:46, 0.051s/step step= 1344000 episodes= 2800 eps=0.050 replay= 39936 loss=0.00004 ext100=0.000 total100=0.063
[train] 19:04:18<122:37:16, 0.051s/step step= 1346000 episodes= 2804 eps=0.050 replay= 39936 loss=0.00003 ext100=0.000 total100=0.063
[train] 19:06:02<122:35:45, 0.051s/step step= 1348000 episodes= 2808 eps=0.050 replay= 39936 loss=0.00003 ext100=0.000 total100=0.062
[train] 19:07:46<122:34:13, 0.051s/step step= 1350000 episodes= 2812 eps=0.050 replay= 39936 loss=0.00001 ext100=0.000 total100=0.063
[train] 19:09:29<122:32:41, 0.051s/step step= 1352000 episodes= 2816 eps=0.050 replay= 39936 loss=0.00002 ext100=0.000 total100=0.063
[train] 19:11:13<122:31:12, 0.051s/step step= 1354000 episodes= 2820 eps=0.050 replay= 39936 loss=0.00003 ext100=0.000 total100=0.063
[train] 19:12:57<122:29:42, 0.051s/step step= 1356000 episodes= 2825 eps=0.050 replay= 39936 loss=0.00002 ext100=0.000 total100=0.064
[train] 19:14:40<122:28:06, 0.051s/step step= 1358000 episodes= 2829 eps=0.050 replay= 39936 loss=0.00002 ext100=0.000 total100=0.064
[eval] step=1360000 episodes=2833 mean_ext_return=0.000
[train] 19:16:40<122:28:14, 0.051s/step step= 1360000 episodes= 2833 eps=0.050 replay= 39936 loss=0.00001 ext100=0.000 total100=0.062
[train] 19:18:23<122:26:39, 0.051s/step step= 1362000 episodes= 2837 eps=0.050 replay= 39936 loss=0.00005 ext100=0.000 total100=0.062
[train] 19:20:06<122:25:06, 0.051s/step step= 1364000 episodes= 2841 eps=0.050 replay= 39936 loss=0.00002 ext100=0.000 total100=0.062
[train] 19:21:50<122:23:35, 0.051s/step step= 1366000 episodes= 2845 eps=0.050 replay= 39936 loss=0.00002 ext100=0.000 total100=0.063
[train] 19:23:34<122:22:04, 0.051s/step step= 1368000 episodes= 2850 eps=0.050 replay= 39936 loss=0.00003 ext100=0.000 total100=0.064
[train] 19:25:17<122:20:31, 0.051s/step step= 1370000 episodes= 2854 eps=0.050 replay= 39936 loss=0.00003 ext100=0.000 total100=0.064
[train] 19:27:01<122:18:57, 0.051s/step step= 1372000 episodes= 2858 eps=0.050 replay= 39936 loss=0.00002 ext100=0.000 total100=0.064
[train] 19:28:45<122:17:28, 0.051s/step step= 1374000 episodes= 2862 eps=0.050 replay= 39936 loss=0.00001 ext100=0.000 total100=0.064
[train] 19:30:29<122:15:57, 0.051s/step step= 1376000 episodes= 2866 eps=0.050 replay= 39936 loss=0.00001 ext100=0.000 total100=0.062
[train] 19:32:12<122:14:20, 0.051s/step step= 1378000 episodes= 2870 eps=0.050 replay= 39936 loss=0.00007 ext100=0.000 total100=0.061
[eval] step=1380000 episodes=2875 mean_ext_return=0.000
[train] 19:34:11<122:14:27, 0.051s/step step= 1380000 episodes= 2875 eps=0.050 replay= 39936 loss=0.00001 ext100=0.000 total100=0.063
[train] 19:35:54<122:12:51, 0.051s/step step= 1382000 episodes= 2879 eps=0.050 replay= 39936 loss=0.00001 ext100=0.000 total100=0.062
[train] 19:37:38<122:11:18, 0.051s/step step= 1384000 episodes= 2883 eps=0.050 replay= 39936 loss=0.00002 ext100=0.000 total100=0.063
[train] 19:39:21<122:09:45, 0.051s/step step= 1386000 episodes= 2887 eps=0.050 replay= 39936 loss=0.00004 ext100=0.000 total100=0.064
[train] 19:41:05<122:08:13, 0.051s/step step= 1388000 episodes= 2891 eps=0.050 replay= 39936 loss=0.00002 ext100=0.000 total100=0.063
[train] 19:42:49<122:06:39, 0.051s/step step= 1390000 episodes= 2895 eps=0.050 replay= 39936 loss=0.00001 ext100=0.000 total100=0.062
[train] 19:44:32<122:05:06, 0.051s/step step= 1392000 episodes= 2900 eps=0.050 replay= 39936 loss=0.00002 ext100=0.000 total100=0.062
[train] 19:46:16<122:03:36, 0.051s/step step= 1394000 episodes= 2904 eps=0.050 replay= 39936 loss=0.00004 ext100=0.000 total100=0.061
[train] 19:48:00<122:02:05, 0.051s/step step= 1396000 episodes= 2908 eps=0.050 replay= 39936 loss=0.00002 ext100=0.000 total100=0.059
[train] 19:49:43<122:00:29, 0.051s/step step= 1398000 episodes= 2912 eps=0.050 replay= 39936 loss=0.00001 ext100=0.000 total100=0.058
[eval] step=1400000 episodes=2916 mean_ext_return=0.000
[train] 19:51:43<122:00:33, 0.051s/step step= 1400000 episodes= 2916 eps=0.050 replay= 39936 loss=0.00002 ext100=0.000 total100=0.058
[train] 19:53:26<121:58:56, 0.051s/step step= 1402000 episodes= 2920 eps=0.050 replay= 39936 loss=0.00004 ext100=0.000 total100=0.058
[train] 19:55:09<121:57:22, 0.051s/step step= 1404000 episodes= 2925 eps=0.050 replay= 39936 loss=0.00002 ext100=0.000 total100=0.058
[train] 19:56:53<121:55:50, 0.051s/step step= 1406000 episodes= 2929 eps=0.050 replay= 39936 loss=0.00002 ext100=0.000 total100=0.058
[train] 19:58:37<121:54:18, 0.051s/step step= 1408000 episodes= 2933 eps=0.050 replay= 39936 loss=0.00001 ext100=0.000 total100=0.059
[train] 20:00:20<121:52:44, 0.051s/step step= 1410000 episodes= 2937 eps=0.050 replay= 39936 loss=0.00006 ext100=0.000 total100=0.059
[train] 20:02:04<121:51:10, 0.051s/step step= 1412000 episodes= 2941 eps=0.050 replay= 39936 loss=0.00002 ext100=0.000 total100=0.058
[train] 20:03:48<121:49:39, 0.051s/step step= 1414000 episodes= 2945 eps=0.050 replay= 39936 loss=0.00001 ext100=0.000 total100=0.057
[train] 20:05:32<121:48:08, 0.051s/step step= 1416000 episodes= 2950 eps=0.050 replay= 39936 loss=0.00001 ext100=0.000 total100=0.056
[train] 20:07:14<121:46:30, 0.051s/step step= 1418000 episodes= 2954 eps=0.050 replay= 39936 loss=0.00003 ext100=0.000 total100=0.056
[eval] step=1420000 episodes=2958 mean_ext_return=0.000
[train] 20:09:14<121:46:33, 0.051s/step step= 1420000 episodes= 2958 eps=0.050 replay= 39936 loss=0.00002 ext100=0.000 total100=0.057
[train] 20:10:57<121:44:57, 0.051s/step step= 1422000 episodes= 2962 eps=0.050 replay= 39936 loss=0.00001 ext100=0.000 total100=0.057
[train] 20:12:41<121:43:22, 0.051s/step step= 1424000 episodes= 2966 eps=0.050 replay= 39936 loss=0.00003 ext100=0.000 total100=0.058
[train] 20:14:24<121:41:49, 0.051s/step step= 1426000 episodes= 2970 eps=0.050 replay= 39936 loss=0.00003 ext100=0.000 total100=0.059
[train] 20:16:08<121:40:17, 0.051s/step step= 1428000 episodes= 2975 eps=0.050 replay= 39936 loss=0.00002 ext100=0.000 total100=0.059
[train] 20:17:52<121:38:43, 0.051s/step step= 1430000 episodes= 2979 eps=0.050 replay= 39936 loss=0.00003 ext100=0.000 total100=0.059
[train] 20:19:36<121:37:09, 0.051s/step step= 1432000 episodes= 2983 eps=0.050 replay= 39936 loss=0.00001 ext100=0.000 total100=0.057
[train] 20:21:20<121:35:38, 0.051s/step step= 1434000 episodes= 2987 eps=0.050 replay= 39936 loss=0.00003 ext100=0.000 total100=0.055
[train] 20:23:04<121:34:07, 0.051s/step step= 1436000 episodes= 2991 eps=0.050 replay= 39936 loss=0.00002 ext100=0.000 total100=0.054
[train] 20:24:47<121:32:30, 0.051s/step step= 1438000 episodes= 2995 eps=0.050 replay= 39936 loss=0.00001 ext100=0.000 total100=0.054
[eval] step=1440000 episodes=3000 mean_ext_return=0.000
[train] 20:26:46<121:32:32, 0.051s/step step= 1440000 episodes= 3000 eps=0.050 replay= 39936 loss=0.00002 ext100=0.000 total100=0.054
[train] 20:28:30<121:30:55, 0.051s/step step= 1442000 episodes= 3004 eps=0.050 replay= 39936 loss=0.00003 ext100=0.000 total100=0.054
[train] 20:30:13<121:29:20, 0.051s/step step= 1444000 episodes= 3008 eps=0.050 replay= 39936 loss=0.00001 ext100=0.000 total100=0.056
[train] 20:31:57<121:27:47, 0.051s/step step= 1446000 episodes= 3012 eps=0.050 replay= 39936 loss=0.00001 ext100=0.000 total100=0.056
[train] 20:33:41<121:26:14, 0.051s/step step= 1448000 episodes= 3016 eps=0.050 replay= 39936 loss=0.00001 ext100=0.000 total100=0.054
[train] 20:35:24<121:24:40, 0.051s/step step= 1450000 episodes= 3020 eps=0.050 replay= 39936 loss=0.00003 ext100=0.000 total100=0.055
[train] 20:37:08<121:23:05, 0.051s/step step= 1452000 episodes= 3025 eps=0.050 replay= 39936 loss=0.00001 ext100=0.000 total100=0.057
[train] 20:38:52<121:21:33, 0.051s/step step= 1454000 episodes= 3029 eps=0.050 replay= 39936 loss=0.00002 ext100=0.000 total100=0.057
[train] 20:40:36<121:20:01, 0.051s/step step= 1456000 episodes= 3033 eps=0.050 replay= 39936 loss=0.00001 ext100=0.000 total100=0.057
[train] 20:42:19<121:18:24, 0.051s/step step= 1458000 episodes= 3037 eps=0.050 replay= 39936 loss=0.00004 ext100=0.000 total100=0.058
[eval] step=1460000 episodes=3041 mean_ext_return=0.000
[train] 20:44:18<121:18:23, 0.051s/step step= 1460000 episodes= 3041 eps=0.050 replay= 39936 loss=0.00002 ext100=0.000 total100=0.060
[train] 20:46:01<121:16:45, 0.051s/step step= 1462000 episodes= 3045 eps=0.050 replay= 39936 loss=0.00001 ext100=0.000 total100=0.059
[train] 20:47:45<121:15:10, 0.051s/step step= 1464000 episodes= 3050 eps=0.050 replay= 39936 loss=0.00001 ext100=0.000 total100=0.060
[train] 20:49:28<121:13:35, 0.051s/step step= 1466000 episodes= 3054 eps=0.050 replay= 39936 loss=0.00003 ext100=0.000 total100=0.059
[train] 20:51:12<121:12:02, 0.051s/step step= 1468000 episodes= 3058 eps=0.050 replay= 39936 loss=0.00002 ext100=0.000 total100=0.058
[train] 20:52:56<121:10:27, 0.051s/step step= 1470000 episodes= 3062 eps=0.050 replay= 39936 loss=0.00001 ext100=0.000 total100=0.058
[train] 20:54:39<121:08:52, 0.051s/step step= 1472000 episodes= 3066 eps=0.050 replay= 39936 loss=0.00002 ext100=0.000 total100=0.058
[train] 20:56:23<121:07:19, 0.051s/step step= 1474000 episodes= 3070 eps=0.050 replay= 39936 loss=0.00005 ext100=0.000 total100=0.057
[train] 20:58:07<121:05:46, 0.051s/step step= 1476000 episodes= 3075 eps=0.050 replay= 39936 loss=0.00001 ext100=0.000 total100=0.059
[train] 20:59:50<121:04:08, 0.051s/step step= 1478000 episodes= 3079 eps=0.050 replay= 39936 loss=0.00001 ext100=0.000 total100=0.058
[eval] step=1480000 episodes=3083 mean_ext_return=0.000
[train] 21:01:50<121:04:05, 0.051s/step step= 1480000 episodes= 3083 eps=0.050 replay= 39936 loss=0.00001 ext100=0.000 total100=0.058
[train] 21:03:33<121:02:27, 0.051s/step step= 1482000 episodes= 3087 eps=0.050 replay= 39936 loss=0.00002 ext100=0.000 total100=0.059
[train] 21:05:16<121:00:52, 0.051s/step step= 1484000 episodes= 3091 eps=0.050 replay= 39936 loss=0.00001 ext100=0.000 total100=0.059
[train] 21:07:00<120:59:17, 0.051s/step step= 1486000 episodes= 3095 eps=0.050 replay= 39936 loss=0.00001 ext100=0.000 total100=0.060
[train] 21:08:44<120:57:43, 0.051s/step step= 1488000 episodes= 3100 eps=0.050 replay= 39936 loss=0.00002 ext100=0.000 total100=0.060
[train] 21:10:27<120:56:08, 0.051s/step step= 1490000 episodes= 3104 eps=0.050 replay= 39936 loss=0.00004 ext100=0.000 total100=0.060
[train] 21:12:11<120:54:32, 0.051s/step step= 1492000 episodes= 3108 eps=0.050 replay= 39936 loss=0.00001 ext100=0.000 total100=0.059
[train] 21:13:55<120:53:00, 0.051s/step step= 1494000 episodes= 3112 eps=0.050 replay= 39936 loss=0.00001 ext100=0.000 total100=0.061
[train] 21:15:39<120:51:26, 0.051s/step step= 1496000 episodes= 3116 eps=0.050 replay= 39936 loss=0.00001 ext100=0.000 total100=0.061
[train] 21:17:22<120:49:48, 0.051s/step step= 1498000 episodes= 3120 eps=0.050 replay= 39936 loss=0.00005 ext100=0.000 total100=0.060
[eval] step=1500000 episodes=3125 mean_ext_return=0.000
[train] 21:19:22<120:49:44, 0.051s/step step= 1500000 episodes= 3125 eps=0.050 replay= 39936 loss=0.00001 ext100=0.000 total100=0.059
[train] 21:21:05<120:48:06, 0.051s/step step= 1502000 episodes= 3129 eps=0.050 replay= 39936 loss=0.00001 ext100=0.000 total100=0.059
[train] 21:22:48<120:46:29, 0.051s/step step= 1504000 episodes= 3133 eps=0.050 replay= 39936 loss=0.00001 ext100=0.000 total100=0.057
[train] 21:24:31<120:44:53, 0.051s/step step= 1506000 episodes= 3137 eps=0.050 replay= 39936 loss=0.00004 ext100=0.000 total100=0.057
[train] 21:26:15<120:43:19, 0.051s/step step= 1508000 episodes= 3141 eps=0.050 replay= 39936 loss=0.00002 ext100=0.000 total100=0.055
[train] 21:27:59<120:41:43, 0.051s/step step= 1510000 episodes= 3145 eps=0.050 replay= 39936 loss=0.00001 ext100=0.000 total100=0.055
[train] 21:29:42<120:40:07, 0.051s/step step= 1512000 episodes= 3150 eps=0.050 replay= 39936 loss=0.00002 ext100=0.000 total100=0.055
[train] 21:31:26<120:38:34, 0.051s/step step= 1514000 episodes= 3154 eps=0.050 replay= 39936 loss=0.00007 ext100=0.000 total100=0.056
[train] 21:33:10<120:37:01, 0.051s/step step= 1516000 episodes= 3158 eps=0.050 replay= 39936 loss=0.00002 ext100=0.000 total100=0.057
[train] 21:34:53<120:35:22, 0.051s/step step= 1518000 episodes= 3162 eps=0.050 replay= 39936 loss=0.00002 ext100=0.000 total100=0.057
[eval] step=1520000 episodes=3166 mean_ext_return=0.000
[train] 21:36:53<120:35:17, 0.051s/step step= 1520000 episodes= 3166 eps=0.050 replay= 39936 loss=0.00002 ext100=0.000 total100=0.055
[train] 21:38:36<120:33:38, 0.051s/step step= 1522000 episodes= 3170 eps=0.050 replay= 39936 loss=0.00003 ext100=0.000 total100=0.055
[train] 21:40:19<120:32:02, 0.051s/step step= 1524000 episodes= 3175 eps=0.050 replay= 39936 loss=0.00001 ext100=0.000 total100=0.052
[train] 21:42:03<120:30:26, 0.051s/step step= 1526000 episodes= 3179 eps=0.050 replay= 39936 loss=0.00002 ext100=0.000 total100=0.054
[train] 21:43:47<120:28:52, 0.051s/step step= 1528000 episodes= 3183 eps=0.050 replay= 39936 loss=0.00002 ext100=0.000 total100=0.054
[train] 21:45:30<120:27:15, 0.051s/step step= 1530000 episodes= 3187 eps=0.050 replay= 39936 loss=0.00002 ext100=0.000 total100=0.054
[train] 21:47:14<120:25:39, 0.051s/step step= 1532000 episodes= 3191 eps=0.050 replay= 39936 loss=0.00001 ext100=0.000 total100=0.054
[train] 21:48:58<120:24:06, 0.051s/step step= 1534000 episodes= 3195 eps=0.050 replay= 39936 loss=0.00001 ext100=0.000 total100=0.054
[train] 21:50:42<120:22:32, 0.051s/step step= 1536000 episodes= 3200 eps=0.050 replay= 39936 loss=0.00001 ext100=0.000 total100=0.053
[train] 21:52:25<120:20:53, 0.051s/step step= 1538000 episodes= 3204 eps=0.050 replay= 39936 loss=0.00002 ext100=0.000 total100=0.051
[eval] step=1540000 episodes=3208 mean_ext_return=0.000
[train] 21:54:25<120:20:45, 0.051s/step step= 1540000 episodes= 3208 eps=0.050 replay= 39936 loss=0.00001 ext100=0.000 total100=0.050
[train] 21:56:08<120:19:06, 0.051s/step step= 1542000 episodes= 3212 eps=0.050 replay= 39936 loss=0.00001 ext100=0.000 total100=0.050
[train] 21:57:51<120:17:29, 0.051s/step step= 1544000 episodes= 3216 eps=0.050 replay= 39936 loss=0.00001 ext100=0.000 total100=0.050
[train] 21:59:35<120:15:54, 0.051s/step step= 1546000 episodes= 3220 eps=0.050 replay= 39936 loss=0.00002 ext100=0.000 total100=0.050
[train] 22:01:19<120:14:20, 0.051s/step step= 1548000 episodes= 3225 eps=0.050 replay= 39936 loss=0.00002 ext100=0.000 total100=0.050
[train] 22:03:02<120:12:43, 0.051s/step step= 1550000 episodes= 3229 eps=0.050 replay= 39936 loss=0.00001 ext100=0.000 total100=0.049
[train] 22:04:46<120:11:07, 0.051s/step step= 1552000 episodes= 3233 eps=0.050 replay= 39936 loss=0.00001 ext100=0.000 total100=0.049
[train] 22:06:30<120:09:33, 0.051s/step step= 1554000 episodes= 3237 eps=0.050 replay= 39936 loss=0.00003 ext100=0.000 total100=0.048
[train] 22:08:14<120:07:59, 0.051s/step step= 1556000 episodes= 3241 eps=0.050 replay= 39936 loss=0.00001 ext100=0.000 total100=0.047
[train] 22:09:57<120:06:20, 0.051s/step step= 1558000 episodes= 3245 eps=0.050 replay= 39936 loss=0.00001 ext100=0.000 total100=0.048
[eval] step=1560000 episodes=3250 mean_ext_return=0.000
[train] 22:11:56<120:06:10, 0.051s/step step= 1560000 episodes= 3250 eps=0.050 replay= 39936 loss=0.00001 ext100=0.000 total100=0.047
[train] 22:13:39<120:04:30, 0.051s/step step= 1562000 episodes= 3254 eps=0.050 replay= 39936 loss=0.00003 ext100=0.000 total100=0.047
[train] 22:15:23<120:02:53, 0.051s/step step= 1564000 episodes= 3258 eps=0.050 replay= 39936 loss=0.00001 ext100=0.000 total100=0.047
[train] 22:17:06<120:01:17, 0.051s/step step= 1566000 episodes= 3262 eps=0.050 replay= 39936 loss=0.00001 ext100=0.000 total100=0.046
[train] 22:18:50<119:59:42, 0.051s/step step= 1568000 episodes= 3266 eps=0.050 replay= 39936 loss=0.00001 ext100=0.000 total100=0.048
[train] 22:20:34<119:58:06, 0.051s/step step= 1570000 episodes= 3270 eps=0.050 replay= 39936 loss=0.00003 ext100=0.000 total100=0.049
[train] 22:22:17<119:56:29, 0.051s/step step= 1572000 episodes= 3275 eps=0.050 replay= 39936 loss=0.00001 ext100=0.000 total100=0.049
[train] 22:24:01<119:54:54, 0.051s/step step= 1574000 episodes= 3279 eps=0.050 replay= 39936 loss=0.00001 ext100=0.000 total100=0.049
[train] 22:25:45<119:53:20, 0.051s/step step= 1576000 episodes= 3283 eps=0.050 replay= 39936 loss=0.00001 ext100=0.000 total100=0.048
[train] 22:27:28<119:51:41, 0.051s/step step= 1578000 episodes= 3287 eps=0.050 replay= 39936 loss=0.00001 ext100=0.000 total100=0.048
[eval] step=1580000 episodes=3291 mean_ext_return=0.000
[train] 22:29:28<119:51:30, 0.051s/step step= 1580000 episodes= 3291 eps=0.050 replay= 39936 loss=0.00001 ext100=0.000 total100=0.049
[train] 22:31:11<119:49:50, 0.051s/step step= 1582000 episodes= 3295 eps=0.050 replay= 39936 loss=0.00001 ext100=0.000 total100=0.049
[train] 22:32:55<119:48:14, 0.051s/step step= 1584000 episodes= 3300 eps=0.050 replay= 39936 loss=0.00002 ext100=0.000 total100=0.049
[train] 22:34:38<119:46:37, 0.051s/step step= 1586000 episodes= 3304 eps=0.050 replay= 39936 loss=0.00003 ext100=0.000 total100=0.052
[train] 22:36:22<119:45:02, 0.051s/step step= 1588000 episodes= 3308 eps=0.050 replay= 39936 loss=0.00001 ext100=0.000 total100=0.052
[train] 22:38:06<119:43:26, 0.051s/step step= 1590000 episodes= 3312 eps=0.050 replay= 39936 loss=0.00002 ext100=0.000 total100=0.051
[train] 22:39:49<119:41:49, 0.051s/step step= 1592000 episodes= 3316 eps=0.050 replay= 39936 loss=0.00001 ext100=0.000 total100=0.052
[train] 22:41:33<119:40:13, 0.051s/step step= 1594000 episodes= 3320 eps=0.050 replay= 39936 loss=0.00002 ext100=0.000 total100=0.053
[train] 22:43:17<119:38:38, 0.051s/step step= 1596000 episodes= 3325 eps=0.050 replay= 39936 loss=0.00001 ext100=0.000 total100=0.053
[train] 22:45:00<119:36:58, 0.051s/step step= 1598000 episodes= 3329 eps=0.050 replay= 39936 loss=0.00001 ext100=0.000 total100=0.052
[eval] step=1600000 episodes=3333 mean_ext_return=0.000
[train] 22:47:00<119:36:46, 0.051s/step step= 1600000 episodes= 3333 eps=0.050 replay= 39936 loss=0.00001 ext100=0.000 total100=0.053
[train] 22:48:43<119:35:06, 0.051s/step step= 1602000 episodes= 3337 eps=0.050 replay= 39936 loss=0.00002 ext100=0.000 total100=0.054
[train] 22:50:26<119:33:29, 0.051s/step step= 1604000 episodes= 3341 eps=0.050 replay= 39936 loss=0.00001 ext100=0.000 total100=0.055
[train] 22:52:10<119:31:52, 0.051s/step step= 1606000 episodes= 3345 eps=0.050 replay= 39936 loss=0.00000 ext100=0.000 total100=0.055
[train] 22:53:54<119:30:17, 0.051s/step step= 1608000 episodes= 3350 eps=0.050 replay= 39936 loss=0.00001 ext100=0.000 total100=0.056
[train] 22:55:37<119:28:39, 0.051s/step step= 1610000 episodes= 3354 eps=0.050 replay= 39936 loss=0.00002 ext100=0.000 total100=0.055
[train] 22:57:21<119:27:03, 0.051s/step step= 1612000 episodes= 3358 eps=0.050 replay= 39936 loss=0.00001 ext100=0.000 total100=0.054
[train] 22:59:05<119:25:27, 0.051s/step step= 1614000 episodes= 3362 eps=0.050 replay= 39936 loss=0.00001 ext100=0.000 total100=0.054
[train] 23:00:49<119:23:52, 0.051s/step step= 1616000 episodes= 3366 eps=0.050 replay= 39936 loss=0.00001 ext100=0.000 total100=0.052
[train] 23:02:32<119:22:13, 0.051s/step step= 1618000 episodes= 3370 eps=0.050 replay= 39936 loss=0.00002 ext100=0.000 total100=0.051
[eval] step=1620000 episodes=3375 mean_ext_return=0.000
[train] 23:04:32<119:21:58, 0.051s/step step= 1620000 episodes= 3375 eps=0.050 replay= 39936 loss=0.00002 ext100=0.000 total100=0.051
[train] 23:06:15<119:20:18, 0.051s/step step= 1622000 episodes= 3379 eps=0.050 replay= 39936 loss=0.00002 ext100=0.000 total100=0.052
[train] 23:07:58<119:18:40, 0.051s/step step= 1624000 episodes= 3383 eps=0.050 replay= 39936 loss=0.00002 ext100=0.000 total100=0.053
[train] 23:09:42<119:17:03, 0.051s/step step= 1626000 episodes= 3387 eps=0.050 replay= 39936 loss=0.00002 ext100=0.000 total100=0.053
[train] 23:11:26<119:15:27, 0.051s/step step= 1628000 episodes= 3391 eps=0.050 replay= 39936 loss=0.00001 ext100=0.000 total100=0.053
[train] 23:13:09<119:13:49, 0.051s/step step= 1630000 episodes= 3395 eps=0.050 replay= 39936 loss=0.00001 ext100=0.000 total100=0.054
[train] 23:14:53<119:12:12, 0.051s/step step= 1632000 episodes= 3400 eps=0.050 replay= 39936 loss=0.00001 ext100=0.000 total100=0.053
[train] 23:16:37<119:10:36, 0.051s/step step= 1634000 episodes= 3404 eps=0.050 replay= 39936 loss=0.00003 ext100=0.000 total100=0.053
[train] 23:18:21<119:09:02, 0.051s/step step= 1636000 episodes= 3408 eps=0.050 replay= 39936 loss=0.00004 ext100=0.000 total100=0.054
[train] 23:20:04<119:07:21, 0.051s/step step= 1638000 episodes= 3412 eps=0.050 replay= 39936 loss=0.00003 ext100=0.000 total100=0.055
[eval] step=1640000 episodes=3416 mean_ext_return=0.000
[train] 23:22:03<119:07:06, 0.051s/step step= 1640000 episodes= 3416 eps=0.050 replay= 39936 loss=0.00002 ext100=0.000 total100=0.055
[train] 23:23:47<119:05:26, 0.051s/step step= 1642000 episodes= 3420 eps=0.050 replay= 39936 loss=0.00003 ext100=0.000 total100=0.055
[train] 23:25:30<119:03:48, 0.051s/step step= 1644000 episodes= 3425 eps=0.050 replay= 39936 loss=0.00002 ext100=0.000 total100=0.053
[train] 23:27:14<119:02:11, 0.051s/step step= 1646000 episodes= 3429 eps=0.050 replay= 39936 loss=0.00002 ext100=0.000 total100=0.053
[train] 23:28:58<119:00:36, 0.051s/step step= 1648000 episodes= 3433 eps=0.050 replay= 39936 loss=0.00002 ext100=0.000 total100=0.054
[train] 23:30:41<118:58:58, 0.051s/step step= 1650000 episodes= 3437 eps=0.050 replay= 39936 loss=0.00002 ext100=0.000 total100=0.055
[train] 23:32:25<118:57:20, 0.051s/step step= 1652000 episodes= 3441 eps=0.050 replay= 39936 loss=0.00003 ext100=0.000 total100=0.055
[train] 23:34:09<118:55:45, 0.051s/step step= 1654000 episodes= 3445 eps=0.050 replay= 39936 loss=0.00001 ext100=0.000 total100=0.053
[train] 23:35:53<118:54:09, 0.051s/step step= 1656000 episodes= 3450 eps=0.050 replay= 39936 loss=0.00003 ext100=0.000 total100=0.053
[train] 23:37:36<118:52:28, 0.051s/step step= 1658000 episodes= 3454 eps=0.050 replay= 39936 loss=0.00002 ext100=0.000 total100=0.054
[eval] step=1660000 episodes=3458 mean_ext_return=0.000
[train] 23:39:35<118:52:11, 0.051s/step step= 1660000 episodes= 3458 eps=0.050 replay= 39936 loss=0.00002 ext100=0.000 total100=0.053
[train] 23:41:18<118:50:30, 0.051s/step step= 1662000 episodes= 3462 eps=0.050 replay= 39936 loss=0.00001 ext100=0.000 total100=0.054
[train] 23:43:02<118:48:52, 0.051s/step step= 1664000 episodes= 3466 eps=0.050 replay= 39936 loss=0.00001 ext100=0.000 total100=0.056
[train] 23:44:45<118:47:14, 0.051s/step step= 1666000 episodes= 3470 eps=0.050 replay= 39936 loss=0.00003 ext100=0.000 total100=0.057
[train] 23:46:29<118:45:38, 0.051s/step step= 1668000 episodes= 3475 eps=0.050 replay= 39936 loss=0.00001 ext100=0.000 total100=0.058
[train] 23:48:13<118:44:00, 0.051s/step step= 1670000 episodes= 3479 eps=0.050 replay= 39936 loss=0.00001 ext100=0.000 total100=0.057
[train] 23:49:57<118:42:22, 0.051s/step step= 1672000 episodes= 3483 eps=0.050 replay= 39936 loss=0.00001 ext100=0.000 total100=0.056
[train] 23:51:41<118:40:47, 0.051s/step step= 1674000 episodes= 3487 eps=0.050 replay= 39936 loss=0.00002 ext100=0.000 total100=0.056
[train] 23:53:25<118:39:11, 0.051s/step step= 1676000 episodes= 3491 eps=0.050 replay= 39936 loss=0.00001 ext100=0.000 total100=0.055
[train] 23:55:08<118:37:31, 0.051s/step step= 1678000 episodes= 3495 eps=0.050 replay= 39936 loss=0.00001 ext100=0.000 total100=0.054
[eval] step=1680000 episodes=3500 mean_ext_return=0.000
[train] 23:57:07<118:37:12, 0.051s/step step= 1680000 episodes= 3500 eps=0.050 replay= 39936 loss=0.00001 ext100=0.000 total100=0.055
[train] 23:58:50<118:35:31, 0.051s/step step= 1682000 episodes= 3504 eps=0.050 replay= 39936 loss=0.00002 ext100=0.000 total100=0.056
[train] 24:00:34<118:33:52, 0.051s/step step= 1684000 episodes= 3508 eps=0.050 replay= 39936 loss=0.00001 ext100=0.000 total100=0.057
[train] 24:02:17<118:32:14, 0.051s/step step= 1686000 episodes= 3512 eps=0.050 replay= 39936 loss=0.00001 ext100=0.000 total100=0.057
[train] 24:04:01<118:30:38, 0.051s/step step= 1688000 episodes= 3516 eps=0.050 replay= 39936 loss=0.00001 ext100=0.000 total100=0.057
[train] 24:05:45<118:29:00, 0.051s/step step= 1690000 episodes= 3520 eps=0.050 replay= 39936 loss=0.00002 ext100=0.000 total100=0.057
[train] 24:07:28<118:27:21, 0.051s/step step= 1692000 episodes= 3525 eps=0.050 replay= 39936 loss=0.00002 ext100=0.000 total100=0.058
[train] 24:09:12<118:25:44, 0.051s/step step= 1694000 episodes= 3529 eps=0.050 replay= 39936 loss=0.00001 ext100=0.000 total100=0.058
[train] 24:10:56<118:24:08, 0.051s/step step= 1696000 episodes= 3533 eps=0.050 replay= 39936 loss=0.00001 ext100=0.000 total100=0.057
[train] 24:12:39<118:22:28, 0.051s/step step= 1698000 episodes= 3537 eps=0.050 replay= 39936 loss=0.00001 ext100=0.000 total100=0.055
[eval] step=1700000 episodes=3541 mean_ext_return=0.000
[train] 24:14:39<118:22:08, 0.051s/step step= 1700000 episodes= 3541 eps=0.050 replay= 39936 loss=0.00001 ext100=0.000 total100=0.054
[train] 24:16:22<118:20:28, 0.051s/step step= 1702000 episodes= 3545 eps=0.050 replay= 39936 loss=0.00001 ext100=0.000 total100=0.056
[train] 24:18:05<118:18:49, 0.051s/step step= 1704000 episodes= 3550 eps=0.050 replay= 39936 loss=0.00001 ext100=0.000 total100=0.055
[train] 24:19:49<118:17:10, 0.051s/step step= 1706000 episodes= 3554 eps=0.050 replay= 39936 loss=0.00003 ext100=0.000 total100=0.055
[train] 24:21:33<118:15:34, 0.051s/step step= 1708000 episodes= 3558 eps=0.050 replay= 39936 loss=0.00001 ext100=0.000 total100=0.054
[train] 24:23:16<118:13:55, 0.051s/step step= 1710000 episodes= 3562 eps=0.050 replay= 39936 loss=0.00001 ext100=0.000 total100=0.053
[train] 24:25:00<118:12:17, 0.051s/step step= 1712000 episodes= 3566 eps=0.050 replay= 39936 loss=0.00001 ext100=0.000 total100=0.053
[train] 24:26:44<118:10:40, 0.051s/step step= 1714000 episodes= 3570 eps=0.050 replay= 39936 loss=0.00003 ext100=0.000 total100=0.053
[train] 24:28:28<118:09:04, 0.051s/step step= 1716000 episodes= 3575 eps=0.050 replay= 39936 loss=0.00002 ext100=0.000 total100=0.053
[train] 24:30:11<118:07:23, 0.051s/step step= 1718000 episodes= 3579 eps=0.050 replay= 39936 loss=0.00001 ext100=0.000 total100=0.053
[eval] step=1720000 episodes=3583 mean_ext_return=0.000
[train] 24:32:11<118:07:02, 0.051s/step step= 1720000 episodes= 3583 eps=0.050 replay= 39936 loss=0.00001 ext100=0.000 total100=0.053
[train] 24:33:54<118:05:21, 0.051s/step step= 1722000 episodes= 3587 eps=0.050 replay= 39936 loss=0.00002 ext100=0.000 total100=0.052
[train] 24:35:37<118:03:42, 0.051s/step step= 1724000 episodes= 3591 eps=0.050 replay= 39936 loss=0.00001 ext100=0.000 total100=0.052
[train] 24:37:21<118:02:04, 0.051s/step step= 1726000 episodes= 3595 eps=0.050 replay= 39936 loss=0.00001 ext100=0.000 total100=0.053
[train] 24:39:05<118:00:28, 0.051s/step step= 1728000 episodes= 3600 eps=0.050 replay= 39936 loss=0.00002 ext100=0.000 total100=0.053
[train] 24:40:49<117:58:49, 0.051s/step step= 1730000 episodes= 3604 eps=0.050 replay= 39936 loss=0.00004 ext100=0.000 total100=0.053
[train] 24:42:32<117:57:10, 0.051s/step step= 1732000 episodes= 3608 eps=0.050 replay= 39936 loss=0.00001 ext100=0.000 total100=0.051
[train] 24:44:16<117:55:33, 0.051s/step step= 1734000 episodes= 3612 eps=0.050 replay= 39936 loss=0.00001 ext100=0.000 total100=0.051
[train] 24:46:00<117:53:57, 0.051s/step step= 1736000 episodes= 3616 eps=0.050 replay= 39936 loss=0.00001 ext100=0.000 total100=0.050
[train] 24:47:43<117:52:15, 0.051s/step step= 1738000 episodes= 3620 eps=0.050 replay= 39936 loss=0.00002 ext100=0.000 total100=0.051
[eval] step=1740000 episodes=3625 mean_ext_return=0.000
[train] 24:49:43<117:51:53, 0.051s/step step= 1740000 episodes= 3625 eps=0.050 replay= 39936 loss=0.00001 ext100=0.000 total100=0.051
[train] 24:51:26<117:50:11, 0.051s/step step= 1742000 episodes= 3629 eps=0.050 replay= 39936 loss=0.00001 ext100=0.000 total100=0.051
[train] 24:53:09<117:48:32, 0.051s/step step= 1744000 episodes= 3633 eps=0.050 replay= 39936 loss=0.00001 ext100=0.000 total100=0.051
[train] 24:54:53<117:46:53, 0.051s/step step= 1746000 episodes= 3637 eps=0.050 replay= 39936 loss=0.00003 ext100=0.000 total100=0.051
[train] 24:56:37<117:45:16, 0.051s/step step= 1748000 episodes= 3641 eps=0.050 replay= 39936 loss=0.00001 ext100=0.000 total100=0.051
[train] 24:58:20<117:43:36, 0.051s/step step= 1750000 episodes= 3645 eps=0.050 replay= 39936 loss=0.00001 ext100=0.000 total100=0.051
[train] 25:00:04<117:41:58, 0.051s/step step= 1752000 episodes= 3650 eps=0.050 replay= 39936 loss=0.00001 ext100=0.000 total100=0.052
[train] 25:01:48<117:40:20, 0.051s/step step= 1754000 episodes= 3654 eps=0.050 replay= 39936 loss=0.00003 ext100=0.000 total100=0.053
[train] 25:03:31<117:38:43, 0.051s/step step= 1756000 episodes= 3658 eps=0.050 replay= 39936 loss=0.00001 ext100=0.000 total100=0.055
[train] 25:05:15<117:37:02, 0.051s/step step= 1758000 episodes= 3662 eps=0.050 replay= 39936 loss=0.00001 ext100=0.000 total100=0.055
[eval] step=1760000 episodes=3666 mean_ext_return=0.000
[train] 25:07:14<117:36:38, 0.051s/step step= 1760000 episodes= 3666 eps=0.050 replay= 39936 loss=0.00001 ext100=0.000 total100=0.056
[train] 25:08:57<117:34:57, 0.051s/step step= 1762000 episodes= 3670 eps=0.050 replay= 39936 loss=0.00003 ext100=0.000 total100=0.056
[train] 25:10:41<117:33:18, 0.051s/step step= 1764000 episodes= 3675 eps=0.050 replay= 39936 loss=0.00002 ext100=0.000 total100=0.056
[train] 25:12:24<117:31:38, 0.051s/step step= 1766000 episodes= 3679 eps=0.050 replay= 39936 loss=0.00001 ext100=0.000 total100=0.055
[train] 25:14:08<117:30:01, 0.051s/step step= 1768000 episodes= 3683 eps=0.050 replay= 39936 loss=0.00001 ext100=0.000 total100=0.055
[train] 25:15:52<117:28:21, 0.051s/step step= 1770000 episodes= 3687 eps=0.050 replay= 39936 loss=0.00002 ext100=0.000 total100=0.056
[train] 25:17:35<117:26:42, 0.051s/step step= 1772000 episodes= 3691 eps=0.050 replay= 39936 loss=0.00001 ext100=0.000 total100=0.057
[train] 25:19:19<117:25:05, 0.051s/step step= 1774000 episodes= 3695 eps=0.050 replay= 39936 loss=0.00001 ext100=0.000 total100=0.057
[train] 25:21:03<117:23:28, 0.051s/step step= 1776000 episodes= 3700 eps=0.050 replay= 39936 loss=0.00002 ext100=0.000 total100=0.057
[train] 25:22:46<117:21:47, 0.051s/step step= 1778000 episodes= 3704 eps=0.050 replay= 39936 loss=0.00003 ext100=0.000 total100=0.057
[eval] step=1780000 episodes=3708 mean_ext_return=0.000
[train] 25:24:46<117:21:22, 0.051s/step step= 1780000 episodes= 3708 eps=0.050 replay= 39936 loss=0.00001 ext100=0.000 total100=0.058
[train] 25:26:29<117:19:40, 0.051s/step step= 1782000 episodes= 3712 eps=0.050 replay= 39936 loss=0.00001 ext100=0.000 total100=0.058
[train] 25:28:13<117:18:01, 0.051s/step step= 1784000 episodes= 3716 eps=0.050 replay= 39936 loss=0.00001 ext100=0.000 total100=0.058
[train] 25:29:56<117:16:22, 0.051s/step step= 1786000 episodes= 3720 eps=0.050 replay= 39936 loss=0.00002 ext100=0.000 total100=0.057
[train] 25:31:40<117:14:45, 0.051s/step step= 1788000 episodes= 3725 eps=0.050 replay= 39936 loss=0.00002 ext100=0.000 total100=0.058
[train] 25:33:24<117:13:06, 0.051s/step step= 1790000 episodes= 3729 eps=0.050 replay= 39936 loss=0.00002 ext100=0.000 total100=0.058
[train] 25:35:08<117:11:27, 0.051s/step step= 1792000 episodes= 3733 eps=0.050 replay= 39936 loss=0.00001 ext100=0.000 total100=0.058
[train] 25:36:51<117:09:49, 0.051s/step step= 1794000 episodes= 3737 eps=0.050 replay= 39936 loss=0.00002 ext100=0.000 total100=0.059
[train] 25:38:35<117:08:12, 0.051s/step step= 1796000 episodes= 3741 eps=0.050 replay= 39936 loss=0.00001 ext100=0.000 total100=0.061
[train] 25:40:18<117:06:30, 0.051s/step step= 1798000 episodes= 3745 eps=0.050 replay= 39936 loss=0.00001 ext100=0.000 total100=0.061
[eval] step=1800000 episodes=3750 mean_ext_return=0.000
[train] 25:42:18<117:06:04, 0.051s/step step= 1800000 episodes= 3750 eps=0.050 replay= 39936 loss=0.00002 ext100=0.000 total100=0.061
[train] 25:44:01<117:04:22, 0.051s/step step= 1802000 episodes= 3754 eps=0.050 replay= 39936 loss=0.00006 ext100=0.000 total100=0.060
[train] 25:45:45<117:02:43, 0.051s/step step= 1804000 episodes= 3758 eps=0.050 replay= 39936 loss=0.00001 ext100=0.000 total100=0.059
[train] 25:47:28<117:01:03, 0.051s/step step= 1806000 episodes= 3762 eps=0.050 replay= 39936 loss=0.00001 ext100=0.000 total100=0.059
[train] 25:49:12<116:59:25, 0.051s/step step= 1808000 episodes= 3766 eps=0.050 replay= 39936 loss=0.00001 ext100=0.000 total100=0.057
[train] 25:50:56<116:57:46, 0.051s/step step= 1810000 episodes= 3770 eps=0.050 replay= 39936 loss=0.00003 ext100=0.000 total100=0.055
[train] 25:52:39<116:56:07, 0.051s/step step= 1812000 episodes= 3775 eps=0.050 replay= 39936 loss=0.00001 ext100=0.000 total100=0.054
[train] 25:54:23<116:54:28, 0.051s/step step= 1814000 episodes= 3779 eps=0.050 replay= 39936 loss=0.00001 ext100=0.000 total100=0.055
[train] 25:56:07<116:52:50, 0.051s/step step= 1816000 episodes= 3783 eps=0.050 replay= 39936 loss=0.00001 ext100=0.000 total100=0.054
[train] 25:57:50<116:51:09, 0.051s/step step= 1818000 episodes= 3787 eps=0.050 replay= 39936 loss=0.00003 ext100=0.000 total100=0.051
[eval] step=1820000 episodes=3791 mean_ext_return=0.000
[train] 25:59:50<116:50:41, 0.051s/step step= 1820000 episodes= 3791 eps=0.050 replay= 39936 loss=0.00001 ext100=0.000 total100=0.050
[train] 26:01:33<116:48:59, 0.051s/step step= 1822000 episodes= 3795 eps=0.050 replay= 39936 loss=0.00002 ext100=0.000 total100=0.049
[train] 26:03:16<116:47:19, 0.051s/step step= 1824000 episodes= 3800 eps=0.050 replay= 39936 loss=0.00001 ext100=0.000 total100=0.048
[train] 26:05:00<116:45:39, 0.051s/step step= 1826000 episodes= 3804 eps=0.050 replay= 39936 loss=0.00002 ext100=0.000 total100=0.047
[train] 26:06:44<116:44:02, 0.051s/step step= 1828000 episodes= 3808 eps=0.050 replay= 39936 loss=0.00001 ext100=0.000 total100=0.043
[train] 26:08:27<116:42:22, 0.051s/step step= 1830000 episodes= 3812 eps=0.050 replay= 39936 loss=0.00001 ext100=0.000 total100=0.041
[train] 26:10:11<116:40:43, 0.051s/step step= 1832000 episodes= 3816 eps=0.050 replay= 39936 loss=0.00001 ext100=0.000 total100=0.041
[train] 26:11:55<116:39:04, 0.051s/step step= 1834000 episodes= 3820 eps=0.050 replay= 39936 loss=0.00003 ext100=0.000 total100=0.042
[train] 26:13:39<116:37:27, 0.051s/step step= 1836000 episodes= 3825 eps=0.050 replay= 39936 loss=0.00001 ext100=0.000 total100=0.041
[train] 26:15:22<116:35:45, 0.051s/step step= 1838000 episodes= 3829 eps=0.050 replay= 39936 loss=0.00001 ext100=0.000 total100=0.040
[eval] step=1840000 episodes=3833 mean_ext_return=0.000
[train] 26:17:21<116:35:16, 0.051s/step step= 1840000 episodes= 3833 eps=0.050 replay= 39936 loss=0.00001 ext100=0.000 total100=0.041
[train] 26:19:05<116:33:34, 0.051s/step step= 1842000 episodes= 3837 eps=0.050 replay= 39936 loss=0.00005 ext100=0.000 total100=0.040
[train] 26:20:48<116:31:55, 0.051s/step step= 1844000 episodes= 3841 eps=0.050 replay= 39936 loss=0.00002 ext100=0.000 total100=0.038
[train] 26:22:32<116:30:15, 0.051s/step step= 1846000 episodes= 3845 eps=0.050 replay= 39936 loss=0.00001 ext100=0.000 total100=0.038
[train] 26:24:16<116:28:36, 0.051s/step step= 1848000 episodes= 3850 eps=0.050 replay= 39936 loss=0.00001 ext100=0.000 total100=0.039
[train] 26:25:59<116:26:56, 0.051s/step step= 1850000 episodes= 3854 eps=0.050 replay= 39936 loss=0.00002 ext100=0.000 total100=0.039
[train] 26:27:43<116:25:17, 0.051s/step step= 1852000 episodes= 3858 eps=0.050 replay= 39936 loss=0.00001 ext100=0.000 total100=0.038
[train] 26:29:27<116:23:39, 0.051s/step step= 1854000 episodes= 3862 eps=0.050 replay= 39936 loss=0.00001 ext100=0.000 total100=0.038
[train] 26:31:11<116:22:01, 0.051s/step step= 1856000 episodes= 3866 eps=0.050 replay= 39936 loss=0.00001 ext100=0.000 total100=0.039
[train] 26:32:54<116:20:20, 0.051s/step step= 1858000 episodes= 3870 eps=0.050 replay= 39936 loss=0.00002 ext100=0.000 total100=0.041
[eval] step=1860000 episodes=3875 mean_ext_return=0.000
[train] 26:34:54<116:19:50, 0.051s/step step= 1860000 episodes= 3875 eps=0.050 replay= 39936 loss=0.00002 ext100=0.000 total100=0.043
[train] 26:36:37<116:18:08, 0.051s/step step= 1862000 episodes= 3879 eps=0.050 replay= 39936 loss=0.00001 ext100=0.000 total100=0.043
[train] 26:38:20<116:16:27, 0.051s/step step= 1864000 episodes= 3883 eps=0.050 replay= 39936 loss=0.00001 ext100=0.000 total100=0.044
[train] 26:40:04<116:14:47, 0.051s/step step= 1866000 episodes= 3887 eps=0.050 replay= 39936 loss=0.00003 ext100=0.000 total100=0.046
[train] 26:41:48<116:13:10, 0.051s/step step= 1868000 episodes= 3891 eps=0.050 replay= 39936 loss=0.00001 ext100=0.000 total100=0.046
[train] 26:43:31<116:11:30, 0.051s/step step= 1870000 episodes= 3895 eps=0.050 replay= 39936 loss=0.00001 ext100=0.000 total100=0.046
[train] 26:45:15<116:09:51, 0.051s/step step= 1872000 episodes= 3900 eps=0.050 replay= 39936 loss=0.00001 ext100=0.000 total100=0.047
[train] 26:46:59<116:08:12, 0.051s/step step= 1874000 episodes= 3904 eps=0.050 replay= 39936 loss=0.00002 ext100=0.000 total100=0.048
[train] 26:48:43<116:06:34, 0.051s/step step= 1876000 episodes= 3908 eps=0.050 replay= 39936 loss=0.00001 ext100=0.000 total100=0.051
[train] 26:50:26<116:04:53, 0.051s/step step= 1878000 episodes= 3912 eps=0.050 replay= 39936 loss=0.00001 ext100=0.000 total100=0.053
[eval] step=1880000 episodes=3916 mean_ext_return=0.000
[train] 26:52:26<116:04:21, 0.051s/step step= 1880000 episodes= 3916 eps=0.050 replay= 39936 loss=0.00001 ext100=0.000 total100=0.054
[train] 26:54:09<116:02:40, 0.051s/step step= 1882000 episodes= 3920 eps=0.050 replay= 39936 loss=0.00002 ext100=0.000 total100=0.054
[train] 26:55:53<116:01:00, 0.051s/step step= 1884000 episodes= 3925 eps=0.050 replay= 39936 loss=0.00001 ext100=0.000 total100=0.054
[train] 26:57:36<115:59:19, 0.051s/step step= 1886000 episodes= 3929 eps=0.050 replay= 39936 loss=0.00001 ext100=0.000 total100=0.055
[train] 26:59:20<115:57:42, 0.051s/step step= 1888000 episodes= 3933 eps=0.050 replay= 39936 loss=0.00001 ext100=0.000 total100=0.055
[train] 27:01:04<115:56:01, 0.051s/step step= 1890000 episodes= 3937 eps=0.050 replay= 39936 loss=0.00003 ext100=0.000 total100=0.056
[train] 27:02:48<115:54:22, 0.051s/step step= 1892000 episodes= 3941 eps=0.050 replay= 39936 loss=0.00001 ext100=0.000 total100=0.055
[train] 27:04:31<115:52:43, 0.051s/step step= 1894000 episodes= 3945 eps=0.050 replay= 39936 loss=0.00001 ext100=0.000 total100=0.054
[train] 27:06:15<115:51:05, 0.051s/step step= 1896000 episodes= 3950 eps=0.050 replay= 39936 loss=0.00001 ext100=0.000 total100=0.053
[train] 27:07:59<115:49:23, 0.051s/step step= 1898000 episodes= 3954 eps=0.050 replay= 39936 loss=0.00002 ext100=0.000 total100=0.053
[eval] step=1900000 episodes=3958 mean_ext_return=0.000
[train] 27:09:58<115:48:50, 0.051s/step step= 1900000 episodes= 3958 eps=0.050 replay= 39936 loss=0.00001 ext100=0.000 total100=0.054
[train] 27:11:41<115:47:09, 0.051s/step step= 1902000 episodes= 3962 eps=0.050 replay= 39936 loss=0.00001 ext100=0.000 total100=0.054
[train] 27:13:25<115:45:29, 0.051s/step step= 1904000 episodes= 3966 eps=0.050 replay= 39936 loss=0.00001 ext100=0.000 total100=0.053
[train] 27:15:08<115:43:48, 0.051s/step step= 1906000 episodes= 3970 eps=0.050 replay= 39936 loss=0.00003 ext100=0.000 total100=0.054
[train] 27:16:52<115:42:10, 0.051s/step step= 1908000 episodes= 3975 eps=0.050 replay= 39936 loss=0.00001 ext100=0.000 total100=0.053
[train] 27:18:36<115:40:29, 0.051s/step step= 1910000 episodes= 3979 eps=0.050 replay= 39936 loss=0.00001 ext100=0.000 total100=0.054
[train] 27:20:20<115:38:50, 0.051s/step step= 1912000 episodes= 3983 eps=0.050 replay= 39936 loss=0.00001 ext100=0.000 total100=0.054
[train] 27:22:04<115:37:10, 0.051s/step step= 1914000 episodes= 3987 eps=0.050 replay= 39936 loss=0.00002 ext100=0.000 total100=0.053
[train] 27:23:47<115:35:31, 0.051s/step step= 1916000 episodes= 3991 eps=0.050 replay= 39936 loss=0.00001 ext100=0.000 total100=0.053
[train] 27:25:31<115:33:49, 0.051s/step step= 1918000 episodes= 3995 eps=0.050 replay= 39936 loss=0.00001 ext100=0.000 total100=0.053
[eval] step=1920000 episodes=4000 mean_ext_return=0.000
[train] 27:27:30<115:33:16, 0.051s/step step= 1920000 episodes= 4000 eps=0.050 replay= 39936 loss=0.00001 ext100=0.000 total100=0.053
[train] 27:29:13<115:31:34, 0.051s/step step= 1922000 episodes= 4004 eps=0.050 replay= 39936 loss=0.00003 ext100=0.000 total100=0.052
[train] 27:30:57<115:29:53, 0.051s/step step= 1924000 episodes= 4008 eps=0.050 replay= 39936 loss=0.00002 ext100=0.000 total100=0.052
[train] 27:32:40<115:28:13, 0.051s/step step= 1926000 episodes= 4012 eps=0.050 replay= 39936 loss=0.00001 ext100=0.000 total100=0.052
[train] 27:34:24<115:26:34, 0.051s/step step= 1928000 episodes= 4016 eps=0.050 replay= 39936 loss=0.00001 ext100=0.000 total100=0.052
[train] 27:36:08<115:24:53, 0.051s/step step= 1930000 episodes= 4020 eps=0.050 replay= 39936 loss=0.00002 ext100=0.000 total100=0.051
[train] 27:37:52<115:23:14, 0.051s/step step= 1932000 episodes= 4025 eps=0.050 replay= 39936 loss=0.00001 ext100=0.000 total100=0.053
[train] 27:39:35<115:21:34, 0.051s/step step= 1934000 episodes= 4029 eps=0.050 replay= 39936 loss=0.00001 ext100=0.000 total100=0.052
[train] 27:41:19<115:19:55, 0.051s/step step= 1936000 episodes= 4033 eps=0.050 replay= 39936 loss=0.00001 ext100=0.000 total100=0.051
[train] 27:43:03<115:18:14, 0.051s/step step= 1938000 episodes= 4037 eps=0.050 replay= 39936 loss=0.00003 ext100=0.000 total100=0.050
[eval] step=1940000 episodes=4041 mean_ext_return=0.000
[train] 27:45:02<115:17:38, 0.051s/step step= 1940000 episodes= 4041 eps=0.050 replay= 39936 loss=0.00001 ext100=0.000 total100=0.050
[train] 27:46:45<115:15:56, 0.051s/step step= 1942000 episodes= 4045 eps=0.050 replay= 39936 loss=0.00001 ext100=0.000 total100=0.050
[train] 27:48:29<115:14:15, 0.051s/step step= 1944000 episodes= 4050 eps=0.050 replay= 39936 loss=0.00002 ext100=0.000 total100=0.050
[train] 27:50:12<115:12:34, 0.051s/step step= 1946000 episodes= 4054 eps=0.050 replay= 39936 loss=0.00001 ext100=0.000 total100=0.050
[train] 27:51:56<115:10:55, 0.051s/step step= 1948000 episodes= 4058 eps=0.050 replay= 39936 loss=0.00001 ext100=0.000 total100=0.050
[train] 27:53:40<115:09:15, 0.051s/step step= 1950000 episodes= 4062 eps=0.050 replay= 39936 loss=0.00001 ext100=0.000 total100=0.049
[train] 27:55:24<115:07:35, 0.051s/step step= 1952000 episodes= 4066 eps=0.050 replay= 39936 loss=0.00001 ext100=0.000 total100=0.049
[train] 27:57:07<115:05:55, 0.051s/step step= 1954000 episodes= 4070 eps=0.050 replay= 39936 loss=0.00002 ext100=0.000 total100=0.047
[train] 27:58:51<115:04:16, 0.051s/step step= 1956000 episodes= 4075 eps=0.050 replay= 39936 loss=0.00001 ext100=0.000 total100=0.047
[train] 28:00:35<115:02:35, 0.051s/step step= 1958000 episodes= 4079 eps=0.050 replay= 39936 loss=0.00001 ext100=0.000 total100=0.046
[eval] step=1960000 episodes=4083 mean_ext_return=0.000
[train] 28:02:34<115:01:58, 0.052s/step step= 1960000 episodes= 4083 eps=0.050 replay= 39936 loss=0.00001 ext100=0.000 total100=0.045
[train] 28:04:17<115:00:16, 0.052s/step step= 1962000 episodes= 4087 eps=0.050 replay= 39936 loss=0.00002 ext100=0.000 total100=0.045
[train] 28:06:01<114:58:35, 0.052s/step step= 1964000 episodes= 4091 eps=0.050 replay= 39936 loss=0.00001 ext100=0.000 total100=0.045
[train] 28:07:44<114:56:55, 0.052s/step step= 1966000 episodes= 4095 eps=0.050 replay= 39936 loss=0.00001 ext100=0.000 total100=0.046
[train] 28:09:28<114:55:15, 0.052s/step step= 1968000 episodes= 4100 eps=0.050 replay= 39936 loss=0.00001 ext100=0.000 total100=0.043
[train] 28:11:12<114:53:35, 0.052s/step step= 1970000 episodes= 4104 eps=0.050 replay= 39936 loss=0.00002 ext100=0.000 total100=0.042
[train] 28:12:55<114:51:54, 0.052s/step step= 1972000 episodes= 4108 eps=0.050 replay= 39936 loss=0.00001 ext100=0.000 total100=0.044
[train] 28:14:39<114:50:15, 0.052s/step step= 1974000 episodes= 4112 eps=0.050 replay= 39936 loss=0.00001 ext100=0.000 total100=0.044
[train] 28:16:23<114:48:36, 0.052s/step step= 1976000 episodes= 4116 eps=0.050 replay= 39936 loss=0.00001 ext100=0.000 total100=0.043
[train] 28:18:07<114:46:54, 0.052s/step step= 1978000 episodes= 4120 eps=0.050 replay= 39936 loss=0.00001 ext100=0.000 total100=0.044
[eval] step=1980000 episodes=4125 mean_ext_return=0.000
[train] 28:20:06<114:46:16, 0.052s/step step= 1980000 episodes= 4125 eps=0.050 replay= 39936 loss=0.00001 ext100=0.000 total100=0.042
[train] 28:21:49<114:44:34, 0.052s/step step= 1982000 episodes= 4129 eps=0.050 replay= 39936 loss=0.00001 ext100=0.000 total100=0.042
[train] 28:23:32<114:42:53, 0.052s/step step= 1984000 episodes= 4133 eps=0.050 replay= 39936 loss=0.00001 ext100=0.000 total100=0.043
[train] 28:25:16<114:41:12, 0.052s/step step= 1986000 episodes= 4137 eps=0.050 replay= 39936 loss=0.00002 ext100=0.000 total100=0.044
[train] 28:27:01<114:39:38, 0.052s/step step= 1988000 episodes= 4141 eps=0.050 replay= 39936 loss=0.00001 ext100=0.000 total100=0.045
[train] 28:28:45<114:37:56, 0.052s/step step= 1990000 episodes= 4145 eps=0.050 replay= 39936 loss=0.00001 ext100=0.000 total100=0.045
[train] 28:30:28<114:36:16, 0.052s/step step= 1992000 episodes= 4150 eps=0.050 replay= 39936 loss=0.00001 ext100=0.000 total100=0.045
[train] 28:32:12<114:34:36, 0.052s/step step= 1994000 episodes= 4154 eps=0.050 replay= 39936 loss=0.00003 ext100=0.000 total100=0.045
[train] 28:33:56<114:32:57, 0.052s/step step= 1996000 episodes= 4158 eps=0.050 replay= 39936 loss=0.00001 ext100=0.000 total100=0.045
[train] 28:35:40<114:31:15, 0.052s/step step= 1998000 episodes= 4162 eps=0.050 replay= 39936 loss=0.00001 ext100=0.000 total100=0.046
[eval] step=2000000 episodes=4166 mean_ext_return=0.000
[train] 28:37:39<114:30:36, 0.052s/step step= 2000000 episodes= 4166 eps=0.050 replay= 39936 loss=0.00001 ext100=0.000 total100=0.048
[train] 28:39:22<114:28:54, 0.052s/step step= 2002000 episodes= 4170 eps=0.050 replay= 39936 loss=0.00002 ext100=0.000 total100=0.047
[train] 28:41:05<114:27:13, 0.052s/step step= 2004000 episodes= 4175 eps=0.050 replay= 39936 loss=0.00001 ext100=0.000 total100=0.047
[train] 28:42:49<114:25:31, 0.052s/step step= 2006000 episodes= 4179 eps=0.050 replay= 39936 loss=0.00001 ext100=0.000 total100=0.048
[train] 28:44:33<114:23:52, 0.052s/step step= 2008000 episodes= 4183 eps=0.050 replay= 39936 loss=0.00001 ext100=0.000 total100=0.049
[train] 28:46:17<114:22:11, 0.052s/step step= 2010000 episodes= 4187 eps=0.050 replay= 39936 loss=0.00003 ext100=0.000 total100=0.050
[train] 28:48:00<114:20:31, 0.052s/step step= 2012000 episodes= 4191 eps=0.050 replay= 39936 loss=0.00001 ext100=0.000 total100=0.050
[train] 28:49:44<114:18:51, 0.052s/step step= 2014000 episodes= 4195 eps=0.050 replay= 39936 loss=0.00001 ext100=0.000 total100=0.050
[train] 28:51:28<114:17:12, 0.052s/step step= 2016000 episodes= 4200 eps=0.050 replay= 39936 loss=0.00001 ext100=0.000 total100=0.052
[train] 28:53:12<114:15:30, 0.052s/step step= 2018000 episodes= 4204 eps=0.050 replay= 39936 loss=0.00004 ext100=0.000 total100=0.052
[eval] step=2020000 episodes=4208 mean_ext_return=0.000
[train] 28:55:11<114:14:50, 0.052s/step step= 2020000 episodes= 4208 eps=0.050 replay= 39936 loss=0.00002 ext100=0.000 total100=0.051
[train] 28:56:54<114:13:07, 0.052s/step step= 2022000 episodes= 4212 eps=0.050 replay= 39936 loss=0.00001 ext100=0.000 total100=0.050
[train] 28:58:37<114:11:26, 0.052s/step step= 2024000 episodes= 4216 eps=0.050 replay= 39936 loss=0.00001 ext100=0.000 total100=0.049
[train] 29:00:21<114:09:45, 0.052s/step step= 2026000 episodes= 4220 eps=0.050 replay= 39936 loss=0.00003 ext100=0.000 total100=0.049
[train] 29:02:05<114:08:05, 0.052s/step step= 2028000 episodes= 4225 eps=0.050 replay= 39936 loss=0.00001 ext100=0.000 total100=0.050
[train] 29:03:48<114:06:24, 0.052s/step step= 2030000 episodes= 4229 eps=0.050 replay= 39936 loss=0.00001 ext100=0.000 total100=0.050
[train] 29:05:32<114:04:44, 0.052s/step step= 2032000 episodes= 4233 eps=0.050 replay= 39936 loss=0.00001 ext100=0.000 total100=0.051
[train] 29:07:16<114:03:03, 0.052s/step step= 2034000 episodes= 4237 eps=0.050 replay= 39936 loss=0.00002 ext100=0.000 total100=0.050
[train] 29:09:00<114:01:24, 0.052s/step step= 2036000 episodes= 4241 eps=0.050 replay= 39936 loss=0.00001 ext100=0.000 total100=0.050
[train] 29:10:43<113:59:42, 0.052s/step step= 2038000 episodes= 4245 eps=0.050 replay= 39936 loss=0.00001 ext100=0.000 total100=0.050
[eval] step=2040000 episodes=4250 mean_ext_return=0.000
[train] 29:12:43<113:59:02, 0.052s/step step= 2040000 episodes= 4250 eps=0.050 replay= 39936 loss=0.00001 ext100=0.000 total100=0.050
[train] 29:14:26<113:57:19, 0.052s/step step= 2042000 episodes= 4254 eps=0.050 replay= 39936 loss=0.00001 ext100=0.000 total100=0.051
[train] 29:16:09<113:55:38, 0.052s/step step= 2044000 episodes= 4258 eps=0.050 replay= 39936 loss=0.00001 ext100=0.000 total100=0.050
[train] 29:17:53<113:53:57, 0.052s/step step= 2046000 episodes= 4262 eps=0.050 replay= 39936 loss=0.00001 ext100=0.000 total100=0.050
[train] 29:19:37<113:52:17, 0.052s/step step= 2048000 episodes= 4266 eps=0.050 replay= 39936 loss=0.00001 ext100=0.000 total100=0.049
[train] 29:21:21<113:50:36, 0.052s/step step= 2050000 episodes= 4270 eps=0.050 replay= 39936 loss=0.00001 ext100=0.000 total100=0.050
[train] 29:23:04<113:48:55, 0.052s/step step= 2052000 episodes= 4275 eps=0.050 replay= 39936 loss=0.00001 ext100=0.000 total100=0.049
[train] 29:24:48<113:47:14, 0.052s/step step= 2054000 episodes= 4279 eps=0.050 replay= 39936 loss=0.00001 ext100=0.000 total100=0.049
[train] 29:26:32<113:45:34, 0.052s/step step= 2056000 episodes= 4283 eps=0.050 replay= 39936 loss=0.00001 ext100=0.000 total100=0.049
[train] 29:28:15<113:43:53, 0.052s/step step= 2058000 episodes= 4287 eps=0.050 replay= 39936 loss=0.00002 ext100=0.000 total100=0.050
[eval] step=2060000 episodes=4291 mean_ext_return=0.000
[train] 29:30:15<113:43:12, 0.052s/step step= 2060000 episodes= 4291 eps=0.050 replay= 39936 loss=0.00001 ext100=0.000 total100=0.050
[train] 29:31:58<113:41:28, 0.052s/step step= 2062000 episodes= 4295 eps=0.050 replay= 39936 loss=0.00001 ext100=0.000 total100=0.050
[train] 29:33:41<113:39:47, 0.052s/step step= 2064000 episodes= 4300 eps=0.050 replay= 39936 loss=0.00001 ext100=0.000 total100=0.050
[train] 29:35:25<113:38:06, 0.052s/step step= 2066000 episodes= 4304 eps=0.050 replay= 39936 loss=0.00001 ext100=0.000 total100=0.050
[train] 29:37:09<113:36:25, 0.052s/step step= 2068000 episodes= 4308 eps=0.050 replay= 39936 loss=0.00001 ext100=0.000 total100=0.050
[train] 29:38:52<113:34:44, 0.052s/step step= 2070000 episodes= 4312 eps=0.050 replay= 39936 loss=0.00001 ext100=0.000 total100=0.051
[train] 29:40:36<113:33:03, 0.052s/step step= 2072000 episodes= 4316 eps=0.050 replay= 39936 loss=0.00001 ext100=0.000 total100=0.051
[train] 29:42:20<113:31:22, 0.052s/step step= 2074000 episodes= 4320 eps=0.050 replay= 39936 loss=0.00003 ext100=0.000 total100=0.052
[train] 29:44:04<113:29:42, 0.052s/step step= 2076000 episodes= 4325 eps=0.050 replay= 39936 loss=0.00001 ext100=0.000 total100=0.053
[train] 29:45:47<113:28:00, 0.052s/step step= 2078000 episodes= 4329 eps=0.050 replay= 39936 loss=0.00001 ext100=0.000 total100=0.054
[eval] step=2080000 episodes=4333 mean_ext_return=0.000
[train] 29:47:46<113:27:17, 0.052s/step step= 2080000 episodes= 4333 eps=0.050 replay= 39936 loss=0.00001 ext100=0.000 total100=0.052
[train] 29:49:29<113:25:34, 0.052s/step step= 2082000 episodes= 4337 eps=0.050 replay= 39936 loss=0.00002 ext100=0.000 total100=0.053
[train] 29:51:13<113:23:52, 0.052s/step step= 2084000 episodes= 4341 eps=0.050 replay= 39936 loss=0.00001 ext100=0.000 total100=0.054
[train] 29:52:56<113:22:11, 0.052s/step step= 2086000 episodes= 4345 eps=0.050 replay= 39936 loss=0.00000 ext100=0.000 total100=0.053
[train] 29:54:40<113:20:31, 0.052s/step step= 2088000 episodes= 4350 eps=0.050 replay= 39936 loss=0.00001 ext100=0.000 total100=0.053
[train] 29:56:24<113:18:49, 0.052s/step step= 2090000 episodes= 4354 eps=0.050 replay= 39936 loss=0.00003 ext100=0.000 total100=0.053
[train] 29:58:07<113:17:08, 0.052s/step step= 2092000 episodes= 4358 eps=0.050 replay= 39936 loss=0.00000 ext100=0.000 total100=0.055
[train] 29:59:51<113:15:28, 0.052s/step step= 2094000 episodes= 4362 eps=0.050 replay= 39936 loss=0.00001 ext100=0.000 total100=0.055
[train] 30:01:35<113:13:48, 0.052s/step step= 2096000 episodes= 4366 eps=0.050 replay= 39936 loss=0.00001 ext100=0.000 total100=0.054
[train] 30:03:19<113:12:06, 0.052s/step step= 2098000 episodes= 4370 eps=0.050 replay= 39936 loss=0.00002 ext100=0.000 total100=0.055
[eval] step=2100000 episodes=4375 mean_ext_return=0.000
[train] 30:05:18<113:11:22, 0.052s/step step= 2100000 episodes= 4375 eps=0.050 replay= 39936 loss=0.00001 ext100=0.000 total100=0.056
[train] 30:07:01<113:09:39, 0.052s/step step= 2102000 episodes= 4379 eps=0.050 replay= 39936 loss=0.00001 ext100=0.000 total100=0.056
[train] 30:08:44<113:07:57, 0.052s/step step= 2104000 episodes= 4383 eps=0.050 replay= 39936 loss=0.00001 ext100=0.000 total100=0.056
[train] 30:10:28<113:06:16, 0.052s/step step= 2106000 episodes= 4387 eps=0.050 replay= 39936 loss=0.00001 ext100=0.000 total100=0.055
[train] 30:12:12<113:04:36, 0.052s/step step= 2108000 episodes= 4391 eps=0.050 replay= 39936 loss=0.00001 ext100=0.000 total100=0.055
[train] 30:13:55<113:02:53, 0.052s/step step= 2110000 episodes= 4395 eps=0.050 replay= 39936 loss=0.00001 ext100=0.000 total100=0.055
[train] 30:15:39<113:01:13, 0.052s/step step= 2112000 episodes= 4400 eps=0.050 replay= 39936 loss=0.00001 ext100=0.000 total100=0.055
[train] 30:17:23<112:59:31, 0.052s/step step= 2114000 episodes= 4404 eps=0.050 replay= 39936 loss=0.00003 ext100=0.000 total100=0.055
[train] 30:19:07<112:57:51, 0.052s/step step= 2116000 episodes= 4408 eps=0.050 replay= 39936 loss=0.00001 ext100=0.000 total100=0.054
[train] 30:20:50<112:56:09, 0.052s/step step= 2118000 episodes= 4412 eps=0.050 replay= 39936 loss=0.00001 ext100=0.000 total100=0.054
[eval] step=2120000 episodes=4416 mean_ext_return=0.000
[train] 30:22:49<112:55:25, 0.052s/step step= 2120000 episodes= 4416 eps=0.050 replay= 39936 loss=0.00001 ext100=0.000 total100=0.054
[train] 30:24:33<112:53:42, 0.052s/step step= 2122000 episodes= 4420 eps=0.050 replay= 39936 loss=0.00002 ext100=0.000 total100=0.055
[train] 30:26:16<112:52:00, 0.052s/step step= 2124000 episodes= 4425 eps=0.050 replay= 39936 loss=0.00001 ext100=0.000 total100=0.052
[train] 30:28:00<112:50:18, 0.052s/step step= 2126000 episodes= 4429 eps=0.050 replay= 39936 loss=0.00001 ext100=0.000 total100=0.051
[train] 30:29:44<112:48:38, 0.052s/step step= 2128000 episodes= 4433 eps=0.050 replay= 39936 loss=0.00001 ext100=0.000 total100=0.051
[train] 30:31:27<112:46:56, 0.052s/step step= 2130000 episodes= 4437 eps=0.050 replay= 39936 loss=0.00002 ext100=0.000 total100=0.050
[train] 30:33:11<112:45:15, 0.052s/step step= 2132000 episodes= 4441 eps=0.050 replay= 39936 loss=0.00001 ext100=0.000 total100=0.049
[train] 30:34:54<112:43:34, 0.052s/step step= 2134000 episodes= 4445 eps=0.050 replay= 39936 loss=0.00001 ext100=0.000 total100=0.051
[train] 30:36:38<112:41:53, 0.052s/step step= 2136000 episodes= 4450 eps=0.050 replay= 39936 loss=0.00000 ext100=0.000 total100=0.050
[train] 30:38:22<112:40:11, 0.052s/step step= 2138000 episodes= 4454 eps=0.050 replay= 39936 loss=0.00005 ext100=0.000 total100=0.050
[eval] step=2140000 episodes=4458 mean_ext_return=0.000
[train] 30:40:21<112:39:26, 0.052s/step step= 2140000 episodes= 4458 eps=0.050 replay= 39936 loss=0.00001 ext100=0.000 total100=0.050
[train] 30:42:04<112:37:43, 0.052s/step step= 2142000 episodes= 4462 eps=0.050 replay= 39936 loss=0.00001 ext100=0.000 total100=0.050
[train] 30:43:48<112:36:01, 0.052s/step step= 2144000 episodes= 4466 eps=0.050 replay= 39936 loss=0.00001 ext100=0.000 total100=0.049
[train] 30:45:31<112:34:18, 0.052s/step step= 2146000 episodes= 4470 eps=0.050 replay= 39936 loss=0.00002 ext100=0.000 total100=0.048
[train] 30:47:15<112:32:38, 0.052s/step step= 2148000 episodes= 4475 eps=0.050 replay= 39936 loss=0.00002 ext100=0.000 total100=0.047
[train] 30:48:59<112:30:56, 0.052s/step step= 2150000 episodes= 4479 eps=0.050 replay= 39936 loss=0.00001 ext100=0.000 total100=0.046
[train] 30:50:42<112:29:15, 0.052s/step step= 2152000 episodes= 4483 eps=0.050 replay= 39936 loss=0.00001 ext100=0.000 total100=0.046
[train] 30:52:26<112:27:34, 0.052s/step step= 2154000 episodes= 4487 eps=0.050 replay= 39936 loss=0.00003 ext100=0.000 total100=0.046
[train] 30:54:10<112:25:53, 0.052s/step step= 2156000 episodes= 4491 eps=0.050 replay= 39936 loss=0.00002 ext100=0.000 total100=0.046
[train] 30:55:54<112:24:11, 0.052s/step step= 2158000 episodes= 4495 eps=0.050 replay= 39936 loss=0.00001 ext100=0.000 total100=0.046
[eval] step=2160000 episodes=4500 mean_ext_return=0.000
[train] 30:57:53<112:23:25, 0.052s/step step= 2160000 episodes= 4500 eps=0.050 replay= 39936 loss=0.00002 ext100=0.000 total100=0.046
[train] 30:59:36<112:21:42, 0.052s/step step= 2162000 episodes= 4504 eps=0.050 replay= 39936 loss=0.00003 ext100=0.000 total100=0.046
[train] 31:01:19<112:20:00, 0.052s/step step= 2164000 episodes= 4508 eps=0.050 replay= 39936 loss=0.00001 ext100=0.000 total100=0.047
[train] 31:03:03<112:18:18, 0.052s/step step= 2166000 episodes= 4512 eps=0.050 replay= 39936 loss=0.00001 ext100=0.000 total100=0.047
[train] 31:04:47<112:16:38, 0.052s/step step= 2168000 episodes= 4516 eps=0.050 replay= 39936 loss=0.00001 ext100=0.000 total100=0.047
[train] 31:06:30<112:14:56, 0.052s/step step= 2170000 episodes= 4520 eps=0.050 replay= 39936 loss=0.00001 ext100=0.000 total100=0.047
[train] 31:08:14<112:13:15, 0.052s/step step= 2172000 episodes= 4525 eps=0.050 replay= 39936 loss=0.00001 ext100=0.000 total100=0.048
[train] 31:09:58<112:11:33, 0.052s/step step= 2174000 episodes= 4529 eps=0.050 replay= 39936 loss=0.00001 ext100=0.000 total100=0.048
[train] 31:11:42<112:09:53, 0.052s/step step= 2176000 episodes= 4533 eps=0.050 replay= 39936 loss=0.00001 ext100=0.000 total100=0.048
[train] 31:13:26<112:08:11, 0.052s/step step= 2178000 episodes= 4537 eps=0.050 replay= 39936 loss=0.00001 ext100=0.000 total100=0.050
[eval] step=2180000 episodes=4541 mean_ext_return=0.000
[train] 31:15:25<112:07:24, 0.052s/step step= 2180000 episodes= 4541 eps=0.050 replay= 39936 loss=0.00001 ext100=0.000 total100=0.050
[train] 31:17:08<112:05:41, 0.052s/step step= 2182000 episodes= 4545 eps=0.050 replay= 39936 loss=0.00001 ext100=0.000 total100=0.049
[train] 31:18:51<112:03:59, 0.052s/step step= 2184000 episodes= 4550 eps=0.050 replay= 39936 loss=0.00001 ext100=0.000 total100=0.048
[train] 31:20:35<112:02:17, 0.052s/step step= 2186000 episodes= 4554 eps=0.050 replay= 39936 loss=0.00004 ext100=0.000 total100=0.049
[train] 31:22:19<112:00:36, 0.052s/step step= 2188000 episodes= 4558 eps=0.050 replay= 39936 loss=0.00001 ext100=0.000 total100=0.047
[train] 31:24:02<111:58:54, 0.052s/step step= 2190000 episodes= 4562 eps=0.050 replay= 39936 loss=0.00001 ext100=0.000 total100=0.047
[train] 31:25:46<111:57:13, 0.052s/step step= 2192000 episodes= 4566 eps=0.050 replay= 39936 loss=0.00001 ext100=0.000 total100=0.048
[train] 31:27:30<111:55:32, 0.052s/step step= 2194000 episodes= 4570 eps=0.050 replay= 39936 loss=0.00002 ext100=0.000 total100=0.048
[train] 31:29:14<111:53:51, 0.052s/step step= 2196000 episodes= 4575 eps=0.050 replay= 39936 loss=0.00001 ext100=0.000 total100=0.048
[train] 31:30:57<111:52:08, 0.052s/step step= 2198000 episodes= 4579 eps=0.050 replay= 39936 loss=0.00001 ext100=0.000 total100=0.050
[eval] step=2200000 episodes=4583 mean_ext_return=0.000
[train] 31:32:56<111:51:21, 0.052s/step step= 2200000 episodes= 4583 eps=0.050 replay= 39936 loss=0.00001 ext100=0.000 total100=0.050
[train] 31:34:40<111:49:38, 0.052s/step step= 2202000 episodes= 4587 eps=0.050 replay= 39936 loss=0.00003 ext100=0.000 total100=0.050
[train] 31:36:23<111:47:55, 0.052s/step step= 2204000 episodes= 4591 eps=0.050 replay= 39936 loss=0.00001 ext100=0.000 total100=0.049
[train] 31:38:06<111:46:13, 0.052s/step step= 2206000 episodes= 4595 eps=0.050 replay= 39936 loss=0.00001 ext100=0.000 total100=0.048
[train] 31:39:50<111:44:32, 0.052s/step step= 2208000 episodes= 4600 eps=0.050 replay= 39936 loss=0.00001 ext100=0.000 total100=0.049
[train] 31:41:34<111:42:50, 0.052s/step step= 2210000 episodes= 4604 eps=0.050 replay= 39936 loss=0.00002 ext100=0.000 total100=0.047
[train] 31:43:18<111:41:08, 0.052s/step step= 2212000 episodes= 4608 eps=0.050 replay= 39936 loss=0.00001 ext100=0.000 total100=0.048
[train] 31:45:01<111:39:26, 0.052s/step step= 2214000 episodes= 4612 eps=0.050 replay= 39936 loss=0.00001 ext100=0.000 total100=0.048
[train] 31:46:45<111:37:46, 0.052s/step step= 2216000 episodes= 4616 eps=0.050 replay= 39936 loss=0.00001 ext100=0.000 total100=0.047
[train] 31:48:29<111:36:04, 0.052s/step step= 2218000 episodes= 4620 eps=0.050 replay= 39936 loss=0.00003 ext100=0.000 total100=0.048
[eval] step=2220000 episodes=4625 mean_ext_return=0.000
[train] 31:50:28<111:35:16, 0.052s/step step= 2220000 episodes= 4625 eps=0.050 replay= 39936 loss=0.00001 ext100=0.000 total100=0.047
[train] 31:52:11<111:33:32, 0.052s/step step= 2222000 episodes= 4629 eps=0.050 replay= 39936 loss=0.00001 ext100=0.000 total100=0.048
[train] 31:53:55<111:31:50, 0.052s/step step= 2224000 episodes= 4633 eps=0.050 replay= 39936 loss=0.00001 ext100=0.000 total100=0.048
[train] 31:55:38<111:30:08, 0.052s/step step= 2226000 episodes= 4637 eps=0.050 replay= 39936 loss=0.00002 ext100=0.000 total100=0.047
[train] 31:57:22<111:28:27, 0.052s/step step= 2228000 episodes= 4641 eps=0.050 replay= 39936 loss=0.00001 ext100=0.000 total100=0.048
[train] 31:59:06<111:26:45, 0.052s/step step= 2230000 episodes= 4645 eps=0.050 replay= 39936 loss=0.00001 ext100=0.000 total100=0.048
[train] 32:00:50<111:25:04, 0.052s/step step= 2232000 episodes= 4650 eps=0.050 replay= 39936 loss=0.00001 ext100=0.000 total100=0.048
[train] 32:02:34<111:23:22, 0.052s/step step= 2234000 episodes= 4654 eps=0.050 replay= 39936 loss=0.00002 ext100=0.000 total100=0.049
[train] 32:04:18<111:21:41, 0.052s/step step= 2236000 episodes= 4658 eps=0.050 replay= 39936 loss=0.00000 ext100=0.000 total100=0.049
[train] 32:06:01<111:19:59, 0.052s/step step= 2238000 episodes= 4662 eps=0.050 replay= 39936 loss=0.00001 ext100=0.000 total100=0.049
[eval] step=2240000 episodes=4666 mean_ext_return=0.000
[train] 32:08:00<111:19:10, 0.052s/step step= 2240000 episodes= 4666 eps=0.050 replay= 39936 loss=0.00001 ext100=0.000 total100=0.048
[train] 32:09:43<111:17:26, 0.052s/step step= 2242000 episodes= 4670 eps=0.050 replay= 39936 loss=0.00002 ext100=0.000 total100=0.049
[train] 32:11:27<111:15:44, 0.052s/step step= 2244000 episodes= 4675 eps=0.050 replay= 39936 loss=0.00001 ext100=0.000 total100=0.048
[train] 32:13:10<111:14:02, 0.052s/step step= 2246000 episodes= 4679 eps=0.050 replay= 39936 loss=0.00001 ext100=0.000 total100=0.048
[train] 32:14:54<111:12:21, 0.052s/step step= 2248000 episodes= 4683 eps=0.050 replay= 39936 loss=0.00001 ext100=0.000 total100=0.050
[train] 32:16:38<111:10:38, 0.052s/step step= 2250000 episodes= 4687 eps=0.050 replay= 39936 loss=0.00003 ext100=0.000 total100=0.050
[train] 32:18:22<111:08:57, 0.052s/step step= 2252000 episodes= 4691 eps=0.050 replay= 39936 loss=0.00002 ext100=0.000 total100=0.052
[train] 32:20:05<111:07:14, 0.052s/step step= 2254000 episodes= 4695 eps=0.050 replay= 39936 loss=0.00001 ext100=0.000 total100=0.052
[train] 32:21:49<111:05:33, 0.052s/step step= 2256000 episodes= 4700 eps=0.050 replay= 39936 loss=0.00001 ext100=0.000 total100=0.052
[train] 32:23:33<111:03:51, 0.052s/step step= 2258000 episodes= 4704 eps=0.050 replay= 39936 loss=0.00001 ext100=0.000 total100=0.053
[eval] step=2260000 episodes=4708 mean_ext_return=0.000
[train] 32:25:32<111:03:02, 0.052s/step step= 2260000 episodes= 4708 eps=0.050 replay= 39936 loss=0.00001 ext100=0.000 total100=0.052
[train] 32:27:15<111:01:18, 0.052s/step step= 2262000 episodes= 4712 eps=0.050 replay= 39936 loss=0.00001 ext100=0.000 total100=0.052
[train] 32:28:58<110:59:35, 0.052s/step step= 2264000 episodes= 4716 eps=0.050 replay= 39936 loss=0.00001 ext100=0.000 total100=0.053
[train] 32:30:42<110:57:53, 0.052s/step step= 2266000 episodes= 4720 eps=0.050 replay= 39936 loss=0.00001 ext100=0.000 total100=0.051
[train] 32:32:26<110:56:12, 0.052s/step step= 2268000 episodes= 4725 eps=0.050 replay= 39936 loss=0.00001 ext100=0.000 total100=0.052
[train] 32:34:10<110:54:29, 0.052s/step step= 2270000 episodes= 4729 eps=0.050 replay= 39936 loss=0.00001 ext100=0.000 total100=0.051
[train] 32:35:53<110:52:48, 0.052s/step step= 2272000 episodes= 4733 eps=0.050 replay= 39936 loss=0.00001 ext100=0.000 total100=0.053
[train] 32:37:37<110:51:06, 0.052s/step step= 2274000 episodes= 4737 eps=0.050 replay= 39936 loss=0.00002 ext100=0.000 total100=0.052
[train] 32:39:21<110:49:25, 0.052s/step step= 2276000 episodes= 4741 eps=0.050 replay= 39936 loss=0.00001 ext100=0.000 total100=0.054
[train] 32:41:05<110:47:43, 0.052s/step step= 2278000 episodes= 4745 eps=0.050 replay= 39936 loss=0.00001 ext100=0.000 total100=0.054
[eval] step=2280000 episodes=4750 mean_ext_return=0.000
[train] 32:43:04<110:46:53, 0.052s/step step= 2280000 episodes= 4750 eps=0.050 replay= 39936 loss=0.00001 ext100=0.000 total100=0.054
[train] 32:44:47<110:45:09, 0.052s/step step= 2282000 episodes= 4754 eps=0.050 replay= 39936 loss=0.00002 ext100=0.000 total100=0.053
[train] 32:46:31<110:43:27, 0.052s/step step= 2284000 episodes= 4758 eps=0.050 replay= 39936 loss=0.00001 ext100=0.000 total100=0.052
[train] 32:48:14<110:41:44, 0.052s/step step= 2286000 episodes= 4762 eps=0.050 replay= 39936 loss=0.00001 ext100=0.000 total100=0.053
[train] 32:49:58<110:40:03, 0.052s/step step= 2288000 episodes= 4766 eps=0.050 replay= 39936 loss=0.00001 ext100=0.000 total100=0.053
[train] 32:51:42<110:38:20, 0.052s/step step= 2290000 episodes= 4770 eps=0.050 replay= 39936 loss=0.00003 ext100=0.000 total100=0.053
[train] 32:53:26<110:36:39, 0.052s/step step= 2292000 episodes= 4775 eps=0.050 replay= 39936 loss=0.00001 ext100=0.000 total100=0.053
[train] 32:55:09<110:34:57, 0.052s/step step= 2294000 episodes= 4779 eps=0.050 replay= 39936 loss=0.00001 ext100=0.000 total100=0.052
[train] 32:56:53<110:33:15, 0.052s/step step= 2296000 episodes= 4783 eps=0.050 replay= 39936 loss=0.00001 ext100=0.000 total100=0.051
[train] 32:58:36<110:31:33, 0.052s/step step= 2298000 episodes= 4787 eps=0.050 replay= 39936 loss=0.00002 ext100=0.000 total100=0.049
[eval] step=2300000 episodes=4791 mean_ext_return=0.000
[train] 33:00:35<110:30:42, 0.052s/step step= 2300000 episodes= 4791 eps=0.050 replay= 39936 loss=0.00001 ext100=0.000 total100=0.048
[train] 33:02:19<110:28:58, 0.052s/step step= 2302000 episodes= 4795 eps=0.050 replay= 39936 loss=0.00001 ext100=0.000 total100=0.049
[train] 33:04:02<110:27:15, 0.052s/step step= 2304000 episodes= 4800 eps=0.050 replay= 39936 loss=0.00001 ext100=0.000 total100=0.048
[train] 33:05:46<110:25:33, 0.052s/step step= 2306000 episodes= 4804 eps=0.050 replay= 39936 loss=0.00001 ext100=0.000 total100=0.048
[train] 33:07:30<110:23:52, 0.052s/step step= 2308000 episodes= 4808 eps=0.050 replay= 39936 loss=0.00001 ext100=0.000 total100=0.048
[train] 33:09:13<110:22:09, 0.052s/step step= 2310000 episodes= 4812 eps=0.050 replay= 39936 loss=0.00001 ext100=0.000 total100=0.049
[train] 33:10:57<110:20:28, 0.052s/step step= 2312000 episodes= 4816 eps=0.050 replay= 39936 loss=0.00001 ext100=0.000 total100=0.048
[train] 33:12:41<110:18:46, 0.052s/step step= 2314000 episodes= 4820 eps=0.050 replay= 39936 loss=0.00002 ext100=0.000 total100=0.048
[train] 33:14:25<110:17:04, 0.052s/step step= 2316000 episodes= 4825 eps=0.050 replay= 39936 loss=0.00001 ext100=0.000 total100=0.047
[train] 33:16:09<110:15:22, 0.052s/step step= 2318000 episodes= 4829 eps=0.050 replay= 39936 loss=0.00001 ext100=0.000 total100=0.047
[eval] step=2320000 episodes=4833 mean_ext_return=0.000
[train] 33:18:08<110:14:30, 0.052s/step step= 2320000 episodes= 4833 eps=0.050 replay= 39936 loss=0.00001 ext100=0.000 total100=0.046
[train] 33:19:51<110:12:46, 0.052s/step step= 2322000 episodes= 4837 eps=0.050 replay= 39936 loss=0.00003 ext100=0.000 total100=0.046
[train] 33:21:34<110:11:03, 0.052s/step step= 2324000 episodes= 4841 eps=0.050 replay= 39936 loss=0.00001 ext100=0.000 total100=0.044
[train] 33:23:18<110:09:20, 0.052s/step step= 2326000 episodes= 4845 eps=0.050 replay= 39936 loss=0.00001 ext100=0.000 total100=0.044
[train] 33:25:02<110:07:39, 0.052s/step step= 2328000 episodes= 4850 eps=0.050 replay= 39936 loss=0.00001 ext100=0.000 total100=0.044
[train] 33:26:45<110:05:56, 0.052s/step step= 2330000 episodes= 4854 eps=0.050 replay= 39936 loss=0.00004 ext100=0.000 total100=0.044
[train] 33:28:29<110:04:14, 0.052s/step step= 2332000 episodes= 4858 eps=0.050 replay= 39936 loss=0.00001 ext100=0.000 total100=0.044
[train] 33:30:12<110:02:32, 0.052s/step step= 2334000 episodes= 4862 eps=0.050 replay= 39936 loss=0.00001 ext100=0.000 total100=0.044
[train] 33:31:56<110:00:50, 0.052s/step step= 2336000 episodes= 4866 eps=0.050 replay= 39936 loss=0.00001 ext100=0.000 total100=0.044
[train] 33:33:40<109:59:07, 0.052s/step step= 2338000 episodes= 4870 eps=0.050 replay= 39936 loss=0.00001 ext100=0.000 total100=0.044
[eval] step=2340000 episodes=4875 mean_ext_return=0.000
[train] 33:35:39<109:58:15, 0.052s/step step= 2340000 episodes= 4875 eps=0.050 replay= 39936 loss=0.00001 ext100=0.000 total100=0.043
[train] 33:37:22<109:56:31, 0.052s/step step= 2342000 episodes= 4879 eps=0.050 replay= 39936 loss=0.00000 ext100=0.000 total100=0.043
[train] 33:39:06<109:54:48, 0.052s/step step= 2344000 episodes= 4883 eps=0.050 replay= 39936 loss=0.00001 ext100=0.000 total100=0.042
[train] 33:40:49<109:53:05, 0.052s/step step= 2346000 episodes= 4887 eps=0.050 replay= 39936 loss=0.00001 ext100=0.000 total100=0.044
[train] 33:42:33<109:51:24, 0.052s/step step= 2348000 episodes= 4891 eps=0.050 replay= 39936 loss=0.00001 ext100=0.000 total100=0.044
[train] 33:44:17<109:49:42, 0.052s/step step= 2350000 episodes= 4895 eps=0.050 replay= 39936 loss=0.00001 ext100=0.000 total100=0.043
[train] 33:46:01<109:48:00, 0.052s/step step= 2352000 episodes= 4900 eps=0.050 replay= 39936 loss=0.00002 ext100=0.000 total100=0.044
[train] 33:47:44<109:46:17, 0.052s/step step= 2354000 episodes= 4904 eps=0.050 replay= 39936 loss=0.00002 ext100=0.000 total100=0.044
[train] 33:49:28<109:44:36, 0.052s/step step= 2356000 episodes= 4908 eps=0.050 replay= 39936 loss=0.00001 ext100=0.000 total100=0.045
[train] 33:51:12<109:42:53, 0.052s/step step= 2358000 episodes= 4912 eps=0.050 replay= 39936 loss=0.00002 ext100=0.000 total100=0.045
[eval] step=2360000 episodes=4916 mean_ext_return=0.000
[train] 33:53:11<109:42:00, 0.052s/step step= 2360000 episodes= 4916 eps=0.050 replay= 39936 loss=0.00001 ext100=0.000 total100=0.046
[train] 33:54:54<109:40:16, 0.052s/step step= 2362000 episodes= 4920 eps=0.050 replay= 39936 loss=0.00002 ext100=0.000 total100=0.046
[train] 33:56:37<109:38:32, 0.052s/step step= 2364000 episodes= 4925 eps=0.050 replay= 39936 loss=0.00001 ext100=0.000 total100=0.046
[train] 33:58:21<109:36:50, 0.052s/step step= 2366000 episodes= 4929 eps=0.050 replay= 39936 loss=0.00001 ext100=0.000 total100=0.047
[train] 34:00:05<109:35:08, 0.052s/step step= 2368000 episodes= 4933 eps=0.050 replay= 39936 loss=0.00001 ext100=0.000 total100=0.047
[train] 34:01:48<109:33:25, 0.052s/step step= 2370000 episodes= 4937 eps=0.050 replay= 39936 loss=0.00002 ext100=0.000 total100=0.047
[train] 34:03:32<109:31:43, 0.052s/step step= 2372000 episodes= 4941 eps=0.050 replay= 39936 loss=0.00001 ext100=0.000 total100=0.046
[train] 34:05:16<109:30:00, 0.052s/step step= 2374000 episodes= 4945 eps=0.050 replay= 39936 loss=0.00001 ext100=0.000 total100=0.046
[train] 34:07:00<109:28:19, 0.052s/step step= 2376000 episodes= 4950 eps=0.050 replay= 39936 loss=0.00001 ext100=0.000 total100=0.047
[train] 34:08:43<109:26:36, 0.052s/step step= 2378000 episodes= 4954 eps=0.050 replay= 39936 loss=0.00002 ext100=0.000 total100=0.047
[eval] step=2380000 episodes=4958 mean_ext_return=0.000
[train] 34:10:42<109:25:42, 0.052s/step step= 2380000 episodes= 4958 eps=0.050 replay= 39936 loss=0.00001 ext100=0.000 total100=0.046
[train] 34:12:25<109:23:57, 0.052s/step step= 2382000 episodes= 4962 eps=0.050 replay= 39936 loss=0.00001 ext100=0.000 total100=0.046
[train] 34:14:08<109:22:14, 0.052s/step step= 2384000 episodes= 4966 eps=0.050 replay= 39936 loss=0.00001 ext100=0.000 total100=0.045
[train] 34:15:52<109:20:31, 0.052s/step step= 2386000 episodes= 4970 eps=0.050 replay= 39936 loss=0.00002 ext100=0.000 total100=0.044
[train] 34:17:36<109:18:50, 0.052s/step step= 2388000 episodes= 4975 eps=0.050 replay= 39936 loss=0.00000 ext100=0.000 total100=0.045
[train] 34:19:19<109:17:07, 0.052s/step step= 2390000 episodes= 4979 eps=0.050 replay= 39936 loss=0.00001 ext100=0.000 total100=0.044
[train] 34:21:03<109:15:25, 0.052s/step step= 2392000 episodes= 4983 eps=0.050 replay= 39936 loss=0.00001 ext100=0.000 total100=0.044
[train] 34:22:47<109:13:42, 0.052s/step step= 2394000 episodes= 4987 eps=0.050 replay= 39936 loss=0.00002 ext100=0.000 total100=0.046
[train] 34:24:31<109:12:01, 0.052s/step step= 2396000 episodes= 4991 eps=0.050 replay= 39936 loss=0.00001 ext100=0.000 total100=0.045
[train] 34:26:14<109:10:17, 0.052s/step step= 2398000 episodes= 4995 eps=0.050 replay= 39936 loss=0.00001 ext100=0.000 total100=0.046
[eval] step=2400000 episodes=5000 mean_ext_return=0.000
[train] 34:28:13<109:09:24, 0.052s/step step= 2400000 episodes= 5000 eps=0.050 replay= 39936 loss=0.00001 ext100=0.000 total100=0.045
[train] 34:29:57<109:07:39, 0.052s/step step= 2402000 episodes= 5004 eps=0.050 replay= 39936 loss=0.00001 ext100=0.000 total100=0.045
[train] 34:31:40<109:05:56, 0.052s/step step= 2404000 episodes= 5008 eps=0.050 replay= 39936 loss=0.00001 ext100=0.000 total100=0.043
[train] 34:33:23<109:04:12, 0.052s/step step= 2406000 episodes= 5012 eps=0.050 replay= 39936 loss=0.00001 ext100=0.000 total100=0.043
[train] 34:35:07<109:02:30, 0.052s/step step= 2408000 episodes= 5016 eps=0.050 replay= 39936 loss=0.00001 ext100=0.000 total100=0.042
[train] 34:36:51<109:00:47, 0.052s/step step= 2410000 episodes= 5020 eps=0.050 replay= 39936 loss=0.00003 ext100=0.000 total100=0.043
[train] 34:38:35<108:59:06, 0.052s/step step= 2412000 episodes= 5025 eps=0.050 replay= 39936 loss=0.00001 ext100=0.000 total100=0.042
[train] 34:40:18<108:57:23, 0.052s/step step= 2414000 episodes= 5029 eps=0.050 replay= 39936 loss=0.00001 ext100=0.000 total100=0.042
[train] 34:42:02<108:55:41, 0.052s/step step= 2416000 episodes= 5033 eps=0.050 replay= 39936 loss=0.00001 ext100=0.000 total100=0.042
[train] 34:43:46<108:53:58, 0.052s/step step= 2418000 episodes= 5037 eps=0.050 replay= 39936 loss=0.00001 ext100=0.000 total100=0.042
[eval] step=2420000 episodes=5041 mean_ext_return=0.000
[train] 34:45:45<108:53:03, 0.052s/step step= 2420000 episodes= 5041 eps=0.050 replay= 39936 loss=0.00001 ext100=0.000 total100=0.042
[train] 34:47:28<108:51:19, 0.052s/step step= 2422000 episodes= 5045 eps=0.050 replay= 39936 loss=0.00001 ext100=0.000 total100=0.041
[train] 34:49:11<108:49:35, 0.052s/step step= 2424000 episodes= 5050 eps=0.050 replay= 39936 loss=0.00001 ext100=0.000 total100=0.040
[train] 34:50:55<108:47:52, 0.052s/step step= 2426000 episodes= 5054 eps=0.050 replay= 39936 loss=0.00003 ext100=0.000 total100=0.042
[train] 34:52:39<108:46:10, 0.052s/step step= 2428000 episodes= 5058 eps=0.050 replay= 39936 loss=0.00001 ext100=0.000 total100=0.043
[train] 34:54:22<108:44:26, 0.052s/step step= 2430000 episodes= 5062 eps=0.050 replay= 39936 loss=0.00001 ext100=0.000 total100=0.044
[train] 34:56:06<108:42:45, 0.052s/step step= 2432000 episodes= 5066 eps=0.050 replay= 39936 loss=0.00001 ext100=0.000 total100=0.044
[train] 34:57:49<108:41:02, 0.052s/step step= 2434000 episodes= 5070 eps=0.050 replay= 39936 loss=0.00001 ext100=0.000 total100=0.046
[train] 34:59:33<108:39:20, 0.052s/step step= 2436000 episodes= 5075 eps=0.050 replay= 39936 loss=0.00001 ext100=0.000 total100=0.046
[train] 35:01:17<108:37:36, 0.052s/step step= 2438000 episodes= 5079 eps=0.050 replay= 39936 loss=0.00001 ext100=0.000 total100=0.046
[eval] step=2440000 episodes=5083 mean_ext_return=0.000
[train] 35:03:16<108:36:41, 0.052s/step step= 2440000 episodes= 5083 eps=0.050 replay= 39936 loss=0.00000 ext100=0.000 total100=0.046
[train] 35:04:59<108:34:57, 0.052s/step step= 2442000 episodes= 5087 eps=0.050 replay= 39936 loss=0.00001 ext100=0.000 total100=0.044
[train] 35:06:42<108:33:13, 0.052s/step step= 2444000 episodes= 5091 eps=0.050 replay= 39936 loss=0.00001 ext100=0.000 total100=0.044
[train] 35:08:26<108:31:30, 0.052s/step step= 2446000 episodes= 5095 eps=0.050 replay= 39936 loss=0.00001 ext100=0.000 total100=0.043
[train] 35:10:10<108:29:48, 0.052s/step step= 2448000 episodes= 5100 eps=0.050 replay= 39936 loss=0.00001 ext100=0.000 total100=0.043
[train] 35:11:53<108:28:04, 0.052s/step step= 2450000 episodes= 5104 eps=0.050 replay= 39936 loss=0.00001 ext100=0.000 total100=0.043
[train] 35:13:37<108:26:23, 0.052s/step step= 2452000 episodes= 5108 eps=0.050 replay= 39936 loss=0.00001 ext100=0.000 total100=0.044
[train] 35:15:21<108:24:39, 0.052s/step step= 2454000 episodes= 5112 eps=0.050 replay= 39936 loss=0.00001 ext100=0.000 total100=0.045
[train] 35:17:05<108:22:57, 0.052s/step step= 2456000 episodes= 5116 eps=0.050 replay= 39936 loss=0.00000 ext100=0.000 total100=0.045
[train] 35:18:48<108:21:14, 0.052s/step step= 2458000 episodes= 5120 eps=0.050 replay= 39936 loss=0.00003 ext100=0.000 total100=0.044
[eval] step=2460000 episodes=5125 mean_ext_return=0.000
[train] 35:20:47<108:20:18, 0.052s/step step= 2460000 episodes= 5125 eps=0.050 replay= 39936 loss=0.00001 ext100=0.000 total100=0.044
[train] 35:22:30<108:18:34, 0.052s/step step= 2462000 episodes= 5129 eps=0.050 replay= 39936 loss=0.00001 ext100=0.000 total100=0.044
[train] 35:24:14<108:16:50, 0.052s/step step= 2464000 episodes= 5133 eps=0.050 replay= 39936 loss=0.00001 ext100=0.000 total100=0.044
[train] 35:25:57<108:15:07, 0.052s/step step= 2466000 episodes= 5137 eps=0.050 replay= 39936 loss=0.00002 ext100=0.000 total100=0.043
[train] 35:27:41<108:13:25, 0.052s/step step= 2468000 episodes= 5141 eps=0.050 replay= 39936 loss=0.00000 ext100=0.000 total100=0.044
[train] 35:29:25<108:11:42, 0.052s/step step= 2470000 episodes= 5145 eps=0.050 replay= 39936 loss=0.00000 ext100=0.000 total100=0.045
[train] 35:31:09<108:10:00, 0.052s/step step= 2472000 episodes= 5150 eps=0.050 replay= 39936 loss=0.00001 ext100=0.000 total100=0.044
[train] 35:32:52<108:08:17, 0.052s/step step= 2474000 episodes= 5154 eps=0.050 replay= 39936 loss=0.00001 ext100=0.000 total100=0.042
[train] 35:34:36<108:06:35, 0.052s/step step= 2476000 episodes= 5158 eps=0.050 replay= 39936 loss=0.00000 ext100=0.000 total100=0.042
[train] 35:36:20<108:04:52, 0.052s/step step= 2478000 episodes= 5162 eps=0.050 replay= 39936 loss=0.00000 ext100=0.000 total100=0.043
[eval] step=2480000 episodes=5166 mean_ext_return=0.000
[train] 35:38:19<108:03:55, 0.052s/step step= 2480000 episodes= 5166 eps=0.050 replay= 39936 loss=0.00001 ext100=0.000 total100=0.044
[train] 35:40:02<108:02:12, 0.052s/step step= 2482000 episodes= 5170 eps=0.050 replay= 39936 loss=0.00001 ext100=0.000 total100=0.042
[train] 35:41:45<108:00:28, 0.052s/step step= 2484000 episodes= 5175 eps=0.050 replay= 39936 loss=0.00000 ext100=0.000 total100=0.040
[train] 35:43:29<107:58:44, 0.052s/step step= 2486000 episodes= 5179 eps=0.050 replay= 39936 loss=0.00000 ext100=0.000 total100=0.041
[train] 35:45:13<107:57:02, 0.052s/step step= 2488000 episodes= 5183 eps=0.050 replay= 39936 loss=0.00001 ext100=0.000 total100=0.041
[train] 35:46:56<107:55:18, 0.052s/step step= 2490000 episodes= 5187 eps=0.050 replay= 39936 loss=0.00001 ext100=0.000 total100=0.042
[train] 35:48:40<107:53:37, 0.052s/step step= 2492000 episodes= 5191 eps=0.050 replay= 39936 loss=0.00000 ext100=0.000 total100=0.043
[train] 35:50:23<107:51:53, 0.052s/step step= 2494000 episodes= 5195 eps=0.050 replay= 39936 loss=0.00001 ext100=0.000 total100=0.045
[train] 35:52:07<107:50:11, 0.052s/step step= 2496000 episodes= 5200 eps=0.050 replay= 39936 loss=0.00001 ext100=0.000 total100=0.045
[train] 35:53:51<107:48:28, 0.052s/step step= 2498000 episodes= 5204 eps=0.050 replay= 39936 loss=0.00001 ext100=0.000 total100=0.044
[eval] step=2500000 episodes=5208 mean_ext_return=0.000
[train] 35:55:50<107:47:31, 0.052s/step step= 2500000 episodes= 5208 eps=0.050 replay= 39936 loss=0.00000 ext100=0.000 total100=0.044
[train] 35:57:33<107:45:47, 0.052s/step step= 2502000 episodes= 5212 eps=0.050 replay= 39936 loss=0.00001 ext100=0.000 total100=0.045
[train] 35:59:17<107:44:03, 0.052s/step step= 2504000 episodes= 5216 eps=0.050 replay= 39936 loss=0.00000 ext100=0.000 total100=0.045
[train] 36:01:00<107:42:20, 0.052s/step step= 2506000 episodes= 5220 eps=0.050 replay= 39936 loss=0.00002 ext100=0.000 total100=0.045
[train] 36:02:44<107:40:38, 0.052s/step step= 2508000 episodes= 5225 eps=0.050 replay= 39936 loss=0.00000 ext100=0.000 total100=0.046
[train] 36:04:28<107:38:54, 0.052s/step step= 2510000 episodes= 5229 eps=0.050 replay= 39936 loss=0.00000 ext100=0.000 total100=0.047
[train] 36:06:12<107:37:12, 0.052s/step step= 2512000 episodes= 5233 eps=0.050 replay= 39936 loss=0.00001 ext100=0.000 total100=0.047
[train] 36:07:55<107:35:29, 0.052s/step step= 2514000 episodes= 5237 eps=0.050 replay= 39936 loss=0.00002 ext100=0.000 total100=0.047
[train] 36:09:39<107:33:47, 0.052s/step step= 2516000 episodes= 5241 eps=0.050 replay= 39936 loss=0.00001 ext100=0.000 total100=0.048
[train] 36:11:23<107:32:03, 0.052s/step step= 2518000 episodes= 5245 eps=0.050 replay= 39936 loss=0.00001 ext100=0.000 total100=0.049
[eval] step=2520000 episodes=5250 mean_ext_return=0.000
[train] 36:13:21<107:31:06, 0.052s/step step= 2520000 episodes= 5250 eps=0.050 replay= 39936 loss=0.00001 ext100=0.000 total100=0.048
[train] 36:15:05<107:29:22, 0.052s/step step= 2522000 episodes= 5254 eps=0.050 replay= 39936 loss=0.00001 ext100=0.000 total100=0.048
[train] 36:16:48<107:27:38, 0.052s/step step= 2524000 episodes= 5258 eps=0.050 replay= 39936 loss=0.00001 ext100=0.000 total100=0.048
[train] 36:18:32<107:25:54, 0.052s/step step= 2526000 episodes= 5262 eps=0.050 replay= 39936 loss=0.00001 ext100=0.000 total100=0.046
[train] 36:20:16<107:24:12, 0.052s/step step= 2528000 episodes= 5266 eps=0.050 replay= 39936 loss=0.00000 ext100=0.000 total100=0.046
[train] 36:21:59<107:22:29, 0.052s/step step= 2530000 episodes= 5270 eps=0.050 replay= 39936 loss=0.00003 ext100=0.000 total100=0.047
[train] 36:23:43<107:20:47, 0.052s/step step= 2532000 episodes= 5275 eps=0.050 replay= 39936 loss=0.00001 ext100=0.000 total100=0.048
[train] 36:25:27<107:19:03, 0.052s/step step= 2534000 episodes= 5279 eps=0.050 replay= 39936 loss=0.00001 ext100=0.000 total100=0.048
[train] 36:27:11<107:17:21, 0.052s/step step= 2536000 episodes= 5283 eps=0.050 replay= 39936 loss=0.00000 ext100=0.000 total100=0.048
[train] 36:28:54<107:15:38, 0.052s/step step= 2538000 episodes= 5287 eps=0.050 replay= 39936 loss=0.00001 ext100=0.000 total100=0.048
[eval] step=2540000 episodes=5291 mean_ext_return=0.000
[train] 36:30:53<107:14:39, 0.052s/step step= 2540000 episodes= 5291 eps=0.050 replay= 39936 loss=0.00001 ext100=0.000 total100=0.046
[train] 36:32:37<107:12:56, 0.052s/step step= 2542000 episodes= 5295 eps=0.050 replay= 39936 loss=0.00001 ext100=0.000 total100=0.045
[train] 36:34:20<107:11:11, 0.052s/step step= 2544000 episodes= 5300 eps=0.050 replay= 39936 loss=0.00001 ext100=0.000 total100=0.044
[train] 36:36:03<107:09:28, 0.052s/step step= 2546000 episodes= 5304 eps=0.050 replay= 39936 loss=0.00001 ext100=0.000 total100=0.044
[train] 36:37:47<107:07:45, 0.052s/step step= 2548000 episodes= 5308 eps=0.050 replay= 39936 loss=0.00001 ext100=0.000 total100=0.044
[train] 36:39:31<107:06:02, 0.052s/step step= 2550000 episodes= 5312 eps=0.050 replay= 39936 loss=0.00001 ext100=0.000 total100=0.042
[train] 36:41:14<107:04:20, 0.052s/step step= 2552000 episodes= 5316 eps=0.050 replay= 39936 loss=0.00000 ext100=0.000 total100=0.043
[train] 36:42:58<107:02:36, 0.052s/step step= 2554000 episodes= 5320 eps=0.050 replay= 39936 loss=0.00002 ext100=0.000 total100=0.044
[train] 36:44:42<107:00:54, 0.052s/step step= 2556000 episodes= 5325 eps=0.050 replay= 39936 loss=0.00001 ext100=0.000 total100=0.044
[train] 36:46:25<106:59:10, 0.052s/step step= 2558000 episodes= 5329 eps=0.050 replay= 39936 loss=0.00001 ext100=0.000 total100=0.043
[eval] step=2560000 episodes=5333 mean_ext_return=0.000
[train] 36:48:24<106:58:11, 0.052s/step step= 2560000 episodes= 5333 eps=0.050 replay= 39936 loss=0.00001 ext100=0.000 total100=0.044
[train] 36:50:08<106:56:28, 0.052s/step step= 2562000 episodes= 5337 eps=0.050 replay= 39936 loss=0.00002 ext100=0.000 total100=0.042
[train] 36:51:51<106:54:43, 0.052s/step step= 2564000 episodes= 5341 eps=0.050 replay= 39936 loss=0.00001 ext100=0.000 total100=0.041
[train] 36:53:34<106:52:59, 0.052s/step step= 2566000 episodes= 5345 eps=0.050 replay= 39936 loss=0.00001 ext100=0.000 total100=0.041
[train] 36:55:18<106:51:17, 0.052s/step step= 2568000 episodes= 5350 eps=0.050 replay= 39936 loss=0.00000 ext100=0.000 total100=0.042
[train] 36:57:02<106:49:33, 0.052s/step step= 2570000 episodes= 5354 eps=0.050 replay= 39936 loss=0.00001 ext100=0.000 total100=0.044
[train] 36:58:46<106:47:51, 0.052s/step step= 2572000 episodes= 5358 eps=0.050 replay= 39936 loss=0.00001 ext100=0.000 total100=0.045
[train] 37:00:29<106:46:07, 0.052s/step step= 2574000 episodes= 5362 eps=0.050 replay= 39936 loss=0.00001 ext100=0.000 total100=0.045
[train] 37:02:13<106:44:25, 0.052s/step step= 2576000 episodes= 5366 eps=0.050 replay= 39936 loss=0.00001 ext100=0.000 total100=0.044
[train] 37:03:56<106:42:41, 0.052s/step step= 2578000 episodes= 5370 eps=0.050 replay= 39936 loss=0.00002 ext100=0.000 total100=0.045
[eval] step=2580000 episodes=5375 mean_ext_return=0.000
[train] 37:05:55<106:41:42, 0.052s/step step= 2580000 episodes= 5375 eps=0.050 replay= 39936 loss=0.00002 ext100=0.000 total100=0.045
[train] 37:07:39<106:39:59, 0.052s/step step= 2582000 episodes= 5379 eps=0.050 replay= 39936 loss=0.00001 ext100=0.000 total100=0.045
[train] 37:09:22<106:38:13, 0.052s/step step= 2584000 episodes= 5383 eps=0.050 replay= 39936 loss=0.00001 ext100=0.000 total100=0.044
[train] 37:11:05<106:36:29, 0.052s/step step= 2586000 episodes= 5387 eps=0.050 replay= 39936 loss=0.00001 ext100=0.000 total100=0.046
[train] 37:12:49<106:34:47, 0.052s/step step= 2588000 episodes= 5391 eps=0.050 replay= 39936 loss=0.00000 ext100=0.000 total100=0.047
[train] 37:14:33<106:33:03, 0.052s/step step= 2590000 episodes= 5395 eps=0.050 replay= 39936 loss=0.00000 ext100=0.000 total100=0.047
[train] 37:16:17<106:31:21, 0.052s/step step= 2592000 episodes= 5400 eps=0.050 replay= 39936 loss=0.00000 ext100=0.000 total100=0.047
[train] 37:18:00<106:29:37, 0.052s/step step= 2594000 episodes= 5404 eps=0.050 replay= 39936 loss=0.00002 ext100=0.000 total100=0.048
[train] 37:19:44<106:27:55, 0.052s/step step= 2596000 episodes= 5408 eps=0.050 replay= 39936 loss=0.00001 ext100=0.000 total100=0.048
[train] 37:21:27<106:26:11, 0.052s/step step= 2598000 episodes= 5412 eps=0.050 replay= 39936 loss=0.00001 ext100=0.000 total100=0.048
[eval] step=2600000 episodes=5416 mean_ext_return=0.000
[train] 37:23:26<106:25:11, 0.052s/step step= 2600000 episodes= 5416 eps=0.050 replay= 39936 loss=0.00001 ext100=0.000 total100=0.048
[train] 37:25:10<106:23:28, 0.052s/step step= 2602000 episodes= 5420 eps=0.050 replay= 39936 loss=0.00002 ext100=0.000 total100=0.047
[train] 37:26:53<106:21:43, 0.052s/step step= 2604000 episodes= 5425 eps=0.050 replay= 39936 loss=0.00001 ext100=0.000 total100=0.045
[train] 37:28:36<106:19:59, 0.052s/step step= 2606000 episodes= 5429 eps=0.050 replay= 39936 loss=0.00001 ext100=0.000 total100=0.045
[train] 37:30:21<106:18:17, 0.052s/step step= 2608000 episodes= 5433 eps=0.050 replay= 39936 loss=0.00001 ext100=0.000 total100=0.046
[train] 37:32:04<106:16:33, 0.052s/step step= 2610000 episodes= 5437 eps=0.050 replay= 39936 loss=0.00002 ext100=0.000 total100=0.046
[train] 37:33:48<106:14:51, 0.052s/step step= 2612000 episodes= 5441 eps=0.050 replay= 39936 loss=0.00001 ext100=0.000 total100=0.046
[train] 37:35:31<106:13:07, 0.052s/step step= 2614000 episodes= 5445 eps=0.050 replay= 39936 loss=0.00000 ext100=0.000 total100=0.046
[train] 37:37:15<106:11:25, 0.052s/step step= 2616000 episodes= 5450 eps=0.050 replay= 39936 loss=0.00001 ext100=0.000 total100=0.046
[train] 37:38:59<106:09:41, 0.052s/step step= 2618000 episodes= 5454 eps=0.050 replay= 39936 loss=0.00003 ext100=0.000 total100=0.045
[eval] step=2620000 episodes=5458 mean_ext_return=0.000
[train] 37:40:58<106:08:41, 0.052s/step step= 2620000 episodes= 5458 eps=0.050 replay= 39936 loss=0.00001 ext100=0.000 total100=0.044
[train] 37:42:42<106:06:58, 0.052s/step step= 2622000 episodes= 5462 eps=0.050 replay= 39936 loss=0.00001 ext100=0.000 total100=0.043
[train] 37:44:25<106:05:13, 0.052s/step step= 2624000 episodes= 5466 eps=0.050 replay= 39936 loss=0.00001 ext100=0.000 total100=0.044
[train] 37:46:08<106:03:30, 0.052s/step step= 2626000 episodes= 5470 eps=0.050 replay= 39936 loss=0.00001 ext100=0.000 total100=0.044
[train] 37:47:52<106:01:47, 0.052s/step step= 2628000 episodes= 5475 eps=0.050 replay= 39936 loss=0.00002 ext100=0.000 total100=0.045
[train] 37:49:36<106:00:03, 0.052s/step step= 2630000 episodes= 5479 eps=0.050 replay= 39936 loss=0.00001 ext100=0.000 total100=0.046
[train] 37:51:19<105:58:21, 0.052s/step step= 2632000 episodes= 5483 eps=0.050 replay= 39936 loss=0.00001 ext100=0.000 total100=0.046
[train] 37:53:03<105:56:37, 0.052s/step step= 2634000 episodes= 5487 eps=0.050 replay= 39936 loss=0.00005 ext100=0.000 total100=0.045
[train] 37:54:47<105:54:54, 0.052s/step step= 2636000 episodes= 5491 eps=0.050 replay= 39936 loss=0.00001 ext100=0.000 total100=0.045
[train] 37:56:30<105:53:11, 0.052s/step step= 2638000 episodes= 5495 eps=0.050 replay= 39936 loss=0.00001 ext100=0.000 total100=0.045
[eval] step=2640000 episodes=5500 mean_ext_return=0.000
[train] 37:58:29<105:52:10, 0.052s/step step= 2640000 episodes= 5500 eps=0.050 replay= 39936 loss=0.00001 ext100=0.000 total100=0.046
[train] 38:00:13<105:50:26, 0.052s/step step= 2642000 episodes= 5504 eps=0.050 replay= 39936 loss=0.00001 ext100=0.000 total100=0.045
[train] 38:01:56<105:48:41, 0.052s/step step= 2644000 episodes= 5508 eps=0.050 replay= 39936 loss=0.00001 ext100=0.000 total100=0.046
[train] 38:03:39<105:46:58, 0.052s/step step= 2646000 episodes= 5512 eps=0.050 replay= 39936 loss=0.00001 ext100=0.000 total100=0.046
[train] 38:05:23<105:45:15, 0.052s/step step= 2648000 episodes= 5516 eps=0.050 replay= 39936 loss=0.00001 ext100=0.000 total100=0.046
[train] 38:07:07<105:43:31, 0.052s/step step= 2650000 episodes= 5520 eps=0.050 replay= 39936 loss=0.00001 ext100=0.000 total100=0.045
[train] 38:08:51<105:41:49, 0.052s/step step= 2652000 episodes= 5525 eps=0.050 replay= 39936 loss=0.00001 ext100=0.000 total100=0.046
[train] 38:10:34<105:40:05, 0.052s/step step= 2654000 episodes= 5529 eps=0.050 replay= 39936 loss=0.00001 ext100=0.000 total100=0.048
[train] 38:12:18<105:38:22, 0.052s/step step= 2656000 episodes= 5533 eps=0.050 replay= 39936 loss=0.00001 ext100=0.000 total100=0.047
[train] 38:14:02<105:36:38, 0.052s/step step= 2658000 episodes= 5537 eps=0.050 replay= 39936 loss=0.00002 ext100=0.000 total100=0.047
[eval] step=2660000 episodes=5541 mean_ext_return=0.000
[train] 38:16:00<105:35:37, 0.052s/step step= 2660000 episodes= 5541 eps=0.050 replay= 39936 loss=0.00001 ext100=0.000 total100=0.047
[train] 38:17:44<105:33:53, 0.052s/step step= 2662000 episodes= 5545 eps=0.050 replay= 39936 loss=0.00001 ext100=0.000 total100=0.047
[train] 38:19:27<105:32:08, 0.052s/step step= 2664000 episodes= 5550 eps=0.050 replay= 39936 loss=0.00001 ext100=0.000 total100=0.047
[train] 38:21:11<105:30:25, 0.052s/step step= 2666000 episodes= 5554 eps=0.050 replay= 39936 loss=0.00001 ext100=0.000 total100=0.046
[train] 38:22:55<105:28:42, 0.052s/step step= 2668000 episodes= 5558 eps=0.050 replay= 39936 loss=0.00000 ext100=0.000 total100=0.048
[train] 38:24:38<105:26:59, 0.052s/step step= 2670000 episodes= 5562 eps=0.050 replay= 39936 loss=0.00001 ext100=0.000 total100=0.049
[train] 38:26:22<105:25:16, 0.052s/step step= 2672000 episodes= 5566 eps=0.050 replay= 39936 loss=0.00001 ext100=0.000 total100=0.048
[train] 38:28:06<105:23:32, 0.052s/step step= 2674000 episodes= 5570 eps=0.050 replay= 39936 loss=0.00002 ext100=0.000 total100=0.048
[train] 38:29:50<105:21:49, 0.052s/step step= 2676000 episodes= 5575 eps=0.050 replay= 39936 loss=0.00001 ext100=0.000 total100=0.047
[train] 38:31:33<105:20:06, 0.052s/step step= 2678000 episodes= 5579 eps=0.050 replay= 39936 loss=0.00001 ext100=0.000 total100=0.048
[eval] step=2680000 episodes=5583 mean_ext_return=0.000
[train] 38:33:32<105:19:03, 0.052s/step step= 2680000 episodes= 5583 eps=0.050 replay= 39936 loss=0.00000 ext100=0.000 total100=0.051
[train] 38:35:15<105:17:20, 0.052s/step step= 2682000 episodes= 5587 eps=0.050 replay= 39936 loss=0.00001 ext100=0.000 total100=0.051
[train] 38:36:58<105:15:35, 0.052s/step step= 2684000 episodes= 5591 eps=0.050 replay= 39936 loss=0.00001 ext100=0.000 total100=0.049
[train] 38:38:42<105:13:51, 0.052s/step step= 2686000 episodes= 5595 eps=0.050 replay= 39936 loss=0.00001 ext100=0.000 total100=0.049
[train] 38:40:26<105:12:08, 0.052s/step step= 2688000 episodes= 5600 eps=0.050 replay= 39936 loss=0.00000 ext100=0.000 total100=0.048
[train] 38:42:09<105:10:25, 0.052s/step step= 2690000 episodes= 5604 eps=0.050 replay= 39936 loss=0.00003 ext100=0.000 total100=0.048
[train] 38:43:53<105:08:42, 0.052s/step step= 2692000 episodes= 5608 eps=0.050 replay= 39936 loss=0.00001 ext100=0.000 total100=0.048
[train] 38:45:37<105:06:58, 0.052s/step step= 2694000 episodes= 5612 eps=0.050 replay= 39936 loss=0.00000 ext100=0.000 total100=0.047
[train] 38:47:21<105:05:16, 0.052s/step step= 2696000 episodes= 5616 eps=0.050 replay= 39936 loss=0.00001 ext100=0.000 total100=0.047
[train] 38:49:04<105:03:32, 0.052s/step step= 2698000 episodes= 5620 eps=0.050 replay= 39936 loss=0.00001 ext100=0.000 total100=0.048
[eval] step=2700000 episodes=5625 mean_ext_return=0.000
[train] 38:51:03<105:02:29, 0.052s/step step= 2700000 episodes= 5625 eps=0.050 replay= 39936 loss=0.00000 ext100=0.000 total100=0.046
[train] 38:52:47<105:00:45, 0.052s/step step= 2702000 episodes= 5629 eps=0.050 replay= 39936 loss=0.00000 ext100=0.000 total100=0.045
[train] 38:54:30<104:59:00, 0.052s/step step= 2704000 episodes= 5633 eps=0.050 replay= 39936 loss=0.00001 ext100=0.000 total100=0.046
[train] 38:56:13<104:57:16, 0.052s/step step= 2706000 episodes= 5637 eps=0.050 replay= 39936 loss=0.00002 ext100=0.000 total100=0.046
[train] 38:57:57<104:55:34, 0.052s/step step= 2708000 episodes= 5641 eps=0.050 replay= 39936 loss=0.00001 ext100=0.000 total100=0.046
[train] 38:59:41<104:53:50, 0.052s/step step= 2710000 episodes= 5645 eps=0.050 replay= 39936 loss=0.00001 ext100=0.000 total100=0.045
[train] 39:01:24<104:52:07, 0.052s/step step= 2712000 episodes= 5650 eps=0.050 replay= 39936 loss=0.00001 ext100=0.000 total100=0.045
[train] 39:03:08<104:50:23, 0.052s/step step= 2714000 episodes= 5654 eps=0.050 replay= 39936 loss=0.00001 ext100=0.000 total100=0.045
[train] 39:04:52<104:48:41, 0.052s/step step= 2716000 episodes= 5658 eps=0.050 replay= 39936 loss=0.00000 ext100=0.000 total100=0.043
[train] 39:06:36<104:46:57, 0.052s/step step= 2718000 episodes= 5662 eps=0.050 replay= 39936 loss=0.00001 ext100=0.000 total100=0.043
[eval] step=2720000 episodes=5666 mean_ext_return=0.000
[train] 39:08:34<104:45:54, 0.052s/step step= 2720000 episodes= 5666 eps=0.050 replay= 39936 loss=0.00001 ext100=0.000 total100=0.044
[train] 39:10:18<104:44:10, 0.052s/step step= 2722000 episodes= 5670 eps=0.050 replay= 39936 loss=0.00001 ext100=0.000 total100=0.044
[train] 39:12:01<104:42:25, 0.052s/step step= 2724000 episodes= 5675 eps=0.050 replay= 39936 loss=0.00000 ext100=0.000 total100=0.044
[train] 39:13:45<104:40:41, 0.052s/step step= 2726000 episodes= 5679 eps=0.050 replay= 39936 loss=0.00000 ext100=0.000 total100=0.042
[train] 39:15:29<104:38:59, 0.052s/step step= 2728000 episodes= 5683 eps=0.050 replay= 39936 loss=0.00001 ext100=0.000 total100=0.040
[train] 39:17:12<104:37:15, 0.052s/step step= 2730000 episodes= 5687 eps=0.050 replay= 39936 loss=0.00002 ext100=0.000 total100=0.040
[train] 39:18:56<104:35:32, 0.052s/step step= 2732000 episodes= 5691 eps=0.050 replay= 39936 loss=0.00001 ext100=0.000 total100=0.042
[train] 39:20:39<104:33:48, 0.052s/step step= 2734000 episodes= 5695 eps=0.050 replay= 39936 loss=0.00000 ext100=0.000 total100=0.042
[train] 39:22:23<104:32:05, 0.052s/step step= 2736000 episodes= 5700 eps=0.050 replay= 39936 loss=0.00000 ext100=0.000 total100=0.042
[train] 39:24:07<104:30:22, 0.052s/step step= 2738000 episodes= 5704 eps=0.050 replay= 39936 loss=0.00001 ext100=0.000 total100=0.043
[eval] step=2740000 episodes=5708 mean_ext_return=0.000
[train] 39:26:06<104:29:18, 0.052s/step step= 2740000 episodes= 5708 eps=0.050 replay= 39936 loss=0.00001 ext100=0.000 total100=0.043
[train] 39:27:49<104:27:35, 0.052s/step step= 2742000 episodes= 5712 eps=0.050 replay= 39936 loss=0.00001 ext100=0.000 total100=0.043
[train] 39:29:32<104:25:49, 0.052s/step step= 2744000 episodes= 5716 eps=0.050 replay= 39936 loss=0.00000 ext100=0.000 total100=0.044
[train] 39:31:16<104:24:06, 0.052s/step step= 2746000 episodes= 5720 eps=0.050 replay= 39936 loss=0.00002 ext100=0.000 total100=0.045
[train] 39:33:00<104:22:23, 0.052s/step step= 2748000 episodes= 5725 eps=0.050 replay= 39936 loss=0.00001 ext100=0.000 total100=0.045
[train] 39:34:43<104:20:39, 0.052s/step step= 2750000 episodes= 5729 eps=0.050 replay= 39936 loss=0.00000 ext100=0.000 total100=0.044
[train] 39:36:27<104:18:56, 0.052s/step step= 2752000 episodes= 5733 eps=0.050 replay= 39936 loss=0.00000 ext100=0.000 total100=0.043
[train] 39:38:11<104:17:12, 0.052s/step step= 2754000 episodes= 5737 eps=0.050 replay= 39936 loss=0.00001 ext100=0.000 total100=0.043
[train] 39:39:55<104:15:29, 0.052s/step step= 2756000 episodes= 5741 eps=0.050 replay= 39936 loss=0.00001 ext100=0.000 total100=0.044
[train] 39:41:38<104:13:45, 0.052s/step step= 2758000 episodes= 5745 eps=0.050 replay= 39936 loss=0.00000 ext100=0.000 total100=0.044
[eval] step=2760000 episodes=5750 mean_ext_return=0.000
[train] 39:43:37<104:12:42, 0.052s/step step= 2760000 episodes= 5750 eps=0.050 replay= 39936 loss=0.00001 ext100=0.000 total100=0.044
[train] 39:45:21<104:10:58, 0.052s/step step= 2762000 episodes= 5754 eps=0.050 replay= 39936 loss=0.00001 ext100=0.000 total100=0.045
[train] 39:47:04<104:09:13, 0.052s/step step= 2764000 episodes= 5758 eps=0.050 replay= 39936 loss=0.00001 ext100=0.000 total100=0.046
[train] 39:48:47<104:07:29, 0.052s/step step= 2766000 episodes= 5762 eps=0.050 replay= 39936 loss=0.00000 ext100=0.000 total100=0.046
[train] 39:50:31<104:05:46, 0.052s/step step= 2768000 episodes= 5766 eps=0.050 replay= 39936 loss=0.00001 ext100=0.000 total100=0.045
[train] 39:52:15<104:04:02, 0.052s/step step= 2770000 episodes= 5770 eps=0.050 replay= 39936 loss=0.00004 ext100=0.000 total100=0.046
[train] 39:53:59<104:02:20, 0.052s/step step= 2772000 episodes= 5775 eps=0.050 replay= 39936 loss=0.00001 ext100=0.000 total100=0.046
[train] 39:55:42<104:00:35, 0.052s/step step= 2774000 episodes= 5779 eps=0.050 replay= 39936 loss=0.00001 ext100=0.000 total100=0.046
[train] 39:57:26<103:58:52, 0.052s/step step= 2776000 episodes= 5783 eps=0.050 replay= 39936 loss=0.00000 ext100=0.000 total100=0.046
[train] 39:59:10<103:57:08, 0.052s/step step= 2778000 episodes= 5787 eps=0.050 replay= 39936 loss=0.00001 ext100=0.000 total100=0.045
[eval] step=2780000 episodes=5791 mean_ext_return=0.000
[train] 40:01:08<103:56:04, 0.052s/step step= 2780000 episodes= 5791 eps=0.050 replay= 39936 loss=0.00001 ext100=0.000 total100=0.045
[train] 40:02:52<103:54:21, 0.052s/step step= 2782000 episodes= 5795 eps=0.050 replay= 39936 loss=0.00001 ext100=0.000 total100=0.046
[train] 40:04:35<103:52:35, 0.052s/step step= 2784000 episodes= 5800 eps=0.050 replay= 39936 loss=0.00000 ext100=0.000 total100=0.046
[train] 40:06:19<103:50:52, 0.052s/step step= 2786000 episodes= 5804 eps=0.050 replay= 39936 loss=0.00001 ext100=0.000 total100=0.046
[train] 40:08:03<103:49:09, 0.052s/step step= 2788000 episodes= 5808 eps=0.050 replay= 39936 loss=0.00001 ext100=0.000 total100=0.045
[train] 40:09:46<103:47:25, 0.052s/step step= 2790000 episodes= 5812 eps=0.050 replay= 39936 loss=0.00000 ext100=0.000 total100=0.045
[train] 40:11:30<103:45:42, 0.052s/step step= 2792000 episodes= 5816 eps=0.050 replay= 39936 loss=0.00001 ext100=0.000 total100=0.045
[train] 40:13:14<103:43:58, 0.052s/step step= 2794000 episodes= 5820 eps=0.050 replay= 39936 loss=0.00002 ext100=0.000 total100=0.045
[train] 40:14:58<103:42:15, 0.052s/step step= 2796000 episodes= 5825 eps=0.050 replay= 39936 loss=0.00001 ext100=0.000 total100=0.047
[train] 40:16:41<103:40:31, 0.052s/step step= 2798000 episodes= 5829 eps=0.050 replay= 39936 loss=0.00001 ext100=0.000 total100=0.047
[eval] step=2800000 episodes=5833 mean_ext_return=0.000
[train] 40:18:40<103:39:26, 0.052s/step step= 2800000 episodes= 5833 eps=0.050 replay= 39936 loss=0.00001 ext100=0.000 total100=0.047
[train] 40:20:24<103:37:42, 0.052s/step step= 2802000 episodes= 5837 eps=0.050 replay= 39936 loss=0.00001 ext100=0.000 total100=0.047
[train] 40:22:07<103:35:57, 0.052s/step step= 2804000 episodes= 5841 eps=0.050 replay= 39936 loss=0.00000 ext100=0.000 total100=0.048
[train] 40:23:50<103:34:13, 0.052s/step step= 2806000 episodes= 5845 eps=0.050 replay= 39936 loss=0.00001 ext100=0.000 total100=0.048
[train] 40:25:34<103:32:30, 0.052s/step step= 2808000 episodes= 5850 eps=0.050 replay= 39936 loss=0.00001 ext100=0.000 total100=0.049
[train] 40:27:17<103:30:46, 0.052s/step step= 2810000 episodes= 5854 eps=0.050 replay= 39936 loss=0.00002 ext100=0.000 total100=0.048
[train] 40:29:01<103:29:03, 0.052s/step step= 2812000 episodes= 5858 eps=0.050 replay= 39936 loss=0.00000 ext100=0.000 total100=0.049
[train] 40:30:45<103:27:19, 0.052s/step step= 2814000 episodes= 5862 eps=0.050 replay= 39936 loss=0.00001 ext100=0.000 total100=0.049
[train] 40:32:29<103:25:36, 0.052s/step step= 2816000 episodes= 5866 eps=0.050 replay= 39936 loss=0.00001 ext100=0.000 total100=0.049
[train] 40:34:12<103:23:52, 0.052s/step step= 2818000 episodes= 5870 eps=0.050 replay= 39936 loss=0.00003 ext100=0.000 total100=0.047
[eval] step=2820000 episodes=5875 mean_ext_return=0.000
[train] 40:36:11<103:22:47, 0.052s/step step= 2820000 episodes= 5875 eps=0.050 replay= 39936 loss=0.00000 ext100=0.000 total100=0.049
[train] 40:37:55<103:21:03, 0.052s/step step= 2822000 episodes= 5879 eps=0.050 replay= 39936 loss=0.00001 ext100=0.000 total100=0.049
[train] 40:39:38<103:19:18, 0.052s/step step= 2824000 episodes= 5883 eps=0.050 replay= 39936 loss=0.00000 ext100=0.000 total100=0.049
[train] 40:41:21<103:17:34, 0.052s/step step= 2826000 episodes= 5887 eps=0.050 replay= 39936 loss=0.00002 ext100=0.000 total100=0.048
[train] 40:43:05<103:15:51, 0.052s/step step= 2828000 episodes= 5891 eps=0.050 replay= 39936 loss=0.00001 ext100=0.000 total100=0.047
[train] 40:44:49<103:14:07, 0.052s/step step= 2830000 episodes= 5895 eps=0.050 replay= 39936 loss=0.00000 ext100=0.000 total100=0.047
[train] 40:46:33<103:12:24, 0.052s/step step= 2832000 episodes= 5900 eps=0.050 replay= 39936 loss=0.00001 ext100=0.000 total100=0.046
[train] 40:48:16<103:10:40, 0.052s/step step= 2834000 episodes= 5904 eps=0.050 replay= 39936 loss=0.00002 ext100=0.000 total100=0.046
[train] 40:50:00<103:08:57, 0.052s/step step= 2836000 episodes= 5908 eps=0.050 replay= 39936 loss=0.00000 ext100=0.000 total100=0.045
[train] 40:51:44<103:07:13, 0.052s/step step= 2838000 episodes= 5912 eps=0.050 replay= 39936 loss=0.00001 ext100=0.000 total100=0.045
[eval] step=2840000 episodes=5916 mean_ext_return=0.000
[train] 40:53:43<103:06:08, 0.052s/step step= 2840000 episodes= 5916 eps=0.050 replay= 39936 loss=0.00001 ext100=0.000 total100=0.045
[train] 40:55:26<103:04:24, 0.052s/step step= 2842000 episodes= 5920 eps=0.050 replay= 39936 loss=0.00001 ext100=0.000 total100=0.045
[train] 40:57:09<103:02:39, 0.052s/step step= 2844000 episodes= 5925 eps=0.050 replay= 39936 loss=0.00001 ext100=0.000 total100=0.042
[train] 40:58:53<103:00:55, 0.052s/step step= 2846000 episodes= 5929 eps=0.050 replay= 39936 loss=0.00001 ext100=0.000 total100=0.042
[train] 41:00:37<102:59:12, 0.052s/step step= 2848000 episodes= 5933 eps=0.050 replay= 39936 loss=0.00001 ext100=0.000 total100=0.043
[train] 41:02:20<102:57:28, 0.052s/step step= 2850000 episodes= 5937 eps=0.050 replay= 39936 loss=0.00001 ext100=0.000 total100=0.042
[train] 41:04:04<102:55:44, 0.052s/step step= 2852000 episodes= 5941 eps=0.050 replay= 39936 loss=0.00001 ext100=0.000 total100=0.042
[train] 41:05:48<102:54:00, 0.052s/step step= 2854000 episodes= 5945 eps=0.050 replay= 39936 loss=0.00001 ext100=0.000 total100=0.042
[train] 41:07:32<102:52:17, 0.052s/step step= 2856000 episodes= 5950 eps=0.050 replay= 39936 loss=0.00000 ext100=0.000 total100=0.042
[train] 41:09:15<102:50:33, 0.052s/step step= 2858000 episodes= 5954 eps=0.050 replay= 39936 loss=0.00001 ext100=0.000 total100=0.041
[eval] step=2860000 episodes=5958 mean_ext_return=0.000
[train] 41:11:14<102:49:27, 0.052s/step step= 2860000 episodes= 5958 eps=0.050 replay= 39936 loss=0.00001 ext100=0.000 total100=0.040
[train] 41:12:58<102:47:44, 0.052s/step step= 2862000 episodes= 5962 eps=0.050 replay= 39936 loss=0.00001 ext100=0.000 total100=0.041
[train] 41:14:41<102:45:58, 0.052s/step step= 2864000 episodes= 5966 eps=0.050 replay= 39936 loss=0.00001 ext100=0.000 total100=0.041
[train] 41:16:24<102:44:14, 0.052s/step step= 2866000 episodes= 5970 eps=0.050 replay= 39936 loss=0.00002 ext100=0.000 total100=0.041
[train] 41:18:08<102:42:31, 0.052s/step step= 2868000 episodes= 5975 eps=0.050 replay= 39936 loss=0.00001 ext100=0.000 total100=0.040
[train] 41:19:52<102:40:47, 0.052s/step step= 2870000 episodes= 5979 eps=0.050 replay= 39936 loss=0.00000 ext100=0.000 total100=0.039
[train] 41:21:36<102:39:04, 0.052s/step step= 2872000 episodes= 5983 eps=0.050 replay= 39936 loss=0.00001 ext100=0.000 total100=0.039
[train] 41:23:19<102:37:20, 0.052s/step step= 2874000 episodes= 5987 eps=0.050 replay= 39936 loss=0.00002 ext100=0.000 total100=0.040
[train] 41:25:03<102:35:37, 0.052s/step step= 2876000 episodes= 5991 eps=0.050 replay= 39936 loss=0.00000 ext100=0.000 total100=0.040
[train] 41:26:47<102:33:53, 0.052s/step step= 2878000 episodes= 5995 eps=0.050 replay= 39936 loss=0.00001 ext100=0.000 total100=0.040
[eval] step=2880000 episodes=6000 mean_ext_return=0.000
[train] 41:28:45<102:32:46, 0.052s/step step= 2880000 episodes= 6000 eps=0.050 replay= 39936 loss=0.00001 ext100=0.000 total100=0.041
[train] 41:30:29<102:31:03, 0.052s/step step= 2882000 episodes= 6004 eps=0.050 replay= 39936 loss=0.00002 ext100=0.000 total100=0.041
[train] 41:32:12<102:29:17, 0.052s/step step= 2884000 episodes= 6008 eps=0.050 replay= 39936 loss=0.00001 ext100=0.000 total100=0.043
[train] 41:33:56<102:27:33, 0.052s/step step= 2886000 episodes= 6012 eps=0.050 replay= 39936 loss=0.00001 ext100=0.000 total100=0.043
[train] 41:35:40<102:25:51, 0.052s/step step= 2888000 episodes= 6016 eps=0.050 replay= 39936 loss=0.00000 ext100=0.000 total100=0.043
[train] 41:37:23<102:24:06, 0.052s/step step= 2890000 episodes= 6020 eps=0.050 replay= 39936 loss=0.00001 ext100=0.000 total100=0.043
[train] 41:39:07<102:22:23, 0.052s/step step= 2892000 episodes= 6025 eps=0.050 replay= 39936 loss=0.00000 ext100=0.000 total100=0.044
[train] 41:40:50<102:20:38, 0.052s/step step= 2894000 episodes= 6029 eps=0.050 replay= 39936 loss=0.00000 ext100=0.000 total100=0.044
[train] 41:42:34<102:18:55, 0.052s/step step= 2896000 episodes= 6033 eps=0.050 replay= 39936 loss=0.00001 ext100=0.000 total100=0.044
[train] 41:44:18<102:17:11, 0.052s/step step= 2898000 episodes= 6037 eps=0.050 replay= 39936 loss=0.00002 ext100=0.000 total100=0.044
[eval] step=2900000 episodes=6041 mean_ext_return=0.000
[train] 41:46:17<102:16:04, 0.052s/step step= 2900000 episodes= 6041 eps=0.050 replay= 39936 loss=0.00001 ext100=0.000 total100=0.044
[train] 41:48:01<102:14:21, 0.052s/step step= 2902000 episodes= 6045 eps=0.050 replay= 39936 loss=0.00001 ext100=0.000 total100=0.044
[train] 41:49:44<102:12:36, 0.052s/step step= 2904000 episodes= 6050 eps=0.050 replay= 39936 loss=0.00001 ext100=0.000 total100=0.043
[train] 41:51:27<102:10:51, 0.052s/step step= 2906000 episodes= 6054 eps=0.050 replay= 39936 loss=0.00002 ext100=0.000 total100=0.044
[train] 41:53:11<102:09:08, 0.052s/step step= 2908000 episodes= 6058 eps=0.050 replay= 39936 loss=0.00001 ext100=0.000 total100=0.044
[train] 41:54:54<102:07:24, 0.052s/step step= 2910000 episodes= 6062 eps=0.050 replay= 39936 loss=0.00000 ext100=0.000 total100=0.043
[train] 41:56:38<102:05:40, 0.052s/step step= 2912000 episodes= 6066 eps=0.050 replay= 39936 loss=0.00001 ext100=0.000 total100=0.044
[train] 41:58:22<102:03:56, 0.052s/step step= 2914000 episodes= 6070 eps=0.050 replay= 39936 loss=0.00001 ext100=0.000 total100=0.043
[train] 42:00:06<102:02:13, 0.052s/step step= 2916000 episodes= 6075 eps=0.050 replay= 39936 loss=0.00000 ext100=0.000 total100=0.044
[train] 42:01:49<102:00:28, 0.052s/step step= 2918000 episodes= 6079 eps=0.050 replay= 39936 loss=0.00000 ext100=0.000 total100=0.043
[eval] step=2920000 episodes=6083 mean_ext_return=0.000
[train] 42:03:48<101:59:21, 0.052s/step step= 2920000 episodes= 6083 eps=0.050 replay= 39936 loss=0.00000 ext100=0.000 total100=0.043
[train] 42:05:31<101:57:37, 0.052s/step step= 2922000 episodes= 6087 eps=0.050 replay= 39936 loss=0.00003 ext100=0.000 total100=0.043
[train] 42:07:15<101:55:52, 0.052s/step step= 2924000 episodes= 6091 eps=0.050 replay= 39936 loss=0.00001 ext100=0.000 total100=0.044
[train] 42:08:58<101:54:08, 0.052s/step step= 2926000 episodes= 6095 eps=0.050 replay= 39936 loss=0.00001 ext100=0.000 total100=0.044
[train] 42:10:42<101:52:25, 0.052s/step step= 2928000 episodes= 6100 eps=0.050 replay= 39936 loss=0.00001 ext100=0.000 total100=0.044
[train] 42:12:25<101:50:40, 0.052s/step step= 2930000 episodes= 6104 eps=0.050 replay= 39936 loss=0.00001 ext100=0.000 total100=0.044
[train] 42:14:10<101:48:57, 0.052s/step step= 2932000 episodes= 6108 eps=0.050 replay= 39936 loss=0.00001 ext100=0.000 total100=0.043
[train] 42:15:53<101:47:13, 0.052s/step step= 2934000 episodes= 6112 eps=0.050 replay= 39936 loss=0.00000 ext100=0.000 total100=0.043
[train] 42:17:37<101:45:30, 0.052s/step step= 2936000 episodes= 6116 eps=0.050 replay= 39936 loss=0.00001 ext100=0.000 total100=0.043
[train] 42:19:20<101:43:46, 0.052s/step step= 2938000 episodes= 6120 eps=0.050 replay= 39936 loss=0.00001 ext100=0.000 total100=0.044
[eval] step=2940000 episodes=6125 mean_ext_return=0.000
[train] 42:21:19<101:42:38, 0.052s/step step= 2940000 episodes= 6125 eps=0.050 replay= 39936 loss=0.00001 ext100=0.000 total100=0.043
[train] 42:23:03<101:40:55, 0.052s/step step= 2942000 episodes= 6129 eps=0.050 replay= 39936 loss=0.00000 ext100=0.000 total100=0.043
[train] 42:24:46<101:39:09, 0.052s/step step= 2944000 episodes= 6133 eps=0.050 replay= 39936 loss=0.00001 ext100=0.000 total100=0.043
[train] 42:26:30<101:37:25, 0.052s/step step= 2946000 episodes= 6137 eps=0.050 replay= 39936 loss=0.00002 ext100=0.000 total100=0.043
[train] 42:28:13<101:35:42, 0.052s/step step= 2948000 episodes= 6141 eps=0.050 replay= 39936 loss=0.00001 ext100=0.000 total100=0.043
[train] 42:29:57<101:33:57, 0.052s/step step= 2950000 episodes= 6145 eps=0.050 replay= 39936 loss=0.00000 ext100=0.000 total100=0.043
[train] 42:31:41<101:32:14, 0.052s/step step= 2952000 episodes= 6150 eps=0.050 replay= 39936 loss=0.00001 ext100=0.000 total100=0.043
[train] 42:33:24<101:30:30, 0.052s/step step= 2954000 episodes= 6154 eps=0.050 replay= 39936 loss=0.00001 ext100=0.000 total100=0.042
[train] 42:35:08<101:28:46, 0.052s/step step= 2956000 episodes= 6158 eps=0.050 replay= 39936 loss=0.00001 ext100=0.000 total100=0.043
[train] 42:36:51<101:27:01, 0.052s/step step= 2958000 episodes= 6162 eps=0.050 replay= 39936 loss=0.00000 ext100=0.000 total100=0.041
[eval] step=2960000 episodes=6166 mean_ext_return=0.000
[train] 42:38:50<101:25:53, 0.052s/step step= 2960000 episodes= 6166 eps=0.050 replay= 39936 loss=0.00000 ext100=0.000 total100=0.042
[train] 42:40:34<101:24:10, 0.052s/step step= 2962000 episodes= 6170 eps=0.050 replay= 39936 loss=0.00002 ext100=0.000 total100=0.043
[train] 42:42:17<101:22:24, 0.052s/step step= 2964000 episodes= 6175 eps=0.050 replay= 39936 loss=0.00001 ext100=0.000 total100=0.043
[train] 42:44:00<101:20:40, 0.052s/step step= 2966000 episodes= 6179 eps=0.050 replay= 39936 loss=0.00001 ext100=0.000 total100=0.043
[train] 42:45:44<101:18:57, 0.052s/step step= 2968000 episodes= 6183 eps=0.050 replay= 39936 loss=0.00001 ext100=0.000 total100=0.043
[train] 42:47:28<101:17:13, 0.052s/step step= 2970000 episodes= 6187 eps=0.050 replay= 39936 loss=0.00001 ext100=0.000 total100=0.043
[train] 42:49:12<101:15:29, 0.052s/step step= 2972000 episodes= 6191 eps=0.050 replay= 39936 loss=0.00000 ext100=0.000 total100=0.042
[train] 42:50:55<101:13:45, 0.052s/step step= 2974000 episodes= 6195 eps=0.050 replay= 39936 loss=0.00001 ext100=0.000 total100=0.043
[train] 42:52:39<101:12:02, 0.052s/step step= 2976000 episodes= 6200 eps=0.050 replay= 39936 loss=0.00001 ext100=0.000 total100=0.042
[train] 42:54:23<101:10:18, 0.052s/step step= 2978000 episodes= 6204 eps=0.050 replay= 39936 loss=0.00001 ext100=0.000 total100=0.042
[eval] step=2980000 episodes=6208 mean_ext_return=0.000
[train] 42:56:22<101:09:09, 0.052s/step step= 2980000 episodes= 6208 eps=0.050 replay= 39936 loss=0.00001 ext100=0.000 total100=0.043
[train] 42:58:05<101:07:26, 0.052s/step step= 2982000 episodes= 6212 eps=0.050 replay= 39936 loss=0.00001 ext100=0.000 total100=0.042
[train] 42:59:48<101:05:40, 0.052s/step step= 2984000 episodes= 6216 eps=0.050 replay= 39936 loss=0.00000 ext100=0.000 total100=0.042
[train] 43:01:32<101:03:56, 0.052s/step step= 2986000 episodes= 6220 eps=0.050 replay= 39936 loss=0.00001 ext100=0.000 total100=0.042
[train] 43:03:16<101:02:13, 0.052s/step step= 2988000 episodes= 6225 eps=0.050 replay= 39936 loss=0.00001 ext100=0.000 total100=0.042
[train] 43:04:59<101:00:28, 0.052s/step step= 2990000 episodes= 6229 eps=0.050 replay= 39936 loss=0.00001 ext100=0.000 total100=0.043
[train] 43:06:43<100:58:45, 0.052s/step step= 2992000 episodes= 6233 eps=0.050 replay= 39936 loss=0.00001 ext100=0.000 total100=0.043
[train] 43:08:27<100:57:01, 0.052s/step step= 2994000 episodes= 6237 eps=0.050 replay= 39936 loss=0.00002 ext100=0.000 total100=0.043
[train] 43:10:11<100:55:18, 0.052s/step step= 2996000 episodes= 6241 eps=0.050 replay= 39936 loss=0.00000 ext100=0.000 total100=0.043
[train] 43:11:54<100:53:33, 0.052s/step step= 2998000 episodes= 6245 eps=0.050 replay= 39936 loss=0.00000 ext100=0.000 total100=0.043
[eval] step=3000000 episodes=6250 mean_ext_return=0.000
[train] 43:13:53<100:52:24, 0.052s/step step= 3000000 episodes= 6250 eps=0.050 replay= 39936 loss=0.00000 ext100=0.000 total100=0.043
[train] 43:15:37<100:50:41, 0.052s/step step= 3002000 episodes= 6254 eps=0.050 replay= 39936 loss=0.00001 ext100=0.000 total100=0.044
[train] 43:17:20<100:48:55, 0.052s/step step= 3004000 episodes= 6258 eps=0.050 replay= 39936 loss=0.00001 ext100=0.000 total100=0.044
[train] 43:19:03<100:47:11, 0.052s/step step= 3006000 episodes= 6262 eps=0.050 replay= 39936 loss=0.00000 ext100=0.000 total100=0.045
[train] 43:20:47<100:45:27, 0.052s/step step= 3008000 episodes= 6266 eps=0.050 replay= 39936 loss=0.00001 ext100=0.000 total100=0.044
[train] 43:22:31<100:43:43, 0.052s/step step= 3010000 episodes= 6270 eps=0.050 replay= 39936 loss=0.00002 ext100=0.000 total100=0.044
[train] 43:24:15<100:42:00, 0.052s/step step= 3012000 episodes= 6275 eps=0.050 replay= 39936 loss=0.00001 ext100=0.000 total100=0.044
[train] 43:25:58<100:40:15, 0.052s/step step= 3014000 episodes= 6279 eps=0.050 replay= 39936 loss=0.00000 ext100=0.000 total100=0.044
[train] 43:27:42<100:38:32, 0.052s/step step= 3016000 episodes= 6283 eps=0.050 replay= 39936 loss=0.00000 ext100=0.000 total100=0.044
[train] 43:29:25<100:36:48, 0.052s/step step= 3018000 episodes= 6287 eps=0.050 replay= 39936 loss=0.00002 ext100=0.000 total100=0.045
[eval] step=3020000 episodes=6291 mean_ext_return=0.000
[train] 43:31:24<100:35:39, 0.052s/step step= 3020000 episodes= 6291 eps=0.050 replay= 39936 loss=0.00000 ext100=0.000 total100=0.044
[train] 43:33:08<100:33:55, 0.052s/step step= 3022000 episodes= 6295 eps=0.050 replay= 39936 loss=0.00001 ext100=0.000 total100=0.043
[train] 43:34:51<100:32:09, 0.052s/step step= 3024000 episodes= 6300 eps=0.050 replay= 39936 loss=0.00000 ext100=0.000 total100=0.044
[train] 43:36:35<100:30:25, 0.052s/step step= 3026000 episodes= 6304 eps=0.050 replay= 39936 loss=0.00002 ext100=0.000 total100=0.044
[train] 43:38:18<100:28:41, 0.052s/step step= 3028000 episodes= 6308 eps=0.050 replay= 39936 loss=0.00001 ext100=0.000 total100=0.045
[train] 43:40:02<100:26:56, 0.052s/step step= 3030000 episodes= 6312 eps=0.050 replay= 39936 loss=0.00001 ext100=0.000 total100=0.045
[train] 43:41:46<100:25:13, 0.052s/step step= 3032000 episodes= 6316 eps=0.050 replay= 39936 loss=0.00000 ext100=0.000 total100=0.045
[train] 43:43:29<100:23:29, 0.052s/step step= 3034000 episodes= 6320 eps=0.050 replay= 39936 loss=0.00002 ext100=0.000 total100=0.044
[train] 43:45:13<100:21:46, 0.052s/step step= 3036000 episodes= 6325 eps=0.050 replay= 39936 loss=0.00001 ext100=0.000 total100=0.043
[train] 43:46:57<100:20:01, 0.052s/step step= 3038000 episodes= 6329 eps=0.050 replay= 39936 loss=0.00001 ext100=0.000 total100=0.043
[eval] step=3040000 episodes=6333 mean_ext_return=0.000
[train] 43:48:56<100:18:52, 0.052s/step step= 3040000 episodes= 6333 eps=0.050 replay= 39936 loss=0.00001 ext100=0.000 total100=0.042
[train] 43:50:39<100:17:08, 0.052s/step step= 3042000 episodes= 6337 eps=0.050 replay= 39936 loss=0.00001 ext100=0.000 total100=0.042
[train] 43:52:22<100:15:23, 0.052s/step step= 3044000 episodes= 6341 eps=0.050 replay= 39936 loss=0.00001 ext100=0.000 total100=0.043
[train] 43:54:06<100:13:38, 0.052s/step step= 3046000 episodes= 6345 eps=0.050 replay= 39936 loss=0.00001 ext100=0.000 total100=0.044
[train] 43:55:50<100:11:55, 0.052s/step step= 3048000 episodes= 6350 eps=0.050 replay= 39936 loss=0.00000 ext100=0.000 total100=0.044
[train] 43:57:33<100:10:10, 0.052s/step step= 3050000 episodes= 6354 eps=0.050 replay= 39936 loss=0.00002 ext100=0.000 total100=0.043
[train] 43:59:17<100:08:27, 0.052s/step step= 3052000 episodes= 6358 eps=0.050 replay= 39936 loss=0.00001 ext100=0.000 total100=0.043
[train] 44:01:01<100:06:43, 0.052s/step step= 3054000 episodes= 6362 eps=0.050 replay= 39936 loss=0.00000 ext100=0.000 total100=0.044
[train] 44:02:45<100:04:59, 0.052s/step step= 3056000 episodes= 6366 eps=0.050 replay= 39936 loss=0.00001 ext100=0.000 total100=0.044
[train] 44:04:28<100:03:15, 0.052s/step step= 3058000 episodes= 6370 eps=0.050 replay= 39936 loss=0.00001 ext100=0.000 total100=0.043
[eval] step=3060000 episodes=6375 mean_ext_return=0.000
[train] 44:06:27<100:02:05, 0.052s/step step= 3060000 episodes= 6375 eps=0.050 replay= 39936 loss=0.00001 ext100=0.000 total100=0.042
[train] 44:08:10<100:00:21, 0.052s/step step= 3062000 episodes= 6379 eps=0.050 replay= 39936 loss=0.00001 ext100=0.000 total100=0.043
[train] 44:09:53<99:58:35, 0.052s/step step= 3064000 episodes= 6383 eps=0.050 replay= 39936 loss=0.00000 ext100=0.000 total100=0.043
[train] 44:11:37<99:56:51, 0.052s/step step= 3066000 episodes= 6387 eps=0.050 replay= 39936 loss=0.00001 ext100=0.000 total100=0.042
[train] 44:13:21<99:55:07, 0.052s/step step= 3068000 episodes= 6391 eps=0.050 replay= 39936 loss=0.00001 ext100=0.000 total100=0.043
[train] 44:15:04<99:53:23, 0.052s/step step= 3070000 episodes= 6395 eps=0.050 replay= 39936 loss=0.00000 ext100=0.000 total100=0.043
[train] 44:16:48<99:51:39, 0.052s/step step= 3072000 episodes= 6400 eps=0.050 replay= 39936 loss=0.00001 ext100=0.000 total100=0.042
[train] 44:18:32<99:49:55, 0.052s/step step= 3074000 episodes= 6404 eps=0.050 replay= 39936 loss=0.00002 ext100=0.000 total100=0.041
[train] 44:20:16<99:48:12, 0.052s/step step= 3076000 episodes= 6408 eps=0.050 replay= 39936 loss=0.00000 ext100=0.000 total100=0.041
[train] 44:21:59<99:46:28, 0.052s/step step= 3078000 episodes= 6412 eps=0.050 replay= 39936 loss=0.00001 ext100=0.000 total100=0.041
[eval] step=3080000 episodes=6416 mean_ext_return=0.000
[train] 44:23:58<99:45:18, 0.052s/step step= 3080000 episodes= 6416 eps=0.050 replay= 39936 loss=0.00001 ext100=0.000 total100=0.041
[train] 44:25:42<99:43:34, 0.052s/step step= 3082000 episodes= 6420 eps=0.050 replay= 39936 loss=0.00001 ext100=0.000 total100=0.040
[train] 44:27:25<99:41:48, 0.052s/step step= 3084000 episodes= 6425 eps=0.050 replay= 39936 loss=0.00001 ext100=0.000 total100=0.040
[train] 44:29:09<99:40:04, 0.052s/step step= 3086000 episodes= 6429 eps=0.050 replay= 39936 loss=0.00001 ext100=0.000 total100=0.040
[train] 44:30:52<99:38:20, 0.052s/step step= 3088000 episodes= 6433 eps=0.050 replay= 39936 loss=0.00000 ext100=0.000 total100=0.040
[train] 44:32:36<99:36:36, 0.052s/step step= 3090000 episodes= 6437 eps=0.050 replay= 39936 loss=0.00003 ext100=0.000 total100=0.041
[train] 44:34:20<99:34:53, 0.052s/step step= 3092000 episodes= 6441 eps=0.050 replay= 39936 loss=0.00001 ext100=0.000 total100=0.041
[train] 44:36:03<99:33:08, 0.052s/step step= 3094000 episodes= 6445 eps=0.050 replay= 39936 loss=0.00001 ext100=0.000 total100=0.040
[train] 44:37:48<99:31:25, 0.052s/step step= 3096000 episodes= 6450 eps=0.050 replay= 39936 loss=0.00001 ext100=0.000 total100=0.039
[train] 44:39:31<99:29:41, 0.052s/step step= 3098000 episodes= 6454 eps=0.050 replay= 39936 loss=0.00002 ext100=0.000 total100=0.038
[eval] step=3100000 episodes=6458 mean_ext_return=0.000
[train] 44:41:30<99:28:30, 0.052s/step step= 3100000 episodes= 6458 eps=0.050 replay= 39936 loss=0.00001 ext100=0.000 total100=0.039
[train] 44:43:14<99:26:47, 0.052s/step step= 3102000 episodes= 6462 eps=0.050 replay= 39936 loss=0.00001 ext100=0.000 total100=0.038
[train] 44:44:57<99:25:01, 0.052s/step step= 3104000 episodes= 6466 eps=0.050 replay= 39936 loss=0.00001 ext100=0.000 total100=0.038
[train] 44:46:40<99:23:16, 0.052s/step step= 3106000 episodes= 6470 eps=0.050 replay= 39936 loss=0.00003 ext100=0.000 total100=0.037
[train] 44:48:24<99:21:33, 0.052s/step step= 3108000 episodes= 6475 eps=0.050 replay= 39936 loss=0.00001 ext100=0.000 total100=0.039
[train] 44:50:07<99:19:48, 0.052s/step step= 3110000 episodes= 6479 eps=0.050 replay= 39936 loss=0.00001 ext100=0.000 total100=0.039
[train] 44:51:51<99:18:05, 0.052s/step step= 3112000 episodes= 6483 eps=0.050 replay= 39936 loss=0.00000 ext100=0.000 total100=0.039
[train] 44:53:35<99:16:20, 0.052s/step step= 3114000 episodes= 6487 eps=0.050 replay= 39936 loss=0.00001 ext100=0.000 total100=0.038
[train] 44:55:19<99:14:37, 0.052s/step step= 3116000 episodes= 6491 eps=0.050 replay= 39936 loss=0.00001 ext100=0.000 total100=0.040
[train] 44:57:02<99:12:52, 0.052s/step step= 3118000 episodes= 6495 eps=0.050 replay= 39936 loss=0.00001 ext100=0.000 total100=0.041
[eval] step=3120000 episodes=6500 mean_ext_return=0.000
[train] 44:59:01<99:11:41, 0.052s/step step= 3120000 episodes= 6500 eps=0.050 replay= 39936 loss=0.00001 ext100=0.000 total100=0.040
[train] 45:00:45<99:09:58, 0.052s/step step= 3122000 episodes= 6504 eps=0.050 replay= 39936 loss=0.00001 ext100=0.000 total100=0.040
[train] 45:02:28<99:08:12, 0.052s/step step= 3124000 episodes= 6508 eps=0.050 replay= 39936 loss=0.00000 ext100=0.000 total100=0.039
[train] 45:04:11<99:06:27, 0.052s/step step= 3126000 episodes= 6512 eps=0.050 replay= 39936 loss=0.00001 ext100=0.000 total100=0.040
[train] 45:05:55<99:04:44, 0.052s/step step= 3128000 episodes= 6516 eps=0.050 replay= 39936 loss=0.00001 ext100=0.000 total100=0.040
[train] 45:07:39<99:02:59, 0.052s/step step= 3130000 episodes= 6520 eps=0.050 replay= 39936 loss=0.00001 ext100=0.000 total100=0.041
[train] 45:09:23<99:01:16, 0.052s/step step= 3132000 episodes= 6525 eps=0.050 replay= 39936 loss=0.00001 ext100=0.000 total100=0.041
[train] 45:11:06<98:59:31, 0.052s/step step= 3134000 episodes= 6529 eps=0.050 replay= 39936 loss=0.00001 ext100=0.000 total100=0.041
[train] 45:12:50<98:57:48, 0.052s/step step= 3136000 episodes= 6533 eps=0.050 replay= 39936 loss=0.00000 ext100=0.000 total100=0.041
[train] 45:14:34<98:56:03, 0.052s/step step= 3138000 episodes= 6537 eps=0.050 replay= 39936 loss=0.00001 ext100=0.000 total100=0.041
[eval] step=3140000 episodes=6541 mean_ext_return=0.000
[train] 45:16:32<98:54:52, 0.052s/step step= 3140000 episodes= 6541 eps=0.050 replay= 39936 loss=0.00000 ext100=0.000 total100=0.040
[train] 45:18:16<98:53:08, 0.052s/step step= 3142000 episodes= 6545 eps=0.050 replay= 39936 loss=0.00000 ext100=0.000 total100=0.040
[train] 45:19:59<98:51:22, 0.052s/step step= 3144000 episodes= 6550 eps=0.050 replay= 39936 loss=0.00000 ext100=0.000 total100=0.041
[train] 45:21:43<98:49:38, 0.052s/step step= 3146000 episodes= 6554 eps=0.050 replay= 39936 loss=0.00003 ext100=0.000 total100=0.042
[train] 45:23:27<98:47:55, 0.052s/step step= 3148000 episodes= 6558 eps=0.050 replay= 39936 loss=0.00001 ext100=0.000 total100=0.042
[train] 45:25:10<98:46:10, 0.052s/step step= 3150000 episodes= 6562 eps=0.050 replay= 39936 loss=0.00001 ext100=0.000 total100=0.042
[train] 45:26:54<98:44:26, 0.052s/step step= 3152000 episodes= 6566 eps=0.050 replay= 39936 loss=0.00000 ext100=0.000 total100=0.043
[train] 45:28:37<98:42:42, 0.052s/step step= 3154000 episodes= 6570 eps=0.050 replay= 39936 loss=0.00001 ext100=0.000 total100=0.043
[train] 45:30:21<98:40:59, 0.052s/step step= 3156000 episodes= 6575 eps=0.050 replay= 39936 loss=0.00000 ext100=0.000 total100=0.042
[train] 45:32:05<98:39:14, 0.052s/step step= 3158000 episodes= 6579 eps=0.050 replay= 39936 loss=0.00000 ext100=0.000 total100=0.042
[eval] step=3160000 episodes=6583 mean_ext_return=0.000
[train] 45:34:04<98:38:02, 0.052s/step step= 3160000 episodes= 6583 eps=0.050 replay= 39936 loss=0.00001 ext100=0.000 total100=0.041
[train] 45:35:47<98:36:19, 0.052s/step step= 3162000 episodes= 6587 eps=0.050 replay= 39936 loss=0.00003 ext100=0.000 total100=0.041
[train] 45:37:30<98:34:33, 0.052s/step step= 3164000 episodes= 6591 eps=0.050 replay= 39936 loss=0.00001 ext100=0.000 total100=0.040
[train] 45:39:14<98:32:48, 0.052s/step step= 3166000 episodes= 6595 eps=0.050 replay= 39936 loss=0.00001 ext100=0.000 total100=0.039
[train] 45:40:58<98:31:05, 0.052s/step step= 3168000 episodes= 6600 eps=0.050 replay= 39936 loss=0.00001 ext100=0.000 total100=0.039
[train] 45:42:42<98:29:21, 0.052s/step step= 3170000 episodes= 6604 eps=0.050 replay= 39936 loss=0.00003 ext100=0.000 total100=0.040
[train] 45:44:25<98:27:37, 0.052s/step step= 3172000 episodes= 6608 eps=0.050 replay= 39936 loss=0.00001 ext100=0.000 total100=0.039
[train] 45:46:09<98:25:52, 0.052s/step step= 3174000 episodes= 6612 eps=0.050 replay= 39936 loss=0.00000 ext100=0.000 total100=0.039
[train] 45:47:53<98:24:09, 0.052s/step step= 3176000 episodes= 6616 eps=0.050 replay= 39936 loss=0.00001 ext100=0.000 total100=0.039
[train] 45:49:37<98:22:25, 0.052s/step step= 3178000 episodes= 6620 eps=0.050 replay= 39936 loss=0.00001 ext100=0.000 total100=0.039
[eval] step=3180000 episodes=6625 mean_ext_return=0.000
[train] 45:51:35<98:21:13, 0.052s/step step= 3180000 episodes= 6625 eps=0.050 replay= 39936 loss=0.00000 ext100=0.000 total100=0.040
[train] 45:53:19<98:19:29, 0.052s/step step= 3182000 episodes= 6629 eps=0.050 replay= 39936 loss=0.00001 ext100=0.000 total100=0.040
[train] 45:55:02<98:17:43, 0.052s/step step= 3184000 episodes= 6633 eps=0.050 replay= 39936 loss=0.00000 ext100=0.000 total100=0.040
[train] 45:56:46<98:15:59, 0.052s/step step= 3186000 episodes= 6637 eps=0.050 replay= 39936 loss=0.00002 ext100=0.000 total100=0.041
[train] 45:58:29<98:14:15, 0.052s/step step= 3188000 episodes= 6641 eps=0.050 replay= 39936 loss=0.00001 ext100=0.000 total100=0.041
[train] 46:00:13<98:12:30, 0.052s/step step= 3190000 episodes= 6645 eps=0.050 replay= 39936 loss=0.00001 ext100=0.000 total100=0.041
[train] 46:01:57<98:10:47, 0.052s/step step= 3192000 episodes= 6650 eps=0.050 replay= 39936 loss=0.00000 ext100=0.000 total100=0.041
[train] 46:03:40<98:09:02, 0.052s/step step= 3194000 episodes= 6654 eps=0.050 replay= 39936 loss=0.00001 ext100=0.000 total100=0.041
[train] 46:05:24<98:07:19, 0.052s/step step= 3196000 episodes= 6658 eps=0.050 replay= 39936 loss=0.00000 ext100=0.000 total100=0.040
[train] 46:07:08<98:05:35, 0.052s/step step= 3198000 episodes= 6662 eps=0.050 replay= 39936 loss=0.00000 ext100=0.000 total100=0.040
[eval] step=3200000 episodes=6666 mean_ext_return=0.000
[train] 46:09:07<98:04:22, 0.052s/step step= 3200000 episodes= 6666 eps=0.050 replay= 39936 loss=0.00000 ext100=0.000 total100=0.039
[train] 46:10:50<98:02:38, 0.052s/step step= 3202000 episodes= 6670 eps=0.050 replay= 39936 loss=0.00001 ext100=0.000 total100=0.038
[train] 46:12:34<98:00:53, 0.052s/step step= 3204000 episodes= 6675 eps=0.050 replay= 39936 loss=0.00001 ext100=0.000 total100=0.038
[train] 46:14:17<97:59:08, 0.052s/step step= 3206000 episodes= 6679 eps=0.050 replay= 39936 loss=0.00001 ext100=0.000 total100=0.038
[train] 46:16:01<97:57:25, 0.052s/step step= 3208000 episodes= 6683 eps=0.050 replay= 39936 loss=0.00000 ext100=0.000 total100=0.038
[train] 46:17:44<97:55:40, 0.052s/step step= 3210000 episodes= 6687 eps=0.050 replay= 39936 loss=0.00001 ext100=0.000 total100=0.039
[train] 46:19:29<97:53:57, 0.052s/step step= 3212000 episodes= 6691 eps=0.050 replay= 39936 loss=0.00001 ext100=0.000 total100=0.038
[train] 46:21:12<97:52:12, 0.052s/step step= 3214000 episodes= 6695 eps=0.050 replay= 39936 loss=0.00000 ext100=0.000 total100=0.040
[train] 46:22:56<97:50:29, 0.052s/step step= 3216000 episodes= 6700 eps=0.050 replay= 39936 loss=0.00000 ext100=0.000 total100=0.040
[train] 46:24:39<97:48:44, 0.052s/step step= 3218000 episodes= 6704 eps=0.050 replay= 39936 loss=0.00002 ext100=0.000 total100=0.039
[eval] step=3220000 episodes=6708 mean_ext_return=0.000
[train] 46:26:38<97:47:31, 0.052s/step step= 3220000 episodes= 6708 eps=0.050 replay= 39936 loss=0.00001 ext100=0.000 total100=0.039
[train] 46:28:22<97:45:48, 0.052s/step step= 3222000 episodes= 6712 eps=0.050 replay= 39936 loss=0.00001 ext100=0.000 total100=0.040
[train] 46:30:05<97:44:02, 0.052s/step step= 3224000 episodes= 6716 eps=0.050 replay= 39936 loss=0.00001 ext100=0.000 total100=0.039
[train] 46:31:49<97:42:17, 0.052s/step step= 3226000 episodes= 6720 eps=0.050 replay= 39936 loss=0.00003 ext100=0.000 total100=0.039
[train] 46:33:32<97:40:34, 0.052s/step step= 3228000 episodes= 6725 eps=0.050 replay= 39936 loss=0.00002 ext100=0.000 total100=0.038
[train] 46:35:16<97:38:49, 0.052s/step step= 3230000 episodes= 6729 eps=0.050 replay= 39936 loss=0.00000 ext100=0.000 total100=0.038
[train] 46:37:00<97:37:06, 0.052s/step step= 3232000 episodes= 6733 eps=0.050 replay= 39936 loss=0.00000 ext100=0.000 total100=0.038
[train] 46:38:43<97:35:21, 0.052s/step step= 3234000 episodes= 6737 eps=0.050 replay= 39936 loss=0.00001 ext100=0.000 total100=0.038
[train] 46:40:27<97:33:37, 0.052s/step step= 3236000 episodes= 6741 eps=0.050 replay= 39936 loss=0.00000 ext100=0.000 total100=0.039
[train] 46:42:11<97:31:52, 0.052s/step step= 3238000 episodes= 6745 eps=0.050 replay= 39936 loss=0.00001 ext100=0.000 total100=0.038
[eval] step=3240000 episodes=6750 mean_ext_return=0.000
[train] 46:44:09<97:30:39, 0.052s/step step= 3240000 episodes= 6750 eps=0.050 replay= 39936 loss=0.00000 ext100=0.000 total100=0.038
[train] 46:45:53<97:28:55, 0.052s/step step= 3242000 episodes= 6754 eps=0.050 replay= 39936 loss=0.00001 ext100=0.000 total100=0.039
[train] 46:47:36<97:27:10, 0.052s/step step= 3244000 episodes= 6758 eps=0.050 replay= 39936 loss=0.00001 ext100=0.000 total100=0.038
[train] 46:49:20<97:25:25, 0.052s/step step= 3246000 episodes= 6762 eps=0.050 replay= 39936 loss=0.00000 ext100=0.000 total100=0.038
[train] 46:51:04<97:23:41, 0.052s/step step= 3248000 episodes= 6766 eps=0.050 replay= 39936 loss=0.00000 ext100=0.000 total100=0.038
[train] 46:52:47<97:21:57, 0.052s/step step= 3250000 episodes= 6770 eps=0.050 replay= 39936 loss=0.00002 ext100=0.000 total100=0.039
[train] 46:54:31<97:20:13, 0.052s/step step= 3252000 episodes= 6775 eps=0.050 replay= 39936 loss=0.00000 ext100=0.000 total100=0.039
[train] 46:56:14<97:18:28, 0.052s/step step= 3254000 episodes= 6779 eps=0.050 replay= 39936 loss=0.00000 ext100=0.000 total100=0.039
[train] 46:57:58<97:16:45, 0.052s/step step= 3256000 episodes= 6783 eps=0.050 replay= 39936 loss=0.00000 ext100=0.000 total100=0.038
[train] 46:59:42<97:15:00, 0.052s/step step= 3258000 episodes= 6787 eps=0.050 replay= 39936 loss=0.00001 ext100=0.000 total100=0.038
[eval] step=3260000 episodes=6791 mean_ext_return=0.000
[train] 47:01:41<97:13:48, 0.052s/step step= 3260000 episodes= 6791 eps=0.050 replay= 39936 loss=0.00000 ext100=0.000 total100=0.038
[train] 47:03:25<97:12:04, 0.052s/step step= 3262000 episodes= 6795 eps=0.050 replay= 39936 loss=0.00000 ext100=0.000 total100=0.036
[train] 47:05:08<97:10:18, 0.052s/step step= 3264000 episodes= 6800 eps=0.050 replay= 39936 loss=0.00000 ext100=0.000 total100=0.036
[train] 47:06:51<97:08:33, 0.052s/step step= 3266000 episodes= 6804 eps=0.050 replay= 39936 loss=0.00001 ext100=0.000 total100=0.036
[train] 47:08:35<97:06:50, 0.052s/step step= 3268000 episodes= 6808 eps=0.050 replay= 39936 loss=0.00000 ext100=0.000 total100=0.036
[train] 47:10:19<97:05:05, 0.052s/step step= 3270000 episodes= 6812 eps=0.050 replay= 39936 loss=0.00000 ext100=0.000 total100=0.037
[train] 47:12:03<97:03:21, 0.052s/step step= 3272000 episodes= 6816 eps=0.050 replay= 39936 loss=0.00000 ext100=0.000 total100=0.038
[train] 47:13:46<97:01:37, 0.052s/step step= 3274000 episodes= 6820 eps=0.050 replay= 39936 loss=0.00001 ext100=0.000 total100=0.038
[train] 47:15:30<96:59:53, 0.052s/step step= 3276000 episodes= 6825 eps=0.050 replay= 39936 loss=0.00000 ext100=0.000 total100=0.038
[train] 47:17:13<96:58:08, 0.052s/step step= 3278000 episodes= 6829 eps=0.050 replay= 39936 loss=0.00000 ext100=0.000 total100=0.038
[eval] step=3280000 episodes=6833 mean_ext_return=0.000
[train] 47:19:12<96:56:54, 0.052s/step step= 3280000 episodes= 6833 eps=0.050 replay= 39936 loss=0.00001 ext100=0.000 total100=0.038
[train] 47:20:56<96:55:10, 0.052s/step step= 3282000 episodes= 6837 eps=0.050 replay= 39936 loss=0.00001 ext100=0.000 total100=0.037
[train] 47:22:39<96:53:25, 0.052s/step step= 3284000 episodes= 6841 eps=0.050 replay= 39936 loss=0.00001 ext100=0.000 total100=0.037
[train] 47:24:22<96:51:40, 0.052s/step step= 3286000 episodes= 6845 eps=0.050 replay= 39936 loss=0.00000 ext100=0.000 total100=0.037
[train] 47:26:06<96:49:57, 0.052s/step step= 3288000 episodes= 6850 eps=0.050 replay= 39936 loss=0.00001 ext100=0.000 total100=0.037
[train] 47:27:50<96:48:12, 0.052s/step step= 3290000 episodes= 6854 eps=0.050 replay= 39936 loss=0.00002 ext100=0.000 total100=0.036
[train] 47:29:34<96:46:28, 0.052s/step step= 3292000 episodes= 6858 eps=0.050 replay= 39936 loss=0.00000 ext100=0.000 total100=0.038
[train] 47:31:17<96:44:43, 0.052s/step step= 3294000 episodes= 6862 eps=0.050 replay= 39936 loss=0.00000 ext100=0.000 total100=0.038
[train] 47:33:01<96:43:00, 0.052s/step step= 3296000 episodes= 6866 eps=0.050 replay= 39936 loss=0.00000 ext100=0.000 total100=0.040
[train] 47:34:45<96:41:15, 0.052s/step step= 3298000 episodes= 6870 eps=0.050 replay= 39936 loss=0.00001 ext100=0.000 total100=0.039
[eval] step=3300000 episodes=6875 mean_ext_return=0.000
[train] 47:36:43<96:40:01, 0.052s/step step= 3300000 episodes= 6875 eps=0.050 replay= 39936 loss=0.00000 ext100=0.000 total100=0.039
[train] 47:38:27<96:38:17, 0.052s/step step= 3302000 episodes= 6879 eps=0.050 replay= 39936 loss=0.00000 ext100=0.000 total100=0.038
[train] 47:40:10<96:36:31, 0.052s/step step= 3304000 episodes= 6883 eps=0.050 replay= 39936 loss=0.00000 ext100=0.000 total100=0.039
[train] 47:41:53<96:34:46, 0.052s/step step= 3306000 episodes= 6887 eps=0.050 replay= 39936 loss=0.00001 ext100=0.000 total100=0.039
[train] 47:43:37<96:33:03, 0.052s/step step= 3308000 episodes= 6891 eps=0.050 replay= 39936 loss=0.00001 ext100=0.000 total100=0.040
[train] 47:45:21<96:31:18, 0.052s/step step= 3310000 episodes= 6895 eps=0.050 replay= 39936 loss=0.00000 ext100=0.000 total100=0.041
[train] 47:47:05<96:29:34, 0.052s/step step= 3312000 episodes= 6900 eps=0.050 replay= 39936 loss=0.00001 ext100=0.000 total100=0.041
[train] 47:48:48<96:27:49, 0.052s/step step= 3314000 episodes= 6904 eps=0.050 replay= 39936 loss=0.00001 ext100=0.000 total100=0.041
[train] 47:50:32<96:26:06, 0.052s/step step= 3316000 episodes= 6908 eps=0.050 replay= 39936 loss=0.00000 ext100=0.000 total100=0.041
[train] 47:52:16<96:24:21, 0.052s/step step= 3318000 episodes= 6912 eps=0.050 replay= 39936 loss=0.00000 ext100=0.000 total100=0.040
[eval] step=3320000 episodes=6916 mean_ext_return=0.000
[train] 47:54:14<96:23:07, 0.052s/step step= 3320000 episodes= 6916 eps=0.050 replay= 39936 loss=0.00001 ext100=0.000 total100=0.041
[train] 47:55:58<96:21:23, 0.052s/step step= 3322000 episodes= 6920 eps=0.050 replay= 39936 loss=0.00001 ext100=0.000 total100=0.040
[train] 47:57:41<96:19:37, 0.052s/step step= 3324000 episodes= 6925 eps=0.050 replay= 39936 loss=0.00001 ext100=0.000 total100=0.041
[train] 47:59:25<96:17:53, 0.052s/step step= 3326000 episodes= 6929 eps=0.050 replay= 39936 loss=0.00001 ext100=0.000 total100=0.040
[train] 48:01:09<96:16:09, 0.052s/step step= 3328000 episodes= 6933 eps=0.050 replay= 39936 loss=0.00001 ext100=0.000 total100=0.038
[train] 48:02:52<96:14:24, 0.052s/step step= 3330000 episodes= 6937 eps=0.050 replay= 39936 loss=0.00001 ext100=0.000 total100=0.038
[train] 48:04:36<96:12:40, 0.052s/step step= 3332000 episodes= 6941 eps=0.050 replay= 39936 loss=0.00000 ext100=0.000 total100=0.039
[train] 48:06:20<96:10:56, 0.052s/step step= 3334000 episodes= 6945 eps=0.050 replay= 39936 loss=0.00000 ext100=0.000 total100=0.039
[train] 48:08:04<96:09:12, 0.052s/step step= 3336000 episodes= 6950 eps=0.050 replay= 39936 loss=0.00001 ext100=0.000 total100=0.039
[train] 48:09:47<96:07:27, 0.052s/step step= 3338000 episodes= 6954 eps=0.050 replay= 39936 loss=0.00001 ext100=0.000 total100=0.039
[eval] step=3340000 episodes=6958 mean_ext_return=0.000
[train] 48:11:46<96:06:13, 0.052s/step step= 3340000 episodes= 6958 eps=0.050 replay= 39936 loss=0.00000 ext100=0.000 total100=0.039
[train] 48:13:30<96:04:29, 0.052s/step step= 3342000 episodes= 6962 eps=0.050 replay= 39936 loss=0.00001 ext100=0.000 total100=0.039
[train] 48:15:13<96:02:43, 0.052s/step step= 3344000 episodes= 6966 eps=0.050 replay= 39936 loss=0.00000 ext100=0.000 total100=0.037
[train] 48:16:56<96:00:59, 0.052s/step step= 3346000 episodes= 6970 eps=0.050 replay= 39936 loss=0.00001 ext100=0.000 total100=0.037
[train] 48:18:40<95:59:15, 0.052s/step step= 3348000 episodes= 6975 eps=0.050 replay= 39936 loss=0.00000 ext100=0.000 total100=0.037
[train] 48:20:23<95:57:30, 0.052s/step step= 3350000 episodes= 6979 eps=0.050 replay= 39936 loss=0.00000 ext100=0.000 total100=0.038
[train] 48:22:07<95:55:46, 0.052s/step step= 3352000 episodes= 6983 eps=0.050 replay= 39936 loss=0.00000 ext100=0.000 total100=0.039
[train] 48:23:51<95:54:01, 0.052s/step step= 3354000 episodes= 6987 eps=0.050 replay= 39936 loss=0.00001 ext100=0.000 total100=0.039
[train] 48:25:35<95:52:18, 0.052s/step step= 3356000 episodes= 6991 eps=0.050 replay= 39936 loss=0.00000 ext100=0.000 total100=0.039
[train] 48:27:18<95:50:33, 0.052s/step step= 3358000 episodes= 6995 eps=0.050 replay= 39936 loss=0.00000 ext100=0.000 total100=0.038
[eval] step=3360000 episodes=7000 mean_ext_return=0.000
[train] 48:29:17<95:49:18, 0.052s/step step= 3360000 episodes= 7000 eps=0.050 replay= 39936 loss=0.00000 ext100=0.000 total100=0.038
[train] 48:31:01<95:47:34, 0.052s/step step= 3362000 episodes= 7004 eps=0.050 replay= 39936 loss=0.00001 ext100=0.000 total100=0.038
[train] 48:32:44<95:45:49, 0.052s/step step= 3364000 episodes= 7008 eps=0.050 replay= 39936 loss=0.00000 ext100=0.000 total100=0.038
[train] 48:34:27<95:44:04, 0.052s/step step= 3366000 episodes= 7012 eps=0.050 replay= 39936 loss=0.00000 ext100=0.000 total100=0.037
[train] 48:36:11<95:42:20, 0.052s/step step= 3368000 episodes= 7016 eps=0.050 replay= 39936 loss=0.00000 ext100=0.000 total100=0.035
[train] 48:37:55<95:40:35, 0.052s/step step= 3370000 episodes= 7020 eps=0.050 replay= 39936 loss=0.00001 ext100=0.000 total100=0.035
[train] 48:39:39<95:38:52, 0.052s/step step= 3372000 episodes= 7025 eps=0.050 replay= 39936 loss=0.00000 ext100=0.000 total100=0.035
[train] 48:41:22<95:37:07, 0.052s/step step= 3374000 episodes= 7029 eps=0.050 replay= 39936 loss=0.00000 ext100=0.000 total100=0.034
[train] 48:43:06<95:35:23, 0.052s/step step= 3376000 episodes= 7033 eps=0.050 replay= 39936 loss=0.00000 ext100=0.000 total100=0.035
[train] 48:44:50<95:33:38, 0.052s/step step= 3378000 episodes= 7037 eps=0.050 replay= 39936 loss=0.00000 ext100=0.000 total100=0.036
[eval] step=3380000 episodes=7041 mean_ext_return=0.000
[train] 48:46:48<95:32:23, 0.052s/step step= 3380000 episodes= 7041 eps=0.050 replay= 39936 loss=0.00000 ext100=0.000 total100=0.036
[train] 48:48:32<95:30:39, 0.052s/step step= 3382000 episodes= 7045 eps=0.050 replay= 39936 loss=0.00000 ext100=0.000 total100=0.036
[train] 48:50:15<95:28:53, 0.052s/step step= 3384000 episodes= 7050 eps=0.050 replay= 39936 loss=0.00000 ext100=0.000 total100=0.035
[train] 48:51:58<95:27:08, 0.052s/step step= 3386000 episodes= 7054 eps=0.050 replay= 39936 loss=0.00000 ext100=0.000 total100=0.035
[train] 48:53:42<95:25:24, 0.052s/step step= 3388000 episodes= 7058 eps=0.050 replay= 39936 loss=0.00000 ext100=0.000 total100=0.035
[train] 48:55:26<95:23:40, 0.052s/step step= 3390000 episodes= 7062 eps=0.050 replay= 39936 loss=0.00000 ext100=0.000 total100=0.035
[train] 48:57:10<95:21:56, 0.052s/step step= 3392000 episodes= 7066 eps=0.050 replay= 39936 loss=0.00000 ext100=0.000 total100=0.036
[train] 48:58:53<95:20:11, 0.052s/step step= 3394000 episodes= 7070 eps=0.050 replay= 39936 loss=0.00001 ext100=0.000 total100=0.036
[train] 49:00:37<95:18:28, 0.052s/step step= 3396000 episodes= 7075 eps=0.050 replay= 39936 loss=0.00000 ext100=0.000 total100=0.035
[train] 49:02:21<95:16:43, 0.052s/step step= 3398000 episodes= 7079 eps=0.050 replay= 39936 loss=0.00000 ext100=0.000 total100=0.035
[eval] step=3400000 episodes=7083 mean_ext_return=0.000
[train] 49:04:19<95:15:28, 0.052s/step step= 3400000 episodes= 7083 eps=0.050 replay= 39936 loss=0.00001 ext100=0.000 total100=0.034
[train] 49:06:03<95:13:43, 0.052s/step step= 3402000 episodes= 7087 eps=0.050 replay= 39936 loss=0.00003 ext100=0.000 total100=0.034
[train] 49:07:46<95:11:58, 0.052s/step step= 3404000 episodes= 7091 eps=0.050 replay= 39936 loss=0.00000 ext100=0.000 total100=0.033
[train] 49:09:30<95:10:13, 0.052s/step step= 3406000 episodes= 7095 eps=0.050 replay= 39936 loss=0.00000 ext100=0.000 total100=0.034
[train] 49:11:14<95:08:29, 0.052s/step step= 3408000 episodes= 7100 eps=0.050 replay= 39936 loss=0.00001 ext100=0.000 total100=0.034
[train] 49:12:57<95:06:44, 0.052s/step step= 3410000 episodes= 7104 eps=0.050 replay= 39936 loss=0.00001 ext100=0.000 total100=0.034
[train] 49:14:41<95:05:00, 0.052s/step step= 3412000 episodes= 7108 eps=0.050 replay= 39936 loss=0.00000 ext100=0.000 total100=0.034
[train] 49:16:24<95:03:15, 0.052s/step step= 3414000 episodes= 7112 eps=0.050 replay= 39936 loss=0.00000 ext100=0.000 total100=0.034
[train] 49:18:08<95:01:31, 0.052s/step step= 3416000 episodes= 7116 eps=0.050 replay= 39936 loss=0.00000 ext100=0.000 total100=0.035
[train] 49:19:52<94:59:47, 0.052s/step step= 3418000 episodes= 7120 eps=0.050 replay= 39936 loss=0.00001 ext100=0.000 total100=0.035
[eval] step=3420000 episodes=7125 mean_ext_return=0.000
[train] 49:21:50<94:58:31, 0.052s/step step= 3420000 episodes= 7125 eps=0.050 replay= 39936 loss=0.00001 ext100=0.000 total100=0.035
[train] 49:23:34<94:56:47, 0.052s/step step= 3422000 episodes= 7129 eps=0.050 replay= 39936 loss=0.00000 ext100=0.000 total100=0.037
[train] 49:25:17<94:55:01, 0.052s/step step= 3424000 episodes= 7133 eps=0.050 replay= 39936 loss=0.00000 ext100=0.000 total100=0.036
[train] 49:27:01<94:53:16, 0.052s/step step= 3426000 episodes= 7137 eps=0.050 replay= 39936 loss=0.00001 ext100=0.000 total100=0.036
[train] 49:28:45<94:51:33, 0.052s/step step= 3428000 episodes= 7141 eps=0.050 replay= 39936 loss=0.00000 ext100=0.000 total100=0.036
[train] 49:30:28<94:49:48, 0.052s/step step= 3430000 episodes= 7145 eps=0.050 replay= 39936 loss=0.00001 ext100=0.000 total100=0.035
[train] 49:32:12<94:48:04, 0.052s/step step= 3432000 episodes= 7150 eps=0.050 replay= 39936 loss=0.00000 ext100=0.000 total100=0.035
[train] 49:33:55<94:46:19, 0.052s/step step= 3434000 episodes= 7154 eps=0.050 replay= 39936 loss=0.00002 ext100=0.000 total100=0.036
[train] 49:35:39<94:44:35, 0.052s/step step= 3436000 episodes= 7158 eps=0.050 replay= 39936 loss=0.00001 ext100=0.000 total100=0.036
[train] 49:37:23<94:42:50, 0.052s/step step= 3438000 episodes= 7162 eps=0.050 replay= 39936 loss=0.00000 ext100=0.000 total100=0.035
[eval] step=3440000 episodes=7166 mean_ext_return=0.000
[train] 49:39:22<94:41:35, 0.052s/step step= 3440000 episodes= 7166 eps=0.050 replay= 39936 loss=0.00001 ext100=0.000 total100=0.035
[train] 49:41:05<94:39:50, 0.052s/step step= 3442000 episodes= 7170 eps=0.050 replay= 39936 loss=0.00001 ext100=0.000 total100=0.035
[train] 49:42:48<94:38:05, 0.052s/step step= 3444000 episodes= 7175 eps=0.050 replay= 39936 loss=0.00000 ext100=0.000 total100=0.035
[train] 49:44:32<94:36:20, 0.052s/step step= 3446000 episodes= 7179 eps=0.050 replay= 39936 loss=0.00001 ext100=0.000 total100=0.035
[train] 49:46:16<94:34:36, 0.052s/step step= 3448000 episodes= 7183 eps=0.050 replay= 39936 loss=0.00000 ext100=0.000 total100=0.035
[train] 49:47:59<94:32:51, 0.052s/step step= 3450000 episodes= 7187 eps=0.050 replay= 39936 loss=0.00001 ext100=0.000 total100=0.035
[train] 49:49:43<94:31:08, 0.052s/step step= 3452000 episodes= 7191 eps=0.050 replay= 39936 loss=0.00001 ext100=0.000 total100=0.038
[train] 49:51:27<94:29:23, 0.052s/step step= 3454000 episodes= 7195 eps=0.050 replay= 39936 loss=0.00001 ext100=0.000 total100=0.039
[train] 49:53:11<94:27:39, 0.052s/step step= 3456000 episodes= 7200 eps=0.050 replay= 39936 loss=0.00001 ext100=0.000 total100=0.040
[train] 49:54:54<94:25:54, 0.052s/step step= 3458000 episodes= 7204 eps=0.050 replay= 39936 loss=0.00001 ext100=0.000 total100=0.040
[eval] step=3460000 episodes=7208 mean_ext_return=0.000
[train] 49:56:53<94:24:38, 0.052s/step step= 3460000 episodes= 7208 eps=0.050 replay= 39936 loss=0.00001 ext100=0.000 total100=0.040
[train] 49:58:36<94:22:53, 0.052s/step step= 3462000 episodes= 7212 eps=0.050 replay= 39936 loss=0.00001 ext100=0.000 total100=0.040
[train] 50:00:19<94:21:07, 0.052s/step step= 3464000 episodes= 7216 eps=0.050 replay= 39936 loss=0.00000 ext100=0.000 total100=0.040
[train] 50:02:03<94:19:23, 0.052s/step step= 3466000 episodes= 7220 eps=0.050 replay= 39936 loss=0.00001 ext100=0.000 total100=0.041
[train] 50:03:47<94:17:39, 0.052s/step step= 3468000 episodes= 7225 eps=0.050 replay= 39936 loss=0.00000 ext100=0.000 total100=0.041
[train] 50:05:30<94:15:54, 0.052s/step step= 3470000 episodes= 7229 eps=0.050 replay= 39936 loss=0.00000 ext100=0.000 total100=0.041
[train] 50:07:14<94:14:10, 0.052s/step step= 3472000 episodes= 7233 eps=0.050 replay= 39936 loss=0.00000 ext100=0.000 total100=0.041
[train] 50:08:58<94:12:25, 0.052s/step step= 3474000 episodes= 7237 eps=0.050 replay= 39936 loss=0.00000 ext100=0.000 total100=0.040
[train] 50:10:42<94:10:41, 0.052s/step step= 3476000 episodes= 7241 eps=0.050 replay= 39936 loss=0.00000 ext100=0.000 total100=0.040
[train] 50:12:25<94:08:56, 0.052s/step step= 3478000 episodes= 7245 eps=0.050 replay= 39936 loss=0.00000 ext100=0.000 total100=0.040
[eval] step=3480000 episodes=7250 mean_ext_return=0.000
[train] 50:14:24<94:07:40, 0.052s/step step= 3480000 episodes= 7250 eps=0.050 replay= 39936 loss=0.00000 ext100=0.000 total100=0.040
[train] 50:16:08<94:05:56, 0.052s/step step= 3482000 episodes= 7254 eps=0.050 replay= 39936 loss=0.00001 ext100=0.000 total100=0.039
[train] 50:17:51<94:04:11, 0.052s/step step= 3484000 episodes= 7258 eps=0.050 replay= 39936 loss=0.00000 ext100=0.000 total100=0.039
[train] 50:19:34<94:02:26, 0.052s/step step= 3486000 episodes= 7262 eps=0.050 replay= 39936 loss=0.00000 ext100=0.000 total100=0.040
[train] 50:21:18<94:00:42, 0.052s/step step= 3488000 episodes= 7266 eps=0.050 replay= 39936 loss=0.00000 ext100=0.000 total100=0.040
[train] 50:23:01<93:58:57, 0.052s/step step= 3490000 episodes= 7270 eps=0.050 replay= 39936 loss=0.00001 ext100=0.000 total100=0.041
[train] 50:24:45<93:57:13, 0.052s/step step= 3492000 episodes= 7275 eps=0.050 replay= 39936 loss=0.00000 ext100=0.000 total100=0.041
[train] 50:26:29<93:55:28, 0.052s/step step= 3494000 episodes= 7279 eps=0.050 replay= 39936 loss=0.00000 ext100=0.000 total100=0.040
[train] 50:28:13<93:53:44, 0.052s/step step= 3496000 episodes= 7283 eps=0.050 replay= 39936 loss=0.00000 ext100=0.000 total100=0.041
[train] 50:29:56<93:51:59, 0.052s/step step= 3498000 episodes= 7287 eps=0.050 replay= 39936 loss=0.00001 ext100=0.000 total100=0.040
[eval] step=3500000 episodes=7291 mean_ext_return=0.000
[train] 50:31:55<93:50:43, 0.052s/step step= 3500000 episodes= 7291 eps=0.050 replay= 39936 loss=0.00000 ext100=0.000 total100=0.039
[train] 50:33:39<93:48:59, 0.052s/step step= 3502000 episodes= 7295 eps=0.050 replay= 39936 loss=0.00001 ext100=0.000 total100=0.038
[train] 50:35:22<93:47:13, 0.052s/step step= 3504000 episodes= 7300 eps=0.050 replay= 39936 loss=0.00000 ext100=0.000 total100=0.037
[train] 50:37:06<93:45:28, 0.052s/step step= 3506000 episodes= 7304 eps=0.050 replay= 39936 loss=0.00001 ext100=0.000 total100=0.037
[train] 50:38:49<93:43:44, 0.052s/step step= 3508000 episodes= 7308 eps=0.050 replay= 39936 loss=0.00000 ext100=0.000 total100=0.036
[train] 50:40:33<93:41:59, 0.052s/step step= 3510000 episodes= 7312 eps=0.050 replay= 39936 loss=0.00000 ext100=0.000 total100=0.035
[train] 50:42:17<93:40:16, 0.052s/step step= 3512000 episodes= 7316 eps=0.050 replay= 39936 loss=0.00001 ext100=0.000 total100=0.037
[train] 50:44:00<93:38:31, 0.052s/step step= 3514000 episodes= 7320 eps=0.050 replay= 39936 loss=0.00001 ext100=0.000 total100=0.036
[train] 50:45:44<93:36:47, 0.052s/step step= 3516000 episodes= 7325 eps=0.050 replay= 39936 loss=0.00000 ext100=0.000 total100=0.036
[train] 50:47:28<93:35:02, 0.052s/step step= 3518000 episodes= 7329 eps=0.050 replay= 39936 loss=0.00000 ext100=0.000 total100=0.037
[eval] step=3520000 episodes=7333 mean_ext_return=0.000
[train] 50:49:26<93:33:45, 0.052s/step step= 3520000 episodes= 7333 eps=0.050 replay= 39936 loss=0.00000 ext100=0.000 total100=0.036
[train] 50:51:10<93:32:01, 0.052s/step step= 3522000 episodes= 7337 eps=0.050 replay= 39936 loss=0.00001 ext100=0.000 total100=0.036
[train] 50:52:53<93:30:15, 0.052s/step step= 3524000 episodes= 7341 eps=0.050 replay= 39936 loss=0.00001 ext100=0.000 total100=0.036
[train] 50:54:37<93:28:31, 0.052s/step step= 3526000 episodes= 7345 eps=0.050 replay= 39936 loss=0.00000 ext100=0.000 total100=0.036
[train] 50:56:21<93:26:47, 0.052s/step step= 3528000 episodes= 7350 eps=0.050 replay= 39936 loss=0.00000 ext100=0.000 total100=0.036
[train] 50:58:04<93:25:02, 0.052s/step step= 3530000 episodes= 7354 eps=0.050 replay= 39936 loss=0.00001 ext100=0.000 total100=0.036
[train] 50:59:48<93:23:18, 0.052s/step step= 3532000 episodes= 7358 eps=0.050 replay= 39936 loss=0.00001 ext100=0.000 total100=0.036
[train] 51:01:32<93:21:33, 0.052s/step step= 3534000 episodes= 7362 eps=0.050 replay= 39936 loss=0.00001 ext100=0.000 total100=0.036
[train] 51:03:16<93:19:49, 0.052s/step step= 3536000 episodes= 7366 eps=0.050 replay= 39936 loss=0.00000 ext100=0.000 total100=0.036
[train] 51:04:59<93:18:04, 0.052s/step step= 3538000 episodes= 7370 eps=0.050 replay= 39936 loss=0.00001 ext100=0.000 total100=0.036
[eval] step=3540000 episodes=7375 mean_ext_return=0.000
[train] 51:06:58<93:16:47, 0.052s/step step= 3540000 episodes= 7375 eps=0.050 replay= 39936 loss=0.00000 ext100=0.000 total100=0.035
[train] 51:08:42<93:15:02, 0.052s/step step= 3542000 episodes= 7379 eps=0.050 replay= 39936 loss=0.00000 ext100=0.000 total100=0.034
[train] 51:10:25<93:13:17, 0.052s/step step= 3544000 episodes= 7383 eps=0.050 replay= 39936 loss=0.00000 ext100=0.000 total100=0.033
[train] 51:12:08<93:11:32, 0.052s/step step= 3546000 episodes= 7387 eps=0.050 replay= 39936 loss=0.00001 ext100=0.000 total100=0.032
[train] 51:13:52<93:09:48, 0.052s/step step= 3548000 episodes= 7391 eps=0.050 replay= 39936 loss=0.00000 ext100=0.000 total100=0.031
[train] 51:15:36<93:08:03, 0.052s/step step= 3550000 episodes= 7395 eps=0.050 replay= 39936 loss=0.00000 ext100=0.000 total100=0.032
[train] 51:17:20<93:06:19, 0.052s/step step= 3552000 episodes= 7400 eps=0.050 replay= 39936 loss=0.00000 ext100=0.000 total100=0.031
[train] 51:19:03<93:04:34, 0.052s/step step= 3554000 episodes= 7404 eps=0.050 replay= 39936 loss=0.00001 ext100=0.000 total100=0.031
[train] 51:20:47<93:02:50, 0.052s/step step= 3556000 episodes= 7408 eps=0.050 replay= 39936 loss=0.00001 ext100=0.000 total100=0.031
[train] 51:22:30<93:01:05, 0.052s/step step= 3558000 episodes= 7412 eps=0.050 replay= 39936 loss=0.00000 ext100=0.000 total100=0.032
[eval] step=3560000 episodes=7416 mean_ext_return=0.000
[train] 51:24:29<92:59:48, 0.052s/step step= 3560000 episodes= 7416 eps=0.050 replay= 39936 loss=0.00000 ext100=0.000 total100=0.030
[train] 51:26:13<92:58:04, 0.052s/step step= 3562000 episodes= 7420 eps=0.050 replay= 39936 loss=0.00001 ext100=0.000 total100=0.031
[train] 51:27:56<92:56:18, 0.052s/step step= 3564000 episodes= 7425 eps=0.050 replay= 39936 loss=0.00000 ext100=0.000 total100=0.030
[train] 51:29:39<92:54:33, 0.052s/step step= 3566000 episodes= 7429 eps=0.050 replay= 39936 loss=0.00000 ext100=0.000 total100=0.029
[train] 51:31:23<92:52:50, 0.052s/step step= 3568000 episodes= 7433 eps=0.050 replay= 39936 loss=0.00001 ext100=0.000 total100=0.030
[train] 51:33:07<92:51:04, 0.052s/step step= 3570000 episodes= 7437 eps=0.050 replay= 39936 loss=0.00001 ext100=0.000 total100=0.031
[train] 51:34:50<92:49:20, 0.052s/step step= 3572000 episodes= 7441 eps=0.050 replay= 39936 loss=0.00000 ext100=0.000 total100=0.032
[train] 51:36:34<92:47:35, 0.052s/step step= 3574000 episodes= 7445 eps=0.050 replay= 39936 loss=0.00000 ext100=0.000 total100=0.032
[train] 51:38:18<92:45:51, 0.052s/step step= 3576000 episodes= 7450 eps=0.050 replay= 39936 loss=0.00000 ext100=0.000 total100=0.032
[train] 51:40:01<92:44:06, 0.052s/step step= 3578000 episodes= 7454 eps=0.050 replay= 39936 loss=0.00001 ext100=0.000 total100=0.033
[eval] step=3580000 episodes=7458 mean_ext_return=0.000
[train] 51:42:00<92:42:49, 0.052s/step step= 3580000 episodes= 7458 eps=0.050 replay= 39936 loss=0.00000 ext100=0.000 total100=0.033
[train] 51:43:44<92:41:04, 0.052s/step step= 3582000 episodes= 7462 eps=0.050 replay= 39936 loss=0.00000 ext100=0.000 total100=0.034
[train] 51:45:27<92:39:19, 0.052s/step step= 3584000 episodes= 7466 eps=0.050 replay= 39936 loss=0.00000 ext100=0.000 total100=0.034
[train] 51:47:10<92:37:34, 0.052s/step step= 3586000 episodes= 7470 eps=0.050 replay= 39936 loss=0.00001 ext100=0.000 total100=0.034
[train] 51:48:54<92:35:50, 0.052s/step step= 3588000 episodes= 7475 eps=0.050 replay= 39936 loss=0.00000 ext100=0.000 total100=0.034
[train] 51:50:38<92:34:05, 0.052s/step step= 3590000 episodes= 7479 eps=0.050 replay= 39936 loss=0.00000 ext100=0.000 total100=0.036
[train] 51:52:22<92:32:21, 0.052s/step step= 3592000 episodes= 7483 eps=0.050 replay= 39936 loss=0.00000 ext100=0.000 total100=0.036
[train] 51:54:05<92:30:36, 0.052s/step step= 3594000 episodes= 7487 eps=0.050 replay= 39936 loss=0.00001 ext100=0.000 total100=0.037
[train] 51:55:49<92:28:52, 0.052s/step step= 3596000 episodes= 7491 eps=0.050 replay= 39936 loss=0.00000 ext100=0.000 total100=0.038
[train] 51:57:32<92:27:07, 0.052s/step step= 3598000 episodes= 7495 eps=0.050 replay= 39936 loss=0.00001 ext100=0.000 total100=0.037
[eval] step=3600000 episodes=7500 mean_ext_return=0.000
[train] 51:59:31<92:25:49, 0.052s/step step= 3600000 episodes= 7500 eps=0.050 replay= 39936 loss=0.00000 ext100=0.000 total100=0.037
[train] 52:01:15<92:24:05, 0.052s/step step= 3602000 episodes= 7504 eps=0.050 replay= 39936 loss=0.00001 ext100=0.000 total100=0.038
[train] 52:02:58<92:22:19, 0.052s/step step= 3604000 episodes= 7508 eps=0.050 replay= 39936 loss=0.00000 ext100=0.000 total100=0.038
[train] 52:04:41<92:20:34, 0.052s/step step= 3606000 episodes= 7512 eps=0.050 replay= 39936 loss=0.00000 ext100=0.000 total100=0.038
[train] 52:06:25<92:18:50, 0.052s/step step= 3608000 episodes= 7516 eps=0.050 replay= 39936 loss=0.00000 ext100=0.000 total100=0.037
[train] 52:08:09<92:17:05, 0.052s/step step= 3610000 episodes= 7520 eps=0.050 replay= 39936 loss=0.00001 ext100=0.000 total100=0.037
[train] 52:09:53<92:15:21, 0.052s/step step= 3612000 episodes= 7525 eps=0.050 replay= 39936 loss=0.00000 ext100=0.000 total100=0.038
[train] 52:11:36<92:13:36, 0.052s/step step= 3614000 episodes= 7529 eps=0.050 replay= 39936 loss=0.00000 ext100=0.000 total100=0.038
[train] 52:13:20<92:11:52, 0.052s/step step= 3616000 episodes= 7533 eps=0.050 replay= 39936 loss=0.00000 ext100=0.000 total100=0.038
[train] 52:15:03<92:10:07, 0.052s/step step= 3618000 episodes= 7537 eps=0.050 replay= 39936 loss=0.00001 ext100=0.000 total100=0.038
[eval] step=3620000 episodes=7541 mean_ext_return=0.000
[train] 52:17:02<92:08:49, 0.052s/step step= 3620000 episodes= 7541 eps=0.050 replay= 39936 loss=0.00000 ext100=0.000 total100=0.037
[train] 52:18:46<92:07:04, 0.052s/step step= 3622000 episodes= 7545 eps=0.050 replay= 39936 loss=0.00001 ext100=0.000 total100=0.037
[train] 52:20:29<92:05:19, 0.052s/step step= 3624000 episodes= 7550 eps=0.050 replay= 39936 loss=0.00001 ext100=0.000 total100=0.037
[train] 52:22:12<92:03:34, 0.052s/step step= 3626000 episodes= 7554 eps=0.050 replay= 39936 loss=0.00001 ext100=0.000 total100=0.036
[train] 52:23:56<92:01:50, 0.052s/step step= 3628000 episodes= 7558 eps=0.050 replay= 39936 loss=0.00001 ext100=0.000 total100=0.036
[train] 52:25:40<92:00:05, 0.052s/step step= 3630000 episodes= 7562 eps=0.050 replay= 39936 loss=0.00000 ext100=0.000 total100=0.035
[train] 52:27:24<91:58:21, 0.052s/step step= 3632000 episodes= 7566 eps=0.050 replay= 39936 loss=0.00000 ext100=0.000 total100=0.035
[train] 52:29:07<91:56:36, 0.052s/step step= 3634000 episodes= 7570 eps=0.050 replay= 39936 loss=0.00001 ext100=0.000 total100=0.035
[train] 52:30:51<91:54:52, 0.052s/step step= 3636000 episodes= 7575 eps=0.050 replay= 39936 loss=0.00001 ext100=0.000 total100=0.035
[train] 52:32:34<91:53:07, 0.052s/step step= 3638000 episodes= 7579 eps=0.050 replay= 39936 loss=0.00000 ext100=0.000 total100=0.035
[eval] step=3640000 episodes=7583 mean_ext_return=0.000
[train] 52:34:33<91:51:48, 0.052s/step step= 3640000 episodes= 7583 eps=0.050 replay= 39936 loss=0.00000 ext100=0.000 total100=0.036
[train] 52:36:17<91:50:04, 0.052s/step step= 3642000 episodes= 7587 eps=0.050 replay= 39936 loss=0.00001 ext100=0.000 total100=0.036
[train] 52:38:00<91:48:18, 0.052s/step step= 3644000 episodes= 7591 eps=0.050 replay= 39936 loss=0.00000 ext100=0.000 total100=0.037
[train] 52:39:43<91:46:33, 0.052s/step step= 3646000 episodes= 7595 eps=0.050 replay= 39936 loss=0.00000 ext100=0.000 total100=0.037
[train] 52:41:27<91:44:49, 0.052s/step step= 3648000 episodes= 7600 eps=0.050 replay= 39936 loss=0.00001 ext100=0.000 total100=0.038
[train] 52:43:11<91:43:04, 0.052s/step step= 3650000 episodes= 7604 eps=0.050 replay= 39936 loss=0.00002 ext100=0.000 total100=0.038
[train] 52:44:55<91:41:21, 0.052s/step step= 3652000 episodes= 7608 eps=0.050 replay= 39936 loss=0.00000 ext100=0.000 total100=0.037
[train] 52:46:38<91:39:36, 0.052s/step step= 3654000 episodes= 7612 eps=0.050 replay= 39936 loss=0.00000 ext100=0.000 total100=0.037
[train] 52:48:22<91:37:52, 0.052s/step step= 3656000 episodes= 7616 eps=0.050 replay= 39936 loss=0.00001 ext100=0.000 total100=0.037
[train] 52:50:06<91:36:07, 0.052s/step step= 3658000 episodes= 7620 eps=0.050 replay= 39936 loss=0.00001 ext100=0.000 total100=0.037
[eval] step=3660000 episodes=7625 mean_ext_return=0.000
[train] 52:52:04<91:34:48, 0.052s/step step= 3660000 episodes= 7625 eps=0.050 replay= 39936 loss=0.00001 ext100=0.000 total100=0.035
[train] 52:53:48<91:33:04, 0.052s/step step= 3662000 episodes= 7629 eps=0.050 replay= 39936 loss=0.00000 ext100=0.000 total100=0.036
[train] 52:55:31<91:31:18, 0.052s/step step= 3664000 episodes= 7633 eps=0.050 replay= 39936 loss=0.00000 ext100=0.000 total100=0.036
[train] 52:57:15<91:29:33, 0.052s/step step= 3666000 episodes= 7637 eps=0.050 replay= 39936 loss=0.00001 ext100=0.000 total100=0.036
[train] 52:58:59<91:27:49, 0.052s/step step= 3668000 episodes= 7641 eps=0.050 replay= 39936 loss=0.00001 ext100=0.000 total100=0.036
[train] 53:00:42<91:26:04, 0.052s/step step= 3670000 episodes= 7645 eps=0.050 replay= 39936 loss=0.00001 ext100=0.000 total100=0.035
[train] 53:02:26<91:24:20, 0.052s/step step= 3672000 episodes= 7650 eps=0.050 replay= 39936 loss=0.00001 ext100=0.000 total100=0.035
[train] 53:04:10<91:22:35, 0.052s/step step= 3674000 episodes= 7654 eps=0.050 replay= 39936 loss=0.00000 ext100=0.000 total100=0.035
[train] 53:05:54<91:20:51, 0.052s/step step= 3676000 episodes= 7658 eps=0.050 replay= 39936 loss=0.00000 ext100=0.000 total100=0.035
[train] 53:07:37<91:19:06, 0.052s/step step= 3678000 episodes= 7662 eps=0.050 replay= 39936 loss=0.00001 ext100=0.000 total100=0.036
[eval] step=3680000 episodes=7666 mean_ext_return=0.000
[train] 53:09:36<91:17:47, 0.052s/step step= 3680000 episodes= 7666 eps=0.050 replay= 39936 loss=0.00001 ext100=0.000 total100=0.036
[train] 53:11:19<91:16:03, 0.052s/step step= 3682000 episodes= 7670 eps=0.050 replay= 39936 loss=0.00001 ext100=0.000 total100=0.035
[train] 53:13:02<91:14:17, 0.052s/step step= 3684000 episodes= 7675 eps=0.050 replay= 39936 loss=0.00000 ext100=0.000 total100=0.035
[train] 53:14:46<91:12:32, 0.052s/step step= 3686000 episodes= 7679 eps=0.050 replay= 39936 loss=0.00000 ext100=0.000 total100=0.034
[train] 53:16:30<91:10:48, 0.052s/step step= 3688000 episodes= 7683 eps=0.050 replay= 39936 loss=0.00000 ext100=0.000 total100=0.034
[train] 53:18:13<91:09:03, 0.052s/step step= 3690000 episodes= 7687 eps=0.050 replay= 39936 loss=0.00001 ext100=0.000 total100=0.035
[train] 53:19:57<91:07:19, 0.052s/step step= 3692000 episodes= 7691 eps=0.050 replay= 39936 loss=0.00001 ext100=0.000 total100=0.034
[train] 53:21:41<91:05:34, 0.052s/step step= 3694000 episodes= 7695 eps=0.050 replay= 39936 loss=0.00000 ext100=0.000 total100=0.034
[train] 53:23:25<91:03:50, 0.052s/step step= 3696000 episodes= 7700 eps=0.050 replay= 39936 loss=0.00000 ext100=0.000 total100=0.033
[train] 53:25:08<91:02:05, 0.052s/step step= 3698000 episodes= 7704 eps=0.050 replay= 39936 loss=0.00001 ext100=0.000 total100=0.033
[eval] step=3700000 episodes=7708 mean_ext_return=0.000
[train] 53:27:07<91:00:46, 0.052s/step step= 3700000 episodes= 7708 eps=0.050 replay= 39936 loss=0.00000 ext100=0.000 total100=0.034
[train] 53:28:51<90:59:02, 0.052s/step step= 3702000 episodes= 7712 eps=0.050 replay= 39936 loss=0.00000 ext100=0.000 total100=0.035
[train] 53:30:34<90:57:16, 0.052s/step step= 3704000 episodes= 7716 eps=0.050 replay= 39936 loss=0.00000 ext100=0.000 total100=0.034
[train] 53:32:17<90:55:31, 0.052s/step step= 3706000 episodes= 7720 eps=0.050 replay= 39936 loss=0.00001 ext100=0.000 total100=0.033
[train] 53:34:01<90:53:47, 0.052s/step step= 3708000 episodes= 7725 eps=0.050 replay= 39936 loss=0.00000 ext100=0.000 total100=0.034
[train] 53:35:44<90:52:02, 0.052s/step step= 3710000 episodes= 7729 eps=0.050 replay= 39936 loss=0.00000 ext100=0.000 total100=0.033
[train] 53:37:28<90:50:18, 0.052s/step step= 3712000 episodes= 7733 eps=0.050 replay= 39936 loss=0.00000 ext100=0.000 total100=0.033
[train] 53:39:12<90:48:33, 0.052s/step step= 3714000 episodes= 7737 eps=0.050 replay= 39936 loss=0.00001 ext100=0.000 total100=0.033
[train] 53:40:56<90:46:49, 0.052s/step step= 3716000 episodes= 7741 eps=0.050 replay= 39936 loss=0.00000 ext100=0.000 total100=0.034
[train] 53:42:40<90:45:04, 0.052s/step step= 3718000 episodes= 7745 eps=0.050 replay= 39936 loss=0.00001 ext100=0.000 total100=0.035
[eval] step=3720000 episodes=7750 mean_ext_return=0.000
[train] 53:44:38<90:43:45, 0.052s/step step= 3720000 episodes= 7750 eps=0.050 replay= 39936 loss=0.00000 ext100=0.000 total100=0.035
[train] 53:46:22<90:42:01, 0.052s/step step= 3722000 episodes= 7754 eps=0.050 replay= 39936 loss=0.00001 ext100=0.000 total100=0.035
[train] 53:48:05<90:40:15, 0.052s/step step= 3724000 episodes= 7758 eps=0.050 replay= 39936 loss=0.00000 ext100=0.000 total100=0.035
[train] 53:49:49<90:38:30, 0.052s/step step= 3726000 episodes= 7762 eps=0.050 replay= 39936 loss=0.00000 ext100=0.000 total100=0.035
[train] 53:51:33<90:36:46, 0.052s/step step= 3728000 episodes= 7766 eps=0.050 replay= 39936 loss=0.00000 ext100=0.000 total100=0.035
[train] 53:53:16<90:35:01, 0.052s/step step= 3730000 episodes= 7770 eps=0.050 replay= 39936 loss=0.00001 ext100=0.000 total100=0.035
[train] 53:55:00<90:33:17, 0.052s/step step= 3732000 episodes= 7775 eps=0.050 replay= 39936 loss=0.00000 ext100=0.000 total100=0.036
[train] 53:56:43<90:31:32, 0.052s/step step= 3734000 episodes= 7779 eps=0.050 replay= 39936 loss=0.00000 ext100=0.000 total100=0.035
[train] 53:58:27<90:29:47, 0.052s/step step= 3736000 episodes= 7783 eps=0.050 replay= 39936 loss=0.00001 ext100=0.000 total100=0.035
[train] 54:00:11<90:28:03, 0.052s/step step= 3738000 episodes= 7787 eps=0.050 replay= 39936 loss=0.00001 ext100=0.000 total100=0.034
[eval] step=3740000 episodes=7791 mean_ext_return=0.000
[train] 54:02:09<90:26:43, 0.052s/step step= 3740000 episodes= 7791 eps=0.050 replay= 39936 loss=0.00000 ext100=0.000 total100=0.034
[train] 54:03:53<90:24:59, 0.052s/step step= 3742000 episodes= 7795 eps=0.050 replay= 39936 loss=0.00000 ext100=0.000 total100=0.034
[train] 54:05:36<90:23:13, 0.052s/step step= 3744000 episodes= 7800 eps=0.050 replay= 39936 loss=0.00000 ext100=0.000 total100=0.035
[train] 54:07:20<90:21:28, 0.052s/step step= 3746000 episodes= 7804 eps=0.050 replay= 39936 loss=0.00000 ext100=0.000 total100=0.035
[train] 54:09:04<90:19:44, 0.052s/step step= 3748000 episodes= 7808 eps=0.050 replay= 39936 loss=0.00001 ext100=0.000 total100=0.035
[train] 54:10:47<90:17:59, 0.052s/step step= 3750000 episodes= 7812 eps=0.050 replay= 39936 loss=0.00000 ext100=0.000 total100=0.035
[train] 54:12:31<90:16:15, 0.052s/step step= 3752000 episodes= 7816 eps=0.050 replay= 39936 loss=0.00000 ext100=0.000 total100=0.035
[train] 54:14:15<90:14:30, 0.052s/step step= 3754000 episodes= 7820 eps=0.050 replay= 39936 loss=0.00002 ext100=0.000 total100=0.036
[train] 54:15:59<90:12:46, 0.052s/step step= 3756000 episodes= 7825 eps=0.050 replay= 39936 loss=0.00000 ext100=0.000 total100=0.037
[train] 54:17:42<90:11:01, 0.052s/step step= 3758000 episodes= 7829 eps=0.050 replay= 39936 loss=0.00000 ext100=0.000 total100=0.037
[eval] step=3760000 episodes=7833 mean_ext_return=0.000
[train] 54:19:41<90:09:41, 0.052s/step step= 3760000 episodes= 7833 eps=0.050 replay= 39936 loss=0.00001 ext100=0.000 total100=0.036
[train] 54:21:25<90:07:57, 0.052s/step step= 3762000 episodes= 7837 eps=0.050 replay= 39936 loss=0.00001 ext100=0.000 total100=0.036
[train] 54:23:08<90:06:11, 0.052s/step step= 3764000 episodes= 7841 eps=0.050 replay= 39936 loss=0.00000 ext100=0.000 total100=0.036
[train] 54:24:51<90:04:26, 0.052s/step step= 3766000 episodes= 7845 eps=0.050 replay= 39936 loss=0.00000 ext100=0.000 total100=0.035
[train] 54:26:35<90:02:42, 0.052s/step step= 3768000 episodes= 7850 eps=0.050 replay= 39936 loss=0.00000 ext100=0.000 total100=0.034
[train] 54:28:19<90:00:57, 0.052s/step step= 3770000 episodes= 7854 eps=0.050 replay= 39936 loss=0.00001 ext100=0.000 total100=0.034
[train] 54:30:03<89:59:13, 0.052s/step step= 3772000 episodes= 7858 eps=0.050 replay= 39936 loss=0.00000 ext100=0.000 total100=0.033
[train] 54:31:46<89:57:28, 0.052s/step step= 3774000 episodes= 7862 eps=0.050 replay= 39936 loss=0.00000 ext100=0.000 total100=0.033
[train] 54:33:30<89:55:44, 0.052s/step step= 3776000 episodes= 7866 eps=0.050 replay= 39936 loss=0.00000 ext100=0.000 total100=0.033
[train] 54:35:13<89:53:59, 0.052s/step step= 3778000 episodes= 7870 eps=0.050 replay= 39936 loss=0.00001 ext100=0.000 total100=0.033
[eval] step=3780000 episodes=7875 mean_ext_return=0.000
[train] 54:37:12<89:52:39, 0.052s/step step= 3780000 episodes= 7875 eps=0.050 replay= 39936 loss=0.00000 ext100=0.000 total100=0.033
[train] 54:38:56<89:50:54, 0.052s/step step= 3782000 episodes= 7879 eps=0.050 replay= 39936 loss=0.00000 ext100=0.000 total100=0.033
[train] 54:40:39<89:49:09, 0.052s/step step= 3784000 episodes= 7883 eps=0.050 replay= 39936 loss=0.00001 ext100=0.000 total100=0.033
[train] 54:42:22<89:47:24, 0.052s/step step= 3786000 episodes= 7887 eps=0.050 replay= 39936 loss=0.00001 ext100=0.000 total100=0.034
[train] 54:44:06<89:45:40, 0.052s/step step= 3788000 episodes= 7891 eps=0.050 replay= 39936 loss=0.00000 ext100=0.000 total100=0.033
[train] 54:45:50<89:43:55, 0.052s/step step= 3790000 episodes= 7895 eps=0.050 replay= 39936 loss=0.00000 ext100=0.000 total100=0.033
[train] 54:47:34<89:42:10, 0.052s/step step= 3792000 episodes= 7900 eps=0.050 replay= 39936 loss=0.00001 ext100=0.000 total100=0.032
[train] 54:49:17<89:40:25, 0.052s/step step= 3794000 episodes= 7904 eps=0.050 replay= 39936 loss=0.00001 ext100=0.000 total100=0.032
[train] 54:51:01<89:38:41, 0.052s/step step= 3796000 episodes= 7908 eps=0.050 replay= 39936 loss=0.00000 ext100=0.000 total100=0.032
[train] 54:52:45<89:36:57, 0.052s/step step= 3798000 episodes= 7912 eps=0.050 replay= 39936 loss=0.00000 ext100=0.000 total100=0.031
[eval] step=3800000 episodes=7916 mean_ext_return=0.000
[train] 54:54:43<89:35:36, 0.052s/step step= 3800000 episodes= 7916 eps=0.050 replay= 39936 loss=0.00000 ext100=0.000 total100=0.031
[train] 54:56:27<89:33:52, 0.052s/step step= 3802000 episodes= 7920 eps=0.050 replay= 39936 loss=0.00001 ext100=0.000 total100=0.031
[train] 54:58:10<89:32:07, 0.052s/step step= 3804000 episodes= 7925 eps=0.050 replay= 39936 loss=0.00000 ext100=0.000 total100=0.030
[train] 54:59:54<89:30:21, 0.052s/step step= 3806000 episodes= 7929 eps=0.050 replay= 39936 loss=0.00000 ext100=0.000 total100=0.030
[train] 55:01:38<89:28:37, 0.052s/step step= 3808000 episodes= 7933 eps=0.050 replay= 39936 loss=0.00000 ext100=0.000 total100=0.030
[train] 55:03:21<89:26:52, 0.052s/step step= 3810000 episodes= 7937 eps=0.050 replay= 39936 loss=0.00001 ext100=0.000 total100=0.031
[train] 55:05:05<89:25:08, 0.052s/step step= 3812000 episodes= 7941 eps=0.050 replay= 39936 loss=0.00000 ext100=0.000 total100=0.029
[train] 55:06:48<89:23:23, 0.052s/step step= 3814000 episodes= 7945 eps=0.050 replay= 39936 loss=0.00000 ext100=0.000 total100=0.030
[train] 55:08:32<89:21:38, 0.052s/step step= 3816000 episodes= 7950 eps=0.050 replay= 39936 loss=0.00000 ext100=0.000 total100=0.031
[train] 55:10:16<89:19:54, 0.052s/step step= 3818000 episodes= 7954 eps=0.050 replay= 39936 loss=0.00000 ext100=0.000 total100=0.032
[eval] step=3820000 episodes=7958 mean_ext_return=0.000
[train] 55:12:14<89:18:33, 0.052s/step step= 3820000 episodes= 7958 eps=0.050 replay= 39936 loss=0.00000 ext100=0.000 total100=0.032
[train] 55:13:58<89:16:48, 0.052s/step step= 3822000 episodes= 7962 eps=0.050 replay= 39936 loss=0.00000 ext100=0.000 total100=0.032
[train] 55:15:41<89:15:03, 0.052s/step step= 3824000 episodes= 7966 eps=0.050 replay= 39936 loss=0.00000 ext100=0.000 total100=0.031
[train] 55:17:25<89:13:18, 0.052s/step step= 3826000 episodes= 7970 eps=0.050 replay= 39936 loss=0.00001 ext100=0.000 total100=0.031
[train] 55:19:09<89:11:34, 0.052s/step step= 3828000 episodes= 7975 eps=0.050 replay= 39936 loss=0.00000 ext100=0.000 total100=0.031
[train] 55:20:52<89:09:49, 0.052s/step step= 3830000 episodes= 7979 eps=0.050 replay= 39936 loss=0.00000 ext100=0.000 total100=0.032
[train] 55:22:36<89:08:05, 0.052s/step step= 3832000 episodes= 7983 eps=0.050 replay= 39936 loss=0.00000 ext100=0.000 total100=0.031
[train] 55:24:20<89:06:20, 0.052s/step step= 3834000 episodes= 7987 eps=0.050 replay= 39936 loss=0.00001 ext100=0.000 total100=0.031
[train] 55:26:04<89:04:36, 0.052s/step step= 3836000 episodes= 7991 eps=0.050 replay= 39936 loss=0.00000 ext100=0.000 total100=0.031
[train] 55:27:47<89:02:51, 0.052s/step step= 3838000 episodes= 7995 eps=0.050 replay= 39936 loss=0.00000 ext100=0.000 total100=0.030
[eval] step=3840000 episodes=8000 mean_ext_return=0.000
[train] 55:29:46<89:01:30, 0.052s/step step= 3840000 episodes= 8000 eps=0.050 replay= 39936 loss=0.00001 ext100=0.000 total100=0.031
[train] 55:31:30<88:59:46, 0.052s/step step= 3842000 episodes= 8004 eps=0.050 replay= 39936 loss=0.00001 ext100=0.000 total100=0.031
[train] 55:33:13<88:58:01, 0.052s/step step= 3844000 episodes= 8008 eps=0.050 replay= 39936 loss=0.00000 ext100=0.000 total100=0.031
[train] 55:34:56<88:56:15, 0.052s/step step= 3846000 episodes= 8012 eps=0.050 replay= 39936 loss=0.00000 ext100=0.000 total100=0.032
[train] 55:36:40<88:54:31, 0.052s/step step= 3848000 episodes= 8016 eps=0.050 replay= 39936 loss=0.00000 ext100=0.000 total100=0.032
[train] 55:38:24<88:52:46, 0.052s/step step= 3850000 episodes= 8020 eps=0.050 replay= 39936 loss=0.00001 ext100=0.000 total100=0.033
[train] 55:40:08<88:51:02, 0.052s/step step= 3852000 episodes= 8025 eps=0.050 replay= 39936 loss=0.00000 ext100=0.000 total100=0.033
[train] 55:41:51<88:49:17, 0.052s/step step= 3854000 episodes= 8029 eps=0.050 replay= 39936 loss=0.00000 ext100=0.000 total100=0.032
[train] 55:43:35<88:47:33, 0.052s/step step= 3856000 episodes= 8033 eps=0.050 replay= 39936 loss=0.00000 ext100=0.000 total100=0.032
[train] 55:45:19<88:45:48, 0.052s/step step= 3858000 episodes= 8037 eps=0.050 replay= 39936 loss=0.00001 ext100=0.000 total100=0.031
[eval] step=3860000 episodes=8041 mean_ext_return=0.000
[train] 55:47:17<88:44:27, 0.052s/step step= 3860000 episodes= 8041 eps=0.050 replay= 39936 loss=0.00000 ext100=0.000 total100=0.033
[train] 55:49:01<88:42:43, 0.052s/step step= 3862000 episodes= 8045 eps=0.050 replay= 39936 loss=0.00001 ext100=0.000 total100=0.032
[train] 55:50:45<88:40:58, 0.052s/step step= 3864000 episodes= 8050 eps=0.050 replay= 39936 loss=0.00001 ext100=0.000 total100=0.033
[train] 55:52:28<88:39:12, 0.052s/step step= 3866000 episodes= 8054 eps=0.050 replay= 39936 loss=0.00001 ext100=0.000 total100=0.032
[train] 55:54:11<88:37:27, 0.052s/step step= 3868000 episodes= 8058 eps=0.050 replay= 39936 loss=0.00000 ext100=0.000 total100=0.032
[train] 55:55:55<88:35:42, 0.052s/step step= 3870000 episodes= 8062 eps=0.050 replay= 39936 loss=0.00000 ext100=0.000 total100=0.032
[train] 55:57:39<88:33:58, 0.052s/step step= 3872000 episodes= 8066 eps=0.050 replay= 39936 loss=0.00000 ext100=0.000 total100=0.032
[train] 55:59:22<88:32:13, 0.052s/step step= 3874000 episodes= 8070 eps=0.050 replay= 39936 loss=0.00001 ext100=0.000 total100=0.033
[train] 56:01:06<88:30:29, 0.052s/step step= 3876000 episodes= 8075 eps=0.050 replay= 39936 loss=0.00000 ext100=0.000 total100=0.032
[train] 56:02:50<88:28:44, 0.052s/step step= 3878000 episodes= 8079 eps=0.050 replay= 39936 loss=0.00000 ext100=0.000 total100=0.032
[eval] step=3880000 episodes=8083 mean_ext_return=0.000
[train] 56:04:48<88:27:22, 0.052s/step step= 3880000 episodes= 8083 eps=0.050 replay= 39936 loss=0.00000 ext100=0.000 total100=0.032
[train] 56:06:32<88:25:38, 0.052s/step step= 3882000 episodes= 8087 eps=0.050 replay= 39936 loss=0.00001 ext100=0.000 total100=0.032
[train] 56:08:16<88:23:53, 0.052s/step step= 3884000 episodes= 8091 eps=0.050 replay= 39936 loss=0.00000 ext100=0.000 total100=0.031
[train] 56:09:59<88:22:07, 0.052s/step step= 3886000 episodes= 8095 eps=0.050 replay= 39936 loss=0.00000 ext100=0.000 total100=0.032
[train] 56:11:43<88:20:23, 0.052s/step step= 3888000 episodes= 8100 eps=0.050 replay= 39936 loss=0.00001 ext100=0.000 total100=0.031
[train] 56:13:26<88:18:38, 0.052s/step step= 3890000 episodes= 8104 eps=0.050 replay= 39936 loss=0.00001 ext100=0.000 total100=0.031
[train] 56:15:10<88:16:54, 0.052s/step step= 3892000 episodes= 8108 eps=0.050 replay= 39936 loss=0.00000 ext100=0.000 total100=0.031
[train] 56:16:53<88:15:09, 0.052s/step step= 3894000 episodes= 8112 eps=0.050 replay= 39936 loss=0.00001 ext100=0.000 total100=0.031
[train] 56:18:37<88:13:25, 0.052s/step step= 3896000 episodes= 8116 eps=0.050 replay= 39936 loss=0.00000 ext100=0.000 total100=0.031
[train] 56:20:21<88:11:40, 0.052s/step step= 3898000 episodes= 8120 eps=0.050 replay= 39936 loss=0.00001 ext100=0.000 total100=0.031
[eval] step=3900000 episodes=8125 mean_ext_return=0.000
[train] 56:22:20<88:10:19, 0.052s/step step= 3900000 episodes= 8125 eps=0.050 replay= 39936 loss=0.00000 ext100=0.000 total100=0.032
[train] 56:24:04<88:08:34, 0.052s/step step= 3902000 episodes= 8129 eps=0.050 replay= 39936 loss=0.00000 ext100=0.000 total100=0.032
[train] 56:25:47<88:06:49, 0.052s/step step= 3904000 episodes= 8133 eps=0.050 replay= 39936 loss=0.00000 ext100=0.000 total100=0.033
[train] 56:27:30<88:05:03, 0.052s/step step= 3906000 episodes= 8137 eps=0.050 replay= 39936 loss=0.00001 ext100=0.000 total100=0.034
[train] 56:29:14<88:03:19, 0.052s/step step= 3908000 episodes= 8141 eps=0.050 replay= 39936 loss=0.00000 ext100=0.000 total100=0.034
[train] 56:30:57<88:01:34, 0.052s/step step= 3910000 episodes= 8145 eps=0.050 replay= 39936 loss=0.00001 ext100=0.000 total100=0.033
[train] 56:32:41<87:59:50, 0.052s/step step= 3912000 episodes= 8150 eps=0.050 replay= 39936 loss=0.00000 ext100=0.000 total100=0.032
[train] 56:34:25<87:58:05, 0.052s/step step= 3914000 episodes= 8154 eps=0.050 replay= 39936 loss=0.00000 ext100=0.000 total100=0.031
[train] 56:36:09<87:56:21, 0.052s/step step= 3916000 episodes= 8158 eps=0.050 replay= 39936 loss=0.00001 ext100=0.000 total100=0.031
[train] 56:37:52<87:54:36, 0.052s/step step= 3918000 episodes= 8162 eps=0.050 replay= 39936 loss=0.00000 ext100=0.000 total100=0.032
[eval] step=3920000 episodes=8166 mean_ext_return=0.000
[train] 56:39:51<87:53:14, 0.052s/step step= 3920000 episodes= 8166 eps=0.050 replay= 39936 loss=0.00000 ext100=0.000 total100=0.031
[train] 56:41:34<87:51:29, 0.052s/step step= 3922000 episodes= 8170 eps=0.050 replay= 39936 loss=0.00001 ext100=0.000 total100=0.030
[train] 56:43:18<87:49:44, 0.052s/step step= 3924000 episodes= 8175 eps=0.050 replay= 39936 loss=0.00000 ext100=0.000 total100=0.030
[train] 56:45:01<87:47:59, 0.052s/step step= 3926000 episodes= 8179 eps=0.050 replay= 39936 loss=0.00000 ext100=0.000 total100=0.031
[train] 56:46:45<87:46:14, 0.052s/step step= 3928000 episodes= 8183 eps=0.050 replay= 39936 loss=0.00000 ext100=0.000 total100=0.031
[train] 56:48:28<87:44:29, 0.052s/step step= 3930000 episodes= 8187 eps=0.050 replay= 39936 loss=0.00001 ext100=0.000 total100=0.031
[train] 56:50:12<87:42:44, 0.052s/step step= 3932000 episodes= 8191 eps=0.050 replay= 39936 loss=0.00000 ext100=0.000 total100=0.032
[train] 56:51:55<87:41:00, 0.052s/step step= 3934000 episodes= 8195 eps=0.050 replay= 39936 loss=0.00000 ext100=0.000 total100=0.032
[train] 56:53:39<87:39:15, 0.052s/step step= 3936000 episodes= 8200 eps=0.050 replay= 39936 loss=0.00000 ext100=0.000 total100=0.032
[train] 56:55:23<87:37:31, 0.052s/step step= 3938000 episodes= 8204 eps=0.050 replay= 39936 loss=0.00001 ext100=0.000 total100=0.031
[eval] step=3940000 episodes=8208 mean_ext_return=0.000
[train] 56:57:21<87:36:09, 0.052s/step step= 3940000 episodes= 8208 eps=0.050 replay= 39936 loss=0.00000 ext100=0.000 total100=0.031
[train] 56:59:05<87:34:24, 0.052s/step step= 3942000 episodes= 8212 eps=0.050 replay= 39936 loss=0.00000 ext100=0.000 total100=0.032
[train] 57:00:49<87:32:39, 0.052s/step step= 3944000 episodes= 8216 eps=0.050 replay= 39936 loss=0.00000 ext100=0.000 total100=0.032
[train] 57:02:32<87:30:54, 0.052s/step step= 3946000 episodes= 8220 eps=0.050 replay= 39936 loss=0.00001 ext100=0.000 total100=0.032
[train] 57:04:16<87:29:10, 0.052s/step step= 3948000 episodes= 8225 eps=0.050 replay= 39936 loss=0.00000 ext100=0.000 total100=0.031
[train] 57:06:00<87:27:25, 0.052s/step step= 3950000 episodes= 8229 eps=0.050 replay= 39936 loss=0.00000 ext100=0.000 total100=0.031
[train] 57:07:44<87:25:41, 0.052s/step step= 3952000 episodes= 8233 eps=0.050 replay= 39936 loss=0.00000 ext100=0.000 total100=0.031
[train] 57:09:28<87:23:56, 0.052s/step step= 3954000 episodes= 8237 eps=0.050 replay= 39936 loss=0.00001 ext100=0.000 total100=0.029
[train] 57:11:12<87:22:12, 0.052s/step step= 3956000 episodes= 8241 eps=0.050 replay= 39936 loss=0.00000 ext100=0.000 total100=0.029
[train] 57:12:55<87:20:27, 0.052s/step step= 3958000 episodes= 8245 eps=0.050 replay= 39936 loss=0.00000 ext100=0.000 total100=0.029
[eval] step=3960000 episodes=8250 mean_ext_return=0.000
[train] 57:14:53<87:19:05, 0.052s/step step= 3960000 episodes= 8250 eps=0.050 replay= 39936 loss=0.00000 ext100=0.000 total100=0.030
[train] 57:16:37<87:17:20, 0.052s/step step= 3962000 episodes= 8254 eps=0.050 replay= 39936 loss=0.00000 ext100=0.000 total100=0.031
[train] 57:18:21<87:15:35, 0.052s/step step= 3964000 episodes= 8258 eps=0.050 replay= 39936 loss=0.00000 ext100=0.000 total100=0.031
[train] 57:20:04<87:13:49, 0.052s/step step= 3966000 episodes= 8262 eps=0.050 replay= 39936 loss=0.00000 ext100=0.000 total100=0.032
[train] 57:21:48<87:12:05, 0.052s/step step= 3968000 episodes= 8266 eps=0.050 replay= 39936 loss=0.00001 ext100=0.000 total100=0.032
[train] 57:23:31<87:10:20, 0.052s/step step= 3970000 episodes= 8270 eps=0.050 replay= 39936 loss=0.00000 ext100=0.000 total100=0.032
[train] 57:25:16<87:08:38, 0.052s/step step= 3972000 episodes= 8275 eps=0.050 replay= 39936 loss=0.00000 ext100=0.000 total100=0.033
[train] 57:27:00<87:06:53, 0.052s/step step= 3974000 episodes= 8279 eps=0.050 replay= 39936 loss=0.00000 ext100=0.000 total100=0.033
[train] 57:28:44<87:05:08, 0.052s/step step= 3976000 episodes= 8283 eps=0.050 replay= 39936 loss=0.00000 ext100=0.000 total100=0.033
[train] 57:30:28<87:03:24, 0.052s/step step= 3978000 episodes= 8287 eps=0.050 replay= 39936 loss=0.00001 ext100=0.000 total100=0.033
[eval] step=3980000 episodes=8291 mean_ext_return=0.000
[train] 57:32:26<87:02:01, 0.052s/step step= 3980000 episodes= 8291 eps=0.050 replay= 39936 loss=0.00000 ext100=0.000 total100=0.032
[train] 57:34:10<87:00:17, 0.052s/step step= 3982000 episodes= 8295 eps=0.050 replay= 39936 loss=0.00000 ext100=0.000 total100=0.032
[train] 57:35:53<86:58:32, 0.052s/step step= 3984000 episodes= 8300 eps=0.050 replay= 39936 loss=0.00000 ext100=0.000 total100=0.033
[train] 57:37:36<86:56:46, 0.052s/step step= 3986000 episodes= 8304 eps=0.050 replay= 39936 loss=0.00001 ext100=0.000 total100=0.032
[train] 57:39:20<86:55:02, 0.052s/step step= 3988000 episodes= 8308 eps=0.050 replay= 39936 loss=0.00000 ext100=0.000 total100=0.033
[train] 57:41:04<86:53:17, 0.052s/step step= 3990000 episodes= 8312 eps=0.050 replay= 39936 loss=0.00000 ext100=0.000 total100=0.032
[train] 57:42:48<86:51:33, 0.052s/step step= 3992000 episodes= 8316 eps=0.050 replay= 39936 loss=0.00000 ext100=0.000 total100=0.031
[train] 57:44:31<86:49:48, 0.052s/step step= 3994000 episodes= 8320 eps=0.050 replay= 39936 loss=0.00001 ext100=0.000 total100=0.030
[train] 57:46:15<86:48:03, 0.052s/step step= 3996000 episodes= 8325 eps=0.050 replay= 39936 loss=0.00000 ext100=0.000 total100=0.030
[train] 57:47:59<86:46:19, 0.052s/step step= 3998000 episodes= 8329 eps=0.050 replay= 39936 loss=0.00000 ext100=0.000 total100=0.030
[eval] step=4000000 episodes=8333 mean_ext_return=0.000
[train] 57:49:57<86:44:56, 0.052s/step step= 4000000 episodes= 8333 eps=0.050 replay= 39936 loss=0.00000 ext100=0.000 total100=0.030
[train] 57:51:41<86:43:12, 0.052s/step step= 4002000 episodes= 8337 eps=0.050 replay= 39936 loss=0.00001 ext100=0.000 total100=0.030
[train] 57:53:25<86:41:27, 0.052s/step step= 4004000 episodes= 8341 eps=0.050 replay= 39936 loss=0.00000 ext100=0.000 total100=0.030
[train] 57:55:08<86:39:41, 0.052s/step step= 4006000 episodes= 8345 eps=0.050 replay= 39936 loss=0.00000 ext100=0.000 total100=0.030
[train] 57:56:52<86:37:57, 0.052s/step step= 4008000 episodes= 8350 eps=0.050 replay= 39936 loss=0.00001 ext100=0.000 total100=0.029
[train] 57:58:35<86:36:12, 0.052s/step step= 4010000 episodes= 8354 eps=0.050 replay= 39936 loss=0.00001 ext100=0.000 total100=0.029
[train] 58:00:19<86:34:27, 0.052s/step step= 4012000 episodes= 8358 eps=0.050 replay= 39936 loss=0.00000 ext100=0.000 total100=0.029
[train] 58:02:02<86:32:42, 0.052s/step step= 4014000 episodes= 8362 eps=0.050 replay= 39936 loss=0.00000 ext100=0.000 total100=0.029
[train] 58:03:46<86:30:58, 0.052s/step step= 4016000 episodes= 8366 eps=0.050 replay= 39936 loss=0.00000 ext100=0.000 total100=0.029
[train] 58:05:30<86:29:13, 0.052s/step step= 4018000 episodes= 8370 eps=0.050 replay= 39936 loss=0.00002 ext100=0.000 total100=0.029
[eval] step=4020000 episodes=8375 mean_ext_return=0.000
[train] 58:07:28<86:27:50, 0.052s/step step= 4020000 episodes= 8375 eps=0.050 replay= 39936 loss=0.00000 ext100=0.000 total100=0.030
[train] 58:09:12<86:26:05, 0.052s/step step= 4022000 episodes= 8379 eps=0.050 replay= 39936 loss=0.00000 ext100=0.000 total100=0.029
[train] 58:10:55<86:24:20, 0.052s/step step= 4024000 episodes= 8383 eps=0.050 replay= 39936 loss=0.00000 ext100=0.000 total100=0.029
[train] 58:12:38<86:22:34, 0.052s/step step= 4026000 episodes= 8387 eps=0.050 replay= 39936 loss=0.00001 ext100=0.000 total100=0.029
[train] 58:14:22<86:20:50, 0.052s/step step= 4028000 episodes= 8391 eps=0.050 replay= 39936 loss=0.00001 ext100=0.000 total100=0.030
[train] 58:16:06<86:19:05, 0.052s/step step= 4030000 episodes= 8395 eps=0.050 replay= 39936 loss=0.00000 ext100=0.000 total100=0.030
[train] 58:17:50<86:17:21, 0.052s/step step= 4032000 episodes= 8400 eps=0.050 replay= 39936 loss=0.00000 ext100=0.000 total100=0.028
[train] 58:19:33<86:15:36, 0.052s/step step= 4034000 episodes= 8404 eps=0.050 replay= 39936 loss=0.00001 ext100=0.000 total100=0.030
[train] 58:21:17<86:13:52, 0.052s/step step= 4036000 episodes= 8408 eps=0.050 replay= 39936 loss=0.00000 ext100=0.000 total100=0.029
[train] 58:23:01<86:12:07, 0.052s/step step= 4038000 episodes= 8412 eps=0.050 replay= 39936 loss=0.00000 ext100=0.000 total100=0.029
[eval] step=4040000 episodes=8416 mean_ext_return=0.000
[train] 58:25:00<86:10:44, 0.052s/step step= 4040000 episodes= 8416 eps=0.050 replay= 39936 loss=0.00000 ext100=0.000 total100=0.030
[train] 58:26:43<86:08:59, 0.052s/step step= 4042000 episodes= 8420 eps=0.050 replay= 39936 loss=0.00001 ext100=0.000 total100=0.031
[train] 58:28:27<86:07:14, 0.052s/step step= 4044000 episodes= 8425 eps=0.050 replay= 39936 loss=0.00000 ext100=0.000 total100=0.031
[train] 58:30:10<86:05:29, 0.052s/step step= 4046000 episodes= 8429 eps=0.050 replay= 39936 loss=0.00000 ext100=0.000 total100=0.031
[train] 58:31:54<86:03:44, 0.052s/step step= 4048000 episodes= 8433 eps=0.050 replay= 39936 loss=0.00000 ext100=0.000 total100=0.032
[train] 58:33:37<86:01:59, 0.052s/step step= 4050000 episodes= 8437 eps=0.050 replay= 39936 loss=0.00001 ext100=0.000 total100=0.032
[train] 58:35:21<86:00:15, 0.052s/step step= 4052000 episodes= 8441 eps=0.050 replay= 39936 loss=0.00000 ext100=0.000 total100=0.033
[train] 58:37:05<85:58:30, 0.052s/step step= 4054000 episodes= 8445 eps=0.050 replay= 39936 loss=0.00000 ext100=0.000 total100=0.033
[train] 58:38:49<85:56:46, 0.052s/step step= 4056000 episodes= 8450 eps=0.050 replay= 39936 loss=0.00001 ext100=0.000 total100=0.033
[train] 58:40:33<85:55:01, 0.052s/step step= 4058000 episodes= 8454 eps=0.050 replay= 39936 loss=0.00001 ext100=0.000 total100=0.033
[eval] step=4060000 episodes=8458 mean_ext_return=0.000
[train] 58:42:31<85:53:38, 0.052s/step step= 4060000 episodes= 8458 eps=0.050 replay= 39936 loss=0.00000 ext100=0.000 total100=0.033
[train] 58:44:15<85:51:53, 0.052s/step step= 4062000 episodes= 8462 eps=0.050 replay= 39936 loss=0.00000 ext100=0.000 total100=0.033
[train] 58:45:58<85:50:09, 0.052s/step step= 4064000 episodes= 8466 eps=0.050 replay= 39936 loss=0.00001 ext100=0.000 total100=0.032
[train] 58:47:41<85:48:23, 0.052s/step step= 4066000 episodes= 8470 eps=0.050 replay= 39936 loss=0.00001 ext100=0.000 total100=0.033
[train] 58:49:25<85:46:38, 0.052s/step step= 4068000 episodes= 8475 eps=0.050 replay= 39936 loss=0.00000 ext100=0.000 total100=0.032
[train] 58:51:09<85:44:53, 0.052s/step step= 4070000 episodes= 8479 eps=0.050 replay= 39936 loss=0.00000 ext100=0.000 total100=0.033
[train] 58:52:53<85:43:09, 0.052s/step step= 4072000 episodes= 8483 eps=0.050 replay= 39936 loss=0.00000 ext100=0.000 total100=0.032
[train] 58:54:36<85:41:24, 0.052s/step step= 4074000 episodes= 8487 eps=0.050 replay= 39936 loss=0.00001 ext100=0.000 total100=0.032
[train] 58:56:20<85:39:40, 0.052s/step step= 4076000 episodes= 8491 eps=0.050 replay= 39936 loss=0.00000 ext100=0.000 total100=0.031
[train] 58:58:04<85:37:55, 0.052s/step step= 4078000 episodes= 8495 eps=0.050 replay= 39936 loss=0.00000 ext100=0.000 total100=0.031
[eval] step=4080000 episodes=8500 mean_ext_return=0.000
[train] 59:00:03<85:36:32, 0.052s/step step= 4080000 episodes= 8500 eps=0.050 replay= 39936 loss=0.00000 ext100=0.000 total100=0.031
[train] 59:01:46<85:34:47, 0.052s/step step= 4082000 episodes= 8504 eps=0.050 replay= 39936 loss=0.00000 ext100=0.000 total100=0.031
[train] 59:03:30<85:33:02, 0.052s/step step= 4084000 episodes= 8508 eps=0.050 replay= 39936 loss=0.00000 ext100=0.000 total100=0.031
[train] 59:05:13<85:31:17, 0.052s/step step= 4086000 episodes= 8512 eps=0.050 replay= 39936 loss=0.00000 ext100=0.000 total100=0.031
[train] 59:06:57<85:29:32, 0.052s/step step= 4088000 episodes= 8516 eps=0.050 replay= 39936 loss=0.00000 ext100=0.000 total100=0.032
[train] 59:08:40<85:27:47, 0.052s/step step= 4090000 episodes= 8520 eps=0.050 replay= 39936 loss=0.00001 ext100=0.000 total100=0.032
[train] 59:10:24<85:26:03, 0.052s/step step= 4092000 episodes= 8525 eps=0.050 replay= 39936 loss=0.00000 ext100=0.000 total100=0.033
[train] 59:12:08<85:24:18, 0.052s/step step= 4094000 episodes= 8529 eps=0.050 replay= 39936 loss=0.00000 ext100=0.000 total100=0.033
[train] 59:13:52<85:22:34, 0.052s/step step= 4096000 episodes= 8533 eps=0.050 replay= 39936 loss=0.00001 ext100=0.000 total100=0.033
[train] 59:15:36<85:20:49, 0.052s/step step= 4098000 episodes= 8537 eps=0.050 replay= 39936 loss=0.00001 ext100=0.000 total100=0.032
[eval] step=4100000 episodes=8541 mean_ext_return=0.000
[train] 59:17:34<85:19:26, 0.052s/step step= 4100000 episodes= 8541 eps=0.050 replay= 39936 loss=0.00000 ext100=0.000 total100=0.032
[train] 59:19:18<85:17:41, 0.052s/step step= 4102000 episodes= 8545 eps=0.050 replay= 39936 loss=0.00000 ext100=0.000 total100=0.031
[train] 59:21:01<85:15:56, 0.052s/step step= 4104000 episodes= 8550 eps=0.050 replay= 39936 loss=0.00001 ext100=0.000 total100=0.032
[train] 59:22:44<85:14:11, 0.052s/step step= 4106000 episodes= 8554 eps=0.050 replay= 39936 loss=0.00001 ext100=0.000 total100=0.031
[train] 59:24:28<85:12:26, 0.052s/step step= 4108000 episodes= 8558 eps=0.050 replay= 39936 loss=0.00001 ext100=0.000 total100=0.030
[train] 59:26:12<85:10:41, 0.052s/step step= 4110000 episodes= 8562 eps=0.050 replay= 39936 loss=0.00000 ext100=0.000 total100=0.031
[train] 59:27:56<85:08:57, 0.052s/step step= 4112000 episodes= 8566 eps=0.050 replay= 39936 loss=0.00001 ext100=0.000 total100=0.031
[train] 59:29:39<85:07:12, 0.052s/step step= 4114000 episodes= 8570 eps=0.050 replay= 39936 loss=0.00002 ext100=0.000 total100=0.031
[train] 59:31:23<85:05:27, 0.052s/step step= 4116000 episodes= 8575 eps=0.050 replay= 39936 loss=0.00000 ext100=0.000 total100=0.032
[train] 59:33:07<85:03:43, 0.052s/step step= 4118000 episodes= 8579 eps=0.050 replay= 39936 loss=0.00001 ext100=0.000 total100=0.031
[eval] step=4120000 episodes=8583 mean_ext_return=0.000
[train] 59:35:06<85:02:19, 0.052s/step step= 4120000 episodes= 8583 eps=0.050 replay= 39936 loss=0.00000 ext100=0.000 total100=0.032
[train] 59:36:49<85:00:34, 0.052s/step step= 4122000 episodes= 8587 eps=0.050 replay= 39936 loss=0.00002 ext100=0.000 total100=0.031
[train] 59:38:33<84:58:49, 0.052s/step step= 4124000 episodes= 8591 eps=0.050 replay= 39936 loss=0.00000 ext100=0.000 total100=0.031
[train] 59:40:16<84:57:04, 0.052s/step step= 4126000 episodes= 8595 eps=0.050 replay= 39936 loss=0.00000 ext100=0.000 total100=0.031
[train] 59:42:00<84:55:19, 0.052s/step step= 4128000 episodes= 8600 eps=0.050 replay= 39936 loss=0.00001 ext100=0.000 total100=0.032
[train] 59:43:43<84:53:34, 0.052s/step step= 4130000 episodes= 8604 eps=0.050 replay= 39936 loss=0.00001 ext100=0.000 total100=0.032
[train] 59:45:27<84:51:50, 0.052s/step step= 4132000 episodes= 8608 eps=0.050 replay= 39936 loss=0.00000 ext100=0.000 total100=0.032
[train] 59:47:11<84:50:05, 0.052s/step step= 4134000 episodes= 8612 eps=0.050 replay= 39936 loss=0.00000 ext100=0.000 total100=0.032
[train] 59:48:55<84:48:20, 0.052s/step step= 4136000 episodes= 8616 eps=0.050 replay= 39936 loss=0.00001 ext100=0.000 total100=0.031
[train] 59:50:39<84:46:36, 0.052s/step step= 4138000 episodes= 8620 eps=0.050 replay= 39936 loss=0.00001 ext100=0.000 total100=0.030
[eval] step=4140000 episodes=8625 mean_ext_return=0.000
[train] 59:52:37<84:45:12, 0.052s/step step= 4140000 episodes= 8625 eps=0.050 replay= 39936 loss=0.00000 ext100=0.000 total100=0.030
[train] 59:54:21<84:43:28, 0.052s/step step= 4142000 episodes= 8629 eps=0.050 replay= 39936 loss=0.00000 ext100=0.000 total100=0.030
[train] 59:56:04<84:41:43, 0.052s/step step= 4144000 episodes= 8633 eps=0.050 replay= 39936 loss=0.00000 ext100=0.000 total100=0.030
[train] 59:57:47<84:39:57, 0.052s/step step= 4146000 episodes= 8637 eps=0.050 replay= 39936 loss=0.00001 ext100=0.000 total100=0.032
[train] 59:59:31<84:38:12, 0.052s/step step= 4148000 episodes= 8641 eps=0.050 replay= 39936 loss=0.00000 ext100=0.000 total100=0.032
[train] 60:01:15<84:36:27, 0.052s/step step= 4150000 episodes= 8645 eps=0.050 replay= 39936 loss=0.00000 ext100=0.000 total100=0.032
[train] 60:02:59<84:34:43, 0.052s/step step= 4152000 episodes= 8650 eps=0.050 replay= 39936 loss=0.00000 ext100=0.000 total100=0.032
[train] 60:04:42<84:32:58, 0.052s/step step= 4154000 episodes= 8654 eps=0.050 replay= 39936 loss=0.00002 ext100=0.000 total100=0.033
[train] 60:06:26<84:31:13, 0.052s/step step= 4156000 episodes= 8658 eps=0.050 replay= 39936 loss=0.00001 ext100=0.000 total100=0.036
[train] 60:08:10<84:29:29, 0.052s/step step= 4158000 episodes= 8662 eps=0.050 replay= 39936 loss=0.00000 ext100=0.000 total100=0.035
[eval] step=4160000 episodes=8666 mean_ext_return=0.000
[train] 60:10:08<84:28:05, 0.052s/step step= 4160000 episodes= 8666 eps=0.050 replay= 39936 loss=0.00001 ext100=0.000 total100=0.035
[train] 60:11:52<84:26:20, 0.052s/step step= 4162000 episodes= 8670 eps=0.050 replay= 39936 loss=0.00001 ext100=0.000 total100=0.035
[train] 60:13:36<84:24:35, 0.052s/step step= 4164000 episodes= 8675 eps=0.050 replay= 39936 loss=0.00001 ext100=0.000 total100=0.035
[train] 60:15:19<84:22:50, 0.052s/step step= 4166000 episodes= 8679 eps=0.050 replay= 39936 loss=0.00000 ext100=0.000 total100=0.034
[train] 60:17:03<84:21:05, 0.052s/step step= 4168000 episodes= 8683 eps=0.050 replay= 39936 loss=0.00000 ext100=0.000 total100=0.035
[train] 60:18:46<84:19:20, 0.052s/step step= 4170000 episodes= 8687 eps=0.050 replay= 39936 loss=0.00001 ext100=0.000 total100=0.035
[train] 60:20:30<84:17:36, 0.052s/step step= 4172000 episodes= 8691 eps=0.050 replay= 39936 loss=0.00000 ext100=0.000 total100=0.036
[train] 60:22:13<84:15:50, 0.052s/step step= 4174000 episodes= 8695 eps=0.050 replay= 39936 loss=0.00000 ext100=0.000 total100=0.036
[train] 60:23:57<84:14:06, 0.052s/step step= 4176000 episodes= 8700 eps=0.050 replay= 39936 loss=0.00000 ext100=0.000 total100=0.036
[train] 60:25:41<84:12:22, 0.052s/step step= 4178000 episodes= 8704 eps=0.050 replay= 39936 loss=0.00001 ext100=0.000 total100=0.035
[eval] step=4180000 episodes=8708 mean_ext_return=0.000
[train] 60:27:40<84:10:58, 0.052s/step step= 4180000 episodes= 8708 eps=0.050 replay= 39936 loss=0.00000 ext100=0.000 total100=0.036
[train] 60:29:23<84:09:13, 0.052s/step step= 4182000 episodes= 8712 eps=0.050 replay= 39936 loss=0.00000 ext100=0.000 total100=0.036
[train] 60:31:07<84:07:27, 0.052s/step step= 4184000 episodes= 8716 eps=0.050 replay= 39936 loss=0.00000 ext100=0.000 total100=0.035
[train] 60:32:50<84:05:42, 0.052s/step step= 4186000 episodes= 8720 eps=0.050 replay= 39936 loss=0.00002 ext100=0.000 total100=0.037
[train] 60:34:34<84:03:57, 0.052s/step step= 4188000 episodes= 8725 eps=0.050 replay= 39936 loss=0.00000 ext100=0.000 total100=0.037
[train] 60:36:17<84:02:12, 0.052s/step step= 4190000 episodes= 8729 eps=0.050 replay= 39936 loss=0.00000 ext100=0.000 total100=0.037
[train] 60:38:01<84:00:28, 0.052s/step step= 4192000 episodes= 8733 eps=0.050 replay= 39936 loss=0.00000 ext100=0.000 total100=0.036
[train] 60:39:44<83:58:43, 0.052s/step step= 4194000 episodes= 8737 eps=0.050 replay= 39936 loss=0.00001 ext100=0.000 total100=0.035
[train] 60:41:28<83:56:58, 0.052s/step step= 4196000 episodes= 8741 eps=0.050 replay= 39936 loss=0.00000 ext100=0.000 total100=0.036
[train] 60:43:12<83:55:14, 0.052s/step step= 4198000 episodes= 8745 eps=0.050 replay= 39936 loss=0.00000 ext100=0.000 total100=0.036
[eval] step=4200000 episodes=8750 mean_ext_return=0.000
[train] 60:45:11<83:53:49, 0.052s/step step= 4200000 episodes= 8750 eps=0.050 replay= 39936 loss=0.00001 ext100=0.000 total100=0.037
[train] 60:46:54<83:52:04, 0.052s/step step= 4202000 episodes= 8754 eps=0.050 replay= 39936 loss=0.00000 ext100=0.000 total100=0.037
[train] 60:48:38<83:50:19, 0.052s/step step= 4204000 episodes= 8758 eps=0.050 replay= 39936 loss=0.00000 ext100=0.000 total100=0.035
[train] 60:50:21<83:48:34, 0.052s/step step= 4206000 episodes= 8762 eps=0.050 replay= 39936 loss=0.00000 ext100=0.000 total100=0.034
[train] 60:52:05<83:46:49, 0.052s/step step= 4208000 episodes= 8766 eps=0.050 replay= 39936 loss=0.00000 ext100=0.000 total100=0.034
[train] 60:53:48<83:45:04, 0.052s/step step= 4210000 episodes= 8770 eps=0.050 replay= 39936 loss=0.00001 ext100=0.000 total100=0.035
[train] 60:55:32<83:43:20, 0.052s/step step= 4212000 episodes= 8775 eps=0.050 replay= 39936 loss=0.00000 ext100=0.000 total100=0.034
[train] 60:57:16<83:41:35, 0.052s/step step= 4214000 episodes= 8779 eps=0.050 replay= 39936 loss=0.00000 ext100=0.000 total100=0.033
[train] 60:59:00<83:39:50, 0.052s/step step= 4216000 episodes= 8783 eps=0.050 replay= 39936 loss=0.00000 ext100=0.000 total100=0.033
[train] 61:00:44<83:38:06, 0.052s/step step= 4218000 episodes= 8787 eps=0.050 replay= 39936 loss=0.00001 ext100=0.000 total100=0.032
[eval] step=4220000 episodes=8791 mean_ext_return=0.000
[train] 61:02:42<83:36:42, 0.052s/step step= 4220000 episodes= 8791 eps=0.050 replay= 39936 loss=0.00000 ext100=0.000 total100=0.032
[train] 61:04:26<83:34:57, 0.052s/step step= 4222000 episodes= 8795 eps=0.050 replay= 39936 loss=0.00001 ext100=0.000 total100=0.032
[train] 61:06:09<83:33:12, 0.052s/step step= 4224000 episodes= 8800 eps=0.050 replay= 39936 loss=0.00000 ext100=0.000 total100=0.033
[train] 61:07:52<83:31:26, 0.052s/step step= 4226000 episodes= 8804 eps=0.050 replay= 39936 loss=0.00001 ext100=0.000 total100=0.034
[train] 61:09:36<83:29:42, 0.052s/step step= 4228000 episodes= 8808 eps=0.050 replay= 39936 loss=0.00000 ext100=0.000 total100=0.033
[train] 61:11:20<83:27:56, 0.052s/step step= 4230000 episodes= 8812 eps=0.050 replay= 39936 loss=0.00000 ext100=0.000 total100=0.033
[train] 61:13:04<83:26:12, 0.052s/step step= 4232000 episodes= 8816 eps=0.050 replay= 39936 loss=0.00000 ext100=0.000 total100=0.035
[train] 61:14:47<83:24:27, 0.052s/step step= 4234000 episodes= 8820 eps=0.050 replay= 39936 loss=0.00000 ext100=0.000 total100=0.035
[train] 61:16:31<83:22:43, 0.052s/step step= 4236000 episodes= 8825 eps=0.050 replay= 39936 loss=0.00000 ext100=0.000 total100=0.033
[train] 61:18:15<83:20:58, 0.052s/step step= 4238000 episodes= 8829 eps=0.050 replay= 39936 loss=0.00000 ext100=0.000 total100=0.034
[eval] step=4240000 episodes=8833 mean_ext_return=0.000
[train] 61:20:14<83:19:34, 0.052s/step step= 4240000 episodes= 8833 eps=0.050 replay= 39936 loss=0.00000 ext100=0.000 total100=0.033
[train] 61:21:57<83:17:49, 0.052s/step step= 4242000 episodes= 8837 eps=0.050 replay= 39936 loss=0.00001 ext100=0.000 total100=0.033
[train] 61:23:41<83:16:04, 0.052s/step step= 4244000 episodes= 8841 eps=0.050 replay= 39936 loss=0.00000 ext100=0.000 total100=0.034
[train] 61:25:24<83:14:18, 0.052s/step step= 4246000 episodes= 8845 eps=0.050 replay= 39936 loss=0.00000 ext100=0.000 total100=0.033
[train] 61:27:08<83:12:33, 0.052s/step step= 4248000 episodes= 8850 eps=0.050 replay= 39936 loss=0.00001 ext100=0.000 total100=0.033
[train] 61:28:51<83:10:48, 0.052s/step step= 4250000 episodes= 8854 eps=0.050 replay= 39936 loss=0.00001 ext100=0.000 total100=0.033
[train] 61:30:35<83:09:04, 0.052s/step step= 4252000 episodes= 8858 eps=0.050 replay= 39936 loss=0.00000 ext100=0.000 total100=0.033
[train] 61:32:19<83:07:19, 0.052s/step step= 4254000 episodes= 8862 eps=0.050 replay= 39936 loss=0.00000 ext100=0.000 total100=0.033
[train] 61:34:02<83:05:34, 0.052s/step step= 4256000 episodes= 8866 eps=0.050 replay= 39936 loss=0.00000 ext100=0.000 total100=0.034
[train] 61:35:46<83:03:50, 0.052s/step step= 4258000 episodes= 8870 eps=0.050 replay= 39936 loss=0.00001 ext100=0.000 total100=0.033
[eval] step=4260000 episodes=8875 mean_ext_return=0.000
[train] 61:37:45<83:02:25, 0.052s/step step= 4260000 episodes= 8875 eps=0.050 replay= 39936 loss=0.00000 ext100=0.000 total100=0.034
[train] 61:39:28<83:00:40, 0.052s/step step= 4262000 episodes= 8879 eps=0.050 replay= 39936 loss=0.00000 ext100=0.000 total100=0.034
[train] 61:41:12<82:58:55, 0.052s/step step= 4264000 episodes= 8883 eps=0.050 replay= 39936 loss=0.00001 ext100=0.000 total100=0.035
[train] 61:42:55<82:57:09, 0.052s/step step= 4266000 episodes= 8887 eps=0.050 replay= 39936 loss=0.00001 ext100=0.000 total100=0.035
[train] 61:44:39<82:55:25, 0.052s/step step= 4268000 episodes= 8891 eps=0.050 replay= 39936 loss=0.00000 ext100=0.000 total100=0.036
[train] 61:46:22<82:53:40, 0.052s/step step= 4270000 episodes= 8895 eps=0.050 replay= 39936 loss=0.00000 ext100=0.000 total100=0.035
[train] 61:48:06<82:51:55, 0.052s/step step= 4272000 episodes= 8900 eps=0.050 replay= 39936 loss=0.00000 ext100=0.000 total100=0.036
[train] 61:49:50<82:50:10, 0.052s/step step= 4274000 episodes= 8904 eps=0.050 replay= 39936 loss=0.00001 ext100=0.000 total100=0.037
[train] 61:51:34<82:48:26, 0.052s/step step= 4276000 episodes= 8908 eps=0.050 replay= 39936 loss=0.00000 ext100=0.000 total100=0.037
[train] 61:53:18<82:46:41, 0.052s/step step= 4278000 episodes= 8912 eps=0.050 replay= 39936 loss=0.00000 ext100=0.000 total100=0.035
[eval] step=4280000 episodes=8916 mean_ext_return=0.000
[train] 61:55:16<82:45:16, 0.052s/step step= 4280000 episodes= 8916 eps=0.050 replay= 39936 loss=0.00000 ext100=0.000 total100=0.035
[train] 61:57:00<82:43:32, 0.052s/step step= 4282000 episodes= 8920 eps=0.050 replay= 39936 loss=0.00001 ext100=0.000 total100=0.034
[train] 61:58:44<82:41:47, 0.052s/step step= 4284000 episodes= 8925 eps=0.050 replay= 39936 loss=0.00000 ext100=0.000 total100=0.034
[train] 62:00:27<82:40:01, 0.052s/step step= 4286000 episodes= 8929 eps=0.050 replay= 39936 loss=0.00000 ext100=0.000 total100=0.034
[train] 62:02:10<82:38:16, 0.052s/step step= 4288000 episodes= 8933 eps=0.050 replay= 39936 loss=0.00000 ext100=0.000 total100=0.035
[train] 62:03:54<82:36:31, 0.052s/step step= 4290000 episodes= 8937 eps=0.050 replay= 39936 loss=0.00001 ext100=0.000 total100=0.036
[train] 62:05:38<82:34:46, 0.052s/step step= 4292000 episodes= 8941 eps=0.050 replay= 39936 loss=0.00001 ext100=0.000 total100=0.035
[train] 62:07:21<82:33:01, 0.052s/step step= 4294000 episodes= 8945 eps=0.050 replay= 39936 loss=0.00000 ext100=0.000 total100=0.035
[train] 62:09:05<82:31:17, 0.052s/step step= 4296000 episodes= 8950 eps=0.050 replay= 39936 loss=0.00000 ext100=0.000 total100=0.035
[train] 62:10:49<82:29:33, 0.052s/step step= 4298000 episodes= 8954 eps=0.050 replay= 39936 loss=0.00001 ext100=0.000 total100=0.036
[eval] step=4300000 episodes=8958 mean_ext_return=0.000
[train] 62:12:48<82:28:08, 0.052s/step step= 4300000 episodes= 8958 eps=0.050 replay= 39936 loss=0.00001 ext100=0.000 total100=0.036
[train] 62:14:31<82:26:23, 0.052s/step step= 4302000 episodes= 8962 eps=0.050 replay= 39936 loss=0.00000 ext100=0.000 total100=0.035
[train] 62:16:15<82:24:38, 0.052s/step step= 4304000 episodes= 8966 eps=0.050 replay= 39936 loss=0.00000 ext100=0.000 total100=0.035
[train] 62:17:58<82:22:52, 0.052s/step step= 4306000 episodes= 8970 eps=0.050 replay= 39936 loss=0.00001 ext100=0.000 total100=0.035
[train] 62:19:42<82:21:08, 0.052s/step step= 4308000 episodes= 8975 eps=0.050 replay= 39936 loss=0.00001 ext100=0.000 total100=0.035
[train] 62:21:25<82:19:22, 0.052s/step step= 4310000 episodes= 8979 eps=0.050 replay= 39936 loss=0.00001 ext100=0.000 total100=0.036
[train] 62:23:09<82:17:38, 0.052s/step step= 4312000 episodes= 8983 eps=0.050 replay= 39936 loss=0.00000 ext100=0.000 total100=0.035
[train] 62:24:53<82:15:53, 0.052s/step step= 4314000 episodes= 8987 eps=0.050 replay= 39936 loss=0.00001 ext100=0.000 total100=0.036
[train] 62:26:37<82:14:09, 0.052s/step step= 4316000 episodes= 8991 eps=0.050 replay= 39936 loss=0.00001 ext100=0.000 total100=0.036
[train] 62:28:21<82:12:24, 0.052s/step step= 4318000 episodes= 8995 eps=0.050 replay= 39936 loss=0.00001 ext100=0.000 total100=0.037
[eval] step=4320000 episodes=9000 mean_ext_return=0.000
[train] 62:30:19<82:10:59, 0.052s/step step= 4320000 episodes= 9000 eps=0.050 replay= 39936 loss=0.00000 ext100=0.000 total100=0.035
[train] 62:32:03<82:09:14, 0.052s/step step= 4322000 episodes= 9004 eps=0.050 replay= 39936 loss=0.00001 ext100=0.000 total100=0.033
[train] 62:33:46<82:07:29, 0.052s/step step= 4324000 episodes= 9008 eps=0.050 replay= 39936 loss=0.00001 ext100=0.000 total100=0.034
[train] 62:35:29<82:05:43, 0.052s/step step= 4326000 episodes= 9012 eps=0.050 replay= 39936 loss=0.00000 ext100=0.000 total100=0.035
[train] 62:37:13<82:03:59, 0.052s/step step= 4328000 episodes= 9016 eps=0.050 replay= 39936 loss=0.00000 ext100=0.000 total100=0.034
[train] 62:38:57<82:02:14, 0.052s/step step= 4330000 episodes= 9020 eps=0.050 replay= 39936 loss=0.00001 ext100=0.000 total100=0.035
[train] 62:40:41<82:00:29, 0.052s/step step= 4332000 episodes= 9025 eps=0.050 replay= 39936 loss=0.00000 ext100=0.000 total100=0.035
[train] 62:42:24<81:58:44, 0.052s/step step= 4334000 episodes= 9029 eps=0.050 replay= 39936 loss=0.00000 ext100=0.000 total100=0.035
[train] 62:44:08<81:57:00, 0.052s/step step= 4336000 episodes= 9033 eps=0.050 replay= 39936 loss=0.00000 ext100=0.000 total100=0.036
[train] 62:45:52<81:55:15, 0.052s/step step= 4338000 episodes= 9037 eps=0.050 replay= 39936 loss=0.00001 ext100=0.000 total100=0.035
[eval] step=4340000 episodes=9041 mean_ext_return=0.000
[train] 62:47:51<81:53:50, 0.052s/step step= 4340000 episodes= 9041 eps=0.050 replay= 39936 loss=0.00001 ext100=0.000 total100=0.035
[train] 62:49:34<81:52:05, 0.052s/step step= 4342000 episodes= 9045 eps=0.050 replay= 39936 loss=0.00000 ext100=0.000 total100=0.035
[train] 62:51:18<81:50:20, 0.052s/step step= 4344000 episodes= 9050 eps=0.050 replay= 39936 loss=0.00001 ext100=0.000 total100=0.034
[train] 62:53:01<81:48:34, 0.052s/step step= 4346000 episodes= 9054 eps=0.050 replay= 39936 loss=0.00001 ext100=0.000 total100=0.035
[train] 62:54:45<81:46:50, 0.052s/step step= 4348000 episodes= 9058 eps=0.050 replay= 39936 loss=0.00000 ext100=0.000 total100=0.035
[train] 62:56:28<81:45:05, 0.052s/step step= 4350000 episodes= 9062 eps=0.050 replay= 39936 loss=0.00000 ext100=0.000 total100=0.035
[train] 62:58:12<81:43:20, 0.052s/step step= 4352000 episodes= 9066 eps=0.050 replay= 39936 loss=0.00000 ext100=0.000 total100=0.036
[train] 62:59:56<81:41:35, 0.052s/step step= 4354000 episodes= 9070 eps=0.050 replay= 39936 loss=0.00001 ext100=0.000 total100=0.035
[train] 63:01:40<81:39:50, 0.052s/step step= 4356000 episodes= 9075 eps=0.050 replay= 39936 loss=0.00000 ext100=0.000 total100=0.035
[train] 63:03:24<81:38:06, 0.052s/step step= 4358000 episodes= 9079 eps=0.050 replay= 39936 loss=0.00000 ext100=0.000 total100=0.033
[eval] step=4360000 episodes=9083 mean_ext_return=0.000
[train] 63:05:22<81:36:40, 0.052s/step step= 4360000 episodes= 9083 eps=0.050 replay= 39936 loss=0.00000 ext100=0.000 total100=0.033
[train] 63:07:05<81:34:55, 0.052s/step step= 4362000 episodes= 9087 eps=0.050 replay= 39936 loss=0.00001 ext100=0.000 total100=0.033
[train] 63:08:49<81:33:10, 0.052s/step step= 4364000 episodes= 9091 eps=0.050 replay= 39936 loss=0.00000 ext100=0.000 total100=0.032
[train] 63:10:32<81:31:24, 0.052s/step step= 4366000 episodes= 9095 eps=0.050 replay= 39936 loss=0.00000 ext100=0.000 total100=0.032
[train] 63:12:16<81:29:40, 0.052s/step step= 4368000 episodes= 9100 eps=0.050 replay= 39936 loss=0.00001 ext100=0.000 total100=0.032
[train] 63:13:59<81:27:55, 0.052s/step step= 4370000 episodes= 9104 eps=0.050 replay= 39936 loss=0.00001 ext100=0.000 total100=0.033
[train] 63:15:43<81:26:10, 0.052s/step step= 4372000 episodes= 9108 eps=0.050 replay= 39936 loss=0.00001 ext100=0.000 total100=0.033
[train] 63:17:27<81:24:25, 0.052s/step step= 4374000 episodes= 9112 eps=0.050 replay= 39936 loss=0.00001 ext100=0.000 total100=0.032
[train] 63:19:11<81:22:41, 0.052s/step step= 4376000 episodes= 9116 eps=0.050 replay= 39936 loss=0.00000 ext100=0.000 total100=0.033
[train] 63:20:55<81:20:56, 0.052s/step step= 4378000 episodes= 9120 eps=0.050 replay= 39936 loss=0.00001 ext100=0.000 total100=0.033
[eval] step=4380000 episodes=9125 mean_ext_return=0.000
[train] 63:22:53<81:19:31, 0.052s/step step= 4380000 episodes= 9125 eps=0.050 replay= 39936 loss=0.00000 ext100=0.000 total100=0.034
[train] 63:24:37<81:17:46, 0.052s/step step= 4382000 episodes= 9129 eps=0.050 replay= 39936 loss=0.00001 ext100=0.000 total100=0.032
[train] 63:26:20<81:16:00, 0.052s/step step= 4384000 episodes= 9133 eps=0.050 replay= 39936 loss=0.00000 ext100=0.000 total100=0.031
[train] 63:28:03<81:14:15, 0.052s/step step= 4386000 episodes= 9137 eps=0.050 replay= 39936 loss=0.00002 ext100=0.000 total100=0.032
[train] 63:29:47<81:12:30, 0.052s/step step= 4388000 episodes= 9141 eps=0.050 replay= 39936 loss=0.00000 ext100=0.000 total100=0.032
[train] 63:31:31<81:10:45, 0.052s/step step= 4390000 episodes= 9145 eps=0.050 replay= 39936 loss=0.00000 ext100=0.000 total100=0.032
[train] 63:33:15<81:09:01, 0.052s/step step= 4392000 episodes= 9150 eps=0.050 replay= 39936 loss=0.00001 ext100=0.000 total100=0.032
[train] 63:34:58<81:07:15, 0.052s/step step= 4394000 episodes= 9154 eps=0.050 replay= 39936 loss=0.00001 ext100=0.000 total100=0.031
[train] 63:36:42<81:05:31, 0.052s/step step= 4396000 episodes= 9158 eps=0.050 replay= 39936 loss=0.00000 ext100=0.000 total100=0.031
[train] 63:38:26<81:03:47, 0.052s/step step= 4398000 episodes= 9162 eps=0.050 replay= 39936 loss=0.00000 ext100=0.000 total100=0.032
[eval] step=4400000 episodes=9166 mean_ext_return=0.000
[train] 63:40:25<81:02:20, 0.052s/step step= 4400000 episodes= 9166 eps=0.050 replay= 39936 loss=0.00000 ext100=0.000 total100=0.031
[train] 63:42:08<81:00:35, 0.052s/step step= 4402000 episodes= 9170 eps=0.050 replay= 39936 loss=0.00001 ext100=0.000 total100=0.031
[train] 63:43:51<80:58:50, 0.052s/step step= 4404000 episodes= 9175 eps=0.050 replay= 39936 loss=0.00000 ext100=0.000 total100=0.031
[train] 63:45:34<80:57:04, 0.052s/step step= 4406000 episodes= 9179 eps=0.050 replay= 39936 loss=0.00000 ext100=0.000 total100=0.032
[train] 63:47:18<80:55:20, 0.052s/step step= 4408000 episodes= 9183 eps=0.050 replay= 39936 loss=0.00000 ext100=0.000 total100=0.032
[train] 63:49:02<80:53:35, 0.052s/step step= 4410000 episodes= 9187 eps=0.050 replay= 39936 loss=0.00001 ext100=0.000 total100=0.033
[train] 63:50:46<80:51:51, 0.052s/step step= 4412000 episodes= 9191 eps=0.050 replay= 39936 loss=0.00000 ext100=0.000 total100=0.032
[train] 63:52:29<80:50:05, 0.052s/step step= 4414000 episodes= 9195 eps=0.050 replay= 39936 loss=0.00000 ext100=0.000 total100=0.032
[train] 63:54:13<80:48:21, 0.052s/step step= 4416000 episodes= 9200 eps=0.050 replay= 39936 loss=0.00000 ext100=0.000 total100=0.032
[train] 63:55:57<80:46:36, 0.052s/step step= 4418000 episodes= 9204 eps=0.050 replay= 39936 loss=0.00001 ext100=0.000 total100=0.032
[eval] step=4420000 episodes=9208 mean_ext_return=0.000
[train] 63:57:56<80:45:10, 0.052s/step step= 4420000 episodes= 9208 eps=0.050 replay= 39936 loss=0.00000 ext100=0.000 total100=0.032
[train] 63:59:39<80:43:25, 0.052s/step step= 4422000 episodes= 9212 eps=0.050 replay= 39936 loss=0.00001 ext100=0.000 total100=0.032
[train] 64:01:23<80:41:40, 0.052s/step step= 4424000 episodes= 9216 eps=0.050 replay= 39936 loss=0.00000 ext100=0.000 total100=0.032
[train] 64:03:06<80:39:54, 0.052s/step step= 4426000 episodes= 9220 eps=0.050 replay= 39936 loss=0.00001 ext100=0.000 total100=0.032
[train] 64:04:50<80:38:10, 0.052s/step step= 4428000 episodes= 9225 eps=0.050 replay= 39936 loss=0.00000 ext100=0.000 total100=0.031
[train] 64:06:33<80:36:25, 0.052s/step step= 4430000 episodes= 9229 eps=0.050 replay= 39936 loss=0.00000 ext100=0.000 total100=0.032
[train] 64:08:18<80:34:41, 0.052s/step step= 4432000 episodes= 9233 eps=0.050 replay= 39936 loss=0.00000 ext100=0.000 total100=0.032
[train] 64:10:01<80:32:56, 0.052s/step step= 4434000 episodes= 9237 eps=0.050 replay= 39936 loss=0.00001 ext100=0.000 total100=0.031
[train] 64:11:45<80:31:11, 0.052s/step step= 4436000 episodes= 9241 eps=0.050 replay= 39936 loss=0.00000 ext100=0.000 total100=0.032
[train] 64:13:29<80:29:27, 0.052s/step step= 4438000 episodes= 9245 eps=0.050 replay= 39936 loss=0.00000 ext100=0.000 total100=0.032
[eval] step=4440000 episodes=9250 mean_ext_return=0.000
[train] 64:15:28<80:28:01, 0.052s/step step= 4440000 episodes= 9250 eps=0.050 replay= 39936 loss=0.00001 ext100=0.000 total100=0.031
[train] 64:17:11<80:26:16, 0.052s/step step= 4442000 episodes= 9254 eps=0.050 replay= 39936 loss=0.00001 ext100=0.000 total100=0.031
[train] 64:18:54<80:24:30, 0.052s/step step= 4444000 episodes= 9258 eps=0.050 replay= 39936 loss=0.00001 ext100=0.000 total100=0.030
[train] 64:20:38<80:22:45, 0.052s/step step= 4446000 episodes= 9262 eps=0.050 replay= 39936 loss=0.00001 ext100=0.000 total100=0.030
[train] 64:22:21<80:21:00, 0.052s/step step= 4448000 episodes= 9266 eps=0.050 replay= 39936 loss=0.00000 ext100=0.000 total100=0.030
[train] 64:24:05<80:19:15, 0.052s/step step= 4450000 episodes= 9270 eps=0.050 replay= 39936 loss=0.00001 ext100=0.000 total100=0.031
[train] 64:25:49<80:17:30, 0.052s/step step= 4452000 episodes= 9275 eps=0.050 replay= 39936 loss=0.00001 ext100=0.000 total100=0.031
[train] 64:27:32<80:15:45, 0.052s/step step= 4454000 episodes= 9279 eps=0.050 replay= 39936 loss=0.00000 ext100=0.000 total100=0.031
[train] 64:29:16<80:14:01, 0.052s/step step= 4456000 episodes= 9283 eps=0.050 replay= 39936 loss=0.00000 ext100=0.000 total100=0.032
[train] 64:31:00<80:12:16, 0.052s/step step= 4458000 episodes= 9287 eps=0.050 replay= 39936 loss=0.00001 ext100=0.000 total100=0.030
[eval] step=4460000 episodes=9291 mean_ext_return=0.000
[train] 64:32:59<80:10:50, 0.052s/step step= 4460000 episodes= 9291 eps=0.050 replay= 39936 loss=0.00000 ext100=0.000 total100=0.031
[train] 64:34:42<80:09:05, 0.052s/step step= 4462000 episodes= 9295 eps=0.050 replay= 39936 loss=0.00000 ext100=0.000 total100=0.031
[train] 64:36:26<80:07:20, 0.052s/step step= 4464000 episodes= 9300 eps=0.050 replay= 39936 loss=0.00000 ext100=0.000 total100=0.032
[train] 64:38:09<80:05:34, 0.052s/step step= 4466000 episodes= 9304 eps=0.050 replay= 39936 loss=0.00001 ext100=0.000 total100=0.031
[train] 64:39:53<80:03:50, 0.052s/step step= 4468000 episodes= 9308 eps=0.050 replay= 39936 loss=0.00000 ext100=0.000 total100=0.031
[train] 64:41:36<80:02:05, 0.052s/step step= 4470000 episodes= 9312 eps=0.050 replay= 39936 loss=0.00000 ext100=0.000 total100=0.032
[train] 64:43:20<80:00:20, 0.052s/step step= 4472000 episodes= 9316 eps=0.050 replay= 39936 loss=0.00000 ext100=0.000 total100=0.031
[train] 64:45:04<79:58:35, 0.052s/step step= 4474000 episodes= 9320 eps=0.050 replay= 39936 loss=0.00001 ext100=0.000 total100=0.031
[train] 64:46:48<79:56:50, 0.052s/step step= 4476000 episodes= 9325 eps=0.050 replay= 39936 loss=0.00001 ext100=0.000 total100=0.032
[train] 64:48:32<79:55:06, 0.052s/step step= 4478000 episodes= 9329 eps=0.050 replay= 39936 loss=0.00000 ext100=0.000 total100=0.032
[eval] step=4480000 episodes=9333 mean_ext_return=0.000
[train] 64:50:30<79:53:39, 0.052s/step step= 4480000 episodes= 9333 eps=0.050 replay= 39936 loss=0.00000 ext100=0.000 total100=0.032
[train] 64:52:14<79:51:54, 0.052s/step step= 4482000 episodes= 9337 eps=0.050 replay= 39936 loss=0.00001 ext100=0.000 total100=0.032
[train] 64:53:57<79:50:09, 0.052s/step step= 4484000 episodes= 9341 eps=0.050 replay= 39936 loss=0.00000 ext100=0.000 total100=0.031
[train] 64:55:40<79:48:24, 0.052s/step step= 4486000 episodes= 9345 eps=0.050 replay= 39936 loss=0.00000 ext100=0.000 total100=0.031
[train] 64:57:24<79:46:39, 0.052s/step step= 4488000 episodes= 9350 eps=0.050 replay= 39936 loss=0.00000 ext100=0.000 total100=0.032
[train] 64:59:08<79:44:54, 0.052s/step step= 4490000 episodes= 9354 eps=0.050 replay= 39936 loss=0.00001 ext100=0.000 total100=0.033
[train] 65:00:52<79:43:09, 0.052s/step step= 4492000 episodes= 9358 eps=0.050 replay= 39936 loss=0.00000 ext100=0.000 total100=0.034
[train] 65:02:35<79:41:24, 0.052s/step step= 4494000 episodes= 9362 eps=0.050 replay= 39936 loss=0.00000 ext100=0.000 total100=0.034
[train] 65:04:19<79:39:40, 0.052s/step step= 4496000 episodes= 9366 eps=0.050 replay= 39936 loss=0.00000 ext100=0.000 total100=0.034
[train] 65:06:03<79:37:55, 0.052s/step step= 4498000 episodes= 9370 eps=0.050 replay= 39936 loss=0.00001 ext100=0.000 total100=0.033
[eval] step=4500000 episodes=9375 mean_ext_return=0.000
[train] 65:08:01<79:36:29, 0.052s/step step= 4500000 episodes= 9375 eps=0.050 replay= 39936 loss=0.00000 ext100=0.000 total100=0.033
[train] 65:09:45<79:34:44, 0.052s/step step= 4502000 episodes= 9379 eps=0.050 replay= 39936 loss=0.00000 ext100=0.000 total100=0.034
[train] 65:11:29<79:32:59, 0.052s/step step= 4504000 episodes= 9383 eps=0.050 replay= 39936 loss=0.00000 ext100=0.000 total100=0.033
[train] 65:13:12<79:31:13, 0.052s/step step= 4506000 episodes= 9387 eps=0.050 replay= 39936 loss=0.00001 ext100=0.000 total100=0.033
[train] 65:14:56<79:29:28, 0.052s/step step= 4508000 episodes= 9391 eps=0.050 replay= 39936 loss=0.00000 ext100=0.000 total100=0.034
[train] 65:16:39<79:27:43, 0.052s/step step= 4510000 episodes= 9395 eps=0.050 replay= 39936 loss=0.00000 ext100=0.000 total100=0.033
[train] 65:18:23<79:25:59, 0.052s/step step= 4512000 episodes= 9400 eps=0.050 replay= 39936 loss=0.00000 ext100=0.000 total100=0.033
[train] 65:20:07<79:24:14, 0.052s/step step= 4514000 episodes= 9404 eps=0.050 replay= 39936 loss=0.00000 ext100=0.000 total100=0.033
[train] 65:21:51<79:22:29, 0.052s/step step= 4516000 episodes= 9408 eps=0.050 replay= 39936 loss=0.00000 ext100=0.000 total100=0.032
[train] 65:23:35<79:20:45, 0.052s/step step= 4518000 episodes= 9412 eps=0.050 replay= 39936 loss=0.00000 ext100=0.000 total100=0.032
[eval] step=4520000 episodes=9416 mean_ext_return=0.000
[train] 65:25:33<79:19:18, 0.052s/step step= 4520000 episodes= 9416 eps=0.050 replay= 39936 loss=0.00000 ext100=0.000 total100=0.032
[train] 65:27:17<79:17:33, 0.052s/step step= 4522000 episodes= 9420 eps=0.050 replay= 39936 loss=0.00001 ext100=0.000 total100=0.033
[train] 65:29:00<79:15:48, 0.052s/step step= 4524000 episodes= 9425 eps=0.050 replay= 39936 loss=0.00000 ext100=0.000 total100=0.032
[train] 65:30:43<79:14:02, 0.052s/step step= 4526000 episodes= 9429 eps=0.050 replay= 39936 loss=0.00000 ext100=0.000 total100=0.031
[train] 65:32:27<79:12:17, 0.052s/step step= 4528000 episodes= 9433 eps=0.050 replay= 39936 loss=0.00000 ext100=0.000 total100=0.031
[train] 65:34:11<79:10:32, 0.052s/step step= 4530000 episodes= 9437 eps=0.050 replay= 39936 loss=0.00001 ext100=0.000 total100=0.032
[train] 65:35:55<79:08:48, 0.052s/step step= 4532000 episodes= 9441 eps=0.050 replay= 39936 loss=0.00000 ext100=0.000 total100=0.032
[train] 65:37:38<79:07:03, 0.052s/step step= 4534000 episodes= 9445 eps=0.050 replay= 39936 loss=0.00000 ext100=0.000 total100=0.032
[train] 65:39:22<79:05:18, 0.052s/step step= 4536000 episodes= 9450 eps=0.050 replay= 39936 loss=0.00000 ext100=0.000 total100=0.032
[train] 65:41:06<79:03:34, 0.052s/step step= 4538000 episodes= 9454 eps=0.050 replay= 39936 loss=0.00001 ext100=0.000 total100=0.030
[eval] step=4540000 episodes=9458 mean_ext_return=0.000
[train] 65:43:04<79:02:07, 0.052s/step step= 4540000 episodes= 9458 eps=0.050 replay= 39936 loss=0.00000 ext100=0.000 total100=0.030
[train] 65:44:48<79:00:22, 0.052s/step step= 4542000 episodes= 9462 eps=0.050 replay= 39936 loss=0.00001 ext100=0.000 total100=0.029
[train] 65:46:31<78:58:36, 0.052s/step step= 4544000 episodes= 9466 eps=0.050 replay= 39936 loss=0.00000 ext100=0.000 total100=0.029
[train] 65:48:14<78:56:51, 0.052s/step step= 4546000 episodes= 9470 eps=0.050 replay= 39936 loss=0.00001 ext100=0.000 total100=0.029
[train] 65:49:58<78:55:06, 0.052s/step step= 4548000 episodes= 9475 eps=0.050 replay= 39936 loss=0.00000 ext100=0.000 total100=0.028
[train] 65:51:41<78:53:21, 0.052s/step step= 4550000 episodes= 9479 eps=0.050 replay= 39936 loss=0.00000 ext100=0.000 total100=0.028
[train] 65:53:25<78:51:36, 0.052s/step step= 4552000 episodes= 9483 eps=0.050 replay= 39936 loss=0.00000 ext100=0.000 total100=0.028
[train] 65:55:09<78:49:51, 0.052s/step step= 4554000 episodes= 9487 eps=0.050 replay= 39936 loss=0.00001 ext100=0.000 total100=0.028
[train] 65:56:53<78:48:06, 0.052s/step step= 4556000 episodes= 9491 eps=0.050 replay= 39936 loss=0.00000 ext100=0.000 total100=0.028
[train] 65:58:37<78:46:22, 0.052s/step step= 4558000 episodes= 9495 eps=0.050 replay= 39936 loss=0.00001 ext100=0.000 total100=0.029
[eval] step=4560000 episodes=9500 mean_ext_return=0.000
[train] 66:00:35<78:44:55, 0.052s/step step= 4560000 episodes= 9500 eps=0.050 replay= 39936 loss=0.00000 ext100=0.000 total100=0.029
[train] 66:02:19<78:43:10, 0.052s/step step= 4562000 episodes= 9504 eps=0.050 replay= 39936 loss=0.00001 ext100=0.000 total100=0.029
[train] 66:04:02<78:41:25, 0.052s/step step= 4564000 episodes= 9508 eps=0.050 replay= 39936 loss=0.00001 ext100=0.000 total100=0.030
[train] 66:05:45<78:39:39, 0.052s/step step= 4566000 episodes= 9512 eps=0.050 replay= 39936 loss=0.00000 ext100=0.000 total100=0.030
[train] 66:07:29<78:37:54, 0.052s/step step= 4568000 episodes= 9516 eps=0.050 replay= 39936 loss=0.00000 ext100=0.000 total100=0.029
[train] 66:09:13<78:36:09, 0.052s/step step= 4570000 episodes= 9520 eps=0.050 replay= 39936 loss=0.00001 ext100=0.000 total100=0.029
[train] 66:10:57<78:34:25, 0.052s/step step= 4572000 episodes= 9525 eps=0.050 replay= 39936 loss=0.00000 ext100=0.000 total100=0.030
[train] 66:12:40<78:32:40, 0.052s/step step= 4574000 episodes= 9529 eps=0.050 replay= 39936 loss=0.00000 ext100=0.000 total100=0.031
[train] 66:14:24<78:30:55, 0.052s/step step= 4576000 episodes= 9533 eps=0.050 replay= 39936 loss=0.00001 ext100=0.000 total100=0.031
[train] 66:16:08<78:29:10, 0.052s/step step= 4578000 episodes= 9537 eps=0.050 replay= 39936 loss=0.00001 ext100=0.000 total100=0.030
[eval] step=4580000 episodes=9541 mean_ext_return=0.000
[train] 66:18:06<78:27:43, 0.052s/step step= 4580000 episodes= 9541 eps=0.050 replay= 39936 loss=0.00000 ext100=0.000 total100=0.031
[train] 66:19:50<78:25:58, 0.052s/step step= 4582000 episodes= 9545 eps=0.050 replay= 39936 loss=0.00000 ext100=0.000 total100=0.031
[train] 66:21:33<78:24:13, 0.052s/step step= 4584000 episodes= 9550 eps=0.050 replay= 39936 loss=0.00000 ext100=0.000 total100=0.030
[train] 66:23:16<78:22:27, 0.052s/step step= 4586000 episodes= 9554 eps=0.050 replay= 39936 loss=0.00001 ext100=0.000 total100=0.031
[train] 66:25:00<78:20:43, 0.052s/step step= 4588000 episodes= 9558 eps=0.050 replay= 39936 loss=0.00001 ext100=0.000 total100=0.029
[train] 66:26:44<78:18:58, 0.052s/step step= 4590000 episodes= 9562 eps=0.050 replay= 39936 loss=0.00000 ext100=0.000 total100=0.029
[train] 66:28:28<78:17:13, 0.052s/step step= 4592000 episodes= 9566 eps=0.050 replay= 39936 loss=0.00001 ext100=0.000 total100=0.030
[train] 66:30:11<78:15:28, 0.052s/step step= 4594000 episodes= 9570 eps=0.050 replay= 39936 loss=0.00001 ext100=0.000 total100=0.029
[train] 66:31:55<78:13:43, 0.052s/step step= 4596000 episodes= 9575 eps=0.050 replay= 39936 loss=0.00001 ext100=0.000 total100=0.030
[train] 66:33:39<78:11:59, 0.052s/step step= 4598000 episodes= 9579 eps=0.050 replay= 39936 loss=0.00000 ext100=0.000 total100=0.030
[eval] step=4600000 episodes=9583 mean_ext_return=0.000
[train] 66:35:38<78:10:32, 0.052s/step step= 4600000 episodes= 9583 eps=0.050 replay= 39936 loss=0.00000 ext100=0.000 total100=0.029
[train] 66:37:21<78:08:46, 0.052s/step step= 4602000 episodes= 9587 eps=0.050 replay= 39936 loss=0.00001 ext100=0.000 total100=0.029
[train] 66:39:05<78:07:01, 0.052s/step step= 4604000 episodes= 9591 eps=0.050 replay= 39936 loss=0.00001 ext100=0.000 total100=0.029
[train] 66:40:48<78:05:16, 0.052s/step step= 4606000 episodes= 9595 eps=0.050 replay= 39936 loss=0.00000 ext100=0.000 total100=0.030
[train] 66:42:32<78:03:31, 0.052s/step step= 4608000 episodes= 9600 eps=0.050 replay= 39936 loss=0.00000 ext100=0.000 total100=0.030
[train] 66:44:16<78:01:46, 0.052s/step step= 4610000 episodes= 9604 eps=0.050 replay= 39936 loss=0.00002 ext100=0.000 total100=0.029
[train] 66:45:59<78:00:02, 0.052s/step step= 4612000 episodes= 9608 eps=0.050 replay= 39936 loss=0.00000 ext100=0.000 total100=0.029
[train] 66:47:43<77:58:16, 0.052s/step step= 4614000 episodes= 9612 eps=0.050 replay= 39936 loss=0.00000 ext100=0.000 total100=0.029
[train] 66:49:27<77:56:32, 0.052s/step step= 4616000 episodes= 9616 eps=0.050 replay= 39936 loss=0.00001 ext100=0.000 total100=0.031
[train] 66:51:11<77:54:47, 0.052s/step step= 4618000 episodes= 9620 eps=0.050 replay= 39936 loss=0.00000 ext100=0.000 total100=0.031
[eval] step=4620000 episodes=9625 mean_ext_return=0.000
[train] 66:53:09<77:53:20, 0.052s/step step= 4620000 episodes= 9625 eps=0.050 replay= 39936 loss=0.00000 ext100=0.000 total100=0.032
[train] 66:54:53<77:51:35, 0.052s/step step= 4622000 episodes= 9629 eps=0.050 replay= 39936 loss=0.00000 ext100=0.000 total100=0.031
[train] 66:56:36<77:49:50, 0.052s/step step= 4624000 episodes= 9633 eps=0.050 replay= 39936 loss=0.00000 ext100=0.000 total100=0.031
[train] 66:58:19<77:48:04, 0.052s/step step= 4626000 episodes= 9637 eps=0.050 replay= 39936 loss=0.00001 ext100=0.000 total100=0.031
[train] 67:00:04<77:46:20, 0.052s/step step= 4628000 episodes= 9641 eps=0.050 replay= 39936 loss=0.00000 ext100=0.000 total100=0.030
[train] 67:01:47<77:44:35, 0.052s/step step= 4630000 episodes= 9645 eps=0.050 replay= 39936 loss=0.00000 ext100=0.000 total100=0.031
[train] 67:03:31<77:42:50, 0.052s/step step= 4632000 episodes= 9650 eps=0.050 replay= 39936 loss=0.00000 ext100=0.000 total100=0.032
[train] 67:05:14<77:41:05, 0.052s/step step= 4634000 episodes= 9654 eps=0.050 replay= 39936 loss=0.00001 ext100=0.000 total100=0.032
[train] 67:06:58<77:39:20, 0.052s/step step= 4636000 episodes= 9658 eps=0.050 replay= 39936 loss=0.00001 ext100=0.000 total100=0.034
[train] 67:08:42<77:37:36, 0.052s/step step= 4638000 episodes= 9662 eps=0.050 replay= 39936 loss=0.00000 ext100=0.000 total100=0.034
[eval] step=4640000 episodes=9666 mean_ext_return=0.000
[train] 67:10:41<77:36:08, 0.052s/step step= 4640000 episodes= 9666 eps=0.050 replay= 39936 loss=0.00001 ext100=0.000 total100=0.034
[train] 67:12:24<77:34:23, 0.052s/step step= 4642000 episodes= 9670 eps=0.050 replay= 39936 loss=0.00001 ext100=0.000 total100=0.036
[train] 67:14:08<77:32:38, 0.052s/step step= 4644000 episodes= 9675 eps=0.050 replay= 39936 loss=0.00001 ext100=0.000 total100=0.036
[train] 67:15:51<77:30:52, 0.052s/step step= 4646000 episodes= 9679 eps=0.050 replay= 39936 loss=0.00001 ext100=0.000 total100=0.035
[train] 67:17:35<77:29:08, 0.052s/step step= 4648000 episodes= 9683 eps=0.050 replay= 39936 loss=0.00001 ext100=0.000 total100=0.034
[train] 67:19:18<77:27:23, 0.052s/step step= 4650000 episodes= 9687 eps=0.050 replay= 39936 loss=0.00001 ext100=0.000 total100=0.034
[train] 67:21:02<77:25:38, 0.052s/step step= 4652000 episodes= 9691 eps=0.050 replay= 39936 loss=0.00000 ext100=0.000 total100=0.034
[train] 67:22:46<77:23:53, 0.052s/step step= 4654000 episodes= 9695 eps=0.050 replay= 39936 loss=0.00000 ext100=0.000 total100=0.034
[train] 67:24:30<77:22:08, 0.052s/step step= 4656000 episodes= 9700 eps=0.050 replay= 39936 loss=0.00001 ext100=0.000 total100=0.034
[train] 67:26:14<77:20:24, 0.052s/step step= 4658000 episodes= 9704 eps=0.050 replay= 39936 loss=0.00001 ext100=0.000 total100=0.034
[eval] step=4660000 episodes=9708 mean_ext_return=0.000
[train] 67:28:12<77:18:56, 0.052s/step step= 4660000 episodes= 9708 eps=0.050 replay= 39936 loss=0.00000 ext100=0.000 total100=0.034
[train] 67:29:56<77:17:11, 0.052s/step step= 4662000 episodes= 9712 eps=0.050 replay= 39936 loss=0.00000 ext100=0.000 total100=0.034
[train] 67:31:39<77:15:26, 0.052s/step step= 4664000 episodes= 9716 eps=0.050 replay= 39936 loss=0.00001 ext100=0.000 total100=0.033
[train] 67:33:22<77:13:40, 0.052s/step step= 4666000 episodes= 9720 eps=0.050 replay= 39936 loss=0.00001 ext100=0.000 total100=0.033
[train] 67:35:06<77:11:56, 0.052s/step step= 4668000 episodes= 9725 eps=0.050 replay= 39936 loss=0.00001 ext100=0.000 total100=0.032
[train] 67:36:50<77:10:10, 0.052s/step step= 4670000 episodes= 9729 eps=0.050 replay= 39936 loss=0.00000 ext100=0.000 total100=0.032
[train] 67:38:34<77:08:26, 0.052s/step step= 4672000 episodes= 9733 eps=0.050 replay= 39936 loss=0.00000 ext100=0.000 total100=0.033
[train] 67:40:17<77:06:41, 0.052s/step step= 4674000 episodes= 9737 eps=0.050 replay= 39936 loss=0.00001 ext100=0.000 total100=0.034
[train] 67:42:01<77:04:56, 0.052s/step step= 4676000 episodes= 9741 eps=0.050 replay= 39936 loss=0.00000 ext100=0.000 total100=0.032
[train] 67:43:45<77:03:12, 0.052s/step step= 4678000 episodes= 9745 eps=0.050 replay= 39936 loss=0.00001 ext100=0.000 total100=0.033
[eval] step=4680000 episodes=9750 mean_ext_return=0.000
[train] 67:45:44<77:01:44, 0.052s/step step= 4680000 episodes= 9750 eps=0.050 replay= 39936 loss=0.00000 ext100=0.000 total100=0.032
[train] 67:47:27<76:59:59, 0.052s/step step= 4682000 episodes= 9754 eps=0.050 replay= 39936 loss=0.00001 ext100=0.000 total100=0.032
[train] 67:49:11<76:58:13, 0.052s/step step= 4684000 episodes= 9758 eps=0.050 replay= 39936 loss=0.00000 ext100=0.000 total100=0.033
[train] 67:50:54<76:56:28, 0.052s/step step= 4686000 episodes= 9762 eps=0.050 replay= 39936 loss=0.00000 ext100=0.000 total100=0.032
[train] 67:52:38<76:54:43, 0.052s/step step= 4688000 episodes= 9766 eps=0.050 replay= 39936 loss=0.00001 ext100=0.000 total100=0.031
[train] 67:54:21<76:52:58, 0.052s/step step= 4690000 episodes= 9770 eps=0.050 replay= 39936 loss=0.00001 ext100=0.000 total100=0.031
[train] 67:56:05<76:51:14, 0.052s/step step= 4692000 episodes= 9775 eps=0.050 replay= 39936 loss=0.00000 ext100=0.000 total100=0.031
[train] 67:57:49<76:49:29, 0.052s/step step= 4694000 episodes= 9779 eps=0.050 replay= 39936 loss=0.00000 ext100=0.000 total100=0.032
[train] 67:59:33<76:47:44, 0.052s/step step= 4696000 episodes= 9783 eps=0.050 replay= 39936 loss=0.00000 ext100=0.000 total100=0.033
[train] 68:01:17<76:46:00, 0.052s/step step= 4698000 episodes= 9787 eps=0.050 replay= 39936 loss=0.00001 ext100=0.000 total100=0.033
[eval] step=4700000 episodes=9791 mean_ext_return=0.000
[train] 68:03:15<76:44:32, 0.052s/step step= 4700000 episodes= 9791 eps=0.050 replay= 39936 loss=0.00000 ext100=0.000 total100=0.033
[train] 68:04:59<76:42:46, 0.052s/step step= 4702000 episodes= 9795 eps=0.050 replay= 39936 loss=0.00000 ext100=0.000 total100=0.031
[train] 68:06:42<76:41:01, 0.052s/step step= 4704000 episodes= 9800 eps=0.050 replay= 39936 loss=0.00000 ext100=0.000 total100=0.031
[train] 68:08:25<76:39:16, 0.052s/step step= 4706000 episodes= 9804 eps=0.050 replay= 39936 loss=0.00000 ext100=0.000 total100=0.030
[train] 68:10:10<76:37:31, 0.052s/step step= 4708000 episodes= 9808 eps=0.050 replay= 39936 loss=0.00000 ext100=0.000 total100=0.030
[train] 68:11:53<76:35:46, 0.052s/step step= 4710000 episodes= 9812 eps=0.050 replay= 39936 loss=0.00000 ext100=0.000 total100=0.030
[train] 68:13:37<76:34:02, 0.052s/step step= 4712000 episodes= 9816 eps=0.050 replay= 39936 loss=0.00000 ext100=0.000 total100=0.030
[train] 68:15:21<76:32:17, 0.052s/step step= 4714000 episodes= 9820 eps=0.050 replay= 39936 loss=0.00001 ext100=0.000 total100=0.030
[train] 68:17:04<76:30:32, 0.052s/step step= 4716000 episodes= 9825 eps=0.050 replay= 39936 loss=0.00000 ext100=0.000 total100=0.030
[train] 68:18:48<76:28:47, 0.052s/step step= 4718000 episodes= 9829 eps=0.050 replay= 39936 loss=0.00000 ext100=0.000 total100=0.031
[eval] step=4720000 episodes=9833 mean_ext_return=0.000
[train] 68:20:47<76:27:19, 0.052s/step step= 4720000 episodes= 9833 eps=0.050 replay= 39936 loss=0.00000 ext100=0.000 total100=0.030
[train] 68:22:30<76:25:34, 0.052s/step step= 4722000 episodes= 9837 eps=0.050 replay= 39936 loss=0.00001 ext100=0.000 total100=0.030
[train] 68:24:14<76:23:49, 0.052s/step step= 4724000 episodes= 9841 eps=0.050 replay= 39936 loss=0.00000 ext100=0.000 total100=0.031
[train] 68:25:57<76:22:03, 0.052s/step step= 4726000 episodes= 9845 eps=0.050 replay= 39936 loss=0.00000 ext100=0.000 total100=0.031
[train] 68:27:41<76:20:19, 0.052s/step step= 4728000 episodes= 9850 eps=0.050 replay= 39936 loss=0.00000 ext100=0.000 total100=0.031
[train] 68:29:24<76:18:34, 0.052s/step step= 4730000 episodes= 9854 eps=0.050 replay= 39936 loss=0.00001 ext100=0.000 total100=0.032
[train] 68:31:08<76:16:49, 0.052s/step step= 4732000 episodes= 9858 eps=0.050 replay= 39936 loss=0.00000 ext100=0.000 total100=0.031
[train] 68:32:52<76:15:04, 0.052s/step step= 4734000 episodes= 9862 eps=0.050 replay= 39936 loss=0.00000 ext100=0.000 total100=0.032
[train] 68:34:36<76:13:19, 0.052s/step step= 4736000 episodes= 9866 eps=0.050 replay= 39936 loss=0.00001 ext100=0.000 total100=0.032
[train] 68:36:20<76:11:35, 0.052s/step step= 4738000 episodes= 9870 eps=0.050 replay= 39936 loss=0.00001 ext100=0.000 total100=0.033
[eval] step=4740000 episodes=9875 mean_ext_return=0.000
[train] 68:38:18<76:10:06, 0.052s/step step= 4740000 episodes= 9875 eps=0.050 replay= 39936 loss=0.00001 ext100=0.000 total100=0.032
[train] 68:40:02<76:08:21, 0.052s/step step= 4742000 episodes= 9879 eps=0.050 replay= 39936 loss=0.00001 ext100=0.000 total100=0.032
[train] 68:41:46<76:06:36, 0.052s/step step= 4744000 episodes= 9883 eps=0.050 replay= 39936 loss=0.00000 ext100=0.000 total100=0.032
[train] 68:43:29<76:04:51, 0.052s/step step= 4746000 episodes= 9887 eps=0.050 replay= 39936 loss=0.00001 ext100=0.000 total100=0.032
[train] 68:45:12<76:03:06, 0.052s/step step= 4748000 episodes= 9891 eps=0.050 replay= 39936 loss=0.00001 ext100=0.000 total100=0.032
[train] 68:46:56<76:01:21, 0.052s/step step= 4750000 episodes= 9895 eps=0.050 replay= 39936 loss=0.00000 ext100=0.000 total100=0.033
[train] 68:48:40<75:59:36, 0.052s/step step= 4752000 episodes= 9900 eps=0.050 replay= 39936 loss=0.00001 ext100=0.000 total100=0.034
[train] 68:50:23<75:57:51, 0.052s/step step= 4754000 episodes= 9904 eps=0.050 replay= 39936 loss=0.00001 ext100=0.000 total100=0.035
[train] 68:52:07<75:56:07, 0.052s/step step= 4756000 episodes= 9908 eps=0.050 replay= 39936 loss=0.00000 ext100=0.000 total100=0.035
[train] 68:53:51<75:54:22, 0.052s/step step= 4758000 episodes= 9912 eps=0.050 replay= 39936 loss=0.00000 ext100=0.000 total100=0.035
[eval] step=4760000 episodes=9916 mean_ext_return=0.000
[train] 68:55:50<75:52:53, 0.052s/step step= 4760000 episodes= 9916 eps=0.050 replay= 39936 loss=0.00000 ext100=0.000 total100=0.035
[train] 68:57:33<75:51:08, 0.052s/step step= 4762000 episodes= 9920 eps=0.050 replay= 39936 loss=0.00001 ext100=0.000 total100=0.036
[train] 68:59:17<75:49:23, 0.052s/step step= 4764000 episodes= 9925 eps=0.050 replay= 39936 loss=0.00000 ext100=0.000 total100=0.035
[train] 69:01:00<75:47:38, 0.052s/step step= 4766000 episodes= 9929 eps=0.050 replay= 39936 loss=0.00000 ext100=0.000 total100=0.034
[train] 69:02:44<75:45:53, 0.052s/step step= 4768000 episodes= 9933 eps=0.050 replay= 39936 loss=0.00000 ext100=0.000 total100=0.034
[train] 69:04:27<75:44:08, 0.052s/step step= 4770000 episodes= 9937 eps=0.050 replay= 39936 loss=0.00001 ext100=0.000 total100=0.034
[train] 69:06:11<75:42:23, 0.052s/step step= 4772000 episodes= 9941 eps=0.050 replay= 39936 loss=0.00000 ext100=0.000 total100=0.034
[train] 69:07:55<75:40:38, 0.052s/step step= 4774000 episodes= 9945 eps=0.050 replay= 39936 loss=0.00000 ext100=0.000 total100=0.033
[train] 69:09:39<75:38:54, 0.052s/step step= 4776000 episodes= 9950 eps=0.050 replay= 39936 loss=0.00001 ext100=0.000 total100=0.034
[train] 69:11:23<75:37:09, 0.052s/step step= 4778000 episodes= 9954 eps=0.050 replay= 39936 loss=0.00001 ext100=0.000 total100=0.033
[eval] step=4780000 episodes=9958 mean_ext_return=0.000
[train] 69:13:21<75:35:41, 0.052s/step step= 4780000 episodes= 9958 eps=0.050 replay= 39936 loss=0.00001 ext100=0.000 total100=0.033
[train] 69:15:05<75:33:55, 0.052s/step step= 4782000 episodes= 9962 eps=0.050 replay= 39936 loss=0.00001 ext100=0.000 total100=0.032
[train] 69:16:48<75:32:10, 0.052s/step step= 4784000 episodes= 9966 eps=0.050 replay= 39936 loss=0.00000 ext100=0.000 total100=0.033
[train] 69:18:31<75:30:24, 0.052s/step step= 4786000 episodes= 9970 eps=0.050 replay= 39936 loss=0.00001 ext100=0.000 total100=0.032
[train] 69:20:15<75:28:40, 0.052s/step step= 4788000 episodes= 9975 eps=0.050 replay= 39936 loss=0.00000 ext100=0.000 total100=0.032
[train] 69:21:59<75:26:55, 0.052s/step step= 4790000 episodes= 9979 eps=0.050 replay= 39936 loss=0.00000 ext100=0.000 total100=0.032
[train] 69:23:43<75:25:10, 0.052s/step step= 4792000 episodes= 9983 eps=0.050 replay= 39936 loss=0.00000 ext100=0.000 total100=0.032
[train] 69:25:26<75:23:25, 0.052s/step step= 4794000 episodes= 9987 eps=0.050 replay= 39936 loss=0.00001 ext100=0.000 total100=0.032
[train] 69:27:10<75:21:40, 0.052s/step step= 4796000 episodes= 9991 eps=0.050 replay= 39936 loss=0.00000 ext100=0.000 total100=0.033
[train] 69:28:54<75:19:56, 0.052s/step step= 4798000 episodes= 9995 eps=0.050 replay= 39936 loss=0.00000 ext100=0.000 total100=0.032
[eval] step=4800000 episodes=10000 mean_ext_return=0.000
[train] 69:30:53<75:18:27, 0.052s/step step= 4800000 episodes=10000 eps=0.050 replay= 39936 loss=0.00001 ext100=0.000 total100=0.032
[train] 69:32:36<75:16:42, 0.052s/step step= 4802000 episodes=10004 eps=0.050 replay= 39936 loss=0.00001 ext100=0.000 total100=0.032
[train] 69:34:20<75:14:57, 0.052s/step step= 4804000 episodes=10008 eps=0.050 replay= 39936 loss=0.00001 ext100=0.000 total100=0.030
[train] 69:36:03<75:13:11, 0.052s/step step= 4806000 episodes=10012 eps=0.050 replay= 39936 loss=0.00000 ext100=0.000 total100=0.031
[train] 69:37:47<75:11:27, 0.052s/step step= 4808000 episodes=10016 eps=0.050 replay= 39936 loss=0.00000 ext100=0.000 total100=0.032
[train] 69:39:30<75:09:42, 0.052s/step step= 4810000 episodes=10020 eps=0.050 replay= 39936 loss=0.00001 ext100=0.000 total100=0.032
[train] 69:41:14<75:07:57, 0.052s/step step= 4812000 episodes=10025 eps=0.050 replay= 39936 loss=0.00001 ext100=0.000 total100=0.031
[train] 69:42:58<75:06:12, 0.052s/step step= 4814000 episodes=10029 eps=0.050 replay= 39936 loss=0.00001 ext100=0.000 total100=0.031
[train] 69:44:42<75:04:27, 0.052s/step step= 4816000 episodes=10033 eps=0.050 replay= 39936 loss=0.00000 ext100=0.000 total100=0.031
[train] 69:46:26<75:02:43, 0.052s/step step= 4818000 episodes=10037 eps=0.050 replay= 39936 loss=0.00002 ext100=0.000 total100=0.031
[eval] step=4820000 episodes=10041 mean_ext_return=0.000
[train] 69:48:24<75:01:14, 0.052s/step step= 4820000 episodes=10041 eps=0.050 replay= 39936 loss=0.00001 ext100=0.000 total100=0.031
[train] 69:50:08<74:59:29, 0.052s/step step= 4822000 episodes=10045 eps=0.050 replay= 39936 loss=0.00000 ext100=0.000 total100=0.031
[train] 69:51:51<74:57:44, 0.052s/step step= 4824000 episodes=10050 eps=0.050 replay= 39936 loss=0.00000 ext100=0.000 total100=0.031
[train] 69:53:34<74:55:58, 0.052s/step step= 4826000 episodes=10054 eps=0.050 replay= 39936 loss=0.00001 ext100=0.000 total100=0.033
[train] 69:55:18<74:54:13, 0.052s/step step= 4828000 episodes=10058 eps=0.050 replay= 39936 loss=0.00000 ext100=0.000 total100=0.032
[train] 69:57:02<74:52:28, 0.052s/step step= 4830000 episodes=10062 eps=0.050 replay= 39936 loss=0.00000 ext100=0.000 total100=0.033
[train] 69:58:46<74:50:44, 0.052s/step step= 4832000 episodes=10066 eps=0.050 replay= 39936 loss=0.00000 ext100=0.000 total100=0.034
[train] 70:00:29<74:48:58, 0.052s/step step= 4834000 episodes=10070 eps=0.050 replay= 39936 loss=0.00001 ext100=0.000 total100=0.034
[train] 70:02:13<74:47:14, 0.052s/step step= 4836000 episodes=10075 eps=0.050 replay= 39936 loss=0.00000 ext100=0.000 total100=0.034
[train] 70:03:57<74:45:29, 0.052s/step step= 4838000 episodes=10079 eps=0.050 replay= 39936 loss=0.00000 ext100=0.000 total100=0.033
[eval] step=4840000 episodes=10083 mean_ext_return=0.000
[train] 70:05:56<74:44:00, 0.052s/step step= 4840000 episodes=10083 eps=0.050 replay= 39936 loss=0.00000 ext100=0.000 total100=0.034
[train] 70:07:39<74:42:15, 0.052s/step step= 4842000 episodes=10087 eps=0.050 replay= 39936 loss=0.00000 ext100=0.000 total100=0.034
[train] 70:09:23<74:40:30, 0.052s/step step= 4844000 episodes=10091 eps=0.050 replay= 39936 loss=0.00000 ext100=0.000 total100=0.034
[train] 70:11:06<74:38:45, 0.052s/step step= 4846000 episodes=10095 eps=0.050 replay= 39936 loss=0.00000 ext100=0.000 total100=0.034
[train] 70:12:50<74:37:00, 0.052s/step step= 4848000 episodes=10100 eps=0.050 replay= 39936 loss=0.00000 ext100=0.000 total100=0.034
[train] 70:14:33<74:35:15, 0.052s/step step= 4850000 episodes=10104 eps=0.050 replay= 39936 loss=0.00001 ext100=0.000 total100=0.033
[train] 70:16:17<74:33:30, 0.052s/step step= 4852000 episodes=10108 eps=0.050 replay= 39936 loss=0.00000 ext100=0.000 total100=0.034
[train] 70:18:01<74:31:45, 0.052s/step step= 4854000 episodes=10112 eps=0.050 replay= 39936 loss=0.00001 ext100=0.000 total100=0.034
[train] 70:19:45<74:30:00, 0.052s/step step= 4856000 episodes=10116 eps=0.050 replay= 39936 loss=0.00000 ext100=0.000 total100=0.033
[train] 70:21:29<74:28:16, 0.052s/step step= 4858000 episodes=10120 eps=0.050 replay= 39936 loss=0.00001 ext100=0.000 total100=0.033
[eval] step=4860000 episodes=10125 mean_ext_return=0.000
[train] 70:23:27<74:26:47, 0.052s/step step= 4860000 episodes=10125 eps=0.050 replay= 39936 loss=0.00001 ext100=0.000 total100=0.034
[train] 70:25:11<74:25:02, 0.052s/step step= 4862000 episodes=10129 eps=0.050 replay= 39936 loss=0.00001 ext100=0.000 total100=0.034
[train] 70:26:54<74:23:17, 0.052s/step step= 4864000 episodes=10133 eps=0.050 replay= 39936 loss=0.00000 ext100=0.000 total100=0.034
[train] 70:28:37<74:21:31, 0.052s/step step= 4866000 episodes=10137 eps=0.050 replay= 39936 loss=0.00000 ext100=0.000 total100=0.034
[train] 70:30:21<74:19:46, 0.052s/step step= 4868000 episodes=10141 eps=0.050 replay= 39936 loss=0.00000 ext100=0.000 total100=0.034
[train] 70:32:05<74:18:01, 0.052s/step step= 4870000 episodes=10145 eps=0.050 replay= 39936 loss=0.00000 ext100=0.000 total100=0.034
[train] 70:33:49<74:16:17, 0.052s/step step= 4872000 episodes=10150 eps=0.050 replay= 39936 loss=0.00000 ext100=0.000 total100=0.033
[train] 70:35:32<74:14:32, 0.052s/step step= 4874000 episodes=10154 eps=0.050 replay= 39936 loss=0.00001 ext100=0.000 total100=0.032
[train] 70:37:16<74:12:47, 0.052s/step step= 4876000 episodes=10158 eps=0.050 replay= 39936 loss=0.00000 ext100=0.000 total100=0.032
[train] 70:39:00<74:11:02, 0.052s/step step= 4878000 episodes=10162 eps=0.050 replay= 39936 loss=0.00000 ext100=0.000 total100=0.031
[eval] step=4880000 episodes=10166 mean_ext_return=0.000
[train] 70:40:59<74:09:33, 0.052s/step step= 4880000 episodes=10166 eps=0.050 replay= 39936 loss=0.00000 ext100=0.000 total100=0.029
[train] 70:42:42<74:07:48, 0.052s/step step= 4882000 episodes=10170 eps=0.050 replay= 39936 loss=0.00001 ext100=0.000 total100=0.030
[train] 70:44:26<74:06:03, 0.052s/step step= 4884000 episodes=10175 eps=0.050 replay= 39936 loss=0.00001 ext100=0.000 total100=0.029
[train] 70:46:09<74:04:17, 0.052s/step step= 4886000 episodes=10179 eps=0.050 replay= 39936 loss=0.00001 ext100=0.000 total100=0.028
[train] 70:47:53<74:02:33, 0.052s/step step= 4888000 episodes=10183 eps=0.050 replay= 39936 loss=0.00000 ext100=0.000 total100=0.027
[train] 70:49:36<74:00:48, 0.052s/step step= 4890000 episodes=10187 eps=0.050 replay= 39936 loss=0.00001 ext100=0.000 total100=0.027
[train] 70:51:20<73:59:03, 0.052s/step step= 4892000 episodes=10191 eps=0.050 replay= 39936 loss=0.00000 ext100=0.000 total100=0.027
[train] 70:53:04<73:57:18, 0.052s/step step= 4894000 episodes=10195 eps=0.050 replay= 39936 loss=0.00000 ext100=0.000 total100=0.027
[train] 70:54:47<73:55:33, 0.052s/step step= 4896000 episodes=10200 eps=0.050 replay= 39936 loss=0.00001 ext100=0.000 total100=0.028
[train] 70:56:31<73:53:48, 0.052s/step step= 4898000 episodes=10204 eps=0.050 replay= 39936 loss=0.00001 ext100=0.000 total100=0.028
[eval] step=4900000 episodes=10208 mean_ext_return=0.000
[train] 70:58:30<73:52:19, 0.052s/step step= 4900000 episodes=10208 eps=0.050 replay= 39936 loss=0.00000 ext100=0.000 total100=0.028
[train] 71:00:14<73:50:34, 0.052s/step step= 4902000 episodes=10212 eps=0.050 replay= 39936 loss=0.00000 ext100=0.000 total100=0.028
[train] 71:01:57<73:48:49, 0.052s/step step= 4904000 episodes=10216 eps=0.050 replay= 39936 loss=0.00000 ext100=0.000 total100=0.028
[train] 71:03:40<73:47:04, 0.052s/step step= 4906000 episodes=10220 eps=0.050 replay= 39936 loss=0.00001 ext100=0.000 total100=0.027
[train] 71:05:24<73:45:19, 0.052s/step step= 4908000 episodes=10225 eps=0.050 replay= 39936 loss=0.00001 ext100=0.000 total100=0.027
[train] 71:07:07<73:43:33, 0.052s/step step= 4910000 episodes=10229 eps=0.050 replay= 39936 loss=0.00000 ext100=0.000 total100=0.027
[train] 71:08:51<73:41:49, 0.052s/step step= 4912000 episodes=10233 eps=0.050 replay= 39936 loss=0.00001 ext100=0.000 total100=0.027
[train] 71:10:35<73:40:04, 0.052s/step step= 4914000 episodes=10237 eps=0.050 replay= 39936 loss=0.00001 ext100=0.000 total100=0.028
[train] 71:12:19<73:38:19, 0.052s/step step= 4916000 episodes=10241 eps=0.050 replay= 39936 loss=0.00000 ext100=0.000 total100=0.027
[train] 71:14:03<73:36:34, 0.052s/step step= 4918000 episodes=10245 eps=0.050 replay= 39936 loss=0.00001 ext100=0.000 total100=0.027
[eval] step=4920000 episodes=10250 mean_ext_return=0.000
[train] 71:16:01<73:35:05, 0.052s/step step= 4920000 episodes=10250 eps=0.050 replay= 39936 loss=0.00000 ext100=0.000 total100=0.027
[train] 71:17:45<73:33:20, 0.052s/step step= 4922000 episodes=10254 eps=0.050 replay= 39936 loss=0.00001 ext100=0.000 total100=0.028
[train] 71:19:28<73:31:35, 0.052s/step step= 4924000 episodes=10258 eps=0.050 replay= 39936 loss=0.00000 ext100=0.000 total100=0.028
[train] 71:21:12<73:29:49, 0.052s/step step= 4926000 episodes=10262 eps=0.050 replay= 39936 loss=0.00001 ext100=0.000 total100=0.028
[train] 71:22:55<73:28:04, 0.052s/step step= 4928000 episodes=10266 eps=0.050 replay= 39936 loss=0.00000 ext100=0.000 total100=0.027
[train] 71:24:39<73:26:19, 0.052s/step step= 4930000 episodes=10270 eps=0.050 replay= 39936 loss=0.00001 ext100=0.000 total100=0.026
[train] 71:26:23<73:24:35, 0.052s/step step= 4932000 episodes=10275 eps=0.050 replay= 39936 loss=0.00000 ext100=0.000 total100=0.026
[train] 71:28:06<73:22:49, 0.052s/step step= 4934000 episodes=10279 eps=0.050 replay= 39936 loss=0.00000 ext100=0.000 total100=0.028
[train] 71:29:50<73:21:05, 0.052s/step step= 4936000 episodes=10283 eps=0.050 replay= 39936 loss=0.00001 ext100=0.000 total100=0.027
[train] 71:31:34<73:19:20, 0.052s/step step= 4938000 episodes=10287 eps=0.050 replay= 39936 loss=0.00001 ext100=0.000 total100=0.027
[eval] step=4940000 episodes=10291 mean_ext_return=0.000
[train] 71:33:33<73:17:51, 0.052s/step step= 4940000 episodes=10291 eps=0.050 replay= 39936 loss=0.00000 ext100=0.000 total100=0.026
[train] 71:35:16<73:16:05, 0.052s/step step= 4942000 episodes=10295 eps=0.050 replay= 39936 loss=0.00000 ext100=0.000 total100=0.026
[train] 71:37:00<73:14:20, 0.052s/step step= 4944000 episodes=10300 eps=0.050 replay= 39936 loss=0.00000 ext100=0.000 total100=0.026
[train] 71:38:43<73:12:35, 0.052s/step step= 4946000 episodes=10304 eps=0.050 replay= 39936 loss=0.00001 ext100=0.000 total100=0.027
[train] 71:40:27<73:10:50, 0.052s/step step= 4948000 episodes=10308 eps=0.050 replay= 39936 loss=0.00000 ext100=0.000 total100=0.027
[train] 71:42:10<73:09:05, 0.052s/step step= 4950000 episodes=10312 eps=0.050 replay= 39936 loss=0.00000 ext100=0.000 total100=0.028
[train] 71:43:54<73:07:20, 0.052s/step step= 4952000 episodes=10316 eps=0.050 replay= 39936 loss=0.00000 ext100=0.000 total100=0.028
[train] 71:45:38<73:05:35, 0.052s/step step= 4954000 episodes=10320 eps=0.050 replay= 39936 loss=0.00001 ext100=0.000 total100=0.028
[train] 71:47:22<73:03:51, 0.052s/step step= 4956000 episodes=10325 eps=0.050 replay= 39936 loss=0.00001 ext100=0.000 total100=0.029
[train] 71:49:06<73:02:06, 0.052s/step step= 4958000 episodes=10329 eps=0.050 replay= 39936 loss=0.00000 ext100=0.000 total100=0.029
[eval] step=4960000 episodes=10333 mean_ext_return=0.000
[train] 71:51:04<73:00:36, 0.052s/step step= 4960000 episodes=10333 eps=0.050 replay= 39936 loss=0.00000 ext100=0.000 total100=0.029
[train] 71:52:48<72:58:51, 0.052s/step step= 4962000 episodes=10337 eps=0.050 replay= 39936 loss=0.00001 ext100=0.000 total100=0.029
[train] 71:54:31<72:57:06, 0.052s/step step= 4964000 episodes=10341 eps=0.050 replay= 39936 loss=0.00000 ext100=0.000 total100=0.029
[train] 71:56:15<72:55:21, 0.052s/step step= 4966000 episodes=10345 eps=0.050 replay= 39936 loss=0.00000 ext100=0.000 total100=0.028
[train] 71:57:58<72:53:36, 0.052s/step step= 4968000 episodes=10350 eps=0.050 replay= 39936 loss=0.00000 ext100=0.000 total100=0.028
[train] 71:59:42<72:51:51, 0.052s/step step= 4970000 episodes=10354 eps=0.050 replay= 39936 loss=0.00000 ext100=0.000 total100=0.029
[train] 72:01:26<72:50:06, 0.052s/step step= 4972000 episodes=10358 eps=0.050 replay= 39936 loss=0.00000 ext100=0.000 total100=0.029
[train] 72:03:09<72:48:21, 0.052s/step step= 4974000 episodes=10362 eps=0.050 replay= 39936 loss=0.00000 ext100=0.000 total100=0.029
[train] 72:04:53<72:46:36, 0.052s/step step= 4976000 episodes=10366 eps=0.050 replay= 39936 loss=0.00000 ext100=0.000 total100=0.032
[train] 72:06:37<72:44:52, 0.052s/step step= 4978000 episodes=10370 eps=0.050 replay= 39936 loss=0.00001 ext100=0.000 total100=0.033
[eval] step=4980000 episodes=10375 mean_ext_return=0.000
[train] 72:08:36<72:43:22, 0.052s/step step= 4980000 episodes=10375 eps=0.050 replay= 39936 loss=0.00001 ext100=0.000 total100=0.033
[train] 72:10:19<72:41:37, 0.052s/step step= 4982000 episodes=10379 eps=0.050 replay= 39936 loss=0.00001 ext100=0.000 total100=0.033
[train] 72:12:03<72:39:52, 0.052s/step step= 4984000 episodes=10383 eps=0.050 replay= 39936 loss=0.00001 ext100=0.000 total100=0.032
[train] 72:13:46<72:38:06, 0.052s/step step= 4986000 episodes=10387 eps=0.050 replay= 39936 loss=0.00000 ext100=0.000 total100=0.031
[train] 72:15:30<72:36:21, 0.052s/step step= 4988000 episodes=10391 eps=0.050 replay= 39936 loss=0.00001 ext100=0.000 total100=0.032
[train] 72:17:13<72:34:36, 0.052s/step step= 4990000 episodes=10395 eps=0.050 replay= 39936 loss=0.00000 ext100=0.000 total100=0.032
[train] 72:18:57<72:32:52, 0.052s/step step= 4992000 episodes=10400 eps=0.050 replay= 39936 loss=0.00000 ext100=0.000 total100=0.033
[train] 72:20:41<72:31:07, 0.052s/step step= 4994000 episodes=10404 eps=0.050 replay= 39936 loss=0.00001 ext100=0.000 total100=0.032
[train] 72:22:25<72:29:22, 0.052s/step step= 4996000 episodes=10408 eps=0.050 replay= 39936 loss=0.00001 ext100=0.000 total100=0.032
[train] 72:24:08<72:27:37, 0.052s/step step= 4998000 episodes=10412 eps=0.050 replay= 39936 loss=0.00000 ext100=0.000 total100=0.032
[eval] step=5000000 episodes=10416 mean_ext_return=0.000
[train] 72:26:07<72:26:07, 0.052s/step step= 5000000 episodes=10416 eps=0.050 replay= 39936 loss=0.00001 ext100=0.000 total100=0.032
[train] 72:27:50<72:24:22, 0.052s/step step= 5002000 episodes=10420 eps=0.050 replay= 39936 loss=0.00001 ext100=0.000 total100=0.032
[train] 72:29:34<72:22:37, 0.052s/step step= 5004000 episodes=10425 eps=0.050 replay= 39936 loss=0.00000 ext100=0.000 total100=0.031
[train] 72:31:17<72:20:52, 0.052s/step step= 5006000 episodes=10429 eps=0.050 replay= 39936 loss=0.00000 ext100=0.000 total100=0.031
[train] 72:33:01<72:19:06, 0.052s/step step= 5008000 episodes=10433 eps=0.050 replay= 39936 loss=0.00000 ext100=0.000 total100=0.030
[train] 72:34:44<72:17:21, 0.052s/step step= 5010000 episodes=10437 eps=0.050 replay= 39936 loss=0.00001 ext100=0.000 total100=0.032
[train] 72:36:28<72:15:36, 0.052s/step step= 5012000 episodes=10441 eps=0.050 replay= 39936 loss=0.00001 ext100=0.000 total100=0.032
[train] 72:38:11<72:13:51, 0.052s/step step= 5014000 episodes=10445 eps=0.050 replay= 39936 loss=0.00000 ext100=0.000 total100=0.032
[train] 72:39:55<72:12:07, 0.052s/step step= 5016000 episodes=10450 eps=0.050 replay= 39936 loss=0.00000 ext100=0.000 total100=0.033
[train] 72:41:39<72:10:22, 0.052s/step step= 5018000 episodes=10454 eps=0.050 replay= 39936 loss=0.00001 ext100=0.000 total100=0.032
[eval] step=5020000 episodes=10458 mean_ext_return=0.000
[train] 72:43:38<72:08:52, 0.052s/step step= 5020000 episodes=10458 eps=0.050 replay= 39936 loss=0.00000 ext100=0.000 total100=0.032
[train] 72:45:21<72:07:07, 0.052s/step step= 5022000 episodes=10462 eps=0.050 replay= 39936 loss=0.00001 ext100=0.000 total100=0.032
[train] 72:47:05<72:05:21, 0.052s/step step= 5024000 episodes=10466 eps=0.050 replay= 39936 loss=0.00001 ext100=0.000 total100=0.030
[train] 72:48:48<72:03:36, 0.052s/step step= 5026000 episodes=10470 eps=0.050 replay= 39936 loss=0.00001 ext100=0.000 total100=0.030
[train] 72:50:32<72:01:52, 0.052s/step step= 5028000 episodes=10475 eps=0.050 replay= 39936 loss=0.00000 ext100=0.000 total100=0.031
[train] 72:52:16<72:00:07, 0.052s/step step= 5030000 episodes=10479 eps=0.050 replay= 39936 loss=0.00000 ext100=0.000 total100=0.032
