frame,step,timestamp,eval_return_mean,eval_return_std,eval_return_min,eval_return_max,algorithm,environment,task,seed,eval_win_rate
2000,0,2026-05-24T12:40:56.912855,3.2130026817321777,1.491956114768982,1.1532663106918335,5.5276384353637695,qmix,smacv2,protoss_5_vs_5,100,0.0
4000,1,2026-05-24T12:43:17.142438,2.813316583633423,0.8873849511146545,1.428391933441162,4.763818740844727,qmix,smacv2,protoss_5_vs_5,100,0.0
6000,2,2026-05-24T12:45:38.803446,6.006406784057617,2.9276533126831055,2.275125741958618,14.251256942749023,qmix,smacv2,protoss_5_vs_5,100,0.05000000074505806
8000,3,2026-05-24T12:47:58.840691,5.619472503662109,1.7695269584655762,2.663316488265991,8.773868560791016,qmix,smacv2,protoss_5_vs_5,100,0.0
10000,4,2026-05-24T12:50:19.549163,3.9013190269470215,2.1734066009521484,0.9849246144294739,10.687186241149902,qmix,smacv2,protoss_5_vs_5,100,0.0
12000,5,2026-05-24T12:52:38.708770,5.518216133117676,2.2469072341918945,2.668341636657715,12.261306762695312,qmix,smacv2,protoss_5_vs_5,100,0.05000000074505806
14000,6,2026-05-24T12:55:01.750381,5.868655681610107,1.8294517993927002,2.790201187133789,9.296483039855957,qmix,smacv2,protoss_5_vs_5,100,0.0
16000,7,2026-05-24T12:57:23.739789,4.855841636657715,1.6165140867233276,2.1105525493621826,7.959799289703369,qmix,smacv2,protoss_5_vs_5,100,0.0
18000,8,2026-05-24T12:59:45.411825,4.839258670806885,2.1982505321502686,1.5665830373764038,11.256280899047852,qmix,smacv2,protoss_5_vs_5,100,0.0
20000,9,2026-05-24T13:02:06.823011,4.519911766052246,1.7956819534301758,2.0125627517700195,8.040201187133789,qmix,smacv2,protoss_5_vs_5,100,0.0
22000,10,2026-05-24T13:04:29.613614,4.494597434997559,1.6018468141555786,1.5979899168014526,7.336683750152588,qmix,smacv2,protoss_5_vs_5,100,0.0
24000,11,2026-05-24T13:06:50.693723,4.8430280685424805,1.1463286876678467,3.1658291816711426,6.834171295166016,qmix,smacv2,protoss_5_vs_5,100,0.0
26000,12,2026-05-24T13:09:09.310654,5.08272647857666,1.8447333574295044,1.7185930013656616,8.34170913696289,qmix,smacv2,protoss_5_vs_5,100,0.0
28000,13,2026-05-24T13:11:24.475928,5.045413970947266,1.855994462966919,2.492462158203125,9.531407356262207,qmix,smacv2,protoss_5_vs_5,100,0.0
30000,14,2026-05-24T13:13:41.359688,4.728266716003418,1.5797004699707031,2.3492465019226074,8.020100593566895,qmix,smacv2,protoss_5_vs_5,100,0.0
32000,15,2026-05-24T13:15:58.306134,4.644346714019775,1.6553016901016235,1.8869346380233765,10.15075397491455,qmix,smacv2,protoss_5_vs_5,100,0.0
34000,16,2026-05-24T13:18:14.015006,5.014447212219238,2.2638399600982666,2.2311556339263916,12.261306762695312,qmix,smacv2,protoss_5_vs_5,100,0.05000000074505806
36000,17,2026-05-24T13:20:30.089342,4.190515041351318,1.925170660018921,1.3567839860916138,9.757537841796875,qmix,smacv2,protoss_5_vs_5,100,0.0
38000,18,2026-05-24T13:22:48.296295,4.198430061340332,1.728006362915039,1.226130723953247,6.773869514465332,qmix,smacv2,protoss_5_vs_5,100,0.0
40000,19,2026-05-24T13:25:05.218175,4.23341703414917,1.9528917074203491,1.4070351123809814,10.633166313171387,qmix,smacv2,protoss_5_vs_5,100,0.0
42000,20,2026-05-24T13:27:21.994711,4.846356391906738,2.21028995513916,1.718592882156372,10.422110557556152,qmix,smacv2,protoss_5_vs_5,100,0.0
44000,21,2026-05-24T13:29:39.742613,4.509861469268799,1.653049111366272,1.7889446020126343,7.571608066558838,qmix,smacv2,protoss_5_vs_5,100,0.0
46000,22,2026-05-24T13:31:58.253125,4.9863691329956055,2.1736559867858887,2.056532621383667,10.150753021240234,qmix,smacv2,protoss_5_vs_5,100,0.05000000074505806
48000,23,2026-05-24T13:34:17.770067,5.212437152862549,1.8653347492218018,2.37060284614563,9.996231079101562,qmix,smacv2,protoss_5_vs_5,100,0.0
50000,24,2026-05-24T13:36:39.010273,5.414949417114258,1.3906023502349854,2.242462158203125,8.221105575561523,qmix,smacv2,protoss_5_vs_5,100,0.0
52000,25,2026-05-24T13:39:00.277055,3.431784152984619,1.42058265209198,1.2160804271697998,6.096733093261719,qmix,smacv2,protoss_5_vs_5,100,0.0
54000,26,2026-05-24T13:41:22.062760,4.8755645751953125,1.8897528648376465,1.2361807823181152,8.080401420593262,qmix,smacv2,protoss_5_vs_5,100,0.0
56000,27,2026-05-24T13:43:48.673112,5.826381683349609,2.3352010250091553,2.6419599056243896,12.361808776855469,qmix,smacv2,protoss_5_vs_5,100,0.05000000074505806
58000,28,2026-05-24T13:46:14.304488,4.728392124176025,1.9186829328536987,1.4170852899551392,8.198493003845215,qmix,smacv2,protoss_5_vs_5,100,0.0
60000,29,2026-05-24T13:48:38.211745,3.2879395484924316,1.658192753791809,0.5628140568733215,6.927135467529297,qmix,smacv2,protoss_5_vs_5,100,0.0
62000,30,2026-05-24T13:51:02.005130,3.951192855834961,1.5602725744247437,1.6884419918060303,8.080402374267578,qmix,smacv2,protoss_5_vs_5,100,0.0
64000,31,2026-05-24T13:53:26.576238,4.699560165405273,2.236567497253418,1.6080402135849,11.033919334411621,qmix,smacv2,protoss_5_vs_5,100,0.0
66000,32,2026-05-24T13:55:52.407423,4.5276384353637695,1.6170976161956787,0.9346733093261719,8.592964172363281,qmix,smacv2,protoss_5_vs_5,100,0.0
68000,33,2026-05-24T13:58:18.335121,3.998932361602783,1.7401915788650513,0.9158291816711426,8.100502014160156,qmix,smacv2,protoss_5_vs_5,100,0.0
70000,34,2026-05-24T14:00:44.090772,3.720226287841797,2.684725046157837,0.7738693356513977,14.271357536315918,qmix,smacv2,protoss_5_vs_5,100,0.05000000074505806
72000,35,2026-05-24T14:03:09.925146,3.3105525970458984,1.9726078510284424,0.7939698100090027,7.2625627517700195,qmix,smacv2,protoss_5_vs_5,100,0.0
74000,36,2026-05-24T14:05:36.452216,2.9861183166503906,0.9264960885047913,0.9949749112129211,4.98492431640625,qmix,smacv2,protoss_5_vs_5,100,0.0
76000,37,2026-05-24T14:08:00.543560,4.044284343719482,1.475656270980835,1.5577888488769531,6.341708660125732,qmix,smacv2,protoss_5_vs_5,100,0.0
78000,38,2026-05-24T14:10:24.253867,3.690829038619995,2.208517074584961,0.3919597864151001,8.839195251464844,qmix,smacv2,protoss_5_vs_5,100,0.0
80000,39,2026-05-24T14:12:46.198339,3.6927762031555176,1.864745855331421,1.0866833925247192,8.560300827026367,qmix,smacv2,protoss_5_vs_5,100,0.0
82000,40,2026-05-24T14:15:09.701802,3.4331657886505127,1.9964574575424194,0.24120602011680603,8.29648208618164,qmix,smacv2,protoss_5_vs_5,100,0.0
84000,41,2026-05-24T14:17:30.965321,2.4000630378723145,1.3267344236373901,0.6934673190116882,5.457286357879639,qmix,smacv2,protoss_5_vs_5,100,0.0
86000,42,2026-05-24T14:19:52.379094,3.5997490882873535,1.466073751449585,0.452261358499527,6.4020094871521,qmix,smacv2,protoss_5_vs_5,100,0.0
88000,43,2026-05-24T14:22:14.502610,3.010364294052124,1.8404541015625,0.5427135825157166,7.467337131500244,qmix,smacv2,protoss_5_vs_5,100,0.0
90000,44,2026-05-24T14:24:35.416624,3.80659556388855,1.897629737854004,0.8869346380233765,7.597989559173584,qmix,smacv2,protoss_5_vs_5,100,0.0
92000,45,2026-05-24T14:26:58.668103,3.7257537841796875,2.654918909072876,0.753768801689148,12.16080379486084,qmix,smacv2,protoss_5_vs_5,100,0.05000000074505806
94000,46,2026-05-24T14:29:20.697418,4.116896629333496,1.6963814496994019,1.5,6.513818264007568,qmix,smacv2,protoss_5_vs_5,100,0.0
96000,47,2026-05-24T14:31:42.333270,4.221230983734131,1.686529278755188,1.467336654663086,8.54271411895752,qmix,smacv2,protoss_5_vs_5,100,0.0
98000,48,2026-05-24T14:34:04.102170,4.031344413757324,1.7369587421417236,2.241205930709839,10.042713165283203,qmix,smacv2,protoss_5_vs_5,100,0.0
100000,49,2026-05-24T14:36:28.435656,3.920602321624756,1.9398623704910278,0.6331658363342285,8.711055755615234,qmix,smacv2,protoss_5_vs_5,100,0.0
102000,50,2026-05-24T14:38:50.067655,3.2476131916046143,1.3160126209259033,0.753768801689148,5.242462635040283,qmix,smacv2,protoss_5_vs_5,100,0.0
104000,51,2026-05-24T14:41:13.408402,4.165201187133789,1.6857579946517944,0.2613065242767334,8.040201187133789,qmix,smacv2,protoss_5_vs_5,100,0.0
106000,52,2026-05-24T14:43:42.815425,3.0584800243377686,1.052321195602417,1.6055275201797485,5.856783866882324,qmix,smacv2,protoss_5_vs_5,100,0.0
108000,53,2026-05-24T14:46:04.795304,5.282788276672363,2.208693504333496,2.5025124549865723,11.909547805786133,qmix,smacv2,protoss_5_vs_5,100,0.0
110000,54,2026-05-24T14:48:31.031525,4.114069938659668,1.5527831315994263,1.3793970346450806,7.886934757232666,qmix,smacv2,protoss_5_vs_5,100,0.0
112000,55,2026-05-24T14:50:55.262992,3.5377516746520996,1.7166376113891602,0.9949749112129211,7.0351762771606445,qmix,smacv2,protoss_5_vs_5,100,0.0
114000,56,2026-05-24T14:53:19.458938,3.67016339302063,1.4382147789001465,1.6884422302246094,6.603014945983887,qmix,smacv2,protoss_5_vs_5,100,0.0
116000,57,2026-05-24T14:55:44.796035,3.8148868083953857,2.1369094848632812,0.8919597864151001,10.420854568481445,qmix,smacv2,protoss_5_vs_5,100,0.0
118000,58,2026-05-24T14:58:12.321242,4.317839622497559,2.2060465812683105,1.4773869514465332,9.933416366577148,qmix,smacv2,protoss_5_vs_5,100,0.0
120000,59,2026-05-24T15:00:38.477468,4.4350504875183105,1.937178611755371,1.319095492362976,8.386935234069824,qmix,smacv2,protoss_5_vs_5,100,0.0
122000,60,2026-05-24T15:03:06.766601,4.081218719482422,2.0741143226623535,1.9459800720214844,9.36683464050293,qmix,smacv2,protoss_5_vs_5,100,0.0
124000,61,2026-05-24T15:05:34.882873,3.8258166313171387,1.3886854648590088,1.3844221830368042,6.9648237228393555,qmix,smacv2,protoss_5_vs_5,100,0.0
126000,62,2026-05-24T15:08:01.890411,3.736746311187744,1.9796890020370483,1.467336654663086,7.829145908355713,qmix,smacv2,protoss_5_vs_5,100,0.0
128000,63,2026-05-24T15:10:29.236076,3.6934046745300293,1.778235673904419,2.0703516006469727,10.258794784545898,qmix,smacv2,protoss_5_vs_5,100,0.0
130000,64,2026-05-24T15:12:56.543641,4.600879192352295,1.5722191333770752,2.2562813758850098,9.005025863647461,qmix,smacv2,protoss_5_vs_5,100,0.0
132000,65,2026-05-24T15:15:22.118504,4.040012359619141,1.2086820602416992,1.7462310791015625,6.331657886505127,qmix,smacv2,protoss_5_vs_5,100,0.0
134000,66,2026-05-24T15:17:49.158055,4.432914733886719,1.0986014604568481,1.9208543300628662,6.703517913818359,qmix,smacv2,protoss_5_vs_5,100,0.0
136000,67,2026-05-24T15:20:14.829895,4.03963565826416,1.7067123651504517,1.5954773426055908,7.390702724456787,qmix,smacv2,protoss_5_vs_5,100,0.0
138000,68,2026-05-24T15:22:41.164957,4.048680782318115,1.8202714920043945,1.0552762746810913,7.677136421203613,qmix,smacv2,protoss_5_vs_5,100,0.0
140000,69,2026-05-24T15:25:05.917758,3.3813445568084717,1.1594756841659546,1.6105525493621826,5.949748992919922,qmix,smacv2,protoss_5_vs_5,100,0.0
142000,70,2026-05-24T15:27:30.112571,3.3784546852111816,1.6948364973068237,0.16080401837825775,7.020101070404053,qmix,smacv2,protoss_5_vs_5,100,0.0
144000,71,2026-05-24T15:29:55.176799,3.341834306716919,1.6961208581924438,0.8743718862533569,6.522613525390625,qmix,smacv2,protoss_5_vs_5,100,0.0
146000,72,2026-05-24T15:32:20.587043,3.390577793121338,1.329224944114685,1.4158291816711426,7.2763824462890625,qmix,smacv2,protoss_5_vs_5,100,0.0
148000,73,2026-05-24T15:34:44.100221,3.7891335487365723,1.4473464488983154,0.7236180901527405,6.01507568359375,qmix,smacv2,protoss_5_vs_5,100,0.0
150000,74,2026-05-24T15:37:06.894376,3.655025005340576,1.4028468132019043,1.6482412815093994,6.765074729919434,qmix,smacv2,protoss_5_vs_5,100,0.0
152000,75,2026-05-24T15:39:29.568628,3.9872488975524902,2.3099746704101562,0.6733668446540833,10.562814712524414,qmix,smacv2,protoss_5_vs_5,100,0.0
154000,76,2026-05-24T15:41:52.733912,4.724434852600098,3.5960257053375244,0.9045225977897644,18.0904541015625,qmix,smacv2,protoss_5_vs_5,100,0.05000000074505806
156000,77,2026-05-24T15:44:16.393307,3.685490131378174,2.592599868774414,0.8605527877807617,10.753768920898438,qmix,smacv2,protoss_5_vs_5,100,0.0
158000,78,2026-05-24T15:46:40.148931,4.215075492858887,2.960252285003662,0.6331658363342285,11.537688255310059,qmix,smacv2,protoss_5_vs_5,100,0.0
160000,79,2026-05-24T15:49:03.464620,4.508856773376465,1.8902266025543213,1.505025029182434,9.273868560791016,qmix,smacv2,protoss_5_vs_5,100,0.0
162000,80,2026-05-24T15:51:26.304432,3.050753593444824,2.53947377204895,0.3115577697753906,8.27763843536377,qmix,smacv2,protoss_5_vs_5,100,0.0
164000,81,2026-05-24T15:53:49.808715,5.041457176208496,2.3381476402282715,1.6972362995147705,10.402010917663574,qmix,smacv2,protoss_5_vs_5,100,0.0
166000,82,2026-05-24T15:56:11.890060,4.505904674530029,1.6165732145309448,1.7236179113388062,8.008793830871582,qmix,smacv2,protoss_5_vs_5,100,0.0
168000,83,2026-05-24T15:58:34.105332,4.583479881286621,1.5103397369384766,2.1407036781311035,8.592964172363281,qmix,smacv2,protoss_5_vs_5,100,0.0
170000,84,2026-05-24T16:00:56.673324,3.726947069168091,2.0815815925598145,1.7650753259658813,10.555275917053223,qmix,smacv2,protoss_5_vs_5,100,0.0
172000,85,2026-05-24T16:03:18.000306,4.291645526885986,1.7212883234024048,1.4371858835220337,7.662059783935547,qmix,smacv2,protoss_5_vs_5,100,0.0
174000,86,2026-05-24T16:05:41.062951,4.760992527008057,1.93216073513031,1.9195979833602905,8.918341636657715,qmix,smacv2,protoss_5_vs_5,100,0.0
176000,87,2026-05-24T16:08:03.232154,3.4527008533477783,1.6069318056106567,1.5615577697753906,8.592965126037598,qmix,smacv2,protoss_5_vs_5,100,0.0
178000,88,2026-05-24T16:10:25.970264,3.593907117843628,1.7378722429275513,0.572864294052124,7.874371528625488,qmix,smacv2,protoss_5_vs_5,100,0.0
180000,89,2026-05-24T16:12:47.107130,4.12977409362793,2.0056536197662354,0.8944723010063171,8.695980072021484,qmix,smacv2,protoss_5_vs_5,100,0.0
182000,90,2026-05-24T16:15:07.289100,4.670288562774658,1.722044587135315,1.2562813758850098,8.120603561401367,qmix,smacv2,protoss_5_vs_5,100,0.0
184000,91,2026-05-24T16:17:25.123492,3.8481781482696533,1.4465941190719604,1.3366833925247192,7.919598579406738,qmix,smacv2,protoss_5_vs_5,100,0.0
186000,92,2026-05-24T16:19:42.647632,5.922863960266113,2.4090311527252197,2.8994975090026855,11.758794784545898,qmix,smacv2,protoss_5_vs_5,100,0.05000000074505806
188000,93,2026-05-24T16:22:00.789195,4.595351696014404,2.146162748336792,1.883165717124939,12.501255989074707,qmix,smacv2,protoss_5_vs_5,100,0.0
190000,94,2026-05-24T16:24:21.290682,3.804208278656006,1.3187003135681152,1.0954773426055908,6.221105575561523,qmix,smacv2,protoss_5_vs_5,100,0.0
192000,95,2026-05-24T16:26:37.179435,4.6136932373046875,1.638904333114624,2.2211055755615234,9.547738075256348,qmix,smacv2,protoss_5_vs_5,100,0.0
194000,96,2026-05-24T16:28:55.076138,3.803140163421631,1.3335552215576172,1.3442211151123047,6.834171295166016,qmix,smacv2,protoss_5_vs_5,100,0.0
196000,97,2026-05-24T16:31:13.051522,4.105527877807617,1.4436891078948975,1.6582914590835571,7.546482086181641,qmix,smacv2,protoss_5_vs_5,100,0.0
198000,98,2026-05-24T16:33:32.098085,4.448178291320801,1.3534568548202515,2.218593120574951,6.510049343109131,qmix,smacv2,protoss_5_vs_5,100,0.0
200000,99,2026-05-24T16:35:50.717549,3.733668565750122,1.9003421068191528,0.6633166074752808,9.018843650817871,qmix,smacv2,protoss_5_vs_5,100,0.0
202000,100,2026-05-24T16:38:09.580258,4.9005022048950195,2.040600061416626,1.6080400943756104,9.135677337646484,qmix,smacv2,protoss_5_vs_5,100,0.0
204000,101,2026-05-24T16:40:35.673322,4.270979881286621,2.4127936363220215,0.7437185645103455,9.224874496459961,qmix,smacv2,protoss_5_vs_5,100,0.0
206000,102,2026-05-24T16:42:57.626138,3.821105480194092,1.3561636209487915,1.9183416366577148,7.9698486328125,qmix,smacv2,protoss_5_vs_5,100,0.0
208000,103,2026-05-24T16:45:20.356077,4.816896438598633,2.345844030380249,1.8190956115722656,12.23743724822998,qmix,smacv2,protoss_5_vs_5,100,0.0
210000,104,2026-05-24T16:47:45.350846,4.651004791259766,2.5085501670837402,1.587939739227295,12.307788848876953,qmix,smacv2,protoss_5_vs_5,100,0.0
212000,105,2026-05-24T16:50:10.251623,4.362123012542725,1.403747797012329,1.801507592201233,6.773869514465332,qmix,smacv2,protoss_5_vs_5,100,0.0
214000,106,2026-05-24T16:52:35.278798,4.962311267852783,2.282135248184204,1.6293967962265015,12.160802841186523,qmix,smacv2,protoss_5_vs_5,100,0.05000000074505806
216000,107,2026-05-24T16:54:58.344723,4.035866737365723,1.797386884689331,2.2236180305480957,7.863065242767334,qmix,smacv2,protoss_5_vs_5,100,0.0
218000,108,2026-05-24T16:57:24.603200,4.606720924377441,2.0342602729797363,2.29020094871521,9.844221115112305,qmix,smacv2,protoss_5_vs_5,100,0.0
220000,109,2026-05-24T16:59:48.547085,4.23228645324707,1.90279221534729,1.6080402135849,8.608040809631348,qmix,smacv2,protoss_5_vs_5,100,0.0
222000,110,2026-05-24T17:02:16.654441,3.6413943767547607,1.8433560132980347,0.0,7.356783866882324,qmix,smacv2,protoss_5_vs_5,100,0.0
224000,111,2026-05-24T17:04:44.350660,3.846733808517456,1.6619316339492798,1.2462310791015625,7.748744010925293,qmix,smacv2,protoss_5_vs_5,100,0.0
226000,112,2026-05-24T17:07:13.178125,3.6424624919891357,1.3534811735153198,1.503768801689148,6.412060737609863,qmix,smacv2,protoss_5_vs_5,100,0.0
228000,113,2026-05-24T17:09:41.993384,4.644472599029541,1.7746431827545166,0.9824120402336121,8.52763843536377,qmix,smacv2,protoss_5_vs_5,100,0.0
230000,114,2026-05-24T17:12:13.088215,5.817148685455322,1.9610490798950195,2.65452241897583,9.71859359741211,qmix,smacv2,protoss_5_vs_5,100,0.0
232000,115,2026-05-24T17:14:44.024300,4.529082775115967,2.1477906703948975,1.7374370098114014,10.28140640258789,qmix,smacv2,protoss_5_vs_5,100,0.0
234000,116,2026-05-24T17:17:16.723607,3.4971108436584473,1.9141039848327637,1.246231198310852,8.646985054016113,qmix,smacv2,protoss_5_vs_5,100,0.0
236000,117,2026-05-24T17:19:49.824070,3.8639445304870605,1.4821631908416748,1.1758793592453003,6.35427188873291,qmix,smacv2,protoss_5_vs_5,100,0.0
238000,118,2026-05-24T17:22:22.320142,3.1943469047546387,1.5947643518447876,1.1884422302246094,8.442211151123047,qmix,smacv2,protoss_5_vs_5,100,0.0
240000,119,2026-05-24T17:24:54.420538,4.071608543395996,1.186028003692627,2.211055278778076,6.321608066558838,qmix,smacv2,protoss_5_vs_5,100,0.0
242000,120,2026-05-24T17:27:28.282221,4.0804643630981445,1.644458293914795,1.6469848155975342,7.306532859802246,qmix,smacv2,protoss_5_vs_5,100,0.0
244000,121,2026-05-24T17:30:02.096378,4.32870626449585,1.4180331230163574,1.286432147026062,6.170854568481445,qmix,smacv2,protoss_5_vs_5,100,0.0
246000,122,2026-05-24T17:32:35.737611,5.317965030670166,2.3296585083007812,1.6482412815093994,10.452260971069336,qmix,smacv2,protoss_5_vs_5,100,0.05000000074505806
248000,123,2026-05-24T17:35:09.657399,4.5577263832092285,2.204881191253662,0.9447237253189087,8.481155395507812,qmix,smacv2,protoss_5_vs_5,100,0.0
250000,124,2026-05-24T17:37:43.155936,4.4672112464904785,1.720725655555725,1.306532621383667,6.956030368804932,qmix,smacv2,protoss_5_vs_5,100,0.0
252000,125,2026-05-24T17:40:17.154168,4.413630485534668,1.5242254734039307,1.8793967962265015,7.72864294052124,qmix,smacv2,protoss_5_vs_5,100,0.0
254000,126,2026-05-24T17:42:52.320918,4.053894519805908,1.607024073600769,1.7701003551483154,7.91080379486084,qmix,smacv2,protoss_5_vs_5,100,0.0
256000,127,2026-05-24T17:45:28.797716,4.4809675216674805,1.3791236877441406,1.9861809015274048,7.9798994064331055,qmix,smacv2,protoss_5_vs_5,100,0.0
258000,128,2026-05-24T17:48:06.451580,4.2032036781311035,2.2994043827056885,1.8693466186523438,10.512561798095703,qmix,smacv2,protoss_5_vs_5,100,0.0
260000,129,2026-05-24T17:51:02.282641,3.477701187133789,1.260979413986206,1.698492407798767,6.7236175537109375,qmix,smacv2,protoss_5_vs_5,100,0.0
262000,130,2026-05-24T17:53:35.043011,3.1271355152130127,1.4468880891799927,0.9610552787780762,6.507536888122559,qmix,smacv2,protoss_5_vs_5,100,0.0
264000,131,2026-05-24T17:56:11.403795,3.990389347076416,1.6808298826217651,1.7123115062713623,7.370603084564209,qmix,smacv2,protoss_5_vs_5,100,0.0
266000,132,2026-05-24T17:58:51.444460,4.417336463928223,1.587537169456482,1.9698493480682373,9.103014945983887,qmix,smacv2,protoss_5_vs_5,100,0.0
268000,133,2026-05-24T18:01:32.298497,4.454145431518555,1.582547664642334,1.6080402135849,8.819095611572266,qmix,smacv2,protoss_5_vs_5,100,0.0
270000,134,2026-05-24T18:04:14.335083,4.850816249847412,2.18943452835083,1.5741206407546997,8.70351791381836,qmix,smacv2,protoss_5_vs_5,100,0.0
272000,135,2026-05-24T18:06:56.638265,4.13662052154541,1.3435916900634766,1.6394474506378174,6.633164882659912,qmix,smacv2,protoss_5_vs_5,100,0.0
274000,136,2026-05-24T18:09:39.778939,3.3984920978546143,1.8083405494689941,1.0929648876190186,6.586683750152588,qmix,smacv2,protoss_5_vs_5,100,0.0
276000,137,2026-05-24T18:12:23.067114,3.684673309326172,1.818166732788086,0.7449748516082764,8.184673309326172,qmix,smacv2,protoss_5_vs_5,100,0.0
278000,138,2026-05-24T18:15:07.761204,4.299309253692627,1.7988215684890747,1.395728588104248,7.816583156585693,qmix,smacv2,protoss_5_vs_5,100,0.0
280000,139,2026-05-24T18:17:51.770021,3.5411429405212402,1.6856844425201416,1.3881909847259521,7.268843650817871,qmix,smacv2,protoss_5_vs_5,100,0.0
282000,140,2026-05-24T18:20:36.779874,4.271168231964111,1.5948703289031982,1.894472360610962,7.41708517074585,qmix,smacv2,protoss_5_vs_5,100,0.0
284000,141,2026-05-24T18:23:23.659459,4.527701377868652,1.6196759939193726,2.138190984725952,7.420854091644287,qmix,smacv2,protoss_5_vs_5,100,0.0
286000,142,2026-05-24T18:26:10.284144,4.857726097106934,1.968823790550232,1.5640703439712524,8.435930252075195,qmix,smacv2,protoss_5_vs_5,100,0.0
288000,143,2026-05-24T18:28:56.445298,4.056155204772949,2.6808528900146484,1.1507537364959717,12.503768920898438,qmix,smacv2,protoss_5_vs_5,100,0.05000000074505806
290000,144,2026-05-24T18:31:40.330048,4.906092643737793,1.933390498161316,1.8090450763702393,9.447237014770508,qmix,smacv2,protoss_5_vs_5,100,0.0
292000,145,2026-05-24T18:34:24.980203,3.5081660747528076,1.7445918321609497,0.9811557531356812,8.100502014160156,qmix,smacv2,protoss_5_vs_5,100,0.0
294000,146,2026-05-24T18:37:07.922983,4.408291339874268,1.8570832014083862,1.665829062461853,7.542713165283203,qmix,smacv2,protoss_5_vs_5,100,0.0
296000,147,2026-05-24T18:39:51.480861,4.4661431312561035,1.5200393199920654,1.7286431789398193,7.708542823791504,qmix,smacv2,protoss_5_vs_5,100,0.0
298000,148,2026-05-24T18:42:35.842812,3.216017246246338,1.3947211503982544,0.9170854687690735,5.709798812866211,qmix,smacv2,protoss_5_vs_5,100,0.0
300000,149,2026-05-24T18:45:24.580955,4.960803985595703,2.04909610748291,1.2437186241149902,9.20603084564209,qmix,smacv2,protoss_5_vs_5,100,0.0
302000,150,2026-05-24T18:48:07.423332,4.50364351272583,2.290407180786133,1.556532621383667,9.669598579406738,qmix,smacv2,protoss_5_vs_5,100,0.0
304000,151,2026-05-24T18:50:49.508035,3.4187188148498535,1.162081003189087,2.0100502967834473,5.989949703216553,qmix,smacv2,protoss_5_vs_5,100,0.0
306000,152,2026-05-24T18:53:32.738221,3.926130771636963,1.881134271621704,1.7135677337646484,8.329145431518555,qmix,smacv2,protoss_5_vs_5,100,0.0
308000,153,2026-05-24T18:56:14.045385,4.0050883293151855,1.4522730112075806,0.8944723010063171,7.226130485534668,qmix,smacv2,protoss_5_vs_5,100,0.0
310000,154,2026-05-24T18:58:56.766329,5.362939357757568,2.201380491256714,2.6407036781311035,11.928391456604004,qmix,smacv2,protoss_5_vs_5,100,0.0
312000,155,2026-05-24T19:01:38.957172,4.550502777099609,1.913284420967102,1.6243717670440674,9.788945198059082,qmix,smacv2,protoss_5_vs_5,100,0.0
314000,156,2026-05-24T19:04:21.438564,4.787877082824707,2.063952684402466,1.3492462635040283,10.26758861541748,qmix,smacv2,protoss_5_vs_5,100,0.0
316000,157,2026-05-24T19:07:01.518013,4.432223320007324,1.4147024154663086,2.298994779586792,7.75879430770874,qmix,smacv2,protoss_5_vs_5,100,0.0
318000,158,2026-05-24T19:09:40.474277,4.6051506996154785,1.6922580003738403,2.08040189743042,7.850502967834473,qmix,smacv2,protoss_5_vs_5,100,0.0
320000,159,2026-05-24T19:12:16.872307,4.517462730407715,1.8810335397720337,0.9246231317520142,9.3856782913208,qmix,smacv2,protoss_5_vs_5,100,0.0
322000,160,2026-05-24T19:14:53.247703,3.378894090652466,1.5042327642440796,1.5942211151123047,6.961055755615234,qmix,smacv2,protoss_5_vs_5,100,0.0
324000,161,2026-05-24T19:17:29.943900,3.95540189743042,2.3925397396087646,0.8341708183288574,10.864322662353516,qmix,smacv2,protoss_5_vs_5,100,0.0
326000,162,2026-05-24T19:20:04.337225,4.227889060974121,1.6623560190200806,1.0050251483917236,6.703516960144043,qmix,smacv2,protoss_5_vs_5,100,0.0
328000,163,2026-05-24T19:22:38.557131,4.06595516204834,1.892404317855835,1.3668341636657715,7.326632499694824,qmix,smacv2,protoss_5_vs_5,100,0.0
330000,164,2026-05-24T19:25:12.161430,4.749685764312744,2.972707509994507,1.7763818502426147,16.180904388427734,qmix,smacv2,protoss_5_vs_5,100,0.05000000074505806
332000,165,2026-05-24T19:27:44.603345,4.11721134185791,1.2071627378463745,1.6243717670440674,6.33919620513916,qmix,smacv2,protoss_5_vs_5,100,0.0
334000,166,2026-05-24T19:30:15.237689,3.835301637649536,1.4538429975509644,1.9195979833602905,8.025125503540039,qmix,smacv2,protoss_5_vs_5,100,0.0
336000,167,2026-05-24T19:32:47.811916,4.609358787536621,2.6185295581817627,1.9082914590835571,14.404522895812988,qmix,smacv2,protoss_5_vs_5,100,0.05000000074505806
338000,168,2026-05-24T19:35:19.865589,4.646859169006348,1.6264445781707764,2.0841708183288574,7.630653381347656,qmix,smacv2,protoss_5_vs_5,100,0.0
340000,169,2026-05-24T19:37:50.249371,5.21074104309082,2.330012798309326,2.402010202407837,12.462310791015625,qmix,smacv2,protoss_5_vs_5,100,0.05000000074505806
342000,170,2026-05-24T19:40:21.517205,3.8725502490997314,1.3383241891860962,1.337939739227295,6.659547328948975,qmix,smacv2,protoss_5_vs_5,100,0.0
344000,171,2026-05-24T19:42:52.586220,4.610929489135742,1.9563182592391968,1.4371860027313232,8.51256275177002,qmix,smacv2,protoss_5_vs_5,100,0.0
346000,172,2026-05-24T19:45:23.299047,4.125816345214844,2.0650923252105713,1.95979905128479,11.376884460449219,qmix,smacv2,protoss_5_vs_5,100,0.0
348000,173,2026-05-24T19:47:56.334737,3.656909465789795,1.5670199394226074,1.8467336893081665,6.969849586486816,qmix,smacv2,protoss_5_vs_5,100,0.0
350000,174,2026-05-24T19:50:28.673653,5.175376892089844,2.5200395584106445,1.507537603378296,10.646985054016113,qmix,smacv2,protoss_5_vs_5,100,0.0
352000,175,2026-05-24T19:53:01.605088,4.6362433433532715,1.7094331979751587,1.839195966720581,8.305275917053223,qmix,smacv2,protoss_5_vs_5,100,0.0
354000,176,2026-05-24T19:55:34.151238,3.6665825843811035,1.6193989515304565,1.5502512454986572,7.155778408050537,qmix,smacv2,protoss_5_vs_5,100,0.0
356000,177,2026-05-24T19:58:07.336294,4.447989463806152,1.95015287399292,1.7248742580413818,8.552763938903809,qmix,smacv2,protoss_5_vs_5,100,0.0
358000,178,2026-05-24T20:00:39.647325,4.059924602508545,2.227893352508545,1.3806531429290771,12.241206169128418,qmix,smacv2,protoss_5_vs_5,100,0.0
360000,179,2026-05-24T20:03:11.848621,4.454459190368652,1.9402529001235962,2.150753974914551,9.236180305480957,qmix,smacv2,protoss_5_vs_5,100,0.0
362000,180,2026-05-24T20:05:46.225083,4.092776298522949,1.725364327430725,2.0138189792633057,8.804019927978516,qmix,smacv2,protoss_5_vs_5,100,0.0
364000,181,2026-05-24T20:08:22.976508,3.9868717193603516,1.7050576210021973,1.7223618030548096,8.451004981994629,qmix,smacv2,protoss_5_vs_5,100,0.0
366000,182,2026-05-24T20:11:02.491423,3.7804648876190186,1.8329890966415405,0.8140703439712524,7.551506996154785,qmix,smacv2,protoss_5_vs_5,100,0.0
368000,183,2026-05-24T20:13:42.645341,4.436244010925293,2.2007322311401367,1.286432147026062,11.247488021850586,qmix,smacv2,protoss_5_vs_5,100,0.0
370000,184,2026-05-24T20:16:23.252738,4.065829277038574,1.657943844795227,2.1959798336029053,7.959799289703369,qmix,smacv2,protoss_5_vs_5,100,0.0
372000,185,2026-05-24T20:19:06.581712,3.6905150413513184,1.1300220489501953,1.3153265714645386,5.5854268074035645,qmix,smacv2,protoss_5_vs_5,100,0.0
374000,186,2026-05-24T20:21:49.845380,4.218278884887695,2.3410229682922363,1.0125627517700195,8.914572715759277,qmix,smacv2,protoss_5_vs_5,100,0.0
376000,187,2026-05-24T20:24:37.731473,4.391707897186279,1.9335386753082275,1.7638190984725952,8.340452194213867,qmix,smacv2,protoss_5_vs_5,100,0.0
378000,188,2026-05-24T20:27:26.423745,4.006470203399658,2.092146635055542,1.487437129020691,9.424623489379883,qmix,smacv2,protoss_5_vs_5,100,0.0
380000,189,2026-05-24T20:30:11.585207,4.633793830871582,1.834346890449524,1.2864322662353516,8.772613525390625,qmix,smacv2,protoss_5_vs_5,100,0.0
382000,190,2026-05-24T20:32:57.010197,4.514258861541748,2.016300678253174,1.8517587184906006,10.211054801940918,qmix,smacv2,protoss_5_vs_5,100,0.0
384000,191,2026-05-24T20:35:41.400770,4.648617744445801,2.601994752883911,1.6633164882659912,10.287688255310059,qmix,smacv2,protoss_5_vs_5,100,0.0
386000,192,2026-05-24T20:38:23.639714,3.543530225753784,1.680319905281067,1.412060260772705,7.466080665588379,qmix,smacv2,protoss_5_vs_5,100,0.0
388000,193,2026-05-24T20:41:09.409139,4.230841636657715,1.4364219903945923,2.2311558723449707,6.953516960144043,qmix,smacv2,protoss_5_vs_5,100,0.0
390000,194,2026-05-24T20:43:52.858420,5.289886951446533,2.2054030895233154,1.5050251483917236,9.32663345336914,qmix,smacv2,protoss_5_vs_5,100,0.0
392000,195,2026-05-24T20:46:37.120012,4.6310930252075195,1.9513695240020752,1.3831658363342285,8.201004981994629,qmix,smacv2,protoss_5_vs_5,100,0.0
394000,196,2026-05-24T20:49:24.896016,4.380967617034912,2.298868417739868,0.5829145908355713,10.653266906738281,qmix,smacv2,protoss_5_vs_5,100,0.0
396000,197,2026-05-24T20:52:06.084506,3.7038943767547607,1.9228702783584595,1.2763819694519043,9.005025863647461,qmix,smacv2,protoss_5_vs_5,100,0.0
398000,198,2026-05-24T20:54:46.362180,4.2268218994140625,2.2282650470733643,1.6080400943756104,9.476130485534668,qmix,smacv2,protoss_5_vs_5,100,0.0
400000,199,2026-05-24T20:57:23.538652,3.5613694190979004,2.0898306369781494,0.44849246740341187,8.824121475219727,qmix,smacv2,protoss_5_vs_5,100,0.0
402000,200,2026-05-24T21:00:00.887711,4.465327262878418,1.9175200462341309,1.6419599056243896,8.456029891967773,qmix,smacv2,protoss_5_vs_5,100,0.0
404000,201,2026-05-24T21:02:34.910196,3.9454143047332764,1.1502113342285156,2.2876884937286377,6.2462310791015625,qmix,smacv2,protoss_5_vs_5,100,0.0
406000,202,2026-05-24T21:05:14.005314,4.066519737243652,2.1559417247772217,1.0954773426055908,10.040201187133789,qmix,smacv2,protoss_5_vs_5,100,0.0
408000,203,2026-05-24T21:07:50.940743,3.5783920288085938,1.685210943222046,1.3090451955795288,6.767587184906006,qmix,smacv2,protoss_5_vs_5,100,0.0
410000,204,2026-05-24T21:10:27.958842,4.0168962478637695,2.2322051525115967,1.0653265714645386,9.414572715759277,qmix,smacv2,protoss_5_vs_5,100,0.0
412000,205,2026-05-24T21:13:01.374235,4.558291435241699,2.106577157974243,1.3140703439712524,9.075376510620117,qmix,smacv2,protoss_5_vs_5,100,0.0
414000,206,2026-05-24T21:15:36.056812,4.538379669189453,2.0111048221588135,1.5389447212219238,8.542713165283203,qmix,smacv2,protoss_5_vs_5,100,0.0
416000,207,2026-05-24T21:18:07.405292,3.2252514362335205,1.3558505773544312,1.4773868322372437,6.522613525390625,qmix,smacv2,protoss_5_vs_5,100,0.0
418000,208,2026-05-24T21:20:41.522314,2.843907117843628,1.640702486038208,1.0125627517700195,6.703517913818359,qmix,smacv2,protoss_5_vs_5,100,0.0
420000,209,2026-05-24T21:23:13.087808,4.048806190490723,2.179396629333496,1.0552763938903809,10.192211151123047,qmix,smacv2,protoss_5_vs_5,100,0.0
422000,210,2026-05-24T21:25:45.697034,3.8746228218078613,1.6306864023208618,1.8567838668823242,7.314070224761963,qmix,smacv2,protoss_5_vs_5,100,0.0
424000,211,2026-05-24T21:28:19.165299,3.863819122314453,1.7581672668457031,1.2361809015274048,8.523868560791016,qmix,smacv2,protoss_5_vs_5,100,0.0
426000,212,2026-05-24T21:30:51.514726,3.5268847942352295,1.369911551475525,1.185929536819458,7.061557769775391,qmix,smacv2,protoss_5_vs_5,100,0.0
428000,213,2026-05-24T21:33:22.681696,3.7936558723449707,1.6171259880065918,1.6356785297393799,8.552763938903809,qmix,smacv2,protoss_5_vs_5,100,0.0
430000,214,2026-05-24T21:35:50.539044,3.756720781326294,1.5064902305603027,1.6293970346450806,6.623115539550781,qmix,smacv2,protoss_5_vs_5,100,0.0
432000,215,2026-05-24T21:38:21.645701,3.4030776023864746,1.219886302947998,0.7638190984725952,5.358039855957031,qmix,smacv2,protoss_5_vs_5,100,0.0
434000,216,2026-05-24T21:40:54.492366,2.9368720054626465,1.2897827625274658,1.2788944244384766,5.585427284240723,qmix,smacv2,protoss_5_vs_5,100,0.0
436000,217,2026-05-24T21:43:25.680646,3.8652007579803467,1.5568147897720337,1.2713567018508911,7.195980072021484,qmix,smacv2,protoss_5_vs_5,100,0.0
438000,218,2026-05-24T21:45:56.993324,5.092462062835693,2.3897011280059814,1.0653266906738281,11.307788848876953,qmix,smacv2,protoss_5_vs_5,100,0.0
440000,219,2026-05-24T21:48:29.953413,3.7133164405822754,1.726340413093567,0.9246231317520142,7.889447212219238,qmix,smacv2,protoss_5_vs_5,100,0.0
442000,220,2026-05-24T21:51:03.694162,3.461369276046753,1.383892297744751,1.6482412815093994,6.4133172035217285,qmix,smacv2,protoss_5_vs_5,100,0.0
444000,221,2026-05-24T21:53:40.084190,4.3143839836120605,1.9485199451446533,2.1570348739624023,9.577889442443848,qmix,smacv2,protoss_5_vs_5,100,0.0
446000,222,2026-05-24T21:56:17.127909,4.138316631317139,1.6988664865493774,1.5288944244384766,8.761306762695312,qmix,smacv2,protoss_5_vs_5,100,0.0
448000,223,2026-05-24T21:58:53.170303,4.092902183532715,1.321577548980713,2.251256227493286,6.592965126037598,qmix,smacv2,protoss_5_vs_5,100,0.0
450000,224,2026-05-24T22:01:29.708759,4.494347095489502,1.4212405681610107,2.152010202407837,7.957286834716797,qmix,smacv2,protoss_5_vs_5,100,0.0
452000,225,2026-05-24T22:04:05.873971,4.182977199554443,1.7721741199493408,1.5,8.723617553710938,qmix,smacv2,protoss_5_vs_5,100,0.0
454000,226,2026-05-24T22:06:41.992330,3.5506911277770996,1.7891231775283813,1.2964824438095093,8.77763843536377,qmix,smacv2,protoss_5_vs_5,100,0.0
456000,227,2026-05-24T22:09:16.943173,4.3520097732543945,1.5360432863235474,2.080402135848999,8.040201187133789,qmix,smacv2,protoss_5_vs_5,100,0.0
458000,228,2026-05-24T22:11:51.638052,4.02286434173584,1.4963523149490356,1.8869346380233765,7.364321708679199,qmix,smacv2,protoss_5_vs_5,100,0.0
460000,229,2026-05-24T22:14:26.503528,3.6329147815704346,1.9139028787612915,1.3969849348068237,8.766332626342773,qmix,smacv2,protoss_5_vs_5,100,0.0
462000,230,2026-05-24T22:17:02.519937,3.761997699737549,1.8973851203918457,1.2361810207366943,8.512563705444336,qmix,smacv2,protoss_5_vs_5,100,0.0
464000,231,2026-05-24T22:19:36.674173,3.484987258911133,1.9932609796524048,1.105527639389038,9.110552787780762,qmix,smacv2,protoss_5_vs_5,100,0.0
466000,232,2026-05-24T22:22:11.643165,3.7689692974090576,2.0814974308013916,1.2361810207366943,10.540200233459473,qmix,smacv2,protoss_5_vs_5,100,0.0
468000,233,2026-05-24T22:24:43.543152,4.305590629577637,1.6669765710830688,1.9396984577178955,7.956030368804932,qmix,smacv2,protoss_5_vs_5,100,0.0
470000,234,2026-05-24T22:27:16.370484,4.328266620635986,1.934377908706665,1.8693468570709229,10.047738075256348,qmix,smacv2,protoss_5_vs_5,100,0.0
472000,235,2026-05-24T22:29:46.725248,4.540075302124023,1.6497751474380493,2.0201005935668945,8.155778884887695,qmix,smacv2,protoss_5_vs_5,100,0.0
474000,236,2026-05-24T22:32:17.166263,4.786306381225586,1.4835965633392334,1.9296481609344482,7.648240566253662,qmix,smacv2,protoss_5_vs_5,100,0.0
476000,237,2026-05-24T22:34:48.359404,3.8460426330566406,2.156682014465332,1.536432147026062,10.314070701599121,qmix,smacv2,protoss_5_vs_5,100,0.0
478000,238,2026-05-24T22:37:19.837040,4.386369705200195,1.7368364334106445,1.3040200471878052,7.738694190979004,qmix,smacv2,protoss_5_vs_5,100,0.0
480000,239,2026-05-24T22:39:50.192514,4.3722357749938965,1.410812497138977,2.248743772506714,8.53266429901123,qmix,smacv2,protoss_5_vs_5,100,0.0
482000,240,2026-05-24T22:42:17.085504,4.465389251708984,2.2037603855133057,0.7675879001617432,11.042713165283203,qmix,smacv2,protoss_5_vs_5,100,0.0
484000,241,2026-05-24T22:44:43.575113,4.446922302246094,2.1328823566436768,1.3969849348068237,8.251256942749023,qmix,smacv2,protoss_5_vs_5,100,0.0
486000,242,2026-05-24T22:47:16.654953,4.97280216217041,2.299382448196411,1.8982412815093994,10.052763938903809,qmix,smacv2,protoss_5_vs_5,100,0.0
488000,243,2026-05-24T22:49:43.188743,3.907160997390747,1.9433554410934448,0.8793970346450806,8.371859550476074,qmix,smacv2,protoss_5_vs_5,100,0.0
490000,244,2026-05-24T22:52:10.471766,4.444849491119385,1.5799839496612549,1.2562813758850098,7.42587947845459,qmix,smacv2,protoss_5_vs_5,100,0.0
492000,245,2026-05-24T22:54:36.897097,5.20062780380249,3.2438337802886963,2.226130723953247,14.315325736999512,qmix,smacv2,protoss_5_vs_5,100,0.10000000149011612
494000,246,2026-05-24T22:57:02.608727,4.143279075622559,1.8536903858184814,1.698492407798767,9.551506996154785,qmix,smacv2,protoss_5_vs_5,100,0.0
496000,247,2026-05-24T22:59:28.981165,4.334296226501465,2.337883472442627,1.7625627517700195,13.153264999389648,qmix,smacv2,protoss_5_vs_5,100,0.0
498000,248,2026-05-24T23:01:55.415190,4.641331672668457,1.7328417301177979,1.6457287073135376,9.226130485534668,qmix,smacv2,protoss_5_vs_5,100,0.0
500000,249,2026-05-24T23:04:20.335080,5.451695442199707,3.880963087081909,1.6268844604492188,16.28140640258789,qmix,smacv2,protoss_5_vs_5,100,0.05000000074505806
502000,250,2026-05-24T23:06:40.631134,4.363379001617432,1.8313159942626953,2.1105527877807617,9.350502014160156,qmix,smacv2,protoss_5_vs_5,100,0.0
504000,251,2026-05-24T23:09:00.745008,3.5638821125030518,1.779033899307251,1.1959799528121948,8.743719100952148,qmix,smacv2,protoss_5_vs_5,100,0.0
506000,252,2026-05-24T23:11:22.959482,3.890702724456787,1.7253868579864502,1.5552765130996704,7.2625627517700195,qmix,smacv2,protoss_5_vs_5,100,0.0
508000,253,2026-05-24T23:13:43.725003,3.3253140449523926,1.324973464012146,0.5477386713027954,6.08040189743042,qmix,smacv2,protoss_5_vs_5,100,0.0
510000,254,2026-05-24T23:16:02.451927,4.545289039611816,1.5768381357192993,1.427135705947876,7.796482086181641,qmix,smacv2,protoss_5_vs_5,100,0.0
512000,255,2026-05-24T23:18:25.811108,4.515892028808594,2.147756576538086,1.487437129020691,8.922110557556152,qmix,smacv2,protoss_5_vs_5,100,0.0
514000,256,2026-05-24T23:20:40.941691,4.284234046936035,1.7395800352096558,1.4974874258041382,7.412060737609863,qmix,smacv2,protoss_5_vs_5,100,0.0
516000,257,2026-05-24T23:23:06.194667,4.029082775115967,2.26710844039917,1.6683416366577148,9.1055269241333,qmix,smacv2,protoss_5_vs_5,100,0.0
518000,258,2026-05-24T23:25:30.282167,5.9088568687438965,2.3886609077453613,2.659547805786133,10.471105575561523,qmix,smacv2,protoss_5_vs_5,100,0.0
520000,259,2026-05-24T23:28:23.214702,3.761117935180664,1.1883623600006104,1.9798994064331055,6.849246025085449,qmix,smacv2,protoss_5_vs_5,100,0.0
522000,260,2026-05-24T23:30:54.018716,3.8033289909362793,1.6735953092575073,1.494974970817566,9.168340682983398,qmix,smacv2,protoss_5_vs_5,100,0.0
524000,261,2026-05-24T23:33:21.107841,3.451507568359375,1.6046696901321411,1.7286431789398193,7.213568210601807,qmix,smacv2,protoss_5_vs_5,100,0.0
526000,262,2026-05-24T23:35:47.914188,3.9866833686828613,1.6731847524642944,1.3065327405929565,6.576633453369141,qmix,smacv2,protoss_5_vs_5,100,0.0
528000,263,2026-05-24T23:38:16.384431,3.744032382965088,1.5982822179794312,1.698492407798767,7.9798994064331055,qmix,smacv2,protoss_5_vs_5,100,0.0
530000,264,2026-05-24T23:40:45.707828,3.9318466186523438,1.4931153059005737,1.2060301303863525,6.3994975090026855,qmix,smacv2,protoss_5_vs_5,100,0.0
532000,265,2026-05-24T23:43:15.032338,3.9472992420196533,1.541172742843628,1.5113065242767334,6.616835117340088,qmix,smacv2,protoss_5_vs_5,100,0.0
534000,266,2026-05-24T23:45:44.471691,4.063442230224609,1.7380344867706299,1.834170937538147,6.914572715759277,qmix,smacv2,protoss_5_vs_5,100,0.0
536000,267,2026-05-24T23:48:14.861920,4.905402183532715,2.5766003131866455,1.3567838668823242,12.552763938903809,qmix,smacv2,protoss_5_vs_5,100,0.0
538000,268,2026-05-24T23:50:45.708739,4.235050201416016,1.964543104171753,1.9371858835220337,9.83793830871582,qmix,smacv2,protoss_5_vs_5,100,0.0
540000,269,2026-05-24T23:53:18.043773,4.372612953186035,2.121351718902588,1.5376883745193481,8.763818740844727,qmix,smacv2,protoss_5_vs_5,100,0.0
542000,270,2026-05-24T23:55:48.563705,4.405402183532715,1.7287428379058838,1.733668565750122,7.683416843414307,qmix,smacv2,protoss_5_vs_5,100,0.0
544000,271,2026-05-24T23:58:20.011357,4.267902374267578,1.6825772523880005,2.0502512454986572,8.572864532470703,qmix,smacv2,protoss_5_vs_5,100,0.0
546000,272,2026-05-25T00:00:51.230193,4.925314426422119,2.005117177963257,2.1746230125427246,8.909547805786133,qmix,smacv2,protoss_5_vs_5,100,0.0
548000,273,2026-05-25T00:03:22.227586,4.216017246246338,2.168109178543091,1.0577889680862427,9.9698486328125,qmix,smacv2,protoss_5_vs_5,100,0.0
550000,274,2026-05-25T00:05:53.544970,4.800628185272217,1.9592534303665161,2.0690956115722656,8.66331672668457,qmix,smacv2,protoss_5_vs_5,100,0.0
552000,275,2026-05-25T00:08:24.542480,4.6889448165893555,2.324056386947632,1.881909728050232,12.267587661743164,qmix,smacv2,protoss_5_vs_5,100,0.05000000074505806
554000,276,2026-05-25T00:10:54.589236,5.075502395629883,1.7988464832305908,2.4095475673675537,9.145729064941406,qmix,smacv2,protoss_5_vs_5,100,0.0
556000,277,2026-05-25T00:13:25.536540,5.068215847015381,2.889249324798584,1.6381909847259521,12.221105575561523,qmix,smacv2,protoss_5_vs_5,100,0.0
558000,278,2026-05-25T00:15:53.625215,4.424999713897705,2.144805431365967,1.658291220664978,9.386934280395508,qmix,smacv2,protoss_5_vs_5,100,0.0
560000,279,2026-05-25T00:18:23.513711,4.581469535827637,1.2514179944992065,2.797738552093506,7.396985054016113,qmix,smacv2,protoss_5_vs_5,100,0.0
562000,280,2026-05-25T00:20:51.833636,4.148931980133057,1.6769037246704102,1.6683416366577148,8.022613525390625,qmix,smacv2,protoss_5_vs_5,100,0.0
564000,281,2026-05-25T00:23:20.287932,4.600377082824707,2.2123265266418457,2.355527639389038,10.452261924743652,qmix,smacv2,protoss_5_vs_5,100,0.0
566000,282,2026-05-25T00:25:48.874554,5.165201187133789,2.539949417114258,1.8090451955795288,10.753768920898438,qmix,smacv2,protoss_5_vs_5,100,0.0
568000,283,2026-05-25T00:28:17.450956,6.097989559173584,3.0896615982055664,1.9698492288589478,14.271356582641602,qmix,smacv2,protoss_5_vs_5,100,0.10000000149011612
570000,284,2026-05-25T00:30:45.215861,4.256469249725342,1.6819382905960083,1.4246231317520142,7.856783866882324,qmix,smacv2,protoss_5_vs_5,100,0.0
572000,285,2026-05-25T00:33:12.815457,4.075439929962158,2.075615406036377,1.0841708183288574,7.469849586486816,qmix,smacv2,protoss_5_vs_5,100,0.0
574000,286,2026-05-25T00:35:41.093191,4.624497413635254,2.150212049484253,1.6193468570709229,8.762563705444336,qmix,smacv2,protoss_5_vs_5,100,0.0
576000,287,2026-05-25T00:38:08.535887,4.568404197692871,1.9155211448669434,1.1520100831985474,7.919597625732422,qmix,smacv2,protoss_5_vs_5,100,0.0
578000,288,2026-05-25T00:40:33.953823,4.429648399353027,1.2694206237792969,1.7776381969451904,6.190954685211182,qmix,smacv2,protoss_5_vs_5,100,0.0
580000,289,2026-05-25T00:43:05.660248,4.784799098968506,2.103821039199829,1.4070351123809814,8.76256275177002,qmix,smacv2,protoss_5_vs_5,100,0.0
582000,290,2026-05-25T00:45:30.822662,4.603203296661377,1.5237441062927246,1.4535175561904907,7.305276393890381,qmix,smacv2,protoss_5_vs_5,100,0.0
584000,291,2026-05-25T00:47:56.611655,4.682098388671875,2.0548267364501953,1.1595478057861328,8.664573669433594,qmix,smacv2,protoss_5_vs_5,100,0.0
586000,292,2026-05-25T00:50:23.587469,4.143718719482422,1.7646496295928955,1.7537686824798584,7.845477104187012,qmix,smacv2,protoss_5_vs_5,100,0.0
588000,293,2026-05-25T00:52:48.830851,4.260615348815918,1.5801424980163574,0.5427135825157166,7.802763938903809,qmix,smacv2,protoss_5_vs_5,100,0.0
590000,294,2026-05-25T00:55:13.268983,4.1609296798706055,1.63599693775177,1.814070463180542,7.9811553955078125,qmix,smacv2,protoss_5_vs_5,100,0.0
592000,295,2026-05-25T00:57:36.534727,4.692084789276123,1.9340122938156128,2.2713568210601807,9.386934280395508,qmix,smacv2,protoss_5_vs_5,100,0.0
594000,296,2026-05-25T01:00:01.372385,4.412060737609863,2.248164653778076,1.7788944244384766,10.643216133117676,qmix,smacv2,protoss_5_vs_5,100,0.0
596000,297,2026-05-25T01:02:24.624331,4.368090629577637,1.6204420328140259,1.443467378616333,7.608041286468506,qmix,smacv2,protoss_5_vs_5,100,0.0
598000,298,2026-05-25T01:04:49.916840,5.1084794998168945,2.908679485321045,1.9246232509613037,14.19346809387207,qmix,smacv2,protoss_5_vs_5,100,0.05000000074505806
600000,299,2026-05-25T01:07:16.196055,4.542084693908691,2.108905076980591,2.2562813758850098,9.899497032165527,qmix,smacv2,protoss_5_vs_5,100,0.0
602000,300,2026-05-25T01:09:42.540304,3.944220781326294,1.691507339477539,2.185929536819458,8.035175323486328,qmix,smacv2,protoss_5_vs_5,100,0.0
604000,301,2026-05-25T01:12:06.457861,4.873241424560547,2.612489700317383,1.7788946628570557,14.070352554321289,qmix,smacv2,protoss_5_vs_5,100,0.05000000074505806
606000,302,2026-05-25T01:14:29.399429,4.688693046569824,2.5348901748657227,1.834170937538147,14.119346618652344,qmix,smacv2,protoss_5_vs_5,100,0.05000000074505806
608000,303,2026-05-25T01:16:52.243629,3.4020729064941406,1.5481359958648682,1.976130723953247,7.798994541168213,qmix,smacv2,protoss_5_vs_5,100,0.0
610000,304,2026-05-25T01:19:14.281403,4.137374401092529,1.7326010465621948,1.8040201663970947,7.203516960144043,qmix,smacv2,protoss_5_vs_5,100,0.0
612000,305,2026-05-25T01:21:38.683956,4.0445356369018555,1.816629409790039,1.6457287073135376,7.929648399353027,qmix,smacv2,protoss_5_vs_5,100,0.0
614000,306,2026-05-25T01:23:59.207797,3.358919858932495,1.6409152746200562,1.6469848155975342,8.040201187133789,qmix,smacv2,protoss_5_vs_5,100,0.0
616000,307,2026-05-25T01:26:21.439199,4.566268444061279,1.5529488325119019,1.6683416366577148,8.85175895690918,qmix,smacv2,protoss_5_vs_5,100,0.0
618000,308,2026-05-25T01:28:45.177777,4.136431694030762,2.59896183013916,1.2763818502426147,12.73366928100586,qmix,smacv2,protoss_5_vs_5,100,0.0
620000,309,2026-05-25T01:31:04.436429,3.0047109127044678,1.2187093496322632,1.3505024909973145,5.9886932373046875,qmix,smacv2,protoss_5_vs_5,100,0.0
622000,310,2026-05-25T01:33:23.747125,4.364824295043945,2.665597915649414,0.8944723010063171,11.236181259155273,qmix,smacv2,protoss_5_vs_5,100,0.0
624000,311,2026-05-25T01:35:43.254393,3.814572811126709,1.843582034111023,0.80402010679245,9.251255989074707,qmix,smacv2,protoss_5_vs_5,100,0.0
626000,312,2026-05-25T01:38:05.247567,3.821796417236328,1.4484609365463257,2.2964823246002197,7.6256279945373535,qmix,smacv2,protoss_5_vs_5,100,0.0
628000,313,2026-05-25T01:40:22.953730,4.030213356018066,1.9428536891937256,1.4158291816711426,8.001256942749023,qmix,smacv2,protoss_5_vs_5,100,0.0
630000,314,2026-05-25T01:42:40.937614,4.741269111633301,2.0533127784729004,1.515075445175171,8.238693237304688,qmix,smacv2,protoss_5_vs_5,100,0.0
632000,315,2026-05-25T01:44:59.869969,4.21036434173584,1.6485373973846436,1.1959799528121948,6.900753974914551,qmix,smacv2,protoss_5_vs_5,100,0.0
634000,316,2026-05-25T01:47:19.779603,4.228580474853516,1.629137396812439,1.443467378616333,7.644473075866699,qmix,smacv2,protoss_5_vs_5,100,0.0
636000,317,2026-05-25T01:49:38.945691,3.3579776287078857,1.0811997652053833,1.5351758003234863,5.776381969451904,qmix,smacv2,protoss_5_vs_5,100,0.0
638000,318,2026-05-25T01:52:00.556647,3.1697235107421875,1.1231298446655273,1.6884419918060303,6.221105098724365,qmix,smacv2,protoss_5_vs_5,100,0.0
640000,319,2026-05-25T01:54:21.842128,3.4528896808624268,1.510401725769043,1.3768843412399292,5.988693714141846,qmix,smacv2,protoss_5_vs_5,100,0.0
642000,320,2026-05-25T01:56:43.511561,3.5467963218688965,1.9545645713806152,1.1155779361724854,9.768844604492188,qmix,smacv2,protoss_5_vs_5,100,0.0
644000,321,2026-05-25T01:59:05.699964,3.625062942504883,1.253230333328247,1.1419597864151,5.886934757232666,qmix,smacv2,protoss_5_vs_5,100,0.0
646000,322,2026-05-25T02:01:30.543413,3.437499523162842,2.138571262359619,0.7939698696136475,9.316583633422852,qmix,smacv2,protoss_5_vs_5,100,0.0
648000,323,2026-05-25T02:03:55.510034,5.035427570343018,2.208101749420166,1.698492407798767,9.195980072021484,qmix,smacv2,protoss_5_vs_5,100,0.0
650000,324,2026-05-25T02:06:21.939945,4.523743629455566,2.1377947330474854,1.3404521942138672,9.716079711914062,qmix,smacv2,protoss_5_vs_5,100,0.0
652000,325,2026-05-25T02:08:49.444207,3.7599880695343018,1.889729619026184,1.3856784105300903,7.597989559173584,qmix,smacv2,protoss_5_vs_5,100,0.0
654000,326,2026-05-25T02:11:18.724910,3.944535493850708,1.921728491783142,1.6080400943756104,8.523869514465332,qmix,smacv2,protoss_5_vs_5,100,0.0
656000,327,2026-05-25T02:13:48.447817,3.881469249725342,1.5399070978164673,1.4572863578796387,6.82412052154541,qmix,smacv2,protoss_5_vs_5,100,0.0
658000,328,2026-05-25T02:16:19.345991,3.9668967723846436,1.6845911741256714,2.08040189743042,8.72361946105957,qmix,smacv2,protoss_5_vs_5,100,0.0
660000,329,2026-05-25T02:18:51.650873,4.459296226501465,1.7785834074020386,2.442211151123047,9.424623489379883,qmix,smacv2,protoss_5_vs_5,100,0.0
662000,330,2026-05-25T02:21:25.806042,3.3588569164276123,1.5401334762573242,1.3668341636657715,6.98492431640625,qmix,smacv2,protoss_5_vs_5,100,0.0
664000,331,2026-05-25T02:24:01.805725,4.603392124176025,2.3514277935028076,1.4170854091644287,11.933416366577148,qmix,smacv2,protoss_5_vs_5,100,0.0
666000,332,2026-05-25T02:26:35.483097,3.5004398822784424,1.4382539987564087,1.6959797143936157,6.945980072021484,qmix,smacv2,protoss_5_vs_5,100,0.0
668000,333,2026-05-25T02:29:10.308502,3.734987258911133,1.7468699216842651,1.1155778169631958,7.521356105804443,qmix,smacv2,protoss_5_vs_5,100,0.0
670000,334,2026-05-25T02:31:44.478257,4.663882255554199,2.5587236881256104,1.6582914590835571,13.00879192352295,qmix,smacv2,protoss_5_vs_5,100,0.0
672000,335,2026-05-25T02:34:27.182420,5.573492050170898,2.8742048740386963,1.476130723953247,12.76633071899414,qmix,smacv2,protoss_5_vs_5,100,0.05000000074505806
674000,336,2026-05-25T02:37:01.366231,3.9274497032165527,1.7447655200958252,1.3366832733154297,8.773868560791016,qmix,smacv2,protoss_5_vs_5,100,0.0
676000,337,2026-05-25T02:39:37.899354,3.852135181427002,1.6819171905517578,1.6532663106918335,7.678391933441162,qmix,smacv2,protoss_5_vs_5,100,0.0
678000,338,2026-05-25T02:42:13.022398,5.1611809730529785,1.9175845384597778,2.209798812866211,10.19095516204834,qmix,smacv2,protoss_5_vs_5,100,0.0
680000,339,2026-05-25T02:44:50.228064,3.8854897022247314,1.4903188943862915,1.8153266906738281,7.9798994064331055,qmix,smacv2,protoss_5_vs_5,100,0.0
682000,340,2026-05-25T02:47:28.765458,4.687060356140137,2.481257200241089,1.1834170818328857,12.592964172363281,qmix,smacv2,protoss_5_vs_5,100,0.0
684000,341,2026-05-25T02:50:06.398453,4.553454399108887,1.6704901456832886,1.9296480417251587,7.346733093261719,qmix,smacv2,protoss_5_vs_5,100,0.0
686000,342,2026-05-25T02:52:41.405876,4.865703582763672,1.7978336811065674,2.065326690673828,8.67336654663086,qmix,smacv2,protoss_5_vs_5,100,0.0
688000,343,2026-05-25T02:55:16.746844,4.132474899291992,1.5962910652160645,1.6243717670440674,8.464824676513672,qmix,smacv2,protoss_5_vs_5,100,0.0
690000,344,2026-05-25T02:57:50.747034,4.975628852844238,1.859186053276062,1.9032665491104126,8.020100593566895,qmix,smacv2,protoss_5_vs_5,100,0.0
692000,345,2026-05-25T03:00:24.388876,4.611998081207275,1.8605175018310547,1.9195979833602905,8.095478057861328,qmix,smacv2,protoss_5_vs_5,100,0.0
694000,346,2026-05-25T03:02:58.384143,3.7877516746520996,1.3344414234161377,1.907035231590271,7.085427284240723,qmix,smacv2,protoss_5_vs_5,100,0.0
696000,347,2026-05-25T03:05:32.801142,3.9078521728515625,1.3618022203445435,1.0954773426055908,6.653265953063965,qmix,smacv2,protoss_5_vs_5,100,0.0
698000,348,2026-05-25T03:08:07.606710,4.298806190490723,2.095390558242798,1.4937186241149902,8.268844604492188,qmix,smacv2,protoss_5_vs_5,100,0.0
700000,349,2026-05-25T03:10:44.795905,5.583919525146484,2.2650954723358154,2.855527639389038,10.47236156463623,qmix,smacv2,protoss_5_vs_5,100,0.0
702000,350,2026-05-25T03:13:19.132452,3.689635753631592,1.5928953886032104,1.4371860027313232,7.2839202880859375,qmix,smacv2,protoss_5_vs_5,100,0.0
704000,351,2026-05-25T03:15:55.531758,4.87864351272583,1.6925984621047974,1.7889448404312134,7.768843650817871,qmix,smacv2,protoss_5_vs_5,100,0.0
706000,352,2026-05-25T03:18:33.155896,3.9721107482910156,1.8584758043289185,1.4484925270080566,8.128141403198242,qmix,smacv2,protoss_5_vs_5,100,0.0
708000,353,2026-05-25T03:21:08.389066,3.901193618774414,1.3785896301269531,1.8693468570709229,6.914572715759277,qmix,smacv2,protoss_5_vs_5,100,0.0
710000,354,2026-05-25T03:23:45.964709,4.493529796600342,2.171764373779297,0.8442211151123047,11.543970108032227,qmix,smacv2,protoss_5_vs_5,100,0.0
712000,355,2026-05-25T03:26:25.888940,4.261746406555176,2.2507429122924805,0.7839195728302002,9.59924602508545,qmix,smacv2,protoss_5_vs_5,100,0.0
714000,356,2026-05-25T03:29:06.738985,4.221482753753662,2.2301464080810547,1.1356784105300903,9.683416366577148,qmix,smacv2,protoss_5_vs_5,100,0.0
716000,357,2026-05-25T03:31:46.674150,4.427198886871338,2.090603828430176,1.8731155395507812,10.331658363342285,qmix,smacv2,protoss_5_vs_5,100,0.0
718000,358,2026-05-25T03:34:28.805149,4.039007663726807,1.999082088470459,1.2437186241149902,8.129396438598633,qmix,smacv2,protoss_5_vs_5,100,0.0
720000,359,2026-05-25T03:37:10.555214,3.606595277786255,1.4599409103393555,1.2060301303863525,6.35175895690918,qmix,smacv2,protoss_5_vs_5,100,0.0
722000,360,2026-05-25T03:39:52.577768,4.358354091644287,1.2550737857818604,2.1407036781311035,7.386934757232666,qmix,smacv2,protoss_5_vs_5,100,0.0
724000,361,2026-05-25T03:42:36.479205,4.093216419219971,1.7011291980743408,2.065326690673828,7.883164882659912,qmix,smacv2,protoss_5_vs_5,100,0.0
726000,362,2026-05-25T03:45:20.938218,5.417211532592773,2.4175286293029785,1.5062813758850098,11.84924602508545,qmix,smacv2,protoss_5_vs_5,100,0.05000000074505806
728000,363,2026-05-25T03:48:04.839407,4.515389442443848,1.352782964706421,2.4798996448516846,7.459799289703369,qmix,smacv2,protoss_5_vs_5,100,0.0
730000,364,2026-05-25T03:50:45.847258,3.7908921241760254,1.6176047325134277,1.298995018005371,7.304019927978516,qmix,smacv2,protoss_5_vs_5,100,0.0
732000,365,2026-05-25T03:53:26.236809,4.489447593688965,1.3742759227752686,1.8492462635040283,6.8743720054626465,qmix,smacv2,protoss_5_vs_5,100,0.0
734000,366,2026-05-25T03:56:05.920538,5.3990583419799805,2.171734571456909,2.0100502967834473,9.762561798095703,qmix,smacv2,protoss_5_vs_5,100,0.0
736000,367,2026-05-25T03:58:46.812015,4.621105670928955,1.2961374521255493,2.2148239612579346,6.429647922515869,qmix,smacv2,protoss_5_vs_5,100,0.0
738000,368,2026-05-25T04:01:28.570335,3.9603641033172607,1.6439123153686523,1.266331672668457,7.14572811126709,qmix,smacv2,protoss_5_vs_5,100,0.0
740000,369,2026-05-25T04:04:11.726764,4.1222991943359375,1.367586374282837,1.9371858835220337,6.27135705947876,qmix,smacv2,protoss_5_vs_5,100,0.0
742000,370,2026-05-25T04:06:56.064984,4.414824485778809,1.6440070867538452,2.096733808517456,8.743719100952148,qmix,smacv2,protoss_5_vs_5,100,0.0
744000,371,2026-05-25T04:09:37.529500,3.83687162399292,2.465740919113159,1.3366835117340088,12.402009963989258,qmix,smacv2,protoss_5_vs_5,100,0.05000000074505806
746000,372,2026-05-25T04:12:19.462366,4.990954875946045,1.9162935018539429,1.7361810207366943,8.924623489379883,qmix,smacv2,protoss_5_vs_5,100,0.0
748000,373,2026-05-25T04:14:59.984594,4.4259419441223145,2.832151412963867,1.458542823791504,14.662060737609863,qmix,smacv2,protoss_5_vs_5,100,0.05000000074505806
750000,374,2026-05-25T04:17:36.155231,4.866520404815674,2.6329329013824463,1.5477386713027954,12.603014945983887,qmix,smacv2,protoss_5_vs_5,100,0.0
752000,375,2026-05-25T04:20:12.839181,5.527889251708984,2.524203300476074,1.2449748516082764,12.462311744689941,qmix,smacv2,protoss_5_vs_5,100,0.05000000074505806
754000,376,2026-05-25T04:22:48.237082,3.7976136207580566,2.2277543544769287,1.2110552787780762,11.467337608337402,qmix,smacv2,protoss_5_vs_5,100,0.0
756000,377,2026-05-25T04:25:23.665300,4.299560546875,2.2879326343536377,1.2587940692901611,8.934673309326172,qmix,smacv2,protoss_5_vs_5,100,0.0
758000,378,2026-05-25T04:27:58.437074,4.35973596572876,2.1318304538726807,0.5125628113746643,9.138191223144531,qmix,smacv2,protoss_5_vs_5,100,0.0
760000,379,2026-05-25T04:30:32.046717,4.696230888366699,2.4878811836242676,1.7374372482299805,11.29648208618164,qmix,smacv2,protoss_5_vs_5,100,0.0
762000,380,2026-05-25T04:32:59.522013,4.2363691329956055,2.3287887573242188,1.6268842220306396,9.628141403198242,qmix,smacv2,protoss_5_vs_5,100,0.0
764000,381,2026-05-25T04:35:32.227801,3.197110652923584,1.6073304414749146,0.7839195728302002,6.611809730529785,qmix,smacv2,protoss_5_vs_5,100,0.0
766000,382,2026-05-25T04:38:03.755905,4.481783866882324,2.077457904815674,1.0640703439712524,7.798995018005371,qmix,smacv2,protoss_5_vs_5,100,0.0
768000,383,2026-05-25T04:40:33.352031,4.2797112464904785,1.8450758457183838,1.684673547744751,9.988693237304688,qmix,smacv2,protoss_5_vs_5,100,0.0
770000,384,2026-05-25T04:42:57.952962,3.946294069290161,1.8899236917495728,1.3517587184906006,9.155778884887695,qmix,smacv2,protoss_5_vs_5,100,0.0
772000,385,2026-05-25T04:45:28.576494,4.558417320251465,2.280733823776245,2.211055278778076,10.832914352416992,qmix,smacv2,protoss_5_vs_5,100,0.0
774000,386,2026-05-25T04:48:00.981559,4.938693046569824,2.6041173934936523,1.1155779361724854,11.729899406433105,qmix,smacv2,protoss_5_vs_5,100,0.0
776000,387,2026-05-25T04:50:34.685068,4.400816917419434,1.9202960729599,1.0741206407546997,8.757538795471191,qmix,smacv2,protoss_5_vs_5,100,0.0
778000,388,2026-05-25T04:53:07.688037,4.921984672546387,1.4358835220336914,2.329145669937134,8.44221019744873,qmix,smacv2,protoss_5_vs_5,100,0.0
780000,389,2026-05-25T04:56:00.241277,3.8055903911590576,2.332563877105713,0.8241206407546997,9.1356782913208,qmix,smacv2,protoss_5_vs_5,100,0.0
782000,390,2026-05-25T04:58:27.817209,3.6362433433532715,1.7533677816390991,1.6369346380233765,7.276381492614746,qmix,smacv2,protoss_5_vs_5,100,0.0
784000,391,2026-05-25T05:00:57.844405,3.813504695892334,2.0224223136901855,1.7286431789398193,9.306532859802246,qmix,smacv2,protoss_5_vs_5,100,0.0
786000,392,2026-05-25T05:03:28.255380,4.045037746429443,1.8530192375183105,0.7097989916801453,7.482412815093994,qmix,smacv2,protoss_5_vs_5,100,0.0
788000,393,2026-05-25T05:06:00.385047,4.659799098968506,2.160472869873047,2.121859312057495,8.8643217086792,qmix,smacv2,protoss_5_vs_5,100,0.0
790000,394,2026-05-25T05:08:32.532821,4.306281089782715,1.7361005544662476,1.6017587184906006,7.821608066558838,qmix,smacv2,protoss_5_vs_5,100,0.0
792000,395,2026-05-25T05:11:05.979329,4.045100212097168,1.8751411437988281,2.025125741958618,9.822864532470703,qmix,smacv2,protoss_5_vs_5,100,0.0
794000,396,2026-05-25T05:13:39.937691,4.8380656242370605,1.8938926458358765,1.8354270458221436,8.353014945983887,qmix,smacv2,protoss_5_vs_5,100,0.0
796000,397,2026-05-25T05:16:13.130926,4.451632976531982,1.6907750368118286,2.339195966720581,8.314069747924805,qmix,smacv2,protoss_5_vs_5,100,0.0
798000,398,2026-05-25T05:18:49.441644,4.552073001861572,2.727871894836426,1.6469848155975342,12.518844604492188,qmix,smacv2,protoss_5_vs_5,100,0.05000000074505806
800000,399,2026-05-25T05:21:25.118022,5.075690269470215,1.90859854221344,2.434673309326172,9.570351600646973,qmix,smacv2,protoss_5_vs_5,100,0.0
802000,400,2026-05-25T05:23:59.417290,4.1082916259765625,1.3595726490020752,1.7889446020126343,6.419597625732422,qmix,smacv2,protoss_5_vs_5,100,0.0
804000,401,2026-05-25T05:26:32.828825,3.8383166790008545,1.630200982093811,1.234924554824829,8.045225143432617,qmix,smacv2,protoss_5_vs_5,100,0.0
806000,402,2026-05-25T05:29:06.793680,3.845414400100708,1.7799829244613647,1.0653265714645386,8.914573669433594,qmix,smacv2,protoss_5_vs_5,100,0.0
808000,403,2026-05-25T05:31:38.688775,4.545163154602051,2.858578681945801,1.9120601415634155,14.301507949829102,qmix,smacv2,protoss_5_vs_5,100,0.05000000074505806
810000,404,2026-05-25T05:34:12.682364,5.234484672546387,2.660236120223999,2.2851758003234863,11.858040809631348,qmix,smacv2,protoss_5_vs_5,100,0.0
812000,405,2026-05-25T05:36:43.132818,4.56532621383667,1.7295851707458496,1.9296481609344482,7.591709136962891,qmix,smacv2,protoss_5_vs_5,100,0.0
814000,406,2026-05-25T05:39:11.583998,4.057538032531738,1.9170012474060059,1.8115577697753906,8.207286834716797,qmix,smacv2,protoss_5_vs_5,100,0.0
816000,407,2026-05-25T05:41:41.313125,4.08059024810791,1.758225917816162,1.9623113870620728,7.913316249847412,qmix,smacv2,protoss_5_vs_5,100,0.0
818000,408,2026-05-25T05:44:11.695809,3.974308729171753,1.92245614528656,1.9359296560287476,7.4271345138549805,qmix,smacv2,protoss_5_vs_5,100,0.0
820000,409,2026-05-25T05:46:40.025931,3.7013821601867676,1.4308922290802002,1.6381909847259521,7.968592643737793,qmix,smacv2,protoss_5_vs_5,100,0.0
822000,410,2026-05-25T05:49:10.001189,4.6017584800720215,1.7891745567321777,1.2650753259658813,7.564070224761963,qmix,smacv2,protoss_5_vs_5,100,0.0
824000,411,2026-05-25T05:51:38.766099,4.245351791381836,1.8096519708633423,1.4447236061096191,9.600502967834473,qmix,smacv2,protoss_5_vs_5,100,0.0
826000,412,2026-05-25T05:54:07.036052,4.097235679626465,2.1408941745758057,1.4974873065948486,9.055276870727539,qmix,smacv2,protoss_5_vs_5,100,0.0
828000,413,2026-05-25T05:56:35.653240,5.17129373550415,1.9328283071517944,2.2311556339263916,8.914572715759277,qmix,smacv2,protoss_5_vs_5,100,0.0
830000,414,2026-05-25T05:59:04.569591,4.575942039489746,1.8250844478607178,1.6017587184906006,8.241205215454102,qmix,smacv2,protoss_5_vs_5,100,0.0
832000,415,2026-05-25T06:01:33.197343,4.700439453125,1.6431387662887573,2.192211151123047,7.08919620513916,qmix,smacv2,protoss_5_vs_5,100,0.0
834000,416,2026-05-25T06:04:04.386402,3.4667716026306152,1.8730138540267944,1.1758793592453003,9.20603084564209,qmix,smacv2,protoss_5_vs_5,100,0.0
836000,417,2026-05-25T06:06:35.863209,3.781595230102539,1.690918207168579,1.125628113746643,6.680904388427734,qmix,smacv2,protoss_5_vs_5,100,0.0
838000,418,2026-05-25T06:09:06.392150,4.644472122192383,1.743783950805664,2.291457176208496,8.271356582641602,qmix,smacv2,protoss_5_vs_5,100,0.0
840000,419,2026-05-25T06:11:35.193303,4.6396989822387695,2.011338949203491,2.329145669937134,9.959798812866211,qmix,smacv2,protoss_5_vs_5,100,0.0
842000,420,2026-05-25T06:14:03.624456,4.0361809730529785,1.514662504196167,2.1972360610961914,7.920854091644287,qmix,smacv2,protoss_5_vs_5,100,0.0
844000,421,2026-05-25T06:16:34.645180,4.906030178070068,1.9596751928329468,1.992462396621704,7.798995018005371,qmix,smacv2,protoss_5_vs_5,100,0.0
846000,422,2026-05-25T06:19:04.869057,3.730778455734253,1.8423057794570923,1.346733570098877,8.301507949829102,qmix,smacv2,protoss_5_vs_5,100,0.0
848000,423,2026-05-25T06:21:37.647272,4.2042717933654785,2.3822596073150635,1.8605527877807617,11.304019927978516,qmix,smacv2,protoss_5_vs_5,100,0.0
850000,424,2026-05-25T06:24:11.973017,3.6321606636047363,1.569177269935608,1.246231198310852,6.874371528625488,qmix,smacv2,protoss_5_vs_5,100,0.0
852000,425,2026-05-25T06:26:44.791595,3.884108304977417,1.7713769674301147,1.6080400943756104,7.496232032775879,qmix,smacv2,protoss_5_vs_5,100,0.0
854000,426,2026-05-25T06:29:18.289762,3.5105528831481934,1.0795331001281738,1.5552763938903809,6.532662868499756,qmix,smacv2,protoss_5_vs_5,100,0.0
856000,427,2026-05-25T06:31:53.085877,4.329020023345947,2.070344924926758,1.085427165031433,9.462311744689941,qmix,smacv2,protoss_5_vs_5,100,0.0
858000,428,2026-05-25T06:34:36.931864,3.8051505088806152,1.9679392576217651,1.6746231317520142,10.152009963989258,qmix,smacv2,protoss_5_vs_5,100,0.0
860000,429,2026-05-25T06:37:13.154399,4.015578269958496,2.1847095489501953,1.6482412815093994,10.12060260772705,qmix,smacv2,protoss_5_vs_5,100,0.0
862000,430,2026-05-25T06:39:47.950722,4.092148780822754,1.0891475677490234,2.113065242767334,6.603014945983887,qmix,smacv2,protoss_5_vs_5,100,0.0
864000,431,2026-05-25T06:42:26.028259,5.459735870361328,2.1560347080230713,1.6570351123809814,8.653265953063965,qmix,smacv2,protoss_5_vs_5,100,0.0
866000,432,2026-05-25T06:45:02.317523,3.9048995971679688,1.4093958139419556,1.8793970346450806,6.739949703216553,qmix,smacv2,protoss_5_vs_5,100,0.0
868000,433,2026-05-25T06:47:40.092402,4.468718528747559,2.243690013885498,1.322864294052124,10.432161331176758,qmix,smacv2,protoss_5_vs_5,100,0.0
870000,434,2026-05-25T06:50:16.947464,3.8060302734375,1.5444172620773315,1.7437187433242798,8.164572715759277,qmix,smacv2,protoss_5_vs_5,100,0.0
872000,435,2026-05-25T06:52:53.793834,3.5887560844421387,1.8484588861465454,1.0050251483917236,8.331658363342285,qmix,smacv2,protoss_5_vs_5,100,0.0
874000,436,2026-05-25T06:55:27.706778,4.428769111633301,1.6588547229766846,1.6180903911590576,7.258793830871582,qmix,smacv2,protoss_5_vs_5,100,0.0
876000,437,2026-05-25T06:58:01.250790,3.841017961502075,1.7237441539764404,1.1419597864151,7.7386932373046875,qmix,smacv2,protoss_5_vs_5,100,0.0
878000,438,2026-05-25T07:00:35.035706,4.241519927978516,2.375969409942627,1.6796481609344482,10.552762985229492,qmix,smacv2,protoss_5_vs_5,100,0.0
880000,439,2026-05-25T07:03:07.857338,4.3929643630981445,1.8160666227340698,1.1105526685714722,8.179647445678711,qmix,smacv2,protoss_5_vs_5,100,0.0
882000,440,2026-05-25T07:05:41.447459,4.136997222900391,1.4635531902313232,2.0351758003234863,6.912060737609863,qmix,smacv2,protoss_5_vs_5,100,0.0
884000,441,2026-05-25T07:08:15.691890,3.698869228363037,2.504664659500122,1.2047737836837769,11.768842697143555,qmix,smacv2,protoss_5_vs_5,100,0.0
886000,442,2026-05-25T07:10:51.685812,3.693718433380127,1.5976883172988892,1.6080402135849,7.0376877784729,qmix,smacv2,protoss_5_vs_5,100,0.0
888000,443,2026-05-25T07:13:26.815493,4.842400074005127,2.9060258865356445,1.9987436532974243,14.126886367797852,qmix,smacv2,protoss_5_vs_5,100,0.05000000074505806
890000,444,2026-05-25T07:16:02.833273,4.779271125793457,2.3163435459136963,1.2273869514465332,10.452260971069336,qmix,smacv2,protoss_5_vs_5,100,0.0
892000,445,2026-05-25T07:18:37.121589,3.4728012084960938,1.9887604713439941,1.3844220638275146,8.221105575561523,qmix,smacv2,protoss_5_vs_5,100,0.0
894000,446,2026-05-25T07:21:14.805167,3.4848618507385254,2.2260615825653076,1.4070351123809814,8.531407356262207,qmix,smacv2,protoss_5_vs_5,100,0.0
896000,447,2026-05-25T07:23:51.016987,3.5589828491210938,2.226879835128784,0.7839195728302002,9.216080665588379,qmix,smacv2,protoss_5_vs_5,100,0.0
898000,448,2026-05-25T07:26:29.942920,3.7461681365966797,1.552146315574646,1.2964824438095093,7.095477104187012,qmix,smacv2,protoss_5_vs_5,100,0.0
900000,449,2026-05-25T07:29:10.067543,4.178391456604004,2.057352066040039,1.3756279945373535,7.7223615646362305,qmix,smacv2,protoss_5_vs_5,100,0.0
902000,450,2026-05-25T07:31:52.682765,3.440891981124878,1.9393996000289917,0.5226130485534668,7.613065242767334,qmix,smacv2,protoss_5_vs_5,100,0.0
904000,451,2026-05-25T07:34:33.269938,3.941645860671997,1.7593053579330444,0.9924622774124146,7.692211151123047,qmix,smacv2,protoss_5_vs_5,100,0.0
906000,452,2026-05-25T07:37:18.298608,3.6570351123809814,1.755863904953003,1.4170854091644287,9.079144477844238,qmix,smacv2,protoss_5_vs_5,100,0.0
908000,453,2026-05-25T07:40:04.984441,4.493655681610107,2.4819178581237793,0.7839195728302002,12.55904483795166,qmix,smacv2,protoss_5_vs_5,100,0.0
910000,454,2026-05-25T07:42:51.131885,3.451507091522217,1.9873967170715332,1.4773869514465332,7.748744010925293,qmix,smacv2,protoss_5_vs_5,100,0.0
912000,455,2026-05-25T07:45:36.543611,4.230904579162598,2.9155967235565186,1.7688442468643188,14.570350646972656,qmix,smacv2,protoss_5_vs_5,100,0.05000000074505806
914000,456,2026-05-25T07:48:17.946469,3.9625625610351562,1.7532095909118652,1.9698489904403687,7.751255989074707,qmix,smacv2,protoss_5_vs_5,100,0.0
916000,457,2026-05-25T07:51:01.834512,4.075502395629883,2.1726818084716797,1.1507537364959717,8.810302734375,qmix,smacv2,protoss_5_vs_5,100,0.0
918000,458,2026-05-25T07:53:41.612205,4.007663249969482,1.6306599378585815,0.713567852973938,6.271356582641602,qmix,smacv2,protoss_5_vs_5,100,0.0
920000,459,2026-05-25T07:56:25.158631,3.5407040119171143,1.433689832687378,1.6532663106918335,6.150753498077393,qmix,smacv2,protoss_5_vs_5,100,0.0
922000,460,2026-05-25T07:59:06.719141,4.7939066886901855,2.160414218902588,1.9736179113388062,12.100502014160156,qmix,smacv2,protoss_5_vs_5,100,0.05000000074505806
924000,461,2026-05-25T08:01:48.542770,4.21934700012207,2.064025640487671,1.6344220638275146,10.229900360107422,qmix,smacv2,protoss_5_vs_5,100,0.0
926000,462,2026-05-25T08:04:26.681560,3.362311601638794,1.0176769495010376,1.7437187433242798,6.020099639892578,qmix,smacv2,protoss_5_vs_5,100,0.0
928000,463,2026-05-25T08:07:09.267639,4.281909465789795,1.7525116205215454,1.9610553979873657,7.7876877784729,qmix,smacv2,protoss_5_vs_5,100,0.0
930000,464,2026-05-25T08:09:49.679491,4.779020309448242,2.5418386459350586,0.43216079473495483,11.007536888122559,qmix,smacv2,protoss_5_vs_5,100,0.0
932000,465,2026-05-25T08:12:27.598983,4.201381683349609,1.888378381729126,1.1557788848876953,8.755024909973145,qmix,smacv2,protoss_5_vs_5,100,0.0
934000,466,2026-05-25T08:15:06.236170,4.277637958526611,1.8320233821868896,2.168341636657715,9.085427284240723,qmix,smacv2,protoss_5_vs_5,100,0.0
936000,467,2026-05-25T08:17:44.562384,3.277009963989258,1.7836179733276367,0.7839195728302002,7.728642463684082,qmix,smacv2,protoss_5_vs_5,100,0.0
938000,468,2026-05-25T08:20:21.690092,3.687437057495117,2.1405551433563232,1.2236181497573853,8.723618507385254,qmix,smacv2,protoss_5_vs_5,100,0.0
940000,469,2026-05-25T08:22:55.637276,4.040012836456299,1.597978949546814,1.7399498224258423,6.76507568359375,qmix,smacv2,protoss_5_vs_5,100,0.0
942000,470,2026-05-25T08:25:31.125588,4.519158363342285,1.717374324798584,2.160804033279419,8.219849586486816,qmix,smacv2,protoss_5_vs_5,100,0.0
944000,471,2026-05-25T08:28:03.743663,3.708479642868042,2.181253671646118,0.9585426449775696,9.474875450134277,qmix,smacv2,protoss_5_vs_5,100,0.0
946000,472,2026-05-25T08:30:38.761843,4.034359455108643,1.53696608543396,1.6721105575561523,8.179648399353027,qmix,smacv2,protoss_5_vs_5,100,0.0
948000,473,2026-05-25T08:33:17.966862,4.161118507385254,2.0658326148986816,0.5590451955795288,8.261305809020996,qmix,smacv2,protoss_5_vs_5,100,0.0
950000,474,2026-05-25T08:35:45.856863,4.4586687088012695,2.376020669937134,0.9648240804672241,10.552763938903809,qmix,smacv2,protoss_5_vs_5,100,0.0
952000,475,2026-05-25T08:38:16.396145,4.510490417480469,1.7447067499160767,1.6884424686431885,9.296483039855957,qmix,smacv2,protoss_5_vs_5,100,0.0
954000,476,2026-05-25T08:40:45.365531,5.282978057861328,1.8374035358428955,1.8793967962265015,8.463568687438965,qmix,smacv2,protoss_5_vs_5,100,0.0
956000,477,2026-05-25T08:43:15.829610,4.30929708480835,2.780225992202759,1.281407117843628,13.597990036010742,qmix,smacv2,protoss_5_vs_5,100,0.0
958000,478,2026-05-25T08:45:42.874250,5.159359455108643,2.5946736335754395,2.1168341636657715,14.170854568481445,qmix,smacv2,protoss_5_vs_5,100,0.05000000074505806
960000,479,2026-05-25T08:48:11.943245,4.017022609710693,2.2217321395874023,1.3354270458221436,11.679648399353027,qmix,smacv2,protoss_5_vs_5,100,0.0
962000,480,2026-05-25T08:50:39.776685,4.634861946105957,1.8155945539474487,2.017587900161743,8.16080379486084,qmix,smacv2,protoss_5_vs_5,100,0.0
964000,481,2026-05-25T08:53:07.620346,4.4640703201293945,1.9097521305084229,2.385678291320801,9.860553741455078,qmix,smacv2,protoss_5_vs_5,100,0.0
966000,482,2026-05-25T08:55:35.452944,3.6537060737609863,1.6900405883789062,1.7185930013656616,8.031407356262207,qmix,smacv2,protoss_5_vs_5,100,0.0
968000,483,2026-05-25T08:58:01.496070,3.8842334747314453,2.3234453201293945,1.2550251483917236,10.010049819946289,qmix,smacv2,protoss_5_vs_5,100,0.0
970000,484,2026-05-25T09:00:29.429945,3.3256278038024902,1.365787148475647,1.5552762746810913,6.623115539550781,qmix,smacv2,protoss_5_vs_5,100,0.0
972000,485,2026-05-25T09:02:56.859493,4.461180686950684,2.2035014629364014,1.8492462635040283,8.986181259155273,qmix,smacv2,protoss_5_vs_5,100,0.0
974000,486,2026-05-25T09:05:23.736306,3.4270100593566895,1.1806708574295044,1.3844220638275146,5.238694190979004,qmix,smacv2,protoss_5_vs_5,100,0.0
976000,487,2026-05-25T09:07:51.669681,4.04874324798584,1.844780445098877,0.6293969750404358,8.452260971069336,qmix,smacv2,protoss_5_vs_5,100,0.0
978000,488,2026-05-25T09:10:22.267193,4.223931789398193,1.9071882963180542,1.0552763938903809,7.738694190979004,qmix,smacv2,protoss_5_vs_5,100,0.0
980000,489,2026-05-25T09:12:51.133752,4.110489845275879,1.5886176824569702,1.012562870979309,6.907034873962402,qmix,smacv2,protoss_5_vs_5,100,0.0
982000,490,2026-05-25T09:15:20.586973,3.845665693283081,1.8614176511764526,1.3768843412399292,8.040201187133789,qmix,smacv2,protoss_5_vs_5,100,0.0
984000,491,2026-05-25T09:17:51.134625,3.4527010917663574,2.1414570808410645,1.1633166074752808,8.207286834716797,qmix,smacv2,protoss_5_vs_5,100,0.0
986000,492,2026-05-25T09:20:18.822495,4.188567638397217,2.1105997562408447,1.0552763938903809,8.742463111877441,qmix,smacv2,protoss_5_vs_5,100,0.0
988000,493,2026-05-25T09:22:49.668457,4.088379383087158,2.138277530670166,1.3605526685714722,8.914572715759277,qmix,smacv2,protoss_5_vs_5,100,0.0
990000,494,2026-05-25T09:25:20.928057,3.399811267852783,1.7325177192687988,0.8241206407546997,7.532662868499756,qmix,smacv2,protoss_5_vs_5,100,0.0
992000,495,2026-05-25T09:27:51.862325,2.94189715385437,1.6186388731002808,1.2562813758850098,7.028893947601318,qmix,smacv2,protoss_5_vs_5,100,0.0
994000,496,2026-05-25T09:30:24.374192,4.1902008056640625,2.140254497528076,1.427135705947876,9.405778884887695,qmix,smacv2,protoss_5_vs_5,100,0.0
996000,497,2026-05-25T09:32:56.284254,4.300251483917236,2.052858591079712,2.0,10.943467140197754,qmix,smacv2,protoss_5_vs_5,100,0.0
998000,498,2026-05-25T09:35:29.960925,4.94974946975708,3.441486120223999,2.081658363342285,14.592966079711914,qmix,smacv2,protoss_5_vs_5,100,0.10000000149011612
1000000,499,2026-05-25T09:38:05.652129,3.5854904651641846,1.517719030380249,1.4057788848876953,5.869347095489502,qmix,smacv2,protoss_5_vs_5,100,0.0
1002000,500,2026-05-25T09:40:43.316400,3.292022228240967,1.7858037948608398,0.7713567018508911,7.477387428283691,qmix,smacv2,protoss_5_vs_5,100,0.0
1004000,501,2026-05-25T09:43:25.064946,3.7234299182891846,1.6435861587524414,1.1419597864151,6.757537841796875,qmix,smacv2,protoss_5_vs_5,100,0.0
1006000,502,2026-05-25T09:46:05.548974,4.50232458114624,1.526107668876648,2.0703518390655518,7.276381492614746,qmix,smacv2,protoss_5_vs_5,100,0.0
1008000,503,2026-05-25T09:48:46.523757,3.9701638221740723,2.506734848022461,1.443467378616333,11.124371528625488,qmix,smacv2,protoss_5_vs_5,100,0.0
1010000,504,2026-05-25T09:51:30.156898,3.5702261924743652,1.895200252532959,1.0829145908355713,8.33668327331543,qmix,smacv2,protoss_5_vs_5,100,0.0
1012000,505,2026-05-25T09:54:13.983873,3.495037794113159,1.576828122138977,1.3467336893081665,6.934674263000488,qmix,smacv2,protoss_5_vs_5,100,0.0
1014000,506,2026-05-25T09:57:01.642037,3.718907117843628,1.684410572052002,1.8165829181671143,8.619346618652344,qmix,smacv2,protoss_5_vs_5,100,0.0
1016000,507,2026-05-25T09:59:47.369373,3.792839527130127,2.653576374053955,0.6520100235939026,12.361808776855469,qmix,smacv2,protoss_5_vs_5,100,0.05000000074505806
1018000,508,2026-05-25T10:02:23.045708,4.051569938659668,1.750622272491455,2.2801506519317627,8.46859359741211,qmix,smacv2,protoss_5_vs_5,100,0.0
1020000,509,2026-05-25T10:05:00.088197,3.849560260772705,2.2005977630615234,1.2261306047439575,8.41080379486084,qmix,smacv2,protoss_5_vs_5,100,0.0
1022000,510,2026-05-25T10:07:38.133258,4.329962730407715,2.5855801105499268,1.1658291816711426,11.556533813476562,qmix,smacv2,protoss_5_vs_5,100,0.0
1024000,511,2026-05-25T10:10:15.367475,3.891080379486084,2.2265162467956543,1.7688442468643188,10.301507949829102,qmix,smacv2,protoss_5_vs_5,100,0.0
1026000,512,2026-05-25T10:12:53.621728,3.328831434249878,1.3932210206985474,1.1130653619766235,5.989950180053711,qmix,smacv2,protoss_5_vs_5,100,0.0
1028000,513,2026-05-25T10:15:36.303548,3.8487439155578613,1.7662853002548218,1.6080402135849,8.874372482299805,qmix,smacv2,protoss_5_vs_5,100,0.0
1030000,514,2026-05-25T10:18:22.869559,4.238002300262451,2.424010992050171,1.201004981994629,9.447236061096191,qmix,smacv2,protoss_5_vs_5,100,0.0
1032000,515,2026-05-25T10:21:07.811406,3.7835426330566406,1.7079389095306396,0.29145729541778564,7.543969631195068,qmix,smacv2,protoss_5_vs_5,100,0.0
1034000,516,2026-05-25T10:23:54.442713,4.239949703216553,1.9465138912200928,0.7035175561904907,7.216080665588379,qmix,smacv2,protoss_5_vs_5,100,0.0
1036000,517,2026-05-25T10:26:48.803201,3.834233522415161,1.757576584815979,0.6633166074752808,8.054019927978516,qmix,smacv2,protoss_5_vs_5,100,0.0
1038000,518,2026-05-25T10:29:29.779085,3.035489797592163,1.7889118194580078,1.7160804271697998,9.869346618652344,qmix,smacv2,protoss_5_vs_5,100,0.0
1040000,519,2026-05-25T10:32:32.068410,4.48687219619751,2.5756051540374756,1.494974970817566,11.40075397491455,qmix,smacv2,protoss_5_vs_5,100,0.0
1042000,520,2026-05-25T10:35:03.961607,2.886934757232666,1.7675672769546509,0.6532663106918335,7.625628471374512,qmix,smacv2,protoss_5_vs_5,100,0.0
1044000,521,2026-05-25T10:37:39.269689,4.167336940765381,2.6764395236968994,0.8040200471878052,8.874371528625488,qmix,smacv2,protoss_5_vs_5,100,0.0
1046000,522,2026-05-25T10:40:12.356433,4.727889060974121,2.3229739665985107,0.9522612690925598,10.291457176208496,qmix,smacv2,protoss_5_vs_5,100,0.0
1048000,523,2026-05-25T10:42:47.615512,4.462248802185059,1.960126280784607,1.7537686824798584,10.64321517944336,qmix,smacv2,protoss_5_vs_5,100,0.0
1050000,524,2026-05-25T10:45:21.915860,4.021294116973877,1.4627771377563477,1.266331672668457,7.922110557556152,qmix,smacv2,protoss_5_vs_5,100,0.0
1052000,525,2026-05-25T10:47:55.794789,4.194723606109619,1.7188608646392822,1.923366904258728,9.45351791381836,qmix,smacv2,protoss_5_vs_5,100,0.0
1054000,526,2026-05-25T10:50:27.043098,4.573869228363037,1.8693455457687378,1.7185930013656616,8.572864532470703,qmix,smacv2,protoss_5_vs_5,100,0.0
1056000,527,2026-05-25T10:52:59.356083,4.203957557678223,1.6811386346817017,1.6193468570709229,7.88065242767334,qmix,smacv2,protoss_5_vs_5,100,0.0
1058000,528,2026-05-25T10:55:31.339457,4.763693809509277,2.1965081691741943,1.5263819694519043,7.859295845031738,qmix,smacv2,protoss_5_vs_5,100,0.0
1060000,529,2026-05-25T10:58:01.667939,4.170100688934326,1.928173303604126,1.6080402135849,8.100502967834473,qmix,smacv2,protoss_5_vs_5,100,0.0
1062000,530,2026-05-25T11:00:34.507255,4.753140926361084,2.1322450637817383,1.5351759195327759,10.330402374267578,qmix,smacv2,protoss_5_vs_5,100,0.0
1064000,531,2026-05-25T11:03:07.346800,4.124874591827393,2.0670077800750732,1.6080402135849,9.417086601257324,qmix,smacv2,protoss_5_vs_5,100,0.0
1066000,532,2026-05-25T11:05:37.793487,3.5901379585266113,2.442214250564575,0.8643215894699097,10.884422302246094,qmix,smacv2,protoss_5_vs_5,100,0.0
1068000,533,2026-05-25T11:08:10.328934,2.990200996398926,1.9456377029418945,0.7236180901527405,7.459799289703369,qmix,smacv2,protoss_5_vs_5,100,0.0
1070000,534,2026-05-25T11:10:38.442848,3.9181532859802246,1.7456614971160889,1.4497487545013428,7.095477104187012,qmix,smacv2,protoss_5_vs_5,100,0.0
1072000,535,2026-05-25T11:13:09.642372,3.5948493480682373,2.09958815574646,0.36180904507637024,8.315326690673828,qmix,smacv2,protoss_5_vs_5,100,0.0
1074000,536,2026-05-25T11:15:40.631612,3.872173309326172,2.754173755645752,1.1419597864151,10.522612571716309,qmix,smacv2,protoss_5_vs_5,100,0.0
1076000,537,2026-05-25T11:18:11.722552,3.5688445568084717,1.5710361003875732,0.9321607351303101,6.976130485534668,qmix,smacv2,protoss_5_vs_5,100,0.0
1078000,538,2026-05-25T11:20:41.915755,3.750816822052002,2.2269504070281982,1.447236180305481,9.236181259155273,qmix,smacv2,protoss_5_vs_5,100,0.0
1080000,539,2026-05-25T11:23:15.325688,3.5880024433135986,1.3873777389526367,1.1180905103683472,6.50879430770874,qmix,smacv2,protoss_5_vs_5,100,0.0
1082000,540,2026-05-25T11:25:49.697359,4.157914638519287,1.7512184381484985,2.047738552093506,8.44346809387207,qmix,smacv2,protoss_5_vs_5,100,0.0
1084000,541,2026-05-25T11:28:23.224724,3.6191582679748535,1.2630106210708618,1.9660803079605103,5.868090629577637,qmix,smacv2,protoss_5_vs_5,100,0.0
1086000,542,2026-05-25T11:30:57.459605,4.077638149261475,1.6769074201583862,1.3869346380233765,6.530150413513184,qmix,smacv2,protoss_5_vs_5,100,0.0
1088000,543,2026-05-25T11:33:34.439337,4.5976762771606445,1.7898037433624268,2.6909546852111816,9.937185287475586,qmix,smacv2,protoss_5_vs_5,100,0.0
1090000,544,2026-05-25T11:36:11.988177,5.196671009063721,2.277827501296997,2.0703518390655518,10.452260971069336,qmix,smacv2,protoss_5_vs_5,100,0.0
1092000,545,2026-05-25T11:38:51.981289,3.9687187671661377,2.1122257709503174,1.0263819694519043,9.195980072021484,qmix,smacv2,protoss_5_vs_5,100,0.0
1094000,546,2026-05-25T11:41:31.488020,4.260615348815918,1.9855103492736816,1.4648240804672241,8.402009010314941,qmix,smacv2,protoss_5_vs_5,100,0.0
1096000,547,2026-05-25T11:44:11.067301,3.660301923751831,1.7399654388427734,1.3693467378616333,7.4572858810424805,qmix,smacv2,protoss_5_vs_5,100,0.0
1098000,548,2026-05-25T11:46:49.919880,4.653706073760986,2.0681867599487305,1.503768801689148,8.623115539550781,qmix,smacv2,protoss_5_vs_5,100,0.0
1100000,549,2026-05-25T11:49:24.745641,3.573115587234497,1.7753410339355469,1.1331658363342285,7.613065242767334,qmix,smacv2,protoss_5_vs_5,100,0.0
1102000,550,2026-05-25T11:52:00.962732,3.7317843437194824,1.882127046585083,1.5226131677627563,8.18844223022461,qmix,smacv2,protoss_5_vs_5,100,0.0
1104000,551,2026-05-25T11:54:35.773922,4.137814044952393,2.4401016235351562,0.7839195728302002,10.743719100952148,qmix,smacv2,protoss_5_vs_5,100,0.0
1106000,552,2026-05-25T11:57:09.300835,3.444974899291992,1.8371095657348633,1.1155779361724854,7.2311553955078125,qmix,smacv2,protoss_5_vs_5,100,0.0
1108000,553,2026-05-25T11:59:45.049520,4.084547996520996,2.040113925933838,1.293969988822937,8.335427284240723,qmix,smacv2,protoss_5_vs_5,100,0.0
1110000,554,2026-05-25T12:02:16.537150,2.820979595184326,2.0109496116638184,0.5427135825157166,9.33668327331543,qmix,smacv2,protoss_5_vs_5,100,0.0
1112000,555,2026-05-25T12:04:49.099091,3.5351128578186035,1.7043495178222656,1.3932161331176758,7.929647922515869,qmix,smacv2,protoss_5_vs_5,100,0.0
1114000,556,2026-05-25T12:07:20.105447,3.181532859802246,1.8211156129837036,1.085427165031433,6.954773902893066,qmix,smacv2,protoss_5_vs_5,100,0.0
1116000,557,2026-05-25T12:09:49.260510,3.720477342605591,1.7025712728500366,1.2123116254806519,6.145729064941406,qmix,smacv2,protoss_5_vs_5,100,0.0
1118000,558,2026-05-25T12:12:16.543844,3.9891960620880127,2.429516553878784,1.6645729541778564,12.16080379486084,qmix,smacv2,protoss_5_vs_5,100,0.05000000074505806
1120000,559,2026-05-25T12:14:43.563245,3.5027642250061035,1.666541337966919,1.3442211151123047,6.743718147277832,qmix,smacv2,protoss_5_vs_5,100,0.0
1122000,560,2026-05-25T12:17:10.716671,3.8315951824188232,1.9062162637710571,0.6846733689308167,7.767587184906006,qmix,smacv2,protoss_5_vs_5,100,0.0
1124000,561,2026-05-25T12:19:37.163848,3.0869975090026855,1.9855526685714722,1.1959799528121948,8.61683464050293,qmix,smacv2,protoss_5_vs_5,100,0.0
1126000,562,2026-05-25T12:22:02.012799,3.736809253692627,2.0627095699310303,1.293969750404358,9.548995018005371,qmix,smacv2,protoss_5_vs_5,100,0.0
1128000,563,2026-05-25T12:24:33.700655,2.8701632022857666,1.6990752220153809,0.0,6.634422302246094,qmix,smacv2,protoss_5_vs_5,100,0.0
1130000,564,2026-05-25T12:26:55.285761,3.8106160163879395,2.003284454345703,1.3203516006469727,8.202260971069336,qmix,smacv2,protoss_5_vs_5,100,0.0
1132000,565,2026-05-25T12:29:16.561107,2.8050248622894287,1.4941290616989136,0.8944723010063171,6.783919334411621,qmix,smacv2,protoss_5_vs_5,100,0.0
1134000,566,2026-05-25T12:31:42.149141,2.228517532348633,1.574530005455017,0.5427135825157166,7.065325736999512,qmix,smacv2,protoss_5_vs_5,100,0.0
1136000,567,2026-05-25T12:34:08.868906,3.625816822052002,1.7665276527404785,2.007537603378296,7.227386474609375,qmix,smacv2,protoss_5_vs_5,100,0.0
1138000,568,2026-05-25T12:36:37.813074,2.9152636528015137,1.3815054893493652,1.4811557531356812,6.943467140197754,qmix,smacv2,protoss_5_vs_5,100,0.0
1140000,569,2026-05-25T12:39:07.823001,2.5536434650421143,1.4553626775741577,0.9522613286972046,6.302763938903809,qmix,smacv2,protoss_5_vs_5,100,0.0
1142000,570,2026-05-25T12:41:38.212924,2.841583013534546,1.505702257156372,1.0263819694519043,7.015074729919434,qmix,smacv2,protoss_5_vs_5,100,0.0
1144000,571,2026-05-25T12:44:12.557893,3.783982515335083,1.5196493864059448,1.3266332149505615,7.5037689208984375,qmix,smacv2,protoss_5_vs_5,100,0.0
1146000,572,2026-05-25T12:46:44.307870,3.1733667850494385,1.7841018438339233,1.0766332149505615,7.066583156585693,qmix,smacv2,protoss_5_vs_5,100,0.0
1148000,573,2026-05-25T12:49:20.367450,4.100251197814941,2.124204397201538,1.3567838668823242,10.360552787780762,qmix,smacv2,protoss_5_vs_5,100,0.0
1150000,574,2026-05-25T12:51:57.060376,4.470602989196777,2.2465007305145264,1.7248742580413818,8.723617553710938,qmix,smacv2,protoss_5_vs_5,100,0.0
1152000,575,2026-05-25T12:54:35.366506,3.751570224761963,1.8277068138122559,0.9208542704582214,8.231156349182129,qmix,smacv2,protoss_5_vs_5,100,0.0
1154000,576,2026-05-25T12:57:15.997022,3.650376796722412,1.3040473461151123,1.7851759195327759,7.135678768157959,qmix,smacv2,protoss_5_vs_5,100,0.0
1156000,577,2026-05-25T12:59:56.436361,3.574434757232666,1.8887401819229126,1.0640703439712524,7.825376987457275,qmix,smacv2,protoss_5_vs_5,100,0.0
1158000,578,2026-05-25T13:02:39.801076,3.4900755882263184,1.8829309940338135,0.8743718266487122,8.608040809631348,qmix,smacv2,protoss_5_vs_5,100,0.0
1160000,579,2026-05-25T13:05:23.714878,3.740326404571533,1.8770266771316528,1.293969750404358,7.638191223144531,qmix,smacv2,protoss_5_vs_5,100,0.0
1162000,580,2026-05-25T13:08:06.982002,3.908480167388916,1.3873096704483032,1.4572864770889282,6.881909370422363,qmix,smacv2,protoss_5_vs_5,100,0.0
1164000,581,2026-05-25T13:10:48.112868,4.1871232986450195,2.3239336013793945,1.3592965602874756,8.82412052154541,qmix,smacv2,protoss_5_vs_5,100,0.0
1166000,582,2026-05-25T13:13:30.075184,3.4667086601257324,1.2062522172927856,1.0753768682479858,5.785175800323486,qmix,smacv2,protoss_5_vs_5,100,0.0
1168000,583,2026-05-25T13:16:12.934895,3.3292083740234375,1.354095697402954,1.536432147026062,7.908290863037109,qmix,smacv2,protoss_5_vs_5,100,0.0
1170000,584,2026-05-25T13:18:57.219327,3.0771985054016113,1.4797871112823486,0.996231198310852,7.084170341491699,qmix,smacv2,protoss_5_vs_5,100,0.0
1172000,585,2026-05-25T13:21:38.233366,3.7092337608337402,1.4980905055999756,1.4811557531356812,6.61306619644165,qmix,smacv2,protoss_5_vs_5,100,0.0
1174000,586,2026-05-25T13:24:19.522726,3.846419095993042,1.9510200023651123,0.5427135825157166,8.592964172363281,qmix,smacv2,protoss_5_vs_5,100,0.0
1176000,587,2026-05-25T13:27:00.608436,3.1998744010925293,1.7250299453735352,0.8919597864151001,7.507537841796875,qmix,smacv2,protoss_5_vs_5,100,0.0
1178000,588,2026-05-25T13:29:43.865261,4.333354949951172,1.5656272172927856,2.1582915782928467,7.654521942138672,qmix,smacv2,protoss_5_vs_5,100,0.0
1180000,589,2026-05-25T13:32:26.429971,3.326256275177002,2.0289390087127686,1.226130723953247,9.35427188873291,qmix,smacv2,protoss_5_vs_5,100,0.0
1182000,590,2026-05-25T13:35:08.466938,4.426947593688965,2.8875081539154053,0.9145728349685669,12.412059783935547,qmix,smacv2,protoss_5_vs_5,100,0.0
1184000,591,2026-05-25T13:37:47.629259,3.845163345336914,1.6341025829315186,1.4271355867385864,7.448492527008057,qmix,smacv2,protoss_5_vs_5,100,0.0
1186000,592,2026-05-25T13:40:26.485756,4.49007511138916,2.55535888671875,1.0452260971069336,9.787689208984375,qmix,smacv2,protoss_5_vs_5,100,0.0
1188000,593,2026-05-25T13:43:03.255836,3.3584799766540527,1.9139132499694824,1.3844221830368042,7.889447212219238,qmix,smacv2,protoss_5_vs_5,100,0.0
1190000,594,2026-05-25T13:45:37.322885,4.04610538482666,2.1448748111724854,1.5439698696136475,9.211055755615234,qmix,smacv2,protoss_5_vs_5,100,0.0
1192000,595,2026-05-25T13:48:10.468950,3.845477342605591,1.4974921941757202,0.8743718266487122,6.418341636657715,qmix,smacv2,protoss_5_vs_5,100,0.0
1194000,596,2026-05-25T13:50:44.527275,3.3805904388427734,1.6781550645828247,0.8944723010063171,6.615577697753906,qmix,smacv2,protoss_5_vs_5,100,0.0
1196000,597,2026-05-25T13:53:19.483016,3.926067352294922,1.7325055599212646,1.8467334508895874,8.439698219299316,qmix,smacv2,protoss_5_vs_5,100,0.0
1198000,598,2026-05-25T13:55:53.371239,3.7667717933654785,1.7617157697677612,0.9346734285354614,7.162060737609863,qmix,smacv2,protoss_5_vs_5,100,0.0
1200000,599,2026-05-25T13:58:28.667104,3.636369228363037,1.7520525455474854,1.5201003551483154,8.611808776855469,qmix,smacv2,protoss_5_vs_5,100,0.0
1202000,600,2026-05-25T14:01:01.619224,3.6896355152130127,2.1455116271972656,1.414572834968567,7.982411861419678,qmix,smacv2,protoss_5_vs_5,100,0.0
1204000,601,2026-05-25T14:03:33.625495,3.2383792400360107,1.4659830331802368,1.085427165031433,7.0427141189575195,qmix,smacv2,protoss_5_vs_5,100,0.0
1206000,602,2026-05-25T14:06:06.904172,3.7109923362731934,1.6471644639968872,1.104271411895752,6.7449750900268555,qmix,smacv2,protoss_5_vs_5,100,0.0
1208000,603,2026-05-25T14:08:39.091716,3.4356155395507812,1.5543936491012573,1.202261209487915,6.886934757232666,qmix,smacv2,protoss_5_vs_5,100,0.0
1210000,604,2026-05-25T14:11:12.139187,3.120540142059326,1.7610350847244263,0.9346733093261719,6.733667850494385,qmix,smacv2,protoss_5_vs_5,100,0.0
1212000,605,2026-05-25T14:13:46.058200,3.3807787895202637,1.3018213510513306,2.0100502967834473,7.295226097106934,qmix,smacv2,protoss_5_vs_5,100,0.0
1214000,606,2026-05-25T14:16:21.558074,2.3868720531463623,1.6657112836837769,0.6733668446540833,7.4886932373046875,qmix,smacv2,protoss_5_vs_5,100,0.0
1216000,607,2026-05-25T14:19:01.175170,3.9780776500701904,2.940178871154785,1.0552762746810913,10.241206169128418,qmix,smacv2,protoss_5_vs_5,100,0.0
1218000,608,2026-05-25T14:21:45.367964,3.8116207122802734,1.9285014867782593,1.071608066558838,7.807788848876953,qmix,smacv2,protoss_5_vs_5,100,0.0
1220000,609,2026-05-25T14:24:24.921232,2.952512502670288,0.9591478705406189,1.718592882156372,4.683416843414307,qmix,smacv2,protoss_5_vs_5,100,0.0
1222000,610,2026-05-25T14:27:07.473025,3.4645729064941406,1.895009160041809,1.1507537364959717,8.314070701599121,qmix,smacv2,protoss_5_vs_5,100,0.0
1224000,611,2026-05-25T14:29:51.316366,3.5675251483917236,1.92299222946167,0.623115599155426,8.584171295166016,qmix,smacv2,protoss_5_vs_5,100,0.0
1226000,612,2026-05-25T14:32:34.097406,3.606783628463745,1.3500525951385498,1.467336654663086,5.708542823791504,qmix,smacv2,protoss_5_vs_5,100,0.0
1228000,613,2026-05-25T14:35:18.456735,4.3487443923950195,2.159820556640625,1.3819094896316528,10.271356582641602,qmix,smacv2,protoss_5_vs_5,100,0.0
1230000,614,2026-05-25T14:38:00.790864,3.119032621383667,1.2103102207183838,1.0753768682479858,6.055276393890381,qmix,smacv2,protoss_5_vs_5,100,0.0
1232000,615,2026-05-25T14:40:45.538587,4.763190746307373,2.246711492538452,1.2763818502426147,10.231155395507812,qmix,smacv2,protoss_5_vs_5,100,0.0
1234000,616,2026-05-25T14:43:31.101282,3.685490131378174,2.230139970779419,1.1972360610961914,7.556532859802246,qmix,smacv2,protoss_5_vs_5,100,0.0
1236000,617,2026-05-25T14:46:10.911384,3.949371814727783,1.799346685409546,1.3668341636657715,7.628140449523926,qmix,smacv2,protoss_5_vs_5,100,0.0
1238000,618,2026-05-25T14:48:51.615529,2.799497365951538,1.3326317071914673,0.6557788848876953,6.216080188751221,qmix,smacv2,protoss_5_vs_5,100,0.0
1240000,619,2026-05-25T14:51:31.788069,4.376194000244141,1.791058897972107,1.6105525493621826,7.467337131500244,qmix,smacv2,protoss_5_vs_5,100,0.0
1242000,620,2026-05-25T14:54:12.245189,3.3297736644744873,1.7898502349853516,0.6344221234321594,8.330401420593262,qmix,smacv2,protoss_5_vs_5,100,0.0
1244000,621,2026-05-25T14:56:51.886869,3.6409544944763184,1.7690906524658203,0.8643215894699097,8.010049819946289,qmix,smacv2,protoss_5_vs_5,100,0.0
1246000,622,2026-05-25T14:59:30.465014,3.2633795738220215,1.9231462478637695,1.173366904258728,7.4572858810424805,qmix,smacv2,protoss_5_vs_5,100,0.0
1248000,623,2026-05-25T15:02:10.301835,4.018843650817871,1.894133448600769,1.266331672668457,8.291457176208496,qmix,smacv2,protoss_5_vs_5,100,0.0
1250000,624,2026-05-25T15:04:48.411415,4.335050106048584,2.2580368518829346,1.7110553979873657,11.688443183898926,qmix,smacv2,protoss_5_vs_5,100,0.0
1252000,625,2026-05-25T15:07:24.991383,4.288002967834473,2.2508363723754883,1.875628113746643,9.748743057250977,qmix,smacv2,protoss_5_vs_5,100,0.0
1254000,626,2026-05-25T15:10:03.383886,3.9303393363952637,2.162013053894043,1.2763819694519043,9.486180305480957,qmix,smacv2,protoss_5_vs_5,100,0.0
1256000,627,2026-05-25T15:12:39.336776,3.7648868560791016,2.0166637897491455,1.3165829181671143,7.747488498687744,qmix,smacv2,protoss_5_vs_5,100,0.0
1258000,628,2026-05-25T15:15:13.989746,4.252072811126709,1.8212132453918457,1.1067838668823242,7.7688446044921875,qmix,smacv2,protoss_5_vs_5,100,0.0
1260000,629,2026-05-25T15:17:50.743195,4.658668518066406,2.4384336471557617,1.4472360610961914,11.194724082946777,qmix,smacv2,protoss_5_vs_5,100,0.0
1262000,630,2026-05-25T15:20:25.399416,4.160490036010742,2.1242270469665527,1.3668341636657715,10.39572811126709,qmix,smacv2,protoss_5_vs_5,100,0.0
1264000,631,2026-05-25T15:23:01.820424,3.7263195514678955,1.369856357574463,1.390703558921814,6.412059783935547,qmix,smacv2,protoss_5_vs_5,100,0.0
1266000,632,2026-05-25T15:25:36.933073,4.133166313171387,1.863194465637207,1.125628113746643,8.552763938903809,qmix,smacv2,protoss_5_vs_5,100,0.0
1268000,633,2026-05-25T15:28:14.895948,4.525691032409668,2.2932591438293457,1.2160804271697998,10.442211151123047,qmix,smacv2,protoss_5_vs_5,100,0.0
1270000,634,2026-05-25T15:30:52.691143,4.462940216064453,1.8015092611312866,1.447236180305481,7.562813758850098,qmix,smacv2,protoss_5_vs_5,100,0.0
1272000,635,2026-05-25T15:33:33.479629,4.246168613433838,2.302046537399292,1.015075445175171,9.658291816711426,qmix,smacv2,protoss_5_vs_5,100,0.0
1274000,636,2026-05-25T15:36:10.452265,4.591771602630615,1.7560358047485352,1.5703518390655518,7.477387428283691,qmix,smacv2,protoss_5_vs_5,100,0.0
1276000,637,2026-05-25T15:38:49.860501,4.099937438964844,1.7111035585403442,1.1017587184906006,7.2675886154174805,qmix,smacv2,protoss_5_vs_5,100,0.0
1278000,638,2026-05-25T15:41:26.131446,3.0898241996765137,1.194875717163086,1.0037689208984375,5.326632976531982,qmix,smacv2,protoss_5_vs_5,100,0.0
1280000,639,2026-05-25T15:44:10.346767,4.008856773376465,1.8785083293914795,0.963567852973938,7.351759433746338,qmix,smacv2,protoss_5_vs_5,100,0.0
1282000,640,2026-05-25T15:46:54.116547,4.130967140197754,3.1144466400146484,1.7185930013656616,14.18090534210205,qmix,smacv2,protoss_5_vs_5,100,0.05000000074505806
1284000,641,2026-05-25T15:49:38.593064,2.9374372959136963,1.5248515605926514,1.0050251483917236,6.879396915435791,qmix,smacv2,protoss_5_vs_5,100,0.0
1286000,642,2026-05-25T15:52:23.772097,3.7706031799316406,1.8623511791229248,1.1432160139083862,8.20351791381836,qmix,smacv2,protoss_5_vs_5,100,0.0
1288000,643,2026-05-25T15:55:05.751435,4.839886665344238,2.2163333892822266,1.8844220638275146,11.032663345336914,qmix,smacv2,protoss_5_vs_5,100,0.0
1290000,644,2026-05-25T15:57:44.739825,3.5128140449523926,1.5822813510894775,1.3442211151123047,7.8592963218688965,qmix,smacv2,protoss_5_vs_5,100,0.0
1292000,645,2026-05-25T16:00:23.514312,3.8344223499298096,2.013969659805298,1.6080400943756104,8.874371528625488,qmix,smacv2,protoss_5_vs_5,100,0.0
1294000,646,2026-05-25T16:03:03.381012,3.8621230125427246,2.1978254318237305,1.0753768682479858,8.682160377502441,qmix,smacv2,protoss_5_vs_5,100,0.0
1296000,647,2026-05-25T16:05:42.379634,3.440640926361084,2.0108773708343506,0.9761306047439575,9.457286834716797,qmix,smacv2,protoss_5_vs_5,100,0.0
1298000,648,2026-05-25T16:08:18.057668,4.1238694190979,1.7812044620513916,1.4032663106918335,7.5879411697387695,qmix,smacv2,protoss_5_vs_5,100,0.0
1300000,649,2026-05-25T16:11:11.207041,3.5202889442443848,1.8620681762695312,0.7638190984725952,8.542713165283203,qmix,smacv2,protoss_5_vs_5,100,0.0
1302000,650,2026-05-25T16:13:36.031149,4.197110176086426,3.6695454120635986,0.6030150651931763,14.371859550476074,qmix,smacv2,protoss_5_vs_5,100,0.10000000149011612
1304000,651,2026-05-25T16:16:00.430115,3.413567304611206,2.4301490783691406,0.42211055755615234,8.743718147277832,qmix,smacv2,protoss_5_vs_5,100,0.0
1306000,652,2026-05-25T16:18:33.678766,3.6875,1.881978988647461,1.7148240804672241,9.708542823791504,qmix,smacv2,protoss_5_vs_5,100,0.0
1308000,653,2026-05-25T16:20:59.837069,3.2949118614196777,1.7594974040985107,1.1959798336029053,7.035175323486328,qmix,smacv2,protoss_5_vs_5,100,0.0
1310000,654,2026-05-25T16:23:25.452145,3.9062182903289795,2.584062099456787,0.9748743772506714,11.035176277160645,qmix,smacv2,protoss_5_vs_5,100,0.0
1312000,655,2026-05-25T16:25:54.277924,4.432663440704346,2.435748815536499,1.015075445175171,10.8944730758667,qmix,smacv2,protoss_5_vs_5,100,0.0
1314000,656,2026-05-25T16:28:19.862334,3.862499952316284,1.56987464427948,1.3077889680862427,6.087939262390137,qmix,smacv2,protoss_5_vs_5,100,0.0
1316000,657,2026-05-25T16:30:49.441349,4.626633167266846,2.272181987762451,1.7361809015274048,9.115577697753906,qmix,smacv2,protoss_5_vs_5,100,0.0
1318000,658,2026-05-25T16:33:19.544304,4.175000190734863,1.991136074066162,1.339195966720581,8.145729064941406,qmix,smacv2,protoss_5_vs_5,100,0.0
1320000,659,2026-05-25T16:35:53.222691,4.124560356140137,1.894463300704956,1.7047739028930664,7.388191223144531,qmix,smacv2,protoss_5_vs_5,100,0.0
1322000,660,2026-05-25T16:38:25.526510,3.6009418964385986,2.4697988033294678,1.4032663106918335,10.582915306091309,qmix,smacv2,protoss_5_vs_5,100,0.0
1324000,661,2026-05-25T16:40:59.423997,3.357600450515747,1.7543445825576782,0.8844221234321594,6.904522895812988,qmix,smacv2,protoss_5_vs_5,100,0.0
1326000,662,2026-05-25T16:43:35.042240,3.631532669067383,1.9513312578201294,1.5276381969451904,10.217336654663086,qmix,smacv2,protoss_5_vs_5,100,0.0
1328000,663,2026-05-25T16:46:09.982707,3.585615873336792,1.6127612590789795,1.286432147026062,7.484925270080566,qmix,smacv2,protoss_5_vs_5,100,0.0
1330000,664,2026-05-25T16:48:47.779190,3.8240573406219482,3.2003660202026367,1.105527639389038,16.472362518310547,qmix,smacv2,protoss_5_vs_5,100,0.05000000074505806
1332000,665,2026-05-25T16:51:22.723185,3.340766191482544,1.433227777481079,1.3969848155975342,6.736180782318115,qmix,smacv2,protoss_5_vs_5,100,0.0
1334000,666,2026-05-25T16:53:58.588106,3.7224247455596924,2.3528335094451904,0.9510049819946289,10.359295845031738,qmix,smacv2,protoss_5_vs_5,100,0.0
1336000,667,2026-05-25T16:56:36.832295,4.352010250091553,2.073786973953247,1.7386934757232666,11.496230125427246,qmix,smacv2,protoss_5_vs_5,100,0.0
1338000,668,2026-05-25T16:59:14.663510,4.0613694190979,1.9418823719024658,1.2135677337646484,8.238693237304688,qmix,smacv2,protoss_5_vs_5,100,0.0
1340000,669,2026-05-25T17:01:52.464911,3.4202258586883545,1.5000008344650269,0.6733668446540833,6.763818264007568,qmix,smacv2,protoss_5_vs_5,100,0.0
1342000,670,2026-05-25T17:04:30.085620,3.811683177947998,1.8330196142196655,1.5716079473495483,8.291457176208496,qmix,smacv2,protoss_5_vs_5,100,0.0
1344000,671,2026-05-25T17:07:08.133470,4.692086219787598,2.6892974376678467,0.6130653619766235,9.829146385192871,qmix,smacv2,protoss_5_vs_5,100,0.0
1346000,672,2026-05-25T17:09:47.541193,3.5689697265625,1.7144073247909546,1.3768844604492188,7.316582679748535,qmix,smacv2,protoss_5_vs_5,100,0.0
1348000,673,2026-05-25T17:12:24.572944,4.019723415374756,1.5488955974578857,2.0703516006469727,8.140704154968262,qmix,smacv2,protoss_5_vs_5,100,0.0
1350000,674,2026-05-25T17:15:03.347496,3.5505027770996094,1.6533088684082031,1.266331672668457,6.937185764312744,qmix,smacv2,protoss_5_vs_5,100,0.0
1352000,675,2026-05-25T17:17:41.136476,3.4618091583251953,1.7428137063980103,0.7236180901527405,7.4572858810424805,qmix,smacv2,protoss_5_vs_5,100,0.0
1354000,676,2026-05-25T17:20:18.151380,3.3212311267852783,1.7887166738510132,1.6469850540161133,9.873115539550781,qmix,smacv2,protoss_5_vs_5,100,0.0
1356000,677,2026-05-25T17:22:54.812272,4.397550582885742,1.976321816444397,1.616834282875061,8.253768920898438,qmix,smacv2,protoss_5_vs_5,100,0.0
1358000,678,2026-05-25T17:25:31.045544,3.9428391456604004,2.7446041107177734,1.4170854091644287,14.271356582641602,qmix,smacv2,protoss_5_vs_5,100,0.05000000074505806
1360000,679,2026-05-25T17:28:09.282620,3.921921968460083,2.2747769355773926,0.8530150651931763,10.492463111877441,qmix,smacv2,protoss_5_vs_5,100,0.0
1362000,680,2026-05-25T17:30:48.457438,4.887186050415039,2.2970080375671387,1.3894472122192383,9.84924602508545,qmix,smacv2,protoss_5_vs_5,100,0.0
1364000,681,2026-05-25T17:33:23.902470,3.837688446044922,1.6291537284851074,1.1670854091644287,8.130653381347656,qmix,smacv2,protoss_5_vs_5,100,0.0
1366000,682,2026-05-25T17:35:58.073737,3.3097987174987793,1.7984793186187744,1.1155779361724854,7.075376987457275,qmix,smacv2,protoss_5_vs_5,100,0.0
1368000,683,2026-05-25T17:38:33.278973,3.0833542346954346,1.603519320487976,1.036432147026062,7.413315773010254,qmix,smacv2,protoss_5_vs_5,100,0.0
1370000,684,2026-05-25T17:41:06.841345,3.173429250717163,1.7354501485824585,0.4522612988948822,6.776381492614746,qmix,smacv2,protoss_5_vs_5,100,0.0
1372000,685,2026-05-25T17:43:43.021104,3.974496841430664,1.6519604921340942,1.5175879001617432,9.131909370422363,qmix,smacv2,protoss_5_vs_5,100,0.0
1374000,686,2026-05-25T17:46:18.826269,3.7614948749542236,2.4710822105407715,1.0954773426055908,8.587940216064453,qmix,smacv2,protoss_5_vs_5,100,0.0
1376000,687,2026-05-25T17:48:55.377957,3.8468594551086426,1.6161868572235107,1.7876884937286377,6.6180901527404785,qmix,smacv2,protoss_5_vs_5,100,0.0
1378000,688,2026-05-25T17:51:34.030541,4.207788944244385,2.1022696495056152,1.4133166074752808,9.115577697753906,qmix,smacv2,protoss_5_vs_5,100,0.0
1380000,689,2026-05-25T17:54:14.309205,3.1559042930603027,1.406526803970337,1.6947234869003296,7.428391933441162,qmix,smacv2,protoss_5_vs_5,100,0.0
1382000,690,2026-05-25T17:56:50.790214,3.4260051250457764,1.3915376663208008,1.677135705947876,7.368090629577637,qmix,smacv2,protoss_5_vs_5,100,0.0
1384000,691,2026-05-25T17:59:30.868743,3.5714824199676514,2.4973034858703613,0.35175877809524536,12.702261924743652,qmix,smacv2,protoss_5_vs_5,100,0.0
1386000,692,2026-05-25T18:02:14.377035,3.780590534210205,1.6291502714157104,1.7110553979873657,8.281407356262207,qmix,smacv2,protoss_5_vs_5,100,0.0
1388000,693,2026-05-25T18:04:55.935819,2.4533920288085938,1.1747342348098755,0.9422110319137573,5.805276393890381,qmix,smacv2,protoss_5_vs_5,100,0.0
1390000,694,2026-05-25T18:07:37.016657,3.7573494911193848,1.9247833490371704,1.3467336893081665,6.954773902893066,qmix,smacv2,protoss_5_vs_5,100,0.0
1392000,695,2026-05-25T18:10:19.063281,2.726884365081787,1.556967854499817,0.5816582441329956,6.07160758972168,qmix,smacv2,protoss_5_vs_5,100,0.0
1394000,696,2026-05-25T18:13:02.962366,4.6814069747924805,1.9219027757644653,1.4572864770889282,7.536431789398193,qmix,smacv2,protoss_5_vs_5,100,0.0
1396000,697,2026-05-25T18:15:37.756359,4.108605861663818,2.778660297393799,1.1909548044204712,12.15075397491455,qmix,smacv2,protoss_5_vs_5,100,0.0
1398000,698,2026-05-25T18:18:10.749891,3.7531402111053467,2.6238651275634766,1.5841708183288574,12.329146385192871,qmix,smacv2,protoss_5_vs_5,100,0.05000000074505806
1400000,699,2026-05-25T18:20:43.441284,3.773115634918213,2.4384632110595703,1.3241205215454102,12.594221115112305,qmix,smacv2,protoss_5_vs_5,100,0.05000000074505806
1402000,700,2026-05-25T18:23:16.309053,3.2068469524383545,1.6629263162612915,1.0351758003234863,7.358039855957031,qmix,smacv2,protoss_5_vs_5,100,0.0
1404000,701,2026-05-25T18:25:50.610984,3.2677764892578125,1.757877230644226,0.6532663106918335,7.199748992919922,qmix,smacv2,protoss_5_vs_5,100,0.0
1406000,702,2026-05-25T18:28:24.850432,3.771984815597534,2.0840067863464355,0.9447236061096191,9.741207122802734,qmix,smacv2,protoss_5_vs_5,100,0.0
1408000,703,2026-05-25T18:30:56.602992,3.542964458465576,1.6159745454788208,1.4409546852111816,7.236181735992432,qmix,smacv2,protoss_5_vs_5,100,0.0
1410000,704,2026-05-25T18:33:30.874371,3.953329086303711,1.8567264080047607,1.5138190984725952,7.375628471374512,qmix,smacv2,protoss_5_vs_5,100,0.0
1412000,705,2026-05-25T18:36:03.374959,3.0084171295166016,1.4969761371612549,1.071608066558838,6.106783866882324,qmix,smacv2,protoss_5_vs_5,100,0.0
1414000,706,2026-05-25T18:38:33.682337,3.4918341636657715,1.7654982805252075,1.7386934757232666,8.5,qmix,smacv2,protoss_5_vs_5,100,0.0
1416000,707,2026-05-25T18:41:00.902780,3.273869276046753,1.6184821128845215,1.0766332149505615,6.159547805786133,qmix,smacv2,protoss_5_vs_5,100,0.0
1418000,708,2026-05-25T18:43:27.877629,2.9039571285247803,1.480586290359497,1.2964825630187988,6.8743720054626465,qmix,smacv2,protoss_5_vs_5,100,0.0
1420000,709,2026-05-25T18:45:55.987968,3.150879383087158,1.2458479404449463,1.4736181497573853,6.17839241027832,qmix,smacv2,protoss_5_vs_5,100,0.0
1422000,710,2026-05-25T18:48:21.559581,3.995100498199463,1.3379825353622437,1.5075377225875854,6.256281852722168,qmix,smacv2,protoss_5_vs_5,100,0.0
1424000,711,2026-05-25T18:50:47.605448,4.4974870681762695,1.8474373817443848,2.2236180305480957,8.905778884887695,qmix,smacv2,protoss_5_vs_5,100,0.0
1426000,712,2026-05-25T18:53:15.069660,4.177073001861572,1.788772463798523,1.1344221830368042,7.577889442443848,qmix,smacv2,protoss_5_vs_5,100,0.0
1428000,713,2026-05-25T18:55:44.405476,3.761180877685547,1.7655937671661377,1.6432158946990967,7.7386932373046875,qmix,smacv2,protoss_5_vs_5,100,0.0
1430000,714,2026-05-25T18:58:12.613468,3.8124375343322754,1.3757438659667969,1.5791456699371338,6.180904388427734,qmix,smacv2,protoss_5_vs_5,100,0.0
1432000,715,2026-05-25T19:00:37.863747,4.0844855308532715,1.955181360244751,1.7977386713027954,9.755025863647461,qmix,smacv2,protoss_5_vs_5,100,0.0
1434000,716,2026-05-25T19:03:04.256346,3.4082915782928467,1.3402506113052368,1.1746230125427246,6.1005024909973145,qmix,smacv2,protoss_5_vs_5,100,0.0
1436000,717,2026-05-25T19:05:32.570200,4.36871862411499,2.676781177520752,1.1934672594070435,10.096734046936035,qmix,smacv2,protoss_5_vs_5,100,0.0
1438000,718,2026-05-25T19:08:00.235852,3.371670961380005,1.8775962591171265,1.1758793592453003,9.207286834716797,qmix,smacv2,protoss_5_vs_5,100,0.0
1440000,719,2026-05-25T19:10:25.440947,3.9334797859191895,1.856531023979187,1.4773869514465332,8.396985054016113,qmix,smacv2,protoss_5_vs_5,100,0.0
1442000,720,2026-05-25T19:12:51.039843,3.8212311267852783,2.076526165008545,0.7437186241149902,8.458542823791504,qmix,smacv2,protoss_5_vs_5,100,0.0
1444000,721,2026-05-25T19:15:18.896867,3.6873745918273926,2.0101184844970703,0.643216073513031,7.92587947845459,qmix,smacv2,protoss_5_vs_5,100,0.0
1446000,722,2026-05-25T19:17:45.764775,4.230904579162598,1.9381089210510254,0.6532663106918335,8.84924602508545,qmix,smacv2,protoss_5_vs_5,100,0.0
1448000,723,2026-05-25T19:20:11.532868,3.624937057495117,1.4530712366104126,1.5376883745193481,6.198492050170898,qmix,smacv2,protoss_5_vs_5,100,0.0
1450000,724,2026-05-25T19:22:38.524533,3.545351505279541,1.4335675239562988,1.7286431789398193,7.256280422210693,qmix,smacv2,protoss_5_vs_5,100,0.0
1452000,725,2026-05-25T19:25:05.762480,2.555527925491333,1.0827516317367554,1.2160804271697998,5.788944721221924,qmix,smacv2,protoss_5_vs_5,100,0.0
1454000,726,2026-05-25T19:27:33.537111,3.641080141067505,1.8894565105438232,1.3329145908355713,8.231156349182129,qmix,smacv2,protoss_5_vs_5,100,0.0
1456000,727,2026-05-25T19:29:59.375152,3.9792087078094482,1.3830674886703491,1.6293967962265015,6.408291816711426,qmix,smacv2,protoss_5_vs_5,100,0.0
1458000,728,2026-05-25T19:32:23.901386,4.123618125915527,1.7518694400787354,1.5175879001617432,8.09045124053955,qmix,smacv2,protoss_5_vs_5,100,0.0
1460000,729,2026-05-25T19:34:50.126813,3.4013819694519043,1.9045406579971313,1.467336654663086,10.783919334411621,qmix,smacv2,protoss_5_vs_5,100,0.0
1462000,730,2026-05-25T19:37:16.992334,4.129961967468262,2.313324451446533,1.427135705947876,10.510049819946289,qmix,smacv2,protoss_5_vs_5,100,0.0
1464000,731,2026-05-25T19:39:42.956698,4.228768348693848,1.7698665857315063,1.153266429901123,7.72864294052124,qmix,smacv2,protoss_5_vs_5,100,0.0
1466000,732,2026-05-25T19:42:09.151496,2.9436557292938232,1.2237473726272583,1.1658291816711426,5.58668327331543,qmix,smacv2,protoss_5_vs_5,100,0.0
1468000,733,2026-05-25T19:44:34.028882,3.134359121322632,1.34427809715271,1.410804033279419,5.748743534088135,qmix,smacv2,protoss_5_vs_5,100,0.0
1470000,734,2026-05-25T19:46:59.673036,4.1407036781311035,1.83700430393219,1.105527639389038,7.613065242767334,qmix,smacv2,protoss_5_vs_5,100,0.0
1472000,735,2026-05-25T19:49:27.386532,3.7506282329559326,2.2358992099761963,1.3894472122192383,9.849246978759766,qmix,smacv2,protoss_5_vs_5,100,0.0
1474000,736,2026-05-25T19:51:54.035929,4.22581672668457,1.4735792875289917,1.1570351123809814,6.763818264007568,qmix,smacv2,protoss_5_vs_5,100,0.0
1476000,737,2026-05-25T19:54:19.645364,3.6702892780303955,2.1219468116760254,1.4384422302246094,8.271356582641602,qmix,smacv2,protoss_5_vs_5,100,0.0
1478000,738,2026-05-25T19:56:46.157402,4.471734046936035,2.7872989177703857,1.839195966720581,12.685929298400879,qmix,smacv2,protoss_5_vs_5,100,0.0
1480000,739,2026-05-25T19:59:10.097212,4.127826690673828,2.055163860321045,1.0816583633422852,7.879396915435791,qmix,smacv2,protoss_5_vs_5,100,0.0
1482000,740,2026-05-25T20:01:35.719985,3.8857414722442627,1.6603367328643799,1.5552765130996704,7.3756279945373535,qmix,smacv2,protoss_5_vs_5,100,0.0
1484000,741,2026-05-25T20:04:07.824257,3.3346107006073,1.3350365161895752,1.0753768682479858,6.706030368804932,qmix,smacv2,protoss_5_vs_5,100,0.0
1486000,742,2026-05-25T20:06:32.418689,4.578015327453613,1.8149720430374146,1.806532621383667,9.271356582641602,qmix,smacv2,protoss_5_vs_5,100,0.0
1488000,743,2026-05-25T20:08:58.980587,3.235929489135742,1.518701434135437,1.4371858835220337,6.82412052154541,qmix,smacv2,protoss_5_vs_5,100,0.0
1490000,744,2026-05-25T20:11:24.470098,4.007286548614502,1.7503658533096313,1.5050251483917236,9.407034873962402,qmix,smacv2,protoss_5_vs_5,100,0.0
1492000,745,2026-05-25T20:13:51.618302,3.550062894821167,1.2373088598251343,1.072864294052124,6.0,qmix,smacv2,protoss_5_vs_5,100,0.0
1494000,746,2026-05-25T20:16:19.260199,3.3291454315185547,1.727778434753418,0.8944724202156067,7.615577697753906,qmix,smacv2,protoss_5_vs_5,100,0.0
1496000,747,2026-05-25T20:18:49.689355,3.4716079235076904,2.210470199584961,1.253768801689148,8.8856782913208,qmix,smacv2,protoss_5_vs_5,100,0.0
1498000,748,2026-05-25T20:21:19.241479,3.6275124549865723,2.1800758838653564,1.1557788848876953,9.881909370422363,qmix,smacv2,protoss_5_vs_5,100,0.0
1500000,749,2026-05-25T20:23:48.564784,4.285552501678467,1.8632681369781494,1.1155778169631958,8.542713165283203,qmix,smacv2,protoss_5_vs_5,100,0.0
1502000,750,2026-05-25T20:26:20.029003,3.818718671798706,2.0553393363952637,1.427135705947876,8.713567733764648,qmix,smacv2,protoss_5_vs_5,100,0.0
1504000,751,2026-05-25T20:28:53.053599,4.066834449768066,2.2986176013946533,1.0967336893081665,9.005025863647461,qmix,smacv2,protoss_5_vs_5,100,0.0
1506000,752,2026-05-25T20:31:24.980262,4.5283918380737305,1.6630685329437256,2.741206169128418,9.94346809387207,qmix,smacv2,protoss_5_vs_5,100,0.0
1508000,753,2026-05-25T20:33:57.591094,5.372424125671387,2.977205753326416,1.4974874258041382,11.075376510620117,qmix,smacv2,protoss_5_vs_5,100,0.05000000074505806
1510000,754,2026-05-25T20:36:32.234668,4.598995685577393,1.9028420448303223,1.8693466186523438,9.68090534210205,qmix,smacv2,protoss_5_vs_5,100,0.0
1512000,755,2026-05-25T20:39:08.911879,3.625000476837158,1.5483297109603882,0.9447236061096191,7.327889442443848,qmix,smacv2,protoss_5_vs_5,100,0.0
1514000,756,2026-05-25T20:41:45.354103,4.628077983856201,2.2011327743530273,2.1557788848876953,12.268843650817871,qmix,smacv2,protoss_5_vs_5,100,0.05000000074505806
1516000,757,2026-05-25T20:44:21.837621,3.2576003074645996,1.728507399559021,1.4296482801437378,8.755024909973145,qmix,smacv2,protoss_5_vs_5,100,0.0
1518000,758,2026-05-25T20:46:56.929698,4.144660472869873,1.8266029357910156,1.4773869514465332,7.798995018005371,qmix,smacv2,protoss_5_vs_5,100,0.0
1520000,759,2026-05-25T20:49:33.043060,4.347926616668701,2.6253957748413086,1.8115577697753906,10.02763843536377,qmix,smacv2,protoss_5_vs_5,100,0.0
1522000,760,2026-05-25T20:52:08.760812,4.211369514465332,2.5715880393981934,0.9761306047439575,10.217336654663086,qmix,smacv2,protoss_5_vs_5,100,0.0
1524000,761,2026-05-25T20:54:44.625480,3.8145720958709717,2.14633846282959,1.5577888488769531,9.306532859802246,qmix,smacv2,protoss_5_vs_5,100,0.0
1526000,762,2026-05-25T20:57:22.728944,3.567902088165283,1.7900391817092896,0.8969849348068237,7.075376987457275,qmix,smacv2,protoss_5_vs_5,100,0.0
1528000,763,2026-05-25T21:00:01.575576,3.9706661701202393,1.7039276361465454,1.7587940692901611,8.168341636657715,qmix,smacv2,protoss_5_vs_5,100,0.0
1530000,764,2026-05-25T21:02:38.039101,3.7918975353240967,1.7453242540359497,1.6922109127044678,8.251255989074707,qmix,smacv2,protoss_5_vs_5,100,0.0
1532000,765,2026-05-25T21:05:09.766021,3.1305904388427734,1.3057231903076172,1.1758793592453003,6.341709136962891,qmix,smacv2,protoss_5_vs_5,100,0.0
1534000,766,2026-05-25T21:07:42.781937,3.1500000953674316,1.8598297834396362,1.237437129020691,9.035175323486328,qmix,smacv2,protoss_5_vs_5,100,0.0
1536000,767,2026-05-25T21:10:15.790399,3.754396915435791,1.2548025846481323,2.038944721221924,6.85427188873291,qmix,smacv2,protoss_5_vs_5,100,0.0
1538000,768,2026-05-25T21:12:47.403829,3.044660806655884,1.44154691696167,0.6733667850494385,7.424623012542725,qmix,smacv2,protoss_5_vs_5,100,0.0
1540000,769,2026-05-25T21:15:20.444987,4.1261305809021,1.9412750005722046,1.1959798336029053,8.158291816711426,qmix,smacv2,protoss_5_vs_5,100,0.0
1542000,770,2026-05-25T21:17:55.753249,3.9679648876190186,2.004626989364624,1.1067838668823242,8.052763938903809,qmix,smacv2,protoss_5_vs_5,100,0.0
1544000,771,2026-05-25T21:20:28.851440,2.774120330810547,1.7247343063354492,0.7236180305480957,6.412059783935547,qmix,smacv2,protoss_5_vs_5,100,0.0
1546000,772,2026-05-25T21:23:00.947019,2.9666454792022705,1.9790012836456299,0.783919632434845,9.33668327331543,qmix,smacv2,protoss_5_vs_5,100,0.0
1548000,773,2026-05-25T21:25:32.425797,3.141645669937134,1.5951975584030151,1.0527639389038086,5.928391933441162,qmix,smacv2,protoss_5_vs_5,100,0.0
1550000,774,2026-05-25T21:28:04.686089,2.9215455055236816,1.5835473537445068,0.8140703439712524,6.347990036010742,qmix,smacv2,protoss_5_vs_5,100,0.0
1552000,775,2026-05-25T21:30:37.895170,3.476444721221924,1.4439250230789185,1.25,7.216080665588379,qmix,smacv2,protoss_5_vs_5,100,0.0
1554000,776,2026-05-25T21:33:10.045977,3.2513821125030518,1.7074397802352905,1.3567838668823242,7.236180305480957,qmix,smacv2,protoss_5_vs_5,100,0.0
1556000,777,2026-05-25T21:35:40.536053,3.635112762451172,1.9296355247497559,1.2939698696136475,8.693467140197754,qmix,smacv2,protoss_5_vs_5,100,0.0
1558000,778,2026-05-25T21:38:11.890092,3.9568467140197754,1.9034754037857056,1.4773869514465332,9.10175895690918,qmix,smacv2,protoss_5_vs_5,100,0.0
1560000,779,2026-05-25T21:41:15.805493,3.4417083263397217,1.5743646621704102,1.1143215894699097,6.643216133117676,qmix,smacv2,protoss_5_vs_5,100,0.0
1562000,780,2026-05-25T21:43:56.255324,3.965452194213867,1.7174891233444214,1.815326452255249,7.7625627517700195,qmix,smacv2,protoss_5_vs_5,100,0.0
1564000,781,2026-05-25T21:46:37.430637,4.303203105926514,1.9131370782852173,2.048995018005371,8.44346809387207,qmix,smacv2,protoss_5_vs_5,100,0.0
1566000,782,2026-05-25T21:49:10.579524,4.573178291320801,2.2830891609191895,2.1005024909973145,9.978643417358398,qmix,smacv2,protoss_5_vs_5,100,0.0
1568000,783,2026-05-25T21:51:45.067597,3.7270731925964355,2.0416922569274902,1.1859296560287476,7.206030368804932,qmix,smacv2,protoss_5_vs_5,100,0.0
1570000,784,2026-05-25T21:54:20.907232,3.8592967987060547,2.5854299068450928,0.9547739028930664,11.758793830871582,qmix,smacv2,protoss_5_vs_5,100,0.0
1572000,785,2026-05-25T21:57:01.848323,3.8699748516082764,2.6556737422943115,0.8341708183288574,9.251256942749023,qmix,smacv2,protoss_5_vs_5,100,0.0
1574000,786,2026-05-25T21:59:37.168700,3.6809678077697754,2.0217676162719727,0.766331672668457,8.507537841796875,qmix,smacv2,protoss_5_vs_5,100,0.0
1576000,787,2026-05-25T22:02:13.413811,4.13875675201416,2.103377342224121,2.1507537364959717,10.120603561401367,qmix,smacv2,protoss_5_vs_5,100,0.0
1578000,788,2026-05-25T22:04:48.793163,3.71834135055542,1.8947250843048096,0.4422110617160797,7.1092963218688965,qmix,smacv2,protoss_5_vs_5,100,0.0
1580000,789,2026-05-25T22:07:22.066562,3.337625503540039,1.1247577667236328,1.782663345336914,5.929647922515869,qmix,smacv2,protoss_5_vs_5,100,0.0
1582000,790,2026-05-25T22:09:53.489265,3.641583204269409,1.6113016605377197,1.5590451955795288,6.452261924743652,qmix,smacv2,protoss_5_vs_5,100,0.0
1584000,791,2026-05-25T22:12:29.523290,3.879711151123047,2.031568765640259,1.0251256227493286,9.949748992919922,qmix,smacv2,protoss_5_vs_5,100,0.0
1586000,792,2026-05-25T22:15:03.301766,3.849120616912842,2.019681215286255,0.9748743772506714,7.814070224761963,qmix,smacv2,protoss_5_vs_5,100,0.0
1588000,793,2026-05-25T22:17:34.047231,3.451005220413208,1.3732458353042603,1.6080402135849,6.452261447906494,qmix,smacv2,protoss_5_vs_5,100,0.0
1590000,794,2026-05-25T22:20:08.289910,4.2148871421813965,1.8850910663604736,1.4183417558670044,9.668341636657715,qmix,smacv2,protoss_5_vs_5,100,0.0
1592000,795,2026-05-25T22:22:42.922977,3.3056530952453613,1.4311968088150024,1.165829062461853,6.69095516204834,qmix,smacv2,protoss_5_vs_5,100,0.0
1594000,796,2026-05-25T22:25:18.397743,2.8606784343719482,1.9047398567199707,0.7902010083198547,7.663316249847412,qmix,smacv2,protoss_5_vs_5,100,0.0
1596000,797,2026-05-25T22:27:49.861107,3.432600498199463,1.6430385112762451,0.42211055755615234,6.08668327331543,qmix,smacv2,protoss_5_vs_5,100,0.0
1598000,798,2026-05-25T22:30:22.150768,4.46852970123291,1.9306913614273071,1.806532621383667,8.378140449523926,qmix,smacv2,protoss_5_vs_5,100,0.0
1600000,799,2026-05-25T22:32:56.621967,3.9114322662353516,2.0150606632232666,1.1067839860916138,8.753768920898438,qmix,smacv2,protoss_5_vs_5,100,0.0
1602000,800,2026-05-25T22:35:29.206998,4.748178958892822,2.0577664375305176,1.4459798336029053,10.73366928100586,qmix,smacv2,protoss_5_vs_5,100,0.0
1604000,801,2026-05-25T22:38:04.693109,3.770037889480591,2.042984962463379,1.395728588104248,8.10175895690918,qmix,smacv2,protoss_5_vs_5,100,0.0
1606000,802,2026-05-25T22:40:41.160510,3.616520404815674,1.9909850358963013,1.5804020166397095,9.346733093261719,qmix,smacv2,protoss_5_vs_5,100,0.0
1608000,803,2026-05-25T22:43:20.123633,3.593153476715088,1.8692073822021484,1.314070224761963,9.317839622497559,qmix,smacv2,protoss_5_vs_5,100,0.0
1610000,804,2026-05-25T22:45:59.975142,3.8479270935058594,2.593207359313965,0.983668327331543,10.371859550476074,qmix,smacv2,protoss_5_vs_5,100,0.0
1612000,805,2026-05-25T22:48:41.134860,4.042336463928223,2.269603729248047,1.0854270458221436,10.520100593566895,qmix,smacv2,protoss_5_vs_5,100,0.0
1614000,806,2026-05-25T22:51:23.870718,3.837688446044922,1.409769892692566,1.7286431789398193,7.829145908355713,qmix,smacv2,protoss_5_vs_5,100,0.0
1616000,807,2026-05-25T22:54:05.707906,3.41312837600708,1.5394750833511353,0.5427135825157166,6.55276346206665,qmix,smacv2,protoss_5_vs_5,100,0.0
1618000,808,2026-05-25T22:56:50.201681,3.9763197898864746,1.6485698223114014,0.6532663106918335,8.399497985839844,qmix,smacv2,protoss_5_vs_5,100,0.0
1620000,809,2026-05-25T22:59:35.556059,4.078454971313477,2.3068113327026367,0.8655778765678406,11.280150413513184,qmix,smacv2,protoss_5_vs_5,100,0.0
1622000,810,2026-05-25T23:02:20.319696,4.148743629455566,1.993618130683899,1.160804033279419,7.668342590332031,qmix,smacv2,protoss_5_vs_5,100,0.0
1624000,811,2026-05-25T23:05:03.665075,3.882223606109619,2.0438072681427,1.6545226573944092,8.72236156463623,qmix,smacv2,protoss_5_vs_5,100,0.0
1626000,812,2026-05-25T23:07:46.240356,3.9474873542785645,2.683778762817383,0.8542712926864624,14.271356582641602,qmix,smacv2,protoss_5_vs_5,100,0.05000000074505806
1628000,813,2026-05-25T23:10:31.537751,3.7089195251464844,1.3277497291564941,1.757537603378296,6.071608066558838,qmix,smacv2,protoss_5_vs_5,100,0.0
1630000,814,2026-05-25T23:13:14.118487,3.89233660697937,2.1046385765075684,1.346733570098877,8.291458129882812,qmix,smacv2,protoss_5_vs_5,100,0.0
1632000,815,2026-05-25T23:15:55.976581,3.026947259902954,1.3086985349655151,1.0150753259658813,7.145729064941406,qmix,smacv2,protoss_5_vs_5,100,0.0
1634000,816,2026-05-25T23:18:38.860404,3.7607409954071045,2.4150633811950684,1.1293970346450806,9.780150413513184,qmix,smacv2,protoss_5_vs_5,100,0.0
1636000,817,2026-05-25T23:21:20.427859,3.51733660697937,1.7609281539916992,0.9032663106918335,6.693467140197754,qmix,smacv2,protoss_5_vs_5,100,0.0
1638000,818,2026-05-25T23:24:01.890544,4.559107780456543,2.344568967819214,1.1570351123809814,10.361808776855469,qmix,smacv2,protoss_5_vs_5,100,0.0
1640000,819,2026-05-25T23:26:42.155851,3.985490083694458,2.230706214904785,1.023869276046753,9.869346618652344,qmix,smacv2,protoss_5_vs_5,100,0.0
1642000,820,2026-05-25T23:29:21.524061,3.7336056232452393,1.7224231958389282,1.1758794784545898,8.743719100952148,qmix,smacv2,protoss_5_vs_5,100,0.0
1644000,821,2026-05-25T23:31:58.171521,3.2072863578796387,1.4835379123687744,0.834170937538147,6.420854091644287,qmix,smacv2,protoss_5_vs_5,100,0.0
1646000,822,2026-05-25T23:34:36.550302,3.895289182662964,1.7371572256088257,1.6482412815093994,7.482411861419678,qmix,smacv2,protoss_5_vs_5,100,0.0
1648000,823,2026-05-25T23:37:12.379074,3.769660472869873,1.7012590169906616,0.9082914590835571,8.06155776977539,qmix,smacv2,protoss_5_vs_5,100,0.0
1650000,824,2026-05-25T23:39:49.729705,4.268341541290283,2.939328193664551,1.8077890872955322,14.271357536315918,qmix,smacv2,protoss_5_vs_5,100,0.05000000074505806
1652000,825,2026-05-25T23:42:24.598978,4.117022514343262,2.0610671043395996,0.9547739028930664,10.036432266235352,qmix,smacv2,protoss_5_vs_5,100,0.0
1654000,826,2026-05-25T23:44:58.010546,3.407160520553589,2.1374285221099854,1.0351759195327759,8.76256275177002,qmix,smacv2,protoss_5_vs_5,100,0.0
1656000,827,2026-05-25T23:47:35.038091,3.845728635787964,1.9919606447219849,1.4309046268463135,8.47236156463623,qmix,smacv2,protoss_5_vs_5,100,0.0
1658000,828,2026-05-25T23:50:07.398570,3.8123116493225098,1.504992961883545,1.306532621383667,6.618090629577637,qmix,smacv2,protoss_5_vs_5,100,0.0
1660000,829,2026-05-25T23:52:42.074667,3.348743438720703,1.9601835012435913,0.8894472122192383,8.106783866882324,qmix,smacv2,protoss_5_vs_5,100,0.0
1662000,830,2026-05-25T23:55:22.168649,2.646984815597534,1.1543264389038086,0.9484924077987671,5.036432266235352,qmix,smacv2,protoss_5_vs_5,100,0.0
1664000,831,2026-05-25T23:57:51.398274,3.752009868621826,1.683828353881836,1.2462310791015625,7.929648399353027,qmix,smacv2,protoss_5_vs_5,100,0.0
1666000,832,2026-05-26T00:00:22.840085,4.296483039855957,2.753981113433838,1.43216073513031,13.817838668823242,qmix,smacv2,protoss_5_vs_5,100,0.0
1668000,833,2026-05-26T00:02:51.709207,3.3807785511016846,1.784461259841919,1.375628113746643,7.487436771392822,qmix,smacv2,protoss_5_vs_5,100,0.0
1670000,834,2026-05-26T00:05:21.593537,2.901381731033325,1.78265380859375,0.8819095492362976,7.252511501312256,qmix,smacv2,protoss_5_vs_5,100,0.0
1672000,835,2026-05-26T00:07:49.833171,4.091708183288574,2.1235694885253906,1.1482412815093994,9.305276870727539,qmix,smacv2,protoss_5_vs_5,100,0.0
1674000,836,2026-05-26T00:10:15.902522,4.340012550354004,1.7989459037780762,1.6532665491104126,6.956030368804932,qmix,smacv2,protoss_5_vs_5,100,0.0
1676000,837,2026-05-26T00:12:40.519111,4.177324295043945,1.5720021724700928,1.1758794784545898,6.623114585876465,qmix,smacv2,protoss_5_vs_5,100,0.0
1678000,838,2026-05-26T00:15:04.663645,3.867525100708008,1.4673875570297241,1.605527639389038,6.814070701599121,qmix,smacv2,protoss_5_vs_5,100,0.0
1680000,839,2026-05-26T00:17:30.082212,3.8168342113494873,1.9083542823791504,0.5427135825157166,6.653266906738281,qmix,smacv2,protoss_5_vs_5,100,0.0
1682000,840,2026-05-26T00:19:54.173181,3.7291455268859863,1.3922419548034668,1.26256263256073,6.130652904510498,qmix,smacv2,protoss_5_vs_5,100,0.0
1684000,841,2026-05-26T00:22:20.944428,3.659045457839966,1.8663915395736694,1.3165829181671143,8.278894424438477,qmix,smacv2,protoss_5_vs_5,100,0.0
1686000,842,2026-05-26T00:24:45.989777,3.5668342113494873,1.8484214544296265,0.643216073513031,6.949748992919922,qmix,smacv2,protoss_5_vs_5,100,0.0
1688000,843,2026-05-26T00:27:13.145070,3.6141326427459717,1.862307071685791,1.2060301303863525,8.70351791381836,qmix,smacv2,protoss_5_vs_5,100,0.0
1690000,844,2026-05-26T00:29:41.313392,4.035238742828369,1.9324246644973755,1.395728588104248,8.753768920898438,qmix,smacv2,protoss_5_vs_5,100,0.0
1692000,845,2026-05-26T00:32:07.668202,3.1582915782928467,1.6262743473052979,1.165829062461853,6.864321708679199,qmix,smacv2,protoss_5_vs_5,100,0.0
1694000,846,2026-05-26T00:34:35.787712,3.142902374267578,1.115249514579773,1.7085425853729248,5.597990036010742,qmix,smacv2,protoss_5_vs_5,100,0.0
1696000,847,2026-05-26T00:37:00.717287,3.95540189743042,1.4135233163833618,1.7625629901885986,6.8743720054626465,qmix,smacv2,protoss_5_vs_5,100,0.0
1698000,848,2026-05-26T00:39:30.304874,4.370854377746582,2.5047953128814697,1.22236168384552,9.899497985839844,qmix,smacv2,protoss_5_vs_5,100,0.0
1700000,849,2026-05-26T00:42:00.447357,4.531093120574951,2.256840944290161,1.4371858835220337,8.32160758972168,qmix,smacv2,protoss_5_vs_5,100,0.0
1702000,850,2026-05-26T00:44:34.030883,4.737626075744629,2.484011173248291,1.1432161331176758,12.361810684204102,qmix,smacv2,protoss_5_vs_5,100,0.0
1704000,851,2026-05-26T00:47:08.753731,3.7278892993927,1.70014226436615,0.7035175561904907,7.1482415199279785,qmix,smacv2,protoss_5_vs_5,100,0.0
1706000,852,2026-05-26T00:49:41.934968,3.1145730018615723,1.383906602859497,1.4811557531356812,6.353014945983887,qmix,smacv2,protoss_5_vs_5,100,0.0
1708000,853,2026-05-26T00:52:15.717295,3.9542088508605957,2.499234914779663,0.9120603799819946,9.979900360107422,qmix,smacv2,protoss_5_vs_5,100,0.0
1710000,854,2026-05-26T00:54:51.627569,3.406909942626953,1.6792584657669067,1.3278894424438477,7.7537689208984375,qmix,smacv2,protoss_5_vs_5,100,0.0
1712000,855,2026-05-26T00:57:31.179711,3.9477381706237793,2.938352108001709,0.4623115658760071,12.604270935058594,qmix,smacv2,protoss_5_vs_5,100,0.05000000074505806
1714000,856,2026-05-26T01:00:09.924267,4.514447212219238,2.472714424133301,1.801507592201233,9.728643417358398,qmix,smacv2,protoss_5_vs_5,100,0.0
1716000,857,2026-05-26T01:02:51.941707,3.0991833209991455,1.7521380186080933,0.9522613286972046,7.105527400970459,qmix,smacv2,protoss_5_vs_5,100,0.0
1718000,858,2026-05-26T01:05:31.853444,4.236180782318115,2.5860955715179443,1.5364320278167725,10.331658363342285,qmix,smacv2,protoss_5_vs_5,100,0.0
1720000,859,2026-05-26T01:08:14.263761,3.667776584625244,2.066147804260254,1.4974874258041382,8.442211151123047,qmix,smacv2,protoss_5_vs_5,100,0.0
1722000,860,2026-05-26T01:10:56.120053,2.8165202140808105,1.1517268419265747,1.5577889680862427,5.708542823791504,qmix,smacv2,protoss_5_vs_5,100,0.0
1724000,861,2026-05-26T01:13:38.826505,4.23473596572876,1.6766200065612793,1.5942209959030151,8.369346618652344,qmix,smacv2,protoss_5_vs_5,100,0.0
1726000,862,2026-05-26T01:16:19.385979,3.8067212104797363,2.0051586627960205,0.36180904507637024,7.293969631195068,qmix,smacv2,protoss_5_vs_5,100,0.0
1728000,863,2026-05-26T01:19:00.716975,2.9233667850494385,1.0798118114471436,1.3982411623001099,5.1256279945373535,qmix,smacv2,protoss_5_vs_5,100,0.0
1730000,864,2026-05-26T01:21:39.584317,3.3466713428497314,1.861803412437439,1.1155779361724854,8.271357536315918,qmix,smacv2,protoss_5_vs_5,100,0.0
1732000,865,2026-05-26T01:24:19.766700,4.075502395629883,2.6463260650634766,1.185929536819458,11.123115539550781,qmix,smacv2,protoss_5_vs_5,100,0.0
1734000,866,2026-05-26T01:26:59.293820,3.1409547328948975,1.5864282846450806,1.3655778169631958,8.133166313171387,qmix,smacv2,protoss_5_vs_5,100,0.0
1736000,867,2026-05-26T01:29:39.770358,3.4467334747314453,1.357417106628418,1.447236180305481,6.905778408050537,qmix,smacv2,protoss_5_vs_5,100,0.0
1738000,868,2026-05-26T01:32:19.618575,4.422110080718994,2.2942028045654297,1.2688441276550293,9.193467140197754,qmix,smacv2,protoss_5_vs_5,100,0.0
1740000,869,2026-05-26T01:34:59.825819,3.055778980255127,1.3537644147872925,0.7826632857322693,5.7537689208984375,qmix,smacv2,protoss_5_vs_5,100,0.0
1742000,870,2026-05-26T01:37:39.127518,3.777952194213867,1.6443045139312744,1.9007537364959717,7.879395961761475,qmix,smacv2,protoss_5_vs_5,100,0.0
1744000,871,2026-05-26T01:40:19.523590,3.4236183166503906,1.5317370891571045,1.4045225381851196,7.17587947845459,qmix,smacv2,protoss_5_vs_5,100,0.0
1746000,872,2026-05-26T01:43:00.249818,3.7385051250457764,2.080162286758423,0.753768801689148,10.160804748535156,qmix,smacv2,protoss_5_vs_5,100,0.0
1748000,873,2026-05-26T01:45:40.268681,4.094723701477051,1.6878529787063599,1.3731155395507812,6.795226097106934,qmix,smacv2,protoss_5_vs_5,100,0.0
1750000,874,2026-05-26T01:48:25.596028,3.7747485637664795,2.847805976867676,1.1746231317520142,12.361807823181152,qmix,smacv2,protoss_5_vs_5,100,0.05000000074505806
1752000,875,2026-05-26T01:51:04.196578,3.698429584503174,1.7200982570648193,1.383165955543518,8.944724082946777,qmix,smacv2,protoss_5_vs_5,100,0.0
1754000,876,2026-05-26T01:53:45.224092,2.7879397869110107,1.489835500717163,1.1758792400360107,6.786431789398193,qmix,smacv2,protoss_5_vs_5,100,0.0
1756000,877,2026-05-26T01:56:26.757912,4.149811744689941,1.4751580953598022,1.6281406879425049,7.195979118347168,qmix,smacv2,protoss_5_vs_5,100,0.0
1758000,878,2026-05-26T01:59:09.085545,2.996356964111328,1.0359523296356201,1.6557791233062744,6.197236061096191,qmix,smacv2,protoss_5_vs_5,100,0.0
1760000,879,2026-05-26T02:01:49.851892,4.4033918380737305,2.043879508972168,1.3567838668823242,8.418342590332031,qmix,smacv2,protoss_5_vs_5,100,0.0
1762000,880,2026-05-26T02:04:32.542946,4.105401992797852,1.9452122449874878,1.375628113746643,8.552763938903809,qmix,smacv2,protoss_5_vs_5,100,0.0
1764000,881,2026-05-26T02:07:16.350536,3.086808919906616,1.617898941040039,1.1494975090026855,6.050251007080078,qmix,smacv2,protoss_5_vs_5,100,0.0
1766000,882,2026-05-26T02:10:01.009171,3.3954148292541504,1.208590030670166,1.0653266906738281,6.120602607727051,qmix,smacv2,protoss_5_vs_5,100,0.0
1768000,883,2026-05-26T02:12:43.378819,3.2342963218688965,1.811049461364746,1.0351759195327759,6.83291482925415,qmix,smacv2,protoss_5_vs_5,100,0.0
1770000,884,2026-05-26T02:15:25.584168,3.5483670234680176,1.7504085302352905,1.702261209487915,8.462311744689941,qmix,smacv2,protoss_5_vs_5,100,0.0
1772000,885,2026-05-26T02:18:08.449188,3.8182787895202637,1.9203439950942993,1.085427165031433,7.360552787780762,qmix,smacv2,protoss_5_vs_5,100,0.0
1774000,886,2026-05-26T02:20:51.459049,3.4106783866882324,1.5912121534347534,0.8743718862533569,6.109296798706055,qmix,smacv2,protoss_5_vs_5,100,0.0
1776000,887,2026-05-26T02:23:33.821785,2.5781407356262207,1.1301895380020142,0.572864294052124,5.427135944366455,qmix,smacv2,protoss_5_vs_5,100,0.0
1778000,888,2026-05-26T02:26:15.485266,3.4365577697753906,1.8049010038375854,1.496231198310852,8.08919620513916,qmix,smacv2,protoss_5_vs_5,100,0.0
1780000,889,2026-05-26T02:28:56.386754,3.5229897499084473,1.7888778448104858,1.7160804271697998,8.261306762695312,qmix,smacv2,protoss_5_vs_5,100,0.0
1782000,890,2026-05-26T02:31:33.933179,3.690891742706299,1.630682110786438,1.7788944244384766,8.469849586486816,qmix,smacv2,protoss_5_vs_5,100,0.0
1784000,891,2026-05-26T02:34:11.576831,3.280024766921997,1.6448050737380981,1.4648240804672241,7.628140926361084,qmix,smacv2,protoss_5_vs_5,100,0.0
1786000,892,2026-05-26T02:36:46.662025,2.9516329765319824,1.2694592475891113,1.4974875450134277,6.168341636657715,qmix,smacv2,protoss_5_vs_5,100,0.0
1788000,893,2026-05-26T02:39:20.665431,3.3106155395507812,1.7329826354980469,1.162060260772705,6.903265953063965,qmix,smacv2,protoss_5_vs_5,100,0.0
1790000,894,2026-05-26T02:41:55.973271,3.9841084480285645,2.1292641162872314,1.6381908655166626,8.243719100952148,qmix,smacv2,protoss_5_vs_5,100,0.0
1792000,895,2026-05-26T02:44:27.604925,3.191896915435791,1.560936689376831,1.1457287073135376,6.592965126037598,qmix,smacv2,protoss_5_vs_5,100,0.0
1794000,896,2026-05-26T02:47:00.596461,3.1576004028320312,1.50021231174469,0.9145728349685669,6.639447212219238,qmix,smacv2,protoss_5_vs_5,100,0.0
1796000,897,2026-05-26T02:49:32.309147,3.5273239612579346,1.6934139728546143,1.5376884937286377,7.272612571716309,qmix,smacv2,protoss_5_vs_5,100,0.0
1798000,898,2026-05-26T02:52:05.013695,3.583731174468994,2.015279531478882,0.783919632434845,8.564069747924805,qmix,smacv2,protoss_5_vs_5,100,0.0
1800000,899,2026-05-26T02:54:36.526559,4.561431884765625,2.377424478530884,2.163316488265991,12.361808776855469,qmix,smacv2,protoss_5_vs_5,100,0.05000000074505806
1802000,900,2026-05-26T02:57:07.791028,3.8606152534484863,1.9244893789291382,1.668341875076294,9.072863578796387,qmix,smacv2,protoss_5_vs_5,100,0.0
1804000,901,2026-05-26T02:59:41.684496,4.361306190490723,2.6437294483184814,1.467336654663086,9.809043884277344,qmix,smacv2,protoss_5_vs_5,100,0.0
1806000,902,2026-05-26T03:02:15.290669,4.3585429191589355,2.14980411529541,0.8040200471878052,9.119346618652344,qmix,smacv2,protoss_5_vs_5,100,0.0
1808000,903,2026-05-26T03:04:49.142964,3.0434043407440186,1.300079345703125,1.096733570098877,5.809045314788818,qmix,smacv2,protoss_5_vs_5,100,0.0
1810000,904,2026-05-26T03:07:23.501175,3.782160520553589,1.8638876676559448,1.5276380777359009,7.928391933441162,qmix,smacv2,protoss_5_vs_5,100,0.0
1812000,905,2026-05-26T03:09:55.727540,3.335740566253662,1.5892943143844604,1.036432147026062,6.177135467529297,qmix,smacv2,protoss_5_vs_5,100,0.0
1814000,906,2026-05-26T03:12:30.184539,3.8991832733154297,2.3401801586151123,1.3366833925247192,9.736180305480957,qmix,smacv2,protoss_5_vs_5,100,0.0
1816000,907,2026-05-26T03:15:04.602826,3.877575635910034,2.2739272117614746,0.8015075922012329,9.385679244995117,qmix,smacv2,protoss_5_vs_5,100,0.0
1818000,908,2026-05-26T03:17:37.171599,3.4806532859802246,1.8052465915679932,1.0753768682479858,7.829145908355713,qmix,smacv2,protoss_5_vs_5,100,0.0
1820000,909,2026-05-26T03:20:32.903976,3.6054024696350098,1.5617491006851196,1.2964824438095093,6.693467140197754,qmix,smacv2,protoss_5_vs_5,100,0.0
1822000,910,2026-05-26T03:23:04.567782,3.0828518867492676,1.4680036306381226,1.0640703439712524,6.797738552093506,qmix,smacv2,protoss_5_vs_5,100,0.0
1824000,911,2026-05-26T03:25:35.716566,3.8896355628967285,1.8503247499465942,0.7198492288589478,8.354270935058594,qmix,smacv2,protoss_5_vs_5,100,0.0
1826000,912,2026-05-26T03:28:10.904313,3.303454875946045,1.572696328163147,1.0351759195327759,6.9949750900268555,qmix,smacv2,protoss_5_vs_5,100,0.0
1828000,913,2026-05-26T03:30:44.759951,2.7501256465911865,2.769608736038208,1.1281406879425049,14.271357536315918,qmix,smacv2,protoss_5_vs_5,100,0.05000000074505806
1830000,914,2026-05-26T03:33:21.972343,4.098052501678467,1.7484593391418457,1.7361810207366943,7.99371862411499,qmix,smacv2,protoss_5_vs_5,100,0.0
1832000,915,2026-05-26T03:35:58.057268,3.865138292312622,1.6883056163787842,1.0213568210601807,7.075376987457275,qmix,smacv2,protoss_5_vs_5,100,0.0
1834000,916,2026-05-26T03:38:32.812925,3.7734928131103516,1.8331254720687866,0.7952260971069336,7.0276384353637695,qmix,smacv2,protoss_5_vs_5,100,0.0
1836000,917,2026-05-26T03:41:06.914420,3.228768825531006,1.4989800453186035,0.9195979833602905,6.693467140197754,qmix,smacv2,protoss_5_vs_5,100,0.0
1838000,918,2026-05-26T03:43:42.189060,3.37003755569458,2.136007785797119,0.8366833925247192,9.075376510620117,qmix,smacv2,protoss_5_vs_5,100,0.0
1840000,919,2026-05-26T03:46:14.374650,3.9331657886505127,1.6661994457244873,1.246231198310852,7.477387428283691,qmix,smacv2,protoss_5_vs_5,100,0.0
1842000,920,2026-05-26T03:48:54.493685,4.4316582679748535,2.5475940704345703,0.0,9.389448165893555,qmix,smacv2,protoss_5_vs_5,100,0.0
1844000,921,2026-05-26T03:51:25.843576,3.8894474506378174,1.8038842678070068,1.9170854091644287,8.592965126037598,qmix,smacv2,protoss_5_vs_5,100,0.0
1846000,922,2026-05-26T03:54:00.227193,3.2304015159606934,1.5408450365066528,1.1469849348068237,6.463568210601807,qmix,smacv2,protoss_5_vs_5,100,0.0
1848000,923,2026-05-26T03:56:29.828143,4.322864532470703,2.911526679992676,1.3969848155975342,11.961055755615234,qmix,smacv2,protoss_5_vs_5,100,0.0
1850000,924,2026-05-26T03:58:58.793423,3.911369800567627,1.664451003074646,1.2851758003234863,6.531406402587891,qmix,smacv2,protoss_5_vs_5,100,0.0
1852000,925,2026-05-26T04:01:29.759013,3.711055040359497,1.710221529006958,0.9924622774124146,6.773869514465332,qmix,smacv2,protoss_5_vs_5,100,0.0
1854000,926,2026-05-26T04:04:03.483693,3.862060070037842,1.5381823778152466,1.726130723953247,7.72864294052124,qmix,smacv2,protoss_5_vs_5,100,0.0
1856000,927,2026-05-26T04:06:35.426648,4.471293926239014,1.2497788667678833,2.163316488265991,6.442211151123047,qmix,smacv2,protoss_5_vs_5,100,0.0
1858000,928,2026-05-26T04:09:06.366831,3.002638101577759,1.9335230588912964,1.1959799528121948,9.342965126037598,qmix,smacv2,protoss_5_vs_5,100,0.0
1860000,929,2026-05-26T04:11:36.960330,3.907412052154541,1.6128180027008057,1.4170854091644287,7.595477104187012,qmix,smacv2,protoss_5_vs_5,100,0.0
1862000,930,2026-05-26T04:14:06.474798,3.0729899406433105,1.1122797727584839,1.5376884937286377,6.061557769775391,qmix,smacv2,protoss_5_vs_5,100,0.0
1864000,931,2026-05-26T04:16:37.109658,3.369849443435669,1.8354295492172241,0.8015075922012329,8.118090629577637,qmix,smacv2,protoss_5_vs_5,100,0.0
1866000,932,2026-05-26T04:19:07.203921,3.8101134300231934,1.6185027360916138,1.6407034397125244,8.180904388427734,qmix,smacv2,protoss_5_vs_5,100,0.0
1868000,933,2026-05-26T04:21:36.048820,3.5479896068573,1.9534615278244019,0.904522716999054,8.248743057250977,qmix,smacv2,protoss_5_vs_5,100,0.0
1870000,934,2026-05-26T04:24:05.750467,4.038630485534668,1.6410372257232666,1.801507592201233,7.440954685211182,qmix,smacv2,protoss_5_vs_5,100,0.0
1872000,935,2026-05-26T04:26:33.019024,3.5849246978759766,1.1483571529388428,1.2952260971069336,5.3605523109436035,qmix,smacv2,protoss_5_vs_5,100,0.0
1874000,936,2026-05-26T04:29:03.635786,2.558668375015259,1.339180588722229,0.3919597864151001,5.796482086181641,qmix,smacv2,protoss_5_vs_5,100,0.0
1876000,937,2026-05-26T04:31:29.677597,3.350376844406128,1.9603837728500366,0.7022612690925598,8.32663345336914,qmix,smacv2,protoss_5_vs_5,100,0.0
1878000,938,2026-05-26T04:34:01.272812,3.970477342605591,2.153703451156616,1.3153266906738281,8.806532859802246,qmix,smacv2,protoss_5_vs_5,100,0.0
1880000,939,2026-05-26T04:36:26.480952,3.3974876403808594,1.3263628482818604,1.1934672594070435,6.459799289703369,qmix,smacv2,protoss_5_vs_5,100,0.0
1882000,940,2026-05-26T04:38:53.523137,3.550816774368286,2.308638572692871,1.3165829181671143,11.256280899047852,qmix,smacv2,protoss_5_vs_5,100,0.0
1884000,941,2026-05-26T04:41:24.406846,2.9499998092651367,1.9141618013381958,1.1557788848876953,9.447236061096191,qmix,smacv2,protoss_5_vs_5,100,0.0
1886000,942,2026-05-26T04:43:55.707003,3.5091710090637207,1.492442011833191,1.0653265714645386,6.976130485534668,qmix,smacv2,protoss_5_vs_5,100,0.0
1888000,943,2026-05-26T04:46:28.587075,3.674811601638794,2.255859613418579,0.7424622774124146,9.435929298400879,qmix,smacv2,protoss_5_vs_5,100,0.0
1890000,944,2026-05-26T04:48:59.894625,3.4207911491394043,1.6534491777420044,1.164572834968567,7.658291816711426,qmix,smacv2,protoss_5_vs_5,100,0.0
1892000,945,2026-05-26T04:51:34.619561,4.000250816345215,2.655465602874756,1.3366835117340088,11.757537841796875,qmix,smacv2,protoss_5_vs_5,100,0.0
1894000,946,2026-05-26T04:54:07.674948,3.6266331672668457,1.6837809085845947,0.9899497032165527,7.206030368804932,qmix,smacv2,protoss_5_vs_5,100,0.0
1896000,947,2026-05-26T04:56:41.170964,3.1377511024475098,1.7044564485549927,0.6042713522911072,8.331659317016602,qmix,smacv2,protoss_5_vs_5,100,0.0
1898000,948,2026-05-26T04:59:14.770162,3.389321804046631,1.894960880279541,1.145728588104248,9.19346809387207,qmix,smacv2,protoss_5_vs_5,100,0.0
1900000,949,2026-05-26T05:01:50.566626,3.2194721698760986,1.7192960977554321,1.2236180305480957,6.831658363342285,qmix,smacv2,protoss_5_vs_5,100,0.0
1902000,950,2026-05-26T05:04:28.244340,3.2873740196228027,1.6354048252105713,0.623115599155426,6.5,qmix,smacv2,protoss_5_vs_5,100,0.0
1904000,951,2026-05-26T05:07:08.736470,3.3304648399353027,1.4627833366394043,1.124371886253357,5.989949703216553,qmix,smacv2,protoss_5_vs_5,100,0.0
1906000,952,2026-05-26T05:09:48.448740,2.9264445304870605,0.8583605885505676,1.5376883745193481,4.507537364959717,qmix,smacv2,protoss_5_vs_5,100,0.0
1908000,953,2026-05-26T05:12:32.766998,3.4722366333007812,1.9724644422531128,0.7738693356513977,8.309045791625977,qmix,smacv2,protoss_5_vs_5,100,0.0
1910000,954,2026-05-26T05:15:16.538931,3.3390705585479736,1.338444709777832,1.3052763938903809,6.170854568481445,qmix,smacv2,protoss_5_vs_5,100,0.0
1912000,955,2026-05-26T05:18:02.387632,3.104271411895752,1.8465116024017334,0.6407034993171692,7.280150413513184,qmix,smacv2,protoss_5_vs_5,100,0.0
1914000,956,2026-05-26T05:20:45.933305,3.48913311958313,2.2255892753601074,1.5577888488769531,9.64824104309082,qmix,smacv2,protoss_5_vs_5,100,0.0
1916000,957,2026-05-26T05:23:30.129478,2.8216710090637207,1.4524434804916382,0.7236180901527405,5.551507472991943,qmix,smacv2,protoss_5_vs_5,100,0.0
1918000,958,2026-05-26T05:26:13.896431,3.3520100116729736,1.5299789905548096,1.2663317918777466,7.023869514465332,qmix,smacv2,protoss_5_vs_5,100,0.0
1920000,959,2026-05-26T05:29:01.087364,3.0156407356262207,1.5851142406463623,1.2361809015274048,8.130653381347656,qmix,smacv2,protoss_5_vs_5,100,0.0
1922000,960,2026-05-26T05:31:44.859133,2.649874448776245,1.0778249502182007,0.7738693356513977,4.66959810256958,qmix,smacv2,protoss_5_vs_5,100,0.0
1924000,961,2026-05-26T05:34:28.789794,3.2823493480682373,1.5024887323379517,0.9032663106918335,7.134421348571777,qmix,smacv2,protoss_5_vs_5,100,0.0
1926000,962,2026-05-26T05:37:14.763859,3.1958541870117188,1.6642999649047852,1.507537841796875,7.390704154968262,qmix,smacv2,protoss_5_vs_5,100,0.0
1928000,963,2026-05-26T05:39:57.704833,3.388944625854492,1.5032309293746948,1.1494975090026855,7.273869514465332,qmix,smacv2,protoss_5_vs_5,100,0.0
1930000,964,2026-05-26T05:42:46.857230,3.3055903911590576,2.126178503036499,0.36180904507637024,10.733668327331543,qmix,smacv2,protoss_5_vs_5,100,0.0
1932000,965,2026-05-26T05:45:28.877051,3.869096040725708,2.295905590057373,0.9899498224258423,10.199748992919922,qmix,smacv2,protoss_5_vs_5,100,0.0
1934000,966,2026-05-26T05:48:10.049602,3.722235918045044,1.6476906538009644,1.6155779361724854,7.407034873962402,qmix,smacv2,protoss_5_vs_5,100,0.0
1936000,967,2026-05-26T05:50:54.275897,2.490703582763672,1.902681827545166,0.29145729541778564,8.954773902893066,qmix,smacv2,protoss_5_vs_5,100,0.0
1938000,968,2026-05-26T05:53:36.122064,2.7187812328338623,1.247158169746399,0.572864294052124,5.620603084564209,qmix,smacv2,protoss_5_vs_5,100,0.0
1940000,969,2026-05-26T05:56:15.854202,3.7922110557556152,2.112664222717285,0.9221105575561523,8.585427284240723,qmix,smacv2,protoss_5_vs_5,100,0.0
1942000,970,2026-05-26T05:58:55.928459,4.114824295043945,2.443453550338745,1.226130723953247,10.92336654663086,qmix,smacv2,protoss_5_vs_5,100,0.0
1944000,971,2026-05-26T06:01:34.582928,4.084610462188721,1.958016037940979,1.2361810207366943,7.7701005935668945,qmix,smacv2,protoss_5_vs_5,100,0.0
1946000,972,2026-05-26T06:04:12.567370,4.148869514465332,1.831591248512268,1.3153265714645386,7.716080665588379,qmix,smacv2,protoss_5_vs_5,100,0.0
1948000,973,2026-05-26T06:06:46.698573,3.8787684440612793,1.4918168783187866,1.6582914590835571,8.16080379486084,qmix,smacv2,protoss_5_vs_5,100,0.0
1950000,974,2026-05-26T06:09:23.570126,3.5364322662353516,1.816928505897522,0.8831658363342285,7.556532382965088,qmix,smacv2,protoss_5_vs_5,100,0.0
1952000,975,2026-05-26T06:11:57.340035,4.316582679748535,2.4268815517425537,1.1130653619766235,9.947236061096191,qmix,smacv2,protoss_5_vs_5,100,0.0
1954000,976,2026-05-26T06:14:29.983660,3.499811887741089,1.9939526319503784,1.1331658363342285,8.683417320251465,qmix,smacv2,protoss_5_vs_5,100,0.0
1956000,977,2026-05-26T06:17:05.062528,3.6263821125030518,2.1066434383392334,1.3605526685714722,8.757537841796875,qmix,smacv2,protoss_5_vs_5,100,0.0
1958000,978,2026-05-26T06:19:40.055247,2.9106783866882324,1.2845648527145386,0.9949749112129211,6.594221591949463,qmix,smacv2,protoss_5_vs_5,100,0.0
1960000,979,2026-05-26T06:22:15.134373,4.363316535949707,2.2234926223754883,2.113065242767334,9.869346618652344,qmix,smacv2,protoss_5_vs_5,100,0.0
1962000,980,2026-05-26T06:24:48.586246,3.2989323139190674,1.3031949996948242,1.1582914590835571,6.104271411895752,qmix,smacv2,protoss_5_vs_5,100,0.0
1964000,981,2026-05-26T06:27:21.235575,4.033730983734131,2.0115325450897217,1.5979899168014526,9.346733093261719,qmix,smacv2,protoss_5_vs_5,100,0.0
1966000,982,2026-05-26T06:29:54.467468,3.9184672832489014,1.5776116847991943,1.3316583633422852,7.819095611572266,qmix,smacv2,protoss_5_vs_5,100,0.0
1968000,983,2026-05-26T06:32:26.576505,4.1494340896606445,2.526289224624634,1.410804033279419,10.807788848876953,qmix,smacv2,protoss_5_vs_5,100,0.0
1970000,984,2026-05-26T06:35:00.017428,3.9986813068389893,2.190356969833374,0.7952260971069336,9.748744010925293,qmix,smacv2,protoss_5_vs_5,100,0.0
1972000,985,2026-05-26T06:37:31.928986,3.473241090774536,1.6805609464645386,0.733668327331543,8.069095611572266,qmix,smacv2,protoss_5_vs_5,100,0.0
1974000,986,2026-05-26T06:40:04.075282,4.176821708679199,2.7291107177734375,1.2550251483917236,11.155778884887695,qmix,smacv2,protoss_5_vs_5,100,0.0
1976000,987,2026-05-26T06:42:38.017591,3.2743091583251953,1.8234964609146118,1.0753768682479858,7.075376987457275,qmix,smacv2,protoss_5_vs_5,100,0.0
1978000,988,2026-05-26T06:45:12.266713,4.1106157302856445,2.0944771766662598,1.427135705947876,9.89572811126709,qmix,smacv2,protoss_5_vs_5,100,0.0
1980000,989,2026-05-26T06:47:45.686084,3.8491833209991455,1.562581181526184,1.463567852973938,8.690954208374023,qmix,smacv2,protoss_5_vs_5,100,0.0
1982000,990,2026-05-26T06:50:22.221832,3.8190951347351074,1.7539799213409424,1.7788946628570557,9.726130485534668,qmix,smacv2,protoss_5_vs_5,100,0.0
1984000,991,2026-05-26T06:52:56.457027,3.020477533340454,2.101558208465576,0.8831658363342285,9.909547805786133,qmix,smacv2,protoss_5_vs_5,100,0.0
1986000,992,2026-05-26T06:55:33.642805,3.404334306716919,1.8387694358825684,1.0351759195327759,8.211055755615234,qmix,smacv2,protoss_5_vs_5,100,0.0
1988000,993,2026-05-26T06:58:08.880957,3.547487735748291,1.8184318542480469,1.6733667850494385,8.402009963989258,qmix,smacv2,protoss_5_vs_5,100,0.0
1990000,994,2026-05-26T07:00:43.669923,2.867210865020752,1.0449104309082031,1.1670854091644287,5.041457653045654,qmix,smacv2,protoss_5_vs_5,100,0.0
1992000,995,2026-05-26T07:03:19.659274,3.704334259033203,1.9957246780395508,1.6695979833602905,9.492462158203125,qmix,smacv2,protoss_5_vs_5,100,0.0
1994000,996,2026-05-26T07:05:54.900232,3.1598615646362305,2.4292564392089844,0.9396983981132507,11.680904388427734,qmix,smacv2,protoss_5_vs_5,100,0.0
1996000,997,2026-05-26T07:08:30.854571,2.7208542823791504,1.4849519729614258,0.6331658363342285,7.182160377502441,qmix,smacv2,protoss_5_vs_5,100,0.0
1998000,998,2026-05-26T07:11:04.298564,3.557034969329834,1.4924030303955078,1.5351760387420654,7.5678391456604,qmix,smacv2,protoss_5_vs_5,100,0.0
2000000,999,2026-05-26T07:13:36.173937,4.004396915435791,1.728220820426941,1.2437185049057007,7.909548282623291,qmix,smacv2,protoss_5_vs_5,100,0.0
2002000,1000,2026-05-26T07:16:08.463527,5.274874687194824,2.205659866333008,2.1306533813476562,10.31909465789795,qmix,smacv2,protoss_5_vs_5,100,0.0
2004000,1001,2026-05-26T07:18:40.307685,3.685741424560547,1.742646336555481,1.355527639389038,7.9798994064331055,qmix,smacv2,protoss_5_vs_5,100,0.0
2006000,1002,2026-05-26T07:21:11.753436,3.4672112464904785,2.3333380222320557,0.8693467378616333,8.060300827026367,qmix,smacv2,protoss_5_vs_5,100,0.0
2008000,1003,2026-05-26T07:23:45.013683,3.0533289909362793,1.7681576013565063,0.913316547870636,7.969849586486816,qmix,smacv2,protoss_5_vs_5,100,0.0
2010000,1004,2026-05-26T07:26:12.603745,3.6777634620666504,1.8627254962921143,1.2185930013656616,8.070352554321289,qmix,smacv2,protoss_5_vs_5,100,0.0
2012000,1005,2026-05-26T07:28:40.100064,3.868593215942383,1.8704324960708618,1.3178391456604004,7.900753974914551,qmix,smacv2,protoss_5_vs_5,100,0.0
2014000,1006,2026-05-26T07:31:07.892839,3.003203868865967,1.7099295854568481,0.36180904507637024,5.6180901527404785,qmix,smacv2,protoss_5_vs_5,100,0.0
2016000,1007,2026-05-26T07:33:33.403366,3.334735870361328,1.592393159866333,1.326633095741272,6.663315773010254,qmix,smacv2,protoss_5_vs_5,100,0.0
2018000,1008,2026-05-26T07:35:59.374634,3.6279520988464355,1.3800039291381836,1.5062813758850098,6.58291482925415,qmix,smacv2,protoss_5_vs_5,100,0.0
2020000,1009,2026-05-26T07:38:30.301033,3.428894519805908,2.1584248542785645,0.7437186241149902,9.296483039855957,qmix,smacv2,protoss_5_vs_5,100,0.0
2022000,1010,2026-05-26T07:40:55.058712,3.8230528831481934,1.3810648918151855,2.0515074729919434,7.474874973297119,qmix,smacv2,protoss_5_vs_5,100,0.0
2024000,1011,2026-05-26T07:43:23.100680,3.7020726203918457,1.84994375705719,1.3567838668823242,7.899497032165527,qmix,smacv2,protoss_5_vs_5,100,0.0
2026000,1012,2026-05-26T07:45:52.580368,3.859923839569092,1.8724278211593628,1.144472360610962,7.2148237228393555,qmix,smacv2,protoss_5_vs_5,100,0.0
2028000,1013,2026-05-26T07:48:21.884326,3.8375000953674316,1.6883543729782104,1.7135677337646484,7.01507568359375,qmix,smacv2,protoss_5_vs_5,100,0.0
2030000,1014,2026-05-26T07:50:53.359890,3.2529525756835938,1.3384982347488403,1.1306532621383667,6.39824104309082,qmix,smacv2,protoss_5_vs_5,100,0.0
2032000,1015,2026-05-26T07:53:25.680132,3.5488693714141846,1.9852172136306763,1.1633164882659912,8.7801513671875,qmix,smacv2,protoss_5_vs_5,100,0.0
2034000,1016,2026-05-26T07:55:58.680443,3.336055278778076,1.881550908088684,1.4271355867385864,9.273869514465332,qmix,smacv2,protoss_5_vs_5,100,0.0
2036000,1017,2026-05-26T07:58:33.737000,3.2657036781311035,1.5070439577102661,1.6180903911590576,7.930904388427734,qmix,smacv2,protoss_5_vs_5,100,0.0
2038000,1018,2026-05-26T08:01:09.380570,2.731532573699951,1.5312000513076782,0.0,5.477386951446533,qmix,smacv2,protoss_5_vs_5,100,0.0
2040000,1019,2026-05-26T08:03:46.749775,3.2222988605499268,1.7004079818725586,1.3253768682479858,7.939698219299316,qmix,smacv2,protoss_5_vs_5,100,0.0
2042000,1020,2026-05-26T08:06:18.961065,2.4106783866882324,1.0473600625991821,0.7638190984725952,4.489949703216553,qmix,smacv2,protoss_5_vs_5,100,0.0
2044000,1021,2026-05-26T08:08:52.719093,3.63737416267395,1.969995379447937,1.4057788848876953,8.241206169128418,qmix,smacv2,protoss_5_vs_5,100,0.0
2046000,1022,2026-05-26T08:11:26.221879,3.0185303688049316,1.1329725980758667,1.447236180305481,5.6005024909973145,qmix,smacv2,protoss_5_vs_5,100,0.0
2048000,1023,2026-05-26T08:14:00.849092,3.187437057495117,1.9756463766098022,0.9585427045822144,8.704773902893066,qmix,smacv2,protoss_5_vs_5,100,0.0
2050000,1024,2026-05-26T08:16:37.664363,3.638693332672119,2.0308997631073,0.834170937538147,8.551507949829102,qmix,smacv2,protoss_5_vs_5,100,0.0
2052000,1025,2026-05-26T08:19:15.665012,3.5287063121795654,1.6725106239318848,1.496231198310852,6.88065242767334,qmix,smacv2,protoss_5_vs_5,100,0.0
2054000,1026,2026-05-26T08:21:56.655079,4.732161045074463,2.352506637573242,0.8542712926864624,8.860552787780762,qmix,smacv2,protoss_5_vs_5,100,0.0
2056000,1027,2026-05-26T08:24:34.956743,3.4160804748535156,1.4731841087341309,1.1959798336029053,6.834170341491699,qmix,smacv2,protoss_5_vs_5,100,0.0
2058000,1028,2026-05-26T08:27:17.428093,3.8702893257141113,2.5579190254211426,1.2788944244384766,10.743718147277832,qmix,smacv2,protoss_5_vs_5,100,0.0
2060000,1029,2026-05-26T08:29:59.199804,4.425565242767334,2.2010130882263184,1.342964768409729,10.251255989074707,qmix,smacv2,protoss_5_vs_5,100,0.0
2062000,1030,2026-05-26T08:32:41.306127,3.8413944244384766,2.39095139503479,1.2675879001617432,12.075376510620117,qmix,smacv2,protoss_5_vs_5,100,0.05000000074505806
2064000,1031,2026-05-26T08:35:26.919449,4.201821804046631,2.2436437606811523,1.4371858835220337,10.98366928100586,qmix,smacv2,protoss_5_vs_5,100,0.0
2066000,1032,2026-05-26T08:38:14.571539,3.7369346618652344,1.593848705291748,0.6645728349685669,6.7613067626953125,qmix,smacv2,protoss_5_vs_5,100,0.0
2068000,1033,2026-05-26T08:41:02.960122,3.346482515335083,1.8232768774032593,1.0301507711410522,8.733668327331543,qmix,smacv2,protoss_5_vs_5,100,0.0
2070000,1034,2026-05-26T08:43:49.017639,3.3510680198669434,1.3542588949203491,0.8630653619766235,5.748744010925293,qmix,smacv2,protoss_5_vs_5,100,0.0
2072000,1035,2026-05-26T08:46:36.218351,3.2381279468536377,1.9831730127334595,1.0552763938903809,8.643216133117676,qmix,smacv2,protoss_5_vs_5,100,0.0
2074000,1036,2026-05-26T08:49:22.382228,4.921482563018799,3.2258427143096924,0.572864294052124,11.859295845031738,qmix,smacv2,protoss_5_vs_5,100,0.0
2076000,1037,2026-05-26T08:52:06.446490,3.768216371536255,1.8644654750823975,1.4007537364959717,8.8643217086792,qmix,smacv2,protoss_5_vs_5,100,0.0
2078000,1038,2026-05-26T08:54:51.361398,3.6429646015167236,2.2727572917938232,0.6733667850494385,9.170854568481445,qmix,smacv2,protoss_5_vs_5,100,0.0
