frame,step,timestamp,eval_return_mean,eval_return_std,eval_return_min,eval_return_max,algorithm,environment,task,seed,eval_win_rate
2000,0,2026-06-06T13:05:24.515955,4.849429130554199,2.1826720237731934,1.7144670486450195,10.456851959228516,qmix,smacv2,protoss_5_vs_5,101,0.05000000074505806
4000,1,2026-06-06T13:08:34.615475,5.095240592956543,2.055479049682617,1.7766497135162354,9.573603630065918,qmix,smacv2,protoss_5_vs_5,101,0.0
6000,2,2026-06-06T13:11:46.054306,5.489022731781006,2.296677589416504,1.5342638492584229,10.243654251098633,qmix,smacv2,protoss_5_vs_5,101,0.0
8000,3,2026-06-06T13:14:56.188030,5.263705730438232,2.117802619934082,2.431471824645996,10.142131805419922,qmix,smacv2,protoss_5_vs_5,101,0.0
10000,4,2026-06-06T13:18:04.177858,4.927093505859375,2.2263453006744385,1.5329948663711548,10.477156639099121,qmix,smacv2,protoss_5_vs_5,101,0.0
12000,5,2026-06-06T13:21:15.934146,6.149365425109863,2.381110668182373,2.9835026264190674,12.385787010192871,qmix,smacv2,protoss_5_vs_5,101,0.05000000074505806
14000,6,2026-06-06T13:24:27.527887,5.418464660644531,1.857134461402893,2.253807306289673,9.170050621032715,qmix,smacv2,protoss_5_vs_5,101,0.0
16000,7,2026-06-06T13:27:41.277417,6.135152339935303,2.1517891883850098,2.487309455871582,10.34390926361084,qmix,smacv2,protoss_5_vs_5,101,0.05000000074505806
18000,8,2026-06-06T13:30:53.465846,5.86453104019165,2.0336241722106934,2.07741117477417,10.65989875793457,qmix,smacv2,protoss_5_vs_5,101,0.05000000074505806
20000,9,2026-06-06T13:34:10.496231,5.071954250335693,2.087153911590576,2.0913705825805664,10.192893028259277,qmix,smacv2,protoss_5_vs_5,101,0.0
22000,10,2026-06-06T13:37:26.301270,4.767449378967285,1.3343415260314941,2.4213199615478516,8.942893981933594,qmix,smacv2,protoss_5_vs_5,101,0.0
24000,11,2026-06-06T13:40:42.241318,6.648541450500488,3.690230369567871,2.706852674484253,18.507614135742188,qmix,smacv2,protoss_5_vs_5,101,0.10000000149011612
26000,12,2026-06-06T13:43:57.515940,5.384835243225098,3.2349815368652344,1.6992385387420654,14.444162368774414,qmix,smacv2,protoss_5_vs_5,101,0.15000000596046448
28000,13,2026-06-06T13:47:12.940972,4.165355205535889,1.4755678176879883,1.7969543933868408,7.208121299743652,qmix,smacv2,protoss_5_vs_5,101,0.0
30000,14,2026-06-06T13:50:26.427266,5.50050687789917,2.2112629413604736,2.808375597000122,13.076141357421875,qmix,smacv2,protoss_5_vs_5,101,0.0
32000,15,2026-06-06T13:53:37.494123,6.121700763702393,2.064981698989868,3.401015520095825,10.487310409545898,qmix,smacv2,protoss_5_vs_5,101,0.0
34000,16,2026-06-06T13:56:47.821269,5.407105922698975,1.13081955909729,2.9644670486450195,7.3159894943237305,qmix,smacv2,protoss_5_vs_5,101,0.0
36000,17,2026-06-06T14:00:05.455323,4.8416242599487305,2.5131754875183105,1.578680157661438,11.928934097290039,qmix,smacv2,protoss_5_vs_5,101,0.0
38000,18,2026-06-06T14:03:19.992798,4.8544416427612305,1.1819167137145996,1.6243655681610107,7.573603630065918,qmix,smacv2,protoss_5_vs_5,101,0.0
40000,19,2026-06-06T14:06:31.400881,3.99638295173645,1.7116093635559082,1.6624364852905273,8.121827125549316,qmix,smacv2,protoss_5_vs_5,101,0.0
42000,20,2026-06-06T14:09:41.353386,5.43813419342041,1.8324331045150757,2.2538070678710938,8.159897804260254,qmix,smacv2,protoss_5_vs_5,101,0.0
44000,21,2026-06-06T14:12:52.838848,5.463324546813965,1.9762862920761108,1.7677665948867798,9.725887298583984,qmix,smacv2,protoss_5_vs_5,101,0.0
46000,22,2026-06-06T14:16:02.729346,4.094986915588379,2.2502434253692627,1.6954314708709717,11.638325691223145,qmix,smacv2,protoss_5_vs_5,101,0.0
48000,23,2026-06-06T14:19:17.007191,4.9062180519104,2.838257074356079,1.2588832378387451,14.328680038452148,qmix,smacv2,protoss_5_vs_5,101,0.0
50000,24,2026-06-06T14:22:29.429004,4.57246208190918,1.3635605573654175,1.999999761581421,7.536802768707275,qmix,smacv2,protoss_5_vs_5,101,0.0
52000,25,2026-06-06T14:25:41.315063,4.926839828491211,1.5665044784545898,1.8045685291290283,9.156091690063477,qmix,smacv2,protoss_5_vs_5,101,0.0
54000,26,2026-06-06T14:28:53.595883,5.193020820617676,2.1084392070770264,2.543147325515747,12.317258834838867,qmix,smacv2,protoss_5_vs_5,101,0.05000000074505806
56000,27,2026-06-06T14:32:04.816970,4.479187965393066,1.6620203256607056,1.9187818765640259,7.71573543548584,qmix,smacv2,protoss_5_vs_5,101,0.0
58000,28,2026-06-06T14:35:23.330316,4.804251670837402,2.3112401962280273,0.9543147087097168,10.243656158447266,qmix,smacv2,protoss_5_vs_5,101,0.0
60000,29,2026-06-06T14:38:33.473466,4.565926551818848,2.206702470779419,1.8274112939834595,12.355329513549805,qmix,smacv2,protoss_5_vs_5,101,0.05000000074505806
62000,30,2026-06-06T14:41:50.065656,3.8531718254089355,1.4948920011520386,1.9187816381454468,7.56472110748291,qmix,smacv2,protoss_5_vs_5,101,0.0
64000,31,2026-06-06T14:45:04.467051,4.2383246421813965,2.171973466873169,1.4010151624679565,10.0,qmix,smacv2,protoss_5_vs_5,101,0.0
66000,32,2026-06-06T14:48:27.982943,4.159390926361084,2.1929426193237305,1.549492359161377,10.03045654296875,qmix,smacv2,protoss_5_vs_5,101,0.0
68000,33,2026-06-06T14:51:51.028256,5.04771614074707,1.3093477487564087,2.8223347663879395,8.40609073638916,qmix,smacv2,protoss_5_vs_5,101,0.0
70000,34,2026-06-06T14:55:27.231870,3.576903820037842,2.6092236042022705,0.7487309575080872,11.238578796386719,qmix,smacv2,protoss_5_vs_5,101,0.0
72000,35,2026-06-06T14:59:12.196090,3.7022838592529297,1.595103144645691,1.621827483177185,7.046954154968262,qmix,smacv2,protoss_5_vs_5,101,0.0
74000,36,2026-06-06T15:02:41.815889,4.350190162658691,1.4441207647323608,2.142131805419922,8.388324737548828,qmix,smacv2,protoss_5_vs_5,101,0.0
76000,37,2026-06-06T15:06:18.571115,3.4510154724121094,1.5051954984664917,0.7931472063064575,6.2144670486450195,qmix,smacv2,protoss_5_vs_5,101,0.0
78000,38,2026-06-06T15:09:44.505846,3.4744293689727783,1.4862098693847656,0.36548224091529846,7.0050764083862305,qmix,smacv2,protoss_5_vs_5,101,0.0
80000,39,2026-06-06T15:13:24.397076,4.160913944244385,2.044703245162964,1.257614254951477,8.507614135742188,qmix,smacv2,protoss_5_vs_5,101,0.0
82000,40,2026-06-06T15:17:02.639569,3.955076217651367,1.7254937887191772,1.401015281677246,7.847716331481934,qmix,smacv2,protoss_5_vs_5,101,0.0
84000,41,2026-06-06T15:20:33.635447,3.7896571159362793,1.0555695295333862,2.2741119861602783,6.328680038452148,qmix,smacv2,protoss_5_vs_5,101,0.0
86000,42,2026-06-06T15:23:57.795535,4.21941614151001,1.381150245666504,1.829949140548706,6.954314231872559,qmix,smacv2,protoss_5_vs_5,101,0.0
88000,43,2026-06-06T15:27:15.763799,4.790101528167725,2.267580509185791,1.015228509902954,9.604061126708984,qmix,smacv2,protoss_5_vs_5,101,0.0
90000,44,2026-06-06T15:30:29.695313,4.893718242645264,2.4343717098236084,1.9175126552581787,12.385786056518555,qmix,smacv2,protoss_5_vs_5,101,0.05000000074505806
92000,45,2026-06-06T15:33:38.182553,3.5098984241485596,1.3815587759017944,0.9137055277824402,6.6840105056762695,qmix,smacv2,protoss_5_vs_5,101,0.0
94000,46,2026-06-06T15:36:48.770272,4.0638322830200195,2.5753612518310547,0.9644670486450195,11.553298950195312,qmix,smacv2,protoss_5_vs_5,101,0.0
96000,47,2026-06-06T15:39:57.364023,3.648667097091675,1.5617419481277466,0.0,7.147208213806152,qmix,smacv2,protoss_5_vs_5,101,0.0
98000,48,2026-06-06T15:43:06.476504,4.59505033493042,2.3692755699157715,1.4390863180160522,9.512690544128418,qmix,smacv2,protoss_5_vs_5,101,0.0
100000,49,2026-06-06T15:46:16.438189,3.4905459880828857,1.3876491785049438,1.2461929321289062,5.9276652336120605,qmix,smacv2,protoss_5_vs_5,101,0.0
102000,50,2026-06-06T15:49:31.373148,3.903362989425659,1.5849252939224243,1.7664973735809326,7.945431709289551,qmix,smacv2,protoss_5_vs_5,101,0.0
104000,51,2026-06-06T15:52:49.658031,4.344923973083496,1.7310986518859863,1.7220814228057861,7.384517669677734,qmix,smacv2,protoss_5_vs_5,101,0.0
106000,52,2026-06-06T15:56:00.803804,4.079315185546875,1.9720432758331299,1.6700509786605835,9.025381088256836,qmix,smacv2,protoss_5_vs_5,101,0.0
108000,53,2026-06-06T15:59:11.038940,3.898160219192505,2.36073899269104,1.1370558738708496,9.337562561035156,qmix,smacv2,protoss_5_vs_5,101,0.0
110000,54,2026-06-06T16:02:20.415641,3.7859139442443848,1.3370908498764038,1.5431472063064575,6.619290351867676,qmix,smacv2,protoss_5_vs_5,101,0.0
112000,55,2026-06-06T16:05:37.476721,3.9793148040771484,1.341107726097107,2.043147325515747,6.6598992347717285,qmix,smacv2,protoss_5_vs_5,101,0.0
114000,56,2026-06-06T16:08:50.560854,3.0182104110717773,1.2843565940856934,0.5304568409919739,5.106598854064941,qmix,smacv2,protoss_5_vs_5,101,0.0
116000,57,2026-06-06T16:12:04.964704,3.3929569721221924,1.742512583732605,0.700507640838623,8.639594078063965,qmix,smacv2,protoss_5_vs_5,101,0.0
118000,58,2026-06-06T16:15:24.038385,3.392322063446045,1.4583474397659302,1.2246192693710327,6.145938873291016,qmix,smacv2,protoss_5_vs_5,101,0.0
120000,59,2026-06-06T16:18:55.577163,4.14359188079834,2.036903142929077,1.5241117477416992,8.233502388000488,qmix,smacv2,protoss_5_vs_5,101,0.0
122000,60,2026-06-06T16:22:17.619506,2.262373208999634,1.6030247211456299,0.0,5.696700572967529,qmix,smacv2,protoss_5_vs_5,101,0.0
124000,61,2026-06-06T16:25:47.074294,3.421002149581909,1.956299901008606,0.2131979763507843,8.467005729675293,qmix,smacv2,protoss_5_vs_5,101,0.0
126000,62,2026-06-06T16:29:17.604002,4.914150238037109,2.2660491466522217,2.355329990386963,10.527918815612793,qmix,smacv2,protoss_5_vs_5,101,0.0
128000,63,2026-06-06T16:32:42.593429,4.562436580657959,2.148974657058716,1.3096446990966797,8.832487106323242,qmix,smacv2,protoss_5_vs_5,101,0.0
130000,64,2026-06-06T16:36:02.720001,3.9496827125549316,1.3928160667419434,1.1979694366455078,6.152284622192383,qmix,smacv2,protoss_5_vs_5,101,0.0
132000,65,2026-06-06T16:39:21.566915,3.8052666187286377,1.8085192441940308,0.9606598615646362,6.720811367034912,qmix,smacv2,protoss_5_vs_5,101,0.0
134000,66,2026-06-06T16:42:37.774212,3.784010410308838,1.5110976696014404,1.3096446990966797,6.631979942321777,qmix,smacv2,protoss_5_vs_5,101,0.0
136000,67,2026-06-06T16:45:56.149401,4.150634288787842,1.588010311126709,0.8895938992500305,7.906092166900635,qmix,smacv2,protoss_5_vs_5,101,0.0
138000,68,2026-06-06T16:49:07.455126,3.8718905448913574,2.4878268241882324,0.9657360315322876,11.371828079223633,qmix,smacv2,protoss_5_vs_5,101,0.0
140000,69,2026-06-06T16:52:22.107750,3.9558377265930176,1.7250499725341797,1.4746192693710327,8.121827125549316,qmix,smacv2,protoss_5_vs_5,101,0.0
142000,70,2026-06-06T16:55:34.134549,4.649492263793945,1.7130502462387085,2.4365482330322266,8.881978988647461,qmix,smacv2,protoss_5_vs_5,101,0.0
144000,71,2026-06-06T16:58:44.535300,4.2943525314331055,1.9725781679153442,1.086294412612915,8.020304679870605,qmix,smacv2,protoss_5_vs_5,101,0.0
146000,72,2026-06-06T17:01:55.543853,4.058756351470947,1.6606354713439941,2.0406088829040527,7.51269006729126,qmix,smacv2,protoss_5_vs_5,101,0.0
148000,73,2026-06-06T17:05:02.187826,3.9842002391815186,1.6213600635528564,1.8654820919036865,7.588832855224609,qmix,smacv2,protoss_5_vs_5,101,0.0
150000,74,2026-06-06T17:08:13.338580,4.401966571807861,1.6050881147384644,1.472081184387207,7.675126552581787,qmix,smacv2,protoss_5_vs_5,101,0.0
152000,75,2026-06-06T17:11:24.751938,3.9187817573547363,1.4767169952392578,1.4822335243225098,7.57867956161499,qmix,smacv2,protoss_5_vs_5,101,0.0
154000,76,2026-06-06T17:14:34.757898,4.466053485870361,2.6321942806243896,2.2398476600646973,14.568527221679688,qmix,smacv2,protoss_5_vs_5,101,0.05000000074505806
156000,77,2026-06-06T17:17:41.617801,3.835850238800049,1.3281455039978027,2.333756446838379,6.568528175354004,qmix,smacv2,protoss_5_vs_5,101,0.0
158000,78,2026-06-06T17:20:48.530849,4.381535530090332,1.4274098873138428,2.355329751968384,7.691624641418457,qmix,smacv2,protoss_5_vs_5,101,0.0
160000,79,2026-06-06T17:24:03.401554,3.5144667625427246,1.5433322191238403,0.7106598615646362,6.371827125549316,qmix,smacv2,protoss_5_vs_5,101,0.0
162000,80,2026-06-06T17:27:16.149428,3.8484771251678467,1.4045398235321045,1.4746193885803223,5.846446990966797,qmix,smacv2,protoss_5_vs_5,101,0.0
164000,81,2026-06-06T17:30:27.681231,3.4020304679870605,1.162038803100586,0.9060913324356079,6.110405921936035,qmix,smacv2,protoss_5_vs_5,101,0.0
166000,82,2026-06-06T17:33:40.914901,3.689847469329834,1.1523655652999878,2.219542980194092,6.354060649871826,qmix,smacv2,protoss_5_vs_5,101,0.0
168000,83,2026-06-06T17:36:56.131158,3.438007354736328,1.8143683671951294,0.8934009671211243,7.84517765045166,qmix,smacv2,protoss_5_vs_5,101,0.0
170000,84,2026-06-06T17:40:10.890076,3.980647325515747,1.788732647895813,1.1243654489517212,7.9898481369018555,qmix,smacv2,protoss_5_vs_5,101,0.0
172000,85,2026-06-06T17:43:28.819473,3.801966905593872,1.3724441528320312,1.7411167621612549,6.324872970581055,qmix,smacv2,protoss_5_vs_5,101,0.0
174000,86,2026-06-06T17:46:49.146348,3.4749367237091064,1.4741679430007935,1.492385745048523,7.420050621032715,qmix,smacv2,protoss_5_vs_5,101,0.0
176000,87,2026-06-06T17:50:12.752311,3.950634479522705,1.1602363586425781,2.0038068294525146,6.121827602386475,qmix,smacv2,protoss_5_vs_5,101,0.0
178000,88,2026-06-06T17:53:37.346191,3.9123730659484863,0.9931493401527405,2.1611671447753906,5.925127029418945,qmix,smacv2,protoss_5_vs_5,101,0.0
180000,89,2026-06-06T17:57:08.272744,4.451903343200684,1.9568259716033936,2.0609138011932373,8.796954154968262,qmix,smacv2,protoss_5_vs_5,101,0.0
182000,90,2026-06-06T18:00:34.373134,3.4446702003479004,1.9540051221847534,0.700507640838623,8.31472110748291,qmix,smacv2,protoss_5_vs_5,101,0.0
184000,91,2026-06-06T18:04:15.021949,3.821636915206909,1.7271498441696167,1.1776649951934814,7.593908786773682,qmix,smacv2,protoss_5_vs_5,101,0.0
186000,92,2026-06-06T18:07:51.099476,4.5789971351623535,2.2820417881011963,1.6713197231292725,9.035533905029297,qmix,smacv2,protoss_5_vs_5,101,0.0
188000,93,2026-06-06T18:11:18.898482,4.805837631225586,2.14479923248291,2.1522843837738037,10.111675262451172,qmix,smacv2,protoss_5_vs_5,101,0.0
190000,94,2026-06-06T18:14:40.120209,4.327157020568848,1.4915103912353516,1.5939085483551025,9.289339065551758,qmix,smacv2,protoss_5_vs_5,101,0.0
192000,95,2026-06-06T18:17:55.531830,3.4171955585479736,1.460585117340088,1.694162368774414,7.180203437805176,qmix,smacv2,protoss_5_vs_5,101,0.0
194000,96,2026-06-06T18:21:11.287587,3.6235408782958984,1.6836633682250977,1.1129441261291504,6.578680515289307,qmix,smacv2,protoss_5_vs_5,101,0.0
196000,97,2026-06-06T18:24:28.367362,4.192702770233154,1.655220627784729,1.614213228225708,8.101522445678711,qmix,smacv2,protoss_5_vs_5,101,0.0
198000,98,2026-06-06T18:27:46.379018,3.6925761699676514,2.343435764312744,1.0964467525482178,11.076142311096191,qmix,smacv2,protoss_5_vs_5,101,0.0
200000,99,2026-06-06T18:31:04.990073,3.8291878700256348,2.9228382110595703,0.6281726360321045,12.111674308776855,qmix,smacv2,protoss_5_vs_5,101,0.0
202000,100,2026-06-06T18:34:21.329066,3.721954345703125,1.4244308471679688,0.0,7.109137535095215,qmix,smacv2,protoss_5_vs_5,101,0.0
204000,101,2026-06-06T18:37:32.878489,3.8137054443359375,2.385209798812866,1.3172588348388672,9.959391593933105,qmix,smacv2,protoss_5_vs_5,101,0.0
206000,102,2026-06-06T18:40:38.443501,3.8635783195495605,1.9945399761199951,1.6751267910003662,9.218273162841797,qmix,smacv2,protoss_5_vs_5,101,0.0
208000,103,2026-06-06T18:43:46.719920,3.9278550148010254,1.8054141998291016,1.793147325515747,7.847715854644775,qmix,smacv2,protoss_5_vs_5,101,0.0
210000,104,2026-06-06T18:46:52.950559,4.449175834655762,2.044532299041748,1.857867956161499,8.8109130859375,qmix,smacv2,protoss_5_vs_5,101,0.0
212000,105,2026-06-06T18:49:57.773241,4.269289493560791,1.387333869934082,2.4708120822906494,7.411168098449707,qmix,smacv2,protoss_5_vs_5,101,0.0
214000,106,2026-06-06T18:53:03.438407,4.084708213806152,1.4662476778030396,1.8375635147094727,6.781725883483887,qmix,smacv2,protoss_5_vs_5,101,0.0
216000,107,2026-06-06T18:56:14.906820,4.205964088439941,1.8315327167510986,1.713197946548462,8.0,qmix,smacv2,protoss_5_vs_5,101,0.0
218000,108,2026-06-06T18:59:26.332102,3.9797587394714355,1.9652377367019653,1.4213197231292725,9.486041069030762,qmix,smacv2,protoss_5_vs_5,101,0.0
220000,109,2026-06-06T19:02:43.291212,3.9322972297668457,2.0877845287323,1.6345176696777344,8.31472110748291,qmix,smacv2,protoss_5_vs_5,101,0.0
222000,110,2026-06-06T19:05:57.099513,4.110596656799316,1.8630541563034058,1.7664973735809326,7.671319484710693,qmix,smacv2,protoss_5_vs_5,101,0.0
224000,111,2026-06-06T19:09:13.517428,3.7939724922180176,1.8612902164459229,1.3096445798873901,6.497462272644043,qmix,smacv2,protoss_5_vs_5,101,0.0
226000,112,2026-06-06T19:12:28.249487,4.636801719665527,1.814760446548462,1.6954313516616821,8.288070678710938,qmix,smacv2,protoss_5_vs_5,101,0.0
228000,113,2026-06-06T19:15:49.258745,3.9057106971740723,2.0336296558380127,0.6700507402420044,9.736040115356445,qmix,smacv2,protoss_5_vs_5,101,0.0
230000,114,2026-06-06T19:19:18.054521,4.076776504516602,1.4478559494018555,1.4949238300323486,7.098985195159912,qmix,smacv2,protoss_5_vs_5,101,0.0
232000,115,2026-06-06T19:22:40.181831,4.579378128051758,2.261281728744507,2.2233502864837646,12.393400192260742,qmix,smacv2,protoss_5_vs_5,101,0.05000000074505806
234000,116,2026-06-06T19:26:09.921858,4.473984718322754,1.8281351327896118,2.213197946548462,8.710659980773926,qmix,smacv2,protoss_5_vs_5,101,0.0
236000,117,2026-06-06T19:29:49.425714,4.687500476837158,2.3490781784057617,1.722080945968628,10.03045654296875,qmix,smacv2,protoss_5_vs_5,101,0.0
238000,118,2026-06-06T19:33:33.427809,4.032042980194092,1.9618008136749268,1.308375597000122,8.317258834838867,qmix,smacv2,protoss_5_vs_5,101,0.0
240000,119,2026-06-06T19:36:57.779124,4.4503173828125,1.6988914012908936,2.2233502864837646,7.380710601806641,qmix,smacv2,protoss_5_vs_5,101,0.0
242000,120,2026-06-06T19:40:17.982345,5.170177936553955,2.121842861175537,1.9263957738876343,9.460659980773926,qmix,smacv2,protoss_5_vs_5,101,0.0
244000,121,2026-06-06T19:43:35.819159,4.320812225341797,1.6448181867599487,2.1624364852905273,9.144670486450195,qmix,smacv2,protoss_5_vs_5,101,0.0
246000,122,2026-06-06T19:46:55.161293,4.723794460296631,1.8031635284423828,1.736040472984314,7.866751670837402,qmix,smacv2,protoss_5_vs_5,101,0.0
248000,123,2026-06-06T19:50:13.151479,4.48286771774292,1.9551454782485962,1.498731017112732,8.019035339355469,qmix,smacv2,protoss_5_vs_5,101,0.0
250000,124,2026-06-06T19:53:31.279936,3.5339462757110596,1.4652857780456543,1.3540608882904053,6.931471824645996,qmix,smacv2,protoss_5_vs_5,101,0.0
252000,125,2026-06-06T19:56:49.053882,3.9388957023620605,2.516744613647461,1.1776649951934814,11.845176696777344,qmix,smacv2,protoss_5_vs_5,101,0.0
254000,126,2026-06-06T20:00:06.057938,4.054314613342285,1.291957139968872,2.5253806114196777,6.944161891937256,qmix,smacv2,protoss_5_vs_5,101,0.0
256000,127,2026-06-06T20:03:22.280540,4.196763515472412,1.9453762769699097,2.2271575927734375,10.456851959228516,qmix,smacv2,protoss_5_vs_5,101,0.05000000074505806
258000,128,2026-06-06T20:06:34.415090,3.878934144973755,1.592042326927185,1.543147087097168,7.50380802154541,qmix,smacv2,protoss_5_vs_5,101,0.0
260000,129,2026-06-06T20:10:12.856738,3.0715103149414062,1.4268813133239746,1.3096446990966797,7.289339542388916,qmix,smacv2,protoss_5_vs_5,101,0.0
262000,130,2026-06-06T20:13:46.868231,2.587817430496216,1.9459460973739624,0.46700507402420044,6.741116523742676,qmix,smacv2,protoss_5_vs_5,101,0.0
264000,131,2026-06-06T20:17:12.868272,3.4257609844207764,1.5035582780838013,0.6015228033065796,6.598985195159912,qmix,smacv2,protoss_5_vs_5,101,0.0
266000,132,2026-06-06T20:20:43.218891,4.101269245147705,1.7213728427886963,1.593908667564392,7.532995700836182,qmix,smacv2,protoss_5_vs_5,101,0.0
268000,133,2026-06-06T20:24:05.095426,3.5638325214385986,1.5603581666946411,1.4467004537582397,7.543147087097168,qmix,smacv2,protoss_5_vs_5,101,0.0
270000,134,2026-06-06T20:27:16.967296,3.5330586433410645,1.2270457744598389,1.930202841758728,6.652284145355225,qmix,smacv2,protoss_5_vs_5,101,0.0
272000,135,2026-06-06T20:30:29.468258,4.868020057678223,2.724956750869751,1.529187798500061,12.385786056518555,qmix,smacv2,protoss_5_vs_5,101,0.05000000074505806
274000,136,2026-06-06T20:33:37.044557,4.414212703704834,2.023876190185547,1.8388324975967407,8.889594078063965,qmix,smacv2,protoss_5_vs_5,101,0.0
276000,137,2026-06-06T20:36:46.048438,4.859264373779297,2.758300304412842,1.3007614612579346,12.385787963867188,qmix,smacv2,protoss_5_vs_5,101,0.05000000074505806
278000,138,2026-06-06T20:39:54.168366,4.5316619873046875,2.154109477996826,1.9048223495483398,10.524110794067383,qmix,smacv2,protoss_5_vs_5,101,0.0
280000,139,2026-06-06T20:43:04.144057,4.229886054992676,2.0814626216888428,1.478426456451416,9.384517669677734,qmix,smacv2,protoss_5_vs_5,101,0.0
282000,140,2026-06-06T20:46:15.304863,4.10031795501709,2.894619941711426,0.9276649355888367,12.487309455871582,qmix,smacv2,protoss_5_vs_5,101,0.05000000074505806
284000,141,2026-06-06T20:49:25.293025,4.91763973236084,2.8025577068328857,0.8502537608146667,14.451776504516602,qmix,smacv2,protoss_5_vs_5,101,0.05000000074505806
286000,142,2026-06-06T20:52:41.491081,3.722017765045166,1.6938693523406982,1.2385787963867188,7.553299903869629,qmix,smacv2,protoss_5_vs_5,101,0.0
288000,143,2026-06-06T20:55:58.254009,5.126269340515137,2.9866280555725098,0.9340101480484009,12.578680038452148,qmix,smacv2,protoss_5_vs_5,101,0.05000000074505806
290000,144,2026-06-06T20:59:10.523907,4.158058166503906,2.1698663234710693,1.192893385887146,11.390863418579102,qmix,smacv2,protoss_5_vs_5,101,0.0
292000,145,2026-06-06T21:02:28.866393,4.254314422607422,2.228536367416382,0.9619289636611938,9.360405921936035,qmix,smacv2,protoss_5_vs_5,101,0.0
294000,146,2026-06-06T21:05:50.894044,4.210850715637207,1.9482733011245728,1.6040608882904053,9.011420249938965,qmix,smacv2,protoss_5_vs_5,101,0.0
296000,147,2026-06-06T21:09:21.736393,5.53331184387207,2.752826452255249,1.685279130935669,12.527918815612793,qmix,smacv2,protoss_5_vs_5,101,0.05000000074505806
298000,148,2026-06-06T21:12:45.406770,5.070812225341797,1.8791805505752563,2.284264087677002,10.142131805419922,qmix,smacv2,protoss_5_vs_5,101,0.0
300000,149,2026-06-06T21:16:15.340754,4.496700286865234,1.9256229400634766,1.3045685291290283,8.96446704864502,qmix,smacv2,protoss_5_vs_5,101,0.0
302000,150,2026-06-06T21:19:39.757602,3.785914182662964,1.5336048603057861,1.5761420726776123,7.634517669677734,qmix,smacv2,protoss_5_vs_5,101,0.0
304000,151,2026-06-06T21:23:10.612073,4.463325023651123,1.686549186706543,1.9974616765975952,7.776649475097656,qmix,smacv2,protoss_5_vs_5,101,0.0
306000,152,2026-06-06T21:26:31.477487,4.26859188079834,2.3737752437591553,1.7030456066131592,10.060914039611816,qmix,smacv2,protoss_5_vs_5,101,0.0
308000,153,2026-06-06T21:29:49.799573,4.657678127288818,1.7594918012619019,2.2538070678710938,9.14974594116211,qmix,smacv2,protoss_5_vs_5,101,0.0
310000,154,2026-06-06T21:33:12.280345,4.538007736206055,1.5913598537445068,1.680202841758728,7.022843360900879,qmix,smacv2,protoss_5_vs_5,101,0.0
312000,155,2026-06-06T21:36:25.714319,4.877030372619629,1.7293546199798584,2.105329990386963,7.960659980773926,qmix,smacv2,protoss_5_vs_5,101,0.0
314000,156,2026-06-06T21:39:34.263695,3.7829315662384033,1.4915934801101685,1.9225887060165405,7.040608882904053,qmix,smacv2,protoss_5_vs_5,101,0.0
316000,157,2026-06-06T21:42:51.753733,4.506091117858887,2.8726587295532227,1.128172516822815,14.446699142456055,qmix,smacv2,protoss_5_vs_5,101,0.05000000074505806
318000,158,2026-06-06T21:46:09.763991,4.4514594078063965,1.6125341653823853,1.765228509902954,7.614213466644287,qmix,smacv2,protoss_5_vs_5,101,0.0
320000,159,2026-06-06T21:49:26.823919,4.017512798309326,1.7366759777069092,1.6015228033065796,7.071066379547119,qmix,smacv2,protoss_5_vs_5,101,0.0
322000,160,2026-06-06T21:52:41.808288,4.904632091522217,2.72487735748291,2.159898519515991,14.314718246459961,qmix,smacv2,protoss_5_vs_5,101,0.05000000074505806
324000,161,2026-06-06T21:55:52.682927,4.360024929046631,1.679351568222046,1.2690355777740479,8.406091690063477,qmix,smacv2,protoss_5_vs_5,101,0.0
326000,162,2026-06-06T21:59:03.285224,3.835913896560669,1.4663829803466797,1.7474619150161743,6.760152339935303,qmix,smacv2,protoss_5_vs_5,101,0.0
328000,163,2026-06-06T22:02:14.696502,5.2295684814453125,2.880099296569824,1.7258882522583008,14.609135627746582,qmix,smacv2,protoss_5_vs_5,101,0.05000000074505806
330000,164,2026-06-06T22:05:22.321459,4.990545749664307,1.8739265203475952,1.9657361507415771,8.050761222839355,qmix,smacv2,protoss_5_vs_5,101,0.0
332000,165,2026-06-06T22:08:33.338636,3.9565353393554688,2.1817498207092285,1.2119288444519043,9.106598854064941,qmix,smacv2,protoss_5_vs_5,101,0.0
334000,166,2026-06-06T22:11:42.840015,4.6476521492004395,1.8024381399154663,1.1979695558547974,8.335025787353516,qmix,smacv2,protoss_5_vs_5,101,0.0
336000,167,2026-06-06T22:14:55.997429,5.276078224182129,1.5431329011917114,2.3312182426452637,8.43020248413086,qmix,smacv2,protoss_5_vs_5,101,0.0
338000,168,2026-06-06T22:18:05.894648,4.834961891174316,1.7578132152557373,1.8274110555648804,7.502537727355957,qmix,smacv2,protoss_5_vs_5,101,0.0
340000,169,2026-06-06T22:21:15.788102,4.390736103057861,1.7612059116363525,1.7855329513549805,8.40101432800293,qmix,smacv2,protoss_5_vs_5,101,0.0
342000,170,2026-06-06T22:24:26.856447,4.629568099975586,1.7808506488800049,1.8083759546279907,9.045684814453125,qmix,smacv2,protoss_5_vs_5,101,0.0
344000,171,2026-06-06T22:27:44.441859,5.517576694488525,2.54669451713562,2.484771728515625,12.14974594116211,qmix,smacv2,protoss_5_vs_5,101,0.0
346000,172,2026-06-06T22:31:12.817648,4.088261604309082,1.6666922569274902,1.4987308979034424,8.385787010192871,qmix,smacv2,protoss_5_vs_5,101,0.0
348000,173,2026-06-06T22:34:31.462933,4.090609073638916,1.607678771018982,1.7918781042099,8.94162368774414,qmix,smacv2,protoss_5_vs_5,101,0.0
350000,174,2026-06-06T22:37:54.904195,4.2158002853393555,1.685861587524414,1.9505077600479126,9.167512893676758,qmix,smacv2,protoss_5_vs_5,101,0.0
352000,175,2026-06-06T22:41:16.433261,4.288388729095459,1.3861689567565918,2.19670033454895,6.870558261871338,qmix,smacv2,protoss_5_vs_5,101,0.0
354000,176,2026-06-06T22:44:43.794610,4.506408214569092,1.5649785995483398,1.5418782234191895,8.079949378967285,qmix,smacv2,protoss_5_vs_5,101,0.0
356000,177,2026-06-06T22:48:06.353717,5.083184719085693,1.996778130531311,2.0380711555480957,10.385787010192871,qmix,smacv2,protoss_5_vs_5,101,0.0
358000,178,2026-06-06T22:51:28.529611,4.0677032470703125,1.84169602394104,1.719543218612671,8.918781280517578,qmix,smacv2,protoss_5_vs_5,101,0.0
360000,179,2026-06-06T22:54:45.243340,4.694860458374023,1.9123831987380981,2.2944161891937256,9.540609359741211,qmix,smacv2,protoss_5_vs_5,101,0.0
362000,180,2026-06-06T22:58:00.104561,5.002410888671875,2.1889877319335938,2.0203046798706055,10.131979942321777,qmix,smacv2,protoss_5_vs_5,101,0.0
364000,181,2026-06-06T23:01:15.607704,5.634707927703857,2.639756441116333,1.4822335243225098,10.454314231872559,qmix,smacv2,protoss_5_vs_5,101,0.0
366000,182,2026-06-06T23:04:30.000444,4.06186580657959,1.8055416345596313,1.7335026264190674,8.196701049804688,qmix,smacv2,protoss_5_vs_5,101,0.0
368000,183,2026-06-06T23:07:41.304276,4.25640869140625,1.687847375869751,2.0748729705810547,7.710659980773926,qmix,smacv2,protoss_5_vs_5,101,0.0
370000,184,2026-06-06T23:10:54.192490,4.555710792541504,1.7523164749145508,2.4060912132263184,8.398477554321289,qmix,smacv2,protoss_5_vs_5,101,0.0
372000,185,2026-06-06T23:14:00.980394,4.0937180519104,1.8719669580459595,1.401015281677246,8.184009552001953,qmix,smacv2,protoss_5_vs_5,101,0.0
374000,186,2026-06-06T23:17:13.285127,4.744860649108887,1.9139763116836548,2.241116762161255,8.942893981933594,qmix,smacv2,protoss_5_vs_5,101,0.0
376000,187,2026-06-06T23:20:20.527935,4.3435282707214355,1.4397218227386475,1.9758882522583008,7.411168098449707,qmix,smacv2,protoss_5_vs_5,101,0.0
378000,188,2026-06-06T23:23:32.199172,4.299555778503418,1.4047702550888062,1.7766497135162354,6.55203104019165,qmix,smacv2,protoss_5_vs_5,101,0.0
380000,189,2026-06-06T23:26:44.636160,5.31326150894165,2.955137252807617,1.8756344318389893,14.294416427612305,qmix,smacv2,protoss_5_vs_5,101,0.0
382000,190,2026-06-06T23:30:01.018420,4.683185577392578,1.9886107444763184,2.142132043838501,9.096446990966797,qmix,smacv2,protoss_5_vs_5,101,0.0
384000,191,2026-06-06T23:33:12.190614,4.179821968078613,1.1396018266677856,2.170050859451294,7.147207736968994,qmix,smacv2,protoss_5_vs_5,101,0.0
386000,192,2026-06-06T23:36:22.702680,4.616370677947998,2.2794995307922363,1.6243654489517212,9.472081184387207,qmix,smacv2,protoss_5_vs_5,101,0.0
388000,193,2026-06-06T23:39:37.276928,4.4148478507995605,1.9835851192474365,1.4428935050964355,8.8109130859375,qmix,smacv2,protoss_5_vs_5,101,0.0
390000,194,2026-06-06T23:42:48.585549,4.830774307250977,1.9304850101470947,1.9492385387420654,8.708122253417969,qmix,smacv2,protoss_5_vs_5,101,0.0
392000,195,2026-06-06T23:45:59.036561,4.457296848297119,1.5446381568908691,2.17258882522583,9.258883476257324,qmix,smacv2,protoss_5_vs_5,101,0.0
394000,196,2026-06-06T23:49:10.514984,4.157551288604736,1.4804612398147583,1.8286802768707275,7.067259311676025,qmix,smacv2,protoss_5_vs_5,101,0.0
362000,180,2026-06-07T16:46:52.907571,4.644132614135742,2.628270149230957,1.7997452020645142,12.432398796081543,qmix,smacv2,protoss_5_vs_5,101,0.0
364000,181,2026-06-07T16:50:10.367846,4.948150157928467,1.6408742666244507,2.0,8.219388008117676,qmix,smacv2,protoss_5_vs_5,101,0.0
366000,182,2026-06-07T16:53:21.937792,4.561670780181885,1.7187179327011108,1.7117345333099365,7.774235725402832,qmix,smacv2,protoss_5_vs_5,101,0.0
368000,183,2026-06-07T16:56:29.842716,4.3709187507629395,2.0871636867523193,1.1428570747375488,10.183673858642578,qmix,smacv2,protoss_5_vs_5,101,0.0
370000,184,2026-06-07T16:59:48.598581,3.744260311126709,1.4001312255859375,1.2346938848495483,6.959184169769287,qmix,smacv2,protoss_5_vs_5,101,0.0
372000,185,2026-06-07T17:03:02.608620,5.087690830230713,2.369205951690674,2.265306234359741,11.418367385864258,qmix,smacv2,protoss_5_vs_5,101,0.0
374000,186,2026-06-07T17:06:15.924735,5.006058692932129,1.9612016677856445,2.1020407676696777,9.099489212036133,qmix,smacv2,protoss_5_vs_5,101,0.0
376000,187,2026-06-07T17:09:24.048402,5.241326332092285,1.8520629405975342,1.667091965675354,8.918367385864258,qmix,smacv2,protoss_5_vs_5,101,0.0
378000,188,2026-06-07T17:12:37.060821,4.666836738586426,2.632112741470337,1.4987244606018066,12.551019668579102,qmix,smacv2,protoss_5_vs_5,101,0.10000000149011612
380000,189,2026-06-07T17:15:49.072054,5.229336738586426,1.7549631595611572,2.6785714626312256,8.877551078796387,qmix,smacv2,protoss_5_vs_5,101,0.0
382000,190,2026-06-07T17:18:59.137616,4.22059965133667,1.2967588901519775,1.7933673858642578,6.875,qmix,smacv2,protoss_5_vs_5,101,0.0
384000,191,2026-06-07T17:22:15.379577,5.251913070678711,2.4693000316619873,1.5012755393981934,13.0,qmix,smacv2,protoss_5_vs_5,101,0.0
386000,192,2026-06-07T17:25:37.008486,5.283035755157471,2.851067066192627,1.553571343421936,13.762754440307617,qmix,smacv2,protoss_5_vs_5,101,0.0
388000,193,2026-06-07T17:28:51.802029,4.8984694480896,3.05745005607605,1.1619898080825806,14.096939086914062,qmix,smacv2,protoss_5_vs_5,101,0.0
390000,194,2026-06-07T17:31:57.558624,4.223660469055176,1.3901385068893433,2.224489688873291,7.193877220153809,qmix,smacv2,protoss_5_vs_5,101,0.0
392000,195,2026-06-07T17:35:05.616300,4.774107456207275,2.2205185890197754,2.2448980808258057,13.042093276977539,qmix,smacv2,protoss_5_vs_5,101,0.0
394000,196,2026-06-07T17:38:15.329013,4.633354663848877,1.123720645904541,2.8545918464660645,7.3469390869140625,qmix,smacv2,protoss_5_vs_5,101,0.0
396000,197,2026-06-07T17:41:18.408037,4.54470682144165,1.8942928314208984,1.8469387292861938,8.80484676361084,qmix,smacv2,protoss_5_vs_5,101,0.0
398000,198,2026-06-07T17:44:20.147594,4.729336738586426,2.9330103397369385,1.2551019191741943,14.591837882995605,qmix,smacv2,protoss_5_vs_5,101,0.05000000074505806
400000,199,2026-06-07T17:47:17.049564,4.752615451812744,2.4689102172851562,0.3979591727256775,10.581632614135742,qmix,smacv2,protoss_5_vs_5,101,0.0
402000,200,2026-06-07T17:50:19.734115,5.662245273590088,2.767631769180298,2.173469305038452,12.653061866760254,qmix,smacv2,protoss_5_vs_5,101,0.05000000074505806
404000,201,2026-06-07T17:53:21.391484,4.344005107879639,2.573035717010498,2.1632652282714844,12.448979377746582,qmix,smacv2,protoss_5_vs_5,101,0.05000000074505806
406000,202,2026-06-07T17:56:22.164550,4.764732360839844,2.231022596359253,1.7755100727081299,11.489795684814453,qmix,smacv2,protoss_5_vs_5,101,0.0
408000,203,2026-06-07T17:59:14.440443,5.062691688537598,2.4222984313964844,1.3252551555633545,12.551020622253418,qmix,smacv2,protoss_5_vs_5,101,0.05000000074505806
410000,204,2026-06-07T18:02:15.229320,5.512244701385498,2.433394193649292,1.9897960424423218,12.244898796081543,qmix,smacv2,protoss_5_vs_5,101,0.05000000074505806
412000,205,2026-06-07T18:05:15.967574,4.981058597564697,2.2658913135528564,1.9285714626312256,10.31505012512207,qmix,smacv2,protoss_5_vs_5,101,0.0
414000,206,2026-06-07T18:08:21.880064,5.52908182144165,2.115962505340576,2.051020383834839,10.005102157592773,qmix,smacv2,protoss_5_vs_5,101,0.0
416000,207,2026-06-07T18:11:34.371800,4.801466941833496,1.9452874660491943,2.271683692932129,9.732142448425293,qmix,smacv2,protoss_5_vs_5,101,0.0
418000,208,2026-06-07T18:14:42.648517,4.981888294219971,1.6174125671386719,2.4515304565429688,8.660714149475098,qmix,smacv2,protoss_5_vs_5,101,0.0
420000,209,2026-06-07T18:17:58.807476,3.9392852783203125,1.258711338043213,2.146683692932129,7.014031410217285,qmix,smacv2,protoss_5_vs_5,101,0.0
422000,210,2026-06-07T18:21:10.303262,5.077486991882324,2.520495891571045,1.9183673858642578,10.528060913085938,qmix,smacv2,protoss_5_vs_5,101,0.05000000074505806
424000,211,2026-06-07T18:24:25.193176,3.8816962242126465,1.311324954032898,1.4183673858642578,6.622448921203613,qmix,smacv2,protoss_5_vs_5,101,0.0
426000,212,2026-06-07T18:27:46.184368,4.937117099761963,1.982605218887329,2.3265304565429688,9.346938133239746,qmix,smacv2,protoss_5_vs_5,101,0.0
428000,213,2026-06-07T18:31:06.799409,5.319706916809082,2.026573419570923,2.077805995941162,9.959184646606445,qmix,smacv2,protoss_5_vs_5,101,0.0
430000,214,2026-06-07T18:34:23.767208,5.401147842407227,2.62400484085083,2.735969305038452,14.387754440307617,qmix,smacv2,protoss_5_vs_5,101,0.05000000074505806
432000,215,2026-06-07T18:37:42.374168,4.723532676696777,1.3521298170089722,1.4387755393981934,7.331632137298584,qmix,smacv2,protoss_5_vs_5,101,0.0
434000,216,2026-06-07T18:41:07.868143,4.938902854919434,2.083007335662842,1.5765304565429688,10.51020336151123,qmix,smacv2,protoss_5_vs_5,101,0.05000000074505806
436000,217,2026-06-07T18:44:24.613376,5.168494701385498,1.9091838598251343,1.4999998807907104,10.396684646606445,qmix,smacv2,protoss_5_vs_5,101,0.0
438000,218,2026-06-07T18:47:40.845050,4.818175792694092,2.497593402862549,2.1262755393981934,12.46938705444336,qmix,smacv2,protoss_5_vs_5,101,0.05000000074505806
440000,219,2026-06-07T18:50:58.036206,4.180037975311279,2.3185737133026123,1.336734652519226,12.346939086914062,qmix,smacv2,protoss_5_vs_5,101,0.05000000074505806
442000,220,2026-06-07T18:54:12.496049,4.994961738586426,2.0159921646118164,1.8061224222183228,9.779336929321289,qmix,smacv2,protoss_5_vs_5,101,0.0
444000,221,2026-06-07T18:57:22.652647,4.557525634765625,2.0533227920532227,1.6964285373687744,8.561224937438965,qmix,smacv2,protoss_5_vs_5,101,0.0
446000,222,2026-06-07T19:00:31.879548,4.690433502197266,1.617614984512329,1.9591834545135498,8.244897842407227,qmix,smacv2,protoss_5_vs_5,101,0.0
448000,223,2026-06-07T19:03:39.216305,5.667665958404541,3.086822509765625,2.142857074737549,12.448980331420898,qmix,smacv2,protoss_5_vs_5,101,0.05000000074505806
450000,224,2026-06-07T19:06:41.435696,4.525509834289551,1.4494552612304688,2.09183669090271,7.405612945556641,qmix,smacv2,protoss_5_vs_5,101,0.0
452000,225,2026-06-07T19:09:39.306214,4.884949207305908,2.142582416534424,2.40051007270813,11.042091369628906,qmix,smacv2,protoss_5_vs_5,101,0.0
454000,226,2026-06-07T19:12:43.071060,4.744833946228027,1.4192453622817993,2.0025510787963867,7.408163547515869,qmix,smacv2,protoss_5_vs_5,101,0.0
456000,227,2026-06-07T19:15:44.563451,4.952869415283203,2.0016872882843018,1.8163264989852905,8.520407676696777,qmix,smacv2,protoss_5_vs_5,101,0.0
458000,228,2026-06-07T19:18:44.657242,4.365816593170166,1.6344854831695557,1.1020407676696777,7.061224937438965,qmix,smacv2,protoss_5_vs_5,101,0.0
460000,229,2026-06-07T19:21:46.764242,5.144387245178223,2.8343465328216553,0.6530612111091614,14.406888008117676,qmix,smacv2,protoss_5_vs_5,101,0.05000000074505806
462000,230,2026-06-07T19:24:42.569600,5.345280647277832,2.5089685916900635,2.118622303009033,12.653059959411621,qmix,smacv2,protoss_5_vs_5,101,0.05000000074505806
464000,231,2026-06-07T19:27:42.988333,4.0520405769348145,1.7676423788070679,1.957908272743225,7.466836452484131,qmix,smacv2,protoss_5_vs_5,101,0.0
466000,232,2026-06-07T19:30:50.456134,5.1458539962768555,1.9773958921432495,2.4387755393981934,9.346939086914062,qmix,smacv2,protoss_5_vs_5,101,0.0
468000,233,2026-06-07T19:34:00.883341,4.5954718589782715,1.4013203382492065,1.265305995941162,6.616072177886963,qmix,smacv2,protoss_5_vs_5,101,0.0
470000,234,2026-06-07T19:37:23.611049,4.607205867767334,2.2730696201324463,1.6415817737579346,8.428571701049805,qmix,smacv2,protoss_5_vs_5,101,0.0
472000,235,2026-06-07T19:40:46.474353,4.1953444480896,1.6468505859375,1.2653061151504517,8.471938133239746,qmix,smacv2,protoss_5_vs_5,101,0.0
474000,236,2026-06-07T19:44:17.524507,5.137564182281494,1.393296241760254,2.5982141494750977,8.090560913085938,qmix,smacv2,protoss_5_vs_5,101,0.0
476000,237,2026-06-07T19:47:36.520211,4.719515800476074,1.6218793392181396,1.8469387292861938,8.244898796081543,qmix,smacv2,protoss_5_vs_5,101,0.0
478000,238,2026-06-07T19:50:54.088045,4.398787498474121,1.4407784938812256,2.056122303009033,7.13265323638916,qmix,smacv2,protoss_5_vs_5,101,0.0
480000,239,2026-06-07T19:54:09.521473,4.989094257354736,1.9339628219604492,1.878826379776001,9.846938133239746,qmix,smacv2,protoss_5_vs_5,101,0.0
482000,240,2026-06-07T19:57:28.478293,5.070918560028076,2.562346935272217,1.7755100727081299,12.683673858642578,qmix,smacv2,protoss_5_vs_5,101,0.0
484000,241,2026-06-07T20:00:39.035092,4.485267639160156,1.3242830038070679,2.68367338180542,7.0089287757873535,qmix,smacv2,protoss_5_vs_5,101,0.0
486000,242,2026-06-07T20:03:37.502126,4.427359580993652,1.9736729860305786,2.084183692932129,9.632652282714844,qmix,smacv2,protoss_5_vs_5,101,0.0
488000,243,2026-06-07T20:06:35.032612,4.977869987487793,2.3886849880218506,1.5522959232330322,10.67984676361084,qmix,smacv2,protoss_5_vs_5,101,0.0
490000,244,2026-06-07T20:09:34.504344,4.752040863037109,1.932506799697876,1.816326379776001,9.1007661819458,qmix,smacv2,protoss_5_vs_5,101,0.0
492000,245,2026-06-07T20:12:30.245780,2.994706392288208,1.264472484588623,0.714285671710968,6.073978900909424,qmix,smacv2,protoss_5_vs_5,101,0.0
494000,246,2026-06-07T20:15:28.235505,5.715879917144775,1.9841006994247437,2.3915817737579346,9.255102157592773,qmix,smacv2,protoss_5_vs_5,101,0.0
496000,247,2026-06-07T20:18:20.951578,4.011033058166504,1.6525193452835083,1.4897959232330322,6.862245082855225,qmix,smacv2,protoss_5_vs_5,101,0.0
498000,248,2026-06-07T20:21:17.673724,3.8679847717285156,1.5538336038589478,1.3737244606018066,6.3469390869140625,qmix,smacv2,protoss_5_vs_5,101,0.0
500000,249,2026-06-07T20:24:17.787582,4.495217323303223,1.8366559743881226,1.895408272743225,8.010204315185547,qmix,smacv2,protoss_5_vs_5,101,0.0
502000,250,2026-06-07T20:27:12.973761,4.999744892120361,1.8890689611434937,2.0714285373687744,9.387755393981934,qmix,smacv2,protoss_5_vs_5,101,0.0
504000,251,2026-06-07T20:30:09.513712,5.072066307067871,2.962015151977539,1.7755101919174194,12.991071701049805,qmix,smacv2,protoss_5_vs_5,101,0.05000000074505806
506000,252,2026-06-07T20:33:14.153757,4.561671257019043,1.8874189853668213,2.4566328525543213,9.530611991882324,qmix,smacv2,protoss_5_vs_5,101,0.0
508000,253,2026-06-07T20:36:19.954645,4.174107074737549,1.3810020685195923,1.867347002029419,6.877551078796387,qmix,smacv2,protoss_5_vs_5,101,0.0
510000,254,2026-06-07T20:39:29.121515,4.219579219818115,2.1265785694122314,1.4451531171798706,10.438775062561035,qmix,smacv2,protoss_5_vs_5,101,0.0
512000,255,2026-06-07T20:42:38.399047,4.203188419342041,1.5470249652862549,1.59566330909729,8.88520336151123,qmix,smacv2,protoss_5_vs_5,101,0.0
514000,256,2026-06-07T20:45:46.901084,5.079719543457031,2.1577017307281494,2.224489688873291,9.651785850524902,qmix,smacv2,protoss_5_vs_5,101,0.0
516000,257,2026-06-07T20:48:51.096583,4.671364784240723,1.6963460445404053,1.0510205030441284,7.265305995941162,qmix,smacv2,protoss_5_vs_5,101,0.0
518000,258,2026-06-07T20:51:52.477965,4.622002601623535,1.6780425310134888,2.0714285373687744,8.03061294555664,qmix,smacv2,protoss_5_vs_5,101,0.0
520000,259,2026-06-07T20:54:50.413003,4.742474555969238,2.856816053390503,1.3571428060531616,12.46938705444336,qmix,smacv2,protoss_5_vs_5,101,0.05000000074505806
522000,260,2026-06-07T20:57:48.646692,4.31434965133667,1.8411685228347778,2.1224489212036133,9.081632614135742,qmix,smacv2,protoss_5_vs_5,101,0.0
524000,261,2026-06-07T21:00:52.693836,4.093367576599121,1.6934655904769897,1.6288264989852905,7.599488735198975,qmix,smacv2,protoss_5_vs_5,101,0.0
526000,262,2026-06-07T21:03:58.246399,4.347194194793701,1.7396548986434937,0.9183672666549683,7.938775539398193,qmix,smacv2,protoss_5_vs_5,101,0.0
528000,263,2026-06-07T21:07:05.613252,4.236224174499512,1.2005990743637085,2.522958993911743,6.4183669090271,qmix,smacv2,protoss_5_vs_5,101,0.0
530000,264,2026-06-07T21:10:17.205765,4.518750190734863,1.8313192129135132,2.2920918464660645,9.397958755493164,qmix,smacv2,protoss_5_vs_5,101,0.0
532000,265,2026-06-07T21:13:30.524997,4.916836738586426,1.546269178390503,2.2704081535339355,7.153061866760254,qmix,smacv2,protoss_5_vs_5,101,0.0
534000,266,2026-06-07T21:16:36.330432,4.613457202911377,1.4374295473098755,1.820152997970581,7.998724460601807,qmix,smacv2,protoss_5_vs_5,101,0.0
536000,267,2026-06-07T21:19:43.263960,4.74942684173584,1.5254993438720703,2.455357313156128,8.459183692932129,qmix,smacv2,protoss_5_vs_5,101,0.0
538000,268,2026-06-07T21:22:46.343559,4.086479187011719,1.789940595626831,1.25382661819458,6.877551078796387,qmix,smacv2,protoss_5_vs_5,101,0.0
540000,269,2026-06-07T21:25:53.540258,4.953316688537598,1.803579568862915,2.408163547515869,10.128827095031738,qmix,smacv2,protoss_5_vs_5,101,0.0
542000,270,2026-06-07T21:28:58.836236,4.235140323638916,1.5029168128967285,2.228316307067871,7.897959232330322,qmix,smacv2,protoss_5_vs_5,101,0.0
544000,271,2026-06-07T21:32:09.254038,5.683290958404541,2.2025034427642822,2.2040815353393555,10.683673858642578,qmix,smacv2,protoss_5_vs_5,101,0.0
546000,272,2026-06-07T21:35:21.778822,4.617283344268799,1.5720995664596558,2.6147959232330322,8.663265228271484,qmix,smacv2,protoss_5_vs_5,101,0.0
548000,273,2026-06-07T21:38:29.951858,4.665560722351074,1.3770737648010254,1.4336735010147095,7.4897966384887695,qmix,smacv2,protoss_5_vs_5,101,0.0
550000,274,2026-06-07T21:41:43.667255,5.408801078796387,2.495145559310913,1.3839285373687744,10.752552032470703,qmix,smacv2,protoss_5_vs_5,101,0.0
552000,275,2026-06-07T21:44:52.984097,4.77729606628418,2.3098487854003906,2.220663070678711,9.989795684814453,qmix,smacv2,protoss_5_vs_5,101,0.0
554000,276,2026-06-07T21:48:06.335669,4.096492290496826,2.0794050693511963,1.6301019191741943,8.506378173828125,qmix,smacv2,protoss_5_vs_5,101,0.0
556000,277,2026-06-07T21:51:22.565738,5.167538642883301,2.2374372482299805,2.1632652282714844,10.343111991882324,qmix,smacv2,protoss_5_vs_5,101,0.0
558000,278,2026-06-07T21:54:40.094177,4.648213863372803,2.467280149459839,0.0,10.836734771728516,qmix,smacv2,protoss_5_vs_5,101,0.0
560000,279,2026-06-07T21:57:48.650112,4.92984676361084,1.361065149307251,2.771683931350708,8.177295684814453,qmix,smacv2,protoss_5_vs_5,101,0.0
562000,280,2026-06-07T22:00:51.699177,4.727869510650635,2.3302714824676514,0.7844387292861938,9.13265323638916,qmix,smacv2,protoss_5_vs_5,101,0.0
564000,281,2026-06-07T22:04:00.821465,4.280485153198242,1.987035870552063,1.0102040767669678,8.340561866760254,qmix,smacv2,protoss_5_vs_5,101,0.0
566000,282,2026-06-07T22:07:07.351585,4.357206344604492,2.0092782974243164,1.5216835737228394,8.326530456542969,qmix,smacv2,protoss_5_vs_5,101,0.0
568000,283,2026-06-07T22:10:15.962033,4.527678489685059,1.5599218606948853,2.154336929321289,7.8839287757873535,qmix,smacv2,protoss_5_vs_5,101,0.0
570000,284,2026-06-07T22:13:24.735890,4.987116813659668,1.897458553314209,1.4387754201889038,8.113519668579102,qmix,smacv2,protoss_5_vs_5,101,0.0
572000,285,2026-06-07T22:16:36.014634,4.85312557220459,2.237182140350342,1.8890306949615479,11.252552032470703,qmix,smacv2,protoss_5_vs_5,101,0.0
574000,286,2026-06-07T22:19:43.875169,4.808609485626221,1.6697455644607544,2.418367385864258,7.433672904968262,qmix,smacv2,protoss_5_vs_5,101,0.0
576000,287,2026-06-07T22:22:53.398350,4.012818813323975,2.0012118816375732,1.6428571939468384,8.610969543457031,qmix,smacv2,protoss_5_vs_5,101,0.0
578000,288,2026-06-07T22:26:06.057417,4.536671161651611,1.324796199798584,1.6938775777816772,7.3469390869140625,qmix,smacv2,protoss_5_vs_5,101,0.0
580000,289,2026-06-07T22:29:14.896890,4.576977729797363,2.046534299850464,1.9285714626312256,9.428571701049805,qmix,smacv2,protoss_5_vs_5,101,0.0
582000,290,2026-06-07T22:32:19.727384,4.115816593170166,1.4238808155059814,1.5,6.663265228271484,qmix,smacv2,protoss_5_vs_5,101,0.0
584000,291,2026-06-07T22:35:29.480594,3.976466655731201,1.7846112251281738,1.5905611515045166,9.25510311126709,qmix,smacv2,protoss_5_vs_5,101,0.0
586000,292,2026-06-07T22:38:40.838627,3.9190056324005127,1.7220896482467651,1.408163070678711,8.781888008117676,qmix,smacv2,protoss_5_vs_5,101,0.0
588000,293,2026-06-07T22:41:50.883745,4.609949111938477,2.448613405227661,1.2244898080825806,12.51785659790039,qmix,smacv2,protoss_5_vs_5,101,0.05000000074505806
590000,294,2026-06-07T22:45:03.401110,4.698214054107666,1.7249637842178345,1.9681122303009033,7.7040815353393555,qmix,smacv2,protoss_5_vs_5,101,0.0
592000,295,2026-06-07T22:48:20.994293,4.019706726074219,1.669551968574524,2.056122303009033,7.959183692932129,qmix,smacv2,protoss_5_vs_5,101,0.0
594000,296,2026-06-07T22:51:29.871074,3.9987881183624268,2.11519193649292,1.3852041959762573,9.834183692932129,qmix,smacv2,protoss_5_vs_5,101,0.0
596000,297,2026-06-07T22:54:35.777998,5.0996809005737305,2.779670238494873,1.9336735010147095,14.591836929321289,qmix,smacv2,protoss_5_vs_5,101,0.05000000074505806
598000,298,2026-06-07T22:57:47.231819,4.896300792694092,1.4953187704086304,2.6594388484954834,8.682397842407227,qmix,smacv2,protoss_5_vs_5,101,0.0
600000,299,2026-06-07T23:00:51.422503,3.70695161819458,1.782678246498108,1.253826379776001,9.48979663848877,qmix,smacv2,protoss_5_vs_5,101,0.0
602000,300,2026-06-07T23:04:03.345791,4.386096954345703,1.6683117151260376,1.979591727256775,8.066326141357422,qmix,smacv2,protoss_5_vs_5,101,0.0
604000,301,2026-06-07T23:07:10.782707,4.984630107879639,1.6731235980987549,2.521683692932129,8.82780647277832,qmix,smacv2,protoss_5_vs_5,101,0.0
606000,302,2026-06-07T23:10:20.381156,4.804018497467041,1.6181617975234985,2.4132657051086426,8.831632614135742,qmix,smacv2,protoss_5_vs_5,101,0.0
608000,303,2026-06-07T23:13:28.603773,5.430676460266113,1.6023529767990112,2.7117347717285156,9.877551078796387,qmix,smacv2,protoss_5_vs_5,101,0.0
610000,304,2026-06-07T23:16:40.400169,4.992730140686035,2.084979295730591,2.142857074737549,9.909438133239746,qmix,smacv2,protoss_5_vs_5,101,0.0
612000,305,2026-06-07T23:19:52.074001,3.6367347240448,1.350141167640686,1.366071343421936,5.826530456542969,qmix,smacv2,protoss_5_vs_5,101,0.0
614000,306,2026-06-07T23:23:04.785842,5.487563133239746,2.508178472518921,1.7959182262420654,10.473214149475098,qmix,smacv2,protoss_5_vs_5,101,0.0
616000,307,2026-06-07T23:26:20.379096,4.320089340209961,2.0655770301818848,1.4655611515045166,8.528061866760254,qmix,smacv2,protoss_5_vs_5,101,0.0
618000,308,2026-06-07T23:29:34.321745,5.828890800476074,2.1392300128936768,2.8176021575927734,12.246173858642578,qmix,smacv2,protoss_5_vs_5,101,0.05000000074505806
620000,309,2026-06-07T23:33:08.701935,4.128380298614502,1.3492906093597412,1.7423467636108398,7.480868339538574,qmix,smacv2,protoss_5_vs_5,101,0.0
622000,310,2026-06-07T23:36:14.317340,5.395025730133057,2.001371145248413,1.1658164262771606,10.197704315185547,qmix,smacv2,protoss_5_vs_5,101,0.0
624000,311,2026-06-07T23:39:20.875544,4.503890514373779,1.6572084426879883,1.2130100727081299,8.25765323638916,qmix,smacv2,protoss_5_vs_5,101,0.0
626000,312,2026-06-07T23:42:27.117265,5.790051460266113,2.927478075027466,1.9693876504898071,12.244897842407227,qmix,smacv2,protoss_5_vs_5,101,0.05000000074505806
628000,313,2026-06-07T23:45:24.538919,4.871556282043457,1.8691437244415283,2.5306122303009033,8.85714340209961,qmix,smacv2,protoss_5_vs_5,101,0.0
630000,314,2026-06-07T23:48:33.344860,4.481186389923096,1.4769411087036133,2.3329081535339355,7.594388008117676,qmix,smacv2,protoss_5_vs_5,101,0.0
632000,315,2026-06-07T23:51:38.751687,4.549298286437988,1.000649094581604,2.7142856121063232,6.05102014541626,qmix,smacv2,protoss_5_vs_5,101,0.0
634000,316,2026-06-07T23:54:37.355692,4.836798667907715,2.2781612873077393,2.338010311126709,9.510204315185547,qmix,smacv2,protoss_5_vs_5,101,0.0
636000,317,2026-06-07T23:57:39.596276,4.933928489685059,1.9014793634414673,2.1938774585723877,9.395408630371094,qmix,smacv2,protoss_5_vs_5,101,0.0
638000,318,2026-06-08T00:00:46.675116,4.760586738586426,2.0541162490844727,2.1530611515045166,10.510204315185547,qmix,smacv2,protoss_5_vs_5,101,0.05000000074505806
640000,319,2026-06-08T00:03:52.484874,4.717857360839844,1.8027405738830566,2.0,7.9183669090271,qmix,smacv2,protoss_5_vs_5,101,0.0
642000,320,2026-06-08T00:07:02.911324,4.845982551574707,1.8983839750289917,2.224489688873291,9.346939086914062,qmix,smacv2,protoss_5_vs_5,101,0.0
644000,321,2026-06-08T00:10:11.511801,5.0321431159973145,1.8321428298950195,1.792091727256775,8.520407676696777,qmix,smacv2,protoss_5_vs_5,101,0.0
646000,322,2026-06-08T00:13:20.714505,5.016263008117676,3.1276304721832275,1.6530611515045166,13.992347717285156,qmix,smacv2,protoss_5_vs_5,101,0.0
648000,323,2026-06-08T00:16:30.721353,5.563520431518555,2.666227102279663,2.150510311126709,12.346939086914062,qmix,smacv2,protoss_5_vs_5,101,0.05000000074505806
650000,324,2026-06-08T00:19:43.505623,4.5546555519104,2.078016996383667,1.204081654548645,11.040817260742188,qmix,smacv2,protoss_5_vs_5,101,0.0
652000,325,2026-06-08T00:23:02.418493,4.385268211364746,1.8338919878005981,1.8061221837997437,9.53061294555664,qmix,smacv2,protoss_5_vs_5,101,0.0
654000,326,2026-06-08T00:26:18.584152,4.831441402435303,1.8752117156982422,2.36734676361084,8.793367385864258,qmix,smacv2,protoss_5_vs_5,101,0.0
656000,327,2026-06-08T00:29:42.198786,4.801147937774658,1.7883213758468628,2.5127549171447754,9.785714149475098,qmix,smacv2,protoss_5_vs_5,101,0.0
658000,328,2026-06-08T00:32:59.384618,3.831122875213623,1.5788861513137817,1.5204081535339355,6.479592323303223,qmix,smacv2,protoss_5_vs_5,101,0.0
660000,329,2026-06-08T00:36:22.663002,4.850192070007324,1.3466678857803345,1.7142858505249023,7.267857551574707,qmix,smacv2,protoss_5_vs_5,101,0.0
662000,330,2026-06-08T00:39:37.931696,4.764030456542969,1.7337698936462402,2.1785714626312256,8.923469543457031,qmix,smacv2,protoss_5_vs_5,101,0.0
664000,331,2026-06-08T00:42:53.677933,4.131950855255127,1.2516034841537476,2.06632661819458,6.447704315185547,qmix,smacv2,protoss_5_vs_5,101,0.0
666000,332,2026-06-08T00:46:04.468057,4.179782867431641,1.4915424585342407,2.0,7.853316307067871,qmix,smacv2,protoss_5_vs_5,101,0.0
668000,333,2026-06-08T00:49:21.834206,4.596428394317627,2.1746327877044678,1.9349489212036133,9.36479663848877,qmix,smacv2,protoss_5_vs_5,101,0.0
670000,334,2026-06-08T00:52:41.342020,4.725510120391846,2.1636903285980225,1.895408272743225,9.591836929321289,qmix,smacv2,protoss_5_vs_5,101,0.0
672000,335,2026-06-08T00:55:54.893662,4.850956439971924,1.5259588956832886,1.40816330909729,8.05229663848877,qmix,smacv2,protoss_5_vs_5,101,0.0
674000,336,2026-06-08T00:59:06.349039,4.919132709503174,1.853023648262024,1.7959184646606445,9.121173858642578,qmix,smacv2,protoss_5_vs_5,101,0.0
676000,337,2026-06-08T01:02:17.909914,5.165433406829834,2.6355478763580322,2.4145407676696777,11.538264274597168,qmix,smacv2,protoss_5_vs_5,101,0.0
678000,338,2026-06-08T01:05:27.523673,4.561287879943848,1.900255799293518,2.36734676361084,10.59949016571045,qmix,smacv2,protoss_5_vs_5,101,0.0
680000,339,2026-06-08T01:08:41.174035,4.711670875549316,1.5255826711654663,2.3979592323303223,7.209183692932129,qmix,smacv2,protoss_5_vs_5,101,0.0
682000,340,2026-06-08T01:11:51.650518,4.34190034866333,1.5406008958816528,1.7142856121063232,8.815051078796387,qmix,smacv2,protoss_5_vs_5,101,0.0
684000,341,2026-06-08T01:15:09.220954,4.683928489685059,2.134312868118286,1.8609693050384521,8.918368339538574,qmix,smacv2,protoss_5_vs_5,101,0.0
686000,342,2026-06-08T01:18:24.694062,5.54885196685791,2.206974506378174,1.9183673858642578,9.725765228271484,qmix,smacv2,protoss_5_vs_5,101,0.0
688000,343,2026-06-08T01:21:39.951750,4.721109390258789,1.882449984550476,1.0727040767669678,9.744897842407227,qmix,smacv2,protoss_5_vs_5,101,0.0
690000,344,2026-06-08T01:24:54.816782,4.826339244842529,1.8596512079238892,2.341836929321289,9.043367385864258,qmix,smacv2,protoss_5_vs_5,101,0.0
692000,345,2026-06-08T01:28:01.070309,4.316772937774658,1.3280978202819824,1.132652997970581,6.50765323638916,qmix,smacv2,protoss_5_vs_5,101,0.0
694000,346,2026-06-08T01:31:09.660161,4.706313133239746,1.6647700071334839,2.6594386100769043,8.016580581665039,qmix,smacv2,protoss_5_vs_5,101,0.0
696000,347,2026-06-08T01:34:14.227388,4.487181663513184,1.6766417026519775,1.3265305757522583,7.827805995941162,qmix,smacv2,protoss_5_vs_5,101,0.0
698000,348,2026-06-08T01:37:18.214761,4.5627546310424805,1.9137731790542603,1.3673468828201294,9.223214149475098,qmix,smacv2,protoss_5_vs_5,101,0.0
700000,349,2026-06-08T01:40:21.690752,4.439285755157471,1.9767569303512573,1.4017856121063232,10.01020336151123,qmix,smacv2,protoss_5_vs_5,101,0.0
702000,350,2026-06-08T01:43:28.317775,4.841645240783691,3.004387617111206,1.5510203838348389,14.38775634765625,qmix,smacv2,protoss_5_vs_5,101,0.05000000074505806
704000,351,2026-06-08T01:46:29.408039,3.5104591846466064,1.1900142431259155,0.9515305757522583,6.051020622253418,qmix,smacv2,protoss_5_vs_5,101,0.0
706000,352,2026-06-08T01:49:29.474692,5.100574016571045,2.554380416870117,1.3061224222183228,11.487244606018066,qmix,smacv2,protoss_5_vs_5,101,0.0
708000,353,2026-06-08T01:52:29.272668,4.270981788635254,2.0113329887390137,1.9489797353744507,10.816326141357422,qmix,smacv2,protoss_5_vs_5,101,0.0
710000,354,2026-06-08T01:55:30.809368,4.6382646560668945,1.854250431060791,2.5204081535339355,10.692602157592773,qmix,smacv2,protoss_5_vs_5,101,0.0
712000,355,2026-06-08T01:58:39.163008,4.204145431518555,1.8179452419281006,0.9081632494926453,8.53061294555664,qmix,smacv2,protoss_5_vs_5,101,0.0
714000,356,2026-06-08T02:01:51.978934,4.670472145080566,2.150252342224121,2.142857074737549,10.30229663848877,qmix,smacv2,protoss_5_vs_5,101,0.0
716000,357,2026-06-08T02:05:04.294860,3.8992984294891357,1.577064037322998,2.02933669090271,8.7117338180542,qmix,smacv2,protoss_5_vs_5,101,0.0
718000,358,2026-06-08T02:08:22.979926,4.213329315185547,1.1891448497772217,1.7780612707138062,6.102040767669678,qmix,smacv2,protoss_5_vs_5,101,0.0
720000,359,2026-06-08T02:11:44.072382,4.200701713562012,1.7088874578475952,2.02933669090271,7.522958278656006,qmix,smacv2,protoss_5_vs_5,101,0.0
722000,360,2026-06-08T02:15:07.184677,3.6049747467041016,1.7543858289718628,1.275510311126709,8.378827095031738,qmix,smacv2,protoss_5_vs_5,101,0.0
724000,361,2026-06-08T02:18:31.176798,3.6692605018615723,1.423923134803772,1.4375,7.447704315185547,qmix,smacv2,protoss_5_vs_5,101,0.0
726000,362,2026-06-08T02:21:49.073855,5.223341941833496,1.342625617980957,3.429847002029419,8.26530647277832,qmix,smacv2,protoss_5_vs_5,101,0.0
728000,363,2026-06-08T02:25:09.000309,4.120280742645264,1.5709259510040283,1.867347002029419,8.683672904968262,qmix,smacv2,protoss_5_vs_5,101,0.0
730000,364,2026-06-08T02:28:33.308836,4.300765037536621,1.6918950080871582,1.2959184646606445,7.836734771728516,qmix,smacv2,protoss_5_vs_5,101,0.0
732000,365,2026-06-08T02:31:54.653049,5.0427937507629395,1.7622220516204834,1.8188774585723877,8.853317260742188,qmix,smacv2,protoss_5_vs_5,101,0.0
734000,366,2026-06-08T02:35:14.301772,4.28093147277832,1.8408632278442383,1.9732143878936768,8.27295970916748,qmix,smacv2,protoss_5_vs_5,101,0.0
736000,367,2026-06-08T02:38:34.609877,4.212500095367432,1.3417223691940308,1.978316307067871,7.397959232330322,qmix,smacv2,protoss_5_vs_5,101,0.0
738000,368,2026-06-08T02:41:52.738709,5.416964054107666,2.912461996078491,1.645408272743225,14.681121826171875,qmix,smacv2,protoss_5_vs_5,101,0.05000000074505806
740000,369,2026-06-08T02:45:09.874368,5.57244873046875,2.5699660778045654,2.820152759552002,12.357142448425293,qmix,smacv2,protoss_5_vs_5,101,0.05000000074505806
742000,370,2026-06-08T02:48:27.097064,4.291708946228027,1.32392156124115,2.31632661819458,6.729591369628906,qmix,smacv2,protoss_5_vs_5,101,0.0
744000,371,2026-06-08T02:51:42.952646,4.00197696685791,2.246906280517578,1.5956631898880005,11.755102157592773,qmix,smacv2,protoss_5_vs_5,101,0.0
746000,372,2026-06-08T02:55:01.222644,4.435522556304932,1.917419195175171,1.8801017999649048,9.557397842407227,qmix,smacv2,protoss_5_vs_5,101,0.0
748000,373,2026-06-08T02:58:19.566654,5.111926078796387,2.5370254516601562,2.3775510787963867,11.19005012512207,qmix,smacv2,protoss_5_vs_5,101,0.0
750000,374,2026-06-08T03:01:33.726254,4.969706058502197,1.6322274208068848,1.8163264989852905,8.029336929321289,qmix,smacv2,protoss_5_vs_5,101,0.0
752000,375,2026-06-08T03:04:48.900482,3.785395383834839,2.4257547855377197,1.6135203838348389,12.448979377746582,qmix,smacv2,protoss_5_vs_5,101,0.05000000074505806
754000,376,2026-06-08T03:07:58.411451,4.124298572540283,1.2949835062026978,1.4234694242477417,6.5280609130859375,qmix,smacv2,protoss_5_vs_5,101,0.0
756000,377,2026-06-08T03:11:10.626021,4.499680995941162,1.676672101020813,1.2142857313156128,7.653061866760254,qmix,smacv2,protoss_5_vs_5,101,0.0
758000,378,2026-06-08T03:14:13.257407,4.097958564758301,1.652578592300415,1.8290817737579346,7.581632137298584,qmix,smacv2,protoss_5_vs_5,101,0.0
760000,379,2026-06-08T03:17:22.599433,5.189859867095947,1.9967520236968994,2.724489688873291,10.13265323638916,qmix,smacv2,protoss_5_vs_5,101,0.0
762000,380,2026-06-08T03:20:26.912229,4.894068717956543,1.5040740966796875,2.5790817737579346,7.4285712242126465,qmix,smacv2,protoss_5_vs_5,101,0.0
764000,381,2026-06-08T03:23:35.487129,4.981314182281494,2.785306453704834,1.979591727256775,14.551020622253418,qmix,smacv2,protoss_5_vs_5,101,0.05000000074505806
766000,382,2026-06-08T03:26:42.836254,3.90809965133667,1.477645993232727,1.4795918464660645,7.091836452484131,qmix,smacv2,protoss_5_vs_5,101,0.0
768000,383,2026-06-08T03:29:48.493225,4.312053680419922,1.8441139459609985,1.6900510787963867,8.691326141357422,qmix,smacv2,protoss_5_vs_5,101,0.0
770000,384,2026-06-08T03:32:52.802404,4.148915767669678,1.17143714427948,1.9247448444366455,6.173469066619873,qmix,smacv2,protoss_5_vs_5,101,0.0
772000,385,2026-06-08T03:35:55.588765,5.415369987487793,2.5853586196899414,1.728316307067871,10.261480331420898,qmix,smacv2,protoss_5_vs_5,101,0.0
774000,386,2026-06-08T03:39:02.152125,4.887499809265137,2.6590027809143066,1.8367345333099365,10.551020622253418,qmix,smacv2,protoss_5_vs_5,101,0.0
776000,387,2026-06-08T03:42:04.706957,5.318112373352051,3.2592225074768066,2.0714285373687744,14.649235725402832,qmix,smacv2,protoss_5_vs_5,101,0.10000000149011612
778000,388,2026-06-08T03:45:12.177316,4.148597240447998,1.3413349390029907,2.0969388484954834,7.000000953674316,qmix,smacv2,protoss_5_vs_5,101,0.0
780000,389,2026-06-08T03:48:26.369961,5.033482551574707,2.4809958934783936,2.0497446060180664,12.506378173828125,qmix,smacv2,protoss_5_vs_5,101,0.05000000074505806
782000,390,2026-06-08T03:51:38.382321,5.016773223876953,1.6094228029251099,2.7729592323303223,8.193878173828125,qmix,smacv2,protoss_5_vs_5,101,0.0
784000,391,2026-06-08T03:54:51.146356,4.84572696685791,1.6973587274551392,2.9834184646606445,8.885204315185547,qmix,smacv2,protoss_5_vs_5,101,0.0
786000,392,2026-06-08T03:58:03.413142,5.278635501861572,2.3718159198760986,2.1977040767669678,12.1632661819458,qmix,smacv2,protoss_5_vs_5,101,0.0
788000,393,2026-06-08T04:01:23.723823,4.852997779846191,1.7309248447418213,2.2053568363189697,8.428571701049805,qmix,smacv2,protoss_5_vs_5,101,0.0
790000,394,2026-06-08T04:04:41.842147,5.405548095703125,2.162125825881958,2.8775508403778076,10.612245559692383,qmix,smacv2,protoss_5_vs_5,101,0.05000000074505806
792000,395,2026-06-08T04:08:02.129499,5.791326522827148,1.8622291088104248,2.5140304565429688,9.096939086914062,qmix,smacv2,protoss_5_vs_5,101,0.0
794000,396,2026-06-08T04:11:26.988465,4.785012722015381,1.3892028331756592,2.624999761581421,8.040816307067871,qmix,smacv2,protoss_5_vs_5,101,0.0
796000,397,2026-06-08T04:14:48.852614,5.316071510314941,2.3071794509887695,2.0573980808258057,10.764030456542969,qmix,smacv2,protoss_5_vs_5,101,0.0
798000,398,2026-06-08T04:18:08.236498,5.023724555969238,1.532124638557434,2.7959182262420654,9.414541244506836,qmix,smacv2,protoss_5_vs_5,101,0.0
800000,399,2026-06-08T04:21:24.272479,5.561670780181885,2.9482882022857666,1.9693877696990967,11.061224937438965,qmix,smacv2,protoss_5_vs_5,101,0.0
802000,400,2026-06-08T04:24:38.446330,4.735523223876953,1.4420254230499268,2.6262757778167725,8.059948921203613,qmix,smacv2,protoss_5_vs_5,101,0.0
804000,401,2026-06-08T04:27:45.762704,4.799553394317627,1.5491245985031128,1.812500238418579,7.857143402099609,qmix,smacv2,protoss_5_vs_5,101,0.0
806000,402,2026-06-08T04:30:54.896838,4.854527950286865,1.7847113609313965,1.479591727256775,8.938775062561035,qmix,smacv2,protoss_5_vs_5,101,0.0
808000,403,2026-06-08T04:34:02.739892,4.7147321701049805,1.7227576971054077,1.5522959232330322,8.033164024353027,qmix,smacv2,protoss_5_vs_5,101,0.0
810000,404,2026-06-08T04:37:04.614193,5.278253078460693,1.7554682493209839,2.6594388484954834,10.233417510986328,qmix,smacv2,protoss_5_vs_5,101,0.0
812000,405,2026-06-08T04:40:12.519836,4.304081439971924,1.2698873281478882,2.1135201454162598,7.173468589782715,qmix,smacv2,protoss_5_vs_5,101,0.0
814000,406,2026-06-08T04:43:20.931825,4.004528522491455,1.5016207695007324,1.7627551555633545,6.9566330909729,qmix,smacv2,protoss_5_vs_5,101,0.0
816000,407,2026-06-08T04:46:26.958629,5.081823825836182,1.9639965295791626,2.0012755393981934,9.90561294555664,qmix,smacv2,protoss_5_vs_5,101,0.0
818000,408,2026-06-08T04:49:37.250938,5.1176018714904785,1.7970036268234253,2.2551021575927734,8.977041244506836,qmix,smacv2,protoss_5_vs_5,101,0.0
820000,409,2026-06-08T04:52:43.974386,4.461670875549316,2.0384411811828613,1.6734693050384521,8.706632614135742,qmix,smacv2,protoss_5_vs_5,101,0.0
822000,410,2026-06-08T04:55:51.762861,3.753507614135742,1.4947477579116821,1.6275510787963867,6.841835975646973,qmix,smacv2,protoss_5_vs_5,101,0.0
824000,411,2026-06-08T04:58:59.353715,4.980293273925781,2.130591869354248,1.637755036354065,10.530611991882324,qmix,smacv2,protoss_5_vs_5,101,0.0
826000,412,2026-06-08T05:02:09.813321,4.69349479675293,1.5716681480407715,1.696428656578064,8.438776016235352,qmix,smacv2,protoss_5_vs_5,101,0.0
828000,413,2026-06-08T05:05:15.744876,4.854336738586426,1.7461872100830078,2.3227038383483887,7.443878173828125,qmix,smacv2,protoss_5_vs_5,101,0.0
830000,414,2026-06-08T05:08:27.450197,5.737882614135742,2.0625500679016113,2.02933669090271,9.154335975646973,qmix,smacv2,protoss_5_vs_5,101,0.0
832000,415,2026-06-08T05:11:40.211869,5.991262435913086,2.7412919998168945,1.0982142686843872,14.387754440307617,qmix,smacv2,protoss_5_vs_5,101,0.05000000074505806
834000,416,2026-06-08T05:14:56.539144,4.122321605682373,2.1229348182678223,1.7436225414276123,11.961734771728516,qmix,smacv2,protoss_5_vs_5,101,0.0
836000,417,2026-06-08T05:18:07.584497,4.710268020629883,2.4878735542297363,1.6224489212036133,12.461734771728516,qmix,smacv2,protoss_5_vs_5,101,0.05000000074505806
838000,418,2026-06-08T05:21:17.565430,4.591198921203613,1.9289332628250122,1.8035714626312256,9.173469543457031,qmix,smacv2,protoss_5_vs_5,101,0.0
840000,419,2026-06-08T05:24:30.084667,4.615624904632568,1.9511038064956665,1.49617338180542,9.241071701049805,qmix,smacv2,protoss_5_vs_5,101,0.0
842000,420,2026-06-08T05:27:39.764406,4.562373161315918,1.849395751953125,2.4872448444366455,10.301021575927734,qmix,smacv2,protoss_5_vs_5,101,0.0
844000,421,2026-06-08T05:30:47.883373,5.65427303314209,2.2939977645874023,1.9183671474456787,12.448979377746582,qmix,smacv2,protoss_5_vs_5,101,0.05000000074505806
846000,422,2026-06-08T05:33:53.980242,4.219388008117676,1.656494140625,1.3443877696990967,8.146683692932129,qmix,smacv2,protoss_5_vs_5,101,0.0
848000,423,2026-06-08T05:37:01.241123,4.526594638824463,1.779151201248169,1.5369898080825806,8.63265323638916,qmix,smacv2,protoss_5_vs_5,101,0.0
850000,424,2026-06-08T05:40:13.330609,4.6785078048706055,1.923173427581787,1.2563774585723877,9.325255393981934,qmix,smacv2,protoss_5_vs_5,101,0.0
852000,425,2026-06-08T05:43:30.056636,5.621365070343018,2.372297525405884,2.478316307067871,10.885204315185547,qmix,smacv2,protoss_5_vs_5,101,0.0
854000,426,2026-06-08T05:46:47.996459,4.104464530944824,2.148961305618286,0.0,9.612244606018066,qmix,smacv2,protoss_5_vs_5,101,0.0
856000,427,2026-06-08T05:50:00.302841,4.149617671966553,1.5549521446228027,2.3061225414276123,9.051020622253418,qmix,smacv2,protoss_5_vs_5,101,0.0
858000,428,2026-06-08T05:53:11.580988,5.495854377746582,2.4348950386047363,2.81632661819458,10.714285850524902,qmix,smacv2,protoss_5_vs_5,101,0.0
860000,429,2026-06-08T05:56:19.569627,4.747257709503174,1.9371424913406372,1.632652997970581,9.01785659790039,qmix,smacv2,protoss_5_vs_5,101,0.0
862000,430,2026-06-08T05:59:32.036892,5.211480140686035,2.5381839275360107,1.9285714626312256,12.448979377746582,qmix,smacv2,protoss_5_vs_5,101,0.05000000074505806
864000,431,2026-06-08T06:02:42.703335,4.245917797088623,2.0405375957489014,2.077806234359741,9.05994987487793,qmix,smacv2,protoss_5_vs_5,101,0.0
866000,432,2026-06-08T06:05:48.733749,4.657015800476074,2.0418615341186523,1.7857143878936768,8.433673858642578,qmix,smacv2,protoss_5_vs_5,101,0.0
868000,433,2026-06-08T06:08:55.529006,5.179974555969238,2.857032299041748,3.2818877696990967,16.428571701049805,qmix,smacv2,protoss_5_vs_5,101,0.05000000074505806
870000,434,2026-06-08T06:12:04.909151,4.653316020965576,1.2708100080490112,2.2997448444366455,6.8775506019592285,qmix,smacv2,protoss_5_vs_5,101,0.0
872000,435,2026-06-08T06:15:15.188032,4.4891581535339355,1.934457540512085,1.5204081535339355,9.153060913085938,qmix,smacv2,protoss_5_vs_5,101,0.0
874000,436,2026-06-08T06:18:27.405891,4.250255107879639,1.544619083404541,1.8571428060531616,8.887754440307617,qmix,smacv2,protoss_5_vs_5,101,0.0
876000,437,2026-06-08T06:21:39.441686,6.752040863037109,3.2538866996765137,2.469388008117676,14.387754440307617,qmix,smacv2,protoss_5_vs_5,101,0.10000000149011612
878000,438,2026-06-08T06:24:49.956705,4.62315034866333,1.852209448814392,1.4897959232330322,8.336734771728516,qmix,smacv2,protoss_5_vs_5,101,0.0
880000,439,2026-06-08T06:28:25.430867,3.90440034866333,1.6754704713821411,1.3954081535339355,7.6530609130859375,qmix,smacv2,protoss_5_vs_5,101,0.0
882000,440,2026-06-08T06:31:35.985731,4.268750190734863,1.8242442607879639,2.1632652282714844,9.877551078796387,qmix,smacv2,protoss_5_vs_5,101,0.0
884000,441,2026-06-08T06:34:51.702354,4.6645402908325195,1.771382451057434,2.632652997970581,10.733418464660645,qmix,smacv2,protoss_5_vs_5,101,0.05000000074505806
886000,442,2026-06-08T06:38:13.005957,5.680548667907715,2.803389072418213,2.4910714626312256,14.582906723022461,qmix,smacv2,protoss_5_vs_5,101,0.05000000074505806
888000,443,2026-06-08T06:41:33.942200,5.194769859313965,1.8083760738372803,1.65433669090271,8.255102157592773,qmix,smacv2,protoss_5_vs_5,101,0.0
890000,444,2026-06-08T06:44:49.244160,5.436224460601807,1.926634669303894,2.132652997970581,9.26530647277832,qmix,smacv2,protoss_5_vs_5,101,0.0
892000,445,2026-06-08T06:48:08.768452,5.654847145080566,2.17177414894104,1.7142858505249023,9.795918464660645,qmix,smacv2,protoss_5_vs_5,101,0.0
894000,446,2026-06-08T06:51:23.214249,3.538520097732544,1.8485724925994873,0.8737244606018066,8.639030456542969,qmix,smacv2,protoss_5_vs_5,101,0.0
896000,447,2026-06-08T06:54:39.235121,5.321938514709473,2.8702781200408936,1.4349490404129028,14.285715103149414,qmix,smacv2,protoss_5_vs_5,101,0.05000000074505806
898000,448,2026-06-08T06:57:52.150012,4.577167987823486,1.6506251096725464,1.5178570747375488,6.94897985458374,qmix,smacv2,protoss_5_vs_5,101,0.0
900000,449,2026-06-08T07:01:03.375112,4.932971477508545,2.2829666137695312,1.6428569555282593,10.359694480895996,qmix,smacv2,protoss_5_vs_5,101,0.0
902000,450,2026-06-08T07:04:07.627265,5.494324207305908,2.2056379318237305,2.683673143386841,10.785714149475098,qmix,smacv2,protoss_5_vs_5,101,0.0
904000,451,2026-06-08T07:07:20.241574,4.804783344268799,2.323439836502075,2.306122303009033,12.346938133239746,qmix,smacv2,protoss_5_vs_5,101,0.05000000074505806
906000,452,2026-06-08T07:10:27.159484,4.824744701385498,2.2271947860717773,1.4693877696990967,10.122448921203613,qmix,smacv2,protoss_5_vs_5,101,0.0
908000,453,2026-06-08T07:13:31.721619,4.656186103820801,1.9291123151779175,1.5688775777816772,8.377551078796387,qmix,smacv2,protoss_5_vs_5,101,0.0
910000,454,2026-06-08T07:16:35.477145,4.377232551574707,1.877982258796692,1.0714285373687744,8.558672904968262,qmix,smacv2,protoss_5_vs_5,101,0.0
912000,455,2026-06-08T07:19:39.854585,3.8576531410217285,1.566322922706604,1.709183692932129,7.327805995941162,qmix,smacv2,protoss_5_vs_5,101,0.0
914000,456,2026-06-08T07:22:47.793744,4.327805519104004,2.049898624420166,1.6836735010147095,9.052295684814453,qmix,smacv2,protoss_5_vs_5,101,0.0
916000,457,2026-06-08T07:25:49.385175,4.631568908691406,1.8364230394363403,1.3329081535339355,9.275510787963867,qmix,smacv2,protoss_5_vs_5,101,0.0
918000,458,2026-06-08T07:28:54.572977,3.685586929321289,1.4569875001907349,0.8163264989852905,6.67602014541626,qmix,smacv2,protoss_5_vs_5,101,0.0
920000,459,2026-06-08T07:32:00.175088,5.658991813659668,2.534188747406006,3.030611991882324,14.387754440307617,qmix,smacv2,protoss_5_vs_5,101,0.05000000074505806
922000,460,2026-06-08T07:35:10.224984,4.923788070678711,2.0244386196136475,2.2117347717285156,9.983418464660645,qmix,smacv2,protoss_5_vs_5,101,0.0
924000,461,2026-06-08T07:38:19.383815,3.507206678390503,1.3166635036468506,1.5969388484954834,6.466836452484131,qmix,smacv2,protoss_5_vs_5,101,0.0
926000,462,2026-06-08T07:41:30.214564,4.103316783905029,1.5779627561569214,1.5267856121063232,7.530611991882324,qmix,smacv2,protoss_5_vs_5,101,0.0
928000,463,2026-06-08T07:44:41.614141,4.1758928298950195,1.6490027904510498,1.4081631898880005,7.86734676361084,qmix,smacv2,protoss_5_vs_5,101,0.0
930000,464,2026-06-08T07:47:56.861339,4.301530361175537,1.6818263530731201,2.003826379776001,8.520408630371094,qmix,smacv2,protoss_5_vs_5,101,0.0
932000,465,2026-06-08T07:51:10.196066,4.510331153869629,2.1069726943969727,1.7040817737579346,9.234694480895996,qmix,smacv2,protoss_5_vs_5,101,0.0
934000,466,2026-06-08T07:54:18.371750,4.162882328033447,1.4844048023223877,2.4056124687194824,7.110968589782715,qmix,smacv2,protoss_5_vs_5,101,0.0
936000,467,2026-06-08T07:57:31.245867,5.041836738586426,1.8917073011398315,2.5714285373687744,9.406888008117676,qmix,smacv2,protoss_5_vs_5,101,0.0
938000,468,2026-06-08T08:00:43.742861,4.807206630706787,1.6777158975601196,1.3992345333099365,8.418367385864258,qmix,smacv2,protoss_5_vs_5,101,0.0
940000,469,2026-06-08T08:03:51.850205,5.398979663848877,3.155118703842163,2.6632654666900635,14.561223983764648,qmix,smacv2,protoss_5_vs_5,101,0.05000000074505806
942000,470,2026-06-08T08:06:58.345575,4.983035564422607,2.011660099029541,2.4681124687194824,11.595664024353027,qmix,smacv2,protoss_5_vs_5,101,0.0
944000,471,2026-06-08T08:10:08.835308,4.757015705108643,2.7874739170074463,1.3647958040237427,14.387754440307617,qmix,smacv2,protoss_5_vs_5,101,0.05000000074505806
946000,472,2026-06-08T08:13:18.829712,5.111289024353027,2.2047128677368164,1.4489796161651611,10.7257661819458,qmix,smacv2,protoss_5_vs_5,101,0.0
948000,473,2026-06-08T08:16:29.248213,4.247640132904053,1.4455339908599854,2.1734695434570312,7.098214149475098,qmix,smacv2,protoss_5_vs_5,101,0.0
950000,474,2026-06-08T08:19:45.278117,5.006058692932129,2.660924196243286,0.0,12.14285659790039,qmix,smacv2,protoss_5_vs_5,101,0.0
952000,475,2026-06-08T08:22:51.730229,4.523406028747559,2.1322555541992188,1.2933673858642578,9.255102157592773,qmix,smacv2,protoss_5_vs_5,101,0.0
954000,476,2026-06-08T08:25:56.959062,5.0204081535339355,2.1000916957855225,1.7270408868789673,9.27295970916748,qmix,smacv2,protoss_5_vs_5,101,0.0
956000,477,2026-06-08T08:29:09.863807,5.579655647277832,3.1072311401367188,2.3877549171447754,14.669644355773926,qmix,smacv2,protoss_5_vs_5,101,0.05000000074505806
958000,478,2026-06-08T08:32:18.522656,5.0535712242126465,1.4620227813720703,2.9323978424072266,8.64285659790039,qmix,smacv2,protoss_5_vs_5,101,0.0
960000,479,2026-06-08T08:35:22.581678,4.503635406494141,1.7050896883010864,2.2563774585723877,8.683673858642578,qmix,smacv2,protoss_5_vs_5,101,0.0
962000,480,2026-06-08T08:38:36.298298,5.041964054107666,2.24812388420105,1.6709184646606445,8.887755393981934,qmix,smacv2,protoss_5_vs_5,101,0.0
964000,481,2026-06-08T08:41:40.692606,3.871939182281494,1.7285988330841064,1.6020408868789673,8.822704315185547,qmix,smacv2,protoss_5_vs_5,101,0.0
966000,482,2026-06-08T08:44:49.262941,4.5684943199157715,1.8567993640899658,1.6364796161651611,10.298468589782715,qmix,smacv2,protoss_5_vs_5,101,0.0
968000,483,2026-06-08T08:47:55.890193,4.635331153869629,1.581000804901123,1.3354592323303223,7.594388008117676,qmix,smacv2,protoss_5_vs_5,101,0.0
970000,484,2026-06-08T08:51:06.010132,4.376467227935791,1.3121411800384521,2.1339287757873535,6.8941330909729,qmix,smacv2,protoss_5_vs_5,101,0.0
972000,485,2026-06-08T08:54:15.945200,4.329209327697754,1.909477710723877,2.2844388484954834,9.826531410217285,qmix,smacv2,protoss_5_vs_5,101,0.0
974000,486,2026-06-08T08:57:25.006127,4.408992290496826,1.8046590089797974,1.895408272743225,7.991072177886963,qmix,smacv2,protoss_5_vs_5,101,0.0
976000,487,2026-06-08T09:00:38.414451,3.9095664024353027,2.314870595932007,0.7142857313156128,12.372448921203613,qmix,smacv2,protoss_5_vs_5,101,0.05000000074505806
978000,488,2026-06-08T09:03:46.679143,3.9234695434570312,1.6643304824829102,1.8698980808258057,8.024234771728516,qmix,smacv2,protoss_5_vs_5,101,0.0
980000,489,2026-06-08T09:07:01.823733,4.647130012512207,1.9166102409362793,1.978316307067871,8.29719352722168,qmix,smacv2,protoss_5_vs_5,101,0.0
982000,490,2026-06-08T09:10:17.555923,4.047895431518555,2.504377841949463,1.02933669090271,12.167091369628906,qmix,smacv2,protoss_5_vs_5,101,0.0
984000,491,2026-06-08T09:13:22.266519,5.0764665603637695,1.6236813068389893,1.4821429252624512,7.985969543457031,qmix,smacv2,protoss_5_vs_5,101,0.0
986000,492,2026-06-08T09:16:29.429948,4.156313896179199,1.7077375650405884,1.4681122303009033,7.959183692932129,qmix,smacv2,protoss_5_vs_5,101,0.0
988000,493,2026-06-08T09:19:37.587218,3.8552937507629395,1.3497414588928223,1.78316330909729,6.401785850524902,qmix,smacv2,protoss_5_vs_5,101,0.0
990000,494,2026-06-08T09:22:43.541304,4.664031028747559,1.3821887969970703,2.265305995941162,7.86734676361084,qmix,smacv2,protoss_5_vs_5,101,0.0
992000,495,2026-06-08T09:25:52.776708,5.272066116333008,1.9969944953918457,1.7589285373687744,7.748724460601807,qmix,smacv2,protoss_5_vs_5,101,0.0
994000,496,2026-06-08T09:28:58.541904,3.661925792694092,1.5975821018218994,1.4094387292861938,6.951529502868652,qmix,smacv2,protoss_5_vs_5,101,0.0
996000,497,2026-06-08T09:31:56.127512,5.112372398376465,1.9784369468688965,1.9885202646255493,9.358418464660645,qmix,smacv2,protoss_5_vs_5,101,0.0
998000,498,2026-06-08T09:34:54.338423,4.274681568145752,2.372400999069214,1.0318877696990967,12.529336929321289,qmix,smacv2,protoss_5_vs_5,101,0.0
1000000,499,2026-06-08T09:37:54.382833,4.094770431518555,1.3820726871490479,1.6198978424072266,6.7040815353393555,qmix,smacv2,protoss_5_vs_5,101,0.0
1002000,500,2026-06-08T09:40:59.612603,4.694324016571045,1.753103494644165,2.264030694961548,9.34438705444336,qmix,smacv2,protoss_5_vs_5,101,0.0
1004000,501,2026-06-08T09:44:11.119568,4.230101585388184,2.349703788757324,1.0790815353393555,10.228317260742188,qmix,smacv2,protoss_5_vs_5,101,0.0
1006000,502,2026-06-08T09:47:26.419564,4.574553489685059,1.7690845727920532,1.2142857313156128,8.295919418334961,qmix,smacv2,protoss_5_vs_5,101,0.0
1008000,503,2026-06-08T09:50:37.317003,4.683227062225342,3.126096487045288,1.0612244606018066,14.387754440307617,qmix,smacv2,protoss_5_vs_5,101,0.05000000074505806
1010000,504,2026-06-08T09:53:56.903478,4.59591817855835,1.4982982873916626,1.832908272743225,6.8839287757873535,qmix,smacv2,protoss_5_vs_5,101,0.0
1012000,505,2026-06-08T09:57:14.799903,5.086543560028076,1.900791883468628,1.5612244606018066,9.183673858642578,qmix,smacv2,protoss_5_vs_5,101,0.0
1014000,506,2026-06-08T10:00:41.688367,4.5591840744018555,1.9608147144317627,2.30867338180542,9.160715103149414,qmix,smacv2,protoss_5_vs_5,101,0.0
1016000,507,2026-06-08T10:03:59.685683,3.4647960662841797,1.4886952638626099,1.2244898080825806,6.344387531280518,qmix,smacv2,protoss_5_vs_5,101,0.0
1018000,508,2026-06-08T10:07:17.494788,4.906569480895996,1.6885892152786255,1.9897959232330322,9.426020622253418,qmix,smacv2,protoss_5_vs_5,101,0.0
1020000,509,2026-06-08T10:10:32.843545,4.238903045654297,2.089062213897705,1.9961735010147095,11.211734771728516,qmix,smacv2,protoss_5_vs_5,101,0.0
1022000,510,2026-06-08T10:13:49.561385,4.205420970916748,1.4394659996032715,2.0204081535339355,7.460459232330322,qmix,smacv2,protoss_5_vs_5,101,0.0
1024000,511,2026-06-08T10:17:03.344801,4.419132232666016,2.522404432296753,1.0586735010147095,10.744898796081543,qmix,smacv2,protoss_5_vs_5,101,0.0
1026000,512,2026-06-08T10:20:18.887154,3.7775509357452393,1.8684968948364258,1.59183669090271,8.478316307067871,qmix,smacv2,protoss_5_vs_5,101,0.0
1028000,513,2026-06-08T10:23:26.959986,4.101531028747559,1.2992528676986694,1.8380100727081299,7.549745082855225,qmix,smacv2,protoss_5_vs_5,101,0.0
1030000,514,2026-06-08T10:26:33.738478,4.241390705108643,1.860461950302124,1.6364796161651611,10.112245559692383,qmix,smacv2,protoss_5_vs_5,101,0.0
1032000,515,2026-06-08T10:29:42.705642,4.2566328048706055,1.9985077381134033,1.8163264989852905,8.886479377746582,qmix,smacv2,protoss_5_vs_5,101,0.0
1034000,516,2026-06-08T10:32:52.899752,4.2886481285095215,2.533360719680786,1.3367347717285156,9.706632614135742,qmix,smacv2,protoss_5_vs_5,101,0.0
1036000,517,2026-06-08T10:36:05.664209,4.326657772064209,1.6535578966140747,0.9795918464660645,6.887754917144775,qmix,smacv2,protoss_5_vs_5,101,0.0
1038000,518,2026-06-08T10:39:14.897415,3.977997303009033,1.6321719884872437,1.616071343421936,8.091836929321289,qmix,smacv2,protoss_5_vs_5,101,0.0
1040000,519,2026-06-08T10:42:27.987529,4.998469352722168,2.2177488803863525,0.8673469424247742,8.4375,qmix,smacv2,protoss_5_vs_5,101,0.0
1042000,520,2026-06-08T10:45:40.536029,4.702295780181885,1.7777140140533447,1.820152997970581,8.693878173828125,qmix,smacv2,protoss_5_vs_5,101,0.0
1044000,521,2026-06-08T10:48:52.612481,3.527869701385498,1.4023871421813965,1.4693877696990967,6.9897966384887695,qmix,smacv2,protoss_5_vs_5,101,0.0
1046000,522,2026-06-08T10:52:12.279223,4.809311389923096,2.7664129734039307,0.0,10.948980331420898,qmix,smacv2,protoss_5_vs_5,101,0.0
1048000,523,2026-06-08T10:55:16.419128,3.8847579956054688,1.8596266508102417,0.7346938848495483,8.67984676361084,qmix,smacv2,protoss_5_vs_5,101,0.0
1050000,524,2026-06-08T10:58:22.125052,4.943686485290527,2.078677177429199,1.6632654666900635,9.795918464660645,qmix,smacv2,protoss_5_vs_5,101,0.0
1052000,525,2026-06-08T11:01:29.697131,4.05637788772583,2.1626131534576416,0.6326530575752258,8.80484676361084,qmix,smacv2,protoss_5_vs_5,101,0.0
1054000,526,2026-06-08T11:04:36.181188,3.4982142448425293,1.4697802066802979,0.7155612111091614,6.714285850524902,qmix,smacv2,protoss_5_vs_5,101,0.0
1056000,527,2026-06-08T11:07:46.749237,4.543494701385498,2.4404289722442627,1.3775510787963867,12.602041244506836,qmix,smacv2,protoss_5_vs_5,101,0.0
1058000,528,2026-06-08T11:10:54.406840,5.556951999664307,3.2545583248138428,1.771683692932129,16.53061294555664,qmix,smacv2,protoss_5_vs_5,101,0.05000000074505806
1060000,529,2026-06-08T11:14:03.739023,4.664412975311279,2.5367696285247803,1.5204081535339355,10.823980331420898,qmix,smacv2,protoss_5_vs_5,101,0.0
1062000,530,2026-06-08T11:17:13.390653,4.086606979370117,1.8396111726760864,1.1020407676696777,8.530611991882324,qmix,smacv2,protoss_5_vs_5,101,0.0
1064000,531,2026-06-08T11:20:23.107965,4.452678680419922,2.2108874320983887,1.7181122303009033,11.520408630371094,qmix,smacv2,protoss_5_vs_5,101,0.0
1066000,532,2026-06-08T11:23:37.209273,4.01957893371582,2.2583060264587402,1.459183692932129,9.19515323638916,qmix,smacv2,protoss_5_vs_5,101,0.0
1068000,533,2026-06-08T11:26:46.998158,3.9307398796081543,2.370342493057251,1.2551020383834839,10.691327095031738,qmix,smacv2,protoss_5_vs_5,101,0.0
1070000,534,2026-06-08T11:29:52.996213,5.014604568481445,1.7633204460144043,1.7755101919174194,8.673469543457031,qmix,smacv2,protoss_5_vs_5,101,0.0
1072000,535,2026-06-08T11:33:02.326794,4.730165958404541,1.7532804012298584,1.0012755393981934,7.92984676361084,qmix,smacv2,protoss_5_vs_5,101,0.0
1074000,536,2026-06-08T11:36:07.325017,4.241199016571045,1.9995304346084595,0.8048469424247742,7.9897966384887695,qmix,smacv2,protoss_5_vs_5,101,0.0
1076000,537,2026-06-08T11:39:13.051683,3.5452170372009277,1.9170368909835815,1.5038264989852905,8.163265228271484,qmix,smacv2,protoss_5_vs_5,101,0.0
1078000,538,2026-06-08T11:42:19.915361,4.113711833953857,2.6623289585113525,1.2321428060531616,14.48979663848877,qmix,smacv2,protoss_5_vs_5,101,0.05000000074505806
1080000,539,2026-06-08T11:45:30.023228,5.464158058166504,1.9714080095291138,2.724489688873291,9.372448921203613,qmix,smacv2,protoss_5_vs_5,101,0.0
1082000,540,2026-06-08T11:48:41.775775,4.443686008453369,1.987087607383728,1.4311223030090332,8.204080581665039,qmix,smacv2,protoss_5_vs_5,101,0.0
1084000,541,2026-06-08T11:51:51.880531,4.543176651000977,1.8692346811294556,2.2219388484954834,9.813776016235352,qmix,smacv2,protoss_5_vs_5,101,0.0
1086000,542,2026-06-08T11:55:06.067413,4.791390419006348,2.283266305923462,2.0892856121063232,12.497448921203613,qmix,smacv2,protoss_5_vs_5,101,0.0
1088000,543,2026-06-08T11:58:16.703082,3.7533164024353027,1.4527757167816162,1.6301019191741943,6.673468589782715,qmix,smacv2,protoss_5_vs_5,101,0.0
1090000,544,2026-06-08T12:01:24.861585,3.7918365001678467,2.2783420085906982,0.8571428060531616,12.244897842407227,qmix,smacv2,protoss_5_vs_5,101,0.05000000074505806
1092000,545,2026-06-08T12:04:36.260174,4.313520431518555,2.1634697914123535,1.2614796161651611,7.816327095031738,qmix,smacv2,protoss_5_vs_5,101,0.0
1094000,546,2026-06-08T12:07:43.388976,4.954336643218994,1.7031828165054321,2.7959184646606445,8.53699016571045,qmix,smacv2,protoss_5_vs_5,101,0.0
1096000,547,2026-06-08T12:10:59.705861,4.169005393981934,2.104405403137207,1.0612244606018066,9.021684646606445,qmix,smacv2,protoss_5_vs_5,101,0.0
1098000,548,2026-06-08T12:14:11.495839,4.123851776123047,1.697568655014038,1.2920918464660645,7.755102634429932,qmix,smacv2,protoss_5_vs_5,101,0.0
1100000,549,2026-06-08T12:17:23.034314,4.02940034866333,2.6564714908599854,1.7346938848495483,12.456632614135742,qmix,smacv2,protoss_5_vs_5,101,0.05000000074505806
1102000,550,2026-06-08T12:20:36.840937,4.17174768447876,2.0361006259918213,1.0612245798110962,8.72449016571045,qmix,smacv2,protoss_5_vs_5,101,0.0
1104000,551,2026-06-08T12:23:54.864107,4.590497016906738,2.2036476135253906,1.6530611515045166,9.795918464660645,qmix,smacv2,protoss_5_vs_5,101,0.0
1106000,552,2026-06-08T12:27:12.491196,3.6503188610076904,1.5875524282455444,1.5102040767669678,6.4183669090271,qmix,smacv2,protoss_5_vs_5,101,0.0
1108000,553,2026-06-08T12:30:26.834005,4.696556091308594,2.778249502182007,1.5994898080825806,12.201529502868652,qmix,smacv2,protoss_5_vs_5,101,0.0
1110000,554,2026-06-08T12:33:42.079248,4.227295398712158,1.8636775016784668,2.0165815353393555,8.908164024353027,qmix,smacv2,protoss_5_vs_5,101,0.0
1112000,555,2026-06-08T12:36:56.990463,4.113966941833496,1.5648168325424194,2.019132614135742,7.612245082855225,qmix,smacv2,protoss_5_vs_5,101,0.0
1114000,556,2026-06-08T12:40:12.024810,4.082717418670654,1.3288350105285645,1.9897959232330322,5.857142448425293,qmix,smacv2,protoss_5_vs_5,101,0.0
1116000,557,2026-06-08T12:43:27.277157,4.2422194480896,1.3242303133010864,2.0382652282714844,6.663265228271484,qmix,smacv2,protoss_5_vs_5,101,0.0
1118000,558,2026-06-08T12:46:40.112242,5.456696510314941,3.108366012573242,1.7359693050384521,14.469388008117676,qmix,smacv2,protoss_5_vs_5,101,0.05000000074505806
1120000,559,2026-06-08T12:49:48.542049,5.5337371826171875,2.367478847503662,1.945152997970581,12.346939086914062,qmix,smacv2,protoss_5_vs_5,101,0.05000000074505806
1122000,560,2026-06-08T12:52:55.794708,4.663201332092285,1.9233500957489014,2.584183692932129,9.72449016571045,qmix,smacv2,protoss_5_vs_5,101,0.0
1124000,561,2026-06-08T12:56:07.655046,5.154400825500488,1.9485584497451782,2.25,9.441327095031738,qmix,smacv2,protoss_5_vs_5,101,0.0
1126000,562,2026-06-08T12:59:18.219950,5.04719352722168,1.5277187824249268,2.765305995941162,8.479591369628906,qmix,smacv2,protoss_5_vs_5,101,0.0
1128000,563,2026-06-08T13:02:27.169951,4.406632900238037,2.3502957820892334,0.8775509595870972,8.011479377746582,qmix,smacv2,protoss_5_vs_5,101,0.0
1130000,564,2026-06-08T13:05:36.301191,4.223150730133057,2.671907901763916,1.1619898080825806,12.653060913085938,qmix,smacv2,protoss_5_vs_5,101,0.05000000074505806
1132000,565,2026-06-08T13:08:48.036067,4.223916053771973,2.2875187397003174,1.2780611515045166,11.079080581665039,qmix,smacv2,protoss_5_vs_5,101,0.0
1134000,566,2026-06-08T13:12:04.146861,4.601084232330322,2.503751516342163,1.4336735010147095,11.043367385864258,qmix,smacv2,protoss_5_vs_5,101,0.0
1136000,567,2026-06-08T13:15:22.898810,4.957015037536621,2.080054759979248,1.5688775777816772,10.316326141357422,qmix,smacv2,protoss_5_vs_5,101,0.0
1138000,568,2026-06-08T13:18:46.011462,4.879400253295898,2.3758649826049805,1.7767856121063232,9.313776016235352,qmix,smacv2,protoss_5_vs_5,101,0.0
1140000,569,2026-06-08T13:22:28.931310,3.7763397693634033,1.7070567607879639,1.459183692932129,7.36734676361084,qmix,smacv2,protoss_5_vs_5,101,0.0
1142000,570,2026-06-08T13:25:56.101064,3.9402427673339844,1.553637146949768,1.3112245798110962,7.427295684814453,qmix,smacv2,protoss_5_vs_5,101,0.0
1144000,571,2026-06-08T13:29:23.119863,5.120408058166504,3.0590105056762695,1.7602040767669678,12.65306282043457,qmix,smacv2,protoss_5_vs_5,101,0.05000000074505806
1146000,572,2026-06-08T13:32:45.683046,3.8783798217773438,1.499552845954895,2.140305995941162,7.897959232330322,qmix,smacv2,protoss_5_vs_5,101,0.0
1148000,573,2026-06-08T13:36:04.643540,4.154910087585449,1.741713047027588,1.5918368101119995,7.711733818054199,qmix,smacv2,protoss_5_vs_5,101,0.0
1150000,574,2026-06-08T13:39:19.253527,4.745663166046143,2.351612091064453,1.9783165454864502,10.887754440307617,qmix,smacv2,protoss_5_vs_5,101,0.0
1152000,575,2026-06-08T13:42:32.630280,3.7832272052764893,1.2811765670776367,1.4426019191741943,6.938775539398193,qmix,smacv2,protoss_5_vs_5,101,0.0
1154000,576,2026-06-08T13:45:43.869662,4.066390037536621,1.7776838541030884,1.5178570747375488,8.081632614135742,qmix,smacv2,protoss_5_vs_5,101,0.0
1156000,577,2026-06-08T13:48:53.704339,3.4853317737579346,1.4673408269882202,1.6913264989852905,7.794642448425293,qmix,smacv2,protoss_5_vs_5,101,0.0
1158000,578,2026-06-08T13:52:02.683062,4.666581153869629,2.0855915546417236,1.0612244606018066,9.411989212036133,qmix,smacv2,protoss_5_vs_5,101,0.0
1160000,579,2026-06-08T13:55:09.674640,4.298214435577393,2.0981478691101074,1.5612245798110962,9.806122779846191,qmix,smacv2,protoss_5_vs_5,101,0.0
1162000,580,2026-06-08T13:58:18.813457,4.955739498138428,2.8664820194244385,1.6823980808258057,14.499998092651367,qmix,smacv2,protoss_5_vs_5,101,0.05000000074505806
1164000,581,2026-06-08T14:01:27.673911,4.066772937774658,1.9016138315200806,1.9693876504898071,10.183672904968262,qmix,smacv2,protoss_5_vs_5,101,0.0
1166000,582,2026-06-08T14:04:36.972687,4.574426174163818,2.4390742778778076,1.4362245798110962,10.5,qmix,smacv2,protoss_5_vs_5,101,0.0
1168000,583,2026-06-08T14:07:44.001339,4.497512340545654,2.5177366733551025,1.0344387292861938,10.059947967529297,qmix,smacv2,protoss_5_vs_5,101,0.0
1170000,584,2026-06-08T14:10:40.664269,4.844005107879639,2.530438184738159,1.8443877696990967,12.806123733520508,qmix,smacv2,protoss_5_vs_5,101,0.05000000074505806
1172000,585,2026-06-08T14:13:36.779233,4.940943717956543,1.922066330909729,2.507652997970581,9.081632614135742,qmix,smacv2,protoss_5_vs_5,101,0.0
1174000,586,2026-06-08T14:16:34.743948,4.471492290496826,2.116117000579834,2.5497448444366455,10.0,qmix,smacv2,protoss_5_vs_5,101,0.0
1176000,587,2026-06-08T14:19:36.845772,4.190497398376465,1.6180706024169922,1.6403062343597412,7.190051078796387,qmix,smacv2,protoss_5_vs_5,101,0.0
1178000,588,2026-06-08T14:22:43.121348,4.961670875549316,1.7745542526245117,2.448979616165161,10.75510311126709,qmix,smacv2,protoss_5_vs_5,101,0.0
1180000,589,2026-06-08T14:25:56.037979,3.9841837882995605,1.3951503038406372,2.0242345333099365,7.417092323303223,qmix,smacv2,protoss_5_vs_5,101,0.0
1182000,590,2026-06-08T14:29:10.630464,4.319897651672363,1.7100614309310913,1.2244898080825806,7.404336452484131,qmix,smacv2,protoss_5_vs_5,101,0.0
1184000,591,2026-06-08T14:32:24.117716,5.2021684646606445,3.2875068187713623,0.7844387888908386,14.489794731140137,qmix,smacv2,protoss_5_vs_5,101,0.10000000149011612
1186000,592,2026-06-08T14:35:39.244241,5.531123161315918,2.0004892349243164,2.306122303009033,8.857142448425293,qmix,smacv2,protoss_5_vs_5,101,0.0
1188000,593,2026-06-08T14:38:56.575066,4.474872589111328,2.028135061264038,1.71683669090271,8.822704315185547,qmix,smacv2,protoss_5_vs_5,101,0.0
1190000,594,2026-06-08T14:42:18.574653,4.875956058502197,2.2320313453674316,1.8775508403778076,9.6875,qmix,smacv2,protoss_5_vs_5,101,0.0
1192000,595,2026-06-08T14:45:37.374173,4.077678203582764,1.6977028846740723,1.8265306949615479,7.875,qmix,smacv2,protoss_5_vs_5,101,0.0
1194000,596,2026-06-08T14:48:53.687322,4.408290386199951,1.82218599319458,1.7142856121063232,8.487245559692383,qmix,smacv2,protoss_5_vs_5,101,0.0
1196000,597,2026-06-08T14:52:12.774265,4.878316402435303,2.0702314376831055,1.5841835737228394,9.993622779846191,qmix,smacv2,protoss_5_vs_5,101,0.0
1198000,598,2026-06-08T14:55:28.387388,5.296237468719482,2.493009567260742,1.6938775777816772,10.122448921203613,qmix,smacv2,protoss_5_vs_5,101,0.0
1200000,599,2026-06-08T14:58:36.189049,4.321682929992676,1.8203314542770386,1.979591965675354,8.886479377746582,qmix,smacv2,protoss_5_vs_5,101,0.0
1202000,600,2026-06-08T15:01:46.962851,5.154018402099609,2.4693970680236816,1.8239796161651611,11.461734771728516,qmix,smacv2,protoss_5_vs_5,101,0.0
1204000,601,2026-06-08T15:04:50.074203,5.579145908355713,2.3900978565216064,2.2806122303009033,11.153061866760254,qmix,smacv2,protoss_5_vs_5,101,0.0
1206000,602,2026-06-08T15:07:58.748516,4.606632709503174,1.6296361684799194,1.8852039575576782,8.302295684814453,qmix,smacv2,protoss_5_vs_5,101,0.0
1208000,603,2026-06-08T15:11:03.226629,5.6503825187683105,2.1918084621429443,2.69132661819458,12.46300983428955,qmix,smacv2,protoss_5_vs_5,101,0.0
1210000,604,2026-06-08T15:14:11.770344,4.142857551574707,1.4870480298995972,1.957908272743225,7.755102634429932,qmix,smacv2,protoss_5_vs_5,101,0.0
1212000,605,2026-06-08T15:17:22.989974,4.836861610412598,2.190520763397217,1.7767858505249023,9.038265228271484,qmix,smacv2,protoss_5_vs_5,101,0.0
1214000,606,2026-06-08T15:20:33.104282,5.1004462242126465,1.4118603467941284,1.924744963645935,7.5816330909729,qmix,smacv2,protoss_5_vs_5,101,0.0
1216000,607,2026-06-08T15:23:41.633930,5.355229377746582,2.2996232509613037,1.9017856121063232,12.007652282714844,qmix,smacv2,protoss_5_vs_5,101,0.0
1218000,608,2026-06-08T15:26:52.717587,5.286416053771973,2.155111074447632,1.6071430444717407,9.53061294555664,qmix,smacv2,protoss_5_vs_5,101,0.0
1220000,609,2026-06-08T15:30:04.285201,4.476977348327637,2.614518404006958,1.979591727256775,12.653060913085938,qmix,smacv2,protoss_5_vs_5,101,0.05000000074505806
1222000,610,2026-06-08T15:33:14.222127,4.229719638824463,1.8578557968139648,1.748724341392517,9.506378173828125,qmix,smacv2,protoss_5_vs_5,101,0.0
1224000,611,2026-06-08T15:36:28.764749,3.552678346633911,1.6431056261062622,0.6632652878761292,6.7665815353393555,qmix,smacv2,protoss_5_vs_5,101,0.0
1226000,612,2026-06-08T15:39:38.549696,4.407844066619873,1.8287173509597778,2.267857074737549,8.16964340209961,qmix,smacv2,protoss_5_vs_5,101,0.0
1228000,613,2026-06-08T15:42:47.492646,5.012372970581055,2.296499013900757,1.9681122303009033,11.256378173828125,qmix,smacv2,protoss_5_vs_5,101,0.0
1230000,614,2026-06-08T15:45:56.563083,4.268685817718506,2.0171709060668945,1.8035714626312256,9.288264274597168,qmix,smacv2,protoss_5_vs_5,101,0.0
1232000,615,2026-06-08T15:49:05.576303,4.310650825500488,1.340307593345642,1.832908272743225,7.4349493980407715,qmix,smacv2,protoss_5_vs_5,101,0.0
1234000,616,2026-06-08T15:52:16.848523,4.305229663848877,1.9390913248062134,1.4719387292861938,8.246173858642578,qmix,smacv2,protoss_5_vs_5,101,0.0
1236000,617,2026-06-08T15:55:22.389577,4.697832107543945,2.2507576942443848,1.7959184646606445,9.167091369628906,qmix,smacv2,protoss_5_vs_5,101,0.0
1238000,618,2026-06-08T15:58:34.304975,4.546237468719482,2.3999555110931396,1.8609693050384521,11.274234771728516,qmix,smacv2,protoss_5_vs_5,101,0.0
1240000,619,2026-06-08T16:01:37.060486,3.6239161491394043,1.4585388898849487,1.116071343421936,6.826531410217285,qmix,smacv2,protoss_5_vs_5,101,0.0
1242000,620,2026-06-08T16:04:37.142841,4.376275062561035,1.9462745189666748,1.4961735010147095,9.07780647277832,qmix,smacv2,protoss_5_vs_5,101,0.0
1244000,621,2026-06-08T16:07:42.960134,3.668431043624878,1.3818813562393188,1.7270408868789673,5.969387531280518,qmix,smacv2,protoss_5_vs_5,101,0.0
1246000,622,2026-06-08T16:10:49.558959,4.600446701049805,1.8626632690429688,1.4732142686843872,9.026784896850586,qmix,smacv2,protoss_5_vs_5,101,0.0
1248000,623,2026-06-08T16:13:59.195353,4.0337371826171875,1.040281891822815,1.9732143878936768,6.024234771728516,qmix,smacv2,protoss_5_vs_5,101,0.0
1250000,624,2026-06-08T16:17:11.563575,5.210841655731201,2.8361973762512207,1.59183669090271,12.448979377746582,qmix,smacv2,protoss_5_vs_5,101,0.05000000074505806
1252000,625,2026-06-08T16:20:22.155371,3.419323682785034,1.4596548080444336,1.3316326141357422,7.0,qmix,smacv2,protoss_5_vs_5,101,0.0
1254000,626,2026-06-08T16:23:34.041043,4.6408162117004395,2.012843608856201,1.8392858505249023,10.728317260742188,qmix,smacv2,protoss_5_vs_5,101,0.05000000074505806
1256000,627,2026-06-08T16:26:49.328490,4.697767734527588,2.403153657913208,1.959183692932129,9.285714149475098,qmix,smacv2,protoss_5_vs_5,101,0.0
1258000,628,2026-06-08T16:29:56.374023,3.977168560028076,2.0985984802246094,1.417091727256775,8.26530647277832,qmix,smacv2,protoss_5_vs_5,101,0.0
1260000,629,2026-06-08T16:33:07.974520,4.582972049713135,2.3023390769958496,1.2895408868789673,11.020407676696777,qmix,smacv2,protoss_5_vs_5,101,0.0
1262000,630,2026-06-08T16:36:24.471963,4.581377983093262,1.4506109952926636,2.3265304565429688,7.450254917144775,qmix,smacv2,protoss_5_vs_5,101,0.0
1264000,631,2026-06-08T16:39:40.928503,4.288264751434326,1.982703685760498,1.5573979616165161,8.622448921203613,qmix,smacv2,protoss_5_vs_5,101,0.0
1266000,632,2026-06-08T16:42:48.730466,4.626466751098633,1.3675649166107178,2.6122446060180664,6.989794731140137,qmix,smacv2,protoss_5_vs_5,101,0.0
1268000,633,2026-06-08T16:45:57.754200,4.43367338180542,1.8972243070602417,2.1632652282714844,9.466836929321289,qmix,smacv2,protoss_5_vs_5,101,0.0
1270000,634,2026-06-08T16:49:08.768620,3.93144154548645,2.2059438228607178,1.8163264989852905,9.841836929321289,qmix,smacv2,protoss_5_vs_5,101,0.0
1272000,635,2026-06-08T16:52:18.302820,4.371938705444336,2.027763843536377,1.27933669090271,9.658163070678711,qmix,smacv2,protoss_5_vs_5,101,0.0
1274000,636,2026-06-08T16:55:28.949002,4.386351585388184,1.4402308464050293,1.554847002029419,6.877551078796387,qmix,smacv2,protoss_5_vs_5,101,0.0
1276000,637,2026-06-08T16:58:40.421006,3.780611753463745,1.5994969606399536,2.0204081535339355,8.622448921203613,qmix,smacv2,protoss_5_vs_5,101,0.0
1278000,638,2026-06-08T17:01:50.607827,4.671684265136719,2.0698647499084473,1.7551019191741943,9.841836929321289,qmix,smacv2,protoss_5_vs_5,101,0.0
1280000,639,2026-06-08T17:05:02.737532,4.3404340744018555,2.194626808166504,2.265305995941162,10.775510787963867,qmix,smacv2,protoss_5_vs_5,101,0.0
1282000,640,2026-06-08T17:08:20.423484,3.8728950023651123,1.7697832584381104,1.71683669090271,10.264031410217285,qmix,smacv2,protoss_5_vs_5,101,0.0
1284000,641,2026-06-08T17:11:33.679674,3.6446425914764404,1.6222690343856812,1.132652997970581,8.153060913085938,qmix,smacv2,protoss_5_vs_5,101,0.0
1286000,642,2026-06-08T17:14:42.100195,4.3271684646606445,2.263122320175171,1.3150509595870972,9.653061866760254,qmix,smacv2,protoss_5_vs_5,101,0.0
1288000,643,2026-06-08T17:17:50.785043,4.216007709503174,1.3941175937652588,1.9336735010147095,7.477040767669678,qmix,smacv2,protoss_5_vs_5,101,0.0
1290000,644,2026-06-08T17:21:00.049017,4.22474479675293,1.3587006330490112,2.477041006088257,7.13265323638916,qmix,smacv2,protoss_5_vs_5,101,0.0
1292000,645,2026-06-08T17:24:07.519454,4.0246171951293945,1.730904221534729,1.4655612707138062,9.683673858642578,qmix,smacv2,protoss_5_vs_5,101,0.0
1294000,646,2026-06-08T17:27:20.347816,4.419579029083252,1.8748655319213867,1.8673467636108398,8.610969543457031,qmix,smacv2,protoss_5_vs_5,101,0.0
1296000,647,2026-06-08T17:30:33.000418,4.021492958068848,2.1907005310058594,1.1415815353393555,8.581632614135742,qmix,smacv2,protoss_5_vs_5,101,0.0
1298000,648,2026-06-08T17:33:45.464173,4.271300315856934,2.0294506549835205,1.978316307067871,8.843111991882324,qmix,smacv2,protoss_5_vs_5,101,0.0
1300000,649,2026-06-08T17:36:54.867190,4.781951427459717,1.891431450843811,2.21301007270813,10.877551078796387,qmix,smacv2,protoss_5_vs_5,101,0.0
1302000,650,2026-06-08T17:40:08.535822,4.216071128845215,2.0122506618499756,1.857142686843872,9.55229663848877,qmix,smacv2,protoss_5_vs_5,101,0.0
1304000,651,2026-06-08T17:43:19.754368,4.482205867767334,1.8888734579086304,1.3826531171798706,8.73214340209961,qmix,smacv2,protoss_5_vs_5,101,0.0
1306000,652,2026-06-08T17:46:34.378562,4.297959327697754,1.6454194784164429,1.8609693050384521,8.46938705444336,qmix,smacv2,protoss_5_vs_5,101,0.0
1308000,653,2026-06-08T17:49:54.254542,4.139222145080566,1.827460765838623,1.4387755393981934,7.153061866760254,qmix,smacv2,protoss_5_vs_5,101,0.0
1310000,654,2026-06-08T17:53:08.894820,5.625063896179199,2.7644121646881104,2.0089285373687744,14.520408630371094,qmix,smacv2,protoss_5_vs_5,101,0.05000000074505806
1312000,655,2026-06-08T17:56:24.665878,4.4621171951293945,1.732041597366333,1.9285714626312256,8.448980331420898,qmix,smacv2,protoss_5_vs_5,101,0.0
1314000,656,2026-06-08T17:59:39.539335,4.191709041595459,1.6914278268814087,1.8966834545135498,7.102040767669678,qmix,smacv2,protoss_5_vs_5,101,0.0
1316000,657,2026-06-08T18:02:54.267092,4.266837120056152,1.393662452697754,1.700255036354065,7.642857551574707,qmix,smacv2,protoss_5_vs_5,101,0.0
1318000,658,2026-06-08T18:06:07.888725,3.774426221847534,1.321468472480774,1.7193876504898071,6.734694004058838,qmix,smacv2,protoss_5_vs_5,101,0.0
1320000,659,2026-06-08T18:09:25.656600,4.427359580993652,2.0545997619628906,1.8367345333099365,7.857143402099609,qmix,smacv2,protoss_5_vs_5,101,0.0
1322000,660,2026-06-08T18:12:36.350362,4.55057430267334,1.993797779083252,1.637755036354065,9.769131660461426,qmix,smacv2,protoss_5_vs_5,101,0.0
1324000,661,2026-06-08T18:15:43.326332,4.194579124450684,1.621687650680542,1.5688774585723877,6.9719390869140625,qmix,smacv2,protoss_5_vs_5,101,0.0
1326000,662,2026-06-08T18:18:50.841318,4.412691116333008,1.7231749296188354,1.979591727256775,8.514030456542969,qmix,smacv2,protoss_5_vs_5,101,0.0
1328000,663,2026-06-08T18:22:02.729315,4.292283058166504,1.8274120092391968,1.6441326141357422,6.908164024353027,qmix,smacv2,protoss_5_vs_5,101,0.0
1330000,664,2026-06-08T18:25:12.286681,4.278890132904053,1.725649356842041,1.2818877696990967,7.235969543457031,qmix,smacv2,protoss_5_vs_5,101,0.0
1332000,665,2026-06-08T18:28:33.172061,4.682781219482422,2.0757551193237305,1.6607143878936768,9.948979377746582,qmix,smacv2,protoss_5_vs_5,101,0.0
1334000,666,2026-06-08T18:31:43.233218,3.4636483192443848,1.208085060119629,1.683673620223999,6.183673858642578,qmix,smacv2,protoss_5_vs_5,101,0.0
1336000,667,2026-06-08T18:34:55.895133,4.116581916809082,2.0357754230499268,1.538265347480774,8.505102157592773,qmix,smacv2,protoss_5_vs_5,101,0.0
1338000,668,2026-06-08T18:38:08.460213,4.31447696685791,2.27410888671875,1.5816327333450317,10.122448921203613,qmix,smacv2,protoss_5_vs_5,101,0.0
1340000,669,2026-06-08T18:41:29.491525,4.963201999664307,2.1783437728881836,2.2551021575927734,9.520407676696777,qmix,smacv2,protoss_5_vs_5,101,0.0
1342000,670,2026-06-08T18:44:44.223045,4.236224174499512,2.075871706008911,1.7614796161651611,10.183673858642578,qmix,smacv2,protoss_5_vs_5,101,0.0
1344000,671,2026-06-08T18:48:04.351553,4.734502792358398,2.85636043548584,1.4056123495101929,11.683673858642578,qmix,smacv2,protoss_5_vs_5,101,0.0
1346000,672,2026-06-08T18:51:19.848356,5.168048858642578,1.9146909713745117,3.142857074737549,10.068879127502441,qmix,smacv2,protoss_5_vs_5,101,0.0
1348000,673,2026-06-08T18:54:36.271173,4.630229473114014,1.747834324836731,1.96683669090271,7.9897966384887695,qmix,smacv2,protoss_5_vs_5,101,0.0
1350000,674,2026-06-08T18:57:53.551021,4.798277378082275,1.9441715478897095,2.22066330909729,9.042091369628906,qmix,smacv2,protoss_5_vs_5,101,0.0
1352000,675,2026-06-08T19:01:08.017486,4.399043560028076,1.8764475584030151,2.3214285373687744,8.846939086914062,qmix,smacv2,protoss_5_vs_5,101,0.0
1354000,676,2026-06-08T19:04:20.854118,3.4468111991882324,1.90193772315979,1.367347002029419,8.298469543457031,qmix,smacv2,protoss_5_vs_5,101,0.0
1356000,677,2026-06-08T19:07:30.204676,4.530548095703125,2.51997709274292,1.349489688873291,9.918367385864258,qmix,smacv2,protoss_5_vs_5,101,0.0
1358000,678,2026-06-08T19:10:40.660540,4.530611991882324,2.9443750381469727,0.9285715222358704,12.479592323303223,qmix,smacv2,protoss_5_vs_5,101,0.05000000074505806
1360000,679,2026-06-08T19:13:49.880630,4.246747016906738,2.0443272590637207,1.4566326141357422,10.649234771728516,qmix,smacv2,protoss_5_vs_5,101,0.0
1362000,680,2026-06-08T19:16:55.960813,4.462372779846191,1.691580891609192,1.7959182262420654,7.959183692932129,qmix,smacv2,protoss_5_vs_5,101,0.0
1364000,681,2026-06-08T19:19:59.778595,5.470599174499512,2.493109941482544,1.6811224222183228,11.313775062561035,qmix,smacv2,protoss_5_vs_5,101,0.0
1366000,682,2026-06-08T19:23:04.436955,4.179910182952881,2.0295605659484863,1.1964285373687744,8.64285659790039,qmix,smacv2,protoss_5_vs_5,101,0.0
1368000,683,2026-06-08T19:26:06.254076,4.656186103820801,2.3463327884674072,1.7448978424072266,9.303571701049805,qmix,smacv2,protoss_5_vs_5,101,0.0
1370000,684,2026-06-08T19:29:19.022773,3.8874363899230957,1.9124538898468018,1.2857141494750977,9.276785850524902,qmix,smacv2,protoss_5_vs_5,101,0.0
1372000,685,2026-06-08T19:32:23.240519,4.886096954345703,1.5789881944656372,2.404336929321289,7.985970497131348,qmix,smacv2,protoss_5_vs_5,101,0.0
1374000,686,2026-06-08T19:35:33.001550,5.538329124450684,2.6560468673706055,2.040816307067871,10.66454029083252,qmix,smacv2,protoss_5_vs_5,101,0.0
1376000,687,2026-06-08T19:38:39.298001,5.016773223876953,2.0055625438690186,1.2946429252624512,8.943877220153809,qmix,smacv2,protoss_5_vs_5,101,0.0
1378000,688,2026-06-08T19:41:48.104795,3.8984055519104004,1.4138060808181763,1.623724341392517,6.228316307067871,qmix,smacv2,protoss_5_vs_5,101,0.0
1380000,689,2026-06-08T19:44:54.007423,4.669323921203613,1.9994895458221436,2.3367347717285156,8.806121826171875,qmix,smacv2,protoss_5_vs_5,101,0.0
1382000,690,2026-06-08T19:48:02.388138,4.463839530944824,2.233492851257324,1.7971938848495483,10.469388008117676,qmix,smacv2,protoss_5_vs_5,101,0.0
1384000,691,2026-06-08T19:51:08.639539,4.451913356781006,1.9180657863616943,1.1875,7.911989688873291,qmix,smacv2,protoss_5_vs_5,101,0.0
1386000,692,2026-06-08T19:54:12.589523,5.2383928298950195,1.7900199890136719,2.0573978424072266,9.181121826171875,qmix,smacv2,protoss_5_vs_5,101,0.0
1388000,693,2026-06-08T19:57:13.634920,3.976722002029419,2.0091686248779297,1.599489688873291,8.612244606018066,qmix,smacv2,protoss_5_vs_5,101,0.0
1390000,694,2026-06-08T20:00:23.692071,4.317729473114014,2.2478253841400146,1.1530611515045166,8.700255393981934,qmix,smacv2,protoss_5_vs_5,101,0.0
1392000,695,2026-06-08T20:03:31.999918,4.959948539733887,3.295170545578003,1.6645408868789673,14.715560913085938,qmix,smacv2,protoss_5_vs_5,101,0.05000000074505806
1394000,696,2026-06-08T20:06:40.614630,3.75612211227417,1.4074705839157104,1.9948978424072266,7.551020622253418,qmix,smacv2,protoss_5_vs_5,101,0.0
1396000,697,2026-06-08T20:09:58.703616,4.311861991882324,2.274519920349121,1.3737245798110962,9.854591369628906,qmix,smacv2,protoss_5_vs_5,101,0.0
1398000,698,2026-06-08T20:13:14.534453,4.583609580993652,2.5095620155334473,1.5510203838348389,10.663264274597168,qmix,smacv2,protoss_5_vs_5,101,0.0
1400000,699,2026-06-08T20:16:46.710087,4.476147651672363,2.064800977706909,1.7040817737579346,9.071428298950195,qmix,smacv2,protoss_5_vs_5,101,0.0
1402000,700,2026-06-08T20:19:56.026071,4.368558883666992,1.9026286602020264,1.9285714626312256,8.823979377746582,qmix,smacv2,protoss_5_vs_5,101,0.0
1404000,701,2026-06-08T20:23:08.480693,4.733864784240723,1.9852982759475708,1.6390304565429688,9.82015323638916,qmix,smacv2,protoss_5_vs_5,101,0.0
1406000,702,2026-06-08T20:26:19.915489,4.126849174499512,1.9760421514511108,0.8086735010147095,7.988520622253418,qmix,smacv2,protoss_5_vs_5,101,0.0
1408000,703,2026-06-08T20:29:34.183457,5.614732265472412,3.762108564376831,1.6811224222183228,14.387754440307617,qmix,smacv2,protoss_5_vs_5,101,0.15000000596046448
1410000,704,2026-06-08T20:32:43.138197,4.742537975311279,2.447859048843384,1.163265347480774,9.252551078796387,qmix,smacv2,protoss_5_vs_5,101,0.0
1412000,705,2026-06-08T20:35:56.766550,4.587563514709473,2.016481876373291,1.6301019191741943,8.693878173828125,qmix,smacv2,protoss_5_vs_5,101,0.0
1414000,706,2026-06-08T20:39:06.151782,4.7574615478515625,1.3974320888519287,0.9897958636283875,8.127551078796387,qmix,smacv2,protoss_5_vs_5,101,0.0
1416000,707,2026-06-08T20:42:21.299266,3.6172192096710205,1.5013139247894287,1.2104589939117432,7.091836452484131,qmix,smacv2,protoss_5_vs_5,101,0.0
1418000,708,2026-06-08T20:45:37.451346,4.317155838012695,2.2658004760742188,1.6224491596221924,10.255102157592773,qmix,smacv2,protoss_5_vs_5,101,0.0
1420000,709,2026-06-08T20:48:49.244751,3.998405933380127,1.6060627698898315,1.9017856121063232,7.9897966384887695,qmix,smacv2,protoss_5_vs_5,101,0.0
1422000,710,2026-06-08T20:52:05.645449,4.010905742645264,1.4955490827560425,1.706632375717163,6.734694004058838,qmix,smacv2,protoss_5_vs_5,101,0.0
1424000,711,2026-06-08T20:55:19.928790,4.606951713562012,1.6306746006011963,2.6849489212036133,8.887755393981934,qmix,smacv2,protoss_5_vs_5,101,0.0
1426000,712,2026-06-08T20:58:35.753353,4.245152950286865,1.4454469680786133,1.4285714626312256,6.692602634429932,qmix,smacv2,protoss_5_vs_5,101,0.0
1428000,713,2026-06-08T21:01:44.283673,4.5927934646606445,2.2128281593322754,1.31632661819458,9.454081535339355,qmix,smacv2,protoss_5_vs_5,101,0.0
1430000,714,2026-06-08T21:04:50.035372,4.671301364898682,2.7067983150482178,1.6607143878936768,14.387754440307617,qmix,smacv2,protoss_5_vs_5,101,0.05000000074505806
1432000,715,2026-06-08T21:07:52.266107,3.616262912750244,1.8283207416534424,1.4387754201889038,9.724489212036133,qmix,smacv2,protoss_5_vs_5,101,0.0
1434000,716,2026-06-08T21:10:59.221170,4.7064409255981445,1.6053686141967773,1.8775510787963867,7.642857551574707,qmix,smacv2,protoss_5_vs_5,101,0.0
1436000,717,2026-06-08T21:13:58.559263,4.44732141494751,1.7363672256469727,1.6122452020645142,7.943877220153809,qmix,smacv2,protoss_5_vs_5,101,0.0
1438000,718,2026-06-08T21:17:01.568887,4.6191325187683105,1.9337215423583984,2.213010311126709,9.887754440307617,qmix,smacv2,protoss_5_vs_5,101,0.0
1440000,719,2026-06-08T21:19:57.126352,3.824680805206299,1.5149962902069092,2.0102040767669678,6.9183669090271,qmix,smacv2,protoss_5_vs_5,101,0.0
1442000,720,2026-06-08T21:22:54.142799,4.521300792694092,2.8535561561584473,1.6530611515045166,14.489797592163086,qmix,smacv2,protoss_5_vs_5,101,0.05000000074505806
1444000,721,2026-06-08T21:25:51.699923,4.515178680419922,2.0649571418762207,2.0204081535339355,9.40561294555664,qmix,smacv2,protoss_5_vs_5,101,0.0
1446000,722,2026-06-08T21:29:03.244898,4.281122207641602,2.0154523849487305,1.5573979616165161,9.756378173828125,qmix,smacv2,protoss_5_vs_5,101,0.0
1448000,723,2026-06-08T21:32:08.498564,3.6522960662841797,1.1564799547195435,1.9196428060531616,6.049745082855225,qmix,smacv2,protoss_5_vs_5,101,0.0
1450000,724,2026-06-08T21:35:20.109820,5.02927303314209,2.6507720947265625,2.0280611515045166,11.542091369628906,qmix,smacv2,protoss_5_vs_5,101,0.0
1452000,725,2026-06-08T21:38:42.118660,4.163712024688721,1.846827745437622,1.3609693050384521,7.910714149475098,qmix,smacv2,protoss_5_vs_5,101,0.0
1454000,726,2026-06-08T21:42:04.260009,4.696875095367432,2.3294601440429688,1.6326528787612915,10.581632614135742,qmix,smacv2,protoss_5_vs_5,101,0.0
1456000,727,2026-06-08T21:45:27.289914,5.133035659790039,1.940142035484314,1.9604591131210327,9.63265323638916,qmix,smacv2,protoss_5_vs_5,101,0.0
1458000,728,2026-06-08T21:49:05.150555,3.9075255393981934,1.6488720178604126,1.521683692932129,7.734694480895996,qmix,smacv2,protoss_5_vs_5,101,0.0
1460000,729,2026-06-08T21:52:32.297052,4.3454718589782715,1.2763162851333618,2.1339282989501953,7.020407676696777,qmix,smacv2,protoss_5_vs_5,101,0.0
1462000,730,2026-06-08T21:56:02.013120,4.182207107543945,1.7298780679702759,2.228316068649292,8.70280647277832,qmix,smacv2,protoss_5_vs_5,101,0.0
1464000,731,2026-06-08T21:59:27.668494,4.580230236053467,1.2356040477752686,2.540816307067871,6.465561866760254,qmix,smacv2,protoss_5_vs_5,101,0.0
1466000,732,2026-06-08T22:02:47.061858,4.20325231552124,1.2423756122589111,2.234694004058838,6.744898796081543,qmix,smacv2,protoss_5_vs_5,101,0.0
1468000,733,2026-06-08T22:06:04.251991,3.8899872303009033,2.1059982776641846,0.8877550959587097,9.272958755493164,qmix,smacv2,protoss_5_vs_5,101,0.0
1470000,734,2026-06-08T22:09:22.326767,3.192155599594116,1.3133457899093628,1.632652997970581,6.244898319244385,qmix,smacv2,protoss_5_vs_5,101,0.0
1472000,735,2026-06-08T22:12:40.442957,3.53118634223938,1.7428287267684937,1.2244898080825806,8.262755393981934,qmix,smacv2,protoss_5_vs_5,101,0.0
1474000,736,2026-06-08T22:15:58.296479,4.048979759216309,1.5725383758544922,1.5918368101119995,7.86734676361084,qmix,smacv2,protoss_5_vs_5,101,0.0
1476000,737,2026-06-08T22:19:15.399223,4.703380584716797,1.949439525604248,1.843112587928772,9.14285659790039,qmix,smacv2,protoss_5_vs_5,101,0.0
1478000,738,2026-06-08T22:22:29.402287,3.836926221847534,1.6500425338745117,1.8252551555633545,7.8099493980407715,qmix,smacv2,protoss_5_vs_5,101,0.0
1480000,739,2026-06-08T22:25:42.920700,5.702741622924805,3.054901599884033,2.2882652282714844,12.653060913085938,qmix,smacv2,protoss_5_vs_5,101,0.05000000074505806
1482000,740,2026-06-08T22:28:54.504265,3.9452807903289795,1.8697566986083984,0.7346938848495483,9.641580581665039,qmix,smacv2,protoss_5_vs_5,101,0.0
1484000,741,2026-06-08T22:32:05.685057,4.739157676696777,1.8329797983169556,2.297194004058838,9.928571701049805,qmix,smacv2,protoss_5_vs_5,101,0.0
1486000,742,2026-06-08T22:35:13.362518,4.49802303314209,1.6185367107391357,2.117347002029419,7.676020622253418,qmix,smacv2,protoss_5_vs_5,101,0.0
1488000,743,2026-06-08T22:38:14.000966,4.58392858505249,2.526604413986206,1.5102040767669678,10.624999046325684,qmix,smacv2,protoss_5_vs_5,101,0.0
1490000,744,2026-06-08T22:41:20.903761,4.1084818840026855,1.757883906364441,1.7767856121063232,8.640305519104004,qmix,smacv2,protoss_5_vs_5,101,0.0
1492000,745,2026-06-08T22:44:23.818842,4.103252410888672,1.840065360069275,1.4655611515045166,9.642857551574707,qmix,smacv2,protoss_5_vs_5,101,0.0
1494000,746,2026-06-08T22:47:24.058221,4.564604759216309,1.719844102859497,1.8163264989852905,9.13265323638916,qmix,smacv2,protoss_5_vs_5,101,0.0
1496000,747,2026-06-08T22:50:23.671390,4.456377029418945,2.250932216644287,1.149234652519226,10.489795684814453,qmix,smacv2,protoss_5_vs_5,101,0.0
1498000,748,2026-06-08T22:53:21.000228,5.253125190734863,3.604445219039917,1.65433669090271,16.530611038208008,qmix,smacv2,protoss_5_vs_5,101,0.05000000074505806
1500000,749,2026-06-08T22:56:26.131688,4.601020812988281,2.0711798667907715,0.8890306353569031,8.49234676361084,qmix,smacv2,protoss_5_vs_5,101,0.0
1502000,750,2026-06-08T22:59:30.473756,4.101785659790039,1.6303253173828125,2.3775510787963867,9.214285850524902,qmix,smacv2,protoss_5_vs_5,101,0.0
1504000,751,2026-06-08T23:02:45.429604,5.23450231552124,3.360884189605713,1.3073978424072266,14.591836929321289,qmix,smacv2,protoss_5_vs_5,101,0.10000000149011612
1506000,752,2026-06-08T23:06:00.717102,3.722895383834839,2.0024311542510986,1.3801021575927734,8.959183692932129,qmix,smacv2,protoss_5_vs_5,101,0.0
1508000,753,2026-06-08T23:09:17.129490,4.2715559005737305,1.583835244178772,1.7653061151504517,8.154336929321289,qmix,smacv2,protoss_5_vs_5,101,0.0
1510000,754,2026-06-08T23:12:29.690733,4.561734676361084,1.8536913394927979,2.1709182262420654,8.784439086914062,qmix,smacv2,protoss_5_vs_5,101,0.0
1512000,755,2026-06-08T23:15:45.938930,5.223341941833496,2.439105272293091,1.6071428060531616,10.881378173828125,qmix,smacv2,protoss_5_vs_5,101,0.0
1514000,756,2026-06-08T23:19:04.921998,5.584311485290527,3.136599063873291,2.3367345333099365,14.387754440307617,qmix,smacv2,protoss_5_vs_5,101,0.10000000149011612
1516000,757,2026-06-08T23:22:25.213861,3.4126274585723877,1.7164933681488037,1.4655611515045166,7.3584184646606445,qmix,smacv2,protoss_5_vs_5,101,0.0
1518000,758,2026-06-08T23:25:54.748083,4.417346954345703,2.6551623344421387,1.2448979616165161,9.816327095031738,qmix,smacv2,protoss_5_vs_5,101,0.0
1520000,759,2026-06-08T23:29:23.392413,4.884375095367432,2.0005855560302734,1.7410714626312256,8.295918464660645,qmix,smacv2,protoss_5_vs_5,101,0.0
1522000,760,2026-06-08T23:32:45.972082,3.897576093673706,1.5130926370620728,1.6594387292861938,6.693877220153809,qmix,smacv2,protoss_5_vs_5,101,0.0
1524000,761,2026-06-08T23:36:13.184169,4.811607360839844,2.933856964111328,1.3443876504898071,12.46938705444336,qmix,smacv2,protoss_5_vs_5,101,0.05000000074505806
1526000,762,2026-06-08T23:39:47.833701,4.481185436248779,2.4812588691711426,1.40433669090271,10.692602157592773,qmix,smacv2,protoss_5_vs_5,101,0.0
1528000,763,2026-06-08T23:43:22.085525,3.899808883666992,2.2323904037475586,1.3877551555633545,9.539541244506836,qmix,smacv2,protoss_5_vs_5,101,0.0
1530000,764,2026-06-08T23:46:53.490284,3.889094591140747,2.518880605697632,1.0816327333450317,10.113521575927734,qmix,smacv2,protoss_5_vs_5,101,0.0
1532000,765,2026-06-08T23:50:16.205308,3.431760311126709,1.9322199821472168,1.0,7.755102634429932,qmix,smacv2,protoss_5_vs_5,101,0.0
1534000,766,2026-06-08T23:53:37.267361,4.050765037536621,2.1495723724365234,0.8877550363540649,10.387755393981934,qmix,smacv2,protoss_5_vs_5,101,0.0
1536000,767,2026-06-08T23:57:04.019913,3.528125047683716,1.858573317527771,0.9974489212036133,6.635204315185547,qmix,smacv2,protoss_5_vs_5,101,0.0
1538000,768,2026-06-09T00:00:27.810084,3.944387435913086,1.4447225332260132,1.2499998807907104,7.8316330909729,qmix,smacv2,protoss_5_vs_5,101,0.0
1540000,769,2026-06-09T00:03:51.624346,4.052041053771973,1.6229114532470703,2.081632614135742,7.857142448425293,qmix,smacv2,protoss_5_vs_5,101,0.0
1542000,770,2026-06-09T00:07:10.995224,4.141071796417236,1.8950214385986328,1.617347002029419,8.410714149475098,qmix,smacv2,protoss_5_vs_5,101,0.0
1544000,771,2026-06-09T00:10:29.540780,4.762564182281494,2.069626569747925,1.998724341392517,7.959184169769287,qmix,smacv2,protoss_5_vs_5,101,0.0
1546000,772,2026-06-09T00:13:43.585183,4.659693717956543,2.144779682159424,1.6645408868789673,9.714285850524902,qmix,smacv2,protoss_5_vs_5,101,0.0
1548000,773,2026-06-09T00:17:00.298752,4.577551364898682,2.2325901985168457,1.540816307067871,10.755102157592773,qmix,smacv2,protoss_5_vs_5,101,0.0
1550000,774,2026-06-09T00:20:15.917561,5.306313514709473,2.828718662261963,1.8775510787963867,14.285715103149414,qmix,smacv2,protoss_5_vs_5,101,0.05000000074505806
1552000,775,2026-06-09T00:23:32.996732,4.8896684646606445,2.2379281520843506,1.8265306949615479,9.762754440307617,qmix,smacv2,protoss_5_vs_5,101,0.0
1554000,776,2026-06-09T00:26:44.148875,4.342410564422607,2.2293856143951416,1.8469388484954834,10.459183692932129,qmix,smacv2,protoss_5_vs_5,101,0.0
1556000,777,2026-06-09T00:29:55.174491,3.643878221511841,2.0775721073150635,1.1122448444366455,9.516581535339355,qmix,smacv2,protoss_5_vs_5,101,0.0
1558000,778,2026-06-09T00:33:07.353549,5.31390380859375,2.9163310527801514,2.3405609130859375,13.98979663848877,qmix,smacv2,protoss_5_vs_5,101,0.05000000074505806
1560000,779,2026-06-09T00:36:21.888750,3.8320152759552,2.0181407928466797,1.5497448444366455,7.755102634429932,qmix,smacv2,protoss_5_vs_5,101,0.0
1562000,780,2026-06-09T00:39:32.402211,3.590369701385498,1.4377202987670898,1.2857143878936768,6.456632137298584,qmix,smacv2,protoss_5_vs_5,101,0.0
1564000,781,2026-06-09T00:42:45.233106,4.196364879608154,2.5994725227355957,0.928571343421936,11.39795970916748,qmix,smacv2,protoss_5_vs_5,101,0.0
1566000,782,2026-06-09T00:45:58.087617,3.4385204315185547,1.9614993333816528,1.47066330909729,8.317602157592773,qmix,smacv2,protoss_5_vs_5,101,0.0
1568000,783,2026-06-09T00:49:05.920728,3.5242984294891357,1.36485755443573,1.4757652282714844,6.846938133239746,qmix,smacv2,protoss_5_vs_5,101,0.0
1570000,784,2026-06-09T00:52:07.740433,4.3725128173828125,2.029752492904663,1.520408034324646,8.765305519104004,qmix,smacv2,protoss_5_vs_5,101,0.0
1572000,785,2026-06-09T00:55:15.666233,4.2021684646606445,2.3414461612701416,1.1020407676696777,9.540816307067871,qmix,smacv2,protoss_5_vs_5,101,0.0
1574000,786,2026-06-09T00:58:24.307383,3.871556043624878,2.136047124862671,0.7755101323127747,10.255102157592773,qmix,smacv2,protoss_5_vs_5,101,0.0
1576000,787,2026-06-09T01:01:30.314775,3.4447708129882812,1.7449692487716675,1.329081654548645,7.0816330909729,qmix,smacv2,protoss_5_vs_5,101,0.0
1578000,788,2026-06-09T01:04:39.443302,4.511415958404541,1.868006944656372,1.7040817737579346,9.339285850524902,qmix,smacv2,protoss_5_vs_5,101,0.0
1580000,789,2026-06-09T01:07:51.441146,4.355294227600098,2.1080334186553955,2.0522959232330322,10.855867385864258,qmix,smacv2,protoss_5_vs_5,101,0.0
1582000,790,2026-06-09T01:11:03.679038,5.009375095367432,2.211310863494873,1.4489796161651611,9.234694480895996,qmix,smacv2,protoss_5_vs_5,101,0.0
1584000,791,2026-06-09T01:14:13.963288,4.307078838348389,2.48942232131958,1.3316327333450317,9.979591369628906,qmix,smacv2,protoss_5_vs_5,101,0.0
1586000,792,2026-06-09T01:17:25.657728,4.3077168464660645,2.2069437503814697,1.5676019191741943,10.188776016235352,qmix,smacv2,protoss_5_vs_5,101,0.0
1588000,793,2026-06-09T01:20:36.929806,3.962245225906372,1.9840341806411743,1.0102040767669678,8.255102157592773,qmix,smacv2,protoss_5_vs_5,101,0.0
1590000,794,2026-06-09T01:23:44.277185,4.310459613800049,1.5295212268829346,2.1377549171447754,7.5790815353393555,qmix,smacv2,protoss_5_vs_5,101,0.0
1592000,795,2026-06-09T01:26:56.291215,3.9297192096710205,2.2391185760498047,1.1964285373687744,9.520407676696777,qmix,smacv2,protoss_5_vs_5,101,0.0
1594000,796,2026-06-09T01:30:11.324627,4.567347049713135,2.4313340187072754,1.4170918464660645,10.408164024353027,qmix,smacv2,protoss_5_vs_5,101,0.0
1596000,797,2026-06-09T01:33:28.301078,4.058035850524902,2.092789888381958,1.4591838121414185,10.153061866760254,qmix,smacv2,protoss_5_vs_5,101,0.0
1598000,798,2026-06-09T01:36:47.912037,3.79502534866333,1.9941751956939697,1.3775510787963867,7.8520402908325195,qmix,smacv2,protoss_5_vs_5,101,0.0
1600000,799,2026-06-09T01:40:03.424810,4.039540767669678,2.168996810913086,1.804847002029419,10.551020622253418,qmix,smacv2,protoss_5_vs_5,101,0.0
1602000,800,2026-06-09T01:43:25.668885,4.808672904968262,2.109778881072998,2.173469305038452,9.867347717285156,qmix,smacv2,protoss_5_vs_5,101,0.0
1604000,801,2026-06-09T01:46:46.005870,4.371109962463379,1.6647684574127197,1.2806122303009033,8.285715103149414,qmix,smacv2,protoss_5_vs_5,101,0.0
1606000,802,2026-06-09T01:50:01.094372,4.444068908691406,1.6525015830993652,1.7844388484954834,8.244897842407227,qmix,smacv2,protoss_5_vs_5,101,0.0
1608000,803,2026-06-09T01:53:14.480199,4.560140132904053,2.3259663581848145,1.7142856121063232,9.895408630371094,qmix,smacv2,protoss_5_vs_5,101,0.0
1610000,804,2026-06-09T01:56:36.539903,4.079145431518555,2.111034393310547,1.0,8.061223983764648,qmix,smacv2,protoss_5_vs_5,101,0.0
1612000,805,2026-06-09T01:59:42.415706,3.9204723834991455,1.9668450355529785,0.8979592323303223,8.899234771728516,qmix,smacv2,protoss_5_vs_5,101,0.0
1614000,806,2026-06-09T02:02:50.946561,4.210968971252441,1.639343023300171,1.0306122303009033,6.969388008117676,qmix,smacv2,protoss_5_vs_5,101,0.0
1616000,807,2026-06-09T02:05:53.484728,4.09005069732666,2.518338203430176,0.8469387888908386,11.979591369628906,qmix,smacv2,protoss_5_vs_5,101,0.0
1618000,808,2026-06-09T02:09:03.492800,3.792921543121338,2.4169907569885254,1.1428570747375488,10.345663070678711,qmix,smacv2,protoss_5_vs_5,101,0.0
1620000,809,2026-06-09T02:12:12.852334,4.006505489349365,1.817020058631897,1.5306121110916138,9.795918464660645,qmix,smacv2,protoss_5_vs_5,101,0.0
1622000,810,2026-06-09T02:15:26.137758,4.005101680755615,1.84393310546875,1.4196428060531616,10.040816307067871,qmix,smacv2,protoss_5_vs_5,101,0.0
1624000,811,2026-06-09T02:18:34.013307,3.7215564250946045,1.6051597595214844,1.43367338180542,7.67602014541626,qmix,smacv2,protoss_5_vs_5,101,0.0
1626000,812,2026-06-09T02:21:38.581142,3.521811008453369,2.1152396202087402,1.040816307067871,10.718111038208008,qmix,smacv2,protoss_5_vs_5,101,0.05000000074505806
1628000,813,2026-06-09T02:24:47.073874,5.129719257354736,1.8559610843658447,1.3954081535339355,9.081632614135742,qmix,smacv2,protoss_5_vs_5,101,0.0
1630000,814,2026-06-09T02:27:50.825616,4.252742767333984,1.6785346269607544,1.7857143878936768,7.896683692932129,qmix,smacv2,protoss_5_vs_5,101,0.0
1632000,815,2026-06-09T02:31:01.695712,4.729655742645264,2.6745338439941406,1.15433669090271,12.448978424072266,qmix,smacv2,protoss_5_vs_5,101,0.05000000074505806
1634000,816,2026-06-09T02:34:06.537816,4.516963958740234,2.260561943054199,1.7742345333099365,9.755102157592773,qmix,smacv2,protoss_5_vs_5,101,0.0
1636000,817,2026-06-09T02:37:15.478952,3.6063778400421143,2.405829906463623,0.6122449040412903,10.670919418334961,qmix,smacv2,protoss_5_vs_5,101,0.0
1638000,818,2026-06-09T02:40:29.827350,4.555293083190918,2.2455761432647705,1.7895408868789673,9.483417510986328,qmix,smacv2,protoss_5_vs_5,101,0.0
1640000,819,2026-06-09T02:43:38.169543,3.412309169769287,1.2660956382751465,1.5510205030441284,6.520407676696777,qmix,smacv2,protoss_5_vs_5,101,0.0
1642000,820,2026-06-09T02:46:51.541437,4.459885120391846,1.7187693119049072,1.2448979616165161,8.173470497131348,qmix,smacv2,protoss_5_vs_5,101,0.0
1644000,821,2026-06-09T02:50:04.115999,3.828124523162842,1.8313578367233276,1.1505101919174194,8.635204315185547,qmix,smacv2,protoss_5_vs_5,101,0.0
1646000,822,2026-06-09T02:53:18.290862,4.470280647277832,2.0410234928131104,1.6479591131210327,9.400510787963867,qmix,smacv2,protoss_5_vs_5,101,0.0
1648000,823,2026-06-09T02:56:28.500214,4.159821510314941,1.7007750272750854,1.950255036354065,8.112245559692383,qmix,smacv2,protoss_5_vs_5,101,0.0
1650000,824,2026-06-09T02:59:48.496441,4.010777473449707,0.9658216834068298,2.047193765640259,6.073979377746582,qmix,smacv2,protoss_5_vs_5,101,0.0
1652000,825,2026-06-09T03:03:09.738544,4.035841941833496,2.090132474899292,1.7117345333099365,9.306122779846191,qmix,smacv2,protoss_5_vs_5,101,0.0
1654000,826,2026-06-09T03:06:25.547673,3.08616042137146,1.796593189239502,0.9617347717285156,8.593111991882324,qmix,smacv2,protoss_5_vs_5,101,0.0
1656000,827,2026-06-09T03:09:44.860093,3.4628829956054688,1.497611403465271,1.3035714626312256,7.2040815353393555,qmix,smacv2,protoss_5_vs_5,101,0.0
1658000,828,2026-06-09T03:13:01.466641,3.616518020629883,2.0200700759887695,1.0714285373687744,7.0459184646606445,qmix,smacv2,protoss_5_vs_5,101,0.0
1660000,829,2026-06-09T03:16:46.320410,3.464221954345703,2.235135316848755,0.8163264989852905,8.917092323303223,qmix,smacv2,protoss_5_vs_5,101,0.0
1662000,830,2026-06-09T03:19:59.068870,3.9971301555633545,1.5550142526626587,1.225765347480774,6.846938133239746,qmix,smacv2,protoss_5_vs_5,101,0.0
1664000,831,2026-06-09T03:23:12.757699,3.482844591140747,2.133469581604004,0.891581654548645,9.794641494750977,qmix,smacv2,protoss_5_vs_5,101,0.0
1666000,832,2026-06-09T03:26:27.606631,3.977870225906372,2.1219305992126465,0.6836735010147095,9.061224937438965,qmix,smacv2,protoss_5_vs_5,101,0.0
1668000,833,2026-06-09T03:29:52.094559,3.658992290496826,1.4154199361801147,0.8545918464660645,6.661990165710449,qmix,smacv2,protoss_5_vs_5,101,0.0
1670000,834,2026-06-09T03:33:12.003201,3.429974317550659,1.7333683967590332,1.5573978424072266,7.5,qmix,smacv2,protoss_5_vs_5,101,0.0
1672000,835,2026-06-09T03:36:34.435448,3.6022324562072754,1.5251742601394653,1.6556122303009033,8.081632614135742,qmix,smacv2,protoss_5_vs_5,101,0.0
1674000,836,2026-06-09T03:39:51.019875,3.6839287281036377,1.5344583988189697,1.4183672666549683,6.160715103149414,qmix,smacv2,protoss_5_vs_5,101,0.0
1676000,837,2026-06-09T03:43:09.029144,3.7063775062561035,1.5047487020492554,1.9209184646606445,6.938775062561035,qmix,smacv2,protoss_5_vs_5,101,0.0
1678000,838,2026-06-09T03:46:33.744633,3.7920913696289062,1.4343945980072021,1.876275658607483,6.997450351715088,qmix,smacv2,protoss_5_vs_5,101,0.0
1680000,839,2026-06-09T03:49:51.459686,4.51320219039917,2.11039137840271,1.1836735010147095,7.965561866760254,qmix,smacv2,protoss_5_vs_5,101,0.0
1682000,840,2026-06-09T03:53:03.634398,3.7109055519104004,1.6475266218185425,1.6492347717285156,7.887754917144775,qmix,smacv2,protoss_5_vs_5,101,0.0
1684000,841,2026-06-09T03:56:11.329523,4.244324207305908,1.6054232120513916,2.2589285373687744,7.724490165710449,qmix,smacv2,protoss_5_vs_5,101,0.0
1686000,842,2026-06-09T03:59:20.522876,3.8960461616516113,2.390875816345215,1.5905612707138062,11.5,qmix,smacv2,protoss_5_vs_5,101,0.0
1688000,843,2026-06-09T04:02:28.647831,3.6343111991882324,1.9645878076553345,1.2627549171447754,9.90050983428955,qmix,smacv2,protoss_5_vs_5,101,0.0
1690000,844,2026-06-09T04:05:33.705887,3.4776148796081543,1.3470913171768188,1.6428571939468384,5.86734676361084,qmix,smacv2,protoss_5_vs_5,101,0.0
1692000,845,2026-06-09T04:08:32.849038,3.8954086303710938,1.6620826721191406,1.570152997970581,6.9375,qmix,smacv2,protoss_5_vs_5,101,0.0
1694000,846,2026-06-09T04:11:38.177443,4.8797831535339355,2.8404009342193604,1.428571343421936,13.806121826171875,qmix,smacv2,protoss_5_vs_5,101,0.0
1696000,847,2026-06-09T04:14:38.346830,5.379337310791016,2.7931227684020996,2.1084182262420654,12.551021575927734,qmix,smacv2,protoss_5_vs_5,101,0.05000000074505806
1698000,848,2026-06-09T04:17:36.589048,5.252104759216309,2.286412000656128,1.516581654548645,10.936223983764648,qmix,smacv2,protoss_5_vs_5,101,0.0
1700000,849,2026-06-09T04:20:32.643362,4.184693813323975,2.1244475841522217,1.8227040767669678,8.244897842407227,qmix,smacv2,protoss_5_vs_5,101,0.0
1702000,850,2026-06-09T04:23:31.348210,4.080739498138428,1.8873364925384521,1.4387754201889038,8.183673858642578,qmix,smacv2,protoss_5_vs_5,101,0.0
1704000,851,2026-06-09T04:26:28.955597,3.8477039337158203,1.8734709024429321,0.0,9.061224937438965,qmix,smacv2,protoss_5_vs_5,101,0.0
1706000,852,2026-06-09T04:29:23.709388,4.258673667907715,1.3369359970092773,1.4757652282714844,6.213010787963867,qmix,smacv2,protoss_5_vs_5,101,0.0
1708000,853,2026-06-09T04:32:18.848718,3.7910075187683105,1.557299256324768,1.0943877696990967,6.642857551574707,qmix,smacv2,protoss_5_vs_5,101,0.0
1710000,854,2026-06-09T04:35:19.476662,3.6538901329040527,2.005990505218506,1.2627551555633545,8.612244606018066,qmix,smacv2,protoss_5_vs_5,101,0.0
1712000,855,2026-06-09T04:38:20.691177,3.967282772064209,1.25100839138031,2.448979616165161,7.387755393981934,qmix,smacv2,protoss_5_vs_5,101,0.0
1714000,856,2026-06-09T04:41:25.364847,3.8914542198181152,1.6719433069229126,1.5714285373687744,7.714285850524902,qmix,smacv2,protoss_5_vs_5,101,0.0
1716000,857,2026-06-09T04:44:26.583910,4.266709327697754,1.7435601949691772,1.929847002029419,8.690052032470703,qmix,smacv2,protoss_5_vs_5,101,0.0
1718000,858,2026-06-09T04:47:35.158118,3.8425381183624268,2.3697168827056885,1.336734652519226,10.068878173828125,qmix,smacv2,protoss_5_vs_5,101,0.0
1720000,859,2026-06-09T04:50:40.233494,3.7625632286071777,1.708419919013977,0.18367347121238708,7.63265323638916,qmix,smacv2,protoss_5_vs_5,101,0.0
1722000,860,2026-06-09T04:53:52.187399,3.630357265472412,1.4156272411346436,1.6926019191741943,6.826531410217285,qmix,smacv2,protoss_5_vs_5,101,0.0
1724000,861,2026-06-09T04:57:14.145807,3.603379726409912,1.7446011304855347,1.9005104303359985,8.464285850524902,qmix,smacv2,protoss_5_vs_5,101,0.0
1726000,862,2026-06-09T05:00:34.735085,4.6077799797058105,2.7884883880615234,1.5204081535339355,12.256378173828125,qmix,smacv2,protoss_5_vs_5,101,0.0
1728000,863,2026-06-09T05:03:49.904525,4.593430995941162,1.3097047805786133,2.37882661819458,7.285714149475098,qmix,smacv2,protoss_5_vs_5,101,0.0
1730000,864,2026-06-09T05:07:06.179338,3.623533248901367,1.3500679731369019,1.7959184646606445,7.163265228271484,qmix,smacv2,protoss_5_vs_5,101,0.0
1732000,865,2026-06-09T05:10:22.680843,4.127104759216309,1.7753676176071167,1.607142686843872,9.473214149475098,qmix,smacv2,protoss_5_vs_5,101,0.0
1734000,866,2026-06-09T05:13:29.174608,3.6827805042266846,1.3560606241226196,2.0051019191741943,6.0816330909729,qmix,smacv2,protoss_5_vs_5,101,0.0
1736000,867,2026-06-09T05:16:34.781122,3.0544004440307617,1.298384666442871,0.8660715222358704,5.75,qmix,smacv2,protoss_5_vs_5,101,0.0
1738000,868,2026-06-09T05:19:39.234256,3.9491069316864014,1.965895175933838,1.396683692932129,9.582908630371094,qmix,smacv2,protoss_5_vs_5,101,0.0
1740000,869,2026-06-09T05:22:41.938762,2.8539540767669678,1.2731982469558716,1.1645407676696777,5.789541244506836,qmix,smacv2,protoss_5_vs_5,101,0.0
1742000,870,2026-06-09T05:25:45.619602,3.3676018714904785,1.3831523656845093,1.6058673858642578,7.387755393981934,qmix,smacv2,protoss_5_vs_5,101,0.0
1744000,871,2026-06-09T05:28:54.281695,3.939350128173828,2.030813694000244,0.9897958636283875,7.969388008117676,qmix,smacv2,protoss_5_vs_5,101,0.0
1746000,872,2026-06-09T05:31:57.476613,4.164541244506836,2.707340955734253,1.0969387292861938,11.224491119384766,qmix,smacv2,protoss_5_vs_5,101,0.0
1748000,873,2026-06-09T05:34:56.247216,3.2837371826171875,1.7380036115646362,1.2653061151504517,7.724490165710449,qmix,smacv2,protoss_5_vs_5,101,0.0
1750000,874,2026-06-09T05:37:55.695906,4.7978315353393555,2.3025312423706055,2.4681122303009033,10.355867385864258,qmix,smacv2,protoss_5_vs_5,101,0.0
1752000,875,2026-06-09T05:40:52.535593,3.6727042198181152,1.7731221914291382,1.1224489212036133,8.32780647277832,qmix,smacv2,protoss_5_vs_5,101,0.0
1754000,876,2026-06-09T05:43:48.902004,3.7684948444366455,2.2038064002990723,1.5127551555633545,9.224491119384766,qmix,smacv2,protoss_5_vs_5,101,0.0
1756000,877,2026-06-09T05:46:45.177303,4.666518211364746,1.9301538467407227,1.84566330909729,8.806122779846191,qmix,smacv2,protoss_5_vs_5,101,0.0
1758000,878,2026-06-09T05:49:43.344364,3.61926007270813,1.7598085403442383,1.275510311126709,6.989795684814453,qmix,smacv2,protoss_5_vs_5,101,0.0
1760000,879,2026-06-09T05:52:47.427189,3.6626274585723877,2.0634725093841553,1.646683931350708,10.040817260742188,qmix,smacv2,protoss_5_vs_5,101,0.0
1762000,880,2026-06-09T05:55:52.850647,3.011479616165161,1.0566917657852173,1.387755036354065,4.988521099090576,qmix,smacv2,protoss_5_vs_5,101,0.0
1764000,881,2026-06-09T05:58:58.938250,4.141645431518555,3.1816091537475586,1.195152997970581,12.079081535339355,qmix,smacv2,protoss_5_vs_5,101,0.0
1766000,882,2026-06-09T06:02:23.742660,4.057971954345703,2.503267765045166,0.9183672666549683,11.933673858642578,qmix,smacv2,protoss_5_vs_5,101,0.0
1768000,883,2026-06-09T06:05:43.519109,4.184502601623535,2.4848828315734863,1.1811224222183228,11.010204315185547,qmix,smacv2,protoss_5_vs_5,101,0.0
1770000,884,2026-06-09T06:09:06.722367,4.118239402770996,1.6662497520446777,1.7130100727081299,6.979591369628906,qmix,smacv2,protoss_5_vs_5,101,0.0
1772000,885,2026-06-09T06:12:43.048500,4.105740070343018,2.4361836910247803,0.9885204434394836,9.778060913085938,qmix,smacv2,protoss_5_vs_5,101,0.0
1774000,886,2026-06-09T06:16:17.522938,4.624426364898682,2.217226982116699,1.2729591131210327,8.854591369628906,qmix,smacv2,protoss_5_vs_5,101,0.0
1776000,887,2026-06-09T06:19:47.758165,3.5993621349334717,1.8292224407196045,1.5395407676696777,8.082908630371094,qmix,smacv2,protoss_5_vs_5,101,0.0
1778000,888,2026-06-09T06:23:02.075474,3.6830356121063232,2.385883331298828,1.179847002029419,10.780611991882324,qmix,smacv2,protoss_5_vs_5,101,0.0
1780000,889,2026-06-09T06:26:15.561386,3.4589285850524902,1.8211690187454224,1.3558673858642578,8.711734771728516,qmix,smacv2,protoss_5_vs_5,101,0.0
1782000,890,2026-06-09T06:29:37.365620,3.7372450828552246,2.15254282951355,0.36734694242477417,8.519132614135742,qmix,smacv2,protoss_5_vs_5,101,0.0
1784000,891,2026-06-09T06:32:55.385030,4.789093971252441,2.477179527282715,0.9119898080825806,10.442602157592773,qmix,smacv2,protoss_5_vs_5,101,0.0
1786000,892,2026-06-09T06:36:07.408513,2.9943881034851074,1.0340819358825684,1.0714285373687744,5.531888008117676,qmix,smacv2,protoss_5_vs_5,101,0.0
1788000,893,2026-06-09T06:39:21.894970,4.751402854919434,2.3538811206817627,1.637755036354065,10.663264274597168,qmix,smacv2,protoss_5_vs_5,101,0.0
1790000,894,2026-06-09T06:42:27.335875,3.6538262367248535,1.640504240989685,1.1020407676696777,7.0395402908325195,qmix,smacv2,protoss_5_vs_5,101,0.0
1792000,895,2026-06-09T06:45:34.408958,3.5833542346954346,1.7107094526290894,0.8431122899055481,6.530611991882324,qmix,smacv2,protoss_5_vs_5,101,0.0
1794000,896,2026-06-09T06:48:43.600127,4.209247589111328,1.7348483800888062,1.6020406484603882,9.015305519104004,qmix,smacv2,protoss_5_vs_5,101,0.0
1796000,897,2026-06-09T06:52:05.999610,3.2556121349334717,1.295776128768921,1.7653061151504517,5.644132614135742,qmix,smacv2,protoss_5_vs_5,101,0.0
1798000,898,2026-06-09T06:55:18.020548,3.540114641189575,1.6753941774368286,1.1849489212036133,7.010204315185547,qmix,smacv2,protoss_5_vs_5,101,0.0
1800000,899,2026-06-09T06:58:32.338852,3.9975132942199707,1.457598328590393,2.070152997970581,7.210459232330322,qmix,smacv2,protoss_5_vs_5,101,0.0
1802000,900,2026-06-09T07:01:42.313210,3.594834566116333,1.704990029335022,1.2653061151504517,7.170919895172119,qmix,smacv2,protoss_5_vs_5,101,0.0
1804000,901,2026-06-09T07:04:50.912237,4.234502792358398,2.3684499263763428,1.5612244606018066,9.51020336151123,qmix,smacv2,protoss_5_vs_5,101,0.0
1806000,902,2026-06-09T07:08:02.591093,4.269452095031738,1.8790782690048218,1.5369898080825806,8.197704315185547,qmix,smacv2,protoss_5_vs_5,101,0.0
1808000,903,2026-06-09T07:11:11.910879,3.839221477508545,1.7210710048675537,1.3354591131210327,8.639029502868652,qmix,smacv2,protoss_5_vs_5,101,0.0
1810000,904,2026-06-09T07:14:20.519614,4.481250286102295,1.5453494787216187,1.5318877696990967,8.28699016571045,qmix,smacv2,protoss_5_vs_5,101,0.0
1812000,905,2026-06-09T07:17:34.054702,4.133291244506836,1.7753452062606812,1.1734693050384521,7.69515323638916,qmix,smacv2,protoss_5_vs_5,101,0.0
1814000,906,2026-06-09T07:20:46.129983,3.247385025024414,1.2972575426101685,0.9795918464660645,6.285714149475098,qmix,smacv2,protoss_5_vs_5,101,0.0
1816000,907,2026-06-09T07:23:58.152188,3.249171018600464,1.4520291090011597,1.5306123495101929,6.613520622253418,qmix,smacv2,protoss_5_vs_5,101,0.0
1818000,908,2026-06-09T07:27:12.720105,3.780548572540283,2.1535325050354004,0.7959184050559998,8.13265323638916,qmix,smacv2,protoss_5_vs_5,101,0.0
1820000,909,2026-06-09T07:30:29.968413,3.6999359130859375,1.6311067342758179,1.413265347480774,6.496173858642578,qmix,smacv2,protoss_5_vs_5,101,0.0
1822000,910,2026-06-09T07:33:43.116976,4.10542106628418,1.969895601272583,1.2653062343597412,8.609694480895996,qmix,smacv2,protoss_5_vs_5,101,0.0
1824000,911,2026-06-09T07:37:00.370849,4.311224460601807,1.733394980430603,1.9553571939468384,9.049744606018066,qmix,smacv2,protoss_5_vs_5,101,0.0
1826000,912,2026-06-09T07:40:25.347568,4.303380012512207,1.7150050401687622,1.4107142686843872,8.459184646606445,qmix,smacv2,protoss_5_vs_5,101,0.0
1828000,913,2026-06-09T07:43:49.959056,4.1701531410217285,2.060753107070923,1.2359694242477417,9.26530647277832,qmix,smacv2,protoss_5_vs_5,101,0.0
1830000,914,2026-06-09T07:47:19.136489,4.395918369293213,1.6570779085159302,1.3010202646255493,7.059948921203613,qmix,smacv2,protoss_5_vs_5,101,0.0
1832000,915,2026-06-09T07:50:45.161433,4.478762626647949,3.2434327602386475,1.05867338180542,12.67474365234375,qmix,smacv2,protoss_5_vs_5,101,0.05000000074505806
1834000,916,2026-06-09T07:54:09.541678,4.3716840744018555,2.1869449615478516,1.3941326141357422,9.091836929321289,qmix,smacv2,protoss_5_vs_5,101,0.0
1836000,917,2026-06-09T07:57:31.059179,4.210459232330322,1.7441362142562866,1.3150510787963867,9.491071701049805,qmix,smacv2,protoss_5_vs_5,101,0.0
1838000,918,2026-06-09T08:00:45.176712,4.457334518432617,2.416808605194092,1.792091727256775,10.728317260742188,qmix,smacv2,protoss_5_vs_5,101,0.0
1840000,919,2026-06-09T08:03:57.548829,4.050000190734863,1.6908432245254517,0.8852041363716125,7.118622779846191,qmix,smacv2,protoss_5_vs_5,101,0.0
1842000,920,2026-06-09T08:07:10.779369,3.1377549171447754,1.3440865278244019,0.6836735010147095,5.609694004058838,qmix,smacv2,protoss_5_vs_5,101,0.0
1844000,921,2026-06-09T08:10:35.559273,3.936096668243408,1.4593838453292847,1.7142856121063232,7.489795684814453,qmix,smacv2,protoss_5_vs_5,101,0.0
1846000,922,2026-06-09T08:13:50.074075,4.921428203582764,2.838251829147339,2.267857074737549,13.62244987487793,qmix,smacv2,protoss_5_vs_5,101,0.0
1848000,923,2026-06-09T08:17:04.228429,4.842411041259766,2.195765972137451,1.7959182262420654,11.795919418334961,qmix,smacv2,protoss_5_vs_5,101,0.0
1850000,924,2026-06-09T08:20:13.038112,3.6315693855285645,1.5314369201660156,1.4017857313156128,7.400511264801025,qmix,smacv2,protoss_5_vs_5,101,0.0
1852000,925,2026-06-09T08:23:25.273597,4.182589530944824,2.172200918197632,1.257652997970581,8.795918464660645,qmix,smacv2,protoss_5_vs_5,101,0.0
1854000,926,2026-06-09T08:26:32.409417,3.2467474937438965,2.055738925933838,1.195152997970581,8.918367385864258,qmix,smacv2,protoss_5_vs_5,101,0.0
1856000,927,2026-06-09T08:29:36.376875,4.47812557220459,1.9466171264648438,1.6313775777816772,8.86479663848877,qmix,smacv2,protoss_5_vs_5,101,0.0
1858000,928,2026-06-09T08:32:41.841523,4.1308674812316895,1.9054526090621948,1.0395407676696777,7.853316307067871,qmix,smacv2,protoss_5_vs_5,101,0.0
1860000,929,2026-06-09T08:35:44.552367,4.254336357116699,1.8604815006256104,2.0599489212036133,9.938774108886719,qmix,smacv2,protoss_5_vs_5,101,0.0
1862000,930,2026-06-09T08:38:50.966705,3.961925983428955,1.975314974784851,1.275510311126709,8.269132614135742,qmix,smacv2,protoss_5_vs_5,101,0.0
1864000,931,2026-06-09T08:41:47.765905,4.026785850524902,1.845523476600647,1.9693877696990967,9.755102157592773,qmix,smacv2,protoss_5_vs_5,101,0.0
1866000,932,2026-06-09T08:44:45.014643,3.4909439086914062,1.5407193899154663,1.1020408868789673,6.8354597091674805,qmix,smacv2,protoss_5_vs_5,101,0.0
1868000,933,2026-06-09T08:47:45.801230,3.941645383834839,2.3450331687927246,0.6938775181770325,10.585458755493164,qmix,smacv2,protoss_5_vs_5,101,0.0
1870000,934,2026-06-09T08:50:53.160175,3.7044005393981934,1.5599290132522583,0.6836734414100647,7.816327095031738,qmix,smacv2,protoss_5_vs_5,101,0.0
1872000,935,2026-06-09T08:54:02.878156,3.4547829627990723,1.9943535327911377,0.7117347121238708,9.642855644226074,qmix,smacv2,protoss_5_vs_5,101,0.0
1874000,936,2026-06-09T08:57:19.509462,3.638073682785034,1.795506238937378,1.4897959232330322,9.160714149475098,qmix,smacv2,protoss_5_vs_5,101,0.0
1876000,937,2026-06-09T09:00:34.098651,5.1834821701049805,2.4220709800720215,1.623724341392517,11.571428298950195,qmix,smacv2,protoss_5_vs_5,101,0.0
1878000,938,2026-06-09T09:03:50.032431,3.819643020629883,1.9209113121032715,1.1020407676696777,8.7257661819458,qmix,smacv2,protoss_5_vs_5,101,0.0
1880000,939,2026-06-09T09:07:12.686471,4.271747589111328,1.9347599744796753,1.6415817737579346,9.839285850524902,qmix,smacv2,protoss_5_vs_5,101,0.0
1882000,940,2026-06-09T09:10:38.546098,3.703889846801758,2.331007719039917,1.3163264989852905,9.622448921203613,qmix,smacv2,protoss_5_vs_5,101,0.0
1884000,941,2026-06-09T09:14:07.869606,4.306696891784668,2.3132081031799316,1.0599489212036133,10.854591369628906,qmix,smacv2,protoss_5_vs_5,101,0.0
1886000,942,2026-06-09T09:17:46.153741,3.662818431854248,2.1080071926116943,1.1428570747375488,9.255102157592773,qmix,smacv2,protoss_5_vs_5,101,0.0
1888000,943,2026-06-09T09:21:12.366640,3.7388393878936768,1.95283842086792,1.1964285373687744,7.408163547515869,qmix,smacv2,protoss_5_vs_5,101,0.0
1890000,944,2026-06-09T09:24:30.125763,3.6449623107910156,2.081439971923828,1.294642686843872,10.565051078796387,qmix,smacv2,protoss_5_vs_5,101,0.0
1892000,945,2026-06-09T09:27:47.391980,4.216836929321289,2.693166494369507,0.7857142686843872,10.183672904968262,qmix,smacv2,protoss_5_vs_5,101,0.0
1894000,946,2026-06-09T09:31:09.272174,3.1883926391601562,1.5689778327941895,1.2755101919174194,6.053571701049805,qmix,smacv2,protoss_5_vs_5,101,0.0
1896000,947,2026-06-09T09:34:23.793686,4.1766581535339355,1.914964199066162,1.5714285373687744,9.755102157592773,qmix,smacv2,protoss_5_vs_5,101,0.0
1898000,948,2026-06-09T09:37:37.240272,3.3314414024353027,2.3142852783203125,0.8163264989852905,8.887755393981934,qmix,smacv2,protoss_5_vs_5,101,0.0
1900000,949,2026-06-09T09:40:53.833250,3.407397508621216,2.005453586578369,1.015305995941162,8.904336929321289,qmix,smacv2,protoss_5_vs_5,101,0.0
1902000,950,2026-06-09T09:44:06.927260,4.053570747375488,1.8201525211334229,1.1530612707138062,7.728316307067871,qmix,smacv2,protoss_5_vs_5,101,0.0
1904000,951,2026-06-09T09:47:17.010009,3.0774874687194824,1.4824721813201904,1.1479591131210327,6.724488735198975,qmix,smacv2,protoss_5_vs_5,101,0.0
1906000,952,2026-06-09T09:50:29.146004,3.3013393878936768,1.525846004486084,1.1211735010147095,6.584183692932129,qmix,smacv2,protoss_5_vs_5,101,0.0
1908000,953,2026-06-09T09:53:41.686863,3.950446367263794,1.9834457635879517,0.8061224222183228,8.128827095031738,qmix,smacv2,protoss_5_vs_5,101,0.0
1910000,954,2026-06-09T09:56:55.123568,2.7348217964172363,0.9461180567741394,1.4732142686843872,5.193877696990967,qmix,smacv2,protoss_5_vs_5,101,0.0
1912000,955,2026-06-09T09:59:58.161103,2.8556759357452393,1.367509126663208,1.209183692932129,6.396683692932129,qmix,smacv2,protoss_5_vs_5,101,0.0
1914000,956,2026-06-09T10:03:06.167580,3.314030408859253,1.5837092399597168,0.9987243413925171,6.589285850524902,qmix,smacv2,protoss_5_vs_5,101,0.0
1916000,957,2026-06-09T10:06:15.920475,3.2036986351013184,1.7385503053665161,1.3979591131210327,8.775510787963867,qmix,smacv2,protoss_5_vs_5,101,0.0
1918000,958,2026-06-09T10:09:24.772046,3.679910659790039,2.0788817405700684,1.2359694242477417,9.613520622253418,qmix,smacv2,protoss_5_vs_5,101,0.0
1920000,959,2026-06-09T10:13:00.562493,3.9452807903289795,2.307415723800659,0.9183673858642578,10.0,qmix,smacv2,protoss_5_vs_5,101,0.0
1922000,960,2026-06-09T10:16:11.651243,3.1523597240448,1.1755403280258179,1.7015306949615479,5.897958755493164,qmix,smacv2,protoss_5_vs_5,101,0.0
1924000,961,2026-06-09T10:19:27.247913,3.7220661640167236,1.7489277124404907,1.1938774585723877,7.295918941497803,qmix,smacv2,protoss_5_vs_5,101,0.0
1926000,962,2026-06-09T10:22:38.814234,3.6529338359832764,1.9629669189453125,1.4362245798110962,6.92984676361084,qmix,smacv2,protoss_5_vs_5,101,0.0
1928000,963,2026-06-09T10:26:03.752332,4.1716203689575195,2.5169670581817627,1.857142686843872,9.775510787963867,qmix,smacv2,protoss_5_vs_5,101,0.0
1930000,964,2026-06-09T10:29:16.151846,4.2765302658081055,2.069974184036255,1.7385203838348389,9.485970497131348,qmix,smacv2,protoss_5_vs_5,101,0.0
1932000,965,2026-06-09T10:32:38.380041,3.8476402759552,1.9001866579055786,1.7971937656402588,9.608418464660645,qmix,smacv2,protoss_5_vs_5,101,0.0
1934000,966,2026-06-09T10:36:03.736727,4.472193717956543,2.0328314304351807,1.90816330909729,9.64285659790039,qmix,smacv2,protoss_5_vs_5,101,0.0
1936000,967,2026-06-09T10:39:31.436167,4.0121169090271,2.0103437900543213,1.1696429252624512,8.397958755493164,qmix,smacv2,protoss_5_vs_5,101,0.0
1938000,968,2026-06-09T10:42:50.138640,4.675446510314941,1.6710909605026245,1.7614796161651611,7.210459232330322,qmix,smacv2,protoss_5_vs_5,101,0.0
1940000,969,2026-06-09T10:45:56.332474,4.054464340209961,1.7388447523117065,1.4387755393981934,7.628827095031738,qmix,smacv2,protoss_5_vs_5,101,0.0
1942000,970,2026-06-09T10:49:21.705519,4.336033821105957,2.488891363143921,0.9795918464660645,10.275510787963867,qmix,smacv2,protoss_5_vs_5,101,0.0
1944000,971,2026-06-09T10:52:33.949868,3.9621174335479736,2.3619611263275146,0.9081632494926453,9.89795970916748,qmix,smacv2,protoss_5_vs_5,101,0.0
1946000,972,2026-06-09T10:55:42.129954,3.335012912750244,1.6745680570602417,1.7614796161651611,7.755102634429932,qmix,smacv2,protoss_5_vs_5,101,0.0
1948000,973,2026-06-09T10:58:51.382370,3.253763198852539,1.4963327646255493,0.9260204434394836,7.207907676696777,qmix,smacv2,protoss_5_vs_5,101,0.0
1950000,974,2026-06-09T11:01:54.540701,3.875319004058838,2.2423207759857178,1.0306122303009033,9.61734676361084,qmix,smacv2,protoss_5_vs_5,101,0.0
1952000,975,2026-06-09T11:04:56.139824,4.334566593170166,1.5476418733596802,1.8431122303009033,7.529336452484131,qmix,smacv2,protoss_5_vs_5,101,0.0
1954000,976,2026-06-09T11:08:02.900041,3.8050379753112793,1.716544270515442,1.461734652519226,7.3584184646606445,qmix,smacv2,protoss_5_vs_5,101,0.0
1956000,977,2026-06-09T11:11:11.943960,3.920408248901367,2.2333242893218994,0.6122448444366455,9.408162117004395,qmix,smacv2,protoss_5_vs_5,101,0.0
1958000,978,2026-06-09T11:14:22.941897,3.9433670043945312,1.7423534393310547,0.9999998807907104,7.0,qmix,smacv2,protoss_5_vs_5,101,0.0
1960000,979,2026-06-09T11:17:34.244526,4.612308502197266,2.5303094387054443,1.1747448444366455,9.033164024353027,qmix,smacv2,protoss_5_vs_5,101,0.0
1962000,980,2026-06-09T11:20:38.919607,4.937819004058838,2.550309658050537,1.7053571939468384,12.244897842407227,qmix,smacv2,protoss_5_vs_5,101,0.0
1964000,981,2026-06-09T11:23:35.648219,3.705357313156128,1.787734866142273,1.367347002029419,8.358418464660645,qmix,smacv2,protoss_5_vs_5,101,0.0
1966000,982,2026-06-09T11:26:46.702968,3.147512674331665,1.4233485460281372,1.2653061151504517,6.520408630371094,qmix,smacv2,protoss_5_vs_5,101,0.0
1968000,983,2026-06-09T11:29:56.021210,4.116326808929443,2.2924933433532715,1.516581654548645,10.275510787963867,qmix,smacv2,protoss_5_vs_5,101,0.0
1970000,984,2026-06-09T11:33:04.993911,3.9105231761932373,1.582857370376587,1.7040817737579346,8.080357551574707,qmix,smacv2,protoss_5_vs_5,101,0.0
1972000,985,2026-06-09T11:36:21.773979,3.444770336151123,1.4629484415054321,1.1020407676696777,5.794642925262451,qmix,smacv2,protoss_5_vs_5,101,0.0
1974000,986,2026-06-09T11:39:35.656771,2.9238522052764893,1.6321767568588257,0.3163265287876129,6.249999523162842,qmix,smacv2,protoss_5_vs_5,101,0.0
1976000,987,2026-06-09T11:42:48.677712,3.4369258880615234,2.0559489727020264,1.3137755393981934,9.363519668579102,qmix,smacv2,protoss_5_vs_5,101,0.0
1978000,988,2026-06-09T11:46:08.958869,4.126276016235352,1.943528413772583,1.1836735010147095,10.03061294555664,qmix,smacv2,protoss_5_vs_5,101,0.0
1980000,989,2026-06-09T11:49:14.050453,4.011096954345703,2.52687668800354,1.18367338180542,10.269132614135742,qmix,smacv2,protoss_5_vs_5,101,0.0
1982000,990,2026-06-09T11:52:22.137946,3.3829078674316406,1.4369258880615234,1.3673468828201294,6.741070747375488,qmix,smacv2,protoss_5_vs_5,101,0.0
1984000,991,2026-06-09T11:55:27.953190,3.8404972553253174,1.7450085878372192,1.617347002029419,7.794642448425293,qmix,smacv2,protoss_5_vs_5,101,0.0
1986000,992,2026-06-09T11:58:36.438971,3.6091835498809814,2.1387906074523926,0.6543367505073547,8.529335975646973,qmix,smacv2,protoss_5_vs_5,101,0.0
1988000,993,2026-06-09T12:01:41.735719,3.7319512367248535,2.2102816104888916,1.0471938848495483,8.285714149475098,qmix,smacv2,protoss_5_vs_5,101,0.0
1990000,994,2026-06-09T12:04:52.490250,2.846492290496826,1.315333366394043,1.0178570747375488,5.591836929321289,qmix,smacv2,protoss_5_vs_5,101,0.0
1992000,995,2026-06-09T12:07:59.724783,5.080229759216309,3.619494915008545,1.1339285373687744,16.536989212036133,qmix,smacv2,protoss_5_vs_5,101,0.05000000074505806
1994000,996,2026-06-09T12:11:10.651906,4.502423286437988,2.6191415786743164,1.2857142686843872,10.058672904968262,qmix,smacv2,protoss_5_vs_5,101,0.0
1996000,997,2026-06-09T12:14:19.728977,3.484375,1.3611901998519897,1.0510203838348389,6.181122303009033,qmix,smacv2,protoss_5_vs_5,101,0.0
1998000,998,2026-06-09T12:17:26.817743,3.338010311126709,1.991973638534546,0.5,7.817602634429932,qmix,smacv2,protoss_5_vs_5,101,0.0
2000000,999,2026-06-09T12:20:36.387013,3.594514846801758,2.134416341781616,0.9056123495101929,7.630102634429932,qmix,smacv2,protoss_5_vs_5,101,0.0
2002000,1000,2026-06-09T12:23:45.992939,3.3473849296569824,1.6315208673477173,0.8137755393981934,6.693878173828125,qmix,smacv2,protoss_5_vs_5,101,0.0
2004000,1001,2026-06-09T12:26:58.104428,3.80070161819458,1.5140963792800903,1.3469388484954834,7.061224937438965,qmix,smacv2,protoss_5_vs_5,101,0.0
2006000,1002,2026-06-09T12:30:06.153221,3.4628188610076904,1.4877142906188965,1.3303570747375488,6.066326141357422,qmix,smacv2,protoss_5_vs_5,101,0.0
2008000,1003,2026-06-09T12:33:15.456841,2.988647937774658,1.05772864818573,1.950255036354065,6.021683692932129,qmix,smacv2,protoss_5_vs_5,101,0.0
2010000,1004,2026-06-09T12:36:23.446372,3.9964287281036377,1.7930001020431519,0.9285715222358704,7.057397365570068,qmix,smacv2,protoss_5_vs_5,101,0.0
2012000,1005,2026-06-09T12:39:34.288737,3.394387722015381,1.774306297302246,0.3571428656578064,7.963011264801025,qmix,smacv2,protoss_5_vs_5,101,0.0
2014000,1006,2026-06-09T12:42:39.520884,3.5033798217773438,1.5422443151474,0.8125,5.904336929321289,qmix,smacv2,protoss_5_vs_5,101,0.0
2016000,1007,2026-06-09T12:45:50.153037,3.5741069316864014,2.1965112686157227,1.1301020383834839,11.591836929321289,qmix,smacv2,protoss_5_vs_5,101,0.0
2018000,1008,2026-06-09T12:49:01.650154,3.189349412918091,1.3263708353042603,1.3711735010147095,5.747448921203613,qmix,smacv2,protoss_5_vs_5,101,0.0
2020000,1009,2026-06-09T12:52:15.651931,4.461543083190918,2.747178554534912,0.6428571343421936,11.785714149475098,qmix,smacv2,protoss_5_vs_5,101,0.0
2022000,1010,2026-06-09T12:55:24.392280,4.49202823638916,1.8597691059112549,2.0102040767669678,9.346938133239746,qmix,smacv2,protoss_5_vs_5,101,0.0
2024000,1011,2026-06-09T12:58:38.889753,3.2166454792022705,1.532820463180542,1.445152997970581,7.4375,qmix,smacv2,protoss_5_vs_5,101,0.0
2026000,1012,2026-06-09T13:01:49.157863,3.5710461139678955,1.923460602760315,1.079081654548645,9.0,qmix,smacv2,protoss_5_vs_5,101,0.0
2028000,1013,2026-06-09T13:05:00.332631,4.614349842071533,1.8808965682983398,2.051020383834839,8.122448921203613,qmix,smacv2,protoss_5_vs_5,101,0.0
2030000,1014,2026-06-09T13:08:10.826011,4.1545281410217285,2.9985902309417725,1.2359693050384521,13.502551078796387,qmix,smacv2,protoss_5_vs_5,101,0.0
2032000,1015,2026-06-09T13:11:20.072219,3.6890945434570312,1.6552064418792725,0.8775509595870972,6.306122779846191,qmix,smacv2,protoss_5_vs_5,101,0.0
2034000,1016,2026-06-09T13:14:34.624897,2.641773223876953,1.2632571458816528,1.099489688873291,5.815051078796387,qmix,smacv2,protoss_5_vs_5,101,0.0
2036000,1017,2026-06-09T13:17:41.895546,3.6079719066619873,1.8717974424362183,1.0,6.755101680755615,qmix,smacv2,protoss_5_vs_5,101,0.0
2038000,1018,2026-06-09T13:20:50.658955,4.453316688537598,2.5110793113708496,1.5867347717285156,10.076530456542969,qmix,smacv2,protoss_5_vs_5,101,0.0
2040000,1019,2026-06-09T13:23:58.670809,3.138329029083252,1.6702409982681274,1.112244963645935,7.561224460601807,qmix,smacv2,protoss_5_vs_5,101,0.0
2042000,1020,2026-06-09T13:27:06.719882,3.2010204792022705,1.276214361190796,1.5752551555633545,6.540816307067871,qmix,smacv2,protoss_5_vs_5,101,0.0
2044000,1021,2026-06-09T13:30:18.467562,3.7787628173828125,1.9663339853286743,0.6632652878761292,7.9183669090271,qmix,smacv2,protoss_5_vs_5,101,0.0
2046000,1022,2026-06-09T13:33:27.132636,3.1862246990203857,2.008267879486084,0.3979591727256775,6.693878173828125,qmix,smacv2,protoss_5_vs_5,101,0.0
2048000,1023,2026-06-09T13:36:34.256124,4.32200288772583,2.431577444076538,1.4081631898880005,11.434948921203613,qmix,smacv2,protoss_5_vs_5,101,0.0
2050000,1024,2026-06-09T13:39:36.484265,3.930229902267456,1.6829150915145874,1.9961735010147095,8.368621826171875,qmix,smacv2,protoss_5_vs_5,101,0.0
2052000,1025,2026-06-09T13:42:35.848794,4.097448825836182,2.7775633335113525,1.8443877696990967,14.465560913085938,qmix,smacv2,protoss_5_vs_5,101,0.05000000074505806
2054000,1026,2026-06-09T13:45:33.427290,3.639859437942505,2.283418893814087,0.7653061151504517,8.581632614135742,qmix,smacv2,protoss_5_vs_5,101,0.0
2056000,1027,2026-06-09T13:48:34.208944,3.542665958404541,2.138875961303711,0.8571429252624512,8.897958755493164,qmix,smacv2,protoss_5_vs_5,101,0.0
2058000,1028,2026-06-09T13:51:39.870198,4.110013008117676,2.9586446285247803,0.6326530575752258,12.653060913085938,qmix,smacv2,protoss_5_vs_5,101,0.05000000074505806
2060000,1029,2026-06-09T13:54:45.627110,4.3107147216796875,2.908721446990967,1.4489796161651611,14.669642448425293,qmix,smacv2,protoss_5_vs_5,101,0.05000000074505806
2062000,1030,2026-06-09T13:57:50.833963,4.275318622589111,2.3170599937438965,1.5612244606018066,9.071429252624512,qmix,smacv2,protoss_5_vs_5,101,0.0
2064000,1031,2026-06-09T14:00:56.903903,3.882525682449341,1.88290536403656,1.2397959232330322,7.192602634429932,qmix,smacv2,protoss_5_vs_5,101,0.0
2066000,1032,2026-06-09T14:04:04.439134,4.378571510314941,2.5778074264526367,1.275510311126709,10.47449016571045,qmix,smacv2,protoss_5_vs_5,101,0.0
2068000,1033,2026-06-09T14:07:24.762361,3.3617348670959473,1.7277120351791382,1.6160714626312256,7.836735725402832,qmix,smacv2,protoss_5_vs_5,101,0.0
2070000,1034,2026-06-09T14:10:31.370677,3.849107027053833,2.2328548431396484,1.4477040767669678,9.33800983428955,qmix,smacv2,protoss_5_vs_5,101,0.0
2072000,1035,2026-06-09T14:13:34.503317,2.9823343753814697,1.9120421409606934,1.3061224222183228,8.57015323638916,qmix,smacv2,protoss_5_vs_5,101,0.0
2074000,1036,2026-06-09T14:16:43.564159,3.4224491119384766,1.666733980178833,0.8673468828201294,6.928572177886963,qmix,smacv2,protoss_5_vs_5,101,0.0
2076000,1037,2026-06-09T14:19:55.494425,3.7345023155212402,2.138693332672119,0.34693875908851624,7.755101680755615,qmix,smacv2,protoss_5_vs_5,101,0.0
2078000,1038,2026-06-09T14:23:03.263882,3.945089340209961,2.3997604846954346,0.9196428060531616,8.651785850524902,qmix,smacv2,protoss_5_vs_5,101,0.0
2080000,1039,2026-06-09T14:26:17.402196,3.657270908355713,1.7225323915481567,1.5471938848495483,7.479592323303223,qmix,smacv2,protoss_5_vs_5,101,0.0
2082000,1040,2026-06-09T14:29:25.819404,4.068112373352051,2.1885159015655518,1.5599490404129028,7.852040767669678,qmix,smacv2,protoss_5_vs_5,101,0.0
2084000,1041,2026-06-09T14:32:36.424564,3.982780933380127,2.1021456718444824,1.6696428060531616,9.377551078796387,qmix,smacv2,protoss_5_vs_5,101,0.0
2086000,1042,2026-06-09T14:35:43.957879,3.2772319316864014,2.138239860534668,0.7767857313156128,7.744897365570068,qmix,smacv2,protoss_5_vs_5,101,0.0
2088000,1043,2026-06-09T14:38:54.138012,4.3873090744018555,3.128774881362915,0.9489795565605164,12.539541244506836,qmix,smacv2,protoss_5_vs_5,101,0.0
2090000,1044,2026-06-09T14:41:57.387620,3.755038022994995,1.5383081436157227,0.9795918464660645,6.9566330909729,qmix,smacv2,protoss_5_vs_5,101,0.0
2092000,1045,2026-06-09T14:45:04.252735,3.7559313774108887,2.045633316040039,0.9081632494926453,9.795918464660645,qmix,smacv2,protoss_5_vs_5,101,0.0
2094000,1046,2026-06-09T14:48:07.544645,3.4345028400421143,1.7812209129333496,0.8469387292861938,6.846938133239746,qmix,smacv2,protoss_5_vs_5,101,0.0
2096000,1047,2026-06-09T14:51:08.627331,3.616262912750244,1.378166913986206,2.0102038383483887,6.877551078796387,qmix,smacv2,protoss_5_vs_5,101,0.0
2098000,1048,2026-06-09T14:54:10.895241,4.0033159255981445,1.9080688953399658,0.6938775181770325,6.86352014541626,qmix,smacv2,protoss_5_vs_5,101,0.0
2100000,1049,2026-06-09T14:57:09.093171,3.9407527446746826,1.7957415580749512,1.4285714626312256,6.669642448425293,qmix,smacv2,protoss_5_vs_5,101,0.0
2102000,1050,2026-06-09T15:00:07.151363,4.792410850524902,2.5076749324798584,1.2920918464660645,10.086734771728516,qmix,smacv2,protoss_5_vs_5,101,0.0
2104000,1051,2026-06-09T15:03:05.162879,3.454719066619873,1.5809144973754883,1.1734694242477417,6.889030456542969,qmix,smacv2,protoss_5_vs_5,101,0.0
2106000,1052,2026-06-09T15:06:02.757475,3.975254774093628,1.9211246967315674,1.8507654666900635,7.544642448425293,qmix,smacv2,protoss_5_vs_5,101,0.0
2108000,1053,2026-06-09T15:08:58.863956,4.000829219818115,1.935407042503357,1.4145407676696777,8.622448921203613,qmix,smacv2,protoss_5_vs_5,101,0.0
2110000,1054,2026-06-09T15:11:54.017238,3.296555995941162,1.3437530994415283,1.1186224222183228,6.938775062561035,qmix,smacv2,protoss_5_vs_5,101,0.0
2112000,1055,2026-06-09T15:14:52.545652,3.929910659790039,1.5609710216522217,1.7002551555633545,7.80484676361084,qmix,smacv2,protoss_5_vs_5,101,0.0
2114000,1056,2026-06-09T15:17:56.543953,3.3403701782226562,2.4236578941345215,0.5510203838348389,8.408163070678711,qmix,smacv2,protoss_5_vs_5,101,0.0
2116000,1057,2026-06-09T15:20:55.628218,3.299808979034424,1.3305919170379639,1.1581631898880005,7.395408630371094,qmix,smacv2,protoss_5_vs_5,101,0.0
2118000,1058,2026-06-09T15:23:54.729985,3.513265609741211,1.506627082824707,0.7346938848495483,7.223214626312256,qmix,smacv2,protoss_5_vs_5,101,0.0
2120000,1059,2026-06-09T15:26:58.595794,4.570216655731201,1.9515191316604614,1.8494899272918701,9.03061294555664,qmix,smacv2,protoss_5_vs_5,101,0.0
2122000,1060,2026-06-09T15:29:59.358315,3.6647961139678955,2.313711404800415,1.0586735010147095,10.275510787963867,qmix,smacv2,protoss_5_vs_5,101,0.0
2124000,1061,2026-06-09T15:33:01.419453,3.1670920848846436,1.686416745185852,1.09183669090271,7.219388008117676,qmix,smacv2,protoss_5_vs_5,101,0.0
2126000,1062,2026-06-09T15:36:04.128997,2.6933672428131104,1.3846827745437622,0.9591836929321289,5.905612468719482,qmix,smacv2,protoss_5_vs_5,101,0.0
2128000,1063,2026-06-09T15:39:03.058080,4.13667106628418,2.0556344985961914,1.632652997970581,9.876276016235352,qmix,smacv2,protoss_5_vs_5,101,0.0
2130000,1064,2026-06-09T15:42:01.157874,3.1005101203918457,1.963070273399353,1.0510203838348389,10.326531410217285,qmix,smacv2,protoss_5_vs_5,101,0.0
2132000,1065,2026-06-09T15:45:02.319223,2.8199617862701416,1.4024078845977783,1.0714285373687744,6.709183692932129,qmix,smacv2,protoss_5_vs_5,101,0.0
2134000,1066,2026-06-09T15:48:03.208829,2.9267220497131348,1.4825023412704468,1.1122448444366455,6.642857551574707,qmix,smacv2,protoss_5_vs_5,101,0.0
2136000,1067,2026-06-09T15:51:00.263012,3.4944515228271484,1.7952457666397095,1.4132652282714844,7.813775062561035,qmix,smacv2,protoss_5_vs_5,101,0.0
2138000,1068,2026-06-09T15:53:58.857889,3.7919647693634033,1.9311113357543945,1.536989688873291,9.173469543457031,qmix,smacv2,protoss_5_vs_5,101,0.0
2140000,1069,2026-06-09T15:56:56.173565,3.8392856121063232,1.6896470785140991,1.2448979616165161,6.573979377746582,qmix,smacv2,protoss_5_vs_5,101,0.0
2142000,1070,2026-06-09T15:59:56.864042,3.722639799118042,2.088203191757202,1.5306122303009033,7.900510311126709,qmix,smacv2,protoss_5_vs_5,101,0.0
2144000,1071,2026-06-09T16:02:56.503485,2.6899876594543457,1.7494843006134033,1.0676020383834839,8.899234771728516,qmix,smacv2,protoss_5_vs_5,101,0.0
2146000,1072,2026-06-09T16:05:57.656584,3.5797832012176514,1.7126305103302002,1.2857143878936768,7.142857551574707,qmix,smacv2,protoss_5_vs_5,101,0.0
2148000,1073,2026-06-09T16:08:55.770745,2.903954029083252,1.8828238248825073,0.5,8.303570747375488,qmix,smacv2,protoss_5_vs_5,101,0.0
2150000,1074,2026-06-09T16:12:00.009089,3.6598849296569824,1.792201280593872,0.8571428060531616,8.64285659790039,qmix,smacv2,protoss_5_vs_5,101,0.0
2152000,1075,2026-06-09T16:15:04.265216,3.159247636795044,1.6897622346878052,0.4285714030265808,7.183673858642578,qmix,smacv2,protoss_5_vs_5,101,0.0
2154000,1076,2026-06-09T16:18:08.777035,2.929974317550659,1.8003499507904053,0.957908034324646,8.834183692932129,qmix,smacv2,protoss_5_vs_5,101,0.0
2156000,1077,2026-06-09T16:21:10.590121,3.348405122756958,1.6863622665405273,1.09183669090271,7.244897365570068,qmix,smacv2,protoss_5_vs_5,101,0.0
2158000,1078,2026-06-09T16:24:19.175303,3.1777424812316895,1.4703118801116943,0.9056121706962585,5.929847717285156,qmix,smacv2,protoss_5_vs_5,101,0.0
2160000,1079,2026-06-09T16:27:26.747914,3.067538261413574,1.6082236766815186,1.1160714626312256,7.140305519104004,qmix,smacv2,protoss_5_vs_5,101,0.0
2162000,1080,2026-06-09T16:30:41.862515,3.2528061866760254,1.5122324228286743,1.1811223030090332,6.959183692932129,qmix,smacv2,protoss_5_vs_5,101,0.0
2164000,1081,2026-06-09T16:33:53.162262,3.6525511741638184,1.8381483554840088,0.6632652878761292,7.014030456542969,qmix,smacv2,protoss_5_vs_5,101,0.0
2166000,1082,2026-06-09T16:37:08.196374,4.1884565353393555,2.235983371734619,1.2474490404129028,9.21300983428955,qmix,smacv2,protoss_5_vs_5,101,0.0
2168000,1083,2026-06-09T16:40:22.432664,2.891007661819458,1.6741644144058228,0.5816326141357422,7.7040815353393555,qmix,smacv2,protoss_5_vs_5,101,0.0
2170000,1084,2026-06-09T16:43:25.744126,3.8157525062561035,1.9448274374008179,0.9005101919174194,8.090560913085938,qmix,smacv2,protoss_5_vs_5,101,0.0
2172000,1085,2026-06-09T16:46:28.043559,3.5633926391601562,1.658387303352356,1.3443876504898071,6.239795684814453,qmix,smacv2,protoss_5_vs_5,101,0.0
2174000,1086,2026-06-09T16:49:38.091016,2.8797192573547363,1.4820741415023804,1.18367338180542,6.153061389923096,qmix,smacv2,protoss_5_vs_5,101,0.0
2176000,1087,2026-06-09T16:52:41.207032,3.3427295684814453,1.7528094053268433,1.1428571939468384,6.234694004058838,qmix,smacv2,protoss_5_vs_5,101,0.0
2178000,1088,2026-06-09T16:55:47.415558,3.379910707473755,1.952684998512268,0.6670918464660645,7.713009834289551,qmix,smacv2,protoss_5_vs_5,101,0.0
2180000,1089,2026-06-09T16:59:18.694295,4.152040958404541,2.641899824142456,1.334183692932129,10.17729663848877,qmix,smacv2,protoss_5_vs_5,101,0.0
2182000,1090,2026-06-09T17:02:24.618738,3.6366074085235596,1.7295392751693726,1.1224489212036133,8.207907676696777,qmix,smacv2,protoss_5_vs_5,101,0.0
2184000,1091,2026-06-09T17:05:28.186468,3.075829029083252,1.3587300777435303,1.3303570747375488,5.6530609130859375,qmix,smacv2,protoss_5_vs_5,101,0.0
2186000,1092,2026-06-09T17:08:33.880537,3.6609692573547363,2.0627248287200928,1.6836735010147095,10.09949016571045,qmix,smacv2,protoss_5_vs_5,101,0.0
2188000,1093,2026-06-09T17:11:39.290293,3.649808406829834,2.0896971225738525,0.6938775777816772,7.937500953674316,qmix,smacv2,protoss_5_vs_5,101,0.0
2190000,1094,2026-06-09T17:14:47.684232,3.9566967487335205,1.5814037322998047,1.8609693050384521,7.0790815353393555,qmix,smacv2,protoss_5_vs_5,101,0.0
2192000,1095,2026-06-09T17:18:02.867383,3.5781891345977783,1.590682029724121,1.0280611515045166,6.591836452484131,qmix,smacv2,protoss_5_vs_5,101,0.0
2194000,1096,2026-06-09T17:21:17.518092,3.5730865001678467,2.076585292816162,0.9183673858642578,8.540816307067871,qmix,smacv2,protoss_5_vs_5,101,0.0
2196000,1097,2026-06-09T17:24:26.841926,4.008801460266113,1.564048409461975,1.84566330909729,7.989795684814453,qmix,smacv2,protoss_5_vs_5,101,0.0
2198000,1098,2026-06-09T17:27:43.781007,3.8002548217773438,1.7339985370635986,2.014030694961548,8.341836929321289,qmix,smacv2,protoss_5_vs_5,101,0.0
2200000,1099,2026-06-09T17:31:01.637286,3.9302291870117188,1.362277626991272,1.7040817737579346,6.496172904968262,qmix,smacv2,protoss_5_vs_5,101,0.0
2202000,1100,2026-06-09T17:34:21.630332,3.982142686843872,2.0713915824890137,1.1696428060531616,8.417091369628906,qmix,smacv2,protoss_5_vs_5,101,0.0
2204000,1101,2026-06-09T17:37:33.228643,4.5403056144714355,2.9183168411254883,1.5867345333099365,13.989794731140137,qmix,smacv2,protoss_5_vs_5,101,0.0
2206000,1102,2026-06-09T17:40:49.504140,3.6335456371307373,2.298651933670044,0.795918345451355,10.411989212036133,qmix,smacv2,protoss_5_vs_5,101,0.0
2208000,1103,2026-06-09T17:44:07.460056,4.455037593841553,2.2571640014648438,1.5433673858642578,8.933673858642578,qmix,smacv2,protoss_5_vs_5,101,0.0
2210000,1104,2026-06-09T17:47:23.299293,3.357461452484131,1.738645076751709,1.1734694242477417,8.73469352722168,qmix,smacv2,protoss_5_vs_5,101,0.0
2212000,1105,2026-06-09T17:50:44.458663,2.7586734294891357,1.4686356782913208,0.7040815949440002,6.285714149475098,qmix,smacv2,protoss_5_vs_5,101,0.0
2214000,1106,2026-06-09T17:54:01.709833,3.550318956375122,1.4915797710418701,1.4732142686843872,5.968112468719482,qmix,smacv2,protoss_5_vs_5,101,0.0
2216000,1107,2026-06-09T17:57:18.104076,3.1302294731140137,1.8846930265426636,0.9553571939468384,9.377551078796387,qmix,smacv2,protoss_5_vs_5,101,0.0
2218000,1108,2026-06-09T18:00:33.052959,4.115050792694092,1.986729621887207,1.4158164262771606,9.377551078796387,qmix,smacv2,protoss_5_vs_5,101,0.0
2220000,1109,2026-06-09T18:03:43.923004,3.0136475563049316,1.7696865797042847,0.7857142686843872,7.036988735198975,qmix,smacv2,protoss_5_vs_5,101,0.0
2222000,1110,2026-06-09T18:06:53.470703,3.3843111991882324,2.116203546524048,0.7206632494926453,8.70280647277832,qmix,smacv2,protoss_5_vs_5,101,0.0
2224000,1111,2026-06-09T18:10:02.326968,3.3683032989501953,1.5532315969467163,1.2895407676696777,5.857142448425293,qmix,smacv2,protoss_5_vs_5,101,0.0
2226000,1112,2026-06-09T18:13:07.776172,4.428188323974609,1.7589949369430542,1.7270408868789673,8.389030456542969,qmix,smacv2,protoss_5_vs_5,101,0.0
2228000,1113,2026-06-09T18:16:20.131898,4.160459041595459,1.5257484912872314,1.1237245798110962,8.670918464660645,qmix,smacv2,protoss_5_vs_5,101,0.0
2230000,1114,2026-06-09T18:19:30.440159,4.346045970916748,1.956405520439148,1.3635205030441284,7.960458278656006,qmix,smacv2,protoss_5_vs_5,101,0.0
2232000,1115,2026-06-09T18:22:43.715592,3.5458545684814453,1.934470534324646,1.0727040767669678,8.020408630371094,qmix,smacv2,protoss_5_vs_5,101,0.0
2234000,1116,2026-06-09T18:25:47.732948,3.895535707473755,2.031344175338745,0.9591835737228394,10.381377220153809,qmix,smacv2,protoss_5_vs_5,101,0.0
2236000,1117,2026-06-09T18:28:45.420895,3.707270383834839,2.0903618335723877,1.2678570747375488,7.996172904968262,qmix,smacv2,protoss_5_vs_5,101,0.0
2238000,1118,2026-06-09T18:31:54.004320,2.96868634223938,1.4214049577713013,0.9387754201889038,6.302296161651611,qmix,smacv2,protoss_5_vs_5,101,0.0
2240000,1119,2026-06-09T18:35:01.062269,3.262117385864258,1.4682891368865967,1.1352040767669678,6.591836452484131,qmix,smacv2,protoss_5_vs_5,101,0.0
2242000,1120,2026-06-09T18:38:12.516016,3.2993617057800293,1.9996997117996216,0.6224489808082581,7.276785850524902,qmix,smacv2,protoss_5_vs_5,101,0.0
2244000,1121,2026-06-09T18:41:27.205853,2.6545920372009277,1.1855844259262085,1.3775510787963867,5.306122779846191,qmix,smacv2,protoss_5_vs_5,101,0.0
2246000,1122,2026-06-09T18:44:44.328847,3.256441593170166,1.4377492666244507,1.6275510787963867,5.909438610076904,qmix,smacv2,protoss_5_vs_5,101,0.0
2248000,1123,2026-06-09T18:47:54.208327,3.6907525062561035,2.532376527786255,0.8469389081001282,10.415816307067871,qmix,smacv2,protoss_5_vs_5,101,0.0
2250000,1124,2026-06-09T18:51:12.405594,3.616262912750244,1.9584832191467285,0.18367347121238708,7.598214149475098,qmix,smacv2,protoss_5_vs_5,101,0.0
2252000,1125,2026-06-09T18:54:23.320423,4.140178680419922,2.1700003147125244,0.5701530575752258,8.4375,qmix,smacv2,protoss_5_vs_5,101,0.0
2254000,1126,2026-06-09T18:57:39.855807,2.7380738258361816,1.020448088645935,1.2780611515045166,4.853316307067871,qmix,smacv2,protoss_5_vs_5,101,0.0
2256000,1127,2026-06-09T19:01:01.916866,3.520280361175537,1.6516238451004028,1.6301019191741943,6.447704315185547,qmix,smacv2,protoss_5_vs_5,101,0.0
2258000,1128,2026-06-09T19:04:15.593537,3.639540910720825,1.492685079574585,1.6785714626312256,6.947704315185547,qmix,smacv2,protoss_5_vs_5,101,0.0
2260000,1129,2026-06-09T19:07:36.162735,3.7507011890411377,2.312472105026245,1.0510203838348389,11.516581535339355,qmix,smacv2,protoss_5_vs_5,101,0.0
2262000,1130,2026-06-09T19:11:08.068506,3.4930484294891357,2.1392579078674316,0.9362244606018066,9.091836929321289,qmix,smacv2,protoss_5_vs_5,101,0.0
2264000,1131,2026-06-09T19:14:29.771734,3.4494895935058594,1.7640886306762695,1.478316307067871,7.806122779846191,qmix,smacv2,protoss_5_vs_5,101,0.0
2266000,1132,2026-06-09T19:17:47.822374,3.4596939086914062,1.9476860761642456,1.163265347480774,9.017857551574707,qmix,smacv2,protoss_5_vs_5,101,0.0
2268000,1133,2026-06-09T19:21:08.072789,3.827040910720825,2.5220775604248047,0.974489688873291,10.26530647277832,qmix,smacv2,protoss_5_vs_5,101,0.0
2270000,1134,2026-06-09T19:24:28.041771,3.1758294105529785,2.1839253902435303,0.6632653474807739,7.8979597091674805,qmix,smacv2,protoss_5_vs_5,101,0.0
2272000,1135,2026-06-09T19:27:47.781921,3.085395336151123,1.8590584993362427,0.7257652878761292,6.834183692932129,qmix,smacv2,protoss_5_vs_5,101,0.0
2274000,1136,2026-06-09T19:31:04.192244,4.078954219818115,2.296093463897705,1.1798468828201294,8.970664024353027,qmix,smacv2,protoss_5_vs_5,101,0.0
2276000,1137,2026-06-09T19:34:14.138448,4.2508931159973145,2.5392279624938965,1.2142856121063232,9.66964340209961,qmix,smacv2,protoss_5_vs_5,101,0.0
2278000,1138,2026-06-09T19:37:27.410764,3.6885204315185547,2.156921863555908,1.0612244606018066,8.869897842407227,qmix,smacv2,protoss_5_vs_5,101,0.0
2280000,1139,2026-06-09T19:40:37.813119,3.8767218589782715,2.113516092300415,1.5051020383834839,8.170918464660645,qmix,smacv2,protoss_5_vs_5,101,0.0
2282000,1140,2026-06-09T19:43:40.521744,2.858482599258423,1.9301704168319702,0.795918345451355,8.409439086914062,qmix,smacv2,protoss_5_vs_5,101,0.0
2284000,1141,2026-06-09T19:46:49.346524,3.4053573608398438,1.3705090284347534,1.5650510787963867,7.154336452484131,qmix,smacv2,protoss_5_vs_5,101,0.0
2286000,1142,2026-06-09T19:50:00.641614,3.7146682739257812,2.690477132797241,0.7691326141357422,9.413265228271484,qmix,smacv2,protoss_5_vs_5,101,0.0
2288000,1143,2026-06-09T19:53:07.509828,3.0527424812316895,1.512815237045288,0.5612244606018066,6.363520622253418,qmix,smacv2,protoss_5_vs_5,101,0.0
2290000,1144,2026-06-09T19:56:18.562730,3.5394768714904785,2.0466246604919434,0.7512755393981934,7.7665815353393555,qmix,smacv2,protoss_5_vs_5,101,0.0
2292000,1145,2026-06-09T19:59:30.600938,3.136033058166504,2.0799176692962646,1.288265347480774,8.5,qmix,smacv2,protoss_5_vs_5,101,0.0
2294000,1146,2026-06-09T20:02:38.467602,3.3432395458221436,1.5478957891464233,1.1862244606018066,6.163265228271484,qmix,smacv2,protoss_5_vs_5,101,0.0
2296000,1147,2026-06-09T20:05:45.459363,3.300382614135742,1.53605318069458,0.9681121706962585,6.200254917144775,qmix,smacv2,protoss_5_vs_5,101,0.0
2298000,1148,2026-06-09T20:08:52.023500,3.3801658153533936,1.9578309059143066,0.9285714030265808,9.174744606018066,qmix,smacv2,protoss_5_vs_5,101,0.0
2300000,1149,2026-06-09T20:11:59.404362,3.7455992698669434,1.820913314819336,1.290816307067871,8.056122779846191,qmix,smacv2,protoss_5_vs_5,101,0.0
2302000,1150,2026-06-09T20:15:07.445854,3.1537623405456543,1.8190490007400513,0.8966835737228394,6.397958755493164,qmix,smacv2,protoss_5_vs_5,101,0.0
2304000,1151,2026-06-09T20:18:16.642783,3.342219591140747,2.1927828788757324,0.5854591727256775,7.702805995941162,qmix,smacv2,protoss_5_vs_5,101,0.0
2306000,1152,2026-06-09T20:21:25.632761,4.391772747039795,2.4692745208740234,1.1020408868789673,11.224488258361816,qmix,smacv2,protoss_5_vs_5,101,0.0
2308000,1153,2026-06-09T20:24:37.904919,2.5776147842407227,1.5657371282577515,1.1530612707138062,8.447704315185547,qmix,smacv2,protoss_5_vs_5,101,0.0
2310000,1154,2026-06-09T20:27:48.661522,3.5413265228271484,2.2900233268737793,1.2500001192092896,9.66964340209961,qmix,smacv2,protoss_5_vs_5,101,0.0
2312000,1155,2026-06-09T20:30:58.330547,3.6475765705108643,2.4267818927764893,0.5,8.295918464660645,qmix,smacv2,protoss_5_vs_5,101,0.0
2314000,1156,2026-06-09T20:34:18.249650,3.6330997943878174,3.0656626224517822,0.704081654548645,14.081632614135742,qmix,smacv2,protoss_5_vs_5,101,0.0
2316000,1157,2026-06-09T20:37:35.938810,3.1728317737579346,1.985711932182312,1.3405612707138062,8.54464340209961,qmix,smacv2,protoss_5_vs_5,101,0.0
2318000,1158,2026-06-09T20:40:54.720781,3.2119898796081543,1.6873949766159058,0.954081654548645,6.500000953674316,qmix,smacv2,protoss_5_vs_5,101,0.0
2320000,1159,2026-06-09T20:44:18.637195,3.2718112468719482,1.8052600622177124,1.1887755393981934,7.336734771728516,qmix,smacv2,protoss_5_vs_5,101,0.0
2322000,1160,2026-06-09T20:47:43.982412,3.73966908454895,2.482851028442383,0.3163265287876129,7.896683692932129,qmix,smacv2,protoss_5_vs_5,101,0.0
2324000,1161,2026-06-09T20:51:01.681236,3.303698778152466,1.5631455183029175,1.538265347480774,7.897958278656006,qmix,smacv2,protoss_5_vs_5,101,0.0
2326000,1162,2026-06-09T20:54:19.787380,4.172703742980957,2.738192558288574,0.8966836929321289,10.585458755493164,qmix,smacv2,protoss_5_vs_5,101,0.0
2328000,1163,2026-06-09T20:57:39.049259,3.1145405769348145,1.7472447156906128,1.1913264989852905,7.836733818054199,qmix,smacv2,protoss_5_vs_5,101,0.0
2330000,1164,2026-06-09T21:00:57.047875,3.924107074737549,2.104463815689087,1.2755101919174194,8.330357551574707,qmix,smacv2,protoss_5_vs_5,101,0.0
2332000,1165,2026-06-09T21:04:08.893869,3.804145336151123,1.6233206987380981,1.3775509595870972,8.221938133239746,qmix,smacv2,protoss_5_vs_5,101,0.0
2334000,1166,2026-06-09T21:07:19.948276,4.2616071701049805,2.3866336345672607,1.09566330909729,9.724489212036133,qmix,smacv2,protoss_5_vs_5,101,0.0
2336000,1167,2026-06-09T21:10:29.780199,3.654017686843872,1.9001777172088623,1.2015306949615479,9.076530456542969,qmix,smacv2,protoss_5_vs_5,101,0.0
2338000,1168,2026-06-09T21:13:37.043664,4.103571891784668,2.1860532760620117,1.3150510787963867,8.39795970916748,qmix,smacv2,protoss_5_vs_5,101,0.0
2340000,1169,2026-06-09T21:16:47.966470,4.225637912750244,3.7961339950561523,0.13265305757522583,16.428569793701172,qmix,smacv2,protoss_5_vs_5,101,0.05000000074505806
2342000,1170,2026-06-09T21:19:55.706529,3.5874366760253906,1.8739302158355713,0.6849489212036133,7.192602634429932,qmix,smacv2,protoss_5_vs_5,101,0.0
2344000,1171,2026-06-09T21:23:04.762409,3.2078444957733154,1.7686622142791748,1.4566326141357422,6.765305995941162,qmix,smacv2,protoss_5_vs_5,101,0.0
2346000,1172,2026-06-09T21:26:14.860476,3.9795279502868652,2.222769021987915,1.2334184646606445,8.66199016571045,qmix,smacv2,protoss_5_vs_5,101,0.0
2348000,1173,2026-06-09T21:29:24.954004,2.8213648796081543,1.3337713479995728,1.0969387292861938,6.122448921203613,qmix,smacv2,protoss_5_vs_5,101,0.0
2350000,1174,2026-06-09T21:32:33.743089,3.920344591140747,2.333566904067993,1.2193877696990967,8.938776016235352,qmix,smacv2,protoss_5_vs_5,101,0.0
2352000,1175,2026-06-09T21:35:47.097139,2.9716200828552246,1.6201400756835938,0.4387754797935486,6.80484676361084,qmix,smacv2,protoss_5_vs_5,101,0.0
2354000,1176,2026-06-09T21:38:53.352095,4.021875381469727,2.546320676803589,0.9285715222358704,8.204082489013672,qmix,smacv2,protoss_5_vs_5,101,0.0
2356000,1177,2026-06-09T21:42:00.960827,3.1632654666900635,1.980955719947815,1.09183669090271,8.109694480895996,qmix,smacv2,protoss_5_vs_5,101,0.0
2358000,1178,2026-06-09T21:45:05.829461,2.5596938133239746,1.6632262468338013,0.4285714030265808,7.095663547515869,qmix,smacv2,protoss_5_vs_5,101,0.0
2360000,1179,2026-06-09T21:48:06.335537,3.356250047683716,1.3993808031082153,1.5204081535339355,6.86734676361084,qmix,smacv2,protoss_5_vs_5,101,0.0
2362000,1180,2026-06-09T21:51:10.259262,4.622576713562012,3.495022773742676,1.0204081535339355,14.387754440307617,qmix,smacv2,protoss_5_vs_5,101,0.05000000074505806
2364000,1181,2026-06-09T21:54:19.197311,4.634311676025391,2.1602680683135986,1.021683692932129,9.558673858642578,qmix,smacv2,protoss_5_vs_5,101,0.0
2366000,1182,2026-06-09T21:57:34.808823,3.7457268238067627,1.9383376836776733,1.163265347480774,9.042091369628906,qmix,smacv2,protoss_5_vs_5,101,0.0
2368000,1183,2026-06-09T22:00:47.105676,3.2039542198181152,1.1516462564468384,0.793367326259613,5.618622303009033,qmix,smacv2,protoss_5_vs_5,101,0.0
2370000,1184,2026-06-09T22:04:07.210488,3.907398223876953,2.119889259338379,1.163265347480774,9.438776016235352,qmix,smacv2,protoss_5_vs_5,101,0.0
2372000,1185,2026-06-09T22:07:26.308754,3.962308406829834,2.274714708328247,0.9387755393981934,9.012755393981934,qmix,smacv2,protoss_5_vs_5,101,0.0
2374000,1186,2026-06-09T22:10:48.181567,3.1830356121063232,1.9876452684402466,1.021683692932129,9.173468589782715,qmix,smacv2,protoss_5_vs_5,101,0.0
2376000,1187,2026-06-09T22:14:16.028638,3.557908296585083,2.5699405670166016,0.33673471212387085,9.438776016235352,qmix,smacv2,protoss_5_vs_5,101,0.0
2378000,1188,2026-06-09T22:17:42.258989,3.789604902267456,1.8219436407089233,1.6364797353744507,7.5969390869140625,qmix,smacv2,protoss_5_vs_5,101,0.0
2380000,1189,2026-06-09T22:21:03.443817,3.2116074562072754,2.150142192840576,0.9387754201889038,8.725765228271484,qmix,smacv2,protoss_5_vs_5,101,0.0
2382000,1190,2026-06-09T22:24:21.031067,4.022576332092285,2.0714495182037354,1.5765306949615479,7.482142448425293,qmix,smacv2,protoss_5_vs_5,101,0.0
2384000,1191,2026-06-09T22:27:38.924867,4.314094543457031,2.097977638244629,1.5510202646255493,8.51020336151123,qmix,smacv2,protoss_5_vs_5,101,0.0
2386000,1192,2026-06-09T22:30:52.220245,3.51568865776062,1.509305477142334,1.570152997970581,6.260204315185547,qmix,smacv2,protoss_5_vs_5,101,0.0
2388000,1193,2026-06-09T22:34:01.414588,3.4295921325683594,2.492443084716797,0.7232142686843872,11.744897842407227,qmix,smacv2,protoss_5_vs_5,101,0.0
2390000,1194,2026-06-09T22:37:12.862741,4.231249809265137,1.8485220670700073,0.9757653474807739,7.952805995941162,qmix,smacv2,protoss_5_vs_5,101,0.0
2392000,1195,2026-06-09T22:40:24.677807,3.3173470497131348,1.8696882724761963,0.9999998807907104,6.38647985458374,qmix,smacv2,protoss_5_vs_5,101,0.0
2394000,1196,2026-06-09T22:43:37.454519,3.9406886100769043,2.264807939529419,1.507652997970581,9.919642448425293,qmix,smacv2,protoss_5_vs_5,101,0.0
2396000,1197,2026-06-09T22:46:46.791059,3.604017972946167,1.5233969688415527,1.6632654666900635,6.469388008117676,qmix,smacv2,protoss_5_vs_5,101,0.0
2398000,1198,2026-06-09T22:49:59.950925,4.216964244842529,3.3409714698791504,0.8954081535339355,12.346938133239746,qmix,smacv2,protoss_5_vs_5,101,0.05000000074505806
2400000,1199,2026-06-09T22:53:11.248376,2.5494258403778076,1.6478532552719116,0.7219388484954834,5.968112468719482,qmix,smacv2,protoss_5_vs_5,101,0.0
2402000,1200,2026-06-09T22:56:19.622480,4.092857360839844,1.7040354013442993,1.742347002029419,7.436224460601807,qmix,smacv2,protoss_5_vs_5,101,0.0
2404000,1201,2026-06-09T22:59:33.491817,3.410841703414917,1.770765781402588,0.9030612111091614,6.457908630371094,qmix,smacv2,protoss_5_vs_5,101,0.0
2406000,1202,2026-06-09T23:02:46.104658,4.502104759216309,3.5179965496063232,1.4145408868789673,16.428571701049805,qmix,smacv2,protoss_5_vs_5,101,0.05000000074505806
2408000,1203,2026-06-09T23:06:00.738588,4.318495273590088,2.1712441444396973,1.2755101919174194,10.122448921203613,qmix,smacv2,protoss_5_vs_5,101,0.0
2410000,1204,2026-06-09T23:09:11.042466,4.034693717956543,2.150400161743164,1.266581654548645,8.193878173828125,qmix,smacv2,protoss_5_vs_5,101,0.0
2412000,1205,2026-06-09T23:12:28.788666,3.8337371349334717,2.5990915298461914,1.521683692932129,13.112245559692383,qmix,smacv2,protoss_5_vs_5,101,0.0
2414000,1206,2026-06-09T23:15:44.529583,3.4826531410217285,1.5822299718856812,1.2984694242477417,7.057397365570068,qmix,smacv2,protoss_5_vs_5,101,0.0
2416000,1207,2026-06-09T23:19:04.835945,2.9896044731140137,1.5507574081420898,0.9158163070678711,6.683673858642578,qmix,smacv2,protoss_5_vs_5,101,0.0
2418000,1208,2026-06-09T23:22:19.132543,3.2651145458221436,2.013634204864502,1.3864797353744507,9.581632614135742,qmix,smacv2,protoss_5_vs_5,101,0.0
2420000,1209,2026-06-09T23:25:28.467036,3.627614974975586,1.1513988971710205,1.7397959232330322,6.728316307067871,qmix,smacv2,protoss_5_vs_5,101,0.0
2422000,1210,2026-06-09T23:28:47.110351,3.6522955894470215,2.0740468502044678,0.6505101919174194,7.459183692932129,qmix,smacv2,protoss_5_vs_5,101,0.0
2424000,1211,2026-06-09T23:31:59.082403,3.551147937774658,1.5207096338272095,1.0969388484954834,5.806122303009033,qmix,smacv2,protoss_5_vs_5,101,0.0
2426000,1212,2026-06-09T23:35:11.833772,2.9822068214416504,1.4337791204452515,0.8775509595870972,5.663265228271484,qmix,smacv2,protoss_5_vs_5,101,0.0
2428000,1213,2026-06-09T23:38:28.357662,3.3523592948913574,1.8734924793243408,1.3061224222183228,8.040816307067871,qmix,smacv2,protoss_5_vs_5,101,0.0
2430000,1214,2026-06-09T23:41:47.282410,4.194005489349365,2.0550312995910645,1.459183692932129,8.710458755493164,qmix,smacv2,protoss_5_vs_5,101,0.0
2432000,1215,2026-06-09T23:44:52.619614,4.3462371826171875,1.9709540605545044,1.5803570747375488,8.673469543457031,qmix,smacv2,protoss_5_vs_5,101,0.0
2434000,1216,2026-06-09T23:47:55.598936,4.921428680419922,1.5544676780700684,2.019132614135742,8.051020622253418,qmix,smacv2,protoss_5_vs_5,101,0.0
2436000,1217,2026-06-09T23:51:05.318358,4.2048468589782715,2.0316624641418457,1.6811225414276123,8.896684646606445,qmix,smacv2,protoss_5_vs_5,101,0.0
2438000,1218,2026-06-09T23:54:14.240673,3.2318878173828125,1.8470878601074219,0.8979591131210327,7.36734676361084,qmix,smacv2,protoss_5_vs_5,101,0.0
2440000,1219,2026-06-09T23:57:50.027101,3.7714285850524902,2.43660044670105,1.4757652282714844,9.441327095031738,qmix,smacv2,protoss_5_vs_5,101,0.0
2442000,1220,2026-06-10T00:01:01.246243,3.5215556621551514,1.7149739265441895,1.0267857313156128,7.817602634429932,qmix,smacv2,protoss_5_vs_5,101,0.0
2444000,1221,2026-06-10T00:04:09.559094,3.483226776123047,2.603860378265381,0.5408163070678711,9.316326141357422,qmix,smacv2,protoss_5_vs_5,101,0.0
2446000,1222,2026-06-10T00:07:16.317237,3.8568873405456543,2.1055843830108643,1.4234694242477417,8.636479377746582,qmix,smacv2,protoss_5_vs_5,101,0.0
2448000,1223,2026-06-10T00:10:26.467331,3.3507657051086426,1.9248600006103516,1.2563775777816772,8.220663070678711,qmix,smacv2,protoss_5_vs_5,101,0.0
2450000,1224,2026-06-10T00:13:36.924793,4.51332950592041,3.1559698581695557,1.3227040767669678,14.489794731140137,qmix,smacv2,protoss_5_vs_5,101,0.05000000074505806
2452000,1225,2026-06-10T00:16:50.497471,3.3404335975646973,1.451524019241333,1.5242347717285156,7.163265228271484,qmix,smacv2,protoss_5_vs_5,101,0.0
2454000,1226,2026-06-10T00:20:08.298542,3.1941962242126465,1.776655912399292,1.2244898080825806,7.275510311126709,qmix,smacv2,protoss_5_vs_5,101,0.0
2456000,1227,2026-06-10T00:23:26.930297,3.803316831588745,2.116389274597168,1.0306122303009033,9.483417510986328,qmix,smacv2,protoss_5_vs_5,101,0.0
2458000,1228,2026-06-10T00:26:57.123927,3.2423465251922607,1.4488118886947632,0.9170917272567749,6.0714287757873535,qmix,smacv2,protoss_5_vs_5,101,0.0
2460000,1229,2026-06-10T00:30:23.568282,4.262819290161133,2.3056640625,1.2793368101119995,8.377551078796387,qmix,smacv2,protoss_5_vs_5,101,0.0
2462000,1230,2026-06-10T00:33:40.349287,3.402104616165161,2.047450542449951,1.0102040767669678,9.163265228271484,qmix,smacv2,protoss_5_vs_5,101,0.0
2464000,1231,2026-06-10T00:36:57.200931,3.4606502056121826,1.4731277227401733,1.2614796161651611,6.785714149475098,qmix,smacv2,protoss_5_vs_5,101,0.0
2466000,1232,2026-06-10T00:40:09.253237,3.3611607551574707,1.6938109397888184,1.2130101919174194,8.756377220153809,qmix,smacv2,protoss_5_vs_5,101,0.0
2468000,1233,2026-06-10T00:43:24.495888,3.4148597717285156,2.1900060176849365,1.2653061151504517,10.073979377746582,qmix,smacv2,protoss_5_vs_5,101,0.0
2470000,1234,2026-06-10T00:46:41.664080,2.687563896179199,1.1819370985031128,0.9668367505073547,5.559948921203613,qmix,smacv2,protoss_5_vs_5,101,0.0
2472000,1235,2026-06-10T00:49:56.412029,3.432589292526245,1.5724657773971558,1.6275508403778076,6.905611991882324,qmix,smacv2,protoss_5_vs_5,101,0.0
2474000,1236,2026-06-10T00:53:10.467571,3.3900513648986816,1.7636545896530151,1.2359695434570312,7.001275539398193,qmix,smacv2,protoss_5_vs_5,101,0.0
2476000,1237,2026-06-10T00:56:19.557634,3.2798469066619873,2.3197197914123535,0.7984694242477417,9.540815353393555,qmix,smacv2,protoss_5_vs_5,101,0.0
2478000,1238,2026-06-10T00:59:25.524561,3.8084819316864014,1.8821278810501099,1.6313775777816772,7.69515323638916,qmix,smacv2,protoss_5_vs_5,101,0.0
2480000,1239,2026-06-10T01:02:33.795144,3.0616071224212646,1.1907756328582764,1.3290815353393555,6.182398319244385,qmix,smacv2,protoss_5_vs_5,101,0.0
2482000,1240,2026-06-10T01:05:42.369309,4.152678489685059,2.5428402423858643,1.0676020383834839,9.420919418334961,qmix,smacv2,protoss_5_vs_5,101,0.0
2484000,1241,2026-06-10T01:08:46.859941,3.4145407676696777,2.2073917388916016,0.2448979616165161,7.801020622253418,qmix,smacv2,protoss_5_vs_5,101,0.0
2486000,1242,2026-06-10T01:11:50.739134,3.1424107551574707,1.5536905527114868,1.6734691858291626,7.719387054443359,qmix,smacv2,protoss_5_vs_5,101,0.0
2488000,1243,2026-06-10T01:14:54.104948,3.018749713897705,1.5798488855361938,1.3852040767669678,7.799745082855225,qmix,smacv2,protoss_5_vs_5,101,0.0
2490000,1244,2026-06-10T01:17:58.088295,3.4677295684814453,1.7433083057403564,1.0280611515045166,7.807397365570068,qmix,smacv2,protoss_5_vs_5,101,0.0
2492000,1245,2026-06-10T01:20:58.012106,4.167410850524902,1.8564704656600952,1.3737244606018066,8.39795970916748,qmix,smacv2,protoss_5_vs_5,101,0.0
2494000,1246,2026-06-10T01:23:57.536952,4.020791053771973,1.702393651008606,1.575255036354065,7.785714149475098,qmix,smacv2,protoss_5_vs_5,101,0.0
2496000,1247,2026-06-10T01:26:58.620740,3.32633900642395,1.6255524158477783,1.0382652282714844,7.330357551574707,qmix,smacv2,protoss_5_vs_5,101,0.0
2498000,1248,2026-06-10T01:30:01.837345,3.2573342323303223,1.987791895866394,1.4770407676696777,10.102041244506836,qmix,smacv2,protoss_5_vs_5,101,0.0
2500000,1249,2026-06-10T01:33:06.813339,4.157652854919434,2.0224831104278564,0.8163264989852905,7.327805995941162,qmix,smacv2,protoss_5_vs_5,101,0.0
2502000,1250,2026-06-10T01:36:06.544673,4.06447696685791,2.3359878063201904,1.0522959232330322,9.359692573547363,qmix,smacv2,protoss_5_vs_5,101,0.0
2504000,1251,2026-06-10T01:39:12.984307,3.0963010787963867,1.8821929693222046,0.7040815949440002,6.9272966384887695,qmix,smacv2,protoss_5_vs_5,101,0.0
2506000,1252,2026-06-10T01:42:20.439884,3.7200255393981934,2.1123578548431396,1.3125,7.710459232330322,qmix,smacv2,protoss_5_vs_5,101,0.0
2508000,1253,2026-06-10T01:45:38.316434,3.4129462242126465,2.1567916870117188,0.295918345451355,8.561223983764648,qmix,smacv2,protoss_5_vs_5,101,0.0
2510000,1254,2026-06-10T01:48:56.532000,4.057397842407227,2.056659460067749,1.396683692932129,8.438775062561035,qmix,smacv2,protoss_5_vs_5,101,0.0
2512000,1255,2026-06-10T01:51:55.663958,4.107908725738525,1.8825660943984985,1.7091834545135498,8.479592323303223,qmix,smacv2,protoss_5_vs_5,101,0.0
2514000,1256,2026-06-10T01:54:50.526409,5.093239784240723,2.8017141819000244,1.086734652519226,11.785715103149414,qmix,smacv2,protoss_5_vs_5,101,0.0
2516000,1257,2026-06-10T01:57:48.248226,3.739668607711792,1.9880692958831787,1.3622448444366455,7.969388008117676,qmix,smacv2,protoss_5_vs_5,101,0.0
2518000,1258,2026-06-10T02:00:41.760363,4.028571128845215,1.545844554901123,1.8813774585723877,6.979592323303223,qmix,smacv2,protoss_5_vs_5,101,0.0
2520000,1259,2026-06-10T02:03:34.376531,3.0547192096710205,1.4809839725494385,0.6530612707138062,5.673469066619873,qmix,smacv2,protoss_5_vs_5,101,0.0
2522000,1260,2026-06-10T02:06:35.989167,3.2455356121063232,1.8531510829925537,1.3316326141357422,8.520408630371094,qmix,smacv2,protoss_5_vs_5,101,0.0
2524000,1261,2026-06-10T02:09:33.615305,4.427742004394531,1.9310511350631714,1.1530612707138062,9.366071701049805,qmix,smacv2,protoss_5_vs_5,101,0.0
2526000,1262,2026-06-10T02:12:35.984898,3.5496177673339844,1.786531686782837,0.6505101919174194,7.312500953674316,qmix,smacv2,protoss_5_vs_5,101,0.0
2528000,1263,2026-06-10T02:15:36.369780,3.5403060913085938,1.2205089330673218,1.5484694242477417,5.948979377746582,qmix,smacv2,protoss_5_vs_5,101,0.0
2530000,1264,2026-06-10T02:18:42.855861,2.9419643878936768,1.522794485092163,0.5510203838348389,6.334183692932129,qmix,smacv2,protoss_5_vs_5,101,0.0
2532000,1265,2026-06-10T02:21:46.909154,2.8667726516723633,1.4976023435592651,1.0612244606018066,7.415815830230713,qmix,smacv2,protoss_5_vs_5,101,0.0
2534000,1266,2026-06-10T02:24:55.181006,3.65057373046875,2.0664327144622803,1.4387754201889038,9.470663070678711,qmix,smacv2,protoss_5_vs_5,101,0.0
2536000,1267,2026-06-10T02:28:02.640067,4.40242338180542,1.824880838394165,1.7334182262420654,7.735968589782715,qmix,smacv2,protoss_5_vs_5,101,0.0
2538000,1268,2026-06-10T02:31:20.959305,4.1289544105529785,1.9269731044769287,1.2512755393981934,7.80484676361084,qmix,smacv2,protoss_5_vs_5,101,0.0
2540000,1269,2026-06-10T02:34:39.166740,3.4932398796081543,2.172450304031372,1.2946428060531616,11.206632614135742,qmix,smacv2,protoss_5_vs_5,101,0.0
2542000,1270,2026-06-10T02:38:14.867595,3.346810817718506,1.4466803073883057,1.3367347717285156,6.857142448425293,qmix,smacv2,protoss_5_vs_5,101,0.0
2544000,1271,2026-06-10T02:41:50.289331,4.513392925262451,2.8714540004730225,1.3877549171447754,12.230868339538574,qmix,smacv2,protoss_5_vs_5,101,0.0
2546000,1272,2026-06-10T02:45:12.098315,4.23609733581543,2.4924232959747314,1.1224490404129028,9.267857551574707,qmix,smacv2,protoss_5_vs_5,101,0.0
2548000,1273,2026-06-10T02:48:42.137264,3.843494415283203,2.573328971862793,0.6530612111091614,12.653059959411621,qmix,smacv2,protoss_5_vs_5,101,0.05000000074505806
2550000,1274,2026-06-10T02:52:06.448751,3.4623725414276123,1.2537200450897217,1.5280611515045166,5.785714149475098,qmix,smacv2,protoss_5_vs_5,101,0.0
2552000,1275,2026-06-10T02:55:29.303005,3.723278045654297,1.589285969734192,1.561224341392517,8.447704315185547,qmix,smacv2,protoss_5_vs_5,101,0.0
2554000,1276,2026-06-10T02:58:43.753635,3.321938991546631,1.4215028285980225,1.0612244606018066,6.479592323303223,qmix,smacv2,protoss_5_vs_5,101,0.0
2556000,1277,2026-06-10T03:01:58.980702,3.608546495437622,1.4449760913848877,1.3137754201889038,6.122448921203613,qmix,smacv2,protoss_5_vs_5,101,0.0
2558000,1278,2026-06-10T03:05:16.689440,3.59987211227417,1.4042065143585205,1.4693877696990967,6.520407676696777,qmix,smacv2,protoss_5_vs_5,101,0.0
2560000,1279,2026-06-10T03:08:29.467313,3.418813705444336,2.5479655265808105,0.9757653474807739,9.357142448425293,qmix,smacv2,protoss_5_vs_5,101,0.0
2562000,1280,2026-06-10T03:11:42.356849,3.1880104541778564,1.7503163814544678,1.1262755393981934,8.825255393981934,qmix,smacv2,protoss_5_vs_5,101,0.0
2564000,1281,2026-06-10T03:14:54.863952,3.3472580909729004,1.8683828115463257,1.4285715818405151,9.326530456542969,qmix,smacv2,protoss_5_vs_5,101,0.0
2566000,1282,2026-06-10T03:18:10.786665,4.177615165710449,1.4944255352020264,0.9795918464660645,6.940051078796387,qmix,smacv2,protoss_5_vs_5,101,0.0
2568000,1283,2026-06-10T03:21:23.402496,3.6502552032470703,1.987130880355835,1.483418345451355,8.020408630371094,qmix,smacv2,protoss_5_vs_5,101,0.0
2570000,1284,2026-06-10T03:24:37.188029,3.557461977005005,1.8685442209243774,1.40816330909729,8.173469543457031,qmix,smacv2,protoss_5_vs_5,101,0.0
2572000,1285,2026-06-10T03:27:47.554508,3.1468749046325684,1.420664668083191,1.0,6.163265228271484,qmix,smacv2,protoss_5_vs_5,101,0.0
2574000,1286,2026-06-10T03:31:01.414848,3.4799742698669434,2.577728271484375,1.021683692932129,12.09949016571045,qmix,smacv2,protoss_5_vs_5,101,0.0
2576000,1287,2026-06-10T03:34:11.171912,3.44132661819458,1.5322837829589844,1.4107142686843872,6.18367338180542,qmix,smacv2,protoss_5_vs_5,101,0.0
2578000,1288,2026-06-10T03:37:22.636533,3.9434943199157715,2.0077149868011475,1.22066330909729,9.558673858642578,qmix,smacv2,protoss_5_vs_5,101,0.0
2580000,1289,2026-06-10T03:40:27.942521,3.123915910720825,1.9082269668579102,0.6632652878761292,7.244898319244385,qmix,smacv2,protoss_5_vs_5,101,0.0
2582000,1290,2026-06-10T03:43:36.462598,3.8972575664520264,1.884650468826294,1.5025510787963867,8.088010787963867,qmix,smacv2,protoss_5_vs_5,101,0.0
2584000,1291,2026-06-10T03:46:44.294947,2.9517219066619873,1.353386640548706,0.6632652878761292,5.690051555633545,qmix,smacv2,protoss_5_vs_5,101,0.0
2586000,1292,2026-06-10T03:49:54.854180,2.7636477947235107,1.6786596775054932,1.0510203838348389,6.942602634429932,qmix,smacv2,protoss_5_vs_5,101,0.0
2588000,1293,2026-06-10T03:52:58.147014,3.2105870246887207,2.181100845336914,1.09183669090271,9.530611991882324,qmix,smacv2,protoss_5_vs_5,101,0.0
2590000,1294,2026-06-10T03:56:04.004790,3.3116707801818848,1.6818517446517944,0.9744898080825806,6.422194480895996,qmix,smacv2,protoss_5_vs_5,101,0.0
2592000,1295,2026-06-10T03:59:08.283652,3.261033296585083,1.9243402481079102,0.8545918464660645,7.645407676696777,qmix,smacv2,protoss_5_vs_5,101,0.0
2594000,1296,2026-06-10T04:02:15.494595,3.571619749069214,2.1053850650787354,0.9285715222358704,10.285715103149414,qmix,smacv2,protoss_5_vs_5,101,0.0
2596000,1297,2026-06-10T04:05:20.221959,3.826211452484131,2.159595489501953,1.3150510787963867,9.061223983764648,qmix,smacv2,protoss_5_vs_5,101,0.0
2598000,1298,2026-06-10T04:08:24.767561,3.5825257301330566,1.8233067989349365,0.9897958636283875,8.03061294555664,qmix,smacv2,protoss_5_vs_5,101,0.0
2600000,1299,2026-06-10T04:11:34.056089,3.6442604064941406,1.6890079975128174,0.989795982837677,7.959183692932129,qmix,smacv2,protoss_5_vs_5,101,0.0
2602000,1300,2026-06-10T04:14:45.881613,2.8477041721343994,1.2161777019500732,1.3431123495101929,6.551020622253418,qmix,smacv2,protoss_5_vs_5,101,0.0
2604000,1301,2026-06-10T04:17:59.597140,3.883800983428955,2.3322198390960693,0.7346938848495483,9.915816307067871,qmix,smacv2,protoss_5_vs_5,101,0.0
2606000,1302,2026-06-10T04:21:12.530783,4.508290767669678,1.9703218936920166,1.957908272743225,9.428571701049805,qmix,smacv2,protoss_5_vs_5,101,0.0
2608000,1303,2026-06-10T04:24:21.430197,2.793750286102295,1.0348882675170898,0.9770407676696777,5.420917987823486,qmix,smacv2,protoss_5_vs_5,101,0.0
2610000,1304,2026-06-10T04:27:30.120470,4.354273319244385,1.9779690504074097,1.5306122303009033,8.660714149475098,qmix,smacv2,protoss_5_vs_5,101,0.0
2612000,1305,2026-06-10T04:30:42.362759,3.6533799171447754,2.1235427856445312,0.0,8.307397842407227,qmix,smacv2,protoss_5_vs_5,101,0.0
2614000,1306,2026-06-10T04:33:52.096255,2.9833545684814453,1.942020058631897,0.9770408868789673,7.515305995941162,qmix,smacv2,protoss_5_vs_5,101,0.0
2616000,1307,2026-06-10T04:36:52.704876,3.6576530933380127,2.3436732292175293,0.9821428060531616,8.264030456542969,qmix,smacv2,protoss_5_vs_5,101,0.0
2618000,1308,2026-06-10T04:39:58.909517,2.73246169090271,1.019516110420227,1.141581654548645,4.764031410217285,qmix,smacv2,protoss_5_vs_5,101,0.0
2620000,1309,2026-06-10T04:43:11.578023,3.1753828525543213,2.21258282661438,1.1607141494750977,10.538265228271484,qmix,smacv2,protoss_5_vs_5,101,0.0
2622000,1310,2026-06-10T04:46:18.089754,3.143558979034424,2.0148749351501465,0.9451530575752258,6.783163547515869,qmix,smacv2,protoss_5_vs_5,101,0.0
2624000,1311,2026-06-10T04:49:26.633673,3.276977062225342,1.4016684293746948,1.2142857313156128,5.6530609130859375,qmix,smacv2,protoss_5_vs_5,101,0.0
2626000,1312,2026-06-10T04:52:37.315140,3.1675381660461426,1.6094841957092285,0.16326530277729034,6.607142448425293,qmix,smacv2,protoss_5_vs_5,101,0.0
2628000,1313,2026-06-10T04:55:49.833759,4.287755012512207,2.775904893875122,0.8609693646430969,10.051020622253418,qmix,smacv2,protoss_5_vs_5,101,0.0
2630000,1314,2026-06-10T04:59:03.864839,4.053889751434326,2.4422554969787598,1.0714285373687744,10.014030456542969,qmix,smacv2,protoss_5_vs_5,101,0.0
2632000,1315,2026-06-10T05:02:15.385853,3.1103951930999756,1.4256864786148071,1.28316330909729,6.724490165710449,qmix,smacv2,protoss_5_vs_5,101,0.0
2634000,1316,2026-06-10T05:05:26.322412,3.401211977005005,1.7382638454437256,0.714285671710968,6.5969390869140625,qmix,smacv2,protoss_5_vs_5,101,0.0
2636000,1317,2026-06-10T05:08:38.986895,3.7181124687194824,1.955321192741394,1.2755101919174194,7.963009834289551,qmix,smacv2,protoss_5_vs_5,101,0.0
2638000,1318,2026-06-10T05:11:53.685116,3.454272508621216,1.8041714429855347,0.9604591131210327,7.246172904968262,qmix,smacv2,protoss_5_vs_5,101,0.0
2640000,1319,2026-06-10T05:15:08.077757,3.480229139328003,1.3383276462554932,1.3571428060531616,6.989795684814453,qmix,smacv2,protoss_5_vs_5,101,0.0
2642000,1320,2026-06-10T05:18:18.434146,3.7131378650665283,2.2529098987579346,0.9081632494926453,11.0,qmix,smacv2,protoss_5_vs_5,101,0.0
2644000,1321,2026-06-10T05:21:34.784161,3.0714921951293945,1.657946228981018,0.6428571343421936,6.25382661819458,qmix,smacv2,protoss_5_vs_5,101,0.0
2646000,1322,2026-06-10T05:24:44.583328,3.665114641189575,1.9412662982940674,1.3673468828201294,7.789540767669678,qmix,smacv2,protoss_5_vs_5,101,0.0
2648000,1323,2026-06-10T05:27:51.170814,3.302678346633911,2.393772840499878,1.1530611515045166,11.088010787963867,qmix,smacv2,protoss_5_vs_5,101,0.0
2650000,1324,2026-06-10T05:31:01.473971,3.0492987632751465,0.9764697551727295,1.626275658607483,5.831632614135742,qmix,smacv2,protoss_5_vs_5,101,0.0
2652000,1325,2026-06-10T05:34:12.477284,4.029655456542969,2.6140990257263184,1.2551020383834839,10.446429252624512,qmix,smacv2,protoss_5_vs_5,101,0.0
2654000,1326,2026-06-10T05:37:25.347079,3.504974365234375,1.3538641929626465,1.6135203838348389,6.36734676361084,qmix,smacv2,protoss_5_vs_5,101,0.0
2656000,1327,2026-06-10T05:40:31.988926,3.0771684646606445,1.8774571418762207,1.304847002029419,7.771684169769287,qmix,smacv2,protoss_5_vs_5,101,0.0
2658000,1328,2026-06-10T05:43:40.198343,3.6899235248565674,2.0338501930236816,1.1951531171798706,8.96045970916748,qmix,smacv2,protoss_5_vs_5,101,0.0
2660000,1329,2026-06-10T05:46:41.104709,3.089604377746582,1.5759532451629639,0.8979591131210327,6.966835975646973,qmix,smacv2,protoss_5_vs_5,101,0.0
2662000,1330,2026-06-10T05:49:43.145785,3.5371806621551514,1.6416229009628296,0.8265306353569031,6.905611991882324,qmix,smacv2,protoss_5_vs_5,101,0.0
2664000,1331,2026-06-10T05:52:44.753769,3.3681118488311768,2.065678358078003,1.4183672666549683,8.239795684814453,qmix,smacv2,protoss_5_vs_5,101,0.0
2666000,1332,2026-06-10T05:55:52.268455,3.248533248901367,1.9525223970413208,1.3647959232330322,8.577805519104004,qmix,smacv2,protoss_5_vs_5,101,0.0
2668000,1333,2026-06-10T05:59:04.586652,3.538775682449341,2.4827520847320557,1.0854592323303223,11.697704315185547,qmix,smacv2,protoss_5_vs_5,101,0.0
2670000,1334,2026-06-10T06:02:12.802076,3.2947068214416504,2.0314669609069824,0.9489795565605164,8.15050983428955,qmix,smacv2,protoss_5_vs_5,101,0.0
2672000,1335,2026-06-10T06:05:26.855574,3.1469388008117676,1.4130704402923584,0.8367346525192261,5.642857074737549,qmix,smacv2,protoss_5_vs_5,101,0.0
2674000,1336,2026-06-10T06:08:35.343229,3.060905694961548,1.5005755424499512,1.2908161878585815,6.313776016235352,qmix,smacv2,protoss_5_vs_5,101,0.0
2676000,1337,2026-06-10T06:11:51.773182,3.801403522491455,1.5950920581817627,1.3673468828201294,7.36734676361084,qmix,smacv2,protoss_5_vs_5,101,0.0
2678000,1338,2026-06-10T06:15:07.668449,3.7867348194122314,2.1054484844207764,0.7933674454689026,8.566327095031738,qmix,smacv2,protoss_5_vs_5,101,0.0
2680000,1339,2026-06-10T06:18:25.390332,3.785459041595459,1.501535415649414,1.9068877696990967,6.367347240447998,qmix,smacv2,protoss_5_vs_5,101,0.0
2682000,1340,2026-06-10T06:21:39.408517,3.2315051555633545,1.438514232635498,0.6823979020118713,5.877551078796387,qmix,smacv2,protoss_5_vs_5,101,0.0
2684000,1341,2026-06-10T06:25:03.691492,3.9742989540100098,1.930026888847351,1.6403061151504517,8.51530647277832,qmix,smacv2,protoss_5_vs_5,101,0.0
2686000,1342,2026-06-10T06:28:21.057304,3.7311222553253174,1.3666167259216309,1.5522960424423218,6.969388008117676,qmix,smacv2,protoss_5_vs_5,101,0.0
2688000,1343,2026-06-10T06:31:35.789505,3.3583545684814453,1.5644147396087646,1.575255036354065,7.353316307067871,qmix,smacv2,protoss_5_vs_5,101,0.0
2690000,1344,2026-06-10T06:34:46.740512,2.7738518714904785,1.24949049949646,0.9591836929321289,5.05867338180542,qmix,smacv2,protoss_5_vs_5,101,0.0
2692000,1345,2026-06-10T06:37:59.754471,3.7607147693634033,1.7208869457244873,0.795918345451355,6.908163547515869,qmix,smacv2,protoss_5_vs_5,101,0.0
2694000,1346,2026-06-10T06:41:14.280548,3.3939411640167236,2.156015157699585,0.4897959232330322,8.956632614135742,qmix,smacv2,protoss_5_vs_5,101,0.0
2696000,1347,2026-06-10T06:44:24.734039,3.0572705268859863,1.5040186643600464,1.1275509595870972,7.387754917144775,qmix,smacv2,protoss_5_vs_5,101,0.0
2698000,1348,2026-06-10T06:47:33.052783,4.604145050048828,2.2698991298675537,1.4030612707138062,9.010204315185547,qmix,smacv2,protoss_5_vs_5,101,0.0
2700000,1349,2026-06-10T06:50:58.219045,3.2902424335479736,1.4154704809188843,1.0714285373687744,6.040816307067871,qmix,smacv2,protoss_5_vs_5,101,0.0
2702000,1350,2026-06-10T06:54:09.185790,3.2809948921203613,1.8841824531555176,1.4885203838348389,9.340561866760254,qmix,smacv2,protoss_5_vs_5,101,0.0
2704000,1351,2026-06-10T06:57:30.013546,3.7265942096710205,3.11527943611145,0.18367347121238708,15.306123733520508,qmix,smacv2,protoss_5_vs_5,101,0.05000000074505806
2706000,1352,2026-06-10T07:00:48.869893,2.586160898208618,1.4501124620437622,1.1428570747375488,6.183673858642578,qmix,smacv2,protoss_5_vs_5,101,0.0
2708000,1353,2026-06-10T07:04:07.054368,3.505675792694092,1.7336125373840332,1.3890304565429688,7.8558669090271,qmix,smacv2,protoss_5_vs_5,101,0.0
2710000,1354,2026-06-10T07:07:19.677847,3.6660075187683105,1.7932231426239014,0.9770407676696777,8.376276016235352,qmix,smacv2,protoss_5_vs_5,101,0.0
2712000,1355,2026-06-10T07:10:43.921247,3.604081392288208,3.0575082302093506,1.75,14.285715103149414,qmix,smacv2,protoss_5_vs_5,101,0.0
2714000,1356,2026-06-10T07:14:06.851485,3.36932373046875,2.1075093746185303,0.9285714030265808,8.112245559692383,qmix,smacv2,protoss_5_vs_5,101,0.0
2716000,1357,2026-06-10T07:17:19.815372,2.421492338180542,1.5808374881744385,0.6938775777816772,6.0765299797058105,qmix,smacv2,protoss_5_vs_5,101,0.0
2718000,1358,2026-06-10T07:20:31.675379,3.226785659790039,1.3780384063720703,1.367347002029419,6.276785373687744,qmix,smacv2,protoss_5_vs_5,101,0.0
2720000,1359,2026-06-10T07:23:35.556671,3.7117984294891357,2.1930036544799805,0.8469387292861938,8.627551078796387,qmix,smacv2,protoss_5_vs_5,101,0.0
2722000,1360,2026-06-10T07:26:45.069175,2.692091703414917,0.9120442271232605,1.2933672666549683,4.602040767669678,qmix,smacv2,protoss_5_vs_5,101,0.0
2724000,1361,2026-06-10T07:30:03.320032,3.8698978424072266,2.791996955871582,1.2691326141357422,10.889031410217285,qmix,smacv2,protoss_5_vs_5,101,0.0
2726000,1362,2026-06-10T07:33:12.376936,3.4579720497131348,1.5721144676208496,1.7716834545135498,7.091837406158447,qmix,smacv2,protoss_5_vs_5,101,0.0
2728000,1363,2026-06-10T07:36:25.115949,4.166645050048828,1.998827338218689,1.408163070678711,9.336734771728516,qmix,smacv2,protoss_5_vs_5,101,0.0
2730000,1364,2026-06-10T07:39:31.533867,3.9121811389923096,1.5688153505325317,1.553571343421936,7.3558669090271,qmix,smacv2,protoss_5_vs_5,101,0.0
2732000,1365,2026-06-10T07:42:37.295889,3.458099365234375,1.4794944524765015,1.5114796161651611,6.182397842407227,qmix,smacv2,protoss_5_vs_5,101,0.0
2734000,1366,2026-06-10T07:45:44.520906,4.264412879943848,2.304623603820801,1.5510203838348389,8.95535659790039,qmix,smacv2,protoss_5_vs_5,101,0.0
2736000,1367,2026-06-10T07:48:49.468007,3.139413356781006,1.4921420812606812,1.366071343421936,6.734694004058838,qmix,smacv2,protoss_5_vs_5,101,0.0
2738000,1368,2026-06-10T07:51:55.802469,3.0093750953674316,1.831344485282898,0.9795917272567749,6.8660712242126465,qmix,smacv2,protoss_5_vs_5,101,0.0
2740000,1369,2026-06-10T07:55:03.805851,3.1313138008117676,1.8510215282440186,0.6734693646430969,7.788265228271484,qmix,smacv2,protoss_5_vs_5,101,0.0
2742000,1370,2026-06-10T07:58:12.690577,3.519069194793701,1.863293170928955,0.9387755393981934,7.448979377746582,qmix,smacv2,protoss_5_vs_5,101,0.0
2744000,1371,2026-06-10T08:01:28.989304,2.3573977947235107,1.0035631656646729,1.0816327333450317,4.697704315185547,qmix,smacv2,protoss_5_vs_5,101,0.0
2746000,1372,2026-06-10T08:04:36.765006,3.387946605682373,1.6916738748550415,1.4681122303009033,8.10204029083252,qmix,smacv2,protoss_5_vs_5,101,0.0
2748000,1373,2026-06-10T08:07:50.153835,3.0535714626312256,1.2591685056686401,1.0612244606018066,5.838010311126709,qmix,smacv2,protoss_5_vs_5,101,0.0
2750000,1374,2026-06-10T08:11:01.532441,4.54655647277832,2.4230477809906006,1.6122448444366455,10.012755393981934,qmix,smacv2,protoss_5_vs_5,101,0.0
2752000,1375,2026-06-10T08:14:14.738443,3.1926658153533936,1.8121346235275269,0.8954081535339355,8.415816307067871,qmix,smacv2,protoss_5_vs_5,101,0.0
2754000,1376,2026-06-10T08:17:19.744864,3.4795279502868652,2.063852548599243,1.2755100727081299,7.480868339538574,qmix,smacv2,protoss_5_vs_5,101,0.0
2756000,1377,2026-06-10T08:20:28.289762,4.289795875549316,2.4387826919555664,1.928571343421936,12.323980331420898,qmix,smacv2,protoss_5_vs_5,101,0.05000000074505806
2758000,1378,2026-06-10T08:23:34.270295,4.020535469055176,1.8265736103057861,1.4183673858642578,8.102041244506836,qmix,smacv2,protoss_5_vs_5,101,0.0
2760000,1379,2026-06-10T08:26:45.737042,3.457397937774658,1.3058176040649414,0.8775509595870972,6.350765228271484,qmix,smacv2,protoss_5_vs_5,101,0.0
2762000,1380,2026-06-10T08:30:02.333848,3.6035075187683105,2.1389689445495605,0.9591835737228394,10.089284896850586,qmix,smacv2,protoss_5_vs_5,101,0.0
2764000,1381,2026-06-10T08:33:10.520308,4.199999809265137,1.909678339958191,1.6364796161651611,8.568877220153809,qmix,smacv2,protoss_5_vs_5,101,0.0
2766000,1382,2026-06-10T08:36:12.014982,3.7007014751434326,2.376927137374878,0.9183672666549683,8.950255393981934,qmix,smacv2,protoss_5_vs_5,101,0.0
2768000,1383,2026-06-10T08:39:09.181855,3.0001914501190186,1.3297845125198364,1.3673468828201294,5.991071701049805,qmix,smacv2,protoss_5_vs_5,101,0.0
2770000,1384,2026-06-10T08:42:13.464898,3.83373761177063,3.0280399322509766,1.4540815353393555,14.285715103149414,qmix,smacv2,protoss_5_vs_5,101,0.05000000074505806
2772000,1385,2026-06-10T08:45:22.508406,2.919132709503174,1.7208844423294067,1.1875,7.110968589782715,qmix,smacv2,protoss_5_vs_5,101,0.0
2774000,1386,2026-06-10T08:48:32.336174,3.0938775539398193,1.753142237663269,1.0612244606018066,7.764031410217285,qmix,smacv2,protoss_5_vs_5,101,0.0
2776000,1387,2026-06-10T08:51:43.566654,3.1491072177886963,1.2805588245391846,1.3571429252624512,6.415816307067871,qmix,smacv2,protoss_5_vs_5,101,0.0
2778000,1388,2026-06-10T08:54:57.724087,3.3496174812316895,1.586103081703186,0.9681121706962585,6.6147966384887695,qmix,smacv2,protoss_5_vs_5,101,0.0
2780000,1389,2026-06-10T08:58:07.482019,3.7651782035827637,1.762791633605957,1.2436225414276123,7.063775539398193,qmix,smacv2,protoss_5_vs_5,101,0.0
2782000,1390,2026-06-10T09:01:20.539177,2.903507709503174,1.5128644704818726,0.9234693646430969,5.873723983764648,qmix,smacv2,protoss_5_vs_5,101,0.0
2784000,1391,2026-06-10T09:04:28.212750,2.806058406829834,1.691502332687378,0.5038264989852905,6.832907676696777,qmix,smacv2,protoss_5_vs_5,101,0.0
2786000,1392,2026-06-10T09:07:40.292479,3.356250047683716,2.174459934234619,0.9910715222358704,7.815051078796387,qmix,smacv2,protoss_5_vs_5,101,0.0
2788000,1393,2026-06-10T09:10:57.896347,3.481313705444336,2.228053569793701,0.8469387888908386,9.030611991882324,qmix,smacv2,protoss_5_vs_5,101,0.0
2790000,1394,2026-06-10T09:14:07.495020,2.8675384521484375,1.484947919845581,1.1020407676696777,6.040815830230713,qmix,smacv2,protoss_5_vs_5,101,0.0
2792000,1395,2026-06-10T09:17:20.338874,3.6170921325683594,1.8780540227890015,1.6147959232330322,9.279336929321289,qmix,smacv2,protoss_5_vs_5,101,0.0
2794000,1396,2026-06-10T09:20:35.086624,3.379209041595459,1.6134082078933716,1.3469388484954834,7.8469390869140625,qmix,smacv2,protoss_5_vs_5,101,0.0
2796000,1397,2026-06-10T09:23:54.448671,2.803762435913086,1.3774361610412598,0.8877550959587097,5.806122779846191,qmix,smacv2,protoss_5_vs_5,101,0.0
2798000,1398,2026-06-10T09:27:08.542393,3.4445788860321045,1.5539849996566772,1.3086735010147095,7.401785373687744,qmix,smacv2,protoss_5_vs_5,101,0.0
2800000,1399,2026-06-10T09:30:23.888181,3.0995535850524902,1.7917113304138184,0.5,7.102040767669678,qmix,smacv2,protoss_5_vs_5,101,0.0
2802000,1400,2026-06-10T09:33:36.188841,3.7653064727783203,1.970656156539917,1.1020407676696777,7.756377220153809,qmix,smacv2,protoss_5_vs_5,101,0.0
2804000,1401,2026-06-10T09:36:51.674776,3.3519134521484375,1.6614899635314941,1.1288264989852905,7.154337406158447,qmix,smacv2,protoss_5_vs_5,101,0.0
2806000,1402,2026-06-10T09:40:00.517928,2.9606504440307617,1.6225637197494507,0.9183672666549683,6.9094390869140625,qmix,smacv2,protoss_5_vs_5,101,0.0
2808000,1403,2026-06-10T09:43:03.736085,3.3709182739257812,1.7644307613372803,0.7984694242477417,8.010204315185547,qmix,smacv2,protoss_5_vs_5,101,0.0
2810000,1404,2026-06-10T09:46:15.226959,3.519834518432617,1.7346718311309814,1.3635203838348389,7.049745082855225,qmix,smacv2,protoss_5_vs_5,101,0.0
2812000,1405,2026-06-10T09:49:25.361407,3.3998725414276123,1.8944473266601562,0.8954081535339355,8.612244606018066,qmix,smacv2,protoss_5_vs_5,101,0.0
2814000,1406,2026-06-10T09:52:36.815377,3.082270622253418,1.8945361375808716,0.5612244606018066,8.255102157592773,qmix,smacv2,protoss_5_vs_5,101,0.0
2816000,1407,2026-06-10T09:55:51.176427,3.3751273155212402,2.428011417388916,0.9489795565605164,12.591836929321289,qmix,smacv2,protoss_5_vs_5,101,0.05000000074505806
2818000,1408,2026-06-10T09:59:05.206480,3.145280599594116,1.9537378549575806,0.8954081535339355,8.875,qmix,smacv2,protoss_5_vs_5,101,0.0
2820000,1409,2026-06-10T10:02:23.099617,3.820025682449341,1.443725824356079,1.1020407676696777,5.954082012176514,qmix,smacv2,protoss_5_vs_5,101,0.0
2822000,1410,2026-06-10T10:05:53.243768,3.0798468589782715,2.419735908508301,0.8469387292861938,8.23469352722168,qmix,smacv2,protoss_5_vs_5,101,0.0
2824000,1411,2026-06-10T10:09:13.008475,2.7529335021972656,1.7236411571502686,1.02933669090271,8.255102157592773,qmix,smacv2,protoss_5_vs_5,101,0.0
2826000,1412,2026-06-10T10:12:32.158260,3.8678574562072754,2.188248872756958,1.1415815353393555,8.283163070678711,qmix,smacv2,protoss_5_vs_5,101,0.0
2828000,1413,2026-06-10T10:15:47.514236,3.932589054107666,1.797493815422058,1.2806122303009033,7.406888008117676,qmix,smacv2,protoss_5_vs_5,101,0.0
2830000,1414,2026-06-10T10:18:59.322695,3.6603317260742188,2.2381742000579834,0.5612244606018066,9.36734676361084,qmix,smacv2,protoss_5_vs_5,101,0.0
2832000,1415,2026-06-10T10:22:06.005725,2.690561294555664,1.2642765045166016,1.0063774585723877,5.285714149475098,qmix,smacv2,protoss_5_vs_5,101,0.0
2834000,1416,2026-06-10T10:25:14.165284,3.6887118816375732,1.897025227546692,1.1734694242477417,7.977040767669678,qmix,smacv2,protoss_5_vs_5,101,0.0
2836000,1417,2026-06-10T10:28:18.752198,4.161224842071533,2.175581693649292,1.0191326141357422,8.132654190063477,qmix,smacv2,protoss_5_vs_5,101,0.0
2838000,1418,2026-06-10T10:31:23.087058,2.491645336151123,1.0562782287597656,0.6224489212036133,4.897959232330322,qmix,smacv2,protoss_5_vs_5,101,0.0
2840000,1419,2026-06-10T10:34:28.870128,3.244324207305908,1.9022014141082764,1.0,7.8647966384887695,qmix,smacv2,protoss_5_vs_5,101,0.0
2842000,1420,2026-06-10T10:37:37.715821,3.593303680419922,1.772848129272461,1.040816307067871,7.413265228271484,qmix,smacv2,protoss_5_vs_5,101,0.0
2844000,1421,2026-06-10T10:40:39.745926,4.696364879608154,2.615229368209839,1.242347002029419,11.34949016571045,qmix,smacv2,protoss_5_vs_5,101,0.0
2846000,1422,2026-06-10T10:43:44.485716,3.3188138008117676,1.9466094970703125,0.8533163070678711,8.459183692932129,qmix,smacv2,protoss_5_vs_5,101,0.0
2848000,1423,2026-06-10T10:46:44.756128,3.45918345451355,1.783779263496399,1.383928656578064,8.063776016235352,qmix,smacv2,protoss_5_vs_5,101,0.0
2850000,1424,2026-06-10T10:49:49.717344,3.839158296585083,1.9494266510009766,1.1556122303009033,7.640305995941162,qmix,smacv2,protoss_5_vs_5,101,0.0
2852000,1425,2026-06-10T10:52:56.156179,3.253380298614502,1.8486963510513306,1.3137754201889038,7.795918941497803,qmix,smacv2,protoss_5_vs_5,101,0.0
2854000,1426,2026-06-10T10:56:06.024775,3.3980228900909424,2.0250794887542725,1.09183669090271,10.508928298950195,qmix,smacv2,protoss_5_vs_5,101,0.0
2856000,1427,2026-06-10T10:59:19.322302,3.6228318214416504,2.0423007011413574,1.1938774585723877,7.626275539398193,qmix,smacv2,protoss_5_vs_5,101,0.0
2858000,1428,2026-06-10T11:02:34.919969,4.501913547515869,2.380704641342163,1.5433673858642578,11.602041244506836,qmix,smacv2,protoss_5_vs_5,101,0.0
2860000,1429,2026-06-10T11:05:55.108204,3.5677294731140137,2.2902088165283203,0.6900510191917419,11.246173858642578,qmix,smacv2,protoss_5_vs_5,101,0.0
2862000,1430,2026-06-10T11:09:20.741372,3.527104139328003,1.7857557535171509,1.1632652282714844,6.910714626312256,qmix,smacv2,protoss_5_vs_5,101,0.0
2864000,1431,2026-06-10T11:12:42.008128,3.405867338180542,1.8319790363311768,1.0063774585723877,6.834183692932129,qmix,smacv2,protoss_5_vs_5,101,0.0
2866000,1432,2026-06-10T11:15:55.726670,3.909693956375122,1.698324203491211,1.3877549171447754,7.2729597091674805,qmix,smacv2,protoss_5_vs_5,101,0.0
2868000,1433,2026-06-10T11:19:17.183778,2.857844352722168,1.589969515800476,1.1007652282714844,6.775510311126709,qmix,smacv2,protoss_5_vs_5,101,0.0
2870000,1434,2026-06-10T11:22:30.133891,3.52946400642395,1.7402899265289307,0.8571428060531616,7.506378173828125,qmix,smacv2,protoss_5_vs_5,101,0.0
2872000,1435,2026-06-10T11:25:50.264388,3.1323981285095215,2.126265048980713,0.8877550363540649,10.220664024353027,qmix,smacv2,protoss_5_vs_5,101,0.0
2874000,1436,2026-06-10T11:29:08.993326,3.2300381660461426,1.5228121280670166,1.3571429252624512,6.573979377746582,qmix,smacv2,protoss_5_vs_5,101,0.0
2876000,1437,2026-06-10T11:32:28.462734,2.4765307903289795,1.5942076444625854,0.6122449040412903,6.938775539398193,qmix,smacv2,protoss_5_vs_5,101,0.0
2878000,1438,2026-06-10T11:35:41.958333,3.4533164501190186,2.0792129039764404,1.303571343421936,8.306121826171875,qmix,smacv2,protoss_5_vs_5,101,0.0
2880000,1439,2026-06-10T11:38:58.819445,3.0139667987823486,1.570892572402954,1.0522959232330322,6.155612468719482,qmix,smacv2,protoss_5_vs_5,101,0.0
2882000,1440,2026-06-10T11:42:11.891185,3.9863522052764893,2.3569841384887695,0.8979592323303223,9.450255393981934,qmix,smacv2,protoss_5_vs_5,101,0.0
2884000,1441,2026-06-10T11:45:29.798705,2.418941020965576,1.3901851177215576,0.0,4.969388008117676,qmix,smacv2,protoss_5_vs_5,101,0.0
2886000,1442,2026-06-10T11:48:34.728670,3.730931043624878,1.8468263149261475,1.2704081535339355,8.204081535339355,qmix,smacv2,protoss_5_vs_5,101,0.0
2888000,1443,2026-06-10T11:51:39.791402,3.4708545207977295,1.390527606010437,0.9387755393981934,6.369897842407227,qmix,smacv2,protoss_5_vs_5,101,0.0
2890000,1444,2026-06-10T11:54:45.247666,3.8885841369628906,1.7194970846176147,1.3431123495101929,8.468111991882324,qmix,smacv2,protoss_5_vs_5,101,0.0
2892000,1445,2026-06-10T11:57:46.287071,2.9833548069000244,1.6154423952102661,0.5408163070678711,6.204082489013672,qmix,smacv2,protoss_5_vs_5,101,0.0
2894000,1446,2026-06-10T12:00:49.008830,3.8321430683135986,1.882871389389038,1.8788264989852905,8.989795684814453,qmix,smacv2,protoss_5_vs_5,101,0.0
2896000,1447,2026-06-10T12:03:55.882826,4.88067626953125,2.062499761581421,1.4081634283065796,7.852041721343994,qmix,smacv2,protoss_5_vs_5,101,0.0
2898000,1448,2026-06-10T12:07:04.368551,3.8180480003356934,1.793326735496521,1.1122448444366455,9.31760311126709,qmix,smacv2,protoss_5_vs_5,101,0.0
2900000,1449,2026-06-10T12:10:09.929764,3.609694004058838,1.7302253246307373,1.5395407676696777,8.561225891113281,qmix,smacv2,protoss_5_vs_5,101,0.0
2902000,1450,2026-06-10T12:13:15.548912,2.3165814876556396,0.8065365552902222,1.0127551555633545,4.081632614135742,qmix,smacv2,protoss_5_vs_5,101,0.0
2904000,1451,2026-06-10T12:16:18.834494,3.397066593170166,1.8240272998809814,1.8354589939117432,9.381378173828125,qmix,smacv2,protoss_5_vs_5,101,0.0
2906000,1452,2026-06-10T12:19:30.691921,4.017729759216309,2.3465912342071533,1.336734652519226,9.123723983764648,qmix,smacv2,protoss_5_vs_5,101,0.0
2908000,1453,2026-06-10T12:22:34.714633,4.089158058166504,3.5287415981292725,1.0102040767669678,16.377552032470703,qmix,smacv2,protoss_5_vs_5,101,0.05000000074505806
2910000,1454,2026-06-10T12:25:41.349831,4.261352062225342,2.172339677810669,1.8252551555633545,9.821428298950195,qmix,smacv2,protoss_5_vs_5,101,0.0
2912000,1455,2026-06-10T12:28:50.113332,3.5515308380126953,2.134679079055786,1.288265347480774,8.854592323303223,qmix,smacv2,protoss_5_vs_5,101,0.0
2914000,1456,2026-06-10T12:32:06.558387,3.3691964149475098,1.6598142385482788,1.1288264989852905,6.697704315185547,qmix,smacv2,protoss_5_vs_5,101,0.0
2916000,1457,2026-06-10T12:35:24.511040,3.4402427673339844,2.374718427658081,1.3035714626312256,10.086736679077148,qmix,smacv2,protoss_5_vs_5,101,0.0
2918000,1458,2026-06-10T12:38:42.957723,2.6705996990203857,1.2653673887252808,1.2551019191741943,5.714285850524902,qmix,smacv2,protoss_5_vs_5,101,0.0
2920000,1459,2026-06-10T12:42:01.511142,4.098405361175537,2.0915067195892334,1.6198980808258057,8.88265323638916,qmix,smacv2,protoss_5_vs_5,101,0.0
2922000,1460,2026-06-10T12:45:22.402211,4.007589340209961,2.644028663635254,1.0063774585723877,9.80229663848877,qmix,smacv2,protoss_5_vs_5,101,0.0
2924000,1461,2026-06-10T12:48:42.402428,2.6999998092651367,1.347718358039856,1.1836735010147095,6.6594390869140625,qmix,smacv2,protoss_5_vs_5,101,0.0
2926000,1462,2026-06-10T12:51:58.332203,3.1720664501190186,1.5628196001052856,1.1020407676696777,6.877551078796387,qmix,smacv2,protoss_5_vs_5,101,0.0
2928000,1463,2026-06-10T12:55:18.538476,3.5318877696990967,2.1483657360076904,0.2448979616165161,7.908163547515869,qmix,smacv2,protoss_5_vs_5,101,0.0
2930000,1464,2026-06-10T12:58:35.721409,3.5967471599578857,1.9939762353897095,1.0931122303009033,8.071428298950195,qmix,smacv2,protoss_5_vs_5,101,0.0
2932000,1465,2026-06-10T13:01:55.091278,3.3554210662841797,1.5766433477401733,1.2244898080825806,6.479592323303223,qmix,smacv2,protoss_5_vs_5,101,0.0
2934000,1466,2026-06-10T13:05:20.745569,3.1481504440307617,2.4674887657165527,1.0076531171798706,10.020408630371094,qmix,smacv2,protoss_5_vs_5,101,0.0
2936000,1467,2026-06-10T13:08:38.097665,4.3790178298950195,2.8558340072631836,1.2551019191741943,10.823979377746582,qmix,smacv2,protoss_5_vs_5,101,0.0
2938000,1468,2026-06-10T13:11:55.000667,3.3945155143737793,1.843760371208191,0.8979591131210327,8.53699016571045,qmix,smacv2,protoss_5_vs_5,101,0.0
2940000,1469,2026-06-10T13:15:18.010591,4.570727348327637,2.494391679763794,1.2895408868789673,9.204081535339355,qmix,smacv2,protoss_5_vs_5,101,0.0
2942000,1470,2026-06-10T13:18:35.946549,3.2570788860321045,1.719665288925171,1.1505101919174194,6.952805995941162,qmix,smacv2,protoss_5_vs_5,101,0.0
2944000,1471,2026-06-10T13:21:51.276457,3.5831634998321533,2.03485369682312,0.8954081535339355,7.713009834289551,qmix,smacv2,protoss_5_vs_5,101,0.0
2946000,1472,2026-06-10T13:25:05.959787,3.6044647693634033,1.823285698890686,1.1670918464660645,7.969388008117676,qmix,smacv2,protoss_5_vs_5,101,0.0
2948000,1473,2026-06-10T13:28:42.000336,3.637563705444336,2.3005013465881348,1.1696428060531616,11.806122779846191,qmix,smacv2,protoss_5_vs_5,101,0.0
2950000,1474,2026-06-10T13:32:02.236697,3.2749361991882324,1.8981853723526,1.3520407676696777,7.755101680755615,qmix,smacv2,protoss_5_vs_5,101,0.0
2952000,1475,2026-06-10T13:35:23.974774,3.4224486351013184,2.2385189533233643,1.1403061151504517,9.415815353393555,qmix,smacv2,protoss_5_vs_5,101,0.0
2954000,1476,2026-06-10T13:38:44.530406,2.9250638484954834,1.4639780521392822,0.9285715222358704,6.002551078796387,qmix,smacv2,protoss_5_vs_5,101,0.0
2956000,1477,2026-06-10T13:41:55.603632,3.6690051555633545,2.3470122814178467,0.5306122303009033,9.072704315185547,qmix,smacv2,protoss_5_vs_5,101,0.0
2958000,1478,2026-06-10T13:45:47.347336,3.9390945434570312,2.3077800273895264,1.3265306949615479,8.520408630371094,qmix,smacv2,protoss_5_vs_5,101,0.0
2960000,1479,2026-06-10T13:49:00.178250,2.269834041595459,1.4671896696090698,0.2142857015132904,6.304847240447998,qmix,smacv2,protoss_5_vs_5,101,0.0
2962000,1480,2026-06-10T13:52:10.608499,3.103699207305908,1.5171207189559937,1.4885203838348389,6.906888008117676,qmix,smacv2,protoss_5_vs_5,101,0.0
2964000,1481,2026-06-10T13:55:16.663495,3.1559948921203613,1.7246460914611816,1.2308673858642578,6.436224460601807,qmix,smacv2,protoss_5_vs_5,101,0.0
2966000,1482,2026-06-10T13:58:22.948614,3.865497589111328,1.5950727462768555,1.396683692932129,6.966836452484131,qmix,smacv2,protoss_5_vs_5,101,0.0
2968000,1483,2026-06-10T14:01:25.240386,3.4112884998321533,2.254434823989868,0.8864795565605164,9.306122779846191,qmix,smacv2,protoss_5_vs_5,101,0.0
2970000,1484,2026-06-10T14:04:35.110733,3.8766582012176514,2.12608003616333,1.1849490404129028,8.959183692932129,qmix,smacv2,protoss_5_vs_5,101,0.0
2972000,1485,2026-06-10T14:07:48.171121,3.597257614135742,1.9622318744659424,1.036989688873291,8.625,qmix,smacv2,protoss_5_vs_5,101,0.0
2974000,1486,2026-06-10T14:11:04.625403,3.757652997970581,2.1669318675994873,1.0,9.130102157592773,qmix,smacv2,protoss_5_vs_5,101,0.0
2976000,1487,2026-06-10T14:14:14.429744,3.909630298614502,2.044172763824463,1.3201531171798706,9.084182739257812,qmix,smacv2,protoss_5_vs_5,101,0.0
2978000,1488,2026-06-10T14:17:18.144651,3.704975128173828,2.260727882385254,1.1428571939468384,10.846939086914062,qmix,smacv2,protoss_5_vs_5,101,0.0
2980000,1489,2026-06-10T14:20:22.609809,3.085331678390503,1.5938013792037964,0.7857142686843872,5.5625,qmix,smacv2,protoss_5_vs_5,101,0.0
2982000,1490,2026-06-10T14:23:31.196768,3.6464285850524902,2.052194595336914,1.4375,10.079081535339355,qmix,smacv2,protoss_5_vs_5,101,0.0
2984000,1491,2026-06-10T14:26:42.576580,2.890178680419922,1.6731102466583252,0.6849489808082581,6.540816307067871,qmix,smacv2,protoss_5_vs_5,101,0.0
2986000,1492,2026-06-10T14:29:55.040122,2.575191020965576,1.5076237916946411,0.8354591131210327,6.4566330909729,qmix,smacv2,protoss_5_vs_5,101,0.0
2988000,1493,2026-06-10T14:33:08.413493,3.0379464626312256,1.9923309087753296,1.1224489212036133,8.163265228271484,qmix,smacv2,protoss_5_vs_5,101,0.0
2990000,1494,2026-06-10T14:36:18.972628,4.240433692932129,2.6157686710357666,1.1862244606018066,9.826530456542969,qmix,smacv2,protoss_5_vs_5,101,0.0
2992000,1495,2026-06-10T14:39:32.819161,3.3016581535339355,1.8009127378463745,0.8048469424247742,7.945153713226318,qmix,smacv2,protoss_5_vs_5,101,0.0
2994000,1496,2026-06-10T14:42:50.366453,3.6286346912384033,1.8130520582199097,1.387755036354065,7.341836452484131,qmix,smacv2,protoss_5_vs_5,101,0.0
2996000,1497,2026-06-10T14:46:08.195049,3.212308406829834,1.8857368230819702,1.290816307067871,9.247448921203613,qmix,smacv2,protoss_5_vs_5,101,0.0
2998000,1498,2026-06-10T14:49:30.787675,3.9396045207977295,2.4685487747192383,1.1122448444366455,9.05229663848877,qmix,smacv2,protoss_5_vs_5,101,0.0
3000000,1499,2026-06-10T14:52:54.994298,3.3077168464660645,1.594208836555481,1.204081654548645,7.7933669090271,qmix,smacv2,protoss_5_vs_5,101,0.0
3002000,1500,2026-06-10T14:56:09.208101,2.9488518238067627,1.730189561843872,0.7678571343421936,7.404336452484131,qmix,smacv2,protoss_5_vs_5,101,0.0
3004000,1501,2026-06-10T14:59:28.063657,3.566262722015381,1.7447497844696045,1.4183673858642578,7.8469390869140625,qmix,smacv2,protoss_5_vs_5,101,0.0
3006000,1502,2026-06-10T15:02:45.885774,3.1503827571868896,2.0792601108551025,1.0191326141357422,7.469388484954834,qmix,smacv2,protoss_5_vs_5,101,0.0
3008000,1503,2026-06-10T15:06:03.593391,3.3432395458221436,1.9344249963760376,0.7729591131210327,6.873724460601807,qmix,smacv2,protoss_5_vs_5,101,0.0
3010000,1504,2026-06-10T15:09:19.138467,4.098469257354736,1.8442237377166748,0.8571428060531616,7.61734676361084,qmix,smacv2,protoss_5_vs_5,101,0.0
3012000,1505,2026-06-10T15:12:37.739590,3.4978954792022705,1.8392515182495117,1.0803570747375488,7.036989688873291,qmix,smacv2,protoss_5_vs_5,101,0.0
3014000,1506,2026-06-10T15:15:48.684827,3.9787628650665283,1.6466281414031982,1.387755036354065,8.038265228271484,qmix,smacv2,protoss_5_vs_5,101,0.0
3016000,1507,2026-06-10T15:19:01.111973,3.5995535850524902,1.5873457193374634,1.5727041959762573,6.433672904968262,qmix,smacv2,protoss_5_vs_5,101,0.0
3018000,1508,2026-06-10T15:22:10.136409,3.6038899421691895,2.3206841945648193,1.2818877696990967,10.581632614135742,qmix,smacv2,protoss_5_vs_5,101,0.0
3020000,1509,2026-06-10T15:25:20.117611,3.348724842071533,1.6191859245300293,1.1301020383834839,6.957908630371094,qmix,smacv2,protoss_5_vs_5,101,0.0
3022000,1510,2026-06-10T15:28:28.283165,3.492027997970581,1.5999819040298462,1.3367347717285156,7.153061866760254,qmix,smacv2,protoss_5_vs_5,101,0.0
3024000,1511,2026-06-10T15:31:42.036169,3.5706629753112793,1.7391974925994873,1.2653061151504517,6.734694004058838,qmix,smacv2,protoss_5_vs_5,101,0.0
3026000,1512,2026-06-10T15:34:56.732444,3.5779976844787598,2.3705642223358154,1.336734652519226,10.39795970916748,qmix,smacv2,protoss_5_vs_5,101,0.0
3028000,1513,2026-06-10T15:38:12.769121,3.2925381660461426,1.8016372919082642,0.8801020383834839,7.770407676696777,qmix,smacv2,protoss_5_vs_5,101,0.0
3030000,1514,2026-06-10T15:41:29.614627,3.264540910720825,2.5177595615386963,0.3979591727256775,9.690052032470703,qmix,smacv2,protoss_5_vs_5,101,0.0
3032000,1515,2026-06-10T15:44:39.639769,2.8568239212036133,1.957719326019287,1.0994898080825806,8.3992338180542,qmix,smacv2,protoss_5_vs_5,101,0.0
3034000,1516,2026-06-10T15:47:52.055953,3.314030885696411,1.68513822555542,1.0102040767669678,7.271684169769287,qmix,smacv2,protoss_5_vs_5,101,0.0
3036000,1517,2026-06-10T15:51:03.008617,4.209630012512207,1.6875872611999512,1.1632652282714844,6.503827095031738,qmix,smacv2,protoss_5_vs_5,101,0.0
3038000,1518,2026-06-10T15:54:12.528253,3.295408248901367,1.06955885887146,1.4400509595870972,5.103316307067871,qmix,smacv2,protoss_5_vs_5,101,0.0
3040000,1519,2026-06-10T15:57:17.966341,3.7551658153533936,2.01649808883667,1.4068877696990967,8.724489212036133,qmix,smacv2,protoss_5_vs_5,101,0.0
3042000,1520,2026-06-10T16:00:23.488946,3.9323983192443848,1.2427093982696533,1.512755036354065,6.434948921203613,qmix,smacv2,protoss_5_vs_5,101,0.0
3044000,1521,2026-06-10T16:03:28.225152,3.292665958404541,1.3659052848815918,1.7193877696990967,6.270407676696777,qmix,smacv2,protoss_5_vs_5,101,0.0
3046000,1522,2026-06-10T16:06:29.848526,2.7665178775787354,1.3128411769866943,1.0102040767669678,5.641581058502197,qmix,smacv2,protoss_5_vs_5,101,0.0
3048000,1523,2026-06-10T16:09:36.139822,3.5264029502868652,2.1097545623779297,1.0892858505249023,9.204081535339355,qmix,smacv2,protoss_5_vs_5,101,0.0
3050000,1524,2026-06-10T16:12:44.597768,3.3811862468719482,1.8311266899108887,1.8073978424072266,9.428571701049805,qmix,smacv2,protoss_5_vs_5,101,0.0
3052000,1525,2026-06-10T16:15:47.053447,3.378060817718506,2.0200629234313965,1.4795918464660645,8.153061866760254,qmix,smacv2,protoss_5_vs_5,101,0.0
3054000,1526,2026-06-10T16:18:48.051160,3.233992338180542,1.5278841257095337,1.2104592323303223,7.818877220153809,qmix,smacv2,protoss_5_vs_5,101,0.0
3056000,1527,2026-06-10T16:21:44.805625,3.5218112468719482,1.5853369235992432,1.18367338180542,7.438775539398193,qmix,smacv2,protoss_5_vs_5,101,0.0
3058000,1528,2026-06-10T16:24:45.439871,3.3645412921905518,1.818481206893921,1.4005101919174194,6.770407676696777,qmix,smacv2,protoss_5_vs_5,101,0.0
3060000,1529,2026-06-10T16:27:49.372263,3.5353317260742188,2.3078291416168213,0.9081632494926453,10.285714149475098,qmix,smacv2,protoss_5_vs_5,101,0.0
3062000,1530,2026-06-10T16:30:52.745718,3.072449207305908,1.578774094581604,1.0510203838348389,5.885203838348389,qmix,smacv2,protoss_5_vs_5,101,0.0
3064000,1531,2026-06-10T16:34:05.247197,2.88252592086792,1.6078890562057495,0.9375,6.5816330909729,qmix,smacv2,protoss_5_vs_5,101,0.0
3066000,1532,2026-06-10T16:37:25.707571,3.2480227947235107,2.0066709518432617,0.795918345451355,9.239795684814453,qmix,smacv2,protoss_5_vs_5,101,0.0
3068000,1533,2026-06-10T16:40:44.839862,3.4086737632751465,1.6487807035446167,0.9795918464660645,7.255102634429932,qmix,smacv2,protoss_5_vs_5,101,0.0
3070000,1534,2026-06-10T16:44:04.167472,2.5044007301330566,1.3665990829467773,0.6390305757522583,4.971938610076904,qmix,smacv2,protoss_5_vs_5,101,0.0
3072000,1535,2026-06-10T16:47:27.788952,3.7697067260742188,2.168365240097046,0.9591835737228394,9.35714340209961,qmix,smacv2,protoss_5_vs_5,101,0.0
3074000,1536,2026-06-10T16:50:52.431496,3.1606504917144775,2.444101333618164,0.44897955656051636,7.948979377746582,qmix,smacv2,protoss_5_vs_5,101,0.0
3076000,1537,2026-06-10T16:54:17.831381,2.756824016571045,1.486868977546692,0.8367346525192261,6.836734771728516,qmix,smacv2,protoss_5_vs_5,101,0.0
3078000,1538,2026-06-10T16:57:42.866264,3.7360966205596924,2.237062454223633,1.3163264989852905,8.469388008117676,qmix,smacv2,protoss_5_vs_5,101,0.0
3080000,1539,2026-06-10T17:01:08.286280,3.6915817260742188,1.4198663234710693,0.9630101919174194,6.794642448425293,qmix,smacv2,protoss_5_vs_5,101,0.0
3082000,1540,2026-06-10T17:04:28.685863,3.919961452484131,2.1117422580718994,1.1262755393981934,8.867347717285156,qmix,smacv2,protoss_5_vs_5,101,0.0
3084000,1541,2026-06-10T17:07:48.016297,3.525063991546631,1.7698789834976196,1.1683673858642578,8.586734771728516,qmix,smacv2,protoss_5_vs_5,101,0.0
3086000,1542,2026-06-10T17:11:00.598284,4.323724269866943,2.9774317741394043,0.9693878293037415,14.179845809936523,qmix,smacv2,protoss_5_vs_5,101,0.0
3088000,1543,2026-06-10T17:14:11.979321,3.716326951980591,1.9625400304794312,1.0905611515045166,8.74744987487793,qmix,smacv2,protoss_5_vs_5,101,0.0
3090000,1544,2026-06-10T17:17:25.628981,2.8752551078796387,1.3378174304962158,1.1938775777816772,5.369897842407227,qmix,smacv2,protoss_5_vs_5,101,0.0
3092000,1545,2026-06-10T17:20:35.255075,3.607461452484131,1.5452102422714233,1.6262754201889038,6.530611991882324,qmix,smacv2,protoss_5_vs_5,101,0.0
3094000,1546,2026-06-10T17:23:47.507729,3.3911991119384766,1.7007756233215332,1.1198979616165161,7.102040767669678,qmix,smacv2,protoss_5_vs_5,101,0.0
3096000,1547,2026-06-10T17:26:58.510834,2.791900634765625,1.720175862312317,0.5586734414100647,6.524233818054199,qmix,smacv2,protoss_5_vs_5,101,0.0
3098000,1548,2026-06-10T17:30:07.805750,4.004974842071533,2.2734761238098145,1.038265347480774,9.228316307067871,qmix,smacv2,protoss_5_vs_5,101,0.0
3100000,1549,2026-06-10T17:33:15.735718,3.1401784420013428,1.5930447578430176,1.34566330909729,6.1530609130859375,qmix,smacv2,protoss_5_vs_5,101,0.0
3102000,1550,2026-06-10T17:36:26.350879,3.325000047683716,1.6291625499725342,1.2780612707138062,7.357143402099609,qmix,smacv2,protoss_5_vs_5,101,0.0
3104000,1551,2026-06-10T17:39:39.974769,3.285905361175537,2.2249724864959717,1.0433672666549683,7.765305995941162,qmix,smacv2,protoss_5_vs_5,101,0.0
3106000,1552,2026-06-10T17:42:48.793674,3.281696319580078,1.653428554534912,1.1875,6.297194004058838,qmix,smacv2,protoss_5_vs_5,101,0.0
3108000,1553,2026-06-10T17:45:53.328913,3.71262788772583,2.903331756591797,0.7614796161651611,11.617347717285156,qmix,smacv2,protoss_5_vs_5,101,0.0
3110000,1554,2026-06-10T17:49:00.099114,3.50178599357605,1.9110914468765259,0.9336735010147095,7.123724937438965,qmix,smacv2,protoss_5_vs_5,101,0.0
3112000,1555,2026-06-10T17:52:02.694866,3.1442604064941406,1.1233839988708496,1.40816330909729,6.235969543457031,qmix,smacv2,protoss_5_vs_5,101,0.0
3114000,1556,2026-06-10T17:55:08.965316,3.4427294731140137,1.6820987462997437,1.1122448444366455,6.086734294891357,qmix,smacv2,protoss_5_vs_5,101,0.0
3116000,1557,2026-06-10T17:58:08.137936,4.4109697341918945,2.520622968673706,1.132652997970581,9.965560913085938,qmix,smacv2,protoss_5_vs_5,101,0.0
3118000,1558,2026-06-10T18:01:08.739354,3.5893492698669434,1.8456155061721802,1.3061224222183228,7.080357551574707,qmix,smacv2,protoss_5_vs_5,101,0.0
3120000,1559,2026-06-10T18:04:10.975384,3.002678632736206,1.4217450618743896,0.8903061151504517,6.743622779846191,qmix,smacv2,protoss_5_vs_5,101,0.0
3122000,1560,2026-06-10T18:07:15.350836,3.3721301555633545,1.7325345277786255,0.964285671710968,7.142857551574707,qmix,smacv2,protoss_5_vs_5,101,0.0
3124000,1561,2026-06-10T18:10:24.807866,2.837181329727173,1.8420785665512085,0.5306122303009033,6.92984676361084,qmix,smacv2,protoss_5_vs_5,101,0.0
3126000,1562,2026-06-10T18:13:38.414975,3.0737884044647217,2.010652780532837,0.8864795565605164,7.878827095031738,qmix,smacv2,protoss_5_vs_5,101,0.0
3128000,1563,2026-06-10T18:16:52.136508,3.603635311126709,1.9584569931030273,1.2933673858642578,9.846939086914062,qmix,smacv2,protoss_5_vs_5,101,0.0
3130000,1564,2026-06-10T18:20:00.944493,3.330803632736206,1.7666054964065552,0.9464284777641296,6.982143402099609,qmix,smacv2,protoss_5_vs_5,101,0.0
3132000,1565,2026-06-10T18:23:20.234950,3.217283248901367,1.8468314409255981,0.7908163070678711,5.969388008117676,qmix,smacv2,protoss_5_vs_5,101,0.0
3134000,1566,2026-06-10T18:26:37.614539,2.9413905143737793,1.978134274482727,1.0420918464660645,9.144132614135742,qmix,smacv2,protoss_5_vs_5,101,0.0
3136000,1567,2026-06-10T18:29:56.154954,3.417729616165161,1.986821174621582,1.375,9.173469543457031,qmix,smacv2,protoss_5_vs_5,101,0.0
3138000,1568,2026-06-10T18:33:17.476404,3.3866074085235596,1.7005045413970947,1.0306122303009033,7.895407676696777,qmix,smacv2,protoss_5_vs_5,101,0.0
3140000,1569,2026-06-10T18:36:41.783213,3.9975123405456543,1.9852395057678223,1.2857142686843872,9.566326141357422,qmix,smacv2,protoss_5_vs_5,101,0.0
3142000,1570,2026-06-10T18:40:14.398032,4.321811676025391,2.4979121685028076,1.1224490404129028,11.0625,qmix,smacv2,protoss_5_vs_5,101,0.0
3144000,1571,2026-06-10T18:43:33.885165,4.193558692932129,2.437835454940796,1.3392857313156128,8.469388008117676,qmix,smacv2,protoss_5_vs_5,101,0.0
3146000,1572,2026-06-10T18:46:47.112633,3.6559948921203613,2.2636091709136963,0.8954081535339355,9.867345809936523,qmix,smacv2,protoss_5_vs_5,101,0.0
3148000,1573,2026-06-10T18:50:01.726142,3.6137115955352783,2.2787747383117676,1.0612244606018066,9.543368339538574,qmix,smacv2,protoss_5_vs_5,101,0.0
3150000,1574,2026-06-10T18:53:17.870577,2.835076332092285,1.8022427558898926,0.9056121706962585,7.427295684814453,qmix,smacv2,protoss_5_vs_5,101,0.0
3152000,1575,2026-06-10T18:56:25.780625,2.5536351203918457,1.9005953073501587,0.7653061151504517,7.367347717285156,qmix,smacv2,protoss_5_vs_5,101,0.0
3154000,1576,2026-06-10T18:59:41.298940,2.7204718589782715,1.7748990058898926,0.18367347121238708,8.581632614135742,qmix,smacv2,protoss_5_vs_5,101,0.0
3156000,1577,2026-06-10T19:02:57.320145,3.5477042198181152,2.195568084716797,0.4285714030265808,8.778060913085938,qmix,smacv2,protoss_5_vs_5,101,0.0
3158000,1578,2026-06-10T19:06:04.075177,3.7105228900909424,1.749684453010559,1.4260203838348389,7.693878173828125,qmix,smacv2,protoss_5_vs_5,101,0.0
3160000,1579,2026-06-10T19:09:10.917160,2.5996172428131104,1.4651137590408325,0.36734694242477417,6.029336929321289,qmix,smacv2,protoss_5_vs_5,101,0.0
3162000,1580,2026-06-10T19:12:20.697914,3.6732780933380127,2.2310452461242676,1.1364794969558716,9.317602157592773,qmix,smacv2,protoss_5_vs_5,101,0.0
3164000,1581,2026-06-10T19:15:34.672731,4.593558311462402,2.755091905593872,1.0612244606018066,9.966836929321289,qmix,smacv2,protoss_5_vs_5,101,0.0
3166000,1582,2026-06-10T19:18:48.832024,4.126275539398193,2.397172451019287,1.1696428060531616,9.348214149475098,qmix,smacv2,protoss_5_vs_5,101,0.0
3168000,1583,2026-06-10T19:22:02.315462,3.4776787757873535,1.9937905073165894,0.7040815949440002,6.989795684814453,qmix,smacv2,protoss_5_vs_5,101,0.0
3170000,1584,2026-06-10T19:25:13.474703,3.019005060195923,1.6636840105056763,0.983418345451355,6.7040815353393555,qmix,smacv2,protoss_5_vs_5,101,0.0
3172000,1585,2026-06-10T19:28:26.110307,3.661288022994995,1.9556022882461548,1.1326531171798706,8.801020622253418,qmix,smacv2,protoss_5_vs_5,101,0.0
3174000,1586,2026-06-10T19:31:36.777008,3.402869701385498,1.2372803688049316,1.5102040767669678,5.571429252624512,qmix,smacv2,protoss_5_vs_5,101,0.0
3176000,1587,2026-06-10T19:34:54.723202,4.416517734527588,2.9852099418640137,1.7053571939468384,14.591836929321289,qmix,smacv2,protoss_5_vs_5,101,0.05000000074505806
3178000,1588,2026-06-10T19:38:06.484593,4.009757041931152,2.1759185791015625,0.5102040767669678,8.979592323303223,qmix,smacv2,protoss_5_vs_5,101,0.0
3180000,1589,2026-06-10T19:41:19.253119,3.008418560028076,1.3821167945861816,0.8903061151504517,5.959183692932129,qmix,smacv2,protoss_5_vs_5,101,0.0
3182000,1590,2026-06-10T19:44:33.328346,4.299107074737549,2.373096227645874,1.4489796161651611,8.978316307067871,qmix,smacv2,protoss_5_vs_5,101,0.0
3184000,1591,2026-06-10T19:47:38.696481,3.430229663848877,1.9546432495117188,1.542091727256775,10.167091369628906,qmix,smacv2,protoss_5_vs_5,101,0.0
3186000,1592,2026-06-10T19:50:47.817835,3.6491706371307373,1.6810745000839233,1.3775510787963867,6.438775539398193,qmix,smacv2,protoss_5_vs_5,101,0.0
3188000,1593,2026-06-10T19:53:58.710793,3.5467476844787598,1.6320937871932983,1.2193876504898071,7.551020622253418,qmix,smacv2,protoss_5_vs_5,101,0.0
3190000,1594,2026-06-10T19:57:25.984836,4.248979091644287,3.0243449211120605,1.2142857313156128,13.692601203918457,qmix,smacv2,protoss_5_vs_5,101,0.0
3192000,1595,2026-06-10T20:00:42.068283,3.0596299171447754,1.5352061986923218,1.290816307067871,6.896684169769287,qmix,smacv2,protoss_5_vs_5,101,0.0
3194000,1596,2026-06-10T20:03:53.937739,2.7712371349334717,1.8542611598968506,1.0204081535339355,8.30484676361084,qmix,smacv2,protoss_5_vs_5,101,0.0
3196000,1597,2026-06-10T20:07:07.746187,3.0528059005737305,1.7026937007904053,0.5803571343421936,5.977040767669678,qmix,smacv2,protoss_5_vs_5,101,0.0
3198000,1598,2026-06-10T20:10:22.631821,4.114349365234375,2.0947048664093018,1.09566330909729,8.877551078796387,qmix,smacv2,protoss_5_vs_5,101,0.0
3200000,1599,2026-06-10T20:13:39.262124,2.8000636100769043,1.68821382522583,1.0969387292861938,6.987244606018066,qmix,smacv2,protoss_5_vs_5,101,0.0
3202000,1600,2026-06-10T20:16:57.471124,3.797576904296875,1.7918176651000977,1.3558672666549683,7.672194004058838,qmix,smacv2,protoss_5_vs_5,101,0.0
3204000,1601,2026-06-10T20:20:15.041341,3.238839626312256,1.7058286666870117,1.0688775777816772,6.988520622253418,qmix,smacv2,protoss_5_vs_5,101,0.0
3206000,1602,2026-06-10T20:23:32.223627,3.486670970916748,1.946921706199646,0.5599489808082581,6.5816330909729,qmix,smacv2,protoss_5_vs_5,101,0.0
3208000,1603,2026-06-10T20:26:51.285962,3.3130104541778564,1.4509235620498657,1.1109693050384521,7.836735725402832,qmix,smacv2,protoss_5_vs_5,101,0.0
3210000,1604,2026-06-10T20:30:09.924305,3.6823344230651855,2.449171543121338,1.4566326141357422,10.040816307067871,qmix,smacv2,protoss_5_vs_5,101,0.0
3212000,1605,2026-06-10T20:33:24.925279,3.1584184169769287,1.0993329286575317,0.6849489212036133,4.806122779846191,qmix,smacv2,protoss_5_vs_5,101,0.0
3214000,1606,2026-06-10T20:36:37.741739,3.378443956375122,1.6121208667755127,1.40816330909729,8.755102157592773,qmix,smacv2,protoss_5_vs_5,101,0.0
3216000,1607,2026-06-10T20:39:50.593430,3.62506365776062,1.657349705696106,1.4196428060531616,7.450254917144775,qmix,smacv2,protoss_5_vs_5,101,0.0
3218000,1608,2026-06-10T20:43:25.050600,3.4551658630371094,1.862935185432434,1.4272956848144531,9.431122779846191,qmix,smacv2,protoss_5_vs_5,101,0.0
3220000,1609,2026-06-10T20:46:35.832664,3.124681234359741,1.6951874494552612,0.36734694242477417,8.14285659790039,qmix,smacv2,protoss_5_vs_5,101,0.0
3222000,1610,2026-06-10T20:49:47.442868,3.0082907676696777,1.713536262512207,0.295918345451355,6.979592323303223,qmix,smacv2,protoss_5_vs_5,101,0.0
3224000,1611,2026-06-10T20:52:54.589317,3.6138393878936768,1.746231198310852,1.8596937656402588,9.26020336151123,qmix,smacv2,protoss_5_vs_5,101,0.0
3226000,1612,2026-06-10T20:56:04.397561,3.8245532512664795,2.1664717197418213,0.5408163070678711,9.489794731140137,qmix,smacv2,protoss_5_vs_5,101,0.0
3228000,1613,2026-06-10T20:59:13.105370,2.9425384998321533,1.820012092590332,1.2308673858642578,8.625000953674316,qmix,smacv2,protoss_5_vs_5,101,0.0
3230000,1614,2026-06-10T21:02:17.902957,3.7584824562072754,1.8595668077468872,1.3469387292861938,7.247448921203613,qmix,smacv2,protoss_5_vs_5,101,0.0
3232000,1615,2026-06-10T21:05:20.501453,3.168303966522217,1.773605227470398,0.6836735010147095,6.873724937438965,qmix,smacv2,protoss_5_vs_5,101,0.0
3234000,1616,2026-06-10T21:08:28.602018,3.4392218589782715,1.6500645875930786,1.3775509595870972,7.359694004058838,qmix,smacv2,protoss_5_vs_5,101,0.0
3236000,1617,2026-06-10T21:11:37.359423,4.2772321701049805,2.6872546672821045,0.9081632494926453,8.70280647277832,qmix,smacv2,protoss_5_vs_5,101,0.0
3238000,1618,2026-06-10T21:14:50.286945,3.5082271099090576,2.831364870071411,0.4387754797935486,12.834184646606445,qmix,smacv2,protoss_5_vs_5,101,0.05000000074505806
3240000,1619,2026-06-10T21:17:59.106144,2.4823341369628906,1.6935590505599976,0.8571428060531616,8.84438705444336,qmix,smacv2,protoss_5_vs_5,101,0.0
3242000,1620,2026-06-10T21:21:04.660077,3.144897937774658,2.2395894527435303,1.0803570747375488,10.262754440307617,qmix,smacv2,protoss_5_vs_5,101,0.0
3244000,1621,2026-06-10T21:24:12.431001,3.839860200881958,2.2677359580993652,1.1594388484954834,10.673469543457031,qmix,smacv2,protoss_5_vs_5,101,0.0
3246000,1622,2026-06-10T21:27:21.313169,2.9105868339538574,1.3357874155044556,0.8979591131210327,5.327805995941162,qmix,smacv2,protoss_5_vs_5,101,0.0
3248000,1623,2026-06-10T21:30:15.322733,4.026148319244385,2.192434549331665,1.0714285373687744,8.48469352722168,qmix,smacv2,protoss_5_vs_5,101,0.0
3250000,1624,2026-06-10T21:33:24.134477,2.9825892448425293,1.4323265552520752,1.367347002029419,5.864795684814453,qmix,smacv2,protoss_5_vs_5,101,0.0
3252000,1625,2026-06-10T21:36:28.296850,3.3242347240448,1.326353907585144,0.9183673858642578,6.0714287757873535,qmix,smacv2,protoss_5_vs_5,101,0.0
3254000,1626,2026-06-10T21:39:33.396395,3.3123726844787598,1.6759239435195923,1.3571428060531616,7.224490165710449,qmix,smacv2,protoss_5_vs_5,101,0.0
3256000,1627,2026-06-10T21:42:55.650512,3.5927300453186035,1.721505880355835,0.8265305757522583,6.265305995941162,qmix,smacv2,protoss_5_vs_5,101,0.0
3258000,1628,2026-06-10T21:46:16.199920,3.7608418464660645,1.819804072380066,1.3061224222183228,7.297194004058838,qmix,smacv2,protoss_5_vs_5,101,0.0
3260000,1629,2026-06-10T21:49:44.677862,3.4975764751434326,1.660380244255066,1.3265305757522583,8.683673858642578,qmix,smacv2,protoss_5_vs_5,101,0.0
3262000,1630,2026-06-10T21:53:10.245510,3.9094395637512207,2.7583186626434326,0.6632652878761292,12.358418464660645,qmix,smacv2,protoss_5_vs_5,101,0.05000000074505806
3264000,1631,2026-06-10T21:56:33.238509,3.2219390869140625,1.9634997844696045,1.161989688873291,7.6709184646606445,qmix,smacv2,protoss_5_vs_5,101,0.0
3266000,1632,2026-06-10T21:59:59.676494,3.229081630706787,1.6771905422210693,0.9591835737228394,7.020407676696777,qmix,smacv2,protoss_5_vs_5,101,0.0
3268000,1633,2026-06-10T22:03:17.904819,3.59948992729187,2.027712821960449,1.4617347717285156,7.7589287757873535,qmix,smacv2,protoss_5_vs_5,101,0.0
3270000,1634,2026-06-10T22:06:41.988894,3.7085461616516113,2.177274703979492,1.1058673858642578,9.022958755493164,qmix,smacv2,protoss_5_vs_5,101,0.0
3272000,1635,2026-06-10T22:10:07.765405,3.4267220497131348,1.4965585470199585,1.0803571939468384,6.224489688873291,qmix,smacv2,protoss_5_vs_5,101,0.0
3274000,1636,2026-06-10T22:13:26.334645,3.5889670848846436,1.549325704574585,1.4681122303009033,8.86734676361084,qmix,smacv2,protoss_5_vs_5,101,0.0
3276000,1637,2026-06-10T22:16:45.426439,3.562882900238037,2.263371467590332,1.538265347480774,10.338010787963867,qmix,smacv2,protoss_5_vs_5,101,0.0
3278000,1638,2026-06-10T22:20:01.413956,3.811352252960205,1.4494409561157227,1.6658165454864502,7.765305995941162,qmix,smacv2,protoss_5_vs_5,101,0.0
3280000,1639,2026-06-10T22:23:21.203974,3.8471298217773438,2.050579309463501,1.6198980808258057,10.511478424072266,qmix,smacv2,protoss_5_vs_5,101,0.0
3282000,1640,2026-06-10T22:26:40.836690,4.46065092086792,2.2651777267456055,1.7040817737579346,9.248724937438965,qmix,smacv2,protoss_5_vs_5,101,0.0
3284000,1641,2026-06-10T22:30:01.997794,3.727360248565674,1.7886383533477783,1.1428570747375488,7.760204315185547,qmix,smacv2,protoss_5_vs_5,101,0.0
3286000,1642,2026-06-10T22:33:25.076936,3.3257014751434326,1.8774769306182861,0.9145408868789673,7.942602634429932,qmix,smacv2,protoss_5_vs_5,101,0.0
3288000,1643,2026-06-10T22:36:44.616709,3.887500047683716,1.8990973234176636,1.316326379776001,8.72449016571045,qmix,smacv2,protoss_5_vs_5,101,0.0
3290000,1644,2026-06-10T22:40:08.200645,3.499171018600464,1.7988919019699097,1.0816326141357422,6.826530456542969,qmix,smacv2,protoss_5_vs_5,101,0.0
3292000,1645,2026-06-10T22:43:25.933778,3.3161990642547607,2.1696670055389404,0.59183669090271,8.469388008117676,qmix,smacv2,protoss_5_vs_5,101,0.0
3294000,1646,2026-06-10T22:46:41.872990,4.679592132568359,2.837683916091919,1.3596937656402588,10.059948921203613,qmix,smacv2,protoss_5_vs_5,101,0.0
3296000,1647,2026-06-10T22:49:55.416830,3.442155361175537,1.4079424142837524,1.0880101919174194,6.459183692932129,qmix,smacv2,protoss_5_vs_5,101,0.0
3298000,1648,2026-06-10T22:52:55.668230,2.7973215579986572,1.524492859840393,0.8673468828201294,5.803572177886963,qmix,smacv2,protoss_5_vs_5,101,0.0
3300000,1649,2026-06-10T22:55:59.498797,3.0757014751434326,2.141982316970825,0.9349490404129028,7.9808669090271,qmix,smacv2,protoss_5_vs_5,101,0.0
3302000,1650,2026-06-10T22:59:03.147653,3.211735248565674,2.383091926574707,1.1211735010147095,9.801020622253418,qmix,smacv2,protoss_5_vs_5,101,0.0
3304000,1651,2026-06-10T23:02:01.379051,3.167346715927124,1.4160370826721191,1.6224489212036133,6.31632661819458,qmix,smacv2,protoss_5_vs_5,101,0.0
3306000,1652,2026-06-10T23:05:06.676043,3.1984057426452637,1.6073846817016602,1.2525509595870972,6.931121826171875,qmix,smacv2,protoss_5_vs_5,101,0.0
3308000,1653,2026-06-10T23:08:05.933335,4.273979663848877,1.9474509954452515,0.7551020383834839,7.286989688873291,qmix,smacv2,protoss_5_vs_5,101,0.0
3310000,1654,2026-06-10T23:11:10.314577,2.5093750953674316,1.720561146736145,0.4897959232330322,5.98852014541626,qmix,smacv2,protoss_5_vs_5,101,0.0
3312000,1655,2026-06-10T23:14:14.244204,3.690051317214966,1.6768262386322021,1.15433669090271,8.39795970916748,qmix,smacv2,protoss_5_vs_5,101,0.0
3314000,1656,2026-06-10T23:17:17.196683,3.7059311866760254,2.313321113586426,0.9489795565605164,7.581632137298584,qmix,smacv2,protoss_5_vs_5,101,0.0
3316000,1657,2026-06-10T23:20:22.117930,2.652104377746582,1.4566477537155151,0.7755101919174194,5.673469543457031,qmix,smacv2,protoss_5_vs_5,101,0.0
3318000,1658,2026-06-10T23:23:25.945877,3.360076904296875,2.0344390869140625,0.9285715222358704,9.673469543457031,qmix,smacv2,protoss_5_vs_5,101,0.0
3320000,1659,2026-06-10T23:26:28.600398,3.3328444957733154,1.8973027467727661,1.6415817737579346,8.23469352722168,qmix,smacv2,protoss_5_vs_5,101,0.0
3322000,1660,2026-06-10T23:29:37.369958,3.720663070678711,1.6333575248718262,1.1326531171798706,7.520407676696777,qmix,smacv2,protoss_5_vs_5,101,0.0
3324000,1661,2026-06-10T23:32:42.058350,3.515178680419922,2.0490612983703613,1.2142856121063232,7.9464287757873535,qmix,smacv2,protoss_5_vs_5,101,0.0
3326000,1662,2026-06-10T23:35:44.732169,3.4338650703430176,1.8038456439971924,1.2385203838348389,8.183673858642578,qmix,smacv2,protoss_5_vs_5,101,0.0
3328000,1663,2026-06-10T23:38:53.387535,2.6892218589782715,1.9247297048568726,0.5714285373687744,7.068877220153809,qmix,smacv2,protoss_5_vs_5,101,0.0
3330000,1664,2026-06-10T23:42:02.173032,3.0017223358154297,1.9952538013458252,0.5510203838348389,6.755102634429932,qmix,smacv2,protoss_5_vs_5,101,0.0
3332000,1665,2026-06-10T23:45:11.046809,2.4491708278656006,1.5406901836395264,0.7346938848495483,6.566327095031738,qmix,smacv2,protoss_5_vs_5,101,0.0
3334000,1666,2026-06-10T23:48:09.201571,3.5542092323303223,2.106355667114258,0.8979591131210327,8.998724937438965,qmix,smacv2,protoss_5_vs_5,101,0.0
3336000,1667,2026-06-10T23:51:18.472985,3.3244259357452393,1.783530831336975,0.8877550959587097,6.919642448425293,qmix,smacv2,protoss_5_vs_5,101,0.0
3338000,1668,2026-06-10T23:54:17.554655,2.568941354751587,1.6710047721862793,1.0561224222183228,8.543367385864258,qmix,smacv2,protoss_5_vs_5,101,0.0
3340000,1669,2026-06-10T23:57:10.400118,3.2536354064941406,1.6977938413619995,0.8813775181770325,6.440051078796387,qmix,smacv2,protoss_5_vs_5,101,0.0
3342000,1670,2026-06-11T00:00:07.665484,2.684757709503174,1.4903484582901,1.0612244606018066,6.1224493980407715,qmix,smacv2,protoss_5_vs_5,101,0.0
3344000,1671,2026-06-11T00:03:00.669206,2.1119260787963867,0.7555074095726013,1.0204081535339355,4.515305995941162,qmix,smacv2,protoss_5_vs_5,101,0.0
3346000,1672,2026-06-11T00:06:01.575426,3.455038070678711,2.2571592330932617,0.7346938848495483,9.631378173828125,qmix,smacv2,protoss_5_vs_5,101,0.0
3348000,1673,2026-06-11T00:08:59.804548,3.0500636100769043,1.4274402856826782,1.0727040767669678,7.75,qmix,smacv2,protoss_5_vs_5,101,0.0
3350000,1674,2026-06-11T00:11:59.204409,2.9117984771728516,1.760565996170044,1.15433669090271,8.040816307067871,qmix,smacv2,protoss_5_vs_5,101,0.0
3352000,1675,2026-06-11T00:14:57.592361,3.589094638824463,1.9106417894363403,1.2857141494750977,7.6709184646606445,qmix,smacv2,protoss_5_vs_5,101,0.0
3354000,1676,2026-06-11T00:17:59.606599,3.561798572540283,1.7612273693084717,1.0612244606018066,8.40561294555664,qmix,smacv2,protoss_5_vs_5,101,0.0
3356000,1677,2026-06-11T00:20:57.501794,3.685267686843872,1.9707509279251099,1.0140305757522583,7.540816307067871,qmix,smacv2,protoss_5_vs_5,101,0.0
3358000,1678,2026-06-11T00:24:01.906556,3.54119873046875,2.1437532901763916,1.3061225414276123,7.9719390869140625,qmix,smacv2,protoss_5_vs_5,101,0.0
3360000,1679,2026-06-11T00:27:01.726247,3.488520383834839,1.4172635078430176,1.3647958040237427,5.642857074737549,qmix,smacv2,protoss_5_vs_5,101,0.0
3362000,1680,2026-06-11T00:30:07.945231,2.998852252960205,1.8132131099700928,0.6696428060531616,7.889030456542969,qmix,smacv2,protoss_5_vs_5,101,0.0
3364000,1681,2026-06-11T00:33:05.210909,2.6845662593841553,1.1975399255752563,0.7002551555633545,4.81632661819458,qmix,smacv2,protoss_5_vs_5,101,0.0
3366000,1682,2026-06-11T00:36:02.748141,2.614732265472412,1.4774655103683472,0.6428571343421936,5.816326141357422,qmix,smacv2,protoss_5_vs_5,101,0.0
3368000,1683,2026-06-11T00:39:00.646280,3.286288022994995,1.6355130672454834,1.132652997970581,6.612245082855225,qmix,smacv2,protoss_5_vs_5,101,0.0
3370000,1684,2026-06-11T00:41:57.325603,3.9189414978027344,2.1528024673461914,1.0369898080825806,8.76530647277832,qmix,smacv2,protoss_5_vs_5,101,0.0
3372000,1685,2026-06-11T00:44:55.755634,3.5424110889434814,2.03177547454834,0.5841836333274841,7.161989688873291,qmix,smacv2,protoss_5_vs_5,101,0.0
3374000,1686,2026-06-11T00:47:53.129709,4.0566325187683105,2.846581220626831,1.0803570747375488,14.540817260742188,qmix,smacv2,protoss_5_vs_5,101,0.05000000074505806
3376000,1687,2026-06-11T00:50:49.858504,4.453826904296875,2.1328976154327393,1.6479591131210327,8.636480331420898,qmix,smacv2,protoss_5_vs_5,101,0.0
3378000,1688,2026-06-11T00:53:48.620022,3.2574620246887207,1.6228737831115723,0.8673468828201294,6.826531410217285,qmix,smacv2,protoss_5_vs_5,101,0.0
3380000,1689,2026-06-11T00:56:48.194526,3.432142734527588,2.4918434619903564,1.1530611515045166,10.744897842407227,qmix,smacv2,protoss_5_vs_5,101,0.0
3382000,1690,2026-06-11T00:59:49.224908,2.927870035171509,1.664157509803772,0.7244897484779358,6.891582489013672,qmix,smacv2,protoss_5_vs_5,101,0.0
3384000,1691,2026-06-11T01:02:48.920758,2.942857265472412,1.8641939163208008,0.7755101919174194,7.205357551574707,qmix,smacv2,protoss_5_vs_5,101,0.0
3386000,1692,2026-06-11T01:05:44.782048,3.0658164024353027,1.8321552276611328,0.6913264989852905,7.029336452484131,qmix,smacv2,protoss_5_vs_5,101,0.0
3388000,1693,2026-06-11T01:08:42.851942,2.9765307903289795,1.6639997959136963,0.13265305757522583,5.744898319244385,qmix,smacv2,protoss_5_vs_5,101,0.0
3390000,1694,2026-06-11T01:11:42.700005,3.1035714149475098,2.0455105304718018,0.7295918464660645,9.873724937438965,qmix,smacv2,protoss_5_vs_5,101,0.0
3392000,1695,2026-06-11T01:14:43.784236,3.1969387531280518,1.485327959060669,1.1135203838348389,5.499999523162842,qmix,smacv2,protoss_5_vs_5,101,0.0
3394000,1696,2026-06-11T01:17:52.072639,3.2619261741638184,1.7533313035964966,1.0892858505249023,7.237245082855225,qmix,smacv2,protoss_5_vs_5,101,0.0
3396000,1697,2026-06-11T01:21:01.225672,4.1858415603637695,2.7067720890045166,0.8877550959587097,10.858419418334961,qmix,smacv2,protoss_5_vs_5,101,0.0
3398000,1698,2026-06-11T01:24:08.545009,3.826275587081909,2.4115750789642334,0.9795918464660645,10.795918464660645,qmix,smacv2,protoss_5_vs_5,101,0.0
3400000,1699,2026-06-11T01:27:17.223850,3.225127696990967,1.5602127313613892,1.2040815353393555,6.693877220153809,qmix,smacv2,protoss_5_vs_5,101,0.0
3402000,1700,2026-06-11T01:30:29.957478,3.787818431854248,1.595186471939087,1.1734694242477417,7.091836452484131,qmix,smacv2,protoss_5_vs_5,101,0.0
3404000,1701,2026-06-11T01:33:37.227811,3.598724365234375,1.6942635774612427,1.007652997970581,6.483418941497803,qmix,smacv2,protoss_5_vs_5,101,0.0
3406000,1702,2026-06-11T01:36:42.906837,3.276977062225342,1.9275894165039062,1.1670918464660645,8.073980331420898,qmix,smacv2,protoss_5_vs_5,101,0.0
3408000,1703,2026-06-11T01:39:48.145627,2.7505104541778564,1.455140233039856,0.5612244606018066,6.178571701049805,qmix,smacv2,protoss_5_vs_5,101,0.0
3410000,1704,2026-06-11T01:42:54.538452,3.522066593170166,1.8809479475021362,1.2028061151504517,8.860968589782715,qmix,smacv2,protoss_5_vs_5,101,0.0
3412000,1705,2026-06-11T01:45:53.611558,3.4635841846466064,1.5429109334945679,1.6096937656402588,6.571427822113037,qmix,smacv2,protoss_5_vs_5,101,0.0
3414000,1706,2026-06-11T01:48:51.798152,2.9257652759552,1.5311412811279297,1.040816307067871,5.806122303009033,qmix,smacv2,protoss_5_vs_5,101,0.0
3416000,1707,2026-06-11T01:51:48.614061,3.225510358810425,1.6508004665374756,0.9795918464660645,6.9540815353393555,qmix,smacv2,protoss_5_vs_5,101,0.0
3418000,1708,2026-06-11T01:54:52.400837,3.8628830909729004,2.305866003036499,0.3163265287876129,7.517857551574707,qmix,smacv2,protoss_5_vs_5,101,0.0
3420000,1709,2026-06-11T01:57:49.986827,3.4068877696990967,1.909243106842041,0.8341835737228394,7.326531410217285,qmix,smacv2,protoss_5_vs_5,101,0.0
3422000,1710,2026-06-11T02:00:52.072585,3.131504774093628,1.5309033393859863,1.1020407676696777,7.9591827392578125,qmix,smacv2,protoss_5_vs_5,101,0.0
3424000,1711,2026-06-11T02:03:55.295366,3.1899871826171875,2.3799374103546143,0.8405612111091614,9.86734676361084,qmix,smacv2,protoss_5_vs_5,101,0.0
3426000,1712,2026-06-11T02:07:03.778189,2.887181043624878,1.4049080610275269,0.8163264989852905,5.80102014541626,qmix,smacv2,protoss_5_vs_5,101,0.0
3428000,1713,2026-06-11T02:10:22.181301,3.7868621349334717,2.694331407546997,0.8163264989852905,10.911991119384766,qmix,smacv2,protoss_5_vs_5,101,0.0
3430000,1714,2026-06-11T02:13:29.009084,3.305293321609497,1.5315552949905396,0.7551020383834839,6.493622779846191,qmix,smacv2,protoss_5_vs_5,101,0.0
3432000,1715,2026-06-11T02:16:24.645935,2.758673667907715,1.335567593574524,0.5510203838348389,5.55484676361084,qmix,smacv2,protoss_5_vs_5,101,0.0
3434000,1716,2026-06-11T02:19:23.291890,3.1079721450805664,1.8822768926620483,0.7525510191917419,7.13647985458374,qmix,smacv2,protoss_5_vs_5,101,0.0
3436000,1717,2026-06-11T02:22:22.632981,3.261033296585083,1.544262409210205,0.9183673858642578,5.744897842407227,qmix,smacv2,protoss_5_vs_5,101,0.0
3438000,1718,2026-06-11T02:25:21.125047,2.5338644981384277,1.5259313583374023,0.36734694242477417,5.214285850524902,qmix,smacv2,protoss_5_vs_5,101,0.0
3440000,1719,2026-06-11T02:28:21.190317,2.186734676361084,1.3180209398269653,0.7755101919174194,5.42984676361084,qmix,smacv2,protoss_5_vs_5,101,0.0
3442000,1720,2026-06-11T02:31:25.834966,2.6995534896850586,1.2309772968292236,0.8826530575752258,5.764030456542969,qmix,smacv2,protoss_5_vs_5,101,0.0
3444000,1721,2026-06-11T02:34:27.088293,3.422640323638916,1.8999427556991577,0.44897955656051636,6.660714149475098,qmix,smacv2,protoss_5_vs_5,101,0.0
3446000,1722,2026-06-11T02:37:25.782238,2.8809311389923096,2.676652669906616,0.6862244606018066,12.450254440307617,qmix,smacv2,protoss_5_vs_5,101,0.0
3448000,1723,2026-06-11T02:40:22.686273,2.40019154548645,1.2138445377349854,0.8673468828201294,5.400510311126709,qmix,smacv2,protoss_5_vs_5,101,0.0
3450000,1724,2026-06-11T02:43:25.206683,2.877295970916748,1.4937528371810913,1.0306122303009033,6.2959184646606445,qmix,smacv2,protoss_5_vs_5,101,0.0
3452000,1725,2026-06-11T02:46:24.431872,3.240816593170166,1.8409579992294312,0.9566327333450317,9.113520622253418,qmix,smacv2,protoss_5_vs_5,101,0.0
3454000,1726,2026-06-11T02:49:30.691402,2.6747448444366455,1.5653469562530518,1.0994898080825806,7.183672904968262,qmix,smacv2,protoss_5_vs_5,101,0.0
3456000,1727,2026-06-11T02:52:32.039142,2.757908344268799,1.5860793590545654,0.9081632494926453,5.924745082855225,qmix,smacv2,protoss_5_vs_5,101,0.0
3458000,1728,2026-06-11T02:55:38.195411,3.1510841846466064,1.523132085800171,1.3188774585723877,6.099489688873291,qmix,smacv2,protoss_5_vs_5,101,0.0
3460000,1729,2026-06-11T02:58:44.801420,3.190051317214966,1.7282147407531738,0.8341836929321289,7.299745082855225,qmix,smacv2,protoss_5_vs_5,101,0.0
3462000,1730,2026-06-11T03:01:59.689042,3.4507014751434326,1.4198487997055054,1.3775509595870972,6.31632661819458,qmix,smacv2,protoss_5_vs_5,101,0.0
3464000,1731,2026-06-11T03:05:08.312963,3.1018495559692383,1.670957088470459,1.3571428060531616,7.928572177886963,qmix,smacv2,protoss_5_vs_5,101,0.0
3466000,1732,2026-06-11T03:08:17.577142,3.1449615955352783,1.7487449645996094,1.0816327333450317,7.816327095031738,qmix,smacv2,protoss_5_vs_5,101,0.0
3468000,1733,2026-06-11T03:11:20.018936,3.4075253009796143,1.6708811521530151,0.6224489808082581,6.214285850524902,qmix,smacv2,protoss_5_vs_5,101,0.0
3470000,1734,2026-06-11T03:14:29.265469,3.6789543628692627,2.4130947589874268,1.1734693050384521,10.192602157592773,qmix,smacv2,protoss_5_vs_5,101,0.0
3472000,1735,2026-06-11T03:17:31.812773,3.1853957176208496,2.014744997024536,0.9043368101119995,9.040816307067871,qmix,smacv2,protoss_5_vs_5,101,0.0
3474000,1736,2026-06-11T03:20:36.420437,3.22869873046875,2.070634126663208,1.0765305757522583,7.806122779846191,qmix,smacv2,protoss_5_vs_5,101,0.0
3476000,1737,2026-06-11T03:23:37.631412,2.817857265472412,1.5799992084503174,1.2678571939468384,7.479592323303223,qmix,smacv2,protoss_5_vs_5,101,0.0
3478000,1738,2026-06-11T03:27:05.914257,3.9882652759552,1.9048078060150146,1.3711735010147095,9.061224937438965,qmix,smacv2,protoss_5_vs_5,101,0.0
3480000,1739,2026-06-11T03:30:12.495417,3.3683032989501953,1.7107679843902588,1.233418345451355,6.752551078796387,qmix,smacv2,protoss_5_vs_5,101,0.0
3482000,1740,2026-06-11T03:33:12.875590,3.74617338180542,2.6656010150909424,0.9285715222358704,11.168367385864258,qmix,smacv2,protoss_5_vs_5,101,0.0
3484000,1741,2026-06-11T03:36:17.964663,4.494579792022705,2.2566609382629395,1.0943877696990967,10.872448921203613,qmix,smacv2,protoss_5_vs_5,101,0.0
3486000,1742,2026-06-11T03:39:16.646155,2.963711977005005,1.2246590852737427,1.2321428060531616,5.225765228271484,qmix,smacv2,protoss_5_vs_5,101,0.0
3488000,1743,2026-06-11T03:42:13.718361,4.186034202575684,1.8231765031814575,1.1938775777816772,7.326531410217285,qmix,smacv2,protoss_5_vs_5,101,0.0
3490000,1744,2026-06-11T03:45:10.567901,3.9467475414276123,1.9618308544158936,0.9081632494926453,7.724489688873291,qmix,smacv2,protoss_5_vs_5,101,0.0
3492000,1745,2026-06-11T03:48:02.515400,4.082334041595459,1.6756086349487305,1.4566327333450317,7.8035712242126465,qmix,smacv2,protoss_5_vs_5,101,0.0
3494000,1746,2026-06-11T03:51:00.536992,3.9621810913085938,1.5837513208389282,1.9693877696990967,6.591836452484131,qmix,smacv2,protoss_5_vs_5,101,0.0
3496000,1747,2026-06-11T03:54:00.155583,3.3241710662841797,1.2353754043579102,1.632652997970581,5.877551078796387,qmix,smacv2,protoss_5_vs_5,101,0.0
3498000,1748,2026-06-11T03:57:10.299722,4.302168846130371,3.0029401779174805,1.7448980808258057,14.489794731140137,qmix,smacv2,protoss_5_vs_5,101,0.05000000074505806
3500000,1749,2026-06-11T04:00:30.122593,4.340689182281494,1.9254817962646484,1.294642686843872,7.13265323638916,qmix,smacv2,protoss_5_vs_5,101,0.0
3502000,1750,2026-06-11T04:03:35.705660,4.514413356781006,1.8959681987762451,2.0012755393981934,9.714286804199219,qmix,smacv2,protoss_5_vs_5,101,0.0
3504000,1751,2026-06-11T04:06:38.933993,3.5658164024353027,1.457141399383545,1.071428656578064,6.7959184646606445,qmix,smacv2,protoss_5_vs_5,101,0.0
3506000,1752,2026-06-11T04:09:53.831523,4.1678571701049805,1.75096595287323,1.7142856121063232,6.8979597091674805,qmix,smacv2,protoss_5_vs_5,101,0.0
3508000,1753,2026-06-11T04:13:08.966042,4.6077165603637695,2.4317121505737305,1.9349491596221924,12.969388008117676,qmix,smacv2,protoss_5_vs_5,101,0.05000000074505806
3510000,1754,2026-06-11T04:16:23.043845,4.239477634429932,2.663057327270508,1.09183669090271,12.139031410217285,qmix,smacv2,protoss_5_vs_5,101,0.0
3512000,1755,2026-06-11T04:19:46.715541,3.7748725414276123,1.5979081392288208,1.4272959232330322,8.368622779846191,qmix,smacv2,protoss_5_vs_5,101,0.0
3514000,1756,2026-06-11T04:23:02.091491,3.2410075664520264,1.429206132888794,1.1084184646606445,7.275510311126709,qmix,smacv2,protoss_5_vs_5,101,0.0
3516000,1757,2026-06-11T04:26:18.314030,4.318111896514893,1.8923081159591675,1.2997448444366455,7.908163547515869,qmix,smacv2,protoss_5_vs_5,101,0.0
3518000,1758,2026-06-11T04:29:34.683617,3.5965561866760254,2.144448757171631,1.540816307067871,8.426020622253418,qmix,smacv2,protoss_5_vs_5,101,0.0
3520000,1759,2026-06-11T04:32:58.607351,4.243685722351074,2.4036898612976074,1.1734693050384521,8.720663070678711,qmix,smacv2,protoss_5_vs_5,101,0.0
3522000,1760,2026-06-11T04:36:13.414829,4.065051078796387,1.6378607749938965,1.6058673858642578,8.785714149475098,qmix,smacv2,protoss_5_vs_5,101,0.0
3524000,1761,2026-06-11T04:39:28.496950,4.0615434646606445,1.9603368043899536,1.570152997970581,8.673469543457031,qmix,smacv2,protoss_5_vs_5,101,0.0
3526000,1762,2026-06-11T04:42:41.452673,3.1171555519104004,1.3775659799575806,0.8673468828201294,5.663265228271484,qmix,smacv2,protoss_5_vs_5,101,0.0
3528000,1763,2026-06-11T04:45:57.772924,2.8065688610076904,1.8138755559921265,0.31505101919174194,6.116071701049805,qmix,smacv2,protoss_5_vs_5,101,0.0
3530000,1764,2026-06-11T04:49:12.311266,3.869642972946167,2.162429094314575,0.991071343421936,8.571428298950195,qmix,smacv2,protoss_5_vs_5,101,0.0
3532000,1765,2026-06-11T04:52:22.947387,2.4441325664520264,1.3224587440490723,0.7895407676696777,5.897958755493164,qmix,smacv2,protoss_5_vs_5,101,0.0
3534000,1766,2026-06-11T04:55:31.134716,3.3412628173828125,1.508165955543518,1.1313774585723877,5.989795684814453,qmix,smacv2,protoss_5_vs_5,101,0.0
3536000,1767,2026-06-11T04:58:36.815814,3.5399231910705566,1.5282193422317505,1.7551019191741943,6.775509834289551,qmix,smacv2,protoss_5_vs_5,101,0.0
3538000,1768,2026-06-11T05:01:44.515960,3.4937500953674316,1.7401145696640015,0.8316327333450317,7.256377220153809,qmix,smacv2,protoss_5_vs_5,101,0.0
3540000,1769,2026-06-11T05:04:52.874634,3.2215561866760254,1.4264554977416992,0.9234693646430969,5.698979377746582,qmix,smacv2,protoss_5_vs_5,101,0.0
3542000,1770,2026-06-11T05:08:01.028921,3.7555489540100098,1.9898797273635864,1.4094387292861938,9.76530647277832,qmix,smacv2,protoss_5_vs_5,101,0.0
3544000,1771,2026-06-11T05:11:07.886480,3.566262722015381,1.9972023963928223,1.2551019191741943,8.72449016571045,qmix,smacv2,protoss_5_vs_5,101,0.0
3546000,1772,2026-06-11T05:14:18.514737,3.2117347717285156,1.6665065288543701,1.2984694242477417,7.024233818054199,qmix,smacv2,protoss_5_vs_5,101,0.0
3548000,1773,2026-06-11T05:17:27.526816,2.717602014541626,1.560428261756897,0.7551020383834839,5.693877696990967,qmix,smacv2,protoss_5_vs_5,101,0.0
3550000,1774,2026-06-11T05:20:40.217889,3.715625047683716,1.3497198820114136,1.979591727256775,6.50765323638916,qmix,smacv2,protoss_5_vs_5,101,0.0
3552000,1775,2026-06-11T05:23:51.941493,3.4309310913085938,1.6384952068328857,1.2359693050384521,6.521683692932129,qmix,smacv2,protoss_5_vs_5,101,0.0
3554000,1776,2026-06-11T05:27:09.598699,3.3070788383483887,1.864720106124878,0.8265305757522583,7.326531410217285,qmix,smacv2,protoss_5_vs_5,101,0.0
3556000,1777,2026-06-11T05:30:26.054600,2.6132652759552,1.6765990257263184,0.6938775777816772,8.19515323638916,qmix,smacv2,protoss_5_vs_5,101,0.0
3558000,1778,2026-06-11T05:33:44.667712,3.1503188610076904,1.6459237337112427,1.3265305757522583,6.3979597091674805,qmix,smacv2,protoss_5_vs_5,101,0.0
3560000,1779,2026-06-11T05:37:02.802455,3.241900682449341,2.097229242324829,0.7448979616165161,7.645408630371094,qmix,smacv2,protoss_5_vs_5,101,0.0
3562000,1780,2026-06-11T05:40:15.448415,2.766071319580078,1.3197001218795776,1.2283164262771606,5.816326141357422,qmix,smacv2,protoss_5_vs_5,101,0.0
3564000,1781,2026-06-11T05:43:28.618406,2.736288070678711,1.557851791381836,1.0714285373687744,5.696428298950195,qmix,smacv2,protoss_5_vs_5,101,0.0
3566000,1782,2026-06-11T05:46:39.613917,4.162627696990967,2.5520479679107666,1.204081654548645,9.859694480895996,qmix,smacv2,protoss_5_vs_5,101,0.0
3568000,1783,2026-06-11T05:49:49.298762,2.5828442573547363,1.0592973232269287,0.9068878293037415,5.051020622253418,qmix,smacv2,protoss_5_vs_5,101,0.0
3570000,1784,2026-06-11T05:53:02.111602,4.152615070343018,2.454498291015625,1.070152997970581,10.079081535339355,qmix,smacv2,protoss_5_vs_5,101,0.0
3572000,1785,2026-06-11T05:56:16.788441,3.050382614135742,1.2508639097213745,1.2448979616165161,5.723214149475098,qmix,smacv2,protoss_5_vs_5,101,0.0
3574000,1786,2026-06-11T05:59:31.545076,4.584502220153809,2.4427027702331543,1.0204081535339355,12.359692573547363,qmix,smacv2,protoss_5_vs_5,101,0.0
3576000,1787,2026-06-11T06:02:50.941858,3.747066020965576,1.9046472311019897,1.4872448444366455,7.377551078796387,qmix,smacv2,protoss_5_vs_5,101,0.0
3578000,1788,2026-06-11T06:06:06.321711,3.5774872303009033,1.6307294368743896,1.4094388484954834,8.17219352722168,qmix,smacv2,protoss_5_vs_5,101,0.0
3580000,1789,2026-06-11T06:09:18.774462,3.160778045654297,1.6910523176193237,1.0637755393981934,7.600766181945801,qmix,smacv2,protoss_5_vs_5,101,0.0
3582000,1790,2026-06-11T06:12:33.398216,3.8150508403778076,1.817330241203308,1.016581654548645,7.252551078796387,qmix,smacv2,protoss_5_vs_5,101,0.0
3584000,1791,2026-06-11T06:15:45.503369,3.6332271099090576,1.6743031740188599,1.4999998807907104,6.979592323303223,qmix,smacv2,protoss_5_vs_5,101,0.0
3586000,1792,2026-06-11T06:18:56.575450,3.441709041595459,2.010547399520874,1.478316307067871,10.471939086914062,qmix,smacv2,protoss_5_vs_5,101,0.0
3588000,1793,2026-06-11T06:22:08.094688,3.009949207305908,1.8572741746902466,1.146683692932129,8.293367385864258,qmix,smacv2,protoss_5_vs_5,101,0.0
3590000,1794,2026-06-11T06:25:19.186287,3.473341703414917,1.8861924409866333,1.3061224222183228,8.544642448425293,qmix,smacv2,protoss_5_vs_5,101,0.0
3592000,1795,2026-06-11T06:28:30.102553,3.8644771575927734,2.3317391872406006,1.3022958040237427,9.883928298950195,qmix,smacv2,protoss_5_vs_5,101,0.0
3594000,1796,2026-06-11T06:31:41.848192,3.1163899898529053,2.1938467025756836,0.7244898080825806,10.724489212036133,qmix,smacv2,protoss_5_vs_5,101,0.0
3596000,1797,2026-06-11T06:34:52.361764,4.114668846130371,2.9438393115997314,1.3201531171798706,13.806121826171875,qmix,smacv2,protoss_5_vs_5,101,0.0
3598000,1798,2026-06-11T06:38:04.411946,2.7463011741638184,1.95733642578125,0.704081654548645,7.354592323303223,qmix,smacv2,protoss_5_vs_5,101,0.0
3600000,1799,2026-06-11T06:41:19.493386,3.6697704792022705,2.2771952152252197,1.3609694242477417,9.959183692932129,qmix,smacv2,protoss_5_vs_5,101,0.0
3602000,1800,2026-06-11T06:44:32.722010,4.0862250328063965,2.056506395339966,1.7551021575927734,8.877551078796387,qmix,smacv2,protoss_5_vs_5,101,0.0
3604000,1801,2026-06-11T06:47:42.893304,3.188201427459717,1.3356857299804688,1.2729592323303223,7.061224460601807,qmix,smacv2,protoss_5_vs_5,101,0.0
3606000,1802,2026-06-11T06:50:59.143387,3.4589924812316895,1.9589334726333618,1.0714285373687744,7.918367862701416,qmix,smacv2,protoss_5_vs_5,101,0.0
3608000,1803,2026-06-11T06:54:08.641690,3.4276785850524902,1.7832297086715698,0.9375,7.422194480895996,qmix,smacv2,protoss_5_vs_5,101,0.0
3610000,1804,2026-06-11T06:57:19.835796,2.526785373687744,1.355384349822998,0.6020408272743225,5.663265228271484,qmix,smacv2,protoss_5_vs_5,101,0.0
3612000,1805,2026-06-11T07:00:30.710904,3.022449254989624,1.6656886339187622,0.6428571343421936,7.255102634429932,qmix,smacv2,protoss_5_vs_5,101,0.0
3614000,1806,2026-06-11T07:03:52.273275,4.182971954345703,2.0764658451080322,1.1734694242477417,7.681122779846191,qmix,smacv2,protoss_5_vs_5,101,0.0
3616000,1807,2026-06-11T07:07:00.540295,3.284311294555664,1.4693924188613892,1.2002551555633545,7.020407676696777,qmix,smacv2,protoss_5_vs_5,101,0.0
3618000,1808,2026-06-11T07:10:10.487180,2.9360334873199463,1.3218404054641724,0.8673469424247742,5.307398319244385,qmix,smacv2,protoss_5_vs_5,101,0.0
3620000,1809,2026-06-11T07:13:19.132294,3.450191020965576,2.086860179901123,1.174744963645935,9.336734771728516,qmix,smacv2,protoss_5_vs_5,101,0.0
3622000,1810,2026-06-11T07:16:32.213587,3.419260025024414,1.8875635862350464,0.7971938848495483,6.721938133239746,qmix,smacv2,protoss_5_vs_5,101,0.0
3624000,1811,2026-06-11T07:19:40.207714,3.753762722015381,1.6820753812789917,1.5357143878936768,7.459183692932129,qmix,smacv2,protoss_5_vs_5,101,0.0
3626000,1812,2026-06-11T07:22:55.325197,3.32633900642395,1.512109398841858,0.8826530575752258,6.63265323638916,qmix,smacv2,protoss_5_vs_5,101,0.0
3628000,1813,2026-06-11T07:26:09.620057,3.4835457801818848,2.074310302734375,0.6836735010147095,7.397959232330322,qmix,smacv2,protoss_5_vs_5,101,0.0
3630000,1814,2026-06-11T07:29:23.852370,3.110778331756592,1.7478094100952148,0.3979591727256775,6.568877220153809,qmix,smacv2,protoss_5_vs_5,101,0.0
3632000,1815,2026-06-11T07:32:39.615443,3.148979663848877,1.516322135925293,1.2755100727081299,6.387754917144775,qmix,smacv2,protoss_5_vs_5,101,0.0
3634000,1816,2026-06-11T07:35:57.409051,2.2811226844787598,1.1260732412338257,0.6836734414100647,4.897959232330322,qmix,smacv2,protoss_5_vs_5,101,0.0
3636000,1817,2026-06-11T07:39:12.095137,3.0253188610076904,1.919067144393921,0.7448979020118713,8.428571701049805,qmix,smacv2,protoss_5_vs_5,101,0.0
3638000,1818,2026-06-11T07:42:30.215095,2.931441068649292,1.2824372053146362,1.2410714626312256,5.799745082855225,qmix,smacv2,protoss_5_vs_5,101,0.0
3640000,1819,2026-06-11T07:45:41.503976,3.5890305042266846,2.2374916076660156,0.9591836929321289,9.301020622253418,qmix,smacv2,protoss_5_vs_5,101,0.0
3642000,1820,2026-06-11T07:48:51.638547,3.1369898319244385,1.2134373188018799,1.6301019191741943,5.852040767669678,qmix,smacv2,protoss_5_vs_5,101,0.0
3644000,1821,2026-06-11T07:52:00.016915,3.4755101203918457,2.0310323238372803,1.3571428060531616,8.359694480895996,qmix,smacv2,protoss_5_vs_5,101,0.0
3646000,1822,2026-06-11T07:55:09.382650,3.7417092323303223,2.0586869716644287,1.6530611515045166,8.387754440307617,qmix,smacv2,protoss_5_vs_5,101,0.0
3648000,1823,2026-06-11T07:58:19.907555,3.1697704792022705,1.7730950117111206,1.1696428060531616,7.368622779846191,qmix,smacv2,protoss_5_vs_5,101,0.0
3650000,1824,2026-06-11T08:01:26.883308,2.6868622303009033,1.499721884727478,1.0701531171798706,6.674744606018066,qmix,smacv2,protoss_5_vs_5,101,0.0
3652000,1825,2026-06-11T08:04:35.468558,3.241262912750244,1.9193141460418701,1.2397959232330322,8.12244987487793,qmix,smacv2,protoss_5_vs_5,101,0.0
3654000,1826,2026-06-11T08:07:43.638430,4.269259929656982,1.6947944164276123,1.2551020383834839,7.655611991882324,qmix,smacv2,protoss_5_vs_5,101,0.0
3656000,1827,2026-06-11T08:10:52.710913,4.069706916809082,2.300858497619629,0.5880101919174194,9.424744606018066,qmix,smacv2,protoss_5_vs_5,101,0.0
3658000,1828,2026-06-11T08:14:05.364663,3.40242338180542,1.3599365949630737,1.4477040767669678,6.154336929321289,qmix,smacv2,protoss_5_vs_5,101,0.0
3660000,1829,2026-06-11T08:17:15.914136,3.290370225906372,1.4741631746292114,1.0510203838348389,6.4477033615112305,qmix,smacv2,protoss_5_vs_5,101,0.0
3662000,1830,2026-06-11T08:20:29.334646,3.41575288772583,1.6971375942230225,1.2244898080825806,6.336735248565674,qmix,smacv2,protoss_5_vs_5,101,0.0
3664000,1831,2026-06-11T08:23:41.103524,3.802295684814453,1.7839391231536865,1.1517856121063232,7.489795684814453,qmix,smacv2,protoss_5_vs_5,101,0.0
3666000,1832,2026-06-11T08:26:51.475015,2.234056234359741,0.9830709099769592,0.9081632494926453,4.897958755493164,qmix,smacv2,protoss_5_vs_5,101,0.0
3668000,1833,2026-06-11T08:29:58.781095,2.9606502056121826,1.2587218284606934,1.0255101919174194,4.987245082855225,qmix,smacv2,protoss_5_vs_5,101,0.0
3670000,1834,2026-06-11T08:33:05.839331,3.875828981399536,1.7944310903549194,1.5242347717285156,6.806122779846191,qmix,smacv2,protoss_5_vs_5,101,0.0
3672000,1835,2026-06-11T08:36:16.433270,3.5580997467041016,1.7733677625656128,1.2487244606018066,7.4272966384887695,qmix,smacv2,protoss_5_vs_5,101,0.0
3674000,1836,2026-06-11T08:39:27.944474,4.306058406829834,2.3728082180023193,1.632652997970581,9.92984676361084,qmix,smacv2,protoss_5_vs_5,101,0.0
3676000,1837,2026-06-11T08:42:42.225333,3.5374362468719482,2.0754926204681396,1.132652997970581,8.989795684814453,qmix,smacv2,protoss_5_vs_5,101,0.0
3678000,1838,2026-06-11T08:46:03.215820,3.231250047683716,1.6219362020492554,0.45918363332748413,6.6160712242126465,qmix,smacv2,protoss_5_vs_5,101,0.0
3680000,1839,2026-06-11T08:49:30.081689,3.4841198921203613,2.0381736755371094,0.7346938848495483,8.295918464660645,qmix,smacv2,protoss_5_vs_5,101,0.0
3682000,1840,2026-06-11T08:53:01.705079,3.9350123405456543,2.379601001739502,1.116071343421936,11.765305519104004,qmix,smacv2,protoss_5_vs_5,101,0.0
3684000,1841,2026-06-11T08:56:30.684551,3.9781882762908936,1.809138298034668,1.6186224222183228,7.762755393981934,qmix,smacv2,protoss_5_vs_5,101,0.0
3686000,1842,2026-06-11T08:59:50.245510,3.3470664024353027,1.4700462818145752,1.3673467636108398,6.551020622253418,qmix,smacv2,protoss_5_vs_5,101,0.0
3688000,1843,2026-06-11T09:03:14.790956,3.6103317737579346,1.4536783695220947,1.1428570747375488,7.128827095031738,qmix,smacv2,protoss_5_vs_5,101,0.0
3690000,1844,2026-06-11T09:06:33.148168,3.710331678390503,1.809220314025879,1.1632652282714844,7.885204315185547,qmix,smacv2,protoss_5_vs_5,101,0.0
3692000,1845,2026-06-11T09:09:52.989475,3.143239974975586,1.6288999319076538,0.9234693646430969,7.514030456542969,qmix,smacv2,protoss_5_vs_5,101,0.0
3694000,1846,2026-06-11T09:13:10.812461,3.672194004058838,1.9411770105361938,0.714285671710968,7.783163547515869,qmix,smacv2,protoss_5_vs_5,101,0.0
3696000,1847,2026-06-11T09:16:26.548630,2.880038261413574,1.7340164184570312,0.9591835737228394,6.3469390869140625,qmix,smacv2,protoss_5_vs_5,101,0.0
3698000,1848,2026-06-11T09:19:42.111790,3.819324016571045,2.463916301727295,0.7448980212211609,9.979592323303223,qmix,smacv2,protoss_5_vs_5,101,0.0
3700000,1849,2026-06-11T09:22:52.962328,4.078188896179199,2.1360695362091064,1.2551020383834839,8.540815353393555,qmix,smacv2,protoss_5_vs_5,101,0.0
3702000,1850,2026-06-11T09:26:05.729142,3.3992347717285156,1.8231115341186523,0.9489795565605164,8.715560913085938,qmix,smacv2,protoss_5_vs_5,101,0.0
3704000,1851,2026-06-11T09:29:20.922866,4.135650634765625,1.6166250705718994,0.6505101919174194,6.517857551574707,qmix,smacv2,protoss_5_vs_5,101,0.0
3706000,1852,2026-06-11T09:32:40.044474,3.1968114376068115,1.4660747051239014,1.0102040767669678,6.531888008117676,qmix,smacv2,protoss_5_vs_5,101,0.0
3708000,1853,2026-06-11T09:35:47.036213,3.11128830909729,1.4775944948196411,1.09183669090271,6.567602634429932,qmix,smacv2,protoss_5_vs_5,101,0.0
3710000,1854,2026-06-11T09:38:58.178891,3.1440048217773438,1.3496392965316772,1.5255100727081299,6.4808669090271,qmix,smacv2,protoss_5_vs_5,101,0.0
3712000,1855,2026-06-11T09:42:12.278799,2.4533801078796387,1.4655683040618896,0.5510203838348389,6.313776016235352,qmix,smacv2,protoss_5_vs_5,101,0.0
3714000,1856,2026-06-11T09:45:19.450705,3.299872636795044,1.7235023975372314,1.626275658607483,8.400510787963867,qmix,smacv2,protoss_5_vs_5,101,0.0
3716000,1857,2026-06-11T09:48:33.308206,3.6265945434570312,2.5664825439453125,0.9464284777641296,12.48469352722168,qmix,smacv2,protoss_5_vs_5,101,0.0
3718000,1858,2026-06-11T09:51:38.620995,3.8695788383483887,2.5937089920043945,1.4183672666549683,11.858417510986328,qmix,smacv2,protoss_5_vs_5,101,0.0
3720000,1859,2026-06-11T09:54:43.345251,3.5794644355773926,2.144023895263672,1.5,9.23469352722168,qmix,smacv2,protoss_5_vs_5,101,0.0
3722000,1860,2026-06-11T09:57:44.859101,3.58373761177063,1.7100275754928589,0.9974490404129028,7.857142448425293,qmix,smacv2,protoss_5_vs_5,101,0.0
3724000,1861,2026-06-11T10:00:48.658499,3.4581634998321533,1.820101022720337,0.8877552151679993,8.089284896850586,qmix,smacv2,protoss_5_vs_5,101,0.0
3726000,1862,2026-06-11T10:03:55.150789,3.7727675437927246,2.2827327251434326,1.6517856121063232,8.848215103149414,qmix,smacv2,protoss_5_vs_5,101,0.0
3728000,1863,2026-06-11T10:06:59.721623,2.4194517135620117,1.1381686925888062,0.8265305757522583,5.521683692932129,qmix,smacv2,protoss_5_vs_5,101,0.0
3730000,1864,2026-06-11T10:10:03.503980,2.6164541244506836,1.162053108215332,1.0752551555633545,5.051020622253418,qmix,smacv2,protoss_5_vs_5,101,0.0
3732000,1865,2026-06-11T10:13:01.374571,2.6853957176208496,1.3519351482391357,1.0714285373687744,5.631377696990967,qmix,smacv2,protoss_5_vs_5,101,0.0
3734000,1866,2026-06-11T10:16:00.069581,3.9194514751434326,2.1235554218292236,1.358418345451355,8.892857551574707,qmix,smacv2,protoss_5_vs_5,101,0.0
3736000,1867,2026-06-11T10:18:58.410509,3.585650682449341,1.5340065956115723,1.1938775777816772,6.153061389923096,qmix,smacv2,protoss_5_vs_5,101,0.0
3738000,1868,2026-06-11T10:22:23.101642,3.4064412117004395,1.4345345497131348,0.9413264989852905,6.5625,qmix,smacv2,protoss_5_vs_5,101,0.0
3740000,1869,2026-06-11T10:25:27.115865,3.9582908153533936,1.929431676864624,1.520408034324646,7.934948921203613,qmix,smacv2,protoss_5_vs_5,101,0.0
3742000,1870,2026-06-11T10:28:30.639264,3.363074541091919,1.803402066230774,1.2219387292861938,8.228316307067871,qmix,smacv2,protoss_5_vs_5,101,0.0
3744000,1871,2026-06-11T10:31:29.542049,3.7920918464660645,1.5379201173782349,1.4489796161651611,6.92984676361084,qmix,smacv2,protoss_5_vs_5,101,0.0
3746000,1872,2026-06-11T10:34:33.287848,2.9370534420013428,1.6141459941864014,0.9260204434394836,6.521683692932129,qmix,smacv2,protoss_5_vs_5,101,0.0
3748000,1873,2026-06-11T10:37:46.277207,3.000765562057495,1.7985557317733765,0.6326531171798706,6.2040815353393555,qmix,smacv2,protoss_5_vs_5,101,0.0
3750000,1874,2026-06-11T10:41:00.303590,3.213456630706787,1.2882190942764282,1.6147959232330322,6.959183692932129,qmix,smacv2,protoss_5_vs_5,101,0.0
3752000,1875,2026-06-11T10:44:05.663034,3.301020383834839,1.7389081716537476,1.4272960424423218,8.520408630371094,qmix,smacv2,protoss_5_vs_5,101,0.0
3754000,1876,2026-06-11T10:47:08.046382,4.12869930267334,2.2730042934417725,0.8367346525192261,9.868621826171875,qmix,smacv2,protoss_5_vs_5,101,0.0
3756000,1877,2026-06-11T10:50:11.209162,3.079974412918091,1.527928352355957,1.1262755393981934,6.520407676696777,qmix,smacv2,protoss_5_vs_5,101,0.0
3758000,1878,2026-06-11T10:53:10.995249,2.7274234294891357,1.479066252708435,0.9693877100944519,5.877551078796387,qmix,smacv2,protoss_5_vs_5,101,0.0
3760000,1879,2026-06-11T10:56:13.757129,3.567538022994995,2.0679845809936523,0.9757653474807739,8.080357551574707,qmix,smacv2,protoss_5_vs_5,101,0.0
3762000,1880,2026-06-11T10:59:19.227290,3.7238521575927734,1.7920953035354614,0.40816324949264526,7.744897365570068,qmix,smacv2,protoss_5_vs_5,101,0.0
3764000,1881,2026-06-11T11:02:22.202864,3.5272319316864014,1.7702065706253052,1.4604591131210327,7.540816307067871,qmix,smacv2,protoss_5_vs_5,101,0.0
3766000,1882,2026-06-11T11:05:30.640930,4.116326808929443,2.086052179336548,1.1530611515045166,7.346938133239746,qmix,smacv2,protoss_5_vs_5,101,0.0
3768000,1883,2026-06-11T11:08:32.343261,3.339540958404541,1.7056394815444946,1.626275658607483,7.4285712242126465,qmix,smacv2,protoss_5_vs_5,101,0.0
3770000,1884,2026-06-11T11:11:40.300267,4.007143020629883,1.9947240352630615,1.3022959232330322,9.950254440307617,qmix,smacv2,protoss_5_vs_5,101,0.0
3772000,1885,2026-06-11T11:14:42.671933,3.3631374835968018,1.8054994344711304,1.1403061151504517,8.692602157592773,qmix,smacv2,protoss_5_vs_5,101,0.0
3774000,1886,2026-06-11T11:17:41.590480,3.5938773155212402,1.6283835172653198,1.09183669090271,6.524233818054199,qmix,smacv2,protoss_5_vs_5,101,0.0
3776000,1887,2026-06-11T11:20:44.790489,3.610842227935791,1.9385613203048706,0.7308673858642578,8.012754440307617,qmix,smacv2,protoss_5_vs_5,101,0.0
3778000,1888,2026-06-11T11:23:53.900628,3.1861605644226074,1.5487465858459473,1.040816307067871,6.131377696990967,qmix,smacv2,protoss_5_vs_5,101,0.0
3780000,1889,2026-06-11T11:27:00.330825,3.664987564086914,1.8842120170593262,0.7346938848495483,7.163266181945801,qmix,smacv2,protoss_5_vs_5,101,0.0
3782000,1890,2026-06-11T11:30:02.743498,3.3853955268859863,2.2787506580352783,1.2933673858642578,10.146684646606445,qmix,smacv2,protoss_5_vs_5,101,0.0
3784000,1891,2026-06-11T11:33:11.351357,3.9056758880615234,1.7910841703414917,1.3112245798110962,8.225765228271484,qmix,smacv2,protoss_5_vs_5,101,0.0
3786000,1892,2026-06-11T11:36:17.209533,2.9864795207977295,1.7791123390197754,1.0,9.258929252624512,qmix,smacv2,protoss_5_vs_5,101,0.0
3788000,1893,2026-06-11T11:39:25.192268,2.9000000953674316,1.3689241409301758,0.9132653474807739,6.067602157592773,qmix,smacv2,protoss_5_vs_5,101,0.0
3790000,1894,2026-06-11T11:42:29.717238,3.1558034420013428,1.7995301485061646,0.8673468828201294,8.123723983764648,qmix,smacv2,protoss_5_vs_5,101,0.0
3792000,1895,2026-06-11T11:45:39.601497,2.7182397842407227,1.2187737226486206,1.0816326141357422,5.743622303009033,qmix,smacv2,protoss_5_vs_5,101,0.0
3794000,1896,2026-06-11T11:48:47.825471,3.328507661819458,1.4683506488800049,1.5803570747375488,5.762755393981934,qmix,smacv2,protoss_5_vs_5,101,0.0
3796000,1897,2026-06-11T11:52:03.409794,3.2281887531280518,1.96955406665802,0.9387755393981934,8.770408630371094,qmix,smacv2,protoss_5_vs_5,101,0.0
3798000,1898,2026-06-11T11:55:15.575067,3.564795732498169,2.140626907348633,0.3979591727256775,9.489795684814453,qmix,smacv2,protoss_5_vs_5,101,0.0
3800000,1899,2026-06-11T11:58:25.307804,3.113584518432617,1.9594043493270874,1.43367338180542,9.484694480895996,qmix,smacv2,protoss_5_vs_5,101,0.0
3802000,1900,2026-06-11T12:01:33.030125,2.8987879753112793,1.9471092224121094,0.5,8.255102157592773,qmix,smacv2,protoss_5_vs_5,101,0.0
3804000,1901,2026-06-11T12:04:41.674249,2.952359676361084,1.8354783058166504,0.9566324949264526,6.989795684814453,qmix,smacv2,protoss_5_vs_5,101,0.0
3806000,1902,2026-06-11T12:07:49.631026,3.3336739540100098,1.7778842449188232,1.2397960424423218,7.338011264801025,qmix,smacv2,protoss_5_vs_5,101,0.0
3808000,1903,2026-06-11T12:10:59.442554,3.1514668464660645,1.6557646989822388,1.1492347717285156,6.582907676696777,qmix,smacv2,protoss_5_vs_5,101,0.0
3810000,1904,2026-06-11T12:14:11.977678,3.4951529502868652,1.30220627784729,1.2232142686843872,5.368622779846191,qmix,smacv2,protoss_5_vs_5,101,0.0
3812000,1905,2026-06-11T12:17:25.613207,3.567474842071533,2.0525612831115723,1.0204081535339355,9.183673858642578,qmix,smacv2,protoss_5_vs_5,101,0.0
3814000,1906,2026-06-11T12:20:39.539733,3.0247445106506348,1.7036514282226562,0.9591835737228394,6.5102033615112305,qmix,smacv2,protoss_5_vs_5,101,0.0
3816000,1907,2026-06-11T12:23:54.507935,3.3816967010498047,1.7027292251586914,1.2857143878936768,7.414540767669678,qmix,smacv2,protoss_5_vs_5,101,0.0
3818000,1908,2026-06-11T12:27:11.561771,3.4110970497131348,1.4205844402313232,1.2755101919174194,6.030611991882324,qmix,smacv2,protoss_5_vs_5,101,0.0
3820000,1909,2026-06-11T12:30:23.263755,2.9984054565429688,1.4291226863861084,1.334183692932129,6.7040815353393555,qmix,smacv2,protoss_5_vs_5,101,0.0
3822000,1910,2026-06-11T12:33:34.136119,3.1904335021972656,1.7087311744689941,1.0510203838348389,6.5,qmix,smacv2,protoss_5_vs_5,101,0.0
3824000,1911,2026-06-11T12:36:51.209022,3.175318956375122,1.5119961500167847,1.3316326141357422,7.056122779846191,qmix,smacv2,protoss_5_vs_5,101,0.0
3826000,1912,2026-06-11T12:40:08.567484,3.790051221847534,2.0089101791381836,1.5510203838348389,8.969388008117676,qmix,smacv2,protoss_5_vs_5,101,0.0
3828000,1913,2026-06-11T12:43:22.385127,3.427614688873291,1.614280104637146,1.353316307067871,6.457908630371094,qmix,smacv2,protoss_5_vs_5,101,0.0
3830000,1914,2026-06-11T12:46:30.159587,3.3989157676696777,1.6675165891647339,1.4757652282714844,9.172194480895996,qmix,smacv2,protoss_5_vs_5,101,0.0
3832000,1915,2026-06-11T12:49:39.546201,3.2064411640167236,2.4764363765716553,1.1186224222183228,8.591835975646973,qmix,smacv2,protoss_5_vs_5,101,0.0
3834000,1916,2026-06-11T12:52:47.133788,2.8260843753814697,1.67447829246521,0.8954082727432251,6.071428298950195,qmix,smacv2,protoss_5_vs_5,101,0.0
3836000,1917,2026-06-11T12:55:50.916906,3.3175387382507324,1.7870224714279175,1.1224489212036133,7.4183669090271,qmix,smacv2,protoss_5_vs_5,101,0.0
3838000,1918,2026-06-11T12:58:55.798036,3.123852014541626,1.969062328338623,0.6377550959587097,7.775509834289551,qmix,smacv2,protoss_5_vs_5,101,0.0
3840000,1919,2026-06-11T13:02:00.265361,4.18737268447876,3.1852035522460938,0.7346938848495483,13.39795970916748,qmix,smacv2,protoss_5_vs_5,101,0.0
3842000,1920,2026-06-11T13:05:03.686636,3.83992338180542,2.785335063934326,0.9272958636283875,11.37755012512207,qmix,smacv2,protoss_5_vs_5,101,0.0
3844000,1921,2026-06-11T13:08:03.180396,3.1517856121063232,1.6364742517471313,0.9821429252624512,6.061224937438965,qmix,smacv2,protoss_5_vs_5,101,0.0
3846000,1922,2026-06-11T13:10:58.699820,3.711735248565674,1.7750656604766846,1.2244898080825806,8.073979377746582,qmix,smacv2,protoss_5_vs_5,101,0.0
3848000,1923,2026-06-11T13:13:57.382740,3.604464054107666,1.4908143281936646,0.7142857313156128,6.155612468719482,qmix,smacv2,protoss_5_vs_5,101,0.0
3850000,1924,2026-06-11T13:17:03.895227,3.757716655731201,1.7347233295440674,0.7984693646430969,8.141581535339355,qmix,smacv2,protoss_5_vs_5,101,0.0
3852000,1925,2026-06-11T13:20:10.177542,3.492856979370117,1.5040301084518433,0.8571428060531616,7.4897966384887695,qmix,smacv2,protoss_5_vs_5,101,0.0
3854000,1926,2026-06-11T13:23:15.557307,3.0631377696990967,1.430810570716858,1.1581631898880005,7.316326141357422,qmix,smacv2,protoss_5_vs_5,101,0.0
3856000,1927,2026-06-11T13:26:23.418883,3.717219114303589,2.586275339126587,0.6466836929321289,11.625,qmix,smacv2,protoss_5_vs_5,101,0.0
3858000,1928,2026-06-11T13:29:37.437523,2.969834327697754,3.3224871158599854,0.4285714030265808,14.84693717956543,qmix,smacv2,protoss_5_vs_5,101,0.05000000074505806
3860000,1929,2026-06-11T13:32:46.696500,2.693558692932129,1.486833930015564,0.8137755393981934,6.622448921203613,qmix,smacv2,protoss_5_vs_5,101,0.0
3862000,1930,2026-06-11T13:35:51.265374,3.9079716205596924,1.8804528713226318,1.438775658607483,7.642856597900391,qmix,smacv2,protoss_5_vs_5,101,0.0
3864000,1931,2026-06-11T13:38:55.729935,3.3396048545837402,2.294196844100952,1.0892857313156128,9.221939086914062,qmix,smacv2,protoss_5_vs_5,101,0.0
3866000,1932,2026-06-11T13:41:55.814588,3.480102062225342,1.5932554006576538,1.5982142686843872,7.223214149475098,qmix,smacv2,protoss_5_vs_5,101,0.0
3868000,1933,2026-06-11T13:44:54.620098,3.0056121349334717,1.3657633066177368,1.0420918464660645,7.414540767669678,qmix,smacv2,protoss_5_vs_5,101,0.0
3870000,1934,2026-06-11T13:47:51.876704,4.615561008453369,2.270861864089966,1.8520408868789673,12.125000953674316,qmix,smacv2,protoss_5_vs_5,101,0.0
3872000,1935,2026-06-11T13:50:50.736156,3.8564414978027344,1.5895655155181885,1.5829081535339355,8.707908630371094,qmix,smacv2,protoss_5_vs_5,101,0.0
3874000,1936,2026-06-11T13:53:54.545770,3.554081439971924,1.711403250694275,1.007652997970581,8.366071701049805,qmix,smacv2,protoss_5_vs_5,101,0.0
3876000,1937,2026-06-11T13:57:03.399767,2.9483418464660645,1.5703433752059937,1.0816326141357422,7.778061866760254,qmix,smacv2,protoss_5_vs_5,101,0.0
3878000,1938,2026-06-11T14:00:10.907632,3.5443241596221924,1.653598427772522,1.4693877696990967,7.623724937438965,qmix,smacv2,protoss_5_vs_5,101,0.0
3880000,1939,2026-06-11T14:03:29.021065,3.023660898208618,1.3382707834243774,1.3469388484954834,5.835458755493164,qmix,smacv2,protoss_5_vs_5,101,0.0
3882000,1940,2026-06-11T14:06:44.332418,3.9258289337158203,1.9149081707000732,1.420918345451355,8.346939086914062,qmix,smacv2,protoss_5_vs_5,101,0.0
3884000,1941,2026-06-11T14:10:00.817560,4.2697062492370605,1.5034123659133911,2.113520383834839,6.964285373687744,qmix,smacv2,protoss_5_vs_5,101,0.0
3886000,1942,2026-06-11T14:13:19.857597,3.6038901805877686,2.211256980895996,1.632652997970581,9.744897842407227,qmix,smacv2,protoss_5_vs_5,101,0.0
3888000,1943,2026-06-11T14:16:30.901770,4.563838958740234,3.184011220932007,0.6530612111091614,16.53061294555664,qmix,smacv2,protoss_5_vs_5,101,0.05000000074505806
3890000,1944,2026-06-11T14:19:49.773287,4.044770240783691,2.2416200637817383,0.47959184646606445,9.176019668579102,qmix,smacv2,protoss_5_vs_5,101,0.0
3892000,1945,2026-06-11T14:22:58.714711,3.8245537281036377,2.2213661670684814,0.9999998807907104,8.836734771728516,qmix,smacv2,protoss_5_vs_5,101,0.0
3894000,1946,2026-06-11T14:26:06.776991,3.0318877696990967,1.6177922487258911,0.9987245798110962,6.612244606018066,qmix,smacv2,protoss_5_vs_5,101,0.0
3896000,1947,2026-06-11T14:29:12.223505,3.750382661819458,1.6031221151351929,1.549744963645935,6.520407676696777,qmix,smacv2,protoss_5_vs_5,101,0.0
3898000,1948,2026-06-11T14:32:22.633396,4.216198921203613,2.4892289638519287,0.9260204434394836,10.27295970916748,qmix,smacv2,protoss_5_vs_5,101,0.0
3900000,1949,2026-06-11T14:35:27.962260,3.577678680419922,2.5319998264312744,1.0816326141357422,9.67984676361084,qmix,smacv2,protoss_5_vs_5,101,0.0
3902000,1950,2026-06-11T14:38:35.513962,3.379591703414917,1.7007856369018555,0.9056121706962585,7.368622779846191,qmix,smacv2,protoss_5_vs_5,101,0.0
3904000,1951,2026-06-11T14:41:48.999737,3.27940034866333,1.9211105108261108,0.9693877100944519,7.528061866760254,qmix,smacv2,protoss_5_vs_5,101,0.0
3906000,1952,2026-06-11T14:44:56.098021,2.598724603652954,1.9276013374328613,0.3979591727256775,7.183672904968262,qmix,smacv2,protoss_5_vs_5,101,0.0
3908000,1953,2026-06-11T14:48:05.371183,3.5885837078094482,1.966895580291748,1.1734693050384521,7.255101680755615,qmix,smacv2,protoss_5_vs_5,101,0.0
3910000,1954,2026-06-11T14:51:18.742056,3.5709824562072754,1.8004368543624878,1.1632652282714844,8.714285850524902,qmix,smacv2,protoss_5_vs_5,101,0.0
3912000,1955,2026-06-11T14:54:27.594158,4.048086643218994,2.096301317214966,1.108418345451355,8.55229663848877,qmix,smacv2,protoss_5_vs_5,101,0.0
3914000,1956,2026-06-11T14:57:36.838879,3.3024871349334717,1.4544092416763306,1.4744898080825806,6.363521099090576,qmix,smacv2,protoss_5_vs_5,101,0.0
3916000,1957,2026-06-11T15:00:51.162131,4.316837310791016,1.931907296180725,1.65816330909729,8.785714149475098,qmix,smacv2,protoss_5_vs_5,101,0.0
3918000,1958,2026-06-11T15:04:03.870370,3.8587372303009033,1.7940460443496704,1.3099490404129028,9.489795684814453,qmix,smacv2,protoss_5_vs_5,101,0.0
3920000,1959,2026-06-11T15:07:19.880488,2.833163261413574,1.6180415153503418,0.8367346525192261,6.908163547515869,qmix,smacv2,protoss_5_vs_5,101,0.0
3922000,1960,2026-06-11T15:10:34.234198,2.461033344268799,1.8197855949401855,0.5778061151504517,7.562500953674316,qmix,smacv2,protoss_5_vs_5,101,0.0
3924000,1961,2026-06-11T15:13:46.383035,3.5059947967529297,2.0922060012817383,1.040816307067871,8.158164024353027,qmix,smacv2,protoss_5_vs_5,101,0.0
3926000,1962,2026-06-11T15:16:56.893536,3.580038070678711,1.894748330116272,0.9591835737228394,8.141581535339355,qmix,smacv2,protoss_5_vs_5,101,0.0
3928000,1963,2026-06-11T15:20:04.943541,3.6168365478515625,1.621244192123413,1.40816330909729,7.465561866760254,qmix,smacv2,protoss_5_vs_5,101,0.0
3930000,1964,2026-06-11T15:23:21.094501,2.992091655731201,2.3791720867156982,0.6836734414100647,9.21045970916748,qmix,smacv2,protoss_5_vs_5,101,0.0
3932000,1965,2026-06-11T15:26:33.284589,3.0847575664520264,1.4317046403884888,0.9183673858642578,5.830357074737549,qmix,smacv2,protoss_5_vs_5,101,0.0
3934000,1966,2026-06-11T15:29:53.179950,3.8750641345977783,2.6221635341644287,1.3061225414276123,10.960458755493164,qmix,smacv2,protoss_5_vs_5,101,0.0
3936000,1967,2026-06-11T15:33:14.424343,3.4720027446746826,1.6013514995574951,1.424744725227356,6.748724460601807,qmix,smacv2,protoss_5_vs_5,101,0.0
3938000,1968,2026-06-11T15:36:30.689340,3.8228955268859863,2.5038535594940186,1.1645407676696777,10.345663070678711,qmix,smacv2,protoss_5_vs_5,101,0.0
3940000,1969,2026-06-11T15:39:47.670498,2.983163356781006,1.7135103940963745,0.9591836929321289,8.677295684814453,qmix,smacv2,protoss_5_vs_5,101,0.0
3942000,1970,2026-06-11T15:42:58.195006,3.2498726844787598,1.5895838737487793,0.7321428656578064,5.713009834289551,qmix,smacv2,protoss_5_vs_5,101,0.0
3944000,1971,2026-06-11T15:46:10.395644,3.280038356781006,1.5306187868118286,1.3354591131210327,7.497448921203613,qmix,smacv2,protoss_5_vs_5,101,0.0
3946000,1972,2026-06-11T15:49:20.633355,2.700000286102295,1.7299705743789673,0.6428571343421936,8.969388961791992,qmix,smacv2,protoss_5_vs_5,101,0.0
3948000,1973,2026-06-11T15:52:24.851943,3.7756378650665283,2.1383001804351807,0.9872449040412903,10.075254440307617,qmix,smacv2,protoss_5_vs_5,101,0.0
3950000,1974,2026-06-11T15:55:34.283012,3.1880738735198975,1.6326208114624023,1.0816327333450317,6.887755393981934,qmix,smacv2,protoss_5_vs_5,101,0.0
3952000,1975,2026-06-11T15:58:46.537863,3.7840561866760254,2.163148880004883,1.46683669090271,9.602041244506836,qmix,smacv2,protoss_5_vs_5,101,0.0
3954000,1976,2026-06-11T16:01:55.162913,3.446301221847534,1.8613182306289673,1.632652997970581,9.076530456542969,qmix,smacv2,protoss_5_vs_5,101,0.0
3956000,1977,2026-06-11T16:05:02.646660,3.1256375312805176,1.345691204071045,1.2512754201889038,6.4285712242126465,qmix,smacv2,protoss_5_vs_5,101,0.0
3958000,1978,2026-06-11T16:08:11.616310,4.096109867095947,2.4592227935791016,1.6530611515045166,11.211735725402832,qmix,smacv2,protoss_5_vs_5,101,0.0
3960000,1979,2026-06-11T16:11:20.999028,4.030676364898682,1.9303562641143799,1.40816330909729,8.528060913085938,qmix,smacv2,protoss_5_vs_5,101,0.0
3962000,1980,2026-06-11T16:14:31.913650,4.590115070343018,2.515010118484497,1.5306122303009033,10.336734771728516,qmix,smacv2,protoss_5_vs_5,101,0.0
3964000,1981,2026-06-11T16:17:46.233938,3.1999998092651367,2.044015884399414,0.7512754797935486,8.46045970916748,qmix,smacv2,protoss_5_vs_5,101,0.0
3966000,1982,2026-06-11T16:21:04.361854,3.8302295207977295,2.008405923843384,1.40816330909729,7.809948921203613,qmix,smacv2,protoss_5_vs_5,101,0.0
3968000,1983,2026-06-11T16:24:17.919827,4.010267734527588,2.0751423835754395,1.1721937656402588,8.639030456542969,qmix,smacv2,protoss_5_vs_5,101,0.0
3970000,1984,2026-06-11T16:27:28.669822,3.4529972076416016,1.9217463731765747,1.1007652282714844,7.794642448425293,qmix,smacv2,protoss_5_vs_5,101,0.0
3972000,1985,2026-06-11T16:30:41.066179,3.2311859130859375,1.8702442646026611,0.8265305757522583,6.928572177886963,qmix,smacv2,protoss_5_vs_5,101,0.0
3974000,1986,2026-06-11T16:33:54.152942,3.926530122756958,1.6693894863128662,1.0612244606018066,7.119897365570068,qmix,smacv2,protoss_5_vs_5,101,0.0
3976000,1987,2026-06-11T16:37:06.070830,3.1110968589782715,1.7135567665100098,1.3163264989852905,6.933673858642578,qmix,smacv2,protoss_5_vs_5,101,0.0
3978000,1988,2026-06-11T16:40:22.186776,3.2303569316864014,1.4198479652404785,1.274234652519226,7.281888008117676,qmix,smacv2,protoss_5_vs_5,101,0.0
3980000,1989,2026-06-11T16:43:37.360247,3.9968109130859375,1.9497255086898804,1.7653061151504517,8.219388008117676,qmix,smacv2,protoss_5_vs_5,101,0.0
3982000,1990,2026-06-11T16:46:59.063012,4.080292701721191,1.744303822517395,1.9285714626312256,8.253826141357422,qmix,smacv2,protoss_5_vs_5,101,0.0
3984000,1991,2026-06-11T16:50:27.952601,4.183609485626221,1.9199954271316528,1.4489796161651611,8.989795684814453,qmix,smacv2,protoss_5_vs_5,101,0.0
3986000,1992,2026-06-11T16:53:50.368655,3.7281246185302734,1.7262353897094727,1.1428570747375488,7.951530456542969,qmix,smacv2,protoss_5_vs_5,101,0.0
3988000,1993,2026-06-11T16:57:04.590414,3.033545970916748,1.3911203145980835,1.4336735010147095,6.344387531280518,qmix,smacv2,protoss_5_vs_5,101,0.0
3990000,1994,2026-06-11T17:00:18.215844,3.4385204315185547,2.415036678314209,1.1938775777816772,11.163264274597168,qmix,smacv2,protoss_5_vs_5,101,0.0
3992000,1995,2026-06-11T17:03:31.092098,2.8322067260742188,1.6329065561294556,0.9859694242477417,6.7589287757873535,qmix,smacv2,protoss_5_vs_5,101,0.0
3994000,1996,2026-06-11T17:06:47.562866,3.9628829956054688,1.62501859664917,1.491071343421936,6.764030456542969,qmix,smacv2,protoss_5_vs_5,101,0.0
3996000,1997,2026-06-11T17:10:03.175493,3.200956344604492,1.7586159706115723,0.9655612111091614,7.405612945556641,qmix,smacv2,protoss_5_vs_5,101,0.0
3998000,1998,2026-06-11T17:13:38.147621,3.384566068649292,2.1877338886260986,0.920918345451355,9.0625,qmix,smacv2,protoss_5_vs_5,101,0.0
4000000,1999,2026-06-11T17:16:37.954103,3.6595025062561035,1.7296955585479736,1.420918345451355,9.316326141357422,qmix,smacv2,protoss_5_vs_5,101,0.0
4002000,2000,2026-06-11T17:19:42.827316,4.0699615478515625,1.900576114654541,1.4948978424072266,9.536989212036133,qmix,smacv2,protoss_5_vs_5,101,0.0
4004000,2001,2026-06-11T17:22:45.539666,3.284374952316284,1.2803047895431519,1.204081654548645,6.214285850524902,qmix,smacv2,protoss_5_vs_5,101,0.0
4006000,2002,2026-06-11T17:25:47.502523,3.7070789337158203,1.4567821025848389,1.2244898080825806,7.357143402099609,qmix,smacv2,protoss_5_vs_5,101,0.0
4008000,2003,2026-06-11T17:28:46.201546,4.077487468719482,2.234288454055786,1.3010203838348389,11.071430206298828,qmix,smacv2,protoss_5_vs_5,101,0.0
4010000,2004,2026-06-11T17:31:51.436312,4.128124713897705,2.059326648712158,1.7232143878936768,8.375,qmix,smacv2,protoss_5_vs_5,101,0.0
4012000,2005,2026-06-11T17:34:58.792738,3.681824207305908,1.736649513244629,0.9247449040412903,6.404336452484131,qmix,smacv2,protoss_5_vs_5,101,0.0
4014000,2006,2026-06-11T17:38:02.011130,3.1290180683135986,1.3668185472488403,1.6084182262420654,7.252551078796387,qmix,smacv2,protoss_5_vs_5,101,0.0
4016000,2007,2026-06-11T17:41:07.209994,3.74049711227417,2.138200521469116,1.5969387292861938,9.9132661819458,qmix,smacv2,protoss_5_vs_5,101,0.0
4018000,2008,2026-06-11T17:44:10.599337,3.4142861366271973,2.610996961593628,0.9693877100944519,11.528060913085938,qmix,smacv2,protoss_5_vs_5,101,0.0
4020000,2009,2026-06-11T17:47:07.056178,2.5370535850524902,1.1374070644378662,1.1811225414276123,5.460459232330322,qmix,smacv2,protoss_5_vs_5,101,0.0
4022000,2010,2026-06-11T17:50:10.022015,3.2413265705108643,1.8611063957214355,1.0204081535339355,6.275510311126709,qmix,smacv2,protoss_5_vs_5,101,0.0
4024000,2011,2026-06-11T17:53:14.397589,4.049871921539307,1.7866384983062744,1.1479591131210327,7.32015323638916,qmix,smacv2,protoss_5_vs_5,101,0.0
4026000,2012,2026-06-11T17:56:30.757221,4.084693431854248,2.2385902404785156,1.3099489212036133,9.387754440307617,qmix,smacv2,protoss_5_vs_5,101,0.0
4028000,2013,2026-06-11T17:59:47.756661,3.64068865776062,1.4876958131790161,1.6734693050384521,6.336734771728516,qmix,smacv2,protoss_5_vs_5,101,0.0
4030000,2014,2026-06-11T18:03:08.605235,4.630421161651611,2.674812078475952,1.5433673858642578,9.64030647277832,qmix,smacv2,protoss_5_vs_5,101,0.0
4032000,2015,2026-06-11T18:06:22.850212,2.8267858028411865,1.7985548973083496,1.0612244606018066,7.551020622253418,qmix,smacv2,protoss_5_vs_5,101,0.0
4034000,2016,2026-06-11T18:09:39.916838,3.609694242477417,1.2143468856811523,1.8979591131210327,6.193877696990967,qmix,smacv2,protoss_5_vs_5,101,0.0
4036000,2017,2026-06-11T18:12:58.758725,4.16575288772583,2.6735963821411133,1.790816307067871,11.591836929321289,qmix,smacv2,protoss_5_vs_5,101,0.0
4038000,2018,2026-06-11T18:16:19.264255,4.766135215759277,1.9000884294509888,1.3596937656402588,8.419642448425293,qmix,smacv2,protoss_5_vs_5,101,0.0
4040000,2019,2026-06-11T18:19:36.899254,3.292665958404541,1.9173041582107544,1.3329081535339355,7.528061866760254,qmix,smacv2,protoss_5_vs_5,101,0.0
4042000,2020,2026-06-11T18:22:54.126243,2.761096954345703,1.1987215280532837,1.4056122303009033,6.4285712242126465,qmix,smacv2,protoss_5_vs_5,101,0.0
4044000,2021,2026-06-11T18:26:12.846011,3.2174105644226074,1.6666810512542725,1.1556122303009033,6.651785850524902,qmix,smacv2,protoss_5_vs_5,101,0.0
4046000,2022,2026-06-11T18:29:27.377677,4.085395812988281,1.9625555276870728,0.7142857313156128,9.575254440307617,qmix,smacv2,protoss_5_vs_5,101,0.0
4048000,2023,2026-06-11T18:32:40.081524,3.510714292526245,2.154581308364868,0.5102040767669678,7.5,qmix,smacv2,protoss_5_vs_5,101,0.0
4050000,2024,2026-06-11T18:35:48.985623,4.044707298278809,1.9689782857894897,0.7857142090797424,8.376276016235352,qmix,smacv2,protoss_5_vs_5,101,0.0
4052000,2025,2026-06-11T18:39:00.106551,2.8290176391601562,1.2278106212615967,0.9872447848320007,5.459183692932129,qmix,smacv2,protoss_5_vs_5,101,0.0
4054000,2026,2026-06-11T18:42:08.670107,2.8970024585723877,1.1844747066497803,1.02933669090271,5.700254440307617,qmix,smacv2,protoss_5_vs_5,101,0.0
4056000,2027,2026-06-11T18:45:09.590371,4.058418273925781,1.6374379396438599,2.230867385864258,7.539541721343994,qmix,smacv2,protoss_5_vs_5,101,0.0
4058000,2028,2026-06-11T18:48:14.864029,4.206505298614502,2.540400743484497,1.8915817737579346,10.938776016235352,qmix,smacv2,protoss_5_vs_5,101,0.0
4060000,2029,2026-06-11T18:51:23.924937,4.354400634765625,1.9783378839492798,1.1020407676696777,9.178571701049805,qmix,smacv2,protoss_5_vs_5,101,0.0
4062000,2030,2026-06-11T18:54:30.353248,2.908545970916748,1.2879718542099,1.5969387292861938,5.725765228271484,qmix,smacv2,protoss_5_vs_5,101,0.0
4064000,2031,2026-06-11T18:57:38.995541,4.161862373352051,3.092782974243164,0.8571428060531616,14.631378173828125,qmix,smacv2,protoss_5_vs_5,101,0.05000000074505806
4066000,2032,2026-06-11T19:00:41.527750,3.257652997970581,2.2615981101989746,1.3061224222183228,9.048470497131348,qmix,smacv2,protoss_5_vs_5,101,0.0
4068000,2033,2026-06-11T19:03:47.706118,3.514030933380127,1.7584649324417114,0.7334184050559998,7.6530609130859375,qmix,smacv2,protoss_5_vs_5,101,0.0
4070000,2034,2026-06-11T19:06:55.040156,4.243686199188232,2.172213554382324,1.454081654548645,9.043367385864258,qmix,smacv2,protoss_5_vs_5,101,0.0
4072000,2035,2026-06-11T19:10:01.685711,4.020663261413574,2.019063949584961,1.3775510787963867,7.139030456542969,qmix,smacv2,protoss_5_vs_5,101,0.0
4074000,2036,2026-06-11T19:13:10.352265,2.858992338180542,1.784307599067688,0.7653061151504517,7.650510311126709,qmix,smacv2,protoss_5_vs_5,101,0.0
4076000,2037,2026-06-11T19:16:31.166380,3.3297195434570312,1.7301230430603027,1.2895407676696777,7.327805995941162,qmix,smacv2,protoss_5_vs_5,101,0.0
4078000,2038,2026-06-11T19:19:42.417046,3.0873725414276123,1.1994562149047852,1.3839285373687744,5.607142925262451,qmix,smacv2,protoss_5_vs_5,101,0.0
4080000,2039,2026-06-11T19:22:58.832150,3.7674107551574707,2.4884800910949707,1.0408164262771606,10.408163070678711,qmix,smacv2,protoss_5_vs_5,101,0.0
4082000,2040,2026-06-11T19:26:12.509294,3.543750047683716,2.0967676639556885,0.9489795565605164,9.214285850524902,qmix,smacv2,protoss_5_vs_5,101,0.0
4084000,2041,2026-06-11T19:29:28.881564,2.737755298614502,1.6435314416885376,0.34693875908851624,6.688775539398193,qmix,smacv2,protoss_5_vs_5,101,0.0
4086000,2042,2026-06-11T19:32:46.233367,3.5649235248565674,2.1126277446746826,1.1875,8.250000953674316,qmix,smacv2,protoss_5_vs_5,101,0.0
4088000,2043,2026-06-11T19:35:57.773812,4.424298286437988,2.5265607833862305,1.3469388484954834,9.432397842407227,qmix,smacv2,protoss_5_vs_5,101,0.0
4090000,2044,2026-06-11T19:39:09.079332,3.864413022994995,1.8817477226257324,1.2755101919174194,7.343111991882324,qmix,smacv2,protoss_5_vs_5,101,0.0
4092000,2045,2026-06-11T19:42:22.564949,3.6190688610076904,1.9178791046142578,1.3469386100769043,8.644132614135742,qmix,smacv2,protoss_5_vs_5,101,0.0
4094000,2046,2026-06-11T19:45:38.754782,3.02940034866333,2.3096964359283447,1.3367347717285156,11.081632614135742,qmix,smacv2,protoss_5_vs_5,101,0.0
4096000,2047,2026-06-11T19:48:45.242721,3.55676007270813,1.7467213869094849,1.0,7.911990165710449,qmix,smacv2,protoss_5_vs_5,101,0.0
4098000,2048,2026-06-11T19:51:54.562475,3.0146682262420654,1.763081669807434,1.25,7.341836452484131,qmix,smacv2,protoss_5_vs_5,101,0.0
4100000,2049,2026-06-11T19:55:06.669441,2.5211093425750732,1.3977371454238892,0.8877550959587097,5.362245082855225,qmix,smacv2,protoss_5_vs_5,101,0.0
4102000,2050,2026-06-11T19:58:08.669874,3.201594591140747,1.6292728185653687,1.1007652282714844,7.082907676696777,qmix,smacv2,protoss_5_vs_5,101,0.0
4104000,2051,2026-06-11T20:01:15.702591,2.6019134521484375,1.3813104629516602,0.8520408868789673,6.428572177886963,qmix,smacv2,protoss_5_vs_5,101,0.0
4106000,2052,2026-06-11T20:04:30.668269,2.7318878173828125,1.6139752864837646,0.8163264989852905,6.181122303009033,qmix,smacv2,protoss_5_vs_5,101,0.0
4108000,2053,2026-06-11T20:07:39.476970,3.373851776123047,1.5801959037780762,1.1989794969558716,6.464285850524902,qmix,smacv2,protoss_5_vs_5,101,0.0
4110000,2054,2026-06-11T20:10:48.612535,2.8927297592163086,1.385741949081421,1.100765347480774,5.5714287757873535,qmix,smacv2,protoss_5_vs_5,101,0.0
4112000,2055,2026-06-11T20:14:00.155619,3.3569514751434326,2.1153624057769775,0.9387754201889038,8.315051078796387,qmix,smacv2,protoss_5_vs_5,101,0.0
4114000,2056,2026-06-11T20:17:20.196432,3.4270412921905518,1.9824892282485962,1.2321428060531616,8.081632614135742,qmix,smacv2,protoss_5_vs_5,101,0.0
4116000,2057,2026-06-11T20:20:37.370551,3.6458544731140137,2.2889835834503174,1.2755100727081299,9.035714149475098,qmix,smacv2,protoss_5_vs_5,101,0.0
4118000,2058,2026-06-11T20:23:56.803232,3.403252363204956,1.8941341638565063,1.132652997970581,7.734694480895996,qmix,smacv2,protoss_5_vs_5,101,0.0
4120000,2059,2026-06-11T20:27:20.176598,3.324681043624878,2.2439067363739014,0.9056121706962585,9.183672904968262,qmix,smacv2,protoss_5_vs_5,101,0.0
4122000,2060,2026-06-11T20:30:42.533743,3.3994898796081543,1.9564048051834106,1.3061225414276123,8.520408630371094,qmix,smacv2,protoss_5_vs_5,101,0.0
4124000,2061,2026-06-11T20:34:02.783415,3.126147985458374,1.6412745714187622,1.4732143878936768,7.192602634429932,qmix,smacv2,protoss_5_vs_5,101,0.0
4126000,2062,2026-06-11T20:37:19.073228,3.6346302032470703,2.0751121044158936,0.9489795565605164,9.82780647277832,qmix,smacv2,protoss_5_vs_5,101,0.0
4128000,2063,2026-06-11T20:40:45.225957,3.3165180683135986,1.8065948486328125,1.5191326141357422,8.27550983428955,qmix,smacv2,protoss_5_vs_5,101,0.0
4130000,2064,2026-06-11T20:44:10.412311,3.1709182262420654,1.778410792350769,0.9043367505073547,7.767856597900391,qmix,smacv2,protoss_5_vs_5,101,0.0
4132000,2065,2026-06-11T20:47:29.241768,3.3966197967529297,1.6815681457519531,0.9043367505073547,6.80612325668335,qmix,smacv2,protoss_5_vs_5,101,0.0
4134000,2066,2026-06-11T20:50:44.296747,3.0260205268859863,1.7167167663574219,0.3163265287876129,8.603316307067871,qmix,smacv2,protoss_5_vs_5,101,0.0
4136000,2067,2026-06-11T20:53:55.255765,3.9661993980407715,2.4131364822387695,1.0688775777816772,9.512755393981934,qmix,smacv2,protoss_5_vs_5,101,0.0
4138000,2068,2026-06-11T20:57:03.841387,3.610076427459717,1.8582290410995483,0.8533163070678711,8.40561294555664,qmix,smacv2,protoss_5_vs_5,101,0.0
4140000,2069,2026-06-11T21:00:11.989316,3.80867338180542,2.301074504852295,1.3469387292861938,9.397958755493164,qmix,smacv2,protoss_5_vs_5,101,0.0
4142000,2070,2026-06-11T21:03:18.123368,3.4991068840026855,2.413081169128418,0.9961735010147095,10.520408630371094,qmix,smacv2,protoss_5_vs_5,101,0.0
4144000,2071,2026-06-11T21:06:29.965392,3.7716197967529297,2.129272937774658,0.8061224222183228,8.438775062561035,qmix,smacv2,protoss_5_vs_5,101,0.0
4146000,2072,2026-06-11T21:09:42.184272,3.0100128650665283,1.251370906829834,1.2346937656402588,6.0969390869140625,qmix,smacv2,protoss_5_vs_5,101,0.0
4148000,2073,2026-06-11T21:12:53.027118,3.6549105644226074,2.3787593841552734,1.0510203838348389,11.59311294555664,qmix,smacv2,protoss_5_vs_5,101,0.0
4150000,2074,2026-06-11T21:16:05.557613,3.248086929321289,1.4190735816955566,1.5267857313156128,6.346938610076904,qmix,smacv2,protoss_5_vs_5,101,0.0
4152000,2075,2026-06-11T21:19:17.464318,3.271364688873291,1.4215739965438843,1.0484694242477417,6.116071701049805,qmix,smacv2,protoss_5_vs_5,101,0.0
4154000,2076,2026-06-11T21:22:32.886953,3.7360332012176514,2.173140287399292,1.02933669090271,9.517857551574707,qmix,smacv2,protoss_5_vs_5,101,0.0
4156000,2077,2026-06-11T21:25:47.706099,2.851722240447998,0.9576141834259033,0.9081632494926453,4.853316307067871,qmix,smacv2,protoss_5_vs_5,101,0.0
4158000,2078,2026-06-11T21:29:07.180907,3.4979591369628906,1.6531283855438232,1.5318877696990967,6.961734771728516,qmix,smacv2,protoss_5_vs_5,101,0.0
4160000,2079,2026-06-11T21:32:28.357383,2.9434945583343506,0.900173008441925,0.8992346525192261,4.755101680755615,qmix,smacv2,protoss_5_vs_5,101,0.0
4162000,2080,2026-06-11T21:35:44.287930,3.4783802032470703,1.4541001319885254,1.604591727256775,6.989795684814453,qmix,smacv2,protoss_5_vs_5,101,0.0
4164000,2081,2026-06-11T21:39:00.764916,2.920727252960205,1.577842354774475,1.0612244606018066,7.63265323638916,qmix,smacv2,protoss_5_vs_5,101,0.0
4166000,2082,2026-06-11T21:42:31.297564,4.010204315185547,2.244008779525757,0.13265305757522583,8.485969543457031,qmix,smacv2,protoss_5_vs_5,101,0.0
4168000,2083,2026-06-11T21:45:53.312220,3.9975128173828125,1.8630917072296143,1.5994898080825806,8.313775062561035,qmix,smacv2,protoss_5_vs_5,101,0.0
4170000,2084,2026-06-11T21:49:12.722776,3.3294644355773926,1.4521056413650513,1.2984693050384521,6.0459184646606445,qmix,smacv2,protoss_5_vs_5,101,0.0
4172000,2085,2026-06-11T21:52:26.951177,3.2223854064941406,1.6203703880310059,0.8966836929321289,6.318877696990967,qmix,smacv2,protoss_5_vs_5,101,0.0
4174000,2086,2026-06-11T21:55:46.640951,3.9905612468719482,2.208876848220825,0.8265305757522583,8.469388008117676,qmix,smacv2,protoss_5_vs_5,101,0.0
4176000,2087,2026-06-11T21:59:03.875407,3.7689414024353027,1.6149451732635498,0.7563775181770325,7.628826141357422,qmix,smacv2,protoss_5_vs_5,101,0.0
4178000,2088,2026-06-11T22:02:16.024622,3.809885025024414,1.9551820755004883,1.0969387292861938,8.854592323303223,qmix,smacv2,protoss_5_vs_5,101,0.0
4180000,2089,2026-06-11T22:05:33.920403,3.446237564086914,2.2851459980010986,1.224489688873291,9.326530456542969,qmix,smacv2,protoss_5_vs_5,101,0.0
4182000,2090,2026-06-11T22:08:51.231834,3.4445152282714844,1.2137293815612793,1.6109693050384521,5.631377220153809,qmix,smacv2,protoss_5_vs_5,101,0.0
4184000,2091,2026-06-11T22:12:07.456531,2.7788901329040527,1.6254361867904663,1.0561224222183228,6.672194004058838,qmix,smacv2,protoss_5_vs_5,101,0.0
4186000,2092,2026-06-11T22:15:23.941695,3.298724412918091,1.848108172416687,0.9068878293037415,8.110969543457031,qmix,smacv2,protoss_5_vs_5,101,0.0
4188000,2093,2026-06-11T22:18:40.501511,3.0879464149475098,1.6414343118667603,0.5612244606018066,6.948980808258057,qmix,smacv2,protoss_5_vs_5,101,0.0
4190000,2094,2026-06-11T22:21:54.323639,3.0561225414276123,1.6857260465621948,0.5204081535339355,5.793367385864258,qmix,smacv2,protoss_5_vs_5,101,0.0
4192000,2095,2026-06-11T22:25:01.909623,2.9795279502868652,1.4633876085281372,1.1224490404129028,7.316326141357422,qmix,smacv2,protoss_5_vs_5,101,0.0
4194000,2096,2026-06-11T22:28:12.727757,3.6358418464660645,2.0431063175201416,0.9183673858642578,7.844388008117676,qmix,smacv2,protoss_5_vs_5,101,0.0
4196000,2097,2026-06-11T22:31:20.840887,3.2338645458221436,1.1506001949310303,1.103316307067871,5.464285850524902,qmix,smacv2,protoss_5_vs_5,101,0.0
4198000,2098,2026-06-11T22:34:27.229986,3.334120273590088,1.4808517694473267,0.7346938848495483,6.173469543457031,qmix,smacv2,protoss_5_vs_5,101,0.0
4200000,2099,2026-06-11T22:37:34.663969,3.5452804565429688,1.5058386325836182,1.4489796161651611,6.7040815353393555,qmix,smacv2,protoss_5_vs_5,101,0.0
4202000,2100,2026-06-11T22:40:37.772283,3.1660075187683105,1.366932988166809,1.0612244606018066,6.049744606018066,qmix,smacv2,protoss_5_vs_5,101,0.0
4204000,2101,2026-06-11T22:43:43.033572,3.2837371826171875,1.7999743223190308,1.1836735010147095,8.801020622253418,qmix,smacv2,protoss_5_vs_5,101,0.0
4206000,2102,2026-06-11T22:46:50.474900,3.7281250953674316,1.8546758890151978,1.6811221837997437,8.295918464660645,qmix,smacv2,protoss_5_vs_5,101,0.0
4208000,2103,2026-06-11T22:49:58.642392,3.854464054107666,2.395447015762329,1.2551020383834839,12.088010787963867,qmix,smacv2,protoss_5_vs_5,101,0.0
4210000,2104,2026-06-11T22:53:04.137881,3.123915672302246,1.8553227186203003,1.6084182262420654,8.248723983764648,qmix,smacv2,protoss_5_vs_5,101,0.0
4212000,2105,2026-06-11T22:56:09.685047,3.3599486351013184,2.2989959716796875,1.0025509595870972,10.520407676696777,qmix,smacv2,protoss_5_vs_5,101,0.0
4214000,2106,2026-06-11T22:59:20.660476,3.3383288383483887,1.9179271459579468,0.9489795565605164,8.170919418334961,qmix,smacv2,protoss_5_vs_5,101,0.0
4216000,2107,2026-06-11T23:02:24.182911,3.835650682449341,1.9814839363098145,1.1530612707138062,7.317602634429932,qmix,smacv2,protoss_5_vs_5,101,0.0
4218000,2108,2026-06-11T23:05:25.264038,3.679591655731201,2.0153701305389404,1.3125,9.35714340209961,qmix,smacv2,protoss_5_vs_5,101,0.0
4220000,2109,2026-06-11T23:08:29.617822,4.1240434646606445,2.7375314235687256,0.7857142686843872,12.326530456542969,qmix,smacv2,protoss_5_vs_5,101,0.0
4222000,2110,2026-06-11T23:11:38.441195,3.420025587081909,1.9477381706237793,0.6836734414100647,8.502551078796387,qmix,smacv2,protoss_5_vs_5,101,0.0
4224000,2111,2026-06-11T23:14:54.046450,3.195089340209961,1.5678801536560059,1.4285714626312256,6.682398319244385,qmix,smacv2,protoss_5_vs_5,101,0.0
4226000,2112,2026-06-11T23:18:04.799630,3.7548470497131348,1.4586573839187622,1.8469387292861938,6.070152759552002,qmix,smacv2,protoss_5_vs_5,101,0.0
4228000,2113,2026-06-11T23:21:18.719946,2.7689414024353027,1.2300515174865723,0.6632653474807739,4.825254917144775,qmix,smacv2,protoss_5_vs_5,101,0.0
4230000,2114,2026-06-11T23:24:34.045641,3.3202805519104004,1.5668280124664307,1.0918368101119995,6.92984676361084,qmix,smacv2,protoss_5_vs_5,101,0.0
4232000,2115,2026-06-11T23:27:48.880790,3.9425384998321533,1.7491874694824219,1.5471937656402588,7.997448921203613,qmix,smacv2,protoss_5_vs_5,101,0.0
4234000,2116,2026-06-11T23:31:08.523001,2.432079315185547,0.8954662084579468,0.8061224222183228,4.177295684814453,qmix,smacv2,protoss_5_vs_5,101,0.0
4236000,2117,2026-06-11T23:34:29.406224,3.600574016571045,2.4075701236724854,1.0051021575927734,9.042092323303223,qmix,smacv2,protoss_5_vs_5,101,0.0
4238000,2118,2026-06-11T23:37:54.773882,3.324681520462036,1.4898508787155151,1.4298468828201294,7.149234771728516,qmix,smacv2,protoss_5_vs_5,101,0.0
4240000,2119,2026-06-11T23:41:09.656622,2.8389029502868652,1.6492358446121216,0.7346938848495483,7.118622779846191,qmix,smacv2,protoss_5_vs_5,101,0.0
4242000,2120,2026-06-11T23:44:26.190432,3.028954267501831,1.7734912633895874,0.9655612111091614,9.367347717285156,qmix,smacv2,protoss_5_vs_5,101,0.0
4244000,2121,2026-06-11T23:47:48.449160,2.888329267501831,1.9251571893692017,0.3941326439380646,7.202805519104004,qmix,smacv2,protoss_5_vs_5,101,0.0
4246000,2122,2026-06-11T23:51:12.273106,2.900637626647949,1.6025196313858032,0.9183672666549683,6.0204081535339355,qmix,smacv2,protoss_5_vs_5,101,0.0
4248000,2123,2026-06-11T23:54:34.794072,3.3370540142059326,1.9126977920532227,0.6326531171798706,8.489795684814453,qmix,smacv2,protoss_5_vs_5,101,0.0
4250000,2124,2026-06-11T23:58:02.701378,2.975127696990967,1.662723183631897,1.0,6.408163547515869,qmix,smacv2,protoss_5_vs_5,101,0.0
4252000,2125,2026-06-12T00:01:23.630276,3.723724842071533,1.3901609182357788,1.75,7.292092323303223,qmix,smacv2,protoss_5_vs_5,101,0.0
4254000,2126,2026-06-12T00:04:54.963950,3.9661991596221924,1.469451904296875,1.8380104303359985,7.783163547515869,qmix,smacv2,protoss_5_vs_5,101,0.0
4256000,2127,2026-06-12T00:08:32.903434,3.84936261177063,1.84156334400177,1.5140306949615479,7.353315830230713,qmix,smacv2,protoss_5_vs_5,101,0.0
4258000,2128,2026-06-12T00:12:18.903458,3.716836929321289,1.6788098812103271,1.5076532363891602,7.57015323638916,qmix,smacv2,protoss_5_vs_5,101,0.0
4260000,2129,2026-06-12T00:15:27.795271,3.778698682785034,1.7221497297286987,1.8188775777816772,8.818878173828125,qmix,smacv2,protoss_5_vs_5,101,0.0
4262000,2130,2026-06-12T00:18:40.946693,4.423342227935791,1.9315075874328613,1.22066330909729,7.9897966384887695,qmix,smacv2,protoss_5_vs_5,101,0.0
4264000,2131,2026-06-12T00:21:46.450302,2.978699207305908,1.370360255241394,1.5,7.085459232330322,qmix,smacv2,protoss_5_vs_5,101,0.0
4266000,2132,2026-06-12T00:24:57.651883,4.251913070678711,1.6534887552261353,1.4528061151504517,7.332907676696777,qmix,smacv2,protoss_5_vs_5,101,0.0
4268000,2133,2026-06-12T00:28:12.695155,2.4911351203918457,1.3458251953125,0.5943877696990967,4.977040767669678,qmix,smacv2,protoss_5_vs_5,101,0.0
4270000,2134,2026-06-12T00:31:32.025333,3.4541449546813965,1.3728253841400146,1.0701531171798706,5.26147985458374,qmix,smacv2,protoss_5_vs_5,101,0.0
4272000,2135,2026-06-12T00:34:53.549240,3.432908296585083,1.9172693490982056,0.36734694242477417,6.603315830230713,qmix,smacv2,protoss_5_vs_5,101,0.0
4274000,2136,2026-06-12T00:38:18.101113,3.1736607551574707,1.5652406215667725,1.34566330909729,6.2410712242126465,qmix,smacv2,protoss_5_vs_5,101,0.0
4276000,2137,2026-06-12T00:41:42.944817,3.73820161819458,1.755843997001648,1.2448978424072266,8.60714340209961,qmix,smacv2,protoss_5_vs_5,101,0.0
4278000,2138,2026-06-12T00:45:04.837900,4.319451332092285,2.041628837585449,1.6568877696990967,7.877551078796387,qmix,smacv2,protoss_5_vs_5,101,0.0
4280000,2139,2026-06-12T00:48:27.289719,4.133673667907715,2.355201005935669,1.3163264989852905,9.918367385864258,qmix,smacv2,protoss_5_vs_5,101,0.0
4282000,2140,2026-06-12T00:51:54.426729,3.6241068840026855,1.7079273462295532,1.1823979616165161,7.364795684814453,qmix,smacv2,protoss_5_vs_5,101,0.0
4284000,2141,2026-06-12T00:55:15.320081,3.6214287281036377,1.310659408569336,1.5918368101119995,6.244897842407227,qmix,smacv2,protoss_5_vs_5,101,0.0
4286000,2142,2026-06-12T00:58:34.215287,3.570216655731201,2.1285054683685303,0.7155612111091614,7.746173858642578,qmix,smacv2,protoss_5_vs_5,101,0.0
4288000,2143,2026-06-12T01:01:53.157049,3.767091751098633,1.1836758852005005,1.6530611515045166,5.951530456542969,qmix,smacv2,protoss_5_vs_5,101,0.0
4290000,2144,2026-06-12T01:05:14.339445,3.5679211616516113,1.794624924659729,1.4170918464660645,8.19515323638916,qmix,smacv2,protoss_5_vs_5,101,0.0
4292000,2145,2026-06-12T01:08:30.360850,3.854081392288208,1.9970335960388184,1.1339285373687744,8.237244606018066,qmix,smacv2,protoss_5_vs_5,101,0.0
4294000,2146,2026-06-12T01:11:42.447183,3.2163901329040527,1.526614785194397,0.9795917272567749,6.163265228271484,qmix,smacv2,protoss_5_vs_5,101,0.0
4296000,2147,2026-06-12T01:14:59.753949,3.304464340209961,1.5796692371368408,1.2525510787963867,6.173469543457031,qmix,smacv2,protoss_5_vs_5,101,0.0
4298000,2148,2026-06-12T01:18:07.753309,4.040114402770996,2.3429572582244873,1.4234693050384521,9.357142448425293,qmix,smacv2,protoss_5_vs_5,101,0.0
4300000,2149,2026-06-12T01:21:17.069424,2.930994749069214,1.937378168106079,0.5,7.969388484954834,qmix,smacv2,protoss_5_vs_5,101,0.0
4302000,2150,2026-06-12T01:24:30.155789,3.161989688873291,2.3889830112457275,0.7448979616165161,11.501275062561035,qmix,smacv2,protoss_5_vs_5,101,0.0
4304000,2151,2026-06-12T01:27:37.699497,3.3359694480895996,1.4213801622390747,1.5612244606018066,7.835459232330322,qmix,smacv2,protoss_5_vs_5,101,0.0
4306000,2152,2026-06-12T01:30:47.278047,4.3107781410217285,3.2310447692871094,1.2551020383834839,16.53061294555664,qmix,smacv2,protoss_5_vs_5,101,0.05000000074505806
4308000,2153,2026-06-12T01:33:57.951267,3.343048572540283,1.8332574367523193,1.1122448444366455,7.959183692932129,qmix,smacv2,protoss_5_vs_5,101,0.0
4310000,2154,2026-06-12T01:37:10.185838,3.4579720497131348,2.110125780105591,0.5510203838348389,9.989795684814453,qmix,smacv2,protoss_5_vs_5,101,0.0
4312000,2155,2026-06-12T01:40:20.479397,2.9704718589782715,1.7311515808105469,0.8163264989852905,6.358417987823486,qmix,smacv2,protoss_5_vs_5,101,0.0
4314000,2156,2026-06-12T01:43:29.508063,3.3585457801818848,1.6797492504119873,1.1071428060531616,6.36734676361084,qmix,smacv2,protoss_5_vs_5,101,0.0
4316000,2157,2026-06-12T01:46:36.695879,2.9777421951293945,1.7737723588943481,0.9489795565605164,7.3290815353393555,qmix,smacv2,protoss_5_vs_5,101,0.0
4318000,2158,2026-06-12T01:49:48.588492,2.6848855018615723,1.6350319385528564,1.0803570747375488,6.326530933380127,qmix,smacv2,protoss_5_vs_5,101,0.0
4320000,2159,2026-06-12T01:53:00.623374,4.214413642883301,2.603893518447876,1.0,11.729591369628906,qmix,smacv2,protoss_5_vs_5,101,0.0
4322000,2160,2026-06-12T01:56:11.619730,3.414987087249756,2.160659074783325,1.3571428060531616,9.418367385864258,qmix,smacv2,protoss_5_vs_5,101,0.0
4324000,2161,2026-06-12T01:59:23.778956,3.0634570121765137,1.1643128395080566,1.2933673858642578,6.173469543457031,qmix,smacv2,protoss_5_vs_5,101,0.0
4326000,2162,2026-06-12T02:02:34.589416,3.0996174812316895,2.0458030700683594,0.8979592323303223,7.725764274597168,qmix,smacv2,protoss_5_vs_5,101,0.0
4328000,2163,2026-06-12T02:05:41.252381,3.419069290161133,1.6144543886184692,0.9030612111091614,7.061224460601807,qmix,smacv2,protoss_5_vs_5,101,0.0
4330000,2164,2026-06-12T02:08:49.215005,2.6435585021972656,1.5325168371200562,0.9489795565605164,7.123724460601807,qmix,smacv2,protoss_5_vs_5,101,0.0
4332000,2165,2026-06-12T02:12:00.326030,4.156186103820801,3.381622791290283,0.6364795565605164,14.036989212036133,qmix,smacv2,protoss_5_vs_5,101,0.0
4334000,2166,2026-06-12T02:15:07.430813,3.357525587081909,1.5226104259490967,1.5153061151504517,7.251275539398193,qmix,smacv2,protoss_5_vs_5,101,0.0
4336000,2167,2026-06-12T02:18:24.048935,4.200255393981934,1.8754382133483887,1.4642857313156128,7.889030456542969,qmix,smacv2,protoss_5_vs_5,101,0.0
4338000,2168,2026-06-12T02:21:40.124197,4.414732456207275,2.1874444484710693,1.5446429252624512,8.284438133239746,qmix,smacv2,protoss_5_vs_5,101,0.0
4340000,2169,2026-06-12T02:24:58.581143,3.543813705444336,1.4771019220352173,1.2729592323303223,6.2040815353393555,qmix,smacv2,protoss_5_vs_5,101,0.0
4342000,2170,2026-06-12T02:28:14.598248,3.777040481567383,1.993245005607605,1.5204081535339355,7.594388008117676,qmix,smacv2,protoss_5_vs_5,101,0.0
4344000,2171,2026-06-12T02:31:28.996379,3.260777711868286,2.3360702991485596,0.6428571343421936,9.408163070678711,qmix,smacv2,protoss_5_vs_5,101,0.0
4346000,2172,2026-06-12T02:34:47.800955,3.907780408859253,2.5861763954162598,1.070152997970581,11.418367385864258,qmix,smacv2,protoss_5_vs_5,101,0.0
4348000,2173,2026-06-12T02:38:06.807305,4.41804838180542,3.2853455543518066,1.31632661819458,14.511480331420898,qmix,smacv2,protoss_5_vs_5,101,0.05000000074505806
4350000,2174,2026-06-12T02:41:12.134716,3.6139025688171387,1.4409581422805786,1.2920918464660645,5.999999523162842,qmix,smacv2,protoss_5_vs_5,101,0.0
4352000,2175,2026-06-12T02:44:22.877486,3.987819194793701,2.5306551456451416,1.3061225414276123,10.479592323303223,qmix,smacv2,protoss_5_vs_5,101,0.0
4354000,2176,2026-06-12T02:47:25.208241,4.041836738586426,1.9829994440078735,1.2653061151504517,8.37755012512207,qmix,smacv2,protoss_5_vs_5,101,0.0
4356000,2177,2026-06-12T02:50:32.003024,3.3503189086914062,1.7523233890533447,1.2933675050735474,8.663265228271484,qmix,smacv2,protoss_5_vs_5,101,0.0
4358000,2178,2026-06-12T02:53:43.069473,3.9532527923583984,1.902373194694519,1.3928571939468384,7.047194004058838,qmix,smacv2,protoss_5_vs_5,101,0.0
4360000,2179,2026-06-12T02:56:52.273845,2.668494939804077,1.7453253269195557,0.8992347717285156,6.385204315185547,qmix,smacv2,protoss_5_vs_5,101,0.0
4362000,2180,2026-06-12T03:00:02.976103,3.68176007270813,2.022092580795288,0.8367347717285156,8.275510787963867,qmix,smacv2,protoss_5_vs_5,101,0.0
4364000,2181,2026-06-12T03:03:09.771833,3.7520413398742676,1.4947714805603027,1.5191326141357422,7.2066330909729,qmix,smacv2,protoss_5_vs_5,101,0.0
4366000,2182,2026-06-12T03:06:10.217952,4.497640132904053,2.442540168762207,1.6530611515045166,10.345663070678711,qmix,smacv2,protoss_5_vs_5,101,0.0
4368000,2183,2026-06-12T03:09:17.323742,3.3828444480895996,1.7192473411560059,0.8367347717285156,7.725766181945801,qmix,smacv2,protoss_5_vs_5,101,0.0
4370000,2184,2026-06-12T03:12:24.239495,4.4059953689575195,2.53995943069458,1.0905611515045166,12.58545970916748,qmix,smacv2,protoss_5_vs_5,101,0.0
4372000,2185,2026-06-12T03:15:39.403655,3.453890562057495,1.987297534942627,0.8227041363716125,8.477041244506836,qmix,smacv2,protoss_5_vs_5,101,0.0
4374000,2186,2026-06-12T03:18:44.621713,2.563584089279175,1.215591549873352,1.44132661819458,6.765305519104004,qmix,smacv2,protoss_5_vs_5,101,0.0
4376000,2187,2026-06-12T03:21:55.563083,3.961479663848877,2.2601921558380127,0.928571343421936,9.730867385864258,qmix,smacv2,protoss_5_vs_5,101,0.0
4378000,2188,2026-06-12T03:25:06.382248,3.3702168464660645,1.521813154220581,1.132652997970581,6.6849493980407715,qmix,smacv2,protoss_5_vs_5,101,0.0
4380000,2189,2026-06-12T03:28:19.972850,3.781250476837158,2.4838016033172607,1.24617338180542,11.998723983764648,qmix,smacv2,protoss_5_vs_5,101,0.0
4382000,2190,2026-06-12T03:31:31.209333,3.4057400226593018,2.1636483669281006,0.8061224222183228,7.247448921203613,qmix,smacv2,protoss_5_vs_5,101,0.0
4384000,2191,2026-06-12T03:34:34.333378,3.638456344604492,1.7463934421539307,1.4387755393981934,7.82397985458374,qmix,smacv2,protoss_5_vs_5,101,0.0
4386000,2192,2026-06-12T03:37:38.559464,3.4895408153533936,1.3954476118087769,1.626275658607483,6.743622779846191,qmix,smacv2,protoss_5_vs_5,101,0.0
4388000,2193,2026-06-12T03:40:44.491080,3.819323778152466,1.7547141313552856,1.496173620223999,7.1530609130859375,qmix,smacv2,protoss_5_vs_5,101,0.0
4390000,2194,2026-06-12T03:43:47.820678,3.8084182739257812,1.5104420185089111,1.7678571939468384,7.095663547515869,qmix,smacv2,protoss_5_vs_5,101,0.0
4392000,2195,2026-06-12T03:46:51.421062,3.1674110889434814,2.194732666015625,0.9247449040412903,10.591836929321289,qmix,smacv2,protoss_5_vs_5,101,0.0
4394000,2196,2026-06-12T03:49:54.214774,3.7114157676696777,2.1112442016601562,1.3061224222183228,9.515305519104004,qmix,smacv2,protoss_5_vs_5,101,0.0
4396000,2197,2026-06-12T03:53:01.068912,3.2112884521484375,1.7495684623718262,0.9770408868789673,6.710458278656006,qmix,smacv2,protoss_5_vs_5,101,0.0
4398000,2198,2026-06-12T03:56:09.742742,3.2006378173828125,1.3536938428878784,0.9081632494926453,5.512755393981934,qmix,smacv2,protoss_5_vs_5,101,0.0
4400000,2199,2026-06-12T03:59:25.171174,3.6034438610076904,1.7202733755111694,0.7525510191917419,6.500000953674316,qmix,smacv2,protoss_5_vs_5,101,0.0
4402000,2200,2026-06-12T04:02:41.070755,4.056760787963867,1.7134943008422852,1.6632654666900635,7.663265228271484,qmix,smacv2,protoss_5_vs_5,101,0.0
4404000,2201,2026-06-12T04:06:04.553285,3.7143497467041016,2.4354140758514404,0.8163264989852905,8.807397842407227,qmix,smacv2,protoss_5_vs_5,101,0.0
4406000,2202,2026-06-12T04:09:24.917761,3.6209819316864014,2.1742844581604004,1.149234652519226,8.715560913085938,qmix,smacv2,protoss_5_vs_5,101,0.0
4408000,2203,2026-06-12T04:12:45.630069,2.7208547592163086,1.5671395063400269,0.5612245202064514,7.061224460601807,qmix,smacv2,protoss_5_vs_5,101,0.0
4410000,2204,2026-06-12T04:16:09.770043,3.37684965133667,1.6882375478744507,1.623724341392517,7.857142448425293,qmix,smacv2,protoss_5_vs_5,101,0.0
4412000,2205,2026-06-12T04:19:31.329068,3.711606979370117,1.6269068717956543,1.4209184646606445,7.549744606018066,qmix,smacv2,protoss_5_vs_5,101,0.0
4414000,2206,2026-06-12T04:22:52.744204,3.5978312492370605,1.3457525968551636,1.4349491596221924,6.591836452484131,qmix,smacv2,protoss_5_vs_5,101,0.0
4416000,2207,2026-06-12T04:26:10.116241,3.513265609741211,2.3296172618865967,0.5956632494926453,9.628827095031738,qmix,smacv2,protoss_5_vs_5,101,0.0
4418000,2208,2026-06-12T04:29:25.749366,3.2025513648986816,1.7441468238830566,0.8775510787963867,8.530611991882324,qmix,smacv2,protoss_5_vs_5,101,0.0
4420000,2209,2026-06-12T04:32:49.421805,3.1929211616516113,2.170548677444458,0.9298469424247742,9.793367385864258,qmix,smacv2,protoss_5_vs_5,101,0.0
4422000,2210,2026-06-12T04:36:08.848187,3.3522961139678955,1.8578671216964722,1.2436224222183228,8.308672904968262,qmix,smacv2,protoss_5_vs_5,101,0.0
4424000,2211,2026-06-12T04:39:24.867491,3.714987277984619,1.7069746255874634,1.3150509595870972,6.911988735198975,qmix,smacv2,protoss_5_vs_5,101,0.0
4426000,2212,2026-06-12T04:42:43.885285,3.0478951930999756,1.6383016109466553,1.0931122303009033,7.2334184646606445,qmix,smacv2,protoss_5_vs_5,101,0.0
4428000,2213,2026-06-12T04:45:55.962508,3.4473214149475098,1.7281914949417114,1.334183692932129,6.767857551574707,qmix,smacv2,protoss_5_vs_5,101,0.0
4430000,2214,2026-06-12T04:49:03.876268,4.02327823638916,1.9510602951049805,1.5688774585723877,8.441326141357422,qmix,smacv2,protoss_5_vs_5,101,0.0
4432000,2215,2026-06-12T04:52:10.270844,3.545408248901367,1.9759596586227417,1.6198980808258057,8.090560913085938,qmix,smacv2,protoss_5_vs_5,101,0.0
4434000,2216,2026-06-12T04:55:13.487649,3.054527997970581,1.4892728328704834,1.0918368101119995,7.086734771728516,qmix,smacv2,protoss_5_vs_5,101,0.0
4436000,2217,2026-06-12T04:58:19.198016,4.005740165710449,2.1594908237457275,1.4285712242126465,9.63775634765625,qmix,smacv2,protoss_5_vs_5,101,0.0
4438000,2218,2026-06-12T05:01:23.976889,4.622576713562012,2.3956713676452637,1.0510203838348389,10.623723983764648,qmix,smacv2,protoss_5_vs_5,101,0.0
4440000,2219,2026-06-12T05:04:35.703022,3.708418369293213,2.3305575847625732,0.8061224222183228,8.127551078796387,qmix,smacv2,protoss_5_vs_5,101,0.0
4442000,2220,2026-06-12T05:07:41.601916,3.357461452484131,1.7449517250061035,0.26530611515045166,7.469388008117676,qmix,smacv2,protoss_5_vs_5,101,0.0
4444000,2221,2026-06-12T05:10:52.967876,3.5136477947235107,2.322845220565796,1.0306122303009033,9.026785850524902,qmix,smacv2,protoss_5_vs_5,101,0.0
4446000,2222,2026-06-12T05:14:00.243711,4.111415863037109,1.940801739692688,1.5497448444366455,8.489795684814453,qmix,smacv2,protoss_5_vs_5,101,0.0
4448000,2223,2026-06-12T05:17:07.654661,4.373086452484131,2.8605897426605225,1.3239794969558716,12.866070747375488,qmix,smacv2,protoss_5_vs_5,101,0.05000000074505806
4450000,2224,2026-06-12T05:20:17.100072,4.123532772064209,2.1872315406799316,1.25,9.966836929321289,qmix,smacv2,protoss_5_vs_5,101,0.0
4452000,2225,2026-06-12T05:23:22.192309,3.425318956375122,2.0564117431640625,1.3673468828201294,7.93877649307251,qmix,smacv2,protoss_5_vs_5,101,0.0
4454000,2226,2026-06-12T05:26:35.133932,3.9689419269561768,1.9656471014022827,1.52933669090271,8.128827095031738,qmix,smacv2,protoss_5_vs_5,101,0.0
4456000,2227,2026-06-12T05:29:40.807739,3.3427300453186035,1.7367340326309204,1.3163264989852905,6.964285373687744,qmix,smacv2,protoss_5_vs_5,101,0.0
4458000,2228,2026-06-12T05:32:40.909859,3.8097572326660156,2.1063380241394043,1.3635203838348389,8.483418464660645,qmix,smacv2,protoss_5_vs_5,101,0.0
4460000,2229,2026-06-12T05:35:41.705958,2.863520383834839,1.7087815999984741,0.9655612707138062,7.6224493980407715,qmix,smacv2,protoss_5_vs_5,101,0.0
4462000,2230,2026-06-12T05:38:41.451964,3.2570788860321045,1.7849090099334717,0.8941326141357422,7.591836452484131,qmix,smacv2,protoss_5_vs_5,101,0.0
4464000,2231,2026-06-12T05:41:42.828182,3.9327807426452637,2.4415173530578613,0.9196428060531616,8.806122779846191,qmix,smacv2,protoss_5_vs_5,101,0.0
4466000,2232,2026-06-12T05:44:47.893784,3.1565051078796387,1.3685214519500732,0.6224489808082581,5.552296161651611,qmix,smacv2,protoss_5_vs_5,101,0.0
4468000,2233,2026-06-12T05:47:53.503147,3.504528045654297,1.9107985496520996,1.2232142686843872,8.404336929321289,qmix,smacv2,protoss_5_vs_5,101,0.0
4470000,2234,2026-06-12T05:51:05.549113,3.642155408859253,2.016082286834717,1.2028061151504517,10.183672904968262,qmix,smacv2,protoss_5_vs_5,101,0.0
4472000,2235,2026-06-12T05:54:17.301429,4.134438514709473,2.511873960494995,1.2372448444366455,11.206632614135742,qmix,smacv2,protoss_5_vs_5,101,0.0
4474000,2236,2026-06-12T05:57:31.781367,3.1846938133239746,1.4413745403289795,0.7040815949440002,5.7040815353393555,qmix,smacv2,protoss_5_vs_5,101,0.0
4476000,2237,2026-06-12T06:00:53.387780,3.647130250930786,3.2057220935821533,1.0714285373687744,14.489794731140137,qmix,smacv2,protoss_5_vs_5,101,0.05000000074505806
4478000,2238,2026-06-12T06:04:27.208195,3.4764034748077393,1.6438415050506592,1.2244898080825806,6.221938610076904,qmix,smacv2,protoss_5_vs_5,101,0.0
4480000,2239,2026-06-12T06:07:54.272772,3.136096954345703,2.490105390548706,0.704081654548645,10.346939086914062,qmix,smacv2,protoss_5_vs_5,101,0.0
4482000,2240,2026-06-12T06:11:27.892628,3.3065688610076904,2.1377944946289062,0.18367347121238708,9.73469352722168,qmix,smacv2,protoss_5_vs_5,101,0.0
4484000,2241,2026-06-12T06:15:18.468729,3.5806121826171875,1.4653303623199463,1.2767857313156128,5.954081058502197,qmix,smacv2,protoss_5_vs_5,101,0.0
4486000,2242,2026-06-12T06:18:49.465341,2.728698968887329,0.9693631529808044,1.1734694242477417,5.306122779846191,qmix,smacv2,protoss_5_vs_5,101,0.0
4488000,2243,2026-06-12T06:22:19.797881,2.941262722015381,1.365061640739441,0.5612244606018066,5.539540767669678,qmix,smacv2,protoss_5_vs_5,101,0.0
4490000,2244,2026-06-12T06:25:47.488523,3.1887118816375732,1.9044471979141235,1.0522959232330322,6.794642448425293,qmix,smacv2,protoss_5_vs_5,101,0.0
4492000,2245,2026-06-12T06:29:04.392629,3.210331678390503,1.6699023246765137,0.9081632494926453,6.63265323638916,qmix,smacv2,protoss_5_vs_5,101,0.0
4494000,2246,2026-06-12T06:32:21.565124,4.0394768714904785,2.1954872608184814,0.9387754201889038,8.459184646606445,qmix,smacv2,protoss_5_vs_5,101,0.0
4496000,2247,2026-06-12T06:35:41.378285,2.6681761741638184,1.499996542930603,1.1224489212036133,5.577805995941162,qmix,smacv2,protoss_5_vs_5,101,0.0
4498000,2248,2026-06-12T06:38:59.382122,2.66422176361084,1.18427312374115,0.989795982837677,6.400509834289551,qmix,smacv2,protoss_5_vs_5,101,0.0
4500000,2249,2026-06-12T06:42:17.189486,3.39056134223938,3.7042315006256104,1.0471938848495483,18.6135196685791,qmix,smacv2,protoss_5_vs_5,101,0.05000000074505806
4502000,2250,2026-06-12T06:45:33.081141,3.3695156574249268,1.6393632888793945,1.117347002029419,7.010205268859863,qmix,smacv2,protoss_5_vs_5,101,0.0
4504000,2251,2026-06-12T06:48:48.073731,3.232461929321289,2.113217830657959,1.4859694242477417,9.73469352722168,qmix,smacv2,protoss_5_vs_5,101,0.0
4506000,2252,2026-06-12T06:52:06.011195,3.960777997970581,2.377594470977783,1.5331631898880005,9.07780647277832,qmix,smacv2,protoss_5_vs_5,101,0.0
4508000,2253,2026-06-12T06:55:15.902514,3.2817599773406982,1.6044262647628784,1.3061224222183228,8.033163070678711,qmix,smacv2,protoss_5_vs_5,101,0.0
4510000,2254,2026-06-12T06:58:30.045272,3.7921557426452637,1.888704538345337,1.2448979616165161,7.63265323638916,qmix,smacv2,protoss_5_vs_5,101,0.0
4512000,2255,2026-06-12T07:01:44.092792,2.930612325668335,1.3013052940368652,1.2857143878936768,6.336734771728516,qmix,smacv2,protoss_5_vs_5,101,0.0
4514000,2256,2026-06-12T07:04:57.051517,4.123660087585449,2.43820858001709,0.8571428060531616,10.714284896850586,qmix,smacv2,protoss_5_vs_5,101,0.0
4516000,2257,2026-06-12T07:08:07.410839,3.641773223876953,1.7096688747406006,1.6645408868789673,7.427295684814453,qmix,smacv2,protoss_5_vs_5,101,0.0
4518000,2258,2026-06-12T07:11:44.428917,4.158801078796387,3.373523473739624,1.4974490404129028,16.628828048706055,qmix,smacv2,protoss_5_vs_5,101,0.05000000074505806
4520000,2259,2026-06-12T07:14:53.814062,2.602869749069214,1.9905833005905151,1.0612244606018066,9.701530456542969,qmix,smacv2,protoss_5_vs_5,101,0.0
4522000,2260,2026-06-12T07:17:58.490446,3.6167731285095215,1.9166631698608398,0.7244898080825806,8.285715103149414,qmix,smacv2,protoss_5_vs_5,101,0.0
4524000,2261,2026-06-12T07:21:03.970798,3.2998085021972656,1.8794212341308594,1.1926020383834839,6.816327095031738,qmix,smacv2,protoss_5_vs_5,101,0.0
4526000,2262,2026-06-12T07:24:07.616637,4.173214435577393,2.1056840419769287,1.4579081535339355,8.326530456542969,qmix,smacv2,protoss_5_vs_5,101,0.0
4528000,2263,2026-06-12T07:27:09.260245,4.016263008117676,1.5906577110290527,1.6632654666900635,7.434948921203613,qmix,smacv2,protoss_5_vs_5,101,0.0
4530000,2264,2026-06-12T07:30:10.357682,3.940114974975586,1.7724997997283936,1.4464285373687744,7.080356597900391,qmix,smacv2,protoss_5_vs_5,101,0.0
4532000,2265,2026-06-12T07:33:28.621467,3.163966655731201,1.7640470266342163,0.5,6.102040767669678,qmix,smacv2,protoss_5_vs_5,101,0.0
4534000,2266,2026-06-12T07:36:34.570632,3.5967471599578857,1.4360835552215576,1.3137755393981934,6.562499046325684,qmix,smacv2,protoss_5_vs_5,101,0.0
4536000,2267,2026-06-12T07:39:40.017729,4.06619930267334,1.6691679954528809,1.5650509595870972,7.565051078796387,qmix,smacv2,protoss_5_vs_5,101,0.0
4538000,2268,2026-06-12T07:42:47.052510,3.0279974937438965,1.7777717113494873,0.9489795565605164,6.184948921203613,qmix,smacv2,protoss_5_vs_5,101,0.0
4540000,2269,2026-06-12T07:45:59.708167,3.7136483192443848,2.3907783031463623,0.8265306353569031,9.448980331420898,qmix,smacv2,protoss_5_vs_5,101,0.0
4542000,2270,2026-06-12T07:49:05.769932,3.483163356781006,1.644001841545105,1.09183669090271,6.619897365570068,qmix,smacv2,protoss_5_vs_5,101,0.0
4544000,2271,2026-06-12T07:52:15.473655,3.8702805042266846,2.499999761581421,0.8864795565605164,9.91964340209961,qmix,smacv2,protoss_5_vs_5,101,0.0
4546000,2272,2026-06-12T07:55:15.490826,3.647895336151123,2.250013589859009,0.8456632494926453,8.202805519104004,qmix,smacv2,protoss_5_vs_5,101,0.0
4548000,2273,2026-06-12T07:58:26.518801,3.1656248569488525,1.5931477546691895,1.1390304565429688,6.281888008117676,qmix,smacv2,protoss_5_vs_5,101,0.0
4550000,2274,2026-06-12T08:01:35.747212,3.2078444957733154,1.3991836309432983,1.2295918464660645,6.684948921203613,qmix,smacv2,protoss_5_vs_5,101,0.0
4552000,2275,2026-06-12T08:04:42.687141,3.73252534866333,1.5072531700134277,0.9489795565605164,6.683672904968262,qmix,smacv2,protoss_5_vs_5,101,0.0
4554000,2276,2026-06-12T08:07:53.268832,2.932142972946167,1.5815117359161377,0.6428571343421936,7.464285850524902,qmix,smacv2,protoss_5_vs_5,101,0.0
4556000,2277,2026-06-12T08:11:06.130908,3.6849491596221924,2.1914052963256836,0.4693877100944519,10.13010311126709,qmix,smacv2,protoss_5_vs_5,101,0.0
4558000,2278,2026-06-12T08:14:22.148252,3.1663906574249268,1.689225673675537,1.626275658607483,7.913266181945801,qmix,smacv2,protoss_5_vs_5,101,0.0
4560000,2279,2026-06-12T08:17:41.796248,3.192410707473755,1.8407219648361206,0.8647958636283875,8.012755393981934,qmix,smacv2,protoss_5_vs_5,101,0.0
4562000,2280,2026-06-12T08:20:57.112358,4.598086833953857,1.6837198734283447,1.8380101919174194,7.50765323638916,qmix,smacv2,protoss_5_vs_5,101,0.0
4564000,2281,2026-06-12T08:24:11.549884,3.1507649421691895,1.432241439819336,1.5918368101119995,7.140305995941162,qmix,smacv2,protoss_5_vs_5,101,0.0
4566000,2282,2026-06-12T08:27:26.118919,3.3889031410217285,1.2489436864852905,1.9489796161651611,5.869897842407227,qmix,smacv2,protoss_5_vs_5,101,0.0
4568000,2283,2026-06-12T08:30:39.164151,3.9445152282714844,1.881150722503662,0.5510203838348389,7.142857551574707,qmix,smacv2,protoss_5_vs_5,101,0.0
4570000,2284,2026-06-12T08:33:51.679689,3.8245532512664795,2.073460102081299,1.5395408868789673,8.910715103149414,qmix,smacv2,protoss_5_vs_5,101,0.0
4572000,2285,2026-06-12T08:37:01.719736,3.7040181159973145,1.9507336616516113,1.6122448444366455,8.621173858642578,qmix,smacv2,protoss_5_vs_5,101,0.0
4574000,2286,2026-06-12T08:40:12.736227,3.4818241596221924,1.7047690153121948,1.6428571939468384,7.610969543457031,qmix,smacv2,protoss_5_vs_5,101,0.0
4576000,2287,2026-06-12T08:43:22.298035,3.844515323638916,2.220421552658081,1.6109693050384521,10.000000953674316,qmix,smacv2,protoss_5_vs_5,101,0.0
4578000,2288,2026-06-12T08:46:35.126384,3.676020383834839,2.4059431552886963,0.9056123495101929,9.397958755493164,qmix,smacv2,protoss_5_vs_5,101,0.0
4580000,2289,2026-06-12T08:49:46.291001,1.9873087406158447,0.7883939146995544,0.9897958636283875,3.711735248565674,qmix,smacv2,protoss_5_vs_5,101,0.0
4582000,2290,2026-06-12T08:52:56.980107,2.859056234359741,1.570265531539917,0.7423469424247742,6.7410712242126465,qmix,smacv2,protoss_5_vs_5,101,0.0
4584000,2291,2026-06-12T08:56:12.625047,2.8721299171447754,1.5523591041564941,0.13265305757522583,5.765305995941162,qmix,smacv2,protoss_5_vs_5,101,0.0
4586000,2292,2026-06-12T08:59:26.432260,2.801785707473755,1.6238582134246826,1.1645407676696777,8.25765323638916,qmix,smacv2,protoss_5_vs_5,101,0.0
4588000,2293,2026-06-12T09:02:41.042736,3.417665958404541,1.7921836376190186,1.311224341392517,6.979592323303223,qmix,smacv2,protoss_5_vs_5,101,0.0
4590000,2294,2026-06-12T09:05:51.657236,3.4632010459899902,1.3725061416625977,1.3596938848495483,6.132652282714844,qmix,smacv2,protoss_5_vs_5,101,0.0
4592000,2295,2026-06-12T09:09:04.589987,3.6854591369628906,1.7125251293182373,1.6390306949615479,7.150510311126709,qmix,smacv2,protoss_5_vs_5,101,0.0
4594000,2296,2026-06-12T09:12:17.698275,3.3202807903289795,2.2874844074249268,0.9489795565605164,8.97449016571045,qmix,smacv2,protoss_5_vs_5,101,0.0
4596000,2297,2026-06-12T09:15:28.941856,3.1274871826171875,1.694619059562683,0.5982142686843872,8.026785850524902,qmix,smacv2,protoss_5_vs_5,101,0.0
4598000,2298,2026-06-12T09:18:42.931113,3.1907525062561035,1.342295527458191,1.549744963645935,7.664541721343994,qmix,smacv2,protoss_5_vs_5,101,0.0
4600000,2299,2026-06-12T09:22:03.879547,3.7665817737579346,1.9422099590301514,1.6517856121063232,9.029335975646973,qmix,smacv2,protoss_5_vs_5,101,0.0
4602000,2300,2026-06-12T09:25:20.415630,3.555676221847534,2.085200786590576,1.045918345451355,8.252551078796387,qmix,smacv2,protoss_5_vs_5,101,0.0
4604000,2301,2026-06-12T09:28:29.423087,3.5538265705108643,2.0723109245300293,1.03316330909729,7.917092323303223,qmix,smacv2,protoss_5_vs_5,101,0.0
4606000,2302,2026-06-12T09:31:40.494463,3.9822700023651123,2.0599262714385986,1.4744898080825806,8.766581535339355,qmix,smacv2,protoss_5_vs_5,101,0.0
4608000,2303,2026-06-12T09:34:54.936623,3.7352042198181152,1.8512263298034668,1.3035714626312256,7.448979377746582,qmix,smacv2,protoss_5_vs_5,101,0.0
4610000,2304,2026-06-12T09:38:06.009034,3.606951951980591,1.5979527235031128,1.55867338180542,6.397959232330322,qmix,smacv2,protoss_5_vs_5,101,0.0
4612000,2305,2026-06-12T09:41:21.590057,2.887181043624878,1.4951235055923462,0.7346938848495483,6.548469543457031,qmix,smacv2,protoss_5_vs_5,101,0.0
4614000,2306,2026-06-12T09:44:37.620826,4.2597575187683105,2.0342214107513428,1.6224491596221924,9.173469543457031,qmix,smacv2,protoss_5_vs_5,101,0.0
4616000,2307,2026-06-12T09:47:52.030787,3.549936294555664,1.9851692914962769,1.3647958040237427,8.418367385864258,qmix,smacv2,protoss_5_vs_5,101,0.0
4618000,2308,2026-06-12T09:51:09.936440,3.027487277984619,1.3185497522354126,1.0395407676696777,5.434948921203613,qmix,smacv2,protoss_5_vs_5,101,0.0
4620000,2309,2026-06-12T09:54:23.911780,4.3641581535339355,2.231473922729492,1.632652997970581,9.89795970916748,qmix,smacv2,protoss_5_vs_5,101,0.0
4622000,2310,2026-06-12T09:57:44.672451,3.8920280933380127,2.4316213130950928,0.7346938848495483,8.683673858642578,qmix,smacv2,protoss_5_vs_5,101,0.0
4624000,2311,2026-06-12T10:00:54.876138,3.187819004058838,1.3710659742355347,1.2589285373687744,6.030612468719482,qmix,smacv2,protoss_5_vs_5,101,0.0
4626000,2312,2026-06-12T10:04:07.108611,2.8035073280334473,1.802270531654358,0.8673468828201294,7.938775062561035,qmix,smacv2,protoss_5_vs_5,101,0.0
4628000,2313,2026-06-12T10:07:27.168049,3.1445791721343994,2.179534435272217,0.295918345451355,9.163265228271484,qmix,smacv2,protoss_5_vs_5,101,0.0
4630000,2314,2026-06-12T10:10:39.179835,3.2132651805877686,1.7938264608383179,0.9642857313156128,7.065051078796387,qmix,smacv2,protoss_5_vs_5,101,0.0
4632000,2315,2026-06-12T10:13:46.716150,3.5680484771728516,1.596924901008606,1.7742345333099365,6.479592323303223,qmix,smacv2,protoss_5_vs_5,101,0.0
4634000,2316,2026-06-12T10:17:02.465840,3.401275634765625,2.0160186290740967,1.1122448444366455,7.55102014541626,qmix,smacv2,protoss_5_vs_5,101,0.0
4636000,2317,2026-06-12T10:20:11.180515,3.9750633239746094,2.3012101650238037,1.040816307067871,8.840560913085938,qmix,smacv2,protoss_5_vs_5,101,0.0
4638000,2318,2026-06-12T10:23:11.166569,3.5172832012176514,1.317277431488037,1.5867347717285156,6.325255393981934,qmix,smacv2,protoss_5_vs_5,101,0.0
4640000,2319,2026-06-12T10:26:08.198750,4.411224842071533,2.137195348739624,1.5905611515045166,10.195152282714844,qmix,smacv2,protoss_5_vs_5,101,0.0
4642000,2320,2026-06-12T10:29:05.484378,3.4479591846466064,1.7668039798736572,1.3010203838348389,8.131377220153809,qmix,smacv2,protoss_5_vs_5,101,0.0
4644000,2321,2026-06-12T10:31:59.646911,3.3560585975646973,1.448496699333191,1.3533161878585815,6.530611991882324,qmix,smacv2,protoss_5_vs_5,101,0.0
4646000,2322,2026-06-12T10:35:04.506649,4.115370273590088,1.7372095584869385,1.4387755393981934,8.158163070678711,qmix,smacv2,protoss_5_vs_5,101,0.0
4648000,2323,2026-06-12T10:38:09.075315,3.896045684814453,1.6216596364974976,0.9987245798110962,7.100765228271484,qmix,smacv2,protoss_5_vs_5,101,0.0
4650000,2324,2026-06-12T10:41:15.539164,3.0169641971588135,1.26570463180542,1.2410714626312256,5.753826141357422,qmix,smacv2,protoss_5_vs_5,101,0.0
4652000,2325,2026-06-12T10:44:22.907764,3.777869701385498,1.980931043624878,1.1645407676696777,8.071428298950195,qmix,smacv2,protoss_5_vs_5,101,0.0
4654000,2326,2026-06-12T10:47:40.066674,3.267665386199951,1.7747033834457397,1.3354592323303223,8.459184646606445,qmix,smacv2,protoss_5_vs_5,101,0.0
4656000,2327,2026-06-12T10:50:55.106809,4.062946796417236,2.63405179977417,1.0943876504898071,10.142857551574707,qmix,smacv2,protoss_5_vs_5,101,0.0
4658000,2328,2026-06-12T10:54:06.351217,2.920790910720825,1.3472198247909546,0.9387754201889038,6.007652759552002,qmix,smacv2,protoss_5_vs_5,101,0.0
4660000,2329,2026-06-12T10:57:09.804878,3.6273598670959473,1.9119107723236084,0.9119898080825806,7.748724937438965,qmix,smacv2,protoss_5_vs_5,101,0.0
4662000,2330,2026-06-12T11:00:15.400081,4.085650444030762,2.114086627960205,1.2219387292861938,9.625,qmix,smacv2,protoss_5_vs_5,101,0.0
4664000,2331,2026-06-12T11:03:17.574199,3.9149234294891357,1.8015586137771606,1.1683673858642578,7.091836452484131,qmix,smacv2,protoss_5_vs_5,101,0.0
4666000,2332,2026-06-12T11:06:17.161482,4.2154974937438965,2.1482110023498535,1.5510203838348389,8.644132614135742,qmix,smacv2,protoss_5_vs_5,101,0.0
4668000,2333,2026-06-12T11:09:19.216716,3.686096668243408,1.3104146718978882,1.3482143878936768,6.091836452484131,qmix,smacv2,protoss_5_vs_5,101,0.0
4670000,2334,2026-06-12T11:12:18.775138,3.633354902267456,1.2308403253555298,1.5306122303009033,5.428571701049805,qmix,smacv2,protoss_5_vs_5,101,0.0
4672000,2335,2026-06-12T11:15:18.729449,2.7673468589782715,0.8547860383987427,0.9477041363716125,4.4579081535339355,qmix,smacv2,protoss_5_vs_5,101,0.0
4674000,2336,2026-06-12T11:18:18.017089,3.402742385864258,1.6038670539855957,1.1632652282714844,6.387754917144775,qmix,smacv2,protoss_5_vs_5,101,0.0
4676000,2337,2026-06-12T11:21:23.541251,3.1720662117004395,1.683355450630188,1.2283161878585815,7.919642448425293,qmix,smacv2,protoss_5_vs_5,101,0.0
4678000,2338,2026-06-12T11:24:35.312586,3.6694514751434326,1.9403510093688965,1.3584184646606445,9.724489212036133,qmix,smacv2,protoss_5_vs_5,101,0.0
4680000,2339,2026-06-12T11:27:49.701987,3.8823342323303223,3.210728645324707,1.1122448444366455,12.514030456542969,qmix,smacv2,protoss_5_vs_5,101,0.0
4682000,2340,2026-06-12T11:31:05.172875,3.5562503337860107,2.08426570892334,0.5306122303009033,7.357142448425293,qmix,smacv2,protoss_5_vs_5,101,0.0
4684000,2341,2026-06-12T11:34:19.131309,2.9848856925964355,1.6060004234313965,0.42984694242477417,7.088011264801025,qmix,smacv2,protoss_5_vs_5,101,0.0
4686000,2342,2026-06-12T11:37:37.155047,3.1926655769348145,1.687464714050293,1.1875,7.669642448425293,qmix,smacv2,protoss_5_vs_5,101,0.0
4688000,2343,2026-06-12T11:40:58.193553,3.437117338180542,1.513218879699707,1.1441326141357422,6.75765323638916,qmix,smacv2,protoss_5_vs_5,101,0.0
4690000,2344,2026-06-12T11:44:10.225911,3.0489797592163086,1.6698410511016846,0.36734694242477417,5.877551078796387,qmix,smacv2,protoss_5_vs_5,101,0.0
4692000,2345,2026-06-12T11:47:31.540111,2.5991711616516113,1.1945136785507202,0.6632652878761292,5.280611991882324,qmix,smacv2,protoss_5_vs_5,101,0.0
4694000,2346,2026-06-12T11:50:58.905270,4.004528045654297,1.9780892133712769,1.4426019191741943,8.406888008117676,qmix,smacv2,protoss_5_vs_5,101,0.0
4696000,2347,2026-06-12T11:54:26.862181,3.2697067260742188,1.9670257568359375,0.9999998807907104,7.951530456542969,qmix,smacv2,protoss_5_vs_5,101,0.0
4698000,2348,2026-06-12T11:57:51.463216,3.492027997970581,2.070420980453491,1.6071430444717407,8.234694480895996,qmix,smacv2,protoss_5_vs_5,101,0.0
4700000,2349,2026-06-12T12:01:19.604129,3.485459566116333,1.8705323934555054,1.429847002029419,8.142857551574707,qmix,smacv2,protoss_5_vs_5,101,0.0
4702000,2350,2026-06-12T12:04:44.895423,4.137181282043457,2.0515553951263428,1.18367338180542,7.710458278656006,qmix,smacv2,protoss_5_vs_5,101,0.0
4704000,2351,2026-06-12T12:08:01.508588,3.13494873046875,1.9181897640228271,0.9897958636283875,7.6709184646606445,qmix,smacv2,protoss_5_vs_5,101,0.0
4706000,2352,2026-06-12T12:11:16.660204,4.160904884338379,2.0084495544433594,1.2551021575927734,8.276786804199219,qmix,smacv2,protoss_5_vs_5,101,0.0
4708000,2353,2026-06-12T12:14:28.752818,3.2425384521484375,1.3733981847763062,1.4502551555633545,6.276785850524902,qmix,smacv2,protoss_5_vs_5,101,0.0
4710000,2354,2026-06-12T12:17:38.455900,3.103379964828491,1.4065965414047241,1.2525510787963867,7.2040815353393555,qmix,smacv2,protoss_5_vs_5,101,0.0
4712000,2355,2026-06-12T12:20:51.115281,3.283545732498169,1.8848062753677368,0.9489795565605164,8.806122779846191,qmix,smacv2,protoss_5_vs_5,101,0.0
4714000,2356,2026-06-12T12:23:57.078350,3.1035075187683105,1.6192734241485596,1.1632652282714844,8.539541244506836,qmix,smacv2,protoss_5_vs_5,101,0.0
4716000,2357,2026-06-12T12:27:08.181344,3.7473855018615723,1.7194889783859253,1.5956631898880005,7.50765323638916,qmix,smacv2,protoss_5_vs_5,101,0.0
4718000,2358,2026-06-12T12:30:19.826150,2.595344066619873,1.7237595319747925,0.7971938848495483,6.822704315185547,qmix,smacv2,protoss_5_vs_5,101,0.0
4720000,2359,2026-06-12T12:33:31.030493,3.3255105018615723,2.0432450771331787,0.795918345451355,8.051021575927734,qmix,smacv2,protoss_5_vs_5,101,0.0
4722000,2360,2026-06-12T12:36:40.200508,3.3850765228271484,1.0290231704711914,2.077805995941162,5.349489688873291,qmix,smacv2,protoss_5_vs_5,101,0.0
4724000,2361,2026-06-12T12:39:45.779322,3.211224317550659,1.4152458906173706,1.4489796161651611,6.55102014541626,qmix,smacv2,protoss_5_vs_5,101,0.0
4726000,2362,2026-06-12T12:42:55.736834,2.403507709503174,1.4920300245285034,0.3571428656578064,6.4566330909729,qmix,smacv2,protoss_5_vs_5,101,0.0
4728000,2363,2026-06-12T12:46:07.924185,2.5292091369628906,1.6480811834335327,0.3979591727256775,6.979592323303223,qmix,smacv2,protoss_5_vs_5,101,0.0
4730000,2364,2026-06-12T12:49:19.887429,2.7935585975646973,1.4956670999526978,0.8954081535339355,5.581632614135742,qmix,smacv2,protoss_5_vs_5,101,0.0
4732000,2365,2026-06-12T12:52:34.601405,2.779400587081909,1.677518367767334,1.1530612707138062,7.589285373687744,qmix,smacv2,protoss_5_vs_5,101,0.0
4734000,2366,2026-06-12T12:55:44.889550,2.48431134223938,1.0838154554367065,1.0905611515045166,5.2959184646606445,qmix,smacv2,protoss_5_vs_5,101,0.0
4736000,2367,2026-06-12T12:58:48.999714,3.711989641189575,1.8352084159851074,1.1492347717285156,8.095663070678711,qmix,smacv2,protoss_5_vs_5,101,0.0
4738000,2368,2026-06-12T13:02:00.855990,3.139030694961548,1.6445904970169067,1.1734694242477417,7.173469543457031,qmix,smacv2,protoss_5_vs_5,101,0.0
4740000,2369,2026-06-12T13:05:20.752662,3.418494701385498,1.985731601715088,1.0204081535339355,7.540816307067871,qmix,smacv2,protoss_5_vs_5,101,0.0
4742000,2370,2026-06-12T13:08:31.638795,4.350893020629883,2.1124017238616943,1.1823979616165161,8.579081535339355,qmix,smacv2,protoss_5_vs_5,101,0.0
4744000,2371,2026-06-12T13:11:41.082920,2.758737087249756,1.1751493215560913,1.2653061151504517,5.1045918464660645,qmix,smacv2,protoss_5_vs_5,101,0.0
4746000,2372,2026-06-12T13:14:47.610612,3.95497465133667,1.8935191631317139,1.5012755393981934,9.237244606018066,qmix,smacv2,protoss_5_vs_5,101,0.0
4748000,2373,2026-06-12T13:17:55.517699,3.7342472076416016,1.5657421350479126,1.6530611515045166,7.36734676361084,qmix,smacv2,protoss_5_vs_5,101,0.0
4750000,2374,2026-06-12T13:21:00.961445,3.3919644355773926,1.4426525831222534,1.18367338180542,7.1415815353393555,qmix,smacv2,protoss_5_vs_5,101,0.0
4752000,2375,2026-06-12T13:24:03.054321,3.1957907676696777,0.9448301196098328,1.3125,5.0,qmix,smacv2,protoss_5_vs_5,101,0.0
4754000,2376,2026-06-12T13:27:01.175830,3.3115432262420654,1.889855146408081,1.0153061151504517,8.538265228271484,qmix,smacv2,protoss_5_vs_5,101,0.0
4756000,2377,2026-06-12T13:29:59.593080,2.8907523155212402,1.2966917753219604,1.021683692932129,5.63265323638916,qmix,smacv2,protoss_5_vs_5,101,0.0
4758000,2378,2026-06-12T13:32:57.661972,3.7601401805877686,1.5533655881881714,1.9617345333099365,7.204081058502197,qmix,smacv2,protoss_5_vs_5,101,0.0
4760000,2379,2026-06-12T13:35:52.093172,3.4555485248565674,1.2871302366256714,1.7551019191741943,6.748724937438965,qmix,smacv2,protoss_5_vs_5,101,0.0
4762000,2380,2026-06-12T13:38:50.740209,2.922193765640259,1.0506120920181274,1.4655611515045166,5.568877696990967,qmix,smacv2,protoss_5_vs_5,101,0.0
4764000,2381,2026-06-12T13:41:48.644673,3.614285707473755,1.6015158891677856,1.6441328525543213,8.093111991882324,qmix,smacv2,protoss_5_vs_5,101,0.0
4766000,2382,2026-06-12T13:44:52.213150,3.027040958404541,1.896683931350708,0.5510203838348389,7.55484676361084,qmix,smacv2,protoss_5_vs_5,101,0.0
4768000,2383,2026-06-12T13:48:01.113141,3.6401782035827637,2.14660382270813,1.1454081535339355,9.863520622253418,qmix,smacv2,protoss_5_vs_5,101,0.0
4770000,2384,2026-06-12T13:51:16.872242,3.0305488109588623,1.901766300201416,0.9183673858642578,8.019132614135742,qmix,smacv2,protoss_5_vs_5,101,0.0
4772000,2385,2026-06-12T13:54:32.112637,3.8398597240448,1.6906160116195679,1.7551019191741943,6.977040767669678,qmix,smacv2,protoss_5_vs_5,101,0.0
4774000,2386,2026-06-12T13:57:53.247829,3.397385358810425,2.1551921367645264,0.7551020979881287,8.813776016235352,qmix,smacv2,protoss_5_vs_5,101,0.0
4776000,2387,2026-06-12T14:01:11.902647,2.9145407676696777,1.1542478799819946,1.4183672666549683,5.5714287757873535,qmix,smacv2,protoss_5_vs_5,101,0.0
4778000,2388,2026-06-12T14:05:07.701161,2.7746176719665527,1.62337327003479,1.2806122303009033,6.489795684814453,qmix,smacv2,protoss_5_vs_5,101,0.0
4780000,2389,2026-06-12T14:08:27.719812,3.0765304565429688,1.6877883672714233,0.9693877100944519,6.7959184646606445,qmix,smacv2,protoss_5_vs_5,101,0.0
4782000,2390,2026-06-12T14:11:43.526491,2.711479425430298,1.321599006652832,1.4387754201889038,6.0829081535339355,qmix,smacv2,protoss_5_vs_5,101,0.0
4784000,2391,2026-06-12T14:15:01.418473,3.3812499046325684,1.715397596359253,1.3877549171447754,8.742347717285156,qmix,smacv2,protoss_5_vs_5,101,0.0
4786000,2392,2026-06-12T14:18:23.348648,2.9841835498809814,1.4596710205078125,0.8954081535339355,6.94897985458374,qmix,smacv2,protoss_5_vs_5,101,0.0
4788000,2393,2026-06-12T14:21:42.678157,3.4403061866760254,1.9247411489486694,1.1683673858642578,8.275510787963867,qmix,smacv2,protoss_5_vs_5,101,0.0
4790000,2394,2026-06-12T14:25:05.608685,3.0974490642547607,2.1328537464141846,1.040816307067871,10.868621826171875,qmix,smacv2,protoss_5_vs_5,101,0.0
4792000,2395,2026-06-12T14:28:28.861108,3.1876912117004395,1.361067295074463,1.3227039575576782,6.530611991882324,qmix,smacv2,protoss_5_vs_5,101,0.0
4794000,2396,2026-06-12T14:31:52.845829,2.940051317214966,1.3350601196289062,0.9387755393981934,5.589285373687744,qmix,smacv2,protoss_5_vs_5,101,0.0
4796000,2397,2026-06-12T14:35:16.903494,3.795854091644287,2.1373188495635986,1.8290817737579346,8.466836929321289,qmix,smacv2,protoss_5_vs_5,101,0.0
4798000,2398,2026-06-12T14:38:36.506808,3.61505126953125,1.9111846685409546,1.2015305757522583,8.112244606018066,qmix,smacv2,protoss_5_vs_5,101,0.0
4800000,2399,2026-06-12T14:41:57.876441,3.9998087882995605,1.5086348056793213,2.2551019191741943,7.806122779846191,qmix,smacv2,protoss_5_vs_5,101,0.0
4802000,2400,2026-06-12T14:45:20.921131,3.975510358810425,1.957815408706665,1.4553571939468384,10.465561866760254,qmix,smacv2,protoss_5_vs_5,101,0.0
4804000,2401,2026-06-12T14:48:44.686957,3.4025511741638184,1.1804168224334717,1.9030612707138062,5.26530647277832,qmix,smacv2,protoss_5_vs_5,101,0.0
4806000,2402,2026-06-12T14:52:01.029075,3.4587371349334717,2.037973165512085,1.3137753009796143,10.964284896850586,qmix,smacv2,protoss_5_vs_5,101,0.0
4808000,2403,2026-06-12T14:55:17.267621,2.699744701385498,1.509698510169983,1.1020407676696777,7.724488735198975,qmix,smacv2,protoss_5_vs_5,101,0.0
4810000,2404,2026-06-12T14:58:34.527051,3.7057394981384277,1.993483066558838,1.0,9.744897842407227,qmix,smacv2,protoss_5_vs_5,101,0.0
4812000,2405,2026-06-12T15:01:50.320194,3.3730227947235107,1.4714090824127197,1.3877551555633545,6.040816307067871,qmix,smacv2,protoss_5_vs_5,101,0.0
4814000,2406,2026-06-12T15:05:06.668661,3.4726402759552,1.9482102394104004,1.0510203838348389,7.478316307067871,qmix,smacv2,protoss_5_vs_5,101,0.0
4816000,2407,2026-06-12T15:08:24.181307,2.895280599594116,1.4311115741729736,1.4183673858642578,7.202805995941162,qmix,smacv2,protoss_5_vs_5,101,0.0
4818000,2408,2026-06-12T15:11:42.932398,3.3374359607696533,2.0682613849639893,1.1926020383834839,10.355867385864258,qmix,smacv2,protoss_5_vs_5,101,0.0
4820000,2409,2026-06-12T15:14:58.957609,3.3221938610076904,1.6742140054702759,0.7576530575752258,7.737244606018066,qmix,smacv2,protoss_5_vs_5,101,0.0
4822000,2410,2026-06-12T15:18:11.738983,2.8339285850524902,1.1092579364776611,0.9591836929321289,5.051020622253418,qmix,smacv2,protoss_5_vs_5,101,0.0
4824000,2411,2026-06-12T15:21:27.517646,2.924170970916748,1.31550931930542,0.9757653474807739,5.5420918464660645,qmix,smacv2,protoss_5_vs_5,101,0.0
4826000,2412,2026-06-12T15:24:38.129422,3.084120035171509,1.5613349676132202,0.9821429252624512,7.11734676361084,qmix,smacv2,protoss_5_vs_5,101,0.0
4828000,2413,2026-06-12T15:27:46.499273,3.5862884521484375,1.7430176734924316,1.294642686843872,7.173470497131348,qmix,smacv2,protoss_5_vs_5,101,0.0
4830000,2414,2026-06-12T15:30:57.265316,4.2014665603637695,2.4685025215148926,1.0204081535339355,9.173469543457031,qmix,smacv2,protoss_5_vs_5,101,0.0
4832000,2415,2026-06-12T15:34:09.603793,3.408992290496826,2.142686605453491,0.6938775181770325,8.859694480895996,qmix,smacv2,protoss_5_vs_5,101,0.0
4834000,2416,2026-06-12T15:37:22.036017,2.8786990642547607,1.59882390499115,0.2551020383834839,6.169642925262451,qmix,smacv2,protoss_5_vs_5,101,0.0
4836000,2417,2026-06-12T15:40:31.853276,4.086925983428955,2.232424736022949,1.7346938848495483,9.408163070678711,qmix,smacv2,protoss_5_vs_5,101,0.0
4838000,2418,2026-06-12T15:43:38.418697,3.8455357551574707,1.484500765800476,1.6696430444717407,6.499999046325684,qmix,smacv2,protoss_5_vs_5,101,0.0
4840000,2419,2026-06-12T15:46:43.964807,3.045344352722168,1.4975252151489258,0.9272958636283875,7.262755393981934,qmix,smacv2,protoss_5_vs_5,101,0.0
4842000,2420,2026-06-12T15:49:46.252901,3.0325894355773926,1.2446595430374146,1.3852039575576782,5.5535712242126465,qmix,smacv2,protoss_5_vs_5,101,0.0
4844000,2421,2026-06-12T15:52:52.323770,2.4289541244506836,1.2339123487472534,0.9107142686843872,6.182397365570068,qmix,smacv2,protoss_5_vs_5,101,0.0
4846000,2422,2026-06-12T15:56:01.379050,3.8517215251922607,2.086528778076172,1.28316330909729,9.807397842407227,qmix,smacv2,protoss_5_vs_5,101,0.0
4848000,2423,2026-06-12T15:59:09.652994,3.326211929321289,2.0176820755004883,0.9081632494926453,8.520408630371094,qmix,smacv2,protoss_5_vs_5,101,0.0
4850000,2424,2026-06-12T16:02:20.585952,3.661925792694092,2.071382761001587,0.5306122303009033,9.081632614135742,qmix,smacv2,protoss_5_vs_5,101,0.0
4852000,2425,2026-06-12T16:05:33.305544,3.381441593170166,1.1247848272323608,1.7015304565429688,5.301020622253418,qmix,smacv2,protoss_5_vs_5,101,0.0
4854000,2426,2026-06-12T16:08:44.649435,4.234949111938477,2.0049500465393066,1.5038264989852905,9.456633567810059,qmix,smacv2,protoss_5_vs_5,101,0.0
4856000,2427,2026-06-12T16:11:57.202048,3.7227039337158203,1.8386554718017578,1.4145407676696777,7.357142448425293,qmix,smacv2,protoss_5_vs_5,101,0.0
4858000,2428,2026-06-12T16:15:06.137907,3.7270405292510986,1.6673612594604492,1.1020407676696777,8.048470497131348,qmix,smacv2,protoss_5_vs_5,101,0.0
4860000,2429,2026-06-12T16:18:14.621215,3.1429848670959473,1.2590094804763794,1.5102040767669678,5.68367338180542,qmix,smacv2,protoss_5_vs_5,101,0.0
4862000,2430,2026-06-12T16:21:29.562490,3.153571367263794,1.743708610534668,1.1135205030441284,6.807397365570068,qmix,smacv2,protoss_5_vs_5,101,0.0
4864000,2431,2026-06-12T16:24:43.127680,3.284630298614502,1.48349130153656,1.2767856121063232,5.715561389923096,qmix,smacv2,protoss_5_vs_5,101,0.0
4866000,2432,2026-06-12T16:27:54.167471,2.9555482864379883,1.7006783485412598,0.6632652878761292,6.693877220153809,qmix,smacv2,protoss_5_vs_5,101,0.0
4868000,2433,2026-06-12T16:31:02.881553,3.553316593170166,1.51626718044281,1.4489796161651611,7.776785373687744,qmix,smacv2,protoss_5_vs_5,101,0.0
4870000,2434,2026-06-12T16:34:08.804981,3.6869900226593018,1.5777000188827515,1.5114794969558716,7.859694480895996,qmix,smacv2,protoss_5_vs_5,101,0.0
4872000,2435,2026-06-12T16:37:15.208243,3.4242985248565674,1.850564956665039,1.4897959232330322,7.957907676696777,qmix,smacv2,protoss_5_vs_5,101,0.0
4874000,2436,2026-06-12T16:40:22.471945,3.749999523162842,2.267815589904785,0.9183672666549683,8.579081535339355,qmix,smacv2,protoss_5_vs_5,101,0.0
4876000,2437,2026-06-12T16:43:35.256477,3.9938137531280518,1.7989705801010132,1.4387755393981934,7.827805995941162,qmix,smacv2,protoss_5_vs_5,101,0.0
4878000,2438,2026-06-12T16:46:41.998648,4.243813991546631,2.9040844440460205,1.2346937656402588,14.285715103149414,qmix,smacv2,protoss_5_vs_5,101,0.05000000074505806
4880000,2439,2026-06-12T16:49:54.328962,4.348597526550293,2.1965439319610596,1.271683692932129,9.153061866760254,qmix,smacv2,protoss_5_vs_5,101,0.0
4882000,2440,2026-06-12T16:53:05.139406,4.116071701049805,2.1644320487976074,1.1632652282714844,8.492347717285156,qmix,smacv2,protoss_5_vs_5,101,0.0
4884000,2441,2026-06-12T16:56:13.731689,2.848724842071533,1.6014411449432373,1.163265347480774,6.17602014541626,qmix,smacv2,protoss_5_vs_5,101,0.0
4886000,2442,2026-06-12T16:59:28.164936,4.001020431518555,2.238764524459839,1.4005101919174194,9.572704315185547,qmix,smacv2,protoss_5_vs_5,101,0.0
4888000,2443,2026-06-12T17:02:39.157091,3.326211452484131,1.3849974870681763,1.5714285373687744,6.410714149475098,qmix,smacv2,protoss_5_vs_5,101,0.0
4890000,2444,2026-06-12T17:05:50.755547,3.3112244606018066,1.9797604084014893,0.9859693646430969,8.026785850524902,qmix,smacv2,protoss_5_vs_5,101,0.0
4892000,2445,2026-06-12T17:09:06.317874,3.819770336151123,2.010897397994995,1.6811225414276123,9.173469543457031,qmix,smacv2,protoss_5_vs_5,101,0.0
4894000,2446,2026-06-12T17:12:34.934420,3.9106497764587402,1.5802830457687378,1.9885203838348389,9.001276016235352,qmix,smacv2,protoss_5_vs_5,101,0.0
4896000,2447,2026-06-12T17:15:42.628015,3.520599842071533,1.4098259210586548,1.6926017999649048,7.008927822113037,qmix,smacv2,protoss_5_vs_5,101,0.0
4898000,2448,2026-06-12T17:18:52.892526,3.528571605682373,1.3750038146972656,1.9323978424072266,6.5714287757873535,qmix,smacv2,protoss_5_vs_5,101,0.0
4900000,2449,2026-06-12T17:22:05.103684,3.7277424335479736,1.6893577575683594,1.5688774585723877,7.224490165710449,qmix,smacv2,protoss_5_vs_5,101,0.0
4902000,2450,2026-06-12T17:25:14.388634,2.5295281410217285,1.0490059852600098,1.1632652282714844,4.857142925262451,qmix,smacv2,protoss_5_vs_5,101,0.0
4904000,2451,2026-06-12T17:28:26.283451,3.836543321609497,1.8258455991744995,1.4298468828201294,7.816326141357422,qmix,smacv2,protoss_5_vs_5,101,0.0
4906000,2452,2026-06-12T17:31:37.543389,3.7651145458221436,1.7802181243896484,1.0612244606018066,7.244898319244385,qmix,smacv2,protoss_5_vs_5,101,0.0
4908000,2453,2026-06-12T17:34:45.629473,4.631122589111328,1.5408045053482056,1.4298468828201294,8.102041244506836,qmix,smacv2,protoss_5_vs_5,101,0.0
4910000,2454,2026-06-12T17:37:59.694618,4.081952095031738,2.1598541736602783,0.8877552151679993,7.600766181945801,qmix,smacv2,protoss_5_vs_5,101,0.0
4912000,2455,2026-06-12T17:41:08.899667,4.253188610076904,3.5413641929626465,1.4693876504898071,14.37755012512207,qmix,smacv2,protoss_5_vs_5,101,0.0
4914000,2456,2026-06-12T17:44:17.116648,2.8851401805877686,2.2362358570098877,0.36734694242477417,9.89795970916748,qmix,smacv2,protoss_5_vs_5,101,0.0
4916000,2457,2026-06-12T17:47:26.235456,3.1628189086914062,1.4870121479034424,1.5943877696990967,6.908163547515869,qmix,smacv2,protoss_5_vs_5,101,0.0
4918000,2458,2026-06-12T17:50:35.594788,3.153252363204956,1.4399551153182983,1.0943877696990967,7.042092323303223,qmix,smacv2,protoss_5_vs_5,101,0.0
4920000,2459,2026-06-12T17:53:46.123739,3.104719638824463,2.11979603767395,1.1301019191741943,10.172194480895996,qmix,smacv2,protoss_5_vs_5,101,0.0
4922000,2460,2026-06-12T17:57:00.019732,2.791900634765625,1.4332811832427979,0.9068878293037415,7.0790815353393555,qmix,smacv2,protoss_5_vs_5,101,0.0
4924000,2461,2026-06-12T18:00:08.269510,3.3496174812316895,1.741513729095459,1.1556122303009033,7.857142448425293,qmix,smacv2,protoss_5_vs_5,101,0.0
4926000,2462,2026-06-12T18:03:17.892884,3.1827168464660645,1.2702267169952393,1.1938774585723877,5.785714149475098,qmix,smacv2,protoss_5_vs_5,101,0.0
4928000,2463,2026-06-12T18:06:23.211401,2.502040386199951,1.2129490375518799,1.18367338180542,5.9579081535339355,qmix,smacv2,protoss_5_vs_5,101,0.0
4930000,2464,2026-06-12T18:09:30.194466,3.820152997970581,1.910744309425354,1.3724489212036133,8.307397842407227,qmix,smacv2,protoss_5_vs_5,101,0.0
4932000,2465,2026-06-12T18:12:31.032086,3.2303569316864014,2.175849199295044,0.78316330909729,10.806122779846191,qmix,smacv2,protoss_5_vs_5,101,0.0
4934000,2466,2026-06-12T18:15:30.229823,3.54681134223938,1.9887690544128418,1.0714285373687744,7.003827095031738,qmix,smacv2,protoss_5_vs_5,101,0.0
4936000,2467,2026-06-12T18:18:25.457515,3.209247589111328,1.5028702020645142,0.9094387292861938,5.386479377746582,qmix,smacv2,protoss_5_vs_5,101,0.0
4938000,2468,2026-06-12T18:21:27.143973,2.7669644355773926,2.16819167137146,0.7142857313156128,10.36734676361084,qmix,smacv2,protoss_5_vs_5,101,0.0
4940000,2469,2026-06-12T18:24:31.383604,3.109694004058838,2.1917388439178467,0.8125,8.653060913085938,qmix,smacv2,protoss_5_vs_5,101,0.0
4942000,2470,2026-06-12T18:27:41.427928,3.1945152282714844,1.461487889289856,1.2015305757522583,6.438775539398193,qmix,smacv2,protoss_5_vs_5,101,0.0
4944000,2471,2026-06-12T18:30:55.342609,3.762946367263794,1.6449780464172363,1.512755036354065,7.848214626312256,qmix,smacv2,protoss_5_vs_5,101,0.0
4946000,2472,2026-06-12T18:34:06.964397,2.8019769191741943,1.3806281089782715,0.8839285969734192,5.737244606018066,qmix,smacv2,protoss_5_vs_5,101,0.0
4948000,2473,2026-06-12T18:37:36.225908,3.0215561389923096,1.7849171161651611,0.7359693646430969,8.391581535339355,qmix,smacv2,protoss_5_vs_5,101,0.0
4950000,2474,2026-06-12T18:40:49.274442,3.17793345451355,1.72666335105896,0.7053571939468384,6.7729597091674805,qmix,smacv2,protoss_5_vs_5,101,0.0
4952000,2475,2026-06-12T18:44:04.444921,3.48443865776062,2.576934337615967,0.45918363332748413,11.571428298950195,qmix,smacv2,protoss_5_vs_5,101,0.0
4954000,2476,2026-06-12T18:47:17.755762,3.375701904296875,1.0505684614181519,1.9553571939468384,5.193877220153809,qmix,smacv2,protoss_5_vs_5,101,0.0
4956000,2477,2026-06-12T18:50:45.154183,3.319387912750244,3.3180267810821533,0.18367347121238708,13.357142448425293,qmix,smacv2,protoss_5_vs_5,101,0.0
4958000,2478,2026-06-12T18:54:09.800690,3.144834041595459,1.6945555210113525,1.0880101919174194,6.94515323638916,qmix,smacv2,protoss_5_vs_5,101,0.0
4960000,2479,2026-06-12T18:57:30.252629,4.915306091308594,2.6592812538146973,2.2653064727783203,14.591836929321289,qmix,smacv2,protoss_5_vs_5,101,0.05000000074505806
4962000,2480,2026-06-12T19:00:55.125397,4.093430995941162,1.8760945796966553,0.6875,7.220663547515869,qmix,smacv2,protoss_5_vs_5,101,0.0
4964000,2481,2026-06-12T19:04:16.778844,3.7838644981384277,2.0137627124786377,1.2959182262420654,8.205357551574707,qmix,smacv2,protoss_5_vs_5,101,0.0
4966000,2482,2026-06-12T19:07:34.420498,3.7806763648986816,2.1582326889038086,0.7755102515220642,8.948980331420898,qmix,smacv2,protoss_5_vs_5,101,0.0
4968000,2483,2026-06-12T19:10:51.555125,3.92142915725708,1.9421426057815552,1.4196429252624512,8.193877220153809,qmix,smacv2,protoss_5_vs_5,101,0.0
4970000,2484,2026-06-12T19:14:06.857819,4.20114803314209,1.8191308975219727,1.917091727256775,9.35714340209961,qmix,smacv2,protoss_5_vs_5,101,0.0
4972000,2485,2026-06-12T19:17:25.275272,3.815561294555664,1.8975822925567627,1.1619898080825806,9.704081535339355,qmix,smacv2,protoss_5_vs_5,101,0.0
4974000,2486,2026-06-12T19:20:43.294380,3.9779975414276123,2.036757469177246,1.6007654666900635,8.948979377746582,qmix,smacv2,protoss_5_vs_5,101,0.0
4976000,2487,2026-06-12T19:23:56.822384,4.045854568481445,1.7435035705566406,1.4528062343597412,7.285714626312256,qmix,smacv2,protoss_5_vs_5,101,0.0
4978000,2488,2026-06-12T19:27:12.006224,4.216326713562012,1.6495046615600586,1.6084184646606445,9.010204315185547,qmix,smacv2,protoss_5_vs_5,101,0.0
4980000,2489,2026-06-12T19:30:24.957066,3.0669007301330566,1.249107837677002,1.3698978424072266,6.153061866760254,qmix,smacv2,protoss_5_vs_5,101,0.0
4982000,2490,2026-06-12T19:33:39.838556,3.1621174812316895,1.8818594217300415,0.9566326141357422,7.642857551574707,qmix,smacv2,protoss_5_vs_5,101,0.0
4984000,2491,2026-06-12T19:36:57.682550,3.2684311866760254,1.831422209739685,1.05867338180542,9.431122779846191,qmix,smacv2,protoss_5_vs_5,101,0.0
4986000,2492,2026-06-12T19:40:04.512729,3.2771682739257812,1.7582967281341553,0.7142857313156128,6.8584184646606445,qmix,smacv2,protoss_5_vs_5,101,0.0
4988000,2493,2026-06-12T19:43:12.614285,3.0222575664520264,1.7111232280731201,0.8673468828201294,6.357142925262451,qmix,smacv2,protoss_5_vs_5,101,0.0
4990000,2494,2026-06-12T19:46:20.044475,3.296492338180542,1.5223522186279297,1.6122448444366455,6.5816330909729,qmix,smacv2,protoss_5_vs_5,101,0.0
4992000,2495,2026-06-12T19:49:31.028651,3.6309311389923096,1.9533509016036987,1.3954081535339355,7.998724460601807,qmix,smacv2,protoss_5_vs_5,101,0.0
4994000,2496,2026-06-12T19:52:43.996384,3.6537623405456543,2.0183234214782715,1.1530611515045166,9.84311294555664,qmix,smacv2,protoss_5_vs_5,101,0.0
4996000,2497,2026-06-12T19:56:01.318791,3.5668365955352783,2.1447718143463135,1.0357143878936768,9.540816307067871,qmix,smacv2,protoss_5_vs_5,101,0.0
4998000,2498,2026-06-12T19:59:16.486908,4.295344352722168,2.706038236618042,0.5943877696990967,12.255102157592773,qmix,smacv2,protoss_5_vs_5,101,0.0
5000000,2499,2026-06-12T20:02:34.253871,4.493941307067871,3.0553677082061768,0.6428571343421936,13.595663070678711,qmix,smacv2,protoss_5_vs_5,101,0.0
5002000,2500,2026-06-12T20:05:50.061891,2.5866074562072754,1.4255976676940918,0.6326530575752258,5.81632661819458,qmix,smacv2,protoss_5_vs_5,101,0.0
5004000,2501,2026-06-12T20:09:10.474235,2.888392686843872,1.393442988395691,1.1262754201889038,6.084183692932129,qmix,smacv2,protoss_5_vs_5,101,0.0
5006000,2502,2026-06-12T20:12:25.848580,3.5488522052764893,1.5529563426971436,1.2219388484954834,5.9017863273620605,qmix,smacv2,protoss_5_vs_5,101,0.0
5008000,2503,2026-06-12T20:15:37.829037,3.754592180252075,1.6931509971618652,1.623724341392517,7.3979597091674805,qmix,smacv2,protoss_5_vs_5,101,0.0
5010000,2504,2026-06-12T20:18:53.640403,3.809502363204956,1.932946801185608,1.540816307067871,8.22449016571045,qmix,smacv2,protoss_5_vs_5,101,0.0
5012000,2505,2026-06-12T20:22:07.916494,2.638648271560669,1.5116177797317505,0.9910715222358704,6.505102634429932,qmix,smacv2,protoss_5_vs_5,101,0.0
5014000,2506,2026-06-12T20:25:27.823988,2.6704721450805664,1.4723776578903198,0.714285671710968,6.530611991882324,qmix,smacv2,protoss_5_vs_5,101,0.0
5016000,2507,2026-06-12T20:28:41.080625,2.84183669090271,1.7007695436477661,0.9081632494926453,7.630101680755615,qmix,smacv2,protoss_5_vs_5,101,0.0
5018000,2508,2026-06-12T20:31:48.322327,3.4948983192443848,2.0891051292419434,0.8125,9.061224937438965,qmix,smacv2,protoss_5_vs_5,101,0.0
5020000,2509,2026-06-12T20:34:59.512211,2.999298095703125,1.9791040420532227,0.9043367505073547,8.061223983764648,qmix,smacv2,protoss_5_vs_5,101,0.0
5022000,2510,2026-06-12T20:38:09.855083,2.9433674812316895,1.9349794387817383,0.704081654548645,7.0714287757873535,qmix,smacv2,protoss_5_vs_5,101,0.0
5024000,2511,2026-06-12T20:41:20.590183,2.887244939804077,1.6884825229644775,0.6326530575752258,7.623724937438965,qmix,smacv2,protoss_5_vs_5,101,0.0
5026000,2512,2026-06-12T20:44:26.951617,3.044961929321289,1.850776195526123,1.1071429252624512,6.714285850524902,qmix,smacv2,protoss_5_vs_5,101,0.0
5028000,2513,2026-06-12T20:47:29.822290,3.0733416080474854,1.7528914213180542,0.7857142686843872,6.853316307067871,qmix,smacv2,protoss_5_vs_5,101,0.0
5030000,2514,2026-06-12T20:50:32.603131,2.1540815830230713,1.2306044101715088,0.7142857313156128,5.3954081535339355,qmix,smacv2,protoss_5_vs_5,101,0.0
5032000,2515,2026-06-12T20:53:43.760907,3.6849491596221924,1.628287672996521,1.4974489212036133,7.0816330909729,qmix,smacv2,protoss_5_vs_5,101,0.0
5034000,2516,2026-06-12T20:56:49.843768,3.7692604064941406,1.7811671495437622,1.0102040767669678,7.414541721343994,qmix,smacv2,protoss_5_vs_5,101,0.0
5036000,2517,2026-06-12T20:59:55.002097,3.8416454792022705,2.4628119468688965,1.0510203838348389,10.418367385864258,qmix,smacv2,protoss_5_vs_5,101,0.0
5038000,2518,2026-06-12T21:03:30.980659,3.513711929321289,2.8916449546813965,0.7346938848495483,14.591836929321289,qmix,smacv2,protoss_5_vs_5,101,0.05000000074505806
5040000,2519,2026-06-12T21:06:37.834150,3.2292733192443848,1.833892583847046,1.103316307067871,9.417092323303223,qmix,smacv2,protoss_5_vs_5,101,0.0
5042000,2520,2026-06-12T21:09:51.970055,3.556441068649292,2.1243722438812256,0.8494898080825806,8.428571701049805,qmix,smacv2,protoss_5_vs_5,101,0.0
5044000,2521,2026-06-12T21:13:12.786943,3.1163899898529053,1.705426573753357,1.0918368101119995,6.05484676361084,qmix,smacv2,protoss_5_vs_5,101,0.0
5046000,2522,2026-06-12T21:16:47.989115,3.433992385864258,1.937659740447998,1.163265347480774,7.711733818054199,qmix,smacv2,protoss_5_vs_5,101,0.0
5048000,2523,2026-06-12T21:20:05.152864,3.639796495437622,2.1141374111175537,1.3545918464660645,7.723214149475098,qmix,smacv2,protoss_5_vs_5,101,0.0
5050000,2524,2026-06-12T21:23:25.044421,4.17984676361084,2.1676137447357178,1.2346938848495483,8.72449016571045,qmix,smacv2,protoss_5_vs_5,101,0.0
5052000,2525,2026-06-12T21:26:45.292864,3.7635204792022705,2.7311971187591553,1.6339285373687744,14.510205268859863,qmix,smacv2,protoss_5_vs_5,101,0.05000000074505806
5054000,2526,2026-06-12T21:29:59.528271,4.0641584396362305,1.8208940029144287,1.354591727256775,9.367345809936523,qmix,smacv2,protoss_5_vs_5,101,0.0
5056000,2527,2026-06-12T21:33:24.225702,3.6671555042266846,1.9138414859771729,1.8571430444717407,10.207907676696777,qmix,smacv2,protoss_5_vs_5,101,0.0
5058000,2528,2026-06-12T21:36:46.252862,4.007015705108643,1.6956212520599365,1.540816307067871,7.061224937438965,qmix,smacv2,protoss_5_vs_5,101,0.0
5060000,2529,2026-06-12T21:39:59.597874,4.113776206970215,2.4957146644592285,1.8061221837997437,10.193878173828125,qmix,smacv2,protoss_5_vs_5,101,0.0
5062000,2530,2026-06-12T21:43:17.540467,2.812436103820801,1.179235816001892,0.9081632494926453,4.931122779846191,qmix,smacv2,protoss_5_vs_5,101,0.0
5064000,2531,2026-06-12T21:46:33.010682,3.26556134223938,1.7695835828781128,1.1836735010147095,8.084183692932129,qmix,smacv2,protoss_5_vs_5,101,0.0
5066000,2532,2026-06-12T21:49:50.714702,3.9219391345977783,2.120657205581665,1.6428569555282593,8.491071701049805,qmix,smacv2,protoss_5_vs_5,101,0.0
5068000,2533,2026-06-12T21:53:06.634789,2.8813138008117676,1.8512593507766724,1.0025510787963867,8.01530647277832,qmix,smacv2,protoss_5_vs_5,101,0.0
5070000,2534,2026-06-12T21:56:22.154345,3.127742290496826,1.8704822063446045,1.2142857313156128,7.877551078796387,qmix,smacv2,protoss_5_vs_5,101,0.0
5072000,2535,2026-06-12T21:59:34.988090,3.0371172428131104,1.4029752016067505,0.7244898080825806,5.244897842407227,qmix,smacv2,protoss_5_vs_5,101,0.0
5074000,2536,2026-06-12T22:02:45.630089,3.2075889110565186,1.9284660816192627,1.0586735010147095,7.3558669090271,qmix,smacv2,protoss_5_vs_5,101,0.0
5076000,2537,2026-06-12T22:06:02.926321,3.36511492729187,1.7376632690429688,1.0,6.252551555633545,qmix,smacv2,protoss_5_vs_5,101,0.0
5078000,2538,2026-06-12T22:09:12.198568,3.3129467964172363,1.9570032358169556,1.132652997970581,9.255102157592773,qmix,smacv2,protoss_5_vs_5,101,0.0
5080000,2539,2026-06-12T22:12:22.285958,4.210331916809082,1.6677210330963135,1.4183673858642578,7.897959232330322,qmix,smacv2,protoss_5_vs_5,101,0.0
5082000,2540,2026-06-12T22:15:33.024177,3.280548572540283,1.7168071269989014,0.7244898080825806,7.154336452484131,qmix,smacv2,protoss_5_vs_5,101,0.0
5084000,2541,2026-06-12T22:18:44.839980,3.6795921325683594,1.7523223161697388,1.3431123495101929,7.605867862701416,qmix,smacv2,protoss_5_vs_5,101,0.0
5086000,2542,2026-06-12T22:21:55.793419,3.5749363899230957,2.400026798248291,0.9400510787963867,8.622448921203613,qmix,smacv2,protoss_5_vs_5,101,0.0
5088000,2543,2026-06-12T22:25:08.021522,3.4635841846466064,1.4629043340682983,1.1428571939468384,6.336734771728516,qmix,smacv2,protoss_5_vs_5,101,0.0
5090000,2544,2026-06-12T22:28:19.835272,3.864413022994995,1.4787251949310303,1.1785715818405151,6.9477033615112305,qmix,smacv2,protoss_5_vs_5,101,0.0
5092000,2545,2026-06-12T22:31:31.322329,2.9286348819732666,2.0372281074523926,1.1122448444366455,7.660714149475098,qmix,smacv2,protoss_5_vs_5,101,0.0
5094000,2546,2026-06-12T22:34:43.931400,2.342921018600464,1.263137936592102,1.0229592323303223,5.452805995941162,qmix,smacv2,protoss_5_vs_5,101,0.0
5096000,2547,2026-06-12T22:38:01.431026,2.8145408630371094,1.3966224193572998,0.6785714030265808,5.348214149475098,qmix,smacv2,protoss_5_vs_5,101,0.0
5098000,2548,2026-06-12T22:41:23.371330,3.071556329727173,1.9691778421401978,0.5408163070678711,7.243622779846191,qmix,smacv2,protoss_5_vs_5,101,0.0
5100000,2549,2026-06-12T22:44:47.988624,3.494642972946167,2.545710563659668,0.8163264989852905,9.255102157592773,qmix,smacv2,protoss_5_vs_5,101,0.0
5102000,2550,2026-06-12T22:48:11.681061,2.9978315830230713,1.4614241123199463,0.9451530575752258,5.758928298950195,qmix,smacv2,protoss_5_vs_5,101,0.0
5104000,2551,2026-06-12T22:51:40.027427,3.0524871349334717,2.0237748622894287,0.9183672666549683,8.316326141357422,qmix,smacv2,protoss_5_vs_5,101,0.0
5106000,2552,2026-06-12T22:54:59.401207,2.796428680419922,1.321626901626587,0.8979591131210327,5.544642925262451,qmix,smacv2,protoss_5_vs_5,101,0.0
5108000,2553,2026-06-12T22:58:22.642054,2.9301657676696777,2.1278159618377686,0.8239795565605164,9.274234771728516,qmix,smacv2,protoss_5_vs_5,101,0.0
5110000,2554,2026-06-12T23:01:44.387878,2.98239803314209,1.9463740587234497,1.0778061151504517,7.459184169769287,qmix,smacv2,protoss_5_vs_5,101,0.0
5112000,2555,2026-06-12T23:05:03.280399,4.2014665603637695,2.843557357788086,0.6938775777816772,11.350765228271484,qmix,smacv2,protoss_5_vs_5,101,0.0
5114000,2556,2026-06-12T23:08:22.806057,2.7840561866760254,1.427804708480835,0.7551019787788391,5.769132614135742,qmix,smacv2,protoss_5_vs_5,101,0.0
5116000,2557,2026-06-12T23:11:40.489675,3.5523598194122314,1.9255650043487549,1.2436224222183228,6.928572177886963,qmix,smacv2,protoss_5_vs_5,101,0.0
5118000,2558,2026-06-12T23:15:00.661859,3.722193956375122,1.9673266410827637,1.0,7.5089287757873535,qmix,smacv2,protoss_5_vs_5,101,0.0
5120000,2559,2026-06-12T23:18:19.599890,3.6572067737579346,1.875565767288208,1.5510202646255493,9.793367385864258,qmix,smacv2,protoss_5_vs_5,101,0.0
5122000,2560,2026-06-12T23:21:42.252078,2.784693956375122,1.9813969135284424,0.6403061151504517,7.3316330909729,qmix,smacv2,protoss_5_vs_5,101,0.0
5124000,2561,2026-06-12T23:25:08.500612,2.1122450828552246,0.9260503053665161,0.7321428656578064,4.50382661819458,qmix,smacv2,protoss_5_vs_5,101,0.0
5126000,2562,2026-06-12T23:28:31.172284,3.602614641189575,1.7353235483169556,1.3979592323303223,8.326531410217285,qmix,smacv2,protoss_5_vs_5,101,0.0
5128000,2563,2026-06-12T23:31:51.780289,2.8919005393981934,1.6383335590362549,1.0816326141357422,7.214285850524902,qmix,smacv2,protoss_5_vs_5,101,0.0
5130000,2564,2026-06-12T23:35:14.398324,3.12315034866333,1.2630866765975952,1.4260203838348389,5.519132614135742,qmix,smacv2,protoss_5_vs_5,101,0.0
5132000,2565,2026-06-12T23:38:43.113639,2.9013397693634033,1.7916758060455322,0.4897959232330322,6.336734771728516,qmix,smacv2,protoss_5_vs_5,101,0.0
5134000,2566,2026-06-12T23:42:07.875596,2.990943670272827,1.38358736038208,1.016581654548645,6.4272966384887695,qmix,smacv2,protoss_5_vs_5,101,0.0
5136000,2567,2026-06-12T23:45:29.785871,3.1846299171447754,1.3313343524932861,1.5000001192092896,6.290816783905029,qmix,smacv2,protoss_5_vs_5,101,0.0
5138000,2568,2026-06-12T23:48:44.924444,2.6167728900909424,1.513498306274414,0.6632652282714844,5.142857074737549,qmix,smacv2,protoss_5_vs_5,101,0.0
5140000,2569,2026-06-12T23:52:04.758220,3.374936580657959,1.375704050064087,0.6772959232330322,5.423469543457031,qmix,smacv2,protoss_5_vs_5,101,0.0
5142000,2570,2026-06-12T23:55:26.029860,3.006441354751587,1.621981143951416,0.4285714030265808,6.326530933380127,qmix,smacv2,protoss_5_vs_5,101,0.0
5144000,2571,2026-06-12T23:58:44.481282,2.480229377746582,1.7290894985198975,0.5829081535339355,7.8469390869140625,qmix,smacv2,protoss_5_vs_5,101,0.0
5146000,2572,2026-06-13T00:01:59.299998,2.9948341846466064,1.7214504480361938,1.2640305757522583,8.498724937438965,qmix,smacv2,protoss_5_vs_5,101,0.0
5148000,2573,2026-06-13T00:05:12.607877,3.21875,1.6411662101745605,1.224489688873291,8.033163070678711,qmix,smacv2,protoss_5_vs_5,101,0.0
5150000,2574,2026-06-13T00:08:25.227029,3.082270383834839,1.8731976747512817,1.4387755393981934,7.735969543457031,qmix,smacv2,protoss_5_vs_5,101,0.0
5152000,2575,2026-06-13T00:11:30.788786,4.094132423400879,2.612785816192627,1.2614796161651611,11.502551078796387,qmix,smacv2,protoss_5_vs_5,101,0.0
5154000,2576,2026-06-13T00:14:40.452912,3.6864795684814453,2.1869423389434814,1.5076531171798706,10.755102157592773,qmix,smacv2,protoss_5_vs_5,101,0.0
5156000,2577,2026-06-13T00:17:49.033827,2.9327168464660645,1.8363187313079834,0.37755101919174194,6.561224460601807,qmix,smacv2,protoss_5_vs_5,101,0.0
5158000,2578,2026-06-13T00:20:51.780867,2.9776148796081543,1.3681350946426392,0.9630101919174194,5.4349493980407715,qmix,smacv2,protoss_5_vs_5,101,0.0
5160000,2579,2026-06-13T00:24:06.117899,3.213839292526245,2.5546417236328125,1.1173468828201294,12.704081535339355,qmix,smacv2,protoss_5_vs_5,101,0.0
5162000,2580,2026-06-13T00:27:08.731809,2.915433883666992,1.6826808452606201,0.9897958636283875,8.426020622253418,qmix,smacv2,protoss_5_vs_5,101,0.0
5164000,2581,2026-06-13T00:30:19.976845,3.3515944480895996,1.5459938049316406,1.6836735010147095,7.0,qmix,smacv2,protoss_5_vs_5,101,0.0
5166000,2582,2026-06-13T00:33:23.711086,3.002232313156128,1.5853623151779175,1.0012755393981934,7.1415815353393555,qmix,smacv2,protoss_5_vs_5,101,0.0
5168000,2583,2026-06-13T00:36:24.080913,3.0627551078796387,2.293750286102295,0.2627550959587097,8.591837882995605,qmix,smacv2,protoss_5_vs_5,101,0.0
5170000,2584,2026-06-13T00:39:30.701525,3.25382661819458,1.6080306768417358,0.9897958636283875,6.755101680755615,qmix,smacv2,protoss_5_vs_5,101,0.0
5172000,2585,2026-06-13T00:42:39.583466,3.0729591846466064,1.4624483585357666,1.1938774585723877,7.077805995941162,qmix,smacv2,protoss_5_vs_5,101,0.0
5174000,2586,2026-06-13T00:45:52.461982,3.0512118339538574,1.527890682220459,1.3367347717285156,6.734694480895996,qmix,smacv2,protoss_5_vs_5,101,0.0
5176000,2587,2026-06-13T00:49:02.902825,3.014221668243408,1.3160545825958252,1.0778061151504517,6.963009834289551,qmix,smacv2,protoss_5_vs_5,101,0.0
5178000,2588,2026-06-13T00:52:18.852912,3.389477252960205,2.162994861602783,1.4056122303009033,9.404335975646973,qmix,smacv2,protoss_5_vs_5,101,0.0
5180000,2589,2026-06-13T00:55:31.491297,2.4575254917144775,1.0668901205062866,0.8265305757522583,4.8839287757873535,qmix,smacv2,protoss_5_vs_5,101,0.0
5182000,2590,2026-06-13T00:58:47.028775,2.474872589111328,1.2587803602218628,0.7563775181770325,5.955357074737549,qmix,smacv2,protoss_5_vs_5,101,0.0
5184000,2591,2026-06-13T01:02:04.416686,3.633099317550659,1.8932816982269287,0.7551020383834839,6.877551078796387,qmix,smacv2,protoss_5_vs_5,101,0.0
5186000,2592,2026-06-13T01:05:25.251377,4.654783248901367,2.5712151527404785,1.5612244606018066,12.942602157592773,qmix,smacv2,protoss_5_vs_5,101,0.0
5188000,2593,2026-06-13T01:08:44.838815,3.2818236351013184,1.8052852153778076,0.4897959232330322,6.957908630371094,qmix,smacv2,protoss_5_vs_5,101,0.0
5190000,2594,2026-06-13T01:12:04.849755,3.081122636795044,1.882573127746582,0.9502550363540649,7.5165815353393555,qmix,smacv2,protoss_5_vs_5,101,0.0
5192000,2595,2026-06-13T01:15:24.832223,3.4480865001678467,1.5059044361114502,1.4260202646255493,8.228316307067871,qmix,smacv2,protoss_5_vs_5,101,0.0
5194000,2596,2026-06-13T01:18:44.861175,2.992027997970581,1.1744661331176758,1.34183669090271,5.904336452484131,qmix,smacv2,protoss_5_vs_5,101,0.0
5196000,2597,2026-06-13T01:22:02.734194,3.869197130203247,1.8008418083190918,1.7755101919174194,7.653061866760254,qmix,smacv2,protoss_5_vs_5,101,0.0
5198000,2598,2026-06-13T01:25:21.416192,4.404209136962891,2.151404857635498,1.3278061151504517,9.985969543457031,qmix,smacv2,protoss_5_vs_5,101,0.0
5200000,2599,2026-06-13T01:28:35.806508,3.534630298614502,2.053985834121704,1.1556122303009033,9.60204029083252,qmix,smacv2,protoss_5_vs_5,101,0.0
5202000,2600,2026-06-13T01:31:51.864042,3.286607027053833,2.314122438430786,1.3214284181594849,11.126275062561035,qmix,smacv2,protoss_5_vs_5,101,0.0
5204000,2601,2026-06-13T01:35:05.126590,4.5855231285095215,2.5898373126983643,1.5102040767669678,9.928571701049805,qmix,smacv2,protoss_5_vs_5,101,0.0
5206000,2602,2026-06-13T01:38:19.253256,3.118112087249756,2.0449399948120117,1.2295918464660645,9.103316307067871,qmix,smacv2,protoss_5_vs_5,101,0.0
5208000,2603,2026-06-13T01:41:36.652383,3.994004726409912,1.5539188385009766,1.6109693050384521,7.499999046325684,qmix,smacv2,protoss_5_vs_5,101,0.0
5210000,2604,2026-06-13T01:44:48.527924,3.409374952316284,2.3849992752075195,1.1607143878936768,11.806122779846191,qmix,smacv2,protoss_5_vs_5,101,0.0
5212000,2605,2026-06-13T01:48:02.157651,3.879974365234375,1.898852825164795,0.9183672666549683,7.510204315185547,qmix,smacv2,protoss_5_vs_5,101,0.0
5214000,2606,2026-06-13T01:51:09.038513,3.4704716205596924,1.4004168510437012,1.6938775777816772,6.468112945556641,qmix,smacv2,protoss_5_vs_5,101,0.0
5216000,2607,2026-06-13T01:54:18.074287,4.319387912750244,2.257413864135742,1.336734652519226,8.596939086914062,qmix,smacv2,protoss_5_vs_5,101,0.0
5218000,2608,2026-06-13T01:57:25.852903,3.3640308380126953,1.618598461151123,1.2448979616165161,6.5395402908325195,qmix,smacv2,protoss_5_vs_5,101,0.0
5220000,2609,2026-06-13T02:00:37.435183,3.2619900703430176,1.9541200399398804,0.9489795565605164,8.151785850524902,qmix,smacv2,protoss_5_vs_5,101,0.0
5222000,2610,2026-06-13T02:03:47.852352,2.9320151805877686,1.3597019910812378,1.6492347717285156,6.955357551574707,qmix,smacv2,protoss_5_vs_5,101,0.0
5224000,2611,2026-06-13T02:06:59.719922,3.65242338180542,1.8234559297561646,1.2525510787963867,8.880102157592773,qmix,smacv2,protoss_5_vs_5,101,0.0
5226000,2612,2026-06-13T02:10:11.848351,4.240370273590088,1.781181812286377,1.316326379776001,7.993622779846191,qmix,smacv2,protoss_5_vs_5,101,0.0
5228000,2613,2026-06-13T02:13:26.479899,2.8647961616516113,1.3863749504089355,1.2971937656402588,5.628826141357422,qmix,smacv2,protoss_5_vs_5,101,0.0
5230000,2614,2026-06-13T02:16:36.855038,3.5837371349334717,1.7065693140029907,1.8520408868789673,8.056122779846191,qmix,smacv2,protoss_5_vs_5,101,0.0
5232000,2615,2026-06-13T02:19:47.512359,3.9135842323303223,2.2209384441375732,0.9145407676696777,11.28699016571045,qmix,smacv2,protoss_5_vs_5,101,0.0
5234000,2616,2026-06-13T02:23:01.288581,2.3748085498809814,1.0085976123809814,0.9897958636283875,4.418367385864258,qmix,smacv2,protoss_5_vs_5,101,0.0
5236000,2617,2026-06-13T02:26:13.700087,3.735586643218994,1.7056224346160889,1.5,7.214285850524902,qmix,smacv2,protoss_5_vs_5,101,0.0
5238000,2618,2026-06-13T02:29:25.211583,3.3339924812316895,1.9544256925582886,0.8788266181945801,8.155611991882324,qmix,smacv2,protoss_5_vs_5,101,0.0
5240000,2619,2026-06-13T02:32:33.348653,3.4406886100769043,1.821235179901123,1.5204081535339355,9.244897842407227,qmix,smacv2,protoss_5_vs_5,101,0.0
5242000,2620,2026-06-13T02:35:43.473756,2.943941593170166,1.2949579954147339,1.3711735010147095,6.0165815353393555,qmix,smacv2,protoss_5_vs_5,101,0.0
5244000,2621,2026-06-13T02:38:51.878829,2.9107141494750977,1.759698748588562,1.0114796161651611,7.100766181945801,qmix,smacv2,protoss_5_vs_5,101,0.0
5246000,2622,2026-06-13T02:42:00.459385,2.846811294555664,1.9049053192138672,0.9795918464660645,7.815051078796387,qmix,smacv2,protoss_5_vs_5,101,0.0
5248000,2623,2026-06-13T02:45:07.956147,3.5505738258361816,1.5991463661193848,1.4285714626312256,6.9897966384887695,qmix,smacv2,protoss_5_vs_5,101,0.0
5250000,2624,2026-06-13T02:48:25.449929,2.4903061389923096,1.919762134552002,0.8061224222183228,7.693877220153809,qmix,smacv2,protoss_5_vs_5,101,0.0
5252000,2625,2026-06-13T02:51:38.736171,4.82232141494751,2.816432237625122,1.211734652519226,10.161989212036133,qmix,smacv2,protoss_5_vs_5,101,0.0
5254000,2626,2026-06-13T02:54:58.304008,2.311415672302246,1.2154295444488525,0.6938775181770325,5.224489688873291,qmix,smacv2,protoss_5_vs_5,101,0.0
5256000,2627,2026-06-13T02:58:22.285828,2.595599412918091,1.8482166528701782,0.5816326141357422,7.612245082855225,qmix,smacv2,protoss_5_vs_5,101,0.0
5258000,2628,2026-06-13T03:01:31.559179,2.4456629753112793,1.599390983581543,0.7155612111091614,7.438775539398193,qmix,smacv2,protoss_5_vs_5,101,0.0
5260000,2629,2026-06-13T03:04:39.243338,2.4445788860321045,1.4557502269744873,0.8163264989852905,5.589285850524902,qmix,smacv2,protoss_5_vs_5,101,0.0
5262000,2630,2026-06-13T03:07:53.185070,3.2045280933380127,1.743841290473938,1.286989688873291,7.653061866760254,qmix,smacv2,protoss_5_vs_5,101,0.0
5264000,2631,2026-06-13T03:11:08.692014,3.776339292526245,1.9058079719543457,1.679847002029419,8.713010787963867,qmix,smacv2,protoss_5_vs_5,101,0.0
5266000,2632,2026-06-13T03:14:25.452885,4.463392734527588,2.229780435562134,0.36734694242477417,10.346940040588379,qmix,smacv2,protoss_5_vs_5,101,0.0
5268000,2633,2026-06-13T03:17:37.036317,4.485905647277832,2.1053051948547363,1.9885203838348389,10.07780647277832,qmix,smacv2,protoss_5_vs_5,101,0.0
5270000,2634,2026-06-13T03:20:49.850535,4.083035945892334,2.0838937759399414,1.5522959232330322,8.853317260742188,qmix,smacv2,protoss_5_vs_5,101,0.0
5272000,2635,2026-06-13T03:24:02.177745,3.0066962242126465,1.7962075471878052,0.6122448444366455,6.376275539398193,qmix,smacv2,protoss_5_vs_5,101,0.0
5274000,2636,2026-06-13T03:27:14.667247,3.873915433883667,2.302062511444092,1.417091965675354,9.51020336151123,qmix,smacv2,protoss_5_vs_5,101,0.0
5276000,2637,2026-06-13T03:30:27.744976,5.028124809265137,2.373851776123047,1.1237244606018066,9.341836929321289,qmix,smacv2,protoss_5_vs_5,101,0.0
5278000,2638,2026-06-13T03:33:42.863023,3.0959181785583496,1.7401525974273682,1.1594386100769043,7.4183669090271,qmix,smacv2,protoss_5_vs_5,101,0.0
5280000,2639,2026-06-13T03:36:56.917802,3.8691329956054688,1.883237600326538,1.2142856121063232,7.8469390869140625,qmix,smacv2,protoss_5_vs_5,101,0.0
5282000,2640,2026-06-13T03:40:10.074804,3.5691962242126465,1.6459845304489136,1.2512754201889038,7.663265228271484,qmix,smacv2,protoss_5_vs_5,101,0.0
5284000,2641,2026-06-13T03:43:28.532888,4.121365070343018,2.437028646469116,1.2538264989852905,10.285714149475098,qmix,smacv2,protoss_5_vs_5,101,0.0
5286000,2642,2026-06-13T03:46:43.868662,3.4324615001678467,2.548429012298584,0.7346938848495483,10.607142448425293,qmix,smacv2,protoss_5_vs_5,101,0.0
5288000,2643,2026-06-13T03:50:00.262211,3.439795970916748,2.015599250793457,0.6530612707138062,6.732142448425293,qmix,smacv2,protoss_5_vs_5,101,0.0
5290000,2644,2026-06-13T03:53:08.850239,3.3725764751434326,2.7059478759765625,0.5,10.561223983764648,qmix,smacv2,protoss_5_vs_5,101,0.0
5292000,2645,2026-06-13T03:56:19.022315,3.498915910720825,2.261909246444702,0.8469387292861938,10.378827095031738,qmix,smacv2,protoss_5_vs_5,101,0.0
5294000,2646,2026-06-13T03:59:28.996305,2.6538264751434326,1.109771490097046,1.0612244606018066,6.095663070678711,qmix,smacv2,protoss_5_vs_5,101,0.0
5296000,2647,2026-06-13T04:03:00.640691,2.851849317550659,1.3478676080703735,1.2627551555633545,6.520408630371094,qmix,smacv2,protoss_5_vs_5,101,0.0
5298000,2648,2026-06-13T04:06:09.912157,4.5288262367248535,2.7470877170562744,1.7270406484603882,11.21300983428955,qmix,smacv2,protoss_5_vs_5,101,0.0
5300000,2649,2026-06-13T04:09:18.702700,3.0112881660461426,2.0278453826904297,0.9770407676696777,9.461734771728516,qmix,smacv2,protoss_5_vs_5,101,0.0
5302000,2650,2026-06-13T04:12:40.117609,3.3282523155212402,1.7768702507019043,0.9693877100944519,6.998724460601807,qmix,smacv2,protoss_5_vs_5,101,0.0
5304000,2651,2026-06-13T04:16:07.792750,4.446237564086914,1.645268440246582,1.9489796161651611,8.867347717285156,qmix,smacv2,protoss_5_vs_5,101,0.0
5306000,2652,2026-06-13T04:19:38.663849,3.6693878173828125,1.676173210144043,1.1913264989852905,8.153060913085938,qmix,smacv2,protoss_5_vs_5,101,0.0
5308000,2653,2026-06-13T04:23:05.224622,4.325446128845215,2.1847262382507324,1.7219388484954834,9.265305519104004,qmix,smacv2,protoss_5_vs_5,101,0.0
5310000,2654,2026-06-13T04:26:25.635530,3.4038264751434326,1.6700549125671387,1.4260205030441284,7.8125,qmix,smacv2,protoss_5_vs_5,101,0.0
5312000,2655,2026-06-13T04:29:47.545051,3.276275157928467,1.9199951887130737,1.12117338180542,7.306122779846191,qmix,smacv2,protoss_5_vs_5,101,0.0
5314000,2656,2026-06-13T04:33:07.010493,3.3766582012176514,1.7681041955947876,1.0612244606018066,8.998724937438965,qmix,smacv2,protoss_5_vs_5,101,0.0
5316000,2657,2026-06-13T04:36:25.381368,3.5934948921203613,2.0450093746185303,0.8673468828201294,8.955357551574707,qmix,smacv2,protoss_5_vs_5,101,0.0
5318000,2658,2026-06-13T04:39:50.351547,2.619706630706787,1.4268897771835327,0.6428571939468384,6.283163070678711,qmix,smacv2,protoss_5_vs_5,101,0.0
5320000,2659,2026-06-13T04:43:14.999534,2.796555757522583,1.4203420877456665,0.8979591131210327,7.183672904968262,qmix,smacv2,protoss_5_vs_5,101,0.0
5322000,2660,2026-06-13T04:46:39.297288,3.327040910720825,1.7890647649765015,0.8979591131210327,7.5714287757873535,qmix,smacv2,protoss_5_vs_5,101,0.0
5324000,2661,2026-06-13T04:50:06.725416,4.567666053771973,2.6669564247131348,1.8303569555282593,12.311224937438965,qmix,smacv2,protoss_5_vs_5,101,0.0
5326000,2662,2026-06-13T04:53:33.360319,3.6601405143737793,1.497099757194519,0.9502550959587097,6.928572177886963,qmix,smacv2,protoss_5_vs_5,101,0.0
5328000,2663,2026-06-13T04:57:06.707141,3.038456678390503,1.2610373497009277,1.1734694242477417,5.573979377746582,qmix,smacv2,protoss_5_vs_5,101,0.0
5330000,2664,2026-06-13T05:00:36.708077,2.8473849296569824,1.610020399093628,1.1836735010147095,6.285714149475098,qmix,smacv2,protoss_5_vs_5,101,0.0
5332000,2665,2026-06-13T05:04:03.820881,3.192793369293213,2.2698144912719727,0.8979591131210327,8.306121826171875,qmix,smacv2,protoss_5_vs_5,101,0.0
5334000,2666,2026-06-13T05:07:28.346861,3.214221954345703,1.7264368534088135,0.7436224222183228,7.142857551574707,qmix,smacv2,protoss_5_vs_5,101,0.0
5336000,2667,2026-06-13T05:10:48.618453,3.3865432739257812,2.021202802658081,0.9375,8.336734771728516,qmix,smacv2,protoss_5_vs_5,101,0.0
5338000,2668,2026-06-13T05:14:05.073839,3.3413901329040527,1.9535034894943237,0.8367346525192261,8.459183692932129,qmix,smacv2,protoss_5_vs_5,101,0.0
5340000,2669,2026-06-13T05:17:25.514148,3.123086929321289,2.206686019897461,0.5510203838348389,8.367347717285156,qmix,smacv2,protoss_5_vs_5,101,0.0
5342000,2670,2026-06-13T05:20:45.691085,3.3599491119384766,2.8180532455444336,0.8086735010147095,9.72449016571045,qmix,smacv2,protoss_5_vs_5,101,0.0
5344000,2671,2026-06-13T05:23:59.776845,2.501147747039795,0.9376325607299805,0.7448979020118713,4.103316307067871,qmix,smacv2,protoss_5_vs_5,101,0.0
5346000,2672,2026-06-13T05:27:09.004199,3.4956631660461426,1.6052265167236328,1.7308671474456787,7.521683692932129,qmix,smacv2,protoss_5_vs_5,101,0.0
5348000,2673,2026-06-13T05:30:23.301869,3.3979592323303223,2.0288186073303223,1.4974490404129028,8.744898796081543,qmix,smacv2,protoss_5_vs_5,101,0.0
5350000,2674,2026-06-13T05:33:31.514553,2.871875286102295,1.4429570436477661,1.3941327333450317,6.950255393981934,qmix,smacv2,protoss_5_vs_5,101,0.0
5352000,2675,2026-06-13T05:36:38.565581,3.794196367263794,1.6884132623672485,1.6428571939468384,7.702805995941162,qmix,smacv2,protoss_5_vs_5,101,0.0
5354000,2676,2026-06-13T05:39:47.885395,3.32429838180542,1.007647156715393,1.2857142686843872,5.714285850524902,qmix,smacv2,protoss_5_vs_5,101,0.0
5356000,2677,2026-06-13T05:43:04.162128,3.059821605682373,1.502074122428894,1.132652997970581,6.066326141357422,qmix,smacv2,protoss_5_vs_5,101,0.0
5358000,2678,2026-06-13T05:46:14.679436,2.558354616165161,1.001462697982788,1.0,4.39030647277832,qmix,smacv2,protoss_5_vs_5,101,0.0
5360000,2679,2026-06-13T05:49:20.305771,3.3424105644226074,1.7715779542922974,1.2653061151504517,8.008929252624512,qmix,smacv2,protoss_5_vs_5,101,0.0
5362000,2680,2026-06-13T05:52:31.392815,3.062499761581421,1.4506698846817017,0.9145408868789673,8.102041244506836,qmix,smacv2,protoss_5_vs_5,101,0.0
5364000,2681,2026-06-13T05:55:44.080260,3.6404330730438232,2.1921141147613525,1.1122448444366455,8.845663070678711,qmix,smacv2,protoss_5_vs_5,101,0.0
5366000,2682,2026-06-13T05:58:56.960607,3.0745534896850586,1.7872682809829712,0.9183673858642578,7.030611991882324,qmix,smacv2,protoss_5_vs_5,101,0.0
5368000,2683,2026-06-13T06:02:07.644466,3.61926007270813,2.1559858322143555,1.507652997970581,8.734694480895996,qmix,smacv2,protoss_5_vs_5,101,0.0
5370000,2684,2026-06-13T06:05:24.529880,3.3797194957733154,1.582104206085205,1.4017857313156128,6.665816307067871,qmix,smacv2,protoss_5_vs_5,101,0.0
5372000,2685,2026-06-13T06:08:39.853906,3.6765308380126953,1.6354390382766724,1.4183672666549683,6.892857551574707,qmix,smacv2,protoss_5_vs_5,101,0.0
5374000,2686,2026-06-13T06:11:51.193432,3.754591703414917,2.6086506843566895,0.7908163070678711,11.775510787963867,qmix,smacv2,protoss_5_vs_5,101,0.0
5376000,2687,2026-06-13T06:15:00.772011,3.289604663848877,1.3399641513824463,0.6734694242477417,7.345664024353027,qmix,smacv2,protoss_5_vs_5,101,0.0
5378000,2688,2026-06-13T06:18:10.711880,2.6777424812316895,1.4488774538040161,0.5280612111091614,7.265305995941162,qmix,smacv2,protoss_5_vs_5,101,0.0
5380000,2689,2026-06-13T06:21:20.956876,3.531632661819458,2.035480499267578,1.2551019191741943,8.286989212036133,qmix,smacv2,protoss_5_vs_5,101,0.0
5382000,2690,2026-06-13T06:24:32.091151,3.2901782989501953,1.5574795007705688,0.8749998807907104,8.051020622253418,qmix,smacv2,protoss_5_vs_5,101,0.0
5384000,2691,2026-06-13T06:27:41.168598,4.185650825500488,2.026418447494507,1.3354591131210327,7.756378173828125,qmix,smacv2,protoss_5_vs_5,101,0.0
5386000,2692,2026-06-13T06:30:53.330284,3.818941593170166,1.780664324760437,2.176020622253418,9.172194480895996,qmix,smacv2,protoss_5_vs_5,101,0.0
5388000,2693,2026-06-13T06:34:04.701001,3.73820161819458,2.2763819694519043,1.1301020383834839,8.551019668579102,qmix,smacv2,protoss_5_vs_5,101,0.0
5390000,2694,2026-06-13T06:37:14.469391,3.852487564086914,2.1725387573242188,1.4489796161651611,10.653060913085938,qmix,smacv2,protoss_5_vs_5,101,0.0
5392000,2695,2026-06-13T06:40:28.950930,4.186224937438965,2.7275421619415283,1.9489796161651611,13.204083442687988,qmix,smacv2,protoss_5_vs_5,101,0.0
5394000,2696,2026-06-13T06:43:35.203595,3.0519769191741943,2.091982364654541,1.0510203838348389,10.330357551574707,qmix,smacv2,protoss_5_vs_5,101,0.0
5396000,2697,2026-06-13T06:46:37.559752,3.608673572540283,2.1532814502716064,1.1020407676696777,8.075255393981934,qmix,smacv2,protoss_5_vs_5,101,0.0
5398000,2698,2026-06-13T06:49:43.594338,3.7377548217773438,1.5576493740081787,1.2410714626312256,6.979592323303223,qmix,smacv2,protoss_5_vs_5,101,0.0
5400000,2699,2026-06-13T06:52:48.781783,3.0167088508605957,2.068582534790039,0.18367347121238708,7.603316307067871,qmix,smacv2,protoss_5_vs_5,101,0.0
5402000,2700,2026-06-13T06:55:55.006578,3.4448342323303223,2.093212366104126,0.7742347121238708,8.255102157592773,qmix,smacv2,protoss_5_vs_5,101,0.0
5404000,2701,2026-06-13T06:59:01.089607,2.54081654548645,1.616666316986084,0.44897955656051636,6.826530456542969,qmix,smacv2,protoss_5_vs_5,101,0.0
5406000,2702,2026-06-13T07:02:13.882281,3.2303574085235596,1.9492852687835693,1.2346938848495483,9.03061294555664,qmix,smacv2,protoss_5_vs_5,101,0.0
5408000,2703,2026-06-13T07:05:22.214741,3.6153063774108887,1.4930429458618164,1.5102039575576782,6.188775539398193,qmix,smacv2,protoss_5_vs_5,101,0.0
5410000,2704,2026-06-13T07:08:33.334929,2.549617290496826,1.9335052967071533,0.7691326141357422,9.234694480895996,qmix,smacv2,protoss_5_vs_5,101,0.0
5412000,2705,2026-06-13T07:11:46.180688,3.0618624687194824,2.0992472171783447,0.6211734414100647,7.636479377746582,qmix,smacv2,protoss_5_vs_5,101,0.0
5414000,2706,2026-06-13T07:14:56.702515,3.4375,1.8863638639450073,1.021683692932129,6.553572177886963,qmix,smacv2,protoss_5_vs_5,101,0.0
5416000,2707,2026-06-13T07:18:14.958421,3.1297194957733154,1.5261527299880981,0.7857142090797424,6.346938610076904,qmix,smacv2,protoss_5_vs_5,101,0.0
5418000,2708,2026-06-13T07:21:30.824426,3.541517734527588,2.0023627281188965,1.4821429252624512,7.631377220153809,qmix,smacv2,protoss_5_vs_5,101,0.0
5420000,2709,2026-06-13T07:24:53.220668,3.7059950828552246,2.0564041137695312,0.9795917272567749,7.30484676361084,qmix,smacv2,protoss_5_vs_5,101,0.0
5422000,2710,2026-06-13T07:28:12.005898,2.8362247943878174,1.6934044361114502,1.2040815353393555,8.5,qmix,smacv2,protoss_5_vs_5,101,0.0
5424000,2711,2026-06-13T07:31:27.413271,2.780484676361084,1.878678321838379,0.5586734414100647,8.234694480895996,qmix,smacv2,protoss_5_vs_5,101,0.0
5426000,2712,2026-06-13T07:34:40.069561,3.74815034866333,1.8268450498580933,1.007652997970581,8.396684646606445,qmix,smacv2,protoss_5_vs_5,101,0.0
5428000,2713,2026-06-13T07:37:54.032910,3.3759567737579346,2.1483495235443115,0.9783163070678711,8.826531410217285,qmix,smacv2,protoss_5_vs_5,101,0.0
5430000,2714,2026-06-13T07:41:06.443211,3.5406250953674316,2.22560715675354,0.9183673858642578,8.910714149475098,qmix,smacv2,protoss_5_vs_5,101,0.0
5432000,2715,2026-06-13T07:44:15.223370,3.4507012367248535,1.732211947441101,1.0369898080825806,6.1454081535339355,qmix,smacv2,protoss_5_vs_5,101,0.0
5434000,2716,2026-06-13T07:47:24.933553,2.5019772052764893,1.2467050552368164,1.0,5.7040815353393555,qmix,smacv2,protoss_5_vs_5,101,0.0
5436000,2717,2026-06-13T07:50:34.492336,3.187882900238037,1.8043824434280396,0.8367346525192261,6.8647966384887695,qmix,smacv2,protoss_5_vs_5,101,0.0
5438000,2718,2026-06-13T07:53:43.547248,3.5946431159973145,2.3067967891693115,1.0650510787963867,9.450255393981934,qmix,smacv2,protoss_5_vs_5,101,0.0
5440000,2719,2026-06-13T07:56:45.890809,3.02927303314209,1.7522085905075073,1.1147959232330322,6.795918941497803,qmix,smacv2,protoss_5_vs_5,101,0.0
5442000,2720,2026-06-13T07:59:52.156632,2.9194514751434326,1.6079726219177246,0.5,6.183672904968262,qmix,smacv2,protoss_5_vs_5,101,0.0
5444000,2721,2026-06-13T08:02:55.081311,3.220982074737549,2.1762771606445312,0.8252550363540649,8.133928298950195,qmix,smacv2,protoss_5_vs_5,101,0.0
5446000,2722,2026-06-13T08:05:59.572013,4.163201332092285,1.8972071409225464,1.65816330909729,9.192602157592773,qmix,smacv2,protoss_5_vs_5,101,0.0
5448000,2723,2026-06-13T08:09:07.927238,2.8847575187683105,1.5195387601852417,0.9234693646430969,6.80484676361084,qmix,smacv2,protoss_5_vs_5,101,0.0
5450000,2724,2026-06-13T08:12:15.096393,3.0509562492370605,1.7958046197891235,1.0255101919174194,7.4910712242126465,qmix,smacv2,protoss_5_vs_5,101,0.0
5452000,2725,2026-06-13T08:15:20.746660,3.4989795684814453,1.93484365940094,1.1020407676696777,7.626275539398193,qmix,smacv2,protoss_5_vs_5,101,0.0
5454000,2726,2026-06-13T08:18:16.614150,3.3599491119384766,1.4900085926055908,0.9170917272567749,6.292091369628906,qmix,smacv2,protoss_5_vs_5,101,0.0
5456000,2727,2026-06-13T08:21:15.188506,3.269132614135742,2.0633552074432373,0.8431121706962585,8.612244606018066,qmix,smacv2,protoss_5_vs_5,101,0.0
5458000,2728,2026-06-13T08:24:18.703673,3.6561222076416016,1.9207597970962524,1.228316307067871,8.051019668579102,qmix,smacv2,protoss_5_vs_5,101,0.0
5460000,2729,2026-06-13T08:27:17.050019,2.9639668464660645,1.4706660509109497,1.4642856121063232,6.737244606018066,qmix,smacv2,protoss_5_vs_5,101,0.0
5462000,2730,2026-06-13T08:30:19.567252,3.164668321609497,1.651002287864685,0.9795917272567749,7.338010311126709,qmix,smacv2,protoss_5_vs_5,101,0.0
5464000,2731,2026-06-13T08:33:30.213349,4.595854759216309,3.0669844150543213,1.415816307067871,16.4489803314209,qmix,smacv2,protoss_5_vs_5,101,0.05000000074505806
5466000,2732,2026-06-13T08:36:40.364325,3.0344388484954834,1.2847052812576294,1.132652997970581,6.755102634429932,qmix,smacv2,protoss_5_vs_5,101,0.0
5468000,2733,2026-06-13T08:39:51.021781,3.5593113899230957,1.8132346868515015,1.5803571939468384,6.63265323638916,qmix,smacv2,protoss_5_vs_5,101,0.0
5470000,2734,2026-06-13T08:43:06.095576,3.6930484771728516,2.0961642265319824,1.0854591131210327,8.214284896850586,qmix,smacv2,protoss_5_vs_5,101,0.0
5472000,2735,2026-06-13T08:46:18.029461,2.65051007270813,1.395547866821289,1.1339285373687744,6.022959232330322,qmix,smacv2,protoss_5_vs_5,101,0.0
5474000,2736,2026-06-13T08:49:16.198207,4.013584136962891,1.843745470046997,1.7857143878936768,8.735969543457031,qmix,smacv2,protoss_5_vs_5,101,0.0
5476000,2737,2026-06-13T08:52:16.840501,3.0367350578308105,1.569846749305725,1.399234652519226,7.775511264801025,qmix,smacv2,protoss_5_vs_5,101,0.0
5478000,2738,2026-06-13T08:55:15.325056,4.03322696685791,2.2915608882904053,1.2640306949615479,8.455357551574707,qmix,smacv2,protoss_5_vs_5,101,0.0
5480000,2739,2026-06-13T08:58:13.377801,3.1407523155212402,1.7435139417648315,1.0395407676696777,8.93239688873291,qmix,smacv2,protoss_5_vs_5,101,0.0
5482000,2740,2026-06-13T09:01:11.001601,3.468111753463745,1.9719536304473877,0.8877550959587097,6.627551078796387,qmix,smacv2,protoss_5_vs_5,101,0.0
5484000,2741,2026-06-13T09:04:08.988512,2.874171018600464,1.6674319505691528,0.6237244606018066,6.621173858642578,qmix,smacv2,protoss_5_vs_5,101,0.0
5486000,2742,2026-06-13T09:07:09.105799,3.280421018600464,2.695004463195801,0.5408163070678711,12.211734771728516,qmix,smacv2,protoss_5_vs_5,101,0.0
5488000,2743,2026-06-13T09:10:03.753878,2.842602252960205,2.0378856658935547,0.5714285373687744,9.631377220153809,qmix,smacv2,protoss_5_vs_5,101,0.0
5490000,2744,2026-06-13T09:13:10.549710,2.4106504917144775,1.670915961265564,0.3979591727256775,7.072705268859863,qmix,smacv2,protoss_5_vs_5,101,0.0
5492000,2745,2026-06-13T09:16:15.449740,3.183354377746582,1.5171531438827515,0.7857142686843872,5.839285850524902,qmix,smacv2,protoss_5_vs_5,101,0.0
5494000,2746,2026-06-13T09:19:23.608082,2.6936862468719482,1.770068645477295,0.5816326141357422,7.2270402908325195,qmix,smacv2,protoss_5_vs_5,101,0.0
5496000,2747,2026-06-13T09:22:36.699830,2.563265323638916,1.0589675903320312,0.7678571939468384,5.081632614135742,qmix,smacv2,protoss_5_vs_5,101,0.0
5498000,2748,2026-06-13T09:25:52.693232,2.7748725414276123,1.7151612043380737,0.714285671710968,5.781888008117676,qmix,smacv2,protoss_5_vs_5,101,0.0
5500000,2749,2026-06-13T09:29:03.517967,2.9033162593841553,1.8565953969955444,0.5510203838348389,7.039541721343994,qmix,smacv2,protoss_5_vs_5,101,0.0
5502000,2750,2026-06-13T09:32:14.347460,2.9117345809936523,1.5178821086883545,1.2576531171798706,6.9974493980407715,qmix,smacv2,protoss_5_vs_5,101,0.0
5504000,2751,2026-06-13T09:35:26.604870,3.2230868339538574,1.7129356861114502,1.257652997970581,6.887754917144775,qmix,smacv2,protoss_5_vs_5,101,0.0
5506000,2752,2026-06-13T09:38:38.405916,4.059885025024414,2.5317351818084717,1.1364796161651611,10.061224937438965,qmix,smacv2,protoss_5_vs_5,101,0.0
5508000,2753,2026-06-13T09:41:51.581775,3.800701856613159,2.0179474353790283,0.9489795565605164,8.252551078796387,qmix,smacv2,protoss_5_vs_5,101,0.0
5510000,2754,2026-06-13T09:45:08.808538,3.9202163219451904,2.078493595123291,0.5216836929321289,8.14285659790039,qmix,smacv2,protoss_5_vs_5,101,0.0
5512000,2755,2026-06-13T09:48:23.158359,3.225574016571045,1.296126127243042,1.2997448444366455,6.102040767669678,qmix,smacv2,protoss_5_vs_5,101,0.0
5514000,2756,2026-06-13T09:51:40.424048,3.2307400703430176,2.093064069747925,0.5816326141357422,7.8469390869140625,qmix,smacv2,protoss_5_vs_5,101,0.0
5516000,2757,2026-06-13T09:54:55.998311,2.551466703414917,1.6428529024124146,0.4387754797935486,7.253826141357422,qmix,smacv2,protoss_5_vs_5,101,0.0
5518000,2758,2026-06-13T09:58:04.599342,3.4532527923583984,2.2070600986480713,1.0102040767669678,9.909439086914062,qmix,smacv2,protoss_5_vs_5,101,0.0
5520000,2759,2026-06-13T10:01:12.624630,3.724489688873291,2.952620029449463,0.6326530575752258,14.584182739257812,qmix,smacv2,protoss_5_vs_5,101,0.0
5522000,2760,2026-06-13T10:04:19.131088,4.514732360839844,2.423330068588257,1.4987244606018066,9.89795970916748,qmix,smacv2,protoss_5_vs_5,101,0.0
5524000,2761,2026-06-13T10:07:31.223468,3.0630738735198975,2.1998274326324463,0.8431121706962585,8.46045970916748,qmix,smacv2,protoss_5_vs_5,101,0.0
5526000,2762,2026-06-13T10:10:53.232088,2.139094352722168,1.3277024030685425,0.30612245202064514,4.581632614135742,qmix,smacv2,protoss_5_vs_5,101,0.0
5528000,2763,2026-06-13T10:14:02.857845,3.459311008453369,1.7597088813781738,1.18367338180542,8.346938133239746,qmix,smacv2,protoss_5_vs_5,101,0.0
5530000,2764,2026-06-13T10:17:21.608043,2.7082269191741943,1.6443794965744019,0.2142857015132904,5.813775539398193,qmix,smacv2,protoss_5_vs_5,101,0.0
5532000,2765,2026-06-13T10:20:31.160709,3.050637722015381,1.429834008216858,0.9999998807907104,6.938775539398193,qmix,smacv2,protoss_5_vs_5,101,0.0
5534000,2766,2026-06-13T10:23:40.052226,2.7119898796081543,1.3453227281570435,0.6428571343421936,5.427295684814453,qmix,smacv2,protoss_5_vs_5,101,0.0
5536000,2767,2026-06-13T10:26:49.187392,3.6087374687194824,1.9611321687698364,0.714285671710968,6.968111991882324,qmix,smacv2,protoss_5_vs_5,101,0.0
5538000,2768,2026-06-13T10:30:02.418348,3.4076530933380127,2.003858804702759,0.5408163070678711,7.413266181945801,qmix,smacv2,protoss_5_vs_5,101,0.0
5540000,2769,2026-06-13T10:33:13.377426,2.7345025539398193,1.8776865005493164,0.9489795565605164,8.362244606018066,qmix,smacv2,protoss_5_vs_5,101,0.0
5542000,2770,2026-06-13T10:36:27.782381,2.003443717956543,1.039840817451477,0.3163265287876129,4.469387531280518,qmix,smacv2,protoss_5_vs_5,101,0.0
5544000,2771,2026-06-13T10:39:47.384988,3.357461929321289,1.8026058673858643,0.795918345451355,7.13265323638916,qmix,smacv2,protoss_5_vs_5,101,0.0
5546000,2772,2026-06-13T10:43:10.659360,2.666262626647949,1.5624619722366333,0.5701530575752258,6.24617338180542,qmix,smacv2,protoss_5_vs_5,101,0.0
5548000,2773,2026-06-13T10:46:33.806814,3.6346302032470703,1.9551643133163452,0.4387754797935486,7.607142448425293,qmix,smacv2,protoss_5_vs_5,101,0.0
5550000,2774,2026-06-13T10:49:53.625627,2.703826427459717,1.5640114545822144,0.6224490404129028,6.061224937438965,qmix,smacv2,protoss_5_vs_5,101,0.0
5552000,2775,2026-06-13T10:53:10.361967,2.8242347240448,1.3553775548934937,1.1441326141357422,6.154336452484131,qmix,smacv2,protoss_5_vs_5,101,0.0
5554000,2776,2026-06-13T10:56:31.047979,2.3961098194122314,2.2173309326171875,0.5714285373687744,8.575255393981934,qmix,smacv2,protoss_5_vs_5,101,0.0
5556000,2777,2026-06-13T11:00:11.628004,2.6972575187683105,1.5409656763076782,1.071428656578064,7.119897365570068,qmix,smacv2,protoss_5_vs_5,101,0.0
5558000,2778,2026-06-13T11:03:28.052293,3.986288070678711,2.531296730041504,0.36734694242477417,9.544641494750977,qmix,smacv2,protoss_5_vs_5,101,0.0
5560000,2779,2026-06-13T11:06:45.986660,2.6324620246887207,1.5653283596038818,0.2857142686843872,6.094388008117676,qmix,smacv2,protoss_5_vs_5,101,0.0
5562000,2780,2026-06-13T11:10:03.761903,3.004591941833496,1.3912564516067505,1.1823979616165161,6.18367338180542,qmix,smacv2,protoss_5_vs_5,101,0.0
5564000,2781,2026-06-13T11:13:23.559687,2.9842476844787598,1.697568655014038,0.9706632494926453,8.285715103149414,qmix,smacv2,protoss_5_vs_5,101,0.0
5566000,2782,2026-06-13T11:16:44.462712,3.3492984771728516,2.019353151321411,1.271683692932129,8.295918464660645,qmix,smacv2,protoss_5_vs_5,101,0.0
5568000,2783,2026-06-13T11:20:01.468640,2.7643494606018066,2.431098222732544,0.37755101919174194,11.293367385864258,qmix,smacv2,protoss_5_vs_5,101,0.0
5570000,2784,2026-06-13T11:23:20.081593,3.026657819747925,1.539547085762024,1.0535714626312256,5.918367385864258,qmix,smacv2,protoss_5_vs_5,101,0.0
5572000,2785,2026-06-13T11:26:36.097243,2.2368624210357666,1.126875638961792,0.8571428060531616,5.261479377746582,qmix,smacv2,protoss_5_vs_5,101,0.0
5574000,2786,2026-06-13T11:29:48.227720,2.2746174335479736,1.1274930238723755,0.8673469424247742,4.801020622253418,qmix,smacv2,protoss_5_vs_5,101,0.0
5576000,2787,2026-06-13T11:33:04.514487,3.552168607711792,1.5356148481369019,1.4183673858642578,6.7308669090271,qmix,smacv2,protoss_5_vs_5,101,0.0
5578000,2788,2026-06-13T11:36:22.310765,2.973724603652954,1.8008050918579102,0.36734694242477417,6.530611991882324,qmix,smacv2,protoss_5_vs_5,101,0.0
5580000,2789,2026-06-13T11:39:39.696870,3.633737087249756,1.5112180709838867,1.0484694242477417,7.571427822113037,qmix,smacv2,protoss_5_vs_5,101,0.0
5582000,2790,2026-06-13T11:42:53.218386,2.3120534420013428,1.372644305229187,0.7270408272743225,6.330357074737549,qmix,smacv2,protoss_5_vs_5,101,0.0
5584000,2791,2026-06-13T11:46:02.087360,2.58195161819458,1.9639054536819458,0.4693877696990967,6.091836929321289,qmix,smacv2,protoss_5_vs_5,101,0.0
5586000,2792,2026-06-13T11:49:06.226790,2.88679838180542,1.5577881336212158,0.8163264989852905,6.029336929321289,qmix,smacv2,protoss_5_vs_5,101,0.0
5588000,2793,2026-06-13T11:52:11.417373,3.294069290161133,1.848927617073059,1.2959184646606445,8.646683692932129,qmix,smacv2,protoss_5_vs_5,101,0.0
5590000,2794,2026-06-13T11:55:19.709617,3.0920281410217285,1.8231737613677979,0.8979591131210327,6.306122779846191,qmix,smacv2,protoss_5_vs_5,101,0.0
5592000,2795,2026-06-13T11:58:29.223551,3.43934965133667,1.8583650588989258,0.9285715222358704,7.4897966384887695,qmix,smacv2,protoss_5_vs_5,101,0.0
5594000,2796,2026-06-13T12:01:33.268459,3.6728317737579346,1.8567219972610474,1.1938775777816772,8.69515323638916,qmix,smacv2,protoss_5_vs_5,101,0.0
5596000,2797,2026-06-13T12:04:45.348979,3.033099412918091,1.768937587738037,0.7653061151504517,6.375000476837158,qmix,smacv2,protoss_5_vs_5,101,0.0
5598000,2798,2026-06-13T12:07:54.963657,3.1259570121765137,1.6985076665878296,0.8507653474807739,6.825254917144775,qmix,smacv2,protoss_5_vs_5,101,0.0
5600000,2799,2026-06-13T12:11:11.000838,3.4228954315185547,2.3407094478607178,1.2066326141357422,10.867347717285156,qmix,smacv2,protoss_5_vs_5,101,0.0
5602000,2800,2026-06-13T12:14:26.369499,4.013265609741211,2.2503321170806885,0.7346938848495483,8.153060913085938,qmix,smacv2,protoss_5_vs_5,101,0.0
5604000,2801,2026-06-13T12:17:35.965545,2.8950257301330566,2.207672595977783,0.6938775181770325,7.061224460601807,qmix,smacv2,protoss_5_vs_5,101,0.0
5606000,2802,2026-06-13T12:20:49.001554,3.1098217964172363,1.6943670511245728,0.71683669090271,6.553572177886963,qmix,smacv2,protoss_5_vs_5,101,0.0
5608000,2803,2026-06-13T12:24:03.963189,2.9026784896850586,1.866288661956787,0.9183673858642578,7.959183692932129,qmix,smacv2,protoss_5_vs_5,101,0.0
5610000,2804,2026-06-13T12:27:15.495945,3.270982027053833,1.8623368740081787,1.0612244606018066,7.061224460601807,qmix,smacv2,protoss_5_vs_5,101,0.0
5612000,2805,2026-06-13T12:30:31.348195,3.0974490642547607,1.5399447679519653,1.5612244606018066,7.338010311126709,qmix,smacv2,protoss_5_vs_5,101,0.0
5614000,2806,2026-06-13T12:33:43.340211,3.96313738822937,1.836006760597229,1.452805995941162,7.991070747375488,qmix,smacv2,protoss_5_vs_5,101,0.0
5616000,2807,2026-06-13T12:37:02.895357,2.5062499046325684,1.4941504001617432,0.6122449040412903,5.524234771728516,qmix,smacv2,protoss_5_vs_5,101,0.0
5618000,2808,2026-06-13T12:40:10.884494,3.073915958404541,1.4831446409225464,1.1607142686843872,7.201531410217285,qmix,smacv2,protoss_5_vs_5,101,0.0
5620000,2809,2026-06-13T12:43:20.722271,3.3165817260742188,1.8172516822814941,1.1020407676696777,6.6683669090271,qmix,smacv2,protoss_5_vs_5,101,0.0
5622000,2810,2026-06-13T12:46:33.107309,4.072384834289551,1.8372366428375244,0.8571428060531616,8.090560913085938,qmix,smacv2,protoss_5_vs_5,101,0.0
5624000,2811,2026-06-13T12:49:44.463879,4.251212120056152,2.2822189331054688,1.4119898080825806,9.298469543457031,qmix,smacv2,protoss_5_vs_5,101,0.0
5626000,2812,2026-06-13T12:52:55.640050,4.134502410888672,2.1270363330841064,0.9668367505073547,8.968111991882324,qmix,smacv2,protoss_5_vs_5,101,0.0
5628000,2813,2026-06-13T12:56:12.193140,2.664158344268799,1.339304804801941,0.9591838121414185,5.17219352722168,qmix,smacv2,protoss_5_vs_5,101,0.0
5630000,2814,2026-06-13T12:59:27.767377,3.7006373405456543,2.5338191986083984,1.224489688873291,11.86734676361084,qmix,smacv2,protoss_5_vs_5,101,0.0
5632000,2815,2026-06-13T13:02:45.963159,3.392091751098633,1.7721987962722778,1.021683692932129,7.052295684814453,qmix,smacv2,protoss_5_vs_5,101,0.0
5634000,2816,2026-06-13T13:06:06.263289,4.186161041259766,2.48138165473938,1.6734693050384521,8.950254440307617,qmix,smacv2,protoss_5_vs_5,101,0.0
5636000,2817,2026-06-13T13:09:22.177187,3.351849317550659,1.5686113834381104,1.5778062343597412,6.836734771728516,qmix,smacv2,protoss_5_vs_5,101,0.0
5638000,2818,2026-06-13T13:12:43.454812,3.379528045654297,1.9773168563842773,1.09183669090271,8.23469352722168,qmix,smacv2,protoss_5_vs_5,101,0.0
5640000,2819,2026-06-13T13:15:59.355490,3.0204720497131348,1.2984029054641724,1.4974490404129028,5.8125,qmix,smacv2,protoss_5_vs_5,101,0.0
5642000,2820,2026-06-13T13:19:14.600922,3.5311858654022217,1.6864969730377197,1.2653061151504517,7.155611991882324,qmix,smacv2,protoss_5_vs_5,101,0.0
5644000,2821,2026-06-13T13:22:40.465270,2.6727676391601562,2.3361434936523438,0.4387754797935486,9.733417510986328,qmix,smacv2,protoss_5_vs_5,101,0.0
5646000,2822,2026-06-13T13:25:52.901141,3.6370532512664795,1.7207746505737305,1.4081631898880005,7.183672904968262,qmix,smacv2,protoss_5_vs_5,101,0.0
5648000,2823,2026-06-13T13:29:08.099427,3.825829267501831,2.164308786392212,1.0931122303009033,8.251276016235352,qmix,smacv2,protoss_5_vs_5,101,0.0
5650000,2824,2026-06-13T13:32:15.505343,2.916135311126709,1.6175010204315186,0.5,6.5854597091674805,qmix,smacv2,protoss_5_vs_5,101,0.0
5652000,2825,2026-06-13T13:35:26.006073,2.9848215579986572,1.8216907978057861,0.8239795565605164,7.32397985458374,qmix,smacv2,protoss_5_vs_5,101,0.0
5654000,2826,2026-06-13T13:38:34.385011,3.709120273590088,1.743849515914917,1.0395407676696777,7.142857551574707,qmix,smacv2,protoss_5_vs_5,101,0.0
5656000,2827,2026-06-13T13:41:42.833329,3.1690049171447754,1.878708004951477,0.9897958636283875,8.173469543457031,qmix,smacv2,protoss_5_vs_5,101,0.0
5658000,2828,2026-06-13T13:44:53.588050,3.5260844230651855,2.173186779022217,0.9489795565605164,7.950255393981934,qmix,smacv2,protoss_5_vs_5,101,0.0
5660000,2829,2026-06-13T13:48:00.369160,3.2455997467041016,1.561036467552185,1.7142856121063232,6.826531410217285,qmix,smacv2,protoss_5_vs_5,101,0.0
5662000,2830,2026-06-13T13:51:07.874827,2.829209327697754,1.2347835302352905,1.1926020383834839,5.214285850524902,qmix,smacv2,protoss_5_vs_5,101,0.0
5664000,2831,2026-06-13T13:54:16.308160,3.1144771575927734,2.0183157920837402,1.0306122303009033,9.540816307067871,qmix,smacv2,protoss_5_vs_5,101,0.0
5666000,2832,2026-06-13T13:57:24.484576,3.590306043624878,1.9437167644500732,0.8877550959587097,7.040816307067871,qmix,smacv2,protoss_5_vs_5,101,0.0
5668000,2833,2026-06-13T14:00:31.391801,3.195152759552002,2.3636059761047363,0.9489795565605164,8.980867385864258,qmix,smacv2,protoss_5_vs_5,101,0.0
5670000,2834,2026-06-13T14:03:38.049239,3.0707268714904785,1.9288201332092285,0.8673469424247742,7.951530456542969,qmix,smacv2,protoss_5_vs_5,101,0.0
5672000,2835,2026-06-13T14:06:44.420112,3.5572071075439453,2.080124616622925,0.4553571343421936,7.7334184646606445,qmix,smacv2,protoss_5_vs_5,101,0.0
5674000,2836,2026-06-13T14:09:45.841536,3.6149230003356934,2.197632074356079,1.1594387292861938,9.454081535339355,qmix,smacv2,protoss_5_vs_5,101,0.0
5676000,2837,2026-06-13T14:12:52.249575,2.5325255393981934,1.1182996034622192,0.9693878293037415,5.389030933380127,qmix,smacv2,protoss_5_vs_5,101,0.0
5678000,2838,2026-06-13T14:15:54.282976,3.350510358810425,2.118054151535034,0.6326530575752258,7.3022966384887695,qmix,smacv2,protoss_5_vs_5,101,0.0
5680000,2839,2026-06-13T14:19:02.484163,3.5631377696990967,2.3896713256835938,0.8086733818054199,10.928571701049805,qmix,smacv2,protoss_5_vs_5,101,0.0
5682000,2840,2026-06-13T14:22:12.265017,2.957653045654297,2.295947551727295,0.4285714030265808,9.719388008117676,qmix,smacv2,protoss_5_vs_5,101,0.0
5684000,2841,2026-06-13T14:25:28.200914,3.4967474937438965,1.4296886920928955,1.5816327333450317,6.86734676361084,qmix,smacv2,protoss_5_vs_5,101,0.0
5686000,2842,2026-06-13T14:28:47.147460,3.8497447967529297,1.7169182300567627,1.0969387292861938,7.7219390869140625,qmix,smacv2,protoss_5_vs_5,101,0.0
5688000,2843,2026-06-13T14:31:56.669442,2.911989688873291,1.6132556200027466,1.0178571939468384,5.841836929321289,qmix,smacv2,protoss_5_vs_5,101,0.0
5690000,2844,2026-06-13T14:34:59.886984,3.379655361175537,1.5813102722167969,0.9897958636283875,6.1875,qmix,smacv2,protoss_5_vs_5,101,0.0
5692000,2845,2026-06-13T14:38:06.551851,3.1560587882995605,1.8916213512420654,1.0,9.0625,qmix,smacv2,protoss_5_vs_5,101,0.0
5694000,2846,2026-06-13T14:41:15.973173,3.323533296585083,1.943227767944336,0.9693877100944519,7.201530456542969,qmix,smacv2,protoss_5_vs_5,101,0.0
5696000,2847,2026-06-13T14:44:26.538027,3.5135204792022705,1.9787944555282593,0.8163264989852905,10.04464340209961,qmix,smacv2,protoss_5_vs_5,101,0.0
5698000,2848,2026-06-13T14:47:32.921351,3.655421018600464,2.128474473953247,1.4183673858642578,9.26530647277832,qmix,smacv2,protoss_5_vs_5,101,0.0
5700000,2849,2026-06-13T14:50:41.259828,3.4930484294891357,1.8544039726257324,0.9285714030265808,6.561224460601807,qmix,smacv2,protoss_5_vs_5,101,0.0
5702000,2850,2026-06-13T14:53:52.231723,2.5749363899230957,1.4153467416763306,0.5102040767669678,5.823979377746582,qmix,smacv2,protoss_5_vs_5,101,0.0
5704000,2851,2026-06-13T14:57:11.430460,3.858546018600464,1.9073066711425781,0.9081632494926453,8.26530647277832,qmix,smacv2,protoss_5_vs_5,101,0.0
5706000,2852,2026-06-13T15:00:16.549249,3.6868624687194824,2.0162599086761475,1.1607141494750977,7.142857551574707,qmix,smacv2,protoss_5_vs_5,101,0.0
5708000,2853,2026-06-13T15:03:20.505778,2.9810585975646973,1.6895743608474731,0.6938775777816772,6.482143402099609,qmix,smacv2,protoss_5_vs_5,101,0.0
5710000,2854,2026-06-13T15:06:21.662901,2.9468748569488525,1.3825573921203613,1.1428570747375488,5.725765228271484,qmix,smacv2,protoss_5_vs_5,101,0.0
5712000,2855,2026-06-13T15:09:20.713414,2.6621174812316895,1.5305784940719604,1.040816307067871,6.4375,qmix,smacv2,protoss_5_vs_5,101,0.0
5714000,2856,2026-06-13T15:12:23.274142,2.0131375789642334,1.7284891605377197,0.3163265287876129,6.326530456542969,qmix,smacv2,protoss_5_vs_5,101,0.0
5716000,2857,2026-06-13T15:15:29.181158,2.6522955894470215,1.6307510137557983,0.2551020383834839,6.215561389923096,qmix,smacv2,protoss_5_vs_5,101,0.0
5718000,2858,2026-06-13T15:18:31.610819,3.3797192573547363,1.4273930788040161,1.5280611515045166,7.549744606018066,qmix,smacv2,protoss_5_vs_5,101,0.0
5720000,2859,2026-06-13T15:21:32.476400,3.173724412918091,1.0989736318588257,1.459183692932129,5.091836452484131,qmix,smacv2,protoss_5_vs_5,101,0.0
5722000,2860,2026-06-13T15:24:31.949238,2.851849317550659,1.607179045677185,0.8265305757522583,6.224489688873291,qmix,smacv2,protoss_5_vs_5,101,0.0
5724000,2861,2026-06-13T15:27:32.639257,3.3339285850524902,1.9638457298278809,1.1403061151504517,7.822704315185547,qmix,smacv2,protoss_5_vs_5,101,0.0
5726000,2862,2026-06-13T15:30:30.557536,3.031951665878296,1.41404128074646,0.9566326141357422,6.18367338180542,qmix,smacv2,protoss_5_vs_5,101,0.0
5728000,2863,2026-06-13T15:33:27.978426,3.2360329627990723,1.764328956604004,1.209183692932129,7.846938133239746,qmix,smacv2,protoss_5_vs_5,101,0.0
5730000,2864,2026-06-13T15:36:32.075580,3.5326526165008545,2.1381030082702637,1.0803570747375488,7.9094390869140625,qmix,smacv2,protoss_5_vs_5,101,0.0
5732000,2865,2026-06-13T15:39:35.625924,3.0047831535339355,1.4607272148132324,0.5612244606018066,6.857142448425293,qmix,smacv2,protoss_5_vs_5,101,0.0
5734000,2866,2026-06-13T15:42:45.415917,2.0151784420013428,1.356202483177185,0.7551020383834839,6.3469390869140625,qmix,smacv2,protoss_5_vs_5,101,0.0
5736000,2867,2026-06-13T15:45:56.678655,3.153188705444336,1.7684025764465332,0.5803571343421936,6.4910712242126465,qmix,smacv2,protoss_5_vs_5,101,0.0
5738000,2868,2026-06-13T15:49:07.578125,3.617091655731201,2.698723077774048,1.3367345333099365,12.470663070678711,qmix,smacv2,protoss_5_vs_5,101,0.0
5740000,2869,2026-06-13T15:52:19.134821,2.559821367263794,1.3865041732788086,0.6326530575752258,5.9170918464660645,qmix,smacv2,protoss_5_vs_5,101,0.0
5742000,2870,2026-06-13T15:55:36.608961,3.618175983428955,1.6620808839797974,1.054847002029419,6.836734771728516,qmix,smacv2,protoss_5_vs_5,101,0.0
5744000,2871,2026-06-13T15:58:59.790702,2.987755298614502,1.9720674753189087,0.9285715222358704,8.173470497131348,qmix,smacv2,protoss_5_vs_5,101,0.0
5746000,2872,2026-06-13T16:02:20.393076,3.640944004058838,1.9867407083511353,0.4744897782802582,8.344388961791992,qmix,smacv2,protoss_5_vs_5,101,0.0
5748000,2873,2026-06-13T16:05:35.396096,2.7333548069000244,1.4900226593017578,0.7755101919174194,5.109694004058838,qmix,smacv2,protoss_5_vs_5,101,0.0
5750000,2874,2026-06-13T16:08:58.501391,3.273277997970581,1.7204375267028809,0.8265306353569031,6.271683692932129,qmix,smacv2,protoss_5_vs_5,101,0.0
5752000,2875,2026-06-13T16:12:13.685954,3.3728957176208496,1.1752701997756958,1.1517857313156128,5.452805519104004,qmix,smacv2,protoss_5_vs_5,101,0.0
5754000,2876,2026-06-13T16:15:23.863752,3.145854949951172,1.6448297500610352,1.0484693050384521,7.36734676361084,qmix,smacv2,protoss_5_vs_5,101,0.0
5756000,2877,2026-06-13T16:18:32.003158,3.6846935749053955,1.7088686227798462,0.9183672666549683,7.548469543457031,qmix,smacv2,protoss_5_vs_5,101,0.0
5758000,2878,2026-06-13T16:21:42.589391,3.6373085975646973,1.733290195465088,0.9757653474807739,7.1530609130859375,qmix,smacv2,protoss_5_vs_5,101,0.0
5760000,2879,2026-06-13T16:24:49.266400,2.906569004058838,1.2525255680084229,1.0510203838348389,5.1530609130859375,qmix,smacv2,protoss_5_vs_5,101,0.0
5762000,2880,2026-06-13T16:27:52.890198,2.6942601203918457,1.1121991872787476,1.0943877696990967,4.889030456542969,qmix,smacv2,protoss_5_vs_5,101,0.0
5764000,2881,2026-06-13T16:31:00.437577,3.472959041595459,2.2238588333129883,1.4183672666549683,9.470663070678711,qmix,smacv2,protoss_5_vs_5,101,0.0
5766000,2882,2026-06-13T16:34:10.718454,3.5955352783203125,2.339966297149658,1.1109694242477417,10.316326141357422,qmix,smacv2,protoss_5_vs_5,101,0.0
5768000,2883,2026-06-13T16:37:22.731267,3.2845025062561035,1.294421672821045,0.9668367505073547,5.322704315185547,qmix,smacv2,protoss_5_vs_5,101,0.0
5770000,2884,2026-06-13T16:40:36.719458,3.6941962242126465,1.6916968822479248,0.9451530575752258,6.808672904968262,qmix,smacv2,protoss_5_vs_5,101,0.0
5772000,2885,2026-06-13T16:43:50.256095,2.7948338985443115,1.5436192750930786,1.0816326141357422,6.244897842407227,qmix,smacv2,protoss_5_vs_5,101,0.0
5774000,2886,2026-06-13T16:47:06.675328,3.417602062225342,1.6111501455307007,0.7933672666549683,6.67984676361084,qmix,smacv2,protoss_5_vs_5,101,0.0
5776000,2887,2026-06-13T16:50:24.919609,2.909693956375122,1.3830372095108032,1.0114796161651611,5.674745082855225,qmix,smacv2,protoss_5_vs_5,101,0.0
5778000,2888,2026-06-13T16:53:42.723088,2.7791454792022705,1.7511979341506958,1.2142857313156128,8.052295684814453,qmix,smacv2,protoss_5_vs_5,101,0.0
5780000,2889,2026-06-13T16:56:58.986639,2.7010202407836914,1.7211530208587646,0.18367347121238708,6.338010311126709,qmix,smacv2,protoss_5_vs_5,101,0.0
5782000,2890,2026-06-13T17:00:10.074764,3.2939414978027344,1.6434506177902222,1.579081654548645,7.102041721343994,qmix,smacv2,protoss_5_vs_5,101,0.0
5784000,2891,2026-06-13T17:03:22.063967,3.2565689086914062,2.42946457862854,1.0204081535339355,11.0,qmix,smacv2,protoss_5_vs_5,101,0.0
5786000,2892,2026-06-13T17:06:34.384659,3.418367385864258,1.949572205543518,0.8265305757522583,6.755102634429932,qmix,smacv2,protoss_5_vs_5,101,0.0
5788000,2893,2026-06-13T17:09:39.284092,3.95873761177063,1.8956820964813232,1.415816307067871,7.44515323638916,qmix,smacv2,protoss_5_vs_5,101,0.0
5790000,2894,2026-06-13T17:12:45.142168,3.203125,1.638279676437378,1.0102040767669678,6.5625,qmix,smacv2,protoss_5_vs_5,101,0.0
5792000,2895,2026-06-13T17:15:54.357120,2.524425983428955,1.1664685010910034,0.6836735010147095,4.8609700202941895,qmix,smacv2,protoss_5_vs_5,101,0.0
5794000,2896,2026-06-13T17:19:09.092077,2.2260842323303223,1.1015976667404175,0.5612244606018066,5.751275539398193,qmix,smacv2,protoss_5_vs_5,101,0.0
5796000,2897,2026-06-13T17:22:10.078741,3.108673572540283,1.5016288757324219,0.6849489212036133,6.844388008117676,qmix,smacv2,protoss_5_vs_5,101,0.0
5798000,2898,2026-06-13T17:25:13.398623,3.944706678390503,2.8787918090820312,1.2040815353393555,12.275510787963867,qmix,smacv2,protoss_5_vs_5,101,0.0
5800000,2899,2026-06-13T17:28:20.816013,3.1393494606018066,1.9319980144500732,0.7346938848495483,8.360969543457031,qmix,smacv2,protoss_5_vs_5,101,0.0
5802000,2900,2026-06-13T17:31:29.334198,3.1176023483276367,1.668727159500122,1.1530612707138062,6.144132614135742,qmix,smacv2,protoss_5_vs_5,101,0.0
5804000,2901,2026-06-13T17:34:35.365543,3.8900513648986816,2.15034818649292,1.2346937656402588,8.034439086914062,qmix,smacv2,protoss_5_vs_5,101,0.0
5806000,2902,2026-06-13T17:37:37.968092,2.4033801555633545,1.0623499155044556,1.0625,4.989795684814453,qmix,smacv2,protoss_5_vs_5,101,0.0
5808000,2903,2026-06-13T17:40:38.803265,3.22863507270813,1.7567262649536133,0.7461735010147095,6.566326141357422,qmix,smacv2,protoss_5_vs_5,101,0.0
5810000,2904,2026-06-13T17:43:35.715173,2.8272957801818848,1.1241315603256226,1.5778061151504517,6.00765323638916,qmix,smacv2,protoss_5_vs_5,101,0.0
5812000,2905,2026-06-13T17:46:36.316482,3.0454719066619873,2.147003650665283,0.9081632494926453,9.829081535339355,qmix,smacv2,protoss_5_vs_5,101,0.0
5814000,2906,2026-06-13T17:49:35.129473,2.5626275539398193,1.173770546913147,0.48852044343948364,5.153060436248779,qmix,smacv2,protoss_5_vs_5,101,0.0
5816000,2907,2026-06-13T17:52:58.227757,3.77168345451355,2.097747802734375,1.229591965675354,7.8125,qmix,smacv2,protoss_5_vs_5,101,0.0
5818000,2908,2026-06-13T17:56:02.346186,4.621364593505859,2.667109966278076,1.5510203838348389,10.875000953674316,qmix,smacv2,protoss_5_vs_5,101,0.0
5820000,2909,2026-06-13T17:59:13.462966,4.1168365478515625,1.6645090579986572,1.588010311126709,8.153060913085938,qmix,smacv2,protoss_5_vs_5,101,0.0
5822000,2910,2026-06-13T18:02:28.961145,3.1538262367248535,1.4727704524993896,1.2755101919174194,7.071427822113037,qmix,smacv2,protoss_5_vs_5,101,0.0
5824000,2911,2026-06-13T18:05:47.926133,3.690880298614502,2.1039469242095947,1.3864796161651611,9.891581535339355,qmix,smacv2,protoss_5_vs_5,101,0.0
5826000,2912,2026-06-13T18:09:06.655191,4.16422176361084,2.6054673194885254,1.52933669090271,8.938775062561035,qmix,smacv2,protoss_5_vs_5,101,0.0
5828000,2913,2026-06-13T18:12:15.764177,3.353635311126709,1.5375416278839111,1.2525510787963867,6.438775062561035,qmix,smacv2,protoss_5_vs_5,101,0.0
5830000,2914,2026-06-13T18:15:27.792859,2.7334187030792236,1.6554416418075562,0.742347002029419,7.887754917144775,qmix,smacv2,protoss_5_vs_5,101,0.0
5832000,2915,2026-06-13T18:18:39.888448,3.706568956375122,2.033729076385498,1.09183669090271,8.979591369628906,qmix,smacv2,protoss_5_vs_5,101,0.0
5834000,2916,2026-06-13T18:21:46.130823,3.3011481761932373,1.81447172164917,1.3163264989852905,7.279336452484131,qmix,smacv2,protoss_5_vs_5,101,0.0
5836000,2917,2026-06-13T18:24:55.326128,2.845280647277832,1.3358526229858398,1.0765304565429688,5.372448921203613,qmix,smacv2,protoss_5_vs_5,101,0.0
5838000,2918,2026-06-13T18:28:01.918791,3.422640323638916,1.8565428256988525,0.7346938252449036,8.028061866760254,qmix,smacv2,protoss_5_vs_5,101,0.0
5840000,2919,2026-06-13T18:31:05.484108,3.3717474937438965,1.84744131565094,1.3609693050384521,8.59949016571045,qmix,smacv2,protoss_5_vs_5,101,0.0
5842000,2920,2026-06-13T18:34:09.139399,3.9605865478515625,2.1752569675445557,1.6237245798110962,9.690051078796387,qmix,smacv2,protoss_5_vs_5,101,0.0
5844000,2921,2026-06-13T18:37:12.708107,2.964221954345703,1.6777325868606567,0.9387755393981934,6.0204081535339355,qmix,smacv2,protoss_5_vs_5,101,0.0
5846000,2922,2026-06-13T18:40:17.892640,3.1407523155212402,1.8287163972854614,1.429847002029419,8.75,qmix,smacv2,protoss_5_vs_5,101,0.0
5848000,2923,2026-06-13T18:43:20.764417,3.0146682262420654,1.7520874738693237,0.26530611515045166,8.346938133239746,qmix,smacv2,protoss_5_vs_5,101,0.0
5850000,2924,2026-06-13T18:46:27.785648,3.799426317214966,1.8164753913879395,1.0063774585723877,8.73469352722168,qmix,smacv2,protoss_5_vs_5,101,0.0
5852000,2925,2026-06-13T18:49:37.834083,2.836097002029419,1.1370959281921387,0.7346938848495483,5.642857074737549,qmix,smacv2,protoss_5_vs_5,101,0.0
5854000,2926,2026-06-13T18:52:46.643208,2.8794641494750977,1.9231761693954468,0.7436224222183228,9.164541244506836,qmix,smacv2,protoss_5_vs_5,101,0.0
5856000,2927,2026-06-13T18:55:57.880812,3.343303680419922,1.8300561904907227,1.1594387292861938,8.932397842407227,qmix,smacv2,protoss_5_vs_5,101,0.0
5858000,2928,2026-06-13T18:59:08.884445,2.953890323638916,1.6593453884124756,0.4693877100944519,7.531888008117676,qmix,smacv2,protoss_5_vs_5,101,0.0
5860000,2929,2026-06-13T19:02:19.517984,3.3474488258361816,1.220342993736267,1.3826531171798706,5.488520622253418,qmix,smacv2,protoss_5_vs_5,101,0.0
5862000,2930,2026-06-13T19:05:36.384946,2.8297195434570312,1.4029762744903564,0.7857142686843872,5.7142863273620605,qmix,smacv2,protoss_5_vs_5,101,0.0
5864000,2931,2026-06-13T19:08:51.732813,3.0785715579986572,1.5564875602722168,1.132652997970581,6.755102634429932,qmix,smacv2,protoss_5_vs_5,101,0.0
5866000,2932,2026-06-13T19:12:06.296413,3.553762435913086,1.8640447854995728,0.75,9.043367385864258,qmix,smacv2,protoss_5_vs_5,101,0.0
5868000,2933,2026-06-13T19:15:29.204314,4.52500057220459,1.830057144165039,1.8775508403778076,8.409439086914062,qmix,smacv2,protoss_5_vs_5,101,0.0
5870000,2934,2026-06-13T19:18:48.232009,3.7547192573547363,2.586116313934326,0.5408163070678711,8.780611991882324,qmix,smacv2,protoss_5_vs_5,101,0.0
5872000,2935,2026-06-13T19:22:07.345250,3.409311294555664,1.6147422790527344,1.0714285373687744,6.488520622253418,qmix,smacv2,protoss_5_vs_5,101,0.0
5874000,2936,2026-06-13T19:25:22.337289,3.2589287757873535,1.3356914520263672,1.1734693050384521,6.465561866760254,qmix,smacv2,protoss_5_vs_5,101,0.0
5876000,2937,2026-06-13T19:28:43.019470,3.448150634765625,1.354958176612854,1.8571430444717407,5.883928298950195,qmix,smacv2,protoss_5_vs_5,101,0.0
5878000,2938,2026-06-13T19:32:10.753044,2.716517925262451,1.3404762744903564,0.7321428060531616,6.040816783905029,qmix,smacv2,protoss_5_vs_5,101,0.0
5880000,2939,2026-06-13T19:35:29.107854,3.2227675914764404,2.2143871784210205,1.0089285373687744,8.732142448425293,qmix,smacv2,protoss_5_vs_5,101,0.0
5882000,2940,2026-06-13T19:38:47.110756,3.649362087249756,1.5898555517196655,1.2946429252624512,6.645408630371094,qmix,smacv2,protoss_5_vs_5,101,0.0
5884000,2941,2026-06-13T19:42:10.924638,3.5722572803497314,2.0311620235443115,0.0,9.173469543457031,qmix,smacv2,protoss_5_vs_5,101,0.0
5886000,2942,2026-06-13T19:45:22.890496,2.7325892448425293,1.878604531288147,0.8558672666549683,7.058672904968262,qmix,smacv2,protoss_5_vs_5,101,0.0
5888000,2943,2026-06-13T19:48:36.628081,2.7848854064941406,1.5442438125610352,0.6607142686843872,5.630102157592773,qmix,smacv2,protoss_5_vs_5,101,0.0
5890000,2944,2026-06-13T19:51:50.023866,2.934502363204956,1.6071511507034302,1.0714285373687744,7.2933669090271,qmix,smacv2,protoss_5_vs_5,101,0.0
5892000,2945,2026-06-13T19:55:04.142791,2.962181329727173,1.6790809631347656,0.5,6.145408630371094,qmix,smacv2,protoss_5_vs_5,101,0.0
5894000,2946,2026-06-13T19:58:12.108661,2.544706344604492,1.208162546157837,1.2142857313156128,5.447703838348389,qmix,smacv2,protoss_5_vs_5,101,0.0
5896000,2947,2026-06-13T20:01:20.245255,3.4243626594543457,1.3592184782028198,1.5140305757522583,6.26530647277832,qmix,smacv2,protoss_5_vs_5,101,0.0
5898000,2948,2026-06-13T20:04:30.157903,3.1826529502868652,1.7988152503967285,0.8609694242477417,7.63265323638916,qmix,smacv2,protoss_5_vs_5,101,0.0
5900000,2949,2026-06-13T20:07:37.508828,3.1230227947235107,1.885311484336853,1.0688774585723877,7.6530609130859375,qmix,smacv2,protoss_5_vs_5,101,0.0
5902000,2950,2026-06-13T20:10:52.749587,4.308035850524902,2.345686912536621,0.3877550959587097,8.628827095031738,qmix,smacv2,protoss_5_vs_5,101,0.0
5904000,2951,2026-06-13T20:13:59.029881,2.9217472076416016,1.6896717548370361,0.9285714030265808,7.432397365570068,qmix,smacv2,protoss_5_vs_5,101,0.0
5906000,2952,2026-06-13T20:17:06.029089,2.4974491596221924,1.2213855981826782,0.8877550959587097,6.261479377746582,qmix,smacv2,protoss_5_vs_5,101,0.0
5908000,2953,2026-06-13T20:20:14.630356,3.5313141345977783,2.134005546569824,0.41836732625961304,8.213010787963867,qmix,smacv2,protoss_5_vs_5,101,0.0
5910000,2954,2026-06-13T20:23:22.747019,2.881441116333008,1.3818799257278442,1.3073979616165161,5.331632614135742,qmix,smacv2,protoss_5_vs_5,101,0.0
5912000,2955,2026-06-13T20:26:28.816215,2.822385311126709,1.8267531394958496,1.224489688873291,9.112245559692383,qmix,smacv2,protoss_5_vs_5,101,0.0
5914000,2956,2026-06-13T20:29:32.658246,3.170471668243408,1.5254130363464355,1.4897959232330322,6.132652759552002,qmix,smacv2,protoss_5_vs_5,101,0.0
5916000,2957,2026-06-13T20:32:38.553593,3.436033248901367,2.0756947994232178,1.3660714626312256,8.711734771728516,qmix,smacv2,protoss_5_vs_5,101,0.0
5918000,2958,2026-06-13T20:35:46.415366,3.158864974975586,1.8467307090759277,1.1339285373687744,7.0229597091674805,qmix,smacv2,protoss_5_vs_5,101,0.0
5920000,2959,2026-06-13T20:38:54.251191,3.634119749069214,2.0129332542419434,0.9043367505073547,10.163265228271484,qmix,smacv2,protoss_5_vs_5,101,0.0
5922000,2960,2026-06-13T20:42:06.945414,2.6941323280334473,1.5901800394058228,0.6326530575752258,6.9285712242126465,qmix,smacv2,protoss_5_vs_5,101,0.0
5924000,2961,2026-06-13T20:45:14.237258,3.9311861991882324,1.791356086730957,1.275510311126709,6.631377220153809,qmix,smacv2,protoss_5_vs_5,101,0.0
5926000,2962,2026-06-13T20:48:26.075477,3.877614974975586,2.395320177078247,1.266581654548645,10.13265323638916,qmix,smacv2,protoss_5_vs_5,101,0.0
5928000,2963,2026-06-13T20:51:37.631875,3.0779337882995605,1.9177461862564087,1.2653061151504517,8.63265323638916,qmix,smacv2,protoss_5_vs_5,101,0.0
5930000,2964,2026-06-13T20:54:46.058939,3.48054838180542,1.8064789772033691,1.420918345451355,7.6900506019592285,qmix,smacv2,protoss_5_vs_5,101,0.0
5932000,2965,2026-06-13T20:57:56.138645,3.4494259357452393,2.09649920463562,1.3941327333450317,9.917091369628906,qmix,smacv2,protoss_5_vs_5,101,0.0
5934000,2966,2026-06-13T21:01:06.492282,3.7947704792022705,1.9047101736068726,1.4145408868789673,8.316326141357422,qmix,smacv2,protoss_5_vs_5,101,0.0
5936000,2967,2026-06-13T21:04:22.653220,3.76568865776062,2.66911244392395,0.9183672666549683,11.030611991882324,qmix,smacv2,protoss_5_vs_5,101,0.0
5938000,2968,2026-06-13T21:07:35.171022,4.286925792694092,2.5769741535186768,1.3239794969558716,10.269132614135742,qmix,smacv2,protoss_5_vs_5,101,0.0
5940000,2969,2026-06-13T21:10:50.201459,3.8454086780548096,1.6831603050231934,0.8979591131210327,7.188775539398193,qmix,smacv2,protoss_5_vs_5,101,0.0
5942000,2970,2026-06-13T21:14:14.249848,3.433673858642578,2.0630507469177246,0.6020408272743225,7.825255393981934,qmix,smacv2,protoss_5_vs_5,101,0.0
5944000,2971,2026-06-13T21:17:38.612208,3.0550384521484375,2.3456733226776123,0.6428571343421936,9.948979377746582,qmix,smacv2,protoss_5_vs_5,101,0.0
5946000,2972,2026-06-13T21:21:03.214405,3.426849365234375,1.8640254735946655,0.8239795565605164,8.306121826171875,qmix,smacv2,protoss_5_vs_5,101,0.0
5948000,2973,2026-06-13T21:24:35.295560,3.889030933380127,1.9248148202896118,1.6734693050384521,9.061224937438965,qmix,smacv2,protoss_5_vs_5,101,0.0
5950000,2974,2026-06-13T21:28:12.969536,3.8058674335479736,1.6867907047271729,1.554847002029419,7.196427822113037,qmix,smacv2,protoss_5_vs_5,101,0.0
5952000,2975,2026-06-13T21:31:43.342409,3.9201531410217285,2.5855765342712402,1.7780611515045166,10.979592323303223,qmix,smacv2,protoss_5_vs_5,101,0.0
5954000,2976,2026-06-13T21:35:08.034294,3.7947704792022705,1.8619223833084106,1.6913264989852905,7.139030456542969,qmix,smacv2,protoss_5_vs_5,101,0.0
5956000,2977,2026-06-13T21:38:21.598409,3.3584179878234863,1.5903123617172241,1.6020408868789673,7.38265323638916,qmix,smacv2,protoss_5_vs_5,101,0.0
5958000,2978,2026-06-13T21:41:43.419283,2.947767734527588,1.286542534828186,1.3227040767669678,6.556121826171875,qmix,smacv2,protoss_5_vs_5,101,0.0
5960000,2979,2026-06-13T21:45:04.700717,3.7998085021972656,2.367288827896118,1.3647959232330322,9.670918464660645,qmix,smacv2,protoss_5_vs_5,101,0.0
5962000,2980,2026-06-13T21:48:22.015208,3.1748087406158447,1.5952764749526978,1.0778062343597412,7.089285850524902,qmix,smacv2,protoss_5_vs_5,101,0.0
5964000,2981,2026-06-13T21:51:44.151359,3.051785707473755,2.1097121238708496,0.8431121706962585,7.887754917144775,qmix,smacv2,protoss_5_vs_5,101,0.0
5966000,2982,2026-06-13T21:55:05.023554,3.29081654548645,1.7031505107879639,0.9693878293037415,6.403061866760254,qmix,smacv2,protoss_5_vs_5,101,0.0
5968000,2983,2026-06-13T21:58:13.328910,2.745471954345703,1.6115820407867432,0.3469387888908386,5.6785712242126465,qmix,smacv2,protoss_5_vs_5,101,0.0
5970000,2984,2026-06-13T22:01:26.542279,1.9052295684814453,1.2692818641662598,0.6989796161651611,4.881377696990967,qmix,smacv2,protoss_5_vs_5,101,0.0
5972000,2985,2026-06-13T22:04:38.996904,2.2788262367248535,1.527247428894043,0.6428571343421936,5.663265228271484,qmix,smacv2,protoss_5_vs_5,101,0.0
5974000,2986,2026-06-13T22:07:53.785044,3.60943865776062,2.5055129528045654,0.3979591727256775,9.573980331420898,qmix,smacv2,protoss_5_vs_5,101,0.0
5976000,2987,2026-06-13T22:10:57.028014,2.5258290767669678,1.2146377563476562,0.7653061151504517,5.81632661819458,qmix,smacv2,protoss_5_vs_5,101,0.0
5978000,2988,2026-06-13T22:14:04.344218,3.539222002029419,1.7935842275619507,1.0816327333450317,7.020408630371094,qmix,smacv2,protoss_5_vs_5,101,0.0
5980000,2989,2026-06-13T22:17:08.598973,3.083800792694092,1.400262475013733,1.336734652519226,5.855867862701416,qmix,smacv2,protoss_5_vs_5,101,0.0
5982000,2990,2026-06-13T22:20:13.802151,2.860522747039795,1.530265212059021,1.2729591131210327,6.158163070678711,qmix,smacv2,protoss_5_vs_5,101,0.0
5984000,2991,2026-06-13T22:23:22.853599,3.729783296585083,1.9817873239517212,1.25,7.780611991882324,qmix,smacv2,protoss_5_vs_5,101,0.0
5986000,2992,2026-06-13T22:26:34.087368,3.7473208904266357,1.4236778020858765,1.4681123495101929,6.904336452484131,qmix,smacv2,protoss_5_vs_5,101,0.0
5988000,2993,2026-06-13T22:29:39.616124,2.4971938133239746,0.9717645049095154,1.3125,4.908163070678711,qmix,smacv2,protoss_5_vs_5,101,0.0
5990000,2994,2026-06-13T22:32:45.786793,2.3679208755493164,1.6731940507888794,0.5714285373687744,7.530611991882324,qmix,smacv2,protoss_5_vs_5,101,0.0
5992000,2995,2026-06-13T22:35:56.460719,2.701721668243408,1.5157208442687988,0.36734694242477417,5.785714149475098,qmix,smacv2,protoss_5_vs_5,101,0.0
5994000,2996,2026-06-13T22:38:59.082925,3.2067604064941406,2.2020907402038574,0.5306122303009033,9.866071701049805,qmix,smacv2,protoss_5_vs_5,101,0.0
5996000,2997,2026-06-13T22:42:02.503639,3.336097002029419,1.6950974464416504,0.7232142686843872,6.161989688873291,qmix,smacv2,protoss_5_vs_5,101,0.0
5998000,2998,2026-06-13T22:45:03.316933,4.219961643218994,1.8082903623580933,1.2448979616165161,7.232142448425293,qmix,smacv2,protoss_5_vs_5,101,0.0
6000000,2999,2026-06-13T22:48:01.521953,3.011415958404541,1.4896422624588013,1.0892857313156128,6.244897842407227,qmix,smacv2,protoss_5_vs_5,101,0.0
6002000,3000,2026-06-13T22:51:01.749041,3.8755736351013184,1.2732861042022705,1.7487245798110962,6.042092323303223,qmix,smacv2,protoss_5_vs_5,101,0.0
6004000,3001,2026-06-13T22:54:03.601860,3.9433674812316895,2.3242554664611816,1.1734694242477417,11.33800983428955,qmix,smacv2,protoss_5_vs_5,101,0.0
6006000,3002,2026-06-13T22:57:09.619754,4.310650825500488,2.1764848232269287,1.7142856121063232,9.89795970916748,qmix,smacv2,protoss_5_vs_5,101,0.0
6008000,3003,2026-06-13T23:00:24.058616,2.9285712242126465,0.9930484890937805,1.5395407676696777,5.529336929321289,qmix,smacv2,protoss_5_vs_5,101,0.0
6010000,3004,2026-06-13T23:03:38.279299,3.3257651329040527,2.0292794704437256,1.1415815353393555,8.036989212036133,qmix,smacv2,protoss_5_vs_5,101,0.0
6012000,3005,2026-06-13T23:06:46.148963,4.010522842407227,2.076693058013916,1.7372448444366455,9.836734771728516,qmix,smacv2,protoss_5_vs_5,101,0.0
6014000,3006,2026-06-13T23:10:00.639736,3.8139662742614746,2.584332227706909,0.5510203838348389,8.95280647277832,qmix,smacv2,protoss_5_vs_5,101,0.0
6016000,3007,2026-06-13T23:13:17.541563,4.051148414611816,2.463310480117798,0.8418367505073547,9.418367385864258,qmix,smacv2,protoss_5_vs_5,101,0.0
6018000,3008,2026-06-13T23:16:29.322677,3.0482780933380127,1.1687238216400146,1.6160714626312256,6.049745082855225,qmix,smacv2,protoss_5_vs_5,101,0.0
6020000,3009,2026-06-13T23:19:32.990226,3.5223212242126465,2.556612730026245,0.7869898080825806,10.765305519104004,qmix,smacv2,protoss_5_vs_5,101,0.0
6022000,3010,2026-06-13T23:22:43.160735,3.366645336151123,2.3120293617248535,0.793367326259613,9.471938133239746,qmix,smacv2,protoss_5_vs_5,101,0.0
6024000,3011,2026-06-13T23:25:55.239233,3.594515562057495,1.6899774074554443,1.2627549171447754,7.093111991882324,qmix,smacv2,protoss_5_vs_5,101,0.0
6026000,3012,2026-06-13T23:29:04.795221,3.6625640392303467,1.559738278388977,1.4795918464660645,7.719388008117676,qmix,smacv2,protoss_5_vs_5,101,0.0
6028000,3013,2026-06-13T23:32:21.236180,2.8169641494750977,1.633762240409851,0.6938775777816772,5.9515299797058105,qmix,smacv2,protoss_5_vs_5,101,0.0
6030000,3014,2026-06-13T23:35:31.089931,2.588711738586426,1.791550874710083,1.2130101919174194,7.895407676696777,qmix,smacv2,protoss_5_vs_5,101,0.0
6032000,3015,2026-06-13T23:38:37.436244,3.5355868339538574,1.7779004573822021,1.3176020383834839,8.308673858642578,qmix,smacv2,protoss_5_vs_5,101,0.0
6034000,3016,2026-06-13T23:41:44.644528,3.852168321609497,2.2601802349090576,0.9515305757522583,8.468111991882324,qmix,smacv2,protoss_5_vs_5,101,0.0
6036000,3017,2026-06-13T23:44:56.338035,3.066772937774658,1.4990932941436768,1.040816307067871,6.053571701049805,qmix,smacv2,protoss_5_vs_5,101,0.0
6038000,3018,2026-06-13T23:48:02.943177,2.9596943855285645,1.5278871059417725,0.7818877696990967,5.693877220153809,qmix,smacv2,protoss_5_vs_5,101,0.0
6040000,3019,2026-06-13T23:51:07.288420,3.2806122303009033,1.3676908016204834,0.9974490404129028,5.56632661819458,qmix,smacv2,protoss_5_vs_5,101,0.0
6042000,3020,2026-06-13T23:54:18.794242,2.945152997970581,1.5871046781539917,0.7653061151504517,6.8227033615112305,qmix,smacv2,protoss_5_vs_5,101,0.0
6044000,3021,2026-06-13T23:57:26.016612,3.3043365478515625,1.6089445352554321,1.3061225414276123,5.897958755493164,qmix,smacv2,protoss_5_vs_5,101,0.0
6046000,3022,2026-06-14T00:00:32.211056,3.262244701385498,1.359859585762024,1.0191326141357422,5.7959184646606445,qmix,smacv2,protoss_5_vs_5,101,0.0
6048000,3023,2026-06-14T00:03:31.537143,3.0005102157592773,1.2286760807037354,0.9693878293037415,5.531888008117676,qmix,smacv2,protoss_5_vs_5,101,0.0
6050000,3024,2026-06-14T00:06:39.153157,4.0756378173828125,2.733167886734009,1.8265306949615479,14.38775634765625,qmix,smacv2,protoss_5_vs_5,101,0.05000000074505806
6052000,3025,2026-06-14T00:09:43.138025,3.5498085021972656,2.7895190715789795,0.6836734414100647,12.834184646606445,qmix,smacv2,protoss_5_vs_5,101,0.05000000074505806
6054000,3026,2026-06-14T00:12:47.068618,3.4792091846466064,1.3475672006607056,1.2640305757522583,6.00765323638916,qmix,smacv2,protoss_5_vs_5,101,0.0
6056000,3027,2026-06-14T00:15:52.530587,3.7601406574249268,2.5490407943725586,0.795918345451355,11.561223983764648,qmix,smacv2,protoss_5_vs_5,101,0.0
6058000,3028,2026-06-14T00:18:55.464959,3.0010838508605957,1.4472384452819824,1.6938774585723877,6.86734676361084,qmix,smacv2,protoss_5_vs_5,101,0.0
6060000,3029,2026-06-14T00:22:03.900826,3.188903331756592,1.702507734298706,1.0688775777816772,7.317601680755615,qmix,smacv2,protoss_5_vs_5,101,0.0
6062000,3030,2026-06-14T00:25:21.728642,3.2132015228271484,1.7406470775604248,1.2742347717285156,8.823979377746582,qmix,smacv2,protoss_5_vs_5,101,0.0
6064000,3031,2026-06-14T00:28:32.193295,3.0500636100769043,1.4151173830032349,1.1811225414276123,5.660714149475098,qmix,smacv2,protoss_5_vs_5,101,0.0
6066000,3032,2026-06-14T00:31:43.664582,3.365880250930786,2.8521366119384766,0.9387754201889038,13.63775634765625,qmix,smacv2,protoss_5_vs_5,101,0.0
6068000,3033,2026-06-14T00:34:56.850932,3.8600761890411377,2.2994792461395264,1.0510203838348389,10.904335975646973,qmix,smacv2,protoss_5_vs_5,101,0.0
6070000,3034,2026-06-14T00:38:08.564775,2.929910659790039,1.4622931480407715,0.5204081535339355,5.9834184646606445,qmix,smacv2,protoss_5_vs_5,101,0.0
6072000,3035,2026-06-14T00:41:18.575518,3.29693865776062,1.7333828210830688,1.3775509595870972,8.052295684814453,qmix,smacv2,protoss_5_vs_5,101,0.0
6074000,3036,2026-06-14T00:44:31.615444,2.5514028072357178,1.6537119150161743,0.5510203838348389,7.247448921203613,qmix,smacv2,protoss_5_vs_5,101,0.0
6076000,3037,2026-06-14T00:48:11.163993,3.2845664024353027,1.7870204448699951,0.8303570747375488,6.102040767669678,qmix,smacv2,protoss_5_vs_5,101,0.0
6078000,3038,2026-06-14T00:51:19.133864,1.834566354751587,0.7428159117698669,1.0306122303009033,4.244897842407227,qmix,smacv2,protoss_5_vs_5,101,0.0
6080000,3039,2026-06-14T00:54:31.252556,2.7711734771728516,1.880828857421875,0.36734694242477417,6.701531410217285,qmix,smacv2,protoss_5_vs_5,101,0.0
6082000,3040,2026-06-14T00:57:44.917119,3.327040910720825,1.942805528640747,1.3775509595870972,9.451530456542969,qmix,smacv2,protoss_5_vs_5,101,0.0
6084000,3041,2026-06-14T01:01:01.592471,3.0054209232330322,1.8197458982467651,0.8163264989852905,7.264030456542969,qmix,smacv2,protoss_5_vs_5,101,0.0
6086000,3042,2026-06-14T01:04:22.477720,3.7163901329040527,2.210831880569458,0.7755101919174194,9.321428298950195,qmix,smacv2,protoss_5_vs_5,101,0.0
6088000,3043,2026-06-14T01:07:41.752880,3.2239158153533936,2.005852699279785,1.040816307067871,7.127551078796387,qmix,smacv2,protoss_5_vs_5,101,0.0
6090000,3044,2026-06-14T01:11:03.384108,2.8246171474456787,1.501176118850708,1.0599489212036133,6.692602634429932,qmix,smacv2,protoss_5_vs_5,101,0.0
6092000,3045,2026-06-14T01:14:27.402479,3.124361991882324,1.6973592042922974,0.6390305757522583,6.88265323638916,qmix,smacv2,protoss_5_vs_5,101,0.0
6094000,3046,2026-06-14T01:18:00.568856,3.3241705894470215,1.6220982074737549,0.9897958636283875,7.104592323303223,qmix,smacv2,protoss_5_vs_5,101,0.0
6096000,3047,2026-06-14T01:21:24.987337,3.497066020965576,1.724458932876587,1.4744898080825806,7.303572177886963,qmix,smacv2,protoss_5_vs_5,101,0.0
6098000,3048,2026-06-14T01:24:44.044994,2.871619939804077,1.5224250555038452,0.5408163070678711,6.244897842407227,qmix,smacv2,protoss_5_vs_5,101,0.0
6100000,3049,2026-06-14T01:28:01.582061,2.727487325668335,1.7740788459777832,0.954081654548645,8.510204315185547,qmix,smacv2,protoss_5_vs_5,101,0.0
6102000,3050,2026-06-14T01:31:24.097875,2.964158058166504,1.6460331678390503,1.0510203838348389,6.068877220153809,qmix,smacv2,protoss_5_vs_5,101,0.0
6104000,3051,2026-06-14T01:34:40.983795,2.4114794731140137,1.36176598072052,0.9183672666549683,5.3979597091674805,qmix,smacv2,protoss_5_vs_5,101,0.0
6106000,3052,2026-06-14T01:38:02.200452,3.179081678390503,1.2032757997512817,1.4260205030441284,5.264030456542969,qmix,smacv2,protoss_5_vs_5,101,0.0
6108000,3053,2026-06-14T01:41:22.228386,2.5653700828552246,1.7541669607162476,0.7193877100944519,7.705357551574707,qmix,smacv2,protoss_5_vs_5,101,0.0
6110000,3054,2026-06-14T01:44:44.561271,2.6271684169769287,1.3206171989440918,0.7346939444541931,5.303571701049805,qmix,smacv2,protoss_5_vs_5,101,0.0
6112000,3055,2026-06-14T01:47:59.226380,2.727168321609497,1.7618871927261353,0.8227041363716125,6.575254917144775,qmix,smacv2,protoss_5_vs_5,101,0.0
6114000,3056,2026-06-14T01:51:16.214038,3.705484390258789,1.718442440032959,1.5178571939468384,6.998724460601807,qmix,smacv2,protoss_5_vs_5,101,0.0
6116000,3057,2026-06-14T01:54:31.098017,3.5302932262420654,1.5021941661834717,0.7716836929321289,6.214285850524902,qmix,smacv2,protoss_5_vs_5,101,0.0
6118000,3058,2026-06-14T01:57:47.007916,4.427168846130371,2.2147717475891113,1.6607143878936768,9.83545970916748,qmix,smacv2,protoss_5_vs_5,101,0.0
6120000,3059,2026-06-14T02:01:05.374254,3.126147985458374,1.6130976676940918,0.7551019787788391,6.107142925262451,qmix,smacv2,protoss_5_vs_5,101,0.0
6122000,3060,2026-06-14T02:04:20.803529,2.9399237632751465,1.9820506572723389,0.5,7.756378173828125,qmix,smacv2,protoss_5_vs_5,101,0.0
6124000,3061,2026-06-14T02:07:27.925549,2.7352042198181152,1.8092081546783447,0.6020407676696777,6.168367385864258,qmix,smacv2,protoss_5_vs_5,101,0.0
6126000,3062,2026-06-14T02:10:38.529169,3.0231504440307617,1.5399048328399658,0.9859694242477417,6.621172904968262,qmix,smacv2,protoss_5_vs_5,101,0.0
6128000,3063,2026-06-14T02:13:51.899404,3.3343112468719482,2.076653242111206,0.8660714030265808,8.512755393981934,qmix,smacv2,protoss_5_vs_5,101,0.0
6130000,3064,2026-06-14T02:17:06.054569,3.2745540142059326,1.6697477102279663,0.7270407676696777,6.447704315185547,qmix,smacv2,protoss_5_vs_5,101,0.0
6132000,3065,2026-06-14T02:20:19.994706,2.782015085220337,2.1575839519500732,0.5829081535339355,8.591836929321289,qmix,smacv2,protoss_5_vs_5,101,0.0
6134000,3066,2026-06-14T02:23:33.021783,2.3515944480895996,1.4331488609313965,0.8469389081001282,6.193877696990967,qmix,smacv2,protoss_5_vs_5,101,0.0
6136000,3067,2026-06-14T02:26:45.799775,2.378762722015381,2.0233612060546875,0.26530611515045166,8.747448921203613,qmix,smacv2,protoss_5_vs_5,101,0.0
6138000,3068,2026-06-14T02:30:05.651175,2.4674105644226074,1.845619797706604,0.5280612111091614,7.163265228271484,qmix,smacv2,protoss_5_vs_5,101,0.0
6140000,3069,2026-06-14T02:33:29.702207,3.2885842323303223,1.5224248170852661,1.303571343421936,6.344388008117676,qmix,smacv2,protoss_5_vs_5,101,0.0
6142000,3070,2026-06-14T02:37:05.035139,3.694260358810425,1.489111065864563,1.2576531171798706,6.397958755493164,qmix,smacv2,protoss_5_vs_5,101,0.0
6144000,3071,2026-06-14T02:40:23.922906,3.6617980003356934,2.132101535797119,1.18367338180542,8.979591369628906,qmix,smacv2,protoss_5_vs_5,101,0.0
6146000,3072,2026-06-14T02:43:41.672984,2.963775396347046,1.8732560873031616,0.8877550959587097,7.133929252624512,qmix,smacv2,protoss_5_vs_5,101,0.0
6148000,3073,2026-06-14T02:47:12.165652,2.6595659255981445,2.175755023956299,0.41836732625961304,8.591835975646973,qmix,smacv2,protoss_5_vs_5,101,0.0
6150000,3074,2026-06-14T02:56:51.104330,3.4271044731140137,1.800703525543213,1.0089285373687744,8.091836929321289,qmix,smacv2,protoss_5_vs_5,101,0.0
6152000,3075,2026-06-14T03:00:21.571326,4.111734867095947,1.6474744081497192,1.571428656578064,7.081632137298584,qmix,smacv2,protoss_5_vs_5,101,0.0
6154000,3076,2026-06-14T03:03:48.770443,3.2133288383483887,1.8237444162368774,1.161989688873291,8.167092323303223,qmix,smacv2,protoss_5_vs_5,101,0.0
6156000,3077,2026-06-14T03:07:14.358671,3.231696367263794,1.7471632957458496,1.0204081535339355,7.4183669090271,qmix,smacv2,protoss_5_vs_5,101,0.0
6158000,3078,2026-06-14T03:10:47.643442,2.2981505393981934,0.9141571521759033,0.9897958636283875,4.743622303009033,qmix,smacv2,protoss_5_vs_5,101,0.0
6160000,3079,2026-06-14T03:14:21.221708,3.1709818840026855,1.503787875175476,0.8966835737228394,6.42984676361084,qmix,smacv2,protoss_5_vs_5,101,0.0
6162000,3080,2026-06-14T03:17:49.305624,3.2170917987823486,2.419487714767456,1.1530612707138062,10.306122779846191,qmix,smacv2,protoss_5_vs_5,101,0.0
6164000,3081,2026-06-14T03:21:17.965198,3.7110328674316406,2.253678798675537,0.9183673858642578,9.794642448425293,qmix,smacv2,protoss_5_vs_5,101,0.0
6166000,3082,2026-06-14T03:24:49.351423,3.9697062969207764,2.3663132190704346,0.9897958636283875,8.5,qmix,smacv2,protoss_5_vs_5,101,0.0
6168000,3083,2026-06-14T03:28:06.532107,4.725574016571045,2.551290512084961,1.2857143878936768,10.538265228271484,qmix,smacv2,protoss_5_vs_5,101,0.0
6170000,3084,2026-06-14T03:31:25.199496,4.433609485626221,1.7413605451583862,1.391581654548645,8.53061294555664,qmix,smacv2,protoss_5_vs_5,101,0.0
6172000,3085,2026-06-14T03:34:37.808150,3.561032772064209,1.803841471672058,1.040816307067871,6.984694004058838,qmix,smacv2,protoss_5_vs_5,101,0.0
6174000,3086,2026-06-14T03:37:48.626130,3.967346668243408,2.0107905864715576,1.3928570747375488,9.096939086914062,qmix,smacv2,protoss_5_vs_5,101,0.0
6176000,3087,2026-06-14T03:41:03.355291,3.7461097240448,2.224823236465454,1.0714285373687744,9.255102157592773,qmix,smacv2,protoss_5_vs_5,101,0.0
6178000,3088,2026-06-14T03:44:08.927691,2.6940689086914062,1.7421705722808838,0.7551020383834839,7.244897365570068,qmix,smacv2,protoss_5_vs_5,101,0.0
6180000,3089,2026-06-14T03:47:17.983084,4.053635597229004,1.8794411420822144,0.7346938848495483,7.690051078796387,qmix,smacv2,protoss_5_vs_5,101,0.0
6182000,3090,2026-06-14T03:50:26.722372,3.375446319580078,2.1125857830047607,1.1734693050384521,9.721939086914062,qmix,smacv2,protoss_5_vs_5,101,0.0
6184000,3091,2026-06-14T03:53:39.828808,3.102806329727173,1.3682751655578613,1.3163264989852905,5.714285850524902,qmix,smacv2,protoss_5_vs_5,101,0.0
6186000,3092,2026-06-14T03:56:49.477378,2.775127649307251,1.7442675828933716,0.4515305459499359,6.792092323303223,qmix,smacv2,protoss_5_vs_5,101,0.0
6188000,3093,2026-06-14T03:59:57.823575,2.7520408630371094,1.3984575271606445,1.0535714626312256,6.3469390869140625,qmix,smacv2,protoss_5_vs_5,101,0.0
6190000,3094,2026-06-14T04:03:05.678456,3.5714282989501953,1.516897201538086,0.8979591131210327,6.792092323303223,qmix,smacv2,protoss_5_vs_5,101,0.0
6192000,3095,2026-06-14T04:06:14.434050,3.4720025062561035,1.8910269737243652,1.1173468828201294,7.5625,qmix,smacv2,protoss_5_vs_5,101,0.0
6194000,3096,2026-06-14T04:09:22.784651,2.6423468589782715,1.203582763671875,0.9783164262771606,5.755102157592773,qmix,smacv2,protoss_5_vs_5,101,0.0
6196000,3097,2026-06-14T04:12:26.232142,2.916135311126709,1.8583400249481201,0.6428571343421936,7.590561866760254,qmix,smacv2,protoss_5_vs_5,101,0.0
6198000,3098,2026-06-14T04:15:35.613702,3.7142856121063232,1.789427399635315,1.5408164262771606,8.877552032470703,qmix,smacv2,protoss_5_vs_5,101,0.0
6200000,3099,2026-06-14T04:18:41.540982,2.948915958404541,1.6579090356826782,1.3775509595870972,6.767857551574707,qmix,smacv2,protoss_5_vs_5,101,0.0
6202000,3100,2026-06-14T04:21:56.834923,3.820472240447998,1.7626951932907104,1.6772959232330322,8.636480331420898,qmix,smacv2,protoss_5_vs_5,101,0.0
6204000,3101,2026-06-14T04:25:00.720646,2.855931282043457,1.9571737051010132,0.5612244606018066,6.933672904968262,qmix,smacv2,protoss_5_vs_5,101,0.0
6206000,3102,2026-06-14T04:28:03.129717,2.298788070678711,1.5925534963607788,0.3163265287876129,5.215561389923096,qmix,smacv2,protoss_5_vs_5,101,0.0
6208000,3103,2026-06-14T04:31:17.367508,2.7113518714904785,1.6908100843429565,0.9183673858642578,6.778061866760254,qmix,smacv2,protoss_5_vs_5,101,0.0
6210000,3104,2026-06-14T04:34:27.272857,2.7126271724700928,1.335401177406311,0.9387755393981934,5.57015323638916,qmix,smacv2,protoss_5_vs_5,101,0.0
6212000,3105,2026-06-14T04:37:29.166236,2.7040817737579346,1.3325520753860474,1.0204081535339355,6.173469066619873,qmix,smacv2,protoss_5_vs_5,101,0.0
6214000,3106,2026-06-14T04:40:27.809610,3.314732074737549,1.8610295057296753,0.36734694242477417,6.729591369628906,qmix,smacv2,protoss_5_vs_5,101,0.0
6216000,3107,2026-06-14T04:43:30.660064,3.669196367263794,2.254988431930542,0.8545917272567749,8.451530456542969,qmix,smacv2,protoss_5_vs_5,101,0.0
6218000,3108,2026-06-14T04:46:33.509267,2.767857074737549,1.6891332864761353,0.5573979616165161,7.068878173828125,qmix,smacv2,protoss_5_vs_5,101,0.0
6220000,3109,2026-06-14T04:49:39.405328,3.1785078048706055,1.6848164796829224,1.5599490404129028,7.375,qmix,smacv2,protoss_5_vs_5,101,0.0
6222000,3110,2026-06-14T04:52:44.874419,2.8758292198181152,1.6483536958694458,0.9413264989852905,6.716836452484131,qmix,smacv2,protoss_5_vs_5,101,0.0
6224000,3111,2026-06-14T04:55:52.691209,3.563647747039795,1.6653989553451538,1.0204081535339355,8.55484676361084,qmix,smacv2,protoss_5_vs_5,101,0.0
6226000,3112,2026-06-14T04:59:03.085823,3.249553680419922,1.658846139907837,0.8048468828201294,7.3775506019592285,qmix,smacv2,protoss_5_vs_5,101,0.0
6228000,3113,2026-06-14T05:02:15.333498,3.4282524585723877,2.164167642593384,0.8163264989852905,10.19515323638916,qmix,smacv2,protoss_5_vs_5,101,0.0
6230000,3114,2026-06-14T05:05:25.720407,2.8066327571868896,2.227508544921875,0.5306122303009033,9.073979377746582,qmix,smacv2,protoss_5_vs_5,101,0.0
6232000,3115,2026-06-14T05:08:41.509393,3.421492338180542,1.9416390657424927,1.507652997970581,9.303571701049805,qmix,smacv2,protoss_5_vs_5,101,0.0
6234000,3116,2026-06-14T05:11:59.149512,3.1628189086914062,1.6933315992355347,0.8061224222183228,7.195153713226318,qmix,smacv2,protoss_5_vs_5,101,0.0
6236000,3117,2026-06-14T05:15:18.541871,3.471364974975586,2.0227115154266357,1.5803571939468384,7.937499046325684,qmix,smacv2,protoss_5_vs_5,101,0.0
6238000,3118,2026-06-14T05:18:38.694758,3.002678632736206,1.649414300918579,1.1938775777816772,7.502551078796387,qmix,smacv2,protoss_5_vs_5,101,0.0
6240000,3119,2026-06-14T05:22:03.508330,3.59368634223938,2.533928394317627,0.36734694242477417,11.846938133239746,qmix,smacv2,protoss_5_vs_5,101,0.0
6242000,3120,2026-06-14T05:25:24.367961,3.07206654548645,1.604586124420166,0.9668367505073547,6.469388008117676,qmix,smacv2,protoss_5_vs_5,101,0.0
6244000,3121,2026-06-14T05:28:54.022608,2.4952805042266846,1.450617790222168,0.7346938848495483,6.836734771728516,qmix,smacv2,protoss_5_vs_5,101,0.0
6246000,3122,2026-06-14T05:32:12.317407,3.1163902282714844,1.930079460144043,1.0612244606018066,9.413265228271484,qmix,smacv2,protoss_5_vs_5,101,0.0
6248000,3123,2026-06-14T05:35:39.741219,3.3729586601257324,1.7801101207733154,1.2448979616165161,7.836734771728516,qmix,smacv2,protoss_5_vs_5,101,0.0
6250000,3124,2026-06-14T05:39:08.637485,3.63067626953125,2.2034671306610107,0.8673469424247742,9.387755393981934,qmix,smacv2,protoss_5_vs_5,101,0.0
6252000,3125,2026-06-14T05:42:32.547966,3.586033344268799,1.8631070852279663,1.1479592323303223,8.450254440307617,qmix,smacv2,protoss_5_vs_5,101,0.0
6254000,3126,2026-06-14T05:46:01.649967,3.002678632736206,1.4329752922058105,1.1441326141357422,7.104592323303223,qmix,smacv2,protoss_5_vs_5,101,0.0
6256000,3127,2026-06-14T05:49:29.813174,2.5345025062561035,1.2166651487350464,0.8647958636283875,5.030612468719482,qmix,smacv2,protoss_5_vs_5,101,0.0
6258000,3128,2026-06-14T05:52:49.297359,4.78341817855835,2.1093060970306396,1.625,10.478316307067871,qmix,smacv2,protoss_5_vs_5,101,0.0
6260000,3129,2026-06-14T05:56:08.590939,2.9292728900909424,1.3591581583023071,0.8239795565605164,5.306122303009033,qmix,smacv2,protoss_5_vs_5,101,0.0
6262000,3130,2026-06-14T05:59:22.255509,2.5012755393981934,1.5389492511749268,0.7244897484779358,6.434948921203613,qmix,smacv2,protoss_5_vs_5,101,0.0
6264000,3131,2026-06-14T06:02:38.176620,3.0855870246887207,1.1834118366241455,1.2270407676696777,6.184948921203613,qmix,smacv2,protoss_5_vs_5,101,0.0
6266000,3132,2026-06-14T06:05:49.396282,2.751594305038452,1.6530851125717163,0.8201530575752258,6.081632614135742,qmix,smacv2,protoss_5_vs_5,101,0.0
6268000,3133,2026-06-14T06:08:56.348507,3.183737277984619,1.3560758829116821,1.1530612707138062,5.732142925262451,qmix,smacv2,protoss_5_vs_5,101,0.0
6270000,3134,2026-06-14T06:12:04.879408,3.2760841846466064,1.8441492319107056,1.2104592323303223,7.725766181945801,qmix,smacv2,protoss_5_vs_5,101,0.0
6272000,3135,2026-06-14T06:15:15.569074,2.4170279502868652,1.2794442176818848,0.36734694242477417,4.968111991882324,qmix,smacv2,protoss_5_vs_5,101,0.0
6274000,3136,2026-06-14T06:18:23.981990,2.6915814876556396,1.0276905298233032,1.4247448444366455,4.68367338180542,qmix,smacv2,protoss_5_vs_5,101,0.0
6276000,3137,2026-06-14T06:21:35.118302,2.277423620223999,1.0231281518936157,0.5280612111091614,4.556122303009033,qmix,smacv2,protoss_5_vs_5,101,0.0
6278000,3138,2026-06-14T06:24:51.644390,2.7710461616516113,1.6055055856704712,1.1530611515045166,6.7397966384887695,qmix,smacv2,protoss_5_vs_5,101,0.0
6280000,3139,2026-06-14T06:28:03.705477,3.0836095809936523,1.1476528644561768,0.8469387888908386,5.538265228271484,qmix,smacv2,protoss_5_vs_5,101,0.0
6282000,3140,2026-06-14T06:31:18.695560,2.894451379776001,1.0637234449386597,1.0714285373687744,4.862244606018066,qmix,smacv2,protoss_5_vs_5,101,0.0
6284000,3141,2026-06-14T06:34:35.347672,2.632206916809082,1.9089475870132446,0.795918345451355,9.058673858642578,qmix,smacv2,protoss_5_vs_5,101,0.0
6286000,3142,2026-06-14T06:37:52.845722,4.45127534866333,2.6559720039367676,1.683673620223999,11.762755393981934,qmix,smacv2,protoss_5_vs_5,101,0.0
6288000,3143,2026-06-14T06:41:09.854893,2.906569004058838,1.6004046201705933,1.0637755393981934,7.806122779846191,qmix,smacv2,protoss_5_vs_5,101,0.0
6290000,3144,2026-06-14T06:44:21.213914,2.223788261413574,1.8848892450332642,0.26530611515045166,7.530612945556641,qmix,smacv2,protoss_5_vs_5,101,0.0
6292000,3145,2026-06-14T06:47:36.252319,2.3524234294891357,1.6039777994155884,0.5982142686843872,6.332908630371094,qmix,smacv2,protoss_5_vs_5,101,0.0
6294000,3146,2026-06-14T06:50:55.658354,2.7912628650665283,1.6211174726486206,0.41836732625961304,6.37882661819458,qmix,smacv2,protoss_5_vs_5,101,0.0
6296000,3147,2026-06-14T06:54:10.443042,3.1103317737579346,2.332549571990967,0.5816326141357422,10.061224937438965,qmix,smacv2,protoss_5_vs_5,101,0.0
6298000,3148,2026-06-14T06:57:26.338979,1.3388392925262451,0.875995934009552,0.0,3.193877696990967,qmix,smacv2,protoss_5_vs_5,101,0.0
6300000,3149,2026-06-14T07:00:41.669424,3.822767972946167,1.9298310279846191,1.1020407676696777,7.309948921203613,qmix,smacv2,protoss_5_vs_5,101,0.0
6302000,3150,2026-06-14T07:03:58.592355,3.341135025024414,1.537259578704834,1.024234652519226,6.122448921203613,qmix,smacv2,protoss_5_vs_5,101,0.0
6304000,3151,2026-06-14T07:07:14.291360,3.438201427459717,1.4938275814056396,1.5484693050384521,8.156888008117676,qmix,smacv2,protoss_5_vs_5,101,0.0
6306000,3152,2026-06-14T07:10:31.227782,2.739987373352051,1.1210724115371704,1.3214285373687744,5.223214149475098,qmix,smacv2,protoss_5_vs_5,101,0.0
6308000,3153,2026-06-14T07:13:52.929457,3.045344352722168,1.507678747177124,0.9387755393981934,6.181122303009033,qmix,smacv2,protoss_5_vs_5,101,0.0
6310000,3154,2026-06-14T07:17:17.071328,2.785714626312256,1.2082128524780273,1.0,5.038265228271484,qmix,smacv2,protoss_5_vs_5,101,0.0
6312000,3155,2026-06-14T07:20:42.869552,3.383864641189575,2.0659584999084473,1.3635203838348389,8.961734771728516,qmix,smacv2,protoss_5_vs_5,101,0.0
6314000,3156,2026-06-14T07:23:59.385043,3.518622636795044,1.8803846836090088,0.6964285373687744,7.683672904968262,qmix,smacv2,protoss_5_vs_5,101,0.0
6316000,3157,2026-06-14T07:27:18.879605,2.3394131660461426,1.1686201095581055,0.581632673740387,5.07780647277832,qmix,smacv2,protoss_5_vs_5,101,0.0
6318000,3158,2026-06-14T07:30:38.282246,2.9137754440307617,1.8842689990997314,1.0599489212036133,8.193877220153809,qmix,smacv2,protoss_5_vs_5,101,0.0
6320000,3159,2026-06-14T07:33:54.313599,3.601722002029419,1.7503182888031006,1.0676021575927734,7.237245082855225,qmix,smacv2,protoss_5_vs_5,101,0.0
6322000,3160,2026-06-14T07:37:07.527818,2.676084041595459,1.8726046085357666,0.625,7.468112945556641,qmix,smacv2,protoss_5_vs_5,101,0.0
6324000,3161,2026-06-14T07:40:25.354117,2.210777997970581,1.5518220663070679,0.18367347121238708,5.94897985458374,qmix,smacv2,protoss_5_vs_5,101,0.0
6326000,3162,2026-06-14T07:43:38.323405,3.512882709503174,2.709444999694824,0.5612244606018066,10.21300983428955,qmix,smacv2,protoss_5_vs_5,101,0.0
6328000,3163,2026-06-14T07:46:49.736445,2.1896681785583496,1.0713627338409424,0.9081632494926453,4.7959184646606445,qmix,smacv2,protoss_5_vs_5,101,0.0
6330000,3164,2026-06-14T07:50:02.847854,2.4007654190063477,1.4737937450408936,0.0,5.461734771728516,qmix,smacv2,protoss_5_vs_5,101,0.0
6332000,3165,2026-06-14T07:53:08.861337,2.601402997970581,1.85149085521698,0.7448979616165161,8.306121826171875,qmix,smacv2,protoss_5_vs_5,101,0.0
6334000,3166,2026-06-14T07:56:08.457671,2.9906251430511475,1.6180866956710815,0.9247449040412903,6.109694004058838,qmix,smacv2,protoss_5_vs_5,101,0.0
6336000,3167,2026-06-14T07:59:36.156885,3.3764030933380127,1.8298649787902832,0.8265306353569031,8.5,qmix,smacv2,protoss_5_vs_5,101,0.0
6338000,3168,2026-06-14T08:02:38.552519,3.8691325187683105,1.9723926782608032,0.8775509595870972,7.419642448425293,qmix,smacv2,protoss_5_vs_5,101,0.0
6340000,3169,2026-06-14T08:05:58.330255,2.9079718589782715,1.2747751474380493,1.1020407676696777,6.05867338180542,qmix,smacv2,protoss_5_vs_5,101,0.0
6342000,3170,2026-06-14T08:09:18.193314,2.122002363204956,0.9794243574142456,0.6326530575752258,4.1224493980407715,qmix,smacv2,protoss_5_vs_5,101,0.0
6344000,3171,2026-06-14T08:12:42.566525,3.1941962242126465,2.1374406814575195,0.8647958636283875,9.153061866760254,qmix,smacv2,protoss_5_vs_5,101,0.0
6346000,3172,2026-06-14T08:16:06.353492,2.4060587882995605,1.366631031036377,0.8647958636283875,6.755102634429932,qmix,smacv2,protoss_5_vs_5,101,0.0
6348000,3173,2026-06-14T08:19:26.167332,2.5989797115325928,1.2741485834121704,0.7448980212211609,5.196428298950195,qmix,smacv2,protoss_5_vs_5,101,0.0
6350000,3174,2026-06-14T08:22:45.437608,2.9477040767669678,1.809896469116211,0.5,6.127551078796387,qmix,smacv2,protoss_5_vs_5,101,0.0
6352000,3175,2026-06-14T08:26:00.590294,3.536160707473755,2.2968342304229736,1.1313775777816772,9.397958755493164,qmix,smacv2,protoss_5_vs_5,101,0.0
6354000,3176,2026-06-14T08:29:18.692260,3.027040719985962,1.6828436851501465,1.09183669090271,7.47959041595459,qmix,smacv2,protoss_5_vs_5,101,0.0
6356000,3177,2026-06-14T08:32:38.750138,3.170408248901367,2.156829595565796,0.6670917868614197,8.091836929321289,qmix,smacv2,protoss_5_vs_5,101,0.0
6358000,3178,2026-06-14T08:36:00.000058,3.1725127696990967,1.7256561517715454,1.1645407676696777,7.5089287757873535,qmix,smacv2,protoss_5_vs_5,101,0.0
6360000,3179,2026-06-14T08:39:23.759821,3.261479616165161,1.589816927909851,0.9872449040412903,6.744897365570068,qmix,smacv2,protoss_5_vs_5,101,0.0
6362000,3180,2026-06-14T08:42:37.981913,2.8789544105529785,1.5144423246383667,1.3673468828201294,7.571427822113037,qmix,smacv2,protoss_5_vs_5,101,0.0
6364000,3181,2026-06-14T08:45:54.731805,3.190624952316284,1.625858187675476,0.9183673858642578,6.450254917144775,qmix,smacv2,protoss_5_vs_5,101,0.0
6366000,3182,2026-06-14T08:49:07.140531,2.7586097717285156,1.481974720954895,1.165816307067871,6.030611991882324,qmix,smacv2,protoss_5_vs_5,101,0.0
6368000,3183,2026-06-14T08:52:17.881020,3.8466200828552246,2.5983364582061768,0.9897958636283875,9.693877220153809,qmix,smacv2,protoss_5_vs_5,101,0.0
6370000,3184,2026-06-14T08:55:23.561838,3.21454119682312,1.826447606086731,1.2346938848495483,7.653061866760254,qmix,smacv2,protoss_5_vs_5,101,0.0
6372000,3185,2026-06-14T08:58:26.780845,3.2386474609375,1.4019423723220825,1.2448978424072266,6.5102033615112305,qmix,smacv2,protoss_5_vs_5,101,0.0
6374000,3186,2026-06-14T09:01:36.004120,2.8355228900909424,1.585915207862854,0.7755101919174194,6.941327095031738,qmix,smacv2,protoss_5_vs_5,101,0.0
6376000,3187,2026-06-14T09:04:43.975948,3.6144134998321533,1.540040135383606,1.1020407676696777,6.660714149475098,qmix,smacv2,protoss_5_vs_5,101,0.0
6378000,3188,2026-06-14T09:07:54.748654,2.9635205268859863,1.3552933931350708,1.3571428060531616,6.9094390869140625,qmix,smacv2,protoss_5_vs_5,101,0.0
6380000,3189,2026-06-14T09:11:11.525866,4.14859676361084,2.9195573329925537,0.9247447848320007,11.761479377746582,qmix,smacv2,protoss_5_vs_5,101,0.0
6382000,3190,2026-06-14T09:14:24.493923,3.283801317214966,1.7056758403778076,0.5204081535339355,7.192602634429932,qmix,smacv2,protoss_5_vs_5,101,0.0
6384000,3191,2026-06-14T09:17:34.228179,3.790752410888672,1.6699717044830322,0.9043367505073547,7.653061866760254,qmix,smacv2,protoss_5_vs_5,101,0.0
6386000,3192,2026-06-14T09:20:50.804219,3.1336734294891357,2.049687147140503,1.0816326141357422,9.816327095031738,qmix,smacv2,protoss_5_vs_5,101,0.0
6388000,3193,2026-06-14T09:24:05.652470,3.082397937774658,1.8559129238128662,1.3520407676696777,8.642857551574707,qmix,smacv2,protoss_5_vs_5,101,0.0
6390000,3194,2026-06-14T09:27:21.055005,4.362181186676025,2.7359700202941895,1.0102040767669678,10.700254440307617,qmix,smacv2,protoss_5_vs_5,101,0.0
6392000,3195,2026-06-14T09:30:34.528321,4.508864402770996,2.576887607574463,1.9744898080825806,12.724489212036133,qmix,smacv2,protoss_5_vs_5,101,0.05000000074505806
6394000,3196,2026-06-14T09:33:45.557134,3.8575892448425293,2.074803352355957,1.3163264989852905,8.27550983428955,qmix,smacv2,protoss_5_vs_5,101,0.0
6396000,3197,2026-06-14T09:37:00.136335,2.916199207305908,2.3029890060424805,0.3571428656578064,10.378827095031738,qmix,smacv2,protoss_5_vs_5,101,0.0
6398000,3198,2026-06-14T09:40:17.458127,3.9892220497131348,2.3271324634552,0.46683675050735474,8.993622779846191,qmix,smacv2,protoss_5_vs_5,101,0.0
6400000,3199,2026-06-14T09:43:26.220700,3.3596301078796387,2.0586962699890137,1.4107142686843872,8.778060913085938,qmix,smacv2,protoss_5_vs_5,101,0.0
6402000,3200,2026-06-14T09:46:33.909210,3.469961643218994,1.5878558158874512,1.1734693050384521,6.288265228271484,qmix,smacv2,protoss_5_vs_5,101,0.0
6404000,3201,2026-06-14T09:49:42.716859,3.9056124687194824,2.1663689613342285,1.2551020383834839,9.581632614135742,qmix,smacv2,protoss_5_vs_5,101,0.0
6406000,3202,2026-06-14T09:52:46.517222,2.806823968887329,1.6673303842544556,0.7551020383834839,6.142857551574707,qmix,smacv2,protoss_5_vs_5,101,0.0
6408000,3203,2026-06-14T09:55:56.405186,4.094005584716797,2.6884396076202393,1.2551019191741943,12.448979377746582,qmix,smacv2,protoss_5_vs_5,101,0.05000000074505806
6410000,3204,2026-06-14T09:59:07.283994,4.04317569732666,2.956024408340454,1.1938774585723877,14.214286804199219,qmix,smacv2,protoss_5_vs_5,101,0.0
6412000,3205,2026-06-14T10:02:13.398490,3.4711735248565674,1.4028962850570679,1.6734693050384521,6.5727033615112305,qmix,smacv2,protoss_5_vs_5,101,0.0
6414000,3206,2026-06-14T10:05:22.676869,4.141198635101318,1.8612034320831299,1.1390306949615479,8.834183692932129,qmix,smacv2,protoss_5_vs_5,101,0.0
6416000,3207,2026-06-14T10:08:34.708505,4.420025825500488,2.4912118911743164,0.9081632494926453,10.683674812316895,qmix,smacv2,protoss_5_vs_5,101,0.0
6418000,3208,2026-06-14T10:11:42.522057,3.208354949951172,1.5534011125564575,1.290816307067871,7.558673858642578,qmix,smacv2,protoss_5_vs_5,101,0.0
6420000,3209,2026-06-14T10:15:01.152474,3.929464340209961,2.5239481925964355,1.3163264989852905,9.540816307067871,qmix,smacv2,protoss_5_vs_5,101,0.0
6422000,3210,2026-06-14T10:18:07.021647,3.8198342323303223,2.1547954082489014,1.1734693050384521,10.469388008117676,qmix,smacv2,protoss_5_vs_5,101,0.0
6424000,3211,2026-06-14T10:21:16.031100,2.793750047683716,1.5855238437652588,0.5204081535339355,7.488520622253418,qmix,smacv2,protoss_5_vs_5,101,0.0
6426000,3212,2026-06-14T10:24:27.478493,4.527422904968262,2.1706743240356445,1.5,9.202805519104004,qmix,smacv2,protoss_5_vs_5,101,0.0
6428000,3213,2026-06-14T10:27:34.567170,4.508418560028076,2.257340431213379,1.6734693050384521,10.6875,qmix,smacv2,protoss_5_vs_5,101,0.0
6430000,3214,2026-06-14T10:30:39.461404,4.881696701049805,2.4267642498016357,1.8852039575576782,11.214285850524902,qmix,smacv2,protoss_5_vs_5,101,0.0
6432000,3215,2026-06-14T10:33:45.172939,3.470216751098633,2.173997640609741,1.0,10.079081535339355,qmix,smacv2,protoss_5_vs_5,101,0.0
6434000,3216,2026-06-14T10:36:58.932741,4.030037879943848,1.7189162969589233,1.5344387292861938,8.228316307067871,qmix,smacv2,protoss_5_vs_5,101,0.0
6436000,3217,2026-06-14T10:40:08.286581,2.8656885623931885,1.4965589046478271,0.8979591131210327,5.959183692932129,qmix,smacv2,protoss_5_vs_5,101,0.0
6438000,3218,2026-06-14T10:43:20.871603,3.377040386199951,1.376035213470459,0.9081632494926453,6.010203838348389,qmix,smacv2,protoss_5_vs_5,101,0.0
6440000,3219,2026-06-14T10:46:31.062584,4.24770450592041,1.6963183879852295,1.8163264989852905,7.309948921203613,qmix,smacv2,protoss_5_vs_5,101,0.0
6442000,3220,2026-06-14T10:49:40.756769,3.853252410888672,1.3049770593643188,1.7933673858642578,6.089285373687744,qmix,smacv2,protoss_5_vs_5,101,0.0
6444000,3221,2026-06-14T10:52:57.045171,4.0435590744018555,2.785435676574707,1.52933669090271,10.408164024353027,qmix,smacv2,protoss_5_vs_5,101,0.0
6446000,3222,2026-06-14T10:56:22.631227,2.7684948444366455,1.8329001665115356,0.6530612111091614,7.1683669090271,qmix,smacv2,protoss_5_vs_5,101,0.0
6448000,3223,2026-06-14T10:59:44.412348,3.333482027053833,2.0633697509765625,1.4183672666549683,8.684948921203613,qmix,smacv2,protoss_5_vs_5,101,0.0
6450000,3224,2026-06-14T11:03:02.710344,3.4815049171447754,1.9716699123382568,1.7525510787963867,8.451530456542969,qmix,smacv2,protoss_5_vs_5,101,0.0
6452000,3225,2026-06-14T11:06:22.684438,2.720216989517212,1.3391419649124146,0.7385203838348389,5.612244606018066,qmix,smacv2,protoss_5_vs_5,101,0.0
6454000,3226,2026-06-14T11:09:40.063291,3.1430485248565674,1.2094333171844482,1.4655611515045166,6.2920918464660645,qmix,smacv2,protoss_5_vs_5,101,0.0
6456000,3227,2026-06-14T11:12:55.289698,3.496938705444336,1.8193334341049194,1.5625,8.438775062561035,qmix,smacv2,protoss_5_vs_5,101,0.0
6458000,3228,2026-06-14T11:16:04.018535,3.1590561866760254,1.8350743055343628,0.9285714030265808,7.039540767669678,qmix,smacv2,protoss_5_vs_5,101,0.0
6460000,3229,2026-06-14T11:19:18.497651,3.107971668243408,1.6385645866394043,0.7653061151504517,7.091837406158447,qmix,smacv2,protoss_5_vs_5,101,0.0
6462000,3230,2026-06-14T11:22:30.588534,3.0374999046325684,1.648818850517273,1.25382661819458,8.18494987487793,qmix,smacv2,protoss_5_vs_5,101,0.0
6464000,3231,2026-06-14T11:25:49.882530,3.4248721599578857,2.3111355304718018,0.4285714030265808,9.87755012512207,qmix,smacv2,protoss_5_vs_5,101,0.0
6466000,3232,2026-06-14T11:29:04.790761,2.69929838180542,1.5897960662841797,1.0280612707138062,7.0459184646606445,qmix,smacv2,protoss_5_vs_5,101,0.0
6468000,3233,2026-06-14T11:32:13.636392,2.774362087249756,1.7563904523849487,1.0102040767669678,7.371172904968262,qmix,smacv2,protoss_5_vs_5,101,0.0
6470000,3234,2026-06-14T11:35:26.953444,2.929145336151123,1.1725815534591675,1.163265347480774,5.533163070678711,qmix,smacv2,protoss_5_vs_5,101,0.0
6472000,3235,2026-06-14T11:38:38.432648,3.882270336151123,2.720560073852539,0.5599489808082581,12.042092323303223,qmix,smacv2,protoss_5_vs_5,101,0.0
6474000,3236,2026-06-14T11:41:44.635607,3.996556043624878,1.9724270105361938,1.5012755393981934,8.979592323303223,qmix,smacv2,protoss_5_vs_5,101,0.0
6476000,3237,2026-06-14T11:44:51.216656,4.053316116333008,2.026724338531494,1.195152997970581,8.0867338180542,qmix,smacv2,protoss_5_vs_5,101,0.0
6478000,3238,2026-06-14T11:47:54.147017,4.051020622253418,1.9789304733276367,1.4285714626312256,7.609694004058838,qmix,smacv2,protoss_5_vs_5,101,0.0
6480000,3239,2026-06-14T11:50:55.031370,3.6941959857940674,1.6773700714111328,1.6492345333099365,8.482142448425293,qmix,smacv2,protoss_5_vs_5,101,0.0
6482000,3240,2026-06-14T11:53:55.608098,4.2063775062561035,2.527916669845581,1.3852040767669678,11.030611991882324,qmix,smacv2,protoss_5_vs_5,101,0.0
6484000,3241,2026-06-14T11:56:51.878913,3.9483418464660645,2.6228339672088623,0.9566326141357422,10.790816307067871,qmix,smacv2,protoss_5_vs_5,101,0.0
6486000,3242,2026-06-14T11:59:49.181378,2.5856502056121826,1.4360777139663696,0.5816326141357422,5.487245082855225,qmix,smacv2,protoss_5_vs_5,101,0.0
6488000,3243,2026-06-14T12:02:51.882460,3.403189182281494,1.782519817352295,1.4362244606018066,7.647959232330322,qmix,smacv2,protoss_5_vs_5,101,0.0
6490000,3244,2026-06-14T12:05:49.641355,3.0927298069000244,2.123387098312378,0.6428571343421936,7.947704315185547,qmix,smacv2,protoss_5_vs_5,101,0.0
6492000,3245,2026-06-14T12:08:54.754615,4.177168369293213,1.9774850606918335,1.7742347717285156,8.112244606018066,qmix,smacv2,protoss_5_vs_5,101,0.0
6494000,3246,2026-06-14T12:12:01.571847,3.8580355644226074,1.9476299285888672,1.2385205030441284,9.622447967529297,qmix,smacv2,protoss_5_vs_5,101,0.0
6496000,3247,2026-06-14T12:15:13.679271,4.372066974639893,3.0703160762786865,1.2895407676696777,12.653060913085938,qmix,smacv2,protoss_5_vs_5,101,0.05000000074505806
6498000,3248,2026-06-14T12:18:27.707602,3.6815052032470703,1.789071798324585,0.6862244606018066,6.928572177886963,qmix,smacv2,protoss_5_vs_5,101,0.0
6500000,3249,2026-06-14T12:21:46.611792,3.6557400226593018,1.0879815816879272,0.9183672666549683,5.692602157592773,qmix,smacv2,protoss_5_vs_5,101,0.0
6502000,3250,2026-06-14T12:25:17.923890,3.6735332012176514,1.265649676322937,1.804847002029419,5.8469390869140625,qmix,smacv2,protoss_5_vs_5,101,0.0
6504000,3251,2026-06-14T12:28:48.420472,3.1119260787963867,1.7019387483596802,0.6224489808082581,6.631377220153809,qmix,smacv2,protoss_5_vs_5,101,0.0
6506000,3252,2026-06-14T12:32:21.355226,2.806122303009033,1.3886715173721313,1.1594387292861938,6.392857551574707,qmix,smacv2,protoss_5_vs_5,101,0.0
6508000,3253,2026-06-14T12:36:03.333772,4.487117767333984,1.4834074974060059,1.8443877696990967,7.899235725402832,qmix,smacv2,protoss_5_vs_5,101,0.0
6510000,3254,2026-06-14T12:39:35.515286,3.8012757301330566,2.6282424926757812,0.36734694242477417,10.248724937438965,qmix,smacv2,protoss_5_vs_5,101,0.0
6512000,3255,2026-06-14T12:43:03.478151,2.901275396347046,1.6707693338394165,0.6428571343421936,8.040816307067871,qmix,smacv2,protoss_5_vs_5,101,0.0
6514000,3256,2026-06-14T12:46:31.176819,2.486288070678711,1.8467590808868408,0.0,6.713010311126709,qmix,smacv2,protoss_5_vs_5,101,0.0
6516000,3257,2026-06-14T12:49:54.882565,2.329655408859253,1.9316227436065674,0.13265305757522583,9.183673858642578,qmix,smacv2,protoss_5_vs_5,101,0.0
6518000,3258,2026-06-14T12:53:17.944113,2.966517686843872,1.6858668327331543,1.0880101919174194,6.594388008117676,qmix,smacv2,protoss_5_vs_5,101,0.0
6520000,3259,2026-06-14T12:56:48.242375,3.0192604064941406,1.9687824249267578,1.0204081535339355,8.27550983428955,qmix,smacv2,protoss_5_vs_5,101,0.0
6522000,3260,2026-06-14T13:00:13.451875,3.1267857551574707,1.7036573886871338,0.704081654548645,6.864795684814453,qmix,smacv2,protoss_5_vs_5,101,0.0
6524000,3261,2026-06-14T13:03:32.833024,3.178762674331665,1.7046047449111938,0.3469387888908386,7.457907676696777,qmix,smacv2,protoss_5_vs_5,101,0.0
6526000,3262,2026-06-14T13:06:53.230790,2.8455357551574707,1.7186098098754883,1.0012755393981934,7.021683692932129,qmix,smacv2,protoss_5_vs_5,101,0.0
6528000,3263,2026-06-14T13:10:14.563717,2.5570151805877686,1.2997418642044067,1.0484694242477417,5.755102157592773,qmix,smacv2,protoss_5_vs_5,101,0.0
6530000,3264,2026-06-14T13:13:37.090334,3.3119258880615234,2.8569021224975586,0.6517857313156128,14.04719352722168,qmix,smacv2,protoss_5_vs_5,101,0.0
6532000,3265,2026-06-14T13:17:03.534140,3.760969638824463,1.8233630657196045,1.7117347717285156,7.540816307067871,qmix,smacv2,protoss_5_vs_5,101,0.0
6534000,3266,2026-06-14T13:20:35.805800,3.205357074737549,1.4955414533615112,0.9795918464660645,6.979591369628906,qmix,smacv2,protoss_5_vs_5,101,0.0
6536000,3267,2026-06-14T13:24:06.234651,3.139604330062866,1.668021321296692,1.0510203838348389,6.161990165710449,qmix,smacv2,protoss_5_vs_5,101,0.0
6538000,3268,2026-06-14T13:27:29.375603,3.9783802032470703,1.8169447183609009,1.4272960424423218,7.854592323303223,qmix,smacv2,protoss_5_vs_5,101,0.0
6540000,3269,2026-06-14T13:30:50.941443,4.504400730133057,2.708212375640869,1.7346937656402588,14.591836929321289,qmix,smacv2,protoss_5_vs_5,101,0.05000000074505806
6542000,3270,2026-06-14T13:34:21.261728,3.8329081535339355,1.3141164779663086,1.3035714626312256,6.198979377746582,qmix,smacv2,protoss_5_vs_5,101,0.0
6544000,3271,2026-06-14T13:37:40.406241,3.315561294555664,1.6751315593719482,1.18367338180542,7.232142448425293,qmix,smacv2,protoss_5_vs_5,101,0.0
6546000,3272,2026-06-14T13:41:01.770865,3.318686008453369,1.5149822235107422,0.7704081535339355,6.910714149475098,qmix,smacv2,protoss_5_vs_5,101,0.0
6548000,3273,2026-06-14T13:44:17.455783,3.6419003009796143,1.9099230766296387,0.9030612111091614,8.14285659790039,qmix,smacv2,protoss_5_vs_5,101,0.0
6550000,3274,2026-06-14T13:47:28.168691,2.569770336151123,1.6129039525985718,0.7117347121238708,6.6530609130859375,qmix,smacv2,protoss_5_vs_5,101,0.0
6552000,3275,2026-06-14T13:50:37.964886,3.9940052032470703,2.4247047901153564,1.876275658607483,11.316327095031738,qmix,smacv2,protoss_5_vs_5,101,0.0
6554000,3276,2026-06-14T13:53:46.210271,3.5219388008117676,1.7613043785095215,1.1020408868789673,6.959183692932129,qmix,smacv2,protoss_5_vs_5,101,0.0
6556000,3277,2026-06-14T13:56:47.214721,3.1503190994262695,1.598670244216919,0.9566326141357422,6.330357074737549,qmix,smacv2,protoss_5_vs_5,101,0.0
6558000,3278,2026-06-14T13:59:54.818299,3.006122350692749,2.4403223991394043,0.8163264989852905,10.989795684814453,qmix,smacv2,protoss_5_vs_5,101,0.0
6560000,3279,2026-06-14T14:03:00.522738,2.7309951782226562,1.2318071126937866,0.8877552151679993,5.612245082855225,qmix,smacv2,protoss_5_vs_5,101,0.0
6562000,3280,2026-06-14T14:06:05.786065,3.195918560028076,1.7797733545303345,0.8061224222183228,7.926020622253418,qmix,smacv2,protoss_5_vs_5,101,0.0
6564000,3281,2026-06-14T14:09:05.066344,2.613584518432617,1.1502846479415894,1.0714285373687744,4.998724460601807,qmix,smacv2,protoss_5_vs_5,101,0.0
6566000,3282,2026-06-14T14:12:01.996514,2.592219591140747,1.274979591369629,1.132652997970581,6.940051078796387,qmix,smacv2,protoss_5_vs_5,101,0.0
6568000,3283,2026-06-14T14:14:59.091206,3.207334041595459,1.8749239444732666,1.3533164262771606,7.211734771728516,qmix,smacv2,protoss_5_vs_5,101,0.0
6570000,3284,2026-06-14T14:17:52.164009,3.3169639110565186,1.8019438982009888,1.1339285373687744,8.406888008117676,qmix,smacv2,protoss_5_vs_5,101,0.0
6572000,3285,2026-06-14T14:20:43.966500,3.6156249046325684,1.6229650974273682,1.571428656578064,6.724490165710449,qmix,smacv2,protoss_5_vs_5,101,0.0
6574000,3286,2026-06-14T14:23:47.700289,3.219578981399536,2.0024967193603516,0.6862244606018066,7.979592323303223,qmix,smacv2,protoss_5_vs_5,101,0.0
6576000,3287,2026-06-14T14:26:51.833410,2.8869898319244385,1.4518957138061523,1.1479591131210327,5.822704315185547,qmix,smacv2,protoss_5_vs_5,101,0.0
6578000,3288,2026-06-14T14:30:00.324002,2.833099603652954,1.5251256227493286,0.9668367505073547,6.774234771728516,qmix,smacv2,protoss_5_vs_5,101,0.0
6580000,3289,2026-06-14T14:33:08.014201,3.6089282035827637,1.509356141090393,1.742347002029419,7.204082489013672,qmix,smacv2,protoss_5_vs_5,101,0.0
6582000,3290,2026-06-14T14:36:12.613640,2.5516583919525146,1.5450226068496704,0.9438775181770325,6.653061866760254,qmix,smacv2,protoss_5_vs_5,101,0.0
6584000,3291,2026-06-14T14:39:14.967564,3.6020407676696777,1.9431389570236206,0.6734694242477417,8.244897842407227,qmix,smacv2,protoss_5_vs_5,101,0.0
6586000,3292,2026-06-14T14:42:19.904909,3.424107074737549,1.6286394596099854,1.5216835737228394,7.744897365570068,qmix,smacv2,protoss_5_vs_5,101,0.0
6588000,3293,2026-06-14T14:45:21.295594,3.5450892448425293,1.7621021270751953,0.714285671710968,8.17984676361084,qmix,smacv2,protoss_5_vs_5,101,0.0
6590000,3294,2026-06-14T14:48:20.346605,2.979783058166504,1.307416319847107,1.2219387292861938,6.36352014541626,qmix,smacv2,protoss_5_vs_5,101,0.0
6592000,3295,2026-06-14T14:51:15.924002,2.306058883666992,1.1186684370040894,1.2232142686843872,5.378827095031738,qmix,smacv2,protoss_5_vs_5,101,0.0
6594000,3296,2026-06-14T14:54:13.633137,3.232079029083252,1.886684536933899,1.283163070678711,10.21045970916748,qmix,smacv2,protoss_5_vs_5,101,0.0
6596000,3297,2026-06-14T14:57:47.555136,2.594770669937134,1.6645756959915161,0.795918345451355,6.221938610076904,qmix,smacv2,protoss_5_vs_5,101,0.0
6598000,3298,2026-06-14T15:00:57.869012,3.6523594856262207,3.1181087493896484,0.7551020383834839,14.89795970916748,qmix,smacv2,protoss_5_vs_5,101,0.0
6600000,3299,2026-06-14T15:04:02.906839,2.78883957862854,2.22147536277771,0.6122449040412903,11.154337882995605,qmix,smacv2,protoss_5_vs_5,101,0.0
6602000,3300,2026-06-14T15:06:58.508213,3.6140942573547363,1.5972951650619507,1.0854592323303223,6.676020622253418,qmix,smacv2,protoss_5_vs_5,101,0.0
6604000,3301,2026-06-14T15:09:56.546609,3.467984437942505,1.723936676979065,1.1734694242477417,7.099489688873291,qmix,smacv2,protoss_5_vs_5,101,0.0
6606000,3302,2026-06-14T15:13:07.606799,3.9400506019592285,1.7994072437286377,1.4872448444366455,8.369897842407227,qmix,smacv2,protoss_5_vs_5,101,0.0
6608000,3303,2026-06-14T15:16:07.829225,3.29304838180542,1.6713314056396484,1.2346938848495483,8.584183692932129,qmix,smacv2,protoss_5_vs_5,101,0.0
6610000,3304,2026-06-14T15:19:07.254563,3.8207268714904785,1.713727355003357,1.5612245798110962,6.94897985458374,qmix,smacv2,protoss_5_vs_5,101,0.0
6612000,3305,2026-06-14T15:22:03.608233,2.580038070678711,1.173725962638855,0.8443878293037415,4.952805995941162,qmix,smacv2,protoss_5_vs_5,101,0.0
6614000,3306,2026-06-14T15:24:57.232115,2.167665719985962,1.2359788417816162,0.2448979616165161,5.275510311126709,qmix,smacv2,protoss_5_vs_5,101,0.0
6616000,3307,2026-06-14T15:27:51.655678,2.561479330062866,1.53351628780365,1.0535714626312256,6.631377220153809,qmix,smacv2,protoss_5_vs_5,101,0.0
6618000,3308,2026-06-14T15:30:52.805957,2.642219305038452,1.136431097984314,1.2308672666549683,5.858417987823486,qmix,smacv2,protoss_5_vs_5,101,0.0
6620000,3309,2026-06-14T15:33:52.979829,3.530548095703125,1.537039875984192,1.304847002029419,7.154336452484131,qmix,smacv2,protoss_5_vs_5,101,0.0
6622000,3310,2026-06-14T15:36:56.745038,3.532397747039795,2.0733091831207275,1.0102040767669678,9.806122779846191,qmix,smacv2,protoss_5_vs_5,101,0.0
6624000,3311,2026-06-14T15:39:57.850113,3.1644129753112793,1.9883168935775757,0.9489795565605164,8.468111991882324,qmix,smacv2,protoss_5_vs_5,101,0.0
6626000,3312,2026-06-14T15:42:58.236035,3.7089924812316895,1.8417178392410278,1.5459184646606445,8.653060913085938,qmix,smacv2,protoss_5_vs_5,101,0.0
6628000,3313,2026-06-14T15:46:02.571478,3.4947071075439453,2.633104085922241,1.2346937656402588,11.176020622253418,qmix,smacv2,protoss_5_vs_5,101,0.0
6630000,3314,2026-06-14T15:49:04.591659,4.180037975311279,1.9190596342086792,1.4579081535339355,8.154336929321289,qmix,smacv2,protoss_5_vs_5,101,0.0
6632000,3315,2026-06-14T15:52:16.227926,3.6926662921905518,1.7018213272094727,0.8877550363540649,7.566326141357422,qmix,smacv2,protoss_5_vs_5,101,0.0
6634000,3316,2026-06-14T15:55:29.190644,2.897895336151123,1.9027141332626343,0.8163264989852905,8.714285850524902,qmix,smacv2,protoss_5_vs_5,101,0.0
6636000,3317,2026-06-14T15:58:47.280013,3.1982779502868652,1.8420255184173584,0.6734693646430969,8.22449016571045,qmix,smacv2,protoss_5_vs_5,101,0.0
6638000,3318,2026-06-14T16:02:00.686891,3.3000636100769043,2.157125234603882,0.3163265287876129,8.42984676361084,qmix,smacv2,protoss_5_vs_5,101,0.0
6640000,3319,2026-06-14T16:05:12.734846,3.799936294555664,2.0613291263580322,1.2691327333450317,7.6415815353393555,qmix,smacv2,protoss_5_vs_5,101,0.0
6642000,3320,2026-06-14T16:08:28.079383,3.19929838180542,2.383563756942749,1.0204081535339355,10.221938133239746,qmix,smacv2,protoss_5_vs_5,101,0.0
6644000,3321,2026-06-14T16:11:43.492210,2.2574617862701416,1.4882005453109741,0.9349489212036133,7.357142448425293,qmix,smacv2,protoss_5_vs_5,101,0.0
6646000,3322,2026-06-14T16:14:54.629612,2.441262722015381,1.4627058506011963,0.5306122303009033,5.224489688873291,qmix,smacv2,protoss_5_vs_5,101,0.0
6648000,3323,2026-06-14T16:18:10.161673,2.6621811389923096,1.6543350219726562,0.6734693646430969,6.213010311126709,qmix,smacv2,protoss_5_vs_5,101,0.0
6650000,3324,2026-06-14T16:21:21.583709,2.8135204315185547,1.395942211151123,1.2053570747375488,5.8545918464660645,qmix,smacv2,protoss_5_vs_5,101,0.0
6652000,3325,2026-06-14T16:24:32.352244,3.7170281410217285,1.7245780229568481,1.2244898080825806,7.076530456542969,qmix,smacv2,protoss_5_vs_5,101,0.0
6654000,3326,2026-06-14T16:27:40.973629,3.129910707473755,1.5632331371307373,1.0102040767669678,6.7155609130859375,qmix,smacv2,protoss_5_vs_5,101,0.0
6656000,3327,2026-06-14T16:30:47.637393,3.5844388008117676,1.341317057609558,1.7015306949615479,6.896684169769287,qmix,smacv2,protoss_5_vs_5,101,0.0
6658000,3328,2026-06-14T16:34:01.431858,3.848723888397217,2.0818915367126465,1.1862244606018066,8.051020622253418,qmix,smacv2,protoss_5_vs_5,101,0.0
6660000,3329,2026-06-14T16:37:12.471595,3.1552295684814453,1.5606142282485962,1.3966835737228394,6.50765323638916,qmix,smacv2,protoss_5_vs_5,101,0.0
6662000,3330,2026-06-14T16:40:25.615655,3.65242338180542,1.5621874332427979,0.6734693646430969,6.857142448425293,qmix,smacv2,protoss_5_vs_5,101,0.0
6664000,3331,2026-06-14T16:43:39.867909,3.4887757301330566,1.6856327056884766,0.9158163070678711,7.2933669090271,qmix,smacv2,protoss_5_vs_5,101,0.0
6666000,3332,2026-06-14T16:46:55.084325,2.9166455268859863,1.8870441913604736,0.6428571343421936,7.0625,qmix,smacv2,protoss_5_vs_5,101,0.0
6668000,3333,2026-06-14T16:50:11.273745,3.1804211139678955,1.8916229009628296,1.1836735010147095,8.110970497131348,qmix,smacv2,protoss_5_vs_5,101,0.0
6670000,3334,2026-06-14T16:53:27.024357,3.28692626953125,2.0836217403411865,0.5803571343421936,6.8125,qmix,smacv2,protoss_5_vs_5,101,0.0
6672000,3335,2026-06-14T16:56:42.607273,2.8816964626312256,1.3527822494506836,1.2040815353393555,6.5816330909729,qmix,smacv2,protoss_5_vs_5,101,0.0
6674000,3336,2026-06-14T17:00:01.745479,2.8325893878936768,1.8744746446609497,0.8571428060531616,9.234694480895996,qmix,smacv2,protoss_5_vs_5,101,0.0
6676000,3337,2026-06-14T17:03:22.943352,3.00191330909729,1.7027231454849243,1.0790815353393555,6.846938133239746,qmix,smacv2,protoss_5_vs_5,101,0.0
6678000,3338,2026-06-14T17:06:40.491240,2.7738521099090576,1.8219596147537231,0.7117346525192261,6.979592323303223,qmix,smacv2,protoss_5_vs_5,101,0.0
6680000,3339,2026-06-14T17:09:55.477504,3.208864688873291,1.4552178382873535,1.5688774585723877,6.873724460601807,qmix,smacv2,protoss_5_vs_5,101,0.0
6682000,3340,2026-06-14T17:13:09.223867,3.072448968887329,1.4484635591506958,1.038265347480774,6.336734771728516,qmix,smacv2,protoss_5_vs_5,101,0.0
6684000,3341,2026-06-14T17:16:26.475978,3.0443875789642334,1.6958632469177246,1.0905611515045166,7.459183692932129,qmix,smacv2,protoss_5_vs_5,101,0.0
6686000,3342,2026-06-14T17:19:36.794276,3.8469390869140625,2.099910020828247,1.5688774585723877,9.96938705444336,qmix,smacv2,protoss_5_vs_5,101,0.0
6688000,3343,2026-06-14T17:22:48.185776,2.626849412918091,1.423366904258728,0.8443877100944519,6.474489688873291,qmix,smacv2,protoss_5_vs_5,101,0.0
6690000,3344,2026-06-14T17:25:56.311591,3.329974412918091,1.616778016090393,1.0114796161651611,6.317602157592773,qmix,smacv2,protoss_5_vs_5,101,0.0
6692000,3345,2026-06-14T17:29:01.412870,3.7640304565429688,1.9652423858642578,1.3022959232330322,8.795918464660645,qmix,smacv2,protoss_5_vs_5,101,0.0
6694000,3346,2026-06-14T17:32:05.387478,2.707717180252075,1.0414628982543945,1.353316307067871,5.734694480895996,qmix,smacv2,protoss_5_vs_5,101,0.0
6696000,3347,2026-06-14T17:35:11.309697,3.501211643218994,2.3553638458251953,0.9591835737228394,10.651784896850586,qmix,smacv2,protoss_5_vs_5,101,0.0
6698000,3348,2026-06-14T17:38:28.414917,3.430229663848877,2.1515796184539795,1.103316307067871,8.473214149475098,qmix,smacv2,protoss_5_vs_5,101,0.0
6700000,3349,2026-06-14T17:41:31.770934,3.0759565830230713,1.6889116764068604,1.316326379776001,8.855866432189941,qmix,smacv2,protoss_5_vs_5,101,0.0
6702000,3350,2026-06-14T17:44:38.886926,3.278125047683716,1.6439447402954102,1.3890305757522583,7.258927822113037,qmix,smacv2,protoss_5_vs_5,101,0.0
6704000,3351,2026-06-14T17:47:43.010363,3.2127552032470703,2.324152946472168,1.1096938848495483,11.341837882995605,qmix,smacv2,protoss_5_vs_5,101,0.0
6706000,3352,2026-06-14T17:50:49.799341,2.920790433883667,1.181583285331726,1.3061225414276123,5.535714149475098,qmix,smacv2,protoss_5_vs_5,101,0.0
6708000,3353,2026-06-14T17:53:53.812155,2.927232265472412,1.1659300327301025,1.2551020383834839,5.0816330909729,qmix,smacv2,protoss_5_vs_5,101,0.0
6710000,3354,2026-06-14T17:57:03.710772,2.3286988735198975,1.3266299962997437,0.36734694242477417,5.75382661819458,qmix,smacv2,protoss_5_vs_5,101,0.0
6712000,3355,2026-06-14T18:00:10.489603,2.993431329727173,1.5718872547149658,0.9591835737228394,7.44897985458374,qmix,smacv2,protoss_5_vs_5,101,0.0
6714000,3356,2026-06-14T18:03:11.768558,2.617283344268799,1.2680912017822266,0.7346938848495483,6.130102157592773,qmix,smacv2,protoss_5_vs_5,101,0.0
6716000,3357,2026-06-14T18:06:20.467304,2.9686224460601807,1.9925142526626587,0.8061224222183228,8.498724937438965,qmix,smacv2,protoss_5_vs_5,101,0.0
6718000,3358,2026-06-14T18:09:27.670604,4.005102157592773,1.4117698669433594,1.0510203838348389,6.409438133239746,qmix,smacv2,protoss_5_vs_5,101,0.0
6720000,3359,2026-06-14T18:12:35.086057,3.6865432262420654,1.9077476263046265,1.0293368101119995,8.130102157592773,qmix,smacv2,protoss_5_vs_5,101,0.0
6722000,3360,2026-06-14T18:15:40.387314,4.3165178298950195,1.511083960533142,2.3431122303009033,7.561224460601807,qmix,smacv2,protoss_5_vs_5,101,0.0
6724000,3361,2026-06-14T18:18:50.120662,3.396683931350708,1.474643588066101,1.632652997970581,6.267857551574707,qmix,smacv2,protoss_5_vs_5,101,0.0
6726000,3362,2026-06-14T18:21:59.227317,2.60363507270813,1.140013337135315,1.3316327333450317,5.697703838348389,qmix,smacv2,protoss_5_vs_5,101,0.0
6728000,3363,2026-06-14T18:25:10.729874,2.2624363899230957,1.4409117698669434,0.8954081535339355,6.785714626312256,qmix,smacv2,protoss_5_vs_5,101,0.0
6730000,3364,2026-06-14T18:28:23.464879,2.77519154548645,1.6098625659942627,0.9859694242477417,7.275509834289551,qmix,smacv2,protoss_5_vs_5,101,0.0
6732000,3365,2026-06-14T18:31:28.808939,3.0035717487335205,1.8040449619293213,0.8571428060531616,7.173470497131348,qmix,smacv2,protoss_5_vs_5,101,0.0
6734000,3366,2026-06-14T18:34:35.901557,2.698596954345703,1.2485994100570679,1.0497448444366455,5.510204315185547,qmix,smacv2,protoss_5_vs_5,101,0.0
6736000,3367,2026-06-14T18:37:45.827498,2.6732780933380127,1.547406554222107,0.7882653474807739,6.2959184646606445,qmix,smacv2,protoss_5_vs_5,101,0.0
6738000,3368,2026-06-14T18:40:55.844538,2.906696319580078,2.368891954421997,0.5816326141357422,10.558672904968262,qmix,smacv2,protoss_5_vs_5,101,0.0
6740000,3369,2026-06-14T18:44:07.980870,3.5468108654022217,2.2111706733703613,1.1989797353744507,10.428571701049805,qmix,smacv2,protoss_5_vs_5,101,0.0
6742000,3370,2026-06-14T18:47:15.703135,2.6544644832611084,0.8403292894363403,1.454081654548645,4.387754917144775,qmix,smacv2,protoss_5_vs_5,101,0.0
6744000,3371,2026-06-14T18:50:22.998150,2.684502601623535,1.6474437713623047,0.9272958636283875,7.489795684814453,qmix,smacv2,protoss_5_vs_5,101,0.0
6746000,3372,2026-06-14T18:53:27.407489,3.4539542198181152,2.160426378250122,1.132652997970581,9.954081535339355,qmix,smacv2,protoss_5_vs_5,101,0.0
6748000,3373,2026-06-14T18:56:33.635694,3.4575257301330566,1.6949310302734375,1.1619898080825806,7.637755393981934,qmix,smacv2,protoss_5_vs_5,101,0.0
6750000,3374,2026-06-14T18:59:36.940858,2.4369897842407227,1.2864880561828613,0.8928571939468384,5.193877220153809,qmix,smacv2,protoss_5_vs_5,101,0.0
6752000,3375,2026-06-14T19:02:43.905822,3.7869255542755127,1.6419603824615479,1.5420918464660645,7.244897365570068,qmix,smacv2,protoss_5_vs_5,101,0.0
6754000,3376,2026-06-14T19:05:47.769410,3.886415481567383,1.7496366500854492,1.262755036354065,7.091836452484131,qmix,smacv2,protoss_5_vs_5,101,0.0
6756000,3377,2026-06-14T19:08:52.912684,3.7159438133239746,1.086440920829773,1.3494898080825806,6.316327095031738,qmix,smacv2,protoss_5_vs_5,101,0.0
6758000,3378,2026-06-14T19:11:53.915676,4.1255106925964355,1.8599485158920288,1.5829081535339355,8.163265228271484,qmix,smacv2,protoss_5_vs_5,101,0.0
6760000,3379,2026-06-14T19:14:54.870675,3.448915958404541,1.5323188304901123,1.1913264989852905,6.854592323303223,qmix,smacv2,protoss_5_vs_5,101,0.0
6762000,3380,2026-06-14T19:18:02.558393,3.132908344268799,1.129991888999939,1.4885205030441284,5.836734771728516,qmix,smacv2,protoss_5_vs_5,101,0.0
6764000,3381,2026-06-14T19:21:10.100165,2.7047832012176514,1.7343717813491821,0.6173469424247742,5.8660712242126465,qmix,smacv2,protoss_5_vs_5,101,0.0
6766000,3382,2026-06-14T19:24:13.856312,2.4564414024353027,1.4294019937515259,0.6326530575752258,6.080357074737549,qmix,smacv2,protoss_5_vs_5,101,0.0
6768000,3383,2026-06-14T19:27:20.759581,2.4122447967529297,1.2054963111877441,1.2487245798110962,5.264030933380127,qmix,smacv2,protoss_5_vs_5,101,0.0
6770000,3384,2026-06-14T19:30:29.918796,3.411224365234375,1.443352460861206,1.3469387292861938,5.783163070678711,qmix,smacv2,protoss_5_vs_5,101,0.0
6772000,3385,2026-06-14T19:33:36.191093,3.6811225414276123,2.1501998901367188,1.3941326141357422,9.997448921203613,qmix,smacv2,protoss_5_vs_5,101,0.0
6774000,3386,2026-06-14T19:36:47.456510,3.061734676361084,1.3187408447265625,1.0102040767669678,5.877551555633545,qmix,smacv2,protoss_5_vs_5,101,0.0
6776000,3387,2026-06-14T19:39:55.816727,3.230867385864258,1.8094117641448975,1.2193877696990967,6.530611991882324,qmix,smacv2,protoss_5_vs_5,101,0.0
6778000,3388,2026-06-14T19:43:06.711688,3.200446367263794,1.953589677810669,0.7755101919174194,7.122448921203613,qmix,smacv2,protoss_5_vs_5,101,0.0
6780000,3389,2026-06-14T19:46:20.047029,4.100701332092285,2.775813341140747,1.1670918464660645,11.153061866760254,qmix,smacv2,protoss_5_vs_5,101,0.0
6782000,3390,2026-06-14T19:49:42.200666,2.4663264751434326,1.3773218393325806,0.7244898080825806,5.091836929321289,qmix,smacv2,protoss_5_vs_5,101,0.0
6784000,3391,2026-06-14T19:53:00.886830,3.1427931785583496,2.3050076961517334,1.0280611515045166,9.428571701049805,qmix,smacv2,protoss_5_vs_5,101,0.0
6786000,3392,2026-06-14T19:56:11.036625,2.722193717956543,1.2281922101974487,0.795918345451355,5.150509834289551,qmix,smacv2,protoss_5_vs_5,101,0.0
6788000,3393,2026-06-14T19:59:37.864405,3.6410717964172363,1.690345287322998,1.1875,6.5790815353393555,qmix,smacv2,protoss_5_vs_5,101,0.0
6790000,3394,2026-06-14T20:02:55.418813,3.0794644355773926,1.7817856073379517,0.9706632494926453,7.572704315185547,qmix,smacv2,protoss_5_vs_5,101,0.0
6792000,3395,2026-06-14T20:06:16.423650,3.1328444480895996,1.8402013778686523,1.0625,7.682398796081543,qmix,smacv2,protoss_5_vs_5,101,0.0
6794000,3396,2026-06-14T20:09:36.075660,4.353252410888672,1.8674232959747314,1.8316326141357422,7.590561866760254,qmix,smacv2,protoss_5_vs_5,101,0.0
6796000,3397,2026-06-14T20:12:57.540624,3.751466751098633,1.9719622135162354,0.9795917272567749,8.60204029083252,qmix,smacv2,protoss_5_vs_5,101,0.0
6798000,3398,2026-06-14T20:16:10.306772,3.618175983428955,1.8497225046157837,1.5204081535339355,7.908163547515869,qmix,smacv2,protoss_5_vs_5,101,0.0
6800000,3399,2026-06-14T20:19:23.027258,2.3834822177886963,1.4246922731399536,0.26530611515045166,6.181122779846191,qmix,smacv2,protoss_5_vs_5,101,0.0
6802000,3400,2026-06-14T20:22:37.281909,2.7651782035827637,0.9979004859924316,1.3571428060531616,6.029336929321289,qmix,smacv2,protoss_5_vs_5,101,0.0
6804000,3401,2026-06-14T20:25:50.990245,3.1392219066619873,1.3971267938613892,1.2563775777816772,5.510204315185547,qmix,smacv2,protoss_5_vs_5,101,0.0
6806000,3402,2026-06-14T20:29:07.853511,3.4323983192443848,1.7258036136627197,1.1084184646606445,6.709184169769287,qmix,smacv2,protoss_5_vs_5,101,0.0
6808000,3403,2026-06-14T20:32:21.849499,3.3721938133239746,2.4425761699676514,0.8571428060531616,10.182397842407227,qmix,smacv2,protoss_5_vs_5,101,0.0
6810000,3404,2026-06-14T20:35:39.734604,3.7165818214416504,1.787584662437439,1.6428569555282593,7.744898319244385,qmix,smacv2,protoss_5_vs_5,101,0.0
6812000,3405,2026-06-14T20:38:49.599327,3.291581630706787,1.3825581073760986,1.25,6.258928298950195,qmix,smacv2,protoss_5_vs_5,101,0.0
6814000,3406,2026-06-14T20:42:19.988728,2.850637674331665,1.3553305864334106,1.3673468828201294,6.209183692932129,qmix,smacv2,protoss_5_vs_5,101,0.0
6816000,3407,2026-06-14T20:45:34.863861,2.134183645248413,1.4911422729492188,0.714285671710968,7.408163547515869,qmix,smacv2,protoss_5_vs_5,101,0.0
6818000,3408,2026-06-14T20:49:04.165857,2.984055995941162,1.313631534576416,1.4655611515045166,6.1109700202941895,qmix,smacv2,protoss_5_vs_5,101,0.0
6820000,3409,2026-06-14T20:52:19.810593,3.195599317550659,1.7162237167358398,0.8788264989852905,7.112245082855225,qmix,smacv2,protoss_5_vs_5,101,0.0
6822000,3410,2026-06-14T20:55:36.892445,3.0653061866760254,1.7947555780410767,1.1530612707138062,8.23469352722168,qmix,smacv2,protoss_5_vs_5,101,0.0
6824000,3411,2026-06-14T20:58:45.569252,3.0409436225891113,1.5394374132156372,1.1607143878936768,7.397959232330322,qmix,smacv2,protoss_5_vs_5,101,0.0
6826000,3412,2026-06-14T21:01:58.754924,2.625318765640259,1.2441262006759644,0.6836734414100647,5.181122779846191,qmix,smacv2,protoss_5_vs_5,101,0.0
6828000,3413,2026-06-14T21:04:55.116308,3.4063143730163574,2.221543550491333,0.7193877100944519,9.631378173828125,qmix,smacv2,protoss_5_vs_5,101,0.0
6830000,3414,2026-06-14T21:07:49.219856,3.507589340209961,1.7139241695404053,1.6096938848495483,8.461734771728516,qmix,smacv2,protoss_5_vs_5,101,0.0
6832000,3415,2026-06-14T21:10:45.640474,3.5542092323303223,2.029578447341919,1.1530611515045166,8.53061294555664,qmix,smacv2,protoss_5_vs_5,101,0.0
6834000,3416,2026-06-14T21:13:48.001045,3.6957907676696777,1.6694846153259277,1.9553571939468384,8.133928298950195,qmix,smacv2,protoss_5_vs_5,101,0.0
6836000,3417,2026-06-14T21:16:53.984607,3.3346939086914062,1.5593478679656982,1.4489796161651611,7.191326141357422,qmix,smacv2,protoss_5_vs_5,101,0.0
6838000,3418,2026-06-14T21:19:52.764750,3.3614795207977295,1.5988267660140991,1.1811224222183228,6.219387531280518,qmix,smacv2,protoss_5_vs_5,101,0.0
6840000,3419,2026-06-14T21:22:54.595461,3.0333542823791504,1.849929928779602,0.9897958636283875,8.508929252624512,qmix,smacv2,protoss_5_vs_5,101,0.0
6842000,3420,2026-06-14T21:26:05.677932,2.8713011741638184,1.3763104677200317,1.1938774585723877,5.299745082855225,qmix,smacv2,protoss_5_vs_5,101,0.0
6844000,3421,2026-06-14T21:29:14.164474,3.4683032035827637,1.8716919422149658,0.9285715222358704,7.377551078796387,qmix,smacv2,protoss_5_vs_5,101,0.0
6846000,3422,2026-06-14T21:32:21.810169,3.240816593170166,1.6759415864944458,1.108418345451355,6.836733818054199,qmix,smacv2,protoss_5_vs_5,101,0.0
6848000,3423,2026-06-14T21:35:26.427093,2.7352681159973145,1.4668365716934204,0.7653061151504517,5.316327095031738,qmix,smacv2,protoss_5_vs_5,101,0.0
6850000,3424,2026-06-14T21:38:35.379469,3.303762912750244,2.397844076156616,0.5204081535339355,8.15688705444336,qmix,smacv2,protoss_5_vs_5,101,0.0
6852000,3425,2026-06-14T21:41:43.614159,3.057525396347046,1.947431206703186,1.1734694242477417,7.9375,qmix,smacv2,protoss_5_vs_5,101,0.0
6854000,3426,2026-06-14T21:44:47.806058,4.099489688873291,2.152906656265259,0.8864795565605164,9.76530647277832,qmix,smacv2,protoss_5_vs_5,101,0.0
6856000,3427,2026-06-14T21:48:20.548419,3.4822704792022705,2.194247245788574,0.9693877100944519,7.8099493980407715,qmix,smacv2,protoss_5_vs_5,101,0.0
6858000,3428,2026-06-14T21:51:20.934008,3.3002548217773438,1.5869202613830566,0.9630101919174194,5.906887531280518,qmix,smacv2,protoss_5_vs_5,101,0.0
6860000,3429,2026-06-14T21:54:22.763409,4.167729377746582,2.131624937057495,1.316326379776001,10.123724937438965,qmix,smacv2,protoss_5_vs_5,101,0.0
6862000,3430,2026-06-14T21:57:24.139117,3.663839340209961,1.8785669803619385,1.2142857313156128,9.426019668579102,qmix,smacv2,protoss_5_vs_5,101,0.0
6864000,3431,2026-06-14T22:00:26.854025,3.50573992729187,1.857154130935669,0.7346938848495483,7.110969543457031,qmix,smacv2,protoss_5_vs_5,101,0.0
6866000,3432,2026-06-14T22:03:23.455194,3.7886478900909424,1.8761097192764282,1.3469388484954834,7.1683669090271,qmix,smacv2,protoss_5_vs_5,101,0.0
6868000,3433,2026-06-14T22:06:16.431698,3.986607074737549,2.1748228073120117,1.0,8.102041244506836,qmix,smacv2,protoss_5_vs_5,101,0.0
6870000,3434,2026-06-14T22:09:13.306619,2.862818956375122,1.5880085229873657,0.7448979616165161,6.561224460601807,qmix,smacv2,protoss_5_vs_5,101,0.0
6872000,3435,2026-06-14T22:12:13.496939,3.47436261177063,2.319727659225464,0.6734694242477417,10.30229663848877,qmix,smacv2,protoss_5_vs_5,101,0.0
6874000,3436,2026-06-14T22:15:11.553592,2.652806043624878,1.546301245689392,0.9872447848320007,5.9655609130859375,qmix,smacv2,protoss_5_vs_5,101,0.0
6876000,3437,2026-06-14T22:18:12.582651,3.0790812969207764,1.7352230548858643,1.3609695434570312,6.855867862701416,qmix,smacv2,protoss_5_vs_5,101,0.0
6878000,3438,2026-06-14T22:21:09.904203,4.311861991882324,1.8601847887039185,1.4693876504898071,6.727040767669678,qmix,smacv2,protoss_5_vs_5,101,0.0
6880000,3439,2026-06-14T22:24:12.928062,3.083418369293213,1.9379792213439941,0.9897958636283875,7.658164024353027,qmix,smacv2,protoss_5_vs_5,101,0.0
6882000,3440,2026-06-14T22:27:09.582472,2.8008291721343994,1.2256094217300415,1.165816307067871,5.599490165710449,qmix,smacv2,protoss_5_vs_5,101,0.0
6884000,3441,2026-06-14T22:30:09.615280,3.149808406829834,1.9170564413070679,0.6122448444366455,7.081631660461426,qmix,smacv2,protoss_5_vs_5,101,0.0
6886000,3442,2026-06-14T22:33:10.381798,2.8984694480895996,1.5328083038330078,0.75,6.6224493980407715,qmix,smacv2,protoss_5_vs_5,101,0.0
6888000,3443,2026-06-14T22:36:08.228856,3.4007010459899902,2.1119091510772705,0.9349490404129028,7.307397365570068,qmix,smacv2,protoss_5_vs_5,101,0.0
6890000,3444,2026-06-14T22:39:06.538881,3.694387912750244,1.793581247329712,0.9260204434394836,6.948979377746582,qmix,smacv2,protoss_5_vs_5,101,0.0
6892000,3445,2026-06-14T22:42:15.647221,3.354527711868286,1.8800302743911743,0.8163264989852905,6.843111991882324,qmix,smacv2,protoss_5_vs_5,101,0.0
6894000,3446,2026-06-14T22:45:10.884132,2.8500638008117676,1.4919955730438232,0.75,5.931122779846191,qmix,smacv2,protoss_5_vs_5,101,0.0
6896000,3447,2026-06-14T22:48:07.588679,3.162308692932129,1.406728744506836,0.964285671710968,6.306122779846191,qmix,smacv2,protoss_5_vs_5,101,0.0
6898000,3448,2026-06-14T22:51:09.102839,4.019196033477783,2.1273934841156006,1.8239796161651611,12.042092323303223,qmix,smacv2,protoss_5_vs_5,101,0.0
6900000,3449,2026-06-14T22:54:06.792301,3.8868625164031982,1.6661391258239746,1.540816307067871,6.998724460601807,qmix,smacv2,protoss_5_vs_5,101,0.0
6902000,3450,2026-06-14T22:57:10.382728,3.2898597717285156,1.7482986450195312,0.8545918464660645,7.797194004058838,qmix,smacv2,protoss_5_vs_5,101,0.0
6904000,3451,2026-06-14T23:00:07.517865,3.5360329151153564,1.7166882753372192,1.1071428060531616,6.627551078796387,qmix,smacv2,protoss_5_vs_5,101,0.0
6906000,3452,2026-06-14T23:03:03.708838,3.4246811866760254,1.7989845275878906,1.0,6.193877220153809,qmix,smacv2,protoss_5_vs_5,101,0.0
6908000,3453,2026-06-14T23:05:59.246771,3.2144134044647217,1.842739462852478,0.9719387292861938,6.750000953674316,qmix,smacv2,protoss_5_vs_5,101,0.0
6910000,3454,2026-06-14T23:08:53.157381,3.4830355644226074,1.73729407787323,1.1084184646606445,7.2066330909729,qmix,smacv2,protoss_5_vs_5,101,0.0
6912000,3455,2026-06-14T23:11:46.580040,3.5618622303009033,1.9479820728302002,1.4783164262771606,9.520408630371094,qmix,smacv2,protoss_5_vs_5,101,0.0
6914000,3456,2026-06-14T23:14:47.946428,3.196938991546631,2.4283766746520996,0.5306122303009033,10.84949016571045,qmix,smacv2,protoss_5_vs_5,101,0.0
6916000,3457,2026-06-14T23:17:40.141032,2.7834181785583496,1.718745231628418,0.8673469424247742,7.913266181945801,qmix,smacv2,protoss_5_vs_5,101,0.0
6918000,3458,2026-06-14T23:20:38.593236,3.0505104064941406,2.189659357070923,0.5816326141357422,8.07780647277832,qmix,smacv2,protoss_5_vs_5,101,0.0
6920000,3459,2026-06-14T23:23:36.702091,3.1795921325683594,2.1417908668518066,0.9795917272567749,8.349489212036133,qmix,smacv2,protoss_5_vs_5,101,0.0
6922000,3460,2026-06-14T23:26:39.766748,3.08609676361084,2.4130306243896484,0.30612245202064514,10.428570747375488,qmix,smacv2,protoss_5_vs_5,101,0.0
6924000,3461,2026-06-14T23:29:45.127097,2.7081634998321533,1.9244909286499023,0.16326530277729034,6.266582012176514,qmix,smacv2,protoss_5_vs_5,101,0.0
6926000,3462,2026-06-14T23:32:53.009600,3.248788356781006,1.7190176248550415,0.9145408868789673,6.6147966384887695,qmix,smacv2,protoss_5_vs_5,101,0.0
6928000,3463,2026-06-14T23:36:02.879528,3.197767734527588,1.9831212759017944,1.2551020383834839,8.6875,qmix,smacv2,protoss_5_vs_5,101,0.0
6930000,3464,2026-06-14T23:39:14.005236,2.6061222553253174,2.2714924812316895,0.26530611515045166,8.244897842407227,qmix,smacv2,protoss_5_vs_5,101,0.0
6932000,3465,2026-06-14T23:42:39.570350,3.4505105018615723,2.0688884258270264,0.8673469424247742,7.825254917144775,qmix,smacv2,protoss_5_vs_5,101,0.0
6934000,3466,2026-06-14T23:45:57.592974,2.620854616165161,1.6534359455108643,0.7244898080825806,6.8227033615112305,qmix,smacv2,protoss_5_vs_5,101,0.0
6936000,3467,2026-06-14T23:49:20.432767,2.345982074737549,1.5263047218322754,0.44897955656051636,5.30484676361084,qmix,smacv2,protoss_5_vs_5,101,0.0
6938000,3468,2026-06-14T23:52:54.948421,2.706632614135742,1.6034295558929443,0.9693878293037415,6.244897842407227,qmix,smacv2,protoss_5_vs_5,101,0.0
6940000,3469,2026-06-14T23:56:17.215339,2.834630012512207,1.2811318635940552,1.1670918464660645,6.571427822113037,qmix,smacv2,protoss_5_vs_5,101,0.0
6942000,3470,2026-06-14T23:59:40.899519,3.4366068840026855,2.295999526977539,1.0191326141357422,7.959183692932129,qmix,smacv2,protoss_5_vs_5,101,0.0
6944000,3471,2026-06-15T00:03:05.155630,3.4529337882995605,1.1826592683792114,1.336734652519226,5.397958755493164,qmix,smacv2,protoss_5_vs_5,101,0.0
6946000,3472,2026-06-15T00:06:26.336061,2.934757709503174,1.58363938331604,0.5714285373687744,6.826531410217285,qmix,smacv2,protoss_5_vs_5,101,0.0
6948000,3473,2026-06-15T00:09:57.880485,3.3396687507629395,1.8163013458251953,1.02933669090271,6.7729597091674805,qmix,smacv2,protoss_5_vs_5,101,0.0
6950000,3474,2026-06-15T00:13:13.958109,2.750382423400879,1.129977822303772,1.2512754201889038,4.818877220153809,qmix,smacv2,protoss_5_vs_5,101,0.0
6952000,3475,2026-06-15T00:16:29.824897,3.616581678390503,1.6720094680786133,0.979591965675354,7.224489688873291,qmix,smacv2,protoss_5_vs_5,101,0.0
6954000,3476,2026-06-15T00:19:46.140451,4.101977348327637,1.6211974620819092,1.6517856121063232,6.99234676361084,qmix,smacv2,protoss_5_vs_5,101,0.0
6956000,3477,2026-06-15T00:22:59.216861,4.050956726074219,1.796427607536316,1.7780612707138062,10.30484676361084,qmix,smacv2,protoss_5_vs_5,101,0.0
6958000,3478,2026-06-15T00:26:13.891359,3.684439182281494,2.5455386638641357,0.641581654548645,10.498724937438965,qmix,smacv2,protoss_5_vs_5,101,0.0
6960000,3479,2026-06-15T00:29:33.811920,2.5848212242126465,1.7612956762313843,0.7551020383834839,7.540816307067871,qmix,smacv2,protoss_5_vs_5,101,0.0
6962000,3480,2026-06-15T00:32:54.063507,2.4605867862701416,1.7999684810638428,0.7232142686843872,8.60714340209961,qmix,smacv2,protoss_5_vs_5,101,0.0
6964000,3481,2026-06-15T00:36:10.510085,2.548724412918091,1.292787790298462,0.9489795565605164,5.266582012176514,qmix,smacv2,protoss_5_vs_5,101,0.0
6966000,3482,2026-06-15T00:39:21.192165,4.197384834289551,1.8559433221817017,1.0522959232330322,7.774234771728516,qmix,smacv2,protoss_5_vs_5,101,0.0
6968000,3483,2026-06-15T00:42:41.260699,3.4526145458221436,2.7213566303253174,0.5510203838348389,12.030611991882324,qmix,smacv2,protoss_5_vs_5,101,0.0
6970000,3484,2026-06-15T00:46:01.516735,3.2473855018615723,1.8670743703842163,1.3571429252624512,8.192602157592773,qmix,smacv2,protoss_5_vs_5,101,0.0
6972000,3485,2026-06-15T00:49:09.227049,4.042474269866943,1.8034931421279907,1.112244963645935,8.088010787963867,qmix,smacv2,protoss_5_vs_5,101,0.0
6974000,3486,2026-06-15T00:52:14.468782,3.3099491596221924,1.7321200370788574,1.1428571939468384,6.947704315185547,qmix,smacv2,protoss_5_vs_5,101,0.0
6976000,3487,2026-06-15T00:55:18.852045,2.8647959232330322,1.7309229373931885,1.0829081535339355,8.422194480895996,qmix,smacv2,protoss_5_vs_5,101,0.0
6978000,3488,2026-06-15T00:58:27.110921,2.4052929878234863,1.0681074857711792,0.9795918464660645,5.485969543457031,qmix,smacv2,protoss_5_vs_5,101,0.0
6980000,3489,2026-06-15T01:01:34.861277,2.7804207801818848,1.6926007270812988,0.7551020383834839,7.010204315185547,qmix,smacv2,protoss_5_vs_5,101,0.0
6982000,3490,2026-06-15T01:04:43.955889,3.6264030933380127,2.1872963905334473,0.920918345451355,8.795918464660645,qmix,smacv2,protoss_5_vs_5,101,0.0
6984000,3491,2026-06-15T01:07:56.638096,3.659566879272461,2.312265634536743,0.9770408868789673,7.492347717285156,qmix,smacv2,protoss_5_vs_5,101,0.0
6986000,3492,2026-06-15T01:11:13.261723,3.512436628341675,2.02903413772583,0.5816326141357422,7.762754917144775,qmix,smacv2,protoss_5_vs_5,101,0.0
6988000,3493,2026-06-15T01:14:42.049097,3.655102252960205,2.0433788299560547,0.7244898080825806,8.336734771728516,qmix,smacv2,protoss_5_vs_5,101,0.0
6990000,3494,2026-06-15T01:18:02.003004,2.71677303314209,1.291656255722046,1.1734694242477417,6.13265323638916,qmix,smacv2,protoss_5_vs_5,101,0.0
6992000,3495,2026-06-15T01:21:32.674353,3.4739792346954346,1.9516127109527588,1.1875001192092896,7.308672904968262,qmix,smacv2,protoss_5_vs_5,101,0.0
6994000,3496,2026-06-15T01:24:48.001015,3.317793369293213,1.0950206518173218,1.7346937656402588,5.960458755493164,qmix,smacv2,protoss_5_vs_5,101,0.0
6996000,3497,2026-06-15T01:27:57.693991,3.367856979370117,1.583007574081421,1.383928656578064,6.991072177886963,qmix,smacv2,protoss_5_vs_5,101,0.0
6998000,3498,2026-06-15T01:31:11.980475,2.6057398319244385,1.914123296737671,0.7448979616165161,8.275510787963867,qmix,smacv2,protoss_5_vs_5,101,0.0
7000000,3499,2026-06-15T01:34:24.070309,3.529783248901367,1.2942289113998413,1.4362245798110962,5.591836452484131,qmix,smacv2,protoss_5_vs_5,101,0.0
7002000,3500,2026-06-15T01:37:32.392841,3.176530599594116,1.6215041875839233,1.0306122303009033,7.42602014541626,qmix,smacv2,protoss_5_vs_5,101,0.0
7004000,3501,2026-06-15T01:40:38.643067,3.2349486351013184,1.4004982709884644,1.0510203838348389,6.701530456542969,qmix,smacv2,protoss_5_vs_5,101,0.0
7006000,3502,2026-06-15T01:43:49.774839,2.4377551078796387,1.5000609159469604,0.5306122303009033,6.755102634429932,qmix,smacv2,protoss_5_vs_5,101,0.0
7008000,3503,2026-06-15T01:47:02.271127,3.3301022052764893,1.6124612092971802,1.2551021575927734,7.438775539398193,qmix,smacv2,protoss_5_vs_5,101,0.0
7010000,3504,2026-06-15T01:50:10.043797,3.233928680419922,1.5835715532302856,0.9375,6.598214626312256,qmix,smacv2,protoss_5_vs_5,101,0.0
7012000,3505,2026-06-15T01:53:13.646299,3.5786354541778564,1.5112727880477905,0.8596938848495483,6.280611991882324,qmix,smacv2,protoss_5_vs_5,101,0.0
7014000,3506,2026-06-15T01:56:17.290929,3.6408162117004395,1.828456997871399,1.7933673858642578,8.091836929321289,qmix,smacv2,protoss_5_vs_5,101,0.0
7016000,3507,2026-06-15T01:59:17.165647,2.827359676361084,1.2108482122421265,1.1326531171798706,5.264030456542969,qmix,smacv2,protoss_5_vs_5,101,0.0
7018000,3508,2026-06-15T02:02:21.268273,3.41007661819458,2.72887921333313,0.7602040767669678,12.774234771728516,qmix,smacv2,protoss_5_vs_5,101,0.0
7020000,3509,2026-06-15T02:05:21.044152,3.740752696990967,1.6877645254135132,1.479591727256775,7.510204315185547,qmix,smacv2,protoss_5_vs_5,101,0.0
7022000,3510,2026-06-15T02:08:23.097168,3.3585457801818848,1.8140004873275757,0.9681121706962585,7.7397966384887695,qmix,smacv2,protoss_5_vs_5,101,0.0
7024000,3511,2026-06-15T02:11:28.488547,3.0817601680755615,1.819991111755371,0.9285714030265808,9.508929252624512,qmix,smacv2,protoss_5_vs_5,101,0.0
7026000,3512,2026-06-15T02:14:41.524786,3.4678568840026855,1.3387953042984009,1.7487245798110962,5.806122779846191,qmix,smacv2,protoss_5_vs_5,101,0.0
7028000,3513,2026-06-15T02:17:53.671807,3.3911354541778564,1.46078622341156,1.8035714626312256,8.235969543457031,qmix,smacv2,protoss_5_vs_5,101,0.0
7030000,3514,2026-06-15T02:21:11.025530,2.6629462242126465,1.8747903108596802,0.6977040767669678,8.693877220153809,qmix,smacv2,protoss_5_vs_5,101,0.0
7032000,3515,2026-06-15T02:24:25.395455,3.3070151805877686,2.624192237854004,0.7448979616165161,11.335460662841797,qmix,smacv2,protoss_5_vs_5,101,0.0
7034000,3516,2026-06-15T02:27:38.714208,3.9781253337860107,2.2888100147247314,0.8979591131210327,8.616071701049805,qmix,smacv2,protoss_5_vs_5,101,0.0
7036000,3517,2026-06-15T02:30:59.515151,3.384821653366089,1.6759986877441406,0.9081632494926453,6.693877220153809,qmix,smacv2,protoss_5_vs_5,101,0.0
7038000,3518,2026-06-15T02:34:11.226800,3.22876238822937,1.522973895072937,1.1926020383834839,7.153061866760254,qmix,smacv2,protoss_5_vs_5,101,0.0
7040000,3519,2026-06-15T02:37:35.621757,3.4980227947235107,1.5891125202178955,0.6836735010147095,7.265305995941162,qmix,smacv2,protoss_5_vs_5,101,0.0
7042000,3520,2026-06-15T02:40:52.780408,3.3270411491394043,2.200617790222168,1.0306122303009033,8.316326141357422,qmix,smacv2,protoss_5_vs_5,101,0.0
7044000,3521,2026-06-15T02:44:22.762099,3.0153698921203613,1.3560117483139038,1.5522959232330322,6.4566330909729,qmix,smacv2,protoss_5_vs_5,101,0.0
7046000,3522,2026-06-15T02:47:53.636293,3.8240437507629395,2.1614186763763428,1.413265347480774,10.303571701049805,qmix,smacv2,protoss_5_vs_5,101,0.0
7048000,3523,2026-06-15T02:51:19.396856,2.9962375164031982,1.370876431465149,1.3061224222183228,6.6836748123168945,qmix,smacv2,protoss_5_vs_5,101,0.0
7050000,3524,2026-06-15T02:54:50.022685,3.5308032035827637,1.763800859451294,1.295918345451355,6.591836452484131,qmix,smacv2,protoss_5_vs_5,101,0.0
7052000,3525,2026-06-15T02:58:20.602565,3.257525682449341,1.6498162746429443,1.4260203838348389,8.970664024353027,qmix,smacv2,protoss_5_vs_5,101,0.0
7054000,3526,2026-06-15T03:01:49.771100,3.364795684814453,2.8080859184265137,0.8163264989852905,12.276785850524902,qmix,smacv2,protoss_5_vs_5,101,0.0
7056000,3527,2026-06-15T03:05:12.371014,2.495089292526245,0.9893138408660889,1.0204081535339355,4.1415815353393555,qmix,smacv2,protoss_5_vs_5,101,0.0
7058000,3528,2026-06-15T03:08:35.481653,3.3717474937438965,1.7229392528533936,1.4234693050384521,7.0433669090271,qmix,smacv2,protoss_5_vs_5,101,0.0
7060000,3529,2026-06-15T03:12:00.028179,2.674553632736206,1.7843414545059204,1.0880101919174194,6.960459232330322,qmix,smacv2,protoss_5_vs_5,101,0.0
7062000,3530,2026-06-15T03:15:24.049277,3.5197062492370605,1.7478621006011963,1.1428570747375488,7.007652282714844,qmix,smacv2,protoss_5_vs_5,101,0.0
7064000,3531,2026-06-15T03:18:39.516097,2.929847002029419,2.235177516937256,0.9897958636283875,8.889031410217285,qmix,smacv2,protoss_5_vs_5,101,0.0
7066000,3532,2026-06-15T03:22:00.523657,2.663839340209961,1.5007179975509644,0.7219387888908386,7.724490165710449,qmix,smacv2,protoss_5_vs_5,101,0.0
7068000,3533,2026-06-15T03:25:13.483764,2.253507614135742,1.3198459148406982,0.6772958636283875,4.854591369628906,qmix,smacv2,protoss_5_vs_5,101,0.0
7070000,3534,2026-06-15T03:28:25.870168,2.6197702884674072,1.4671533107757568,1.0446428060531616,6.119897842407227,qmix,smacv2,protoss_5_vs_5,101,0.0
7072000,3535,2026-06-15T03:31:34.639945,3.0473854541778564,1.6534794569015503,1.0663264989852905,6.8022966384887695,qmix,smacv2,protoss_5_vs_5,101,0.0
7074000,3536,2026-06-15T03:34:40.107157,2.8496811389923096,1.5217000246047974,0.6530612111091614,5.887755393981934,qmix,smacv2,protoss_5_vs_5,101,0.0
7076000,3537,2026-06-15T03:37:51.032439,3.0644772052764893,1.618661880493164,0.9987244606018066,5.806122779846191,qmix,smacv2,protoss_5_vs_5,101,0.0
7078000,3538,2026-06-15T03:41:00.694439,2.364413261413574,1.406950831413269,0.7512754797935486,5.346938610076904,qmix,smacv2,protoss_5_vs_5,101,0.0
7080000,3539,2026-06-15T03:44:18.789330,2.83188796043396,1.4680145978927612,0.8941326141357422,6.751275062561035,qmix,smacv2,protoss_5_vs_5,101,0.0
7082000,3540,2026-06-15T03:47:24.296842,3.174489736557007,1.4509880542755127,0.7346938848495483,6.710459232330322,qmix,smacv2,protoss_5_vs_5,101,0.0
7084000,3541,2026-06-15T03:50:30.590305,3.234375476837158,1.3205963373184204,1.4693877696990967,5.510204315185547,qmix,smacv2,protoss_5_vs_5,101,0.0
7086000,3542,2026-06-15T03:53:38.361714,3.891709089279175,2.249854326248169,1.1734693050384521,10.424745559692383,qmix,smacv2,protoss_5_vs_5,101,0.0
7088000,3543,2026-06-15T03:56:45.852185,3.098405361175537,2.2606425285339355,0.766581654548645,8.114795684814453,qmix,smacv2,protoss_5_vs_5,101,0.0
7090000,3544,2026-06-15T03:59:59.783769,3.438584566116333,1.6893242597579956,1.5573980808258057,7.424745082855225,qmix,smacv2,protoss_5_vs_5,101,0.0
7092000,3545,2026-06-15T04:03:18.856686,2.965816020965576,1.2008236646652222,0.8443878293037415,5.315051078796387,qmix,smacv2,protoss_5_vs_5,101,0.0
7094000,3546,2026-06-15T04:06:31.952862,3.224107265472412,1.4607490301132202,0.8877550959587097,6.438775539398193,qmix,smacv2,protoss_5_vs_5,101,0.0
7096000,3547,2026-06-15T04:09:42.352672,2.8480865955352783,1.5967673063278198,1.637755036354065,8.33035659790039,qmix,smacv2,protoss_5_vs_5,101,0.0
7098000,3548,2026-06-15T04:12:56.689374,2.6633291244506836,1.117942214012146,1.2882652282714844,4.581632614135742,qmix,smacv2,protoss_5_vs_5,101,0.0
7100000,3549,2026-06-15T04:16:08.416654,2.783864736557007,1.6630104780197144,0.7346938848495483,6.154336452484131,qmix,smacv2,protoss_5_vs_5,101,0.0
7102000,3550,2026-06-15T04:19:17.596239,3.656569004058838,2.177175760269165,1.3979591131210327,10.253827095031738,qmix,smacv2,protoss_5_vs_5,101,0.0
7104000,3551,2026-06-15T04:22:36.753720,2.8812499046325684,1.5203667879104614,0.8545917272567749,6.775510311126709,qmix,smacv2,protoss_5_vs_5,101,0.0
7106000,3552,2026-06-15T04:25:47.644666,2.833800792694092,1.6247179508209229,0.7755101919174194,6.386479377746582,qmix,smacv2,protoss_5_vs_5,101,0.0
7108000,3553,2026-06-15T04:28:57.168103,3.310969591140747,2.2876780033111572,0.3163265287876129,8.728315353393555,qmix,smacv2,protoss_5_vs_5,101,0.0
7110000,3554,2026-06-15T04:32:04.365235,2.7529337406158447,2.773599147796631,0.13265305757522583,12.755102157592773,qmix,smacv2,protoss_5_vs_5,101,0.0
7112000,3555,2026-06-15T04:35:14.576297,3.700446605682373,1.959288239479065,0.8673469424247742,9.029337882995605,qmix,smacv2,protoss_5_vs_5,101,0.0
7114000,3556,2026-06-15T04:38:27.460828,2.3225765228271484,1.982204794883728,0.3163265287876129,8.315051078796387,qmix,smacv2,protoss_5_vs_5,101,0.0
7116000,3557,2026-06-15T04:42:01.524832,2.9114158153533936,1.6489073038101196,0.44897955656051636,7.5790815353393555,qmix,smacv2,protoss_5_vs_5,101,0.0
7118000,3558,2026-06-15T04:45:13.493317,1.9357141256332397,1.3329203128814697,0.7040815949440002,6.5102033615112305,qmix,smacv2,protoss_5_vs_5,101,0.0
7120000,3559,2026-06-15T04:48:22.223416,3.36938738822937,2.4323537349700928,1.3022959232330322,12.126275062561035,qmix,smacv2,protoss_5_vs_5,101,0.0
7122000,3560,2026-06-15T04:51:35.802522,2.9156248569488525,1.4909206628799438,1.1084184646606445,6.625,qmix,smacv2,protoss_5_vs_5,101,0.0
7124000,3561,2026-06-15T04:54:51.372037,2.8100767135620117,1.2255122661590576,0.9068878293037415,5.182397842407227,qmix,smacv2,protoss_5_vs_5,101,0.0
7126000,3562,2026-06-15T04:58:04.919713,3.7197062969207764,2.1831109523773193,0.7448979616165161,8.3367338180542,qmix,smacv2,protoss_5_vs_5,101,0.0
7128000,3563,2026-06-15T05:01:25.558655,2.5464284420013428,1.3185786008834839,0.4795917868614197,5.702805995941162,qmix,smacv2,protoss_5_vs_5,101,0.0
7130000,3564,2026-06-15T05:04:53.535234,2.562053680419922,1.7044678926467896,0.632652997970581,7.834184169769287,qmix,smacv2,protoss_5_vs_5,101,0.0
7132000,3565,2026-06-15T05:08:17.452011,3.104017972946167,1.509175419807434,1.4655611515045166,7.0816330909729,qmix,smacv2,protoss_5_vs_5,101,0.0
7134000,3566,2026-06-15T05:11:37.436990,2.889094352722168,1.9669902324676514,0.7653061151504517,7.826530456542969,qmix,smacv2,protoss_5_vs_5,101,0.0
7136000,3567,2026-06-15T05:15:02.366411,2.7891581058502197,1.18584144115448,1.3252551555633545,5.44132661819458,qmix,smacv2,protoss_5_vs_5,101,0.0
7138000,3568,2026-06-15T05:18:16.172400,2.546875,1.4280357360839844,0.9897960424423218,6.588009834289551,qmix,smacv2,protoss_5_vs_5,101,0.0
7140000,3569,2026-06-15T05:21:34.925691,3.2234694957733154,2.238481044769287,0.7806122303009033,8.459182739257812,qmix,smacv2,protoss_5_vs_5,101,0.0
7142000,3570,2026-06-15T05:24:51.233304,2.8424744606018066,1.7102981805801392,0.5816326141357422,6.568878173828125,qmix,smacv2,protoss_5_vs_5,101,0.0
7144000,3571,2026-06-15T05:28:06.509094,2.492091655731201,1.381338119506836,1.0,6.165816307067871,qmix,smacv2,protoss_5_vs_5,101,0.0
7146000,3572,2026-06-15T05:31:23.785439,3.861288547515869,2.0585780143737793,0.9285714030265808,7.6594390869140625,qmix,smacv2,protoss_5_vs_5,101,0.0
7148000,3573,2026-06-15T05:34:36.995985,2.8081631660461426,1.7683385610580444,1.2551020383834839,8.040816307067871,qmix,smacv2,protoss_5_vs_5,101,0.0
7150000,3574,2026-06-15T05:37:51.364483,2.6884565353393555,2.040950298309326,0.9489795565605164,9.051021575927734,qmix,smacv2,protoss_5_vs_5,101,0.0
7152000,3575,2026-06-15T05:41:10.150711,3.4757015705108643,1.9887975454330444,0.6313775777816772,7.515305995941162,qmix,smacv2,protoss_5_vs_5,101,0.0
7154000,3576,2026-06-15T05:44:11.269160,4.4408159255981445,1.9701099395751953,1.97066330909729,9.450255393981934,qmix,smacv2,protoss_5_vs_5,101,0.0
7156000,3577,2026-06-15T05:47:13.345708,2.895599365234375,1.4462717771530151,0.7908163070678711,5.700255393981934,qmix,smacv2,protoss_5_vs_5,101,0.0
7158000,3578,2026-06-15T05:50:19.453674,3.1685588359832764,1.3779921531677246,1.3086735010147095,5.557397842407227,qmix,smacv2,protoss_5_vs_5,101,0.0
7160000,3579,2026-06-15T05:53:29.022856,3.554974317550659,3.289792776107788,1.103316307067871,14.591837882995605,qmix,smacv2,protoss_5_vs_5,101,0.05000000074505806
7162000,3580,2026-06-15T05:56:44.951700,3.213839292526245,1.3838292360305786,1.1785714626312256,5.522959232330322,qmix,smacv2,protoss_5_vs_5,101,0.0
7164000,3581,2026-06-15T06:00:01.380687,2.753444194793701,1.1260064840316772,1.1632652282714844,4.956632614135742,qmix,smacv2,protoss_5_vs_5,101,0.0
7166000,3582,2026-06-15T06:03:25.974748,3.3734054565429688,1.9213389158248901,1.3966838121414185,8.932397842407227,qmix,smacv2,protoss_5_vs_5,101,0.0
7168000,3583,2026-06-15T06:06:40.824162,2.682908058166504,1.0862934589385986,0.7448979616165161,5.043367385864258,qmix,smacv2,protoss_5_vs_5,101,0.0
7170000,3584,2026-06-15T06:10:00.850380,3.638775587081909,1.8293404579162598,1.5408161878585815,7.461733818054199,qmix,smacv2,protoss_5_vs_5,101,0.0
7172000,3585,2026-06-15T06:13:25.404485,3.4114794731140137,1.72028386592865,0.9183672666549683,6.775510311126709,qmix,smacv2,protoss_5_vs_5,101,0.0
7174000,3586,2026-06-15T06:16:44.223014,2.7338647842407227,1.3173636198043823,1.0102040767669678,6.826530456542969,qmix,smacv2,protoss_5_vs_5,101,0.0
7176000,3587,2026-06-15T06:19:57.978970,3.0573978424072266,1.6979352235794067,0.793367326259613,7.135204315185547,qmix,smacv2,protoss_5_vs_5,101,0.0
7178000,3588,2026-06-15T06:23:14.795462,3.8485336303710938,1.5069950819015503,1.8775513172149658,7.1479597091674805,qmix,smacv2,protoss_5_vs_5,101,0.0
7180000,3589,2026-06-15T06:26:29.942382,3.528188705444336,1.179944396018982,1.3698979616165161,5.904336929321289,qmix,smacv2,protoss_5_vs_5,101,0.0
7182000,3590,2026-06-15T06:29:48.828673,2.9509568214416504,1.839623212814331,0.8176020383834839,7.38647985458374,qmix,smacv2,protoss_5_vs_5,101,0.0
7184000,3591,2026-06-15T06:33:12.349814,2.6276144981384277,1.1942040920257568,0.795918345451355,5.364795207977295,qmix,smacv2,protoss_5_vs_5,101,0.0
7186000,3592,2026-06-15T06:36:26.482749,2.7822065353393555,1.647538661956787,0.36734694242477417,6.9183669090271,qmix,smacv2,protoss_5_vs_5,101,0.0
7188000,3593,2026-06-15T06:39:42.316102,3.393303394317627,1.8945456743240356,1.0612244606018066,7.478316307067871,qmix,smacv2,protoss_5_vs_5,101,0.0
7190000,3594,2026-06-15T06:43:01.188781,3.299999952316284,1.6074186563491821,1.4859694242477417,7.389030456542969,qmix,smacv2,protoss_5_vs_5,101,0.0
7192000,3595,2026-06-15T06:46:18.567387,2.850127696990967,1.6938148736953735,0.9757653474807739,6.429846286773682,qmix,smacv2,protoss_5_vs_5,101,0.0
7194000,3596,2026-06-15T06:49:34.068933,2.7653698921203613,1.9020901918411255,0.8469387888908386,9.040816307067871,qmix,smacv2,protoss_5_vs_5,101,0.0
7196000,3597,2026-06-15T06:52:47.905143,2.7056760787963867,1.6605547666549683,0.6428571343421936,6.775510311126709,qmix,smacv2,protoss_5_vs_5,101,0.0
7198000,3598,2026-06-15T06:56:03.822876,3.6572704315185547,2.0869879722595215,0.26530611515045166,8.5625,qmix,smacv2,protoss_5_vs_5,101,0.0
7200000,3599,2026-06-15T06:59:14.070836,3.43182373046875,1.6471600532531738,1.5650509595870972,7.36734676361084,qmix,smacv2,protoss_5_vs_5,101,0.0
7202000,3600,2026-06-15T07:02:22.952438,3.479081392288208,1.7273662090301514,0.8443878293037415,7.485968589782715,qmix,smacv2,protoss_5_vs_5,101,0.0
7204000,3601,2026-06-15T07:05:37.382827,3.4792733192443848,1.637439250946045,1.3979593515396118,7.076531410217285,qmix,smacv2,protoss_5_vs_5,101,0.0
7206000,3602,2026-06-15T07:08:45.759214,3.751721143722534,1.5834693908691406,0.8494898080825806,6.927295684814453,qmix,smacv2,protoss_5_vs_5,101,0.0
7208000,3603,2026-06-15T07:11:53.951067,3.8044002056121826,2.1061904430389404,1.6020408868789673,8.872447967529297,qmix,smacv2,protoss_5_vs_5,101,0.0
7210000,3604,2026-06-15T07:15:05.414663,3.0100128650665283,1.4859939813613892,0.9005101919174194,6.838011264801025,qmix,smacv2,protoss_5_vs_5,101,0.0
7212000,3605,2026-06-15T07:18:12.184076,3.5360329151153564,1.4531800746917725,1.7002551555633545,6.8354597091674805,qmix,smacv2,protoss_5_vs_5,101,0.0
7214000,3606,2026-06-15T07:21:29.178576,2.852104663848877,1.2935739755630493,1.0612245798110962,6.040816307067871,qmix,smacv2,protoss_5_vs_5,101,0.0
7216000,3607,2026-06-15T07:24:39.898372,3.8148598670959473,1.8316154479980469,1.4897959232330322,8.396682739257812,qmix,smacv2,protoss_5_vs_5,101,0.0
7218000,3608,2026-06-15T07:27:54.654483,4.329018592834473,2.108137607574463,1.979591727256775,10.820152282714844,qmix,smacv2,protoss_5_vs_5,101,0.0
7220000,3609,2026-06-15T07:31:16.665314,2.2689414024353027,1.0476136207580566,0.5510203838348389,3.9387755393981934,qmix,smacv2,protoss_5_vs_5,101,0.0
7222000,3610,2026-06-15T07:34:38.979122,3.0627551078796387,1.6385931968688965,1.0816326141357422,6.996173858642578,qmix,smacv2,protoss_5_vs_5,101,0.0
7224000,3611,2026-06-15T07:38:00.007298,2.4822068214416504,1.1992998123168945,1.0471938848495483,5.959183692932129,qmix,smacv2,protoss_5_vs_5,101,0.0
7226000,3612,2026-06-15T07:41:30.926053,2.5629465579986572,1.0374231338500977,0.9081632494926453,4.352040767669678,qmix,smacv2,protoss_5_vs_5,101,0.0
7228000,3613,2026-06-15T07:44:58.612450,3.7375636100769043,2.108851671218872,1.2219387292861938,8.553571701049805,qmix,smacv2,protoss_5_vs_5,101,0.0
7230000,3614,2026-06-15T07:48:32.420785,4.0413899421691895,1.7080157995224,1.3188774585723877,6.653061866760254,qmix,smacv2,protoss_5_vs_5,101,0.0
7232000,3615,2026-06-15T07:51:57.644577,3.2993621826171875,1.5939526557922363,1.0612244606018066,6.845663547515869,qmix,smacv2,protoss_5_vs_5,101,0.0
7234000,3616,2026-06-15T07:55:23.590604,2.6053571701049805,1.4088753461837769,0.9706632494926453,7.716836452484131,qmix,smacv2,protoss_5_vs_5,101,0.0
7236000,3617,2026-06-15T07:58:48.417394,2.6977038383483887,1.8624809980392456,0.7448979616165161,7.746172904968262,qmix,smacv2,protoss_5_vs_5,101,0.0
7238000,3618,2026-06-15T08:02:03.357859,2.5505101680755615,1.3942593336105347,0.6428571343421936,5.5089287757873535,qmix,smacv2,protoss_5_vs_5,101,0.0
7240000,3619,2026-06-15T08:05:27.317735,3.4589924812316895,2.145965099334717,1.040816307067871,7.878827095031738,qmix,smacv2,protoss_5_vs_5,101,0.0
7242000,3620,2026-06-15T08:08:42.246530,2.656951427459717,1.0369559526443481,1.0816326141357422,5.052295684814453,qmix,smacv2,protoss_5_vs_5,101,0.0
7244000,3621,2026-06-15T08:12:00.138513,3.8561863899230957,1.7152165174484253,2.073979616165161,9.561223983764648,qmix,smacv2,protoss_5_vs_5,101,0.0
7246000,3622,2026-06-15T08:15:12.642184,3.6594386100769043,1.3959088325500488,1.4387755393981934,6.618622779846191,qmix,smacv2,protoss_5_vs_5,101,0.0
7248000,3623,2026-06-15T08:18:25.236579,2.5648598670959473,1.217787742614746,1.0510203838348389,6.193877696990967,qmix,smacv2,protoss_5_vs_5,101,0.0
7250000,3624,2026-06-15T08:21:32.637481,1.8629462718963623,0.6910785436630249,0.9298469424247742,3.6530613899230957,qmix,smacv2,protoss_5_vs_5,101,0.0
7252000,3625,2026-06-15T08:24:33.288464,2.5150508880615234,1.0513296127319336,0.8265305757522583,5.23469352722168,qmix,smacv2,protoss_5_vs_5,101,0.0
7254000,3626,2026-06-15T08:27:40.566640,3.1561224460601807,1.2073386907577515,1.3647959232330322,5.892857074737549,qmix,smacv2,protoss_5_vs_5,101,0.0
7256000,3627,2026-06-15T08:30:43.327661,3.565114974975586,1.6544711589813232,1.3469387292861938,7.059950351715088,qmix,smacv2,protoss_5_vs_5,101,0.0
7258000,3628,2026-06-15T08:33:47.507804,3.6465561389923096,1.5198146104812622,1.1849489212036133,6.702805995941162,qmix,smacv2,protoss_5_vs_5,101,0.0
7260000,3629,2026-06-15T08:36:49.940060,4.1152424812316895,1.7110507488250732,1.8265306949615479,7.396683692932129,qmix,smacv2,protoss_5_vs_5,101,0.0
7262000,3630,2026-06-15T08:39:50.303343,2.6352038383483887,0.9995453357696533,0.9451530575752258,4.266582012176514,qmix,smacv2,protoss_5_vs_5,101,0.0
7264000,3631,2026-06-15T08:42:51.099060,2.9684946537017822,1.7722262144088745,1.0051020383834839,7.086733818054199,qmix,smacv2,protoss_5_vs_5,101,0.0
7266000,3632,2026-06-15T08:45:50.354435,2.162818670272827,1.842385172843933,0.6326531171798706,9.021683692932129,qmix,smacv2,protoss_5_vs_5,101,0.0
7268000,3633,2026-06-15T08:48:53.542734,2.7715563774108887,1.0800141096115112,1.204081654548645,4.631377696990967,qmix,smacv2,protoss_5_vs_5,101,0.0
7270000,3634,2026-06-15T08:51:54.451632,2.0603318214416504,1.3795627355575562,0.18367347121238708,5.346938610076904,qmix,smacv2,protoss_5_vs_5,101,0.0
7272000,3635,2026-06-15T08:55:09.705153,3.758354663848877,2.725137948989868,0.9285715222358704,12.298469543457031,qmix,smacv2,protoss_5_vs_5,101,0.0
7274000,3636,2026-06-15T08:58:15.963387,3.782015323638916,3.0806195735931396,0.5,14.387754440307617,qmix,smacv2,protoss_5_vs_5,101,0.05000000074505806
7276000,3637,2026-06-15T09:01:21.702131,3.732015609741211,1.5731878280639648,1.78316330909729,7.285714149475098,qmix,smacv2,protoss_5_vs_5,101,0.0
7278000,3638,2026-06-15T09:04:22.225937,2.9772956371307373,1.2829270362854004,1.4464285373687744,6.914540767669678,qmix,smacv2,protoss_5_vs_5,101,0.0
7280000,3639,2026-06-15T09:07:23.300901,3.1457910537719727,2.060884475708008,0.8979591131210327,9.877551078796387,qmix,smacv2,protoss_5_vs_5,101,0.0
7282000,3640,2026-06-15T09:10:23.577962,2.544132709503174,1.3412336111068726,0.8469389081001282,5.3469390869140625,qmix,smacv2,protoss_5_vs_5,101,0.0
7284000,3641,2026-06-15T09:13:25.471693,3.3366706371307373,1.4135195016860962,1.2653061151504517,6.140305995941162,qmix,smacv2,protoss_5_vs_5,101,0.0
7286000,3642,2026-06-15T09:16:18.179197,3.3512115478515625,0.9610215425491333,1.8711735010147095,5.326530933380127,qmix,smacv2,protoss_5_vs_5,101,0.0
7288000,3643,2026-06-15T09:19:11.192577,2.290816307067871,1.4808191061019897,0.6428571343421936,5.961735248565674,qmix,smacv2,protoss_5_vs_5,101,0.0
7290000,3644,2026-06-15T09:22:17.615205,3.289222002029419,2.2483792304992676,0.875,9.35714340209961,qmix,smacv2,protoss_5_vs_5,101,0.0
7292000,3645,2026-06-15T09:25:16.949998,2.8062496185302734,1.5397260189056396,0.5803571939468384,6.098214149475098,qmix,smacv2,protoss_5_vs_5,101,0.0
7294000,3646,2026-06-15T09:28:12.135697,2.6348214149475098,2.109807252883911,0.5306122303009033,8.695152282714844,qmix,smacv2,protoss_5_vs_5,101,0.0
7296000,3647,2026-06-15T09:31:10.411736,2.7816965579986572,1.5764654874801636,1.0535714626312256,5.498724937438965,qmix,smacv2,protoss_5_vs_5,101,0.0
7298000,3648,2026-06-15T09:34:04.514824,2.128061532974243,0.8982588052749634,0.8941326141357422,4.188775539398193,qmix,smacv2,protoss_5_vs_5,101,0.0
7300000,3649,2026-06-15T09:36:59.819774,2.6923465728759766,1.1125853061676025,1.5714285373687744,5.267856597900391,qmix,smacv2,protoss_5_vs_5,101,0.0
7302000,3650,2026-06-15T09:40:00.833179,2.8695151805877686,1.1548290252685547,1.0510203838348389,5.002551078796387,qmix,smacv2,protoss_5_vs_5,101,0.0
7304000,3651,2026-06-15T09:43:06.418061,3.061288356781006,1.4164347648620605,1.6096938848495483,7.1441330909729,qmix,smacv2,protoss_5_vs_5,101,0.0
7306000,3652,2026-06-15T09:46:12.771400,2.7692599296569824,1.5469980239868164,0.8061224222183228,5.7920918464660645,qmix,smacv2,protoss_5_vs_5,101,0.0
7308000,3653,2026-06-15T09:49:24.660320,2.447448968887329,1.1126258373260498,0.8367346525192261,4.724490165710449,qmix,smacv2,protoss_5_vs_5,101,0.0
7310000,3654,2026-06-15T09:52:36.580038,3.4887115955352783,1.3000264167785645,1.8380101919174194,7.010204315185547,qmix,smacv2,protoss_5_vs_5,101,0.0
7312000,3655,2026-06-15T09:55:52.093779,3.003762722015381,1.7357409000396729,1.0727039575576782,7.272959232330322,qmix,smacv2,protoss_5_vs_5,101,0.0
7314000,3656,2026-06-15T09:59:06.959333,2.683354616165161,0.9274415373802185,1.2551019191741943,4.609694004058838,qmix,smacv2,protoss_5_vs_5,101,0.0
7316000,3657,2026-06-15T10:02:18.007785,2.977168560028076,2.146466016769409,0.295918345451355,8.207908630371094,qmix,smacv2,protoss_5_vs_5,101,0.0
7318000,3658,2026-06-15T10:05:25.895757,2.272002696990967,1.0752049684524536,0.7346938848495483,4.647959232330322,qmix,smacv2,protoss_5_vs_5,101,0.0
7320000,3659,2026-06-15T10:08:49.052518,2.3595025539398193,1.5232648849487305,0.4795917868614197,6.000000476837158,qmix,smacv2,protoss_5_vs_5,101,0.0
7322000,3660,2026-06-15T10:12:06.285154,2.2924742698669434,2.2089779376983643,0.3163265287876129,10.625,qmix,smacv2,protoss_5_vs_5,101,0.0
7324000,3661,2026-06-15T10:15:28.001072,2.791581392288208,1.851884365081787,0.18367347121238708,6.985968589782715,qmix,smacv2,protoss_5_vs_5,101,0.0
7326000,3662,2026-06-15T10:19:03.692607,2.9030609130859375,1.4201816320419312,1.0892858505249023,7.048469543457031,qmix,smacv2,protoss_5_vs_5,101,0.0
7328000,3663,2026-06-15T10:22:29.954399,2.3344385623931885,1.2487175464630127,0.45918363332748413,4.286990165710449,qmix,smacv2,protoss_5_vs_5,101,0.0
7330000,3664,2026-06-15T10:25:56.987401,2.8385844230651855,2.2937138080596924,0.6122449040412903,9.410714149475098,qmix,smacv2,protoss_5_vs_5,101,0.0
7332000,3665,2026-06-15T10:29:34.596976,2.566262722015381,1.5783168077468872,0.6760204434394836,6.567602634429932,qmix,smacv2,protoss_5_vs_5,101,0.0
7334000,3666,2026-06-15T10:32:58.473493,2.1755104064941406,1.3818081617355347,0.4426020681858063,5.281888008117676,qmix,smacv2,protoss_5_vs_5,101,0.0
7336000,3667,2026-06-15T10:36:20.054390,3.262946605682373,1.6440064907073975,1.584183692932129,8.27550983428955,qmix,smacv2,protoss_5_vs_5,101,0.0
7338000,3668,2026-06-15T10:39:40.440718,3.069005250930786,2.0591838359832764,1.09183669090271,7.0816330909729,qmix,smacv2,protoss_5_vs_5,101,0.0
7340000,3669,2026-06-15T10:42:57.054398,2.1683037281036377,1.3428910970687866,0.7869897484779358,4.809948921203613,qmix,smacv2,protoss_5_vs_5,101,0.0
7342000,3670,2026-06-15T10:46:10.427141,3.042346954345703,1.7096928358078003,1.1301020383834839,8.190051078796387,qmix,smacv2,protoss_5_vs_5,101,0.0
7344000,3671,2026-06-15T10:49:28.619542,3.54081654548645,1.8361915349960327,1.295918345451355,7.336734771728516,qmix,smacv2,protoss_5_vs_5,101,0.0
7346000,3672,2026-06-15T10:52:44.091098,3.3699615001678467,1.683107852935791,0.9897958636283875,6.244897842407227,qmix,smacv2,protoss_5_vs_5,101,0.0
7348000,3673,2026-06-15T10:56:03.191783,3.860203981399536,2.7127699851989746,1.428571343421936,9.636479377746582,qmix,smacv2,protoss_5_vs_5,101,0.0
7350000,3674,2026-06-15T10:59:19.814525,3.2228312492370605,2.0369651317596436,1.09183669090271,8.232142448425293,qmix,smacv2,protoss_5_vs_5,101,0.0
7352000,3675,2026-06-15T11:02:33.738570,2.951530694961548,1.4700279235839844,0.4897959232330322,5.649234771728516,qmix,smacv2,protoss_5_vs_5,101,0.0
7354000,3676,2026-06-15T11:05:45.120466,3.2798469066619873,2.1778435707092285,0.8622449040412903,10.625,qmix,smacv2,protoss_5_vs_5,101,0.0
7356000,3677,2026-06-15T11:08:59.031914,2.571619987487793,1.3734045028686523,0.8979591131210327,7.052295684814453,qmix,smacv2,protoss_5_vs_5,101,0.0
7358000,3678,2026-06-15T11:12:15.839558,2.858928680419922,1.6287518739700317,0.7984693646430969,6.362244606018066,qmix,smacv2,protoss_5_vs_5,101,0.0
7360000,3679,2026-06-15T11:15:34.219838,2.576530694961548,1.3521325588226318,0.9579081535339355,5.093111991882324,qmix,smacv2,protoss_5_vs_5,101,0.0
7362000,3680,2026-06-15T11:18:47.809454,3.254910707473755,2.061999559402466,0.6836735010147095,8.785714149475098,qmix,smacv2,protoss_5_vs_5,101,0.0
7364000,3681,2026-06-15T11:21:55.169734,3.9582271575927734,1.9033578634262085,1.0204081535339355,6.959183692932129,qmix,smacv2,protoss_5_vs_5,101,0.0
7366000,3682,2026-06-15T11:25:05.601728,3.5165176391601562,2.6204257011413574,1.1836735010147095,8.936223983764648,qmix,smacv2,protoss_5_vs_5,101,0.0
7368000,3683,2026-06-15T11:28:16.850766,3.6588008403778076,1.906722068786621,1.5089285373687744,8.355867385864258,qmix,smacv2,protoss_5_vs_5,101,0.0
7370000,3684,2026-06-15T11:31:25.682988,3.174936294555664,1.858370304107666,0.8979591131210327,6.887755393981934,qmix,smacv2,protoss_5_vs_5,101,0.0
7372000,3685,2026-06-15T11:34:39.930381,2.9418365955352783,1.2100507020950317,1.336734652519226,6.460459232330322,qmix,smacv2,protoss_5_vs_5,101,0.0
7374000,3686,2026-06-15T11:37:53.779812,2.9136481285095215,1.755979299545288,1.3278061151504517,7.455357551574707,qmix,smacv2,protoss_5_vs_5,101,0.0
7376000,3687,2026-06-15T11:41:22.503430,2.8144772052764893,1.3661729097366333,0.8775509595870972,5.591836929321289,qmix,smacv2,protoss_5_vs_5,101,0.0
7378000,3688,2026-06-15T11:44:27.201717,3.199681043624878,1.578418254852295,1.132652997970581,6.479592323303223,qmix,smacv2,protoss_5_vs_5,101,0.0
7380000,3689,2026-06-15T11:47:35.465287,2.3763391971588135,1.0919338464736938,0.9795917272567749,5.121173858642578,qmix,smacv2,protoss_5_vs_5,101,0.0
7382000,3690,2026-06-15T11:50:46.970858,2.153890609741211,1.6029458045959473,0.44897955656051636,6.547194004058838,qmix,smacv2,protoss_5_vs_5,101,0.0
7384000,3691,2026-06-15T11:54:09.839422,3.549043655395508,1.5434060096740723,1.5318876504898071,6.755102634429932,qmix,smacv2,protoss_5_vs_5,101,0.0
7386000,3692,2026-06-15T11:57:30.956684,2.4042727947235107,1.1846030950546265,0.6339285373687744,4.755102157592773,qmix,smacv2,protoss_5_vs_5,101,0.0
7388000,3693,2026-06-15T12:01:06.339210,2.952359676361084,1.3063502311706543,1.1045918464660645,5.760204315185547,qmix,smacv2,protoss_5_vs_5,101,0.0
7390000,3694,2026-06-15T12:04:28.205946,3.091517925262451,1.5833615064620972,1.1122448444366455,6.387754917144775,qmix,smacv2,protoss_5_vs_5,101,0.0
7392000,3695,2026-06-15T12:07:44.941941,3.825765609741211,1.511379361152649,1.612244963645935,6.963010311126709,qmix,smacv2,protoss_5_vs_5,101,0.0
7394000,3696,2026-06-15T12:11:00.872217,3.3665175437927246,1.4997656345367432,1.0012755393981934,6.255102157592773,qmix,smacv2,protoss_5_vs_5,101,0.0
7396000,3697,2026-06-15T12:14:23.444402,2.617729663848877,1.2417187690734863,0.8775509595870972,5.214285850524902,qmix,smacv2,protoss_5_vs_5,101,0.0
7398000,3698,2026-06-15T12:17:46.801468,2.6427934169769287,1.406259536743164,0.9579081535339355,6.510204315185547,qmix,smacv2,protoss_5_vs_5,101,0.0
7400000,3699,2026-06-15T12:21:07.115160,3.214094638824463,1.868932843208313,0.5816326141357422,6.551020622253418,qmix,smacv2,protoss_5_vs_5,101,0.0
7402000,3700,2026-06-15T12:24:22.276255,2.927997589111328,1.5392940044403076,1.2155611515045166,8.04719352722168,qmix,smacv2,protoss_5_vs_5,101,0.0
7404000,3701,2026-06-15T12:27:38.215933,2.699744939804077,1.6726394891738892,0.7742346525192261,6.854591369628906,qmix,smacv2,protoss_5_vs_5,101,0.0
7406000,3702,2026-06-15T12:30:51.224906,2.87493634223938,1.600239872932434,1.2448978424072266,6.530611991882324,qmix,smacv2,protoss_5_vs_5,101,0.0
7408000,3703,2026-06-15T12:34:02.846943,3.597193956375122,1.8289366960525513,1.3698978424072266,7.628827095031738,qmix,smacv2,protoss_5_vs_5,101,0.0
7410000,3704,2026-06-15T12:37:10.589585,2.3684308528900146,0.8211227655410767,0.9936224818229675,4.5459184646606445,qmix,smacv2,protoss_5_vs_5,101,0.0
7412000,3705,2026-06-15T12:40:19.814564,4.756824493408203,2.3453474044799805,1.4477040767669678,11.141581535339355,qmix,smacv2,protoss_5_vs_5,101,0.0
7414000,3706,2026-06-15T12:43:28.178767,3.653125286102295,1.997871994972229,1.3163264989852905,7.878827095031738,qmix,smacv2,protoss_5_vs_5,101,0.0
7416000,3707,2026-06-15T12:46:35.574848,3.1666452884674072,1.9573686122894287,0.8558672666549683,8.479591369628906,qmix,smacv2,protoss_5_vs_5,101,0.0
7418000,3708,2026-06-15T12:49:43.675516,4.217155933380127,1.9759773015975952,0.608418345451355,8.084183692932129,qmix,smacv2,protoss_5_vs_5,101,0.0
7420000,3709,2026-06-15T12:52:54.991489,2.957653045654297,1.658042073249817,0.3163265287876129,5.989795684814453,qmix,smacv2,protoss_5_vs_5,101,0.0
7422000,3710,2026-06-15T12:56:13.104670,3.5832905769348145,2.1285829544067383,0.9489795565605164,7.947704315185547,qmix,smacv2,protoss_5_vs_5,101,0.0
7424000,3711,2026-06-15T12:59:23.742873,4.253634929656982,2.3582000732421875,1.2219388484954834,10.859694480895996,qmix,smacv2,protoss_5_vs_5,101,0.0
7426000,3712,2026-06-15T13:02:34.330291,3.043494939804077,1.5791866779327393,0.8596938848495483,6.908164024353027,qmix,smacv2,protoss_5_vs_5,101,0.0
7428000,3713,2026-06-15T13:05:46.667486,2.67799711227417,1.254738688468933,0.8635204434394836,5.6530609130859375,qmix,smacv2,protoss_5_vs_5,101,0.0
7430000,3714,2026-06-15T13:09:02.102599,3.303762912750244,2.4993228912353516,0.6747449040412903,9.593111991882324,qmix,smacv2,protoss_5_vs_5,101,0.0
7432000,3715,2026-06-15T13:12:12.683920,2.7729592323303223,1.8875975608825684,0.6301020979881287,6.868622779846191,qmix,smacv2,protoss_5_vs_5,101,0.0
7434000,3716,2026-06-15T13:15:24.937269,2.9438138008117676,2.0686326026916504,0.9591836929321289,7.415816307067871,qmix,smacv2,protoss_5_vs_5,101,0.0
7436000,3717,2026-06-15T13:18:38.748017,3.345280885696411,1.8575921058654785,0.9489795565605164,7.880102634429932,qmix,smacv2,protoss_5_vs_5,101,0.0
7438000,3718,2026-06-15T13:21:47.525572,2.4967472553253174,1.1474597454071045,0.7933673858642578,4.63265323638916,qmix,smacv2,protoss_5_vs_5,101,0.0
7440000,3719,2026-06-15T13:25:01.222312,2.3748087882995605,1.719865083694458,0.26530611515045166,7.0522966384887695,qmix,smacv2,protoss_5_vs_5,101,0.0
7442000,3720,2026-06-15T13:28:04.377638,2.6911988258361816,2.250547409057617,0.9591835737228394,11.580357551574707,qmix,smacv2,protoss_5_vs_5,101,0.0
7444000,3721,2026-06-15T13:31:07.330949,3.065624952316284,1.1707170009613037,1.2857142686843872,5.681122779846191,qmix,smacv2,protoss_5_vs_5,101,0.0
7446000,3722,2026-06-15T13:34:18.073393,3.714477062225342,2.9300026893615723,0.5255101919174194,12.544642448425293,qmix,smacv2,protoss_5_vs_5,101,0.0
7448000,3723,2026-06-15T13:37:27.462446,2.5080995559692383,1.7317862510681152,0.6428571343421936,6.979592323303223,qmix,smacv2,protoss_5_vs_5,101,0.0
7450000,3724,2026-06-15T13:40:35.163244,2.994642734527588,1.9994829893112183,0.8698979616165161,8.918367385864258,qmix,smacv2,protoss_5_vs_5,101,0.0
7452000,3725,2026-06-15T13:43:45.342919,3.1785712242126465,1.8351558446884155,0.9272958636283875,6.364795684814453,qmix,smacv2,protoss_5_vs_5,101,0.0
7454000,3726,2026-06-15T13:46:55.972007,2.9202170372009277,2.0464584827423096,0.8150509595870972,8.269132614135742,qmix,smacv2,protoss_5_vs_5,101,0.0
7456000,3727,2026-06-15T13:50:05.355566,3.0745537281036377,1.3846259117126465,1.0395407676696777,6.591836452484131,qmix,smacv2,protoss_5_vs_5,101,0.0
7458000,3728,2026-06-15T13:53:16.624609,3.0890305042266846,1.511146903038025,1.2806122303009033,6.234694004058838,qmix,smacv2,protoss_5_vs_5,101,0.0
7460000,3729,2026-06-15T13:56:25.582224,3.0325255393981934,1.8983302116394043,0.16326530277729034,6.836735725402832,qmix,smacv2,protoss_5_vs_5,101,0.0
7462000,3730,2026-06-15T13:59:37.980011,2.4472577571868896,1.6205596923828125,0.5816326141357422,6.102041244506836,qmix,smacv2,protoss_5_vs_5,101,0.0
7464000,3731,2026-06-15T14:02:47.892140,3.4358417987823486,2.009498119354248,0.9183673858642578,8.119897842407227,qmix,smacv2,protoss_5_vs_5,101,0.0
7466000,3732,2026-06-15T14:06:00.069438,3.4124999046325684,2.176621198654175,1.5829081535339355,9.941326141357422,qmix,smacv2,protoss_5_vs_5,101,0.0
7468000,3733,2026-06-15T14:09:11.575125,2.053316354751587,1.4433314800262451,0.16326530277729034,5.6709184646606445,qmix,smacv2,protoss_5_vs_5,101,0.0
7470000,3734,2026-06-15T14:12:22.016988,2.599425792694092,1.6478220224380493,0.9196428060531616,7.799744606018066,qmix,smacv2,protoss_5_vs_5,101,0.0
7472000,3735,2026-06-15T14:15:31.581227,2.5177295207977295,1.9259098768234253,0.6632652878761292,9.224489212036133,qmix,smacv2,protoss_5_vs_5,101,0.0
7474000,3736,2026-06-15T14:18:39.298804,2.1561224460601807,1.4508700370788574,0.6607142686843872,6.25765323638916,qmix,smacv2,protoss_5_vs_5,101,0.0
7476000,3737,2026-06-15T14:21:49.782310,2.195089340209961,2.189417839050293,0.2448979616165161,7.403061866760254,qmix,smacv2,protoss_5_vs_5,101,0.0
7478000,3738,2026-06-15T14:25:00.934887,2.559375047683716,1.8000568151474,0.5102040767669678,6.12117338180542,qmix,smacv2,protoss_5_vs_5,101,0.0
7480000,3739,2026-06-15T14:28:12.029418,2.487819194793701,0.9623681902885437,1.040816307067871,4.8954081535339355,qmix,smacv2,protoss_5_vs_5,101,0.0
7482000,3740,2026-06-15T14:31:22.106109,3.358992338180542,1.9140938520431519,1.0637755393981934,7.321427822113037,qmix,smacv2,protoss_5_vs_5,101,0.0
7484000,3741,2026-06-15T14:34:38.066780,2.779783248901367,1.5541490316390991,0.8265305757522583,5.8329081535339355,qmix,smacv2,protoss_5_vs_5,101,0.0
7486000,3742,2026-06-15T14:37:55.108032,3.252742290496826,2.2334094047546387,1.0535714626312256,10.826530456542969,qmix,smacv2,protoss_5_vs_5,101,0.0
7488000,3743,2026-06-15T14:41:14.303713,2.352104663848877,1.5316762924194336,0.5510203838348389,5.3584184646606445,qmix,smacv2,protoss_5_vs_5,101,0.0
7490000,3744,2026-06-15T14:44:25.970860,3.502295970916748,2.9410271644592285,0.7448979616165161,13.62244987487793,qmix,smacv2,protoss_5_vs_5,101,0.0
7492000,3745,2026-06-15T14:47:43.398736,2.3350768089294434,1.7625285387039185,0.7142857313156128,6.899234771728516,qmix,smacv2,protoss_5_vs_5,101,0.0
7494000,3746,2026-06-15T14:51:01.062681,2.8123722076416016,1.918468713760376,0.40816324949264526,8.713010787963867,qmix,smacv2,protoss_5_vs_5,101,0.0
7496000,3747,2026-06-15T14:54:24.745724,2.805994987487793,1.631235122680664,0.8367347717285156,6.366071701049805,qmix,smacv2,protoss_5_vs_5,101,0.0
7498000,3748,2026-06-15T14:57:59.647126,3.0852677822113037,1.4438867568969727,0.6428571343421936,5.563775539398193,qmix,smacv2,protoss_5_vs_5,101,0.0
7500000,3749,2026-06-15T15:01:25.457394,2.456186532974243,1.257921576499939,0.8941326141357422,4.887755393981934,qmix,smacv2,protoss_5_vs_5,101,0.0
7502000,3750,2026-06-15T15:05:04.222684,2.6549105644226074,2.1038408279418945,0.6020408272743225,8.318877220153809,qmix,smacv2,protoss_5_vs_5,101,0.0
7504000,3751,2026-06-15T15:08:27.972474,2.597130298614502,2.007601737976074,0.2857142686843872,6.385204315185547,qmix,smacv2,protoss_5_vs_5,101,0.0
7506000,3752,2026-06-15T15:11:57.270092,2.589285373687744,1.682430386543274,0.45790815353393555,8.165817260742188,qmix,smacv2,protoss_5_vs_5,101,0.0
7508000,3753,2026-06-15T15:15:15.788543,2.549872636795044,2.0773532390594482,0.18367347121238708,8.029336929321289,qmix,smacv2,protoss_5_vs_5,101,0.0
7510000,3754,2026-06-15T15:18:33.974476,2.264221668243408,1.7886630296707153,0.36734694242477417,6.7959184646606445,qmix,smacv2,protoss_5_vs_5,101,0.0
7512000,3755,2026-06-15T15:21:52.915611,3.522193431854248,1.6812610626220703,0.9897958636283875,6.102040767669678,qmix,smacv2,protoss_5_vs_5,101,0.0
7514000,3756,2026-06-15T15:25:10.040044,4.1415815353393555,1.8671178817749023,1.4094387292861938,8.040816307067871,qmix,smacv2,protoss_5_vs_5,101,0.0
7516000,3757,2026-06-15T15:28:24.675880,3.180548667907715,1.802948236465454,1.508928656578064,7.192602634429932,qmix,smacv2,protoss_5_vs_5,101,0.0
7518000,3758,2026-06-15T15:31:40.903298,2.960331678390503,1.6279977560043335,0.8469387292861938,7.11352014541626,qmix,smacv2,protoss_5_vs_5,101,0.0
7520000,3759,2026-06-15T15:34:52.433401,3.198596954345703,2.053508996963501,0.793367326259613,8.934948921203613,qmix,smacv2,protoss_5_vs_5,101,0.0
7522000,3760,2026-06-15T15:38:01.438879,4.206759452819824,3.00121808052063,1.09183669090271,14.367345809936523,qmix,smacv2,protoss_5_vs_5,101,0.0
7524000,3761,2026-06-15T15:41:11.862325,3.922576427459717,1.7893667221069336,0.9579081535339355,7.448980808258057,qmix,smacv2,protoss_5_vs_5,101,0.0
7526000,3762,2026-06-15T15:44:20.084039,3.810586929321289,2.4572999477386475,0.9591836929321289,10.151785850524902,qmix,smacv2,protoss_5_vs_5,101,0.0
7528000,3763,2026-06-15T15:47:29.863958,3.3484058380126953,2.502302408218384,0.795918345451355,10.244897842407227,qmix,smacv2,protoss_5_vs_5,101,0.0
7530000,3764,2026-06-15T15:50:34.865718,3.126466989517212,1.7040308713912964,1.0025510787963867,6.521683692932129,qmix,smacv2,protoss_5_vs_5,101,0.0
7532000,3765,2026-06-15T15:53:45.062452,3.3575892448425293,1.7971994876861572,1.19132661819458,7.211734771728516,qmix,smacv2,protoss_5_vs_5,101,0.0
7534000,3766,2026-06-15T15:56:53.522591,2.799936532974243,1.5352531671524048,0.5612244606018066,6.224490165710449,qmix,smacv2,protoss_5_vs_5,101,0.0
7536000,3767,2026-06-15T15:59:56.179292,4.079017639160156,2.6832451820373535,0.8494898080825806,13.071428298950195,qmix,smacv2,protoss_5_vs_5,101,0.0
7538000,3768,2026-06-15T16:02:56.174646,3.6052298545837402,2.3487658500671387,0.9196428060531616,9.1632661819458,qmix,smacv2,protoss_5_vs_5,101,0.0
7540000,3769,2026-06-15T16:05:54.330669,4.231696128845215,2.1459920406341553,1.8405611515045166,11.010204315185547,qmix,smacv2,protoss_5_vs_5,101,0.0
7542000,3770,2026-06-15T16:08:53.252371,4.262627601623535,2.1307079792022705,0.9183673858642578,8.316327095031738,qmix,smacv2,protoss_5_vs_5,101,0.0
7544000,3771,2026-06-15T16:11:57.712158,3.056441307067871,2.330186128616333,0.5229591727256775,8.62244987487793,qmix,smacv2,protoss_5_vs_5,101,0.0
7546000,3772,2026-06-15T16:15:01.628165,2.797194004058838,1.154867172241211,1.4196428060531616,4.900510311126709,qmix,smacv2,protoss_5_vs_5,101,0.0
7548000,3773,2026-06-15T16:18:10.475653,2.9951529502868652,1.653694748878479,0.8813775777816772,7.306122779846191,qmix,smacv2,protoss_5_vs_5,101,0.0
7550000,3774,2026-06-15T16:21:19.715137,3.6193244457244873,2.2930774688720703,1.2895408868789673,9.92984676361084,qmix,smacv2,protoss_5_vs_5,101,0.0
7552000,3775,2026-06-15T16:24:37.475209,2.8862884044647217,1.9616504907608032,0.5459184050559998,8.173469543457031,qmix,smacv2,protoss_5_vs_5,101,0.0
7554000,3776,2026-06-15T16:27:46.886266,2.9959182739257812,2.0266387462615967,0.9056123495101929,8.793367385864258,qmix,smacv2,protoss_5_vs_5,101,0.0
7556000,3777,2026-06-15T16:31:04.922021,3.248788356781006,2.487497091293335,0.6020407676696777,10.60969352722168,qmix,smacv2,protoss_5_vs_5,101,0.0
7558000,3778,2026-06-15T16:34:25.343593,2.9493625164031982,1.4232217073440552,1.2984694242477417,6.036990165710449,qmix,smacv2,protoss_5_vs_5,101,0.0
7560000,3779,2026-06-15T16:37:46.631022,3.2955355644226074,2.422262191772461,0.9693878293037415,10.99744987487793,qmix,smacv2,protoss_5_vs_5,101,0.0
7562000,3780,2026-06-15T16:41:06.503896,3.144068956375122,1.4012848138809204,1.599489688873291,7.244897365570068,qmix,smacv2,protoss_5_vs_5,101,0.0
7564000,3781,2026-06-15T16:44:43.570771,3.2140307426452637,1.5917820930480957,1.0318877696990967,7.173469543457031,qmix,smacv2,protoss_5_vs_5,101,0.0
7566000,3782,2026-06-15T16:48:11.535690,3.4330356121063232,1.600532054901123,0.7755101323127747,6.25382661819458,qmix,smacv2,protoss_5_vs_5,101,0.0
7568000,3783,2026-06-15T16:51:35.945846,2.841071367263794,1.3818461894989014,0.5306122303009033,5.656888008117676,qmix,smacv2,protoss_5_vs_5,101,0.0
7570000,3784,2026-06-15T16:55:04.710819,2.828507661819458,1.4506571292877197,0.7448979616165161,5.792091369628906,qmix,smacv2,protoss_5_vs_5,101,0.0
7572000,3785,2026-06-15T16:58:30.470509,3.8764662742614746,1.4961111545562744,1.645408272743225,7.082908630371094,qmix,smacv2,protoss_5_vs_5,101,0.0
7574000,3786,2026-06-15T17:01:50.319715,3.605931043624878,2.7610580921173096,0.7869898080825806,12.534439086914062,qmix,smacv2,protoss_5_vs_5,101,0.0
7576000,3787,2026-06-15T17:05:06.252727,4.336544036865234,2.0978026390075684,1.1020407676696777,10.288265228271484,qmix,smacv2,protoss_5_vs_5,101,0.0
7578000,3788,2026-06-15T17:08:26.520444,3.170854330062866,1.8105595111846924,1.2015306949615479,8.440051078796387,qmix,smacv2,protoss_5_vs_5,101,0.0
7580000,3789,2026-06-15T17:11:48.995604,2.4094388484954834,1.1434857845306396,1.2142856121063232,5.540816307067871,qmix,smacv2,protoss_5_vs_5,101,0.0
7582000,3790,2026-06-15T17:15:08.917408,3.4242985248565674,1.773775339126587,1.7142856121063232,7.142857551574707,qmix,smacv2,protoss_5_vs_5,101,0.0
7584000,3791,2026-06-15T17:18:23.616184,2.8298468589782715,1.479130506515503,1.266581654548645,5.92219352722168,qmix,smacv2,protoss_5_vs_5,101,0.0
7586000,3792,2026-06-15T17:21:40.848654,3.114732265472412,1.1923670768737793,1.0306122303009033,6.36734676361084,qmix,smacv2,protoss_5_vs_5,101,0.0
7588000,3793,2026-06-15T17:25:00.063164,2.3184306621551514,1.263558268547058,0.9030612707138062,5.5,qmix,smacv2,protoss_5_vs_5,101,0.0
7590000,3794,2026-06-15T17:28:12.934265,2.923086643218994,2.145320177078247,0.6020407676696777,7.896683692932129,qmix,smacv2,protoss_5_vs_5,101,0.0
7592000,3795,2026-06-15T17:31:22.046243,3.084120035171509,1.5292532444000244,0.5586735010147095,6.029336452484131,qmix,smacv2,protoss_5_vs_5,101,0.0
7594000,3796,2026-06-15T17:34:25.826872,2.4929211139678955,2.142970085144043,0.3469387888908386,8.554847717285156,qmix,smacv2,protoss_5_vs_5,101,0.0
7596000,3797,2026-06-15T17:37:28.855221,3.206186294555664,1.9918769598007202,0.589285671710968,8.326530456542969,qmix,smacv2,protoss_5_vs_5,101,0.0
7598000,3798,2026-06-15T17:40:40.103036,2.9376912117004395,1.179624080657959,1.334183692932129,6.13265323638916,qmix,smacv2,protoss_5_vs_5,101,0.0
7600000,3799,2026-06-15T17:43:42.750140,3.571300983428955,1.9414005279541016,1.1530612707138062,7.383927822113037,qmix,smacv2,protoss_5_vs_5,101,0.0
7602000,3800,2026-06-15T17:46:40.453801,3.231250047683716,2.0120115280151367,1.15816330909729,8.693877220153809,qmix,smacv2,protoss_5_vs_5,101,0.0
7604000,3801,2026-06-15T17:49:38.359132,3.267920970916748,1.403760552406311,0.9489795565605164,5.877551078796387,qmix,smacv2,protoss_5_vs_5,101,0.0
7606000,3802,2026-06-15T17:52:39.268005,3.0204718112945557,1.460607647895813,0.8061224222183228,6.521683692932129,qmix,smacv2,protoss_5_vs_5,101,0.0
7608000,3803,2026-06-15T17:55:35.575178,2.4023594856262207,1.2351107597351074,1.045918345451355,5.477040767669678,qmix,smacv2,protoss_5_vs_5,101,0.0
7610000,3804,2026-06-15T17:58:44.907915,2.6698341369628906,1.460904836654663,0.26530611515045166,5.169642448425293,qmix,smacv2,protoss_5_vs_5,101,0.0
7612000,3805,2026-06-15T18:01:56.067268,2.6616709232330322,1.3795503377914429,1.09183669090271,6.096938610076904,qmix,smacv2,protoss_5_vs_5,101,0.0
7614000,3806,2026-06-15T18:05:26.526031,2.435204029083252,1.5022841691970825,0.44897955656051636,5.30484676361084,qmix,smacv2,protoss_5_vs_5,101,0.0
7616000,3807,2026-06-15T18:08:58.573397,2.52742338180542,1.2766844034194946,0.26530611515045166,5.413265228271484,qmix,smacv2,protoss_5_vs_5,101,0.0
7618000,3808,2026-06-15T18:12:24.238388,2.8716838359832764,1.7494077682495117,0.13265305757522583,7.173469543457031,qmix,smacv2,protoss_5_vs_5,101,0.0
7620000,3809,2026-06-15T18:15:48.771340,3.6674742698669434,1.6913326978683472,1.295918345451355,7.3290815353393555,qmix,smacv2,protoss_5_vs_5,101,0.0
7622000,3810,2026-06-15T18:19:16.254996,3.5729591846466064,1.768985390663147,1.3788264989852905,7.313775539398193,qmix,smacv2,protoss_5_vs_5,101,0.0
7624000,3811,2026-06-15T18:22:42.278193,2.902487277984619,1.5288677215576172,0.7933673858642578,6.459183692932129,qmix,smacv2,protoss_5_vs_5,101,0.0
7626000,3812,2026-06-15T18:26:06.942949,3.7898597717285156,2.4101667404174805,0.9770408868789673,7.42984676361084,qmix,smacv2,protoss_5_vs_5,101,0.0
7628000,3813,2026-06-15T18:29:22.518104,3.3781886100769043,1.8543121814727783,1.3061224222183228,7.336735725402832,qmix,smacv2,protoss_5_vs_5,101,0.0
7630000,3814,2026-06-15T18:32:36.919029,3.1313138008117676,1.9636467695236206,0.6938775181770325,8.636480331420898,qmix,smacv2,protoss_5_vs_5,101,0.0
7632000,3815,2026-06-15T18:35:44.353743,2.2281887531280518,1.5800533294677734,0.7551020383834839,6.98852014541626,qmix,smacv2,protoss_5_vs_5,101,0.0
7634000,3816,2026-06-15T18:39:17.841535,3.0812501907348633,1.1876647472381592,1.5714285373687744,5.326530933380127,qmix,smacv2,protoss_5_vs_5,101,0.0
7636000,3817,2026-06-15T18:42:21.048378,3.0295279026031494,2.197690963745117,0.6122449040412903,8.389030456542969,qmix,smacv2,protoss_5_vs_5,101,0.0
7638000,3818,2026-06-15T18:45:45.639527,2.8553569316864014,1.632381796836853,1.0714285373687744,6.001275539398193,qmix,smacv2,protoss_5_vs_5,101,0.0
7640000,3819,2026-06-15T18:48:53.517751,2.9400508403778076,1.6007661819458008,0.295918345451355,5.979592323303223,qmix,smacv2,protoss_5_vs_5,101,0.0
7642000,3820,2026-06-15T18:52:01.533098,3.2136483192443848,1.8594692945480347,0.6326530575752258,6.622448921203613,qmix,smacv2,protoss_5_vs_5,101,0.0
7644000,3821,2026-06-15T18:55:16.400003,2.8093113899230957,1.6149088144302368,0.9285715222358704,6.841836452484131,qmix,smacv2,protoss_5_vs_5,101,0.0
7646000,3822,2026-06-15T18:58:21.054389,3.3478951454162598,1.8225688934326172,0.7755101919174194,7.142857551574707,qmix,smacv2,protoss_5_vs_5,101,0.0
7648000,3823,2026-06-15T19:01:33.606670,2.974936008453369,1.4210574626922607,1.132652997970581,6.572704315185547,qmix,smacv2,protoss_5_vs_5,101,0.0
7650000,3824,2026-06-15T19:04:50.934263,2.9563775062561035,1.6007411479949951,0.9081632494926453,6.642857551574707,qmix,smacv2,protoss_5_vs_5,101,0.0
7652000,3825,2026-06-15T19:08:00.517511,2.8091835975646973,1.4172686338424683,1.0102040767669678,5.548469543457031,qmix,smacv2,protoss_5_vs_5,101,0.0
7654000,3826,2026-06-15T19:11:11.853858,3.027487277984619,1.4452918767929077,0.6734694242477417,5.850765228271484,qmix,smacv2,protoss_5_vs_5,101,0.0
7656000,3827,2026-06-15T19:14:21.510286,3.3028061389923096,1.6880900859832764,1.0114796161651611,7.489795684814453,qmix,smacv2,protoss_5_vs_5,101,0.0
7658000,3828,2026-06-15T19:17:30.855807,3.270663022994995,2.296710729598999,1.623724341392517,11.5,qmix,smacv2,protoss_5_vs_5,101,0.0
7660000,3829,2026-06-15T19:20:39.806068,3.3457908630371094,2.3153486251831055,0.6926020383834839,9.026785850524902,qmix,smacv2,protoss_5_vs_5,101,0.0
7662000,3830,2026-06-15T19:23:50.500296,3.577040910720825,2.045541286468506,1.4999998807907104,9.5,qmix,smacv2,protoss_5_vs_5,101,0.0
7664000,3831,2026-06-15T19:26:55.443769,2.9514670372009277,1.9847348928451538,0.9375,9.568876266479492,qmix,smacv2,protoss_5_vs_5,101,0.0
7666000,3832,2026-06-15T19:30:09.474668,2.7807400226593018,1.3980952501296997,1.3469387292861938,7.613520622253418,qmix,smacv2,protoss_5_vs_5,101,0.0
7668000,3833,2026-06-15T19:33:18.099646,3.6035075187683105,1.974287509918213,1.1875001192092896,8.03699016571045,qmix,smacv2,protoss_5_vs_5,101,0.0
7670000,3834,2026-06-15T19:36:28.587897,3.690178394317627,2.0304160118103027,0.7653061151504517,8.897958755493164,qmix,smacv2,protoss_5_vs_5,101,0.0
7672000,3835,2026-06-15T19:39:41.561424,3.306824207305908,1.5571963787078857,0.8749998807907104,7.582908630371094,qmix,smacv2,protoss_5_vs_5,101,0.0
7674000,3836,2026-06-15T19:42:56.024571,2.823469400405884,1.6326929330825806,0.36734694242477417,5.741071701049805,qmix,smacv2,protoss_5_vs_5,101,0.0
7676000,3837,2026-06-15T19:46:05.996553,2.822002649307251,1.7372266054153442,0.8405612111091614,7.591836452484131,qmix,smacv2,protoss_5_vs_5,101,0.0
7678000,3838,2026-06-15T19:49:25.052880,2.832334280014038,1.3818835020065308,0.6632652878761292,6.224490642547607,qmix,smacv2,protoss_5_vs_5,101,0.0
7680000,3839,2026-06-15T19:52:48.196322,2.0149872303009033,1.2238249778747559,0.5612244606018066,4.714285373687744,qmix,smacv2,protoss_5_vs_5,101,0.0
7682000,3840,2026-06-15T19:56:08.052402,2.8119897842407227,1.400316834449768,1.12117338180542,6.391581058502197,qmix,smacv2,protoss_5_vs_5,101,0.0
7684000,3841,2026-06-15T19:59:36.269857,2.687053680419922,1.8208411931991577,0.5204081535339355,9.029336929321289,qmix,smacv2,protoss_5_vs_5,101,0.0
7686000,3842,2026-06-15T20:03:08.965900,3.9271044731140137,2.6877360343933105,0.0,10.489795684814453,qmix,smacv2,protoss_5_vs_5,101,0.0
7688000,3843,2026-06-15T20:06:28.992252,3.593367338180542,1.7956209182739258,1.1096938848495483,6.969388008117676,qmix,smacv2,protoss_5_vs_5,101,0.0
7690000,3844,2026-06-15T20:09:52.051168,4.079273223876953,2.276451349258423,1.1224489212036133,8.653060913085938,qmix,smacv2,protoss_5_vs_5,101,0.0
7692000,3845,2026-06-15T20:13:10.975909,4.0040178298950195,1.8872711658477783,1.2117347717285156,7.86734676361084,qmix,smacv2,protoss_5_vs_5,101,0.0
7694000,3846,2026-06-15T20:16:32.039493,3.367474317550659,1.8028355836868286,0.8456632494926453,7.042092323303223,qmix,smacv2,protoss_5_vs_5,101,0.0
7696000,3847,2026-06-15T20:19:48.216212,3.2612242698669434,1.559059739112854,1.224489688873291,6.206632614135742,qmix,smacv2,protoss_5_vs_5,101,0.0
7698000,3848,2026-06-15T20:23:03.993921,2.872704029083252,1.0961830615997314,1.6007654666900635,5.835459232330322,qmix,smacv2,protoss_5_vs_5,101,0.0
7700000,3849,2026-06-15T20:26:16.015986,3.307589292526245,1.3989572525024414,1.170918345451355,5.571428298950195,qmix,smacv2,protoss_5_vs_5,101,0.0
7702000,3850,2026-06-15T20:29:31.370817,2.9075255393981934,1.500340461730957,1.1683673858642578,7.669643402099609,qmix,smacv2,protoss_5_vs_5,101,0.0
7704000,3851,2026-06-15T20:32:44.113223,3.4209187030792236,1.5535169839859009,1.5931122303009033,8.056122779846191,qmix,smacv2,protoss_5_vs_5,101,0.0
7706000,3852,2026-06-15T20:35:57.775169,3.8794002532958984,1.6738368272781372,1.2181122303009033,6.987244606018066,qmix,smacv2,protoss_5_vs_5,101,0.0
7708000,3853,2026-06-15T20:39:04.022679,3.5474486351013184,2.4183313846588135,1.0306122303009033,11.459182739257812,qmix,smacv2,protoss_5_vs_5,101,0.0
7710000,3854,2026-06-15T20:42:16.611492,2.851020336151123,1.424718976020813,1.2423467636108398,6.249999523162842,qmix,smacv2,protoss_5_vs_5,101,0.0
7712000,3855,2026-06-15T20:45:27.792668,2.275956630706787,1.1109293699264526,0.8469387888908386,6.093111991882324,qmix,smacv2,protoss_5_vs_5,101,0.0
7714000,3856,2026-06-15T20:48:36.492288,2.940943717956543,1.4706610441207886,1.4285714626312256,6.158163070678711,qmix,smacv2,protoss_5_vs_5,101,0.0
7716000,3857,2026-06-15T20:51:50.892184,3.7325260639190674,1.439759373664856,1.6977040767669678,7.441327095031738,qmix,smacv2,protoss_5_vs_5,101,0.0
7718000,3858,2026-06-15T20:55:09.877023,3.0923471450805664,1.525590419769287,0.9795918464660645,6.8316330909729,qmix,smacv2,protoss_5_vs_5,101,0.0
7720000,3859,2026-06-15T20:58:35.132850,3.790816068649292,2.134777545928955,1.1198979616165161,8.651785850524902,qmix,smacv2,protoss_5_vs_5,101,0.0
7722000,3860,2026-06-15T21:02:08.263300,3.3971939086914062,2.3095452785491943,1.195152997970581,9.725765228271484,qmix,smacv2,protoss_5_vs_5,101,0.0
7724000,3861,2026-06-15T21:05:45.336067,2.9616072177886963,2.104463815689087,0.7844387888908386,8.524234771728516,qmix,smacv2,protoss_5_vs_5,101,0.0
7726000,3862,2026-06-15T21:09:21.387174,2.9347574710845947,1.8189961910247803,0.26530611515045166,7.112244606018066,qmix,smacv2,protoss_5_vs_5,101,0.0
7728000,3863,2026-06-15T21:12:46.844898,2.281951427459717,1.1025241613388062,0.9285715222358704,4.586734771728516,qmix,smacv2,protoss_5_vs_5,101,0.0
7730000,3864,2026-06-15T21:16:14.075016,3.216454267501831,1.546280860900879,0.9272958636283875,6.693877220153809,qmix,smacv2,protoss_5_vs_5,101,0.0
7732000,3865,2026-06-15T21:19:35.805004,3.123150587081909,1.629517912864685,1.2512755393981934,7.095663547515869,qmix,smacv2,protoss_5_vs_5,101,0.0
7734000,3866,2026-06-15T21:22:44.136226,2.372640371322632,1.496467113494873,0.5599489808082581,7.0229597091674805,qmix,smacv2,protoss_5_vs_5,101,0.0
7736000,3867,2026-06-15T21:25:53.412706,3.2399234771728516,2.173405885696411,1.1543368101119995,10.14285659790039,qmix,smacv2,protoss_5_vs_5,101,0.0
7738000,3868,2026-06-15T21:29:08.013030,3.0619897842407227,1.5893614292144775,0.9642857313156128,8.03061294555664,qmix,smacv2,protoss_5_vs_5,101,0.0
7740000,3869,2026-06-15T21:32:18.278210,3.181122303009033,1.3575596809387207,1.1938775777816772,6.235969543457031,qmix,smacv2,protoss_5_vs_5,101,0.0
7742000,3870,2026-06-15T21:35:30.218218,3.917602062225342,2.34171462059021,1.2551020383834839,11.33035659790039,qmix,smacv2,protoss_5_vs_5,101,0.0
7744000,3871,2026-06-15T21:38:38.092577,2.482079029083252,1.3682223558425903,0.6798468828201294,5.3584184646606445,qmix,smacv2,protoss_5_vs_5,101,0.0
7746000,3872,2026-06-15T21:41:53.587533,2.6774234771728516,1.7078485488891602,1.0739796161651611,7.479591369628906,qmix,smacv2,protoss_5_vs_5,101,0.0
7748000,3873,2026-06-15T21:45:07.387748,3.4716835021972656,2.0772621631622314,0.7742346525192261,8.228316307067871,qmix,smacv2,protoss_5_vs_5,101,0.0
7750000,3874,2026-06-15T21:48:22.386893,3.0149872303009033,2.1116182804107666,1.0204081535339355,8.53061294555664,qmix,smacv2,protoss_5_vs_5,101,0.0
7752000,3875,2026-06-15T21:51:39.048090,2.8416454792022705,2.4380414485931396,0.5,9.112244606018066,qmix,smacv2,protoss_5_vs_5,101,0.0
7754000,3876,2026-06-15T21:54:52.280977,3.695535659790039,2.284949541091919,1.0599489212036133,8.983418464660645,qmix,smacv2,protoss_5_vs_5,101,0.0
7756000,3877,2026-06-15T21:58:14.895039,2.993431329727173,1.7145496606826782,1.0204081535339355,6.315051555633545,qmix,smacv2,protoss_5_vs_5,101,0.0
7758000,3878,2026-06-15T22:01:44.402078,3.8271687030792236,1.8984891176223755,1.6530612707138062,7.682397365570068,qmix,smacv2,protoss_5_vs_5,101,0.0
7760000,3879,2026-06-15T22:04:57.918021,2.8347575664520264,1.0624839067459106,0.6403061151504517,4.725765228271484,qmix,smacv2,protoss_5_vs_5,101,0.0
7762000,3880,2026-06-15T22:08:13.278860,3.266453981399536,1.653099536895752,1.22066330909729,6.661990165710449,qmix,smacv2,protoss_5_vs_5,101,0.0
7764000,3881,2026-06-15T22:11:34.821388,2.7478315830230713,2.6460471153259277,0.7448979616165161,11.832907676696777,qmix,smacv2,protoss_5_vs_5,101,0.0
7766000,3882,2026-06-15T22:15:00.592135,2.758800983428955,1.9337629079818726,0.7040815949440002,7.714285850524902,qmix,smacv2,protoss_5_vs_5,101,0.0
7768000,3883,2026-06-15T22:18:22.265543,3.2985968589782715,1.1373575925827026,1.387755036354065,5.752551078796387,qmix,smacv2,protoss_5_vs_5,101,0.0
7770000,3884,2026-06-15T22:21:44.772102,2.775510311126709,1.50640869140625,0.8647958636283875,5.579082012176514,qmix,smacv2,protoss_5_vs_5,101,0.0
7772000,3885,2026-06-15T22:25:06.551319,4.0416460037231445,2.23274564743042,0.9489795565605164,9.28954029083252,qmix,smacv2,protoss_5_vs_5,101,0.0
7774000,3886,2026-06-15T22:28:23.471627,2.704272747039795,1.8190152645111084,0.5510203838348389,6.470663547515869,qmix,smacv2,protoss_5_vs_5,101,0.0
7776000,3887,2026-06-15T22:31:35.548865,3.888711452484131,1.809942364692688,1.1428571939468384,7.658164024353027,qmix,smacv2,protoss_5_vs_5,101,0.0
7778000,3888,2026-06-15T22:34:45.724669,2.7750000953674316,1.4874268770217896,0.7142857313156128,6.154337406158447,qmix,smacv2,protoss_5_vs_5,101,0.0
7780000,3889,2026-06-15T22:37:58.616145,3.2517857551574707,1.2745089530944824,1.1352040767669678,5.346938610076904,qmix,smacv2,protoss_5_vs_5,101,0.0
7782000,3890,2026-06-15T22:41:05.098015,2.9193875789642334,2.5203492641448975,0.6007652878761292,12.371173858642578,qmix,smacv2,protoss_5_vs_5,101,0.0
7784000,3891,2026-06-15T22:44:17.894917,2.4350767135620117,1.7142964601516724,0.5,6.765305995941162,qmix,smacv2,protoss_5_vs_5,101,0.0
7786000,3892,2026-06-15T22:47:32.758414,2.4501912593841553,1.8321399688720703,0.2857142686843872,5.885204315185547,qmix,smacv2,protoss_5_vs_5,101,0.0
7788000,3893,2026-06-15T22:50:44.366305,2.8701529502868652,1.783363938331604,0.9081632494926453,6.816327095031738,qmix,smacv2,protoss_5_vs_5,101,0.0
7790000,3894,2026-06-15T22:53:59.766132,3.5653064250946045,1.627971887588501,1.0727040767669678,6.417092323303223,qmix,smacv2,protoss_5_vs_5,101,0.0
7792000,3895,2026-06-15T22:57:09.258256,3.1785075664520264,1.7171026468276978,0.9183672666549683,7.142857551574707,qmix,smacv2,protoss_5_vs_5,101,0.0
7794000,3896,2026-06-15T23:00:25.238127,2.6399872303009033,1.2469757795333862,1.0306122303009033,4.663265228271484,qmix,smacv2,protoss_5_vs_5,101,0.0
7796000,3897,2026-06-15T23:03:36.211818,3.8180484771728516,1.4731860160827637,1.0051020383834839,6.12882661819458,qmix,smacv2,protoss_5_vs_5,101,0.0
7798000,3898,2026-06-15T23:06:49.619279,4.159757614135742,1.7843073606491089,2.015305995941162,8.132654190063477,qmix,smacv2,protoss_5_vs_5,101,0.0
7800000,3899,2026-06-15T23:09:56.140049,3.2342476844787598,1.461772084236145,1.040816307067871,6.000000476837158,qmix,smacv2,protoss_5_vs_5,101,0.0
7802000,3900,2026-06-15T23:12:52.585854,3.334566593170166,1.4173250198364258,1.3469387292861938,5.8979597091674805,qmix,smacv2,protoss_5_vs_5,101,0.0
7804000,3901,2026-06-15T23:15:56.250949,4.401275634765625,2.1509346961975098,0.13265305757522583,7.755102634429932,qmix,smacv2,protoss_5_vs_5,101,0.0
7806000,3902,2026-06-15T23:19:04.480541,2.2364158630371094,2.0966298580169678,0.16326530277729034,9.224491119384766,qmix,smacv2,protoss_5_vs_5,101,0.0
7808000,3903,2026-06-15T23:22:12.602707,2.4963009357452393,1.258765459060669,0.9017857313156128,4.8915815353393555,qmix,smacv2,protoss_5_vs_5,101,0.0
7810000,3904,2026-06-15T23:25:23.004004,3.1110968589782715,2.4148123264312744,0.8137755393981934,10.39030647277832,qmix,smacv2,protoss_5_vs_5,101,0.0
7812000,3905,2026-06-15T23:28:36.334815,2.7639667987823486,1.9101191759109497,0.7984693050384521,7.825254917144775,qmix,smacv2,protoss_5_vs_5,101,0.0
7814000,3906,2026-06-15T23:31:44.164344,2.3788905143737793,1.501905083656311,0.3979591727256775,5.510204315185547,qmix,smacv2,protoss_5_vs_5,101,0.0
7816000,3907,2026-06-15T23:34:50.466173,3.5616707801818848,2.2883646488189697,0.5,9.576531410217285,qmix,smacv2,protoss_5_vs_5,101,0.0
7818000,3908,2026-06-15T23:37:58.168381,2.4693875312805176,1.196138858795166,0.6632652878761292,4.244897842407227,qmix,smacv2,protoss_5_vs_5,101,0.0
7820000,3909,2026-06-15T23:41:02.291208,2.8892858028411865,1.5994508266448975,1.3150510787963867,6.625000953674316,qmix,smacv2,protoss_5_vs_5,101,0.0
7822000,3910,2026-06-15T23:44:06.219760,3.4894134998321533,1.7978553771972656,0.47959184646606445,6.276785850524902,qmix,smacv2,protoss_5_vs_5,101,0.0
7824000,3911,2026-06-15T23:47:14.328082,3.3949618339538574,1.770414113998413,1.4183673858642578,7.182398319244385,qmix,smacv2,protoss_5_vs_5,101,0.0
7826000,3912,2026-06-15T23:50:29.800094,2.7184948921203613,1.3424543142318726,0.8762754201889038,5.423469543457031,qmix,smacv2,protoss_5_vs_5,101,0.0
7828000,3913,2026-06-15T23:53:45.520698,2.7506377696990967,1.8559104204177856,0.928571343421936,8.72449016571045,qmix,smacv2,protoss_5_vs_5,101,0.0
7830000,3914,2026-06-15T23:57:03.225956,2.9624364376068115,1.3669109344482422,1.4336735010147095,6.181121826171875,qmix,smacv2,protoss_5_vs_5,101,0.0
7832000,3915,2026-06-16T00:00:21.400106,3.368877410888672,1.5870708227157593,1.133928656578064,7.389030456542969,qmix,smacv2,protoss_5_vs_5,101,0.0
7834000,3916,2026-06-16T00:03:41.187045,3.3401145935058594,2.233193874359131,1.7091834545135498,12.284439086914062,qmix,smacv2,protoss_5_vs_5,101,0.0
7836000,3917,2026-06-16T00:07:01.087353,3.6846301555633545,1.685477375984192,1.1224489212036133,7.55102014541626,qmix,smacv2,protoss_5_vs_5,101,0.0
7838000,3918,2026-06-16T00:10:20.392889,3.5279338359832764,1.5335054397583008,1.5982142686843872,7.184948921203613,qmix,smacv2,protoss_5_vs_5,101,0.0
7840000,3919,2026-06-16T00:13:39.265346,3.997640609741211,1.9679011106491089,1.0446428060531616,7.817602634429932,qmix,smacv2,protoss_5_vs_5,101,0.0
7842000,3920,2026-06-16T00:16:53.005956,2.909311294555664,1.2490620613098145,1.4489794969558716,5.701530456542969,qmix,smacv2,protoss_5_vs_5,101,0.0
7844000,3921,2026-06-16T00:20:12.670096,3.6923470497131348,1.9274722337722778,1.5599489212036133,8.040816307067871,qmix,smacv2,protoss_5_vs_5,101,0.0
7846000,3922,2026-06-16T00:23:42.694529,3.225191593170166,1.8284715414047241,1.211734652519226,7.211734771728516,qmix,smacv2,protoss_5_vs_5,101,0.0
7848000,3923,2026-06-16T00:27:11.148979,3.409374952316284,1.88249933719635,0.6938775181770325,8.094388008117676,qmix,smacv2,protoss_5_vs_5,101,0.0
7850000,3924,2026-06-16T00:30:34.807535,2.772895574569702,1.2422425746917725,1.4272959232330322,6.079082012176514,qmix,smacv2,protoss_5_vs_5,101,0.0
7852000,3925,2026-06-16T00:34:04.718354,3.3243625164031982,2.0357093811035156,1.2538264989852905,8.20280647277832,qmix,smacv2,protoss_5_vs_5,101,0.0
7854000,3926,2026-06-16T00:37:26.195880,2.820918560028076,1.3722107410430908,0.795918345451355,5.67602014541626,qmix,smacv2,protoss_5_vs_5,101,0.0
7856000,3927,2026-06-16T00:40:50.920586,3.0828442573547363,1.619437336921692,0.5204081535339355,6.126275539398193,qmix,smacv2,protoss_5_vs_5,101,0.0
7858000,3928,2026-06-16T00:44:14.817172,3.434438705444336,1.519917368888855,1.3775510787963867,5.807397842407227,qmix,smacv2,protoss_5_vs_5,101,0.0
7860000,3929,2026-06-16T00:47:43.131291,3.759438991546631,1.5874781608581543,1.632652997970581,7.1339287757873535,qmix,smacv2,protoss_5_vs_5,101,0.0
7862000,3930,2026-06-16T00:51:05.371869,3.3222575187683105,1.5685657262802124,1.84566330909729,8.002551078796387,qmix,smacv2,protoss_5_vs_5,101,0.0
7864000,3931,2026-06-16T00:54:38.366872,3.1870532035827637,1.9296694993972778,1.0089285373687744,8.67219352722168,qmix,smacv2,protoss_5_vs_5,101,0.0
7866000,3932,2026-06-16T00:57:57.138635,2.775573968887329,1.3979873657226562,1.012755036354065,6.427295684814453,qmix,smacv2,protoss_5_vs_5,101,0.0
7868000,3933,2026-06-16T01:01:10.215943,3.0957906246185303,1.6950740814208984,1.34566330909729,7.244898319244385,qmix,smacv2,protoss_5_vs_5,101,0.0
7870000,3934,2026-06-16T01:04:28.287790,3.029400587081909,1.52607262134552,1.0102040767669678,6.215561389923096,qmix,smacv2,protoss_5_vs_5,101,0.0
7872000,3935,2026-06-16T01:07:40.029894,3.4391579627990723,1.9405804872512817,0.9145408868789673,8.220663070678711,qmix,smacv2,protoss_5_vs_5,101,0.0
7874000,3936,2026-06-16T01:10:53.540638,3.211160659790039,1.9096421003341675,1.265305995941162,8.64795970916748,qmix,smacv2,protoss_5_vs_5,101,0.0
7876000,3937,2026-06-16T01:14:04.081157,2.613137722015381,1.5730489492416382,0.26530611515045166,7.155611991882324,qmix,smacv2,protoss_5_vs_5,101,0.0
7878000,3938,2026-06-16T01:17:15.512297,2.4116711616516113,1.4095141887664795,0.632652997970581,6.57015323638916,qmix,smacv2,protoss_5_vs_5,101,0.0
7880000,3939,2026-06-16T01:20:25.928464,2.6986606121063232,1.3541852235794067,0.8163264989852905,5.094387531280518,qmix,smacv2,protoss_5_vs_5,101,0.0
7882000,3940,2026-06-16T01:23:29.416494,3.248469591140747,1.7859257459640503,0.8176020383834839,7.473214149475098,qmix,smacv2,protoss_5_vs_5,101,0.0
7884000,3941,2026-06-16T01:26:38.306976,3.2849490642547607,1.461430311203003,1.3354592323303223,5.602040767669678,qmix,smacv2,protoss_5_vs_5,101,0.0
7886000,3942,2026-06-16T01:29:50.085801,4.18807315826416,1.7845793962478638,1.3380101919174194,7.158163547515869,qmix,smacv2,protoss_5_vs_5,101,0.0
7888000,3943,2026-06-16T01:33:03.962664,3.5822067260742188,1.8298670053482056,0.9081631898880005,8.704082489013672,qmix,smacv2,protoss_5_vs_5,101,0.0
7890000,3944,2026-06-16T01:36:19.471726,2.274106979370117,1.3874882459640503,0.9272958636283875,5.979591369628906,qmix,smacv2,protoss_5_vs_5,101,0.0
7892000,3945,2026-06-16T01:39:38.841698,3.2094388008117676,2.172933578491211,0.41836732625961304,9.244897842407227,qmix,smacv2,protoss_5_vs_5,101,0.0
7894000,3946,2026-06-16T01:43:34.033187,2.6515307426452637,2.0653040409088135,0.47959184646606445,7.737245082855225,qmix,smacv2,protoss_5_vs_5,101,0.0
7896000,3947,2026-06-16T01:46:56.702254,2.686734676361084,1.4143755435943604,0.7895408272743225,6.0625,qmix,smacv2,protoss_5_vs_5,101,0.0
7898000,3948,2026-06-16T01:50:23.703223,3.2871811389923096,1.7187366485595703,0.766581654548645,7.711733818054199,qmix,smacv2,protoss_5_vs_5,101,0.0
7900000,3949,2026-06-16T01:53:48.726571,3.241900682449341,1.229251742362976,1.3265306949615479,5.417092323303223,qmix,smacv2,protoss_5_vs_5,101,0.0
7902000,3950,2026-06-16T01:57:17.389373,2.9454081058502197,1.6764413118362427,0.9693878293037415,8.316327095031738,qmix,smacv2,protoss_5_vs_5,101,0.0
7904000,3951,2026-06-16T02:00:39.713798,3.8264667987823486,2.021038055419922,0.9795917272567749,9.193877220153809,qmix,smacv2,protoss_5_vs_5,101,0.0
7906000,3952,2026-06-16T02:03:51.286553,2.48431134223938,1.4587717056274414,0.41836732625961304,7.05484676361084,qmix,smacv2,protoss_5_vs_5,101,0.0
7908000,3953,2026-06-16T02:06:57.881941,3.7855865955352783,1.6187198162078857,1.55867338180542,7.908163547515869,qmix,smacv2,protoss_5_vs_5,101,0.0
7910000,3954,2026-06-16T02:10:08.371692,2.605229616165161,0.870204508304596,1.5612245798110962,4.213010311126709,qmix,smacv2,protoss_5_vs_5,101,0.0
7912000,3955,2026-06-16T02:13:19.376849,4.279209136962891,3.3326940536499023,0.9655612707138062,14.405611991882324,qmix,smacv2,protoss_5_vs_5,101,0.05000000074505806
7914000,3956,2026-06-16T02:16:33.988121,2.817474603652954,1.9630271196365356,0.3265306055545807,7.886479377746582,qmix,smacv2,protoss_5_vs_5,101,0.0
7916000,3957,2026-06-16T02:19:48.144309,3.5154335498809814,2.3280227184295654,0.4387754797935486,8.655611991882324,qmix,smacv2,protoss_5_vs_5,101,0.0
7918000,3958,2026-06-16T02:23:00.228115,2.07621169090271,1.630246877670288,0.0,5.714285373687744,qmix,smacv2,protoss_5_vs_5,101,0.0
7920000,3959,2026-06-16T02:26:17.009710,2.8580994606018066,2.0092055797576904,0.8647958636283875,7.397958278656006,qmix,smacv2,protoss_5_vs_5,101,0.0
7922000,3960,2026-06-16T02:29:37.905655,3.2380740642547607,2.4658942222595215,0.9821428060531616,10.116072654724121,qmix,smacv2,protoss_5_vs_5,101,0.0
7924000,3961,2026-06-16T02:32:58.688812,2.813328981399536,1.2934497594833374,0.7895408272743225,5.091836929321289,qmix,smacv2,protoss_5_vs_5,101,0.0
7926000,3962,2026-06-16T02:36:15.303923,3.582334518432617,1.7227652072906494,0.9897958636283875,7.9094390869140625,qmix,smacv2,protoss_5_vs_5,101,0.0
7928000,3963,2026-06-16T02:39:35.732152,3.3424744606018066,2.2273364067077637,1.2142857313156128,7.887755393981934,qmix,smacv2,protoss_5_vs_5,101,0.0
7930000,3964,2026-06-16T02:42:59.466680,2.9040818214416504,2.0708975791931152,0.8265305757522583,9.183673858642578,qmix,smacv2,protoss_5_vs_5,101,0.0
7932000,3965,2026-06-16T02:46:34.425978,1.9089285135269165,0.8992332816123962,0.8048468828201294,3.9068877696990967,qmix,smacv2,protoss_5_vs_5,101,0.0
7934000,3966,2026-06-16T02:50:00.544391,3.7883286476135254,2.2310242652893066,1.1658164262771606,10.561223983764648,qmix,smacv2,protoss_5_vs_5,101,0.0
7936000,3967,2026-06-16T02:53:27.544995,2.2409439086914062,2.369748115539551,0.13265305757522583,9.163265228271484,qmix,smacv2,protoss_5_vs_5,101,0.0
7938000,3968,2026-06-16T02:56:48.532825,3.540497303009033,1.8980873823165894,0.7079081535339355,6.683673858642578,qmix,smacv2,protoss_5_vs_5,101,0.0
7940000,3969,2026-06-16T03:00:04.284916,2.7037627696990967,1.6626594066619873,1.0816326141357422,7.683673858642578,qmix,smacv2,protoss_5_vs_5,101,0.0
7942000,3970,2026-06-16T03:03:17.516850,3.331568956375122,1.6202294826507568,1.195152997970581,7.887755393981934,qmix,smacv2,protoss_5_vs_5,101,0.0
7944000,3971,2026-06-16T03:06:29.512596,2.709247589111328,1.3690099716186523,1.163265347480774,5.551020622253418,qmix,smacv2,protoss_5_vs_5,101,0.0
7946000,3972,2026-06-16T03:09:39.389368,2.936798572540283,1.2307968139648438,1.049744963645935,5.418367862701416,qmix,smacv2,protoss_5_vs_5,101,0.0
7948000,3973,2026-06-16T03:12:49.502564,2.8210461139678955,1.5327422618865967,0.4897959232330322,6.512755393981934,qmix,smacv2,protoss_5_vs_5,101,0.0
7950000,3974,2026-06-16T03:15:54.903921,2.804847002029419,1.650255560874939,0.9260204434394836,8.091836929321289,qmix,smacv2,protoss_5_vs_5,101,0.0
7952000,3975,2026-06-16T03:19:02.514654,2.871875047683716,1.4639122486114502,0.9961735010147095,5.755102157592773,qmix,smacv2,protoss_5_vs_5,101,0.0
7954000,3976,2026-06-16T03:22:16.726148,3.5702805519104004,1.6013989448547363,1.329081654548645,7.609694004058838,qmix,smacv2,protoss_5_vs_5,101,0.0
7956000,3977,2026-06-16T03:25:27.132196,3.195152759552002,1.6402660608291626,1.5280612707138062,6.6709184646606445,qmix,smacv2,protoss_5_vs_5,101,0.0
7958000,3978,2026-06-16T03:28:47.231849,2.489668369293213,1.1793241500854492,0.8954081535339355,5.975766181945801,qmix,smacv2,protoss_5_vs_5,101,0.0
7960000,3979,2026-06-16T03:31:59.870977,2.499617338180542,1.184546947479248,1.4183673858642578,5.950255393981934,qmix,smacv2,protoss_5_vs_5,101,0.0
7962000,3980,2026-06-16T03:35:27.624629,2.2596940994262695,1.2895320653915405,0.0,5.209183692932129,qmix,smacv2,protoss_5_vs_5,101,0.0
7964000,3981,2026-06-16T03:38:46.428172,2.147895097732544,0.9177674055099487,0.8966836929321289,4.056122303009033,qmix,smacv2,protoss_5_vs_5,101,0.0
7966000,3982,2026-06-16T03:42:08.055339,3.1926021575927734,2.1651222705841064,0.8150509595870972,9.96300983428955,qmix,smacv2,protoss_5_vs_5,101,0.0
7968000,3983,2026-06-16T03:45:36.232964,3.700892925262451,2.162376880645752,0.9795917272567749,9.813776016235352,qmix,smacv2,protoss_5_vs_5,101,0.0
7970000,3984,2026-06-16T03:49:08.703983,3.7234694957733154,1.5921969413757324,1.4897958040237427,7.122448921203613,qmix,smacv2,protoss_5_vs_5,101,0.0
7972000,3985,2026-06-16T03:52:36.923719,3.204209089279175,1.2903658151626587,1.0816327333450317,5.92984676361084,qmix,smacv2,protoss_5_vs_5,101,0.0
7974000,3986,2026-06-16T03:56:04.349711,2.832206964492798,1.6934661865234375,0.6734694242477417,7.255102634429932,qmix,smacv2,protoss_5_vs_5,101,0.0
7976000,3987,2026-06-16T03:59:28.337049,3.756441116333008,1.993094563484192,1.1058672666549683,8.704081535339355,qmix,smacv2,protoss_5_vs_5,101,0.0
7978000,3988,2026-06-16T04:02:51.479057,3.2001278400421143,1.4283536672592163,0.7908163070678711,5.650509834289551,qmix,smacv2,protoss_5_vs_5,101,0.0
7980000,3989,2026-06-16T04:06:08.208087,3.2170281410217285,1.4354722499847412,0.6926020383834839,5.846938610076904,qmix,smacv2,protoss_5_vs_5,101,0.0
7982000,3990,2026-06-16T04:09:24.219868,3.689795970916748,2.0392894744873047,1.0051020383834839,8.581632614135742,qmix,smacv2,protoss_5_vs_5,101,0.0
7984000,3991,2026-06-16T04:12:41.437852,2.654655694961548,1.4770689010620117,1.0535714626312256,5.798469543457031,qmix,smacv2,protoss_5_vs_5,101,0.0
7986000,3992,2026-06-16T04:15:53.386949,2.782334327697754,1.4656188488006592,1.336734652519226,7.683673858642578,qmix,smacv2,protoss_5_vs_5,101,0.0
7988000,3993,2026-06-16T04:19:03.049313,3.357142925262451,1.4024404287338257,1.6721938848495483,7.431122779846191,qmix,smacv2,protoss_5_vs_5,101,0.0
7990000,3994,2026-06-16T04:22:16.421126,3.780548572540283,1.8452526330947876,1.117347002029419,8.637755393981934,qmix,smacv2,protoss_5_vs_5,101,0.0
7992000,3995,2026-06-16T04:25:35.160223,3.866135358810425,1.6254565715789795,1.7181122303009033,7.4349493980407715,qmix,smacv2,protoss_5_vs_5,101,0.0
7994000,3996,2026-06-16T04:28:52.119017,2.939732074737549,1.7803689241409302,0.7959184050559998,8.45280647277832,qmix,smacv2,protoss_5_vs_5,101,0.0
7996000,3997,2026-06-16T04:32:09.420786,3.0089287757873535,1.6791071891784668,1.1568877696990967,7.86734676361084,qmix,smacv2,protoss_5_vs_5,101,0.0
7998000,3998,2026-06-16T04:35:30.589673,3.115370273590088,1.5004124641418457,0.8775509595870972,6.051020622253418,qmix,smacv2,protoss_5_vs_5,101,0.0
8000000,3999,2026-06-16T04:38:54.709225,3.544260025024414,1.7481709718704224,1.3520408868789673,7.82015323638916,qmix,smacv2,protoss_5_vs_5,101,0.0
8002000,4000,2026-06-16T04:42:19.653324,3.01383900642395,1.3567949533462524,1.1020407676696777,6.295917987823486,qmix,smacv2,protoss_5_vs_5,101,0.0
8004000,4001,2026-06-16T04:45:48.573817,4.752614974975586,2.2099831104278564,1.9897959232330322,10.668368339538574,qmix,smacv2,protoss_5_vs_5,101,0.0
8006000,4002,2026-06-16T04:49:08.151652,2.5418365001678467,1.2868722677230835,1.221938967704773,5.275510311126709,qmix,smacv2,protoss_5_vs_5,101,0.0
8008000,4003,2026-06-16T04:52:40.443454,2.753061294555664,1.7405567169189453,1.1530611515045166,7.336734771728516,qmix,smacv2,protoss_5_vs_5,101,0.0
8010000,4004,2026-06-16T04:55:58.740864,2.4892218112945557,1.6637250185012817,0.4897959232330322,6.691327095031738,qmix,smacv2,protoss_5_vs_5,101,0.0
8012000,4005,2026-06-16T04:59:16.855175,2.89668345451355,1.256415843963623,0.9897958636283875,5.404336452484131,qmix,smacv2,protoss_5_vs_5,101,0.0
8014000,4006,2026-06-16T05:02:37.631116,4.0047197341918945,1.8337926864624023,1.5357142686843872,7.547194004058838,qmix,smacv2,protoss_5_vs_5,101,0.0
8016000,4007,2026-06-16T05:05:58.309482,3.9974491596221924,2.5067331790924072,1.2755101919174194,9.48979663848877,qmix,smacv2,protoss_5_vs_5,101,0.0
8018000,4008,2026-06-16T05:09:22.225723,2.742410898208618,1.4094387292861938,1.2869898080825806,6.840561866760254,qmix,smacv2,protoss_5_vs_5,101,0.0
8020000,4009,2026-06-16T05:12:43.518788,3.835650682449341,1.8033931255340576,1.2346937656402588,7.636479377746582,qmix,smacv2,protoss_5_vs_5,101,0.0
8022000,4010,2026-06-16T05:15:58.808180,3.05070161819458,1.3886988162994385,1.0344388484954834,5.793367385864258,qmix,smacv2,protoss_5_vs_5,101,0.0
8024000,4011,2026-06-16T05:19:13.574865,3.283482074737549,1.64810049533844,1.5102041959762573,8.306122779846191,qmix,smacv2,protoss_5_vs_5,101,0.0
8026000,4012,2026-06-16T05:22:24.689100,3.553699016571045,1.552762508392334,1.5790815353393555,8.16199016571045,qmix,smacv2,protoss_5_vs_5,101,0.0
8028000,4013,2026-06-16T05:25:33.975160,3.6411354541778564,2.098996639251709,0.9298468828201294,8.173469543457031,qmix,smacv2,protoss_5_vs_5,101,0.0
8030000,4014,2026-06-16T05:28:41.356674,3.531249523162842,2.7941763401031494,0.8775509595870972,10.336734771728516,qmix,smacv2,protoss_5_vs_5,101,0.0
8032000,4015,2026-06-16T05:31:48.718336,3.4514670372009277,1.6934739351272583,1.2346938848495483,7.4183669090271,qmix,smacv2,protoss_5_vs_5,101,0.0
8034000,4016,2026-06-16T05:34:55.350080,2.8253824710845947,0.843500554561615,1.6747448444366455,4.908164024353027,qmix,smacv2,protoss_5_vs_5,101,0.0
8036000,4017,2026-06-16T05:38:12.639075,2.878762722015381,1.419372320175171,0.5510203838348389,5.857142448425293,qmix,smacv2,protoss_5_vs_5,101,0.0
8038000,4018,2026-06-16T05:41:34.357402,3.747448682785034,2.0077595710754395,1.5688774585723877,8.645408630371094,qmix,smacv2,protoss_5_vs_5,101,0.0
8040000,4019,2026-06-16T05:44:52.648126,3.775574207305908,1.8646317720413208,1.0918368101119995,9.091836929321289,qmix,smacv2,protoss_5_vs_5,101,0.0
8042000,4020,2026-06-16T05:48:07.086109,3.578444004058838,1.7396724224090576,1.3469388484954834,8.307397842407227,qmix,smacv2,protoss_5_vs_5,101,0.0
8044000,4021,2026-06-16T05:51:29.853614,3.2808032035827637,1.5211142301559448,1.1020407676696777,6.122448444366455,qmix,smacv2,protoss_5_vs_5,101,0.0
8046000,4022,2026-06-16T05:54:48.713902,2.8103952407836914,1.263017177581787,0.8979591131210327,6.415816307067871,qmix,smacv2,protoss_5_vs_5,101,0.0
8048000,4023,2026-06-16T05:58:09.101748,3.759629726409912,1.9635400772094727,1.2219388484954834,8.348214149475098,qmix,smacv2,protoss_5_vs_5,101,0.0
8050000,4024,2026-06-16T06:01:27.664392,3.0794644355773926,1.8487122058868408,0.5714285373687744,6.306122303009033,qmix,smacv2,protoss_5_vs_5,101,0.0
8052000,4025,2026-06-16T06:04:48.865020,2.923469305038452,1.8463916778564453,0.8826530575752258,7.860970497131348,qmix,smacv2,protoss_5_vs_5,101,0.0
8054000,4026,2026-06-16T06:08:04.452593,3.2487881183624268,1.7746638059616089,1.1632652282714844,7.36734676361084,qmix,smacv2,protoss_5_vs_5,101,0.0
8056000,4027,2026-06-16T06:11:28.930230,3.3572068214416504,1.7083959579467773,0.6505101919174194,6.887755393981934,qmix,smacv2,protoss_5_vs_5,101,0.0
8058000,4028,2026-06-16T06:14:49.639647,3.3789544105529785,1.9296369552612305,0.9183672666549683,7.5816330909729,qmix,smacv2,protoss_5_vs_5,101,0.0
8060000,4029,2026-06-16T06:18:09.662315,3.1818878650665283,1.3457742929458618,1.0102040767669678,5.765305995941162,qmix,smacv2,protoss_5_vs_5,101,0.0
8062000,4030,2026-06-16T06:21:30.993456,2.989413261413574,1.4088060855865479,0.9795917272567749,5.456632614135742,qmix,smacv2,protoss_5_vs_5,101,0.0
8064000,4031,2026-06-16T06:24:35.604614,3.107461929321289,1.5686413049697876,0.7755101919174194,7.149233818054199,qmix,smacv2,protoss_5_vs_5,101,0.0
8066000,4032,2026-06-16T06:27:48.285597,2.927933692932129,1.554734706878662,1.0369898080825806,6.2959184646606445,qmix,smacv2,protoss_5_vs_5,101,0.0
8068000,4033,2026-06-16T06:30:58.279071,2.0295920372009277,1.508668065071106,0.5408163070678711,5.910714149475098,qmix,smacv2,protoss_5_vs_5,101,0.0
8070000,4034,2026-06-16T06:34:04.872904,2.470982313156128,1.236698865890503,0.9081632494926453,5.62117338180542,qmix,smacv2,protoss_5_vs_5,101,0.0
8072000,4035,2026-06-16T06:37:08.347260,2.895599603652954,2.0974502563476562,0.7346938848495483,8.326530456542969,qmix,smacv2,protoss_5_vs_5,101,0.0
8074000,4036,2026-06-16T06:40:10.700055,2.5349488258361816,1.2586220502853394,0.8979591131210327,5.431122303009033,qmix,smacv2,protoss_5_vs_5,101,0.0
8076000,4037,2026-06-16T06:43:08.651293,2.855994701385498,2.3327620029449463,0.7857142686843872,11.088010787963867,qmix,smacv2,protoss_5_vs_5,101,0.0
8078000,4038,2026-06-16T06:46:10.225265,2.327359676361084,2.003790855407715,0.13265305757522583,7.520408630371094,qmix,smacv2,protoss_5_vs_5,101,0.0
8080000,4039,2026-06-16T06:49:16.263816,2.4540176391601562,1.376379132270813,0.8864795565605164,5.831632614135742,qmix,smacv2,protoss_5_vs_5,101,0.0
8082000,4040,2026-06-16T06:52:28.589851,2.4114158153533936,1.237006425857544,0.9566326141357422,4.816326141357422,qmix,smacv2,protoss_5_vs_5,101,0.0
8084000,4041,2026-06-16T06:55:35.644633,2.661925792694092,1.9918632507324219,0.7857142686843872,9.28699016571045,qmix,smacv2,protoss_5_vs_5,101,0.0
8086000,4042,2026-06-16T06:58:48.722584,3.3751273155212402,2.3273184299468994,1.299744963645935,9.969388008117676,qmix,smacv2,protoss_5_vs_5,101,0.0
8088000,4043,2026-06-16T07:02:07.119956,2.436415910720825,1.7589069604873657,1.0204081535339355,8.646684646606445,qmix,smacv2,protoss_5_vs_5,101,0.0
8090000,4044,2026-06-16T07:05:22.992136,2.8038902282714844,1.2153745889663696,1.5242345333099365,6.214285850524902,qmix,smacv2,protoss_5_vs_5,101,0.0
8092000,4045,2026-06-16T07:08:39.159295,3.2479591369628906,1.7912073135375977,0.9285714030265808,6.526785850524902,qmix,smacv2,protoss_5_vs_5,101,0.0
8094000,4046,2026-06-16T07:11:53.730255,2.3276782035827637,1.042694091796875,0.9464284777641296,4.948978900909424,qmix,smacv2,protoss_5_vs_5,101,0.0
8096000,4047,2026-06-16T07:15:18.226756,3.2894129753112793,2.5188398361206055,1.1403061151504517,12.778060913085938,qmix,smacv2,protoss_5_vs_5,101,0.0
8098000,4048,2026-06-16T07:18:36.073256,2.4350767135620117,1.1186773777008057,0.7321429252624512,6.132653713226318,qmix,smacv2,protoss_5_vs_5,101,0.0
8100000,4049,2026-06-16T07:21:54.640869,3.6260204315185547,1.708027720451355,0.8278061151504517,6.677295684814453,qmix,smacv2,protoss_5_vs_5,101,0.0
8102000,4050,2026-06-16T07:25:16.270792,3.9745535850524902,1.766303300857544,0.8239795565605164,6.755101680755615,qmix,smacv2,protoss_5_vs_5,101,0.0
8104000,4051,2026-06-16T07:28:40.003509,3.4227676391601562,1.8256198167800903,1.204081654548645,7.743622779846191,qmix,smacv2,protoss_5_vs_5,101,0.0
8106000,4052,2026-06-16T07:31:52.486293,3.088392972946167,1.7687597274780273,1.6224489212036133,8.883928298950195,qmix,smacv2,protoss_5_vs_5,101,0.0
8108000,4053,2026-06-16T07:35:09.177267,3.163137912750244,1.4391932487487793,1.2551021575927734,6.6772966384887695,qmix,smacv2,protoss_5_vs_5,101,0.0
8110000,4054,2026-06-16T07:38:25.164867,2.5246174335479736,1.8712979555130005,0.2448979616165161,7.5459184646606445,qmix,smacv2,protoss_5_vs_5,101,0.0
8112000,4055,2026-06-16T07:41:39.298438,3.5071425437927246,1.9657161235809326,1.265305995941162,8.326530456542969,qmix,smacv2,protoss_5_vs_5,101,0.0
8114000,4056,2026-06-16T07:44:48.378659,2.967155694961548,1.6857417821884155,0.9821428060531616,6.6530609130859375,qmix,smacv2,protoss_5_vs_5,101,0.0
8116000,4057,2026-06-16T07:47:59.836948,4.053762912750244,2.062955379486084,1.4387755393981934,8.153060913085938,qmix,smacv2,protoss_5_vs_5,101,0.0
8118000,4058,2026-06-16T07:51:05.506353,3.0586094856262207,1.446634292602539,0.2551020383834839,5.923469543457031,qmix,smacv2,protoss_5_vs_5,101,0.0
8120000,4059,2026-06-16T07:54:13.001400,3.4370532035827637,1.7321515083312988,0.7767857313156128,7.952805995941162,qmix,smacv2,protoss_5_vs_5,101,0.0
8122000,4060,2026-06-16T07:57:17.394225,2.979337215423584,1.502307653427124,1.3252551555633545,7.4897966384887695,qmix,smacv2,protoss_5_vs_5,101,0.0
8124000,4061,2026-06-16T08:00:28.012837,2.6922192573547363,1.0708352327346802,0.989795982837677,5.612244606018066,qmix,smacv2,protoss_5_vs_5,101,0.0
8126000,4062,2026-06-16T08:03:37.373882,3.2554211616516113,1.7402558326721191,1.2436224222183228,8.290816307067871,qmix,smacv2,protoss_5_vs_5,101,0.0
8128000,4063,2026-06-16T08:06:57.753013,3.5946426391601562,1.7943745851516724,1.2691327333450317,8.122448921203613,qmix,smacv2,protoss_5_vs_5,101,0.0
8130000,4064,2026-06-16T08:10:24.417091,3.5522961616516113,2.98018741607666,0.6632652878761292,11.47449016571045,qmix,smacv2,protoss_5_vs_5,101,0.0
8132000,4065,2026-06-16T08:13:49.549799,2.1385202407836914,1.4230061769485474,0.6122449040412903,6.3125,qmix,smacv2,protoss_5_vs_5,101,0.0
8134000,4066,2026-06-16T08:17:14.575753,2.980229139328003,1.3784193992614746,0.5408163070678711,6.6415815353393555,qmix,smacv2,protoss_5_vs_5,101,0.0
8136000,4067,2026-06-16T08:20:38.759776,2.792219400405884,1.492462158203125,0.9183673858642578,5.6441330909729,qmix,smacv2,protoss_5_vs_5,101,0.0
8138000,4068,2026-06-16T08:24:10.417159,2.3892219066619873,1.681814193725586,0.5854591131210327,8.295919418334961,qmix,smacv2,protoss_5_vs_5,101,0.0
8140000,4069,2026-06-16T08:27:48.492656,4.226849555969238,2.3029935359954834,1.020408272743225,11.622447967529297,qmix,smacv2,protoss_5_vs_5,101,0.0
8142000,4070,2026-06-16T08:31:14.046402,3.292282819747925,1.8206416368484497,0.0,7.845663547515869,qmix,smacv2,protoss_5_vs_5,101,0.0
8144000,4071,2026-06-16T08:34:37.338730,3.4789538383483887,2.4539780616760254,0.6632653474807739,11.826530456542969,qmix,smacv2,protoss_5_vs_5,101,0.0
8146000,4072,2026-06-16T08:37:54.642861,3.664541244506836,1.7220172882080078,1.7104591131210327,8.255102157592773,qmix,smacv2,protoss_5_vs_5,101,0.0
8148000,4073,2026-06-16T08:41:12.958457,2.786989688873291,1.8421995639801025,0.4272959232330322,6.24234676361084,qmix,smacv2,protoss_5_vs_5,101,0.0
8150000,4074,2026-06-16T08:44:30.966045,2.778316020965576,1.6225669384002686,0.9183672666549683,6.2104597091674805,qmix,smacv2,protoss_5_vs_5,101,0.0
8152000,4075,2026-06-16T08:47:48.359662,2.944387912750244,1.7290879487991333,0.7448979616165161,6.5816330909729,qmix,smacv2,protoss_5_vs_5,101,0.0
8154000,4076,2026-06-16T08:51:29.419041,3.5443243980407715,2.0549538135528564,0.3877550959587097,9.285714149475098,qmix,smacv2,protoss_5_vs_5,101,0.0
8156000,4077,2026-06-16T08:54:38.166456,3.4037628173828125,1.9097779989242554,1.163265347480774,7.581633567810059,qmix,smacv2,protoss_5_vs_5,101,0.0
8158000,4078,2026-06-16T08:57:43.293921,3.48616099357605,2.9120147228240967,0.5612244606018066,11.117347717285156,qmix,smacv2,protoss_5_vs_5,101,0.0
8160000,4079,2026-06-16T09:00:52.699847,2.746237277984619,2.054234266281128,0.8469387292861938,8.153060913085938,qmix,smacv2,protoss_5_vs_5,101,0.0
8162000,4080,2026-06-16T09:04:00.851937,3.6560585498809814,2.708757162094116,0.6926020383834839,9.295917510986328,qmix,smacv2,protoss_5_vs_5,101,0.0
8164000,4081,2026-06-16T09:07:07.912709,2.6796555519104004,1.2392094135284424,0.59183669090271,4.798469543457031,qmix,smacv2,protoss_5_vs_5,101,0.0
8166000,4082,2026-06-16T09:10:11.338785,2.528953790664673,1.6517030000686646,0.5,6.904336452484131,qmix,smacv2,protoss_5_vs_5,101,0.0
8168000,4083,2026-06-16T09:13:21.452851,2.8522324562072754,1.8477526903152466,0.295918345451355,7.193877220153809,qmix,smacv2,protoss_5_vs_5,101,0.0
8170000,4084,2026-06-16T09:16:35.638258,2.945089101791382,2.3048510551452637,0.7844387888908386,9.95535659790039,qmix,smacv2,protoss_5_vs_5,101,0.0
8172000,4085,2026-06-16T09:19:54.770682,2.87308669090271,1.2592982053756714,1.3737244606018066,6.451531410217285,qmix,smacv2,protoss_5_vs_5,101,0.0
8174000,4086,2026-06-16T09:23:08.675641,3.9213004112243652,1.8500558137893677,1.478316307067871,7.6224493980407715,qmix,smacv2,protoss_5_vs_5,101,0.0
8176000,4087,2026-06-16T09:26:33.590805,3.3031888008117676,2.47094464302063,0.5306122303009033,10.622448921203613,qmix,smacv2,protoss_5_vs_5,101,0.0
8178000,4088,2026-06-16T09:29:55.661770,2.0428571701049805,1.6070163249969482,0.2448979616165161,5.6785712242126465,qmix,smacv2,protoss_5_vs_5,101,0.0
8180000,4089,2026-06-16T09:33:25.472416,2.33992338180542,1.441326379776001,0.6364795565605164,5.950254917144775,qmix,smacv2,protoss_5_vs_5,101,0.0
8182000,4090,2026-06-16T09:36:42.541508,3.9133293628692627,1.4632055759429932,1.7895408868789673,7.091836452484131,qmix,smacv2,protoss_5_vs_5,101,0.0
8184000,4091,2026-06-16T09:40:16.167462,2.802487373352051,1.2197448015213013,1.0306122303009033,5.303571701049805,qmix,smacv2,protoss_5_vs_5,101,0.0
8186000,4092,2026-06-16T09:43:56.682058,3.483928680419922,1.4910320043563843,0.9311224222183228,6.538266181945801,qmix,smacv2,protoss_5_vs_5,101,0.0
8188000,4093,2026-06-16T09:47:21.194205,4.041581630706787,1.8666359186172485,1.3877551555633545,8.36479663848877,qmix,smacv2,protoss_5_vs_5,101,0.0
8190000,4094,2026-06-16T09:50:41.773451,2.945854663848877,1.6142799854278564,0.8163264989852905,6.622448921203613,qmix,smacv2,protoss_5_vs_5,101,0.0
8192000,4095,2026-06-16T09:54:10.287216,2.975574016571045,1.7484546899795532,0.6122449040412903,6.530611991882324,qmix,smacv2,protoss_5_vs_5,101,0.0
8194000,4096,2026-06-16T09:57:46.284765,3.6682400703430176,2.4730348587036133,0.8188775777816772,9.493622779846191,qmix,smacv2,protoss_5_vs_5,101,0.0
8196000,4097,2026-06-16T10:01:10.640076,2.689413547515869,1.4464690685272217,1.0408164262771606,7.214285850524902,qmix,smacv2,protoss_5_vs_5,101,0.0
8198000,4098,2026-06-16T10:04:28.007352,2.434885263442993,1.664880633354187,0.6760203838348389,6.734694004058838,qmix,smacv2,protoss_5_vs_5,101,0.0
8200000,4099,2026-06-16T10:07:49.042923,3.2064414024353027,1.308366298675537,1.6415815353393555,6.482142448425293,qmix,smacv2,protoss_5_vs_5,101,0.0
8202000,4100,2026-06-16T10:11:07.705980,3.9973855018615723,1.6084394454956055,1.6760203838348389,7.535714626312256,qmix,smacv2,protoss_5_vs_5,101,0.0
8204000,4101,2026-06-16T10:14:23.905194,3.7291455268859863,1.591906189918518,1.7844387292861938,6.672194480895996,qmix,smacv2,protoss_5_vs_5,101,0.0
8206000,4102,2026-06-16T10:17:34.708246,3.687053680419922,2.140251398086548,0.6836735010147095,10.122448921203613,qmix,smacv2,protoss_5_vs_5,101,0.0
8208000,4103,2026-06-16T10:20:40.744052,3.3695151805877686,1.5879393815994263,1.5306122303009033,6.803572177886963,qmix,smacv2,protoss_5_vs_5,101,0.0
8210000,4104,2026-06-16T10:23:54.378713,3.751147747039795,1.7957004308700562,1.1938775777816772,7.539540767669678,qmix,smacv2,protoss_5_vs_5,101,0.0
8212000,4105,2026-06-16T10:27:02.043266,3.0363523960113525,2.258242607116699,1.1352040767669678,8.80484676361084,qmix,smacv2,protoss_5_vs_5,101,0.0
8214000,4106,2026-06-16T10:30:16.861875,2.8142218589782715,1.1236697435379028,0.9489795565605164,4.957908630371094,qmix,smacv2,protoss_5_vs_5,101,0.0
8216000,4107,2026-06-16T10:33:28.322932,2.5531251430511475,1.7422382831573486,0.6301020383834839,6.765305995941162,qmix,smacv2,protoss_5_vs_5,101,0.0
8218000,4108,2026-06-16T10:36:41.824208,3.017155647277832,1.5500150918960571,1.1390306949615479,6.654336452484131,qmix,smacv2,protoss_5_vs_5,101,0.0
8220000,4109,2026-06-16T10:39:56.365230,2.0401148796081543,1.091938853263855,0.5102040767669678,4.775509834289551,qmix,smacv2,protoss_5_vs_5,101,0.0
8222000,4110,2026-06-16T10:43:19.185191,3.5676658153533936,2.7028894424438477,0.3979591727256775,9.491070747375488,qmix,smacv2,protoss_5_vs_5,101,0.0
8224000,4111,2026-06-16T10:46:46.584228,2.7757654190063477,1.8351978063583374,0.8137754201889038,7.86734676361084,qmix,smacv2,protoss_5_vs_5,101,0.0
8226000,4112,2026-06-16T10:50:05.626523,3.854400634765625,3.0443851947784424,0.7104591727256775,11.35714340209961,qmix,smacv2,protoss_5_vs_5,101,0.0
8228000,4113,2026-06-16T10:53:28.006348,3.7482142448425293,3.360795021057129,0.44897955656051636,14.3877534866333,qmix,smacv2,protoss_5_vs_5,101,0.05000000074505806
8230000,4114,2026-06-16T10:56:50.689668,4.12289571762085,1.6111434698104858,2.0688774585723877,7.334183692932129,qmix,smacv2,protoss_5_vs_5,101,0.0
8232000,4115,2026-06-16T11:00:10.593273,3.3436858654022217,2.055588483810425,1.1938775777816772,8.26530647277832,qmix,smacv2,protoss_5_vs_5,101,0.0
8234000,4116,2026-06-16T11:03:35.953126,2.9707908630371094,1.5293846130371094,1.2729592323303223,5.76147985458374,qmix,smacv2,protoss_5_vs_5,101,0.0
8236000,4117,2026-06-16T11:06:56.688082,4.357461452484131,1.7635912895202637,1.3367347717285156,9.244897842407227,qmix,smacv2,protoss_5_vs_5,101,0.0
8238000,4118,2026-06-16T11:10:14.394049,3.123533010482788,1.2351397275924683,1.1007652282714844,5.776785850524902,qmix,smacv2,protoss_5_vs_5,101,0.0
8240000,4119,2026-06-16T11:13:46.135712,3.166071653366089,2.0527329444885254,1.2448979616165161,9.581632614135742,qmix,smacv2,protoss_5_vs_5,101,0.0
8242000,4120,2026-06-16T11:17:02.899353,3.3070151805877686,1.3497517108917236,0.9859693646430969,6.6977033615112305,qmix,smacv2,protoss_5_vs_5,101,0.0
8244000,4121,2026-06-16T11:20:20.877700,4.50994873046875,2.5311951637268066,2.191326379776001,11.948978424072266,qmix,smacv2,protoss_5_vs_5,101,0.0
8246000,4122,2026-06-16T11:23:35.021033,3.059056282043457,1.5294498205184937,0.9999998807907104,5.991071701049805,qmix,smacv2,protoss_5_vs_5,101,0.0
8248000,4123,2026-06-16T11:26:43.284229,3.1083545684814453,1.9220045804977417,0.8469387292861938,6.674744606018066,qmix,smacv2,protoss_5_vs_5,101,0.0
8250000,4124,2026-06-16T11:29:56.159626,3.9930481910705566,2.6246752738952637,1.132652997970581,10.744898796081543,qmix,smacv2,protoss_5_vs_5,101,0.0
8252000,4125,2026-06-16T11:33:05.777748,2.319005250930786,1.262352705001831,0.8571428060531616,5.456632614135742,qmix,smacv2,protoss_5_vs_5,101,0.0
8254000,4126,2026-06-16T11:36:19.034222,2.126594066619873,1.234374761581421,0.793367326259613,5.084183692932129,qmix,smacv2,protoss_5_vs_5,101,0.0
8256000,4127,2026-06-16T11:39:32.656623,2.480102300643921,1.6009447574615479,0.4591836929321289,5.517857551574707,qmix,smacv2,protoss_5_vs_5,101,0.0
8258000,4128,2026-06-16T11:42:47.166736,2.036989688873291,1.233811855316162,0.5612244606018066,5.673469066619873,qmix,smacv2,protoss_5_vs_5,101,0.0
8260000,4129,2026-06-16T11:46:02.155707,1.832334280014038,1.109705924987793,0.16326530277729034,3.8252551555633545,qmix,smacv2,protoss_5_vs_5,101,0.0
8262000,4130,2026-06-16T11:49:14.468747,2.489413022994995,1.6286790370941162,0.3979591727256775,6.854592323303223,qmix,smacv2,protoss_5_vs_5,101,0.0
8264000,4131,2026-06-16T11:52:29.510921,3.4133288860321045,1.715989112854004,0.33673471212387085,6.784438133239746,qmix,smacv2,protoss_5_vs_5,101,0.0
8266000,4132,2026-06-16T11:55:41.642420,3.046046257019043,1.7588253021240234,0.8061224222183228,6.80484676361084,qmix,smacv2,protoss_5_vs_5,101,0.0
8268000,4133,2026-06-16T11:59:02.057402,2.5855870246887207,1.4532403945922852,0.6224489212036133,5.234694004058838,qmix,smacv2,protoss_5_vs_5,101,0.0
8270000,4134,2026-06-16T12:02:19.596069,3.2448344230651855,2.1255273818969727,0.295918345451355,10.676019668579102,qmix,smacv2,protoss_5_vs_5,101,0.0
8272000,4135,2026-06-16T12:05:39.982089,2.3554847240448,1.5427902936935425,0.3979591727256775,5.950255393981934,qmix,smacv2,protoss_5_vs_5,101,0.0
8274000,4136,2026-06-16T12:08:55.101904,3.083035945892334,1.6342045068740845,0.5561224222183228,7.9897966384887695,qmix,smacv2,protoss_5_vs_5,101,0.0
8276000,4137,2026-06-16T12:12:10.145996,3.2586097717285156,1.9590710401535034,1.0612244606018066,7.665816307067871,qmix,smacv2,protoss_5_vs_5,101,0.0
8278000,4138,2026-06-16T12:15:30.643903,2.768430709838867,1.297216773033142,0.7551020383834839,5.8265299797058105,qmix,smacv2,protoss_5_vs_5,101,0.0
8280000,4139,2026-06-16T12:18:45.425254,3.1896045207977295,1.1809957027435303,1.387755036354065,6.798470497131348,qmix,smacv2,protoss_5_vs_5,101,0.0
8282000,4140,2026-06-16T12:22:01.009099,3.557206630706787,2.338430166244507,1.295918345451355,11.846939086914062,qmix,smacv2,protoss_5_vs_5,101,0.0
8284000,4141,2026-06-16T12:25:12.012481,2.4846301078796387,1.3210417032241821,1.040816307067871,6.5089287757873535,qmix,smacv2,protoss_5_vs_5,101,0.0
8286000,4142,2026-06-16T12:28:26.616563,3.0336735248565674,2.0011508464813232,0.6288265585899353,8.928571701049805,qmix,smacv2,protoss_5_vs_5,101,0.0
8288000,4143,2026-06-16T12:31:39.385880,2.7813777923583984,1.4587618112564087,1.0433672666549683,6.308673858642578,qmix,smacv2,protoss_5_vs_5,101,0.0
8290000,4144,2026-06-16T12:34:48.161908,3.206505298614502,1.6502230167388916,0.6020407676696777,6.832907676696777,qmix,smacv2,protoss_5_vs_5,101,0.0
8292000,4145,2026-06-16T12:37:56.155221,2.380293369293213,1.030710220336914,0.44897955656051636,5.551020622253418,qmix,smacv2,protoss_5_vs_5,101,0.0
8294000,4146,2026-06-16T12:41:05.125846,3.346874952316284,1.3368803262710571,1.6938775777816772,7.0816330909729,qmix,smacv2,protoss_5_vs_5,101,0.0
8296000,4147,2026-06-16T12:44:19.121432,3.083163261413574,1.4616318941116333,0.8673469424247742,5.0625,qmix,smacv2,protoss_5_vs_5,101,0.0
8298000,4148,2026-06-16T12:47:29.211421,3.899042844772339,2.565946102142334,0.3941326439380646,11.266581535339355,qmix,smacv2,protoss_5_vs_5,101,0.0
8300000,4149,2026-06-16T12:50:41.146554,3.6254467964172363,1.8220044374465942,1.0178570747375488,6.479592323303223,qmix,smacv2,protoss_5_vs_5,101,0.0
8302000,4150,2026-06-16T12:54:03.230093,2.3614158630371094,1.4818239212036133,0.16326530277729034,5.5459184646606445,qmix,smacv2,protoss_5_vs_5,101,0.0
8304000,4151,2026-06-16T12:57:13.274466,2.301466703414917,1.730519413948059,0.18367347121238708,6.048469066619873,qmix,smacv2,protoss_5_vs_5,101,0.0
8306000,4152,2026-06-16T13:00:24.883746,2.5832269191741943,1.57595694065094,0.5803571343421936,7.112245082855225,qmix,smacv2,protoss_5_vs_5,101,0.0
8308000,4153,2026-06-16T13:03:40.449233,2.6065688133239746,2.1055004596710205,0.5816326141357422,9.233418464660645,qmix,smacv2,protoss_5_vs_5,101,0.0
8310000,4154,2026-06-16T13:07:01.088877,2.8066964149475098,1.4377026557922363,0.5063775777816772,5.6594390869140625,qmix,smacv2,protoss_5_vs_5,101,0.0
8312000,4155,2026-06-16T13:10:24.304774,1.8557398319244385,1.4146966934204102,0.13265305757522583,5.774234771728516,qmix,smacv2,protoss_5_vs_5,101,0.0
8314000,4156,2026-06-16T13:13:39.682540,2.4867985248565674,1.5010817050933838,0.9056121706962585,6.232143402099609,qmix,smacv2,protoss_5_vs_5,101,0.0
8316000,4157,2026-06-16T13:17:03.780219,2.443622350692749,1.153470516204834,0.7346938848495483,4.561224460601807,qmix,smacv2,protoss_5_vs_5,101,0.0
8318000,4158,2026-06-16T13:20:25.533136,2.1683671474456787,1.1081265211105347,0.6224489808082581,4.857142925262451,qmix,smacv2,protoss_5_vs_5,101,0.0
8320000,4159,2026-06-16T13:23:52.099302,2.332716941833496,1.2426872253417969,0.7244897484779358,5.846939563751221,qmix,smacv2,protoss_5_vs_5,101,0.0
8322000,4160,2026-06-16T13:27:27.265395,3.4305484294891357,1.4984207153320312,1.7436225414276123,8.14285659790039,qmix,smacv2,protoss_5_vs_5,101,0.0
8324000,4161,2026-06-16T13:30:44.379977,4.012372016906738,2.9694814682006836,0.9846938252449036,14.489794731140137,qmix,smacv2,protoss_5_vs_5,101,0.05000000074505806
8326000,4162,2026-06-16T13:34:00.752047,3.4069511890411377,1.6693639755249023,1.1798468828201294,7.4285712242126465,qmix,smacv2,protoss_5_vs_5,101,0.0
8328000,4163,2026-06-16T13:37:33.934879,2.72436261177063,2.268157482147217,0.6734694242477417,8.5,qmix,smacv2,protoss_5_vs_5,101,0.0
8330000,4164,2026-06-16T13:40:45.544548,2.8858418464660645,1.4461121559143066,0.8469387292861938,6.391582012176514,qmix,smacv2,protoss_5_vs_5,101,0.0
8332000,4165,2026-06-16T13:43:58.226390,3.3297832012176514,2.283158302307129,1.1071429252624512,9.936224937438965,qmix,smacv2,protoss_5_vs_5,101,0.0
8334000,4166,2026-06-16T13:47:11.287140,4.112882614135742,2.131410837173462,0.8660714030265808,9.561224937438965,qmix,smacv2,protoss_5_vs_5,101,0.0
8336000,4167,2026-06-16T13:50:21.859850,2.230548620223999,1.6776542663574219,0.5102040767669678,5.781888008117676,qmix,smacv2,protoss_5_vs_5,101,0.0
8338000,4168,2026-06-16T13:53:34.418467,3.3440048694610596,3.2090933322906494,0.0,14.285715103149414,qmix,smacv2,protoss_5_vs_5,101,0.05000000074505806
8340000,4169,2026-06-16T13:56:52.728503,3.937053680419922,2.4758591651916504,1.3571428060531616,9.408163070678711,qmix,smacv2,protoss_5_vs_5,101,0.0
8342000,4170,2026-06-16T14:00:09.603790,3.582717180252075,1.6573508977890015,1.8086735010147095,7.306122779846191,qmix,smacv2,protoss_5_vs_5,101,0.0
8344000,4171,2026-06-16T14:03:27.339890,3.3332271575927734,1.413129210472107,1.1211735010147095,5.915816307067871,qmix,smacv2,protoss_5_vs_5,101,0.0
8346000,4172,2026-06-16T14:06:57.627263,3.44323992729187,1.9388436079025269,1.3150510787963867,7.112244606018066,qmix,smacv2,protoss_5_vs_5,101,0.0
8348000,4173,2026-06-16T14:10:35.609206,3.7505736351013184,1.6115895509719849,1.5688776969909668,6.63265323638916,qmix,smacv2,protoss_5_vs_5,101,0.0
8350000,4174,2026-06-16T14:14:17.162259,2.6895411014556885,2.033539056777954,0.36734694242477417,7.178572177886963,qmix,smacv2,protoss_5_vs_5,101,0.0
8352000,4175,2026-06-16T14:17:54.589921,3.3274872303009033,2.3707048892974854,0.42091837525367737,8.39795970916748,qmix,smacv2,protoss_5_vs_5,101,0.0
8354000,4176,2026-06-16T14:21:13.964662,3.4487884044647217,2.168757915496826,0.4693877696990967,9.929847717285156,qmix,smacv2,protoss_5_vs_5,101,0.0
8356000,4177,2026-06-16T14:24:32.534372,3.317410707473755,2.0293161869049072,0.7653061151504517,8.451530456542969,qmix,smacv2,protoss_5_vs_5,101,0.0
8358000,4178,2026-06-16T14:27:52.124079,2.826977014541626,1.6969313621520996,0.8163264989852905,7.580357551574707,qmix,smacv2,protoss_5_vs_5,101,0.0
8360000,4179,2026-06-16T14:31:09.992179,2.8762755393981934,1.7001919746398926,0.9502550959587097,6.577805519104004,qmix,smacv2,protoss_5_vs_5,101,0.0
8362000,4180,2026-06-16T14:34:28.370881,1.9392858743667603,1.2848622798919678,0.3877550959587097,5.918367862701416,qmix,smacv2,protoss_5_vs_5,101,0.0
8364000,4181,2026-06-16T14:37:50.110208,2.5753188133239746,2.2331900596618652,0.5102040767669678,7.452805995941162,qmix,smacv2,protoss_5_vs_5,101,0.0
8366000,4182,2026-06-16T14:41:08.748053,2.2937498092651367,1.1062506437301636,0.8163264989852905,4.438775539398193,qmix,smacv2,protoss_5_vs_5,101,0.0
8368000,4183,2026-06-16T14:44:24.509494,3.4674105644226074,1.9802377223968506,0.7831632494926453,6.780611991882324,qmix,smacv2,protoss_5_vs_5,101,0.0
8370000,4184,2026-06-16T14:47:40.587935,3.772576093673706,1.799959659576416,1.2244898080825806,7.971938133239746,qmix,smacv2,protoss_5_vs_5,101,0.0
8372000,4185,2026-06-16T14:50:50.627624,2.8420281410217285,1.7765858173370361,0.6836735010147095,9.399234771728516,qmix,smacv2,protoss_5_vs_5,101,0.0
8374000,4186,2026-06-16T14:54:01.218536,2.750701427459717,1.2898650169372559,0.6913264989852905,5.114795684814453,qmix,smacv2,protoss_5_vs_5,101,0.0
8376000,4187,2026-06-16T14:57:10.305438,2.323214054107666,1.4215723276138306,0.8163264989852905,6.938775539398193,qmix,smacv2,protoss_5_vs_5,101,0.0
8378000,4188,2026-06-16T15:00:16.569981,1.9501912593841553,1.635236144065857,0.0,6.0395402908325195,qmix,smacv2,protoss_5_vs_5,101,0.0
8380000,4189,2026-06-16T15:03:25.407921,2.303762674331665,1.4129953384399414,0.44897955656051636,5.549745082855225,qmix,smacv2,protoss_5_vs_5,101,0.0
8382000,4190,2026-06-16T15:06:36.493812,1.6231504678726196,1.1195670366287231,0.2142857015132904,4.201530456542969,qmix,smacv2,protoss_5_vs_5,101,0.0
8384000,4191,2026-06-16T15:09:48.837841,2.8808035850524902,1.380614161491394,0.5408163070678711,5.081632614135742,qmix,smacv2,protoss_5_vs_5,101,0.0
8386000,4192,2026-06-16T15:13:01.948911,2.5767221450805664,1.3250296115875244,0.4285714030265808,5.482143402099609,qmix,smacv2,protoss_5_vs_5,101,0.0
8388000,4193,2026-06-16T15:16:20.661265,2.9183671474456787,1.7085908651351929,0.7551020383834839,6.17219352722168,qmix,smacv2,protoss_5_vs_5,101,0.0
8390000,4194,2026-06-16T15:19:36.077277,2.3069517612457275,1.428242564201355,0.5204081535339355,5.173469066619873,qmix,smacv2,protoss_5_vs_5,101,0.0
8392000,4195,2026-06-16T15:23:01.427847,2.601083993911743,2.1020002365112305,0.42602044343948364,6.815051078796387,qmix,smacv2,protoss_5_vs_5,101,0.0
8394000,4196,2026-06-16T15:26:29.039796,3.3690052032470703,2.197434902191162,0.7117347121238708,9.540816307067871,qmix,smacv2,protoss_5_vs_5,101,0.0
8396000,4197,2026-06-16T15:29:55.989940,3.7269771099090576,2.033360242843628,1.0178571939468384,8.73469352722168,qmix,smacv2,protoss_5_vs_5,101,0.0
8398000,4198,2026-06-16T15:33:20.044523,3.4732143878936768,2.2614388465881348,0.6734693646430969,8.653060913085938,qmix,smacv2,protoss_5_vs_5,101,0.0
8400000,4199,2026-06-16T15:36:55.124346,2.7292730808258057,1.6965124607086182,0.7053571343421936,6.443878173828125,qmix,smacv2,protoss_5_vs_5,101,0.0
8402000,4200,2026-06-16T15:40:22.009769,2.8015942573547363,1.8251876831054688,0.9107142686843872,7.164541721343994,qmix,smacv2,protoss_5_vs_5,101,0.0
8404000,4201,2026-06-16T15:43:47.354040,3.2028064727783203,1.6165807247161865,0.5204081535339355,6.775511264801025,qmix,smacv2,protoss_5_vs_5,101,0.0
8406000,4202,2026-06-16T15:47:07.126805,2.705867052078247,2.385627508163452,0.45918363332748413,9.161989212036133,qmix,smacv2,protoss_5_vs_5,101,0.0
8408000,4203,2026-06-16T15:50:35.048132,2.9795281887054443,1.9665472507476807,0.8979591131210327,9.102041244506836,qmix,smacv2,protoss_5_vs_5,101,0.0
8410000,4204,2026-06-16T15:53:54.104373,3.2128829956054688,1.5793565511703491,1.6096938848495483,7.0714287757873535,qmix,smacv2,protoss_5_vs_5,101,0.0
8412000,4205,2026-06-16T15:57:10.654063,2.2591195106506348,1.6506373882293701,0.3163265287876129,6.94897985458374,qmix,smacv2,protoss_5_vs_5,101,0.0
8414000,4206,2026-06-16T16:00:49.799360,3.390625,2.129122734069824,1.0395408868789673,9.715560913085938,qmix,smacv2,protoss_5_vs_5,101,0.0
8416000,4207,2026-06-16T16:03:54.468768,2.372002363204956,1.0909687280654907,0.18367347121238708,5.349489688873291,qmix,smacv2,protoss_5_vs_5,101,0.0
8418000,4208,2026-06-16T16:07:04.338918,2.6404976844787598,1.322162389755249,0.6607142686843872,5.048469543457031,qmix,smacv2,protoss_5_vs_5,101,0.0
8420000,4209,2026-06-16T16:10:07.434246,3.5940051078796387,1.7478843927383423,1.3456631898880005,8.748723983764648,qmix,smacv2,protoss_5_vs_5,101,0.0
8422000,4210,2026-06-16T16:13:15.137631,3.751849412918091,1.5470420122146606,1.3137755393981934,7.13265323638916,qmix,smacv2,protoss_5_vs_5,101,0.0
8424000,4211,2026-06-16T16:16:21.215074,3.1742985248565674,1.717430591583252,1.0982142686843872,7.443877220153809,qmix,smacv2,protoss_5_vs_5,101,0.0
8426000,4212,2026-06-16T16:19:29.710731,3.7632651329040527,1.7542999982833862,0.9183673858642578,7.867347717285156,qmix,smacv2,protoss_5_vs_5,101,0.0
8428000,4213,2026-06-16T16:22:41.066680,2.91428542137146,1.5450713634490967,1.1734694242477417,7.201530456542969,qmix,smacv2,protoss_5_vs_5,101,0.0
8430000,4214,2026-06-16T16:25:59.369261,3.6088008880615234,2.060692310333252,0.5306122303009033,7.375,qmix,smacv2,protoss_5_vs_5,101,0.0
8432000,4215,2026-06-16T16:29:11.034458,3.6923470497131348,1.4643582105636597,1.292091965675354,7.783163547515869,qmix,smacv2,protoss_5_vs_5,101,0.0
8434000,4216,2026-06-16T16:32:26.083339,4.055293560028076,2.074486017227173,1.1275510787963867,8.693877220153809,qmix,smacv2,protoss_5_vs_5,101,0.0
8436000,4217,2026-06-16T16:35:41.373217,3.788264751434326,1.6785976886749268,1.4119898080825806,7.520407676696777,qmix,smacv2,protoss_5_vs_5,101,0.0
8438000,4218,2026-06-16T16:38:56.120109,3.027806282043457,1.7450337409973145,0.6938775181770325,8.469388008117676,qmix,smacv2,protoss_5_vs_5,101,0.0
8440000,4219,2026-06-16T16:42:15.344049,1.8555485010147095,1.2547539472579956,0.4795917868614197,5.728316783905029,qmix,smacv2,protoss_5_vs_5,101,0.0
8442000,4220,2026-06-16T16:45:35.496480,3.3165812492370605,1.7511388063430786,0.795918345451355,7.36734676361084,qmix,smacv2,protoss_5_vs_5,101,0.0
8444000,4221,2026-06-16T16:48:58.176479,2.5181124210357666,1.1780943870544434,0.9489795565605164,5.855867385864258,qmix,smacv2,protoss_5_vs_5,101,0.0
8446000,4222,2026-06-16T16:52:25.975572,3.3144772052764893,2.2348368167877197,0.4285714030265808,8.642857551574707,qmix,smacv2,protoss_5_vs_5,101,0.0
8448000,4223,2026-06-16T16:55:50.061441,3.6998088359832764,1.8328590393066406,1.4566327333450317,7.642856597900391,qmix,smacv2,protoss_5_vs_5,101,0.0
8450000,4224,2026-06-16T16:59:13.649461,2.225637912750244,0.9876314401626587,0.4744897782802582,4.686224460601807,qmix,smacv2,protoss_5_vs_5,101,0.0
8452000,4225,2026-06-16T17:02:32.785536,3.387882709503174,1.7060986757278442,1.2691326141357422,7.306122779846191,qmix,smacv2,protoss_5_vs_5,101,0.0
8454000,4226,2026-06-16T17:05:54.473105,3.570408344268799,1.5669949054718018,1.108418345451355,6.186224460601807,qmix,smacv2,protoss_5_vs_5,101,0.0
8456000,4227,2026-06-16T17:09:14.141044,3.5211734771728516,1.791715145111084,1.5676020383834839,8.417091369628906,qmix,smacv2,protoss_5_vs_5,101,0.0
8458000,4228,2026-06-16T17:12:28.256052,3.44751238822937,1.6200209856033325,1.086734652519226,6.612245082855225,qmix,smacv2,protoss_5_vs_5,101,0.0
8460000,4229,2026-06-16T17:15:39.047829,3.403890609741211,1.5613099336624146,1.3941326141357422,6.887755393981934,qmix,smacv2,protoss_5_vs_5,101,0.0
8462000,4230,2026-06-16T17:18:54.127519,2.8054208755493164,1.8270212411880493,0.36734694242477417,7.014030456542969,qmix,smacv2,protoss_5_vs_5,101,0.0
8464000,4231,2026-06-16T17:22:05.221944,2.4309310913085938,1.5433341264724731,0.4285714030265808,5.2334184646606445,qmix,smacv2,protoss_5_vs_5,101,0.0
8466000,4232,2026-06-16T17:25:13.497531,3.0932400226593018,1.6314517259597778,0.6326530575752258,6.326531410217285,qmix,smacv2,protoss_5_vs_5,101,0.0
8468000,4233,2026-06-16T17:28:16.958178,3.596045970916748,1.7028234004974365,1.6301019191741943,7.244897365570068,qmix,smacv2,protoss_5_vs_5,101,0.0
8470000,4234,2026-06-16T17:31:25.722307,3.0893492698669434,1.226420521736145,0.9464285969734192,4.9579081535339355,qmix,smacv2,protoss_5_vs_5,101,0.0
8472000,4235,2026-06-16T17:34:41.710776,3.6517856121063232,1.948275089263916,1.0714285373687744,8.602041244506836,qmix,smacv2,protoss_5_vs_5,101,0.0
8474000,4236,2026-06-16T17:37:59.904175,3.3702807426452637,2.231010675430298,0.9591835737228394,9.051020622253418,qmix,smacv2,protoss_5_vs_5,101,0.0
8476000,4237,2026-06-16T17:41:14.024810,3.0257015228271484,1.9608267545700073,1.0382652282714844,6.69515323638916,qmix,smacv2,protoss_5_vs_5,101,0.0
8478000,4238,2026-06-16T17:44:52.826232,2.250446319580078,1.6632297039031982,0.37627550959587097,6.536990165710449,qmix,smacv2,protoss_5_vs_5,101,0.0
8480000,4239,2026-06-16T17:48:29.167457,3.866199016571045,1.9177602529525757,1.02933669090271,7.908163547515869,qmix,smacv2,protoss_5_vs_5,101,0.0
8482000,4240,2026-06-16T17:51:53.352544,4.032079219818115,1.9612358808517456,1.4693877696990967,8.908164024353027,qmix,smacv2,protoss_5_vs_5,101,0.0
8484000,4241,2026-06-16T17:55:22.057094,4.2566328048706055,2.380949020385742,0.8877552151679993,10.459183692932129,qmix,smacv2,protoss_5_vs_5,101,0.0
8486000,4242,2026-06-16T17:59:12.693944,3.0985970497131348,2.0452730655670166,0.8571428060531616,8.614795684814453,qmix,smacv2,protoss_5_vs_5,101,0.0
8488000,4243,2026-06-16T18:02:40.619173,2.606313943862915,2.214491367340088,0.7448979616165161,10.433672904968262,qmix,smacv2,protoss_5_vs_5,101,0.0
8490000,4244,2026-06-16T18:06:13.244712,1.766517996788025,1.2327361106872559,0.0,4.102041244506836,qmix,smacv2,protoss_5_vs_5,101,0.0
8492000,4245,2026-06-16T18:09:36.148436,2.2578444480895996,1.5389155149459839,0.5510203838348389,6.035714149475098,qmix,smacv2,protoss_5_vs_5,101,0.0
8494000,4246,2026-06-16T18:12:51.980728,2.502997636795044,1.2036887407302856,0.9502550959587097,5.880102157592773,qmix,smacv2,protoss_5_vs_5,101,0.0
8496000,4247,2026-06-16T18:16:10.658120,2.982142925262451,1.652423620223999,0.44897955656051636,6.325254440307617,qmix,smacv2,protoss_5_vs_5,101,0.0
8498000,4248,2026-06-16T18:19:25.415753,3.3063137531280518,1.8593316078186035,1.125,8.581632614135742,qmix,smacv2,protoss_5_vs_5,101,0.0
8500000,4249,2026-06-16T18:22:52.733788,3.6523597240448,2.106593132019043,1.1734694242477417,10.159439086914062,qmix,smacv2,protoss_5_vs_5,101,0.0
8502000,4250,2026-06-16T18:26:07.731687,2.9928572177886963,1.3431800603866577,0.18367347121238708,5.465561389923096,qmix,smacv2,protoss_5_vs_5,101,0.0
8504000,4251,2026-06-16T18:29:21.392392,3.083163022994995,1.6233927011489868,0.8801020383834839,5.843111991882324,qmix,smacv2,protoss_5_vs_5,101,0.0
8506000,4252,2026-06-16T18:32:30.800003,2.4193875789642334,1.3945274353027344,0.3469387888908386,6.489795684814453,qmix,smacv2,protoss_5_vs_5,101,0.0
8508000,4253,2026-06-16T18:35:36.641738,2.190114974975586,1.4198094606399536,0.5204081535339355,5.786989212036133,qmix,smacv2,protoss_5_vs_5,101,0.0
8510000,4254,2026-06-16T18:38:43.236184,3.0988523960113525,1.4942712783813477,0.6530612111091614,5.797194004058838,qmix,smacv2,protoss_5_vs_5,101,0.0
8512000,4255,2026-06-16T18:41:49.099440,3.4177937507629395,1.8169186115264893,0.8979591131210327,7.968111991882324,qmix,smacv2,protoss_5_vs_5,101,0.0
8514000,4256,2026-06-16T18:44:57.029149,3.3572068214416504,1.377327799797058,1.3061225414276123,6.201530456542969,qmix,smacv2,protoss_5_vs_5,101,0.0
8516000,4257,2026-06-16T18:48:03.072713,3.31862211227417,2.1260976791381836,0.6836734414100647,8.040817260742188,qmix,smacv2,protoss_5_vs_5,101,0.0
8518000,4258,2026-06-16T18:51:10.359535,2.0719385147094727,1.755796194076538,0.18367347121238708,5.989795684814453,qmix,smacv2,protoss_5_vs_5,101,0.0
8520000,4259,2026-06-16T18:54:19.371238,2.8954720497131348,2.077404260635376,0.2142857015132904,8.325255393981934,qmix,smacv2,protoss_5_vs_5,101,0.0
8522000,4260,2026-06-16T18:57:24.346418,3.511096954345703,1.6833875179290771,1.0408164262771606,8.827807426452637,qmix,smacv2,protoss_5_vs_5,101,0.0
8524000,4261,2026-06-16T19:00:31.185313,2.975574016571045,1.6748790740966797,0.59183669090271,7.521683692932129,qmix,smacv2,protoss_5_vs_5,101,0.0
8526000,4262,2026-06-16T19:03:37.702769,2.5142219066619873,1.501962661743164,0.5408163070678711,5.302295684814453,qmix,smacv2,protoss_5_vs_5,101,0.0
8528000,4263,2026-06-16T19:06:46.981620,2.7082269191741943,2.247581720352173,0.45918363332748413,8.764030456542969,qmix,smacv2,protoss_5_vs_5,101,0.0
8530000,4264,2026-06-16T19:09:52.606138,3.7632012367248535,1.5392729043960571,1.6224489212036133,6.366071701049805,qmix,smacv2,protoss_5_vs_5,101,0.0
8532000,4265,2026-06-16T19:13:01.358951,2.6137757301330566,1.4410206079483032,0.9591835737228394,5.156888008117676,qmix,smacv2,protoss_5_vs_5,101,0.0
8534000,4266,2026-06-16T19:16:07.426369,2.8385202884674072,1.0821664333343506,1.1938774585723877,5.489796161651611,qmix,smacv2,protoss_5_vs_5,101,0.0
8536000,4267,2026-06-16T19:19:20.097216,2.98628830909729,2.3305442333221436,0.5204081535339355,9.031888961791992,qmix,smacv2,protoss_5_vs_5,101,0.0
8538000,4268,2026-06-16T19:22:24.501337,2.653954029083252,1.7680836915969849,0.6938775777816772,7.3125,qmix,smacv2,protoss_5_vs_5,101,0.0
8540000,4269,2026-06-16T19:25:30.269130,3.3462371826171875,2.3231420516967773,1.0140305757522583,10.377552032470703,qmix,smacv2,protoss_5_vs_5,101,0.0
8542000,4270,2026-06-16T19:28:35.135152,2.6132652759552,1.9392393827438354,0.2448979616165161,6.9464287757873535,qmix,smacv2,protoss_5_vs_5,101,0.0
8544000,4271,2026-06-16T19:31:47.016434,3.0302932262420654,1.6827305555343628,1.0599489212036133,6.734694004058838,qmix,smacv2,protoss_5_vs_5,101,0.0
8546000,4272,2026-06-16T19:34:54.344980,2.345216989517212,1.5927141904830933,0.36734694242477417,5.857142925262451,qmix,smacv2,protoss_5_vs_5,101,0.0
8548000,4273,2026-06-16T19:38:08.535834,3.420025587081909,3.10483717918396,0.5306122303009033,14.285713195800781,qmix,smacv2,protoss_5_vs_5,101,0.05000000074505806
8550000,4274,2026-06-16T19:41:21.206058,2.720280647277832,1.4207741022109985,1.0306122303009033,6.044642925262451,qmix,smacv2,protoss_5_vs_5,101,0.0
8552000,4275,2026-06-16T19:44:38.491957,2.990114688873291,1.453847885131836,0.9489795565605164,6.661989688873291,qmix,smacv2,protoss_5_vs_5,101,0.0
8554000,4276,2026-06-16T19:47:45.576554,2.963392734527588,2.0919814109802246,1.1224489212036133,10.728316307067871,qmix,smacv2,protoss_5_vs_5,101,0.0
8556000,4277,2026-06-16T19:50:55.323488,3.071619749069214,1.3645528554916382,0.9591835737228394,5.660714149475098,qmix,smacv2,protoss_5_vs_5,101,0.0
8558000,4278,2026-06-16T19:54:08.461040,2.9273595809936523,1.4295181035995483,0.8801020383834839,7.686224937438965,qmix,smacv2,protoss_5_vs_5,101,0.0
8560000,4279,2026-06-16T19:57:17.715402,2.9955356121063232,1.695743203163147,1.0510203838348389,7.908163547515869,qmix,smacv2,protoss_5_vs_5,101,0.0
8562000,4280,2026-06-16T20:00:26.028375,2.8495535850524902,1.873079538345337,0.8431121706962585,6.887755393981934,qmix,smacv2,protoss_5_vs_5,101,0.0
8564000,4281,2026-06-16T20:03:37.896382,2.742729663848877,1.778628945350647,0.7653061151504517,7.11734676361084,qmix,smacv2,protoss_5_vs_5,101,0.0
8566000,4282,2026-06-16T20:06:48.465215,2.664987087249756,1.344687819480896,1.4362244606018066,7.160714149475098,qmix,smacv2,protoss_5_vs_5,101,0.0
8568000,4283,2026-06-16T20:10:08.310659,3.277742385864258,2.2608180046081543,0.7946428656578064,10.144132614135742,qmix,smacv2,protoss_5_vs_5,101,0.0
8570000,4284,2026-06-16T20:13:20.833652,3.300637722015381,1.524832844734192,1.2448978424072266,6.210459232330322,qmix,smacv2,protoss_5_vs_5,101,0.0
8572000,4285,2026-06-16T20:16:39.419609,4.239030838012695,1.98402738571167,1.09183669090271,8.061223983764648,qmix,smacv2,protoss_5_vs_5,101,0.0
8574000,4286,2026-06-16T20:20:03.120571,3.248915910720825,1.895583152770996,0.6224489808082581,7.002551078796387,qmix,smacv2,protoss_5_vs_5,101,0.0
8576000,4287,2026-06-16T20:23:29.655256,3.4478955268859863,2.151265859603882,0.9974490404129028,11.237245559692383,qmix,smacv2,protoss_5_vs_5,101,0.0
8578000,4288,2026-06-16T20:26:57.761326,3.212308883666992,2.255030393600464,0.9489795565605164,8.571428298950195,qmix,smacv2,protoss_5_vs_5,101,0.0
8580000,4289,2026-06-16T20:30:03.493106,3.2417094707489014,1.5931168794631958,1.2933673858642578,8.010204315185547,qmix,smacv2,protoss_5_vs_5,101,0.0
8582000,4290,2026-06-16T20:33:11.146889,3.3836097717285156,1.1322847604751587,1.1823979616165161,5.290816307067871,qmix,smacv2,protoss_5_vs_5,101,0.0
8584000,4291,2026-06-16T20:36:20.390572,3.5584182739257812,2.345745086669922,0.9795918464660645,10.051020622253418,qmix,smacv2,protoss_5_vs_5,101,0.0
8586000,4292,2026-06-16T20:39:30.180060,3.7425384521484375,1.2228195667266846,1.7372448444366455,6.31632661819458,qmix,smacv2,protoss_5_vs_5,101,0.0
8588000,4293,2026-06-16T20:42:51.233283,3.6484057903289795,1.914283037185669,0.8469389081001282,9.285714149475098,qmix,smacv2,protoss_5_vs_5,101,0.0
8590000,4294,2026-06-16T20:46:22.630700,3.0535717010498047,1.721995234489441,1.021683692932129,7.428572177886963,qmix,smacv2,protoss_5_vs_5,101,0.0
8592000,4295,2026-06-16T20:50:00.740666,2.4495534896850586,1.4740490913391113,0.3673469126224518,6.286989688873291,qmix,smacv2,protoss_5_vs_5,101,0.0
8594000,4296,2026-06-16T20:53:42.938866,3.8507652282714844,2.0264387130737305,1.0816326141357422,7.978316307067871,qmix,smacv2,protoss_5_vs_5,101,0.0
8596000,4297,2026-06-16T20:57:13.793270,3.591071367263794,1.491754412651062,1.8252551555633545,8.346939086914062,qmix,smacv2,protoss_5_vs_5,101,0.0
8598000,4298,2026-06-16T21:00:45.148957,2.692857265472412,1.557199239730835,0.8571428060531616,6.633929252624512,qmix,smacv2,protoss_5_vs_5,101,0.0
8600000,4299,2026-06-16T21:03:59.183963,2.931377410888672,1.2614065408706665,0.8877550959587097,5.489795684814453,qmix,smacv2,protoss_5_vs_5,101,0.0
8602000,4300,2026-06-16T21:07:21.866601,3.0753188133239746,1.4177676439285278,1.6301019191741943,7.38647985458374,qmix,smacv2,protoss_5_vs_5,101,0.0
8604000,4301,2026-06-16T21:10:38.576523,3.2203445434570312,1.5664671659469604,0.9693878293037415,5.969388008117676,qmix,smacv2,protoss_5_vs_5,101,0.0
8606000,4302,2026-06-16T21:13:55.115927,3.6874358654022217,2.295316457748413,1.1071429252624512,9.55484676361084,qmix,smacv2,protoss_5_vs_5,101,0.0
8608000,4303,2026-06-16T21:17:08.370664,3.1693875789642334,1.1359935998916626,1.753826379776001,5.918367385864258,qmix,smacv2,protoss_5_vs_5,101,0.0
8610000,4304,2026-06-16T21:20:21.309782,3.293367385864258,1.6730029582977295,1.2117345333099365,7.156888008117676,qmix,smacv2,protoss_5_vs_5,101,0.0
8612000,4305,2026-06-16T21:23:33.284660,2.9452171325683594,1.5572313070297241,0.7346938848495483,6.798468589782715,qmix,smacv2,protoss_5_vs_5,101,0.0
8614000,4306,2026-06-16T21:26:45.110530,3.2571425437927246,1.5598945617675781,1.0905612707138062,6.482142448425293,qmix,smacv2,protoss_5_vs_5,101,0.0
8616000,4307,2026-06-16T21:29:58.756221,3.3686225414276123,1.8270479440689087,1.382652997970581,7.812500953674316,qmix,smacv2,protoss_5_vs_5,101,0.0
8618000,4308,2026-06-16T21:33:05.922456,3.5993621349334717,1.719469428062439,1.8571430444717407,8.10204029083252,qmix,smacv2,protoss_5_vs_5,101,0.0
8620000,4309,2026-06-16T21:36:14.675844,3.900829315185547,2.0450804233551025,1.7015306949615479,9.122448921203613,qmix,smacv2,protoss_5_vs_5,101,0.0
8622000,4310,2026-06-16T21:39:23.109251,3.0286991596221924,1.7580560445785522,0.5714285373687744,7.039541721343994,qmix,smacv2,protoss_5_vs_5,101,0.0
8624000,4311,2026-06-16T21:42:24.211375,2.6241707801818848,1.473340630531311,0.6224489808082581,5.926020622253418,qmix,smacv2,protoss_5_vs_5,101,0.0
8626000,4312,2026-06-16T21:45:35.970682,3.7015304565429688,2.2983944416046143,1.3890305757522583,11.408163070678711,qmix,smacv2,protoss_5_vs_5,101,0.0
8628000,4313,2026-06-16T21:48:44.244286,3.4175381660461426,1.81374990940094,0.7244897484779358,7.207908630371094,qmix,smacv2,protoss_5_vs_5,101,0.0
8630000,4314,2026-06-16T21:51:54.915160,2.5751278400421143,1.6116976737976074,0.8367346525192261,7.255102634429932,qmix,smacv2,protoss_5_vs_5,101,0.0
8632000,4315,2026-06-16T21:55:08.668121,3.5822067260742188,1.8631207942962646,1.1530611515045166,7.450254917144775,qmix,smacv2,protoss_5_vs_5,101,0.0
8634000,4316,2026-06-16T21:58:22.722644,2.6522958278656006,1.7364388704299927,0.3979591727256775,6.811224937438965,qmix,smacv2,protoss_5_vs_5,101,0.0
8636000,4317,2026-06-16T22:01:36.537975,3.4555485248565674,1.6822901964187622,1.4017858505249023,7.959184169769287,qmix,smacv2,protoss_5_vs_5,101,0.0
8638000,4318,2026-06-16T22:04:57.758117,3.5799107551574707,1.8435003757476807,1.0408164262771606,7.072704315185547,qmix,smacv2,protoss_5_vs_5,101,0.0
8640000,4319,2026-06-16T22:08:22.092370,2.91007661819458,1.2347033023834229,0.8877550959587097,5.6403069496154785,qmix,smacv2,protoss_5_vs_5,101,0.0
8642000,4320,2026-06-16T22:11:56.632722,3.772449016571045,2.2431745529174805,1.3647959232330322,9.479591369628906,qmix,smacv2,protoss_5_vs_5,101,0.0
8644000,4321,2026-06-16T22:15:31.499205,4.433418273925781,1.8959532976150513,1.4387754201889038,8.100765228271484,qmix,smacv2,protoss_5_vs_5,101,0.0
8646000,4322,2026-06-16T22:18:57.343276,3.261415958404541,1.444329857826233,1.459183692932129,7.4897966384887695,qmix,smacv2,protoss_5_vs_5,101,0.0
8648000,4323,2026-06-16T22:22:21.499397,3.369196653366089,1.2471994161605835,1.6007652282714844,6.043367385864258,qmix,smacv2,protoss_5_vs_5,101,0.0
8650000,4324,2026-06-16T22:25:47.604860,3.0774874687194824,1.5271432399749756,1.1938775777816772,6.734694004058838,qmix,smacv2,protoss_5_vs_5,101,0.0
8652000,4325,2026-06-16T22:29:19.373851,3.1492345333099365,2.2902815341949463,0.5510203838348389,8.5625,qmix,smacv2,protoss_5_vs_5,101,0.0
8654000,4326,2026-06-16T22:32:34.173268,2.646237373352051,1.2252612113952637,0.6326530575752258,4.6734700202941895,qmix,smacv2,protoss_5_vs_5,101,0.0
8656000,4327,2026-06-16T22:35:49.380172,2.994961738586426,1.6801360845565796,1.040816307067871,6.887754917144775,qmix,smacv2,protoss_5_vs_5,101,0.0
8658000,4328,2026-06-16T22:39:23.397331,3.2665812969207764,1.44780433177948,1.367347002029419,6.850765228271484,qmix,smacv2,protoss_5_vs_5,101,0.0
8660000,4329,2026-06-16T22:42:37.452769,2.9524874687194824,1.3970935344696045,1.3801019191741943,6.770408630371094,qmix,smacv2,protoss_5_vs_5,101,0.0
8662000,4330,2026-06-16T22:45:50.379206,4.0527424812316895,2.426699161529541,1.5,10.313776016235352,qmix,smacv2,protoss_5_vs_5,101,0.0
8664000,4331,2026-06-16T22:49:03.211716,4.055484771728516,2.261042833328247,1.3265305757522583,9.155611991882324,qmix,smacv2,protoss_5_vs_5,101,0.0
8666000,4332,2026-06-16T22:52:07.617279,3.780165910720825,2.2774176597595215,1.8558673858642578,10.144133567810059,qmix,smacv2,protoss_5_vs_5,101,0.0
8668000,4333,2026-06-16T22:55:20.691187,3.1422829627990723,1.8463133573532104,1.040816307067871,7.653061866760254,qmix,smacv2,protoss_5_vs_5,101,0.0
8670000,4334,2026-06-16T22:58:28.745055,3.4548468589782715,1.9642211198806763,0.9757653474807739,7.7844390869140625,qmix,smacv2,protoss_5_vs_5,101,0.0
8672000,4335,2026-06-16T23:01:42.820990,3.910013198852539,2.173736095428467,1.3775509595870972,8.556122779846191,qmix,smacv2,protoss_5_vs_5,101,0.0
8674000,4336,2026-06-16T23:05:29.512891,4.179656028747559,2.2149791717529297,1.4681123495101929,11.715561866760254,qmix,smacv2,protoss_5_vs_5,101,0.0
8676000,4337,2026-06-16T23:08:56.111552,2.853635311126709,0.8025149703025818,1.415816307067871,4.724490165710449,qmix,smacv2,protoss_5_vs_5,101,0.0
8678000,4338,2026-06-16T23:12:22.174901,3.8345024585723877,1.889062762260437,1.0790815353393555,8.019131660461426,qmix,smacv2,protoss_5_vs_5,101,0.0
8680000,4339,2026-06-16T23:15:55.112093,3.2452807426452637,1.8490856885910034,1.353316307067871,8.03061294555664,qmix,smacv2,protoss_5_vs_5,101,0.0
8682000,4340,2026-06-16T23:19:41.134914,3.412691116333008,1.4913513660430908,1.0204081535339355,6.375,qmix,smacv2,protoss_5_vs_5,101,0.0
8684000,4341,2026-06-16T23:23:13.545684,3.475956678390503,2.348728656768799,1.3010203838348389,10.146682739257812,qmix,smacv2,protoss_5_vs_5,101,0.0
8686000,4342,2026-06-16T23:26:39.086410,2.107015371322632,1.3115465641021729,0.6734693646430969,5.040815830230713,qmix,smacv2,protoss_5_vs_5,101,0.0
8688000,4343,2026-06-16T23:29:57.594527,3.513265609741211,1.931293249130249,1.0752551555633545,8.661989212036133,qmix,smacv2,protoss_5_vs_5,101,0.0
8690000,4344,2026-06-16T23:33:14.587510,2.846683979034424,2.0960164070129395,0.2946428656578064,7.369898796081543,qmix,smacv2,protoss_5_vs_5,101,0.0
8692000,4345,2026-06-16T23:36:31.510109,3.244324207305908,1.5869238376617432,0.9158164262771606,7.408163547515869,qmix,smacv2,protoss_5_vs_5,101,0.0
8694000,4346,2026-06-16T23:39:47.123492,2.7399871349334717,1.2133466005325317,1.3826531171798706,6.153061866760254,qmix,smacv2,protoss_5_vs_5,101,0.0
8696000,4347,2026-06-16T23:42:56.565579,3.041517734527588,1.0616086721420288,1.2474490404129028,4.614795684814453,qmix,smacv2,protoss_5_vs_5,101,0.0
8698000,4348,2026-06-16T23:46:09.769392,4.0378828048706055,1.530867338180542,1.71683669090271,7.059950351715088,qmix,smacv2,protoss_5_vs_5,101,0.0
8700000,4349,2026-06-16T23:49:27.280231,3.862882614135742,3.37357234954834,1.3737244606018066,16.53061294555664,qmix,smacv2,protoss_5_vs_5,101,0.05000000074505806
8702000,4350,2026-06-16T23:52:41.488597,3.1997451782226562,1.6454133987426758,0.3163265287876129,6.248724460601807,qmix,smacv2,protoss_5_vs_5,101,0.0
8704000,4351,2026-06-16T23:55:59.041145,4.14260196685791,1.952980637550354,1.4260202646255493,8.76530647277832,qmix,smacv2,protoss_5_vs_5,101,0.0
8706000,4352,2026-06-16T23:59:24.159124,2.205357074737549,1.5784116983413696,0.3163265287876129,6.163265228271484,qmix,smacv2,protoss_5_vs_5,101,0.0
8708000,4353,2026-06-17T00:02:46.124083,2.6026787757873535,1.801212191581726,0.4285714030265808,8.500000953674316,qmix,smacv2,protoss_5_vs_5,101,0.0
8710000,4354,2026-06-17T00:06:09.264195,3.3359055519104004,1.2840529680252075,1.4515304565429688,6.6147966384887695,qmix,smacv2,protoss_5_vs_5,101,0.0
8712000,4355,2026-06-17T00:09:33.084734,2.9593749046325684,1.4930325746536255,0.795918345451355,6.470663547515869,qmix,smacv2,protoss_5_vs_5,101,0.0
8714000,4356,2026-06-17T00:13:03.433477,3.3847572803497314,1.484025001525879,1.1938775777816772,6.571427822113037,qmix,smacv2,protoss_5_vs_5,101,0.0
8716000,4357,2026-06-17T00:16:25.970260,3.24049711227417,1.5128790140151978,1.4056122303009033,6.845663547515869,qmix,smacv2,protoss_5_vs_5,101,0.0
8718000,4358,2026-06-17T00:19:53.984114,2.9147324562072754,1.4799782037734985,0.8635204434394836,5.5,qmix,smacv2,protoss_5_vs_5,101,0.0
8720000,4359,2026-06-17T00:23:14.778299,3.709885358810425,1.6442923545837402,1.6721938848495483,6.815051078796387,qmix,smacv2,protoss_5_vs_5,101,0.0
8722000,4360,2026-06-17T00:26:43.770887,3.6213011741638184,2.440575361251831,0.7142857313156128,8.931121826171875,qmix,smacv2,protoss_5_vs_5,101,0.0
8724000,4361,2026-06-17T00:30:12.011435,2.6407527923583984,1.8867045640945435,0.9489795565605164,7.928572177886963,qmix,smacv2,protoss_5_vs_5,101,0.0
8726000,4362,2026-06-17T00:33:33.034124,2.6508288383483887,1.4042975902557373,0.5,5.24617338180542,qmix,smacv2,protoss_5_vs_5,101,0.0
8728000,4363,2026-06-17T00:36:46.709259,2.7426657676696777,1.2083967924118042,0.4285714030265808,6.317602157592773,qmix,smacv2,protoss_5_vs_5,101,0.0
8730000,4364,2026-06-17T00:40:04.675759,2.982461929321289,1.5729496479034424,1.0369898080825806,6.062499523162842,qmix,smacv2,protoss_5_vs_5,101,0.0
8732000,4365,2026-06-17T00:43:17.513795,2.4484057426452637,1.3842767477035522,0.5306122303009033,6.315051078796387,qmix,smacv2,protoss_5_vs_5,101,0.0
8734000,4366,2026-06-17T00:46:34.599893,2.6915175914764404,1.6060667037963867,0.45918363332748413,6.774233818054199,qmix,smacv2,protoss_5_vs_5,101,0.0
8736000,4367,2026-06-17T00:49:47.352855,3.3741073608398438,1.6503171920776367,1.224489688873291,6.010204315185547,qmix,smacv2,protoss_5_vs_5,101,0.0
8738000,4368,2026-06-17T00:52:55.865607,3.605229616165161,1.6238027811050415,1.2423468828201294,7.607143402099609,qmix,smacv2,protoss_5_vs_5,101,0.0
8740000,4369,2026-06-17T00:56:17.838718,3.9849491119384766,1.6849578619003296,1.3061224222183228,7.109694004058838,qmix,smacv2,protoss_5_vs_5,101,0.0
8742000,4370,2026-06-17T00:59:29.824545,2.256951332092285,1.6179355382919312,0.7040815949440002,8.387755393981934,qmix,smacv2,protoss_5_vs_5,101,0.0
8744000,4371,2026-06-17T01:02:49.634588,3.954592227935791,1.970216155052185,1.4183673858642578,8.15050983428955,qmix,smacv2,protoss_5_vs_5,101,0.0
8746000,4372,2026-06-17T01:06:14.327577,2.462627410888672,1.602331519126892,0.45918363332748413,5.0535712242126465,qmix,smacv2,protoss_5_vs_5,101,0.0
8748000,4373,2026-06-17T01:09:40.382697,3.0128188133239746,1.4626548290252686,0.6326530575752258,5.725765228271484,qmix,smacv2,protoss_5_vs_5,101,0.0
8750000,4374,2026-06-17T01:13:18.671056,3.1117985248565674,1.6713753938674927,0.9285714030265808,6.510204315185547,qmix,smacv2,protoss_5_vs_5,101,0.0
8752000,4375,2026-06-17T01:16:47.163881,2.965242385864258,1.3408561944961548,1.5918365716934204,7.3469390869140625,qmix,smacv2,protoss_5_vs_5,101,0.0
8754000,4376,2026-06-17T01:20:18.114921,2.6781251430511475,1.7865800857543945,0.8571428060531616,7.307398319244385,qmix,smacv2,protoss_5_vs_5,101,0.0
8756000,4377,2026-06-17T01:23:40.849735,4.211925983428955,1.6747163534164429,1.4247448444366455,7.863520622253418,qmix,smacv2,protoss_5_vs_5,101,0.0
8758000,4378,2026-06-17T01:27:01.566260,3.1358418464660645,1.4607163667678833,1.5318877696990967,6.665816307067871,qmix,smacv2,protoss_5_vs_5,101,0.0
8760000,4379,2026-06-17T01:30:23.064051,3.327742338180542,1.9087594747543335,0.9477041363716125,8.081632614135742,qmix,smacv2,protoss_5_vs_5,101,0.0
8762000,4380,2026-06-17T01:33:41.506535,3.1864161491394043,1.5132499933242798,1.2844387292861938,7.5,qmix,smacv2,protoss_5_vs_5,101,0.0
8764000,4381,2026-06-17T01:36:54.935503,3.8001275062561035,1.4325793981552124,1.7448980808258057,6.067602157592773,qmix,smacv2,protoss_5_vs_5,101,0.0
8766000,4382,2026-06-17T01:40:06.014112,3.474872589111328,1.6018401384353638,1.2321429252624512,7.368622779846191,qmix,smacv2,protoss_5_vs_5,101,0.0
8768000,4383,2026-06-17T01:43:16.033890,2.5850768089294434,1.6368184089660645,0.5408163070678711,6.830358028411865,qmix,smacv2,protoss_5_vs_5,101,0.0
8770000,4384,2026-06-17T01:46:31.511696,3.3470664024353027,1.4301177263259888,1.3176020383834839,6.015305995941162,qmix,smacv2,protoss_5_vs_5,101,0.0
8772000,4385,2026-06-17T01:49:33.550004,2.9897959232330322,0.9827011227607727,1.2206631898880005,4.8979597091674805,qmix,smacv2,protoss_5_vs_5,101,0.0
8774000,4386,2026-06-17T01:52:37.458193,4.205676078796387,1.582377552986145,2.2767858505249023,8.141581535339355,qmix,smacv2,protoss_5_vs_5,101,0.0
8776000,4387,2026-06-17T01:55:42.952836,3.313584089279175,1.8547309637069702,1.163265347480774,8.84949016571045,qmix,smacv2,protoss_5_vs_5,101,0.0
8778000,4388,2026-06-17T01:58:42.811437,3.166581630706787,1.2813340425491333,1.5676020383834839,6.693878173828125,qmix,smacv2,protoss_5_vs_5,101,0.0
8780000,4389,2026-06-17T02:01:41.664595,3.706122636795044,2.0785648822784424,1.6020408868789673,10.943878173828125,qmix,smacv2,protoss_5_vs_5,101,0.0
8782000,4390,2026-06-17T02:04:44.841158,3.436351776123047,1.680153727531433,1.459183692932129,7.542092323303223,qmix,smacv2,protoss_5_vs_5,101,0.0
8784000,4391,2026-06-17T02:07:47.019551,2.7062501907348633,1.5847543478012085,1.1020407676696777,6.887755393981934,qmix,smacv2,protoss_5_vs_5,101,0.0
8786000,4392,2026-06-17T02:10:59.928146,3.505675792694092,1.3592712879180908,1.6390306949615479,6.783163547515869,qmix,smacv2,protoss_5_vs_5,101,0.0
8788000,4393,2026-06-17T02:14:25.300003,3.4894134998321533,1.5364196300506592,1.0369898080825806,7.44897985458374,qmix,smacv2,protoss_5_vs_5,101,0.0
8790000,4394,2026-06-17T02:17:51.182508,3.8355865478515625,1.490870714187622,1.8647959232330322,6.780611991882324,qmix,smacv2,protoss_5_vs_5,101,0.0
8792000,4395,2026-06-17T02:21:11.936949,3.4997451305389404,1.5245282649993896,1.6734693050384521,6.734694004058838,qmix,smacv2,protoss_5_vs_5,101,0.0
8794000,4396,2026-06-17T02:24:33.260002,3.1053569316864014,1.2594351768493652,1.4387755393981934,7.112245082855225,qmix,smacv2,protoss_5_vs_5,101,0.0
8796000,4397,2026-06-17T02:28:00.254174,3.293621778488159,1.5627026557922363,1.5395407676696777,7.107142448425293,qmix,smacv2,protoss_5_vs_5,101,0.0
8798000,4398,2026-06-17T02:31:10.527250,3.4980227947235107,1.8260294198989868,1.40433669090271,9.098214149475098,qmix,smacv2,protoss_5_vs_5,101,0.0
8800000,4399,2026-06-17T02:34:27.381861,2.861224412918091,1.2889288663864136,0.9489795565605164,5.877551078796387,qmix,smacv2,protoss_5_vs_5,101,0.0
8802000,4400,2026-06-17T02:37:33.522755,2.49808669090271,1.002516269683838,0.9183672666549683,4.769132614135742,qmix,smacv2,protoss_5_vs_5,101,0.0
8804000,4401,2026-06-17T02:40:51.713170,2.5608420372009277,1.8026949167251587,0.7551020383834839,7.346938133239746,qmix,smacv2,protoss_5_vs_5,101,0.0
8806000,4402,2026-06-17T02:44:03.763437,3.1776785850524902,1.347294807434082,1.3660714626312256,6.151785373687744,qmix,smacv2,protoss_5_vs_5,101,0.0
8808000,4403,2026-06-17T02:47:12.838912,3.118622303009033,0.980385422706604,1.2895407676696777,4.7959184646606445,qmix,smacv2,protoss_5_vs_5,101,0.0
8810000,4404,2026-06-17T02:50:16.326661,4.160522937774658,1.4782283306121826,1.2755101919174194,7.091836452484131,qmix,smacv2,protoss_5_vs_5,101,0.0
8812000,4405,2026-06-17T02:53:20.198227,3.476785659790039,1.8780499696731567,0.7551020383834839,7.599489688873291,qmix,smacv2,protoss_5_vs_5,101,0.0
8814000,4406,2026-06-17T02:56:22.202119,3.768176555633545,2.10422945022583,1.3852040767669678,8.908164024353027,qmix,smacv2,protoss_5_vs_5,101,0.0
8816000,4407,2026-06-17T02:59:26.948818,3.742793321609497,1.639979600906372,1.7474491596221924,6.724489688873291,qmix,smacv2,protoss_5_vs_5,101,0.0
8818000,4408,2026-06-17T03:02:34.396345,3.6882011890411377,1.9799139499664307,0.8265305757522583,8.428571701049805,qmix,smacv2,protoss_5_vs_5,101,0.0
8820000,4409,2026-06-17T03:05:47.861476,4.444706916809082,1.982074499130249,1.5918368101119995,8.362244606018066,qmix,smacv2,protoss_5_vs_5,101,0.0
8822000,4410,2026-06-17T03:08:57.834044,3.160778045654297,1.4195681810379028,0.5510203838348389,6.125,qmix,smacv2,protoss_5_vs_5,101,0.0
8824000,4411,2026-06-17T03:12:08.890196,3.542346954345703,1.392168402671814,1.387755036354065,6.264030456542969,qmix,smacv2,protoss_5_vs_5,101,0.0
8826000,4412,2026-06-17T03:15:22.953081,2.9510843753814697,1.3026676177978516,0.8163264989852905,6.2040815353393555,qmix,smacv2,protoss_5_vs_5,101,0.0
8828000,4413,2026-06-17T03:18:55.404285,2.9585461616516113,2.3507680892944336,0.8660715222358704,11.549744606018066,qmix,smacv2,protoss_5_vs_5,101,0.0
8830000,4414,2026-06-17T03:22:14.880578,3.6545276641845703,2.4055209159851074,0.9591836929321289,10.295918464660645,qmix,smacv2,protoss_5_vs_5,101,0.0
8832000,4415,2026-06-17T03:25:32.925736,2.6537625789642334,1.0688509941101074,1.0816326141357422,5.381377696990967,qmix,smacv2,protoss_5_vs_5,101,0.0
8834000,4416,2026-06-17T03:28:47.207553,3.539222240447998,1.8079200983047485,0.9489795565605164,6.899234771728516,qmix,smacv2,protoss_5_vs_5,101,0.0
8836000,4417,2026-06-17T03:31:58.932281,2.4536354541778564,1.7812767028808594,0.3469387888908386,6.738520622253418,qmix,smacv2,protoss_5_vs_5,101,0.0
8838000,4418,2026-06-17T03:35:09.594789,3.2064414024353027,2.314753770828247,0.8329081535339355,10.540816307067871,qmix,smacv2,protoss_5_vs_5,101,0.0
8840000,4419,2026-06-17T03:38:20.301671,2.7825255393981934,1.4316504001617432,1.3852040767669678,6.512755393981934,qmix,smacv2,protoss_5_vs_5,101,0.0
8842000,4420,2026-06-17T03:41:35.179540,2.840625047683716,1.761755347251892,0.8137755393981934,6.7040815353393555,qmix,smacv2,protoss_5_vs_5,101,0.0
8844000,4421,2026-06-17T03:44:50.769845,3.097512722015381,2.125011444091797,0.4387754797935486,7.765305995941162,qmix,smacv2,protoss_5_vs_5,101,0.0
8846000,4422,2026-06-17T03:48:03.184890,3.836606979370117,1.4807662963867188,1.9349489212036133,7.307398319244385,qmix,smacv2,protoss_5_vs_5,101,0.0
8848000,4423,2026-06-17T03:51:24.130846,2.655930995941162,1.9868457317352295,0.7461734414100647,9.193877220153809,qmix,smacv2,protoss_5_vs_5,101,0.0
8850000,4424,2026-06-17T03:54:42.282474,2.688265323638916,1.2621749639511108,1.1224490404129028,5.348214149475098,qmix,smacv2,protoss_5_vs_5,101,0.0
8852000,4425,2026-06-17T03:58:00.193322,3.39247465133667,1.436003565788269,1.3265305757522583,6.275510311126709,qmix,smacv2,protoss_5_vs_5,101,0.0
8854000,4426,2026-06-17T04:01:12.065930,3.6563773155212402,1.566087007522583,1.5510203838348389,8.103315353393555,qmix,smacv2,protoss_5_vs_5,101,0.0
8856000,4427,2026-06-17T04:04:31.784439,3.3595027923583984,2.2795324325561523,0.8647958636283875,10.980867385864258,qmix,smacv2,protoss_5_vs_5,101,0.0
8858000,4428,2026-06-17T04:07:56.314031,2.514540910720825,1.5433297157287598,0.8022958636283875,6.867347717285156,qmix,smacv2,protoss_5_vs_5,101,0.0
8860000,4429,2026-06-17T04:11:15.381069,2.7600128650665283,1.7017271518707275,1.0816326141357422,6.905612945556641,qmix,smacv2,protoss_5_vs_5,101,0.0
8862000,4430,2026-06-17T04:14:40.020407,2.972130298614502,1.8654953241348267,0.7857142686843872,8.602041244506836,qmix,smacv2,protoss_5_vs_5,101,0.0
8864000,4431,2026-06-17T04:17:53.521468,2.328061103820801,1.5197479724884033,0.5650510191917419,6.705356597900391,qmix,smacv2,protoss_5_vs_5,101,0.0
8866000,4432,2026-06-17T04:21:00.459651,3.008354663848877,1.677618384361267,1.4260203838348389,7.13265323638916,qmix,smacv2,protoss_5_vs_5,101,0.0
8868000,4433,2026-06-17T04:24:14.404628,3.7213644981384277,1.4671523571014404,1.334183692932129,6.591836452484131,qmix,smacv2,protoss_5_vs_5,101,0.0
8870000,4434,2026-06-17T04:27:29.033252,2.519770383834839,1.005601167678833,1.5038264989852905,5.860969543457031,qmix,smacv2,protoss_5_vs_5,101,0.0
8872000,4435,2026-06-17T04:30:41.366994,2.742347240447998,1.2769873142242432,0.7244898080825806,5.173469066619873,qmix,smacv2,protoss_5_vs_5,101,0.0
8874000,4436,2026-06-17T04:33:52.952060,2.5748085975646973,1.1003273725509644,0.9693878293037415,4.950254440307617,qmix,smacv2,protoss_5_vs_5,101,0.0
8876000,4437,2026-06-17T04:37:05.921786,3.044961929321289,1.8575104475021362,0.9693878293037415,7.246173858642578,qmix,smacv2,protoss_5_vs_5,101,0.0
8878000,4438,2026-06-17T04:40:16.562093,2.503061294555664,1.5823256969451904,0.6211734414100647,6.235969066619873,qmix,smacv2,protoss_5_vs_5,101,0.0
8880000,4439,2026-06-17T04:43:30.586131,2.430994749069214,1.2957665920257568,0.5306122303009033,5.029336452484131,qmix,smacv2,protoss_5_vs_5,101,0.0
8882000,4440,2026-06-17T04:46:40.289504,2.684375286102295,1.7219351530075073,1.0816326141357422,7.225764274597168,qmix,smacv2,protoss_5_vs_5,101,0.0
8884000,4441,2026-06-17T04:49:49.740833,2.346874713897705,1.517286777496338,0.8469389081001282,6.040816307067871,qmix,smacv2,protoss_5_vs_5,101,0.0
8886000,4442,2026-06-17T04:52:59.554101,3.3752551078796387,1.6099894046783447,1.0025510787963867,7.122448921203613,qmix,smacv2,protoss_5_vs_5,101,0.0
8888000,4443,2026-06-17T04:56:09.652282,3.1709184646606445,1.8033055067062378,1.15816330909729,7.2040815353393555,qmix,smacv2,protoss_5_vs_5,101,0.0
8890000,4444,2026-06-17T04:59:18.114398,3.42748761177063,1.9976040124893188,1.6096938848495483,10.173469543457031,qmix,smacv2,protoss_5_vs_5,101,0.0
8892000,4445,2026-06-17T05:02:37.102045,2.8317599296569824,1.5311121940612793,0.9795918464660645,6.530611991882324,qmix,smacv2,protoss_5_vs_5,101,0.0
8894000,4446,2026-06-17T05:05:57.673281,3.0619900226593018,1.8090665340423584,1.25382661819458,7.192601680755615,qmix,smacv2,protoss_5_vs_5,101,0.0
8896000,4447,2026-06-17T05:09:19.694636,3.1605868339538574,2.1095123291015625,0.3163265287876129,7.580357551574707,qmix,smacv2,protoss_5_vs_5,101,0.0
8898000,4448,2026-06-17T05:12:44.109068,3.778252363204956,2.31658935546875,1.1734694242477417,10.399235725402832,qmix,smacv2,protoss_5_vs_5,101,0.0
8900000,4449,2026-06-17T05:16:05.803341,2.7749361991882324,1.2634409666061401,1.0625,6.7040815353393555,qmix,smacv2,protoss_5_vs_5,101,0.0
8902000,4450,2026-06-17T05:19:47.544456,2.999617576599121,1.8387012481689453,0.6836735010147095,7.286990165710449,qmix,smacv2,protoss_5_vs_5,101,0.0
8904000,4451,2026-06-17T05:23:18.759482,2.2570152282714844,1.4683129787445068,0.33673471212387085,5.632653713226318,qmix,smacv2,protoss_5_vs_5,101,0.0
8906000,4452,2026-06-17T05:26:50.798839,2.8984055519104004,1.8765442371368408,0.7104591727256775,7.969388008117676,qmix,smacv2,protoss_5_vs_5,101,0.0
8908000,4453,2026-06-17T05:30:19.751592,2.7982141971588135,1.3989919424057007,1.1938774585723877,6.577805995941162,qmix,smacv2,protoss_5_vs_5,101,0.0
8910000,4454,2026-06-17T05:33:41.637440,2.6178572177886963,1.5737950801849365,0.8635204434394836,6.520408630371094,qmix,smacv2,protoss_5_vs_5,101,0.0
8912000,4455,2026-06-17T05:36:56.495573,2.9890944957733154,0.9337594509124756,2.0204079151153564,5.102040767669678,qmix,smacv2,protoss_5_vs_5,101,0.0
8914000,4456,2026-06-17T05:40:13.466567,3.2772960662841797,1.627110481262207,1.4795918464660645,6.965561866760254,qmix,smacv2,protoss_5_vs_5,101,0.0
8916000,4457,2026-06-17T05:43:33.054900,2.950191020965576,1.5226243734359741,1.4438774585723877,6.651785850524902,qmix,smacv2,protoss_5_vs_5,101,0.0
8918000,4458,2026-06-17T05:46:50.029667,3.4605865478515625,2.3084492683410645,1.2142857313156128,8.65050983428955,qmix,smacv2,protoss_5_vs_5,101,0.0
8920000,4459,2026-06-17T05:50:02.994221,3.0273597240448,1.7226253747940063,1.4642856121063232,7.4158172607421875,qmix,smacv2,protoss_5_vs_5,101,0.0
8922000,4460,2026-06-17T05:53:14.592554,2.7304205894470215,1.0610495805740356,1.1938774585723877,4.38647985458374,qmix,smacv2,protoss_5_vs_5,101,0.0
8924000,4461,2026-06-17T05:56:29.447578,3.4003825187683105,1.5345021486282349,0.8163264989852905,7.813775062561035,qmix,smacv2,protoss_5_vs_5,101,0.0
8926000,4462,2026-06-17T05:59:47.085872,2.7890305519104004,1.4827830791473389,1.1938776969909668,5.660714149475098,qmix,smacv2,protoss_5_vs_5,101,0.0
8928000,4463,2026-06-17T06:03:03.120633,2.7498085498809814,1.1282964944839478,0.6632652878761292,5.051020622253418,qmix,smacv2,protoss_5_vs_5,101,0.0
8930000,4464,2026-06-17T06:06:24.551784,3.1630101203918457,1.7213501930236816,0.9030612707138062,7.4183669090271,qmix,smacv2,protoss_5_vs_5,101,0.0
8932000,4465,2026-06-17T06:10:00.480389,2.5526785850524902,1.2905333042144775,1.0714285373687744,5.530612468719482,qmix,smacv2,protoss_5_vs_5,101,0.0
8934000,4466,2026-06-17T06:14:07.331071,2.9536352157592773,2.1317756175994873,0.36734694242477417,9.461734771728516,qmix,smacv2,protoss_5_vs_5,101,0.0
8936000,4467,2026-06-17T06:17:36.449296,1.6789543628692627,1.1495344638824463,0.5318877696990967,4.818877696990967,qmix,smacv2,protoss_5_vs_5,101,0.0
8938000,4468,2026-06-17T06:20:56.152872,3.5482780933380127,1.9565364122390747,1.40433669090271,7.755102634429932,qmix,smacv2,protoss_5_vs_5,101,0.0
8940000,4469,2026-06-17T06:24:28.187556,3.0855231285095215,1.7402383089065552,1.1084184646606445,7.000000953674316,qmix,smacv2,protoss_5_vs_5,101,0.0
8942000,4470,2026-06-17T06:27:48.322601,3.1566967964172363,1.530114769935608,0.8061224222183228,6.470663547515869,qmix,smacv2,protoss_5_vs_5,101,0.0
8944000,4471,2026-06-17T06:31:06.085485,2.9221301078796387,1.860329270362854,0.7653061151504517,7.058672904968262,qmix,smacv2,protoss_5_vs_5,101,0.0
8946000,4472,2026-06-17T06:34:28.290308,3.157844305038452,1.7300927639007568,1.3545918464660645,6.077805995941162,qmix,smacv2,protoss_5_vs_5,101,0.0
8948000,4473,2026-06-17T06:37:46.372815,3.3116068840026855,2.334024667739868,0.6020407676696777,10.076530456542969,qmix,smacv2,protoss_5_vs_5,101,0.0
8950000,4474,2026-06-17T06:41:00.948025,3.1572704315185547,2.0501112937927246,1.0306122303009033,7.969388008117676,qmix,smacv2,protoss_5_vs_5,101,0.0
8952000,4475,2026-06-17T06:44:16.754694,3.150510311126709,1.6220184564590454,1.4426019191741943,6.200255393981934,qmix,smacv2,protoss_5_vs_5,101,0.0
8954000,4476,2026-06-17T06:47:35.258336,3.1873087882995605,2.4424967765808105,0.7244898080825806,10.530611991882324,qmix,smacv2,protoss_5_vs_5,101,0.0
8956000,4477,2026-06-17T06:50:44.814673,2.2438135147094727,0.9970592856407166,1.0102040767669678,4.433672904968262,qmix,smacv2,protoss_5_vs_5,101,0.0
8958000,4478,2026-06-17T06:53:51.524348,3.719196319580078,2.5908596515655518,0.7551020383834839,11.622448921203613,qmix,smacv2,protoss_5_vs_5,101,0.0
8960000,4479,2026-06-17T06:56:56.148682,3.320472002029419,1.3063390254974365,1.163265347480774,6.345663547515869,qmix,smacv2,protoss_5_vs_5,101,0.0
8962000,4480,2026-06-17T07:00:06.611992,3.9630095958709717,1.7168159484863281,2.036989688873291,8.602041244506836,qmix,smacv2,protoss_5_vs_5,101,0.0
8964000,4481,2026-06-17T07:03:22.313925,3.247640609741211,1.7113187313079834,0.9387754201889038,6.255102157592773,qmix,smacv2,protoss_5_vs_5,101,0.0
8966000,4482,2026-06-17T07:06:44.659745,3.2920913696289062,1.99317467212677,1.4349489212036133,7.528061866760254,qmix,smacv2,protoss_5_vs_5,101,0.0
8968000,4483,2026-06-17T07:10:08.839270,2.427232027053833,1.8599088191986084,0.13265305757522583,7.854591369628906,qmix,smacv2,protoss_5_vs_5,101,0.0
8970000,4484,2026-06-17T07:13:48.440098,3.83992338180542,2.4192512035369873,1.4693876504898071,10.64285659790039,qmix,smacv2,protoss_5_vs_5,101,0.0
8972000,4485,2026-06-17T07:17:29.892821,2.8315048217773438,1.7072134017944336,0.4795917868614197,5.571428298950195,qmix,smacv2,protoss_5_vs_5,101,0.0
8974000,4486,2026-06-17T07:20:49.710904,3.5989158153533936,1.5892376899719238,1.3061223030090332,7.123724937438965,qmix,smacv2,protoss_5_vs_5,101,0.0
8976000,4487,2026-06-17T07:24:13.632537,2.9147961139678955,1.120859146118164,0.7614795565605164,5.887755393981934,qmix,smacv2,protoss_5_vs_5,101,0.0
8978000,4488,2026-06-17T07:27:34.017783,2.5320792198181152,1.46639084815979,0.8048469424247742,6.775509834289551,qmix,smacv2,protoss_5_vs_5,101,0.0
8980000,4489,2026-06-17T07:30:56.495494,3.384821653366089,1.3881915807724,1.8494895696640015,6.479592323303223,qmix,smacv2,protoss_5_vs_5,101,0.0
8982000,4490,2026-06-17T07:34:17.933718,3.0959181785583496,1.3728646039962769,1.09183669090271,6.1875,qmix,smacv2,protoss_5_vs_5,101,0.0
8984000,4491,2026-06-17T07:37:34.965156,3.9822700023651123,1.912095069885254,1.97066330909729,8.27550983428955,qmix,smacv2,protoss_5_vs_5,101,0.0
8986000,4492,2026-06-17T07:40:47.036804,2.591900587081909,1.3486419916152954,1.0063775777816772,6.132653713226318,qmix,smacv2,protoss_5_vs_5,101,0.0
8988000,4493,2026-06-17T07:44:01.776100,3.4884567260742188,1.6541509628295898,1.3979592323303223,7.776785373687744,qmix,smacv2,protoss_5_vs_5,101,0.0
8990000,4494,2026-06-17T07:47:11.544399,2.7684948444366455,1.4619035720825195,0.6224489808082581,5.68367338180542,qmix,smacv2,protoss_5_vs_5,101,0.0
8992000,4495,2026-06-17T07:50:24.880893,2.2955355644226074,1.4635956287384033,0.8571428060531616,5.612245082855225,qmix,smacv2,protoss_5_vs_5,101,0.0
8994000,4496,2026-06-17T07:53:38.937753,3.2940051555633545,2.2421634197235107,1.5178570747375488,10.589286804199219,qmix,smacv2,protoss_5_vs_5,101,0.0
8996000,4497,2026-06-17T07:56:59.570027,3.8911991119384766,1.7860913276672363,1.4158164262771606,7.8022966384887695,qmix,smacv2,protoss_5_vs_5,101,0.0
8998000,4498,2026-06-17T08:00:24.209517,3.1083545684814453,1.9193620681762695,0.8341836929321289,8.885204315185547,qmix,smacv2,protoss_5_vs_5,101,0.0
9000000,4499,2026-06-17T08:03:57.943126,2.4130101203918457,1.4016014337539673,0.295918345451355,5.119897365570068,qmix,smacv2,protoss_5_vs_5,101,0.0
9002000,4500,2026-06-17T08:07:31.983648,3.1214287281036377,1.6991904973983765,1.1122448444366455,6.183673858642578,qmix,smacv2,protoss_5_vs_5,101,0.0
9004000,4501,2026-06-17T08:11:16.216729,2.9438138008117676,1.5398287773132324,1.2933673858642578,6.716836452484131,qmix,smacv2,protoss_5_vs_5,101,0.0
9006000,4502,2026-06-17T08:14:40.108871,3.189795970916748,1.573824167251587,0.8469387888908386,6.238520622253418,qmix,smacv2,protoss_5_vs_5,101,0.0
9008000,4503,2026-06-17T08:18:09.284695,3.0783801078796387,1.6828346252441406,0.8877552151679993,7.533163547515869,qmix,smacv2,protoss_5_vs_5,101,0.0
9010000,4504,2026-06-17T08:21:29.201906,3.336479663848877,1.7935792207717896,0.6326530575752258,6.612245082855225,qmix,smacv2,protoss_5_vs_5,101,0.0
9012000,4505,2026-06-17T08:24:47.422074,3.4678568840026855,1.8079006671905518,1.0637755393981934,8.32015323638916,qmix,smacv2,protoss_5_vs_5,101,0.0
9014000,4506,2026-06-17T08:28:04.297594,2.865370035171509,1.0932047367095947,1.1096938848495483,5.528061389923096,qmix,smacv2,protoss_5_vs_5,101,0.0
9016000,4507,2026-06-17T08:31:21.332784,3.3021044731140137,1.5507309436798096,0.6326530575752258,6.4285712242126465,qmix,smacv2,protoss_5_vs_5,101,0.0
9018000,4508,2026-06-17T08:34:36.922128,3.089158296585083,1.537519931793213,1.3647959232330322,6.355867385864258,qmix,smacv2,protoss_5_vs_5,101,0.0
9020000,4509,2026-06-17T08:37:51.231318,2.8226399421691895,2.0363874435424805,0.36734694242477417,7.565051078796387,qmix,smacv2,protoss_5_vs_5,101,0.0
9022000,4510,2026-06-17T08:41:02.388415,2.186033248901367,1.4331251382827759,0.18367347121238708,5.7040815353393555,qmix,smacv2,protoss_5_vs_5,101,0.0
9024000,4511,2026-06-17T08:44:06.676352,2.3579719066619873,0.8372934460639954,0.7448979616165161,3.4693877696990967,qmix,smacv2,protoss_5_vs_5,101,0.0
9026000,4512,2026-06-17T08:47:15.371594,2.9902422428131104,1.7986518144607544,0.7678570747375488,6.969388008117676,qmix,smacv2,protoss_5_vs_5,101,0.0
9028000,4513,2026-06-17T08:50:30.238516,2.854017972946167,1.1867001056671143,1.040816307067871,5.839285850524902,qmix,smacv2,protoss_5_vs_5,101,0.0
9030000,4514,2026-06-17T08:53:43.068910,4.250063896179199,2.2737581729888916,2.1122450828552246,11.306122779846191,qmix,smacv2,protoss_5_vs_5,101,0.0
9032000,4515,2026-06-17T08:57:05.607797,3.1056761741638184,1.5195664167404175,1.8431122303009033,8.668367385864258,qmix,smacv2,protoss_5_vs_5,101,0.0
9034000,4516,2026-06-17T09:00:25.968986,3.990370273590088,2.003236770629883,1.1020407676696777,7.340561866760254,qmix,smacv2,protoss_5_vs_5,101,0.0
9036000,4517,2026-06-17T09:03:56.343434,3.1149232387542725,1.9666290283203125,0.3469387888908386,7.285714149475098,qmix,smacv2,protoss_5_vs_5,101,0.0
9038000,4518,2026-06-17T09:07:38.901208,2.5477676391601562,1.1997021436691284,0.6122448444366455,5.653061389923096,qmix,smacv2,protoss_5_vs_5,101,0.0
9040000,4519,2026-06-17T09:11:11.937503,3.312819004058838,1.956790804862976,1.163265347480774,9.258928298950195,qmix,smacv2,protoss_5_vs_5,101,0.0
9042000,4520,2026-06-17T09:14:47.095141,4.035522937774658,1.919295310974121,1.6760203838348389,8.316326141357422,qmix,smacv2,protoss_5_vs_5,101,0.0
9044000,4521,2026-06-17T09:18:15.694534,2.9667727947235107,1.041318416595459,1.1709182262420654,5.173469066619873,qmix,smacv2,protoss_5_vs_5,101,0.0
9046000,4522,2026-06-17T09:21:46.940027,3.370408296585083,1.7638204097747803,1.0778061151504517,6.941327095031738,qmix,smacv2,protoss_5_vs_5,101,0.0
9048000,4523,2026-06-17T09:25:07.065615,3.4852676391601562,2.1704089641571045,0.6428571343421936,7.957907676696777,qmix,smacv2,protoss_5_vs_5,101,0.0
9050000,4524,2026-06-17T09:28:22.011663,3.3177294731140137,1.5917469263076782,1.34566330909729,7.223214626312256,qmix,smacv2,protoss_5_vs_5,101,0.0
9052000,4525,2026-06-17T09:31:39.032507,3.3855228424072266,1.9348934888839722,0.8265306353569031,7.377551078796387,qmix,smacv2,protoss_5_vs_5,101,0.0
9054000,4526,2026-06-17T09:34:57.028603,3.4998726844787598,1.8310058116912842,1.2359694242477417,8.091836929321289,qmix,smacv2,protoss_5_vs_5,101,0.0
9056000,4527,2026-06-17T09:38:10.642485,2.991262435913086,1.8032968044281006,1.4336735010147095,8.71938705444336,qmix,smacv2,protoss_5_vs_5,101,0.0
9058000,4528,2026-06-17T09:41:25.412357,3.3744895458221436,1.9371013641357422,1.554847002029419,9.081632614135742,qmix,smacv2,protoss_5_vs_5,101,0.0
9060000,4529,2026-06-17T09:44:31.776406,3.2171554565429688,1.7723416090011597,1.00382661819458,8.50765323638916,qmix,smacv2,protoss_5_vs_5,101,0.0
9062000,4530,2026-06-17T09:47:40.383925,2.1050381660461426,1.326493740081787,0.5,5.086734294891357,qmix,smacv2,protoss_5_vs_5,101,0.0
9064000,4531,2026-06-17T09:50:52.024659,3.3751277923583984,2.1981098651885986,0.8673469424247742,10.816327095031738,qmix,smacv2,protoss_5_vs_5,101,0.0
9066000,4532,2026-06-17T09:54:05.102079,3.1568875312805176,1.6879509687423706,1.0522959232330322,6.163265228271484,qmix,smacv2,protoss_5_vs_5,101,0.0
9068000,4533,2026-06-17T09:57:22.438711,3.6461093425750732,2.27070689201355,1.6007652282714844,10.040816307067871,qmix,smacv2,protoss_5_vs_5,101,0.0
9070000,4534,2026-06-17T10:00:48.651971,3.0656254291534424,1.6615324020385742,0.9948979616165161,6.9655609130859375,qmix,smacv2,protoss_5_vs_5,101,0.0
9072000,4535,2026-06-17T10:04:09.010510,3.1110332012176514,1.738211989402771,0.7385203838348389,7.693877220153809,qmix,smacv2,protoss_5_vs_5,101,0.0
9074000,4536,2026-06-17T10:07:30.896441,3.373532772064209,1.894109845161438,0.8265305757522583,6.9540815353393555,qmix,smacv2,protoss_5_vs_5,101,0.0
9076000,4537,2026-06-17T10:10:59.803865,2.832397937774658,1.6851670742034912,0.7895408272743225,6.034438610076904,qmix,smacv2,protoss_5_vs_5,101,0.0
9078000,4538,2026-06-17T10:14:22.229934,2.7582907676696777,1.051135778427124,1.0318877696990967,5.161989688873291,qmix,smacv2,protoss_5_vs_5,101,0.0
9080000,4539,2026-06-17T10:17:47.802217,2.7767221927642822,1.0238233804702759,1.2653061151504517,5.440051555633545,qmix,smacv2,protoss_5_vs_5,101,0.0
9082000,4540,2026-06-17T10:21:13.310663,2.953890323638916,1.7498760223388672,0.9170918464660645,6.424744606018066,qmix,smacv2,protoss_5_vs_5,101,0.0
9084000,4541,2026-06-17T10:24:30.618081,2.9636478424072266,1.4794535636901855,0.9732142686843872,7.2040815353393555,qmix,smacv2,protoss_5_vs_5,101,0.0
9086000,4542,2026-06-17T10:27:51.466661,2.8633925914764404,2.239818811416626,0.9681121706962585,8.645408630371094,qmix,smacv2,protoss_5_vs_5,101,0.0
9088000,4543,2026-06-17T10:31:07.078500,2.6343111991882324,1.3600468635559082,0.44897955656051636,6.164541244506836,qmix,smacv2,protoss_5_vs_5,101,0.0
9090000,4544,2026-06-17T10:34:16.843966,3.4308032989501953,1.6253160238265991,1.1096937656402588,7.3227033615112305,qmix,smacv2,protoss_5_vs_5,101,0.0
9092000,4545,2026-06-17T10:37:25.084932,2.1134567260742188,0.784622073173523,0.6734693646430969,3.507652997970581,qmix,smacv2,protoss_5_vs_5,101,0.0
9094000,4546,2026-06-17T10:40:35.713336,3.0965559482574463,1.1959174871444702,1.8367345333099365,6.979592323303223,qmix,smacv2,protoss_5_vs_5,101,0.0
9096000,4547,2026-06-17T10:43:45.056974,3.342921018600464,1.545829176902771,1.695152997970581,7.633927822113037,qmix,smacv2,protoss_5_vs_5,101,0.0
9098000,4548,2026-06-17T10:46:52.407602,3.0012755393981934,2.093512535095215,0.9387754201889038,7.626275539398193,qmix,smacv2,protoss_5_vs_5,101,0.0
9100000,4549,2026-06-17T10:49:59.687292,3.4693875312805176,2.025495767593384,0.8877550363540649,8.651786804199219,qmix,smacv2,protoss_5_vs_5,101,0.0
9102000,4550,2026-06-17T10:53:07.038708,3.1674745082855225,1.5330029726028442,0.8673468828201294,6.4375,qmix,smacv2,protoss_5_vs_5,101,0.0
9104000,4551,2026-06-17T10:56:12.408944,2.34177303314209,1.2550852298736572,0.5408163070678711,5.234694004058838,qmix,smacv2,protoss_5_vs_5,101,0.0
9106000,4552,2026-06-17T10:59:17.378992,2.8619258403778076,1.7967274188995361,0.8265306353569031,8.943877220153809,qmix,smacv2,protoss_5_vs_5,101,0.0
9108000,4553,2026-06-17T11:02:20.127481,3.70695161819458,1.9450585842132568,1.132652997970581,8.112244606018066,qmix,smacv2,protoss_5_vs_5,101,0.0
9110000,4554,2026-06-17T11:05:22.938283,3.266773223876953,1.7997645139694214,0.9081632494926453,6.2219390869140625,qmix,smacv2,protoss_5_vs_5,101,0.0
9112000,4555,2026-06-17T11:08:23.381969,3.836033344268799,3.3176207542419434,0.7551020383834839,12.081632614135742,qmix,smacv2,protoss_5_vs_5,101,0.0
9114000,4556,2026-06-17T11:11:20.455938,3.226785659790039,1.4580589532852173,1.209183692932129,6.366071701049805,qmix,smacv2,protoss_5_vs_5,101,0.0
9116000,4557,2026-06-17T11:14:18.954757,2.581887722015381,1.5836033821105957,0.7551020383834839,7.051019191741943,qmix,smacv2,protoss_5_vs_5,101,0.0
9118000,4558,2026-06-17T11:17:21.549223,3.2714285850524902,1.827623963356018,0.9158163070678711,7.75765323638916,qmix,smacv2,protoss_5_vs_5,101,0.0
9120000,4559,2026-06-17T11:20:29.690599,2.7855868339538574,1.3427835702896118,0.7346938848495483,5.714285850524902,qmix,smacv2,protoss_5_vs_5,101,0.0
9122000,4560,2026-06-17T11:23:32.364072,2.8790178298950195,1.1726021766662598,1.4387755393981934,5.373724460601807,qmix,smacv2,protoss_5_vs_5,101,0.0
9124000,4561,2026-06-17T11:26:36.164587,2.738966703414917,2.1366655826568604,0.3469387888908386,7.811224460601807,qmix,smacv2,protoss_5_vs_5,101,0.0
9126000,4562,2026-06-17T11:29:38.802096,3.772576093673706,1.8574447631835938,1.6989796161651611,9.005101203918457,qmix,smacv2,protoss_5_vs_5,101,0.0
9128000,4563,2026-06-17T11:32:45.477120,3.1789538860321045,1.5634829998016357,1.0573980808258057,6.131377696990967,qmix,smacv2,protoss_5_vs_5,101,0.0
9130000,4564,2026-06-17T11:36:05.042081,2.7079081535339355,1.2270278930664062,0.5510203838348389,6.0816330909729,qmix,smacv2,protoss_5_vs_5,101,0.0
9132000,4565,2026-06-17T11:39:21.369914,3.1069514751434326,1.1315196752548218,1.1020408868789673,5.918367385864258,qmix,smacv2,protoss_5_vs_5,101,0.0
9134000,4566,2026-06-17T11:42:51.826037,3.172959327697754,1.9581366777420044,0.18367347121238708,7.642857551574707,qmix,smacv2,protoss_5_vs_5,101,0.0
9136000,4567,2026-06-17T11:46:01.485279,3.422576427459717,1.5646440982818604,0.8456631898880005,6.30867338180542,qmix,smacv2,protoss_5_vs_5,101,0.0
9138000,4568,2026-06-17T11:49:12.693698,3.302232265472412,1.561736822128296,1.0612244606018066,7.316327095031738,qmix,smacv2,protoss_5_vs_5,101,0.0
9140000,4569,2026-06-17T11:52:28.970580,4.029463768005371,1.9377555847167969,1.55867338180542,9.105868339538574,qmix,smacv2,protoss_5_vs_5,101,0.0
9142000,4570,2026-06-17T11:55:44.122502,2.6618621349334717,1.6365329027175903,0.49744898080825806,5.908163070678711,qmix,smacv2,protoss_5_vs_5,101,0.0
9144000,4571,2026-06-17T11:59:04.983670,2.63871169090271,1.4899441003799438,0.7831632494926453,6.017857074737549,qmix,smacv2,protoss_5_vs_5,101,0.0
9146000,4572,2026-06-17T12:02:22.692925,3.77512788772583,2.0835859775543213,0.8061224222183228,10.094388961791992,qmix,smacv2,protoss_5_vs_5,101,0.0
9148000,4573,2026-06-17T12:05:34.801462,1.6599490642547607,1.0435352325439453,0.3265306055545807,4.325254917144775,qmix,smacv2,protoss_5_vs_5,101,0.0
9150000,4574,2026-06-17T12:08:56.168702,2.9098215103149414,1.4023492336273193,1.2142856121063232,7.05102014541626,qmix,smacv2,protoss_5_vs_5,101,0.0
9152000,4575,2026-06-17T12:12:17.734651,2.795408010482788,1.2011276483535767,0.9579081535339355,5.567602157592773,qmix,smacv2,protoss_5_vs_5,101,0.0
9154000,4576,2026-06-17T12:15:41.546348,2.9852042198181152,1.3488200902938843,0.8482142686843872,5.751275539398193,qmix,smacv2,protoss_5_vs_5,101,0.0
9156000,4577,2026-06-17T12:19:13.615024,3.6405608654022217,2.183722734451294,0.9961735010147095,8.816327095031738,qmix,smacv2,protoss_5_vs_5,101,0.0
9158000,4578,2026-06-17T12:22:35.011377,3.817155361175537,1.8927679061889648,1.2551020383834839,8.5625,qmix,smacv2,protoss_5_vs_5,101,0.0
9160000,4579,2026-06-17T12:26:06.418281,3.3383288383483887,1.2612642049789429,1.2551019191741943,5.714285373687744,qmix,smacv2,protoss_5_vs_5,101,0.0
9162000,4580,2026-06-17T12:29:40.663630,3.344005584716797,1.9069983959197998,0.8775509595870972,7.153061866760254,qmix,smacv2,protoss_5_vs_5,101,0.0
9164000,4581,2026-06-17T12:33:20.338173,3.876084089279175,1.8018440008163452,1.7818876504898071,7.181122779846191,qmix,smacv2,protoss_5_vs_5,101,0.0
9166000,4582,2026-06-17T12:36:49.205924,3.2456634044647217,1.3143393993377686,1.540816307067871,5.932398319244385,qmix,smacv2,protoss_5_vs_5,101,0.0
9168000,4583,2026-06-17T12:40:04.484316,3.8820788860321045,1.5394558906555176,1.1186225414276123,6.978316307067871,qmix,smacv2,protoss_5_vs_5,101,0.0
9170000,4584,2026-06-17T12:43:18.267398,2.8511481285095215,0.9829056859016418,1.46683669090271,5.681122303009033,qmix,smacv2,protoss_5_vs_5,101,0.0
9172000,4585,2026-06-17T12:46:33.866443,4.354527950286865,2.0453248023986816,1.4451528787612915,8.080357551574707,qmix,smacv2,protoss_5_vs_5,101,0.0
9174000,4586,2026-06-17T12:49:48.817715,3.4742989540100098,1.3702980279922485,1.1772959232330322,6.392857074737549,qmix,smacv2,protoss_5_vs_5,101,0.0
9176000,4587,2026-06-17T12:52:59.182388,3.525510311126709,1.4464517831802368,1.665816307067871,6.331632137298584,qmix,smacv2,protoss_5_vs_5,101,0.0
9178000,4588,2026-06-17T12:56:12.198417,3.719515323638916,2.069058656692505,1.2372448444366455,9.089284896850586,qmix,smacv2,protoss_5_vs_5,101,0.0
9180000,4589,2026-06-17T12:59:26.574087,3.732142925262451,2.6984715461730957,0.8469387292861938,12.551021575927734,qmix,smacv2,protoss_5_vs_5,101,0.05000000074505806
9182000,4590,2026-06-17T13:02:36.916968,2.448915958404541,1.4046825170516968,0.42602038383483887,6.780611991882324,qmix,smacv2,protoss_5_vs_5,101,0.0
9184000,4591,2026-06-17T13:05:50.377701,2.9818241596221924,1.552836537361145,1.5803569555282593,7.438775539398193,qmix,smacv2,protoss_5_vs_5,101,0.0
9186000,4592,2026-06-17T13:09:04.818432,3.27136492729187,1.656689167022705,1.0,7.5714287757873535,qmix,smacv2,protoss_5_vs_5,101,0.0
9188000,4593,2026-06-17T13:12:22.253978,3.1885201930999756,1.4899102449417114,1.2040815353393555,6.602040767669678,qmix,smacv2,protoss_5_vs_5,101,0.0
9190000,4594,2026-06-17T13:15:47.372076,3.0629467964172363,1.4105368852615356,1.3596938848495483,6.336734771728516,qmix,smacv2,protoss_5_vs_5,101,0.0
9192000,4595,2026-06-17T13:19:18.511323,3.939668655395508,1.8579994440078735,1.924744963645935,9.028061866760254,qmix,smacv2,protoss_5_vs_5,101,0.0
9194000,4596,2026-06-17T13:23:13.837565,3.6766581535339355,1.2368643283843994,1.6926021575927734,6.028061389923096,qmix,smacv2,protoss_5_vs_5,101,0.0
9196000,4597,2026-06-17T13:26:48.189225,2.930293560028076,1.6791967153549194,0.7244897484779358,6.469388008117676,qmix,smacv2,protoss_5_vs_5,101,0.0
9198000,4598,2026-06-17T13:30:30.917217,4.327678680419922,2.486415386199951,1.3954081535339355,11.418367385864258,qmix,smacv2,protoss_5_vs_5,101,0.0
9200000,4599,2026-06-17T13:33:53.248011,2.8378188610076904,1.8503386974334717,0.6428570747375488,7.6683669090271,qmix,smacv2,protoss_5_vs_5,101,0.0
9202000,4600,2026-06-17T13:37:22.224794,2.6736607551574707,1.6215139627456665,0.8877550959587097,6.4183669090271,qmix,smacv2,protoss_5_vs_5,101,0.0
9204000,4601,2026-06-17T13:40:58.050769,2.8538899421691895,1.6244049072265625,0.44897955656051636,5.6441330909729,qmix,smacv2,protoss_5_vs_5,101,0.0
9206000,4602,2026-06-17T13:44:17.000438,2.6404335498809814,3.193296432495117,0.6326530575752258,15.378827095031738,qmix,smacv2,protoss_5_vs_5,101,0.05000000074505806
9208000,4603,2026-06-17T13:47:39.616170,2.811352252960205,1.9549952745437622,0.7704081535339355,6.952805995941162,qmix,smacv2,protoss_5_vs_5,101,0.0
9210000,4604,2026-06-17T13:50:49.927683,4.059055805206299,2.2124011516571045,1.3775509595870972,9.878827095031738,qmix,smacv2,protoss_5_vs_5,101,0.0
9212000,4605,2026-06-17T13:54:02.752895,3.3183674812316895,1.61346435546875,0.5714285373687744,6.88265323638916,qmix,smacv2,protoss_5_vs_5,101,0.0
9214000,4606,2026-06-17T13:57:16.528347,3.813265562057495,2.6443064212799072,1.1887755393981934,12.339285850524902,qmix,smacv2,protoss_5_vs_5,101,0.0
9216000,4607,2026-06-17T14:00:32.452489,3.7422194480895996,1.8684749603271484,1.3979592323303223,7.5,qmix,smacv2,protoss_5_vs_5,101,0.0
9218000,4608,2026-06-17T14:03:45.412758,2.6769766807556152,1.888587236404419,0.6734694242477417,6.991070747375488,qmix,smacv2,protoss_5_vs_5,101,0.0
9220000,4609,2026-06-17T14:07:00.963353,2.748023271560669,1.9871164560317993,0.6632652878761292,8.76530647277832,qmix,smacv2,protoss_5_vs_5,101,0.0
9222000,4610,2026-06-17T14:10:16.296118,3.0016582012176514,1.5281373262405396,0.8265306353569031,6.132652759552002,qmix,smacv2,protoss_5_vs_5,101,0.0
9224000,4611,2026-06-17T14:13:37.392052,2.4934310913085938,1.223770022392273,1.1530612707138062,6.105867385864258,qmix,smacv2,protoss_5_vs_5,101,0.0
9226000,4612,2026-06-17T14:17:01.766349,3.6796555519104004,1.565575122833252,1.2448979616165161,7.140305995941162,qmix,smacv2,protoss_5_vs_5,101,0.0
9228000,4613,2026-06-17T14:20:23.696366,2.8320152759552,1.5070408582687378,0.920918345451355,6.4464287757873535,qmix,smacv2,protoss_5_vs_5,101,0.0
9230000,4614,2026-06-17T14:23:45.382935,2.4410715103149414,1.145824670791626,0.44897955656051636,5.061224937438965,qmix,smacv2,protoss_5_vs_5,101,0.0
9232000,4615,2026-06-17T14:27:10.423527,2.575382709503174,1.5259612798690796,0.4285714030265808,5.448979377746582,qmix,smacv2,protoss_5_vs_5,101,0.0
9234000,4616,2026-06-17T14:30:29.313734,2.6320791244506836,1.5765504837036133,0.7346938848495483,5.599489688873291,qmix,smacv2,protoss_5_vs_5,101,0.0
9236000,4617,2026-06-17T14:33:47.282003,2.2306759357452393,0.9647871851921082,0.7691326141357422,3.783163547515869,qmix,smacv2,protoss_5_vs_5,101,0.0
9238000,4618,2026-06-17T14:37:03.505080,3.9297192096710205,2.0461833477020264,1.3801019191741943,11.275508880615234,qmix,smacv2,protoss_5_vs_5,101,0.0
9240000,4619,2026-06-17T14:40:20.841369,2.8401787281036377,2.1489980220794678,0.8775509595870972,7.641581058502197,qmix,smacv2,protoss_5_vs_5,101,0.0
9242000,4620,2026-06-17T14:43:40.445223,2.7064414024353027,2.2398602962493896,0.36734694242477417,9.075254440307617,qmix,smacv2,protoss_5_vs_5,101,0.0
9244000,4621,2026-06-17T14:47:00.556488,2.9540817737579346,1.901796579360962,0.7653061151504517,7.205358028411865,qmix,smacv2,protoss_5_vs_5,101,0.0
9246000,4622,2026-06-17T14:50:16.640978,3.7723212242126465,2.166498899459839,1.411989688873291,9.797194480895996,qmix,smacv2,protoss_5_vs_5,101,0.0
9248000,4623,2026-06-17T14:53:31.881735,2.890305995941162,1.692592978477478,0.6122448444366455,7.093111991882324,qmix,smacv2,protoss_5_vs_5,101,0.0
9250000,4624,2026-06-17T14:56:50.410744,2.236734628677368,1.580276608467102,0.5510203838348389,6.588009834289551,qmix,smacv2,protoss_5_vs_5,101,0.0
9252000,4625,2026-06-17T15:00:02.352419,3.2364795207977295,2.16654372215271,1.071428656578064,9.517857551574707,qmix,smacv2,protoss_5_vs_5,101,0.0
9254000,4626,2026-06-17T15:03:15.085600,2.4947705268859863,1.4782944917678833,0.5216836929321289,5.617347240447998,qmix,smacv2,protoss_5_vs_5,101,0.0
9256000,4627,2026-06-17T15:06:29.229337,2.418048620223999,1.248289704322815,0.733418345451355,5.275510311126709,qmix,smacv2,protoss_5_vs_5,101,0.0
9258000,4628,2026-06-17T15:09:40.318210,2.2913904190063477,1.1989400386810303,0.8673469424247742,4.928571701049805,qmix,smacv2,protoss_5_vs_5,101,0.0
9260000,4629,2026-06-17T15:12:49.792578,3.444324016571045,1.9854482412338257,0.6632652878761292,8.06505012512207,qmix,smacv2,protoss_5_vs_5,101,0.0
9262000,4630,2026-06-17T15:15:54.640050,3.2184948921203613,1.600104808807373,1.2551020383834839,6.19387674331665,qmix,smacv2,protoss_5_vs_5,101,0.0
9264000,4631,2026-06-17T15:19:00.438864,2.8866071701049805,1.5298750400543213,0.9400509595870972,5.952805995941162,qmix,smacv2,protoss_5_vs_5,101,0.0
9266000,4632,2026-06-17T15:22:01.563673,2.8659439086914062,1.5387400388717651,0.8469387888908386,6.753827095031738,qmix,smacv2,protoss_5_vs_5,101,0.0
9268000,4633,2026-06-17T15:25:07.570630,2.413137912750244,1.8524447679519653,0.6632652878761292,7.598214149475098,qmix,smacv2,protoss_5_vs_5,101,0.0
9270000,4634,2026-06-17T15:28:13.216730,2.999999761581421,1.9676167964935303,0.44897955656051636,7.234694004058838,qmix,smacv2,protoss_5_vs_5,101,0.0
9272000,4635,2026-06-17T15:31:15.853618,2.5572705268859863,1.4500293731689453,0.5,5.551020622253418,qmix,smacv2,protoss_5_vs_5,101,0.0
9274000,4636,2026-06-17T15:34:22.421698,2.3751275539398193,2.4160218238830566,0.5408163070678711,9.085458755493164,qmix,smacv2,protoss_5_vs_5,101,0.0
9276000,4637,2026-06-17T15:37:28.322638,2.7776784896850586,1.401527762413025,0.8673468828201294,6.137754917144775,qmix,smacv2,protoss_5_vs_5,101,0.0
9278000,4638,2026-06-17T15:40:35.910371,3.3042728900909424,2.151994466781616,0.4719387888908386,9.068877220153809,qmix,smacv2,protoss_5_vs_5,101,0.0
9280000,4639,2026-06-17T15:43:41.793261,2.7052295207977295,1.8110096454620361,0.5510203838348389,6.552295684814453,qmix,smacv2,protoss_5_vs_5,101,0.0
9282000,4640,2026-06-17T15:46:53.784821,2.711862087249756,1.087283730506897,1.1147958040237427,5.265305995941162,qmix,smacv2,protoss_5_vs_5,101,0.0
9284000,4641,2026-06-17T15:50:07.512591,3.7448337078094482,2.149289131164551,1.4387753009796143,10.169642448425293,qmix,smacv2,protoss_5_vs_5,101,0.0
9286000,4642,2026-06-17T15:53:26.936610,2.8089287281036377,1.825243592262268,0.3571428656578064,9.325254440307617,qmix,smacv2,protoss_5_vs_5,101,0.0
9288000,4643,2026-06-17T15:56:43.105862,3.250828981399536,1.3073880672454834,1.327805995941162,7.376275062561035,qmix,smacv2,protoss_5_vs_5,101,0.0
9290000,4644,2026-06-17T16:00:01.229452,3.7988522052764893,1.9840033054351807,0.7653061151504517,8.880102157592773,qmix,smacv2,protoss_5_vs_5,101,0.0
9292000,4645,2026-06-17T16:03:18.839032,2.8027424812316895,1.3528493642807007,1.174744963645935,5.6670918464660645,qmix,smacv2,protoss_5_vs_5,101,0.0
9294000,4646,2026-06-17T16:06:33.925689,3.7517218589782715,2.620436668395996,0.9374998807907104,12.161989212036133,qmix,smacv2,protoss_5_vs_5,101,0.0
9296000,4647,2026-06-17T16:09:55.427634,3.16192626953125,1.747552752494812,1.0102040767669678,7.200254917144775,qmix,smacv2,protoss_5_vs_5,101,0.0
9298000,4648,2026-06-17T16:13:13.447608,3.4278061389923096,1.801205039024353,1.0306122303009033,6.780612945556641,qmix,smacv2,protoss_5_vs_5,101,0.0
9300000,4649,2026-06-17T16:16:29.906818,3.865050792694092,2.4064531326293945,0.295918345451355,8.418367385864258,qmix,smacv2,protoss_5_vs_5,101,0.0
9302000,4650,2026-06-17T16:19:42.677038,3.082780361175537,2.468367099761963,0.6836734414100647,10.86734676361084,qmix,smacv2,protoss_5_vs_5,101,0.0
9304000,4651,2026-06-17T16:22:59.309135,2.771747589111328,1.9318382740020752,0.7142857313156128,9.237245559692383,qmix,smacv2,protoss_5_vs_5,101,0.0
9306000,4652,2026-06-17T16:26:11.289880,3.137500047683716,2.1995248794555664,0.5612244606018066,8.5,qmix,smacv2,protoss_5_vs_5,101,0.0
9308000,4653,2026-06-17T16:29:18.867215,3.065880060195923,1.8495560884475708,0.9897958636283875,8.395408630371094,qmix,smacv2,protoss_5_vs_5,101,0.0
9310000,4654,2026-06-17T16:32:29.114333,2.135012626647949,1.3796968460083008,0.8367346525192261,7.2040815353393555,qmix,smacv2,protoss_5_vs_5,101,0.0
9312000,4655,2026-06-17T16:35:43.114874,2.6736607551574707,1.447631597518921,1.1224490404129028,6.241071701049805,qmix,smacv2,protoss_5_vs_5,101,0.0
9314000,4656,2026-06-17T16:39:02.611341,2.4598214626312256,1.291597843170166,1.0892857313156128,6.213009834289551,qmix,smacv2,protoss_5_vs_5,101,0.0
9316000,4657,2026-06-17T16:42:40.468480,2.9883928298950195,1.8453115224838257,1.0790817737579346,7.38265323638916,qmix,smacv2,protoss_5_vs_5,101,0.0
9318000,4658,2026-06-17T16:46:01.314497,3.0558671951293945,1.9527736902236938,0.5408163070678711,7.8852033615112305,qmix,smacv2,protoss_5_vs_5,101,0.0
9320000,4659,2026-06-17T16:49:21.345799,2.826594114303589,1.6325374841690063,0.4477040767669678,6.836734771728516,qmix,smacv2,protoss_5_vs_5,101,0.0
9322000,4660,2026-06-17T16:52:43.121597,3.217601776123047,1.9281660318374634,0.4693877100944519,7.459183692932129,qmix,smacv2,protoss_5_vs_5,101,0.0
9324000,4661,2026-06-17T16:56:06.274338,3.0576529502868652,1.579313039779663,1.2487244606018066,6.193878173828125,qmix,smacv2,protoss_5_vs_5,101,0.0
9326000,4662,2026-06-17T16:59:28.167825,3.045408010482788,1.9513506889343262,0.36734694242477417,7.755102634429932,qmix,smacv2,protoss_5_vs_5,101,0.0
9328000,4663,2026-06-17T17:02:51.114968,2.4903063774108887,1.6829795837402344,0.5102040767669678,7.48852014541626,qmix,smacv2,protoss_5_vs_5,101,0.0
9330000,4664,2026-06-17T17:06:06.834816,3.0616707801818848,2.1207010746002197,0.6122449040412903,7.55102014541626,qmix,smacv2,protoss_5_vs_5,101,0.0
9332000,4665,2026-06-17T17:09:18.922045,2.420280933380127,1.6349096298217773,0.6951530575752258,6.438775539398193,qmix,smacv2,protoss_5_vs_5,101,0.0
9334000,4666,2026-06-17T17:12:31.988547,3.0191962718963623,2.4023971557617188,1.071428656578064,12.061223983764648,qmix,smacv2,protoss_5_vs_5,101,0.0
9336000,4667,2026-06-17T17:15:46.974518,3.1327807903289795,1.2575987577438354,0.7538264989852905,5.63647985458374,qmix,smacv2,protoss_5_vs_5,101,0.0
9338000,4668,2026-06-17T17:19:00.069495,4.008482456207275,2.148871898651123,1.0306122303009033,8.7882661819458,qmix,smacv2,protoss_5_vs_5,101,0.0
9340000,4669,2026-06-17T17:22:13.027213,2.929145574569702,1.2304531335830688,1.6020408868789673,6.6709184646606445,qmix,smacv2,protoss_5_vs_5,101,0.0
9342000,4670,2026-06-17T17:25:30.869198,4.271938800811768,2.3309109210968018,1.6517858505249023,10.678571701049805,qmix,smacv2,protoss_5_vs_5,101,0.0
9344000,4671,2026-06-17T17:28:45.306200,3.618877410888672,2.1330840587615967,0.9311224222183228,8.632654190063477,qmix,smacv2,protoss_5_vs_5,101,0.0
9346000,4672,2026-06-17T17:31:59.641341,2.6782524585723877,0.7264412045478821,1.6709182262420654,3.9068877696990967,qmix,smacv2,protoss_5_vs_5,101,0.0
9348000,4673,2026-06-17T17:35:15.957628,3.428635358810425,1.2694345712661743,1.5280611515045166,5.835459232330322,qmix,smacv2,protoss_5_vs_5,101,0.0
9350000,4674,2026-06-17T17:38:38.277285,3.724043369293213,1.916311502456665,1.40816330909729,7.8227033615112305,qmix,smacv2,protoss_5_vs_5,101,0.0
9352000,4675,2026-06-17T17:42:00.946519,3.8661351203918457,0.94585120677948,1.6479591131210327,6.429846286773682,qmix,smacv2,protoss_5_vs_5,101,0.0
9354000,4676,2026-06-17T17:45:28.363226,3.5433037281036377,1.6893620491027832,0.8163264989852905,6.9834184646606445,qmix,smacv2,protoss_5_vs_5,101,0.0
9356000,4677,2026-06-17T17:48:42.513083,2.826594591140747,1.6124953031539917,0.59183669090271,7.0408172607421875,qmix,smacv2,protoss_5_vs_5,101,0.0
9358000,4678,2026-06-17T17:52:02.260879,2.4411988258361816,1.826904058456421,0.6428571343421936,8.173469543457031,qmix,smacv2,protoss_5_vs_5,101,0.0
9360000,4679,2026-06-17T17:55:17.066696,2.2361607551574707,1.4309707880020142,0.7053571939468384,5.397959232330322,qmix,smacv2,protoss_5_vs_5,101,0.0
9362000,4680,2026-06-17T17:58:31.789467,3.144387722015381,1.7462400197982788,0.6734694242477417,7.460458278656006,qmix,smacv2,protoss_5_vs_5,101,0.0
9364000,4681,2026-06-17T18:01:50.167389,2.6941325664520264,1.5637600421905518,0.3571428656578064,5.612245082855225,qmix,smacv2,protoss_5_vs_5,101,0.0
9366000,4682,2026-06-17T18:05:09.016069,3.129910945892334,2.462395191192627,0.13265305757522583,9.744898796081543,qmix,smacv2,protoss_5_vs_5,101,0.0
9368000,4683,2026-06-17T18:08:27.852617,2.922959327697754,2.153984546661377,0.3979591727256775,7.830357551574707,qmix,smacv2,protoss_5_vs_5,101,0.0
9370000,4684,2026-06-17T18:11:41.942009,3.344515323638916,2.109264373779297,0.5484694242477417,9.153060913085938,qmix,smacv2,protoss_5_vs_5,101,0.0
9372000,4685,2026-06-17T18:14:57.092716,2.553443670272827,1.451290249824524,0.9285714030265808,6.520407676696777,qmix,smacv2,protoss_5_vs_5,101,0.0
9374000,4686,2026-06-17T18:18:13.560848,3.119323968887329,1.5723050832748413,1.1045918464660645,5.75382661819458,qmix,smacv2,protoss_5_vs_5,101,0.0
9376000,4687,2026-06-17T18:21:26.872245,2.571683883666992,1.4076296091079712,0.8316326141357422,6.12244987487793,qmix,smacv2,protoss_5_vs_5,101,0.0
9378000,4688,2026-06-17T18:24:44.323988,2.6556763648986816,1.1920216083526611,0.8252550959587097,5.551020622253418,qmix,smacv2,protoss_5_vs_5,101,0.0
9380000,4689,2026-06-17T18:27:57.231115,2.7461097240448,1.5726068019866943,0.26530611515045166,6.99234676361084,qmix,smacv2,protoss_5_vs_5,101,0.0
9382000,4690,2026-06-17T18:31:10.119183,2.793112277984619,1.37960684299469,0.8635204434394836,5.017857551574707,qmix,smacv2,protoss_5_vs_5,101,0.0
9384000,4691,2026-06-17T18:34:22.488624,4.366199016571045,2.3333277702331543,1.4183672666549683,10.000000953674316,qmix,smacv2,protoss_5_vs_5,101,0.0
9386000,4692,2026-06-17T18:37:38.654163,1.8385204076766968,1.443331003189087,0.13265305757522583,5.7219390869140625,qmix,smacv2,protoss_5_vs_5,101,0.0
9388000,4693,2026-06-17T18:40:50.985915,2.8815689086914062,1.6309758424758911,1.2155611515045166,6.928570747375488,qmix,smacv2,protoss_5_vs_5,101,0.0
9390000,4694,2026-06-17T18:44:05.892189,1.9957908391952515,1.37246835231781,0.5433673858642578,5.548469543457031,qmix,smacv2,protoss_5_vs_5,101,0.0
9392000,4695,2026-06-17T18:47:24.364618,2.5081632137298584,1.8486894369125366,0.18367347121238708,7.376275539398193,qmix,smacv2,protoss_5_vs_5,101,0.0
9394000,4696,2026-06-17T18:50:39.932433,2.606632709503174,1.6142349243164062,0.7028061151504517,6.9285712242126465,qmix,smacv2,protoss_5_vs_5,101,0.0
9396000,4697,2026-06-17T18:54:14.782342,1.7223215103149414,1.408651351928711,0.26530611515045166,4.706632614135742,qmix,smacv2,protoss_5_vs_5,101,0.0
9398000,4698,2026-06-17T18:58:02.629671,3.218367099761963,2.407449245452881,0.6479591727256775,9.679847717285156,qmix,smacv2,protoss_5_vs_5,101,0.0
9400000,4699,2026-06-17T19:01:36.989593,2.6022958755493164,2.4381585121154785,0.3469387888908386,7.551020622253418,qmix,smacv2,protoss_5_vs_5,101,0.0
9402000,4700,2026-06-17T19:05:00.194211,2.8485968112945557,1.9622575044631958,0.5,8.030611991882324,qmix,smacv2,protoss_5_vs_5,101,0.0
9404000,4701,2026-06-17T19:08:27.004646,3.7665181159973145,2.1838150024414062,0.7015305757522583,8.877551078796387,qmix,smacv2,protoss_5_vs_5,101,0.0
9406000,4702,2026-06-17T19:11:57.622028,1.9744899272918701,0.8760592937469482,0.7053571343421936,3.497448682785034,qmix,smacv2,protoss_5_vs_5,101,0.0
9408000,4703,2026-06-17T19:15:17.078446,3.5850765705108643,2.141918182373047,0.9221938848495483,8.673469543457031,qmix,smacv2,protoss_5_vs_5,101,0.0
9410000,4704,2026-06-17T19:18:39.024470,3.5017857551574707,1.602909803390503,1.428571343421936,6.622448921203613,qmix,smacv2,protoss_5_vs_5,101,0.0
9412000,4705,2026-06-17T19:21:53.371347,3.750765323638916,2.3027801513671875,1.1900510787963867,7.959184169769287,qmix,smacv2,protoss_5_vs_5,101,0.0
9414000,4706,2026-06-17T19:25:02.085574,3.640242338180542,1.3510311841964722,1.2780612707138062,5.991071701049805,qmix,smacv2,protoss_5_vs_5,101,0.0
9416000,4707,2026-06-17T19:28:18.137327,3.4015307426452637,1.6783252954483032,1.0522959232330322,6.753827095031738,qmix,smacv2,protoss_5_vs_5,101,0.0
9418000,4708,2026-06-17T19:31:30.593374,3.4376277923583984,1.6319060325622559,1.3979591131210327,7.4566330909729,qmix,smacv2,protoss_5_vs_5,101,0.0
9420000,4709,2026-06-17T19:34:45.361440,2.734694004058838,1.2905125617980957,1.0510203838348389,4.914540767669678,qmix,smacv2,protoss_5_vs_5,101,0.0
9422000,4710,2026-06-17T19:38:05.989598,3.052232027053833,1.537331461906433,0.4387754797935486,6.081632614135742,qmix,smacv2,protoss_5_vs_5,101,0.0
9424000,4711,2026-06-17T19:41:35.450354,2.9339287281036377,2.364084243774414,0.6619898080825806,10.857142448425293,qmix,smacv2,protoss_5_vs_5,101,0.0
9426000,4712,2026-06-17T19:45:11.967182,3.1114158630371094,2.171505928039551,1.1798468828201294,8.979591369628906,qmix,smacv2,protoss_5_vs_5,101,0.0
9428000,4713,2026-06-17T19:48:50.359410,2.23054838180542,1.582544207572937,0.18367347121238708,5.785714626312256,qmix,smacv2,protoss_5_vs_5,101,0.0
9430000,4714,2026-06-17T19:52:20.764085,1.818176031112671,1.1386080980300903,0.5727040767669678,4.612244606018066,qmix,smacv2,protoss_5_vs_5,101,0.0
9432000,4715,2026-06-17T19:55:46.606367,1.8577169179916382,1.528629183769226,0.47959184646606445,7.031888008117676,qmix,smacv2,protoss_5_vs_5,101,0.0
9434000,4716,2026-06-17T19:59:09.328362,2.2848212718963623,1.2545353174209595,0.41836732625961304,5.285714149475098,qmix,smacv2,protoss_5_vs_5,101,0.0
9436000,4717,2026-06-17T20:02:33.740163,2.879655361175537,2.3377866744995117,0.8137754201889038,12.040816307067871,qmix,smacv2,protoss_5_vs_5,101,0.0
9438000,4718,2026-06-17T20:06:00.660968,2.51747465133667,1.3390629291534424,0.9489795565605164,5.75765323638916,qmix,smacv2,protoss_5_vs_5,101,0.0
9440000,4719,2026-06-17T20:09:35.005218,3.1228315830230713,1.4854381084442139,1.1122448444366455,6.987245082855225,qmix,smacv2,protoss_5_vs_5,101,0.0
9442000,4720,2026-06-17T20:12:59.205109,3.320089340209961,1.8848135471343994,1.137755036354065,7.154336452484131,qmix,smacv2,protoss_5_vs_5,101,0.0
9444000,4721,2026-06-17T20:16:19.598972,2.5752551555633545,1.9934006929397583,0.9030612707138062,8.14030647277832,qmix,smacv2,protoss_5_vs_5,101,0.0
9446000,4722,2026-06-17T20:19:45.926271,3.6632652282714844,1.7468456029891968,1.2219388484954834,8.635204315185547,qmix,smacv2,protoss_5_vs_5,101,0.0
9448000,4723,2026-06-17T20:23:07.011784,2.72257661819458,1.7463467121124268,0.47193875908851624,7.5522966384887695,qmix,smacv2,protoss_5_vs_5,101,0.0
9450000,4724,2026-06-17T20:26:26.512852,3.344515323638916,1.8142834901809692,1.2270408868789673,7.979592323303223,qmix,smacv2,protoss_5_vs_5,101,0.0
9452000,4725,2026-06-17T20:29:42.805759,3.116645336151123,1.9638893604278564,0.8545918464660645,7.600766181945801,qmix,smacv2,protoss_5_vs_5,101,0.0
9454000,4726,2026-06-17T20:33:20.585887,2.54885196685791,1.4572932720184326,1.0191326141357422,6.01147985458374,qmix,smacv2,protoss_5_vs_5,101,0.0
9456000,4727,2026-06-17T20:36:28.155524,2.4228317737579346,1.505577802658081,0.8214285969734192,5.795918941497803,qmix,smacv2,protoss_5_vs_5,101,0.0
9458000,4728,2026-06-17T20:39:43.486728,1.9771045446395874,1.6817970275878906,0.34183672070503235,6.980867862701416,qmix,smacv2,protoss_5_vs_5,101,0.0
9460000,4729,2026-06-17T20:42:58.029596,2.040497303009033,1.1453031301498413,0.8035714030265808,4.7410712242126465,qmix,smacv2,protoss_5_vs_5,101,0.0
9462000,4730,2026-06-17T20:46:12.629941,3.2661991119384766,2.042653799057007,1.3469387292861938,10.469388961791992,qmix,smacv2,protoss_5_vs_5,101,0.0
9464000,4731,2026-06-17T20:49:27.719059,3.5017857551574707,1.6030446290969849,1.2385203838348389,6.806122779846191,qmix,smacv2,protoss_5_vs_5,101,0.0
9466000,4732,2026-06-17T20:52:40.088924,3.727551221847534,1.6709619760513306,1.5178571939468384,7.563775539398193,qmix,smacv2,protoss_5_vs_5,101,0.0
9468000,4733,2026-06-17T20:55:57.523491,2.8446428775787354,2.1347219944000244,1.0714285373687744,7.857142448425293,qmix,smacv2,protoss_5_vs_5,101,0.0
9470000,4734,2026-06-17T20:59:17.606864,3.1285715103149414,2.0155375003814697,0.9387754201889038,9.590561866760254,qmix,smacv2,protoss_5_vs_5,101,0.0
9472000,4735,2026-06-17T21:02:18.447348,3.05070161819458,1.2610721588134766,1.387755036354065,5.275510311126709,qmix,smacv2,protoss_5_vs_5,101,0.0
9474000,4736,2026-06-17T21:05:25.914670,2.8022961616516113,1.5193451642990112,0.8979591131210327,6.752551078796387,qmix,smacv2,protoss_5_vs_5,101,0.0
9476000,4737,2026-06-17T21:08:39.919815,2.9406888484954834,1.7979503870010376,0.5931122303009033,8.475765228271484,qmix,smacv2,protoss_5_vs_5,101,0.0
9478000,4738,2026-06-17T21:11:51.435897,3.7399239540100098,1.7657253742218018,1.6581634283065796,8.27550983428955,qmix,smacv2,protoss_5_vs_5,101,0.0
9480000,4739,2026-06-17T21:15:08.064799,3.571619749069214,1.8884172439575195,1.0357142686843872,7.551020622253418,qmix,smacv2,protoss_5_vs_5,101,0.0
9482000,4740,2026-06-17T21:18:25.463645,3.815305709838867,1.8020389080047607,1.448979377746582,8.470663070678711,qmix,smacv2,protoss_5_vs_5,101,0.0
9484000,4741,2026-06-17T21:21:53.481168,2.8059310913085938,1.822398066520691,0.26530611515045166,7.928572177886963,qmix,smacv2,protoss_5_vs_5,101,0.0
9486000,4742,2026-06-17T21:25:20.580087,2.7815051078796387,1.8390835523605347,0.295918345451355,7.102041721343994,qmix,smacv2,protoss_5_vs_5,101,0.0
9488000,4743,2026-06-17T21:28:49.266392,2.5905611515045166,1.8768092393875122,0.44897955656051636,8.056121826171875,qmix,smacv2,protoss_5_vs_5,101,0.0
9490000,4744,2026-06-17T21:32:12.498863,2.2010843753814697,1.8839517831802368,0.3163265287876129,6.561224937438965,qmix,smacv2,protoss_5_vs_5,101,0.0
9492000,4745,2026-06-17T21:35:56.324188,2.1936862468719482,1.8043327331542969,0.5510203838348389,7.2066330909729,qmix,smacv2,protoss_5_vs_5,101,0.0
9494000,4746,2026-06-17T21:39:35.320186,3.1445789337158203,1.8668667078018188,0.4897959232330322,7.936224460601807,qmix,smacv2,protoss_5_vs_5,101,0.0
9496000,4747,2026-06-17T21:43:07.465704,1.832716941833496,0.9360215067863464,0.6836735010147095,4.653061389923096,qmix,smacv2,protoss_5_vs_5,101,0.0
9498000,4748,2026-06-17T21:46:41.195073,2.7296557426452637,1.0469403266906738,1.209183692932129,5.813776016235352,qmix,smacv2,protoss_5_vs_5,101,0.0
9500000,4749,2026-06-17T21:50:19.543976,2.882589340209961,1.0398906469345093,1.7053569555282593,5.767857551574707,qmix,smacv2,protoss_5_vs_5,101,0.0
9502000,4750,2026-06-17T21:53:41.898802,2.503826856613159,1.3786417245864868,0.36734694242477417,6.193877696990967,qmix,smacv2,protoss_5_vs_5,101,0.0
9504000,4751,2026-06-17T21:57:02.692278,3.1900510787963867,1.8588602542877197,0.8698979616165161,8.326530456542969,qmix,smacv2,protoss_5_vs_5,101,0.0
9506000,4752,2026-06-17T22:00:18.120254,2.3397321701049805,1.0262199640274048,0.6224489212036133,4.265305995941162,qmix,smacv2,protoss_5_vs_5,101,0.0
9508000,4753,2026-06-17T22:03:33.320756,2.1948342323303223,1.351824402809143,0.34693875908851624,5.623724460601807,qmix,smacv2,protoss_5_vs_5,101,0.0
9510000,4754,2026-06-17T22:06:54.290697,2.3450255393981934,1.0092910528182983,0.7882652878761292,4.663265228271484,qmix,smacv2,protoss_5_vs_5,101,0.0
9512000,4755,2026-06-17T22:10:09.896124,3.1069514751434326,1.4595364332199097,0.6632652878761292,5.469388008117676,qmix,smacv2,protoss_5_vs_5,101,0.0
9514000,4756,2026-06-17T22:13:34.896089,2.37697696685791,1.4147230386734009,0.4247449040412903,5.306122303009033,qmix,smacv2,protoss_5_vs_5,101,0.0
9516000,4757,2026-06-17T22:16:45.431285,2.1735968589782715,1.597372055053711,0.30612245202064514,6.61352014541626,qmix,smacv2,protoss_5_vs_5,101,0.0
9518000,4758,2026-06-17T22:20:00.876106,2.4853954315185547,1.7529950141906738,0.18367347121238708,6.959183692932129,qmix,smacv2,protoss_5_vs_5,101,0.0
9520000,4759,2026-06-17T22:23:16.656040,3.3552298545837402,1.7440448999404907,1.5446429252624512,8.591835975646973,qmix,smacv2,protoss_5_vs_5,101,0.0
9522000,4760,2026-06-17T22:26:25.379257,4.309885025024414,2.064246416091919,1.55867338180542,9.566327095031738,qmix,smacv2,protoss_5_vs_5,101,0.0
9524000,4761,2026-06-17T22:29:31.126186,3.4129462242126465,1.6482257843017578,1.2857142686843872,7.010204315185547,qmix,smacv2,protoss_5_vs_5,101,0.0
9526000,4762,2026-06-17T22:32:34.642379,3.860522508621216,2.010390281677246,0.9387754201889038,9.775510787963867,qmix,smacv2,protoss_5_vs_5,101,0.0
9528000,4763,2026-06-17T22:35:42.574017,3.700382709503174,1.7978053092956543,1.336734652519226,7.7895402908325195,qmix,smacv2,protoss_5_vs_5,101,0.0
9530000,4764,2026-06-17T22:38:46.690723,3.682844877243042,1.6232736110687256,1.7130104303359985,6.933673858642578,qmix,smacv2,protoss_5_vs_5,101,0.0
9532000,4765,2026-06-17T22:41:57.223905,3.0892858505249023,1.8621116876602173,0.8367346525192261,6.9209184646606445,qmix,smacv2,protoss_5_vs_5,101,0.0
9534000,4766,2026-06-17T22:45:01.487357,2.445918321609497,1.252853512763977,0.8112244606018066,6.244897842407227,qmix,smacv2,protoss_5_vs_5,101,0.0
9536000,4767,2026-06-17T22:48:08.316818,2.6500637531280518,1.3795857429504395,1.03316330909729,6.167091369628906,qmix,smacv2,protoss_5_vs_5,101,0.0
9538000,4768,2026-06-17T22:51:19.440326,3.743558406829834,2.189997673034668,0.3571428656578064,8.806121826171875,qmix,smacv2,protoss_5_vs_5,101,0.0
9540000,4769,2026-06-17T22:54:30.714436,2.730994939804077,1.875847339630127,0.9081632494926453,9.301020622253418,qmix,smacv2,protoss_5_vs_5,101,0.0
9542000,4770,2026-06-17T22:57:38.499585,3.7460460662841797,1.7764570713043213,1.0714285373687744,8.039541244506836,qmix,smacv2,protoss_5_vs_5,101,0.0
9544000,4771,2026-06-17T23:00:46.528201,3.1291451454162598,1.8824496269226074,0.8061224222183228,9.46938705444336,qmix,smacv2,protoss_5_vs_5,101,0.0
9546000,4772,2026-06-17T23:04:01.389317,2.4936225414276123,1.4177312850952148,0.9795918464660645,6.836735725402832,qmix,smacv2,protoss_5_vs_5,101,0.0
9548000,4773,2026-06-17T23:07:12.739617,3.1453442573547363,2.045180320739746,0.4464285969734192,9.737244606018066,qmix,smacv2,protoss_5_vs_5,101,0.0
9550000,4774,2026-06-17T23:10:19.044195,3.514413356781006,1.4467004537582397,1.4846937656402588,7.352041721343994,qmix,smacv2,protoss_5_vs_5,101,0.0
9552000,4775,2026-06-17T23:13:31.643353,2.5424742698669434,1.909435510635376,0.9234693646430969,8.110969543457031,qmix,smacv2,protoss_5_vs_5,101,0.0
9554000,4776,2026-06-17T23:16:45.206393,3.0886483192443848,1.8675549030303955,0.5306122303009033,6.8316330909729,qmix,smacv2,protoss_5_vs_5,101,0.0
9556000,4777,2026-06-17T23:19:59.088376,2.93947696685791,1.5368152856826782,1.0816326141357422,5.991071701049805,qmix,smacv2,protoss_5_vs_5,101,0.0
9558000,4778,2026-06-17T23:23:09.380604,2.5431759357452393,1.082478642463684,1.0,5.234694480895996,qmix,smacv2,protoss_5_vs_5,101,0.0
9560000,4779,2026-06-17T23:26:19.829494,3.482142686843872,1.8191689252853394,1.0102040767669678,7.673469543457031,qmix,smacv2,protoss_5_vs_5,101,0.0
9562000,4780,2026-06-17T23:29:33.270449,3.845344066619873,1.8076869249343872,0.6122448444366455,7.2040815353393555,qmix,smacv2,protoss_5_vs_5,101,0.0
9564000,4781,2026-06-17T23:32:45.639140,2.52933669090271,1.2435978651046753,0.8163264989852905,4.836734771728516,qmix,smacv2,protoss_5_vs_5,101,0.0
9566000,4782,2026-06-17T23:36:02.801427,2.2681758403778076,0.9592869281768799,0.6734693646430969,4.663265228271484,qmix,smacv2,protoss_5_vs_5,101,0.0
9568000,4783,2026-06-17T23:39:16.926616,2.35561203956604,1.5531648397445679,0.44897955656051636,6.5854597091674805,qmix,smacv2,protoss_5_vs_5,101,0.0
9570000,4784,2026-06-17T23:42:32.211539,3.357525587081909,1.8667466640472412,1.1122448444366455,8.26530647277832,qmix,smacv2,protoss_5_vs_5,101,0.0
9572000,4785,2026-06-17T23:45:46.575458,3.6651148796081543,2.2134017944335938,0.3979591727256775,7.8979597091674805,qmix,smacv2,protoss_5_vs_5,101,0.0
9574000,4786,2026-06-17T23:49:01.435710,3.080038547515869,1.256070852279663,1.3265306949615479,6.400509834289551,qmix,smacv2,protoss_5_vs_5,101,0.0
9576000,4787,2026-06-17T23:52:15.976186,3.7208545207977295,1.607712745666504,2.006377696990967,7.140305995941162,qmix,smacv2,protoss_5_vs_5,101,0.0
9578000,4788,2026-06-17T23:55:25.764522,3.767601728439331,2.377519369125366,1.2614796161651611,11.63265323638916,qmix,smacv2,protoss_5_vs_5,101,0.0
9580000,4789,2026-06-17T23:58:33.036179,3.517857074737549,1.493622064590454,1.336734652519226,8.181122779846191,qmix,smacv2,protoss_5_vs_5,101,0.0
9582000,4790,2026-06-18T00:01:43.418518,3.586606979370117,2.4608819484710693,1.549744725227356,12.551019668579102,qmix,smacv2,protoss_5_vs_5,101,0.05000000074505806
9584000,4791,2026-06-18T00:04:58.011715,3.2237884998321533,1.6248385906219482,1.2346937656402588,6.408163547515869,qmix,smacv2,protoss_5_vs_5,101,0.0
9586000,4792,2026-06-18T00:08:09.629707,1.823150396347046,1.2766497135162354,0.3265306055545807,6.091836929321289,qmix,smacv2,protoss_5_vs_5,101,0.0
9588000,4793,2026-06-18T00:11:24.678685,3.74993634223938,1.7984161376953125,1.8061224222183228,9.621172904968262,qmix,smacv2,protoss_5_vs_5,101,0.0
9590000,4794,2026-06-18T00:14:40.356735,3.2760207653045654,1.2175860404968262,0.9030612111091614,6.443878173828125,qmix,smacv2,protoss_5_vs_5,101,0.0
9592000,4795,2026-06-18T00:17:54.459067,2.6362881660461426,1.8287755250930786,0.5306122303009033,9.091836929321289,qmix,smacv2,protoss_5_vs_5,101,0.0
9594000,4796,2026-06-18T00:21:18.560731,3.4690051078796387,1.4741013050079346,1.040816307067871,6.265305995941162,qmix,smacv2,protoss_5_vs_5,101,0.0
9596000,4797,2026-06-18T00:24:33.341487,2.7445790767669678,1.7979072332382202,0.7142857313156128,5.489795684814453,qmix,smacv2,protoss_5_vs_5,101,0.0
9598000,4798,2026-06-18T00:27:55.396499,3.2283802032470703,1.7303235530853271,0.8265306353569031,6.080357551574707,qmix,smacv2,protoss_5_vs_5,101,0.0
9600000,4799,2026-06-18T00:31:19.119692,2.3797192573547363,1.4765193462371826,0.7704082131385803,6.112244606018066,qmix,smacv2,protoss_5_vs_5,101,0.0
9602000,4800,2026-06-18T00:34:41.140684,3.780867338180542,1.277087926864624,1.2653061151504517,6.1224493980407715,qmix,smacv2,protoss_5_vs_5,101,0.0
9604000,4801,2026-06-18T00:38:00.642590,2.813584089279175,1.6234797239303589,0.9183673858642578,6.737245082855225,qmix,smacv2,protoss_5_vs_5,101,0.0
9606000,4802,2026-06-18T00:41:14.968486,2.2867348194122314,1.240169882774353,0.7244898080825806,5.440051555633545,qmix,smacv2,protoss_5_vs_5,101,0.0
9608000,4803,2026-06-18T00:44:32.190728,3.326913356781006,1.9650647640228271,0.4897959232330322,7.959183692932129,qmix,smacv2,protoss_5_vs_5,101,0.0
9610000,4804,2026-06-18T00:47:49.782532,2.209502696990967,1.6434353590011597,0.18367347121238708,6.961734771728516,qmix,smacv2,protoss_5_vs_5,101,0.0
9612000,4805,2026-06-18T00:51:06.118107,2.548278331756592,1.3221274614334106,1.0714285373687744,5.081632614135742,qmix,smacv2,protoss_5_vs_5,101,0.0
9614000,4806,2026-06-18T00:54:25.602217,3.211989641189575,2.0766780376434326,0.7755101919174194,8.774234771728516,qmix,smacv2,protoss_5_vs_5,101,0.0
9616000,4807,2026-06-18T00:57:44.165577,2.8549747467041016,1.2096141576766968,0.9489794969558716,5.875000476837158,qmix,smacv2,protoss_5_vs_5,101,0.0
9618000,4808,2026-06-18T01:01:02.876586,4.129783630371094,2.299389123916626,1.0994898080825806,10.257652282714844,qmix,smacv2,protoss_5_vs_5,101,0.0
9620000,4809,2026-06-18T01:04:19.555405,2.6961100101470947,1.626051664352417,0.5306122303009033,6.417092323303223,qmix,smacv2,protoss_5_vs_5,101,0.0
9622000,4810,2026-06-18T01:07:38.250054,3.328444242477417,2.2701478004455566,1.040816307067871,9.02295970916748,qmix,smacv2,protoss_5_vs_5,101,0.0
9624000,4811,2026-06-18T01:10:56.406187,3.342219591140747,1.7886344194412231,1.290816307067871,6.959183692932129,qmix,smacv2,protoss_5_vs_5,101,0.0
9626000,4812,2026-06-18T01:14:16.621177,4.002551078796387,1.9112293720245361,1.4145407676696777,8.649234771728516,qmix,smacv2,protoss_5_vs_5,101,0.0
9628000,4813,2026-06-18T01:17:25.454450,3.7796554565429688,1.7844074964523315,1.4795918464660645,7.040816307067871,qmix,smacv2,protoss_5_vs_5,101,0.0
9630000,4814,2026-06-18T01:20:37.282334,3.9967474937438965,1.8452068567276,1.387755036354065,7.262754917144775,qmix,smacv2,protoss_5_vs_5,101,0.0
9632000,4815,2026-06-18T01:23:53.779045,3.8573975563049316,1.8692628145217896,1.3711735010147095,8.028060913085938,qmix,smacv2,protoss_5_vs_5,101,0.0
9634000,4816,2026-06-18T01:26:58.061990,3.5337371826171875,1.7840288877487183,0.9859694242477417,7.057397365570068,qmix,smacv2,protoss_5_vs_5,101,0.0
9636000,4817,2026-06-18T01:30:09.652266,3.0931122303009033,1.2800822257995605,1.3048468828201294,5.834183692932129,qmix,smacv2,protoss_5_vs_5,101,0.0
9638000,4818,2026-06-18T01:33:16.555508,4.131887912750244,1.8683592081069946,1.3405611515045166,7.799745082855225,qmix,smacv2,protoss_5_vs_5,101,0.0
9640000,4819,2026-06-18T01:36:27.448729,2.688966751098633,1.8309686183929443,0.44897955656051636,7.4897966384887695,qmix,smacv2,protoss_5_vs_5,101,0.0
9642000,4820,2026-06-18T01:39:38.894791,2.522130250930786,1.2887849807739258,0.9183673858642578,6.447704315185547,qmix,smacv2,protoss_5_vs_5,101,0.0
9644000,4821,2026-06-18T01:42:52.414081,3.1434311866760254,1.2551908493041992,0.9489795565605164,5.771683692932129,qmix,smacv2,protoss_5_vs_5,101,0.0
9646000,4822,2026-06-18T01:46:06.495111,3.3028063774108887,1.5001237392425537,1.478316307067871,6.744898319244385,qmix,smacv2,protoss_5_vs_5,101,0.0
9648000,4823,2026-06-18T01:49:31.389465,2.7255101203918457,1.566156029701233,0.8163264989852905,5.484694004058838,qmix,smacv2,protoss_5_vs_5,101,0.0
9650000,4824,2026-06-18T01:52:55.131804,2.9885201454162598,0.9479008316993713,1.2551020383834839,5.051020622253418,qmix,smacv2,protoss_5_vs_5,101,0.0
9652000,4825,2026-06-18T01:56:15.960374,4.267092227935791,2.0620901584625244,1.429847002029419,9.567602157592773,qmix,smacv2,protoss_5_vs_5,101,0.0
9654000,4826,2026-06-18T01:59:33.699282,3.470982313156128,1.5824037790298462,1.5573979616165161,7.479591369628906,qmix,smacv2,protoss_5_vs_5,101,0.0
9656000,4827,2026-06-18T02:02:51.291355,2.5380101203918457,1.91884183883667,0.13265305757522583,8.284439086914062,qmix,smacv2,protoss_5_vs_5,101,0.0
9658000,4828,2026-06-18T02:06:13.007360,2.517091989517212,1.5573121309280396,0.36734694242477417,6.040816307067871,qmix,smacv2,protoss_5_vs_5,101,0.0
9660000,4829,2026-06-18T02:09:31.757164,2.7558674812316895,1.7834832668304443,0.6326530575752258,7.256377220153809,qmix,smacv2,protoss_5_vs_5,101,0.0
9662000,4830,2026-06-18T02:12:56.541618,2.6496171951293945,1.693718671798706,0.5,5.989795684814453,qmix,smacv2,protoss_5_vs_5,101,0.0
9664000,4831,2026-06-18T02:16:14.283788,2.613584280014038,1.5161100625991821,0.8469387292861938,6.461734771728516,qmix,smacv2,protoss_5_vs_5,101,0.0
9666000,4832,2026-06-18T02:19:42.851599,2.392155647277832,1.3842285871505737,0.9693878293037415,5.918367385864258,qmix,smacv2,protoss_5_vs_5,101,0.0
9668000,4833,2026-06-18T02:23:17.182521,2.881058692932129,1.2400002479553223,0.8469387888908386,6.42984676361084,qmix,smacv2,protoss_5_vs_5,101,0.0
9670000,4834,2026-06-18T02:26:39.121964,3.454719066619873,2.075247287750244,0.0,9.479592323303223,qmix,smacv2,protoss_5_vs_5,101,0.0
9672000,4835,2026-06-18T02:29:59.646348,3.533099412918091,2.089231491088867,0.7653061151504517,6.876275539398193,qmix,smacv2,protoss_5_vs_5,101,0.0
9674000,4836,2026-06-18T02:33:26.638807,3.9532527923583984,2.18827748298645,0.795918345451355,8.164541244506836,qmix,smacv2,protoss_5_vs_5,101,0.0
9676000,4837,2026-06-18T02:36:49.919721,3.286224365234375,1.5902618169784546,0.8966835737228394,6.197703838348389,qmix,smacv2,protoss_5_vs_5,101,0.0
9678000,4838,2026-06-18T02:40:13.104412,3.0940051078796387,1.7561291456222534,0.6798469424247742,7.5816330909729,qmix,smacv2,protoss_5_vs_5,101,0.0
9680000,4839,2026-06-18T02:43:34.069384,2.2585461139678955,1.3721504211425781,0.40816324949264526,5.163265228271484,qmix,smacv2,protoss_5_vs_5,101,0.0
9682000,4840,2026-06-18T02:46:48.786401,2.5618624687194824,1.8125121593475342,0.37755098938941956,7.450255393981934,qmix,smacv2,protoss_5_vs_5,101,0.0
9684000,4841,2026-06-18T02:50:05.309039,2.4772322177886963,1.377551794052124,0.7244897484779358,4.970663070678711,qmix,smacv2,protoss_5_vs_5,101,0.0
9686000,4842,2026-06-18T02:53:19.593985,2.198979616165161,1.3546295166015625,0.49234694242477417,5.387754917144775,qmix,smacv2,protoss_5_vs_5,101,0.0
9688000,4843,2026-06-18T02:56:39.985325,3.0947065353393555,2.2764015197753906,0.9387755393981934,11.27550983428955,qmix,smacv2,protoss_5_vs_5,101,0.0
9690000,4844,2026-06-18T02:59:49.153126,3.2406890392303467,1.2273160219192505,1.570152997970581,5.367347240447998,qmix,smacv2,protoss_5_vs_5,101,0.0
9692000,4845,2026-06-18T03:02:59.888597,3.046109676361084,1.7444440126419067,1.0,6.530611991882324,qmix,smacv2,protoss_5_vs_5,101,0.0
9694000,4846,2026-06-18T03:06:12.707513,3.2479591369628906,1.804213523864746,1.2551019191741943,7.080357551574707,qmix,smacv2,protoss_5_vs_5,101,0.0
9696000,4847,2026-06-18T03:09:18.911993,3.705739974975586,2.1381258964538574,1.8724491596221924,9.729592323303223,qmix,smacv2,protoss_5_vs_5,101,0.0
9698000,4848,2026-06-18T03:12:31.211062,3.295344591140747,1.7420767545700073,1.09183669090271,7.57015323638916,qmix,smacv2,protoss_5_vs_5,101,0.0
9700000,4849,2026-06-18T03:15:40.669205,3.2702808380126953,1.2257051467895508,1.3431122303009033,5.713010311126709,qmix,smacv2,protoss_5_vs_5,101,0.0
9702000,4850,2026-06-18T03:18:54.191506,2.355867385864258,1.5857632160186768,0.6275510191917419,5.978315830230713,qmix,smacv2,protoss_5_vs_5,101,0.0
9704000,4851,2026-06-18T03:22:08.283953,3.9655613899230957,1.982611060142517,1.6862245798110962,7.376275062561035,qmix,smacv2,protoss_5_vs_5,101,0.0
9706000,4852,2026-06-18T03:25:25.965396,1.9669004678726196,1.167238473892212,0.5382652878761292,5.2959184646606445,qmix,smacv2,protoss_5_vs_5,101,0.0
9708000,4853,2026-06-18T03:28:43.097151,2.5746171474456787,1.805751085281372,0.3571428656578064,6.417092323303223,qmix,smacv2,protoss_5_vs_5,101,0.0
9710000,4854,2026-06-18T03:32:01.314690,3.105165719985962,1.9605573415756226,0.4285714030265808,7.285714626312256,qmix,smacv2,protoss_5_vs_5,101,0.0
9712000,4855,2026-06-18T03:35:21.081007,2.983928680419922,1.7317924499511719,0.8979591131210327,6.466836452484131,qmix,smacv2,protoss_5_vs_5,101,0.0
9714000,4856,2026-06-18T03:39:12.446834,2.761096954345703,1.9699190855026245,0.47959184646606445,8.77550983428955,qmix,smacv2,protoss_5_vs_5,101,0.0
9716000,4857,2026-06-18T03:42:42.351210,2.5938775539398193,1.5926909446716309,0.295918345451355,5.919642448425293,qmix,smacv2,protoss_5_vs_5,101,0.0
9718000,4858,2026-06-18T03:46:22.569459,4.1984052658081055,2.301889419555664,1.7755101919174194,10.693878173828125,qmix,smacv2,protoss_5_vs_5,101,0.0
9720000,4859,2026-06-18T03:49:40.971327,3.537691116333008,1.8490582704544067,0.7806122899055481,8.941326141357422,qmix,smacv2,protoss_5_vs_5,101,0.0
9722000,4860,2026-06-18T03:53:06.902638,3.174553394317627,1.477677822113037,0.6734693646430969,6.843111991882324,qmix,smacv2,protoss_5_vs_5,101,0.0
9724000,4861,2026-06-18T03:56:25.943610,2.6498725414276123,1.9032655954360962,0.18367347121238708,6.873724460601807,qmix,smacv2,protoss_5_vs_5,101,0.0
9726000,4862,2026-06-18T03:59:53.913374,4.376849174499512,1.843385100364685,2.0982141494750977,7.466837406158447,qmix,smacv2,protoss_5_vs_5,101,0.0
9728000,4863,2026-06-18T04:03:14.514583,2.4444515705108643,1.4943891763687134,0.9145408868789673,6.618621826171875,qmix,smacv2,protoss_5_vs_5,101,0.0
9730000,4864,2026-06-18T04:06:35.049646,3.4856505393981934,2.146752119064331,0.37755101919174194,8.991071701049805,qmix,smacv2,protoss_5_vs_5,101,0.0
9732000,4865,2026-06-18T04:09:52.729382,2.565880060195923,1.8011434078216553,0.6632652878761292,8.60969352722168,qmix,smacv2,protoss_5_vs_5,101,0.0
9734000,4866,2026-06-18T04:13:07.813121,3.756823778152466,1.7527766227722168,1.6224489212036133,9.08035659790039,qmix,smacv2,protoss_5_vs_5,101,0.0
9736000,4867,2026-06-18T04:16:20.838732,3.2712371349334717,1.759988784790039,0.7346938848495483,6.30484676361084,qmix,smacv2,protoss_5_vs_5,101,0.0
9738000,4868,2026-06-18T04:19:30.474770,3.368622303009033,1.874720573425293,1.0892857313156128,9.887755393981934,qmix,smacv2,protoss_5_vs_5,101,0.0
9740000,4869,2026-06-18T04:22:38.124140,4.077296257019043,2.3889052867889404,1.8316326141357422,12.644132614135742,qmix,smacv2,protoss_5_vs_5,101,0.0
9742000,4870,2026-06-18T04:25:50.705887,3.7075257301330566,1.511582374572754,1.2142856121063232,5.806122779846191,qmix,smacv2,protoss_5_vs_5,101,0.0
9744000,4871,2026-06-18T04:29:05.803801,4.745535373687744,1.9480738639831543,1.6619898080825806,8.294642448425293,qmix,smacv2,protoss_5_vs_5,101,0.0
9746000,4872,2026-06-18T04:32:20.414282,3.719897747039795,1.6760841608047485,0.8877550959587097,6.286990165710449,qmix,smacv2,protoss_5_vs_5,101,0.0
9748000,4873,2026-06-18T04:35:39.811637,2.7517857551574707,1.912955403327942,0.6096938252449036,8.816327095031738,qmix,smacv2,protoss_5_vs_5,101,0.0
9750000,4874,2026-06-18T04:38:54.236965,3.610968828201294,2.037421941757202,0.5,7.11734676361084,qmix,smacv2,protoss_5_vs_5,101,0.0
9752000,4875,2026-06-18T04:42:22.385462,1.7750637531280518,0.7466098666191101,0.4859693646430969,3.4464287757873535,qmix,smacv2,protoss_5_vs_5,101,0.0
9754000,4876,2026-06-18T04:45:52.323468,2.2121810913085938,1.4304572343826294,0.36734694242477417,5.956632614135742,qmix,smacv2,protoss_5_vs_5,101,0.0
9756000,4877,2026-06-18T04:49:20.772230,2.9448978900909424,1.437416434288025,1.1836735010147095,6.030612468719482,qmix,smacv2,protoss_5_vs_5,101,0.0
9758000,4878,2026-06-18T04:52:49.270977,3.6297831535339355,1.4607083797454834,1.0510203838348389,6.951530456542969,qmix,smacv2,protoss_5_vs_5,101,0.0
9760000,4879,2026-06-18T04:56:13.464861,3.422959089279175,1.675216794013977,1.4693880081176758,7.286989688873291,qmix,smacv2,protoss_5_vs_5,101,0.0
9762000,4880,2026-06-18T04:59:40.830594,2.4463651180267334,1.5151867866516113,0.4285714030265808,5.908164024353027,qmix,smacv2,protoss_5_vs_5,101,0.0
9764000,4881,2026-06-18T05:03:02.141716,3.5383293628692627,1.5555682182312012,1.6632654666900635,6.86734676361084,qmix,smacv2,protoss_5_vs_5,101,0.0
9766000,4882,2026-06-18T05:06:20.267891,3.747576951980591,2.2230844497680664,1.3227040767669678,10.85714340209961,qmix,smacv2,protoss_5_vs_5,101,0.0
9768000,4883,2026-06-18T05:09:30.994810,3.686288356781006,1.4770070314407349,2.265306234359741,8.948979377746582,qmix,smacv2,protoss_5_vs_5,101,0.0
9770000,4884,2026-06-18T05:12:43.838194,3.2764668464660645,1.3943917751312256,1.479591727256775,5.755102157592773,qmix,smacv2,protoss_5_vs_5,101,0.0
9772000,4885,2026-06-18T05:15:53.958392,3.0920917987823486,1.6826213598251343,0.9693878293037415,7.985968589782715,qmix,smacv2,protoss_5_vs_5,101,0.0
9774000,4886,2026-06-18T05:19:05.668205,3.1271681785583496,1.3946141004562378,1.1517857313156128,6.350765228271484,qmix,smacv2,protoss_5_vs_5,101,0.0
9776000,4887,2026-06-18T05:22:11.767455,2.8397955894470215,1.5495054721832275,1.0306122303009033,7.682397365570068,qmix,smacv2,protoss_5_vs_5,101,0.0
9778000,4888,2026-06-18T05:25:29.105736,2.697129964828491,1.4541507959365845,0.9183672666549683,6.048469066619873,qmix,smacv2,protoss_5_vs_5,101,0.0
9780000,4889,2026-06-18T05:28:41.319040,3.621619701385498,1.8651931285858154,1.2755101919174194,7.255101680755615,qmix,smacv2,protoss_5_vs_5,101,0.0
9782000,4890,2026-06-18T05:31:50.548603,2.97825288772583,1.8320358991622925,0.0,8.040816307067871,qmix,smacv2,protoss_5_vs_5,101,0.0
9784000,4891,2026-06-18T05:35:01.290633,3.510267972946167,1.9905650615692139,1.1709182262420654,8.112245559692383,qmix,smacv2,protoss_5_vs_5,101,0.0
9786000,4892,2026-06-18T05:38:14.709720,3.4487242698669434,1.5028120279312134,1.7933671474456787,6.119897842407227,qmix,smacv2,protoss_5_vs_5,101,0.0
9788000,4893,2026-06-18T05:41:29.159934,4.4421563148498535,2.637260675430298,1.7653061151504517,12.954083442687988,qmix,smacv2,protoss_5_vs_5,101,0.0
9790000,4894,2026-06-18T05:44:44.736323,3.1099488735198975,1.7324432134628296,0.6926020383834839,7.2334184646606445,qmix,smacv2,protoss_5_vs_5,101,0.0
9792000,4895,2026-06-18T05:48:10.805240,3.141007900238037,1.8591043949127197,0.36734694242477417,6.594388008117676,qmix,smacv2,protoss_5_vs_5,101,0.0
9794000,4896,2026-06-18T05:51:34.893680,2.7913265228271484,1.6690565347671509,1.1734694242477417,7.424745082855225,qmix,smacv2,protoss_5_vs_5,101,0.0
9796000,4897,2026-06-18T05:55:02.228146,2.6273598670959473,2.037713050842285,0.6122449040412903,7.802295684814453,qmix,smacv2,protoss_5_vs_5,101,0.0
9798000,4898,2026-06-18T05:58:28.635676,3.6167092323303223,1.711439609527588,0.9961735010147095,6.969388008117676,qmix,smacv2,protoss_5_vs_5,101,0.0
9800000,4899,2026-06-18T06:02:00.931017,2.804974317550659,2.053922176361084,0.26530611515045166,7.75,qmix,smacv2,protoss_5_vs_5,101,0.0
9802000,4900,2026-06-18T06:05:18.405131,2.522895336151123,1.293653964996338,0.7346938848495483,5.214285850524902,qmix,smacv2,protoss_5_vs_5,101,0.0
9804000,4901,2026-06-18T06:08:36.060172,2.9605865478515625,2.841094732284546,0.13265305757522583,12.030611991882324,qmix,smacv2,protoss_5_vs_5,101,0.0
9806000,4902,2026-06-18T06:11:53.985752,4.01167106628418,2.8804502487182617,1.1428570747375488,12.785714149475098,qmix,smacv2,protoss_5_vs_5,101,0.0
9808000,4903,2026-06-18T06:15:07.969859,2.9054207801818848,1.5759743452072144,1.112244963645935,6.631377220153809,qmix,smacv2,protoss_5_vs_5,101,0.0
9810000,4904,2026-06-18T06:18:20.506882,3.4617984294891357,1.5370593070983887,1.3137755393981934,7.3979597091674805,qmix,smacv2,protoss_5_vs_5,101,0.0
9812000,4905,2026-06-18T06:21:39.209561,3.286607027053833,2.0962843894958496,0.8558673858642578,8.173468589782715,qmix,smacv2,protoss_5_vs_5,101,0.0
9814000,4906,2026-06-18T06:24:49.308559,3.5505740642547607,1.9225651025772095,1.3469387292861938,9.956632614135742,qmix,smacv2,protoss_5_vs_5,101,0.0
9816000,4907,2026-06-18T06:28:03.470503,2.9754464626312256,0.9119934439659119,1.793367624282837,4.755102157592773,qmix,smacv2,protoss_5_vs_5,101,0.0
9818000,4908,2026-06-18T06:31:13.309951,3.1880102157592773,1.6260038614273071,1.2130101919174194,8.524234771728516,qmix,smacv2,protoss_5_vs_5,101,0.0
9820000,4909,2026-06-18T06:34:32.784098,3.506887912750244,2.305393934249878,0.3163265287876129,9.591836929321289,qmix,smacv2,protoss_5_vs_5,101,0.0
9822000,4910,2026-06-18T06:37:49.134078,4.373086929321289,2.613105297088623,1.040816307067871,11.459183692932129,qmix,smacv2,protoss_5_vs_5,101,0.0
9824000,4911,2026-06-18T06:41:03.869372,3.5445151329040527,1.6690917015075684,1.4642857313156128,6.936224460601807,qmix,smacv2,protoss_5_vs_5,101,0.0
9826000,4912,2026-06-18T06:44:23.568001,3.454272747039795,1.7226471900939941,0.6938775777816772,6.681122779846191,qmix,smacv2,protoss_5_vs_5,101,0.0
9828000,4913,2026-06-18T06:47:38.679927,4.275637626647949,1.380863904953003,2.2474491596221924,7.183673858642578,qmix,smacv2,protoss_5_vs_5,101,0.0
9830000,4914,2026-06-18T06:50:50.783390,3.567410945892334,1.7160756587982178,1.0714285373687744,6.622448921203613,qmix,smacv2,protoss_5_vs_5,101,0.0
9832000,4915,2026-06-18T06:54:00.364094,2.967155933380127,1.6947613954544067,1.4272959232330322,8.72449016571045,qmix,smacv2,protoss_5_vs_5,101,0.0
9834000,4916,2026-06-18T06:57:14.302559,3.303252696990967,2.0604655742645264,0.5714285373687744,8.772958755493164,qmix,smacv2,protoss_5_vs_5,101,0.0
9836000,4917,2026-06-18T07:00:23.898594,3.6259567737579346,1.3606477975845337,1.4808673858642578,6.109694480895996,qmix,smacv2,protoss_5_vs_5,101,0.0
9838000,4918,2026-06-18T07:03:32.890821,2.619706630706787,1.1472558975219727,0.9400510787963867,5.989796161651611,qmix,smacv2,protoss_5_vs_5,101,0.0
9840000,4919,2026-06-18T07:06:41.644172,2.6685585975646973,1.1195765733718872,1.1645407676696777,5.163265228271484,qmix,smacv2,protoss_5_vs_5,101,0.0
9842000,4920,2026-06-18T07:09:53.438814,2.5641579627990723,1.2159545421600342,1.0471938848495483,6.438775539398193,qmix,smacv2,protoss_5_vs_5,101,0.0
9844000,4921,2026-06-18T07:13:07.451257,2.7306759357452393,2.099896192550659,0.8533164262771606,8.239795684814453,qmix,smacv2,protoss_5_vs_5,101,0.0
9846000,4922,2026-06-18T07:16:22.817917,3.1557400226593018,1.3058350086212158,0.8775510787963867,5.928571701049805,qmix,smacv2,protoss_5_vs_5,101,0.0
9848000,4923,2026-06-18T07:19:45.404134,3.972895383834839,1.8762799501419067,1.4553570747375488,8.714285850524902,qmix,smacv2,protoss_5_vs_5,101,0.0
9850000,4924,2026-06-18T07:23:10.663184,2.962372303009033,1.9003764390945435,0.7142857313156128,7.323980808258057,qmix,smacv2,protoss_5_vs_5,101,0.0
9852000,4925,2026-06-18T07:26:33.880794,2.915497303009033,1.6828099489212036,0.7818877100944519,7.377551078796387,qmix,smacv2,protoss_5_vs_5,101,0.0
9854000,4926,2026-06-18T07:29:53.252455,3.7333545684814453,2.305427074432373,1.0816326141357422,8.237244606018066,qmix,smacv2,protoss_5_vs_5,101,0.0
9856000,4927,2026-06-18T07:33:16.026835,3.866135358810425,2.219419002532959,1.1428570747375488,9.53061294555664,qmix,smacv2,protoss_5_vs_5,101,0.0
9858000,4928,2026-06-18T07:36:55.875799,2.485459089279175,1.4573471546173096,0.7346938848495483,6.482143402099609,qmix,smacv2,protoss_5_vs_5,101,0.0
9860000,4929,2026-06-18T07:40:28.816531,2.469578981399536,2.9491891860961914,0.5089285373687744,14.493621826171875,qmix,smacv2,protoss_5_vs_5,101,0.05000000074505806
9862000,4930,2026-06-18T07:43:54.277246,3.40631365776062,1.9001836776733398,0.9897958636283875,7.308673858642578,qmix,smacv2,protoss_5_vs_5,101,0.0
9864000,4931,2026-06-18T07:47:08.088552,3.7762112617492676,2.199788808822632,1.24617338180542,8.869897842407227,qmix,smacv2,protoss_5_vs_5,101,0.0
9866000,4932,2026-06-18T07:50:31.780488,4.003890037536621,1.7558796405792236,1.53316330909729,9.663265228271484,qmix,smacv2,protoss_5_vs_5,101,0.0
9868000,4933,2026-06-18T07:53:51.614604,2.8583545684814453,1.1540499925613403,1.0306122303009033,5.405612468719482,qmix,smacv2,protoss_5_vs_5,101,0.0
9870000,4934,2026-06-18T07:57:09.302515,2.8420917987823486,1.8383564949035645,0.6428571343421936,8.121172904968262,qmix,smacv2,protoss_5_vs_5,101,0.0
9872000,4935,2026-06-18T08:00:22.502834,3.7577807903289795,2.4736692905426025,0.7857142686843872,10.554847717285156,qmix,smacv2,protoss_5_vs_5,101,0.0
9874000,4936,2026-06-18T08:03:35.738707,2.9540812969207764,1.686838984489441,0.2857142686843872,6.030611991882324,qmix,smacv2,protoss_5_vs_5,101,0.0
9876000,4937,2026-06-18T08:06:48.389451,3.262181043624878,1.5557047128677368,1.0816326141357422,6.9272966384887695,qmix,smacv2,protoss_5_vs_5,101,0.0
9878000,4938,2026-06-18T08:10:01.169489,3.9883289337158203,2.1062424182891846,1.4489796161651611,8.595663070678711,qmix,smacv2,protoss_5_vs_5,101,0.0
9880000,4939,2026-06-18T08:13:07.006226,2.987053632736206,1.516198754310608,1.09183669090271,6.219387531280518,qmix,smacv2,protoss_5_vs_5,101,0.0
9882000,4940,2026-06-18T08:16:21.053369,2.8462374210357666,1.7790191173553467,0.5408163070678711,6.772959232330322,qmix,smacv2,protoss_5_vs_5,101,0.0
9884000,4941,2026-06-18T08:19:36.628267,3.6033802032470703,2.0000622272491455,1.3265304565429688,9.215561866760254,qmix,smacv2,protoss_5_vs_5,101,0.0
9886000,4942,2026-06-18T08:22:53.903363,4.024553298950195,2.2846784591674805,0.36734694242477417,8.38520336151123,qmix,smacv2,protoss_5_vs_5,101,0.0
9888000,4943,2026-06-18T08:26:11.136042,3.483992338180542,1.8323761224746704,1.3852040767669678,7.4183669090271,qmix,smacv2,protoss_5_vs_5,101,0.0
9890000,4944,2026-06-18T08:29:32.669165,3.7475764751434326,2.1207756996154785,0.7959184050559998,8.846939086914062,qmix,smacv2,protoss_5_vs_5,101,0.0
9892000,4945,2026-06-18T08:32:53.988021,2.7486608028411865,1.638113021850586,0.8469387888908386,6.2334184646606445,qmix,smacv2,protoss_5_vs_5,101,0.0
9894000,4946,2026-06-18T08:36:11.841191,2.9429209232330322,1.8692842721939087,0.7346938848495483,6.86734676361084,qmix,smacv2,protoss_5_vs_5,101,0.0
9896000,4947,2026-06-18T08:39:35.356114,2.876466751098633,1.5667905807495117,0.9196428060531616,6.091836929321289,qmix,smacv2,protoss_5_vs_5,101,0.0
9898000,4948,2026-06-18T08:42:46.833533,4.72640323638916,2.1348750591278076,1.7142856121063232,8.778060913085938,qmix,smacv2,protoss_5_vs_5,101,0.0
9900000,4949,2026-06-18T08:45:29.234260,2.4621174335479736,1.2242765426635742,0.6326530575752258,4.897959232330322,qmix,smacv2,protoss_5_vs_5,101,0.0
9902000,4950,2026-06-18T08:48:11.658415,3.903571605682373,1.3814443349838257,1.6530611515045166,6.764030456542969,qmix,smacv2,protoss_5_vs_5,101,0.0
9904000,4951,2026-06-18T08:50:58.460891,2.3839282989501953,1.3911212682724,0.45918363332748413,6.0905609130859375,qmix,smacv2,protoss_5_vs_5,101,0.0
9906000,4952,2026-06-18T08:53:38.292503,3.49617338180542,1.1660770177841187,1.8979593515396118,6.135203838348389,qmix,smacv2,protoss_5_vs_5,101,0.0
9908000,4953,2026-06-18T08:56:23.095302,4.161033630371094,2.976320505142212,1.165816307067871,11.918367385864258,qmix,smacv2,protoss_5_vs_5,101,0.0
9910000,4954,2026-06-18T08:59:04.744164,3.885587215423584,2.077540397644043,0.5,7.334183692932129,qmix,smacv2,protoss_5_vs_5,101,0.0
9912000,4955,2026-06-18T09:01:46.778217,2.501466989517212,1.3985841274261475,0.6326530575752258,5.061224937438965,qmix,smacv2,protoss_5_vs_5,101,0.0
9914000,4956,2026-06-18T09:04:30.721184,2.604400157928467,0.7408786416053772,1.707908272743225,4.7219390869140625,qmix,smacv2,protoss_5_vs_5,101,0.0
9916000,4957,2026-06-18T09:07:13.166790,2.6635842323303223,0.9742497801780701,1.2755101919174194,4.99234676361084,qmix,smacv2,protoss_5_vs_5,101,0.0
9918000,4958,2026-06-18T09:09:58.916556,2.7901148796081543,1.4880808591842651,0.7117346525192261,5.622448921203613,qmix,smacv2,protoss_5_vs_5,101,0.0
9920000,4959,2026-06-18T09:12:45.758332,2.4000637531280518,1.3443578481674194,0.9795918464660645,5.2665815353393555,qmix,smacv2,protoss_5_vs_5,101,0.0
9922000,4960,2026-06-18T09:15:29.361877,3.940114974975586,1.8064143657684326,1.7755100727081299,7.182397365570068,qmix,smacv2,protoss_5_vs_5,101,0.0
9924000,4961,2026-06-18T09:18:14.763273,3.8309948444366455,1.8530664443969727,0.9489795565605164,7.209184169769287,qmix,smacv2,protoss_5_vs_5,101,0.0
9926000,4962,2026-06-18T09:20:57.952587,3.3790817260742188,1.7783424854278564,0.6122448444366455,6.436224460601807,qmix,smacv2,protoss_5_vs_5,101,0.0
9928000,4963,2026-06-18T09:23:44.628546,3.619260311126709,2.5594568252563477,0.4897959232330322,10.377552032470703,qmix,smacv2,protoss_5_vs_5,101,0.0
9930000,4964,2026-06-18T09:26:28.906895,3.7098217010498047,1.5614955425262451,0.829081654548645,6.9183669090271,qmix,smacv2,protoss_5_vs_5,101,0.0
9932000,4965,2026-06-18T09:29:12.910721,2.9384565353393555,2.113825559616089,0.7551020383834839,10.5,qmix,smacv2,protoss_5_vs_5,101,0.0
9934000,4966,2026-06-18T09:31:55.046403,4.331186771392822,2.260869026184082,1.9081634283065796,9.98469352722168,qmix,smacv2,protoss_5_vs_5,101,0.0
9936000,4967,2026-06-18T09:34:40.923021,3.4697699546813965,1.5440268516540527,1.3367347717285156,6.919642448425293,qmix,smacv2,protoss_5_vs_5,101,0.0
9938000,4968,2026-06-18T09:37:27.839804,2.6015307903289795,1.4113088846206665,1.0892858505249023,6.493622779846191,qmix,smacv2,protoss_5_vs_5,101,0.0
9940000,4969,2026-06-18T09:40:17.018800,3.453507661819458,2.385634660720825,0.6326530575752258,11.0382661819458,qmix,smacv2,protoss_5_vs_5,101,0.0
9942000,4970,2026-06-18T09:43:05.684235,3.6470024585723877,2.0615410804748535,0.9285714030265808,8.27550983428955,qmix,smacv2,protoss_5_vs_5,101,0.0
9944000,4971,2026-06-18T09:45:53.523311,2.8693878650665283,1.433756709098816,0.6428571343421936,5.400510311126709,qmix,smacv2,protoss_5_vs_5,101,0.0
9946000,4972,2026-06-18T09:48:41.221940,2.5116708278656006,1.624009609222412,0.5510203838348389,7.598214626312256,qmix,smacv2,protoss_5_vs_5,101,0.0
9948000,4973,2026-06-18T09:51:33.013432,1.7649872303009033,1.197169542312622,0.18367347121238708,4.714285373687744,qmix,smacv2,protoss_5_vs_5,101,0.0
9950000,4974,2026-06-18T09:54:19.664310,2.7467474937438965,1.728624701499939,0.8647958636283875,8.224489212036133,qmix,smacv2,protoss_5_vs_5,101,0.0
9952000,4975,2026-06-18T09:56:45.958948,2.3181121349334717,1.6437715291976929,0.5510203838348389,6.489795684814453,qmix,smacv2,protoss_5_vs_5,101,0.0
9954000,4976,2026-06-18T09:59:08.647299,2.3811862468719482,1.4623441696166992,0.7244898080825806,5.506377220153809,qmix,smacv2,protoss_5_vs_5,101,0.0
9956000,4977,2026-06-18T10:01:38.494307,2.0813775062561035,0.9681750535964966,0.295918345451355,3.6632652282714844,qmix,smacv2,protoss_5_vs_5,101,0.0
9958000,4978,2026-06-18T10:04:03.284085,3.5120537281036377,1.839040756225586,0.7117347121238708,6.561224460601807,qmix,smacv2,protoss_5_vs_5,101,0.0
9960000,4979,2026-06-18T10:06:25.347916,3.752933979034424,1.5692428350448608,1.1530611515045166,6.469388008117676,qmix,smacv2,protoss_5_vs_5,101,0.0
9962000,4980,2026-06-18T10:08:49.962739,4.43762731552124,1.5319874286651611,1.6428569555282593,7.376275539398193,qmix,smacv2,protoss_5_vs_5,101,0.0
9964000,4981,2026-06-18T10:11:12.636875,4.115943431854248,1.506851077079773,2.0905613899230957,8.086734771728516,qmix,smacv2,protoss_5_vs_5,101,0.0
9966000,4982,2026-06-18T10:13:35.315725,3.254145383834839,1.6282981634140015,0.7334184050559998,6.561224937438965,qmix,smacv2,protoss_5_vs_5,101,0.0
9968000,4983,2026-06-18T10:15:59.645015,3.9309310913085938,2.1812946796417236,1.303571343421936,8.73469352722168,qmix,smacv2,protoss_5_vs_5,101,0.0
9970000,4984,2026-06-18T10:18:22.842812,3.3823978900909424,2.096343994140625,1.1224490404129028,9.966836929321289,qmix,smacv2,protoss_5_vs_5,101,0.0
9972000,4985,2026-06-18T10:21:16.334593,4.294579029083252,2.4642038345336914,1.5676020383834839,10.360969543457031,qmix,smacv2,protoss_5_vs_5,101,0.0
9974000,4986,2026-06-18T10:23:41.572727,3.1384568214416504,1.4049453735351562,1.2933672666549683,6.1339287757873535,qmix,smacv2,protoss_5_vs_5,101,0.0
9976000,4987,2026-06-18T10:26:02.781944,3.0852677822113037,1.0575628280639648,1.2882652282714844,4.68367338180542,qmix,smacv2,protoss_5_vs_5,101,0.0
9978000,4988,2026-06-18T10:28:28.901500,3.218303680419922,2.004243850708008,0.5306122303009033,8.346939086914062,qmix,smacv2,protoss_5_vs_5,101,0.0
9980000,4989,2026-06-18T10:30:57.399202,2.88456654548645,1.9473620653152466,0.5663264989852905,7.359694480895996,qmix,smacv2,protoss_5_vs_5,101,0.0
9982000,4990,2026-06-18T10:33:23.807401,2.4910078048706055,1.6845883131027222,0.7551020383834839,6.3775506019592285,qmix,smacv2,protoss_5_vs_5,101,0.0
9984000,4991,2026-06-18T10:35:48.777162,2.3086097240448,1.6547198295593262,0.5510203838348389,6.246172904968262,qmix,smacv2,protoss_5_vs_5,101,0.0
9986000,4992,2026-06-18T10:38:19.407756,2.484055995941162,2.0215721130371094,0.18367347121238708,7.174745082855225,qmix,smacv2,protoss_5_vs_5,101,0.0
9988000,4993,2026-06-18T10:40:45.423044,3.375446319580078,1.5686179399490356,1.0,6.836733818054199,qmix,smacv2,protoss_5_vs_5,101,0.0
9990000,4994,2026-06-18T10:43:13.331602,2.921173572540283,2.0431742668151855,0.36734694242477417,7.419642448425293,qmix,smacv2,protoss_5_vs_5,101,0.0
9992000,4995,2026-06-18T10:45:38.384182,2.2614798545837402,1.7431342601776123,0.6734694242477417,7.214285850524902,qmix,smacv2,protoss_5_vs_5,101,0.0
9994000,4996,2026-06-18T10:48:03.525574,3.2235331535339355,2.168018102645874,0.5204081535339355,9.698979377746582,qmix,smacv2,protoss_5_vs_5,101,0.0
9996000,4997,2026-06-18T10:50:29.680022,2.6241707801818848,1.3782753944396973,0.9247449040412903,6.18367338180542,qmix,smacv2,protoss_5_vs_5,101,0.0
9998000,4998,2026-06-18T10:52:54.090447,3.0304207801818848,1.7515130043029785,0.8163264989852905,6.863520622253418,qmix,smacv2,protoss_5_vs_5,101,0.0
10000000,4999,2026-06-18T10:55:19.533063,4.117091655731201,1.7903753519058228,1.9961735010147095,8.445152282714844,qmix,smacv2,protoss_5_vs_5,101,0.0
10002000,5000,2026-06-18T10:57:44.098440,3.4288268089294434,1.3356678485870361,1.2346938848495483,5.914541244506836,qmix,smacv2,protoss_5_vs_5,101,0.0
10004000,5001,2026-06-18T11:00:10.662385,3.0699617862701416,1.650413990020752,0.9030612707138062,6.789540767669678,qmix,smacv2,protoss_5_vs_5,101,0.0
10006000,5002,2026-06-18T11:02:40.468394,3.6291451454162598,2.190462350845337,0.7346938848495483,9.428571701049805,qmix,smacv2,protoss_5_vs_5,101,0.0
10008000,5003,2026-06-18T11:05:07.641975,2.2739157676696777,1.4398188591003418,0.26530611515045166,6.0089287757873535,qmix,smacv2,protoss_5_vs_5,101,0.0
10010000,5004,2026-06-18T11:07:35.741005,3.266326427459717,1.9534536600112915,0.7525510191917419,7.946427822113037,qmix,smacv2,protoss_5_vs_5,101,0.0
10012000,5005,2026-06-18T11:10:01.998582,3.561734437942505,2.7276177406311035,0.3163265287876129,12.684948921203613,qmix,smacv2,protoss_5_vs_5,101,0.0
10014000,5006,2026-06-18T11:12:31.033552,2.496556282043457,1.3407697677612305,0.6938775181770325,5.639030933380127,qmix,smacv2,protoss_5_vs_5,101,0.0
10016000,5007,2026-06-18T11:14:56.031477,3.049234628677368,1.346559762954712,1.3775510787963867,7.301020622253418,qmix,smacv2,protoss_5_vs_5,101,0.0
10018000,5008,2026-06-18T11:17:24.443372,2.6182398796081543,1.198216438293457,1.1020407676696777,5.748724937438965,qmix,smacv2,protoss_5_vs_5,101,0.0
10020000,5009,2026-06-18T11:19:49.000707,4.019069194793701,1.991125464439392,1.5931123495101929,7.8354597091674805,qmix,smacv2,protoss_5_vs_5,101,0.0
10022000,5010,2026-06-18T11:22:14.376182,3.5342469215393066,1.7587021589279175,1.5102040767669678,8.936223983764648,qmix,smacv2,protoss_5_vs_5,101,0.0
10024000,5011,2026-06-18T11:24:41.716968,3.092538356781006,1.6971521377563477,1.1428570747375488,6.457907676696777,qmix,smacv2,protoss_5_vs_5,101,0.0
10026000,5012,2026-06-18T11:27:09.109814,1.9522321224212646,1.142547369003296,0.6734694242477417,4.408163547515869,qmix,smacv2,protoss_5_vs_5,101,0.0
10028000,5013,2026-06-18T11:29:35.442151,3.0048465728759766,2.3210575580596924,0.5471938848495483,7.880102634429932,qmix,smacv2,protoss_5_vs_5,101,0.0
10030000,5014,2026-06-18T11:32:02.085457,2.5676021575927734,1.412818431854248,0.9081631898880005,5.979592323303223,qmix,smacv2,protoss_5_vs_5,101,0.0
10032000,5015,2026-06-18T11:34:27.473460,2.3683035373687744,1.3333954811096191,0.36734694242477417,5.377551078796387,qmix,smacv2,protoss_5_vs_5,101,0.0
10034000,5016,2026-06-18T11:36:54.780911,2.4259564876556396,1.6885284185409546,0.59183669090271,7.822704315185547,qmix,smacv2,protoss_5_vs_5,101,0.0
10036000,5017,2026-06-18T11:39:19.713449,1.4247448444366455,0.9958255290985107,0.18367347121238708,3.5318875312805176,qmix,smacv2,protoss_5_vs_5,101,0.0
10038000,5018,2026-06-18T11:41:45.342952,3.3410072326660156,1.8682960271835327,0.5306122303009033,8.264030456542969,qmix,smacv2,protoss_5_vs_5,101,0.0
10040000,5019,2026-06-18T11:44:12.296457,2.591454029083252,1.5732369422912598,0.8877550363540649,6.063775539398193,qmix,smacv2,protoss_5_vs_5,101,0.0
10042000,5020,2026-06-18T11:46:37.986622,2.5963010787963867,1.6326969861984253,0.7244898080825806,7.4183669090271,qmix,smacv2,protoss_5_vs_5,101,0.0
10044000,5021,2026-06-18T11:49:01.165691,3.5660712718963623,2.105966329574585,0.6734693646430969,8.683673858642578,qmix,smacv2,protoss_5_vs_5,101,0.0
10046000,5022,2026-06-18T11:51:31.477347,2.5980865955352783,1.4954241514205933,0.6734694242477417,5.728316307067871,qmix,smacv2,protoss_5_vs_5,101,0.0
10048000,5023,2026-06-18T11:53:56.355268,2.953890323638916,1.752057671546936,0.6224489808082581,6.776785850524902,qmix,smacv2,protoss_5_vs_5,101,0.0
10050000,5024,2026-06-18T11:56:22.540463,3.1452808380126953,2.4520375728607178,0.5816326141357422,11.670919418334961,qmix,smacv2,protoss_5_vs_5,101,0.0
