frame,step,timestamp,eval_return_mean,eval_return_std,eval_return_min,eval_return_max,algorithm,environment,task,seed,eval_win_rate
2000,0,2026-06-06T10:24:52.800640,3.1750001907348633,1.7425265312194824,0.6237623691558838,6.1683173179626465,qmix,smacv2,protoss_5_vs_5,100,0.0
4000,1,2026-06-06T10:27:14.114804,4.224071979522705,1.9634361267089844,1.6200497150421143,9.11262321472168,qmix,smacv2,protoss_5_vs_5,100,0.0
6000,2,2026-06-06T10:30:17.783702,4.156868934631348,1.642645001411438,1.9381186962127686,6.9529709815979,qmix,smacv2,protoss_5_vs_5,100,0.0
8000,3,2026-06-06T10:33:19.610248,5.336076259613037,2.1819965839385986,2.1683168411254883,9.554454803466797,qmix,smacv2,protoss_5_vs_5,100,0.0
10000,4,2026-06-06T10:36:22.147413,5.677722454071045,2.0796852111816406,2.7933168411254883,10.811882019042969,qmix,smacv2,protoss_5_vs_5,100,0.0
12000,5,2026-06-06T10:39:24.338829,5.552660942077637,2.6604151725769043,2.2957923412323,13.960395812988281,qmix,smacv2,protoss_5_vs_5,100,0.05000000074505806
14000,6,2026-06-06T10:42:25.573593,3.9935028553009033,1.4367263317108154,1.8898518085479736,7.517327308654785,qmix,smacv2,protoss_5_vs_5,100,0.0
16000,7,2026-06-06T10:45:31.029439,5.2305073738098145,1.3111451864242554,3.0396039485931396,8.826732635498047,qmix,smacv2,protoss_5_vs_5,100,0.0
18000,8,2026-06-06T10:48:38.989033,4.784592151641846,1.6115444898605347,2.1683168411254883,9.091584205627441,qmix,smacv2,protoss_5_vs_5,100,0.0
20000,9,2026-06-06T10:51:47.341063,4.0148515701293945,1.7207586765289307,1.4653465747833252,9.193069458007812,qmix,smacv2,protoss_5_vs_5,100,0.0
22000,10,2026-06-06T10:54:58.323995,5.046596527099609,2.603635549545288,1.4690594673156738,12.3613862991333,qmix,smacv2,protoss_5_vs_5,100,0.05000000074505806
24000,11,2026-06-06T10:58:11.926768,5.015408515930176,1.731229305267334,1.8415842056274414,7.881187438964844,qmix,smacv2,protoss_5_vs_5,100,0.0
26000,12,2026-06-06T11:01:22.954970,4.7713494300842285,1.719244360923767,2.297029495239258,9.207921028137207,qmix,smacv2,protoss_5_vs_5,100,0.0
28000,13,2026-06-06T11:04:35.654102,4.9323015213012695,1.3631608486175537,2.1633663177490234,8.702970504760742,qmix,smacv2,protoss_5_vs_5,100,0.0
30000,14,2026-06-06T11:07:44.570556,4.840965270996094,2.0665011405944824,1.8465344905853271,10.09900951385498,qmix,smacv2,protoss_5_vs_5,100,0.05000000074505806
32000,15,2026-06-06T11:10:53.264996,6.184839725494385,2.0030014514923096,2.667079210281372,12.178218841552734,qmix,smacv2,protoss_5_vs_5,100,0.05000000074505806
34000,16,2026-06-06T11:13:59.909225,4.959529876708984,2.0271177291870117,1.792079210281372,9.504951477050781,qmix,smacv2,protoss_5_vs_5,100,0.0
36000,17,2026-06-06T11:17:04.692028,5.082241058349609,2.1358413696289062,2.0495049953460693,11.980198860168457,qmix,smacv2,protoss_5_vs_5,100,0.05000000074505806
38000,18,2026-06-06T11:20:08.589514,4.65315580368042,1.5437631607055664,2.344059467315674,7.2871294021606445,qmix,smacv2,protoss_5_vs_5,100,0.0
40000,19,2026-06-06T11:23:12.906311,4.933911323547363,1.9200878143310547,2.732673168182373,10.693068504333496,qmix,smacv2,protoss_5_vs_5,100,0.0
42000,20,2026-06-06T11:26:16.398108,4.779641151428223,1.581748127937317,1.6633665561676025,7.06930685043335,qmix,smacv2,protoss_5_vs_5,100,0.0
44000,21,2026-06-06T11:29:22.221763,4.835953235626221,1.5032715797424316,1.7685644626617432,7.821782112121582,qmix,smacv2,protoss_5_vs_5,100,0.0
46000,22,2026-06-06T11:32:29.257023,5.564480304718018,2.0615341663360596,2.5965347290039062,10.079207420349121,qmix,smacv2,protoss_5_vs_5,100,0.0
48000,23,2026-06-06T11:35:37.661837,5.503155708312988,2.3529810905456543,2.267326831817627,12.277229309082031,qmix,smacv2,protoss_5_vs_5,100,0.05000000074505806
50000,24,2026-06-06T11:38:47.027605,5.566213130950928,1.558385968208313,3.0928218364715576,8.393564224243164,qmix,smacv2,protoss_5_vs_5,100,0.0
52000,25,2026-06-06T11:41:55.839111,5.140098571777344,2.2848191261291504,2.7240099906921387,9.912129402160645,qmix,smacv2,protoss_5_vs_5,100,0.05000000074505806
54000,26,2026-06-06T11:45:04.278051,5.14245080947876,2.5742104053497314,1.6497523784637451,11.98019790649414,qmix,smacv2,protoss_5_vs_5,100,0.05000000074505806
56000,27,2026-06-06T11:48:12.708045,5.132240295410156,1.6583410501480103,2.3960397243499756,9.0,qmix,smacv2,protoss_5_vs_5,100,0.0
58000,28,2026-06-06T11:51:20.746001,5.689789772033691,2.7603495121002197,2.148514986038208,13.289604187011719,qmix,smacv2,protoss_5_vs_5,100,0.0
60000,29,2026-06-06T11:54:27.846187,5.558106422424316,1.9571776390075684,2.0990099906921387,9.98019790649414,qmix,smacv2,protoss_5_vs_5,100,0.0
62000,30,2026-06-06T11:57:37.004643,5.645482540130615,2.0673952102661133,2.1881189346313477,10.069307327270508,qmix,smacv2,protoss_5_vs_5,100,0.0
64000,31,2026-06-06T12:00:43.346301,4.8582305908203125,1.8849889039993286,1.9405940771102905,9.514852523803711,qmix,smacv2,protoss_5_vs_5,100,0.0
66000,32,2026-06-06T12:03:47.958071,4.785953521728516,1.6137542724609375,2.0606436729431152,7.902227878570557,qmix,smacv2,protoss_5_vs_5,100,0.0
68000,33,2026-06-06T12:06:53.086426,7.084901332855225,3.68290114402771,1.3700494766235352,14.071783065795898,qmix,smacv2,protoss_5_vs_5,100,0.30000001192092896
70000,34,2026-06-06T12:09:57.183192,5.081064224243164,1.6850403547286987,2.257425546646118,8.722772598266602,qmix,smacv2,protoss_5_vs_5,100,0.0
72000,35,2026-06-06T12:13:02.819979,5.375494956970215,1.6806639432907104,2.702970266342163,9.287129402160645,qmix,smacv2,protoss_5_vs_5,100,0.0
74000,36,2026-06-06T12:16:10.189222,5.336695671081543,1.8515015840530396,2.415841579437256,9.99009895324707,qmix,smacv2,protoss_5_vs_5,100,0.0
76000,37,2026-06-06T12:19:17.135048,6.634963035583496,2.0635292530059814,2.99381160736084,12.370050430297852,qmix,smacv2,protoss_5_vs_5,100,0.05000000074505806
78000,38,2026-06-06T12:22:23.539273,5.594430923461914,2.2208619117736816,2.059406042098999,12.27599048614502,qmix,smacv2,protoss_5_vs_5,100,0.05000000074505806
80000,39,2026-06-06T12:25:31.889747,4.302722930908203,1.4128755331039429,2.3366336822509766,7.522276878356934,qmix,smacv2,protoss_5_vs_5,100,0.0
82000,40,2026-06-06T12:28:37.199183,4.812376976013184,1.348945140838623,2.356435775756836,7.4851484298706055,qmix,smacv2,protoss_5_vs_5,100,0.0
84000,41,2026-06-06T12:31:18.634454,5.271658420562744,1.8368542194366455,2.245049476623535,8.795791625976562,qmix,smacv2,protoss_5_vs_5,100,0.0
86000,42,2026-06-06T12:34:01.238833,5.377661228179932,1.8735814094543457,2.2475247383117676,9.574256896972656,qmix,smacv2,protoss_5_vs_5,100,0.0
88000,43,2026-06-06T12:36:43.416914,5.7061262130737305,2.2084693908691406,2.792078971862793,10.960394859313965,qmix,smacv2,protoss_5_vs_5,100,0.0
90000,44,2026-06-06T12:39:28.250436,5.210643768310547,1.7480041980743408,2.5272278785705566,9.465346336364746,qmix,smacv2,protoss_5_vs_5,100,0.0
92000,45,2026-06-06T12:42:15.175971,6.660210609436035,2.062135934829712,3.3960394859313965,10.198019981384277,qmix,smacv2,protoss_5_vs_5,100,0.10000000149011612
94000,46,2026-06-06T12:44:58.835590,5.4090352058410645,1.4448037147521973,2.7537131309509277,9.336633682250977,qmix,smacv2,protoss_5_vs_5,100,0.0
96000,47,2026-06-06T12:47:42.753125,5.810891151428223,2.398379325866699,3.1683170795440674,13.960397720336914,qmix,smacv2,protoss_5_vs_5,100,0.05000000074505806
98000,48,2026-06-06T12:50:28.498158,5.678836822509766,1.9005310535430908,2.7462871074676514,10.693069458007812,qmix,smacv2,protoss_5_vs_5,100,0.0
100000,49,2026-06-06T12:53:10.430454,4.85228967666626,1.554603099822998,2.6868813037872314,9.326732635498047,qmix,smacv2,protoss_5_vs_5,100,0.0
102000,50,2026-06-06T12:55:57.444545,5.410210609436035,2.107950210571289,0.0,9.03589153289795,qmix,smacv2,protoss_5_vs_5,100,0.0
104000,51,2026-06-06T12:58:37.230319,5.46429443359375,1.8965063095092773,2.3527228832244873,10.11881160736084,qmix,smacv2,protoss_5_vs_5,100,0.05000000074505806
106000,52,2026-06-06T13:01:17.280291,5.940655708312988,2.022922992706299,2.970297336578369,10.000000953674316,qmix,smacv2,protoss_5_vs_5,100,0.05000000074505806
108000,53,2026-06-06T13:03:55.332040,5.942141532897949,1.7403948307037354,2.97029709815979,8.693068504333496,qmix,smacv2,protoss_5_vs_5,100,0.0
110000,54,2026-06-06T13:06:29.283337,5.882239818572998,2.176377058029175,2.837871551513672,10.957921028137207,qmix,smacv2,protoss_5_vs_5,100,0.0
112000,55,2026-06-06T13:09:04.808607,4.636881351470947,1.8622841835021973,0.5346534848213196,9.705445289611816,qmix,smacv2,protoss_5_vs_5,100,0.0
114000,56,2026-06-06T13:11:43.058291,5.321597099304199,1.301073431968689,3.125000238418579,8.237624168395996,qmix,smacv2,protoss_5_vs_5,100,0.0
116000,57,2026-06-06T13:14:21.484539,5.480507850646973,2.460052013397217,2.7165842056274414,13.960395812988281,qmix,smacv2,protoss_5_vs_5,100,0.05000000074505806
118000,58,2026-06-06T13:17:02.717298,5.860086917877197,2.001228094100952,1.7326734066009521,9.813118934631348,qmix,smacv2,protoss_5_vs_5,100,0.0
120000,59,2026-06-06T13:19:44.344418,5.228342056274414,1.6968777179718018,2.5037126541137695,10.62747573852539,qmix,smacv2,protoss_5_vs_5,100,0.0
122000,60,2026-06-06T13:22:27.996193,5.448328971862793,1.793817162513733,2.2772276401519775,9.188118934631348,qmix,smacv2,protoss_5_vs_5,100,0.0
124000,61,2026-06-06T13:25:09.468416,5.108663082122803,1.5441198348999023,2.386138677597046,8.98019790649414,qmix,smacv2,protoss_5_vs_5,100,0.0
126000,62,2026-06-06T13:27:51.982035,5.307178020477295,2.349052667617798,1.7809406518936157,10.8613862991333,qmix,smacv2,protoss_5_vs_5,100,0.0
128000,63,2026-06-06T13:30:33.282056,5.663984775543213,1.8560574054718018,3.267326831817627,10.198019981384277,qmix,smacv2,protoss_5_vs_5,100,0.05000000074505806
130000,64,2026-06-06T13:33:15.212415,5.006869316101074,1.358487844467163,2.0977723598480225,7.657177925109863,qmix,smacv2,protoss_5_vs_5,100,0.0
132000,65,2026-06-06T13:35:57.078099,5.752289772033691,1.9796549081802368,2.34529709815979,8.876237869262695,qmix,smacv2,protoss_5_vs_5,100,0.0
134000,66,2026-06-06T13:38:35.318790,6.401299476623535,2.0826520919799805,2.2772278785705566,12.178216934204102,qmix,smacv2,protoss_5_vs_5,100,0.05000000074505806
136000,67,2026-06-06T13:41:13.986731,5.444121360778809,2.2070424556732178,1.9108911752700806,10.099010467529297,qmix,smacv2,protoss_5_vs_5,100,0.05000000074505806
138000,68,2026-06-06T13:43:52.296621,5.943192958831787,2.07661771774292,3.4245047569274902,12.069306373596191,qmix,smacv2,protoss_5_vs_5,100,0.05000000074505806
140000,69,2026-06-06T13:46:29.721956,5.545111656188965,1.3490493297576904,3.059406280517578,9.049505233764648,qmix,smacv2,protoss_5_vs_5,100,0.0
142000,70,2026-06-06T13:49:09.406822,5.951547145843506,1.3805441856384277,3.511138439178467,8.980198860168457,qmix,smacv2,protoss_5_vs_5,100,0.0
144000,71,2026-06-06T13:51:48.982840,6.566769599914551,2.6011462211608887,2.7821781635284424,13.574258804321289,qmix,smacv2,protoss_5_vs_5,100,0.10000000149011612
146000,72,2026-06-06T13:54:28.165269,6.223143577575684,1.7287113666534424,2.7995047569274902,11.700494766235352,qmix,smacv2,protoss_5_vs_5,100,0.0
148000,73,2026-06-06T13:57:08.162532,5.639294624328613,1.5951648950576782,2.761138677597046,9.482673645019531,qmix,smacv2,protoss_5_vs_5,100,0.0
150000,74,2026-06-06T13:59:48.718523,4.904332160949707,1.8353538513183594,2.1980197429656982,9.079208374023438,qmix,smacv2,protoss_5_vs_5,100,0.0
152000,75,2026-06-06T14:02:32.683181,5.442388534545898,1.9691063165664673,1.97029709815979,9.387375831604004,qmix,smacv2,protoss_5_vs_5,100,0.0
154000,76,2026-06-06T14:05:13.872361,4.6237006187438965,1.712695837020874,1.5841584205627441,8.00990104675293,qmix,smacv2,protoss_5_vs_5,100,0.0
156000,77,2026-06-06T14:07:57.126604,5.996163368225098,2.9355010986328125,1.898514986038208,13.983911514282227,qmix,smacv2,protoss_5_vs_5,100,0.10000000149011612
158000,78,2026-06-06T14:10:37.437039,4.460334777832031,1.411881685256958,1.4851486682891846,6.357673645019531,qmix,smacv2,protoss_5_vs_5,100,0.0
160000,79,2026-06-06T14:13:19.889962,5.3137993812561035,1.5673552751541138,2.892326593399048,9.267327308654785,qmix,smacv2,protoss_5_vs_5,100,0.0
162000,80,2026-06-06T14:16:01.530232,5.2172651290893555,1.8985241651535034,1.752475380897522,8.91089153289795,qmix,smacv2,protoss_5_vs_5,100,0.0
164000,81,2026-06-06T14:18:40.978421,6.210148334503174,2.250929832458496,3.0730199813842773,11.158416748046875,qmix,smacv2,protoss_5_vs_5,100,0.05000000074505806
166000,82,2026-06-06T14:21:18.300071,5.033106803894043,1.70977783203125,2.951732635498047,10.099010467529297,qmix,smacv2,protoss_5_vs_5,100,0.05000000074505806
168000,83,2026-06-06T14:23:56.888176,5.2337870597839355,1.7685734033584595,2.8712873458862305,10.79207992553711,qmix,smacv2,protoss_5_vs_5,100,0.0
170000,84,2026-06-06T14:26:35.180020,5.730754852294922,1.453348159790039,3.1398513317108154,8.10891056060791,qmix,smacv2,protoss_5_vs_5,100,0.0
172000,85,2026-06-06T14:29:11.087880,5.633973121643066,2.0824954509735107,2.643564462661743,12.079208374023438,qmix,smacv2,protoss_5_vs_5,100,0.05000000074505806
174000,86,2026-06-06T14:31:47.042133,5.05396032333374,1.8872507810592651,2.821782350540161,9.62128734588623,qmix,smacv2,protoss_5_vs_5,100,0.0
176000,87,2026-06-06T14:34:28.269338,5.964232444763184,2.117291212081909,2.4504952430725098,10.148514747619629,qmix,smacv2,protoss_5_vs_5,100,0.0
178000,88,2026-06-06T14:37:07.033243,5.781868934631348,3.1002655029296875,1.8613860607147217,15.940594673156738,qmix,smacv2,protoss_5_vs_5,100,0.05000000074505806
180000,89,2026-06-06T14:39:48.110903,5.535519599914551,1.7373257875442505,2.7326736450195312,9.158415794372559,qmix,smacv2,protoss_5_vs_5,100,0.0
182000,90,2026-06-06T14:42:30.492804,5.986385822296143,2.1974191665649414,2.399752616882324,9.99009895324707,qmix,smacv2,protoss_5_vs_5,100,0.0
184000,91,2026-06-06T14:45:12.263823,6.053217887878418,1.7878046035766602,3.2896037101745605,10.09900951385498,qmix,smacv2,protoss_5_vs_5,100,0.05000000074505806
186000,92,2026-06-06T14:47:55.969009,5.9073638916015625,1.783284306526184,3.439356565475464,10.362625122070312,qmix,smacv2,protoss_5_vs_5,100,0.05000000074505806
188000,93,2026-06-06T14:50:36.575755,6.258787631988525,2.0856852531433105,4.216584205627441,14.059404373168945,qmix,smacv2,protoss_5_vs_5,100,0.05000000074505806
190000,94,2026-06-06T14:53:16.793887,5.968069553375244,1.3645148277282715,2.731435537338257,8.623762130737305,qmix,smacv2,protoss_5_vs_5,100,0.0
192000,95,2026-06-06T14:55:57.143450,5.213366508483887,1.4960039854049683,3.387376308441162,8.24752426147461,qmix,smacv2,protoss_5_vs_5,100,0.0
194000,96,2026-06-06T14:58:35.346528,5.734344482421875,1.866809368133545,2.465346574783325,9.475247383117676,qmix,smacv2,protoss_5_vs_5,100,0.0
196000,97,2026-06-06T15:01:13.397600,6.012685775756836,2.058225154876709,3.0198020935058594,11.881187438964844,qmix,smacv2,protoss_5_vs_5,100,0.10000000149011612
198000,98,2026-06-06T15:03:51.943784,5.561262130737305,1.6220037937164307,2.992574691772461,8.396039009094238,qmix,smacv2,protoss_5_vs_5,100,0.0
200000,99,2026-06-06T15:06:30.371428,5.332302093505859,2.237562656402588,2.6336631774902344,12.277227401733398,qmix,smacv2,protoss_5_vs_5,100,0.05000000074505806
202000,100,2026-06-06T15:09:08.994602,6.216955661773682,2.248284101486206,2.820544481277466,11.188117980957031,qmix,smacv2,protoss_5_vs_5,100,0.0
204000,101,2026-06-06T15:11:53.755532,6.4025983810424805,2.4390835762023926,1.8712871074676514,12.219058990478516,qmix,smacv2,protoss_5_vs_5,100,0.05000000074505806
206000,102,2026-06-06T15:14:33.752815,5.901918411254883,2.3552560806274414,1.9393564462661743,12.220297813415527,qmix,smacv2,protoss_5_vs_5,100,0.05000000074505806
208000,103,2026-06-06T15:17:10.892972,5.930384159088135,1.8959574699401855,2.465346574783325,10.88118839263916,qmix,smacv2,protoss_5_vs_5,100,0.0
210000,104,2026-06-06T15:19:46.114590,5.272091865539551,2.1373956203460693,2.2339110374450684,11.20792007446289,qmix,smacv2,protoss_5_vs_5,100,0.0
212000,105,2026-06-06T15:22:24.342834,6.267202854156494,2.3778672218322754,2.8415844440460205,11.277227401733398,qmix,smacv2,protoss_5_vs_5,100,0.0
214000,106,2026-06-06T15:25:07.506345,5.915655612945557,1.4938435554504395,4.0,9.277227401733398,qmix,smacv2,protoss_5_vs_5,100,0.0
216000,107,2026-06-06T15:27:50.210029,5.591275215148926,1.1886180639266968,3.5160889625549316,8.540841102600098,qmix,smacv2,protoss_5_vs_5,100,0.0
218000,108,2026-06-06T15:30:33.743601,5.0927605628967285,1.6599386930465698,1.9702972173690796,8.673267364501953,qmix,smacv2,protoss_5_vs_5,100,0.0
220000,109,2026-06-06T15:33:18.040012,6.441088676452637,1.730849266052246,3.7227721214294434,11.653465270996094,qmix,smacv2,protoss_5_vs_5,100,0.0
222000,110,2026-06-06T15:36:00.371787,5.5279083251953125,2.1412417888641357,2.399752616882324,11.98019790649414,qmix,smacv2,protoss_5_vs_5,100,0.05000000074505806
224000,111,2026-06-06T15:38:42.812855,6.662686347961426,2.0979678630828857,2.7636139392852783,10.396040916442871,qmix,smacv2,protoss_5_vs_5,100,0.10000000149011612
226000,112,2026-06-06T15:41:22.296126,5.602599143981934,2.221364974975586,2.507425546646118,11.98019790649414,qmix,smacv2,protoss_5_vs_5,100,0.05000000074505806
228000,113,2026-06-06T15:44:01.217017,5.038737773895264,1.4310064315795898,2.3527228832244873,7.550742149353027,qmix,smacv2,protoss_5_vs_5,100,0.0
230000,114,2026-06-06T15:46:38.800808,5.391955375671387,2.469954490661621,2.2116339206695557,11.983911514282227,qmix,smacv2,protoss_5_vs_5,100,0.10000000149011612
232000,115,2026-06-06T15:49:17.321335,5.550990104675293,1.626222848892212,3.06559419631958,9.98019790649414,qmix,smacv2,protoss_5_vs_5,100,0.05000000074505806
234000,116,2026-06-06T15:51:55.442677,5.883539199829102,2.0287983417510986,2.679455280303955,10.49133586883545,qmix,smacv2,protoss_5_vs_5,100,0.05000000074505806
236000,117,2026-06-06T15:54:34.410465,5.629145622253418,1.8597180843353271,2.5396039485931396,9.097772598266602,qmix,smacv2,protoss_5_vs_5,100,0.0
238000,118,2026-06-06T15:57:14.146432,5.392141819000244,1.735914945602417,2.7821781635284424,8.455446243286133,qmix,smacv2,protoss_5_vs_5,100,0.0
240000,119,2026-06-06T15:59:52.813594,5.88081693649292,2.3143389225006104,2.5853962898254395,9.396039009094238,qmix,smacv2,protoss_5_vs_5,100,0.0
242000,120,2026-06-06T16:02:29.188859,4.735890865325928,1.7505674362182617,1.7623764276504517,8.940594673156738,qmix,smacv2,protoss_5_vs_5,100,0.0
244000,121,2026-06-06T16:05:10.708888,5.8875627517700195,2.077747344970703,2.672029733657837,11.360149383544922,qmix,smacv2,protoss_5_vs_5,100,0.0
246000,122,2026-06-06T16:07:51.269094,5.732363700866699,1.9455866813659668,2.475247383117676,11.662129402160645,qmix,smacv2,protoss_5_vs_5,100,0.0
248000,123,2026-06-06T16:10:30.012323,5.114975929260254,1.2531238794326782,2.576732635498047,7.918315887451172,qmix,smacv2,protoss_5_vs_5,100,0.0
250000,124,2026-06-06T16:13:09.045038,5.046225070953369,1.4470490217208862,2.3762378692626953,7.465346336364746,qmix,smacv2,protoss_5_vs_5,100,0.0
252000,125,2026-06-06T16:15:46.563612,5.815160751342773,1.7636146545410156,3.183168411254883,10.198019981384277,qmix,smacv2,protoss_5_vs_5,100,0.10000000149011612
254000,126,2026-06-06T16:18:26.756982,5.478589057922363,1.4793956279754639,2.9789605140686035,9.376237869262695,qmix,smacv2,protoss_5_vs_5,100,0.0
256000,127,2026-06-06T16:21:08.503356,6.086200714111328,1.495921015739441,2.97029709815979,8.851485252380371,qmix,smacv2,protoss_5_vs_5,100,0.0
258000,128,2026-06-06T16:23:50.614575,5.1907172203063965,1.2240617275238037,2.7821784019470215,8.487624168395996,qmix,smacv2,protoss_5_vs_5,100,0.0
260000,129,2026-06-06T16:26:50.270159,6.005878448486328,2.4490580558776855,3.3465347290039062,13.960395812988281,qmix,smacv2,protoss_5_vs_5,100,0.05000000074505806
262000,130,2026-06-06T16:29:27.004181,5.188118934631348,1.2661278247833252,2.8477723598480225,7.13118839263916,qmix,smacv2,protoss_5_vs_5,100,0.0
264000,131,2026-06-06T16:32:10.120195,4.958539962768555,1.8830355405807495,2.6646039485931396,10.297029495239258,qmix,smacv2,protoss_5_vs_5,100,0.05000000074505806
266000,132,2026-06-06T16:34:53.466243,5.892884254455566,2.1170225143432617,2.214108943939209,12.178217887878418,qmix,smacv2,protoss_5_vs_5,100,0.10000000149011612
268000,133,2026-06-06T16:37:35.268204,6.326980113983154,2.397052764892578,3.5383663177490234,13.960395812988281,qmix,smacv2,protoss_5_vs_5,100,0.10000000149011612
270000,134,2026-06-06T16:40:17.176469,6.127103805541992,1.8204658031463623,3.8589110374450684,11.683168411254883,qmix,smacv2,protoss_5_vs_5,100,0.0
272000,135,2026-06-06T16:42:53.508787,5.36299467086792,1.8623933792114258,1.8415842056274414,11.980196952819824,qmix,smacv2,protoss_5_vs_5,100,0.05000000074505806
274000,136,2026-06-06T16:45:31.483993,5.923144340515137,2.872265338897705,2.1918318271636963,14.158414840698242,qmix,smacv2,protoss_5_vs_5,100,0.05000000074505806
276000,137,2026-06-06T16:48:08.814003,5.795668601989746,2.605431318283081,2.350247621536255,12.277228355407715,qmix,smacv2,protoss_5_vs_5,100,0.05000000074505806
278000,138,2026-06-06T16:50:48.291197,6.319739818572998,2.487616777420044,3.077970504760742,12.277228355407715,qmix,smacv2,protoss_5_vs_5,100,0.05000000074505806
280000,139,2026-06-06T16:53:25.207437,6.549195289611816,2.3566153049468994,3.3193068504333496,12.079208374023438,qmix,smacv2,protoss_5_vs_5,100,0.10000000149011612
282000,140,2026-06-06T16:56:03.475063,4.79696798324585,1.522302269935608,2.2896039485931396,7.820544242858887,qmix,smacv2,protoss_5_vs_5,100,0.0
284000,141,2026-06-06T16:58:42.128350,5.286571979522705,1.7131030559539795,2.4306931495666504,9.702970504760742,qmix,smacv2,protoss_5_vs_5,100,0.0
286000,142,2026-06-06T17:01:22.026972,5.276980400085449,1.9394527673721313,3.1287131309509277,11.881187438964844,qmix,smacv2,protoss_5_vs_5,100,0.05000000074505806
288000,143,2026-06-06T17:04:04.394536,5.62537145614624,2.1499876976013184,2.861386299133301,12.079208374023438,qmix,smacv2,protoss_5_vs_5,100,0.05000000074505806
290000,144,2026-06-06T17:06:45.463746,6.355940818786621,2.737821340560913,3.5185647010803223,13.960397720336914,qmix,smacv2,protoss_5_vs_5,100,0.10000000149011612
292000,145,2026-06-06T17:09:26.001494,6.425990104675293,1.9148520231246948,4.0,12.079208374023438,qmix,smacv2,protoss_5_vs_5,100,0.05000000074505806
294000,146,2026-06-06T17:12:06.290361,5.857611656188965,3.2085464000701904,2.477722644805908,15.940594673156738,qmix,smacv2,protoss_5_vs_5,100,0.10000000149011612
296000,147,2026-06-06T17:14:46.604325,5.6434407234191895,1.3982778787612915,3.1621286869049072,8.375,qmix,smacv2,protoss_5_vs_5,100,0.0
298000,148,2026-06-06T17:17:25.234319,5.131869316101074,1.6848199367523193,2.356435537338257,8.381187438964844,qmix,smacv2,protoss_5_vs_5,100,0.0
300000,149,2026-06-06T17:20:05.771389,5.444863319396973,1.397092342376709,3.0631191730499268,9.141088485717773,qmix,smacv2,protoss_5_vs_5,100,0.0
302000,150,2026-06-06T17:22:43.737948,5.698700904846191,1.5774363279342651,3.8415839672088623,9.912129402160645,qmix,smacv2,protoss_5_vs_5,100,0.0
304000,151,2026-06-06T17:25:21.515524,5.667078971862793,2.3371989727020264,2.475247383117676,12.178216934204102,qmix,smacv2,protoss_5_vs_5,100,0.05000000074505806
306000,152,2026-06-06T17:28:00.355450,5.465284824371338,1.5067205429077148,2.9542078971862793,9.702970504760742,qmix,smacv2,protoss_5_vs_5,100,0.0
308000,153,2026-06-06T17:30:38.191956,5.633787155151367,1.764656662940979,2.803217887878418,8.439356803894043,qmix,smacv2,protoss_5_vs_5,100,0.0
310000,154,2026-06-06T17:33:22.434544,5.377846717834473,1.6514610052108765,3.594059705734253,9.712871551513672,qmix,smacv2,protoss_5_vs_5,100,0.0
312000,155,2026-06-06T17:36:02.449179,6.036201000213623,2.0402462482452393,1.0668317079544067,10.198019981384277,qmix,smacv2,protoss_5_vs_5,100,0.05000000074505806
314000,156,2026-06-06T17:38:38.905939,5.7736382484436035,2.3897743225097656,2.623762607574463,13.960393905639648,qmix,smacv2,protoss_5_vs_5,100,0.05000000074505806
316000,157,2026-06-06T17:41:13.713497,5.21738862991333,1.8000285625457764,2.7636141777038574,10.847772598266602,qmix,smacv2,protoss_5_vs_5,100,0.0
318000,158,2026-06-06T17:43:55.222465,5.390470027923584,1.423774003982544,3.41089129447937,8.504951477050781,qmix,smacv2,protoss_5_vs_5,100,0.0
320000,159,2026-06-06T17:46:37.228454,6.280816078186035,2.07509446144104,3.386138916015625,9.900989532470703,qmix,smacv2,protoss_5_vs_5,100,0.05000000074505806
322000,160,2026-06-06T17:49:19.850590,5.762686252593994,1.6920273303985596,3.576733112335205,8.799505233764648,qmix,smacv2,protoss_5_vs_5,100,0.0
324000,161,2026-06-06T17:52:02.213911,5.7597150802612305,1.7600080966949463,3.0334157943725586,9.76980209350586,qmix,smacv2,protoss_5_vs_5,100,0.0
326000,162,2026-06-06T17:54:42.945233,5.063613414764404,1.511231780052185,2.8316831588745117,9.297029495239258,qmix,smacv2,protoss_5_vs_5,100,0.0
328000,163,2026-06-06T17:57:25.220781,6.221287727355957,2.2770771980285645,3.346534252166748,11.23762321472168,qmix,smacv2,protoss_5_vs_5,100,0.0
330000,164,2026-06-06T18:00:05.056168,5.701237678527832,1.648941159248352,2.767326831817627,9.077970504760742,qmix,smacv2,protoss_5_vs_5,100,0.0
332000,165,2026-06-06T18:02:44.139991,5.801176071166992,2.468789577484131,2.892326831817627,14.306930541992188,qmix,smacv2,protoss_5_vs_5,100,0.05000000074505806
334000,166,2026-06-06T18:05:21.243489,5.238676071166992,1.713425636291504,1.972772240638733,9.495048522949219,qmix,smacv2,protoss_5_vs_5,100,0.0
336000,167,2026-06-06T18:07:56.525235,4.936262607574463,1.3736896514892578,2.201732635498047,7.488862037658691,qmix,smacv2,protoss_5_vs_5,100,0.0
338000,168,2026-06-06T18:10:34.411835,5.239975452423096,2.005659818649292,2.1089107990264893,9.277227401733398,qmix,smacv2,protoss_5_vs_5,100,0.0
340000,169,2026-06-06T18:13:12.562395,5.7170796394348145,1.8394685983657837,2.3663368225097656,8.950494766235352,qmix,smacv2,protoss_5_vs_5,100,0.0
342000,170,2026-06-06T18:15:52.864851,5.539480209350586,1.618546962738037,3.3527228832244873,9.745049476623535,qmix,smacv2,protoss_5_vs_5,100,0.0
344000,171,2026-06-06T18:18:32.598510,5.044554710388184,1.387671947479248,2.5643563270568848,9.095297813415527,qmix,smacv2,protoss_5_vs_5,100,0.0
346000,172,2026-06-06T18:21:11.965000,4.471968173980713,1.0405924320220947,2.6509900093078613,6.356435775756836,qmix,smacv2,protoss_5_vs_5,100,0.0
348000,173,2026-06-06T18:23:52.325658,5.504641532897949,1.5954867601394653,2.7227723598480225,8.241336822509766,qmix,smacv2,protoss_5_vs_5,100,0.0
350000,174,2026-06-06T18:26:32.582524,6.002042293548584,2.7077889442443848,2.2475247383117676,12.178217887878418,qmix,smacv2,protoss_5_vs_5,100,0.10000000149011612
352000,175,2026-06-06T18:29:13.686218,6.443935394287109,1.7161953449249268,4.019802093505859,9.75990104675293,qmix,smacv2,protoss_5_vs_5,100,0.0
354000,176,2026-06-06T18:31:52.986474,5.918564796447754,2.094249725341797,2.768564224243164,9.930692672729492,qmix,smacv2,protoss_5_vs_5,100,0.0
356000,177,2026-06-06T18:34:30.967547,5.184035301208496,0.9372009634971619,3.6633667945861816,6.4653472900390625,qmix,smacv2,protoss_5_vs_5,100,0.0
358000,178,2026-06-06T18:37:11.742373,6.207363605499268,2.4106645584106445,2.9022278785705566,13.960397720336914,qmix,smacv2,protoss_5_vs_5,100,0.05000000074505806
360000,179,2026-06-06T18:39:50.904145,5.160643577575684,1.9865483045578003,1.8650989532470703,10.88118839263916,qmix,smacv2,protoss_5_vs_5,100,0.0
362000,180,2026-06-06T18:42:29.217400,4.637376308441162,1.9092363119125366,1.9306930303573608,10.039604187011719,qmix,smacv2,protoss_5_vs_5,100,0.05000000074505806
364000,181,2026-06-06T18:45:10.692062,6.472215175628662,2.4798812866210938,3.326733112335205,11.445544242858887,qmix,smacv2,protoss_5_vs_5,100,0.10000000149011612
366000,182,2026-06-06T18:47:48.697367,6.149133682250977,2.0216970443725586,2.3465347290039062,10.0,qmix,smacv2,protoss_5_vs_5,100,0.05000000074505806
368000,183,2026-06-06T18:50:27.152034,5.1664605140686035,1.3829352855682373,2.8836634159088135,9.205445289611816,qmix,smacv2,protoss_5_vs_5,100,0.0
370000,184,2026-06-06T18:53:08.019275,6.103836536407471,2.152151584625244,3.3168320655822754,10.8613862991333,qmix,smacv2,protoss_5_vs_5,100,0.10000000149011612
372000,185,2026-06-06T18:55:49.620117,5.925743103027344,1.4958930015563965,3.0990099906921387,10.09900951385498,qmix,smacv2,protoss_5_vs_5,100,0.05000000074505806
374000,186,2026-06-06T18:58:30.224513,6.0124382972717285,2.621065139770508,2.1646041870117188,15.841585159301758,qmix,smacv2,protoss_5_vs_5,100,0.05000000074505806
376000,187,2026-06-06T19:01:11.397581,5.420607089996338,1.9972048997879028,3.2475247383117676,12.079206466674805,qmix,smacv2,protoss_5_vs_5,100,0.05000000074505806
378000,188,2026-06-06T19:03:51.338688,6.05451774597168,2.2217323780059814,1.9158414602279663,12.277227401733398,qmix,smacv2,protoss_5_vs_5,100,0.05000000074505806
380000,189,2026-06-06T19:06:31.095940,6.227351665496826,3.0155880451202393,2.3712871074676514,15.940594673156738,qmix,smacv2,protoss_5_vs_5,100,0.15000000596046448
382000,190,2026-06-06T19:09:09.440323,5.389975547790527,1.4291726350784302,3.0099010467529297,8.62128734588623,qmix,smacv2,protoss_5_vs_5,100,0.0
384000,191,2026-06-06T19:11:47.654263,6.909715175628662,2.802029848098755,2.2462873458862305,14.068069458007812,qmix,smacv2,protoss_5_vs_5,100,0.10000000149011612
386000,192,2026-06-06T19:14:24.193909,5.534900665283203,2.2909767627716064,2.601485252380371,11.722771644592285,qmix,smacv2,protoss_5_vs_5,100,0.0
388000,193,2026-06-06T19:17:02.716382,6.522772789001465,2.5399677753448486,3.792079448699951,13.960395812988281,qmix,smacv2,protoss_5_vs_5,100,0.05000000074505806
390000,194,2026-06-06T19:19:40.281325,5.342697620391846,1.4544569253921509,2.9368810653686523,9.325494766235352,qmix,smacv2,protoss_5_vs_5,100,0.0
392000,195,2026-06-06T19:22:18.283871,5.772214889526367,1.7847198247909546,2.6336634159088135,10.09900951385498,qmix,smacv2,protoss_5_vs_5,100,0.05000000074505806
394000,196,2026-06-06T19:24:58.900100,5.8224005699157715,1.9058310985565186,3.000000238418579,11.284652709960938,qmix,smacv2,protoss_5_vs_5,100,0.0
396000,197,2026-06-06T19:27:38.887111,5.411138534545898,1.869434118270874,2.392326831817627,10.719059944152832,qmix,smacv2,protoss_5_vs_5,100,0.0
398000,198,2026-06-06T19:30:19.856409,5.238181114196777,1.715680718421936,1.6225248575210571,8.592822074890137,qmix,smacv2,protoss_5_vs_5,100,0.0
400000,199,2026-06-06T19:32:59.888589,5.410829067230225,2.026614189147949,1.8490101099014282,11.267327308654785,qmix,smacv2,protoss_5_vs_5,100,0.0
402000,200,2026-06-06T19:35:41.056170,5.512499809265137,1.8569130897521973,2.5804455280303955,8.544554710388184,qmix,smacv2,protoss_5_vs_5,100,0.0
404000,201,2026-06-06T19:38:21.360682,5.332177639007568,1.690371036529541,1.9207922220230103,8.504950523376465,qmix,smacv2,protoss_5_vs_5,100,0.0
406000,202,2026-06-06T19:41:00.594257,5.412252426147461,1.5531113147735596,2.4257426261901855,8.910890579223633,qmix,smacv2,protoss_5_vs_5,100,0.0
408000,203,2026-06-06T19:43:40.560882,5.29950475692749,1.445641279220581,3.308168411254883,8.992574691772461,qmix,smacv2,protoss_5_vs_5,100,0.0
410000,204,2026-06-06T19:46:20.575309,5.3029704093933105,2.3761157989501953,2.3378713130950928,10.569307327270508,qmix,smacv2,protoss_5_vs_5,100,0.0
412000,205,2026-06-06T19:49:01.230628,5.592141151428223,1.4407038688659668,3.148514747619629,8.534653663635254,qmix,smacv2,protoss_5_vs_5,100,0.0
414000,206,2026-06-06T19:51:37.860197,5.9637370109558105,2.945664167404175,2.8428218364715576,14.158416748046875,qmix,smacv2,protoss_5_vs_5,100,0.10000000149011612
416000,207,2026-06-06T19:54:22.390395,6.127599239349365,2.2871837615966797,3.089108943939209,12.079209327697754,qmix,smacv2,protoss_5_vs_5,100,0.05000000074505806
418000,208,2026-06-06T19:56:58.280047,4.4568071365356445,0.9740232825279236,2.475247383117676,6.633664131164551,qmix,smacv2,protoss_5_vs_5,100,0.0
420000,209,2026-06-06T19:59:36.005591,5.355321884155273,1.9448741674423218,1.7636139392852783,9.318068504333496,qmix,smacv2,protoss_5_vs_5,100,0.0
422000,210,2026-06-06T20:02:15.579204,5.559715270996094,2.3423094749450684,2.3960394859313965,10.445545196533203,qmix,smacv2,protoss_5_vs_5,100,0.0
424000,211,2026-06-06T20:04:53.418522,5.2626237869262695,1.2250691652297974,3.5680694580078125,8.10891056060791,qmix,smacv2,protoss_5_vs_5,100,0.0
426000,212,2026-06-06T20:07:31.492346,5.1936259269714355,1.312507152557373,3.3465352058410645,8.077970504760742,qmix,smacv2,protoss_5_vs_5,100,0.0
428000,213,2026-06-06T20:10:13.028510,5.65352725982666,2.3851521015167236,2.6633663177490234,12.178217887878418,qmix,smacv2,protoss_5_vs_5,100,0.05000000074505806
430000,214,2026-06-06T20:12:54.323450,5.425928115844727,1.9786021709442139,1.6608911752700806,9.396039962768555,qmix,smacv2,protoss_5_vs_5,100,0.0
432000,215,2026-06-06T20:15:34.842656,5.307178497314453,2.4325833320617676,2.0396041870117188,12.089109420776367,qmix,smacv2,protoss_5_vs_5,100,0.05000000074505806
434000,216,2026-06-06T20:18:14.924046,6.205878734588623,2.1548562049865723,2.839108943939209,10.069306373596191,qmix,smacv2,protoss_5_vs_5,100,0.05000000074505806
436000,217,2026-06-06T20:20:55.785204,5.6166462898254395,1.9188423156738281,2.7042078971862793,8.720296859741211,qmix,smacv2,protoss_5_vs_5,100,0.0
438000,218,2026-06-06T20:23:37.842605,5.879455089569092,1.8331304788589478,2.172029972076416,10.09900951385498,qmix,smacv2,protoss_5_vs_5,100,0.05000000074505806
440000,219,2026-06-06T20:26:20.759362,6.187932968139648,2.960662841796875,2.1584160327911377,16.03960418701172,qmix,smacv2,protoss_5_vs_5,100,0.05000000074505806
442000,220,2026-06-06T20:29:01.268852,5.901547431945801,2.5637588500976562,2.6819307804107666,14.158416748046875,qmix,smacv2,protoss_5_vs_5,100,0.05000000074505806
444000,221,2026-06-06T20:31:40.036416,6.507734775543213,1.8622761964797974,3.1336634159088135,10.297028541564941,qmix,smacv2,protoss_5_vs_5,100,0.05000000074505806
446000,222,2026-06-06T20:34:17.122146,5.089108943939209,1.3853299617767334,2.9801981449127197,8.099010467529297,qmix,smacv2,protoss_5_vs_5,100,0.0
448000,223,2026-06-06T20:36:54.430277,5.940346717834473,1.8957608938217163,2.9405946731567383,10.09900951385498,qmix,smacv2,protoss_5_vs_5,100,0.05000000074505806
450000,224,2026-06-06T20:39:33.508321,5.085334777832031,2.063371419906616,2.452970266342163,12.079207420349121,qmix,smacv2,protoss_5_vs_5,100,0.05000000074505806
452000,225,2026-06-06T20:42:11.918707,5.4166460037231445,1.3217849731445312,3.1509904861450195,8.170791625976562,qmix,smacv2,protoss_5_vs_5,100,0.0
454000,226,2026-06-06T20:44:47.236535,5.504208564758301,1.2417596578598022,2.4480197429656982,8.069307327270508,qmix,smacv2,protoss_5_vs_5,100,0.0
456000,227,2026-06-06T20:47:27.142380,5.898329734802246,2.9165256023406982,2.6881189346313477,14.059405326843262,qmix,smacv2,protoss_5_vs_5,100,0.10000000149011612
458000,228,2026-06-06T20:50:09.364870,6.509530067443848,2.1124582290649414,2.881188154220581,11.629951477050781,qmix,smacv2,protoss_5_vs_5,100,0.0
460000,229,2026-06-06T20:52:49.072443,5.241336345672607,1.8028892278671265,2.220296859741211,9.6831693649292,qmix,smacv2,protoss_5_vs_5,100,0.0
462000,230,2026-06-06T20:55:31.660651,5.8467206954956055,2.025933265686035,3.55940580368042,12.048267364501953,qmix,smacv2,protoss_5_vs_5,100,0.05000000074505806
464000,231,2026-06-06T20:58:13.203226,5.327475070953369,1.8455166816711426,2.762376308441162,9.574256896972656,qmix,smacv2,protoss_5_vs_5,100,0.0
466000,232,2026-06-06T21:00:55.856218,5.283724784851074,1.6986109018325806,2.370049476623535,8.335395812988281,qmix,smacv2,protoss_5_vs_5,100,0.0
468000,233,2026-06-06T21:03:38.818436,7.0033416748046875,3.0264058113098145,2.9678218364715576,14.059405326843262,qmix,smacv2,protoss_5_vs_5,100,0.15000000596046448
470000,234,2026-06-06T21:06:19.998965,5.183354377746582,1.3838762044906616,2.636138916015625,7.554455757141113,qmix,smacv2,protoss_5_vs_5,100,0.0
472000,235,2026-06-06T21:09:00.079119,5.37939453125,1.833030104637146,3.1683168411254883,10.465346336364746,qmix,smacv2,protoss_5_vs_5,100,0.0
474000,236,2026-06-06T21:11:42.596294,6.743563652038574,2.535022497177124,2.2425742149353027,12.053217887878418,qmix,smacv2,protoss_5_vs_5,100,0.10000000149011612
476000,237,2026-06-06T21:14:20.617816,4.969615936279297,1.6843599081039429,2.435643434524536,8.950494766235352,qmix,smacv2,protoss_5_vs_5,100,0.0
478000,238,2026-06-06T21:16:59.265359,5.845668792724609,2.003371000289917,3.1410889625549316,11.207921028137207,qmix,smacv2,protoss_5_vs_5,100,0.0
480000,239,2026-06-06T21:19:37.076254,5.351485252380371,1.8584740161895752,3.1113860607147217,10.594058990478516,qmix,smacv2,protoss_5_vs_5,100,0.0
482000,240,2026-06-06T21:22:14.172515,5.108229637145996,1.521773338317871,2.1621286869049072,7.5148515701293945,qmix,smacv2,protoss_5_vs_5,100,0.0
484000,241,2026-06-06T21:24:53.385444,6.051794528961182,1.8888328075408936,2.8824257850646973,9.613862037658691,qmix,smacv2,protoss_5_vs_5,100,0.0
486000,242,2026-06-06T21:27:31.828201,4.755693435668945,1.3797122240066528,2.5433168411254883,8.275989532470703,qmix,smacv2,protoss_5_vs_5,100,0.0
488000,243,2026-06-06T21:30:11.011671,5.075928211212158,1.3944745063781738,2.3650989532470703,7.747525215148926,qmix,smacv2,protoss_5_vs_5,100,0.0
490000,244,2026-06-06T21:32:48.877228,5.615285396575928,1.9368802309036255,2.7400989532470703,11.742574691772461,qmix,smacv2,protoss_5_vs_5,100,0.0
492000,245,2026-06-06T21:35:25.972663,6.012747764587402,1.564280390739441,3.702970027923584,9.306930541992188,qmix,smacv2,protoss_5_vs_5,100,0.0
494000,246,2026-06-06T21:38:05.948964,6.221101760864258,2.572014331817627,2.7710397243499756,12.185644149780273,qmix,smacv2,protoss_5_vs_5,100,0.10000000149011612
496000,247,2026-06-06T21:40:46.634604,6.471472263336182,1.9893860816955566,3.206683397293091,12.316831588745117,qmix,smacv2,protoss_5_vs_5,100,0.05000000074505806
498000,248,2026-06-06T21:43:28.538703,6.72147274017334,2.7059571743011475,3.637376308441162,14.19678020477295,qmix,smacv2,protoss_5_vs_5,100,0.10000000149011612
500000,249,2026-06-06T21:46:10.391518,6.059344291687012,1.7851893901824951,3.1806933879852295,9.594059944152832,qmix,smacv2,protoss_5_vs_5,100,0.0
502000,250,2026-06-06T21:48:50.560954,6.660086154937744,3.0119762420654297,1.8292080163955688,13.960395812988281,qmix,smacv2,protoss_5_vs_5,100,0.10000000149011612
504000,251,2026-06-06T21:51:31.101391,5.925309181213379,2.5743865966796875,2.2784652709960938,13.960395812988281,qmix,smacv2,protoss_5_vs_5,100,0.05000000074505806
506000,252,2026-06-06T21:54:09.981468,6.611943244934082,2.556710958480835,3.702970504760742,12.198020935058594,qmix,smacv2,protoss_5_vs_5,100,0.15000000596046448
508000,253,2026-06-06T21:56:48.459359,4.999938011169434,1.3398493528366089,3.047029733657837,7.722771644592285,qmix,smacv2,protoss_5_vs_5,100,0.0
510000,254,2026-06-06T21:59:26.442643,5.516274929046631,2.1172051429748535,2.6051981449127197,12.090347290039062,qmix,smacv2,protoss_5_vs_5,100,0.05000000074505806
512000,255,2026-06-06T22:02:03.539448,6.866336822509766,2.9029176235198975,3.220297336578369,14.059405326843262,qmix,smacv2,protoss_5_vs_5,100,0.10000000149011612
514000,256,2026-06-06T22:04:42.670914,5.813490390777588,1.6581242084503174,3.5878710746765137,10.347773551940918,qmix,smacv2,protoss_5_vs_5,100,0.05000000074505806
516000,257,2026-06-06T22:07:22.264328,5.892636299133301,2.5191309452056885,3.1943068504333496,12.178217887878418,qmix,smacv2,protoss_5_vs_5,100,0.10000000149011612
518000,258,2026-06-06T22:10:03.701589,6.303837299346924,1.4899570941925049,3.6745047569274902,9.435644149780273,qmix,smacv2,protoss_5_vs_5,100,0.0
520000,259,2026-06-06T22:13:01.724196,6.7353339195251465,1.9470539093017578,4.527227878570557,11.891088485717773,qmix,smacv2,protoss_5_vs_5,100,0.0
522000,260,2026-06-06T22:15:38.966255,5.766026973724365,1.7766445875167847,2.2425742149353027,10.277227401733398,qmix,smacv2,protoss_5_vs_5,100,0.0
524000,261,2026-06-06T22:18:15.416599,5.433972358703613,1.633548378944397,2.326732873916626,8.899751663208008,qmix,smacv2,protoss_5_vs_5,100,0.0
526000,262,2026-06-06T22:20:55.087628,6.28570556640625,2.2754921913146973,2.3948020935058594,12.09900951385498,qmix,smacv2,protoss_5_vs_5,100,0.10000000149011612
528000,263,2026-06-06T22:23:34.012042,5.270359516143799,1.5278164148330688,2.9207921028137207,9.999999046325684,qmix,smacv2,protoss_5_vs_5,100,0.05000000074505806
530000,264,2026-06-06T22:26:16.229715,5.250185966491699,1.524869680404663,2.457920789718628,8.91089153289795,qmix,smacv2,protoss_5_vs_5,100,0.0
532000,265,2026-06-06T22:28:56.394083,4.954269886016846,1.7004847526550293,2.0742573738098145,10.099010467529297,qmix,smacv2,protoss_5_vs_5,100,0.05000000074505806
534000,266,2026-06-06T22:31:39.905114,6.100866794586182,1.9143556356430054,3.0569307804107666,11.405941009521484,qmix,smacv2,protoss_5_vs_5,100,0.0
536000,267,2026-06-06T22:34:19.347446,5.5529704093933105,1.6335017681121826,2.7004950046539307,8.594058990478516,qmix,smacv2,protoss_5_vs_5,100,0.0
538000,268,2026-06-06T22:36:59.029226,6.094863414764404,2.1063573360443115,3.0693068504333496,10.709157943725586,qmix,smacv2,protoss_5_vs_5,100,0.10000000149011612
540000,269,2026-06-06T22:39:40.150362,6.060024738311768,2.0322554111480713,2.9504952430725098,10.198019027709961,qmix,smacv2,protoss_5_vs_5,100,0.05000000074505806
542000,270,2026-06-06T22:42:18.722272,6.18397331237793,1.352959394454956,3.3465347290039062,10.059406280517578,qmix,smacv2,protoss_5_vs_5,100,0.0
544000,271,2026-06-06T22:44:57.470876,6.214851379394531,2.715672492980957,2.6831681728363037,12.178218841552734,qmix,smacv2,protoss_5_vs_5,100,0.15000000596046448
546000,272,2026-06-06T22:47:36.794986,5.88663387298584,1.7054014205932617,3.487623929977417,10.049505233764648,qmix,smacv2,protoss_5_vs_5,100,0.0
548000,273,2026-06-06T22:50:15.976058,4.9404706954956055,2.277737855911255,2.386138677597046,12.079208374023438,qmix,smacv2,protoss_5_vs_5,100,0.05000000074505806
550000,274,2026-06-06T22:52:55.502927,5.734096527099609,1.7350006103515625,3.702970504760742,9.683167457580566,qmix,smacv2,protoss_5_vs_5,100,0.0
552000,275,2026-06-06T22:55:34.792411,5.888985633850098,2.5499322414398193,1.5841585397720337,13.960397720336914,qmix,smacv2,protoss_5_vs_5,100,0.05000000074505806
554000,276,2026-06-06T22:58:12.476611,4.891707420349121,1.3069186210632324,2.094059467315674,7.663366794586182,qmix,smacv2,protoss_5_vs_5,100,0.0
556000,277,2026-06-06T23:00:50.509350,5.550990104675293,1.3909804821014404,3.623762845993042,9.029703140258789,qmix,smacv2,protoss_5_vs_5,100,0.0
558000,278,2026-06-06T23:03:29.429388,4.925804615020752,2.277329206466675,1.8131189346313477,12.079208374023438,qmix,smacv2,protoss_5_vs_5,100,0.05000000074505806
560000,279,2026-06-06T23:06:11.093635,6.198824405670166,1.3423876762390137,3.732673168182373,8.544553756713867,qmix,smacv2,protoss_5_vs_5,100,0.0
562000,280,2026-06-06T23:08:51.379848,5.5305070877075195,1.821901559829712,3.346534252166748,9.752474784851074,qmix,smacv2,protoss_5_vs_5,100,0.0
564000,281,2026-06-06T23:11:30.929182,5.834281921386719,1.89071524143219,2.7537128925323486,11.237624168395996,qmix,smacv2,protoss_5_vs_5,100,0.0
566000,282,2026-06-06T23:14:08.030149,5.431002616882324,1.5460715293884277,3.0099010467529297,8.76608943939209,qmix,smacv2,protoss_5_vs_5,100,0.0
568000,283,2026-06-06T23:16:46.868453,5.837004661560059,2.0541465282440186,2.78589129447937,9.725247383117676,qmix,smacv2,protoss_5_vs_5,100,0.0
570000,284,2026-06-06T23:19:28.028273,5.810953140258789,2.0557796955108643,1.9616336822509766,9.6113862991333,qmix,smacv2,protoss_5_vs_5,100,0.0
572000,285,2026-06-06T23:22:07.220364,5.118254661560059,1.9278806447982788,1.9381189346313477,10.663365364074707,qmix,smacv2,protoss_5_vs_5,100,0.0
574000,286,2026-06-06T23:24:47.018359,5.903403282165527,1.7315456867218018,3.3490099906921387,11.168316841125488,qmix,smacv2,protoss_5_vs_5,100,0.0
576000,287,2026-06-06T23:27:27.013840,5.070606231689453,1.1414785385131836,2.373762369155884,7.603960990905762,qmix,smacv2,protoss_5_vs_5,100,0.0
578000,288,2026-06-06T23:30:09.402207,6.584776878356934,2.123016834259033,3.042079210281372,10.1386137008667,qmix,smacv2,protoss_5_vs_5,100,0.0
580000,289,2026-06-06T23:32:48.446288,5.099195957183838,1.8339706659317017,1.8069308996200562,10.198019027709961,qmix,smacv2,protoss_5_vs_5,100,0.05000000074505806
582000,290,2026-06-06T23:35:27.679655,6.28397274017334,2.618150234222412,1.928217887878418,11.22772216796875,qmix,smacv2,protoss_5_vs_5,100,0.05000000074505806
584000,291,2026-06-06T23:38:07.530428,5.9896039962768555,2.481630563735962,1.5841584205627441,12.277228355407715,qmix,smacv2,protoss_5_vs_5,100,0.10000000149011612
586000,292,2026-06-06T23:40:46.030195,5.184467792510986,1.4731594324111938,2.475247621536255,7.633663177490234,qmix,smacv2,protoss_5_vs_5,100,0.0
588000,293,2026-06-06T23:43:23.755637,5.280507564544678,1.899570107460022,2.284653663635254,9.801980972290039,qmix,smacv2,protoss_5_vs_5,100,0.0
590000,294,2026-06-06T23:46:03.195395,5.796164035797119,1.3958109617233276,3.1881189346313477,8.544554710388184,qmix,smacv2,protoss_5_vs_5,100,0.0
592000,295,2026-06-06T23:48:43.942559,6.182673454284668,2.019303798675537,3.386138439178467,11.376237869262695,qmix,smacv2,protoss_5_vs_5,100,0.0
594000,296,2026-06-06T23:51:21.748315,5.475247383117676,1.9139705896377563,2.623762369155884,10.434406280517578,qmix,smacv2,protoss_5_vs_5,100,0.05000000074505806
596000,297,2026-06-06T23:54:01.511874,5.114170074462891,1.3428552150726318,2.5618813037872314,7.613862037658691,qmix,smacv2,protoss_5_vs_5,100,0.0
598000,298,2026-06-06T23:56:41.607767,5.675928115844727,1.439186930656433,2.2784652709960938,8.148514747619629,qmix,smacv2,protoss_5_vs_5,100,0.0
600000,299,2026-06-06T23:59:21.497306,5.4724626541137695,1.6196106672286987,2.9987621307373047,9.118812561035156,qmix,smacv2,protoss_5_vs_5,100,0.0
602000,300,2026-06-07T00:02:01.926275,6.011324882507324,2.435617685317993,3.198019504547119,12.946782112121582,qmix,smacv2,protoss_5_vs_5,100,0.0
604000,301,2026-06-07T00:04:41.852740,5.377537727355957,1.3012586832046509,2.8304457664489746,7.920792579650879,qmix,smacv2,protoss_5_vs_5,100,0.0
606000,302,2026-06-07T00:07:22.722325,5.915717601776123,1.57576584815979,3.207920551300049,9.168315887451172,qmix,smacv2,protoss_5_vs_5,100,0.0
608000,303,2026-06-07T00:10:01.968754,5.706002235412598,2.127014398574829,2.7227723598480225,10.459157943725586,qmix,smacv2,protoss_5_vs_5,100,0.0
610000,304,2026-06-07T00:12:41.807937,5.824690341949463,2.187169075012207,2.8886139392852783,11.215347290039062,qmix,smacv2,protoss_5_vs_5,100,0.0
612000,305,2026-06-07T00:15:18.104500,6.077784538269043,1.9848319292068481,3.8118813037872314,12.178217887878418,qmix,smacv2,protoss_5_vs_5,100,0.05000000074505806
614000,306,2026-06-07T00:17:56.362525,5.517202377319336,1.636874794960022,2.8898513317108154,9.710396766662598,qmix,smacv2,protoss_5_vs_5,100,0.0
616000,307,2026-06-07T00:20:31.728396,5.0141096115112305,1.0328254699707031,3.2054455280303955,6.816832065582275,qmix,smacv2,protoss_5_vs_5,100,0.0
618000,308,2026-06-07T00:23:09.284423,5.447649002075195,1.8857957124710083,2.530940532684326,9.316832542419434,qmix,smacv2,protoss_5_vs_5,100,0.0
620000,309,2026-06-07T00:25:48.806381,5.442326545715332,1.5590089559555054,3.7821781635284424,9.76237678527832,qmix,smacv2,protoss_5_vs_5,100,0.0
622000,310,2026-06-07T00:28:30.178869,5.497339725494385,2.0410330295562744,2.5569307804107666,10.632426261901855,qmix,smacv2,protoss_5_vs_5,100,0.05000000074505806
624000,311,2026-06-07T00:31:09.518117,5.688985347747803,2.0307295322418213,2.875,11.23762321472168,qmix,smacv2,protoss_5_vs_5,100,0.0
626000,312,2026-06-07T00:33:57.321568,6.222710609436035,2.470139265060425,2.821782112121582,11.099010467529297,qmix,smacv2,protoss_5_vs_5,100,0.05000000074505806
628000,313,2026-06-07T00:36:36.894786,5.345358848571777,1.587351679801941,2.493812084197998,7.891088962554932,qmix,smacv2,protoss_5_vs_5,100,0.0
630000,314,2026-06-07T00:39:16.306957,7.207116603851318,2.6937131881713867,2.9975247383117676,12.613862037658691,qmix,smacv2,protoss_5_vs_5,100,0.05000000074505806
632000,315,2026-06-07T00:41:53.386884,5.398081302642822,1.159019947052002,3.0495049953460693,7.179455757141113,qmix,smacv2,protoss_5_vs_5,100,0.0
634000,316,2026-06-07T00:44:33.305837,6.240717887878418,1.9323819875717163,3.8997528553009033,10.87128734588623,qmix,smacv2,protoss_5_vs_5,100,0.0
636000,317,2026-06-07T00:47:12.295343,5.554579734802246,1.2325536012649536,3.1584157943725586,8.454208374023438,qmix,smacv2,protoss_5_vs_5,100,0.0
638000,318,2026-06-07T00:49:50.728644,5.560891151428223,1.9508594274520874,3.1980202198028564,10.346534729003906,qmix,smacv2,protoss_5_vs_5,100,0.0
640000,319,2026-06-07T00:52:28.077335,5.767697334289551,2.0829014778137207,1.5247523784637451,10.017326354980469,qmix,smacv2,protoss_5_vs_5,100,0.0
642000,320,2026-06-07T00:55:05.332385,5.686324119567871,2.1041605472564697,2.4195544719696045,9.125,qmix,smacv2,protoss_5_vs_5,100,0.0
644000,321,2026-06-07T00:57:43.020557,5.862995147705078,2.5759642124176025,2.465346574783325,14.059405326843262,qmix,smacv2,protoss_5_vs_5,100,0.10000000149011612
646000,322,2026-06-07T01:00:24.278052,5.355878829956055,2.0606210231781006,2.178217887878418,9.306929588317871,qmix,smacv2,protoss_5_vs_5,100,0.0
648000,323,2026-06-07T01:03:08.076518,6.655012607574463,2.9997212886810303,1.9009898900985718,15.851484298706055,qmix,smacv2,protoss_5_vs_5,100,0.05000000074505806
650000,324,2026-06-07T01:05:51.914521,6.468441009521484,2.4343361854553223,3.457920789718628,14.179455757141113,qmix,smacv2,protoss_5_vs_5,100,0.10000000149011612
652000,325,2026-06-07T01:08:34.408562,5.048390865325928,1.579141616821289,2.148514747619629,9.841584205627441,qmix,smacv2,protoss_5_vs_5,100,0.0
654000,326,2026-06-07T01:11:16.123797,6.138056755065918,1.7965149879455566,2.31559419631958,9.139851570129395,qmix,smacv2,protoss_5_vs_5,100,0.0
656000,327,2026-06-07T01:13:56.273080,6.143192768096924,3.1912271976470947,3.375000476837158,15.841585159301758,qmix,smacv2,protoss_5_vs_5,100,0.10000000149011612
658000,328,2026-06-07T01:16:36.778358,5.386076927185059,1.9794418811798096,2.268564462661743,8.836633682250977,qmix,smacv2,protoss_5_vs_5,100,0.0
660000,329,2026-06-07T01:19:12.808737,5.109220027923584,1.6472870111465454,2.950495481491089,9.425743103027344,qmix,smacv2,protoss_5_vs_5,100,0.0
662000,330,2026-06-07T01:21:51.600255,5.9636759757995605,2.3461081981658936,2.118812084197998,11.98019790649414,qmix,smacv2,protoss_5_vs_5,100,0.05000000074505806
664000,331,2026-06-07T01:24:30.279621,5.855074405670166,1.9792838096618652,3.0792078971862793,11.571781158447266,qmix,smacv2,protoss_5_vs_5,100,0.0
666000,332,2026-06-07T01:27:07.730583,5.571968078613281,1.845110297203064,2.623762369155884,9.930692672729492,qmix,smacv2,protoss_5_vs_5,100,0.0
668000,333,2026-06-07T01:29:45.989816,5.483168125152588,1.6796013116836548,2.672029733657837,9.079208374023438,qmix,smacv2,protoss_5_vs_5,100,0.0
670000,334,2026-06-07T01:32:25.175779,6.307178020477295,2.4895575046539307,3.339108943939209,13.960397720336914,qmix,smacv2,protoss_5_vs_5,100,0.05000000074505806
672000,335,2026-06-07T01:35:06.186449,5.927784442901611,2.7846903800964355,1.7784655094146729,14.257425308227539,qmix,smacv2,protoss_5_vs_5,100,0.10000000149011612
674000,336,2026-06-07T01:37:48.301023,5.419183731079102,1.5599437952041626,2.3069307804107666,8.366336822509766,qmix,smacv2,protoss_5_vs_5,100,0.0
676000,337,2026-06-07T01:40:31.209568,6.378651142120361,1.7219926118850708,3.7524752616882324,9.681930541992188,qmix,smacv2,protoss_5_vs_5,100,0.0
678000,338,2026-06-07T01:43:12.360823,5.683539867401123,1.5674018859863281,3.0693068504333496,8.564356803894043,qmix,smacv2,protoss_5_vs_5,100,0.0
680000,339,2026-06-07T01:45:53.433051,5.835457801818848,1.8076273202896118,3.4727721214294434,10.871286392211914,qmix,smacv2,protoss_5_vs_5,100,0.0
682000,340,2026-06-07T01:48:32.758113,5.573700904846191,1.9698394536972046,3.077970504760742,11.8613862991333,qmix,smacv2,protoss_5_vs_5,100,0.0
684000,341,2026-06-07T01:51:10.802605,5.0773515701293945,1.5689610242843628,2.0990099906921387,7.891088962554932,qmix,smacv2,protoss_5_vs_5,100,0.0
686000,342,2026-06-07T01:53:47.155268,5.801794528961182,2.27380633354187,2.334158420562744,14.059405326843262,qmix,smacv2,protoss_5_vs_5,100,0.05000000074505806
688000,343,2026-06-07T01:56:25.116504,6.292635917663574,1.9704680442810059,3.231436252593994,12.079207420349121,qmix,smacv2,protoss_5_vs_5,100,0.05000000074505806
690000,344,2026-06-07T01:59:01.402789,5.745358467102051,1.882932186126709,2.7425742149353027,9.900989532470703,qmix,smacv2,protoss_5_vs_5,100,0.10000000149011612
692000,345,2026-06-07T02:01:38.921449,5.860086441040039,1.9456849098205566,3.7227721214294434,11.904702186584473,qmix,smacv2,protoss_5_vs_5,100,0.0
694000,346,2026-06-07T02:04:15.964673,5.67271089553833,1.1602083444595337,3.316831588745117,7.683167934417725,qmix,smacv2,protoss_5_vs_5,100,0.0
696000,347,2026-06-07T02:06:55.374988,5.391707897186279,1.0940604209899902,3.672029972076416,7.435643672943115,qmix,smacv2,protoss_5_vs_5,100,0.0
698000,348,2026-06-07T02:09:36.969245,5.901361465454102,1.7457536458969116,3.7054455280303955,10.325494766235352,qmix,smacv2,protoss_5_vs_5,100,0.05000000074505806
700000,349,2026-06-07T02:12:17.559869,5.918440818786621,1.1299341917037964,4.25,8.148514747619629,qmix,smacv2,protoss_5_vs_5,100,0.0
702000,350,2026-06-07T02:14:58.626124,5.772153854370117,2.3655266761779785,2.607673168182373,10.198019981384277,qmix,smacv2,protoss_5_vs_5,100,0.05000000074505806
704000,351,2026-06-07T02:17:39.526156,5.061695575714111,1.4492204189300537,3.000000238418579,8.366336822509766,qmix,smacv2,protoss_5_vs_5,100,0.0
706000,352,2026-06-07T02:20:22.442247,5.908106327056885,2.325361728668213,2.77970290184021,12.277227401733398,qmix,smacv2,protoss_5_vs_5,100,0.05000000074505806
708000,353,2026-06-07T02:23:01.081569,5.313675880432129,1.7156978845596313,2.475247621536255,8.98019790649414,qmix,smacv2,protoss_5_vs_5,100,0.0
710000,354,2026-06-07T02:25:39.430177,5.702289581298828,1.668361783027649,2.465346574783325,10.059406280517578,qmix,smacv2,protoss_5_vs_5,100,0.0
712000,355,2026-06-07T02:28:16.376415,5.444864273071289,2.4182486534118652,2.623762369155884,11.980198860168457,qmix,smacv2,protoss_5_vs_5,100,0.05000000074505806
714000,356,2026-06-07T02:30:55.844933,5.420172691345215,2.4120397567749023,2.626237630844116,12.667078971862793,qmix,smacv2,protoss_5_vs_5,100,0.0
716000,357,2026-06-07T02:33:34.666083,5.804270267486572,2.144963502883911,3.404703140258789,12.079208374023438,qmix,smacv2,protoss_5_vs_5,100,0.05000000074505806
718000,358,2026-06-07T02:36:13.342084,5.870173454284668,1.931282877922058,3.334158420562744,12.079208374023438,qmix,smacv2,protoss_5_vs_5,100,0.05000000074505806
720000,359,2026-06-07T02:38:51.310185,5.826918125152588,2.7707738876342773,2.475247621536255,14.059405326843262,qmix,smacv2,protoss_5_vs_5,100,0.05000000074505806
722000,360,2026-06-07T02:41:29.214272,5.89053201675415,1.7422033548355103,3.4715347290039062,9.306930541992188,qmix,smacv2,protoss_5_vs_5,100,0.0
724000,361,2026-06-07T02:44:08.988055,5.069554328918457,1.9732029438018799,0.8514851331710815,9.217822074890137,qmix,smacv2,protoss_5_vs_5,100,0.0
726000,362,2026-06-07T02:46:49.281452,6.137932777404785,2.4406862258911133,1.8131186962127686,11.891088485717773,qmix,smacv2,protoss_5_vs_5,100,0.05000000074505806
728000,363,2026-06-07T02:49:29.095507,5.763428688049316,1.5151443481445312,2.767326593399048,8.435644149780273,qmix,smacv2,protoss_5_vs_5,100,0.0
730000,364,2026-06-07T02:52:14.377377,5.5948638916015625,1.7789418697357178,2.5037128925323486,9.534653663635254,qmix,smacv2,protoss_5_vs_5,100,0.0
732000,365,2026-06-07T02:54:53.716596,6.3894805908203125,2.137753486633301,4.039604187011719,12.178216934204102,qmix,smacv2,protoss_5_vs_5,100,0.05000000074505806
734000,366,2026-06-07T02:57:32.636743,5.495854377746582,1.757041096687317,2.3366336822509766,9.435644149780273,qmix,smacv2,protoss_5_vs_5,100,0.0
736000,367,2026-06-07T03:00:11.408600,5.796534538269043,1.8468804359436035,2.702970266342163,11.059406280517578,qmix,smacv2,protoss_5_vs_5,100,0.0
738000,368,2026-06-07T03:02:48.538523,5.852413177490234,2.8466315269470215,2.237623929977417,13.8613862991333,qmix,smacv2,protoss_5_vs_5,100,0.10000000149011612
740000,369,2026-06-07T03:05:25.656172,5.217327117919922,1.0934077501296997,3.1584160327911377,7.178217887878418,qmix,smacv2,protoss_5_vs_5,100,0.0
742000,370,2026-06-07T03:08:05.523634,6.380074501037598,2.134537696838379,3.2227721214294434,12.221534729003906,qmix,smacv2,protoss_5_vs_5,100,0.10000000149011612
744000,371,2026-06-07T03:10:45.371551,4.718255043029785,1.5782475471496582,1.6930694580078125,7.407179355621338,qmix,smacv2,protoss_5_vs_5,100,0.0
746000,372,2026-06-07T03:13:24.321172,5.6685028076171875,1.6788012981414795,2.820544481277466,9.148515701293945,qmix,smacv2,protoss_5_vs_5,100,0.0
748000,373,2026-06-07T03:16:06.189731,5.934962749481201,1.8578842878341675,3.0198018550872803,9.930693626403809,qmix,smacv2,protoss_5_vs_5,100,0.05000000074505806
750000,374,2026-06-07T03:18:47.184146,5.857301712036133,1.908216953277588,2.5507426261901855,9.831683158874512,qmix,smacv2,protoss_5_vs_5,100,0.0
752000,375,2026-06-07T03:21:26.073680,5.330941200256348,0.9283553957939148,3.623762607574463,7.287128448486328,qmix,smacv2,protoss_5_vs_5,100,0.0
754000,376,2026-06-07T03:24:05.559152,5.013242721557617,1.2205647230148315,2.808168411254883,7.832921028137207,qmix,smacv2,protoss_5_vs_5,100,0.0
756000,377,2026-06-07T03:26:44.975376,6.0,1.7541314363479614,2.59529709815979,9.993812561035156,qmix,smacv2,protoss_5_vs_5,100,0.0
758000,378,2026-06-07T03:29:25.373872,5.192636013031006,1.3702653646469116,3.3960394859313965,8.83292007446289,qmix,smacv2,protoss_5_vs_5,100,0.0
760000,379,2026-06-07T03:32:05.540617,5.704826831817627,1.6894210577011108,2.987623691558838,9.714109420776367,qmix,smacv2,protoss_5_vs_5,100,0.0
762000,380,2026-06-07T03:34:43.728480,5.641460418701172,1.5824745893478394,2.762376070022583,9.438118934631348,qmix,smacv2,protoss_5_vs_5,100,0.0
764000,381,2026-06-07T03:37:22.641934,5.562376499176025,1.8020433187484741,3.6225247383117676,10.673267364501953,qmix,smacv2,protoss_5_vs_5,100,0.05000000074505806
766000,382,2026-06-07T03:40:03.691367,6.20575475692749,2.0632991790771484,3.4554455280303955,10.287128448486328,qmix,smacv2,protoss_5_vs_5,100,0.10000000149011612
768000,383,2026-06-07T03:42:43.173402,5.7358903884887695,1.5926458835601807,2.297029733657837,8.185644149780273,qmix,smacv2,protoss_5_vs_5,100,0.0
770000,384,2026-06-07T03:45:21.209880,5.2626237869262695,1.3888896703720093,2.8972768783569336,8.1386137008667,qmix,smacv2,protoss_5_vs_5,100,0.0
772000,385,2026-06-07T03:47:58.069426,5.076052188873291,1.4000741243362427,2.9504952430725098,8.712870597839355,qmix,smacv2,protoss_5_vs_5,100,0.0
774000,386,2026-06-07T03:50:37.839901,5.912128448486328,1.1759676933288574,4.178217887878418,8.544554710388184,qmix,smacv2,protoss_5_vs_5,100,0.0
776000,387,2026-06-07T03:53:16.629527,6.082921028137207,2.2392497062683105,3.820544719696045,12.079208374023438,qmix,smacv2,protoss_5_vs_5,100,0.05000000074505806
778000,388,2026-06-07T03:55:57.585836,6.143255233764648,1.5056058168411255,3.243811845779419,9.00990104675293,qmix,smacv2,protoss_5_vs_5,100,0.0
780000,389,2026-06-07T03:58:55.999776,5.476856708526611,2.557851791381836,2.7301981449127197,12.079208374023438,qmix,smacv2,protoss_5_vs_5,100,0.05000000074505806
782000,390,2026-06-07T04:01:30.928601,5.328650951385498,1.4806313514709473,2.2103960514068604,7.950495719909668,qmix,smacv2,protoss_5_vs_5,100,0.0
784000,391,2026-06-07T04:04:11.604407,4.815965175628662,1.974358320236206,2.3316831588745117,10.237624168395996,qmix,smacv2,protoss_5_vs_5,100,0.05000000074505806
786000,392,2026-06-07T04:06:51.020517,6.172586917877197,2.9678382873535156,3.029703140258789,13.35643482208252,qmix,smacv2,protoss_5_vs_5,100,0.10000000149011612
788000,393,2026-06-07T04:09:30.483570,7.250494480133057,3.1510322093963623,3.2747528553009033,15.940594673156738,qmix,smacv2,protoss_5_vs_5,100,0.15000000596046448
790000,394,2026-06-07T04:12:10.660310,6.14288330078125,1.5543012619018555,3.9356436729431152,9.722771644592285,qmix,smacv2,protoss_5_vs_5,100,0.0
792000,395,2026-06-07T04:14:50.680321,5.169182777404785,1.5334656238555908,2.5928220748901367,8.711633682250977,qmix,smacv2,protoss_5_vs_5,100,0.0
794000,396,2026-06-07T04:17:32.913723,6.315965175628662,2.2675342559814453,3.1089107990264893,11.98019790649414,qmix,smacv2,protoss_5_vs_5,100,0.05000000074505806
796000,397,2026-06-07T04:20:11.025013,5.871781826019287,1.3022300004959106,3.9430694580078125,8.550742149353027,qmix,smacv2,protoss_5_vs_5,100,0.0
798000,398,2026-06-07T04:22:50.907933,5.23112678527832,1.2560505867004395,2.9133663177490234,7.9207916259765625,qmix,smacv2,protoss_5_vs_5,100,0.0
800000,399,2026-06-07T04:25:31.974966,5.062438011169434,1.5476325750350952,2.4368810653686523,8.287128448486328,qmix,smacv2,protoss_5_vs_5,100,0.0
802000,400,2026-06-07T04:28:13.184566,5.784653663635254,2.2827463150024414,2.809406042098999,13.960395812988281,qmix,smacv2,protoss_5_vs_5,100,0.05000000074505806
804000,401,2026-06-07T04:30:54.832723,5.2691216468811035,2.4530253410339355,1.9108911752700806,11.98019790649414,qmix,smacv2,protoss_5_vs_5,100,0.05000000074505806
806000,402,2026-06-07T04:33:35.714439,5.230011940002441,1.6830015182495117,2.8118813037872314,9.335395812988281,qmix,smacv2,protoss_5_vs_5,100,0.0
808000,403,2026-06-07T04:36:18.715070,6.587932586669922,2.9342288970947266,2.2103962898254395,13.704208374023438,qmix,smacv2,protoss_5_vs_5,100,0.10000000149011612
810000,404,2026-06-07T04:38:59.065082,5.374999523162842,1.683838963508606,2.0086636543273926,8.10891056060791,qmix,smacv2,protoss_5_vs_5,100,0.0
812000,405,2026-06-07T04:41:40.352160,5.140037536621094,1.7608544826507568,2.429455280303955,8.653465270996094,qmix,smacv2,protoss_5_vs_5,100,0.0
814000,406,2026-06-07T04:44:23.380630,5.647029876708984,2.3853015899658203,2.2524755001068115,10.701733589172363,qmix,smacv2,protoss_5_vs_5,100,0.0
816000,407,2026-06-07T04:47:07.211839,5.531744956970215,2.06536602973938,2.41089129447937,11.188119888305664,qmix,smacv2,protoss_5_vs_5,100,0.0
818000,408,2026-06-07T04:49:46.404057,5.403094291687012,2.411264657974243,2.0024752616882324,11.0,qmix,smacv2,protoss_5_vs_5,100,0.05000000074505806
820000,409,2026-06-07T04:52:25.999373,5.262376308441162,1.506637692451477,2.922029972076416,9.908415794372559,qmix,smacv2,protoss_5_vs_5,100,0.0
822000,410,2026-06-07T04:55:05.946977,6.85092830657959,2.549452066421509,3.97648549079895,14.113859176635742,qmix,smacv2,protoss_5_vs_5,100,0.15000000596046448
824000,411,2026-06-07T04:57:44.794858,6.270483016967773,1.505564570426941,4.237624168395996,10.168316841125488,qmix,smacv2,protoss_5_vs_5,100,0.0
826000,412,2026-06-07T05:00:21.390852,5.897091865539551,1.900760531425476,2.8774752616882324,12.079208374023438,qmix,smacv2,protoss_5_vs_5,100,0.05000000074505806
828000,413,2026-06-07T05:02:59.222667,4.878403663635254,1.1287788152694702,3.009901285171509,6.7425737380981445,qmix,smacv2,protoss_5_vs_5,100,0.0
830000,414,2026-06-07T05:05:39.212555,6.024319171905518,1.8657065629959106,2.8143563270568848,10.0,qmix,smacv2,protoss_5_vs_5,100,0.05000000074505806
832000,415,2026-06-07T05:08:16.995699,5.480074405670166,1.4296175241470337,3.3118813037872314,8.257426261901855,qmix,smacv2,protoss_5_vs_5,100,0.0
834000,416,2026-06-07T05:11:03.554292,5.8965349197387695,1.3708994388580322,3.3564352989196777,8.513614654541016,qmix,smacv2,protoss_5_vs_5,100,0.0
836000,417,2026-06-07T05:13:42.520007,6.301794528961182,2.2780885696411133,3.076732635498047,11.554455757141113,qmix,smacv2,protoss_5_vs_5,100,0.05000000074505806
838000,418,2026-06-07T05:16:20.953101,6.4583539962768555,2.666124105453491,2.7933168411254883,14.059405326843262,qmix,smacv2,protoss_5_vs_5,100,0.10000000149011612
840000,419,2026-06-07T05:18:56.246249,5.163985252380371,1.2978873252868652,3.184406042098999,8.079208374023438,qmix,smacv2,protoss_5_vs_5,100,0.0
842000,420,2026-06-07T05:21:32.980453,5.483168125152588,2.088057518005371,2.821782112121582,12.178217887878418,qmix,smacv2,protoss_5_vs_5,100,0.05000000074505806
844000,421,2026-06-07T05:24:10.078487,5.258415699005127,1.6927999258041382,2.3663363456726074,8.841585159301758,qmix,smacv2,protoss_5_vs_5,100,0.0
846000,422,2026-06-07T05:26:49.770799,5.0459160804748535,1.381798505783081,2.719059705734253,7.495049953460693,qmix,smacv2,protoss_5_vs_5,100,0.0
848000,423,2026-06-07T05:29:31.339242,6.595544338226318,2.2377748489379883,3.495049238204956,12.079207420349121,qmix,smacv2,protoss_5_vs_5,100,0.05000000074505806
850000,424,2026-06-07T05:32:12.561021,5.738552093505859,1.8249752521514893,2.5445544719696045,10.198019027709961,qmix,smacv2,protoss_5_vs_5,100,0.05000000074505806
852000,425,2026-06-07T05:34:54.019743,6.465779781341553,1.8934555053710938,2.504950761795044,10.297030448913574,qmix,smacv2,protoss_5_vs_5,100,0.05000000074505806
854000,426,2026-06-07T05:37:32.999670,6.097400665283203,1.5405067205429077,3.5148513317108154,9.801980018615723,qmix,smacv2,protoss_5_vs_5,100,0.0
856000,427,2026-06-07T05:40:11.683952,5.883787631988525,2.2908573150634766,2.5631189346313477,12.205446243286133,qmix,smacv2,protoss_5_vs_5,100,0.05000000074505806
858000,428,2026-06-07T05:42:52.291010,5.403527736663818,1.91828191280365,2.50618839263916,10.184407234191895,qmix,smacv2,protoss_5_vs_5,100,0.0
860000,429,2026-06-07T05:45:32.717639,5.498143672943115,1.5534759759902954,2.790841579437256,9.831683158874512,qmix,smacv2,protoss_5_vs_5,100,0.0
862000,430,2026-06-07T05:48:11.637360,5.244492530822754,1.4936600923538208,3.267326831817627,8.98019790649414,qmix,smacv2,protoss_5_vs_5,100,0.0
864000,431,2026-06-07T05:50:51.020036,5.54325532913208,1.6145997047424316,2.524752616882324,8.117574691772461,qmix,smacv2,protoss_5_vs_5,100,0.0
866000,432,2026-06-07T05:53:31.910883,6.271039962768555,2.023524284362793,3.217822313308716,9.514852523803711,qmix,smacv2,protoss_5_vs_5,100,0.0
868000,433,2026-06-07T05:56:12.091232,6.350866794586182,2.121431827545166,3.3762383460998535,12.01980209350586,qmix,smacv2,protoss_5_vs_5,100,0.05000000074505806
870000,434,2026-06-07T05:58:52.074398,5.753836631774902,1.2553060054779053,2.7227723598480225,9.059406280517578,qmix,smacv2,protoss_5_vs_5,100,0.0
872000,435,2026-06-07T06:01:31.360524,5.603156089782715,1.5995659828186035,3.0445544719696045,9.603960037231445,qmix,smacv2,protoss_5_vs_5,100,0.0
874000,436,2026-06-07T06:04:09.436511,5.374257564544678,1.2087576389312744,2.709158420562744,7.684406280517578,qmix,smacv2,protoss_5_vs_5,100,0.0
876000,437,2026-06-07T06:06:49.694235,6.127413749694824,1.8284435272216797,3.819307327270508,10.693069458007812,qmix,smacv2,protoss_5_vs_5,100,0.0
878000,438,2026-06-07T06:09:29.910699,5.8316216468811035,1.9125953912734985,2.873762369155884,10.049505233764648,qmix,smacv2,protoss_5_vs_5,100,0.0
880000,439,2026-06-07T06:12:09.045362,6.634406089782715,2.7988502979278564,3.5346531867980957,14.09900951385498,qmix,smacv2,protoss_5_vs_5,100,0.10000000149011612
882000,440,2026-06-07T06:14:47.942340,6.8380560874938965,2.5970377922058105,2.748762607574463,12.089109420776367,qmix,smacv2,protoss_5_vs_5,100,0.10000000149011612
884000,441,2026-06-07T06:17:25.911352,5.5036516189575195,1.5178724527359009,2.326732635498047,8.389851570129395,qmix,smacv2,protoss_5_vs_5,100,0.0
886000,442,2026-06-07T06:20:03.442268,5.718255043029785,1.983549952507019,3.238861560821533,11.98019790649414,qmix,smacv2,protoss_5_vs_5,100,0.05000000074505806
888000,443,2026-06-07T06:22:42.680315,5.769988059997559,1.5229322910308838,3.6435647010803223,9.28217887878418,qmix,smacv2,protoss_5_vs_5,100,0.0
890000,444,2026-06-07T06:25:21.406497,5.804022312164307,2.0833468437194824,2.774752616882324,11.98019790649414,qmix,smacv2,protoss_5_vs_5,100,0.05000000074505806
892000,445,2026-06-07T06:28:02.358237,6.4151611328125,2.3976128101348877,3.118812084197998,14.158414840698242,qmix,smacv2,protoss_5_vs_5,100,0.05000000074505806
894000,446,2026-06-07T06:30:42.821514,5.371534824371338,1.273573875427246,3.077970027923584,8.346534729003906,qmix,smacv2,protoss_5_vs_5,100,0.0
896000,447,2026-06-07T06:33:21.095317,6.3424506187438965,2.3190736770629883,3.7995052337646484,11.98019790649414,qmix,smacv2,protoss_5_vs_5,100,0.10000000149011612
898000,448,2026-06-07T06:35:59.843890,5.765099048614502,1.6750988960266113,3.4962875843048096,10.019801139831543,qmix,smacv2,protoss_5_vs_5,100,0.05000000074505806
900000,449,2026-06-07T06:38:38.975821,6.453403472900391,2.4216387271881104,3.6336636543273926,13.960395812988281,qmix,smacv2,protoss_5_vs_5,100,0.10000000149011612
902000,450,2026-06-07T06:41:19.048650,5.215532302856445,2.2807416915893555,1.485148549079895,12.178217887878418,qmix,smacv2,protoss_5_vs_5,100,0.05000000074505806
904000,451,2026-06-07T06:43:58.152979,5.6199870109558105,2.2809550762176514,2.5495047569274902,13.960397720336914,qmix,smacv2,protoss_5_vs_5,100,0.05000000074505806
906000,452,2026-06-07T06:46:40.846082,5.778651237487793,1.8684792518615723,3.5457921028137207,11.264851570129395,qmix,smacv2,protoss_5_vs_5,100,0.0
908000,453,2026-06-07T06:49:21.043119,5.066460609436035,2.1651997566223145,2.696782112121582,10.960395812988281,qmix,smacv2,protoss_5_vs_5,100,0.0
910000,454,2026-06-07T06:51:59.534567,6.132983207702637,1.7910763025283813,3.2772278785705566,10.950494766235352,qmix,smacv2,protoss_5_vs_5,100,0.0
912000,455,2026-06-07T06:54:38.614846,5.607859134674072,1.9295598268508911,2.6881189346313477,8.643564224243164,qmix,smacv2,protoss_5_vs_5,100,0.0
914000,456,2026-06-07T06:57:16.391935,5.12462854385376,1.410856008529663,2.8527231216430664,8.029703140258789,qmix,smacv2,protoss_5_vs_5,100,0.0
916000,457,2026-06-07T06:59:57.084512,5.312809944152832,1.3314623832702637,3.129950523376465,7.722772121429443,qmix,smacv2,protoss_5_vs_5,100,0.0
918000,458,2026-06-07T07:02:33.788119,5.181992530822754,1.3831908702850342,3.712871551513672,10.09900951385498,qmix,smacv2,protoss_5_vs_5,100,0.05000000074505806
920000,459,2026-06-07T07:05:12.509890,5.551300048828125,1.5080496072769165,2.785891056060791,8.90099048614502,qmix,smacv2,protoss_5_vs_5,100,0.0
922000,460,2026-06-07T07:07:51.615780,6.083910942077637,2.56782865524292,2.8316831588745117,12.178218841552734,qmix,smacv2,protoss_5_vs_5,100,0.05000000074505806
924000,461,2026-06-07T07:10:31.338567,5.4904704093933105,1.7612082958221436,1.896039605140686,8.504951477050781,qmix,smacv2,protoss_5_vs_5,100,0.0
926000,462,2026-06-07T07:13:11.338357,6.71701717376709,2.310335636138916,3.207920551300049,13.960393905639648,qmix,smacv2,protoss_5_vs_5,100,0.05000000074505806
928000,463,2026-06-07T07:15:52.741191,5.999876499176025,2.30210542678833,3.2178218364715576,11.089109420776367,qmix,smacv2,protoss_5_vs_5,100,0.05000000074505806
930000,464,2026-06-07T07:18:34.116025,4.445483207702637,1.034002661705017,2.059406042098999,6.336634159088135,qmix,smacv2,protoss_5_vs_5,100,0.0
932000,465,2026-06-07T07:21:14.489548,5.101609230041504,1.7380554676055908,2.22029709815979,7.831683158874512,qmix,smacv2,protoss_5_vs_5,100,0.0
934000,466,2026-06-07T07:23:55.755616,5.653836727142334,2.1674306392669678,2.2537128925323486,9.235148429870605,qmix,smacv2,protoss_5_vs_5,100,0.0
936000,467,2026-06-07T07:26:34.686785,4.838552474975586,0.9536527991294861,2.9269802570343018,6.301980495452881,qmix,smacv2,protoss_5_vs_5,100,0.0
938000,468,2026-06-07T07:29:16.319349,5.159096717834473,2.8354992866516113,2.6336634159088135,16.045791625976562,qmix,smacv2,protoss_5_vs_5,100,0.05000000074505806
940000,469,2026-06-07T07:31:53.717908,5.2068071365356445,1.8195363283157349,2.398514986038208,9.841584205627441,qmix,smacv2,protoss_5_vs_5,100,0.0
942000,470,2026-06-07T07:34:38.358707,5.618131637573242,2.401895761489868,0.2574257552623749,9.88118839263916,qmix,smacv2,protoss_5_vs_5,100,0.0
944000,471,2026-06-07T07:37:16.595552,5.3223395347595215,1.824527382850647,2.618811845779419,9.079208374023438,qmix,smacv2,protoss_5_vs_5,100,0.0
946000,472,2026-06-07T07:39:54.581860,6.403960227966309,2.5922563076019287,2.547029733657837,12.079208374023438,qmix,smacv2,protoss_5_vs_5,100,0.10000000149011612
948000,473,2026-06-07T07:42:32.520195,6.339542865753174,1.963206171989441,3.290841579437256,9.831684112548828,qmix,smacv2,protoss_5_vs_5,100,0.0
950000,474,2026-06-07T07:45:12.980800,5.711819648742676,2.3062901496887207,2.909653663635254,12.049505233764648,qmix,smacv2,protoss_5_vs_5,100,0.0
952000,475,2026-06-07T07:47:50.988183,5.466708183288574,1.54342782497406,2.02970290184021,9.108912467956543,qmix,smacv2,protoss_5_vs_5,100,0.0
954000,476,2026-06-07T07:50:29.451578,5.416399002075195,2.075796365737915,2.290841579437256,12.178217887878418,qmix,smacv2,protoss_5_vs_5,100,0.05000000074505806
956000,477,2026-06-07T07:53:08.107076,6.333786964416504,2.4369075298309326,3.517326831817627,11.991337776184082,qmix,smacv2,protoss_5_vs_5,100,0.0
958000,478,2026-06-07T07:55:45.471181,6.674938201904297,2.5285451412200928,4.108911037445068,14.158414840698242,qmix,smacv2,protoss_5_vs_5,100,0.10000000149011612
960000,479,2026-06-07T07:58:23.870518,5.478156089782715,1.7909317016601562,2.9207921028137207,9.9554443359375,qmix,smacv2,protoss_5_vs_5,100,0.0
962000,480,2026-06-07T08:01:03.540270,6.537561893463135,2.3560774326324463,2.672029733657837,12.079207420349121,qmix,smacv2,protoss_5_vs_5,100,0.10000000149011612
964000,481,2026-06-07T08:03:44.656222,5.874381065368652,1.9782298803329468,3.488861560821533,12.178218841552734,qmix,smacv2,protoss_5_vs_5,100,0.05000000074505806
966000,482,2026-06-07T08:06:28.919838,5.750679969787598,2.0852811336517334,2.613861560821533,10.233911514282227,qmix,smacv2,protoss_5_vs_5,100,0.05000000074505806
968000,483,2026-06-07T08:09:10.717992,5.30488920211792,1.1814502477645874,3.2821784019470215,7.336634159088135,qmix,smacv2,protoss_5_vs_5,100,0.0
970000,484,2026-06-07T08:11:53.812110,5.3698015213012695,1.4763638973236084,2.1089110374450684,8.405941009521484,qmix,smacv2,protoss_5_vs_5,100,0.0
972000,485,2026-06-07T08:14:35.100480,5.807858467102051,1.8028651475906372,2.839108943939209,9.553217887878418,qmix,smacv2,protoss_5_vs_5,100,0.0
974000,486,2026-06-07T08:17:17.122042,5.669925689697266,2.220646619796753,2.238861322402954,10.415842056274414,qmix,smacv2,protoss_5_vs_5,100,0.0
976000,487,2026-06-07T08:19:57.523672,5.767512321472168,1.634348750114441,3.245049238204956,8.866336822509766,qmix,smacv2,protoss_5_vs_5,100,0.0
978000,488,2026-06-07T08:22:36.975731,6.277722358703613,2.926861047744751,3.2982678413391113,15.952970504760742,qmix,smacv2,protoss_5_vs_5,100,0.10000000149011612
980000,489,2026-06-07T08:25:18.780635,5.707797050476074,1.6410034894943237,1.800742745399475,9.904703140258789,qmix,smacv2,protoss_5_vs_5,100,0.05000000074505806
982000,490,2026-06-07T08:27:59.198671,6.4633049964904785,2.6265041828155518,1.9009902477264404,13.960395812988281,qmix,smacv2,protoss_5_vs_5,100,0.10000000149011612
984000,491,2026-06-07T08:30:37.412822,4.902475833892822,1.6857585906982422,2.5445544719696045,8.573019981384277,qmix,smacv2,protoss_5_vs_5,100,0.0
986000,492,2026-06-07T08:33:14.468372,5.779826641082764,2.3095850944519043,3.1089110374450684,14.158414840698242,qmix,smacv2,protoss_5_vs_5,100,0.05000000074505806
988000,493,2026-06-07T08:35:52.632060,6.498082160949707,2.561642646789551,3.0074260234832764,12.178217887878418,qmix,smacv2,protoss_5_vs_5,100,0.20000000298023224
990000,494,2026-06-07T08:38:31.419332,5.392203330993652,1.548557996749878,2.6695544719696045,8.425743103027344,qmix,smacv2,protoss_5_vs_5,100,0.0
992000,495,2026-06-07T08:41:11.659984,5.786324501037598,1.768520712852478,2.940593719482422,10.78217887878418,qmix,smacv2,protoss_5_vs_5,100,0.0
994000,496,2026-06-07T08:43:51.921975,5.08657169342041,1.3707913160324097,2.5556929111480713,7.920792579650879,qmix,smacv2,protoss_5_vs_5,100,0.0
996000,497,2026-06-07T08:46:30.830443,5.465841770172119,1.560068964958191,2.2945547103881836,9.029703140258789,qmix,smacv2,protoss_5_vs_5,100,0.0
998000,498,2026-06-07T08:49:10.270524,6.4405317306518555,2.327298164367676,4.0396037101745605,13.960395812988281,qmix,smacv2,protoss_5_vs_5,100,0.05000000074505806
1000000,499,2026-06-07T08:51:51.471878,5.868378639221191,1.4478402137756348,3.0866336822509766,8.237624168395996,qmix,smacv2,protoss_5_vs_5,100,0.0
1002000,500,2026-06-07T08:54:32.396238,5.684529781341553,2.0967845916748047,2.0495049953460693,11.551979064941406,qmix,smacv2,protoss_5_vs_5,100,0.0
1004000,501,2026-06-07T08:57:12.483538,5.41033411026001,1.6094529628753662,2.9306931495666504,10.66336727142334,qmix,smacv2,protoss_5_vs_5,100,0.0
1006000,502,2026-06-07T08:59:54.297171,5.219244956970215,2.1183338165283203,1.622524619102478,10.308168411254883,qmix,smacv2,protoss_5_vs_5,100,0.05000000074505806
1008000,503,2026-06-07T09:02:36.237143,6.2331061363220215,2.448634624481201,3.029703140258789,14.105199813842773,qmix,smacv2,protoss_5_vs_5,100,0.10000000149011612
1010000,504,2026-06-07T09:05:17.728484,5.902970314025879,2.428152561187744,1.5148515701293945,11.731435775756836,qmix,smacv2,protoss_5_vs_5,100,0.0
1012000,505,2026-06-07T09:07:56.776053,4.992388725280762,1.7610572576522827,2.3650991916656494,8.38737678527832,qmix,smacv2,protoss_5_vs_5,100,0.0
1014000,506,2026-06-07T09:10:33.410855,5.708972930908203,2.2141287326812744,3.5643563270568848,12.178216934204102,qmix,smacv2,protoss_5_vs_5,100,0.05000000074505806
1016000,507,2026-06-07T09:13:11.676847,5.985209941864014,2.546196222305298,3.386138439178467,12.12871265411377,qmix,smacv2,protoss_5_vs_5,100,0.10000000149011612
1018000,508,2026-06-07T09:15:49.503291,5.709467887878418,2.2561991214752197,2.1386139392852783,13.861387252807617,qmix,smacv2,protoss_5_vs_5,100,0.05000000074505806
1020000,509,2026-06-07T09:18:27.907515,5.572463035583496,1.8579453229904175,2.5334157943725586,9.155940055847168,qmix,smacv2,protoss_5_vs_5,100,0.0
1022000,510,2026-06-07T09:21:07.903652,6.118626594543457,2.260795831680298,3.4022278785705566,14.158416748046875,qmix,smacv2,protoss_5_vs_5,100,0.05000000074505806
1024000,511,2026-06-07T09:23:47.303862,6.243687629699707,2.040424346923828,3.4851489067077637,12.079208374023438,qmix,smacv2,protoss_5_vs_5,100,0.10000000149011612
1026000,512,2026-06-07T09:26:28.413796,5.519245147705078,2.518389940261841,1.8762376308441162,14.069305419921875,qmix,smacv2,protoss_5_vs_5,100,0.05000000074505806
1028000,513,2026-06-07T09:29:10.015421,5.410148620605469,1.5296376943588257,2.940593957901001,8.445545196533203,qmix,smacv2,protoss_5_vs_5,100,0.0
1030000,514,2026-06-07T09:31:49.058513,5.798205375671387,1.9181410074234009,3.3774752616882324,10.198020935058594,qmix,smacv2,protoss_5_vs_5,100,0.10000000149011612
1032000,515,2026-06-07T09:34:28.714097,6.300680637359619,2.6968300342559814,2.8774752616882324,13.960395812988281,qmix,smacv2,protoss_5_vs_5,100,0.15000000596046448
1034000,516,2026-06-07T09:37:09.840261,6.53081750869751,2.737013578414917,3.3168320655822754,12.079207420349121,qmix,smacv2,protoss_5_vs_5,100,0.10000000149011612
1036000,517,2026-06-07T09:39:49.761713,6.152970314025879,2.3946597576141357,2.1621289253234863,12.178217887878418,qmix,smacv2,protoss_5_vs_5,100,0.05000000074505806
1038000,518,2026-06-07T09:42:27.974811,6.115594387054443,2.3468809127807617,2.5643563270568848,12.613861083984375,qmix,smacv2,protoss_5_vs_5,100,0.05000000074505806
1040000,519,2026-06-07T09:45:27.513310,6.724566459655762,3.3071086406707764,1.9504950046539307,13.8613862991333,qmix,smacv2,protoss_5_vs_5,100,0.15000000596046448
1042000,520,2026-06-07T09:48:02.585295,5.809839725494385,1.8004604578018188,2.780940532684326,9.506187438964844,qmix,smacv2,protoss_5_vs_5,100,0.0
1044000,521,2026-06-07T09:50:41.204134,5.694121360778809,2.4248344898223877,2.2301981449127197,12.079208374023438,qmix,smacv2,protoss_5_vs_5,100,0.05000000074505806
1046000,522,2026-06-07T09:53:22.824006,4.4559407234191895,1.7268978357315063,0.12871287763118744,9.534653663635254,qmix,smacv2,protoss_5_vs_5,100,0.0
1048000,523,2026-06-07T09:56:01.328189,6.320730209350586,2.607816696166992,3.2351486682891846,13.898515701293945,qmix,smacv2,protoss_5_vs_5,100,0.10000000149011612
1050000,524,2026-06-07T09:58:41.468166,6.443563938140869,2.250532388687134,2.9851484298706055,11.633663177490234,qmix,smacv2,protoss_5_vs_5,100,0.0
1052000,525,2026-06-07T10:01:20.343714,5.7821784019470215,1.567375659942627,3.357673168182373,10.198019981384277,qmix,smacv2,protoss_5_vs_5,100,0.05000000074505806
1054000,526,2026-06-07T10:03:59.369033,6.154270172119141,2.033503532409668,2.929455518722534,10.951732635498047,qmix,smacv2,protoss_5_vs_5,100,0.0
1056000,527,2026-06-07T10:06:39.241165,4.88799524307251,1.401766300201416,3.3341586589813232,10.049505233764648,qmix,smacv2,protoss_5_vs_5,100,0.0
1058000,528,2026-06-07T10:09:20.210974,5.312747478485107,1.7879283428192139,3.3589107990264893,10.123762130737305,qmix,smacv2,protoss_5_vs_5,100,0.05000000074505806
1060000,529,2026-06-07T10:12:01.340767,5.701857089996338,1.6070637702941895,3.1200497150421143,8.722771644592285,qmix,smacv2,protoss_5_vs_5,100,0.0
1062000,530,2026-06-07T10:14:42.848635,5.534096717834473,1.4022634029388428,2.4665842056274414,7.877475738525391,qmix,smacv2,protoss_5_vs_5,100,0.0
1064000,531,2026-06-07T10:17:23.619659,6.3716583251953125,2.6083595752716064,2.534653425216675,14.059405326843262,qmix,smacv2,protoss_5_vs_5,100,0.05000000074505806
1066000,532,2026-06-07T10:20:02.651243,5.370853900909424,1.2707151174545288,2.8415844440460205,8.01980209350586,qmix,smacv2,protoss_5_vs_5,100,0.0
1068000,533,2026-06-07T10:22:41.264539,5.423205375671387,1.5161607265472412,3.0099010467529297,7.940594673156738,qmix,smacv2,protoss_5_vs_5,100,0.0
1070000,534,2026-06-07T10:25:19.955862,6.81658411026001,2.4851667881011963,2.809406042098999,12.235148429870605,qmix,smacv2,protoss_5_vs_5,100,0.05000000074505806
1072000,535,2026-06-07T10:27:58.166702,5.817574501037598,1.4883161783218384,3.582920789718628,9.12871265411377,qmix,smacv2,protoss_5_vs_5,100,0.0
1074000,536,2026-06-07T10:30:36.873235,5.543935775756836,1.7861031293869019,2.403465509414673,9.930692672729492,qmix,smacv2,protoss_5_vs_5,100,0.0
1076000,537,2026-06-07T10:33:16.880646,5.184653282165527,1.6079638004302979,2.97029709815979,8.301980972290039,qmix,smacv2,protoss_5_vs_5,100,0.0
1078000,538,2026-06-07T10:35:58.263599,6.762933254241943,2.3092992305755615,3.0804455280303955,11.98019790649414,qmix,smacv2,protoss_5_vs_5,100,0.05000000074505806
1080000,539,2026-06-07T10:38:37.571607,5.068193435668945,1.8753196001052856,2.106435537338257,9.50371265411377,qmix,smacv2,protoss_5_vs_5,100,0.0
1082000,540,2026-06-07T10:41:19.459133,6.4398512840271,2.6567370891571045,2.8551981449127197,13.960395812988281,qmix,smacv2,protoss_5_vs_5,100,0.05000000074505806
1084000,541,2026-06-07T10:44:00.923563,5.430631637573242,1.6333197355270386,2.886138677597046,9.15717887878418,qmix,smacv2,protoss_5_vs_5,100,0.0
1086000,542,2026-06-07T10:46:41.341347,6.6525983810424805,1.5060491561889648,3.4121289253234863,9.64108943939209,qmix,smacv2,protoss_5_vs_5,100,0.0
1088000,543,2026-06-07T10:49:19.431608,5.860272407531738,1.9574946165084839,3.178217887878418,10.0,qmix,smacv2,protoss_5_vs_5,100,0.05000000074505806
1090000,544,2026-06-07T10:51:56.582690,6.166274070739746,2.8301563262939453,2.7301979064941406,14.059405326843262,qmix,smacv2,protoss_5_vs_5,100,0.10000000149011612
1092000,545,2026-06-07T10:54:35.032822,5.160581588745117,1.5763767957687378,2.149752378463745,7.891088962554932,qmix,smacv2,protoss_5_vs_5,100,0.0
1094000,546,2026-06-07T10:57:14.300223,6.390780448913574,2.380878210067749,2.137376308441162,12.079207420349121,qmix,smacv2,protoss_5_vs_5,100,0.05000000074505806
1096000,547,2026-06-07T10:59:53.415539,5.8182549476623535,1.9389771223068237,2.6460397243499756,12.247523307800293,qmix,smacv2,protoss_5_vs_5,100,0.05000000074505806
1098000,548,2026-06-07T11:02:34.226773,5.594059467315674,1.5381742715835571,2.9603960514068604,8.428216934204102,qmix,smacv2,protoss_5_vs_5,100,0.0
1100000,549,2026-06-07T11:05:15.278869,5.525866508483887,2.358922243118286,1.752475380897522,14.158414840698242,qmix,smacv2,protoss_5_vs_5,100,0.05000000074505806
1102000,550,2026-06-07T11:07:54.768095,5.2706685066223145,1.5467562675476074,2.7425742149353027,8.883663177490234,qmix,smacv2,protoss_5_vs_5,100,0.0
1104000,551,2026-06-07T11:10:33.291758,5.963614463806152,1.6648149490356445,3.376237392425537,10.524752616882324,qmix,smacv2,protoss_5_vs_5,100,0.0
1106000,552,2026-06-07T11:13:12.818626,5.591770172119141,1.9697489738464355,2.2698020935058594,10.544554710388184,qmix,smacv2,protoss_5_vs_5,100,0.0
1108000,553,2026-06-07T11:15:52.428210,5.220977306365967,1.9977447986602783,2.147277355194092,9.876237869262695,qmix,smacv2,protoss_5_vs_5,100,0.0
1110000,554,2026-06-07T11:18:31.682015,5.510581970214844,1.7670106887817383,2.7524752616882324,8.700494766235352,qmix,smacv2,protoss_5_vs_5,100,0.0
1112000,555,2026-06-07T11:21:12.998059,5.718935966491699,1.9873120784759521,2.7128713130950928,10.099010467529297,qmix,smacv2,protoss_5_vs_5,100,0.05000000074505806
1114000,556,2026-06-07T11:23:51.854422,6.5812506675720215,2.116778612136841,3.3960394859313965,11.98019790649414,qmix,smacv2,protoss_5_vs_5,100,0.05000000074505806
1116000,557,2026-06-07T11:26:30.807262,5.824814319610596,1.9358819723129272,1.7883665561676025,10.912128448486328,qmix,smacv2,protoss_5_vs_5,100,0.0
1118000,558,2026-06-07T11:29:09.553076,5.873948097229004,1.7714085578918457,2.387376308441162,9.029703140258789,qmix,smacv2,protoss_5_vs_5,100,0.0
1120000,559,2026-06-07T11:31:47.620012,6.468873500823975,2.6344432830810547,3.3663368225097656,12.079208374023438,qmix,smacv2,protoss_5_vs_5,100,0.15000000596046448
1122000,560,2026-06-07T11:34:26.397540,5.444059371948242,2.231029987335205,1.7487623691558838,10.300742149353027,qmix,smacv2,protoss_5_vs_5,100,0.0
1124000,561,2026-06-07T11:37:04.676529,5.067265510559082,2.4462199211120605,2.3366336822509766,12.178217887878418,qmix,smacv2,protoss_5_vs_5,100,0.10000000149011612
1126000,562,2026-06-07T11:39:43.300192,5.821968078613281,1.8168442249298096,3.4925742149353027,12.079208374023438,qmix,smacv2,protoss_5_vs_5,100,0.05000000074505806
1128000,563,2026-06-07T11:42:23.097479,5.525000095367432,1.6751478910446167,3.0495049953460693,9.91089153289795,qmix,smacv2,protoss_5_vs_5,100,0.0
1130000,564,2026-06-07T11:45:02.969591,6.270111083984375,2.332041025161743,3.524752378463745,12.2054443359375,qmix,smacv2,protoss_5_vs_5,100,0.05000000074505806
1132000,565,2026-06-07T11:47:42.683386,4.880136013031006,0.8120152950286865,3.1386139392852783,6.297029972076416,qmix,smacv2,protoss_5_vs_5,100,0.0
1134000,566,2026-06-07T11:50:24.151808,4.96076774597168,1.484410285949707,2.7809407711029053,8.425743103027344,qmix,smacv2,protoss_5_vs_5,100,0.0
1136000,567,2026-06-07T11:53:04.598951,5.229888439178467,2.2042806148529053,2.059406042098999,9.551980018615723,qmix,smacv2,protoss_5_vs_5,100,0.0
1138000,568,2026-06-07T11:55:44.744368,6.168378829956055,1.445158839225769,3.9492573738098145,9.465346336364746,qmix,smacv2,protoss_5_vs_5,100,0.0
1140000,569,2026-06-07T11:58:22.005991,5.792822360992432,1.5806477069854736,4.099009990692139,9.277227401733398,qmix,smacv2,protoss_5_vs_5,100,0.0
1142000,570,2026-06-07T12:01:00.881986,5.390779972076416,1.283157467842102,3.6509902477264404,8.514850616455078,qmix,smacv2,protoss_5_vs_5,100,0.0
1144000,571,2026-06-07T12:03:40.160526,6.645173072814941,1.979339838027954,3.6509902477264404,10.306930541992188,qmix,smacv2,protoss_5_vs_5,100,0.05000000074505806
1146000,572,2026-06-07T12:06:20.659344,6.499381065368652,2.6674184799194336,3.8886139392852783,13.960395812988281,qmix,smacv2,protoss_5_vs_5,100,0.10000000149011612
1148000,573,2026-06-07T12:08:59.592854,5.945420265197754,2.1844515800476074,3.077970504760742,10.0,qmix,smacv2,protoss_5_vs_5,100,0.05000000074505806
1150000,574,2026-06-07T12:11:39.497354,5.984034538269043,2.237394094467163,2.5915844440460205,12.10891056060791,qmix,smacv2,protoss_5_vs_5,100,0.05000000074505806
1152000,575,2026-06-07T12:14:24.608156,6.479146480560303,2.7210476398468018,1.9603960514068604,12.178218841552734,qmix,smacv2,protoss_5_vs_5,100,0.10000000149011612
1154000,576,2026-06-07T12:17:04.939965,6.384034633636475,2.548316478729248,1.7660890817642212,12.079207420349121,qmix,smacv2,protoss_5_vs_5,100,0.10000000149011612
1156000,577,2026-06-07T12:19:43.709540,5.226546287536621,1.8127166032791138,1.9801976680755615,8.98019790649414,qmix,smacv2,protoss_5_vs_5,100,0.0
1158000,578,2026-06-07T12:22:23.827560,5.742016792297363,2.4598705768585205,2.571782112121582,11.194307327270508,qmix,smacv2,protoss_5_vs_5,100,0.0
1160000,579,2026-06-07T12:25:06.190103,5.802289962768555,1.962235450744629,2.1980199813842773,9.965347290039062,qmix,smacv2,protoss_5_vs_5,100,0.0
1162000,580,2026-06-07T12:27:46.766267,6.096287250518799,2.131978988647461,2.8675742149353027,12.178216934204102,qmix,smacv2,protoss_5_vs_5,100,0.05000000074505806
1164000,581,2026-06-07T12:30:26.403008,6.213799476623535,1.64690363407135,3.831683397293091,10.217822074890137,qmix,smacv2,protoss_5_vs_5,100,0.0
1166000,582,2026-06-07T12:33:05.646572,5.258663177490234,1.9263849258422852,2.862623929977417,9.900989532470703,qmix,smacv2,protoss_5_vs_5,100,0.0
1168000,583,2026-06-07T12:35:44.190913,5.772648811340332,1.7770782709121704,3.446781873703003,10.110148429870605,qmix,smacv2,protoss_5_vs_5,100,0.05000000074505806
1170000,584,2026-06-07T12:38:21.076336,6.1434407234191895,2.06023907661438,2.284653663635254,11.98019790649414,qmix,smacv2,protoss_5_vs_5,100,0.05000000074505806
1172000,585,2026-06-07T12:41:02.719924,6.053527355194092,1.8111785650253296,3.0247528553009033,9.554454803466797,qmix,smacv2,protoss_5_vs_5,100,0.0
1174000,586,2026-06-07T12:43:41.707234,5.935458183288574,2.461519241333008,3.2425739765167236,13.8613862991333,qmix,smacv2,protoss_5_vs_5,100,0.05000000074505806
1176000,587,2026-06-07T12:46:18.058371,5.5550127029418945,1.4949697256088257,3.326732635498047,8.800742149353027,qmix,smacv2,protoss_5_vs_5,100,0.0
1178000,588,2026-06-07T12:48:57.951340,5.2420172691345215,1.37472403049469,2.8910892009735107,7.336633205413818,qmix,smacv2,protoss_5_vs_5,100,0.0
1180000,589,2026-06-07T12:51:38.477113,5.5663981437683105,1.774216651916504,2.2871286869049072,9.960395812988281,qmix,smacv2,protoss_5_vs_5,100,0.0
1182000,590,2026-06-07T12:54:20.307029,6.432363986968994,2.4685981273651123,3.1460399627685547,12.247525215148926,qmix,smacv2,protoss_5_vs_5,100,0.10000000149011612
1184000,591,2026-06-07T12:57:00.776491,5.624566555023193,1.957199215888977,2.465346336364746,10.316832542419434,qmix,smacv2,protoss_5_vs_5,100,0.0
1186000,592,2026-06-07T12:59:41.724120,5.358168601989746,2.113739252090454,2.683168411254883,10.198019027709961,qmix,smacv2,protoss_5_vs_5,100,0.05000000074505806
1188000,593,2026-06-07T13:02:23.351534,5.391026973724365,1.9444717168807983,2.8118810653686523,9.75990104675293,qmix,smacv2,protoss_5_vs_5,100,0.0
1190000,594,2026-06-07T13:05:02.856852,5.658973217010498,1.483309268951416,2.754950523376465,10.09900951385498,qmix,smacv2,protoss_5_vs_5,100,0.05000000074505806
1192000,595,2026-06-07T13:07:45.105071,5.366398811340332,1.8211009502410889,2.0618813037872314,10.168316841125488,qmix,smacv2,protoss_5_vs_5,100,0.0
1194000,596,2026-06-07T13:10:24.979906,5.85365104675293,2.139481782913208,2.40470290184021,10.719060897827148,qmix,smacv2,protoss_5_vs_5,100,0.0
1142000,570,2026-06-07T16:24:03.329735,5.189949989318848,1.5446491241455078,3.152009963989258,8.261306762695312,qmix,smacv2,protoss_5_vs_5,100,0.0
1144000,571,2026-06-07T16:26:06.187959,5.338316440582275,1.9470627307891846,2.742462158203125,10.322864532470703,qmix,smacv2,protoss_5_vs_5,100,0.0
1146000,572,2026-06-07T16:28:19.811006,5.095225811004639,1.7580642700195312,1.95979905128479,9.989950180053711,qmix,smacv2,protoss_5_vs_5,100,0.0
1148000,573,2026-06-07T16:31:05.006363,5.90967321395874,2.0168051719665527,2.7449748516082764,10.552763938903809,qmix,smacv2,protoss_5_vs_5,100,0.05000000074505806
1150000,574,2026-06-07T16:33:50.924541,5.411746025085449,1.7315787076950073,2.8605527877807617,8.572864532470703,qmix,smacv2,protoss_5_vs_5,100,0.0
1152000,575,2026-06-07T16:36:38.826896,5.892399311065674,2.4558210372924805,3.185929775238037,12.689699172973633,qmix,smacv2,protoss_5_vs_5,100,0.0
1154000,576,2026-06-07T16:39:25.098838,5.628391742706299,1.7873332500457764,2.1507537364959717,9.908291816711426,qmix,smacv2,protoss_5_vs_5,100,0.0
1156000,577,2026-06-07T16:42:11.296934,6.458731174468994,2.0866951942443848,3.6432158946990967,10.158291816711426,qmix,smacv2,protoss_5_vs_5,100,0.05000000074505806
1158000,578,2026-06-07T16:44:57.081937,5.730652809143066,1.7941359281539917,3.336683750152588,10.110552787780762,qmix,smacv2,protoss_5_vs_5,100,0.0
1160000,579,2026-06-07T16:47:41.997246,5.997425079345703,1.8947161436080933,2.9874372482299805,9.678391456604004,qmix,smacv2,protoss_5_vs_5,100,0.0
1162000,580,2026-06-07T16:50:27.734698,4.970099925994873,1.5641824007034302,2.741205930709839,7.668341636657715,qmix,smacv2,protoss_5_vs_5,100,0.0
1164000,581,2026-06-07T16:53:14.284453,6.3136305809021,2.0335798263549805,1.9962313175201416,11.005025863647461,qmix,smacv2,protoss_5_vs_5,100,0.0
1166000,582,2026-06-07T16:56:00.325950,6.500439643859863,2.338390588760376,2.572864294052124,14.070352554321289,qmix,smacv2,protoss_5_vs_5,100,0.05000000074505806
1168000,583,2026-06-07T16:58:42.678675,6.050439834594727,2.168156385421753,3.055276393890381,12.16080379486084,qmix,smacv2,protoss_5_vs_5,100,0.05000000074505806
1170000,584,2026-06-07T17:01:22.464073,5.406721115112305,1.4574939012527466,3.2462310791015625,8.967337608337402,qmix,smacv2,protoss_5_vs_5,100,0.0
1172000,585,2026-06-07T17:03:59.192174,5.631532192230225,2.162440538406372,2.5025124549865723,12.050251007080078,qmix,smacv2,protoss_5_vs_5,100,0.0
1174000,586,2026-06-07T17:06:34.196696,4.47330379486084,1.5442700386047363,2.0502512454986572,7.442211151123047,qmix,smacv2,protoss_5_vs_5,100,0.0
1176000,587,2026-06-07T17:09:11.451343,5.586997032165527,1.9612610340118408,2.419597864151001,9.80904483795166,qmix,smacv2,protoss_5_vs_5,100,0.0
1178000,588,2026-06-07T17:11:47.364152,6.756971836090088,2.047640800476074,3.437185764312744,11.216080665588379,qmix,smacv2,protoss_5_vs_5,100,0.0
1180000,589,2026-06-07T17:14:24.929972,6.123743534088135,2.5351996421813965,2.6419596672058105,12.462311744689941,qmix,smacv2,protoss_5_vs_5,100,0.10000000149011612
1182000,590,2026-06-07T17:17:02.414466,5.412186622619629,1.7554420232772827,1.855527639389038,8.492463111877441,qmix,smacv2,protoss_5_vs_5,100,0.0
1184000,591,2026-06-07T17:19:43.696349,5.802323818206787,2.1659834384918213,2.2525126934051514,10.683418273925781,qmix,smacv2,protoss_5_vs_5,100,0.0
1186000,592,2026-06-07T17:22:24.743877,5.981030464172363,2.0651772022247314,3.1268844604492188,12.22110652923584,qmix,smacv2,protoss_5_vs_5,100,0.05000000074505806
1188000,593,2026-06-07T17:25:07.205248,5.796419620513916,1.5674526691436768,2.267587900161743,8.016332626342773,qmix,smacv2,protoss_5_vs_5,100,0.0
1190000,594,2026-06-07T17:27:47.823974,5.798052787780762,1.2556802034378052,3.507537841796875,9.110552787780762,qmix,smacv2,protoss_5_vs_5,100,0.0
1192000,595,2026-06-07T17:30:26.852490,5.510176181793213,1.4399728775024414,2.741205930709839,9.492462158203125,qmix,smacv2,protoss_5_vs_5,100,0.0
1194000,596,2026-06-07T17:33:06.802545,6.015012741088867,1.7097235918045044,2.854271173477173,10.251256942749023,qmix,smacv2,protoss_5_vs_5,100,0.05000000074505806
1196000,597,2026-06-07T17:35:48.348200,5.6238694190979,2.1528356075286865,2.4861807823181152,10.600502014160156,qmix,smacv2,protoss_5_vs_5,100,0.0
1198000,598,2026-06-07T17:38:26.641384,5.433291435241699,1.4584509134292603,3.2562813758850098,8.934673309326172,qmix,smacv2,protoss_5_vs_5,100,0.0
1200000,599,2026-06-07T17:41:05.971571,5.892775535583496,2.229393482208252,2.693467140197754,11.175878524780273,qmix,smacv2,protoss_5_vs_5,100,0.0
1202000,600,2026-06-07T17:43:44.478208,5.0133795738220215,2.072251558303833,2.0703516006469727,10.452260971069336,qmix,smacv2,protoss_5_vs_5,100,0.05000000074505806
1204000,601,2026-06-07T17:46:22.305543,5.533354759216309,2.4365131855010986,2.532663106918335,14.170854568481445,qmix,smacv2,protoss_5_vs_5,100,0.05000000074505806
1206000,602,2026-06-07T17:48:58.034813,5.305590629577637,1.3860788345336914,2.854271173477173,8.432160377502441,qmix,smacv2,protoss_5_vs_5,100,0.0
1208000,603,2026-06-07T17:51:35.456752,5.680339336395264,1.4932200908660889,3.2160804271698,9.829146385192871,qmix,smacv2,protoss_5_vs_5,100,0.0
1210000,604,2026-06-07T17:54:17.046762,6.078015327453613,2.1785919666290283,3.032663345336914,12.261305809020996,qmix,smacv2,protoss_5_vs_5,100,0.10000000149011612
1212000,605,2026-06-07T17:56:57.908053,5.508291244506836,1.874910831451416,2.701004981994629,10.552764892578125,qmix,smacv2,protoss_5_vs_5,100,0.0
1214000,606,2026-06-07T17:59:40.868535,6.149874210357666,2.3512375354766846,1.7952260971069336,11.23743724822998,qmix,smacv2,protoss_5_vs_5,100,0.0
1216000,607,2026-06-07T18:02:23.383395,5.453266143798828,1.5275566577911377,3.2374374866485596,9.454773902893066,qmix,smacv2,protoss_5_vs_5,100,0.0
1218000,608,2026-06-07T18:05:03.294747,6.269911766052246,2.2536051273345947,1.968592882156372,12.261305809020996,qmix,smacv2,protoss_5_vs_5,100,0.0
1220000,609,2026-06-07T18:07:42.794742,5.909421443939209,1.820172905921936,3.9409546852111816,12.160802841186523,qmix,smacv2,protoss_5_vs_5,100,0.05000000074505806
1222000,610,2026-06-07T18:10:21.945185,6.00301456451416,1.630427598953247,2.1005024909973145,8.482412338256836,qmix,smacv2,protoss_5_vs_5,100,0.0
1224000,611,2026-06-07T18:13:00.212241,5.414824485778809,1.5648281574249268,3.758793592453003,9.758794784545898,qmix,smacv2,protoss_5_vs_5,100,0.0
1226000,612,2026-06-07T18:15:39.518915,5.815640926361084,2.543936252593994,3.1092963218688965,14.241206169128418,qmix,smacv2,protoss_5_vs_5,100,0.05000000074505806
1228000,613,2026-06-07T18:18:19.797573,5.922676086425781,2.4474480152130127,2.242462158203125,11.979899406433105,qmix,smacv2,protoss_5_vs_5,100,0.0
1230000,614,2026-06-07T18:21:00.805100,5.867776393890381,1.7179018259048462,3.3982410430908203,10.221104621887207,qmix,smacv2,protoss_5_vs_5,100,0.0
1232000,615,2026-06-07T18:23:41.420994,5.392085552215576,1.6288245916366577,3.4572861194610596,9.228643417358398,qmix,smacv2,protoss_5_vs_5,100,0.0
1234000,616,2026-06-07T18:26:21.691593,5.325439453125,1.8505550622940063,2.136934757232666,10.15075397491455,qmix,smacv2,protoss_5_vs_5,100,0.05000000074505806
1236000,617,2026-06-07T18:29:02.101203,5.977952480316162,1.448376178741455,3.95100474357605,10.31155776977539,qmix,smacv2,protoss_5_vs_5,100,0.0
1238000,618,2026-06-07T18:31:40.752588,6.050439834594727,1.908339262008667,2.452261447906494,10.35175895690918,qmix,smacv2,protoss_5_vs_5,100,0.05000000074505806
1240000,619,2026-06-07T18:34:18.167958,5.477260589599609,2.0198795795440674,2.693467378616333,10.160804748535156,qmix,smacv2,protoss_5_vs_5,100,0.0
1242000,620,2026-06-07T18:36:56.716942,5.602323532104492,2.0018324851989746,1.9535175561904907,9.376884460449219,qmix,smacv2,protoss_5_vs_5,100,0.0
1244000,621,2026-06-07T18:39:37.047643,6.7083539962768555,2.494174003601074,3.596733808517456,12.060300827026367,qmix,smacv2,protoss_5_vs_5,100,0.05000000074505806
1246000,622,2026-06-07T18:42:13.767463,5.254397392272949,1.807894229888916,2.6733667850494385,10.251256942749023,qmix,smacv2,protoss_5_vs_5,100,0.05000000074505806
1248000,623,2026-06-07T18:44:52.966785,4.71664571762085,1.1752568483352661,2.090452194213867,6.914572715759277,qmix,smacv2,protoss_5_vs_5,100,0.0
1250000,624,2026-06-07T18:47:31.954333,5.2765703201293945,1.632370948791504,3.105527639389038,8.172110557556152,qmix,smacv2,protoss_5_vs_5,100,0.0
1252000,625,2026-06-07T18:50:14.324078,5.122110843658447,2.400245189666748,2.2361807823181152,13.959798812866211,qmix,smacv2,protoss_5_vs_5,100,0.0
1254000,626,2026-06-07T18:52:54.992504,4.467273712158203,1.4810508489608765,2.5427134037017822,7.643216133117676,qmix,smacv2,protoss_5_vs_5,100,0.0
1256000,627,2026-06-07T18:55:35.542850,5.270979881286621,1.1950846910476685,3.2763819694519043,7.819095611572266,qmix,smacv2,protoss_5_vs_5,100,0.0
1258000,628,2026-06-07T18:58:17.327615,6.831030368804932,3.036968469619751,2.5628139972686768,12.902009963989258,qmix,smacv2,protoss_5_vs_5,100,0.10000000149011612
1260000,629,2026-06-07T19:00:56.779090,4.9445977210998535,1.5919731855392456,1.943467378616333,7.954773902893066,qmix,smacv2,protoss_5_vs_5,100,0.0
1262000,630,2026-06-07T19:03:36.900063,5.566708564758301,1.9207473993301392,2.0339195728302,9.728643417358398,qmix,smacv2,protoss_5_vs_5,100,0.0
1264000,631,2026-06-07T19:06:15.234645,5.006407260894775,1.6166326999664307,2.4572863578796387,8.432160377502441,qmix,smacv2,protoss_5_vs_5,100,0.0
1266000,632,2026-06-07T19:08:55.147197,5.1624369621276855,2.0777499675750732,1.145728588104248,9.478643417358398,qmix,smacv2,protoss_5_vs_5,100,0.0
1268000,633,2026-06-07T19:11:33.140414,5.423680782318115,2.618108034133911,2.4233670234680176,12.462312698364258,qmix,smacv2,protoss_5_vs_5,100,0.10000000149011612
1270000,634,2026-06-07T19:14:12.488507,5.839635372161865,1.8053309917449951,2.693467378616333,9.393216133117676,qmix,smacv2,protoss_5_vs_5,100,0.0
1272000,635,2026-06-07T19:16:51.438057,4.990326881408691,1.1879398822784424,3.418341875076294,8.114322662353516,qmix,smacv2,protoss_5_vs_5,100,0.0
1274000,636,2026-06-07T19:19:29.116246,5.561872482299805,1.6599063873291016,3.2851760387420654,10.19095516204834,qmix,smacv2,protoss_5_vs_5,100,0.0
1276000,637,2026-06-07T19:22:06.261610,5.861306190490723,2.5947959423065186,2.5515074729919434,12.398240089416504,qmix,smacv2,protoss_5_vs_5,100,0.05000000074505806
1278000,638,2026-06-07T19:24:44.459662,6.192148208618164,2.13965106010437,2.562814235687256,10.36808967590332,qmix,smacv2,protoss_5_vs_5,100,0.05000000074505806
1280000,639,2026-06-07T19:27:27.135181,6.278392314910889,2.7579333782196045,3.7788944244384766,14.27135944366455,qmix,smacv2,protoss_5_vs_5,100,0.05000000074505806
1282000,640,2026-06-07T19:30:04.276004,5.9047112464904785,1.8834161758422852,3.2701003551483154,10.290201187133789,qmix,smacv2,protoss_5_vs_5,100,0.05000000074505806
1284000,641,2026-06-07T19:32:45.359125,5.75628137588501,2.3240606784820557,2.0929648876190186,12.060300827026367,qmix,smacv2,protoss_5_vs_5,100,0.05000000074505806
1286000,642,2026-06-07T19:35:25.599385,5.412186145782471,1.9336140155792236,2.692211151123047,11.537688255310059,qmix,smacv2,protoss_5_vs_5,100,0.0
1288000,643,2026-06-07T19:38:06.643322,6.079270839691162,1.6726070642471313,3.1733665466308594,9.525125503540039,qmix,smacv2,protoss_5_vs_5,100,0.0
1290000,644,2026-06-07T19:40:47.194004,5.2957282066345215,1.5506947040557861,3.1658291816711426,9.547738075256348,qmix,smacv2,protoss_5_vs_5,100,0.0
1292000,645,2026-06-07T19:43:26.190333,6.042964458465576,1.928661584854126,2.402009963989258,11.458541870117188,qmix,smacv2,protoss_5_vs_5,100,0.0
1294000,646,2026-06-07T19:46:04.520306,5.295037269592285,1.5675681829452515,3.353015184402466,9.49748706817627,qmix,smacv2,protoss_5_vs_5,100,0.0
1296000,647,2026-06-07T19:48:44.134590,5.757348537445068,2.472508668899536,2.20979905128479,12.261306762695312,qmix,smacv2,protoss_5_vs_5,100,0.05000000074505806
1298000,648,2026-06-07T19:51:24.839503,5.610678195953369,2.1521589756011963,2.864321708679199,10.763818740844727,qmix,smacv2,protoss_5_vs_5,100,0.0
1300000,649,2026-06-07T19:54:02.002018,5.15797758102417,1.730216145515442,2.650753974914551,11.1356782913208,qmix,smacv2,protoss_5_vs_5,100,0.0
1302000,650,2026-06-07T19:56:40.395369,5.239195823669434,1.645190715789795,2.413316249847412,8.201004028320312,qmix,smacv2,protoss_5_vs_5,100,0.0
1304000,651,2026-06-07T19:59:19.503818,6.304396629333496,1.886837124824524,2.435929775238037,10.36683464050293,qmix,smacv2,protoss_5_vs_5,100,0.0
1306000,652,2026-06-07T20:02:00.123290,5.988065242767334,2.2462925910949707,2.2776381969451904,10.727386474609375,qmix,smacv2,protoss_5_vs_5,100,0.10000000149011612
1308000,653,2026-06-07T20:04:39.443687,5.884861469268799,1.993815302848816,3.638190746307373,9.714822769165039,qmix,smacv2,protoss_5_vs_5,100,0.0
1310000,654,2026-06-07T20:07:19.509660,5.39139461517334,1.8385201692581177,2.3253769874572754,8.934673309326172,qmix,smacv2,protoss_5_vs_5,100,0.0
1312000,655,2026-06-07T20:09:59.286817,5.909171104431152,1.720258116722107,3.682161331176758,11.20728588104248,qmix,smacv2,protoss_5_vs_5,100,0.0
1314000,656,2026-06-07T20:12:37.672391,5.517651081085205,1.5566428899765015,2.538944721221924,8.914572715759277,qmix,smacv2,protoss_5_vs_5,100,0.0
1316000,657,2026-06-07T20:15:16.359615,5.515075206756592,1.5921707153320312,3.3266329765319824,8.492462158203125,qmix,smacv2,protoss_5_vs_5,100,0.0
1318000,658,2026-06-07T20:17:55.555585,5.663693428039551,1.9942909479141235,3.226130723953247,12.306533813476562,qmix,smacv2,protoss_5_vs_5,100,0.05000000074505806
1320000,659,2026-06-07T20:20:35.171918,5.1308417320251465,2.5613210201263428,1.847989797592163,14.371859550476074,qmix,smacv2,protoss_5_vs_5,100,0.05000000074505806
1322000,660,2026-06-07T20:23:12.398922,5.583102703094482,1.5996204614639282,3.135678291320801,9.48743724822998,qmix,smacv2,protoss_5_vs_5,100,0.0
1324000,661,2026-06-07T20:25:52.118100,5.315452575683594,2.1957976818084717,2.1407034397125244,11.497488021850586,qmix,smacv2,protoss_5_vs_5,100,0.0
1326000,662,2026-06-07T20:28:30.675078,5.027198791503906,1.6019468307495117,2.0502512454986572,9.346733093261719,qmix,smacv2,protoss_5_vs_5,100,0.0
1328000,663,2026-06-07T20:31:09.969935,5.432474613189697,1.314832329750061,3.1645727157592773,8.150753021240234,qmix,smacv2,protoss_5_vs_5,100,0.0
1330000,664,2026-06-07T20:33:52.110191,6.3668341636657715,2.195744037628174,4.342965126037598,14.530149459838867,qmix,smacv2,protoss_5_vs_5,100,0.05000000074505806
1332000,665,2026-06-07T20:36:31.360234,5.813378810882568,2.513742446899414,2.6319096088409424,12.369345664978027,qmix,smacv2,protoss_5_vs_5,100,0.05000000074505806
1334000,666,2026-06-07T20:39:14.060418,5.777701377868652,1.6451746225357056,2.4949748516082764,8.44221019744873,qmix,smacv2,protoss_5_vs_5,100,0.0
1336000,667,2026-06-07T20:41:54.061853,6.062122821807861,2.881117343902588,2.937185764312744,14.271356582641602,qmix,smacv2,protoss_5_vs_5,100,0.10000000149011612
1338000,668,2026-06-07T20:44:35.255325,6.253329277038574,1.532913327217102,2.443467378616333,9.628141403198242,qmix,smacv2,protoss_5_vs_5,100,0.0
1340000,669,2026-06-07T20:47:13.797488,5.700942039489746,2.0747549533843994,2.6884424686431885,9.577889442443848,qmix,smacv2,protoss_5_vs_5,100,0.0
1342000,670,2026-06-07T20:49:49.988162,6.146670818328857,2.0932962894439697,2.3178391456604004,10.874371528625488,qmix,smacv2,protoss_5_vs_5,100,0.0
1344000,671,2026-06-07T20:52:28.230746,6.321985244750977,2.217501640319824,3.3969852924346924,12.261306762695312,qmix,smacv2,protoss_5_vs_5,100,0.05000000074505806
1346000,672,2026-06-07T20:55:08.503137,6.751256465911865,2.105421543121338,3.758793592453003,11.577889442443848,qmix,smacv2,protoss_5_vs_5,100,0.0
1348000,673,2026-06-07T20:57:48.470431,5.866771221160889,1.436333417892456,3.386934757232666,8.522613525390625,qmix,smacv2,protoss_5_vs_5,100,0.0
1350000,674,2026-06-07T21:00:26.423352,5.714635372161865,1.5344855785369873,3.266331434249878,8.630653381347656,qmix,smacv2,protoss_5_vs_5,100,0.0
1352000,675,2026-06-07T21:03:11.557734,5.510112762451172,1.3030946254730225,3.3743720054626465,8.492462158203125,qmix,smacv2,protoss_5_vs_5,100,0.0
1354000,676,2026-06-07T21:05:46.775641,5.337625980377197,1.7491793632507324,2.548995018005371,9.01507568359375,qmix,smacv2,protoss_5_vs_5,100,0.0
1356000,677,2026-06-07T21:08:26.879381,5.220037937164307,1.535314679145813,2.7537686824798584,9.115577697753906,qmix,smacv2,protoss_5_vs_5,100,0.0
1358000,678,2026-06-07T21:11:07.855016,5.422613143920898,1.7683697938919067,2.3668341636657715,8.092965126037598,qmix,smacv2,protoss_5_vs_5,100,0.0
1360000,679,2026-06-07T21:13:45.039257,5.419849395751953,1.9540750980377197,2.4623115062713623,10.422110557556152,qmix,smacv2,protoss_5_vs_5,100,0.0
1362000,680,2026-06-07T21:16:26.630241,5.197361946105957,1.9548701047897339,2.5050249099731445,10.552762985229492,qmix,smacv2,protoss_5_vs_5,100,0.0
1364000,681,2026-06-07T21:19:04.371296,5.12883186340332,1.2542986869812012,3.708542585372925,8.31155776977539,qmix,smacv2,protoss_5_vs_5,100,0.0
1366000,682,2026-06-07T21:21:41.519909,6.273366451263428,2.5956294536590576,1.7022613286972046,14.271357536315918,qmix,smacv2,protoss_5_vs_5,100,0.05000000074505806
1368000,683,2026-06-07T21:24:19.682321,5.127952575683594,1.5660136938095093,3.0351758003234863,8.572864532470703,qmix,smacv2,protoss_5_vs_5,100,0.0
1370000,684,2026-06-07T21:26:58.740898,5.206909656524658,2.6829047203063965,2.2462313175201416,12.683417320251465,qmix,smacv2,protoss_5_vs_5,100,0.05000000074505806
1372000,685,2026-06-07T21:29:37.635367,4.781721115112305,1.825438380241394,2.2211053371429443,8.212310791015625,qmix,smacv2,protoss_5_vs_5,100,0.0
1374000,686,2026-06-07T21:32:19.381518,5.10345458984375,1.939896583557129,2.2713568210601807,10.51507568359375,qmix,smacv2,protoss_5_vs_5,100,0.0
1376000,687,2026-06-07T21:34:57.751678,5.27801513671875,0.9825589060783386,3.4824118614196777,7.4974870681762695,qmix,smacv2,protoss_5_vs_5,100,0.0
1378000,688,2026-06-07T21:37:38.308648,5.022298812866211,1.9414595365524292,1.8090451955795288,11.3856782913208,qmix,smacv2,protoss_5_vs_5,100,0.0
1380000,689,2026-06-07T21:40:19.497989,6.038127899169922,1.8216791152954102,2.2311558723449707,9.440954208374023,qmix,smacv2,protoss_5_vs_5,100,0.0
1382000,690,2026-06-07T21:42:59.591526,5.614510536193848,1.02070951461792,3.9874374866485596,8.271356582641602,qmix,smacv2,protoss_5_vs_5,100,0.0
1384000,691,2026-06-07T21:45:42.127491,5.96205997467041,2.0887324810028076,2.7788944244384766,12.16080379486084,qmix,smacv2,protoss_5_vs_5,100,0.0
1386000,692,2026-06-07T21:48:22.549342,5.874748706817627,1.7594058513641357,2.90452241897583,9.134422302246094,qmix,smacv2,protoss_5_vs_5,100,0.0
1388000,693,2026-06-07T21:51:03.245350,5.824183464050293,2.1065216064453125,2.135678291320801,8.997488021850586,qmix,smacv2,protoss_5_vs_5,100,0.0
1390000,694,2026-06-07T21:53:42.361277,5.128454685211182,1.4364781379699707,3.2374374866485596,8.381909370422363,qmix,smacv2,protoss_5_vs_5,100,0.0
1392000,695,2026-06-07T21:56:18.087526,6.06381893157959,2.755992889404297,1.6281406879425049,12.261306762695312,qmix,smacv2,protoss_5_vs_5,100,0.10000000149011612
1394000,696,2026-06-07T21:58:56.482249,6.03316593170166,1.795330286026001,3.5125625133514404,9.056532859802246,qmix,smacv2,protoss_5_vs_5,100,0.0
1396000,697,2026-06-07T22:01:33.897369,5.330841541290283,1.8230252265930176,3.138190984725952,10.15075397491455,qmix,smacv2,protoss_5_vs_5,100,0.05000000074505806
1398000,698,2026-06-07T22:04:14.314701,5.793027400970459,1.52763831615448,3.2525126934051514,8.773868560791016,qmix,smacv2,protoss_5_vs_5,100,0.0
1400000,699,2026-06-07T22:07:14.522684,6.9272613525390625,2.3295133113861084,3.878140926361084,14.170854568481445,qmix,smacv2,protoss_5_vs_5,100,0.05000000074505806
1402000,700,2026-06-07T22:09:47.752191,5.861808776855469,2.0851993560791016,2.4824118614196777,10.353014945983887,qmix,smacv2,protoss_5_vs_5,100,0.0
1404000,701,2026-06-07T22:12:14.760997,5.259673118591309,1.7622038125991821,2.2952260971069336,8.727386474609375,qmix,smacv2,protoss_5_vs_5,100,0.0
1406000,702,2026-06-07T22:14:57.647083,5.46268892288208,1.9935723543167114,3.0113062858581543,9.175878524780273,qmix,smacv2,protoss_5_vs_5,100,0.0
1408000,703,2026-06-07T22:17:38.980706,5.632474422454834,1.9460397958755493,3.226130723953247,11.87939739227295,qmix,smacv2,protoss_5_vs_5,100,0.0
1410000,704,2026-06-07T22:20:21.037512,6.101130962371826,1.5338020324707031,3.7298996448516846,9.457286834716797,qmix,smacv2,protoss_5_vs_5,100,0.0
1412000,705,2026-06-07T22:23:03.709775,5.7363691329956055,1.8487460613250732,3.477386951446533,10.79396915435791,qmix,smacv2,protoss_5_vs_5,100,0.0
1414000,706,2026-06-07T22:25:44.239270,5.563065528869629,1.8046436309814453,2.1507537364959717,9.68844223022461,qmix,smacv2,protoss_5_vs_5,100,0.0
1416000,707,2026-06-07T22:28:26.029832,5.300628185272217,2.162958860397339,1.4170854091644287,10.340453147888184,qmix,smacv2,protoss_5_vs_5,100,0.0
1418000,708,2026-06-07T22:31:06.253981,5.51790189743042,1.5043891668319702,3.1834168434143066,8.239950180053711,qmix,smacv2,protoss_5_vs_5,100,0.0
1420000,709,2026-06-07T22:33:49.222465,5.374874114990234,1.541217565536499,2.8015074729919434,8.35175895690918,qmix,smacv2,protoss_5_vs_5,100,0.0
1422000,710,2026-06-07T22:36:32.484342,5.464321613311768,1.6349046230316162,2.3015074729919434,8.211054801940918,qmix,smacv2,protoss_5_vs_5,100,0.0
1424000,711,2026-06-07T22:39:12.781779,6.052324295043945,1.7816369533538818,1.9698493480682373,9.291457176208496,qmix,smacv2,protoss_5_vs_5,100,0.0
1426000,712,2026-06-07T22:41:52.426739,5.259924411773682,1.4782992601394653,1.8793970346450806,8.160804748535156,qmix,smacv2,protoss_5_vs_5,100,0.0
1428000,713,2026-06-07T22:44:33.003459,5.732789039611816,2.048034191131592,3.095477342605591,9.907034873962402,qmix,smacv2,protoss_5_vs_5,100,0.0
1430000,714,2026-06-07T22:47:14.501361,5.033794403076172,2.719846248626709,1.7788944244384766,12.123115539550781,qmix,smacv2,protoss_5_vs_5,100,0.05000000074505806
1432000,715,2026-06-07T22:49:52.983939,5.398303985595703,2.1263272762298584,2.402010202407837,11.419597625732422,qmix,smacv2,protoss_5_vs_5,100,0.0
1434000,716,2026-06-07T22:52:33.250453,5.7680277824401855,2.837024688720703,2.2801506519317627,16.180904388427734,qmix,smacv2,protoss_5_vs_5,100,0.05000000074505806
1436000,717,2026-06-07T22:55:15.112098,5.55835485458374,2.7968881130218506,2.065326690673828,12.486180305480957,qmix,smacv2,protoss_5_vs_5,100,0.05000000074505806
1438000,718,2026-06-07T22:57:55.902032,5.058417320251465,1.785658597946167,2.541457176208496,8.944723129272461,qmix,smacv2,protoss_5_vs_5,100,0.0
1440000,719,2026-06-07T23:00:34.477538,5.116644859313965,1.922251582145691,2.379396915435791,10.251255989074707,qmix,smacv2,protoss_5_vs_5,100,0.05000000074505806
1442000,720,2026-06-07T23:03:14.213378,6.226633071899414,1.9464623928070068,2.6092963218688965,10.459799766540527,qmix,smacv2,protoss_5_vs_5,100,0.05000000074505806
1444000,721,2026-06-07T23:05:52.045531,5.597612380981445,1.8570399284362793,2.7035176753997803,10.293970108032227,qmix,smacv2,protoss_5_vs_5,100,0.0
1446000,722,2026-06-07T23:08:32.978976,5.526194095611572,2.9105701446533203,1.7763820886611938,12.170853614807129,qmix,smacv2,protoss_5_vs_5,100,0.05000000074505806
1448000,723,2026-06-07T23:11:12.037410,5.70904541015625,2.8181517124176025,2.6733667850494385,16.251256942749023,qmix,smacv2,protoss_5_vs_5,100,0.05000000074505806
1450000,724,2026-06-07T23:13:50.952150,5.237311363220215,1.242490291595459,3.2160801887512207,7.356783866882324,qmix,smacv2,protoss_5_vs_5,100,0.0
1452000,725,2026-06-07T23:16:30.341814,5.545979976654053,1.6484400033950806,2.9736180305480957,9.246231079101562,qmix,smacv2,protoss_5_vs_5,100,0.0
1454000,726,2026-06-07T23:19:08.669219,6.023806571960449,1.8845911026000977,2.6645727157592773,10.922110557556152,qmix,smacv2,protoss_5_vs_5,100,0.0
1456000,727,2026-06-07T23:21:51.934484,5.778454303741455,1.8435273170471191,0.0,8.660804748535156,qmix,smacv2,protoss_5_vs_5,100,0.0
1458000,728,2026-06-07T23:24:29.859641,5.684736251831055,1.9826825857162476,2.782663345336914,10.085428237915039,qmix,smacv2,protoss_5_vs_5,100,0.0
1460000,729,2026-06-07T23:27:07.664497,6.4935302734375,2.8230059146881104,2.684673309326172,14.179649353027344,qmix,smacv2,protoss_5_vs_5,100,0.10000000149011612
1462000,730,2026-06-07T23:29:45.042392,6.746922492980957,2.851940631866455,3.146984815597534,14.271357536315918,qmix,smacv2,protoss_5_vs_5,100,0.10000000149011612
1464000,731,2026-06-07T23:32:25.319698,5.393970012664795,1.8651204109191895,3.007537603378296,10.703516960144043,qmix,smacv2,protoss_5_vs_5,100,0.0
1466000,732,2026-06-07T23:35:04.507081,5.499749183654785,1.868445873260498,2.9648241996765137,8.67336654663086,qmix,smacv2,protoss_5_vs_5,100,0.0
1468000,733,2026-06-07T23:37:45.369159,5.676821708679199,1.7685223817825317,3.022613048553467,9.889447212219238,qmix,smacv2,protoss_5_vs_5,100,0.0
1470000,734,2026-06-07T23:40:26.544247,5.562562465667725,1.7815544605255127,2.0351758003234863,8.927135467529297,qmix,smacv2,protoss_5_vs_5,100,0.0
1472000,735,2026-06-07T23:43:07.189576,6.359233856201172,1.6501420736312866,3.6947238445281982,9.247488021850586,qmix,smacv2,protoss_5_vs_5,100,0.0
1474000,736,2026-06-07T23:45:47.807491,5.318969249725342,2.3857228755950928,3.0753769874572754,12.361808776855469,qmix,smacv2,protoss_5_vs_5,100,0.05000000074505806
1476000,737,2026-06-07T23:48:27.119953,6.2603020668029785,2.109586238861084,2.5025124549865723,10.934673309326172,qmix,smacv2,protoss_5_vs_5,100,0.0
1478000,738,2026-06-07T23:51:07.451670,6.142588138580322,2.286745071411133,3.3366832733154297,12.16080379486084,qmix,smacv2,protoss_5_vs_5,100,0.05000000074505806
1480000,739,2026-06-07T23:53:47.001937,5.390138149261475,1.5629603862762451,2.644472599029541,9.305275917053223,qmix,smacv2,protoss_5_vs_5,100,0.0
1482000,740,2026-06-07T23:56:27.686054,5.291583061218262,2.871126890182495,1.4497487545013428,14.633166313171387,qmix,smacv2,protoss_5_vs_5,100,0.05000000074505806
1484000,741,2026-06-07T23:59:06.568595,5.984484672546387,1.9757431745529175,3.3015074729919434,10.201004981994629,qmix,smacv2,protoss_5_vs_5,100,0.0
1486000,742,2026-06-08T00:01:46.272554,5.456846714019775,1.771873950958252,2.517587900161743,11.399497032165527,qmix,smacv2,protoss_5_vs_5,100,0.0
1488000,743,2026-06-08T00:04:26.887353,6.438065528869629,2.0265560150146484,3.757537364959717,12.16080379486084,qmix,smacv2,protoss_5_vs_5,100,0.05000000074505806
1490000,744,2026-06-08T00:07:05.643413,5.979397296905518,2.2475109100341797,2.306532621383667,10.489949226379395,qmix,smacv2,protoss_5_vs_5,100,0.0
1492000,745,2026-06-08T00:09:44.960241,5.871294021606445,1.9197688102722168,2.476130723953247,12.361808776855469,qmix,smacv2,protoss_5_vs_5,100,0.05000000074505806
1494000,746,2026-06-08T00:12:23.827845,5.719912052154541,2.119379758834839,2.2211055755615234,10.184673309326172,qmix,smacv2,protoss_5_vs_5,100,0.0
1496000,747,2026-06-08T00:15:02.977775,5.306595325469971,1.926804542541504,2.7801506519317627,9.543970108032227,qmix,smacv2,protoss_5_vs_5,100,0.0
1498000,748,2026-06-08T00:17:44.251571,6.0338568687438965,2.061500072479248,2.685929775238037,10.251256942749023,qmix,smacv2,protoss_5_vs_5,100,0.05000000074505806
1500000,749,2026-06-08T00:20:23.598355,5.973555564880371,2.107664108276367,2.0213568210601807,9.01507568359375,qmix,smacv2,protoss_5_vs_5,100,0.0
1502000,750,2026-06-08T00:23:01.817683,5.649748802185059,1.9683032035827637,2.5678391456604004,10.914573669433594,qmix,smacv2,protoss_5_vs_5,100,0.0
1504000,751,2026-06-08T00:25:39.449324,5.16790246963501,1.6276460886001587,3.143216133117676,8.963567733764648,qmix,smacv2,protoss_5_vs_5,100,0.0
1506000,752,2026-06-08T00:28:19.266160,5.931910037994385,2.2335517406463623,2.413316488265991,11.454773902893066,qmix,smacv2,protoss_5_vs_5,100,0.0
1508000,753,2026-06-08T00:30:57.547702,5.388003349304199,1.4413917064666748,3.032663345336914,8.884422302246094,qmix,smacv2,protoss_5_vs_5,100,0.0
1510000,754,2026-06-08T00:33:36.829983,4.891896724700928,1.5082024335861206,1.6746231317520142,8.110552787780762,qmix,smacv2,protoss_5_vs_5,100,0.0
1512000,755,2026-06-08T00:36:15.862147,5.323931694030762,1.7156494855880737,2.476130962371826,8.170854568481445,qmix,smacv2,protoss_5_vs_5,100,0.0
1514000,756,2026-06-08T00:38:55.525100,5.292022705078125,2.3850936889648438,2.2600502967834473,14.172109603881836,qmix,smacv2,protoss_5_vs_5,100,0.05000000074505806
1516000,757,2026-06-08T00:41:35.963515,5.186683177947998,1.4585726261138916,2.5351758003234863,8.341708183288574,qmix,smacv2,protoss_5_vs_5,100,0.0
1518000,758,2026-06-08T00:44:16.252638,5.373115539550781,2.3449268341064453,1.6482412815093994,12.261305809020996,qmix,smacv2,protoss_5_vs_5,100,0.05000000074505806
1520000,759,2026-06-08T00:46:57.951999,5.717148303985596,1.9310990571975708,2.8429648876190186,12.050251007080078,qmix,smacv2,protoss_5_vs_5,100,0.0
1522000,760,2026-06-08T00:49:38.014937,6.485678195953369,2.043203353881836,2.864321708679199,10.552763938903809,qmix,smacv2,protoss_5_vs_5,100,0.05000000074505806
1524000,761,2026-06-08T00:52:15.731741,5.4669599533081055,2.0298995971679688,2.260050058364868,10.904522895812988,qmix,smacv2,protoss_5_vs_5,100,0.0
1526000,762,2026-06-08T00:54:56.914708,6.216143608093262,2.6098225116729736,2.032663106918335,14.271357536315918,qmix,smacv2,protoss_5_vs_5,100,0.05000000074505806
1528000,763,2026-06-08T00:57:35.837063,5.755025386810303,1.8003058433532715,3.556532621383667,12.261306762695312,qmix,smacv2,protoss_5_vs_5,100,0.05000000074505806
1530000,764,2026-06-08T01:00:13.220793,5.5006279945373535,1.8859285116195679,2.1582915782928467,9.226130485534668,qmix,smacv2,protoss_5_vs_5,100,0.0
1532000,765,2026-06-08T01:02:51.791484,5.829333782196045,2.2886791229248047,2.6005024909973145,12.134420394897461,qmix,smacv2,protoss_5_vs_5,100,0.0
1534000,766,2026-06-08T01:05:30.806912,5.720917224884033,1.9966275691986084,2.846733570098877,9.6356782913208,qmix,smacv2,protoss_5_vs_5,100,0.0
1536000,767,2026-06-08T01:08:11.591510,5.35345458984375,1.9602382183074951,2.0276381969451904,9.467336654663086,qmix,smacv2,protoss_5_vs_5,100,0.0
1538000,768,2026-06-08T01:10:51.857388,5.137248992919922,1.582926630973816,2.3015074729919434,7.9874372482299805,qmix,smacv2,protoss_5_vs_5,100,0.0
1540000,769,2026-06-08T01:13:32.797266,6.071293830871582,2.36861515045166,3.775125503540039,14.231155395507812,qmix,smacv2,protoss_5_vs_5,100,0.05000000074505806
1542000,770,2026-06-08T01:16:12.851478,5.84912109375,2.3146190643310547,2.363065242767334,10.70351791381836,qmix,smacv2,protoss_5_vs_5,100,0.0
1544000,771,2026-06-08T01:18:52.249343,5.086431980133057,1.6492172479629517,2.6721105575561523,10.261306762695312,qmix,smacv2,protoss_5_vs_5,100,0.0
1546000,772,2026-06-08T01:21:30.005039,5.757411956787109,1.5808309316635132,3.388190746307373,10.551508903503418,qmix,smacv2,protoss_5_vs_5,100,0.05000000074505806
1548000,773,2026-06-08T01:24:08.982689,5.501004695892334,1.4063451290130615,3.0678391456604004,8.964823722839355,qmix,smacv2,protoss_5_vs_5,100,0.0
1550000,774,2026-06-08T01:26:48.294905,6.4282660484313965,2.3318045139312744,2.623115301132202,12.261307716369629,qmix,smacv2,protoss_5_vs_5,100,0.05000000074505806
1552000,775,2026-06-08T01:29:27.097165,6.096796989440918,2.893836736679077,1.2072863578796387,14.27135944366455,qmix,smacv2,protoss_5_vs_5,100,0.10000000149011612
1554000,776,2026-06-08T01:32:03.888446,5.024497032165527,1.4894440174102783,2.4535176753997803,7.649497032165527,qmix,smacv2,protoss_5_vs_5,100,0.0
1556000,777,2026-06-08T01:34:43.768159,6.528894901275635,2.937211751937866,2.0502512454986572,12.301506996154785,qmix,smacv2,protoss_5_vs_5,100,0.15000000596046448
1558000,778,2026-06-08T01:37:28.401832,5.8873748779296875,2.677685022354126,1.8090450763702393,14.371858596801758,qmix,smacv2,protoss_5_vs_5,100,0.05000000074505806
1560000,779,2026-06-08T01:40:05.521852,5.730151176452637,2.188155174255371,2.7876884937286377,12.361809730529785,qmix,smacv2,protoss_5_vs_5,100,0.05000000074505806
1562000,780,2026-06-08T01:42:44.055142,6.282914638519287,2.733881950378418,2.2713568210601807,12.38316535949707,qmix,smacv2,protoss_5_vs_5,100,0.10000000149011612
1564000,781,2026-06-08T01:45:22.318794,5.627261638641357,2.2766342163085938,3.105527400970459,14.371858596801758,qmix,smacv2,protoss_5_vs_5,100,0.05000000074505806
1566000,782,2026-06-08T01:48:01.493770,6.467713832855225,2.3501999378204346,3.435929536819458,12.26130485534668,qmix,smacv2,protoss_5_vs_5,100,0.05000000074505806
1568000,783,2026-06-08T01:50:40.434927,4.924371719360352,1.535751461982727,2.177135467529297,7.497487545013428,qmix,smacv2,protoss_5_vs_5,100,0.0
1570000,784,2026-06-08T01:53:22.556944,5.257349014282227,2.283853054046631,1.1871858835220337,12.261305809020996,qmix,smacv2,protoss_5_vs_5,100,0.05000000074505806
1572000,785,2026-06-08T01:56:05.613485,6.219283580780029,2.7697126865386963,2.844221353530884,14.286430358886719,qmix,smacv2,protoss_5_vs_5,100,0.05000000074505806
1574000,786,2026-06-08T01:58:47.246265,6.207663536071777,2.396682024002075,2.2223620414733887,10.947236061096191,qmix,smacv2,protoss_5_vs_5,100,0.0
1576000,787,2026-06-08T02:01:26.435981,5.287688255310059,1.6433897018432617,2.37060284614563,9.517587661743164,qmix,smacv2,protoss_5_vs_5,100,0.0
1578000,788,2026-06-08T02:04:05.797297,5.252324104309082,1.4179364442825317,2.394472360610962,8.875628471374512,qmix,smacv2,protoss_5_vs_5,100,0.0
1580000,789,2026-06-08T02:06:46.733543,5.760867118835449,2.1455576419830322,2.7449748516082764,9.356783866882324,qmix,smacv2,protoss_5_vs_5,100,0.0
1582000,790,2026-06-08T02:09:26.942872,5.570038318634033,2.06002140045166,2.1809046268463135,8.903266906738281,qmix,smacv2,protoss_5_vs_5,100,0.0
1584000,791,2026-06-08T02:12:05.855597,6.16576623916626,1.8994477987289429,3.4723620414733887,11.973617553710938,qmix,smacv2,protoss_5_vs_5,100,0.0
1586000,792,2026-06-08T02:14:45.016900,5.482035160064697,1.08328115940094,3.9396979808807373,7.307787895202637,qmix,smacv2,protoss_5_vs_5,100,0.0
1588000,793,2026-06-08T02:17:24.792628,6.855213165283203,1.986322045326233,3.0866832733154297,10.452261924743652,qmix,smacv2,protoss_5_vs_5,100,0.05000000074505806
1590000,794,2026-06-08T02:20:01.989002,5.337500095367432,1.7348206043243408,2.9547739028930664,9.537688255310059,qmix,smacv2,protoss_5_vs_5,100,0.0
1592000,795,2026-06-08T02:22:42.168591,5.736432075500488,1.7262886762619019,2.7399494647979736,8.763819694519043,qmix,smacv2,protoss_5_vs_5,100,0.0
1594000,796,2026-06-08T02:25:20.138594,5.43881893157959,1.7128751277923584,3.1658291816711426,11.095478057861328,qmix,smacv2,protoss_5_vs_5,100,0.0
1596000,797,2026-06-08T02:27:59.317073,5.1136932373046875,2.0286571979522705,2.3680903911590576,11.085426330566406,qmix,smacv2,protoss_5_vs_5,100,0.0
1598000,798,2026-06-08T02:30:40.170875,5.150187969207764,1.73363196849823,2.2374370098114014,10.15075397491455,qmix,smacv2,protoss_5_vs_5,100,0.05000000074505806
1600000,799,2026-06-08T02:33:19.819223,6.956469535827637,2.7193570137023926,2.751256227493286,12.170854568481445,qmix,smacv2,protoss_5_vs_5,100,0.15000000596046448
1602000,800,2026-06-08T02:35:58.376579,4.851256370544434,1.1500219106674194,2.976130723953247,6.924623012542725,qmix,smacv2,protoss_5_vs_5,100,0.0
1604000,801,2026-06-08T02:38:40.522009,6.470162868499756,1.656465768814087,4.232412338256836,10.35175895690918,qmix,smacv2,protoss_5_vs_5,100,0.05000000074505806
1606000,802,2026-06-08T02:41:20.615379,5.872738838195801,1.7553176879882812,3.324120283126831,9.195980072021484,qmix,smacv2,protoss_5_vs_5,100,0.0
1608000,803,2026-06-08T02:43:57.740842,4.856407642364502,1.8577708005905151,1.6206029653549194,9.165828704833984,qmix,smacv2,protoss_5_vs_5,100,0.0
1610000,804,2026-06-08T02:46:35.532419,4.963316917419434,1.2539962530136108,2.4170854091644287,7.546482086181641,qmix,smacv2,protoss_5_vs_5,100,0.0
1612000,805,2026-06-08T02:49:15.702371,5.831469535827637,2.003054141998291,1.7625627517700195,10.331659317016602,qmix,smacv2,protoss_5_vs_5,100,0.05000000074505806
1614000,806,2026-06-08T02:51:55.319278,5.797487735748291,2.2810165882110596,2.9648241996765137,12.672109603881836,qmix,smacv2,protoss_5_vs_5,100,0.05000000074505806
1616000,807,2026-06-08T02:54:33.812582,6.172676086425781,1.6061009168624878,3.2776381969451904,10.281407356262207,qmix,smacv2,protoss_5_vs_5,100,0.0
1618000,808,2026-06-08T02:57:12.113649,5.691080570220947,1.9635982513427734,2.703517436981201,9.756281852722168,qmix,smacv2,protoss_5_vs_5,100,0.0
1620000,809,2026-06-08T02:59:51.670345,5.963316917419434,2.1697559356689453,2.4346730709075928,9.626884460449219,qmix,smacv2,protoss_5_vs_5,100,0.0
1622000,810,2026-06-08T03:02:30.801297,5.283605575561523,2.2823874950408936,1.4899497032165527,11.447236061096191,qmix,smacv2,protoss_5_vs_5,100,0.0
1624000,811,2026-06-08T03:05:10.811848,4.211306571960449,1.4090250730514526,1.4874372482299805,8.271356582641602,qmix,smacv2,protoss_5_vs_5,100,0.0
1626000,812,2026-06-08T03:07:49.113308,5.488317012786865,1.7293089628219604,3.2600502967834473,9.035176277160645,qmix,smacv2,protoss_5_vs_5,100,0.0
1628000,813,2026-06-08T03:10:29.633520,5.397361755371094,1.9427303075790405,2.8592963218688965,9.276382446289062,qmix,smacv2,protoss_5_vs_5,100,0.0
1630000,814,2026-06-08T03:13:07.843399,5.355464935302734,1.2187739610671997,3.17587947845459,8.659547805786133,qmix,smacv2,protoss_5_vs_5,100,0.0
1632000,815,2026-06-08T03:15:50.002937,4.95389461517334,1.9474455118179321,2.152010202407837,9.939699172973633,qmix,smacv2,protoss_5_vs_5,100,0.0
1634000,816,2026-06-08T03:18:29.875001,4.5844221115112305,1.371791124343872,2.4422109127044678,7.432160377502441,qmix,smacv2,protoss_5_vs_5,100,0.0
1636000,817,2026-06-08T03:21:10.498554,6.892022132873535,2.604438543319702,2.870603322982788,14.371859550476074,qmix,smacv2,protoss_5_vs_5,100,0.10000000149011612
1638000,818,2026-06-08T03:23:48.365173,5.860867023468018,2.1125829219818115,3.9371860027313232,14.09045124053955,qmix,smacv2,protoss_5_vs_5,100,0.05000000074505806
1640000,819,2026-06-08T03:26:27.306547,5.73856782913208,1.544592022895813,3.087939739227295,9.035175323486328,qmix,smacv2,protoss_5_vs_5,100,0.0
1642000,820,2026-06-08T03:29:05.521896,5.257977485656738,1.8412286043167114,1.9422111511230469,8.463568687438965,qmix,smacv2,protoss_5_vs_5,100,0.0
1644000,821,2026-06-08T03:31:44.140745,5.31765079498291,1.6610941886901855,2.1407034397125244,9.206029891967773,qmix,smacv2,protoss_5_vs_5,100,0.0
1646000,822,2026-06-08T03:34:22.889524,5.136431694030762,1.7362194061279297,2.935929536819458,9.386934280395508,qmix,smacv2,protoss_5_vs_5,100,0.0
1648000,823,2026-06-08T03:37:04.672536,5.0209174156188965,1.9056135416030884,2.3417084217071533,8.498743057250977,qmix,smacv2,protoss_5_vs_5,100,0.0
1650000,824,2026-06-08T03:39:44.695327,5.771481990814209,1.8550798892974854,3.0050249099731445,9.517587661743164,qmix,smacv2,protoss_5_vs_5,100,0.0
1652000,825,2026-06-08T03:42:24.705997,5.15301513671875,2.0132815837860107,2.5942211151123047,9.256281852722168,qmix,smacv2,protoss_5_vs_5,100,0.0
1654000,826,2026-06-08T03:45:03.105273,5.077449798583984,2.0939464569091797,2.6507537364959717,12.16080379486084,qmix,smacv2,protoss_5_vs_5,100,0.05000000074505806
1656000,827,2026-06-08T03:47:42.506193,4.624309062957764,2.1615617275238037,1.9786431789398193,10.834171295166016,qmix,smacv2,protoss_5_vs_5,100,0.0
1658000,828,2026-06-08T03:50:22.872667,5.569283962249756,2.1058502197265625,2.4020097255706787,10.82412052154541,qmix,smacv2,protoss_5_vs_5,100,0.0
1660000,829,2026-06-08T03:53:23.661017,4.898116111755371,1.493446707725525,2.9736180305480957,8.361808776855469,qmix,smacv2,protoss_5_vs_5,100,0.0
1662000,830,2026-06-08T03:56:00.795800,5.807851314544678,2.751798391342163,3.0841710567474365,12.160804748535156,qmix,smacv2,protoss_5_vs_5,100,0.10000000149011612
1664000,831,2026-06-08T03:58:33.471852,4.728517532348633,1.38856840133667,2.3505024909973145,7.129395961761475,qmix,smacv2,protoss_5_vs_5,100,0.0
1666000,832,2026-06-08T04:01:15.310512,5.427135467529297,1.9197341203689575,1.8793970346450806,9.479899406433105,qmix,smacv2,protoss_5_vs_5,100,0.0
1668000,833,2026-06-08T04:03:56.978674,5.644723892211914,1.567322850227356,2.3442211151123047,7.638190269470215,qmix,smacv2,protoss_5_vs_5,100,0.0
1670000,834,2026-06-08T04:06:36.449033,5.150565147399902,1.946877360343933,2.6331655979156494,9.68844223022461,qmix,smacv2,protoss_5_vs_5,100,0.0
1672000,835,2026-06-08T04:09:17.595423,5.464949607849121,1.9963738918304443,2.2939698696136475,9.507537841796875,qmix,smacv2,protoss_5_vs_5,100,0.0
1674000,836,2026-06-08T04:12:00.441202,6.0305280685424805,1.890207290649414,3.082914352416992,9.927136421203613,qmix,smacv2,protoss_5_vs_5,100,0.0
1676000,837,2026-06-08T04:14:39.107569,4.752638339996338,1.4267960786819458,2.757537841796875,7.447236061096191,qmix,smacv2,protoss_5_vs_5,100,0.0
1678000,838,2026-06-08T04:17:21.140736,6.495854377746582,2.772848606109619,2.242462396621704,12.361809730529785,qmix,smacv2,protoss_5_vs_5,100,0.10000000149011612
1680000,839,2026-06-08T04:20:02.484678,5.07562780380249,1.6377085447311401,1.9095475673675537,8.07663345336914,qmix,smacv2,protoss_5_vs_5,100,0.0
1682000,840,2026-06-08T04:22:43.323490,6.336620807647705,2.441296100616455,3.321608066558838,11.427135467529297,qmix,smacv2,protoss_5_vs_5,100,0.0
1684000,841,2026-06-08T04:25:22.651419,5.578266620635986,1.9805048704147339,3.203517436981201,11.216080665588379,qmix,smacv2,protoss_5_vs_5,100,0.0
1686000,842,2026-06-08T04:28:03.292181,5.832286357879639,1.6832573413848877,3.2160801887512207,8.834171295166016,qmix,smacv2,protoss_5_vs_5,100,0.0
1688000,843,2026-06-08T04:30:42.090725,4.826193332672119,1.4599260091781616,2.3517587184906006,8.364320755004883,qmix,smacv2,protoss_5_vs_5,100,0.0
1690000,844,2026-06-08T04:33:21.992334,5.8444719314575195,1.9734363555908203,2.596733570098877,12.160804748535156,qmix,smacv2,protoss_5_vs_5,100,0.05000000074505806
1692000,845,2026-06-08T04:36:01.684206,6.562563419342041,2.350900411605835,2.7600502967834473,12.261306762695312,qmix,smacv2,protoss_5_vs_5,100,0.05000000074505806
1694000,846,2026-06-08T04:38:42.543748,5.926947116851807,2.4928410053253174,2.7487435340881348,11.668341636657715,qmix,smacv2,protoss_5_vs_5,100,0.0
1696000,847,2026-06-08T04:41:23.096640,4.988819122314453,1.965630054473877,1.866834282875061,9.788944244384766,qmix,smacv2,protoss_5_vs_5,100,0.0
1698000,848,2026-06-08T04:44:04.735383,5.632851600646973,2.3945252895355225,2.5125629901885986,12.361808776855469,qmix,smacv2,protoss_5_vs_5,100,0.05000000074505806
1700000,849,2026-06-08T04:46:45.216021,5.241959571838379,1.6076033115386963,2.467336654663086,8.32663345336914,qmix,smacv2,protoss_5_vs_5,100,0.0
1702000,850,2026-06-08T04:49:25.192751,5.049622535705566,1.62013840675354,2.7035176753997803,9.597990036010742,qmix,smacv2,protoss_5_vs_5,100,0.0
1704000,851,2026-06-08T04:52:04.615416,4.9498114585876465,2.0934336185455322,2.4472360610961914,12.48241138458252,qmix,smacv2,protoss_5_vs_5,100,0.0
1706000,852,2026-06-08T04:54:43.428090,6.252198219299316,2.0614540576934814,2.8731155395507812,11.123114585876465,qmix,smacv2,protoss_5_vs_5,100,0.0
1708000,853,2026-06-08T04:57:21.964706,4.8714823722839355,1.2907074689865112,2.645728588104248,7.618090629577637,qmix,smacv2,protoss_5_vs_5,100,0.0
1710000,854,2026-06-08T05:00:00.782292,6.2236809730529785,2.137920618057251,2.7072863578796387,9.39824104309082,qmix,smacv2,protoss_5_vs_5,100,0.0
1712000,855,2026-06-08T05:02:36.457602,5.831533432006836,1.2319828271865845,3.3291454315185547,7.859297275543213,qmix,smacv2,protoss_5_vs_5,100,0.0
1714000,856,2026-06-08T05:05:15.238047,5.754648208618164,2.0354251861572266,2.741206169128418,10.167084693908691,qmix,smacv2,protoss_5_vs_5,100,0.0
1716000,857,2026-06-08T05:07:54.288639,5.767587184906006,2.345273733139038,2.090452194213867,12.261306762695312,qmix,smacv2,protoss_5_vs_5,100,0.05000000074505806
1718000,858,2026-06-08T05:10:33.810680,4.999434947967529,2.3047070503234863,1.9623115062713623,12.180904388427734,qmix,smacv2,protoss_5_vs_5,100,0.05000000074505806
1720000,859,2026-06-08T05:13:13.659158,5.1608662605285645,2.1112654209136963,2.629396677017212,11.439698219299316,qmix,smacv2,protoss_5_vs_5,100,0.0
1722000,860,2026-06-08T05:15:56.238767,5.982914447784424,1.6133826971054077,3.4497485160827637,9.829145431518555,qmix,smacv2,protoss_5_vs_5,100,0.0
1724000,861,2026-06-08T05:18:36.190481,6.123429775238037,1.635210633277893,3.7286434173583984,10.28140640258789,qmix,smacv2,protoss_5_vs_5,100,0.05000000074505806
1726000,862,2026-06-08T05:21:16.776343,6.025942802429199,1.6494617462158203,2.5502512454986572,10.462311744689941,qmix,smacv2,protoss_5_vs_5,100,0.0
1728000,863,2026-06-08T05:23:56.897989,5.6666460037231445,2.0583603382110596,1.7688442468643188,9.537689208984375,qmix,smacv2,protoss_5_vs_5,100,0.0
1730000,864,2026-06-08T05:26:37.691707,5.976632595062256,2.5253806114196777,3.2474875450134277,14.390704154968262,qmix,smacv2,protoss_5_vs_5,100,0.05000000074505806
1732000,865,2026-06-08T05:29:15.856746,5.478580474853516,2.0817341804504395,2.781406879425049,10.526382446289062,qmix,smacv2,protoss_5_vs_5,100,0.0
1734000,866,2026-06-08T05:31:53.777959,5.679899215698242,1.4079841375350952,2.7964820861816406,9.077889442443848,qmix,smacv2,protoss_5_vs_5,100,0.0
1736000,867,2026-06-08T05:34:33.767047,5.787814140319824,2.5369632244110107,2.5301506519317627,10.663315773010254,qmix,smacv2,protoss_5_vs_5,100,0.0
1738000,868,2026-06-08T05:37:12.007394,5.530213356018066,1.4516427516937256,3.3605525493621826,9.356783866882324,qmix,smacv2,protoss_5_vs_5,100,0.0
1740000,869,2026-06-08T05:39:48.564660,5.372424602508545,1.6156446933746338,2.991205930709839,8.536432266235352,qmix,smacv2,protoss_5_vs_5,100,0.0
1742000,870,2026-06-08T05:42:26.765487,6.39937162399292,1.8575401306152344,2.9811558723449707,9.579145431518555,qmix,smacv2,protoss_5_vs_5,100,0.0
1744000,871,2026-06-08T05:45:06.426678,5.4143218994140625,1.4106900691986084,3.226130723953247,8.542713165283203,qmix,smacv2,protoss_5_vs_5,100,0.0
1746000,872,2026-06-08T05:47:48.034714,4.798178195953369,1.460975170135498,2.160804033279419,7.839196681976318,qmix,smacv2,protoss_5_vs_5,100,0.0
1748000,873,2026-06-08T05:50:27.301430,5.162312030792236,1.6070441007614136,2.3919596672058105,7.69095516204834,qmix,smacv2,protoss_5_vs_5,100,0.0
1750000,874,2026-06-08T05:53:07.538310,4.9314069747924805,1.8643641471862793,1.9170854091644287,9.477386474609375,qmix,smacv2,protoss_5_vs_5,100,0.0
1752000,875,2026-06-08T05:55:46.537913,5.328454971313477,1.846127986907959,2.314070224761963,9.276382446289062,qmix,smacv2,protoss_5_vs_5,100,0.0
1754000,876,2026-06-08T05:58:26.422292,5.927010536193848,1.8397762775421143,2.679647922515869,10.526381492614746,qmix,smacv2,protoss_5_vs_5,100,0.0
1756000,877,2026-06-08T06:01:06.505758,5.787877082824707,2.4403507709503174,2.677135705947876,12.301507949829102,qmix,smacv2,protoss_5_vs_5,100,0.05000000074505806
1758000,878,2026-06-08T06:03:49.825852,5.775188446044922,2.6856727600097656,2.6733667850494385,12.451004028320312,qmix,smacv2,protoss_5_vs_5,100,0.05000000074505806
1760000,879,2026-06-08T06:06:29.457465,4.811118125915527,2.156090497970581,1.8354270458221436,12.16080379486084,qmix,smacv2,protoss_5_vs_5,100,0.05000000074505806
1762000,880,2026-06-08T06:09:10.857372,4.9486799240112305,1.5668774843215942,2.3278894424438477,8.613064765930176,qmix,smacv2,protoss_5_vs_5,100,0.0
1764000,881,2026-06-08T06:11:49.822847,4.9864325523376465,1.407686710357666,2.5929648876190186,8.010049819946289,qmix,smacv2,protoss_5_vs_5,100,0.0
1766000,882,2026-06-08T06:14:30.559233,5.6979265213012695,1.4905898571014404,3.2625625133514404,8.844222068786621,qmix,smacv2,protoss_5_vs_5,100,0.0
1768000,883,2026-06-08T06:17:10.143251,5.721231460571289,1.395222783088684,4.1092963218688965,9.497488021850586,qmix,smacv2,protoss_5_vs_5,100,0.0
1770000,884,2026-06-08T06:19:54.998224,6.011306285858154,2.4452085494995117,3.3354270458221436,14.271356582641602,qmix,smacv2,protoss_5_vs_5,100,0.05000000074505806
1772000,885,2026-06-08T06:22:33.951148,6.248994827270508,1.846463918685913,3.105527639389038,9.286432266235352,qmix,smacv2,protoss_5_vs_5,100,0.0
1774000,886,2026-06-08T06:25:08.782332,4.545477867126465,1.6010441780090332,2.2927136421203613,7.638191223144531,qmix,smacv2,protoss_5_vs_5,100,0.0
1776000,887,2026-06-08T06:27:46.918495,5.409171104431152,1.6447608470916748,3.1231155395507812,8.522612571716309,qmix,smacv2,protoss_5_vs_5,100,0.0
1778000,888,2026-06-08T06:30:25.739546,5.654522895812988,1.9628565311431885,2.4811558723449707,10.8856782913208,qmix,smacv2,protoss_5_vs_5,100,0.0
1780000,889,2026-06-08T06:33:07.785080,5.557097911834717,1.6932696104049683,3.546482563018799,9.075376510620117,qmix,smacv2,protoss_5_vs_5,100,0.0
1782000,890,2026-06-08T06:35:47.378757,5.96381950378418,2.340902328491211,2.8844218254089355,10.683417320251465,qmix,smacv2,protoss_5_vs_5,100,0.05000000074505806
1784000,891,2026-06-08T06:38:27.569398,6.126255989074707,2.2051427364349365,2.863065242767334,10.795226097106934,qmix,smacv2,protoss_5_vs_5,100,0.0
1786000,892,2026-06-08T06:41:06.864930,5.62481164932251,2.8035855293273926,2.5603013038635254,14.371858596801758,qmix,smacv2,protoss_5_vs_5,100,0.05000000074505806
1788000,893,2026-06-08T06:43:47.596023,5.071168422698975,2.490664482116699,2.412060260772705,14.371858596801758,qmix,smacv2,protoss_5_vs_5,100,0.05000000074505806
1790000,894,2026-06-08T06:46:27.301794,5.354020118713379,1.5070710182189941,3.4560303688049316,9.29648208618164,qmix,smacv2,protoss_5_vs_5,100,0.0
1792000,895,2026-06-08T06:49:07.387089,6.005967140197754,1.6409516334533691,3.6168341636657715,9.507537841796875,qmix,smacv2,protoss_5_vs_5,100,0.0
1794000,896,2026-06-08T06:51:46.785552,5.767964839935303,1.9668447971343994,2.54020094871521,10.687186241149902,qmix,smacv2,protoss_5_vs_5,100,0.0
1796000,897,2026-06-08T06:54:27.117744,4.972362041473389,2.001085042953491,1.7123113870620728,10.40829086303711,qmix,smacv2,protoss_5_vs_5,100,0.0
1798000,898,2026-06-08T06:57:06.074133,6.481595516204834,1.9689265489578247,3.54899525642395,12.39824104309082,qmix,smacv2,protoss_5_vs_5,100,0.05000000074505806
1800000,899,2026-06-08T06:59:45.238964,5.972801685333252,1.8826782703399658,3.3165829181671143,11.060301780700684,qmix,smacv2,protoss_5_vs_5,100,0.0
1802000,900,2026-06-08T07:02:24.979842,5.047863960266113,1.3138419389724731,3.1381912231445312,7.969849586486816,qmix,smacv2,protoss_5_vs_5,100,0.0
1804000,901,2026-06-08T07:05:06.742649,4.759924411773682,1.5943087339401245,2.114321708679199,9.01507568359375,qmix,smacv2,protoss_5_vs_5,100,0.0
1806000,902,2026-06-08T07:07:48.038822,5.697424411773682,2.068896770477295,2.3844223022460938,9.724874496459961,qmix,smacv2,protoss_5_vs_5,100,0.0
1808000,903,2026-06-08T07:10:29.935593,5.0620598793029785,1.4836751222610474,2.2688443660736084,7.628140926361084,qmix,smacv2,protoss_5_vs_5,100,0.0
1810000,904,2026-06-08T07:13:12.620210,6.045791149139404,2.5981392860412598,3.1180906295776367,12.462310791015625,qmix,smacv2,protoss_5_vs_5,100,0.10000000149011612
1812000,905,2026-06-08T07:15:54.831655,5.3045854568481445,1.8635410070419312,2.645728826522827,10.251256942749023,qmix,smacv2,protoss_5_vs_5,100,0.05000000074505806
1814000,906,2026-06-08T07:18:34.539648,5.860301494598389,2.128836154937744,2.9660804271698,10.35175895690918,qmix,smacv2,protoss_5_vs_5,100,0.05000000074505806
1816000,907,2026-06-08T07:21:11.252223,4.801884651184082,1.3251895904541016,2.2311558723449707,7.457286834716797,qmix,smacv2,protoss_5_vs_5,100,0.0
1818000,908,2026-06-08T07:23:46.863514,5.3197855949401855,1.8866559267044067,2.4886934757232666,8.934673309326172,qmix,smacv2,protoss_5_vs_5,100,0.0
1820000,909,2026-06-08T07:26:23.895664,5.608983039855957,1.8084232807159424,3.275125503540039,10.34170913696289,qmix,smacv2,protoss_5_vs_5,100,0.05000000074505806
1822000,910,2026-06-08T07:29:03.184393,5.169535160064697,1.6067054271697998,2.991205930709839,8.974874496459961,qmix,smacv2,protoss_5_vs_5,100,0.0
1824000,911,2026-06-08T07:31:43.485454,5.910426616668701,2.623357057571411,2.613065481185913,12.361808776855469,qmix,smacv2,protoss_5_vs_5,100,0.10000000149011612
1826000,912,2026-06-08T07:34:24.359182,5.626444339752197,2.0088322162628174,1.9698489904403687,9.417085647583008,qmix,smacv2,protoss_5_vs_5,100,0.0
1828000,913,2026-06-08T07:37:05.171759,5.606030464172363,2.0039637088775635,1.8253768682479858,12.16080379486084,qmix,smacv2,protoss_5_vs_5,100,0.05000000074505806
1830000,914,2026-06-08T07:39:46.855449,6.0177130699157715,2.252776861190796,2.902009963989258,12.261305809020996,qmix,smacv2,protoss_5_vs_5,100,0.05000000074505806
1832000,915,2026-06-08T07:42:28.770702,5.712562561035156,1.889458417892456,2.579145669937134,9.49748706817627,qmix,smacv2,protoss_5_vs_5,100,0.0
1834000,916,2026-06-08T07:45:10.488281,6.0955400466918945,2.0055859088897705,2.8819093704223633,12.160804748535156,qmix,smacv2,protoss_5_vs_5,100,0.05000000074505806
1836000,917,2026-06-08T07:47:49.341235,5.946796894073486,2.5968291759490967,2.097990036010742,12.110551834106445,qmix,smacv2,protoss_5_vs_5,100,0.0
1838000,918,2026-06-08T07:50:29.366669,5.990452289581299,2.434896945953369,2.3115577697753906,10.8643217086792,qmix,smacv2,protoss_5_vs_5,100,0.0
1840000,919,2026-06-08T07:53:06.489164,5.818404197692871,2.73037052154541,2.2713565826416016,12.361808776855469,qmix,smacv2,protoss_5_vs_5,100,0.05000000074505806
1842000,920,2026-06-08T07:55:43.579047,5.376821994781494,1.335375428199768,2.619346857070923,7.483668327331543,qmix,smacv2,protoss_5_vs_5,100,0.0
1844000,921,2026-06-08T07:58:22.475170,6.123053073883057,2.157626152038574,2.9221105575561523,11.055275917053223,qmix,smacv2,protoss_5_vs_5,100,0.0
1846000,922,2026-06-08T08:01:01.788912,5.572110176086426,1.3161263465881348,3.339195966720581,8.38191032409668,qmix,smacv2,protoss_5_vs_5,100,0.0
1848000,923,2026-06-08T08:03:41.678464,5.59051513671875,1.4293116331100464,3.413316249847412,8.412059783935547,qmix,smacv2,protoss_5_vs_5,100,0.0
1850000,924,2026-06-08T08:06:22.894552,6.102386474609375,1.9828368425369263,3.7311553955078125,10.439699172973633,qmix,smacv2,protoss_5_vs_5,100,0.0
1852000,925,2026-06-08T08:09:05.125632,7.106093406677246,2.088141679763794,3.3643219470977783,10.66331672668457,qmix,smacv2,protoss_5_vs_5,100,0.05000000074505806
1854000,926,2026-06-08T08:11:44.587456,4.915263652801514,1.0144257545471191,3.337939739227295,6.532662868499756,qmix,smacv2,protoss_5_vs_5,100,0.0
1856000,927,2026-06-08T08:14:25.671681,6.246230602264404,1.6556639671325684,4.140703201293945,10.150753021240234,qmix,smacv2,protoss_5_vs_5,100,0.05000000074505806
1858000,928,2026-06-08T08:17:05.403221,6.14955997467041,2.306767463684082,2.4057788848876953,11.201005935668945,qmix,smacv2,protoss_5_vs_5,100,0.05000000074505806
1860000,929,2026-06-08T08:19:43.590457,5.846356391906738,1.4685174226760864,4.0,9.115577697753906,qmix,smacv2,protoss_5_vs_5,100,0.0
1862000,930,2026-06-08T08:22:21.592635,5.447173118591309,1.92741858959198,2.5025124549865723,9.768844604492188,qmix,smacv2,protoss_5_vs_5,100,0.0
1864000,931,2026-06-08T08:24:59.661347,4.854397296905518,1.6467770338058472,2.1407034397125244,9.066582679748535,qmix,smacv2,protoss_5_vs_5,100,0.0
1866000,932,2026-06-08T08:27:38.827049,5.175000190734863,1.9524935483932495,1.9321609735488892,11.538945198059082,qmix,smacv2,protoss_5_vs_5,100,0.0
1868000,933,2026-06-08T08:30:18.980370,5.567776679992676,1.7678865194320679,3.306532621383667,10.522612571716309,qmix,smacv2,protoss_5_vs_5,100,0.0
1870000,934,2026-06-08T08:33:00.624240,5.333102703094482,1.5790833234786987,2.0628139972686768,8.283920288085938,qmix,smacv2,protoss_5_vs_5,100,0.0
1872000,935,2026-06-08T08:35:39.312799,5.511431694030762,2.3897809982299805,2.5929646492004395,12.361808776855469,qmix,smacv2,protoss_5_vs_5,100,0.05000000074505806
1874000,936,2026-06-08T08:38:25.866558,6.183919906616211,1.9324671030044556,1.7085425853729248,10.552762985229492,qmix,smacv2,protoss_5_vs_5,100,0.05000000074505806
1876000,937,2026-06-08T08:41:05.210885,6.195666313171387,2.8091189861297607,2.773869037628174,14.190954208374023,qmix,smacv2,protoss_5_vs_5,100,0.05000000074505806
1878000,938,2026-06-08T08:43:39.796954,5.197864532470703,1.6159133911132812,2.7638192176818848,8.48492431640625,qmix,smacv2,protoss_5_vs_5,100,0.0
1880000,939,2026-06-08T08:46:17.644821,5.6425251960754395,2.5650880336761475,2.7625627517700195,14.282663345336914,qmix,smacv2,protoss_5_vs_5,100,0.05000000074505806
1882000,940,2026-06-08T08:48:54.611795,4.748052597045898,1.3832396268844604,2.630653142929077,7.559045314788818,qmix,smacv2,protoss_5_vs_5,100,0.0
1884000,941,2026-06-08T08:51:34.284308,5.634108543395996,2.486661911010742,2.42587947845459,11.664572715759277,qmix,smacv2,protoss_5_vs_5,100,0.0
1886000,942,2026-06-08T08:54:15.590802,5.703015327453613,2.103400945663452,2.2223618030548096,12.160804748535156,qmix,smacv2,protoss_5_vs_5,100,0.05000000074505806
1888000,943,2026-06-08T08:56:55.985128,5.536243438720703,1.4600082635879517,3.40452241897583,10.017587661743164,qmix,smacv2,protoss_5_vs_5,100,0.0
1890000,944,2026-06-08T08:59:36.501505,5.585615158081055,1.9770233631134033,2.7223615646362305,10.201004981994629,qmix,smacv2,protoss_5_vs_5,100,0.05000000074505806
1892000,945,2026-06-08T09:02:15.957314,5.02286434173584,1.1028701066970825,2.8090450763702393,7.095477104187012,qmix,smacv2,protoss_5_vs_5,100,0.0
1894000,946,2026-06-08T09:04:57.595039,5.646356582641602,1.7490302324295044,2.8103013038635254,9.55904483795166,qmix,smacv2,protoss_5_vs_5,100,0.0
1896000,947,2026-06-08T09:07:37.193128,5.222424507141113,1.9601505994796753,2.5113065242767334,8.76256275177002,qmix,smacv2,protoss_5_vs_5,100,0.0
1898000,948,2026-06-08T09:10:14.715964,5.396984577178955,1.4010528326034546,2.8341708183288574,8.040201187133789,qmix,smacv2,protoss_5_vs_5,100,0.0
1900000,949,2026-06-08T09:12:53.818982,5.314635276794434,1.5209680795669556,2.8429648876190186,9.069095611572266,qmix,smacv2,protoss_5_vs_5,100,0.0
1902000,950,2026-06-08T09:15:33.073538,5.706846714019775,1.825852870941162,2.8919599056243896,8.924623489379883,qmix,smacv2,protoss_5_vs_5,100,0.0
1904000,951,2026-06-08T09:18:11.928017,5.670854568481445,1.539580225944519,3.2160801887512207,9.939698219299316,qmix,smacv2,protoss_5_vs_5,100,0.0
1906000,952,2026-06-08T09:20:50.115040,5.860113143920898,2.028252601623535,3.276381731033325,12.16080379486084,qmix,smacv2,protoss_5_vs_5,100,0.05000000074505806
1908000,953,2026-06-08T09:23:30.924595,6.510741233825684,2.442936420440674,2.8040201663970947,14.170854568481445,qmix,smacv2,protoss_5_vs_5,100,0.05000000074505806
1910000,954,2026-06-08T09:26:10.505690,5.222989559173584,1.364535927772522,2.900753974914551,7.885678768157959,qmix,smacv2,protoss_5_vs_5,100,0.0
1912000,955,2026-06-08T09:28:52.023411,6.021670818328857,2.0445189476013184,3.145728588104248,9.547739028930664,qmix,smacv2,protoss_5_vs_5,100,0.0
1914000,956,2026-06-08T09:31:33.243035,5.55389404296875,2.103585720062256,2.2688441276550293,10.293970108032227,qmix,smacv2,protoss_5_vs_5,100,0.0
1916000,957,2026-06-08T09:34:13.295373,4.976633071899414,1.3870699405670166,2.582914352416992,8.194724082946777,qmix,smacv2,protoss_5_vs_5,100,0.0
1918000,958,2026-06-08T09:36:53.168984,4.992776393890381,1.3479206562042236,2.967336654663086,8.172111511230469,qmix,smacv2,protoss_5_vs_5,100,0.0
1920000,959,2026-06-08T09:39:57.456618,5.681721210479736,2.261779308319092,2.0917084217071533,11.89824104309082,qmix,smacv2,protoss_5_vs_5,100,0.0
1922000,960,2026-06-08T09:42:34.714366,5.650879383087158,1.5814571380615234,2.86432147026062,8.592964172363281,qmix,smacv2,protoss_5_vs_5,100,0.0
1924000,961,2026-06-08T09:45:03.768708,5.004082679748535,1.3246817588806152,3.0213565826416016,7.242462158203125,qmix,smacv2,protoss_5_vs_5,100,0.0
1926000,962,2026-06-08T09:47:44.677214,6.063881874084473,2.415797472000122,2.5929648876190186,14.070352554321289,qmix,smacv2,protoss_5_vs_5,100,0.05000000074505806
1928000,963,2026-06-08T09:50:24.987944,5.197361946105957,1.487666130065918,2.492462396621704,9.115577697753906,qmix,smacv2,protoss_5_vs_5,100,0.0
1930000,964,2026-06-08T09:53:06.182846,5.974246025085449,2.505594491958618,2.775125503540039,12.462310791015625,qmix,smacv2,protoss_5_vs_5,100,0.05000000074505806
1932000,965,2026-06-08T09:55:46.564420,4.723806858062744,1.796824336051941,3.170854091644287,10.5,qmix,smacv2,protoss_5_vs_5,100,0.0
1934000,966,2026-06-08T09:58:28.398661,5.308919906616211,1.6426377296447754,2.9233670234680176,10.251256942749023,qmix,smacv2,protoss_5_vs_5,100,0.05000000074505806
1936000,967,2026-06-08T10:01:10.214837,5.550063133239746,2.4515392780303955,2.670854330062866,14.170854568481445,qmix,smacv2,protoss_5_vs_5,100,0.05000000074505806
1938000,968,2026-06-08T10:03:53.201684,5.8139448165893555,2.116748332977295,2.0527637004852295,10.120603561401367,qmix,smacv2,protoss_5_vs_5,100,0.0
1940000,969,2026-06-08T10:06:37.560921,6.176695346832275,2.0499815940856934,2.797738552093506,11.890702247619629,qmix,smacv2,protoss_5_vs_5,100,0.0
1942000,970,2026-06-08T10:09:25.192460,5.578392028808594,1.399407148361206,3.0452258586883545,9.545226097106934,qmix,smacv2,protoss_5_vs_5,100,0.0
1944000,971,2026-06-08T10:12:11.093138,5.625879287719727,2.0269179344177246,2.1658291816711426,10.325376510620117,qmix,smacv2,protoss_5_vs_5,100,0.05000000074505806
1946000,972,2026-06-08T10:14:57.807110,5.164824485778809,1.4033559560775757,2.515075206756592,8.542713165283203,qmix,smacv2,protoss_5_vs_5,100,0.0
1948000,973,2026-06-08T10:17:42.748046,6.238442897796631,2.193537712097168,3.121859312057495,12.261306762695312,qmix,smacv2,protoss_5_vs_5,100,0.05000000074505806
1950000,974,2026-06-08T10:20:31.404175,5.495917320251465,1.8084315061569214,3.257537364959717,9.959798812866211,qmix,smacv2,protoss_5_vs_5,100,0.0
1952000,975,2026-06-08T10:23:20.875001,5.420477390289307,2.2287986278533936,2.0866832733154297,12.361808776855469,qmix,smacv2,protoss_5_vs_5,100,0.05000000074505806
1954000,976,2026-06-08T10:26:09.048358,4.9941582679748535,1.881138563156128,2.2613065242767334,10.179648399353027,qmix,smacv2,protoss_5_vs_5,100,0.0
1956000,977,2026-06-08T10:28:58.262008,5.717022895812988,1.9885610342025757,2.445979595184326,10.526381492614746,qmix,smacv2,protoss_5_vs_5,100,0.0
1958000,978,2026-06-08T10:31:47.036162,5.495916843414307,1.9949342012405396,2.2286431789398193,9.800251007080078,qmix,smacv2,protoss_5_vs_5,100,0.0
1960000,979,2026-06-08T10:34:38.788211,5.927952289581299,1.9911051988601685,2.67587947845459,11.522613525390625,qmix,smacv2,protoss_5_vs_5,100,0.0
1962000,980,2026-06-08T10:37:27.538768,5.9228010177612305,2.834954261779785,2.4321606159210205,12.535176277160645,qmix,smacv2,protoss_5_vs_5,100,0.05000000074505806
1964000,981,2026-06-08T10:40:15.211678,5.976319313049316,2.1623880863189697,2.4723618030548096,10.532663345336914,qmix,smacv2,protoss_5_vs_5,100,0.0
1966000,982,2026-06-08T10:43:05.086596,5.9124369621276855,2.3394277095794678,2.4221107959747314,11.0841703414917,qmix,smacv2,protoss_5_vs_5,100,0.0
1968000,983,2026-06-08T10:45:54.415000,5.524057865142822,1.8808679580688477,3.2160804271698,10.552763938903809,qmix,smacv2,protoss_5_vs_5,100,0.05000000074505806
1970000,984,2026-06-08T10:48:46.548647,5.65948486328125,1.5580449104309082,2.297738790512085,9.517587661743164,qmix,smacv2,protoss_5_vs_5,100,0.0
1972000,985,2026-06-08T10:51:37.378130,6.045100212097168,1.9580628871917725,3.566582441329956,12.060301780700684,qmix,smacv2,protoss_5_vs_5,100,0.05000000074505806
1974000,986,2026-06-08T10:54:31.112420,6.283857345581055,2.409224510192871,2.0201003551483154,10.452260971069336,qmix,smacv2,protoss_5_vs_5,100,0.05000000074505806
1976000,987,2026-06-08T10:57:22.217533,6.233982086181641,1.971620798110962,2.7839195728302,9.88191032409668,qmix,smacv2,protoss_5_vs_5,100,0.0
1978000,988,2026-06-08T11:00:13.288149,6.199183464050293,1.646790862083435,3.4070351123809814,10.177135467529297,qmix,smacv2,protoss_5_vs_5,100,0.0
1980000,989,2026-06-08T11:03:06.762772,5.401193618774414,1.423466682434082,2.6331658363342285,7.595477104187012,qmix,smacv2,protoss_5_vs_5,100,0.0
1982000,990,2026-06-08T11:05:58.515686,6.2511305809021,1.9835036993026733,2.3015074729919434,12.361807823181152,qmix,smacv2,protoss_5_vs_5,100,0.05000000074505806
1984000,991,2026-06-08T11:08:48.010496,5.46934700012207,1.4493297338485718,3.0427136421203613,8.02763843536377,qmix,smacv2,protoss_5_vs_5,100,0.0
1986000,992,2026-06-08T11:11:36.646161,5.596921443939209,1.7360970973968506,3.0854268074035645,10.50251293182373,qmix,smacv2,protoss_5_vs_5,100,0.0
1988000,993,2026-06-08T11:14:24.504124,6.235113143920898,2.302199363708496,2.934673309326172,12.261306762695312,qmix,smacv2,protoss_5_vs_5,100,0.10000000149011612
1990000,994,2026-06-08T11:17:10.355395,5.940766334533691,1.9129893779754639,2.3417084217071533,8.271356582641602,qmix,smacv2,protoss_5_vs_5,100,0.0
1992000,995,2026-06-08T11:19:52.270176,5.577198505401611,1.569978952407837,3.4007537364959717,8.977386474609375,qmix,smacv2,protoss_5_vs_5,100,0.0
1994000,996,2026-06-08T11:22:33.594730,5.417964458465576,1.4330772161483765,2.581658124923706,7.648240566253662,qmix,smacv2,protoss_5_vs_5,100,0.0
1996000,997,2026-06-08T11:25:15.956681,5.381344318389893,1.6659544706344604,2.773869514465332,9.297738075256348,qmix,smacv2,protoss_5_vs_5,100,0.0
1998000,998,2026-06-08T11:27:56.308850,5.443404197692871,1.6684788465499878,3.0791454315185547,10.162059783935547,qmix,smacv2,protoss_5_vs_5,100,0.0
2000000,999,2026-06-08T11:30:37.292411,6.070603370666504,2.0564053058624268,3.708542585372925,12.542713165283203,qmix,smacv2,protoss_5_vs_5,100,0.0
2002000,1000,2026-06-08T11:33:19.368939,5.495414733886719,1.9525083303451538,2.1243717670440674,10.361807823181152,qmix,smacv2,protoss_5_vs_5,100,0.0
2004000,1001,2026-06-08T11:36:01.810601,6.365326881408691,1.4406068325042725,3.873115062713623,9.346733093261719,qmix,smacv2,protoss_5_vs_5,100,0.0
2006000,1002,2026-06-08T11:38:47.712527,5.507035255432129,1.3644543886184692,3.548994779586792,8.422110557556152,qmix,smacv2,protoss_5_vs_5,100,0.0
2008000,1003,2026-06-08T11:41:36.720637,6.159673690795898,2.20717453956604,2.517587900161743,10.532663345336914,qmix,smacv2,protoss_5_vs_5,100,0.0
2010000,1004,2026-06-08T11:44:24.442236,5.923680782318115,1.6064447164535522,3.3278892040252686,8.412059783935547,qmix,smacv2,protoss_5_vs_5,100,0.0
2012000,1005,2026-06-08T11:47:11.782061,5.927889823913574,1.8597650527954102,2.7437186241149902,10.48492431640625,qmix,smacv2,protoss_5_vs_5,100,0.0
2014000,1006,2026-06-08T11:50:01.924116,5.908982753753662,2.7406065464019775,2.653266429901123,14.271357536315918,qmix,smacv2,protoss_5_vs_5,100,0.05000000074505806
2016000,1007,2026-06-08T11:52:50.960911,5.574937343597412,1.0948878526687622,3.4472358226776123,7.878140449523926,qmix,smacv2,protoss_5_vs_5,100,0.0
2018000,1008,2026-06-08T11:55:41.432314,6.035552024841309,2.391890287399292,2.3190953731536865,10.452260971069336,qmix,smacv2,protoss_5_vs_5,100,0.05000000074505806
2020000,1009,2026-06-08T11:58:31.354523,6.357412815093994,2.938413381576538,3.208542585372925,16.24497413635254,qmix,smacv2,protoss_5_vs_5,100,0.05000000074505806
2022000,1010,2026-06-08T12:01:20.260876,5.18366813659668,1.630118489265442,2.412060260772705,9.286432266235352,qmix,smacv2,protoss_5_vs_5,100,0.0
2024000,1011,2026-06-08T12:04:07.224198,5.791708469390869,2.312063694000244,1.4711055755615234,11.29396915435791,qmix,smacv2,protoss_5_vs_5,100,0.0
2026000,1012,2026-06-08T12:06:49.405529,5.68234920501709,1.7922468185424805,3.1922109127044678,11.54773998260498,qmix,smacv2,protoss_5_vs_5,100,0.0
2028000,1013,2026-06-08T12:09:30.738621,5.447927474975586,1.677497386932373,2.5992462635040283,9.83919620513916,qmix,smacv2,protoss_5_vs_5,100,0.0
2030000,1014,2026-06-08T12:12:10.970838,6.400439262390137,2.2184340953826904,4.560301303863525,14.773869514465332,qmix,smacv2,protoss_5_vs_5,100,0.0
2032000,1015,2026-06-08T12:14:50.599127,5.363567352294922,1.7900134325027466,2.6834170818328857,9.788945198059082,qmix,smacv2,protoss_5_vs_5,100,0.0
2034000,1016,2026-06-08T12:17:31.127895,5.844346523284912,1.8016867637634277,2.532663345336914,9.316582679748535,qmix,smacv2,protoss_5_vs_5,100,0.0
2036000,1017,2026-06-08T12:20:10.475785,5.884736061096191,2.3456544876098633,2.8731155395507812,11.155778884887695,qmix,smacv2,protoss_5_vs_5,100,0.05000000074505806
2038000,1018,2026-06-08T12:22:52.381507,6.250753879547119,1.89559805393219,2.5527639389038086,10.331659317016602,qmix,smacv2,protoss_5_vs_5,100,0.0
2040000,1019,2026-06-08T12:25:33.817213,5.053956508636475,1.4144335985183716,3.0552761554718018,8.773868560791016,qmix,smacv2,protoss_5_vs_5,100,0.0
2042000,1020,2026-06-08T12:28:16.649861,5.4876885414123535,1.898608684539795,2.91959810256958,9.452260971069336,qmix,smacv2,protoss_5_vs_5,100,0.0
2044000,1021,2026-06-08T12:31:00.913268,6.1341705322265625,3.0471603870391846,2.653266429901123,16.28140640258789,qmix,smacv2,protoss_5_vs_5,100,0.05000000074505806
2046000,1022,2026-06-08T12:33:46.423563,5.629710674285889,1.6223896741867065,3.386934757232666,10.050251007080078,qmix,smacv2,protoss_5_vs_5,100,0.0
2048000,1023,2026-06-08T12:36:30.707717,4.957160949707031,1.126617431640625,3.0050251483917236,6.834171295166016,qmix,smacv2,protoss_5_vs_5,100,0.0
2050000,1024,2026-06-08T12:39:14.985176,5.682600498199463,1.8493404388427734,2.40452241897583,9.658291816711426,qmix,smacv2,protoss_5_vs_5,100,0.0
2052000,1025,2026-06-08T12:41:59.390629,5.386871814727783,2.090970277786255,2.5929648876190186,10.653266906738281,qmix,smacv2,protoss_5_vs_5,100,0.0
2054000,1026,2026-06-08T12:44:46.864491,6.022801399230957,2.2699403762817383,2.991206169128418,12.374371528625488,qmix,smacv2,protoss_5_vs_5,100,0.0
2056000,1027,2026-06-08T12:47:35.155733,6.061620712280273,2.047713279724121,3.1959800720214844,10.603014945983887,qmix,smacv2,protoss_5_vs_5,100,0.0
2058000,1028,2026-06-08T12:50:20.584765,5.511369228363037,2.0323822498321533,3.3103015422821045,11.846734046936035,qmix,smacv2,protoss_5_vs_5,100,0.0
2060000,1029,2026-06-08T12:53:08.902577,4.991771697998047,1.448111891746521,2.1507537364959717,8.964824676513672,qmix,smacv2,protoss_5_vs_5,100,0.0
2062000,1030,2026-06-08T12:55:59.763467,5.623806476593018,2.1377289295196533,2.9145729541778564,10.751255989074707,qmix,smacv2,protoss_5_vs_5,100,0.0
2064000,1031,2026-06-08T12:58:46.941529,5.760867118835449,2.1462490558624268,2.7625625133514404,14.070352554321289,qmix,smacv2,protoss_5_vs_5,100,0.05000000074505806
2066000,1032,2026-06-08T13:01:31.459988,5.772613048553467,1.888650894165039,3.58040189743042,9.66080379486084,qmix,smacv2,protoss_5_vs_5,100,0.0
2068000,1033,2026-06-08T13:04:15.992586,5.640326499938965,1.7519819736480713,3.242462635040283,9.226130485534668,qmix,smacv2,protoss_5_vs_5,100,0.0
2070000,1034,2026-06-08T13:06:56.266419,4.900879383087158,1.1715450286865234,3.071607828140259,6.893216133117676,qmix,smacv2,protoss_5_vs_5,100,0.0
2072000,1035,2026-06-08T13:09:38.080706,5.9802141189575195,1.4771560430526733,3.2361807823181152,10.067838668823242,qmix,smacv2,protoss_5_vs_5,100,0.0
2074000,1036,2026-06-08T13:12:17.179433,5.516833782196045,1.9382160902023315,2.5025126934051514,9.616833686828613,qmix,smacv2,protoss_5_vs_5,100,0.0
2076000,1037,2026-06-08T13:14:55.356482,5.284233570098877,1.883051872253418,2.571608066558838,9.1356782913208,qmix,smacv2,protoss_5_vs_5,100,0.0
2078000,1038,2026-06-08T13:17:33.857105,5.373869895935059,2.1524531841278076,2.8731157779693604,10.763819694519043,qmix,smacv2,protoss_5_vs_5,100,0.05000000074505806
2080000,1039,2026-06-08T13:20:11.758878,6.110867500305176,2.099961757659912,2.394472360610962,10.473617553710938,qmix,smacv2,protoss_5_vs_5,100,0.0
2082000,1040,2026-06-08T13:22:49.970957,5.647047996520996,1.8929269313812256,3.1984925270080566,11.449748992919922,qmix,smacv2,protoss_5_vs_5,100,0.0
2084000,1041,2026-06-08T13:25:26.219183,5.138693809509277,1.6273789405822754,2.1658291816711426,10.050251007080078,qmix,smacv2,protoss_5_vs_5,100,0.0
2086000,1042,2026-06-08T13:28:07.100035,5.022236347198486,1.732226014137268,2.8027639389038086,9.236181259155273,qmix,smacv2,protoss_5_vs_5,100,0.0
2088000,1043,2026-06-08T13:30:46.015493,5.773115634918213,1.8156003952026367,2.9082913398742676,9.994975090026855,qmix,smacv2,protoss_5_vs_5,100,0.0
2090000,1044,2026-06-08T13:33:27.413802,5.4425883293151855,1.7280619144439697,3.025125503540039,9.095477104187012,qmix,smacv2,protoss_5_vs_5,100,0.0
2092000,1045,2026-06-08T13:36:08.402863,5.37631893157959,2.5407514572143555,2.418341875076294,11.73743724822998,qmix,smacv2,protoss_5_vs_5,100,0.05000000074505806
2094000,1046,2026-06-08T13:38:51.465629,5.468592643737793,1.6489603519439697,2.7361807823181152,8.405778884887695,qmix,smacv2,protoss_5_vs_5,100,0.0
2096000,1047,2026-06-08T13:41:32.988127,5.744472026824951,2.431191921234131,2.1407034397125244,14.170854568481445,qmix,smacv2,protoss_5_vs_5,100,0.05000000074505806
2098000,1048,2026-06-08T13:44:12.166513,5.030150413513184,1.087916612625122,2.258793830871582,7.4572858810424805,qmix,smacv2,protoss_5_vs_5,100,0.0
2100000,1049,2026-06-08T13:46:51.835957,6.098366737365723,1.6982815265655518,2.3103013038635254,8.934673309326172,qmix,smacv2,protoss_5_vs_5,100,0.0
2102000,1050,2026-06-08T13:49:30.399794,5.118969440460205,2.2740819454193115,2.1407036781311035,12.462310791015625,qmix,smacv2,protoss_5_vs_5,100,0.05000000074505806
2104000,1051,2026-06-08T13:52:07.668140,4.981720924377441,1.0261155366897583,3.072864294052124,7.688441276550293,qmix,smacv2,protoss_5_vs_5,100,0.0
2106000,1052,2026-06-08T13:54:45.228278,5.245540142059326,1.307490348815918,2.991206169128418,7.748742580413818,qmix,smacv2,protoss_5_vs_5,100,0.0
2108000,1053,2026-06-08T13:57:25.665642,5.197361946105957,2.1036806106567383,2.1884422302246094,9.978644371032715,qmix,smacv2,protoss_5_vs_5,100,0.0
2110000,1054,2026-06-08T14:00:05.112635,5.76394510269165,1.889825463294983,3.2613062858581543,11.8856782913208,qmix,smacv2,protoss_5_vs_5,100,0.0
2112000,1055,2026-06-08T14:02:45.178475,5.579207897186279,2.4412906169891357,2.944723606109619,12.170853614807129,qmix,smacv2,protoss_5_vs_5,100,0.05000000074505806
2114000,1056,2026-06-08T14:05:26.947964,5.758291721343994,1.6456140279769897,3.272613048553467,9.075376510620117,qmix,smacv2,protoss_5_vs_5,100,0.0
2116000,1057,2026-06-08T14:08:06.217604,5.7417707443237305,1.8569239377975464,3.056532382965088,9.765076637268066,qmix,smacv2,protoss_5_vs_5,100,0.0
2118000,1058,2026-06-08T14:10:47.022864,5.2086687088012695,1.681781530380249,2.281407117843628,8.781407356262207,qmix,smacv2,protoss_5_vs_5,100,0.0
2120000,1059,2026-06-08T14:13:30.014022,5.253769397735596,2.781879186630249,1.943467378616333,12.361808776855469,qmix,smacv2,protoss_5_vs_5,100,0.05000000074505806
2122000,1060,2026-06-08T14:16:14.360987,5.9339189529418945,2.6437575817108154,2.6909546852111816,12.361809730529785,qmix,smacv2,protoss_5_vs_5,100,0.10000000149011612
2124000,1061,2026-06-08T14:18:56.803745,6.835615634918213,2.8732104301452637,2.2713568210601807,14.371859550476074,qmix,smacv2,protoss_5_vs_5,100,0.15000000596046448
2126000,1062,2026-06-08T14:21:39.319136,5.799811363220215,2.7683448791503906,1.9572864770889282,12.600502014160156,qmix,smacv2,protoss_5_vs_5,100,0.10000000149011612
2128000,1063,2026-06-08T14:24:18.615039,5.874685764312744,2.2937815189361572,3.273869276046753,12.361810684204102,qmix,smacv2,protoss_5_vs_5,100,0.05000000074505806
2130000,1064,2026-06-08T14:26:55.863951,4.693718910217285,1.6462485790252686,2.0301506519317627,8.853014945983887,qmix,smacv2,protoss_5_vs_5,100,0.0
2132000,1065,2026-06-08T14:29:35.741505,5.337185859680176,2.3870959281921387,1.5979899168014526,10.010049819946289,qmix,smacv2,protoss_5_vs_5,100,0.0
2134000,1066,2026-06-08T14:32:12.343193,4.710866928100586,1.427284836769104,2.371859073638916,8.030150413513184,qmix,smacv2,protoss_5_vs_5,100,0.0
2136000,1067,2026-06-08T14:34:50.843633,5.905653476715088,2.3370747566223145,2.4246232509613037,12.361808776855469,qmix,smacv2,protoss_5_vs_5,100,0.05000000074505806
2138000,1068,2026-06-08T14:37:29.465164,4.6954145431518555,2.316761016845703,1.9296481609344482,12.130653381347656,qmix,smacv2,protoss_5_vs_5,100,0.0
2140000,1069,2026-06-08T14:40:09.704330,6.738065242767334,2.6201610565185547,3.618090867996216,14.371858596801758,qmix,smacv2,protoss_5_vs_5,100,0.05000000074505806
2142000,1070,2026-06-08T14:42:50.134224,5.418655872344971,1.8604100942611694,2.3668341636657715,9.216079711914062,qmix,smacv2,protoss_5_vs_5,100,0.0
2144000,1071,2026-06-08T14:45:31.914104,6.056721210479736,2.1292104721069336,3.2763819694519043,13.326632499694824,qmix,smacv2,protoss_5_vs_5,100,0.0
2146000,1072,2026-06-08T14:48:11.829470,4.923367023468018,2.2107949256896973,1.5716079473495483,9.1356782913208,qmix,smacv2,protoss_5_vs_5,100,0.0
2148000,1073,2026-06-08T14:50:52.125312,5.758354663848877,2.4975130558013916,2.742462158203125,14.271356582641602,qmix,smacv2,protoss_5_vs_5,100,0.05000000074505806
2150000,1074,2026-06-08T14:53:32.704455,5.623429775238037,2.4054880142211914,2.913316488265991,12.16080379486084,qmix,smacv2,protoss_5_vs_5,100,0.05000000074505806
2152000,1075,2026-06-08T14:56:10.008670,5.071356773376465,2.107973575592041,1.839195966720581,12.272613525390625,qmix,smacv2,protoss_5_vs_5,100,0.05000000074505806
2154000,1076,2026-06-08T14:58:48.026981,6.625062465667725,2.17156720161438,3.3768844604492188,11.55778980255127,qmix,smacv2,protoss_5_vs_5,100,0.0
2156000,1077,2026-06-08T15:01:27.199830,5.553769111633301,1.3563848733901978,3.368090867996216,7.988694190979004,qmix,smacv2,protoss_5_vs_5,100,0.0
2158000,1078,2026-06-08T15:04:04.356964,5.674496650695801,2.064563274383545,1.5452260971069336,10.040200233459473,qmix,smacv2,protoss_5_vs_5,100,0.0
2160000,1079,2026-06-08T15:06:41.850621,5.596734046936035,1.8928333520889282,3.16959810256958,10.904523849487305,qmix,smacv2,protoss_5_vs_5,100,0.0
2162000,1080,2026-06-08T15:09:22.028714,5.6860551834106445,1.9146089553833008,2.232412099838257,8.723617553710938,qmix,smacv2,protoss_5_vs_5,100,0.0
2164000,1081,2026-06-08T15:12:02.463016,5.661118507385254,1.6099536418914795,3.491206407546997,9.185929298400879,qmix,smacv2,protoss_5_vs_5,100,0.0
2166000,1082,2026-06-08T15:14:44.304730,5.894347190856934,2.743929624557495,1.9032665491104126,12.402009963989258,qmix,smacv2,protoss_5_vs_5,100,0.05000000074505806
2168000,1083,2026-06-08T15:17:23.349688,5.3364949226379395,1.9351322650909424,3.5113062858581543,12.16080379486084,qmix,smacv2,protoss_5_vs_5,100,0.05000000074505806
2170000,1084,2026-06-08T15:20:04.016362,5.465452671051025,1.62772536277771,2.211055278778076,9.115577697753906,qmix,smacv2,protoss_5_vs_5,100,0.0
2172000,1085,2026-06-08T15:22:42.320484,5.110489845275879,1.671301007270813,1.9396984577178955,8.673367500305176,qmix,smacv2,protoss_5_vs_5,100,0.0
2174000,1086,2026-06-08T15:25:19.931765,5.103518009185791,1.6441365480422974,2.5125627517700195,8.0,qmix,smacv2,protoss_5_vs_5,100,0.0
2176000,1087,2026-06-08T15:28:00.331424,6.319472312927246,2.517253875732422,2.724874496459961,12.361808776855469,qmix,smacv2,protoss_5_vs_5,100,0.10000000149011612
2178000,1088,2026-06-08T15:30:40.452257,5.634233474731445,1.8022609949111938,3.096733570098877,9.34170913696289,qmix,smacv2,protoss_5_vs_5,100,0.0
2180000,1089,2026-06-08T15:33:42.787795,4.762437343597412,1.6896864175796509,2.572864294052124,8.38191032409668,qmix,smacv2,protoss_5_vs_5,100,0.0
2182000,1090,2026-06-08T15:36:16.275168,5.305088043212891,1.3502496480941772,2.6834170818328857,8.100502967834473,qmix,smacv2,protoss_5_vs_5,100,0.0
2184000,1091,2026-06-08T15:38:48.097620,5.883605480194092,2.9258999824523926,2.1570351123809814,16.180904388427734,qmix,smacv2,protoss_5_vs_5,100,0.05000000074505806
2186000,1092,2026-06-08T15:41:26.192575,4.682034969329834,1.2969495058059692,2.3417086601257324,7.638191223144531,qmix,smacv2,protoss_5_vs_5,100,0.0
2188000,1093,2026-06-08T15:44:05.825873,5.1027631759643555,1.323693871498108,3.025125741958618,8.663315773010254,qmix,smacv2,protoss_5_vs_5,100,0.0
2190000,1094,2026-06-08T15:46:51.096716,5.526318550109863,2.643407106399536,2.169597864151001,12.462312698364258,qmix,smacv2,protoss_5_vs_5,100,0.05000000074505806
2192000,1095,2026-06-08T15:49:29.152406,5.705779075622559,1.899817943572998,2.943467378616333,9.917085647583008,qmix,smacv2,protoss_5_vs_5,100,0.0
2194000,1096,2026-06-08T15:52:12.438475,5.538882255554199,1.5471794605255127,3.1155779361724854,9.755025863647461,qmix,smacv2,protoss_5_vs_5,100,0.0
2196000,1097,2026-06-08T15:54:56.982542,5.971042156219482,1.6261311769485474,3.296482563018799,8.375628471374512,qmix,smacv2,protoss_5_vs_5,100,0.0
2198000,1098,2026-06-08T15:57:40.998522,5.075376987457275,1.7698880434036255,3.163316488265991,10.080402374267578,qmix,smacv2,protoss_5_vs_5,100,0.0
2200000,1099,2026-06-08T16:00:26.953370,5.059548377990723,1.6125789880752563,2.442211151123047,9.01507568359375,qmix,smacv2,protoss_5_vs_5,100,0.0
2202000,1100,2026-06-08T16:03:14.973164,5.731532573699951,1.492182970046997,3.4472362995147705,8.341708183288574,qmix,smacv2,protoss_5_vs_5,100,0.0
2204000,1101,2026-06-08T16:05:59.564411,5.092839241027832,1.4963828325271606,2.6834168434143066,7.83919620513916,qmix,smacv2,protoss_5_vs_5,100,0.0
2206000,1102,2026-06-08T16:08:42.063267,5.397236347198486,1.6663023233413696,2.3618087768554688,9.817838668823242,qmix,smacv2,protoss_5_vs_5,100,0.0
2208000,1103,2026-06-08T16:11:23.656967,5.4184675216674805,1.5326340198516846,2.6633167266845703,9.889447212219238,qmix,smacv2,protoss_5_vs_5,100,0.0
2210000,1104,2026-06-08T16:14:04.147090,5.626946926116943,1.865425705909729,3.258793592453003,9.992462158203125,qmix,smacv2,protoss_5_vs_5,100,0.0
2212000,1105,2026-06-08T16:16:43.131726,5.351255893707275,2.436796188354492,2.5125627517700195,12.060302734375,qmix,smacv2,protoss_5_vs_5,100,0.05000000074505806
2214000,1106,2026-06-08T16:19:21.550264,5.398932456970215,1.8919603824615479,2.0351758003234863,10.050251007080078,qmix,smacv2,protoss_5_vs_5,100,0.05000000074505806
2216000,1107,2026-06-08T16:22:01.547391,5.194346904754639,2.0102503299713135,1.5150752067565918,9.451005935668945,qmix,smacv2,protoss_5_vs_5,100,0.0
2218000,1108,2026-06-08T16:24:42.054850,4.635176181793213,1.6933200359344482,2.331658124923706,8.511306762695312,qmix,smacv2,protoss_5_vs_5,100,0.0
2220000,1109,2026-06-08T16:27:22.153932,6.346293926239014,2.5709195137023926,2.081658363342285,14.170854568481445,qmix,smacv2,protoss_5_vs_5,100,0.05000000074505806
2222000,1110,2026-06-08T16:30:00.021226,4.960803985595703,1.289044976234436,2.152009963989258,7.41708517074585,qmix,smacv2,protoss_5_vs_5,100,0.0
2224000,1111,2026-06-08T16:32:42.007940,5.130401611328125,1.46051824092865,2.298995018005371,8.361808776855469,qmix,smacv2,protoss_5_vs_5,100,0.0
2226000,1112,2026-06-08T16:35:24.481166,5.503015518188477,2.3630504608154297,2.652010202407837,11.427135467529297,qmix,smacv2,protoss_5_vs_5,100,0.0
2228000,1113,2026-06-08T16:38:07.041371,5.328078269958496,1.9648151397705078,2.2851758003234863,10.61934757232666,qmix,smacv2,protoss_5_vs_5,100,0.0
2230000,1114,2026-06-08T16:40:53.246248,4.017148017883301,1.3642674684524536,1.1356782913208008,6.162059783935547,qmix,smacv2,protoss_5_vs_5,100,0.0
2232000,1115,2026-06-08T16:43:37.645224,5.615828990936279,1.723512887954712,3.081658363342285,8.462311744689941,qmix,smacv2,protoss_5_vs_5,100,0.0
2234000,1116,2026-06-08T16:46:22.143402,4.909421920776367,1.205479383468628,3.0942211151123047,7.236180782318115,qmix,smacv2,protoss_5_vs_5,100,0.0
2236000,1117,2026-06-08T16:49:06.461846,5.076193332672119,1.35159432888031,3.065326690673828,7.413316249847412,qmix,smacv2,protoss_5_vs_5,100,0.0
2238000,1118,2026-06-08T16:51:51.720118,5.6798996925354,2.7970688343048096,2.751255989074707,12.261306762695312,qmix,smacv2,protoss_5_vs_5,100,0.05000000074505806
2240000,1119,2026-06-08T16:54:35.233000,5.66231107711792,1.7385135889053345,2.6570353507995605,8.731155395507812,qmix,smacv2,protoss_5_vs_5,100,0.0
2242000,1120,2026-06-08T16:57:15.559713,4.700942039489746,1.7158347368240356,2.6243717670440674,9.618090629577637,qmix,smacv2,protoss_5_vs_5,100,0.0
2244000,1121,2026-06-08T16:59:56.106952,5.712625503540039,1.3488259315490723,3.467336654663086,8.12060260772705,qmix,smacv2,protoss_5_vs_5,100,0.0
2246000,1122,2026-06-08T17:02:35.853719,5.172549724578857,1.7383840084075928,3.025125503540039,9.638190269470215,qmix,smacv2,protoss_5_vs_5,100,0.0
2248000,1123,2026-06-08T17:05:13.157404,5.3696608543396,1.4247865676879883,2.7462310791015625,8.432160377502441,qmix,smacv2,protoss_5_vs_5,100,0.0
2250000,1124,2026-06-08T17:07:48.934107,6.320477485656738,2.376162528991699,2.515075445175171,10.904521942138672,qmix,smacv2,protoss_5_vs_5,100,0.0
2252000,1125,2026-06-08T17:10:30.033368,6.029209136962891,1.5448423624038696,2.6243717670440674,9.48743724822998,qmix,smacv2,protoss_5_vs_5,100,0.0
2254000,1126,2026-06-08T17:13:06.127130,5.75860595703125,2.183161973953247,2.8002514839172363,12.479900360107422,qmix,smacv2,protoss_5_vs_5,100,0.05000000074505806
2256000,1127,2026-06-08T17:15:42.680490,5.700565338134766,1.912426471710205,3.1959798336029053,12.060302734375,qmix,smacv2,protoss_5_vs_5,100,0.05000000074505806
2258000,1128,2026-06-08T17:18:23.179795,5.789007663726807,2.0490550994873047,2.4384422302246094,9.155778884887695,qmix,smacv2,protoss_5_vs_5,100,0.0
2260000,1129,2026-06-08T17:21:03.481437,5.825565338134766,1.6526859998703003,2.796482563018799,11.125627517700195,qmix,smacv2,protoss_5_vs_5,100,0.0
2262000,1130,2026-06-08T17:23:45.084010,5.850063323974609,1.998772382736206,2.2399497032165527,11.482412338256836,qmix,smacv2,protoss_5_vs_5,100,0.0
2264000,1131,2026-06-08T17:26:27.077606,5.551255702972412,1.870073914527893,2.7952260971069336,10.84924602508545,qmix,smacv2,protoss_5_vs_5,100,0.0
2266000,1132,2026-06-08T17:29:08.032192,5.546670913696289,1.4891475439071655,3.396984815597534,8.934673309326172,qmix,smacv2,protoss_5_vs_5,100,0.0
2268000,1133,2026-06-08T17:31:46.222869,5.6998748779296875,2.596419095993042,3.160804033279419,14.070352554321289,qmix,smacv2,protoss_5_vs_5,100,0.05000000074505806
2270000,1134,2026-06-08T17:34:23.691719,4.8099870681762695,1.0601295232772827,2.782663345336914,6.3919596672058105,qmix,smacv2,protoss_5_vs_5,100,0.0
2272000,1135,2026-06-08T17:37:01.821621,5.4981160163879395,2.344914436340332,3.315326690673828,14.070352554321289,qmix,smacv2,protoss_5_vs_5,100,0.05000000074505806
2274000,1136,2026-06-08T17:39:41.954086,5.817085266113281,1.1214933395385742,3.2273871898651123,7.648240566253662,qmix,smacv2,protoss_5_vs_5,100,0.0
2276000,1137,2026-06-08T17:42:20.768306,5.137374401092529,1.38837730884552,2.773869514465332,7.532663822174072,qmix,smacv2,protoss_5_vs_5,100,0.0
2278000,1138,2026-06-08T17:45:02.129142,6.062375068664551,2.1661274433135986,3.1243717670440674,11.143216133117676,qmix,smacv2,protoss_5_vs_5,100,0.0
2280000,1139,2026-06-08T17:47:42.370555,5.459170818328857,1.5972089767456055,3.3178393840789795,10.28140640258789,qmix,smacv2,protoss_5_vs_5,100,0.0
2282000,1140,2026-06-08T17:50:22.200016,5.975125789642334,2.3666393756866455,3.1243717670440674,12.261305809020996,qmix,smacv2,protoss_5_vs_5,100,0.05000000074505806
2284000,1141,2026-06-08T17:53:01.127318,5.16677188873291,1.8297009468078613,3.0113067626953125,9.849246978759766,qmix,smacv2,protoss_5_vs_5,100,0.0
2286000,1142,2026-06-08T17:55:39.938996,6.190577983856201,1.936737060546875,3.6783924102783203,10.251256942749023,qmix,smacv2,protoss_5_vs_5,100,0.05000000074505806
2288000,1143,2026-06-08T17:58:20.747968,6.103203296661377,1.8250606060028076,3.59924578666687,10.585427284240723,qmix,smacv2,protoss_5_vs_5,100,0.0
2290000,1144,2026-06-08T18:00:59.446929,5.768969535827637,1.5850781202316284,3.6984925270080566,9.929647445678711,qmix,smacv2,protoss_5_vs_5,100,0.0
2292000,1145,2026-06-08T18:03:39.377998,5.053957939147949,1.8327715396881104,2.1494975090026855,10.15075397491455,qmix,smacv2,protoss_5_vs_5,100,0.05000000074505806
2294000,1146,2026-06-08T18:06:22.757269,5.451067924499512,1.5211679935455322,2.9472362995147705,8.361808776855469,qmix,smacv2,protoss_5_vs_5,100,0.0
2296000,1147,2026-06-08T18:08:58.750156,5.799623489379883,2.207200765609741,2.8203516006469727,12.261305809020996,qmix,smacv2,protoss_5_vs_5,100,0.05000000074505806
2298000,1148,2026-06-08T18:11:38.492049,5.919409275054932,2.2463278770446777,2.816582679748535,12.261306762695312,qmix,smacv2,protoss_5_vs_5,100,0.05000000074505806
2300000,1149,2026-06-08T18:14:17.146385,5.062248706817627,1.4659278392791748,2.7952263355255127,8.723617553710938,qmix,smacv2,protoss_5_vs_5,100,0.0
2302000,1150,2026-06-08T18:16:59.077949,5.594661235809326,2.5042293071746826,2.2324118614196777,13.046483993530273,qmix,smacv2,protoss_5_vs_5,100,0.0
2304000,1151,2026-06-08T18:19:40.733856,4.761934280395508,2.171417713165283,2.2613065242767334,12.070351600646973,qmix,smacv2,protoss_5_vs_5,100,0.05000000074505806
2306000,1152,2026-06-08T18:22:21.046872,5.76488733291626,2.559236764907837,2.8115577697753906,14.271357536315918,qmix,smacv2,protoss_5_vs_5,100,0.05000000074505806
2308000,1153,2026-06-08T18:24:59.129730,5.9084792137146,2.8112447261810303,2.77512526512146,16.208541870117188,qmix,smacv2,protoss_5_vs_5,100,0.05000000074505806
2310000,1154,2026-06-08T18:27:37.034807,4.518153190612793,1.1175963878631592,2.187185764312744,6.683416843414307,qmix,smacv2,protoss_5_vs_5,100,0.0
2312000,1155,2026-06-08T18:30:15.694697,6.356783866882324,3.2055466175079346,1.9497487545013428,16.080402374267578,qmix,smacv2,protoss_5_vs_5,100,0.10000000149011612
2314000,1156,2026-06-08T18:32:54.870525,4.825313568115234,1.6686493158340454,2.41959810256958,8.639447212219238,qmix,smacv2,protoss_5_vs_5,100,0.0
2316000,1157,2026-06-08T18:35:35.215758,5.357663631439209,2.327587604522705,2.1909546852111816,10.793970108032227,qmix,smacv2,protoss_5_vs_5,100,0.05000000074505806
2318000,1158,2026-06-08T18:38:14.096658,5.124057769775391,2.083932638168335,2.727386951446533,10.381909370422363,qmix,smacv2,protoss_5_vs_5,100,0.0
2320000,1159,2026-06-08T18:40:54.497662,5.816080570220947,2.630800485610962,2.7839198112487793,12.380653381347656,qmix,smacv2,protoss_5_vs_5,100,0.05000000074505806
2322000,1160,2026-06-08T18:43:35.600339,4.68423318862915,1.697043538093567,1.826633095741272,8.241206169128418,qmix,smacv2,protoss_5_vs_5,100,0.0
2324000,1161,2026-06-08T18:46:15.245354,4.893655776977539,1.4865896701812744,2.307788848876953,7.60427188873291,qmix,smacv2,protoss_5_vs_5,100,0.0
2326000,1162,2026-06-08T18:48:55.080439,6.2171478271484375,2.462794780731201,3.6482410430908203,14.170854568481445,qmix,smacv2,protoss_5_vs_5,100,0.05000000074505806
2328000,1163,2026-06-08T18:51:36.797489,5.0330400466918945,1.4124232530593872,2.7537689208984375,8.432161331176758,qmix,smacv2,protoss_5_vs_5,100,0.0
2330000,1164,2026-06-08T18:54:17.236171,5.995540142059326,2.5032262802124023,3.1394474506378174,14.170854568481445,qmix,smacv2,protoss_5_vs_5,100,0.05000000074505806
2332000,1165,2026-06-08T18:57:00.346917,4.842838764190674,1.6629682779312134,2.378140687942505,8.994974136352539,qmix,smacv2,protoss_5_vs_5,100,0.0
2334000,1166,2026-06-08T18:59:42.527015,5.445728778839111,1.3260178565979004,3.629396915435791,7.687185764312744,qmix,smacv2,protoss_5_vs_5,100,0.0
2336000,1167,2026-06-08T19:02:24.543068,6.320289134979248,2.668501853942871,3.829145908355713,14.271356582641602,qmix,smacv2,protoss_5_vs_5,100,0.10000000149011612
2338000,1168,2026-06-08T19:05:04.056158,6.378077983856201,1.9345219135284424,3.2638192176818848,10.091708183288574,qmix,smacv2,protoss_5_vs_5,100,0.0
2340000,1169,2026-06-08T19:07:42.474581,5.658605575561523,1.5573041439056396,2.9648241996765137,8.743718147277832,qmix,smacv2,protoss_5_vs_5,100,0.0
2342000,1170,2026-06-08T19:10:20.169298,5.591456890106201,2.0770719051361084,2.4798994064331055,10.522613525390625,qmix,smacv2,protoss_5_vs_5,100,0.0
2344000,1171,2026-06-08T19:12:57.912353,5.601193428039551,2.153679132461548,2.032663345336914,10.110552787780762,qmix,smacv2,protoss_5_vs_5,100,0.0
2346000,1172,2026-06-08T19:15:35.887548,4.462123394012451,1.614033579826355,1.8291457891464233,7.037689208984375,qmix,smacv2,protoss_5_vs_5,100,0.0
2348000,1173,2026-06-08T19:18:15.129934,5.509673118591309,2.2756385803222656,2.3919599056243896,10.060300827026367,qmix,smacv2,protoss_5_vs_5,100,0.0
2350000,1174,2026-06-08T19:20:54.316821,5.903580188751221,1.8260273933410645,1.7361810207366943,10.050251007080078,qmix,smacv2,protoss_5_vs_5,100,0.0
2352000,1175,2026-06-08T19:23:34.159398,4.862563133239746,1.3586316108703613,2.9321606159210205,7.836683750152588,qmix,smacv2,protoss_5_vs_5,100,0.0
2354000,1176,2026-06-08T19:26:13.845373,5.624749183654785,2.5190045833587646,3.0665829181671143,14.371858596801758,qmix,smacv2,protoss_5_vs_5,100,0.05000000074505806
2356000,1177,2026-06-08T19:28:55.213863,5.363819122314453,1.4876487255096436,1.7562814950942993,8.620603561401367,qmix,smacv2,protoss_5_vs_5,100,0.0
2358000,1178,2026-06-08T19:31:35.716140,5.477952003479004,1.852421760559082,2.394472599029541,10.363065719604492,qmix,smacv2,protoss_5_vs_5,100,0.0
2360000,1179,2026-06-08T19:34:16.718617,4.659986972808838,1.474577784538269,2.1809043884277344,8.996231079101562,qmix,smacv2,protoss_5_vs_5,100,0.0
2362000,1180,2026-06-08T19:36:54.630815,4.579020023345947,1.1815303564071655,1.8743717670440674,6.82412052154541,qmix,smacv2,protoss_5_vs_5,100,0.0
2364000,1181,2026-06-08T19:39:33.225312,5.178141117095947,1.1134922504425049,3.105527877807617,8.66331672668457,qmix,smacv2,protoss_5_vs_5,100,0.0
2366000,1182,2026-06-08T19:42:11.905155,5.655339241027832,2.5415148735046387,2.944723606109619,12.160804748535156,qmix,smacv2,protoss_5_vs_5,100,0.10000000149011612
2368000,1183,2026-06-08T19:44:50.424102,6.194032669067383,2.0672078132629395,3.13567852973938,9.35678482055664,qmix,smacv2,protoss_5_vs_5,100,0.0
2370000,1184,2026-06-08T19:47:32.480032,5.754208564758301,2.0099637508392334,3.321608066558838,12.391959190368652,qmix,smacv2,protoss_5_vs_5,100,0.05000000074505806
2372000,1185,2026-06-08T19:50:11.579630,4.9489946365356445,1.5986926555633545,2.211055278778076,8.788944244384766,qmix,smacv2,protoss_5_vs_5,100,0.0
2374000,1186,2026-06-08T19:52:50.398032,6.119723320007324,1.6772769689559937,3.4384427070617676,9.316583633422852,qmix,smacv2,protoss_5_vs_5,100,0.0
2376000,1187,2026-06-08T19:55:29.127073,5.006972312927246,1.6022312641143799,2.467336654663086,9.497488021850586,qmix,smacv2,protoss_5_vs_5,100,0.0
2378000,1188,2026-06-08T19:58:10.322989,5.863190650939941,2.993350028991699,2.363065242767334,14.070352554321289,qmix,smacv2,protoss_5_vs_5,100,0.10000000149011612
2380000,1189,2026-06-08T20:00:51.367667,5.756595611572266,1.9871647357940674,3.0452263355255127,10.050251960754395,qmix,smacv2,protoss_5_vs_5,100,0.05000000074505806
2382000,1190,2026-06-08T20:03:31.621218,5.3981781005859375,2.288717746734619,2.267587900161743,10.452260971069336,qmix,smacv2,protoss_5_vs_5,100,0.05000000074505806
2384000,1191,2026-06-08T20:06:09.277884,4.503580570220947,1.4655709266662598,1.9497487545013428,7.5276384353637695,qmix,smacv2,protoss_5_vs_5,100,0.0
2386000,1192,2026-06-08T20:08:49.211612,5.372425079345703,1.910846471786499,2.347990036010742,8.844222068786621,qmix,smacv2,protoss_5_vs_5,100,0.0
2388000,1193,2026-06-08T20:11:28.688783,4.443530082702637,1.4289826154708862,2.1494975090026855,7.310301303863525,qmix,smacv2,protoss_5_vs_5,100,0.0
2390000,1194,2026-06-08T20:14:09.747085,4.810678005218506,1.3962076902389526,1.70979905128479,7.095477104187012,qmix,smacv2,protoss_5_vs_5,100,0.0
2392000,1195,2026-06-08T20:16:50.520813,6.265138626098633,1.569292664527893,3.8266329765319824,10.79396915435791,qmix,smacv2,protoss_5_vs_5,100,0.0
2394000,1196,2026-06-08T20:19:30.303307,5.140703201293945,1.7455695867538452,2.3015074729919434,10.036432266235352,qmix,smacv2,protoss_5_vs_5,100,0.0
2396000,1197,2026-06-08T20:22:08.674365,5.286495208740234,1.2162278890609741,2.9158291816711426,7.233667850494385,qmix,smacv2,protoss_5_vs_5,100,0.0
2398000,1198,2026-06-08T20:24:47.029546,5.347048282623291,1.8205331563949585,2.773869276046753,10.603015899658203,qmix,smacv2,protoss_5_vs_5,100,0.0
2400000,1199,2026-06-08T20:27:28.798927,5.934736251831055,2.5561885833740234,2.282663345336914,14.51130485534668,qmix,smacv2,protoss_5_vs_5,100,0.05000000074505806
2402000,1200,2026-06-08T20:30:11.738780,5.241206169128418,1.956238865852356,2.844221353530884,10.344222068786621,qmix,smacv2,protoss_5_vs_5,100,0.0
2404000,1201,2026-06-08T20:32:51.097650,5.672486782073975,2.721054792404175,2.0037689208984375,14.271357536315918,qmix,smacv2,protoss_5_vs_5,100,0.05000000074505806
2406000,1202,2026-06-08T20:35:31.118578,5.106470108032227,1.5402673482894897,1.992462396621704,7.420854091644287,qmix,smacv2,protoss_5_vs_5,100,0.0
2408000,1203,2026-06-08T20:38:09.262784,5.192587852478027,2.6066737174987793,2.8994972705841064,12.391960144042969,qmix,smacv2,protoss_5_vs_5,100,0.10000000149011612
2410000,1204,2026-06-08T20:40:49.169972,5.292462348937988,1.8571275472640991,2.1796481609344482,8.977387428283691,qmix,smacv2,protoss_5_vs_5,100,0.0
2412000,1205,2026-06-08T20:43:26.202654,4.726193428039551,1.6324037313461304,1.726130723953247,7.437185764312744,qmix,smacv2,protoss_5_vs_5,100,0.0
2414000,1206,2026-06-08T20:46:04.162047,5.213128089904785,1.688790202140808,2.6231155395507812,8.918341636657715,qmix,smacv2,protoss_5_vs_5,100,0.0
2416000,1207,2026-06-08T20:48:41.939971,5.0114946365356445,2.172386646270752,2.7562813758850098,9.447236061096191,qmix,smacv2,protoss_5_vs_5,100,0.0
2418000,1208,2026-06-08T20:51:21.375327,5.5413312911987305,1.118749737739563,3.5866832733154297,7.2537689208984375,qmix,smacv2,protoss_5_vs_5,100,0.0
2420000,1209,2026-06-08T20:54:04.436652,5.971043109893799,2.4402103424072266,3.62060284614563,14.371858596801758,qmix,smacv2,protoss_5_vs_5,100,0.05000000074505806
2422000,1210,2026-06-08T20:56:46.278348,6.697863578796387,2.2037081718444824,3.702260971069336,10.291458129882812,qmix,smacv2,protoss_5_vs_5,100,0.0
2424000,1211,2026-06-08T20:59:26.483419,5.068278789520264,1.5180225372314453,2.630653142929077,7.961054801940918,qmix,smacv2,protoss_5_vs_5,100,0.0
2426000,1212,2026-06-08T21:02:07.278763,6.094284534454346,1.786832332611084,3.3366832733154297,10.150753021240234,qmix,smacv2,protoss_5_vs_5,100,0.05000000074505806
2428000,1213,2026-06-08T21:04:48.475799,5.2396979331970215,1.9691194295883179,2.8329145908355713,12.261306762695312,qmix,smacv2,protoss_5_vs_5,100,0.05000000074505806
2430000,1214,2026-06-08T21:07:29.350970,5.8917083740234375,1.8676562309265137,2.6645729541778564,10.040201187133789,qmix,smacv2,protoss_5_vs_5,100,0.0
2432000,1215,2026-06-08T21:10:11.431581,6.22066593170166,2.283121347427368,2.595477342605591,12.420853614807129,qmix,smacv2,protoss_5_vs_5,100,0.05000000074505806
2434000,1216,2026-06-08T21:12:51.210315,6.499874114990234,2.939206123352051,3.0025124549865723,14.070350646972656,qmix,smacv2,protoss_5_vs_5,100,0.10000000149011612
2436000,1217,2026-06-08T21:15:31.234513,4.866645336151123,1.536368489265442,2.8128139972686768,8.23492431640625,qmix,smacv2,protoss_5_vs_5,100,0.0
2438000,1218,2026-06-08T21:18:10.210127,5.858229160308838,1.92043137550354,3.4221107959747314,10.422109603881836,qmix,smacv2,protoss_5_vs_5,100,0.0
2440000,1219,2026-06-08T21:21:15.067195,4.601696014404297,1.2886309623718262,2.7236180305480957,6.7198486328125,qmix,smacv2,protoss_5_vs_5,100,0.0
2442000,1220,2026-06-08T21:23:52.860139,4.442085266113281,1.2309266328811646,2.660804033279419,6.994974613189697,qmix,smacv2,protoss_5_vs_5,100,0.0
2444000,1221,2026-06-08T21:26:26.408735,4.9026384353637695,1.5679644346237183,2.1809043884277344,8.033919334411621,qmix,smacv2,protoss_5_vs_5,100,0.0
2446000,1222,2026-06-08T21:29:02.423127,5.596545219421387,2.458293914794922,2.3605527877807617,12.462312698364258,qmix,smacv2,protoss_5_vs_5,100,0.05000000074505806
2448000,1223,2026-06-08T21:31:41.605464,5.344032287597656,2.095785140991211,2.5025126934051514,10.351758003234863,qmix,smacv2,protoss_5_vs_5,100,0.05000000074505806
2450000,1224,2026-06-08T21:34:21.043467,6.636871337890625,3.277186870574951,2.984924793243408,14.170855522155762,qmix,smacv2,protoss_5_vs_5,100,0.15000000596046448
2452000,1225,2026-06-08T21:37:01.343374,5.9542083740234375,1.6073129177093506,3.2198493480682373,8.592965126037598,qmix,smacv2,protoss_5_vs_5,100,0.0
2454000,1226,2026-06-08T21:39:41.287709,5.32757568359375,1.4516096115112305,2.6846730709075928,8.532663345336914,qmix,smacv2,protoss_5_vs_5,100,0.0
2456000,1227,2026-06-08T21:42:21.641326,4.898743629455566,1.53932785987854,2.4145727157592773,9.236180305480957,qmix,smacv2,protoss_5_vs_5,100,0.0
2458000,1228,2026-06-08T21:45:02.892526,5.047675609588623,1.6202991008758545,2.743718385696411,9.541457176208496,qmix,smacv2,protoss_5_vs_5,100,0.0
2460000,1229,2026-06-08T21:47:47.592245,5.294472694396973,2.412445068359375,2.072864055633545,12.464824676513672,qmix,smacv2,protoss_5_vs_5,100,0.05000000074505806
2462000,1230,2026-06-08T21:50:34.024696,5.529271125793457,1.9070829153060913,2.7713568210601807,10.463567733764648,qmix,smacv2,protoss_5_vs_5,100,0.0
2464000,1231,2026-06-08T21:53:18.799088,5.622612953186035,2.0352072715759277,2.306532621383667,10.452260971069336,qmix,smacv2,protoss_5_vs_5,100,0.05000000074505806
2466000,1232,2026-06-08T21:56:01.488236,5.726947784423828,2.078523635864258,1.6356785297393799,9.444723129272461,qmix,smacv2,protoss_5_vs_5,100,0.0
2468000,1233,2026-06-08T21:58:40.754753,5.816833972930908,1.4278990030288696,3.8994975090026855,10.452260971069336,qmix,smacv2,protoss_5_vs_5,100,0.05000000074505806
2470000,1234,2026-06-08T22:01:19.523431,5.5434675216674805,1.2036168575286865,3.2286434173583984,8.0,qmix,smacv2,protoss_5_vs_5,100,0.0
2472000,1235,2026-06-08T22:04:00.023813,5.027261257171631,1.489362359046936,2.0665829181671143,7.7851762771606445,qmix,smacv2,protoss_5_vs_5,100,0.0
2474000,1236,2026-06-08T22:06:36.019865,5.743216037750244,1.1968894004821777,3.91959810256958,7.939698219299316,qmix,smacv2,protoss_5_vs_5,100,0.0
2476000,1237,2026-06-08T22:09:13.328800,5.361871719360352,2.0114831924438477,2.0351758003234863,10.753769874572754,qmix,smacv2,protoss_5_vs_5,100,0.0
2478000,1238,2026-06-08T22:11:52.427618,5.757286548614502,2.394496202468872,2.864321708679199,12.361808776855469,qmix,smacv2,protoss_5_vs_5,100,0.05000000074505806
2480000,1239,2026-06-08T22:14:30.949792,4.288442134857178,1.236191987991333,2.1834170818328857,7.364321708679199,qmix,smacv2,protoss_5_vs_5,100,0.0
2482000,1240,2026-06-08T22:17:11.618605,4.999120712280273,1.6836580038070679,2.9660801887512207,8.581657409667969,qmix,smacv2,protoss_5_vs_5,100,0.0
2484000,1241,2026-06-08T22:19:52.825476,5.027449607849121,1.2053563594818115,2.467336654663086,8.130653381347656,qmix,smacv2,protoss_5_vs_5,100,0.0
2486000,1242,2026-06-08T22:22:35.626621,5.817211151123047,2.6607847213745117,2.3844220638275146,13.163317680358887,qmix,smacv2,protoss_5_vs_5,100,0.0
2488000,1243,2026-06-08T22:25:17.401591,5.083919525146484,1.7222543954849243,2.870603084564209,8.763819694519043,qmix,smacv2,protoss_5_vs_5,100,0.0
2490000,1244,2026-06-08T22:27:57.896355,5.995288848876953,2.698794364929199,2.2361810207366943,13.477388381958008,qmix,smacv2,protoss_5_vs_5,100,0.0
2492000,1245,2026-06-08T22:30:36.295324,5.4874372482299805,1.7771461009979248,2.5753767490386963,10.462312698364258,qmix,smacv2,protoss_5_vs_5,100,0.05000000074505806
2494000,1246,2026-06-08T22:33:16.948958,5.754333972930908,2.211796760559082,2.5025124549865723,10.994975090026855,qmix,smacv2,protoss_5_vs_5,100,0.05000000074505806
2496000,1247,2026-06-08T22:35:58.598583,6.577073097229004,2.3860602378845215,2.8907036781311035,12.287689208984375,qmix,smacv2,protoss_5_vs_5,100,0.05000000074505806
2498000,1248,2026-06-08T22:38:39.066197,6.089886665344238,2.8958520889282227,1.9409548044204712,14.241206169128418,qmix,smacv2,protoss_5_vs_5,100,0.10000000149011612
2500000,1249,2026-06-08T22:41:17.250523,5.549120903015137,2.0774102210998535,2.703517436981201,10.251255989074707,qmix,smacv2,protoss_5_vs_5,100,0.05000000074505806
2502000,1250,2026-06-08T22:43:55.641182,5.302763938903809,2.0278866291046143,2.515075206756592,12.16080379486084,qmix,smacv2,protoss_5_vs_5,100,0.05000000074505806
2504000,1251,2026-06-08T22:46:33.797182,6.00992488861084,1.8194291591644287,2.861809253692627,10.821606636047363,qmix,smacv2,protoss_5_vs_5,100,0.0
2506000,1252,2026-06-08T22:49:12.718379,6.271230697631836,1.5577605962753296,3.379396915435791,10.35175895690918,qmix,smacv2,protoss_5_vs_5,100,0.05000000074505806
2508000,1253,2026-06-08T22:51:56.007686,5.375,1.5937780141830444,3.1080400943756104,10.472362518310547,qmix,smacv2,protoss_5_vs_5,100,0.0
2510000,1254,2026-06-08T22:54:33.920236,5.128015041351318,1.508040189743042,3.0452260971069336,8.381909370422363,qmix,smacv2,protoss_5_vs_5,100,0.0
2512000,1255,2026-06-08T22:57:12.698954,5.900063514709473,2.959658145904541,1.2449748516082764,14.371859550476074,qmix,smacv2,protoss_5_vs_5,100,0.10000000149011612
2514000,1256,2026-06-08T22:59:53.501609,5.8681535720825195,1.444046139717102,3.296482563018799,8.381909370422363,qmix,smacv2,protoss_5_vs_5,100,0.0
2516000,1257,2026-06-08T23:02:33.086574,5.372864246368408,1.4401404857635498,2.5125627517700195,8.89824104309082,qmix,smacv2,protoss_5_vs_5,100,0.0
2518000,1258,2026-06-08T23:05:13.089080,5.169409275054932,1.6379010677337646,2.12060284614563,8.442211151123047,qmix,smacv2,protoss_5_vs_5,100,0.0
2520000,1259,2026-06-08T23:07:51.019985,5.5024495124816895,1.8108320236206055,2.412060260772705,10.713567733764648,qmix,smacv2,protoss_5_vs_5,100,0.0
2522000,1260,2026-06-08T23:10:33.490471,5.879711151123047,2.004812479019165,1.850502610206604,9.065326690673828,qmix,smacv2,protoss_5_vs_5,100,0.0
2524000,1261,2026-06-08T23:13:13.411854,6.717085361480713,2.682715654373169,2.6633167266845703,12.261305809020996,qmix,smacv2,protoss_5_vs_5,100,0.10000000149011612
2526000,1262,2026-06-08T23:15:53.944672,6.518656253814697,1.9392757415771484,3.6281402111053467,11.552763938903809,qmix,smacv2,protoss_5_vs_5,100,0.0
2528000,1263,2026-06-08T23:18:33.136938,5.873932361602783,2.028813362121582,2.3919599056243896,11.487436294555664,qmix,smacv2,protoss_5_vs_5,100,0.0
2530000,1264,2026-06-08T23:21:10.563383,5.182977676391602,1.7768619060516357,2.7839195728302,9.125629425048828,qmix,smacv2,protoss_5_vs_5,100,0.0
2532000,1265,2026-06-08T23:23:49.543721,5.83209753036499,2.541994333267212,2.7638189792633057,14.206029891967773,qmix,smacv2,protoss_5_vs_5,100,0.05000000074505806
2534000,1266,2026-06-08T23:26:30.702072,6.724057674407959,2.3271114826202393,2.7525124549865723,11.286433219909668,qmix,smacv2,protoss_5_vs_5,100,0.05000000074505806
2536000,1267,2026-06-08T23:29:09.025545,5.229711055755615,1.767404556274414,3.1557791233062744,9.929647445678711,qmix,smacv2,protoss_5_vs_5,100,0.0
2538000,1268,2026-06-08T23:31:47.916900,6.109233856201172,2.1748886108398438,3.209799289703369,12.393217086791992,qmix,smacv2,protoss_5_vs_5,100,0.05000000074505806
2540000,1269,2026-06-08T23:34:26.345330,5.149120807647705,1.2431436777114868,3.6984927654266357,8.307788848876953,qmix,smacv2,protoss_5_vs_5,100,0.0
2542000,1270,2026-06-08T23:37:06.417084,5.5794596672058105,2.7538509368896484,2.120603084564209,14.271356582641602,qmix,smacv2,protoss_5_vs_5,100,0.10000000149011612
2544000,1271,2026-06-08T23:39:46.603716,4.782663345336914,2.002472162246704,2.2525124549865723,10.785176277160645,qmix,smacv2,protoss_5_vs_5,100,0.0
2546000,1272,2026-06-08T23:42:27.792843,5.320602893829346,2.180074453353882,1.6482410430908203,10.944723129272461,qmix,smacv2,protoss_5_vs_5,100,0.0
2548000,1273,2026-06-08T23:45:07.519676,5.228392601013184,2.045862913131714,1.927135705947876,12.261306762695312,qmix,smacv2,protoss_5_vs_5,100,0.05000000074505806
2550000,1274,2026-06-08T23:47:46.690511,5.894472122192383,2.0488874912261963,3.0213568210601807,12.361808776855469,qmix,smacv2,protoss_5_vs_5,100,0.05000000074505806
2552000,1275,2026-06-08T23:50:25.166855,5.575565338134766,2.6154565811157227,2.030150890350342,14.281408309936523,qmix,smacv2,protoss_5_vs_5,100,0.05000000074505806
2554000,1276,2026-06-08T23:53:07.052384,5.777260780334473,2.7202863693237305,1.7047739028930664,12.361808776855469,qmix,smacv2,protoss_5_vs_5,100,0.10000000149011612
2556000,1277,2026-06-08T23:55:46.289474,5.45772647857666,1.7048133611679077,2.0703516006469727,9.165828704833984,qmix,smacv2,protoss_5_vs_5,100,0.0
2558000,1278,2026-06-08T23:58:26.684326,5.442965030670166,1.8947759866714478,3.0351758003234863,9.477387428283691,qmix,smacv2,protoss_5_vs_5,100,0.0
2560000,1279,2026-06-09T00:01:05.698221,4.81614351272583,2.0028417110443115,2.410804033279419,10.201004981994629,qmix,smacv2,protoss_5_vs_5,100,0.0
2562000,1280,2026-06-09T00:03:43.964549,5.142651081085205,1.782920241355896,1.6281406879425049,10.040201187133789,qmix,smacv2,protoss_5_vs_5,100,0.0
2564000,1281,2026-06-09T00:06:23.015473,5.962185859680176,1.7128629684448242,3.0351758003234863,8.422110557556152,qmix,smacv2,protoss_5_vs_5,100,0.0
2566000,1282,2026-06-09T00:09:02.163488,5.422487258911133,1.883736491203308,2.1407034397125244,9.933417320251465,qmix,smacv2,protoss_5_vs_5,100,0.0
2568000,1283,2026-06-09T00:11:42.244977,5.866518974304199,1.6120460033416748,3.2298996448516846,9.17839241027832,qmix,smacv2,protoss_5_vs_5,100,0.0
2570000,1284,2026-06-09T00:14:24.895887,6.906595706939697,2.29937481880188,4.085427284240723,11.310300827026367,qmix,smacv2,protoss_5_vs_5,100,0.0
2572000,1285,2026-06-09T00:17:03.871266,5.513504981994629,1.7190219163894653,3.015075445175171,10.251256942749023,qmix,smacv2,protoss_5_vs_5,100,0.05000000074505806
2574000,1286,2026-06-09T00:19:41.068545,5.349874496459961,2.202291250228882,2.282663345336914,12.211055755615234,qmix,smacv2,protoss_5_vs_5,100,0.05000000074505806
2576000,1287,2026-06-09T00:22:20.276343,5.28102970123291,1.6917247772216797,2.452261209487915,8.08919620513916,qmix,smacv2,protoss_5_vs_5,100,0.0
2578000,1288,2026-06-09T00:25:00.151610,5.203831672668457,2.2920639514923096,2.046482563018799,12.16080379486084,qmix,smacv2,protoss_5_vs_5,100,0.05000000074505806
2580000,1289,2026-06-09T00:27:40.073466,5.145099639892578,1.4757425785064697,3.0766332149505615,9.114320755004883,qmix,smacv2,protoss_5_vs_5,100,0.0
2582000,1290,2026-06-09T00:30:20.909392,5.616896629333496,1.5685932636260986,2.6105527877807617,9.54271411895752,qmix,smacv2,protoss_5_vs_5,100,0.0
2584000,1291,2026-06-09T00:33:00.189133,4.805967330932617,1.7612167596817017,2.275125503540039,8.734925270080566,qmix,smacv2,protoss_5_vs_5,100,0.0
2586000,1292,2026-06-09T00:35:41.640789,5.52110481262207,1.92556893825531,2.5615577697753906,9.492462158203125,qmix,smacv2,protoss_5_vs_5,100,0.0
2588000,1293,2026-06-09T00:38:20.854406,5.45257568359375,1.8941887617111206,3.185929775238037,9.369346618652344,qmix,smacv2,protoss_5_vs_5,100,0.0
2590000,1294,2026-06-09T00:41:01.031175,5.971607685089111,1.3717316389083862,3.595477342605591,9.353015899658203,qmix,smacv2,protoss_5_vs_5,100,0.0
2592000,1295,2026-06-09T00:43:39.564391,5.599120616912842,2.0830044746398926,3.1834170818328857,11.869346618652344,qmix,smacv2,protoss_5_vs_5,100,0.0
2594000,1296,2026-06-09T00:46:17.042333,5.607663631439209,1.9641157388687134,3.015075206756592,10.788944244384766,qmix,smacv2,protoss_5_vs_5,100,0.0
2596000,1297,2026-06-09T00:48:55.375120,5.709987163543701,1.7983980178833008,2.071608066558838,10.763818740844727,qmix,smacv2,protoss_5_vs_5,100,0.0
2598000,1298,2026-06-09T00:51:35.608206,5.6816582679748535,1.3371225595474243,3.4572863578796387,8.118090629577637,qmix,smacv2,protoss_5_vs_5,100,0.0
2600000,1299,2026-06-09T00:54:17.031512,5.164698600769043,1.50315260887146,2.105527639389038,7.4974870681762695,qmix,smacv2,protoss_5_vs_5,100,0.0
2602000,1300,2026-06-09T00:56:58.839258,4.6150126457214355,1.544520616531372,2.5439698696136475,8.030150413513184,qmix,smacv2,protoss_5_vs_5,100,0.0
2604000,1301,2026-06-09T00:59:43.364845,5.5794596672058105,1.7936289310455322,2.9057788848876953,9.344220161437988,qmix,smacv2,protoss_5_vs_5,100,0.0
2606000,1302,2026-06-09T01:02:21.920005,6.15816593170166,2.5895140171051025,2.5527637004852295,12.390704154968262,qmix,smacv2,protoss_5_vs_5,100,0.05000000074505806
2608000,1303,2026-06-09T01:05:00.641881,6.138191223144531,1.9360020160675049,3.435929775238037,12.01758861541748,qmix,smacv2,protoss_5_vs_5,100,0.0
2610000,1304,2026-06-09T01:07:39.998983,5.325314521789551,1.5666224956512451,2.1080403327941895,9.276382446289062,qmix,smacv2,protoss_5_vs_5,100,0.0
2612000,1305,2026-06-09T01:10:23.581539,5.5273871421813965,1.6684271097183228,2.566582679748535,10.144472122192383,qmix,smacv2,protoss_5_vs_5,100,0.0
2614000,1306,2026-06-09T01:13:00.776755,5.775376319885254,1.8682634830474854,2.9246232509613037,10.552762985229492,qmix,smacv2,protoss_5_vs_5,100,0.05000000074505806
2616000,1307,2026-06-09T01:15:37.646526,5.063504695892334,1.8172599077224731,2.178391933441162,10.653267860412598,qmix,smacv2,protoss_5_vs_5,100,0.0
2618000,1308,2026-06-09T01:18:16.456387,5.185427188873291,1.6020522117614746,2.5138189792633057,9.236181259155273,qmix,smacv2,protoss_5_vs_5,100,0.0
2620000,1309,2026-06-09T01:20:56.922849,5.171482563018799,1.3506357669830322,2.3743717670440674,7.451004981994629,qmix,smacv2,protoss_5_vs_5,100,0.0
2622000,1310,2026-06-09T01:23:35.266158,5.134673118591309,1.6243255138397217,2.5288944244384766,9.678391456604004,qmix,smacv2,protoss_5_vs_5,100,0.0
2624000,1311,2026-06-09T01:26:15.844412,5.500502586364746,1.6252341270446777,2.3605525493621826,8.741206169128418,qmix,smacv2,protoss_5_vs_5,100,0.0
2626000,1312,2026-06-09T01:28:54.628936,6.0252509117126465,2.636207103729248,2.6834170818328857,12.361808776855469,qmix,smacv2,protoss_5_vs_5,100,0.05000000074505806
2628000,1313,2026-06-09T01:31:33.584402,4.938881874084473,0.9860327243804932,2.9560303688049316,6.842964172363281,qmix,smacv2,protoss_5_vs_5,100,0.0
2630000,1314,2026-06-09T01:34:14.938790,5.62864351272583,1.487484097480774,2.241205930709839,8.292713165283203,qmix,smacv2,protoss_5_vs_5,100,0.0
2632000,1315,2026-06-09T01:36:55.339261,5.393153190612793,2.4283459186553955,2.1909549236297607,12.63316535949707,qmix,smacv2,protoss_5_vs_5,100,0.0
2634000,1316,2026-06-09T01:39:34.967324,5.604020118713379,2.4743709564208984,2.532663345336914,12.361808776855469,qmix,smacv2,protoss_5_vs_5,100,0.05000000074505806
2636000,1317,2026-06-09T01:42:15.920439,5.076381683349609,2.1404330730438232,2.8492465019226074,11.939699172973633,qmix,smacv2,protoss_5_vs_5,100,0.0
2638000,1318,2026-06-09T01:44:55.739284,5.7869977951049805,2.305497407913208,2.8668344020843506,12.160804748535156,qmix,smacv2,protoss_5_vs_5,100,0.05000000074505806
2640000,1319,2026-06-09T01:47:34.960039,5.858103275299072,1.5535187721252441,2.2927134037017822,9.487438201904297,qmix,smacv2,protoss_5_vs_5,100,0.0
2642000,1320,2026-06-09T01:50:13.229541,4.662248134613037,1.2663742303848267,2.613065242767334,7.815326690673828,qmix,smacv2,protoss_5_vs_5,100,0.0
2644000,1321,2026-06-09T01:52:51.877400,5.628957271575928,1.572164535522461,2.1469850540161133,8.492463111877441,qmix,smacv2,protoss_5_vs_5,100,0.0
2646000,1322,2026-06-09T01:55:31.493948,5.991583347320557,2.3409647941589355,3.2562813758850098,14.371859550476074,qmix,smacv2,protoss_5_vs_5,100,0.05000000074505806
2648000,1323,2026-06-09T01:58:12.839316,6.1145100593566895,2.8868095874786377,2.8442211151123047,16.180904388427734,qmix,smacv2,protoss_5_vs_5,100,0.05000000074505806
2650000,1324,2026-06-09T02:00:52.231403,4.574748992919922,1.5091707706451416,2.4560303688049316,7.638190269470215,qmix,smacv2,protoss_5_vs_5,100,0.0
2652000,1325,2026-06-09T02:03:32.564303,5.578579902648926,1.7487587928771973,3.6834170818328857,12.020099639892578,qmix,smacv2,protoss_5_vs_5,100,0.0
2654000,1326,2026-06-09T02:06:13.088307,5.3097991943359375,2.544428586959839,2.7462310791015625,14.371859550476074,qmix,smacv2,protoss_5_vs_5,100,0.05000000074505806
2656000,1327,2026-06-09T02:08:51.247241,5.1277008056640625,1.2683120965957642,2.797738552093506,7.899497032165527,qmix,smacv2,protoss_5_vs_5,100,0.0
2658000,1328,2026-06-09T02:11:29.108161,5.111620903015137,1.2814538478851318,3.026381731033325,7.638191223144531,qmix,smacv2,protoss_5_vs_5,100,0.0
2660000,1329,2026-06-09T02:14:08.650632,5.717210292816162,1.1174063682556152,3.1658291816711426,7.236180305480957,qmix,smacv2,protoss_5_vs_5,100,0.0
2662000,1330,2026-06-09T02:16:48.175256,5.4669599533081055,1.3055542707443237,2.8743720054626465,8.301506996154785,qmix,smacv2,protoss_5_vs_5,100,0.0
2664000,1331,2026-06-09T02:19:29.139638,5.165452003479004,2.077242612838745,2.572864532470703,9.798995018005371,qmix,smacv2,protoss_5_vs_5,100,0.0
2666000,1332,2026-06-09T02:22:10.121263,6.117964744567871,2.734590768814087,2.7135677337646484,14.621859550476074,qmix,smacv2,protoss_5_vs_5,100,0.05000000074505806
2668000,1333,2026-06-09T02:24:46.956290,4.994095325469971,1.5964165925979614,2.3844223022460938,7.638190269470215,qmix,smacv2,protoss_5_vs_5,100,0.0
2670000,1334,2026-06-09T02:27:25.626869,4.821608066558838,1.8826981782913208,2.120603084564209,8.924622535705566,qmix,smacv2,protoss_5_vs_5,100,0.0
2672000,1335,2026-06-09T02:30:07.949129,4.632851600646973,1.7294518947601318,2.291457414627075,9.35678482055664,qmix,smacv2,protoss_5_vs_5,100,0.0
2674000,1336,2026-06-09T02:32:48.647970,5.2721734046936035,2.06827449798584,2.468593120574951,12.160802841186523,qmix,smacv2,protoss_5_vs_5,100,0.05000000074505806
2676000,1337,2026-06-09T02:35:28.503927,4.924371719360352,1.6478571891784668,2.361809015274048,8.255024909973145,qmix,smacv2,protoss_5_vs_5,100,0.0
2678000,1338,2026-06-09T02:38:08.627485,5.003266334533691,1.8927146196365356,2.452261447906494,11.111810684204102,qmix,smacv2,protoss_5_vs_5,100,0.0
2680000,1339,2026-06-09T02:40:48.969423,4.761998176574707,1.7318671941757202,1.9937185049057007,8.741206169128418,qmix,smacv2,protoss_5_vs_5,100,0.0
2682000,1340,2026-06-09T02:43:26.864561,5.770163536071777,1.8825180530548096,2.5288944244384766,10.351758003234863,qmix,smacv2,protoss_5_vs_5,100,0.05000000074505806
2684000,1341,2026-06-09T02:46:05.877375,5.379647731781006,2.4540398120880127,2.0590450763702393,12.361808776855469,qmix,smacv2,protoss_5_vs_5,100,0.05000000074505806
2686000,1342,2026-06-09T02:48:46.274896,6.563253879547119,2.2259864807128906,3.6834170818328857,12.16080379486084,qmix,smacv2,protoss_5_vs_5,100,0.05000000074505806
2688000,1343,2026-06-09T02:51:26.512421,5.579145908355713,1.863316535949707,2.023869276046753,8.905779838562012,qmix,smacv2,protoss_5_vs_5,100,0.0
2690000,1344,2026-06-09T02:54:07.337205,6.027763843536377,2.0778660774230957,2.8907036781311035,10.010050773620605,qmix,smacv2,protoss_5_vs_5,100,0.0
2692000,1345,2026-06-09T02:56:46.042720,6.1511311531066895,1.412491798400879,3.507537841796875,9.36683464050293,qmix,smacv2,protoss_5_vs_5,100,0.0
2694000,1346,2026-06-09T02:59:24.605005,5.1533918380737305,2.429918050765991,2.904522657394409,14.271356582641602,qmix,smacv2,protoss_5_vs_5,100,0.05000000074505806
2696000,1347,2026-06-09T03:02:04.463526,4.152449607849121,1.5548337697982788,1.2060301303863525,6.678391933441162,qmix,smacv2,protoss_5_vs_5,100,0.0
2698000,1348,2026-06-09T03:04:43.628024,5.282034873962402,2.3397092819213867,2.7939696311950684,12.26130485534668,qmix,smacv2,protoss_5_vs_5,100,0.05000000074505806
2700000,1349,2026-06-09T03:07:47.334053,4.518969535827637,1.8051620721817017,2.159547805786133,8.804019927978516,qmix,smacv2,protoss_5_vs_5,100,0.0
2702000,1350,2026-06-09T03:10:21.446389,5.424560070037842,2.6214141845703125,2.611809015274048,13.028894424438477,qmix,smacv2,protoss_5_vs_5,100,0.0
2704000,1351,2026-06-09T03:12:52.351972,4.872110843658447,2.0045952796936035,1.910804033279419,9.276382446289062,qmix,smacv2,protoss_5_vs_5,100,0.0
2706000,1352,2026-06-09T03:15:27.749818,4.715263843536377,1.2718197107315063,2.443467378616333,7.312814235687256,qmix,smacv2,protoss_5_vs_5,100,0.0
2708000,1353,2026-06-09T03:18:07.712052,5.486306667327881,2.2205615043640137,2.5829145908355713,12.241205215454102,qmix,smacv2,protoss_5_vs_5,100,0.0
2710000,1354,2026-06-09T03:20:48.002849,6.479020118713379,2.1918747425079346,1.427135705947876,10.73241138458252,qmix,smacv2,protoss_5_vs_5,100,0.0
2712000,1355,2026-06-09T03:23:28.301650,5.032097816467285,1.814711332321167,2.0138189792633057,8.97236156463623,qmix,smacv2,protoss_5_vs_5,100,0.0
2714000,1356,2026-06-09T03:26:07.432757,4.843781471252441,1.7039074897766113,2.081658363342285,8.110552787780762,qmix,smacv2,protoss_5_vs_5,100,0.0
2716000,1357,2026-06-09T03:28:53.584659,6.094346523284912,2.887911558151245,2.41080379486084,11.778894424438477,qmix,smacv2,protoss_5_vs_5,100,0.0
2718000,1358,2026-06-09T03:31:43.493159,5.141268730163574,1.3890451192855835,2.7788944244384766,7.879396915435791,qmix,smacv2,protoss_5_vs_5,100,0.0
2720000,1359,2026-06-09T03:34:27.191942,5.451319694519043,1.6803455352783203,2.064070224761963,10.378140449523926,qmix,smacv2,protoss_5_vs_5,100,0.0
2722000,1360,2026-06-09T03:37:08.816906,5.358416557312012,1.8264018297195435,3.4484925270080566,10.658291816711426,qmix,smacv2,protoss_5_vs_5,100,0.0
2724000,1361,2026-06-09T03:39:49.358828,5.406344413757324,1.5719139575958252,2.9334170818328857,7.939698696136475,qmix,smacv2,protoss_5_vs_5,100,0.0
2726000,1362,2026-06-09T03:42:28.739913,5.108668327331543,1.5918244123458862,2.5125627517700195,9.146985054016113,qmix,smacv2,protoss_5_vs_5,100,0.0
2728000,1363,2026-06-09T03:45:05.751072,5.083794116973877,2.6488406658172607,1.9547736644744873,14.371859550476074,qmix,smacv2,protoss_5_vs_5,100,0.05000000074505806
2730000,1364,2026-06-09T03:47:42.935234,5.46664571762085,1.6312263011932373,2.886934518814087,10.251255989074707,qmix,smacv2,protoss_5_vs_5,100,0.05000000074505806
2732000,1365,2026-06-09T03:50:20.025408,5.3131914138793945,1.9846551418304443,3.3567841053009033,12.361808776855469,qmix,smacv2,protoss_5_vs_5,100,0.05000000074505806
2734000,1366,2026-06-09T03:52:59.722457,5.2537689208984375,2.025635242462158,2.516331672668457,10.300251007080078,qmix,smacv2,protoss_5_vs_5,100,0.05000000074505806
2736000,1367,2026-06-09T03:55:39.553611,5.05621862411499,1.4594635963439941,2.6582913398742676,8.187186241149902,qmix,smacv2,protoss_5_vs_5,100,0.0
2738000,1368,2026-06-09T03:58:21.195168,5.45276403427124,2.307910203933716,1.8994972705841064,11.587940216064453,qmix,smacv2,protoss_5_vs_5,100,0.0
2740000,1369,2026-06-09T04:01:01.091780,5.030213832855225,1.7955234050750732,2.7462310791015625,9.577889442443848,qmix,smacv2,protoss_5_vs_5,100,0.0
2742000,1370,2026-06-09T04:03:42.329569,5.652198791503906,1.9534399509429932,3.184673309326172,11.414573669433594,qmix,smacv2,protoss_5_vs_5,100,0.0
2744000,1371,2026-06-09T04:06:21.866367,5.273868560791016,1.1810604333877563,3.169597864151001,7.748742580413818,qmix,smacv2,protoss_5_vs_5,100,0.0
2746000,1372,2026-06-09T04:09:03.121249,5.704773902893066,2.2364866733551025,2.2625627517700195,13.157033920288086,qmix,smacv2,protoss_5_vs_5,100,0.0
2748000,1373,2026-06-09T04:11:46.203936,4.939509868621826,1.8061561584472656,1.5276381969451904,9.085427284240723,qmix,smacv2,protoss_5_vs_5,100,0.0
2750000,1374,2026-06-09T04:14:29.077543,6.267022609710693,2.999439239501953,2.5929646492004395,14.271357536315918,qmix,smacv2,protoss_5_vs_5,100,0.05000000074505806
2752000,1375,2026-06-09T04:17:07.255584,4.660489082336426,1.0260441303253174,2.953517436981201,6.410803318023682,qmix,smacv2,protoss_5_vs_5,100,0.0
2754000,1376,2026-06-09T04:19:45.770797,4.7874369621276855,1.3761136531829834,2.5464823246002197,8.0301513671875,qmix,smacv2,protoss_5_vs_5,100,0.0
2756000,1377,2026-06-09T04:22:24.355631,5.5143842697143555,2.2126967906951904,2.371859073638916,10.361808776855469,qmix,smacv2,protoss_5_vs_5,100,0.0
2758000,1378,2026-06-09T04:25:01.639295,6.061621189117432,2.520750045776367,3.2060303688049316,12.261305809020996,qmix,smacv2,protoss_5_vs_5,100,0.05000000074505806
2760000,1379,2026-06-09T04:27:39.153653,5.457411766052246,2.008608102798462,3.1268842220306396,12.361809730529785,qmix,smacv2,protoss_5_vs_5,100,0.05000000074505806
2762000,1380,2026-06-09T04:30:18.223781,5.932977676391602,2.15954852104187,2.6582913398742676,12.18090534210205,qmix,smacv2,protoss_5_vs_5,100,0.0
2764000,1381,2026-06-09T04:32:59.180576,5.2545857429504395,1.846510410308838,2.150753974914551,10.552763938903809,qmix,smacv2,protoss_5_vs_5,100,0.0
2766000,1382,2026-06-09T04:35:39.935673,4.939824104309082,1.7852656841278076,2.4384422302246094,9.51758861541748,qmix,smacv2,protoss_5_vs_5,100,0.0
2768000,1383,2026-06-09T04:38:18.214764,5.830087661743164,1.9334239959716797,2.1909546852111816,12.16331672668457,qmix,smacv2,protoss_5_vs_5,100,0.05000000074505806
2770000,1384,2026-06-09T04:40:57.809209,5.560552597045898,1.8115065097808838,2.708542823791504,8.683416366577148,qmix,smacv2,protoss_5_vs_5,100,0.0
2772000,1385,2026-06-09T04:43:40.019833,6.08938455581665,2.152862548828125,3.153266191482544,11.286432266235352,qmix,smacv2,protoss_5_vs_5,100,0.05000000074505806
2774000,1386,2026-06-09T04:46:20.667504,5.923743724822998,1.6889715194702148,3.402009963989258,10.389447212219238,qmix,smacv2,protoss_5_vs_5,100,0.0
2776000,1387,2026-06-09T04:48:57.674632,5.3548994064331055,1.5930382013320923,1.810301423072815,7.437186241149902,qmix,smacv2,protoss_5_vs_5,100,0.0
2778000,1388,2026-06-09T04:51:35.519891,5.839573383331299,1.6108728647232056,2.144472360610962,9.046483039855957,qmix,smacv2,protoss_5_vs_5,100,0.0
2780000,1389,2026-06-09T04:54:14.667078,5.755841255187988,2.420438528060913,2.336683511734009,12.361808776855469,qmix,smacv2,protoss_5_vs_5,100,0.10000000149011612
2782000,1390,2026-06-09T04:56:54.064769,5.490828514099121,1.6663068532943726,1.551507592201233,8.020101547241211,qmix,smacv2,protoss_5_vs_5,100,0.0
2784000,1391,2026-06-09T04:59:34.371106,5.396544933319092,1.7575713396072388,2.8580400943756104,9.1356782913208,qmix,smacv2,protoss_5_vs_5,100,0.0
2786000,1392,2026-06-09T05:02:13.690302,5.2719221115112305,2.3272030353546143,3.145728826522827,12.462311744689941,qmix,smacv2,protoss_5_vs_5,100,0.05000000074505806
2788000,1393,2026-06-09T05:04:53.936190,5.049560070037842,1.9624171257019043,2.2701005935668945,9.60175895690918,qmix,smacv2,protoss_5_vs_5,100,0.0
2790000,1394,2026-06-09T05:07:35.835288,4.552512168884277,1.6255817413330078,2.587939500808716,9.233668327331543,qmix,smacv2,protoss_5_vs_5,100,0.0
2792000,1395,2026-06-09T05:10:14.723110,6.200314044952393,2.4936554431915283,2.814070224761963,11.68844223022461,qmix,smacv2,protoss_5_vs_5,100,0.05000000074505806
2794000,1396,2026-06-09T05:12:54.495130,6.146419048309326,2.3219408988952637,2.831658124923706,14.170854568481445,qmix,smacv2,protoss_5_vs_5,100,0.05000000074505806
2796000,1397,2026-06-09T05:15:34.412489,4.598492622375488,1.6892731189727783,2.211055278778076,7.597989559173584,qmix,smacv2,protoss_5_vs_5,100,0.0
2798000,1398,2026-06-09T05:18:15.619076,5.793278694152832,1.8106471300125122,3.0766332149505615,11.396985054016113,qmix,smacv2,protoss_5_vs_5,100,0.0
2800000,1399,2026-06-09T05:20:54.841395,5.378140449523926,1.6727795600891113,2.7135679721832275,10.239949226379395,qmix,smacv2,protoss_5_vs_5,100,0.0
2802000,1400,2026-06-09T05:23:33.759967,4.453831672668457,1.5841007232666016,1.883165717124939,8.70351791381836,qmix,smacv2,protoss_5_vs_5,100,0.0
2804000,1401,2026-06-09T05:26:09.353544,5.3290205001831055,1.2714048624038696,3.7160804271698,8.139447212219238,qmix,smacv2,protoss_5_vs_5,100,0.0
2806000,1402,2026-06-09T05:28:46.552993,5.748303413391113,2.0351381301879883,2.8517587184906006,10.080402374267578,qmix,smacv2,protoss_5_vs_5,100,0.0
2808000,1403,2026-06-09T05:31:26.434426,5.708165645599365,1.3694844245910645,2.4070353507995605,8.994975090026855,qmix,smacv2,protoss_5_vs_5,100,0.0
2810000,1404,2026-06-09T05:34:06.077250,5.026068210601807,1.4210203886032104,2.91959810256958,7.909547328948975,qmix,smacv2,protoss_5_vs_5,100,0.0
2812000,1405,2026-06-09T05:36:45.992788,5.61488676071167,1.6860463619232178,2.5125627517700195,9.556532859802246,qmix,smacv2,protoss_5_vs_5,100,0.0
2814000,1406,2026-06-09T05:39:24.709009,5.067839622497559,1.4641506671905518,2.8165829181671143,8.527637481689453,qmix,smacv2,protoss_5_vs_5,100,0.0
2816000,1407,2026-06-09T05:42:04.149951,5.186369895935059,2.159067153930664,3.16959810256958,11.592964172363281,qmix,smacv2,protoss_5_vs_5,100,0.0
2818000,1408,2026-06-09T05:44:40.852642,5.386683464050293,1.9899706840515137,2.8680906295776367,8.904521942138672,qmix,smacv2,protoss_5_vs_5,100,0.0
2820000,1409,2026-06-09T05:47:21.905283,5.407914638519287,2.3071441650390625,2.604271173477173,12.67839241027832,qmix,smacv2,protoss_5_vs_5,100,0.0
2822000,1410,2026-06-09T05:50:03.802501,5.429648399353027,1.4854421615600586,2.855527639389038,8.44221019744873,qmix,smacv2,protoss_5_vs_5,100,0.0
2824000,1411,2026-06-09T05:52:46.094137,4.816959857940674,1.1233421564102173,3.095477342605591,7.919598579406738,qmix,smacv2,protoss_5_vs_5,100,0.0
2826000,1412,2026-06-09T05:55:26.888513,5.39459753036499,1.9436402320861816,2.7939698696136475,10.371859550476074,qmix,smacv2,protoss_5_vs_5,100,0.0
2828000,1413,2026-06-09T05:58:12.889292,5.596733570098877,2.3494176864624023,1.4070351123809814,12.361808776855469,qmix,smacv2,protoss_5_vs_5,100,0.05000000074505806
2830000,1414,2026-06-09T06:00:50.956155,5.706784248352051,1.9678168296813965,3.072864294052124,12.060301780700684,qmix,smacv2,protoss_5_vs_5,100,0.05000000074505806
2832000,1415,2026-06-09T06:03:28.340244,5.198492527008057,1.5231616497039795,2.775125503540039,8.704774856567383,qmix,smacv2,protoss_5_vs_5,100,0.0
2834000,1416,2026-06-09T06:06:06.366704,5.520288944244385,1.7873132228851318,2.2688441276550293,10.618090629577637,qmix,smacv2,protoss_5_vs_5,100,0.0
2836000,1417,2026-06-09T06:08:42.611304,4.882224082946777,1.476562738418579,2.1796481609344482,6.613065242767334,qmix,smacv2,protoss_5_vs_5,100,0.0
2838000,1418,2026-06-09T06:11:19.398816,6.185238838195801,2.512071371078491,3.4974875450134277,14.209798812866211,qmix,smacv2,protoss_5_vs_5,100,0.05000000074505806
2840000,1419,2026-06-09T06:13:56.976982,4.899623394012451,1.8870800733566284,2.653266191482544,10.251256942749023,qmix,smacv2,protoss_5_vs_5,100,0.05000000074505806
2842000,1420,2026-06-09T06:16:39.480927,5.092462062835693,2.283007860183716,2.555276393890381,12.170854568481445,qmix,smacv2,protoss_5_vs_5,100,0.05000000074505806
2844000,1421,2026-06-09T06:19:21.971565,6.1038312911987305,2.1510391235351562,3.5376884937286377,12.35175895690918,qmix,smacv2,protoss_5_vs_5,100,0.10000000149011612
2846000,1422,2026-06-09T06:22:04.216181,6.104208946228027,2.296619415283203,3.8592963218688965,14.27135944366455,qmix,smacv2,protoss_5_vs_5,100,0.05000000074505806
2848000,1423,2026-06-09T06:24:45.483779,5.023743629455566,1.7725614309310913,2.143216133117676,10.066583633422852,qmix,smacv2,protoss_5_vs_5,100,0.05000000074505806
2850000,1424,2026-06-09T06:27:27.499051,4.884799003601074,2.0257322788238525,2.0301506519317627,10.056532859802246,qmix,smacv2,protoss_5_vs_5,100,0.0
2852000,1425,2026-06-09T06:30:10.943436,6.132286548614502,2.697103977203369,3.2072863578796387,13.528894424438477,qmix,smacv2,protoss_5_vs_5,100,0.05000000074505806
2854000,1426,2026-06-09T06:32:50.272796,5.528894424438477,1.8069301843643188,2.2236180305480957,9.197236061096191,qmix,smacv2,protoss_5_vs_5,100,0.0
2856000,1427,2026-06-09T06:35:29.271390,5.5447235107421875,2.319411277770996,2.7135677337646484,11.934673309326172,qmix,smacv2,protoss_5_vs_5,100,0.0
2858000,1428,2026-06-09T06:38:05.562161,5.778266906738281,1.6058076620101929,3.159547805786133,10.15075397491455,qmix,smacv2,protoss_5_vs_5,100,0.05000000074505806
2860000,1429,2026-06-09T06:40:44.569712,6.287688732147217,2.3145699501037598,3.1344218254089355,11.621859550476074,qmix,smacv2,protoss_5_vs_5,100,0.0
2862000,1430,2026-06-09T06:43:22.767507,5.796482563018799,1.9646440744400024,2.6331658363342285,8.86683464050293,qmix,smacv2,protoss_5_vs_5,100,0.0
2864000,1431,2026-06-09T06:45:59.945173,5.841708183288574,1.4992482662200928,3.288944959640503,9.624371528625488,qmix,smacv2,protoss_5_vs_5,100,0.0
2866000,1432,2026-06-09T06:48:39.576504,5.357914447784424,1.339652180671692,3.195979595184326,8.8643217086792,qmix,smacv2,protoss_5_vs_5,100,0.0
2868000,1433,2026-06-09T06:51:16.885456,4.936934471130371,1.450071096420288,2.2537689208984375,7.830401420593262,qmix,smacv2,protoss_5_vs_5,100,0.0
2870000,1434,2026-06-09T06:53:54.425813,5.992462635040283,2.422706127166748,3.1168336868286133,14.371859550476074,qmix,smacv2,protoss_5_vs_5,100,0.05000000074505806
2872000,1435,2026-06-09T06:56:35.610849,6.168216228485107,2.2065482139587402,2.984924554824829,11.909547805786133,qmix,smacv2,protoss_5_vs_5,100,0.0
2874000,1436,2026-06-09T06:59:16.258724,5.134861946105957,1.3301416635513306,2.4221107959747314,7.758793830871582,qmix,smacv2,protoss_5_vs_5,100,0.0
2876000,1437,2026-06-09T07:01:58.109964,6.207600116729736,2.5638818740844727,3.080402135848999,14.2738676071167,qmix,smacv2,protoss_5_vs_5,100,0.05000000074505806
2878000,1438,2026-06-09T07:04:39.237809,5.58555269241333,1.5890778303146362,2.443467378616333,8.562813758850098,qmix,smacv2,protoss_5_vs_5,100,0.0
2880000,1439,2026-06-09T07:07:19.556687,5.506470203399658,2.1597118377685547,1.7236179113388062,12.261306762695312,qmix,smacv2,protoss_5_vs_5,100,0.05000000074505806
2882000,1440,2026-06-09T07:09:59.961533,4.682412147521973,1.5967034101486206,1.9912059307098389,9.557787895202637,qmix,smacv2,protoss_5_vs_5,100,0.0
2884000,1441,2026-06-09T07:12:41.149273,4.939259052276611,1.8243026733398438,2.331658363342285,9.976130485534668,qmix,smacv2,protoss_5_vs_5,100,0.0
2886000,1442,2026-06-09T07:15:22.728890,5.093278408050537,1.6441600322723389,2.2525126934051514,9.949748992919922,qmix,smacv2,protoss_5_vs_5,100,0.0
2888000,1443,2026-06-09T07:18:00.564093,5.402009963989258,2.173119068145752,3.143216133117676,12.261305809020996,qmix,smacv2,protoss_5_vs_5,100,0.05000000074505806
2890000,1444,2026-06-09T07:20:38.731473,6.026633262634277,2.219271421432495,3.017587661743164,12.462311744689941,qmix,smacv2,protoss_5_vs_5,100,0.05000000074505806
2892000,1445,2026-06-09T07:23:15.546644,5.643907070159912,1.2129465341567993,3.3567841053009033,8.733668327331543,qmix,smacv2,protoss_5_vs_5,100,0.0
2894000,1446,2026-06-09T07:25:54.343694,5.173178672790527,1.227025032043457,2.1896986961364746,6.861808776855469,qmix,smacv2,protoss_5_vs_5,100,0.0
2896000,1447,2026-06-09T07:28:36.798129,5.059548377990723,2.569136619567871,2.143216133117676,14.271356582641602,qmix,smacv2,protoss_5_vs_5,100,0.05000000074505806
2898000,1448,2026-06-09T07:31:16.185846,5.583542823791504,1.6429957151412964,2.443467378616333,9.896985054016113,qmix,smacv2,protoss_5_vs_5,100,0.0
2900000,1449,2026-06-09T07:33:54.097243,5.647801876068115,1.558809757232666,3.1319098472595215,8.430904388427734,qmix,smacv2,protoss_5_vs_5,100,0.0
2902000,1450,2026-06-09T07:36:34.266029,5.933228492736816,2.953310489654541,3.0025126934051514,16.339195251464844,qmix,smacv2,protoss_5_vs_5,100,0.05000000074505806
2904000,1451,2026-06-09T07:39:13.676683,5.599560260772705,1.7273426055908203,2.952261447906494,10.452260971069336,qmix,smacv2,protoss_5_vs_5,100,0.0
2906000,1452,2026-06-09T07:41:52.863256,5.03580379486084,2.2856333255767822,2.0603015422821045,11.91080379486084,qmix,smacv2,protoss_5_vs_5,100,0.0
2908000,1453,2026-06-09T07:44:32.568199,5.935112953186035,1.482663631439209,4.173367023468018,11.11808967590332,qmix,smacv2,protoss_5_vs_5,100,0.0
2910000,1454,2026-06-09T07:47:12.348091,5.211808204650879,1.3780467510223389,2.580402135848999,6.974874973297119,qmix,smacv2,protoss_5_vs_5,100,0.0
2912000,1455,2026-06-09T07:49:53.283503,6.42587947845459,1.7743464708328247,3.5201003551483154,9.829145431518555,qmix,smacv2,protoss_5_vs_5,100,0.0
2914000,1456,2026-06-09T07:52:35.371461,6.86752462387085,2.18276047706604,3.4070353507995605,12.060301780700684,qmix,smacv2,protoss_5_vs_5,100,0.05000000074505806
2916000,1457,2026-06-09T07:55:14.652772,4.610301494598389,1.6618685722351074,2.380653142929077,8.170854568481445,qmix,smacv2,protoss_5_vs_5,100,0.0
2918000,1458,2026-06-09T07:57:53.894046,5.293843746185303,1.570703148841858,2.6067841053009033,8.271357536315918,qmix,smacv2,protoss_5_vs_5,100,0.0
2920000,1459,2026-06-09T08:00:33.419097,5.388254165649414,1.5789356231689453,1.5389447212219238,8.83668327331543,qmix,smacv2,protoss_5_vs_5,100,0.0
2922000,1460,2026-06-09T08:03:10.382389,5.884799003601074,2.227205514907837,2.2374372482299805,12.110553741455078,qmix,smacv2,protoss_5_vs_5,100,0.05000000074505806
2924000,1461,2026-06-09T08:05:50.519848,5.329333782196045,1.3162896633148193,2.3015079498291016,7.724874973297119,qmix,smacv2,protoss_5_vs_5,100,0.0
2926000,1462,2026-06-09T08:08:31.327032,5.381846904754639,1.6942781209945679,2.613065242767334,10.395729064941406,qmix,smacv2,protoss_5_vs_5,100,0.0
2928000,1463,2026-06-09T08:11:13.360962,5.359924793243408,1.720492959022522,2.491206169128418,8.050251007080078,qmix,smacv2,protoss_5_vs_5,100,0.0
2930000,1464,2026-06-09T08:13:54.519388,4.694409370422363,1.41627037525177,2.822864294052124,8.572864532470703,qmix,smacv2,protoss_5_vs_5,100,0.0
2932000,1465,2026-06-09T08:16:34.233380,5.265263557434082,1.7660794258117676,2.7236180305480957,10.50251293182373,qmix,smacv2,protoss_5_vs_5,100,0.0
2934000,1466,2026-06-09T08:19:18.536431,5.780716419219971,2.0319206714630127,2.4786431789398193,12.361808776855469,qmix,smacv2,protoss_5_vs_5,100,0.05000000074505806
2936000,1467,2026-06-09T08:21:55.884236,5.79440975189209,1.599501132965088,3.3567841053009033,9.145729064941406,qmix,smacv2,protoss_5_vs_5,100,0.0
2938000,1468,2026-06-09T08:24:33.677577,6.145037651062012,1.9324146509170532,3.4572863578796387,12.462311744689941,qmix,smacv2,protoss_5_vs_5,100,0.05000000074505806
2940000,1469,2026-06-09T08:27:11.570590,6.239258766174316,2.7480921745300293,2.0376882553100586,11.83919620513916,qmix,smacv2,protoss_5_vs_5,100,0.0
2942000,1470,2026-06-09T08:29:50.559419,5.408919334411621,1.9986660480499268,2.7839195728302,12.080401420593262,qmix,smacv2,protoss_5_vs_5,100,0.05000000074505806
2944000,1471,2026-06-09T08:32:26.028023,4.943530082702637,1.270377278327942,3.0427136421203613,7.448492527008057,qmix,smacv2,protoss_5_vs_5,100,0.0
2946000,1472,2026-06-09T08:35:05.469922,5.51030158996582,2.167072057723999,2.266331672668457,9.748744010925293,qmix,smacv2,protoss_5_vs_5,100,0.0
2948000,1473,2026-06-09T08:37:45.822977,4.526381969451904,1.4753632545471191,2.733668327331543,8.261306762695312,qmix,smacv2,protoss_5_vs_5,100,0.0
2950000,1474,2026-06-09T08:40:24.873412,5.563128471374512,1.3466951847076416,3.145728349685669,8.743718147277832,qmix,smacv2,protoss_5_vs_5,100,0.0
2952000,1475,2026-06-09T08:43:06.550944,5.537123680114746,1.7824863195419312,1.7675879001617432,10.251256942749023,qmix,smacv2,protoss_5_vs_5,100,0.05000000074505806
2954000,1476,2026-06-09T08:45:48.869204,5.035992622375488,1.4458236694335938,3.4183413982391357,7.727387428283691,qmix,smacv2,protoss_5_vs_5,100,0.0
2956000,1477,2026-06-09T08:48:30.086755,5.931595325469971,2.141455888748169,2.854271411895752,10.100502967834473,qmix,smacv2,protoss_5_vs_5,100,0.0
2958000,1478,2026-06-09T08:51:11.093285,5.566394329071045,2.4647409915924072,2.4623115062713623,12.361808776855469,qmix,smacv2,protoss_5_vs_5,100,0.10000000149011612
2960000,1479,2026-06-09T08:54:16.763543,4.586621284484863,1.1574748754501343,2.403266429901123,6.380653381347656,qmix,smacv2,protoss_5_vs_5,100,0.0
2962000,1480,2026-06-09T08:56:52.016515,4.938504695892334,1.7557848691940308,2.251256227493286,7.949748992919922,qmix,smacv2,protoss_5_vs_5,100,0.0
2964000,1481,2026-06-09T08:59:23.820130,5.363065719604492,1.0241154432296753,3.618090867996216,7.266331672668457,qmix,smacv2,protoss_5_vs_5,100,0.0
2966000,1482,2026-06-09T09:01:58.003307,5.594786643981934,1.1178134679794312,4.295226097106934,8.321608543395996,qmix,smacv2,protoss_5_vs_5,100,0.0
2968000,1483,2026-06-09T09:04:36.554523,6.711934566497803,2.3662736415863037,3.0778894424438477,12.261307716369629,qmix,smacv2,protoss_5_vs_5,100,0.05000000074505806
2970000,1484,2026-06-09T09:07:15.115440,5.135804176330566,2.1531455516815186,2.064070224761963,11.618090629577637,qmix,smacv2,protoss_5_vs_5,100,0.0
2972000,1485,2026-06-09T09:09:56.527895,6.469158172607422,2.3608663082122803,3.0954771041870117,12.16080379486084,qmix,smacv2,protoss_5_vs_5,100,0.10000000149011612
2974000,1486,2026-06-09T09:12:37.068607,5.1256279945373535,1.3859310150146484,2.572864294052124,8.216080665588379,qmix,smacv2,protoss_5_vs_5,100,0.0
2976000,1487,2026-06-09T09:15:19.193735,5.416143417358398,1.4615232944488525,2.663316488265991,8.528894424438477,qmix,smacv2,protoss_5_vs_5,100,0.0
2978000,1488,2026-06-09T09:18:01.791687,5.674874782562256,1.7825714349746704,2.9296481609344482,12.170854568481445,qmix,smacv2,protoss_5_vs_5,100,0.0
2980000,1489,2026-06-09T09:20:43.385941,5.358730792999268,1.7833815813064575,2.2927136421203613,11.095477104187012,qmix,smacv2,protoss_5_vs_5,100,0.0
2982000,1490,2026-06-09T09:23:24.551421,5.230841636657715,1.353546380996704,2.4484925270080566,8.462311744689941,qmix,smacv2,protoss_5_vs_5,100,0.0
2984000,1491,2026-06-09T09:26:04.905760,5.312939643859863,1.4619481563568115,2.241206169128418,7.998742580413818,qmix,smacv2,protoss_5_vs_5,100,0.0
2986000,1492,2026-06-09T09:28:43.467653,5.550942420959473,1.6038458347320557,3.2625625133514404,10.190954208374023,qmix,smacv2,protoss_5_vs_5,100,0.0
2988000,1493,2026-06-09T09:31:23.159151,5.939572811126709,1.7878386974334717,2.6180906295776367,9.684674263000488,qmix,smacv2,protoss_5_vs_5,100,0.0
2990000,1494,2026-06-09T09:33:59.078503,5.2312822341918945,1.6147334575653076,2.9811556339263916,8.38191032409668,qmix,smacv2,protoss_5_vs_5,100,0.0
2992000,1495,2026-06-09T09:36:36.768210,5.705841541290283,2.2837488651275635,1.9698489904403687,12.261306762695312,qmix,smacv2,protoss_5_vs_5,100,0.05000000074505806
2994000,1496,2026-06-09T09:39:16.942576,5.786620616912842,2.448655366897583,2.90452241897583,14.170854568481445,qmix,smacv2,protoss_5_vs_5,100,0.05000000074505806
2996000,1497,2026-06-09T09:41:56.655033,5.413944721221924,1.9447118043899536,3.3932158946990967,9.547739028930664,qmix,smacv2,protoss_5_vs_5,100,0.0
2998000,1498,2026-06-09T09:44:40.056056,5.73875617980957,2.0980629920959473,2.4798994064331055,10.34170913696289,qmix,smacv2,protoss_5_vs_5,100,0.0
3000000,1499,2026-06-09T09:47:20.099356,4.933039665222168,1.1107548475265503,3.2160804271698,8.150753021240234,qmix,smacv2,protoss_5_vs_5,100,0.0
3002000,1500,2026-06-09T09:50:00.892639,4.976382255554199,1.5268930196762085,2.2713565826416016,8.140704154968262,qmix,smacv2,protoss_5_vs_5,100,0.0
3004000,1501,2026-06-09T09:52:39.133978,6.469724178314209,2.7143092155456543,3.0628139972686768,12.361810684204102,qmix,smacv2,protoss_5_vs_5,100,0.05000000074505806
3006000,1502,2026-06-09T09:55:18.414095,4.847550392150879,1.9815716743469238,1.95979905128479,10.261306762695312,qmix,smacv2,protoss_5_vs_5,100,0.0
3008000,1503,2026-06-09T09:57:58.788661,5.434422492980957,1.9232021570205688,2.138190984725952,9.213567733764648,qmix,smacv2,protoss_5_vs_5,100,0.0
3010000,1504,2026-06-09T10:00:40.707285,5.992776393890381,2.3622148036956787,2.9221105575561523,11.874372482299805,qmix,smacv2,protoss_5_vs_5,100,0.0
3012000,1505,2026-06-09T10:03:19.529316,6.687814235687256,2.4150307178497314,3.4949748516082764,12.476131439208984,qmix,smacv2,protoss_5_vs_5,100,0.05000000074505806
3014000,1506,2026-06-09T10:05:59.243955,4.628831386566162,1.632239580154419,1.286432147026062,7.376884460449219,qmix,smacv2,protoss_5_vs_5,100,0.0
3016000,1507,2026-06-09T10:08:38.483554,5.493153095245361,1.5136245489120483,2.2223618030548096,8.221105575561523,qmix,smacv2,protoss_5_vs_5,100,0.0
3018000,1508,2026-06-09T10:11:18.892964,5.508417129516602,1.4694269895553589,3.6645729541778564,9.444724082946777,qmix,smacv2,protoss_5_vs_5,100,0.0
3020000,1509,2026-06-09T10:13:58.766298,5.731030464172363,1.6851997375488281,2.9547739028930664,10.190954208374023,qmix,smacv2,protoss_5_vs_5,100,0.0
3022000,1510,2026-06-09T10:16:40.225553,5.6135053634643555,1.7362926006317139,2.04020094871521,8.35175895690918,qmix,smacv2,protoss_5_vs_5,100,0.0
3024000,1511,2026-06-09T10:19:20.838021,5.178957462310791,1.8112833499908447,2.3982412815093994,10.371858596801758,qmix,smacv2,protoss_5_vs_5,100,0.0
3026000,1512,2026-06-09T10:21:59.644707,4.957286834716797,1.3237770795822144,2.708542823791504,7.293969631195068,qmix,smacv2,protoss_5_vs_5,100,0.0
3028000,1513,2026-06-09T10:24:40.057657,5.226633548736572,1.4521963596343994,1.669597864151001,7.984925270080566,qmix,smacv2,protoss_5_vs_5,100,0.0
3030000,1514,2026-06-09T10:27:21.365286,4.6091084480285645,1.5535235404968262,2.7839195728302,8.448492050170898,qmix,smacv2,protoss_5_vs_5,100,0.0
3032000,1515,2026-06-09T10:30:03.660816,6.000063419342041,1.9888240098953247,3.339195966720581,10.150754928588867,qmix,smacv2,protoss_5_vs_5,100,0.05000000074505806
3034000,1516,2026-06-09T10:32:45.145152,5.036494731903076,2.20943021774292,2.138190984725952,12.082914352416992,qmix,smacv2,protoss_5_vs_5,100,0.05000000074505806
3036000,1517,2026-06-09T10:35:25.729485,5.952449798583984,1.665873408317566,3.517587661743164,8.835427284240723,qmix,smacv2,protoss_5_vs_5,100,0.0
3038000,1518,2026-06-09T10:38:05.858733,6.219408988952637,2.292598009109497,1.7788941860198975,12.331659317016602,qmix,smacv2,protoss_5_vs_5,100,0.0
3040000,1519,2026-06-09T10:40:52.224800,5.905716419219971,2.130805015563965,1.5427135229110718,9.477386474609375,qmix,smacv2,protoss_5_vs_5,100,0.0
3042000,1520,2026-06-09T10:43:30.126414,5.073115348815918,1.5402863025665283,3.2939696311950684,9.672110557556152,qmix,smacv2,protoss_5_vs_5,100,0.0
3044000,1521,2026-06-09T10:46:09.242111,4.868216037750244,2.066114902496338,2.1407032012939453,9.477386474609375,qmix,smacv2,protoss_5_vs_5,100,0.0
3046000,1522,2026-06-09T10:48:47.422821,5.69912052154541,2.434344530105591,2.4736180305480957,14.271356582641602,qmix,smacv2,protoss_5_vs_5,100,0.05000000074505806
3048000,1523,2026-06-09T10:51:23.760657,5.290201187133789,1.688008427619934,3.2763819694519043,9.869346618652344,qmix,smacv2,protoss_5_vs_5,100,0.0
3050000,1524,2026-06-09T10:53:58.213897,5.322173595428467,1.5882292985916138,2.902009963989258,8.54271411895752,qmix,smacv2,protoss_5_vs_5,100,0.0
3052000,1525,2026-06-09T10:56:35.480612,4.55734920501709,1.4681854248046875,2.3819096088409424,8.22110652923584,qmix,smacv2,protoss_5_vs_5,100,0.0
3054000,1526,2026-06-09T10:59:15.569558,5.3881916999816895,1.4908944368362427,2.6030149459838867,8.67336654663086,qmix,smacv2,protoss_5_vs_5,100,0.0
3056000,1527,2026-06-09T11:01:57.568972,5.095100402832031,1.3091458082199097,2.836683511734009,7.773869514465332,qmix,smacv2,protoss_5_vs_5,100,0.0
3058000,1528,2026-06-09T11:04:40.490838,5.7138190269470215,1.3277249336242676,3.1746230125427246,8.376884460449219,qmix,smacv2,protoss_5_vs_5,100,0.0
3060000,1529,2026-06-09T11:07:20.659120,4.611369609832764,1.0035902261734009,3.273869276046753,7.2148237228393555,qmix,smacv2,protoss_5_vs_5,100,0.0
3062000,1530,2026-06-09T11:10:02.270880,5.111620903015137,1.482183575630188,2.154522657394409,8.110552787780762,qmix,smacv2,protoss_5_vs_5,100,0.0
3064000,1531,2026-06-09T11:12:44.135931,5.444598197937012,2.1858315467834473,2.974874496459961,11.937186241149902,qmix,smacv2,protoss_5_vs_5,100,0.0
3066000,1532,2026-06-09T11:15:25.918928,4.81915807723999,1.3430315256118774,2.7839195728302,8.11808967590332,qmix,smacv2,protoss_5_vs_5,100,0.0
3068000,1533,2026-06-09T11:18:05.948272,4.889321804046631,2.1625406742095947,1.5590451955795288,9.533919334411621,qmix,smacv2,protoss_5_vs_5,100,0.0
3070000,1534,2026-06-09T11:20:49.066972,5.921671390533447,2.530341625213623,2.0,11.1658296585083,qmix,smacv2,protoss_5_vs_5,100,0.0
3072000,1535,2026-06-09T11:23:27.604555,6.068152904510498,2.5732035636901855,3.089195728302002,12.16080379486084,qmix,smacv2,protoss_5_vs_5,100,0.05000000074505806
3074000,1536,2026-06-09T11:26:04.502147,4.752575874328613,1.5252221822738647,2.280150890350342,6.934674263000488,qmix,smacv2,protoss_5_vs_5,100,0.0
3076000,1537,2026-06-09T11:28:44.709686,5.201067924499512,2.0508124828338623,2.5025124549865723,9.17587947845459,qmix,smacv2,protoss_5_vs_5,100,0.0
3078000,1538,2026-06-09T11:31:22.702124,5.1201629638671875,1.6196171045303345,2.5201003551483154,9.366833686828613,qmix,smacv2,protoss_5_vs_5,100,0.0
3080000,1539,2026-06-09T11:34:01.298479,4.985489845275879,1.9627711772918701,2.0037689208984375,10.45603084564209,qmix,smacv2,protoss_5_vs_5,100,0.05000000074505806
3082000,1540,2026-06-09T11:36:40.685295,4.570351600646973,1.6478209495544434,2.296482563018799,8.854270935058594,qmix,smacv2,protoss_5_vs_5,100,0.0
3084000,1541,2026-06-09T11:39:22.448543,5.198241233825684,1.5183202028274536,2.5439696311950684,7.517588138580322,qmix,smacv2,protoss_5_vs_5,100,0.0
3086000,1542,2026-06-09T11:42:02.757163,5.354962348937988,2.3782033920288086,2.2801506519317627,12.000000953674316,qmix,smacv2,protoss_5_vs_5,100,0.0
3088000,1543,2026-06-09T11:44:41.061126,5.351633071899414,1.7428241968154907,2.805276393890381,9.32663345336914,qmix,smacv2,protoss_5_vs_5,100,0.0
3090000,1544,2026-06-09T11:47:19.804904,4.982914447784424,1.7573908567428589,1.839195966720581,8.389447212219238,qmix,smacv2,protoss_5_vs_5,100,0.0
3092000,1545,2026-06-09T11:50:00.947645,5.493404388427734,1.9792579412460327,1.5942211151123047,8.82412052154541,qmix,smacv2,protoss_5_vs_5,100,0.0
3094000,1546,2026-06-09T11:52:39.747767,5.595728874206543,1.8162091970443726,2.5816586017608643,8.712311744689941,qmix,smacv2,protoss_5_vs_5,100,0.0
3096000,1547,2026-06-09T11:55:19.608638,5.329710960388184,2.515270471572876,2.943467378616333,14.733668327331543,qmix,smacv2,protoss_5_vs_5,100,0.05000000074505806
3098000,1548,2026-06-09T11:57:58.239893,6.2874369621276855,2.703839063644409,2.832914352416992,12.462310791015625,qmix,smacv2,protoss_5_vs_5,100,0.10000000149011612
3100000,1549,2026-06-09T12:00:39.042573,5.390326499938965,1.8852722644805908,2.3517584800720215,10.261306762695312,qmix,smacv2,protoss_5_vs_5,100,0.05000000074505806
3102000,1550,2026-06-09T12:03:18.715148,5.241017818450928,1.808210015296936,2.733668327331543,10.756281852722168,qmix,smacv2,protoss_5_vs_5,100,0.0
3104000,1551,2026-06-09T12:06:00.278140,5.165766716003418,1.867260217666626,2.4623115062713623,10.886934280395508,qmix,smacv2,protoss_5_vs_5,100,0.0
3106000,1552,2026-06-09T12:08:42.450906,5.4757537841796875,1.6509003639221191,1.7386934757232666,8.277637481689453,qmix,smacv2,protoss_5_vs_5,100,0.0
3108000,1553,2026-06-09T12:11:22.367393,5.86187219619751,2.090268850326538,2.57412052154541,10.884422302246094,qmix,smacv2,protoss_5_vs_5,100,0.0
3110000,1554,2026-06-09T12:14:00.953135,5.4695353507995605,1.37624192237854,3.7688441276550293,8.886934280395508,qmix,smacv2,protoss_5_vs_5,100,0.0
3112000,1555,2026-06-09T12:16:41.969909,6.022047519683838,1.9945979118347168,2.6407034397125244,9.11557674407959,qmix,smacv2,protoss_5_vs_5,100,0.0
3114000,1556,2026-06-09T12:19:19.203626,5.065201759338379,1.359074592590332,2.724874258041382,8.020100593566895,qmix,smacv2,protoss_5_vs_5,100,0.0
3116000,1557,2026-06-09T12:21:56.406850,5.332474708557129,1.5315319299697876,2.67587947845459,7.935929298400879,qmix,smacv2,protoss_5_vs_5,100,0.0
3118000,1558,2026-06-09T12:24:32.072219,5.704522609710693,1.6252402067184448,2.4409549236297607,8.924623489379883,qmix,smacv2,protoss_5_vs_5,100,0.0
3120000,1559,2026-06-09T12:27:12.442767,5.285741329193115,1.4453672170639038,2.7688443660736084,9.280150413513184,qmix,smacv2,protoss_5_vs_5,100,0.0
3122000,1560,2026-06-09T12:29:51.570207,4.448742866516113,1.662817120552063,2.36432147026062,7.884422302246094,qmix,smacv2,protoss_5_vs_5,100,0.0
3124000,1561,2026-06-09T12:32:30.555452,4.5,1.7260197401046753,2.1809046268463135,9.668340682983398,qmix,smacv2,protoss_5_vs_5,100,0.0
3126000,1562,2026-06-09T12:35:10.217355,4.645226001739502,1.404025912284851,2.442211151123047,6.971105098724365,qmix,smacv2,protoss_5_vs_5,100,0.0
3128000,1563,2026-06-09T12:37:51.572177,4.694974899291992,2.7094316482543945,1.766331672668457,11.919597625732422,qmix,smacv2,protoss_5_vs_5,100,0.0
3130000,1564,2026-06-09T12:40:32.011511,4.764447212219238,1.8756943941116333,1.7462313175201416,10.66331672668457,qmix,smacv2,protoss_5_vs_5,100,0.0
3132000,1565,2026-06-09T12:43:15.028352,5.944220542907715,2.5242955684661865,2.7776379585266113,14.371859550476074,qmix,smacv2,protoss_5_vs_5,100,0.05000000074505806
3134000,1566,2026-06-09T12:45:56.089542,5.307600975036621,1.6998709440231323,3.1821608543395996,10.251255989074707,qmix,smacv2,protoss_5_vs_5,100,0.0
3136000,1567,2026-06-09T12:48:36.543094,5.446482181549072,1.9675945043563843,2.484924554824829,9.668341636657715,qmix,smacv2,protoss_5_vs_5,100,0.0
3138000,1568,2026-06-09T12:51:14.965187,5.256407260894775,1.462383508682251,2.98492431640625,8.562814712524414,qmix,smacv2,protoss_5_vs_5,100,0.0
3140000,1569,2026-06-09T12:53:54.792682,6.286118030548096,2.2692863941192627,3.0351758003234863,12.261306762695312,qmix,smacv2,protoss_5_vs_5,100,0.05000000074505806
3142000,1570,2026-06-09T12:56:32.026892,5.160427093505859,1.2466942071914673,2.3907034397125244,7.6168341636657715,qmix,smacv2,protoss_5_vs_5,100,0.0
3144000,1571,2026-06-09T12:59:08.555997,5.618279457092285,1.8032258749008179,2.3580400943756104,9.035176277160645,qmix,smacv2,protoss_5_vs_5,100,0.0
3146000,1572,2026-06-09T13:01:52.380228,5.562185764312744,1.842290997505188,2.816582679748535,9.17336654663086,qmix,smacv2,protoss_5_vs_5,100,0.0
3148000,1573,2026-06-09T13:04:32.494106,6.051319122314453,1.996901512145996,3.105527639389038,9.577890396118164,qmix,smacv2,protoss_5_vs_5,100,0.0
3150000,1574,2026-06-09T13:07:10.187789,5.588191032409668,2.9398365020751953,2.8341708183288574,16.080402374267578,qmix,smacv2,protoss_5_vs_5,100,0.10000000149011612
3152000,1575,2026-06-09T13:09:47.020377,5.58059024810791,1.5764269828796387,3.3856780529022217,8.783918380737305,qmix,smacv2,protoss_5_vs_5,100,0.0
3154000,1576,2026-06-09T13:12:25.031898,5.750565528869629,2.2038445472717285,2.290201187133789,12.020101547241211,qmix,smacv2,protoss_5_vs_5,100,0.0
3156000,1577,2026-06-09T13:15:01.072588,4.786558151245117,1.4680434465408325,2.079145669937134,8.01507568359375,qmix,smacv2,protoss_5_vs_5,100,0.0
3158000,1578,2026-06-09T13:17:39.952153,4.826067924499512,1.4449912309646606,1.6180903911590576,7.795226097106934,qmix,smacv2,protoss_5_vs_5,100,0.0
3160000,1579,2026-06-09T13:20:19.095245,4.882411956787109,1.4128456115722656,2.498744010925293,7.712310791015625,qmix,smacv2,protoss_5_vs_5,100,0.0
3162000,1580,2026-06-09T13:23:01.162870,5.281155586242676,1.408694863319397,2.822864055633545,8.31155776977539,qmix,smacv2,protoss_5_vs_5,100,0.0
3164000,1581,2026-06-09T13:25:42.875442,4.885866641998291,1.2081435918807983,2.5125629901885986,7.668341636657715,qmix,smacv2,protoss_5_vs_5,100,0.0
3166000,1582,2026-06-09T13:28:25.129153,5.927889823913574,1.9661362171173096,2.9459800720214844,10.8643217086792,qmix,smacv2,protoss_5_vs_5,100,0.0
3168000,1583,2026-06-09T13:31:07.515869,5.557160377502441,1.9164862632751465,2.4723615646362305,11.608038902282715,qmix,smacv2,protoss_5_vs_5,100,0.0
3170000,1584,2026-06-09T13:33:49.868782,6.113630771636963,1.6164932250976562,3.909547805786133,9.477386474609375,qmix,smacv2,protoss_5_vs_5,100,0.0
3172000,1585,2026-06-09T13:36:31.945247,5.799245834350586,1.6548658609390259,2.8756282329559326,9.467336654663086,qmix,smacv2,protoss_5_vs_5,100,0.0
3174000,1586,2026-06-09T13:39:12.736361,5.99007511138916,2.47479248046875,2.9723615646362305,14.371858596801758,qmix,smacv2,protoss_5_vs_5,100,0.05000000074505806
3176000,1587,2026-06-09T13:41:54.258917,5.967902183532715,2.583834409713745,2.6193466186523438,14.271356582641602,qmix,smacv2,protoss_5_vs_5,100,0.05000000074505806
3178000,1588,2026-06-09T13:44:33.116703,5.901947021484375,2.209639310836792,2.3756279945373535,12.060300827026367,qmix,smacv2,protoss_5_vs_5,100,0.05000000074505806
3180000,1589,2026-06-09T13:47:11.550436,5.493216037750244,1.4632920026779175,3.056532621383667,8.562813758850098,qmix,smacv2,protoss_5_vs_5,100,0.0
3182000,1590,2026-06-09T13:49:48.028110,4.776005268096924,0.9854913353919983,2.854271173477173,6.442211151123047,qmix,smacv2,protoss_5_vs_5,100,0.0
3184000,1591,2026-06-09T13:52:26.340217,4.809987545013428,1.2640293836593628,2.9572863578796387,7.201004981994629,qmix,smacv2,protoss_5_vs_5,100,0.0
3186000,1592,2026-06-09T13:55:05.243288,5.900942325592041,1.9817134141921997,2.693467140197754,9.829145431518555,qmix,smacv2,protoss_5_vs_5,100,0.0
3188000,1593,2026-06-09T13:57:44.162396,5.052638053894043,2.6176414489746094,2.194723606109619,14.271357536315918,qmix,smacv2,protoss_5_vs_5,100,0.05000000074505806
3190000,1594,2026-06-09T14:00:24.300562,5.03831672668457,1.4073878526687622,2.5339195728302,8.512563705444336,qmix,smacv2,protoss_5_vs_5,100,0.0
3192000,1595,2026-06-09T14:03:04.586385,5.470415115356445,2.1073482036590576,2.5125627517700195,11.090452194213867,qmix,smacv2,protoss_5_vs_5,100,0.0
3194000,1596,2026-06-09T14:05:46.139651,5.27154541015625,1.9865403175354004,2.830402135848999,9.659547805786133,qmix,smacv2,protoss_5_vs_5,100,0.0
3196000,1597,2026-06-09T14:08:26.974679,5.306029796600342,1.985162615776062,2.9422109127044678,10.67336654663086,qmix,smacv2,protoss_5_vs_5,100,0.0
3198000,1598,2026-06-09T14:11:05.894369,4.95408296585083,2.6600992679595947,2.4233667850494385,14.170854568481445,qmix,smacv2,protoss_5_vs_5,100,0.05000000074505806
3200000,1599,2026-06-09T14:13:44.258134,4.915138244628906,2.0731630325317383,2.643216133117676,12.361808776855469,qmix,smacv2,protoss_5_vs_5,100,0.05000000074505806
3202000,1600,2026-06-09T14:16:20.979292,5.222111225128174,1.8906197547912598,2.3819098472595215,9.396985054016113,qmix,smacv2,protoss_5_vs_5,100,0.0
3204000,1601,2026-06-09T14:18:57.210389,5.209924697875977,1.7031569480895996,2.0502512454986572,8.994974136352539,qmix,smacv2,protoss_5_vs_5,100,0.0
3206000,1602,2026-06-09T14:21:35.032456,6.113253593444824,2.7825357913970947,3.3768844604492188,16.180904388427734,qmix,smacv2,protoss_5_vs_5,100,0.05000000074505806
3208000,1603,2026-06-09T14:24:15.159088,5.51425838470459,1.9152714014053345,1.6130653619766235,9.638191223144531,qmix,smacv2,protoss_5_vs_5,100,0.0
3210000,1604,2026-06-09T14:26:52.509241,4.685490131378174,1.4073050022125244,2.298995018005371,7.66080379486084,qmix,smacv2,protoss_5_vs_5,100,0.0
3212000,1605,2026-06-09T14:29:34.459053,3.894535541534424,1.8012200593948364,1.2286431789398193,7.0351762771606445,qmix,smacv2,protoss_5_vs_5,100,0.0
3214000,1606,2026-06-09T14:32:16.824948,5.263504981994629,1.451393961906433,3.17587947845459,8.319095611572266,qmix,smacv2,protoss_5_vs_5,100,0.0
3216000,1607,2026-06-09T14:35:00.070345,6.262436866760254,2.7421557903289795,2.595477342605591,15.1959810256958,qmix,smacv2,protoss_5_vs_5,100,0.0
3218000,1608,2026-06-09T14:37:41.086293,5.484862327575684,1.819650411605835,2.5540201663970947,9.1658296585083,qmix,smacv2,protoss_5_vs_5,100,0.0
3220000,1609,2026-06-09T14:40:47.623944,5.828140735626221,1.6258705854415894,3.297738552093506,8.522612571716309,qmix,smacv2,protoss_5_vs_5,100,0.0
3222000,1610,2026-06-09T14:43:25.964732,5.194472312927246,1.529836654663086,3.678391695022583,9.286431312561035,qmix,smacv2,protoss_5_vs_5,100,0.0
3224000,1611,2026-06-09T14:45:57.886202,5.284233570098877,2.320565938949585,3.3580403327941895,14.271356582641602,qmix,smacv2,protoss_5_vs_5,100,0.05000000074505806
3226000,1612,2026-06-09T14:48:33.255964,5.445540428161621,1.6925381422042847,2.5778896808624268,8.748744010925293,qmix,smacv2,protoss_5_vs_5,100,0.0
3228000,1613,2026-06-09T14:51:11.548534,5.514069557189941,1.483630657196045,3.7386937141418457,8.66331672668457,qmix,smacv2,protoss_5_vs_5,100,0.0
3230000,1614,2026-06-09T14:53:49.960609,5.234485149383545,1.4272342920303345,2.353015184402466,7.9974870681762695,qmix,smacv2,protoss_5_vs_5,100,0.0
3232000,1615,2026-06-09T14:56:29.384353,4.3714823722839355,1.2509037256240845,2.211055278778076,6.930905342102051,qmix,smacv2,protoss_5_vs_5,100,0.0
3234000,1616,2026-06-09T14:59:09.928876,5.387436866760254,1.8228870630264282,2.9949748516082764,9.84924602508545,qmix,smacv2,protoss_5_vs_5,100,0.0
3236000,1617,2026-06-09T15:01:53.390049,5.487500190734863,1.753170371055603,3.1758792400360107,10.743719100952148,qmix,smacv2,protoss_5_vs_5,100,0.0
3238000,1618,2026-06-09T15:04:39.404337,4.474057674407959,1.5457422733306885,2.1243715286254883,8.562814712524414,qmix,smacv2,protoss_5_vs_5,100,0.0
3240000,1619,2026-06-09T15:07:23.659772,5.623429298400879,1.9728155136108398,2.5427134037017822,10.653266906738281,qmix,smacv2,protoss_5_vs_5,100,0.0
3242000,1620,2026-06-09T15:10:11.241181,5.281846523284912,1.7057397365570068,2.572864294052124,9.751256942749023,qmix,smacv2,protoss_5_vs_5,100,0.0
3244000,1621,2026-06-09T15:12:54.150328,4.910552024841309,1.3041452169418335,2.5439698696136475,6.781407356262207,qmix,smacv2,protoss_5_vs_5,100,0.0
3246000,1622,2026-06-09T15:15:36.469039,6.304773807525635,2.2893946170806885,2.9170854091644287,11.708541870117188,qmix,smacv2,protoss_5_vs_5,100,0.0
3248000,1623,2026-06-09T15:18:16.933247,6.5701003074646,2.738168478012085,2.992462158203125,12.403265953063965,qmix,smacv2,protoss_5_vs_5,100,0.05000000074505806
3250000,1624,2026-06-09T15:20:55.210398,5.206658363342285,1.4244316816329956,3.2160801887512207,8.963567733764648,qmix,smacv2,protoss_5_vs_5,100,0.0
3252000,1625,2026-06-09T15:23:32.582480,4.702073097229004,1.2263833284378052,2.703517436981201,7.045226097106934,qmix,smacv2,protoss_5_vs_5,100,0.0
3254000,1626,2026-06-09T15:26:16.305589,6.027386665344238,2.2420074939727783,1.698492407798767,10.452261924743652,qmix,smacv2,protoss_5_vs_5,100,0.05000000074505806
3256000,1627,2026-06-09T15:28:53.185336,5.999120712280273,2.431918144226074,2.840452194213867,12.314070701599121,qmix,smacv2,protoss_5_vs_5,100,0.10000000149011612
3258000,1628,2026-06-09T15:31:30.091216,5.065892219543457,0.9676533937454224,3.1557788848876953,6.685929775238037,qmix,smacv2,protoss_5_vs_5,100,0.0
3260000,1629,2026-06-09T15:34:03.940429,5.360238552093506,1.3744300603866577,3.3266329765319824,7.989949703216553,qmix,smacv2,protoss_5_vs_5,100,0.0
3262000,1630,2026-06-09T15:36:41.800298,5.764573097229004,1.680579423904419,3.095477342605591,10.100502967834473,qmix,smacv2,protoss_5_vs_5,100,0.0
3264000,1631,2026-06-09T15:39:22.088017,5.4358038902282715,2.1542630195617676,3.234924793243408,12.555276870727539,qmix,smacv2,protoss_5_vs_5,100,0.0
3266000,1632,2026-06-09T15:42:02.427311,5.273366928100586,1.681382179260254,3.064070224761963,10.15075397491455,qmix,smacv2,protoss_5_vs_5,100,0.05000000074505806
3268000,1633,2026-06-09T15:44:43.624412,5.078768730163574,1.4525375366210938,2.830401659011841,8.723617553710938,qmix,smacv2,protoss_5_vs_5,100,0.0
3270000,1634,2026-06-09T15:47:25.383607,5.523178577423096,1.8690385818481445,2.814069986343384,10.751256942749023,qmix,smacv2,protoss_5_vs_5,100,0.0
3272000,1635,2026-06-09T15:50:08.485569,6.034296989440918,2.9363179206848145,2.178391933441162,14.109296798706055,qmix,smacv2,protoss_5_vs_5,100,0.10000000149011612
3274000,1636,2026-06-09T15:52:49.516097,5.434547424316406,1.7670143842697144,1.9170854091644287,9.04396915435791,qmix,smacv2,protoss_5_vs_5,100,0.0
3276000,1637,2026-06-09T15:55:28.320009,4.967839241027832,1.9510828256607056,2.821608066558838,11.045225143432617,qmix,smacv2,protoss_5_vs_5,100,0.0
3278000,1638,2026-06-09T15:58:08.528211,4.839761734008789,2.273311138153076,1.8002512454986572,10.150753021240234,qmix,smacv2,protoss_5_vs_5,100,0.0
3280000,1639,2026-06-09T16:00:48.654762,4.99522590637207,1.6771184206008911,2.86432147026062,10.140703201293945,qmix,smacv2,protoss_5_vs_5,100,0.0
3282000,1640,2026-06-09T16:03:29.459130,5.976193428039551,2.4156880378723145,1.2374372482299805,12.261306762695312,qmix,smacv2,protoss_5_vs_5,100,0.05000000074505806
3284000,1641,2026-06-09T16:06:08.678288,5.299182891845703,0.7804774045944214,3.726130723953247,6.934673309326172,qmix,smacv2,protoss_5_vs_5,100,0.0
3286000,1642,2026-06-09T16:08:47.417578,5.3313446044921875,1.603079080581665,3.586683750152588,9.795226097106934,qmix,smacv2,protoss_5_vs_5,100,0.0
3288000,1643,2026-06-09T16:11:24.858118,5.770792007446289,2.189973831176758,2.9045228958129883,12.369346618652344,qmix,smacv2,protoss_5_vs_5,100,0.05000000074505806
3290000,1644,2026-06-09T16:14:05.227882,5.564321994781494,1.542555570602417,3.2462310791015625,8.8040189743042,qmix,smacv2,protoss_5_vs_5,100,0.0
3292000,1645,2026-06-09T16:16:47.641917,6.032034873962402,2.476219892501831,3.2311558723449707,12.361809730529785,qmix,smacv2,protoss_5_vs_5,100,0.10000000149011612
3294000,1646,2026-06-09T16:19:26.175401,5.473367214202881,2.229761838912964,2.393216133117676,12.261305809020996,qmix,smacv2,protoss_5_vs_5,100,0.05000000074505806
3296000,1647,2026-06-09T16:22:03.227522,5.432412147521973,1.3154326677322388,3.6959800720214844,8.432160377502441,qmix,smacv2,protoss_5_vs_5,100,0.0
3298000,1648,2026-06-09T16:24:43.358330,5.546733856201172,1.3794121742248535,3.2160804271698,8.070351600646973,qmix,smacv2,protoss_5_vs_5,100,0.0
3300000,1649,2026-06-09T16:27:22.564650,4.906218528747559,2.0009140968322754,1.9773868322372437,10.603015899658203,qmix,smacv2,protoss_5_vs_5,100,0.0
3302000,1650,2026-06-09T16:30:01.319257,5.416331768035889,1.4526089429855347,2.9811558723449707,8.301507949829102,qmix,smacv2,protoss_5_vs_5,100,0.0
3304000,1651,2026-06-09T16:32:42.275124,6.1598615646362305,2.442352533340454,2.3103015422821045,11.1055269241333,qmix,smacv2,protoss_5_vs_5,100,0.05000000074505806
3306000,1652,2026-06-09T16:35:21.652785,5.544912338256836,1.985277771949768,2.1469850540161133,9.697236061096191,qmix,smacv2,protoss_5_vs_5,100,0.0
3308000,1653,2026-06-09T16:38:01.732317,5.995603084564209,2.252018928527832,2.701004981994629,10.904522895812988,qmix,smacv2,protoss_5_vs_5,100,0.0
3310000,1654,2026-06-09T16:40:41.247583,5.327198505401611,1.8996210098266602,2.492462396621704,9.5,qmix,smacv2,protoss_5_vs_5,100,0.0
3312000,1655,2026-06-09T16:43:21.963208,5.311369895935059,1.4785760641098022,2.8969850540161133,9.13316535949707,qmix,smacv2,protoss_5_vs_5,100,0.0
3314000,1656,2026-06-09T16:46:03.788595,5.022550106048584,2.9239888191223145,2.1017587184906006,16.080402374267578,qmix,smacv2,protoss_5_vs_5,100,0.0
3316000,1657,2026-06-09T16:48:43.501354,5.530276298522949,1.616647720336914,3.1746232509613037,8.793970108032227,qmix,smacv2,protoss_5_vs_5,100,0.0
3318000,1658,2026-06-09T16:51:21.959884,5.41444730758667,1.71437668800354,2.8819093704223633,9.905778884887695,qmix,smacv2,protoss_5_vs_5,100,0.0
3320000,1659,2026-06-09T16:54:02.375630,5.972487449645996,3.212273359298706,2.483668327331543,14.271357536315918,qmix,smacv2,protoss_5_vs_5,100,0.10000000149011612
3322000,1660,2026-06-09T16:56:40.628172,4.8408918380737305,1.4553250074386597,2.484924554824829,8.168341636657715,qmix,smacv2,protoss_5_vs_5,100,0.0
3324000,1661,2026-06-09T16:59:20.911282,5.990766525268555,1.9865937232971191,2.8341708183288574,12.160804748535156,qmix,smacv2,protoss_5_vs_5,100,0.05000000074505806
3326000,1662,2026-06-09T17:02:00.948650,5.296544551849365,1.8871623277664185,2.4484925270080566,10.251256942749023,qmix,smacv2,protoss_5_vs_5,100,0.05000000074505806
3328000,1663,2026-06-09T17:04:41.829504,5.554020404815674,1.3596667051315308,2.727386951446533,8.512561798095703,qmix,smacv2,protoss_5_vs_5,100,0.0
3330000,1664,2026-06-09T17:07:22.784398,6.073429107666016,1.9095278978347778,3.0263819694519043,10.150753021240234,qmix,smacv2,protoss_5_vs_5,100,0.0
3332000,1665,2026-06-09T17:10:01.083640,5.747110366821289,2.226121425628662,3.0854272842407227,12.462311744689941,qmix,smacv2,protoss_5_vs_5,100,0.05000000074505806
3334000,1666,2026-06-09T17:12:41.560558,5.061934471130371,1.9778978824615479,1.9095478057861328,9.366833686828613,qmix,smacv2,protoss_5_vs_5,100,0.0
3336000,1667,2026-06-09T17:15:20.713444,5.0595479011535645,1.643967866897583,2.2688441276550293,9.295225143432617,qmix,smacv2,protoss_5_vs_5,100,0.0
3338000,1668,2026-06-09T17:17:58.277267,5.435615539550781,1.5553627014160156,3.033919334411621,9.155778884887695,qmix,smacv2,protoss_5_vs_5,100,0.0
3340000,1669,2026-06-09T17:20:39.370800,5.644472599029541,1.97871994972229,2.556532621383667,12.361808776855469,qmix,smacv2,protoss_5_vs_5,100,0.05000000074505806
3342000,1670,2026-06-09T17:23:20.474340,5.677073001861572,1.9513458013534546,3.306532621383667,10.552763938903809,qmix,smacv2,protoss_5_vs_5,100,0.05000000074505806
3344000,1671,2026-06-09T17:26:00.858842,6.138819217681885,2.4907968044281006,2.590452194213867,14.381909370422363,qmix,smacv2,protoss_5_vs_5,100,0.05000000074505806
3346000,1672,2026-06-09T17:28:39.280167,5.959359169006348,1.43844735622406,3.4070353507995605,8.521356582641602,qmix,smacv2,protoss_5_vs_5,100,0.0
3348000,1673,2026-06-09T17:31:18.766539,5.455653190612793,2.034877061843872,3.0527639389038086,10.074119567871094,qmix,smacv2,protoss_5_vs_5,100,0.0
3350000,1674,2026-06-09T17:33:57.497401,5.515326499938965,1.5601027011871338,3.26884388923645,9.033920288085938,qmix,smacv2,protoss_5_vs_5,100,0.0
3352000,1675,2026-06-09T17:36:36.656939,5.400942325592041,1.9491405487060547,3.2160801887512207,10.110552787780762,qmix,smacv2,protoss_5_vs_5,100,0.0
3354000,1676,2026-06-09T17:39:13.531195,5.093969821929932,1.283406138420105,2.662060260772705,7.608039855957031,qmix,smacv2,protoss_5_vs_5,100,0.0
3356000,1677,2026-06-09T17:41:54.195650,5.302638053894043,2.1809229850769043,2.4824118614196777,9.819096565246582,qmix,smacv2,protoss_5_vs_5,100,0.0
3358000,1678,2026-06-09T17:44:35.541152,5.245917320251465,1.183498740196228,1.9095475673675537,7.16708517074585,qmix,smacv2,protoss_5_vs_5,100,0.0
3360000,1679,2026-06-09T17:47:14.732995,4.88706111907959,1.3533170223236084,2.9736180305480957,7.451004981994629,qmix,smacv2,protoss_5_vs_5,100,0.0
3362000,1680,2026-06-09T17:50:01.105730,5.856657981872559,2.6314051151275635,2.42587947845459,14.170855522155762,qmix,smacv2,protoss_5_vs_5,100,0.05000000074505806
3364000,1681,2026-06-09T17:52:40.039256,6.089007377624512,3.0734853744506836,2.597990036010742,13.015073776245117,qmix,smacv2,protoss_5_vs_5,100,0.05000000074505806
3366000,1682,2026-06-09T17:55:15.172984,5.1414570808410645,0.9850096702575684,3.175879716873169,6.98492431640625,qmix,smacv2,protoss_5_vs_5,100,0.0
3368000,1683,2026-06-09T17:57:52.351626,5.619723796844482,1.6450949907302856,3.2160804271698,10.070351600646973,qmix,smacv2,protoss_5_vs_5,100,0.0
3370000,1684,2026-06-09T18:00:29.742854,5.549057960510254,2.347534656524658,3.185929298400879,14.271356582641602,qmix,smacv2,protoss_5_vs_5,100,0.05000000074505806
3372000,1685,2026-06-09T18:03:09.808749,5.301130771636963,1.4627323150634766,3.2160804271698,8.224874496459961,qmix,smacv2,protoss_5_vs_5,100,0.0
3374000,1686,2026-06-09T18:05:51.598967,5.699372291564941,1.3364099264144897,2.814070224761963,7.4648237228393555,qmix,smacv2,protoss_5_vs_5,100,0.0
3376000,1687,2026-06-09T18:08:31.121188,5.271859169006348,1.3990405797958374,2.4723618030548096,8.714824676513672,qmix,smacv2,protoss_5_vs_5,100,0.0
3378000,1688,2026-06-09T18:11:10.591514,5.507852077484131,1.6210284233093262,3.3253769874572754,9.399497032165527,qmix,smacv2,protoss_5_vs_5,100,0.0
3380000,1689,2026-06-09T18:13:50.572523,6.158668041229248,2.572411060333252,3.3982415199279785,15.065325736999512,qmix,smacv2,protoss_5_vs_5,100,0.0
3382000,1690,2026-06-09T18:16:29.772327,5.017776012420654,1.612507700920105,2.0615577697753906,8.67336654663086,qmix,smacv2,protoss_5_vs_5,100,0.0
3384000,1691,2026-06-09T18:19:09.895414,6.0157036781311035,2.236940622329712,3.1080403327941895,14.371858596801758,qmix,smacv2,protoss_5_vs_5,100,0.05000000074505806
3386000,1692,2026-06-09T18:21:51.807990,5.118216514587402,1.6952637434005737,1.7839196920394897,8.261306762695312,qmix,smacv2,protoss_5_vs_5,100,0.0
3388000,1693,2026-06-09T18:24:31.297398,6.005213737487793,1.760352611541748,3.886934757232666,10.138191223144531,qmix,smacv2,protoss_5_vs_5,100,0.0
3390000,1694,2026-06-09T18:27:10.485658,6.300188064575195,1.6656841039657593,4.603014945983887,10.090452194213867,qmix,smacv2,protoss_5_vs_5,100,0.0
3392000,1695,2026-06-09T18:29:50.021281,6.433291435241699,1.5497865676879883,4.211055278778076,10.623115539550781,qmix,smacv2,protoss_5_vs_5,100,0.05000000074505806
3394000,1696,2026-06-09T18:32:28.376070,4.673304080963135,1.396079182624817,1.9698492288589478,7.718592643737793,qmix,smacv2,protoss_5_vs_5,100,0.0
3396000,1697,2026-06-09T18:35:09.728297,5.598994255065918,1.4685410261154175,2.9648239612579346,8.630653381347656,qmix,smacv2,protoss_5_vs_5,100,0.0
3398000,1698,2026-06-09T18:37:48.940663,5.799936771392822,1.5592551231384277,3.9899497032165527,9.1356782913208,qmix,smacv2,protoss_5_vs_5,100,0.0
3400000,1699,2026-06-09T18:40:26.619344,6.164887428283691,1.6628919839859009,3.3693466186523438,9.64572811126709,qmix,smacv2,protoss_5_vs_5,100,0.0
3402000,1700,2026-06-09T18:43:05.335051,5.126946926116943,1.6385146379470825,2.307788610458374,8.522613525390625,qmix,smacv2,protoss_5_vs_5,100,0.0
3404000,1701,2026-06-09T18:45:44.184237,5.140514850616455,1.177126407623291,3.5778892040252686,9.115577697753906,qmix,smacv2,protoss_5_vs_5,100,0.0
3406000,1702,2026-06-09T18:48:25.426707,5.618153095245361,1.8720874786376953,2.7236180305480957,10.202260971069336,qmix,smacv2,protoss_5_vs_5,100,0.0
3408000,1703,2026-06-09T18:51:07.171008,6.112248420715332,1.8159377574920654,3.3178393840789795,10.248743057250977,qmix,smacv2,protoss_5_vs_5,100,0.0
3410000,1704,2026-06-09T18:53:45.485093,5.532097816467285,2.0043158531188965,2.453517436981201,12.060300827026367,qmix,smacv2,protoss_5_vs_5,100,0.05000000074505806
3412000,1705,2026-06-09T18:56:24.309478,5.621169090270996,1.3855071067810059,2.636934757232666,8.213567733764648,qmix,smacv2,protoss_5_vs_5,100,0.0
3414000,1706,2026-06-09T18:59:03.605450,5.008040428161621,1.9091496467590332,2.683417320251465,10.32160758972168,qmix,smacv2,protoss_5_vs_5,100,0.0
3416000,1707,2026-06-09T19:01:44.325404,4.8982415199279785,1.4571701288223267,2.380653142929077,7.7386932373046875,qmix,smacv2,protoss_5_vs_5,100,0.0
3418000,1708,2026-06-09T19:04:23.377934,4.940640449523926,1.329776406288147,3.135678291320801,7.638191223144531,qmix,smacv2,protoss_5_vs_5,100,0.0
3420000,1709,2026-06-09T19:07:04.019645,5.303391456604004,1.5194494724273682,3.0552761554718018,8.984925270080566,qmix,smacv2,protoss_5_vs_5,100,0.0
3422000,1710,2026-06-09T19:09:45.421644,5.321356773376465,2.2227590084075928,2.331658124923706,12.361809730529785,qmix,smacv2,protoss_5_vs_5,100,0.05000000074505806
3424000,1711,2026-06-09T19:12:25.895448,5.093153476715088,1.9139078855514526,2.5025126934051514,9.949748039245605,qmix,smacv2,protoss_5_vs_5,100,0.0
3426000,1712,2026-06-09T19:15:06.386762,5.412876605987549,1.4866042137145996,2.839195966720581,8.542713165283203,qmix,smacv2,protoss_5_vs_5,100,0.0
3428000,1713,2026-06-09T19:17:44.675017,5.041833877563477,1.3379955291748047,2.8643219470977783,7.110552787780762,qmix,smacv2,protoss_5_vs_5,100,0.0
3430000,1714,2026-06-09T19:20:23.601638,5.147298812866211,1.4324469566345215,2.9723618030548096,7.694724082946777,qmix,smacv2,protoss_5_vs_5,100,0.0
3432000,1715,2026-06-09T19:23:01.306534,4.977701187133789,1.5830692052841187,2.79020094871521,8.744974136352539,qmix,smacv2,protoss_5_vs_5,100,0.0
3434000,1716,2026-06-09T19:25:40.814048,5.182223320007324,1.7609705924987793,2.9246230125427246,9.417085647583008,qmix,smacv2,protoss_5_vs_5,100,0.0
3436000,1717,2026-06-09T19:28:23.111871,5.717148303985596,1.6713522672653198,3.163316488265991,8.944724082946777,qmix,smacv2,protoss_5_vs_5,100,0.0
3438000,1718,2026-06-09T19:31:02.964849,5.222486972808838,1.419834852218628,2.3190953731536865,8.391959190368652,qmix,smacv2,protoss_5_vs_5,100,0.0
3440000,1719,2026-06-09T19:33:42.873852,5.719095706939697,1.913743257522583,2.7939696311950684,9.717336654663086,qmix,smacv2,protoss_5_vs_5,100,0.0
3442000,1720,2026-06-09T19:36:20.370754,5.56765079498291,1.9041622877120972,2.130653142929077,9.369346618652344,qmix,smacv2,protoss_5_vs_5,100,0.0
3444000,1721,2026-06-09T19:39:00.091424,5.909045219421387,1.9594826698303223,2.9459798336029053,9.296483039855957,qmix,smacv2,protoss_5_vs_5,100,0.0
3446000,1722,2026-06-09T19:41:42.617968,5.221419811248779,1.707769751548767,1.9497487545013428,9.276381492614746,qmix,smacv2,protoss_5_vs_5,100,0.0
3448000,1723,2026-06-09T19:44:25.094732,5.501256465911865,2.8519301414489746,2.371859312057495,14.271356582641602,qmix,smacv2,protoss_5_vs_5,100,0.05000000074505806
3450000,1724,2026-06-09T19:47:07.476247,5.3961687088012695,1.7913591861724854,2.734924554824829,9.879396438598633,qmix,smacv2,protoss_5_vs_5,100,0.0
3452000,1725,2026-06-09T19:49:46.962358,5.3079142570495605,2.015667200088501,1.9070351123809814,9.934673309326172,qmix,smacv2,protoss_5_vs_5,100,0.0
3454000,1726,2026-06-09T19:52:25.118818,5.632411956787109,1.7422609329223633,2.8806533813476562,9.396985054016113,qmix,smacv2,protoss_5_vs_5,100,0.0
3456000,1727,2026-06-09T19:55:04.441796,5.411306381225586,1.9462037086486816,2.8103013038635254,10.047739028930664,qmix,smacv2,protoss_5_vs_5,100,0.0
3458000,1728,2026-06-09T19:57:44.127588,5.9399495124816895,1.4306888580322266,4.170854091644287,8.613064765930176,qmix,smacv2,protoss_5_vs_5,100,0.0
3460000,1729,2026-06-09T20:00:23.853585,5.556092739105225,2.33895206451416,2.4949748516082764,12.462310791015625,qmix,smacv2,protoss_5_vs_5,100,0.05000000074505806
3462000,1730,2026-06-09T20:03:02.287125,5.9878764152526855,2.2834038734436035,2.4974873065948486,12.060300827026367,qmix,smacv2,protoss_5_vs_5,100,0.05000000074505806
3464000,1731,2026-06-09T20:05:41.176347,5.5060930252075195,1.5794472694396973,2.5678391456604004,9.587940216064453,qmix,smacv2,protoss_5_vs_5,100,0.0
3466000,1732,2026-06-09T20:08:19.159648,4.908668518066406,2.2149202823638916,2.0301506519317627,10.376884460449219,qmix,smacv2,protoss_5_vs_5,100,0.10000000149011612
3468000,1733,2026-06-09T20:10:59.089353,5.592085838317871,1.4563854932785034,3.089195966720581,8.371859550476074,qmix,smacv2,protoss_5_vs_5,100,0.0
3470000,1734,2026-06-09T20:13:43.372219,5.15301513671875,1.3505841493606567,3.2462315559387207,8.721105575561523,qmix,smacv2,protoss_5_vs_5,100,0.0
3472000,1735,2026-06-09T20:16:22.119473,5.6235551834106445,1.900657296180725,3.2160801887512207,9.758793830871582,qmix,smacv2,protoss_5_vs_5,100,0.0
3474000,1736,2026-06-09T20:18:59.932819,5.166331768035889,1.7309556007385254,2.603015184402466,8.994976043701172,qmix,smacv2,protoss_5_vs_5,100,0.0
3476000,1737,2026-06-09T20:21:37.078619,4.26143217086792,1.1728285551071167,2.307788848876953,6.341708660125732,qmix,smacv2,protoss_5_vs_5,100,0.0
3478000,1738,2026-06-09T20:24:16.963840,5.632915019989014,2.612168312072754,2.3567841053009033,14.170855522155762,qmix,smacv2,protoss_5_vs_5,100,0.05000000074505806
3480000,1739,2026-06-09T20:27:16.678130,5.0891337394714355,1.6101994514465332,1.6733667850494385,8.772613525390625,qmix,smacv2,protoss_5_vs_5,100,0.0
3482000,1740,2026-06-09T20:29:50.313218,6.232726097106934,1.62606942653656,3.443466901779175,9.70854377746582,qmix,smacv2,protoss_5_vs_5,100,0.0
3484000,1741,2026-06-09T20:32:26.097813,5.418719291687012,1.5204650163650513,2.864321708679199,8.753768920898438,qmix,smacv2,protoss_5_vs_5,100,0.0
3486000,1742,2026-06-09T20:35:05.628329,4.883793830871582,1.5800390243530273,2.8002512454986572,10.150753021240234,qmix,smacv2,protoss_5_vs_5,100,0.05000000074505806
3488000,1743,2026-06-09T20:37:45.311881,5.285552024841309,2.327721118927002,1.6482412815093994,12.41080379486084,qmix,smacv2,protoss_5_vs_5,100,0.05000000074505806
3490000,1744,2026-06-09T20:40:25.569871,5.431532859802246,1.389045000076294,2.2374372482299805,7.829145908355713,qmix,smacv2,protoss_5_vs_5,100,0.0
3492000,1745,2026-06-09T20:43:06.875932,5.045665264129639,1.4097480773925781,2.8894472122192383,8.566582679748535,qmix,smacv2,protoss_5_vs_5,100,0.0
3494000,1746,2026-06-09T20:45:46.383101,4.705653190612793,1.1005418300628662,3.0527637004852295,6.6331658363342285,qmix,smacv2,protoss_5_vs_5,100,0.0
3496000,1747,2026-06-09T20:48:29.559906,5.223995208740234,1.8377022743225098,2.281407117843628,9.748743057250977,qmix,smacv2,protoss_5_vs_5,100,0.0
3498000,1748,2026-06-09T20:51:13.839228,5.497424125671387,1.4824261665344238,2.9497487545013428,8.723617553710938,qmix,smacv2,protoss_5_vs_5,100,0.0
3500000,1749,2026-06-09T20:53:58.288534,5.061244010925293,1.4820222854614258,3.0226128101348877,9.125628471374512,qmix,smacv2,protoss_5_vs_5,100,0.0
3502000,1750,2026-06-09T20:56:43.547308,5.363253593444824,1.9789466857910156,3.135678291320801,11.969849586486816,qmix,smacv2,protoss_5_vs_5,100,0.0
3504000,1751,2026-06-09T20:59:26.096832,5.313379287719727,1.1580524444580078,3.6884422302246094,8.542713165283203,qmix,smacv2,protoss_5_vs_5,100,0.0
3506000,1752,2026-06-09T21:02:07.468556,5.146231174468994,1.8345195055007935,3.66959810256958,12.361808776855469,qmix,smacv2,protoss_5_vs_5,100,0.05000000074505806
3508000,1753,2026-06-09T21:04:46.489658,5.0750627517700195,2.009387254714966,2.307788848876953,10.250000953674316,qmix,smacv2,protoss_5_vs_5,100,0.0
3510000,1754,2026-06-09T21:07:24.066906,5.332914352416992,1.825075387954712,1.9296481609344482,10.391960144042969,qmix,smacv2,protoss_5_vs_5,100,0.0
3512000,1755,2026-06-09T21:09:59.354575,5.695351600646973,1.2229610681533813,3.9082915782928467,8.738693237304688,qmix,smacv2,protoss_5_vs_5,100,0.0
3514000,1756,2026-06-09T21:12:34.326162,5.501821517944336,2.219059467315674,2.5025124549865723,10.253768920898438,qmix,smacv2,protoss_5_vs_5,100,0.05000000074505806
3516000,1757,2026-06-09T21:15:10.619016,5.84164571762085,1.652338981628418,3.297738552093506,10.974874496459961,qmix,smacv2,protoss_5_vs_5,100,0.0
3518000,1758,2026-06-09T21:17:51.585702,6.066582679748535,3.330237865447998,1.8052762746810913,18.090452194213867,qmix,smacv2,protoss_5_vs_5,100,0.05000000074505806
3520000,1759,2026-06-09T21:20:30.361862,5.432600498199463,2.000652551651001,2.452261209487915,9.778895378112793,qmix,smacv2,protoss_5_vs_5,100,0.0
3522000,1760,2026-06-09T21:23:11.329244,5.538065433502197,1.9849916696548462,1.8278894424438477,9.251256942749023,qmix,smacv2,protoss_5_vs_5,100,0.0
3524000,1761,2026-06-09T21:25:51.086049,4.711683750152588,1.3488911390304565,1.5778894424438477,6.439698696136475,qmix,smacv2,protoss_5_vs_5,100,0.0
3526000,1762,2026-06-09T21:28:34.732519,5.983982086181641,2.0995004177093506,3.185929775238037,11.579147338867188,qmix,smacv2,protoss_5_vs_5,100,0.0
3528000,1763,2026-06-09T21:31:16.850751,6.220351219177246,1.4065935611724854,3.9296486377716064,9.729898452758789,qmix,smacv2,protoss_5_vs_5,100,0.0
3530000,1764,2026-06-09T21:33:56.249468,5.563190937042236,1.6407158374786377,2.613065481185913,8.66331672668457,qmix,smacv2,protoss_5_vs_5,100,0.0
3532000,1765,2026-06-09T21:36:35.208540,5.564635753631592,1.9747670888900757,3.2160804271698,10.130653381347656,qmix,smacv2,protoss_5_vs_5,100,0.0
3534000,1766,2026-06-09T21:39:17.326522,6.40320348739624,2.556384563446045,2.3768842220306396,12.056532859802246,qmix,smacv2,protoss_5_vs_5,100,0.05000000074505806
3536000,1767,2026-06-09T21:41:55.829457,5.811432838439941,2.0278995037078857,0.8643215894699097,9.6356782913208,qmix,smacv2,protoss_5_vs_5,100,0.0
3538000,1768,2026-06-09T21:44:34.503883,5.489510536193848,1.6728508472442627,3.2625629901885986,9.457286834716797,qmix,smacv2,protoss_5_vs_5,100,0.0
3540000,1769,2026-06-09T21:47:13.523063,5.694032192230225,1.5648155212402344,3.7876884937286377,9.748743057250977,qmix,smacv2,protoss_5_vs_5,100,0.0
3542000,1770,2026-06-09T21:49:51.143994,5.98473596572876,2.379072427749634,3.1557791233062744,11.45728588104248,qmix,smacv2,protoss_5_vs_5,100,0.0
3544000,1771,2026-06-09T21:52:27.779332,5.41118049621582,1.283832311630249,3.557788848876953,8.713567733764648,qmix,smacv2,protoss_5_vs_5,100,0.0
3546000,1772,2026-06-09T21:55:06.415620,5.535049915313721,2.4845077991485596,3.3366832733154297,14.070352554321289,qmix,smacv2,protoss_5_vs_5,100,0.05000000074505806
3548000,1773,2026-06-09T21:57:45.778676,6.0846734046936035,1.9561340808868408,2.7638192176818848,9.091708183288574,qmix,smacv2,protoss_5_vs_5,100,0.0
3550000,1774,2026-06-09T22:00:28.475359,5.291332244873047,1.4196534156799316,3.265075206756592,8.12060260772705,qmix,smacv2,protoss_5_vs_5,100,0.0
3552000,1775,2026-06-09T22:03:12.409538,5.581218242645264,1.8896832466125488,2.884422540664673,10.241207122802734,qmix,smacv2,protoss_5_vs_5,100,0.0
3554000,1776,2026-06-09T22:05:53.486672,5.846293926239014,1.954736590385437,2.904522657394409,11.125627517700195,qmix,smacv2,protoss_5_vs_5,100,0.0
3556000,1777,2026-06-09T22:08:34.839864,5.993278980255127,2.6986770629882812,2.258793830871582,14.271356582641602,qmix,smacv2,protoss_5_vs_5,100,0.05000000074505806
3558000,1778,2026-06-09T22:11:15.178337,5.200565814971924,1.8862825632095337,2.6344218254089355,12.261307716369629,qmix,smacv2,protoss_5_vs_5,100,0.05000000074505806
3560000,1779,2026-06-09T22:13:56.677596,5.163567543029785,1.6979904174804688,2.3266332149505615,9.195980072021484,qmix,smacv2,protoss_5_vs_5,100,0.0
3562000,1780,2026-06-09T22:16:37.651667,5.61356782913208,1.8988580703735352,2.370603084564209,9.511305809020996,qmix,smacv2,protoss_5_vs_5,100,0.0
3564000,1781,2026-06-09T22:19:14.598516,5.363819122314453,1.4185529947280884,3.363065242767334,8.72236156463623,qmix,smacv2,protoss_5_vs_5,100,0.0
3566000,1782,2026-06-09T22:21:53.873836,5.424560070037842,1.7344383001327515,2.773869514465332,10.664572715759277,qmix,smacv2,protoss_5_vs_5,100,0.0
3568000,1783,2026-06-09T22:24:33.713395,5.665640830993652,1.662332534790039,2.587939977645874,9.567839622497559,qmix,smacv2,protoss_5_vs_5,100,0.0
3570000,1784,2026-06-09T22:27:10.949806,5.6329145431518555,1.7266764640808105,2.8241207599639893,8.743718147277832,qmix,smacv2,protoss_5_vs_5,100,0.0
3572000,1785,2026-06-09T22:29:51.771114,5.791959762573242,1.881664752960205,2.976130962371826,8.742462158203125,qmix,smacv2,protoss_5_vs_5,100,0.0
3574000,1786,2026-06-09T22:32:33.098041,5.912625312805176,1.528327226638794,3.2864317893981934,8.409547805786133,qmix,smacv2,protoss_5_vs_5,100,0.0
3576000,1787,2026-06-09T22:35:17.397540,5.528893947601318,1.951460361480713,1.487437129020691,8.464824676513672,qmix,smacv2,protoss_5_vs_5,100,0.0
3578000,1788,2026-06-09T22:37:53.446938,5.121670722961426,2.16039776802063,2.1658291816711426,12.462310791015625,qmix,smacv2,protoss_5_vs_5,100,0.05000000074505806
3580000,1789,2026-06-09T22:40:30.342300,5.129899501800537,1.473083734512329,2.894472360610962,8.241206169128418,qmix,smacv2,protoss_5_vs_5,100,0.0
3582000,1790,2026-06-09T22:43:08.626878,5.3097991943359375,1.9531868696212769,1.9899498224258423,9.556532859802246,qmix,smacv2,protoss_5_vs_5,100,0.0
3584000,1791,2026-06-09T22:45:49.540965,5.887751579284668,2.1316802501678467,2.2123115062713623,9.597989082336426,qmix,smacv2,protoss_5_vs_5,100,0.0
3586000,1792,2026-06-09T22:48:30.084427,5.012625694274902,1.5037295818328857,2.693467378616333,7.8479905128479,qmix,smacv2,protoss_5_vs_5,100,0.0
3588000,1793,2026-06-09T22:51:10.420220,5.326507568359375,1.7197262048721313,3.4170851707458496,9.025126457214355,qmix,smacv2,protoss_5_vs_5,100,0.0
3590000,1794,2026-06-09T22:53:50.873534,5.3185930252075195,1.7064344882965088,3.388190746307373,10.118090629577637,qmix,smacv2,protoss_5_vs_5,100,0.0
3592000,1795,2026-06-09T22:56:33.382410,4.850125312805176,1.7590476274490356,1.8366835117340088,7.701004981994629,qmix,smacv2,protoss_5_vs_5,100,0.0
3594000,1796,2026-06-09T22:59:12.780495,5.188756465911865,1.6345255374908447,2.572864294052124,8.310301780700684,qmix,smacv2,protoss_5_vs_5,100,0.0
3596000,1797,2026-06-09T23:01:51.979138,5.153078079223633,1.6278572082519531,3.015075445175171,8.8341703414917,qmix,smacv2,protoss_5_vs_5,100,0.0
3598000,1798,2026-06-09T23:04:29.961231,5.507537841796875,2.0217206478118896,3.0841708183288574,12.060302734375,qmix,smacv2,protoss_5_vs_5,100,0.05000000074505806
3600000,1799,2026-06-09T23:07:08.166939,5.908416748046875,2.670889139175415,2.251256227493286,12.361808776855469,qmix,smacv2,protoss_5_vs_5,100,0.05000000074505806
3602000,1800,2026-06-09T23:09:46.974648,5.590515613555908,1.5623295307159424,2.7537686824798584,9.150753021240234,qmix,smacv2,protoss_5_vs_5,100,0.0
3604000,1801,2026-06-09T23:12:27.140006,5.964259147644043,2.2721657752990723,3.5678391456604004,12.261307716369629,qmix,smacv2,protoss_5_vs_5,100,0.05000000074505806
3606000,1802,2026-06-09T23:15:06.458826,5.701318740844727,2.8541269302368164,3.273869276046753,14.301507949829102,qmix,smacv2,protoss_5_vs_5,100,0.10000000149011612
3608000,1803,2026-06-09T23:17:48.195582,5.466897010803223,2.340974807739258,2.983668327331543,14.271357536315918,qmix,smacv2,protoss_5_vs_5,100,0.05000000074505806
3610000,1804,2026-06-09T23:20:28.808428,4.910238742828369,1.6555455923080444,2.2625627517700195,7.935929775238037,qmix,smacv2,protoss_5_vs_5,100,0.0
3612000,1805,2026-06-09T23:23:06.237539,5.185050010681152,1.2678805589675903,3.3442211151123047,7.742461204528809,qmix,smacv2,protoss_5_vs_5,100,0.0
3614000,1806,2026-06-09T23:25:45.855902,5.460301399230957,1.5446321964263916,2.379396915435791,8.393216133117676,qmix,smacv2,protoss_5_vs_5,100,0.0
3616000,1807,2026-06-09T23:28:25.950091,5.827261447906494,1.4878571033477783,3.0464823246002197,8.202260971069336,qmix,smacv2,protoss_5_vs_5,100,0.0
3618000,1808,2026-06-09T23:31:03.795386,6.816017150878906,2.388434410095215,3.5175881385803223,11.526381492614746,qmix,smacv2,protoss_5_vs_5,100,0.05000000074505806
3620000,1809,2026-06-09T23:33:43.271890,5.432600975036621,1.8260573148727417,2.0703518390655518,9.918341636657715,qmix,smacv2,protoss_5_vs_5,100,0.0
3622000,1810,2026-06-09T23:36:23.302819,5.226004600524902,1.5977323055267334,3.477386951446533,8.998743057250977,qmix,smacv2,protoss_5_vs_5,100,0.0
3624000,1811,2026-06-09T23:39:02.919041,4.8775129318237305,1.5770434141159058,2.821608066558838,8.512563705444336,qmix,smacv2,protoss_5_vs_5,100,0.0
3626000,1812,2026-06-09T23:41:45.446097,5.011432647705078,1.6749204397201538,2.8040201663970947,8.680904388427734,qmix,smacv2,protoss_5_vs_5,100,0.0
3628000,1813,2026-06-09T23:44:27.045492,5.289196014404297,1.8072925806045532,2.86432147026062,10.17587947845459,qmix,smacv2,protoss_5_vs_5,100,0.0
3630000,1814,2026-06-09T23:47:08.064315,5.744095325469971,2.368381977081299,3.860553026199341,14.335428237915039,qmix,smacv2,protoss_5_vs_5,100,0.05000000074505806
3632000,1815,2026-06-09T23:49:50.106288,5.699685573577881,2.4739887714385986,1.6834169626235962,10.896984100341797,qmix,smacv2,protoss_5_vs_5,100,0.0
3634000,1816,2026-06-09T23:52:29.571268,4.9005022048950195,1.5108722448349,2.814070463180542,8.31155776977539,qmix,smacv2,protoss_5_vs_5,100,0.0
3636000,1817,2026-06-09T23:55:09.593290,5.6383161544799805,0.9564414620399475,4.110552787780762,7.236181735992432,qmix,smacv2,protoss_5_vs_5,100,0.0
3638000,1818,2026-06-09T23:57:47.092820,5.845728874206543,1.7276155948638916,2.773869514465332,10.920854568481445,qmix,smacv2,protoss_5_vs_5,100,0.0
3640000,1819,2026-06-10T00:00:24.279380,5.5377516746521,1.6480119228363037,3.345477342605591,10.261306762695312,qmix,smacv2,protoss_5_vs_5,100,0.0
3642000,1820,2026-06-10T00:03:03.708989,5.863316535949707,2.8945908546447754,2.251256227493286,14.271357536315918,qmix,smacv2,protoss_5_vs_5,100,0.05000000074505806
3644000,1821,2026-06-10T00:05:44.652280,5.5800251960754395,2.0903053283691406,3.458542585372925,11.969849586486816,qmix,smacv2,protoss_5_vs_5,100,0.0
3646000,1822,2026-06-10T00:08:23.301536,4.786871910095215,2.1779778003692627,2.6005022525787354,12.492462158203125,qmix,smacv2,protoss_5_vs_5,100,0.05000000074505806
3648000,1823,2026-06-10T00:11:02.666363,5.352637767791748,1.9478765726089478,2.7236177921295166,11.32663345336914,qmix,smacv2,protoss_5_vs_5,100,0.0
3650000,1824,2026-06-10T00:13:42.720727,6.252386569976807,2.6749300956726074,2.912060260772705,12.469847679138184,qmix,smacv2,protoss_5_vs_5,100,0.05000000074505806
3652000,1825,2026-06-10T00:16:22.549968,5.900188446044922,1.6294625997543335,2.894472599029541,9.420854568481445,qmix,smacv2,protoss_5_vs_5,100,0.0
3654000,1826,2026-06-10T00:19:02.075597,5.931281089782715,2.867969274520874,2.822864294052124,16.281408309936523,qmix,smacv2,protoss_5_vs_5,100,0.05000000074505806
3656000,1827,2026-06-10T00:21:41.654429,5.628643035888672,1.8150087594985962,2.910804033279419,9.979899406433105,qmix,smacv2,protoss_5_vs_5,100,0.0
3658000,1828,2026-06-10T00:24:23.183734,5.349874496459961,2.006277084350586,2.219849109649658,10.15075397491455,qmix,smacv2,protoss_5_vs_5,100,0.05000000074505806
3660000,1829,2026-06-10T00:27:03.824932,6.0219221115112305,2.461272954940796,2.7801506519317627,14.331659317016602,qmix,smacv2,protoss_5_vs_5,100,0.10000000149011612
3662000,1830,2026-06-10T00:29:44.505612,5.246481895446777,1.882502555847168,2.654522657394409,10.98241138458252,qmix,smacv2,protoss_5_vs_5,100,0.0
3664000,1831,2026-06-10T00:32:25.322447,5.378705978393555,1.605665683746338,2.4384422302246094,10.120603561401367,qmix,smacv2,protoss_5_vs_5,100,0.0
3666000,1832,2026-06-10T00:35:04.506639,5.665892124176025,3.0696380138397217,2.579145908355713,14.417085647583008,qmix,smacv2,protoss_5_vs_5,100,0.05000000074505806
3668000,1833,2026-06-10T00:37:44.093240,6.343467712402344,2.0387470722198486,3.1419601440429688,12.390703201293945,qmix,smacv2,protoss_5_vs_5,100,0.05000000074505806
3670000,1834,2026-06-10T00:40:23.239120,5.757977485656738,1.5018515586853027,3.5942206382751465,8.82412052154541,qmix,smacv2,protoss_5_vs_5,100,0.0
3672000,1835,2026-06-10T00:43:00.888444,5.28316593170166,1.944514274597168,2.9899497032165527,10.15075397491455,qmix,smacv2,protoss_5_vs_5,100,0.05000000074505806
3674000,1836,2026-06-10T00:45:39.413991,5.189572334289551,1.5061215162277222,2.814070224761963,8.243719100952148,qmix,smacv2,protoss_5_vs_5,100,0.0
3676000,1837,2026-06-10T00:48:19.647354,6.224246501922607,1.4818840026855469,4.0,8.693467140197754,qmix,smacv2,protoss_5_vs_5,100,0.0
3678000,1838,2026-06-10T00:50:59.142133,5.005652904510498,1.762075662612915,2.733668327331543,9.434673309326172,qmix,smacv2,protoss_5_vs_5,100,0.0
3680000,1839,2026-06-10T00:53:37.814055,5.039069652557373,1.2916288375854492,2.403266191482544,6.954773902893066,qmix,smacv2,protoss_5_vs_5,100,0.0
3682000,1840,2026-06-10T00:56:16.725179,5.461431980133057,1.6938879489898682,2.82412052154541,8.814070701599121,qmix,smacv2,protoss_5_vs_5,100,0.0
3684000,1841,2026-06-10T00:59:01.778459,6.4456658363342285,2.360912799835205,3.5678391456604004,12.37939739227295,qmix,smacv2,protoss_5_vs_5,100,0.0
3686000,1842,2026-06-10T01:01:39.473309,5.170979976654053,1.8468221426010132,2.5929648876190186,9.255024909973145,qmix,smacv2,protoss_5_vs_5,100,0.0
3688000,1843,2026-06-10T01:04:18.454436,6.162877082824707,2.6978957653045654,2.724874496459961,12.471105575561523,qmix,smacv2,protoss_5_vs_5,100,0.05000000074505806
3690000,1844,2026-06-10T01:06:59.096121,5.8304643630981445,2.1617422103881836,2.606783866882324,12.261306762695312,qmix,smacv2,protoss_5_vs_5,100,0.05000000074505806
3692000,1845,2026-06-10T01:09:41.348386,4.677952766418457,1.3687676191329956,2.412060260772705,9.12060260772705,qmix,smacv2,protoss_5_vs_5,100,0.0
3694000,1846,2026-06-10T01:12:21.983468,5.139447212219238,2.0384812355041504,2.4422109127044678,9.26633071899414,qmix,smacv2,protoss_5_vs_5,100,0.0
3696000,1847,2026-06-10T01:15:02.896785,4.876507759094238,1.2000809907913208,2.9723618030548096,7.246232032775879,qmix,smacv2,protoss_5_vs_5,100,0.0
3698000,1848,2026-06-10T01:17:45.098988,5.467210292816162,1.1113917827606201,3.8492462635040283,7.587940216064453,qmix,smacv2,protoss_5_vs_5,100,0.0
3700000,1849,2026-06-10T01:20:25.968770,5.903454780578613,2.491454839706421,3.2060298919677734,14.422111511230469,qmix,smacv2,protoss_5_vs_5,100,0.05000000074505806
3702000,1850,2026-06-10T01:23:06.015031,6.0621232986450195,1.9480030536651611,3.3203513622283936,10.140703201293945,qmix,smacv2,protoss_5_vs_5,100,0.0
3704000,1851,2026-06-10T01:25:45.480755,6.431910037994385,2.1127614974975586,2.7751259803771973,10.080402374267578,qmix,smacv2,protoss_5_vs_5,100,0.05000000074505806
3706000,1852,2026-06-10T01:28:21.936546,5.797863960266113,1.7970906496047974,3.1005022525787354,10.16080379486084,qmix,smacv2,protoss_5_vs_5,100,0.0
3708000,1853,2026-06-10T01:30:58.814225,6.244095802307129,1.9033688306808472,2.953517436981201,10.153265953063965,qmix,smacv2,protoss_5_vs_5,100,0.0
3710000,1854,2026-06-10T01:33:38.311743,5.564196586608887,1.707695484161377,3.6482410430908203,9.629396438598633,qmix,smacv2,protoss_5_vs_5,100,0.0
3712000,1855,2026-06-10T01:36:16.936271,5.592839241027832,1.296220064163208,3.113065242767334,8.040201187133789,qmix,smacv2,protoss_5_vs_5,100,0.0
3714000,1856,2026-06-10T01:38:58.702211,5.387939929962158,1.5262248516082764,3.306532382965088,9.376884460449219,qmix,smacv2,protoss_5_vs_5,100,0.0
3716000,1857,2026-06-10T01:41:41.514870,6.2062811851501465,1.4821134805679321,3.788944721221924,8.8341703414917,qmix,smacv2,protoss_5_vs_5,100,0.0
3718000,1858,2026-06-10T01:44:21.245767,5.660175800323486,2.144993782043457,2.5188441276550293,11.386934280395508,qmix,smacv2,protoss_5_vs_5,100,0.0
3720000,1859,2026-06-10T01:47:04.103605,6.276005268096924,2.263955593109131,2.8341708183288574,10.603014945983887,qmix,smacv2,protoss_5_vs_5,100,0.0
3722000,1860,2026-06-10T01:49:46.107320,5.2936553955078125,1.1492797136306763,3.605527400970459,7.939698696136475,qmix,smacv2,protoss_5_vs_5,100,0.0
3724000,1861,2026-06-10T01:52:25.208263,5.984736442565918,1.4493775367736816,2.814070224761963,8.060300827026367,qmix,smacv2,protoss_5_vs_5,100,0.0
3726000,1862,2026-06-10T01:55:04.116187,5.747864723205566,1.7040352821350098,3.378140926361084,8.824121475219727,qmix,smacv2,protoss_5_vs_5,100,0.0
3728000,1863,2026-06-10T01:57:41.395194,5.502889633178711,1.7158129215240479,2.864321708679199,9.513819694519043,qmix,smacv2,protoss_5_vs_5,100,0.0
3730000,1864,2026-06-10T02:00:20.965450,5.904836654663086,2.3705313205718994,2.371859073638916,12.329145431518555,qmix,smacv2,protoss_5_vs_5,100,0.05000000074505806
3732000,1865,2026-06-10T02:02:59.505706,4.839761734008789,1.9155356884002686,1.9798996448516846,10.257536888122559,qmix,smacv2,protoss_5_vs_5,100,0.0
3734000,1866,2026-06-10T02:05:40.125667,5.250502586364746,1.5524051189422607,3.3027641773223877,9.398241996765137,qmix,smacv2,protoss_5_vs_5,100,0.0
3736000,1867,2026-06-10T02:08:20.578677,5.958982467651367,2.4359183311462402,3.2952263355255127,12.361808776855469,qmix,smacv2,protoss_5_vs_5,100,0.05000000074505806
3738000,1868,2026-06-10T02:11:21.950293,5.073869705200195,1.6164945363998413,3.006281614303589,8.532663345336914,qmix,smacv2,protoss_5_vs_5,100,0.0
3740000,1869,2026-06-10T02:13:58.507871,5.574246406555176,2.21101450920105,2.322864532470703,12.319095611572266,qmix,smacv2,protoss_5_vs_5,100,0.0
3742000,1870,2026-06-10T02:16:27.042136,5.019284248352051,1.7860442399978638,2.904522657394409,9.164573669433594,qmix,smacv2,protoss_5_vs_5,100,0.0
3744000,1871,2026-06-10T02:19:04.931633,4.772487163543701,1.601082444190979,1.6469848155975342,8.542713165283203,qmix,smacv2,protoss_5_vs_5,100,0.0
3746000,1872,2026-06-10T02:21:42.302080,4.504209041595459,1.3664884567260742,2.1821608543395996,7.516332149505615,qmix,smacv2,protoss_5_vs_5,100,0.0
3748000,1873,2026-06-10T02:24:22.151202,5.495540142059326,2.1428685188293457,2.2211055755615234,11.223618507385254,qmix,smacv2,protoss_5_vs_5,100,0.0
3750000,1874,2026-06-10T02:27:03.219367,3.230841875076294,1.3850231170654297,1.7072864770889282,7.673366546630859,qmix,smacv2,protoss_5_vs_5,100,0.0
3752000,1875,2026-06-10T02:29:45.788294,5.782474994659424,1.8206186294555664,3.1959798336029053,9.595477104187012,qmix,smacv2,protoss_5_vs_5,100,0.0
3754000,1876,2026-06-10T02:32:31.622268,5.915766716003418,2.2910172939300537,2.6319096088409424,12.160804748535156,qmix,smacv2,protoss_5_vs_5,100,0.05000000074505806
3756000,1877,2026-06-10T02:35:14.991342,5.2496232986450195,1.6514840126037598,2.9246230125427246,9.993718147277832,qmix,smacv2,protoss_5_vs_5,100,0.0
3758000,1878,2026-06-10T02:37:59.721177,5.554082870483398,1.51021146774292,3.0050251483917236,7.738694190979004,qmix,smacv2,protoss_5_vs_5,100,0.0
3760000,1879,2026-06-10T02:40:44.481503,5.990641117095947,1.5627665519714355,3.7173361778259277,10.15075397491455,qmix,smacv2,protoss_5_vs_5,100,0.05000000074505806
3762000,1880,2026-06-10T02:43:26.488168,5.323241233825684,1.6728564500808716,3.2562813758850098,8.693467140197754,qmix,smacv2,protoss_5_vs_5,100,0.0
3764000,1881,2026-06-10T02:46:06.847262,4.922361373901367,1.4159058332443237,2.1331658363342285,7.179647922515869,qmix,smacv2,protoss_5_vs_5,100,0.0
3766000,1882,2026-06-10T02:48:47.419529,5.779019832611084,2.5098764896392822,2.6834170818328857,14.371858596801758,qmix,smacv2,protoss_5_vs_5,100,0.05000000074505806
3768000,1883,2026-06-10T02:51:26.817469,5.044283866882324,2.0142834186553955,3.17587947845459,12.462311744689941,qmix,smacv2,protoss_5_vs_5,100,0.05000000074505806
3770000,1884,2026-06-10T02:54:03.883824,5.439824104309082,1.8931804895401,2.0603015422821045,9.6143217086792,qmix,smacv2,protoss_5_vs_5,100,0.0
3772000,1885,2026-06-10T02:56:42.173212,5.655339241027832,1.3357291221618652,2.9346730709075928,8.010049819946289,qmix,smacv2,protoss_5_vs_5,100,0.0
3774000,1886,2026-06-10T02:59:21.734553,5.051319122314453,1.618442177772522,2.879396915435791,7.952261447906494,qmix,smacv2,protoss_5_vs_5,100,0.0
3776000,1887,2026-06-10T03:02:00.853238,5.420414924621582,2.0053396224975586,3.2160804271698,12.361808776855469,qmix,smacv2,protoss_5_vs_5,100,0.05000000074505806
3778000,1888,2026-06-10T03:04:40.292330,5.368592739105225,1.9680103063583374,3.275125503540039,10.35175895690918,qmix,smacv2,protoss_5_vs_5,100,0.05000000074505806
3780000,1889,2026-06-10T03:07:23.813156,5.750377178192139,2.0095129013061523,2.3077890872955322,9.11683464050293,qmix,smacv2,protoss_5_vs_5,100,0.0
3782000,1890,2026-06-10T03:10:05.988069,6.584925174713135,2.219555139541626,3.3731155395507812,12.060301780700684,qmix,smacv2,protoss_5_vs_5,100,0.05000000074505806
3784000,1891,2026-06-10T03:12:46.139052,4.694598197937012,1.4431989192962646,2.1394472122192383,8.342965126037598,qmix,smacv2,protoss_5_vs_5,100,0.0
3786000,1892,2026-06-10T03:15:25.965120,5.682474613189697,1.8119014501571655,2.814070224761963,10.449748039245605,qmix,smacv2,protoss_5_vs_5,100,0.0
3788000,1893,2026-06-10T03:18:04.326364,5.001507759094238,1.6687058210372925,2.797738790512085,9.869346618652344,qmix,smacv2,protoss_5_vs_5,100,0.0
3790000,1894,2026-06-10T03:20:40.494688,5.344409465789795,2.5748980045318604,2.969849109649658,12.365579605102539,qmix,smacv2,protoss_5_vs_5,100,0.05000000074505806
3792000,1895,2026-06-10T03:23:25.315454,5.977700710296631,2.810354232788086,1.8856782913208008,14.371859550476074,qmix,smacv2,protoss_5_vs_5,100,0.05000000074505806
3794000,1896,2026-06-10T03:26:01.462166,5.084673881530762,1.502015233039856,3.0050249099731445,8.575376510620117,qmix,smacv2,protoss_5_vs_5,100,0.0
3796000,1897,2026-06-10T03:28:40.755695,5.676695823669434,1.9463800191879272,3.070352077484131,9.829145431518555,qmix,smacv2,protoss_5_vs_5,100,0.0
3798000,1898,2026-06-10T03:31:21.021984,5.5029520988464355,1.3760582208633423,3.2851758003234863,8.319095611572266,qmix,smacv2,protoss_5_vs_5,100,0.0
3800000,1899,2026-06-10T03:34:01.415980,5.504648685455322,1.814045786857605,3.1017589569091797,10.743718147277832,qmix,smacv2,protoss_5_vs_5,100,0.0
3802000,1900,2026-06-10T03:36:44.977773,5.965577602386475,2.783940315246582,1.5175879001617432,14.271356582641602,qmix,smacv2,protoss_5_vs_5,100,0.05000000074505806
3804000,1901,2026-06-10T03:39:24.841794,5.3919596672058105,1.4614330530166626,3.096733331680298,9.095478057861328,qmix,smacv2,protoss_5_vs_5,100,0.0
3806000,1902,2026-06-10T03:42:03.951271,5.629899024963379,1.8577908277511597,3.2788944244384766,9.815326690673828,qmix,smacv2,protoss_5_vs_5,100,0.0
3808000,1903,2026-06-10T03:44:42.957982,6.558480262756348,2.5891315937042236,3.096733570098877,12.290201187133789,qmix,smacv2,protoss_5_vs_5,100,0.10000000149011612
3810000,1904,2026-06-10T03:47:22.239473,5.506783485412598,2.0309877395629883,2.4221105575561523,10.351758003234863,qmix,smacv2,protoss_5_vs_5,100,0.05000000074505806
3812000,1905,2026-06-10T03:50:02.546715,5.394158363342285,1.649114966392517,2.9811556339263916,9.407034873962402,qmix,smacv2,protoss_5_vs_5,100,0.0
3814000,1906,2026-06-10T03:52:42.357339,5.687813758850098,2.0920305252075195,2.927135467529297,10.964824676513672,qmix,smacv2,protoss_5_vs_5,100,0.0
3816000,1907,2026-06-10T03:55:21.879388,5.905402183532715,2.2342779636383057,2.6344220638275146,12.462310791015625,qmix,smacv2,protoss_5_vs_5,100,0.10000000149011612
3818000,1908,2026-06-10T03:57:59.365884,4.968781471252441,1.448298454284668,2.6871860027313232,8.272613525390625,qmix,smacv2,protoss_5_vs_5,100,0.0
3820000,1909,2026-06-10T04:00:38.025369,5.518530368804932,1.5928950309753418,2.1507537364959717,9.396985054016113,qmix,smacv2,protoss_5_vs_5,100,0.0
3822000,1910,2026-06-10T04:03:18.162869,5.451633453369141,1.3405295610427856,3.3756282329559326,7.889447212219238,qmix,smacv2,protoss_5_vs_5,100,0.0
3824000,1911,2026-06-10T04:05:59.576806,5.941771030426025,0.9002235531806946,4.580402374267578,7.968592643737793,qmix,smacv2,protoss_5_vs_5,100,0.0
3826000,1912,2026-06-10T04:08:39.652356,4.827386856079102,1.3502854108810425,2.6633167266845703,7.409547328948975,qmix,smacv2,protoss_5_vs_5,100,0.0
3828000,1913,2026-06-10T04:11:19.075182,6.110992431640625,1.4683483839035034,4.011306285858154,8.361809730529785,qmix,smacv2,protoss_5_vs_5,100,0.0
3830000,1914,2026-06-10T04:13:58.007880,5.481281280517578,2.5417487621307373,2.364321708679199,12.361808776855469,qmix,smacv2,protoss_5_vs_5,100,0.05000000074505806
3832000,1915,2026-06-10T04:16:38.124693,5.694912433624268,2.7559752464294434,2.1507537364959717,12.310301780700684,qmix,smacv2,protoss_5_vs_5,100,0.10000000149011612
3834000,1916,2026-06-10T04:19:18.444380,5.334987640380859,2.092033863067627,2.846733808517456,12.261306762695312,qmix,smacv2,protoss_5_vs_5,100,0.05000000074505806
3836000,1917,2026-06-10T04:21:56.929504,6.592462062835693,2.5267882347106934,3.879396915435791,14.170854568481445,qmix,smacv2,protoss_5_vs_5,100,0.15000000596046448
3838000,1918,2026-06-10T04:24:37.242902,5.09566593170166,1.6834789514541626,2.4221105575561523,9.829145431518555,qmix,smacv2,protoss_5_vs_5,100,0.0
3840000,1919,2026-06-10T04:27:18.299501,6.540200710296631,1.7608760595321655,3.2160801887512207,9.748744010925293,qmix,smacv2,protoss_5_vs_5,100,0.0
3842000,1920,2026-06-10T04:30:01.108923,5.611871719360352,1.715401291847229,3.5025126934051514,9.125628471374512,qmix,smacv2,protoss_5_vs_5,100,0.0
3844000,1921,2026-06-10T04:32:43.962141,5.903328895568848,1.4638230800628662,3.6381912231445312,9.185929298400879,qmix,smacv2,protoss_5_vs_5,100,0.0
3846000,1922,2026-06-10T04:35:20.671092,4.8841705322265625,0.9344983696937561,2.8831658363342285,6.753767967224121,qmix,smacv2,protoss_5_vs_5,100,0.0
3848000,1923,2026-06-10T04:37:59.182604,6.699183464050293,3.0951788425445557,3.2675881385803223,14.070352554321289,qmix,smacv2,protoss_5_vs_5,100,0.10000000149011612
3850000,1924,2026-06-10T04:40:37.391237,5.26809024810791,1.709438443183899,2.6570353507995605,9.272613525390625,qmix,smacv2,protoss_5_vs_5,100,0.0
3852000,1925,2026-06-10T04:43:16.375315,5.425753593444824,1.4445769786834717,2.44472336769104,8.522613525390625,qmix,smacv2,protoss_5_vs_5,100,0.0
3854000,1926,2026-06-10T04:45:57.941518,5.2109293937683105,1.310904622077942,1.9497487545013428,7.38693380355835,qmix,smacv2,protoss_5_vs_5,100,0.0
3856000,1927,2026-06-10T04:48:39.294289,5.855464935302734,2.37076997756958,2.663316488265991,12.178391456604004,qmix,smacv2,protoss_5_vs_5,100,0.05000000074505806
3858000,1928,2026-06-10T04:51:17.931181,5.5154523849487305,2.424936056137085,2.522613286972046,12.261306762695312,qmix,smacv2,protoss_5_vs_5,100,0.10000000149011612
3860000,1929,2026-06-10T04:53:56.228263,6.10194730758667,1.7751097679138184,3.6281402111053467,9.324121475219727,qmix,smacv2,protoss_5_vs_5,100,0.0
3862000,1930,2026-06-10T04:56:35.073950,4.949183464050293,1.1616965532302856,2.693467378616333,6.58919620513916,qmix,smacv2,protoss_5_vs_5,100,0.0
3864000,1931,2026-06-10T04:59:15.603065,6.180778503417969,2.5383317470550537,2.9962315559387207,11.46733570098877,qmix,smacv2,protoss_5_vs_5,100,0.0
3866000,1932,2026-06-10T05:01:55.238652,5.355025768280029,1.5805253982543945,2.8090453147888184,9.085427284240723,qmix,smacv2,protoss_5_vs_5,100,0.0
3868000,1933,2026-06-10T05:04:34.607815,5.708165645599365,2.7800302505493164,3.1017587184906006,16.28140640258789,qmix,smacv2,protoss_5_vs_5,100,0.05000000074505806
3870000,1934,2026-06-10T05:07:15.445168,5.479271411895752,2.7445197105407715,2.7035179138183594,14.170854568481445,qmix,smacv2,protoss_5_vs_5,100,0.05000000074505806
3872000,1935,2026-06-10T05:09:57.352311,5.720225811004639,1.7871322631835938,2.984924793243408,9.035176277160645,qmix,smacv2,protoss_5_vs_5,100,0.0
3874000,1936,2026-06-10T05:12:37.771835,5.8216705322265625,2.1662495136260986,2.9497487545013428,11.306532859802246,qmix,smacv2,protoss_5_vs_5,100,0.0
3876000,1937,2026-06-10T05:15:17.335145,5.462625026702881,1.775006890296936,3.113065242767334,9.06909465789795,qmix,smacv2,protoss_5_vs_5,100,0.0
3878000,1938,2026-06-10T05:17:54.562642,5.35841703414917,1.7092020511627197,2.8115575313568115,9.80904483795166,qmix,smacv2,protoss_5_vs_5,100,0.0
3880000,1939,2026-06-10T05:20:34.544702,6.191519737243652,1.7779608964920044,3.5201003551483154,10.864320755004883,qmix,smacv2,protoss_5_vs_5,100,0.0
3882000,1940,2026-06-10T05:23:14.184120,5.252135276794434,1.0325876474380493,3.5188441276550293,7.263818264007568,qmix,smacv2,protoss_5_vs_5,100,0.0
3884000,1941,2026-06-10T05:25:53.733546,5.563881874084473,1.4426679611206055,3.734924793243408,8.743719100952148,qmix,smacv2,protoss_5_vs_5,100,0.0
3886000,1942,2026-06-10T05:28:31.779351,4.808354377746582,1.7122087478637695,2.6231155395507812,9.005024909973145,qmix,smacv2,protoss_5_vs_5,100,0.0
3888000,1943,2026-06-10T05:31:12.526812,6.160427093505859,2.0807220935821533,3.4899497032165527,12.16080379486084,qmix,smacv2,protoss_5_vs_5,100,0.05000000074505806
3890000,1944,2026-06-10T05:33:55.027453,6.140137672424316,1.769380807876587,3.5276381969451904,10.462310791015625,qmix,smacv2,protoss_5_vs_5,100,0.0
3892000,1945,2026-06-10T05:36:36.992177,5.15106725692749,1.6104880571365356,2.4296481609344482,8.251255989074707,qmix,smacv2,protoss_5_vs_5,100,0.0
3894000,1946,2026-06-10T05:39:17.800790,5.3066582679748535,1.4472987651824951,3.17587947845459,8.899497985839844,qmix,smacv2,protoss_5_vs_5,100,0.0
3896000,1947,2026-06-10T05:41:55.955722,5.543844223022461,1.8695356845855713,2.7600502967834473,9.597990036010742,qmix,smacv2,protoss_5_vs_5,100,0.0
3898000,1948,2026-06-10T05:44:39.258047,5.189824104309082,1.407757043838501,2.467336654663086,7.768843650817871,qmix,smacv2,protoss_5_vs_5,100,0.0
3900000,1949,2026-06-10T05:47:18.389561,5.611306190490723,2.3393452167510986,1.9798996448516846,14.331659317016602,qmix,smacv2,protoss_5_vs_5,100,0.05000000074505806
3902000,1950,2026-06-10T05:49:57.076278,5.653893947601318,2.075756788253784,2.458542823791504,10.020100593566895,qmix,smacv2,protoss_5_vs_5,100,0.0
3904000,1951,2026-06-10T05:52:35.399614,5.805087566375732,2.19734787940979,2.724874258041382,11.376885414123535,qmix,smacv2,protoss_5_vs_5,100,0.0
3906000,1952,2026-06-10T05:55:13.181595,5.730401992797852,2.2356960773468018,2.967336654663086,12.283920288085938,qmix,smacv2,protoss_5_vs_5,100,0.05000000074505806
3908000,1953,2026-06-10T05:57:52.657655,5.791520118713379,2.107208013534546,2.831658124923706,9.929648399353027,qmix,smacv2,protoss_5_vs_5,100,0.0
3910000,1954,2026-06-10T06:00:31.807545,4.6394476890563965,1.043189525604248,2.5226128101348877,6.664572715759277,qmix,smacv2,protoss_5_vs_5,100,0.0
3912000,1955,2026-06-10T06:03:13.437298,5.382663249969482,2.233426570892334,2.572864294052124,12.361808776855469,qmix,smacv2,protoss_5_vs_5,100,0.05000000074505806
3914000,1956,2026-06-10T06:05:54.603439,5.208605766296387,2.0512850284576416,2.894472599029541,11.507536888122559,qmix,smacv2,protoss_5_vs_5,100,0.0
3916000,1957,2026-06-10T06:08:36.261001,5.101884365081787,1.828919529914856,3.587939500808716,12.261306762695312,qmix,smacv2,protoss_5_vs_5,100,0.05000000074505806
3918000,1958,2026-06-10T06:11:16.752509,4.858856678009033,1.8806647062301636,2.4233667850494385,9.636934280395508,qmix,smacv2,protoss_5_vs_5,100,0.0
3920000,1959,2026-06-10T06:13:57.693924,5.653517246246338,1.7670526504516602,2.6834170818328857,9.5841703414917,qmix,smacv2,protoss_5_vs_5,100,0.0
3922000,1960,2026-06-10T06:16:38.440186,5.531658172607422,1.8240227699279785,3.2713570594787598,12.130653381347656,qmix,smacv2,protoss_5_vs_5,100,0.0
3924000,1961,2026-06-10T06:19:16.860093,5.369597434997559,1.599050521850586,2.444723606109619,9.537687301635742,qmix,smacv2,protoss_5_vs_5,100,0.0
3926000,1962,2026-06-10T06:21:55.308683,5.2841081619262695,1.613027572631836,2.4095475673675537,8.110553741455078,qmix,smacv2,protoss_5_vs_5,100,0.0
3928000,1963,2026-06-10T06:24:34.860219,4.778077602386475,1.5635415315628052,2.548994779586792,8.542713165283203,qmix,smacv2,protoss_5_vs_5,100,0.0
3930000,1964,2026-06-10T06:27:12.183637,4.542525291442871,1.3612116575241089,2.356783866882324,8.562813758850098,qmix,smacv2,protoss_5_vs_5,100,0.0
3932000,1965,2026-06-10T06:29:50.799125,4.842336654663086,1.6931145191192627,2.4221103191375732,9.65829086303711,qmix,smacv2,protoss_5_vs_5,100,0.0
3934000,1966,2026-06-10T06:32:32.635101,5.545917510986328,1.9081320762634277,2.8341710567474365,9.949748992919922,qmix,smacv2,protoss_5_vs_5,100,0.0
3936000,1967,2026-06-10T06:35:13.152261,5.345225811004639,1.4864451885223389,2.873115301132202,7.9648237228393555,qmix,smacv2,protoss_5_vs_5,100,0.0
3938000,1968,2026-06-10T06:37:53.232697,5.108857154846191,1.4325103759765625,3.065326452255249,7.5427141189575195,qmix,smacv2,protoss_5_vs_5,100,0.0
3940000,1969,2026-06-10T06:40:31.681036,5.295226573944092,2.4247725009918213,2.2211055755615234,12.462311744689941,qmix,smacv2,protoss_5_vs_5,100,0.05000000074505806
3942000,1970,2026-06-10T06:43:12.522674,5.120414733886719,1.715802788734436,2.241206169128418,8.402009963989258,qmix,smacv2,protoss_5_vs_5,100,0.0
3944000,1971,2026-06-10T06:45:52.572350,5.82675838470459,2.2458157539367676,2.6005027294158936,10.653265953063965,qmix,smacv2,protoss_5_vs_5,100,0.0
3946000,1972,2026-06-10T06:48:31.277533,5.495539665222168,2.599841833114624,2.864321708679199,14.371859550476074,qmix,smacv2,protoss_5_vs_5,100,0.05000000074505806
3948000,1973,2026-06-10T06:51:11.617277,5.6095476150512695,1.3748806715011597,2.4949748516082764,8.332915306091309,qmix,smacv2,protoss_5_vs_5,100,0.0
3950000,1974,2026-06-10T06:53:51.265297,5.402763843536377,1.54392671585083,2.9535176753997803,8.54271411895752,qmix,smacv2,protoss_5_vs_5,100,0.0
3952000,1975,2026-06-10T06:56:30.058141,5.337437629699707,2.3057098388671875,2.4145727157592773,11.738694190979004,qmix,smacv2,protoss_5_vs_5,100,0.0
3954000,1976,2026-06-10T06:59:10.828117,5.980340003967285,1.7007355690002441,3.346733570098877,9.923367500305176,qmix,smacv2,protoss_5_vs_5,100,0.0
3956000,1977,2026-06-10T07:01:50.594441,5.714447498321533,2.326291799545288,2.7638192176818848,12.160804748535156,qmix,smacv2,protoss_5_vs_5,100,0.05000000074505806
3958000,1978,2026-06-10T07:04:30.041808,5.4423370361328125,2.2108569145202637,1.9371860027313232,11.697237014770508,qmix,smacv2,protoss_5_vs_5,100,0.0
3960000,1979,2026-06-10T07:07:11.482036,5.24805212020874,1.5763721466064453,2.854271411895752,8.404522895812988,qmix,smacv2,protoss_5_vs_5,100,0.0
3962000,1980,2026-06-10T07:09:53.003540,4.703517436981201,1.5558438301086426,3.227386951446533,10.15075397491455,qmix,smacv2,protoss_5_vs_5,100,0.05000000074505806
3964000,1981,2026-06-10T07:12:34.968825,5.506030082702637,2.3027265071868896,1.9371860027313232,9.300251007080078,qmix,smacv2,protoss_5_vs_5,100,0.0
3966000,1982,2026-06-10T07:15:14.946882,4.523618698120117,0.8162692785263062,2.982412099838257,6.340452194213867,qmix,smacv2,protoss_5_vs_5,100,0.0
3968000,1983,2026-06-10T07:17:55.522056,6.101444721221924,1.9953230619430542,2.9723618030548096,9.973618507385254,qmix,smacv2,protoss_5_vs_5,100,0.0
3970000,1984,2026-06-10T07:20:32.522715,5.5792083740234375,1.864646315574646,3.071607828140259,9.241206169128418,qmix,smacv2,protoss_5_vs_5,100,0.0
3972000,1985,2026-06-10T07:23:11.065707,5.925942420959473,2.5565662384033203,2.4484922885894775,14.170854568481445,qmix,smacv2,protoss_5_vs_5,100,0.05000000074505806
3974000,1986,2026-06-10T07:25:51.121432,6.1601128578186035,1.9982870817184448,3.437185764312744,10.452260971069336,qmix,smacv2,protoss_5_vs_5,100,0.05000000074505806
3976000,1987,2026-06-10T07:28:30.875656,5.34930944442749,0.9229953289031982,3.3128139972686768,7.163316249847412,qmix,smacv2,protoss_5_vs_5,100,0.0
3978000,1988,2026-06-10T07:31:08.706940,5.531846523284912,1.5165672302246094,3.4472358226776123,8.753768920898438,qmix,smacv2,protoss_5_vs_5,100,0.0
3980000,1989,2026-06-10T07:33:48.452449,5.75860595703125,2.1090497970581055,1.4133164882659912,11.335427284240723,qmix,smacv2,protoss_5_vs_5,100,0.0
3982000,1990,2026-06-10T07:36:27.514465,5.34999942779541,1.942715048789978,3.0351758003234863,10.603014945983887,qmix,smacv2,protoss_5_vs_5,100,0.0
3984000,1991,2026-06-10T07:39:08.131313,5.281093120574951,1.9036390781402588,2.4459798336029053,10.448493957519531,qmix,smacv2,protoss_5_vs_5,100,0.0
3986000,1992,2026-06-10T07:41:46.426844,5.060741424560547,2.02773380279541,2.3329145908355713,9.155779838562012,qmix,smacv2,protoss_5_vs_5,100,0.0
3988000,1993,2026-06-10T07:44:25.731002,4.630967140197754,1.146578073501587,2.7211055755615234,7.316581726074219,qmix,smacv2,protoss_5_vs_5,100,0.0
3990000,1994,2026-06-10T07:47:07.745652,5.974371910095215,2.2150652408599854,3.5188441276550293,10.251256942749023,qmix,smacv2,protoss_5_vs_5,100,0.0
3992000,1995,2026-06-10T07:49:49.691134,6.090201377868652,2.3205747604370117,3.3768839836120605,12.361808776855469,qmix,smacv2,protoss_5_vs_5,100,0.05000000074505806
3994000,1996,2026-06-10T07:52:31.265509,5.703580379486084,1.6888093948364258,2.8592963218688965,8.690954208374023,qmix,smacv2,protoss_5_vs_5,100,0.0
3996000,1997,2026-06-10T07:55:10.676538,4.869347095489502,2.159852981567383,1.6407034397125244,12.361808776855469,qmix,smacv2,protoss_5_vs_5,100,0.05000000074505806
3998000,1998,2026-06-10T07:58:13.321985,4.805087566375732,1.6483935117721558,2.290201187133789,8.381909370422363,qmix,smacv2,protoss_5_vs_5,100,0.0
4000000,1999,2026-06-10T08:00:49.745172,5.879836559295654,2.4049618244171143,2.380653142929077,12.287687301635742,qmix,smacv2,protoss_5_vs_5,100,0.05000000074505806
4002000,2000,2026-06-10T08:03:19.411799,6.585866451263428,3.7062277793884277,2.9233667850494385,18.226131439208984,qmix,smacv2,protoss_5_vs_5,100,0.10000000149011612
4004000,2001,2026-06-10T08:06:04.422678,5.247361660003662,1.7147103548049927,2.6080403327941895,10.050250053405762,qmix,smacv2,protoss_5_vs_5,100,0.05000000074505806
4006000,2002,2026-06-10T08:08:45.296109,5.568655490875244,2.556497097015381,2.2123115062713623,12.361807823181152,qmix,smacv2,protoss_5_vs_5,100,0.05000000074505806
4008000,2003,2026-06-10T08:11:26.985603,6.267901420593262,2.3287835121154785,2.603015184402466,11.587940216064453,qmix,smacv2,protoss_5_vs_5,100,0.0
4010000,2004,2026-06-10T08:14:09.606124,5.960238456726074,1.592172384262085,3.0050251483917236,8.964823722839355,qmix,smacv2,protoss_5_vs_5,100,0.0
4012000,2005,2026-06-10T08:16:50.838177,4.6945977210998535,1.1015374660491943,2.9384422302246094,6.542713165283203,qmix,smacv2,protoss_5_vs_5,100,0.0
4014000,2006,2026-06-10T08:19:33.319344,5.073492527008057,2.026686191558838,2.3015077114105225,10.110552787780762,qmix,smacv2,protoss_5_vs_5,100,0.0
4016000,2007,2026-06-10T08:22:15.603790,6.09566593170166,3.5483715534210205,2.582914352416992,16.080402374267578,qmix,smacv2,protoss_5_vs_5,100,0.05000000074505806
4018000,2008,2026-06-10T08:24:58.447215,5.409735679626465,1.1057915687561035,3.135678768157959,7.748743534088135,qmix,smacv2,protoss_5_vs_5,100,0.0
4020000,2009,2026-06-10T08:27:46.313841,5.879333972930908,2.521970510482788,2.047738552093506,12.723618507385254,qmix,smacv2,protoss_5_vs_5,100,0.05000000074505806
4022000,2010,2026-06-10T08:30:32.764099,5.543341636657715,1.9898529052734375,3.001256227493286,12.023869514465332,qmix,smacv2,protoss_5_vs_5,100,0.0
4024000,2011,2026-06-10T08:33:20.582748,5.427700519561768,1.841357707977295,2.2525124549865723,9.29648208618164,qmix,smacv2,protoss_5_vs_5,100,0.0
4026000,2012,2026-06-10T08:36:10.608617,5.589322090148926,1.3775355815887451,3.5778892040252686,8.15075397491455,qmix,smacv2,protoss_5_vs_5,100,0.0
4028000,2013,2026-06-10T08:38:57.319379,5.277889728546143,1.7357536554336548,2.613065242767334,8.577888488769531,qmix,smacv2,protoss_5_vs_5,100,0.0
4030000,2014,2026-06-10T08:41:39.579495,5.8107404708862305,1.1465035676956177,4.170854568481445,7.492462158203125,qmix,smacv2,protoss_5_vs_5,100,0.0
4032000,2015,2026-06-10T08:44:19.856174,5.528140068054199,1.9917200803756714,0.8241205215454102,9.346733093261719,qmix,smacv2,protoss_5_vs_5,100,0.0
4034000,2016,2026-06-10T08:46:57.881194,5.644095420837402,2.2597227096557617,2.7135682106018066,12.361808776855469,qmix,smacv2,protoss_5_vs_5,100,0.05000000074505806
4036000,2017,2026-06-10T08:49:36.129959,5.617713451385498,1.6954479217529297,3.0351758003234863,9.929648399353027,qmix,smacv2,protoss_5_vs_5,100,0.0
4038000,2018,2026-06-10T08:52:12.311114,4.914572715759277,2.0262699127197266,1.6557788848876953,10.452260971069336,qmix,smacv2,protoss_5_vs_5,100,0.05000000074505806
4040000,2019,2026-06-10T08:54:48.437632,4.781344413757324,1.2789251804351807,1.7386934757232666,6.733668327331543,qmix,smacv2,protoss_5_vs_5,100,0.0
4042000,2020,2026-06-10T08:57:24.579222,5.893718719482422,2.694639205932617,3.321608066558838,14.341708183288574,qmix,smacv2,protoss_5_vs_5,100,0.10000000149011612
4044000,2021,2026-06-10T09:00:03.638367,5.008228778839111,1.5052554607391357,2.7148239612579346,8.130653381347656,qmix,smacv2,protoss_5_vs_5,100,0.0
4046000,2022,2026-06-10T09:02:43.050939,5.564446926116943,1.288307547569275,3.6658287048339844,8.275126457214355,qmix,smacv2,protoss_5_vs_5,100,0.0
4048000,2023,2026-06-10T09:05:23.275380,5.797173500061035,2.637604236602783,2.7449750900268555,14.170854568481445,qmix,smacv2,protoss_5_vs_5,100,0.05000000074505806
4050000,2024,2026-06-10T09:08:04.506011,5.679459571838379,1.7445040941238403,3.163316488265991,8.582914352416992,qmix,smacv2,protoss_5_vs_5,100,0.0
4052000,2025,2026-06-10T09:10:47.320837,4.946984767913818,2.5792863368988037,2.1494975090026855,14.201004028320312,qmix,smacv2,protoss_5_vs_5,100,0.05000000074505806
4054000,2026,2026-06-10T09:13:29.729918,4.925126075744629,1.2312549352645874,3.185929536819458,7.889447212219238,qmix,smacv2,protoss_5_vs_5,100,0.0
4056000,2027,2026-06-10T09:16:11.673480,5.14309024810791,1.6116153001785278,1.1155779361724854,7.884421348571777,qmix,smacv2,protoss_5_vs_5,100,0.0
4058000,2028,2026-06-10T09:18:54.834391,6.0510053634643555,2.160505771636963,2.7550249099731445,11.396985054016113,qmix,smacv2,protoss_5_vs_5,100,0.0
4060000,2029,2026-06-10T09:21:36.454627,6.794033050537109,2.555327892303467,2.556532859802246,12.060302734375,qmix,smacv2,protoss_5_vs_5,100,0.10000000149011612
4062000,2030,2026-06-10T09:24:16.759270,5.795666217803955,1.6990984678268433,2.9648241996765137,9.854270935058594,qmix,smacv2,protoss_5_vs_5,100,0.0
4064000,2031,2026-06-10T09:26:54.131526,5.192461967468262,1.4875353574752808,2.7537689208984375,7.427135467529297,qmix,smacv2,protoss_5_vs_5,100,0.0
4066000,2032,2026-06-10T09:29:31.632063,5.727889060974121,1.6310172080993652,1.9396984577178955,10.370603561401367,qmix,smacv2,protoss_5_vs_5,100,0.05000000074505806
4068000,2033,2026-06-10T09:32:08.656139,5.826193332672119,2.3312036991119385,3.7236180305480957,14.371859550476074,qmix,smacv2,protoss_5_vs_5,100,0.05000000074505806
4070000,2034,2026-06-10T09:34:46.091495,5.819974422454834,3.189115285873413,2.4472362995147705,14.285177230834961,qmix,smacv2,protoss_5_vs_5,100,0.10000000149011612
4072000,2035,2026-06-10T09:37:27.415841,5.461431980133057,2.5740156173706055,2.2386934757232666,11.608039855957031,qmix,smacv2,protoss_5_vs_5,100,0.0
4074000,2036,2026-06-10T09:40:08.563483,5.296922206878662,1.5603244304656982,3.281407117843628,9.265074729919434,qmix,smacv2,protoss_5_vs_5,100,0.0
4076000,2037,2026-06-10T09:42:48.569477,4.864447116851807,1.285325288772583,2.86432147026062,8.625628471374512,qmix,smacv2,protoss_5_vs_5,100,0.0
4078000,2038,2026-06-10T09:45:30.969549,4.941645622253418,1.4331468343734741,2.492462396621704,7.678391933441162,qmix,smacv2,protoss_5_vs_5,100,0.0
4080000,2039,2026-06-10T09:48:11.417021,4.578015327453613,1.6779166460037231,1.8467334508895874,7.507537841796875,qmix,smacv2,protoss_5_vs_5,100,0.0
4082000,2040,2026-06-10T09:50:51.655755,4.760615348815918,1.6594080924987793,1.9798996448516846,8.232412338256836,qmix,smacv2,protoss_5_vs_5,100,0.0
4084000,2041,2026-06-10T09:53:28.784585,4.810490608215332,1.3914047479629517,3.29899525642395,8.889447212219238,qmix,smacv2,protoss_5_vs_5,100,0.0
4086000,2042,2026-06-10T09:56:06.063244,5.608605861663818,2.2745091915130615,3.1268844604492188,12.060301780700684,qmix,smacv2,protoss_5_vs_5,100,0.10000000149011612
4088000,2043,2026-06-10T09:58:46.795020,4.73492431640625,1.4672359228134155,2.280150890350342,8.080402374267578,qmix,smacv2,protoss_5_vs_5,100,0.0
4090000,2044,2026-06-10T10:01:26.851254,5.603831768035889,1.9700145721435547,2.2512564659118652,9.040201187133789,qmix,smacv2,protoss_5_vs_5,100,0.0
4092000,2045,2026-06-10T10:04:08.271496,6.042901992797852,1.9194917678833008,2.393216133117676,10.35175895690918,qmix,smacv2,protoss_5_vs_5,100,0.05000000074505806
4094000,2046,2026-06-10T10:06:49.546914,5.80904483795166,1.7682452201843262,3.257537841796875,8.98492431640625,qmix,smacv2,protoss_5_vs_5,100,0.0
4096000,2047,2026-06-10T10:09:29.484783,5.629334449768066,1.9398901462554932,2.0201005935668945,10.532663345336914,qmix,smacv2,protoss_5_vs_5,100,0.05000000074505806
4098000,2048,2026-06-10T10:12:09.356954,5.258542537689209,1.6386317014694214,2.452261209487915,8.854270935058594,qmix,smacv2,protoss_5_vs_5,100,0.0
4100000,2049,2026-06-10T10:14:48.840905,4.737248420715332,1.8106364011764526,2.5,9.246231079101562,qmix,smacv2,protoss_5_vs_5,100,0.0
4102000,2050,2026-06-10T10:17:29.212837,5.487248420715332,1.8622390031814575,1.9547736644744873,8.899497032165527,qmix,smacv2,protoss_5_vs_5,100,0.0
4104000,2051,2026-06-10T10:20:08.691268,5.4457292556762695,1.2457777261734009,3.814070463180542,7.859297275543213,qmix,smacv2,protoss_5_vs_5,100,0.0
4106000,2052,2026-06-10T10:22:47.738517,5.690201282501221,2.1384153366088867,2.3417086601257324,12.391960144042969,qmix,smacv2,protoss_5_vs_5,100,0.0
4108000,2053,2026-06-10T10:25:24.748906,5.343091011047363,1.5941342115402222,2.934673547744751,8.085427284240723,qmix,smacv2,protoss_5_vs_5,100,0.0
4110000,2054,2026-06-10T10:28:01.167868,4.930841445922852,1.4189841747283936,3.0050251483917236,9.45728588104248,qmix,smacv2,protoss_5_vs_5,100,0.0
4112000,2055,2026-06-10T10:30:44.805552,5.487876892089844,2.6935765743255615,1.346733570098877,14.292712211608887,qmix,smacv2,protoss_5_vs_5,100,0.05000000074505806
4114000,2056,2026-06-10T10:33:24.150334,5.218404769897461,1.724197506904602,3.1557788848876953,8.70351791381836,qmix,smacv2,protoss_5_vs_5,100,0.0
4116000,2057,2026-06-10T10:36:03.174524,5.010930061340332,1.771393895149231,2.492462158203125,8.625627517700195,qmix,smacv2,protoss_5_vs_5,100,0.0
4118000,2058,2026-06-10T10:38:43.764155,4.947926998138428,1.6461637020111084,2.5125627517700195,9.577888488769531,qmix,smacv2,protoss_5_vs_5,100,0.0
4120000,2059,2026-06-10T10:41:23.157715,5.393342018127441,2.226658344268799,2.8693466186523438,10.8341703414917,qmix,smacv2,protoss_5_vs_5,100,0.0
4122000,2060,2026-06-10T10:44:03.112847,6.316960334777832,1.896337866783142,3.8090453147888184,12.060301780700684,qmix,smacv2,protoss_5_vs_5,100,0.05000000074505806
4124000,2061,2026-06-10T10:46:44.292648,5.51853084564209,1.3323665857315063,3.152009963989258,8.050251007080078,qmix,smacv2,protoss_5_vs_5,100,0.0
4126000,2062,2026-06-10T10:49:24.565565,4.702889919281006,1.5836379528045654,2.1494975090026855,8.874372482299805,qmix,smacv2,protoss_5_vs_5,100,0.0
4128000,2063,2026-06-10T10:52:04.961410,5.224874019622803,1.7602030038833618,2.603015184402466,9.587939262390137,qmix,smacv2,protoss_5_vs_5,100,0.0
4130000,2064,2026-06-10T10:54:44.069230,5.5165205001831055,1.5912190675735474,3.2675881385803223,8.81155776977539,qmix,smacv2,protoss_5_vs_5,100,0.0
4132000,2065,2026-06-10T10:57:23.734176,5.45640754699707,1.4648982286453247,3.025125741958618,8.502511978149414,qmix,smacv2,protoss_5_vs_5,100,0.0
4134000,2066,2026-06-10T11:00:02.760001,5.248178482055664,1.658006191253662,2.508794069290161,9.49748706817627,qmix,smacv2,protoss_5_vs_5,100,0.0
4136000,2067,2026-06-10T11:02:42.349709,5.060741424560547,1.349185585975647,2.443467378616333,7.849246978759766,qmix,smacv2,protoss_5_vs_5,100,0.0
4138000,2068,2026-06-10T11:05:21.653439,5.808354377746582,3.053638219833374,2.3015077114105225,12.462312698364258,qmix,smacv2,protoss_5_vs_5,100,0.10000000149011612
4140000,2069,2026-06-10T11:08:01.421317,5.174246311187744,2.0199272632598877,2.3819096088409424,9.899497032165527,qmix,smacv2,protoss_5_vs_5,100,0.0
4142000,2070,2026-06-10T11:10:40.534493,5.333856105804443,1.543804407119751,3.3178391456604004,9.195980072021484,qmix,smacv2,protoss_5_vs_5,100,0.0
4144000,2071,2026-06-10T11:13:19.711228,6.047863960266113,2.279104709625244,2.864321708679199,10.562814712524414,qmix,smacv2,protoss_5_vs_5,100,0.0
4146000,2072,2026-06-10T11:15:59.701367,5.929082870483398,2.137432336807251,2.7939698696136475,11.608039855957031,qmix,smacv2,protoss_5_vs_5,100,0.0
4148000,2073,2026-06-10T11:18:38.618217,5.073429584503174,1.6345504522323608,3.2361807823181152,9.567838668823242,qmix,smacv2,protoss_5_vs_5,100,0.0
4150000,2074,2026-06-10T11:21:22.039924,6.486997127532959,2.0191211700439453,3.742462158203125,10.437186241149902,qmix,smacv2,protoss_5_vs_5,100,0.10000000149011612
4152000,2075,2026-06-10T11:24:01.802250,5.607726097106934,2.203418254852295,2.474874258041382,12.361809730529785,qmix,smacv2,protoss_5_vs_5,100,0.10000000149011612
4154000,2076,2026-06-10T11:26:39.840530,5.153706073760986,1.3829351663589478,3.4874374866485596,9.115577697753906,qmix,smacv2,protoss_5_vs_5,100,0.0
4156000,2077,2026-06-10T11:29:19.999056,5.026068210601807,1.6272773742675781,3.0665829181671143,9.929648399353027,qmix,smacv2,protoss_5_vs_5,100,0.0
4158000,2078,2026-06-10T11:31:58.395436,5.943655967712402,2.2751405239105225,2.8743717670440674,12.160804748535156,qmix,smacv2,protoss_5_vs_5,100,0.05000000074505806
4160000,2079,2026-06-10T11:34:38.486744,7.354333400726318,2.7838196754455566,3.467336654663086,12.361809730529785,qmix,smacv2,protoss_5_vs_5,100,0.15000000596046448
4162000,2080,2026-06-10T11:37:17.743118,5.633856773376465,1.695715069770813,3.6105525493621826,8.934673309326172,qmix,smacv2,protoss_5_vs_5,100,0.0
4164000,2081,2026-06-10T11:39:57.870866,5.608102321624756,1.9508103132247925,2.775125503540039,11.718592643737793,qmix,smacv2,protoss_5_vs_5,100,0.0
4166000,2082,2026-06-10T11:42:37.289188,5.297927379608154,1.5768424272537231,3.022613286972046,8.472362518310547,qmix,smacv2,protoss_5_vs_5,100,0.0
4168000,2083,2026-06-10T11:45:16.907772,5.333920001983643,1.4504300355911255,2.242462158203125,7.608040809631348,qmix,smacv2,protoss_5_vs_5,100,0.0
4170000,2084,2026-06-10T11:47:57.410926,5.649685859680176,1.9017542600631714,2.4396984577178955,9.668341636657715,qmix,smacv2,protoss_5_vs_5,100,0.0
4172000,2085,2026-06-10T11:50:36.794651,5.759861946105957,1.3080224990844727,2.32412052154541,7.939698696136475,qmix,smacv2,protoss_5_vs_5,100,0.0
4174000,2086,2026-06-10T11:53:15.478089,5.142776012420654,1.9905385971069336,2.090452194213867,10.25125503540039,qmix,smacv2,protoss_5_vs_5,100,0.05000000074505806
4176000,2087,2026-06-10T11:55:54.158889,5.690515518188477,1.5735176801681519,2.7512564659118652,8.643216133117676,qmix,smacv2,protoss_5_vs_5,100,0.0
4178000,2088,2026-06-10T11:58:33.042994,5.306155204772949,1.8763933181762695,2.25,10.368090629577637,qmix,smacv2,protoss_5_vs_5,100,0.0
4180000,2089,2026-06-10T12:01:13.363176,5.439007759094238,2.226245403289795,2.1507537364959717,9.155778884887695,qmix,smacv2,protoss_5_vs_5,100,0.0
4182000,2090,2026-06-10T12:03:53.032438,4.8868088722229,1.2823201417922974,2.8743717670440674,7.72864294052124,qmix,smacv2,protoss_5_vs_5,100,0.0
4184000,2091,2026-06-10T12:06:33.562235,5.194786548614502,1.6872472763061523,2.6231155395507812,10.111808776855469,qmix,smacv2,protoss_5_vs_5,100,0.0
4186000,2092,2026-06-10T12:09:13.270042,5.626821517944336,1.6249839067459106,3.8015074729919434,9.42713451385498,qmix,smacv2,protoss_5_vs_5,100,0.0
4188000,2093,2026-06-10T12:11:51.863165,5.971922397613525,2.1628506183624268,3.145728588104248,11.018845558166504,qmix,smacv2,protoss_5_vs_5,100,0.0
4190000,2094,2026-06-10T12:14:34.617436,5.770351886749268,2.2198193073272705,1.4070351123809814,11.577889442443848,qmix,smacv2,protoss_5_vs_5,100,0.0
4192000,2095,2026-06-10T12:17:16.441989,5.957474708557129,1.9602131843566895,2.6432158946990967,11.306532859802246,qmix,smacv2,protoss_5_vs_5,100,0.0
4194000,2096,2026-06-10T12:19:56.900224,5.0294599533081055,1.4462635517120361,2.6834170818328857,8.140703201293945,qmix,smacv2,protoss_5_vs_5,100,0.0
4196000,2097,2026-06-10T12:22:35.025672,5.4241204261779785,2.067258834838867,2.7537689208984375,10.020099639892578,qmix,smacv2,protoss_5_vs_5,100,0.0
4198000,2098,2026-06-10T12:25:16.388693,4.953643321990967,1.927425742149353,2.3580403327941895,8.146985054016113,qmix,smacv2,protoss_5_vs_5,100,0.0
4200000,2099,2026-06-10T12:27:52.598910,5.046168327331543,1.0990525484085083,3.2135682106018066,7.16708517074585,qmix,smacv2,protoss_5_vs_5,100,0.0
4202000,2100,2026-06-10T12:30:29.880039,4.771231174468994,1.5760846138000488,2.582914352416992,8.79648208618164,qmix,smacv2,protoss_5_vs_5,100,0.0
4204000,2101,2026-06-10T12:33:12.819110,4.9671478271484375,1.6336222887039185,2.2876882553100586,8.667085647583008,qmix,smacv2,protoss_5_vs_5,100,0.0
4206000,2102,2026-06-10T12:35:53.576915,5.289949417114258,1.9865223169326782,2.6733667850494385,9.899497985839844,qmix,smacv2,protoss_5_vs_5,100,0.0
4208000,2103,2026-06-10T12:38:34.531301,5.163379669189453,1.59274160861969,3.3756279945373535,9.256280899047852,qmix,smacv2,protoss_5_vs_5,100,0.0
4210000,2104,2026-06-10T12:41:12.939844,4.994471549987793,1.5386165380477905,3.0201005935668945,9.924622535705566,qmix,smacv2,protoss_5_vs_5,100,0.0
4212000,2105,2026-06-10T12:43:54.305168,4.407851696014404,1.8036823272705078,2.0301506519317627,7.974874019622803,qmix,smacv2,protoss_5_vs_5,100,0.0
4214000,2106,2026-06-10T12:46:34.163870,4.91331672668457,1.6910728216171265,2.2311558723449707,9.232412338256836,qmix,smacv2,protoss_5_vs_5,100,0.0
4216000,2107,2026-06-10T12:49:11.687182,5.407286643981934,2.8039333820343018,2.0100502967834473,12.462310791015625,qmix,smacv2,protoss_5_vs_5,100,0.05000000074505806
4218000,2108,2026-06-10T12:51:50.860399,5.039572715759277,1.9313336610794067,2.663316488265991,10.38316535949707,qmix,smacv2,protoss_5_vs_5,100,0.0
4220000,2109,2026-06-10T12:54:38.378490,5.3225507736206055,1.1574231386184692,2.663316488265991,7.914572715759277,qmix,smacv2,protoss_5_vs_5,100,0.0
4222000,2110,2026-06-10T12:57:16.553274,5.342525005340576,1.1698795557022095,3.6972362995147705,7.771356105804443,qmix,smacv2,protoss_5_vs_5,100,0.0
4224000,2111,2026-06-10T12:59:55.063825,5.535866737365723,1.908161997795105,2.7449750900268555,9.557788848876953,qmix,smacv2,protoss_5_vs_5,100,0.0
4226000,2112,2026-06-10T13:02:33.088557,5.521168231964111,1.649302363395691,2.6482410430908203,10.15075397491455,qmix,smacv2,protoss_5_vs_5,100,0.05000000074505806
4228000,2113,2026-06-10T13:05:11.604820,5.303706169128418,1.3491261005401611,2.4560301303863525,7.346734046936035,qmix,smacv2,protoss_5_vs_5,100,0.0
4230000,2114,2026-06-10T13:07:52.165380,6.219597816467285,1.9013293981552124,4.0,12.096734046936035,qmix,smacv2,protoss_5_vs_5,100,0.05000000074505806
4232000,2115,2026-06-10T13:10:32.800842,5.896482467651367,2.489319324493408,2.724874258041382,14.271356582641602,qmix,smacv2,protoss_5_vs_5,100,0.05000000074505806
4234000,2116,2026-06-10T13:13:12.649342,5.644283771514893,1.3512685298919678,2.773869276046753,8.11808967590332,qmix,smacv2,protoss_5_vs_5,100,0.0
4236000,2117,2026-06-10T13:15:55.262779,5.306030750274658,1.4681850671768188,2.9321608543395996,8.404522895812988,qmix,smacv2,protoss_5_vs_5,100,0.0
4238000,2118,2026-06-10T13:18:34.632960,5.143844127655029,1.519044041633606,3.516331434249878,9.567839622497559,qmix,smacv2,protoss_5_vs_5,100,0.0
4240000,2119,2026-06-10T13:21:13.129907,5.777700901031494,2.1203441619873047,3.0552761554718018,12.160804748535156,qmix,smacv2,protoss_5_vs_5,100,0.05000000074505806
4242000,2120,2026-06-10T13:23:51.493669,5.716771602630615,2.3139278888702393,1.5879396200180054,9.929649353027344,qmix,smacv2,protoss_5_vs_5,100,0.0
4244000,2121,2026-06-10T13:26:30.822015,5.900125503540039,1.2228370904922485,3.590452194213867,9.082914352416992,qmix,smacv2,protoss_5_vs_5,100,0.0
4246000,2122,2026-06-10T13:29:09.815880,5.4540205001831055,1.957612156867981,3.0502512454986572,12.412060737609863,qmix,smacv2,protoss_5_vs_5,100,0.05000000074505806
4248000,2123,2026-06-10T13:31:48.233004,4.54824161529541,1.2922091484069824,2.8002512454986572,7.939698219299316,qmix,smacv2,protoss_5_vs_5,100,0.0
4250000,2124,2026-06-10T13:34:28.622679,5.288568019866943,2.8777990341186523,2.3994972705841064,14.371859550476074,qmix,smacv2,protoss_5_vs_5,100,0.05000000074505806
4252000,2125,2026-06-10T13:37:08.463789,4.755967140197754,1.8885918855667114,2.2399497032165527,9.507537841796875,qmix,smacv2,protoss_5_vs_5,100,0.0
4254000,2126,2026-06-10T13:39:49.618531,5.281406879425049,1.8957196474075317,1.708542823791504,9.84924602508545,qmix,smacv2,protoss_5_vs_5,100,0.0
4256000,2127,2026-06-10T13:42:30.511498,5.426947116851807,2.0819599628448486,2.0213568210601807,11.859295845031738,qmix,smacv2,protoss_5_vs_5,100,0.0
4258000,2128,2026-06-10T13:45:35.410271,5.492461681365967,1.864652395248413,2.5025124549865723,10.251255989074707,qmix,smacv2,protoss_5_vs_5,100,0.0
4260000,2129,2026-06-10T13:48:12.511123,5.78794002532959,1.752564787864685,2.82412052154541,9.513818740844727,qmix,smacv2,protoss_5_vs_5,100,0.0
4262000,2130,2026-06-10T13:50:45.319537,5.6964826583862305,2.168710947036743,2.234924554824829,12.140704154968262,qmix,smacv2,protoss_5_vs_5,100,0.0
4264000,2131,2026-06-10T13:53:19.758625,4.259736061096191,1.2493573427200317,1.543969750404358,6.994974613189697,qmix,smacv2,protoss_5_vs_5,100,0.0
4266000,2132,2026-06-10T13:55:58.353852,5.2345476150512695,1.2171573638916016,2.6896982192993164,8.291457176208496,qmix,smacv2,protoss_5_vs_5,100,0.0
4268000,2133,2026-06-10T13:58:38.521145,5.586682319641113,2.607537269592285,1.8379396200180054,12.290201187133789,qmix,smacv2,protoss_5_vs_5,100,0.05000000074505806
4270000,2134,2026-06-10T14:01:17.489144,4.941959857940674,1.5523372888565063,2.4409546852111816,9.256280899047852,qmix,smacv2,protoss_5_vs_5,100,0.0
4272000,2135,2026-06-10T14:03:59.697619,5.62349271774292,1.2760579586029053,3.129396915435791,8.228643417358398,qmix,smacv2,protoss_5_vs_5,100,0.0
4274000,2136,2026-06-10T14:06:43.311657,5.676004886627197,2.277580976486206,3.0603015422821045,10.592965126037598,qmix,smacv2,protoss_5_vs_5,100,0.0
4276000,2137,2026-06-10T14:09:26.980393,5.080339431762695,1.212822437286377,3.1721107959747314,8.211055755615234,qmix,smacv2,protoss_5_vs_5,100,0.0
4278000,2138,2026-06-10T14:12:06.515412,5.82525110244751,1.5498013496398926,3.0665831565856934,9.521357536315918,qmix,smacv2,protoss_5_vs_5,100,0.0
4280000,2139,2026-06-10T14:14:46.747422,5.3358049392700195,1.7056636810302734,1.6582914590835571,8.21859359741211,qmix,smacv2,protoss_5_vs_5,100,0.0
4282000,2140,2026-06-10T14:17:27.474643,5.625,2.331965923309326,2.709798812866211,12.177135467529297,qmix,smacv2,protoss_5_vs_5,100,0.05000000074505806
4284000,2141,2026-06-10T14:20:05.143703,4.87116813659668,1.5003000497817993,2.586683511734009,7.5678391456604,qmix,smacv2,protoss_5_vs_5,100,0.0
4286000,2142,2026-06-10T14:22:43.752752,5.599308967590332,1.9245649576187134,2.711055278778076,10.974873542785645,qmix,smacv2,protoss_5_vs_5,100,0.0
4288000,2143,2026-06-10T14:25:23.520204,5.65282678604126,1.9610579013824463,2.6180903911590576,9.33668327331543,qmix,smacv2,protoss_5_vs_5,100,0.0
4290000,2144,2026-06-10T14:28:03.287805,5.454710960388184,1.667660117149353,2.1092963218688965,8.91331672668457,qmix,smacv2,protoss_5_vs_5,100,0.0
4292000,2145,2026-06-10T14:30:42.512499,4.919535160064697,1.7432854175567627,2.984924793243408,11.09924602508545,qmix,smacv2,protoss_5_vs_5,100,0.0
4294000,2146,2026-06-10T14:33:21.486288,5.117525100708008,1.303987979888916,2.693467378616333,7.75879430770874,qmix,smacv2,protoss_5_vs_5,100,0.0
4296000,2147,2026-06-10T14:36:00.256011,5.139384746551514,1.2162578105926514,3.2864322662353516,7.798995018005371,qmix,smacv2,protoss_5_vs_5,100,0.0
4298000,2148,2026-06-10T14:38:39.520217,5.580966949462891,2.6731836795806885,2.111809253692627,14.281407356262207,qmix,smacv2,protoss_5_vs_5,100,0.05000000074505806
4300000,2149,2026-06-10T14:41:22.725005,4.894848823547363,1.8642909526824951,1.8894472122192383,8.395729064941406,qmix,smacv2,protoss_5_vs_5,100,0.0
4302000,2150,2026-06-10T14:44:04.354274,5.529585838317871,1.8347910642623901,2.469849109649658,9.125628471374512,qmix,smacv2,protoss_5_vs_5,100,0.0
4304000,2151,2026-06-10T14:46:45.767498,5.446921348571777,1.6646374464035034,3.5477395057678223,10.140703201293945,qmix,smacv2,protoss_5_vs_5,100,0.0
4306000,2152,2026-06-10T14:49:27.250782,5.677010536193848,1.8130762577056885,3.8643219470977783,12.462312698364258,qmix,smacv2,protoss_5_vs_5,100,0.05000000074505806
4308000,2153,2026-06-10T14:52:06.017785,4.698492527008057,2.108800172805786,1.5477386713027954,10.753768920898438,qmix,smacv2,protoss_5_vs_5,100,0.0
4310000,2154,2026-06-10T14:54:44.413682,4.886934280395508,1.478561282157898,2.562814235687256,8.773869514465332,qmix,smacv2,protoss_5_vs_5,100,0.0
4312000,2155,2026-06-10T14:57:22.127991,5.903265953063965,1.4761626720428467,3.388190746307373,8.623115539550781,qmix,smacv2,protoss_5_vs_5,100,0.0
4314000,2156,2026-06-10T15:00:01.876928,5.618278503417969,1.8561975955963135,2.2324118614196777,10.100502967834473,qmix,smacv2,protoss_5_vs_5,100,0.0
4316000,2157,2026-06-10T15:02:39.362737,4.787877082824707,1.424398422241211,2.5037689208984375,7.5577898025512695,qmix,smacv2,protoss_5_vs_5,100,0.0
4318000,2158,2026-06-10T15:05:21.021007,6.203329563140869,1.6548550128936768,2.864321708679199,9.165828704833984,qmix,smacv2,protoss_5_vs_5,100,0.0
4320000,2159,2026-06-10T15:08:01.893763,5.925565242767334,2.2103469371795654,3.3266329765319824,14.170854568481445,qmix,smacv2,protoss_5_vs_5,100,0.05000000074505806
4322000,2160,2026-06-10T15:10:42.876147,6.0765700340271,2.1183369159698486,3.6080403327941895,11.896984100341797,qmix,smacv2,protoss_5_vs_5,100,0.0
4324000,2161,2026-06-10T15:13:22.615916,6.419345855712891,2.5233733654022217,3.452261447906494,14.271356582641602,qmix,smacv2,protoss_5_vs_5,100,0.05000000074505806
4326000,2162,2026-06-10T15:16:08.099650,6.19246244430542,2.7917909622192383,2.791457176208496,14.271357536315918,qmix,smacv2,protoss_5_vs_5,100,0.10000000149011612
4328000,2163,2026-06-10T15:18:46.179299,5.573429584503174,1.6352453231811523,2.3907036781311035,8.814069747924805,qmix,smacv2,protoss_5_vs_5,100,0.0
4330000,2164,2026-06-10T15:21:26.782619,5.991017818450928,1.8466399908065796,2.87939715385437,10.786432266235352,qmix,smacv2,protoss_5_vs_5,100,0.0
4332000,2165,2026-06-10T15:24:06.174466,5.3549628257751465,1.638089895248413,2.402010202407837,8.751255989074707,qmix,smacv2,protoss_5_vs_5,100,0.0
4334000,2166,2026-06-10T15:26:45.744847,5.50992488861084,2.222632646560669,2.2851758003234863,12.16080379486084,qmix,smacv2,protoss_5_vs_5,100,0.05000000074505806
4336000,2167,2026-06-10T15:29:24.039646,5.358479976654053,1.983496904373169,2.038944721221924,8.8944730758667,qmix,smacv2,protoss_5_vs_5,100,0.0
4338000,2168,2026-06-10T15:32:02.575779,5.281218528747559,2.0167174339294434,2.6997485160827637,10.15075397491455,qmix,smacv2,protoss_5_vs_5,100,0.05000000074505806
4340000,2169,2026-06-10T15:34:41.817940,4.875125408172607,1.4179022312164307,3.0452260971069336,9.094222068786621,qmix,smacv2,protoss_5_vs_5,100,0.0
4342000,2170,2026-06-10T15:37:20.109010,5.046357154846191,0.9939373135566711,2.3844223022460938,6.512563228607178,qmix,smacv2,protoss_5_vs_5,100,0.0
4344000,2171,2026-06-10T15:39:58.880953,5.729898929595947,1.5817662477493286,3.461055278778076,8.894472122192383,qmix,smacv2,protoss_5_vs_5,100,0.0
4346000,2172,2026-06-10T15:42:39.175977,5.148303985595703,1.7400199174880981,2.638190746307373,9.32663345336914,qmix,smacv2,protoss_5_vs_5,100,0.0
4348000,2173,2026-06-10T15:45:20.786524,5.310364723205566,1.6483994722366333,3.0339195728302,8.814069747924805,qmix,smacv2,protoss_5_vs_5,100,0.0
4350000,2174,2026-06-10T15:48:00.639565,5.976633548736572,1.9437628984451294,3.347989559173584,12.261307716369629,qmix,smacv2,protoss_5_vs_5,100,0.05000000074505806
4352000,2175,2026-06-10T15:50:40.600703,4.078832149505615,1.4705755710601807,1.649497628211975,7.113064765930176,qmix,smacv2,protoss_5_vs_5,100,0.0
4354000,2176,2026-06-10T15:53:22.274786,5.232097625732422,1.7481805086135864,2.015075445175171,8.894472122192383,qmix,smacv2,protoss_5_vs_5,100,0.0
4356000,2177,2026-06-10T15:56:01.017935,5.275376796722412,1.889880657196045,2.643216133117676,12.462311744689941,qmix,smacv2,protoss_5_vs_5,100,0.05000000074505806
4358000,2178,2026-06-10T15:58:39.922503,5.2136311531066895,2.81646728515625,2.773869276046753,16.180904388427734,qmix,smacv2,protoss_5_vs_5,100,0.05000000074505806
4360000,2179,2026-06-10T16:01:19.853357,5.185301780700684,2.9999096393585205,2.3819096088409424,16.080402374267578,qmix,smacv2,protoss_5_vs_5,100,0.05000000074505806
4362000,2180,2026-06-10T16:03:59.585739,5.531092643737793,1.9800130128860474,2.653266191482544,12.462310791015625,qmix,smacv2,protoss_5_vs_5,100,0.05000000074505806
4364000,2181,2026-06-10T16:06:37.698208,5.30219841003418,1.6376069784164429,2.8982412815093994,10.050250053405762,qmix,smacv2,protoss_5_vs_5,100,0.05000000074505806
4366000,2182,2026-06-10T16:09:17.074102,5.824999809265137,1.765121340751648,3.0376882553100586,10.261305809020996,qmix,smacv2,protoss_5_vs_5,100,0.05000000074505806
4368000,2183,2026-06-10T16:11:56.286739,5.404837131500244,1.5114753246307373,2.6432158946990967,8.412059783935547,qmix,smacv2,protoss_5_vs_5,100,0.0
4370000,2184,2026-06-10T16:14:32.286265,4.128642559051514,1.35868501663208,2.2374372482299805,7.350502014160156,qmix,smacv2,protoss_5_vs_5,100,0.0
4372000,2185,2026-06-10T16:17:13.159027,4.438378810882568,1.6076494455337524,1.8793967962265015,6.974874973297119,qmix,smacv2,protoss_5_vs_5,100,0.0
4374000,2186,2026-06-10T16:19:53.725632,5.425753593444824,2.2468645572662354,2.8680903911590576,14.170854568481445,qmix,smacv2,protoss_5_vs_5,100,0.05000000074505806
4376000,2187,2026-06-10T16:22:34.932779,4.871356964111328,1.578075647354126,1.9623115062713623,8.793970108032227,qmix,smacv2,protoss_5_vs_5,100,0.0
4378000,2188,2026-06-10T16:25:15.799161,5.191645622253418,1.571035623550415,3.022613048553467,9.01507568359375,qmix,smacv2,protoss_5_vs_5,100,0.0
4380000,2189,2026-06-10T16:27:55.495000,5.068781852722168,1.2896863222122192,2.4623115062713623,7.7537689208984375,qmix,smacv2,protoss_5_vs_5,100,0.0
4382000,2190,2026-06-10T16:30:35.287060,5.662059783935547,1.552179217338562,3.459799289703369,8.636934280395508,qmix,smacv2,protoss_5_vs_5,100,0.0
4384000,2191,2026-06-10T16:33:15.023652,5.1268839836120605,0.9701442718505859,3.7525124549865723,7.233668327331543,qmix,smacv2,protoss_5_vs_5,100,0.0
4386000,2192,2026-06-10T16:35:54.019552,4.030401706695557,1.0327882766723633,2.209798812866211,6.5427141189575195,qmix,smacv2,protoss_5_vs_5,100,0.0
4388000,2193,2026-06-10T16:38:35.432566,5.917776584625244,2.4603710174560547,2.412060499191284,13.497485160827637,qmix,smacv2,protoss_5_vs_5,100,0.05000000074505806
4390000,2194,2026-06-10T16:41:14.171182,5.310427665710449,1.3982304334640503,3.114321708679199,9.085428237915039,qmix,smacv2,protoss_5_vs_5,100,0.0
4392000,2195,2026-06-10T16:43:51.876275,5.018592834472656,1.4395372867584229,2.3919601440429688,8.271356582641602,qmix,smacv2,protoss_5_vs_5,100,0.0
4394000,2196,2026-06-10T16:46:30.373802,4.805464744567871,1.3502849340438843,3.1633167266845703,7.326632499694824,qmix,smacv2,protoss_5_vs_5,100,0.0
4396000,2197,2026-06-10T16:49:10.181528,5.463944911956787,2.0825374126434326,2.8592965602874756,11.809045791625977,qmix,smacv2,protoss_5_vs_5,100,0.0
4398000,2198,2026-06-10T16:51:52.001239,4.439133167266846,1.350731611251831,1.8957287073135376,7.16080379486084,qmix,smacv2,protoss_5_vs_5,100,0.0
4400000,2199,2026-06-10T16:54:34.211701,5.205904006958008,1.378928542137146,3.0615577697753906,7.879397392272949,qmix,smacv2,protoss_5_vs_5,100,0.0
4402000,2200,2026-06-10T16:57:15.339326,5.031657695770264,2.027191162109375,2.538944721221924,9.84045124053955,qmix,smacv2,protoss_5_vs_5,100,0.0
4404000,2201,2026-06-10T16:59:56.045906,5.609925270080566,2.3155252933502197,2.9949748516082764,14.070350646972656,qmix,smacv2,protoss_5_vs_5,100,0.05000000074505806
4406000,2202,2026-06-10T17:02:34.203866,5.638818740844727,1.9297550916671753,2.474874258041382,9.368090629577637,qmix,smacv2,protoss_5_vs_5,100,0.0
4408000,2203,2026-06-10T17:05:16.295895,5.549749374389648,1.8020957708358765,2.3115577697753906,10.820351600646973,qmix,smacv2,protoss_5_vs_5,100,0.0
4410000,2204,2026-06-10T17:07:56.835692,4.902513027191162,1.4765303134918213,2.2876884937286377,8.211055755615234,qmix,smacv2,protoss_5_vs_5,100,0.0
4412000,2205,2026-06-10T17:10:38.925260,5.046795845031738,1.078405737876892,3.346733570098877,7.195979118347168,qmix,smacv2,protoss_5_vs_5,100,0.0
4414000,2206,2026-06-10T17:13:20.585962,5.4316582679748535,1.6388237476348877,1.758793830871582,8.037688255310059,qmix,smacv2,protoss_5_vs_5,100,0.0
4416000,2207,2026-06-10T17:15:58.467733,5.376633644104004,1.5490400791168213,2.4560301303863525,8.609296798706055,qmix,smacv2,protoss_5_vs_5,100,0.0
4418000,2208,2026-06-10T17:18:39.498502,5.2008161544799805,1.4806157350540161,2.4623117446899414,8.638190269470215,qmix,smacv2,protoss_5_vs_5,100,0.0
4420000,2209,2026-06-10T17:21:17.695711,5.5390706062316895,1.4466458559036255,2.693467378616333,8.070351600646973,qmix,smacv2,protoss_5_vs_5,100,0.0
4422000,2210,2026-06-10T17:23:56.284897,4.885552406311035,1.6110175848007202,2.894472122192383,9.216079711914062,qmix,smacv2,protoss_5_vs_5,100,0.0
4424000,2211,2026-06-10T17:26:33.612356,5.4774489402771,1.5187684297561646,3.1268844604492188,8.466080665588379,qmix,smacv2,protoss_5_vs_5,100,0.0
4426000,2212,2026-06-10T17:29:11.216289,4.31878137588501,1.4254409074783325,2.1670854091644287,8.894472122192383,qmix,smacv2,protoss_5_vs_5,100,0.0
4428000,2213,2026-06-10T17:31:50.710705,4.736243724822998,1.8511528968811035,2.1507537364959717,9.1356782913208,qmix,smacv2,protoss_5_vs_5,100,0.0
4430000,2214,2026-06-10T17:34:33.266944,5.619912624359131,1.5527925491333008,3.306532621383667,9.447236061096191,qmix,smacv2,protoss_5_vs_5,100,0.0
4432000,2215,2026-06-10T17:37:12.707232,4.8580403327941895,1.5988801717758179,2.4572865962982178,9.105527877807617,qmix,smacv2,protoss_5_vs_5,100,0.0
4434000,2216,2026-06-10T17:39:53.785095,4.4970479011535645,1.6602287292480469,1.6884422302246094,8.511306762695312,qmix,smacv2,protoss_5_vs_5,100,0.0
4436000,2217,2026-06-10T17:42:41.447610,4.797173500061035,1.4114773273468018,2.321608066558838,7.7688446044921875,qmix,smacv2,protoss_5_vs_5,100,0.0
4438000,2218,2026-06-10T17:45:19.653878,4.345791816711426,1.1348936557769775,2.388190984725952,6.723618507385254,qmix,smacv2,protoss_5_vs_5,100,0.0
4440000,2219,2026-06-10T17:48:00.300648,4.872298717498779,2.7241528034210205,1.8969848155975342,14.271356582641602,qmix,smacv2,protoss_5_vs_5,100,0.05000000074505806
4442000,2220,2026-06-10T17:50:37.659969,4.868844032287598,1.7289032936096191,2.3417084217071533,8.559045791625977,qmix,smacv2,protoss_5_vs_5,100,0.0
4444000,2221,2026-06-10T17:53:17.431857,4.865703105926514,1.8449525833129883,2.670854091644287,10.020100593566895,qmix,smacv2,protoss_5_vs_5,100,0.0
4446000,2222,2026-06-10T17:55:56.336507,5.165892124176025,2.3007988929748535,2.7035176753997803,11.932161331176758,qmix,smacv2,protoss_5_vs_5,100,0.0
4448000,2223,2026-06-10T17:58:35.766830,4.343781471252441,3.000758647918701,1.9045222997665405,16.180904388427734,qmix,smacv2,protoss_5_vs_5,100,0.05000000074505806
4450000,2224,2026-06-10T18:01:14.217185,4.260489463806152,1.1840858459472656,2.6972360610961914,7.418341159820557,qmix,smacv2,protoss_5_vs_5,100,0.0
4452000,2225,2026-06-10T18:03:53.724691,4.460427284240723,1.4325727224349976,2.4861807823181152,8.743718147277832,qmix,smacv2,protoss_5_vs_5,100,0.0
4454000,2226,2026-06-10T18:06:32.876438,4.807412147521973,1.6269416809082031,1.8442211151123047,7.653266906738281,qmix,smacv2,protoss_5_vs_5,100,0.0
4456000,2227,2026-06-10T18:09:16.394708,4.200565338134766,1.4265235662460327,2.128140449523926,7.316583156585693,qmix,smacv2,protoss_5_vs_5,100,0.0
4458000,2228,2026-06-10T18:11:58.106696,4.285992622375488,1.4135397672653198,1.8693468570709229,7.788944244384766,qmix,smacv2,protoss_5_vs_5,100,0.0
4460000,2229,2026-06-10T18:14:40.705577,5.900314807891846,1.8205941915512085,2.474874496459961,8.934673309326172,qmix,smacv2,protoss_5_vs_5,100,0.0
4462000,2230,2026-06-10T18:17:21.111751,4.827763557434082,2.356966972351074,2.1306533813476562,9.45603084564209,qmix,smacv2,protoss_5_vs_5,100,0.0
4464000,2231,2026-06-10T18:19:59.681812,5.509108066558838,1.777248740196228,2.8919599056243896,9.49748706817627,qmix,smacv2,protoss_5_vs_5,100,0.0
4466000,2232,2026-06-10T18:22:38.653346,5.1303391456604,1.9425731897354126,2.5427134037017822,9.376885414123535,qmix,smacv2,protoss_5_vs_5,100,0.0
4468000,2233,2026-06-10T18:25:17.168166,5.342399597167969,1.5842996835708618,2.4723615646362305,8.914572715759277,qmix,smacv2,protoss_5_vs_5,100,0.0
4470000,2234,2026-06-10T18:27:57.609952,5.413190841674805,1.8203777074813843,3.0778894424438477,9.316582679748535,qmix,smacv2,protoss_5_vs_5,100,0.0
4472000,2235,2026-06-10T18:30:36.186355,5.151130676269531,2.1163647174835205,2.904522657394409,9.195980072021484,qmix,smacv2,protoss_5_vs_5,100,0.0
4474000,2236,2026-06-10T18:33:12.632529,5.354522705078125,1.6195080280303955,2.564070463180542,9.015074729919434,qmix,smacv2,protoss_5_vs_5,100,0.0
4476000,2237,2026-06-10T18:35:53.483860,5.992022514343262,1.6650389432907104,2.7286431789398193,8.713567733764648,qmix,smacv2,protoss_5_vs_5,100,0.0
4478000,2238,2026-06-10T18:38:35.250493,4.776947021484375,1.8572341203689575,2.201005220413208,9.361808776855469,qmix,smacv2,protoss_5_vs_5,100,0.0
4480000,2239,2026-06-10T18:41:16.528882,5.92091703414917,1.9668906927108765,2.863065481185913,10.552762985229492,qmix,smacv2,protoss_5_vs_5,100,0.0
4482000,2240,2026-06-10T18:43:54.939442,4.898743629455566,1.8327887058258057,2.7613067626953125,11.316581726074219,qmix,smacv2,protoss_5_vs_5,100,0.0
4484000,2241,2026-06-10T18:46:35.227672,5.670476913452148,1.2815159559249878,3.638190746307373,8.723617553710938,qmix,smacv2,protoss_5_vs_5,100,0.0
4486000,2242,2026-06-10T18:49:15.383416,4.543844223022461,1.3030591011047363,2.3731155395507812,7.358039855957031,qmix,smacv2,protoss_5_vs_5,100,0.0
4488000,2243,2026-06-10T18:51:55.140484,5.26124382019043,1.5050686597824097,2.5452258586883545,7.829145908355713,qmix,smacv2,protoss_5_vs_5,100,0.0
4490000,2244,2026-06-10T18:54:33.907648,5.407726287841797,2.3406946659088135,2.4409549236297607,12.261306762695312,qmix,smacv2,protoss_5_vs_5,100,0.05000000074505806
4492000,2245,2026-06-10T18:57:17.042362,4.966080188751221,1.9205702543258667,2.234924554824829,10.241206169128418,qmix,smacv2,protoss_5_vs_5,100,0.0
4494000,2246,2026-06-10T18:59:56.320825,4.239195823669434,1.56171715259552,1.2788944244384766,8.281407356262207,qmix,smacv2,protoss_5_vs_5,100,0.0
4496000,2247,2026-06-10T19:02:35.602844,4.681029796600342,1.3054395914077759,2.6482410430908203,7.085427284240723,qmix,smacv2,protoss_5_vs_5,100,0.0
4498000,2248,2026-06-10T19:05:14.909983,4.495288848876953,1.488635540008545,2.8341708183288574,8.643216133117676,qmix,smacv2,protoss_5_vs_5,100,0.0
4500000,2249,2026-06-10T19:07:54.083385,5.158605575561523,1.2727017402648926,3.1557791233062744,7.849246978759766,qmix,smacv2,protoss_5_vs_5,100,0.0
4502000,2250,2026-06-10T19:10:33.993832,5.521418571472168,2.84913969039917,2.0917086601257324,16.080402374267578,qmix,smacv2,protoss_5_vs_5,100,0.05000000074505806
4504000,2251,2026-06-10T19:13:13.627457,4.67587947845459,1.4305497407913208,2.572864532470703,7.133166313171387,qmix,smacv2,protoss_5_vs_5,100,0.0
4506000,2252,2026-06-10T19:15:51.467482,5.474623203277588,2.462083339691162,1.7462313175201416,10.452260971069336,qmix,smacv2,protoss_5_vs_5,100,0.05000000074505806
4508000,2253,2026-06-10T19:18:31.111668,4.686118125915527,1.332548975944519,2.354271411895752,6.727387428283691,qmix,smacv2,protoss_5_vs_5,100,0.0
4510000,2254,2026-06-10T19:21:10.773229,4.280904293060303,1.6372112035751343,2.5829145908355713,7.236181735992432,qmix,smacv2,protoss_5_vs_5,100,0.0
4512000,2255,2026-06-10T19:23:50.754426,4.832411766052246,2.1237449645996094,1.859296441078186,11.193467140197754,qmix,smacv2,protoss_5_vs_5,100,0.0
4514000,2256,2026-06-10T19:26:34.354513,4.956281661987305,1.440203309059143,2.7311556339263916,7.840452671051025,qmix,smacv2,protoss_5_vs_5,100,0.0
4516000,2257,2026-06-10T19:29:16.208286,5.030087947845459,2.01985502243042,2.1582913398742676,8.962311744689941,qmix,smacv2,protoss_5_vs_5,100,0.0
4518000,2258,2026-06-10T19:32:21.451368,4.614573001861572,1.9731158018112183,2.2211055755615234,9.597990036010742,qmix,smacv2,protoss_5_vs_5,100,0.0
4520000,2259,2026-06-10T19:34:56.249707,4.762248992919922,1.2774686813354492,2.8040201663970947,7.01507568359375,qmix,smacv2,protoss_5_vs_5,100,0.0
4522000,2260,2026-06-10T19:37:25.099340,4.470037460327148,1.664677381515503,1.4824119806289673,7.668341636657715,qmix,smacv2,protoss_5_vs_5,100,0.0
4524000,2261,2026-06-10T19:40:00.832660,5.427135467529297,1.6271862983703613,2.4623117446899414,8.59924602508545,qmix,smacv2,protoss_5_vs_5,100,0.0
4526000,2262,2026-06-10T19:42:39.020468,4.932034969329834,1.539049506187439,3.1155781745910645,9.628140449523926,qmix,smacv2,protoss_5_vs_5,100,0.0
4528000,2263,2026-06-10T19:45:18.031881,4.8544602394104,1.4425400495529175,2.484924554824829,8.115577697753906,qmix,smacv2,protoss_5_vs_5,100,0.0
4530000,2264,2026-06-10T19:48:01.285987,5.547487735748291,1.863955020904541,2.07412052154541,10.241206169128418,qmix,smacv2,protoss_5_vs_5,100,0.0
4532000,2265,2026-06-10T19:50:41.369392,5.7364325523376465,1.9247264862060547,3.7286429405212402,9.929648399353027,qmix,smacv2,protoss_5_vs_5,100,0.0
4534000,2266,2026-06-10T19:53:24.199476,5.083416938781738,1.9529569149017334,1.3969849348068237,9.1055269241333,qmix,smacv2,protoss_5_vs_5,100,0.0
4536000,2267,2026-06-10T19:56:06.307764,5.3984293937683105,1.6105754375457764,2.2123117446899414,8.008793830871582,qmix,smacv2,protoss_5_vs_5,100,0.0
4538000,2268,2026-06-10T19:58:48.535724,5.659170627593994,1.7459607124328613,3.025125741958618,10.797739028930664,qmix,smacv2,protoss_5_vs_5,100,0.0
4540000,2269,2026-06-10T20:01:32.418496,5.2464823722839355,1.5846370458602905,2.227386951446533,8.268843650817871,qmix,smacv2,protoss_5_vs_5,100,0.0
4542000,2270,2026-06-10T20:04:13.054773,4.787626266479492,1.243299126625061,3.3592963218688965,8.48241138458252,qmix,smacv2,protoss_5_vs_5,100,0.0
4544000,2271,2026-06-10T20:06:54.593514,6.131470203399658,2.117969512939453,3.3002514839172363,10.090452194213867,qmix,smacv2,protoss_5_vs_5,100,0.0
4546000,2272,2026-06-10T20:09:41.384906,4.815640449523926,2.133068084716797,0.0,8.73366928100586,qmix,smacv2,protoss_5_vs_5,100,0.0
4548000,2273,2026-06-10T20:12:19.203789,4.895288944244385,2.0319442749023438,1.7977386713027954,8.964823722839355,qmix,smacv2,protoss_5_vs_5,100,0.0
4550000,2274,2026-06-10T20:14:56.828627,5.3265700340271,1.4680525064468384,2.7550249099731445,7.547738552093506,qmix,smacv2,protoss_5_vs_5,100,0.0
4552000,2275,2026-06-10T20:17:33.288151,5.432600498199463,2.459507942199707,2.6243720054626465,12.261306762695312,qmix,smacv2,protoss_5_vs_5,100,0.05000000074505806
4554000,2276,2026-06-10T20:20:10.452418,5.379396915435791,1.7913227081298828,2.1997487545013428,8.652009963989258,qmix,smacv2,protoss_5_vs_5,100,0.0
4556000,2277,2026-06-10T20:22:50.268269,5.445792198181152,1.362564206123352,3.135678291320801,8.79396915435791,qmix,smacv2,protoss_5_vs_5,100,0.0
4558000,2278,2026-06-10T20:25:30.184641,5.776381492614746,1.5985732078552246,3.1658291816711426,10.542713165283203,qmix,smacv2,protoss_5_vs_5,100,0.0
4560000,2279,2026-06-10T20:28:11.004628,5.417839050292969,1.618999719619751,2.9145727157592773,9.728642463684082,qmix,smacv2,protoss_5_vs_5,100,0.0
4562000,2280,2026-06-10T20:30:51.548140,5.39158296585083,1.701107144355774,3.05527663230896,9.674622535705566,qmix,smacv2,protoss_5_vs_5,100,0.0
4564000,2281,2026-06-10T20:33:31.786516,4.918529987335205,1.208518385887146,2.974874258041382,7.3668341636657715,qmix,smacv2,protoss_5_vs_5,100,0.0
4566000,2282,2026-06-10T20:36:12.376874,5.506030082702637,1.892378807067871,1.407035231590271,9.386935234069824,qmix,smacv2,protoss_5_vs_5,100,0.0
4568000,2283,2026-06-10T20:38:53.665907,5.227889060974121,1.9864996671676636,2.6896984577178955,9.433417320251465,qmix,smacv2,protoss_5_vs_5,100,0.0
4570000,2284,2026-06-10T20:41:31.263649,4.987374782562256,1.1000480651855469,2.7236180305480957,6.801507472991943,qmix,smacv2,protoss_5_vs_5,100,0.0
4572000,2285,2026-06-10T20:44:10.288847,5.369660377502441,1.781521201133728,2.371859312057495,10.050250053405762,qmix,smacv2,protoss_5_vs_5,100,0.05000000074505806
4574000,2286,2026-06-10T20:46:50.376527,5.107914924621582,1.9070342779159546,2.718592882156372,10.354270935058594,qmix,smacv2,protoss_5_vs_5,100,0.05000000074505806
4576000,2287,2026-06-10T20:49:28.599180,5.349936485290527,2.0662965774536133,3.025125741958618,12.261306762695312,qmix,smacv2,protoss_5_vs_5,100,0.0
4578000,2288,2026-06-10T20:52:07.561167,5.88015079498291,2.4853718280792236,3.4472358226776123,13.085428237915039,qmix,smacv2,protoss_5_vs_5,100,0.0
4580000,2289,2026-06-10T20:54:46.175647,5.435553073883057,1.7160497903823853,2.474874258041382,8.582914352416992,qmix,smacv2,protoss_5_vs_5,100,0.0
4582000,2290,2026-06-10T20:57:25.203528,5.159610271453857,1.454732060432434,2.670854330062866,8.276382446289062,qmix,smacv2,protoss_5_vs_5,100,0.0
4584000,2291,2026-06-10T21:00:02.923729,5.482977390289307,1.9131277799606323,2.120603084564209,8.239949226379395,qmix,smacv2,protoss_5_vs_5,100,0.0
4586000,2292,2026-06-10T21:02:44.814869,5.5447869300842285,1.2476876974105835,3.507537364959717,7.904522895812988,qmix,smacv2,protoss_5_vs_5,100,0.0
4588000,2293,2026-06-10T21:05:26.105997,5.323681354522705,1.5238279104232788,3.0552761554718018,9.276381492614746,qmix,smacv2,protoss_5_vs_5,100,0.0
4590000,2294,2026-06-10T21:08:09.228369,4.955967903137207,2.1847684383392334,1.5251256227493286,8.942212104797363,qmix,smacv2,protoss_5_vs_5,100,0.0
4592000,2295,2026-06-10T21:10:50.810588,5.307223320007324,1.704932451248169,2.1507537364959717,8.432160377502441,qmix,smacv2,protoss_5_vs_5,100,0.0
4594000,2296,2026-06-10T21:13:30.245660,5.211243629455566,1.884731650352478,1.9798996448516846,8.159547805786133,qmix,smacv2,protoss_5_vs_5,100,0.0
4596000,2297,2026-06-10T21:16:11.444003,5.592965126037598,1.7663052082061768,3.3178391456604004,10.783918380737305,qmix,smacv2,protoss_5_vs_5,100,0.0
4598000,2298,2026-06-10T21:18:49.652420,5.538442611694336,1.4930157661437988,3.2160804271698,10.010050773620605,qmix,smacv2,protoss_5_vs_5,100,0.0
4600000,2299,2026-06-10T21:21:26.795806,5.1020731925964355,2.2279233932495117,2.5841705799102783,11.587939262390137,qmix,smacv2,protoss_5_vs_5,100,0.0
4602000,2300,2026-06-10T21:24:08.191280,5.246042728424072,1.6015996932983398,2.8015077114105225,8.020100593566895,qmix,smacv2,protoss_5_vs_5,100,0.0
4604000,2301,2026-06-10T21:26:45.850571,5.428643226623535,1.5661485195159912,2.9874372482299805,9.6055269241333,qmix,smacv2,protoss_5_vs_5,100,0.0
4606000,2302,2026-06-10T21:29:26.809235,6.273743629455566,2.2904984951019287,3.652009963989258,14.170854568481445,qmix,smacv2,protoss_5_vs_5,100,0.05000000074505806
4608000,2303,2026-06-10T21:32:06.745251,5.432977199554443,1.4076690673828125,2.9547736644744873,8.316582679748535,qmix,smacv2,protoss_5_vs_5,100,0.0
4610000,2304,2026-06-10T21:34:46.338282,4.755276203155518,1.6006643772125244,2.864321708679199,9.899497032165527,qmix,smacv2,protoss_5_vs_5,100,0.0
4612000,2305,2026-06-10T21:37:26.400132,4.359045505523682,1.6373264789581299,1.9899498224258423,9.788944244384766,qmix,smacv2,protoss_5_vs_5,100,0.0
4614000,2306,2026-06-10T21:40:07.362907,4.418152809143066,0.9999553561210632,2.361809015274048,6.060301303863525,qmix,smacv2,protoss_5_vs_5,100,0.0
4616000,2307,2026-06-10T21:42:49.734455,5.427386283874512,2.1596429347991943,3.072864532470703,12.603015899658203,qmix,smacv2,protoss_5_vs_5,100,0.0
4618000,2308,2026-06-10T21:45:28.237626,5.080653190612793,1.737779140472412,2.8668341636657715,10.743718147277832,qmix,smacv2,protoss_5_vs_5,100,0.0
4620000,2309,2026-06-10T21:48:08.188137,5.2488694190979,2.160090923309326,1.8542712926864624,10.15075397491455,qmix,smacv2,protoss_5_vs_5,100,0.05000000074505806
4622000,2310,2026-06-10T21:50:48.567829,4.523868560791016,1.5784764289855957,2.8743720054626465,8.814069747924805,qmix,smacv2,protoss_5_vs_5,100,0.0
4624000,2311,2026-06-10T21:53:30.355125,5.769911766052246,1.7990614175796509,2.6231155395507812,9.216080665588379,qmix,smacv2,protoss_5_vs_5,100,0.0
4626000,2312,2026-06-10T21:56:10.533333,4.890012741088867,1.2490434646606445,3.1256279945373535,7.457286834716797,qmix,smacv2,protoss_5_vs_5,100,0.0
4628000,2313,2026-06-10T21:58:51.435201,5.292776584625244,1.9207230806350708,2.5037691593170166,10.552764892578125,qmix,smacv2,protoss_5_vs_5,100,0.05000000074505806
4630000,2314,2026-06-10T22:01:31.589559,5.6591081619262695,1.6919264793395996,2.79020094871521,9.085426330566406,qmix,smacv2,protoss_5_vs_5,100,0.0
4632000,2315,2026-06-10T22:04:09.919108,5.218655586242676,2.4893951416015625,2.442211151123047,14.331659317016602,qmix,smacv2,protoss_5_vs_5,100,0.05000000074505806
4634000,2316,2026-06-10T22:06:48.506412,5.212185859680176,1.8811482191085815,2.532663345336914,8.75,qmix,smacv2,protoss_5_vs_5,100,0.0
4636000,2317,2026-06-10T22:09:27.715273,5.210175514221191,1.7590171098709106,3.1005024909973145,9.268844604492188,qmix,smacv2,protoss_5_vs_5,100,0.0
4638000,2318,2026-06-10T22:12:06.935312,5.343656063079834,1.9449573755264282,1.6080402135849,8.040201187133789,qmix,smacv2,protoss_5_vs_5,100,0.0
4640000,2319,2026-06-10T22:14:49.571134,5.7429022789001465,1.8492445945739746,2.3844220638275146,10.028894424438477,qmix,smacv2,protoss_5_vs_5,100,0.0
4642000,2320,2026-06-10T22:17:29.368918,6.566269874572754,2.4302165508270264,3.4145729541778564,12.376885414123535,qmix,smacv2,protoss_5_vs_5,100,0.05000000074505806
4644000,2321,2026-06-10T22:20:07.996853,6.236117839813232,2.7541983127593994,2.8040199279785156,14.170854568481445,qmix,smacv2,protoss_5_vs_5,100,0.05000000074505806
4646000,2322,2026-06-10T22:22:46.677147,4.391645908355713,1.7124431133270264,1.6884424686431885,8.844221115112305,qmix,smacv2,protoss_5_vs_5,100,0.0
4648000,2323,2026-06-10T22:25:24.150787,4.793718338012695,1.679200291633606,2.1105527877807617,7.698492527008057,qmix,smacv2,protoss_5_vs_5,100,0.0
4650000,2324,2026-06-10T22:28:05.903766,5.511620998382568,1.5208269357681274,3.306532621383667,8.19095516204834,qmix,smacv2,protoss_5_vs_5,100,0.0
4652000,2325,2026-06-10T22:30:47.421091,5.640578269958496,1.8462748527526855,2.650753974914551,9.886935234069824,qmix,smacv2,protoss_5_vs_5,100,0.0
4654000,2326,2026-06-10T22:33:32.524622,4.5898237228393555,1.7190696001052856,2.4384422302246094,9.33668327331543,qmix,smacv2,protoss_5_vs_5,100,0.0
4656000,2327,2026-06-10T22:36:12.055973,5.414007663726807,1.6729706525802612,2.8341708183288574,8.542713165283203,qmix,smacv2,protoss_5_vs_5,100,0.0
4658000,2328,2026-06-10T22:38:51.508777,5.5966081619262695,2.44916033744812,2.6922109127044678,10.824121475219727,qmix,smacv2,protoss_5_vs_5,100,0.0
4660000,2329,2026-06-10T22:41:29.197282,5.083102703094482,1.2386469841003418,3.208542585372925,8.50251293182373,qmix,smacv2,protoss_5_vs_5,100,0.0
4662000,2330,2026-06-10T22:44:07.093925,5.6314697265625,1.354958415031433,2.8128139972686768,8.38191032409668,qmix,smacv2,protoss_5_vs_5,100,0.0
4664000,2331,2026-06-10T22:46:45.780991,6.224623203277588,2.2306630611419678,2.492462158203125,9.801507949829102,qmix,smacv2,protoss_5_vs_5,100,0.0
4666000,2332,2026-06-10T22:49:24.296965,5.2462944984436035,1.882238507270813,2.5929646492004395,11.507538795471191,qmix,smacv2,protoss_5_vs_5,100,0.0
4668000,2333,2026-06-10T22:52:03.401444,4.4899492263793945,1.5265218019485474,1.899497628211975,7.929648399353027,qmix,smacv2,protoss_5_vs_5,100,0.0
4670000,2334,2026-06-10T22:54:43.935652,6.3358049392700195,2.5422260761260986,2.684673309326172,14.070352554321289,qmix,smacv2,protoss_5_vs_5,100,0.05000000074505806
4672000,2335,2026-06-10T22:57:26.270217,5.8839826583862305,2.099673271179199,2.1507537364959717,9.467336654663086,qmix,smacv2,protoss_5_vs_5,100,0.0
4674000,2336,2026-06-10T23:00:07.364167,5.21036434173584,1.9452341794967651,2.7437186241149902,10.405778884887695,qmix,smacv2,protoss_5_vs_5,100,0.0
4676000,2337,2026-06-10T23:02:45.543233,5.055590629577637,2.0956521034240723,2.562814235687256,12.301507949829102,qmix,smacv2,protoss_5_vs_5,100,0.05000000074505806
4678000,2338,2026-06-10T23:05:26.367044,5.509924411773682,1.9647468328475952,3.1871860027313232,12.060301780700684,qmix,smacv2,protoss_5_vs_5,100,0.05000000074505806
4680000,2339,2026-06-10T23:08:05.904070,6.203329563140869,2.1144328117370605,3.5678391456604004,12.361808776855469,qmix,smacv2,protoss_5_vs_5,100,0.05000000074505806
4682000,2340,2026-06-10T23:10:45.247105,5.693278789520264,2.717838764190674,2.0590453147888184,14.2738676071167,qmix,smacv2,protoss_5_vs_5,100,0.05000000074505806
4684000,2341,2026-06-10T23:13:24.949097,5.345980644226074,2.245231866836548,2.8982415199279785,10.84924602508545,qmix,smacv2,protoss_5_vs_5,100,0.0
4686000,2342,2026-06-10T23:16:04.384137,5.908668041229248,2.6860811710357666,1.8103015422821045,14.170854568481445,qmix,smacv2,protoss_5_vs_5,100,0.05000000074505806
4688000,2343,2026-06-10T23:18:44.198626,5.394472599029541,1.621736764907837,3.0376884937286377,9.045226097106934,qmix,smacv2,protoss_5_vs_5,100,0.0
4690000,2344,2026-06-10T23:21:24.115224,5.07675838470459,1.2244991064071655,2.3982412815093994,7.403266906738281,qmix,smacv2,protoss_5_vs_5,100,0.0
4692000,2345,2026-06-10T23:24:02.957304,5.573366641998291,1.9174094200134277,3.015075206756592,11.453516960144043,qmix,smacv2,protoss_5_vs_5,100,0.0
4694000,2346,2026-06-10T23:26:43.051912,5.680778980255127,1.754483699798584,3.4070351123809814,9.939699172973633,qmix,smacv2,protoss_5_vs_5,100,0.0
4696000,2347,2026-06-10T23:29:26.248656,5.335678577423096,1.5975346565246582,2.854271173477173,8.12060260772705,qmix,smacv2,protoss_5_vs_5,100,0.0
4698000,2348,2026-06-10T23:32:08.460028,5.376193046569824,2.2452311515808105,2.080402135848999,12.261306762695312,qmix,smacv2,protoss_5_vs_5,100,0.05000000074505806
4700000,2349,2026-06-10T23:34:46.853645,5.609798908233643,1.6807100772857666,3.2864317893981934,10.150754928588867,qmix,smacv2,protoss_5_vs_5,100,0.05000000074505806
4702000,2350,2026-06-10T23:37:27.310345,6.388567924499512,2.476552963256836,2.5929646492004395,12.44221019744873,qmix,smacv2,protoss_5_vs_5,100,0.05000000074505806
4704000,2351,2026-06-10T23:40:07.679161,5.953392028808594,1.4578015804290771,3.0753769874572754,9.758794784545898,qmix,smacv2,protoss_5_vs_5,100,0.0
4706000,2352,2026-06-10T23:42:44.924301,5.532914638519287,1.7873262166976929,2.814070224761963,9.839197158813477,qmix,smacv2,protoss_5_vs_5,100,0.0
4708000,2353,2026-06-10T23:45:24.174702,5.26809024810791,1.7819019556045532,2.5125627517700195,8.733668327331543,qmix,smacv2,protoss_5_vs_5,100,0.0
4710000,2354,2026-06-10T23:48:04.172797,5.648429870605469,1.414718508720398,3.306532621383667,8.85427188873291,qmix,smacv2,protoss_5_vs_5,100,0.0
4712000,2355,2026-06-10T23:50:44.752412,5.343091011047363,2.047523021697998,2.8040199279785156,10.48743724822998,qmix,smacv2,protoss_5_vs_5,100,0.0
4714000,2356,2026-06-10T23:53:25.486084,4.940577507019043,1.2355575561523438,3.2060303688049316,7.175879001617432,qmix,smacv2,protoss_5_vs_5,100,0.0
4716000,2357,2026-06-10T23:56:05.454543,5.385301113128662,1.78754723072052,3.266331434249878,11.474873542785645,qmix,smacv2,protoss_5_vs_5,100,0.0
4718000,2358,2026-06-10T23:58:47.455201,6.15992546081543,2.211016893386841,2.452261447906494,12.261305809020996,qmix,smacv2,protoss_5_vs_5,100,0.05000000074505806
4720000,2359,2026-06-11T00:01:26.126089,4.754648685455322,1.1663540601730347,2.6482410430908203,6.562813758850098,qmix,smacv2,protoss_5_vs_5,100,0.0
4722000,2360,2026-06-11T00:04:04.867135,5.0231781005859375,1.38736093044281,1.605527639389038,8.320352554321289,qmix,smacv2,protoss_5_vs_5,100,0.0
4724000,2361,2026-06-11T00:06:45.301879,5.42324161529541,1.7376652956008911,2.5452260971069336,10.050251007080078,qmix,smacv2,protoss_5_vs_5,100,0.05000000074505806
4726000,2362,2026-06-11T00:09:22.858933,6.2970476150512695,2.4728190898895264,2.9648239612579346,14.070350646972656,qmix,smacv2,protoss_5_vs_5,100,0.05000000074505806
4728000,2363,2026-06-11T00:12:04.193688,5.368467807769775,2.3739020824432373,2.894472360610962,13.889447212219238,qmix,smacv2,protoss_5_vs_5,100,0.0
4730000,2364,2026-06-11T00:14:45.560742,4.668593406677246,1.2879825830459595,2.6733670234680176,7.467337131500244,qmix,smacv2,protoss_5_vs_5,100,0.0
4732000,2365,2026-06-11T00:17:26.774628,4.512123107910156,1.3699510097503662,2.7123117446899414,7.2462310791015625,qmix,smacv2,protoss_5_vs_5,100,0.0
4734000,2366,2026-06-11T00:20:09.544854,5.720979690551758,2.5229690074920654,2.233668327331543,10.585427284240723,qmix,smacv2,protoss_5_vs_5,100,0.0
4736000,2367,2026-06-11T00:22:48.261777,5.000816345214844,1.5901939868927002,2.4158291816711426,9.286432266235352,qmix,smacv2,protoss_5_vs_5,100,0.0
4738000,2368,2026-06-11T00:25:29.290678,5.7926506996154785,2.1100242137908936,1.4195979833602905,9.939697265625,qmix,smacv2,protoss_5_vs_5,100,0.0
4740000,2369,2026-06-11T00:28:07.895207,6.170414924621582,1.7800509929656982,3.1256279945373535,10.123116493225098,qmix,smacv2,protoss_5_vs_5,100,0.05000000074505806
4742000,2370,2026-06-11T00:30:46.733008,5.356092929840088,2.1083595752716064,3.0992462635040283,12.077889442443848,qmix,smacv2,protoss_5_vs_5,100,0.05000000074505806
4744000,2371,2026-06-11T00:33:25.860769,5.924811363220215,2.2754271030426025,2.5502514839172363,10.914572715759277,qmix,smacv2,protoss_5_vs_5,100,0.0
4746000,2372,2026-06-11T00:36:03.782305,6.063190937042236,1.7298376560211182,3.678391933441162,10.430904388427734,qmix,smacv2,protoss_5_vs_5,100,0.05000000074505806
4748000,2373,2026-06-11T00:38:41.920678,5.415075302124023,1.7490594387054443,2.605527877807617,9.33668327331543,qmix,smacv2,protoss_5_vs_5,100,0.0
4750000,2374,2026-06-11T00:41:20.513809,6.237374305725098,2.3599226474761963,3.507537841796875,12.060300827026367,qmix,smacv2,protoss_5_vs_5,100,0.10000000149011612
4752000,2375,2026-06-11T00:44:00.726005,4.870477199554443,1.6179089546203613,2.9334170818328857,8.653265953063965,qmix,smacv2,protoss_5_vs_5,100,0.0
4754000,2376,2026-06-11T00:46:39.117727,5.728392124176025,1.5879064798355103,3.0,8.701004981994629,qmix,smacv2,protoss_5_vs_5,100,0.0
4756000,2377,2026-06-11T00:49:19.385430,5.41249942779541,1.9303386211395264,2.4321608543395996,8.753768920898438,qmix,smacv2,protoss_5_vs_5,100,0.0
4758000,2378,2026-06-11T00:52:02.251131,5.277324199676514,1.6248571872711182,3.09547758102417,9.497488021850586,qmix,smacv2,protoss_5_vs_5,100,0.0
4760000,2379,2026-06-11T00:54:49.538565,6.92587947845459,2.327711820602417,3.8077893257141113,14.281407356262207,qmix,smacv2,protoss_5_vs_5,100,0.05000000074505806
4762000,2380,2026-06-11T00:57:28.490208,5.452701091766357,1.696234107017517,3.0452260971069336,9.30653190612793,qmix,smacv2,protoss_5_vs_5,100,0.0
4764000,2381,2026-06-11T01:00:08.745369,5.985552787780762,2.687087297439575,2.5125627517700195,13.226130485534668,qmix,smacv2,protoss_5_vs_5,100,0.05000000074505806
4766000,2382,2026-06-11T01:02:46.689539,5.433983325958252,1.521297574043274,2.7537689208984375,7.83919620513916,qmix,smacv2,protoss_5_vs_5,100,0.0
4768000,2383,2026-06-11T01:05:24.798776,4.9895100593566895,1.623544454574585,2.1809046268463135,9.17587947845459,qmix,smacv2,protoss_5_vs_5,100,0.0
4770000,2384,2026-06-11T01:08:03.035984,5.235867023468018,1.5232166051864624,3.0603015422821045,8.04522705078125,qmix,smacv2,protoss_5_vs_5,100,0.0
4772000,2385,2026-06-11T01:10:41.492907,5.159862518310547,2.1477878093719482,1.105527639389038,10.050251007080078,qmix,smacv2,protoss_5_vs_5,100,0.0
4774000,2386,2026-06-11T01:13:20.507106,4.7981157302856445,1.2596065998077393,2.9396986961364746,8.241207122802734,qmix,smacv2,protoss_5_vs_5,100,0.0
4776000,2387,2026-06-11T01:16:01.922646,5.121042728424072,1.4360593557357788,2.894472360610962,8.231155395507812,qmix,smacv2,protoss_5_vs_5,100,0.0
4778000,2388,2026-06-11T01:19:06.853786,5.418655872344971,1.8580312728881836,2.4572863578796387,9.64824104309082,qmix,smacv2,protoss_5_vs_5,100,0.0
4780000,2389,2026-06-11T01:21:44.643076,5.0613694190979,1.4621131420135498,2.1557788848876953,7.498744010925293,qmix,smacv2,protoss_5_vs_5,100,0.0
4782000,2390,2026-06-11T01:24:16.079152,6.0576629638671875,1.5290143489837646,3.0213568210601807,9.228643417358398,qmix,smacv2,protoss_5_vs_5,100,0.0
4784000,2391,2026-06-11T01:26:53.841534,5.966143608093262,1.9554744958877563,2.8027639389038086,9.58668327331543,qmix,smacv2,protoss_5_vs_5,100,0.0
4786000,2392,2026-06-11T01:29:35.683601,5.50778865814209,1.9288151264190674,2.767587661743164,9.849245071411133,qmix,smacv2,protoss_5_vs_5,100,0.0
4788000,2393,2026-06-11T01:32:16.611880,5.187877178192139,1.4808698892593384,3.065326690673828,8.32160758972168,qmix,smacv2,protoss_5_vs_5,100,0.0
4790000,2394,2026-06-11T01:34:59.572720,5.719346523284912,2.603250503540039,2.306532621383667,14.331657409667969,qmix,smacv2,protoss_5_vs_5,100,0.05000000074505806
4792000,2395,2026-06-11T01:37:42.076924,4.990891933441162,1.4893884658813477,2.4899497032165527,9.121859550476074,qmix,smacv2,protoss_5_vs_5,100,0.0
4794000,2396,2026-06-11T01:40:26.582047,6.256972312927246,2.302525758743286,2.6633167266845703,11.714824676513672,qmix,smacv2,protoss_5_vs_5,100,0.0
4796000,2397,2026-06-11T01:43:09.650298,5.080526828765869,1.7107810974121094,2.3680901527404785,10.35175895690918,qmix,smacv2,protoss_5_vs_5,100,0.05000000074505806
4798000,2398,2026-06-11T01:45:54.984631,5.236306190490723,1.2076002359390259,2.6017589569091797,7.41708517074585,qmix,smacv2,protoss_5_vs_5,100,0.0
4800000,2399,2026-06-11T01:48:42.834820,6.025753974914551,2.2280731201171875,3.2160804271698,11.68844223022461,qmix,smacv2,protoss_5_vs_5,100,0.0
4802000,2400,2026-06-11T01:51:29.302311,6.087562561035156,2.724053144454956,3.257537364959717,16.180904388427734,qmix,smacv2,protoss_5_vs_5,100,0.05000000074505806
4804000,2401,2026-06-11T01:54:15.065393,5.766520023345947,2.3773159980773926,3.0854272842407227,12.16080379486084,qmix,smacv2,protoss_5_vs_5,100,0.05000000074505806
4806000,2402,2026-06-11T01:57:02.966758,6.047173500061035,3.4666085243225098,2.6834168434143066,14.278894424438477,qmix,smacv2,protoss_5_vs_5,100,0.10000000149011612
4808000,2403,2026-06-11T01:59:47.290982,6.170100212097168,2.8113064765930176,3.3266334533691406,16.180904388427734,qmix,smacv2,protoss_5_vs_5,100,0.05000000074505806
4810000,2404,2026-06-11T02:02:30.314206,5.478706359863281,1.496578335762024,3.2462310791015625,8.693467140197754,qmix,smacv2,protoss_5_vs_5,100,0.0
4812000,2405,2026-06-11T02:05:11.278647,6.250565528869629,1.9892470836639404,2.8743720054626465,12.261306762695312,qmix,smacv2,protoss_5_vs_5,100,0.05000000074505806
4814000,2406,2026-06-11T02:07:49.296686,5.24616813659668,1.5235694646835327,1.9183416366577148,8.050251007080078,qmix,smacv2,protoss_5_vs_5,100,0.0
4816000,2407,2026-06-11T02:10:27.117198,4.974999904632568,1.2700692415237427,3.5351758003234863,8.301506996154785,qmix,smacv2,protoss_5_vs_5,100,0.0
4818000,2408,2026-06-11T02:13:02.665229,5.0489325523376465,1.8409382104873657,2.443467378616333,10.050251007080078,qmix,smacv2,protoss_5_vs_5,100,0.05000000074505806
4820000,2409,2026-06-11T02:15:39.545180,5.086557865142822,2.113391160964966,2.159547805786133,10.001256942749023,qmix,smacv2,protoss_5_vs_5,100,0.0
4822000,2410,2026-06-11T02:18:16.553773,5.498618125915527,2.8004848957061768,2.340452194213867,14.27135944366455,qmix,smacv2,protoss_5_vs_5,100,0.05000000074505806
4824000,2411,2026-06-11T02:20:56.221760,6.274057865142822,1.986017107963562,3.847989559173584,12.16080379486084,qmix,smacv2,protoss_5_vs_5,100,0.05000000074505806
4826000,2412,2026-06-11T02:23:36.352620,5.555276393890381,2.3085861206054688,2.2763819694519043,12.361808776855469,qmix,smacv2,protoss_5_vs_5,100,0.05000000074505806
4828000,2413,2026-06-11T02:26:16.590179,5.479522705078125,1.775227427482605,2.5603013038635254,9.761305809020996,qmix,smacv2,protoss_5_vs_5,100,0.0
4830000,2414,2026-06-11T02:28:59.239197,6.2817840576171875,2.158728837966919,2.894472122192383,10.723618507385254,qmix,smacv2,protoss_5_vs_5,100,0.0
4832000,2415,2026-06-11T02:31:38.477195,5.620352268218994,2.3322441577911377,3.209799289703369,14.371859550476074,qmix,smacv2,protoss_5_vs_5,100,0.05000000074505806
4834000,2416,2026-06-11T02:34:15.550128,4.710112571716309,1.1446170806884766,2.6331655979156494,6.530150413513184,qmix,smacv2,protoss_5_vs_5,100,0.0
4836000,2417,2026-06-11T02:36:57.066207,5.098869323730469,1.5241889953613281,2.854271411895752,8.643216133117676,qmix,smacv2,protoss_5_vs_5,100,0.0
4838000,2418,2026-06-11T02:39:38.251601,5.1437811851501465,1.9031859636306763,3.5175881385803223,11.185931205749512,qmix,smacv2,protoss_5_vs_5,100,0.0
4840000,2419,2026-06-11T02:42:20.442904,5.639321327209473,2.7171897888183594,2.650753974914551,14.241206169128418,qmix,smacv2,protoss_5_vs_5,100,0.0
4842000,2420,2026-06-11T02:45:03.252071,6.079898834228516,1.5852736234664917,3.086683511734009,8.924623489379883,qmix,smacv2,protoss_5_vs_5,100,0.0
4844000,2421,2026-06-11T02:47:44.003179,5.068718910217285,1.2735806703567505,3.678391933441162,8.773868560791016,qmix,smacv2,protoss_5_vs_5,100,0.0
4846000,2422,2026-06-11T02:50:26.274207,5.442525386810303,1.9169363975524902,2.7839195728302,9.804020881652832,qmix,smacv2,protoss_5_vs_5,100,0.0
4848000,2423,2026-06-11T02:53:05.398980,4.996357440948486,1.6587291955947876,2.812814235687256,9.346733093261719,qmix,smacv2,protoss_5_vs_5,100,0.0
4850000,2424,2026-06-11T02:55:43.198283,5.6256279945373535,1.7937065362930298,3.114321708679199,10.150753021240234,qmix,smacv2,protoss_5_vs_5,100,0.05000000074505806
4852000,2425,2026-06-11T02:58:21.584382,5.688505172729492,1.7795608043670654,2.7374372482299805,10.090452194213867,qmix,smacv2,protoss_5_vs_5,100,0.0
4854000,2426,2026-06-11T03:01:00.025908,5.784422397613525,1.8272066116333008,3.0527639389038086,9.434672355651855,qmix,smacv2,protoss_5_vs_5,100,0.0
4856000,2427,2026-06-11T03:03:40.452405,5.420854091644287,1.9882962703704834,2.0188441276550293,10.70351791381836,qmix,smacv2,protoss_5_vs_5,100,0.0
4858000,2428,2026-06-11T03:06:19.547097,5.087123394012451,1.4369490146636963,3.0050251483917236,8.57412052154541,qmix,smacv2,protoss_5_vs_5,100,0.0
4860000,2429,2026-06-11T03:08:57.280464,5.697236061096191,1.260514259338379,3.684673309326172,8.63316535949707,qmix,smacv2,protoss_5_vs_5,100,0.0
4862000,2430,2026-06-11T03:11:35.857868,4.820163249969482,1.1768667697906494,2.974874258041382,6.88442325592041,qmix,smacv2,protoss_5_vs_5,100,0.0
4864000,2431,2026-06-11T03:14:16.643431,5.513819694519043,1.6933268308639526,1.9371858835220337,8.739950180053711,qmix,smacv2,protoss_5_vs_5,100,0.0
4866000,2432,2026-06-11T03:17:03.272518,5.66463565826416,1.7435126304626465,0.0,8.731155395507812,qmix,smacv2,protoss_5_vs_5,100,0.0
4868000,2433,2026-06-11T03:19:43.061834,4.9112443923950195,1.8564659357070923,2.2713568210601807,9.569095611572266,qmix,smacv2,protoss_5_vs_5,100,0.0
4870000,2434,2026-06-11T03:22:22.771699,5.660614967346191,2.4284627437591553,2.9258792400360107,14.271356582641602,qmix,smacv2,protoss_5_vs_5,100,0.05000000074505806
4872000,2435,2026-06-11T03:25:02.490633,5.8323493003845215,1.6541023254394531,3.08040189743042,9.035175323486328,qmix,smacv2,protoss_5_vs_5,100,0.0
4874000,2436,2026-06-11T03:27:42.376645,5.390326499938965,1.3536783456802368,3.498743772506714,8.030150413513184,qmix,smacv2,protoss_5_vs_5,100,0.0
4876000,2437,2026-06-11T03:30:21.348093,5.813567161560059,1.9942182302474976,3.2763819694519043,12.261306762695312,qmix,smacv2,protoss_5_vs_5,100,0.05000000074505806
4878000,2438,2026-06-11T03:33:00.747932,4.8655781745910645,1.6069912910461426,2.5527639389038086,7.658291816711426,qmix,smacv2,protoss_5_vs_5,100,0.0
4880000,2439,2026-06-11T03:35:38.391957,4.634296894073486,1.3598015308380127,2.3819096088409424,8.036432266235352,qmix,smacv2,protoss_5_vs_5,100,0.0
4882000,2440,2026-06-11T03:38:16.382760,5.047801494598389,1.72077476978302,2.1344223022460938,10.060300827026367,qmix,smacv2,protoss_5_vs_5,100,0.0
4884000,2441,2026-06-11T03:40:56.739591,5.3204145431518555,2.1915926933288574,1.95979905128479,12.160804748535156,qmix,smacv2,protoss_5_vs_5,100,0.05000000074505806
4886000,2442,2026-06-11T03:43:37.825703,5.181721210479736,1.170021653175354,3.5276379585266113,7.909548282623291,qmix,smacv2,protoss_5_vs_5,100,0.0
4888000,2443,2026-06-11T03:46:17.736357,4.288064956665039,1.1475847959518433,2.1105527877807617,6.522612571716309,qmix,smacv2,protoss_5_vs_5,100,0.0
4890000,2444,2026-06-11T03:48:57.076647,4.9746856689453125,1.379104733467102,2.5791454315185547,8.040201187133789,qmix,smacv2,protoss_5_vs_5,100,0.0
4892000,2445,2026-06-11T03:51:36.537749,5.649308681488037,2.558344841003418,1.8165830373764038,12.261306762695312,qmix,smacv2,protoss_5_vs_5,100,0.10000000149011612
4894000,2446,2026-06-11T03:54:13.503044,5.408417224884033,2.003535509109497,2.7537686824798584,12.361808776855469,qmix,smacv2,protoss_5_vs_5,100,0.05000000074505806
4896000,2447,2026-06-11T03:56:53.186874,6.117775917053223,1.5730384588241577,4.321608066558838,10.420854568481445,qmix,smacv2,protoss_5_vs_5,100,0.0
4898000,2448,2026-06-11T03:59:32.983374,5.852324485778809,1.907120943069458,3.3266334533691406,9.68844223022461,qmix,smacv2,protoss_5_vs_5,100,0.0
4900000,2449,2026-06-11T04:02:13.527872,6.308103084564209,2.5001296997070312,2.597989797592163,11.738693237304688,qmix,smacv2,protoss_5_vs_5,100,0.10000000149011612
4902000,2450,2026-06-11T04:04:52.650999,6.29824161529541,3.006162643432617,2.70979905128479,14.371858596801758,qmix,smacv2,protoss_5_vs_5,100,0.10000000149011612
4904000,2451,2026-06-11T04:07:33.919484,6.015012264251709,1.7520726919174194,3.484924793243408,9.909547805786133,qmix,smacv2,protoss_5_vs_5,100,0.0
4906000,2452,2026-06-11T04:10:15.615849,5.379396915435791,1.5053112506866455,3.145728588104248,9.351758003234863,qmix,smacv2,protoss_5_vs_5,100,0.0
4908000,2453,2026-06-11T04:12:56.649164,4.483920097351074,1.511435627937317,2.5929646492004395,8.130653381347656,qmix,smacv2,protoss_5_vs_5,100,0.0
4910000,2454,2026-06-11T04:15:37.886158,5.789761543273926,1.8169314861297607,2.8655779361724854,9.638191223144531,qmix,smacv2,protoss_5_vs_5,100,0.0
4912000,2455,2026-06-11T04:18:18.380561,6.136118412017822,2.670713186264038,3.1633167266845703,12.16080379486084,qmix,smacv2,protoss_5_vs_5,100,0.05000000074505806
4914000,2456,2026-06-11T04:20:59.097690,5.550627708435059,1.6814603805541992,3.517587661743164,9.391959190368652,qmix,smacv2,protoss_5_vs_5,100,0.0
4916000,2457,2026-06-11T04:23:35.091936,5.2410173416137695,1.3094538450241089,2.8567841053009033,8.060301780700684,qmix,smacv2,protoss_5_vs_5,100,0.0
4918000,2458,2026-06-11T04:26:14.327961,5.581470012664795,2.3541786670684814,2.951004981994629,13.766331672668457,qmix,smacv2,protoss_5_vs_5,100,0.0
4920000,2459,2026-06-11T04:28:53.387295,6.102701187133789,2.954390048980713,2.855527639389038,12.361807823181152,qmix,smacv2,protoss_5_vs_5,100,0.10000000149011612
4922000,2460,2026-06-11T04:31:33.553418,6.008479595184326,3.296729803085327,2.022613048553467,16.28140640258789,qmix,smacv2,protoss_5_vs_5,100,0.10000000149011612
4924000,2461,2026-06-11T04:34:14.071972,5.878329277038574,2.266648292541504,2.7939698696136475,10.8856782913208,qmix,smacv2,protoss_5_vs_5,100,0.0
4926000,2462,2026-06-11T04:36:54.897540,5.369095802307129,1.3943105936050415,3.185929536819458,8.502511978149414,qmix,smacv2,protoss_5_vs_5,100,0.0
4928000,2463,2026-06-11T04:39:34.672465,5.6978020668029785,2.1210362911224365,3.128140449523926,12.169598579406738,qmix,smacv2,protoss_5_vs_5,100,0.05000000074505806
4930000,2464,2026-06-11T04:42:15.321161,5.855276584625244,2.975708246231079,2.452261447906494,16.180904388427734,qmix,smacv2,protoss_5_vs_5,100,0.05000000074505806
4932000,2465,2026-06-11T04:44:54.765934,5.457411766052246,1.568419098854065,2.7537689208984375,10.146985054016113,qmix,smacv2,protoss_5_vs_5,100,0.0
4934000,2466,2026-06-11T04:47:34.696792,5.629961967468262,1.260831356048584,3.758794069290161,8.412059783935547,qmix,smacv2,protoss_5_vs_5,100,0.0
4936000,2467,2026-06-11T04:50:13.308080,5.347549915313721,1.3623889684677124,2.643216133117676,8.28140640258789,qmix,smacv2,protoss_5_vs_5,100,0.0
4938000,2468,2026-06-11T04:52:52.677947,5.851946830749512,2.2106921672821045,3.394472599029541,13.96105670928955,qmix,smacv2,protoss_5_vs_5,100,0.0
4940000,2469,2026-06-11T04:55:29.239821,5.311243534088135,1.3714137077331543,3.1834170818328857,7.650753974914551,qmix,smacv2,protoss_5_vs_5,100,0.0
4942000,2470,2026-06-11T04:58:10.515931,5.201632976531982,1.199267864227295,2.864321708679199,7.618090629577637,qmix,smacv2,protoss_5_vs_5,100,0.0
4944000,2471,2026-06-11T05:00:51.833576,5.524874210357666,1.6240837574005127,3.09547758102417,9.380653381347656,qmix,smacv2,protoss_5_vs_5,100,0.0
4946000,2472,2026-06-11T05:03:31.717976,5.402700901031494,1.4593243598937988,2.589195966720581,7.846734523773193,qmix,smacv2,protoss_5_vs_5,100,0.0
4948000,2473,2026-06-11T05:06:15.407372,6.251005172729492,2.3046774864196777,2.812814235687256,12.160804748535156,qmix,smacv2,protoss_5_vs_5,100,0.05000000074505806
4950000,2474,2026-06-11T05:08:57.296309,6.383542537689209,2.604156017303467,3.547738552093506,14.271356582641602,qmix,smacv2,protoss_5_vs_5,100,0.05000000074505806
4952000,2475,2026-06-11T05:11:37.818771,5.393404960632324,2.004556894302368,3.476130962371826,12.361807823181152,qmix,smacv2,protoss_5_vs_5,100,0.05000000074505806
4954000,2476,2026-06-11T05:14:16.476665,6.040766716003418,3.1116766929626465,2.663316488265991,16.425878524780273,qmix,smacv2,protoss_5_vs_5,100,0.05000000074505806
4956000,2477,2026-06-11T05:16:55.872893,4.63492488861084,1.4581565856933594,2.6331658363342285,8.402009963989258,qmix,smacv2,protoss_5_vs_5,100,0.0
4958000,2478,2026-06-11T05:19:34.637704,5.05320405960083,1.3461570739746094,2.0502512454986572,7.587940216064453,qmix,smacv2,protoss_5_vs_5,100,0.0
4960000,2479,2026-06-11T05:22:13.120452,5.656909465789795,1.4866397380828857,3.001256227493286,9.061556816101074,qmix,smacv2,protoss_5_vs_5,100,0.0
4962000,2480,2026-06-11T05:24:53.930532,5.721042633056641,1.9242143630981445,2.5364320278167725,9.316582679748535,qmix,smacv2,protoss_5_vs_5,100,0.0
4964000,2481,2026-06-11T05:27:35.453178,5.844284534454346,2.0867013931274414,3.120603084564209,12.285176277160645,qmix,smacv2,protoss_5_vs_5,100,0.05000000074505806
4966000,2482,2026-06-11T05:30:14.547495,5.055527210235596,2.125852346420288,2.371859312057495,10.0,qmix,smacv2,protoss_5_vs_5,100,0.0
4968000,2483,2026-06-11T05:32:52.560639,5.381721019744873,2.7119290828704834,2.1507537364959717,14.170854568481445,qmix,smacv2,protoss_5_vs_5,100,0.05000000074505806
4970000,2484,2026-06-11T05:35:31.370317,4.701633453369141,1.720280408859253,1.7537686824798584,9.060300827026367,qmix,smacv2,protoss_5_vs_5,100,0.0
4972000,2485,2026-06-11T05:38:12.035516,5.083354473114014,1.8567143678665161,2.2537689208984375,9.587940216064453,qmix,smacv2,protoss_5_vs_5,100,0.0
4974000,2486,2026-06-11T05:40:56.756824,5.181784152984619,1.32276451587677,2.942211151123047,7.899497032165527,qmix,smacv2,protoss_5_vs_5,100,0.0
4976000,2487,2026-06-11T05:43:36.630107,5.661306381225586,1.7836743593215942,2.7952260971069336,10.050251960754395,qmix,smacv2,protoss_5_vs_5,100,0.05000000074505806
4978000,2488,2026-06-11T05:46:14.582422,5.142714023590088,1.2939380407333374,2.8027637004852295,7.580401420593262,qmix,smacv2,protoss_5_vs_5,100,0.0
4980000,2489,2026-06-11T05:48:52.319196,4.993844032287598,1.6609039306640625,2.6733670234680176,9.829145431518555,qmix,smacv2,protoss_5_vs_5,100,0.0
4982000,2490,2026-06-11T05:51:33.221391,5.533982276916504,1.9251031875610352,3.0854270458221436,10.741206169128418,qmix,smacv2,protoss_5_vs_5,100,0.0
4984000,2491,2026-06-11T05:54:11.687591,5.801947116851807,2.239459991455078,2.8542709350585938,10.291458129882812,qmix,smacv2,protoss_5_vs_5,100,0.05000000074505806
4986000,2492,2026-06-11T05:56:49.954899,5.673303604125977,2.5592849254608154,2.79020094871521,14.371859550476074,qmix,smacv2,protoss_5_vs_5,100,0.05000000074505806
4988000,2493,2026-06-11T05:59:31.072905,6.172675132751465,1.895885705947876,4.2625627517700195,12.462311744689941,qmix,smacv2,protoss_5_vs_5,100,0.05000000074505806
4990000,2494,2026-06-11T06:02:11.112395,5.869283676147461,1.8231323957443237,2.6821608543395996,10.777637481689453,qmix,smacv2,protoss_5_vs_5,100,0.0
4992000,2495,2026-06-11T06:04:51.073917,4.746733665466309,0.9599858522415161,3.2160804271698,7.064070224761963,qmix,smacv2,protoss_5_vs_5,100,0.0
4994000,2496,2026-06-11T06:07:31.974709,5.9863691329956055,1.6648403406143188,2.87060284614563,9.273869514465332,qmix,smacv2,protoss_5_vs_5,100,0.0
4996000,2497,2026-06-11T06:10:12.402281,4.98988676071167,1.8403041362762451,2.048994779586792,10.964824676513672,qmix,smacv2,protoss_5_vs_5,100,0.0
4998000,2498,2026-06-11T06:12:51.679143,5.701821327209473,1.5491745471954346,3.4472358226776123,9.185930252075195,qmix,smacv2,protoss_5_vs_5,100,0.0
5000000,2499,2026-06-11T06:15:30.088515,5.319786548614502,1.3820044994354248,2.332914352416992,7.758793830871582,qmix,smacv2,protoss_5_vs_5,100,0.0
5002000,2500,2026-06-11T06:18:08.384835,5.222362041473389,2.662637710571289,2.7638192176818848,12.361809730529785,qmix,smacv2,protoss_5_vs_5,100,0.05000000074505806
5004000,2501,2026-06-11T06:20:49.914839,5.987060546875,1.5532138347625732,3.055276393890381,8.934674263000488,qmix,smacv2,protoss_5_vs_5,100,0.0
5006000,2502,2026-06-11T06:23:28.648610,6.829585075378418,3.0017144680023193,2.814070224761963,16.28140640258789,qmix,smacv2,protoss_5_vs_5,100,0.05000000074505806
5008000,2503,2026-06-11T06:26:05.958470,4.85175895690918,1.7506680488586426,2.4422109127044678,8.201004981994629,qmix,smacv2,protoss_5_vs_5,100,0.0
5010000,2504,2026-06-11T06:28:43.789432,5.1687188148498535,1.7704336643218994,2.969849109649658,10.73366928100586,qmix,smacv2,protoss_5_vs_5,100,0.0
5012000,2505,2026-06-11T06:31:23.405115,5.449685096740723,1.4817261695861816,2.9221103191375732,9.394472122192383,qmix,smacv2,protoss_5_vs_5,100,0.0
5014000,2506,2026-06-11T06:34:03.067984,5.642461776733398,1.6609294414520264,1.9974873065948486,9.829145431518555,qmix,smacv2,protoss_5_vs_5,100,0.0
5016000,2507,2026-06-11T06:36:41.603828,4.976884841918945,1.7765514850616455,2.12060284614563,9.267587661743164,qmix,smacv2,protoss_5_vs_5,100,0.0
5018000,2508,2026-06-11T06:39:21.178277,5.677826881408691,2.647149085998535,2.3165831565856934,12.261306762695312,qmix,smacv2,protoss_5_vs_5,100,0.10000000149011612
5020000,2509,2026-06-11T06:42:00.898261,5.933291435241699,1.8362016677856445,2.86432147026062,9.760049819946289,qmix,smacv2,protoss_5_vs_5,100,0.0
5022000,2510,2026-06-11T06:44:42.534733,5.123115539550781,2.2509140968322754,1.919597864151001,12.160802841186523,qmix,smacv2,protoss_5_vs_5,100,0.05000000074505806
5024000,2511,2026-06-11T06:47:21.987035,5.898932456970215,2.1923112869262695,3.266331434249878,12.095477104187012,qmix,smacv2,protoss_5_vs_5,100,0.0
5026000,2512,2026-06-11T06:50:03.140973,5.42889404296875,1.9382294416427612,2.5502512454986572,9.889448165893555,qmix,smacv2,protoss_5_vs_5,100,0.0
5028000,2513,2026-06-11T06:52:42.182120,5.020351886749268,2.037767171859741,2.202261447906494,12.361808776855469,qmix,smacv2,protoss_5_vs_5,100,0.05000000074505806
5030000,2514,2026-06-11T06:55:22.479566,4.74981164932251,1.920326828956604,2.402009963989258,9.165828704833984,qmix,smacv2,protoss_5_vs_5,100,0.0
5032000,2515,2026-06-11T06:58:03.729508,4.738190650939941,1.3397492170333862,3.065326690673828,6.934674263000488,qmix,smacv2,protoss_5_vs_5,100,0.0
5034000,2516,2026-06-11T07:00:45.007016,4.874246120452881,1.2203996181488037,2.643216133117676,7.5577898025512695,qmix,smacv2,protoss_5_vs_5,100,0.0
5036000,2517,2026-06-11T07:03:26.867112,5.595414161682129,2.155015707015991,2.6721105575561523,10.01256275177002,qmix,smacv2,protoss_5_vs_5,100,0.0
5038000,2518,2026-06-11T07:06:35.064010,5.29359245300293,1.686608910560608,2.6595475673675537,7.890702724456787,qmix,smacv2,protoss_5_vs_5,100,0.0
5040000,2519,2026-06-11T07:09:13.677008,6.236620903015137,2.458153486251831,3.3731155395507812,12.281407356262207,qmix,smacv2,protoss_5_vs_5,100,0.05000000074505806
5042000,2520,2026-06-11T07:11:46.298995,5.542525291442871,1.5640513896942139,2.7939698696136475,8.753768920898438,qmix,smacv2,protoss_5_vs_5,100,0.0
5044000,2521,2026-06-11T07:14:24.193990,6.320728302001953,3.32943058013916,2.9811558723449707,18.090452194213867,qmix,smacv2,protoss_5_vs_5,100,0.05000000074505806
5046000,2522,2026-06-11T07:17:02.824126,4.951319694519043,1.5217927694320679,2.071607828140259,7.930903434753418,qmix,smacv2,protoss_5_vs_5,100,0.0
5048000,2523,2026-06-11T07:19:42.081577,4.751633644104004,1.3943510055541992,1.660804033279419,7.423367500305176,qmix,smacv2,protoss_5_vs_5,100,0.0
5050000,2524,2026-06-11T07:22:22.790746,5.566205978393555,2.189871311187744,3.1319098472595215,12.261306762695312,qmix,smacv2,protoss_5_vs_5,100,0.05000000074505806
5052000,2525,2026-06-11T07:25:05.946821,5.193152904510498,2.2213292121887207,2.2286431789398193,12.361808776855469,qmix,smacv2,protoss_5_vs_5,100,0.05000000074505806
5054000,2526,2026-06-11T07:27:49.003003,6.643530368804932,2.295064687728882,2.4459800720214844,11.405778884887695,qmix,smacv2,protoss_5_vs_5,100,0.0
5056000,2527,2026-06-11T07:30:32.155036,5.332098007202148,1.4246294498443604,3.2160801887512207,8.417084693908691,qmix,smacv2,protoss_5_vs_5,100,0.0
5058000,2528,2026-06-11T07:33:20.079285,6.421356201171875,1.953361988067627,4.170854568481445,12.16080379486084,qmix,smacv2,protoss_5_vs_5,100,0.05000000074505806
5060000,2529,2026-06-11T07:36:07.069706,5.593341827392578,1.9244399070739746,2.9899497032165527,10.18090534210205,qmix,smacv2,protoss_5_vs_5,100,0.0
5062000,2530,2026-06-11T07:38:52.512205,5.722236633300781,1.6968262195587158,3.3668341636657715,9.407035827636719,qmix,smacv2,protoss_5_vs_5,100,0.0
5064000,2531,2026-06-11T07:41:37.444985,5.909045219421387,2.3610727787017822,2.6821608543395996,12.361809730529785,qmix,smacv2,protoss_5_vs_5,100,0.05000000074505806
5066000,2532,2026-06-11T07:44:19.507257,5.78184700012207,1.9180818796157837,3.4472358226776123,9.849246978759766,qmix,smacv2,protoss_5_vs_5,100,0.0
5068000,2533,2026-06-11T07:46:59.575705,5.079710960388184,1.5661386251449585,2.7135682106018066,8.552763938903809,qmix,smacv2,protoss_5_vs_5,100,0.0
5070000,2534,2026-06-11T07:49:37.870224,4.540201187133789,1.3586443662643433,2.3190953731536865,7.407034873962402,qmix,smacv2,protoss_5_vs_5,100,0.0
5072000,2535,2026-06-11T07:52:14.558426,4.731344223022461,1.7560368776321411,2.7537686824798584,9.738693237304688,qmix,smacv2,protoss_5_vs_5,100,0.0
5074000,2536,2026-06-11T07:54:50.076276,5.590641021728516,1.4502545595169067,3.87939715385437,9.939698219299316,qmix,smacv2,protoss_5_vs_5,100,0.0
5076000,2537,2026-06-11T07:57:28.767376,5.399811267852783,2.576749324798584,1.8793970346450806,12.462310791015625,qmix,smacv2,protoss_5_vs_5,100,0.05000000074505806
5078000,2538,2026-06-11T08:00:09.530720,5.172487258911133,1.995407223701477,2.5125627517700195,10.452260971069336,qmix,smacv2,protoss_5_vs_5,100,0.05000000074505806
5080000,2539,2026-06-11T08:02:50.909694,5.250879764556885,1.6207789182662964,2.5427136421203613,9.678391456604004,qmix,smacv2,protoss_5_vs_5,100,0.0
5082000,2540,2026-06-11T08:05:33.450759,5.361934661865234,1.8471342325210571,2.748743772506714,9.758794784545898,qmix,smacv2,protoss_5_vs_5,100,0.0
5084000,2541,2026-06-11T08:08:20.058041,5.773743629455566,1.8831511735916138,3.4246230125427246,10.15075397491455,qmix,smacv2,protoss_5_vs_5,100,0.05000000074505806
5086000,2542,2026-06-11T08:11:00.355843,5.298869609832764,2.303539991378784,3.3266329765319824,14.170855522155762,qmix,smacv2,protoss_5_vs_5,100,0.05000000074505806
5088000,2543,2026-06-11T08:13:39.249466,5.6038947105407715,1.84498131275177,3.6482410430908203,10.522612571716309,qmix,smacv2,protoss_5_vs_5,100,0.0
5090000,2544,2026-06-11T08:16:22.490094,6.234673500061035,2.155440330505371,3.5778892040252686,10.919597625732422,qmix,smacv2,protoss_5_vs_5,100,0.0
5092000,2545,2026-06-11T08:19:03.281735,5.1030778884887695,1.6018598079681396,2.150753974914551,8.15075397491455,qmix,smacv2,protoss_5_vs_5,100,0.0
5094000,2546,2026-06-11T08:21:46.585267,5.28448486328125,1.7779250144958496,2.854271173477173,9.9698486328125,qmix,smacv2,protoss_5_vs_5,100,0.0
5096000,2547,2026-06-11T08:24:28.178680,5.356784343719482,2.0099353790283203,2.6582913398742676,12.452260971069336,qmix,smacv2,protoss_5_vs_5,100,0.05000000074505806
5098000,2548,2026-06-11T08:27:08.307786,5.601569652557373,2.020725727081299,3.886934757232666,12.060300827026367,qmix,smacv2,protoss_5_vs_5,100,0.05000000074505806
5100000,2549,2026-06-11T08:29:49.872292,5.661494731903076,1.6312600374221802,3.8668339252471924,10.830402374267578,qmix,smacv2,protoss_5_vs_5,100,0.0
5102000,2550,2026-06-11T08:32:28.553565,5.055653095245361,1.1991688013076782,3.396984815597534,7.095477104187012,qmix,smacv2,protoss_5_vs_5,100,0.0
5104000,2551,2026-06-11T08:35:07.919312,5.572864055633545,1.1735942363739014,3.467336654663086,7.537688255310059,qmix,smacv2,protoss_5_vs_5,100,0.0
5106000,2552,2026-06-11T08:37:46.719522,5.639824390411377,1.7783992290496826,2.7638192176818848,9.766332626342773,qmix,smacv2,protoss_5_vs_5,100,0.0
5108000,2553,2026-06-11T08:40:25.073894,5.8603644371032715,1.50743567943573,4.341708660125732,10.060300827026367,qmix,smacv2,protoss_5_vs_5,100,0.05000000074505806
5110000,2554,2026-06-11T08:43:03.471304,5.780339241027832,1.655904769897461,3.526381731033325,8.974874496459961,qmix,smacv2,protoss_5_vs_5,100,0.0
5112000,2555,2026-06-11T08:45:42.075149,5.19478702545166,2.260594606399536,2.146984815597534,12.060302734375,qmix,smacv2,protoss_5_vs_5,100,0.05000000074505806
5114000,2556,2026-06-11T08:48:21.227892,5.266268730163574,1.6920467615127563,1.9396988153457642,9.306532859802246,qmix,smacv2,protoss_5_vs_5,100,0.0
5116000,2557,2026-06-11T08:51:00.567233,5.10232400894165,1.1816893815994263,2.782663345336914,7.9572858810424805,qmix,smacv2,protoss_5_vs_5,100,0.0
5118000,2558,2026-06-11T08:53:42.074270,6.271921634674072,1.9848129749298096,3.646984815597534,11.939698219299316,qmix,smacv2,protoss_5_vs_5,100,0.0
5120000,2559,2026-06-11T08:56:21.059684,5.407098293304443,2.4269299507141113,2.378140449523926,12.361808776855469,qmix,smacv2,protoss_5_vs_5,100,0.05000000074505806
5122000,2560,2026-06-11T08:59:00.094386,4.411495208740234,1.3276199102401733,2.5527637004852295,7.084170341491699,qmix,smacv2,protoss_5_vs_5,100,0.0
5124000,2561,2026-06-11T09:01:41.707849,5.880528450012207,2.732513666152954,2.1909549236297607,14.271356582641602,qmix,smacv2,protoss_5_vs_5,100,0.05000000074505806
5126000,2562,2026-06-11T09:04:22.633811,5.399874687194824,1.4201701879501343,2.796482563018799,8.853014945983887,qmix,smacv2,protoss_5_vs_5,100,0.0
5128000,2563,2026-06-11T09:07:04.348544,5.289698600769043,2.269930839538574,2.9949748516082764,14.281405448913574,qmix,smacv2,protoss_5_vs_5,100,0.05000000074505806
5130000,2564,2026-06-11T09:09:44.248807,5.632035255432129,1.3349523544311523,2.596733570098877,8.41331672668457,qmix,smacv2,protoss_5_vs_5,100,0.0
5132000,2565,2026-06-11T09:12:21.785839,4.917651176452637,1.7049870491027832,1.7801507711410522,8.844221115112305,qmix,smacv2,protoss_5_vs_5,100,0.0
5134000,2566,2026-06-11T09:14:59.401202,5.776067733764648,1.7442049980163574,3.427135944366455,9.819095611572266,qmix,smacv2,protoss_5_vs_5,100,0.0
5136000,2567,2026-06-11T09:17:37.639391,5.999183654785156,1.9662717580795288,4.090452671051025,13.218592643737793,qmix,smacv2,protoss_5_vs_5,100,0.0
5138000,2568,2026-06-11T09:20:17.107457,5.075125694274902,1.7248255014419556,2.7613067626953125,8.293970108032227,qmix,smacv2,protoss_5_vs_5,100,0.0
5140000,2569,2026-06-11T09:22:58.529496,5.298617839813232,1.8619675636291504,1.6080402135849,10.0301513671875,qmix,smacv2,protoss_5_vs_5,100,0.0
5142000,2570,2026-06-11T09:25:39.230755,5.644848823547363,2.582185983657837,3.4070351123809814,14.371858596801758,qmix,smacv2,protoss_5_vs_5,100,0.05000000074505806
5144000,2571,2026-06-11T09:28:20.032858,5.576821327209473,1.7191412448883057,2.854271411895752,8.954773902893066,qmix,smacv2,protoss_5_vs_5,100,0.0
5146000,2572,2026-06-11T09:31:00.503216,5.704082489013672,1.8567684888839722,2.8743717670440674,11.597989082336426,qmix,smacv2,protoss_5_vs_5,100,0.0
5148000,2573,2026-06-11T09:33:41.796332,6.015076160430908,2.17325758934021,3.136934757232666,10.452261924743652,qmix,smacv2,protoss_5_vs_5,100,0.05000000074505806
5150000,2574,2026-06-11T09:36:22.851700,5.424183368682861,1.4128836393356323,3.0452258586883545,7.922110557556152,qmix,smacv2,protoss_5_vs_5,100,0.0
5152000,2575,2026-06-11T09:39:02.353576,5.4446611404418945,1.7219231128692627,3.3580398559570312,10.552763938903809,qmix,smacv2,protoss_5_vs_5,100,0.05000000074505806
5154000,2576,2026-06-11T09:41:41.994642,5.922926902770996,1.837755560874939,4.231155872344971,11.487436294555664,qmix,smacv2,protoss_5_vs_5,100,0.0
5156000,2577,2026-06-11T09:44:20.666044,5.203077793121338,1.5281425714492798,3.7474868297576904,9.829145431518555,qmix,smacv2,protoss_5_vs_5,100,0.0
5158000,2578,2026-06-11T09:47:00.947161,6.309170722961426,2.6453354358673096,3.3668339252471924,14.070352554321289,qmix,smacv2,protoss_5_vs_5,100,0.05000000074505806
5160000,2579,2026-06-11T09:49:40.752536,5.029774188995361,1.4674654006958008,2.7361810207366943,8.643216133117676,qmix,smacv2,protoss_5_vs_5,100,0.0
5162000,2580,2026-06-11T09:52:19.502322,4.908793926239014,1.5163304805755615,3.187185764312744,8.361808776855469,qmix,smacv2,protoss_5_vs_5,100,0.0
5164000,2581,2026-06-11T09:54:59.442793,5.018404960632324,1.4645808935165405,2.402009963989258,8.47236156463623,qmix,smacv2,protoss_5_vs_5,100,0.0
5166000,2582,2026-06-11T09:57:40.090199,5.379837512969971,2.4520225524902344,2.643216133117676,12.361808776855469,qmix,smacv2,protoss_5_vs_5,100,0.05000000074505806
5168000,2583,2026-06-11T10:00:21.763988,6.048304080963135,1.712023138999939,3.3668341636657715,10.723617553710938,qmix,smacv2,protoss_5_vs_5,100,0.0
5170000,2584,2026-06-11T10:03:03.197301,5.5506911277771,1.7753397226333618,2.492462158203125,8.835427284240723,qmix,smacv2,protoss_5_vs_5,100,0.0
5172000,2585,2026-06-11T10:05:41.108944,5.5877509117126465,1.2751708030700684,3.1419596672058105,8.261305809020996,qmix,smacv2,protoss_5_vs_5,100,0.0
5174000,2586,2026-06-11T10:08:20.583246,5.128140926361084,1.4873740673065186,2.3354270458221436,7.829145908355713,qmix,smacv2,protoss_5_vs_5,100,0.0
5176000,2587,2026-06-11T10:10:58.590096,5.144221305847168,1.3243978023529053,3.307788848876953,8.276382446289062,qmix,smacv2,protoss_5_vs_5,100,0.0
5178000,2588,2026-06-11T10:13:37.713489,5.419409275054932,2.3880834579467773,3.1168341636657715,14.371858596801758,qmix,smacv2,protoss_5_vs_5,100,0.05000000074505806
5180000,2589,2026-06-11T10:16:16.123001,5.839321613311768,1.6815528869628906,3.2688446044921875,9.567838668823242,qmix,smacv2,protoss_5_vs_5,100,0.0
5182000,2590,2026-06-11T10:18:53.980237,5.141017436981201,1.4654961824417114,3.081657886505127,7.83919620513916,qmix,smacv2,protoss_5_vs_5,100,0.0
5184000,2591,2026-06-11T10:21:35.254599,5.513504981994629,1.8179214000701904,3.3366832733154297,10.711054801940918,qmix,smacv2,protoss_5_vs_5,100,0.0
5186000,2592,2026-06-11T10:24:16.503845,5.945916652679443,2.058483600616455,2.170854330062866,10.170853614807129,qmix,smacv2,protoss_5_vs_5,100,0.0
5188000,2593,2026-06-11T10:26:57.892424,6.00778865814209,3.107398748397827,3.040200710296631,14.271356582641602,qmix,smacv2,protoss_5_vs_5,100,0.15000000596046448
5190000,2594,2026-06-11T10:29:39.387573,6.010930061340332,1.722057819366455,2.977386951446533,9.246231079101562,qmix,smacv2,protoss_5_vs_5,100,0.0
5192000,2595,2026-06-11T10:32:20.657947,5.8582282066345215,2.714684009552002,2.1306533813476562,12.361808776855469,qmix,smacv2,protoss_5_vs_5,100,0.10000000149011612
5194000,2596,2026-06-11T10:35:08.151071,5.438944339752197,1.9446481466293335,2.7638192176818848,8.997488021850586,qmix,smacv2,protoss_5_vs_5,100,0.0
5196000,2597,2026-06-11T10:37:49.159095,5.77669620513916,2.1684775352478027,2.8731155395507812,10.020099639892578,qmix,smacv2,protoss_5_vs_5,100,0.0
5198000,2598,2026-06-11T10:40:26.530385,4.849183082580566,1.627500057220459,2.0276381969451904,7.585427761077881,qmix,smacv2,protoss_5_vs_5,100,0.0
5200000,2599,2026-06-11T10:43:03.953800,5.177136421203613,1.057671070098877,3.105527639389038,7.194723606109619,qmix,smacv2,protoss_5_vs_5,100,0.0
5202000,2600,2026-06-11T10:45:41.427598,5.561934471130371,1.7740941047668457,2.854271173477173,10.030150413513184,qmix,smacv2,protoss_5_vs_5,100,0.0
5204000,2601,2026-06-11T10:48:20.102262,5.932977199554443,1.8285685777664185,2.7035176753997803,8.949748992919922,qmix,smacv2,protoss_5_vs_5,100,0.0
5206000,2602,2026-06-11T10:50:58.948296,5.327136039733887,2.448237895965576,2.66959810256958,14.081659317016602,qmix,smacv2,protoss_5_vs_5,100,0.0
5208000,2603,2026-06-11T10:53:37.752257,5.178580284118652,1.6464369297027588,2.9949748516082764,10.06155776977539,qmix,smacv2,protoss_5_vs_5,100,0.0
5210000,2604,2026-06-11T10:56:17.926280,6.238316059112549,2.3430519104003906,3.1155776977539062,11.888191223144531,qmix,smacv2,protoss_5_vs_5,100,0.0
5212000,2605,2026-06-11T10:58:55.921352,5.431344032287598,1.887786865234375,2.241205930709839,9.708542823791504,qmix,smacv2,protoss_5_vs_5,100,0.0
5214000,2606,2026-06-11T11:01:35.063292,6.023366928100586,2.0487892627716064,3.143216133117676,12.47110652923584,qmix,smacv2,protoss_5_vs_5,100,0.05000000074505806
5216000,2607,2026-06-11T11:04:15.699184,4.982034683227539,2.0725486278533936,2.371859312057495,11.499999046325684,qmix,smacv2,protoss_5_vs_5,100,0.0
5218000,2608,2026-06-11T11:06:56.193617,5.452763557434082,1.6983171701431274,2.913316488265991,9.246232032775879,qmix,smacv2,protoss_5_vs_5,100,0.0
5220000,2609,2026-06-11T11:09:36.287404,4.49484920501709,1.363310694694519,2.1193466186523438,7.424623012542725,qmix,smacv2,protoss_5_vs_5,100,0.0
5222000,2610,2026-06-11T11:12:15.859971,5.429209232330322,1.815833568572998,2.628140449523926,8.32160758972168,qmix,smacv2,protoss_5_vs_5,100,0.0
5224000,2611,2026-06-11T11:14:54.073831,4.579270839691162,1.367296576499939,2.492462635040283,7.806532382965088,qmix,smacv2,protoss_5_vs_5,100,0.0
5226000,2612,2026-06-11T11:17:32.735450,5.26853084564209,2.6156728267669678,2.7361810207366943,14.170854568481445,qmix,smacv2,protoss_5_vs_5,100,0.05000000074505806
5228000,2613,2026-06-11T11:20:13.167855,5.621859550476074,2.4144163131713867,2.88567852973938,12.462311744689941,qmix,smacv2,protoss_5_vs_5,100,0.05000000074505806
5230000,2614,2026-06-11T11:22:55.139374,5.632035255432129,1.6173391342163086,2.177135467529297,8.007537841796875,qmix,smacv2,protoss_5_vs_5,100,0.0
5232000,2615,2026-06-11T11:25:36.395677,6.207286834716797,2.1601219177246094,3.6281402111053467,12.361809730529785,qmix,smacv2,protoss_5_vs_5,100,0.05000000074505806
5234000,2616,2026-06-11T11:28:18.119386,5.494032382965088,1.6248139142990112,3.8592967987060547,9.095478057861328,qmix,smacv2,protoss_5_vs_5,100,0.0
5236000,2617,2026-06-11T11:31:00.973256,5.400753498077393,2.0567803382873535,2.5427134037017822,9.87939739227295,qmix,smacv2,protoss_5_vs_5,100,0.0
5238000,2618,2026-06-11T11:33:42.267406,5.128266334533691,1.5826243162155151,2.952261447906494,7.989949703216553,qmix,smacv2,protoss_5_vs_5,100,0.0
5240000,2619,2026-06-11T11:36:21.296748,5.292964458465576,1.463404655456543,1.7386934757232666,7.91708517074585,qmix,smacv2,protoss_5_vs_5,100,0.0
5242000,2620,2026-06-11T11:39:01.466040,5.71400785446167,1.4111429452896118,3.550251007080078,8.375628471374512,qmix,smacv2,protoss_5_vs_5,100,0.0
5244000,2621,2026-06-11T11:41:40.125492,5.951193332672119,1.9649465084075928,2.743718385696411,10.371858596801758,qmix,smacv2,protoss_5_vs_5,100,0.0
5246000,2622,2026-06-11T11:44:17.658254,5.145791530609131,1.3441543579101562,3.331658124923706,7.477387428283691,qmix,smacv2,protoss_5_vs_5,100,0.0
5248000,2623,2026-06-11T11:46:55.012971,5.696042537689209,1.614986538887024,3.3190951347351074,9.517587661743164,qmix,smacv2,protoss_5_vs_5,100,0.0
5250000,2624,2026-06-11T11:49:32.938660,5.427072525024414,2.3356406688690186,2.315326452255249,10.572864532470703,qmix,smacv2,protoss_5_vs_5,100,0.0
5252000,2625,2026-06-11T11:52:12.188161,5.582537651062012,2.1158907413482666,2.2788946628570557,12.361808776855469,qmix,smacv2,protoss_5_vs_5,100,0.05000000074505806
5254000,2626,2026-06-11T11:54:51.670061,4.390201091766357,1.3734290599822998,2.572864294052124,7.748744010925293,qmix,smacv2,protoss_5_vs_5,100,0.0
5256000,2627,2026-06-11T11:57:34.418262,5.631720542907715,2.36818265914917,1.907035231590271,10.23743724822998,qmix,smacv2,protoss_5_vs_5,100,0.0
5258000,2628,2026-06-11T12:00:15.886237,5.413693428039551,1.3689382076263428,3.138190984725952,7.677135467529297,qmix,smacv2,protoss_5_vs_5,100,0.0
5260000,2629,2026-06-11T12:02:57.345661,5.528265953063965,2.685366630554199,2.6344223022460938,14.070352554321289,qmix,smacv2,protoss_5_vs_5,100,0.05000000074505806
5262000,2630,2026-06-11T12:05:37.394384,5.916143417358398,1.6249116659164429,3.5678391456604004,9.283919334411621,qmix,smacv2,protoss_5_vs_5,100,0.0
5264000,2631,2026-06-11T12:08:19.130773,5.860992431640625,1.351511001586914,3.3668341636657715,8.331657409667969,qmix,smacv2,protoss_5_vs_5,100,0.0
5266000,2632,2026-06-11T12:11:00.668844,6.212751388549805,2.130427837371826,3.041457176208496,12.20728588104248,qmix,smacv2,protoss_5_vs_5,100,0.0
5268000,2633,2026-06-11T12:13:38.035744,5.238002777099609,1.9152506589889526,2.394472360610962,9.889447212219238,qmix,smacv2,protoss_5_vs_5,100,0.0
5270000,2634,2026-06-11T12:16:17.574628,5.656532287597656,2.119629144668579,2.0100502967834473,12.361809730529785,qmix,smacv2,protoss_5_vs_5,100,0.05000000074505806
5272000,2635,2026-06-11T12:18:57.048833,4.253580570220947,1.0801045894622803,2.8442211151123047,7.604270935058594,qmix,smacv2,protoss_5_vs_5,100,0.0
5274000,2636,2026-06-11T12:21:37.844686,5.170351505279541,2.0124664306640625,2.5025124549865723,10.667085647583008,qmix,smacv2,protoss_5_vs_5,100,0.0
5276000,2637,2026-06-11T12:24:18.730141,6.325314521789551,1.8403761386871338,2.748743772506714,9.025125503540039,qmix,smacv2,protoss_5_vs_5,100,0.0
5278000,2638,2026-06-11T12:26:57.915783,5.418341636657715,1.8454720973968506,2.620603322982788,10.783919334411621,qmix,smacv2,protoss_5_vs_5,100,0.0
5280000,2639,2026-06-11T12:29:38.172337,5.380464553833008,2.2056076526641846,2.703517436981201,12.361808776855469,qmix,smacv2,protoss_5_vs_5,100,0.05000000074505806
5282000,2640,2026-06-11T12:32:18.796498,5.298995018005371,1.1743724346160889,2.9623115062713623,7.125628471374512,qmix,smacv2,protoss_5_vs_5,100,0.0
5284000,2641,2026-06-11T12:34:59.178180,5.9249372482299805,1.7459478378295898,2.8040199279785156,9.386934280395508,qmix,smacv2,protoss_5_vs_5,100,0.0
5286000,2642,2026-06-11T12:37:38.409496,5.541896343231201,2.3300468921661377,3.025125503540039,12.272612571716309,qmix,smacv2,protoss_5_vs_5,100,0.05000000074505806
5288000,2643,2026-06-11T12:40:14.529989,4.971043109893799,1.830514907836914,2.3015074729919434,8.482412338256836,qmix,smacv2,protoss_5_vs_5,100,0.0
5290000,2644,2026-06-11T12:42:50.232264,6.921168327331543,2.9311726093292236,3.9497485160827637,16.180904388427734,qmix,smacv2,protoss_5_vs_5,100,0.15000000596046448
5292000,2645,2026-06-11T12:45:29.443127,5.047990322113037,1.4298510551452637,2.412060022354126,7.83919620513916,qmix,smacv2,protoss_5_vs_5,100,0.0
5294000,2646,2026-06-11T12:48:11.771176,5.655653476715088,2.3815038204193115,2.7939698696136475,12.261306762695312,qmix,smacv2,protoss_5_vs_5,100,0.05000000074505806
5296000,2647,2026-06-11T12:50:54.647299,5.207537651062012,1.7924391031265259,2.6896984577178955,11.246231079101562,qmix,smacv2,protoss_5_vs_5,100,0.0
5298000,2648,2026-06-11T12:53:56.577199,5.731029987335205,1.5336302518844604,3.1256279945373535,9.005024909973145,qmix,smacv2,protoss_5_vs_5,100,0.0
5300000,2649,2026-06-11T12:56:31.439497,6.239447593688965,2.2738842964172363,3.920854091644287,12.160804748535156,qmix,smacv2,protoss_5_vs_5,100,0.05000000074505806
5302000,2650,2026-06-11T12:59:10.296965,5.315891742706299,1.5321965217590332,2.305276393890381,8.976130485534668,qmix,smacv2,protoss_5_vs_5,100,0.0
5304000,2651,2026-06-11T13:01:48.248293,6.137688636779785,2.1147899627685547,3.5992462635040283,11.226131439208984,qmix,smacv2,protoss_5_vs_5,100,0.0
5306000,2652,2026-06-11T13:04:27.469173,5.1716084480285645,1.8924709558486938,2.1896986961364746,11.1356782913208,qmix,smacv2,protoss_5_vs_5,100,0.0
5308000,2653,2026-06-11T13:07:08.477374,4.390263557434082,1.9163895845413208,2.5992462635040283,10.91080379486084,qmix,smacv2,protoss_5_vs_5,100,0.0
5310000,2654,2026-06-11T13:09:50.609811,4.922236442565918,1.3776493072509766,2.896984815597534,7.4572858810424805,qmix,smacv2,protoss_5_vs_5,100,0.0
5312000,2655,2026-06-11T13:12:33.520220,4.948995113372803,1.4473483562469482,2.532663345336914,7.986181735992432,qmix,smacv2,protoss_5_vs_5,100,0.0
5314000,2656,2026-06-11T13:15:16.422050,5.320728302001953,1.346208930015564,3.136934518814087,7.660803318023682,qmix,smacv2,protoss_5_vs_5,100,0.0
5316000,2657,2026-06-11T13:18:01.614355,5.558417320251465,1.4308891296386719,3.546482563018799,8.791457176208496,qmix,smacv2,protoss_5_vs_5,100,0.0
5318000,2658,2026-06-11T13:20:46.554068,4.319032669067383,1.1300652027130127,2.508793830871582,6.4974870681762695,qmix,smacv2,protoss_5_vs_5,100,0.0
5320000,2659,2026-06-11T13:23:32.409506,4.989698886871338,1.5282436609268188,2.482412099838257,7.9497480392456055,qmix,smacv2,protoss_5_vs_5,100,0.0
5322000,2660,2026-06-11T13:26:16.047246,4.564635753631592,1.3414065837860107,2.718593120574951,8.015074729919434,qmix,smacv2,protoss_5_vs_5,100,0.0
5324000,2661,2026-06-11T13:28:58.605952,5.680528163909912,2.71235728263855,2.3027639389038086,12.361808776855469,qmix,smacv2,protoss_5_vs_5,100,0.05000000074505806
5326000,2662,2026-06-11T13:31:39.662037,4.964321613311768,1.6665440797805786,2.4899497032165527,8.253768920898438,qmix,smacv2,protoss_5_vs_5,100,0.0
5328000,2663,2026-06-11T13:34:16.217227,4.904019832611084,1.2286983728408813,3.0125627517700195,7.554020881652832,qmix,smacv2,protoss_5_vs_5,100,0.0
5330000,2664,2026-06-11T13:36:53.318979,5.513882637023926,1.827576756477356,2.7035176753997803,9.17587947845459,qmix,smacv2,protoss_5_vs_5,100,0.0
5332000,2665,2026-06-11T13:39:30.615663,4.650313377380371,1.3503302335739136,2.3919599056243896,7.2374372482299805,qmix,smacv2,protoss_5_vs_5,100,0.0
5334000,2666,2026-06-11T13:42:10.446060,6.312186241149902,1.861430287361145,2.653266191482544,9.407035827636719,qmix,smacv2,protoss_5_vs_5,100,0.0
5336000,2667,2026-06-11T13:44:47.483866,5.001255989074707,2.0829014778137207,2.603015184402466,11.185928344726562,qmix,smacv2,protoss_5_vs_5,100,0.0
5338000,2668,2026-06-11T13:47:27.213112,4.702513217926025,1.67658269405365,2.3819093704223633,10.160804748535156,qmix,smacv2,protoss_5_vs_5,100,0.0
5340000,2669,2026-06-11T13:50:07.639689,5.442022323608398,1.7361559867858887,2.1306533813476562,8.894472122192383,qmix,smacv2,protoss_5_vs_5,100,0.0
5342000,2670,2026-06-11T13:52:47.960924,5.702449798583984,2.096177577972412,2.1582915782928467,12.492462158203125,qmix,smacv2,protoss_5_vs_5,100,0.05000000074505806
5344000,2671,2026-06-11T13:55:28.665941,4.996859550476074,1.707049012184143,3.031406879425049,9.939698219299316,qmix,smacv2,protoss_5_vs_5,100,0.0
5346000,2672,2026-06-11T13:58:09.125772,5.101884365081787,1.4537858963012695,2.7952260971069336,8.211054801940918,qmix,smacv2,protoss_5_vs_5,100,0.0
5348000,2673,2026-06-11T14:00:49.589446,5.584485054016113,1.7926406860351562,3.3165829181671143,9.42839241027832,qmix,smacv2,protoss_5_vs_5,100,0.0
5350000,2674,2026-06-11T14:03:30.226570,5.300753593444824,2.0776526927948,2.6407036781311035,10.82412052154541,qmix,smacv2,protoss_5_vs_5,100,0.0
5352000,2675,2026-06-11T14:06:10.959740,5.450188636779785,2.1938059329986572,2.693467378616333,11.066582679748535,qmix,smacv2,protoss_5_vs_5,100,0.0
5354000,2676,2026-06-11T14:08:52.814988,5.454145908355713,2.2565078735351562,2.4798994064331055,12.361809730529785,qmix,smacv2,protoss_5_vs_5,100,0.05000000074505806
5356000,2677,2026-06-11T14:11:32.639578,5.537123203277588,1.7025957107543945,2.6243717670440674,8.407034873962402,qmix,smacv2,protoss_5_vs_5,100,0.0
5358000,2678,2026-06-11T14:14:13.969159,5.715828895568848,2.7075717449188232,2.8015077114105225,13.013819694519043,qmix,smacv2,protoss_5_vs_5,100,0.05000000074505806
5360000,2679,2026-06-11T14:16:52.719839,5.69912052154541,2.0008046627044678,2.998743772506714,10.439698219299316,qmix,smacv2,protoss_5_vs_5,100,0.0
5362000,2680,2026-06-11T14:19:32.134159,5.940640926361084,2.4847731590270996,2.4899497032165527,14.070352554321289,qmix,smacv2,protoss_5_vs_5,100,0.05000000074505806
5364000,2681,2026-06-11T14:22:11.554628,5.423429489135742,1.3952254056930542,3.336683750152588,8.643216133117676,qmix,smacv2,protoss_5_vs_5,100,0.0
5366000,2682,2026-06-11T14:24:52.371870,5.274056911468506,1.9398155212402344,3.417085647583008,11.01507568359375,qmix,smacv2,protoss_5_vs_5,100,0.0
5368000,2683,2026-06-11T14:27:28.524511,4.956406593322754,1.7702010869979858,1.7964824438095093,8.290201187133789,qmix,smacv2,protoss_5_vs_5,100,0.0
5370000,2684,2026-06-11T14:30:08.268731,5.665703773498535,2.023113965988159,2.331658363342285,9.809045791625977,qmix,smacv2,protoss_5_vs_5,100,0.0
5372000,2685,2026-06-11T14:32:47.612714,5.698995113372803,2.6295621395111084,2.1407034397125244,12.168341636657715,qmix,smacv2,protoss_5_vs_5,100,0.05000000074505806
5374000,2686,2026-06-11T14:35:26.485569,5.07393217086792,1.4882224798202515,2.8831658363342285,9.145729064941406,qmix,smacv2,protoss_5_vs_5,100,0.0
5376000,2687,2026-06-11T14:38:10.650116,5.413567543029785,1.5766496658325195,3.0452263355255127,9.336684226989746,qmix,smacv2,protoss_5_vs_5,100,0.0
5378000,2688,2026-06-11T14:40:51.754065,5.605904579162598,2.2210724353790283,2.1407034397125244,11.356783866882324,qmix,smacv2,protoss_5_vs_5,100,0.0
5380000,2689,2026-06-11T14:43:32.420439,5.273178577423096,1.5921274423599243,2.3366832733154297,7.601759433746338,qmix,smacv2,protoss_5_vs_5,100,0.0
5382000,2690,2026-06-11T14:46:12.940233,5.5459794998168945,1.5395723581314087,2.427135467529297,7.835427284240723,qmix,smacv2,protoss_5_vs_5,100,0.0
5384000,2691,2026-06-11T14:48:51.553432,5.060678958892822,1.334498405456543,2.928391933441162,8.572864532470703,qmix,smacv2,protoss_5_vs_5,100,0.0
5386000,2692,2026-06-11T14:51:30.507462,5.7787065505981445,2.859701633453369,2.8442211151123047,16.080400466918945,qmix,smacv2,protoss_5_vs_5,100,0.05000000074505806
5388000,2693,2026-06-11T14:54:09.035300,5.448366641998291,1.9524335861206055,2.6633167266845703,11.145729064941406,qmix,smacv2,protoss_5_vs_5,100,0.0
5390000,2694,2026-06-11T14:56:45.881696,5.095477104187012,1.7750777006149292,2.7135677337646484,9.80904483795166,qmix,smacv2,protoss_5_vs_5,100,0.0
5392000,2695,2026-06-11T14:59:27.080191,5.778328895568848,1.5387681722640991,2.6733670234680176,8.643216133117676,qmix,smacv2,protoss_5_vs_5,100,0.0
5394000,2696,2026-06-11T15:02:08.671030,5.7820353507995605,2.7058160305023193,3.4786434173583984,14.170854568481445,qmix,smacv2,protoss_5_vs_5,100,0.10000000149011612
5396000,2697,2026-06-11T15:04:47.852890,5.091959476470947,1.9309334754943848,2.5125627517700195,12.261306762695312,qmix,smacv2,protoss_5_vs_5,100,0.05000000074505806
5398000,2698,2026-06-11T15:07:30.965426,5.342713356018066,1.7861806154251099,2.321607828140259,9.216080665588379,qmix,smacv2,protoss_5_vs_5,100,0.0
5400000,2699,2026-06-11T15:10:13.758729,5.592273712158203,1.9955315589904785,3.1168341636657715,10.664572715759277,qmix,smacv2,protoss_5_vs_5,100,0.0
5402000,2700,2026-06-11T15:12:55.619028,5.942022323608398,1.7062362432479858,3.5665829181671143,10.5841703414917,qmix,smacv2,protoss_5_vs_5,100,0.0
5404000,2701,2026-06-11T15:15:37.040680,5.140011787414551,1.2420306205749512,3.879396915435791,9.567838668823242,qmix,smacv2,protoss_5_vs_5,100,0.0
5406000,2702,2026-06-11T15:18:17.763796,5.271544933319092,1.7649005651474,2.290200710296631,9.356782913208008,qmix,smacv2,protoss_5_vs_5,100,0.0
5408000,2703,2026-06-11T15:20:54.312441,5.167084693908691,2.347811222076416,2.1922109127044678,11.638191223144531,qmix,smacv2,protoss_5_vs_5,100,0.0
5410000,2704,2026-06-11T15:23:38.574663,4.692776679992676,2.8320205211639404,1.226130723953247,13.051507949829102,qmix,smacv2,protoss_5_vs_5,100,0.0
5412000,2705,2026-06-11T15:26:16.555269,5.438379287719727,1.4923629760742188,2.7600502967834473,8.547738075256348,qmix,smacv2,protoss_5_vs_5,100,0.0
5414000,2706,2026-06-11T15:28:52.834868,4.867713451385498,1.5047986507415771,2.0929648876190186,8.592964172363281,qmix,smacv2,protoss_5_vs_5,100,0.0
5416000,2707,2026-06-11T15:31:29.118490,5.878769397735596,1.844722032546997,2.683417320251465,9.645729064941406,qmix,smacv2,protoss_5_vs_5,100,0.0
5418000,2708,2026-06-11T15:34:09.736881,4.914196014404297,1.4823293685913086,2.3266332149505615,7.420853614807129,qmix,smacv2,protoss_5_vs_5,100,0.0
5420000,2709,2026-06-11T15:36:49.877602,4.997550010681152,1.53822660446167,2.904522657394409,9.668342590332031,qmix,smacv2,protoss_5_vs_5,100,0.0
5422000,2710,2026-06-11T15:39:29.782560,5.399497032165527,1.6933350563049316,3.324120283126831,9.688441276550293,qmix,smacv2,protoss_5_vs_5,100,0.0
5424000,2711,2026-06-11T15:42:11.483066,6.193655967712402,2.4904963970184326,2.2311556339263916,11.987438201904297,qmix,smacv2,protoss_5_vs_5,100,0.0
5426000,2712,2026-06-11T15:44:54.338283,5.3440327644348145,1.5930944681167603,2.662060260772705,8.391960144042969,qmix,smacv2,protoss_5_vs_5,100,0.0
5428000,2713,2026-06-11T15:47:36.738467,5.550377368927002,1.8284757137298584,3.025125503540039,9.202260971069336,qmix,smacv2,protoss_5_vs_5,100,0.0
5430000,2714,2026-06-11T15:50:17.314276,4.823178291320801,1.2914859056472778,2.17587947845459,7.939698696136475,qmix,smacv2,protoss_5_vs_5,100,0.0
5432000,2715,2026-06-11T15:52:57.140241,5.122990131378174,1.8454011678695679,2.6796483993530273,11.350502014160156,qmix,smacv2,protoss_5_vs_5,100,0.0
5434000,2716,2026-06-11T15:55:34.503894,6.2483673095703125,2.8740620613098145,2.6809043884277344,14.271356582641602,qmix,smacv2,protoss_5_vs_5,100,0.05000000074505806
5436000,2717,2026-06-11T15:58:15.267155,5.584925174713135,1.3769956827163696,2.120603084564209,8.040201187133789,qmix,smacv2,protoss_5_vs_5,100,0.0
5438000,2718,2026-06-11T16:00:55.281426,4.771796703338623,0.8616909980773926,3.154522657394409,6.815326690673828,qmix,smacv2,protoss_5_vs_5,100,0.0
5440000,2719,2026-06-11T16:03:35.213590,5.505779266357422,1.6982768774032593,3.4057788848876953,9.20603084564209,qmix,smacv2,protoss_5_vs_5,100,0.0
5442000,2720,2026-06-11T16:06:13.360094,5.726633548736572,3.0555336475372314,2.968592882156372,16.180904388427734,qmix,smacv2,protoss_5_vs_5,100,0.10000000149011612
5444000,2721,2026-06-11T16:08:52.790485,5.213693141937256,1.6232941150665283,2.3919599056243896,9.597990036010742,qmix,smacv2,protoss_5_vs_5,100,0.0
5446000,2722,2026-06-11T16:11:28.837320,5.165891647338867,1.0572381019592285,3.2864317893981934,7.5050249099731445,qmix,smacv2,protoss_5_vs_5,100,0.0
5448000,2723,2026-06-11T16:14:10.694670,5.889886856079102,1.6429485082626343,3.227386951446533,9.356783866882324,qmix,smacv2,protoss_5_vs_5,100,0.0
5450000,2724,2026-06-11T16:16:50.954652,5.340200901031494,2.351508855819702,3.0452260971069336,12.261306762695312,qmix,smacv2,protoss_5_vs_5,100,0.05000000074505806
5452000,2725,2026-06-11T16:19:31.219741,5.77782678604126,1.5051418542861938,3.3768844604492188,8.211055755615234,qmix,smacv2,protoss_5_vs_5,100,0.0
5454000,2726,2026-06-11T16:22:11.960953,4.616394519805908,1.6725785732269287,2.2713568210601807,9.11683464050293,qmix,smacv2,protoss_5_vs_5,100,0.0
5456000,2727,2026-06-11T16:24:52.340810,6.012939929962158,1.652108073234558,3.458542585372925,10.783919334411621,qmix,smacv2,protoss_5_vs_5,100,0.0
5458000,2728,2026-06-11T16:27:32.876747,5.248743534088135,1.580191969871521,3.3442211151123047,9.708542823791504,qmix,smacv2,protoss_5_vs_5,100,0.0
5460000,2729,2026-06-11T16:30:12.524379,5.541708946228027,1.6864206790924072,2.8743717670440674,9.187186241149902,qmix,smacv2,protoss_5_vs_5,100,0.0
5462000,2730,2026-06-11T16:32:53.248094,5.715514659881592,1.6934592723846436,2.8605525493621826,8.929648399353027,qmix,smacv2,protoss_5_vs_5,100,0.0
5464000,2731,2026-06-11T16:35:32.359944,5.10973596572876,2.0077991485595703,1.7788944244384766,9.04522705078125,qmix,smacv2,protoss_5_vs_5,100,0.0
5466000,2732,2026-06-11T16:38:11.150384,4.978579998016357,1.4001442193984985,2.2211055755615234,7.634422302246094,qmix,smacv2,protoss_5_vs_5,100,0.0
5468000,2733,2026-06-11T16:40:47.391291,4.497926712036133,1.2172304391860962,2.9648241996765137,7.316582679748535,qmix,smacv2,protoss_5_vs_5,100,0.0
5470000,2734,2026-06-11T16:43:26.591724,5.406721591949463,1.7340394258499146,2.953517436981201,10.16331672668457,qmix,smacv2,protoss_5_vs_5,100,0.0
5472000,2735,2026-06-11T16:46:05.971949,4.794033050537109,1.4793202877044678,2.071608066558838,7.597989559173584,qmix,smacv2,protoss_5_vs_5,100,0.0
5474000,2736,2026-06-11T16:48:43.422418,4.974686145782471,1.6237410306930542,2.701005220413208,8.702260971069336,qmix,smacv2,protoss_5_vs_5,100,0.0
5476000,2737,2026-06-11T16:51:24.280822,4.935238838195801,1.6911683082580566,2.3969850540161133,8.67336654663086,qmix,smacv2,protoss_5_vs_5,100,0.0
5478000,2738,2026-06-11T16:54:06.748477,6.238819122314453,2.2277634143829346,3.120603084564209,14.170854568481445,qmix,smacv2,protoss_5_vs_5,100,0.05000000074505806
5480000,2739,2026-06-11T16:56:48.011880,4.824937343597412,1.6506404876708984,1.9296481609344482,8.613065719604492,qmix,smacv2,protoss_5_vs_5,100,0.0
5482000,2740,2026-06-11T16:59:30.240370,5.564509868621826,1.7488409280776978,2.6871860027313232,9.68844223022461,qmix,smacv2,protoss_5_vs_5,100,0.0
5484000,2741,2026-06-11T17:02:14.422568,5.708856582641602,1.8713419437408447,3.7123115062713623,10.371858596801758,qmix,smacv2,protoss_5_vs_5,100,0.0
5486000,2742,2026-06-11T17:04:56.674166,5.75345516204834,1.9744234085083008,3.8693466186523438,11.1658296585083,qmix,smacv2,protoss_5_vs_5,100,0.05000000074505806
5488000,2743,2026-06-11T17:07:38.042477,5.655590534210205,2.091294050216675,2.2437186241149902,10.42839241027832,qmix,smacv2,protoss_5_vs_5,100,0.0
5490000,2744,2026-06-11T17:10:20.496006,5.2794599533081055,1.8574186563491821,2.3128139972686768,9.12939739227295,qmix,smacv2,protoss_5_vs_5,100,0.0
5492000,2745,2026-06-11T17:13:00.359271,5.807223320007324,2.5924742221832275,2.6231155395507812,14.371858596801758,qmix,smacv2,protoss_5_vs_5,100,0.05000000074505806
5494000,2746,2026-06-11T17:15:37.065227,5.072048187255859,1.977356195449829,2.305276393890381,9.806532859802246,qmix,smacv2,protoss_5_vs_5,100,0.0
5496000,2747,2026-06-11T17:18:15.288712,5.886180877685547,2.098867654800415,2.9560303688049316,11.768844604492188,qmix,smacv2,protoss_5_vs_5,100,0.0
5498000,2748,2026-06-11T17:20:53.477232,4.7172112464904785,1.6380599737167358,1.7487436532974243,7.41708517074585,qmix,smacv2,protoss_5_vs_5,100,0.0
5500000,2749,2026-06-11T17:23:31.734203,5.5229268074035645,2.168856143951416,2.3417084217071533,12.361808776855469,qmix,smacv2,protoss_5_vs_5,100,0.05000000074505806
5502000,2750,2026-06-11T17:26:10.625399,5.424560070037842,2.2078232765197754,2.8040201663970947,12.261306762695312,qmix,smacv2,protoss_5_vs_5,100,0.05000000074505806
5504000,2751,2026-06-11T17:28:49.205736,5.35345458984375,1.8132762908935547,3.185929775238037,10.47236156463623,qmix,smacv2,protoss_5_vs_5,100,0.05000000074505806
5506000,2752,2026-06-11T17:31:30.694129,5.589447498321533,2.0630786418914795,2.7537689208984375,9.457286834716797,qmix,smacv2,protoss_5_vs_5,100,0.0
5508000,2753,2026-06-11T17:34:11.201753,5.49981164932251,1.4016103744506836,2.719849109649658,8.140704154968262,qmix,smacv2,protoss_5_vs_5,100,0.0
5510000,2754,2026-06-11T17:36:52.666706,5.676883697509766,1.6002651453018188,3.208542585372925,8.864320755004883,qmix,smacv2,protoss_5_vs_5,100,0.0
5512000,2755,2026-06-11T17:39:34.599225,6.561557769775391,3.68351674079895,2.066582679748535,18.190956115722656,qmix,smacv2,protoss_5_vs_5,100,0.15000000596046448
5514000,2756,2026-06-11T17:42:19.665580,6.294660568237305,1.2635432481765747,3.929647922515869,8.53266429901123,qmix,smacv2,protoss_5_vs_5,100,0.0
5516000,2757,2026-06-11T17:45:08.523938,5.287688732147217,1.4280160665512085,3.3718597888946533,9.266331672668457,qmix,smacv2,protoss_5_vs_5,100,0.0
5518000,2758,2026-06-11T17:47:46.544694,5.64120626449585,2.226254940032959,2.8743720054626465,12.261306762695312,qmix,smacv2,protoss_5_vs_5,100,0.10000000149011612
5520000,2759,2026-06-11T17:50:25.091475,5.329585075378418,1.3686027526855469,2.469849109649658,7.206030368804932,qmix,smacv2,protoss_5_vs_5,100,0.0
5522000,2760,2026-06-11T17:53:02.506904,5.814572334289551,2.9477384090423584,2.330402135848999,14.271356582641602,qmix,smacv2,protoss_5_vs_5,100,0.10000000149011612
5524000,2761,2026-06-11T17:55:40.660604,5.713002681732178,1.7566572427749634,2.2135677337646484,10.100502014160156,qmix,smacv2,protoss_5_vs_5,100,0.0
5526000,2762,2026-06-11T17:58:17.945109,6.284799098968506,3.2747364044189453,2.201004981994629,14.070352554321289,qmix,smacv2,protoss_5_vs_5,100,0.10000000149011612
5528000,2763,2026-06-11T18:00:54.902165,5.189070224761963,1.8217805624008179,3.0062813758850098,9.939698219299316,qmix,smacv2,protoss_5_vs_5,100,0.0
5530000,2764,2026-06-11T18:03:32.408630,5.653769016265869,1.961096167564392,3.0452260971069336,12.261306762695312,qmix,smacv2,protoss_5_vs_5,100,0.05000000074505806
5532000,2765,2026-06-11T18:06:13.375223,5.454899311065674,1.5596051216125488,2.226130485534668,9.125627517700195,qmix,smacv2,protoss_5_vs_5,100,0.0
5534000,2766,2026-06-11T18:08:54.736833,5.997488021850586,2.021007537841797,3.437185764312744,12.060300827026367,qmix,smacv2,protoss_5_vs_5,100,0.05000000074505806
5536000,2767,2026-06-11T18:11:35.766496,5.533542633056641,1.450264573097229,3.628140687942505,8.742462158203125,qmix,smacv2,protoss_5_vs_5,100,0.0
5538000,2768,2026-06-11T18:14:15.982240,5.354710578918457,1.6989330053329468,2.8668341636657715,9.644472122192383,qmix,smacv2,protoss_5_vs_5,100,0.0
5540000,2769,2026-06-11T18:16:56.043190,5.161055564880371,1.4316844940185547,2.7437186241149902,8.170854568481445,qmix,smacv2,protoss_5_vs_5,100,0.0
5542000,2770,2026-06-11T18:19:37.564221,5.7615580558776855,1.5905805826187134,2.6809046268463135,8.756281852722168,qmix,smacv2,protoss_5_vs_5,100,0.0
5544000,2771,2026-06-11T18:22:14.678567,5.346796035766602,2.064810037612915,3.443466901779175,12.160804748535156,qmix,smacv2,protoss_5_vs_5,100,0.05000000074505806
5546000,2772,2026-06-11T18:24:54.486782,6.141645908355713,1.9861342906951904,3.459798812866211,10.300251007080078,qmix,smacv2,protoss_5_vs_5,100,0.0
5548000,2773,2026-06-11T18:27:31.467488,4.980653285980225,1.5764052867889404,2.143216133117676,8.944723129272461,qmix,smacv2,protoss_5_vs_5,100,0.0
5550000,2774,2026-06-11T18:30:08.446675,5.3375630378723145,1.971411108970642,2.904522657394409,10.050251007080078,qmix,smacv2,protoss_5_vs_5,100,0.05000000074505806
5552000,2775,2026-06-11T18:32:47.748680,5.631280899047852,1.286571979522705,3.1972360610961914,8.184672355651855,qmix,smacv2,protoss_5_vs_5,100,0.0
5554000,2776,2026-06-11T18:35:26.436039,5.645351409912109,2.728135108947754,2.3115577697753906,12.380653381347656,qmix,smacv2,protoss_5_vs_5,100,0.05000000074505806
5556000,2777,2026-06-11T18:38:06.743713,5.256595134735107,1.690355896949768,2.630653142929077,8.63316535949707,qmix,smacv2,protoss_5_vs_5,100,0.0
5558000,2778,2026-06-11T18:41:08.626589,5.68794059753418,2.7789998054504395,2.152009963989258,14.170854568481445,qmix,smacv2,protoss_5_vs_5,100,0.05000000074505806
5560000,2779,2026-06-11T18:43:42.360184,5.4662065505981445,1.4606248140335083,3.2160804271698,8.613065719604492,qmix,smacv2,protoss_5_vs_5,100,0.0
5562000,2780,2026-06-11T18:46:16.875566,5.594912052154541,1.6440842151641846,2.8743717670440674,10.379396438598633,qmix,smacv2,protoss_5_vs_5,100,0.0
5564000,2781,2026-06-11T18:48:56.202192,5.229522705078125,2.1436848640441895,2.613065242767334,10.560300827026367,qmix,smacv2,protoss_5_vs_5,100,0.0
5566000,2782,2026-06-11T18:51:36.086506,4.928580284118652,1.3235576152801514,2.7525126934051514,8.886934280395508,qmix,smacv2,protoss_5_vs_5,100,0.0
5568000,2783,2026-06-11T18:54:18.009997,5.337374210357666,1.7294450998306274,2.4560301303863525,10.359296798706055,qmix,smacv2,protoss_5_vs_5,100,0.0
5570000,2784,2026-06-11T18:57:01.477470,5.859610557556152,1.8939193487167358,3.1381912231445312,9.447235107421875,qmix,smacv2,protoss_5_vs_5,100,0.0
5572000,2785,2026-06-11T18:59:41.313479,5.200439453125,1.8841533660888672,2.733668327331543,10.080402374267578,qmix,smacv2,protoss_5_vs_5,100,0.0
5574000,2786,2026-06-11T19:02:25.855823,5.3883795738220215,1.8143635988235474,3.2361807823181152,9.192211151123047,qmix,smacv2,protoss_5_vs_5,100,0.0
5576000,2787,2026-06-11T19:05:08.824635,5.335175514221191,1.5722630023956299,2.663316488265991,8.653265953063965,qmix,smacv2,protoss_5_vs_5,100,0.0
5578000,2788,2026-06-11T19:07:52.729333,5.636871814727783,1.3814566135406494,4.1821608543396,9.628141403198242,qmix,smacv2,protoss_5_vs_5,100,0.0
5580000,2789,2026-06-11T19:10:34.618914,5.9091081619262695,2.9210288524627686,2.711055278778076,14.170854568481445,qmix,smacv2,protoss_5_vs_5,100,0.05000000074505806
5582000,2790,2026-06-11T19:13:16.674924,5.519911766052246,1.7250030040740967,3.015075445175171,10.8944730758667,qmix,smacv2,protoss_5_vs_5,100,0.0
5584000,2791,2026-06-11T19:15:59.521515,6.122110366821289,3.1210858821868896,1.718592882156372,12.160802841186523,qmix,smacv2,protoss_5_vs_5,100,0.15000000596046448
5586000,2792,2026-06-11T19:18:42.720188,5.980339527130127,1.805186152458191,3.251256227493286,9.286432266235352,qmix,smacv2,protoss_5_vs_5,100,0.0
5588000,2793,2026-06-11T19:21:23.082810,5.451632976531982,2.0439321994781494,2.322864294052124,10.522612571716309,qmix,smacv2,protoss_5_vs_5,100,0.0
5590000,2794,2026-06-11T19:24:02.460342,5.784987449645996,2.023486375808716,2.572864294052124,10.134422302246094,qmix,smacv2,protoss_5_vs_5,100,0.0
5592000,2795,2026-06-11T19:26:42.573817,5.915766716003418,2.2462821006774902,3.7701003551483154,13.853014945983887,qmix,smacv2,protoss_5_vs_5,100,0.0
5594000,2796,2026-06-11T19:29:19.823234,5.205716133117676,2.3434762954711914,3.015075445175171,14.170854568481445,qmix,smacv2,protoss_5_vs_5,100,0.05000000074505806
5596000,2797,2026-06-11T19:31:58.302541,5.968656063079834,2.6492578983306885,3.4296481609344482,14.271357536315918,qmix,smacv2,protoss_5_vs_5,100,0.10000000149011612
5598000,2798,2026-06-11T19:34:37.651152,5.780276298522949,1.8266541957855225,3.3768844604492188,10.360553741455078,qmix,smacv2,protoss_5_vs_5,100,0.0
5600000,2799,2026-06-11T19:37:18.912539,6.101004600524902,2.2734947204589844,3.104271411895752,12.16080379486084,qmix,smacv2,protoss_5_vs_5,100,0.05000000074505806
5602000,2800,2026-06-11T19:39:59.012036,6.6314697265625,3.2242517471313477,3.445979595184326,16.180904388427734,qmix,smacv2,protoss_5_vs_5,100,0.10000000149011612
5604000,2801,2026-06-11T19:42:37.332230,5.206218242645264,1.2355034351348877,2.8442211151123047,7.9798994064331055,qmix,smacv2,protoss_5_vs_5,100,0.0
5606000,2802,2026-06-11T19:45:16.684377,5.877010345458984,2.2209653854370117,3.1658291816711426,11.36683464050293,qmix,smacv2,protoss_5_vs_5,100,0.0
5608000,2803,2026-06-11T19:47:56.516410,5.345163345336914,1.3580375909805298,2.3417086601257324,7.507537841796875,qmix,smacv2,protoss_5_vs_5,100,0.0
5610000,2804,2026-06-11T19:50:36.783777,5.026004791259766,1.4882354736328125,2.717336416244507,8.649497985839844,qmix,smacv2,protoss_5_vs_5,100,0.0
5612000,2805,2026-06-11T19:53:16.726014,5.314824104309082,1.237451195716858,3.396984815597534,8.248744010925293,qmix,smacv2,protoss_5_vs_5,100,0.0
5614000,2806,2026-06-11T19:55:57.211693,6.190389633178711,1.968507170677185,2.75,10.251255989074707,qmix,smacv2,protoss_5_vs_5,100,0.05000000074505806
5616000,2807,2026-06-11T19:58:35.678912,5.488882064819336,1.4274903535842896,2.9296481609344482,8.673365592956543,qmix,smacv2,protoss_5_vs_5,100,0.0
5618000,2808,2026-06-11T20:01:16.426014,5.783040523529053,2.3620004653930664,2.635678291320801,12.261305809020996,qmix,smacv2,protoss_5_vs_5,100,0.05000000074505806
5620000,2809,2026-06-11T20:03:57.583231,5.288882255554199,1.9468414783477783,2.670854091644287,10.09045124053955,qmix,smacv2,protoss_5_vs_5,100,0.0
5622000,2810,2026-06-11T20:06:38.494742,5.956407070159912,1.891452431678772,3.718593120574951,12.361809730529785,qmix,smacv2,protoss_5_vs_5,100,0.05000000074505806
5624000,2811,2026-06-11T20:09:23.983966,5.454836845397949,1.554547905921936,2.733668327331543,8.346734046936035,qmix,smacv2,protoss_5_vs_5,100,0.0
5626000,2812,2026-06-11T20:12:04.291861,5.841520309448242,1.5817546844482422,3.5992465019226074,8.783920288085938,qmix,smacv2,protoss_5_vs_5,100,0.0
5628000,2813,2026-06-11T20:14:42.355109,5.247989654541016,2.029633045196533,2.3015074729919434,12.361808776855469,qmix,smacv2,protoss_5_vs_5,100,0.05000000074505806
5630000,2814,2026-06-11T20:17:22.837370,5.923932075500488,1.8771343231201172,2.3907036781311035,10.251256942749023,qmix,smacv2,protoss_5_vs_5,100,0.10000000149011612
5632000,2815,2026-06-11T20:20:03.308414,5.729208469390869,1.5835437774658203,3.3442211151123047,8.743720054626465,qmix,smacv2,protoss_5_vs_5,100,0.0
5634000,2816,2026-06-11T20:22:41.715399,5.788002967834473,2.853869676589966,2.702261447906494,16.298995971679688,qmix,smacv2,protoss_5_vs_5,100,0.05000000074505806
5636000,2817,2026-06-11T20:25:20.994704,5.685301303863525,1.8018709421157837,3.065326452255249,10.60427188873291,qmix,smacv2,protoss_5_vs_5,100,0.0
5638000,2818,2026-06-11T20:27:58.991086,4.530150413513184,1.5729749202728271,1.6532663106918335,7.149497032165527,qmix,smacv2,protoss_5_vs_5,100,0.0
5640000,2819,2026-06-11T20:30:38.132639,5.027009963989258,1.7018605470657349,1.5879395008087158,7.587940216064453,qmix,smacv2,protoss_5_vs_5,100,0.0
5642000,2820,2026-06-11T20:33:15.354963,5.697236061096191,2.1688973903656006,2.6030149459838867,10.371859550476074,qmix,smacv2,protoss_5_vs_5,100,0.0
5644000,2821,2026-06-11T20:35:53.525810,4.541834354400635,1.2258188724517822,2.670854091644287,7.6168341636657715,qmix,smacv2,protoss_5_vs_5,100,0.0
5646000,2822,2026-06-11T20:38:31.591171,5.213442325592041,1.4934980869293213,3.3266329765319824,8.301506996154785,qmix,smacv2,protoss_5_vs_5,100,0.0
5648000,2823,2026-06-11T20:41:13.594927,5.78297758102417,2.2942073345184326,3.0351758003234863,12.361808776855469,qmix,smacv2,protoss_5_vs_5,100,0.05000000074505806
5650000,2824,2026-06-11T20:43:52.442308,4.707537651062012,1.044224500656128,3.2160804271698,7.457286834716797,qmix,smacv2,protoss_5_vs_5,100,0.0
5652000,2825,2026-06-11T20:46:34.660412,5.641457557678223,1.994331955909729,2.482412338256836,11.376884460449219,qmix,smacv2,protoss_5_vs_5,100,0.0
5654000,2826,2026-06-11T20:49:16.002125,5.597801208496094,2.021467685699463,3.29899525642395,11.326632499694824,qmix,smacv2,protoss_5_vs_5,100,0.0
5656000,2827,2026-06-11T20:51:55.405522,5.2470479011535645,1.8495289087295532,3.007537603378296,9.949748992919922,qmix,smacv2,protoss_5_vs_5,100,0.0
5658000,2828,2026-06-11T20:54:35.881563,6.6020097732543945,1.9818369150161743,3.162060260772705,12.16080379486084,qmix,smacv2,protoss_5_vs_5,100,0.05000000074505806
5660000,2829,2026-06-11T20:57:14.948637,5.1189069747924805,1.7796648740768433,2.337939739227295,8.199748039245605,qmix,smacv2,protoss_5_vs_5,100,0.0
5662000,2830,2026-06-11T20:59:55.387955,5.3530778884887695,1.3157211542129517,3.1344223022460938,8.391960144042969,qmix,smacv2,protoss_5_vs_5,100,0.0
5664000,2831,2026-06-11T21:02:35.107403,5.15320348739624,1.7182174921035767,3.032663106918335,10.552762985229492,qmix,smacv2,protoss_5_vs_5,100,0.0
5666000,2832,2026-06-11T21:05:14.746421,5.307034492492676,1.492712140083313,2.4660804271698,8.682161331176758,qmix,smacv2,protoss_5_vs_5,100,0.0
5668000,2833,2026-06-11T21:07:53.915202,5.889949798583984,1.95309579372406,2.4233667850494385,10.542713165283203,qmix,smacv2,protoss_5_vs_5,100,0.0
5670000,2834,2026-06-11T21:10:31.520718,5.974937438964844,2.3254122734069824,3.2625629901885986,13.981155395507812,qmix,smacv2,protoss_5_vs_5,100,0.0
5672000,2835,2026-06-11T21:13:11.767485,5.346042633056641,2.01355242729187,2.643216133117676,12.201004028320312,qmix,smacv2,protoss_5_vs_5,100,0.0
5674000,2836,2026-06-11T21:15:53.582624,6.1643218994140625,3.011188507080078,2.4798994064331055,16.080402374267578,qmix,smacv2,protoss_5_vs_5,100,0.05000000074505806
5676000,2837,2026-06-11T21:18:35.760577,5.5621232986450195,1.8320651054382324,2.7638192176818848,10.954773902893066,qmix,smacv2,protoss_5_vs_5,100,0.0
5678000,2838,2026-06-11T21:21:13.752298,5.235552787780762,1.0167351961135864,2.9660804271698,7.336683750152588,qmix,smacv2,protoss_5_vs_5,100,0.0
5680000,2839,2026-06-11T21:23:53.703177,5.061683177947998,1.467137336730957,2.08040189743042,7.038945198059082,qmix,smacv2,protoss_5_vs_5,100,0.0
5682000,2840,2026-06-11T21:26:32.702836,6.387060165405273,2.4315059185028076,2.6909546852111816,10.704774856567383,qmix,smacv2,protoss_5_vs_5,100,0.0
5684000,2841,2026-06-11T21:29:10.581262,5.383856296539307,1.8957163095474243,2.8743717670440674,11.125627517700195,qmix,smacv2,protoss_5_vs_5,100,0.0
5686000,2842,2026-06-11T21:31:49.014835,5.402764320373535,1.7758164405822754,2.7537686824798584,9.748744010925293,qmix,smacv2,protoss_5_vs_5,100,0.0
5688000,2843,2026-06-11T21:34:30.714634,5.9420857429504395,2.3160457611083984,2.9371860027313232,12.462312698364258,qmix,smacv2,protoss_5_vs_5,100,0.05000000074505806
5690000,2844,2026-06-11T21:37:10.896935,5.225314140319824,1.7853692770004272,2.2223618030548096,9.129396438598633,qmix,smacv2,protoss_5_vs_5,100,0.0
5692000,2845,2026-06-11T21:39:52.493304,5.539949893951416,1.3030102252960205,3.0552761554718018,8.170854568481445,qmix,smacv2,protoss_5_vs_5,100,0.0
5694000,2846,2026-06-11T21:42:32.232840,5.343090057373047,2.1281912326812744,2.652009963989258,12.361808776855469,qmix,smacv2,protoss_5_vs_5,100,0.05000000074505806
5696000,2847,2026-06-11T21:45:12.776336,5.276256084442139,2.104048013687134,2.356783866882324,12.160802841186523,qmix,smacv2,protoss_5_vs_5,100,0.05000000074505806
5698000,2848,2026-06-11T21:47:54.213804,5.1640706062316895,1.570532202720642,1.7889446020126343,8.15075397491455,qmix,smacv2,protoss_5_vs_5,100,0.0
5700000,2849,2026-06-11T21:50:35.036038,6.349811553955078,2.4055631160736084,2.643216133117676,12.261306762695312,qmix,smacv2,protoss_5_vs_5,100,0.05000000074505806
5702000,2850,2026-06-11T21:53:15.255690,5.355841636657715,1.7245240211486816,2.7550251483917236,9.577888488769531,qmix,smacv2,protoss_5_vs_5,100,0.0
5704000,2851,2026-06-11T21:55:53.974582,5.315326690673828,1.3985882997512817,3.7437186241149902,9.356783866882324,qmix,smacv2,protoss_5_vs_5,100,0.0
5706000,2852,2026-06-11T21:58:32.086651,5.763567924499512,1.5625249147415161,3.8994972705841064,9.547739028930664,qmix,smacv2,protoss_5_vs_5,100,0.0
5708000,2853,2026-06-11T22:01:10.536266,5.373617649078369,1.5920177698135376,2.1017587184906006,8.261306762695312,qmix,smacv2,protoss_5_vs_5,100,0.0
5710000,2854,2026-06-11T22:03:48.628939,5.394912242889404,2.0331456661224365,2.822864294052124,9.847990036010742,qmix,smacv2,protoss_5_vs_5,100,0.0
5712000,2855,2026-06-11T22:06:29.145945,6.020728588104248,1.468182921409607,3.9321608543395996,9.10175895690918,qmix,smacv2,protoss_5_vs_5,100,0.0
5714000,2856,2026-06-11T22:09:10.563230,5.386557579040527,1.5050861835479736,3.1155776977539062,7.989949703216553,qmix,smacv2,protoss_5_vs_5,100,0.0
5716000,2857,2026-06-11T22:11:52.639248,6.163002014160156,1.692537784576416,3.629396915435791,9.695980072021484,qmix,smacv2,protoss_5_vs_5,100,0.0
5718000,2858,2026-06-11T22:14:34.502597,4.980463981628418,1.534255862236023,2.144472360610962,9.206029891967773,qmix,smacv2,protoss_5_vs_5,100,0.0
5720000,2859,2026-06-11T22:17:13.577909,4.799434185028076,1.5371261835098267,2.370603322982788,8.221105575561523,qmix,smacv2,protoss_5_vs_5,100,0.0
5722000,2860,2026-06-11T22:19:52.922447,5.78812837600708,2.1800854206085205,2.2851758003234863,11.778895378112793,qmix,smacv2,protoss_5_vs_5,100,0.0
5724000,2861,2026-06-11T22:22:31.340866,5.567713737487793,1.7007837295532227,2.6331658363342285,8.020100593566895,qmix,smacv2,protoss_5_vs_5,100,0.0
5726000,2862,2026-06-11T22:25:08.484435,5.787625789642334,2.7592647075653076,2.071608066558838,12.31155776977539,qmix,smacv2,protoss_5_vs_5,100,0.10000000149011612
5728000,2863,2026-06-11T22:27:53.641509,5.042148590087891,1.397749662399292,2.596733808517456,8.271356582641602,qmix,smacv2,protoss_5_vs_5,100,0.0
5730000,2864,2026-06-11T22:30:31.779514,5.239258766174316,1.2389919757843018,3.2927136421203613,7.668341636657715,qmix,smacv2,protoss_5_vs_5,100,0.0
5732000,2865,2026-06-11T22:33:09.701672,5.24070405960083,1.939967393875122,1.984924554824829,9.451004981994629,qmix,smacv2,protoss_5_vs_5,100,0.0
5734000,2866,2026-06-11T22:35:48.555069,5.286557197570801,1.5708014965057373,3.0628139972686768,10.603014945983887,qmix,smacv2,protoss_5_vs_5,100,0.0
5736000,2867,2026-06-11T22:38:30.338347,5.735741138458252,1.9494831562042236,2.2638192176818848,10.552763938903809,qmix,smacv2,protoss_5_vs_5,100,0.05000000074505806
5738000,2868,2026-06-11T22:41:11.715123,5.637499809265137,2.583474636077881,2.2562813758850098,14.371859550476074,qmix,smacv2,protoss_5_vs_5,100,0.05000000074505806
5740000,2869,2026-06-11T22:43:49.155708,5.000313758850098,1.7918310165405273,2.643216133117676,10.753768920898438,qmix,smacv2,protoss_5_vs_5,100,0.0
5742000,2870,2026-06-11T22:46:29.558693,4.984610557556152,1.8412734270095825,1.4798994064331055,9.266331672668457,qmix,smacv2,protoss_5_vs_5,100,0.0
5744000,2871,2026-06-11T22:49:08.929143,5.389447212219238,2.0016815662384033,3.023869276046753,9.276381492614746,qmix,smacv2,protoss_5_vs_5,100,0.0
5746000,2872,2026-06-11T22:51:48.148530,5.089761257171631,1.529952883720398,2.3115577697753906,7.447236061096191,qmix,smacv2,protoss_5_vs_5,100,0.0
5748000,2873,2026-06-11T22:54:27.829170,5.268467426300049,2.0635812282562256,2.508793830871582,9.36683464050293,qmix,smacv2,protoss_5_vs_5,100,0.0
5750000,2874,2026-06-11T22:57:07.526486,5.279585361480713,1.8221901655197144,1.9258792400360107,10.723617553710938,qmix,smacv2,protoss_5_vs_5,100,0.0
5752000,2875,2026-06-11T22:59:47.852682,5.524874687194824,2.1249186992645264,2.5929646492004395,10.492462158203125,qmix,smacv2,protoss_5_vs_5,100,0.0
5754000,2876,2026-06-11T23:02:30.287716,5.909798622131348,2.875650644302368,2.379396915435791,14.271356582641602,qmix,smacv2,protoss_5_vs_5,100,0.10000000149011612
5756000,2877,2026-06-11T23:05:12.154844,5.938253879547119,1.8726943731307983,3.467336654663086,9.83919620513916,qmix,smacv2,protoss_5_vs_5,100,0.0
5758000,2878,2026-06-11T23:07:52.167122,6.177952766418457,2.6072404384613037,2.7952260971069336,12.361808776855469,qmix,smacv2,protoss_5_vs_5,100,0.05000000074505806
5760000,2879,2026-06-11T23:10:33.005113,5.85044002532959,1.548138976097107,3.2688441276550293,10.106783866882324,qmix,smacv2,protoss_5_vs_5,100,0.0
5762000,2880,2026-06-11T23:13:12.801256,5.303015232086182,2.089833974838257,2.635678291320801,9.88316535949707,qmix,smacv2,protoss_5_vs_5,100,0.0
5764000,2881,2026-06-11T23:15:48.822931,5.31231164932251,1.8287955522537231,2.87060284614563,10.281405448913574,qmix,smacv2,protoss_5_vs_5,100,0.0
5766000,2882,2026-06-11T23:18:27.883538,6.0089826583862305,2.0995876789093018,3.2952263355255127,11.526382446289062,qmix,smacv2,protoss_5_vs_5,100,0.0
5768000,2883,2026-06-11T23:21:07.463620,5.970602989196777,1.8587682247161865,3.3366832733154297,9.748743057250977,qmix,smacv2,protoss_5_vs_5,100,0.0
5770000,2884,2026-06-11T23:23:47.597850,5.278203010559082,1.3793259859085083,3.434673309326172,7.889447212219238,qmix,smacv2,protoss_5_vs_5,100,0.0
5772000,2885,2026-06-11T23:26:29.139405,5.545289039611816,1.6178523302078247,2.854271411895752,9.396985054016113,qmix,smacv2,protoss_5_vs_5,100,0.0
5774000,2886,2026-06-11T23:29:11.079470,5.901444435119629,2.020057439804077,2.7160804271698,10.552762985229492,qmix,smacv2,protoss_5_vs_5,100,0.05000000074505806
5776000,2887,2026-06-11T23:31:54.878101,5.858103275299072,2.189352512359619,3.296482563018799,12.361809730529785,qmix,smacv2,protoss_5_vs_5,100,0.05000000074505806
5778000,2888,2026-06-11T23:34:36.336218,5.119660377502441,1.8527841567993164,2.59547758102417,8.360552787780762,qmix,smacv2,protoss_5_vs_5,100,0.0
5780000,2889,2026-06-11T23:37:16.789225,5.563253879547119,3.0670289993286133,2.1733667850494385,14.271356582641602,qmix,smacv2,protoss_5_vs_5,100,0.10000000149011612
5782000,2890,2026-06-11T23:39:55.844438,5.3958539962768555,1.3599363565444946,3.304020404815674,8.16080379486084,qmix,smacv2,protoss_5_vs_5,100,0.0
5784000,2891,2026-06-11T23:42:34.103959,5.84830379486084,1.944467306137085,1.726130723953247,9.256281852722168,qmix,smacv2,protoss_5_vs_5,100,0.0
5786000,2892,2026-06-11T23:45:12.266387,6.887373924255371,2.18776535987854,3.597989559173584,12.070350646972656,qmix,smacv2,protoss_5_vs_5,100,0.05000000074505806
5788000,2893,2026-06-11T23:47:48.212365,5.361369609832764,2.1338231563568115,2.6017589569091797,12.190956115722656,qmix,smacv2,protoss_5_vs_5,100,0.05000000074505806
5790000,2894,2026-06-11T23:50:23.695295,5.032663345336914,1.5874401330947876,3.1959800720214844,8.770100593566895,qmix,smacv2,protoss_5_vs_5,100,0.0
5792000,2895,2026-06-11T23:53:04.470749,6.001821041107178,1.4567054510116577,4.444723606109619,9.708541870117188,qmix,smacv2,protoss_5_vs_5,100,0.0
5794000,2896,2026-06-11T23:55:42.743106,5.35841703414917,1.792742371559143,1.902010202407837,10.050251960754395,qmix,smacv2,protoss_5_vs_5,100,0.05000000074505806
5796000,2897,2026-06-11T23:58:23.747029,5.645288944244385,1.5987191200256348,2.5339195728302,9.929648399353027,qmix,smacv2,protoss_5_vs_5,100,0.0
5798000,2898,2026-06-12T00:01:09.694189,5.644095420837402,2.2535932064056396,2.4321606159210205,10.150753021240234,qmix,smacv2,protoss_5_vs_5,100,0.05000000074505806
5800000,2899,2026-06-12T00:03:53.611543,5.3645734786987305,1.8417216539382935,2.683417320251465,8.366833686828613,qmix,smacv2,protoss_5_vs_5,100,0.0
5802000,2900,2026-06-12T00:06:38.144505,5.430653095245361,1.4893256425857544,2.663316488265991,9.48743724822998,qmix,smacv2,protoss_5_vs_5,100,0.0
5804000,2901,2026-06-12T00:09:19.964881,5.274057865142822,1.7624253034591675,2.9949748516082764,10.050251007080078,qmix,smacv2,protoss_5_vs_5,100,0.05000000074505806
5806000,2902,2026-06-12T00:12:00.877219,5.286494731903076,1.291477918624878,3.3429648876190186,8.070352554321289,qmix,smacv2,protoss_5_vs_5,100,0.0
5808000,2903,2026-06-12T00:14:41.592738,4.924623489379883,1.1002706289291382,2.9472362995147705,7.587940216064453,qmix,smacv2,protoss_5_vs_5,100,0.0
5810000,2904,2026-06-12T00:17:20.671616,5.849748134613037,2.3075344562530518,2.322864294052124,11.167085647583008,qmix,smacv2,protoss_5_vs_5,100,0.0
5812000,2905,2026-06-12T00:19:58.265701,5.52569055557251,1.4197661876678467,3.4070351123809814,9.263819694519043,qmix,smacv2,protoss_5_vs_5,100,0.0
5814000,2906,2026-06-12T00:22:36.083997,5.790702819824219,1.9229166507720947,2.321608066558838,9.526382446289062,qmix,smacv2,protoss_5_vs_5,100,0.0
5816000,2907,2026-06-12T00:25:19.606903,5.812374114990234,2.134343385696411,3.4974875450134277,10.701004981994629,qmix,smacv2,protoss_5_vs_5,100,0.0
5818000,2908,2026-06-12T00:28:12.371556,5.303203105926514,2.114384174346924,2.7839195728302,12.261306762695312,qmix,smacv2,protoss_5_vs_5,100,0.05000000074505806
5820000,2909,2026-06-12T00:30:44.115432,5.854522705078125,1.4320114850997925,3.2864322662353516,8.643216133117676,qmix,smacv2,protoss_5_vs_5,100,0.0
5822000,2910,2026-06-12T00:33:21.607925,5.484045028686523,1.8715730905532837,3.170854091644287,10.179647445678711,qmix,smacv2,protoss_5_vs_5,100,0.0
5824000,2911,2026-06-12T00:36:01.337500,5.070226192474365,1.371604084968567,3.1821610927581787,9.10175895690918,qmix,smacv2,protoss_5_vs_5,100,0.0
5826000,2912,2026-06-12T00:38:44.460946,5.980653285980225,2.115870714187622,2.7550249099731445,11.045225143432617,qmix,smacv2,protoss_5_vs_5,100,0.0
5828000,2913,2026-06-12T00:41:27.484549,5.8626885414123535,2.233150005340576,2.532663345336914,11.011306762695312,qmix,smacv2,protoss_5_vs_5,100,0.0
5830000,2914,2026-06-12T00:44:10.371930,5.894974708557129,2.6427152156829834,2.775125741958618,14.170854568481445,qmix,smacv2,protoss_5_vs_5,100,0.05000000074505806
5832000,2915,2026-06-12T00:46:54.231771,5.694723606109619,1.6870651245117188,3.4673361778259277,10.452261924743652,qmix,smacv2,protoss_5_vs_5,100,0.05000000074505806
5834000,2916,2026-06-12T00:49:38.282211,5.690263271331787,1.7644926309585571,3.477386951446533,10.016331672668457,qmix,smacv2,protoss_5_vs_5,100,0.0
5836000,2917,2026-06-12T00:52:25.779215,6.1741204261779785,2.460653066635132,3.4070351123809814,14.271356582641602,qmix,smacv2,protoss_5_vs_5,100,0.10000000149011612
5838000,2918,2026-06-12T00:55:08.580529,5.64654541015625,2.289663076400757,2.5678391456604004,12.361808776855469,qmix,smacv2,protoss_5_vs_5,100,0.05000000074505806
5840000,2919,2026-06-12T00:57:49.369010,5.352324485778809,2.1220335960388184,1.8592965602874756,10.201004981994629,qmix,smacv2,protoss_5_vs_5,100,0.0
5842000,2920,2026-06-12T01:00:30.325569,5.535866737365723,2.2119576930999756,2.0263819694519043,12.09170913696289,qmix,smacv2,protoss_5_vs_5,100,0.05000000074505806
5844000,2921,2026-06-12T01:03:09.539721,5.142022132873535,1.4877489805221558,2.5917084217071533,10.050251007080078,qmix,smacv2,protoss_5_vs_5,100,0.05000000074505806
5846000,2922,2026-06-12T01:05:48.389766,6.597424507141113,2.7618651390075684,3.437185764312744,13.092964172363281,qmix,smacv2,protoss_5_vs_5,100,0.0
5848000,2923,2026-06-12T01:08:26.027624,5.0219221115112305,1.3748211860656738,3.386934757232666,8.884421348571777,qmix,smacv2,protoss_5_vs_5,100,0.0
5850000,2924,2026-06-12T01:11:06.738750,6.015137672424316,1.6742136478424072,3.4874370098114014,8.918341636657715,qmix,smacv2,protoss_5_vs_5,100,0.0
5852000,2925,2026-06-12T01:13:45.711511,5.3678388595581055,1.8581037521362305,2.4723618030548096,9.286432266235352,qmix,smacv2,protoss_5_vs_5,100,0.0
5854000,2926,2026-06-12T01:16:25.159689,5.635176181793213,1.367702603340149,3.427135944366455,7.953517913818359,qmix,smacv2,protoss_5_vs_5,100,0.0
5856000,2927,2026-06-12T01:19:05.351254,6.377387046813965,1.9526515007019043,2.8203516006469727,10.311558723449707,qmix,smacv2,protoss_5_vs_5,100,0.05000000074505806
5858000,2928,2026-06-12T01:21:41.181211,5.000125408172607,1.2962565422058105,3.395728588104248,8.73743724822998,qmix,smacv2,protoss_5_vs_5,100,0.0
5860000,2929,2026-06-12T01:24:21.524814,5.659735679626465,1.9358922243118286,3.3266329765319824,12.291457176208496,qmix,smacv2,protoss_5_vs_5,100,0.05000000074505806
5862000,2930,2026-06-12T01:27:03.596470,6.589007377624512,2.339599847793579,3.6268844604492188,14.371859550476074,qmix,smacv2,protoss_5_vs_5,100,0.05000000074505806
5864000,2931,2026-06-12T01:29:43.736754,5.92110538482666,2.3029916286468506,2.3655776977539062,10.802764892578125,qmix,smacv2,protoss_5_vs_5,100,0.05000000074505806
5866000,2932,2026-06-12T01:32:22.914439,6.30125617980957,2.712965250015259,3.428391933441162,12.385677337646484,qmix,smacv2,protoss_5_vs_5,100,0.10000000149011612
5868000,2933,2026-06-12T01:35:03.214137,6.244283676147461,2.398630142211914,2.6834170818328857,14.292712211608887,qmix,smacv2,protoss_5_vs_5,100,0.05000000074505806
5870000,2934,2026-06-12T01:37:44.884798,5.7905778884887695,1.802308440208435,2.4472362995147705,8.512563705444336,qmix,smacv2,protoss_5_vs_5,100,0.0
5872000,2935,2026-06-12T01:40:25.848049,5.444786548614502,1.467517614364624,3.296482563018799,8.51256275177002,qmix,smacv2,protoss_5_vs_5,100,0.0
5874000,2936,2026-06-12T01:43:04.172881,5.480904579162598,1.401424527168274,3.6972365379333496,9.253767967224121,qmix,smacv2,protoss_5_vs_5,100,0.0
5876000,2937,2026-06-12T01:45:42.284268,5.91294002532959,2.0714991092681885,3.403266429901123,11.567840576171875,qmix,smacv2,protoss_5_vs_5,100,0.0
5878000,2938,2026-06-12T01:48:23.936281,5.72047758102417,2.0100104808807373,2.9246232509613037,10.251256942749023,qmix,smacv2,protoss_5_vs_5,100,0.05000000074505806
5880000,2939,2026-06-12T01:51:03.473292,4.899811744689941,1.7812163829803467,1.9472360610961914,8.974874496459961,qmix,smacv2,protoss_5_vs_5,100,0.0
5882000,2940,2026-06-12T01:53:44.453842,5.682914733886719,2.3334500789642334,3.2248740196228027,12.261306762695312,qmix,smacv2,protoss_5_vs_5,100,0.05000000074505806
5884000,2941,2026-06-12T01:56:23.175731,5.6749372482299805,2.4562957286834717,3.251256227493286,14.271356582641602,qmix,smacv2,protoss_5_vs_5,100,0.05000000074505806
5886000,2942,2026-06-12T01:59:01.637872,6.943090915679932,2.512420177459717,3.694723606109619,14.271356582641602,qmix,smacv2,protoss_5_vs_5,100,0.10000000149011612
5888000,2943,2026-06-12T02:01:42.163581,5.573241233825684,1.807709813117981,2.0138192176818848,9.214823722839355,qmix,smacv2,protoss_5_vs_5,100,0.0
5890000,2944,2026-06-12T02:04:22.731779,5.842839241027832,2.725020170211792,2.4472360610961914,11.939699172973633,qmix,smacv2,protoss_5_vs_5,100,0.0
5892000,2945,2026-06-12T02:07:02.666150,6.115200996398926,1.9741371870040894,3.9246230125427246,12.16080379486084,qmix,smacv2,protoss_5_vs_5,100,0.05000000074505806
5894000,2946,2026-06-12T02:09:43.818950,6.419095516204834,1.552268624305725,3.8756279945373535,9.22236156463623,qmix,smacv2,protoss_5_vs_5,100,0.0
5896000,2947,2026-06-12T02:12:23.183838,6.068467617034912,1.932070255279541,3.9798996448516846,11.417085647583008,qmix,smacv2,protoss_5_vs_5,100,0.0
5898000,2948,2026-06-12T02:15:01.620068,5.385741233825684,1.9427235126495361,3.0452260971069336,12.462310791015625,qmix,smacv2,protoss_5_vs_5,100,0.05000000074505806
5900000,2949,2026-06-12T02:17:42.369493,5.536934852600098,1.887252926826477,2.404522657394409,10.19095516204834,qmix,smacv2,protoss_5_vs_5,100,0.0
5902000,2950,2026-06-12T02:20:23.312283,5.4261932373046875,1.7848161458969116,2.984924793243408,9.04648208618164,qmix,smacv2,protoss_5_vs_5,100,0.0
5904000,2951,2026-06-12T02:23:06.222022,5.584485054016113,1.6948778629302979,3.266331434249878,8.467336654663086,qmix,smacv2,protoss_5_vs_5,100,0.0
5906000,2952,2026-06-12T02:25:50.577838,6.0675249099731445,1.8836899995803833,3.554020404815674,10.623115539550781,qmix,smacv2,protoss_5_vs_5,100,0.05000000074505806
5908000,2953,2026-06-12T02:28:31.430560,6.246419429779053,2.4645183086395264,3.2160804271698,12.16080379486084,qmix,smacv2,protoss_5_vs_5,100,0.10000000149011612
5910000,2954,2026-06-12T02:31:11.492786,5.164384365081787,2.0689289569854736,2.1670854091644287,10.100502014160156,qmix,smacv2,protoss_5_vs_5,100,0.0
5912000,2955,2026-06-12T02:33:51.247469,5.787876605987549,1.635493516921997,3.050251007080078,9.64824104309082,qmix,smacv2,protoss_5_vs_5,100,0.0
5914000,2956,2026-06-12T02:36:29.375815,6.310301303863525,1.996982455253601,3.226130723953247,10.814069747924805,qmix,smacv2,protoss_5_vs_5,100,0.0
5916000,2957,2026-06-12T02:39:07.348873,5.101382255554199,1.5327831506729126,2.5464820861816406,8.110552787780762,qmix,smacv2,protoss_5_vs_5,100,0.0
5918000,2958,2026-06-12T02:41:46.084166,5.914132595062256,1.8201574087142944,2.7851758003234863,9.989950180053711,qmix,smacv2,protoss_5_vs_5,100,0.0
5920000,2959,2026-06-12T02:44:25.413821,4.394158840179443,1.5917983055114746,1.6670854091644287,8.08668327331543,qmix,smacv2,protoss_5_vs_5,100,0.0
5922000,2960,2026-06-12T02:47:05.074794,6.163065433502197,2.0316011905670166,3.4133167266845703,12.361808776855469,qmix,smacv2,protoss_5_vs_5,100,0.05000000074505806
5924000,2961,2026-06-12T02:49:42.483002,5.4142584800720215,2.1123766899108887,1.2964824438095093,9.356783866882324,qmix,smacv2,protoss_5_vs_5,100,0.0
5926000,2962,2026-06-12T02:52:23.742408,5.660614967346191,1.866524577140808,2.492462396621704,10.115578651428223,qmix,smacv2,protoss_5_vs_5,100,0.0
5928000,2963,2026-06-12T02:55:08.504259,5.291708469390869,2.002972364425659,1.8706029653549194,9.548994064331055,qmix,smacv2,protoss_5_vs_5,100,0.0
5930000,2964,2026-06-12T02:57:53.942141,6.1622490882873535,2.0317764282226562,2.3819096088409424,10.013818740844727,qmix,smacv2,protoss_5_vs_5,100,0.0
5932000,2965,2026-06-12T03:00:36.400673,5.5576629638671875,1.2985799312591553,3.9070351123809814,8.683416366577148,qmix,smacv2,protoss_5_vs_5,100,0.0
5934000,2966,2026-06-12T03:03:17.215756,5.526947975158691,1.5345746278762817,2.152009963989258,8.773869514465332,qmix,smacv2,protoss_5_vs_5,100,0.0
5936000,2967,2026-06-12T03:05:57.406603,5.497989654541016,2.1490941047668457,3.3329148292541504,11.942211151123047,qmix,smacv2,protoss_5_vs_5,100,0.0
5938000,2968,2026-06-12T03:08:37.117689,6.437436580657959,2.4375016689300537,3.379396915435791,14.170855522155762,qmix,smacv2,protoss_5_vs_5,100,0.05000000074505806
5940000,2969,2026-06-12T03:11:21.094839,5.382098197937012,1.7763705253601074,2.8341708183288574,8.684672355651855,qmix,smacv2,protoss_5_vs_5,100,0.0
5942000,2970,2026-06-12T03:13:59.367209,6.56331729888916,2.2491753101348877,4.272613525390625,14.371858596801758,qmix,smacv2,protoss_5_vs_5,100,0.05000000074505806
5944000,2971,2026-06-12T03:16:39.472548,6.5286431312561035,2.6521685123443604,3.046482801437378,14.271357536315918,qmix,smacv2,protoss_5_vs_5,100,0.10000000149011612
5946000,2972,2026-06-12T03:19:19.148495,6.088065147399902,1.7152073383331299,4.19095516204834,10.963567733764648,qmix,smacv2,protoss_5_vs_5,100,0.0
5948000,2973,2026-06-12T03:22:00.328898,6.711997032165527,2.569700241088867,2.974874258041382,12.177136421203613,qmix,smacv2,protoss_5_vs_5,100,0.10000000149011612
5950000,2974,2026-06-12T03:24:38.791551,6.033982276916504,2.229226589202881,3.2160804271698,11.013818740844727,qmix,smacv2,protoss_5_vs_5,100,0.05000000074505806
5952000,2975,2026-06-12T03:27:18.680576,5.9679646492004395,1.884366512298584,3.788944721221924,11.806533813476562,qmix,smacv2,protoss_5_vs_5,100,0.0
5954000,2976,2026-06-12T03:30:00.231269,6.102512359619141,1.6641566753387451,3.5778892040252686,10.351759910583496,qmix,smacv2,protoss_5_vs_5,100,0.10000000149011612
5956000,2977,2026-06-12T03:32:43.229081,5.896105766296387,2.228250503540039,3.1959798336029053,11.86934757232666,qmix,smacv2,protoss_5_vs_5,100,0.05000000074505806
5958000,2978,2026-06-12T03:35:22.324036,5.400125026702881,1.7055065631866455,2.4974873065948486,8.462311744689941,qmix,smacv2,protoss_5_vs_5,100,0.0
5960000,2979,2026-06-12T03:37:59.426049,5.824873924255371,1.3991707563400269,2.402009963989258,8.562814712524414,qmix,smacv2,protoss_5_vs_5,100,0.0
5962000,2980,2026-06-12T03:40:39.159738,5.590012550354004,1.4851939678192139,3.726130723953247,9.919597625732422,qmix,smacv2,protoss_5_vs_5,100,0.0
5964000,2981,2026-06-12T03:43:18.611818,6.0298991203308105,1.4595227241516113,3.9095473289489746,9.29648208618164,qmix,smacv2,protoss_5_vs_5,100,0.0
5966000,2982,2026-06-12T03:46:00.042915,6.606847286224365,2.0928995609283447,4.028894424438477,11.356783866882324,qmix,smacv2,protoss_5_vs_5,100,0.05000000074505806
5968000,2983,2026-06-12T03:48:41.006676,5.7560296058654785,1.8494104146957397,3.1959798336029053,12.060300827026367,qmix,smacv2,protoss_5_vs_5,100,0.05000000074505806
5970000,2984,2026-06-12T03:51:21.437613,6.345853805541992,2.205764055252075,3.0464823246002197,12.261305809020996,qmix,smacv2,protoss_5_vs_5,100,0.05000000074505806
5972000,2985,2026-06-12T03:54:02.365790,5.880213737487793,1.814995288848877,3.1570351123809814,9.889447212219238,qmix,smacv2,protoss_5_vs_5,100,0.0
5974000,2986,2026-06-12T03:56:44.630835,5.702198505401611,1.881204605102539,3.2060303688049316,10.614322662353516,qmix,smacv2,protoss_5_vs_5,100,0.0
5976000,2987,2026-06-12T03:59:25.826472,5.114823818206787,1.9422088861465454,2.572864294052124,12.28140640258789,qmix,smacv2,protoss_5_vs_5,100,0.05000000074505806
5978000,2988,2026-06-12T04:02:06.856565,5.8452887535095215,1.8300827741622925,3.6080405712127686,10.032663345336914,qmix,smacv2,protoss_5_vs_5,100,0.0
5980000,2989,2026-06-12T04:04:49.706946,6.273303985595703,2.9150612354278564,2.944723606109619,14.276382446289062,qmix,smacv2,protoss_5_vs_5,100,0.15000000596046448
5982000,2990,2026-06-12T04:07:27.931129,5.8160810470581055,2.49985933303833,2.854271173477173,12.462311744689941,qmix,smacv2,protoss_5_vs_5,100,0.10000000149011612
5984000,2991,2026-06-12T04:10:05.392719,4.730967044830322,1.0662943124771118,2.492462158203125,6.719849586486816,qmix,smacv2,protoss_5_vs_5,100,0.0
5986000,2992,2026-06-12T04:12:44.527882,5.550439357757568,2.236375331878662,3.265075206756592,12.160804748535156,qmix,smacv2,protoss_5_vs_5,100,0.05000000074505806
5988000,2993,2026-06-12T04:15:24.295998,5.312312126159668,1.429376482963562,3.6042709350585938,9.286432266235352,qmix,smacv2,protoss_5_vs_5,100,0.0
5990000,2994,2026-06-12T04:18:04.185453,5.386369228363037,1.6938918828964233,2.36432147026062,10.721105575561523,qmix,smacv2,protoss_5_vs_5,100,0.0
5992000,2995,2026-06-12T04:20:43.266698,6.461369514465332,2.1604678630828857,3.443467617034912,12.261306762695312,qmix,smacv2,protoss_5_vs_5,100,0.05000000074505806
5994000,2996,2026-06-12T04:23:24.084487,5.703329086303711,1.5056124925613403,3.718592882156372,8.888191223144531,qmix,smacv2,protoss_5_vs_5,100,0.0
5996000,2997,2026-06-12T04:26:05.009691,5.4293975830078125,2.0276403427124023,2.6432158946990967,10.395729064941406,qmix,smacv2,protoss_5_vs_5,100,0.05000000074505806
5998000,2998,2026-06-12T04:28:46.374199,5.82412052154541,1.5000234842300415,4.097990036010742,11.283919334411621,qmix,smacv2,protoss_5_vs_5,100,0.0
6000000,2999,2026-06-12T04:31:27.864830,5.488316535949707,1.7922179698944092,2.611809015274048,10.452261924743652,qmix,smacv2,protoss_5_vs_5,100,0.05000000074505806
6002000,3000,2026-06-12T04:34:04.567142,5.260804176330566,1.7795764207839966,2.693467378616333,8.54271411895752,qmix,smacv2,protoss_5_vs_5,100,0.0
6004000,3001,2026-06-12T04:36:47.249034,5.552009582519531,1.6019116640090942,3.256281614303589,9.869346618652344,qmix,smacv2,protoss_5_vs_5,100,0.0
6006000,3002,2026-06-12T04:39:28.089769,5.365515232086182,1.6916279792785645,2.5628139972686768,9.306532859802246,qmix,smacv2,protoss_5_vs_5,100,0.0
6008000,3003,2026-06-12T04:42:08.665014,5.22066593170166,1.3123886585235596,3.2160801887512207,8.452260971069336,qmix,smacv2,protoss_5_vs_5,100,0.0
6010000,3004,2026-06-12T04:44:51.658431,4.876821517944336,1.6391340494155884,1.6381909847259521,8.28140640258789,qmix,smacv2,protoss_5_vs_5,100,0.0
6012000,3005,2026-06-12T04:47:30.575621,6.130904674530029,1.7090827226638794,3.742462635040283,10.278895378112793,qmix,smacv2,protoss_5_vs_5,100,0.05000000074505806
6014000,3006,2026-06-12T04:50:11.588286,5.797110557556152,2.059354543685913,2.8040201663970947,11.48743724822998,qmix,smacv2,protoss_5_vs_5,100,0.0
6016000,3007,2026-06-12T04:52:50.440936,5.716457843780518,2.600121021270752,2.2713565826416016,14.070352554321289,qmix,smacv2,protoss_5_vs_5,100,0.05000000074505806
6018000,3008,2026-06-12T04:55:29.912493,5.667462348937988,1.785627007484436,2.621859073638916,9.698492050170898,qmix,smacv2,protoss_5_vs_5,100,0.0
6020000,3009,2026-06-12T04:58:07.801719,5.346419334411621,1.6764206886291504,2.5866832733154297,9.535177230834961,qmix,smacv2,protoss_5_vs_5,100,0.0
6022000,3010,2026-06-12T05:00:46.136197,5.619912147521973,2.088334798812866,2.2160801887512207,12.100502967834473,qmix,smacv2,protoss_5_vs_5,100,0.05000000074505806
6024000,3011,2026-06-12T05:03:25.001431,5.666834354400635,1.7360464334487915,2.7839198112487793,8.620603561401367,qmix,smacv2,protoss_5_vs_5,100,0.0
6026000,3012,2026-06-12T05:06:07.056756,6.410364627838135,2.1010069847106934,3.9497485160827637,12.381909370422363,qmix,smacv2,protoss_5_vs_5,100,0.05000000074505806
6028000,3013,2026-06-12T05:08:48.652579,4.814698219299316,1.405989408493042,2.3580400943756104,7.969849586486816,qmix,smacv2,protoss_5_vs_5,100,0.0
6030000,3014,2026-06-12T05:11:29.658943,3.8919596672058105,1.4276763200759888,1.6381909847259521,7.246232032775879,qmix,smacv2,protoss_5_vs_5,100,0.0
6032000,3015,2026-06-12T05:14:09.849302,5.985678672790527,2.078246831893921,3.025125741958618,11.668342590332031,qmix,smacv2,protoss_5_vs_5,100,0.0
6034000,3016,2026-06-12T05:16:52.044474,5.695854187011719,1.9253445863723755,2.3919596672058105,10.060301780700684,qmix,smacv2,protoss_5_vs_5,100,0.0
6036000,3017,2026-06-12T05:19:35.130896,6.256344318389893,1.7048426866531372,4.241206169128418,9.889448165893555,qmix,smacv2,protoss_5_vs_5,100,0.0
6038000,3018,2026-06-12T05:22:15.676746,5.859987735748291,2.153198719024658,3.1030149459838867,12.361808776855469,qmix,smacv2,protoss_5_vs_5,100,0.05000000074505806
6040000,3019,2026-06-12T05:24:57.777290,5.606846809387207,2.0194599628448486,2.8442211151123047,9.70854377746582,qmix,smacv2,protoss_5_vs_5,100,0.0
6042000,3020,2026-06-12T05:27:38.679186,5.9326629638671875,1.6007815599441528,2.984924793243408,8.924623489379883,qmix,smacv2,protoss_5_vs_5,100,0.0
6044000,3021,2026-06-12T05:30:24.248756,5.742650985717773,1.782436490058899,2.8090453147888184,9.216080665588379,qmix,smacv2,protoss_5_vs_5,100,0.0
6046000,3022,2026-06-12T05:33:04.059421,6.033856391906738,2.7294490337371826,2.974874496459961,14.28894329071045,qmix,smacv2,protoss_5_vs_5,100,0.0
6048000,3023,2026-06-12T05:35:41.662282,5.68253755569458,1.5043865442276,3.501256227493286,9.025126457214355,qmix,smacv2,protoss_5_vs_5,100,0.0
6050000,3024,2026-06-12T05:38:16.797779,5.616582870483398,2.2318732738494873,3.0050249099731445,12.261306762695312,qmix,smacv2,protoss_5_vs_5,100,0.05000000074505806
6052000,3025,2026-06-12T05:40:55.405919,5.886935234069824,2.92966628074646,2.0615577697753906,14.170854568481445,qmix,smacv2,protoss_5_vs_5,100,0.10000000149011612
6054000,3026,2026-06-12T05:43:32.418871,5.469158172607422,1.5159918069839478,2.742462158203125,8.010050773620605,qmix,smacv2,protoss_5_vs_5,100,0.0
6056000,3027,2026-06-12T05:46:11.472657,6.305590629577637,2.385345935821533,2.4623117446899414,12.16080379486084,qmix,smacv2,protoss_5_vs_5,100,0.05000000074505806
6058000,3028,2026-06-12T05:48:52.638758,5.752827167510986,1.9644222259521484,3.41959810256958,9.95728588104248,qmix,smacv2,protoss_5_vs_5,100,0.0
6060000,3029,2026-06-12T05:51:33.084084,5.803769111633301,1.761564016342163,3.6080403327941895,9.459798812866211,qmix,smacv2,protoss_5_vs_5,100,0.0
6062000,3030,2026-06-12T05:54:13.802632,5.564133167266846,1.8942064046859741,2.693467140197754,11.238693237304688,qmix,smacv2,protoss_5_vs_5,100,0.0
6064000,3031,2026-06-12T05:56:56.042250,6.620100975036621,2.711069345474243,3.597990036010742,14.371859550476074,qmix,smacv2,protoss_5_vs_5,100,0.10000000149011612
6066000,3032,2026-06-12T05:59:36.302994,6.164383888244629,2.0416367053985596,3.227386951446533,12.261306762695312,qmix,smacv2,protoss_5_vs_5,100,0.05000000074505806
6068000,3033,2026-06-12T06:02:16.826785,5.98360538482666,1.6548256874084473,3.307788848876953,10.703516960144043,qmix,smacv2,protoss_5_vs_5,100,0.0
6070000,3034,2026-06-12T06:04:56.206795,5.148178577423096,1.091119647026062,3.071608066558838,7.447236061096191,qmix,smacv2,protoss_5_vs_5,100,0.0
6072000,3035,2026-06-12T06:07:35.420209,6.051758766174316,2.9059133529663086,3.0125627517700195,14.391958236694336,qmix,smacv2,protoss_5_vs_5,100,0.05000000074505806
6074000,3036,2026-06-12T06:10:15.040428,5.366269111633301,1.5711532831192017,2.370603084564209,9.082914352416992,qmix,smacv2,protoss_5_vs_5,100,0.0
6076000,3037,2026-06-12T06:13:18.964498,5.75841760635376,1.7628741264343262,2.510050058364868,9.145729064941406,qmix,smacv2,protoss_5_vs_5,100,0.0
6078000,3038,2026-06-12T06:15:52.521511,5.44742488861084,1.4957655668258667,3.2160804271698,8.301506996154785,qmix,smacv2,protoss_5_vs_5,100,0.0
6080000,3039,2026-06-12T06:18:25.097519,4.75364351272583,1.2667704820632935,2.402009963989258,7.507537841796875,qmix,smacv2,protoss_5_vs_5,100,0.0
6082000,3040,2026-06-12T06:21:04.237649,5.547675132751465,1.5869415998458862,3.43467378616333,8.316582679748535,qmix,smacv2,protoss_5_vs_5,100,0.0
6084000,3041,2026-06-12T06:23:44.523025,6.131218433380127,2.6043343544006348,3.1557788848876953,12.361809730529785,qmix,smacv2,protoss_5_vs_5,100,0.10000000149011612
6086000,3042,2026-06-12T06:26:23.883735,5.883479118347168,1.8553714752197266,3.532662868499756,12.217337608337402,qmix,smacv2,protoss_5_vs_5,100,0.0
6088000,3043,2026-06-12T06:29:05.793403,5.4778265953063965,1.6757490634918213,2.3994977474212646,8.492462158203125,qmix,smacv2,protoss_5_vs_5,100,0.0
6090000,3044,2026-06-12T06:31:45.997861,5.0895094871521,2.57247257232666,2.2311558723449707,14.371858596801758,qmix,smacv2,protoss_5_vs_5,100,0.05000000074505806
6092000,3045,2026-06-12T06:34:29.951048,5.40433406829834,2.1715469360351562,2.1105525493621826,10.954773902893066,qmix,smacv2,protoss_5_vs_5,100,0.0
6094000,3046,2026-06-12T06:37:14.380244,5.299936771392822,2.2870354652404785,2.643216133117676,12.070351600646973,qmix,smacv2,protoss_5_vs_5,100,0.0
6096000,3047,2026-06-12T06:39:58.990992,5.564509868621826,2.0088398456573486,2.34547758102417,9.718592643737793,qmix,smacv2,protoss_5_vs_5,100,0.0
6098000,3048,2026-06-12T06:42:42.995728,5.717650890350342,1.9516935348510742,3.3668341636657715,12.16080379486084,qmix,smacv2,protoss_5_vs_5,100,0.05000000074505806
6100000,3049,2026-06-12T06:45:29.306933,6.3141961097717285,2.2621498107910156,3.7927136421203613,12.361809730529785,qmix,smacv2,protoss_5_vs_5,100,0.10000000149011612
6102000,3050,2026-06-12T06:48:14.115609,5.549811363220215,1.3101991415023804,3.113065481185913,8.904521942138672,qmix,smacv2,protoss_5_vs_5,100,0.0
6104000,3051,2026-06-12T06:50:55.371570,7.463254451751709,3.16060209274292,3.6356780529022217,14.371859550476074,qmix,smacv2,protoss_5_vs_5,100,0.20000000298023224
6106000,3052,2026-06-12T06:53:36.029334,4.908668041229248,1.2742854356765747,3.152009963989258,7.557787895202637,qmix,smacv2,protoss_5_vs_5,100,0.0
6108000,3053,2026-06-12T06:56:15.993889,5.226633548736572,1.8486963510513306,2.701005220413208,12.028894424438477,qmix,smacv2,protoss_5_vs_5,100,0.0
6110000,3054,2026-06-12T06:58:55.430126,4.989258766174316,1.4190624952316284,2.6231155395507812,7.929648399353027,qmix,smacv2,protoss_5_vs_5,100,0.0
6112000,3055,2026-06-12T07:01:36.743475,6.565703392028809,2.5275635719299316,3.395728588104248,14.371858596801758,qmix,smacv2,protoss_5_vs_5,100,0.05000000074505806
6114000,3056,2026-06-12T07:04:17.793733,5.284924507141113,2.0027713775634766,3.0778894424438477,10.972360610961914,qmix,smacv2,protoss_5_vs_5,100,0.0
6116000,3057,2026-06-12T07:06:58.228957,5.691708087921143,2.1064045429229736,2.886934995651245,10.081658363342285,qmix,smacv2,protoss_5_vs_5,100,0.0
6118000,3058,2026-06-12T07:09:38.718497,6.001822471618652,2.6259610652923584,2.3417086601257324,12.16080379486084,qmix,smacv2,protoss_5_vs_5,100,0.05000000074505806
6120000,3059,2026-06-12T07:12:16.187580,4.406344413757324,1.4494990110397339,2.150753974914551,8.45603084564209,qmix,smacv2,protoss_5_vs_5,100,0.0
6122000,3060,2026-06-12T07:14:57.247812,5.958981990814209,2.019548177719116,2.8241207599639893,9.226131439208984,qmix,smacv2,protoss_5_vs_5,100,0.0
6124000,3061,2026-06-12T07:17:38.349572,4.7558417320251465,1.6612452268600464,2.120603084564209,8.030150413513184,qmix,smacv2,protoss_5_vs_5,100,0.0
6126000,3062,2026-06-12T07:20:19.576398,5.223053455352783,1.37053382396698,3.0753769874572754,7.83919620513916,qmix,smacv2,protoss_5_vs_5,100,0.0
6128000,3063,2026-06-12T07:22:59.621624,6.095916748046875,1.5174998044967651,3.4974868297576904,8.741206169128418,qmix,smacv2,protoss_5_vs_5,100,0.0
6130000,3064,2026-06-12T07:25:37.272827,5.730904579162598,1.3357480764389038,3.1670854091644287,7.826632499694824,qmix,smacv2,protoss_5_vs_5,100,0.0
6132000,3065,2026-06-12T07:28:14.630627,5.71074104309082,1.9703075885772705,2.1407034397125244,10.8643217086792,qmix,smacv2,protoss_5_vs_5,100,0.0
6134000,3066,2026-06-12T07:30:55.826485,5.485301971435547,1.967434287071228,3.2776379585266113,12.0,qmix,smacv2,protoss_5_vs_5,100,0.0
6136000,3067,2026-06-12T07:33:34.094046,5.785050392150879,1.8980231285095215,2.814069986343384,10.13316535949707,qmix,smacv2,protoss_5_vs_5,100,0.0
6138000,3068,2026-06-12T07:36:16.022196,5.795791149139404,1.810563564300537,2.321608066558838,9.478643417358398,qmix,smacv2,protoss_5_vs_5,100,0.0
6140000,3069,2026-06-12T07:39:01.497025,5.717084884643555,1.9750598669052124,3.2160804271698,10.15075397491455,qmix,smacv2,protoss_5_vs_5,100,0.05000000074505806
6142000,3070,2026-06-12T07:41:40.513456,4.9283294677734375,1.8172414302825928,2.345477342605591,7.928391456604004,qmix,smacv2,protoss_5_vs_5,100,0.0
6144000,3071,2026-06-12T07:44:21.926792,4.799622535705566,1.7236287593841553,1.5703518390655518,8.018843650817871,qmix,smacv2,protoss_5_vs_5,100,0.0
6146000,3072,2026-06-12T07:47:03.231545,5.920602798461914,1.5123320817947388,2.7763819694519043,8.212310791015625,qmix,smacv2,protoss_5_vs_5,100,0.0
6148000,3073,2026-06-12T07:49:45.176544,6.474308967590332,2.201486587524414,2.701004981994629,11.909546852111816,qmix,smacv2,protoss_5_vs_5,100,0.05000000074505806
6150000,3074,2026-06-12T07:52:32.178207,6.254333972930908,1.6841639280319214,3.217337131500244,10.170854568481445,qmix,smacv2,protoss_5_vs_5,100,0.0
6152000,3075,2026-06-12T07:55:11.823450,6.074246406555176,2.4151291847229004,1.7688442468643188,12.160802841186523,qmix,smacv2,protoss_5_vs_5,100,0.05000000074505806
6154000,3076,2026-06-12T07:57:50.064392,5.921859264373779,2.646915912628174,2.5125627517700195,12.261306762695312,qmix,smacv2,protoss_5_vs_5,100,0.10000000149011612
6156000,3077,2026-06-12T08:00:28.343321,5.830214023590088,1.6786106824874878,2.878140926361084,9.174623489379883,qmix,smacv2,protoss_5_vs_5,100,0.0
6158000,3078,2026-06-12T08:03:05.240004,6.3979902267456055,2.8994626998901367,3.2198493480682373,14.371858596801758,qmix,smacv2,protoss_5_vs_5,100,0.10000000149011612
6160000,3079,2026-06-12T08:05:41.049785,6.335804462432861,1.824403166770935,3.2776381969451904,10.611808776855469,qmix,smacv2,protoss_5_vs_5,100,0.0
6162000,3080,2026-06-12T08:08:20.152717,5.5966081619262695,2.1116943359375,2.4798991680145264,12.020099639892578,qmix,smacv2,protoss_5_vs_5,100,0.0
6164000,3081,2026-06-12T08:11:02.333706,5.4747490882873535,1.8633933067321777,3.0125627517700195,9.449748992919922,qmix,smacv2,protoss_5_vs_5,100,0.0
6166000,3082,2026-06-12T08:13:43.849226,6.200376510620117,2.2857744693756104,3.638190746307373,14.271356582641602,qmix,smacv2,protoss_5_vs_5,100,0.05000000074505806
6168000,3083,2026-06-12T08:16:23.285247,5.398618221282959,1.799720048904419,3.5678391456604004,10.613064765930176,qmix,smacv2,protoss_5_vs_5,100,0.0
6170000,3084,2026-06-12T08:19:06.507002,6.325439453125,2.9624922275543213,3.4572863578796387,14.371858596801758,qmix,smacv2,protoss_5_vs_5,100,0.10000000149011612
6172000,3085,2026-06-12T08:21:47.910445,5.361746311187744,1.4751548767089844,2.837939977645874,8.38191032409668,qmix,smacv2,protoss_5_vs_5,100,0.0
6174000,3086,2026-06-12T08:24:29.739798,6.82456111907959,2.1202690601348877,3.791457414627075,12.361808776855469,qmix,smacv2,protoss_5_vs_5,100,0.05000000074505806
6176000,3087,2026-06-12T08:27:09.634631,5.787374496459961,1.7749489545822144,2.8027639389038086,10.31155776977539,qmix,smacv2,protoss_5_vs_5,100,0.0
6178000,3088,2026-06-12T08:29:49.626238,4.370603084564209,1.4770333766937256,1.0653265714645386,6.851759433746338,qmix,smacv2,protoss_5_vs_5,100,0.0
6180000,3089,2026-06-12T08:32:27.276375,5.082475185394287,2.5217509269714355,2.8994972705841064,14.371859550476074,qmix,smacv2,protoss_5_vs_5,100,0.05000000074505806
6182000,3090,2026-06-12T08:35:04.952347,5.431156158447266,1.198071837425232,3.467336654663086,7.708543300628662,qmix,smacv2,protoss_5_vs_5,100,0.0
6184000,3091,2026-06-12T08:37:43.885579,5.585803508758545,2.307008981704712,3.2361807823181152,12.261306762695312,qmix,smacv2,protoss_5_vs_5,100,0.05000000074505806
6186000,3092,2026-06-12T08:40:25.219325,6.207411766052246,2.854053497314453,2.194723606109619,14.271356582641602,qmix,smacv2,protoss_5_vs_5,100,0.10000000149011612
6188000,3093,2026-06-12T08:43:06.413241,5.241708755493164,1.6934905052185059,2.281407117843628,8.130653381347656,qmix,smacv2,protoss_5_vs_5,100,0.0
6190000,3094,2026-06-12T08:45:47.950823,5.675126075744629,1.9310176372528076,2.638190984725952,10.562813758850098,qmix,smacv2,protoss_5_vs_5,100,0.0
6192000,3095,2026-06-12T08:48:28.980795,5.257789134979248,1.4126631021499634,2.6319093704223633,8.95854377746582,qmix,smacv2,protoss_5_vs_5,100,0.0
6194000,3096,2026-06-12T08:51:08.257195,5.510615348815918,2.7482428550720215,3.185929298400879,16.180904388427734,qmix,smacv2,protoss_5_vs_5,100,0.05000000074505806
6196000,3097,2026-06-12T08:53:49.744536,4.869472026824951,1.6484959125518799,2.8015074729919434,8.179647445678711,qmix,smacv2,protoss_5_vs_5,100,0.0
6198000,3098,2026-06-12T08:56:30.420448,5.4684672355651855,2.1029553413391113,1.9032665491104126,12.16080379486084,qmix,smacv2,protoss_5_vs_5,100,0.05000000074505806
6200000,3099,2026-06-12T08:59:11.288440,6.009171009063721,2.6612727642059326,2.6419596672058105,14.170854568481445,qmix,smacv2,protoss_5_vs_5,100,0.05000000074505806
6202000,3100,2026-06-12T09:01:52.115195,6.0511932373046875,1.9599679708480835,3.175879716873169,11.033919334411621,qmix,smacv2,protoss_5_vs_5,100,0.0
6204000,3101,2026-06-12T09:04:32.954143,6.515641212463379,2.8360583782196045,2.4798994064331055,14.271356582641602,qmix,smacv2,protoss_5_vs_5,100,0.05000000074505806
6206000,3102,2026-06-12T09:07:11.357156,5.587311267852783,1.9084421396255493,3.360553026199341,11.326632499694824,qmix,smacv2,protoss_5_vs_5,100,0.0
6208000,3103,2026-06-12T09:09:51.065456,6.537060737609863,2.2717888355255127,3.6721103191375732,14.170854568481445,qmix,smacv2,protoss_5_vs_5,100,0.05000000074505806
6210000,3104,2026-06-12T09:12:30.880057,6.7851762771606445,2.49560284614563,3.6984925270080566,12.361808776855469,qmix,smacv2,protoss_5_vs_5,100,0.10000000149011612
6212000,3105,2026-06-12T09:15:08.958966,5.192713737487793,1.8374912738800049,2.6306533813476562,9.859296798706055,qmix,smacv2,protoss_5_vs_5,100,0.0
6214000,3106,2026-06-12T09:17:49.918542,5.882851600646973,1.7778968811035156,2.9158291816711426,9.477387428283691,qmix,smacv2,protoss_5_vs_5,100,0.0
6216000,3107,2026-06-12T09:20:29.511009,5.149937152862549,1.6754158735275269,3.1645731925964355,8.756280899047852,qmix,smacv2,protoss_5_vs_5,100,0.0
6218000,3108,2026-06-12T09:23:10.589355,5.506218433380127,1.6654770374298096,2.0992462635040283,9.256281852722168,qmix,smacv2,protoss_5_vs_5,100,0.0
6220000,3109,2026-06-12T09:25:53.117311,5.321545600891113,2.1118667125701904,2.388190746307373,10.070352554321289,qmix,smacv2,protoss_5_vs_5,100,0.0
6222000,3110,2026-06-12T09:28:36.223267,5.008667945861816,1.6462644338607788,3.1959798336029053,8.753768920898438,qmix,smacv2,protoss_5_vs_5,100,0.0
6224000,3111,2026-06-12T09:31:17.355404,5.624560356140137,1.1670550107955933,3.25,8.189698219299316,qmix,smacv2,protoss_5_vs_5,100,0.0
6226000,3112,2026-06-12T09:33:57.623670,4.492650508880615,1.3875411748886108,1.6344220638275146,7.136934757232666,qmix,smacv2,protoss_5_vs_5,100,0.0
6228000,3113,2026-06-12T09:36:37.753545,4.876004219055176,2.0522584915161133,1.7851759195327759,9.494975090026855,qmix,smacv2,protoss_5_vs_5,100,0.0
6230000,3114,2026-06-12T09:39:18.320920,5.040452480316162,1.8180181980133057,2.201004981994629,9.286432266235352,qmix,smacv2,protoss_5_vs_5,100,0.0
6232000,3115,2026-06-12T09:41:54.287203,4.83856725692749,1.50827956199646,2.9547739028930664,9.375628471374512,qmix,smacv2,protoss_5_vs_5,100,0.0
6234000,3116,2026-06-12T09:44:33.392538,5.963253974914551,2.198288679122925,2.773869037628174,12.16080379486084,qmix,smacv2,protoss_5_vs_5,100,0.05000000074505806
6236000,3117,2026-06-12T09:47:11.336995,5.02782678604126,1.0590311288833618,3.6871864795684814,7.247488498687744,qmix,smacv2,protoss_5_vs_5,100,0.0
6238000,3118,2026-06-12T09:49:52.429502,5.359861850738525,2.4784305095672607,2.32412052154541,14.170854568481445,qmix,smacv2,protoss_5_vs_5,100,0.05000000074505806
6240000,3119,2026-06-12T09:52:34.063609,4.809170246124268,1.5179533958435059,1.718592882156372,7.657034873962402,qmix,smacv2,protoss_5_vs_5,100,0.0
6242000,3120,2026-06-12T09:55:17.003753,5.541206359863281,1.89739990234375,2.241206169128418,10.361808776855469,qmix,smacv2,protoss_5_vs_5,100,0.05000000074505806
6244000,3121,2026-06-12T09:57:58.703233,6.096042633056641,2.5682015419006348,3.2361807823181152,14.271356582641602,qmix,smacv2,protoss_5_vs_5,100,0.05000000074505806
6246000,3122,2026-06-12T10:00:41.375658,5.695728302001953,1.7126680612564087,3.2160804271698,9.165828704833984,qmix,smacv2,protoss_5_vs_5,100,0.0
6248000,3123,2026-06-12T10:03:20.441478,5.7205400466918945,2.471292734146118,2.6582913398742676,14.170854568481445,qmix,smacv2,protoss_5_vs_5,100,0.05000000074505806
6250000,3124,2026-06-12T10:05:59.559815,6.252072811126709,2.5657970905303955,2.885678291320801,12.060302734375,qmix,smacv2,protoss_5_vs_5,100,0.10000000149011612
6252000,3125,2026-06-12T10:08:37.857482,5.499560356140137,1.826266884803772,2.492462158203125,10.552763938903809,qmix,smacv2,protoss_5_vs_5,100,0.0
6254000,3126,2026-06-12T10:11:17.265475,6.023367404937744,2.191575765609741,3.0138189792633057,12.060302734375,qmix,smacv2,protoss_5_vs_5,100,0.05000000074505806
6256000,3127,2026-06-12T10:13:56.586381,5.051382541656494,0.9135709404945374,3.547739028930664,6.683416843414307,qmix,smacv2,protoss_5_vs_5,100,0.0
6258000,3128,2026-06-12T10:16:42.604905,5.056846618652344,1.6039528846740723,2.8844223022460938,9.113064765930176,qmix,smacv2,protoss_5_vs_5,100,0.0
6260000,3129,2026-06-12T10:19:21.857513,5.717965126037598,2.099564790725708,3.2160804271698,11.164572715759277,qmix,smacv2,protoss_5_vs_5,100,0.0
6262000,3130,2026-06-12T10:22:01.471935,6.318279266357422,2.902583122253418,3.015075206756592,12.261306762695312,qmix,smacv2,protoss_5_vs_5,100,0.10000000149011612
6264000,3131,2026-06-12T10:24:41.726878,5.673806667327881,1.4360153675079346,3.6482410430908203,8.180904388427734,qmix,smacv2,protoss_5_vs_5,100,0.0
6266000,3132,2026-06-12T10:27:21.313384,5.190954685211182,2.108651876449585,2.9296483993530273,12.467336654663086,qmix,smacv2,protoss_5_vs_5,100,0.05000000074505806
6268000,3133,2026-06-12T10:30:02.219332,5.530904293060303,1.6673738956451416,2.7701008319854736,9.103014945983887,qmix,smacv2,protoss_5_vs_5,100,0.0
6270000,3134,2026-06-12T10:32:41.266168,5.262185573577881,1.5378164052963257,3.324120283126831,10.160802841186523,qmix,smacv2,protoss_5_vs_5,100,0.0
6272000,3135,2026-06-12T10:35:21.387779,6.171733379364014,1.9704898595809937,3.227386951446533,11.71859359741211,qmix,smacv2,protoss_5_vs_5,100,0.0
6274000,3136,2026-06-12T10:38:01.330159,5.035239219665527,1.5863122940063477,2.412060260772705,8.16080379486084,qmix,smacv2,protoss_5_vs_5,100,0.0
6276000,3137,2026-06-12T10:40:42.350943,5.973114967346191,1.8710801601409912,3.145728826522827,9.145729064941406,qmix,smacv2,protoss_5_vs_5,100,0.0
6278000,3138,2026-06-12T10:43:19.704210,5.2148871421813965,1.3512691259384155,3.3668341636657715,9.899497985839844,qmix,smacv2,protoss_5_vs_5,100,0.0
6280000,3139,2026-06-12T10:46:02.735295,6.168592929840088,1.84870445728302,3.322864055633545,11.244975090026855,qmix,smacv2,protoss_5_vs_5,100,0.0
6282000,3140,2026-06-12T10:48:41.809172,5.718530178070068,2.2565033435821533,2.8329145908355713,12.462310791015625,qmix,smacv2,protoss_5_vs_5,100,0.05000000074505806
6284000,3141,2026-06-12T10:51:22.817637,5.5145721435546875,1.645480751991272,2.4459798336029053,10.238692283630371,qmix,smacv2,protoss_5_vs_5,100,0.0
6286000,3142,2026-06-12T10:54:01.630257,5.910866737365723,2.5282490253448486,2.4886932373046875,12.261306762695312,qmix,smacv2,protoss_5_vs_5,100,0.10000000149011612
6288000,3143,2026-06-12T10:56:39.684775,5.963567733764648,2.8377885818481445,2.9648244380950928,14.371858596801758,qmix,smacv2,protoss_5_vs_5,100,0.05000000074505806
6290000,3144,2026-06-12T10:59:22.375107,5.2278265953063965,2.496234655380249,2.0502512454986572,9.427136421203613,qmix,smacv2,protoss_5_vs_5,100,0.0
6292000,3145,2026-06-12T11:02:04.904495,5.680967330932617,1.6095575094223022,3.17587947845459,8.904522895812988,qmix,smacv2,protoss_5_vs_5,100,0.0
6294000,3146,2026-06-12T11:04:49.199149,5.275691032409668,1.3359861373901367,3.427135467529297,8.472362518310547,qmix,smacv2,protoss_5_vs_5,100,0.0
6296000,3147,2026-06-12T11:07:30.108526,4.6837310791015625,1.307390809059143,3.143216133117676,7.930904388427734,qmix,smacv2,protoss_5_vs_5,100,0.0
6298000,3148,2026-06-12T11:10:09.256141,5.253643035888672,1.2010341882705688,2.8844218254089355,7.819095611572266,qmix,smacv2,protoss_5_vs_5,100,0.0
6300000,3149,2026-06-12T11:12:50.102810,5.451004981994629,1.6192209720611572,2.8743720054626465,7.859297275543213,qmix,smacv2,protoss_5_vs_5,100,0.0
6302000,3150,2026-06-12T11:15:29.742661,5.694974422454834,1.6481261253356934,2.8919599056243896,9.287688255310059,qmix,smacv2,protoss_5_vs_5,100,0.0
6304000,3151,2026-06-12T11:18:08.979498,5.936620712280273,1.8079575300216675,2.5992462635040283,9.417085647583008,qmix,smacv2,protoss_5_vs_5,100,0.0
6306000,3152,2026-06-12T11:20:48.147466,5.180590629577637,2.4437854290008545,2.403266191482544,14.281407356262207,qmix,smacv2,protoss_5_vs_5,100,0.05000000074505806
6308000,3153,2026-06-12T11:23:27.466493,5.397989749908447,2.260247230529785,1.4623115062713623,11.517587661743164,qmix,smacv2,protoss_5_vs_5,100,0.0
6310000,3154,2026-06-12T11:26:05.784686,5.174371719360352,1.3745065927505493,3.2613062858581543,9.276381492614746,qmix,smacv2,protoss_5_vs_5,100,0.0
6312000,3155,2026-06-12T11:28:44.857751,5.193843841552734,1.3751808404922485,2.3354272842407227,7.9698486328125,qmix,smacv2,protoss_5_vs_5,100,0.0
6314000,3156,2026-06-12T11:31:25.545291,6.282600402832031,2.2470438480377197,3.015075445175171,11.32663345336914,qmix,smacv2,protoss_5_vs_5,100,0.05000000074505806
6316000,3157,2026-06-12T11:34:07.200088,6.963818550109863,2.4323227405548096,3.967336654663086,12.462310791015625,qmix,smacv2,protoss_5_vs_5,100,0.10000000149011612
6318000,3158,2026-06-12T11:36:49.224053,5.4923996925354,1.6028963327407837,2.6658289432525635,9.949748992919922,qmix,smacv2,protoss_5_vs_5,100,0.0
6320000,3159,2026-06-12T11:39:31.428636,5.337940216064453,2.037867307662964,3.282663345336914,12.271357536315918,qmix,smacv2,protoss_5_vs_5,100,0.05000000074505806
6322000,3160,2026-06-12T11:42:13.442692,4.570728302001953,0.9764482378959656,3.145728588104248,6.772613525390625,qmix,smacv2,protoss_5_vs_5,100,0.0
6324000,3161,2026-06-12T11:44:53.586657,5.570540428161621,1.5806068181991577,3.158291816711426,9.185930252075195,qmix,smacv2,protoss_5_vs_5,100,0.0
6326000,3162,2026-06-12T11:47:35.068416,6.34397029876709,2.0661256313323975,3.163316488265991,10.88065242767334,qmix,smacv2,protoss_5_vs_5,100,0.0
6328000,3163,2026-06-12T11:50:15.330022,5.429836750030518,2.6000330448150635,2.40452241897583,12.342966079711914,qmix,smacv2,protoss_5_vs_5,100,0.10000000149011612
6330000,3164,2026-06-12T11:52:54.663164,5.5222368240356445,1.8005112409591675,3.346733570098877,12.361808776855469,qmix,smacv2,protoss_5_vs_5,100,0.05000000074505806
6332000,3165,2026-06-12T11:55:34.760244,6.110867500305176,1.5144273042678833,3.305276393890381,8.753768920898438,qmix,smacv2,protoss_5_vs_5,100,0.0
6334000,3166,2026-06-12T11:58:14.311087,6.7192840576171875,2.8833506107330322,3.6871860027313232,16.38191032409668,qmix,smacv2,protoss_5_vs_5,100,0.05000000074505806
6336000,3167,2026-06-12T12:01:18.058095,5.079585075378418,1.5518603324890137,2.5540201663970947,9.547739028930664,qmix,smacv2,protoss_5_vs_5,100,0.0
6338000,3168,2026-06-12T12:03:52.106770,6.156407356262207,2.273946523666382,2.3442211151123047,12.261307716369629,qmix,smacv2,protoss_5_vs_5,100,0.05000000074505806
6340000,3169,2026-06-12T12:06:23.267813,5.808856964111328,2.0575199127197266,3.6984925270080566,12.361809730529785,qmix,smacv2,protoss_5_vs_5,100,0.05000000074505806
6342000,3170,2026-06-12T12:09:02.653305,6.089949607849121,1.8611887693405151,2.9949748516082764,10.888191223144531,qmix,smacv2,protoss_5_vs_5,100,0.0
6344000,3171,2026-06-12T12:11:43.693819,5.901695728302002,1.5420640707015991,3.266331434249878,9.685930252075195,qmix,smacv2,protoss_5_vs_5,100,0.0
6346000,3172,2026-06-12T12:14:25.008593,5.281972408294678,1.6645565032958984,2.9648241996765137,9.9698486328125,qmix,smacv2,protoss_5_vs_5,100,0.0
6348000,3173,2026-06-12T12:17:06.394095,5.518844127655029,1.4107998609542847,2.814070463180542,9.100502967834473,qmix,smacv2,protoss_5_vs_5,100,0.0
6350000,3174,2026-06-12T12:19:49.971264,6.582035064697266,2.251828193664551,2.120603084564209,12.16080379486084,qmix,smacv2,protoss_5_vs_5,100,0.05000000074505806
6352000,3175,2026-06-12T12:22:35.012108,4.91249942779541,2.0348026752471924,2.4007537364959717,11.668340682983398,qmix,smacv2,protoss_5_vs_5,100,0.0
6354000,3176,2026-06-12T12:25:16.541245,5.821043014526367,1.7906851768493652,3.420854091644287,12.261306762695312,qmix,smacv2,protoss_5_vs_5,100,0.05000000074505806
6356000,3177,2026-06-12T12:28:00.673117,5.206030368804932,2.6409311294555664,2.378140687942505,14.170854568481445,qmix,smacv2,protoss_5_vs_5,100,0.05000000074505806
6358000,3178,2026-06-12T12:30:44.603325,5.280841827392578,1.6781224012374878,3.082914352416992,9.847990036010742,qmix,smacv2,protoss_5_vs_5,100,0.0
6360000,3179,2026-06-12T12:33:30.492582,5.313253402709961,1.5632020235061646,3.3517584800720215,9.778895378112793,qmix,smacv2,protoss_5_vs_5,100,0.0
6362000,3180,2026-06-12T12:36:16.551858,5.775188446044922,1.3921502828598022,3.104271411895752,9.356783866882324,qmix,smacv2,protoss_5_vs_5,100,0.0
6364000,3181,2026-06-12T12:39:10.227833,4.805653095245361,1.6053531169891357,2.492462158203125,8.228643417358398,qmix,smacv2,protoss_5_vs_5,100,0.0
6366000,3182,2026-06-12T12:41:59.931424,5.944723129272461,1.923012375831604,2.4711055755615234,11.477387428283691,qmix,smacv2,protoss_5_vs_5,100,0.0
6368000,3183,2026-06-12T12:44:48.267041,5.561746120452881,1.2157522439956665,3.79899525642395,7.6105523109436035,qmix,smacv2,protoss_5_vs_5,100,0.0
6370000,3184,2026-06-12T12:47:33.701514,6.253077983856201,2.3043291568756104,4.066583156585693,12.261305809020996,qmix,smacv2,protoss_5_vs_5,100,0.05000000074505806
6372000,3185,2026-06-12T12:50:18.387661,5.02418327331543,1.5222440958023071,3.135678291320801,9.005024909973145,qmix,smacv2,protoss_5_vs_5,100,0.0
6374000,3186,2026-06-12T12:52:59.485559,5.591394901275635,1.7756626605987549,2.9233667850494385,10.150753021240234,qmix,smacv2,protoss_5_vs_5,100,0.05000000074505806
6376000,3187,2026-06-12T12:55:41.976306,5.0826005935668945,1.9323331117630005,1.6281406879425049,8.502511978149414,qmix,smacv2,protoss_5_vs_5,100,0.0
6378000,3188,2026-06-12T12:58:22.447406,5.385930061340332,1.6888946294784546,3.638190746307373,9.463567733764648,qmix,smacv2,protoss_5_vs_5,100,0.0
6380000,3189,2026-06-12T13:01:01.123288,6.631155967712402,2.6810665130615234,3.2688441276550293,12.462310791015625,qmix,smacv2,protoss_5_vs_5,100,0.05000000074505806
6382000,3190,2026-06-12T13:03:36.802063,5.79591703414917,1.832971215248108,2.8429648876190186,9.246231079101562,qmix,smacv2,protoss_5_vs_5,100,0.0
6384000,3191,2026-06-12T13:06:09.497592,5.7828521728515625,1.6418691873550415,3.015075445175171,10.58668327331543,qmix,smacv2,protoss_5_vs_5,100,0.05000000074505806
6386000,3192,2026-06-12T13:08:44.420033,5.567336559295654,1.5231348276138306,3.19472336769104,8.763818740844727,qmix,smacv2,protoss_5_vs_5,100,0.0
6388000,3193,2026-06-12T13:11:22.315498,5.496922492980957,1.8797378540039062,2.6821606159210205,9.849246978759766,qmix,smacv2,protoss_5_vs_5,100,0.0
6390000,3194,2026-06-12T13:14:03.099271,6.0017595291137695,3.0003011226654053,3.8165829181671143,18.190954208374023,qmix,smacv2,protoss_5_vs_5,100,0.05000000074505806
6392000,3195,2026-06-12T13:16:46.790425,5.414258003234863,1.5448094606399536,3.0339198112487793,8.844221115112305,qmix,smacv2,protoss_5_vs_5,100,0.0
6394000,3196,2026-06-12T13:19:28.983272,5.615326881408691,2.061328887939453,2.58919620513916,10.73366928100586,qmix,smacv2,protoss_5_vs_5,100,0.0
6396000,3197,2026-06-12T13:22:12.799824,5.704710960388184,2.1944570541381836,2.693467378616333,9.819095611572266,qmix,smacv2,protoss_5_vs_5,100,0.0
6398000,3198,2026-06-12T13:24:56.623996,5.778769016265869,1.9976500272750854,3.0351760387420654,11.246231079101562,qmix,smacv2,protoss_5_vs_5,100,0.05000000074505806
6400000,3199,2026-06-12T13:27:37.757677,5.215954780578613,1.3183636665344238,3.547738552093506,8.492462158203125,qmix,smacv2,protoss_5_vs_5,100,0.0
6402000,3200,2026-06-12T13:30:16.519675,6.249875068664551,2.2330868244171143,2.944723606109619,12.160804748535156,qmix,smacv2,protoss_5_vs_5,100,0.05000000074505806
6404000,3201,2026-06-12T13:32:55.974747,6.4033918380737305,2.511873483657837,3.297738552093506,14.170854568481445,qmix,smacv2,protoss_5_vs_5,100,0.05000000074505806
6406000,3202,2026-06-12T13:35:35.349471,6.480653285980225,2.1551003456115723,3.3165829181671143,10.638191223144531,qmix,smacv2,protoss_5_vs_5,100,0.0
6408000,3203,2026-06-12T13:38:12.559313,5.624560356140137,1.50040602684021,3.9296486377716064,10.263818740844727,qmix,smacv2,protoss_5_vs_5,100,0.05000000074505806
6410000,3204,2026-06-12T13:40:50.276506,6.03102970123291,2.73068904876709,3.1658289432525635,14.271356582641602,qmix,smacv2,protoss_5_vs_5,100,0.10000000149011612
6412000,3205,2026-06-12T13:43:29.519812,5.212374210357666,1.7253386974334717,2.0502512454986572,9.778894424438477,qmix,smacv2,protoss_5_vs_5,100,0.0
6414000,3206,2026-06-12T13:46:09.883383,6.082977294921875,2.3303730487823486,3.031407117843628,11.005025863647461,qmix,smacv2,protoss_5_vs_5,100,0.05000000074505806
6416000,3207,2026-06-12T13:48:52.073872,5.628266334533691,1.7881207466125488,2.337939739227295,8.449748992919922,qmix,smacv2,protoss_5_vs_5,100,0.0
6418000,3208,2026-06-12T13:51:31.028389,6.035552978515625,2.051375150680542,3.307788848876953,12.160802841186523,qmix,smacv2,protoss_5_vs_5,100,0.10000000149011612
6420000,3209,2026-06-12T13:54:10.547684,6.110489845275879,1.8393304347991943,3.458542585372925,10.521356582641602,qmix,smacv2,protoss_5_vs_5,100,0.0
6422000,3210,2026-06-12T13:56:50.156362,5.8283915519714355,1.97907555103302,3.5213565826416016,12.160804748535156,qmix,smacv2,protoss_5_vs_5,100,0.05000000074505806
6424000,3211,2026-06-12T13:59:32.488131,6.187939643859863,1.9902002811431885,2.4321608543395996,10.095477104187012,qmix,smacv2,protoss_5_vs_5,100,0.0
6426000,3212,2026-06-12T14:02:10.665600,6.027889251708984,1.6608753204345703,3.031407117843628,9.054019927978516,qmix,smacv2,protoss_5_vs_5,100,0.0
6428000,3213,2026-06-12T14:04:48.422954,6.557600498199463,1.6710156202316284,4.007537841796875,10.251256942749023,qmix,smacv2,protoss_5_vs_5,100,0.05000000074505806
6430000,3214,2026-06-12T14:07:26.181148,5.670729160308838,1.9210788011550903,3.7688441276550293,12.4698486328125,qmix,smacv2,protoss_5_vs_5,100,0.05000000074505806
6432000,3215,2026-06-12T14:10:06.328564,5.965389728546143,2.585676908493042,2.57412052154541,12.261305809020996,qmix,smacv2,protoss_5_vs_5,100,0.10000000149011612
6434000,3216,2026-06-12T14:12:44.516785,4.954585075378418,1.9515786170959473,1.733668327331543,9.909547805786133,qmix,smacv2,protoss_5_vs_5,100,0.0
6436000,3217,2026-06-12T14:15:23.670291,5.143655300140381,1.497793197631836,2.9949748516082764,8.542713165283203,qmix,smacv2,protoss_5_vs_5,100,0.0
6438000,3218,2026-06-12T14:18:04.604264,5.697236061096191,1.3649805784225464,3.226130723953247,8.39824104309082,qmix,smacv2,protoss_5_vs_5,100,0.0
6440000,3219,2026-06-12T14:20:45.759491,6.497927188873291,2.209019422531128,3.5515074729919434,12.261306762695312,qmix,smacv2,protoss_5_vs_5,100,0.05000000074505806
6442000,3220,2026-06-12T14:23:26.259776,5.504397392272949,1.64692223072052,2.934673309326172,9.075376510620117,qmix,smacv2,protoss_5_vs_5,100,0.0
6444000,3221,2026-06-12T14:26:08.038650,5.383291244506836,1.899370789527893,2.82412052154541,11.768843650817871,qmix,smacv2,protoss_5_vs_5,100,0.0
6446000,3222,2026-06-12T14:28:48.467521,5.173932075500488,1.7823717594146729,1.4711054563522339,9.015074729919434,qmix,smacv2,protoss_5_vs_5,100,0.0
6448000,3223,2026-06-12T14:31:26.102781,5.088630676269531,1.6734553575515747,2.773869037628174,10.44221019744873,qmix,smacv2,protoss_5_vs_5,100,0.0
6450000,3224,2026-06-12T14:34:03.148428,5.423806667327881,1.3989442586898804,3.3341708183288574,8.643216133117676,qmix,smacv2,protoss_5_vs_5,100,0.0
6452000,3225,2026-06-12T14:36:43.384994,6.862500190734863,2.387838363647461,3.2801506519317627,12.26130485534668,qmix,smacv2,protoss_5_vs_5,100,0.10000000149011612
6454000,3226,2026-06-12T14:39:22.882935,6.322361946105957,2.885296106338501,3.0527639389038086,16.201005935668945,qmix,smacv2,protoss_5_vs_5,100,0.05000000074505806
6456000,3227,2026-06-12T14:42:06.284689,6.539384365081787,1.9290269613265991,3.047738790512085,9.717336654663086,qmix,smacv2,protoss_5_vs_5,100,0.0
6458000,3228,2026-06-12T14:44:44.165734,5.217776298522949,1.3005644083023071,2.943467378616333,9.035175323486328,qmix,smacv2,protoss_5_vs_5,100,0.0
6460000,3229,2026-06-12T14:47:23.020913,5.4615583419799805,1.8227638006210327,3.7701003551483154,11.869346618652344,qmix,smacv2,protoss_5_vs_5,100,0.0
6462000,3230,2026-06-12T14:50:02.093584,5.977387428283691,2.4371488094329834,3.0515074729919434,14.371859550476074,qmix,smacv2,protoss_5_vs_5,100,0.10000000149011612
6464000,3231,2026-06-12T14:52:43.224254,6.012751579284668,2.4243509769439697,2.5012564659118652,12.090452194213867,qmix,smacv2,protoss_5_vs_5,100,0.05000000074505806
6466000,3232,2026-06-12T14:55:24.875356,5.893718719482422,1.7801873683929443,2.3580400943756104,9.532662391662598,qmix,smacv2,protoss_5_vs_5,100,0.0
6468000,3233,2026-06-12T14:58:09.331145,5.3206658363342285,1.36089026927948,3.467336654663086,8.92587947845459,qmix,smacv2,protoss_5_vs_5,100,0.0
6470000,3234,2026-06-12T15:00:47.541433,5.762060642242432,1.8582197427749634,2.9711055755615234,12.361808776855469,qmix,smacv2,protoss_5_vs_5,100,0.05000000074505806
6472000,3235,2026-06-12T15:03:25.301215,5.590263366699219,1.3690658807754517,3.555276393890381,9.216079711914062,qmix,smacv2,protoss_5_vs_5,100,0.0
6474000,3236,2026-06-12T15:06:01.645318,5.591206073760986,1.5705245733261108,3.4698493480682373,8.994975090026855,qmix,smacv2,protoss_5_vs_5,100,0.0
6476000,3237,2026-06-12T15:08:39.512425,5.579208850860596,1.579768419265747,2.66959810256958,8.492463111877441,qmix,smacv2,protoss_5_vs_5,100,0.0
6478000,3238,2026-06-12T15:11:18.202350,6.423994541168213,1.5652790069580078,3.9396986961364746,10.552762985229492,qmix,smacv2,protoss_5_vs_5,100,0.05000000074505806
6480000,3239,2026-06-12T15:13:56.438217,5.701947212219238,2.2331533432006836,2.538944721221924,12.361808776855469,qmix,smacv2,protoss_5_vs_5,100,0.05000000074505806
6482000,3240,2026-06-12T15:16:35.285743,6.182286262512207,2.5731027126312256,2.9459800720214844,12.33668327331543,qmix,smacv2,protoss_5_vs_5,100,0.15000000596046448
6484000,3241,2026-06-12T15:19:15.253562,5.054710865020752,1.156219244003296,2.984924793243408,8.140703201293945,qmix,smacv2,protoss_5_vs_5,100,0.0
6486000,3242,2026-06-12T15:21:57.856569,6.021420001983643,2.0197882652282715,3.3655776977539062,12.130653381347656,qmix,smacv2,protoss_5_vs_5,100,0.0
6488000,3243,2026-06-12T15:24:38.783552,4.988128662109375,0.9277665019035339,2.920854091644287,7.336683750152588,qmix,smacv2,protoss_5_vs_5,100,0.0
6490000,3244,2026-06-12T15:27:20.726315,5.76790189743042,1.5756089687347412,3.8103015422821045,9.587940216064453,qmix,smacv2,protoss_5_vs_5,100,0.0
6492000,3245,2026-06-12T15:29:58.247587,5.828517436981201,1.3015111684799194,4.08040189743042,9.195980072021484,qmix,smacv2,protoss_5_vs_5,100,0.0
6494000,3246,2026-06-12T15:32:37.122611,6.245288848876953,1.9326666593551636,3.7160801887512207,12.402010917663574,qmix,smacv2,protoss_5_vs_5,100,0.05000000074505806
6496000,3247,2026-06-12T15:35:16.418005,6.064635753631592,2.023688554763794,2.846733808517456,10.452260971069336,qmix,smacv2,protoss_5_vs_5,100,0.05000000074505806
6498000,3248,2026-06-12T15:37:54.437522,6.071168422698975,2.227907180786133,3.7776381969451904,14.345477104187012,qmix,smacv2,protoss_5_vs_5,100,0.05000000074505806
6500000,3249,2026-06-12T15:40:34.273312,5.6160807609558105,1.8366047143936157,2.251256227493286,10.31155776977539,qmix,smacv2,protoss_5_vs_5,100,0.0
6502000,3250,2026-06-12T15:43:15.016426,6.004145622253418,2.0822837352752686,3.135678291320801,11.103014945983887,qmix,smacv2,protoss_5_vs_5,100,0.0
6504000,3251,2026-06-12T15:45:54.255753,5.569598197937012,1.5163549184799194,3.3052761554718018,8.67336654663086,qmix,smacv2,protoss_5_vs_5,100,0.0
6506000,3252,2026-06-12T15:48:35.358025,6.283228397369385,1.9212981462478638,3.306533098220825,10.511306762695312,qmix,smacv2,protoss_5_vs_5,100,0.0
6508000,3253,2026-06-12T15:51:15.023443,6.190766334533691,1.9505366086959839,3.2123115062713623,10.050251960754395,qmix,smacv2,protoss_5_vs_5,100,0.05000000074505806
6510000,3254,2026-06-12T15:53:56.049932,5.679208755493164,1.885050892829895,1.2361809015274048,8.888191223144531,qmix,smacv2,protoss_5_vs_5,100,0.0
6512000,3255,2026-06-12T15:56:34.386853,5.6824750900268555,1.509361743927002,2.847990036010742,8.221105575561523,qmix,smacv2,protoss_5_vs_5,100,0.0
6514000,3256,2026-06-12T15:59:13.463518,5.4511308670043945,1.4458541870117188,2.805276393890381,8.140703201293945,qmix,smacv2,protoss_5_vs_5,100,0.0
6516000,3257,2026-06-12T16:01:52.777400,5.141394138336182,2.182619333267212,2.170854091644287,10.140703201293945,qmix,smacv2,protoss_5_vs_5,100,0.0
6518000,3258,2026-06-12T16:04:29.975608,5.5794596672058105,1.901197910308838,2.0866832733154297,8.773869514465332,qmix,smacv2,protoss_5_vs_5,100,0.0
6520000,3259,2026-06-12T16:07:07.827893,5.991771221160889,2.283681631088257,3.3655781745910645,12.361809730529785,qmix,smacv2,protoss_5_vs_5,100,0.05000000074505806
6522000,3260,2026-06-12T16:09:43.282072,5.040012359619141,1.5571033954620361,2.0502514839172363,9.119345664978027,qmix,smacv2,protoss_5_vs_5,100,0.0
6524000,3261,2026-06-12T16:12:22.754106,5.432286262512207,1.693105697631836,2.332914352416992,8.54522705078125,qmix,smacv2,protoss_5_vs_5,100,0.0
6526000,3262,2026-06-12T16:15:04.345723,5.479333877563477,2.794991970062256,2.773869276046753,12.462310791015625,qmix,smacv2,protoss_5_vs_5,100,0.10000000149011612
6528000,3263,2026-06-12T16:17:46.289164,5.85690975189209,1.5284117460250854,2.540201187133789,8.141959190368652,qmix,smacv2,protoss_5_vs_5,100,0.0
6530000,3264,2026-06-12T16:20:27.733917,5.533417701721191,1.3120187520980835,3.015075206756592,7.856783866882324,qmix,smacv2,protoss_5_vs_5,100,0.0
6532000,3265,2026-06-12T16:23:08.696935,5.6137566566467285,2.011955976486206,2.918341636657715,10.462311744689941,qmix,smacv2,protoss_5_vs_5,100,0.0
6534000,3266,2026-06-12T16:25:49.122689,5.45408296585083,1.3077200651168823,3.322864055633545,8.020100593566895,qmix,smacv2,protoss_5_vs_5,100,0.0
6536000,3267,2026-06-12T16:28:27.747415,5.346545219421387,2.504183769226074,2.701004981994629,14.271357536315918,qmix,smacv2,protoss_5_vs_5,100,0.05000000074505806
6538000,3268,2026-06-12T16:31:05.469958,5.127387046813965,1.4849199056625366,2.8241207599639893,9.26633071899414,qmix,smacv2,protoss_5_vs_5,100,0.0
6540000,3269,2026-06-12T16:33:44.142153,2.8037688732147217,0.9419063925743103,1.4874372482299805,5.0201005935668945,qmix,smacv2,protoss_5_vs_5,100,0.0
6542000,3270,2026-06-12T16:36:24.134823,3.508040189743042,1.266833782196045,1.2726130485534668,6.5125627517700195,qmix,smacv2,protoss_5_vs_5,100,0.0
6544000,3271,2026-06-12T16:39:03.452569,5.674183368682861,2.0773282051086426,2.983668565750122,10.153265953063965,qmix,smacv2,protoss_5_vs_5,100,0.0
6546000,3272,2026-06-12T16:41:41.739936,4.899245262145996,1.7023231983184814,1.6080402135849,8.090452194213867,qmix,smacv2,protoss_5_vs_5,100,0.0
6548000,3273,2026-06-12T16:44:20.950350,5.939321041107178,2.693725109100342,3.1871862411499023,15.510049819946289,qmix,smacv2,protoss_5_vs_5,100,0.0
6550000,3274,2026-06-12T16:47:01.263827,5.950565814971924,1.7080599069595337,2.7638189792633057,9.32663345336914,qmix,smacv2,protoss_5_vs_5,100,0.0
6552000,3275,2026-06-12T16:49:41.591124,5.9122490882873535,3.0937840938568115,1.9095475673675537,12.462311744689941,qmix,smacv2,protoss_5_vs_5,100,0.15000000596046448
6554000,3276,2026-06-12T16:52:18.712332,5.241456985473633,1.946330189704895,2.935929536819458,12.160804748535156,qmix,smacv2,protoss_5_vs_5,100,0.05000000074505806
6556000,3277,2026-06-12T16:55:00.592502,5.303391456604004,1.3506228923797607,2.8605527877807617,7.366833686828613,qmix,smacv2,protoss_5_vs_5,100,0.0
6558000,3278,2026-06-12T16:57:41.173204,5.090452671051025,1.2679682970046997,3.1595473289489746,8.466079711914062,qmix,smacv2,protoss_5_vs_5,100,0.0
6560000,3279,2026-06-12T17:00:21.015980,5.700188159942627,1.5927544832229614,2.501256227493286,9.085427284240723,qmix,smacv2,protoss_5_vs_5,100,0.0
6562000,3280,2026-06-12T17:02:58.245091,5.1209797859191895,1.4095351696014404,2.547738552093506,8.572864532470703,qmix,smacv2,protoss_5_vs_5,100,0.0
6564000,3281,2026-06-12T17:05:35.802688,5.94415807723999,2.034567356109619,3.4572863578796387,12.261306762695312,qmix,smacv2,protoss_5_vs_5,100,0.05000000074505806
6566000,3282,2026-06-12T17:08:14.976333,5.617650985717773,2.313727378845215,2.5527637004852295,12.361809730529785,qmix,smacv2,protoss_5_vs_5,100,0.05000000074505806
6568000,3283,2026-06-12T17:10:56.135216,5.274434566497803,1.643646478652954,1.4246231317520142,8.130653381347656,qmix,smacv2,protoss_5_vs_5,100,0.0
6570000,3284,2026-06-12T17:13:36.113641,6.157788276672363,2.0459160804748535,2.723618268966675,11.29648208618164,qmix,smacv2,protoss_5_vs_5,100,0.05000000074505806
6572000,3285,2026-06-12T17:16:14.656233,5.328957557678223,1.662489652633667,1.9396984577178955,8.17587947845459,qmix,smacv2,protoss_5_vs_5,100,0.0
6574000,3286,2026-06-12T17:18:59.412222,5.501633644104004,2.1738195419311523,1.4974874258041382,12.261306762695312,qmix,smacv2,protoss_5_vs_5,100,0.05000000074505806
6576000,3287,2026-06-12T17:21:40.006280,5.284987449645996,1.5357493162155151,3.3015072345733643,8.391960144042969,qmix,smacv2,protoss_5_vs_5,100,0.0
6578000,3288,2026-06-12T17:24:18.472860,4.965703010559082,1.204848051071167,3.1193466186523438,8.134422302246094,qmix,smacv2,protoss_5_vs_5,100,0.0
6580000,3289,2026-06-12T17:26:56.854954,5.954648494720459,1.879023551940918,4.031407356262207,11.055274963378906,qmix,smacv2,protoss_5_vs_5,100,0.0
6582000,3290,2026-06-12T17:29:35.955241,5.930402755737305,2.2006781101226807,2.8844220638275146,11.770101547241211,qmix,smacv2,protoss_5_vs_5,100,0.0
6584000,3291,2026-06-12T17:32:14.753530,5.906218528747559,1.063049554824829,4.271356582641602,8.129396438598633,qmix,smacv2,protoss_5_vs_5,100,0.0
6586000,3292,2026-06-12T17:34:51.405702,6.168530464172363,2.204829692840576,3.4258792400360107,12.361809730529785,qmix,smacv2,protoss_5_vs_5,100,0.05000000074505806
6588000,3293,2026-06-12T17:37:31.103946,5.370916843414307,1.61769437789917,2.69472336769104,8.482412338256836,qmix,smacv2,protoss_5_vs_5,100,0.0
6590000,3294,2026-06-12T17:40:11.034622,6.169284343719482,2.0083067417144775,3.788944721221924,10.371858596801758,qmix,smacv2,protoss_5_vs_5,100,0.0
6592000,3295,2026-06-12T17:42:49.822963,6.209108352661133,1.876061201095581,3.9296481609344482,11.939698219299316,qmix,smacv2,protoss_5_vs_5,100,0.0
6594000,3296,2026-06-12T17:45:29.743035,5.631470203399658,2.0433356761932373,3.1268844604492188,12.020100593566895,qmix,smacv2,protoss_5_vs_5,100,0.0
6596000,3297,2026-06-12T17:48:32.932815,5.948681354522705,1.710303783416748,3.055276393890381,10.552763938903809,qmix,smacv2,protoss_5_vs_5,100,0.0
6598000,3298,2026-06-12T17:51:07.761575,5.083291053771973,1.3574813604354858,2.6331658363342285,8.378141403198242,qmix,smacv2,protoss_5_vs_5,100,0.0
6600000,3299,2026-06-12T17:53:46.609015,5.392587661743164,1.6317564249038696,2.9648239612579346,8.47236156463623,qmix,smacv2,protoss_5_vs_5,100,0.0
6602000,3300,2026-06-12T17:56:26.258712,5.812500476837158,1.8676462173461914,2.2211055755615234,10.057788848876953,qmix,smacv2,protoss_5_vs_5,100,0.0
6604000,3301,2026-06-12T17:59:05.217388,5.4391326904296875,1.9503628015518188,1.5577890872955322,10.251255989074707,qmix,smacv2,protoss_5_vs_5,100,0.05000000074505806
6606000,3302,2026-06-12T18:01:44.849501,5.708982944488525,1.9697891473770142,2.732412338256836,11.316582679748535,qmix,smacv2,protoss_5_vs_5,100,0.0
6608000,3303,2026-06-12T18:04:25.682445,6.002387046813965,2.6816322803497314,3.266331434249878,14.271356582641602,qmix,smacv2,protoss_5_vs_5,100,0.05000000074505806
6610000,3304,2026-06-12T18:07:02.948946,5.53963565826416,2.06323504447937,2.582914352416992,12.160804748535156,qmix,smacv2,protoss_5_vs_5,100,0.05000000074505806
6612000,3305,2026-06-12T18:09:42.129892,5.9835429191589355,1.9662237167358398,3.4145729541778564,9.396985054016113,qmix,smacv2,protoss_5_vs_5,100,0.0
6614000,3306,2026-06-12T18:12:19.989407,5.974308967590332,2.107496738433838,1.976130723953247,10.261306762695312,qmix,smacv2,protoss_5_vs_5,100,0.05000000074505806
6616000,3307,2026-06-12T18:15:00.437675,5.3164567947387695,1.3128174543380737,3.11432147026062,8.060300827026367,qmix,smacv2,protoss_5_vs_5,100,0.0
6618000,3308,2026-06-12T18:17:38.866965,5.694095611572266,1.8380199670791626,3.3140709400177,9.211055755615234,qmix,smacv2,protoss_5_vs_5,100,0.0
6620000,3309,2026-06-12T18:20:16.944718,7.0436553955078125,2.5198426246643066,2.974874258041382,14.271356582641602,qmix,smacv2,protoss_5_vs_5,100,0.05000000074505806
6622000,3310,2026-06-12T18:22:56.316177,5.388065338134766,2.498853921890259,2.2047739028930664,12.361809730529785,qmix,smacv2,protoss_5_vs_5,100,0.05000000074505806
6624000,3311,2026-06-12T18:25:34.908661,5.734233379364014,1.5401577949523926,2.5037689208984375,9.155778884887695,qmix,smacv2,protoss_5_vs_5,100,0.0
6626000,3312,2026-06-12T18:28:13.929100,6.647299289703369,2.6051762104034424,3.006281614303589,12.160804748535156,qmix,smacv2,protoss_5_vs_5,100,0.15000000596046448
6628000,3313,2026-06-12T18:30:52.040245,6.082663536071777,1.7971491813659668,3.476130723953247,12.16080379486084,qmix,smacv2,protoss_5_vs_5,100,0.05000000074505806
6630000,3314,2026-06-12T18:33:32.200373,5.7711687088012695,2.2623891830444336,2.356783866882324,10.150754928588867,qmix,smacv2,protoss_5_vs_5,100,0.05000000074505806
6632000,3315,2026-06-12T18:36:12.914441,4.90301513671875,2.116438388824463,2.211055278778076,10.402009010314941,qmix,smacv2,protoss_5_vs_5,100,0.0
6634000,3316,2026-06-12T18:38:51.896048,5.241206169128418,1.4555394649505615,3.097990036010742,7.758793830871582,qmix,smacv2,protoss_5_vs_5,100,0.0
6636000,3317,2026-06-12T18:41:32.087387,5.762876510620117,1.6095937490463257,3.071608066558838,9.346734046936035,qmix,smacv2,protoss_5_vs_5,100,0.0
6638000,3318,2026-06-12T18:44:13.368928,6.6158928871154785,2.8260421752929688,2.6319096088409424,16.08040428161621,qmix,smacv2,protoss_5_vs_5,100,0.05000000074505806
6640000,3319,2026-06-12T18:46:56.834805,5.4550251960754395,1.1991474628448486,2.6193466186523438,7.306532859802246,qmix,smacv2,protoss_5_vs_5,100,0.0
6642000,3320,2026-06-12T18:49:37.421491,5.967085838317871,1.83268141746521,3.2060303688049316,10.432161331176758,qmix,smacv2,protoss_5_vs_5,100,0.0
6644000,3321,2026-06-12T18:52:16.739707,5.816834449768066,2.611553430557251,2.814070224761963,14.371858596801758,qmix,smacv2,protoss_5_vs_5,100,0.05000000074505806
6646000,3322,2026-06-12T18:54:54.746927,4.73574161529541,2.0830750465393066,2.1909546852111816,10.321608543395996,qmix,smacv2,protoss_5_vs_5,100,0.0
6648000,3323,2026-06-12T18:57:34.504606,5.14095401763916,1.6762778759002686,2.742462158203125,8.630653381347656,qmix,smacv2,protoss_5_vs_5,100,0.0
6650000,3324,2026-06-12T19:00:14.371440,5.517399311065674,2.0233755111694336,2.4723615646362305,10.251256942749023,qmix,smacv2,protoss_5_vs_5,100,0.05000000074505806
6652000,3325,2026-06-12T19:02:54.389138,5.736871719360352,1.6939077377319336,2.663316488265991,10.452260971069336,qmix,smacv2,protoss_5_vs_5,100,0.05000000074505806
6654000,3326,2026-06-12T19:05:32.588530,5.049623012542725,1.6376407146453857,2.724874496459961,8.944723129272461,qmix,smacv2,protoss_5_vs_5,100,0.0
6656000,3327,2026-06-12T19:08:12.844003,5.5997490882873535,1.783888816833496,2.5427134037017822,8.447236061096191,qmix,smacv2,protoss_5_vs_5,100,0.0
6658000,3328,2026-06-12T19:10:49.516939,5.578517913818359,1.9638131856918335,2.321608066558838,10.613065719604492,qmix,smacv2,protoss_5_vs_5,100,0.0
6660000,3329,2026-06-12T19:13:29.964285,4.779397010803223,1.7616256475448608,1.3831658363342285,8.35175895690918,qmix,smacv2,protoss_5_vs_5,100,0.0
6662000,3330,2026-06-12T19:16:10.551464,5.060678005218506,1.7090802192687988,1.3731155395507812,8.331658363342285,qmix,smacv2,protoss_5_vs_5,100,0.0
6664000,3331,2026-06-12T19:18:51.539030,6.005213737487793,1.4316908121109009,3.5854270458221436,9.39572811126709,qmix,smacv2,protoss_5_vs_5,100,0.0
6666000,3332,2026-06-12T19:21:31.242172,5.229836940765381,2.1395955085754395,2.2223620414733887,10.918341636657715,qmix,smacv2,protoss_5_vs_5,100,0.0
6668000,3333,2026-06-12T19:24:08.506890,5.689259052276611,2.522172689437866,2.677135944366455,14.271356582641602,qmix,smacv2,protoss_5_vs_5,100,0.05000000074505806
6670000,3334,2026-06-12T19:26:47.807809,5.42952299118042,1.0968799591064453,3.9635682106018066,8.412060737609863,qmix,smacv2,protoss_5_vs_5,100,0.0
6672000,3335,2026-06-12T19:29:26.800410,5.462437629699707,1.6329045295715332,3.3668341636657715,8.412059783935547,qmix,smacv2,protoss_5_vs_5,100,0.0
6674000,3336,2026-06-12T19:32:06.252253,5.6785807609558105,2.553715467453003,2.467336654663086,14.070352554321289,qmix,smacv2,protoss_5_vs_5,100,0.05000000074505806
6676000,3337,2026-06-12T19:34:48.059953,6.131721496582031,2.155233860015869,3.386934757232666,12.160804748535156,qmix,smacv2,protoss_5_vs_5,100,0.05000000074505806
6678000,3338,2026-06-12T19:37:27.730675,5.377324104309082,1.6963269710540771,3.4472358226776123,10.492462158203125,qmix,smacv2,protoss_5_vs_5,100,0.0
6680000,3339,2026-06-12T19:40:11.212689,5.5006279945373535,1.129528522491455,3.3165831565856934,8.701005935668945,qmix,smacv2,protoss_5_vs_5,100,0.0
6682000,3340,2026-06-12T19:42:49.982120,5.5499372482299805,1.741212010383606,2.693467140197754,8.804019927978516,qmix,smacv2,protoss_5_vs_5,100,0.0
6684000,3341,2026-06-12T19:45:30.020289,5.792524814605713,2.2165842056274414,2.3341708183288574,10.971104621887207,qmix,smacv2,protoss_5_vs_5,100,0.0
6686000,3342,2026-06-12T19:48:11.963375,6.037249565124512,1.2628446817398071,3.9798996448516846,8.690954208374023,qmix,smacv2,protoss_5_vs_5,100,0.0
6688000,3343,2026-06-12T19:50:49.750243,5.284862041473389,1.96970534324646,2.885678291320801,11.266332626342773,qmix,smacv2,protoss_5_vs_5,100,0.0
6690000,3344,2026-06-12T19:53:26.985168,5.1676506996154785,1.64524507522583,2.910804033279419,8.361808776855469,qmix,smacv2,protoss_5_vs_5,100,0.0
6692000,3345,2026-06-12T19:56:07.350289,6.281908988952637,1.9553399085998535,3.015075445175171,11.226130485534668,qmix,smacv2,protoss_5_vs_5,100,0.0
6694000,3346,2026-06-12T19:58:46.679405,5.713253498077393,1.922694444656372,3.097989797592163,10.708542823791504,qmix,smacv2,protoss_5_vs_5,100,0.0
6696000,3347,2026-06-12T20:01:28.784642,6.510930061340332,2.2662980556488037,3.425879716873169,12.462310791015625,qmix,smacv2,protoss_5_vs_5,100,0.10000000149011612
6698000,3348,2026-06-12T20:04:08.225031,5.770100116729736,2.1270363330841064,2.9572865962982178,10.76381778717041,qmix,smacv2,protoss_5_vs_5,100,0.0
6700000,3349,2026-06-12T20:06:47.725512,5.124246120452881,1.494442343711853,2.6733667850494385,8.060300827026367,qmix,smacv2,protoss_5_vs_5,100,0.0
6702000,3350,2026-06-12T20:09:30.804834,6.002323627471924,2.05061411857605,2.839195966720581,9.526382446289062,qmix,smacv2,protoss_5_vs_5,100,0.0
6704000,3351,2026-06-12T20:12:10.388006,5.474999904632568,1.548767328262329,2.837939500808716,8.94095516204834,qmix,smacv2,protoss_5_vs_5,100,0.0
6706000,3352,2026-06-12T20:14:49.440442,5.9270100593566895,1.615661859512329,2.7688443660736084,9.286432266235352,qmix,smacv2,protoss_5_vs_5,100,0.0
6708000,3353,2026-06-12T20:17:28.959725,5.316833972930908,1.8681080341339111,2.2613067626953125,9.608039855957031,qmix,smacv2,protoss_5_vs_5,100,0.0
6710000,3354,2026-06-12T20:20:07.774149,6.3344221115112305,1.983522891998291,3.2211050987243652,12.462312698364258,qmix,smacv2,protoss_5_vs_5,100,0.05000000074505806
6712000,3355,2026-06-12T20:22:46.126171,5.579836368560791,2.230943441390991,1.293969750404358,11.48743724822998,qmix,smacv2,protoss_5_vs_5,100,0.0
6714000,3356,2026-06-12T20:25:25.650358,5.535553455352783,2.1120007038116455,2.4321608543395996,10.251256942749023,qmix,smacv2,protoss_5_vs_5,100,0.05000000074505806
6716000,3357,2026-06-12T20:28:04.511678,5.818278789520264,2.5711710453033447,1.5125627517700195,12.160802841186523,qmix,smacv2,protoss_5_vs_5,100,0.10000000149011612
6718000,3358,2026-06-12T20:30:41.228082,5.544157981872559,2.429145574569702,2.331658124923706,10.552763938903809,qmix,smacv2,protoss_5_vs_5,100,0.10000000149011612
6720000,3359,2026-06-12T20:33:21.077382,6.1173996925354,3.092264175415039,3.055276393890381,16.321609497070312,qmix,smacv2,protoss_5_vs_5,100,0.10000000149011612
6722000,3360,2026-06-12T20:36:00.274208,5.387123107910156,1.8246057033538818,2.9145724773406982,10.251255989074707,qmix,smacv2,protoss_5_vs_5,100,0.05000000074505806
6724000,3361,2026-06-12T20:38:37.760789,5.4974870681762695,1.5759130716323853,2.8341710567474365,8.439699172973633,qmix,smacv2,protoss_5_vs_5,100,0.0
6726000,3362,2026-06-12T20:41:17.006066,5.632915019989014,2.4291446208953857,2.1306533813476562,12.160805702209473,qmix,smacv2,protoss_5_vs_5,100,0.05000000074505806
6728000,3363,2026-06-12T20:43:57.413322,5.5488691329956055,1.7262916564941406,3.2160804271698,10.312813758850098,qmix,smacv2,protoss_5_vs_5,100,0.0
6730000,3364,2026-06-12T20:46:36.367779,5.633102893829346,1.8990273475646973,2.7562813758850098,9.20351791381836,qmix,smacv2,protoss_5_vs_5,100,0.0
6732000,3365,2026-06-12T20:49:16.028145,5.404836177825928,1.787907361984253,3.174623489379883,9.899497032165527,qmix,smacv2,protoss_5_vs_5,100,0.0
6734000,3366,2026-06-12T20:51:56.379677,6.226004600524902,2.726508378982544,3.0050249099731445,14.174623489379883,qmix,smacv2,protoss_5_vs_5,100,0.10000000149011612
6736000,3367,2026-06-12T20:54:39.489935,6.096671104431152,2.3120181560516357,2.427135944366455,12.361809730529785,qmix,smacv2,protoss_5_vs_5,100,0.05000000074505806
6738000,3368,2026-06-12T20:57:19.739526,6.041206359863281,2.556062936782837,3.1582913398742676,12.361808776855469,qmix,smacv2,protoss_5_vs_5,100,0.10000000149011612
6740000,3369,2026-06-12T20:59:59.220458,6.079020023345947,1.3129690885543823,3.1922109127044678,8.261307716369629,qmix,smacv2,protoss_5_vs_5,100,0.0
6742000,3370,2026-06-12T21:02:38.218573,5.190012454986572,1.147582769393921,3.6984925270080566,7.638191223144531,qmix,smacv2,protoss_5_vs_5,100,0.0
6744000,3371,2026-06-12T21:05:19.193955,6.183291435241699,2.8021090030670166,2.5515074729919434,16.413314819335938,qmix,smacv2,protoss_5_vs_5,100,0.05000000074505806
6746000,3372,2026-06-12T21:08:00.337242,6.224246025085449,2.5170185565948486,3.4648241996765137,14.170854568481445,qmix,smacv2,protoss_5_vs_5,100,0.05000000074505806
6748000,3373,2026-06-12T21:10:40.269735,5.474560260772705,2.278632640838623,2.0866832733154297,10.694723129272461,qmix,smacv2,protoss_5_vs_5,100,0.05000000074505806
6750000,3374,2026-06-12T21:13:20.979456,5.624497413635254,1.8400094509124756,3.025125503540039,8.894472122192383,qmix,smacv2,protoss_5_vs_5,100,0.0
6752000,3375,2026-06-12T21:15:58.818825,5.5823493003845215,1.3945099115371704,3.484924793243408,9.11557674407959,qmix,smacv2,protoss_5_vs_5,100,0.0
6754000,3376,2026-06-12T21:18:36.569954,5.9508161544799805,2.3725879192352295,1.9886935949325562,10.329146385192871,qmix,smacv2,protoss_5_vs_5,100,0.05000000074505806
6756000,3377,2026-06-12T21:21:14.202145,5.366206169128418,0.9353647232055664,4.180904388427734,7.889447212219238,qmix,smacv2,protoss_5_vs_5,100,0.0
6758000,3378,2026-06-12T21:23:51.985359,5.767085075378418,1.3011161088943481,4.0929646492004395,9.050251007080078,qmix,smacv2,protoss_5_vs_5,100,0.0
6760000,3379,2026-06-12T21:26:33.654197,5.667399883270264,1.322569727897644,2.9547739028930664,8.090452194213867,qmix,smacv2,protoss_5_vs_5,100,0.0
6762000,3380,2026-06-12T21:29:12.235451,6.026005744934082,2.5086464881896973,2.9484922885894775,14.371859550476074,qmix,smacv2,protoss_5_vs_5,100,0.05000000074505806
6764000,3381,2026-06-12T21:31:50.970983,6.881847381591797,2.2521378993988037,4.130653381347656,12.462311744689941,qmix,smacv2,protoss_5_vs_5,100,0.10000000149011612
6766000,3382,2026-06-12T21:34:32.635477,5.726883888244629,2.085205554962158,2.781406879425049,11.698492050170898,qmix,smacv2,protoss_5_vs_5,100,0.0
6768000,3383,2026-06-12T21:37:12.086475,5.536243438720703,3.077888011932373,2.4899497032165527,16.080402374267578,qmix,smacv2,protoss_5_vs_5,100,0.05000000074505806
6770000,3384,2026-06-12T21:39:52.086464,5.384108066558838,2.166827917098999,2.340452194213867,11.221105575561523,qmix,smacv2,protoss_5_vs_5,100,0.0
6772000,3385,2026-06-12T21:42:32.000719,6.011683464050293,1.645622968673706,3.7688441276550293,10.909546852111816,qmix,smacv2,protoss_5_vs_5,100,0.0
6774000,3386,2026-06-12T21:45:11.590817,6.540703773498535,2.697105646133423,3.2550251483917236,12.160804748535156,qmix,smacv2,protoss_5_vs_5,100,0.10000000149011612
6776000,3387,2026-06-12T21:47:54.181022,5.801695823669434,1.4378918409347534,3.305276393890381,9.115577697753906,qmix,smacv2,protoss_5_vs_5,100,0.0
6778000,3388,2026-06-12T21:50:31.463732,5.514761447906494,1.4010568857192993,3.3341708183288574,8.309045791625977,qmix,smacv2,protoss_5_vs_5,100,0.0
6780000,3389,2026-06-12T21:53:11.671088,6.085803985595703,2.2250218391418457,3.5778892040252686,14.190954208374023,qmix,smacv2,protoss_5_vs_5,100,0.05000000074505806
6782000,3390,2026-06-12T21:55:49.350888,5.88775110244751,1.1689735651016235,4.381909370422363,9.065326690673828,qmix,smacv2,protoss_5_vs_5,100,0.0
6784000,3391,2026-06-12T21:58:32.486822,5.3518218994140625,1.613163709640503,2.1507537364959717,8.643216133117676,qmix,smacv2,protoss_5_vs_5,100,0.0
6786000,3392,2026-06-12T22:01:12.060158,5.6699748039245605,1.1010117530822754,3.9396984577178955,8.221105575561523,qmix,smacv2,protoss_5_vs_5,100,0.0
6788000,3393,2026-06-12T22:03:53.356097,5.631030082702637,2.0323503017425537,3.3517584800720215,11.84924602508545,qmix,smacv2,protoss_5_vs_5,100,0.0
6790000,3394,2026-06-12T22:06:33.665583,5.5921478271484375,2.238752603530884,1.7487437725067139,9.36557674407959,qmix,smacv2,protoss_5_vs_5,100,0.0
6792000,3395,2026-06-12T22:09:13.337604,6.340641021728516,2.5695314407348633,3.1256282329559326,12.260049819946289,qmix,smacv2,protoss_5_vs_5,100,0.10000000149011612
6794000,3396,2026-06-12T22:11:53.247245,5.803077697753906,2.5049052238464355,2.7035176753997803,14.170854568481445,qmix,smacv2,protoss_5_vs_5,100,0.05000000074505806
6796000,3397,2026-06-12T22:14:29.717876,5.616206169128418,1.9868310689926147,3.396984815597534,11.32663345336914,qmix,smacv2,protoss_5_vs_5,100,0.05000000074505806
6798000,3398,2026-06-12T22:17:08.332720,5.53944730758667,1.7147611379623413,3.185930013656616,11.447236061096191,qmix,smacv2,protoss_5_vs_5,100,0.0
6800000,3399,2026-06-12T22:19:48.009348,6.7643842697143555,1.7009080648422241,4.2537689208984375,9.405778884887695,qmix,smacv2,protoss_5_vs_5,100,0.0
6802000,3400,2026-06-12T22:22:26.190839,5.243844032287598,1.307580590248108,2.82412052154541,8.050251007080078,qmix,smacv2,protoss_5_vs_5,100,0.0
6804000,3401,2026-06-12T22:25:02.821685,5.435175895690918,1.503509283065796,2.547738552093506,8.47236156463623,qmix,smacv2,protoss_5_vs_5,100,0.0
6806000,3402,2026-06-12T22:27:43.373645,6.103831768035889,2.062244176864624,2.461055278778076,10.150753021240234,qmix,smacv2,protoss_5_vs_5,100,0.05000000074505806
6808000,3403,2026-06-12T22:30:22.916429,5.341080665588379,2.4239501953125,2.4221105575561523,11.567839622497559,qmix,smacv2,protoss_5_vs_5,100,0.0
6810000,3404,2026-06-12T22:33:02.423478,5.902324199676514,1.2375741004943848,3.0515077114105225,8.633166313171387,qmix,smacv2,protoss_5_vs_5,100,0.0
6812000,3405,2026-06-12T22:35:44.405352,5.538128852844238,1.635769248008728,2.8844220638275146,10.15075397491455,qmix,smacv2,protoss_5_vs_5,100,0.05000000074505806
6814000,3406,2026-06-12T22:38:24.013733,5.449748992919922,1.4507502317428589,3.296482563018799,8.317838668823242,qmix,smacv2,protoss_5_vs_5,100,0.0
6816000,3407,2026-06-12T22:41:04.813511,5.382851600646973,1.630010962486267,3.4472358226776123,9.517587661743164,qmix,smacv2,protoss_5_vs_5,100,0.0
6818000,3408,2026-06-12T22:43:44.186132,5.962436676025391,2.465425968170166,3.12939715385437,14.381909370422363,qmix,smacv2,protoss_5_vs_5,100,0.05000000074505806
6820000,3409,2026-06-12T22:46:26.030623,6.305151462554932,2.3250861167907715,2.6670854091644287,12.361809730529785,qmix,smacv2,protoss_5_vs_5,100,0.10000000149011612
6822000,3410,2026-06-12T22:49:07.328415,6.324685096740723,2.18796968460083,2.8592965602874756,12.261305809020996,qmix,smacv2,protoss_5_vs_5,100,0.05000000074505806
6824000,3411,2026-06-12T22:51:47.348741,6.40282678604126,3.051586151123047,2.653266429901123,14.271356582641602,qmix,smacv2,protoss_5_vs_5,100,0.10000000149011612
6826000,3412,2026-06-12T22:54:26.055131,6.02713680267334,2.277259349822998,2.5929646492004395,10.964824676513672,qmix,smacv2,protoss_5_vs_5,100,0.0
6828000,3413,2026-06-12T22:57:05.361528,6.154585361480713,1.826794147491455,2.9133167266845703,10.432161331176758,qmix,smacv2,protoss_5_vs_5,100,0.0
6830000,3414,2026-06-12T22:59:44.748510,5.2270097732543945,1.937254786491394,2.272613048553467,8.92336654663086,qmix,smacv2,protoss_5_vs_5,100,0.0
6832000,3415,2026-06-12T23:02:27.043554,5.594283580780029,3.138350248336792,1.0351759195327759,14.371858596801758,qmix,smacv2,protoss_5_vs_5,100,0.10000000149011612
6834000,3416,2026-06-12T23:05:07.627760,6.263064861297607,3.316770553588867,3.296482563018799,14.38191032409668,qmix,smacv2,protoss_5_vs_5,100,0.10000000149011612
6836000,3417,2026-06-12T23:07:44.539024,6.272989749908447,2.2492077350616455,3.8090453147888184,14.271356582641602,qmix,smacv2,protoss_5_vs_5,100,0.05000000074505806
6838000,3418,2026-06-12T23:10:22.355645,4.550501823425293,1.7369829416275024,1.717336654663086,8.842964172363281,qmix,smacv2,protoss_5_vs_5,100,0.0
6840000,3419,2026-06-12T23:12:58.122319,5.361369609832764,1.8917289972305298,3.346733570098877,12.261306762695312,qmix,smacv2,protoss_5_vs_5,100,0.05000000074505806
6842000,3420,2026-06-12T23:15:35.007924,5.097613334655762,1.7079752683639526,2.3190953731536865,9.829145431518555,qmix,smacv2,protoss_5_vs_5,100,0.0
6844000,3421,2026-06-12T23:18:13.383183,5.462625980377197,1.8394848108291626,3.3366832733154297,9.708541870117188,qmix,smacv2,protoss_5_vs_5,100,0.0
6846000,3422,2026-06-12T23:20:51.427523,5.357537269592285,1.452891230583191,2.3907034397125244,8.844221115112305,qmix,smacv2,protoss_5_vs_5,100,0.0
6848000,3423,2026-06-12T23:23:31.189499,5.779020309448242,1.9326280355453491,2.663316488265991,9.16080379486084,qmix,smacv2,protoss_5_vs_5,100,0.0
6850000,3424,2026-06-12T23:26:15.632851,3.0146358013153076,1.288607120513916,1.2349246740341187,5.806532382965088,qmix,smacv2,protoss_5_vs_5,100,0.0
6852000,3425,2026-06-12T23:28:55.978079,4.876067638397217,1.429661512374878,2.572864055633545,8.12060260772705,qmix,smacv2,protoss_5_vs_5,100,0.0
6854000,3426,2026-06-12T23:31:36.882955,5.712185859680176,2.4739482402801514,2.9635679721832275,12.261306762695312,qmix,smacv2,protoss_5_vs_5,100,0.05000000074505806
6856000,3427,2026-06-12T23:34:42.164375,5.586243629455566,2.5746490955352783,2.3115580081939697,12.402009963989258,qmix,smacv2,protoss_5_vs_5,100,0.10000000149011612
6858000,3428,2026-06-12T23:37:17.303740,5.120791435241699,1.6754989624023438,1.9447234869003296,9.081658363342285,qmix,smacv2,protoss_5_vs_5,100,0.0
6860000,3429,2026-06-12T23:39:56.391416,5.546797275543213,1.730478286743164,2.95979905128479,9.025126457214355,qmix,smacv2,protoss_5_vs_5,100,0.0
6862000,3430,2026-06-12T23:42:35.520965,6.295163631439209,1.8509950637817383,2.90452241897583,10.603014945983887,qmix,smacv2,protoss_5_vs_5,100,0.0
6864000,3431,2026-06-12T23:45:12.837528,5.899748802185059,2.2737748622894287,3.4811558723449707,12.361808776855469,qmix,smacv2,protoss_5_vs_5,100,0.05000000074505806
6866000,3432,2026-06-12T23:47:52.847507,5.004648208618164,1.8766366243362427,2.0703518390655518,10.391959190368652,qmix,smacv2,protoss_5_vs_5,100,0.0
6868000,3433,2026-06-12T23:50:31.699484,5.279271125793457,1.2719674110412598,3.444723606109619,8.331658363342285,qmix,smacv2,protoss_5_vs_5,100,0.0
6870000,3434,2026-06-12T23:53:09.866468,6.1275129318237305,2.5476653575897217,2.337939739227295,12.261306762695312,qmix,smacv2,protoss_5_vs_5,100,0.10000000149011612
6872000,3435,2026-06-12T23:55:50.476393,6.148743629455566,2.1513524055480957,2.0678391456604004,10.090452194213867,qmix,smacv2,protoss_5_vs_5,100,0.0
6874000,3436,2026-06-12T23:58:30.053823,5.588379383087158,2.726924419403076,1.801507592201233,14.444723129272461,qmix,smacv2,protoss_5_vs_5,100,0.05000000074505806
6876000,3437,2026-06-13T00:01:09.260428,5.386181354522705,1.4101057052612305,3.055276393890381,8.462311744689941,qmix,smacv2,protoss_5_vs_5,100,0.0
6878000,3438,2026-06-13T00:03:49.272727,5.707789421081543,2.829184055328369,2.6407036781311035,12.375628471374512,qmix,smacv2,protoss_5_vs_5,100,0.10000000149011612
6880000,3439,2026-06-13T00:06:31.246366,5.5810933113098145,1.461116075515747,3.726130962371826,8.582914352416992,qmix,smacv2,protoss_5_vs_5,100,0.0
6882000,3440,2026-06-13T00:09:10.471301,6.186432361602783,3.0371813774108887,2.702260971069336,14.170854568481445,qmix,smacv2,protoss_5_vs_5,100,0.05000000074505806
6884000,3441,2026-06-13T00:11:50.699413,5.116332054138184,1.4715038537979126,2.7035176753997803,8.251255989074707,qmix,smacv2,protoss_5_vs_5,100,0.0
6886000,3442,2026-06-13T00:14:31.890501,6.510740756988525,2.318166732788086,3.443467378616333,12.273869514465332,qmix,smacv2,protoss_5_vs_5,100,0.05000000074505806
6888000,3443,2026-06-13T00:17:10.452491,5.593718528747559,1.5186396837234497,2.8442208766937256,8.172110557556152,qmix,smacv2,protoss_5_vs_5,100,0.0
6890000,3444,2026-06-13T00:19:56.110848,6.883668422698975,2.912214756011963,3.4773871898651123,14.12060260772705,qmix,smacv2,protoss_5_vs_5,100,0.15000000596046448
6892000,3445,2026-06-13T00:22:36.020690,5.994032382965088,2.1374197006225586,2.6180903911590576,10.98241138458252,qmix,smacv2,protoss_5_vs_5,100,0.0
6894000,3446,2026-06-13T00:25:14.452777,6.642085075378418,2.218517780303955,3.7374374866485596,12.066582679748535,qmix,smacv2,protoss_5_vs_5,100,0.10000000149011612
6896000,3447,2026-06-13T00:27:53.090432,5.734610557556152,1.6439576148986816,2.5263819694519043,9.557788848876953,qmix,smacv2,protoss_5_vs_5,100,0.0
6898000,3448,2026-06-13T00:30:30.585277,5.13379430770874,1.601727843284607,2.3994975090026855,9.396985054016113,qmix,smacv2,protoss_5_vs_5,100,0.0
6900000,3449,2026-06-13T00:33:11.419442,6.711808681488037,2.489598512649536,3.8190956115722656,12.505025863647461,qmix,smacv2,protoss_5_vs_5,100,0.0
6902000,3450,2026-06-13T00:35:51.354395,5.636934757232666,1.7772727012634277,2.991205930709839,9.453516960144043,qmix,smacv2,protoss_5_vs_5,100,0.0
6904000,3451,2026-06-13T00:38:30.684114,5.069849967956543,1.6273934841156006,2.7939696311950684,9.193467140197754,qmix,smacv2,protoss_5_vs_5,100,0.0
6906000,3452,2026-06-13T00:41:11.245083,6.720602512359619,2.6766631603240967,3.9623115062713623,14.1746244430542,qmix,smacv2,protoss_5_vs_5,100,0.10000000149011612
6908000,3453,2026-06-13T00:43:49.586192,4.992964744567871,1.4820513725280762,2.6984925270080566,8.954773902893066,qmix,smacv2,protoss_5_vs_5,100,0.0
6910000,3454,2026-06-13T00:46:26.950883,4.8129401206970215,2.1140549182891846,3.079145908355713,11.967337608337402,qmix,smacv2,protoss_5_vs_5,100,0.0
6912000,3455,2026-06-13T00:49:06.244604,5.402512550354004,2.4499764442443848,1.8693468570709229,12.371859550476074,qmix,smacv2,protoss_5_vs_5,100,0.05000000074505806
6914000,3456,2026-06-13T00:51:44.518704,6.020352363586426,1.7370966672897339,3.758793592453003,11.045226097106934,qmix,smacv2,protoss_5_vs_5,100,0.0
6916000,3457,2026-06-13T00:54:24.233472,4.74089241027832,2.3529298305511475,2.241206169128418,11.494974136352539,qmix,smacv2,protoss_5_vs_5,100,0.0
6918000,3458,2026-06-13T00:57:04.080612,5.598366737365723,1.4082365036010742,2.9145727157592773,8.221105575561523,qmix,smacv2,protoss_5_vs_5,100,0.0
6920000,3459,2026-06-13T00:59:45.989582,5.541896820068359,1.426796317100525,3.104271173477173,9.346734046936035,qmix,smacv2,protoss_5_vs_5,100,0.0
6922000,3460,2026-06-13T01:02:26.175473,5.332474708557129,1.9325854778289795,2.5778894424438477,12.361808776855469,qmix,smacv2,protoss_5_vs_5,100,0.05000000074505806
6924000,3461,2026-06-13T01:05:07.704927,5.6006903648376465,1.2766799926757812,3.3643219470977783,7.505025386810303,qmix,smacv2,protoss_5_vs_5,100,0.0
6926000,3462,2026-06-13T01:07:49.506591,5.153141021728516,1.9161951541900635,2.7801504135131836,10.281407356262207,qmix,smacv2,protoss_5_vs_5,100,0.0
6928000,3463,2026-06-13T01:10:29.608229,5.97330379486084,2.39458966255188,3.79899525642395,12.361808776855469,qmix,smacv2,protoss_5_vs_5,100,0.10000000149011612
6930000,3464,2026-06-13T01:13:08.409557,5.659924507141113,1.9057012796401978,2.201004981994629,10.47236156463623,qmix,smacv2,protoss_5_vs_5,100,0.0
6932000,3465,2026-06-13T01:15:47.765240,5.502951622009277,1.6361503601074219,2.6344220638275146,10.080401420593262,qmix,smacv2,protoss_5_vs_5,100,0.05000000074505806
6934000,3466,2026-06-13T01:18:28.211007,5.703392028808594,1.9332298040390015,2.94472336769104,10.096734046936035,qmix,smacv2,protoss_5_vs_5,100,0.0
6936000,3467,2026-06-13T01:21:07.858083,5.617650508880615,1.4220677614212036,2.9145729541778564,8.180904388427734,qmix,smacv2,protoss_5_vs_5,100,0.0
6938000,3468,2026-06-13T01:23:48.128111,5.623932361602783,2.037794351577759,2.6080403327941895,11.134421348571777,qmix,smacv2,protoss_5_vs_5,100,0.0
6940000,3469,2026-06-13T01:26:28.538093,6.418153285980225,2.553173303604126,3.2613062858581543,12.462311744689941,qmix,smacv2,protoss_5_vs_5,100,0.10000000149011612
6942000,3470,2026-06-13T01:29:06.505330,5.737123012542725,1.5400466918945312,3.105527639389038,7.86934757232666,qmix,smacv2,protoss_5_vs_5,100,0.0
6944000,3471,2026-06-13T01:31:43.629497,6.258731365203857,1.2804858684539795,4.001255989074707,8.613065719604492,qmix,smacv2,protoss_5_vs_5,100,0.0
6946000,3472,2026-06-13T01:34:22.098574,5.747864723205566,2.135749101638794,2.654522657394409,12.361808776855469,qmix,smacv2,protoss_5_vs_5,100,0.05000000074505806
6948000,3473,2026-06-13T01:37:04.405802,6.353957176208496,1.3728363513946533,3.7449748516082764,9.105528831481934,qmix,smacv2,protoss_5_vs_5,100,0.0
6950000,3474,2026-06-13T01:39:46.194686,5.743529796600342,1.4018313884735107,3.3680903911590576,8.130653381347656,qmix,smacv2,protoss_5_vs_5,100,0.0
6952000,3475,2026-06-13T01:42:26.397339,5.792964458465576,2.5317373275756836,3.353015184402466,14.170855522155762,qmix,smacv2,protoss_5_vs_5,100,0.10000000149011612
6954000,3476,2026-06-13T01:45:08.669166,6.128893852233887,1.7562671899795532,2.9221105575561523,9.479900360107422,qmix,smacv2,protoss_5_vs_5,100,0.0
6956000,3477,2026-06-13T01:47:50.492931,5.945352077484131,2.2205750942230225,3.0050251483917236,12.261305809020996,qmix,smacv2,protoss_5_vs_5,100,0.05000000074505806
6958000,3478,2026-06-13T01:50:30.940281,5.1792707443237305,1.1212469339370728,3.0050249099731445,7.427135467529297,qmix,smacv2,protoss_5_vs_5,100,0.0
6960000,3479,2026-06-13T01:53:11.714276,6.478580474853516,1.744543194770813,2.861809015274048,10.050251007080078,qmix,smacv2,protoss_5_vs_5,100,0.05000000074505806
6962000,3480,2026-06-13T01:55:50.476511,6.026759147644043,2.286133289337158,3.211055278778076,10.452260971069336,qmix,smacv2,protoss_5_vs_5,100,0.05000000074505806
6964000,3481,2026-06-13T01:58:31.050468,5.485867023468018,2.1070845127105713,3.2160804271698,12.261306762695312,qmix,smacv2,protoss_5_vs_5,100,0.05000000074505806
6966000,3482,2026-06-13T02:01:10.893318,5.401758670806885,1.468761920928955,2.2562811374664307,8.140703201293945,qmix,smacv2,protoss_5_vs_5,100,0.0
6968000,3483,2026-06-13T02:03:48.506627,5.996922016143799,2.098053216934204,3.339195966720581,12.261305809020996,qmix,smacv2,protoss_5_vs_5,100,0.05000000074505806
6970000,3484,2026-06-13T02:06:27.447890,6.454334259033203,2.1451828479766846,3.226130723953247,12.317839622497559,qmix,smacv2,protoss_5_vs_5,100,0.05000000074505806
6972000,3485,2026-06-13T02:09:03.609197,5.528517723083496,1.621751070022583,3.2060303688049316,9.054019927978516,qmix,smacv2,protoss_5_vs_5,100,0.0
6974000,3486,2026-06-13T02:11:42.041679,5.807663440704346,1.5839444398880005,3.5376884937286377,10.115577697753906,qmix,smacv2,protoss_5_vs_5,100,0.0
6976000,3487,2026-06-13T02:14:19.683080,5.907726287841797,2.0463950634002686,3.6356780529022217,12.160804748535156,qmix,smacv2,protoss_5_vs_5,100,0.05000000074505806
6978000,3488,2026-06-13T02:17:02.546256,5.633731842041016,1.7678048610687256,2.461055278778076,10.344221115112305,qmix,smacv2,protoss_5_vs_5,100,0.05000000074505806
6980000,3489,2026-06-13T02:19:45.272055,6.441645622253418,1.924574851989746,2.7135679721832275,10.251255989074707,qmix,smacv2,protoss_5_vs_5,100,0.05000000074505806
6982000,3490,2026-06-13T02:22:27.695180,5.1943464279174805,1.4309711456298828,3.3090453147888184,8.633166313171387,qmix,smacv2,protoss_5_vs_5,100,0.0
6984000,3491,2026-06-13T02:25:10.444763,6.045980453491211,2.7640771865844727,3.889446973800659,12.261306762695312,qmix,smacv2,protoss_5_vs_5,100,0.15000000596046448
6986000,3492,2026-06-13T02:27:54.790857,4.933228492736816,1.6656911373138428,2.8442208766937256,10.702260971069336,qmix,smacv2,protoss_5_vs_5,100,0.0
6988000,3493,2026-06-13T02:30:33.464679,5.595728397369385,2.1876108646392822,1.6884422302246094,12.623116493225098,qmix,smacv2,protoss_5_vs_5,100,0.0
6990000,3494,2026-06-13T02:33:15.092628,5.416457176208496,1.5273480415344238,2.644472360610962,8.100502014160156,qmix,smacv2,protoss_5_vs_5,100,0.0
6992000,3495,2026-06-13T02:35:54.490884,5.935866832733154,2.2259299755096436,2.41959810256958,10.261305809020996,qmix,smacv2,protoss_5_vs_5,100,0.0
6994000,3496,2026-06-13T02:38:37.975831,5.899245738983154,1.2532012462615967,3.806533098220825,8.807788848876953,qmix,smacv2,protoss_5_vs_5,100,0.0
6996000,3497,2026-06-13T02:41:17.743964,6.2062811851501465,2.256183624267578,3.5263819694519043,14.271356582641602,qmix,smacv2,protoss_5_vs_5,100,0.05000000074505806
6998000,3498,2026-06-13T02:43:56.147208,5.224183082580566,1.4149487018585205,2.8994975090026855,8.241206169128418,qmix,smacv2,protoss_5_vs_5,100,0.0
7000000,3499,2026-06-13T02:46:33.595498,5.228957176208496,1.4596425294876099,2.8366832733154297,9.037688255310059,qmix,smacv2,protoss_5_vs_5,100,0.0
7002000,3500,2026-06-13T02:49:10.351200,6.001004695892334,2.610961675643921,2.5025124549865723,14.271357536315918,qmix,smacv2,protoss_5_vs_5,100,0.05000000074505806
7004000,3501,2026-06-13T02:51:48.421380,6.114384174346924,2.741438388824463,1.7688442468643188,14.371859550476074,qmix,smacv2,protoss_5_vs_5,100,0.10000000149011612
7006000,3502,2026-06-13T02:54:28.414231,5.197549819946289,2.2202277183532715,1.9962310791015625,12.402009963989258,qmix,smacv2,protoss_5_vs_5,100,0.05000000074505806
7008000,3503,2026-06-13T02:57:09.391805,5.262123107910156,1.7964822053909302,3.1331658363342285,10.022613525390625,qmix,smacv2,protoss_5_vs_5,100,0.0
7010000,3504,2026-06-13T02:59:50.672294,6.369723320007324,2.0870296955108643,2.8894472122192383,10.140703201293945,qmix,smacv2,protoss_5_vs_5,100,0.0
7012000,3505,2026-06-13T03:02:31.255847,5.874560356140137,2.798318862915039,2.6733670234680176,14.271356582641602,qmix,smacv2,protoss_5_vs_5,100,0.05000000074505806
7014000,3506,2026-06-13T03:05:11.337313,4.909296035766602,1.234897494316101,2.822864294052124,7.849245548248291,qmix,smacv2,protoss_5_vs_5,100,0.0
7016000,3507,2026-06-13T03:07:52.476883,5.653077602386475,1.8065781593322754,2.726130485534668,9.34170913696289,qmix,smacv2,protoss_5_vs_5,100,0.0
7018000,3508,2026-06-13T03:10:29.345661,5.375439643859863,2.7166717052459717,2.4937186241149902,14.371859550476074,qmix,smacv2,protoss_5_vs_5,100,0.05000000074505806
7020000,3509,2026-06-13T03:13:08.009803,5.743090629577637,1.9876279830932617,3.226130723953247,12.160804748535156,qmix,smacv2,protoss_5_vs_5,100,0.05000000074505806
7022000,3510,2026-06-13T03:15:46.301113,5.092839241027832,1.7597907781600952,2.4233667850494385,9.437186241149902,qmix,smacv2,protoss_5_vs_5,100,0.0
7024000,3511,2026-06-13T03:18:28.202465,6.5402631759643555,2.1500747203826904,3.7638187408447266,10.973618507385254,qmix,smacv2,protoss_5_vs_5,100,0.0
7026000,3512,2026-06-13T03:21:09.361379,6.799497127532959,2.447561025619507,2.6105527877807617,12.16080379486084,qmix,smacv2,protoss_5_vs_5,100,0.05000000074505806
7028000,3513,2026-06-13T03:23:47.971563,6.70175838470459,3.5196752548217773,2.336683511734009,16.180904388427734,qmix,smacv2,protoss_5_vs_5,100,0.10000000149011612
7030000,3514,2026-06-13T03:26:30.631386,6.251633167266846,1.729373812675476,3.678391933441162,10.35175895690918,qmix,smacv2,protoss_5_vs_5,100,0.05000000074505806
7032000,3515,2026-06-13T03:29:11.257415,6.507348537445068,2.3094820976257324,2.6407034397125244,12.251255989074707,qmix,smacv2,protoss_5_vs_5,100,0.0
7034000,3516,2026-06-13T03:31:49.891979,4.984610557556152,1.4368153810501099,2.638190984725952,9.467336654663086,qmix,smacv2,protoss_5_vs_5,100,0.0
7036000,3517,2026-06-13T03:34:30.390434,5.8486809730529785,2.015510082244873,2.9547739028930664,11.358039855957031,qmix,smacv2,protoss_5_vs_5,100,0.0
7038000,3518,2026-06-13T03:37:12.314557,5.306469917297363,1.8160831928253174,1.9057786464691162,8.54271411895752,qmix,smacv2,protoss_5_vs_5,100,0.0
7040000,3519,2026-06-13T03:39:53.885631,5.33919620513916,1.5186314582824707,2.3919596672058105,8.73366928100586,qmix,smacv2,protoss_5_vs_5,100,0.0
7042000,3520,2026-06-13T03:42:35.272956,5.750502586364746,1.9739304780960083,2.974874496459961,9.743718147277832,qmix,smacv2,protoss_5_vs_5,100,0.0
7044000,3521,2026-06-13T03:45:13.661602,5.616896629333496,2.428184747695923,3.2160804271698,14.170854568481445,qmix,smacv2,protoss_5_vs_5,100,0.05000000074505806
7046000,3522,2026-06-13T03:47:51.264257,5.295854568481445,1.2058749198913574,3.022613286972046,8.135679244995117,qmix,smacv2,protoss_5_vs_5,100,0.0
7048000,3523,2026-06-13T03:50:32.086188,5.64824104309082,1.968959093093872,2.773869276046753,9.748743057250977,qmix,smacv2,protoss_5_vs_5,100,0.0
7050000,3524,2026-06-13T03:53:12.060910,5.859799385070801,1.7247581481933594,3.453517436981201,9.871858596801758,qmix,smacv2,protoss_5_vs_5,100,0.0
7052000,3525,2026-06-13T03:55:52.276329,5.72028923034668,1.7302459478378296,3.5376884937286377,8.82412052154541,qmix,smacv2,protoss_5_vs_5,100,0.0
7054000,3526,2026-06-13T03:58:32.115463,6.582223415374756,2.8946399688720703,3.6796486377716064,14.198492050170898,qmix,smacv2,protoss_5_vs_5,100,0.10000000149011612
7056000,3527,2026-06-13T04:01:13.367978,6.054460048675537,2.0813229084014893,3.226130723953247,12.462310791015625,qmix,smacv2,protoss_5_vs_5,100,0.05000000074505806
7058000,3528,2026-06-13T04:03:53.780081,5.830653190612793,1.770068883895874,2.663316488265991,8.310301780700684,qmix,smacv2,protoss_5_vs_5,100,0.0
7060000,3529,2026-06-13T04:06:34.345835,5.45923376083374,1.7876994609832764,2.8442211151123047,9.218592643737793,qmix,smacv2,protoss_5_vs_5,100,0.0
7062000,3530,2026-06-13T04:09:15.110737,5.936306476593018,2.3409478664398193,3.3605523109436035,10.643216133117676,qmix,smacv2,protoss_5_vs_5,100,0.05000000074505806
7064000,3531,2026-06-13T04:11:55.044710,5.849434852600098,1.5238926410675049,3.896984815597534,8.70351791381836,qmix,smacv2,protoss_5_vs_5,100,0.0
7066000,3532,2026-06-13T04:14:32.796141,4.119723320007324,1.5087904930114746,2.0603015422821045,8.709798812866211,qmix,smacv2,protoss_5_vs_5,100,0.0
7068000,3533,2026-06-13T04:17:13.813311,5.587625980377197,1.858447790145874,2.1231155395507812,9.286431312561035,qmix,smacv2,protoss_5_vs_5,100,0.0
7070000,3534,2026-06-13T04:19:52.026374,5.345602989196777,1.4077327251434326,3.1155779361724854,8.482412338256836,qmix,smacv2,protoss_5_vs_5,100,0.0
7072000,3535,2026-06-13T04:22:31.162718,5.935238838195801,1.6964564323425293,3.4472358226776123,9.738693237304688,qmix,smacv2,protoss_5_vs_5,100,0.0
7074000,3536,2026-06-13T04:25:12.380913,5.976507186889648,2.205106019973755,2.814070463180542,12.361809730529785,qmix,smacv2,protoss_5_vs_5,100,0.05000000074505806
7076000,3537,2026-06-13T04:27:52.683972,6.02022647857666,1.4144139289855957,3.547738552093506,10.603014945983887,qmix,smacv2,protoss_5_vs_5,100,0.0
7078000,3538,2026-06-13T04:30:34.801599,6.1881914138793945,2.25335693359375,3.0213565826416016,12.35175895690918,qmix,smacv2,protoss_5_vs_5,100,0.05000000074505806
7080000,3539,2026-06-13T04:33:14.005218,5.767273902893066,1.192734956741333,3.7160804271698,8.204773902893066,qmix,smacv2,protoss_5_vs_5,100,0.0
7082000,3540,2026-06-13T04:35:56.504295,6.3056535720825195,1.783138394355774,3.1658291816711426,10.170853614807129,qmix,smacv2,protoss_5_vs_5,100,0.0
7084000,3541,2026-06-13T04:38:38.155684,5.641331672668457,1.3607466220855713,3.4874374866485596,8.291457176208496,qmix,smacv2,protoss_5_vs_5,100,0.0
7086000,3542,2026-06-13T04:41:18.415572,5.398115634918213,2.0241403579711914,2.321608066558838,10.452260971069336,qmix,smacv2,protoss_5_vs_5,100,0.05000000074505806
7088000,3543,2026-06-13T04:43:58.814097,5.267273902893066,1.6004444360733032,3.242462635040283,8.291458129882812,qmix,smacv2,protoss_5_vs_5,100,0.0
7090000,3544,2026-06-13T04:46:35.841237,6.021419525146484,1.6361039876937866,2.953517436981201,10.040201187133789,qmix,smacv2,protoss_5_vs_5,100,0.0
7092000,3545,2026-06-13T04:49:13.740395,6.025565147399902,1.94375741481781,3.0615577697753906,10.412059783935547,qmix,smacv2,protoss_5_vs_5,100,0.0
7094000,3546,2026-06-13T04:51:54.478248,5.7872490882873535,1.6018776893615723,2.6494975090026855,9.125629425048828,qmix,smacv2,protoss_5_vs_5,100,0.0
7096000,3547,2026-06-13T04:54:34.927026,6.5102386474609375,2.318943738937378,3.2864317893981934,14.170855522155762,qmix,smacv2,protoss_5_vs_5,100,0.05000000074505806
7098000,3548,2026-06-13T04:57:22.727595,6.01061487197876,2.898369789123535,1.3165827989578247,12.234923362731934,qmix,smacv2,protoss_5_vs_5,100,0.05000000074505806
7100000,3549,2026-06-13T05:00:02.806226,6.351318836212158,2.2428433895111084,2.845477342605591,12.160802841186523,qmix,smacv2,protoss_5_vs_5,100,0.15000000596046448
7102000,3550,2026-06-13T05:02:40.409274,5.557223796844482,1.63699209690094,3.2361807823181152,9.285176277160645,qmix,smacv2,protoss_5_vs_5,100,0.0
7104000,3551,2026-06-13T05:05:20.017595,5.784234046936035,1.4964420795440674,3.718592882156372,10.030150413513184,qmix,smacv2,protoss_5_vs_5,100,0.0
7106000,3552,2026-06-13T05:08:00.003187,5.85709810256958,1.9700547456741333,3.6231160163879395,11.256280899047852,qmix,smacv2,protoss_5_vs_5,100,0.0
7108000,3553,2026-06-13T05:10:37.609837,5.4702887535095215,1.170629620552063,3.6582915782928467,7.336683750152588,qmix,smacv2,protoss_5_vs_5,100,0.0
7110000,3554,2026-06-13T05:13:18.072237,5.335050106048584,1.8138643503189087,2.6733667850494385,11.115577697753906,qmix,smacv2,protoss_5_vs_5,100,0.0
7112000,3555,2026-06-13T05:15:58.064452,6.56381893157959,2.277994155883789,2.614321708679199,10.92587947845459,qmix,smacv2,protoss_5_vs_5,100,0.05000000074505806
7114000,3556,2026-06-13T05:18:38.084228,5.351820945739746,1.8356908559799194,2.9384424686431885,10.140703201293945,qmix,smacv2,protoss_5_vs_5,100,0.0
7116000,3557,2026-06-13T05:21:43.413685,5.565138339996338,1.5939033031463623,2.1984925270080566,9.14572811126709,qmix,smacv2,protoss_5_vs_5,100,0.0
7118000,3558,2026-06-13T05:24:16.164950,6.117587089538574,1.6422395706176758,3.0552761554718018,10.297739028930664,qmix,smacv2,protoss_5_vs_5,100,0.0
7120000,3559,2026-06-13T05:26:53.377808,5.695728778839111,2.0381052494049072,2.120603084564209,12.462310791015625,qmix,smacv2,protoss_5_vs_5,100,0.05000000074505806
7122000,3560,2026-06-13T05:29:30.647186,5.588818550109863,1.675753116607666,3.199748992919922,9.758794784545898,qmix,smacv2,protoss_5_vs_5,100,0.0
7124000,3561,2026-06-13T05:32:07.946934,6.332977771759033,2.663306951522827,2.434673309326172,14.68090534210205,qmix,smacv2,protoss_5_vs_5,100,0.05000000074505806
7126000,3562,2026-06-13T05:34:47.656492,6.4131903648376465,1.4605320692062378,3.79899525642395,10.090452194213867,qmix,smacv2,protoss_5_vs_5,100,0.0
7128000,3563,2026-06-13T05:37:26.773244,5.554522514343262,1.7004787921905518,2.1972360610961914,9.487436294555664,qmix,smacv2,protoss_5_vs_5,100,0.0
7130000,3564,2026-06-13T05:40:08.412337,5.255967140197754,1.9555786848068237,2.5540199279785156,9.532663345336914,qmix,smacv2,protoss_5_vs_5,100,0.0
7132000,3565,2026-06-13T05:42:48.905736,5.256093502044678,1.6253639459609985,2.659547805786133,7.954773902893066,qmix,smacv2,protoss_5_vs_5,100,0.0
7134000,3566,2026-06-13T05:45:33.600142,6.584359645843506,2.3550732135772705,2.7537689208984375,12.261306762695312,qmix,smacv2,protoss_5_vs_5,100,0.05000000074505806
7136000,3567,2026-06-13T05:48:13.573180,5.581155300140381,2.118061065673828,2.201004981994629,10.944723129272461,qmix,smacv2,protoss_5_vs_5,100,0.0
7138000,3568,2026-06-13T05:50:50.330833,5.244158744812012,1.4408564567565918,3.2160804271698,8.31155776977539,qmix,smacv2,protoss_5_vs_5,100,0.0
7140000,3569,2026-06-13T05:53:29.874320,5.646859169006348,1.4849863052368164,3.275125503540039,8.801507949829102,qmix,smacv2,protoss_5_vs_5,100,0.0
7142000,3570,2026-06-13T05:56:10.669324,5.5307793617248535,3.069077968597412,2.5628139972686768,15.688441276550293,qmix,smacv2,protoss_5_vs_5,100,0.0
7144000,3571,2026-06-13T05:58:48.336105,4.721734046936035,2.284632444381714,2.402010202407837,12.16080379486084,qmix,smacv2,protoss_5_vs_5,100,0.05000000074505806
7146000,3572,2026-06-13T06:01:26.208823,5.0929646492004395,2.5493314266204834,2.281406879425049,14.271357536315918,qmix,smacv2,protoss_5_vs_5,100,0.05000000074505806
7148000,3573,2026-06-13T06:04:04.079477,5.465954780578613,2.6384193897247314,2.5992462635040283,14.18090534210205,qmix,smacv2,protoss_5_vs_5,100,0.05000000074505806
7150000,3574,2026-06-13T06:06:40.745826,5.47562837600708,2.5874242782592773,1.6381909847259521,14.175878524780273,qmix,smacv2,protoss_5_vs_5,100,0.05000000074505806
7152000,3575,2026-06-13T06:09:20.482275,6.6806535720825195,2.5354673862457275,4.071608066558838,14.442212104797363,qmix,smacv2,protoss_5_vs_5,100,0.05000000074505806
7154000,3576,2026-06-13T06:12:01.046146,4.692713260650635,1.488610863685608,2.5050251483917236,8.079145431518555,qmix,smacv2,protoss_5_vs_5,100,0.0
7156000,3577,2026-06-13T06:14:40.647594,5.44660758972168,1.9253809452056885,2.547738552093506,8.844221115112305,qmix,smacv2,protoss_5_vs_5,100,0.0
7158000,3578,2026-06-13T06:17:25.696848,7.1674628257751465,2.0087623596191406,4.320352077484131,12.189698219299316,qmix,smacv2,protoss_5_vs_5,100,0.05000000074505806
7160000,3579,2026-06-13T06:20:08.498894,6.6814069747924805,2.684601306915283,3.660804033279419,12.462312698364258,qmix,smacv2,protoss_5_vs_5,100,0.05000000074505806
7162000,3580,2026-06-13T06:22:50.510348,6.1180901527404785,2.2884907722473145,2.4798994064331055,10.572864532470703,qmix,smacv2,protoss_5_vs_5,100,0.0
7164000,3581,2026-06-13T06:25:32.370592,5.613129138946533,1.6464959383010864,3.340452194213867,10.673367500305176,qmix,smacv2,protoss_5_vs_5,100,0.0
7166000,3582,2026-06-13T06:28:13.404751,5.50301456451416,1.5732691287994385,3.5778892040252686,8.85427188873291,qmix,smacv2,protoss_5_vs_5,100,0.0
7168000,3583,2026-06-13T06:30:51.572464,5.109422206878662,1.1939934492111206,3.316582441329956,7.869346618652344,qmix,smacv2,protoss_5_vs_5,100,0.0
7170000,3584,2026-06-13T06:33:30.770992,5.359045028686523,1.81751549243927,2.402009963989258,9.768843650817871,qmix,smacv2,protoss_5_vs_5,100,0.0
7172000,3585,2026-06-13T06:36:07.382582,5.969095706939697,2.523653268814087,2.7035176753997803,12.361808776855469,qmix,smacv2,protoss_5_vs_5,100,0.05000000074505806
7174000,3586,2026-06-13T06:38:47.727638,6.1028265953063965,1.5716921091079712,2.871859312057495,8.92839241027832,qmix,smacv2,protoss_5_vs_5,100,0.0
7176000,3587,2026-06-13T06:41:27.426092,6.45772647857666,2.177668571472168,3.09547758102417,12.361809730529785,qmix,smacv2,protoss_5_vs_5,100,0.05000000074505806
7178000,3588,2026-06-13T06:44:07.758001,6.459610939025879,2.056814432144165,3.2462310791015625,12.361809730529785,qmix,smacv2,protoss_5_vs_5,100,0.05000000074505806
7180000,3589,2026-06-13T06:46:46.545733,5.768529891967773,1.661196231842041,2.353015184402466,9.869346618652344,qmix,smacv2,protoss_5_vs_5,100,0.0
7182000,3590,2026-06-13T06:49:23.591245,5.882035255432129,1.4011839628219604,4.092965126037598,8.190954208374023,qmix,smacv2,protoss_5_vs_5,100,0.0
7184000,3591,2026-06-13T06:52:03.369299,5.71469783782959,1.5808690786361694,2.7638192176818848,9.256281852722168,qmix,smacv2,protoss_5_vs_5,100,0.0
7186000,3592,2026-06-13T06:54:43.183881,5.534672737121582,1.9482253789901733,2.7839195728302,10.763818740844727,qmix,smacv2,protoss_5_vs_5,100,0.0
7188000,3593,2026-06-13T06:57:24.561382,6.26790189743042,1.7292293310165405,2.113065242767334,11.022612571716309,qmix,smacv2,protoss_5_vs_5,100,0.0
7190000,3594,2026-06-13T07:00:06.443586,5.844158172607422,1.8480010032653809,3.1557791233062744,10.452260971069336,qmix,smacv2,protoss_5_vs_5,100,0.05000000074505806
7192000,3595,2026-06-13T07:02:47.389617,6.080402374267578,1.9340920448303223,3.79899525642395,12.38191032409668,qmix,smacv2,protoss_5_vs_5,100,0.05000000074505806
7194000,3596,2026-06-13T07:05:26.300223,6.18385648727417,2.280630588531494,3.605527877807617,12.462311744689941,qmix,smacv2,protoss_5_vs_5,100,0.10000000149011612
7196000,3597,2026-06-13T07:08:05.275577,5.777324199676514,1.7665390968322754,3.0854272842407227,10.251255989074707,qmix,smacv2,protoss_5_vs_5,100,0.05000000074505806
7198000,3598,2026-06-13T07:10:45.446971,7.035050868988037,2.834643602371216,3.6432158946990967,16.180904388427734,qmix,smacv2,protoss_5_vs_5,100,0.10000000149011612
7200000,3599,2026-06-13T07:13:24.058541,4.332474708557129,1.4269402027130127,1.915829062461853,8.874372482299805,qmix,smacv2,protoss_5_vs_5,100,0.0
7202000,3600,2026-06-13T07:16:03.571682,4.600125312805176,1.3937166929244995,2.9384422302246094,8.944723129272461,qmix,smacv2,protoss_5_vs_5,100,0.0
7204000,3601,2026-06-13T07:18:48.351529,5.921230792999268,1.4530075788497925,3.638190746307373,9.226130485534668,qmix,smacv2,protoss_5_vs_5,100,0.0
7206000,3602,2026-06-13T07:21:29.810973,5.97330379486084,2.2474570274353027,3.6796486377716064,14.371858596801758,qmix,smacv2,protoss_5_vs_5,100,0.05000000074505806
7208000,3603,2026-06-13T07:24:10.642035,4.885930061340332,1.4988211393356323,2.5854272842407227,7.185929775238037,qmix,smacv2,protoss_5_vs_5,100,0.0
7210000,3604,2026-06-13T07:26:49.931069,6.021293640136719,2.239511728286743,2.379396915435791,10.417085647583008,qmix,smacv2,protoss_5_vs_5,100,0.0
7212000,3605,2026-06-13T07:29:27.734966,5.474748611450195,2.0808961391448975,2.532663345336914,9.537688255310059,qmix,smacv2,protoss_5_vs_5,100,0.0
7214000,3606,2026-06-13T07:32:09.246581,6.787311553955078,2.1036269664764404,3.7701003551483154,11.155778884887695,qmix,smacv2,protoss_5_vs_5,100,0.0
7216000,3607,2026-06-13T07:34:47.974247,5.934296607971191,2.060683250427246,2.2236180305480957,9.312813758850098,qmix,smacv2,protoss_5_vs_5,100,0.0
7218000,3608,2026-06-13T07:37:28.223128,5.714949607849121,2.2837891578674316,2.041457414627075,11.006281852722168,qmix,smacv2,protoss_5_vs_5,100,0.0
7220000,3609,2026-06-13T07:40:06.434319,5.437185764312744,2.3746979236602783,2.7537686824798584,14.273869514465332,qmix,smacv2,protoss_5_vs_5,100,0.05000000074505806
7222000,3610,2026-06-13T07:42:45.540452,5.664007186889648,1.8171451091766357,3.1570353507995605,10.251255989074707,qmix,smacv2,protoss_5_vs_5,100,0.05000000074505806
7224000,3611,2026-06-13T07:45:25.942819,5.528328895568848,1.6837973594665527,3.386934757232666,9.949748039245605,qmix,smacv2,protoss_5_vs_5,100,0.0
7226000,3612,2026-06-13T07:48:04.076825,5.494912147521973,2.0699069499969482,3.194723606109619,12.271356582641602,qmix,smacv2,protoss_5_vs_5,100,0.05000000074505806
7228000,3613,2026-06-13T07:50:41.696567,5.39786434173584,1.356886386871338,2.815326690673828,8.420854568481445,qmix,smacv2,protoss_5_vs_5,100,0.0
7230000,3614,2026-06-13T07:53:21.262072,6.414007663726807,2.1465744972229004,3.0854270458221436,12.170854568481445,qmix,smacv2,protoss_5_vs_5,100,0.05000000074505806
7232000,3615,2026-06-13T07:56:00.990493,5.881470203399658,2.2011568546295166,3.1155779361724854,13.84924602508545,qmix,smacv2,protoss_5_vs_5,100,0.0
7234000,3616,2026-06-13T07:58:41.211045,6.3735551834106445,2.5431108474731445,3.9560303688049316,14.271356582641602,qmix,smacv2,protoss_5_vs_5,100,0.05000000074505806
7236000,3617,2026-06-13T08:01:22.794098,5.735678672790527,1.699308156967163,3.2047736644744873,8.57663345336914,qmix,smacv2,protoss_5_vs_5,100,0.0
7238000,3618,2026-06-13T08:04:02.555769,5.213002681732178,1.1951411962509155,3.354271411895752,8.138191223144531,qmix,smacv2,protoss_5_vs_5,100,0.0
7240000,3619,2026-06-13T08:06:42.184560,5.811620712280273,2.5166313648223877,1.4334170818328857,12.175877571105957,qmix,smacv2,protoss_5_vs_5,100,0.05000000074505806
7242000,3620,2026-06-13T08:09:20.506671,5.604647636413574,2.0193684101104736,2.934673309326172,12.271355628967285,qmix,smacv2,protoss_5_vs_5,100,0.05000000074505806
7244000,3621,2026-06-13T08:12:00.618607,5.3408918380737305,2.147109270095825,2.6507534980773926,10.268844604492188,qmix,smacv2,protoss_5_vs_5,100,0.0
7246000,3622,2026-06-13T08:14:37.662878,5.555653095245361,1.6437962055206299,3.155778646469116,10.275125503540039,qmix,smacv2,protoss_5_vs_5,100,0.0
7248000,3623,2026-06-13T08:17:17.941537,5.716269493103027,2.328936815261841,2.523869514465332,12.361809730529785,qmix,smacv2,protoss_5_vs_5,100,0.05000000074505806
7250000,3624,2026-06-13T08:19:57.145427,5.86984920501709,1.697641372680664,3.639446973800659,10.096734046936035,qmix,smacv2,protoss_5_vs_5,100,0.0
7252000,3625,2026-06-13T08:22:35.372658,5.664007186889648,1.9547399282455444,3.2060298919677734,12.361808776855469,qmix,smacv2,protoss_5_vs_5,100,0.05000000074505806
7254000,3626,2026-06-13T08:25:16.184123,5.745288848876953,2.755423069000244,2.1394472122192383,14.170854568481445,qmix,smacv2,protoss_5_vs_5,100,0.05000000074505806
7256000,3627,2026-06-13T08:27:53.984511,5.268656253814697,1.896130919456482,2.2876882553100586,10.150753021240234,qmix,smacv2,protoss_5_vs_5,100,0.0
7258000,3628,2026-06-13T08:30:33.194923,5.7138190269470215,1.6207903623580933,3.7072863578796387,10.522612571716309,qmix,smacv2,protoss_5_vs_5,100,0.0
7260000,3629,2026-06-13T08:33:16.222594,5.729522705078125,2.5911619663238525,2.8969850540161133,14.371858596801758,qmix,smacv2,protoss_5_vs_5,100,0.05000000074505806
7262000,3630,2026-06-13T08:35:56.991240,5.475125312805176,1.579677700996399,3.5628135204315186,8.863065719604492,qmix,smacv2,protoss_5_vs_5,100,0.0
7264000,3631,2026-06-13T08:38:37.767857,4.847424507141113,1.4996883869171143,2.6482412815093994,7.798995018005371,qmix,smacv2,protoss_5_vs_5,100,0.0
7266000,3632,2026-06-13T08:41:20.136332,6.296231269836426,2.2793080806732178,2.4309043884277344,11.945980072021484,qmix,smacv2,protoss_5_vs_5,100,0.0
7268000,3633,2026-06-13T08:43:59.123837,5.368969917297363,2.6422414779663086,2.1896984577178955,16.092966079711914,qmix,smacv2,protoss_5_vs_5,100,0.05000000074505806
7270000,3634,2026-06-13T08:46:38.336617,5.991833686828613,2.761259078979492,2.402009963989258,12.462311744689941,qmix,smacv2,protoss_5_vs_5,100,0.10000000149011612
7272000,3635,2026-06-13T08:49:20.046316,5.844912528991699,2.5221033096313477,2.371859073638916,12.244975090026855,qmix,smacv2,protoss_5_vs_5,100,0.10000000149011612
7274000,3636,2026-06-13T08:52:00.033656,5.64786434173584,2.5255634784698486,2.636934757232666,12.48241138458252,qmix,smacv2,protoss_5_vs_5,100,0.05000000074505806
7276000,3637,2026-06-13T08:54:40.040564,6.479774475097656,2.744593858718872,2.904522657394409,14.371858596801758,qmix,smacv2,protoss_5_vs_5,100,0.05000000074505806
7278000,3638,2026-06-13T08:57:19.561250,6.136746406555176,2.535935640335083,2.670854330062866,12.261306762695312,qmix,smacv2,protoss_5_vs_5,100,0.05000000074505806
7280000,3639,2026-06-13T08:59:57.268852,5.510426998138428,1.4931542873382568,2.370603084564209,9.937185287475586,qmix,smacv2,protoss_5_vs_5,100,0.0
7282000,3640,2026-06-13T09:02:37.091442,5.810741901397705,2.5673067569732666,2.621859312057495,14.32160758972168,qmix,smacv2,protoss_5_vs_5,100,0.05000000074505806
7284000,3641,2026-06-13T09:05:18.778582,6.440703392028809,2.5870249271392822,3.3668339252471924,12.361808776855469,qmix,smacv2,protoss_5_vs_5,100,0.10000000149011612
7286000,3642,2026-06-13T09:07:56.563687,6.046984672546387,2.0220224857330322,3.587939739227295,12.261305809020996,qmix,smacv2,protoss_5_vs_5,100,0.05000000074505806
7288000,3643,2026-06-13T09:10:33.531856,4.9412689208984375,1.7979826927185059,2.733668327331543,10.452260971069336,qmix,smacv2,protoss_5_vs_5,100,0.05000000074505806
7290000,3644,2026-06-13T09:13:16.447544,5.895854473114014,1.781617283821106,2.7437186241149902,9.115577697753906,qmix,smacv2,protoss_5_vs_5,100,0.0
7292000,3645,2026-06-13T09:15:56.748831,5.660678386688232,1.64011812210083,3.3567841053009033,8.907035827636719,qmix,smacv2,protoss_5_vs_5,100,0.0
7294000,3646,2026-06-13T09:18:40.130159,6.306219100952148,2.282313585281372,2.773869514465332,11.477386474609375,qmix,smacv2,protoss_5_vs_5,100,0.0
7296000,3647,2026-06-13T09:21:18.310284,5.484799385070801,2.0116162300109863,2.4962310791015625,9.733667373657227,qmix,smacv2,protoss_5_vs_5,100,0.0
7298000,3648,2026-06-13T09:23:55.746563,5.8075995445251465,1.5462607145309448,3.9095473289489746,9.326632499694824,qmix,smacv2,protoss_5_vs_5,100,0.0
7300000,3649,2026-06-13T09:26:36.489440,5.6741838455200195,2.008601188659668,2.6733670234680176,10.164572715759277,qmix,smacv2,protoss_5_vs_5,100,0.0
7302000,3650,2026-06-13T09:29:15.952566,6.261369228363037,2.5339043140411377,2.8253767490386963,12.060300827026367,qmix,smacv2,protoss_5_vs_5,100,0.05000000074505806
7304000,3651,2026-06-13T09:31:53.471032,5.070162773132324,2.1715242862701416,2.7236180305480957,12.140704154968262,qmix,smacv2,protoss_5_vs_5,100,0.0
7306000,3652,2026-06-13T09:34:32.106626,5.9917707443237305,3.3798859119415283,2.1105527877807617,18.090452194213867,qmix,smacv2,protoss_5_vs_5,100,0.05000000074505806
7308000,3653,2026-06-13T09:37:17.289290,5.551884174346924,2.30118465423584,0.6633166074752808,10.394471168518066,qmix,smacv2,protoss_5_vs_5,100,0.05000000074505806
7310000,3654,2026-06-13T09:39:56.423796,4.914196491241455,1.4984537363052368,2.900753974914551,7.83919620513916,qmix,smacv2,protoss_5_vs_5,100,0.0
7312000,3655,2026-06-13T09:42:35.582361,5.443907260894775,1.6185401678085327,2.748743772506714,8.296483039855957,qmix,smacv2,protoss_5_vs_5,100,0.0
7314000,3656,2026-06-13T09:45:15.694720,5.001633167266846,1.3194339275360107,3.2952263355255127,7.507537841796875,qmix,smacv2,protoss_5_vs_5,100,0.0
7316000,3657,2026-06-13T09:47:54.266716,5.332788944244385,2.3213930130004883,3.0854272842407227,14.261306762695312,qmix,smacv2,protoss_5_vs_5,100,0.05000000074505806
7318000,3658,2026-06-13T09:50:33.193917,5.628706455230713,2.155106544494629,2.685929536819458,12.361809730529785,qmix,smacv2,protoss_5_vs_5,100,0.05000000074505806
7320000,3659,2026-06-13T09:53:13.490168,6.050439357757568,2.2786319255828857,3.547738552093506,13.244974136352539,qmix,smacv2,protoss_5_vs_5,100,0.0
7322000,3660,2026-06-13T09:55:55.221716,5.968341827392578,2.4921112060546875,2.643216133117676,14.271356582641602,qmix,smacv2,protoss_5_vs_5,100,0.05000000074505806
7324000,3661,2026-06-13T09:58:36.655946,6.071608066558838,1.9551392793655396,2.5062813758850098,10.050251007080078,qmix,smacv2,protoss_5_vs_5,100,0.05000000074505806
7326000,3662,2026-06-13T10:01:16.514275,5.606407165527344,2.307469129562378,2.8442208766937256,12.462311744689941,qmix,smacv2,protoss_5_vs_5,100,0.05000000074505806
7328000,3663,2026-06-13T10:03:56.252167,5.731092929840088,2.0118043422698975,3.1758792400360107,9.55904483795166,qmix,smacv2,protoss_5_vs_5,100,0.0
7330000,3664,2026-06-13T10:06:36.794072,5.921294212341309,2.2060952186584473,2.321608304977417,10.221105575561523,qmix,smacv2,protoss_5_vs_5,100,0.0
7332000,3665,2026-06-13T10:09:16.903334,4.750125885009766,1.6441419124603271,2.5942211151123047,8.733668327331543,qmix,smacv2,protoss_5_vs_5,100,0.0
7334000,3666,2026-06-13T10:11:54.410249,5.52437162399292,1.7200918197631836,3.1557788848876953,10.552762985229492,qmix,smacv2,protoss_5_vs_5,100,0.0
7336000,3667,2026-06-13T10:14:31.662709,4.633793830871582,1.7047321796417236,1.7311556339263916,8.592965126037598,qmix,smacv2,protoss_5_vs_5,100,0.0
7338000,3668,2026-06-13T10:17:09.995069,6.084170818328857,2.333235025405884,2.135678291320801,10.126884460449219,qmix,smacv2,protoss_5_vs_5,100,0.0
7340000,3669,2026-06-13T10:19:47.776421,5.294095516204834,2.083261013031006,3.0452260971069336,10.371858596801758,qmix,smacv2,protoss_5_vs_5,100,0.10000000149011612
7342000,3670,2026-06-13T10:22:26.555208,5.761369228363037,1.6206506490707397,3.4886932373046875,9.608039855957031,qmix,smacv2,protoss_5_vs_5,100,0.0
7344000,3671,2026-06-13T10:25:07.532862,4.949182987213135,1.1309483051300049,3.316582441329956,7.336683750152588,qmix,smacv2,protoss_5_vs_5,100,0.0
7346000,3672,2026-06-13T10:27:48.831402,5.9905781745910645,1.8280097246170044,2.0841708183288574,10.020100593566895,qmix,smacv2,protoss_5_vs_5,100,0.0
7348000,3673,2026-06-13T10:30:30.560780,5.245728969573975,2.1695144176483154,2.4648239612579346,10.201004981994629,qmix,smacv2,protoss_5_vs_5,100,0.0
7350000,3674,2026-06-13T10:33:13.794994,6.119597911834717,2.2210683822631836,3.4974875450134277,12.060301780700684,qmix,smacv2,protoss_5_vs_5,100,0.10000000149011612
7352000,3675,2026-06-13T10:35:56.443651,6.121419429779053,1.5394963026046753,3.6645729541778564,8.783919334411621,qmix,smacv2,protoss_5_vs_5,100,0.0
7354000,3676,2026-06-13T10:38:34.446351,5.867273807525635,2.3348655700683594,3.347990036010742,14.371859550476074,qmix,smacv2,protoss_5_vs_5,100,0.05000000074505806
7356000,3677,2026-06-13T10:41:12.393790,4.601193428039551,1.7223689556121826,2.589195966720581,8.633166313171387,qmix,smacv2,protoss_5_vs_5,100,0.0
7358000,3678,2026-06-13T10:43:51.375698,5.147424697875977,1.6206426620483398,2.1972360610961914,7.809045314788818,qmix,smacv2,protoss_5_vs_5,100,0.0
7360000,3679,2026-06-13T10:46:31.595844,5.239384651184082,1.69325590133667,1.9949748516082764,10.140703201293945,qmix,smacv2,protoss_5_vs_5,100,0.0
7362000,3680,2026-06-13T10:49:11.171705,5.202575206756592,1.5034195184707642,2.516331672668457,7.939698696136475,qmix,smacv2,protoss_5_vs_5,100,0.0
7364000,3681,2026-06-13T10:51:50.246303,5.721482276916504,1.6473098993301392,2.361809015274048,8.491206169128418,qmix,smacv2,protoss_5_vs_5,100,0.0
7366000,3682,2026-06-13T10:54:28.459231,5.70370626449585,1.8092597723007202,2.8190953731536865,9.256281852722168,qmix,smacv2,protoss_5_vs_5,100,0.0
7368000,3683,2026-06-13T10:57:06.993917,5.035866737365723,2.0146002769470215,2.241205930709839,10.201004981994629,qmix,smacv2,protoss_5_vs_5,100,0.0
7370000,3684,2026-06-13T10:59:49.656451,5.628454685211182,1.8905985355377197,3.1482410430908203,9.115577697753906,qmix,smacv2,protoss_5_vs_5,100,0.0
7372000,3685,2026-06-13T11:02:31.258129,4.563693046569824,1.9346976280212402,1.7600501775741577,9.989949226379395,qmix,smacv2,protoss_5_vs_5,100,0.0
7374000,3686,2026-06-13T11:05:11.536043,5.142085075378418,1.7824368476867676,2.145728588104248,8.040201187133789,qmix,smacv2,protoss_5_vs_5,100,0.0
7376000,3687,2026-06-13T11:08:18.553684,5.104962348937988,1.9341576099395752,3.015075206756592,10.51256275177002,qmix,smacv2,protoss_5_vs_5,100,0.0
7378000,3688,2026-06-13T11:10:55.613477,5.3696608543396,2.247791051864624,2.5213568210601807,12.461055755615234,qmix,smacv2,protoss_5_vs_5,100,0.0
7380000,3689,2026-06-13T11:13:36.403591,5.907161235809326,1.8720872402191162,3.6080403327941895,9.216079711914062,qmix,smacv2,protoss_5_vs_5,100,0.0
7382000,3690,2026-06-13T11:16:12.254020,5.0070977210998535,1.4824570417404175,2.8040199279785156,7.580401420593262,qmix,smacv2,protoss_5_vs_5,100,0.0
7384000,3691,2026-06-13T11:18:46.708946,5.647235870361328,1.4959648847579956,3.4572863578796387,9.226130485534668,qmix,smacv2,protoss_5_vs_5,100,0.0
7386000,3692,2026-06-13T11:21:23.351972,6.231155872344971,3.09531307220459,2.5188441276550293,14.271356582641602,qmix,smacv2,protoss_5_vs_5,100,0.05000000074505806
7388000,3693,2026-06-13T11:23:59.933860,6.028643608093262,2.243940591812134,3.2462315559387207,10.680904388427734,qmix,smacv2,protoss_5_vs_5,100,0.0
7390000,3694,2026-06-13T11:26:39.297925,6.300753593444824,3.6043543815612793,2.44472336769104,20.10050392150879,qmix,smacv2,protoss_5_vs_5,100,0.05000000074505806
7392000,3695,2026-06-13T11:29:18.055845,4.9694719314575195,1.533146858215332,2.1721105575561523,9.358040809631348,qmix,smacv2,protoss_5_vs_5,100,0.0
7394000,3696,2026-06-13T11:31:58.082807,4.923304080963135,1.7453089952468872,2.379396915435791,8.038944244384766,qmix,smacv2,protoss_5_vs_5,100,0.0
7396000,3697,2026-06-13T11:34:38.982758,5.149434566497803,1.1149086952209473,1.9912059307098389,7.276381492614746,qmix,smacv2,protoss_5_vs_5,100,0.0
7398000,3698,2026-06-13T11:37:20.589527,5.726130485534668,1.8621920347213745,2.4899497032165527,9.437185287475586,qmix,smacv2,protoss_5_vs_5,100,0.0
7400000,3699,2026-06-13T11:40:02.103458,5.617274284362793,1.2223213911056519,4.030150413513184,7.904522895812988,qmix,smacv2,protoss_5_vs_5,100,0.0
7402000,3700,2026-06-13T11:42:42.867817,6.340514659881592,2.3064637184143066,3.322864532470703,14.170854568481445,qmix,smacv2,protoss_5_vs_5,100,0.05000000074505806
7404000,3701,2026-06-13T11:45:23.990624,5.493655681610107,2.421238422393799,2.5062813758850098,14.27135944366455,qmix,smacv2,protoss_5_vs_5,100,0.05000000074505806
7406000,3702,2026-06-13T11:48:03.837583,5.713316440582275,1.7419732809066772,2.7462313175201416,10.371858596801758,qmix,smacv2,protoss_5_vs_5,100,0.05000000074505806
7408000,3703,2026-06-13T11:50:40.381932,6.313568115234375,2.8495333194732666,2.984924793243408,14.170854568481445,qmix,smacv2,protoss_5_vs_5,100,0.10000000149011612
7410000,3704,2026-06-13T11:53:19.097629,5.650753498077393,1.5695600509643555,1.9698492288589478,8.492462158203125,qmix,smacv2,protoss_5_vs_5,100,0.0
7412000,3705,2026-06-13T11:56:00.217265,6.0541462898254395,2.252657890319824,2.719849109649658,12.878141403198242,qmix,smacv2,protoss_5_vs_5,100,0.0
7414000,3706,2026-06-13T11:58:45.090976,5.963379383087158,1.9042911529541016,4.040200710296631,12.361809730529785,qmix,smacv2,protoss_5_vs_5,100,0.05000000074505806
7416000,3707,2026-06-13T12:01:24.635730,5.2675886154174805,1.6550921201705933,2.306532621383667,7.839195251464844,qmix,smacv2,protoss_5_vs_5,100,0.0
7418000,3708,2026-06-13T12:04:05.593108,4.763567924499512,1.6825122833251953,2.4899497032165527,9.386935234069824,qmix,smacv2,protoss_5_vs_5,100,0.0
7420000,3709,2026-06-13T12:06:46.685348,5.310929298400879,1.3712236881256104,3.639446973800659,9.29648208618164,qmix,smacv2,protoss_5_vs_5,100,0.0
7422000,3710,2026-06-13T12:09:24.990852,5.148241996765137,1.4429851770401,3.0464823246002197,8.498743057250977,qmix,smacv2,protoss_5_vs_5,100,0.0
7424000,3711,2026-06-13T12:12:03.561731,5.974748611450195,2.4394853115081787,2.321607828140259,13.694723129272461,qmix,smacv2,protoss_5_vs_5,100,0.05000000074505806
7426000,3712,2026-06-13T12:14:41.476155,6.000502586364746,2.832071542739868,2.412060260772705,13.718592643737793,qmix,smacv2,protoss_5_vs_5,100,0.05000000074505806
7428000,3713,2026-06-13T12:17:18.464506,5.8670854568481445,1.1345797777175903,3.5376884937286377,7.638190269470215,qmix,smacv2,protoss_5_vs_5,100,0.0
7430000,3714,2026-06-13T12:19:54.977832,5.357726097106934,1.490527629852295,2.984924554824829,8.35175895690918,qmix,smacv2,protoss_5_vs_5,100,0.0
7432000,3715,2026-06-13T12:22:31.638272,4.522675514221191,1.3443984985351562,2.5025126934051514,7.336683750152588,qmix,smacv2,protoss_5_vs_5,100,0.0
7434000,3716,2026-06-13T12:25:09.605708,6.041394233703613,2.4486148357391357,3.121859312057495,14.090452194213867,qmix,smacv2,protoss_5_vs_5,100,0.05000000074505806
7436000,3717,2026-06-13T12:27:48.126028,3.9679646492004395,1.7288583517074585,1.1859296560287476,8.34170913696289,qmix,smacv2,protoss_5_vs_5,100,0.0
7438000,3718,2026-06-13T12:30:31.111356,6.51061487197876,1.7240896224975586,4.221105575561523,10.0,qmix,smacv2,protoss_5_vs_5,100,0.0
7440000,3719,2026-06-13T12:33:13.710151,6.077701568603516,2.4322896003723145,3.2047736644744873,12.361808776855469,qmix,smacv2,protoss_5_vs_5,100,0.05000000074505806
7442000,3720,2026-06-13T12:35:55.367510,6.305778503417969,1.7435985803604126,3.4246230125427246,9.64824104309082,qmix,smacv2,protoss_5_vs_5,100,0.0
7444000,3721,2026-06-13T12:38:37.139723,5.360239028930664,2.0093674659729004,3.226130723953247,11.969849586486816,qmix,smacv2,protoss_5_vs_5,100,0.0
7446000,3722,2026-06-13T12:41:17.138968,5.5286431312561035,1.382607340812683,3.7688441276550293,10.020100593566895,qmix,smacv2,protoss_5_vs_5,100,0.0
7448000,3723,2026-06-13T12:43:55.892128,5.963253974914551,2.2518858909606934,3.4070351123809814,14.271356582641602,qmix,smacv2,protoss_5_vs_5,100,0.05000000074505806
7450000,3724,2026-06-13T12:46:33.103588,5.7483038902282715,2.3605222702026367,1.5741206407546997,10.110552787780762,qmix,smacv2,protoss_5_vs_5,100,0.0
7452000,3725,2026-06-13T12:49:09.723658,6.213191032409668,2.71262788772583,3.128140687942505,16.180904388427734,qmix,smacv2,protoss_5_vs_5,100,0.05000000074505806
7454000,3726,2026-06-13T12:51:47.349178,5.443843841552734,1.3085224628448486,3.322864532470703,8.180904388427734,qmix,smacv2,protoss_5_vs_5,100,0.0
7456000,3727,2026-06-13T12:54:26.120218,5.153328895568848,2.4634766578674316,2.5929646492004395,14.271356582641602,qmix,smacv2,protoss_5_vs_5,100,0.05000000074505806
7458000,3728,2026-06-13T12:57:04.722040,6.103894233703613,2.1014506816864014,2.1721105575561523,12.361809730529785,qmix,smacv2,protoss_5_vs_5,100,0.05000000074505806
7460000,3729,2026-06-13T12:59:44.045817,5.3937811851501465,2.1568260192871094,2.6557788848876953,10.871859550476074,qmix,smacv2,protoss_5_vs_5,100,0.05000000074505806
7462000,3730,2026-06-13T13:02:24.860988,5.570225715637207,1.7568506002426147,2.491206169128418,8.783919334411621,qmix,smacv2,protoss_5_vs_5,100,0.0
7464000,3731,2026-06-13T13:05:06.891625,6.854711055755615,3.5966451168060303,3.9484925270080566,16.211055755615234,qmix,smacv2,protoss_5_vs_5,100,0.15000000596046448
7466000,3732,2026-06-13T13:07:48.632346,6.030778884887695,2.1683809757232666,3.3806533813476562,12.361809730529785,qmix,smacv2,protoss_5_vs_5,100,0.05000000074505806
7468000,3733,2026-06-13T13:10:30.847351,5.046482563018799,1.9407331943511963,2.4233667850494385,8.964823722839355,qmix,smacv2,protoss_5_vs_5,100,0.0
7470000,3734,2026-06-13T13:13:09.483128,5.13856840133667,1.8092089891433716,2.587939739227295,9.518844604492188,qmix,smacv2,protoss_5_vs_5,100,0.0
7472000,3735,2026-06-13T13:15:46.266883,5.808354377746582,2.202159881591797,3.047738552093506,12.384422302246094,qmix,smacv2,protoss_5_vs_5,100,0.05000000074505806
7474000,3736,2026-06-13T13:18:22.120132,5.5050249099731445,2.232919692993164,3.097990036010742,12.361808776855469,qmix,smacv2,protoss_5_vs_5,100,0.05000000074505806
7476000,3737,2026-06-13T13:21:01.740853,6.248178005218506,2.0685155391693115,1.6080402135849,9.437185287475586,qmix,smacv2,protoss_5_vs_5,100,0.0
7478000,3738,2026-06-13T13:23:40.736169,6.057914733886719,2.4231550693511963,1.959798812866211,12.16080379486084,qmix,smacv2,protoss_5_vs_5,100,0.10000000149011612
7480000,3739,2026-06-13T13:26:20.855373,5.895163536071777,2.2389533519744873,2.9786431789398193,12.361809730529785,qmix,smacv2,protoss_5_vs_5,100,0.05000000074505806
7482000,3740,2026-06-13T13:29:01.668898,6.540702819824219,2.853914976119995,1.8643214702606201,14.271357536315918,qmix,smacv2,protoss_5_vs_5,100,0.10000000149011612
7484000,3741,2026-06-13T13:31:41.017803,5.189384937286377,1.7263216972351074,2.944723606109619,10.251256942749023,qmix,smacv2,protoss_5_vs_5,100,0.05000000074505806
7486000,3742,2026-06-13T13:34:21.510109,5.817902088165283,1.5001927614212036,2.508794069290161,8.211055755615234,qmix,smacv2,protoss_5_vs_5,100,0.0
7488000,3743,2026-06-13T13:37:00.473874,5.7309675216674805,2.202497720718384,3.0854270458221436,10.79396915435791,qmix,smacv2,protoss_5_vs_5,100,0.0
7490000,3744,2026-06-13T13:39:37.541436,4.898115634918213,1.3338934183120728,2.1243720054626465,6.822864532470703,qmix,smacv2,protoss_5_vs_5,100,0.0
7492000,3745,2026-06-13T13:42:16.165232,5.958542823791504,2.194495439529419,1.95979905128479,11.226130485534668,qmix,smacv2,protoss_5_vs_5,100,0.0
7494000,3746,2026-06-13T13:44:56.131537,6.278141021728516,2.1408510208129883,3.2437186241149902,10.763818740844727,qmix,smacv2,protoss_5_vs_5,100,0.0
7496000,3747,2026-06-13T13:47:34.613959,5.6160173416137695,1.8906350135803223,1.8793967962265015,9.075376510620117,qmix,smacv2,protoss_5_vs_5,100,0.0
7498000,3748,2026-06-13T13:50:13.436487,6.143843650817871,2.5830471515655518,2.1507537364959717,14.371859550476074,qmix,smacv2,protoss_5_vs_5,100,0.05000000074505806
7500000,3749,2026-06-13T13:52:54.388886,5.8733038902282715,1.4227341413497925,3.9861807823181152,8.640703201293945,qmix,smacv2,protoss_5_vs_5,100,0.0
7502000,3750,2026-06-13T13:55:35.332802,5.248618125915527,1.539832353591919,2.7625627517700195,8.680904388427734,qmix,smacv2,protoss_5_vs_5,100,0.0
7504000,3751,2026-06-13T13:58:14.560874,5.503580570220947,1.7271524667739868,2.482412099838257,10.251255989074707,qmix,smacv2,protoss_5_vs_5,100,0.05000000074505806
7506000,3752,2026-06-13T14:00:54.939603,5.875250816345215,1.8434840440750122,3.2148241996765137,11.404521942138672,qmix,smacv2,protoss_5_vs_5,100,0.0
7508000,3753,2026-06-13T14:03:32.390027,5.097864627838135,1.3852933645248413,2.3831658363342285,7.41708517074585,qmix,smacv2,protoss_5_vs_5,100,0.0
7510000,3754,2026-06-13T14:06:09.761951,5.457036018371582,2.5667147636413574,2.4007537364959717,14.461054801940918,qmix,smacv2,protoss_5_vs_5,100,0.05000000074505806
7512000,3755,2026-06-13T14:08:47.062193,5.30502462387085,1.6318995952606201,2.5025126934051514,8.197236061096191,qmix,smacv2,protoss_5_vs_5,100,0.0
7514000,3756,2026-06-13T14:11:27.251472,7.037876129150391,2.702943801879883,3.413316249847412,14.271356582641602,qmix,smacv2,protoss_5_vs_5,100,0.10000000149011612
7516000,3757,2026-06-13T14:14:07.821932,4.57028865814209,1.4629504680633545,1.6482412815093994,7.760049343109131,qmix,smacv2,protoss_5_vs_5,100,0.0
7518000,3758,2026-06-13T14:16:55.023850,5.415138244628906,2.200209856033325,1.809045433998108,9.537688255310059,qmix,smacv2,protoss_5_vs_5,100,0.0
7520000,3759,2026-06-13T14:19:34.706357,5.1106157302856445,1.2631356716156006,3.2788939476013184,7.728643894195557,qmix,smacv2,protoss_5_vs_5,100,0.0
7522000,3760,2026-06-13T14:22:14.013951,5.315892219543457,2.2133684158325195,2.2701005935668945,12.361810684204102,qmix,smacv2,protoss_5_vs_5,100,0.05000000074505806
7524000,3761,2026-06-13T14:24:53.179513,5.412437438964844,1.794144630432129,2.4309046268463135,8.592964172363281,qmix,smacv2,protoss_5_vs_5,100,0.0
7526000,3762,2026-06-13T14:27:30.609810,5.541583061218262,2.187016725540161,2.9974873065948486,12.361808776855469,qmix,smacv2,protoss_5_vs_5,100,0.05000000074505806
7528000,3763,2026-06-13T14:30:10.387917,6.123178005218506,2.299896001815796,2.4962313175201416,11.025126457214355,qmix,smacv2,protoss_5_vs_5,100,0.0
7530000,3764,2026-06-13T14:32:49.199942,5.189761161804199,1.5007082223892212,3.2160804271698,9.145729064941406,qmix,smacv2,protoss_5_vs_5,100,0.0
7532000,3765,2026-06-13T14:35:28.564399,4.502511978149414,1.1884287595748901,2.515075445175171,6.4723615646362305,qmix,smacv2,protoss_5_vs_5,100,0.0
7534000,3766,2026-06-13T14:38:07.816781,5.893844127655029,3.1136398315429688,2.0690953731536865,14.271357536315918,qmix,smacv2,protoss_5_vs_5,100,0.05000000074505806
7536000,3767,2026-06-13T14:40:46.903834,4.974120616912842,1.7241579294204712,2.452261447906494,8.85427188873291,qmix,smacv2,protoss_5_vs_5,100,0.0
7538000,3768,2026-06-13T14:43:25.770468,3.976318836212158,1.5373446941375732,1.379396915435791,7.256280422210693,qmix,smacv2,protoss_5_vs_5,100,0.0
7540000,3769,2026-06-13T14:46:02.781553,5.744912147521973,1.8196505308151245,3.09547758102417,10.251256942749023,qmix,smacv2,protoss_5_vs_5,100,0.05000000074505806
7542000,3770,2026-06-13T14:48:42.244012,6.109673500061035,2.0221705436706543,2.2613065242767334,10.201004981994629,qmix,smacv2,protoss_5_vs_5,100,0.0
7544000,3771,2026-06-13T14:51:21.755256,5.388693332672119,1.3074400424957275,3.1582913398742676,9.310301780700684,qmix,smacv2,protoss_5_vs_5,100,0.0
7546000,3772,2026-06-13T14:54:02.607015,5.6220479011535645,1.4507205486297607,3.296482563018799,9.758792877197266,qmix,smacv2,protoss_5_vs_5,100,0.0
7548000,3773,2026-06-13T14:56:42.514991,5.559422492980957,2.099533796310425,2.2110555171966553,11.278895378112793,qmix,smacv2,protoss_5_vs_5,100,0.0
7550000,3774,2026-06-13T14:59:16.669025,4.772801399230957,1.6711502075195312,2.6030149459838867,8.840452194213867,qmix,smacv2,protoss_5_vs_5,100,0.0
7552000,3775,2026-06-13T15:01:56.309824,5.36620569229126,1.9914875030517578,2.621859073638916,9.917085647583008,qmix,smacv2,protoss_5_vs_5,100,0.0
7554000,3776,2026-06-13T15:04:36.411892,5.830904483795166,2.211322546005249,3.3567841053009033,12.390703201293945,qmix,smacv2,protoss_5_vs_5,100,0.05000000074505806
7556000,3777,2026-06-13T15:07:17.889900,5.594158172607422,1.8963993787765503,2.345477342605591,9.577890396118164,qmix,smacv2,protoss_5_vs_5,100,0.0
7558000,3778,2026-06-13T15:09:59.483985,5.302700996398926,1.9962788820266724,2.202261447906494,10.85427188873291,qmix,smacv2,protoss_5_vs_5,100,0.0
7560000,3779,2026-06-13T15:12:39.439860,5.33705997467041,1.6672931909561157,3.0201005935668945,10.050251007080078,qmix,smacv2,protoss_5_vs_5,100,0.05000000074505806
7562000,3780,2026-06-13T15:15:18.257019,5.1469221115112305,1.8346149921417236,2.4635677337646484,10.251255989074707,qmix,smacv2,protoss_5_vs_5,100,0.05000000074505806
7564000,3781,2026-06-13T15:17:57.405329,4.786746025085449,1.5044596195220947,2.7839195728302,8.842964172363281,qmix,smacv2,protoss_5_vs_5,100,0.0
7566000,3782,2026-06-13T15:20:35.190676,5.438567638397217,1.1797786951065063,2.7462310791015625,8.315326690673828,qmix,smacv2,protoss_5_vs_5,100,0.0
7568000,3783,2026-06-13T15:23:14.038287,5.706218242645264,2.351882219314575,2.8165829181671143,12.261305809020996,qmix,smacv2,protoss_5_vs_5,100,0.05000000074505806
7570000,3784,2026-06-13T15:25:52.744143,5.3497490882873535,0.9162874221801758,3.4874374866485596,7.194723606109619,qmix,smacv2,protoss_5_vs_5,100,0.0
7572000,3785,2026-06-13T15:28:34.128305,6.284862041473389,2.585850715637207,3.5741207599639893,14.201005935668945,qmix,smacv2,protoss_5_vs_5,100,0.05000000074505806
7574000,3786,2026-06-13T15:31:15.693649,5.330276012420654,2.6039528846740723,1.6394472122192383,14.070352554321289,qmix,smacv2,protoss_5_vs_5,100,0.05000000074505806
7576000,3787,2026-06-13T15:33:55.009699,5.031658172607422,1.9385298490524292,1.8366835117340088,10.15075397491455,qmix,smacv2,protoss_5_vs_5,100,0.05000000074505806
7578000,3788,2026-06-13T15:36:35.333564,6.005087852478027,1.7201907634735107,2.6105527877807617,10.351758003234863,qmix,smacv2,protoss_5_vs_5,100,0.05000000074505806
7580000,3789,2026-06-13T15:39:14.288314,5.658291816711426,1.940666675567627,3.2060303688049316,9.949748992919922,qmix,smacv2,protoss_5_vs_5,100,0.0
7582000,3790,2026-06-13T15:41:52.166104,5.647738456726074,2.0778157711029053,3.1092965602874756,10.251255989074707,qmix,smacv2,protoss_5_vs_5,100,0.05000000074505806
7584000,3791,2026-06-13T15:44:27.776762,5.800000190734863,1.4267363548278809,3.75,9.798995018005371,qmix,smacv2,protoss_5_vs_5,100,0.0
7586000,3792,2026-06-13T15:47:05.011215,5.021607875823975,1.2803095579147339,2.9246230125427246,6.932160377502441,qmix,smacv2,protoss_5_vs_5,100,0.0
7588000,3793,2026-06-13T15:49:44.080673,5.1157660484313965,2.1925599575042725,2.120603084564209,12.261306762695312,qmix,smacv2,protoss_5_vs_5,100,0.05000000074505806
7590000,3794,2026-06-13T15:52:23.969871,5.735239028930664,1.8983969688415527,2.684673309326172,9.209799766540527,qmix,smacv2,protoss_5_vs_5,100,0.0
7592000,3795,2026-06-13T15:55:04.504349,5.546168327331543,1.7034969329833984,2.2311556339263916,9.187185287475586,qmix,smacv2,protoss_5_vs_5,100,0.0
7594000,3796,2026-06-13T15:57:44.115090,5.321105480194092,1.6956813335418701,2.0615577697753906,9.738693237304688,qmix,smacv2,protoss_5_vs_5,100,0.0
7596000,3797,2026-06-13T16:00:25.267097,5.450690746307373,1.9048466682434082,2.724874496459961,10.38191032409668,qmix,smacv2,protoss_5_vs_5,100,0.05000000074505806
7598000,3798,2026-06-13T16:03:07.156708,5.1902008056640625,1.5318588018417358,2.097990036010742,8.371859550476074,qmix,smacv2,protoss_5_vs_5,100,0.0
7600000,3799,2026-06-13T16:05:46.888352,6.262311935424805,2.5492773056030273,3.1557788848876953,14.371859550476074,qmix,smacv2,protoss_5_vs_5,100,0.05000000074505806
7602000,3800,2026-06-13T16:08:24.788808,5.005716323852539,1.717367172241211,2.452261447906494,9.889447212219238,qmix,smacv2,protoss_5_vs_5,100,0.0
7604000,3801,2026-06-13T16:11:01.096828,5.251821994781494,2.506033182144165,3.0050249099731445,14.462310791015625,qmix,smacv2,protoss_5_vs_5,100,0.05000000074505806
7606000,3802,2026-06-13T16:13:41.799461,5.993153095245361,2.182079553604126,3.7587943077087402,14.271356582641602,qmix,smacv2,protoss_5_vs_5,100,0.05000000074505806
7608000,3803,2026-06-13T16:16:22.473180,6.166080474853516,2.5542893409729004,2.670854091644287,12.361808776855469,qmix,smacv2,protoss_5_vs_5,100,0.10000000149011612
7610000,3804,2026-06-13T16:19:01.240441,6.285490036010742,3.6816935539245605,2.7135677337646484,16.180904388427734,qmix,smacv2,protoss_5_vs_5,100,0.10000000149011612
7612000,3805,2026-06-13T16:21:39.909294,5.008166313171387,1.504408836364746,2.856783866882324,8.66331672668457,qmix,smacv2,protoss_5_vs_5,100,0.0
7614000,3806,2026-06-13T16:24:18.004318,5.566080570220947,1.4018481969833374,2.6105527877807617,8.733668327331543,qmix,smacv2,protoss_5_vs_5,100,0.0
7616000,3807,2026-06-13T16:26:56.234161,6.106783866882324,2.0247802734375,3.623115062713623,11.170854568481445,qmix,smacv2,protoss_5_vs_5,100,0.0
7618000,3808,2026-06-13T16:29:34.656984,4.742462158203125,2.0210964679718018,2.017587900161743,9.966079711914062,qmix,smacv2,protoss_5_vs_5,100,0.0
7620000,3809,2026-06-13T16:32:12.559562,5.741520404815674,2.3110647201538086,2.758793830871582,13.167083740234375,qmix,smacv2,protoss_5_vs_5,100,0.0
7622000,3810,2026-06-13T16:34:53.613465,5.7374372482299805,2.1578924655914307,2.378140926361084,10.251255989074707,qmix,smacv2,protoss_5_vs_5,100,0.05000000074505806
7624000,3811,2026-06-13T16:37:36.083523,4.839007377624512,1.7665153741836548,1.0452260971069336,8.937187194824219,qmix,smacv2,protoss_5_vs_5,100,0.0
7626000,3812,2026-06-13T16:40:15.007156,5.954020023345947,1.2288998365402222,4.261306285858154,8.733668327331543,qmix,smacv2,protoss_5_vs_5,100,0.0
7628000,3813,2026-06-13T16:42:54.099010,5.761872291564941,2.230672597885132,3.0037686824798584,12.582914352416992,qmix,smacv2,protoss_5_vs_5,100,0.05000000074505806
7630000,3814,2026-06-13T16:45:33.629867,5.631595611572266,2.66121768951416,1.8077890872955322,14.070352554321289,qmix,smacv2,protoss_5_vs_5,100,0.05000000074505806
7632000,3815,2026-06-13T16:48:11.858288,7.246293544769287,2.778829574584961,3.2060303688049316,14.170854568481445,qmix,smacv2,protoss_5_vs_5,100,0.20000000298023224
7634000,3816,2026-06-13T16:50:52.438429,6.4251251220703125,2.135223865509033,2.660804033279419,12.060302734375,qmix,smacv2,protoss_5_vs_5,100,0.05000000074505806
7636000,3817,2026-06-13T16:53:59.988324,6.9756903648376465,2.039966344833374,3.2537684440612793,10.775125503540039,qmix,smacv2,protoss_5_vs_5,100,0.10000000149011612
7638000,3818,2026-06-13T16:56:36.829380,4.968781471252441,1.0637741088867188,2.653266429901123,7.414572715759277,qmix,smacv2,protoss_5_vs_5,100,0.0
7640000,3819,2026-06-13T16:59:15.590702,5.771231651306152,1.8922882080078125,2.443467378616333,10.050251007080078,qmix,smacv2,protoss_5_vs_5,100,0.05000000074505806
7642000,3820,2026-06-13T17:01:54.385946,5.537123203277588,2.2283477783203125,2.5590453147888184,11.155779838562012,qmix,smacv2,protoss_5_vs_5,100,0.0
7644000,3821,2026-06-13T17:04:30.914616,5.844095230102539,1.770513892173767,3.135678291320801,9.5301513671875,qmix,smacv2,protoss_5_vs_5,100,0.0
7646000,3822,2026-06-13T17:07:06.737149,6.119033336639404,1.9255138635635376,3.538944721221924,10.452261924743652,qmix,smacv2,protoss_5_vs_5,100,0.05000000074505806
7648000,3823,2026-06-13T17:09:41.742869,6.839008331298828,2.5022354125976562,3.2060303688049316,11.30653190612793,qmix,smacv2,protoss_5_vs_5,100,0.10000000149011612
7650000,3824,2026-06-13T17:12:17.786756,5.884673118591309,1.7717900276184082,2.5025124549865723,9.84924602508545,qmix,smacv2,protoss_5_vs_5,100,0.0
7652000,3825,2026-06-13T17:14:56.878330,7.007977485656738,3.02626895904541,3.8190956115722656,16.180904388427734,qmix,smacv2,protoss_5_vs_5,100,0.20000000298023224
7654000,3826,2026-06-13T17:17:36.805733,4.811055660247803,2.3200926780700684,2.1344220638275146,10.281407356262207,qmix,smacv2,protoss_5_vs_5,100,0.0
7656000,3827,2026-06-13T17:20:17.659498,5.588693618774414,1.659374713897705,2.8442208766937256,9.716080665588379,qmix,smacv2,protoss_5_vs_5,100,0.0
7658000,3828,2026-06-13T17:22:59.078847,5.48473596572876,1.7208040952682495,2.7876884937286377,9.84924602508545,qmix,smacv2,protoss_5_vs_5,100,0.0
7660000,3829,2026-06-13T17:25:40.604814,5.373868942260742,1.986708164215088,1.9283918142318726,9.880653381347656,qmix,smacv2,protoss_5_vs_5,100,0.0
7662000,3830,2026-06-13T17:28:21.763022,5.771419525146484,1.9087169170379639,2.9711055755615234,12.361808776855469,qmix,smacv2,protoss_5_vs_5,100,0.05000000074505806
7664000,3831,2026-06-13T17:31:03.341285,6.435238838195801,2.1860077381134033,2.321608066558838,12.160804748535156,qmix,smacv2,protoss_5_vs_5,100,0.05000000074505806
7666000,3832,2026-06-13T17:33:43.405352,5.541770935058594,1.727249264717102,2.7449748516082764,8.830401420593262,qmix,smacv2,protoss_5_vs_5,100,0.0
7668000,3833,2026-06-13T17:36:21.065514,4.9972991943359375,1.170858383178711,3.0351758003234863,8.153266906738281,qmix,smacv2,protoss_5_vs_5,100,0.0
7670000,3834,2026-06-13T17:38:59.829928,5.683857440948486,2.24334454536438,2.2361807823181152,9.356783866882324,qmix,smacv2,protoss_5_vs_5,100,0.0
7672000,3835,2026-06-13T17:41:38.898396,5.866645336151123,1.7150840759277344,2.2512564659118652,8.542713165283203,qmix,smacv2,protoss_5_vs_5,100,0.0
7674000,3836,2026-06-13T17:44:16.798725,5.726883888244629,2.423938512802124,3.5477383136749268,14.371859550476074,qmix,smacv2,protoss_5_vs_5,100,0.05000000074505806
7676000,3837,2026-06-13T17:46:53.788889,5.500942707061768,1.5656471252441406,2.7035176753997803,7.687185764312744,qmix,smacv2,protoss_5_vs_5,100,0.0
7678000,3838,2026-06-13T17:49:33.379870,5.313944339752197,1.628827452659607,3.2537689208984375,10.150753021240234,qmix,smacv2,protoss_5_vs_5,100,0.05000000074505806
7680000,3839,2026-06-13T17:52:13.018757,5.609924793243408,2.2427244186401367,2.684673547744751,12.361809730529785,qmix,smacv2,protoss_5_vs_5,100,0.05000000074505806
7682000,3840,2026-06-13T17:54:53.440540,5.331030368804932,1.7443934679031372,2.3002514839172363,9.01507568359375,qmix,smacv2,protoss_5_vs_5,100,0.0
7684000,3841,2026-06-13T17:57:35.214707,6.6448493003845215,2.320024013519287,3.525125503540039,11.919597625732422,qmix,smacv2,protoss_5_vs_5,100,0.0
7686000,3842,2026-06-13T18:00:17.016377,5.776632785797119,1.9802591800689697,3.0439696311950684,9.989949226379395,qmix,smacv2,protoss_5_vs_5,100,0.0
7688000,3843,2026-06-13T18:02:57.381109,5.974874019622803,2.521545648574829,2.2148241996765137,14.412060737609863,qmix,smacv2,protoss_5_vs_5,100,0.05000000074505806
7690000,3844,2026-06-13T18:05:36.721534,6.138190746307373,2.0321662425994873,2.0201003551483154,11.0301513671875,qmix,smacv2,protoss_5_vs_5,100,0.05000000074505806
7692000,3845,2026-06-13T18:08:14.040190,5.9298996925354,2.851391077041626,2.1645727157592773,14.271356582641602,qmix,smacv2,protoss_5_vs_5,100,0.05000000074505806
7694000,3846,2026-06-13T18:10:51.177382,6.264761447906494,2.932657241821289,3.0527639389038086,16.28140640258789,qmix,smacv2,protoss_5_vs_5,100,0.05000000074505806
7696000,3847,2026-06-13T18:13:30.076678,5.137939929962158,1.452272891998291,2.201004981994629,8.85427188873291,qmix,smacv2,protoss_5_vs_5,100,0.0
7698000,3848,2026-06-13T18:16:07.407079,5.440515041351318,1.6636689901351929,3.630652904510498,9.812814712524414,qmix,smacv2,protoss_5_vs_5,100,0.0
7700000,3849,2026-06-13T18:18:47.264630,5.551946640014648,1.6805052757263184,1.8894472122192383,9.306532859802246,qmix,smacv2,protoss_5_vs_5,100,0.0
7702000,3850,2026-06-13T18:21:26.794822,5.62368106842041,1.5898654460906982,3.0025129318237305,8.804019927978516,qmix,smacv2,protoss_5_vs_5,100,0.0
7704000,3851,2026-06-13T18:24:07.474231,6.426759243011475,2.337242364883423,2.4623115062713623,12.160804748535156,qmix,smacv2,protoss_5_vs_5,100,0.05000000074505806
7706000,3852,2026-06-13T18:26:48.208925,5.326319217681885,1.6932250261306763,2.7236180305480957,9.49748706817627,qmix,smacv2,protoss_5_vs_5,100,0.0
7708000,3853,2026-06-13T18:29:28.175786,5.810490131378174,2.012040615081787,3.425879716873169,11.386935234069824,qmix,smacv2,protoss_5_vs_5,100,0.0
7710000,3854,2026-06-13T18:32:07.306781,6.106783866882324,1.637495756149292,2.9635677337646484,9.376884460449219,qmix,smacv2,protoss_5_vs_5,100,0.0
7712000,3855,2026-06-13T18:34:45.176154,4.835616111755371,1.7063220739364624,2.3693466186523438,7.909547328948975,qmix,smacv2,protoss_5_vs_5,100,0.0
7714000,3856,2026-06-13T18:37:22.996875,6.636431694030762,3.334419012069702,1.6180903911590576,14.371858596801758,qmix,smacv2,protoss_5_vs_5,100,0.15000000596046448
7716000,3857,2026-06-13T18:40:00.616590,5.791143894195557,2.3133127689361572,2.8844220638275146,12.261306762695312,qmix,smacv2,protoss_5_vs_5,100,0.05000000074505806
7718000,3858,2026-06-13T18:42:38.949100,5.274057388305664,1.8588625192642212,2.007537841796875,9.976130485534668,qmix,smacv2,protoss_5_vs_5,100,0.0
7720000,3859,2026-06-13T18:45:18.726639,6.097047805786133,2.5245676040649414,3.5540199279785156,12.432160377502441,qmix,smacv2,protoss_5_vs_5,100,0.05000000074505806
7722000,3860,2026-06-13T18:47:58.005850,5.4923996925354,1.5946916341781616,3.6331658363342285,8.522613525390625,qmix,smacv2,protoss_5_vs_5,100,0.0
7724000,3861,2026-06-13T18:50:36.878518,5.5979905128479,2.1102781295776367,2.7939698696136475,11.14572811126709,qmix,smacv2,protoss_5_vs_5,100,0.05000000074505806
7726000,3862,2026-06-13T18:53:20.130077,5.947550296783447,1.6534632444381714,4.031407356262207,10.035176277160645,qmix,smacv2,protoss_5_vs_5,100,0.0
7728000,3863,2026-06-13T18:56:06.159649,4.907977104187012,1.5154905319213867,2.297738552093506,7.708542823791504,qmix,smacv2,protoss_5_vs_5,100,0.0
7730000,3864,2026-06-13T18:58:45.039513,4.603705883026123,1.5934700965881348,1.427135705947876,6.864321708679199,qmix,smacv2,protoss_5_vs_5,100,0.0
7732000,3865,2026-06-13T19:01:24.604858,6.087876796722412,1.9456015825271606,3.3266329765319824,10.281407356262207,qmix,smacv2,protoss_5_vs_5,100,0.0
7734000,3866,2026-06-13T19:04:02.741177,6.29095458984375,2.8196489810943604,3.396984815597534,14.22361946105957,qmix,smacv2,protoss_5_vs_5,100,0.10000000149011612
7736000,3867,2026-06-13T19:06:43.134056,6.205339431762695,2.439157009124756,2.5100502967834473,12.341708183288574,qmix,smacv2,protoss_5_vs_5,100,0.05000000074505806
7738000,3868,2026-06-13T19:09:21.388364,4.926633358001709,1.6639187335968018,2.8655779361724854,10.570352554321289,qmix,smacv2,protoss_5_vs_5,100,0.0
7740000,3869,2026-06-13T19:12:02.616308,5.353957176208496,1.6925207376480103,2.910804033279419,8.673365592956543,qmix,smacv2,protoss_5_vs_5,100,0.0
7742000,3870,2026-06-13T19:14:42.180735,6.080653667449951,2.574437379837036,2.4221103191375732,12.261306762695312,qmix,smacv2,protoss_5_vs_5,100,0.05000000074505806
7744000,3871,2026-06-13T19:17:19.684274,4.858103275299072,1.6086848974227905,2.192211151123047,7.7701005935668945,qmix,smacv2,protoss_5_vs_5,100,0.0
7746000,3872,2026-06-13T19:19:57.425963,5.078454494476318,2.182854652404785,1.8228641748428345,12.24874496459961,qmix,smacv2,protoss_5_vs_5,100,0.0
7748000,3873,2026-06-13T19:22:35.602479,5.893341541290283,2.563652992248535,2.8479902744293213,12.380653381347656,qmix,smacv2,protoss_5_vs_5,100,0.05000000074505806
7750000,3874,2026-06-13T19:25:14.081606,5.8528265953063965,1.706076979637146,2.855527639389038,8.572864532470703,qmix,smacv2,protoss_5_vs_5,100,0.0
7752000,3875,2026-06-13T19:27:49.954991,5.202324390411377,1.518790364265442,3.2625625133514404,9.541457176208496,qmix,smacv2,protoss_5_vs_5,100,0.0
7754000,3876,2026-06-13T19:30:27.418032,6.427512168884277,1.8283525705337524,3.5690951347351074,10.0,qmix,smacv2,protoss_5_vs_5,100,0.0
7756000,3877,2026-06-13T19:33:06.479224,6.064509868621826,1.8505897521972656,2.3103013038635254,10.079144477844238,qmix,smacv2,protoss_5_vs_5,100,0.0
7758000,3878,2026-06-13T19:35:44.192151,5.258040428161621,1.644894003868103,1.9698489904403687,8.020100593566895,qmix,smacv2,protoss_5_vs_5,100,0.0
7760000,3879,2026-06-13T19:38:23.080702,5.331658363342285,2.1762824058532715,1.7788944244384766,10.452261924743652,qmix,smacv2,protoss_5_vs_5,100,0.05000000074505806
7762000,3880,2026-06-13T19:41:03.050014,5.5239949226379395,1.8886282444000244,2.9899497032165527,10.261305809020996,qmix,smacv2,protoss_5_vs_5,100,0.05000000074505806
7764000,3881,2026-06-13T19:43:48.304753,6.1028265953063965,2.596836805343628,2.547738790512085,12.678391456604004,qmix,smacv2,protoss_5_vs_5,100,0.05000000074505806
7766000,3882,2026-06-13T19:46:31.850435,5.713442325592041,1.910035252571106,2.8844220638275146,10.552763938903809,qmix,smacv2,protoss_5_vs_5,100,0.05000000074505806
7768000,3883,2026-06-13T19:49:15.203460,6.472047328948975,2.176424264907837,2.507537603378296,10.020099639892578,qmix,smacv2,protoss_5_vs_5,100,0.0
7770000,3884,2026-06-13T19:51:56.440398,5.838630199432373,2.4366743564605713,2.4321608543395996,10.66331672668457,qmix,smacv2,protoss_5_vs_5,100,0.0
7772000,3885,2026-06-13T19:54:38.063607,6.02286434173584,2.1102869510650635,2.9623115062713623,9.669597625732422,qmix,smacv2,protoss_5_vs_5,100,0.0
7774000,3886,2026-06-13T19:57:20.303489,5.888442039489746,2.2581615447998047,2.7562813758850098,11.26633071899414,qmix,smacv2,protoss_5_vs_5,100,0.0
7776000,3887,2026-06-13T20:00:02.413751,5.856657981872559,2.573867082595825,2.7939698696136475,14.0,qmix,smacv2,protoss_5_vs_5,100,0.0
7778000,3888,2026-06-13T20:02:40.719494,5.021544933319092,1.9312705993652344,1.8793970346450806,8.393216133117676,qmix,smacv2,protoss_5_vs_5,100,0.0
7780000,3889,2026-06-13T20:05:18.602170,5.854647636413574,1.847901463508606,3.195979595184326,8.723618507385254,qmix,smacv2,protoss_5_vs_5,100,0.0
7782000,3890,2026-06-13T20:07:54.925621,4.917964935302734,2.1492972373962402,2.1896984577178955,11.959798812866211,qmix,smacv2,protoss_5_vs_5,100,0.0
7784000,3891,2026-06-13T20:10:30.310996,5.413065433502197,2.2252297401428223,2.4974873065948486,11.30653190612793,qmix,smacv2,protoss_5_vs_5,100,0.0
7786000,3892,2026-06-13T20:13:07.223615,5.4811553955078125,1.5832058191299438,2.693467378616333,9.859296798706055,qmix,smacv2,protoss_5_vs_5,100,0.0
7788000,3893,2026-06-13T20:15:44.764843,5.797110557556152,2.513258218765259,3.227386951446533,14.371858596801758,qmix,smacv2,protoss_5_vs_5,100,0.05000000074505806
7790000,3894,2026-06-13T20:18:21.466885,5.619786262512207,1.9152536392211914,3.3982415199279785,11.826632499694824,qmix,smacv2,protoss_5_vs_5,100,0.0
7792000,3895,2026-06-13T20:20:59.474246,5.898869514465332,2.960374116897583,2.306532621383667,14.070352554321289,qmix,smacv2,protoss_5_vs_5,100,0.10000000149011612
7794000,3896,2026-06-13T20:23:38.982926,4.490515232086182,1.6858223676681519,2.0603013038635254,8.211055755615234,qmix,smacv2,protoss_5_vs_5,100,0.0
7796000,3897,2026-06-13T20:26:21.106486,7.179396629333496,2.3668875694274902,2.452261447906494,12.060300827026367,qmix,smacv2,protoss_5_vs_5,100,0.10000000149011612
7798000,3898,2026-06-13T20:29:03.385708,5.235426902770996,1.9679237604141235,1.9258792400360107,10.251255989074707,qmix,smacv2,protoss_5_vs_5,100,0.05000000074505806
7800000,3899,2026-06-13T20:31:44.996981,5.224183082580566,1.267837643623352,2.821608066558838,7.758793830871582,qmix,smacv2,protoss_5_vs_5,100,0.0
7802000,3900,2026-06-13T20:34:29.109360,5.7192840576171875,1.738145112991333,2.4623115062713623,10.729898452758789,qmix,smacv2,protoss_5_vs_5,100,0.0
7804000,3901,2026-06-13T20:37:11.954245,5.455779075622559,2.19335675239563,2.0364320278167725,11.256281852722168,qmix,smacv2,protoss_5_vs_5,100,0.0
7806000,3902,2026-06-13T20:39:54.900626,5.563190937042236,1.768394947052002,1.7600501775741577,9.105527877807617,qmix,smacv2,protoss_5_vs_5,100,0.0
7808000,3903,2026-06-13T20:42:33.228623,5.059296607971191,1.1764755249023438,3.2361807823181152,7.437185764312744,qmix,smacv2,protoss_5_vs_5,100,0.0
7810000,3904,2026-06-13T20:45:14.443470,5.634736061096191,2.0191357135772705,2.281406879425049,9.346734046936035,qmix,smacv2,protoss_5_vs_5,100,0.0
7812000,3905,2026-06-13T20:47:54.618768,6.451255798339844,2.3504350185394287,2.4321610927581787,11.798995018005371,qmix,smacv2,protoss_5_vs_5,100,0.05000000074505806
7814000,3906,2026-06-13T20:50:31.415602,5.745791435241699,2.425783395767212,1.9560301303863525,10.251255989074707,qmix,smacv2,protoss_5_vs_5,100,0.05000000074505806
7816000,3907,2026-06-13T20:53:10.215837,5.774308681488037,2.0954973697662354,3.1155776977539062,10.974874496459961,qmix,smacv2,protoss_5_vs_5,100,0.0
7818000,3908,2026-06-13T20:55:49.382974,5.336243629455566,1.7684400081634521,1.5628141164779663,8.0301513671875,qmix,smacv2,protoss_5_vs_5,100,0.0
7820000,3909,2026-06-13T20:58:27.863609,5.235363960266113,2.009242057800293,1.9974874258041382,9.183417320251465,qmix,smacv2,protoss_5_vs_5,100,0.0
7822000,3910,2026-06-13T21:01:08.103546,5.564321041107178,2.6151726245880127,2.9648241996765137,14.170854568481445,qmix,smacv2,protoss_5_vs_5,100,0.05000000074505806
7824000,3911,2026-06-13T21:03:49.544085,5.035113334655762,1.9876257181167603,2.386934757232666,9.572864532470703,qmix,smacv2,protoss_5_vs_5,100,0.0
7826000,3912,2026-06-13T21:06:30.471388,6.951005458831787,3.1472320556640625,3.1746230125427246,12.361809730529785,qmix,smacv2,protoss_5_vs_5,100,0.15000000596046448
7828000,3913,2026-06-13T21:09:11.419740,6.015514850616455,1.6802253723144531,2.9899494647979736,10.050251960754395,qmix,smacv2,protoss_5_vs_5,100,0.05000000074505806
7830000,3914,2026-06-13T21:11:50.561643,6.28467321395874,2.5680813789367676,2.0100502967834473,14.090452194213867,qmix,smacv2,protoss_5_vs_5,100,0.05000000074505806
7832000,3915,2026-06-13T21:14:31.402802,5.503894805908203,1.942976713180542,2.291457176208496,10.050251007080078,qmix,smacv2,protoss_5_vs_5,100,0.05000000074505806
7834000,3916,2026-06-13T21:17:16.216358,5.382035255432129,2.932860851287842,1.8492462635040283,16.28140640258789,qmix,smacv2,protoss_5_vs_5,100,0.05000000074505806
7836000,3917,2026-06-13T21:19:54.494796,5.083291530609131,1.8132309913635254,1.4974874258041382,9.048995018005371,qmix,smacv2,protoss_5_vs_5,100,0.0
7838000,3918,2026-06-13T21:22:32.669405,5.830151081085205,2.0913848876953125,2.620603084564209,10.35175895690918,qmix,smacv2,protoss_5_vs_5,100,0.05000000074505806
7840000,3919,2026-06-13T21:25:12.042108,6.027512073516846,1.5833086967468262,3.226130723953247,9.68844223022461,qmix,smacv2,protoss_5_vs_5,100,0.0
7842000,3920,2026-06-13T21:27:51.691300,6.934233665466309,2.563129425048828,4.001255989074707,14.381909370422363,qmix,smacv2,protoss_5_vs_5,100,0.05000000074505806
7844000,3921,2026-06-13T21:30:31.511040,6.153454780578613,2.6619508266448975,2.7135677337646484,12.48617935180664,qmix,smacv2,protoss_5_vs_5,100,0.10000000149011612
7846000,3922,2026-06-13T21:33:09.528278,4.991331577301025,1.7519757747650146,1.7851759195327759,9.39698600769043,qmix,smacv2,protoss_5_vs_5,100,0.0
7848000,3923,2026-06-13T21:35:46.278454,5.484107971191406,1.5474798679351807,2.832914352416992,8.381909370422363,qmix,smacv2,protoss_5_vs_5,100,0.0
7850000,3924,2026-06-13T21:38:25.121304,5.321608066558838,1.7220715284347534,2.8844223022460938,10.613064765930176,qmix,smacv2,protoss_5_vs_5,100,0.0
7852000,3925,2026-06-13T21:41:02.973920,5.403329372406006,2.4651377201080322,2.0502512454986572,12.261308670043945,qmix,smacv2,protoss_5_vs_5,100,0.05000000074505806
7854000,3926,2026-06-13T21:43:40.905366,5.748995304107666,2.1081924438476562,3.0050253868103027,10.32160758972168,qmix,smacv2,protoss_5_vs_5,100,0.0
7856000,3927,2026-06-13T21:46:18.656007,5.581846714019775,2.6418569087982178,2.3605527877807617,14.45854377746582,qmix,smacv2,protoss_5_vs_5,100,0.05000000074505806
7858000,3928,2026-06-13T21:48:55.787664,5.900691032409668,2.180501937866211,3.136934518814087,11.597990036010742,qmix,smacv2,protoss_5_vs_5,100,0.0
7860000,3929,2026-06-13T21:51:35.000838,5.649748802185059,2.309835910797119,2.6469850540161133,12.276382446289062,qmix,smacv2,protoss_5_vs_5,100,0.05000000074505806
7862000,3930,2026-06-13T21:54:17.411791,5.3685302734375,1.6782684326171875,2.364321708679199,8.582914352416992,qmix,smacv2,protoss_5_vs_5,100,0.0
7864000,3931,2026-06-13T21:56:59.197670,5.955653190612793,1.835274577140808,2.5540201663970947,9.537688255310059,qmix,smacv2,protoss_5_vs_5,100,0.0
7866000,3932,2026-06-13T21:59:41.451723,5.97544002532959,2.057687997817993,1.8379398584365845,11.065326690673828,qmix,smacv2,protoss_5_vs_5,100,0.0
7868000,3933,2026-06-13T22:02:23.943684,5.668090343475342,1.9186289310455322,3.5351760387420654,12.16080379486084,qmix,smacv2,protoss_5_vs_5,100,0.05000000074505806
7870000,3934,2026-06-13T22:05:03.236705,5.817022800445557,2.0993096828460693,3.902010440826416,12.572864532470703,qmix,smacv2,protoss_5_vs_5,100,0.05000000074505806
7872000,3935,2026-06-13T22:07:42.228687,5.43121862411499,1.759369134902954,3.2462310791015625,10.351758003234863,qmix,smacv2,protoss_5_vs_5,100,0.05000000074505806
7874000,3936,2026-06-13T22:10:19.526175,5.003643035888672,1.3348640203475952,2.2688441276550293,7.256281852722168,qmix,smacv2,protoss_5_vs_5,100,0.0
7876000,3937,2026-06-13T22:12:59.177145,5.6415205001831055,1.6802836656570435,2.9145727157592773,10.050251007080078,qmix,smacv2,protoss_5_vs_5,100,0.05000000074505806
7878000,3938,2026-06-13T22:15:36.452160,4.554145812988281,2.0140249729156494,1.2035175561904907,10.952260971069336,qmix,smacv2,protoss_5_vs_5,100,0.0
7880000,3939,2026-06-13T22:18:15.699386,4.780841827392578,1.3397842645645142,2.5100502967834473,8.035176277160645,qmix,smacv2,protoss_5_vs_5,100,0.0
7882000,3940,2026-06-13T22:20:52.868110,5.786369323730469,1.7135796546936035,2.7625627517700195,10.301507949829102,qmix,smacv2,protoss_5_vs_5,100,0.0
7884000,3941,2026-06-13T22:23:30.295426,6.246357440948486,2.249018669128418,3.8505027294158936,12.290201187133789,qmix,smacv2,protoss_5_vs_5,100,0.05000000074505806
7886000,3942,2026-06-13T22:26:09.511800,5.555213451385498,2.097299575805664,2.418341636657715,10.422109603881836,qmix,smacv2,protoss_5_vs_5,100,0.0
7888000,3943,2026-06-13T22:28:48.253945,5.186620235443115,1.8027418851852417,2.4736180305480957,10.271356582641602,qmix,smacv2,protoss_5_vs_5,100,0.05000000074505806
7890000,3944,2026-06-13T22:31:28.894909,5.811306476593018,1.58993399143219,2.894472599029541,9.860552787780762,qmix,smacv2,protoss_5_vs_5,100,0.0
7892000,3945,2026-06-13T22:34:06.725356,5.196482181549072,2.3387203216552734,2.0288944244384766,12.261306762695312,qmix,smacv2,protoss_5_vs_5,100,0.05000000074505806
7894000,3946,2026-06-13T22:36:46.246225,6.220790863037109,2.546172857284546,2.265075445175171,12.67336654663086,qmix,smacv2,protoss_5_vs_5,100,0.0
7896000,3947,2026-06-13T22:39:51.596117,5.8743720054626465,1.8393229246139526,3.6997485160827637,10.047739028930664,qmix,smacv2,protoss_5_vs_5,100,0.0
7898000,3948,2026-06-13T22:42:27.278900,5.7341084480285645,2.2033350467681885,3.015075445175171,12.462310791015625,qmix,smacv2,protoss_5_vs_5,100,0.05000000074505806
7900000,3949,2026-06-13T22:45:02.249763,5.181972026824951,1.2082527875900269,3.087939739227295,7.83919620513916,qmix,smacv2,protoss_5_vs_5,100,0.0
7902000,3950,2026-06-13T22:47:39.660816,6.1339826583862305,2.0643301010131836,3.5678391456604004,10.545225143432617,qmix,smacv2,protoss_5_vs_5,100,0.05000000074505806
7904000,3951,2026-06-13T22:50:16.838599,6.061118125915527,2.890174627304077,2.007537603378296,16.180904388427734,qmix,smacv2,protoss_5_vs_5,100,0.05000000074505806
7906000,3952,2026-06-13T22:52:51.933276,5.349748611450195,2.0961785316467285,1.890703558921814,9.989949226379395,qmix,smacv2,protoss_5_vs_5,100,0.0
7908000,3953,2026-06-13T22:55:31.636668,5.881595611572266,1.783462405204773,3.2060298919677734,8.753768920898438,qmix,smacv2,protoss_5_vs_5,100,0.0
7910000,3954,2026-06-13T22:58:10.033501,5.891268730163574,1.7799547910690308,2.1884422302246094,9.778894424438477,qmix,smacv2,protoss_5_vs_5,100,0.0
7912000,3955,2026-06-13T23:00:49.816848,5.407726287841797,2.814464807510376,2.613065242767334,13.033918380737305,qmix,smacv2,protoss_5_vs_5,100,0.0
7914000,3956,2026-06-13T23:03:29.175975,5.558354377746582,2.2487878799438477,2.251256227493286,12.110552787780762,qmix,smacv2,protoss_5_vs_5,100,0.0
7916000,3957,2026-06-13T23:06:09.315536,5.922739028930664,1.6832051277160645,3.2060303688049316,10.47236156463623,qmix,smacv2,protoss_5_vs_5,100,0.0
7918000,3958,2026-06-13T23:08:47.250140,4.306469917297363,1.7469208240509033,1.6884422302246094,9.286432266235352,qmix,smacv2,protoss_5_vs_5,100,0.0
7920000,3959,2026-06-13T23:11:28.040746,5.493655204772949,2.345299005508423,1.8693466186523438,12.375627517700195,qmix,smacv2,protoss_5_vs_5,100,0.05000000074505806
7922000,3960,2026-06-13T23:14:06.670797,5.010741710662842,1.4962522983551025,2.750000238418579,8.966080665588379,qmix,smacv2,protoss_5_vs_5,100,0.0
7924000,3961,2026-06-13T23:16:47.824152,4.927072525024414,1.7372856140136719,2.7236180305480957,10.27763843536377,qmix,smacv2,protoss_5_vs_5,100,0.05000000074505806
7926000,3962,2026-06-13T23:19:26.594601,5.560993194580078,2.103182077407837,1.9912059307098389,10.653266906738281,qmix,smacv2,protoss_5_vs_5,100,0.0
7928000,3963,2026-06-13T23:22:06.285851,6.057098388671875,2.462995767593384,2.864321708679199,12.261306762695312,qmix,smacv2,protoss_5_vs_5,100,0.05000000074505806
7930000,3964,2026-06-13T23:24:46.602202,5.686871528625488,1.476984977722168,3.452261447906494,9.1658296585083,qmix,smacv2,protoss_5_vs_5,100,0.0
7932000,3965,2026-06-13T23:27:26.774589,5.729208469390869,1.8069297075271606,2.9472360610961914,9.386934280395508,qmix,smacv2,protoss_5_vs_5,100,0.0
7934000,3966,2026-06-13T23:30:06.261431,4.770226001739502,2.154813289642334,2.3668341636657715,9.65829086303711,qmix,smacv2,protoss_5_vs_5,100,0.0
7936000,3967,2026-06-13T23:32:51.395964,5.545100212097168,1.8190068006515503,2.854271411895752,8.683417320251465,qmix,smacv2,protoss_5_vs_5,100,0.0
7938000,3968,2026-06-13T23:35:33.170385,5.182851791381836,1.8455747365951538,1.7902008295059204,8.582914352416992,qmix,smacv2,protoss_5_vs_5,100,0.0
7940000,3969,2026-06-13T23:38:09.931529,5.179648399353027,1.2546595335006714,2.920854330062866,7.48492431640625,qmix,smacv2,protoss_5_vs_5,100,0.0
7942000,3970,2026-06-13T23:40:51.479812,4.784234046936035,1.9914828538894653,1.95979905128479,10.630653381347656,qmix,smacv2,protoss_5_vs_5,100,0.0
7944000,3971,2026-06-13T23:43:30.322138,4.803454875946045,1.766484022140503,1.9170854091644287,8.561558723449707,qmix,smacv2,protoss_5_vs_5,100,0.0
7946000,3972,2026-06-13T23:46:07.475724,5.844974994659424,2.122163772583008,2.693467378616333,10.271356582641602,qmix,smacv2,protoss_5_vs_5,100,0.0
7948000,3973,2026-06-13T23:48:47.497258,5.916896820068359,2.1268599033355713,3.4874374866485596,11.219847679138184,qmix,smacv2,protoss_5_vs_5,100,0.0
7950000,3974,2026-06-13T23:51:24.916777,5.188756465911865,1.7148126363754272,3.064070463180542,10.221104621887207,qmix,smacv2,protoss_5_vs_5,100,0.0
7952000,3975,2026-06-13T23:54:03.453285,4.905150890350342,1.67560613155365,2.2361810207366943,9.51758861541748,qmix,smacv2,protoss_5_vs_5,100,0.0
7954000,3976,2026-06-13T23:56:42.650729,5.284987449645996,1.68742036819458,2.8743720054626465,9.407034873962402,qmix,smacv2,protoss_5_vs_5,100,0.0
7956000,3977,2026-06-13T23:59:23.474115,5.776946544647217,2.1515955924987793,3.0050251483917236,10.54648208618164,qmix,smacv2,protoss_5_vs_5,100,0.0
7958000,3978,2026-06-14T00:02:03.648979,5.147487640380859,2.1269891262054443,2.7625627517700195,10.15075397491455,qmix,smacv2,protoss_5_vs_5,100,0.05000000074505806
7960000,3979,2026-06-14T00:04:42.557156,5.636872291564941,2.575091600418091,3.2864322662353516,11.105527877807617,qmix,smacv2,protoss_5_vs_5,100,0.0
7962000,3980,2026-06-14T00:07:22.247500,5.0768842697143555,1.8739136457443237,2.120603084564209,9.085427284240723,qmix,smacv2,protoss_5_vs_5,100,0.0
7964000,3981,2026-06-14T00:10:03.742971,5.1785173416137695,1.7164361476898193,2.8241207599639893,9.798995018005371,qmix,smacv2,protoss_5_vs_5,100,0.0
7966000,3982,2026-06-14T00:12:43.998112,5.247927188873291,1.6695891618728638,2.0201005935668945,9.236181259155273,qmix,smacv2,protoss_5_vs_5,100,0.0
7968000,3983,2026-06-14T00:15:22.791937,4.628643035888672,1.4261088371276855,1.4334170818328857,7.256280422210693,qmix,smacv2,protoss_5_vs_5,100,0.0
7970000,3984,2026-06-14T00:18:02.800090,5.468781471252441,2.3055686950683594,2.410804033279419,12.462311744689941,qmix,smacv2,protoss_5_vs_5,100,0.05000000074505806
7972000,3985,2026-06-14T00:20:42.329926,5.178894996643066,1.8945510387420654,2.458542585372925,10.208542823791504,qmix,smacv2,protoss_5_vs_5,100,0.0
7974000,3986,2026-06-14T00:23:22.823152,6.299560070037842,1.8450883626937866,3.0502512454986572,10.512561798095703,qmix,smacv2,protoss_5_vs_5,100,0.05000000074505806
7976000,3987,2026-06-14T00:26:02.074224,5.109673976898193,2.208462953567505,1.798995018005371,10.70351791381836,qmix,smacv2,protoss_5_vs_5,100,0.0
7978000,3988,2026-06-14T00:28:39.520287,5.648806571960449,2.907675266265869,3.628140687942505,16.080402374267578,qmix,smacv2,protoss_5_vs_5,100,0.05000000074505806
7980000,3989,2026-06-14T00:31:20.027265,6.093969821929932,1.783150553703308,2.0917084217071533,9.216080665588379,qmix,smacv2,protoss_5_vs_5,100,0.0
7982000,3990,2026-06-14T00:34:00.718517,5.901444435119629,1.3794883489608765,3.8354268074035645,8.341708183288574,qmix,smacv2,protoss_5_vs_5,100,0.0
7984000,3991,2026-06-14T00:36:38.303975,6.055025100708008,1.9213478565216064,2.8090450763702393,11.286431312561035,qmix,smacv2,protoss_5_vs_5,100,0.0
7986000,3992,2026-06-14T00:39:18.049217,5.150125503540039,2.270709753036499,1.7977386713027954,9.83919620513916,qmix,smacv2,protoss_5_vs_5,100,0.0
7988000,3993,2026-06-14T00:41:57.696531,5.014572620391846,1.784533143043518,2.571608066558838,10.8341703414917,qmix,smacv2,protoss_5_vs_5,100,0.0
7990000,3994,2026-06-14T00:44:37.460884,6.040703296661377,2.0673468112945557,3.208542585372925,11.543970108032227,qmix,smacv2,protoss_5_vs_5,100,0.0
7992000,3995,2026-06-14T00:47:18.383224,5.740891933441162,1.5537588596343994,3.402009963989258,10.432161331176758,qmix,smacv2,protoss_5_vs_5,100,0.0
7994000,3996,2026-06-14T00:49:55.806225,5.94912052154541,2.5251080989837646,2.7638192176818848,12.261306762695312,qmix,smacv2,protoss_5_vs_5,100,0.05000000074505806
7996000,3997,2026-06-14T00:52:36.325467,5.1179022789001465,2.330704689025879,2.031406879425049,11.907034873962402,qmix,smacv2,protoss_5_vs_5,100,0.0
7998000,3998,2026-06-14T00:55:15.496914,5.462939262390137,2.3289175033569336,2.6231155395507812,10.552763938903809,qmix,smacv2,protoss_5_vs_5,100,0.0
8000000,3999,2026-06-14T00:57:56.636985,5.145916938781738,1.2691045999526978,2.7135677337646484,7.507537841796875,qmix,smacv2,protoss_5_vs_5,100,0.0
8002000,4000,2026-06-14T01:00:35.680516,6.014510154724121,2.937209367752075,2.5929648876190186,12.060301780700684,qmix,smacv2,protoss_5_vs_5,100,0.10000000149011612
8004000,4001,2026-06-14T01:03:13.460051,5.535113334655762,1.7212704420089722,2.8844223022460938,10.301507949829102,qmix,smacv2,protoss_5_vs_5,100,0.0
8006000,4002,2026-06-14T01:05:53.090521,5.8555908203125,1.6484793424606323,2.751256227493286,10.472362518310547,qmix,smacv2,protoss_5_vs_5,100,0.0
8008000,4003,2026-06-14T01:08:33.201375,5.126570224761963,1.6529375314712524,2.5829145908355713,9.494974136352539,qmix,smacv2,protoss_5_vs_5,100,0.0
8010000,4004,2026-06-14T01:11:13.329293,4.849748611450195,1.3050950765609741,3.095477342605591,7.561557769775391,qmix,smacv2,protoss_5_vs_5,100,0.0
8012000,4005,2026-06-14T01:13:53.899339,5.416269302368164,1.6339558362960815,2.620603084564209,8.615577697753906,qmix,smacv2,protoss_5_vs_5,100,0.0
8014000,4006,2026-06-14T01:16:35.960849,5.928832054138184,2.7004308700561523,1.9296480417251587,14.170855522155762,qmix,smacv2,protoss_5_vs_5,100,0.05000000074505806
8016000,4007,2026-06-14T01:19:18.066264,5.472550392150879,1.8132562637329102,2.6733667850494385,8.412059783935547,qmix,smacv2,protoss_5_vs_5,100,0.0
8018000,4008,2026-06-14T01:22:00.333156,6.15433406829834,1.7670105695724487,3.3668341636657715,10.552764892578125,qmix,smacv2,protoss_5_vs_5,100,0.10000000149011612
8020000,4009,2026-06-14T01:24:43.328479,5.68850564956665,1.2709184885025024,3.089195966720581,8.010050773620605,qmix,smacv2,protoss_5_vs_5,100,0.0
8022000,4010,2026-06-14T01:27:25.873330,5.853392124176025,1.911480188369751,2.120603084564209,9.316583633422852,qmix,smacv2,protoss_5_vs_5,100,0.0
8024000,4011,2026-06-14T01:30:06.817734,5.018027305603027,1.11362886428833,3.143216133117676,6.773869514465332,qmix,smacv2,protoss_5_vs_5,100,0.0
8026000,4012,2026-06-14T01:32:46.433542,5.5987443923950195,1.4350011348724365,3.0929646492004395,9.028895378112793,qmix,smacv2,protoss_5_vs_5,100,0.0
8028000,4013,2026-06-14T01:35:25.741358,5.879208564758301,2.284130811691284,1.8417084217071533,10.050251007080078,qmix,smacv2,protoss_5_vs_5,100,0.05000000074505806
8030000,4014,2026-06-14T01:38:04.342173,5.989949703216553,1.950950026512146,3.444723606109619,10.35175895690918,qmix,smacv2,protoss_5_vs_5,100,0.10000000149011612
8032000,4015,2026-06-14T01:40:41.774905,4.983668327331543,1.7042043209075928,2.2311556339263916,7.718592643737793,qmix,smacv2,protoss_5_vs_5,100,0.0
8034000,4016,2026-06-14T01:43:20.327782,5.893153190612793,2.4806296825408936,1.8693468570709229,12.261306762695312,qmix,smacv2,protoss_5_vs_5,100,0.05000000074505806
8036000,4017,2026-06-14T01:45:58.922968,5.34164571762085,1.8285008668899536,2.5427136421203613,8.572864532470703,qmix,smacv2,protoss_5_vs_5,100,0.0
8038000,4018,2026-06-14T01:48:37.693406,4.848994731903076,1.6807870864868164,1.9547736644744873,8.185930252075195,qmix,smacv2,protoss_5_vs_5,100,0.0
8040000,4019,2026-06-14T01:51:24.116403,4.882726192474365,1.3864704370498657,2.7638192176818848,6.934673309326172,qmix,smacv2,protoss_5_vs_5,100,0.0
8042000,4020,2026-06-14T01:54:03.456248,4.8854265213012695,1.550050139427185,2.7072863578796387,7.442211151123047,qmix,smacv2,protoss_5_vs_5,100,0.0
8044000,4021,2026-06-14T01:56:43.296789,4.788254261016846,1.8862059116363525,2.571608066558838,8.412059783935547,qmix,smacv2,protoss_5_vs_5,100,0.0
8046000,4022,2026-06-14T01:59:25.698370,5.223994731903076,1.835108995437622,2.7123115062713623,10.130653381347656,qmix,smacv2,protoss_5_vs_5,100,0.0
8048000,4023,2026-06-14T02:02:06.177275,5.732914924621582,2.9178056716918945,1.467336654663086,16.281408309936523,qmix,smacv2,protoss_5_vs_5,100,0.05000000074505806
8050000,4024,2026-06-14T02:04:47.181950,6.385426998138428,2.4973034858703613,2.8756279945373535,10.603015899658203,qmix,smacv2,protoss_5_vs_5,100,0.0
8052000,4025,2026-06-14T02:07:26.302344,5.1803388595581055,1.2390847206115723,3.3567841053009033,7.83919620513916,qmix,smacv2,protoss_5_vs_5,100,0.0
8054000,4026,2026-06-14T02:10:08.282711,5.777261257171631,2.1746814250946045,2.361809015274048,12.261306762695312,qmix,smacv2,protoss_5_vs_5,100,0.05000000074505806
8056000,4027,2026-06-14T02:12:48.804715,5.323430061340332,1.5885920524597168,2.6419596672058105,9.859296798706055,qmix,smacv2,protoss_5_vs_5,100,0.0
8058000,4028,2026-06-14T02:15:30.616681,6.795226097106934,2.8617892265319824,2.879396915435791,12.29145622253418,qmix,smacv2,protoss_5_vs_5,100,0.15000000596046448
8060000,4029,2026-06-14T02:18:10.950921,5.347236156463623,1.8595064878463745,2.861809253692627,10.050251007080078,qmix,smacv2,protoss_5_vs_5,100,0.05000000074505806
8062000,4030,2026-06-14T02:20:51.273312,5.2654523849487305,1.166414737701416,2.8241207599639893,7.939698696136475,qmix,smacv2,protoss_5_vs_5,100,0.0
8064000,4031,2026-06-14T02:23:31.478605,5.219786167144775,2.2262117862701416,2.4623115062713623,12.070351600646973,qmix,smacv2,protoss_5_vs_5,100,0.05000000074505806
8066000,4032,2026-06-14T02:26:10.436717,6.679020881652832,2.7487897872924805,3.3165829181671143,12.361807823181152,qmix,smacv2,protoss_5_vs_5,100,0.15000000596046448
8068000,4033,2026-06-14T02:28:49.656695,5.817965030670166,1.033667802810669,3.7047736644744873,7.638191223144531,qmix,smacv2,protoss_5_vs_5,100,0.0
8070000,4034,2026-06-14T02:31:26.634525,5.220099925994873,1.1246141195297241,3.201005220413208,7.919598579406738,qmix,smacv2,protoss_5_vs_5,100,0.0
8072000,4035,2026-06-14T02:34:05.321743,5.206784248352051,1.8170578479766846,2.9723618030548096,10.23492431640625,qmix,smacv2,protoss_5_vs_5,100,0.0
8074000,4036,2026-06-14T02:36:43.981553,5.098114967346191,1.8115661144256592,2.170854330062866,11.386934280395508,qmix,smacv2,protoss_5_vs_5,100,0.0
8076000,4037,2026-06-14T02:39:25.263749,6.354836463928223,1.6465203762054443,4.050251007080078,10.109296798706055,qmix,smacv2,protoss_5_vs_5,100,0.0
8078000,4038,2026-06-14T02:42:06.222667,5.315326690673828,1.7128551006317139,2.1507537364959717,10.30904483795166,qmix,smacv2,protoss_5_vs_5,100,0.0
8080000,4039,2026-06-14T02:44:48.100310,5.0548996925354,1.8330647945404053,2.8505024909973145,10.170854568481445,qmix,smacv2,protoss_5_vs_5,100,0.0
8082000,4040,2026-06-14T02:47:28.927324,5.1446614265441895,1.3420230150222778,2.0452260971069336,7.577889442443848,qmix,smacv2,protoss_5_vs_5,100,0.0
8084000,4041,2026-06-14T02:50:08.803224,5.4952263832092285,2.008333683013916,3.2688441276550293,10.251255989074707,qmix,smacv2,protoss_5_vs_5,100,0.05000000074505806
8086000,4042,2026-06-14T02:52:48.808028,5.941457748413086,1.696899175643921,3.015075445175171,8.581658363342285,qmix,smacv2,protoss_5_vs_5,100,0.0
8088000,4043,2026-06-14T02:55:27.820382,5.700063228607178,2.2375006675720215,2.522613286972046,12.130654335021973,qmix,smacv2,protoss_5_vs_5,100,0.05000000074505806
8090000,4044,2026-06-14T02:58:06.191298,6.073492527008057,2.679844379425049,2.5025124549865723,14.271356582641602,qmix,smacv2,protoss_5_vs_5,100,0.05000000074505806
8092000,4045,2026-06-14T03:00:43.435159,5.167964935302734,3.048079252243042,2.187185764312744,16.080402374267578,qmix,smacv2,protoss_5_vs_5,100,0.05000000074505806
8094000,4046,2026-06-14T03:03:22.620308,5.140766620635986,2.3567745685577393,2.6746230125427246,14.271356582641602,qmix,smacv2,protoss_5_vs_5,100,0.05000000074505806
8096000,4047,2026-06-14T03:06:02.298881,5.4628143310546875,1.8291958570480347,3.0037689208984375,9.9698486328125,qmix,smacv2,protoss_5_vs_5,100,0.0
8098000,4048,2026-06-14T03:08:41.785467,4.824748516082764,1.2854574918746948,2.741206169128418,8.271357536315918,qmix,smacv2,protoss_5_vs_5,100,0.0
8100000,4049,2026-06-14T03:11:22.500687,4.4378767013549805,1.7152602672576904,2.3580403327941895,8.792713165283203,qmix,smacv2,protoss_5_vs_5,100,0.0
8102000,4050,2026-06-14T03:14:04.229462,5.840892314910889,1.4221423864364624,3.855527400970459,9.788945198059082,qmix,smacv2,protoss_5_vs_5,100,0.0
8104000,4051,2026-06-14T03:16:46.381883,5.7459797859191895,1.9268908500671387,2.958542585372925,9.48743724822998,qmix,smacv2,protoss_5_vs_5,100,0.0
8106000,4052,2026-06-14T03:19:28.083931,6.110489845275879,1.889986515045166,3.3680903911590576,9.809045791625977,qmix,smacv2,protoss_5_vs_5,100,0.0
8108000,4053,2026-06-14T03:22:09.492197,6.316897392272949,2.2873620986938477,3.6256282329559326,12.261307716369629,qmix,smacv2,protoss_5_vs_5,100,0.05000000074505806
8110000,4054,2026-06-14T03:24:48.001993,6.082789421081543,2.2821033000946045,2.572864055633545,10.35175895690918,qmix,smacv2,protoss_5_vs_5,100,0.05000000074505806
8112000,4055,2026-06-14T03:27:27.304827,5.642148017883301,1.7841455936431885,2.5515079498291016,9.537689208984375,qmix,smacv2,protoss_5_vs_5,100,0.0
8114000,4056,2026-06-14T03:30:07.050680,6.254271507263184,2.067399501800537,3.532663345336914,12.239949226379395,qmix,smacv2,protoss_5_vs_5,100,0.05000000074505806
8116000,4057,2026-06-14T03:32:46.487934,5.207914352416992,2.317115545272827,1.968592882156372,12.16080379486084,qmix,smacv2,protoss_5_vs_5,100,0.05000000074505806
8118000,4058,2026-06-14T03:35:26.439472,5.934673309326172,2.4148688316345215,3.0050251483917236,14.271357536315918,qmix,smacv2,protoss_5_vs_5,100,0.05000000074505806
8120000,4059,2026-06-14T03:38:07.463475,5.406218528747559,1.167050838470459,2.8844218254089355,7.439698219299316,qmix,smacv2,protoss_5_vs_5,100,0.0
8122000,4060,2026-06-14T03:40:46.111680,5.673617839813232,1.7172678709030151,2.9309043884277344,8.643216133117676,qmix,smacv2,protoss_5_vs_5,100,0.0
8124000,4061,2026-06-14T03:43:26.354331,5.547738552093506,2.283768653869629,3.0665831565856934,10.18844223022461,qmix,smacv2,protoss_5_vs_5,100,0.05000000074505806
8126000,4062,2026-06-14T03:46:06.453108,5.144974708557129,2.397404909133911,2.6746232509613037,12.16080379486084,qmix,smacv2,protoss_5_vs_5,100,0.05000000074505806
8128000,4063,2026-06-14T03:48:47.047989,5.895352363586426,2.3010752201080322,2.371859312057495,12.16080379486084,qmix,smacv2,protoss_5_vs_5,100,0.05000000074505806
8130000,4064,2026-06-14T03:51:25.394081,5.878265857696533,1.3060941696166992,3.5778892040252686,8.353014945983887,qmix,smacv2,protoss_5_vs_5,100,0.0
8132000,4065,2026-06-14T03:54:04.386441,5.223052501678467,1.903401255607605,1.9296481609344482,9.477386474609375,qmix,smacv2,protoss_5_vs_5,100,0.0
8134000,4066,2026-06-14T03:56:44.695019,4.928140640258789,1.4056991338729858,2.961055040359497,7.801507472991943,qmix,smacv2,protoss_5_vs_5,100,0.0
8136000,4067,2026-06-14T03:59:23.684491,5.9368085861206055,1.7999335527420044,3.386934757232666,10.581658363342285,qmix,smacv2,protoss_5_vs_5,100,0.05000000074505806
8138000,4068,2026-06-14T04:02:02.964817,5.7106146812438965,1.4996893405914307,3.16959810256958,8.854270935058594,qmix,smacv2,protoss_5_vs_5,100,0.0
8140000,4069,2026-06-14T04:04:40.899824,5.617776393890381,1.6434311866760254,3.079145908355713,8.592965126037598,qmix,smacv2,protoss_5_vs_5,100,0.0
8142000,4070,2026-06-14T04:07:21.896030,5.526193618774414,2.12184476852417,2.8052761554718018,12.060302734375,qmix,smacv2,protoss_5_vs_5,100,0.05000000074505806
8144000,4071,2026-06-14T04:10:00.103298,5.4467339515686035,1.5553487539291382,2.9962313175201416,8.15075397491455,qmix,smacv2,protoss_5_vs_5,100,0.0
8146000,4072,2026-06-14T04:12:46.106660,5.4550251960754395,2.4803929328918457,2.5829148292541504,12.361809730529785,qmix,smacv2,protoss_5_vs_5,100,0.05000000074505806
8148000,4073,2026-06-14T04:15:26.583676,4.9435930252075195,1.200759768486023,2.2123115062713623,7.326632499694824,qmix,smacv2,protoss_5_vs_5,100,0.0
8150000,4074,2026-06-14T04:18:06.855325,5.2797746658325195,1.3026851415634155,2.5603013038635254,7.688442230224609,qmix,smacv2,protoss_5_vs_5,100,0.0
8152000,4075,2026-06-14T04:20:46.515398,5.841080665588379,1.7254265546798706,2.7437186241149902,9.615578651428223,qmix,smacv2,protoss_5_vs_5,100,0.0
8154000,4076,2026-06-14T04:23:33.659414,5.9985551834106445,2.103313446044922,2.0,10.15075397491455,qmix,smacv2,protoss_5_vs_5,100,0.05000000074505806
8156000,4077,2026-06-14T04:26:35.351161,5.001695156097412,1.5530918836593628,2.4962313175201416,8.316582679748535,qmix,smacv2,protoss_5_vs_5,100,0.0
8158000,4078,2026-06-14T04:29:10.734642,4.69378137588501,1.3787987232208252,2.5025126934051514,7.688443183898926,qmix,smacv2,protoss_5_vs_5,100,0.0
8160000,4079,2026-06-14T04:31:52.458172,4.849874019622803,1.4108022451400757,2.5025126934051514,7.961054801940918,qmix,smacv2,protoss_5_vs_5,100,0.0
8162000,4080,2026-06-14T04:34:38.235524,5.4910173416137695,1.6986812353134155,3.315326690673828,8.379396438598633,qmix,smacv2,protoss_5_vs_5,100,0.0
8164000,4081,2026-06-14T04:37:22.532821,5.659735679626465,2.2331056594848633,2.7537689208984375,12.361809730529785,qmix,smacv2,protoss_5_vs_5,100,0.05000000074505806
8166000,4082,2026-06-14T04:40:07.402932,5.9744977951049805,2.0252513885498047,2.5590453147888184,10.658291816711426,qmix,smacv2,protoss_5_vs_5,100,0.05000000074505806
8168000,4083,2026-06-14T04:42:51.551438,7.482537746429443,2.5789477825164795,4.1005024909973145,12.261306762695312,qmix,smacv2,protoss_5_vs_5,100,0.10000000149011612
8170000,4084,2026-06-14T04:45:34.771358,6.8108038902282715,2.4290006160736084,3.3404526710510254,12.003769874572754,qmix,smacv2,protoss_5_vs_5,100,0.05000000074505806
8172000,4085,2026-06-14T04:48:15.649458,3.2298996448516846,1.6557799577713013,0.6331658363342285,6.603014945983887,qmix,smacv2,protoss_5_vs_5,100,0.0
8174000,4086,2026-06-14T04:50:55.879976,5.003894805908203,1.639573574066162,2.663316488265991,8.020100593566895,qmix,smacv2,protoss_5_vs_5,100,0.0
8176000,4087,2026-06-14T04:53:35.045876,5.179082870483398,1.6139990091323853,3.3731160163879395,10.452260971069336,qmix,smacv2,protoss_5_vs_5,100,0.0
8178000,4088,2026-06-14T04:56:12.640129,5.309422016143799,2.272308111190796,2.7236180305480957,12.462312698364258,qmix,smacv2,protoss_5_vs_5,100,0.05000000074505806
8180000,4089,2026-06-14T04:58:49.993033,6.0878143310546875,2.4635801315307617,3.0301506519317627,11.738693237304688,qmix,smacv2,protoss_5_vs_5,100,0.0
8182000,4090,2026-06-14T05:01:29.349662,5.944032669067383,1.2878751754760742,3.168341636657715,8.488694190979004,qmix,smacv2,protoss_5_vs_5,100,0.0
8184000,4091,2026-06-14T05:04:09.283559,5.158982276916504,1.9359931945800781,2.7939701080322266,12.160802841186523,qmix,smacv2,protoss_5_vs_5,100,0.05000000074505806
8186000,4092,2026-06-14T05:06:49.687699,5.639195919036865,2.716569662094116,2.6834170818328857,16.180904388427734,qmix,smacv2,protoss_5_vs_5,100,0.05000000074505806
8188000,4093,2026-06-14T05:09:29.182515,6.146042823791504,2.1164093017578125,3.0226128101348877,12.261306762695312,qmix,smacv2,protoss_5_vs_5,100,0.10000000149011612
8190000,4094,2026-06-14T05:12:09.517702,5.9130659103393555,2.1955552101135254,3.09924578666687,11.488693237304688,qmix,smacv2,protoss_5_vs_5,100,0.0
8192000,4095,2026-06-14T05:14:50.129152,4.634359836578369,1.119038462638855,2.4899497032165527,6.703516960144043,qmix,smacv2,protoss_5_vs_5,100,0.0
8194000,4096,2026-06-14T05:17:31.193668,5.781281471252441,1.4049112796783447,3.8165829181671143,8.614322662353516,qmix,smacv2,protoss_5_vs_5,100,0.0
8196000,4097,2026-06-14T05:20:10.050495,5.779082775115967,1.3871324062347412,3.396984815597534,8.291457176208496,qmix,smacv2,protoss_5_vs_5,100,0.0
8198000,4098,2026-06-14T05:22:50.647729,5.8808417320251465,2.1456727981567383,2.428391933441162,9.64824104309082,qmix,smacv2,protoss_5_vs_5,100,0.0
8200000,4099,2026-06-14T05:25:30.067010,5.838316440582275,1.523457646369934,2.7939698696136475,8.134422302246094,qmix,smacv2,protoss_5_vs_5,100,0.0
8202000,4100,2026-06-14T05:28:08.675459,5.918215751647949,1.7720011472702026,3.2474875450134277,9.834171295166016,qmix,smacv2,protoss_5_vs_5,100,0.0
8204000,4101,2026-06-14T05:30:47.977025,5.983856678009033,1.5585477352142334,3.668341875076294,10.584171295166016,qmix,smacv2,protoss_5_vs_5,100,0.0
8206000,4102,2026-06-14T05:33:28.804388,6.052260875701904,1.8365143537521362,3.3128139972686768,10.369346618652344,qmix,smacv2,protoss_5_vs_5,100,0.05000000074505806
8208000,4103,2026-06-14T05:36:10.268482,6.923744201660156,2.6835269927978516,2.814070224761963,14.320352554321289,qmix,smacv2,protoss_5_vs_5,100,0.10000000149011612
8210000,4104,2026-06-14T05:38:48.244292,5.735552787780762,2.1638572216033936,2.492462158203125,12.924623489379883,qmix,smacv2,protoss_5_vs_5,100,0.0
8212000,4105,2026-06-14T05:41:25.113008,6.229459762573242,2.4727933406829834,2.393216133117676,12.261306762695312,qmix,smacv2,protoss_5_vs_5,100,0.15000000596046448
8214000,4106,2026-06-14T05:44:05.601350,5.61337947845459,1.8046845197677612,3.105527639389038,8.934673309326172,qmix,smacv2,protoss_5_vs_5,100,0.0
8216000,4107,2026-06-14T05:46:47.177081,5.64089298248291,1.5233708620071411,3.3278892040252686,9.56155776977539,qmix,smacv2,protoss_5_vs_5,100,0.0
8218000,4108,2026-06-14T05:49:27.105328,5.9687819480896,2.3727738857269287,3.1984925270080566,12.26130485534668,qmix,smacv2,protoss_5_vs_5,100,0.05000000074505806
8220000,4109,2026-06-14T05:52:06.917082,5.430966854095459,1.287919282913208,3.6155781745910645,8.422110557556152,qmix,smacv2,protoss_5_vs_5,100,0.0
8222000,4110,2026-06-14T05:54:45.489356,6.747487545013428,3.1124989986419678,2.8605527877807617,14.381909370422363,qmix,smacv2,protoss_5_vs_5,100,0.10000000149011612
8224000,4111,2026-06-14T05:57:26.439601,5.25910758972168,1.4208348989486694,2.5603015422821045,8.288944244384766,qmix,smacv2,protoss_5_vs_5,100,0.0
8226000,4112,2026-06-14T06:00:06.857456,5.389572620391846,1.4911682605743408,3.0540201663970947,8.75,qmix,smacv2,protoss_5_vs_5,100,0.0
8228000,4113,2026-06-14T06:02:48.206788,6.093718528747559,2.013235330581665,2.854271411895752,10.050251007080078,qmix,smacv2,protoss_5_vs_5,100,0.05000000074505806
8230000,4114,2026-06-14T06:05:27.996743,5.760678768157959,1.6160225868225098,3.6909546852111816,10.452261924743652,qmix,smacv2,protoss_5_vs_5,100,0.05000000074505806
8232000,4115,2026-06-14T06:08:08.946394,6.678517818450928,2.7698631286621094,3.1017587184906006,14.170854568481445,qmix,smacv2,protoss_5_vs_5,100,0.10000000149011612
8234000,4116,2026-06-14T06:10:47.140250,5.571608066558838,1.7683014869689941,2.8329145908355713,8.743718147277832,qmix,smacv2,protoss_5_vs_5,100,0.0
8236000,4117,2026-06-14T06:13:26.778692,5.922613143920898,1.5978127717971802,1.9346733093261719,8.542713165283203,qmix,smacv2,protoss_5_vs_5,100,0.0
8238000,4118,2026-06-14T06:16:05.865764,5.696042537689209,2.385185480117798,2.347989797592163,12.312814712524414,qmix,smacv2,protoss_5_vs_5,100,0.05000000074505806
8240000,4119,2026-06-14T06:18:45.773528,5.741331577301025,2.4333584308624268,1.9246231317520142,12.261306762695312,qmix,smacv2,protoss_5_vs_5,100,0.05000000074505806
8242000,4120,2026-06-14T06:21:26.547888,6.958919525146484,2.2232296466827393,3.265075206756592,12.160804748535156,qmix,smacv2,protoss_5_vs_5,100,0.10000000149011612
8244000,4121,2026-06-14T06:24:05.373539,5.818027019500732,1.4418158531188965,3.889446973800659,10.261305809020996,qmix,smacv2,protoss_5_vs_5,100,0.05000000074505806
8246000,4122,2026-06-14T06:26:45.444975,5.793781280517578,2.447009563446045,3.113065242767334,14.138189315795898,qmix,smacv2,protoss_5_vs_5,100,0.0
8248000,4123,2026-06-14T06:29:24.918212,3.792587995529175,2.399118423461914,1.233668327331543,12.552763938903809,qmix,smacv2,protoss_5_vs_5,100,0.0
8250000,4124,2026-06-14T06:32:12.092397,5.885364055633545,2.2616796493530273,2.0527639389038086,12.363064765930176,qmix,smacv2,protoss_5_vs_5,100,0.05000000074505806
8252000,4125,2026-06-14T06:34:51.746751,5.439824104309082,1.9926499128341675,3.347989559173584,12.261306762695312,qmix,smacv2,protoss_5_vs_5,100,0.05000000074505806
8254000,4126,2026-06-14T06:37:32.352939,5.595414161682129,1.6124929189682007,3.0590450763702393,8.773869514465332,qmix,smacv2,protoss_5_vs_5,100,0.0
8256000,4127,2026-06-14T06:40:09.334580,5.928768634796143,2.134178876876831,3.316582441329956,12.853014945983887,qmix,smacv2,protoss_5_vs_5,100,0.05000000074505806
8258000,4128,2026-06-14T06:42:46.923180,5.571230888366699,1.9022129774093628,2.969849109649658,10.773868560791016,qmix,smacv2,protoss_5_vs_5,100,0.0
8260000,4129,2026-06-14T06:45:25.809661,5.1928391456604,1.9321035146713257,3.13567852973938,9.50251293182373,qmix,smacv2,protoss_5_vs_5,100,0.0
8262000,4130,2026-06-14T06:48:05.678849,5.674559593200684,2.2298877239227295,2.581658363342285,12.361808776855469,qmix,smacv2,protoss_5_vs_5,100,0.05000000074505806
8264000,4131,2026-06-14T06:50:45.543762,6.128580570220947,1.922850251197815,3.3178391456604004,10.927135467529297,qmix,smacv2,protoss_5_vs_5,100,0.05000000074505806
8266000,4132,2026-06-14T06:53:24.000883,5.653642654418945,2.3736886978149414,3.7135682106018066,14.170854568481445,qmix,smacv2,protoss_5_vs_5,100,0.05000000074505806
8268000,4133,2026-06-14T06:56:02.011095,5.073304176330566,1.3931591510772705,2.6344218254089355,7.5301513671875,qmix,smacv2,protoss_5_vs_5,100,0.0
8270000,4134,2026-06-14T06:58:39.672307,5.63925838470459,1.2818305492401123,3.3417084217071533,8.844221115112305,qmix,smacv2,protoss_5_vs_5,100,0.0
8272000,4135,2026-06-14T07:01:17.942209,5.9336676597595215,1.8096321821212769,2.2311556339263916,10.432160377502441,qmix,smacv2,protoss_5_vs_5,100,0.0
8274000,4136,2026-06-14T07:03:58.685753,5.2192840576171875,2.049417495727539,2.5113065242767334,12.502511978149414,qmix,smacv2,protoss_5_vs_5,100,0.0
8276000,4137,2026-06-14T07:06:40.202902,5.715514659881592,1.4317823648452759,2.331658363342285,8.100502967834473,qmix,smacv2,protoss_5_vs_5,100,0.0
8278000,4138,2026-06-14T07:09:23.273850,6.660364627838135,2.806222915649414,3.0376884937286377,16.180904388427734,qmix,smacv2,protoss_5_vs_5,100,0.10000000149011612
8280000,4139,2026-06-14T07:12:04.853349,5.820917129516602,2.2785067558288574,3.6268844604492188,14.271356582641602,qmix,smacv2,protoss_5_vs_5,100,0.05000000074505806
8282000,4140,2026-06-14T07:14:47.864925,5.754145622253418,2.0293691158294678,1.9070351123809814,9.451004981994629,qmix,smacv2,protoss_5_vs_5,100,0.0
8284000,4141,2026-06-14T07:17:30.236572,5.618782043457031,1.714371919631958,2.1005024909973145,7.788945198059082,qmix,smacv2,protoss_5_vs_5,100,0.0
8286000,4142,2026-06-14T07:20:11.449182,5.352512359619141,1.7239501476287842,2.346733808517456,9.788945198059082,qmix,smacv2,protoss_5_vs_5,100,0.0
8288000,4143,2026-06-14T07:22:53.183104,6.052073001861572,1.5547680854797363,3.7688441276550293,8.572864532470703,qmix,smacv2,protoss_5_vs_5,100,0.0
8290000,4144,2026-06-14T07:25:33.089317,5.515766620635986,1.7259812355041504,2.540200710296631,8.442211151123047,qmix,smacv2,protoss_5_vs_5,100,0.0
8292000,4145,2026-06-14T07:28:14.040890,6.120603084564209,1.957209587097168,4.291457176208496,12.160804748535156,qmix,smacv2,protoss_5_vs_5,100,0.05000000074505806
8294000,4146,2026-06-14T07:30:51.975808,5.599937438964844,1.7669777870178223,2.4145727157592773,8.143217086791992,qmix,smacv2,protoss_5_vs_5,100,0.0
8296000,4147,2026-06-14T07:33:30.753889,5.686745643615723,1.7264671325683594,3.297738552093506,9.105527877807617,qmix,smacv2,protoss_5_vs_5,100,0.0
8298000,4148,2026-06-14T07:36:11.192932,5.460992336273193,2.432591438293457,2.201004981994629,12.261306762695312,qmix,smacv2,protoss_5_vs_5,100,0.05000000074505806
8300000,4149,2026-06-14T07:38:52.152182,6.407601356506348,2.383993148803711,2.7839195728302,12.16080379486084,qmix,smacv2,protoss_5_vs_5,100,0.05000000074505806
8302000,4150,2026-06-14T07:41:31.982813,5.317211151123047,1.7833317518234253,1.2248743772506714,8.337939262390137,qmix,smacv2,protoss_5_vs_5,100,0.0
8304000,4151,2026-06-14T07:44:10.935842,5.336935043334961,1.8270496129989624,3.2160801887512207,10.010049819946289,qmix,smacv2,protoss_5_vs_5,100,0.0
8306000,4152,2026-06-14T07:46:50.302259,6.015766620635986,1.3195148706436157,3.8592963218688965,8.57160758972168,qmix,smacv2,protoss_5_vs_5,100,0.0
8308000,4153,2026-06-14T07:49:31.153619,5.7752509117126465,1.9180452823638916,2.8354272842407227,10.178391456604004,qmix,smacv2,protoss_5_vs_5,100,0.0
8310000,4154,2026-06-14T07:52:11.917370,5.610678672790527,1.174146056175232,3.4371860027313232,7.787688255310059,qmix,smacv2,protoss_5_vs_5,100,0.0
8312000,4155,2026-06-14T07:54:54.093646,6.730464935302734,2.6414592266082764,3.3341708183288574,14.371858596801758,qmix,smacv2,protoss_5_vs_5,100,0.10000000149011612
8314000,4156,2026-06-14T07:57:36.901740,6.45125675201416,2.337383508682251,2.693467378616333,12.261306762695312,qmix,smacv2,protoss_5_vs_5,100,0.05000000074505806
8316000,4157,2026-06-14T08:00:18.458711,5.590200901031494,2.381380319595337,2.663316488265991,10.623114585876465,qmix,smacv2,protoss_5_vs_5,100,0.0
8318000,4158,2026-06-14T08:02:59.268627,6.023931980133057,2.198077440261841,2.6017589569091797,12.261306762695312,qmix,smacv2,protoss_5_vs_5,100,0.05000000074505806
8320000,4159,2026-06-14T08:05:41.844042,5.323869705200195,1.2377121448516846,3.143216133117676,8.476130485534668,qmix,smacv2,protoss_5_vs_5,100,0.0
8322000,4160,2026-06-14T08:08:20.581558,5.876068592071533,2.240412950515747,2.0464823246002197,12.16080379486084,qmix,smacv2,protoss_5_vs_5,100,0.05000000074505806
8324000,4161,2026-06-14T08:11:00.641534,5.543215751647949,1.4800045490264893,2.840452194213867,8.462311744689941,qmix,smacv2,protoss_5_vs_5,100,0.0
8326000,4162,2026-06-14T08:13:39.267297,5.331155300140381,1.8647794723510742,2.226130723953247,10.25125503540039,qmix,smacv2,protoss_5_vs_5,100,0.05000000074505806
8328000,4163,2026-06-14T08:16:18.581989,6.351569652557373,1.9684358835220337,3.4334170818328857,10.891960144042969,qmix,smacv2,protoss_5_vs_5,100,0.0
8330000,4164,2026-06-14T08:18:58.362468,5.590389251708984,2.2795422077178955,2.361809015274048,9.547739028930664,qmix,smacv2,protoss_5_vs_5,100,0.0
8332000,4165,2026-06-14T08:21:38.667761,4.956155776977539,1.440414547920227,3.025125741958618,7.346734046936035,qmix,smacv2,protoss_5_vs_5,100,0.0
8334000,4166,2026-06-14T08:24:20.632488,5.681281566619873,1.8450710773468018,3.6432158946990967,10.394471168518066,qmix,smacv2,protoss_5_vs_5,100,0.05000000074505806
8336000,4167,2026-06-14T08:27:00.673041,5.6502509117126465,1.3509730100631714,3.924623489379883,8.663315773010254,qmix,smacv2,protoss_5_vs_5,100,0.0
8338000,4168,2026-06-14T08:29:40.123168,6.9552764892578125,2.5406839847564697,3.2562813758850098,12.170854568481445,qmix,smacv2,protoss_5_vs_5,100,0.20000000298023224
8340000,4169,2026-06-14T08:32:20.348206,7.065263271331787,2.3150551319122314,4.824120998382568,14.170854568481445,qmix,smacv2,protoss_5_vs_5,100,0.15000000596046448
8342000,4170,2026-06-14T08:34:57.562928,5.17154598236084,1.4466867446899414,2.1909546852111816,7.7688446044921875,qmix,smacv2,protoss_5_vs_5,100,0.0
8344000,4171,2026-06-14T08:37:37.761971,6.004271507263184,2.0180983543395996,3.3668341636657715,11.668342590332031,qmix,smacv2,protoss_5_vs_5,100,0.0
8346000,4172,2026-06-14T08:40:17.876231,5.943278789520264,1.9460258483886719,3.055276393890381,10.251255989074707,qmix,smacv2,protoss_5_vs_5,100,0.05000000074505806
8348000,4173,2026-06-14T08:42:58.505312,5.425502300262451,1.5487183332443237,3.153266429901123,9.065326690673828,qmix,smacv2,protoss_5_vs_5,100,0.0
8350000,4174,2026-06-14T08:45:38.669222,6.487562656402588,2.069368362426758,2.840452194213867,12.361808776855469,qmix,smacv2,protoss_5_vs_5,100,0.05000000074505806
8352000,4175,2026-06-14T08:48:18.320367,6.424434661865234,1.8470311164855957,3.6482410430908203,11.596733093261719,qmix,smacv2,protoss_5_vs_5,100,0.0
8354000,4176,2026-06-14T08:51:04.891284,6.328768730163574,1.9272392988204956,3.7386937141418457,10.35175895690918,qmix,smacv2,protoss_5_vs_5,100,0.05000000074505806
8356000,4177,2026-06-14T08:53:46.265557,6.0888190269470215,2.7381985187530518,2.644472360610962,14.281407356262207,qmix,smacv2,protoss_5_vs_5,100,0.10000000149011612
8358000,4178,2026-06-14T08:56:31.171653,6.947926998138428,2.2585015296936035,3.272613048553467,12.361807823181152,qmix,smacv2,protoss_5_vs_5,100,0.10000000149011612
8360000,4179,2026-06-14T08:59:11.785676,6.749749183654785,2.028834342956543,2.248743772506714,12.361809730529785,qmix,smacv2,protoss_5_vs_5,100,0.05000000074505806
8362000,4180,2026-06-14T09:01:51.948126,5.1041460037231445,1.1654325723648071,3.0339195728302,8.211055755615234,qmix,smacv2,protoss_5_vs_5,100,0.0
8364000,4181,2026-06-14T09:04:32.486385,5.700753211975098,1.8865787982940674,3.1582913398742676,12.361808776855469,qmix,smacv2,protoss_5_vs_5,100,0.05000000074505806
8366000,4182,2026-06-14T09:07:10.576262,5.665452003479004,2.438061237335205,2.9572865962982178,12.361808776855469,qmix,smacv2,protoss_5_vs_5,100,0.05000000074505806
8368000,4183,2026-06-14T09:09:51.625156,5.943278789520264,2.19515323638916,2.6997487545013428,14.070352554321289,qmix,smacv2,protoss_5_vs_5,100,0.05000000074505806
8370000,4184,2026-06-14T09:12:28.156232,5.737248420715332,1.7689101696014404,3.845477342605591,9.346733093261719,qmix,smacv2,protoss_5_vs_5,100,0.0
8372000,4185,2026-06-14T09:15:07.548277,5.946042060852051,1.663942575454712,2.7839198112487793,10.775125503540039,qmix,smacv2,protoss_5_vs_5,100,0.0
8374000,4186,2026-06-14T09:17:46.501282,6.135112762451172,2.008565664291382,3.396984815597534,10.552763938903809,qmix,smacv2,protoss_5_vs_5,100,0.05000000074505806
8376000,4187,2026-06-14T09:20:24.280155,5.372487545013428,1.2852450609207153,2.452261209487915,8.827889442443848,qmix,smacv2,protoss_5_vs_5,100,0.0
8378000,4188,2026-06-14T09:23:03.340532,5.637186050415039,1.9510077238082886,2.3756279945373535,9.781407356262207,qmix,smacv2,protoss_5_vs_5,100,0.0
8380000,4189,2026-06-14T09:25:42.525834,5.7796478271484375,1.832930564880371,2.4221105575561523,8.722362518310547,qmix,smacv2,protoss_5_vs_5,100,0.0
8382000,4190,2026-06-14T09:28:22.637371,5.824183940887451,1.9983716011047363,2.854271173477173,12.361808776855469,qmix,smacv2,protoss_5_vs_5,100,0.05000000074505806
8384000,4191,2026-06-14T09:31:04.124004,5.940703392028809,1.720102310180664,2.6758792400360107,9.788945198059082,qmix,smacv2,protoss_5_vs_5,100,0.0
8386000,4192,2026-06-14T09:33:46.358603,6.520037651062012,2.226823091506958,2.6030149459838867,12.060301780700684,qmix,smacv2,protoss_5_vs_5,100,0.05000000074505806
8388000,4193,2026-06-14T09:36:26.423592,5.693718910217285,2.34586763381958,2.613065481185913,11.991205215454102,qmix,smacv2,protoss_5_vs_5,100,0.05000000074505806
8390000,4194,2026-06-14T09:39:12.706443,5.97977352142334,2.373262882232666,3.346733570098877,10.703518867492676,qmix,smacv2,protoss_5_vs_5,100,0.0
8392000,4195,2026-06-14T09:41:56.854325,6.4628143310546875,2.1095099449157715,4.106783390045166,12.16080379486084,qmix,smacv2,protoss_5_vs_5,100,0.05000000074505806
8394000,4196,2026-06-14T09:44:41.433481,4.703642845153809,1.1242984533309937,2.701004981994629,7.547738075256348,qmix,smacv2,protoss_5_vs_5,100,0.0
8396000,4197,2026-06-14T09:47:23.743009,5.947864055633545,2.1979329586029053,3.5263819694519043,14.371858596801758,qmix,smacv2,protoss_5_vs_5,100,0.05000000074505806
8398000,4198,2026-06-14T09:50:05.065144,6.647550106048584,1.6599692106246948,4.110552787780762,10.444724082946777,qmix,smacv2,protoss_5_vs_5,100,0.0
8400000,4199,2026-06-14T09:52:47.918275,5.863128185272217,1.6014083623886108,2.331658363342285,8.582914352416992,qmix,smacv2,protoss_5_vs_5,100,0.0
8402000,4200,2026-06-14T09:55:30.076193,5.64522647857666,2.0818185806274414,2.4384422302246094,12.361808776855469,qmix,smacv2,protoss_5_vs_5,100,0.05000000074505806
8404000,4201,2026-06-14T09:58:11.555326,6.383102893829346,2.1277832984924316,3.618090867996216,12.281407356262207,qmix,smacv2,protoss_5_vs_5,100,0.05000000074505806
8406000,4202,2026-06-14T10:00:51.209774,5.60841703414917,2.0125362873077393,2.548995018005371,9.829145431518555,qmix,smacv2,protoss_5_vs_5,100,0.0
8408000,4203,2026-06-14T10:03:30.376475,6.235238552093506,2.4784140586853027,2.4371860027313232,12.050251007080078,qmix,smacv2,protoss_5_vs_5,100,0.0
8410000,4204,2026-06-14T10:06:10.270232,5.396733283996582,1.5420475006103516,3.233668565750122,10.366833686828613,qmix,smacv2,protoss_5_vs_5,100,0.05000000074505806
8412000,4205,2026-06-14T10:08:48.998812,6.112689018249512,2.1892056465148926,2.4623117446899414,11.496231079101562,qmix,smacv2,protoss_5_vs_5,100,0.0
8414000,4206,2026-06-14T10:11:54.659236,5.313190937042236,1.9296404123306274,2.2211055755615234,9.115577697753906,qmix,smacv2,protoss_5_vs_5,100,0.0
8416000,4207,2026-06-14T10:14:32.787330,6.477072715759277,2.753153085708618,3.026381731033325,14.170854568481445,qmix,smacv2,protoss_5_vs_5,100,0.10000000149011612
8418000,4208,2026-06-14T10:17:14.352573,6.368404865264893,1.7833296060562134,2.8517587184906006,10.070351600646973,qmix,smacv2,protoss_5_vs_5,100,0.0
8420000,4209,2026-06-14T10:19:53.696550,6.116771221160889,1.776444673538208,3.712311267852783,10.070351600646973,qmix,smacv2,protoss_5_vs_5,100,0.0
8422000,4210,2026-06-14T10:22:33.103707,5.605025291442871,2.443441152572632,2.291457176208496,14.271356582641602,qmix,smacv2,protoss_5_vs_5,100,0.05000000074505806
8424000,4211,2026-06-14T10:25:15.252382,5.841457366943359,2.1856369972229004,2.6092963218688965,11.212311744689941,qmix,smacv2,protoss_5_vs_5,100,0.0
8426000,4212,2026-06-14T10:27:55.512885,6.699560642242432,2.5492477416992188,1.668341875076294,12.462310791015625,qmix,smacv2,protoss_5_vs_5,100,0.10000000149011612
8428000,4213,2026-06-14T10:30:36.566877,6.0706024169921875,2.0313682556152344,3.3366832733154297,10.251255989074707,qmix,smacv2,protoss_5_vs_5,100,0.05000000074505806
8430000,4214,2026-06-14T10:33:18.034655,5.447676181793213,2.044146776199341,2.331658363342285,12.060300827026367,qmix,smacv2,protoss_5_vs_5,100,0.05000000074505806
8432000,4215,2026-06-14T10:35:59.309400,5.198492050170898,1.219736099243164,3.2298996448516846,7.330401420593262,qmix,smacv2,protoss_5_vs_5,100,0.0
8434000,4216,2026-06-14T10:38:39.709438,6.133605480194092,2.0761916637420654,3.281406879425049,11.516332626342773,qmix,smacv2,protoss_5_vs_5,100,0.0
8436000,4217,2026-06-14T10:41:19.631637,5.835803985595703,1.7848198413848877,2.6331658363342285,12.261306762695312,qmix,smacv2,protoss_5_vs_5,100,0.0
8438000,4218,2026-06-14T10:43:57.912037,5.238127708435059,1.345415711402893,3.266331434249878,8.66331672668457,qmix,smacv2,protoss_5_vs_5,100,0.0
8440000,4219,2026-06-14T10:46:37.510787,5.778517723083496,1.5903750658035278,2.4798996448516846,8.47236156463623,qmix,smacv2,protoss_5_vs_5,100,0.0
8442000,4220,2026-06-14T10:49:15.366298,5.814572334289551,2.443790912628174,3.0590453147888184,12.261306762695312,qmix,smacv2,protoss_5_vs_5,100,0.10000000149011612
8444000,4221,2026-06-14T10:51:53.423594,6.61187219619751,2.7281033992767334,1.7148243188858032,12.261306762695312,qmix,smacv2,protoss_5_vs_5,100,0.10000000149011612
8446000,4222,2026-06-14T10:54:32.973616,5.185050010681152,1.8984357118606567,2.201004981994629,8.723617553710938,qmix,smacv2,protoss_5_vs_5,100,0.0
8448000,4223,2026-06-14T10:57:12.358448,6.1383795738220215,2.6512773036956787,2.8278894424438477,14.273870468139648,qmix,smacv2,protoss_5_vs_5,100,0.05000000074505806
8450000,4224,2026-06-14T10:59:51.907458,5.641331672668457,1.5878607034683228,2.5628139972686768,10.234925270080566,qmix,smacv2,protoss_5_vs_5,100,0.0
8452000,4225,2026-06-14T11:02:33.359522,6.541080474853516,2.3968613147735596,3.163316488265991,14.271356582641602,qmix,smacv2,protoss_5_vs_5,100,0.05000000074505806
8454000,4226,2026-06-14T11:05:15.071499,5.85992431640625,2.885063409805298,2.510050058364868,14.981157302856445,qmix,smacv2,protoss_5_vs_5,100,0.05000000074505806
8456000,4227,2026-06-14T11:08:03.225693,6.038379192352295,2.636514902114868,0.0,10.402009963989258,qmix,smacv2,protoss_5_vs_5,100,0.0
8458000,4228,2026-06-14T11:10:48.043626,5.626255989074707,2.0275959968566895,1.8881908655166626,10.080402374267578,qmix,smacv2,protoss_5_vs_5,100,0.0
8460000,4229,2026-06-14T11:13:31.986694,6.570980072021484,2.3158493041992188,3.193467140197754,12.261306762695312,qmix,smacv2,protoss_5_vs_5,100,0.10000000149011612
8462000,4230,2026-06-14T11:16:16.477502,5.890515327453613,2.689140796661377,2.0603015422821045,14.170854568481445,qmix,smacv2,protoss_5_vs_5,100,0.05000000074505806
8464000,4231,2026-06-14T11:18:59.434014,6.327826499938965,3.1025962829589844,3.34547758102417,14.271356582641602,qmix,smacv2,protoss_5_vs_5,100,0.15000000596046448
8466000,4232,2026-06-14T11:21:42.052351,6.053454399108887,2.0119426250457764,1.8844220638275146,10.361808776855469,qmix,smacv2,protoss_5_vs_5,100,0.05000000074505806
8468000,4233,2026-06-14T11:24:26.133096,6.299183368682861,2.2290570735931396,2.653266429901123,10.663315773010254,qmix,smacv2,protoss_5_vs_5,100,0.10000000149011612
8470000,4234,2026-06-14T11:27:10.432151,5.759735584259033,1.7719208002090454,3.7148241996765137,10.351758003234863,qmix,smacv2,protoss_5_vs_5,100,0.10000000149011612
8472000,4235,2026-06-14T11:29:53.668356,5.617399215698242,2.403082847595215,3.347989559173584,14.371858596801758,qmix,smacv2,protoss_5_vs_5,100,0.05000000074505806
8474000,4236,2026-06-14T11:32:35.130833,5.098806381225586,1.517327070236206,3.187185764312744,8.753768920898438,qmix,smacv2,protoss_5_vs_5,100,0.0
8476000,4237,2026-06-14T11:35:18.432038,6.134673118591309,1.4936825037002563,3.8592963218688965,8.590452194213867,qmix,smacv2,protoss_5_vs_5,100,0.0
8478000,4238,2026-06-14T11:38:00.139979,5.325565338134766,2.082869052886963,2.0603013038635254,10.150753021240234,qmix,smacv2,protoss_5_vs_5,100,0.05000000074505806
8480000,4239,2026-06-14T11:40:41.373439,5.979396820068359,1.9303953647613525,2.080402135848999,10.760050773620605,qmix,smacv2,protoss_5_vs_5,100,0.0
8482000,4240,2026-06-14T11:43:24.554270,5.8279523849487305,2.416358470916748,3.1821608543395996,14.224874496459961,qmix,smacv2,protoss_5_vs_5,100,0.05000000074505806
8484000,4241,2026-06-14T11:46:07.328663,5.689949989318848,2.0274622440338135,2.047738552093506,10.643216133117676,qmix,smacv2,protoss_5_vs_5,100,0.0
8486000,4242,2026-06-14T11:48:51.535615,5.571293830871582,2.0129382610321045,2.5628139972686768,9.708542823791504,qmix,smacv2,protoss_5_vs_5,100,0.0
8488000,4243,2026-06-14T11:51:35.237595,5.925251483917236,2.5170857906341553,2.16959810256958,12.160804748535156,qmix,smacv2,protoss_5_vs_5,100,0.05000000074505806
8490000,4244,2026-06-14T11:54:20.173527,6.610866546630859,1.885040044784546,3.2060303688049316,10.35175895690918,qmix,smacv2,protoss_5_vs_5,100,0.05000000074505806
8492000,4245,2026-06-14T11:57:06.221453,5.527198791503906,2.241835594177246,2.4648241996765137,10.251255989074707,qmix,smacv2,protoss_5_vs_5,100,0.10000000149011612
8494000,4246,2026-06-14T11:59:53.561132,5.654271125793457,1.5833275318145752,2.8743717670440674,9.577888488769531,qmix,smacv2,protoss_5_vs_5,100,0.0
8496000,4247,2026-06-14T12:02:43.805091,5.901821613311768,2.648547410964966,2.572864294052124,13.979901313781738,qmix,smacv2,protoss_5_vs_5,100,0.0
8498000,4248,2026-06-14T12:05:32.924094,4.964069843292236,1.7923262119293213,1.866834044456482,8.934673309326172,qmix,smacv2,protoss_5_vs_5,100,0.0
8500000,4249,2026-06-14T12:08:23.221517,3.3996856212615967,1.3994109630584717,1.3203517198562622,7.6168341636657715,qmix,smacv2,protoss_5_vs_5,100,0.0
8502000,4250,2026-06-14T12:11:14.151556,5.07091760635376,1.9426268339157104,2.443467140197754,9.365577697753906,qmix,smacv2,protoss_5_vs_5,100,0.0
8504000,4251,2026-06-14T12:14:04.448704,4.770979881286621,1.5529375076293945,2.3203516006469727,7.638191223144531,qmix,smacv2,protoss_5_vs_5,100,0.0
8506000,4252,2026-06-14T12:16:56.406365,5.731972694396973,1.6935209035873413,3.1080400943756104,8.994974136352539,qmix,smacv2,protoss_5_vs_5,100,0.0
8508000,4253,2026-06-14T12:19:49.189387,6.838128566741943,2.334916114807129,2.120603084564209,12.261307716369629,qmix,smacv2,protoss_5_vs_5,100,0.05000000074505806
8510000,4254,2026-06-14T12:22:42.380927,7.213002681732178,3.3808584213256836,3.733668565750122,14.402009963989258,qmix,smacv2,protoss_5_vs_5,100,0.20000000298023224
8512000,4255,2026-06-14T12:25:37.898120,6.137060165405273,2.345724582672119,1.8090451955795288,12.16080379486084,qmix,smacv2,protoss_5_vs_5,100,0.10000000149011612
8514000,4256,2026-06-14T12:28:33.484101,6.078517436981201,2.6174707412719727,3.0552761554718018,14.170854568481445,qmix,smacv2,protoss_5_vs_5,100,0.05000000074505806
8516000,4257,2026-06-14T12:31:28.650362,5.810301303863525,1.6439040899276733,3.0376884937286377,9.788944244384766,qmix,smacv2,protoss_5_vs_5,100,0.0
8518000,4258,2026-06-14T12:34:21.848235,5.111746311187744,1.9142651557922363,2.0,10.251255989074707,qmix,smacv2,protoss_5_vs_5,100,0.05000000074505806
8520000,4259,2026-06-14T12:37:16.059562,6.315201282501221,2.1693179607391357,2.356783866882324,12.261306762695312,qmix,smacv2,protoss_5_vs_5,100,0.05000000074505806
8522000,4260,2026-06-14T12:40:05.901383,6.084547519683838,1.841073751449585,3.353015184402466,12.26130485534668,qmix,smacv2,protoss_5_vs_5,100,0.05000000074505806
8524000,4261,2026-06-14T12:42:52.224219,5.804083347320557,1.6919571161270142,2.6633167266845703,10.251256942749023,qmix,smacv2,protoss_5_vs_5,100,0.05000000074505806
8526000,4262,2026-06-14T12:45:40.980609,5.637310981750488,2.1501519680023193,2.7135677337646484,11.668341636657715,qmix,smacv2,protoss_5_vs_5,100,0.05000000074505806
8528000,4263,2026-06-14T12:48:27.425477,5.758291721343994,2.167788505554199,2.37060284614563,11.547739028930664,qmix,smacv2,protoss_5_vs_5,100,0.0
8530000,4264,2026-06-14T12:51:13.384107,5.758856773376465,2.0740585327148438,2.8190956115722656,11.587940216064453,qmix,smacv2,protoss_5_vs_5,100,0.0
8532000,4265,2026-06-14T12:53:57.095670,5.625062942504883,1.6983166933059692,3.1846730709075928,9.329145431518555,qmix,smacv2,protoss_5_vs_5,100,0.0
8534000,4266,2026-06-14T12:56:36.658133,4.76375675201416,1.9339511394500732,1.4974874258041382,10.391960144042969,qmix,smacv2,protoss_5_vs_5,100,0.05000000074505806
8536000,4267,2026-06-14T12:59:16.330613,5.751758575439453,2.22025728225708,2.904522657394409,12.092964172363281,qmix,smacv2,protoss_5_vs_5,100,0.0
8538000,4268,2026-06-14T13:01:50.264497,5.7073493003845215,2.078913688659668,2.571607828140259,10.251255989074707,qmix,smacv2,protoss_5_vs_5,100,0.10000000149011612
8540000,4269,2026-06-14T13:04:25.876980,4.971105098724365,1.595105528831482,2.5753769874572754,9.032663345336914,qmix,smacv2,protoss_5_vs_5,100,0.0
8542000,4270,2026-06-14T13:07:03.751680,6.4607415199279785,2.6147618293762207,2.6733667850494385,12.462311744689941,qmix,smacv2,protoss_5_vs_5,100,0.05000000074505806
8544000,4271,2026-06-14T13:09:42.591216,6.581092834472656,2.822988986968994,2.943467140197754,12.462311744689941,qmix,smacv2,protoss_5_vs_5,100,0.15000000596046448
8546000,4272,2026-06-14T13:12:22.669768,5.625314235687256,1.6518150568008423,2.8919596672058105,8.542713165283203,qmix,smacv2,protoss_5_vs_5,100,0.0
8548000,4273,2026-06-14T13:15:04.876481,6.048806190490723,1.7567219734191895,2.587939739227295,9.664572715759277,qmix,smacv2,protoss_5_vs_5,100,0.0
8550000,4274,2026-06-14T13:17:51.141031,6.222927570343018,2.2023580074310303,3.353015184402466,9.92336654663086,qmix,smacv2,protoss_5_vs_5,100,0.0
8552000,4275,2026-06-14T13:20:32.330387,6.024057388305664,2.8013110160827637,2.643216133117676,14.271356582641602,qmix,smacv2,protoss_5_vs_5,100,0.10000000149011612
8554000,4276,2026-06-14T13:23:14.174420,5.910301685333252,2.5962679386138916,2.9824118614196777,12.263818740844727,qmix,smacv2,protoss_5_vs_5,100,0.10000000149011612
8556000,4277,2026-06-14T13:25:56.332663,6.004710674285889,2.190601110458374,3.185929298400879,12.271357536315918,qmix,smacv2,protoss_5_vs_5,100,0.05000000074505806
8558000,4278,2026-06-14T13:28:41.258955,5.132035255432129,1.4486918449401855,1.1155778169631958,6.944724082946777,qmix,smacv2,protoss_5_vs_5,100,0.0
8560000,4279,2026-06-14T13:31:20.152822,5.956972599029541,2.1670820713043213,3.2160801887512207,12.361809730529785,qmix,smacv2,protoss_5_vs_5,100,0.05000000074505806
8562000,4280,2026-06-14T13:33:56.743243,6.0643839836120605,2.6252822875976562,3.0339195728302,12.261306762695312,qmix,smacv2,protoss_5_vs_5,100,0.05000000074505806
8564000,4281,2026-06-14T13:36:33.824156,5.926004886627197,2.3107502460479736,2.5427134037017822,11.366833686828613,qmix,smacv2,protoss_5_vs_5,100,0.0
8566000,4282,2026-06-14T13:39:11.129290,4.932097434997559,1.4312443733215332,2.8743717670440674,7.557788848876953,qmix,smacv2,protoss_5_vs_5,100,0.0
8568000,4283,2026-06-14T13:41:49.218179,5.441960334777832,1.9022692441940308,2.937185764312744,10.198492050170898,qmix,smacv2,protoss_5_vs_5,100,0.0
8570000,4284,2026-06-14T13:44:27.120137,6.060992240905762,1.9994938373565674,2.9648241996765137,9.83919620513916,qmix,smacv2,protoss_5_vs_5,100,0.0
8572000,4285,2026-06-14T13:47:07.332679,4.731657981872559,1.7954926490783691,1.6846733093261719,9.324119567871094,qmix,smacv2,protoss_5_vs_5,100,0.0
8574000,4286,2026-06-14T13:49:50.133117,6.096796035766602,2.167182683944702,3.812814235687256,12.201004981994629,qmix,smacv2,protoss_5_vs_5,100,0.0
8576000,4287,2026-06-14T13:52:32.271912,6.199372291564941,2.314805507659912,3.5037684440612793,14.170854568481445,qmix,smacv2,protoss_5_vs_5,100,0.05000000074505806
8578000,4288,2026-06-14T13:55:16.124771,4.592587947845459,1.3858333826065063,2.3190953731536865,7.123115539550781,qmix,smacv2,protoss_5_vs_5,100,0.0
8580000,4289,2026-06-14T13:58:01.544623,6.115452766418457,2.0879180431365967,2.6733670234680176,10.603014945983887,qmix,smacv2,protoss_5_vs_5,100,0.0
8582000,4290,2026-06-14T14:00:42.177715,5.573115348815918,2.270373582839966,1.6369346380233765,12.160804748535156,qmix,smacv2,protoss_5_vs_5,100,0.05000000074505806
8584000,4291,2026-06-14T14:03:27.446770,5.0560302734375,1.3048105239868164,3.2160801887512207,8.492462158203125,qmix,smacv2,protoss_5_vs_5,100,0.0
8586000,4292,2026-06-14T14:06:13.331345,6.096043109893799,2.411076068878174,2.991205930709839,12.066583633422852,qmix,smacv2,protoss_5_vs_5,100,0.05000000074505806
8588000,4293,2026-06-14T14:09:00.646108,5.075062274932861,2.3210976123809814,2.5025126934051514,10.522612571716309,qmix,smacv2,protoss_5_vs_5,100,0.0
8590000,4294,2026-06-14T14:11:49.174041,6.174560546875,1.4428470134735107,3.758794069290161,9.17587947845459,qmix,smacv2,protoss_5_vs_5,100,0.0
8592000,4295,2026-06-14T14:14:35.891923,5.195477485656738,1.6535018682479858,2.693467378616333,9.748744010925293,qmix,smacv2,protoss_5_vs_5,100,0.0
8594000,4296,2026-06-14T14:17:21.965638,5.585740566253662,2.227651834487915,2.105527639389038,10.402009963989258,qmix,smacv2,protoss_5_vs_5,100,0.0
8596000,4297,2026-06-14T14:20:07.810953,5.828957557678223,2.037952184677124,3.2072863578796387,12.472362518310547,qmix,smacv2,protoss_5_vs_5,100,0.10000000149011612
8598000,4298,2026-06-14T14:22:56.957437,5.049434661865234,1.9185398817062378,2.3806533813476562,8.854270935058594,qmix,smacv2,protoss_5_vs_5,100,0.0
8600000,4299,2026-06-14T14:25:42.820845,5.60194730758667,1.2039366960525513,4.017588138580322,8.439698219299316,qmix,smacv2,protoss_5_vs_5,100,0.0
8602000,4300,2026-06-14T14:28:25.200904,5.884548187255859,2.0766422748565674,3.3366832733154297,12.462310791015625,qmix,smacv2,protoss_5_vs_5,100,0.05000000074505806
8604000,4301,2026-06-14T14:31:07.363997,6.352764129638672,2.595031499862671,2.653266191482544,14.170854568481445,qmix,smacv2,protoss_5_vs_5,100,0.05000000074505806
8606000,4302,2026-06-14T14:33:47.042599,5.617462635040283,1.840591549873352,3.0050251483917236,9.035176277160645,qmix,smacv2,protoss_5_vs_5,100,0.0
8608000,4303,2026-06-14T14:36:26.933786,5.807977676391602,2.120131254196167,2.586683511734009,10.683417320251465,qmix,smacv2,protoss_5_vs_5,100,0.0
8610000,4304,2026-06-14T14:39:07.724697,6.017336845397949,1.8783563375473022,3.477386951446533,11.829145431518555,qmix,smacv2,protoss_5_vs_5,100,0.0
8612000,4305,2026-06-14T14:41:48.160109,6.3455400466918945,2.172018527984619,3.5301506519317627,12.261306762695312,qmix,smacv2,protoss_5_vs_5,100,0.10000000149011612
8614000,4306,2026-06-14T14:44:33.510943,4.571230888366699,1.732987642288208,1.532663345336914,9.948492050170898,qmix,smacv2,protoss_5_vs_5,100,0.0
8616000,4307,2026-06-14T14:47:16.986083,5.804773807525635,1.7208157777786255,3.0012564659118652,9.628140449523926,qmix,smacv2,protoss_5_vs_5,100,0.0
8618000,4308,2026-06-14T14:50:02.393692,6.571168422698975,2.427738904953003,3.6256282329559326,14.170854568481445,qmix,smacv2,protoss_5_vs_5,100,0.05000000074505806
8620000,4309,2026-06-14T14:52:47.135063,5.189635753631592,1.74664306640625,2.370603084564209,8.863065719604492,qmix,smacv2,protoss_5_vs_5,100,0.0
8622000,4310,2026-06-14T14:55:32.876256,5.145351886749268,2.1599462032318115,2.6344220638275146,10.19095516204834,qmix,smacv2,protoss_5_vs_5,100,0.0
8624000,4311,2026-06-14T14:58:19.741481,6.043278694152832,2.5463123321533203,1.6281406879425049,12.160804748535156,qmix,smacv2,protoss_5_vs_5,100,0.05000000074505806
8626000,4312,2026-06-14T15:01:08.203771,6.058919906616211,1.9344474077224731,3.3103013038635254,10.753768920898438,qmix,smacv2,protoss_5_vs_5,100,0.05000000074505806
8628000,4313,2026-06-14T15:03:58.615669,6.704899787902832,2.3987197875976562,2.371859073638916,12.16080379486084,qmix,smacv2,protoss_5_vs_5,100,0.05000000074505806
8630000,4314,2026-06-14T15:06:48.646562,5.075879096984863,1.51130211353302,2.3015074729919434,8.733668327331543,qmix,smacv2,protoss_5_vs_5,100,0.0
8632000,4315,2026-06-14T15:09:39.970154,6.448555946350098,2.5161185264587402,2.902009963989258,12.261307716369629,qmix,smacv2,protoss_5_vs_5,100,0.05000000074505806
8634000,4316,2026-06-14T15:12:28.413200,6.602387428283691,2.7610573768615723,2.1407034397125244,14.371859550476074,qmix,smacv2,protoss_5_vs_5,100,0.10000000149011612
8636000,4317,2026-06-14T15:15:18.382135,5.895414352416992,2.186999559402466,3.219849109649658,12.8944730758667,qmix,smacv2,protoss_5_vs_5,100,0.0
8638000,4318,2026-06-14T15:18:06.486972,5.55106782913208,2.4686484336853027,2.6733667850494385,14.381909370422363,qmix,smacv2,protoss_5_vs_5,100,0.05000000074505806
8640000,4319,2026-06-14T15:20:51.652279,5.544283866882324,2.0690536499023438,1.5175879001617432,11.155778884887695,qmix,smacv2,protoss_5_vs_5,100,0.0
8642000,4320,2026-06-14T15:23:34.720022,5.093592643737793,2.923802614212036,2.5301504135131836,16.281404495239258,qmix,smacv2,protoss_5_vs_5,100,0.05000000074505806
8644000,4321,2026-06-14T15:26:15.294655,5.505527973175049,1.8458541631698608,2.8743720054626465,10.3944730758667,qmix,smacv2,protoss_5_vs_5,100,0.05000000074505806
8646000,4322,2026-06-14T15:28:54.712478,5.09164571762085,1.3975956439971924,2.701004981994629,7.88693380355835,qmix,smacv2,protoss_5_vs_5,100,0.0
8648000,4323,2026-06-14T15:31:33.089410,5.4379401206970215,1.5330158472061157,2.7110555171966553,8.542713165283203,qmix,smacv2,protoss_5_vs_5,100,0.0
8650000,4324,2026-06-14T15:34:10.188563,4.5685930252075195,1.640223741531372,2.1005024909973145,7.788944244384766,qmix,smacv2,protoss_5_vs_5,100,0.0
8652000,4325,2026-06-14T15:36:48.683833,4.969033241271973,1.5141096115112305,2.643216133117676,8.454773902893066,qmix,smacv2,protoss_5_vs_5,100,0.0
8654000,4326,2026-06-14T15:39:27.872118,5.0608673095703125,1.092257022857666,3.562814235687256,7.221106052398682,qmix,smacv2,protoss_5_vs_5,100,0.0
8656000,4327,2026-06-14T15:42:09.878412,6.123995304107666,2.4909286499023438,2.6432158946990967,12.361807823181152,qmix,smacv2,protoss_5_vs_5,100,0.05000000074505806
8658000,4328,2026-06-14T15:44:50.980697,5.7742462158203125,1.60530424118042,3.257537364959717,9.39698600769043,qmix,smacv2,protoss_5_vs_5,100,0.0
8660000,4329,2026-06-14T15:47:32.619960,5.733982563018799,2.365177631378174,3.4384422302246094,14.170854568481445,qmix,smacv2,protoss_5_vs_5,100,0.05000000074505806
8662000,4330,2026-06-14T15:50:15.760547,5.735741138458252,1.8154817819595337,2.193467378616333,10.723617553710938,qmix,smacv2,protoss_5_vs_5,100,0.0
8664000,4331,2026-06-14T15:53:05.537375,5.923807144165039,2.687011241912842,0.7939698696136475,13.832914352416992,qmix,smacv2,protoss_5_vs_5,100,0.0
8666000,4332,2026-06-14T15:55:51.003168,5.617588043212891,1.9325437545776367,2.580402135848999,10.02763843536377,qmix,smacv2,protoss_5_vs_5,100,0.0
8668000,4333,2026-06-14T15:58:33.410685,6.01771354675293,1.9706875085830688,2.772613048553467,11.041457176208496,qmix,smacv2,protoss_5_vs_5,100,0.0
8670000,4334,2026-06-14T16:01:18.143783,5.9389448165893555,2.6778159141540527,3.2562813758850098,12.361809730529785,qmix,smacv2,protoss_5_vs_5,100,0.05000000074505806
8672000,4335,2026-06-14T16:04:01.099570,5.814447402954102,1.7430293560028076,3.306532621383667,9.477387428283691,qmix,smacv2,protoss_5_vs_5,100,0.0
8674000,4336,2026-06-14T16:07:08.988058,6.229836463928223,3.0698928833007812,2.2060298919677734,14.070352554321289,qmix,smacv2,protoss_5_vs_5,100,0.10000000149011612
8676000,4337,2026-06-14T16:09:44.568273,6.048681259155273,2.487489938735962,1.9861809015274048,12.261306762695312,qmix,smacv2,protoss_5_vs_5,100,0.05000000074505806
8678000,4338,2026-06-14T16:12:26.386024,4.997361660003662,1.648400068283081,2.251256227493286,8.522612571716309,qmix,smacv2,protoss_5_vs_5,100,0.0
8680000,4339,2026-06-14T16:15:06.857276,6.674686431884766,3.1547958850860596,2.5025124549865723,12.693467140197754,qmix,smacv2,protoss_5_vs_5,100,0.10000000149011612
8682000,4340,2026-06-14T16:17:47.037208,5.582977294921875,1.4625204801559448,3.3404526710510254,8.331658363342285,qmix,smacv2,protoss_5_vs_5,100,0.0
8684000,4341,2026-06-14T16:20:27.801101,5.8886308670043945,2.94111967086792,2.473618268966675,14.177136421203613,qmix,smacv2,protoss_5_vs_5,100,0.10000000149011612
8686000,4342,2026-06-14T16:23:09.258124,5.4899492263793945,2.100335121154785,1.9698493480682373,9.785176277160645,qmix,smacv2,protoss_5_vs_5,100,0.0
8688000,4343,2026-06-14T16:25:47.791690,5.676004886627197,1.9923499822616577,2.08040189743042,10.251256942749023,qmix,smacv2,protoss_5_vs_5,100,0.0
8690000,4344,2026-06-14T16:28:26.902531,5.6974873542785645,2.0729563236236572,2.943467378616333,12.361809730529785,qmix,smacv2,protoss_5_vs_5,100,0.05000000074505806
8692000,4345,2026-06-14T16:31:07.409580,5.687499523162842,1.7055058479309082,2.796482563018799,8.180904388427734,qmix,smacv2,protoss_5_vs_5,100,0.0
8694000,4346,2026-06-14T16:33:47.946064,5.92587947845459,1.3972108364105225,3.91959810256958,8.861809730529785,qmix,smacv2,protoss_5_vs_5,100,0.0
8696000,4347,2026-06-14T16:36:25.804152,5.5589823722839355,1.9857596158981323,2.202261209487915,12.361809730529785,qmix,smacv2,protoss_5_vs_5,100,0.05000000074505806
8698000,4348,2026-06-14T16:39:10.132546,6.137814521789551,1.8946655988693237,2.523869514465332,10.169597625732422,qmix,smacv2,protoss_5_vs_5,100,0.05000000074505806
8700000,4349,2026-06-14T16:41:51.313444,5.657223701477051,2.464846134185791,2.8894474506378174,12.261306762695312,qmix,smacv2,protoss_5_vs_5,100,0.10000000149011612
8702000,4350,2026-06-14T16:44:31.612659,5.648555278778076,1.8041630983352661,3.4057793617248535,9.066583633422852,qmix,smacv2,protoss_5_vs_5,100,0.0
8704000,4351,2026-06-14T16:47:10.681985,5.996922492980957,2.009891986846924,3.1394474506378174,10.19095516204834,qmix,smacv2,protoss_5_vs_5,100,0.0
8706000,4352,2026-06-14T16:49:52.882478,6.2882537841796875,2.33236026763916,3.135678291320801,12.074119567871094,qmix,smacv2,protoss_5_vs_5,100,0.05000000074505806
8708000,4353,2026-06-14T16:52:33.443872,5.947487831115723,2.4924769401550293,2.5263819694519043,14.29145622253418,qmix,smacv2,protoss_5_vs_5,100,0.05000000074505806
8710000,4354,2026-06-14T16:55:14.902638,6.410552978515625,1.8737469911575317,3.5276379585266113,10.360553741455078,qmix,smacv2,protoss_5_vs_5,100,0.10000000149011612
8712000,4355,2026-06-14T16:57:56.731180,4.9339823722839355,2.111027479171753,2.86432147026062,12.286432266235352,qmix,smacv2,protoss_5_vs_5,100,0.05000000074505806
8714000,4356,2026-06-14T17:00:39.548652,6.734610080718994,1.9044792652130127,2.83040189743042,12.361808776855469,qmix,smacv2,protoss_5_vs_5,100,0.05000000074505806
8716000,4357,2026-06-14T17:03:21.962483,6.470916748046875,1.9852193593978882,3.8253769874572754,12.462310791015625,qmix,smacv2,protoss_5_vs_5,100,0.05000000074505806
8718000,4358,2026-06-14T17:06:01.734072,5.763128280639648,1.618125557899475,3.2160804271698,9.989950180053711,qmix,smacv2,protoss_5_vs_5,100,0.0
8720000,4359,2026-06-14T17:08:40.736809,5.915703773498535,2.314521312713623,2.2311556339263916,12.16080379486084,qmix,smacv2,protoss_5_vs_5,100,0.05000000074505806
8722000,4360,2026-06-14T17:11:20.280500,6.654522895812988,2.8139402866363525,3.0213565826416016,14.170854568481445,qmix,smacv2,protoss_5_vs_5,100,0.05000000074505806
8724000,4361,2026-06-14T17:14:00.348653,6.828642845153809,2.329801321029663,3.3165829181671143,12.271356582641602,qmix,smacv2,protoss_5_vs_5,100,0.10000000149011612
8726000,4362,2026-06-14T17:16:42.605219,5.421356678009033,2.1233205795288086,2.5263819694519043,11.798995018005371,qmix,smacv2,protoss_5_vs_5,100,0.0
8728000,4363,2026-06-14T17:19:23.344311,6.348241329193115,2.372469186782837,2.4497487545013428,12.462311744689941,qmix,smacv2,protoss_5_vs_5,100,0.05000000074505806
8730000,4364,2026-06-14T17:22:00.679323,4.991583347320557,1.7971725463867188,2.9472360610961914,8.487438201904297,qmix,smacv2,protoss_5_vs_5,100,0.0
8732000,4365,2026-06-14T17:24:39.510905,5.607914447784424,2.045905113220215,2.5615577697753906,11.800251007080078,qmix,smacv2,protoss_5_vs_5,100,0.0
8734000,4366,2026-06-14T17:27:19.427156,5.710992336273193,1.9743616580963135,2.724874496459961,9.798995018005371,qmix,smacv2,protoss_5_vs_5,100,0.0
8736000,4367,2026-06-14T17:30:00.880168,6.54440975189209,2.432481527328491,2.9648241996765137,11.952261924743652,qmix,smacv2,protoss_5_vs_5,100,0.0
8738000,4368,2026-06-14T17:32:40.286150,5.577889442443848,2.621335506439209,2.29020094871521,12.16080379486084,qmix,smacv2,protoss_5_vs_5,100,0.05000000074505806
8740000,4369,2026-06-14T17:35:21.430411,5.173932075500488,1.3890948295593262,1.6080402135849,8.613065719604492,qmix,smacv2,protoss_5_vs_5,100,0.0
8742000,4370,2026-06-14T17:38:03.905830,5.133479595184326,1.8386625051498413,2.1507537364959717,9.255024909973145,qmix,smacv2,protoss_5_vs_5,100,0.0
8744000,4371,2026-06-14T17:40:45.836165,5.965012550354004,2.5109119415283203,3.0351758003234863,13.859295845031738,qmix,smacv2,protoss_5_vs_5,100,0.0
8746000,4372,2026-06-14T17:43:26.334530,5.859170913696289,2.13283109664917,3.0364320278167725,12.160804748535156,qmix,smacv2,protoss_5_vs_5,100,0.10000000149011612
8748000,4373,2026-06-14T17:46:06.973789,5.629019737243652,1.8250389099121094,3.0603015422821045,10.67336654663086,qmix,smacv2,protoss_5_vs_5,100,0.0
8750000,4374,2026-06-14T17:48:45.663623,4.440640449523926,0.9449802041053772,2.2638192176818848,6.572863578796387,qmix,smacv2,protoss_5_vs_5,100,0.0
8752000,4375,2026-06-14T17:51:24.665196,5.957789421081543,1.7457987070083618,3.8241207599639893,10.802763938903809,qmix,smacv2,protoss_5_vs_5,100,0.0
8754000,4376,2026-06-14T17:54:05.061572,5.810678482055664,1.8087897300720215,3.2939696311950684,10.065326690673828,qmix,smacv2,protoss_5_vs_5,100,0.0
8756000,4377,2026-06-14T17:56:45.399476,4.927324295043945,1.7655229568481445,2.4635677337646484,8.371859550476074,qmix,smacv2,protoss_5_vs_5,100,0.0
8758000,4378,2026-06-14T17:59:24.284401,5.789698600769043,2.3239660263061523,2.5929646492004395,12.16080379486084,qmix,smacv2,protoss_5_vs_5,100,0.05000000074505806
8760000,4379,2026-06-14T18:02:03.227584,5.549559593200684,1.9603500366210938,2.7964823246002197,11.494975090026855,qmix,smacv2,protoss_5_vs_5,100,0.0
8762000,4380,2026-06-14T18:04:46.917559,5.953517436981201,2.6647937297821045,2.2851758003234863,14.340452194213867,qmix,smacv2,protoss_5_vs_5,100,0.05000000074505806
8764000,4381,2026-06-14T18:07:29.552258,5.101632595062256,1.6163721084594727,2.4560301303863525,9.282663345336914,qmix,smacv2,protoss_5_vs_5,100,0.0
8766000,4382,2026-06-14T18:10:11.285032,5.018279075622559,1.6662414073944092,2.605527639389038,8.934673309326172,qmix,smacv2,protoss_5_vs_5,100,0.0
8768000,4383,2026-06-14T18:12:58.979116,5.375313758850098,2.2216904163360596,1.085427165031433,10.361809730529785,qmix,smacv2,protoss_5_vs_5,100,0.05000000074505806
8770000,4384,2026-06-14T18:15:45.372149,5.569221019744873,1.5157737731933594,3.1231155395507812,8.66331672668457,qmix,smacv2,protoss_5_vs_5,100,0.0
8772000,4385,2026-06-14T18:18:31.508365,5.320414066314697,1.5576860904693604,3.1758792400360107,8.167085647583008,qmix,smacv2,protoss_5_vs_5,100,0.0
8774000,4386,2026-06-14T18:21:17.768206,5.098366737365723,1.7468498945236206,2.6834168434143066,9.904523849487305,qmix,smacv2,protoss_5_vs_5,100,0.0
8776000,4387,2026-06-14T18:24:07.420408,5.73492431640625,1.3310294151306152,3.758794069290161,8.241206169128418,qmix,smacv2,protoss_5_vs_5,100,0.0
8778000,4388,2026-06-14T18:26:55.548695,5.599120140075684,1.6831753253936768,3.6080403327941895,9.33668327331543,qmix,smacv2,protoss_5_vs_5,100,0.0
8780000,4389,2026-06-14T18:29:47.128822,5.9275126457214355,2.1903185844421387,2.321608066558838,10.090452194213867,qmix,smacv2,protoss_5_vs_5,100,0.0
8782000,4390,2026-06-14T18:32:40.322201,5.948554992675781,2.3377888202667236,1.859296441078186,12.261305809020996,qmix,smacv2,protoss_5_vs_5,100,0.05000000074505806
8784000,4391,2026-06-14T18:35:31.579269,5.420477390289307,2.523885488510132,2.0,14.074119567871094,qmix,smacv2,protoss_5_vs_5,100,0.0
8786000,4392,2026-06-14T18:38:20.517413,5.633291244506836,1.5599446296691895,1.9572864770889282,8.152010917663574,qmix,smacv2,protoss_5_vs_5,100,0.0
8788000,4393,2026-06-14T18:41:09.491931,5.898869514465332,2.8099608421325684,2.532663345336914,16.180904388427734,qmix,smacv2,protoss_5_vs_5,100,0.05000000074505806
8790000,4394,2026-06-14T18:43:54.691639,6.471294403076172,2.5517892837524414,2.83040189743042,14.033920288085938,qmix,smacv2,protoss_5_vs_5,100,0.0
8792000,4395,2026-06-14T18:46:40.470565,5.700376987457275,2.1143174171447754,2.6633167266845703,12.405777931213379,qmix,smacv2,protoss_5_vs_5,100,0.0
8794000,4396,2026-06-14T18:49:22.963907,5.520037651062012,1.5590983629226685,2.515075445175171,9.105527877807617,qmix,smacv2,protoss_5_vs_5,100,0.0
8796000,4397,2026-06-14T18:52:04.451907,4.835427284240723,1.8261847496032715,2.477386951446533,8.954774856567383,qmix,smacv2,protoss_5_vs_5,100,0.0
8798000,4398,2026-06-14T18:54:45.110828,5.596105575561523,1.764671802520752,2.9233667850494385,10.150753021240234,qmix,smacv2,protoss_5_vs_5,100,0.0
8800000,4399,2026-06-14T18:57:25.351069,6.222110748291016,2.0556349754333496,2.942211151123047,12.16080379486084,qmix,smacv2,protoss_5_vs_5,100,0.05000000074505806
8802000,4400,2026-06-14T19:00:08.445680,5.861180782318115,2.174734354019165,3.336683750152588,12.140704154968262,qmix,smacv2,protoss_5_vs_5,100,0.0
8804000,4401,2026-06-14T19:02:49.730798,5.4293341636657715,2.1678693294525146,2.065326690673828,9.947235107421875,qmix,smacv2,protoss_5_vs_5,100,0.0
8806000,4402,2026-06-14T19:05:33.582194,5.993781089782715,2.405812978744507,2.8731155395507812,12.261306762695312,qmix,smacv2,protoss_5_vs_5,100,0.10000000149011612
8808000,4403,2026-06-14T19:08:15.484866,5.945351600646973,1.4912967681884766,3.6746230125427246,9.08919620513916,qmix,smacv2,protoss_5_vs_5,100,0.0
8810000,4404,2026-06-14T19:11:01.268482,5.18944787979126,2.037175178527832,2.546482563018799,12.060300827026367,qmix,smacv2,protoss_5_vs_5,100,0.05000000074505806
8812000,4405,2026-06-14T19:13:47.560137,5.32525110244751,1.9045213460922241,2.2763819694519043,11.3341703414917,qmix,smacv2,protoss_5_vs_5,100,0.0
8814000,4406,2026-06-14T19:16:35.562817,4.980716228485107,2.2841553688049316,2.187185764312744,11.062813758850098,qmix,smacv2,protoss_5_vs_5,100,0.0
8816000,4407,2026-06-14T19:19:24.922673,5.873931884765625,2.9906065464019775,2.1997487545013428,14.373117446899414,qmix,smacv2,protoss_5_vs_5,100,0.10000000149011612
8818000,4408,2026-06-14T19:22:12.789904,5.9347991943359375,1.9462385177612305,3.3165829181671143,8.98492431640625,qmix,smacv2,protoss_5_vs_5,100,0.0
8820000,4409,2026-06-14T19:25:00.014290,5.622927188873291,1.7983874082565308,2.1570351123809814,8.934673309326172,qmix,smacv2,protoss_5_vs_5,100,0.0
8822000,4410,2026-06-14T19:27:47.709654,6.303517818450928,2.091177463531494,2.5100502967834473,9.819095611572266,qmix,smacv2,protoss_5_vs_5,100,0.0
8824000,4411,2026-06-14T19:30:32.946350,6.286934852600098,2.8665871620178223,2.968592882156372,14.271356582641602,qmix,smacv2,protoss_5_vs_5,100,0.10000000149011612
8826000,4412,2026-06-14T19:33:17.379442,5.437248229980469,1.7955957651138306,2.7135677337646484,9.075376510620117,qmix,smacv2,protoss_5_vs_5,100,0.0
8828000,4413,2026-06-14T19:35:59.985646,6.045791149139404,2.562232255935669,2.8241207599639893,12.361808776855469,qmix,smacv2,protoss_5_vs_5,100,0.10000000149011612
8830000,4414,2026-06-14T19:38:38.358985,5.377387046813965,1.8089885711669922,2.1984925270080566,9.256281852722168,qmix,smacv2,protoss_5_vs_5,100,0.0
8832000,4415,2026-06-14T19:41:14.461246,5.896922588348389,2.57741117477417,2.0502512454986572,12.381909370422363,qmix,smacv2,protoss_5_vs_5,100,0.10000000149011612
8834000,4416,2026-06-14T19:43:50.567677,5.170916557312012,1.9059141874313354,2.8982415199279785,12.060301780700684,qmix,smacv2,protoss_5_vs_5,100,0.05000000074505806
8836000,4417,2026-06-14T19:46:26.253353,5.538316249847412,1.4551055431365967,2.8756282329559326,8.585427284240723,qmix,smacv2,protoss_5_vs_5,100,0.0
8838000,4418,2026-06-14T19:49:05.606394,5.196670055389404,1.9839153289794922,2.1482412815093994,9.633166313171387,qmix,smacv2,protoss_5_vs_5,100,0.0
8840000,4419,2026-06-14T19:51:42.875441,5.5297746658325195,1.3342499732971191,2.3605527877807617,8.508793830871582,qmix,smacv2,protoss_5_vs_5,100,0.0
8842000,4420,2026-06-14T19:54:23.653320,4.989070415496826,1.385159969329834,2.854271411895752,7.577889442443848,qmix,smacv2,protoss_5_vs_5,100,0.0
8844000,4421,2026-06-14T19:57:06.441028,6.5178399085998535,2.520314931869507,3.1557788848876953,14.070352554321289,qmix,smacv2,protoss_5_vs_5,100,0.10000000149011612
8846000,4422,2026-06-14T19:59:50.397006,5.196796417236328,1.3979370594024658,2.3278894424438477,8.33919620513916,qmix,smacv2,protoss_5_vs_5,100,0.0
8848000,4423,2026-06-14T20:02:35.762913,5.6835432052612305,2.5723793506622314,2.371859312057495,14.271356582641602,qmix,smacv2,protoss_5_vs_5,100,0.05000000074505806
8850000,4424,2026-06-14T20:05:19.826779,5.592022895812988,1.9557243585586548,2.321608066558838,10.349246978759766,qmix,smacv2,protoss_5_vs_5,100,0.05000000074505806
8852000,4425,2026-06-14T20:08:05.150087,4.975000381469727,1.7324081659317017,1.6281406879425049,8.82412052154541,qmix,smacv2,protoss_5_vs_5,100,0.0
8854000,4426,2026-06-14T20:10:49.185625,5.867776393890381,2.572798252105713,2.5138192176818848,12.160804748535156,qmix,smacv2,protoss_5_vs_5,100,0.05000000074505806
8856000,4427,2026-06-14T20:13:32.753623,5.165012836456299,1.0730618238449097,3.5515074729919434,7.674623012542725,qmix,smacv2,protoss_5_vs_5,100,0.0
8858000,4428,2026-06-14T20:16:17.481662,5.928643226623535,1.5713677406311035,2.8417086601257324,8.82412052154541,qmix,smacv2,protoss_5_vs_5,100,0.0
8860000,4429,2026-06-14T20:19:00.082429,6.158731460571289,1.5078758001327515,3.668341875076294,9.29648208618164,qmix,smacv2,protoss_5_vs_5,100,0.0
8862000,4430,2026-06-14T20:21:42.723849,5.6946611404418945,1.774287223815918,2.7474875450134277,10.15075397491455,qmix,smacv2,protoss_5_vs_5,100,0.05000000074505806
8864000,4431,2026-06-14T20:24:24.945325,5.034924507141113,1.4777541160583496,2.9698493480682373,8.761306762695312,qmix,smacv2,protoss_5_vs_5,100,0.0
8866000,4432,2026-06-14T20:27:07.025569,5.661871910095215,2.7202308177948,2.2600502967834473,14.271356582641602,qmix,smacv2,protoss_5_vs_5,100,0.05000000074505806
8868000,4433,2026-06-14T20:29:46.166809,5.091206073760986,1.9418655633926392,2.371859550476074,8.924623489379883,qmix,smacv2,protoss_5_vs_5,100,0.0
8870000,4434,2026-06-14T20:32:27.333407,6.137625694274902,2.223205804824829,3.4133167266845703,12.060300827026367,qmix,smacv2,protoss_5_vs_5,100,0.05000000074505806
8872000,4435,2026-06-14T20:35:12.591398,5.561746120452881,2.5102195739746094,0.4422110617160797,10.15075397491455,qmix,smacv2,protoss_5_vs_5,100,0.15000000596046448
8874000,4436,2026-06-14T20:37:52.502219,6.9241838455200195,2.176326036453247,3.8592963218688965,12.261306762695312,qmix,smacv2,protoss_5_vs_5,100,0.05000000074505806
8876000,4437,2026-06-14T20:40:32.109503,6.284171104431152,3.0286662578582764,2.894472360610962,14.371859550476074,qmix,smacv2,protoss_5_vs_5,100,0.10000000149011612
8878000,4438,2026-06-14T20:43:10.604920,6.15414571762085,1.8031963109970093,3.703517436981201,10.231155395507812,qmix,smacv2,protoss_5_vs_5,100,0.0
8880000,4439,2026-06-14T20:45:49.547251,5.832537651062012,2.512270450592041,1.6708543300628662,12.16080379486084,qmix,smacv2,protoss_5_vs_5,100,0.05000000074505806
8882000,4440,2026-06-14T20:48:29.746563,5.992776393890381,2.0076417922973633,3.2864317893981934,11.185929298400879,qmix,smacv2,protoss_5_vs_5,100,0.0
8884000,4441,2026-06-14T20:51:07.352645,5.699560642242432,2.022714614868164,2.7839195728302,10.150753021240234,qmix,smacv2,protoss_5_vs_5,100,0.05000000074505806
8886000,4442,2026-06-14T20:53:46.979119,5.266205787658691,1.4669780731201172,3.5,9.055275917053223,qmix,smacv2,protoss_5_vs_5,100,0.0
8888000,4443,2026-06-14T20:56:25.825203,5.721796989440918,2.955014228820801,2.3015074729919434,14.271356582641602,qmix,smacv2,protoss_5_vs_5,100,0.10000000149011612
8890000,4444,2026-06-14T20:59:07.720536,5.365577697753906,2.357736587524414,2.6809043884277344,12.462312698364258,qmix,smacv2,protoss_5_vs_5,100,0.0
8892000,4445,2026-06-14T21:01:48.005213,5.976319313049316,2.8565542697906494,1.9798996448516846,15.482412338256836,qmix,smacv2,protoss_5_vs_5,100,0.0
8894000,4446,2026-06-14T21:04:30.010116,5.813316822052002,1.5456703901290894,2.3442208766937256,9.184673309326172,qmix,smacv2,protoss_5_vs_5,100,0.0
8896000,4447,2026-06-14T21:07:11.999969,6.1557793617248535,2.3157505989074707,3.1155776977539062,12.753768920898438,qmix,smacv2,protoss_5_vs_5,100,0.0
8898000,4448,2026-06-14T21:09:52.934858,6.153580665588379,2.790666341781616,2.522613286972046,12.261306762695312,qmix,smacv2,protoss_5_vs_5,100,0.10000000149011612
8900000,4449,2026-06-14T21:12:31.879224,4.552638053894043,1.5564883947372437,1.9195979833602905,7.687185764312744,qmix,smacv2,protoss_5_vs_5,100,0.0
8902000,4450,2026-06-14T21:15:12.482305,5.23900842666626,1.9714956283569336,1.9899498224258423,8.904522895812988,qmix,smacv2,protoss_5_vs_5,100,0.0
8904000,4451,2026-06-14T21:17:52.760136,6.117713451385498,1.9081385135650635,2.928392171859741,9.629396438598633,qmix,smacv2,protoss_5_vs_5,100,0.0
8906000,4452,2026-06-14T21:20:30.844829,5.605464935302734,2.199511766433716,2.918341636657715,9.858040809631348,qmix,smacv2,protoss_5_vs_5,100,0.0
8908000,4453,2026-06-14T21:23:09.908633,5.705527305603027,2.197505235671997,2.1507537364959717,9.932160377502441,qmix,smacv2,protoss_5_vs_5,100,0.0
8910000,4454,2026-06-14T21:25:47.664180,5.7529520988464355,2.3389880657196045,3.266331434249878,14.070352554321289,qmix,smacv2,protoss_5_vs_5,100,0.05000000074505806
8912000,4455,2026-06-14T21:28:29.236558,6.269095420837402,2.9408650398254395,3.105527639389038,14.271356582641602,qmix,smacv2,protoss_5_vs_5,100,0.10000000149011612
8914000,4456,2026-06-14T21:31:11.225780,6.419849395751953,3.071058750152588,3.2374374866485596,16.080402374267578,qmix,smacv2,protoss_5_vs_5,100,0.05000000074505806
8916000,4457,2026-06-14T21:33:52.465784,5.881344795227051,2.0608716011047363,2.5351758003234863,10.175878524780273,qmix,smacv2,protoss_5_vs_5,100,0.05000000074505806
8918000,4458,2026-06-14T21:36:34.613222,6.558668613433838,2.272566795349121,2.7437186241149902,11.260049819946289,qmix,smacv2,protoss_5_vs_5,100,0.05000000074505806
8920000,4459,2026-06-14T21:39:14.745225,6.013002395629883,2.1979148387908936,2.5628137588500977,12.462310791015625,qmix,smacv2,protoss_5_vs_5,100,0.05000000074505806
8922000,4460,2026-06-14T21:41:55.244802,5.643153667449951,1.669156789779663,3.388190746307373,8.996231079101562,qmix,smacv2,protoss_5_vs_5,100,0.0
8924000,4461,2026-06-14T21:44:32.240378,5.624057769775391,2.1338462829589844,2.492462158203125,9.752511978149414,qmix,smacv2,protoss_5_vs_5,100,0.0
8926000,4462,2026-06-14T21:47:07.836837,5.604396343231201,1.2810611724853516,3.2449748516082764,8.482412338256836,qmix,smacv2,protoss_5_vs_5,100,0.0
8928000,4463,2026-06-14T21:49:45.397110,5.507286548614502,2.51348876953125,2.3517587184906006,14.271356582641602,qmix,smacv2,protoss_5_vs_5,100,0.05000000074505806
8930000,4464,2026-06-14T21:52:24.976124,5.723995208740234,1.776340365409851,2.8015074729919434,8.702260971069336,qmix,smacv2,protoss_5_vs_5,100,0.0
8932000,4465,2026-06-14T21:55:00.961316,6.100062370300293,1.2533015012741089,3.5778892040252686,7.829145908355713,qmix,smacv2,protoss_5_vs_5,100,0.0
8934000,4466,2026-06-14T21:58:06.463344,5.588630676269531,1.8098113536834717,2.1017587184906006,9.195980072021484,qmix,smacv2,protoss_5_vs_5,100,0.0
8936000,4467,2026-06-14T22:00:41.298950,5.040264129638672,2.14680552482605,2.3919599056243896,11.115578651428223,qmix,smacv2,protoss_5_vs_5,100,0.0
8938000,4468,2026-06-14T22:03:23.013268,4.991960048675537,1.8963329792022705,2.0213568210601807,8.8341703414917,qmix,smacv2,protoss_5_vs_5,100,0.0
8940000,4469,2026-06-14T22:06:07.262064,6.426319122314453,2.707767963409424,2.733668565750122,12.361809730529785,qmix,smacv2,protoss_5_vs_5,100,0.05000000074505806
8942000,4470,2026-06-14T22:08:47.594587,5.915012836456299,2.4690139293670654,2.0502512454986572,12.307788848876953,qmix,smacv2,protoss_5_vs_5,100,0.05000000074505806
8944000,4471,2026-06-14T22:11:25.777913,4.491080284118652,2.5195131301879883,1.7273870706558228,12.361809730529785,qmix,smacv2,protoss_5_vs_5,100,0.05000000074505806
8946000,4472,2026-06-14T22:14:05.301197,5.577449321746826,1.8904684782028198,3.065326452255249,10.951004981994629,qmix,smacv2,protoss_5_vs_5,100,0.0
8948000,4473,2026-06-14T22:16:44.412660,5.157474517822266,1.6920363903045654,2.796482563018799,8.795226097106934,qmix,smacv2,protoss_5_vs_5,100,0.0
8950000,4474,2026-06-14T22:19:23.387653,5.7226128578186035,3.045919179916382,2.523869514465332,16.281408309936523,qmix,smacv2,protoss_5_vs_5,100,0.10000000149011612
8952000,4475,2026-06-14T22:22:03.794458,5.583291053771973,2.2289040088653564,2.1733667850494385,12.16080379486084,qmix,smacv2,protoss_5_vs_5,100,0.05000000074505806
8954000,4476,2026-06-14T22:24:43.143426,5.676632881164551,1.8854293823242188,2.138190984725952,10.251256942749023,qmix,smacv2,protoss_5_vs_5,100,0.05000000074505806
8956000,4477,2026-06-14T22:27:24.178830,6.09679651260376,2.1590614318847656,2.9711055755615234,12.16080379486084,qmix,smacv2,protoss_5_vs_5,100,0.05000000074505806
8958000,4478,2026-06-14T22:30:05.204835,6.299434661865234,2.121584415435791,2.7525124549865723,12.060301780700684,qmix,smacv2,protoss_5_vs_5,100,0.05000000074505806
8960000,4479,2026-06-14T22:32:48.395015,6.070603370666504,2.7255325317382812,2.4384422302246094,14.271357536315918,qmix,smacv2,protoss_5_vs_5,100,0.05000000074505806
8962000,4480,2026-06-14T22:35:29.334126,5.704836845397949,1.5914376974105835,2.937185764312744,8.432160377502441,qmix,smacv2,protoss_5_vs_5,100,0.0
8964000,4481,2026-06-14T22:38:10.821612,6.370226860046387,1.939731240272522,3.0452260971069336,10.53266429901123,qmix,smacv2,protoss_5_vs_5,100,0.05000000074505806
8966000,4482,2026-06-14T22:40:53.154283,5.874309539794922,1.950251817703247,2.879396915435791,11.246231079101562,qmix,smacv2,protoss_5_vs_5,100,0.0
8968000,4483,2026-06-14T22:43:33.406362,5.994284152984619,2.6164464950561523,1.6683416366577148,12.321608543395996,qmix,smacv2,protoss_5_vs_5,100,0.05000000074505806
8970000,4484,2026-06-14T22:46:15.715606,5.4077887535095215,1.5797302722930908,2.7638189792633057,8.231156349182129,qmix,smacv2,protoss_5_vs_5,100,0.0
8972000,4485,2026-06-14T22:48:54.598894,5.5660810470581055,1.5169875621795654,3.305276393890381,8.201004981994629,qmix,smacv2,protoss_5_vs_5,100,0.0
8974000,4486,2026-06-14T22:51:39.984961,5.907097816467285,2.650172472000122,2.3316586017608643,12.462311744689941,qmix,smacv2,protoss_5_vs_5,100,0.05000000074505806
8976000,4487,2026-06-14T22:54:20.934597,5.523932456970215,1.9683623313903809,2.685929298400879,10.251255989074707,qmix,smacv2,protoss_5_vs_5,100,0.05000000074505806
8978000,4488,2026-06-14T22:57:00.174833,5.513253688812256,1.8164074420928955,2.316582679748535,10.103015899658203,qmix,smacv2,protoss_5_vs_5,100,0.0
8980000,4489,2026-06-14T22:59:41.088897,6.044598579406738,1.3756110668182373,4.120603084564209,8.552764892578125,qmix,smacv2,protoss_5_vs_5,100,0.0
8982000,4490,2026-06-14T23:02:19.010447,6.454710960388184,2.0057830810546875,2.8002512454986572,10.452260971069336,qmix,smacv2,protoss_5_vs_5,100,0.05000000074505806
8984000,4491,2026-06-14T23:05:00.962524,5.793341636657715,2.4275853633880615,2.855527400970459,12.462312698364258,qmix,smacv2,protoss_5_vs_5,100,0.05000000074505806
8986000,4492,2026-06-14T23:07:39.225982,5.131533145904541,2.009976625442505,1.7876884937286377,9.814071655273438,qmix,smacv2,protoss_5_vs_5,100,0.0
8988000,4493,2026-06-14T23:10:16.206301,6.183040142059326,2.0214614868164062,3.096733570098877,9.721104621887207,qmix,smacv2,protoss_5_vs_5,100,0.0
8990000,4494,2026-06-14T23:12:53.582242,5.485804080963135,2.2043213844299316,2.6432158946990967,12.160804748535156,qmix,smacv2,protoss_5_vs_5,100,0.10000000149011612
8992000,4495,2026-06-14T23:15:32.402528,5.964698791503906,1.6542906761169434,3.3492462635040283,9.236180305480957,qmix,smacv2,protoss_5_vs_5,100,0.0
8994000,4496,2026-06-14T23:18:12.020826,6.536746025085449,2.4934449195861816,2.8241207599639893,14.070352554321289,qmix,smacv2,protoss_5_vs_5,100,0.05000000074505806
8996000,4497,2026-06-14T23:20:53.046168,5.410364151000977,1.8958520889282227,2.3278894424438477,10.251256942749023,qmix,smacv2,protoss_5_vs_5,100,0.05000000074505806
8998000,4498,2026-06-14T23:23:33.953996,4.798743724822998,1.5027981996536255,2.667085647583008,8.886934280395508,qmix,smacv2,protoss_5_vs_5,100,0.0
9000000,4499,2026-06-14T23:26:17.017502,4.7600507736206055,1.5299608707427979,2.555276393890381,7.842965126037598,qmix,smacv2,protoss_5_vs_5,100,0.0
9002000,4500,2026-06-14T23:28:57.861552,5.219660758972168,1.2189640998840332,3.6884422302246094,8.140703201293945,qmix,smacv2,protoss_5_vs_5,100,0.0
9004000,4501,2026-06-14T23:31:38.050954,5.336369514465332,1.5697065591812134,2.522613048553467,8.67336654663086,qmix,smacv2,protoss_5_vs_5,100,0.0
9006000,4502,2026-06-14T23:34:16.124916,5.420100212097168,1.8780540227890015,2.6984925270080566,10.31155776977539,qmix,smacv2,protoss_5_vs_5,100,0.0
9008000,4503,2026-06-14T23:36:52.509181,5.777324199676514,2.0815303325653076,3.370603084564209,12.361808776855469,qmix,smacv2,protoss_5_vs_5,100,0.05000000074505806
9010000,4504,2026-06-14T23:39:30.038275,5.4863691329956055,1.9446336030960083,2.821608066558838,11.608040809631348,qmix,smacv2,protoss_5_vs_5,100,0.0
9012000,4505,2026-06-14T23:42:07.020302,5.292211055755615,2.061458110809326,2.3429646492004395,9.678391456604004,qmix,smacv2,protoss_5_vs_5,100,0.0
9014000,4506,2026-06-14T23:44:44.017140,5.092400550842285,1.830903172492981,2.5665829181671143,10.422110557556152,qmix,smacv2,protoss_5_vs_5,100,0.0
9016000,4507,2026-06-14T23:47:23.914156,5.809861660003662,1.9056514501571655,3.306532621383667,9.286432266235352,qmix,smacv2,protoss_5_vs_5,100,0.0
9018000,4508,2026-06-14T23:50:04.876434,4.883919715881348,1.5918846130371094,2.0866832733154297,8.331658363342285,qmix,smacv2,protoss_5_vs_5,100,0.0
9020000,4509,2026-06-14T23:52:46.903137,4.8484296798706055,1.8750919103622437,2.267587900161743,10.32160758972168,qmix,smacv2,protoss_5_vs_5,100,0.0
9022000,4510,2026-06-14T23:55:28.449766,5.81381893157959,2.048731565475464,2.9346730709075928,9.658291816711426,qmix,smacv2,protoss_5_vs_5,100,0.0
9024000,4511,2026-06-14T23:58:11.589785,5.383354187011719,1.6127136945724487,2.8190956115722656,9.67839241027832,qmix,smacv2,protoss_5_vs_5,100,0.0
9026000,4512,2026-06-15T00:00:56.565852,5.685677528381348,2.142878532409668,2.8404524326324463,12.160802841186523,qmix,smacv2,protoss_5_vs_5,100,0.0
9028000,4513,2026-06-15T00:03:40.238852,5.740954399108887,1.7123905420303345,2.3417086601257324,9.628140449523926,qmix,smacv2,protoss_5_vs_5,100,0.0
9030000,4514,2026-06-15T00:06:21.589755,5.825565338134766,1.89432954788208,3.1758792400360107,9.939698219299316,qmix,smacv2,protoss_5_vs_5,100,0.0
9032000,4515,2026-06-15T00:09:00.082038,4.960176467895508,2.5996286869049072,1.95979905128479,13.337939262390137,qmix,smacv2,protoss_5_vs_5,100,0.0
9034000,4516,2026-06-15T00:11:38.054958,4.937185764312744,1.6134229898452759,2.662060260772705,8.190954208374023,qmix,smacv2,protoss_5_vs_5,100,0.0
9036000,4517,2026-06-15T00:14:17.814640,5.79824161529541,2.68524169921875,2.5025124549865723,14.170854568481445,qmix,smacv2,protoss_5_vs_5,100,0.05000000074505806
9038000,4518,2026-06-15T00:16:56.509294,5.529648780822754,2.0644824504852295,2.2135677337646484,12.361809730529785,qmix,smacv2,protoss_5_vs_5,100,0.05000000074505806
9040000,4519,2026-06-15T00:19:37.570765,5.679773807525635,2.4115281105041504,1.758793830871582,10.690954208374023,qmix,smacv2,protoss_5_vs_5,100,0.0
9042000,4520,2026-06-15T00:22:14.968139,6.390515327453613,2.592909097671509,2.717336893081665,14.271356582641602,qmix,smacv2,protoss_5_vs_5,100,0.10000000149011612
9044000,4521,2026-06-15T00:24:55.038787,6.132098197937012,1.9278366565704346,3.4786434173583984,11.231155395507812,qmix,smacv2,protoss_5_vs_5,100,0.0
9046000,4522,2026-06-15T00:27:36.609349,5.6471734046936035,1.7149381637573242,2.604271411895752,9.64824104309082,qmix,smacv2,protoss_5_vs_5,100,0.0
9048000,4523,2026-06-15T00:30:17.696749,6.833103179931641,3.182162046432495,2.724874496459961,14.271356582641602,qmix,smacv2,protoss_5_vs_5,100,0.10000000149011612
9050000,4524,2026-06-15T00:32:59.547219,6.549057960510254,2.072646141052246,3.336683750152588,12.361807823181152,qmix,smacv2,protoss_5_vs_5,100,0.05000000074505806
9052000,4525,2026-06-15T00:35:41.467914,5.257977485656738,1.43008291721344,3.2525124549865723,8.241205215454102,qmix,smacv2,protoss_5_vs_5,100,0.0
9054000,4526,2026-06-15T00:38:20.704948,6.138567924499512,2.4364757537841797,2.8442211151123047,14.271356582641602,qmix,smacv2,protoss_5_vs_5,100,0.05000000074505806
9056000,4527,2026-06-15T00:41:00.596699,4.861117839813232,1.551037073135376,2.106783866882324,8.33668327331543,qmix,smacv2,protoss_5_vs_5,100,0.0
9058000,4528,2026-06-15T00:43:40.937928,5.916520118713379,1.42555570602417,3.257537841796875,9.396985054016113,qmix,smacv2,protoss_5_vs_5,100,0.0
9060000,4529,2026-06-15T00:46:21.833496,5.360929489135742,1.3919486999511719,3.2562813758850098,9.786431312561035,qmix,smacv2,protoss_5_vs_5,100,0.0
9062000,4530,2026-06-15T00:49:03.621468,4.704585075378418,1.872416615486145,2.0515074729919434,8.15075397491455,qmix,smacv2,protoss_5_vs_5,100,0.0
9064000,4531,2026-06-15T00:51:42.389305,6.2074127197265625,2.879697322845459,3.1871862411499023,14.170854568481445,qmix,smacv2,protoss_5_vs_5,100,0.10000000149011612
9066000,4532,2026-06-15T00:54:22.552454,6.220980167388916,2.142141819000244,3.316582441329956,11.138191223144531,qmix,smacv2,protoss_5_vs_5,100,0.0
9068000,4533,2026-06-15T00:57:01.062035,5.174999713897705,1.7118927240371704,2.305276393890381,8.261306762695312,qmix,smacv2,protoss_5_vs_5,100,0.0
9070000,4534,2026-06-15T00:59:40.084790,5.586621284484863,2.284102439880371,2.402009963989258,10.35175895690918,qmix,smacv2,protoss_5_vs_5,100,0.15000000596046448
9072000,4535,2026-06-15T01:02:18.893971,5.585929870605469,1.9646227359771729,2.788944721221924,11.417085647583008,qmix,smacv2,protoss_5_vs_5,100,0.0
9074000,4536,2026-06-15T01:04:56.749303,4.836180686950684,1.4126917123794556,2.2613065242767334,7.841709136962891,qmix,smacv2,protoss_5_vs_5,100,0.0
9076000,4537,2026-06-15T01:07:37.301372,6.411746978759766,2.8521904945373535,2.3580400943756104,14.528895378112793,qmix,smacv2,protoss_5_vs_5,100,0.05000000074505806
9078000,4538,2026-06-15T01:10:18.122359,6.396419048309326,2.7572262287139893,2.3015074729919434,14.170854568481445,qmix,smacv2,protoss_5_vs_5,100,0.05000000074505806
9080000,4539,2026-06-15T01:13:04.378273,5.489070892333984,1.206499695777893,3.17587947845459,7.456030368804932,qmix,smacv2,protoss_5_vs_5,100,0.0
9082000,4540,2026-06-15T01:15:44.174360,5.647424221038818,1.6012476682662964,2.4547739028930664,7.909547328948975,qmix,smacv2,protoss_5_vs_5,100,0.0
9084000,4541,2026-06-15T01:18:22.901270,5.244534969329834,1.9126659631729126,3.040201187133789,9.67839241027832,qmix,smacv2,protoss_5_vs_5,100,0.0
9086000,4542,2026-06-15T01:20:58.950637,4.4703521728515625,1.348596453666687,2.8844220638275146,8.204773902893066,qmix,smacv2,protoss_5_vs_5,100,0.0
9088000,4543,2026-06-15T01:23:36.081290,5.604711055755615,2.473083019256592,2.393216133117676,12.361808776855469,qmix,smacv2,protoss_5_vs_5,100,0.05000000074505806
9090000,4544,2026-06-15T01:26:12.881473,4.719786643981934,1.1875241994857788,1.839195966720581,6.904522895812988,qmix,smacv2,protoss_5_vs_5,100,0.0
9092000,4545,2026-06-15T01:28:51.159299,5.373303413391113,2.1229171752929688,2.9409546852111816,11.969849586486816,qmix,smacv2,protoss_5_vs_5,100,0.0
9094000,4546,2026-06-15T01:31:30.324100,5.2008795738220215,1.2212297916412354,2.6834170818328857,7.638192176818848,qmix,smacv2,protoss_5_vs_5,100,0.0
9096000,4547,2026-06-15T01:34:12.583436,5.5909552574157715,2.5214576721191406,2.150753974914551,12.160802841186523,qmix,smacv2,protoss_5_vs_5,100,0.05000000074505806
9098000,4548,2026-06-15T01:36:56.507232,5.040452003479004,1.786780834197998,2.4221103191375732,9.454773902893066,qmix,smacv2,protoss_5_vs_5,100,0.0
9100000,4549,2026-06-15T01:39:38.313257,5.854836463928223,1.7047115564346313,2.5276379585266113,9.345477104187012,qmix,smacv2,protoss_5_vs_5,100,0.0
9102000,4550,2026-06-15T01:42:18.538066,5.340264320373535,1.5675839185714722,3.1155776977539062,9.567839622497559,qmix,smacv2,protoss_5_vs_5,100,0.0
9104000,4551,2026-06-15T01:44:59.583786,5.392398834228516,2.7853803634643555,1.8077890872955322,12.522612571716309,qmix,smacv2,protoss_5_vs_5,100,0.10000000149011612
9106000,4552,2026-06-15T01:47:40.790184,7.285866737365723,2.3192169666290283,3.6017589569091797,14.170855522155762,qmix,smacv2,protoss_5_vs_5,100,0.05000000074505806
9108000,4553,2026-06-15T01:50:19.567622,4.699937343597412,1.5627763271331787,2.2525124549865723,7.4874372482299805,qmix,smacv2,protoss_5_vs_5,100,0.0
9110000,4554,2026-06-15T01:52:57.701143,5.674685955047607,2.440741777420044,2.701005220413208,14.271357536315918,qmix,smacv2,protoss_5_vs_5,100,0.05000000074505806
9112000,4555,2026-06-15T01:55:37.535605,5.4734296798706055,1.832269310951233,3.396984815597534,10.331658363342285,qmix,smacv2,protoss_5_vs_5,100,0.05000000074505806
9114000,4556,2026-06-15T01:58:16.698822,6.112311363220215,1.9654850959777832,2.2537689208984375,12.160804748535156,qmix,smacv2,protoss_5_vs_5,100,0.05000000074505806
9116000,4557,2026-06-15T02:00:54.640360,5.810553073883057,2.120054244995117,2.895728588104248,12.160804748535156,qmix,smacv2,protoss_5_vs_5,100,0.10000000149011612
9118000,4558,2026-06-15T02:03:31.873492,5.053643226623535,1.5797001123428345,2.663316488265991,8.753768920898438,qmix,smacv2,protoss_5_vs_5,100,0.0
9120000,4559,2026-06-15T02:06:10.470544,5.687374114990234,1.4950816631317139,2.6394472122192383,9.582914352416992,qmix,smacv2,protoss_5_vs_5,100,0.0
9122000,4560,2026-06-15T02:08:50.143407,5.026067733764648,1.409267544746399,2.291457176208496,7.698492527008057,qmix,smacv2,protoss_5_vs_5,100,0.0
9124000,4561,2026-06-15T02:11:31.470219,5.25131893157959,2.1535890102386475,2.7964823246002197,12.361809730529785,qmix,smacv2,protoss_5_vs_5,100,0.05000000074505806
9126000,4562,2026-06-15T02:14:13.127172,6.094409465789795,1.93425452709198,2.8831658363342285,10.572864532470703,qmix,smacv2,protoss_5_vs_5,100,0.0
9128000,4563,2026-06-15T02:16:54.415285,5.295100212097168,1.737156629562378,3.3567841053009033,10.306532859802246,qmix,smacv2,protoss_5_vs_5,100,0.0
9130000,4564,2026-06-15T02:19:36.456216,5.928706169128418,1.392057180404663,3.467336654663086,9.216080665588379,qmix,smacv2,protoss_5_vs_5,100,0.0
9132000,4565,2026-06-15T02:22:17.711391,5.766583442687988,1.7394773960113525,2.150753974914551,10.773870468139648,qmix,smacv2,protoss_5_vs_5,100,0.0
9134000,4566,2026-06-15T02:24:58.141214,6.289384365081787,2.701220989227295,2.4824118614196777,12.261306762695312,qmix,smacv2,protoss_5_vs_5,100,0.10000000149011612
9136000,4567,2026-06-15T02:27:38.725803,4.966520309448242,1.9768339395523071,2.863065481185913,10.373115539550781,qmix,smacv2,protoss_5_vs_5,100,0.0
9138000,4568,2026-06-15T02:30:18.805112,5.771042823791504,1.1948604583740234,3.3756282329559326,7.638190269470215,qmix,smacv2,protoss_5_vs_5,100,0.0
9140000,4569,2026-06-15T02:32:58.725502,5.833982944488525,2.149289131164551,2.5841708183288574,12.462312698364258,qmix,smacv2,protoss_5_vs_5,100,0.05000000074505806
9142000,4570,2026-06-15T02:35:38.989689,6.629271507263184,2.97446608543396,2.2474873065948486,14.110552787780762,qmix,smacv2,protoss_5_vs_5,100,0.10000000149011612
9144000,4571,2026-06-15T02:38:17.641727,6.121607780456543,1.8454170227050781,2.251256227493286,10.35175895690918,qmix,smacv2,protoss_5_vs_5,100,0.05000000074505806
9146000,4572,2026-06-15T02:40:56.406154,5.7342963218688965,2.2154674530029297,2.5376884937286377,12.361808776855469,qmix,smacv2,protoss_5_vs_5,100,0.05000000074505806
9148000,4573,2026-06-15T02:43:35.674196,6.1634416580200195,2.5581209659576416,3.297738552093506,14.070352554321289,qmix,smacv2,protoss_5_vs_5,100,0.05000000074505806
9150000,4574,2026-06-15T02:46:14.385597,5.344849586486816,1.6953672170639038,3.339195966720581,9.427135467529297,qmix,smacv2,protoss_5_vs_5,100,0.0
9152000,4575,2026-06-15T02:48:51.811209,4.941959857940674,1.7663339376449585,2.354271411895752,9.386934280395508,qmix,smacv2,protoss_5_vs_5,100,0.0
9154000,4576,2026-06-15T02:51:29.518124,5.24484920501709,2.0417420864105225,2.701004981994629,10.070351600646973,qmix,smacv2,protoss_5_vs_5,100,0.0
9156000,4577,2026-06-15T02:54:09.217191,5.109862327575684,1.6651618480682373,2.201004981994629,7.314070224761963,qmix,smacv2,protoss_5_vs_5,100,0.0
9158000,4578,2026-06-15T02:56:50.260849,5.5631914138793945,1.5711321830749512,2.653266429901123,8.934673309326172,qmix,smacv2,protoss_5_vs_5,100,0.0
9160000,4579,2026-06-15T02:59:30.538498,5.410677909851074,1.3936841487884521,3.193467140197754,8.211055755615234,qmix,smacv2,protoss_5_vs_5,100,0.0
9162000,4580,2026-06-15T03:02:09.862347,5.1975507736206055,2.0918734073638916,2.1407036781311035,12.16080379486084,qmix,smacv2,protoss_5_vs_5,100,0.05000000074505806
9164000,4581,2026-06-15T03:04:50.708811,4.699434757232666,1.3862309455871582,2.742462158203125,7.9798994064331055,qmix,smacv2,protoss_5_vs_5,100,0.0
9166000,4582,2026-06-15T03:07:31.043794,4.715954780578613,1.8507022857666016,2.7638189792633057,9.628141403198242,qmix,smacv2,protoss_5_vs_5,100,0.0
9168000,4583,2026-06-15T03:10:13.247288,6.220037937164307,2.652531385421753,2.943467378616333,12.381909370422363,qmix,smacv2,protoss_5_vs_5,100,0.10000000149011612
9170000,4584,2026-06-15T03:12:53.588199,5.687562465667725,2.359344005584717,2.331658124923706,10.603014945983887,qmix,smacv2,protoss_5_vs_5,100,0.10000000149011612
9172000,4585,2026-06-15T03:15:31.643239,5.500565528869629,2.7179019451141357,2.3115577697753906,12.462310791015625,qmix,smacv2,protoss_5_vs_5,100,0.10000000149011612
9174000,4586,2026-06-15T03:18:13.534206,6.569974422454834,2.443368673324585,2.395728588104248,11.949748992919922,qmix,smacv2,protoss_5_vs_5,100,0.0
9176000,4587,2026-06-15T03:20:52.800300,5.435301780700684,1.7382421493530273,3.242462158203125,10.070352554321289,qmix,smacv2,protoss_5_vs_5,100,0.0
9178000,4588,2026-06-15T03:23:31.711674,4.592273712158203,1.0262688398361206,2.371859312057495,7.236181735992432,qmix,smacv2,protoss_5_vs_5,100,0.0
9180000,4589,2026-06-15T03:26:10.504450,6.087625980377197,2.475318193435669,3.2587943077087402,12.160804748535156,qmix,smacv2,protoss_5_vs_5,100,0.15000000596046448
9182000,4590,2026-06-15T03:28:51.715717,5.586118221282959,1.8520567417144775,1.7688442468643188,10.105527877807617,qmix,smacv2,protoss_5_vs_5,100,0.0
9184000,4591,2026-06-15T03:31:30.483952,5.414823532104492,1.7753466367721558,3.1959800720214844,10.572863578796387,qmix,smacv2,protoss_5_vs_5,100,0.0
9186000,4592,2026-06-15T03:34:17.016579,5.5706658363342285,2.255854606628418,1.9020099639892578,10.157034873962402,qmix,smacv2,protoss_5_vs_5,100,0.05000000074505806
9188000,4593,2026-06-15T03:36:55.124288,5.04874324798584,2.6794686317443848,1.815326452255249,13.025125503540039,qmix,smacv2,protoss_5_vs_5,100,0.0
9190000,4594,2026-06-15T03:39:33.587245,5.545289039611816,1.9413179159164429,2.580402135848999,9.556532859802246,qmix,smacv2,protoss_5_vs_5,100,0.0
9192000,4595,2026-06-15T03:42:08.190882,6.807538032531738,1.8074597120285034,2.8354272842407227,10.050251007080078,qmix,smacv2,protoss_5_vs_5,100,0.05000000074505806
9194000,4596,2026-06-15T03:45:13.187017,5.973932266235352,1.9183646440505981,2.8932158946990967,10.552763938903809,qmix,smacv2,protoss_5_vs_5,100,0.0
9196000,4597,2026-06-15T03:47:46.684734,5.870100975036621,2.2165372371673584,3.452261447906494,12.09045124053955,qmix,smacv2,protoss_5_vs_5,100,0.10000000149011612
9198000,4598,2026-06-15T03:50:25.920545,5.77669620513916,1.8138461112976074,3.1344220638275146,9.425880432128906,qmix,smacv2,protoss_5_vs_5,100,0.0
9200000,4599,2026-06-15T03:53:04.183382,5.268279075622559,2.26448392868042,1.8894469738006592,10.70351791381836,qmix,smacv2,protoss_5_vs_5,100,0.05000000074505806
9202000,4600,2026-06-15T03:55:40.106090,5.433480262756348,2.015885829925537,2.3417084217071533,10.452260971069336,qmix,smacv2,protoss_5_vs_5,100,0.05000000074505806
9204000,4601,2026-06-15T03:58:19.326638,5.416833877563477,1.3131871223449707,3.266331434249878,8.704773902893066,qmix,smacv2,protoss_5_vs_5,100,0.0
9206000,4602,2026-06-15T04:00:58.837750,4.6935930252075195,1.8294141292572021,2.3417086601257324,8.613064765930176,qmix,smacv2,protoss_5_vs_5,100,0.0
9208000,4603,2026-06-15T04:03:37.444961,4.749874591827393,1.317309856414795,2.974874496459961,8.391960144042969,qmix,smacv2,protoss_5_vs_5,100,0.0
9210000,4604,2026-06-15T04:06:18.829164,5.747424602508545,2.57547926902771,1.7399498224258423,12.160804748535156,qmix,smacv2,protoss_5_vs_5,100,0.05000000074505806
9212000,4605,2026-06-15T04:09:01.057782,5.2576003074646,1.9217612743377686,2.3994972705841064,10.080401420593262,qmix,smacv2,protoss_5_vs_5,100,0.0
9214000,4606,2026-06-15T04:11:44.620981,5.834673881530762,1.7786142826080322,3.2160804271698,10.19095516204834,qmix,smacv2,protoss_5_vs_5,100,0.0
9216000,4607,2026-06-15T04:14:26.009357,5.135300636291504,1.7726949453353882,2.1834170818328857,9.326632499694824,qmix,smacv2,protoss_5_vs_5,100,0.0
9218000,4608,2026-06-15T04:17:04.148182,5.026758670806885,1.7611318826675415,1.999999761581421,9.025125503540039,qmix,smacv2,protoss_5_vs_5,100,0.0
9220000,4609,2026-06-15T04:19:43.184435,5.52669620513916,2.3141565322875977,3.1658289432525635,14.371858596801758,qmix,smacv2,protoss_5_vs_5,100,0.05000000074505806
9222000,4610,2026-06-15T04:22:22.152196,5.8204145431518555,2.236215114593506,3.187185764312744,12.442211151123047,qmix,smacv2,protoss_5_vs_5,100,0.0
9224000,4611,2026-06-15T04:25:00.800978,6.300502300262451,2.1041066646575928,2.6834170818328857,10.894472122192383,qmix,smacv2,protoss_5_vs_5,100,0.0
9226000,4612,2026-06-15T04:27:41.044727,6.20540189743042,3.0848162174224854,3.025125503540039,14.271357536315918,qmix,smacv2,protoss_5_vs_5,100,0.10000000149011612
9228000,4613,2026-06-15T04:30:20.010061,5.729083061218262,1.5062007904052734,1.9698489904403687,9.477387428283691,qmix,smacv2,protoss_5_vs_5,100,0.0
9230000,4614,2026-06-15T04:33:00.877261,5.256720542907715,2.347405195236206,2.404522657394409,12.162059783935547,qmix,smacv2,protoss_5_vs_5,100,0.05000000074505806
9232000,4615,2026-06-15T04:35:43.687065,5.603518009185791,2.1225061416625977,2.291457176208496,8.984925270080566,qmix,smacv2,protoss_5_vs_5,100,0.0
9234000,4616,2026-06-15T04:38:25.777480,5.203894138336182,1.5444114208221436,2.492462396621704,9.358039855957031,qmix,smacv2,protoss_5_vs_5,100,0.0
9236000,4617,2026-06-15T04:41:09.203725,6.105340003967285,1.3745845556259155,3.758793592453003,9.889448165893555,qmix,smacv2,protoss_5_vs_5,100,0.0
9238000,4618,2026-06-15T04:43:51.089353,6.224371910095215,2.2969188690185547,3.1105527877807617,12.331658363342285,qmix,smacv2,protoss_5_vs_5,100,0.0
9240000,4619,2026-06-15T04:46:31.145552,5.683228492736816,1.7170051336288452,3.354271411895752,8.492462158203125,qmix,smacv2,protoss_5_vs_5,100,0.0
9242000,4620,2026-06-15T04:49:11.014086,6.1675872802734375,1.9865727424621582,2.4321606159210205,10.32160758972168,qmix,smacv2,protoss_5_vs_5,100,0.0
9244000,4621,2026-06-15T04:51:51.948780,5.293341636657715,2.067455768585205,2.150753974914551,10.442211151123047,qmix,smacv2,protoss_5_vs_5,100,0.0
9246000,4622,2026-06-15T04:54:30.152774,5.259422302246094,1.6128184795379639,2.492462158203125,8.884422302246094,qmix,smacv2,protoss_5_vs_5,100,0.0
9248000,4623,2026-06-15T04:57:11.595010,5.8638811111450195,1.7309476137161255,2.2311558723449707,10.010049819946289,qmix,smacv2,protoss_5_vs_5,100,0.0
9250000,4624,2026-06-15T04:59:49.796476,5.55257511138916,2.0697100162506104,2.3090453147888184,10.432160377502441,qmix,smacv2,protoss_5_vs_5,100,0.05000000074505806
9252000,4625,2026-06-15T05:02:30.750942,5.690515518188477,1.9393391609191895,3.291457414627075,10.733668327331543,qmix,smacv2,protoss_5_vs_5,100,0.0
9254000,4626,2026-06-15T05:05:09.274632,4.693278789520264,1.2678872346878052,2.5515074729919434,7.0050249099731445,qmix,smacv2,protoss_5_vs_5,100,0.0
9256000,4627,2026-06-15T05:07:47.485848,5.109421730041504,1.9381468296051025,2.3680903911590576,8.998744010925293,qmix,smacv2,protoss_5_vs_5,100,0.0
9258000,4628,2026-06-15T05:10:26.844221,5.273428916931152,1.861021876335144,2.0062813758850098,8.552763938903809,qmix,smacv2,protoss_5_vs_5,100,0.0
9260000,4629,2026-06-15T05:13:09.559059,6.419535160064697,1.7503465414047241,3.522613048553467,9.678391456604004,qmix,smacv2,protoss_5_vs_5,100,0.0
9262000,4630,2026-06-15T05:15:48.954435,5.417525291442871,2.093231439590454,1.8894472122192383,12.462310791015625,qmix,smacv2,protoss_5_vs_5,100,0.05000000074505806
9264000,4631,2026-06-15T05:18:28.484877,5.66940975189209,2.4753568172454834,3.0766332149505615,14.170854568481445,qmix,smacv2,protoss_5_vs_5,100,0.05000000074505806
9266000,4632,2026-06-15T05:21:08.448913,5.447801113128662,1.416709303855896,2.5703518390655518,8.05904483795166,qmix,smacv2,protoss_5_vs_5,100,0.0
9268000,4633,2026-06-15T05:23:46.563648,5.715075492858887,1.9280649423599243,3.266331434249878,10.060301780700684,qmix,smacv2,protoss_5_vs_5,100,0.05000000074505806
9270000,4634,2026-06-15T05:26:25.261029,6.206406593322754,2.858922243118286,2.9811558723449707,16.28140640258789,qmix,smacv2,protoss_5_vs_5,100,0.05000000074505806
9272000,4635,2026-06-15T05:29:05.373143,6.104962348937988,2.293121576309204,2.757537603378296,12.16080379486084,qmix,smacv2,protoss_5_vs_5,100,0.05000000074505806
9274000,4636,2026-06-15T05:31:45.579856,5.353203773498535,1.5929139852523804,3.0452260971069336,9.32663345336914,qmix,smacv2,protoss_5_vs_5,100,0.0
9276000,4637,2026-06-15T05:34:26.315876,5.788254261016846,1.8097056150436401,2.9535176753997803,9.430904388427734,qmix,smacv2,protoss_5_vs_5,100,0.0
9278000,4638,2026-06-15T05:37:07.289418,6.349560737609863,3.360018730163574,2.6796481609344482,14.371859550476074,qmix,smacv2,protoss_5_vs_5,100,0.10000000149011612
9280000,4639,2026-06-15T05:39:46.909414,6.1051506996154785,2.3788371086120605,2.8756279945373535,10.814070701599121,qmix,smacv2,protoss_5_vs_5,100,0.0
9282000,4640,2026-06-15T05:42:27.607589,5.649811744689941,1.2741695642471313,3.7386932373046875,8.864322662353516,qmix,smacv2,protoss_5_vs_5,100,0.0
9284000,4641,2026-06-15T05:45:07.140846,5.510741233825684,1.716983675956726,2.913316488265991,8.643216133117676,qmix,smacv2,protoss_5_vs_5,100,0.0
9286000,4642,2026-06-15T05:47:48.842060,6.854208469390869,2.0908517837524414,3.8907036781311035,12.371858596801758,qmix,smacv2,protoss_5_vs_5,100,0.10000000149011612
9288000,4643,2026-06-15T05:50:30.494790,5.366457939147949,1.6080151796340942,1.8894474506378174,7.989950656890869,qmix,smacv2,protoss_5_vs_5,100,0.0
9290000,4644,2026-06-15T05:53:18.724642,5.862939357757568,2.24981427192688,2.943467378616333,12.261305809020996,qmix,smacv2,protoss_5_vs_5,100,0.10000000149011612
9292000,4645,2026-06-15T05:56:00.905388,5.488819599151611,1.6684256792068481,2.5,9.376884460449219,qmix,smacv2,protoss_5_vs_5,100,0.0
9294000,4646,2026-06-15T05:58:43.831167,6.323429584503174,2.376399278640747,1.7474873065948486,10.964823722839355,qmix,smacv2,protoss_5_vs_5,100,0.0
9296000,4647,2026-06-15T06:01:25.297610,6.092084884643555,1.9425331354141235,2.4497487545013428,10.37186050415039,qmix,smacv2,protoss_5_vs_5,100,0.0
9298000,4648,2026-06-15T06:04:05.786190,6.096294403076172,2.0767130851745605,3.2864322662353516,12.361809730529785,qmix,smacv2,protoss_5_vs_5,100,0.05000000074505806
9300000,4649,2026-06-15T06:06:44.297507,5.166519641876221,1.5669389963150024,2.34547758102417,8.130653381347656,qmix,smacv2,protoss_5_vs_5,100,0.0
9302000,4650,2026-06-15T06:09:21.709985,5.508793830871582,1.4966868162155151,3.5527637004852295,9.748744010925293,qmix,smacv2,protoss_5_vs_5,100,0.0
9304000,4651,2026-06-15T06:12:00.348495,5.928328514099121,2.277885675430298,3.4786429405212402,12.060302734375,qmix,smacv2,protoss_5_vs_5,100,0.05000000074505806
9306000,4652,2026-06-15T06:14:37.493104,5.674811363220215,1.8875621557235718,2.530150890350342,10.15075397491455,qmix,smacv2,protoss_5_vs_5,100,0.05000000074505806
9308000,4653,2026-06-15T06:17:16.368018,5.629647731781006,2.092891216278076,2.458542823791504,10.45226001739502,qmix,smacv2,protoss_5_vs_5,100,0.05000000074505806
9310000,4654,2026-06-15T06:19:53.669112,5.712939262390137,1.6018922328948975,3.758794069290161,9.61808967590332,qmix,smacv2,protoss_5_vs_5,100,0.0
9312000,4655,2026-06-15T06:22:32.147414,6.070854187011719,1.7647074460983276,3.105527400970459,8.643216133117676,qmix,smacv2,protoss_5_vs_5,100,0.0
9314000,4656,2026-06-15T06:25:11.495429,6.527261257171631,2.6674466133117676,2.6030149459838867,14.301507949829102,qmix,smacv2,protoss_5_vs_5,100,0.10000000149011612
9316000,4657,2026-06-15T06:27:55.526964,6.504522800445557,1.9149514436721802,3.73115611076355,12.160802841186523,qmix,smacv2,protoss_5_vs_5,100,0.05000000074505806
9318000,4658,2026-06-15T06:30:34.961292,5.709107875823975,2.192216157913208,2.579145669937134,12.361808776855469,qmix,smacv2,protoss_5_vs_5,100,0.05000000074505806
9320000,4659,2026-06-15T06:33:14.923419,5.497298717498779,2.8385119438171387,2.6733667850494385,16.180906295776367,qmix,smacv2,protoss_5_vs_5,100,0.05000000074505806
9322000,4660,2026-06-15T06:35:54.263086,5.596734046936035,2.2725071907043457,2.251256227493286,12.160804748535156,qmix,smacv2,protoss_5_vs_5,100,0.05000000074505806
9324000,4661,2026-06-15T06:38:33.934707,6.068844318389893,1.9511585235595703,3.2361807823181152,10.454773902893066,qmix,smacv2,protoss_5_vs_5,100,0.05000000074505806
9326000,4662,2026-06-15T06:41:16.236905,6.474308967590332,2.7993743419647217,2.4723618030548096,14.271356582641602,qmix,smacv2,protoss_5_vs_5,100,0.05000000074505806
9328000,4663,2026-06-15T06:43:54.110426,5.164761066436768,1.293508529663086,3.316582441329956,9.788945198059082,qmix,smacv2,protoss_5_vs_5,100,0.0
9330000,4664,2026-06-15T06:46:33.692665,6.431532859802246,1.9465910196304321,4.273869514465332,12.16080379486084,qmix,smacv2,protoss_5_vs_5,100,0.05000000074505806
9332000,4665,2026-06-15T06:49:11.218257,5.3141961097717285,1.127063512802124,3.1670854091644287,7.868090629577637,qmix,smacv2,protoss_5_vs_5,100,0.0
9334000,4666,2026-06-15T06:51:50.337853,5.605339050292969,2.5846166610717773,1.6997486352920532,12.404522895812988,qmix,smacv2,protoss_5_vs_5,100,0.10000000149011612
9336000,4667,2026-06-15T06:54:32.662119,5.872612953186035,1.5139801502227783,1.5690953731536865,8.211055755615234,qmix,smacv2,protoss_5_vs_5,100,0.0
9338000,4668,2026-06-15T06:57:12.168653,4.860804080963135,1.3038064241409302,2.5690953731536865,6.920854091644287,qmix,smacv2,protoss_5_vs_5,100,0.0
9340000,4669,2026-06-15T06:59:52.713198,5.558354377746582,1.6570996046066284,2.758794069290161,8.834171295166016,qmix,smacv2,protoss_5_vs_5,100,0.0
9342000,4670,2026-06-15T07:02:36.114875,5.475125312805176,1.3772553205490112,3.3505027294158936,8.66331672668457,qmix,smacv2,protoss_5_vs_5,100,0.0
9344000,4671,2026-06-15T07:05:17.964463,4.771607875823975,1.170129656791687,2.854271411895752,7.7688446044921875,qmix,smacv2,protoss_5_vs_5,100,0.0
9346000,4672,2026-06-15T07:07:57.833994,6.0053391456604,1.365897536277771,3.145728349685669,8.341708183288574,qmix,smacv2,protoss_5_vs_5,100,0.0
9348000,4673,2026-06-15T07:10:39.288593,5.259484767913818,1.6150075197219849,1.9095478057861328,8.572864532470703,qmix,smacv2,protoss_5_vs_5,100,0.0
9350000,4674,2026-06-15T07:13:17.252934,5.774811744689941,1.7574748992919922,3.409547805786133,9.395729064941406,qmix,smacv2,protoss_5_vs_5,100,0.0
9352000,4675,2026-06-15T07:15:58.804498,6.516079902648926,2.1929852962493896,3.0351755619049072,12.261306762695312,qmix,smacv2,protoss_5_vs_5,100,0.05000000074505806
9354000,4676,2026-06-15T07:18:38.309481,5.802261829376221,2.606241226196289,2.128140687942505,14.271356582641602,qmix,smacv2,protoss_5_vs_5,100,0.05000000074505806
9356000,4677,2026-06-15T07:21:16.798362,5.552638053894043,1.8848838806152344,2.5615577697753906,9.638190269470215,qmix,smacv2,protoss_5_vs_5,100,0.0
9358000,4678,2026-06-15T07:23:54.633459,5.540892124176025,2.129551887512207,2.2939696311950684,12.462310791015625,qmix,smacv2,protoss_5_vs_5,100,0.05000000074505806
9360000,4679,2026-06-15T07:26:33.433455,5.565640449523926,1.278420329093933,3.468593120574951,8.15075397491455,qmix,smacv2,protoss_5_vs_5,100,0.0
9362000,4680,2026-06-15T07:29:15.902820,6.2589192390441895,3.176750659942627,3.185929775238037,14.271354675292969,qmix,smacv2,protoss_5_vs_5,100,0.10000000149011612
9364000,4681,2026-06-15T07:31:53.731398,6.189824104309082,1.6304394006729126,3.346733570098877,9.638191223144531,qmix,smacv2,protoss_5_vs_5,100,0.0
9366000,4682,2026-06-15T07:34:34.476717,5.812939643859863,2.8702967166900635,2.6821606159210205,16.180904388427734,qmix,smacv2,protoss_5_vs_5,100,0.05000000074505806
9368000,4683,2026-06-15T07:37:16.411233,5.109861850738525,1.3592013120651245,3.0753767490386963,8.24748706817627,qmix,smacv2,protoss_5_vs_5,100,0.0
9370000,4684,2026-06-15T07:39:59.138440,6.1998114585876465,3.1539971828460693,2.2713568210601807,12.162059783935547,qmix,smacv2,protoss_5_vs_5,100,0.10000000149011612
9372000,4685,2026-06-15T07:42:38.860992,5.957537651062012,2.4502177238464355,3.557788848876953,12.361808776855469,qmix,smacv2,protoss_5_vs_5,100,0.05000000074505806
9374000,4686,2026-06-15T07:45:16.515902,5.110678672790527,1.769761085510254,3.0138192176818848,9.447236061096191,qmix,smacv2,protoss_5_vs_5,100,0.0
9376000,4687,2026-06-15T07:47:56.006043,5.341771125793457,1.785454511642456,2.2449750900268555,10.479898452758789,qmix,smacv2,protoss_5_vs_5,100,0.0
9378000,4688,2026-06-15T07:50:35.011574,5.899434566497803,2.331040859222412,3.155778646469116,12.361808776855469,qmix,smacv2,protoss_5_vs_5,100,0.05000000074505806
9380000,4689,2026-06-15T07:53:12.037858,5.508856773376465,1.362742304801941,2.797738552093506,9.005025863647461,qmix,smacv2,protoss_5_vs_5,100,0.0
9382000,4690,2026-06-15T07:55:50.987546,5.611871242523193,1.556502342224121,1.8605527877807617,8.502511978149414,qmix,smacv2,protoss_5_vs_5,100,0.0
9384000,4691,2026-06-15T07:58:33.587958,5.860489845275879,1.765082597732544,3.144472360610962,8.804019927978516,qmix,smacv2,protoss_5_vs_5,100,0.0
9386000,4692,2026-06-15T08:01:14.859569,5.090389728546143,1.7402503490447998,1.6243717670440674,10.263818740844727,qmix,smacv2,protoss_5_vs_5,100,0.05000000074505806
9388000,4693,2026-06-15T08:03:56.207325,5.703768730163574,1.9049818515777588,2.3819096088409424,10.92587947845459,qmix,smacv2,protoss_5_vs_5,100,0.0
9390000,4694,2026-06-15T08:06:35.985269,6.053015232086182,2.607583999633789,3.0452260971069336,14.486181259155273,qmix,smacv2,protoss_5_vs_5,100,0.05000000074505806
9392000,4695,2026-06-15T08:09:15.546460,6.068090915679932,2.0299575328826904,3.026381492614746,12.22110366821289,qmix,smacv2,protoss_5_vs_5,100,0.05000000074505806
9394000,4696,2026-06-15T08:11:53.063053,5.81765079498291,1.716972827911377,3.025125741958618,9.84924602508545,qmix,smacv2,protoss_5_vs_5,100,0.0
9396000,4697,2026-06-15T08:14:31.909985,5.612060546875,1.6153494119644165,3.267587661743164,8.26256275177002,qmix,smacv2,protoss_5_vs_5,100,0.0
9398000,4698,2026-06-15T08:17:13.590618,5.535113334655762,1.7856792211532593,2.894472360610962,9.869346618652344,qmix,smacv2,protoss_5_vs_5,100,0.0
9400000,4699,2026-06-15T08:19:52.376309,5.1446614265441895,1.5194358825683594,2.4309046268463135,8.211055755615234,qmix,smacv2,protoss_5_vs_5,100,0.0
9402000,4700,2026-06-15T08:22:33.399971,5.373241424560547,2.21639347076416,2.298995018005371,12.316582679748535,qmix,smacv2,protoss_5_vs_5,100,0.05000000074505806
9404000,4701,2026-06-15T08:25:13.556850,6.38925838470459,1.9677823781967163,3.723618268966675,10.251256942749023,qmix,smacv2,protoss_5_vs_5,100,0.05000000074505806
9406000,4702,2026-06-15T08:27:53.030144,4.829773902893066,1.621314525604248,2.918341875076294,8.814070701599121,qmix,smacv2,protoss_5_vs_5,100,0.0
9408000,4703,2026-06-15T08:30:32.393867,5.4005022048950195,1.6993331909179688,2.6997485160827637,9.822863578796387,qmix,smacv2,protoss_5_vs_5,100,0.0
9410000,4704,2026-06-15T08:33:10.573733,5.226633071899414,1.6181954145431519,2.1507537364959717,9.82663345336914,qmix,smacv2,protoss_5_vs_5,100,0.0
9412000,4705,2026-06-15T08:35:49.776983,5.770351886749268,1.8541579246520996,2.984924554824829,12.060302734375,qmix,smacv2,protoss_5_vs_5,100,0.05000000074505806
9414000,4706,2026-06-15T08:38:31.594538,6.057412147521973,2.0493767261505127,2.9861810207366943,11.844221115112305,qmix,smacv2,protoss_5_vs_5,100,0.0
9416000,4707,2026-06-15T08:41:11.843733,5.843844413757324,2.152942657470703,2.1896986961364746,11.477387428283691,qmix,smacv2,protoss_5_vs_5,100,0.0
9418000,4708,2026-06-15T08:43:52.939482,4.725690841674805,1.0588889122009277,2.791457176208496,6.95603084564209,qmix,smacv2,protoss_5_vs_5,100,0.0
9420000,4709,2026-06-15T08:46:35.943371,5.229396820068359,1.275429606437683,2.854271411895752,7.91708517074585,qmix,smacv2,protoss_5_vs_5,100,0.0
9422000,4710,2026-06-15T08:49:18.987495,5.407977104187012,3.0088839530944824,2.748743772506714,14.302762985229492,qmix,smacv2,protoss_5_vs_5,100,0.05000000074505806
9424000,4711,2026-06-15T08:51:59.750550,5.221105575561523,1.7739182710647583,2.6494975090026855,9.427136421203613,qmix,smacv2,protoss_5_vs_5,100,0.0
9426000,4712,2026-06-15T08:54:37.100304,5.601130485534668,1.9324897527694702,3.09547758102417,12.16080379486084,qmix,smacv2,protoss_5_vs_5,100,0.05000000074505806
9428000,4713,2026-06-15T08:57:12.400530,5.254836559295654,1.1834707260131836,2.9296481609344482,7.165829658508301,qmix,smacv2,protoss_5_vs_5,100,0.0
9430000,4714,2026-06-15T08:59:49.971365,5.586306095123291,2.250467300415039,2.469849109649658,13.326632499694824,qmix,smacv2,protoss_5_vs_5,100,0.0
9432000,4715,2026-06-15T09:02:27.673535,5.005339622497559,1.270422101020813,2.2474875450134277,8.069095611572266,qmix,smacv2,protoss_5_vs_5,100,0.0
9434000,4716,2026-06-15T09:05:06.113850,5.631596088409424,2.2549328804016113,2.775125741958618,12.331658363342285,qmix,smacv2,protoss_5_vs_5,100,0.0
9436000,4717,2026-06-15T09:07:45.918628,5.3779520988464355,1.1272116899490356,3.4472358226776123,7.608040809631348,qmix,smacv2,protoss_5_vs_5,100,0.0
9438000,4718,2026-06-15T09:10:25.358077,5.138630390167236,1.3842524290084839,2.733668088912964,8.545226097106934,qmix,smacv2,protoss_5_vs_5,100,0.0
9440000,4719,2026-06-15T09:13:05.975868,5.6680908203125,2.118216037750244,1.9899498224258423,9.639447212219238,qmix,smacv2,protoss_5_vs_5,100,0.0
9442000,4720,2026-06-15T09:15:48.657321,5.503831386566162,1.9508177042007446,2.187185764312744,10.653265953063965,qmix,smacv2,protoss_5_vs_5,100,0.0
9444000,4721,2026-06-15T09:18:29.436515,5.920917510986328,2.079645872116089,3.169597864151001,11.050251960754395,qmix,smacv2,protoss_5_vs_5,100,0.0
9446000,4722,2026-06-15T09:21:10.465186,5.17072868347168,1.5637459754943848,3.0841712951660156,8.552763938903809,qmix,smacv2,protoss_5_vs_5,100,0.0
9448000,4723,2026-06-15T09:23:51.630960,6.090766429901123,2.441310405731201,2.742462158203125,14.371858596801758,qmix,smacv2,protoss_5_vs_5,100,0.10000000149011612
9450000,4724,2026-06-15T09:26:31.502109,6.572174072265625,2.5209407806396484,2.9133167266845703,12.361809730529785,qmix,smacv2,protoss_5_vs_5,100,0.10000000149011612
9452000,4725,2026-06-15T09:29:08.207158,5.611997604370117,1.9807095527648926,2.458542823791504,9.733668327331543,qmix,smacv2,protoss_5_vs_5,100,0.0
9454000,4726,2026-06-15T09:32:15.057559,4.740326881408691,1.8600798845291138,2.5502512454986572,9.417085647583008,qmix,smacv2,protoss_5_vs_5,100,0.0
9456000,4727,2026-06-15T09:34:48.880937,5.477701187133789,2.2822165489196777,2.371859312057495,12.160804748535156,qmix,smacv2,protoss_5_vs_5,100,0.05000000074505806
9458000,4728,2026-06-15T09:37:29.158243,5.458919048309326,1.9919501543045044,2.572864294052124,10.554019927978516,qmix,smacv2,protoss_5_vs_5,100,0.0
9460000,4729,2026-06-15T09:40:06.336151,5.504459857940674,1.7552189826965332,3.2361807823181152,9.84924602508545,qmix,smacv2,protoss_5_vs_5,100,0.0
9462000,4730,2026-06-15T09:42:41.196273,5.21834135055542,1.6529333591461182,3.1331658363342285,9.346733093261719,qmix,smacv2,protoss_5_vs_5,100,0.0
9464000,4731,2026-06-15T09:45:18.896012,5.698241233825684,2.8089945316314697,2.331658363342285,12.462312698364258,qmix,smacv2,protoss_5_vs_5,100,0.10000000149011612
9466000,4732,2026-06-15T09:47:58.568032,5.993467330932617,1.8150628805160522,3.3806533813476562,9.658291816711426,qmix,smacv2,protoss_5_vs_5,100,0.0
9468000,4733,2026-06-15T09:50:37.360482,5.9960432052612305,1.4490418434143066,3.8994975090026855,8.914573669433594,qmix,smacv2,protoss_5_vs_5,100,0.0
9470000,4734,2026-06-15T09:53:17.731299,7.255590915679932,2.846133232116699,3.056532382965088,14.271356582641602,qmix,smacv2,protoss_5_vs_5,100,0.10000000149011612
9472000,4735,2026-06-15T09:55:56.617543,5.983102321624756,1.8007045984268188,2.5025124549865723,10.092966079711914,qmix,smacv2,protoss_5_vs_5,100,0.0
9474000,4736,2026-06-15T09:58:37.218980,5.584547996520996,1.6609994173049927,3.587939500808716,10.512563705444336,qmix,smacv2,protoss_5_vs_5,100,0.0
9476000,4737,2026-06-15T10:01:21.620682,5.093718528747559,2.0721240043640137,2.1922109127044678,9.507537841796875,qmix,smacv2,protoss_5_vs_5,100,0.0
9478000,4738,2026-06-15T10:04:04.596253,5.28278923034668,1.6266491413116455,2.346733570098877,8.699748992919922,qmix,smacv2,protoss_5_vs_5,100,0.0
9480000,4739,2026-06-15T10:06:48.524026,5.278643608093262,1.5417242050170898,2.708542585372925,8.978643417358398,qmix,smacv2,protoss_5_vs_5,100,0.0
9482000,4740,2026-06-15T10:09:33.199786,5.80301570892334,2.3162145614624023,3.3768844604492188,12.246232032775879,qmix,smacv2,protoss_5_vs_5,100,0.0
9484000,4741,2026-06-15T10:12:20.819760,6.935238838195801,3.108262538909912,3.9698493480682373,14.170854568481445,qmix,smacv2,protoss_5_vs_5,100,0.15000000596046448
9486000,4742,2026-06-15T10:15:06.655081,4.772236347198486,1.030498743057251,2.6733667850494385,6.145728588104248,qmix,smacv2,protoss_5_vs_5,100,0.0
9488000,4743,2026-06-15T10:17:53.680172,5.280904293060303,1.650536060333252,2.7876884937286377,9.889448165893555,qmix,smacv2,protoss_5_vs_5,100,0.0
9490000,4744,2026-06-15T10:20:42.070804,6.392902374267578,2.7564210891723633,2.621859312057495,12.361808776855469,qmix,smacv2,protoss_5_vs_5,100,0.15000000596046448
9492000,4745,2026-06-15T10:23:29.624516,6.229648590087891,2.120474338531494,3.143216371536255,12.361808776855469,qmix,smacv2,protoss_5_vs_5,100,0.05000000074505806
9494000,4746,2026-06-15T10:26:16.058766,5.891017436981201,1.6527198553085327,3.0439696311950684,8.964823722839355,qmix,smacv2,protoss_5_vs_5,100,0.0
9496000,4747,2026-06-15T10:29:04.102461,6.009296894073486,1.8136485815048218,3.0703518390655518,9.288946151733398,qmix,smacv2,protoss_5_vs_5,100,0.0
9498000,4748,2026-06-15T10:31:51.063656,5.325313568115234,1.3345777988433838,2.841708183288574,8.301507949829102,qmix,smacv2,protoss_5_vs_5,100,0.0
9500000,4749,2026-06-15T10:34:36.182646,5.572487831115723,1.7686017751693726,3.2562813758850098,10.631909370422363,qmix,smacv2,protoss_5_vs_5,100,0.0
9502000,4750,2026-06-15T10:37:19.768499,6.0532660484313965,2.094801664352417,2.8040199279785156,11.738693237304688,qmix,smacv2,protoss_5_vs_5,100,0.0
9504000,4751,2026-06-15T10:40:07.185934,5.32675838470459,2.090177536010742,2.693467378616333,10.753768920898438,qmix,smacv2,protoss_5_vs_5,100,0.0
9506000,4752,2026-06-15T10:42:50.739977,5.227827072143555,1.856462001800537,2.1231155395507812,8.50251293182373,qmix,smacv2,protoss_5_vs_5,100,0.0
9508000,4753,2026-06-15T10:45:31.942635,5.732914924621582,2.406888484954834,2.435929536819458,12.261306762695312,qmix,smacv2,protoss_5_vs_5,100,0.10000000149011612
9510000,4754,2026-06-15T10:48:14.721022,4.895477294921875,1.585183024406433,2.130653142929077,7.924623966217041,qmix,smacv2,protoss_5_vs_5,100,0.0
9512000,4755,2026-06-15T10:50:56.391305,4.986620903015137,1.478988528251648,2.45979905128479,8.25251293182373,qmix,smacv2,protoss_5_vs_5,100,0.0
9514000,4756,2026-06-15T10:53:38.168102,5.58291482925415,1.471248745918274,3.4974875450134277,8.733668327331543,qmix,smacv2,protoss_5_vs_5,100,0.0
9516000,4757,2026-06-15T10:56:18.051509,5.339447021484375,1.847579836845398,2.4723620414733887,8.361808776855469,qmix,smacv2,protoss_5_vs_5,100,0.0
9518000,4758,2026-06-15T10:58:59.006560,6.054333686828613,2.0768067836761475,2.7449748516082764,11.331658363342285,qmix,smacv2,protoss_5_vs_5,100,0.05000000074505806
9520000,4759,2026-06-15T11:01:39.162467,5.622738838195801,2.157486915588379,3.1557788848876953,11.597990989685059,qmix,smacv2,protoss_5_vs_5,100,0.0
9522000,4760,2026-06-15T11:04:19.445205,5.209672927856445,1.9360235929489136,2.66959810256958,9.84924602508545,qmix,smacv2,protoss_5_vs_5,100,0.0
9524000,4761,2026-06-15T11:07:00.388911,6.716959476470947,2.468364953994751,3.610553026199341,12.472362518310547,qmix,smacv2,protoss_5_vs_5,100,0.05000000074505806
9526000,4762,2026-06-15T11:09:37.534525,4.88429594039917,1.6463000774383545,2.0766329765319824,8.232412338256836,qmix,smacv2,protoss_5_vs_5,100,0.0
9528000,4763,2026-06-15T11:12:14.153557,5.394095420837402,1.9145526885986328,3.0854272842407227,9.64572811126709,qmix,smacv2,protoss_5_vs_5,100,0.0
9530000,4764,2026-06-15T11:14:53.476906,5.64937162399292,2.5907037258148193,2.6633167266845703,14.40075397491455,qmix,smacv2,protoss_5_vs_5,100,0.05000000074505806
9532000,4765,2026-06-15T11:17:30.527714,5.054208755493164,1.1759659051895142,2.5276381969451904,7.80904483795166,qmix,smacv2,protoss_5_vs_5,100,0.0
9534000,4766,2026-06-15T11:20:09.757613,5.704522609710693,2.1411266326904297,3.2361807823181152,12.082914352416992,qmix,smacv2,protoss_5_vs_5,100,0.05000000074505806
9536000,4767,2026-06-15T11:22:48.634188,5.958416938781738,2.530992031097412,3.1557791233062744,12.462310791015625,qmix,smacv2,protoss_5_vs_5,100,0.05000000074505806
9538000,4768,2026-06-15T11:25:27.993345,5.673555374145508,1.2156389951705933,3.9296481609344482,8.195980072021484,qmix,smacv2,protoss_5_vs_5,100,0.0
9540000,4769,2026-06-15T11:28:04.615657,4.891645908355713,1.3827974796295166,3.032663345336914,8.70351791381836,qmix,smacv2,protoss_5_vs_5,100,0.0
9542000,4770,2026-06-15T11:30:44.568521,5.151444435119629,1.723291277885437,2.379396915435791,8.060301780700684,qmix,smacv2,protoss_5_vs_5,100,0.0
9544000,4771,2026-06-15T11:33:25.335442,5.600690841674805,1.9745486974716187,2.6231155395507812,9.804019927978516,qmix,smacv2,protoss_5_vs_5,100,0.0
9546000,4772,2026-06-15T11:36:07.615132,6.505213260650635,2.000265121459961,3.427135944366455,10.874371528625488,qmix,smacv2,protoss_5_vs_5,100,0.0
9548000,4773,2026-06-15T11:38:49.611269,5.06055212020874,1.7291420698165894,2.758794069290161,8.452261924743652,qmix,smacv2,protoss_5_vs_5,100,0.0
9550000,4774,2026-06-15T11:41:32.605664,5.459547519683838,2.69785213470459,2.476130723953247,14.371858596801758,qmix,smacv2,protoss_5_vs_5,100,0.10000000149011612
9552000,4775,2026-06-15T11:44:14.497584,5.699560642242432,1.8015199899673462,3.435929536819458,9.461054801940918,qmix,smacv2,protoss_5_vs_5,100,0.0
9554000,4776,2026-06-15T11:46:56.494945,5.719975471496582,2.1441264152526855,2.984924554824829,12.16080379486084,qmix,smacv2,protoss_5_vs_5,100,0.05000000074505806
9556000,4777,2026-06-15T11:49:36.090473,5.706846714019775,2.413761854171753,2.3417086601257324,12.261307716369629,qmix,smacv2,protoss_5_vs_5,100,0.05000000074505806
9558000,4778,2026-06-15T11:52:12.959016,4.938630104064941,1.136818528175354,2.8266329765319824,7.189698696136475,qmix,smacv2,protoss_5_vs_5,100,0.0
9560000,4779,2026-06-15T11:54:49.664896,5.359736442565918,1.5644984245300293,3.01507568359375,8.815326690673828,qmix,smacv2,protoss_5_vs_5,100,0.0
9562000,4780,2026-06-15T11:57:30.578491,5.472110271453857,1.9860962629318237,3.006281614303589,12.22110652923584,qmix,smacv2,protoss_5_vs_5,100,0.05000000074505806
9564000,4781,2026-06-15T12:00:10.504524,5.023178577423096,1.5650107860565186,3.062814235687256,8.097990036010742,qmix,smacv2,protoss_5_vs_5,100,0.0
9566000,4782,2026-06-15T12:02:50.457170,6.089447498321533,2.412440776824951,1.8140703439712524,12.462311744689941,qmix,smacv2,protoss_5_vs_5,100,0.05000000074505806
9568000,4783,2026-06-15T12:05:33.099491,5.501633644104004,2.1431283950805664,1.95979905128479,10.150753021240234,qmix,smacv2,protoss_5_vs_5,100,0.05000000074505806
9570000,4784,2026-06-15T12:08:14.181528,5.8914570808410645,1.987053394317627,2.7298994064331055,9.758793830871582,qmix,smacv2,protoss_5_vs_5,100,0.0
9572000,4785,2026-06-15T12:10:55.717898,6.117964744567871,2.0922176837921143,3.2160804271698,10.150753021240234,qmix,smacv2,protoss_5_vs_5,100,0.05000000074505806
9574000,4786,2026-06-15T12:13:35.085541,4.779648303985596,1.7567996978759766,2.1507537364959717,10.19095516204834,qmix,smacv2,protoss_5_vs_5,100,0.0
9576000,4787,2026-06-15T12:16:13.842849,5.220477104187012,1.103410005569458,3.396984815597534,7.105528354644775,qmix,smacv2,protoss_5_vs_5,100,0.0
9578000,4788,2026-06-15T12:18:52.252573,6.124497413635254,1.843814730644226,2.6595475673675537,10.15075397491455,qmix,smacv2,protoss_5_vs_5,100,0.05000000074505806
9580000,4789,2026-06-15T12:21:29.305607,5.705276012420654,1.544784665107727,2.6331658363342285,8.442211151123047,qmix,smacv2,protoss_5_vs_5,100,0.0
9582000,4790,2026-06-15T12:24:06.780440,5.959295749664307,2.5020413398742676,1.7311557531356812,12.462310791015625,qmix,smacv2,protoss_5_vs_5,100,0.10000000149011612
9584000,4791,2026-06-15T12:26:49.607914,6.472801208496094,1.8368315696716309,3.7788949012756348,11.668342590332031,qmix,smacv2,protoss_5_vs_5,100,0.0
9586000,4792,2026-06-15T12:29:28.940819,6.432286739349365,1.9912313222885132,2.331658363342285,10.020099639892578,qmix,smacv2,protoss_5_vs_5,100,0.0
9588000,4793,2026-06-15T12:32:09.578774,6.52267599105835,2.3218178749084473,2.492462158203125,10.513819694519043,qmix,smacv2,protoss_5_vs_5,100,0.0
9590000,4794,2026-06-15T12:34:50.931138,5.9336676597595215,2.2319223880767822,2.5603013038635254,12.462311744689941,qmix,smacv2,protoss_5_vs_5,100,0.05000000074505806
9592000,4795,2026-06-15T12:37:32.233747,6.13442325592041,2.0594704151153564,3.1959798336029053,12.261305809020996,qmix,smacv2,protoss_5_vs_5,100,0.05000000074505806
9594000,4796,2026-06-15T12:40:12.065547,6.480778694152832,2.8427350521087646,3.1256279945373535,14.271356582641602,qmix,smacv2,protoss_5_vs_5,100,0.10000000149011612
9596000,4797,2026-06-15T12:42:50.553281,6.078768730163574,2.7693710327148438,2.604271411895752,12.261305809020996,qmix,smacv2,protoss_5_vs_5,100,0.10000000149011612
9598000,4798,2026-06-15T12:45:31.485429,5.51162052154541,1.401404857635498,2.1582913398742676,7.69095516204834,qmix,smacv2,protoss_5_vs_5,100,0.0
9600000,4799,2026-06-15T12:48:13.044442,5.63875675201416,2.3837480545043945,2.894472122192383,12.261305809020996,qmix,smacv2,protoss_5_vs_5,100,0.05000000074505806
9602000,4800,2026-06-15T12:50:52.341666,5.00841760635376,1.447430968284607,3.0125627517700195,8.130653381347656,qmix,smacv2,protoss_5_vs_5,100,0.0
9604000,4801,2026-06-15T12:53:32.874752,4.982537269592285,2.112459659576416,1.255025029182434,9.388191223144531,qmix,smacv2,protoss_5_vs_5,100,0.0
9606000,4802,2026-06-15T12:56:13.258913,4.673304080963135,1.8157141208648682,1.6080400943756104,8.535176277160645,qmix,smacv2,protoss_5_vs_5,100,0.0
9608000,4803,2026-06-15T12:58:52.012463,5.124748706817627,1.5951595306396484,1.9623115062713623,7.899497032165527,qmix,smacv2,protoss_5_vs_5,100,0.0
9610000,4804,2026-06-15T13:01:38.410637,5.930024147033691,1.968246340751648,3.5829148292541504,10.437186241149902,qmix,smacv2,protoss_5_vs_5,100,0.05000000074505806
9612000,4805,2026-06-15T13:04:17.441988,6.064133644104004,1.766201138496399,3.185929536819458,8.763819694519043,qmix,smacv2,protoss_5_vs_5,100,0.0
9614000,4806,2026-06-15T13:06:54.393824,6.121105670928955,1.9143015146255493,3.5778892040252686,12.261306762695312,qmix,smacv2,protoss_5_vs_5,100,0.05000000074505806
9616000,4807,2026-06-15T13:09:31.302493,5.333543300628662,2.6282665729522705,2.4070351123809814,14.391960144042969,qmix,smacv2,protoss_5_vs_5,100,0.05000000074505806
9618000,4808,2026-06-15T13:12:11.377797,6.1939697265625,2.3977346420288086,2.9711055755615234,12.261305809020996,qmix,smacv2,protoss_5_vs_5,100,0.05000000074505806
9620000,4809,2026-06-15T13:14:50.709843,5.231344223022461,1.1962071657180786,3.6482410430908203,7.638191223144531,qmix,smacv2,protoss_5_vs_5,100,0.0
9622000,4810,2026-06-15T13:17:28.759010,5.8530778884887695,1.923261046409607,3.015075206756592,9.29648208618164,qmix,smacv2,protoss_5_vs_5,100,0.0
9624000,4811,2026-06-15T13:20:10.196634,5.3564066886901855,1.9033722877502441,2.371859312057495,9.698493003845215,qmix,smacv2,protoss_5_vs_5,100,0.0
9626000,4812,2026-06-15T13:22:51.538439,5.1910176277160645,1.1129677295684814,3.218593120574951,7.316583156585693,qmix,smacv2,protoss_5_vs_5,100,0.0
9628000,4813,2026-06-15T13:25:34.608604,5.247361660003662,1.4083143472671509,1.5816583633422852,8.140703201293945,qmix,smacv2,protoss_5_vs_5,100,0.0
9630000,4814,2026-06-15T13:28:17.103865,5.92393159866333,2.34049916267395,2.9547739028930664,12.361809730529785,qmix,smacv2,protoss_5_vs_5,100,0.05000000074505806
9632000,4815,2026-06-15T13:30:59.646430,5.82412052154541,2.25211238861084,3.0452258586883545,12.0841703414917,qmix,smacv2,protoss_5_vs_5,100,0.0
9634000,4816,2026-06-15T13:33:38.862965,5.5890703201293945,2.4160797595977783,3.0276379585266113,14.170854568481445,qmix,smacv2,protoss_5_vs_5,100,0.05000000074505806
9636000,4817,2026-06-15T13:36:21.303162,5.561871528625488,1.7881357669830322,1.948492407798767,10.0,qmix,smacv2,protoss_5_vs_5,100,0.0
9638000,4818,2026-06-15T13:39:01.558107,5.109673500061035,1.3737287521362305,3.2160804271698,8.050251007080078,qmix,smacv2,protoss_5_vs_5,100,0.0
9640000,4819,2026-06-15T13:41:41.717325,5.735175132751465,2.1061558723449707,3.3165831565856934,11.876884460449219,qmix,smacv2,protoss_5_vs_5,100,0.0
9642000,4820,2026-06-15T13:44:21.741684,5.899685859680176,2.2949020862579346,2.589195966720581,10.522612571716309,qmix,smacv2,protoss_5_vs_5,100,0.0
9644000,4821,2026-06-15T13:47:02.777709,6.046985149383545,2.345501184463501,2.321608066558838,9.68844223022461,qmix,smacv2,protoss_5_vs_5,100,0.0
9646000,4822,2026-06-15T13:49:38.398955,6.465452671051025,2.0752339363098145,1.9698489904403687,11.939697265625,qmix,smacv2,protoss_5_vs_5,100,0.0
9648000,4823,2026-06-15T13:52:14.536531,5.065327167510986,1.6862773895263672,2.5025124549865723,9.115577697753906,qmix,smacv2,protoss_5_vs_5,100,0.0
9650000,4824,2026-06-15T13:54:54.213870,6.38511323928833,2.0719246864318848,2.4321608543395996,10.287688255310059,qmix,smacv2,protoss_5_vs_5,100,0.0
9652000,4825,2026-06-15T13:57:34.812366,5.846481800079346,2.8025758266448975,2.693467378616333,14.115577697753906,qmix,smacv2,protoss_5_vs_5,100,0.10000000149011612
9654000,4826,2026-06-15T14:00:16.835706,5.219409465789795,1.7171275615692139,2.347990036010742,9.165828704833984,qmix,smacv2,protoss_5_vs_5,100,0.0
9656000,4827,2026-06-15T14:02:56.909205,5.320854663848877,1.5875767469406128,2.3819096088409424,8.512561798095703,qmix,smacv2,protoss_5_vs_5,100,0.0
9658000,4828,2026-06-15T14:05:39.197498,5.610426902770996,1.663333535194397,3.579145908355713,8.692211151123047,qmix,smacv2,protoss_5_vs_5,100,0.0
9660000,4829,2026-06-15T14:08:22.471557,5.505527496337891,1.50726318359375,3.5351758003234863,9.346734046936035,qmix,smacv2,protoss_5_vs_5,100,0.0
9662000,4830,2026-06-15T14:11:05.589107,5.413945198059082,2.3593409061431885,2.4962313175201416,12.160802841186523,qmix,smacv2,protoss_5_vs_5,100,0.05000000074505806
9664000,4831,2026-06-15T14:13:46.672269,5.052323818206787,2.029822587966919,2.1268842220306396,10.260050773620605,qmix,smacv2,protoss_5_vs_5,100,0.05000000074505806
9666000,4832,2026-06-15T14:16:26.639927,5.650816917419434,1.5826796293258667,3.839195966720581,10.241205215454102,qmix,smacv2,protoss_5_vs_5,100,0.0
9668000,4833,2026-06-15T14:19:07.689677,5.494283676147461,1.7670564651489258,3.097990036010742,8.864320755004883,qmix,smacv2,protoss_5_vs_5,100,0.0
9670000,4834,2026-06-15T14:21:47.567554,5.358605861663818,1.7040982246398926,3.3253769874572754,9.427135467529297,qmix,smacv2,protoss_5_vs_5,100,0.0
9672000,4835,2026-06-15T14:24:24.570104,5.671042442321777,2.025092363357544,3.265075206756592,12.361808776855469,qmix,smacv2,protoss_5_vs_5,100,0.05000000074505806
9674000,4836,2026-06-15T14:27:03.898848,6.263818740844727,2.545905351638794,3.2060303688049316,14.271357536315918,qmix,smacv2,protoss_5_vs_5,100,0.05000000074505806
9676000,4837,2026-06-15T14:29:43.345501,5.5836052894592285,1.8757855892181396,2.2047739028930664,11.197236061096191,qmix,smacv2,protoss_5_vs_5,100,0.0
9678000,4838,2026-06-15T14:32:22.242769,6.188316345214844,2.5812692642211914,1.7876884937286377,12.462312698364258,qmix,smacv2,protoss_5_vs_5,100,0.10000000149011612
9680000,4839,2026-06-15T14:35:02.349528,5.672110080718994,3.281611204147339,1.505025029182434,16.187185287475586,qmix,smacv2,protoss_5_vs_5,100,0.05000000074505806
9682000,4840,2026-06-15T14:37:45.647357,6.614195823669434,2.5450658798217773,3.5515074729919434,14.371858596801758,qmix,smacv2,protoss_5_vs_5,100,0.05000000074505806
9684000,4841,2026-06-15T14:40:27.121598,5.99698543548584,2.285076856613159,2.944723606109619,10.763819694519043,qmix,smacv2,protoss_5_vs_5,100,0.0
9686000,4842,2026-06-15T14:43:06.444921,5.291834354400635,1.936388373374939,2.0515074729919434,9.550251007080078,qmix,smacv2,protoss_5_vs_5,100,0.0
9688000,4843,2026-06-15T14:45:46.244837,5.658480167388916,2.163546562194824,2.032663345336914,11.375626564025879,qmix,smacv2,protoss_5_vs_5,100,0.0
9690000,4844,2026-06-15T14:48:24.741595,5.135804176330566,1.1776708364486694,3.1432158946990967,7.477386474609375,qmix,smacv2,protoss_5_vs_5,100,0.0
9692000,4845,2026-06-15T14:51:03.549686,5.088191032409668,1.4648292064666748,2.894472122192383,7.869345664978027,qmix,smacv2,protoss_5_vs_5,100,0.0
9694000,4846,2026-06-15T14:53:42.300044,6.279773712158203,2.406496286392212,2.8203516006469727,12.261306762695312,qmix,smacv2,protoss_5_vs_5,100,0.05000000074505806
9696000,4847,2026-06-15T14:56:22.711666,6.075125694274902,1.6573338508605957,3.537688732147217,8.604270935058594,qmix,smacv2,protoss_5_vs_5,100,0.0
9698000,4848,2026-06-15T14:59:02.746770,5.444911479949951,1.7960940599441528,2.9648239612579346,10.16080379486084,qmix,smacv2,protoss_5_vs_5,100,0.05000000074505806
9700000,4849,2026-06-15T15:01:42.446926,5.7083539962768555,1.958290696144104,3.597990036010742,12.361808776855469,qmix,smacv2,protoss_5_vs_5,100,0.05000000074505806
9702000,4850,2026-06-15T15:04:22.837489,5.717399597167969,2.2462427616119385,2.8040201663970947,12.263818740844727,qmix,smacv2,protoss_5_vs_5,100,0.05000000074505806
9704000,4851,2026-06-15T15:07:01.103136,5.28530216217041,1.538529396057129,2.5540201663970947,9.567839622497559,qmix,smacv2,protoss_5_vs_5,100,0.0
9706000,4852,2026-06-15T15:09:40.307329,5.802700996398926,2.408806085586548,2.4535176753997803,12.16080379486084,qmix,smacv2,protoss_5_vs_5,100,0.05000000074505806
9708000,4853,2026-06-15T15:12:19.477352,4.811746120452881,1.2358335256576538,2.663316488265991,7.798994541168213,qmix,smacv2,protoss_5_vs_5,100,0.0
9710000,4854,2026-06-15T15:14:58.934799,5.656343936920166,1.610713243484497,3.062814235687256,9.829145431518555,qmix,smacv2,protoss_5_vs_5,100,0.0
9712000,4855,2026-06-15T15:17:34.319035,5.581030368804932,1.3328628540039062,3.708542585372925,8.773869514465332,qmix,smacv2,protoss_5_vs_5,100,0.0
9714000,4856,2026-06-15T15:20:41.383663,6.44415807723999,2.51013445854187,3.6633167266845703,14.170854568481445,qmix,smacv2,protoss_5_vs_5,100,0.10000000149011612
9716000,4857,2026-06-15T15:23:21.257068,5.584359169006348,1.9929603338241577,2.6231155395507812,10.551507949829102,qmix,smacv2,protoss_5_vs_5,100,0.0
9718000,4858,2026-06-15T15:26:01.502966,5.306846618652344,1.8586759567260742,1.7788944244384766,8.582914352416992,qmix,smacv2,protoss_5_vs_5,100,0.0
9720000,4859,2026-06-15T15:28:39.510060,5.562437534332275,2.6131303310394287,2.8831658363342285,14.371859550476074,qmix,smacv2,protoss_5_vs_5,100,0.05000000074505806
9722000,4860,2026-06-15T15:31:15.604628,5.005715847015381,1.7397609949111938,2.4409549236297607,9.456029891967773,qmix,smacv2,protoss_5_vs_5,100,0.0
9724000,4861,2026-06-15T15:33:52.371498,5.727637767791748,2.093189001083374,3.718592882156372,12.462310791015625,qmix,smacv2,protoss_5_vs_5,100,0.05000000074505806
9726000,4862,2026-06-15T15:36:31.576030,5.712374687194824,1.5935494899749756,3.3668339252471924,8.997488021850586,qmix,smacv2,protoss_5_vs_5,100,0.0
9728000,4863,2026-06-15T15:39:08.081978,5.121042728424072,1.962165117263794,3.031407117843628,10.452260971069336,qmix,smacv2,protoss_5_vs_5,100,0.05000000074505806
9730000,4864,2026-06-15T15:41:48.248921,5.430275917053223,1.9934943914413452,1.7788944244384766,12.16080379486084,qmix,smacv2,protoss_5_vs_5,100,0.05000000074505806
9732000,4865,2026-06-15T15:44:30.464519,6.402764320373535,1.908058524131775,4.272613525390625,10.38191032409668,qmix,smacv2,protoss_5_vs_5,100,0.15000000596046448
9734000,4866,2026-06-15T15:47:12.811773,6.059924602508545,2.3282291889190674,3.680903911590576,12.160804748535156,qmix,smacv2,protoss_5_vs_5,100,0.05000000074505806
9736000,4867,2026-06-15T15:49:53.713502,6.031721115112305,2.22507905960083,2.6733667850494385,11.296483039855957,qmix,smacv2,protoss_5_vs_5,100,0.05000000074505806
9738000,4868,2026-06-15T15:52:35.071998,6.324246406555176,2.000972032546997,3.226130723953247,10.667084693908691,qmix,smacv2,protoss_5_vs_5,100,0.0
9740000,4869,2026-06-15T15:55:15.373087,6.590389251708984,2.6129517555236816,3.736180543899536,14.170854568481445,qmix,smacv2,protoss_5_vs_5,100,0.10000000149011612
9742000,4870,2026-06-15T15:57:52.671509,5.70370626449585,2.1409735679626465,2.4246232509613037,11.597990989685059,qmix,smacv2,protoss_5_vs_5,100,0.0
9744000,4871,2026-06-15T16:00:29.036379,4.588567733764648,1.7115494012832642,2.5841708183288574,8.31155776977539,qmix,smacv2,protoss_5_vs_5,100,0.0
9746000,4872,2026-06-15T16:03:08.607690,5.941833972930908,2.5145745277404785,2.727386951446533,12.361809730529785,qmix,smacv2,protoss_5_vs_5,100,0.10000000149011612
9748000,4873,2026-06-15T16:05:48.429227,6.253957748413086,2.0008797645568848,3.4572863578796387,10.923367500305176,qmix,smacv2,protoss_5_vs_5,100,0.0
9750000,4874,2026-06-15T16:08:26.635622,6.811118125915527,2.355247974395752,3.6557788848876953,12.261306762695312,qmix,smacv2,protoss_5_vs_5,100,0.10000000149011612
9752000,4875,2026-06-15T16:11:03.888980,5.803015232086182,2.0393919944763184,2.146984815597534,9.316583633422852,qmix,smacv2,protoss_5_vs_5,100,0.0
9754000,4876,2026-06-15T16:13:44.680329,5.539761066436768,2.0780861377716064,2.9145729541778564,11.899497032165527,qmix,smacv2,protoss_5_vs_5,100,0.0
9756000,4877,2026-06-15T16:16:24.010500,5.3756279945373535,1.5461952686309814,1.9396984577178955,8.211055755615234,qmix,smacv2,protoss_5_vs_5,100,0.0
9758000,4878,2026-06-15T16:19:07.890436,6.588568210601807,2.3023295402526855,3.2060303688049316,12.361807823181152,qmix,smacv2,protoss_5_vs_5,100,0.05000000074505806
9760000,4879,2026-06-15T16:21:48.803483,5.160992622375488,1.3850106000900269,3.2839198112487793,8.442211151123047,qmix,smacv2,protoss_5_vs_5,100,0.0
9762000,4880,2026-06-15T16:24:28.612982,4.572675704956055,1.3470513820648193,2.1482412815093994,7.184674263000488,qmix,smacv2,protoss_5_vs_5,100,0.0
9764000,4881,2026-06-15T16:27:11.598456,6.019095420837402,2.36519193649292,2.4874372482299805,12.261306762695312,qmix,smacv2,protoss_5_vs_5,100,0.05000000074505806
9766000,4882,2026-06-15T16:29:52.395974,5.8567214012146,2.115114688873291,2.94472336769104,12.361809730529785,qmix,smacv2,protoss_5_vs_5,100,0.05000000074505806
9768000,4883,2026-06-15T16:32:31.086943,6.864195823669434,2.8680777549743652,2.822864294052124,16.180904388427734,qmix,smacv2,protoss_5_vs_5,100,0.10000000149011612
9770000,4884,2026-06-15T16:35:07.976234,5.081721305847168,1.3734532594680786,2.984924793243408,9.404521942138672,qmix,smacv2,protoss_5_vs_5,100,0.0
9772000,4885,2026-06-15T16:37:46.974073,4.793342113494873,2.0238821506500244,1.2851758003234863,10.079145431518555,qmix,smacv2,protoss_5_vs_5,100,0.0
9774000,4886,2026-06-15T16:40:26.193806,6.078831672668457,1.897821307182312,3.1658294200897217,9.496231079101562,qmix,smacv2,protoss_5_vs_5,100,0.0
9776000,4887,2026-06-15T16:43:05.846484,5.581658363342285,1.5973352193832397,3.556532621383667,9.738694190979004,qmix,smacv2,protoss_5_vs_5,100,0.0
9778000,4888,2026-06-15T16:45:45.386778,6.409547328948975,2.0440444946289062,3.3932158946990967,10.91080379486084,qmix,smacv2,protoss_5_vs_5,100,0.0
9780000,4889,2026-06-15T16:48:24.468978,5.666583061218262,2.6562139987945557,2.644472360610962,14.371859550476074,qmix,smacv2,protoss_5_vs_5,100,0.05000000074505806
9782000,4890,2026-06-15T16:51:03.571023,6.3110551834106445,1.7450282573699951,3.15452241897583,10.6143217086792,qmix,smacv2,protoss_5_vs_5,100,0.0
9784000,4891,2026-06-15T16:53:43.803607,6.0133795738220215,1.8606857061386108,2.974874258041382,9.949748992919922,qmix,smacv2,protoss_5_vs_5,100,0.0
9786000,4892,2026-06-15T16:56:22.322955,5.381972312927246,1.4806846380233765,2.6658289432525635,7.920853614807129,qmix,smacv2,protoss_5_vs_5,100,0.0
9788000,4893,2026-06-15T16:59:01.442673,5.084798812866211,1.2732471227645874,3.015075445175171,7.579145908355713,qmix,smacv2,protoss_5_vs_5,100,0.0
9790000,4894,2026-06-15T17:01:41.267874,5.727449893951416,3.0168821811676025,2.1507537364959717,14.825376510620117,qmix,smacv2,protoss_5_vs_5,100,0.05000000074505806
9792000,4895,2026-06-15T17:04:20.802019,4.937122821807861,1.5409148931503296,2.894472122192383,8.82412052154541,qmix,smacv2,protoss_5_vs_5,100,0.0
9794000,4896,2026-06-15T17:07:00.043587,6.130465030670166,2.0770392417907715,3.8655781745910645,14.185930252075195,qmix,smacv2,protoss_5_vs_5,100,0.05000000074505806
9796000,4897,2026-06-15T17:09:38.941293,4.994158744812012,2.394894599914551,2.1407034397125244,12.261306762695312,qmix,smacv2,protoss_5_vs_5,100,0.05000000074505806
9798000,4898,2026-06-15T17:12:19.514835,5.232537746429443,1.589997410774231,2.6306533813476562,8.070351600646973,qmix,smacv2,protoss_5_vs_5,100,0.0
9800000,4899,2026-06-15T17:14:59.827461,4.7334794998168945,1.5314463376998901,2.2211055755615234,9.668341636657715,qmix,smacv2,protoss_5_vs_5,100,0.0
9802000,4900,2026-06-15T17:17:39.344223,4.95521354675293,1.4886648654937744,2.9145729541778564,8.98492431640625,qmix,smacv2,protoss_5_vs_5,100,0.0
9804000,4901,2026-06-15T17:20:19.867991,5.146231174468994,1.8399959802627563,2.2839195728302,8.492463111877441,qmix,smacv2,protoss_5_vs_5,100,0.0
9806000,4902,2026-06-15T17:23:00.876426,5.144535064697266,1.891169548034668,2.402009963989258,9.326632499694824,qmix,smacv2,protoss_5_vs_5,100,0.0
9808000,4903,2026-06-15T17:25:43.759392,6.669535160064697,1.8952537775039673,3.3567841053009033,9.67839241027832,qmix,smacv2,protoss_5_vs_5,100,0.0
9810000,4904,2026-06-15T17:28:22.467720,4.988190650939941,2.5258846282958984,2.8580403327941895,14.271357536315918,qmix,smacv2,protoss_5_vs_5,100,0.05000000074505806
9812000,4905,2026-06-15T17:31:01.616835,5.269911766052246,1.7298887968063354,2.370603084564209,8.180904388427734,qmix,smacv2,protoss_5_vs_5,100,0.0
9814000,4906,2026-06-15T17:33:40.805260,5.369032859802246,2.4535841941833496,2.5603015422821045,12.554019927978516,qmix,smacv2,protoss_5_vs_5,100,0.05000000074505806
9816000,4907,2026-06-15T17:36:21.142061,6.505149841308594,3.066131591796875,2.522613048553467,13.236181259155273,qmix,smacv2,protoss_5_vs_5,100,0.05000000074505806
9818000,4908,2026-06-15T17:39:00.467495,4.93467378616333,1.1788008213043213,2.0778894424438477,6.966080665588379,qmix,smacv2,protoss_5_vs_5,100,0.0
9820000,4909,2026-06-15T17:41:39.020027,6.0133161544799805,2.00748348236084,2.33040189743042,10.60175895690918,qmix,smacv2,protoss_5_vs_5,100,0.05000000074505806
9822000,4910,2026-06-15T17:44:19.706549,6.085552215576172,1.7863713502883911,3.565326690673828,11.335427284240723,qmix,smacv2,protoss_5_vs_5,100,0.0
9824000,4911,2026-06-15T17:47:04.403154,5.252387046813965,1.5983407497406006,1.085427165031433,8.924622535705566,qmix,smacv2,protoss_5_vs_5,100,0.0
9826000,4912,2026-06-15T17:49:41.669907,6.313127517700195,2.7512855529785156,3.1658291816711426,13.778894424438477,qmix,smacv2,protoss_5_vs_5,100,0.0
9828000,4913,2026-06-15T17:52:19.841832,4.381972312927246,1.32520592212677,2.361809015274048,6.644471645355225,qmix,smacv2,protoss_5_vs_5,100,0.0
9830000,4914,2026-06-15T17:54:59.998906,6.212625503540039,2.148000955581665,3.1005024909973145,10.331657409667969,qmix,smacv2,protoss_5_vs_5,100,0.0
9832000,4915,2026-06-15T17:57:40.710147,5.8118085861206055,1.6425703763961792,2.3680903911590576,8.971105575561523,qmix,smacv2,protoss_5_vs_5,100,0.0
9834000,4916,2026-06-15T18:00:21.769645,5.446230888366699,1.6365243196487427,3.113065242767334,8.899497985839844,qmix,smacv2,protoss_5_vs_5,100,0.0
9836000,4917,2026-06-15T18:03:03.467590,4.740012168884277,1.380935788154602,2.16959810256958,7.442211151123047,qmix,smacv2,protoss_5_vs_5,100,0.0
9838000,4918,2026-06-15T18:05:43.155962,5.951947212219238,1.996890664100647,2.888190984725952,12.16080379486084,qmix,smacv2,protoss_5_vs_5,100,0.0
9840000,4919,2026-06-15T18:08:22.422915,5.925189018249512,2.4565229415893555,2.6419596672058105,14.170854568481445,qmix,smacv2,protoss_5_vs_5,100,0.05000000074505806
9842000,4920,2026-06-15T18:11:00.438395,5.621482849121094,1.7896101474761963,2.95979905128479,10.251256942749023,qmix,smacv2,protoss_5_vs_5,100,0.05000000074505806
9844000,4921,2026-06-15T18:13:41.310112,5.890263080596924,2.402740478515625,1.9698489904403687,12.261306762695312,qmix,smacv2,protoss_5_vs_5,100,0.05000000074505806
9846000,4922,2026-06-15T18:16:20.025709,5.125942230224609,1.8019741773605347,2.361809015274048,10.077889442443848,qmix,smacv2,protoss_5_vs_5,100,0.0
9848000,4923,2026-06-15T18:19:01.370494,5.880652904510498,2.415037155151367,3.4070353507995605,14.271356582641602,qmix,smacv2,protoss_5_vs_5,100,0.05000000074505806
9850000,4924,2026-06-15T18:21:41.752893,6.580277442932129,2.5266127586364746,2.6809046268463135,14.170854568481445,qmix,smacv2,protoss_5_vs_5,100,0.05000000074505806
9852000,4925,2026-06-15T18:24:23.069388,5.651759147644043,1.8712244033813477,2.4334170818328857,9.778895378112793,qmix,smacv2,protoss_5_vs_5,100,0.0
9854000,4926,2026-06-15T18:27:02.241284,5.6266961097717285,2.162745475769043,1.8693468570709229,10.564069747924805,qmix,smacv2,protoss_5_vs_5,100,0.05000000074505806
9856000,4927,2026-06-15T18:29:41.937757,4.693970203399658,2.4424448013305664,1.9874370098114014,14.271356582641602,qmix,smacv2,protoss_5_vs_5,100,0.05000000074505806
9858000,4928,2026-06-15T18:32:20.064962,5.428894996643066,1.1258293390274048,3.63567852973938,8.100502967834473,qmix,smacv2,protoss_5_vs_5,100,0.0
9860000,4929,2026-06-15T18:34:58.891406,5.742713451385498,1.5594260692596436,3.1871860027313232,9.1658296585083,qmix,smacv2,protoss_5_vs_5,100,0.0
9862000,4930,2026-06-15T18:37:38.354799,6.271168231964111,2.688169240951538,3.3417086601257324,14.106783866882324,qmix,smacv2,protoss_5_vs_5,100,0.05000000074505806
9864000,4931,2026-06-15T18:40:17.661112,4.440201282501221,1.3829548358917236,1.9497487545013428,6.984925270080566,qmix,smacv2,protoss_5_vs_5,100,0.0
9866000,4932,2026-06-15T18:42:57.422421,4.761683464050293,1.3625819683074951,2.0753769874572754,7.51507568359375,qmix,smacv2,protoss_5_vs_5,100,0.0
9868000,4933,2026-06-15T18:45:40.380623,6.09032678604126,2.7842583656311035,2.7638189792633057,13.236181259155273,qmix,smacv2,protoss_5_vs_5,100,0.05000000074505806
9870000,4934,2026-06-15T18:48:21.380546,5.627763748168945,2.180441379547119,2.498743772506714,12.060300827026367,qmix,smacv2,protoss_5_vs_5,100,0.05000000074505806
9872000,4935,2026-06-15T18:51:03.413441,5.809422016143799,1.3905891180038452,3.7839195728302,9.17587947845459,qmix,smacv2,protoss_5_vs_5,100,0.0
9874000,4936,2026-06-15T18:53:44.184202,6.189509868621826,1.842976689338684,3.7675881385803223,10.532662391662598,qmix,smacv2,protoss_5_vs_5,100,0.0
9876000,4937,2026-06-15T18:56:25.013304,5.619660377502441,1.486930251121521,3.296482563018799,10.175878524780273,qmix,smacv2,protoss_5_vs_5,100,0.0
9878000,4938,2026-06-15T18:59:03.770687,4.801004886627197,1.5943495035171509,1.266331672668457,8.582914352416992,qmix,smacv2,protoss_5_vs_5,100,0.0
9880000,4939,2026-06-15T19:01:41.807898,5.491896629333496,2.0637104511260986,2.2600502967834473,10.462310791015625,qmix,smacv2,protoss_5_vs_5,100,0.0
9882000,4940,2026-06-15T19:04:21.148141,5.8196611404418945,2.9341273307800293,2.3190956115722656,16.180904388427734,qmix,smacv2,protoss_5_vs_5,100,0.05000000074505806
9884000,4941,2026-06-15T19:07:01.161744,5.366583347320557,1.7634572982788086,2.160804271697998,9.738693237304688,qmix,smacv2,protoss_5_vs_5,100,0.0
9886000,4942,2026-06-15T19:09:41.349029,5.513882160186768,1.3640724420547485,3.3165831565856934,8.47236156463623,qmix,smacv2,protoss_5_vs_5,100,0.0
9888000,4943,2026-06-15T19:12:22.136306,6.501004695892334,2.73915696144104,3.2876884937286377,12.462311744689941,qmix,smacv2,protoss_5_vs_5,100,0.10000000149011612
9890000,4944,2026-06-15T19:15:02.603085,4.854397296905518,1.4364219903945923,2.2211055755615234,7.687186241149902,qmix,smacv2,protoss_5_vs_5,100,0.0
9892000,4945,2026-06-15T19:17:43.135939,5.031909465789795,1.2394286394119263,3.4145729541778564,8.319095611572266,qmix,smacv2,protoss_5_vs_5,100,0.0
9894000,4946,2026-06-15T19:20:24.226793,5.862689018249512,2.503293752670288,2.854271411895752,13.236180305480957,qmix,smacv2,protoss_5_vs_5,100,0.0
9896000,4947,2026-06-15T19:23:05.233515,5.336054801940918,2.207496166229248,2.3190953731536865,11.81155776977539,qmix,smacv2,protoss_5_vs_5,100,0.0
9898000,4948,2026-06-15T19:25:45.657715,5.178769111633301,2.0347468852996826,3.2613062858581543,9.195980072021484,qmix,smacv2,protoss_5_vs_5,100,0.0
9900000,4949,2026-06-15T19:28:27.204784,6.129145622253418,2.3944103717803955,3.547738552093506,14.371859550476074,qmix,smacv2,protoss_5_vs_5,100,0.05000000074505806
9902000,4950,2026-06-15T19:31:05.989394,5.027952671051025,1.3968892097473145,2.7449748516082764,8.807788848876953,qmix,smacv2,protoss_5_vs_5,100,0.0
9904000,4951,2026-06-15T19:33:44.066939,4.427826404571533,1.1897501945495605,3.0188443660736084,7.409547328948975,qmix,smacv2,protoss_5_vs_5,100,0.0
9906000,4952,2026-06-15T19:36:22.884260,5.358291149139404,1.568444848060608,3.2864322662353516,10.297739028930664,qmix,smacv2,protoss_5_vs_5,100,0.0
9908000,4953,2026-06-15T19:39:02.611867,5.517776012420654,1.5999195575714111,2.685929536819458,8.773869514465332,qmix,smacv2,protoss_5_vs_5,100,0.0
9910000,4954,2026-06-15T19:41:41.870289,6.191205978393555,2.334935426712036,3.154522657394409,11.216079711914062,qmix,smacv2,protoss_5_vs_5,100,0.0
9912000,4955,2026-06-15T19:44:23.473550,6.270540714263916,2.5405526161193848,2.5125627517700195,12.261305809020996,qmix,smacv2,protoss_5_vs_5,100,0.10000000149011612
9914000,4956,2026-06-15T19:47:04.105688,6.1578521728515625,2.575471878051758,2.9334170818328857,13.266331672668457,qmix,smacv2,protoss_5_vs_5,100,0.05000000074505806
9916000,4957,2026-06-15T19:49:43.367586,5.307663917541504,1.1999191045761108,4.080402374267578,8.202260971069336,qmix,smacv2,protoss_5_vs_5,100,0.0
9918000,4958,2026-06-15T19:52:22.475759,6.098932266235352,2.2294840812683105,3.4886937141418457,11.045225143432617,qmix,smacv2,protoss_5_vs_5,100,0.05000000074505806
9920000,4959,2026-06-15T19:55:02.392768,5.729711055755615,2.02968168258667,2.1407036781311035,10.322864532470703,qmix,smacv2,protoss_5_vs_5,100,0.0
9922000,4960,2026-06-15T19:57:41.020777,5.184359550476074,1.5614978075027466,2.7361807823181152,9.949748992919922,qmix,smacv2,protoss_5_vs_5,100,0.0
9924000,4961,2026-06-15T20:00:19.993837,5.662877082824707,1.8463762998580933,2.6959800720214844,9.77889347076416,qmix,smacv2,protoss_5_vs_5,100,0.0
9926000,4962,2026-06-15T20:03:00.103665,5.275376796722412,1.6306968927383423,1.839195966720581,7.948493003845215,qmix,smacv2,protoss_5_vs_5,100,0.0
9928000,4963,2026-06-15T20:05:38.752271,5.852449893951416,1.8346595764160156,2.854271411895752,9.884421348571777,qmix,smacv2,protoss_5_vs_5,100,0.0
9930000,4964,2026-06-15T20:08:20.516785,5.6904520988464355,1.7150743007659912,3.064070224761963,10.007537841796875,qmix,smacv2,protoss_5_vs_5,100,0.0
9932000,4965,2026-06-15T20:11:00.548286,5.621545314788818,1.5518124103546143,2.8165831565856934,9.035176277160645,qmix,smacv2,protoss_5_vs_5,100,0.0
9934000,4966,2026-06-15T20:13:50.336599,6.120038032531738,1.843967080116272,3.5175881385803223,10.466079711914062,qmix,smacv2,protoss_5_vs_5,100,0.0
9936000,4967,2026-06-15T20:16:32.155758,5.800439834594727,2.36114764213562,2.3341708183288574,12.462311744689941,qmix,smacv2,protoss_5_vs_5,100,0.05000000074505806
9938000,4968,2026-06-15T20:19:14.223442,5.755464553833008,1.7536606788635254,2.806532621383667,10.50251293182373,qmix,smacv2,protoss_5_vs_5,100,0.0
9940000,4969,2026-06-15T20:21:56.399559,5.752198219299316,1.2210240364074707,3.782663345336914,7.4572858810424805,qmix,smacv2,protoss_5_vs_5,100,0.0
9942000,4970,2026-06-15T20:24:35.915866,5.754711151123047,1.6728633642196655,2.6507537364959717,9.64824104309082,qmix,smacv2,protoss_5_vs_5,100,0.0
9944000,4971,2026-06-15T20:27:15.183994,5.6798996925354,1.6612516641616821,2.913316488265991,8.783920288085938,qmix,smacv2,protoss_5_vs_5,100,0.0
9946000,4972,2026-06-15T20:29:56.650149,4.997927188873291,1.2520660161972046,2.321608066558838,7.336683750152588,qmix,smacv2,protoss_5_vs_5,100,0.0
9948000,4973,2026-06-15T20:32:36.739277,6.231407165527344,2.027557611465454,3.4007537364959717,12.610553741455078,qmix,smacv2,protoss_5_vs_5,100,0.0
9950000,4974,2026-06-15T20:35:15.019573,5.491268634796143,1.8033007383346558,2.812814235687256,9.167085647583008,qmix,smacv2,protoss_5_vs_5,100,0.0
9952000,4975,2026-06-15T20:37:54.433282,5.054460048675537,1.9696580171585083,1.8253768682479858,9.025126457214355,qmix,smacv2,protoss_5_vs_5,100,0.0
9954000,4976,2026-06-15T20:40:32.821731,5.646607398986816,2.0854685306549072,2.8253767490386963,10.402009963989258,qmix,smacv2,protoss_5_vs_5,100,0.0
9956000,4977,2026-06-15T20:43:11.024055,5.037123203277588,1.2283360958099365,3.3768839836120605,7.670854091644287,qmix,smacv2,protoss_5_vs_5,100,0.0
9958000,4978,2026-06-15T20:45:49.737300,5.495351314544678,1.1015294790267944,2.663316488265991,8.492462158203125,qmix,smacv2,protoss_5_vs_5,100,0.0
9960000,4979,2026-06-15T20:48:28.530303,6.081532955169678,2.7399728298187256,3.1118087768554688,16.180904388427734,qmix,smacv2,protoss_5_vs_5,100,0.05000000074505806
9962000,4980,2026-06-15T20:51:07.527475,4.720728874206543,1.0458389520645142,2.894472122192383,7.153265953063965,qmix,smacv2,protoss_5_vs_5,100,0.0
9964000,4981,2026-06-15T20:53:47.667711,5.649874687194824,2.400624990463257,2.6407036781311035,12.16080379486084,qmix,smacv2,protoss_5_vs_5,100,0.05000000074505806
9966000,4982,2026-06-15T20:56:27.542473,5.487374305725098,2.0155045986175537,3.437185764312744,12.261306762695312,qmix,smacv2,protoss_5_vs_5,100,0.05000000074505806
9968000,4983,2026-06-15T20:59:07.876116,6.594472408294678,2.310987949371338,3.748743772506714,12.462311744689941,qmix,smacv2,protoss_5_vs_5,100,0.10000000149011612
9970000,4984,2026-06-15T21:01:49.265234,5.317776679992676,1.1213383674621582,4.099246025085449,7.738694190979004,qmix,smacv2,protoss_5_vs_5,100,0.0
9972000,4985,2026-06-15T21:04:26.781209,6.095351696014404,1.8945550918579102,2.331658363342285,9.68844223022461,qmix,smacv2,protoss_5_vs_5,100,0.0
9974000,4986,2026-06-15T21:07:32.979005,5.194660663604736,2.0785396099090576,2.590452194213867,9.487436294555664,qmix,smacv2,protoss_5_vs_5,100,0.0
9976000,4987,2026-06-15T21:10:07.963575,6.209547996520996,2.6926074028015137,1.7600501775741577,12.361808776855469,qmix,smacv2,protoss_5_vs_5,100,0.10000000149011612
9978000,4988,2026-06-15T21:12:47.301734,5.792462348937988,2.497375011444092,2.9811558723449707,14.391960144042969,qmix,smacv2,protoss_5_vs_5,100,0.05000000074505806
9980000,4989,2026-06-15T21:15:26.330154,5.827763557434082,1.6468185186386108,3.5778892040252686,9.256281852722168,qmix,smacv2,protoss_5_vs_5,100,0.0
9982000,4990,2026-06-15T21:18:04.744416,5.713128566741943,1.3268405199050903,3.685929775238037,9.167084693908691,qmix,smacv2,protoss_5_vs_5,100,0.0
9984000,4991,2026-06-15T21:20:43.692662,5.904271125793457,2.4757559299468994,3.1268844604492188,14.271357536315918,qmix,smacv2,protoss_5_vs_5,100,0.05000000074505806
9986000,4992,2026-06-15T21:23:23.258786,5.826444149017334,2.027371883392334,2.8354270458221436,11.471105575561523,qmix,smacv2,protoss_5_vs_5,100,0.0
9988000,4993,2026-06-15T21:26:02.966047,5.5114946365356445,2.4732651710510254,1.7386934757232666,12.160804748535156,qmix,smacv2,protoss_5_vs_5,100,0.05000000074505806
9990000,4994,2026-06-15T21:28:41.834162,5.418216228485107,2.1852664947509766,2.000000238418579,12.390703201293945,qmix,smacv2,protoss_5_vs_5,100,0.05000000074505806
9992000,4995,2026-06-15T21:31:21.357559,5.821482181549072,1.256764531135559,4.369346618652344,8.994975090026855,qmix,smacv2,protoss_5_vs_5,100,0.0
9994000,4996,2026-06-15T21:34:01.978674,5.567211151123047,1.517987608909607,3.5778892040252686,9.827890396118164,qmix,smacv2,protoss_5_vs_5,100,0.0
9996000,4997,2026-06-15T21:36:42.123955,5.972613334655762,1.1774886846542358,4.100502967834473,8.331657409667969,qmix,smacv2,protoss_5_vs_5,100,0.0
9998000,4998,2026-06-15T21:39:20.617572,5.657034873962402,1.4632341861724854,2.854271173477173,7.949748992919922,qmix,smacv2,protoss_5_vs_5,100,0.0
10000000,4999,2026-06-15T21:42:01.465940,6.12864351272583,2.3960368633270264,3.1155776977539062,14.345477104187012,qmix,smacv2,protoss_5_vs_5,100,0.05000000074505806
10002000,5000,2026-06-15T21:44:40.009624,5.407474517822266,1.7442821264266968,3.0050249099731445,9.457286834716797,qmix,smacv2,protoss_5_vs_5,100,0.0
10004000,5001,2026-06-15T21:47:17.664345,5.338567733764648,1.6313930749893188,3.2462310791015625,9.444723129272461,qmix,smacv2,protoss_5_vs_5,100,0.0
10006000,5002,2026-06-15T21:49:57.454178,5.385740756988525,1.439534306526184,3.0628139972686768,8.814071655273438,qmix,smacv2,protoss_5_vs_5,100,0.0
10008000,5003,2026-06-15T21:52:38.251584,5.853203296661377,1.7542709112167358,2.8655776977539062,9.849246978759766,qmix,smacv2,protoss_5_vs_5,100,0.0
10010000,5004,2026-06-15T21:55:19.998701,5.363819122314453,1.4211843013763428,2.5766332149505615,8.452260971069336,qmix,smacv2,protoss_5_vs_5,100,0.0
10012000,5005,2026-06-15T21:58:02.809409,6.486118316650391,1.7419555187225342,3.628140687942505,9.878141403198242,qmix,smacv2,protoss_5_vs_5,100,0.0
10014000,5006,2026-06-15T22:00:44.961274,5.706092357635498,1.2414524555206299,3.022613048553467,7.331658363342285,qmix,smacv2,protoss_5_vs_5,100,0.0
10016000,5007,2026-06-15T22:03:23.925455,5.392085075378418,1.5283814668655396,2.4874370098114014,8.45351791381836,qmix,smacv2,protoss_5_vs_5,100,0.0
10018000,5008,2026-06-15T22:06:01.742694,5.745540142059326,1.734344482421875,2.8743720054626465,9.417085647583008,qmix,smacv2,protoss_5_vs_5,100,0.0
10020000,5009,2026-06-15T22:08:40.654644,5.214698314666748,1.8157507181167603,3.082914352416992,9.26507568359375,qmix,smacv2,protoss_5_vs_5,100,0.0
10022000,5010,2026-06-15T22:11:19.945226,6.5118088722229,2.1688313484191895,3.1658291816711426,12.361808776855469,qmix,smacv2,protoss_5_vs_5,100,0.10000000149011612
10024000,5011,2026-06-15T22:13:56.522565,6.241519927978516,2.602997064590454,2.974874496459961,12.38191032409668,qmix,smacv2,protoss_5_vs_5,100,0.10000000149011612
10026000,5012,2026-06-15T22:16:36.097004,5.939887046813965,2.446786880493164,3.3756282329559326,14.271357536315918,qmix,smacv2,protoss_5_vs_5,100,0.05000000074505806
10028000,5013,2026-06-15T22:19:17.018792,5.08209753036499,1.8868532180786133,2.7035176753997803,9.14572811126709,qmix,smacv2,protoss_5_vs_5,100,0.0
10030000,5014,2026-06-15T22:21:57.264166,5.027009963989258,1.6382884979248047,2.3517587184906006,7.899497032165527,qmix,smacv2,protoss_5_vs_5,100,0.0
10032000,5015,2026-06-15T22:24:39.591364,5.281406879425049,1.6502472162246704,2.361809015274048,8.232412338256836,qmix,smacv2,protoss_5_vs_5,100,0.0
10034000,5016,2026-06-15T22:27:21.383137,6.555276393890381,2.886733055114746,2.4987435340881348,16.507537841796875,qmix,smacv2,protoss_5_vs_5,100,0.05000000074505806
10036000,5017,2026-06-15T22:30:04.882030,5.404083251953125,1.8460942506790161,3.143216133117676,10.351758003234863,qmix,smacv2,protoss_5_vs_5,100,0.05000000074505806
10038000,5018,2026-06-15T22:32:47.195470,4.659735679626465,1.985276699066162,2.0942211151123047,10.522612571716309,qmix,smacv2,protoss_5_vs_5,100,0.0
10040000,5019,2026-06-15T22:35:33.756964,5.9005022048950195,2.4785900115966797,3.3165831565856934,12.361808776855469,qmix,smacv2,protoss_5_vs_5,100,0.05000000074505806
10042000,5020,2026-06-15T22:38:16.087173,5.7397613525390625,1.3280872106552124,3.943466901779175,10.456029891967773,qmix,smacv2,protoss_5_vs_5,100,0.0
10044000,5021,2026-06-15T22:40:57.721959,6.01639461517334,1.6552566289901733,2.797738552093506,10.050251960754395,qmix,smacv2,protoss_5_vs_5,100,0.05000000074505806
10046000,5022,2026-06-15T22:43:39.594867,6.071356773376465,1.8888801336288452,3.032663345336914,11.768845558166504,qmix,smacv2,protoss_5_vs_5,100,0.0
10048000,5023,2026-06-15T22:46:19.361249,5.679208755493164,1.6849281787872314,3.2462310791015625,10.38191032409668,qmix,smacv2,protoss_5_vs_5,100,0.05000000074505806
10050000,5024,2026-06-15T22:48:49.719917,5.882852077484131,1.81450617313385,2.4974875450134277,10.050251960754395,qmix,smacv2,protoss_5_vs_5,100,0.05000000074505806
