frame,step,timestamp,eval_return_mean,eval_return_std,eval_return_min,eval_return_max,algorithm,environment,task,seed,eval_win_rate
2000,0,2026-05-24T12:41:38.676659,3.046443462371826,1.218812346458435,0.45188283920288086,5.439330577850342,qmix,smacv2,protoss_5_vs_5,100,0.0
4000,1,2026-05-24T12:44:00.848024,3.271652936935425,1.1910784244537354,1.1966526508331299,6.117155075073242,qmix,smacv2,protoss_5_vs_5,100,0.0
6000,2,2026-05-24T12:46:19.745187,3.3415794372558594,1.259403944015503,1.640167474746704,6.675732612609863,qmix,smacv2,protoss_5_vs_5,100,0.0
8000,3,2026-05-24T12:48:39.391325,4.534518718719482,2.2484724521636963,1.7018829584121704,11.799163818359375,qmix,smacv2,protoss_5_vs_5,100,0.05000000074505806
10000,4,2026-05-24T12:51:00.513735,4.408420562744141,1.616856336593628,1.6464436054229736,7.8661088943481445,qmix,smacv2,protoss_5_vs_5,100,0.0
12000,5,2026-05-24T12:53:20.496225,4.23007345199585,2.154048442840576,1.9246861934661865,11.882844924926758,qmix,smacv2,protoss_5_vs_5,100,0.05000000074505806
14000,6,2026-05-24T12:55:40.314162,4.776831150054932,1.7600594758987427,1.8744770288467407,9.774059295654297,qmix,smacv2,protoss_5_vs_5,100,0.0
16000,7,2026-05-24T12:58:00.830956,5.324215888977051,2.019423246383667,2.2353556156158447,10.217573165893555,qmix,smacv2,protoss_5_vs_5,100,0.0
18000,8,2026-05-24T13:00:23.338759,4.851986885070801,1.9459320306777954,2.0397489070892334,10.326359748840332,qmix,smacv2,protoss_5_vs_5,100,0.05000000074505806
20000,9,2026-05-24T13:02:45.095380,4.529549598693848,1.9760754108428955,2.1087865829467773,10.209205627441406,qmix,smacv2,protoss_5_vs_5,100,0.05000000074505806
22000,10,2026-05-24T13:05:09.138990,4.487604141235352,1.5461571216583252,1.969665288925171,6.903765678405762,qmix,smacv2,protoss_5_vs_5,100,0.0
24000,11,2026-05-24T13:07:32.130984,4.534152984619141,1.5112065076828003,1.5983262062072754,7.794979095458984,qmix,smacv2,protoss_5_vs_5,100,0.0
26000,12,2026-05-24T13:09:53.706562,4.5379180908203125,1.2972126007080078,1.4717572927474976,7.053347587585449,qmix,smacv2,protoss_5_vs_5,100,0.0
28000,13,2026-05-24T13:12:14.403080,4.162918567657471,2.132978916168213,1.046025037765503,11.255229949951172,qmix,smacv2,protoss_5_vs_5,100,0.0
30000,14,2026-05-24T13:14:35.774348,5.182007789611816,1.8140660524368286,2.6820082664489746,10.174686431884766,qmix,smacv2,protoss_5_vs_5,100,0.05000000074505806
32000,15,2026-05-24T13:16:53.822989,4.835512638092041,1.9161964654922485,1.442468523979187,9.171548843383789,qmix,smacv2,protoss_5_vs_5,100,0.0
34000,16,2026-05-24T13:19:12.752324,4.536924839019775,2.23134446144104,1.8891212940216064,10.376569747924805,qmix,smacv2,protoss_5_vs_5,100,0.05000000074505806
36000,17,2026-05-24T13:21:29.390538,3.864330291748047,1.5961997509002686,1.819037675857544,9.179916381835938,qmix,smacv2,protoss_5_vs_5,100,0.0
38000,18,2026-05-24T13:23:51.042558,5.437291145324707,1.6801267862319946,3.2468619346618652,9.07740592956543,qmix,smacv2,protoss_5_vs_5,100,0.0
40000,19,2026-05-24T13:26:09.990430,4.765951633453369,1.3205333948135376,2.4016737937927246,7.26046085357666,qmix,smacv2,protoss_5_vs_5,100,0.0
42000,20,2026-05-24T13:28:31.297051,4.662761211395264,1.975339412689209,2.0334725379943848,10.376567840576172,qmix,smacv2,protoss_5_vs_5,100,0.05000000074505806
44000,21,2026-05-24T13:30:51.628138,4.067206859588623,1.8556933403015137,1.678870439529419,10.12552261352539,qmix,smacv2,protoss_5_vs_5,100,0.05000000074505806
46000,22,2026-05-24T13:33:13.357760,4.222907543182373,1.6298030614852905,1.4152719974517822,7.043932914733887,qmix,smacv2,protoss_5_vs_5,100,0.0
48000,23,2026-05-24T13:35:35.582242,3.864487409591675,1.4381276369094849,1.4780335426330566,6.468619346618652,qmix,smacv2,protoss_5_vs_5,100,0.0
50000,24,2026-05-24T13:37:58.650145,4.105909824371338,1.5834879875183105,2.1056485176086426,7.9299163818359375,qmix,smacv2,protoss_5_vs_5,100,0.0
52000,25,2026-05-24T13:40:22.537219,3.930543899536133,1.0632845163345337,2.5523011684417725,6.5857744216918945,qmix,smacv2,protoss_5_vs_5,100,0.0
54000,26,2026-05-24T13:42:48.751966,3.705805540084839,1.4724780321121216,0.836820125579834,6.667364597320557,qmix,smacv2,protoss_5_vs_5,100,0.0
56000,27,2026-05-24T13:45:14.913423,3.9126572608947754,2.0700836181640625,1.2301255464553833,10.267782211303711,qmix,smacv2,protoss_5_vs_5,100,0.05000000074505806
58000,28,2026-05-24T13:47:40.831258,4.584048271179199,1.4400309324264526,2.168410062789917,7.238493919372559,qmix,smacv2,protoss_5_vs_5,100,0.0
60000,29,2026-05-24T13:50:07.639705,4.332793235778809,1.609957218170166,2.1746864318847656,8.35146427154541,qmix,smacv2,protoss_5_vs_5,100,0.0
62000,30,2026-05-24T13:52:34.732771,3.0893309116363525,1.0322121381759644,1.221757411956787,5.339958190917969,qmix,smacv2,protoss_5_vs_5,100,0.0
64000,31,2026-05-24T13:55:02.415210,3.926046371459961,2.1386258602142334,1.4382846355438232,10.292885780334473,qmix,smacv2,protoss_5_vs_5,100,0.05000000074505806
66000,32,2026-05-24T13:57:29.371718,4.733002185821533,1.9329543113708496,1.8556486368179321,10.418410301208496,qmix,smacv2,protoss_5_vs_5,100,0.05000000074505806
68000,33,2026-05-24T13:59:55.660712,4.4359307289123535,1.3809900283813477,2.35146427154541,7.263598442077637,qmix,smacv2,protoss_5_vs_5,100,0.0
70000,34,2026-05-24T14:02:20.977575,4.473221778869629,1.6242135763168335,1.640167474746704,8.764643669128418,qmix,smacv2,protoss_5_vs_5,100,0.0
72000,35,2026-05-24T14:04:45.566780,4.799058437347412,1.439971923828125,2.753138303756714,7.782426357269287,qmix,smacv2,protoss_5_vs_5,100,0.0
74000,36,2026-05-24T14:07:08.914090,3.97505259513855,0.9494813680648804,2.0983264446258545,5.233263969421387,qmix,smacv2,protoss_5_vs_5,100,0.0
76000,37,2026-05-24T14:09:33.114031,4.592364311218262,2.5914416313171387,1.3305439949035645,11.799162864685059,qmix,smacv2,protoss_5_vs_5,100,0.05000000074505806
78000,38,2026-05-24T14:11:56.562371,3.9760982990264893,1.724234938621521,1.9801254272460938,7.303347587585449,qmix,smacv2,protoss_5_vs_5,100,0.0
80000,39,2026-05-24T14:14:22.146869,4.087552070617676,1.704069972038269,1.4811716079711914,10.033472061157227,qmix,smacv2,protoss_5_vs_5,100,0.0
82000,40,2026-05-24T14:16:44.532338,4.437656879425049,1.8342489004135132,1.9853556156158447,7.883892059326172,qmix,smacv2,protoss_5_vs_5,100,0.0
84000,41,2026-05-24T14:19:07.490211,3.688807725906372,1.3756682872772217,1.3974896669387817,6.953974723815918,qmix,smacv2,protoss_5_vs_5,100,0.0
86000,42,2026-05-24T14:21:31.330710,3.797541856765747,1.0959430932998657,1.9989538192749023,6.456067085266113,qmix,smacv2,protoss_5_vs_5,100,0.0
88000,43,2026-05-24T14:23:54.049407,4.144979476928711,1.459115743637085,1.4393305778503418,7.615062713623047,qmix,smacv2,protoss_5_vs_5,100,0.0
90000,44,2026-05-24T14:26:18.009518,4.65156888961792,1.3355504274368286,2.092050075531006,6.728034019470215,qmix,smacv2,protoss_5_vs_5,100,0.0
92000,45,2026-05-24T14:28:42.724498,4.342573642730713,1.6639657020568848,1.3284518718719482,8.22594165802002,qmix,smacv2,protoss_5_vs_5,100,0.0
94000,46,2026-05-24T14:31:05.458352,3.8821651935577393,1.2809720039367676,1.8399581909179688,6.553346157073975,qmix,smacv2,protoss_5_vs_5,100,0.0
96000,47,2026-05-24T14:33:30.687157,3.8137550354003906,1.4084796905517578,1.8912134170532227,6.794979095458984,qmix,smacv2,protoss_5_vs_5,100,0.0
98000,48,2026-05-24T14:35:53.662444,3.7264647483825684,0.814338207244873,2.0188286304473877,5.657949447631836,qmix,smacv2,protoss_5_vs_5,100,0.0
100000,49,2026-05-24T14:38:17.168703,3.5521442890167236,1.4482760429382324,0.828451931476593,7.580543518066406,qmix,smacv2,protoss_5_vs_5,100,0.0
102000,50,2026-05-24T14:40:47.414926,5.070711135864258,2.4068124294281006,1.5135983228683472,10.292886734008789,qmix,smacv2,protoss_5_vs_5,100,0.05000000074505806
104000,51,2026-05-24T14:43:11.251997,4.248431205749512,1.6651966571807861,1.907949686050415,8.323221206665039,qmix,smacv2,protoss_5_vs_5,100,0.0
106000,52,2026-05-24T14:45:36.639401,4.823692798614502,1.610465168952942,2.485355854034424,8.809622764587402,qmix,smacv2,protoss_5_vs_5,100,0.0
108000,53,2026-05-24T14:48:02.612447,4.406118869781494,1.2056396007537842,1.9246861934661865,6.64749002456665,qmix,smacv2,protoss_5_vs_5,100,0.0
110000,54,2026-05-24T14:50:27.144728,4.299842834472656,1.601151704788208,1.5313807725906372,8.802300453186035,qmix,smacv2,protoss_5_vs_5,100,0.0
112000,55,2026-05-24T14:52:52.475922,4.222594261169434,1.0218743085861206,2.892259120941162,6.337866306304932,qmix,smacv2,protoss_5_vs_5,100,0.0
114000,56,2026-05-24T14:55:18.067207,4.711192607879639,2.9038174152374268,2.290794849395752,15.271967887878418,qmix,smacv2,protoss_5_vs_5,100,0.05000000074505806
116000,57,2026-05-24T14:57:44.711296,4.215951919555664,2.014138698577881,1.4560669660568237,9.941423416137695,qmix,smacv2,protoss_5_vs_5,100,0.0
118000,58,2026-05-24T15:00:10.316032,4.565271854400635,2.369741439819336,1.4393305778503418,11.882844924926758,qmix,smacv2,protoss_5_vs_5,100,0.05000000074505806
120000,59,2026-05-24T15:02:37.568406,4.591370582580566,1.4770501852035522,1.8755229711532593,7.280335426330566,qmix,smacv2,protoss_5_vs_5,100,0.0
122000,60,2026-05-24T15:05:04.258074,4.067939281463623,1.6945632696151733,1.5292887687683105,8.619247436523438,qmix,smacv2,protoss_5_vs_5,100,0.05000000074505806
124000,61,2026-05-24T15:07:27.725783,4.758211135864258,2.2484803199768066,0.9288703203201294,10.376569747924805,qmix,smacv2,protoss_5_vs_5,100,0.10000000149011612
126000,62,2026-05-24T15:09:51.779547,4.661767959594727,2.135800838470459,2.6422595977783203,9.841004371643066,qmix,smacv2,protoss_5_vs_5,100,0.0
128000,63,2026-05-24T15:12:13.875410,4.253399848937988,1.3442336320877075,0.9205020666122437,6.828452110290527,qmix,smacv2,protoss_5_vs_5,100,0.0
130000,64,2026-05-24T15:14:34.534339,4.638964653015137,1.3585091829299927,2.867154836654663,7.832635402679443,qmix,smacv2,protoss_5_vs_5,100,0.0
132000,65,2026-05-24T15:16:58.187578,3.753556728363037,1.5558933019638062,0.4435146450996399,6.881799221038818,qmix,smacv2,protoss_5_vs_5,100,0.0
134000,66,2026-05-24T15:19:21.338038,4.685093879699707,1.6603305339813232,2.3096232414245605,8.426777839660645,qmix,smacv2,protoss_5_vs_5,100,0.0
136000,67,2026-05-24T15:21:44.044648,4.567625045776367,1.945732831954956,1.6872384548187256,8.058577537536621,qmix,smacv2,protoss_5_vs_5,100,0.0
138000,68,2026-05-24T15:24:07.555767,4.384936809539795,1.8770716190338135,2.217573404312134,8.641213417053223,qmix,smacv2,protoss_5_vs_5,100,0.0
140000,69,2026-05-24T15:26:29.776363,5.048797130584717,1.4212262630462646,2.4445607662200928,7.723849296569824,qmix,smacv2,protoss_5_vs_5,100,0.0
142000,70,2026-05-24T15:28:52.931642,4.1252617835998535,1.6342544555664062,1.5209206342697144,7.4142255783081055,qmix,smacv2,protoss_5_vs_5,100,0.0
144000,71,2026-05-24T15:31:16.026961,3.8571650981903076,0.9681239128112793,1.7405856847763062,5.338912010192871,qmix,smacv2,protoss_5_vs_5,100,0.0
146000,72,2026-05-24T15:33:39.544889,4.3688812255859375,1.719618320465088,1.7269874811172485,8.518828392028809,qmix,smacv2,protoss_5_vs_5,100,0.05000000074505806
148000,73,2026-05-24T15:36:01.998480,4.079916000366211,1.188217282295227,2.257322311401367,6.811715126037598,qmix,smacv2,protoss_5_vs_5,100,0.0
150000,74,2026-05-24T15:38:22.852027,4.246077537536621,1.2244678735733032,2.3870291709899902,7.370292663574219,qmix,smacv2,protoss_5_vs_5,100,0.0
152000,75,2026-05-24T15:40:43.058503,5.30047082901001,2.0803470611572266,2.6087865829467773,10.30125617980957,qmix,smacv2,protoss_5_vs_5,100,0.10000000149011612
154000,76,2026-05-24T15:43:05.123569,4.2525634765625,1.2009913921356201,2.122384786605835,6.861924648284912,qmix,smacv2,protoss_5_vs_5,100,0.0
156000,77,2026-05-24T15:45:26.564013,4.360774040222168,1.046774983406067,1.9246861934661865,6.686192512512207,qmix,smacv2,protoss_5_vs_5,100,0.0
158000,78,2026-05-24T15:47:47.789507,4.397960186004639,1.6380252838134766,2.117154836654663,8.711297035217285,qmix,smacv2,protoss_5_vs_5,100,0.0
160000,79,2026-05-24T15:50:09.808773,3.938389301300049,1.6565028429031372,1.104602575302124,8.523012161254883,qmix,smacv2,protoss_5_vs_5,100,0.0
162000,80,2026-05-24T15:52:30.234536,4.385146141052246,1.658970594406128,2.198744773864746,8.535565376281738,qmix,smacv2,protoss_5_vs_5,100,0.05000000074505806
164000,81,2026-05-24T15:54:54.728063,4.994978904724121,1.9387811422348022,2.0366108417510986,10.209205627441406,qmix,smacv2,protoss_5_vs_5,100,0.10000000149011612
166000,82,2026-05-24T15:57:17.078679,4.4376044273376465,2.204380512237549,1.959204912185669,11.882844924926758,qmix,smacv2,protoss_5_vs_5,100,0.05000000074505806
168000,83,2026-05-24T15:59:41.708826,5.163127422332764,1.5941722393035889,2.155857801437378,7.864016532897949,qmix,smacv2,protoss_5_vs_5,100,0.0
170000,84,2026-05-24T16:02:03.822335,4.597699165344238,1.335660457611084,2.0041840076446533,7.1799163818359375,qmix,smacv2,protoss_5_vs_5,100,0.0
172000,85,2026-05-24T16:04:26.148346,4.69429874420166,1.43058180809021,2.769874334335327,8.476987838745117,qmix,smacv2,protoss_5_vs_5,100,0.0
174000,86,2026-05-24T16:06:47.266086,4.507322311401367,1.331536889076233,2.083682060241699,7.60146427154541,qmix,smacv2,protoss_5_vs_5,100,0.0
176000,87,2026-05-24T16:09:09.450133,4.294769763946533,1.6685720682144165,1.757322072982788,7.723849296569824,qmix,smacv2,protoss_5_vs_5,100,0.0
178000,88,2026-05-24T16:11:33.348284,4.739226341247559,2.464015007019043,2.083682060241699,10.5,qmix,smacv2,protoss_5_vs_5,100,0.05000000074505806
180000,89,2026-05-24T16:13:56.801227,4.837970733642578,1.3382045030593872,2.870292901992798,8.460250854492188,qmix,smacv2,protoss_5_vs_5,100,0.05000000074505806
182000,90,2026-05-24T16:16:21.258422,5.611088275909424,1.9553321599960327,2.1872384548187256,10.292886734008789,qmix,smacv2,protoss_5_vs_5,100,0.10000000149011612
184000,91,2026-05-24T16:18:43.195998,4.8195600509643555,1.7887266874313354,2.7887027263641357,10.158995628356934,qmix,smacv2,protoss_5_vs_5,100,0.05000000074505806
186000,92,2026-05-24T16:21:03.394371,5.23797082901001,1.8715988397598267,1.9257322549819946,10.15585708618164,qmix,smacv2,protoss_5_vs_5,100,0.05000000074505806
188000,93,2026-05-24T16:23:26.154807,4.970135688781738,2.257873296737671,2.5271966457366943,10.410042762756348,qmix,smacv2,protoss_5_vs_5,100,0.10000000149011612
190000,94,2026-05-24T16:25:47.047668,4.222751140594482,1.7608895301818848,1.4225940704345703,8.846235275268555,qmix,smacv2,protoss_5_vs_5,100,0.0
192000,95,2026-05-24T16:28:05.184906,4.589278221130371,1.5383517742156982,2.365062952041626,9.323222160339355,qmix,smacv2,protoss_5_vs_5,100,0.0
194000,96,2026-05-24T16:30:26.467759,4.497750759124756,1.8937052488327026,2.329497814178467,9.87447738647461,qmix,smacv2,protoss_5_vs_5,100,0.0
196000,97,2026-05-24T16:32:46.989384,4.524477481842041,1.6432386636734009,2.1087865829467773,8.619247436523438,qmix,smacv2,protoss_5_vs_5,100,0.05000000074505806
198000,98,2026-05-24T16:35:07.278196,4.514121055603027,2.0075361728668213,2.6359832286834717,11.882844924926758,qmix,smacv2,protoss_5_vs_5,100,0.05000000074505806
200000,99,2026-05-24T16:37:35.311648,5.331432819366455,1.6936047077178955,3.01778244972229,9.581589698791504,qmix,smacv2,protoss_5_vs_5,100,0.0
202000,100,2026-05-24T16:39:57.611019,4.6035566329956055,1.3239449262619019,2.2259414196014404,6.859832763671875,qmix,smacv2,protoss_5_vs_5,100,0.0
204000,101,2026-05-24T16:42:20.034605,4.596129894256592,1.1532034873962402,2.7186193466186523,6.4937238693237305,qmix,smacv2,protoss_5_vs_5,100,0.0
206000,102,2026-05-24T16:44:40.812550,4.526883125305176,1.433572769165039,2.666317939758301,7.037657260894775,qmix,smacv2,protoss_5_vs_5,100,0.0
208000,103,2026-05-24T16:47:05.153660,5.227719306945801,1.9793106317520142,2.338912010192871,11.882844924926758,qmix,smacv2,protoss_5_vs_5,100,0.05000000074505806
210000,104,2026-05-24T16:49:25.383921,4.784728050231934,1.868853211402893,1.5732216835021973,10.12552261352539,qmix,smacv2,protoss_5_vs_5,100,0.05000000074505806
212000,105,2026-05-24T16:51:46.461512,4.913389682769775,1.4054924249649048,2.6778244972229004,7.924686431884766,qmix,smacv2,protoss_5_vs_5,100,0.0
214000,106,2026-05-24T16:54:08.237106,5.324372291564941,2.1723785400390625,3.063807487487793,11.966527938842773,qmix,smacv2,protoss_5_vs_5,100,0.05000000074505806
216000,107,2026-05-24T16:56:30.300485,4.61600399017334,1.4195274114608765,2.6956064701080322,8.644351959228516,qmix,smacv2,protoss_5_vs_5,100,0.0
218000,108,2026-05-24T16:58:51.450721,4.105439186096191,1.4767282009124756,1.9665272235870361,7.7332634925842285,qmix,smacv2,protoss_5_vs_5,100,0.0
220000,109,2026-05-24T17:01:13.757103,3.9387030601501465,1.756425142288208,0.9539748430252075,8.393305778503418,qmix,smacv2,protoss_5_vs_5,100,0.0
222000,110,2026-05-24T17:03:39.654570,4.75826358795166,1.8438386917114258,2.4728033542633057,9.732217788696289,qmix,smacv2,protoss_5_vs_5,100,0.0
224000,111,2026-05-24T17:06:03.992907,4.771914482116699,1.3188704252243042,2.744769811630249,7.073221683502197,qmix,smacv2,protoss_5_vs_5,100,0.0
226000,112,2026-05-24T17:08:29.933820,4.634571075439453,1.4677462577819824,2.6359829902648926,8.619247436523438,qmix,smacv2,protoss_5_vs_5,100,0.05000000074505806
228000,113,2026-05-24T17:10:55.100290,4.561768054962158,1.6543601751327515,1.4811716079711914,10.12552261352539,qmix,smacv2,protoss_5_vs_5,100,0.05000000074505806
230000,114,2026-05-24T17:13:21.169585,4.392154693603516,1.9043711423873901,1.2217572927474976,9.018828392028809,qmix,smacv2,protoss_5_vs_5,100,0.0
232000,115,2026-05-24T17:15:46.473223,4.067992210388184,1.271459698677063,2.5439329147338867,6.284519195556641,qmix,smacv2,protoss_5_vs_5,100,0.0
234000,116,2026-05-24T17:18:13.555374,4.64063835144043,1.2922452688217163,3.324267864227295,7.489540100097656,qmix,smacv2,protoss_5_vs_5,100,0.0
236000,117,2026-05-24T17:20:41.444072,4.728713512420654,1.5895954370498657,1.9968618154525757,7.491631984710693,qmix,smacv2,protoss_5_vs_5,100,0.0
238000,118,2026-05-24T17:23:08.274681,4.4736409187316895,1.2793989181518555,2.7771966457366943,7.73953914642334,qmix,smacv2,protoss_5_vs_5,100,0.0
240000,119,2026-05-24T17:25:35.234917,4.859466552734375,1.8527218103408813,2.342050313949585,9.79079532623291,qmix,smacv2,protoss_5_vs_5,100,0.0
242000,120,2026-05-24T17:28:02.340025,3.9503140449523926,1.056932806968689,2.3933053016662598,5.824267387390137,qmix,smacv2,protoss_5_vs_5,100,0.0
244000,121,2026-05-24T17:30:31.547691,4.00753116607666,1.2579900026321411,1.6851465702056885,7.288702487945557,qmix,smacv2,protoss_5_vs_5,100,0.0
246000,122,2026-05-24T17:33:04.281190,4.664644718170166,1.5012671947479248,2.0251047611236572,7.6652727127075195,qmix,smacv2,protoss_5_vs_5,100,0.0
248000,123,2026-05-24T17:35:39.224518,4.916369438171387,1.8500803709030151,2.1495816707611084,10.401673316955566,qmix,smacv2,protoss_5_vs_5,100,0.0
250000,124,2026-05-24T17:38:12.922908,4.660878658294678,2.0074267387390137,2.2259416580200195,10.20920467376709,qmix,smacv2,protoss_5_vs_5,100,0.05000000074505806
252000,125,2026-05-24T17:40:47.016048,4.8511505126953125,2.243586301803589,1.6161088943481445,10.376567840576172,qmix,smacv2,protoss_5_vs_5,100,0.10000000149011612
254000,126,2026-05-24T17:43:18.192572,4.108316421508789,1.361544132232666,2.4215481281280518,8.853556632995605,qmix,smacv2,protoss_5_vs_5,100,0.0
256000,127,2026-05-24T17:45:49.918890,3.6975417137145996,1.2168649435043335,2.0951881408691406,6.460251808166504,qmix,smacv2,protoss_5_vs_5,100,0.0
258000,128,2026-05-24T17:48:25.907794,4.99513578414917,2.873673915863037,1.5292887687683105,13.472803115844727,qmix,smacv2,protoss_5_vs_5,100,0.05000000074505806
260000,129,2026-05-24T17:51:24.499443,4.635251045227051,1.6754355430603027,1.7008367776870728,7.899580955505371,qmix,smacv2,protoss_5_vs_5,100,0.0
262000,130,2026-05-24T17:53:52.927227,4.485774040222168,1.7278820276260376,1.6422593593597412,10.041840553283691,qmix,smacv2,protoss_5_vs_5,100,0.05000000074505806
264000,131,2026-05-24T17:56:27.029512,4.912343502044678,1.5258511304855347,2.6778242588043213,8.359832763671875,qmix,smacv2,protoss_5_vs_5,100,0.0
266000,132,2026-05-24T17:59:03.597526,4.472018241882324,1.1356388330459595,2.2698745727539062,6.686192989349365,qmix,smacv2,protoss_5_vs_5,100,0.0
268000,133,2026-05-24T18:01:41.759923,4.314853668212891,1.3609243631362915,2.3734309673309326,8.108786582946777,qmix,smacv2,protoss_5_vs_5,100,0.0
270000,134,2026-05-24T18:04:21.256254,4.680805683135986,1.5092740058898926,2.3577404022216797,8.619246482849121,qmix,smacv2,protoss_5_vs_5,100,0.05000000074505806
272000,135,2026-05-24T18:07:03.513577,5.2218098640441895,2.6156020164489746,2.301255226135254,13.472803115844727,qmix,smacv2,protoss_5_vs_5,100,0.10000000149011612
274000,136,2026-05-24T18:09:45.391132,4.573954105377197,1.3567935228347778,2.787656784057617,8.368200302124023,qmix,smacv2,protoss_5_vs_5,100,0.05000000074505806
276000,137,2026-05-24T18:12:25.810841,4.951045989990234,1.6648764610290527,2.1004183292388916,8.368200302124023,qmix,smacv2,protoss_5_vs_5,100,0.05000000074505806
278000,138,2026-05-24T18:15:07.797932,4.296547889709473,1.158299446105957,2.6192467212677,7.370292663574219,qmix,smacv2,protoss_5_vs_5,100,0.0
280000,139,2026-05-24T18:17:51.907492,5.54309606552124,2.050544261932373,2.359832763671875,11.71548080444336,qmix,smacv2,protoss_5_vs_5,100,0.15000000596046448
282000,140,2026-05-24T18:20:37.206095,5.474633693695068,1.8130102157592773,3.0198748111724854,10.209205627441406,qmix,smacv2,protoss_5_vs_5,100,0.10000000149011612
284000,141,2026-05-24T18:23:22.019566,4.992311477661133,2.299588680267334,1.882845163345337,12.008368492126465,qmix,smacv2,protoss_5_vs_5,100,0.05000000074505806
286000,142,2026-05-24T18:26:08.479789,4.329497337341309,1.6842570304870605,1.7740585803985596,9.497907638549805,qmix,smacv2,protoss_5_vs_5,100,0.0
288000,143,2026-05-24T18:28:52.509460,5.333316326141357,1.7984302043914795,3.2688286304473877,10.209205627441406,qmix,smacv2,protoss_5_vs_5,100,0.05000000074505806
290000,144,2026-05-24T18:31:36.800553,4.866318225860596,1.3349233865737915,2.6569037437438965,8.244770050048828,qmix,smacv2,protoss_5_vs_5,100,0.0
292000,145,2026-05-24T18:34:21.143265,4.575314044952393,1.1419291496276855,2.331589937210083,7.576361179351807,qmix,smacv2,protoss_5_vs_5,100,0.0
294000,146,2026-05-24T18:37:04.493810,5.199058532714844,1.8891116380691528,2.502092123031616,10.265689849853516,qmix,smacv2,protoss_5_vs_5,100,0.15000000596046448
296000,147,2026-05-24T18:39:46.847563,5.60920524597168,2.2015933990478516,2.6412131786346436,11.966527938842773,qmix,smacv2,protoss_5_vs_5,100,0.05000000074505806
298000,148,2026-05-24T18:42:30.562383,4.448954105377197,1.3512924909591675,2.267782211303711,7.079497337341309,qmix,smacv2,protoss_5_vs_5,100,0.0
300000,149,2026-05-24T18:45:11.715691,5.054863929748535,1.8530566692352295,2.0669455528259277,8.903765678405762,qmix,smacv2,protoss_5_vs_5,100,0.0
302000,150,2026-05-24T18:47:59.160766,4.451045036315918,1.99049711227417,0.3012552261352539,8.12552261352539,qmix,smacv2,protoss_5_vs_5,100,0.0
304000,151,2026-05-24T18:50:41.572094,4.945920944213867,1.5553916692733765,2.3765690326690674,8.555438995361328,qmix,smacv2,protoss_5_vs_5,100,0.0
306000,152,2026-05-24T18:53:24.134891,4.380805492401123,1.5991238355636597,2.742677927017212,10.292886734008789,qmix,smacv2,protoss_5_vs_5,100,0.05000000074505806
308000,153,2026-05-24T18:56:05.584775,4.456015110015869,1.418495774269104,2.7876570224761963,7.372384548187256,qmix,smacv2,protoss_5_vs_5,100,0.0
310000,154,2026-05-24T18:58:46.180481,4.766057014465332,1.8854924440383911,2.69665265083313,9.349372863769531,qmix,smacv2,protoss_5_vs_5,100,0.0
312000,155,2026-05-24T19:01:26.370975,5.521233558654785,1.8150489330291748,3.2384936809539795,10.394351959228516,qmix,smacv2,protoss_5_vs_5,100,0.10000000149011612
314000,156,2026-05-24T19:04:05.933972,4.800417900085449,2.063946008682251,1.1537656784057617,10.225940704345703,qmix,smacv2,protoss_5_vs_5,100,0.10000000149011612
316000,157,2026-05-24T19:06:44.399327,4.3910040855407715,1.0868102312088013,2.8096234798431396,6.629707336425781,qmix,smacv2,protoss_5_vs_5,100,0.0
318000,158,2026-05-24T19:09:20.746981,5.135512351989746,2.0882797241210938,2.8786611557006836,10.20920467376709,qmix,smacv2,protoss_5_vs_5,100,0.10000000149011612
320000,159,2026-05-24T19:11:56.433269,5.003818035125732,1.3525282144546509,2.6004183292388916,7.288702964782715,qmix,smacv2,protoss_5_vs_5,100,0.0
322000,160,2026-05-24T19:14:31.530657,5.268671035766602,1.527454137802124,2.8284518718719482,9.67887020111084,qmix,smacv2,protoss_5_vs_5,100,0.0
324000,161,2026-05-24T19:17:03.474795,4.705962181091309,1.0116631984710693,3.0345191955566406,6.39225959777832,qmix,smacv2,protoss_5_vs_5,100,0.0
326000,162,2026-05-24T19:19:35.782113,4.641945838928223,1.3978002071380615,2.471757411956787,8.359832763671875,qmix,smacv2,protoss_5_vs_5,100,0.0
328000,163,2026-05-24T19:22:06.530087,4.422332763671875,1.4439482688903809,2.502092123031616,7.841004371643066,qmix,smacv2,protoss_5_vs_5,100,0.0
330000,164,2026-05-24T19:24:37.547931,4.867050647735596,2.555393695831299,1.3451881408691406,11.966526985168457,qmix,smacv2,protoss_5_vs_5,100,0.05000000074505806
332000,165,2026-05-24T19:27:06.890041,4.801412105560303,1.4092432260513306,2.4853553771972656,7.2635979652404785,qmix,smacv2,protoss_5_vs_5,100,0.0
334000,166,2026-05-24T19:29:35.902200,5.064801216125488,2.0065438747406006,2.572175979614258,10.376568794250488,qmix,smacv2,protoss_5_vs_5,100,0.05000000074505806
336000,167,2026-05-24T19:32:05.375186,4.49027156829834,1.109653353691101,2.2228033542633057,7.1872382164001465,qmix,smacv2,protoss_5_vs_5,100,0.0
338000,168,2026-05-24T19:34:32.439203,5.299163341522217,1.4679995775222778,3.74476957321167,8.476987838745117,qmix,smacv2,protoss_5_vs_5,100,0.0
340000,169,2026-05-24T19:36:59.352384,4.957427024841309,1.5507844686508179,3.9508368968963623,11.128661155700684,qmix,smacv2,protoss_5_vs_5,100,0.0
342000,170,2026-05-24T19:39:26.695294,4.7585248947143555,2.098449945449829,2.1286611557006836,11.882844924926758,qmix,smacv2,protoss_5_vs_5,100,0.05000000074505806
344000,171,2026-05-24T19:41:53.173210,4.338964462280273,1.8409183025360107,1.6046024560928345,10.291841506958008,qmix,smacv2,protoss_5_vs_5,100,0.05000000074505806
346000,172,2026-05-24T19:44:20.652737,5.143095970153809,1.5635143518447876,3.1129703521728516,8.786611557006836,qmix,smacv2,protoss_5_vs_5,100,0.05000000074505806
348000,173,2026-05-24T19:46:46.003855,4.475314140319824,1.2450790405273438,2.8535566329956055,8.257322311401367,qmix,smacv2,protoss_5_vs_5,100,0.0
350000,174,2026-05-24T19:49:13.493258,4.729811668395996,1.3502352237701416,2.365062713623047,7.293932914733887,qmix,smacv2,protoss_5_vs_5,100,0.0
352000,175,2026-05-24T19:51:39.576300,4.532008171081543,1.429571270942688,1.779288649559021,7.6234307289123535,qmix,smacv2,protoss_5_vs_5,100,0.0
354000,176,2026-05-24T19:54:04.547825,4.152091979980469,1.0128263235092163,2.560669422149658,6.728034019470215,qmix,smacv2,protoss_5_vs_5,100,0.0
356000,177,2026-05-24T19:56:30.726101,4.718776226043701,1.7874431610107422,1.8054393529891968,8.786611557006836,qmix,smacv2,protoss_5_vs_5,100,0.05000000074505806
358000,178,2026-05-24T19:58:57.586782,4.605700492858887,1.5670925378799438,1.5439330339431763,8.108785629272461,qmix,smacv2,protoss_5_vs_5,100,0.0
360000,179,2026-05-24T20:01:24.255899,4.448326110839844,1.4889599084854126,1.9173638820648193,8.43514633178711,qmix,smacv2,protoss_5_vs_5,100,0.0
362000,180,2026-05-24T20:03:52.360041,4.741265773773193,1.6390798091888428,2.298117160797119,8.146443367004395,qmix,smacv2,protoss_5_vs_5,100,0.0
364000,181,2026-05-24T20:06:20.515426,4.933891773223877,1.2737829685211182,2.566945791244507,8.78661060333252,qmix,smacv2,protoss_5_vs_5,100,0.05000000074505806
366000,182,2026-05-24T20:08:50.564200,4.224267959594727,1.3871417045593262,2.1976985931396484,6.937239170074463,qmix,smacv2,protoss_5_vs_5,100,0.0
368000,183,2026-05-24T20:11:23.171582,5.383472919464111,1.905014991760254,2.26778244972229,8.615063667297363,qmix,smacv2,protoss_5_vs_5,100,0.0
370000,184,2026-05-24T20:13:57.852499,4.933263778686523,2.0273373126983643,2.393305778503418,10.20920467376709,qmix,smacv2,protoss_5_vs_5,100,0.05000000074505806
372000,185,2026-05-24T20:16:35.297475,5.3593621253967285,1.5079214572906494,2.987447738647461,8.182008743286133,qmix,smacv2,protoss_5_vs_5,100,0.0
374000,186,2026-05-24T20:19:16.262172,4.475732326507568,2.0005335807800293,2.010460376739502,10.041841506958008,qmix,smacv2,protoss_5_vs_5,100,0.05000000074505806
376000,187,2026-05-24T20:21:55.538864,4.377511024475098,1.0544885396957397,2.138075113296509,6.276150703430176,qmix,smacv2,protoss_5_vs_5,100,0.0
378000,188,2026-05-24T20:24:38.899174,4.374268054962158,1.2704249620437622,2.2416317462921143,7.95815896987915,qmix,smacv2,protoss_5_vs_5,100,0.0
380000,189,2026-05-24T20:27:24.179245,4.72683048248291,1.5865070819854736,1.8912136554718018,7.581589698791504,qmix,smacv2,protoss_5_vs_5,100,0.0
382000,190,2026-05-24T20:30:09.081895,4.569612979888916,1.5948463678359985,2.0366108417510986,8.753137588500977,qmix,smacv2,protoss_5_vs_5,100,0.0
384000,191,2026-05-24T20:32:51.224190,4.413127899169922,1.0814611911773682,2.7280335426330566,7.078452110290527,qmix,smacv2,protoss_5_vs_5,100,0.0
386000,192,2026-05-24T20:35:34.645922,4.683577537536621,1.5149048566818237,2.8922595977783203,9.890167236328125,qmix,smacv2,protoss_5_vs_5,100,0.0
388000,193,2026-05-24T20:38:16.997759,4.725156784057617,1.3593538999557495,2.5700838565826416,7.311715602874756,qmix,smacv2,protoss_5_vs_5,100,0.0
390000,194,2026-05-24T20:40:59.736719,4.173117160797119,1.1567189693450928,1.640167474746704,6.6265692710876465,qmix,smacv2,protoss_5_vs_5,100,0.0
392000,195,2026-05-24T20:43:41.433110,4.600784778594971,1.2468185424804688,2.5449790954589844,7.372384548187256,qmix,smacv2,protoss_5_vs_5,100,0.0
394000,196,2026-05-24T20:46:23.309976,4.6877617835998535,1.3906816244125366,1.7918411493301392,8.451882362365723,qmix,smacv2,protoss_5_vs_5,100,0.05000000074505806
396000,197,2026-05-24T20:49:03.597274,5.7596235275268555,2.12623929977417,2.770920753479004,11.882845878601074,qmix,smacv2,protoss_5_vs_5,100,0.15000000596046448
398000,198,2026-05-24T20:51:40.441971,4.4089436531066895,0.8774712085723877,2.870292901992798,6.451882839202881,qmix,smacv2,protoss_5_vs_5,100,0.0
400000,199,2026-05-24T20:54:17.422789,4.3674163818359375,1.7928366661071777,1.941422700881958,8.092050552368164,qmix,smacv2,protoss_5_vs_5,100,0.0
402000,200,2026-05-24T20:56:53.562475,4.9233784675598145,1.9644235372543335,1.6715481281280518,8.619247436523438,qmix,smacv2,protoss_5_vs_5,100,0.05000000074505806
404000,201,2026-05-24T20:59:27.911420,5.439226150512695,1.6954996585845947,2.668410062789917,9.065899848937988,qmix,smacv2,protoss_5_vs_5,100,0.05000000074505806
406000,202,2026-05-24T21:02:06.156660,4.339278221130371,1.2657012939453125,2.3462345600128174,7.86297082901001,qmix,smacv2,protoss_5_vs_5,100,0.0
408000,203,2026-05-24T21:04:42.464759,5.1231689453125,2.1645541191101074,2.6694560050964355,11.882844924926758,qmix,smacv2,protoss_5_vs_5,100,0.05000000074505806
410000,204,2026-05-24T21:07:17.066667,5.019246578216553,1.8432300090789795,2.5188283920288086,10.209205627441406,qmix,smacv2,protoss_5_vs_5,100,0.05000000074505806
412000,205,2026-05-24T21:09:50.836718,4.330752849578857,1.8336033821105957,1.9497907161712646,8.36820125579834,qmix,smacv2,protoss_5_vs_5,100,0.0
414000,206,2026-05-24T21:12:22.058705,4.7474894523620605,1.1778291463851929,2.627614974975586,6.903765678405762,qmix,smacv2,protoss_5_vs_5,100,0.0
416000,207,2026-05-24T21:14:50.607619,4.746129512786865,1.7426936626434326,1.9717575311660767,9.207112312316895,qmix,smacv2,protoss_5_vs_5,100,0.0
418000,208,2026-05-24T21:17:19.015617,4.669717311859131,2.1649341583251953,1.2615063190460205,11.71548080444336,qmix,smacv2,protoss_5_vs_5,100,0.05000000074505806
420000,209,2026-05-24T21:19:44.966798,3.4100418090820312,0.8992750644683838,2.015690326690674,5.554393291473389,qmix,smacv2,protoss_5_vs_5,100,0.0
422000,210,2026-05-24T21:22:11.278714,5.167154788970947,2.077373743057251,2.6851463317871094,11.146443367004395,qmix,smacv2,protoss_5_vs_5,100,0.0
424000,211,2026-05-24T21:24:36.601128,4.4373955726623535,1.5087839365005493,1.5742677450180054,7.497908115386963,qmix,smacv2,protoss_5_vs_5,100,0.0
426000,212,2026-05-24T21:27:02.379147,4.9288177490234375,1.250421166419983,2.4079501628875732,6.778242588043213,qmix,smacv2,protoss_5_vs_5,100,0.0
428000,213,2026-05-24T21:29:29.627190,5.697960376739502,2.44555926322937,2.6548118591308594,11.96652603149414,qmix,smacv2,protoss_5_vs_5,100,0.10000000149011612
430000,214,2026-05-24T21:31:55.615248,5.053190231323242,1.713577151298523,2.3765690326690674,8.17259407043457,qmix,smacv2,protoss_5_vs_5,100,0.0
432000,215,2026-05-24T21:34:20.052218,5.250836372375488,1.7337740659713745,3.2405858039855957,9.163179397583008,qmix,smacv2,protoss_5_vs_5,100,0.0
434000,216,2026-05-24T21:36:44.338889,5.094246864318848,1.8470970392227173,1.8535563945770264,8.381799697875977,qmix,smacv2,protoss_5_vs_5,100,0.0
436000,217,2026-05-24T21:39:07.894221,5.1088385581970215,1.7270474433898926,2.533473014831543,10.434100151062012,qmix,smacv2,protoss_5_vs_5,100,0.05000000074505806
438000,218,2026-05-24T21:41:33.378161,5.004916191101074,1.3077870607376099,2.811715602874756,7.48117208480835,qmix,smacv2,protoss_5_vs_5,100,0.0
440000,219,2026-05-24T21:44:00.209889,5.002981185913086,2.286808490753174,1.6652719974517822,11.966526985168457,qmix,smacv2,protoss_5_vs_5,100,0.05000000074505806
442000,220,2026-05-24T21:46:26.807822,4.939278602600098,1.3296598196029663,3.263598680496216,8.368200302124023,qmix,smacv2,protoss_5_vs_5,100,0.05000000074505806
444000,221,2026-05-24T21:48:56.765312,5.04707145690918,2.0955941677093506,1.4393305778503418,10.217574119567871,qmix,smacv2,protoss_5_vs_5,100,0.05000000074505806
446000,222,2026-05-24T21:51:26.504279,4.725470542907715,1.16010320186615,3.2050209045410156,8.37552261352539,qmix,smacv2,protoss_5_vs_5,100,0.0
448000,223,2026-05-24T21:53:57.095224,5.312028884887695,2.0386106967926025,2.923640012741089,10.125523567199707,qmix,smacv2,protoss_5_vs_5,100,0.15000000596046448
450000,224,2026-05-24T21:56:29.060237,5.20659065246582,1.6842517852783203,3.489539623260498,10.27614974975586,qmix,smacv2,protoss_5_vs_5,100,0.05000000074505806
452000,225,2026-05-24T21:59:05.128209,6.046234130859375,2.0504348278045654,3.9581589698791504,13.556485176086426,qmix,smacv2,protoss_5_vs_5,100,0.05000000074505806
454000,226,2026-05-24T22:01:37.836748,5.041736125946045,1.2652360200881958,2.8179917335510254,8.033473014831543,qmix,smacv2,protoss_5_vs_5,100,0.0
456000,227,2026-05-24T22:04:12.971940,5.051883220672607,2.2947874069213867,2.2458157539367676,11.018828392028809,qmix,smacv2,protoss_5_vs_5,100,0.05000000074505806
458000,228,2026-05-24T22:06:46.636190,4.707845687866211,1.389243483543396,2.5271964073181152,7.803347587585449,qmix,smacv2,protoss_5_vs_5,100,0.0
460000,229,2026-05-24T22:09:19.235897,4.480805397033691,1.5914288759231567,2.7866106033325195,8.699790954589844,qmix,smacv2,protoss_5_vs_5,100,0.0
462000,230,2026-05-24T22:11:53.079237,5.7362446784973145,2.228947639465332,3.0962343215942383,11.799161911010742,qmix,smacv2,protoss_5_vs_5,100,0.10000000149011612
464000,231,2026-05-24T22:14:24.906037,4.729027271270752,1.364859938621521,2.1956067085266113,7.9748945236206055,qmix,smacv2,protoss_5_vs_5,100,0.0
466000,232,2026-05-24T22:16:59.574062,4.483682155609131,1.3452574014663696,2.3054394721984863,7.523011684417725,qmix,smacv2,protoss_5_vs_5,100,0.0
468000,233,2026-05-24T22:19:30.682357,4.509989261627197,1.8698959350585938,1.430962324142456,8.587865829467773,qmix,smacv2,protoss_5_vs_5,100,0.0
470000,234,2026-05-24T22:22:02.761581,4.904759407043457,1.456705093383789,2.5502092838287354,7.464435577392578,qmix,smacv2,protoss_5_vs_5,100,0.0
472000,235,2026-05-24T22:24:35.120307,4.7508368492126465,1.0366114377975464,3.2133896350860596,6.88179874420166,qmix,smacv2,protoss_5_vs_5,100,0.0
474000,236,2026-05-24T22:27:04.626474,4.573797225952148,1.685721516609192,1.9717572927474976,10.058577537536621,qmix,smacv2,protoss_5_vs_5,100,0.05000000074505806
476000,237,2026-05-24T22:29:35.816377,4.8021440505981445,1.37721586227417,3.1359832286834717,7.916317939758301,qmix,smacv2,protoss_5_vs_5,100,0.0
478000,238,2026-05-24T22:32:06.404952,5.265481472015381,1.4912253618240356,3.6820082664489746,8.979080200195312,qmix,smacv2,protoss_5_vs_5,100,0.0
480000,239,2026-05-24T22:34:35.083103,4.117783069610596,1.3180471658706665,2.0083682537078857,6.378660678863525,qmix,smacv2,protoss_5_vs_5,100,0.0
482000,240,2026-05-24T22:37:05.272175,5.270031452178955,1.557978868484497,2.8535563945770264,9.958159446716309,qmix,smacv2,protoss_5_vs_5,100,0.0
484000,241,2026-05-24T22:39:33.761800,5.298483371734619,1.4616320133209229,3.698745012283325,8.543932914733887,qmix,smacv2,protoss_5_vs_5,100,0.0
486000,242,2026-05-24T22:41:59.713744,5.3123955726623535,1.588270902633667,2.3765692710876465,8.635982513427734,qmix,smacv2,protoss_5_vs_5,100,0.10000000149011612
488000,243,2026-05-24T22:44:24.643110,4.627196788787842,1.623015284538269,2.117154836654663,7.765690803527832,qmix,smacv2,protoss_5_vs_5,100,0.0
490000,244,2026-05-24T22:46:51.644859,5.236454010009766,1.2672888040542603,3.430962085723877,7.221756935119629,qmix,smacv2,protoss_5_vs_5,100,0.0
492000,245,2026-05-24T22:49:16.349137,5.4993720054626465,2.183634042739868,2.5951881408691406,11.799161911010742,qmix,smacv2,protoss_5_vs_5,100,0.05000000074505806
494000,246,2026-05-24T22:51:42.090325,4.766945838928223,1.4792429208755493,2.292886972427368,6.986401557922363,qmix,smacv2,protoss_5_vs_5,100,0.0
496000,247,2026-05-24T22:54:05.988752,4.827248573303223,1.050780177116394,2.8891212940216064,6.768828392028809,qmix,smacv2,protoss_5_vs_5,100,0.0
498000,248,2026-05-24T22:56:31.658159,5.585826396942139,1.5351446866989136,3.3514645099639893,10.179915428161621,qmix,smacv2,protoss_5_vs_5,100,0.05000000074505806
500000,249,2026-05-24T22:58:53.772787,4.539644718170166,1.086434006690979,3.0010461807250977,6.574267387390137,qmix,smacv2,protoss_5_vs_5,100,0.0
502000,250,2026-05-24T23:01:16.871378,5.314591884613037,2.248962640762329,2.3305439949035645,11.982217788696289,qmix,smacv2,protoss_5_vs_5,100,0.10000000149011612
504000,251,2026-05-24T23:03:35.875821,4.989958763122559,2.3450679779052734,1.9372384548187256,11.80753231048584,qmix,smacv2,protoss_5_vs_5,100,0.05000000074505806
506000,252,2026-05-24T23:05:50.930705,4.3677825927734375,1.20741605758667,2.2719664573669434,6.54079532623291,qmix,smacv2,protoss_5_vs_5,100,0.0
508000,253,2026-05-24T23:08:09.129234,4.943723678588867,1.5341978073120117,3.0251047611236572,9.456067085266113,qmix,smacv2,protoss_5_vs_5,100,0.0
510000,254,2026-05-24T23:10:27.747391,4.787029266357422,1.8268131017684937,2.359832763671875,10.20920467376709,qmix,smacv2,protoss_5_vs_5,100,0.10000000149011612
512000,255,2026-05-24T23:12:53.936706,5.007165431976318,1.862227201461792,2.7280335426330566,9.087865829467773,qmix,smacv2,protoss_5_vs_5,100,0.0
514000,256,2026-05-24T23:15:13.040300,5.7104082107543945,2.199282169342041,1.7887029647827148,11.799162864685059,qmix,smacv2,protoss_5_vs_5,100,0.10000000149011612
516000,257,2026-05-24T23:17:29.258059,4.560146331787109,1.3152508735656738,1.9079498052597046,6.903765678405762,qmix,smacv2,protoss_5_vs_5,100,0.0
518000,258,2026-05-24T23:19:46.119097,4.84393310546875,2.087824821472168,2.0606696605682373,10.292886734008789,qmix,smacv2,protoss_5_vs_5,100,0.10000000149011612
520000,259,2026-05-24T23:22:33.255941,4.470188617706299,1.7877826690673828,1.5460251569747925,9.64853572845459,qmix,smacv2,protoss_5_vs_5,100,0.0
522000,260,2026-05-24T23:24:53.707334,4.597384452819824,1.2253895998001099,2.6443512439727783,7.07112979888916,qmix,smacv2,protoss_5_vs_5,100,0.0
524000,261,2026-05-24T23:27:14.211496,5.484936714172363,1.8766942024230957,2.276150703430176,10.24267864227295,qmix,smacv2,protoss_5_vs_5,100,0.05000000074505806
526000,262,2026-05-24T23:29:38.280397,5.135355472564697,1.6544537544250488,3.170502185821533,10.209205627441406,qmix,smacv2,protoss_5_vs_5,100,0.05000000074505806
528000,263,2026-05-24T23:31:59.982224,5.265324592590332,1.7654179334640503,3.012552261352539,10.376568794250488,qmix,smacv2,protoss_5_vs_5,100,0.05000000074505806
530000,264,2026-05-24T23:34:22.851247,5.066056251525879,1.8791035413742065,2.6569037437438965,10.384937286376953,qmix,smacv2,protoss_5_vs_5,100,0.0
532000,265,2026-05-24T23:36:45.681367,4.9450836181640625,1.3317935466766357,2.753138303756714,8.008368492126465,qmix,smacv2,protoss_5_vs_5,100,0.0
534000,266,2026-05-24T23:39:08.769508,4.071600914001465,1.3280125856399536,2.1140167713165283,7.17887020111084,qmix,smacv2,protoss_5_vs_5,100,0.0
536000,267,2026-05-24T23:41:35.971228,4.780178070068359,1.6582863330841064,2.8786611557006836,10.283473014831543,qmix,smacv2,protoss_5_vs_5,100,0.05000000074505806
538000,268,2026-05-24T23:44:02.971552,5.167468547821045,1.7610838413238525,3.3023014068603516,10.352510452270508,qmix,smacv2,protoss_5_vs_5,100,0.05000000074505806
540000,269,2026-05-24T23:46:30.062088,5.3558573722839355,2.120185136795044,2.3504185676574707,10.217573165893555,qmix,smacv2,protoss_5_vs_5,100,0.10000000149011612
542000,270,2026-05-24T23:49:00.079376,4.470554828643799,1.5746428966522217,2.331589937210083,8.008368492126465,qmix,smacv2,protoss_5_vs_5,100,0.0
544000,271,2026-05-24T23:51:29.700747,5.044037342071533,1.697743535041809,2.647489547729492,9.941421508789062,qmix,smacv2,protoss_5_vs_5,100,0.0
546000,272,2026-05-24T23:54:00.358521,5.3666839599609375,1.612410545349121,3.2897486686706543,10.141214370727539,qmix,smacv2,protoss_5_vs_5,100,0.05000000074505806
548000,273,2026-05-24T23:56:31.381908,5.628714084625244,2.379936933517456,1.9163181781768799,10.376569747924805,qmix,smacv2,protoss_5_vs_5,100,0.15000000596046448
550000,274,2026-05-24T23:59:01.574344,5.714173793792725,2.20768666267395,2.5020923614501953,11.799163818359375,qmix,smacv2,protoss_5_vs_5,100,0.10000000149011612
552000,275,2026-05-25T00:01:32.067833,4.5721755027771,1.271236538887024,3.051255226135254,8.050209045410156,qmix,smacv2,protoss_5_vs_5,100,0.0
554000,276,2026-05-25T00:04:02.908058,5.006328582763672,1.6959642171859741,2.4508368968963623,10.133891105651855,qmix,smacv2,protoss_5_vs_5,100,0.05000000074505806
556000,277,2026-05-25T00:06:32.436055,5.203451633453369,1.8552435636520386,2.482217311859131,11.882844924926758,qmix,smacv2,protoss_5_vs_5,100,0.05000000074505806
558000,278,2026-05-25T00:09:04.246662,5.8846235275268555,2.034632682800293,2.767782211303711,11.013599395751953,qmix,smacv2,protoss_5_vs_5,100,0.05000000074505806
560000,279,2026-05-25T00:11:33.766843,4.691684722900391,1.52247154712677,2.484309673309326,8.284518241882324,qmix,smacv2,protoss_5_vs_5,100,0.0
562000,280,2026-05-25T00:14:03.317434,5.188441276550293,1.5839449167251587,3.0439329147338867,10.20920467376709,qmix,smacv2,protoss_5_vs_5,100,0.05000000074505806
564000,281,2026-05-25T00:16:31.343214,5.396862030029297,2.2867679595947266,3.1464433670043945,11.966526985168457,qmix,smacv2,protoss_5_vs_5,100,0.10000000149011612
566000,282,2026-05-25T00:18:58.640510,4.683733940124512,1.928574800491333,1.9330543279647827,10.050209999084473,qmix,smacv2,protoss_5_vs_5,100,0.05000000074505806
568000,283,2026-05-25T00:21:27.293546,5.03933048248291,1.2325119972229004,2.457113027572632,7.652719974517822,qmix,smacv2,protoss_5_vs_5,100,0.0
570000,284,2026-05-25T00:23:56.710187,5.299842357635498,1.616965889930725,2.953974723815918,9.261507034301758,qmix,smacv2,protoss_5_vs_5,100,0.0
572000,285,2026-05-25T00:26:24.383944,4.5554914474487305,1.5453977584838867,2.152719736099243,8.013598442077637,qmix,smacv2,protoss_5_vs_5,100,0.0
574000,286,2026-05-25T00:28:53.055624,4.86030387878418,1.8051854372024536,2.2510459423065186,10.167365074157715,qmix,smacv2,protoss_5_vs_5,100,0.05000000074505806
576000,287,2026-05-25T00:31:22.324513,5.003033638000488,2.0293450355529785,2.1129705905914307,10.209205627441406,qmix,smacv2,protoss_5_vs_5,100,0.05000000074505806
578000,288,2026-05-25T00:33:49.307275,4.421443462371826,1.5209803581237793,1.9246861934661865,8.535565376281738,qmix,smacv2,protoss_5_vs_5,100,0.05000000074505806
580000,289,2026-05-25T00:36:17.217440,4.753504276275635,1.597063660621643,1.6642259359359741,10.294978141784668,qmix,smacv2,protoss_5_vs_5,100,0.05000000074505806
582000,290,2026-05-25T00:38:45.340550,4.262133598327637,1.4111993312835693,1.640167474746704,8.17259407043457,qmix,smacv2,protoss_5_vs_5,100,0.0
584000,291,2026-05-25T00:41:14.169887,4.142730236053467,1.3937022686004639,2.411087989807129,7.332635402679443,qmix,smacv2,protoss_5_vs_5,100,0.0
586000,292,2026-05-25T00:43:41.351095,4.591683864593506,1.8419870138168335,1.673640489578247,9.59832763671875,qmix,smacv2,protoss_5_vs_5,100,0.0
588000,293,2026-05-25T00:46:10.285438,5.617363929748535,2.248521327972412,2.581589937210083,10.40481185913086,qmix,smacv2,protoss_5_vs_5,100,0.10000000149011612
590000,294,2026-05-25T00:48:38.473104,6.024320602416992,2.3983919620513916,3.171548366546631,11.882844924926758,qmix,smacv2,protoss_5_vs_5,100,0.20000000298023224
592000,295,2026-05-25T00:51:06.612865,5.4493207931518555,2.037382125854492,1.8504184484481812,10.486401557922363,qmix,smacv2,protoss_5_vs_5,100,0.10000000149011612
594000,296,2026-05-25T00:53:34.911716,4.882688045501709,1.3582779169082642,2.415271759033203,8.092050552368164,qmix,smacv2,protoss_5_vs_5,100,0.0
596000,297,2026-05-25T00:56:00.866445,5.092677593231201,1.900512456893921,1.5167362689971924,8.527196884155273,qmix,smacv2,protoss_5_vs_5,100,0.05000000074505806
598000,298,2026-05-25T00:58:27.815694,4.983942985534668,1.268128514289856,3.069037675857544,7.506276607513428,qmix,smacv2,protoss_5_vs_5,100,0.0
600000,299,2026-05-25T01:00:55.893432,5.063963890075684,2.1344571113586426,2.0062761306762695,9.75732135772705,qmix,smacv2,protoss_5_vs_5,100,0.0
602000,300,2026-05-25T01:03:22.623498,5.221756935119629,1.826033592224121,2.792886734008789,10.376568794250488,qmix,smacv2,protoss_5_vs_5,100,0.05000000074505806
604000,301,2026-05-25T01:05:48.209338,4.111611366271973,1.0485211610794067,1.9382845163345337,5.801255702972412,qmix,smacv2,protoss_5_vs_5,100,0.0
606000,302,2026-05-25T01:08:14.437822,4.744194507598877,1.674420952796936,2.635983467102051,7.941422939300537,qmix,smacv2,protoss_5_vs_5,100,0.0
608000,303,2026-05-25T01:10:39.438826,4.846286773681641,1.9583382606506348,2.502091884613037,8.6893310546875,qmix,smacv2,protoss_5_vs_5,100,0.0
610000,304,2026-05-25T01:13:03.990258,4.784623622894287,1.5082714557647705,1.8922595977783203,8.12552261352539,qmix,smacv2,protoss_5_vs_5,100,0.0
612000,305,2026-05-25T01:15:26.021942,4.837028980255127,1.8172448873519897,2.198744773864746,10.309624671936035,qmix,smacv2,protoss_5_vs_5,100,0.05000000074505806
614000,306,2026-05-25T01:17:46.991138,4.560722351074219,1.258089303970337,2.0857739448547363,6.410041809082031,qmix,smacv2,protoss_5_vs_5,100,0.0
616000,307,2026-05-25T01:20:08.603657,4.663388729095459,1.1079045534133911,3.0041842460632324,6.9142255783081055,qmix,smacv2,protoss_5_vs_5,100,0.0
618000,308,2026-05-25T01:22:35.797075,4.872332572937012,1.429083228111267,2.3786611557006836,8.608786582946777,qmix,smacv2,protoss_5_vs_5,100,0.0
620000,309,2026-05-25T01:24:58.890970,5.401307582855225,1.9524623155593872,2.615062952041626,11.799163818359375,qmix,smacv2,protoss_5_vs_5,100,0.05000000074505806
622000,310,2026-05-25T01:27:17.692548,4.4241108894348145,1.5979958772659302,2.627614974975586,10.217573165893555,qmix,smacv2,protoss_5_vs_5,100,0.05000000074505806
624000,311,2026-05-25T01:29:37.953756,4.878974437713623,1.7209529876708984,1.953974723815918,8.70292854309082,qmix,smacv2,protoss_5_vs_5,100,0.05000000074505806
626000,312,2026-05-25T01:31:57.541424,4.8612446784973145,1.4232957363128662,2.8410041332244873,8.0836820602417,qmix,smacv2,protoss_5_vs_5,100,0.0
628000,313,2026-05-25T01:34:14.650709,4.9630231857299805,2.05564546585083,2.2259416580200195,10.376568794250488,qmix,smacv2,protoss_5_vs_5,100,0.05000000074505806
630000,314,2026-05-25T01:36:33.585991,4.481067180633545,1.3508838415145874,2.650627613067627,8.058577537536621,qmix,smacv2,protoss_5_vs_5,100,0.0
632000,315,2026-05-25T01:38:51.521033,4.978504180908203,1.7859091758728027,1.8075315952301025,9.161087036132812,qmix,smacv2,protoss_5_vs_5,100,0.0
634000,316,2026-05-25T01:41:09.318610,4.462447166442871,1.5582854747772217,1.6453975439071655,8.41840934753418,qmix,smacv2,protoss_5_vs_5,100,0.0
636000,317,2026-05-25T01:43:27.677274,5.16433048248291,1.7429721355438232,1.3441423177719116,8.117155075073242,qmix,smacv2,protoss_5_vs_5,100,0.0
638000,318,2026-05-25T01:45:45.882318,4.096391201019287,1.3027485609054565,1.9675734043121338,6.433053493499756,qmix,smacv2,protoss_5_vs_5,100,0.0
640000,319,2026-05-25T01:48:03.252544,5.032217502593994,1.256406307220459,1.7740585803985596,7.188284873962402,qmix,smacv2,protoss_5_vs_5,100,0.0
642000,320,2026-05-25T01:50:22.907392,5.285355567932129,1.6563981771469116,2.870293140411377,8.490586280822754,qmix,smacv2,protoss_5_vs_5,100,0.0
644000,321,2026-05-25T01:52:40.913244,5.0910563468933105,1.4999840259552002,2.6108784675598145,8.376569747924805,qmix,smacv2,protoss_5_vs_5,100,0.0
646000,322,2026-05-25T01:54:59.529482,4.931433200836182,1.756900668144226,2.7562761306762695,9.062761306762695,qmix,smacv2,protoss_5_vs_5,100,0.0
648000,323,2026-05-25T01:57:17.438181,5.221862316131592,2.1780788898468018,2.502092123031616,10.376569747924805,qmix,smacv2,protoss_5_vs_5,100,0.05000000074505806
650000,324,2026-05-25T01:59:34.897969,4.764487266540527,1.4770296812057495,2.5857739448547363,8.359832763671875,qmix,smacv2,protoss_5_vs_5,100,0.0
652000,325,2026-05-25T02:01:55.008828,4.754288673400879,1.6174321174621582,1.941422700881958,8.451882362365723,qmix,smacv2,protoss_5_vs_5,100,0.05000000074505806
654000,326,2026-05-25T02:04:14.309025,4.448639869689941,1.5775216817855835,2.0596234798431396,8.391213417053223,qmix,smacv2,protoss_5_vs_5,100,0.0
656000,327,2026-05-25T02:06:37.283928,4.706275939941406,1.370425820350647,1.912133812904358,7.152719020843506,qmix,smacv2,protoss_5_vs_5,100,0.0
658000,328,2026-05-25T02:09:02.232528,5.017730236053467,2.0114176273345947,1.766736626625061,11.882844924926758,qmix,smacv2,protoss_5_vs_5,100,0.05000000074505806
660000,329,2026-05-25T02:11:27.642680,4.428974628448486,1.4396175146102905,2.226987600326538,7.448744297027588,qmix,smacv2,protoss_5_vs_5,100,0.0
662000,330,2026-05-25T02:13:55.255290,4.858002185821533,1.465032696723938,2.505230188369751,7.949790954589844,qmix,smacv2,protoss_5_vs_5,100,0.0
664000,331,2026-05-25T02:16:25.686603,5.672176361083984,2.556243419647217,1.8974895477294922,11.799163818359375,qmix,smacv2,protoss_5_vs_5,100,0.10000000149011612
666000,332,2026-05-25T02:18:55.809948,5.0294976234436035,1.4576442241668701,2.8629708290100098,9.673640251159668,qmix,smacv2,protoss_5_vs_5,100,0.0
668000,333,2026-05-25T02:21:25.633411,4.317416191101074,1.2780709266662598,2.3661088943481445,7.414226531982422,qmix,smacv2,protoss_5_vs_5,100,0.0
670000,334,2026-05-25T02:23:59.423737,4.781067371368408,1.486854910850525,2.778242826461792,8.20920467376709,qmix,smacv2,protoss_5_vs_5,100,0.0
672000,335,2026-05-25T02:26:32.462201,5.067939281463623,1.7285374402999878,3.2112972736358643,10.125523567199707,qmix,smacv2,protoss_5_vs_5,100,0.05000000074505806
674000,336,2026-05-25T02:29:03.748129,4.902615547180176,1.8937304019927979,2.3514645099639893,10.20920467376709,qmix,smacv2,protoss_5_vs_5,100,0.05000000074505806
676000,337,2026-05-25T02:31:38.248647,5.273797035217285,1.9293508529663086,3.102510452270508,10.20920467376709,qmix,smacv2,protoss_5_vs_5,100,0.05000000074505806
678000,338,2026-05-25T02:34:11.382849,5.661453723907471,2.4184422492980957,3.33891224861145,15.062761306762695,qmix,smacv2,protoss_5_vs_5,100,0.05000000074505806
680000,339,2026-05-25T02:36:44.698106,5.697699546813965,1.9714661836624146,2.4299163818359375,11.71548080444336,qmix,smacv2,protoss_5_vs_5,100,0.05000000074505806
682000,340,2026-05-25T02:39:20.509895,5.009466648101807,2.341693639755249,2.020920515060425,10.209205627441406,qmix,smacv2,protoss_5_vs_5,100,0.05000000074505806
684000,341,2026-05-25T02:41:55.445613,5.36783504486084,2.125843048095703,2.9780333042144775,10.6893310546875,qmix,smacv2,protoss_5_vs_5,100,0.10000000149011612
686000,342,2026-05-25T02:44:30.216725,4.9748430252075195,2.0993432998657227,2.6746861934661865,11.966526985168457,qmix,smacv2,protoss_5_vs_5,100,0.05000000074505806
688000,343,2026-05-25T02:47:03.487999,4.597228050231934,1.6001174449920654,2.451882839202881,8.619246482849121,qmix,smacv2,protoss_5_vs_5,100,0.05000000074505806
690000,344,2026-05-25T02:49:36.735396,5.517520427703857,1.947595477104187,3.2228035926818848,10.426777839660645,qmix,smacv2,protoss_5_vs_5,100,0.10000000149011612
692000,345,2026-05-25T02:52:07.658812,5.463859558105469,2.219036340713501,2.2845189571380615,9.983263969421387,qmix,smacv2,protoss_5_vs_5,100,0.0
694000,346,2026-05-25T02:54:38.414121,4.968880653381348,0.8820222616195679,3.5449790954589844,6.7594146728515625,qmix,smacv2,protoss_5_vs_5,100,0.0
696000,347,2026-05-25T02:57:06.488565,5.1961822509765625,1.9065024852752686,2.64853572845459,10.20920467376709,qmix,smacv2,protoss_5_vs_5,100,0.05000000074505806
698000,348,2026-05-25T02:59:32.601501,4.344665050506592,1.2525429725646973,2.6359832286834717,7.5732221603393555,qmix,smacv2,protoss_5_vs_5,100,0.0
700000,349,2026-05-25T03:02:01.542082,5.556118965148926,2.5105040073394775,2.7740588188171387,11.882844924926758,qmix,smacv2,protoss_5_vs_5,100,0.05000000074505806
702000,350,2026-05-25T03:04:28.619928,4.632113456726074,1.2885551452636719,1.9163181781768799,6.987448215484619,qmix,smacv2,protoss_5_vs_5,100,0.0
704000,351,2026-05-25T03:06:56.455016,5.733891487121582,2.3887128829956055,3.135983467102051,11.966527938842773,qmix,smacv2,protoss_5_vs_5,100,0.10000000149011612
706000,352,2026-05-25T03:09:24.425507,4.687343120574951,1.6352099180221558,1.4456067085266113,8.70292854309082,qmix,smacv2,protoss_5_vs_5,100,0.05000000074505806
708000,353,2026-05-25T03:11:52.814066,5.390219688415527,2.0001509189605713,2.2845187187194824,9.196653366088867,qmix,smacv2,protoss_5_vs_5,100,0.0
710000,354,2026-05-25T03:14:22.566550,4.747541904449463,1.225885033607483,3.0146443843841553,7.3232221603393555,qmix,smacv2,protoss_5_vs_5,100,0.0
712000,355,2026-05-25T03:16:49.514213,5.368566513061523,1.5780311822891235,2.7468619346618652,8.860877990722656,qmix,smacv2,protoss_5_vs_5,100,0.0
714000,356,2026-05-25T03:19:18.319046,4.867259502410889,1.5720516443252563,2.1255228519439697,8.108786582946777,qmix,smacv2,protoss_5_vs_5,100,0.0
716000,357,2026-05-25T03:21:45.433223,4.750471115112305,1.5783603191375732,1.8828452825546265,7.866109371185303,qmix,smacv2,protoss_5_vs_5,100,0.0
718000,358,2026-05-25T03:24:16.916680,5.41464376449585,2.0209105014801025,3.3640167713165283,10.358785629272461,qmix,smacv2,protoss_5_vs_5,100,0.10000000149011612
720000,359,2026-05-25T03:26:48.164226,5.332688331604004,1.6986510753631592,2.3870291709899902,9.355648040771484,qmix,smacv2,protoss_5_vs_5,100,0.0
722000,360,2026-05-25T03:29:23.614419,5.438388824462891,1.8873295783996582,2.594142198562622,9.687238693237305,qmix,smacv2,protoss_5_vs_5,100,0.0
724000,361,2026-05-25T03:32:03.990783,4.409884929656982,2.1320958137512207,0.0,11.906903266906738,qmix,smacv2,protoss_5_vs_5,100,0.05000000074505806
726000,362,2026-05-25T03:34:40.472362,4.260931015014648,1.399587869644165,2.41631817817688,8.796025276184082,qmix,smacv2,protoss_5_vs_5,100,0.05000000074505806
728000,363,2026-05-25T03:37:21.224346,5.441840648651123,1.382368564605713,2.3399581909179688,7.974895477294922,qmix,smacv2,protoss_5_vs_5,100,0.0
730000,364,2026-05-25T03:40:00.326703,4.88253116607666,1.727412462234497,1.796025037765503,8.167364120483398,qmix,smacv2,protoss_5_vs_5,100,0.0
732000,365,2026-05-25T03:42:40.206216,4.94612979888916,1.7141913175582886,2.4351465702056885,8.460250854492188,qmix,smacv2,protoss_5_vs_5,100,0.0
734000,366,2026-05-25T03:45:19.617170,4.8698225021362305,2.0842461585998535,2.0857739448547363,11.966526985168457,qmix,smacv2,protoss_5_vs_5,100,0.05000000074505806
736000,367,2026-05-25T03:48:00.572997,4.444351673126221,1.566041350364685,2.1391215324401855,8.041840553283691,qmix,smacv2,protoss_5_vs_5,100,0.0
738000,368,2026-05-25T03:50:40.325050,5.298849582672119,1.9161633253097534,3.0031380653381348,10.376569747924805,qmix,smacv2,protoss_5_vs_5,100,0.15000000596046448
740000,369,2026-05-25T03:53:20.278101,5.483054161071777,1.2493679523468018,3.5930962562561035,8.242677688598633,qmix,smacv2,protoss_5_vs_5,100,0.0
742000,370,2026-05-25T03:56:00.153580,4.952353477478027,1.3967772722244263,2.9623429775238037,7.7740583419799805,qmix,smacv2,protoss_5_vs_5,100,0.0
744000,371,2026-05-25T03:58:40.831867,5.178555965423584,1.3594868183135986,2.2154812812805176,8.372385025024414,qmix,smacv2,protoss_5_vs_5,100,0.0
746000,372,2026-05-25T04:01:22.077341,4.667259216308594,1.2976477146148682,2.384937047958374,7.832635402679443,qmix,smacv2,protoss_5_vs_5,100,0.0
748000,373,2026-05-25T04:04:04.717642,4.973692893981934,1.6561195850372314,2.158996105194092,7.925732612609863,qmix,smacv2,protoss_5_vs_5,100,0.0
750000,374,2026-05-25T04:06:45.324239,4.535773754119873,1.4558025598526,2.092050313949585,8.015689849853516,qmix,smacv2,protoss_5_vs_5,100,0.0
752000,375,2026-05-25T04:09:24.345216,5.270293235778809,1.7538479566574097,2.7364017963409424,10.147489547729492,qmix,smacv2,protoss_5_vs_5,100,0.05000000074505806
754000,376,2026-05-25T04:12:03.479744,4.634047985076904,0.9938051700592041,2.6945605278015137,6.466526985168457,qmix,smacv2,protoss_5_vs_5,100,0.0
756000,377,2026-05-25T04:14:41.334593,5.116998195648193,1.3399759531021118,2.9654815196990967,8.177824020385742,qmix,smacv2,protoss_5_vs_5,100,0.0
758000,378,2026-05-25T04:17:15.238007,5.849634647369385,1.5287920236587524,3.6087868213653564,8.786611557006836,qmix,smacv2,protoss_5_vs_5,100,0.10000000149011612
760000,379,2026-05-25T04:19:50.024245,4.774111270904541,1.5085055828094482,3.3451881408691406,9.765689849853516,qmix,smacv2,protoss_5_vs_5,100,0.0
762000,380,2026-05-25T04:22:23.146906,4.702249050140381,1.8882226943969727,2.9372382164001465,11.824268341064453,qmix,smacv2,protoss_5_vs_5,100,0.05000000074505806
764000,381,2026-05-25T04:24:56.441388,5.240533351898193,1.7487105131149292,3.280334949493408,10.209205627441406,qmix,smacv2,protoss_5_vs_5,100,0.10000000149011612
766000,382,2026-05-25T04:27:28.047134,5.164853572845459,1.6836662292480469,2.471757411956787,8.979079246520996,qmix,smacv2,protoss_5_vs_5,100,0.0
768000,383,2026-05-25T04:29:58.283412,5.500156402587891,1.9274014234542847,3.07112979888916,10.041840553283691,qmix,smacv2,protoss_5_vs_5,100,0.05000000074505806
770000,384,2026-05-25T04:32:23.156523,5.07740592956543,1.251941442489624,3.0700838565826416,7.347280979156494,qmix,smacv2,protoss_5_vs_5,100,0.0
772000,385,2026-05-25T04:34:44.762323,4.90753173828125,1.2984960079193115,2.2008368968963623,6.661088466644287,qmix,smacv2,protoss_5_vs_5,100,0.0
774000,386,2026-05-25T04:37:07.503723,5.2968621253967285,1.0902906656265259,3.6087868213653564,8.251046180725098,qmix,smacv2,protoss_5_vs_5,100,0.0
776000,387,2026-05-25T04:39:32.140320,4.4366631507873535,1.9758254289627075,2.6778242588043213,11.832636833190918,qmix,smacv2,protoss_5_vs_5,100,0.05000000074505806
778000,388,2026-05-25T04:41:56.049556,5.0751566886901855,2.140267848968506,2.6108787059783936,11.966526985168457,qmix,smacv2,protoss_5_vs_5,100,0.05000000074505806
780000,389,2026-05-25T04:44:46.658103,5.253817558288574,1.393166422843933,2.6778242588043213,8.192468643188477,qmix,smacv2,protoss_5_vs_5,100,0.0
782000,390,2026-05-25T04:47:13.030104,5.646548271179199,2.3349833488464355,1.9884936809539795,10.292887687683105,qmix,smacv2,protoss_5_vs_5,100,0.15000000596046448
784000,391,2026-05-25T04:49:39.274198,4.964853763580322,1.2683578729629517,3.3640170097351074,8.70292854309082,qmix,smacv2,protoss_5_vs_5,100,0.05000000074505806
786000,392,2026-05-25T04:52:07.437468,5.183682441711426,1.1191414594650269,2.9916319847106934,8.62552261352539,qmix,smacv2,protoss_5_vs_5,100,0.0
788000,393,2026-05-25T04:54:30.471304,5.395083427429199,2.0163774490356445,2.744770050048828,11.974894523620605,qmix,smacv2,protoss_5_vs_5,100,0.05000000074505806
790000,394,2026-05-25T04:56:55.029943,4.896600246429443,1.7899802923202515,2.6464433670043945,10.376568794250488,qmix,smacv2,protoss_5_vs_5,100,0.05000000074505806
792000,395,2026-05-25T04:59:20.786482,4.9611921310424805,1.2267348766326904,2.76778244972229,7.196652412414551,qmix,smacv2,protoss_5_vs_5,100,0.0
794000,396,2026-05-25T05:01:46.036216,5.047856330871582,1.1062941551208496,2.902719736099243,7.811715602874756,qmix,smacv2,protoss_5_vs_5,100,0.0
796000,397,2026-05-25T05:04:09.717029,5.019247055053711,1.7802133560180664,3.0627615451812744,11.799163818359375,qmix,smacv2,protoss_5_vs_5,100,0.05000000074505806
798000,398,2026-05-25T05:06:37.560412,4.910146236419678,1.978370189666748,2.1087865829467773,9.364015579223633,qmix,smacv2,protoss_5_vs_5,100,0.0
800000,399,2026-05-25T05:09:05.643515,4.455857753753662,1.8611843585968018,1.7520920038223267,10.125523567199707,qmix,smacv2,protoss_5_vs_5,100,0.05000000074505806
802000,400,2026-05-25T05:11:34.260360,4.7420501708984375,1.4171838760375977,2.456066608428955,7.623431205749512,qmix,smacv2,protoss_5_vs_5,100,0.0
804000,401,2026-05-25T05:14:03.815336,4.571234226226807,1.5140098333358765,1.941422700881958,8.292887687683105,qmix,smacv2,protoss_5_vs_5,100,0.0
806000,402,2026-05-25T05:16:34.053147,4.619142532348633,1.4635298252105713,2.234309673309326,7.581589698791504,qmix,smacv2,protoss_5_vs_5,100,0.0
808000,403,2026-05-25T05:19:06.182618,4.14550256729126,1.4615286588668823,1.73221755027771,6.953974723815918,qmix,smacv2,protoss_5_vs_5,100,0.0
810000,404,2026-05-25T05:21:38.390626,4.265533447265625,1.3701554536819458,2.058577299118042,6.635983467102051,qmix,smacv2,protoss_5_vs_5,100,0.0
812000,405,2026-05-25T05:24:12.330463,5.222175121307373,1.8480329513549805,2.384937047958374,10.485355377197266,qmix,smacv2,protoss_5_vs_5,100,0.05000000074505806
814000,406,2026-05-25T05:26:44.200269,4.419299125671387,1.2084749937057495,2.693514823913574,6.920502662658691,qmix,smacv2,protoss_5_vs_5,100,0.0
816000,407,2026-05-25T05:29:15.818403,4.801830291748047,2.342390298843384,2.2792887687683105,10.305438995361328,qmix,smacv2,protoss_5_vs_5,100,0.05000000074505806
818000,408,2026-05-25T05:31:47.990457,5.464382648468018,1.5705052614212036,3.5449790954589844,10.332636833190918,qmix,smacv2,protoss_5_vs_5,100,0.05000000074505806
820000,409,2026-05-25T05:34:19.967946,5.1656904220581055,1.6733115911483765,2.507322311401367,8.819037437438965,qmix,smacv2,protoss_5_vs_5,100,0.05000000074505806
822000,410,2026-05-25T05:36:50.524727,4.83530330657959,1.227754831314087,2.7531378269195557,7.1945600509643555,qmix,smacv2,protoss_5_vs_5,100,0.0
824000,411,2026-05-25T05:39:21.123315,4.577301025390625,1.6177327632904053,1.6987450122833252,8.0230131149292,qmix,smacv2,protoss_5_vs_5,100,0.0
826000,412,2026-05-25T05:41:50.553173,4.832949638366699,1.9480695724487305,2.6443514823913574,10.125523567199707,qmix,smacv2,protoss_5_vs_5,100,0.10000000149011612
828000,413,2026-05-25T05:44:20.351224,4.686767578125,1.799092173576355,1.9895397424697876,8.292886734008789,qmix,smacv2,protoss_5_vs_5,100,0.0
830000,414,2026-05-25T05:46:54.050174,4.907479763031006,1.6557046175003052,1.9696651697158813,8.418410301208496,qmix,smacv2,protoss_5_vs_5,100,0.0
832000,415,2026-05-25T05:49:21.287947,5.30763578414917,2.3431355953216553,2.7939329147338867,11.882844924926758,qmix,smacv2,protoss_5_vs_5,100,0.10000000149011612
834000,416,2026-05-25T05:51:50.136146,4.45350456237793,1.5206053256988525,1.622384786605835,7.765689849853516,qmix,smacv2,protoss_5_vs_5,100,0.0
836000,417,2026-05-25T05:54:18.600049,5.120659351348877,2.094172954559326,2.5857739448547363,11.71548080444336,qmix,smacv2,protoss_5_vs_5,100,0.05000000074505806
838000,418,2026-05-25T05:56:45.926571,5.836297035217285,2.3050708770751953,2.9121341705322266,11.799163818359375,qmix,smacv2,protoss_5_vs_5,100,0.15000000596046448
840000,419,2026-05-25T05:59:11.340219,4.866997718811035,1.7215898036956787,2.3430962562561035,8.150627136230469,qmix,smacv2,protoss_5_vs_5,100,0.0
842000,420,2026-05-25T06:01:40.061086,4.968985557556152,2.0762033462524414,2.115062713623047,10.20920467376709,qmix,smacv2,protoss_5_vs_5,100,0.05000000074505806
844000,421,2026-05-25T06:04:10.204547,5.987866401672363,2.235154390335083,2.8765687942504883,10.308577537536621,qmix,smacv2,protoss_5_vs_5,100,0.15000000596046448
846000,422,2026-05-25T06:06:39.940313,5.493253231048584,2.182569742202759,2.634937286376953,13.556485176086426,qmix,smacv2,protoss_5_vs_5,100,0.05000000074505806
848000,423,2026-05-25T06:09:09.688226,4.948797225952148,2.082153081893921,2.7186193466186523,11.882844924926758,qmix,smacv2,protoss_5_vs_5,100,0.05000000074505806
850000,424,2026-05-25T06:11:41.339919,5.060198783874512,1.570241928100586,1.941422700881958,8.28451919555664,qmix,smacv2,protoss_5_vs_5,100,0.0
852000,425,2026-05-25T06:14:11.309465,4.624058723449707,1.46451997756958,2.7688283920288086,8.058576583862305,qmix,smacv2,protoss_5_vs_5,100,0.0
854000,426,2026-05-25T06:16:39.588978,4.893620014190674,1.2773737907409668,2.7771966457366943,8.410041809082031,qmix,smacv2,protoss_5_vs_5,100,0.0
856000,427,2026-05-25T06:19:09.490668,5.041004180908203,2.0506696701049805,1.9403765201568604,10.041840553283691,qmix,smacv2,protoss_5_vs_5,100,0.05000000074505806
858000,428,2026-05-25T06:21:37.693485,4.158316135406494,1.0131680965423584,2.7698745727539062,6.610878944396973,qmix,smacv2,protoss_5_vs_5,100,0.0
860000,429,2026-05-25T06:24:11.234502,5.269247055053711,1.5690743923187256,2.0083682537078857,8.376568794250488,qmix,smacv2,protoss_5_vs_5,100,0.0
862000,430,2026-05-25T06:26:45.098271,5.644194602966309,2.138593912124634,3.023012638092041,11.966526985168457,qmix,smacv2,protoss_5_vs_5,100,0.10000000149011612
864000,431,2026-05-25T06:29:18.813676,4.592364311218262,1.2836899757385254,2.9121339321136475,7.637030124664307,qmix,smacv2,protoss_5_vs_5,100,0.0
866000,432,2026-05-25T06:31:51.886084,5.255125999450684,1.9234614372253418,3.1872382164001465,11.799162864685059,qmix,smacv2,protoss_5_vs_5,100,0.05000000074505806
868000,433,2026-05-25T06:34:26.191162,5.783786773681641,1.799644947052002,3.461296796798706,8.702929496765137,qmix,smacv2,protoss_5_vs_5,100,0.10000000149011612
870000,434,2026-05-25T06:36:59.007788,4.558420658111572,1.309798240661621,1.952928900718689,6.714434623718262,qmix,smacv2,protoss_5_vs_5,100,0.0
872000,435,2026-05-25T06:39:33.811135,5.082845687866211,1.9018681049346924,2.0721757411956787,8.309622764587402,qmix,smacv2,protoss_5_vs_5,100,0.0
874000,436,2026-05-25T06:42:06.491941,4.549110412597656,1.2681831121444702,2.923640251159668,7.731171607971191,qmix,smacv2,protoss_5_vs_5,100,0.0
876000,437,2026-05-25T06:44:43.297396,5.6190900802612305,1.65548837184906,2.5826363563537598,9.430963516235352,qmix,smacv2,protoss_5_vs_5,100,0.0
878000,438,2026-05-25T06:47:16.804880,5.3173112869262695,1.363311767578125,3.480125904083252,8.711297988891602,qmix,smacv2,protoss_5_vs_5,100,0.05000000074505806
880000,439,2026-05-25T06:49:49.736337,4.782897472381592,1.709978699684143,2.686192512512207,10.565899848937988,qmix,smacv2,protoss_5_vs_5,100,0.05000000074505806
882000,440,2026-05-25T06:52:21.051187,4.958472728729248,1.8469873666763306,2.3179917335510254,10.12552261352539,qmix,smacv2,protoss_5_vs_5,100,0.05000000074505806
884000,441,2026-05-25T06:54:50.042929,5.0925211906433105,2.175619602203369,2.23744797706604,11.966527938842773,qmix,smacv2,protoss_5_vs_5,100,0.05000000074505806
886000,442,2026-05-25T06:57:18.973426,5.486349582672119,2.1546473503112793,2.572175979614258,11.914226531982422,qmix,smacv2,protoss_5_vs_5,100,0.10000000149011612
888000,443,2026-05-25T06:59:46.407034,5.388755798339844,1.6768499612808228,2.744769811630249,10.376569747924805,qmix,smacv2,protoss_5_vs_5,100,0.05000000074505806
890000,444,2026-05-25T07:02:14.470836,4.736140251159668,1.375091552734375,2.1066946983337402,7.160041809082031,qmix,smacv2,protoss_5_vs_5,100,0.0
892000,445,2026-05-25T07:04:42.311877,4.833995819091797,1.5013200044631958,2.838912010192871,8.20920467376709,qmix,smacv2,protoss_5_vs_5,100,0.0
894000,446,2026-05-25T07:07:08.495960,5.213598251342773,2.0218312740325928,2.5439329147338867,9.983263969421387,qmix,smacv2,protoss_5_vs_5,100,0.0
896000,447,2026-05-25T07:09:35.172384,5.172280311584473,1.4580103158950806,2.897489547729492,9.824267387390137,qmix,smacv2,protoss_5_vs_5,100,0.0
898000,448,2026-05-25T07:12:03.768576,4.691527366638184,1.2651479244232178,2.951882839202881,8.52719783782959,qmix,smacv2,protoss_5_vs_5,100,0.0
900000,449,2026-05-25T07:14:30.100362,5.286401271820068,2.425689458847046,2.083682060241699,10.38493824005127,qmix,smacv2,protoss_5_vs_5,100,0.15000000596046448
902000,450,2026-05-25T07:16:58.076480,5.136506080627441,1.988330602645874,2.918409824371338,10.12552261352539,qmix,smacv2,protoss_5_vs_5,100,0.10000000149011612
904000,451,2026-05-25T07:19:26.547438,4.542834758758545,1.6277881860733032,2.0324268341064453,10.20920467376709,qmix,smacv2,protoss_5_vs_5,100,0.05000000074505806
906000,452,2026-05-25T07:21:53.598924,5.112709045410156,1.760537028312683,2.6265692710876465,10.041841506958008,qmix,smacv2,protoss_5_vs_5,100,0.10000000149011612
908000,453,2026-05-25T07:24:23.597306,5.404968738555908,1.2378582954406738,3.3232219219207764,8.776150703430176,qmix,smacv2,protoss_5_vs_5,100,0.0
910000,454,2026-05-25T07:26:54.472194,5.40156888961792,1.9353348016738892,2.8430962562561035,11.882845878601074,qmix,smacv2,protoss_5_vs_5,100,0.05000000074505806
912000,455,2026-05-25T07:29:27.307615,4.359832286834717,1.5810774564743042,2.329497814178467,8.619246482849121,qmix,smacv2,protoss_5_vs_5,100,0.05000000074505806
914000,456,2026-05-25T07:32:02.586057,4.6675214767456055,1.4594824314117432,1.7771966457366943,8.150627136230469,qmix,smacv2,protoss_5_vs_5,100,0.0
916000,457,2026-05-25T07:34:40.939610,5.262447834014893,2.064748525619507,2.354602575302124,10.209205627441406,qmix,smacv2,protoss_5_vs_5,100,0.10000000149011612
918000,458,2026-05-25T07:37:20.014095,4.859205722808838,1.5657343864440918,2.361924648284912,8.14225959777832,qmix,smacv2,protoss_5_vs_5,100,0.0
920000,459,2026-05-25T07:40:04.967586,5.486506462097168,1.700384497642517,2.8284523487091064,8.895398139953613,qmix,smacv2,protoss_5_vs_5,100,0.05000000074505806
922000,460,2026-05-25T07:42:47.987105,5.08713436126709,1.487248182296753,2.8661086559295654,8.348325729370117,qmix,smacv2,protoss_5_vs_5,100,0.0
924000,461,2026-05-25T07:45:32.159717,5.138023376464844,1.5858943462371826,3.2384936809539795,10.209205627441406,qmix,smacv2,protoss_5_vs_5,100,0.05000000074505806
926000,462,2026-05-25T07:48:13.534269,3.9010977745056152,1.2406890392303467,1.8702930212020874,6.241631507873535,qmix,smacv2,protoss_5_vs_5,100,0.0
928000,463,2026-05-25T07:50:53.797699,4.460930824279785,1.654969334602356,2.0753138065338135,7.974895477294922,qmix,smacv2,protoss_5_vs_5,100,0.0
930000,464,2026-05-25T07:53:35.392146,5.208263397216797,1.6432278156280518,3.3807530403137207,10.12552261352539,qmix,smacv2,protoss_5_vs_5,100,0.05000000074505806
932000,465,2026-05-25T07:56:18.123188,5.281067371368408,1.9909168481826782,3.138075351715088,11.455020904541016,qmix,smacv2,protoss_5_vs_5,100,0.0
934000,466,2026-05-25T07:59:03.998294,4.710721969604492,1.2119122743606567,3.1715478897094727,6.970711708068848,qmix,smacv2,protoss_5_vs_5,100,0.0
936000,467,2026-05-25T08:01:44.506392,5.053347110748291,2.251376152038574,2.4351465702056885,11.799162864685059,qmix,smacv2,protoss_5_vs_5,100,0.10000000149011612
938000,468,2026-05-25T08:04:23.088655,4.74503231048584,1.73276948928833,2.0324268341064453,8.983263969421387,qmix,smacv2,protoss_5_vs_5,100,0.0
940000,469,2026-05-25T08:07:03.271902,4.780701637268066,1.6862258911132812,1.8912134170532227,8.15899658203125,qmix,smacv2,protoss_5_vs_5,100,0.0
942000,470,2026-05-25T08:09:41.212192,4.848326683044434,1.706003189086914,2.423640251159668,10.20920467376709,qmix,smacv2,protoss_5_vs_5,100,0.05000000074505806
944000,471,2026-05-25T08:12:17.825674,3.861401319503784,1.0372437238693237,1.8284518718719482,5.489540100097656,qmix,smacv2,protoss_5_vs_5,100,0.0
946000,472,2026-05-25T08:14:56.417992,5.357583999633789,1.4677960872650146,2.907949924468994,7.472803592681885,qmix,smacv2,protoss_5_vs_5,100,0.0
948000,473,2026-05-25T08:17:32.292538,4.627039909362793,0.9884024262428284,2.7698745727539062,6.585773468017578,qmix,smacv2,protoss_5_vs_5,100,0.0
950000,474,2026-05-25T08:20:08.499190,3.923274517059326,1.3320006132125854,1.7468620538711548,6.762552738189697,qmix,smacv2,protoss_5_vs_5,100,0.0
952000,475,2026-05-25T08:22:42.526455,5.045815944671631,1.5327790975570679,2.058577299118042,8.018828392028809,qmix,smacv2,protoss_5_vs_5,100,0.0
954000,476,2026-05-25T08:25:16.958949,5.151255130767822,1.9084057807922363,2.1600418090820312,8.645398139953613,qmix,smacv2,protoss_5_vs_5,100,0.0
956000,477,2026-05-25T08:27:49.731278,5.00486421585083,1.6063748598098755,2.3054394721984863,9.878661155700684,qmix,smacv2,protoss_5_vs_5,100,0.0
958000,478,2026-05-25T08:30:21.729741,5.353922367095947,2.4684295654296875,2.0648536682128906,10.91213321685791,qmix,smacv2,protoss_5_vs_5,100,0.0
960000,479,2026-05-25T08:32:51.815200,4.477249622344971,2.25396466255188,2.0753135681152344,10.599372863769531,qmix,smacv2,protoss_5_vs_5,100,0.0
962000,480,2026-05-25T08:35:18.895830,5.002197265625,1.2021840810775757,2.801255226135254,7.2133893966674805,qmix,smacv2,protoss_5_vs_5,100,0.0
964000,481,2026-05-25T08:37:46.227684,4.157688617706299,0.9458217620849609,2.7541840076446533,6.426778316497803,qmix,smacv2,protoss_5_vs_5,100,0.0
966000,482,2026-05-25T08:40:12.789161,4.950679779052734,2.2081732749938965,2.615062713623047,10.12552261352539,qmix,smacv2,protoss_5_vs_5,100,0.05000000074505806
968000,483,2026-05-25T08:42:39.190749,4.274529457092285,1.3514533042907715,2.5491631031036377,7.489540100097656,qmix,smacv2,protoss_5_vs_5,100,0.0
970000,484,2026-05-25T08:45:04.351720,4.732060432434082,1.7776349782943726,2.5219664573669434,10.669456481933594,qmix,smacv2,protoss_5_vs_5,100,0.0
972000,485,2026-05-25T08:47:25.279953,4.049738883972168,1.145215630531311,2.0753138065338135,7.004183769226074,qmix,smacv2,protoss_5_vs_5,100,0.0
974000,486,2026-05-25T08:49:48.071867,4.822280406951904,1.257954478263855,2.711297035217285,7.966526985168457,qmix,smacv2,protoss_5_vs_5,100,0.0
976000,487,2026-05-25T08:52:10.605140,4.821444034576416,1.3985518217086792,2.920501708984375,8.94665241241455,qmix,smacv2,protoss_5_vs_5,100,0.0
978000,488,2026-05-25T08:54:33.688839,4.837186336517334,1.2953203916549683,3.201882839202881,8.36820125579834,qmix,smacv2,protoss_5_vs_5,100,0.05000000074505806
980000,489,2026-05-25T08:57:00.763039,5.025208950042725,1.434643030166626,2.760460376739502,8.382844924926758,qmix,smacv2,protoss_5_vs_5,100,0.0
982000,490,2026-05-25T08:59:25.681275,4.395240783691406,1.2407703399658203,2.3179917335510254,7.891213417053223,qmix,smacv2,protoss_5_vs_5,100,0.0
984000,491,2026-05-25T09:01:50.974215,4.884780406951904,1.3496124744415283,2.9016737937927246,8.410041809082031,qmix,smacv2,protoss_5_vs_5,100,0.0
986000,492,2026-05-25T09:04:15.725661,4.795344829559326,1.8187469244003296,2.6035566329956055,10.074268341064453,qmix,smacv2,protoss_5_vs_5,100,0.0
988000,493,2026-05-25T09:06:41.818364,5.195345401763916,2.252760648727417,2.384937286376953,10.209206581115723,qmix,smacv2,protoss_5_vs_5,100,0.10000000149011612
990000,494,2026-05-25T09:09:06.715518,5.391997814178467,2.25565505027771,2.175732135772705,10.292887687683105,qmix,smacv2,protoss_5_vs_5,100,0.15000000596046448
992000,495,2026-05-25T09:11:32.093028,5.440428733825684,2.141223907470703,2.7949790954589844,10.12552261352539,qmix,smacv2,protoss_5_vs_5,100,0.15000000596046448
994000,496,2026-05-25T09:13:57.958648,4.8683576583862305,1.5107640027999878,2.10146427154541,7.674685478210449,qmix,smacv2,protoss_5_vs_5,100,0.0
996000,497,2026-05-25T09:16:24.882050,4.7392778396606445,1.9884825944900513,1.6820083856582642,10.593095779418945,qmix,smacv2,protoss_5_vs_5,100,0.05000000074505806
998000,498,2026-05-25T09:18:50.165341,4.940428733825684,1.3996262550354004,2.8870291709899902,8.675732612609863,qmix,smacv2,protoss_5_vs_5,100,0.05000000074505806
1000000,499,2026-05-25T09:21:17.167397,5.369508743286133,1.2359527349472046,2.6715481281280518,7.731171607971191,qmix,smacv2,protoss_5_vs_5,100,0.0
1002000,500,2026-05-25T09:23:43.127250,4.571077346801758,0.844651997089386,2.7688283920288086,6.13807487487793,qmix,smacv2,protoss_5_vs_5,100,0.0
1004000,501,2026-05-25T09:26:10.757424,4.988389015197754,1.7770791053771973,1.0209205150604248,9.63598346710205,qmix,smacv2,protoss_5_vs_5,100,0.0
1006000,502,2026-05-25T09:28:37.958607,4.4224371910095215,1.617853045463562,1.8577406406402588,7.907949924468994,qmix,smacv2,protoss_5_vs_5,100,0.0
1008000,503,2026-05-25T09:31:03.913684,4.475314140319824,1.4156608581542969,2.645397424697876,8.167364120483398,qmix,smacv2,protoss_5_vs_5,100,0.0
1010000,504,2026-05-25T09:33:32.895563,4.858263969421387,1.4050358533859253,2.675732135772705,7.974895477294922,qmix,smacv2,protoss_5_vs_5,100,0.0
1012000,505,2026-05-25T09:36:03.486003,4.402771949768066,1.554797649383545,2.1192467212677,8.36820125579834,qmix,smacv2,protoss_5_vs_5,100,0.0
1014000,506,2026-05-25T09:38:33.840054,4.207793235778809,0.7622010111808777,3.10146427154541,5.665271759033203,qmix,smacv2,protoss_5_vs_5,100,0.0
1016000,507,2026-05-25T09:41:06.770351,4.750731945037842,1.4040899276733398,3.063807487487793,8.895397186279297,qmix,smacv2,protoss_5_vs_5,100,0.0
1018000,508,2026-05-25T09:43:40.502010,4.845240592956543,2.0092058181762695,2.778242588043213,11.899581909179688,qmix,smacv2,protoss_5_vs_5,100,0.10000000149011612
1020000,509,2026-05-25T09:46:19.610651,5.419142723083496,1.6682108640670776,3.129707098007202,10.697698593139648,qmix,smacv2,protoss_5_vs_5,100,0.0
1022000,510,2026-05-25T09:48:58.393142,5.166317939758301,1.0141171216964722,3.280334949493408,7.230124473571777,qmix,smacv2,protoss_5_vs_5,100,0.0
1024000,511,2026-05-25T09:51:36.786986,4.280439376831055,1.2611567974090576,2.7238495349884033,8.173640251159668,qmix,smacv2,protoss_5_vs_5,100,0.0
1026000,512,2026-05-25T09:54:15.057040,5.2736921310424805,1.6985429525375366,3.1297073364257812,8.924686431884766,qmix,smacv2,protoss_5_vs_5,100,0.0
1028000,513,2026-05-25T09:56:57.715681,4.359675884246826,1.2390762567520142,2.4372384548187256,7.037657260894775,qmix,smacv2,protoss_5_vs_5,100,0.0
1030000,514,2026-05-25T09:59:40.494569,4.978660583496094,1.9005385637283325,2.934100389480591,11.71548080444336,qmix,smacv2,protoss_5_vs_5,100,0.05000000074505806
1032000,515,2026-05-25T10:02:16.964497,5.372280120849609,1.8156368732452393,2.962343215942383,10.259415626525879,qmix,smacv2,protoss_5_vs_5,100,0.05000000074505806
1034000,516,2026-05-25T10:04:54.067605,5.2903242111206055,2.215325355529785,2.364016532897949,11.799163818359375,qmix,smacv2,protoss_5_vs_5,100,0.10000000149011612
1036000,517,2026-05-25T10:07:29.066941,5.327040195465088,2.0317676067352295,1.8399579524993896,11.104602813720703,qmix,smacv2,protoss_5_vs_5,100,0.0
1038000,518,2026-05-25T10:10:10.776590,3.9432010650634766,1.1471471786499023,2.3817989826202393,6.836820125579834,qmix,smacv2,protoss_5_vs_5,100,0.0
1040000,519,2026-05-25T10:13:09.479112,4.469351768493652,1.0574026107788086,3.0878660678863525,7.278242588043213,qmix,smacv2,protoss_5_vs_5,100,0.0
1042000,520,2026-05-25T10:15:48.781930,4.365062713623047,2.3843305110931396,1.2949790954589844,9.215481758117676,qmix,smacv2,protoss_5_vs_5,100,0.0
1044000,521,2026-05-25T10:18:29.798826,4.686035633087158,1.725130319595337,2.200836658477783,9.060669898986816,qmix,smacv2,protoss_5_vs_5,100,0.0
1046000,522,2026-05-25T10:21:12.352032,4.977144241333008,1.5753703117370605,2.6778244972229004,8.156903266906738,qmix,smacv2,protoss_5_vs_5,100,0.0
1048000,523,2026-05-25T10:23:54.793251,4.373482704162598,1.3346142768859863,2.333682060241699,7.146443843841553,qmix,smacv2,protoss_5_vs_5,100,0.0
1050000,524,2026-05-25T10:26:38.682919,5.162814140319824,2.2769031524658203,2.303347110748291,11.966527938842773,qmix,smacv2,protoss_5_vs_5,100,0.10000000149011612
1052000,525,2026-05-25T10:29:22.078462,5.074215888977051,1.7103410959243774,2.4403765201568604,8.619246482849121,qmix,smacv2,protoss_5_vs_5,100,0.05000000074505806
1054000,526,2026-05-25T10:31:57.442257,4.770815849304199,2.0677380561828613,2.4633891582489014,11.715481758117676,qmix,smacv2,protoss_5_vs_5,100,0.05000000074505806
1056000,527,2026-05-25T10:34:31.739810,5.3979082107543945,1.9263700246810913,3.2301254272460938,11.824267387390137,qmix,smacv2,protoss_5_vs_5,100,0.05000000074505806
1058000,528,2026-05-25T10:37:07.497853,5.1956071853637695,2.1601052284240723,3.07112979888916,11.799162864685059,qmix,smacv2,protoss_5_vs_5,100,0.05000000074505806
1060000,529,2026-05-25T10:39:41.971477,4.976621150970459,1.784394383430481,1.9236400127410889,10.145398139953613,qmix,smacv2,protoss_5_vs_5,100,0.0
1062000,530,2026-05-25T10:42:14.631551,4.954184532165527,2.0251963138580322,1.825313925743103,10.300209045410156,qmix,smacv2,protoss_5_vs_5,100,0.10000000149011612
1064000,531,2026-05-25T10:44:46.814166,4.191788673400879,1.8377023935317993,1.6182008981704712,8.527195930480957,qmix,smacv2,protoss_5_vs_5,100,0.0
1066000,532,2026-05-25T10:47:16.846344,4.786349773406982,1.1040414571762085,2.7311716079711914,7.046025276184082,qmix,smacv2,protoss_5_vs_5,100,0.0
1068000,533,2026-05-25T10:49:47.349105,4.8860883712768555,1.7933014631271362,2.0387027263641357,10.157950401306152,qmix,smacv2,protoss_5_vs_5,100,0.05000000074505806
1070000,534,2026-05-25T10:52:15.602970,4.487761497497559,1.5285310745239258,2.092050075531006,7.3106689453125,qmix,smacv2,protoss_5_vs_5,100,0.0
1072000,535,2026-05-25T10:54:41.965957,4.878190040588379,1.5729784965515137,2.4905858039855957,8.635982513427734,qmix,smacv2,protoss_5_vs_5,100,0.05000000074505806
1074000,536,2026-05-25T10:57:09.351701,4.847437381744385,2.13096022605896,2.7008368968963623,11.799162864685059,qmix,smacv2,protoss_5_vs_5,100,0.05000000074505806
1076000,537,2026-05-25T10:59:35.877181,4.285041332244873,1.4291259050369263,2.1516737937927246,7.202928066253662,qmix,smacv2,protoss_5_vs_5,100,0.0
1078000,538,2026-05-25T11:02:01.987038,4.648953914642334,2.1678977012634277,1.5857741832733154,10.376568794250488,qmix,smacv2,protoss_5_vs_5,100,0.05000000074505806
1080000,539,2026-05-25T11:04:27.662155,5.0534515380859375,1.9606941938400269,2.8410043716430664,9.882844924926758,qmix,smacv2,protoss_5_vs_5,100,0.0
1082000,540,2026-05-25T11:06:52.979906,4.86563777923584,2.2003281116485596,1.9246861934661865,10.125521659851074,qmix,smacv2,protoss_5_vs_5,100,0.05000000074505806
1084000,541,2026-05-25T11:09:17.878107,4.769927024841309,2.055201768875122,2.0041842460632324,10.150628089904785,qmix,smacv2,protoss_5_vs_5,100,0.05000000074505806
1086000,542,2026-05-25T11:11:44.183259,4.256694316864014,1.8688713312149048,2.166317939758301,10.292886734008789,qmix,smacv2,protoss_5_vs_5,100,0.05000000074505806
1088000,543,2026-05-25T11:14:08.086372,3.815690279006958,1.3620651960372925,1.9738495349884033,6.987448215484619,qmix,smacv2,protoss_5_vs_5,100,0.0
1090000,544,2026-05-25T11:16:32.077016,4.805910587310791,1.2830256223678589,2.7918407917022705,7.430962562561035,qmix,smacv2,protoss_5_vs_5,100,0.0
1092000,545,2026-05-25T11:18:57.078939,5.222907543182373,2.3726634979248047,2.2615060806274414,10.540794372558594,qmix,smacv2,protoss_5_vs_5,100,0.10000000149011612
1094000,546,2026-05-25T11:21:23.990436,4.8546552658081055,1.4607462882995605,2.4267780780792236,7.5115065574646,qmix,smacv2,protoss_5_vs_5,100,0.0
1096000,547,2026-05-25T11:23:52.575422,4.515952110290527,1.4322501420974731,2.4686193466186523,7.7740583419799805,qmix,smacv2,protoss_5_vs_5,100,0.0
1098000,548,2026-05-25T11:26:21.518182,5.212343215942383,2.0835330486297607,2.0857739448547363,10.301255226135254,qmix,smacv2,protoss_5_vs_5,100,0.10000000149011612
1100000,549,2026-05-25T11:28:49.812162,4.6687235832214355,1.7927969694137573,2.270920753479004,10.20920467376709,qmix,smacv2,protoss_5_vs_5,100,0.05000000074505806
1102000,550,2026-05-25T11:31:18.686849,4.267782688140869,1.1669632196426392,2.5031380653381348,6.5732221603393555,qmix,smacv2,protoss_5_vs_5,100,0.0
1104000,551,2026-05-25T11:33:50.887424,5.045502185821533,1.2730789184570312,3.33891224861145,7.6307525634765625,qmix,smacv2,protoss_5_vs_5,100,0.0
1106000,552,2026-05-25T11:36:24.279438,4.365219593048096,1.1633572578430176,2.5345189571380615,6.721756935119629,qmix,smacv2,protoss_5_vs_5,100,0.0
1108000,553,2026-05-25T11:39:00.292059,5.32039737701416,1.967368721961975,3.0292887687683105,10.301255226135254,qmix,smacv2,protoss_5_vs_5,100,0.15000000596046448
1110000,554,2026-05-25T11:41:37.131414,4.580700874328613,1.7094305753707886,2.6108787059783936,9.621339797973633,qmix,smacv2,protoss_5_vs_5,100,0.0
1112000,555,2026-05-25T11:44:13.192783,4.519769668579102,1.6203930377960205,1.790795087814331,8.301255226135254,qmix,smacv2,protoss_5_vs_5,100,0.0
1114000,556,2026-05-25T11:46:49.261125,4.368618965148926,1.7833362817764282,2.4320082664489746,8.619247436523438,qmix,smacv2,protoss_5_vs_5,100,0.0
1116000,557,2026-05-25T11:49:23.166958,4.239121913909912,1.367064118385315,2.1422595977783203,7.286611080169678,qmix,smacv2,protoss_5_vs_5,100,0.0
1118000,558,2026-05-25T11:51:58.123200,4.589748859405518,1.1807836294174194,2.6443514823913574,6.770920753479004,qmix,smacv2,protoss_5_vs_5,100,0.0
1120000,559,2026-05-25T11:54:32.069641,4.652615547180176,1.399120569229126,2.9958159923553467,8.133891105651855,qmix,smacv2,protoss_5_vs_5,100,0.0
1122000,560,2026-05-25T11:57:03.010974,4.732950210571289,0.9534626007080078,2.39853572845459,6.527196407318115,qmix,smacv2,protoss_5_vs_5,100,0.0
1124000,561,2026-05-25T11:59:34.462808,5.033891677856445,1.4829559326171875,2.9456067085266113,8.543932914733887,qmix,smacv2,protoss_5_vs_5,100,0.0
1126000,562,2026-05-25T12:02:04.264809,4.545815944671631,1.372619390487671,2.8106696605682373,8.764644622802734,qmix,smacv2,protoss_5_vs_5,100,0.05000000074505806
1128000,563,2026-05-25T12:04:32.914867,4.845972537994385,1.5610541105270386,2.5491631031036377,9.012552261352539,qmix,smacv2,protoss_5_vs_5,100,0.0
1130000,564,2026-05-25T12:07:00.056952,4.110564708709717,1.6822785139083862,1.9623429775238037,9.461297035217285,qmix,smacv2,protoss_5_vs_5,100,0.0
1132000,565,2026-05-25T12:09:26.103003,4.359675407409668,1.1854382753372192,2.2008368968963623,6.443514823913574,qmix,smacv2,protoss_5_vs_5,100,0.0
1134000,566,2026-05-25T12:11:51.077733,4.147123336791992,1.1395467519760132,1.6673638820648193,6.527196407318115,qmix,smacv2,protoss_5_vs_5,100,0.0
1136000,567,2026-05-25T12:14:15.389058,4.82599401473999,1.8231301307678223,2.239539861679077,10.125523567199707,qmix,smacv2,protoss_5_vs_5,100,0.05000000074505806
1138000,568,2026-05-25T12:16:38.250877,4.679079532623291,1.7858742475509644,2.142259359359741,10.376568794250488,qmix,smacv2,protoss_5_vs_5,100,0.05000000074505806
1140000,569,2026-05-25T12:18:59.327168,4.180805683135986,1.0801119804382324,2.280334711074829,6.726987361907959,qmix,smacv2,protoss_5_vs_5,100,0.0
1142000,570,2026-05-25T12:21:17.658809,4.906641960144043,2.707425832748413,1.7531381845474243,11.882845878601074,qmix,smacv2,protoss_5_vs_5,100,0.10000000149011612
1144000,571,2026-05-25T12:23:35.382879,5.322175979614258,1.9002763032913208,1.9246861934661865,8.729079246520996,qmix,smacv2,protoss_5_vs_5,100,0.0
1146000,572,2026-05-25T12:25:57.931989,5.080229759216309,1.5429540872573853,2.560669422149658,8.619247436523438,qmix,smacv2,protoss_5_vs_5,100,0.05000000074505806
1148000,573,2026-05-25T12:28:15.843591,4.668880939483643,1.8722437620162964,1.598326325416565,10.01673698425293,qmix,smacv2,protoss_5_vs_5,100,0.0
1150000,574,2026-05-25T12:30:33.690577,4.60669469833374,1.6537420749664307,1.6066945791244507,10.041840553283691,qmix,smacv2,protoss_5_vs_5,100,0.05000000074505806
1152000,575,2026-05-25T12:32:52.171547,4.732635974884033,1.037977695465088,2.315899610519409,6.853556156158447,qmix,smacv2,protoss_5_vs_5,100,0.0
1154000,576,2026-05-25T12:35:12.753392,5.490899562835693,2.103959798812866,2.711297035217285,10.376569747924805,qmix,smacv2,protoss_5_vs_5,100,0.10000000149011612
1156000,577,2026-05-25T12:37:34.893969,4.789748668670654,1.608051061630249,1.8169456720352173,7.598326206207275,qmix,smacv2,protoss_5_vs_5,100,0.0
1158000,578,2026-05-25T12:39:59.002016,4.704864025115967,1.0756809711456299,2.847280263900757,7.447699069976807,qmix,smacv2,protoss_5_vs_5,100,0.0
1160000,579,2026-05-25T12:42:24.139726,5.817049980163574,1.5491877794265747,3.0292887687683105,9.412135124206543,qmix,smacv2,protoss_5_vs_5,100,0.0
1162000,580,2026-05-25T12:44:51.047463,4.92547082901001,1.7824534177780151,2.310669422149658,10.209203720092773,qmix,smacv2,protoss_5_vs_5,100,0.05000000074505806
1164000,581,2026-05-25T12:47:19.321225,4.957322120666504,1.5144450664520264,2.6976988315582275,8.744770050048828,qmix,smacv2,protoss_5_vs_5,100,0.0
1166000,582,2026-05-25T12:49:49.236542,4.493514537811279,2.3197519779205322,2.4351465702056885,13.389120101928711,qmix,smacv2,protoss_5_vs_5,100,0.05000000074505806
1168000,583,2026-05-25T12:52:21.262775,5.0936713218688965,1.77698814868927,2.684100389480591,9.539749145507812,qmix,smacv2,protoss_5_vs_5,100,0.0
1170000,584,2026-05-25T12:54:54.067924,4.560145854949951,1.4933608770370483,2.3765692710876465,7.671547889709473,qmix,smacv2,protoss_5_vs_5,100,0.0
1172000,585,2026-05-25T12:57:28.626161,4.561611175537109,1.6040797233581543,2.6317992210388184,9.564852714538574,qmix,smacv2,protoss_5_vs_5,100,0.0
1174000,586,2026-05-25T13:00:03.804146,4.553032875061035,1.5936193466186523,2.2416317462921143,7.882845401763916,qmix,smacv2,protoss_5_vs_5,100,0.0
1176000,587,2026-05-25T13:02:42.476927,4.8522491455078125,1.6128724813461304,2.5188286304473877,9.447697639465332,qmix,smacv2,protoss_5_vs_5,100,0.0
1178000,588,2026-05-25T13:05:23.774377,4.60899543762207,1.6124398708343506,1.1129707098007202,7.372384548187256,qmix,smacv2,protoss_5_vs_5,100,0.0
1180000,589,2026-05-25T13:08:04.109669,4.834727764129639,1.3143113851547241,2.434100389480591,7.106694221496582,qmix,smacv2,protoss_5_vs_5,100,0.0
1182000,590,2026-05-25T13:10:43.288856,5.14403772354126,1.5254313945770264,2.976987361907959,8.598326683044434,qmix,smacv2,protoss_5_vs_5,100,0.05000000074505806
1184000,591,2026-05-25T13:13:23.649371,4.926202774047852,1.9322876930236816,2.0910043716430664,10.041841506958008,qmix,smacv2,protoss_5_vs_5,100,0.05000000074505806
1186000,592,2026-05-25T13:16:05.256924,5.098639965057373,1.7432892322540283,0.9372385144233704,8.535564422607422,qmix,smacv2,protoss_5_vs_5,100,0.05000000074505806
1188000,593,2026-05-25T13:18:47.207610,4.844821929931641,1.2500419616699219,2.384937286376953,6.9142255783081055,qmix,smacv2,protoss_5_vs_5,100,0.0
1190000,594,2026-05-25T13:21:27.723243,5.126568794250488,2.109684944152832,2.6663177013397217,10.20920467376709,qmix,smacv2,protoss_5_vs_5,100,0.05000000074505806
1192000,595,2026-05-25T13:24:07.879140,4.236349582672119,1.4759864807128906,2.0502092838287354,8.031380653381348,qmix,smacv2,protoss_5_vs_5,100,0.0
1194000,596,2026-05-25T13:26:47.597306,4.906694412231445,1.280289649963379,2.2845187187194824,7.707113742828369,qmix,smacv2,protoss_5_vs_5,100,0.0
1196000,597,2026-05-25T13:29:27.693180,5.077719688415527,1.5640453100204468,2.9790797233581543,8.619247436523438,qmix,smacv2,protoss_5_vs_5,100,0.05000000074505806
1198000,598,2026-05-25T13:32:06.829893,5.194770336151123,1.73308527469635,2.684100389480591,9.397490501403809,qmix,smacv2,protoss_5_vs_5,100,0.0
1200000,599,2026-05-25T13:34:43.904847,4.7343621253967285,1.8828070163726807,2.9194560050964355,11.361923217773438,qmix,smacv2,protoss_5_vs_5,100,0.0
1202000,600,2026-05-25T13:37:19.951006,5.292939186096191,1.5612095594406128,1.9612972736358643,10.041840553283691,qmix,smacv2,protoss_5_vs_5,100,0.05000000074505806
1204000,601,2026-05-25T13:39:53.091228,5.500313758850098,1.807382345199585,3.3117153644561768,10.217573165893555,qmix,smacv2,protoss_5_vs_5,100,0.05000000074505806
1206000,602,2026-05-25T13:42:26.168208,5.044194221496582,1.8260477781295776,2.2071127891540527,10.380752563476562,qmix,smacv2,protoss_5_vs_5,100,0.05000000074505806
1208000,603,2026-05-25T13:44:56.059632,4.494612693786621,1.0595905780792236,2.4215481281280518,6.233263969421387,qmix,smacv2,protoss_5_vs_5,100,0.0
1210000,604,2026-05-25T13:47:24.455744,4.7585248947143555,1.647881031036377,1.5502091646194458,8.025104522705078,qmix,smacv2,protoss_5_vs_5,100,0.0
1212000,605,2026-05-25T13:49:51.542087,5.136349678039551,1.7942205667495728,2.8692467212677,10.209205627441406,qmix,smacv2,protoss_5_vs_5,100,0.05000000074505806
1214000,606,2026-05-25T13:52:19.895187,5.1656904220581055,3.095273494720459,1.7656902074813843,11.71548080444336,qmix,smacv2,protoss_5_vs_5,100,0.15000000596046448
1216000,607,2026-05-25T13:54:47.343154,4.531381130218506,1.6579393148422241,2.120292901992798,8.608786582946777,qmix,smacv2,protoss_5_vs_5,100,0.0
1218000,608,2026-05-25T13:57:14.302736,4.80800199508667,1.239862322807312,2.5439329147338867,7.642259120941162,qmix,smacv2,protoss_5_vs_5,100,0.0
1220000,609,2026-05-25T13:59:42.644965,4.876568794250488,1.5049633979797363,2.2981173992156982,9.262552261352539,qmix,smacv2,protoss_5_vs_5,100,0.0
1222000,610,2026-05-25T14:02:11.270602,4.5628662109375,1.182503342628479,2.505230188369751,8.292887687683105,qmix,smacv2,protoss_5_vs_5,100,0.0
1224000,611,2026-05-25T14:04:38.752962,4.590481758117676,1.1575069427490234,2.6799163818359375,6.669455528259277,qmix,smacv2,protoss_5_vs_5,100,0.0
1226000,612,2026-05-25T14:07:05.417671,4.917364120483398,1.592038869857788,2.9728033542633057,10.062761306762695,qmix,smacv2,protoss_5_vs_5,100,0.0
1228000,613,2026-05-25T14:09:31.528859,5.380387306213379,1.841366171836853,2.5062761306762695,9.765689849853516,qmix,smacv2,protoss_5_vs_5,100,0.0
1230000,614,2026-05-25T14:11:59.104447,4.824790954589844,1.1862545013427734,1.9497907161712646,6.811715602874756,qmix,smacv2,protoss_5_vs_5,100,0.0
1232000,615,2026-05-25T14:14:27.304328,5.423483848571777,2.0210719108581543,3.242677688598633,11.966527938842773,qmix,smacv2,protoss_5_vs_5,100,0.05000000074505806
1234000,616,2026-05-25T14:16:54.909403,4.412552356719971,1.0346077680587769,2.4278242588043213,6.565899848937988,qmix,smacv2,protoss_5_vs_5,100,0.0
1236000,617,2026-05-25T14:19:27.012591,4.764487266540527,1.3760497570037842,2.5188286304473877,7.815899848937988,qmix,smacv2,protoss_5_vs_5,100,0.0
1238000,618,2026-05-25T14:21:58.283064,4.652248859405518,1.9348113536834717,1.7907949686050415,9.715481758117676,qmix,smacv2,protoss_5_vs_5,100,0.0
1240000,619,2026-05-25T14:24:34.570077,4.992520809173584,1.6020314693450928,3.3305439949035645,10.209205627441406,qmix,smacv2,protoss_5_vs_5,100,0.05000000074505806
1242000,620,2026-05-25T14:27:12.695344,4.917311668395996,1.867358922958374,2.1589958667755127,8.979079246520996,qmix,smacv2,protoss_5_vs_5,100,0.05000000074505806
1244000,621,2026-05-25T14:29:50.814914,4.873064994812012,1.9377769231796265,2.4037656784057617,9.355648040771484,qmix,smacv2,protoss_5_vs_5,100,0.0
1246000,622,2026-05-25T14:32:33.458863,4.766422271728516,2.304091215133667,2.53556489944458,11.799163818359375,qmix,smacv2,protoss_5_vs_5,100,0.05000000074505806
1248000,623,2026-05-25T14:35:16.241779,5.377980709075928,1.9364018440246582,2.7384939193725586,10.296025276184082,qmix,smacv2,protoss_5_vs_5,100,0.05000000074505806
1250000,624,2026-05-25T14:38:04.434969,4.772280693054199,1.7151960134506226,2.393305540084839,8.878661155700684,qmix,smacv2,protoss_5_vs_5,100,0.0
1252000,625,2026-05-25T14:40:44.954795,5.218305587768555,1.4962857961654663,2.326359748840332,8.670502662658691,qmix,smacv2,protoss_5_vs_5,100,0.0
1254000,626,2026-05-25T14:43:26.762904,5.0408477783203125,1.864059567451477,2.8284523487091064,10.153765678405762,qmix,smacv2,protoss_5_vs_5,100,0.05000000074505806
1256000,627,2026-05-25T14:46:06.220912,4.711505889892578,1.195002555847168,2.691422462463379,7.247908115386963,qmix,smacv2,protoss_5_vs_5,100,0.0
1258000,628,2026-05-25T14:48:45.685191,3.8683578968048096,1.28859543800354,1.5732218027114868,7.1004180908203125,qmix,smacv2,protoss_5_vs_5,100,0.0
1260000,629,2026-05-25T14:51:23.162332,4.186297416687012,1.2095589637756348,2.3682007789611816,7.135983467102051,qmix,smacv2,protoss_5_vs_5,100,0.0
1262000,630,2026-05-25T14:54:01.774802,4.347751140594482,1.1521540880203247,2.4100418090820312,6.5020928382873535,qmix,smacv2,protoss_5_vs_5,100,0.0
1264000,631,2026-05-25T14:56:38.031451,3.9342052936553955,1.2209792137145996,2.015690565109253,7.874476432800293,qmix,smacv2,protoss_5_vs_5,100,0.0
1266000,632,2026-05-25T14:59:16.895879,4.990115165710449,1.9321846961975098,2.2405858039855957,8.717574119567871,qmix,smacv2,protoss_5_vs_5,100,0.0
1268000,633,2026-05-25T15:01:54.402860,5.248326301574707,1.661337971687317,3.086820125579834,8.702929496765137,qmix,smacv2,protoss_5_vs_5,100,0.05000000074505806
1270000,634,2026-05-25T15:04:32.187524,5.828974723815918,2.2321794033050537,2.216527223587036,11.882844924926758,qmix,smacv2,protoss_5_vs_5,100,0.05000000074505806
1272000,635,2026-05-25T15:07:09.613523,4.9149580001831055,1.6369885206222534,2.046025037765503,8.443513870239258,qmix,smacv2,protoss_5_vs_5,100,0.0
1274000,636,2026-05-25T15:09:45.210734,5.152144432067871,1.748798131942749,2.359832525253296,10.347280502319336,qmix,smacv2,protoss_5_vs_5,100,0.05000000074505806
1276000,637,2026-05-25T15:12:20.438490,4.630020618438721,1.3469526767730713,2.643305540084839,8.451882362365723,qmix,smacv2,protoss_5_vs_5,100,0.0
1278000,638,2026-05-25T15:14:56.359229,4.86192512512207,2.233072519302368,1.9665272235870361,11.372385025024414,qmix,smacv2,protoss_5_vs_5,100,0.0
1280000,639,2026-05-25T15:17:31.784947,4.099947452545166,1.0537817478179932,2.117154836654663,6.299162864685059,qmix,smacv2,protoss_5_vs_5,100,0.0
1282000,640,2026-05-25T15:20:06.099094,5.061297416687012,1.465096354484558,2.6956067085266113,8.535564422607422,qmix,smacv2,protoss_5_vs_5,100,0.05000000074505806
1284000,641,2026-05-25T15:22:42.955534,4.465847015380859,1.2822190523147583,2.212343215942383,7.4142255783081055,qmix,smacv2,protoss_5_vs_5,100,0.0
1286000,642,2026-05-25T15:25:17.531072,4.6638078689575195,1.6112509965896606,2.811715602874756,8.767782211303711,qmix,smacv2,protoss_5_vs_5,100,0.0
1288000,643,2026-05-25T15:27:55.230771,4.541632175445557,1.6360595226287842,2.306485414505005,7.6652727127075195,qmix,smacv2,protoss_5_vs_5,100,0.0
1290000,644,2026-05-25T15:30:33.635701,4.793514251708984,1.7473994493484497,2.229079484939575,10.125523567199707,qmix,smacv2,protoss_5_vs_5,100,0.05000000074505806
1292000,645,2026-05-25T15:33:10.503508,4.505334377288818,1.7635129690170288,1.8556486368179321,8.970711708068848,qmix,smacv2,protoss_5_vs_5,100,0.0
1294000,646,2026-05-25T15:35:48.232008,5.136139869689941,2.0394461154937744,2.2364015579223633,10.12552261352539,qmix,smacv2,protoss_5_vs_5,100,0.10000000149011612
1296000,647,2026-05-25T15:38:23.730251,4.58080530166626,1.4044889211654663,2.079497814178467,6.828452110290527,qmix,smacv2,protoss_5_vs_5,100,0.0
1298000,648,2026-05-25T15:40:56.397031,4.431328773498535,1.5970838069915771,1.7761504650115967,8.192468643188477,qmix,smacv2,protoss_5_vs_5,100,0.0
1300000,649,2026-05-25T15:44:02.989203,5.67850399017334,1.9464203119277954,2.441422700881958,10.12552261352539,qmix,smacv2,protoss_5_vs_5,100,0.10000000149011612
1302000,650,2026-05-25T15:46:43.098665,4.802510738372803,1.3391530513763428,2.2154810428619385,7.5366106033325195,qmix,smacv2,protoss_5_vs_5,100,0.0
1304000,651,2026-05-25T15:49:24.295192,4.598954200744629,1.2030888795852661,2.347280502319336,6.458159446716309,qmix,smacv2,protoss_5_vs_5,100,0.0
1306000,652,2026-05-25T15:52:04.233241,4.182897090911865,1.472041130065918,2.216527223587036,8.979079246520996,qmix,smacv2,protoss_5_vs_5,100,0.0
1308000,653,2026-05-25T15:54:43.199775,4.6256279945373535,1.7412137985229492,1.9330543279647827,10.209205627441406,qmix,smacv2,protoss_5_vs_5,100,0.05000000074505806
1310000,654,2026-05-25T15:57:20.817936,5.521548271179199,2.4317243099212646,2.3179917335510254,10.292887687683105,qmix,smacv2,protoss_5_vs_5,100,0.10000000149011612
1312000,655,2026-05-25T15:59:55.821856,4.590691089630127,1.8195613622665405,1.1192468404769897,8.702929496765137,qmix,smacv2,protoss_5_vs_5,100,0.05000000074505806
1314000,656,2026-05-25T16:02:31.210563,4.705700874328613,1.752987265586853,2.3430962562561035,10.209205627441406,qmix,smacv2,protoss_5_vs_5,100,0.05000000074505806
1316000,657,2026-05-25T16:05:03.458203,4.677039623260498,1.8102952241897583,1.5679917335510254,9.130752563476562,qmix,smacv2,protoss_5_vs_5,100,0.0
1318000,658,2026-05-25T16:07:32.735575,4.48096227645874,1.428176999092102,1.8702929019927979,7.230125427246094,qmix,smacv2,protoss_5_vs_5,100,0.0
1320000,659,2026-05-25T16:09:53.891638,5.356851577758789,1.464758276939392,2.895397186279297,8.183053970336914,qmix,smacv2,protoss_5_vs_5,100,0.0
1322000,660,2026-05-25T16:12:16.928816,5.895031452178955,2.5875601768493652,2.7615063190460205,13.556485176086426,qmix,smacv2,protoss_5_vs_5,100,0.05000000074505806
1324000,661,2026-05-25T16:14:40.308187,5.0332112312316895,1.9981015920639038,2.530334949493408,10.24372386932373,qmix,smacv2,protoss_5_vs_5,100,0.05000000074505806
1326000,662,2026-05-25T16:17:01.796067,5.046757698059082,1.4562807083129883,2.2332634925842285,8.326360702514648,qmix,smacv2,protoss_5_vs_5,100,0.0
1328000,663,2026-05-25T16:19:23.006637,6.835354804992676,2.6811203956604004,3.264644145965576,11.882844924926758,qmix,smacv2,protoss_5_vs_5,100,0.25
1330000,664,2026-05-25T16:21:41.459002,4.555544376373291,1.283092975616455,2.7364017963409424,7.4142255783081055,qmix,smacv2,protoss_5_vs_5,100,0.0
1332000,665,2026-05-25T16:23:59.650774,4.384204864501953,0.8142001032829285,2.9884936809539795,5.889120578765869,qmix,smacv2,protoss_5_vs_5,100,0.0
1334000,666,2026-05-25T16:26:22.808574,5.142939567565918,1.7439982891082764,2.828451633453369,8.535565376281738,qmix,smacv2,protoss_5_vs_5,100,0.05000000074505806
1336000,667,2026-05-25T16:28:45.738953,5.2725419998168945,1.569481372833252,3.0627613067626953,9.127614974975586,qmix,smacv2,protoss_5_vs_5,100,0.0
1338000,668,2026-05-25T16:31:07.658283,5.217259407043457,1.6365265846252441,2.7364015579223633,10.041840553283691,qmix,smacv2,protoss_5_vs_5,100,0.05000000074505806
1340000,669,2026-05-25T16:33:34.172811,5.55423641204834,2.0119054317474365,3.0366110801696777,10.376568794250488,qmix,smacv2,protoss_5_vs_5,100,0.05000000074505806
1342000,670,2026-05-25T16:36:00.587787,5.0319037437438965,1.9790258407592773,1.8033473491668701,10.041841506958008,qmix,smacv2,protoss_5_vs_5,100,0.05000000074505806
1344000,671,2026-05-25T16:38:29.867033,4.216213703155518,1.3653836250305176,2.0648534297943115,7.4393310546875,qmix,smacv2,protoss_5_vs_5,100,0.0
1346000,672,2026-05-25T16:41:00.675166,4.0773539543151855,1.2017544507980347,2.186192512512207,6.686192512512207,qmix,smacv2,protoss_5_vs_5,100,0.0
1348000,673,2026-05-25T16:43:35.483447,4.782688140869141,1.5208234786987305,2.719665288925171,9.1893310546875,qmix,smacv2,protoss_5_vs_5,100,0.0
1350000,674,2026-05-25T16:46:09.025886,4.82112979888916,1.5317901372909546,2.4937238693237305,8.920502662658691,qmix,smacv2,protoss_5_vs_5,100,0.0
1352000,675,2026-05-25T16:48:42.584662,4.648482799530029,1.7228466272354126,2.347280263900757,10.376569747924805,qmix,smacv2,protoss_5_vs_5,100,0.05000000074505806
1354000,676,2026-05-25T16:51:17.542027,5.320606708526611,1.9113366603851318,2.5523014068603516,10.041840553283691,qmix,smacv2,protoss_5_vs_5,100,0.10000000149011612
1356000,677,2026-05-25T16:53:57.797377,4.9293928146362305,1.1229513883590698,3.5805439949035645,7.270920753479004,qmix,smacv2,protoss_5_vs_5,100,0.0
1358000,678,2026-05-25T16:56:33.603252,5.300313949584961,1.9879419803619385,2.1087865829467773,11.799163818359375,qmix,smacv2,protoss_5_vs_5,100,0.05000000074505806
1360000,679,2026-05-25T16:59:08.548584,4.864696979522705,2.374103546142578,2.9811716079711914,13.556486129760742,qmix,smacv2,protoss_5_vs_5,100,0.05000000074505806
1362000,680,2026-05-25T17:01:42.464399,4.47860860824585,1.9279810190200806,2.425732135772705,10.451883316040039,qmix,smacv2,protoss_5_vs_5,100,0.05000000074505806
1364000,681,2026-05-25T17:04:17.597102,5.168200969696045,1.6407946348190308,2.778242588043213,10.28451919555664,qmix,smacv2,protoss_5_vs_5,100,0.0
1366000,682,2026-05-25T17:06:53.759335,5.208315849304199,1.4309643507003784,2.987447500228882,8.661087989807129,qmix,smacv2,protoss_5_vs_5,100,0.0
1368000,683,2026-05-25T17:09:28.977689,5.177667617797852,1.4421478509902954,2.8410041332244873,8.162134170532227,qmix,smacv2,protoss_5_vs_5,100,0.0
1370000,684,2026-05-25T17:12:05.182098,4.325314044952393,1.2300751209259033,2.147489547729492,6.359832763671875,qmix,smacv2,protoss_5_vs_5,100,0.0
1372000,685,2026-05-25T17:14:39.042187,5.117049694061279,1.302207112312317,3.037656784057617,8.49372386932373,qmix,smacv2,protoss_5_vs_5,100,0.0
1374000,686,2026-05-25T17:17:12.101664,4.934937477111816,1.2029293775558472,3.140167236328125,7.174686431884766,qmix,smacv2,protoss_5_vs_5,100,0.0
1376000,687,2026-05-25T17:19:44.879527,4.004811763763428,1.2344166040420532,1.8556486368179321,6.710251808166504,qmix,smacv2,protoss_5_vs_5,100,0.0
1378000,688,2026-05-25T17:22:16.380307,4.5758891105651855,1.7828575372695923,2.292886972427368,8.80334758758545,qmix,smacv2,protoss_5_vs_5,100,0.0
1380000,689,2026-05-25T17:24:45.013260,4.835721492767334,1.6261004209518433,2.874476671218872,8.602510452270508,qmix,smacv2,protoss_5_vs_5,100,0.0
1382000,690,2026-05-25T17:27:11.571201,4.79042911529541,1.0155861377716064,2.3765692710876465,7.423640251159668,qmix,smacv2,protoss_5_vs_5,100,0.0
1384000,691,2026-05-25T17:29:40.369076,5.405648708343506,2.3530125617980957,2.510460138320923,13.472803115844727,qmix,smacv2,protoss_5_vs_5,100,0.05000000074505806
1386000,692,2026-05-25T17:32:06.985415,5.251986980438232,1.8582507371902466,2.7364015579223633,10.292886734008789,qmix,smacv2,protoss_5_vs_5,100,0.10000000149011612
1388000,693,2026-05-25T17:34:34.722980,5.251412391662598,2.037339448928833,3.1830544471740723,11.897490501403809,qmix,smacv2,protoss_5_vs_5,100,0.10000000149011612
1390000,694,2026-05-25T17:37:01.214416,4.824842929840088,2.018770694732666,2.716527223587036,11.882843971252441,qmix,smacv2,protoss_5_vs_5,100,0.05000000074505806
1392000,695,2026-05-25T17:39:29.067512,4.623326301574707,1.9846357107162476,1.6255229711532593,10.041841506958008,qmix,smacv2,protoss_5_vs_5,100,0.10000000149011612
1394000,696,2026-05-25T17:41:57.300694,4.910773277282715,1.4816020727157593,2.1673638820648193,7.305438995361328,qmix,smacv2,protoss_5_vs_5,100,0.0
1396000,697,2026-05-25T17:44:24.881966,4.869246959686279,2.3336873054504395,1.7907947301864624,10.209203720092773,qmix,smacv2,protoss_5_vs_5,100,0.10000000149011612
1398000,698,2026-05-25T17:46:53.731285,5.224372863769531,1.9305310249328613,2.7876570224761963,11.799162864685059,qmix,smacv2,protoss_5_vs_5,100,0.05000000074505806
1400000,699,2026-05-25T17:49:24.929092,5.459466457366943,2.159755229949951,1.8964436054229736,11.853556632995605,qmix,smacv2,protoss_5_vs_5,100,0.05000000074505806
1402000,700,2026-05-25T17:51:57.837373,4.782845497131348,1.6492365598678589,2.507322072982788,8.485355377197266,qmix,smacv2,protoss_5_vs_5,100,0.0
1404000,701,2026-05-25T17:54:30.290825,4.495450019836426,1.5374586582183838,1.255230188369751,7.732217311859131,qmix,smacv2,protoss_5_vs_5,100,0.0
1406000,702,2026-05-25T17:57:06.815014,4.855125427246094,1.6530046463012695,1.9382845163345337,8.644351959228516,qmix,smacv2,protoss_5_vs_5,100,0.0
1408000,703,2026-05-25T17:59:42.436273,4.940690040588379,1.529566764831543,2.3838911056518555,7.6234307289123535,qmix,smacv2,protoss_5_vs_5,100,0.0
1410000,704,2026-05-25T18:02:18.684059,4.894038200378418,2.2587811946868896,2.326359748840332,11.966526985168457,qmix,smacv2,protoss_5_vs_5,100,0.05000000074505806
1412000,705,2026-05-25T18:04:55.897394,4.002719879150391,0.8383151888847351,2.849372386932373,5.7740583419799805,qmix,smacv2,protoss_5_vs_5,100,0.0
1414000,706,2026-05-25T18:07:34.852545,4.521286487579346,1.598636269569397,3.0596232414245605,10.292886734008789,qmix,smacv2,protoss_5_vs_5,100,0.05000000074505806
1416000,707,2026-05-25T18:10:09.636363,4.370867729187012,1.535879135131836,2.078451633453369,9.030333518981934,qmix,smacv2,protoss_5_vs_5,100,0.0
1418000,708,2026-05-25T18:12:47.716944,4.549790382385254,1.6717782020568848,2.388075113296509,8.395397186279297,qmix,smacv2,protoss_5_vs_5,100,0.0
1420000,709,2026-05-25T18:15:20.616992,4.601255416870117,0.9894853830337524,2.8943514823913574,6.54184103012085,qmix,smacv2,protoss_5_vs_5,100,0.0
1422000,710,2026-05-25T18:17:53.223177,4.432583332061768,1.9368188381195068,1.8985354900360107,8.535564422607422,qmix,smacv2,protoss_5_vs_5,100,0.05000000074505806
1424000,711,2026-05-25T18:20:24.210276,4.2395920753479,1.9087570905685425,2.0627615451812744,10.20920467376709,qmix,smacv2,protoss_5_vs_5,100,0.05000000074505806
1426000,712,2026-05-25T18:22:58.518149,5.034309387207031,2.0687904357910156,2.3891212940216064,11.799162864685059,qmix,smacv2,protoss_5_vs_5,100,0.05000000074505806
1428000,713,2026-05-25T18:25:32.192121,4.716212749481201,1.5656484365463257,2.26778244972229,8.451883316040039,qmix,smacv2,protoss_5_vs_5,100,0.05000000074505806
1430000,714,2026-05-25T18:28:04.355510,4.607583999633789,2.4282138347625732,1.9257322549819946,11.824268341064453,qmix,smacv2,protoss_5_vs_5,100,0.05000000074505806
1432000,715,2026-05-25T18:30:32.974018,4.265167236328125,1.3579022884368896,2.3096232414245605,6.734310150146484,qmix,smacv2,protoss_5_vs_5,100,0.0
1434000,716,2026-05-25T18:33:04.028937,5.037238597869873,1.336259126663208,1.8985354900360107,7.338912010192871,qmix,smacv2,protoss_5_vs_5,100,0.0
1436000,717,2026-05-25T18:35:31.959906,4.565376281738281,1.0172713994979858,2.2175731658935547,6.239540100097656,qmix,smacv2,protoss_5_vs_5,100,0.0
1438000,718,2026-05-25T18:37:56.792078,4.390063285827637,1.5494717359542847,2.6945607662200928,10.292887687683105,qmix,smacv2,protoss_5_vs_5,100,0.05000000074505806
1440000,719,2026-05-25T18:40:21.702665,4.888545989990234,2.55696439743042,2.5857741832733154,11.799163818359375,qmix,smacv2,protoss_5_vs_5,100,0.10000000149011612
1442000,720,2026-05-25T18:42:45.232259,4.662499904632568,1.383135437965393,2.0679914951324463,7.313807487487793,qmix,smacv2,protoss_5_vs_5,100,0.0
1444000,721,2026-05-25T18:45:07.194014,4.2835774421691895,1.4086064100265503,1.4968619346618652,8.309623718261719,qmix,smacv2,protoss_5_vs_5,100,0.0
1446000,722,2026-05-25T18:47:33.286370,5.367834568023682,1.8988226652145386,1.9790794849395752,9.64225959777832,qmix,smacv2,protoss_5_vs_5,100,0.0
1448000,723,2026-05-25T18:49:58.443960,4.670083999633789,1.4273383617401123,2.686192512512207,8.359832763671875,qmix,smacv2,protoss_5_vs_5,100,0.0
1450000,724,2026-05-25T18:52:23.304776,4.605125904083252,1.2158474922180176,2.5198745727539062,6.878660678863525,qmix,smacv2,protoss_5_vs_5,100,0.0
1452000,725,2026-05-25T18:54:49.421064,4.702667236328125,1.8199403285980225,1.6234309673309326,8.4163179397583,qmix,smacv2,protoss_5_vs_5,100,0.0
1454000,726,2026-05-25T18:57:13.695088,4.8370819091796875,2.0697672367095947,2.2405858039855957,10.376568794250488,qmix,smacv2,protoss_5_vs_5,100,0.10000000149011612
1456000,727,2026-05-25T18:59:38.793380,4.423222064971924,1.3443795442581177,2.443514585494995,7.161087989807129,qmix,smacv2,protoss_5_vs_5,100,0.0
1458000,728,2026-05-25T19:02:04.374737,4.705700874328613,1.852623462677002,2.173640251159668,10.292886734008789,qmix,smacv2,protoss_5_vs_5,100,0.05000000074505806
1460000,729,2026-05-25T19:04:35.008356,4.777615547180176,1.3068768978118896,2.3995814323425293,8.737448692321777,qmix,smacv2,protoss_5_vs_5,100,0.0
1462000,730,2026-05-25T19:06:58.784983,4.684727668762207,1.5064914226531982,2.0251047611236572,7.2740583419799805,qmix,smacv2,protoss_5_vs_5,100,0.0
1464000,731,2026-05-25T19:09:23.677381,5.184884548187256,1.6463741064071655,3.4916319847106934,9.663179397583008,qmix,smacv2,protoss_5_vs_5,100,0.0
1466000,732,2026-05-25T19:11:47.845515,4.715586185455322,1.7189422845840454,2.6443512439727783,8.826359748840332,qmix,smacv2,protoss_5_vs_5,100,0.05000000074505806
1468000,733,2026-05-25T19:14:11.300043,4.1752610206604,1.4450066089630127,2.152719497680664,8.484310150146484,qmix,smacv2,protoss_5_vs_5,100,0.0
1470000,734,2026-05-25T19:16:36.313207,4.853609085083008,1.191243290901184,3.122384548187256,7.221757411956787,qmix,smacv2,protoss_5_vs_5,100,0.0
1472000,735,2026-05-25T19:18:59.789424,4.243462085723877,1.413959264755249,2.315899610519409,8.535565376281738,qmix,smacv2,protoss_5_vs_5,100,0.05000000074505806
1474000,736,2026-05-25T19:21:25.403917,5.270397186279297,1.8194876909255981,3.0962343215942383,10.292886734008789,qmix,smacv2,protoss_5_vs_5,100,0.05000000074505806
1476000,737,2026-05-25T19:23:51.352187,4.824791431427002,1.7283059358596802,2.5857741832733154,9.046024322509766,qmix,smacv2,protoss_5_vs_5,100,0.0
1478000,738,2026-05-25T19:26:17.382154,5.17442512512207,2.4704630374908447,2.08891224861145,10.434101104736328,qmix,smacv2,protoss_5_vs_5,100,0.15000000596046448
1480000,739,2026-05-25T19:28:42.245162,4.697542190551758,1.6828631162643433,1.5784517526626587,7.464434623718262,qmix,smacv2,protoss_5_vs_5,100,0.0
1482000,740,2026-05-25T19:31:09.379007,4.578818321228027,1.5271668434143066,1.8378660678863525,7.497908592224121,qmix,smacv2,protoss_5_vs_5,100,0.0
1484000,741,2026-05-25T19:33:34.382008,4.618985176086426,1.4312113523483276,2.4780335426330566,8.103557586669922,qmix,smacv2,protoss_5_vs_5,100,0.0
1486000,742,2026-05-25T19:36:02.053617,4.5779290199279785,1.2939298152923584,2.525104522705078,7.907949924468994,qmix,smacv2,protoss_5_vs_5,100,0.0
1488000,743,2026-05-25T19:38:28.848258,5.026673316955566,1.46644127368927,1.8493725061416626,7.170502662658691,qmix,smacv2,protoss_5_vs_5,100,0.0
1490000,744,2026-05-25T19:40:55.430018,4.829131603240967,1.287859320640564,2.280334711074829,7.150628089904785,qmix,smacv2,protoss_5_vs_5,100,0.0
1492000,745,2026-05-25T19:43:22.854503,5.091526985168457,1.491451621055603,2.8891212940216064,8.025104522705078,qmix,smacv2,protoss_5_vs_5,100,0.0
1494000,746,2026-05-25T19:45:49.994446,5.922489643096924,2.0675103664398193,3.4801254272460938,11.960250854492188,qmix,smacv2,protoss_5_vs_5,100,0.10000000149011612
1496000,747,2026-05-25T19:48:18.157880,4.935041904449463,1.9637665748596191,2.979079246520996,11.96652603149414,qmix,smacv2,protoss_5_vs_5,100,0.05000000074505806
1498000,748,2026-05-25T19:50:42.551494,4.412186145782471,1.4211301803588867,1.8995815515518188,8.301255226135254,qmix,smacv2,protoss_5_vs_5,100,0.0
1500000,749,2026-05-25T19:53:05.698798,4.148221969604492,1.1458053588867188,2.2949790954589844,7.338912010192871,qmix,smacv2,protoss_5_vs_5,100,0.0
1502000,750,2026-05-25T19:55:27.705303,4.492834568023682,0.9266394376754761,2.6610875129699707,6.666317939758301,qmix,smacv2,protoss_5_vs_5,100,0.0
1504000,751,2026-05-25T19:57:46.539780,4.181275844573975,1.7159031629562378,2.3347277641296387,10.224895477294922,qmix,smacv2,protoss_5_vs_5,100,0.0
1506000,752,2026-05-25T20:00:08.384890,4.532060623168945,1.9493143558502197,1.8462343215942383,10.041841506958008,qmix,smacv2,protoss_5_vs_5,100,0.05000000074505806
1508000,753,2026-05-25T20:02:29.488084,4.5560150146484375,2.172647476196289,1.9278242588043213,11.882844924926758,qmix,smacv2,protoss_5_vs_5,100,0.05000000074505806
1510000,754,2026-05-25T20:04:51.749389,4.874895095825195,2.138418436050415,2.2186193466186523,10.443514823913574,qmix,smacv2,protoss_5_vs_5,100,0.10000000149011612
1512000,755,2026-05-25T20:07:15.069816,4.791631698608398,1.8810313940048218,2.4089958667755127,10.292887687683105,qmix,smacv2,protoss_5_vs_5,100,0.05000000074505806
1514000,756,2026-05-25T20:09:40.062356,4.188179969787598,1.1560454368591309,2.430962324142456,6.83682107925415,qmix,smacv2,protoss_5_vs_5,100,0.0
1516000,757,2026-05-25T20:12:02.201909,5.035094261169434,1.1810885667800903,3.129707098007202,7.890168190002441,qmix,smacv2,protoss_5_vs_5,100,0.0
1518000,758,2026-05-25T20:14:27.830164,5.0251569747924805,1.9569348096847534,1.9424686431884766,10.20920467376709,qmix,smacv2,protoss_5_vs_5,100,0.05000000074505806
1520000,759,2026-05-25T20:16:54.141110,4.393253326416016,1.5207483768463135,1.5983262062072754,7.588912010192871,qmix,smacv2,protoss_5_vs_5,100,0.0
1522000,760,2026-05-25T20:19:21.629194,4.839958667755127,1.5389083623886108,2.152719736099243,7.882845401763916,qmix,smacv2,protoss_5_vs_5,100,0.0
1524000,761,2026-05-25T20:21:50.379873,5.219141960144043,1.8733012676239014,2.1370291709899902,9.482217788696289,qmix,smacv2,protoss_5_vs_5,100,0.0
1526000,762,2026-05-25T20:24:18.182275,4.449267387390137,1.4223419427871704,1.8158996105194092,7.549162864685059,qmix,smacv2,protoss_5_vs_5,100,0.0
1528000,763,2026-05-25T20:26:46.622055,4.096234321594238,1.4988905191421509,1.5711297988891602,7.3054399490356445,qmix,smacv2,protoss_5_vs_5,100,0.0
1530000,764,2026-05-25T20:29:17.299300,4.0085248947143555,0.9902515411376953,1.349372386932373,5.936192512512207,qmix,smacv2,protoss_5_vs_5,100,0.0
1532000,765,2026-05-25T20:31:48.695902,4.853034019470215,1.5566587448120117,2.4633889198303223,10.292887687683105,qmix,smacv2,protoss_5_vs_5,100,0.05000000074505806
1534000,766,2026-05-25T20:34:19.097488,4.573169231414795,1.9136102199554443,2.224895477294922,10.299163818359375,qmix,smacv2,protoss_5_vs_5,100,0.05000000074505806
1536000,767,2026-05-25T20:36:53.733680,4.77207088470459,1.6004626750946045,2.1746861934661865,9.07112979888916,qmix,smacv2,protoss_5_vs_5,100,0.0
1538000,768,2026-05-25T20:39:28.013323,5.160878658294678,1.4391895532608032,3.020920515060425,7.952928066253662,qmix,smacv2,protoss_5_vs_5,100,0.0
1540000,769,2026-05-25T20:42:02.977008,4.9375,2.028407096862793,1.570083737373352,11.882844924926758,qmix,smacv2,protoss_5_vs_5,100,0.05000000074505806
1542000,770,2026-05-25T20:44:37.795850,4.741265773773193,0.924504816532135,2.7918410301208496,6.209205627441406,qmix,smacv2,protoss_5_vs_5,100,0.0
1544000,771,2026-05-25T20:47:12.910723,4.25339937210083,1.4267771244049072,2.3870294094085693,7.941422462463379,qmix,smacv2,protoss_5_vs_5,100,0.0
1546000,772,2026-05-25T20:49:46.400406,4.057897567749023,1.054322361946106,2.5826358795166016,5.824268341064453,qmix,smacv2,protoss_5_vs_5,100,0.0
1548000,773,2026-05-25T20:52:19.806154,4.70397424697876,1.7420811653137207,2.32112979888916,8.78661060333252,qmix,smacv2,protoss_5_vs_5,100,0.05000000074505806
1550000,774,2026-05-25T20:54:54.270038,3.7543416023254395,2.0451908111572266,1.3451883792877197,10.376568794250488,qmix,smacv2,protoss_5_vs_5,100,0.05000000074505806
1552000,775,2026-05-25T20:57:30.238786,4.312657356262207,1.8636550903320312,2.443514585494995,10.376568794250488,qmix,smacv2,protoss_5_vs_5,100,0.05000000074505806
1554000,776,2026-05-25T21:00:05.078769,4.816318511962891,1.7491059303283691,2.546025037765503,8.535564422607422,qmix,smacv2,protoss_5_vs_5,100,0.05000000074505806
1556000,777,2026-05-25T21:02:40.161845,4.842520713806152,1.5264796018600464,2.7280333042144775,8.024059295654297,qmix,smacv2,protoss_5_vs_5,100,0.0
1558000,778,2026-05-25T21:05:10.105616,4.980020046234131,1.889153242111206,1.7824268341064453,9.234309196472168,qmix,smacv2,protoss_5_vs_5,100,0.0
1560000,779,2026-05-25T21:08:07.487531,4.537447929382324,1.1621745824813843,2.655857801437378,6.443514823913574,qmix,smacv2,protoss_5_vs_5,100,0.0
1562000,780,2026-05-25T21:10:38.240343,4.645502090454102,1.2921358346939087,3.0083680152893066,7.364016532897949,qmix,smacv2,protoss_5_vs_5,100,0.0
1564000,781,2026-05-25T21:13:10.162701,3.9180965423583984,1.2149937152862549,1.5052300691604614,5.7405853271484375,qmix,smacv2,protoss_5_vs_5,100,0.0
1566000,782,2026-05-25T21:15:42.606819,4.7093095779418945,2.3420350551605225,2.4853556156158447,13.472803115844727,qmix,smacv2,protoss_5_vs_5,100,0.05000000074505806
1568000,783,2026-05-25T21:18:19.859862,4.561872959136963,1.539651870727539,1.7238495349884033,8.655858039855957,qmix,smacv2,protoss_5_vs_5,100,0.0
1570000,784,2026-05-25T21:20:52.685207,4.864017009735107,1.6294605731964111,2.4037656784057617,8.503138542175293,qmix,smacv2,protoss_5_vs_5,100,0.0
1572000,785,2026-05-25T21:23:25.817992,4.2654290199279785,1.225758671760559,2.1600418090820312,7.1234307289123535,qmix,smacv2,protoss_5_vs_5,100,0.0
1574000,786,2026-05-25T21:25:59.493915,5.038598537445068,1.8910276889801025,2.7897489070892334,8.451883316040039,qmix,smacv2,protoss_5_vs_5,100,0.05000000074505806
1576000,787,2026-05-25T21:28:32.186570,4.425470352172852,1.2256633043289185,2.3326361179351807,7.28033447265625,qmix,smacv2,protoss_5_vs_5,100,0.0
1578000,788,2026-05-25T21:31:04.651646,4.708472728729248,1.3375816345214844,2.4581589698791504,7.868200778961182,qmix,smacv2,protoss_5_vs_5,100,0.0
1580000,789,2026-05-25T21:33:36.657373,4.251255035400391,1.0650238990783691,2.242677688598633,6.525104522705078,qmix,smacv2,protoss_5_vs_5,100,0.0
1582000,790,2026-05-25T21:36:07.205743,5.0309624671936035,1.8959866762161255,2.525104522705078,10.292886734008789,qmix,smacv2,protoss_5_vs_5,100,0.10000000149011612
1584000,791,2026-05-25T21:38:36.027901,5.139016628265381,1.2450755834579468,3.397489547729492,7.07112979888916,qmix,smacv2,protoss_5_vs_5,100,0.0
1586000,792,2026-05-25T21:41:14.654229,4.236872673034668,1.3967043161392212,2.515690326690674,8.828452110290527,qmix,smacv2,protoss_5_vs_5,100,0.0
1588000,793,2026-05-25T21:43:52.431404,4.826569557189941,1.401932716369629,2.709205150604248,8.376568794250488,qmix,smacv2,protoss_5_vs_5,100,0.0
1590000,794,2026-05-25T21:46:31.434694,5.6166839599609375,2.320032835006714,2.6694560050964355,11.891214370727539,qmix,smacv2,protoss_5_vs_5,100,0.10000000149011612
1592000,795,2026-05-25T21:49:04.057556,4.554027557373047,1.6314486265182495,2.4602510929107666,8.251046180725098,qmix,smacv2,protoss_5_vs_5,100,0.0
1594000,796,2026-05-25T21:51:36.953951,4.418828010559082,1.0411171913146973,3.081590175628662,6.625523567199707,qmix,smacv2,protoss_5_vs_5,100,0.0
1596000,797,2026-05-25T21:54:08.526254,4.458368301391602,1.1635258197784424,1.9832637310028076,7.071130275726318,qmix,smacv2,protoss_5_vs_5,100,0.0
1598000,798,2026-05-25T21:56:41.225574,4.340115070343018,1.0564733743667603,2.7918407917022705,7.2437238693237305,qmix,smacv2,protoss_5_vs_5,100,0.0
1600000,799,2026-05-25T21:59:12.935012,4.466893196105957,1.2125331163406372,2.80334734916687,7.515690803527832,qmix,smacv2,protoss_5_vs_5,100,0.0
1602000,800,2026-05-25T22:01:46.358430,4.281903266906738,1.3601672649383545,1.8744771480560303,7.021966457366943,qmix,smacv2,protoss_5_vs_5,100,0.0
1604000,801,2026-05-25T22:04:17.984949,4.7451887130737305,1.1325956583023071,3.196652889251709,7.587866306304932,qmix,smacv2,protoss_5_vs_5,100,0.0
1606000,802,2026-05-25T22:06:47.986152,4.52583646774292,1.5495085716247559,2.4121339321136475,7.531380653381348,qmix,smacv2,protoss_5_vs_5,100,0.0
1608000,803,2026-05-25T22:09:17.230060,4.659466743469238,1.3184081315994263,2.8023011684417725,7.922593593597412,qmix,smacv2,protoss_5_vs_5,100,0.0
1610000,804,2026-05-25T22:11:43.790367,4.560983180999756,1.8728538751602173,1.9079498052597046,9.221756935119629,qmix,smacv2,protoss_5_vs_5,100,0.0
1612000,805,2026-05-25T22:14:10.413852,4.479968547821045,1.1421087980270386,2.7709202766418457,6.7939324378967285,qmix,smacv2,protoss_5_vs_5,100,0.0
1614000,806,2026-05-25T22:16:36.491316,4.394404411315918,2.454005241394043,1.074267864227295,10.376569747924805,qmix,smacv2,protoss_5_vs_5,100,0.10000000149011612
1616000,807,2026-05-25T22:19:02.797806,4.340794563293457,1.520637035369873,1.6663179397583008,7.347280979156494,qmix,smacv2,protoss_5_vs_5,100,0.0
1618000,808,2026-05-25T22:21:29.893149,4.9944562911987305,1.9051902294158936,2.3514645099639893,9.949790954589844,qmix,smacv2,protoss_5_vs_5,100,0.05000000074505806
1620000,809,2026-05-25T22:23:57.323153,4.798796653747559,1.6356744766235352,2.9456067085266113,8.979079246520996,qmix,smacv2,protoss_5_vs_5,100,0.0
1622000,810,2026-05-25T22:26:24.593749,4.428452014923096,1.2110623121261597,1.9748954772949219,6.920502662658691,qmix,smacv2,protoss_5_vs_5,100,0.0
1624000,811,2026-05-25T22:28:50.716138,4.718253135681152,1.569577932357788,1.73221755027771,7.60669469833374,qmix,smacv2,protoss_5_vs_5,100,0.0
1626000,812,2026-05-25T22:31:16.220092,4.277249336242676,1.259453535079956,2.21966552734375,6.527197360992432,qmix,smacv2,protoss_5_vs_5,100,0.0
1628000,813,2026-05-25T22:33:43.182937,4.389592170715332,1.0722512006759644,2.469665288925171,6.692469120025635,qmix,smacv2,protoss_5_vs_5,100,0.0
1630000,814,2026-05-25T22:36:10.632570,4.892782688140869,1.1121656894683838,2.7845187187194824,7.439330101013184,qmix,smacv2,protoss_5_vs_5,100,0.0
1632000,815,2026-05-25T22:38:39.546092,5.143619537353516,1.9471198320388794,2.308577537536621,9.990586280822754,qmix,smacv2,protoss_5_vs_5,100,0.0
1634000,816,2026-05-25T22:41:10.992040,5.099111080169678,1.5439677238464355,2.6778242588043213,8.033472061157227,qmix,smacv2,protoss_5_vs_5,100,0.0
1636000,817,2026-05-25T22:43:45.148060,5.130125999450684,1.6914162635803223,2.2060670852661133,8.786611557006836,qmix,smacv2,protoss_5_vs_5,100,0.05000000074505806
1638000,818,2026-05-25T22:46:19.599240,4.933367729187012,1.3002872467041016,2.0523014068603516,7.330544471740723,qmix,smacv2,protoss_5_vs_5,100,0.0
1640000,819,2026-05-25T22:48:54.341434,4.853817939758301,0.709378182888031,3.790794849395752,6.32112979888916,qmix,smacv2,protoss_5_vs_5,100,0.0
1642000,820,2026-05-25T22:51:32.697436,4.558158874511719,1.8978921175003052,2.3682007789611816,10.041840553283691,qmix,smacv2,protoss_5_vs_5,100,0.05000000074505806
1644000,821,2026-05-25T22:54:11.375441,4.477039813995361,1.1031782627105713,3.04811692237854,7.841004848480225,qmix,smacv2,protoss_5_vs_5,100,0.0
1646000,822,2026-05-25T22:56:53.798300,5.483839511871338,2.563723087310791,1.8922593593597412,11.715481758117676,qmix,smacv2,protoss_5_vs_5,100,0.10000000149011612
1648000,823,2026-05-25T22:59:35.521371,4.490115165710449,1.6532771587371826,2.280334711074829,8.836820602416992,qmix,smacv2,protoss_5_vs_5,100,0.05000000074505806
1650000,824,2026-05-25T23:02:18.042751,5.220396995544434,2.1016104221343994,3.019874095916748,11.882844924926758,qmix,smacv2,protoss_5_vs_5,100,0.05000000074505806
1652000,825,2026-05-25T23:05:00.922457,4.987813949584961,1.4679219722747803,2.023012399673462,7.539748191833496,qmix,smacv2,protoss_5_vs_5,100,0.0
1654000,826,2026-05-25T23:07:44.441206,4.626621246337891,1.8652774095535278,1.9330543279647827,7.8828444480896,qmix,smacv2,protoss_5_vs_5,100,0.0
1656000,827,2026-05-25T23:10:27.218836,5.37986421585083,1.8083170652389526,2.5031378269195557,10.041840553283691,qmix,smacv2,protoss_5_vs_5,100,0.05000000074505806
1658000,828,2026-05-25T23:13:09.145011,4.168410301208496,1.3887146711349487,1.3389121294021606,6.803347110748291,qmix,smacv2,protoss_5_vs_5,100,0.0
1660000,829,2026-05-25T23:15:51.055703,4.4737443923950195,1.429205060005188,2.466527223587036,7.913180351257324,qmix,smacv2,protoss_5_vs_5,100,0.0
1662000,830,2026-05-25T23:18:32.406716,4.762186050415039,1.6374857425689697,2.2008368968963623,9.606693267822266,qmix,smacv2,protoss_5_vs_5,100,0.0
1664000,831,2026-05-25T23:21:12.541250,5.107112407684326,1.1578119993209839,3.4215481281280518,7.773012638092041,qmix,smacv2,protoss_5_vs_5,100,0.0
1666000,832,2026-05-25T23:23:50.965265,4.962552070617676,1.7935981750488281,1.8242677450180054,8.70292854309082,qmix,smacv2,protoss_5_vs_5,100,0.05000000074505806
1668000,833,2026-05-25T23:26:29.833304,5.605282783508301,1.8875247240066528,2.1589958667755127,10.209205627441406,qmix,smacv2,protoss_5_vs_5,100,0.05000000074505806
1670000,834,2026-05-25T23:29:05.051569,3.471914768218994,1.2936646938323975,1.2248954772949219,6.861924648284912,qmix,smacv2,protoss_5_vs_5,100,0.0
1672000,835,2026-05-25T23:31:46.013212,3.824686050415039,1.113071322441101,1.9665272235870361,5.815899848937988,qmix,smacv2,protoss_5_vs_5,100,0.0
1674000,836,2026-05-25T23:34:22.024898,4.506276607513428,2.038778305053711,2.0805439949035645,11.974895477294922,qmix,smacv2,protoss_5_vs_5,100,0.05000000074505806
1676000,837,2026-05-25T23:36:57.718783,5.205596446990967,1.8031307458877563,2.870292901992798,8.634937286376953,qmix,smacv2,protoss_5_vs_5,100,0.05000000074505806
1678000,838,2026-05-25T23:39:33.504271,4.387238502502441,1.3341723680496216,2.020920515060425,6.604601860046387,qmix,smacv2,protoss_5_vs_5,100,0.0
1680000,839,2026-05-25T23:42:08.217087,5.276987552642822,2.0207505226135254,2.594141960144043,10.20920467376709,qmix,smacv2,protoss_5_vs_5,100,0.10000000149011612
1682000,840,2026-05-25T23:44:45.034504,5.593514919281006,1.8901989459991455,2.0753140449523926,10.376568794250488,qmix,smacv2,protoss_5_vs_5,100,0.05000000074505806
1684000,841,2026-05-25T23:47:21.461775,3.9156901836395264,1.2553696632385254,2.0470712184906006,7.958159446716309,qmix,smacv2,protoss_5_vs_5,100,0.0
1686000,842,2026-05-25T23:49:55.787855,4.349581241607666,1.1895548105239868,1.8995815515518188,5.991631984710693,qmix,smacv2,protoss_5_vs_5,100,0.0
1688000,843,2026-05-25T23:52:28.897437,3.9673638343811035,1.3448299169540405,1.6495815515518188,6.443514823913574,qmix,smacv2,protoss_5_vs_5,100,0.0
1690000,844,2026-05-25T23:55:01.088588,4.678347110748291,1.5830434560775757,1.6370292901992798,8.092050552368164,qmix,smacv2,protoss_5_vs_5,100,0.0
1692000,845,2026-05-25T23:57:32.181063,4.131956100463867,1.3062459230422974,1.978033423423767,7.596234321594238,qmix,smacv2,protoss_5_vs_5,100,0.0
1694000,846,2026-05-26T00:00:00.456197,4.8257317543029785,1.6428053379058838,1.7489538192749023,7.874477386474609,qmix,smacv2,protoss_5_vs_5,100,0.0
1696000,847,2026-05-26T00:02:27.051949,4.831643104553223,1.1188476085662842,3.6317989826202393,7.831589698791504,qmix,smacv2,protoss_5_vs_5,100,0.0
1698000,848,2026-05-26T00:04:53.938885,4.875523567199707,1.6285616159439087,2.3640167713165283,8.41840934753418,qmix,smacv2,protoss_5_vs_5,100,0.0
1700000,849,2026-05-26T00:07:17.470171,4.4485883712768555,1.3146723508834839,2.9372384548187256,7.4225945472717285,qmix,smacv2,protoss_5_vs_5,100,0.0
1702000,850,2026-05-26T00:09:40.972101,5.075732231140137,1.8667563199996948,2.400627613067627,10.125523567199707,qmix,smacv2,protoss_5_vs_5,100,0.05000000074505806
1704000,851,2026-05-26T00:12:03.231762,4.412971019744873,1.92621910572052,1.7907947301864624,9.587865829467773,qmix,smacv2,protoss_5_vs_5,100,0.0
1706000,852,2026-05-26T00:14:26.886934,4.649529457092285,1.7192801237106323,2.1286611557006836,10.09414291381836,qmix,smacv2,protoss_5_vs_5,100,0.05000000074505806
1708000,853,2026-05-26T00:16:45.986666,4.5704498291015625,1.51199471950531,1.0543932914733887,7.656904697418213,qmix,smacv2,protoss_5_vs_5,100,0.0
1710000,854,2026-05-26T00:19:03.661931,4.606642246246338,2.3764426708221436,2.1830544471740723,11.96652603149414,qmix,smacv2,protoss_5_vs_5,100,0.10000000149011612
1712000,855,2026-05-26T00:21:24.488051,4.4212870597839355,1.507279634475708,1.6506274938583374,8.133891105651855,qmix,smacv2,protoss_5_vs_5,100,0.0
1714000,856,2026-05-26T00:23:44.503948,4.858263969421387,1.8186452388763428,2.1255228519439697,9.79079532623291,qmix,smacv2,protoss_5_vs_5,100,0.0
1716000,857,2026-05-26T00:26:03.462806,4.890010356903076,2.069350481033325,1.6202930212020874,10.36401653289795,qmix,smacv2,protoss_5_vs_5,100,0.05000000074505806
1718000,858,2026-05-26T00:28:26.685109,4.933682441711426,2.279191017150879,2.0418410301208496,11.732216835021973,qmix,smacv2,protoss_5_vs_5,100,0.05000000074505806
1720000,859,2026-05-26T00:30:50.861395,4.531119346618652,1.3005825281143188,2.173640251159668,7.514643669128418,qmix,smacv2,protoss_5_vs_5,100,0.0
1722000,860,2026-05-26T00:33:14.809888,4.107636451721191,1.3683980703353882,1.6370292901992798,6.478033542633057,qmix,smacv2,protoss_5_vs_5,100,0.0
1724000,861,2026-05-26T00:35:39.180535,5.388546466827393,2.036224842071533,2.8682007789611816,11.927824020385742,qmix,smacv2,protoss_5_vs_5,100,0.05000000074505806
1726000,862,2026-05-26T00:38:03.262252,4.573587417602539,1.429366111755371,2.142259359359741,7.665271759033203,qmix,smacv2,protoss_5_vs_5,100,0.0
1728000,863,2026-05-26T00:40:28.134375,4.04382848739624,1.7152858972549438,1.5251046419143677,8.776150703430176,qmix,smacv2,protoss_5_vs_5,100,0.0
1730000,864,2026-05-26T00:42:52.793141,4.706903457641602,1.2002668380737305,2.3661088943481445,6.60250997543335,qmix,smacv2,protoss_5_vs_5,100,0.0
1732000,865,2026-05-26T00:45:18.370739,4.691579818725586,2.0506489276885986,2.0543932914733887,11.966526985168457,qmix,smacv2,protoss_5_vs_5,100,0.05000000074505806
1734000,866,2026-05-26T00:47:48.595317,4.7244768142700195,1.9182698726654053,1.7887029647827148,9.08786678314209,qmix,smacv2,protoss_5_vs_5,100,0.0
1736000,867,2026-05-26T00:50:19.923374,4.445659160614014,1.334401249885559,1.8242677450180054,7.270920753479004,qmix,smacv2,protoss_5_vs_5,100,0.0
1738000,868,2026-05-26T00:52:50.839245,4.581694602966309,1.5018088817596436,2.5983264446258545,8.007322311401367,qmix,smacv2,protoss_5_vs_5,100,0.0
1740000,869,2026-05-26T00:55:23.586349,4.6411614418029785,1.8712681531906128,1.8075313568115234,9.248953819274902,qmix,smacv2,protoss_5_vs_5,100,0.0
1742000,870,2026-05-26T00:57:58.289807,5.4385986328125,2.2216098308563232,2.8284518718719482,10.20920467376709,qmix,smacv2,protoss_5_vs_5,100,0.10000000149011612
1744000,871,2026-05-26T01:00:33.537127,4.747176170349121,1.5580315589904785,2.115062952041626,8.619246482849121,qmix,smacv2,protoss_5_vs_5,100,0.0
1746000,872,2026-05-26T01:03:08.528858,4.441422462463379,1.1496316194534302,1.8870292901992798,6.298116683959961,qmix,smacv2,protoss_5_vs_5,100,0.0
1748000,873,2026-05-26T01:05:48.333992,4.4836297035217285,1.8593450784683228,1.9069039821624756,10.209205627441406,qmix,smacv2,protoss_5_vs_5,100,0.05000000074505806
1750000,874,2026-05-26T01:08:29.948624,4.991788864135742,1.255043864250183,2.836820125579834,8.64853572845459,qmix,smacv2,protoss_5_vs_5,100,0.0
1752000,875,2026-05-26T01:11:11.876712,4.362342834472656,1.5470421314239502,1.5251046419143677,7.096234321594238,qmix,smacv2,protoss_5_vs_5,100,0.0
1754000,876,2026-05-26T01:13:53.198845,5.3588385581970215,1.8447695970535278,2.698744773864746,8.70292854309082,qmix,smacv2,protoss_5_vs_5,100,0.15000000596046448
1756000,877,2026-05-26T01:16:35.190030,4.495711326599121,1.849756121635437,1.8964436054229736,9.037656784057617,qmix,smacv2,protoss_5_vs_5,100,0.0
1758000,878,2026-05-26T01:19:16.023442,5.118252754211426,1.5639970302581787,3.2813804149627686,9.322175025939941,qmix,smacv2,protoss_5_vs_5,100,0.0
1760000,879,2026-05-26T01:21:54.938171,4.603137969970703,1.3304600715637207,2.8127613067626953,7.682008266448975,qmix,smacv2,protoss_5_vs_5,100,0.0
1762000,880,2026-05-26T01:24:35.317880,5.088179588317871,2.1070995330810547,2.471757411956787,12.089958190917969,qmix,smacv2,protoss_5_vs_5,100,0.05000000074505806
1764000,881,2026-05-26T01:27:14.798824,5.1093621253967285,1.3504421710968018,3.290795087814331,8.309623718261719,qmix,smacv2,protoss_5_vs_5,100,0.0
1766000,882,2026-05-26T01:29:53.530407,4.485146522521973,1.5185168981552124,2.0418410301208496,9.389121055603027,qmix,smacv2,protoss_5_vs_5,100,0.0
1768000,883,2026-05-26T01:32:32.951775,4.055334568023682,1.3539197444915771,1.6820083856582642,6.619246482849121,qmix,smacv2,protoss_5_vs_5,100,0.0
1770000,884,2026-05-26T01:35:11.340692,4.261086940765381,1.4146274328231812,2.0826358795166016,7.700837135314941,qmix,smacv2,protoss_5_vs_5,100,0.0
1772000,885,2026-05-26T01:37:50.207998,5.432845115661621,2.595782995223999,2.661087989807129,11.958158493041992,qmix,smacv2,protoss_5_vs_5,100,0.15000000596046448
1774000,886,2026-05-26T01:40:29.968276,3.9910569190979004,1.1153886318206787,2.107740640640259,6.402719020843506,qmix,smacv2,protoss_5_vs_5,100,0.0
1776000,887,2026-05-26T01:43:16.228958,4.586767673492432,1.2851656675338745,2.525104522705078,8.675731658935547,qmix,smacv2,protoss_5_vs_5,100,0.0
1778000,888,2026-05-26T01:45:57.984918,5.46820068359375,2.005772590637207,2.0428872108459473,11.799161911010742,qmix,smacv2,protoss_5_vs_5,100,0.05000000074505806
1780000,889,2026-05-26T01:48:38.681004,5.229916572570801,2.0474812984466553,1.757322072982788,10.292886734008789,qmix,smacv2,protoss_5_vs_5,100,0.05000000074505806
1782000,890,2026-05-26T01:51:16.655607,4.488597869873047,1.1702982187271118,2.78556489944458,7.447699069976807,qmix,smacv2,protoss_5_vs_5,100,0.0
1784000,891,2026-05-26T01:53:54.754658,4.798274040222168,1.518227458000183,2.0721757411956787,8.551255226135254,qmix,smacv2,protoss_5_vs_5,100,0.0
1786000,892,2026-05-26T01:56:35.076391,4.942834854125977,1.6766108274459839,1.9163179397583008,8.0836820602417,qmix,smacv2,protoss_5_vs_5,100,0.0
1788000,893,2026-05-26T01:59:14.561981,4.66757345199585,2.2984421253204346,2.150627613067627,11.821130752563477,qmix,smacv2,protoss_5_vs_5,100,0.05000000074505806
1790000,894,2026-05-26T02:01:53.833117,4.264644622802734,1.1664077043533325,2.349372386932373,7.028242588043213,qmix,smacv2,protoss_5_vs_5,100,0.0
1792000,895,2026-05-26T02:04:32.908045,4.765114784240723,1.302839994430542,2.9790797233581543,8.895397186279297,qmix,smacv2,protoss_5_vs_5,100,0.0
1794000,896,2026-05-26T02:07:13.383676,4.878556251525879,2.0972394943237305,2.08368182182312,11.799162864685059,qmix,smacv2,protoss_5_vs_5,100,0.05000000074505806
1796000,897,2026-05-26T02:09:54.128264,4.639853477478027,1.7492865324020386,2.6056485176086426,9.582635879516602,qmix,smacv2,protoss_5_vs_5,100,0.0
1798000,898,2026-05-26T02:12:34.760435,4.32829475402832,2.1683995723724365,2.2437238693237305,11.799163818359375,qmix,smacv2,protoss_5_vs_5,100,0.05000000074505806
1800000,899,2026-05-26T02:15:15.820982,4.988075256347656,1.7059218883514404,2.8838911056518555,8.442468643188477,qmix,smacv2,protoss_5_vs_5,100,0.0
1802000,900,2026-05-26T02:17:56.390526,4.478085994720459,1.850084662437439,2.19665265083313,10.653765678405762,qmix,smacv2,protoss_5_vs_5,100,0.0
1804000,901,2026-05-26T02:20:37.235744,4.973535537719727,1.1855422258377075,3.263598680496216,8.711297035217285,qmix,smacv2,protoss_5_vs_5,100,0.0
1806000,902,2026-05-26T02:23:15.732444,4.324372291564941,1.5250507593154907,1.4466527700424194,7.722802639007568,qmix,smacv2,protoss_5_vs_5,100,0.0
1808000,903,2026-05-26T02:25:53.179735,4.79079532623291,1.2183867692947388,2.83891224861145,7.004183769226074,qmix,smacv2,protoss_5_vs_5,100,0.0
1810000,904,2026-05-26T02:28:30.455116,4.535721778869629,1.4783812761306763,2.0198745727539062,7.565898895263672,qmix,smacv2,protoss_5_vs_5,100,0.0
1812000,905,2026-05-26T02:31:04.938888,4.480596542358398,1.278771162033081,2.2928872108459473,7.3232221603393555,qmix,smacv2,protoss_5_vs_5,100,0.0
1814000,906,2026-05-26T02:33:37.139311,4.0262556076049805,1.009322166442871,2.0523014068603516,5.645397663116455,qmix,smacv2,protoss_5_vs_5,100,0.0
1816000,907,2026-05-26T02:36:08.511561,4.183577537536621,1.3445576429367065,2.3410041332244873,7.471756935119629,qmix,smacv2,protoss_5_vs_5,100,0.0
1818000,908,2026-05-26T02:38:38.516301,4.9757843017578125,1.3789520263671875,3.311715602874756,7.3064866065979,qmix,smacv2,protoss_5_vs_5,100,0.0
1820000,909,2026-05-26T02:41:35.883603,4.371025085449219,1.1357640027999878,1.8357741832733154,6.410041809082031,qmix,smacv2,protoss_5_vs_5,100,0.0
1822000,910,2026-05-26T02:44:06.150523,4.9918413162231445,1.7702299356460571,2.433054208755493,8.937238693237305,qmix,smacv2,protoss_5_vs_5,100,0.05000000074505806
1824000,911,2026-05-26T02:46:35.305325,3.885826587677002,1.0059677362442017,2.1129708290100098,6.108786582946777,qmix,smacv2,protoss_5_vs_5,100,0.0
1826000,912,2026-05-26T02:49:03.653234,4.647698879241943,1.7830225229263306,2.200836658477783,10.209205627441406,qmix,smacv2,protoss_5_vs_5,100,0.05000000074505806
1828000,913,2026-05-26T02:51:33.027764,4.381014823913574,1.5277479887008667,1.715481162071228,8.002092361450195,qmix,smacv2,protoss_5_vs_5,100,0.0
1830000,914,2026-05-26T02:54:03.381641,5.130962371826172,1.9968472719192505,2.0240585803985596,9.56485366821289,qmix,smacv2,protoss_5_vs_5,100,0.0
1832000,915,2026-05-26T02:56:29.465904,4.489120960235596,1.692378044128418,2.354602575302124,10.20920467376709,qmix,smacv2,protoss_5_vs_5,100,0.05000000074505806
1834000,916,2026-05-26T02:58:56.482722,5.04796028137207,1.5128148794174194,2.359832763671875,7.564854621887207,qmix,smacv2,protoss_5_vs_5,100,0.0
1836000,917,2026-05-26T03:01:23.601100,5.9175214767456055,1.872057318687439,2.849372386932373,10.209205627441406,qmix,smacv2,protoss_5_vs_5,100,0.10000000149011612
1838000,918,2026-05-26T03:03:50.392741,4.335826396942139,1.508784532546997,2.278242588043213,8.619246482849121,qmix,smacv2,protoss_5_vs_5,100,0.05000000074505806
1840000,919,2026-05-26T03:06:18.770942,5.183786869049072,1.3551031351089478,3.0627613067626953,8.267782211303711,qmix,smacv2,protoss_5_vs_5,100,0.0
1842000,920,2026-05-26T03:08:43.124516,4.825104713439941,1.5258302688598633,2.3765690326690674,8.680961608886719,qmix,smacv2,protoss_5_vs_5,100,0.0
1844000,921,2026-05-26T03:11:10.931857,4.118828296661377,1.1821553707122803,2.117154836654663,6.188284397125244,qmix,smacv2,protoss_5_vs_5,100,0.0
1846000,922,2026-05-26T03:13:36.355962,4.189435005187988,1.8943840265274048,1.7395397424697876,10.235355377197266,qmix,smacv2,protoss_5_vs_5,100,0.05000000074505806
1848000,923,2026-05-26T03:16:03.288810,3.9331068992614746,1.460091471672058,1.669456124305725,7.8828444480896,qmix,smacv2,protoss_5_vs_5,100,0.0
1850000,924,2026-05-26T03:18:28.940361,3.9316420555114746,1.7333546876907349,1.8075313568115234,9.405858039855957,qmix,smacv2,protoss_5_vs_5,100,0.0
1852000,925,2026-05-26T03:20:54.430641,4.439696311950684,1.9089065790176392,2.5345187187194824,10.897490501403809,qmix,smacv2,protoss_5_vs_5,100,0.0
1854000,926,2026-05-26T03:23:22.652504,4.369142055511475,1.5879734754562378,1.9382842779159546,9.841004371643066,qmix,smacv2,protoss_5_vs_5,100,0.0
1856000,927,2026-05-26T03:25:50.340174,3.9172072410583496,1.4545835256576538,1.1548117399215698,7.556485176086426,qmix,smacv2,protoss_5_vs_5,100,0.0
1858000,928,2026-05-26T03:28:20.869213,4.73833703994751,2.132742404937744,1.830543875694275,11.966526985168457,qmix,smacv2,protoss_5_vs_5,100,0.05000000074505806
1860000,929,2026-05-26T03:30:54.101203,5.4365057945251465,1.2407917976379395,2.994769811630249,8.109832763671875,qmix,smacv2,protoss_5_vs_5,100,0.0
1862000,930,2026-05-26T03:33:28.648897,4.882636070251465,1.33882474899292,2.3682007789611816,7.08786678314209,qmix,smacv2,protoss_5_vs_5,100,0.0
1864000,931,2026-05-26T03:36:01.878503,4.6022491455078125,1.28034508228302,2.051255226135254,7.405858039855957,qmix,smacv2,protoss_5_vs_5,100,0.0
1866000,932,2026-05-26T03:38:37.026366,5.357374668121338,2.5475809574127197,2.4790797233581543,13.472804069519043,qmix,smacv2,protoss_5_vs_5,100,0.05000000074505806
1868000,933,2026-05-26T03:41:07.297705,5.165272235870361,2.0115199089050293,2.3755228519439697,11.079498291015625,qmix,smacv2,protoss_5_vs_5,100,0.0
1870000,934,2026-05-26T03:43:40.291494,4.535878658294678,1.5225427150726318,2.0983264446258545,7.841004371643066,qmix,smacv2,protoss_5_vs_5,100,0.0
1872000,935,2026-05-26T03:46:10.805739,4.851202487945557,1.653595209121704,1.7238495349884033,8.652719497680664,qmix,smacv2,protoss_5_vs_5,100,0.0
1874000,936,2026-05-26T03:48:41.978975,3.872908115386963,1.3574901819229126,1.1464436054229736,6.04184103012085,qmix,smacv2,protoss_5_vs_5,100,0.0
1876000,937,2026-05-26T03:51:10.986268,4.638023376464844,1.1357313394546509,2.7416319847106934,7.2133893966674805,qmix,smacv2,protoss_5_vs_5,100,0.0
1878000,938,2026-05-26T03:53:41.229967,5.139697074890137,2.2700819969177246,2.652719736099243,11.882844924926758,qmix,smacv2,protoss_5_vs_5,100,0.10000000149011612
1880000,939,2026-05-26T03:56:09.357196,4.64853572845459,0.9653898477554321,2.4602510929107666,6.3106689453125,qmix,smacv2,protoss_5_vs_5,100,0.0
1882000,940,2026-05-26T03:58:46.103905,5.066108703613281,1.8127646446228027,2.5784521102905273,8.508368492126465,qmix,smacv2,protoss_5_vs_5,100,0.05000000074505806
1884000,941,2026-05-26T04:01:16.770866,4.729601860046387,1.391579031944275,2.67887020111084,8.180961608886719,qmix,smacv2,protoss_5_vs_5,100,0.0
1886000,942,2026-05-26T04:03:47.309031,4.0218095779418945,1.5419176816940308,1.471757411956787,6.861924648284912,qmix,smacv2,protoss_5_vs_5,100,0.0
1888000,943,2026-05-26T04:06:17.571171,4.71553373336792,1.7899292707443237,1.5439330339431763,7.606694221496582,qmix,smacv2,protoss_5_vs_5,100,0.0
1890000,944,2026-05-26T04:08:47.802886,4.821233749389648,1.9131232500076294,2.384937286376953,10.376568794250488,qmix,smacv2,protoss_5_vs_5,100,0.10000000149011612
1892000,945,2026-05-26T04:11:16.482422,4.65303373336792,1.355886459350586,2.083682060241699,6.728033542633057,qmix,smacv2,protoss_5_vs_5,100,0.0
1894000,946,2026-05-26T04:13:46.525128,4.3173112869262695,1.7423344850540161,2.048117160797119,8.460250854492188,qmix,smacv2,protoss_5_vs_5,100,0.0
1896000,947,2026-05-26T04:16:14.850570,4.299790859222412,1.531286597251892,2.861924648284912,8.36820125579834,qmix,smacv2,protoss_5_vs_5,100,0.05000000074505806
1898000,948,2026-05-26T04:18:41.627430,4.511192798614502,1.5841948986053467,1.9163179397583008,8.008368492126465,qmix,smacv2,protoss_5_vs_5,100,0.0
1900000,949,2026-05-26T04:21:08.080995,5.0828447341918945,2.2058815956115723,2.2343099117279053,11.964434623718262,qmix,smacv2,protoss_5_vs_5,100,0.05000000074505806
1902000,950,2026-05-26T04:23:34.759796,4.150628089904785,1.2460672855377197,1.7520921230316162,6.839958190917969,qmix,smacv2,protoss_5_vs_5,100,0.0
1904000,951,2026-05-26T04:26:00.329189,4.019299030303955,1.5121543407440186,0.820083737373352,8.070083618164062,qmix,smacv2,protoss_5_vs_5,100,0.0
1906000,952,2026-05-26T04:28:25.286332,4.527144432067871,1.876961588859558,2.0167365074157715,8.585774421691895,qmix,smacv2,protoss_5_vs_5,100,0.05000000074505806
1908000,953,2026-05-26T04:30:49.476891,4.747908592224121,1.339447259902954,2.8253138065338135,8.471756935119629,qmix,smacv2,protoss_5_vs_5,100,0.0
1910000,954,2026-05-26T04:33:14.284268,4.188023090362549,1.873326301574707,1.6317991018295288,9.996861457824707,qmix,smacv2,protoss_5_vs_5,100,0.0
1912000,955,2026-05-26T04:35:34.458426,5.063807487487793,2.329857349395752,2.6778242588043213,11.882844924926758,qmix,smacv2,protoss_5_vs_5,100,0.10000000149011612
1914000,956,2026-05-26T04:37:58.284136,5.087708473205566,2.1629257202148438,2.811715602874756,10.20920467376709,qmix,smacv2,protoss_5_vs_5,100,0.05000000074505806
1916000,957,2026-05-26T04:40:21.313238,4.661715507507324,2.032541036605835,1.465481162071228,10.292887687683105,qmix,smacv2,protoss_5_vs_5,100,0.10000000149011612
1918000,958,2026-05-26T04:42:45.860490,5.329916477203369,1.4355467557907104,3.640167713165283,10.20920467376709,qmix,smacv2,protoss_5_vs_5,100,0.05000000074505806
1920000,959,2026-05-26T04:45:10.605617,4.667259216308594,0.9912524819374084,2.0502092838287354,6.594141960144043,qmix,smacv2,protoss_5_vs_5,100,0.0
1922000,960,2026-05-26T04:47:35.746100,5.088650703430176,1.6494301557540894,3.5910041332244873,10.12552261352539,qmix,smacv2,protoss_5_vs_5,100,0.10000000149011612
1924000,961,2026-05-26T04:50:02.721925,5.016422271728516,1.5114960670471191,3.280334949493408,9.21338939666748,qmix,smacv2,protoss_5_vs_5,100,0.0
1926000,962,2026-05-26T04:52:28.504838,4.491318225860596,1.4529443979263306,2.716526985168457,8.192468643188477,qmix,smacv2,protoss_5_vs_5,100,0.0
1928000,963,2026-05-26T04:54:52.894161,4.4538702964782715,1.4288111925125122,2.2238495349884033,7.046025276184082,qmix,smacv2,protoss_5_vs_5,100,0.0
1930000,964,2026-05-26T04:57:18.947034,4.067416191101074,1.0515146255493164,2.4686193466186523,5.891213417053223,qmix,smacv2,protoss_5_vs_5,100,0.0
1932000,965,2026-05-26T04:59:48.444731,5.020972728729248,1.475498914718628,2.9707112312316895,8.535565376281738,qmix,smacv2,protoss_5_vs_5,100,0.05000000074505806
1934000,966,2026-05-26T05:02:18.227511,3.932060956954956,0.7304016947746277,2.624476909637451,5.221756935119629,qmix,smacv2,protoss_5_vs_5,100,0.0
1936000,967,2026-05-26T05:04:48.251774,4.145083427429199,1.8196194171905518,1.9759414196014404,10.20920467376709,qmix,smacv2,protoss_5_vs_5,100,0.05000000074505806
1938000,968,2026-05-26T05:07:22.614284,4.044874668121338,1.366129755973816,1.523012638092041,6.401673316955566,qmix,smacv2,protoss_5_vs_5,100,0.0
1940000,969,2026-05-26T05:09:59.827460,4.808525085449219,1.3069000244140625,2.6924686431884766,7.016736030578613,qmix,smacv2,protoss_5_vs_5,100,0.0
1942000,970,2026-05-26T05:12:37.806869,4.801882743835449,2.0534069538116455,3.0366110801696777,11.937238693237305,qmix,smacv2,protoss_5_vs_5,100,0.10000000149011612
1944000,971,2026-05-26T05:15:17.618108,4.418776035308838,1.5249091386795044,1.8200838565826416,8.02405834197998,qmix,smacv2,protoss_5_vs_5,100,0.0
1946000,972,2026-05-26T05:17:58.674844,4.950052738189697,1.6595828533172607,2.928870439529419,7.589958190917969,qmix,smacv2,protoss_5_vs_5,100,0.0
1948000,973,2026-05-26T05:20:42.521089,4.626986980438232,0.982719898223877,2.2688283920288086,6.686192989349365,qmix,smacv2,protoss_5_vs_5,100,0.0
1950000,974,2026-05-26T05:23:25.808584,4.942154884338379,2.174703359603882,1.9811716079711914,10.706067085266113,qmix,smacv2,protoss_5_vs_5,100,0.05000000074505806
1952000,975,2026-05-26T05:26:08.942589,4.247593879699707,1.5460222959518433,2.1673641204833984,6.873431205749512,qmix,smacv2,protoss_5_vs_5,100,0.0
1954000,976,2026-05-26T05:28:53.264173,4.043410301208496,1.0012606382369995,1.8211297988891602,6.081590175628662,qmix,smacv2,protoss_5_vs_5,100,0.0
1956000,977,2026-05-26T05:31:37.377242,4.308525085449219,1.4734934568405151,2.1589958667755127,7.345188140869141,qmix,smacv2,protoss_5_vs_5,100,0.0
1958000,978,2026-05-26T05:34:21.587368,5.384047985076904,2.499035358428955,1.7771966457366943,13.556485176086426,qmix,smacv2,protoss_5_vs_5,100,0.10000000149011612
1960000,979,2026-05-26T05:37:06.461485,5.1394877433776855,1.94269859790802,1.7907949686050415,10.292886734008789,qmix,smacv2,protoss_5_vs_5,100,0.05000000074505806
1962000,980,2026-05-26T05:39:48.464969,4.362342834472656,1.4217411279678345,2.033472776412964,7.4225945472717285,qmix,smacv2,protoss_5_vs_5,100,0.0
1964000,981,2026-05-26T05:42:31.941896,4.6475419998168945,1.3246294260025024,2.4811716079711914,6.987447261810303,qmix,smacv2,protoss_5_vs_5,100,0.0
1966000,982,2026-05-26T05:45:12.939881,4.549267768859863,1.4305325746536255,2.074267864227295,7.451882839202881,qmix,smacv2,protoss_5_vs_5,100,0.0
1968000,983,2026-05-26T05:47:53.724476,4.465010643005371,1.5399290323257446,2.270920515060425,9.31380844116211,qmix,smacv2,protoss_5_vs_5,100,0.0
1970000,984,2026-05-26T05:50:35.472452,4.535303592681885,1.6513004302978516,2.4905858039855957,9.8336820602417,qmix,smacv2,protoss_5_vs_5,100,0.0
1972000,985,2026-05-26T05:53:13.394075,4.615899085998535,1.315232515335083,2.6265690326690674,7.689330101013184,qmix,smacv2,protoss_5_vs_5,100,0.0
1974000,986,2026-05-26T05:55:51.578509,5.194404602050781,2.027766227722168,3.405857563018799,11.966526985168457,qmix,smacv2,protoss_5_vs_5,100,0.10000000149011612
1976000,987,2026-05-26T05:58:27.156836,4.738285064697266,1.7558425664901733,2.4853556156158447,9.824268341064453,qmix,smacv2,protoss_5_vs_5,100,0.0
1978000,988,2026-05-26T06:01:02.724447,4.387186050415039,1.5630711317062378,2.2876570224761963,7.841004848480225,qmix,smacv2,protoss_5_vs_5,100,0.0
1980000,989,2026-05-26T06:03:39.360826,4.708524703979492,2.1343021392822266,2.0679914951324463,11.96652603149414,qmix,smacv2,protoss_5_vs_5,100,0.05000000074505806
1982000,990,2026-05-26T06:06:13.570910,4.673274040222168,1.831480860710144,2.1182007789611816,10.20920467376709,qmix,smacv2,protoss_5_vs_5,100,0.05000000074505806
1984000,991,2026-05-26T06:08:44.607304,4.175471305847168,1.5968525409698486,2.0167365074157715,8.326360702514648,qmix,smacv2,protoss_5_vs_5,100,0.0
1986000,992,2026-05-26T06:11:21.254449,4.902196407318115,1.6039632558822632,2.6673636436462402,8.368200302124023,qmix,smacv2,protoss_5_vs_5,100,0.05000000074505806
1988000,993,2026-05-26T06:13:51.445358,4.907584190368652,1.6835265159606934,1.6652719974517822,8.937238693237305,qmix,smacv2,protoss_5_vs_5,100,0.0
1990000,994,2026-05-26T06:16:20.528733,5.154864311218262,2.514629364013672,1.640167474746704,10.292886734008789,qmix,smacv2,protoss_5_vs_5,100,0.15000000596046448
1992000,995,2026-05-26T06:18:46.727930,4.150784492492676,1.3232420682907104,2.32112979888916,7.974895477294922,qmix,smacv2,protoss_5_vs_5,100,0.0
1994000,996,2026-05-26T06:21:12.406749,4.590638160705566,1.4942798614501953,2.235355854034424,8.451883316040039,qmix,smacv2,protoss_5_vs_5,100,0.0
1996000,997,2026-05-26T06:23:39.657780,4.181642055511475,1.274822473526001,1.8242679834365845,7.439330101013184,qmix,smacv2,protoss_5_vs_5,100,0.0
1998000,998,2026-05-26T06:26:06.212691,4.338755130767822,1.031322956085205,2.543933153152466,6.392258644104004,qmix,smacv2,protoss_5_vs_5,100,0.0
2000000,999,2026-05-26T06:28:32.984985,4.257426738739014,1.2513103485107422,1.877615213394165,6.83682107925415,qmix,smacv2,protoss_5_vs_5,100,0.0
2002000,1000,2026-05-26T06:30:58.832551,4.323326587677002,1.0224521160125732,2.4686193466186523,6.610878944396973,qmix,smacv2,protoss_5_vs_5,100,0.0
2004000,1001,2026-05-26T06:33:24.165360,4.03702974319458,1.5676043033599854,1.4958159923553467,6.332635879516602,qmix,smacv2,protoss_5_vs_5,100,0.0
2006000,1002,2026-05-26T06:35:49.520657,4.748116970062256,1.3086793422698975,2.0669455528259277,6.858786582946777,qmix,smacv2,protoss_5_vs_5,100,0.0
2008000,1003,2026-05-26T06:38:17.135518,4.834414005279541,2.588055372238159,1.4037656784057617,11.882844924926758,qmix,smacv2,protoss_5_vs_5,100,0.05000000074505806
2010000,1004,2026-05-26T06:40:44.126358,4.465742588043213,2.004021167755127,1.3211296796798706,9.179916381835938,qmix,smacv2,protoss_5_vs_5,100,0.0
2012000,1005,2026-05-26T06:43:11.281178,4.5865583419799805,1.617760419845581,1.7897489070892334,7.083682060241699,qmix,smacv2,protoss_5_vs_5,100,0.0
2014000,1006,2026-05-26T06:45:38.647600,4.154340744018555,0.9303798079490662,2.985355854034424,6.433054447174072,qmix,smacv2,protoss_5_vs_5,100,0.0
2016000,1007,2026-05-26T06:48:07.221124,4.806903839111328,1.7774616479873657,1.8158992528915405,8.575313568115234,qmix,smacv2,protoss_5_vs_5,100,0.0
2018000,1008,2026-05-26T06:50:37.877631,3.992363691329956,1.0397183895111084,1.9602510929107666,6.552300930023193,qmix,smacv2,protoss_5_vs_5,100,0.0
2020000,1009,2026-05-26T06:53:08.802693,4.563284397125244,1.6103098392486572,1.2301255464553833,7.16317892074585,qmix,smacv2,protoss_5_vs_5,100,0.0
2022000,1010,2026-05-26T06:55:40.459583,4.830596446990967,1.8893296718597412,1.6412134170532227,8.288702964782715,qmix,smacv2,protoss_5_vs_5,100,0.0
2024000,1011,2026-05-26T06:58:12.822915,4.667572975158691,1.2984638214111328,2.2050209045410156,8.451883316040039,qmix,smacv2,protoss_5_vs_5,100,0.05000000074505806
2026000,1012,2026-05-26T07:00:44.853457,4.779707431793213,1.9662846326828003,2.143305540084839,10.075313568115234,qmix,smacv2,protoss_5_vs_5,100,0.0
2028000,1013,2026-05-26T07:03:18.498472,5.033524990081787,1.8369872570037842,2.4675731658935547,10.041841506958008,qmix,smacv2,protoss_5_vs_5,100,0.05000000074505806
2030000,1014,2026-05-26T07:05:51.225039,4.091265678405762,1.495537281036377,2.400627613067627,8.78661060333252,qmix,smacv2,protoss_5_vs_5,100,0.05000000074505806
2032000,1015,2026-05-26T07:08:23.129870,3.9649055004119873,1.432824730873108,1.7050206661224365,7.483263969421387,qmix,smacv2,protoss_5_vs_5,100,0.0
2034000,1016,2026-05-26T07:10:53.969084,4.099477291107178,1.1475067138671875,2.1516737937927246,6.543932914733887,qmix,smacv2,protoss_5_vs_5,100,0.0
2036000,1017,2026-05-26T07:13:26.099991,5.326307773590088,1.614201545715332,3.280334949493408,10.332635879516602,qmix,smacv2,protoss_5_vs_5,100,0.0
2038000,1018,2026-05-26T07:15:56.113563,4.940324306488037,1.958503246307373,2.252092123031616,11.799162864685059,qmix,smacv2,protoss_5_vs_5,100,0.05000000074505806
2040000,1019,2026-05-26T07:18:26.429150,4.651673316955566,1.7374266386032104,2.7154812812805176,9.682008743286133,qmix,smacv2,protoss_5_vs_5,100,0.0
2042000,1020,2026-05-26T07:20:54.202581,4.224529266357422,1.438506841659546,1.2604602575302124,7.368200778961182,qmix,smacv2,protoss_5_vs_5,100,0.0
2044000,1021,2026-05-26T07:23:22.937871,4.276830196380615,1.4438667297363281,1.528242588043213,7.7405853271484375,qmix,smacv2,protoss_5_vs_5,100,0.0
2046000,1022,2026-05-26T07:25:48.375101,4.756328582763672,1.260666847229004,3.0418412685394287,8.36820125579834,qmix,smacv2,protoss_5_vs_5,100,0.05000000074505806
2048000,1023,2026-05-26T07:28:13.484009,4.262133598327637,1.5107098817825317,2.1014645099639893,7.514643669128418,qmix,smacv2,protoss_5_vs_5,100,0.0
2050000,1024,2026-05-26T07:30:39.337222,5.019508361816406,2.218979835510254,2.566945791244507,11.966527938842773,qmix,smacv2,protoss_5_vs_5,100,0.05000000074505806
2052000,1025,2026-05-26T07:33:02.435326,4.1260986328125,1.1334165334701538,2.1851463317871094,6.320083141326904,qmix,smacv2,protoss_5_vs_5,100,0.0
2054000,1026,2026-05-26T07:35:23.495007,4.336611270904541,0.8800497055053711,2.7698745727539062,5.9497904777526855,qmix,smacv2,protoss_5_vs_5,100,0.0
2056000,1027,2026-05-26T07:37:45.794073,4.958734512329102,1.3624894618988037,2.9372384548187256,7.698744773864746,qmix,smacv2,protoss_5_vs_5,100,0.0
2058000,1028,2026-05-26T07:40:03.389059,4.671809196472168,1.8087629079818726,2.1338911056518555,9.690377235412598,qmix,smacv2,protoss_5_vs_5,100,0.0
2060000,1029,2026-05-26T07:42:23.172004,4.840481281280518,1.804788589477539,2.3096232414245605,10.20920467376709,qmix,smacv2,protoss_5_vs_5,100,0.05000000074505806
2062000,1030,2026-05-26T07:44:43.955681,4.63953971862793,1.3153254985809326,2.716526985168457,7.589958190917969,qmix,smacv2,protoss_5_vs_5,100,0.0
2064000,1031,2026-05-26T07:47:08.774354,4.5936713218688965,1.9704976081848145,2.092050313949585,8.962343215942383,qmix,smacv2,protoss_5_vs_5,100,0.0
2066000,1032,2026-05-26T07:49:32.559925,3.9462342262268066,1.2066487073898315,2.175732135772705,6.496861457824707,qmix,smacv2,protoss_5_vs_5,100,0.0
2068000,1033,2026-05-26T07:51:58.129499,4.61119270324707,1.6535074710845947,1.95815908908844,7.1799163818359375,qmix,smacv2,protoss_5_vs_5,100,0.0
2070000,1034,2026-05-26T07:54:24.978498,5.65570068359375,2.132612943649292,2.778242826461792,10.376568794250488,qmix,smacv2,protoss_5_vs_5,100,0.05000000074505806
2072000,1035,2026-05-26T07:56:51.737741,4.270450115203857,1.3262825012207031,2.5219664573669434,7.104602813720703,qmix,smacv2,protoss_5_vs_5,100,0.0
2074000,1036,2026-05-26T07:59:18.867132,4.38399600982666,1.7826745510101318,2.2688283920288086,10.255230903625488,qmix,smacv2,protoss_5_vs_5,100,0.05000000074505806
2076000,1037,2026-05-26T08:01:49.637185,5.035617351531982,2.3376777172088623,2.2489540576934814,10.309623718261719,qmix,smacv2,protoss_5_vs_5,100,0.05000000074505806
2078000,1038,2026-05-26T08:04:19.810349,4.9214959144592285,1.3514010906219482,2.147489547729492,7.8964433670043945,qmix,smacv2,protoss_5_vs_5,100,0.0
2080000,1039,2026-05-26T08:07:09.617132,4.562447547912598,1.9803552627563477,1.3033473491668701,10.20920467376709,qmix,smacv2,protoss_5_vs_5,100,0.05000000074505806
2082000,1040,2026-05-26T08:09:36.197823,4.488964080810547,1.5171040296554565,1.8179916143417358,7.3661088943481445,qmix,smacv2,protoss_5_vs_5,100,0.0
2084000,1041,2026-05-26T08:12:07.802338,4.631066799163818,1.5799583196640015,2.6778244972229004,8.033473014831543,qmix,smacv2,protoss_5_vs_5,100,0.0
2086000,1042,2026-05-26T08:14:37.643980,4.237029075622559,2.2532567977905273,1.6809622049331665,11.966526985168457,qmix,smacv2,protoss_5_vs_5,100,0.05000000074505806
2088000,1043,2026-05-26T08:17:09.480122,3.9749996662139893,1.3080917596817017,1.779288649559021,6.932007789611816,qmix,smacv2,protoss_5_vs_5,100,0.0
2090000,1044,2026-05-26T08:19:42.363770,4.408368110656738,2.087092638015747,1.2290794849395752,8.786611557006836,qmix,smacv2,protoss_5_vs_5,100,0.05000000074505806
2092000,1045,2026-05-26T08:22:23.751913,4.128661155700684,1.893181324005127,1.4801254272460938,8.301255226135254,qmix,smacv2,protoss_5_vs_5,100,0.0
2094000,1046,2026-05-26T08:24:55.657382,3.6438286304473877,1.6619473695755005,2.058577299118042,8.510459899902344,qmix,smacv2,protoss_5_vs_5,100,0.0
2096000,1047,2026-05-26T08:27:32.576593,4.3849897384643555,1.6743590831756592,2.2949790954589844,8.25627613067627,qmix,smacv2,protoss_5_vs_5,100,0.0
2098000,1048,2026-05-26T08:30:11.157275,3.8530337810516357,1.2144908905029297,1.790795087814331,6.9937238693237305,qmix,smacv2,protoss_5_vs_5,100,0.0
2100000,1049,2026-05-26T08:32:48.705735,4.8487443923950195,2.115907669067383,2.0857741832733154,11.966526985168457,qmix,smacv2,protoss_5_vs_5,100,0.05000000074505806
2102000,1050,2026-05-26T08:35:30.547145,5.127091407775879,0.962688148021698,3.0428872108459473,7.347280979156494,qmix,smacv2,protoss_5_vs_5,100,0.0
2104000,1051,2026-05-26T08:38:13.222444,4.050418853759766,1.7809536457061768,1.063807487487793,7.941422462463379,qmix,smacv2,protoss_5_vs_5,100,0.0
2106000,1052,2026-05-26T08:40:59.572426,4.330700874328613,1.8443821668624878,1.4037657976150513,10.292886734008789,qmix,smacv2,protoss_5_vs_5,100,0.05000000074505806
2108000,1053,2026-05-26T08:43:43.279019,3.7550208568573,1.618897795677185,1.2625523805618286,6.9456071853637695,qmix,smacv2,protoss_5_vs_5,100,0.0
2110000,1054,2026-05-26T08:46:26.558645,4.484048366546631,1.2338169813156128,2.7866108417510986,7.0470709800720215,qmix,smacv2,protoss_5_vs_5,100,0.0
2112000,1055,2026-05-26T08:49:09.503739,4.547280311584473,1.088802456855774,2.634937286376953,7.001046180725098,qmix,smacv2,protoss_5_vs_5,100,0.0
2114000,1056,2026-05-26T08:51:52.327541,4.247594356536865,1.2999435663223267,1.95815908908844,6.92887020111084,qmix,smacv2,protoss_5_vs_5,100,0.0
2116000,1057,2026-05-26T08:54:34.110861,4.349477291107178,1.4480515718460083,2.2384936809539795,7.7562761306762695,qmix,smacv2,protoss_5_vs_5,100,0.0
