0,0.059071943163871765
1,0.05089431256055832
2,0.0486389696598053
3,0.04359454661607742
4,0.04844179004430771
5,0.05693426355719566
6,0.0458809956908226
7,0.04794066399335861
8,0.050704844295978546
9,0.04934566840529442
10,0.046092066913843155
11,0.0515628308057785
12,0.04421720653772354
13,0.04711255803704262
14,0.04671108350157738
15,0.047678735107183456
16,0.050613414496183395
17,0.04588450491428375
18,0.05320193991065025
19,0.046865686774253845
20,0.047467444092035294
21,0.0535716786980629
22,0.04848187416791916
23,0.054682325571775436
24,0.05163092166185379
25,0.05102360248565674
26,0.052613671869039536
27,0.047253064811229706
28,0.049113679677248
29,0.04490000382065773
30,0.0503421388566494
31,0.041123878210783005
32,0.04440663009881973
33,0.04913976043462753
34,0.04346856847405434
35,0.0478459857404232
36,0.0498402863740921
37,0.053861115127801895
38,0.05128055438399315
39,0.0553588792681694
40,0.0504310168325901
41,0.048329465091228485
42,0.05341809242963791
43,0.057120226323604584
44,0.05026094615459442
45,0.0460716187953949
46,0.052098020911216736
47,0.058215294033288956
48,0.050172995775938034
49,0.05490493029356003
50,0.05149908363819122
51,0.050294749438762665
52,0.05170157551765442
53,0.048773765563964844
54,0.05133764073252678
55,0.04873236268758774
56,0.0446234866976738
57,0.04454554617404938
58,0.047203078866004944
59,0.049146052449941635
60,0.04698420315980911
61,0.04784076660871506
62,0.05167027562856674
63,0.05274670943617821
64,0.043928202241659164
65,0.049132220447063446
66,0.04614148661494255
67,0.05535752698779106
68,0.05283201113343239
69,0.05023929104208946
70,0.04728016257286072
71,0.053997740149497986
72,0.0470072478055954
73,0.04840478673577309
74,0.045647501945495605
75,0.05598234385251999
76,0.05271314084529877
77,0.04860351234674454
78,0.04430851340293884
79,0.046148527413606644
80,0.053390856832265854
81,0.04636469855904579
82,0.04022400081157684
83,0.04347088187932968
84,0.04969874396920204
85,0.05464384704828262
86,0.04030930623412132
87,0.04531842842698097
88,0.048961348831653595
89,0.06149762496352196
90,0.04879477247595787
91,0.058914508670568466
92,0.05427682399749756
93,0.04912789165973663
94,0.045021720230579376
95,0.05053676292300224
96,0.04484596103429794
97,0.04324784874916077
98,0.04823656752705574
99,0.053808677941560745
100,0.055774442851543427
101,0.04842591658234596
102,0.04871784523129463
103,0.05149785801768303
104,0.05060243979096413
105,0.04891212284564972
106,0.05011632665991783
107,0.051809489727020264
108,0.04796786978840828
109,0.049732621759176254
110,0.04246324300765991
111,0.05438232421875
112,0.049382004886865616
113,0.051344774663448334
114,0.04620395973324776
115,0.0497358962893486
116,0.04306014999747276
117,0.04630519449710846
118,0.058225829154253006
119,0.04371011257171631
120,0.05344482883810997
121,0.04914635419845581
122,0.047143302857875824
123,0.06030004844069481
124,0.051840923726558685
125,0.049332939088344574
126,0.045031458139419556
127,0.05235428363084793
128,0.05291549861431122
129,0.04655389487743378
130,0.04387558251619339
131,0.04762622341513634
132,0.044130247086286545
133,0.05210452899336815
134,0.05419931560754776
135,0.04212584346532822
136,0.04913133382797241
137,0.038738932460546494
138,0.051989294588565826
139,0.05014485493302345
140,0.05244777351617813
141,0.05064315348863602
142,0.04948854818940163
143,0.058751966804265976
144,0.049641020596027374
145,0.0434899739921093
146,0.04974459856748581
147,0.056821562349796295
148,0.05991452559828758
149,0.05129452422261238
150,0.04546113684773445
151,0.057909801602363586
152,0.046273551881313324
153,0.055334411561489105
154,0.05008948966860771
155,0.053792864084243774
156,0.04556901380419731
157,0.05012941733002663
158,0.050642699003219604
159,0.05651397630572319
160,0.04822998121380806
161,0.046036168932914734
162,0.05119256302714348
163,0.05021410062909126
164,0.0404026061296463
165,0.04796820133924484
166,0.04803851619362831
167,0.05405011773109436
168,0.046095024794340134
169,0.04922505095601082
170,0.044700413942337036
171,0.043974343687295914
172,0.05168680474162102
173,0.04732233285903931
174,0.0465669110417366
175,0.056383393704891205
176,0.049156736582517624
177,0.05710788443684578
178,0.04842515289783478
179,0.04937314614653587
180,0.05070989578962326
181,0.05350307747721672
182,0.053354084491729736
183,0.04689138010144234
184,0.05617070943117142
185,0.05228491872549057
186,0.049912407994270325
187,0.05826481431722641
188,0.049485914409160614
189,0.043728794902563095
190,0.051961518824100494
191,0.043073758482933044
192,0.04588046669960022
193,0.05101530998945236
194,0.04291921108961105
195,0.053822461515665054
196,0.04602019116282463
197,0.05039849132299423
180,0.053385179489851
181,0.048004429787397385
182,0.048819880932569504
183,0.060314178466796875
184,0.04879637062549591
185,0.040597330778837204
186,0.05369291454553604
187,0.05386606603860855
188,0.047117799520492554
189,0.054798487573862076
190,0.04486912116408348
191,0.044363126158714294
192,0.05352791026234627
193,0.05328347161412239
194,0.04965321719646454
195,0.05259290710091591
196,0.05279282107949257
197,0.05889340862631798
198,0.054703522473573685
199,0.053572461009025574
200,0.046936724334955215
201,0.054298125207424164
202,0.05588569492101669
203,0.04691604524850845
204,0.047884587198495865
205,0.05695632845163345
206,0.056332703679800034
207,0.053111493587493896
208,0.05212540179491043
209,0.049525197595357895
210,0.04484400525689125
211,0.05547862499952316
212,0.055913787335157394
213,0.04725382849574089
214,0.056500524282455444
215,0.04761505872011185
216,0.05305536463856697
217,0.051642969250679016
218,0.044834382832050323
219,0.061474207788705826
220,0.05237479880452156
221,0.059697967022657394
222,0.04929376766085625
223,0.055589497089385986
224,0.05120023339986801
225,0.056228846311569214
226,0.047607097774744034
227,0.05473329499363899
228,0.057984642684459686
229,0.045876335352659225
230,0.047299087047576904
231,0.05282709375023842
232,0.04615166783332825
233,0.05189257115125656
234,0.058524444699287415
235,0.048225563019514084
236,0.04985315352678299
237,0.05188903212547302
238,0.05707472562789917
239,0.050223637372255325
240,0.058166541159152985
241,0.050766270607709885
242,0.05217290669679642
243,0.046839479357004166
244,0.053094517439603806
245,0.05483129993081093
246,0.053355950862169266
247,0.051495056599378586
248,0.050744835287332535
249,0.04569603130221367
250,0.0615440234541893
251,0.04451662302017212
252,0.0496213361620903
253,0.04892413690686226
254,0.047618310898542404
255,0.05266831815242767
256,0.05505766719579697
257,0.040917277336120605
258,0.04702887311577797
259,0.0485612154006958
260,0.04794067516922951
261,0.04714236408472061
262,0.04554438963532448
263,0.05710495635867119
264,0.053191449493169785
265,0.049022022634744644
266,0.05081876739859581
267,0.04868496581912041
268,0.05272870510816574
269,0.0527660958468914
270,0.04795023053884506
271,0.059613581746816635
272,0.051395390182733536
273,0.048315368592739105
274,0.04453739896416664
275,0.053823072463274
276,0.050139568746089935
277,0.050497617572546005
278,0.05023955553770065
279,0.05437371879816055
280,0.05225183069705963
281,0.054395850747823715
282,0.0507829375565052
283,0.04247122257947922
284,0.04416871815919876
285,0.048360176384449005
286,0.05221916362643242
287,0.06361590325832367
288,0.06079484894871712
289,0.047369543462991714
290,0.06280793249607086
291,0.05842943117022514
292,0.04761999845504761
293,0.05449669808149338
294,0.05778186768293381
295,0.051193736493587494
296,0.0496680848300457
297,0.052841607481241226
298,0.05021710693836212
299,0.04972166195511818
300,0.051218751817941666
301,0.04884665459394455
302,0.056448791176080704
303,0.050234727561473846
304,0.05290056765079498
305,0.049361225217580795
306,0.05938039720058441
307,0.04802073538303375
308,0.05660061538219452
309,0.052127886563539505
310,0.057134635746479034
311,0.05106509104371071
312,0.04937120899558067
313,0.05343775451183319
314,0.042455460876226425
315,0.04399476572871208
316,0.05834423750638962
317,0.046515073627233505
318,0.045870341360569
319,0.04554834961891174
320,0.052100542932748795
321,0.05749814957380295
322,0.05608930066227913
323,0.04493071511387825
324,0.05322650820016861
325,0.05338573083281517
326,0.062861368060112
327,0.05403457581996918
328,0.05382327362895012
329,0.04927954077720642
330,0.05281722545623779
331,0.0470578595995903
332,0.0582524836063385
333,0.05148288607597351
334,0.056430451571941376
335,0.05431648716330528
336,0.055030707269907
337,0.05346043035387993
338,0.050899505615234375
339,0.053106073290109634
340,0.051012810319662094
341,0.05204479396343231
342,0.044789720326662064
343,0.054686132818460464
344,0.05193770304322243
345,0.049702588468790054
346,0.049052268266677856
347,0.049507517367601395
348,0.05661453679203987
349,0.04717360809445381
350,0.056053608655929565
351,0.05158943310379982
352,0.048396650701761246
353,0.05186291038990021
354,0.04988143965601921
355,0.05945660546422005
356,0.04540150240063667
357,0.05229533836245537
358,0.05006187781691551
359,0.05113239586353302
360,0.055042754858732224
361,0.05148328095674515
362,0.047953568398952484
363,0.048300035297870636
364,0.041353099048137665
365,0.057432688772678375
366,0.054588090628385544
367,0.05916191264986992
368,0.05312483012676239
369,0.05026593431830406
370,0.05882355943322182
371,0.061606720089912415
372,0.05941258370876312
373,0.0495825856924057
374,0.04847285896539688
375,0.05596368387341499
376,0.05129503086209297
377,0.042917583137750626
378,0.05013857036828995
379,0.054898541420698166
380,0.04767667502164841
381,0.05878140777349472
382,0.04435437172651291
383,0.05411763861775398
384,0.054566625505685806
385,0.055380310863256454
386,0.055056165903806686
387,0.054048534482717514
388,0.05463336035609245
389,0.05039821192622185
390,0.05717654898762703
391,0.05709699168801308
392,0.06320986896753311
393,0.05633442476391792
394,0.05125542730093002
395,0.05243772640824318
396,0.04666292294859886
397,0.049651797860860825
398,0.05881493538618088
399,0.049600936472415924
400,0.05461973324418068
401,0.04720725864171982
402,0.0491526760160923
403,0.05587733909487724
404,0.056367676705121994
405,0.04644668474793434
406,0.05468524247407913
407,0.05694356560707092
408,0.05449678376317024
409,0.048718761652708054
410,0.058897197246551514
411,0.04621397703886032
412,0.05007665231823921
413,0.054705314338207245
414,0.05146406963467598
415,0.049318742007017136
416,0.055015355348587036
417,0.04500425234436989
418,0.052868302911520004
419,0.05669378489255905
420,0.04966461658477783
421,0.05536125972867012
422,0.0529375784099102
423,0.05465668439865112
424,0.05230732262134552
425,0.06311151385307312
426,0.05432016775012016
427,0.054230768233537674
428,0.04564417526125908
429,0.04453067481517792
430,0.054913196712732315
431,0.05532684922218323
432,0.04586345702409744
433,0.04964407905936241
434,0.05599592998623848
435,0.05406833440065384
436,0.058543357998132706
437,0.046658337116241455
438,0.04683278501033783
439,0.05735515058040619
440,0.050433989614248276
441,0.04842754080891609
442,0.05619658902287483
443,0.055052924901247025
444,0.047111403197050095
445,0.05166349932551384
446,0.054065119475126266
447,0.044227100908756256
448,0.047680776566267014
449,0.0503278523683548
450,0.057333312928676605
451,0.0514490008354187
452,0.05697489529848099
453,0.04470180720090866
454,0.06000896170735359
455,0.049965668469667435
456,0.05224199220538139
457,0.05153030902147293
458,0.048731978982686996
459,0.044915907084941864
460,0.05605938658118248
461,0.056654125452041626
462,0.04870282858610153
463,0.04787810519337654
464,0.056831128895282745
465,0.04990436136722565
466,0.05170418694615364
467,0.055196262896060944
468,0.05168731510639191
469,0.0590919554233551
470,0.05184442177414894
471,0.05174349248409271
472,0.04720403999090195
473,0.04983995109796524
474,0.04784497246146202
475,0.048033133149147034
476,0.05604982376098633
477,0.04873739928007126
478,0.05226956307888031
479,0.04954695701599121
480,0.0452306903898716
481,0.052232228219509125
482,0.05400216206908226
483,0.05116872116923332
484,0.0560583621263504
485,0.044608406722545624
486,0.050052788108587265
487,0.044967856258153915
488,0.05128250643610954
489,0.05082593113183975
490,0.049913834780454636
491,0.051488861441612244
492,0.050884004682302475
493,0.06403511762619019
494,0.0499442033469677
495,0.05297332629561424
496,0.05317852273583412
497,0.04932602122426033
498,0.05909775570034981
499,0.049386244267225266
500,0.051438916474580765
501,0.04857022687792778
502,0.05204058066010475
503,0.055216144770383835
504,0.05861593782901764
505,0.05194343999028206
506,0.048459358513355255
507,0.04862307384610176
508,0.053833574056625366
509,0.04780469089746475
510,0.044705044478178024
511,0.05567197874188423
512,0.05052441358566284
513,0.0457199402153492
514,0.05349760875105858
515,0.04991887882351875
516,0.055076874792575836
517,0.046052686870098114
518,0.05861678346991539
519,0.05561165139079094
520,0.059350017458200455
521,0.0511782132089138
522,0.04851049557328224
523,0.047665517777204514
524,0.054270923137664795
525,0.04534859582781792
526,0.050886645913124084
527,0.05394846946001053
528,0.05515197664499283
529,0.05509111285209656
530,0.055910151451826096
531,0.05212573707103729
532,0.060624003410339355
533,0.05071083828806877
534,0.06049824133515358
535,0.05315466970205307
536,0.04407418146729469
537,0.05706082284450531
538,0.051975395530462265
539,0.04679359495639801
540,0.05257507413625717
541,0.0516849048435688
542,0.05672295019030571
543,0.05705070123076439
544,0.057053301483392715
545,0.05839398875832558
546,0.0633375272154808
547,0.052710290998220444
548,0.05271495506167412
549,0.04828522354364395
550,0.05173783004283905
551,0.048366185277700424
552,0.05315769836306572
553,0.055926624685525894
554,0.04217212647199631
555,0.05400167405605316
556,0.061472613364458084
557,0.055034905672073364
558,0.05538378283381462
559,0.05515804514288902
560,0.05839299410581589
561,0.0535212941467762
562,0.05495164170861244
563,0.05557949095964432
564,0.04411647096276283
565,0.052008915692567825
566,0.056779902428388596
567,0.04446405917406082
568,0.054990436881780624
569,0.05450074002146721
570,0.06040499731898308
571,0.05064227432012558
572,0.05895785614848137
573,0.053127583116292953
574,0.043939463794231415
575,0.05524996295571327
576,0.043166566640138626
577,0.05091172829270363
578,0.047609843313694
579,0.04560210928320885
580,0.04429556056857109
581,0.04870261996984482
582,0.049256984144449234
583,0.05149150267243385
584,0.05946815013885498
585,0.05451423302292824
586,0.055892083793878555
587,0.04756632819771767
588,0.06076531484723091
589,0.05129903554916382
590,0.053920116275548935
591,0.05471428856253624
592,0.04592015594244003
593,0.057418420910835266
594,0.05565333366394043
595,0.055406603962183
596,0.055107295513153076
597,0.04697510600090027
598,0.0468524694442749
599,0.05612097680568695
600,0.04553210735321045
601,0.054515935480594635
602,0.0516006276011467
603,0.056887440383434296
604,0.05025351420044899
605,0.05240914225578308
606,0.04937204718589783
607,0.04909506067633629
608,0.05758463591337204
609,0.0474306158721447
610,0.05329987034201622
611,0.04897312447428703
612,0.05069225654006004
613,0.05097086727619171
614,0.048732660710811615
615,0.05907353013753891
616,0.04718301445245743
617,0.05319725349545479
618,0.061710383743047714
619,0.05735475569963455
620,0.04796692356467247
621,0.055155713111162186
622,0.05406389757990837
623,0.0563955120742321
624,0.04926307871937752
625,0.050945721566677094
626,0.051948949694633484
627,0.053158458322286606
628,0.04666386544704437
629,0.062389716506004333
630,0.05193869024515152
631,0.05144059285521507
632,0.05572287738323212
633,0.04942261800169945
634,0.0529516227543354
635,0.04988929256796837
636,0.055219464004039764
637,0.04641769081354141
638,0.049084629863500595
639,0.04655187204480171
640,0.05912505462765694
641,0.051092833280563354
642,0.054146092385053635
643,0.04589628428220749
644,0.052311018109321594
645,0.05149977281689644
646,0.0548577643930912
647,0.05385677516460419
648,0.053703635931015015
649,0.0636044591665268
650,0.054739177227020264
651,0.0524362251162529
652,0.05327456817030907
653,0.04968031495809555
654,0.05347539111971855
655,0.046349793672561646
656,0.05018135905265808
657,0.047116849571466446
658,0.05128243565559387
659,0.05287674441933632
660,0.0511585958302021
661,0.04863103851675987
662,0.05191078037023544
663,0.053346000611782074
664,0.051977306604385376
665,0.049588438123464584
666,0.05259029567241669
667,0.054968852549791336
668,0.05075869336724281
669,0.04191317409276962
670,0.04593770205974579
671,0.053531114012002945
672,0.044792741537094116
673,0.04068346694111824
674,0.05128723010420799
675,0.04774084314703941
676,0.053603459149599075
677,0.04313928633928299
678,0.05234163999557495
679,0.05224394425749779
680,0.054823774844408035
681,0.054711852222681046
682,0.05459741875529289
683,0.05779106542468071
684,0.051841918379068375
685,0.05913638323545456
686,0.05545858293771744
687,0.05395377799868584
688,0.05293460190296173
689,0.05309249833226204
690,0.047258369624614716
691,0.04734785109758377
692,0.05503774434328079
693,0.05674576386809349
694,0.05241136625409126
695,0.05781511962413788
696,0.05656113848090172
697,0.05011530593037605
698,0.05922389402985573
699,0.05519668757915497
700,0.04829466715455055
701,0.058945439755916595
702,0.057374317198991776
703,0.055432360619306564
704,0.051651280373334885
705,0.049846548587083817
706,0.05100119113922119
707,0.06314603239297867
708,0.04011869803071022
709,0.05190059915184975
710,0.05112868547439575
711,0.05031999945640564
712,0.05208282917737961
713,0.05162271857261658
714,0.050051555037498474
715,0.046853162348270416
716,0.06124651059508324
717,0.04981549456715584
718,0.04723848029971123
719,0.054062824696302414
720,0.05735107883810997
721,0.05504691228270531
722,0.04427028074860573
723,0.05104062706232071
724,0.047048237174749374
725,0.055295269936323166
726,0.05217459052801132
727,0.051955562084913254
728,0.05949903652071953
729,0.056397851556539536
730,0.04959573224186897
731,0.058407701551914215
732,0.05154404416680336
733,0.05292075127363205
734,0.05664754658937454
735,0.06185546889901161
736,0.05656503140926361
737,0.06664404273033142
738,0.05257062241435051
739,0.0515834279358387
740,0.04829133674502373
741,0.052558619529008865
742,0.045941948890686035
743,0.04515054449439049
744,0.05240413919091225
745,0.05034533888101578
746,0.05027088150382042
747,0.05238443613052368
748,0.047756627202034
749,0.05976274982094765
750,0.053584106266498566
751,0.04509592056274414
752,0.05155940726399422
753,0.047295622527599335
754,0.05792458355426788
755,0.05324731394648552
756,0.052563220262527466
757,0.05165650695562363
758,0.05532466247677803
759,0.04404936358332634
760,0.05612416937947273
761,0.05769144743680954
762,0.04752460494637489
763,0.05163412541151047
764,0.05753983184695244
765,0.05679570138454437
766,0.05387376248836517
767,0.04796331003308296
768,0.053917303681373596
769,0.053750041872262955
770,0.05010802298784256
771,0.04708632081747055
772,0.051310814917087555
773,0.04834509640932083
774,0.04878924414515495
775,0.05413859337568283
776,0.05006895959377289
777,0.04799436777830124
778,0.05212372541427612
779,0.053721118718385696
780,0.057721711695194244
781,0.058403387665748596
782,0.05800461396574974
783,0.04752057418227196
784,0.0594959482550621
785,0.047142621129751205
786,0.05616653338074684
787,0.05734200403094292
788,0.047650083899497986
789,0.05197993665933609
790,0.048547349870204926
791,0.05173144489526749
792,0.04841304197907448
793,0.051453638821840286
794,0.05020636320114136
795,0.05151176080107689
796,0.049651265144348145
797,0.0562114380300045
798,0.050907135009765625
799,0.04666190966963768
800,0.05107298493385315
801,0.04770473763346672
802,0.053045306354761124
803,0.04924911633133888
804,0.04874907806515694
805,0.05304725840687752
806,0.05532257631421089
807,0.049886055290699005
808,0.05093521252274513
809,0.045742373913526535
810,0.05188840255141258
811,0.05274432897567749
812,0.05737520754337311
813,0.050649918615818024
814,0.0518578439950943
815,0.054937396198511124
816,0.050301432609558105
817,0.04954804480075836
818,0.051178377121686935
819,0.05543265864253044
820,0.05480010807514191
821,0.05438785254955292
822,0.05609383434057236
823,0.051915593445301056
824,0.046888597309589386
825,0.0502137690782547
826,0.04891223460435867
827,0.05779539793729782
828,0.05753076821565628
829,0.057727985084056854
830,0.049866147339344025
831,0.052602581679821014
832,0.048174262046813965
833,0.0563042126595974
834,0.04747303947806358
835,0.059030577540397644
836,0.048113614320755005
837,0.047971099615097046
838,0.05380592495203018
839,0.04824421554803848
840,0.042003706097602844
841,0.055057331919670105
842,0.047961074858903885
843,0.051375556737184525
844,0.04667011648416519
845,0.058805353939533234
846,0.054941609501838684
847,0.057126734405756
848,0.053910668939352036
849,0.06337583810091019
850,0.050739262253046036
851,0.05161985009908676
852,0.06014867126941681
853,0.046071600168943405
854,0.05612475052475929
855,0.05230562761425972
856,0.054541729390621185
857,0.05031939968466759
858,0.04659660905599594
859,0.05313894525170326
860,0.05778806284070015
861,0.0522964671254158
862,0.05171748623251915
863,0.053495921194553375
864,0.055117931216955185
865,0.05341752991080284
866,0.05221886560320854
867,0.05126383528113365
868,0.05613536387681961
869,0.050890348851680756
870,0.05270587280392647
871,0.05799831077456474
872,0.049982279539108276
873,0.05870036780834198
874,0.05440770089626312
875,0.05003422871232033
876,0.05412216857075691
877,0.048150550574064255
878,0.051278986036777496
879,0.05120615288615227
880,0.05659174919128418
881,0.05174938961863518
882,0.05110624432563782
883,0.05306496098637581
884,0.052094098180532455
885,0.05801579728722572
886,0.04730793088674545
887,0.04791608452796936
888,0.05877338722348213
889,0.051611121743917465
890,0.05885699391365051
891,0.06271141767501831
892,0.04298323765397072
893,0.05694420635700226
894,0.05681803077459335
895,0.05221560224890709
896,0.055904362350702286
897,0.058031920343637466
898,0.05529140681028366
899,0.04972296580672264
900,0.06406258046627045
901,0.04730203375220299
902,0.05280078575015068
903,0.05937587842345238
904,0.05227147787809372
905,0.05212538316845894
906,0.05452393367886543
907,0.04774343967437744
908,0.05193372815847397
909,0.05787178874015808
910,0.04616899788379669
911,0.04672655835747719
912,0.03727429360151291
913,0.05175967514514923
914,0.05522735416889191
915,0.04931139200925827
916,0.042762935161590576
917,0.05285673961043358
918,0.04909124970436096
919,0.04756433144211769
920,0.055573564022779465
921,0.048183873295784
922,0.04737585783004761
923,0.053375422954559326
924,0.04981328174471855
925,0.05133427307009697
926,0.04959629848599434
927,0.049243468791246414
928,0.05034593120217323
929,0.0479295514523983
930,0.04712983965873718
931,0.053169336169958115
932,0.050050199031829834
933,0.05452263355255127
934,0.05601343885064125
935,0.051099859178066254
936,0.05063239485025406
937,0.05059849098324776
938,0.05572566017508507
939,0.049284227192401886
940,0.04426535218954086
941,0.05510324239730835
942,0.060622796416282654
943,0.057384129613637924
944,0.04965897649526596
945,0.05162873491644859
946,0.054107826203107834
947,0.049037739634513855
948,0.04688593000173569
949,0.051459912210702896
950,0.05862851440906525
951,0.04679170250892639
952,0.04436982795596123
953,0.04173916205763817
954,0.052497681230306625
955,0.05791044235229492
956,0.054532960057258606
957,0.04939034581184387
958,0.04871631786227226
959,0.04952367767691612
960,0.05260405316948891
961,0.059862516820430756
962,0.05551322549581528
963,0.05881624296307564
964,0.04985785111784935
965,0.05144038796424866
966,0.061431657522916794
967,0.05255303904414177
968,0.05147600546479225
969,0.04849453642964363
970,0.052363429218530655
971,0.047580596059560776
972,0.05155458301305771
973,0.051738105714321136
974,0.049415472894907
975,0.04709628224372864
976,0.04913057014346123
977,0.06054459139704704
978,0.05775527283549309
979,0.04396851360797882
980,0.054880909621715546
981,0.055367011576890945
982,0.05076606944203377
983,0.052536528557538986
984,0.046850092709064484
985,0.051477186381816864
986,0.046903759241104126
987,0.06433630734682083
988,0.06042737886309624
989,0.055277369916439056
990,0.05340462550520897
991,0.05099835246801376
992,0.048197194933891296
993,0.053549379110336304
994,0.051591359078884125
995,0.05850232392549515
996,0.05147149786353111
997,0.04655501991510391
998,0.04762463644146919
999,0.04736269265413284
1000,0.055518876761198044
1001,0.052170783281326294
1002,0.052497249096632004
1003,0.048678331077098846
1004,0.05224353075027466
1005,0.05909854173660278
1006,0.05453416705131531
1007,0.05131085216999054
1008,0.05424312874674797
1009,0.04300178214907646
1010,0.043236225843429565
1011,0.05002995952963829
1012,0.048937972635030746
1013,0.05730767175555229
1014,0.052941400557756424
1015,0.04897096008062363
1016,0.05423934385180473
1017,0.054134003818035126
1018,0.059982433915138245
1019,0.05859573930501938
1020,0.053702760487794876
1021,0.0530400313436985
1022,0.05120178684592247
1023,0.05750168487429619
1024,0.05575662851333618
1025,0.050567738711833954
1026,0.047546423971652985
1027,0.05222535505890846
1028,0.05964605137705803
1029,0.05489415302872658
1030,0.05827409774065018
1031,0.05468946695327759
1032,0.0452941432595253
1033,0.055397700518369675
1034,0.06352929770946503
1035,0.04834546893835068
1036,0.052570704370737076
1037,0.06030944734811783
1038,0.06064635142683983
1039,0.049447186291217804
1040,0.053677916526794434
1041,0.05011941120028496
1042,0.05181262642145157
1043,0.04842044413089752
1044,0.04866156354546547
1045,0.05252211168408394
1046,0.05666729807853699
1047,0.05058605223894119
1048,0.051300812512636185
1049,0.04570475593209267
1050,0.05068575590848923
1051,0.049070872366428375
1052,0.050064027309417725
1053,0.05683564022183418
1054,0.05186840891838074
1055,0.05149953067302704
1056,0.051802270114421844
1057,0.05395575612783432
1058,0.05597306042909622
1059,0.05429606884717941
1060,0.06108183041214943
1061,0.0529487319290638
1062,0.058252379298210144
1063,0.05068977549672127
1064,0.05360928177833557
1065,0.06226836517453194
1066,0.050512075424194336
1067,0.05528121441602707
1068,0.046788670122623444
1069,0.056154265999794006
1070,0.056517720222473145
1071,0.05551731586456299
1072,0.04789501801133156
1073,0.047266002744436264
1074,0.058739159256219864
1075,0.05238654837012291
1076,0.05129461735486984
1077,0.059818193316459656
1078,0.0571894533932209
1079,0.04860696569085121
1080,0.049175214022397995
1081,0.05450976639986038
1082,0.051196686923503876
1083,0.04701566323637962
1084,0.05252595245838165
1085,0.04730258882045746
1086,0.05498436838388443
1087,0.05936232954263687
1088,0.056279003620147705
1089,0.055632978677749634
1090,0.057206977158784866
1091,0.055097147822380066
1092,0.05256276950240135
1093,0.05467762425541878
1094,0.054091013967990875
1095,0.05142136290669441
1096,0.05475945398211479
1097,0.052470069378614426
1098,0.05583938583731651
1099,0.0497913584113121
1100,0.05063571408390999
1101,0.06053292378783226
1102,0.050798434764146805
1103,0.052751194685697556
1104,0.05779155343770981
1105,0.04403282701969147
1106,0.040772292762994766
1107,0.052469830960035324
1108,0.05828165262937546
1109,0.051967985928058624
1110,0.04990874230861664
1111,0.05081162229180336
1112,0.05302516371011734
1113,0.056443389505147934
1114,0.051552191376686096
1115,0.057339247316122055
1116,0.05168139562010765
1117,0.05700431391596794
1118,0.045846499502658844
1119,0.04994438216090202
1120,0.058677997440099716
1121,0.04740412160754204
1122,0.053131189197301865
1123,0.05275627598166466
1124,0.05812211334705353
1125,0.047323569655418396
1126,0.04879983142018318
1127,0.0490875244140625
1128,0.049190230667591095
1129,0.05186476558446884
1130,0.05763674154877663
1131,0.048001233488321304
1132,0.0568452924489975
1133,0.04555970057845116
1134,0.04985082149505615
1135,0.04723871871829033
1136,0.04596823826432228
1137,0.05540117621421814
1138,0.051835834980010986
1139,0.05131804198026657
1140,0.05513281747698784
1141,0.05628664419054985
1142,0.053656384348869324
1143,0.049101222306489944
1144,0.0483173169195652
1145,0.05465507134795189
1146,0.04747888073325157
1147,0.05047037824988365
1148,0.05008367821574211
1149,0.05957374349236488
1150,0.0550139956176281
1151,0.050178926438093185
1152,0.0475817546248436
1153,0.058727797120809555
1154,0.048810072243213654
1155,0.04935546591877937
1156,0.05307767912745476
1157,0.04427315294742584
1158,0.06381028890609741
1159,0.05731363594532013
1160,0.057938121259212494
1161,0.05925902724266052
1162,0.05561932548880577
1163,0.05219397693872452
1164,0.04554545506834984
1165,0.0566919669508934
1166,0.06856238096952438
1167,0.04845261573791504
1168,0.050525013357400894
1169,0.05441753566265106
1170,0.044341910630464554
1171,0.0493863970041275
1172,0.053305625915527344
1173,0.05405207350850105
1174,0.05622071027755737
1175,0.05380869656801224
1176,0.058421485126018524
1177,0.04882365092635155
1178,0.057093147188425064
1179,0.04358457773923874
1180,0.050377000123262405
1181,0.04899783432483673
1182,0.05204550921916962
1183,0.05204751715064049
1184,0.04994126036763191
1185,0.06183550879359245
1186,0.05165380239486694
1187,0.04483431205153465
1188,0.05752917006611824
1189,0.058266978710889816
1190,0.04294135048985481
1191,0.06183985620737076
1192,0.05292779579758644
1193,0.055273864418268204
1194,0.0492534339427948
1195,0.05000642314553261
1196,0.054528333246707916
1197,0.05229545757174492
1198,0.0492846854031086
1199,0.060765355825424194
1200,0.053462542593479156
1201,0.05013816058635712
1202,0.047586388885974884
1203,0.05542925372719765
1204,0.04510645568370819
1205,0.0547364242374897
1206,0.05083056539297104
1207,0.05661137029528618
1208,0.0473850853741169
1209,0.05384527146816254
1210,0.05061163008213043
1211,0.05054241418838501
1212,0.05276559293270111
1213,0.048249196261167526
1214,0.0480952225625515
1215,0.05200736224651337
1216,0.050050344318151474
1217,0.05322888866066933
1218,0.06010535731911659
1219,0.06357170641422272
1220,0.0499236173927784
1221,0.04841110110282898
1222,0.0572759211063385
1223,0.05386701226234436
1224,0.045316457748413086
1225,0.047579411417245865
1226,0.04907727614045143
1227,0.062108587473630905
1228,0.051254596561193466
1229,0.049379024654626846
1230,0.05077698454260826
1231,0.04479844495654106
1232,0.04923900589346886
1233,0.049044135957956314
1234,0.0509532131254673
1235,0.04896954819560051
1236,0.0472741425037384
1237,0.04897857829928398
1238,0.054734308272600174
1239,0.05426334962248802
1240,0.050214286893606186
1241,0.05093596875667572
1242,0.04354679211974144
1243,0.05228352174162865
1244,0.04869666323065758
1245,0.049382343888282776
1246,0.052274610847234726
1247,0.05657351016998291
1248,0.04992414638400078
1249,0.05003740265965462
1250,0.046280041337013245
1251,0.051163386553525925
1252,0.05155123770236969
1253,0.04983209818601608
1254,0.04907260090112686
1255,0.04797137901186943
1256,0.049620166420936584
1257,0.0594760999083519
1258,0.054095689207315445
1259,0.05876195803284645
1260,0.04520002752542496
1261,0.05517394840717316
1262,0.04467306658625603
1263,0.04513879865407944
1264,0.05896122008562088
1265,0.051594678312540054
1266,0.053066279739141464
1267,0.048969049006700516
1268,0.05390774458646774
1269,0.04921232908964157
1270,0.04795188456773758
1271,0.058423902839422226
1272,0.05349031835794449
1273,0.051730018109083176
1274,0.048369914293289185
1275,0.053319305181503296
1276,0.05491473525762558
1277,0.05465317517518997
1278,0.047041259706020355
1279,0.05040476471185684
1280,0.05079204961657524
1281,0.05033143237233162
1282,0.054386138916015625
1283,0.0529618114233017
1284,0.049175187945365906
1285,0.0488046333193779
1286,0.049992967396974564
1287,0.04857528582215309
1288,0.05082923173904419
1289,0.048072587698698044
1290,0.0569634772837162
1291,0.04962475970387459
1292,0.04913798347115517
1293,0.05565473809838295
1294,0.04687326028943062
1295,0.06028297170996666
1296,0.04934151470661163
1297,0.05666497349739075
1298,0.04438791051506996
1299,0.057194847613573074
1300,0.05159180983901024
1301,0.05952338129281998
1302,0.05264810100197792
1303,0.0512307845056057
1304,0.05064210668206215
1305,0.04948367178440094
1306,0.05507268011569977
1307,0.0512923039495945
1308,0.05377498269081116
1309,0.055321045219898224
1310,0.05097593367099762
1311,0.04999855160713196
1312,0.05826733261346817
1313,0.054330553859472275
1314,0.05214190110564232
1315,0.05806015059351921
1316,0.053628478199243546
1317,0.04607423022389412
1318,0.06115188077092171
1319,0.04900011047720909
1320,0.057157281786203384
1321,0.05361523479223251
1322,0.05200053006410599
1323,0.043035972863435745
1324,0.05992104485630989
1325,0.056900203227996826
1326,0.05074969306588173
1327,0.04997798427939415
1328,0.048919111490249634
1329,0.05076698958873749
1330,0.05461772903800011
1331,0.05565265938639641
1332,0.04349875450134277
1333,0.04852252081036568
1334,0.05415554344654083
1335,0.05803461745381355
1336,0.04854336753487587
1337,0.045539822429418564
1338,0.05131979286670685
1339,0.051176317036151886
1340,0.06028032675385475
1341,0.04972575977444649
1342,0.04968192055821419
1343,0.055127277970314026
1344,0.049643587321043015
1345,0.05698046088218689
1346,0.061593107879161835
1347,0.054418426007032394
1348,0.04731524735689163
1349,0.05546334758400917
1350,0.05017472431063652
1351,0.053366441279649734
1352,0.051877137273550034
1353,0.04640984907746315
1354,0.05649877339601517
1355,0.0435471311211586
1356,0.05038846656680107
1357,0.049628786742687225
1358,0.057446278631687164
1359,0.05807968229055405
1360,0.054890818893909454
1361,0.047997456043958664
1362,0.05447462946176529
1363,0.055198609828948975
1364,0.04973194748163223
1365,0.04437964782118797
1366,0.04544171318411827
1367,0.04994679614901543
1368,0.05044112354516983
1369,0.05180518701672554
1370,0.04565049707889557
1371,0.05655134841799736
1372,0.05072977766394615
1373,0.050526879727840424
1374,0.05380910634994507
1375,0.05300825089216232
1376,0.054055456072092056
1377,0.05383319780230522
1378,0.05022305250167847
1379,0.05159356817603111
1380,0.053192365914583206
1381,0.05055307596921921
1382,0.04857245087623596
1383,0.045085273683071136
1384,0.05136367306113243
1385,0.05866360291838646
1386,0.049227237701416016
1387,0.0504484660923481
1388,0.05603994056582451
1389,0.051307562738657
1390,0.05558124557137489
1391,0.044634997844696045
1392,0.05415375903248787
1393,0.05367305129766464
1394,0.06113471835851669
1395,0.05170047655701637
1396,0.046232812106609344
1397,0.05480709671974182
1398,0.05040844529867172
1399,0.053401172161102295
1400,0.056197114288806915
1401,0.06997198611497879
1402,0.049539171159267426
1403,0.060178034007549286
1404,0.05289821699261665
1405,0.04499935731291771
1406,0.04893702268600464
1407,0.04626310616731644
1408,0.05768158659338951
1409,0.04250895231962204
1410,0.0524803027510643
1411,0.05578456446528435
1412,0.053429607301950455
1413,0.05141758546233177
1414,0.04961293190717697
1415,0.05532373487949371
1416,0.06166956201195717
1417,0.04757893085479736
1418,0.0511908084154129
1419,0.0445183590054512
1420,0.0487542524933815
1421,0.06110415607690811
1422,0.05198082700371742
1423,0.05741526931524277
1424,0.04924078285694122
1425,0.05551917105913162
1426,0.0433339960873127
1427,0.04157986119389534
1428,0.04937930032610893
1429,0.05522652715444565
1430,0.048826612532138824
1431,0.05324464663863182
1432,0.050988029688596725
1433,0.05319739878177643
1434,0.051082074642181396
1435,0.052842188626527786
1436,0.0483749620616436
1437,0.05483824387192726
1438,0.055128782987594604
1439,0.048179421573877335
1440,0.04755561798810959
1441,0.050907768309116364
1442,0.051736652851104736
1443,0.03911163657903671
1444,0.055688463151454926
1445,0.05049566179513931
1446,0.05415619537234306
1447,0.05783448368310928
1448,0.05822635442018509
1449,0.04628535732626915
1450,0.05852368846535683
1451,0.061417315155267715
1452,0.052102021872997284
1453,0.04830995947122574
1454,0.0538007952272892
1455,0.049909334629774094
1456,0.05700843036174774
1457,0.056282829493284225
1458,0.05272020772099495
1459,0.0447111502289772
1460,0.0474323071539402
1461,0.0506206676363945
1462,0.061028942465782166
1463,0.05485740303993225
1464,0.05502990633249283
1465,0.05733928829431534
1466,0.05273966118693352
1467,0.05357368290424347
1468,0.05667657405138016
1469,0.05520383268594742
1470,0.05154678225517273
1471,0.048545002937316895
1472,0.053393322974443436
1473,0.05766649171710014
1474,0.0542692206799984
1475,0.05173094570636749
1476,0.04801509156823158
1477,0.05714215710759163
1478,0.05512668937444687
1479,0.04978828877210617
1480,0.0553339347243309
1481,0.05708680301904678
1482,0.05434147268533707
1483,0.04871150478720665
1484,0.05750640854239464
1485,0.04856620728969574
1486,0.06206582114100456
1487,0.04452010616660118
1488,0.05141777917742729
1489,0.056057389825582504
1490,0.0509398952126503
1491,0.0512053519487381
1492,0.055764466524124146
1493,0.050599317997694016
1494,0.051135290414094925
1495,0.05265175923705101
1496,0.050121553242206573
1497,0.055735211819410324
1498,0.06402357667684555
1499,0.0504896380007267
1500,0.04519549384713173
1501,0.05640430375933647
1502,0.05553239583969116
1503,0.04512801766395569
1504,0.05218363180756569
1505,0.047104980796575546
1506,0.054569732397794724
1507,0.047727324068546295
1508,0.05526239797472954
1509,0.0489480085670948
1510,0.054013676941394806
1511,0.047815822064876556
1512,0.06632456928491592
1513,0.05528856813907623
1514,0.04609337076544762
1515,0.04635925963521004
1516,0.05006984993815422
1517,0.04380247741937637
1518,0.05402594059705734
1519,0.05152804031968117
1520,0.04540000483393669
1521,0.05535607784986496
1522,0.05356846749782562
1523,0.05646201968193054
1524,0.058925092220306396
1525,0.05834246799349785
1526,0.05814460292458534
1527,0.04412243142724037
1528,0.05083266645669937
1529,0.04750388115644455
1530,0.04999387636780739
1531,0.055188897997140884
1532,0.05944228544831276
1533,0.05556396022439003
1534,0.04439505189657211
1535,0.04608597606420517
1536,0.04856579750776291
1537,0.04711590334773064
1538,0.053694963455200195
1539,0.05300728231668472
1540,0.04704577103257179
1541,0.05891115218400955
1542,0.0482911542057991
1543,0.050227727741003036
1544,0.06011669337749481
1545,0.0566045418381691
1546,0.04549572616815567
1547,0.055958982557058334
1548,0.053401507437229156
1549,0.05214260146021843
1550,0.0449204221367836
1551,0.05016208440065384
1552,0.05121130496263504
1553,0.052435290068387985
1554,0.04631165415048599
1555,0.04669143259525299
1556,0.05192791670560837
1557,0.05057492107152939
1558,0.04471823200583458
1559,0.04890932887792587
1560,0.052169304341077805
1561,0.04906006529927254
1562,0.0554099902510643
1563,0.04922999441623688
1564,0.04333171248435974
1565,0.04907985404133797
1566,0.04823153465986252
1567,0.051213935017585754
1568,0.057829540222883224
1569,0.05776764452457428
1570,0.04855181276798248
1571,0.05455152690410614
1572,0.04614850878715515
1573,0.05118105560541153
1574,0.049408361315727234
1575,0.05156693607568741
1576,0.04960538446903229
1577,0.05049743130803108
1578,0.04580884799361229
1579,0.048963554203510284
1580,0.06165667623281479
1581,0.056706734001636505
1582,0.05589873716235161
1583,0.05109095200896263
1584,0.04962870106101036
1585,0.047735508531332016
1586,0.04801638051867485
1587,0.05135713517665863
1588,0.05036736652255058
1589,0.05645427107810974
1590,0.04974312707781792
1591,0.05014615133404732
1592,0.05197655037045479
1593,0.05365796014666557
1594,0.05280536413192749
1595,0.049236878752708435
1596,0.052212193608284
1597,0.04947042092680931
1598,0.05382625758647919
1599,0.05292296037077904
1600,0.04978296160697937
1601,0.04343647509813309
1602,0.054464057087898254
1603,0.044862352311611176
1604,0.048054289072752
1605,0.04973714426159859
1606,0.0479605570435524
1607,0.0501859188079834
1608,0.06099808216094971
1609,0.048624396324157715
1610,0.04608166217803955
1611,0.05397941172122955
1612,0.0606735534965992
1613,0.05708646774291992
1614,0.05350545048713684
1615,0.059203412383794785
1616,0.057179346680641174
1617,0.05485672503709793
1618,0.04487483575940132
1619,0.050031520426273346
1620,0.049508821219205856
1621,0.04240160435438156
1622,0.05250781774520874
1623,0.0460512712597847
1624,0.05292052775621414
1625,0.0566735602915287
1626,0.05447465181350708
1627,0.05223871394991875
1628,0.05332374945282936
1629,0.04900805279612541
1630,0.04544086754322052
1631,0.055944934487342834
1632,0.05204962193965912
1633,0.054606758058071136
1634,0.04923557862639427
1635,0.051095735281705856
1636,0.047727085649967194
1637,0.05340084061026573
1638,0.05897841230034828
1639,0.0564391128718853
1640,0.05191202834248543
1641,0.045537106692790985
1642,0.05316517874598503
1643,0.04780813679099083
1644,0.05253300815820694
1645,0.0443800687789917
1646,0.05977136269211769
1647,0.04658190533518791
1648,0.0479574091732502
1649,0.055306609719991684
1650,0.04970170184969902
1651,0.056945960968732834
1652,0.05368506908416748
1653,0.04657307267189026
1654,0.04664669558405876
1655,0.05802437663078308
1656,0.05768106132745743
1657,0.04438494145870209
1658,0.05682624503970146
1659,0.05641957372426987
1660,0.05097357928752899
1661,0.04880674183368683
1662,0.05542479828000069
1663,0.05899382755160332
1664,0.04651932418346405
1665,0.052075013518333435
1666,0.046485498547554016
1667,0.04208572953939438
1668,0.04676620662212372
1669,0.05674589052796364
1670,0.046382468193769455
1671,0.051983147859573364
1672,0.05027320608496666
1673,0.0445716492831707
1674,0.05971303582191467
1675,0.048840492963790894
1676,0.05471985414624214
1677,0.04825831949710846
1678,0.04387606680393219
1679,0.05062013491988182
1680,0.05182822421193123
1681,0.05596272647380829
1682,0.04547934979200363
1683,0.05345296487212181
1684,0.05488269776105881
1685,0.05915853753685951
1686,0.0496702641248703
1687,0.051767122000455856
1688,0.05423552170395851
1689,0.0640561506152153
1690,0.05273231118917465
1691,0.05210617184638977
1692,0.04824865609407425
1693,0.05946557596325874
1694,0.052646294236183167
1695,0.05084553360939026
1696,0.04985930025577545
1697,0.05392058193683624
1698,0.055647313594818115
1699,0.053766924887895584
1700,0.049811892211437225
1701,0.04728434607386589
1702,0.05377063527703285
1703,0.05450766161084175
1704,0.054988447576761246
1705,0.05456848815083504
1706,0.06176105886697769
1707,0.05586358159780502
1708,0.04635237529873848
1709,0.05205706134438515
1710,0.055326469242572784
1711,0.05177433416247368
1712,0.058514051139354706
1713,0.04905332624912262
1714,0.05229394510388374
1715,0.04304073378443718
1716,0.05487711727619171
1717,0.05675091594457626
1718,0.05784719064831734
1719,0.05994431674480438
1720,0.044669825583696365
1721,0.04741596803069115
1722,0.04756491631269455
1723,0.055838171392679214
1724,0.053556736558675766
1725,0.05491422861814499
1726,0.05548003688454628
1727,0.052762407809495926
1728,0.04774729162454605
1729,0.05585849657654762
1730,0.04996543377637863
1731,0.04440650716423988
1732,0.048172399401664734
1733,0.05832953006029129
1734,0.047956500202417374
1735,0.045994993299245834
1736,0.05211509391665459
1737,0.051287610083818436
1738,0.055501941591501236
1739,0.05159274861216545
1740,0.0499231293797493
1741,0.04953949153423309
1742,0.049420129507780075
1743,0.059459760785102844
1744,0.05269642174243927
1745,0.052955884486436844
1746,0.048036377876996994
1747,0.061755359172821045
1748,0.04699518904089928
1749,0.05302067846059799
1750,0.05578245967626572
1751,0.04998359829187393
1752,0.057858649641275406
1753,0.05705787241458893
1754,0.05318233743309975
1755,0.055320702493190765
1756,0.0592372789978981
1757,0.053956132382154465
1758,0.04619646817445755
1759,0.054526716470718384
1760,0.04455612972378731
1761,0.060245331376791
1762,0.057251982390880585
1763,0.053312066942453384
1764,0.04296477511525154
1765,0.05569560080766678
1766,0.05547456070780754
1767,0.05003035068511963
1768,0.05102283135056496
1769,0.04704498127102852
1770,0.05457710474729538
1771,0.044772036373615265
1772,0.05706772580742836
1773,0.05677800253033638
1774,0.052190717309713364
1775,0.05259091779589653
1776,0.055384717881679535
1777,0.05420724302530289
1778,0.049539271742105484
1779,0.05562230199575424
1780,0.05664092302322388
1781,0.05121767148375511
1782,0.06018994003534317
1783,0.05329954996705055
1784,0.048990968614816666
1785,0.04395466670393944
1786,0.05714581161737442
1787,0.04905875027179718
1788,0.049997009336948395
1789,0.04098799452185631
1790,0.05050542578101158
1791,0.051908086985349655
1792,0.05626191571354866
1793,0.04157879203557968
1794,0.044867824763059616
1795,0.0506039522588253
1796,0.05316389724612236
1797,0.053186677396297455
1798,0.05802849680185318
1799,0.05838089436292648
1800,0.048366185277700424
1801,0.05068303272128105
1802,0.047643281519412994
1803,0.04544224962592125
1804,0.043554969131946564
1805,0.061527617275714874
1806,0.05168657749891281
1807,0.04900415241718292
1808,0.05804118141531944
1809,0.053298596292734146
1810,0.051247064024209976
1811,0.048048265278339386
1812,0.05481531471014023
1813,0.06028232350945473
1814,0.05571446567773819
1815,0.05452507361769676
1816,0.047661907970905304
1817,0.04957185313105583
1818,0.05444296449422836
1819,0.049272436648607254
1820,0.04988361522555351
1821,0.05076826363801956
1822,0.052436791360378265
1823,0.05172772705554962
1824,0.0474165715277195
1825,0.04879813641309738
1826,0.04830162227153778
1827,0.041794005781412125
1828,0.0497390516102314
1829,0.06077038124203682
1830,0.05601102113723755
1831,0.05092025175690651
1832,0.05113391950726509
1833,0.044394951313734055
1834,0.047783076763153076
1835,0.058355774730443954
1836,0.05770903825759888
1837,0.05005832388997078
1838,0.0540439710021019
1839,0.053140148520469666
1840,0.05429527163505554
1841,0.056275926530361176
1842,0.05412353575229645
1843,0.05605597421526909
1844,0.0592036210000515
1845,0.055024366825819016
1846,0.04825175181031227
1847,0.053887609392404556
1848,0.04999060556292534
1849,0.05169292539358139
1850,0.06139160692691803
1851,0.050754398107528687
1852,0.055643755942583084
1853,0.04498779773712158
1854,0.05655911937355995
1855,0.05322888866066933
1856,0.04301433637738228
1857,0.05010668933391571
1858,0.048108235001564026
1859,0.04362194985151291
1860,0.05364694073796272
1861,0.04757843539118767
1862,0.04256720095872879
1863,0.04757082089781761
1864,0.05699196085333824
1865,0.04636643826961517
1866,0.05263612046837807
1867,0.052170563489198685
1868,0.0530008003115654
1869,0.0528523251414299
1870,0.054078083485364914
1871,0.051269158720970154
1872,0.05579577758908272
1873,0.045421697199344635
1874,0.05758881941437721
1875,0.05240824446082115
1876,0.05707932636141777
1877,0.05278029292821884
1878,0.04880964756011963
1879,0.04521938040852547
1880,0.04744933918118477
1881,0.044316694140434265
1882,0.054261017590761185
1883,0.04782199487090111
1884,0.04777253419160843
1885,0.05918584018945694
1886,0.04430609196424484
1887,0.0517236702144146
1888,0.0524945966899395
1889,0.053060051053762436
1890,0.04485374316573143
1891,0.04599164053797722
1892,0.04981885850429535
1893,0.04483853653073311
1894,0.06310481578111649
1895,0.048634666949510574
1896,0.058133579790592194
1897,0.05272955447435379
1898,0.057445500046014786
1899,0.050784189254045486
1900,0.05258898437023163
1901,0.05448982119560242
1902,0.04349220544099808
1903,0.0487193688750267
1904,0.05327026546001434
1905,0.05560315027832985
1906,0.05756384879350662
1907,0.04939126968383789
1908,0.05090312659740448
1909,0.05562353506684303
1910,0.05544009432196617
1911,0.04919998720288277
1912,0.05400332808494568
1913,0.05615966022014618
1914,0.05181140825152397
1915,0.045630697160959244
1916,0.05711441487073898
1917,0.048448268324136734
1918,0.04887606203556061
1919,0.049147289246320724
1920,0.05188113451004028
1921,0.05099652707576752
1922,0.04226386174559593
1923,0.06192376837134361
1924,0.05049993097782135
1925,0.04829554259777069
1926,0.04829312115907669
1927,0.05951019376516342
1928,0.05078244209289551
1929,0.04981273040175438
1930,0.05672882869839668
1931,0.052144892513751984
1932,0.06261976063251495
1933,0.04739787429571152
1934,0.04897119849920273
1935,0.051630016416311264
1936,0.05793583393096924
1937,0.044728659093379974
1938,0.045679911971092224
1939,0.056821417063474655
1940,0.05189530551433563
1941,0.05011466145515442
1942,0.06128723919391632
1943,0.043871115893125534
1944,0.0496232733130455
1945,0.051077354699373245
1946,0.043287504464387894
1947,0.0527837835252285
1948,0.055905163288116455
1949,0.05262836813926697
1950,0.04824603721499443
1951,0.05073188617825508
1952,0.05541687086224556
1953,0.053319334983825684
1954,0.048571228981018066
1955,0.03992115706205368
1956,0.04449836164712906
1957,0.04760077968239784
1958,0.05612418055534363
1959,0.048184290528297424
1960,0.049066800624132156
1961,0.059981245547533035
1962,0.050812236964702606
1963,0.049204159528017044
1964,0.04944833740592003
1965,0.05401737615466118
1966,0.044526342302560806
1967,0.058701690286397934
1968,0.06072555109858513
1969,0.04925203695893288
1970,0.06113274022936821
1971,0.05822180211544037
1972,0.059731315821409225
1973,0.05309063196182251
1974,0.04984092712402344
1975,0.049798231571912766
1976,0.04730983451008797
1977,0.04824002832174301
1978,0.05022359639406204
1979,0.05288240313529968
1980,0.05302944779396057
1981,0.05257975310087204
1982,0.050966527312994
1983,0.05022887885570526
1984,0.0539848767220974
1985,0.04557414725422859
1986,0.05447953939437866
1987,0.0499449297785759
1988,0.05385320261120796
1989,0.04912639781832695
1990,0.048392586410045624
1991,0.04638918116688728
1992,0.058098893612623215
1993,0.054090313613414764
1994,0.055589623749256134
1995,0.05579080805182457
1996,0.055832624435424805
1997,0.05686121806502342
1998,0.05686388537287712
1999,0.05260247737169266
2000,0.0524543896317482
2001,0.05135577917098999
2002,0.05525394156575203
2003,0.06093265861272812
2004,0.05244440212845802
2005,0.05332072824239731
2006,0.05657055228948593
2007,0.05605914443731308
2008,0.049682751297950745
2009,0.04561355710029602
2010,0.048742081969976425
2011,0.046625860035419464
2012,0.04740995913743973
2013,0.05380330979824066
2014,0.05550996586680412
2015,0.05986873805522919
2016,0.05111759901046753
2017,0.04931696504354477
2018,0.05548947677016258
2019,0.05170632153749466
2020,0.053276799619197845
2021,0.05186688154935837
2022,0.05053713172674179
2023,0.05404338985681534
2024,0.04964395612478256
2025,0.051292963325977325
2026,0.04363487660884857
2027,0.05258481577038765
2028,0.06408713012933731
2029,0.05970826372504234
2030,0.050583455711603165
2031,0.04425781965255737
2032,0.051409538835287094
2033,0.04319818690419197
2034,0.05559803918004036
2035,0.049458131194114685
2036,0.052113939076662064
2037,0.050126075744628906
2038,0.04995081573724747
2039,0.05244044214487076
2040,0.054604895412921906
2041,0.04594241455197334
2042,0.04802362993359566
2043,0.04880129545927048
2044,0.05087259039282799
2045,0.04949061572551727
2046,0.0460786335170269
2047,0.051983173936605453
2048,0.057721782475709915
2049,0.045204468071460724
2050,0.056016791611909866
2051,0.05250675603747368
2052,0.05328178033232689
2053,0.04935556650161743
2054,0.05253123119473457
2055,0.05094924569129944
2056,0.05931084603071213
2057,0.050584468990564346
2058,0.04852154105901718
2059,0.05070272088050842
2060,0.045300889760255814
2061,0.059641968458890915
2062,0.04956882447004318
2063,0.050241272896528244
2064,0.05388258770108223
2065,0.051638081669807434
2066,0.05922241136431694
2067,0.051349133253097534
2068,0.05079469084739685
2069,0.056908927857875824
2070,0.04938296973705292
2071,0.05222727730870247
2072,0.05134246125817299
2073,0.05000843480229378
2074,0.057207465171813965
2075,0.055435631424188614
2076,0.0536871999502182
2077,0.04659976065158844
2078,0.05494580790400505
2079,0.05376122519373894
2080,0.0515168271958828
2081,0.04919819161295891
2082,0.05342452973127365
2083,0.0507168285548687
2084,0.056433677673339844
2085,0.05301632732152939
2086,0.053255919367074966
2087,0.055662158876657486
2088,0.05516335368156433
2089,0.05993911623954773
2090,0.05782025307416916
2091,0.04534616693854332
2092,0.05661525949835777
2093,0.04496457055211067
2094,0.044370777904987335
2095,0.0483214370906353
2096,0.06237875297665596
2097,0.05406884849071503
2098,0.05862300470471382
2099,0.04563954100012779
2100,0.06295976042747498
2101,0.04909603297710419
2102,0.05134311690926552
2103,0.04522639140486717
2104,0.057271525263786316
2105,0.05365996062755585
2106,0.05400284379720688
2107,0.053387947380542755
2108,0.05461893975734711
2109,0.05689166113734245
2110,0.05327518284320831
2111,0.0525643490254879
2112,0.05161513760685921
2113,0.05561863258481026
2114,0.055212847888469696
2115,0.05287227779626846
2116,0.05432359129190445
2117,0.05504382774233818
2118,0.045258793979883194
2119,0.04476145654916763
2120,0.04213106632232666
2121,0.04503714665770531
2122,0.047698527574539185
2123,0.05126449093222618
2124,0.04743301123380661
2125,0.055513426661491394
2126,0.04418499022722244
2127,0.0520780086517334
2128,0.055075373500585556
2129,0.05164796859025955
2130,0.05569405481219292
2131,0.04334249347448349
2132,0.05866233631968498
2133,0.057041801512241364
2134,0.05719514191150665
2135,0.046033553779125214
2136,0.05005237087607384
2137,0.047580230981111526
2138,0.05363153666257858
2139,0.06155306473374367
2140,0.049459148198366165
2141,0.05398134887218475
2142,0.05382079631090164
2143,0.051543232053518295
2144,0.05604821816086769
2145,0.04509097337722778
2146,0.05569165572524071
2147,0.04910321533679962
2148,0.0498478002846241
2149,0.05219639837741852
2150,0.04940547049045563
2151,0.06267036497592926
2152,0.05439242720603943
2153,0.05680897831916809
2154,0.04836332052946091
2155,0.053087007254362106
2156,0.057711608707904816
2157,0.053724292665719986
2158,0.04257196933031082
2159,0.05038779601454735
2160,0.055739447474479675
2161,0.05025206878781319
2162,0.046200934797525406
2163,0.04397180303931236
2164,0.055059321224689484
2165,0.05437054485082626
2166,0.058500371873378754
2167,0.05539078265428543
2168,0.04808845371007919
2169,0.05041368305683136
2170,0.05470450595021248
2171,0.05248366668820381
2172,0.05760513246059418
2173,0.05404512956738472
2174,0.042757611721754074
2175,0.048320211470127106
2176,0.050270333886146545
2177,0.04571336880326271
2178,0.05322305113077164
2179,0.05616040155291557
2180,0.04666448011994362
2181,0.0522795096039772
2182,0.05111539363861084
2183,0.051187824457883835
2184,0.05703657865524292
2185,0.05463242903351784
2186,0.04614799842238426
2187,0.04815240576863289
2188,0.046060480177402496
2189,0.05101512745022774
2190,0.05074373632669449
2191,0.0483081080019474
2192,0.05019541084766388
2193,0.04757970944046974
2194,0.058527592569589615
2195,0.049237050116062164
2196,0.05653877556324005
2197,0.05092799291014671
2198,0.04899090901017189
2199,0.053258832544088364
2200,0.05422055721282959
2201,0.05032597482204437
2202,0.04847994074225426
2203,0.047076039016246796
2204,0.054514650255441666
2205,0.04484812170267105
2206,0.04784714803099632
2207,0.06110681593418121
2208,0.04486265406012535
2209,0.05409161373972893
2210,0.050562407821416855
2211,0.04802952706813812
2212,0.05155324563384056
2213,0.05145641043782234
2214,0.044052623212337494
2215,0.0550781786441803
2216,0.045054804533720016
2217,0.048383958637714386
2218,0.051942378282547
2219,0.048303913325071335
2220,0.05214708298444748
2221,0.04798978194594383
2222,0.057505786418914795
2223,0.05120261758565903
2224,0.047394365072250366
2225,0.049508314579725266
2226,0.05379278585314751
2227,0.04999123513698578
2228,0.04891566187143326
2229,0.04647441580891609
2230,0.04754185304045677
2231,0.06345025449991226
2232,0.04185611754655838
2233,0.052148524671792984
2234,0.04597421735525131
2235,0.06054231524467468
2236,0.05349823459982872
2237,0.053030554205179214
2238,0.05076799541711807
2239,0.04510977491736412
2240,0.055312663316726685
2241,0.054120734333992004
2242,0.05044819042086601
2243,0.05195574462413788
2244,0.04629431292414665
2245,0.051121510565280914
2246,0.05199370160698891
2247,0.04861622303724289
2248,0.050627514719963074
2249,0.05063498020172119
2250,0.05402844771742821
2251,0.058467235416173935
2252,0.05359244346618652
2253,0.048527538776397705
2254,0.05329689383506775
2255,0.06273967027664185
2256,0.055101294070482254
2257,0.056197088211774826
2258,0.06671936810016632
2259,0.048924386501312256
2260,0.04635021835565567
2261,0.046062469482421875
2262,0.05393879488110542
2263,0.04853610321879387
2264,0.0489189587533474
2265,0.04840151220560074
2266,0.04742678999900818
2267,0.05638619884848595
2268,0.048843301832675934
2269,0.05368123948574066
2270,0.05161260813474655
2271,0.053190723061561584
2272,0.049258507788181305
2273,0.05201646685600281
2274,0.05043555051088333
2275,0.05042660981416702
2276,0.0519123338162899
2277,0.05033424496650696
2278,0.05100007355213165
2279,0.053422700613737106
2280,0.0499047189950943
2281,0.05497266724705696
2282,0.043309085071086884
2283,0.05436147376894951
2284,0.052004363387823105
2285,0.05266007035970688
2286,0.05309586226940155
2287,0.05582251772284508
2288,0.05738065019249916
2289,0.04359294846653938
2290,0.04274574667215347
2291,0.053519342094659805
2292,0.04658463969826698
2293,0.054032061249017715
2294,0.05183440074324608
2295,0.05039847269654274
2296,0.05233168229460716
2297,0.04741135612130165
2298,0.04820006713271141
2299,0.049710653722286224
2300,0.056575994938611984
2301,0.04685867205262184
2302,0.05817027762532234
2303,0.050321064889431
2304,0.046634141355752945
2305,0.05292211472988129
2306,0.05325467512011528
2307,0.04915005341172218
2308,0.05010547116398811
2309,0.04954579472541809
2310,0.05321146920323372
2311,0.05376654118299484
2312,0.049431268125772476
2313,0.04580291733145714
2314,0.05192551389336586
2315,0.05188912898302078
2316,0.052165012806653976
2317,0.04960506036877632
2318,0.05337607488036156
2319,0.039301298558712006
2320,0.04358825832605362
2321,0.0532677136361599
2322,0.049748096615076065
2323,0.05661173537373543
2324,0.06450993567705154
2325,0.04588699713349342
2326,0.046562179923057556
2327,0.05562860891222954
2328,0.05253958702087402
2329,0.05273895710706711
2330,0.049775391817092896
2331,0.05116920545697212
2332,0.05656059458851814
2333,0.04452790692448616
2334,0.04916141927242279
2335,0.05790913850069046
2336,0.04799152538180351
2337,0.05516227334737778
2338,0.04522526636719704
2339,0.05079050734639168
2340,0.05182119831442833
2341,0.051634687930345535
2342,0.051630035042762756
2343,0.05387144908308983
2344,0.05199762433767319
2345,0.048473671078681946
2346,0.05307341367006302
2347,0.05308524891734123
2348,0.050274621695280075
2349,0.053780168294906616
2350,0.050975602120161057
2351,0.05422231927514076
2352,0.05493248999118805
2353,0.0536981001496315
2354,0.046291522681713104
2355,0.053474560379981995
2356,0.0488063208758831
2357,0.0424756221473217
2358,0.053724322468042374
2359,0.05280882492661476
2360,0.05174638703465462
2361,0.05775285139679909
2362,0.051596660166978836
2363,0.048684339970350266
2364,0.0490257553756237
2365,0.04396466538310051
2366,0.04359561949968338
2367,0.04829208925366402
2368,0.053400225937366486
2369,0.05077984556555748
2370,0.05227731913328171
2371,0.05301361158490181
2372,0.05217718333005905
2373,0.047162014991045
2374,0.04763031750917435
2375,0.05325352028012276
2376,0.05156344547867775
2377,0.052402313798666
2378,0.047012753784656525
2379,0.054347388446331024
2380,0.0532543770968914
2381,0.0510232076048851
2382,0.04753826931118965
2383,0.05129004642367363
2384,0.06182139366865158
2385,0.05355111137032509
2386,0.058385394513607025
2387,0.05538233742117882
2388,0.04998578131198883
2389,0.05184924975037575
2390,0.05402312055230141
2391,0.050944168120622635
2392,0.05528756603598595
2393,0.04770088568329811
2394,0.047798704355955124
2395,0.053498804569244385
2396,0.054875172674655914
2397,0.049792710691690445
2398,0.05942946672439575
2399,0.04913924261927605
2400,0.05417323112487793
2401,0.053057897835969925
2402,0.052976470440626144
2403,0.0607374869287014
2404,0.05700640380382538
2405,0.04938201606273651
2406,0.055823180824518204
2407,0.050645310431718826
2408,0.04935635253787041
2409,0.05849172919988632
2410,0.053898267447948456
2411,0.0491725355386734
2412,0.058417048305273056
2413,0.05759882181882858
2414,0.05955229327082634
2415,0.04914703592658043
2416,0.052583709359169006
2417,0.048290230333805084
2418,0.05027084797620773
2419,0.0537087507545948
2420,0.05355610325932503
2421,0.04860885813832283
2422,0.056079111993312836
2423,0.055399347096681595
2424,0.051358386874198914
2425,0.04993889480829239
2426,0.04415684565901756
2427,0.05701814591884613
2428,0.05340009182691574
2429,0.05338955670595169
2430,0.05489533022046089
2431,0.04285040125250816
2432,0.05389755219221115
2433,0.05023684725165367
2434,0.06282207369804382
2435,0.04798519238829613
2436,0.06418082118034363
2437,0.05451827868819237
2438,0.04989885911345482
2439,0.05220592021942139
2440,0.05119588226079941
2441,0.0658036544919014
2442,0.051128994673490524
2443,0.046498533338308334
2444,0.0574551522731781
2445,0.05706252530217171
2446,0.05134669318795204
2447,0.052936047315597534
2448,0.05189206078648567
2449,0.050591014325618744
2450,0.05742521956562996
2451,0.047806475311517715
2452,0.05293675512075424
2453,0.05406574532389641
2454,0.05012817680835724
2455,0.05044219642877579
2456,0.05298725515604019
2457,0.05564575269818306
2458,0.05120651796460152
2459,0.05537144094705582
2460,0.0488014779984951
2461,0.050039976835250854
2462,0.05048176273703575
2463,0.05720122531056404
2464,0.04816824942827225
2465,0.0556611493229866
2466,0.04701664298772812
2467,0.04515187814831734
2468,0.053044263273477554
2469,0.06143145635724068
2470,0.0568036250770092
2471,0.046543512493371964
2472,0.05073542892932892
2473,0.05635925754904747
2474,0.05603910610079765
2475,0.043877724558115005
2476,0.052852973341941833
2477,0.05744115635752678
2478,0.05802982300519943
2479,0.05749031901359558
2480,0.06063292175531387
2481,0.05387791618704796
2482,0.05281106010079384
2483,0.05283613130450249
2484,0.04441240429878235
2485,0.044815439730882645
2486,0.056227825582027435
2487,0.05263051763176918
2488,0.04309709370136261
2489,0.052662983536720276
2490,0.04774658381938934
2491,0.0539279468357563
2492,0.050620030611753464
2493,0.05030883103609085
2494,0.05126441642642021
2495,0.05449138209223747
2496,0.05038215592503548
2497,0.05372321233153343
2498,0.0649566799402237
2499,0.05828988179564476
2500,0.050739873200654984
2501,0.05809241160750389
2502,0.06251846998929977
2503,0.05367378517985344
2504,0.05295698717236519
2505,0.05856289714574814
2506,0.05252709984779358
2507,0.0602852888405323
2508,0.048801489174366
2509,0.048629723489284515
2510,0.04997001215815544
2511,0.056774914264678955
2512,0.052232854068279266
2513,0.062139514833688736
2514,0.05597555637359619
2515,0.0653754249215126
2516,0.04086625948548317
2517,0.047413695603609085
2518,0.05315900966525078
2519,0.04638340324163437
2520,0.05507591366767883
2521,0.057580072432756424
2522,0.04765136167407036
2523,0.05518411844968796
2524,0.04848872870206833
2525,0.06404102593660355
2526,0.05324619263410568
2527,0.044247981160879135
2528,0.04769733175635338
2529,0.06007325276732445
2530,0.05584254115819931
2531,0.05637234449386597
2532,0.05136407911777496
2533,0.052085839211940765
2534,0.04772121459245682
2535,0.052762098610401154
2536,0.052694886922836304
2537,0.049742911010980606
2538,0.05830675736069679
2539,0.0520685538649559
2540,0.05477143079042435
2541,0.05637262389063835
2542,0.052049316465854645
2543,0.05254620313644409
2544,0.05100836977362633
2545,0.050933290272951126
2546,0.05131470412015915
2547,0.05220058560371399
2548,0.06374809145927429
2549,0.053216900676488876
2550,0.05426990985870361
2551,0.05183586850762367
2552,0.05051041394472122
2553,0.053157128393650055
2554,0.05233373865485191
2555,0.04498816281557083
2556,0.04607078433036804
2557,0.05077574774622917
2558,0.05282308906316757
2559,0.0475507527589798
2560,0.05214696750044823
2561,0.055304545909166336
2562,0.05981897562742233
2563,0.04683332145214081
2564,0.04943033680319786
2565,0.05314326286315918
2566,0.04976968839764595
2567,0.059667039662599564
2568,0.04877901449799538
2569,0.05590881407260895
2570,0.05614912882447243
2571,0.05587425082921982
2572,0.05634758248925209
2573,0.06018375977873802
2574,0.05442742258310318
2575,0.05585751309990883
2576,0.049334071576595306
2577,0.0507969968020916
2578,0.046388767659664154
2579,0.04993295669555664
2580,0.04978533834218979
2581,0.050303999334573746
2582,0.05547875538468361
2583,0.05371175706386566
2584,0.053435392677783966
2585,0.04925168305635452
2586,0.05949799343943596
2587,0.0459873341023922
2588,0.04515145719051361
2589,0.051254816353321075
2590,0.05666879937052727
2591,0.05041198059916496
2592,0.05053979158401489
2593,0.05497165396809578
2594,0.04561315476894379
2595,0.054222222417593
2596,0.052632756531238556
2597,0.04836424067616463
2598,0.05729520320892334
2599,0.04560403898358345
2600,0.05234473943710327
2601,0.05086950212717056
2602,0.05359130725264549
2603,0.050660550594329834
2604,0.0456155501306057
2605,0.04546982795000076
2606,0.05011536553502083
2607,0.05927196517586708
2608,0.05135778710246086
2609,0.049095675349235535
2610,0.046550117433071136
2611,0.05514422431588173
2612,0.048810530453920364
2613,0.059212323278188705
2614,0.05210936814546585
2615,0.04604494571685791
2616,0.05321851372718811
2617,0.050126004964113235
2618,0.05893868952989578
2619,0.050624553114175797
2620,0.05432407930493355
2621,0.05670642852783203
2622,0.054724615067243576
2623,0.05467424914240837
2624,0.04933851212263107
2625,0.056249119341373444
2626,0.05049591884016991
2627,0.05428389459848404
2628,0.059128474444150925
2629,0.052125267684459686
2630,0.05805308744311333
2631,0.04398427903652191
2632,0.048401493579149246
2633,0.05547253414988518
2634,0.050943322479724884
2635,0.05386272445321083
2636,0.0536012277007103
2637,0.04593654349446297
2638,0.04870085045695305
2639,0.05430369824171066
2640,0.04754966124892235
2641,0.057703565806150436
2642,0.05886348336935043
2643,0.05157608538866043
2644,0.05074204504489899
2645,0.05210813134908676
2646,0.054224152117967606
2647,0.05053434148430824
2648,0.046565521508455276
2649,0.05126336216926575
2650,0.05236271396279335
2651,0.04969153553247452
2652,0.053932517766952515
2653,0.04793255031108856
2654,0.059425611048936844
2655,0.061036597937345505
2656,0.04821497201919556
2657,0.05416758358478546
2658,0.04659435153007507
2659,0.052369799464941025
2660,0.05115063115954399
2661,0.04667011648416519
2662,0.04970093071460724
2663,0.05324794352054596
2664,0.05439487844705582
2665,0.05279835686087608
2666,0.04943278059363365
2667,0.047165703028440475
2668,0.05568799003958702
2669,0.04982920363545418
2670,0.04640860855579376
2671,0.041448622941970825
2672,0.049261659383773804
2673,0.04821900650858879
2674,0.047755662351846695
2675,0.048577237874269485
2676,0.045252300798892975
2677,0.05777982249855995
2678,0.05048813298344612
2679,0.054066285490989685
2680,0.04565271735191345
2681,0.05226544290781021
2682,0.061378832906484604
2683,0.05810243636369705
2684,0.05121774971485138
2685,0.0587489977478981
2686,0.046195242553949356
2687,0.04661893472075462
2688,0.06033187732100487
2689,0.0519835390150547
2690,0.0485057458281517
2691,0.05123675987124443
2692,0.05376360937952995
2693,0.0504571758210659
2694,0.05421600490808487
2695,0.06028933823108673
2696,0.047846466302871704
2697,0.05171683803200722
2698,0.056622058153152466
2699,0.049479857087135315
2700,0.048054974526166916
2701,0.05764137580990791
2702,0.045612115412950516
2703,0.05785109102725983
2704,0.051073137670755386
2705,0.04791228845715523
2706,0.05114574730396271
2707,0.05420062318444252
2708,0.04897121712565422
2709,0.05061248689889908
2710,0.05162012204527855
2711,0.04907131940126419
2712,0.04806182533502579
2713,0.049829598516225815
2714,0.050392068922519684
2715,0.05180857703089714
2716,0.051902446895837784
2717,0.05139278620481491
2718,0.0520431324839592
2719,0.05239912122488022
2720,0.050559502094984055
2721,0.05407307669520378
2722,0.04610569775104523
2723,0.051000792533159256
2724,0.05106811970472336
2725,0.05531679093837738
2726,0.04963473975658417
2727,0.05197121575474739
2728,0.054180439561605453
2729,0.05538186803460121
2730,0.058306243270635605
2731,0.050461821258068085
2732,0.04857086017727852
2733,0.05059339106082916
2734,0.05319959670305252
2735,0.056380175054073334
2736,0.051399558782577515
2737,0.050670720636844635
2738,0.0478043407201767
2739,0.059470806270837784
2740,0.05282554402947426
2741,0.044988032430410385
2742,0.05114595219492912
2743,0.05602667108178139
2744,0.04710948094725609
2745,0.05325792357325554
2746,0.05018310621380806
2747,0.04747607558965683
2748,0.04799070209264755
2749,0.05531666800379753
2750,0.05306733399629593
2751,0.04699608311057091
2752,0.05754946917295456
2753,0.05671267583966255
2754,0.050367772579193115
2755,0.05050461366772652
2756,0.0630992129445076
2757,0.054206397384405136
2758,0.04738995432853699
2759,0.05649491026997566
2760,0.05737052112817764
2761,0.05859171599149704
2762,0.04955315217375755
2763,0.04883824661374092
2764,0.05903610959649086
2765,0.042997363954782486
2766,0.04894303157925606
2767,0.04815351217985153
2768,0.06000779941678047
2769,0.042197227478027344
2770,0.05065513774752617
2771,0.05161520466208458
2772,0.05528700724244118
2773,0.041534602642059326
2774,0.046198997646570206
2775,0.05027461424469948
2776,0.050345007330179214
2777,0.050068434327840805
2778,0.05002593249082565
2779,0.0516471266746521
2780,0.05065689608454704
2781,0.05824951082468033
2782,0.055095378309488297
2783,0.048610005527734756
2784,0.05781550332903862
2785,0.05354638770222664
2786,0.061410002410411835
2787,0.05288773030042648
2788,0.05513659492135048
2789,0.047751087695360184
2790,0.05639337748289108
2791,0.056350793689489365
2792,0.04394184425473213
2793,0.04985293745994568
2794,0.04926300793886185
2795,0.04987543821334839
2796,0.0539904423058033
2797,0.049108561128377914
2798,0.05602071434259415
2799,0.057570960372686386
2800,0.051239680498838425
2801,0.04732620716094971
2802,0.05489976331591606
2803,0.05110321193933487
2804,0.043199799954891205
2805,0.0467064343392849
2806,0.0465458482503891
2807,0.06211365386843681
2808,0.05363425239920616
2809,0.05766535550355911
2810,0.047098081558942795
2811,0.04728420078754425
2812,0.055229224264621735
2813,0.05460716038942337
2814,0.04709464684128761
2815,0.052922096103429794
2816,0.0444207489490509
2817,0.05570979788899422
2818,0.058902617543935776
2819,0.057897429913282394
2820,0.050206076353788376
2821,0.052591875195503235
2822,0.04886160045862198
2823,0.046379804611206055
2824,0.04945630952715874
2825,0.05144384130835533
2826,0.043345607817173004
2827,0.05075443908572197
2828,0.05467584729194641
2829,0.05419343337416649
2830,0.0447172112762928
2831,0.05394561588764191
2832,0.051432251930236816
2833,0.05013936385512352
2834,0.045945774763822556
2835,0.052400439977645874
2836,0.057294342666864395
2837,0.05038323625922203
2838,0.053089264780282974
2839,0.05651351809501648
2840,0.055627740919589996
2841,0.04599910229444504
2842,0.061222322285175323
2843,0.05031169578433037
2844,0.04956977814435959
2845,0.050354380160570145
2846,0.05583309754729271
2847,0.05336672440171242
2848,0.044357605278491974
2849,0.05382556840777397
2850,0.04893703758716583
2851,0.05038890242576599
2852,0.05200051888823509
2853,0.04791010543704033
2854,0.053595587611198425
2855,0.052363697439432144
2856,0.05715622380375862
2857,0.0565229132771492
2858,0.05410974100232124
2859,0.05104188621044159
2860,0.05006983503699303
2861,0.05116786062717438
2862,0.05485185608267784
2863,0.050103865563869476
2864,0.04770141839981079
2865,0.049800511449575424
2866,0.04820852354168892
2867,0.0483410507440567
2868,0.05049778148531914
2869,0.05179009959101677
2870,0.051113061606884
2871,0.049898676574230194
2872,0.046286314725875854
2873,0.04867216944694519
2874,0.05040114000439644
2875,0.05028899759054184
2876,0.05094689130783081
2877,0.051287878304719925
2878,0.05792500451207161
2879,0.05491308122873306
2880,0.05022388696670532
2881,0.04584502428770065
2882,0.04493943974375725
2883,0.05398174002766609
2884,0.0493185818195343
2885,0.047423262149095535
2886,0.06578551977872849
2887,0.04366512596607208
2888,0.05047444626688957
2889,0.04784174636006355
2890,0.05347767472267151
2891,0.04598202928900719
2892,0.046909984201192856
2893,0.054021649062633514
2894,0.052068810909986496
2895,0.05256500095129013
2896,0.04963899031281471
2897,0.04920848831534386
2898,0.04892471432685852
2899,0.061631590127944946
2900,0.05189066752791405
2901,0.055793505162000656
2902,0.05751512572169304
2903,0.05514054745435715
2904,0.05172282084822655
2905,0.05215512216091156
2906,0.057933155447244644
2907,0.054666515439748764
2908,0.04490821063518524
2909,0.04974618926644325
2910,0.05929384008049965
2911,0.05363933742046356
2912,0.051689762622117996
2913,0.04034949094057083
2914,0.04271174222230911
2915,0.04398912936449051
2916,0.044217340648174286
2917,0.050698768347501755
2918,0.05394759029150009
2919,0.058061692863702774
2920,0.0569850392639637
2921,0.05096755921840668
2922,0.04949003458023071
2923,0.04689030349254608
2924,0.06049390137195587
2925,0.05008380860090256
2926,0.04454581066966057
2927,0.04627208411693573
2928,0.05337384715676308
2929,0.05159706994891167
2930,0.044448401778936386
2931,0.047024790197610855
2932,0.0458800308406353
2933,0.05518925189971924
2934,0.051979511976242065
2935,0.04826698452234268
2936,0.04912710562348366
2937,0.052663691341876984
2938,0.053431812673807144
2939,0.040589895099401474
2940,0.049223314970731735
2941,0.05506975203752518
2942,0.05319662392139435
2943,0.05336994677782059
2944,0.05267791822552681
2945,0.05861707776784897
2946,0.04682984948158264
2947,0.050181128084659576
2948,0.043543096631765366
2949,0.04961320757865906
2950,0.05192083865404129
2951,0.055193059146404266
2952,0.05068304017186165
2953,0.05562354624271393
2954,0.049434397369623184
2955,0.056609656661748886
2956,0.04876662418246269
2957,0.04731616750359535
2958,0.05769844353199005
2959,0.05297050252556801
2960,0.051885075867176056
2961,0.047919679433107376
2962,0.06033735349774361
2963,0.04619799554347992
2964,0.04955292120575905
2965,0.047500770539045334
2966,0.046534016728401184
2967,0.054994743317365646
2968,0.05450301989912987
2969,0.048467814922332764
2970,0.05595877021551132
2971,0.05128971487283707
2972,0.04350467398762703
2973,0.04888976737856865
2974,0.04968435317277908
2975,0.05368970334529877
2976,0.05372399836778641
2977,0.056952521204948425
2978,0.04820514842867851
2979,0.05463740974664688
2980,0.048647310584783554
2981,0.048076167702674866
2982,0.050236038863658905
2983,0.05729827284812927
2984,0.05204726383090019
2985,0.05196472257375717
2986,0.0491199754178524
2987,0.05573838949203491
2988,0.04543161392211914
2989,0.05754760280251503
2990,0.04828951880335808
2991,0.04714579880237579
2992,0.05338336154818535
2993,0.05605460703372955
2994,0.05057696998119354
2995,0.05019653961062431
2996,0.052406877279281616
2997,0.05351342633366585
2998,0.04290524497628212
2999,0.04724857211112976
3000,0.05210701376199722
3001,0.0506371408700943
3002,0.053808923810720444
3003,0.04605981707572937
3004,0.05656032636761665
3005,0.04331069812178612
3006,0.0429094098508358
3007,0.059327613562345505
3008,0.049785468727350235
3009,0.054909784346818924
3010,0.05785805732011795
3011,0.045013654977083206
3012,0.055253468453884125
3013,0.04345428943634033
3014,0.05974917486310005
3015,0.04954458773136139
3016,0.0480317585170269
3017,0.04955567792057991
3018,0.04719410464167595
3019,0.05538477748632431
3020,0.054191406816244125
3021,0.052285607904195786
3022,0.05406833440065384
3023,0.047554854303598404
3024,0.05877920985221863
3025,0.060299042612314224
3026,0.0545320138335228
3027,0.05398748070001602
3028,0.04639299958944321
3029,0.04388092830777168
3030,0.05508654937148094
3031,0.056620750576257706
3032,0.049871038645505905
3033,0.05225749686360359
3034,0.04920639470219612
3035,0.05099659040570259
3036,0.051056258380413055
3037,0.054326530545949936
3038,0.05170678719878197
3039,0.04504017159342766
3040,0.0536133237183094
3041,0.06389568746089935
3042,0.05586108937859535
3043,0.05639556795358658
3044,0.044415127485990524
3045,0.04818332567811012
3046,0.044369738548994064
3047,0.06031082198023796
3048,0.054840654134750366
3049,0.05313236266374588
3050,0.048765141516923904
3051,0.049184150993824005
3052,0.05262073874473572
3053,0.0502217672765255
3054,0.05288863554596901
3055,0.04442088305950165
3056,0.054226551204919815
3057,0.0466541051864624
3058,0.045169901102781296
3059,0.04520094394683838
3060,0.056069567799568176
3061,0.04693751409649849
3062,0.06117035448551178
3063,0.051479272544384
3064,0.05296851694583893
3065,0.046000443398952484
3066,0.042714111506938934
3067,0.06648585200309753
3068,0.05359726399183273
3069,0.05637473613023758
3070,0.04888169467449188
3071,0.05327305197715759
3072,0.04625888541340828
3073,0.05626825615763664
3074,0.05556214600801468
3075,0.05826406925916672
3076,0.04823076352477074
3077,0.04680904000997543
3078,0.04832782223820686
3079,0.04777338728308678
3080,0.04824336990714073
3081,0.05444053187966347
3082,0.054701246321201324
3083,0.049742359668016434
3084,0.05450620874762535
3085,0.05301707610487938
3086,0.045074712485075
3087,0.04329441115260124
3088,0.051198821514844894
3089,0.0487152636051178
3090,0.04713309928774834
3091,0.05363402143120766
3092,0.04368169978260994
3093,0.05311141908168793
3094,0.05596298351883888
3095,0.05902142822742462
3096,0.0558224655687809
3097,0.046680938452482224
3098,0.045391444116830826
3099,0.04985179007053375
3100,0.05508707836270332
3101,0.05316408723592758
3102,0.05030374974012375
3103,0.05347920581698418
3104,0.051067546010017395
3105,0.051701951771974564
3106,0.051146019250154495
3107,0.05692929029464722
3108,0.04887787625193596
3109,0.05136188864707947
3110,0.05190692096948624
3111,0.04852849990129471
3112,0.056149885058403015
3113,0.050503604114055634
3114,0.0538402758538723
3115,0.05926474183797836
3116,0.05555306375026703
3117,0.0513128861784935
3118,0.04620921611785889
3119,0.05351589247584343
3120,0.05241091921925545
3121,0.04974677413702011
3122,0.047448381781578064
3123,0.04382821172475815
3124,0.05419228598475456
3125,0.05019398406147957
3126,0.05525742843747139
3127,0.05141546577215195
3128,0.05113489553332329
3129,0.04785585775971413
3130,0.05574669688940048
3131,0.05816243961453438
3132,0.048757404088974
3133,0.054761674255132675
3134,0.050569355487823486
3135,0.05786857753992081
3136,0.050293486565351486
3137,0.04707849398255348
3138,0.048738881945610046
3139,0.04609721899032593
3140,0.055939752608537674
3141,0.05337560921907425
3142,0.05532785505056381
3143,0.05192318186163902
3144,0.05118521302938461
3145,0.04740532487630844
3146,0.05099836364388466
3147,0.05426628515124321
3148,0.05418604612350464
3149,0.04920700192451477
3150,0.05229000747203827
3151,0.05622469633817673
3152,0.05601684749126434
3153,0.04135289788246155
3154,0.05229778587818146
3155,0.048032306134700775
3156,0.05821630731225014
3157,0.04347316548228264
3158,0.05484132841229439
3159,0.05780516192317009
3160,0.060674987733364105
3161,0.054263267666101456
3162,0.04617554321885109
3163,0.05527911335229874
3164,0.05244697257876396
3165,0.046625666320323944
3166,0.05271032825112343
3167,0.053598321974277496
3168,0.04697771742939949
3169,0.049254804849624634
3170,0.054140008985996246
3171,0.05004958063364029
3172,0.05187716707587242
3173,0.057816337794065475
3174,0.05259985849261284
3175,0.05382763594388962
3176,0.05596153438091278
3177,0.05008593574166298
3178,0.046417236328125
3179,0.049480974674224854
3180,0.05149167403578758
3181,0.04887428134679794
3182,0.05287693440914154
3183,0.05251624062657356
3184,0.05174924433231354
3185,0.0482286661863327
3186,0.05023060739040375
3187,0.053258683532476425
3188,0.057067304849624634
3189,0.04907771572470665
3190,0.047674573957920074
3191,0.05649425834417343
3192,0.05295180156826973
3193,0.046702366322278976
3194,0.05241664499044418
3195,0.054342180490493774
3196,0.05382055044174194
3197,0.04714266210794449
3198,0.05013621598482132
3199,0.06132496893405914
3200,0.05734260752797127
3201,0.05369158461689949
3202,0.04919217899441719
3203,0.0483163557946682
3204,0.05229775980114937
3205,0.05690426006913185
3206,0.05521894618868828
3207,0.05249515548348427
3208,0.05328832566738129
3209,0.04699922353029251
3210,0.050423331558704376
3211,0.04874604940414429
3212,0.0470009446144104
3213,0.05141641944646835
3214,0.049249712377786636
3215,0.059171970933675766
3216,0.05349383503198624
3217,0.0543660894036293
3218,0.055317506194114685
3219,0.051440972834825516
3220,0.05082764849066734
3221,0.04965638741850853
3222,0.05493474006652832
3223,0.04784980043768883
3224,0.05913829803466797
3225,0.04165874049067497
3226,0.04865783080458641
3227,0.05267220363020897
3228,0.05127395689487457
3229,0.051336102187633514
3230,0.04622472822666168
3231,0.045887500047683716
3232,0.05183962360024452
3233,0.04882467910647392
3234,0.0503171905875206
3235,0.05213812366127968
3236,0.054069634526968
3237,0.04583069309592247
3238,0.05154873803257942
3239,0.050394900143146515
3240,0.0526968389749527
3241,0.053637925535440445
3242,0.05398353934288025
3243,0.04779501631855965
3244,0.04622355476021767
3245,0.059206604957580566
3246,0.05387114733457565
3247,0.055679596960544586
3248,0.059506047517061234
3249,0.05606843903660774
3250,0.05192876607179642
3251,0.040471307933330536
3252,0.04622068256139755
3253,0.05437023937702179
3254,0.05209099128842354
3255,0.05433746427297592
3256,0.047747332602739334
3257,0.05509670451283455
3258,0.05888618156313896
3259,0.05178333818912506
3260,0.05301612615585327
3261,0.05571459233760834
3262,0.06012817844748497
3263,0.05433478578925133
3264,0.056399907916784286
3265,0.056886326521635056
3266,0.05412380397319794
3267,0.050496071577072144
3268,0.050553370267152786
3269,0.05411440506577492
3270,0.05604295805096626
3271,0.05256006494164467
3272,0.044079069048166275
3273,0.0555499829351902
3274,0.052922844886779785
3275,0.05725061520934105
3276,0.044973988085985184
3277,0.057174187153577805
3278,0.05645031854510307
3279,0.053233832120895386
3280,0.048992011696100235
3281,0.054630156606435776
3282,0.046217482537031174
3283,0.054189808666706085
3284,0.053923334926366806
3285,0.05381676182150841
3286,0.05240236967802048
3287,0.05790664628148079
3288,0.045644622296094894
3289,0.056189995259046555
3290,0.052652373909950256
3291,0.05478784069418907
3292,0.050486307591199875
3293,0.047716688364744186
3294,0.04897918552160263
3295,0.05692611262202263
3296,0.04591516777873039
3297,0.04632718488574028
3298,0.05393768474459648
3299,0.04139360785484314
3300,0.058177076280117035
3301,0.0582190677523613
3302,0.055584199726581573
3303,0.05114912614226341
3304,0.049218129366636276
3305,0.05024133622646332
3306,0.049086280167102814
3307,0.042159710079431534
3308,0.05438998341560364
3309,0.04954551160335541
3310,0.057702649384737015
3311,0.0518500991165638
3312,0.06389051675796509
3313,0.05436934903264046
3314,0.052473511546850204
3315,0.054358117282390594
3316,0.04464342072606087
3317,0.058717481791973114
3318,0.059105273336172104
3319,0.05366494134068489
3320,0.06273504346609116
3321,0.044034551829099655
3322,0.05413779243826866
3323,0.049589551985263824
3324,0.053328681737184525
3325,0.05263466015458107
3326,0.04897698014974594
3327,0.0501728393137455
3328,0.050380825996398926
3329,0.04975883290171623
3330,0.04559856280684471
3331,0.05345623940229416
3332,0.061181727796792984
3333,0.04876231029629707
3334,0.048780620098114014
3335,0.05493801087141037
3336,0.05476753041148186
3337,0.04986000061035156
3338,0.04917905107140541
3339,0.05116606876254082
3340,0.051917482167482376
3341,0.05614025890827179
3342,0.050931233912706375
3343,0.052610285580158234
3344,0.05125410109758377
3345,0.04638959467411041
3346,0.04673461988568306
3347,0.05568953976035118
3348,0.05301892012357712
3349,0.05184730887413025
3350,0.053037792444229126
3351,0.05141036957502365
3352,0.04444580152630806
3353,0.04987064376473427
3354,0.05096779391169548
3355,0.06407289952039719
3356,0.0573679581284523
3357,0.05298905074596405
3358,0.054702240973711014
3359,0.0491257980465889
3360,0.05090934410691261
3361,0.04751907289028168
3362,0.0531221441924572
3363,0.05287329852581024
3364,0.05178387463092804
3365,0.04937274754047394
3366,0.05476928874850273
3367,0.047079551964998245
3368,0.046291008591651917
3369,0.053601618856191635
3370,0.05201953649520874
3371,0.042475808411836624
3372,0.04840104654431343
3373,0.058499775826931
3374,0.05278090760111809
3375,0.0500074177980423
3376,0.05763757973909378
3377,0.05474681407213211
3378,0.05433715134859085
3379,0.04945226013660431
3380,0.05236569792032242
3381,0.05072909593582153
3382,0.053202882409095764
3383,0.04929439723491669
3384,0.05217790976166725
3385,0.04906874895095825
3386,0.04431821033358574
3387,0.05002746358513832
3388,0.0477377288043499
3389,0.05304284766316414
3390,0.05360742285847664
3391,0.04887131601572037
3392,0.050923727452754974
3393,0.04957488924264908
3394,0.046332165598869324
3395,0.04916464164853096
3396,0.044152870774269104
3397,0.058145176619291306
3398,0.05302318558096886
3399,0.053277015686035156
3400,0.05175385624170303
3401,0.05120176449418068
3402,0.05284586176276207
3403,0.051193710416555405
3404,0.04844534769654274
3405,0.050937358289957047
3406,0.04801127314567566
3407,0.05142124742269516
3408,0.05736890807747841
3409,0.051723893731832504
3410,0.05090082064270973
3411,0.05286175012588501
3412,0.04954465106129646
3413,0.050355520099401474
3414,0.053534410893917084
3415,0.04867403209209442
3416,0.0490524061024189
3417,0.05379302799701691
3418,0.0652821958065033
3419,0.04627976939082146
3420,0.0536172054708004
3421,0.05344398692250252
3422,0.04873283579945564
3423,0.06259612739086151
3424,0.05257890745997429
3425,0.04643336683511734
3426,0.05382360890507698
3427,0.04807310923933983
3428,0.048493292182683945
3429,0.057833652943372726
3430,0.06189212575554848
3431,0.04827584698796272
3432,0.05187983438372612
3433,0.05387412756681442
3434,0.06282443553209305
3435,0.05873272195458412
3436,0.043630052357912064
3437,0.06114840880036354
3438,0.05351172015070915
3439,0.049374017864465714
3440,0.054902080446481705
3441,0.04790598899126053
3442,0.052709441632032394
3443,0.05160006135702133
3444,0.05319289490580559
3445,0.04741796851158142
3446,0.04583698883652687
3447,0.06003640592098236
3448,0.05567329004406929
3449,0.055399440228939056
3450,0.04726574569940567
3451,0.04414912313222885
3452,0.05789650231599808
3453,0.055272508412599564
3454,0.057467907667160034
3455,0.04844272881746292
3456,0.04837562143802643
3457,0.05013998970389366
3458,0.05209527537226677
3459,0.057129401713609695
3460,0.05452119931578636
3461,0.06008543074131012
3462,0.05014010891318321
3463,0.04966016113758087
3464,0.05097163841128349
3465,0.05333748832345009
3466,0.05437963828444481
3467,0.048448774963617325
3468,0.05337866395711899
3469,0.04751592129468918
3470,0.05078839510679245
3471,0.05727974697947502
3472,0.045794736593961716
3473,0.04714515060186386
3474,0.05128825828433037
3475,0.04838579148054123
3476,0.05162127688527107
3477,0.04975787177681923
3478,0.04974772781133652
3479,0.051405273377895355
3480,0.04883904755115509
3481,0.053221412003040314
3482,0.05169547721743584
3483,0.05614238977432251
3484,0.05897071585059166
3485,0.053483929485082626
3486,0.051019515842199326
3487,0.058171339333057404
3488,0.04727340117096901
3489,0.05941646173596382
3490,0.057436615228652954
3491,0.04878515750169754
3492,0.05121298134326935
3493,0.05209171772003174
3494,0.05001383647322655
3495,0.04321029782295227
3496,0.05594554916024208
3497,0.05385453999042511
3498,0.04926040768623352
3499,0.05078810825943947
3500,0.06109663099050522
3501,0.048471126705408096
3502,0.0493522584438324
3503,0.055749982595443726
3504,0.049944858998060226
3505,0.052724797278642654
3506,0.05930796638131142
3507,0.05357050895690918
3508,0.05237704515457153
3509,0.05645124986767769
3510,0.05071726068854332
3511,0.05217258259654045
3512,0.05138875171542168
3513,0.04652677848935127
3514,0.048585716634988785
3515,0.05199412256479263
3516,0.060736387968063354
3517,0.05369502678513527
3518,0.05146104842424393
3519,0.04817838594317436
3520,0.04957189783453941
3521,0.04146076738834381
3522,0.0490155965089798
3523,0.050976309925317764
3524,0.05357886478304863
3525,0.05556276813149452
3526,0.0504680760204792
3527,0.05158544331789017
3528,0.05501704663038254
3529,0.04704795405268669
3530,0.055923789739608765
3531,0.05917533114552498
3532,0.05171038210391998
3533,0.05082911625504494
3534,0.04924958199262619
3535,0.05557739734649658
3536,0.056971900165081024
3537,0.05230630934238434
3538,0.05580740422010422
3539,0.04940507933497429
3540,0.04890390485525131
3541,0.04650300741195679
3542,0.057833436876535416
3543,0.04871109127998352
3544,0.04911394044756889
3545,0.049486469477415085
3546,0.050675105303525925
3547,0.053509704768657684
3548,0.04394441843032837
3549,0.04902612790465355
3550,0.05844629555940628
3551,0.0521838515996933
3552,0.056142181158065796
3553,0.05145427957177162
3554,0.05484583601355553
3555,0.05091894045472145
3556,0.05522626265883446
3557,0.05249885842204094
3558,0.05266917124390602
3559,0.05656784027814865
3560,0.05006445571780205
3561,0.05481977015733719
3562,0.050840556621551514
3563,0.04999339580535889
3564,0.059582170099020004
3565,0.04761997237801552
3566,0.05494285747408867
3567,0.06071586161851883
3568,0.04753343015909195
3569,0.05100107565522194
3570,0.05432656407356262
3571,0.06042089685797691
3572,0.052127473056316376
3573,0.046123504638671875
3574,0.05265581235289574
3575,0.044813014566898346
3576,0.061502855271101
3577,0.048673465847969055
3578,0.04705645516514778
3579,0.05099024251103401
3580,0.059615131467580795
3581,0.05278948321938515
3582,0.05453640595078468
3583,0.05287596583366394
3584,0.04971545562148094
3585,0.05525809898972511
3586,0.04418863356113434
3587,0.05559965968132019
3588,0.05406816303730011
3589,0.05276746302843094
3590,0.05536312237381935
3591,0.054694764316082
3592,0.047434404492378235
3593,0.050069574266672134
3594,0.0502319410443306
3595,0.05481211468577385
3596,0.046765632927417755
3597,0.05202091857790947
3598,0.055681537836790085
3599,0.057920582592487335
3600,0.049387454986572266
3601,0.054228246212005615
3602,0.05598520487546921
3603,0.048905953764915466
3604,0.04517350718379021
3605,0.04863014072179794
3606,0.067383773624897
3607,0.04979651793837547
3608,0.046225834637880325
3609,0.05632707476615906
3610,0.047753531485795975
3611,0.05510087311267853
3612,0.05342267453670502
3613,0.04825308173894882
3614,0.05980367958545685
3615,0.05206652730703354
3616,0.0609530508518219
3617,0.04646399989724159
3618,0.044715382158756256
3619,0.049011070281267166
3620,0.0553571917116642
3621,0.055247724056243896
3622,0.05588237941265106
3623,0.05600528046488762
3624,0.04483184590935707
3625,0.0552050843834877
3626,0.055961571633815765
3627,0.051644373685121536
3628,0.051757097244262695
3629,0.05191542208194733
3630,0.05376282334327698
3631,0.05060838162899017
3632,0.05284789949655533
3633,0.055941782891750336
3634,0.04934318736195564
3635,0.046383604407310486
3636,0.048086781054735184
3637,0.05803791061043739
3638,0.05051326006650925
3639,0.0523957833647728
3640,0.055849164724349976
3641,0.05374257639050484
3642,0.05517883226275444
3643,0.046722106635570526
3644,0.05351366102695465
3645,0.04818083718419075
3646,0.05510922148823738
3647,0.05214465782046318
3648,0.054791875183582306
3649,0.049484413117170334
3650,0.05501266568899155
3651,0.057579267770051956
3652,0.05046907812356949
3653,0.0505949966609478
3654,0.05418182536959648
3655,0.04483061656355858
3656,0.06057831272482872
3657,0.04654041677713394
3658,0.055897071957588196
3659,0.054525621235370636
3660,0.04899606108665466
3661,0.05705505236983299
3662,0.04582887142896652
3663,0.05085500329732895
3664,0.056568458676338196
3665,0.044517502188682556
3666,0.05130670592188835
3667,0.045350082218647
3668,0.04727526381611824
3669,0.044394150376319885
3670,0.050596337765455246
3671,0.05354885756969452
3672,0.04542284086346626
3673,0.05292057991027832
3674,0.05222649499773979
3675,0.051716070622205734
3676,0.05342241749167442
3677,0.054974816739559174
3678,0.04827110469341278
3679,0.05352352187037468
3680,0.0565086230635643
3681,0.04970993474125862
3682,0.05594605207443237
3683,0.04853607714176178
3684,0.05452996864914894
3685,0.05116858333349228
3686,0.04842930659651756
3687,0.05978986248373985
3688,0.04628264158964157
3689,0.04609523341059685
3690,0.043925702571868896
3691,0.05281762778759003
3692,0.05527776479721069
3693,0.051791392266750336
3694,0.052248649299144745
3695,0.0534573495388031
3696,0.05862267315387726
3697,0.05207085609436035
3698,0.054488878697156906
3699,0.05291511118412018
3700,0.04964520409703255
3701,0.04743766412138939
3702,0.04877764359116554
3703,0.06237288936972618
3704,0.0515892468392849
3705,0.04708855226635933
3706,0.050899162888526917
3707,0.04880189895629883
3708,0.062114086002111435
3709,0.057407330721616745
3710,0.05106048285961151
3711,0.04931085184216499
3712,0.052269335836172104
3713,0.053306907415390015
3714,0.054238591343164444
3715,0.054656676948070526
3716,0.047758229076862335
3717,0.051953449845314026
3718,0.055990807712078094
3719,0.04865484684705734
3720,0.053202491253614426
3721,0.0510082021355629
3722,0.05340217798948288
3723,0.04708118364214897
3724,0.05895710363984108
3725,0.04890428110957146
3726,0.05092550069093704
3727,0.05500546097755432
3728,0.04837939143180847
3729,0.056070540100336075
3730,0.04651053249835968
3731,0.04796694591641426
3732,0.0538749136030674
3733,0.049391008913517
3734,0.060321833938360214
3735,0.05189049616456032
3736,0.050739776343107224
3737,0.04966893792152405
3738,0.05475243553519249
3739,0.05797329545021057
3740,0.04737187176942825
3741,0.0534227155148983
3742,0.05485650151968002
3743,0.053903400897979736
3744,0.049220386892557144
3745,0.0508895106613636
3746,0.04228109121322632
3747,0.049052562564611435
3748,0.054888781160116196
3749,0.045385200530290604
3750,0.04460997134447098
3751,0.05584677308797836
3752,0.05410900339484215
3753,0.048989590257406235
3754,0.05762038752436638
3755,0.0515364445745945
3756,0.0471365824341774
3757,0.04247584566473961
3758,0.05877089127898216
3759,0.05512372404336929
3760,0.04864982143044472
3761,0.053025227040052414
3762,0.05029958114027977
3763,0.05409403145313263
3764,0.05480683594942093
3765,0.05099627748131752
3766,0.04397173598408699
3767,0.0532604418694973
3768,0.04467417672276497
3769,0.04822031781077385
3770,0.05537184327840805
3771,0.054524101316928864
3772,0.05596921965479851
3773,0.051173362880945206
3774,0.04598001018166542
3775,0.045595161616802216
3776,0.047687508165836334
3777,0.05492829158902168
3778,0.05309002101421356
3779,0.05262244865298271
3780,0.05447670817375183
3781,0.05044775456190109
3782,0.05049646273255348
3783,0.05337376147508621
3784,0.04886917397379875
3785,0.04792661592364311
3786,0.06207604333758354
3787,0.05660562589764595
3788,0.04446951299905777
3789,0.04444142431020737
3790,0.04601335898041725
3791,0.0471271276473999
3792,0.05350198969244957
3793,0.05750809982419014
3794,0.050913359969854355
3795,0.050810400396585464
3796,0.05142003297805786
3797,0.05080998316407204
3798,0.04796607419848442
3799,0.04461861774325371
3800,0.05891885235905647
3801,0.05259595811367035
3802,0.054667480289936066
3803,0.057501692324876785
3804,0.04474489390850067
3805,0.05009279027581215
3806,0.05365050584077835
3807,0.04654146358370781
3808,0.05335227772593498
3809,0.04779696837067604
3810,0.05380316078662872
3811,0.05089935287833214
3812,0.048873722553253174
3813,0.04083538055419922
3814,0.0576234869658947
3815,0.050187937915325165
3816,0.04948784038424492
3817,0.0428573377430439
3818,0.06001812219619751
3819,0.04882705584168434
3820,0.047817423939704895
3821,0.045513611286878586
3822,0.057905375957489014
3823,0.05511543154716492
3824,0.045383039861917496
3825,0.045590080320835114
3826,0.05010038614273071
3827,0.03989037871360779
3828,0.058726564049720764
3829,0.04837460070848465
3830,0.04682118818163872
3831,0.04887833073735237
3832,0.06294789165258408
3833,0.045529596507549286
3834,0.05288102850317955
3835,0.05130118876695633
3836,0.05129928141832352
3837,0.050900645554065704
3838,0.05702504888176918
3839,0.044255468994379044
3840,0.055505987256765366
3841,0.05334608629345894
3842,0.0573783740401268
3843,0.05980366840958595
3844,0.049165718257427216
3845,0.05408520996570587
3846,0.055048149079084396
3847,0.051271986216306686
3848,0.05997520685195923
3849,0.05596198886632919
3850,0.05139657482504845
3851,0.05265931412577629
3852,0.05138241499662399
3853,0.049241721630096436
3854,0.05596134811639786
3855,0.047297362238168716
3856,0.05008181557059288
3857,0.047376640141010284
3858,0.048345115035772324
3859,0.04520360752940178
3860,0.053118444979190826
3861,0.048454400151968
3862,0.05785209313035011
3863,0.05200210586190224
3864,0.046711042523384094
3865,0.042597584426403046
3866,0.0487089678645134
3867,0.05404162034392357
3868,0.05615738034248352
3869,0.04938541352748871
3870,0.06151219457387924
3871,0.05220319703221321
3872,0.04947032406926155
3873,0.05658469721674919
3874,0.05566489323973656
3875,0.05269884690642357
3876,0.04996674880385399
3877,0.05008532479405403
3878,0.04788824915885925
3879,0.055780988186597824
3880,0.050771813839673996
3881,0.051350414752960205
3882,0.04872782155871391
3883,0.053899090737104416
3884,0.04927525296807289
3885,0.051700714975595474
3886,0.05190468207001686
3887,0.045253146439790726
3888,0.04666731506586075
3889,0.05756472051143646
3890,0.05431423336267471
3891,0.046678122133016586
3892,0.058349378407001495
3893,0.048991959542036057
3894,0.05835850164294243
3895,0.05395964905619621
3896,0.054629456251859665
3897,0.0496361143887043
3898,0.05202817544341087
3899,0.04842488840222359
3900,0.05423343554139137
3901,0.05550233647227287
3902,0.05678523704409599
3903,0.049222227185964584
3904,0.05474704131484032
3905,0.05601475387811661
3906,0.041866544634103775
3907,0.05410206317901611
3908,0.04538368061184883
3909,0.050997957587242126
3910,0.050362832844257355
3911,0.04932713508605957
3912,0.04795140400528908
3913,0.04985135793685913
3914,0.0535215400159359
3915,0.04668109863996506
3916,0.044503092765808105
3917,0.052859339863061905
3918,0.05189557373523712
3919,0.05081874504685402
3920,0.048663925379514694
3921,0.04570961743593216
3922,0.0552438348531723
3923,0.05821278691291809
3924,0.051237091422080994
3925,0.05190708488225937
3926,0.04575889930129051
3927,0.046552106738090515
3928,0.05128486827015877
3929,0.050645407289266586
3930,0.05333125591278076
3931,0.05312247946858406
3932,0.057537712156772614
3933,0.055772118270397186
3934,0.053824443370103836
3935,0.05306357517838478
3936,0.0482991561293602
3937,0.054352812469005585
3938,0.056559983640909195
3939,0.056256067007780075
3940,0.06038583442568779
3941,0.055021289736032486
3942,0.0492401197552681
3943,0.04939395934343338
3944,0.053566887974739075
3945,0.049911979585886
3946,0.05231545493006706
3947,0.046032264828681946
3948,0.04941068962216377
3949,0.05559846758842468
3950,0.054343994706869125
3951,0.04635702073574066
3952,0.0477181039750576
3953,0.05961640179157257
3954,0.05209128558635712
3955,0.05352689325809479
3956,0.050681959837675095
3957,0.04794235900044441
3958,0.049490928649902344
3959,0.055112939327955246
3960,0.0475367046892643
3961,0.052803270518779755
3962,0.05252018943428993
3963,0.050733551383018494
3964,0.0486372709274292
3965,0.05064844712615013
3966,0.0474148653447628
3967,0.0534752681851387
3968,0.04918087646365166
3969,0.047254741191864014
3970,0.045271337032318115
3971,0.04984334856271744
3972,0.05156883969902992
3973,0.05613168329000473
3974,0.05744021013379097
3975,0.058791790157556534
3976,0.06149807572364807
3977,0.0536581315100193
3978,0.05394812673330307
3979,0.04665783792734146
3980,0.05040716379880905
3981,0.05785433202981949
3982,0.06085316091775894
3983,0.04800019785761833
3984,0.04644698277115822
3985,0.060849860310554504
3986,0.05617852136492729
3987,0.0507626086473465
3988,0.04383781924843788
3989,0.05501089617609978
3990,0.0536026656627655
3991,0.05092534422874451
3992,0.05892634764313698
3993,0.04692903906106949
3994,0.047632526606321335
3995,0.056187525391578674
3996,0.04895121604204178
3997,0.05645989999175072
3998,0.049436621367931366
3999,0.05781600996851921
4000,0.0518450066447258
4001,0.05066706985235214
4002,0.04328960180282593
4003,0.054262675344944
4004,0.05646982416510582
4005,0.05676303803920746
4006,0.05007891356945038
4007,0.053697019815444946
4008,0.05025612935423851
4009,0.05788584426045418
4010,0.049985311925411224
4011,0.050725437700748444
4012,0.0522114634513855
4013,0.05320843681693077
4014,0.053330231457948685
4015,0.05252726003527641
4016,0.046432189643383026
4017,0.04971330985426903
4018,0.05664932355284691
4019,0.04610142111778259
4020,0.04763789474964142
4021,0.05219139903783798
4022,0.0498599074780941
4023,0.05151370167732239
4024,0.05091249197721481
4025,0.053074803203344345
4026,0.053013067692518234
4027,0.05565585196018219
4028,0.05457048863172531
4029,0.04209216311573982
4030,0.05716101825237274
4031,0.05566731095314026
4032,0.05515891686081886
4033,0.05213257297873497
4034,0.05248988792300224
4035,0.04686799272894859
4036,0.055400196462869644
4037,0.061562079936265945
4038,0.04597599059343338
4039,0.056532520800828934
4040,0.047870829701423645
4041,0.05550260469317436
4042,0.058957044035196304
4043,0.05858197063207626
4044,0.052317533642053604
4045,0.05759921297430992
4046,0.05099759250879288
4047,0.05107184126973152
4048,0.04741157963871956
4049,0.05055313557386398
4050,0.04179221764206886
4051,0.04965057224035263
4052,0.04575861990451813
4053,0.048759400844573975
4054,0.05155019462108612
4055,0.05042598396539688
4056,0.04308808222413063
4057,0.05752815678715706
4058,0.05320556461811066
4059,0.052872441709041595
4060,0.05466487258672714
4061,0.053741924464702606
4062,0.053307972848415375
4063,0.04824686422944069
4064,0.05220314860343933
4065,0.050768472254276276
4066,0.0477064773440361
4067,0.05530371144413948
4068,0.04878063499927521
4069,0.050748277455568314
4070,0.05083422362804413
4071,0.04684539511799812
4072,0.054706841707229614
4073,0.04127594456076622
4074,0.045821256935596466
4075,0.05701795220375061
4076,0.052064843475818634
4077,0.055350884795188904
4078,0.0497371070086956
4079,0.047429896891117096
4080,0.051926519721746445
4081,0.056747712194919586
4082,0.053837843239307404
4083,0.05202046409249306
4084,0.047559719532728195
4085,0.05410425364971161
4086,0.04638121277093887
4087,0.06178953871130943
4088,0.06254331767559052
4089,0.047452911734580994
4090,0.04985734447836876
4091,0.04848117008805275
4092,0.055991485714912415
4093,0.043903104960918427
4094,0.050350550562143326
4095,0.05266387388110161
4096,0.05220996215939522
4097,0.050586044788360596
4098,0.05371718853712082
4099,0.04957104101777077
4100,0.054117362946271896
4101,0.05326579511165619
4102,0.0519324466586113
4103,0.051092758774757385
4104,0.050591517239809036
4105,0.05516340956091881
4106,0.04470047354698181
4107,0.05020630359649658
4108,0.051245369017124176
4109,0.050002988427877426
4110,0.05809440836310387
4111,0.04515109583735466
4112,0.05375894904136658
4113,0.05745623633265495
4114,0.05201436206698418
4115,0.05390380695462227
4116,0.046381618827581406
4117,0.05242354795336723
4118,0.05127445235848427
4119,0.054130926728248596
4120,0.055981602519750595
4121,0.047668084502220154
4122,0.053256090730428696
4123,0.04822585731744766
4124,0.0590691938996315
4125,0.04310068115592003
4126,0.054450780153274536
4127,0.05187568813562393
4128,0.052260082215070724
4129,0.06080474704504013
4130,0.051563091576099396
4131,0.04963622987270355
4132,0.04149283841252327
4133,0.05330449715256691
4134,0.05264153331518173
4135,0.05859287083148956
4136,0.05100885406136513
4137,0.06156127154827118
4138,0.05052831023931503
4139,0.052206989377737045
4140,0.046732764691114426
4141,0.050516970455646515
4142,0.045679640024900436
4143,0.055913276970386505
4144,0.0569472461938858
4145,0.05239734426140785
4146,0.04994155466556549
4147,0.054258983582258224
4148,0.054611772298812866
4149,0.0549539290368557
4150,0.05487540364265442
4151,0.055054426193237305
4152,0.04913724213838577
4153,0.05904122814536095
4154,0.055403564125299454
4155,0.05271359905600548
4156,0.05114726722240448
4157,0.05675677955150604
4158,0.059021513909101486
4159,0.052900202572345734
4160,0.05608648061752319
4161,0.052278924733400345
4162,0.060725871473550797
4163,0.05072246864438057
4164,0.046522460877895355
4165,0.0628068745136261
4166,0.05495297163724899
4167,0.05328080430626869
4168,0.04377732053399086
4169,0.04803119972348213
4170,0.044012222439050674
4171,0.0400753915309906
4172,0.05309442803263664
4173,0.058152925223112106
4174,0.052819911390542984
4175,0.04590482637286186
4176,0.04592176526784897
4177,0.05325936898589134
4178,0.057289574295282364
4179,0.05110783129930496
4180,0.05141641944646835
4181,0.04580995440483093
4182,0.051332831382751465
4183,0.05207819119095802
4184,0.045128319412469864
4185,0.05639803037047386
4186,0.052841007709503174
4187,0.05730866640806198
4188,0.048526063561439514
4189,0.04999370872974396
4190,0.055927637964487076
4191,0.05104489624500275
4192,0.04158640280365944
4193,0.05203385651111603
4194,0.05024227499961853
4195,0.050331585109233856
4196,0.043943747878074646
4197,0.045216791331768036
4198,0.05905008688569069
4199,0.056191664189100266
4200,0.04803559556603432
4201,0.045876942574977875
4202,0.053172532469034195
4203,0.0573006235063076
4204,0.056415166705846786
4205,0.04960596188902855
4206,0.0516386479139328
4207,0.0624544732272625
4208,0.04735112562775612
4209,0.055330030620098114
4210,0.05356254428625107
4211,0.048695895820856094
4212,0.05759793519973755
4213,0.053118109703063965
4214,0.05436665192246437
4215,0.051313795149326324
4216,0.054082293063402176
4217,0.051153168082237244
4218,0.051784906536340714
4219,0.04930194839835167
4220,0.04627705737948418
4221,0.05162700638175011
4222,0.04375242441892624
4223,0.04086579754948616
4224,0.05994077026844025
4225,0.049844060093164444
4226,0.061831291764974594
4227,0.055548444390296936
4228,0.049973342567682266
4229,0.04893840476870537
4230,0.049086086452007294
4231,0.04015614092350006
4232,0.05427888035774231
4233,0.048827577382326126
4234,0.05569994077086449
4235,0.05999346822500229
4236,0.05817633122205734
4237,0.05560433492064476
4238,0.0514540895819664
4239,0.04812619462609291
4240,0.05280110985040665
4241,0.047600533813238144
4242,0.050982993096113205
4243,0.053110670298337936
4244,0.052579160779714584
4245,0.04632889851927757
4246,0.053729478269815445
4247,0.05395534634590149
4248,0.046631619334220886
4249,0.05418163910508156
4250,0.04949789121747017
4251,0.056316472589969635
4252,0.055219098925590515
4253,0.052933868020772934
4254,0.047033488750457764
4255,0.05036909878253937
4256,0.050692908465862274
4257,0.048941124230623245
4258,0.05324332416057587
4259,0.05452475696802139
4260,0.05260114744305611
4261,0.04778481647372246
4262,0.046888697892427444
4263,0.04916456714272499
4264,0.05498773232102394
4265,0.04763134941458702
4266,0.0497233048081398
4267,0.06058710813522339
4268,0.04954560101032257
4269,0.057792384177446365
4270,0.05374233424663544
4271,0.050042495131492615
4272,0.051857586950063705
4273,0.05598197504878044
4274,0.05409417673945427
4275,0.04758784919977188
4276,0.05307893827557564
4277,0.0515955425798893
4278,0.049581654369831085
4279,0.05182100832462311
4280,0.050472892820835114
4281,0.056236207485198975
4282,0.05423728749155998
4283,0.05011817067861557
4284,0.047791142016649246
4285,0.051833149045705795
4286,0.06335210055112839
4287,0.050530072301626205
4288,0.05265488848090172
4289,0.04329525679349899
4290,0.06131555885076523
4291,0.05939871072769165
4292,0.05018282309174538
4293,0.05214261636137962
4294,0.052505217492580414
4295,0.04276251047849655
4296,0.04686753824353218
4297,0.04980461299419403
4298,0.047722093760967255
4299,0.04987860471010208
4300,0.046666279435157776
4301,0.04485234618186951
4302,0.05133568122982979
4303,0.04712679609656334
4304,0.057043589651584625
4305,0.05882871150970459
4306,0.05183647945523262
4307,0.04909271374344826
4308,0.05341587960720062
4309,0.05015577748417854
4310,0.05491017922759056
4311,0.05347862467169762
4312,0.050884317606687546
4313,0.052084095776081085
4314,0.048549823462963104
4315,0.05146973952651024
4316,0.04217850789427757
4317,0.0538584366440773
4318,0.051639582961797714
4319,0.05368945747613907
4320,0.04884558171033859
4321,0.052584514021873474
4322,0.04663398489356041
4323,0.04723852127790451
4324,0.05183812975883484
4325,0.04781718924641609
4326,0.05862395092844963
4327,0.051851145923137665
4328,0.060389116406440735
4329,0.054361846297979355
4330,0.05285996198654175
4331,0.04986124113202095
4332,0.048888202756643295
4333,0.06041480600833893
4334,0.0556069016456604
4335,0.049796801060438156
4336,0.054944269359111786
4337,0.04478570073843002
4338,0.05503421649336815
4339,0.0522647462785244
4340,0.05609541013836861
4341,0.05642540380358696
4342,0.052298400551080704
4343,0.044752806425094604
4344,0.05640437453985214
4345,0.04597262293100357
4346,0.04648250341415405
4347,0.058962006121873856
4348,0.05189327895641327
4349,0.04972381144762039
4350,0.052857257425785065
4351,0.052789635956287384
4352,0.053560350090265274
4353,0.0499739944934845
4354,0.0466436967253685
4355,0.05610312521457672
4356,0.04662202298641205
4357,0.046016860753297806
4358,0.04774171859025955
4359,0.05209492892026901
4360,0.045788299292325974
4361,0.05286426842212677
4362,0.05868878960609436
4363,0.05907052755355835
4364,0.0516471192240715
4365,0.04831988736987114
4366,0.05280410870909691
4367,0.050488270819187164
4368,0.052110932767391205
4369,0.05230491980910301
4370,0.047152966260910034
4371,0.04808773472905159
4372,0.047546785324811935
4373,0.0515146367251873
4374,0.055079132318496704
4375,0.04844006896018982
4376,0.043085645884275436
4377,0.050417594611644745
4378,0.051199935376644135
4379,0.05286353826522827
4380,0.054853711277246475
4381,0.05111895874142647
4382,0.059656523168087006
4383,0.060054078698158264
4384,0.05017802119255066
4385,0.04962194338440895
4386,0.05973296985030174
4387,0.055614862591028214
4388,0.049975935369729996
4389,0.050556693226099014
4390,0.04819091409444809
4391,0.05353877693414688
4392,0.05305330082774162
4393,0.05125473812222481
4394,0.04512805864214897
4395,0.05317000672221184
4396,0.05489160120487213
4397,0.060201115906238556
4398,0.04440905526280403
4399,0.05598645657300949
4400,0.04627353325486183
4401,0.05427957698702812
4402,0.054121050983667374
4403,0.05827603116631508
4404,0.05012860149145126
4405,0.0474424883723259
4406,0.05500363931059837
4407,0.04883364960551262
4408,0.042089592665433884
4409,0.049606144428253174
4410,0.058695342391729355
4411,0.054507799446582794
4412,0.05246976763010025
4413,0.06107860058546066
4414,0.05427452549338341
4415,0.04979245737195015
4416,0.04745727404952049
4417,0.053409937769174576
4418,0.05521305650472641
4419,0.05779910460114479
4420,0.05163995921611786
4421,0.05264907702803612
4422,0.05069431662559509
4423,0.05719275400042534
4424,0.045912906527519226
4425,0.04591630771756172
4426,0.05518868938088417
4427,0.04917369782924652
4428,0.049939077347517014
4429,0.052999962121248245
4430,0.046318572014570236
4431,0.058154813945293427
4432,0.047318682074546814
4433,0.0458027720451355
4434,0.05882713198661804
4435,0.047974858433008194
4436,0.047997135668992996
4437,0.049490734934806824
4438,0.04868631437420845
4439,0.05923820286989212
4440,0.05510659143328667
4441,0.06101430207490921
4442,0.0479837991297245
4443,0.049817804247140884
4444,0.05671824514865875
4445,0.05518616363406181
4446,0.04512947425246239
4447,0.06013045087456703
4448,0.053795672953128815
4449,0.04529424011707306
4450,0.04792594164609909
4451,0.04681607708334923
4452,0.058596692979335785
4453,0.053140245378017426
4454,0.04883835092186928
4455,0.05247290059924126
4456,0.04625610262155533
4457,0.047014784067869186
4458,0.0587686263024807
4459,0.04789935052394867
4460,0.04766303673386574
4461,0.05135773867368698
4462,0.05221964046359062
4463,0.059708014130592346
4464,0.058906883001327515
4465,0.04592977091670036
4466,0.053749457001686096
4467,0.04726402834057808
4468,0.05335984006524086
4469,0.05499390885233879
4470,0.05431366711854935
4471,0.05213766545057297
4472,0.05005170777440071
4473,0.04977647587656975
4474,0.05561643838882446
4475,0.04701913148164749
4476,0.06074334681034088
4477,0.04884042218327522
4478,0.05452544614672661
4479,0.04706025868654251
4480,0.05987248569726944
4481,0.056478314101696014
4482,0.04784137010574341
4483,0.05026786029338837
4484,0.05197174847126007
4485,0.04632098227739334
4486,0.05257755145430565
4487,0.05588764697313309
4488,0.05170120671391487
4489,0.057885218411684036
4490,0.0504523366689682
4491,0.051533378660678864
4492,0.04450155794620514
4493,0.05243738368153572
4494,0.050642259418964386
4495,0.05453602969646454
4496,0.0492432601749897
4497,0.04900743439793587
4498,0.050243180245161057
4499,0.04171403497457504
4500,0.04951632767915726
4501,0.05250958725810051
4502,0.04591694474220276
4503,0.047716181725263596
4504,0.05108695104718208
4505,0.04957250505685806
4506,0.057364124804735184
4507,0.0489945150911808
4508,0.05090481787919998
4509,0.052209559828042984
4510,0.05455401539802551
4511,0.049865417182445526
4512,0.0489877425134182
4513,0.0531945675611496
4514,0.05048731714487076
4515,0.05273401364684105
4516,0.04940261319279671
4517,0.05425170436501503
4518,0.04790506511926651
4519,0.054130833595991135
4520,0.050909873098134995
4521,0.05151056498289108
4522,0.05018851161003113
4523,0.04862382262945175
4524,0.04870866239070892
4525,0.04453850910067558
4526,0.06193693354725838
4527,0.04746527224779129
4528,0.04991410672664642
4529,0.05404415726661682
4530,0.05025653541088104
4531,0.048818547278642654
4532,0.05629797279834747
4533,0.04713024944067001
4534,0.0572819747030735
4535,0.052696820348501205
4536,0.05687537416815758
4537,0.05072113126516342
4538,0.060031864792108536
4539,0.05440931394696236
4540,0.051377903670072556
4541,0.05302794650197029
4542,0.058224644511938095
4543,0.05647556856274605
4544,0.05602891743183136
4545,0.05682462081313133
4546,0.05255240947008133
4547,0.053568512201309204
4548,0.05130424350500107
4549,0.050883084535598755
4550,0.04846488684415817
4551,0.050784043967723846
4552,0.04427929222583771
4553,0.05984047055244446
4554,0.053902167826890945
4555,0.04486507177352905
4556,0.059644199907779694
4557,0.05076856538653374
4558,0.05555861070752144
4559,0.05389494076371193
4560,0.04992475360631943
4561,0.051693305373191833
4562,0.05561251938343048
4563,0.056729115545749664
4564,0.046318765729665756
4565,0.05158229544758797
4566,0.0567651242017746
4567,0.05434373766183853
4568,0.051217127591371536
4569,0.053793080151081085
4570,0.05530783534049988
4571,0.049222446978092194
4572,0.047416526824235916
4573,0.048454392701387405
4574,0.05506698042154312
4575,0.04790439084172249
4576,0.049624063074588776
4577,0.04723766818642616
4578,0.0574934147298336
4579,0.05735468864440918
4580,0.054788995534181595
4581,0.05497972294688225
4582,0.05274806544184685
4583,0.0522206649184227
4584,0.05786113440990448
4585,0.04994496703147888
4586,0.055160053074359894
4587,0.056890081614255905
4588,0.055533092468976974
4589,0.05310685932636261
4590,0.05464451387524605
4591,0.050926923751831055
4592,0.05053534731268883
4593,0.04803025349974632
4594,0.05106436833739281
4595,0.04876942187547684
4596,0.05181938409805298
4597,0.05315693840384483
4598,0.0511460155248642
4599,0.055775824934244156
4600,0.05303669348359108
4601,0.05203162878751755
4602,0.05189846083521843
4603,0.044148318469524384
4604,0.051318492740392685
4605,0.0491752028465271
4606,0.05275946110486984
4607,0.05203413590788841
4608,0.04880555346608162
4609,0.056238867342472076
4610,0.04588592052459717
4611,0.047022655606269836
4612,0.05550505965948105
4613,0.04820267856121063
4614,0.04699910432100296
4615,0.06111525744199753
4616,0.04786911606788635
4617,0.05001600831747055
4618,0.0637112706899643
4619,0.05186901241540909
4620,0.05440410599112511
4621,0.05309365689754486
4622,0.046857524663209915
4623,0.04462869465351105
4624,0.04951668903231621
4625,0.05198214203119278
4626,0.06032443419098854
4627,0.057088933885097504
4628,0.05815405771136284
4629,0.05158762261271477
4630,0.045945774763822556
4631,0.05756811425089836
4632,0.04575662314891815
4633,0.053989946842193604
4634,0.05279140546917915
4635,0.047595467418432236
4636,0.04751476272940636
4637,0.04639250412583351
4638,0.05232033506035805
4639,0.05771957337856293
4640,0.049963269382715225
4641,0.046777788549661636
4642,0.05266213417053223
4643,0.050124745815992355
4644,0.04663535952568054
4645,0.048094142228364944
4646,0.04850083962082863
4647,0.05655944347381592
4648,0.05506209656596184
4649,0.05226822942495346
4650,0.05169222876429558
4651,0.05243603512644768
4652,0.05578775703907013
4653,0.05463156849145889
4654,0.057535283267498016
4655,0.05406748130917549
4656,0.0543542243540287
4657,0.05025746300816536
4658,0.045466259121894836
4659,0.055509522557258606
4660,0.06149229034781456
4661,0.056537531316280365
4662,0.05634719133377075
4663,0.051171574741601944
4664,0.05636710301041603
4665,0.0475924089550972
4666,0.05108705908060074
4667,0.0544012077152729
4668,0.04584701731801033
4669,0.05686945840716362
4670,0.05631491169333458
4671,0.06086315959692001
4672,0.0506383553147316
4673,0.04790940135717392
4674,0.04971981793642044
4675,0.0480988509953022
4676,0.04880896210670471
4677,0.04853765666484833
4678,0.055844154208898544
4679,0.049812156707048416
4680,0.051414765417575836
4681,0.05755062401294708
4682,0.050348494201898575
4683,0.050438228994607925
4684,0.059114109724760056
4685,0.05089122802019119
4686,0.05287880823016167
4687,0.03811375051736832
4688,0.056978944689035416
4689,0.05404072254896164
4690,0.061187904328107834
4691,0.04419473186135292
4692,0.049742233008146286
4693,0.05856506526470184
4694,0.04979585483670235
4695,0.057342998683452606
4696,0.055554088205099106
4697,0.048711147159338
4698,0.04727074131369591
4699,0.05685701221227646
4700,0.05301060155034065
4701,0.05198228731751442
4702,0.04945912957191467
4703,0.05345788598060608
4704,0.04823334515094757
4705,0.05206310376524925
4706,0.05484456941485405
4707,0.05009877309203148
4708,0.04954609274864197
4709,0.0576460026204586
4710,0.04960466921329498
4711,0.06011446565389633
4712,0.05025182664394379
4713,0.04888404905796051
4714,0.05452946200966835
4715,0.0569896474480629
4716,0.05543151870369911
4717,0.046397462487220764
4718,0.047513168305158615
4719,0.04576907306909561
4720,0.051572285592556
4721,0.05050771310925484
4722,0.05045974254608154
4723,0.04509926214814186
4724,0.060137681663036346
4725,0.05156338959932327
4726,0.04802209883928299
4727,0.04592325910925865
4728,0.05347730219364166
4729,0.053929515182971954
4730,0.048094894737005234
4731,0.048201169818639755
4732,0.0638333261013031
4733,0.04190555587410927
4734,0.04696909710764885
4735,0.05191583186388016
4736,0.048080649226903915
4737,0.055397551506757736
4738,0.04727556183934212
4739,0.04801061376929283
4740,0.05140160396695137
4741,0.05341753363609314
4742,0.05572832003235817
4743,0.06234071031212807
4744,0.04456330090761185
4745,0.05579537898302078
4746,0.05382104963064194
4747,0.048533763736486435
4748,0.04552631452679634
4749,0.050093330442905426
4750,0.047961875796318054
4751,0.043933842331171036
4752,0.05118618533015251
4753,0.05902846157550812
4754,0.05376818776130676
4755,0.04782361164689064
4756,0.054215967655181885
4757,0.04509247466921806
4758,0.05611923336982727
4759,0.05087140575051308
4760,0.05326678976416588
4761,0.04923536255955696
4762,0.04988056793808937
4763,0.050787366926670074
4764,0.051670148968696594
4765,0.05577133968472481
4766,0.05206640809774399
4767,0.049111321568489075
4768,0.0536794476211071
4769,0.0660911500453949
4770,0.05335812270641327
4771,0.050171803683042526
4772,0.050170961767435074
4773,0.05554424971342087
4774,0.051644060760736465
4775,0.04453849792480469
4776,0.05389787629246712
4777,0.056294940412044525
4778,0.05168989300727844
4779,0.05104140192270279
4780,0.048192642629146576
4781,0.051996808499097824
4782,0.04736526682972908
4783,0.04826362058520317
4784,0.04722217097878456
4785,0.05067551136016846
4786,0.05384039878845215
4787,0.0500810481607914
4788,0.05941995978355408
4789,0.0478021502494812
4790,0.04746583104133606
4791,0.049608778208494186
4792,0.0478343702852726
4793,0.04520506411790848
4794,0.057685304433107376
4795,0.05141555145382881
4796,0.05184663087129593
4797,0.05309620872139931
4798,0.04492470622062683
4799,0.05178329348564148
4800,0.048633135855197906
4801,0.050861336290836334
4802,0.0432276651263237
4803,0.047526732087135315
4804,0.04839850962162018
4805,0.04112202301621437
4806,0.06297068297863007
4807,0.04971008747816086
4808,0.04887507110834122
4809,0.05459330603480339
4810,0.04549563303589821
4811,0.047222886234521866
4812,0.057952143251895905
4813,0.04850180819630623
4814,0.059247083961963654
4815,0.05087890475988388
4816,0.04800022765994072
4817,0.04750301316380501
4818,0.05053658410906792
4819,0.042485423386096954
4820,0.04975638538599014
4821,0.049318473786115646
4822,0.05524427443742752
4823,0.05656196177005768
4824,0.05881420895457268
4825,0.051222752779722214
4826,0.058507759124040604
4827,0.05286981165409088
4828,0.05063648149371147
4829,0.05652536079287529
4830,0.051115334033966064
4831,0.044791851192712784
4832,0.05720485374331474
4833,0.05403342470526695
4834,0.051149312406778336
4835,0.05153307318687439
4836,0.05081353336572647
4837,0.05085187032818794
4838,0.058812983334064484
4839,0.05317827686667442
4840,0.05765340477228165
4841,0.049604155123233795
4842,0.05512358248233795
4843,0.050976842641830444
4844,0.05087539553642273
4845,0.06554456055164337
4846,0.05125005543231964
4847,0.0539424866437912
4848,0.053343676030635834
4849,0.049558307975530624
4850,0.04643814265727997
4851,0.052858758717775345
4852,0.046489570289850235
4853,0.04959322139620781
4854,0.050028614699840546
4855,0.046709094196558
4856,0.053309179842472076
4857,0.05239899829030037
4858,0.06158760190010071
4859,0.047125883400440216
4860,0.04447654262185097
4861,0.04965099319815636
4862,0.04910934343934059
4863,0.05475769191980362
4864,0.05784826725721359
4865,0.0572013258934021
4866,0.05570049583911896
4867,0.05608530715107918
4868,0.05045369639992714
4869,0.05463816598057747
4870,0.053942229598760605
4871,0.057612646371126175
4872,0.054086700081825256
4873,0.056346479803323746
4874,0.04824383929371834
4875,0.04807266220450401
4876,0.05665479600429535
4877,0.051098402589559555
4878,0.056725867092609406
4879,0.05708881840109825
4880,0.04897698387503624
4881,0.047262273728847504
4882,0.05537933483719826
4883,0.062395501881837845
4884,0.05025823414325714
4885,0.05227959156036377
4886,0.04812721908092499
4887,0.05287178233265877
4888,0.05002203211188316
4889,0.0552930124104023
4890,0.05010000243782997
4891,0.053888652473688126
4892,0.0574646070599556
4893,0.06064190715551376
4894,0.04967476427555084
4895,0.046017054468393326
4896,0.057643815875053406
4897,0.05183621123433113
4898,0.050208646804094315
4899,0.04782498627901077
4900,0.053501568734645844
4901,0.04929375275969505
4902,0.05166592448949814
4903,0.05461658909916878
4904,0.05531938001513481
4905,0.04786285385489464
4906,0.04714876413345337
4907,0.05365767329931259
4908,0.04732723534107208
4909,0.05059331655502319
4910,0.04866841062903404
4911,0.04543612152338028
4912,0.052642613649368286
4913,0.051211290061473846
4914,0.04973083361983299
4915,0.047245826572179794
4916,0.054886821657419205
4917,0.05018449202179909
4918,0.058420680463314056
4919,0.050192415714263916
4920,0.04706580564379692
4921,0.0479373000562191
4922,0.05509430542588234
4923,0.05110920965671539
4924,0.06012554466724396
4925,0.0527275986969471
4926,0.05094129219651222
4927,0.05438430607318878
4928,0.04560476168990135
4929,0.051994532346725464
4930,0.04929359629750252
4931,0.052733562886714935
4932,0.045806221663951874
4933,0.046519551426172256
4934,0.04925123602151871
4935,0.05329688638448715
4936,0.052916839718818665
4937,0.054140955209732056
4938,0.05628512054681778
4939,0.05003681778907776
4940,0.05245046317577362
4941,0.04241861775517464
4942,0.048630427569150925
4943,0.05454936623573303
4944,0.055070582777261734
4945,0.04717392474412918
4946,0.05317282676696777
4947,0.05363672599196434
4948,0.042580921202898026
4949,0.05755402147769928
4950,0.0507885180413723
4951,0.054823145270347595
4952,0.049323081970214844
4953,0.047811176627874374
4954,0.05196505784988403
4955,0.05197108909487724
4956,0.044478267431259155
4957,0.050409965217113495
4958,0.04920017719268799
4959,0.05162986367940903
4960,0.06642965972423553
4961,0.056122370064258575
4962,0.04959642514586449
4963,0.05102047324180603
4964,0.051131706684827805
4965,0.04278615862131119
4966,0.05373989790678024
4967,0.056885283440351486
4968,0.050792060792446136
4969,0.06064203381538391
4970,0.043822966516017914
4971,0.05269910767674446
4972,0.05312421917915344
4973,0.0506083145737648
4974,0.051766443997621536
4975,0.05249282717704773
4976,0.05392998829483986
4977,0.05085505545139313
4978,0.05113409459590912
4979,0.0509382039308548
4980,0.0480639822781086
4981,0.049015577882528305
4982,0.055061083287000656
4983,0.051635902374982834
4984,0.053548652678728104
4985,0.04927552118897438
4986,0.046179771423339844
4987,0.051956214010715485
4988,0.042322807013988495
4989,0.04861041530966759
4990,0.052921801805496216
4991,0.057672105729579926
4992,0.04570561647415161
4993,0.05474187061190605
4994,0.05612245574593544
4995,0.05186862125992775
4996,0.05011835694313049
4997,0.05286369472742081
4998,0.049590837210416794
4999,0.05645120143890381
5000,0.04936368018388748
5001,0.046892959624528885
5002,0.045659542083740234
5003,0.04555092006921768
5004,0.04936647042632103
5005,0.05667111277580261
5006,0.0495956651866436
5007,0.05775705724954605
5008,0.057398274540901184
5009,0.049607373774051666
5010,0.057764265686273575
5011,0.05028289183974266
5012,0.04607463255524635
5013,0.041740573942661285
5014,0.052394554018974304
5015,0.05234692990779877
5016,0.051978230476379395
5017,0.04689496010541916
5018,0.059129748493433
5019,0.05134926736354828
5020,0.04637020453810692
5021,0.049335554242134094
5022,0.05324742943048477
5023,0.04761609807610512
5024,0.054521117359399796
