0,190.32109928131104
1,376.30456137657166
2,565.1110336780548
3,752.9158375263214
4,942.7207922935486
5,1131.4609200954437
6,1324.492877483368
7,1519.511156320572
8,1712.9648847579956
9,1913.805956363678
10,2105.7849979400635
11,2299.3309738636017
12,2494.471836566925
13,2688.4194333553314
14,2882.987545490265
15,3076.100417137146
16,3265.4472918510437
17,3465.6833357810974
18,3660.087188720703
19,3852.5197422504425
20,4039.85986995697
21,4232.019563436508
22,4426.35763835907
23,4619.128347396851
24,4813.323150634766
25,5005.885075330734
26,5200.283397674561
27,5386.616175174713
28,5576.39946103096
29,5767.529817581177
30,5964.713033437729
31,6161.730326414108
32,6362.94860291481
33,6567.153299570084
34,6784.17282128334
35,7010.164725780487
36,7219.989911079407
37,7434.868100166321
38,7641.37691950798
39,7860.189183473587
40,8078.927079677582
41,8289.874628782272
42,8494.140525817871
43,8692.368134260178
44,8885.172771215439
45,9076.459065198898
46,9263.698836803436
47,9452.560980796814
48,9643.303693771362
49,9834.760914564133
50,10026.850091695786
51,10228.889604568481
52,10418.141229391098
53,10607.82448887825
54,10797.552532196045
55,10994.505782365799
56,11188.682125806808
57,11384.397108316422
58,11587.775872468948
59,11803.18931055069
60,12006.954394340515
61,12212.923939943314
62,12419.53056359291
63,12624.435094356537
64,12820.287087917328
65,13017.404503822327
66,13216.031668424606
67,13410.551656484604
68,13605.718976974487
69,13796.077196359634
70,13991.608446836472
71,14181.420759439468
72,14370.872454881668
73,14557.151062488556
74,14747.37914800644
75,14939.11100077629
76,15130.699907779694
77,15322.165019273758
78,15512.646410703659
79,15703.0175614357
80,15899.838091611862
81,16096.39250087738
82,16295.173943519592
83,16490.59660434723
84,16693.693088054657
85,16889.694056034088
86,17088.596368789673
87,17291.11834192276
88,17491.425287008286
89,17700.891900777817
90,17903.3724091053
91,18117.99017572403
92,18328.687721014023
93,18533.645965337753
94,18735.945268154144
95,18935.032113313675
96,19128.21803689003
97,19323.349559545517
98,19519.18945479393
99,19716.785734415054
100,19915.807574748993
101,20101.674145936966
102,20291.758298635483
103,20481.071037769318
104,20669.34593605995
105,20854.450141191483
106,21040.40903019905
107,21228.308847904205
108,21421.769310951233
109,21617.449014425278
110,21812.729145288467
111,22009.87745833397
112,22205.67511320114
113,22408.066061258316
114,22613.720177412033
115,22818.31795692444
116,23028.59709739685
117,23245.536977529526
118,23469.529819726944
119,23673.619848012924
120,23874.141659975052
121,24076.031736135483
122,24277.080253124237
123,24476.785265684128
124,24674.977565050125
125,24872.476472377777
126,25066.43042755127
127,25261.220742464066
128,25456.67065358162
129,25676.63098025322
130,25885.950575351715
131,26091.76490330696
132,26304.577493190765
133,26503.97026014328
134,26698.05472946167
135,26891.45834851265
136,27076.868901491165
137,27261.602501153946
138,27447.863677740097
139,27638.275356292725
140,27829.632336378098
141,28019.518356084824
142,28212.890954732895
143,28405.034239530563
144,28598.156131267548
145,28799.358319044113
146,29006.25567507744
147,29218.418466567993
148,29432.959710597992
149,29631.6037068367
150,29832.36983704567
151,30038.095911741257
152,30245.00262260437
153,30443.287866830826
154,30643.899843931198
155,30837.52293729782
156,31034.16840648651
157,31230.725875139236
158,31427.14283847809
159,31623.69179558754
160,31816.483482837677
161,32005.79527592659
162,32202.315180063248
163,32393.16976070404
164,32579.07137942314
165,32771.68321990967
166,32958.21765589714
167,33149.53238916397
168,33336.37068080902
169,33527.546563625336
170,33717.33388352394
171,33917.488136053085
172,34124.10719919205
173,34322.38076710701
174,34533.11744236946
175,34736.29954624176
176,34942.13149213791
177,35147.47305679321
178,35347.14987516403
179,35543.27166056633
180,35742.61863708496
181,35931.187643289566
182,36125.94979596138
183,36318.35551786423
184,36513.33957481384
185,36702.95762038231
186,36890.85086607933
187,37081.232236623764
188,37272.89682888985
189,37461.90840101242
190,37654.23505425453
191,37846.96695756912
192,38037.01791715622
193,38233.79280805588
194,38425.96105360985
195,38617.7987241745
196,38807.83664178848
180,35727.538192510605
181,35906.90483045578
182,36088.8859910965
183,36268.125846385956
184,36447.91962814331
185,36633.02942752838
186,36821.488736867905
187,37004.91282057762
188,37198.56311774254
189,37395.55607652664
190,37592.782454013824
191,37792.22351503372
192,37992.267392873764
193,38186.978043317795
194,38386.44217300415
195,38589.4621155262
196,38795.83002591133
197,38994.68668985367
198,39199.265385866165
199,39397.46323442459
200,39592.23604440689
201,39777.51855826378
202,39960.124099731445
203,40145.13023662567
204,40332.064549446106
205,40522.015672922134
206,40714.73477959633
207,40903.45873045921
208,41094.838911771774
209,41294.95509815216
210,41486.923849105835
211,41682.16040754318
212,41880.94955420494
213,42088.28057265282
214,42290.61992645264
215,42505.536633491516
216,42704.47069168091
217,42901.15372633934
218,43096.77723145485
219,43290.05668210983
220,43480.44505858421
221,43674.48113775253
222,43862.0554330349
223,44049.22127056122
224,44227.94614362717
225,44418.31125998497
226,44612.55588555336
227,44815.58361911774
228,45034.27927398682
229,45228.59600305557
230,45420.54159808159
231,45622.04807257652
232,45820.08162379265
233,46018.1098716259
234,46208.644414663315
235,46395.16704249382
236,46581.5649869442
237,46770.86875247955
238,46956.39867758751
239,47139.69086480141
240,47318.59900856018
241,47497.03770899773
242,47678.091414928436
243,47863.22316670418
244,48046.9846599102
245,48241.79635930061
246,48433.08506274223
247,48623.51331806183
248,48816.65584349632
249,49015.518525123596
250,49215.41591310501
251,49408.7994787693
252,49603.29843759537
253,49794.09932923317
254,49984.06728243828
255,50167.33582878113
256,50348.85506749153
257,50525.61459374428
258,50707.828885793686
259,50895.26140809059
260,51083.72965693474
261,51281.26171922684
262,51477.90031385422
263,51679.33860397339
264,51889.02380275726
265,52105.229132413864
266,52311.642567873
267,52514.42256236076
268,52721.236654520035
269,52917.83452296257
270,53118.86958885193
271,53317.068764448166
272,53516.00253152847
273,53712.78850889206
274,53912.98192739487
275,54105.075254917145
276,54310.33641123772
277,54495.08329510689
278,54683.8940346241
279,54871.26589226723
280,55062.40909719467
281,55255.65524530411
282,55451.71261334419
283,55655.70796084404
284,55849.61494541168
285,56068.54119801521
286,56295.86823749542
287,56513.00513935089
288,56718.350935697556
289,56924.53899478912
290,57126.261648893356
291,57323.5948972702
292,57520.95750761032
293,57714.284997701645
294,57903.580479860306
295,58092.25189137459
296,58279.63593173027
297,58471.93180799484
298,58666.29959130287
299,58858.5393345356
300,59052.450785160065
301,59248.29380750656
302,59448.71143698692
303,59654.87705373764
304,59846.193121910095
305,60036.88389968872
306,60239.58597922325
307,60442.612750053406
308,60657.423867702484
309,60899.21400618553
310,61095.98277592659
311,61287.81768488884
312,61479.80608487129
313,61670.08840441704
314,61857.43223571777
315,62051.64511179924
316,62246.81494116783
317,62439.00104045868
318,62633.234558820724
319,62823.539506435394
320,63021.57536292076
321,63220.1288318634
322,63422.20084476471
323,63623.06282877922
324,63836.43334817886
325,64035.63074374199
326,64233.76551318169
327,64429.16235256195
328,64620.71547484398
329,64814.67041158676
330,65012.5921792984
331,65207.135336875916
332,65397.59482598305
333,65592.3098115921
334,65790.53234791756
335,65982.09734940529
336,66176.23645710945
337,66375.01656579971
338,66572.53043150902
339,66772.77715492249
340,66978.33418631554
341,67179.37368440628
342,67391.35805106163
343,67591.66415810585
344,67794.51377677917
345,67985.11668682098
346,68176.6484246254
347,68366.15587449074
348,68555.10575532913
349,68752.06629943848
350,68947.30893802643
351,69142.91274046898
352,69341.41519165039
353,69539.38808751106
354,69742.12428164482
355,69949.66317129135
356,70145.87398529053
357,70347.61532402039
358,70555.51006484032
359,70756.40094852448
360,70958.88081717491
361,71162.2478017807
362,71356.85967326164
363,71554.75094985962
364,71751.25786280632
365,71944.6293771267
366,72142.50919342041
367,72338.09641122818
368,72534.65996265411
369,72724.6517856121
370,72913.45952033997
371,73098.94388246536
372,73293.06337070465
373,73483.29895281792
374,73672.09096455574
375,73865.29210400581
376,74060.5483789444
377,74252.11969184875
378,74450.19880104065
379,74660.29557347298
380,74871.84779596329
381,75082.14890122414
382,75288.52464270592
383,75490.59327459335
384,75689.4757668972
385,75890.16409063339
386,76093.16458845139
387,76298.59519124031
388,76504.79454493523
389,76706.45589566231
390,76911.00900173187
391,77112.67435097694
392,77312.66678190231
393,77509.40490150452
394,77702.27452301979
395,77893.63993406296
396,78079.94185495377
397,78266.75010108948
398,78460.09709572792
399,78652.78147745132
400,78848.03797340393
401,79050.71112012863
402,79256.65998196602
403,79458.89739584923
404,79675.4372689724
405,79887.50364422798
406,80108.39558029175
407,80312.21548986435
408,80514.74368405342
409,80711.75911045074
410,80907.70384073257
411,81101.62685465813
412,81295.15272402763
413,81485.52486085892
414,81674.51820635796
415,81858.4838411808
416,82047.41165614128
417,82241.37838029861
418,82439.76270866394
419,82644.72023916245
420,82843.38697004318
421,83040.45306491852
422,83239.64551830292
423,83450.44793438911
424,83651.37121915817
425,83865.64979863167
426,84081.82017612457
427,84282.18102240562
428,84490.02460694313
429,84692.74191737175
430,84893.06226611137
431,85096.30878543854
432,85301.98097205162
433,85505.68513774872
434,85708.71618151665
435,85913.69410705566
436,86119.26113557816
437,86316.27076768875
438,86508.79001688957
439,86724.62450861931
440,86912.52224802971
441,87093.20867371559
442,87285.83346772194
443,87480.96014475822
444,87672.0269575119
445,87864.98252248764
446,88050.09461474419
447,88263.4680147171
448,88464.84636068344
449,88676.29213857651
450,88879.88095164299
451,89080.0746793747
452,89281.59673452377
453,89486.08526158333
454,89682.52089643478
455,89878.84924674034
456,90078.15383005142
457,90277.24031066895
458,90474.05818772316
459,90663.72413039207
460,90849.12217140198
461,91042.23083877563
462,91235.27197694778
463,91429.6404709816
464,91622.86521911621
465,91811.25179171562
466,92009.08151602745
467,92201.37175488472
468,92402.82153320312
469,92605.92234063148
470,92828.72229981422
471,93040.190335989
472,93252.01090812683
473,93453.17012405396
474,93656.77822637558
475,93859.42981243134
476,94059.61398792267
477,94257.31782007217
478,94454.71865153313
479,94651.42700362206
480,94838.87549805641
481,95028.7804608345
482,95217.43672394753
483,95410.73215961456
484,95604.64031219482
485,95794.02308320999
486,95989.8796749115
487,96198.38602209091
488,96405.8554520607
489,96612.70435404778
490,96825.20627450943
491,97038.62334918976
492,97243.9639980793
493,97445.41972827911
494,97654.58786773682
495,97860.33307528496
496,98064.7553164959
497,98261.80278897285
498,98460.71080636978
499,98656.04594779015
500,98851.2731411457
501,99044.05023860931
502,99231.61002349854
503,99424.63753581047
504,99618.4625749588
505,99817.66540813446
506,100013.77119541168
507,100211.35854554176
508,100410.29121756554
509,100625.7942097187
510,100832.3744494915
511,101036.36999249458
512,101229.42827415466
513,101437.9545814991
514,101640.21093082428
515,101844.28852534294
516,102048.19762086868
517,102249.46552610397
518,102442.51722478867
519,102637.23284268379
520,102829.81595134735
521,103020.53100132942
522,103215.1963737011
523,103400.40130805969
524,103588.09152412415
525,103781.94365882874
526,103979.92452478409
527,104178.17816066742
528,104377.00483632088
529,104586.62078213692
530,104801.2802400589
531,105010.81022977829
532,105222.39537119865
533,105435.68050050735
534,105642.82127213478
535,105846.21827244759
536,106050.30735087395
537,106247.53517365456
538,106446.54839229584
539,106645.24603891373
540,106847.01804542542
541,107047.64398622513
542,107246.61551523209
543,107440.86414790154
544,107631.4295668602
545,107825.36952710152
546,108014.0595126152
547,108205.85319566727
548,108395.74667572975
549,108587.27281236649
550,108780.83354330063
551,108972.46797204018
552,109164.35833764076
553,109366.47856879234
554,109568.21493601799
555,109768.24370741844
556,109981.11007905006
557,110193.266289711
558,110397.2867205143
559,110595.76474499702
560,110795.22093486786
561,110997.68891882896
562,111189.76513028145
563,111380.75100469589
564,111570.18754529953
565,111754.25839424133
566,111945.6490676403
567,112130.94676184654
568,112318.59418034554
569,112533.1882379055
570,112733.98671150208
571,112940.39471936226
572,113132.314006567
573,113341.27638363838
574,113548.46503710747
575,113751.29676651955
576,113949.18107843399
577,114147.76301765442
578,114354.29402637482
579,114560.22940278053
580,114762.60745573044
581,114962.44099879265
582,115160.91447043419
583,115357.90584945679
584,115548.84530472755
585,115737.16109013557
586,115922.61889863014
587,116112.67279100418
588,116303.08859276772
589,116491.3745162487
590,116687.36452507973
591,116887.68037819862
592,117089.48426127434
593,117299.64800024033
594,117509.14587259293
595,117712.0454018116
596,117916.42083263397
597,118124.63119292259
598,118331.71422982216
599,118532.92226910591
600,118728.03199315071
601,118924.13790893555
602,119115.95702958107
603,119305.70628142357
604,119495.86392879486
605,119682.77274465561
606,119877.13275694847
607,120069.8982539177
608,120263.39512181282
609,120464.0749862194
610,120659.6730890274
611,120866.96755504608
612,121068.47335863113
613,121274.35162186623
614,121483.2072224617
615,121691.0377998352
616,121903.29420876503
617,122109.14988589287
618,122316.42675065994
619,122526.77148103714
620,122730.72911667824
621,122932.44010996819
622,123132.52630972862
623,123332.08356761932
624,123525.44888281822
625,123715.08682107925
626,123905.0485048294
627,124094.50841236115
628,124286.7567615509
629,124476.89424777031
630,124668.71752524376
631,124860.1798119545
632,125053.65082931519
633,125249.14020109177
634,125446.78255796432
635,125635.8029460907
636,125838.56013655663
637,126040.25879740715
638,126237.85582613945
639,126444.88697075844
640,126642.88158226013
641,126840.17471909523
642,127049.03187561035
643,127258.4495511055
644,127463.09120798111
645,127663.76668572426
646,127876.82429909706
647,128080.27060341835
648,128289.09647846222
649,128495.2276673317
650,128700.41607093811
651,128905.06979584694
652,129104.56644964218
653,129305.57491207123
654,129515.84485721588
655,129715.49898052216
656,129910.02361011505
657,130103.83331942558
658,130296.51716327667
659,130485.88290715218
660,130679.87987160683
661,130871.91715049744
662,131054.26955986023
663,131239.45776939392
664,131425.55824756622
665,131611.73016357422
666,131798.8956902027
667,131985.72297239304
668,132173.08189749718
669,132359.78162956238
670,132546.86466288567
671,132737.5034544468
672,132931.48886990547
673,133131.6919529438
674,133356.5717675686
675,133559.25478506088
676,133771.35379052162
677,133973.57285642624
678,134182.4612944126
679,134376.68702745438
680,134576.9498345852
681,134770.40847945213
682,134965.19225239754
683,135162.1667406559
684,135357.19798851013
685,135557.05756783485
686,135755.3109986782
687,135954.32302451134
688,136153.6916434765
689,136355.0397655964
690,136554.96341514587
691,136758.57828640938
692,136959.73674106598
693,137150.30869102478
694,137341.7135772705
695,137531.16316127777
696,137717.3420677185
697,137901.4390501976
698,138083.72708559036
699,138304.7971971035
700,138498.19663357735
701,138686.2529847622
702,138879.34983754158
703,139087.49070453644
704,139281.80600190163
705,139481.56738948822
706,139676.32209300995
707,139872.91236257553
708,140064.21314120293
709,140257.9373240471
710,140454.73102140427
711,140650.4017648697
712,140843.1389117241
713,141040.55125808716
714,141231.64460206032
715,141424.18550252914
716,141615.99817323685
717,141810.3839480877
718,142006.25634622574
719,142202.00226068497
720,142390.91112732887
721,142581.25572752953
722,142771.6894378662
723,142959.9516503811
724,143145.49285459518
725,143337.68751096725
726,143526.5171570778
727,143720.0155556202
728,143936.48604345322
729,144138.70536732674
730,144339.3902900219
731,144534.10790205002
732,144735.20543575287
733,144937.73226833344
734,145139.7269165516
735,145342.29134368896
736,145540.672611475
737,145738.84791493416
738,145931.52329397202
739,146123.7142829895
740,146313.6106889248
741,146508.58384680748
742,146693.48643660545
743,146885.39612030983
744,147079.1324775219
745,147276.1585354805
746,147470.48823022842
747,147669.29123210907
748,147869.0588312149
749,148069.37658905983
750,148274.41343188286
751,148471.5783455372
752,148669.2641351223
753,148866.376868248
754,149058.46375608444
755,149252.20811510086
756,149448.17715597153
757,149644.50055146217
758,149834.58892774582
759,150028.33265185356
760,150220.95998692513
761,150410.82880353928
762,150601.74037218094
763,150792.15082216263
764,150983.91790866852
765,151168.81968522072
766,151356.72701978683
767,151544.33929991722
768,151737.11290502548
769,151931.8495874405
770,152131.3545615673
771,152339.23535609245
772,152558.29284071922
773,152771.98252868652
774,152973.7405257225
775,153182.3278992176
776,153405.32172513008
777,153615.39274001122
778,153817.82693767548
779,154020.62745928764
780,154224.85643172264
781,154429.22699522972
782,154630.74927186966
783,154822.9874279499
784,155021.12835359573
785,155210.86571145058
786,155398.10928606987
787,155582.99269771576
788,155772.52492785454
789,155963.47986125946
790,156162.37043309212
791,156354.5814116001
792,156548.7951388359
793,156746.4201376438
794,156962.755818367
795,157168.773550272
796,157376.83816480637
797,157581.96859192848
798,157785.95074272156
799,157989.1871638298
800,158184.06090974808
801,158386.10925221443
802,158586.16175746918
803,158788.4366352558
804,158994.75010108948
805,159195.1305668354
806,159398.94570827484
807,159599.74842524529
808,159793.62650728226
809,159985.38377904892
810,160173.87257742882
811,160365.30924081802
812,160553.3497440815
813,160746.28018641472
814,160936.92580461502
815,161127.02505612373
816,161314.98916316032
817,161499.07287549973
818,161691.23603391647
819,161879.27986192703
820,162064.39130473137
821,162252.95182347298
822,162441.66267085075
823,162624.79690122604
824,162805.51872968674
825,162982.77667331696
826,163159.71273708344
827,163346.12018179893
828,163538.5190703869
829,163759.22078990936
830,163945.92512059212
831,164130.27828073502
832,164309.41310954094
833,164492.6751291752
834,164680.88607144356
835,164860.5581729412
836,165046.0401468277
837,165236.9289047718
838,165425.70000195503
839,165611.17856740952
840,165792.92438173294
841,165979.4932756424
842,166159.61802911758
843,166343.35694360733
844,166528.2564277649
845,166714.89264941216
846,166897.84365653992
847,167078.58117485046
848,167257.41130065918
849,167435.9871263504
850,167619.52991461754
851,167803.13010454178
852,167991.61181497574
853,168191.1461443901
854,168390.41701841354
855,168588.38195967674
856,168785.75513219833
857,168968.43546366692
858,169153.76064300537
859,169339.45602035522
860,169528.32041239738
861,169719.47916269302
862,169908.030510664
863,170094.20003819466
864,170282.43221879005
865,170473.78946113586
866,170665.99077153206
867,170860.2109258175
868,171053.36150622368
869,171245.00923013687
870,171432.0672147274
871,171621.9419515133
872,171814.20030474663
873,172006.0058093071
874,172189.05107545853
875,172373.52930021286
876,172565.23685956
877,172762.22485423088
878,172951.81442594528
879,173156.92674279213
880,173353.66659402847
881,173546.00016069412
882,173742.294860363
883,173946.42922830582
884,174155.02189016342
885,174372.9238743782
886,174575.72268891335
887,174790.8637764454
888,175007.5668106079
889,175220.4648258686
890,175432.20487499237
891,175643.02166318893
892,175856.77575159073
893,176070.30578494072
894,176277.7985315323
895,176478.01228141785
896,176682.9372267723
897,176879.48200035095
898,177073.7316145897
899,177267.3244986534
900,177469.05769109726
901,177668.57948350906
902,177867.99234485626
903,178058.07067799568
904,178247.63040018082
905,178435.4542746544
906,178623.67476677895
907,178812.0440981388
908,179001.0167005062
909,179193.827147007
910,179399.96737647057
911,179606.64992928505
912,179811.61911082268
913,180027.14685201645
914,180227.6190431118
915,180433.4934437275
916,180638.49046182632
917,180848.0917019844
918,181058.77815890312
919,181273.95603847504
920,181491.71359562874
921,181700.70072603226
922,181904.95011806488
923,182111.55452251434
924,182315.426892519
925,182521.37707686424
926,182725.79145550728
927,182923.3364727497
928,183121.54222154617
929,183331.15090298653
930,183546.09281039238
931,183752.51038384438
932,183961.23215937614
933,184173.64913511276
934,184363.61726140976
935,184562.1734764576
936,184758.60464453697
937,184957.73502278328
938,185153.16647934914
939,185351.6674323082
940,185542.81976103783
941,185733.5261220932
942,185923.01575183868
943,186111.6144618988
944,186298.5621049404
945,186488.13719654083
946,186673.8691661358
947,186862.63569021225
948,187047.7415895462
949,187228.8168709278
950,187411.5229086876
951,187592.77367448807
952,187773.027667284
953,187954.38830399513
954,188143.8532898426
955,188333.8290398121
956,188526.77363276482
957,188732.78673887253
958,188938.85652661324
959,189179.00831365585
960,189391.69698548317
961,189594.28853416443
962,189798.34356451035
963,189997.88543391228
964,190194.99752902985
965,190388.31155252457
966,190579.36054563522
967,190776.5815038681
968,190964.13891530037
969,191149.45070004463
970,191335.81997919083
971,191521.20298790932
972,191711.36591672897
973,191904.03593230247
974,192099.26826930046
975,192290.0897629261
976,192486.8353471756
977,192681.4532558918
978,192875.87822008133
979,193085.8645336628
980,193300.1223039627
981,193500.58551454544
982,193715.51462078094
983,193924.10422706604
984,194120.9641034603
985,194325.15073370934
986,194527.28331303596
987,194726.66729402542
988,194920.8718099594
989,195118.4178750515
990,195314.2372186184
991,195512.65108060837
992,195703.44621753693
993,195892.53411602974
994,196081.7673547268
995,196270.9118847847
996,196463.96058535576
997,196656.7566125393
998,196851.33408784866
999,197046.28277635574
1000,197234.43129134178
1001,197446.0038638115
1002,197655.07079839706
1003,197867.27849030495
1004,198070.4722237587
1005,198269.64133501053
1006,198464.87955617905
1007,198663.28769373894
1008,198857.72560572624
1009,199050.1518893242
1010,199238.68413829803
1011,199428.23280906677
1012,199627.38369870186
1013,199816.21186423302
1014,200012.04527258873
1015,200202.8293657303
1016,200401.27138018608
1017,200592.03897833824
1018,200782.58005857468
1019,200969.12893009186
1020,201160.01731204987
1021,201341.88489460945
1022,201524.00742936134
1023,201710.04876947403
1024,201891.6185719967
1025,202077.9346599579
1026,202272.70414829254
1027,202460.365203619
1028,202639.48293995857
1029,202827.62127447128
1030,203005.93004751205
1031,203185.23127412796
1032,203372.6391980648
1033,203558.43249845505
1034,203742.44763970375
1035,203923.84440684319
1036,204103.0794930458
1037,204293.86120390892
1038,204486.81263375282
1039,204675.91510510445
1040,204860.24251532555
1041,205047.08556103706
1042,205238.15519547462
1043,205424.2659535408
1044,205609.40801668167
1045,205794.99513292313
1046,205978.27375793457
1047,206162.9733262062
1048,206348.40183615685
1049,206532.42112088203
1050,206721.5679295063
1051,206910.96065330505
1052,207097.12356114388
1053,207288.76767969131
1054,207496.60266923904
1055,207694.56212568283
1056,207909.75493335724
1057,208131.47466111183
1058,208347.815418005
1059,208545.05264258385
1060,208741.00738668442
1061,208930.46363282204
1062,209125.18710255623
1063,209314.48778390884
1064,209506.4573841095
1065,209698.46060967445
1066,209891.97856855392
1067,210085.6891887188
1068,210282.53494119644
1069,210479.84573245049
1070,210677.0183286667
1071,210880.179158926
1072,211078.68954443932
1073,211278.04534125328
1074,211476.11941862106
1075,211676.06160736084
1076,211877.2520635128
1077,212075.7694337368
1078,212272.67724823952
1079,212470.45921468735
1080,212668.33102083206
1081,212864.35758709908
1082,213056.52675557137
1083,213246.73615694046
1084,213436.35645341873
1085,213623.4961438179
1086,213814.79994153976
1087,214005.59877943993
1088,214197.56144738197
1089,214418.86190009117
1090,214621.25257754326
1091,214839.4039900303
1092,215052.38987636566
1093,215251.15623259544
1094,215455.63507127762
1095,215660.3223180771
1096,215863.72677659988
1097,216067.13359212875
1098,216267.84447479248
1099,216473.48191308975
1100,216680.95868563652
1101,216891.1588730812
1102,217101.27550554276
1103,217302.65542435646
1104,217502.0373635292
1105,217699.9837193489
1106,217900.32966184616
1107,218094.7747449875
1108,218292.67092633247
1109,218484.16885519028
1110,218675.47575759888
1111,218867.06218075752
1112,219051.4299080372
1113,219242.24232411385
1114,219436.71269607544
1115,219631.2900891304
1116,219827.31607460976
1117,220024.77453255653
1118,220217.16677069664
1119,220408.2939298153
1120,220602.11303901672
1121,220814.29316401482
1122,221021.35376048088
1123,221234.75510144234
1124,221450.74113965034
1125,221654.20118832588
1126,221861.82301974297
1127,222065.66793990135
1128,222269.15389966965
1129,222477.28007531166
1130,222682.23957133293
1131,222888.97888684273
1132,223091.80060720444
1133,223293.4666302204
1134,223493.2021048069
1135,223692.51127696037
1136,223881.66567635536
1137,224073.44810128212
1138,224264.1869316101
1139,224450.9238922596
1140,224635.34881925583
1141,224824.71578001976
1142,225014.150993824
1143,225204.13495659828
1144,225394.1801059246
1145,225585.15673995018
1146,225787.45628213882
1147,225984.0998055935
1148,226185.01082015038
1149,226392.71871829033
1150,226597.21216201782
1151,226818.72695159912
1152,227029.70382618904
1153,227239.8164846897
1154,227447.43840694427
1155,227655.18090510368
1156,227862.96839809418
1157,228075.78828763962
1158,228281.8113670349
1159,228486.36061954498
1160,228684.74750709534
1161,228887.1041662693
1162,229082.1414616108
1163,229272.67004036903
1164,229465.1246535778
1165,229655.32148861885
1166,229847.31932735443
1167,230033.77654623985
1168,230226.60714960098
1169,230419.40122437477
1170,230609.5253663063
1171,230805.22828435898
1172,230998.13146734238
1173,231197.72881150246
1174,231395.45591831207
1175,231594.6534795761
1176,231797.44645237923
1177,231996.90214800835
1178,232197.9162042141
1179,232400.70678210258
1180,232601.8305566311
1181,232823.72382187843
1182,233032.51966381073
1183,233251.64960932732
1184,233448.55660653114
1185,233652.20224809647
1186,233849.65350151062
1187,234043.33293128014
1188,234230.50655770302
1189,234424.79839801788
1190,234614.64386081696
1191,234803.54807782173
1192,235000.64563012123
1193,235193.33214473724
1194,235380.97786951065
1195,235569.8477370739
1196,235757.60274481773
1197,235939.46548080444
1198,236128.61445498466
1199,236319.43020486832
1200,236511.09925055504
1201,236697.40582823753
1202,236887.1753988266
1203,237075.91462397575
1204,237263.26204895973
1205,237455.68229103088
1206,237640.83238315582
1207,237830.97196793556
1208,238010.28267097473
1209,238198.35856962204
1210,238384.6994547844
1211,238569.12777233124
1212,238759.6484503746
1213,238945.36595273018
1214,239141.61062693596
1215,239329.74952030182
1216,239529.29324054718
1217,239721.25178074837
1218,239909.01250481606
1219,240124.0816874504
1220,240308.16307139397
1221,240491.15749764442
1222,240667.15861606598
1223,240844.15650248528
1224,241015.80996656418
1225,241196.13320922852
1226,241370.55578517914
1227,241545.3731470108
1228,241721.43803024292
1229,241908.99524879456
1230,242108.9944000244
1231,242298.12075090408
1232,242488.04736161232
1233,242680.08235740662
1234,242865.7641210556
1235,243062.37227010727
1236,243254.73673129082
1237,243450.3533489704
1238,243653.76557135582
1239,243854.8235833645
1240,244048.8855059147
1241,244236.62875914574
1242,244428.29352593422
1243,244619.34875011444
1244,244806.15075325966
1245,245000.88743019104
1246,245190.62645745277
1247,245384.9716091156
1248,245577.72329044342
1249,245767.63644123077
1250,245959.44382333755
1251,246147.54597759247
1252,246337.6808848381
1253,246529.27145028114
1254,246723.8200814724
1255,246911.69249010086
1256,247102.86668920517
1257,247296.73478913307
1258,247482.26870632172
1259,247664.85347938538
1260,247849.66534924507
1261,248043.14574432373
1262,248231.67029428482
1263,248421.7842400074
1264,248616.63427114487
1265,248810.9056084156
1266,249015.4683983326
1267,249225.8174920082
1268,249434.09284830093
1269,249644.01861763
1270,249852.70889687538
1271,250049.16183328629
1272,250245.6479537487
1273,250444.14304351807
1274,250637.59623146057
1275,250836.88224577904
1276,251028.47137594223
1277,251222.14114403725
1278,251417.382229805
1279,251604.35264515877
1280,251793.31633257866
1281,251980.40662384033
1282,252176.91118955612
1283,252373.13173007965
1284,252575.1746351719
1285,252773.10765719414
1286,252967.6677851677
1287,253164.57869267464
1288,253362.7474887371
1289,253576.67913079262
1290,253790.42829751968
1291,254004.425665617
1292,254213.4538397789
1293,254421.29267764091
1294,254626.34166407585
1295,254824.20428299904
1296,255012.2318134308
1297,255206.17924261093
1298,255389.1613266468
1299,255578.81650304794
1300,255773.48001027107
1301,255966.14610648155
1302,256157.7741444111
1303,256351.39357686043
1304,256549.47827029228
1305,256749.13548970222
1306,256954.62865018845
1307,257158.96351790428
1308,257360.98325753212
1309,257563.6547319889
1310,257766.82597398758
1311,257964.1884715557
1312,258165.12411904335
1313,258366.0787267685
1314,258569.95505285263
1315,258777.6962940693
1316,258987.74392700195
1317,259192.21585559845
1318,259386.20900416374
1319,259571.70677161217
1320,259759.61196017265
1321,259946.49498653412
1322,260133.1134185791
1323,260320.5701944828
1324,260504.61407351494
1325,260692.94723439217
1326,260878.61234354973
1327,261059.27963590622
1328,261244.76819062233
1329,261437.76627898216
1330,261637.52558612823
1331,261836.6039636135
1332,262037.68187832832
1333,262238.028213501
1334,262438.24640488625
1335,262658.18079662323
1336,262862.66092705727
1337,263080.8270661831
1338,263282.68702340126
1339,263481.5527689457
1340,263687.32432699203
1341,263886.47007775307
1342,264082.9719824791
1343,264267.7684469223
1344,264456.91021347046
1345,264645.3838083744
1346,264841.1174457073
1347,265032.66893815994
1348,265231.1321320534
1349,265471.508197546
1350,265690.4306271076
1351,265899.516228199
1352,266108.0870063305
1353,266307.8792321682
1354,266510.9062116146
1355,266710.51229810715
1356,266904.83320069313
1357,267097.504062891
1358,267287.8422102928
1359,267485.87946653366
1360,267677.8423810005
1361,267871.2000374794
1362,268068.41592264175
1363,268274.52860474586
1364,268476.5019991398
1365,268686.25435209274
1366,268900.4105117321
1367,269111.76462841034
1368,269328.4342122078
1369,269530.4403553009
1370,269731.40980124474
1371,269935.7031238079
1372,270145.27313160896
1373,270354.14584088326
1374,270566.6568131447
1375,270776.68141293526
1376,270978.85438370705
1377,271178.69816184044
1378,271378.9430820942
1379,271571.4698755741
1380,271758.852889061
1381,271943.4548447132
1382,272131.99680900574
1383,272320.0949754715
1384,272514.0340075493
1385,272714.1935353279
1386,272910.2169005871
1387,273127.51149487495
1388,273324.70648884773
1389,273525.82426404953
1390,273737.7785310745
1391,273947.5992116928
1392,274154.22373485565
1393,274357.6662442684
1394,274560.8074464798
1395,274764.52409911156
1396,274964.85110092163
1397,275166.3231739998
1398,275371.2213585377
1399,275577.88804483414
1400,275780.3357231617
1401,275975.24119377136
1402,276175.4683499336
1403,276371.31417250633
1404,276562.3650665283
1405,276753.6373462677
1406,276942.80929017067
1407,277127.25860238075
1408,277315.4049062729
1409,277494.1572563648
1410,277684.99024248123
1411,277871.92008042336
1412,278066.67884516716
1413,278261.47777438164
1414,278463.0583591461
1415,278670.9319241047
1416,278874.654045105
1417,279084.2789826393
1418,279304.34407901764
1419,279511.9385204315
1420,279714.9887871742
1421,279917.76313328743
1422,280123.0184583664
1423,280323.4217352867
1424,280523.9103975296
1425,280721.5834851265
1426,280918.282119751
1427,281116.24290657043
1428,281318.91423511505
1429,281520.30372262
1430,281721.69491004944
1431,281918.47676825523
1432,282115.46746468544
1433,282308.5200493336
1434,282503.9812619686
1435,282699.3615632057
1436,282892.66404628754
1437,283086.9741666317
1438,283276.6868774891
1439,283462.6330678463
1440,283648.6125407219
1441,283831.92337203026
1442,284029.0674715042
1443,284225.1041171551
1444,284424.99762535095
1445,284625.41959643364
1446,284841.51003074646
1447,285057.3847436905
1448,285252.87105441093
1449,285460.993411541
1450,285657.3216896057
1451,285848.4675936699
1452,286046.3278326988
1453,286237.4833071232
1454,286432.4250266552
1455,286622.7159631252
1456,286814.23755168915
1457,287007.2995223999
1458,287205.83441376686
1459,287402.619787693
1460,287601.43898916245
1461,287806.42006635666
1462,288018.18528938293
1463,288217.7571783066
1464,288422.6129231453
1465,288624.5245349407
1466,288826.9234097004
1467,289028.9810862541
1468,289230.47170352936
1469,289443.98395752907
1470,289660.8600823879
1471,289871.9183971882
1472,290080.40565919876
1473,290290.45668435097
1474,290494.7910797596
1475,290697.47710728645
1476,290896.6556773186
1477,291097.4234716892
1478,291315.7004094124
1479,291501.00886797905
1480,291693.5080964565
1481,291878.37037467957
1482,292062.82870292664
1483,292250.23805737495
1484,292435.675563097
1485,292621.07076740265
1486,292811.26967549324
1487,293000.98994493484
1488,293204.27660131454
1489,293415.759411335
1490,293624.68707823753
1491,293824.55542325974
1492,294020.75419306755
1493,294218.2207968235
1494,294413.0432500839
1495,294608.1420855522
1496,294802.825042963
1497,294993.42148423195
1498,295179.1262996197
1499,295368.7843635082
1500,295561.303096056
1501,295755.83129644394
1502,295948.33116292953
1503,296140.1402387619
1504,296327.95563721657
1505,296514.5461239815
1506,296709.1656329632
1507,296894.9254126549
1508,297083.45446133614
1509,297266.0622410774
1510,297455.3248028755
1511,297645.127245903
1512,297830.622723341
1513,298023.55313539505
1514,298213.700548172
1515,298395.14721632004
1516,298584.70413541794
1517,298773.32114219666
1518,298965.1789293289
1519,299163.9085738659
1520,299371.45836663246
1521,299581.59080934525
1522,299786.5189769268
1523,299984.9312415123
1524,300187.05560183525
1525,300401.3213982582
1526,300601.86371445656
1527,300803.931132555
1528,301011.3626835346
1529,301222.79002809525
1530,301429.51807522774
1531,301642.38171577454
1532,301841.83249616623
1533,302038.3631334305
1534,302228.54315662384
1535,302421.7905418873
1536,302611.6227300167
1537,302803.80402565
1538,302996.6355879307
1539,303182.8746755123
1540,303374.0794277191
1541,303564.3203396797
1542,303757.5174255371
1543,303951.1164615154
1544,304144.74016165733
1545,304342.4087378979
1546,304543.77127313614
1547,304742.7191092968
1548,304935.3040251732
1549,305131.7227694988
1550,305331.557967186
1551,305546.7882642746
1552,305766.9314568043
1553,305976.5799102783
1554,306197.72383618355
1555,306407.4224476814
1556,306625.10999655724
1557,306834.8374853134
1558,307037.7927634716
1559,307239.44702744484
1560,307440.0652513504
1561,307639.16741609573
1562,307837.33917951584
1563,308040.33358836174
1564,308241.8397283554
1565,308437.64980506897
1566,308633.80835938454
1567,308826.79711198807
1568,309024.5553147793
1569,309218.5969283581
1570,309410.3629488945
1571,309602.5660600662
1572,309791.42052078247
1573,309980.5611307621
1574,310165.7434527874
1575,310349.3277363777
1576,310538.7874059677
1577,310728.60915088654
1578,310918.4673604965
1579,311112.72708034515
1580,311302.5010023117
1581,311500.923712492
1582,311700.6066954136
1583,311897.20970773697
1584,312098.4274904728
1585,312307.89302945137
1586,312499.5039393902
1587,312687.6369006634
1588,312874.8096716404
1589,313064.5282921791
1590,313262.0128214359
1591,313457.0194761753
1592,313654.82085204124
1593,313857.5855066776
1594,314054.4553079605
1595,314263.33942842484
1596,314461.9190144539
1597,314659.1564145088
1598,314854.6317329407
1599,315057.9969742298
1600,315256.04018878937
1601,315450.59203886986
1602,315646.2334206104
1603,315847.7163898945
1604,316047.2104752064
1605,316241.8969614506
1606,316432.8574824333
1607,316626.2375347614
1608,316842.12804722786
1609,317025.557322979
1610,317210.7547261715
1611,317405.6246728897
1612,317594.3498849869
1613,317785.3088274002
1614,317974.1922457218
1615,318162.1998157501
1616,318345.31111621857
1617,318533.74250268936
1618,318719.6376237869
1619,318905.95395064354
1620,319083.57322597504
1621,319263.95845651627
1622,319442.92220425606
1623,319623.00244140625
1624,319803.86923480034
1625,319983.7322986126
1626,320160.49730730057
1627,320340.9238898754
1628,320518.2671484947
1629,320705.3025896549
1630,320890.3380384445
1631,321074.44175982475
1632,321257.6823518276
1633,321444.2474577427
1634,321638.5140669346
1635,321818.45745134354
1636,321990.1071193218
1637,322166.8708150387
1638,322345.08857512474
1639,322529.9886107445
1640,322712.26063108444
1641,322894.75150871277
1642,323086.8204751015
1643,323284.2188568115
1644,323469.9680085182
1645,323657.7397861481
1646,323846.8074839115
1647,324029.2284941673
1648,324211.60564756393
1649,324391.8168427944
1650,324570.01580667496
1651,324749.4245285988
1652,324929.1072816849
1653,325110.7989718914
1654,325295.1426510811
1655,325491.8935506344
1656,325686.1859126091
1657,325876.1268901825
1658,326068.597243309
1659,326262.9434430599
1660,326447.60983395576
1661,326639.6309528351
1662,326828.91661453247
1663,327017.9042389393
1664,327203.8238425255
1665,327394.7239766121
1666,327588.634403944
1667,327788.01192235947
1668,327974.42677259445
1669,328169.345379591
1670,328352.42782735825
1671,328532.2792379856
1672,328711.7295241356
1673,328889.478610754
1674,329062.67590236664
1675,329238.5213472843
1676,329418.002150774
1677,329603.8441493511
1678,329794.7924051285
1679,329979.8053226471
1680,330163.47648978233
1681,330344.6846382618
1682,330531.035428524
1683,330728.35421299934
1684,330915.26727700233
1685,331103.6639211178
1686,331290.0367717743
1687,331475.62893390656
1688,331660.8722267151
1689,331851.4816043377
1690,332044.71318101883
1691,332229.5010135174
1692,332417.52999067307
1693,332604.5722131729
1694,332790.5321736336
1695,332981.51103663445
1696,333160.339151144
1697,333345.3123655319
1698,333527.3751721382
1699,333708.7849431038
1700,333892.0638728142
1701,334075.24220871925
1702,334254.09154748917
1703,334438.12489557266
1704,334617.78941845894
1705,334801.4715948105
1706,334981.3495128155
1707,335160.0221424103
1708,335343.00557780266
1709,335523.6381075382
1710,335709.20060420036
1711,335893.9887754917
1712,336083.2484614849
1713,336270.0396783352
1714,336465.6843743324
1715,336657.6797411442
1716,336848.31480646133
1717,337046.2359287739
1718,337242.3193793297
1719,337443.0735447407
1720,337637.21383595467
1721,337840.48663568497
1722,338036.94386029243
1723,338250.5699086189
1724,338461.5655078888
1725,338678.43243169785
1726,338877.3363275528
1727,339089.414683342
1728,339287.1424076557
1729,339480.4765484333
1730,339674.6401705742
1731,339866.35933327675
1732,340061.5412669182
1733,340257.70626068115
1734,340451.2545592785
1735,340649.057148695
1736,340854.1316730976
1737,341055.2143392563
1738,341280.7724802494
1739,341490.4056382179
1740,341708.30370664597
1741,341927.349711895
1742,342143.808886528
1743,342351.88893818855
1744,342552.9017417431
1745,342758.1046664715
1746,342959.180937767
1747,343160.07156157494
1748,343361.22342419624
1749,343558.91779756546
1750,343752.2474966049
1751,343945.08507561684
1752,344135.3414428234
1753,344328.23151373863
1754,344523.10026836395
1755,344713.2821176052
1756,344908.5459930897
1757,345103.28011250496
1758,345298.5720846653
1759,345499.35380244255
1760,345698.49046969414
1761,345900.12968349457
1762,346103.5556881428
1763,346307.5211341381
1764,346511.55857276917
1765,346721.20689225197
1766,346922.80758428574
1767,347135.7500691414
1768,347361.836022377
1769,347565.1374094486
1770,347771.0636456013
1771,347976.582164526
1772,348178.6847188473
1773,348380.4765865803
1774,348582.0717475414
1775,348776.50644540787
1776,348969.34932255745
1777,349153.84399676323
1778,349345.93959236145
1779,349539.68481349945
1780,349720.984180212
1781,349911.9207537174
1782,350103.3160533905
1783,350295.1658215523
1784,350492.72029209137
1785,350688.6728374958
1786,350892.3084218502
1787,351087.6282684803
1788,351297.88332152367
1789,351525.060962677
1790,351739.22284173965
1791,351955.6521334648
1792,352163.89212203026
1793,352371.27940273285
1794,352585.0468404293
1795,352796.3392543793
1796,353016.55385422707
1797,353226.92878079414
1798,353427.91776657104
1799,353627.14411091805
1800,353824.3745942116
1801,354021.31424307823
1802,354216.0853331089
1803,354411.3459815979
1804,354603.38588523865
1805,354792.8000807762
1806,354990.21992230415
1807,355184.47231554985
1808,355372.9009950161
1809,355569.6907091141
1810,355767.25931954384
1811,355959.75129914284
1812,356154.5535774231
1813,356343.271920681
1814,356531.1058623791
1815,356715.7325925827
1816,356907.9210777283
1817,357096.0809085369
1818,357297.33057904243
1819,357496.2544941902
1820,357712.6507689953
1821,357918.34504652023
1822,358104.4998111725
1823,358293.79303884506
1824,358478.49214839935
1825,358660.520635128
1826,358835.9596223831
1827,359014.9168689251
1828,359192.25647091866
1829,359368.74818205833
1830,359549.36680722237
1831,359737.54891324043
1832,359926.5020942688
1833,360115.5698592663
1834,360299.5730495453
1835,360492.02989530563
1836,360681.3778448105
1837,360863.7568244934
1838,361047.9955174923
1839,361235.7481918335
1840,361428.2047460079
1841,361617.19631409645
1842,361802.18035936356
1843,361992.0788974762
1844,362179.85697484016
1845,362372.5696158409
1846,362567.35285925865
1847,362757.9719657898
1848,362950.79014897346
1849,363143.5329442024
1850,363341.1956858635
1851,363536.50338220596
1852,363733.7400903702
1853,363926.5653216839
1854,364117.20226430893
1855,364305.95171260834
1856,364497.18544220924
1857,364690.98320889473
1858,364884.3673942089
1859,365078.32866978645
1860,365276.56887578964
1861,365473.0655503273
1862,365675.9915897846
1863,365874.7683234215
1864,366077.1929564476
1865,366277.1493341923
1866,366467.21280527115
1867,366654.820343256
1868,366876.0131728649
1869,367069.7577326298
1870,367282.5816795826
1871,367493.0767009258
1872,367690.6000134945
1873,367878.68473529816
1874,368069.064258337
1875,368257.26150894165
1876,368443.4918715954
1877,368631.929071188
1878,368828.17306160927
1879,369018.04347610474
1880,369210.2072966099
1881,369407.1961798668
1882,369599.2176308632
1883,369796.22186255455
1884,369987.83607554436
1885,370184.7853858471
1886,370387.34307670593
1887,370593.9689049721
1888,370803.0237698555
1889,371007.89863181114
1890,371209.92641830444
1891,371410.7520124912
1892,371613.75232458115
1893,371817.9991862774
1894,372023.61027407646
1895,372221.4643127918
1896,372418.232057333
1897,372607.51170015335
1898,372798.3818414211
1899,372987.3448934555
1900,373174.3482503891
1901,373362.82088041306
1902,373547.58927202225
1903,373739.8921532631
1904,373932.0533583164
1905,374120.3947007656
1906,374316.883780241
1907,374507.69658470154
1908,374701.60829782486
1909,374901.17837142944
1910,375106.76292061806
1911,375325.42802882195
1912,375533.84885954857
1913,375751.75071430206
1914,375963.27776145935
1915,376177.7818338871
1916,376392.5663514137
1917,376597.93873524666
1918,376799.345457077
1919,377002.51043224335
1920,377203.2617983818
1921,377405.22191238403
1922,377596.7308077812
1923,377790.54167437553
1924,377979.09274601936
1925,378170.65530872345
1926,378363.392213583
1927,378552.9828608036
1928,378750.9105875492
1929,378949.3791115284
1930,379155.97557759285
1931,379368.21349167824
1932,379578.94265437126
1933,379797.0577802658
1934,380007.17361426353
1935,380212.8307979107
1936,380424.65480709076
1937,380623.8754117489
1938,380822.13853788376
1939,381026.1179897785
1940,381230.9598953724
1941,381438.32618904114
1942,381647.87478232384
1943,381845.2229218483
1944,382043.5812265873
1945,382234.10971069336
1946,382430.3500163555
1947,382630.12896823883
1948,382822.8514146805
1949,383010.4646177292
1950,383208.37014484406
1951,383393.39588308334
1952,383577.0362071991
1953,383757.81156778336
1954,383943.1272621155
1955,384138.7190372944
1956,384331.2152042389
1957,384522.87134456635
1958,384733.9266626835
1959,384939.05764198303
1960,385158.0685636997
1961,385368.3565659523
1962,385580.2302451134
1963,385783.042930603
1964,385984.99138712883
1965,386192.90669083595
1966,386396.44471144676
1967,386598.94236779213
1968,386797.69052767754
1969,386995.4993581772
1970,387193.8407282829
1971,387387.87321829796
1972,387581.04789185524
1973,387773.13643693924
1974,387963.32339167595
1975,388155.43878650665
1976,388338.3474974632
1977,388525.87085819244
1978,388714.953953743
1979,388907.46057868004
1980,389105.55883717537
1981,389303.5885090828
1982,389516.70182180405
1983,389736.27990341187
1984,389950.2319893837
1985,390159.6798660755
1986,390365.5879125595
1987,390567.5334124565
1988,390771.7741458416
1989,390972.88060832024
1990,391171.94503855705
1991,391369.08154034615
1992,391563.6478152275
1993,391760.0212504864
1994,391955.4359126091
1995,392142.85801005363
1996,392343.21859407425
1997,392540.96845793724
1998,392775.02296185493
1999,392977.51108670235
2000,393188.51875686646
2001,393411.7882680893
2002,393629.1577732563
2003,393836.9652059078
2004,394041.7470500469
2005,394248.14736771584
2006,394453.88571691513
2007,394658.25435090065
2008,394857.74441742897
2009,395059.63038659096
2010,395267.76406884193
2011,395471.0405392647
2012,395671.0094592571
2013,395868.11004662514
2014,396058.8654932976
2015,396251.4351398945
2016,396438.72151231766
2017,396624.1698563099
2018,396812.58437108994
2019,397005.98051548004
2020,397193.4820702076
2021,397387.8060295582
2022,397583.3956723213
2023,397779.25515913963
2024,397980.399207592
2025,398178.85604572296
2026,398379.7388494015
2027,398582.85497021675
2028,398780.5113360882
2029,398979.976954937
2030,399185.9855270386
2031,399384.6293647289
2032,399577.6163778305
2033,399769.84232735634
2034,399964.31591010094
2035,400161.5095500946
2036,400364.10824131966
2037,400555.2819170952
2038,400752.6607885361
2039,400947.0656785965
2040,401142.67361974716
2041,401336.46931505203
2042,401536.88824772835
2043,401722.52031731606
2044,401910.3594985008
2045,402097.287548542
2046,402287.19753575325
2047,402475.3721523285
2048,402658.40520095825
2049,402844.45818662643
2050,403031.7930803299
2051,403220.2255542278
2052,403411.6157090664
2053,403604.6128807068
2054,403816.01190686226
2055,404017.2242832184
2056,404229.77320432663
2057,404436.3698577881
2058,404654.4820277691
2059,404859.29793787
2060,405072.60625076294
2061,405271.4697470665
2062,405474.2476067543
2063,405679.50727057457
2064,405888.6645166874
2065,406090.0987970829
2066,406291.5169136524
2067,406493.44134783745
2068,406697.97377705574
2069,406903.49813079834
2070,407110.7505698204
2071,407314.7882153988
2072,407525.83690238
2073,407737.5711708069
2074,407935.3942594528
2075,408131.3509402275
2076,408321.07665228844
2077,408515.10864186287
2078,408711.10309290886
2079,408912.16453909874
2080,409113.04099082947
2081,409316.6859457493
2082,409523.3767590523
2083,409728.59785723686
2084,409927.1427910328
2085,410133.1225450039
2086,410338.84250211716
2087,410548.794175148
2088,410746.75844430923
2089,410940.9732103348
2090,411138.88210082054
2091,411331.61421990395
2092,411525.2500913143
2093,411716.0897614956
2094,411908.2221400738
2095,412099.61857032776
2096,412288.40494036674
2097,412480.1755180359
2098,412669.6811199188
2099,412858.7079734802
2100,413053.49420022964
2101,413243.6190829277
2102,413431.6889576912
2103,413619.13808727264
2104,413809.6984193325
2105,413999.5473294258
2106,414194.34143304825
2107,414385.0860671997
2108,414574.50515437126
2109,414759.6307628155
2110,414949.12288331985
2111,415142.93238282204
2112,415337.33907818794
2113,415533.4875469208
2114,415730.3986167908
2115,415932.7687423229
2116,416135.2253410816
2117,416343.19420194626
2118,416539.0087041855
2119,416744.98563814163
2120,416951.9189925194
2121,417154.0638561249
2122,417366.28275346756
2123,417569.88651371
2124,417769.3722059727
2125,417970.8365371227
2126,418171.87702202797
2127,418358.86520409584
2128,418574.3626792431
2129,418762.5055589676
2130,418957.26744031906
2131,419146.37707304955
2132,419335.55921411514
2133,419527.3844540119
2134,419727.8361413479
2135,419921.8753244877
2136,420113.48506855965
2137,420308.73618769646
2138,420509.50623345375
2139,420715.59824442863
2140,420928.10778331757
2141,421139.1792137623
2142,421351.5615577698
2143,421558.7411265373
2144,421768.7666697502
2145,421974.2611608505
2146,422178.0968339443
2147,422387.6880645752
2148,422597.53427028656
2149,422797.05833768845
2150,422993.9319975376
2151,423195.54461717606
2152,423396.8660252094
2153,423595.7242870331
2154,423796.32525873184
2155,423996.75589871407
2156,424194.1221423149
2157,424383.4478378296
2158,424571.4212334156
2159,424760.69412350655
2160,424949.0005636215
2161,425132.8362131119
2162,425321.0833992958
2163,425508.1402642727
2164,425698.95635962486
2165,425887.18997502327
2166,426073.1470992565
2167,426266.7545156479
2168,426454.5693016052
2169,426645.0299050808
2170,426833.68208551407
2171,427030.55680441856
2172,427227.93857717514
2173,427427.7918083668
2174,427636.68645858765
2175,427841.1938378811
2176,428042.4631383419
2177,428241.9911403656
2178,428449.5814912319
2179,428660.87830734253
2180,428869.3487238884
2181,429080.5910856724
2182,429294.10125136375
2183,429510.0524837971
2184,429740.2930150032
2185,429957.12066173553
2186,430169.85764217377
2187,430370.0657565594
2188,430569.2914187908
2189,430768.39926695824
2190,430963.2370584011
2191,431164.50032520294
2192,431361.00233101845
2193,431561.73592090607
2194,431759.5122182369
2195,431954.6483864784
2196,432151.39382982254
2197,432347.62652134895
2198,432541.984395504
2199,432733.3686506748
2200,432921.4019417763
2201,433116.6691029072
2202,433308.9912686348
2203,433499.71247792244
2204,433688.58982634544
2205,433875.97589945793
2206,434057.89000344276
2207,434242.82050967216
2208,434430.9459865093
2209,434620.80153369904
2210,434813.4572734833
2211,435012.77905488014
2212,435220.1744236946
2213,435421.84711813927
2214,435639.642421484
2215,435852.30583691597
2216,436062.9438595772
2217,436265.48921847343
2218,436473.9893052578
2219,436673.5273153782
2220,436881.44737410545
2221,437081.2626514435
2222,437286.5760309696
2223,437474.23384165764
2224,437670.85027074814
2225,437864.52291226387
2226,438058.1811347008
2227,438247.0549981594
2228,438434.4070036411
2229,438624.5595321655
2230,438815.9426944256
2231,439008.84836649895
2232,439202.48708581924
2233,439397.7496211529
2234,439590.79905843735
2235,439791.93264198303
2236,439992.7822189331
2237,440190.1829035282
2238,440395.5635893345
2239,440606.98006916046
2240,440812.61968159676
2241,441022.6298816204
2242,441234.9622249603
2243,441455.28998589516
2244,441678.92133283615
2245,441880.14504289627
2246,442081.08304834366
2247,442284.0206878185
2248,442486.6114883423
2249,442681.4371843338
2250,442881.3554055691
2251,443078.0479402542
2252,443273.0048029423
2253,443469.6076543331
2254,443669.5806899071
2255,443860.21191239357
2256,444050.6057024002
2257,444243.93263077736
2258,444461.2168996334
2259,444657.38296842575
2260,444854.7513566017
2261,445066.05282115936
2262,445259.9738152027
2263,445444.62714743614
2264,445630.9381546974
2265,445815.4855401516
2266,446003.0508913994
2267,446191.1238923073
2268,446378.0648238659
2269,446562.50882029533
2270,446748.7871184349
2271,446932.10700035095
2272,447122.27774095535
2273,447312.2392413616
2274,447510.20424056053
2275,447702.3185136318
2276,447894.92700242996
2277,448089.3076145649
2278,448284.54839372635
2279,448479.7491621971
2280,448678.0253517628
2281,448876.91289305687
2282,449078.4640328884
2283,449277.11468696594
2284,449474.688167572
2285,449677.6080055237
2286,449884.92307949066
2287,450096.3393046856
2288,450302.05280661583
2289,450516.25374412537
2290,450727.3067395687
2291,450933.2117116451
2292,451143.98982286453
2293,451359.44609832764
2294,451569.01390075684
2295,451788.10546875
2296,452004.95051932335
2297,452203.81578826904
2298,452405.21141052246
2299,452601.38404393196
2300,452797.42577028275
2301,452994.5775346756
2302,453188.95716261864
2303,453383.2568683624
2304,453570.69095015526
2305,453760.1860296726
2306,453947.75529813766
2307,454145.5376429558
2308,454342.58999466896
2309,454533.631149292
2310,454730.36406874657
2311,454921.6969034672
2312,455120.5694460869
2313,455310.53122091293
2314,455501.81731677055
2315,455705.51633906364
2316,455924.4125237465
2317,456108.69409918785
2318,456302.63932800293
2319,456489.01507782936
2320,456668.7668848038
2321,456851.6438846588
2322,457036.7024075985
2323,457225.268106699
2324,457411.58658504486
2325,457599.76610946655
2326,457785.3072078228
2327,457972.53645324707
2328,458165.4200453758
2329,458359.3229212761
2330,458551.64073491096
2331,458746.9592010975
2332,458942.7197058201
2333,459144.1450200081
2334,459349.934702158
2335,459551.13451099396
2336,459748.2429959774
2337,459946.2421269417
2338,460149.3316266537
2339,460347.31786322594
2340,460548.81970214844
2341,460745.37590146065
2342,460940.86434412
2343,461136.3013725281
2344,461334.72889876366
2345,461528.65691804886
2346,461726.6142745018
2347,461925.84410595894
2348,462120.8498477936
2349,462314.63932037354
2350,462509.965798378
2351,462697.50510048866
2352,462890.25603699684
2353,463080.23704218864
2354,463273.1584537029
2355,463463.954007864
2356,463654.84907484055
2357,463847.18045949936
2358,464031.35694885254
2359,464216.3477551937
2360,464401.81889152527
2361,464592.2793097496
2362,464780.23746585846
2363,464974.7082426548
2364,465169.4087481499
2365,465365.6947944164
2366,465563.6845664978
2367,465759.234695673
2368,465951.0060956478
2369,466150.76497483253
2370,466345.758302927
2371,466541.77864432335
2372,466738.8276398182
2373,466941.7399895191
2374,467152.4958894253
2375,467355.36233329773
2376,467562.8224618435
2377,467757.02300047874
2378,467957.39281487465
2379,468150.3207755089
2380,468349.1967406273
2381,468547.50623750687
2382,468748.6092710495
2383,468948.06947660446
2384,469151.61072444916
2385,469348.10345363617
2386,469543.9609591961
2387,469735.8556878567
2388,469949.2811419964
2389,470133.45569968224
2390,470326.0994999409
2391,470515.2538230419
2392,470703.16740846634
2393,470890.5906021595
2394,471076.7643971443
2395,471269.55720996857
2396,471458.36276721954
2397,471653.13234329224
2398,471844.7698290348
2399,472037.3252105713
2400,472233.9696955681
2401,472424.30074477196
2402,472616.18524312973
2403,472802.89404439926
2404,473009.58228969574
2405,473215.507584095
2406,473416.90393066406
2407,473607.0968987942
2408,473792.76242494583
2409,473978.9159402847
2410,474158.0688495636
2411,474345.69459438324
2412,474529.50416731834
2413,474719.4603149891
2414,474907.3463566303
2415,475096.4112699032
2416,475289.5005941391
2417,475490.12762475014
2418,475687.98413968086
2419,475888.6686758995
2420,476088.44062399864
2421,476287.3445253372
2422,476482.23320651054
2423,476678.1421370506
2424,476873.9548370838
2425,477068.1661093235
2426,477259.8698961735
2427,477453.71961927414
2428,477647.0412466526
2429,477836.0956919193
2430,478023.5932199955
2431,478212.87594151497
2432,478402.90950632095
2433,478595.2632882595
2434,478792.1374595165
2435,478988.10794878006
2436,479187.4524490833
2437,479383.22371172905
2438,479581.5842950344
2439,479783.3471367359
2440,479981.61210918427
2441,480180.0937476158
2442,480377.3692085743
2443,480582.4902164936
2444,480783.0667386055
2445,480978.0111312866
2446,481170.2374584675
2447,481361.21595573425
2448,481552.8580839634
2449,481758.2706050873
2450,481969.60611867905
2451,482165.9947476387
2452,482380.4772825241
2453,482579.2756283283
2454,482780.4445693493
2455,482972.8611755371
2456,483168.7728641033
2457,483364.3966181278
2458,483556.692373991
2459,483744.1792874336
2460,483934.8777964115
2461,484123.5186753273
2462,484311.59435129166
2463,484498.5409591198
2464,484685.9538137913
2465,484878.8650934696
2466,485068.2219517231
2467,485256.7486438751
2468,485447.40292429924
2469,485640.4291009903
2470,485832.16307902336
2471,486023.2392630577
2472,486213.86909747124
2473,486405.23201203346
2474,486594.40631866455
2475,486783.3818130493
2476,486971.16008353233
2477,487164.23756599426
2478,487354.0362999439
2479,487545.3856227398
2480,487739.24495887756
2481,487931.957911253
2482,488125.0422358513
2483,488316.12814068794
2484,488509.86860752106
2485,488709.1578865051
2486,488909.7329785824
2487,489118.60697460175
2488,489329.997307539
2489,489534.27335453033
2490,489736.3930976391
2491,489933.29436278343
2492,490139.9663448334
2493,490335.84885430336
2494,490537.4196896553
2495,490733.17521190643
2496,490936.7474079132
2497,491136.1127464771
2498,491339.4381828308
2499,491537.9785296917
2500,491742.7321445942
2501,491939.93668556213
2502,492136.8388681412
2503,492345.4532613754
2504,492545.40087246895
2505,492745.777166605
2506,492942.51691508293
2507,493141.21136403084
2508,493344.665109396
2509,493542.6627755165
2510,493740.32232904434
2511,493932.44894599915
2512,494120.6331458092
2513,494308.0272016525
2514,494497.9350321293
2515,494684.8575475216
2516,494869.17029452324
2517,495073.3631942272
2518,495286.0828382969
2519,495489.54368424416
2520,495692.2461268902
2521,495899.3619995117
2522,496107.9360382557
2523,496315.6584010124
2524,496517.118622303
2525,496716.68003988266
2526,496918.5159564018
2527,497119.56455492973
2528,497323.56850242615
2529,497525.8054637909
2530,497726.1642332077
2531,497928.8771853447
2532,498131.96726226807
2533,498336.892087698
2534,498539.06236314774
2535,498738.80940294266
2536,498936.16147208214
2537,499128.7279012203
2538,499324.8144593239
2539,499519.5122368336
2540,499713.66646552086
2541,499904.1159954071
2542,500100.49809241295
2543,500286.39702630043
2544,500475.3082983494
2545,500664.33892321587
2546,500853.89129948616
2547,501046.0397377014
2548,501246.22957372665
2549,501439.7743718624
2550,501630.5758972168
2551,501819.66931319237
2552,502015.3519923687
2553,502220.0908315182
2554,502421.86958384514
2555,502620.7556731701
2556,502816.3401145935
2557,503028.5873975754
2558,503233.8488140106
2559,503435.31788802147
2560,503641.41840171814
2561,503850.6651146412
2562,504065.0656180382
2563,504262.8601965904
2564,504463.174043417
2565,504660.0399131775
2566,504855.31988191605
2567,505058.82469010353
2568,505255.84871172905
2569,505448.4155611992
2570,505644.5168058872
2571,505840.17286634445
2572,506036.8527185917
2573,506233.81640291214
2574,506427.4487643242
2575,506623.9569616318
2576,506823.9493792057
2577,507020.889578104
2578,507216.56889891624
2579,507414.59577679634
2580,507601.80120134354
2581,507793.0074467659
2582,507990.1611316204
2583,508182.9358971119
2584,508364.30648493767
2585,508544.46211743355
2586,508724.32486462593
2587,508902.93210315704
2588,509080.71087765694
2589,509267.6927344799
2590,509454.6050994396
2591,509647.9224579334
2592,509842.7103767395
2593,510038.0547130108
2594,510238.2345330715
2595,510433.8729465008
2596,510635.08566999435
2597,510838.1031534672
2598,511048.3344886303
2599,511246.44792866707
2600,511457.4481995106
2601,511663.45543527603
2602,511867.97546219826
2603,512068.4801814556
2604,512273.0691678524
2605,512471.1679582596
2606,512666.2769174576
2607,512860.4284365177
2608,513055.4905502796
2609,513247.02727913857
2610,513440.93835902214
2611,513629.2458295822
2612,513817.5695326328
2613,514009.90460824966
2614,514201.6491384506
2615,514395.49428009987
2616,514589.8369498253
2617,514779.05311107635
2618,514977.4552080631
2619,515178.68911623955
2620,515383.97195601463
2621,515587.3697953224
2622,515784.06331419945
2623,515982.3810708523
2624,516199.121696949
2625,516410.29278206825
2626,516615.0051059723
2627,516818.4484298229
2628,517021.37285780907
2629,517218.9470090866
2630,517414.36673021317
2631,517605.93766117096
2632,517798.27831459045
2633,517990.7214245796
2634,518182.07637143135
2635,518373.4792537689
2636,518563.78268671036
2637,518753.5832183361
2638,518945.2448451519
2639,519134.88519883156
2640,519328.0252623558
2641,519527.8895537853
2642,519722.69699048996
2643,519918.37938165665
2644,520116.39491033554
2645,520318.8594174385
2646,520522.935911417
2647,520740.5188577175
2648,520937.59874868393
2649,521133.8645350933
2650,521327.4003417492
2651,521540.4497396946
2652,521744.1664466858
2653,521945.98320269585
2654,522142.16855216026
2655,522342.8277761936
2656,522538.8319532871
2657,522730.2246272564
2658,522921.11276745796
2659,523108.4430191517
2660,523292.6353416443
2661,523473.9449927807
2662,523655.1072189808
2663,523834.09799313545
2664,524009.9892716408
2665,524185.24142074585
2666,524365.6984796524
2667,524540.7170336246
2668,524717.8647844791
2669,524895.8495254517
2670,525073.2208857536
2671,525260.2675321102
2672,525447.324650526
2673,525637.9329895973
2674,525826.8401532173
2675,526029.287853241
2676,526220.7294654846
2677,526410.9550328255
2678,526597.01933074
2679,526791.8935756683
2680,526983.0227789879
2681,527177.0582389832
2682,527374.5348417759
2683,527571.4383461475
2684,527770.427134037
2685,527965.5515625477
2686,528159.651920557
2687,528350.7682771683
2688,528548.6715934277
2689,528753.1903576851
2690,528950.1222786903
2691,529165.5965428352
2692,529368.8056089878
2693,529578.1841371059
2694,529795.1622757912
2695,530006.8658299446
2696,530202.4583303928
2697,530408.0086789131
2698,530611.2016153336
2699,530806.4088346958
2700,531004.5558440685
2701,531204.4574072361
2702,531398.1422827244
2703,531596.7451035976
2704,531793.1366546154
2705,531994.7995355129
2706,532200.302560091
2707,532407.6938312054
2708,532608.6512067318
2709,532810.3317694664
2710,533012.7335972786
2711,533212.6423134804
2712,533417.2807636261
2713,533619.9883203506
2714,533818.5156538486
2715,534020.3281977177
2716,534219.3286652565
2717,534418.0765576363
2718,534615.0188529491
2719,534812.1139931679
2720,535008.1472971439
2721,535206.6442911625
2722,535404.8943464756
2723,535601.3944840431
2724,535792.339512825
2725,535982.5922782421
2726,536165.849054575
2727,536352.6652476788
2728,536538.5939114094
2729,536728.532576561
2730,536916.0477237701
2731,537107.7670478821
2732,537302.2895114422
2733,537500.248352766
2734,537695.289741993
2735,537895.9583802223
2736,538092.3570201397
2737,538294.8103394508
2738,538500.5860688686
2739,538703.2331998348
2740,538914.284744978
2741,539121.7756636143
2742,539354.240998745
2743,539552.2280781269
2744,539757.7109527588
2745,539959.0831086636
2746,540159.2625956535
2747,540359.8016784191
2748,540567.6008496284
2749,540768.6528439522
2750,540974.8989217281
2751,541179.1996917725
2752,541378.6035518646
2753,541575.3416085243
2754,541777.911596775
2755,541972.4644088745
2756,542166.5172765255
2757,542354.6000313759
2758,542545.7984919548
2759,542734.9537477493
2760,542921.0119335651
2761,543110.2303061485
2762,543297.9266848564
2763,543493.8073205948
2764,543685.4708044529
2765,543877.2590079308
2766,544071.3745002747
2767,544266.2981872559
2768,544463.675466299
2769,544665.7511827946
2770,544870.0278530121
2771,545079.9987709522
2772,545287.2841668129
2773,545490.0877201557
2774,545683.1738700867
2775,545879.0984869003
2776,546071.1402890682
2777,546288.3691973686
2778,546481.3256840706
2779,546673.1251957417
2780,546864.9078724384
2781,547061.0638067722
2782,547249.4556810856
2783,547447.9071171284
2784,547634.9824974537
2785,547818.9094312191
2786,548002.0699334145
2787,548184.3098638058
2788,548371.7069673538
2789,548563.0534517765
2790,548752.2373933792
2791,548937.441527605
2792,549132.1169860363
2793,549328.3535535336
2794,549530.8104979992
2795,549726.5385894775
2796,549919.7279791832
2797,550111.553940773
2798,550302.4829216003
2799,550492.5382983685
2800,550683.927973032
2801,550874.3380544186
2802,551064.095518589
2803,551249.0048072338
2804,551432.2101678848
2805,551616.1384613514
2806,551799.8327698708
2807,551984.3820033073
2808,552169.1244471073
2809,552350.2460021973
2810,552533.8278558254
2811,552717.0097546577
2812,552902.9294266701
2813,553088.5385813713
2814,553279.7730722427
2815,553472.9192564487
2816,553666.3108298779
2817,553860.6707415581
2818,554056.0488202572
2819,554250.3955748081
2820,554445.6832489967
2821,554638.6069672108
2822,554833.1968991756
2823,555028.5921361446
2824,555218.3425545692
2825,555401.405670166
2826,555586.3473646641
2827,555773.0032792091
2828,555958.9843375683
2829,556141.262868166
2830,556333.1877074242
2831,556523.1350409985
2832,556706.9086489677
2833,556894.8286368847
2834,557081.6851069927
2835,557263.0709695816
2836,557441.5878388882
2837,557622.4485743046
2838,557804.7739508152
2839,557979.5384316444
2840,558158.8040757179
2841,558337.8449957371
2842,558514.5118358135
2843,558688.1560587883
2844,558867.1254339218
2845,559052.842515707
2846,559244.578439951
2847,559430.2493522167
2848,559628.8988683224
2849,559829.5993683338
2850,560026.8249447346
2851,560222.3695976734
2852,560419.1742956638
2853,560618.979206562
2854,560810.9299526215
2855,560999.7669398785
2856,561194.4439451694
2857,561383.9589188099
2858,561571.0396068096
2859,561765.4499473572
2860,561959.4591784477
2861,562152.0656366348
2862,562351.6653981209
2863,562553.1730892658
2864,562751.3267028332
2865,562951.4287209511
2866,563154.8540971279
2867,563353.0348565578
2868,563554.3837108612
2869,563754.8365111351
2870,563961.1701357365
2871,564159.3290281296
2872,564359.3816332817
2873,564562.2888290882
2874,564754.7812764645
2875,564951.1771583557
2876,565153.3096985817
2877,565362.7040891647
2878,565569.2377240658
2879,565774.5680978298
2880,565990.1448583603
2881,566194.0535042286
2882,566392.6386003494
2883,566591.2669579983
2884,566789.963561058
2885,566983.9712464809
2886,567177.1909723282
2887,567372.2675974369
2888,567562.267468214
2889,567750.9252507687
2890,567944.7476408482
2891,568135.6890814304
2892,568322.6280698776
2893,568518.638333559
2894,568709.1113965511
2895,568901.446914196
2896,569094.9635128975
2897,569290.6869328022
2898,569486.07168293
2899,569677.0851562023
2900,569868.2719833851
2901,570068.3512685299
2902,570270.3349487782
2903,570478.2763781548
2904,570686.9623191357
2905,570905.5359659195
2906,571117.2646737099
2907,571346.789180994
2908,571537.1133577824
2909,571728.6902301311
2910,571925.6602311134
2911,572121.6237282753
2912,572321.8576340675
2913,572521.1632268429
2914,572710.8892557621
2915,572904.7833957672
2916,573091.7634909153
2917,573277.8452112675
2918,573465.4318368435
2919,573649.3361639977
2920,573835.5794219971
2921,574026.7792925835
2922,574215.5880699158
2923,574406.2659029961
2924,574594.5611205101
2925,574780.227301836
2926,574971.1327495575
2927,575156.7716696262
2928,575347.7723522186
2929,575526.7985625267
2930,575704.842290163
2931,575881.2715501785
2932,576061.9864311218
2933,576249.5594661236
2934,576439.0386316776
2935,576632.1476881504
2936,576824.0420212746
2937,577017.657984972
2938,577212.0502593517
2939,577404.8934397697
2940,577589.793380022
2941,577780.198802948
2942,577969.1882612705
2943,578162.7000899315
2944,578355.7790896893
2945,578543.0982468128
2946,578728.3429541588
2947,578914.8074381351
2948,579099.8792259693
2949,579288.4941704273
2950,579478.0047767162
2951,579664.3741819859
2952,579850.0234570503
2953,580031.7533078194
2954,580214.3356976509
2955,580395.4168190956
2956,580577.1132044792
2957,580760.9803340435
2958,580948.6979300976
2959,581136.1668879986
2960,581327.2620542049
2961,581525.4866478443
2962,581716.4326655865
2963,581907.3547418118
2964,582105.1905140877
2965,582304.0483500957
2966,582494.4701085091
2967,582688.9202723503
2968,582876.4438591003
2969,583066.5823905468
2970,583256.6735904217
2971,583448.8068335056
2972,583642.0032603741
2973,583831.5269243717
2974,584021.1178998947
2975,584208.7370922565
2976,584396.1960678101
2977,584591.3941447735
2978,584777.1293187141
2979,584966.046339035
2980,585155.4856917858
2981,585340.0528619289
2982,585532.0806355476
2983,585724.4620285034
2984,585917.5739245415
2985,586114.0357732773
2986,586309.1561219692
2987,586498.4890160561
2988,586691.5421612263
2989,586886.018695116
2990,587080.6487596035
2991,587279.1961274147
2992,587474.6990017891
2993,587663.3590989113
2994,587852.0929317474
2995,588043.3697156906
2996,588229.8554472923
2997,588421.8804335594
2998,588605.734828949
2999,588793.2792730331
3000,588981.3037335873
3001,589166.8139038086
3002,589352.8183951378
3003,589541.3099141121
3004,589729.6244106293
3005,589919.9346437454
3006,590110.006726265
3007,590299.7611982822
3008,590469.3760230541
3009,590639.6582322121
3010,590842.4549767971
3011,591049.2441806793
3012,591259.4623038769
3013,591472.1380875111
3014,591683.5920882225
3015,591888.5042104721
3016,592095.6883592606
3017,592305.3483259678
3018,592502.0022368431
3019,592703.8388514519
3020,592894.7120540142
3021,593087.5349144936
3022,593278.5541715622
3023,593463.7486495972
3024,593655.1216540337
3025,593845.0810291767
3026,594042.2168638706
3027,594235.3588938713
3028,594425.7147445679
3029,594619.6111342907
3030,594819.3495292664
3031,595009.74411273
3032,595206.4455797672
3033,595406.392154932
3034,595606.638420105
3035,595799.8138861656
3036,596004.6018514633
3037,596229.9618299007
3038,596427.9573631287
3039,596625.145929575
3040,596813.794131279
3041,597006.5392503738
3042,597195.4002110958
3043,597384.4408705235
3044,597569.7010612488
3045,597760.4886052608
3046,597948.9298062325
3047,598136.9878060818
3048,598327.0317800045
3049,598525.2624921799
3050,598724.0570220947
3051,598927.8360483646
3052,599125.0458817482
3053,599328.5772218704
3054,599532.7328763008
3055,599738.3945198059
3056,599941.8853058815
3057,600153.949682951
3058,600362.2622387409
3059,600567.4732971191
3060,600779.5101735592
3061,600991.757483244
3062,601190.1245052814
3063,601385.0025002956
3064,601580.7909944057
3065,601773.1628928185
3066,601962.5264177322
3067,602154.5003638268
3068,602343.1107354164
3069,602533.4764137268
3070,602721.8847355843
3071,602913.0315387249
3072,603106.0466053486
3073,603299.6155822277
3074,603495.4555618763
3075,603694.5044856071
3076,603894.8112678528
3077,604094.3750207424
3078,604286.9193198681
3079,604481.6007974148
3080,604681.8070213795
3081,604882.7310481071
3082,605075.663495779
3083,605277.8530919552
3084,605473.675093174
3085,605669.2568361759
3086,605860.9362370968
3087,606058.4739201069
3088,606253.0542452335
3089,606456.8761606216
3090,606653.1704468727
3091,606853.0780498981
3092,607048.5169475079
3093,607242.4572992325
3094,607439.8213386536
3095,607634.9679450989
3096,607829.1418304443
3097,608020.9835784435
3098,608209.0079495907
3099,608393.315340519
3100,608575.5607700348
3101,608758.4335553646
3102,608939.9089429379
3103,609118.521116972
3104,609293.1510813236
3105,609475.4950466156
3106,609659.3465878963
3107,609849.0480902195
3108,610035.5106673241
3109,610224.9537773132
3110,610419.7986838818
3111,610609.0157814026
3112,610799.2314431667
3113,610991.7593836784
3114,611189.9839801788
3115,611383.6338536739
3116,611577.0195634365
3117,611766.4118609428
3118,611954.0151968002
3119,612140.3968675137
3120,612323.9486150742
3121,612511.6183595657
3122,612706.3673336506
3123,612899.7490119934
3124,613093.681740284
3125,613286.3515040874
3126,613492.327703476
3127,613686.2302248478
3128,613885.3615362644
3129,614079.7579917908
3130,614277.0622200966
3131,614478.0029952526
3132,614677.9550304413
3133,614877.2954926491
3134,615075.5233373642
3135,615278.4507937431
3136,615487.172755003
3137,615703.630052805
3138,615902.3752608299
3139,616107.8756663799
3140,616308.986533165
3141,616501.3789479733
3142,616698.3589913845
3143,616894.0525972843
3144,617090.1051235199
3145,617283.6767530441
3146,617473.3864183426
3147,617668.3181493282
3148,617856.8235280514
3149,618045.3739151955
3150,618236.0626783371
3151,618427.9004533291
3152,618626.6572215557
3153,618819.0531616211
3154,619011.2919485569
3155,619208.3025658131
3156,619414.3894541264
3157,619613.8508758545
3158,619812.4969620705
3159,620013.4468786716
3160,620211.077133894
3161,620409.326294899
3162,620602.5401246548
3163,620790.941619873
3164,620980.3051772118
3165,621171.1767375469
3166,621368.7297420502
3167,621593.1226277351
3168,621790.0450201035
3169,621983.6813361645
3170,622194.7571094036
3171,622403.5183386803
3172,622604.6212892532
3173,622790.085845232
3174,622979.8099284172
3175,623165.6789596081
3176,623349.493881464
3177,623527.1560819149
3178,623712.7763693333
3179,623905.0494630337
3180,624092.6633043289
3181,624283.8190717697
3182,624471.9390337467
3183,624663.7628707886
3184,624855.218118906
3185,625043.7461576462
3186,625234.1831264496
3187,625425.4184513092
3188,625622.6358604431
3189,625822.3962264061
3190,626027.0350449085
3191,626226.7070622444
3192,626426.4794633389
3193,626632.495554924
3194,626836.0046138763
3195,627032.9692578316
3196,627229.259193182
3197,627425.8602604866
3198,627624.261554718
3199,627830.6284911633
3200,628051.7918407917
3201,628258.2832307816
3202,628463.4559147358
3203,628665.2031259537
3204,628876.0640304089
3205,629075.754758358
3206,629273.1901216507
3207,629469.9196960926
3208,629662.7636740208
3209,629855.8345179558
3210,630049.5782010555
3211,630232.3117995262
3212,630417.0716457367
3213,630602.6729426384
3214,630786.043848753
3215,630965.867875576
3216,631145.5914862156
3217,631321.8756392002
3218,631498.3640656471
3219,631674.5121097565
3220,631856.9053788185
3221,632042.9055070877
3222,632227.8958027363
3223,632414.2460207939
3224,632604.8041768074
3225,632795.3463139534
3226,632984.0808968544
3227,633173.127673626
3228,633365.0445628166
3229,633567.6579239368
3230,633744.6407983303
3231,633931.2668976784
3232,634109.7923204899
3233,634288.0451569557
3234,634467.6019024849
3235,634647.5443797112
3236,634827.8879888058
3237,635007.386077404
3238,635185.5733137131
3239,635364.8232066631
3240,635541.5964169502
3241,635718.7656683922
3242,635901.8827192783
3243,636090.5495305061
3244,636276.368373394
3245,636470.4841029644
3246,636669.3529479504
3247,636876.6468141079
3248,637085.3509354591
3249,637295.417526722
3250,637504.3149342537
3251,637708.3459279537
3252,637910.4028918743
3253,638108.114480257
3254,638304.9578821659
3255,638497.3233773708
3256,638696.6783230305
3257,638892.8166131973
3258,639085.0561521053
3259,639276.5012068748
3260,639466.7349569798
3261,639658.4290790558
3262,639851.1343305111
3263,640049.2522144318
3264,640247.6722717285
3265,640439.7972288132
3266,640642.5861651897
3267,640840.3790032864
3268,641043.8677272797
3269,641241.0633506775
3270,641443.8329029083
3271,641640.6495640278
3272,641846.759308815
3273,642046.1653833389
3274,642243.997081995
3275,642441.6333942413
3276,642639.1839439869
3277,642851.4264132977
3278,643048.3769469261
3279,643261.9751505852
3280,643459.749670744
3281,643650.2313854694
3282,643843.5207643509
3283,644036.0422182083
3284,644228.4188947678
3285,644423.1709015369
3286,644611.8120241165
3287,644803.1224899292
3288,644993.465241909
3289,645185.3462040424
3290,645375.9591748714
3291,645565.9236705303
3292,645753.2557070255
3293,645942.8434736729
3294,646134.7604055405
3295,646331.9608836174
3296,646528.3817327023
3297,646755.7910375595
3298,646955.5388207436
3299,647158.6427819729
3300,647361.1454606056
3301,647560.9243643284
3302,647766.600591898
3303,647958.4945976734
3304,648151.7893128395
3305,648345.1924185753
3306,648538.7853701115
3307,648725.2354474068
3308,648915.7758135796
3309,649103.8739030361
3310,649291.6212005615
3311,649480.8929078579
3312,649667.1525957584
3313,649851.453712225
3314,650039.6208145618
3315,650231.130903244
3316,650417.6169705391
3317,650604.5833051205
3318,650791.4811184406
3319,650984.6623888016
3320,651183.2673318386
3321,651375.940183878
3322,651570.014977932
3323,651764.2912054062
3324,651966.5907137394
3325,652167.9054887295
3326,652364.1287043095
3327,652561.825915575
3328,652760.1543295383
3329,652955.6961972713
3330,653149.7499189377
3331,653342.9533474445
3332,653534.7423279285
3333,653727.3292953968
3334,653919.6221282482
3335,654110.3444960117
3336,654305.0706334114
3337,654500.3509242535
3338,654688.7245850563
3339,654874.6482009888
3340,655061.6687910557
3341,655245.2134921551
3342,655426.387822628
3343,655600.7961206436
3344,655777.6410229206
3345,655955.7123935223
3346,656130.8908803463
3347,656309.3945381641
3348,656491.1649706364
3349,656676.363735199
3350,656866.1846475601
3351,657053.2511732578
3352,657242.1999576092
3353,657430.0611240864
3354,657616.0530221462
3355,657803.8296883106
3356,657987.0995144844
3357,658170.4797489643
3358,658354.5847799778
3359,658537.1259329319
3360,658718.551060915
3361,658894.3175530434
3362,659076.4844150543
3363,659252.7306656837
3364,659426.2231063843
3365,659599.257645607
3366,659776.7783594131
3367,659965.1322045326
3368,660144.1705372334
3369,660328.415211916
3370,660512.3991103172
3371,660693.0440728664
3372,660880.0000095367
3373,661059.9537158012
3374,661242.0859634876
3375,661423.7262346745
3376,661601.7761342525
3377,661777.0073001385
3378,661952.3313398361
3379,662127.5774519444
3380,662303.9344620705
3381,662485.2524387836
3382,662667.8980989456
3383,662849.2590885162
3384,663032.8643643856
3385,663220.139875412
3386,663410.4174904823
3387,663595.5799674988
3388,663788.2096471786
3389,663974.0091605186
3390,664169.5154561996
3391,664364.9246537685
3392,664560.6687662601
3393,664756.0714683533
3394,664950.3190481663
3395,665147.9205842018
3396,665347.1066055298
3397,665552.5083239079
3398,665765.1185224056
3399,665975.3140947819
3400,666187.0844304562
3401,666394.3079504967
3402,666597.4664609432
3403,666800.1263272762
3404,667011.0779519081
3405,667209.0918200016
3406,667402.1430811882
3407,667601.0049369335
3408,667796.6083796024
3409,667994.3620865345
3410,668193.5344889164
3411,668392.1662864685
3412,668583.4194498062
3413,668776.5526871681
3414,668973.4401698112
3415,669171.8519053459
3416,669363.1226894855
3417,669548.9244647026
3418,669732.063751936
3419,669921.5508828163
3420,670108.8687505722
3421,670297.7200171947
3422,670494.5215816498
3423,670688.3361270428
3424,670893.920327425
3425,671095.3107309341
3426,671304.1825857162
3427,671534.2209737301
3428,671743.114566803
3429,671943.2415168285
3430,672149.2352890968
3431,672367.3135590553
3432,672576.04779315
3433,672784.8200387955
3434,672974.3974494934
3435,673166.2022955418
3436,673352.3854415417
3437,673534.1712138653
3438,673721.1232759953
3439,673910.6988983154
3440,674098.5328845978
3441,674289.8873441219
3442,674483.1906526089
3443,674672.3393700123
3444,674863.8487801552
3445,675052.7134850025
3446,675244.9240992069
3447,675434.2299251556
3448,675626.0201973915
3449,675817.322111845
3450,676002.5837597847
3451,676191.21453619
3452,676379.2416808605
3453,676584.1562345028
3454,676779.6327152252
3455,676968.8003358841
3456,677157.4981451035
3457,677353.8020427227
3458,677547.9024868011
3459,677742.7382428646
3460,677943.113534689
3461,678142.2563149929
3462,678335.0149264336
3463,678528.2549393177
3464,678723.168005228
3465,678914.0177381039
3466,679102.2515597343
3467,679290.7356436253
3468,679478.4466340542
3469,679675.7706127167
3470,679871.0577275753
3471,680059.0177633762
3472,680246.3369903564
3473,680433.0610494614
3474,680620.7715525627
3475,680816.1913092136
3476,681012.4927055836
3477,681204.2831301689
3478,681396.5319542885
3479,681585.8251280785
3480,681775.7679538727
3481,681971.2308094501
3482,682166.1891078949
3483,682355.6800487041
3484,682544.2820622921
3485,682734.8275427818
3486,682925.4928469658
3487,683117.848890543
3488,683304.6707184315
3489,683494.8579318523
3490,683688.998613596
3491,683879.9427587986
3492,684069.1816387177
3493,684255.2163109779
3494,684441.5387649536
3495,684621.5345489979
3496,684805.722701788
3497,684985.5764787197
3498,685169.3120818138
3499,685358.9171378613
3500,685545.605108738
3501,685734.9700584412
3502,685922.8022546768
3503,686115.4976522923
3504,686304.9493970871
3505,686491.9695646763
3506,686679.1329481602
3507,686868.4458851814
3508,687052.1994557381
3509,687235.9859924316
3510,687424.4595279694
3511,687619.3514976501
3512,687816.7404382229
3513,688012.4579970837
3514,688212.3007297516
3515,688406.937199831
3516,688603.6324133873
3517,688807.0548348427
3518,689004.9926879406
3519,689203.641793251
3520,689402.0041468143
3521,689598.9979076385
3522,689806.2215147018
3523,690004.5922179222
3524,690201.8128302097
3525,690397.0502898693
3526,690593.2635674477
3527,690787.9071335793
3528,690978.3617165089
3529,691173.4377365112
3530,691368.6320726871
3531,691561.3626468182
3532,691750.5457625389
3533,691940.0105617046
3534,692128.1909468174
3535,692312.5520627499
3536,692500.6680221558
3537,692689.5179646015
3538,692877.1805973053
3539,693063.939114809
3540,693246.7256035805
3541,693434.5829865932
3542,693627.6601102352
3543,693819.0187096596
3544,694012.1523842812
3545,694202.2225849628
3546,694390.917237997
3547,694579.7428722382
3548,694775.7902314663
3549,694971.1278727055
3550,695163.3541784286
3551,695352.6646795273
3552,695543.368432045
3553,695739.0656454563
3554,695936.9055933952
3555,696127.6034777164
3556,696317.1797263622
3557,696528.1455469131
3558,696706.426908493
3559,696889.3204202652
3560,697077.1937932968
3561,697264.3147103786
3562,697457.822770834
3563,697652.19546628
3564,697854.2545704842
3565,698050.6906123161
3566,698250.7337300777
3567,698447.923459053
3568,698636.2746171951
3569,698823.3772008419
3570,699018.1527912617
3571,699205.2360527515
3572,699392.0999081135
3573,699574.4628603458
3574,699752.695441246
3575,699924.2856860161
3576,700100.0482449532
3577,700283.5340030193
3578,700464.6055817604
3579,700645.7514982224
3580,700822.9099066257
3581,701000.4642846584
3582,701183.9181754589
3583,701368.4806671143
3584,701552.7519109249
3585,701738.9460754395
3586,701932.7123832703
3587,702122.7954881191
3588,702311.8967144489
3589,702500.9680716991
3590,702694.8194990158
3591,702884.2587945461
3592,703077.1130053997
3593,703266.4020497799
3594,703456.4210321903
3595,703645.4163980484
3596,703832.883563757
3597,704024.5342001915
3598,704211.3055720329
3599,704405.8980798721
3600,704600.4417386055
3601,704795.6039893627
3602,704992.2529661655
3603,705186.8094825745
3604,705386.369628191
3605,705585.138256073
3606,705780.278665781
3607,705977.4331450462
3608,706174.1637299061
3609,706368.8362052441
3610,706564.4215579033
3611,706756.0327544212
3612,706949.8835923672
3613,707142.9286789894
3614,707330.3928573132
3615,707519.4881196022
3616,707711.4600460529
3617,707899.4652540684
3618,708091.5568418503
3619,708282.3272838593
3620,708465.3378765583
3621,708654.1543455124
3622,708840.5013124943
3623,709026.1199650764
3624,709208.0029191971
3625,709393.4675536156
3626,709574.2621533871
3627,709759.7713730335
3628,709950.9973590374
3629,710145.9636478424
3630,710331.3948802948
3631,710520.1335268021
3632,710710.3246941566
3633,710904.5103447437
3634,711092.083357811
3635,711284.1903295517
3636,711471.0808265209
3637,711659.7911286354
3638,711848.3642630577
3639,712033.8444411755
3640,712221.2332832813
3641,712410.7505767345
3642,712597.9046244621
3643,712791.662501812
3644,712992.0747759342
3645,713191.6447300911
3646,713388.7455935478
3647,713580.5568134785
3648,713774.1825454235
3649,713970.5407922268
3650,714164.5967626572
3651,714361.8339219093
3652,714564.0584833622
3653,714764.2193055153
3654,714967.7048816681
3655,715167.9558475018
3656,715371.4596748352
3657,715581.9249074459
3658,715786.3531544209
3659,715981.846956253
3660,716179.2032802105
3661,716371.2491397858
3662,716568.2559525967
3663,716763.7823886871
3664,716960.8728370667
3665,717154.8954381943
3666,717351.4947283268
3667,717545.9140446186
3668,717736.613399744
3669,717928.5879366398
3670,718117.6778879166
3671,718311.4012851715
3672,718500.9499740601
3673,718691.2648637295
3674,718882.4503777027
3675,719075.0967202187
3676,719270.6460986137
3677,719462.0255582333
3678,719649.0070176125
3679,719835.5372354984
3680,720019.0887560844
3681,720214.0289876461
3682,720402.7112658024
3683,720589.7694766521
3684,720776.5859692097
3685,720969.6585366726
3686,721168.8516943455
3687,721383.1434576511
3688,721573.3083386421
3689,721767.4900317192
3690,721959.3672318459
3691,722152.355257988
3692,722347.3535983562
3693,722547.5948882103
3694,722750.2823674679
3695,722954.7502298355
3696,723157.3999767303
3697,723356.1191413403
3698,723558.4146039486
3699,723765.7377884388
3700,723959.309253931
3701,724145.5326473713
3702,724333.990994215
3703,724513.901558876
3704,724700.6992707253
3705,724885.185297966
3706,725067.2567605972
3707,725256.878660202
3708,725450.1723697186
3709,725642.5879907608
3710,725838.069896698
3711,726032.4264912605
3712,726226.1544942856
3713,726415.4598369598
3714,726607.6519155502
3715,726790.5034804344
3716,726978.6158468723
3717,727165.637116909
3718,727353.0958516598
3719,727546.2210452557
3720,727739.9655649662
3721,727934.8021814823
3722,728129.1993033886
3723,728331.1619665623
3724,728528.2593638897
3725,728724.2616379261
3726,728917.4487717152
3727,729107.1896631718
3728,729297.6276376247
3729,729486.1302101612
3730,729674.7821936607
3731,729853.8715846539
3732,730037.0435786247
3733,730216.235221386
3734,730397.7007553577
3735,730572.6336505413
3736,730749.3030998707
3737,730922.82999897
3738,731096.4910326004
3739,731281.295394659
3740,731459.0831770897
3741,731633.3222641945
3742,731815.3437159061
3743,732006.8177483082
3744,732195.6852595806
3745,732388.0120592117
3746,732581.8765692711
3747,732777.250710249
3748,732968.656388998
3749,733160.3790552616
3750,733344.4395611286
3751,733529.8183834553
3752,733705.2707054615
3753,733880.2600541115
3754,734057.918620348
3755,734232.8029046059
3756,734405.126868248
3757,734574.4610984325
3758,734746.9868791103
3759,734925.7887337208
3760,735110.2513072491
3761,735298.343944788
3762,735484.6210253239
3763,735668.3738281727
3764,735856.1073606014
3765,736043.9501829147
3766,736233.1653563976
3767,736416.324710846
3768,736607.1259689331
3769,736796.3303642273
3770,736985.4388282299
3771,737174.2759115696
3772,737365.7138035297
3773,737553.8168165684
3774,737748.4860072136
3775,737935.6636173725
3776,738124.2510614395
3777,738310.4599149227
3778,738496.5782418251
3779,738679.5681531429
3780,738867.461231947
3781,739054.3684852123
3782,739239.6536598206
3783,739425.7811989784
3784,739613.3432922363
3785,739803.4877135754
3786,739992.8791453838
3787,740180.588919878
3788,740371.7502923012
3789,740557.6996619701
3790,740744.9955527782
3791,740934.6729345322
3792,741123.126696825
3793,741315.0808000565
3794,741512.5900988579
3795,741711.6576309204
3796,741917.9691193104
3797,742132.7993853092
3798,742353.6884868145
3799,742571.2838327885
3800,742774.2309932709
3801,742988.379427433
3802,743181.1113612652
3803,743371.4876971245
3804,743563.959038496
3805,743753.3623833656
3806,743945.4007973671
3807,744136.3558897972
3808,744325.8719828129
3809,744519.5117902756
3810,744710.7184302807
3811,744898.2836062908
3812,745091.3009386063
3813,745287.2413713932
3814,745482.811435461
3815,745694.996316433
3816,745920.182718277
3817,746114.4534065723
3818,746308.7609400749
3819,746508.2645680904
3820,746707.7149510384
3821,746909.6973822117
3822,747109.5168805122
3823,747303.3135569096
3824,747491.1392173767
3825,747678.8593354225
3826,747868.3114821911
3827,748050.945194006
3828,748233.5844159126
3829,748409.1039345264
3830,748585.003911972
3831,748761.4168121815
3832,748939.8083586693
3833,749116.7401988506
3834,749292.5632407665
3835,749470.6745336056
3836,749645.7087595463
3837,749820.557340622
3838,749992.5079951286
3839,750169.4141104221
3840,750350.818274498
3841,750536.6655769348
3842,750722.1379864216
3843,750907.1911709309
3844,751100.1662034988
3845,751287.2181098461
3846,751474.5249738693
3847,751659.6419532299
3848,751844.2139413357
3849,752032.6530611515
3850,752220.6084280014
3851,752412.9249062538
3852,752600.8589968681
3853,752795.223446846
3854,752989.6140780449
3855,753181.2839396
3856,753376.9458403587
3857,753571.6175811291
3858,753763.7896127701
3859,753954.0484073162
3860,754142.2488439083
3861,754334.7373173237
3862,754515.1442670822
3863,754700.7241876125
3864,754888.661399126
3865,755076.7281911373
3866,755268.5100457668
3867,755467.7761917114
3868,755671.7930109501
3869,755873.2002387047
3870,756084.2387197018
3871,756279.8560044765
3872,756472.4631898403
3873,756671.2680864334
3874,756862.8044011593
3875,757054.4391729832
3876,757245.7249283791
3877,757433.7316544056
3878,757619.1240625381
3879,757803.9965536594
3880,757994.2487814426
3881,758182.3473305702
3882,758369.0818359852
3883,758557.7213113308
3884,758747.2579557896
3885,758931.5867407322
3886,759120.028621912
3887,759312.1430065632
3888,759502.9471330643
3889,759689.5483524799
3890,759876.9482972622
3891,760062.9673755169
3892,760252.5389664173
3893,760441.0340776443
3894,760624.5807163715
3895,760813.0446374416
3896,761001.402857542
3897,761195.1903896332
3898,761388.9029755592
3899,761582.8086731434
3900,761778.2150158882
3901,761978.3387742043
3902,762177.0321321487
3903,762377.1029820442
3904,762584.6932077408
3905,762797.4719541073
3906,763008.3941230774
3907,763211.6389558315
3908,763415.2615435123
3909,763613.1767168045
3910,763803.6563618183
3911,763992.437892437
3912,764183.167527914
3913,764376.6064076424
3914,764563.2374992371
3915,764747.5853867531
3916,764938.8756892681
3917,765127.2965214252
3918,765316.5015330315
3919,765513.632625103
3920,765713.0199019909
3921,765903.404812336
3922,766101.4271943569
3923,766292.789921999
3924,766481.4102566242
3925,766671.208646059
3926,766858.8021745682
3927,767047.1995568275
3928,767232.6649246216
3929,767419.756103754
3930,767607.021198988
3931,767791.719449997
3932,767974.7025265694
3933,768159.2669944763
3934,768348.9696276188
3935,768541.5695397854
3936,768733.3359987736
3937,768921.0602722168
3938,769113.6137850285
3939,769302.4577233791
3940,769489.9295415878
3941,769677.8443508148
3942,769863.0364849567
3943,770050.7970328331
3944,770238.9308047295
3945,770429.678550005
3946,770637.4824717045
3947,770825.1701908112
3948,771013.6836988926
3949,771199.1051168442
3950,771384.2305221558
3951,771578.1230716705
3952,771770.2290768623
3953,771961.3688995838
3954,772150.0491700172
3955,772337.6829376221
3956,772523.6919021606
3957,772709.562764883
3958,772898.038421154
3959,773091.364164114
3960,773286.3047418594
3961,773482.3600585461
3962,773679.8631677628
3963,773878.074662447
3964,774074.5559904575
3965,774270.5396785736
3966,774460.1416213512
3967,774649.1757528782
3968,774844.2994823456
3969,775033.4013772011
3970,775223.4551682472
3971,775409.6983304024
3972,775590.1149721146
3973,775769.3260378838
3974,775944.5571753979
3975,776122.5054717064
3976,776299.7381839752
3977,776478.106140852
3978,776659.6502432823
3979,776835.4871516228
3980,777011.0998682976
3981,777189.5789911747
3982,777379.1130917072
3983,777571.6773865223
3984,777759.2351281643
3985,777952.0178568363
3986,778145.0430109501
3987,778335.6517627239
3988,778530.6499056816
3989,778725.8245267868
3990,778923.8521270752
3991,779118.586612463
3992,779319.8087821007
3993,779520.7730050087
3994,779722.7674763203
3995,779920.8647997379
3996,780114.6976938248
3997,780308.5484025478
3998,780500.6505868435
3999,780688.5865721703
4000,780875.9774255753
4001,781064.0973837376
4002,781251.7091748714
4003,781432.3055188656
4004,781617.4582457542
4005,781803.2008345127
4006,781991.1668283939
4007,782178.1679229736
4008,782365.7330758572
4009,782552.5279562473
4010,782746.9625048637
4011,782938.2199649811
4012,783126.9734389782
4013,783321.5987503529
4014,783514.865158081
4015,783706.9585871696
4016,783897.4110655785
4017,784091.896179676
4018,784286.1367657185
4019,784480.3565599918
4020,784674.0536725521
4021,784867.7861323357
4022,785054.5057220459
4023,785243.643419981
4024,785429.6489634514
4025,785617.0978944302
4026,785803.3331465721
4027,785990.6278133392
4028,786181.0340275764
4029,786372.7132339478
4030,786563.3521549702
4031,786753.2469809055
4032,786942.8828921318
4033,787131.0728740692
4034,787318.970990181
4035,787506.9728662968
4036,787695.6611461639
4037,787886.3943912983
4038,788078.3840258121
4039,788273.0666589737
4040,788467.5401537418
4041,788680.2369670868
4042,788895.6687402725
4043,789087.5556151867
4044,789283.9855294228
4045,789476.3750765324
4046,789668.6678640842
4047,789854.4458799362
4048,790040.0760133266
4049,790230.3446583748
4050,790417.592420578
4051,790609.1272900105
4052,790800.7931978703
4053,790991.6519312859
4054,791185.267578125
4055,791378.5560286045
4056,791568.6876280308
4057,791760.2402873039
4058,791953.387638092
4059,792149.1115832329
4060,792335.8341646194
4061,792524.1322889328
4062,792711.117125988
4063,792901.174680233
4064,793089.5082876682
4065,793276.8561472893
4066,793464.6375293732
4067,793651.8955938816
4068,793840.8223056793
4069,794022.1729903221
4070,794210.3615949154
4071,794395.034122467
4072,794585.5877892971
4073,794776.8667263985
4074,794971.90534091
4075,795162.9778439999
4076,795378.2267041206
4077,795574.9929087162
4078,795767.321999073
4079,795962.8085713387
4080,796158.0953600407
4081,796351.7330868244
4082,796547.4072043896
4083,796744.6941890717
4084,796939.9113550186
4085,797135.6044979095
4086,797326.1697854996
4087,797514.9081642628
4088,797702.9969816208
4089,797893.7331962585
4090,798083.4132325649
4091,798270.6892869473
4092,798463.528165102
4093,798660.085644722
4094,798851.5251135826
4095,799042.7090280056
4096,799240.6781206131
4097,799428.0888645649
4098,799621.4689257145
4099,799815.1372790337
4100,800006.5340836048
4101,800205.8072052002
4102,800396.8771400452
4103,800586.5584285259
4104,800779.7954173088
4105,800977.5729057789
4106,801166.3736824989
4107,801355.6256182194
4108,801539.2004888058
4109,801717.6870043278
4110,801893.9651956558
4111,802072.3896210194
4112,802256.8076581955
4113,802443.708589077
4114,802632.5883128643
4115,802822.8523368835
4116,803017.6666247845
4117,803213.819270134
4118,803411.1684396267
4119,803618.2043116093
4120,803828.7108020782
4121,804057.7573816776
4122,804269.7555885315
4123,804472.9525520802
4124,804668.0303490162
4125,804867.0382275581
4126,805068.6606662273
4127,805268.0935935974
4128,805470.396075964
4129,805668.6759576797
4130,805864.5672953129
4131,806056.578271389
4132,806248.1319708824
4133,806440.2707965374
4134,806631.7958893776
4135,806821.5454022884
4136,807010.3863425255
4137,807198.6677248478
4138,807385.7334992886
4139,807575.4304568768
4140,807763.5056040287
4141,807951.8418266773
4142,808138.1699621677
4143,808328.8108494282
4144,808518.6825635433
4145,808709.0690712929
4146,808894.860499382
4147,809087.0964004993
4148,809278.434005022
4149,809470.7622761726
4150,809662.7511110306
4151,809854.7045152187
4152,810048.4697220325
4153,810243.201767683
4154,810440.8449215889
4155,810631.6767885685
4156,810818.6471805573
4157,811005.1892437935
4158,811191.8314285278
4159,811378.5990376472
4160,811572.3911440372
4161,811758.3208150864
4162,811947.2229878902
4163,812141.7103850842
4164,812339.209236145
4165,812535.0376834869
4166,812732.0913128853
4167,812933.8173065186
4168,813132.8723535538
4169,813339.9474589825
4170,813546.6635370255
4171,813751.727719307
4172,813957.5354924202
4173,814159.1349885464
4174,814361.0257017612
4175,814558.2646656036
4176,814751.1899704933
4177,814944.127528429
4178,815136.3488838673
4179,815325.8622546196
4180,815514.8001973629
4181,815698.9491152763
4182,815885.8627266884
4183,816074.3861427307
4184,816260.3412501812
4185,816445.7050251961
4186,816632.4955704212
4187,816820.9984521866
4188,817005.3893191814
4189,817195.6794037819
4190,817383.9663088322
4191,817575.1013419628
4192,817774.6080579758
4193,817981.3884811401
4194,818182.3883025646
4195,818379.3501927853
4196,818577.0920193195
4197,818771.5950865746
4198,818968.1964156628
4199,819162.8175346851
4200,819356.4110424519
4201,819542.6354765892
4202,819731.3770182133
4203,819917.7347254753
4204,820100.5107181072
4205,820289.8755562305
4206,820504.1126964092
4207,820693.2334549427
4208,820887.4316141605
4209,821074.6134285927
4210,821262.8769943714
4211,821455.4653484821
4212,821648.4838733673
4213,821837.6614792347
4214,822035.545532465
4215,822233.0200226307
4216,822445.9057021141
4217,822645.4996929169
4218,822855.4088485241
4219,823048.0417063236
4220,823249.8334345818
4221,823438.7022345066
4222,823638.7912220955
4223,823828.4194893837
4224,824017.5841724873
4225,824207.1662614346
4226,824399.9956791401
4227,824590.5409059525
4228,824779.4745090008
4229,824970.6690170765
4230,825163.3023779392
4231,825352.5224378109
4232,825539.9615938663
4233,825723.0268070698
4234,825908.2296962738
4235,826088.8239774704
4236,826266.0999248028
4237,826449.2897598743
4238,826631.4753866196
4239,826811.3052620888
4240,826997.9491360188
4241,827192.108972311
4242,827385.5832293034
4243,827592.1898796558
4244,827811.905924797
4245,828032.0248315334
4246,828239.7411060333
4247,828450.0012218952
4248,828647.6776955128
4249,828842.6190781593
4250,829036.9058666229
4251,829233.6285552979
4252,829427.950357914
4253,829618.5559241772
4254,829808.9486453533
4255,829999.3311779499
4256,830191.014371872
4257,830382.4604201317
4258,830574.6596851349
4259,830762.914003849
4260,830946.9459657669
4261,831135.4860537052
4262,831326.3807697296
4263,831515.897898674
4264,831707.3923945427
4265,831899.9287395477
4266,832096.5220353603
4267,832298.4611279964
4268,832506.2399830818
4269,832715.1275892258
4270,832926.6649317741
4271,833133.8129868507
4272,833346.4255764484
4273,833552.563798666
4274,833763.4708483219
4275,833969.9421169758
4276,834165.7793300152
4277,834372.2159528732
4278,834565.6061434746
4279,834759.515332222
4280,834946.5391480923
4281,835133.1919596195
4282,835322.3707869053
4283,835508.320870161
4284,835697.2566597462
4285,835883.9784724712
4286,836071.4243426323
4287,836260.8566029072
4288,836445.7242369652
4289,836637.7828428745
4290,836828.196641922
4291,837031.2376117706
4292,837227.8795681
4293,837418.8625059128
4294,837610.8513538837
4295,837801.505866766
4296,837993.8264329433
4297,838182.3862841129
4298,838375.3601651192
4299,838566.1936826706
4300,838756.1323518753
4301,838949.78668046
4302,839142.8082237244
4303,839333.8467545509
4304,839537.3857703209
4305,839733.7376067638
4306,839925.6834456921
4307,840119.9350044727
4308,840308.593985796
4309,840494.221018076
4310,840680.9813609123
4311,840865.8719265461
4312,841053.0134959221
4313,841239.1623020172
4314,841432.0369677544
4315,841620.7667889595
4316,841806.3187258244
4317,842000.7415418625
4318,842190.8676834106
4319,842376.0209684372
4320,842566.5798270702
4321,842753.7869133949
4322,842938.7924647331
4323,843123.3877432346
4324,843318.0928549767
4325,843505.6437401772
4326,843702.0654070377
4327,843891.0337209702
4328,844083.1660342216
4329,844270.8063850403
4330,844457.8234126568
4331,844643.4784066677
4332,844835.143594265
4333,845032.6695480347
4334,845219.9014854431
4335,845406.9534192085
4336,845619.9106094837
4337,845802.5337901115
4338,845990.9154419899
4339,846185.341514349
4340,846388.8970627785
4341,846586.8449673653
4342,846790.8699672222
4343,846976.5111429691
4344,847170.3945980072
4345,847356.4306459427
4346,847553.013585329
4347,847742.2684218884
4348,847928.3171768188
4349,848112.6076114178
4350,848298.213940382
4351,848482.6847479343
4352,848665.7702724934
4353,848855.8218355179
4354,849049.8920419216
4355,849235.1883573532
4356,849416.2556393147
4357,849596.0671739578
4358,849773.3999233246
4359,849957.158372879
4360,850141.0417973995
4361,850328.647632122
4362,850514.8747997284
4363,850700.7728114128
4364,850885.8711957932
4365,851064.2615988255
4366,851241.415261507
4367,851424.6009716988
4368,851605.8395433426
4369,851786.6070921421
4370,851964.6197469234
4371,852142.1567387581
4372,852323.5121221542
4373,852508.1139011383
4374,852701.52688241
4375,852889.6310341358
4376,853089.142724514
4377,853284.2423577309
4378,853479.9296040535
4379,853677.2390339375
4380,853876.1752479076
4381,854073.844070673
4382,854270.0184559822
4383,854470.9572496414
4384,854664.4816498756
4385,854857.2031037807
4386,855049.2827761173
4387,855246.1351242065
4388,855441.9651184082
4389,855637.230971098
4390,855831.534911871
4391,856023.2040500641
4392,856221.5077366829
4393,856409.6024031639
4394,856595.2307589054
4395,856780.1608846188
4396,856969.0076901913
4397,857158.7220067978
4398,857346.230244875
4399,857537.3030467033
4400,857728.8726501465
4401,857917.701028347
4402,858111.00309515
4403,858302.125838995
4404,858492.162550211
4405,858681.6167373657
4406,858873.3814902306
4407,859063.4864034653
4408,859251.9019515514
4409,859441.9173617363
4410,859629.7956991196
4411,859826.5663394928
4412,860019.8709666729
4413,860209.0269472599
4414,860396.4790232182
4415,860586.1372039318
4416,860777.5760047436
4417,860967.6586470604
4418,861157.1288263798
4419,861348.393755436
4420,861533.6264178753
4421,861720.8838083744
4422,861913.6670229435
4423,862104.1468045712
4424,862295.490064621
4425,862487.9491682053
4426,862681.535602808
4427,862875.9834251404
4428,863077.4783818722
4429,863270.748768568
4430,863460.4808225632
4431,863647.3677518368
4432,863833.7667152882
4433,864016.78373909
4434,864202.3940985203
4435,864389.5840075016
4436,864572.9796626568
4437,864755.6563141346
4438,864936.4983642101
4439,865119.1213409901
4440,865306.9992051125
4441,865500.494310379
4442,865695.0861842632
4443,865887.8985602856
4444,866082.4080281258
4445,866272.2530860901
4446,866469.5444087982
4447,866665.7523007393
4448,866854.5372004509
4449,867039.9414412975
4450,867230.7760107517
4451,867419.0044131279
4452,867606.3408660889
4453,867794.3481504917
4454,867980.3235919476
4455,868166.3667943478
4456,868350.6441903114
4457,868538.3570921421
4458,868729.4649989605
4459,868928.8149518967
4460,869120.7179002762
4461,869311.3430030346
4462,869502.2434000969
4463,869700.768435955
4464,869891.1724762917
4465,870080.4452204704
4466,870287.6966810226
4467,870472.1502978802
4468,870652.9936933517
4469,870838.0875890255
4470,871026.8160302639
4471,871217.475815773
4472,871408.4872176647
4473,871595.4689433575
4474,871787.3214659691
4475,871976.7127997875
4476,872166.6807062626
4477,872359.3982887268
4478,872548.7954452038
4479,872739.9731171131
4480,872929.4202876091
4481,873126.1190314293
4482,873315.8494205475
4483,873509.5035483837
4484,873704.0112919807
4485,873892.9139883518
4486,874083.2260167599
4487,874267.6000576019
4488,874457.9227561951
4489,874649.9109756947
4490,874838.6096727848
4491,875038.4263596535
4492,875240.7563507557
4493,875436.9147515297
4494,875640.4001274109
4495,875847.6039142609
4496,876049.2548003197
4497,876258.065264225
4498,876466.7328813076
4499,876666.8423345089
4500,876865.6249854565
4501,877063.4543719292
4502,877252.9850306511
4503,877443.7270739079
4504,877632.1050589085
4505,877821.6201703548
4506,878006.9397797585
4507,878200.6318106651
4508,878387.6683936119
4509,878573.8484458923
4510,878759.1058163643
4511,878942.456738472
4512,879128.0446894169
4513,879303.6484484673
4514,879477.157106638
4515,879650.6385521889
4516,879827.2375969887
4517,880006.2275292873
4518,880181.904563427
4519,880357.8208901882
4520,880537.3704383373
4521,880712.9650871754
4522,880890.9204876423
4523,881064.9818022251
4524,881242.307000637
4525,881418.3631639481
4526,881596.7152745724
4527,881775.7278835773
4528,881962.8892405033
4529,882154.0630021095
4530,882349.5642302036
4531,882542.0481052399
4532,882732.9701197147
4533,882930.1852958202
4534,883120.8344824314
4535,883317.7215795517
4536,883509.800560236
4537,883699.8392000198
4538,883890.6164124012
4539,884077.0249230862
4540,884261.825912714
4541,884451.491411686
4542,884643.0660495758
4543,884835.67684865
4544,885027.0340685844
4545,885217.9892890453
4546,885405.1250505447
4547,885594.2229032516
4548,885784.5562045574
4549,885980.2353715897
4550,886173.4924836159
4551,886364.5666723251
4552,886560.2790870667
4553,886758.951196909
4554,886965.1211881638
4555,887167.7420599461
4556,887362.5055785179
4557,887553.2109267712
4558,887740.9562244415
4559,887928.748452425
4560,888114.7628529072
4561,888304.7141354084
4562,888498.7232823372
4563,888692.5587415695
4564,888882.9240939617
4565,889078.2308766842
4566,889260.9249408245
4567,889448.1435377598
4568,889636.0232691765
4569,889826.9403548241
4570,890022.1041846275
4571,890216.5963475704
4572,890412.3007376194
4573,890611.6540269852
4574,890811.7738494873
4575,891014.9174098969
4576,891214.9525878429
4577,891411.435082674
4578,891605.6783690453
4579,891806.3385186195
4580,892006.7007069588
4581,892204.8547515869
4582,892404.7951688766
4583,892606.8289885521
4584,892803.4186577797
4585,893000.9413585663
4586,893197.5747299194
4587,893389.3719418049
4588,893581.7269997597
4589,893768.9434063435
4590,893958.5864214897
4591,894147.8878622055
4592,894335.1805384159
4593,894521.3826158047
4594,894706.6817646027
4595,894889.5733542442
4596,895096.7347617149
4597,895279.3967425823
4598,895463.221052885
4599,895649.4059474468
4600,895831.9199080467
4601,896020.0832996368
4602,896210.2011573315
4603,896396.5860130787
4604,896590.2601511478
4605,896784.644922018
4606,896982.0876805782
4607,897179.334559679
4608,897376.4422566891
4609,897571.7484116554
4610,897759.7655043602
4611,897952.5608346462
4612,898144.706797123
4613,898333.8003253937
4614,898521.746468544
4615,898709.6328556538
4616,898905.1065866947
4617,899097.8302791119
4618,899289.5824306011
4619,899477.2876522541
4620,899669.7251083851
4621,899860.0773694515
4622,900041.4169843197
4623,900228.7839064598
4624,900419.9288191795
4625,900602.5169947147
4626,900786.4094917774
4627,900973.30265975
4628,901157.5033230782
4629,901346.6453766823
4630,901542.0188863277
4631,901733.2913515568
4632,901924.7581727505
4633,902117.1611168385
4634,902314.0082657337
4635,902513.9809324741
4636,902714.7089538574
4637,902916.0148355961
4638,903117.2389936447
4639,903314.9714570045
4640,903515.7843005657
4641,903714.8486716747
4642,903911.9377324581
4643,904108.3208968639
4644,904307.4636983871
4645,904501.8872621059
4646,904695.8777270317
4647,904894.4490997791
4648,905095.4988284111
4649,905291.390380621
4650,905487.9798002243
4651,905678.4623708725
4652,905870.8048834801
4653,906060.9461379051
4654,906251.6676154137
4655,906438.4654550552
4656,906627.3978219032
4657,906820.7712044716
4658,907014.9554023743
4659,907211.555863142
4660,907401.3220822811
4661,907583.479739666
4662,907771.5732154846
4663,907962.2187638283
4664,908150.7508625984
4665,908342.6476404667
4666,908533.5122532845
4667,908727.013092041
4668,908921.894153595
4669,909111.4858496189
4670,909305.238297224
4671,909492.8539638519
4672,909687.186798811
4673,909886.5332889557
4674,910097.7779045105
4675,910310.5677182674
4676,910520.7171247005
4677,910731.4453530312
4678,910937.9294276237
4679,911142.3830065727
4680,911348.4662089348
4681,911556.226872921
4682,911776.8777616024
4683,911980.2963795662
4684,912183.829608202
4685,912388.6333928108
4686,912589.1883964539
4687,912786.8748905659
4688,912981.9125595093
4689,913170.459692955
4690,913361.2660226822
4691,913548.265809536
4692,913733.2894117832
4693,913915.7942414284
4694,914095.9513859749
4695,914277.4596278667
4696,914451.6506938934
4697,914629.4707758427
4698,914805.7299137115
4699,914981.9030611515
4700,915165.8522777557
4701,915351.1007115841
4702,915540.4531726837
4703,915735.680257082
4704,915926.1088488102
4705,916135.9840176105
4706,916339.0549755096
4707,916551.6816732883
4708,916758.300005436
4709,916970.5949602127
4710,917181.4727575779
4711,917393.7532963753
4712,917603.6971304417
4713,917812.0175669193
4714,918017.6542518139
4715,918222.6545164585
4716,918417.1472744942
4717,918616.0682754517
4718,918814.3145079613
4719,919012.0247983932
4720,919208.6050291061
4721,919405.9636743069
4722,919600.8073649406
4723,919794.9612295628
4724,919986.4498820305
4725,920175.8239865303
4726,920384.1696372032
4727,920569.3006966114
4728,920754.7573823929
4729,920946.3050010204
4730,921135.614638567
4731,921335.9332304001
4732,921535.4737114906
4733,921751.7805879116
4734,921957.4498701096
4735,922159.1486730576
4736,922361.6804263592
4737,922573.8434376717
4738,922767.2411878109
4739,922959.1028921604
4740,923161.1085820198
4741,923359.4591720104
4742,923555.5017223358
4743,923752.6574294567
4744,923948.0837564468
4745,924146.9899373055
4746,924344.9153544903
4747,924538.0604434013
4748,924733.3720738888
4749,924937.5327968597
4750,925131.7008326054
4751,925324.5529801846
4752,925511.0633604527
4753,925703.9549744129
4754,925899.0334496498
4755,926092.4806754589
4756,926287.412976265
4757,926480.6215295792
4758,926674.8543148041
4759,926868.6553947926
4760,927060.7084946632
4761,927260.6711320877
4762,927460.2892105579
4763,927662.283198595
4764,927859.7642316818
4765,928057.5857982635
4766,928259.0311748981
4767,928464.1241874695
4768,928664.0305137634
4769,928866.402389288
4770,929064.384488821
4771,929260.7960469723
4772,929456.171336174
4773,929653.7371695042
4774,929852.6369330883
4775,930044.480640173
4776,930239.918371439
4777,930432.557148695
4778,930626.0877521038
4779,930816.9666907787
4780,931006.0701134205
4781,931190.4479665756
4782,931384.2069869041
4783,931572.2262516022
4784,931760.2179088593
4785,931951.111392498
4786,932152.5626688004
4787,932351.6571786404
4788,932552.0993635654
4789,932752.6610147953
4790,932952.0731494427
4791,933156.4722752571
4792,933359.5012106895
4793,933567.9055819511
4794,933766.8354599476
4795,933975.1878218651
4796,934189.935636282
4797,934390.1857564449
4798,934598.9792935848
4799,934809.2983133793
4800,935013.0078878403
4801,935212.8157901764
4802,935412.560551405
4803,935609.4553589821
4804,935804.6922996044
4805,935998.8361911774
4806,936194.7137839794
4807,936386.2310473919
4808,936576.620054245
4809,936767.9612455368
4810,936956.4975399971
4811,937147.7113089561
4812,937341.0448935032
4813,937532.101855278
4814,937728.7436130047
4815,937921.3798344135
4816,938117.8499290943
4817,938312.4398269653
4818,938514.2809271812
4819,938706.1542522907
4820,938896.0731198788
4821,939085.106467247
4822,939270.3388376236
4823,939457.4665262699
4824,939648.976320982
4825,939843.6193556786
4826,940032.862205267
4827,940223.9844520092
4828,940413.9610424042
4829,940603.5098884106
4830,940795.405367136
4831,940987.4010658264
4832,941177.4329662323
4833,941363.3895969391
4834,941553.146343708
4835,941742.6419427395
4836,941935.4904778004
4837,942129.8636882305
4838,942329.4252774715
4839,942540.5611104965
4840,942748.0332729816
4841,942956.3936781883
4842,943164.5046036243
4843,943370.92095685
4844,943578.9247539043
4845,943777.5936789513
4846,943974.2708086967
4847,944170.6651053429
4848,944362.3565115929
4849,944549.7690002918
4850,944735.8273100853
4851,944924.7188529968
4852,945116.6219217777
4853,945306.1796221733
4854,945493.6366193295
4855,945688.949524641
4856,945896.3548398018
4857,946092.2706532478
4858,946286.4372470379
4859,946486.8212502003
4860,946688.6164040565
4861,946895.422273159
4862,947097.995058775
4863,947300.9168334007
4864,947499.029541254
4865,947702.309933424
4866,947899.756939888
4867,948097.0503878593
4868,948292.5268640518
4869,948488.7854809761
4870,948682.3764169216
4871,948879.1703469753
4872,949074.5633206367
4873,949267.2870488167
4874,949469.2119262218
4875,949669.0066576004
4876,949863.5059978962
4877,950059.7204611301
4878,950254.0043406487
4879,950443.5806336403
4880,950635.5087797642
4881,950822.4275267124
4882,951008.5832321644
4883,951196.3748636246
4884,951385.8799815178
4885,951571.9727742672
4886,951760.3958604336
4887,951950.5472738743
4888,952144.0006155968
4889,952337.4599802494
4890,952537.9388465881
4891,952737.2195539474
4892,952933.4936363697
4893,953120.5908949375
4894,953306.97514534
4895,953492.2790005207
4896,953680.1736412048
4897,953864.6147549152
4898,954051.5819745064
4899,954244.3161489964
4900,954431.9687588215
4901,954621.9576787949
4902,954811.5888903141
4903,954997.3743283749
4904,955187.6382138729
4905,955382.8881642818
4906,955577.4664106369
4907,955770.5951230526
4908,955963.9196448326
4909,956153.789917469
4910,956348.4020950794
4911,956543.3025963306
4912,956733.4665038586
4913,956924.2738609314
4914,957088.8321940899
4915,957260.4860200882
4916,957422.99315691
4917,957586.6032354832
4918,957749.2540040016
4919,957914.4874544144
4920,958082.6520233154
4921,958247.8790664673
4922,958413.3161301613
4923,958578.7416620255
4924,958744.7515556812
4925,958908.2980558872
4926,959073.1410324574
4927,959238.8424727917
4928,959403.3922150135
4929,959569.6410632133
4930,959733.8860449791
4931,959899.8212227821
4932,960069.5488009453
4933,960239.5266506672
4934,960407.845174551
4935,960577.6911072731
4936,960745.2508146763
4937,960914.4756805897
4938,961082.3879609108
4939,961251.6289906502
4940,961394.2016506195
4941,961537.9722688198
4942,961679.3968536854
4943,961821.6106343269
4944,961965.0649285316
4945,962109.1043746471
4946,962252.4572463036
4947,962396.7762134075
4948,962541.9383618832
4949,962682.4890391827
4950,962827.1779038906
4951,962969.6072144508
4952,963110.6264657974
4953,963252.686290741
4954,963396.8281507492
4955,963540.0316803455
4956,963682.137114048
4957,963825.0820872784
4958,963969.0451486111
4959,964112.5417296886
4960,964256.9543590546
4961,964399.1532239914
4962,964541.1728246212
4963,964684.6142225266
4964,964827.5769250393
4965,964971.1553692818
4966,965110.6494758129
4967,965256.4095795155
4968,965398.2168886662
4969,965539.3925046921
4970,965680.4256350994
4971,965822.5604496002
4972,965965.3389699459
4973,966105.778875351
4974,966255.7132821083
4975,966396.088265419
4976,966538.3502306938
4977,966681.3070361614
4978,966824.5104839802
4979,966968.7922809124
4980,967111.614468813
4981,967257.3759696484
4982,967401.9682445526
4983,967543.9802308083
4984,967688.6269237995
4985,967853.9977207184
4986,967995.5343880653
4987,968137.6673824787
4988,968280.9628036022
4989,968423.611536026
4990,968567.4112098217
4991,968697.6791651249
4992,968825.599419117
4993,968953.4150354862
4994,969081.8857502937
4995,969211.0136418343
4996,969338.9129948616
4997,969468.1271660328
4998,969597.9153077602
4999,969726.4658911228
5000,969854.4889938831
5001,969983.9970798492
5002,970113.2007622719
5003,970241.1355552673
5004,970369.5676109791
5005,970499.4010467529
5006,970628.1615536213
5007,970755.8391067982
5008,970884.6170818806
5009,971013.5495767593
5010,971142.278195858
5011,971271.3335754871
5012,971399.800642252
5013,971527.10125947
5014,971655.1352169514
5015,971783.2060904503
5016,971912.0856389999
5017,972041.869856596
5018,972171.7363538742
5019,972300.2489304543
5020,972428.8914451599
5021,972557.2674973011
5022,972686.4353671074
5023,972813.5788969994
5024,972943.0437772274
