0,1.600000023841858
1,1.715499997138977
2,1.7669999599456787
3,1.7165000438690186
4,1.780500054359436
5,1.7100000381469727
6,1.7884999513626099
7,1.6714999675750732
8,1.8680000305175781
9,1.680999994277954
10,1.7769999504089355
11,1.6339999437332153
12,1.7304999828338623
13,1.7359999418258667
14,1.7254999876022339
15,1.7089999914169312
16,1.8934999704360962
17,1.7055000066757202
18,1.7695000171661377
19,1.625
20,1.6770000457763672
21,1.7239999771118164
22,1.8029999732971191
23,1.7745000123977661
24,1.871000051498413
25,1.6785000562667847
26,1.7869999408721924
27,1.6944999694824219
28,1.6519999504089355
29,1.7990000247955322
30,1.8005000352859497
31,1.6369999647140503
32,1.7070000171661377
33,1.7610000371932983
34,1.687000036239624
35,1.784500002861023
36,1.8055000305175781
37,1.7905000448226929
38,1.7094999551773071
39,1.746999979019165
40,1.7519999742507935
41,1.809999942779541
42,1.7235000133514404
43,1.7755000591278076
44,1.8109999895095825
45,1.7769999504089355
46,1.6885000467300415
47,1.6805000305175781
48,1.7664999961853027
49,1.747499942779541
50,1.7660000324249268
51,1.784000039100647
52,1.7630000114440918
53,1.7024999856948853
54,1.7309999465942383
55,1.7654999494552612
56,1.7450000047683716
57,1.7884999513626099
58,1.7489999532699585
59,1.8229999542236328
60,1.6799999475479126
61,1.7649999856948853
62,1.8109999895095825
63,1.8220000267028809
64,1.7130000591278076
65,1.6955000162124634
66,1.7634999752044678
67,1.7050000429153442
68,1.6334999799728394
69,1.7384999990463257
70,1.753999948501587
71,1.7519999742507935
72,1.7059999704360962
73,1.7894999980926514
74,1.743499994277954
75,1.7404999732971191
76,1.6234999895095825
77,1.815500020980835
78,1.6449999809265137
79,1.719499945640564
80,1.683500051498413
81,1.7345000505447388
82,1.6994999647140503
83,1.6859999895095825
84,1.7230000495910645
85,1.815500020980835
86,1.6740000247955322
87,1.7389999628067017
88,1.6395000219345093
89,1.683500051498413
90,1.690999984741211
91,1.6510000228881836
92,1.7289999723434448
93,1.6775000095367432
94,1.7139999866485596
95,1.7055000066757202
96,1.7634999752044678
97,1.6679999828338623
98,1.6775000095367432
99,1.7489999532699585
100,1.7755000591278076
101,1.7015000581741333
102,1.6779999732971191
103,1.6690000295639038
104,1.780500054359436
105,1.7910000085830688
106,1.7330000400543213
107,1.6894999742507935
108,1.868499994277954
109,1.781000018119812
110,1.7584999799728394
111,1.7074999809265137
112,1.7545000314712524
113,1.6794999837875366
114,1.7905000448226929
115,1.7660000324249268
116,1.687999963760376
117,1.6330000162124634
118,1.6734999418258667
119,1.7575000524520874
120,1.7209999561309814
121,1.6640000343322754
122,1.8454999923706055
123,1.874500036239624
124,1.656499981880188
125,1.7949999570846558
126,1.784999966621399
127,1.7714999914169312
128,1.7369999885559082
129,1.6505000591278076
130,1.7365000247955322
131,1.7480000257492065
132,1.61899995803833
133,1.8105000257492065
134,1.7975000143051147
135,1.6929999589920044
136,1.774999976158142
137,1.8524999618530273
138,1.7244999408721924
139,1.7254999876022339
140,1.690999984741211
141,1.7380000352859497
142,1.7445000410079956
143,1.7335000038146973
144,1.75
145,1.8294999599456787
146,1.6890000104904175
147,1.7424999475479126
148,1.6920000314712524
149,1.6805000305175781
150,1.7244999408721924
151,1.6124999523162842
152,1.837499976158142
153,1.8105000257492065
154,1.784000039100647
155,1.8105000257492065
156,1.7630000114440918
157,1.8860000371932983
158,1.7035000324249268
159,1.6109999418258667
160,1.7445000410079956
161,1.8220000267028809
162,1.7869999408721924
163,1.7139999866485596
164,1.7719999551773071
165,1.8385000228881836
166,1.7910000085830688
167,1.7404999732971191
168,1.843999981880188
169,1.8055000305175781
170,1.7059999704360962
171,1.7254999876022339
172,1.7339999675750732
173,1.7324999570846558
174,1.7430000305175781
175,1.746999979019165
176,1.7589999437332153
177,1.6095000505447388
178,1.7445000410079956
179,1.7374999523162842
180,1.8459999561309814
181,1.7454999685287476
182,1.8485000133514404
183,1.6924999952316284
184,1.8259999752044678
185,1.7920000553131104
186,1.715999960899353
187,1.6825000047683716
188,1.843999981880188
189,1.7055000066757202
190,1.7879999876022339
191,1.7790000438690186
192,1.7309999465942383
193,1.6729999780654907
194,1.7589999437332153
195,1.784999966621399
196,1.7074999809265137
197,1.7604999542236328
180,1.7035000324249268
181,1.7515000104904175
182,1.6759999990463257
183,1.6764999628067017
184,1.7200000286102295
185,1.6705000400543213
186,1.7604999542236328
187,1.6970000267028809
188,1.7515000104904175
189,1.6994999647140503
190,1.7070000171661377
191,1.7380000352859497
192,1.7690000534057617
193,1.7395000457763672
194,1.6855000257492065
195,1.715000033378601
196,1.8135000467300415
197,1.690999984741211
198,1.7424999475479126
199,1.7359999418258667
200,1.843000054359436
201,1.7280000448226929
202,1.715000033378601
203,1.6829999685287476
204,1.7690000534057617
205,1.7584999799728394
206,1.7764999866485596
207,1.6634999513626099
208,1.6734999418258667
209,1.8259999752044678
210,1.7584999799728394
211,1.7925000190734863
212,1.8235000371932983
213,1.7940000295639038
214,1.6790000200271606
215,1.746999979019165
216,1.8220000267028809
217,1.6469999551773071
218,1.6714999675750732
219,1.7044999599456787
220,1.7354999780654907
221,1.7615000009536743
222,1.812999963760376
223,1.6944999694824219
224,1.715999960899353
225,1.8114999532699585
226,1.8079999685287476
227,1.7949999570846558
228,1.7424999475479126
229,1.7860000133514404
230,1.656499981880188
231,1.7135000228881836
232,1.8205000162124634
233,1.6729999780654907
234,1.7384999990463257
235,1.7139999866485596
236,1.7400000095367432
237,1.7690000534057617
238,1.746999979019165
239,1.7105000019073486
240,1.722000002861023
241,1.7690000534057617
242,1.715499997138977
243,1.7230000495910645
244,1.7934999465942383
245,1.7309999465942383
246,1.6890000104904175
247,1.75
248,1.7545000314712524
249,1.7675000429153442
250,1.7619999647140503
251,1.7704999446868896
252,1.6970000267028809
253,1.7254999876022339
254,1.7050000429153442
255,1.8350000381469727
256,1.718000054359436
257,1.7074999809265137
258,1.7350000143051147
259,1.7309999465942383
260,1.7304999828338623
261,1.7209999561309814
262,1.7680000066757202
263,1.75600004196167
264,1.7714999914169312
265,1.809999942779541
266,1.7480000257492065
267,1.8020000457763672
268,1.621000051498413
269,1.8214999437332153
270,1.7380000352859497
271,1.781999945640564
272,1.6584999561309814
273,1.6074999570846558
274,1.6710000038146973
275,1.7100000381469727
276,1.7410000562667847
277,1.6384999752044678
278,1.7710000276565552
279,1.749500036239624
280,1.815500020980835
281,1.7404999732971191
282,1.8424999713897705
283,1.7324999570846558
284,1.694000005722046
285,1.7510000467300415
286,1.7230000495910645
287,1.7825000286102295
288,1.7934999465942383
289,1.69350004196167
290,1.784500002861023
291,1.750499963760376
292,1.75
293,1.7035000324249268
294,1.7395000457763672
295,1.6805000305175781
296,1.7654999494552612
297,1.7120000123977661
298,1.7074999809265137
299,1.7319999933242798
300,1.590499997138977
301,1.780500054359436
302,1.7714999914169312
303,1.7829999923706055
304,1.812000036239624
305,1.7554999589920044
306,1.7630000114440918
307,1.6820000410079956
308,1.6469999551773071
309,1.7130000591278076
310,1.7454999685287476
311,1.7044999599456787
312,1.7625000476837158
313,1.7269999980926514
314,1.7295000553131104
315,1.7584999799728394
316,1.8359999656677246
317,1.7740000486373901
318,1.7380000352859497
319,1.7964999675750732
320,1.81850004196167
321,1.7280000448226929
322,1.7254999876022339
323,1.721500039100647
324,1.7654999494552612
325,1.7619999647140503
326,1.7920000553131104
327,1.6404999494552612
328,1.7424999475479126
329,1.7315000295639038
330,1.8025000095367432
331,1.7029999494552612
332,1.80649995803833
333,1.7899999618530273
334,1.7339999675750732
335,1.7269999980926514
336,1.8029999732971191
337,1.7039999961853027
338,1.656000018119812
339,1.8854999542236328
340,1.7024999856948853
341,1.777500033378601
342,1.8459999561309814
343,1.7960000038146973
344,1.7354999780654907
345,1.784999966621399
346,1.784000039100647
347,1.8220000267028809
348,1.7200000286102295
349,1.784999966621399
350,1.809999942779541
351,1.7115000486373901
352,1.7039999961853027
353,1.8279999494552612
354,1.7445000410079956
355,1.7350000143051147
356,1.7055000066757202
357,1.7799999713897705
358,1.7480000257492065
359,1.7089999914169312
360,1.781000018119812
361,1.7335000038146973
362,1.7864999771118164
363,1.7704999446868896
364,1.6920000314712524
365,1.819000005722046
366,1.7884999513626099
367,1.7654999494552612
368,1.659500002861023
369,1.75600004196167
370,1.7964999675750732
371,1.7345000505447388
372,1.778499960899353
373,1.746500015258789
374,1.753499984741211
375,1.8025000095367432
376,1.7604999542236328
377,1.7029999494552612
378,1.6979999542236328
379,1.6649999618530273
380,1.8025000095367432
381,1.816499948501587
382,1.8174999952316284
383,1.8205000162124634
384,1.6640000343322754
385,1.7144999504089355
386,1.7730000019073486
387,1.7200000286102295
388,1.784500002861023
389,1.7549999952316284
390,1.7669999599456787
391,1.6710000038146973
392,1.747499942779541
393,1.7929999828338623
394,1.7404999732971191
395,1.721500039100647
396,1.6755000352859497
397,1.6430000066757202
398,1.7415000200271606
399,1.715999960899353
400,1.7209999561309814
401,1.7920000553131104
402,1.655500054359436
403,1.816499948501587
404,1.7365000247955322
405,1.7109999656677246
406,1.8344999551773071
407,1.7855000495910645
408,1.7714999914169312
409,1.7415000200271606
410,1.7345000505447388
411,1.7725000381469727
412,1.712499976158142
413,1.7300000190734863
414,1.753000020980835
415,1.687000036239624
416,1.7664999961853027
417,1.777500033378601
418,1.7269999980926514
419,1.7719999551773071
420,1.7089999914169312
421,1.7489999532699585
422,1.7274999618530273
423,1.7209999561309814
424,1.7879999876022339
425,1.7664999961853027
426,1.7230000495910645
427,1.8220000267028809
428,1.6955000162124634
429,1.8025000095367432
430,1.81850004196167
431,1.8654999732971191
432,1.6950000524520874
433,1.7879999876022339
434,1.7359999418258667
435,1.7649999856948853
436,1.7690000534057617
437,1.746999979019165
438,1.8315000534057617
439,1.7359999418258667
440,1.6039999723434448
441,1.756500005722046
442,1.7274999618530273
443,1.5859999656677246
444,1.7764999866485596
445,1.6994999647140503
446,1.6339999437332153
447,1.6655000448226929
448,1.8799999952316284
449,1.7675000429153442
450,1.7059999704360962
451,1.7610000371932983
452,1.7799999713897705
453,1.7589999437332153
454,1.7604999542236328
455,1.8114999532699585
456,1.753499984741211
457,1.715999960899353
458,1.7244999408721924
459,1.722499966621399
460,1.7170000076293945
461,1.844499945640564
462,1.7675000429153442
463,1.7085000276565552
464,1.690500020980835
465,1.7569999694824219
466,1.75600004196167
467,1.7285000085830688
468,1.7324999570846558
469,1.7990000247955322
470,1.7265000343322754
471,1.7910000085830688
472,1.7879999876022339
473,1.784999966621399
474,1.7100000381469727
475,1.8109999895095825
476,1.6234999895095825
477,1.7324999570846558
478,1.715000033378601
479,1.7065000534057617
480,1.7675000429153442
481,1.746500015258789
482,1.7000000476837158
483,1.7745000123977661
484,1.80649995803833
485,1.7484999895095825
486,1.7920000553131104
487,1.784000039100647
488,1.7545000314712524
489,1.6705000400543213
490,1.746000051498413
491,1.7669999599456787
492,1.6349999904632568
493,1.7359999418258667
494,1.6920000314712524
495,1.6890000104904175
496,1.7380000352859497
497,1.7615000009536743
498,1.6169999837875366
499,1.7975000143051147
500,1.7365000247955322
501,1.6720000505447388
502,1.7755000591278076
503,1.691499948501587
504,1.6684999465942383
505,1.7575000524520874
506,1.718500018119812
507,1.753499984741211
508,1.784999966621399
509,1.8044999837875366
510,1.6920000314712524
511,1.746000051498413
512,1.6755000352859497
513,1.659500002861023
514,1.6670000553131104
515,1.7610000371932983
516,1.7489999532699585
517,1.7035000324249268
518,1.746000051498413
519,1.7295000553131104
520,1.6710000038146973
521,1.86899995803833
522,1.6744999885559082
523,1.7569999694824219
524,1.7174999713897705
525,1.7089999914169312
526,1.753999948501587
527,1.6990000009536743
528,1.7100000381469727
529,1.7964999675750732
530,1.808500051498413
531,1.8055000305175781
532,1.7389999628067017
533,1.777999997138977
534,1.721500039100647
535,1.8880000114440918
536,1.8285000324249268
537,1.6805000305175781
538,1.6959999799728394
539,1.7170000076293945
540,1.8739999532699585
541,1.7174999713897705
542,1.7994999885559082
543,1.8324999809265137
544,1.8554999828338623
545,1.753000020980835
546,1.7029999494552612
547,1.777999997138977
548,1.756500005722046
549,1.7059999704360962
550,1.7274999618530273
551,1.653499960899353
552,1.7419999837875366
553,1.7769999504089355
554,1.7640000581741333
555,1.7725000381469727
556,1.7634999752044678
557,1.784500002861023
558,1.7204999923706055
559,1.781000018119812
560,1.7660000324249268
561,1.815500020980835
562,1.715000033378601
563,1.8170000314712524
564,1.747499942779541
565,1.7300000190734863
566,1.7690000534057617
567,1.7610000371932983
568,1.6749999523162842
569,1.7065000534057617
570,1.721500039100647
571,1.7350000143051147
572,1.8244999647140503
573,1.7575000524520874
574,1.781499981880188
575,1.6959999799728394
576,1.7480000257492065
577,1.7020000219345093
578,1.781999945640564
579,1.781999945640564
580,1.7589999437332153
581,1.7910000085830688
582,1.781999945640564
583,1.7829999923706055
584,1.622499942779541
585,1.809499979019165
586,1.7610000371932983
587,1.715000033378601
588,1.7085000276565552
589,1.750499963760376
590,1.7680000066757202
591,1.7174999713897705
592,1.7599999904632568
593,1.7745000123977661
594,1.8954999446868896
595,1.8044999837875366
596,1.6829999685287476
597,1.815500020980835
598,1.7829999923706055
599,1.7584999799728394
600,1.7790000438690186
601,1.7645000219345093
602,1.7445000410079956
603,1.7704999446868896
604,1.7740000486373901
605,1.7144999504089355
606,1.8515000343322754
607,1.781000018119812
608,1.7059999704360962
609,1.6759999990463257
610,1.7890000343322754
611,1.627500057220459
612,1.6684999465942383
613,1.7009999752044678
614,1.843500018119812
615,1.7799999713897705
616,1.7680000066757202
617,1.7430000305175781
618,1.7855000495910645
619,1.7365000247955322
620,1.687999963760376
621,1.750499963760376
622,1.722000002861023
623,1.7350000143051147
624,1.7389999628067017
625,1.7569999694824219
626,1.8244999647140503
627,1.7714999914169312
628,1.7580000162124634
629,1.7855000495910645
630,1.656999945640564
631,1.7575000524520874
632,1.6619999408721924
633,1.7745000123977661
634,1.7894999980926514
635,1.7554999589920044
636,1.7230000495910645
637,1.784000039100647
638,1.718000054359436
639,1.6575000286102295
640,1.7384999990463257
641,1.6425000429153442
642,1.691499948501587
643,1.8244999647140503
644,1.7009999752044678
645,1.7554999589920044
646,1.7934999465942383
647,1.7599999904632568
648,1.722000002861023
649,1.7070000171661377
650,1.8209999799728394
651,1.8005000352859497
652,1.7610000371932983
653,1.7085000276565552
654,1.7484999895095825
655,1.8370000123977661
656,1.784500002861023
657,1.7554999589920044
658,1.781499981880188
659,1.746000051498413
660,1.7905000448226929
661,1.747499942779541
662,1.7860000133514404
663,1.74399995803833
664,1.7415000200271606
665,1.7610000371932983
666,1.687999963760376
667,1.7024999856948853
668,1.7699999809265137
669,1.7410000562667847
670,1.7345000505447388
671,1.6354999542236328
672,1.7920000553131104
673,1.743499994277954
674,1.753999948501587
675,1.8450000286102295
676,1.6390000581741333
677,1.7955000400543213
678,1.7575000524520874
679,1.7359999418258667
680,1.6970000267028809
681,1.7280000448226929
682,1.712499976158142
683,1.8040000200271606
684,1.930999994277954
685,1.7649999856948853
686,1.7745000123977661
687,1.808500051498413
688,1.7595000267028809
689,1.7545000314712524
690,1.815999984741211
691,1.6974999904632568
692,1.684999942779541
693,1.8055000305175781
694,1.6894999742507935
695,1.6805000305175781
696,1.6779999732971191
697,1.6894999742507935
698,1.649999976158142
699,1.75600004196167
700,1.6425000429153442
701,1.8265000581741333
702,1.7734999656677246
703,1.7829999923706055
704,1.75600004196167
705,1.7015000581741333
706,1.7309999465942383
707,1.7630000114440918
708,1.7949999570846558
709,1.6974999904632568
710,1.8055000305175781
711,1.7085000276565552
712,1.6955000162124634
713,1.7165000438690186
714,1.7834999561309814
715,1.7374999523162842
716,1.7664999961853027
717,1.781499981880188
718,1.7914999723434448
719,1.75
720,1.784000039100647
721,1.8539999723434448
722,1.690500020980835
723,1.7864999771118164
724,1.80649995803833
725,1.7074999809265137
726,1.7244999408721924
727,1.752500057220459
728,1.8135000467300415
729,1.7914999723434448
730,1.7009999752044678
731,1.7910000085830688
732,1.7289999723434448
733,1.7680000066757202
734,1.753499984741211
735,1.7239999771118164
736,1.752500057220459
737,1.7309999465942383
738,1.7719999551773071
739,1.8315000534057617
740,1.718500018119812
741,1.7135000228881836
742,1.718500018119812
743,1.6994999647140503
744,1.6829999685287476
745,1.7899999618530273
746,1.6644999980926514
747,1.8274999856948853
748,1.7834999561309814
749,1.7404999732971191
750,1.780500054359436
751,1.7649999856948853
752,1.6920000314712524
753,1.6605000495910645
754,1.7174999713897705
755,1.8250000476837158
756,1.7304999828338623
757,1.7640000581741333
758,1.684000015258789
759,1.7725000381469727
760,1.7984999418258667
761,1.7745000123977661
762,1.6829999685287476
763,1.8214999437332153
764,1.8415000438690186
765,1.780500054359436
766,1.8524999618530273
767,1.8335000276565552
768,1.74399995803833
769,1.7940000295639038
770,1.656000018119812
771,1.7280000448226929
772,1.7315000295639038
773,1.7690000534057617
774,1.6985000371932983
775,1.7595000267028809
776,1.7975000143051147
777,1.7960000038146973
778,1.75
779,1.6755000352859497
780,1.8014999628067017
781,1.7384999990463257
782,1.8559999465942383
783,1.7200000286102295
784,1.719499945640564
785,1.6694999933242798
786,1.753499984741211
787,1.7345000505447388
788,1.6475000381469727
789,1.712499976158142
790,1.7315000295639038
791,1.7050000429153442
792,1.7864999771118164
793,1.7669999599456787
794,1.8704999685287476
795,1.75600004196167
796,1.7914999723434448
797,1.8344999551773071
798,1.784999966621399
799,1.6859999895095825
800,1.774999976158142
801,1.7020000219345093
802,1.7654999494552612
803,1.7549999952316284
804,1.7569999694824219
805,1.777999997138977
806,1.7699999809265137
807,1.8344999551773071
808,1.7645000219345093
809,1.7300000190734863
810,1.8214999437332153
811,1.7730000019073486
812,1.837499976158142
813,1.7489999532699585
814,1.6634999513626099
815,1.7879999876022339
816,1.6864999532699585
817,1.746500015258789
818,1.7864999771118164
819,1.7610000371932983
820,1.6794999837875366
821,1.756500005722046
822,1.7235000133514404
823,1.7575000524520874
824,1.747499942779541
825,1.8070000410079956
826,1.7209999561309814
827,1.7109999656677246
828,1.7630000114440918
829,1.6660000085830688
830,1.8335000276565552
831,1.6825000047683716
832,1.7899999618530273
833,1.7285000085830688
834,1.691499948501587
835,1.780500054359436
836,1.7944999933242798
837,1.88100004196167
838,1.7790000438690186
839,1.7730000019073486
840,1.7695000171661377
841,1.6929999589920044
842,1.7335000038146973
843,1.7144999504089355
844,1.7244999408721924
845,1.7510000467300415
846,1.81850004196167
847,1.7165000438690186
848,1.7365000247955322
849,1.6729999780654907
850,1.815000057220459
851,1.7354999780654907
852,1.7545000314712524
853,1.74399995803833
854,1.7039999961853027
855,1.808500051498413
856,1.6265000104904175
857,1.7890000343322754
858,1.7050000429153442
859,1.7730000019073486
860,1.7640000581741333
861,1.7300000190734863
862,1.7899999618530273
863,1.7675000429153442
864,1.7055000066757202
865,1.787500023841858
866,1.6955000162124634
867,1.6115000247955322
868,1.805999994277954
869,1.7829999923706055
870,1.7454999685287476
871,1.9194999933242798
872,1.6729999780654907
873,1.7204999923706055
874,1.815999984741211
875,1.6929999589920044
876,1.8849999904632568
877,1.722000002861023
878,1.7289999723434448
879,1.780500054359436
880,1.8224999904632568
881,1.7050000429153442
882,1.746500015258789
883,1.8289999961853027
884,1.715000033378601
885,1.6924999952316284
886,1.7699999809265137
887,1.8144999742507935
888,1.7699999809265137
889,1.7964999675750732
890,1.781999945640564
891,1.7554999589920044
892,1.7860000133514404
893,1.6864999532699585
894,1.6759999990463257
895,1.7630000114440918
896,1.7424999475479126
897,1.784000039100647
898,1.7300000190734863
899,1.7994999885559082
900,1.7350000143051147
901,1.7389999628067017
902,1.7115000486373901
903,1.7300000190734863
904,1.718500018119812
905,1.7400000095367432
906,1.659999966621399
907,1.7024999856948853
908,1.7690000534057617
909,1.7269999980926514
910,1.7675000429153442
911,1.8044999837875366
912,1.7660000324249268
913,1.8044999837875366
914,1.6825000047683716
915,1.7239999771118164
916,1.715999960899353
917,1.7640000581741333
918,1.6855000257492065
919,1.6890000104904175
920,1.784999966621399
921,1.7984999418258667
922,1.753000020980835
923,1.7589999437332153
924,1.7740000486373901
925,1.816499948501587
926,1.7599999904632568
927,1.7005000114440918
928,1.7760000228881836
929,1.8170000314712524
930,1.7829999923706055
931,1.8279999494552612
932,1.7719999551773071
933,1.8229999542236328
934,1.7094999551773071
935,1.7274999618530273
936,1.7244999408721924
937,1.7714999914169312
938,1.756500005722046
939,1.7315000295639038
940,1.7905000448226929
941,1.721500039100647
942,1.8504999876022339
943,1.6260000467300415
944,1.8329999446868896
945,1.7100000381469727
946,1.684499979019165
947,1.6584999561309814
948,1.7165000438690186
949,1.7109999656677246
950,1.7634999752044678
951,1.7415000200271606
952,1.7365000247955322
953,1.812999963760376
954,1.7899999618530273
955,1.75600004196167
956,1.715999960899353
957,1.7825000286102295
958,1.69350004196167
959,1.628499984741211
960,1.6770000457763672
961,1.6339999437332153
962,1.784999966621399
963,1.7174999713897705
964,1.7144999504089355
965,1.7005000114440918
966,1.6964999437332153
967,1.7869999408721924
968,1.6924999952316284
969,1.74399995803833
970,1.6990000009536743
971,1.7365000247955322
972,1.8135000467300415
973,1.7955000400543213
974,1.781999945640564
975,1.6705000400543213
976,1.725000023841858
977,1.7934999465942383
978,1.7480000257492065
979,1.7105000019073486
980,1.7855000495910645
981,1.7070000171661377
982,1.7000000476837158
983,1.7324999570846558
984,1.7484999895095825
985,1.7480000257492065
986,1.7430000305175781
987,1.7595000267028809
988,1.6089999675750732
989,1.6725000143051147
990,1.7319999933242798
991,1.7085000276565552
992,1.8494999408721924
993,1.875499963760376
994,1.7519999742507935
995,1.787500023841858
996,1.8105000257492065
997,1.75600004196167
998,1.6675000190734863
999,1.715000033378601
1000,1.7105000019073486
1001,1.8274999856948853
1002,1.6740000247955322
1003,1.7209999561309814
1004,1.6820000410079956
1005,1.7725000381469727
1006,1.7515000104904175
1007,1.8244999647140503
1008,1.7994999885559082
1009,1.7669999599456787
1010,1.7934999465942383
1011,1.8079999685287476
1012,1.6295000314712524
1013,1.7675000429153442
1014,1.7929999828338623
1015,1.7389999628067017
1016,1.753000020980835
1017,1.7304999828338623
1018,1.7545000314712524
1019,1.8285000324249268
1020,1.7384999990463257
1021,1.7669999599456787
1022,1.7569999694824219
1023,1.725000023841858
1024,1.7024999856948853
1025,1.7684999704360962
1026,1.8654999732971191
1027,1.7855000495910645
1028,1.687999963760376
1029,1.7554999589920044
1030,1.6045000553131104
1031,1.7139999866485596
1032,1.6805000305175781
1033,1.8550000190734863
1034,1.752500057220459
1035,1.6974999904632568
1036,1.7955000400543213
1037,1.7905000448226929
1038,1.7384999990463257
1039,1.8140000104904175
1040,1.7964999675750732
1041,1.808500051498413
1042,1.7415000200271606
1043,1.656999945640564
1044,1.7304999828338623
1045,1.781999945640564
1046,1.7070000171661377
1047,1.7274999618530273
1048,1.7510000467300415
1049,1.747499942779541
1050,1.747499942779541
1051,1.7799999713897705
1052,1.8424999713897705
1053,1.7680000066757202
1054,1.777999997138977
1055,1.6785000562667847
1056,1.7415000200271606
1057,1.68149995803833
1058,1.7415000200271606
1059,1.7649999856948853
1060,1.8070000410079956
1061,1.787500023841858
1062,1.687000036239624
1063,1.6690000295639038
1064,1.6994999647140503
1065,1.725000023841858
1066,1.7519999742507935
1067,1.6759999990463257
1068,1.7630000114440918
1069,1.6855000257492065
1070,1.6974999904632568
1071,1.6990000009536743
1072,1.8224999904632568
1073,1.6785000562667847
1074,1.7994999885559082
1075,1.7480000257492065
1076,1.7660000324249268
1077,1.7515000104904175
1078,1.7300000190734863
1079,1.6985000371932983
1080,1.7769999504089355
1081,1.7330000400543213
1082,1.7489999532699585
1083,1.7139999866485596
1084,1.7890000343322754
1085,1.6584999561309814
1086,1.7454999685287476
1087,1.7640000581741333
1088,1.7664999961853027
1089,1.7994999885559082
1090,1.756500005722046
1091,1.7549999952316284
1092,1.725000023841858
1093,1.7100000381469727
1094,1.690500020980835
1095,1.7569999694824219
1096,1.7079999446868896
1097,1.6629999876022339
1098,1.7920000553131104
1099,1.7235000133514404
1100,1.840999960899353
1101,1.6454999446868896
1102,1.7454999685287476
1103,1.8079999685287476
1104,1.8214999437332153
1105,1.715999960899353
1106,1.743499994277954
1107,1.7085000276565552
1108,1.7619999647140503
1109,1.7610000371932983
1110,1.6920000314712524
1111,1.7135000228881836
1112,1.6875
1113,1.746000051498413
1114,1.8380000591278076
1115,1.6764999628067017
1116,1.8005000352859497
1117,1.7345000505447388
1118,1.746999979019165
1119,1.7799999713897705
1120,1.753499984741211
1121,1.80649995803833
1122,1.815999984741211
1123,1.812000036239624
1124,1.7604999542236328
1125,1.7315000295639038
1126,1.8309999704360962
1127,1.7065000534057617
1128,1.8174999952316284
1129,1.74399995803833
1130,1.7204999923706055
1131,1.7619999647140503
1132,1.722000002861023
1133,1.6505000591278076
1134,1.691499948501587
1135,1.7580000162124634
1136,1.6124999523162842
1137,1.8205000162124634
1138,1.80649995803833
1139,1.7745000123977661
1140,1.7115000486373901
1141,1.8300000429153442
1142,1.7510000467300415
1143,1.7345000505447388
1144,1.7619999647140503
1145,1.7410000562667847
1146,1.6024999618530273
1147,1.7170000076293945
1148,1.7384999990463257
1149,1.8179999589920044
1150,1.7445000410079956
1151,1.7165000438690186
1152,1.6829999685287476
1153,1.777999997138977
1154,1.7615000009536743
1155,1.6799999475479126
1156,1.8244999647140503
1157,1.6505000591278076
1158,1.6785000562667847
1159,1.7664999961853027
1160,1.6644999980926514
1161,1.805999994277954
1162,1.725000023841858
1163,1.6484999656677246
1164,1.625
1165,1.7684999704360962
1166,1.7884999513626099
1167,1.7625000476837158
1168,1.7519999742507935
1169,1.7259999513626099
1170,1.7604999542236328
1171,1.6705000400543213
1172,1.6779999732971191
1173,1.7640000581741333
1174,1.7949999570846558
1175,1.7359999418258667
1176,1.7634999752044678
1177,1.7584999799728394
1178,1.7725000381469727
1179,1.653499960899353
1180,1.781000018119812
1181,1.777500033378601
1182,1.7089999914169312
1183,1.7079999446868896
1184,1.6794999837875366
1185,1.746999979019165
1186,1.747499942779541
1187,1.7519999742507935
1188,1.6699999570846558
1189,1.6924999952316284
1190,1.781999945640564
1191,1.6365000009536743
1192,1.7380000352859497
1193,1.8309999704360962
1194,1.8125
1195,1.7050000429153442
1196,1.6759999990463257
1197,1.781000018119812
1198,1.7584999799728394
1199,1.7595000267028809
1200,1.7319999933242798
1201,1.8035000562667847
1202,1.7395000457763672
1203,1.8305000066757202
1204,1.753499984741211
1205,1.750499963760376
1206,1.6640000343322754
1207,1.7604999542236328
1208,1.7984999418258667
1209,1.7584999799728394
1210,1.6944999694824219
1211,1.6629999876022339
1212,1.6790000200271606
1213,1.7319999933242798
1214,1.6640000343322754
1215,1.784000039100647
1216,1.7000000476837158
1217,1.7964999675750732
1218,1.906999945640564
1219,1.5744999647140503
1220,1.753999948501587
1221,1.8070000410079956
1222,1.7680000066757202
1223,1.7960000038146973
1224,1.8489999771118164
1225,1.7730000019073486
1226,1.687999963760376
1227,1.7970000505447388
1228,1.7235000133514404
1229,1.690500020980835
1230,1.7630000114440918
1231,1.8114999532699585
1232,1.662500023841858
1233,1.7604999542236328
1234,1.7834999561309814
1235,1.7094999551773071
1236,1.7274999618530273
1237,1.7074999809265137
1238,1.7070000171661377
1239,1.7369999885559082
1240,1.7269999980926514
1241,1.7619999647140503
1242,1.7649999856948853
1243,1.8079999685287476
1244,1.7515000104904175
1245,1.6165000200271606
1246,1.7335000038146973
1247,1.7044999599456787
1248,1.7330000400543213
1249,1.7389999628067017
1250,1.7825000286102295
1251,1.8574999570846558
1252,1.6549999713897705
1253,1.7645000219345093
1254,1.6820000410079956
1255,1.7580000162124634
1256,1.7755000591278076
1257,1.6480000019073486
1258,1.7300000190734863
1259,1.7354999780654907
1260,1.725000023841858
1261,1.7070000171661377
1262,1.7925000190734863
1263,1.7309999465942383
1264,1.6664999723434448
1265,1.69350004196167
1266,1.847000002861023
1267,1.750499963760376
1268,1.7890000343322754
1269,1.7389999628067017
1270,1.712499976158142
1271,1.75600004196167
1272,1.781999945640564
1273,1.7035000324249268
1274,1.7295000553131104
1275,1.6785000562667847
1276,1.7825000286102295
1277,1.7879999876022339
1278,1.778499960899353
1279,1.7640000581741333
1280,1.7515000104904175
1281,1.8339999914169312
1282,1.7059999704360962
1283,1.753499984741211
1284,1.7289999723434448
1285,1.7369999885559082
1286,1.7094999551773071
1287,1.8615000247955322
1288,1.652500033378601
1289,1.683500051498413
1290,1.718500018119812
1291,1.7295000553131104
1292,1.7664999961853027
1293,1.7549999952316284
1294,1.7000000476837158
1295,1.7825000286102295
1296,1.7089999914169312
1297,1.6974999904632568
1298,1.7894999980926514
1299,1.7395000457763672
1300,1.8259999752044678
1301,1.7975000143051147
1302,1.6605000495910645
1303,1.7419999837875366
1304,1.7869999408721924
1305,1.7100000381469727
1306,1.722499966621399
1307,1.6924999952316284
1308,1.7934999465942383
1309,1.6920000314712524
1310,1.778499960899353
1311,1.690500020980835
1312,1.7899999618530273
1313,1.8144999742507935
1314,1.7345000505447388
1315,1.7239999771118164
1316,1.8025000095367432
1317,1.6894999742507935
1318,1.715999960899353
1319,1.6605000495910645
1320,1.7955000400543213
1321,1.850000023841858
1322,1.7304999828338623
1323,1.6469999551773071
1324,1.8344999551773071
1325,1.8240000009536743
1326,1.6360000371932983
1327,1.7545000314712524
1328,1.7549999952316284
1329,1.756500005722046
1330,1.8964999914169312
1331,1.8624999523162842
1332,1.718999981880188
1333,1.8279999494552612
1334,1.7554999589920044
1335,1.7339999675750732
1336,1.68149995803833
1337,1.690999984741211
1338,1.7430000305175781
1339,1.752500057220459
1340,1.8769999742507935
1341,1.7319999933242798
1342,1.715000033378601
1343,1.7274999618530273
1344,1.7170000076293945
1345,1.777999997138977
1346,1.7545000314712524
1347,1.6985000371932983
1348,1.6894999742507935
1349,1.5379999876022339
1350,1.7755000591278076
1351,1.6644999980926514
1352,1.7869999408721924
1353,1.7589999437332153
1354,1.694000005722046
1355,1.7799999713897705
1356,1.75600004196167
1357,1.8029999732971191
1358,1.687000036239624
1359,1.6974999904632568
1360,1.659999966621399
1361,1.7719999551773071
1362,1.7554999589920044
1363,1.694000005722046
1364,1.7070000171661377
1365,1.7864999771118164
1366,1.7259999513626099
1367,1.7829999923706055
1368,1.8519999980926514
1369,1.7584999799728394
1370,1.7424999475479126
1371,1.7304999828338623
1372,1.8324999809265137
1373,1.7730000019073486
1374,1.6890000104904175
1375,1.7595000267028809
1376,1.7630000114440918
1377,1.750499963760376
1378,1.9249999523162842
1379,1.7949999570846558
1380,1.784000039100647
1381,1.753000020980835
1382,1.8320000171661377
1383,1.690500020980835
1384,1.7604999542236328
1385,1.621000051498413
1386,1.7669999599456787
1387,1.7044999599456787
1388,1.7345000505447388
1389,1.7365000247955322
1390,1.8029999732971191
1391,1.7695000171661377
1392,1.7719999551773071
1393,1.7024999856948853
1394,1.8179999589920044
1395,1.7039999961853027
1396,1.7389999628067017
1397,1.7309999465942383
1398,1.815000057220459
1399,1.840999960899353
1400,1.7764999866485596
1401,1.809499979019165
1402,1.815000057220459
1403,1.8849999904632568
1404,1.7929999828338623
1405,1.7515000104904175
1406,1.6990000009536743
1407,1.7654999494552612
1408,1.746000051498413
1409,1.8020000457763672
1410,1.7680000066757202
1411,1.683500051498413
1412,1.8585000038146973
1413,1.712499976158142
1414,1.815500020980835
1415,1.8005000352859497
1416,1.7675000429153442
1417,1.7324999570846558
1418,1.7575000524520874
1419,1.7230000495910645
1420,1.6974999904632568
1421,1.8170000314712524
1422,1.7339999675750732
1423,1.8524999618530273
1424,1.7734999656677246
1425,1.7295000553131104
1426,1.7944999933242798
1427,1.7755000591278076
1428,1.7230000495910645
1429,1.8305000066757202
1430,1.7790000438690186
1431,1.6894999742507935
1432,1.7714999914169312
1433,1.8214999437332153
1434,1.7094999551773071
1435,1.6469999551773071
1436,1.7625000476837158
1437,1.7130000591278076
1438,1.774999976158142
1439,1.6974999904632568
1440,1.7259999513626099
1441,1.7009999752044678
1442,1.7330000400543213
1443,1.805999994277954
1444,1.7589999437332153
1445,1.7354999780654907
1446,1.6970000267028809
1447,1.7345000505447388
1448,1.7369999885559082
1449,1.6944999694824219
1450,1.652999997138977
1451,1.7200000286102295
1452,1.6584999561309814
1453,1.8765000104904175
1454,1.7085000276565552
1455,1.7949999570846558
1456,1.7519999742507935
1457,1.7059999704360962
1458,1.6720000505447388
1459,1.7695000171661377
1460,1.715499997138977
1461,1.6749999523162842
1462,1.6584999561309814
1463,1.7905000448226929
1464,1.752500057220459
1465,1.6684999465942383
1466,1.777500033378601
1467,1.7315000295639038
1468,1.753000020980835
1469,1.7100000381469727
1470,1.7684999704360962
1471,1.805999994277954
1472,1.6740000247955322
1473,1.8005000352859497
1474,1.694000005722046
1475,1.8200000524520874
1476,1.7944999933242798
1477,1.756500005722046
1478,1.627500057220459
1479,1.7295000553131104
1480,1.7675000429153442
1481,1.7139999866485596
1482,1.8279999494552612
1483,1.8135000467300415
1484,1.8070000410079956
1485,1.6545000076293945
1486,1.7640000581741333
1487,1.7484999895095825
1488,1.7430000305175781
1489,1.719499945640564
1490,1.7515000104904175
1491,1.7879999876022339
1492,1.8170000314712524
1493,1.749500036239624
1494,1.752500057220459
1495,1.7640000581741333
1496,1.7254999876022339
1497,1.7055000066757202
1498,1.7380000352859497
1499,1.7335000038146973
1500,1.8274999856948853
1501,1.718000054359436
1502,1.6740000247955322
1503,1.7330000400543213
1504,1.7120000123977661
1505,1.7135000228881836
1506,1.690500020980835
1507,1.756500005722046
1508,1.7695000171661377
1509,1.7879999876022339
1510,1.722499966621399
1511,1.7070000171661377
1512,1.6390000581741333
1513,1.6864999532699585
1514,1.7410000562667847
1515,1.8615000247955322
1516,1.7079999446868896
1517,1.7454999685287476
1518,1.7669999599456787
1519,1.809999942779541
1520,1.7339999675750732
1521,1.7359999418258667
1522,1.746999979019165
1523,1.7690000534057617
1524,1.7359999418258667
1525,1.6705000400543213
1526,1.7769999504089355
1527,1.7400000095367432
1528,1.6955000162124634
1529,1.8265000581741333
1530,1.7625000476837158
1531,1.8029999732971191
1532,1.7619999647140503
1533,1.6990000009536743
1534,1.7834999561309814
1535,1.7085000276565552
1536,1.659000039100647
1537,1.7960000038146973
1538,1.621000051498413
1539,1.7120000123977661
1540,1.7745000123977661
1541,1.7345000505447388
1542,1.809999942779541
1543,1.7424999475479126
1544,1.7109999656677246
1545,1.652999997138977
1546,1.6985000371932983
1547,1.8415000438690186
1548,1.7905000448226929
1549,1.75600004196167
1550,1.691499948501587
1551,1.8680000305175781
1552,1.81850004196167
1553,1.690999984741211
1554,1.7089999914169312
1555,1.815000057220459
1556,1.6985000371932983
1557,1.6475000381469727
1558,1.7319999933242798
1559,1.7269999980926514
1560,1.8450000286102295
1561,1.719499945640564
1562,1.7764999866485596
1563,1.7174999713897705
1564,1.7855000495910645
1565,1.6684999465942383
1566,1.753999948501587
1567,1.7994999885559082
1568,1.69350004196167
1569,1.6944999694824219
1570,1.7300000190734863
1571,1.7675000429153442
1572,1.7105000019073486
1573,1.6610000133514404
1574,1.7829999923706055
1575,1.7610000371932983
1576,1.722499966621399
1577,1.7599999904632568
1578,1.7595000267028809
1579,1.787500023841858
1580,1.8105000257492065
1581,1.7984999418258667
1582,1.722000002861023
1583,1.787500023841858
1584,1.847000002861023
1585,1.7000000476837158
1586,1.8270000219345093
1587,1.8919999599456787
1588,1.7135000228881836
1589,1.7374999523162842
1590,1.659000039100647
1591,1.7615000009536743
1592,1.7100000381469727
1593,1.7949999570846558
1594,1.7554999589920044
1595,1.6365000009536743
1596,1.6540000438690186
1597,1.7569999694824219
1598,1.7589999437332153
1599,1.7920000553131104
1600,1.7964999675750732
1601,1.75
1602,1.7354999780654907
1603,1.7130000591278076
1604,1.7704999446868896
1605,1.809499979019165
1606,1.5800000429153442
1607,1.7549999952316284
1608,1.7089999914169312
1609,1.718000054359436
1610,1.7645000219345093
1611,1.7365000247955322
1612,1.7065000534057617
1613,1.722499966621399
1614,1.746000051498413
1615,1.7400000095367432
1616,1.718000054359436
1617,1.7944999933242798
1618,1.8140000104904175
1619,1.7070000171661377
1620,1.753000020980835
1621,1.7795000076293945
1622,1.809000015258789
1623,1.7669999599456787
1624,1.8265000581741333
1625,1.8020000457763672
1626,1.684499979019165
1627,1.7044999599456787
1628,1.9175000190734863
1629,1.6460000276565552
1630,1.684499979019165
1631,1.6720000505447388
1632,1.6964999437332153
1633,1.7999999523162842
1634,1.7079999446868896
1635,1.7829999923706055
1636,1.7944999933242798
1637,1.7100000381469727
1638,1.7580000162124634
1639,1.7339999675750732
1640,1.690000057220459
1641,1.662500023841858
1642,1.7300000190734863
1643,1.8075000047683716
1644,1.6649999618530273
1645,1.7259999513626099
1646,1.6944999694824219
1647,1.7274999618530273
1648,1.7740000486373901
1649,1.6469999551773071
1650,1.7914999723434448
1651,1.6749999523162842
1652,1.7319999933242798
1653,1.6399999856948853
1654,1.6829999685287476
1655,1.7359999418258667
1656,1.8890000581741333
1657,1.7675000429153442
1658,1.7654999494552612
1659,1.7079999446868896
1660,1.8049999475479126
1661,1.621000051498413
1662,1.7545000314712524
1663,1.781499981880188
1664,1.7944999933242798
1665,1.7424999475479126
1666,1.7039999961853027
1667,1.719499945640564
1668,1.8135000467300415
1669,1.7584999799728394
1670,1.7990000247955322
1671,1.7764999866485596
1672,1.6734999418258667
1673,1.7200000286102295
1674,1.8624999523162842
1675,1.8044999837875366
1676,1.8105000257492065
1677,1.7085000276565552
1678,1.777500033378601
1679,1.784999966621399
1680,1.7130000591278076
1681,1.7300000190734863
1682,1.877500057220459
1683,1.8144999742507935
1684,1.7575000524520874
1685,1.722499966621399
1686,1.6729999780654907
1687,1.784000039100647
1688,1.7400000095367432
1689,1.746999979019165
1690,1.7975000143051147
1691,1.7675000429153442
1692,1.7395000457763672
1693,1.7519999742507935
1694,1.7599999904632568
1695,1.8020000457763672
1696,1.8055000305175781
1697,1.7554999589920044
1698,1.7684999704360962
1699,1.7994999885559082
1700,1.812999963760376
1701,1.7584999799728394
1702,1.7740000486373901
1703,1.7489999532699585
1704,1.8244999647140503
1705,1.718500018119812
1706,1.7235000133514404
1707,1.7239999771118164
1708,1.7684999704360962
1709,1.8415000438690186
1710,1.8235000371932983
1711,1.7944999933242798
1712,1.7640000581741333
1713,1.7899999618530273
1714,1.7649999856948853
1715,1.809000015258789
1716,1.7070000171661377
1717,1.7690000534057617
1718,1.6584999561309814
1719,1.6779999732971191
1720,1.8079999685287476
1721,1.7649999856948853
1722,1.8255000114440918
1723,1.7894999980926514
1724,1.6859999895095825
1725,1.7274999618530273
1726,1.8250000476837158
1727,1.7755000591278076
1728,1.7834999561309814
1729,1.6759999990463257
1730,1.7975000143051147
1731,1.7515000104904175
1732,1.6019999980926514
1733,1.7834999561309814
1734,1.7309999465942383
1735,1.805999994277954
1736,1.6634999513626099
1737,1.7955000400543213
1738,1.7480000257492065
1739,1.6890000104904175
1740,1.8645000457763672
1741,1.7519999742507935
1742,1.7335000038146973
1743,1.8370000123977661
1744,1.6505000591278076
1745,1.7740000486373901
1746,1.74399995803833
1747,1.7569999694824219
1748,1.7510000467300415
1749,1.7454999685287476
1750,1.7380000352859497
1751,1.7209999561309814
1752,1.7795000076293945
1753,1.7100000381469727
1754,1.7300000190734863
1755,1.6495000123977661
1756,1.7430000305175781
1757,1.7994999885559082
1758,1.74399995803833
1759,1.683500051498413
1760,1.7719999551773071
1761,1.781499981880188
1762,1.7374999523162842
1763,1.7640000581741333
1764,1.7764999866485596
1765,1.8194999694824219
1766,1.7549999952316284
1767,1.8550000190734863
1768,1.8854999542236328
1769,1.7424999475479126
1770,1.878499984741211
1771,1.6115000247955322
1772,1.7725000381469727
1773,1.6805000305175781
1774,1.7554999589920044
1775,1.7575000524520874
1776,1.7074999809265137
1777,1.7699999809265137
1778,1.6775000095367432
1779,1.7914999723434448
1780,1.7300000190734863
1781,1.7899999618530273
1782,1.8040000200271606
1783,1.743499994277954
1784,1.81850004196167
1785,1.7304999828338623
1786,1.7450000047683716
1787,1.780500054359436
1788,1.7510000467300415
1789,1.746999979019165
1790,1.7684999704360962
1791,1.7960000038146973
1792,1.7235000133514404
1793,1.787500023841858
1794,1.7519999742507935
1795,1.7595000267028809
1796,1.715499997138977
1797,1.815000057220459
1798,1.8450000286102295
1799,1.6929999589920044
1800,1.7015000581741333
1801,1.75
1802,1.7869999408721924
1803,1.6009999513626099
1804,1.6579999923706055
1805,1.7630000114440918
1806,1.6074999570846558
1807,1.7890000343322754
1808,1.7285000085830688
1809,1.7795000076293945
1810,1.9129999876022339
1811,1.7595000267028809
1812,1.6690000295639038
1813,1.753999948501587
1814,1.875499963760376
1815,1.7625000476837158
1816,1.7410000562667847
1817,1.680999994277954
1818,1.680999994277954
1819,1.8194999694824219
1820,1.7615000009536743
1821,1.6545000076293945
1822,1.7065000534057617
1823,1.7339999675750732
1824,1.6799999475479126
1825,1.6990000009536743
1826,1.7899999618530273
1827,1.7130000591278076
1828,1.75
1829,1.722000002861023
1830,1.7795000076293945
1831,1.7645000219345093
1832,1.746000051498413
1833,1.7730000019073486
1834,1.8300000429153442
1835,1.7445000410079956
1836,1.7000000476837158
1837,1.815000057220459
1838,1.7860000133514404
1839,1.7259999513626099
1840,1.7920000553131104
1841,1.6875
1842,1.7580000162124634
1843,1.7669999599456787
1844,1.8005000352859497
1845,1.6404999494552612
1846,1.8114999532699585
1847,1.6825000047683716
1848,1.8140000104904175
1849,1.7035000324249268
1850,1.8029999732971191
1851,1.7984999418258667
1852,1.6859999895095825
1853,1.7595000267028809
1854,1.7395000457763672
1855,1.7035000324249268
1856,1.8545000553131104
1857,1.8109999895095825
1858,1.6770000457763672
1859,1.715000033378601
1860,1.868499994277954
1861,1.8420000076293945
1862,1.7044999599456787
1863,1.7144999504089355
1864,1.7944999933242798
1865,1.7970000505447388
1866,1.68149995803833
1867,1.8009999990463257
1868,1.625
1869,1.7984999418258667
1870,1.7719999551773071
1871,1.7269999980926514
1872,1.6799999475479126
1873,1.6605000495910645
1874,1.784999966621399
1875,1.7389999628067017
1876,1.7660000324249268
1877,1.7300000190734863
1878,1.7894999980926514
1879,1.7424999475479126
1880,1.7934999465942383
1881,1.69350004196167
1882,1.7645000219345093
1883,1.749500036239624
1884,1.7725000381469727
1885,1.7130000591278076
1886,1.7445000410079956
1887,1.7795000076293945
1888,1.7769999504089355
1889,1.8020000457763672
1890,1.7795000076293945
1891,1.7050000429153442
1892,1.7589999437332153
1893,1.7130000591278076
1894,1.7419999837875366
1895,1.7684999704360962
1896,1.7115000486373901
1897,1.690999984741211
1898,1.7289999723434448
1899,1.6584999561309814
1900,1.753499984741211
1901,1.8294999599456787
1902,1.7005000114440918
1903,1.7059999704360962
1904,1.784999966621399
1905,1.784000039100647
1906,1.7894999980926514
1907,1.8315000534057617
1908,1.777999997138977
1909,1.7454999685287476
1910,1.7020000219345093
1911,1.8344999551773071
1912,1.6785000562667847
1913,1.750499963760376
1914,1.837499976158142
1915,1.7719999551773071
1916,1.7869999408721924
1917,1.8539999723434448
1918,1.7295000553131104
1919,1.7139999866485596
1920,1.715000033378601
1921,1.7295000553131104
1922,1.683500051498413
1923,1.8240000009536743
1924,1.7799999713897705
1925,1.747499942779541
1926,1.7300000190734863
1927,1.718500018119812
1928,1.8300000429153442
1929,1.7130000591278076
1930,1.8645000457763672
1931,1.81850004196167
1932,1.7999999523162842
1933,1.6150000095367432
1934,1.6950000524520874
1935,1.7675000429153442
1936,1.6749999523162842
1937,1.746000051498413
1938,1.8639999628067017
1939,1.7489999532699585
1940,1.659000039100647
1941,1.746500015258789
1942,1.7554999589920044
1943,1.875499963760376
1944,1.6714999675750732
1945,1.8279999494552612
1946,1.7115000486373901
1947,1.7039999961853027
1948,1.7354999780654907
1949,1.6384999752044678
1950,1.6349999904632568
1951,1.7914999723434448
1952,1.8174999952316284
1953,1.7094999551773071
1954,1.7254999876022339
1955,1.8125
1956,1.7575000524520874
1957,1.7855000495910645
1958,1.718000054359436
1959,1.7899999618530273
1960,1.7829999923706055
1961,1.7389999628067017
1962,1.6794999837875366
1963,1.7484999895095825
1964,1.7130000591278076
1965,1.7914999723434448
1966,1.683500051498413
1967,1.6979999542236328
1968,1.718999981880188
1969,1.749500036239624
1970,1.7970000505447388
1971,1.7554999589920044
1972,1.6749999523162842
1973,1.7664999961853027
1974,1.7109999656677246
1975,1.7510000467300415
1976,1.7285000085830688
1977,1.6675000190734863
1978,1.774999976158142
1979,1.7395000457763672
1980,1.715000033378601
1981,1.6519999504089355
1982,1.7105000019073486
1983,1.750499963760376
1984,1.7869999408721924
1985,1.6510000228881836
1986,1.6545000076293945
1987,1.7170000076293945
1988,1.75
1989,1.80649995803833
1990,1.8585000038146973
1991,1.843999981880188
1992,1.8265000581741333
1993,1.690500020980835
1994,1.7640000581741333
1995,1.7484999895095825
1996,1.7020000219345093
1997,1.7630000114440918
1998,1.7339999675750732
1999,1.7424999475479126
2000,1.725000023841858
2001,1.8229999542236328
2002,1.753499984741211
2003,1.7710000276565552
2004,1.8220000267028809
2005,1.7664999961853027
2006,1.7335000038146973
2007,1.6610000133514404
2008,1.6829999685287476
2009,1.8009999990463257
2010,1.7925000190734863
2011,1.746000051498413
2012,1.7265000343322754
2013,1.8344999551773071
2014,1.753499984741211
2015,1.871000051498413
2016,1.6675000190734863
2017,1.8344999551773071
2018,1.6799999475479126
2019,1.812000036239624
2020,1.6794999837875366
2021,1.6920000314712524
2022,1.7424999475479126
2023,1.7265000343322754
2024,1.7309999465942383
2025,1.7389999628067017
2026,1.6924999952316284
2027,1.7640000581741333
2028,1.840999960899353
2029,1.8040000200271606
2030,1.7925000190734863
2031,1.7760000228881836
2032,1.8240000009536743
2033,1.756500005722046
2034,1.6634999513626099
2035,1.7454999685287476
2036,1.8380000591278076
2037,1.7825000286102295
2038,1.6890000104904175
2039,1.7549999952316284
2040,1.7430000305175781
2041,1.7929999828338623
2042,1.656000018119812
2043,1.6640000343322754
2044,1.7239999771118164
2045,1.7354999780654907
2046,1.7269999980926514
2047,1.8305000066757202
2048,1.6805000305175781
2049,1.7745000123977661
2050,1.7209999561309814
2051,1.8849999904632568
2052,1.749500036239624
2053,1.7304999828338623
2054,1.6425000429153442
2055,1.7929999828338623
2056,1.7764999866485596
2057,1.7389999628067017
2058,1.680999994277954
2059,1.7619999647140503
2060,1.7545000314712524
2061,1.7354999780654907
2062,1.7834999561309814
2063,1.7690000534057617
2064,1.7999999523162842
2065,1.8339999914169312
2066,1.8315000534057617
2067,1.6805000305175781
2068,1.7480000257492065
2069,1.715499997138977
2070,1.7654999494552612
2071,1.7289999723434448
2072,1.7619999647140503
2073,1.6799999475479126
2074,1.6575000286102295
2075,1.7960000038146973
2076,1.7115000486373901
2077,1.7165000438690186
2078,1.7599999904632568
2079,1.6734999418258667
2080,1.812000036239624
2081,1.7695000171661377
2082,1.6634999513626099
2083,1.809999942779541
2084,1.7610000371932983
2085,1.7960000038146973
2086,1.7625000476837158
2087,1.8524999618530273
2088,1.7595000267028809
2089,1.7430000305175781
2090,1.6059999465942383
2091,1.8125
2092,1.8205000162124634
2093,1.7569999694824219
2094,1.8539999723434448
2095,1.7269999980926514
2096,1.6990000009536743
2097,1.7085000276565552
2098,1.7009999752044678
2099,1.7389999628067017
2100,1.8329999446868896
2101,1.8144999742507935
2102,1.8075000047683716
2103,1.7269999980926514
2104,1.659500002861023
2105,1.756500005722046
2106,1.881500005722046
2107,1.8315000534057617
2108,1.809999942779541
2109,1.7395000457763672
2110,1.777500033378601
2111,1.7415000200271606
2112,1.816499948501587
2113,1.8255000114440918
2114,1.7654999494552612
2115,1.7174999713897705
2116,1.6705000400543213
2117,1.7589999437332153
2118,1.6920000314712524
2119,1.6950000524520874
2120,1.7105000019073486
2121,1.7740000486373901
2122,1.871999979019165
2123,1.7719999551773071
2124,1.7879999876022339
2125,1.715999960899353
2126,1.8209999799728394
2127,1.7864999771118164
2128,1.6710000038146973
2129,1.6779999732971191
2130,1.7664999961853027
2131,1.718000054359436
2132,1.812999963760376
2133,1.8545000553131104
2134,1.6705000400543213
2135,1.7389999628067017
2136,1.6794999837875366
2137,1.6714999675750732
2138,1.75600004196167
2139,1.7374999523162842
2140,1.6694999933242798
2141,1.7660000324249268
2142,1.9005000591278076
2143,1.812000036239624
2144,1.7879999876022339
2145,1.7979999780654907
2146,1.7730000019073486
2147,1.7734999656677246
2148,1.7734999656677246
2149,1.6365000009536743
2150,1.7799999713897705
2151,1.8394999504089355
2152,1.7960000038146973
2153,1.7855000495910645
2154,1.809499979019165
2155,1.6454999446868896
2156,1.8229999542236328
2157,1.7359999418258667
2158,1.7920000553131104
2159,1.7695000171661377
2160,1.6475000381469727
2161,1.7519999742507935
2162,1.690999984741211
2163,1.7725000381469727
2164,1.746999979019165
2165,1.7899999618530273
2166,1.6759999990463257
2167,1.6380000114440918
2168,1.7384999990463257
2169,1.6894999742507935
2170,1.8389999866485596
2171,1.787500023841858
2172,1.8860000371932983
2173,1.8604999780654907
2174,1.7970000505447388
2175,1.6605000495910645
2176,1.7484999895095825
2177,1.7645000219345093
2178,1.7480000257492065
2179,1.7934999465942383
2180,1.7059999704360962
2181,1.7274999618530273
2182,1.7489999532699585
2183,1.7480000257492065
2184,1.7634999752044678
2185,1.6875
2186,1.746000051498413
2187,1.746999979019165
2188,1.7055000066757202
2189,1.8194999694824219
2190,1.628999948501587
2191,1.7489999532699585
2192,1.7690000534057617
2193,1.7120000123977661
2194,1.6794999837875366
2195,1.7065000534057617
2196,1.7165000438690186
2197,1.7949999570846558
2198,1.6694999933242798
2199,1.840499997138977
2200,1.6295000314712524
2201,1.725000023841858
2202,1.7610000371932983
2203,1.86899995803833
2204,1.7335000038146973
2205,1.8105000257492065
2206,1.6679999828338623
2207,1.7204999923706055
2208,1.7135000228881836
2209,1.7599999904632568
2210,1.8049999475479126
2211,1.752500057220459
2212,1.718500018119812
2213,1.7660000324249268
2214,1.712499976158142
2215,1.7684999704360962
2216,1.743499994277954
2217,1.7384999990463257
2218,1.6675000190734863
2219,1.6775000095367432
2220,1.7274999618530273
2221,1.6490000486373901
2222,1.691499948501587
2223,1.7035000324249268
2224,1.8020000457763672
2225,1.7634999752044678
2226,1.7745000123977661
2227,1.6540000438690186
2228,1.815000057220459
2229,1.7834999561309814
2230,1.753000020980835
2231,1.7860000133514404
2232,1.7109999656677246
2233,1.6460000276565552
2234,1.8235000371932983
2235,1.7864999771118164
2236,1.7879999876022339
2237,1.780500054359436
2238,1.7899999618530273
2239,1.715999960899353
2240,1.6484999656677246
2241,1.7319999933242798
2242,1.7074999809265137
2243,1.7589999437332153
2244,1.7144999504089355
2245,1.7484999895095825
2246,1.7074999809265137
2247,1.7790000438690186
2248,1.625499963760376
2249,1.7595000267028809
2250,1.7100000381469727
2251,1.7120000123977661
2252,1.7675000429153442
2253,1.7510000467300415
2254,1.7424999475479126
2255,1.7745000123977661
2256,1.7085000276565552
2257,1.7365000247955322
2258,1.6805000305175781
2259,1.7675000429153442
2260,1.7610000371932983
2261,1.690999984741211
2262,1.6684999465942383
2263,1.7445000410079956
2264,1.7914999723434448
2265,1.6755000352859497
2266,1.781499981880188
2267,1.8320000171661377
2268,1.7319999933242798
2269,1.8259999752044678
2270,1.718000054359436
2271,1.6785000562667847
2272,1.719499945640564
2273,1.7239999771118164
2274,1.7489999532699585
2275,1.6610000133514404
2276,1.7074999809265137
2277,1.784999966621399
2278,1.75
2279,1.6759999990463257
2280,1.7725000381469727
2281,1.7050000429153442
2282,1.7975000143051147
2283,1.715999960899353
2284,1.7319999933242798
2285,1.7755000591278076
2286,1.7130000591278076
2287,1.8235000371932983
2288,1.7549999952316284
2289,1.7684999704360962
2290,1.690000057220459
2291,1.781499981880188
2292,1.7899999618530273
2293,1.7625000476837158
2294,1.7235000133514404
2295,1.7994999885559082
2296,1.7400000095367432
2297,1.7269999980926514
2298,1.715999960899353
2299,1.7580000162124634
2300,1.7489999532699585
2301,1.8415000438690186
2302,1.7335000038146973
2303,1.7755000591278076
2304,1.7239999771118164
2305,1.7855000495910645
2306,1.7200000286102295
2307,1.7860000133514404
2308,1.7345000505447388
2309,1.752500057220459
2310,1.8825000524520874
2311,1.8135000467300415
2312,1.8055000305175781
2313,1.719499945640564
2314,1.7120000123977661
2315,1.7764999866485596
2316,1.7734999656677246
2317,1.7424999475479126
2318,1.7669999599456787
2319,1.7545000314712524
2320,1.8335000276565552
2321,1.7280000448226929
2322,1.7825000286102295
2323,1.7949999570846558
2324,1.7424999475479126
2325,1.7120000123977661
2326,1.7380000352859497
2327,1.8259999752044678
2328,1.7515000104904175
2329,1.7610000371932983
2330,1.7684999704360962
2331,1.7094999551773071
2332,1.8229999542236328
2333,1.7319999933242798
2334,1.7769999504089355
2335,1.7369999885559082
2336,1.812000036239624
2337,1.746000051498413
2338,1.7100000381469727
2339,1.7130000591278076
2340,1.8700000047683716
2341,1.7330000400543213
2342,1.7074999809265137
2343,1.7165000438690186
2344,1.721500039100647
2345,1.7374999523162842
2346,1.7769999504089355
2347,1.7549999952316284
2348,1.8339999914169312
2349,1.7730000019073486
2350,1.7940000295639038
2351,1.747499942779541
2352,1.7515000104904175
2353,1.7680000066757202
2354,1.6799999475479126
2355,1.7834999561309814
2356,1.753499984741211
2357,1.7165000438690186
2358,1.7610000371932983
2359,1.7350000143051147
2360,1.6710000038146973
2361,1.7879999876022339
2362,1.8109999895095825
2363,1.7860000133514404
2364,1.715499997138977
2365,1.7359999418258667
2366,1.6664999723434448
2367,1.7324999570846558
2368,1.7964999675750732
2369,1.7380000352859497
2370,1.7640000581741333
2371,1.86899995803833
2372,1.7295000553131104
2373,1.7204999923706055
2374,1.812000036239624
2375,1.8519999980926514
2376,1.7339999675750732
2377,1.7515000104904175
2378,1.690000057220459
2379,1.6764999628067017
2380,1.718000054359436
2381,1.809999942779541
2382,1.809999942779541
2383,1.7910000085830688
2384,1.7094999551773071
2385,1.7569999694824219
2386,1.7630000114440918
2387,1.7640000581741333
2388,1.6970000267028809
2389,1.7589999437332153
2390,1.687000036239624
2391,1.6124999523162842
2392,1.712499976158142
2393,1.6495000123977661
2394,1.781000018119812
2395,1.7445000410079956
2396,1.747499942779541
2397,1.8494999408721924
2398,1.7165000438690186
2399,1.8674999475479126
2400,1.787500023841858
2401,1.7200000286102295
2402,1.8109999895095825
2403,1.747499942779541
2404,1.715000033378601
2405,1.7914999723434448
2406,1.8554999828338623
2407,1.7610000371932983
2408,1.7050000429153442
2409,1.756500005722046
2410,1.784000039100647
2411,1.8029999732971191
2412,1.778499960899353
2413,1.8179999589920044
2414,1.691499948501587
2415,1.7944999933242798
2416,1.837499976158142
2417,1.7295000553131104
2418,1.7265000343322754
2419,1.656000018119812
2420,1.715000033378601
2421,1.6690000295639038
2422,1.8179999589920044
2423,1.6764999628067017
2424,1.7925000190734863
2425,1.7280000448226929
2426,1.7649999856948853
2427,1.7764999866485596
2428,1.6644999980926514
2429,1.7100000381469727
2430,1.7949999570846558
2431,1.6694999933242798
2432,1.7200000286102295
2433,1.7424999475479126
2434,1.781000018119812
2435,1.7510000467300415
2436,1.7994999885559082
2437,1.8585000038146973
2438,1.816499948501587
2439,1.6369999647140503
2440,1.7515000104904175
2441,1.7070000171661377
2442,1.6755000352859497
2443,1.7929999828338623
2444,1.718000054359436
2445,1.6929999589920044
2446,1.7100000381469727
2447,1.7645000219345093
2448,1.7015000581741333
2449,1.8244999647140503
2450,1.7105000019073486
2451,1.8014999628067017
2452,1.6339999437332153
2453,1.75600004196167
2454,1.7654999494552612
2455,1.7115000486373901
2456,1.7419999837875366
2457,1.7395000457763672
2458,1.7410000562667847
2459,1.7575000524520874
2460,1.7005000114440918
2461,1.7335000038146973
2462,1.781999945640564
2463,1.7350000143051147
2464,1.7649999856948853
2465,1.7640000581741333
2466,1.746999979019165
2467,1.8415000438690186
2468,1.7324999570846558
2469,1.784000039100647
2470,1.7384999990463257
2471,1.694000005722046
2472,1.7695000171661377
2473,1.778499960899353
2474,1.6974999904632568
2475,1.719499945640564
2476,1.7454999685287476
2477,1.8035000562667847
2478,1.7664999961853027
2479,1.8174999952316284
2480,1.7274999618530273
2481,1.7174999713897705
2482,1.7295000553131104
2483,1.721500039100647
2484,1.7944999933242798
2485,1.7634999752044678
2486,1.7615000009536743
2487,1.8125
2488,1.7625000476837158
2489,1.6859999895095825
2490,1.680999994277954
2491,1.7029999494552612
2492,1.7625000476837158
2493,1.7410000562667847
2494,1.7289999723434448
2495,1.7070000171661377
2496,1.7365000247955322
2497,1.718999981880188
2498,1.6744999885559082
2499,1.753000020980835
2500,1.6875
2501,1.7795000076293945
2502,1.756500005722046
2503,1.8365000486373901
2504,1.7289999723434448
2505,1.7489999532699585
2506,1.8005000352859497
2507,1.7994999885559082
2508,1.7359999418258667
2509,1.7584999799728394
2510,1.7454999685287476
2511,1.7575000524520874
2512,1.784000039100647
2513,1.7265000343322754
2514,1.75600004196167
2515,1.8494999408721924
2516,1.7964999675750732
2517,1.809999942779541
2518,1.684999942779541
2519,1.7545000314712524
2520,1.7580000162124634
2521,1.8485000133514404
2522,1.815500020980835
2523,1.7975000143051147
2524,1.6755000352859497
2525,1.7000000476837158
2526,1.7059999704360962
2527,1.777999997138977
2528,1.7354999780654907
2529,1.7984999418258667
2530,1.8385000228881836
2531,1.6640000343322754
2532,1.7584999799728394
2533,1.683500051498413
2534,1.6339999437332153
2535,1.652500033378601
2536,1.8070000410079956
2537,1.6790000200271606
2538,1.7760000228881836
2539,1.7309999465942383
2540,1.7714999914169312
2541,1.75
2542,1.7640000581741333
2543,1.7649999856948853
2544,1.7510000467300415
2545,1.8565000295639038
2546,1.75600004196167
2547,1.7120000123977661
2548,1.6955000162124634
2549,1.7289999723434448
2550,1.7424999475479126
2551,1.8220000267028809
2552,1.7654999494552612
2553,1.7204999923706055
2554,1.7204999923706055
2555,1.743499994277954
2556,1.7130000591278076
2557,1.6514999866485596
2558,1.694000005722046
2559,1.7510000467300415
2560,1.7330000400543213
2561,1.6859999895095825
2562,1.8324999809265137
2563,1.722499966621399
2564,1.7975000143051147
2565,1.7410000562667847
2566,1.8270000219345093
2567,1.7335000038146973
2568,1.7130000591278076
2569,1.8109999895095825
2570,1.7354999780654907
2571,1.6749999523162842
2572,1.8265000581741333
2573,1.7065000534057617
2574,1.7649999856948853
2575,1.753999948501587
2576,1.6994999647140503
2577,1.7120000123977661
2578,1.7115000486373901
2579,1.715000033378601
2580,1.7395000457763672
2581,1.7120000123977661
2582,1.8380000591278076
2583,1.7489999532699585
2584,1.7005000114440918
2585,1.7400000095367432
2586,1.812000036239624
2587,1.7675000429153442
2588,1.7065000534057617
2589,1.752500057220459
2590,1.7359999418258667
2591,1.684999942779541
2592,1.721500039100647
2593,1.7295000553131104
2594,1.6829999685287476
2595,1.7645000219345093
2596,1.6670000553131104
2597,1.7165000438690186
2598,1.8494999408721924
2599,1.7589999437332153
2600,1.7519999742507935
2601,1.777999997138977
2602,1.694000005722046
2603,1.7365000247955322
2604,1.725000023841858
2605,1.746500015258789
2606,1.8270000219345093
2607,1.621999979019165
2608,1.7309999465942383
2609,1.8194999694824219
2610,1.7445000410079956
2611,1.7979999780654907
2612,1.7630000114440918
2613,1.7100000381469727
2614,1.7254999876022339
2615,1.80649995803833
2616,1.7855000495910645
2617,1.7914999723434448
2618,1.7795000076293945
2619,1.8105000257492065
2620,1.7675000429153442
2621,1.843000054359436
2622,1.7994999885559082
2623,1.7359999418258667
2624,1.722499966621399
2625,1.7734999656677246
2626,1.7035000324249268
2627,1.7120000123977661
2628,1.7625000476837158
2629,1.6675000190734863
2630,1.7740000486373901
2631,1.8114999532699585
2632,1.6994999647140503
2633,1.7350000143051147
2634,1.753999948501587
2635,1.712499976158142
2636,1.7675000429153442
2637,1.7239999771118164
2638,1.752500057220459
2639,1.659000039100647
2640,1.75
2641,1.7615000009536743
2642,1.6829999685287476
2643,1.718500018119812
2644,1.7675000429153442
2645,1.74399995803833
2646,1.850000023841858
2647,1.6540000438690186
2648,1.718000054359436
2649,1.7595000267028809
2650,1.815999984741211
2651,1.7760000228881836
2652,1.7554999589920044
2653,1.6549999713897705
2654,1.68149995803833
2655,1.7825000286102295
2656,1.7690000534057617
2657,1.8014999628067017
2658,1.746000051498413
2659,1.8194999694824219
2660,1.6875
2661,1.7515000104904175
2662,1.6944999694824219
2663,1.7135000228881836
2664,1.7610000371932983
2665,1.746500015258789
2666,1.6610000133514404
2667,1.8044999837875366
2668,1.781999945640564
2669,1.787500023841858
2670,1.7589999437332153
2671,1.819000005722046
2672,1.781000018119812
2673,1.7130000591278076
2674,1.7384999990463257
2675,1.722000002861023
2676,1.7094999551773071
2677,1.7910000085830688
2678,1.7899999618530273
2679,1.7920000553131104
2680,1.752500057220459
2681,1.7144999504089355
2682,1.7389999628067017
2683,1.6964999437332153
2684,1.7050000429153442
2685,1.7330000400543213
2686,1.6670000553131104
2687,1.8040000200271606
2688,1.6974999904632568
2689,1.7619999647140503
2690,1.7549999952316284
2691,1.7884999513626099
2692,1.7755000591278076
2693,1.756500005722046
2694,1.749500036239624
2695,1.7510000467300415
2696,1.752500057220459
2697,1.656000018119812
2698,1.74399995803833
2699,1.8114999532699585
2700,1.7139999866485596
2701,1.718999981880188
2702,1.7139999866485596
2703,1.7899999618530273
2704,1.750499963760376
2705,1.6729999780654907
2706,1.809999942779541
2707,1.7595000267028809
2708,1.721500039100647
2709,1.7209999561309814
2710,1.7139999866485596
2711,1.715999960899353
2712,1.8025000095367432
2713,1.7359999418258667
2714,1.6445000171661377
2715,1.7610000371932983
2716,1.7879999876022339
2717,1.719499945640564
2718,1.7295000553131104
2719,1.6759999990463257
2720,1.7404999732971191
2721,1.7994999885559082
2722,1.7680000066757202
2723,1.7515000104904175
2724,1.8049999475479126
2725,1.7764999866485596
2726,1.8660000562667847
2727,1.6859999895095825
2728,1.725000023841858
2729,1.753499984741211
2730,1.7059999704360962
2731,1.816499948501587
2732,1.8025000095367432
2733,1.6985000371932983
2734,1.809000015258789
2735,1.6979999542236328
2736,1.7920000553131104
2737,1.7654999494552612
2738,1.6855000257492065
2739,1.715999960899353
2740,1.7545000314712524
2741,1.7300000190734863
2742,1.684499979019165
2743,1.7354999780654907
2744,1.6894999742507935
2745,1.715999960899353
2746,1.843000054359436
2747,1.6640000343322754
2748,1.6744999885559082
2749,1.7595000267028809
2750,1.7619999647140503
2751,1.8029999732971191
2752,1.8029999732971191
2753,1.8504999876022339
2754,1.753499984741211
2755,1.6970000267028809
2756,1.8309999704360962
2757,1.8704999685287476
2758,1.805999994277954
2759,1.7085000276565552
2760,1.747499942779541
2761,1.7869999408721924
2762,1.7330000400543213
2763,1.7289999723434448
2764,1.781999945640564
2765,1.7239999771118164
2766,1.7204999923706055
2767,1.7684999704360962
2768,1.781000018119812
2769,1.784500002861023
2770,1.7484999895095825
2771,1.7934999465942383
2772,1.8194999694824219
2773,1.7235000133514404
2774,1.7695000171661377
2775,1.7684999704360962
2776,1.6829999685287476
2777,1.683500051498413
2778,1.6950000524520874
2779,1.752500057220459
2780,1.7825000286102295
2781,1.812999963760376
2782,1.8884999752044678
2783,1.7910000085830688
2784,1.6675000190734863
2785,1.7105000019073486
2786,1.7415000200271606
2787,1.746500015258789
2788,1.7009999752044678
2789,1.7669999599456787
2790,1.7395000457763672
2791,1.7610000371932983
2792,1.784999966621399
2793,1.7424999475479126
2794,1.8105000257492065
2795,1.7790000438690186
2796,1.7354999780654907
2797,1.8174999952316284
2798,1.7645000219345093
2799,1.722499966621399
2800,1.7144999504089355
2801,1.7899999618530273
2802,1.7630000114440918
2803,1.7285000085830688
2804,1.7994999885559082
2805,1.8300000429153442
2806,1.7135000228881836
2807,1.816499948501587
2808,1.8229999542236328
2809,1.7695000171661377
2810,1.7269999980926514
2811,1.7089999914169312
2812,1.7925000190734863
2813,1.7489999532699585
2814,1.631500005722046
2815,1.718500018119812
2816,1.6974999904632568
2817,1.8559999465942383
2818,1.746500015258789
2819,1.684499979019165
2820,1.8420000076293945
2821,1.7914999723434448
2822,1.7719999551773071
2823,1.777999997138977
2824,1.816499948501587
2825,1.815500020980835
2826,1.6749999523162842
2827,1.815999984741211
2828,1.7894999980926514
2829,1.7109999656677246
2830,1.7430000305175781
2831,1.8135000467300415
2832,1.7584999799728394
2833,1.812000036239624
2834,1.780500054359436
2835,1.7135000228881836
2836,1.7369999885559082
2837,1.7015000581741333
2838,1.7079999446868896
2839,1.7664999961853027
2840,1.7100000381469727
2841,1.725000023841858
2842,1.7170000076293945
2843,1.809499979019165
2844,1.7510000467300415
2845,1.7419999837875366
2846,1.7315000295639038
2847,1.7710000276565552
2848,1.7929999828338623
2849,1.7354999780654907
2850,1.8370000123977661
2851,1.74399995803833
2852,1.690000057220459
2853,1.7419999837875366
2854,1.7285000085830688
2855,1.7450000047683716
2856,1.6469999551773071
2857,1.7295000553131104
2858,1.74399995803833
2859,1.7410000562667847
2860,1.7929999828338623
2861,1.8300000429153442
2862,1.7105000019073486
2863,1.840499997138977
2864,1.6929999589920044
2865,1.712499976158142
2866,1.7135000228881836
2867,1.659500002861023
2868,1.8075000047683716
2869,1.809000015258789
2870,1.7304999828338623
2871,1.6875
2872,1.6755000352859497
2873,1.7664999961853027
2874,1.8079999685287476
2875,1.8630000352859497
2876,1.7554999589920044
2877,1.746500015258789
2878,1.8329999446868896
2879,1.746999979019165
2880,1.6755000352859497
2881,1.7029999494552612
2882,1.6619999408721924
2883,1.7519999742507935
2884,1.7599999904632568
2885,1.7384999990463257
2886,1.7799999713897705
2887,1.7309999465942383
2888,1.6864999532699585
2889,1.7645000219345093
2890,1.7330000400543213
2891,1.812999963760376
2892,1.7949999570846558
2893,1.746500015258789
2894,1.7204999923706055
2895,1.6619999408721924
2896,1.8289999961853027
2897,1.7905000448226929
2898,1.8140000104904175
2899,1.846500039100647
2900,1.7369999885559082
2901,1.8289999961853027
2902,1.872499942779541
2903,1.7949999570846558
2904,1.7884999513626099
2905,1.722499966621399
2906,1.8730000257492065
2907,1.6440000534057617
2908,1.7699999809265137
2909,1.6890000104904175
2910,1.715000033378601
2911,1.7604999542236328
2912,1.7920000553131104
2913,1.8105000257492065
2914,1.6875
2915,1.7345000505447388
2916,1.8105000257492065
2917,1.6425000429153442
2918,1.7690000534057617
2919,1.743499994277954
2920,1.8279999494552612
2921,1.7295000553131104
2922,1.8389999866485596
2923,1.871500015258789
2924,1.7860000133514404
2925,1.6720000505447388
2926,1.81850004196167
2927,1.752500057220459
2928,1.7734999656677246
2929,1.722000002861023
2930,1.6885000467300415
2931,1.8025000095367432
2932,1.7960000038146973
2933,1.7755000591278076
2934,1.753999948501587
2935,1.6614999771118164
2936,1.746500015258789
2937,1.784500002861023
2938,1.7619999647140503
2939,1.7745000123977661
2940,1.7415000200271606
2941,1.7669999599456787
2942,1.7400000095367432
2943,1.746000051498413
2944,1.753000020980835
2945,1.7519999742507935
2946,1.774999976158142
2947,1.9019999504089355
2948,1.7100000381469727
2949,1.7714999914169312
2950,1.7575000524520874
2951,1.7725000381469727
2952,1.7604999542236328
2953,1.784999966621399
2954,1.656000018119812
2955,1.746000051498413
2956,1.7949999570846558
2957,1.718999981880188
2958,1.715999960899353
2959,1.6970000267028809
2960,1.7094999551773071
2961,1.7419999837875366
2962,1.815999984741211
2963,1.7994999885559082
2964,1.7115000486373901
2965,1.7410000562667847
2966,1.847499966621399
2967,1.816499948501587
2968,1.7640000581741333
2969,1.7074999809265137
2970,1.815500020980835
2971,1.7319999933242798
2972,1.7239999771118164
2973,1.6964999437332153
2974,1.6710000038146973
2975,1.6864999532699585
2976,1.6694999933242798
2977,1.7599999904632568
2978,1.7660000324249268
2979,1.7424999475479126
2980,1.721500039100647
2981,1.6445000171661377
2982,1.7654999494552612
2983,1.7454999685287476
2984,1.7454999685287476
2985,1.6779999732971191
2986,1.75
2987,1.7519999742507935
2988,1.7869999408721924
2989,1.7944999933242798
2990,1.8294999599456787
2991,1.7589999437332153
2992,1.718500018119812
2993,1.7059999704360962
2994,1.8125
2995,1.6380000114440918
2996,1.7970000505447388
2997,1.694000005722046
2998,1.6970000267028809
2999,1.753999948501587
3000,1.6785000562667847
3001,1.7445000410079956
3002,1.7269999980926514
3003,1.8289999961853027
3004,1.7354999780654907
3005,1.7324999570846558
3006,1.7005000114440918
3007,1.781000018119812
3008,1.6974999904632568
3009,1.7690000534057617
3010,1.7074999809265137
3011,1.7029999494552612
3012,1.8005000352859497
3013,1.6985000371932983
3014,1.7235000133514404
3015,1.777999997138977
3016,1.8229999542236328
3017,1.6365000009536743
3018,1.7664999961853027
3019,1.8070000410079956
3020,1.7515000104904175
3021,1.7934999465942383
3022,1.7029999494552612
3023,1.7300000190734863
3024,1.6660000085830688
3025,1.8040000200271606
3026,1.784999966621399
3027,1.6375000476837158
3028,1.7569999694824219
3029,1.8300000429153442
3030,1.7450000047683716
3031,1.8949999809265137
3032,1.7074999809265137
3033,1.6469999551773071
3034,1.75600004196167
3035,1.655500054359436
3036,1.7200000286102295
3037,1.6950000524520874
3038,1.6464999914169312
3039,1.722000002861023
3040,1.7899999618530273
3041,1.7634999752044678
3042,1.7745000123977661
3043,1.7675000429153442
3044,1.722000002861023
3045,1.8020000457763672
3046,1.743499994277954
3047,1.8214999437332153
3048,1.7339999675750732
3049,1.7894999980926514
3050,1.7604999542236328
3051,1.7319999933242798
3052,1.7304999828338623
3053,1.7079999446868896
3054,1.75600004196167
3055,1.7174999713897705
3056,1.7955000400543213
3057,1.6785000562667847
3058,1.6779999732971191
3059,1.7864999771118164
3060,1.69350004196167
3061,1.752500057220459
3062,1.743499994277954
3063,1.7289999723434448
3064,1.715499997138977
3065,1.7510000467300415
3066,1.7035000324249268
3067,1.8014999628067017
3068,1.7910000085830688
3069,1.749500036239624
3070,1.6929999589920044
3071,1.7395000457763672
3072,1.7395000457763672
3073,1.680999994277954
3074,1.7714999914169312
3075,1.784500002861023
3076,1.684000015258789
3077,1.840000033378601
3078,1.680999994277954
3079,1.7029999494552612
3080,1.6705000400543213
3081,1.7020000219345093
3082,1.7519999742507935
3083,1.6825000047683716
3084,1.746500015258789
3085,1.809999942779541
3086,1.680999994277954
3087,1.6759999990463257
3088,1.7330000400543213
3089,1.6825000047683716
3090,1.7619999647140503
3091,1.812000036239624
3092,1.7730000019073486
3093,1.7244999408721924
3094,1.809499979019165
3095,1.8114999532699585
3096,1.7419999837875366
3097,1.784500002861023
3098,1.784000039100647
3099,1.7144999504089355
3100,1.8125
3101,1.8255000114440918
3102,1.7510000467300415
3103,1.8550000190734863
3104,1.746999979019165
3105,1.8615000247955322
3106,1.712499976158142
3107,1.7640000581741333
3108,1.6204999685287476
3109,1.7070000171661377
3110,1.6799999475479126
3111,1.6510000228881836
3112,1.784500002861023
3113,1.7649999856948853
3114,1.7035000324249268
3115,1.787500023841858
3116,1.7630000114440918
3117,1.7044999599456787
3118,1.7324999570846558
3119,1.7319999933242798
3120,1.7094999551773071
3121,1.7445000410079956
3122,1.74399995803833
3123,1.8574999570846558
3124,1.722499966621399
3125,1.7910000085830688
3126,1.8385000228881836
3127,1.7450000047683716
3128,1.8459999561309814
3129,1.6794999837875366
3130,1.8014999628067017
3131,1.7825000286102295
3132,1.7799999713897705
3133,1.652500033378601
3134,1.7480000257492065
3135,1.7094999551773071
3136,1.8214999437332153
3137,1.74399995803833
3138,1.7790000438690186
3139,1.8040000200271606
3140,1.7730000019073486
3141,1.746500015258789
3142,1.7695000171661377
3143,1.7135000228881836
3144,1.8285000324249268
3145,1.7480000257492065
3146,1.7660000324249268
3147,1.815999984741211
3148,1.6929999589920044
3149,1.75600004196167
3150,1.7404999732971191
3151,1.7515000104904175
3152,1.7384999990463257
3153,1.8904999494552612
3154,1.7130000591278076
3155,1.7389999628067017
3156,1.8194999694824219
3157,1.687000036239624
3158,1.7569999694824219
3159,1.8055000305175781
3160,1.8645000457763672
3161,1.6764999628067017
3162,1.718000054359436
3163,1.6970000267028809
3164,1.7035000324249268
3165,1.7664999961853027
3166,1.659000039100647
3167,1.6974999904632568
3168,1.7595000267028809
3169,1.7029999494552612
3170,1.8125
3171,1.7450000047683716
3172,1.7044999599456787
3173,1.6634999513626099
3174,1.7354999780654907
3175,1.7719999551773071
3176,1.8309999704360962
3177,1.7324999570846558
3178,1.7719999551773071
3179,1.7680000066757202
3180,1.7925000190734863
3181,1.7209999561309814
3182,1.8040000200271606
3183,1.7575000524520874
3184,1.7029999494552612
3185,1.7934999465942383
3186,1.7039999961853027
3187,1.7165000438690186
3188,1.7480000257492065
3189,1.628499984741211
3190,1.7235000133514404
3191,1.7280000448226929
3192,1.7575000524520874
3193,1.8289999961853027
3194,1.6970000267028809
3195,1.7280000448226929
3196,1.781499981880188
3197,1.7569999694824219
3198,1.715999960899353
3199,1.7365000247955322
3200,1.7359999418258667
3201,1.8144999742507935
3202,1.8619999885559082
3203,1.815999984741211
3204,1.749500036239624
3205,1.7295000553131104
3206,1.6990000009536743
3207,1.777999997138977
3208,1.6605000495910645
3209,1.7359999418258667
3210,1.7330000400543213
3211,1.843999981880188
3212,1.8044999837875366
3213,1.6920000314712524
3214,1.8530000448226929
3215,1.7634999752044678
3216,1.7070000171661377
3217,1.8630000352859497
3218,1.7960000038146973
3219,1.6779999732971191
3220,1.7910000085830688
3221,1.7395000457763672
3222,1.7645000219345093
3223,1.81850004196167
3224,1.712499976158142
3225,1.7269999980926514
3226,1.8025000095367432
3227,1.7994999885559082
3228,1.7619999647140503
3229,1.7354999780654907
3230,1.7085000276565552
3231,1.747499942779541
3232,1.8205000162124634
3233,1.7015000581741333
3234,1.6979999542236328
3235,1.747499942779541
3236,1.7719999551773071
3237,1.656499981880188
3238,1.749500036239624
3239,1.7415000200271606
3240,1.8049999475479126
3241,1.6755000352859497
3242,1.8035000562667847
3243,1.7165000438690186
3244,1.7925000190734863
3245,1.815500020980835
3246,1.6805000305175781
3247,1.718000054359436
3248,1.6825000047683716
3249,1.7589999437332153
3250,1.7625000476837158
3251,1.7944999933242798
3252,1.7024999856948853
3253,1.6770000457763672
3254,1.7905000448226929
3255,1.7834999561309814
3256,1.8619999885559082
3257,1.7949999570846558
3258,1.7825000286102295
3259,1.7144999504089355
3260,1.7704999446868896
3261,1.756500005722046
3262,1.7380000352859497
3263,1.7549999952316284
3264,1.7204999923706055
3265,1.7999999523162842
3266,1.7315000295639038
3267,1.8480000495910645
3268,1.746500015258789
3269,1.6419999599456787
3270,1.8174999952316284
3271,1.653499960899353
3272,1.7615000009536743
3273,1.7595000267028809
3274,1.7940000295639038
3275,1.8014999628067017
3276,1.7925000190734863
3277,1.7174999713897705
3278,1.6464999914169312
3279,1.7165000438690186
3280,1.7174999713897705
3281,1.7254999876022339
3282,1.7005000114440918
3283,1.624500036239624
3284,1.7419999837875366
3285,1.7580000162124634
3286,1.7704999446868896
3287,1.8339999914169312
3288,1.684499979019165
3289,1.6920000314712524
3290,1.7740000486373901
3291,1.719499945640564
3292,1.787500023841858
3293,1.7415000200271606
3294,1.7350000143051147
3295,1.7244999408721924
3296,1.7415000200271606
3297,1.7964999675750732
3298,1.7120000123977661
3299,1.7259999513626099
3300,1.8235000371932983
3301,1.7920000553131104
3302,1.7415000200271606
3303,1.8179999589920044
3304,1.6890000104904175
3305,1.7074999809265137
3306,1.7994999885559082
3307,1.7595000267028809
3308,1.8279999494552612
3309,1.7265000343322754
3310,1.7374999523162842
3311,1.7484999895095825
3312,1.7285000085830688
3313,1.7680000066757202
3314,1.7165000438690186
3315,1.750499963760376
3316,1.6764999628067017
3317,1.7050000429153442
3318,1.8565000295639038
3319,1.753999948501587
3320,1.7130000591278076
3321,1.8380000591278076
3322,1.7374999523162842
3323,1.784000039100647
3324,1.7984999418258667
3325,1.6549999713897705
3326,1.7380000352859497
3327,1.7755000591278076
3328,1.7380000352859497
3329,1.8674999475479126
3330,1.7660000324249268
3331,1.7404999732971191
3332,1.7654999494552612
3333,1.752500057220459
3334,1.718500018119812
3335,1.6369999647140503
3336,1.6729999780654907
3337,1.809000015258789
3338,1.7445000410079956
3339,1.722499966621399
3340,1.8044999837875366
3341,1.81850004196167
3342,1.7005000114440918
3343,1.7684999704360962
3344,1.75
3345,1.6749999523162842
3346,1.7879999876022339
3347,1.691499948501587
3348,1.7545000314712524
3349,1.746999979019165
3350,1.680999994277954
3351,1.7834999561309814
3352,1.809000015258789
3353,1.715000033378601
3354,1.75600004196167
3355,1.6139999628067017
3356,1.7105000019073486
3357,1.7285000085830688
3358,1.8760000467300415
3359,1.7894999980926514
3360,1.7105000019073486
3361,1.8209999799728394
3362,1.7719999551773071
3363,1.7070000171661377
3364,1.7374999523162842
3365,1.7315000295639038
3366,1.8459999561309814
3367,1.7380000352859497
3368,1.8634999990463257
3369,1.7795000076293945
3370,1.7489999532699585
3371,1.6740000247955322
3372,1.8105000257492065
3373,1.7230000495910645
3374,1.781499981880188
3375,1.6959999799728394
3376,1.7400000095367432
3377,1.9014999866485596
3378,1.7254999876022339
3379,1.7005000114440918
3380,1.7039999961853027
3381,1.7335000038146973
3382,1.6959999799728394
3383,1.6970000267028809
3384,1.8255000114440918
3385,1.7680000066757202
3386,1.7259999513626099
3387,1.7799999713897705
3388,1.7999999523162842
3389,1.7619999647140503
3390,1.7569999694824219
3391,1.7374999523162842
3392,1.8574999570846558
3393,1.7640000581741333
3394,1.659999966621399
3395,1.777500033378601
3396,1.7009999752044678
3397,1.7079999446868896
3398,1.7519999742507935
3399,1.753000020980835
3400,1.7599999904632568
3401,1.8220000267028809
3402,1.625
3403,1.7934999465942383
3404,1.8569999933242798
3405,1.7589999437332153
3406,1.7760000228881836
3407,1.6614999771118164
3408,1.8320000171661377
3409,1.7089999914169312
3410,1.68149995803833
3411,1.7675000429153442
3412,1.7380000352859497
3413,1.752500057220459
3414,1.7029999494552612
3415,1.7680000066757202
3416,1.7599999904632568
3417,1.7575000524520874
3418,1.7734999656677246
3419,1.8070000410079956
3420,1.7725000381469727
3421,1.7604999542236328
3422,1.69350004196167
3423,1.7934999465942383
3424,1.718500018119812
3425,1.7445000410079956
3426,1.7549999952316284
3427,1.6799999475479126
3428,1.7345000505447388
3429,1.746500015258789
3430,1.8224999904632568
3431,1.7274999618530273
3432,1.7079999446868896
3433,1.7285000085830688
3434,1.694000005722046
3435,1.7994999885559082
3436,1.7630000114440918
3437,1.746500015258789
3438,1.6859999895095825
3439,1.7139999866485596
3440,1.7395000457763672
3441,1.7359999418258667
3442,1.80649995803833
3443,1.656999945640564
3444,1.6325000524520874
3445,1.718500018119812
3446,1.7984999418258667
3447,1.7324999570846558
3448,1.7699999809265137
3449,1.7519999742507935
3450,1.7894999980926514
3451,1.7940000295639038
3452,1.780500054359436
3453,1.8229999542236328
3454,1.8595000505447388
3455,1.7410000562667847
3456,1.8209999799728394
3457,1.7050000429153442
3458,1.781499981880188
3459,1.6690000295639038
3460,1.7354999780654907
3461,1.7050000429153442
3462,1.774999976158142
3463,1.6579999923706055
3464,1.7740000486373901
3465,1.8424999713897705
3466,1.7634999752044678
3467,1.7070000171661377
3468,1.721500039100647
3469,1.7760000228881836
3470,1.7044999599456787
3471,1.6885000467300415
3472,1.8049999475479126
3473,1.8114999532699585
3474,1.6345000267028809
3475,1.7510000467300415
3476,1.7994999885559082
3477,1.7059999704360962
3478,1.7300000190734863
3479,1.8515000343322754
3480,1.8385000228881836
3481,1.6985000371932983
3482,1.8389999866485596
3483,1.7645000219345093
3484,1.7869999408721924
3485,1.6239999532699585
3486,1.7209999561309814
3487,1.7419999837875366
3488,1.6660000085830688
3489,1.7890000343322754
3490,1.7719999551773071
3491,1.8014999628067017
3492,1.75600004196167
3493,1.6434999704360962
3494,1.7055000066757202
3495,1.6924999952316284
3496,1.715999960899353
3497,1.69350004196167
3498,1.7975000143051147
3499,1.7430000305175781
3500,1.7964999675750732
3501,1.7315000295639038
3502,1.8135000467300415
3503,1.7680000066757202
3504,1.6864999532699585
3505,1.7675000429153442
3506,1.7369999885559082
3507,1.6080000400543213
3508,1.7764999866485596
3509,1.7165000438690186
3510,1.7599999904632568
3511,1.7484999895095825
3512,1.7634999752044678
3513,1.7354999780654907
3514,1.746000051498413
3515,1.7115000486373901
3516,1.7575000524520874
3517,1.7289999723434448
3518,1.7684999704360962
3519,1.7324999570846558
3520,1.8365000486373901
3521,1.8305000066757202
3522,1.7799999713897705
3523,1.7395000457763672
3524,1.7144999504089355
3525,1.6994999647140503
3526,1.7944999933242798
3527,1.7265000343322754
3528,1.7369999885559082
3529,1.7380000352859497
3530,1.753999948501587
3531,1.7690000534057617
3532,1.75
3533,1.7484999895095825
3534,1.75
3535,1.712499976158142
3536,1.6859999895095825
3537,1.659500002861023
3538,1.8170000314712524
3539,1.7419999837875366
3540,1.8359999656677246
3541,1.652500033378601
3542,1.8424999713897705
3543,1.7165000438690186
3544,1.7580000162124634
3545,1.6619999408721924
3546,1.7139999866485596
3547,1.7109999656677246
3548,1.8569999933242798
3549,1.6979999542236328
3550,1.7285000085830688
3551,1.7855000495910645
3552,1.7764999866485596
3553,1.7400000095367432
3554,1.8329999446868896
3555,1.69350004196167
3556,1.8494999408721924
3557,1.6644999980926514
3558,1.6790000200271606
3559,1.746999979019165
3560,1.753999948501587
3561,1.781000018119812
3562,1.8200000524520874
3563,1.7515000104904175
3564,1.8014999628067017
3565,1.843500018119812
3566,1.8259999752044678
3567,1.7300000190734863
3568,1.8209999799728394
3569,1.684499979019165
3570,1.7289999723434448
3571,1.6894999742507935
3572,1.7730000019073486
3573,1.6699999570846558
3574,1.6614999771118164
3575,1.6979999542236328
3576,1.7335000038146973
3577,1.715999960899353
3578,1.7920000553131104
3579,1.6759999990463257
3580,1.7415000200271606
3581,1.7174999713897705
3582,1.8020000457763672
3583,1.7039999961853027
3584,1.7669999599456787
3585,1.844499945640564
3586,1.6785000562667847
3587,1.7120000123977661
3588,1.7545000314712524
3589,1.7274999618530273
3590,1.7350000143051147
3591,1.7350000143051147
3592,1.628999948501587
3593,1.7059999704360962
3594,1.778499960899353
3595,1.7065000534057617
3596,1.808500051498413
3597,1.6454999446868896
3598,1.6955000162124634
3599,1.8279999494552612
3600,1.7610000371932983
3601,1.6089999675750732
3602,1.7860000133514404
3603,1.7020000219345093
3604,1.7059999704360962
3605,1.7949999570846558
3606,1.7059999704360962
3607,1.8259999752044678
3608,1.7259999513626099
3609,1.8144999742507935
3610,1.815999984741211
3611,1.812999963760376
3612,1.7619999647140503
3613,1.7834999561309814
3614,1.7519999742507935
3615,1.8344999551773071
3616,1.7760000228881836
3617,1.7944999933242798
3618,1.750499963760376
3619,1.7044999599456787
3620,1.8380000591278076
3621,1.715999960899353
3622,1.8179999589920044
3623,1.6920000314712524
3624,1.687999963760376
3625,1.8760000467300415
3626,1.7619999647140503
3627,1.7289999723434448
3628,1.6759999990463257
3629,1.7610000371932983
3630,1.7760000228881836
3631,1.8170000314712524
3632,1.777999997138977
3633,1.68149995803833
3634,1.7660000324249268
3635,1.7944999933242798
3636,1.7204999923706055
3637,1.787500023841858
3638,1.6675000190734863
3639,1.6759999990463257
3640,1.6785000562667847
3641,1.7015000581741333
3642,1.7055000066757202
3643,1.7604999542236328
3644,1.6675000190734863
3645,1.7575000524520874
3646,1.7680000066757202
3647,1.7654999494552612
3648,1.7580000162124634
3649,1.7994999885559082
3650,1.715999960899353
3651,1.7094999551773071
3652,1.7315000295639038
3653,1.8355000019073486
3654,1.8300000429153442
3655,1.5894999504089355
3656,1.7610000371932983
3657,1.7319999933242798
3658,1.7345000505447388
3659,1.7130000591278076
3660,1.7630000114440918
3661,1.656999945640564
3662,1.8515000343322754
3663,1.7829999923706055
3664,1.8140000104904175
3665,1.6785000562667847
3666,1.8135000467300415
3667,1.6959999799728394
3668,1.719499945640564
3669,1.7015000581741333
3670,1.746999979019165
3671,1.8394999504089355
3672,1.809499979019165
3673,1.7380000352859497
3674,1.7619999647140503
3675,1.7599999904632568
3676,1.7244999408721924
3677,1.7675000429153442
3678,1.621500015258789
3679,1.9110000133514404
3680,1.7714999914169312
3681,1.746000051498413
3682,1.781999945640564
3683,1.7589999437332153
3684,1.7400000095367432
3685,1.7634999752044678
3686,1.7055000066757202
3687,1.7634999752044678
3688,1.7730000019073486
3689,1.7144999504089355
3690,1.7330000400543213
3691,1.6985000371932983
3692,1.7230000495910645
3693,1.8265000581741333
3694,1.8880000114440918
3695,1.7274999618530273
3696,1.8009999990463257
3697,1.8194999694824219
3698,1.7890000343322754
3699,1.7545000314712524
3700,1.8014999628067017
3701,1.8294999599456787
3702,1.7649999856948853
3703,1.7695000171661377
3704,1.7769999504089355
3705,1.88100004196167
3706,1.7584999799728394
3707,1.6464999914169312
3708,1.725000023841858
3709,1.7955000400543213
3710,1.718999981880188
3711,1.7545000314712524
3712,1.756500005722046
3713,1.7719999551773071
3714,1.7274999618530273
3715,1.7584999799728394
3716,1.7630000114440918
3717,1.7669999599456787
3718,1.6339999437332153
3719,1.6955000162124634
3720,1.7345000505447388
3721,1.7580000162124634
3722,1.74399995803833
3723,1.6510000228881836
3724,1.7920000553131104
3725,1.7050000429153442
3726,1.7834999561309814
3727,1.7604999542236328
3728,1.6440000534057617
3729,1.7269999980926514
3730,1.7295000553131104
3731,1.75
3732,1.784000039100647
3733,1.7384999990463257
3734,1.7070000171661377
3735,1.8420000076293945
3736,1.7634999752044678
3737,1.7450000047683716
3738,1.6864999532699585
3739,1.7269999980926514
3740,1.7094999551773071
3741,1.687000036239624
3742,1.7419999837875366
3743,1.8009999990463257
3744,1.7990000247955322
3745,1.840000033378601
3746,1.680999994277954
3747,1.7120000123977661
3748,1.905500054359436
3749,1.7130000591278076
3750,1.8070000410079956
3751,1.8070000410079956
3752,1.7335000038146973
3753,1.8174999952316284
3754,1.843500018119812
3755,1.753999948501587
3756,1.7554999589920044
3757,1.6979999542236328
3758,1.7089999914169312
3759,1.7070000171661377
3760,1.7519999742507935
3761,1.7244999408721924
3762,1.687000036239624
3763,1.750499963760376
3764,1.7645000219345093
3765,1.7424999475479126
3766,1.7799999713897705
3767,1.8029999732971191
3768,1.7174999713897705
3769,1.6875
3770,1.7615000009536743
3771,1.7389999628067017
3772,1.7055000066757202
3773,1.8585000038146973
3774,1.74399995803833
3775,1.812999963760376
3776,1.7955000400543213
3777,1.6410000324249268
3778,1.7925000190734863
3779,1.7259999513626099
3780,1.7884999513626099
3781,1.8194999694824219
3782,1.8035000562667847
3783,1.7545000314712524
3784,1.7860000133514404
3785,1.8665000200271606
3786,1.7395000457763672
3787,1.715999960899353
3788,1.809000015258789
3789,1.625499963760376
3790,1.781999945640564
3791,1.7369999885559082
3792,1.7480000257492065
3793,1.6894999742507935
3794,1.8214999437332153
3795,1.8020000457763672
3796,1.7015000581741333
3797,1.8135000467300415
3798,1.74399995803833
3799,1.8294999599456787
3800,1.7410000562667847
3801,1.7795000076293945
3802,1.715499997138977
3803,1.6720000505447388
3804,1.7740000486373901
3805,1.7630000114440918
3806,1.7165000438690186
3807,1.784999966621399
3808,1.7510000467300415
3809,1.784999966621399
3810,1.815500020980835
3811,1.7684999704360962
3812,1.6855000257492065
3813,1.6744999885559082
3814,1.7445000410079956
3815,1.694000005722046
3816,1.6430000066757202
3817,1.7834999561309814
3818,1.7374999523162842
3819,1.777999997138977
3820,1.8029999732971191
3821,1.6619999408721924
3822,1.7994999885559082
3823,1.7719999551773071
3824,1.7894999980926514
3825,1.7009999752044678
3826,1.7934999465942383
3827,1.7834999561309814
3828,1.7484999895095825
3829,1.7204999923706055
3830,1.7634999752044678
3831,1.7274999618530273
3832,1.7304999828338623
3833,1.809000015258789
3834,1.7389999628067017
3835,1.7480000257492065
3836,1.7999999523162842
3837,1.7710000276565552
3838,1.680999994277954
3839,1.715000033378601
3840,1.753000020980835
3841,1.753499984741211
3842,1.6994999647140503
3843,1.7704999446868896
3844,1.721500039100647
3845,1.631500005722046
3846,1.722000002861023
3847,1.8025000095367432
3848,1.7615000009536743
3849,1.6670000553131104
3850,1.7324999570846558
3851,1.6619999408721924
3852,1.7024999856948853
3853,1.7285000085830688
3854,1.7905000448226929
3855,1.6655000448226929
3856,1.7740000486373901
3857,1.7695000171661377
3858,1.6720000505447388
3859,1.7619999647140503
3860,1.7569999694824219
3861,1.7165000438690186
3862,1.7740000486373901
3863,1.7274999618530273
3864,1.747499942779541
3865,1.7454999685287476
3866,1.7964999675750732
3867,1.6675000190734863
3868,1.8329999446868896
3869,1.746000051498413
3870,1.819000005722046
3871,1.7649999856948853
3872,1.7769999504089355
3873,1.7899999618530273
3874,1.8125
3875,1.7359999418258667
3876,1.8200000524520874
3877,1.6794999837875366
3878,1.7489999532699585
3879,1.7239999771118164
3880,1.6855000257492065
3881,1.753999948501587
3882,1.7760000228881836
3883,1.7869999408721924
3884,1.7330000400543213
3885,1.7755000591278076
3886,1.722000002861023
3887,1.750499963760376
3888,1.7745000123977661
3889,1.6994999647140503
3890,1.7324999570846558
3891,1.8125
3892,1.691499948501587
3893,1.7285000085830688
3894,1.6785000562667847
3895,1.8020000457763672
3896,1.7200000286102295
3897,1.7990000247955322
3898,1.7660000324249268
3899,1.809499979019165
3900,1.7755000591278076
3901,1.7300000190734863
3902,1.7725000381469727
3903,1.8055000305175781
3904,1.8420000076293945
3905,1.715499997138977
3906,1.7634999752044678
3907,1.847499966621399
3908,1.8250000476837158
3909,1.7625000476837158
3910,1.7554999589920044
3911,1.7244999408721924
3912,1.7979999780654907
3913,1.7964999675750732
3914,1.7050000429153442
3915,1.7899999618530273
3916,1.8105000257492065
3917,1.7675000429153442
3918,1.8005000352859497
3919,1.7994999885559082
3920,1.715499997138977
3921,1.7239999771118164
3922,1.7324999570846558
3923,1.7825000286102295
3924,1.7944999933242798
3925,1.7324999570846558
3926,1.7289999723434448
3927,1.8289999961853027
3928,1.7359999418258667
3929,1.7380000352859497
3930,1.7944999933242798
3931,1.6729999780654907
3932,1.774999976158142
3933,1.7415000200271606
3934,1.7029999494552612
3935,1.7259999513626099
3936,1.7309999465942383
3937,1.6150000095367432
3938,1.7575000524520874
3939,1.7790000438690186
3940,1.778499960899353
3941,1.7645000219345093
3942,1.7619999647140503
3943,1.6299999952316284
3944,1.7035000324249268
3945,1.6360000371932983
3946,1.8270000219345093
3947,1.7799999713897705
3948,1.7235000133514404
3949,1.8105000257492065
3950,1.7589999437332153
3951,1.749500036239624
3952,1.743499994277954
3953,1.809000015258789
3954,1.8279999494552612
3955,1.725000023841858
3956,1.7345000505447388
3957,1.7395000457763672
3958,1.7734999656677246
3959,1.6964999437332153
3960,1.74399995803833
3961,1.7070000171661377
3962,1.718000054359436
3963,1.715999960899353
3964,1.7899999618530273
3965,1.6970000267028809
3966,1.7580000162124634
3967,1.7085000276565552
3968,1.7619999647140503
3969,1.7354999780654907
3970,1.7295000553131104
3971,1.7300000190734863
3972,1.6875
3973,1.7619999647140503
3974,1.7680000066757202
3975,1.8235000371932983
3976,1.6690000295639038
3977,1.6855000257492065
3978,1.7244999408721924
3979,1.6920000314712524
3980,1.7834999561309814
3981,1.7940000295639038
3982,1.6805000305175781
3983,1.722000002861023
3984,1.7634999752044678
3985,1.6779999732971191
3986,1.6974999904632568
3987,1.7289999723434448
3988,1.778499960899353
3989,1.7204999923706055
3990,1.7345000505447388
3991,1.8020000457763672
3992,1.8009999990463257
3993,1.8899999856948853
3994,1.840999960899353
3995,1.7089999914169312
3996,1.7769999504089355
3997,1.6890000104904175
3998,1.7730000019073486
3999,1.8674999475479126
4000,1.7120000123977661
4001,1.816499948501587
4002,1.622499942779541
4003,1.746500015258789
4004,1.6875
4005,1.7684999704360962
4006,1.784000039100647
4007,1.750499963760376
4008,1.7604999542236328
4009,1.8029999732971191
4010,1.8359999656677246
4011,1.8305000066757202
4012,1.7369999885559082
4013,1.8415000438690186
4014,1.752500057220459
4015,1.808500051498413
4016,1.687999963760376
4017,1.7654999494552612
4018,1.749500036239624
4019,1.8530000448226929
4020,1.7934999465942383
4021,1.7549999952316284
4022,1.6169999837875366
4023,1.722000002861023
4024,1.8355000019073486
4025,1.7115000486373901
4026,1.7940000295639038
4027,1.7580000162124634
4028,1.7649999856948853
4029,1.6440000534057617
4030,1.7209999561309814
4031,1.6729999780654907
4032,1.7254999876022339
4033,1.7139999866485596
4034,1.7920000553131104
4035,1.6964999437332153
4036,1.8494999408721924
4037,1.75600004196167
4038,1.777999997138977
4039,1.7105000019073486
4040,1.6894999742507935
4041,1.7589999437332153
4042,1.6380000114440918
4043,1.7454999685287476
4044,1.725000023841858
4045,1.8309999704360962
4046,1.6019999980926514
4047,1.7389999628067017
4048,1.8270000219345093
4049,1.7589999437332153
4050,1.749500036239624
4051,1.7664999961853027
4052,1.7549999952316284
4053,1.7144999504089355
4054,1.784999966621399
4055,1.843999981880188
4056,1.7315000295639038
4057,1.6855000257492065
4058,1.7269999980926514
4059,1.752500057220459
4060,1.7039999961853027
4061,1.7664999961853027
4062,1.7660000324249268
4063,1.722499966621399
4064,1.6920000314712524
4065,1.6575000286102295
4066,1.6785000562667847
4067,1.7955000400543213
4068,1.6684999465942383
4069,1.6964999437332153
4070,1.7920000553131104
4071,1.7634999752044678
4072,1.7645000219345093
4073,1.7165000438690186
4074,1.8585000038146973
4075,1.7244999408721924
4076,1.6820000410079956
4077,1.6890000104904175
4078,1.8070000410079956
4079,1.6974999904632568
4080,1.8044999837875366
4081,1.8014999628067017
4082,1.784500002861023
4083,1.7345000505447388
4084,1.747499942779541
4085,1.7929999828338623
4086,1.7740000486373901
4087,1.7109999656677246
4088,1.7170000076293945
4089,1.7335000038146973
4090,1.784999966621399
4091,1.7760000228881836
4092,1.7070000171661377
4093,1.7274999618530273
4094,1.7860000133514404
4095,1.7940000295639038
4096,1.7269999980926514
4097,1.7905000448226929
4098,1.7984999418258667
4099,1.6480000019073486
4100,1.7174999713897705
4101,1.809999942779541
4102,1.6764999628067017
4103,1.8220000267028809
4104,1.694000005722046
4105,1.6785000562667847
4106,1.684499979019165
4107,1.7230000495910645
4108,1.743499994277954
4109,1.7200000286102295
4110,1.7999999523162842
4111,1.778499960899353
4112,1.7044999599456787
4113,1.7864999771118164
4114,1.7454999685287476
4115,1.7795000076293945
4116,1.7380000352859497
4117,1.843999981880188
4118,1.7285000085830688
4119,1.7580000162124634
4120,1.752500057220459
4121,1.718500018119812
4122,1.7599999904632568
4123,1.7404999732971191
4124,1.7944999933242798
4125,1.7799999713897705
4126,1.780500054359436
4127,1.7174999713897705
4128,1.718500018119812
4129,1.7139999866485596
4130,1.7580000162124634
4131,1.7170000076293945
4132,1.7604999542236328
4133,1.8044999837875366
4134,1.6634999513626099
4135,1.74399995803833
4136,1.7269999980926514
4137,1.7890000343322754
4138,1.7949999570846558
4139,1.7675000429153442
4140,1.684999942779541
4141,1.7035000324249268
4142,1.74399995803833
4143,1.7860000133514404
4144,1.7595000267028809
4145,1.8025000095367432
4146,1.6699999570846558
4147,1.7330000400543213
4148,1.75600004196167
4149,1.7304999828338623
4150,1.75600004196167
4151,1.7675000429153442
4152,1.784000039100647
4153,1.7554999589920044
4154,1.712499976158142
4155,1.7410000562667847
4156,1.812999963760376
4157,1.7174999713897705
4158,1.7710000276565552
4159,1.6410000324249268
4160,1.7295000553131104
4161,1.8040000200271606
4162,1.7384999990463257
4163,1.7975000143051147
4164,1.74399995803833
4165,1.7400000095367432
4166,1.7834999561309814
4167,1.815999984741211
4168,1.8229999542236328
4169,1.7979999780654907
4170,1.7335000038146973
4171,1.7799999713897705
4172,1.7265000343322754
4173,1.756500005722046
4174,1.8020000457763672
4175,1.6924999952316284
4176,1.7424999475479126
4177,1.6805000305175781
4178,1.7259999513626099
4179,1.7254999876022339
4180,1.7170000076293945
4181,1.6970000267028809
4182,1.8014999628067017
4183,1.840999960899353
4184,1.7984999418258667
4185,1.7365000247955322
4186,1.6885000467300415
4187,1.7734999656677246
4188,1.8350000381469727
4189,1.777500033378601
4190,1.777500033378601
4191,1.6419999599456787
4192,1.7944999933242798
4193,1.7879999876022339
4194,1.7615000009536743
4195,1.7165000438690186
4196,1.7675000429153442
4197,1.7990000247955322
4198,1.6614999771118164
4199,1.8144999742507935
4200,1.7615000009536743
4201,1.718999981880188
4202,1.719499945640564
4203,1.8205000162124634
4204,1.7760000228881836
4205,1.684499979019165
4206,1.6115000247955322
4207,1.7085000276565552
4208,1.753000020980835
4209,1.7035000324249268
4210,1.7675000429153442
4211,1.7274999618530273
4212,1.7834999561309814
4213,1.812000036239624
4214,1.6414999961853027
4215,1.7079999446868896
4216,1.753999948501587
4217,1.7664999961853027
4218,1.7404999732971191
4219,1.6664999723434448
4220,1.718500018119812
4221,1.7580000162124634
4222,1.8250000476837158
4223,1.7975000143051147
4224,1.659000039100647
4225,1.819000005722046
4226,1.8029999732971191
4227,1.756500005722046
4228,1.7139999866485596
4229,1.6964999437332153
4230,1.784999966621399
4231,1.7664999961853027
4232,1.747499942779541
4233,1.7065000534057617
4234,1.75
4235,1.7400000095367432
4236,1.7209999561309814
4237,1.6855000257492065
4238,1.6979999542236328
4239,1.715000033378601
4240,1.8519999980926514
4241,1.7174999713897705
4242,1.808500051498413
4243,1.7960000038146973
4244,1.7350000143051147
4245,1.7309999465942383
4246,1.6690000295639038
4247,1.750499963760376
4248,1.7365000247955322
4249,1.815000057220459
4250,1.7489999532699585
4251,1.8899999856948853
4252,1.7994999885559082
4253,1.7645000219345093
4254,1.8209999799728394
4255,1.655500054359436
4256,1.74399995803833
4257,1.752500057220459
4258,1.74399995803833
4259,1.784000039100647
4260,1.7165000438690186
4261,1.7035000324249268
4262,1.6675000190734863
4263,1.7335000038146973
4264,1.7890000343322754
4265,1.7400000095367432
4266,1.7230000495910645
4267,1.7204999923706055
4268,1.684999942779541
4269,1.7274999618530273
4270,1.7615000009536743
4271,1.7884999513626099
4272,1.7280000448226929
4273,1.7690000534057617
4274,1.718500018119812
4275,1.6805000305175781
4276,1.6894999742507935
4277,1.7235000133514404
4278,1.8049999475479126
4279,1.750499963760376
4280,1.809999942779541
4281,1.7029999494552612
4282,1.6454999446868896
4283,1.7640000581741333
4284,1.7484999895095825
4285,1.7419999837875366
4286,1.7369999885559082
4287,1.6944999694824219
4288,1.718000054359436
4289,1.7740000486373901
4290,1.7619999647140503
4291,1.7960000038146973
4292,1.722000002861023
4293,1.7955000400543213
4294,1.7410000562667847
4295,1.777999997138977
4296,1.7079999446868896
4297,1.6720000505447388
4298,1.7015000581741333
4299,1.7374999523162842
4300,1.7725000381469727
4301,1.781999945640564
4302,1.7120000123977661
4303,1.7610000371932983
4304,1.7515000104904175
4305,1.7690000534057617
4306,1.781499981880188
4307,1.7899999618530273
4308,1.777500033378601
4309,1.7834999561309814
4310,1.7445000410079956
4311,1.747499942779541
4312,1.7619999647140503
4313,1.8350000381469727
4314,1.7690000534057617
4315,1.7825000286102295
4316,1.7669999599456787
4317,1.7764999866485596
4318,1.684499979019165
4319,1.7044999599456787
4320,1.7994999885559082
4321,1.8114999532699585
4322,1.6540000438690186
4323,1.7354999780654907
4324,1.7855000495910645
4325,1.7725000381469727
4326,1.7734999656677246
4327,1.6979999542236328
4328,1.6805000305175781
4329,1.8274999856948853
4330,1.6714999675750732
4331,1.8365000486373901
4332,1.7424999475479126
4333,1.809499979019165
4334,1.777999997138977
4335,1.7415000200271606
4336,1.8144999742507935
4337,1.7829999923706055
4338,1.7239999771118164
4339,1.7855000495910645
4340,1.7825000286102295
4341,1.683500051498413
4342,1.7395000457763672
4343,1.6885000467300415
4344,1.652999997138977
4345,1.812000036239624
4346,1.7634999752044678
4347,1.7760000228881836
4348,1.7120000123977661
4349,1.815500020980835
4350,1.7869999408721924
4351,1.7949999570846558
4352,1.8009999990463257
4353,1.752500057220459
4354,1.684499979019165
4355,1.7899999618530273
4356,1.6514999866485596
4357,1.7415000200271606
4358,1.8235000371932983
4359,1.6985000371932983
4360,1.7994999885559082
4361,1.7970000505447388
4362,1.6454999446868896
4363,1.8550000190734863
4364,1.7890000343322754
4365,1.8214999437332153
4366,1.6690000295639038
4367,1.743499994277954
4368,1.75600004196167
4369,1.6955000162124634
4370,1.7675000429153442
4371,1.816499948501587
4372,1.8005000352859497
4373,1.8005000352859497
4374,1.808500051498413
4375,1.6710000038146973
4376,1.7710000276565552
4377,1.781499981880188
4378,1.7699999809265137
4379,1.7684999704360962
4380,1.7879999876022339
4381,1.7410000562667847
4382,1.7200000286102295
4383,1.7330000400543213
4384,1.7454999685287476
4385,1.7745000123977661
4386,1.722000002861023
4387,1.6979999542236328
4388,1.6720000505447388
4389,1.7795000076293945
4390,1.6855000257492065
4391,1.6690000295639038
4392,1.7999999523162842
4393,1.718500018119812
4394,1.8194999694824219
4395,1.7300000190734863
4396,1.7400000095367432
4397,1.7704999446868896
4398,1.7575000524520874
4399,1.7345000505447388
4400,1.7015000581741333
4401,1.6875
4402,1.659000039100647
4403,1.75600004196167
4404,1.8079999685287476
4405,1.7130000591278076
4406,1.7990000247955322
4407,1.6785000562667847
4408,1.7120000123977661
4409,1.8144999742507935
4410,1.753499984741211
4411,1.7359999418258667
4412,1.8135000467300415
4413,1.6794999837875366
4414,1.7144999504089355
4415,1.809999942779541
4416,1.7879999876022339
4417,1.787500023841858
4418,1.7834999561309814
4419,1.7055000066757202
4420,1.7695000171661377
4421,1.6770000457763672
4422,1.7630000114440918
4423,1.7829999923706055
4424,1.6944999694824219
4425,1.7389999628067017
4426,1.7484999895095825
4427,1.8179999589920044
4428,1.7404999732971191
4429,1.7339999675750732
4430,1.722499966621399
4431,1.7640000581741333
4432,1.690500020980835
4433,1.7259999513626099
4434,1.8240000009536743
4435,1.715499997138977
4436,1.7554999589920044
4437,1.6460000276565552
4438,1.816499948501587
4439,1.7975000143051147
4440,1.7039999961853027
4441,1.7714999914169312
4442,1.7135000228881836
4443,1.7244999408721924
4444,1.8734999895095825
4445,1.7649999856948853
4446,1.7934999465942383
4447,1.7575000524520874
4448,1.7415000200271606
4449,1.749500036239624
4450,1.753999948501587
4451,1.7070000171661377
4452,1.7029999494552612
4453,1.6655000448226929
4454,1.784500002861023
4455,1.780500054359436
4456,1.7339999675750732
4457,1.722499966621399
4458,1.690999984741211
4459,1.6894999742507935
4460,1.7144999504089355
4461,1.7450000047683716
4462,1.7170000076293945
4463,1.6864999532699585
4464,1.7354999780654907
4465,1.8005000352859497
4466,1.6864999532699585
4467,1.8480000495910645
4468,1.687000036239624
4469,1.690000057220459
4470,1.7630000114440918
4471,1.7359999418258667
4472,1.7259999513626099
4473,1.746999979019165
4474,1.7664999961853027
4475,1.7580000162124634
4476,1.777500033378601
4477,1.7424999475479126
4478,1.756500005722046
4479,1.7654999494552612
4480,1.7139999866485596
4481,1.7384999990463257
4482,1.690500020980835
4483,1.7940000295639038
4484,1.844499945640564
4485,1.6775000095367432
4486,1.7690000534057617
4487,1.7200000286102295
4488,1.721500039100647
4489,1.627500057220459
4490,1.7964999675750732
4491,1.774999976158142
4492,1.7130000591278076
4493,1.7330000400543213
4494,1.7944999933242798
4495,1.7024999856948853
4496,1.7890000343322754
4497,1.7480000257492065
4498,1.725000023841858
4499,1.8294999599456787
4500,1.6985000371932983
4501,1.6894999742507935
4502,1.8179999589920044
4503,1.6885000467300415
4504,1.75
4505,1.7519999742507935
4506,1.7894999980926514
4507,1.7680000066757202
4508,1.6579999923706055
4509,1.7630000114440918
4510,1.8044999837875366
4511,1.7664999961853027
4512,1.750499963760376
4513,1.7979999780654907
4514,1.7139999866485596
4515,1.8394999504089355
4516,1.7580000162124634
4517,1.7094999551773071
4518,1.7569999694824219
4519,1.8070000410079956
4520,1.7315000295639038
4521,1.8235000371932983
4522,1.7825000286102295
4523,1.684000015258789
4524,1.7879999876022339
4525,1.8044999837875366
4526,1.8209999799728394
4527,1.749500036239624
4528,1.6979999542236328
4529,1.75
4530,1.6970000267028809
4531,1.753499984741211
4532,1.7430000305175781
4533,1.7519999742507935
4534,1.6944999694824219
4535,1.6785000562667847
4536,1.8035000562667847
4537,1.7345000505447388
4538,1.7755000591278076
4539,1.6545000076293945
4540,1.6785000562667847
4541,1.7764999866485596
4542,1.7419999837875366
4543,1.8530000448226929
4544,1.7269999980926514
4545,1.8229999542236328
4546,1.6505000591278076
4547,1.7615000009536743
4548,1.7984999418258667
4549,1.756500005722046
4550,1.753499984741211
4551,1.659000039100647
4552,1.7680000066757202
4553,1.7740000486373901
4554,1.7350000143051147
4555,1.7044999599456787
4556,1.7984999418258667
4557,1.684499979019165
4558,1.784000039100647
4559,1.8079999685287476
4560,1.774999976158142
4561,1.7430000305175781
4562,1.6964999437332153
4563,1.8244999647140503
4564,1.7369999885559082
4565,1.7089999914169312
4566,1.7704999446868896
4567,1.7615000009536743
4568,1.8075000047683716
4569,1.7419999837875366
4570,1.7975000143051147
4571,1.6449999809265137
4572,1.7410000562667847
4573,1.7400000095367432
4574,1.8244999647140503
4575,1.8044999837875366
4576,1.690000057220459
4577,1.7554999589920044
4578,1.7554999589920044
4579,1.7549999952316284
4580,1.780500054359436
4581,1.7285000085830688
4582,1.7664999961853027
4583,1.7925000190734863
4584,1.7855000495910645
4585,1.6950000524520874
4586,1.6970000267028809
4587,1.7925000190734863
4588,1.7005000114440918
4589,1.7625000476837158
4590,1.6705000400543213
4591,1.7964999675750732
4592,1.815500020980835
4593,1.8174999952316284
4594,1.7604999542236328
4595,1.7660000324249268
4596,1.6749999523162842
4597,1.7174999713897705
4598,1.7589999437332153
4599,1.7410000562667847
4600,1.6885000467300415
4601,1.7115000486373901
4602,1.7359999418258667
4603,1.6779999732971191
4604,1.7755000591278076
4605,1.7369999885559082
4606,1.8265000581741333
4607,1.8415000438690186
4608,1.7869999408721924
4609,1.8274999856948853
4610,1.780500054359436
4611,1.6510000228881836
4612,1.747499942779541
4613,1.752500057220459
4614,1.868499994277954
4615,1.6519999504089355
4616,1.7545000314712524
4617,1.6684999465942383
4618,1.7595000267028809
4619,1.809000015258789
4620,1.7864999771118164
4621,1.7489999532699585
4622,1.715999960899353
4623,1.7350000143051147
4624,1.6994999647140503
4625,1.7259999513626099
4626,1.6770000457763672
4627,1.7285000085830688
4628,1.8055000305175781
4629,1.8504999876022339
4630,1.7165000438690186
4631,1.7695000171661377
4632,1.8450000286102295
4633,1.7914999723434448
4634,1.6785000562667847
4635,1.753000020980835
4636,1.7964999675750732
4637,1.8240000009536743
4638,1.687999963760376
4639,1.7289999723434448
4640,1.7369999885559082
4641,1.7239999771118164
4642,1.712499976158142
4643,1.8049999475479126
4644,1.7015000581741333
4645,1.6390000581741333
4646,1.746999979019165
4647,1.7704999446868896
4648,1.7834999561309814
4649,1.7144999504089355
4650,1.718500018119812
4651,1.7755000591278076
4652,1.7554999589920044
4653,1.6744999885559082
4654,1.8144999742507935
4655,1.6979999542236328
4656,1.7410000562667847
4657,1.7295000553131104
4658,1.6944999694824219
4659,1.7615000009536743
4660,1.6375000476837158
4661,1.6920000314712524
4662,1.8014999628067017
4663,1.8220000267028809
4664,1.7209999561309814
4665,1.7725000381469727
4666,1.7300000190734863
4667,1.7130000591278076
4668,1.7690000534057617
4669,1.7450000047683716
4670,1.6985000371932983
4671,1.7604999542236328
4672,1.8114999532699585
4673,1.7595000267028809
4674,1.9005000591278076
4675,1.6950000524520874
4676,1.7760000228881836
4677,1.7680000066757202
4678,1.7230000495910645
4679,1.6649999618530273
4680,1.815000057220459
4681,1.8259999752044678
4682,1.7380000352859497
4683,1.819000005722046
4684,1.7890000343322754
4685,1.6360000371932983
4686,1.8274999856948853
4687,1.6875
4688,1.7120000123977661
4689,1.7389999628067017
4690,1.7404999732971191
4691,1.7619999647140503
4692,1.6519999504089355
4693,1.8674999475479126
4694,1.746999979019165
4695,1.7480000257492065
4696,1.6885000467300415
4697,1.6714999675750732
4698,1.8669999837875366
4699,1.7009999752044678
4700,1.7949999570846558
4701,1.7745000123977661
4702,1.7569999694824219
4703,1.7984999418258667
4704,1.649999976158142
4705,1.6705000400543213
4706,1.7769999504089355
4707,1.8109999895095825
4708,1.6734999418258667
4709,1.8109999895095825
4710,1.7834999561309814
4711,1.7864999771118164
4712,1.7015000581741333
4713,1.6640000343322754
4714,1.812999963760376
4715,1.8029999732971191
4716,1.750499963760376
4717,1.7760000228881836
4718,1.7230000495910645
4719,1.808500051498413
4720,1.7094999551773071
4721,1.756500005722046
4722,1.809499979019165
4723,1.715999960899353
4724,1.7445000410079956
4725,1.7654999494552612
4726,1.7699999809265137
4727,1.7934999465942383
4728,1.7634999752044678
4729,1.7929999828338623
4730,1.7024999856948853
4731,1.7654999494552612
4732,1.7139999866485596
4733,1.7855000495910645
4734,1.7365000247955322
4735,1.7230000495910645
4736,1.8339999914169312
4737,1.7050000429153442
4738,1.7554999589920044
4739,1.683500051498413
4740,1.7934999465942383
4741,1.7345000505447388
4742,1.684000015258789
4743,1.7669999599456787
4744,1.6955000162124634
4745,1.6885000467300415
4746,1.6545000076293945
4747,1.7949999570846558
4748,1.7285000085830688
4749,1.746999979019165
4750,1.7595000267028809
4751,1.6890000104904175
4752,1.6785000562667847
4753,1.7710000276565552
4754,1.6970000267028809
4755,1.8205000162124634
4756,1.8075000047683716
4757,1.7575000524520874
4758,1.8519999980926514
4759,1.7059999704360962
4760,1.8020000457763672
4761,1.7619999647140503
4762,1.7200000286102295
4763,1.6775000095367432
4764,1.7589999437332153
4765,1.743499994277954
4766,1.6380000114440918
4767,1.819000005722046
4768,1.7105000019073486
4769,1.7139999866485596
4770,1.6885000467300415
4771,1.743499994277954
4772,1.8040000200271606
4773,1.8914999961853027
4774,1.8700000047683716
4775,1.7109999656677246
4776,1.7484999895095825
4777,1.7599999904632568
4778,1.7984999418258667
4779,1.6454999446868896
4780,1.747499942779541
4781,1.7274999618530273
4782,1.6475000381469727
4783,1.8309999704360962
4784,1.746000051498413
4785,1.684999942779541
4786,1.7580000162124634
4787,1.8075000047683716
4788,1.7324999570846558
4789,1.7884999513626099
4790,1.7604999542236328
4791,1.750499963760376
4792,1.8049999475479126
4793,1.7120000123977661
4794,1.7894999980926514
4795,1.6269999742507935
4796,1.6729999780654907
4797,1.8194999694824219
4798,1.6990000009536743
4799,1.8114999532699585
4800,1.7015000581741333
4801,1.8335000276565552
4802,1.6699999570846558
4803,1.6875
4804,1.7619999647140503
4805,1.6670000553131104
4806,1.6734999418258667
4807,1.662500023841858
4808,1.7829999923706055
4809,1.7389999628067017
4810,1.719499945640564
4811,1.721500039100647
4812,1.8454999923706055
4813,1.7710000276565552
4814,1.7050000429153442
4815,1.6959999799728394
4816,1.7999999523162842
4817,1.7604999542236328
4818,1.7044999599456787
4819,1.7834999561309814
4820,1.6519999504089355
4821,1.8539999723434448
4822,1.787500023841858
4823,1.7619999647140503
4824,1.7074999809265137
4825,1.7899999618530273
4826,1.7855000495910645
4827,1.7554999589920044
4828,1.7914999723434448
4829,1.631500005722046
4830,1.7834999561309814
4831,1.7649999856948853
4832,1.684000015258789
4833,1.6540000438690186
4834,1.7430000305175781
4835,1.7209999561309814
4836,1.7654999494552612
4837,1.7309999465942383
4838,1.8229999542236328
4839,1.7984999418258667
4840,1.784000039100647
4841,1.7934999465942383
4842,1.7710000276565552
4843,1.7795000076293945
4844,1.6985000371932983
4845,1.718999981880188
4846,1.8170000314712524
4847,1.7484999895095825
4848,1.8270000219345093
4849,1.8339999914169312
4850,1.7825000286102295
4851,1.722499966621399
4852,1.6950000524520874
4853,1.8109999895095825
4854,1.687999963760376
4855,1.719499945640564
4856,1.8509999513626099
4857,1.7384999990463257
4858,1.6964999437332153
4859,1.7510000467300415
4860,1.8550000190734863
4861,1.75600004196167
4862,1.7345000505447388
4863,1.718999981880188
4864,1.8600000143051147
4865,1.7384999990463257
4866,1.7235000133514404
4867,1.7384999990463257
4868,1.7654999494552612
4869,1.7029999494552612
4870,1.6990000009536743
4871,1.6714999675750732
4872,1.781499981880188
4873,1.7269999980926514
4874,1.722499966621399
4875,1.6894999742507935
4876,1.690000057220459
4877,1.819000005722046
4878,1.7204999923706055
4879,1.7825000286102295
4880,1.843000054359436
4881,1.6449999809265137
4882,1.753499984741211
4883,1.7380000352859497
4884,1.8135000467300415
4885,1.778499960899353
4886,1.8389999866485596
4887,1.753499984741211
4888,1.7684999704360962
4889,1.7354999780654907
4890,1.718500018119812
4891,1.6764999628067017
4892,1.8285000324249268
4893,1.8200000524520874
4894,1.69350004196167
4895,1.7345000505447388
4896,1.7584999799728394
4897,1.6664999723434448
4898,1.7400000095367432
4899,1.6690000295639038
4900,1.8424999713897705
4901,1.8619999885559082
4902,1.7335000038146973
4903,1.694000005722046
4904,1.8580000400543213
4905,1.7795000076293945
4906,1.7265000343322754
4907,1.725000023841858
4908,1.7295000553131104
4909,1.7595000267028809
4910,1.812999963760376
4911,1.7734999656677246
4912,1.7634999752044678
4913,1.7834999561309814
4914,1.8049999475479126
4915,1.6820000410079956
4916,1.7970000505447388
4917,1.7289999723434448
4918,1.7009999752044678
4919,1.8194999694824219
4920,1.7769999504089355
4921,1.8504999876022339
4922,1.6030000448226929
4923,1.7079999446868896
4924,1.7144999504089355
4925,1.787500023841858
4926,1.680999994277954
4927,1.871500015258789
4928,1.6614999771118164
4929,1.7094999551773071
4930,1.780500054359436
4931,1.7489999532699585
4932,1.725000023841858
4933,1.6970000267028809
4934,1.7100000381469727
4935,1.7695000171661377
4936,1.75
4937,1.7914999723434448
4938,1.75600004196167
4939,1.7669999599456787
4940,1.819000005722046
4941,1.7000000476837158
4942,1.8604999780654907
4943,1.7430000305175781
4944,1.7734999656677246
4945,1.7994999885559082
4946,1.746000051498413
4947,1.781000018119812
4948,1.690000057220459
4949,1.7680000066757202
4950,1.6875
4951,1.7350000143051147
4952,1.8609999418258667
4953,1.7074999809265137
4954,1.8604999780654907
4955,1.6959999799728394
4956,1.6545000076293945
4957,1.874500036239624
4958,1.777500033378601
4959,1.6490000486373901
4960,1.6649999618530273
4961,1.8535000085830688
4962,1.7330000400543213
4963,1.7259999513626099
4964,1.8044999837875366
4965,1.778499960899353
4966,1.7949999570846558
4967,1.7714999914169312
4968,1.7144999504089355
4969,1.805999994277954
4970,1.7105000019073486
4971,1.691499948501587
4972,1.6575000286102295
4973,1.6629999876022339
4974,1.7430000305175781
4975,1.815999984741211
4976,1.7274999618530273
4977,1.753499984741211
4978,1.7285000085830688
4979,1.7369999885559082
4980,1.8289999961853027
4981,1.6929999589920044
4982,1.7074999809265137
4983,1.8029999732971191
4984,1.7415000200271606
4985,1.6404999494552612
4986,1.8194999694824219
4987,1.8279999494552612
4988,1.7039999961853027
4989,1.7235000133514404
4990,1.7625000476837158
4991,1.7634999752044678
4992,1.6480000019073486
4993,1.7725000381469727
4994,1.815999984741211
4995,1.75
4996,1.6890000104904175
4997,1.7920000553131104
4998,1.7569999694824219
4999,1.8880000114440918
5000,1.7430000305175781
5001,1.752500057220459
5002,1.7979999780654907
5003,1.7975000143051147
5004,1.815999984741211
5005,1.6944999694824219
5006,1.7745000123977661
5007,1.7335000038146973
5008,1.7295000553131104
5009,1.8259999752044678
5010,1.7415000200271606
5011,1.7239999771118164
5012,1.7730000019073486
5013,1.840499997138977
5014,1.8305000066757202
5015,1.7400000095367432
5016,1.7085000276565552
5017,1.7389999628067017
5018,1.7690000534057617
5019,1.8305000066757202
5020,1.6759999990463257
5021,1.7330000400543213
5022,1.7719999551773071
5023,1.812000036239624
5024,1.7400000095367432
