0,0.8575000166893005
1,0.6067415475845337
2,1.2762645483016968
3,0.8700000047683716
4,0.643216073513031
5,0.6100000143051147
6,0.7415730357170105
7,0.8600000143051147
8,1.0150753259658813
9,1.085427165031433
10,0.7437185645103455
11,1.0199999809265137
12,0.9101123809814453
13,0.6516854166984558
14,0.898876428604126
15,0.6516854166984558
16,0.8539325594902039
17,0.898876428604126
18,1.0
19,0.7752808928489685
20,0.8500000238418579
21,1.1557788848876953
22,0.8651685118675232
23,0.6633166074752808
24,0.7977527976036072
25,0.8799999952316284
26,1.0050251483917236
27,0.8202247023582458
28,0.800000011920929
29,0.7977527976036072
30,0.9045225977897644
31,1.1299999952316284
32,0.9800000190734863
33,1.085427165031433
34,0.9438202381134033
35,0.6532663106918335
36,1.1235954761505127
37,1.0299999713897705
38,0.7537688612937927
39,2.1306533813476562
40,0.5226130485534668
41,0.7400000095367432
42,0.6516854166984558
43,1.1910111904144287
44,0.8542713522911072
45,0.7300000190734863
46,0.8600000143051147
47,1.0800000429153442
48,1.101123571395874
49,0.7752808928489685
50,0.898876428604126
51,1.0
52,0.9045225977897644
53,0.8199999928474426
54,1.3266332149505615
55,0.8799999952316284
56,0.6741573214530945
57,0.6100000143051147
58,0.6516854166984558
59,0.7799999713897705
60,0.6516854166984558
61,0.6404494643211365
62,0.6741573214530945
63,0.8399999737739563
64,0.5617977380752563
65,0.7699999809265137
66,0.8426966071128845
67,0.9100000262260437
68,1.101123571395874
69,0.80402010679245
70,0.8899999856948853
71,0.6741573214530945
72,0.8844221234321594
73,1.059999942779541
74,0.7537688612937927
75,1.1128404140472412
76,0.7752808928489685
77,0.7035176157951355
78,1.159999966621399
79,1.0224719047546387
80,0.7900000214576721
81,0.8643215894699097
82,0.957198441028595
83,0.7640449404716492
84,0.6809338331222534
85,0.6404494643211365
86,1.516853928565979
87,0.9775280952453613
88,0.8764045238494873
89,0.9550561904907227
90,0.9100000262260437
91,0.7191011309623718
92,0.6629213690757751
93,0.8539325594902039
94,0.9599999785423279
95,0.9599999785423279
96,0.8844221234321594
97,0.9101123809814453
98,0.6516854166984558
99,0.800000011920929
100,0.8202247023582458
101,0.7392995953559875
102,0.8539325594902039
103,0.7640449404716492
104,0.6741573214530945
105,0.8764045238494873
106,1.3852139711380005
107,0.9775280952453613
108,0.6800000071525574
109,1.550561785697937
110,0.9260700345039368
111,0.8171206116676331
112,1.0452260971069336
113,0.7900000214576721
114,0.7599999904632568
115,1.1356784105300903
116,1.085427165031433
117,0.8844221234321594
118,1.235954999923706
119,0.9547738432884216
120,0.9346733689308167
121,0.9550561904907227
122,0.8089887499809265
123,0.9550561904907227
124,1.0112359523773193
125,0.6853932738304138
126,0.6376404762268066
127,0.9623115658760071
128,1.0800000429153442
129,1.0251256227493286
130,0.6516854166984558
131,1.1797752380371094
132,0.699999988079071
133,0.8799999952316284
134,0.8651685118675232
135,0.7099999785423279
136,1.2060301303863525
137,0.9447236061096191
138,1.2471909523010254
139,0.8089887499809265
140,0.733668327331543
141,0.6516854166984558
142,0.898876428604126
143,0.898876428604126
144,0.643216073513031
145,0.8700000047683716
146,1.101123571395874
147,0.9346733689308167
148,0.7415730357170105
149,1.0
150,1.1235954761505127
151,1.0561797618865967
152,0.7977527976036072
153,0.7638190984725952
154,0.6362359523773193
155,0.5617977380752563
156,1.0224719047546387
157,0.6834170818328857
158,0.8844221234321594
159,0.6042713522911072
160,0.6934673190116882
161,0.7599999904632568
162,0.8241205811500549
163,0.8426966071128845
164,0.7599999904632568
165,0.9949748516082764
166,1.1573033332824707
167,0.8241205811500549
168,0.9803370833396912
169,0.949999988079071
170,0.7638190984725952
171,0.7699999809265137
172,1.149999976158142
173,0.5617977380752563
174,0.6459143757820129
175,1.0050251483917236
176,0.7236180901527405
177,0.9550561904907227
178,0.9900000095367432
179,0.9900000095367432
180,0.7865168452262878
181,1.1460673809051514
182,0.9045225977897644
183,0.8442211151123047
184,0.966292142868042
185,0.8700000047683716
186,0.6741573214530945
187,0.6000000238418579
188,1.0800000429153442
189,0.8600000143051147
190,0.7400000095367432
191,0.6800000071525574
192,1.0786516666412354
193,0.8700000047683716
194,0.6924999952316284
195,0.9045225977897644
196,0.7626459002494812
197,0.949999988079071
180,0.9780219793319702
181,0.8181818127632141
182,0.6629834175109863
183,1.418994426727295
184,0.7182320356369019
185,0.6408839821815491
186,0.8618784546852112
187,0.7472527623176575
188,0.7362637519836426
189,0.7734806537628174
190,0.6703910827636719
191,0.7182320356369019
192,1.4525139331817627
193,0.7032967209815979
194,0.8066298365592957
195,1.076923131942749
196,1.0502793788909912
197,2.4022345542907715
198,0.7692307829856873
199,0.8044692873954773
200,1.0502793788909912
201,1.0272727012634277
202,1.2087912559509277
203,0.8715083599090576
204,0.8461538553237915
205,0.939226508140564
206,1.6201117038726807
207,0.9273743033409119
208,0.8021978139877319
209,0.8287292718887329
210,0.9890109896659851
211,0.6703910827636719
212,0.8715083599090576
213,0.9613259434700012
214,0.9497206807136536
215,1.082872986793518
216,0.8618784546852112
217,0.8272727131843567
218,1.0989011526107788
219,0.8715083599090576
220,0.9723756909370422
221,1.0055248737335205
222,0.6373626589775085
223,1.076923131942749
224,0.8839778900146484
225,1.049723744392395
226,0.9340659379959106
227,0.9890109896659851
228,0.7597765326499939
229,0.7734806537628174
230,0.9832402467727661
231,0.8351648449897766
232,0.6408839821815491
233,0.7624309659004211
234,1.1173183917999268
235,0.9497206807136536
236,0.8791208863258362
237,0.8176795840263367
238,1.1284916400909424
239,0.994413435459137
240,0.8066298365592957
241,0.9171270728111267
242,1.094972014427185
243,0.939226508140564
244,1.0909091234207153
245,0.9723756909370422
246,0.7821229100227356
247,0.7955800890922546
248,1.072625756263733
249,0.8351648449897766
250,1.094972014427185
251,0.9944751262664795
252,0.7142857313156128
253,0.9670329689979553
254,0.5824176073074341
255,1.5801105499267578
256,0.8901098966598511
257,0.8181818127632141
258,0.7181817889213562
259,0.8287292718887329
260,1.1396647691726685
261,1.0545454025268555
262,0.9780219793319702
263,1.1173183917999268
264,0.9723756909370422
265,1.0909091234207153
266,0.950276255607605
267,0.8812848925590515
268,0.8044692873954773
269,0.8021978139877319
270,0.8491619825363159
271,0.9613259434700012
272,0.7727272510528564
273,0.9060773253440857
274,0.7252747416496277
275,0.8681318759918213
276,1.1173183917999268
277,0.9818181991577148
278,1.1284916400909424
279,0.8571428656578064
280,0.8351648449897766
281,0.7513812184333801
282,1.318435788154602
283,0.918181836605072
284,0.8938547372817993
285,0.8839778900146484
286,0.8938547372817993
287,0.7802197933197021
288,0.9834254384040833
289,0.692307710647583
290,0.8287292718887329
291,0.9450549483299255
292,0.7182320356369019
293,0.9281768202781677
294,0.8571428656578064
295,1.0727273225784302
296,0.8397790193557739
297,0.8715083599090576
298,0.8021978139877319
299,0.9780219793319702
300,0.8938547372817993
301,0.6818181872367859
302,1.5307263135910034
303,0.9385474920272827
304,0.9780219793319702
305,1.082872986793518
306,0.7181817889213562
307,0.6077347993850708
308,0.9272727370262146
309,0.7692307829856873
310,0.826815664768219
311,0.9890109896659851
312,0.8156424760818481
313,0.6703296899795532
314,1.3272727727890015
315,0.6703910827636719
316,0.6256983280181885
317,0.9944751262664795
318,0.7597765326499939
319,1.0055866241455078
320,0.9497206807136536
321,0.8052486181259155
322,0.9670329689979553
323,0.7709497213363647
324,1.2087912559509277
325,0.8909090757369995
326,1.3626374006271362
327,0.9281768202781677
328,0.9450549483299255
329,0.9832402467727661
330,1.0370879173278809
331,0.9340659379959106
332,1.149171233177185
333,0.9120879173278809
334,0.7734806537628174
335,0.8156424760818481
336,0.8826815485954285
337,0.8181818127632141
338,0.9385474920272827
339,0.7032967209815979
340,0.9497206807136536
341,0.7142857313156128
342,1.082872986793518
343,1.072625756263733
344,0.7272727489471436
345,0.8181818127632141
346,0.9120879173278809
347,0.8021978139877319
348,1.545454502105713
349,1.5384615659713745
350,1.0219780206680298
351,0.994413435459137
352,1.072625756263733
353,1.2849161624908447
354,1.0549451112747192
355,0.6483516693115234
356,1.0614525079727173
357,0.9281768202781677
358,0.8715083599090576
359,0.6408839821815491
360,0.8901098966598511
361,0.9834254384040833
362,0.6727272868156433
363,0.9720670580863953
364,0.7090908885002136
365,1.0055866241455078
366,0.6961326003074646
367,0.7734806537628174
368,0.6813187003135681
369,0.9120879173278809
370,1.171270728111267
371,1.0818182229995728
372,1.0329670906066895
373,0.7692307829856873
374,0.9050279259681702
375,0.9670329689979553
376,1.3591160774230957
377,0.8715083599090576
378,0.8176795840263367
379,0.7039105892181396
380,1.049723744392395
381,0.8938547372817993
382,0.8491619825363159
383,1.0879120826721191
384,0.7597765326499939
385,0.7821229100227356
386,0.994413435459137
387,1.2636363506317139
388,0.6636363863945007
389,0.7262569665908813
390,1.060773491859436
391,0.8545454740524292
392,0.8241758346557617
393,0.7142857313156128
394,0.7734806537628174
395,0.791208803653717
396,1.171270728111267
397,0.6483516693115234
398,0.8618784546852112
399,0.8909090757369995
400,1.076923131942749
401,0.8839778900146484
402,1.1318681240081787
403,0.9834254384040833
404,0.8491619825363159
405,0.6593406796455383
406,1.1270718574523926
407,0.950276255607605
408,0.918181836605072
409,0.8618784546852112
410,0.8839778900146484
411,1.171270728111267
412,0.7292817831039429
413,0.9670329689979553
414,0.9832402467727661
415,0.9723756909370422
416,0.6909090876579285
417,0.9230769276618958
418,1.1318681240081787
419,0.8044692873954773
420,0.826815664768219
421,0.8156424760818481
422,0.6636363863945007
423,1.3454545736312866
424,1.049723744392395
425,0.8508287072181702
426,0.950276255607605
427,1.038673996925354
428,0.826815664768219
429,0.6263736486434937
430,0.9727272987365723
431,0.8839778900146484
432,0.9385474920272827
433,0.8131868243217468
434,0.8571428656578064
435,1.1955307722091675
436,0.8379888534545898
437,0.9890109896659851
438,0.9890109896659851
439,1.3956043720245361
440,0.826815664768219
441,1.082872986793518
442,1.0
443,0.7374301552772522
444,0.6408839821815491
445,1.2960894107818604
446,0.9385474920272827
447,1.6685082912445068
448,0.8241758346557617
449,0.8818181753158569
450,0.9450549483299255
451,0.7597765326499939
452,0.8131868243217468
453,0.8156424760818481
454,0.9050279259681702
455,0.6850828528404236
456,0.6408839821815491
457,0.9090909361839294
458,1.0279330015182495
459,1.0279330015182495
460,1.160220980644226
461,0.9090909361839294
462,0.8508287072181702
463,0.6703910827636719
464,1.3480663299560547
465,1.0055248737335205
466,1.1049723625183105
467,0.9832402467727661
468,0.8727272748947144
469,0.9340659379959106
470,0.9890109896659851
471,0.8351648449897766
472,0.7821229100227356
473,0.8461538553237915
474,0.8618784546852112
475,0.7582417726516724
476,1.1160221099853516
477,1.2960894107818604
478,0.8715083599090576
479,0.8241758346557617
480,1.0272727012634277
481,0.7624309659004211
482,1.5530725717544556
483,0.9450549483299255
484,0.8090909123420715
485,0.8618784546852112
486,0.8826815485954285
487,1.1208791732788086
488,0.8938547372817993
489,0.748603343963623
490,0.6703296899795532
491,0.8791208863258362
492,0.8715083599090576
493,0.6740331649780273
494,0.9281768202781677
495,0.8909090757369995
496,1.7999999523162842
497,0.7262569665908813
498,0.8909090757369995
499,0.9171270728111267
500,0.7582417726516724
501,0.9281768202781677
502,0.8618784546852112
503,0.8818181753158569
504,0.7818182110786438
505,2.4175825119018555
506,0.939226508140564
507,0.9230769276618958
508,0.8156424760818481
509,0.7582417726516724
510,0.7252747416496277
511,1.1727272272109985
512,0.916201114654541
513,1.2849161624908447
514,1.150838017463684
515,0.8044692873954773
516,0.8571428656578064
517,0.9497206807136536
518,0.994413435459137
519,0.9670329689979553
520,0.6593406796455383
521,0.7252747416496277
522,0.7624309659004211
523,0.6480447053909302
524,1.1381216049194336
525,0.6703910827636719
526,0.8044692873954773
527,0.8241758346557617
528,0.7821229100227356
529,0.7734806537628174
530,0.8351648449897766
531,0.692307710647583
532,0.826815664768219
533,1.160220980644226
534,1.160220980644226
535,1.0549451112747192
536,1.2707182168960571
537,1.6574585437774658
538,2.4640884399414062
539,0.826815664768219
540,0.9171270728111267
541,0.8938547372817993
542,0.5494505763053894
543,0.7292817831039429
544,0.9613259434700012
545,0.8379888534545898
546,1.2087912559509277
547,1.071823239326477
548,1.1270718574523926
549,1.1270718574523926
550,0.7582417726516724
551,0.6519337296485901
552,0.8397790193557739
553,1.082872986793518
554,1.0879120826721191
555,0.9497206807136536
556,0.9340659379959106
557,1.1061452627182007
558,0.7292817831039429
559,0.6629834175109863
560,1.2307692766189575
561,0.6850828528404236
562,0.6703910827636719
563,0.8571428656578064
564,1.0727273225784302
565,0.7181817889213562
566,0.8508287072181702
567,1.597765326499939
568,0.7142857313156128
569,0.7292817831039429
570,1.071823239326477
571,0.7845304012298584
572,0.9385474920272827
573,0.7692307829856873
574,0.6408839821815491
575,1.160220980644226
576,0.7932960987091064
577,1.1173183917999268
578,1.1318681240081787
579,1.0391061305999756
580,0.7071823477745056
581,0.7955800890922546
582,1.3149170875549316
583,1.2967033386230469
584,0.8571428656578064
585,1.2087912559509277
586,0.8156424760818481
587,0.8379888534545898
588,0.8950276374816895
589,0.826815664768219
590,0.7709497213363647
591,0.6181818246841431
592,0.7909091114997864
593,0.9944751262664795
594,0.8729282021522522
595,1.251396656036377
596,0.8176795840263367
597,0.8826815485954285
598,0.8491619825363159
599,1.1381216049194336
600,0.8090909123420715
601,0.7624309659004211
602,1.5934065580368042
603,0.800000011920929
604,0.916201114654541
605,0.7955800890922546
606,0.8241758346557617
607,0.9723756909370422
608,0.6629834175109863
609,0.7374301552772522
610,0.7709497213363647
611,0.8021978139877319
612,0.8901098966598511
613,0.9340659379959106
614,0.7597765326499939
615,0.7597765326499939
616,0.8397790193557739
617,0.8397790193557739
618,0.7597765326499939
619,0.6927374005317688
620,0.8508287072181702
621,0.7802197933197021
622,1.060773491859436
623,0.7734806537628174
624,1.0879120826721191
625,0.9560439586639404
626,1.6263736486434937
627,0.7597765326499939
628,0.7115384340286255
629,0.8176795840263367
630,0.8938547372817993
631,1.163636326789856
632,1.597765326499939
633,0.7692307829856873
634,0.9340659379959106
635,1.150838017463684
636,1.109890103340149
637,0.8181818127632141
638,0.7692307829856873
639,1.0
640,0.7624309659004211
641,1.1061452627182007
642,0.7597765326499939
643,0.7709497213363647
644,0.8938547372817993
645,0.8839778900146484
646,0.9240331649780273
647,0.939226508140564
648,0.6368715167045593
649,0.7597765326499939
650,0.950276255607605
651,0.7374301552772522
652,0.826815664768219
653,0.9560439586639404
654,0.7142857313156128
655,0.8287292718887329
656,0.8131868243217468
657,0.9720670580863953
658,0.7346368432044983
659,0.7818182110786438
660,0.8491619825363159
661,1.0165746212005615
662,0.9560439586639404
663,1.0879120826721191
664,1.0549451112747192
665,0.8603351712226868
666,1.0939226150512695
667,1.0109890699386597
668,0.8784530162811279
669,0.9090909361839294
670,0.9608938694000244
671,0.9281768202781677
672,0.8066298365592957
673,1.0207182168960571
674,0.8287292718887329
675,0.8176795840263367
676,0.7821229100227356
677,0.8715083599090576
678,0.8636363744735718
679,0.8181818127632141
680,1.1933702230453491
681,0.6593406796455383
682,0.8156424760818481
683,0.9890109896659851
684,0.9273743033409119
685,1.3516483306884766
686,0.6629834175109863
687,0.8090909123420715
688,0.9450549483299255
689,0.6629834175109863
690,0.7821229100227356
691,0.8379888534545898
692,0.8571428656578064
693,1.2737430334091187
694,1.0549451112747192
695,0.6519337296485901
696,0.9273743033409119
697,0.8241758346557617
698,0.9281768202781677
699,0.8044692873954773
700,0.9608938694000244
701,0.8491619825363159
702,0.8241758346557617
703,0.6480447053909302
704,0.9281768202781677
705,0.8131868243217468
706,0.7821229100227356
707,0.8287292718887329
708,0.8176795840263367
709,0.5856353640556335
710,1.076923131942749
711,0.7513812184333801
712,1.1727272272109985
713,0.8839778900146484
714,0.9230769276618958
715,0.7727272510528564
716,1.0165746212005615
717,0.8379888534545898
718,1.1160221099853516
719,0.7932960987091064
720,0.9890109896659851
721,1.2707182168960571
722,0.6703296899795532
723,1.2307692766189575
724,0.8379888534545898
725,1.505494475364685
726,0.8131868243217468
727,0.7624309659004211
728,0.6703910827636719
729,1.072625756263733
730,0.8351648449897766
731,1.160220980644226
732,1.045454502105713
733,0.8727272748947144
734,0.9723756909370422
735,1.082872986793518
736,1.2849161624908447
737,1.1049723625183105
738,0.9890109896659851
739,0.9385474920272827
740,0.7692307829856873
741,0.8938547372817993
742,0.7802197933197021
743,0.7955800890922546
744,1.094972014427185
745,0.950276255607605
746,0.8397790193557739
747,0.8176795840263367
748,2.279329538345337
749,0.9727272987365723
750,1.417582392692566
751,0.8938547372817993
752,0.7821229100227356
753,1.2154695987701416
754,0.9281768202781677
755,0.8131868243217468
756,0.8181818127632141
757,0.950276255607605
758,0.7692307829856873
759,0.6850828528404236
760,0.7734806537628174
761,0.8287292718887329
762,0.8351648449897766
763,0.8156424760818481
764,0.8950276374816895
765,0.791208803653717
766,0.7821229100227356
767,0.9832402467727661
768,0.9385474920272827
769,1.2849161624908447
770,0.800000011920929
771,0.826815664768219
772,0.8545454740524292
773,0.9608938694000244
774,0.8603351712226868
775,0.7692307829856873
776,0.7182320356369019
777,0.791208803653717
778,0.9230769276618958
779,0.7821229100227356
780,0.8156424760818481
781,0.7071823477745056
782,1.149171233177185
783,0.9780219793319702
784,0.8397790193557739
785,0.8066298365592957
786,0.901098906993866
787,0.6909090876579285
788,0.8839778900146484
789,0.6703910827636719
790,0.7513812184333801
791,0.8066298365592957
792,0.7071823477745056
793,0.7821229100227356
794,1.150838017463684
795,1.3038674592971802
796,1.3631285429000854
797,1.2375690937042236
798,0.7909091114997864
799,0.7818182110786438
800,1.4806629419326782
801,0.7636363506317139
802,0.6961326003074646
803,1.0055866241455078
804,0.7821229100227356
805,1.0055866241455078
806,0.8044692873954773
807,1.3072625398635864
808,0.6636363863945007
809,0.8618784546852112
810,0.7206704020500183
811,0.8729282021522522
812,0.7932960987091064
813,0.950276255607605
814,0.7292817831039429
815,0.8287292718887329
816,0.8477653861045837
817,0.9340659379959106
818,0.8618784546852112
819,1.1620111465454102
820,0.699999988079071
821,0.8901098966598511
822,0.8090909123420715
823,0.6483516693115234
824,0.916201114654541
825,1.3407821655273438
826,0.9780219793319702
827,0.9832402467727661
828,1.2375690937042236
829,0.7513812184333801
830,0.8131868243217468
831,0.8379888534545898
832,0.8351648449897766
833,0.7472527623176575
834,1.4143646955490112
835,0.9608938694000244
836,0.8351648449897766
837,0.8571428656578064
838,0.9171270728111267
839,0.7272727489471436
840,0.6636363863945007
841,0.8938547372817993
842,0.8008241653442383
843,1.2087912559509277
844,0.939226508140564
845,1.0329670906066895
846,1.4254143238067627
847,1.5469613075256348
848,1.060773491859436
849,1.0055866241455078
850,1.878453016281128
851,0.8618784546852112
852,0.8176795840263367
853,0.755586564540863
854,0.826815664768219
855,0.7955800890922546
856,0.8156424760818481
857,0.6454545259475708
858,0.8839778900146484
859,0.8241758346557617
860,0.8618784546852112
861,0.9558011293411255
862,0.6815642714500427
863,1.1454545259475708
864,0.9450549483299255
865,0.7597765326499939
866,1.2290502786636353
867,0.7821229100227356
868,0.8044692873954773
869,1.160220980644226
870,0.916201114654541
871,1.1381216049194336
872,0.939226508140564
873,0.9363636374473572
874,0.8491619825363159
875,0.7142857313156128
876,0.9890109896659851
877,1.2928177118301392
878,0.8681318759918213
879,1.0580110549926758
880,0.9545454382896423
881,1.1538461446762085
882,1.082872986793518
883,0.9050279259681702
884,1.7142857313156128
885,0.950276255607605
886,0.9832402467727661
887,0.791208803653717
888,1.3812154531478882
889,0.8397790193557739
890,0.8938547372817993
891,0.9230769276618958
892,1.0165746212005615
893,0.8938547372817993
894,1.1208791732788086
895,0.8839778900146484
896,0.8066298365592957
897,0.8461538553237915
898,0.6480447053909302
899,0.9608938694000244
900,1.1620111465454102
901,0.8461538553237915
902,0.7182320356369019
903,1.0055866241455078
904,0.8715083599090576
905,0.9385474920272827
906,0.7821229100227356
907,0.8491619825363159
908,0.6933701634407043
909,0.6909090876579285
910,0.7182320356369019
911,0.9832402467727661
912,0.8287292718887329
913,0.6263736486434937
914,0.8618784546852112
915,0.6298342347145081
916,0.8618784546852112
917,0.9385474920272827
918,0.8287292718887329
919,0.6740331649780273
920,0.8379888534545898
921,1.163636326789856
922,0.7636363506317139
923,0.6408839821815491
924,1.5384615659713745
925,0.8491619825363159
926,0.8021978139877319
927,1.2967033386230469
928,0.8241758346557617
929,0.9780219793319702
930,0.659217894077301
931,1.072625756263733
932,0.8379888534545898
933,0.8826815485954285
934,1.3812154531478882
935,1.071823239326477
936,0.8241758346557617
937,0.7692307829856873
938,0.9060773253440857
939,1.2197802066802979
940,0.8909090757369995
941,1.1049723625183105
942,0.8839778900146484
943,0.8461538553237915
944,0.7734806537628174
945,0.8791208863258362
946,1.0549451112747192
947,0.8839778900146484
948,0.8156424760818481
949,0.6961326003074646
950,0.6408839821815491
951,0.9230769276618958
952,0.800000011920929
953,0.8901098966598511
954,0.9074585437774658
955,0.8571428656578064
956,0.9723756909370422
957,0.7845304012298584
958,0.7142857313156128
959,0.6961326003074646
960,1.0055866241455078
961,0.8571428656578064
962,0.8791208863258362
963,0.7932960987091064
964,1.2154695987701416
965,0.9670329689979553
966,1.1049723625183105
967,0.9050279259681702
968,0.8818181753158569
969,0.950276255607605
970,0.9060773253440857
971,0.6545454263687134
972,0.9281768202781677
973,0.6703296899795532
974,0.8938547372817993
975,1.0391061305999756
976,0.7932960987091064
977,0.6243016719818115
978,0.8397790193557739
979,0.8491619825363159
980,0.8241758346557617
981,1.0363636016845703
982,0.8181818127632141
983,0.826815664768219
984,0.950276255607605
985,0.9340659379959106
986,1.2402234077453613
987,0.7932960987091064
988,0.8826815485954285
989,1.2067039012908936
990,0.7692307829856873
991,1.2290502786636353
992,1.1208791732788086
993,1.9670329093933105
994,0.8104395866394043
995,0.6480447053909302
996,0.8181818127632141
997,0.8938547372817993
998,1.160220980644226
999,0.6629834175109863
1000,0.7845304012298584
1001,0.7292817831039429
1002,1.0549451112747192
1003,0.7272727489471436
1004,0.7292817831039429
1005,1.664804458618164
1006,0.9832402467727661
1007,0.9450549483299255
1008,0.7513812184333801
1009,0.6740331649780273
1010,0.791208803653717
1011,0.6363636255264282
1012,1.4585635662078857
1013,0.7252747416496277
1014,0.800000011920929
1015,0.8603351712226868
1016,0.8351648449897766
1017,0.7582417726516724
1018,0.8826815485954285
1019,1.182320475578308
1020,0.9454545378684998
1021,0.8791208863258362
1022,0.8777472376823425
1023,0.6593406796455383
1024,1.1049723625183105
1025,0.8938547372817993
1026,0.9780219793319702
1027,0.6927374005317688
1028,0.6593406796455383
1029,0.8351648449897766
1030,0.9848901033401489
1031,1.0879120826721191
1032,0.9450549483299255
1033,1.0391061305999756
1034,0.8397790193557739
1035,1.094972014427185
1036,0.6703910827636719
1037,0.9723756909370422
1038,0.9120879173278809
1039,1.318435788154602
1040,0.8379888534545898
1041,1.4065934419631958
1042,0.9230769276618958
1043,0.9560439586639404
1044,0.9450549483299255
1045,0.8461538553237915
1046,0.9497206807136536
1047,1.3591160774230957
1048,0.7795454263687134
1049,0.7955800890922546
1050,0.8131868243217468
1051,0.8156424760818481
1052,0.8351648449897766
1053,1.3186813592910767
1054,0.9834254384040833
1055,0.9834254384040833
1056,0.800000011920929
1057,0.9281768202781677
1058,0.9385474920272827
1059,1.2178771495819092
1060,0.7142857313156128
1061,0.5454545617103577
1062,0.7039105892181396
1063,0.9273743033409119
1064,0.6629834175109863
1065,0.8938547372817993
1066,0.8839778900146484
1067,0.8379888534545898
1068,0.7709497213363647
1069,0.7692307829856873
1070,0.9832402467727661
1071,0.9273743033409119
1072,0.7727272510528564
1073,1.2067039012908936
1074,1.049723744392395
1075,1.4285714626312256
1076,0.9340659379959106
1077,0.9832402467727661
1078,0.8066298365592957
1079,1.3259668350219727
1080,0.8021978139877319
1081,1.2849161624908447
1082,0.8044692873954773
1083,0.9340659379959106
1084,0.9273743033409119
1085,0.7374301552772522
1086,0.7582417726516724
1087,0.9944751262664795
1088,1.2596684694290161
1089,0.9545454382896423
1090,1.5359115600585938
1091,0.7818182110786438
1092,0.8491619825363159
1093,0.8791208863258362
1094,0.791208803653717
1095,1.2707182168960571
1096,0.7472527623176575
1097,0.6813187003135681
1098,1.0219780206680298
1099,1.1049723625183105
1100,0.9385474920272827
1101,1.0614525079727173
1102,0.7362637519836426
1103,2.1318681240081787
1104,0.7734806537628174
1105,0.8021978139877319
1106,0.7182320356369019
1107,1.182320475578308
1108,0.7709497213363647
1109,1.1049723625183105
1110,1.0391061305999756
1111,0.9608938694000244
1112,0.826815664768219
1113,0.9723756909370422
1114,0.8379888534545898
1115,0.8729282021522522
1116,0.8021978139877319
1117,0.8461538553237915
1118,0.8839778900146484
1119,0.8618784546852112
1120,1.2737430334091187
1121,0.8351648449897766
1122,0.8636363744735718
1123,1.3922652006149292
1124,1.160220980644226
1125,0.6927374005317688
1126,0.8681318759918213
1127,0.7272727489471436
1128,0.8545454740524292
1129,0.8351648449897766
1130,0.9497206807136536
1131,1.1049723625183105
1132,0.9608938694000244
1133,0.9944751262664795
1134,0.9890109896659851
1135,1.1049723625183105
1136,0.9230769276618958
1137,1.0549451112747192
1138,0.6629834175109863
1139,0.8909090757369995
1140,0.9545454382896423
1141,0.9720670580863953
1142,0.7374301552772522
1143,0.6818181872367859
1144,0.8791208863258362
1145,1.082872986793518
1146,0.8397790193557739
1147,1.4033149480819702
1148,0.8839778900146484
1149,0.800000011920929
1150,1.653631329536438
1151,0.9171270728111267
1152,0.9340659379959106
1153,0.8287292718887329
1154,0.8791208863258362
1155,0.6480447053909302
1156,0.9120879173278809
1157,0.9171270728111267
1158,0.9834254384040833
1159,0.800000011920929
1160,0.8066298365592957
1161,1.082872986793518
1162,0.8681318759918213
1163,1.0614525079727173
1164,0.7292817831039429
1165,0.9281768202781677
1166,0.7472527623176575
1167,0.9723756909370422
1168,0.9385474920272827
1169,0.9050279259681702
1170,0.7150837779045105
1171,1.2290502786636353
1172,0.950276255607605
1173,0.8397790193557739
1174,0.8618784546852112
1175,0.6961326003074646
1176,0.9281768202781677
1177,1.094972014427185
1178,0.8176795840263367
1179,1.1620111465454102
1180,1.0272727012634277
1181,1.1758241653442383
1182,0.8156424760818481
1183,0.6408839821815491
1184,1.0279330015182495
1185,1.2307692766189575
1186,0.8351648449897766
1187,0.9281768202781677
1188,1.7582417726516724
1189,0.8241758346557617
1190,1.1620111465454102
1191,0.8839778900146484
1192,0.6818181872367859
1193,1.150838017463684
1194,0.8021978139877319
1195,1.0989011526107788
1196,0.659217894077301
1197,0.9581005573272705
1198,0.7909091114997864
1199,0.8618784546852112
1200,0.7821229100227356
1201,1.2486188411712646
1202,0.7262569665908813
1203,0.7692307829856873
1204,0.8379888534545898
1205,1.5274724960327148
1206,0.6593406796455383
1207,0.9385474920272827
1208,0.8176795840263367
1209,1.7127071619033813
1210,0.8491619825363159
1211,0.8379888534545898
1212,1.5714285373687744
1213,1.1061452627182007
1214,0.9832402467727661
1215,1.186813235282898
1216,0.6703910827636719
1217,0.659217894077301
1218,0.9780219793319702
1219,0.6815642714500427
1220,0.7802197933197021
1221,0.7374301552772522
1222,1.1818181276321411
1223,0.8938547372817993
1224,0.8491619825363159
1225,1.307692289352417
1226,0.6629834175109863
1227,1.1284916400909424
1228,0.8363636136054993
1229,0.8938547372817993
1230,0.9613259434700012
1231,1.0329670906066895
1232,0.9608938694000244
1233,0.9670329689979553
1234,1.1381216049194336
1235,0.8044692873954773
1236,0.7272727489471436
1237,0.9120879173278809
1238,1.0502793788909912
1239,0.8508287072181702
1240,0.9832402467727661
1241,1.4806629419326782
1242,0.7845304012298584
1243,1.0219780206680298
1244,0.7071823477745056
1245,0.9545454382896423
1246,0.9281768202781677
1247,1.038673996925354
1248,1.2154695987701416
1249,0.7636363506317139
1250,0.7821229100227356
1251,0.9832402467727661
1252,0.6593406796455383
1253,0.7597765326499939
1254,0.8379888534545898
1255,0.8044692873954773
1256,0.9613259434700012
1257,1.2154695987701416
1258,0.7472527623176575
1259,0.7362637519836426
1260,1.2967033386230469
1261,0.8618784546852112
1262,1.076923131942749
1263,0.918181836605072
1264,1.2737430334091187
1265,0.7292817831039429
1266,0.8571428656578064
1267,0.6850828528404236
1268,1.076923131942749
1269,1.1049723625183105
1270,0.950276255607605
1271,1.2707182168960571
1272,0.8839778900146484
1273,1.072625756263733
1274,0.791208803653717
1275,0.9497206807136536
1276,0.8491619825363159
1277,0.8938547372817993
1278,1.6089385747909546
1279,0.9613259434700012
1280,0.9834254384040833
1281,0.9340659379959106
1282,0.8156424760818481
1283,0.8044692873954773
1284,0.9340659379959106
1285,0.8351648449897766
1286,0.9723756909370422
1287,1.1727272272109985
1288,0.8131868243217468
1289,0.8938547372817993
1290,0.8715083599090576
1291,0.8909090757369995
1292,1.3956043720245361
1293,1.0391061305999756
1294,0.8176795840263367
1295,0.8491619825363159
1296,0.7734806537628174
1297,0.7472527623176575
1298,0.7513812184333801
1299,1.082872986793518
1300,0.9340659379959106
1301,0.8044692873954773
1302,0.8066298365592957
1303,1.072625756263733
1304,0.6408839821815491
1305,0.7624309659004211
1306,1.0659340620040894
1307,0.9890109896659851
1308,0.800000011920929
1309,0.9832402467727661
1310,0.9723756909370422
1311,1.0614525079727173
1312,0.8044692873954773
1313,0.7292817831039429
1314,1.0939226150512695
1315,0.950276255607605
1316,1.0055866241455078
1317,0.8618784546852112
1318,0.6408839821815491
1319,0.7802197933197021
1320,1.2417582273483276
1321,1.3038674592971802
1322,0.8508287072181702
1323,1.0
1324,1.1284916400909424
1325,0.6593406796455383
1326,1.2154695987701416
1327,1.1173183917999268
1328,0.826815664768219
1329,0.791208803653717
1330,0.8066298365592957
1331,0.7262569665908813
1332,0.9454545378684998
1333,0.6703910827636719
1334,1.0276243686676025
1335,0.7821229100227356
1336,0.9120879173278809
1337,0.9545454382896423
1338,0.8938547372817993
1339,0.8021978139877319
1340,0.9723756909370422
1341,0.7071823477745056
1342,0.791208803653717
1343,1.1061452627182007
1344,1.5642458200454712
1345,1.9120879173278809
1346,1.0219780206680298
1347,1.2290502786636353
1348,1.0939226150512695
1349,1.0055866241455078
1350,1.022099494934082
1351,0.8363636136054993
1352,0.8379888534545898
1353,0.6961326003074646
1354,1.0989011526107788
1355,0.9780219793319702
1356,0.791208803653717
1357,0.8571428656578064
1358,0.8603351712226868
1359,1.171270728111267
1360,0.8791208863258362
1361,0.8287292718887329
1362,1.0329670906066895
1363,0.7142857313156128
1364,0.692307710647583
1365,0.9944751262664795
1366,0.8826815485954285
1367,0.8826815485954285
1368,0.939226508140564
1369,0.7802197933197021
1370,0.8156424760818481
1371,0.6703296899795532
1372,1.0989011526107788
1373,1.0549451112747192
1374,0.7909091114997864
1375,0.9340659379959106
1376,0.6927374005317688
1377,1.779005527496338
1378,0.8241758346557617
1379,0.8618784546852112
1380,0.9385474920272827
1381,0.8379888534545898
1382,0.826815664768219
1383,1.1049723625183105
1384,0.738950252532959
1385,1.1909091472625732
1386,1.1955307722091675
1387,0.6850828528404236
1388,1.1818181276321411
1389,0.7818182110786438
1390,0.9613259434700012
1391,0.8176795840263367
1392,0.8149171471595764
1393,1.1538461446762085
1394,0.9340659379959106
1395,0.7597765326499939
1396,1.1381216049194336
1397,0.8839778900146484
1398,0.8021978139877319
1399,0.7597765326499939
1400,0.8379888534545898
1401,1.0502793788909912
1402,0.6483516693115234
1403,0.9230769276618958
1404,0.7734806537628174
1405,0.8397790193557739
1406,1.0
1407,1.2960894107818604
1408,0.8729282021522522
1409,1.049723744392395
1410,0.7821229100227356
1411,1.781818151473999
1412,0.8363636136054993
1413,0.8508287072181702
1414,0.8156424760818481
1415,0.6727272868156433
1416,0.8379888534545898
1417,0.7403314709663391
1418,0.7845304012298584
1419,0.8351648449897766
1420,1.0276243686676025
1421,0.7513812184333801
1422,1.262569785118103
1423,1.082872986793518
1424,0.9545454382896423
1425,0.9090909361839294
1426,0.8909090757369995
1427,0.7932960987091064
1428,0.9560439586639404
1429,0.9832402467727661
1430,0.9670329689979553
1431,1.0055866241455078
1432,1.100000023841858
1433,1.4363635778427124
1434,0.9454545378684998
1435,1.0167597532272339
1436,0.8021978139877319
1437,1.1173183917999268
1438,1.038673996925354
1439,0.9120879173278809
1440,1.0614525079727173
1441,0.7727272510528564
1442,0.9670329689979553
1443,1.038673996925354
1444,0.9450549483299255
1445,1.049723744392395
1446,0.8379888534545898
1447,1.2967033386230469
1448,1.1620111465454102
1449,0.8044692873954773
1450,0.8938547372817993
1451,0.8938547372817993
1452,0.8999999761581421
1453,0.7272727489471436
1454,0.8379888534545898
1455,0.826815664768219
1456,0.7955800890922546
1457,1.1173183917999268
1458,1.094972014427185
1459,0.8839778900146484
1460,0.692307710647583
1461,0.7818182110786438
1462,0.659217894077301
1463,1.1933702230453491
1464,0.9385474920272827
1465,0.9608938694000244
1466,0.8571428656578064
1467,1.0276243686676025
1468,0.6703910827636719
1469,1.4525139331817627
1470,0.8447802066802979
1471,0.7472527623176575
1472,0.9613259434700012
1473,0.8729282021522522
1474,0.8038673996925354
1475,0.7039105892181396
1476,0.9273743033409119
1477,1.1049723625183105
1478,0.7709497213363647
1479,0.8715083599090576
1480,0.7692307829856873
1481,1.2637362480163574
1482,0.9171270728111267
1483,1.2197802066802979
1484,0.7845304012298584
1485,0.7039105892181396
1486,1.0055866241455078
1487,0.6818181872367859
1488,0.6815642714500427
1489,0.9454545378684998
1490,0.9780219793319702
1491,1.274725317955017
1492,1.0165746212005615
1493,0.8791208863258362
1494,1.1933702230453491
1495,1.0502793788909912
1496,0.8287292718887329
1497,0.8066298365592957
1498,1.0
1499,0.7821229100227356
1500,0.8839778900146484
1501,0.8839778900146484
1502,1.1049723625183105
1503,0.8044692873954773
1504,0.7292817831039429
1505,1.5359115600585938
1506,1.0502793788909912
1507,0.7272727489471436
1508,0.7252747416496277
1509,0.8938547372817993
1510,0.8715083599090576
1511,0.9050279259681702
1512,0.748603343963623
1513,0.9723756909370422
1514,1.4078211784362793
1515,0.9273743033409119
1516,0.8131868243217468
1517,0.9447513818740845
1518,0.9120879173278809
1519,0.8176795840263367
1520,0.8131868243217468
1521,1.049723744392395
1522,1.4364640712738037
1523,0.7582417726516724
1524,1.060773491859436
1525,0.7071823477745056
1526,0.7821229100227356
1527,0.7292817831039429
1528,0.8715083599090576
1529,0.9832402467727661
1530,1.1955307722091675
1531,0.9613259434700012
1532,0.6703910827636719
1533,0.9723756909370422
1534,0.9385474920272827
1535,0.9944751262664795
1536,0.9273743033409119
1537,0.9340659379959106
1538,0.7150837779045105
1539,0.8839778900146484
1540,0.692307710647583
1541,0.9944751262664795
1542,0.8571428656578064
1543,0.8066298365592957
1544,0.8379888534545898
1545,1.4525139331817627
1546,0.9363636374473572
1547,0.8066298365592957
1548,0.9454545378684998
1549,0.9636363387107849
1550,0.6373626589775085
1551,0.7636363506317139
1552,0.8909090757369995
1553,0.6927374005317688
1554,0.9560439586639404
1555,0.9090909361839294
1556,1.076923131942749
1557,0.800000011920929
1558,0.6629834175109863
1559,0.9060773253440857
1560,0.9497206807136536
1561,0.8397790193557739
1562,1.2087912559509277
1563,1.5418994426727295
1564,1.1758241653442383
1565,0.8491619825363159
1566,1.5642458200454712
1567,0.8791208863258362
1568,0.950276255607605
1569,1.0989011526107788
1570,0.8545454740524292
1571,0.7709497213363647
1572,0.8618784546852112
1573,0.826815664768219
1574,0.8176795840263367
1575,0.8839778900146484
1576,0.9273743033409119
1577,0.8351648449897766
1578,0.9545454382896423
1579,0.7597765326499939
1580,0.8681318759918213
1581,1.0909091234207153
1582,1.1049723625183105
1583,0.8066298365592957
1584,0.8909090757369995
1585,0.7513812184333801
1586,0.8839778900146484
1587,1.1061452627182007
1588,0.7734806537628174
1589,0.9670329689979553
1590,0.9254143834114075
1591,1.2000000476837158
1592,0.7734806537628174
1593,0.9560439586639404
1594,1.1731843948364258
1595,0.9171270728111267
1596,1.0109890699386597
1597,0.950276255607605
1598,1.1538461446762085
1599,0.9890109896659851
1600,0.9545454382896423
1601,0.6813187003135681
1602,0.7821229100227356
1603,1.0055866241455078
1604,0.8571428656578064
1605,0.7262569665908813
1606,1.0055866241455078
1607,0.6815642714500427
1608,0.9450549483299255
1609,0.9230769276618958
1610,0.9834254384040833
1611,0.826815664768219
1612,0.8044692873954773
1613,0.7909091114997864
1614,0.7262569665908813
1615,0.8431817889213562
1616,1.163636326789856
1617,1.3259668350219727
1618,0.659217894077301
1619,1.1843575239181519
1620,0.8491619825363159
1621,0.9670329689979553
1622,1.082872986793518
1623,1.664804458618164
1624,0.6909090876579285
1625,1.083798885345459
1626,0.8066298365592957
1627,0.9723756909370422
1628,0.8351648449897766
1629,0.9230769276618958
1630,1.0391061305999756
1631,0.699999988079071
1632,1.186813235282898
1633,0.9385474920272827
1634,0.939226508140564
1635,0.9720670580863953
1636,1.1318681240081787
1637,0.826815664768219
1638,0.8379888534545898
1639,0.8379888534545898
1640,0.7403314709663391
1641,0.8461538553237915
1642,0.9834254384040833
1643,0.6909090876579285
1644,0.7597765326499939
1645,0.8727272748947144
1646,0.9230769276618958
1647,0.7624309659004211
1648,0.8618784546852112
1649,0.6201657652854919
1650,0.8066298365592957
1651,0.7845304012298584
1652,0.9120879173278809
1653,0.6703910827636719
1654,0.7932960987091064
1655,0.7513812184333801
1656,0.8701117038726807
1657,0.9120879173278809
1658,0.8176795840263367
1659,0.7821229100227356
1660,0.8090909123420715
1661,0.826815664768219
1662,0.950276255607605
1663,1.497206687927246
1664,0.7955800890922546
1665,0.7597765326499939
1666,0.7248603105545044
1667,0.8715083599090576
1668,1.2857142686843872
1669,0.9385474920272827
1670,0.8618784546852112
1671,0.9608938694000244
1672,1.0989011526107788
1673,1.0234806537628174
1674,0.8156424760818481
1675,0.6153846383094788
1676,0.6927374005317688
1677,1.0502793788909912
1678,0.8618784546852112
1679,0.7653631567955017
1680,0.7955800890922546
1681,1.0549451112747192
1682,0.8491619825363159
1683,0.8397790193557739
1684,1.1160221099853516
1685,0.8397790193557739
1686,0.6818181872367859
1687,1.765363097190857
1688,0.7692307829856873
1689,0.8454545736312866
1690,0.7932960987091064
1691,0.939226508140564
1692,1.0
1693,0.8618784546852112
1694,0.9670329689979553
1695,0.9545454382896423
1696,1.8461538553237915
1697,0.8176795840263367
1698,1.1843575239181519
1699,1.094972014427185
1700,0.9720670580863953
1701,1.3296089172363281
1702,0.7738636136054993
1703,1.0055248737335205
1704,0.8379888534545898
1705,0.8461538553237915
1706,0.7845304012298584
1707,1.171270728111267
1708,0.939226508140564
1709,0.6703296899795532
1710,1.0989011526107788
1711,1.076923131942749
1712,0.9340659379959106
1713,1.1173183917999268
1714,1.1208791732788086
1715,0.7692307829856873
1716,0.7802197933197021
1717,0.7513812184333801
1718,0.8571428656578064
1719,1.2067039012908936
1720,0.9060773253440857
1721,0.9281768202781677
1722,0.8491619825363159
1723,0.7932960987091064
1724,0.7734806537628174
1725,0.8131868243217468
1726,0.8021978139877319
1727,0.9723756909370422
1728,0.8681318759918213
1729,0.7582417726516724
1730,0.8729282021522522
1731,0.8839778900146484
1732,0.9340659379959106
1733,0.7955800890922546
1734,1.0272727012634277
1735,1.0549451112747192
1736,1.1727272272109985
1737,0.6373626589775085
1738,0.950276255607605
1739,1.1173183917999268
1740,1.7458564043045044
1741,0.748603343963623
1742,0.9340659379959106
1743,0.9608938694000244
1744,0.7374301552772522
1745,1.3181818723678589
1746,1.418994426727295
1747,0.9890109896659851
1748,0.8454545736312866
1749,1.2154695987701416
1750,0.8901098966598511
1751,0.826815664768219
1752,1.1173183917999268
1753,0.9790502786636353
1754,0.7692307829856873
1755,0.7821229100227356
1756,0.8603351712226868
1757,0.9230769276618958
1758,0.7955800890922546
1759,0.7802197933197021
1760,0.8131868243217468
1761,1.1933702230453491
1762,0.6480447053909302
1763,0.6703296899795532
1764,0.8791208863258362
1765,0.9723756909370422
1766,1.038673996925354
1767,0.8461538553237915
1768,1.1270718574523926
1769,0.6703296899795532
1770,0.8241758346557617
1771,0.8090909123420715
1772,1.3259668350219727
1773,0.7692307829856873
1774,0.7932960987091064
1775,0.9497206807136536
1776,0.8571428656578064
1777,0.7692307829856873
1778,0.9608938694000244
1779,1.1731843948364258
1780,0.9613259434700012
1781,0.7272727489471436
1782,0.9371508359909058
1783,0.8938547372817993
1784,0.7821229100227356
1785,1.4454545974731445
1786,0.8241758346557617
1787,0.9670329689979553
1788,0.8181818127632141
1789,0.939226508140564
1790,0.7597765326499939
1791,0.8950276374816895
1792,1.1620111465454102
1793,0.9720670580863953
1794,0.6263736486434937
1795,0.8603351712226868
1796,0.7821229100227356
1797,0.8826815485954285
1798,0.800000011920929
1799,0.9171270728111267
1800,1.0502793788909912
1801,0.6703910827636719
1802,0.7845304012298584
1803,0.5524861812591553
1804,0.8272727131843567
1805,0.9497206807136536
1806,1.3407821655273438
1807,1.1049723625183105
1808,1.0055866241455078
1809,0.9273743033409119
1810,0.9832402467727661
1811,1.0502793788909912
1812,1.0
1813,1.1160221099853516
1814,0.9545454382896423
1815,0.8938547372817993
1816,0.8351648449897766
1817,1.094972014427185
1818,0.8571428656578064
1819,0.9818181991577148
1820,0.7513812184333801
1821,0.8667582273483276
1822,1.0989011526107788
1823,0.8508287072181702
1824,0.8397790193557739
1825,0.8066298365592957
1826,0.8618784546852112
1827,1.0439560413360596
1828,0.9560439586639404
1829,0.9050279259681702
1830,1.2290502786636353
1831,0.659217894077301
1832,1.186813235282898
1833,1.082872986793518
1834,0.7709497213363647
1835,0.8021978139877319
1836,0.7955800890922546
1837,0.8603351712226868
1838,0.8791208863258362
1839,0.8156424760818481
1840,0.6961326003074646
1841,1.2290502786636353
1842,0.7955800890922546
1843,0.9497206807136536
1844,0.8791208863258362
1845,1.0545454025268555
1846,0.8131868243217468
1847,1.0276243686676025
1848,0.8272727131843567
1849,0.7071823477745056
1850,0.7513812184333801
1851,0.8636363744735718
1852,0.7262569665908813
1853,0.8491619825363159
1854,0.7374301552772522
1855,0.8839778900146484
1856,0.8839778900146484
1857,0.8397790193557739
1858,0.8508287072181702
1859,0.7821229100227356
1860,0.8156424760818481
1861,0.8791208863258362
1862,0.6373626589775085
1863,0.8241758346557617
1864,1.038673996925354
1865,0.9613259434700012
1866,0.8021978139877319
1867,0.8791208863258362
1868,1.3259668350219727
1869,1.1843575239181519
1870,0.8397790193557739
1871,0.7262569665908813
1872,1.0167597532272339
1873,0.8938547372817993
1874,1.0989011526107788
1875,0.6408839821815491
1876,0.7597765326499939
1877,0.7624309659004211
1878,0.8131868243217468
1879,0.8839778900146484
1880,0.6545454263687134
1881,0.9834254384040833
1882,0.7252747416496277
1883,0.9560439586639404
1884,0.9385474920272827
1885,1.2637362480163574
1886,0.692307710647583
1887,0.8287292718887329
1888,0.8618784546852112
1889,0.8044692873954773
1890,0.7513812184333801
1891,0.8839778900146484
1892,1.1049723625183105
1893,0.8839778900146484
1894,1.0329670906066895
1895,1.149171233177185
1896,0.9890109896659851
1897,0.7821229100227356
1898,0.7845304012298584
1899,0.9832402467727661
1900,0.8715083599090576
1901,0.9594972133636475
1902,1.2307692766189575
1903,0.8287292718887329
1904,0.8618784546852112
1905,0.8715083599090576
1906,1.0614525079727173
1907,0.8176795840263367
1908,1.094972014427185
1909,0.8571428656578064
1910,0.8791208863258362
1911,0.8461538553237915
1912,0.7090908885002136
1913,0.699999988079071
1914,1.0614525079727173
1915,1.1648352146148682
1916,0.8454545736312866
1917,0.6703910827636719
1918,0.939226508140564
1919,0.8066298365592957
1920,1.5469613075256348
1921,0.6263736486434937
1922,0.8729282021522522
1923,1.6464087963104248
1924,0.9385474920272827
1925,0.939226508140564
1926,0.7150837779045105
1927,1.1173183917999268
1928,0.6480447053909302
1929,0.8287292718887329
1930,0.8021978139877319
1931,1.4917126893997192
1932,0.6909090876579285
1933,0.994413435459137
1934,1.1318681240081787
1935,0.8287292718887329
1936,0.9670329689979553
1937,0.7821229100227356
1938,0.8021978139877319
1939,0.7182320356369019
1940,0.7821229100227356
1941,0.8156424760818481
1942,1.1173183917999268
1943,0.8044692873954773
1944,0.6519337296485901
1945,0.8618784546852112
1946,0.7818182110786438
1947,0.9230769276618958
1948,0.950276255607605
1949,0.8791208863258362
1950,1.0055248737335205
1951,0.9608938694000244
1952,1.082872986793518
1953,1.5248619318008423
1954,1.7472527027130127
1955,1.0439560413360596
1956,0.9834254384040833
1957,0.8011049628257751
1958,0.8379888534545898
1959,0.8241758346557617
1960,1.1843575239181519
1961,0.9670329689979553
1962,1.1396647691726685
1963,0.8351648449897766
1964,1.150838017463684
1965,0.8839778900146484
1966,0.9834254384040833
1967,1.149171233177185
1968,0.7272727489471436
1969,0.8176795840263367
1970,0.7039105892181396
1971,0.791208803653717
1972,1.1818181276321411
1973,1.2178771495819092
1974,0.6703910827636719
1975,1.2375690937042236
1976,1.7765363454818726
1977,1.1731843948364258
1978,1.1049723625183105
1979,0.8681318759918213
1980,1.4143646955490112
1981,0.6187845468521118
1982,0.6703910827636719
1983,0.994413435459137
1984,0.9636363387107849
1985,0.8727272748947144
1986,1.109890103340149
1987,1.2707182168960571
1988,1.0
1989,0.6629834175109863
1990,0.8603351712226868
1991,1.2737430334091187
1992,0.9670329689979553
1993,1.2290502786636353
1994,1.0055866241455078
1995,0.7272727489471436
1996,0.8176795840263367
1997,0.8791208863258362
1998,0.6593406796455383
1999,0.8131868243217468
2000,1.1061452627182007
2001,1.1620111465454102
2002,0.7845304012298584
2003,0.8938547372817993
2004,0.6961326003074646
2005,1.1270718574523926
2006,0.9780219793319702
2007,1.2454545497894287
2008,0.8176795840263367
2009,1.2597765922546387
2010,1.076923131942749
2011,0.8603351712226868
2012,0.8839778900146484
2013,0.9454545378684998
2014,0.916201114654541
2015,1.3296089172363281
2016,0.9581005573272705
2017,0.8839778900146484
2018,0.9340659379959106
2019,0.6593406796455383
2020,0.7909091114997864
2021,0.8379888534545898
2022,0.7150837779045105
2023,0.9385474920272827
2024,1.0549451112747192
2025,1.1381216049194336
2026,1.0055866241455078
2027,1.094972014427185
2028,0.8826815485954285
2029,0.8491619825363159
2030,1.0636364221572876
2031,0.950276255607605
2032,0.9670329689979553
2033,1.038673996925354
2034,1.0055866241455078
2035,1.076923131942749
2036,1.1727272272109985
2037,1.038673996925354
2038,0.8379888534545898
2039,0.8044692873954773
2040,1.160220980644226
2041,1.2960894107818604
2042,0.9497206807136536
2043,0.7142857313156128
2044,0.8131868243217468
2045,0.6298342347145081
2046,0.7818182110786438
2047,0.9670329689979553
2048,1.2637362480163574
2049,1.5714285373687744
2050,1.6201117038726807
2051,0.8379888534545898
2052,1.071823239326477
2053,0.8571428656578064
2054,0.9497206807136536
2055,0.9834254384040833
2056,0.8491619825363159
2057,1.0
2058,0.8241758346557617
2059,0.950276255607605
2060,0.699999988079071
2061,0.8066298365592957
2062,0.7597765326499939
2063,0.9230769276618958
2064,0.8681318759918213
2065,0.9670329689979553
2066,1.0391061305999756
2067,0.9385474920272827
2068,0.9832402467727661
2069,0.8791208863258362
2070,0.656593382358551
2071,1.0276243686676025
2072,0.530386745929718
2073,1.2067039012908936
2074,0.8491619825363159
2075,1.171270728111267
2076,0.6927374005317688
2077,0.8571428656578064
2078,1.0219780206680298
2079,1.1284916400909424
2080,0.9230769276618958
2081,0.8491619825363159
2082,0.8397790193557739
2083,1.2596684694290161
2084,0.8839778900146484
2085,0.9450549483299255
2086,0.6629834175109863
2087,0.8826815485954285
2088,0.6703910827636719
2089,1.0055866241455078
2090,0.8397790193557739
2091,1.182960867881775
2092,0.8999999761581421
2093,1.2290502786636353
2094,1.076923131942749
2095,0.7597765326499939
2096,1.0614525079727173
2097,0.9723756909370422
2098,0.8397790193557739
2099,0.8715083599090576
2100,0.7545454502105713
2101,0.826815664768219
2102,0.9450549483299255
2103,0.8176795840263367
2104,0.8021978139877319
2105,0.6703910827636719
2106,0.8379888534545898
2107,0.9120879173278809
2108,0.8571428656578064
2109,1.1049723625183105
2110,0.826815664768219
2111,0.9832402467727661
2112,1.1173183917999268
2113,0.8618784546852112
2114,1.0989011526107788
2115,1.0055866241455078
2116,1.1933702230453491
2117,1.0
2118,0.9497206807136536
2119,1.2417582273483276
2120,0.800000011920929
2121,0.8839778900146484
2122,0.8571428656578064
2123,0.8066298365592957
2124,1.1160221099853516
2125,0.8729282021522522
2126,0.6927374005317688
2127,0.6961326003074646
2128,1.072625756263733
2129,0.9340659379959106
2130,1.8232043981552124
2131,0.8021978139877319
2132,0.659217894077301
2133,1.821229100227356
2134,0.8176795840263367
2135,1.1648352146148682
2136,0.699999988079071
2137,0.8491619825363159
2138,0.9171270728111267
2139,1.2197802066802979
2140,0.7636363506317139
2141,1.082872986793518
2142,0.8491619825363159
2143,0.8938547372817993
2144,0.8491619825363159
2145,1.0329670906066895
2146,1.1381216049194336
2147,0.7734806537628174
2148,0.9090909361839294
2149,0.8839778900146484
2150,1.0293296575546265
2151,0.7403314709663391
2152,1.0439560413360596
2153,1.094972014427185
2154,0.8461538553237915
2155,0.8491619825363159
2156,0.7845304012298584
2157,0.939226508140564
2158,0.8156424760818481
2159,0.9340659379959106
2160,1.0659340620040894
2161,0.7272727489471436
2162,0.8370165824890137
2163,0.8791208863258362
2164,0.667597770690918
2165,0.8351648449897766
2166,0.8545454740524292
2167,0.8901098966598511
2168,1.060773491859436
2169,0.7821229100227356
2170,0.9450549483299255
2171,0.692307710647583
2172,0.9281768202781677
2173,1.1090909242630005
2174,0.9385474920272827
2175,0.8044692873954773
2176,0.8729282021522522
2177,0.6629834175109863
2178,0.8938547372817993
2179,0.8176795840263367
2180,0.7182320356369019
2181,0.8287292718887329
2182,0.8351648449897766
2183,0.9608938694000244
2184,1.2178771495819092
2185,1.038673996925354
2186,1.2307692766189575
2187,0.6480447053909302
2188,1.083798885345459
2189,0.9497206807136536
2190,0.7039105892181396
2191,1.2417582273483276
2192,0.8715083599090576
2193,1.0439560413360596
2194,0.9780219793319702
2195,0.8066298365592957
2196,0.6961326003074646
2197,0.9890109896659851
2198,1.4065934419631958
2199,0.7039105892181396
2200,1.0055866241455078
2201,0.6961326003074646
2202,0.7692307829856873
2203,0.6740331649780273
2204,0.9385474920272827
2205,0.9120879173278809
2206,1.0989011526107788
2207,0.7802197933197021
2208,0.7513812184333801
2209,0.8545454740524292
2210,0.9090909361839294
2211,0.8287292718887329
2212,1.9106144905090332
2213,0.8826815485954285
2214,0.950276255607605
2215,1.0727273225784302
2216,1.1933702230453491
2217,1.0055866241455078
2218,0.8839778900146484
2219,0.9608938694000244
2220,0.780386745929718
2221,0.8181818127632141
2222,0.9273743033409119
2223,1.0614525079727173
2224,0.7821229100227356
2225,0.826815664768219
2226,1.1061452627182007
2227,1.0
2228,0.9560439586639404
2229,1.1318681240081787
2230,0.7692307829856873
2231,1.1318681240081787
2232,0.8379888534545898
2233,0.8938547372817993
2234,0.9340659379959106
2235,0.7597765326499939
2236,1.0
2237,0.8021978139877319
2238,0.9120879173278809
2239,0.9944751262664795
2240,1.5195530652999878
2241,0.593406617641449
2242,0.9560439586639404
2243,0.9450549483299255
2244,1.0989011526107788
2245,0.6727272868156433
2246,1.2067039012908936
2247,0.9723756909370422
2248,0.9120879173278809
2249,0.8618784546852112
2250,1.0055248737335205
2251,1.0549451112747192
2252,0.7142857313156128
2253,1.0276243686676025
2254,0.6483516693115234
2255,0.7955800890922546
2256,0.8618784546852112
2257,0.8603351712226868
2258,0.9560439586639404
2259,0.8176795840263367
2260,0.9273743033409119
2261,0.8131868243217468
2262,0.7734806537628174
2263,0.6703910827636719
2264,1.4364640712738037
2265,0.7932960987091064
2266,0.7624309659004211
2267,0.9832402467727661
2268,0.826815664768219
2269,0.9670329689979553
2270,0.7727272510528564
2271,0.7845304012298584
2272,0.7597765326499939
2273,0.8121547102928162
2274,1.2727272510528564
2275,0.7597765326499939
2276,0.5966851115226746
2277,0.916201114654541
2278,0.8938547372817993
2279,0.9340659379959106
2280,1.1648352146148682
2281,0.8839778900146484
2282,0.8715083599090576
2283,1.4615384340286255
2284,0.9450549483299255
2285,0.9780219793319702
2286,0.6408839821815491
2287,0.7692307829856873
2288,1.1284916400909424
2289,0.8701117038726807
2290,1.0502793788909912
2291,0.9340659379959106
2292,0.8618784546852112
2293,0.6927374005317688
2294,1.082872986793518
2295,0.8397790193557739
2296,0.8287292718887329
2297,1.1731843948364258
2298,0.9832402467727661
2299,0.7090908885002136
2300,0.7636363506317139
2301,1.0909091234207153
2302,0.6813187003135681
2303,0.6373626589775085
2304,1.274725317955017
2305,0.7513812184333801
2306,0.7597765326499939
2307,0.8636363744735718
2308,0.7636363506317139
2309,1.2817679643630981
2310,0.7788461446762085
2311,0.8397790193557739
2312,0.9723756909370422
2313,0.8571428656578064
2314,0.8491619825363159
2315,0.9670329689979553
2316,0.9281768202781677
2317,0.7821229100227356
2318,1.0329670906066895
2319,1.2707182168960571
2320,1.0055866241455078
2321,0.6483516693115234
2322,0.9944751262664795
2323,0.8571428656578064
2324,0.9450549483299255
2325,0.7262569665908813
2326,0.8044692873954773
2327,0.6961326003074646
2328,0.826815664768219
2329,1.0
2330,0.8618784546852112
2331,0.6703910827636719
2332,1.0055866241455078
2333,1.1270718574523926
2334,0.8397790193557739
2335,0.791208803653717
2336,1.049723744392395
2337,1.4475138187408447
2338,0.8272727131843567
2339,1.160220980644226
2340,0.9723756909370422
2341,0.8508287072181702
2342,0.6813187003135681
2343,0.7734806537628174
2344,0.9944751262664795
2345,0.7955800890922546
2346,0.9120879173278809
2347,0.6815642714500427
2348,1.5
2349,0.7150837779045105
2350,1.0614525079727173
2351,1.3038674592971802
2352,0.8131868243217468
2353,0.6703910827636719
2354,1.0167597532272339
2355,0.9120879173278809
2356,1.1049723625183105
2357,0.8826815485954285
2358,1.2928177118301392
2359,1.3186813592910767
2360,1.0549451112747192
2361,0.6740331649780273
2362,0.6408839821815491
2363,0.6593406796455383
2364,0.8491619825363159
2365,1.0939226150512695
2366,0.6909090876579285
2367,0.9497206807136536
2368,0.7513812184333801
2369,0.8571428656578064
2370,0.9090909361839294
2371,1.1173183917999268
2372,0.9060773253440857
2373,0.8379888534545898
2374,1.0909091234207153
2375,0.950276255607605
2376,1.1061452627182007
2377,0.8791208863258362
2378,0.8603351712226868
2379,1.262569785118103
2380,0.9670329689979553
2381,0.9834254384040833
2382,1.0276243686676025
2383,0.7821229100227356
2384,0.8826815485954285
2385,0.916201114654541
2386,0.7692307829856873
2387,0.8454545736312866
2388,1.1160221099853516
2389,0.7692307829856873
2390,0.6818181872367859
2391,0.8715083599090576
2392,0.8659217953681946
2393,0.6593406796455383
2394,1.2272727489471436
2395,0.9613259434700012
2396,0.8287292718887329
2397,0.9608938694000244
2398,0.8938547372817993
2399,1.307692289352417
2400,1.6353591680526733
2401,0.8379888534545898
2402,0.8618784546852112
2403,0.8156424760818481
2404,1.2596684694290161
2405,0.8491619825363159
2406,0.9832402467727661
2407,0.7734806537628174
2408,0.8791208863258362
2409,1.0391061305999756
2410,0.7374301552772522
2411,0.9670329689979553
2412,0.9636363387107849
2413,0.7692307829856873
2414,0.8491619825363159
2415,0.6483516693115234
2416,0.6263736486434937
2417,0.7821229100227356
2418,1.2290502786636353
2419,1.076923131942749
2420,1.1049723625183105
2421,1.094972014427185
2422,1.076923131942749
2423,0.6703910827636719
2424,0.8351648449897766
2425,1.1363636255264282
2426,0.7845304012298584
2427,0.8397790193557739
2428,0.9613259434700012
2429,0.8715083599090576
2430,0.8938547372817993
2431,0.6480447053909302
2432,1.1061452627182007
2433,0.9832402467727661
2434,0.8176795840263367
2435,0.8156424760818481
2436,1.8770949840545654
2437,0.8287292718887329
2438,0.9340659379959106
2439,0.6480447053909302
2440,0.9385474920272827
2441,0.8287292718887329
2442,0.8839778900146484
2443,1.0219780206680298
2444,1.1396647691726685
2445,0.7932960987091064
2446,0.6961326003074646
2447,0.8901098966598511
2448,0.9230769276618958
2449,0.8066298365592957
2450,0.8461538553237915
2451,0.8791208863258362
2452,1.0939226150512695
2453,0.8342541456222534
2454,0.8715083599090576
2455,0.9340659379959106
2456,1.6759777069091797
2457,0.8826815485954285
2458,1.3038674592971802
2459,1.0055866241455078
2460,0.8287292718887329
2461,0.7090908885002136
2462,0.9558011293411255
2463,0.9832402467727661
2464,0.8636363744735718
2465,0.9723756909370422
2466,1.1955307722091675
2467,0.9171270728111267
2468,0.6480447053909302
2469,0.6703910827636719
2470,0.8272727131843567
2471,0.8241758346557617
2472,0.8938547372817993
2473,0.791208803653717
2474,1.1284916400909424
2475,0.7272727489471436
2476,0.8491619825363159
2477,1.149171233177185
2478,1.072625756263733
2479,0.8938547372817993
2480,0.7374301552772522
2481,1.2527472972869873
2482,1.0
2483,0.9818181991577148
2484,1.082872986793518
2485,0.7692307829856873
2486,1.038673996925354
2487,1.0549451112747192
2488,0.8603351712226868
2489,1.2737430334091187
2490,0.826815664768219
2491,0.9608938694000244
2492,0.9050279259681702
2493,0.7692307829856873
2494,0.8021978139877319
2495,0.8156424760818481
2496,0.8571428656578064
2497,0.9340659379959106
2498,0.7636363506317139
2499,1.2527472972869873
2500,0.9720670580863953
2501,1.094972014427185
2502,0.8826815485954285
2503,1.1843575239181519
2504,0.7692307829856873
2505,0.8938547372817993
2506,0.8715083599090576
2507,0.791208803653717
2508,1.2154695987701416
2509,0.8715083599090576
2510,0.9450549483299255
2511,1.6243094205856323
2512,1.1173183917999268
2513,0.7692307829856873
2514,0.7821229100227356
2515,0.9944751262664795
2516,1.2087912559509277
2517,0.6909090876579285
2518,0.8618784546852112
2519,0.791208803653717
2520,0.7818182110786438
2521,0.8901098966598511
2522,0.9450549483299255
2523,1.0055866241455078
2524,0.7513812184333801
2525,0.6850828528404236
2526,1.0055248737335205
2527,0.8545454740524292
2528,0.7266483306884766
2529,0.8938547372817993
2530,0.7513812184333801
2531,0.950276255607605
2532,0.9497206807136536
2533,0.8901098966598511
2534,0.7734806537628174
2535,0.7472527623176575
2536,1.094972014427185
2537,1.2486188411712646
2538,0.7513812184333801
2539,1.692307710647583
2540,0.8791208863258362
2541,0.7597765326499939
2542,0.692307710647583
2543,0.9050279259681702
2544,0.6961326003074646
2545,1.2486188411712646
2546,0.8066298365592957
2547,1.2265193462371826
2548,0.8287292718887329
2549,0.9832402467727661
2550,0.9832402467727661
2551,1.072625756263733
2552,0.8176795840263367
2553,0.8491619825363159
2554,0.8176795840263367
2555,0.9090909361839294
2556,1.163636326789856
2557,1.0939226150512695
2558,0.8454545736312866
2559,0.7692307829856873
2560,0.7142857313156128
2561,1.1173183917999268
2562,0.8901098966598511
2563,1.0055866241455078
2564,0.9230769276618958
2565,0.7909091114997864
2566,0.7955800890922546
2567,1.3743016719818115
2568,0.9832402467727661
2569,0.8938547372817993
2570,0.8131868243217468
2571,0.8839778900146484
2572,1.0195530652999878
2573,1.399999976158142
2574,0.8241758346557617
2575,0.7932960987091064
2576,0.9340659379959106
2577,0.8508287072181702
2578,0.9273743033409119
2579,0.8021978139877319
2580,0.8618784546852112
2581,0.9832402467727661
2582,1.186813235282898
2583,0.901098906993866
2584,0.6593406796455383
2585,1.5248619318008423
2586,0.8066298365592957
2587,1.1843575239181519
2588,0.8839778900146484
2589,0.8727272748947144
2590,1.1818181276321411
2591,0.8397790193557739
2592,0.7292817831039429
2593,0.8131868243217468
2594,1.072625756263733
2595,0.8715083599090576
2596,0.9545454382896423
2597,0.8397790193557739
2598,1.2087912559509277
2599,0.9340659379959106
2600,0.939226508140564
2601,0.7597765326499939
2602,1.2596684694290161
2603,0.7292817831039429
2604,0.8618784546852112
2605,0.7955800890922546
2606,0.791208803653717
2607,0.7845304012298584
2608,0.9120879173278809
2609,0.8351648449897766
2610,0.8715083599090576
2611,1.0391061305999756
2612,0.8379888534545898
2613,0.9143646359443665
2614,0.9944751262664795
2615,1.0391061305999756
2616,1.1396647691726685
2617,1.2928177118301392
2618,0.8938547372817993
2619,0.7223756909370422
2620,1.1284916400909424
2621,1.0
2622,0.8839778900146484
2623,1.094972014427185
2624,0.6593406796455383
2625,0.9613259434700012
2626,1.082872986793518
2627,0.8181818127632141
2628,0.8715083599090576
2629,0.826815664768219
2630,0.7734806537628174
2631,0.7262569665908813
2632,1.0055248737335205
2633,1.0939226150512695
2634,0.8938547372817993
2635,1.1049723625183105
2636,0.9090909361839294
2637,0.9497206807136536
2638,0.7821229100227356
2639,2.4357542991638184
2640,0.8636363744735718
2641,1.049723744392395
2642,0.8571428656578064
2643,1.3259668350219727
2644,0.8379888534545898
2645,0.8999999761581421
2646,1.0879120826721191
2647,1.0055866241455078
2648,0.5773480534553528
2649,1.072625756263733
2650,0.9832402467727661
2651,0.9281768202781677
2652,1.2290502786636353
2653,1.0090909004211426
2654,0.9454545378684998
2655,1.2290502786636353
2656,1.0055866241455078
2657,0.7818182110786438
2658,1.049723744392395
2659,0.8715083599090576
2660,1.262569785118103
2661,0.7374301552772522
2662,0.6703910827636719
2663,0.7403314709663391
2664,1.4364640712738037
2665,0.7071823477745056
2666,0.9230769276618958
2667,0.8909090757369995
2668,0.8791208863258362
2669,1.0439560413360596
2670,0.9608938694000244
2671,0.8021978139877319
2672,0.75
2673,0.9385474920272827
2674,0.6629834175109863
2675,0.826815664768219
2676,0.8351648449897766
2677,0.7955800890922546
2678,1.1049723625183105
2679,1.0391061305999756
2680,0.9497206807136536
2681,0.7734806537628174
2682,1.0989011526107788
2683,0.8491619825363159
2684,0.9890109896659851
2685,0.7692307829856873
2686,0.7692307829856873
2687,0.9834254384040833
2688,0.9723756909370422
2689,0.9832402467727661
2690,0.7374301552772522
2691,0.8715083599090576
2692,0.9890109896659851
2693,0.7955800890922546
2694,0.6629834175109863
2695,0.7545454502105713
2696,0.7272727489471436
2697,0.9832402467727661
2698,1.5164835453033447
2699,0.9281768202781677
2700,0.7821229100227356
2701,0.9944751262664795
2702,0.8791208863258362
2703,0.8397790193557739
2704,1.80110502243042
2705,1.1955307722091675
2706,0.6961326003074646
2707,0.6593406796455383
2708,0.8839778900146484
2709,0.950276255607605
2710,0.6703910827636719
2711,1.0165746212005615
2712,1.0055866241455078
2713,1.0
2714,0.9385474920272827
2715,0.8066298365592957
2716,0.6480447053909302
2717,1.1208791732788086
2718,0.9944751262664795
2719,0.939226508140564
2720,0.8021978139877319
2721,0.8938547372817993
2722,0.9450549483299255
2723,1.109890103340149
2724,0.6703910827636719
2725,0.7374301552772522
2726,0.7636363506317139
2727,0.7090908885002136
2728,0.8839778900146484
2729,0.8351648449897766
2730,0.7955800890922546
2731,0.8938547372817993
2732,1.149171233177185
2733,0.9363636374473572
2734,0.8156424760818481
2735,0.9281768202781677
2736,0.9890109896659851
2737,1.0545454025268555
2738,0.7182320356369019
2739,1.049723744392395
2740,1.3922652006149292
2741,1.0439560413360596
2742,0.9385474920272827
2743,0.800000011920929
2744,1.3407821655273438
2745,0.6927374005317688
2746,1.0989011526107788
2747,0.9497206807136536
2748,0.9834254384040833
2749,0.8241758346557617
2750,0.6740331649780273
2751,0.7818182110786438
2752,0.8021978139877319
2753,0.6813187003135681
2754,1.5248619318008423
2755,0.7932960987091064
2756,0.9273743033409119
2757,0.800000011920929
2758,1.038673996925354
2759,0.9050279259681702
2760,1.082872986793518
2761,0.8181818127632141
2762,0.6373626589775085
2763,1.0329670906066895
2764,0.7472527623176575
2765,1.0055866241455078
2766,0.7624309659004211
2767,0.826815664768219
2768,1.082872986793518
2769,1.0727273225784302
2770,0.6408839821815491
2771,0.950276255607605
2772,0.7734806537628174
2773,0.7845304012298584
2774,0.7597765326499939
2775,0.7734806537628174
2776,1.060773491859436
2777,0.8571428656578064
2778,1.2960894107818604
2779,0.826815664768219
2780,0.9230769276618958
2781,0.7932960987091064
2782,1.6685082912445068
2783,0.8241758346557617
2784,0.9090909361839294
2785,0.9613259434700012
2786,0.939226508140564
2787,0.9560439586639404
2788,0.7292817831039429
2789,0.8351648449897766
2790,0.8021978139877319
2791,0.9050279259681702
2792,0.7252747416496277
2793,0.7252747416496277
2794,1.1061452627182007
2795,0.8618784546852112
2796,0.6818181872367859
2797,0.8839778900146484
2798,1.0989011526107788
2799,0.994413435459137
2800,1.932960867881775
2801,1.0329670906066895
2802,1.1396647691726685
2803,0.8379888534545898
2804,0.8156424760818481
2805,1.0279330015182495
2806,0.7932960987091064
2807,0.8938547372817993
2808,0.7692307829856873
2809,0.8839778900146484
2810,0.8379888534545898
2811,0.8021978139877319
2812,0.7821229100227356
2813,0.994413435459137
2814,0.6629834175109863
2815,0.7262569665908813
2816,0.8839778900146484
2817,0.7262569665908813
2818,0.950276255607605
2819,0.9050279259681702
2820,0.8950276374816895
2821,1.2087912559509277
2822,1.1173183917999268
2823,1.0219780206680298
2824,0.791208803653717
2825,0.7039105892181396
2826,0.939226508140564
2827,0.7818182110786438
2828,0.9273743033409119
2829,0.9050279259681702
2830,0.8839778900146484
2831,1.1428571939468384
2832,0.9272727370262146
2833,0.7363636493682861
2834,0.9832402467727661
2835,0.9832402467727661
2836,0.6961326003074646
2837,1.0055866241455078
2838,0.901098906993866
2839,0.6629834175109863
2840,0.8791208863258362
2841,0.7513812184333801
2842,1.1843575239181519
2843,1.307692289352417
2844,0.7802197933197021
2845,1.0614525079727173
2846,0.8379888534545898
2847,0.8603351712226868
2848,0.6703910827636719
2849,1.0727273225784302
2850,0.8176795840263367
2851,1.3186813592910767
2852,0.7692307829856873
2853,0.8131868243217468
2854,0.7821229100227356
2855,0.8241758346557617
2856,1.0279330015182495
2857,1.2967033386230469
2858,1.0363636016845703
2859,0.6483516693115234
2860,0.8571428656578064
2861,0.826815664768219
2862,0.9890109896659851
2863,1.3090908527374268
2864,1.109890103340149
2865,1.1758241653442383
2866,0.7692307829856873
2867,1.072625756263733
2868,0.8351648449897766
2869,0.7182320356369019
2870,1.0549451112747192
2871,0.826815664768219
2872,0.7472527623176575
2873,0.6629834175109863
2874,0.7597765326499939
2875,0.9090909361839294
2876,0.7472527623176575
2877,1.1396647691726685
2878,1.1173183917999268
2879,0.8839778900146484
2880,0.6373626589775085
2881,1.076923131942749
2882,0.825419008731842
2883,0.8066298365592957
2884,0.6593406796455383
2885,1.171270728111267
2886,0.7262569665908813
2887,0.9723756909370422
2888,0.8066298365592957
2889,0.7374301552772522
2890,0.9944751262664795
2891,0.8715083599090576
2892,0.9060773253440857
2893,1.1648352146148682
2894,0.8791208863258362
2895,0.8066298365592957
2896,0.8791208863258362
2897,0.8397790193557739
2898,0.7513812184333801
2899,0.7472527623176575
2900,0.939226508140564
2901,0.6909090876579285
2902,0.800000011920929
2903,0.8636363744735718
2904,0.7734806537628174
2905,1.1318681240081787
2906,0.9670329689979553
2907,0.8287292718887329
2908,0.7182320356369019
2909,0.8176795840263367
2910,1.0502793788909912
2911,0.9497206807136536
2912,0.6815642714500427
2913,0.9560439586639404
2914,0.8791208863258362
2915,0.9608938694000244
2916,0.9608938694000244
2917,0.7115384340286255
2918,0.9171270728111267
2919,0.8131868243217468
2920,0.9670329689979553
2921,0.8379888534545898
2922,0.7272727489471436
2923,0.9944751262664795
2924,0.7403314709663391
2925,0.8491619825363159
2926,0.8618784546852112
2927,1.3296089172363281
2928,0.9560439586639404
2929,1.3186813592910767
2930,0.8909090757369995
2931,1.3038674592971802
2932,0.6629834175109863
2933,1.0109890699386597
2934,0.8241758346557617
2935,0.8715083599090576
2936,1.1545454263687134
2937,0.8176795840263367
2938,1.262569785118103
2939,0.7262569665908813
2940,0.9497206807136536
2941,0.8461538553237915
2942,0.8176795840263367
2943,1.0439560413360596
2944,1.109890103340149
2945,0.9818181991577148
2946,0.9281768202781677
2947,0.9497206807136536
2948,1.1758241653442383
2949,0.6408839821815491
2950,0.7292817831039429
2951,0.7582417726516724
2952,0.7624309659004211
2953,1.150838017463684
2954,0.8156424760818481
2955,0.6368715167045593
2956,0.9930939078330994
2957,0.8397790193557739
2958,0.9723756909370422
2959,1.082872986793518
2960,0.8066298365592957
2961,1.0363636016845703
2962,1.1466480493545532
2963,1.082872986793518
2964,0.8791208863258362
2965,1.0614525079727173
2966,0.9497206807136536
2967,1.2087912559509277
2968,0.7849162220954895
2969,0.9497206807136536
2970,0.9385474920272827
2971,0.7090908885002136
2972,0.7727272510528564
2973,0.9560439586639404
2974,1.094972014427185
2975,0.950276255607605
2976,0.8131868243217468
2977,1.082872986793518
2978,0.8044692873954773
2979,0.8351648449897766
2980,0.7821229100227356
2981,0.7262569665908813
2982,1.4254143238067627
2983,0.7845304012298584
2984,0.8351648449897766
2985,0.8839778900146484
2986,0.8791208863258362
2987,0.826815664768219
2988,1.1049723625183105
2989,0.8131868243217468
2990,0.8839778900146484
2991,0.692307710647583
2992,1.1049723625183105
2993,0.692307710647583
2994,0.9780219793319702
2995,0.7636363506317139
2996,1.3186813592910767
2997,1.0
2998,1.8232043981552124
2999,1.186813235282898
3000,0.8618784546852112
3001,0.901098906993866
3002,1.3259668350219727
3003,0.8618784546852112
3004,0.901098906993866
3005,1.1381216049194336
3006,1.0659340620040894
3007,0.6703296899795532
3008,0.6850828528404236
3009,0.659217894077301
3010,1.0727273225784302
3011,0.6483516693115234
3012,1.082872986793518
3013,1.060773491859436
3014,0.826815664768219
3015,0.5966851115226746
3016,0.8938547372817993
3017,1.0549451112747192
3018,0.6263736486434937
3019,0.7802197933197021
3020,0.9281768202781677
3021,0.8461538553237915
3022,1.0502793788909912
3023,0.8909090757369995
3024,0.8181818127632141
3025,0.8791208863258362
3026,0.8618784546852112
3027,0.7955800890922546
3028,1.038673996925354
3029,0.8618784546852112
3030,0.6703910827636719
3031,0.7932960987091064
3032,0.939226508140564
3033,1.0
3034,0.8839778900146484
3035,0.8066298365592957
3036,0.7692307829856873
3037,1.060773491859436
3038,0.994413435459137
3039,0.8571428656578064
3040,0.8791208863258362
3041,0.6813187003135681
3042,1.2417582273483276
3043,0.8066298365592957
3044,1.0219780206680298
3045,0.950276255607605
3046,0.994413435459137
3047,0.8176795840263367
3048,0.9723756909370422
3049,0.7932960987091064
3050,0.9890109896659851
3051,0.8156424760818481
3052,0.8791208863258362
3053,1.0614525079727173
3054,1.082872986793518
3055,1.2044198513031006
3056,0.8287292718887329
3057,0.7362637519836426
3058,0.7150837779045105
3059,1.094972014427185
3060,0.7734806537628174
3061,0.7624309659004211
3062,1.2087912559509277
3063,0.8044692873954773
3064,0.692307710647583
3065,1.1160221099853516
3066,0.7472527623176575
3067,0.9780219793319702
3068,0.7955800890922546
3069,0.9385474920272827
3070,1.1318681240081787
3071,0.9497206807136536
3072,0.7090908885002136
3073,0.8287292718887329
3074,0.8938547372817993
3075,0.8715083599090576
3076,0.7709497213363647
3077,0.939226508140564
3078,0.9171270728111267
3079,0.9723756909370422
3080,0.6454545259475708
3081,1.2154695987701416
3082,1.0055866241455078
3083,1.1428571939468384
3084,0.8156424760818481
3085,0.7821229100227356
3086,1.4285714626312256
3087,2.450549364089966
3088,0.7955800890922546
3089,0.826815664768219
3090,0.9723756909370422
3091,1.274725317955017
3092,1.0165746212005615
3093,1.0502793788909912
3094,0.939226508140564
3095,0.8826815485954285
3096,0.9340659379959106
3097,0.9497206807136536
3098,0.7821229100227356
3099,0.8603351712226868
3100,1.0391061305999756
3101,0.6629834175109863
3102,1.0055866241455078
3103,1.076923131942749
3104,0.8044692873954773
3105,0.7090908885002136
3106,0.7597765326499939
3107,1.0879120826721191
3108,0.6629834175109863
3109,0.8791208863258362
3110,0.9450549483299255
3111,1.2737430334091187
3112,0.9090909361839294
3113,0.791208803653717
3114,1.7016574144363403
3115,0.8241758346557617
3116,0.8156424760818481
3117,0.9818435907363892
3118,0.7692307829856873
3119,1.274725317955017
3120,0.9909090995788574
3121,0.8176795840263367
3122,0.9613259434700012
3123,1.1428571939468384
3124,1.049723744392395
3125,0.8839778900146484
3126,1.049723744392395
3127,0.9780219793319702
3128,0.5604395866394043
3129,0.7734806537628174
3130,0.8397790193557739
3131,0.791208803653717
3132,0.7692307829856873
3133,0.8715083599090576
3134,0.9613259434700012
3135,1.1381216049194336
3136,1.1381216049194336
3137,1.3072625398635864
3138,0.8938547372817993
3139,0.7692307829856873
3140,1.692307710647583
3141,1.049723744392395
3142,0.9120879173278809
3143,0.8618784546852112
3144,1.1428571939468384
3145,1.0363636016845703
3146,0.9723756909370422
3147,0.8839778900146484
3148,1.0947802066802979
3149,0.8909090757369995
3150,1.0439560413360596
3151,0.8491619825363159
3152,1.0614525079727173
3153,0.791208803653717
3154,1.0219780206680298
3155,0.9832402467727661
3156,0.939226508140564
3157,0.8618784546852112
3158,0.9723756909370422
3159,0.7955800890922546
3160,0.8021978139877319
3161,0.7513812184333801
3162,0.6813187003135681
3163,1.071823239326477
3164,1.082872986793518
3165,0.8839778900146484
3166,1.430167555809021
3167,0.7597765326499939
3168,0.8090909123420715
3169,0.9230769276618958
3170,0.9120879173278809
3171,0.7597765326499939
3172,1.082872986793518
3173,0.7692307829856873
3174,0.6818181872367859
3175,0.939226508140564
3176,1.2527472972869873
3177,1.1620111465454102
3178,0.7734806537628174
3179,0.9723756909370422
3180,0.8545454740524292
3181,0.791208803653717
3182,1.0636364221572876
3183,0.9832402467727661
3184,0.8938547372817993
3185,0.9720670580863953
3186,0.8379888534545898
3187,0.7597765326499939
3188,0.7545454502105713
3189,0.7292817831039429
3190,0.6740331649780273
3191,0.6187845468521118
3192,0.8131868243217468
3193,0.8397790193557739
3194,0.9560439586639404
3195,1.3072625398635864
3196,0.9818181991577148
3197,0.8618784546852112
3198,0.9832402467727661
3199,0.7636363506317139
3200,0.9450549483299255
3201,0.667597770690918
3202,0.9832402467727661
3203,0.8351648449897766
3204,0.8397790193557739
3205,0.7513812184333801
3206,0.7403314709663391
3207,0.6629834175109863
3208,1.9560439586639404
3209,0.7360334992408752
3210,0.7262569665908813
3211,0.6909090876579285
3212,0.8287292718887329
3213,0.7292817831039429
3214,1.2817679643630981
3215,0.6850828528404236
3216,0.8791208863258362
3217,0.9230769276618958
3218,1.0109890699386597
3219,0.6593406796455383
3220,0.7932960987091064
3221,0.9709944725036621
3222,0.8397790193557739
3223,0.8491619825363159
3224,0.9450549483299255
3225,0.9450549483299255
3226,0.7472527623176575
3227,1.3407821655273438
3228,0.9670329689979553
3229,0.7636363506317139
3230,0.9454545378684998
3231,0.9281768202781677
3232,1.0502793788909912
3233,1.038673996925354
3234,0.7909091114997864
3235,0.8044692873954773
3236,0.7845304012298584
3237,0.7692307829856873
3238,1.060773491859436
3239,0.9060773253440857
3240,0.800000011920929
3241,1.109890103340149
3242,0.7597765326499939
3243,0.7727272510528564
3244,0.7709497213363647
3245,1.2486188411712646
3246,1.1731843948364258
3247,0.9670329689979553
3248,1.082872986793518
3249,0.9385474920272827
3250,0.9273743033409119
3251,1.0055866241455078
3252,0.7513812184333801
3253,0.9385474920272827
3254,0.9267956018447876
3255,0.950276255607605
3256,1.072625756263733
3257,0.8156424760818481
3258,0.9060773253440857
3259,0.8397790193557739
3260,0.7181817889213562
3261,0.8603351712226868
3262,0.7032967209815979
3263,0.6703910827636719
3264,0.8999999761581421
3265,0.9171270728111267
3266,0.8156424760818481
3267,1.3038674592971802
3268,0.9281768202781677
3269,0.994413435459137
3270,0.791208803653717
3271,0.8379888534545898
3272,0.6519337296485901
3273,0.9834254384040833
3274,0.8839778900146484
3275,1.082417607307434
3276,0.8397790193557739
3277,0.8715083599090576
3278,0.7692307829856873
3279,1.0276243686676025
3280,0.6593406796455383
3281,0.8287292718887329
3282,0.8938547372817993
3283,0.7142857313156128
3284,0.939226508140564
3285,1.1318681240081787
3286,0.7472527623176575
3287,1.0
3288,0.9281768202781677
3289,0.8397790193557739
3290,0.918181836605072
3291,0.9454545378684998
3292,0.9090909361839294
3293,0.8021978139877319
3294,0.950276255607605
3295,1.2486188411712646
3296,1.1284916400909424
3297,0.9060773253440857
3298,0.9385474920272827
3299,1.251396656036377
3300,0.9090909361839294
3301,1.0276243686676025
3302,1.1061452627182007
3303,1.5272727012634277
3304,0.9670329689979553
3305,0.8156424760818481
3306,0.9060773253440857
3307,0.9281768202781677
3308,1.0167597532272339
3309,0.692307710647583
3310,1.0549451112747192
3311,1.1428571939468384
3312,0.939226508140564
3313,0.8156424760818481
3314,0.8938547372817993
3315,1.0055866241455078
3316,0.8066298365592957
3317,0.9723756909370422
3318,1.0165746212005615
3319,0.7252747416496277
3320,1.0055866241455078
3321,0.7292817831039429
3322,0.9497206807136536
3323,1.082872986793518
3324,1.1173183917999268
3325,0.9834254384040833
3326,1.0055866241455078
3327,1.1208791732788086
3328,0.8791208863258362
3329,0.950276255607605
3330,1.150838017463684
3331,0.9720670580863953
3332,0.8729282021522522
3333,1.4143646955490112
3334,0.8681318759918213
3335,0.6740331649780273
3336,0.8681318759918213
3337,2.143646478652954
3338,0.9832402467727661
3339,1.0989011526107788
3340,0.7821229100227356
3341,0.7597765326499939
3342,1.038673996925354
3343,0.692307710647583
3344,0.8131868243217468
3345,0.8603351712226868
3346,0.7472527623176575
3347,0.9090909361839294
3348,0.7692307829856873
3349,0.9723756909370422
3350,0.8818181753158569
3351,0.6703296899795532
3352,0.7454545497894287
3353,0.939226508140564
3354,0.706818163394928
3355,1.0055248737335205
3356,0.8241758346557617
3357,1.3407821655273438
3358,0.8379888534545898
3359,0.7142857313156128
3360,0.9340659379959106
3361,0.8066298365592957
3362,1.0363636016845703
3363,0.8397790193557739
3364,0.8826815485954285
3365,0.7734806537628174
3366,1.197802186012268
3367,0.9670329689979553
3368,1.0939226150512695
3369,1.5164835453033447
3370,0.791208803653717
3371,1.0276243686676025
3372,0.8131868243217468
3373,0.9670329689979553
3374,1.076923131942749
3375,1.1363636255264282
3376,1.0276243686676025
3377,0.8681318759918213
3378,0.9497206807136536
3379,0.7734806537628174
3380,0.8241758346557617
3381,1.318435788154602
3382,0.8491619825363159
3383,0.9385474920272827
3384,0.9720670580863953
3385,1.0989011526107788
3386,0.8938547372817993
3387,0.5909090638160706
3388,1.1061452627182007
3389,1.0219780206680298
3390,1.150838017463684
3391,0.9944751262664795
3392,0.9944751262664795
3393,0.9944751262664795
3394,0.7032967209815979
3395,1.1049723625183105
3396,0.8461538553237915
3397,1.149171233177185
3398,0.6629834175109863
3399,1.0055866241455078
3400,1.3038674592971802
3401,1.2402234077453613
3402,0.9497206807136536
3403,0.939226508140564
3404,0.9497206807136536
3405,0.9497206807136536
3406,0.9723756909370422
3407,0.791208803653717
3408,1.1061452627182007
3409,0.8397790193557739
3410,0.8181818127632141
3411,0.6927374005317688
3412,0.8030726313591003
3413,1.1173183917999268
3414,1.5274724960327148
3415,1.3272727727890015
3416,0.7734806537628174
3417,0.7709497213363647
3418,0.9720670580863953
3419,0.7252747416496277
3420,0.8729282021522522
3421,1.082872986793518
3422,0.8379888534545898
3423,1.9454545974731445
3424,1.0614525079727173
3425,1.1173183917999268
3426,0.7941988706588745
3427,0.7545454502105713
3428,1.0879120826721191
3429,0.9613259434700012
3430,0.8044692873954773
3431,1.100000023841858
3432,0.9230769276618958
3433,1.082872986793518
3434,0.8618784546852112
3435,0.826815664768219
3436,1.2276536226272583
3437,0.9497206807136536
3438,1.5754189491271973
3439,0.9890109896659851
3440,0.8021978139877319
3441,0.8901098966598511
3442,1.5934065580368042
3443,0.7636363506317139
3444,1.0636364221572876
3445,0.7032967209815979
3446,0.8508287072181702
3447,0.7802197933197021
3448,1.2817679643630981
3449,1.1648352146148682
3450,0.8839778900146484
3451,0.7129120826721191
3452,0.7472527623176575
3453,0.7472527623176575
3454,0.9834254384040833
3455,1.90055251121521
3456,1.5801105499267578
3457,0.8618784546852112
3458,1.094972014427185
3459,0.8090909123420715
3460,1.7142857313156128
3461,0.8715083599090576
3462,0.8397790193557739
3463,0.8287292718887329
3464,0.6593406796455383
3465,0.8461538553237915
3466,0.8287292718887329
3467,0.8379888534545898
3468,1.2087912559509277
3469,0.8938547372817993
3470,1.2637362480163574
3471,0.7363636493682861
3472,0.7292817831039429
3473,0.9497206807136536
3474,1.0276243686676025
3475,1.1538461446762085
3476,0.7182320356369019
3477,0.7709497213363647
3478,1.0
3479,0.7692307829856873
3480,0.8839778900146484
3481,0.9709944725036621
3482,0.8826815485954285
3483,0.9720670580863953
3484,0.8181818127632141
3485,0.950276255607605
3486,0.6408839821815491
3487,1.076923131942749
3488,0.9834254384040833
3489,0.8066298365592957
3490,0.7472527623176575
3491,0.8044692873954773
3492,0.8397790193557739
3493,1.3812154531478882
3494,0.6703910827636719
3495,1.2527472972869873
3496,0.9608938694000244
3497,0.8241758346557617
3498,0.8715083599090576
3499,0.8791208863258362
3500,0.9281768202781677
3501,0.7909091114997864
3502,0.9818181991577148
3503,0.8021978139877319
3504,1.3956043720245361
3505,0.8938547372817993
3506,0.9670329689979553
3507,0.7513812184333801
3508,0.7802197933197021
3509,0.8131868243217468
3510,0.9560439586639404
3511,1.1270718574523926
3512,0.8826815485954285
3513,1.0329670906066895
3514,1.049723744392395
3515,1.171270728111267
3516,0.7182320356369019
3517,0.7374301552772522
3518,0.9230769276618958
3519,0.6636363863945007
3520,0.950276255607605
3521,0.8241758346557617
3522,0.9670329689979553
3523,0.8791208863258362
3524,0.9254143834114075
3525,1.2087912559509277
3526,1.2290502786636353
3527,0.7932960987091064
3528,1.0181818008422852
3529,0.8909090757369995
3530,0.6703910827636719
3531,0.7182320356369019
3532,0.8287292718887329
3533,0.9670329689979553
3534,1.160220980644226
3535,0.659217894077301
3536,0.7692307829856873
3537,0.8618784546852112
3538,1.1270718574523926
3539,0.7374301552772522
3540,0.7692307829856873
3541,0.8729282021522522
3542,0.6927374005317688
3543,1.1648352146148682
3544,0.7821229100227356
3545,1.1955307722091675
3546,0.8461538553237915
3547,0.6629834175109863
3548,1.4615384340286255
3549,0.7802197933197021
3550,0.9060773253440857
3551,0.7734806537628174
3552,0.8839778900146484
3553,1.2527472972869873
3554,0.6593406796455383
3555,0.7734806537628174
3556,0.6629834175109863
3557,1.186813235282898
3558,0.8646408915519714
3559,1.109890103340149
3560,0.8557692170143127
3561,0.8791208863258362
3562,1.3966480493545532
3563,0.950276255607605
3564,0.7090908885002136
3565,0.7709497213363647
3566,0.8618784546852112
3567,0.9120879173278809
3568,1.0549451112747192
3569,1.0167597532272339
3570,0.791208803653717
3571,0.6480447053909302
3572,0.6373626589775085
3573,0.8044692873954773
3574,0.9890109896659851
3575,0.9608938694000244
3576,0.8791208863258362
3577,0.8618784546852112
3578,0.7182320356369019
3579,0.8618784546852112
3580,0.7262569665908813
3581,1.318435788154602
3582,0.8287292718887329
3583,0.9120879173278809
3584,0.7582417726516724
3585,0.7636363506317139
3586,0.9340659379959106
3587,0.9780219793319702
3588,0.6787709593772888
3589,0.7513812184333801
3590,0.7262569665908813
3591,1.1318681240081787
3592,0.8379888534545898
3593,0.7821229100227356
3594,1.1284916400909424
3595,0.8351648449897766
3596,0.6636363863945007
3597,0.7142857313156128
3598,0.8791208863258362
3599,1.0055866241455078
3600,1.1538461446762085
3601,0.8938547372817993
3602,0.7597765326499939
3603,0.8397790193557739
3604,0.950276255607605
3605,0.7472527623176575
3606,0.7597765326499939
3607,0.791208803653717
3608,0.8791208863258362
3609,1.082872986793518
3610,0.7932960987091064
3611,0.8351648449897766
3612,1.582417607307434
3613,1.2857142686843872
3614,0.7272727489471436
3615,1.3743016719818115
3616,0.7262569665908813
3617,0.8618784546852112
3618,1.0
3619,0.8571428656578064
3620,0.8839778900146484
3621,0.7363636493682861
3622,0.7821229100227356
3623,0.7545454502105713
3624,0.8066298365592957
3625,1.082872986793518
3626,0.9340659379959106
3627,1.0
3628,0.9281768202781677
3629,0.6703910827636719
3630,0.7513812184333801
3631,0.6593406796455383
3632,0.9454545378684998
3633,0.9281768202781677
3634,0.7374301552772522
3635,0.8491619825363159
3636,0.9281768202781677
3637,1.072625756263733
3638,0.8938547372817993
3639,0.7821229100227356
3640,1.1160221099853516
3641,0.7807262539863586
3642,1.218181848526001
3643,1.3259668350219727
3644,0.8571428656578064
3645,0.8491619825363159
3646,0.9720670580863953
3647,0.7636363506317139
3648,0.8363636136054993
3649,0.7734806537628174
3650,0.8791208863258362
3651,0.9560439586639404
3652,2.066298246383667
3653,0.6480447053909302
3654,1.0167597532272339
3655,0.8571428656578064
3656,0.7513812184333801
3657,0.6703910827636719
3658,0.8791208863258362
3659,0.9608938694000244
3660,0.8727272748947144
3661,0.8397790193557739
3662,1.1061452627182007
3663,1.049723744392395
3664,0.7845304012298584
3665,0.9613259434700012
3666,1.0272727012634277
3667,1.072625756263733
3668,1.0363636016845703
3669,0.8791208863258362
3670,0.7909091114997864
3671,0.9171270728111267
3672,0.8241758346557617
3673,0.7262569665908813
3674,0.6480447053909302
3675,1.0549451112747192
3676,1.0439560413360596
3677,0.7821229100227356
3678,0.5524861812591553
3679,0.6256983280181885
3680,0.6740331649780273
3681,0.9670329689979553
3682,0.9720670580863953
3683,0.901098906993866
3684,0.8454545736312866
3685,0.8287292718887329
3686,0.9670329689979553
3687,1.4364640712738037
3688,1.060773491859436
3689,0.8603351712226868
3690,0.8287292718887329
3691,0.8131868243217468
3692,0.8272727131843567
3693,0.826815664768219
3694,0.6703296899795532
3695,1.094972014427185
3696,1.060773491859436
3697,1.0090909004211426
3698,1.6483516693115234
3699,1.0055248737335205
3700,0.7727272510528564
3701,0.8351648449897766
3702,1.0055866241455078
3703,1.2044198513031006
3704,0.8181818127632141
3705,0.791208803653717
3706,0.9281768202781677
3707,0.7374301552772522
3708,0.6815642714500427
3709,1.076923131942749
3710,1.1318681240081787
3711,1.1428571939468384
3712,0.7709497213363647
3713,1.497206687927246
3714,0.6263736486434937
3715,0.7727272510528564
3716,0.8909090757369995
3717,0.8066298365592957
3718,0.9090909361839294
3719,0.9230769276618958
3720,0.9608938694000244
3721,0.9780219793319702
3722,0.7692307829856873
3723,0.8272727131843567
3724,0.8363636136054993
3725,0.7821229100227356
3726,0.8938547372817993
3727,0.6703910827636719
3728,1.0276243686676025
3729,1.1061452627182007
3730,0.7734806537628174
3731,1.2707182168960571
3732,1.0
3733,0.6593406796455383
3734,1.0276243686676025
3735,0.7909091114997864
3736,0.950276255607605
3737,1.384615421295166
3738,0.9780219793319702
3739,0.7692307829856873
3740,0.8715083599090576
3741,0.826815664768219
3742,0.8351648449897766
3743,0.8156424760818481
3744,1.2290502786636353
3745,0.9273743033409119
3746,0.6408839821815491
3747,1.0363636016845703
3748,1.1049723625183105
3749,0.7513812184333801
3750,0.9944751262664795
3751,1.0
3752,0.9944751262664795
3753,0.7802197933197021
3754,0.7955800890922546
3755,0.8508287072181702
3756,0.8181818127632141
3757,0.8397790193557739
3758,0.916201114654541
3759,0.7802197933197021
3760,1.060773491859436
3761,0.8011049628257751
3762,0.7734806537628174
3763,1.0727273225784302
3764,0.8715083599090576
3765,0.9120879173278809
3766,0.8491619825363159
3767,0.7932960987091064
3768,0.7845304012298584
3769,1.0545454025268555
3770,0.9340659379959106
3771,0.916201114654541
3772,0.8715083599090576
3773,0.7252747416496277
3774,1.0276243686676025
3775,0.9560439586639404
3776,0.7727272510528564
3777,1.0055248737335205
3778,1.6424580812454224
3779,0.8681318759918213
3780,1.0206043720245361
3781,1.072625756263733
3782,1.049723744392395
3783,0.7292817831039429
3784,0.8618784546852112
3785,0.9272727370262146
3786,1.0818182229995728
3787,1.7318435907363892
3788,0.8066298365592957
3789,0.8241758346557617
3790,0.7734806537628174
3791,0.9944751262664795
3792,0.9050279259681702
3793,0.8156424760818481
3794,0.8715083599090576
3795,1.160220980644226
3796,0.800000011920929
3797,0.8287292718887329
3798,0.9832402467727661
3799,0.6909090876579285
3800,0.8826815485954285
3801,0.8044692873954773
3802,0.8603351712226868
3803,1.0659340620040894
3804,0.7374301552772522
3805,1.0055866241455078
3806,1.1173183917999268
3807,1.2067039012908936
3808,0.6368715167045593
3809,0.8066298365592957
3810,1.2290502786636353
3811,0.9727272987365723
3812,1.0502793788909912
3813,0.8715083599090576
3814,0.9608938694000244
3815,0.9230769276618958
3816,0.9385474920272827
3817,0.8603351712226868
3818,1.0
3819,0.7597765326499939
3820,1.0279330015182495
3821,0.9670329689979553
3822,0.8571428656578064
3823,0.826815664768219
3824,0.8603351712226868
3825,0.7727272510528564
3826,1.3854748010635376
3827,0.5856353640556335
3828,0.9832402467727661
3829,0.7692307829856873
3830,0.8508287072181702
3831,0.7636363506317139
3832,1.0
3833,1.1173183917999268
3834,1.4364640712738037
3835,0.939226508140564
3836,0.7513812184333801
3837,0.9120879173278809
3838,0.9903314709663391
3839,1.1049723625183105
3840,1.3259668350219727
3841,1.060773491859436
3842,0.8156424760818481
3843,0.8021978139877319
3844,0.800000011920929
3845,0.7692307829856873
3846,0.8681318759918213
3847,0.9613259434700012
3848,0.8287292718887329
3849,0.7734806537628174
3850,1.060773491859436
3851,0.8938547372817993
3852,1.186813235282898
3853,0.9385474920272827
3854,0.7821229100227356
3855,0.9723756909370422
3856,0.8681318759918213
3857,0.6927374005317688
3858,1.0164835453033447
3859,0.8791208863258362
3860,0.9363636374473572
3861,0.8287292718887329
3862,0.8397790193557739
3863,0.9385474920272827
3864,0.6740331649780273
3865,0.9780219793319702
3866,1.2817679643630981
3867,0.6153846383094788
3868,1.082872986793518
3869,1.0909091234207153
3870,0.6813187003135681
3871,1.2087912559509277
3872,0.7582417726516724
3873,1.0167597532272339
3874,0.8021978139877319
3875,0.8156424760818481
3876,1.0279330015182495
3877,1.7727272510528564
3878,0.7821229100227356
3879,0.8729282021522522
3880,0.9090909361839294
3881,0.791208803653717
3882,1.1284916400909424
3883,0.9560439586639404
3884,0.9450549483299255
3885,0.7727272510528564
3886,0.8287292718887329
3887,0.6703910827636719
3888,0.8241758346557617
3889,0.8397790193557739
3890,0.8491619825363159
3891,0.7142857313156128
3892,0.7821229100227356
3893,1.082872986793518
3894,1.1090909242630005
3895,1.0549451112747192
3896,1.0
3897,0.8791208863258362
3898,0.6373626589775085
3899,0.8287292718887329
3900,1.1160221099853516
3901,1.0549451112747192
3902,0.7955800890922546
3903,1.0727273225784302
3904,1.1173183917999268
3905,0.8066298365592957
3906,0.8021978139877319
3907,0.826815664768219
3908,1.582417607307434
3909,0.950276255607605
3910,0.6408839821815491
3911,1.4272726774215698
3912,0.8156424760818481
3913,0.8715083599090576
3914,1.0055866241455078
3915,0.8715083599090576
3916,1.2067039012908936
3917,0.8818181753158569
3918,0.7821229100227356
3919,0.8545454740524292
3920,1.3516483306884766
3921,0.7513812184333801
3922,1.1173183917999268
3923,0.8938547372817993
3924,0.939226508140564
3925,1.149171233177185
3926,0.8066298365592957
3927,1.5083799362182617
3928,0.8397790193557739
3929,1.082872986793518
3930,1.150838017463684
3931,0.7692307829856873
3932,0.7821229100227356
3933,1.0055866241455078
3934,0.8839778900146484
3935,0.7845304012298584
3936,1.0439560413360596
3937,0.8021978139877319
3938,0.826815664768219
3939,0.8729282021522522
3940,0.8950276374816895
3941,1.083798885345459
3942,1.3259668350219727
3943,0.939226508140564
3944,1.6243094205856323
3945,1.7032966613769531
3946,0.8176795840263367
3947,0.9385474920272827
3948,1.038673996925354
3949,0.7818182110786438
3950,1.0549451112747192
3951,1.1208791732788086
3952,0.8044692873954773
3953,0.9608938694000244
3954,0.6436464190483093
3955,0.6961326003074646
3956,0.7090908885002136
3957,1.150838017463684
3958,0.6740331649780273
3959,1.0614525079727173
3960,0.6408839821815491
3961,1.094972014427185
3962,0.8715083599090576
3963,0.8176795840263367
3964,1.1955307722091675
3965,0.9230769276618958
3966,0.8909090757369995
3967,0.5966851115226746
3968,0.7472527623176575
3969,0.7272727489471436
3970,0.8839778900146484
3971,0.9560439586639404
3972,0.7734806537628174
3973,1.0
3974,0.6564245820045471
3975,0.9090909361839294
3976,1.149171233177185
3977,1.5469613075256348
3978,0.9890109896659851
3979,0.7513812184333801
3980,1.060773491859436
3981,0.8571428656578064
3982,0.7142857313156128
3983,0.7071823477745056
3984,0.8176795840263367
3985,0.748603343963623
3986,0.826815664768219
3987,0.9230769276618958
3988,0.7734806537628174
3989,1.109890103340149
3990,1.1933702230453491
3991,1.5418994426727295
3992,1.0549451112747192
3993,0.8156424760818481
3994,0.7845304012298584
3995,0.6368715167045593
3996,1.1208791732788086
3997,1.6373625993728638
3998,0.950276255607605
3999,0.8826815485954285
4000,0.8287292718887329
4001,1.076923131942749
4002,0.7472527623176575
4003,0.6961326003074646
4004,0.7597765326499939
4005,1.0276243686676025
4006,1.2967033386230469
4007,0.791208803653717
4008,0.826815664768219
4009,0.9385474920272827
4010,1.2178771495819092
4011,1.1208791732788086
4012,0.8491619825363159
4013,0.791208803653717
4014,0.8021978139877319
4015,1.1173183917999268
4016,0.7513812184333801
4017,0.8508287072181702
4018,1.0109890699386597
4019,1.2087912559509277
4020,0.7692307829856873
4021,0.950276255607605
4022,0.8287292718887329
4023,0.8618784546852112
4024,1.149171233177185
4025,0.939226508140564
4026,0.8044692873954773
4027,0.7472527623176575
4028,0.8131868243217468
4029,0.9497206807136536
4030,0.7374301552772522
4031,0.7142857313156128
4032,0.9497206807136536
4033,0.8826815485954285
4034,0.8636363744735718
4035,0.9385474920272827
4036,0.800000011920929
4037,0.8901098966598511
4038,0.7150837779045105
4039,0.7932960987091064
4040,1.049723744392395
4041,0.9890109896659851
4042,0.7734806537628174
4043,0.7272727489471436
4044,0.7513812184333801
4045,0.9636363387107849
4046,0.7932960987091064
4047,1.1270718574523926
4048,1.1284916400909424
4049,1.7127071619033813
4050,1.1955307722091675
4051,0.6373626589775085
4052,1.2067039012908936
4053,0.6703910827636719
4054,0.9450549483299255
4055,0.9944751262664795
4056,0.7821229100227356
4057,1.060773491859436
4058,1.094972014427185
4059,0.9230769276618958
4060,0.950276255607605
4061,0.7472527623176575
4062,0.9608938694000244
4063,1.1620111465454102
4064,1.186813235282898
4065,2.1868131160736084
4066,0.9560439586639404
4067,0.9454545378684998
4068,0.8715083599090576
4069,1.1173183917999268
4070,0.7090908885002136
4071,0.9834254384040833
4072,1.0989011526107788
4073,0.826815664768219
4074,0.7692307829856873
4075,0.8791208863258362
4076,0.8791208863258362
4077,0.8603351712226868
4078,1.1049723625183105
4079,0.8351648449897766
4080,0.6629834175109863
4081,1.2307692766189575
4082,1.1160221099853516
4083,1.9337016344070435
4084,0.8791208863258362
4085,0.7955800890922546
4086,1.082872986793518
4087,1.1381216049194336
4088,0.7272727489471436
4089,0.9450549483299255
4090,1.505494475364685
4091,0.8491619825363159
4092,0.6961326003074646
4093,1.1318681240081787
4094,1.072625756263733
4095,1.0502793788909912
4096,0.8176795840263367
4097,0.7142857313156128
4098,0.8727272748947144
4099,0.8681318759918213
4100,0.7071823477745056
4101,0.9720670580863953
4102,1.0879120826721191
4103,1.0614525079727173
4104,0.8938547372817993
4105,1.3743016719818115
4106,1.0
4107,0.8818181753158569
4108,0.84944748878479
4109,0.9832402467727661
4110,0.8156424760818481
4111,1.3406593799591064
4112,1.4806629419326782
4113,0.7071823477745056
4114,0.8379888534545898
4115,0.8176795840263367
4116,1.094972014427185
4117,0.6703296899795532
4118,1.0502793788909912
4119,0.8571428656578064
4120,0.8131868243217468
4121,1.2636363506317139
4122,1.083798885345459
4123,0.9060773253440857
4124,0.6850828528404236
4125,0.8241758346557617
4126,1.1061452627182007
4127,0.6703910827636719
4128,0.8491619825363159
4129,1.2737430334091187
4130,0.8603351712226868
4131,1.2154695987701416
4132,0.9890109896659851
4133,1.082872986793518
4134,0.8491619825363159
4135,1.1173183917999268
4136,0.9385474920272827
4137,1.197802186012268
4138,0.7071823477745056
4139,0.8379888534545898
4140,0.8491619825363159
4141,0.7582417726516724
4142,1.765363097190857
4143,0.8397790193557739
4144,0.8681318759918213
4145,1.1284916400909424
4146,0.75698322057724
4147,1.2960894107818604
4148,0.6740331649780273
4149,0.9723756909370422
4150,0.791208803653717
4151,1.4285714626312256
4152,0.8324176073074341
4153,0.8272727131843567
4154,0.8044692873954773
4155,1.0502793788909912
4156,0.7802197933197021
4157,0.7292817831039429
4158,1.0219780206680298
4159,1.060773491859436
4160,0.7272727489471436
4161,0.800000011920929
4162,0.8618784546852112
4163,0.7932960987091064
4164,1.3626374006271362
4165,0.6593406796455383
4166,0.9090909361839294
4167,0.8491619825363159
4168,1.0
4169,0.791208803653717
4170,0.6927374005317688
4171,0.9723756909370422
4172,1.1284916400909424
4173,0.7845304012298584
4174,0.8181818127632141
4175,0.8287292718887329
4176,0.8454545736312866
4177,0.8021978139877319
4178,0.9340659379959106
4179,1.1160221099853516
4180,0.9450549483299255
4181,0.8461538553237915
4182,0.8021978139877319
4183,0.7821229100227356
4184,0.8618784546852112
4185,0.9120879173278809
4186,0.9613259434700012
4187,0.6703910827636719
4188,0.8287292718887329
4189,0.7071823477745056
4190,0.8131868243217468
4191,0.8397790193557739
4192,0.7734806537628174
4193,0.7292817831039429
4194,1.0181818008422852
4195,1.0279330015182495
4196,0.8176795840263367
4197,0.9497206807136536
4198,0.9230769276618958
4199,0.8351648449897766
4200,1.6089385747909546
4201,0.6703910827636719
4202,0.7262569665908813
4203,1.0989011526107788
4204,1.2090909481048584
4205,0.8508287072181702
4206,0.826815664768219
4207,0.8379888534545898
4208,0.6519337296485901
4209,0.9723756909370422
4210,1.1396647691726685
4211,0.7142857313156128
4212,0.791208803653717
4213,0.8044692873954773
4214,0.6629834175109863
4215,0.9834254384040833
4216,0.6636363863945007
4217,0.9834254384040833
4218,0.8938547372817993
4219,0.8156424760818481
4220,1.0989011526107788
4221,0.9723756909370422
4222,1.0055866241455078
4223,1.0989011526107788
4224,0.7734806537628174
4225,0.9608938694000244
4226,0.7692307829856873
4227,1.3038674592971802
4228,1.318435788154602
4229,1.2197802066802979
4230,0.9120879173278809
4231,0.7955800890922546
4232,0.7039105892181396
4233,1.2087912559509277
4234,0.9720670580863953
4235,0.7513812184333801
4236,0.8938547372817993
4237,0.692307710647583
4238,1.1284916400909424
4239,0.6181818246841431
4240,0.8044692873954773
4241,0.7150837779045105
4242,0.7624309659004211
4243,1.0329670906066895
4244,1.2067039012908936
4245,1.2707182168960571
4246,0.7818182110786438
4247,0.8379888534545898
4248,1.0
4249,0.7513812184333801
4250,0.9050279259681702
4251,0.9281768202781677
4252,0.826815664768219
4253,0.6153846383094788
4254,1.6464087963104248
4255,0.7472527623176575
4256,0.8181818127632141
4257,0.7150837779045105
4258,1.1173183917999268
4259,0.9497206807136536
4260,1.1061452627182007
4261,1.1843575239181519
4262,0.791208803653717
4263,0.8241758346557617
4264,0.950276255607605
4265,0.8571428656578064
4266,0.9944751262664795
4267,1.3149170875549316
4268,0.9670329689979553
4269,0.950276255607605
4270,0.6703910827636719
4271,0.7032967209815979
4272,0.9723756909370422
4273,0.8729282021522522
4274,0.7932960987091064
4275,0.950276255607605
4276,1.038673996925354
4277,0.8131868243217468
4278,0.8044692873954773
4279,1.094972014427185
4280,0.7472527623176575
4281,0.8114525079727173
4282,0.7597765326499939
4283,1.0
4284,1.2375690937042236
4285,0.8021978139877319
4286,1.082872986793518
4287,0.8181818127632141
4288,0.9050279259681702
4289,1.082872986793518
4290,1.0989011526107788
4291,0.8397790193557739
4292,0.9450549483299255
4293,0.8909090757369995
4294,0.7583798766136169
4295,0.7802197933197021
4296,1.1318681240081787
4297,0.8826815485954285
4298,0.9608938694000244
4299,0.9090909361839294
4300,0.994413435459137
4301,1.1381216049194336
4302,0.6256983280181885
4303,0.8131868243217468
4304,0.6961326003074646
4305,0.8181818127632141
4306,1.0939226150512695
4307,0.6263736486434937
4308,0.8491619825363159
4309,0.9497206807136536
4310,0.9636363387107849
4311,0.9090909361839294
4312,1.494505524635315
4313,0.800000011920929
4314,0.9608938694000244
4315,0.666201114654541
4316,0.7071823477745056
4317,0.939226508140564
4318,0.9281768202781677
4319,1.0167597532272339
4320,0.9834254384040833
4321,1.094972014427185
4322,1.0614525079727173
4323,0.9944751262664795
4324,1.2849161624908447
4325,1.150838017463684
4326,1.171270728111267
4327,0.9230769276618958
4328,0.826815664768219
4329,0.9340659379959106
4330,0.7932960987091064
4331,0.9120879173278809
4332,1.3186813592910767
4333,0.7182320356369019
4334,1.0055866241455078
4335,0.7252747416496277
4336,1.1933702230453491
4337,1.0939226150512695
4338,1.060773491859436
4339,0.8090909123420715
4340,0.7692307829856873
4341,0.9385474920272827
4342,0.7513812184333801
4343,1.0167597532272339
4344,0.8839778900146484
4345,0.9608938694000244
4346,1.4254143238067627
4347,0.8491619825363159
4348,1.2067039012908936
4349,0.6703910827636719
4350,0.8938547372817993
4351,0.7692307829856873
4352,0.826815664768219
4353,0.9340659379959106
4354,0.6703296899795532
4355,0.8791208863258362
4356,0.950276255607605
4357,1.0439560413360596
4358,0.9723756909370422
4359,0.8491619825363159
4360,1.1173183917999268
4361,0.8491619825363159
4362,0.8791208863258362
4363,0.7545454502105713
4364,0.8571428656578064
4365,1.0279330015182495
4366,1.3743016719818115
4367,0.9385474920272827
4368,1.0
4369,0.8156424760818481
4370,0.8791208863258362
4371,1.076923131942749
4372,1.430167555809021
4373,0.8636363744735718
4374,0.7821229100227356
4375,0.9670329689979553
4376,1.060773491859436
4377,0.6000000238418579
4378,1.4285714626312256
4379,0.9497206807136536
4380,0.8571428656578064
4381,0.9832402467727661
4382,0.9385474920272827
4383,0.7182320356369019
4384,0.7821229100227356
4385,0.8461538553237915
4386,0.9670329689979553
4387,0.8618784546852112
4388,0.8826815485954285
4389,0.826815664768219
4390,1.1049723625183105
4391,0.7513812184333801
4392,0.9944751262664795
4393,0.9497206807136536
4394,0.6153846383094788
4395,0.9670329689979553
4396,0.7727272510528564
4397,0.6298342347145081
4398,0.939226508140564
4399,0.950276255607605
4400,1.1049723625183105
4401,0.8839778900146484
4402,1.0276243686676025
4403,0.8681318759918213
4404,0.6408839821815491
4405,0.7142857313156128
4406,0.7262569665908813
4407,0.9723756909370422
4408,0.7363636493682861
4409,0.7374301552772522
4410,1.2909090518951416
4411,0.7513812184333801
4412,0.6703910827636719
4413,1.0165746212005615
4414,0.6373626589775085
4415,0.791208803653717
4416,0.9818181991577148
4417,0.8938547372817993
4418,0.8044692873954773
4419,1.1381216049194336
4420,0.8044692873954773
4421,0.8397790193557739
4422,0.7692307829856873
4423,0.6703910827636719
4424,0.6033519506454468
4425,0.8938547372817993
4426,1.076923131942749
4427,1.060773491859436
4428,1.5307263135910034
4429,1.049723744392395
4430,1.2999999523162842
4431,0.9497206807136536
4432,0.939226508140564
4433,1.1454545259475708
4434,1.3922652006149292
4435,0.994413435459137
4436,0.8826815485954285
4437,0.9780219793319702
4438,0.6629834175109863
4439,0.9454545378684998
4440,0.9545454382896423
4441,0.826815664768219
4442,0.9171270728111267
4443,0.7692307829856873
4444,1.0614525079727173
4445,0.7734806537628174
4446,1.094972014427185
4447,0.9340659379959106
4448,0.8044692873954773
4449,1.2154695987701416
4450,0.8839778900146484
4451,0.9636363387107849
4452,1.1396647691726685
4453,1.0276243686676025
4454,0.8571428656578064
4455,1.049723744392395
4456,0.8950276374816895
4457,1.2044198513031006
4458,0.9385474920272827
4459,0.7545454502105713
4460,0.7818182110786438
4461,0.748603343963623
4462,0.800000011920929
4463,0.7320442199707031
4464,0.8729282021522522
4465,0.8156424760818481
4466,0.7692307829856873
4467,0.7734806537628174
4468,0.950276255607605
4469,0.6909090876579285
4470,1.1648352146148682
4471,0.9944751262664795
4472,1.0329670906066895
4473,0.8839778900146484
4474,0.8999999761581421
4475,1.160220980644226
4476,1.318435788154602
4477,0.8491619825363159
4478,0.7597765326499939
4479,0.9944751262664795
4480,1.1381216049194336
4481,0.6703296899795532
4482,0.7821229100227356
4483,0.7734806537628174
4484,0.8491619825363159
4485,0.8491619825363159
4486,1.0502793788909912
4487,1.6022099256515503
4488,0.7709497213363647
4489,0.9230769276618958
4490,0.7734806537628174
4491,1.5248619318008423
4492,0.9120879173278809
4493,1.2637362480163574
4494,1.1061452627182007
4495,0.8571428656578064
4496,1.3812154531478882
4497,1.4065934419631958
4498,1.171270728111267
4499,1.9447513818740845
4500,0.6410614252090454
4501,1.076923131942749
4502,0.8090909123420715
4503,1.0329670906066895
4504,0.7821229100227356
4505,0.939226508140564
4506,0.7692307829856873
4507,1.2067039012908936
4508,0.8938547372817993
4509,0.8791208863258362
4510,0.8715083599090576
4511,1.1049723625183105
4512,0.6480447053909302
4513,0.8397790193557739
4514,0.8066298365592957
4515,0.9340659379959106
4516,0.8044692873954773
4517,1.3516483306884766
4518,0.826815664768219
4519,0.6703910827636719
4520,1.1061452627182007
4521,1.1049723625183105
4522,0.9890109896659851
4523,0.8272727131843567
4524,1.251396656036377
4525,0.8021978139877319
4526,0.939226508140564
4527,0.7821229100227356
4528,0.7692307829856873
4529,1.2737430334091187
4530,0.9090909361839294
4531,1.417582392692566
4532,1.049723744392395
4533,0.8176795840263367
4534,0.8181818127632141
4535,0.9560439586639404
4536,0.8090909123420715
4537,0.8131868243217468
4538,0.8021978139877319
4539,1.0636364221572876
4540,0.8491619825363159
4541,0.7150837779045105
4542,0.8508287072181702
4543,1.1758241653442383
4544,0.6480447053909302
4545,0.8131868243217468
4546,0.7932960987091064
4547,0.6629834175109863
4548,0.8715083599090576
4549,0.9723756909370422
4550,0.916208803653717
4551,1.4835164546966553
4552,0.7513812184333801
4553,0.9450549483299255
4554,0.8715083599090576
4555,0.6480447053909302
4556,1.0879120826721191
4557,0.8618784546852112
4558,1.1731843948364258
4559,0.7513812184333801
4560,0.8397790193557739
4561,1.8882681131362915
4562,1.0614525079727173
4563,1.1428571939468384
4564,0.7513812184333801
4565,0.7472527623176575
4566,0.939226508140564
4567,0.7802197933197021
4568,0.8826815485954285
4569,0.7802197933197021
4570,0.9818181991577148
4571,0.8618784546852112
4572,0.8131868243217468
4573,0.9720670580863953
4574,1.3626374006271362
4575,0.8839778900146484
4576,0.9560439586639404
4577,0.7472527623176575
4578,0.7821229100227356
4579,0.8909090757369995
4580,1.1381216049194336
4581,0.8044692873954773
4582,1.1648352146148682
4583,0.8287292718887329
4584,1.182320475578308
4585,0.9450549483299255
4586,2.626373529434204
4587,0.9804469347000122
4588,0.918181836605072
4589,0.7932960987091064
4590,0.8938547372817993
4591,0.9497206807136536
4592,0.8938547372817993
4593,1.5530725717544556
4594,0.8618784546852112
4595,0.7142857313156128
4596,0.6703910827636719
4597,1.072625756263733
4598,0.8715083599090576
4599,0.6815642714500427
4600,0.7090908885002136
4601,0.8287292718887329
4602,1.2486188411712646
4603,1.0276243686676025
4604,1.3480663299560547
4605,1.3626374006271362
4606,0.9385474920272827
4607,0.9450549483299255
4608,1.8461538553237915
4609,1.4917126893997192
4610,1.0055866241455078
4611,0.6629834175109863
4612,0.9171270728111267
4613,0.8491619825363159
4614,0.9497206807136536
4615,0.8715083599090576
4616,0.9230769276618958
4617,0.8176795840263367
4618,0.8044692873954773
4619,1.0614525079727173
4620,1.2290502786636353
4621,0.826815664768219
4622,0.7090908885002136
4623,1.1620111465454102
4624,1.1061452627182007
4625,0.8791208863258362
4626,0.916201114654541
4627,0.7692307829856873
4628,1.1049723625183105
4629,0.9385474920272827
4630,1.094972014427185
4631,0.9497206807136536
4632,0.7734806537628174
4633,0.9120879173278809
4634,0.8950276374816895
4635,1.0989011526107788
4636,0.7181817889213562
4637,0.7182320356369019
4638,0.8791208863258362
4639,0.6703910827636719
4640,1.0391061305999756
4641,1.307692289352417
4642,0.950276255607605
4643,0.8938547372817993
4644,1.0989011526107788
4645,1.1381216049194336
4646,1.8121546506881714
4647,0.7513812184333801
4648,1.186813235282898
4649,0.9727272987365723
4650,1.072625756263733
4651,0.8791208863258362
4652,0.7734806537628174
4653,0.8156424760818481
4654,0.7071823477745056
4655,0.9450549483299255
4656,0.7734806537628174
4657,0.6740331649780273
4658,1.0989011526107788
4659,0.9385474920272827
4660,0.8241758346557617
4661,0.7071823477745056
4662,0.8241758346557617
4663,0.8729282021522522
4664,1.076923131942749
4665,0.9670329689979553
4666,1.3186813592910767
4667,0.9832402467727661
4668,0.918181836605072
4669,1.109890103340149
4670,1.3149170875549316
4671,0.9497206807136536
4672,0.8715083599090576
4673,1.1061452627182007
4674,0.9461326003074646
4675,0.8909090757369995
4676,0.6703910827636719
4677,0.8397790193557739
4678,0.8999999761581421
4679,0.6727272868156433
4680,1.251396656036377
4681,1.0614525079727173
4682,0.6373626589775085
4683,0.939226508140564
4684,0.6077347993850708
4685,1.082872986793518
4686,1.2154695987701416
4687,0.8938547372817993
4688,0.7909091114997864
4689,1.3922652006149292
4690,1.6243094205856323
4691,1.3272727727890015
4692,0.7374301552772522
4693,0.8727272748947144
4694,0.7692307829856873
4695,1.0165746212005615
4696,0.7692307829856873
4697,1.149171233177185
4698,0.8571428656578064
4699,0.9273743033409119
4700,0.8618784546852112
4701,1.0276243686676025
4702,1.5274724960327148
4703,1.2290502786636353
4704,0.7597765326499939
4705,0.791208803653717
4706,0.791208803653717
4707,0.8156424760818481
4708,0.7582417726516724
4709,0.8066298365592957
4710,0.5524861812591553
4711,0.7734806537628174
4712,0.7734806537628174
4713,0.7374301552772522
4714,0.6545454263687134
4715,0.8938547372817993
4716,0.7182320356369019
4717,0.8241758346557617
4718,0.9497206807136536
4719,0.8066298365592957
4720,1.3186813592910767
4721,0.6909090876579285
4722,0.9050279259681702
4723,1.2527472972869873
4724,1.0055866241455078
4725,0.8241758346557617
4726,0.8791208863258362
4727,0.939226508140564
4728,0.8287292718887329
4729,0.8021978139877319
4730,1.1363636255264282
4731,0.7545454502105713
4732,0.6629834175109863
4733,0.7821229100227356
4734,0.9608938694000244
4735,0.9613259434700012
4736,0.9890109896659851
4737,1.2960894107818604
4738,0.8241758346557617
4739,0.7597765326499939
4740,0.8839778900146484
4741,0.7472527623176575
4742,0.8938547372817993
4743,0.9060773253440857
4744,0.7845304012298584
4745,0.6620111465454102
4746,0.9488950371742249
4747,0.6373626589775085
4748,1.1545454263687134
4749,0.8839778900146484
4750,0.7636363506317139
4751,0.9281768202781677
4752,0.8715083599090576
4753,0.9120879173278809
4754,0.8044692873954773
4755,0.7142857313156128
4756,0.7032967209815979
4757,0.6593406796455383
4758,1.0165746212005615
4759,0.8397790193557739
4760,1.3296703100204468
4761,0.9450549483299255
4762,0.6740331649780273
4763,0.8447802066802979
4764,0.9832402467727661
4765,0.8681318759918213
4766,0.8999999761581421
4767,0.8791208863258362
4768,0.8461538553237915
4769,1.8461538553237915
4770,0.9230769276618958
4771,0.6740331649780273
4772,0.7636363506317139
4773,0.9281768202781677
4774,0.9890109896659851
4775,0.8938547372817993
4776,0.8066298365592957
4777,0.8241758346557617
4778,0.7472527623176575
4779,0.8901098966598511
4780,1.0165746212005615
4781,1.1061452627182007
4782,0.7472527623176575
4783,0.5494505763053894
4784,1.0055866241455078
4785,0.939226508140564
4786,1.171270728111267
4787,0.6927374005317688
4788,0.7941988706588745
4789,0.9944751262664795
4790,0.9281768202781677
4791,1.076923131942749
4792,0.9385474920272827
4793,1.038673996925354
4794,1.094972014427185
4795,0.8066298365592957
4796,0.9450549483299255
4797,0.9497206807136536
4798,0.8379888534545898
4799,0.9818181991577148
4800,1.7988827228546143
4801,0.6263736486434937
4802,1.3516483306884766
4803,0.8351648449897766
4804,0.7597765326499939
4805,0.7955800890922546
4806,0.6703296899795532
4807,0.708791196346283
4808,0.8090909123420715
4809,0.8044692873954773
4810,1.094972014427185
4811,0.6909090876579285
4812,1.1538461446762085
4813,0.8603351712226868
4814,0.9230769276618958
4815,1.0549451112747192
4816,0.9497206807136536
4817,1.3631285429000854
4818,0.7734806537628174
4819,0.9909090995788574
4820,0.8636363744735718
4821,0.9608938694000244
4822,0.6593406796455383
4823,0.8491619825363159
4824,0.800000011920929
4825,0.692307710647583
4826,0.9385474920272827
4827,0.8839778900146484
4828,1.2154695987701416
4829,0.8272727131843567
4830,0.7821229100227356
4831,0.994413435459137
4832,0.7182320356369019
4833,0.7032967209815979
4834,0.8491619825363159
4835,0.8287292718887329
4836,0.7272727489471436
4837,0.9944751262664795
4838,0.7513812184333801
4839,0.7272727489471436
4840,1.1173183917999268
4841,1.150838017463684
4842,0.6564245820045471
4843,0.939226508140564
4844,0.7955800890922546
4845,1.6574585437774658
4846,0.8681318759918213
4847,0.8715083599090576
4848,0.9608938694000244
4849,0.7272727489471436
4850,1.0276243686676025
4851,0.9670329689979553
4852,0.9171270728111267
4853,0.9281768202781677
4854,0.800000011920929
4855,1.2154695987701416
4856,0.8066298365592957
4857,0.9560439586639404
4858,0.8727272748947144
4859,1.1061452627182007
4860,0.8461538553237915
4861,0.8687151074409485
4862,0.7292817831039429
4863,0.7262569665908813
4864,1.5164835453033447
4865,1.6685082912445068
4866,0.9832402467727661
4867,1.2067039012908936
4868,0.8818181753158569
4869,0.6629834175109863
4870,0.7727272510528564
4871,0.8287292718887329
4872,0.9281768202781677
4873,0.8021978139877319
4874,1.045454502105713
4875,0.692307710647583
4876,1.2545454502105713
4877,0.9723756909370422
4878,0.9281768202781677
4879,0.8618784546852112
4880,1.1284916400909424
4881,1.072625756263733
4882,0.8791208863258362
4883,0.9363636374473572
4884,0.7454545497894287
4885,0.7597765326499939
4886,0.8938547372817993
4887,0.994413435459137
4888,0.8715083599090576
4889,0.9832402467727661
4890,0.7709497213363647
4891,0.7821229100227356
4892,1.0439560413360596
4893,0.826815664768219
4894,0.8791208863258362
4895,0.9807692170143127
4896,1.0055866241455078
4897,0.7292817831039429
4898,1.1173183917999268
4899,0.826815664768219
4900,0.8938547372817993
4901,0.7692307829856873
4902,0.8287292718887329
4903,0.9299450516700745
4904,0.9832402467727661
4905,1.072625756263733
4906,0.8176795840263367
4907,0.8379888534545898
4908,1.1731843948364258
4909,0.7472527623176575
4910,0.8241758346557617
4911,0.6480447053909302
4912,0.7955800890922546
4913,0.9560439586639404
4914,1.1396647691726685
4915,0.7692307829856873
4916,0.6740331649780273
4917,0.7734806537628174
4918,0.800000011920929
4919,1.060773491859436
4920,0.9834254384040833
4921,1.049723744392395
4922,1.3956043720245361
4923,1.1160221099853516
4924,0.6740331649780273
4925,1.0055248737335205
4926,0.8938547372817993
4927,1.2596684694290161
4928,1.076923131942749
4929,0.9171270728111267
4930,0.7709497213363647
4931,1.0055248737335205
4932,0.8351648449897766
4933,0.9670329689979553
4934,1.076923131942749
4935,1.094972014427185
4936,1.2154695987701416
4937,0.9120879173278809
4938,0.8491619825363159
4939,0.9340659379959106
4940,0.9385474920272827
4941,1.1049723625183105
4942,0.6961326003074646
4943,0.8950276374816895
4944,0.6703910827636719
4945,1.2849161624908447
4946,1.307692289352417
4947,0.826815664768219
4948,0.7932960987091064
4949,0.994413435459137
4950,0.9340659379959106
4951,0.8379888534545898
4952,0.6480447053909302
4953,0.8491619825363159
4954,1.430167555809021
4955,0.9120879173278809
4956,0.9780219793319702
4957,0.8715083599090576
4958,0.7403314709663391
4959,0.9723756909370422
4960,1.2596684694290161
4961,0.9385474920272827
4962,0.950276255607605
4963,0.9120879173278809
4964,0.9281768202781677
4965,0.791208803653717
4966,0.6815642714500427
4967,0.7636363506317139
4968,1.094972014427185
4969,0.9613259434700012
4970,0.7734806537628174
4971,0.9272727370262146
4972,1.0391061305999756
4973,0.8938547372817993
4974,0.9834254384040833
4975,0.7932960987091064
4976,0.9560439586639404
4977,0.8901098966598511
4978,0.8131868243217468
4979,0.7845304012298584
4980,0.8901098966598511
4981,1.0989011526107788
4982,0.8491619825363159
4983,0.8287292718887329
4984,1.2290502786636353
4985,0.7403314709663391
4986,1.109890103340149
4987,0.994413435459137
4988,1.0165746212005615
4989,1.262569785118103
4990,1.6243094205856323
4991,0.8618784546852112
4992,0.8181818127632141
4993,0.7955800890922546
4994,0.8715083599090576
4995,0.6795454621315002
4996,0.8397790193557739
4997,0.8397790193557739
4998,0.6483516693115234
4999,0.7039105892181396
5000,0.7821229100227356
5001,1.150838017463684
5002,0.8681318759918213
5003,1.182320475578308
5004,0.8272727131843567
5005,0.9385474920272827
5006,0.8491619825363159
5007,0.9720670580863953
5008,0.6593406796455383
5009,0.8491619825363159
5010,1.1061452627182007
5011,0.7821229100227356
5012,0.9723756909370422
5013,0.7597765326499939
5014,1.1284916400909424
5015,0.8950276374816895
5016,0.8090909123420715
5017,0.6153846383094788
5018,1.2727272510528564
5019,0.7821229100227356
5020,0.7182320356369019
5021,1.2707182168960571
5022,0.6593406796455383
5023,0.8454545736312866
5024,0.692307710647583
