0,0.05436655879020691
1,0.04892396181821823
2,0.0512695387005806
3,0.04977230727672577
4,0.04887453094124794
5,0.044375184923410416
6,0.04574354737997055
7,0.050563912838697433
8,0.050853438675403595
9,0.04971938207745552
10,0.046715572476387024
11,0.049183283001184464
12,0.058366529643535614
13,0.05150753632187843
14,0.04934780299663544
15,0.04623067006468773
16,0.04354278743267059
17,0.05476181209087372
18,0.04552656412124634
19,0.05031215026974678
20,0.05440732464194298
21,0.04321176931262016
22,0.05226919427514076
23,0.04699824005365372
24,0.04792100191116333
25,0.0578363835811615
26,0.051832377910614014
27,0.04575809836387634
28,0.04790136218070984
29,0.04749869555234909
30,0.05215439945459366
31,0.04335808381438255
32,0.04770229384303093
33,0.0515001080930233
34,0.055265337228775024
35,0.04960066080093384
36,0.04969684034585953
37,0.0477510541677475
38,0.05008676275610924
39,0.05192295089364052
40,0.042447738349437714
41,0.04764391854405403
42,0.04751705378293991
43,0.055409204214811325
44,0.048902884125709534
45,0.046592745929956436
46,0.04782727733254433
47,0.046614762395620346
48,0.04899188131093979
49,0.050176236778497696
50,0.045200660824775696
51,0.05219689756631851
52,0.05571839585900307
53,0.05772796645760536
54,0.04795404151082039
55,0.045573554933071136
56,0.05562392622232437
57,0.04173322394490242
58,0.04633992165327072
59,0.05183156207203865
60,0.0510949082672596
61,0.0435713455080986
62,0.04781423509120941
63,0.047764863818883896
64,0.04232232645153999
65,0.0417742058634758
66,0.0533088818192482
67,0.05389741063117981
68,0.054510582238435745
69,0.05444974824786186
70,0.049363091588020325
71,0.054260414093732834
72,0.0419309176504612
73,0.04444354400038719
74,0.05214860662817955
75,0.05228259786963463
76,0.05050957575440407
77,0.048415325582027435
78,0.04888671264052391
79,0.050914306193590164
80,0.04454116150736809
81,0.05275478586554527
82,0.051303718239068985
83,0.051562804728746414
84,0.04999483749270439
85,0.04603942111134529
86,0.044683121144771576
87,0.04984095320105553
88,0.052726246416568756
89,0.0470445342361927
90,0.05750378593802452
91,0.049291957169771194
92,0.047483932226896286
93,0.050936803221702576
94,0.05007152631878853
95,0.046368323266506195
96,0.048104412853717804
97,0.05193816497921944
98,0.04641358181834221
99,0.047813523560762405
100,0.043691232800483704
101,0.04798141494393349
102,0.05002559721469879
103,0.04929132014513016
104,0.04745746776461601
105,0.050521545112133026
106,0.04894127696752548
107,0.05346950516104698
108,0.044235896319150925
109,0.04909607023000717
110,0.045336030423641205
111,0.047313790768384933
112,0.04991156607866287
113,0.045293133705854416
114,0.047569893300533295
115,0.050692975521087646
116,0.04629475995898247
117,0.05603359267115593
118,0.055665984749794006
119,0.052976373583078384
120,0.04426785930991173
121,0.04892124980688095
122,0.04847799241542816
123,0.04523248225450516
124,0.05217640846967697
125,0.04454280063509941
126,0.04624021425843239
127,0.05302146449685097
128,0.05618082359433174
129,0.04780912026762962
130,0.04785215109586716
131,0.043077003210783005
132,0.04731246829032898
133,0.047983475029468536
134,0.048366498202085495
135,0.05068712309002876
136,0.050488926470279694
137,0.0442378856241703
138,0.0534842275083065
139,0.04977061599493027
140,0.046519093215465546
141,0.05232153832912445
142,0.04766175150871277
143,0.058022014796733856
144,0.044378455728292465
145,0.049155283719301224
146,0.056128453463315964
147,0.056320782750844955
148,0.05474795028567314
149,0.04568776860833168
150,0.05259721726179123
151,0.05178935453295708
152,0.04901096969842911
153,0.04201845824718475
154,0.04524572566151619
155,0.045025844126939774
156,0.04819951578974724
157,0.05047112703323364
158,0.05293570086359978
159,0.050754521042108536
160,0.04400258511304855
161,0.049476902931928635
162,0.0499364398419857
163,0.05309941992163658
164,0.046012282371520996
165,0.04829574003815651
166,0.04814982786774635
167,0.05703962966799736
168,0.055335838347673416
169,0.05086946114897728
170,0.052765343338251114
171,0.05081339180469513
172,0.0488537959754467
173,0.04686626419425011
174,0.049126941710710526
175,0.053060948848724365
176,0.04644164443016052
177,0.04762103408575058
178,0.04872513562440872
179,0.06311413645744324
180,0.04885397478938103
181,0.05227114260196686
182,0.056848399341106415
183,0.0533052496612072
184,0.05337599664926529
185,0.04511626437306404
186,0.045602962374687195
187,0.045412857085466385
188,0.04746422544121742
189,0.047846488654613495
190,0.047487180680036545
191,0.053897205740213394
192,0.05679736286401749
193,0.04438354820013046
194,0.040375545620918274
195,0.04761283099651337
196,0.04932551831007004
197,0.044906262308359146
180,0.05015680566430092
181,0.053318195044994354
182,0.04811706766486168
183,0.053293950855731964
184,0.052205316722393036
185,0.04782567545771599
186,0.054778438061475754
187,0.05538447946310043
188,0.046462319791316986
189,0.04625603184103966
190,0.04457812011241913
191,0.05730795860290527
192,0.058162957429885864
193,0.05113473907113075
194,0.05072923004627228
195,0.051339831203222275
196,0.06407521665096283
197,0.06587214022874832
198,0.05298086628317833
199,0.05755531042814255
200,0.055327173322439194
201,0.056701600551605225
202,0.05108552426099777
203,0.053603459149599075
204,0.05232087895274162
205,0.057674702256917953
206,0.05058147385716438
207,0.060708362609148026
208,0.05992407724261284
209,0.05451038107275963
210,0.05344073474407196
211,0.05375516787171364
212,0.054401084780693054
213,0.05440856143832207
214,0.05413658916950226
215,0.05274347588419914
216,0.054475244134664536
217,0.0558706559240818
218,0.05840979516506195
219,0.06014285981655121
220,0.0510704331099987
221,0.04364236816763878
222,0.05170794203877449
223,0.04847336187958717
224,0.05539587512612343
225,0.05450882017612457
226,0.055782392621040344
227,0.06298545747995377
228,0.05531804636120796
229,0.050234172493219376
230,0.060117192566394806
231,0.05344526842236519
232,0.05459155887365341
233,0.05710400268435478
234,0.057554688304662704
235,0.05405738949775696
236,0.04767995327711105
237,0.05113097280263901
238,0.05919981747865677
239,0.057445429265499115
240,0.05642217397689819
241,0.05017630755901337
242,0.05658914893865585
243,0.054259125143289566
244,0.052168671041727066
245,0.05068118870258331
246,0.055514197796583176
247,0.051884301006793976
248,0.05010737478733063
249,0.054565027356147766
250,0.04643503576517105
251,0.05664246156811714
252,0.0563332699239254
253,0.05475512146949768
254,0.04924347251653671
255,0.05234348773956299
256,0.04972832649946213
257,0.05460692569613457
258,0.05849769338965416
259,0.046838633716106415
260,0.04942699521780014
261,0.055332623422145844
262,0.05596710741519928
263,0.04989718645811081
264,0.05056770145893097
265,0.05215330794453621
266,0.05760401114821434
267,0.0584096685051918
268,0.06013805419206619
269,0.04975714907050133
270,0.05349006503820419
271,0.054941557347774506
272,0.05145055428147316
273,0.06449799984693527
274,0.05162665247917175
275,0.057104576379060745
276,0.05536571517586708
277,0.052362360060214996
278,0.05234133452177048
279,0.05352909117937088
280,0.05745197832584381
281,0.053572021424770355
282,0.060300152748823166
283,0.0561821274459362
284,0.06128682941198349
285,0.05403433367609978
286,0.054287757724523544
287,0.046592675149440765
288,0.05437009409070015
289,0.048502951860427856
290,0.05381762608885765
291,0.059845440089702606
292,0.048551443964242935
293,0.048903703689575195
294,0.0501520074903965
295,0.05764450132846832
296,0.051504768431186676
297,0.05388592556118965
298,0.051017727702856064
299,0.04824810102581978
300,0.059103790670633316
301,0.0523417666554451
302,0.055690839886665344
303,0.05056672543287277
304,0.05913270264863968
305,0.051832739263772964
306,0.05292662978172302
307,0.053005803376436234
308,0.057082757353782654
309,0.05542467534542084
310,0.05629545450210571
311,0.0584598034620285
312,0.05104346200823784
313,0.04405473172664642
314,0.05843859165906906
315,0.04873804375529289
316,0.048290904611349106
317,0.05504065006971359
318,0.05875231325626373
319,0.0564180463552475
320,0.05401953309774399
321,0.0524623766541481
322,0.05614878609776497
323,0.05119270086288452
324,0.05698734149336815
325,0.0554194338619709
326,0.05302569642663002
327,0.05648551508784294
328,0.06215715780854225
329,0.05096631869673729
330,0.051430828869342804
331,0.055028997361660004
332,0.05726020038127899
333,0.057237230241298676
334,0.0588870532810688
335,0.05224640667438507
336,0.045822031795978546
337,0.051256194710731506
338,0.06020219251513481
339,0.04899812489748001
340,0.05156797915697098
341,0.05108759179711342
342,0.060019489377737045
343,0.049492646008729935
344,0.05147697031497955
345,0.048840753734111786
346,0.05375969782471657
347,0.05369457229971886
348,0.05446691811084747
349,0.054964758455753326
350,0.05524138733744621
351,0.052476916462183
352,0.052411969751119614
353,0.05406905338168144
354,0.0555715449154377
355,0.05996396392583847
356,0.05700895935297012
357,0.05476752296090126
358,0.05516475811600685
359,0.05153878033161163
360,0.0530414804816246
361,0.04995986074209213
362,0.05135329067707062
363,0.05835171043872833
364,0.045369621366262436
365,0.058278489857912064
366,0.049049343913793564
367,0.04933905228972435
368,0.05165861174464226
369,0.057707928121089935
370,0.056168217211961746
371,0.047629255801439285
372,0.048042748123407364
373,0.053170789033174515
374,0.047692496329545975
375,0.061755333095788956
376,0.057715583592653275
377,0.05516337975859642
378,0.05527356639504433
379,0.056620512157678604
380,0.05520708113908768
381,0.051956743001937866
382,0.05613616853952408
383,0.05043342709541321
384,0.057560570538043976
385,0.05802377313375473
386,0.055459216237068176
387,0.04844338819384575
388,0.05715577304363251
389,0.057545606046915054
390,0.050092291086912155
391,0.05736074224114418
392,0.05412711203098297
393,0.051725536584854126
394,0.05058039352297783
395,0.06039990112185478
396,0.05229902267456055
397,0.05476526916027069
398,0.05256834253668785
399,0.05773606523871422
400,0.052435144782066345
401,0.05157465860247612
402,0.04922375828027725
403,0.05004200339317322
404,0.06289680302143097
405,0.047372352331876755
406,0.059033844619989395
407,0.059977564960718155
408,0.05425756797194481
409,0.05720607936382294
410,0.04929644614458084
411,0.0485917367041111
412,0.05036003887653351
413,0.05318107828497887
414,0.05371648445725441
415,0.05859041213989258
416,0.050911832600831985
417,0.05631134659051895
418,0.06146031990647316
419,0.04916037246584892
420,0.05586697533726692
421,0.054989445954561234
422,0.05583244189620018
423,0.05665864795446396
424,0.049875419586896896
425,0.06542643159627914
426,0.056946564465761185
427,0.06677736341953278
428,0.06071850657463074
429,0.05070554092526436
430,0.05577239394187927
431,0.046032898128032684
432,0.0599147230386734
433,0.05918708071112633
434,0.05287870019674301
435,0.04970709979534149
436,0.05466737225651741
437,0.05908772721886635
438,0.05087774246931076
439,0.06592045724391937
440,0.05817379057407379
441,0.05017370730638504
442,0.05141477659344673
443,0.05677065998315811
444,0.04686548188328743
445,0.057233307510614395
446,0.05110219866037369
447,0.053348787128925323
448,0.0435669980943203
449,0.049882374703884125
450,0.05471304804086685
451,0.0511956550180912
452,0.05424778535962105
453,0.047272466123104095
454,0.05446206033229828
455,0.044436827301979065
456,0.04882872477173805
457,0.06084131449460983
458,0.05380138009786606
459,0.05272158980369568
460,0.06146099790930748
461,0.05209371820092201
462,0.058123115450143814
463,0.046271320432424545
464,0.05440625175833702
465,0.054621923714876175
466,0.053405482321977615
467,0.050401296466588974
468,0.055897533893585205
469,0.04799697548151016
470,0.052028704434633255
471,0.05055936798453331
472,0.04880528897047043
473,0.051193587481975555
474,0.04654718190431595
475,0.04479331523180008
476,0.05823254957795143
477,0.0620739683508873
478,0.060223210602998734
479,0.058835260570049286
480,0.0510469451546669
481,0.058360155671834946
482,0.056869957596063614
483,0.055861566215753555
484,0.059732574969530106
485,0.05443592369556427
486,0.05245766043663025
487,0.05841108411550522
488,0.05322224646806717
489,0.053148578852415085
490,0.052533525973558426
491,0.05297514796257019
492,0.061471667140722275
493,0.053644806146621704
494,0.0564667284488678
495,0.05973603576421738
496,0.06386611610651016
497,0.05566408112645149
498,0.055991291999816895
499,0.05387597531080246
500,0.06226577237248421
501,0.05636122450232506
502,0.061090368777513504
503,0.05528024211525917
504,0.05960021913051605
505,0.053347326815128326
506,0.05091417580842972
507,0.057994432747364044
508,0.05905359610915184
509,0.05551948770880699
510,0.054438672959804535
511,0.05812691152095795
512,0.054893262684345245
513,0.052791621536016464
514,0.062036920338869095
515,0.05901883542537689
516,0.05019176006317139
517,0.05307957902550697
518,0.04932010918855667
519,0.04395759105682373
520,0.05901411920785904
521,0.05316583812236786
522,0.0514603927731514
523,0.04703117534518242
524,0.05156173184514046
525,0.053661201149225235
526,0.06314358860254288
527,0.05508715659379959
528,0.04555491730570793
529,0.0548732727766037
530,0.05013735219836235
531,0.0473405197262764
532,0.04753192514181137
533,0.05760585144162178
534,0.06189515441656113
535,0.056102119386196136
536,0.062461309134960175
537,0.06066320836544037
538,0.0574052594602108
539,0.04909811168909073
540,0.06109665706753731
541,0.06157897785305977
542,0.04377010092139244
543,0.043523866683244705
544,0.04774937406182289
545,0.05454648286104202
546,0.051165394484996796
547,0.05357011780142784
548,0.05874525010585785
549,0.05853896960616112
550,0.054210491478443146
551,0.047854453325271606
552,0.05291738733649254
553,0.058125413954257965
554,0.05396363511681557
555,0.054333705455064774
556,0.04930026829242706
557,0.051901258528232574
558,0.056543756276369095
559,0.05261190980672836
560,0.05983664467930794
561,0.05420701950788498
562,0.05776380002498627
563,0.049048859626054764
564,0.0657433494925499
565,0.04869099706411362
566,0.05517119914293289
567,0.05740302801132202
568,0.05261407420039177
569,0.05263997241854668
570,0.05584389716386795
571,0.05466974526643753
572,0.0520404614508152
573,0.060974132269620895
574,0.04810354858636856
575,0.058660246431827545
576,0.04952790588140488
577,0.05493282899260521
578,0.057569701224565506
579,0.05535050481557846
580,0.056780681014060974
581,0.0493168868124485
582,0.05240284278988838
583,0.058520495891571045
584,0.05289756506681442
585,0.05956647917628288
586,0.046810418367385864
587,0.05080355331301689
588,0.050901319831609726
589,0.05279293283820152
590,0.05257485806941986
591,0.04979409649968147
592,0.05925106629729271
593,0.05425265058875084
594,0.05149558559060097
595,0.05798443779349327
596,0.0559258796274662
597,0.0562564991414547
598,0.058904942125082016
599,0.04708486795425415
600,0.050028733909130096
601,0.049413006752729416
602,0.05467836186289787
603,0.04949707165360451
604,0.05373983830213547
605,0.06285887211561203
606,0.05878853052854538
607,0.05617281049489975
608,0.0509834885597229
609,0.05534432828426361
610,0.054960254579782486
611,0.05753065645694733
612,0.053636737167835236
613,0.05128435790538788
614,0.039608195424079895
615,0.05584180727601051
616,0.061386588960886
617,0.05411945655941963
618,0.048843562602996826
619,0.0573689267039299
620,0.052320607006549835
621,0.05005718395113945
622,0.06017458066344261
623,0.0450650192797184
624,0.05201711878180504
625,0.05666930601000786
626,0.06836975365877151
627,0.051034167408943176
628,0.046901579946279526
629,0.04906276986002922
630,0.058811333030462265
631,0.05340556055307388
632,0.06037481129169464
633,0.05491050332784653
634,0.059278734028339386
635,0.060975633561611176
636,0.052178606390953064
637,0.04938531666994095
638,0.052083246409893036
639,0.05329525098204613
640,0.06527088582515717
641,0.05807958543300629
642,0.05030772089958191
643,0.05186326801776886
644,0.057538118213415146
645,0.056555431336164474
646,0.05313815921545029
647,0.058415647596120834
648,0.05384412780404091
649,0.058706969022750854
650,0.0567685104906559
651,0.05056770145893097
652,0.04474009573459625
653,0.04962533712387085
654,0.05502418801188469
655,0.05152241885662079
656,0.05267839878797531
657,0.05062032490968704
658,0.05219140648841858
659,0.0527779720723629
660,0.05323204770684242
661,0.05513984337449074
662,0.053564801812171936
663,0.05271945893764496
664,0.06416602432727814
665,0.050249937921762466
666,0.058084845542907715
667,0.056134339421987534
668,0.04935251176357269
669,0.05708806589245796
670,0.053544990718364716
671,0.06783343851566315
672,0.0585499033331871
673,0.05564797297120094
674,0.05628393590450287
675,0.05205536633729935
676,0.05996065214276314
677,0.06564442813396454
678,0.05400683730840683
679,0.05227110534906387
680,0.05510055646300316
681,0.05125811696052551
682,0.04938560724258423
683,0.05112164467573166
684,0.05541624128818512
685,0.05873112753033638
686,0.045356687158346176
687,0.05435750633478165
688,0.052552320063114166
689,0.05191921442747116
690,0.05480922758579254
691,0.050585243850946426
692,0.05036880820989609
693,0.050450775772333145
694,0.051788780838251114
695,0.04840051755309105
696,0.05878140777349472
697,0.046491850167512894
698,0.05780373513698578
699,0.0483243465423584
700,0.05705094709992409
701,0.05227641016244888
702,0.054388415068387985
703,0.05313587188720703
704,0.050316035747528076
705,0.05585489422082901
706,0.06272221356630325
707,0.049342863261699677
708,0.052611395716667175
709,0.04812268167734146
710,0.04397930949926376
711,0.052136339247226715
712,0.05844467133283615
713,0.05957780033349991
714,0.05824154615402222
715,0.05520397797226906
716,0.05288903787732124
717,0.06349001824855804
718,0.050718534737825394
719,0.04800624027848244
720,0.046873271465301514
721,0.06043118238449097
722,0.05154752358794212
723,0.0518258772790432
724,0.05044102296233177
725,0.052894383668899536
726,0.05474310740828514
727,0.051767487078905106
728,0.045974574983119965
729,0.059073369950056076
730,0.06275855004787445
731,0.051050812005996704
732,0.049868736416101456
733,0.05034903436899185
734,0.05786874517798424
735,0.061043739318847656
736,0.05512072145938873
737,0.05760793387889862
738,0.058577343821525574
739,0.050213780254125595
740,0.05484740436077118
741,0.052849072962999344
742,0.05332300439476967
743,0.053022924810647964
744,0.057737451046705246
745,0.04988354817032814
746,0.058283671736717224
747,0.059005461633205414
748,0.05586062744259834
749,0.05786783620715141
750,0.0546317920088768
751,0.051905784755945206
752,0.0590895339846611
753,0.05936070531606674
754,0.055574823170900345
755,0.048543691635131836
756,0.062335576862096786
757,0.051811981946229935
758,0.05223536863923073
759,0.05070989206433296
760,0.05772857740521431
761,0.06045205518603325
762,0.048438794910907745
763,0.04575958102941513
764,0.06693296134471893
765,0.055295661091804504
766,0.04724528640508652
767,0.05482730269432068
768,0.053314171731472015
769,0.05399707704782486
770,0.048243939876556396
771,0.05900873988866806
772,0.05395520105957985
773,0.058835048228502274
774,0.052504125982522964
775,0.056516133248806
776,0.05755329132080078
777,0.05720648914575577
778,0.05251995101571083
779,0.050867483019828796
780,0.0535852424800396
781,0.04316330701112747
782,0.05144974961876869
783,0.05579359084367752
784,0.050055477768182755
785,0.055991675704717636
786,0.06528399884700775
787,0.05262753739953041
788,0.061555955559015274
789,0.0559522844851017
790,0.05533516779541969
791,0.04728022217750549
792,0.052788008004426956
793,0.045837465673685074
794,0.04994232580065727
795,0.05067785829305649
796,0.05435043200850487
797,0.05819356068968773
798,0.05308933183550835
799,0.05826442316174507
800,0.05604633688926697
801,0.05148531496524811
802,0.048040639609098434
803,0.05576623976230621
804,0.05069318413734436
805,0.05204537510871887
806,0.05944462865591049
807,0.05342959612607956
808,0.052790842950344086
809,0.056558381766080856
810,0.05490013584494591
811,0.053978972136974335
812,0.05160252004861832
813,0.05210964381694794
814,0.04919576272368431
815,0.05798887833952904
816,0.04827304556965828
817,0.053137242794036865
818,0.056698884814977646
819,0.05615266039967537
820,0.05437450110912323
821,0.05153602734208107
822,0.06085179001092911
823,0.05679735168814659
824,0.04878755658864975
825,0.05795448645949364
826,0.06292576342821121
827,0.05245337635278702
828,0.05798618122935295
829,0.04914327338337898
830,0.05326489359140396
831,0.049371279776096344
832,0.052023809403181076
833,0.05554832145571709
834,0.055848173797130585
835,0.04796017333865166
836,0.05253056809306145
837,0.05279581993818283
838,0.06394629180431366
839,0.05167577415704727
840,0.05031035467982292
841,0.051029499620199203
842,0.04725176468491554
843,0.058796562254428864
844,0.057519201189279556
845,0.061478033661842346
846,0.06424310803413391
847,0.05628272891044617
848,0.058017242699861526
849,0.05938340350985527
850,0.05879048630595207
851,0.05056268349289894
852,0.0555947870016098
853,0.05163279548287392
854,0.05302844196557999
855,0.05110419914126396
856,0.05857984721660614
857,0.04737456515431404
858,0.05701645463705063
859,0.05762096121907234
860,0.05027569830417633
861,0.043067462742328644
862,0.05434904247522354
863,0.05641825497150421
864,0.05699610710144043
865,0.04973055422306061
866,0.06382700800895691
867,0.05616672337055206
868,0.052680958062410355
869,0.05939744785428047
870,0.05009700730443001
871,0.06101617589592934
872,0.0555383563041687
873,0.053606871515512466
874,0.05623539909720421
875,0.05168210342526436
876,0.05418535694479942
877,0.0579620786011219
878,0.05403686687350273
879,0.05892219766974449
880,0.05882357805967331
881,0.06035913527011871
882,0.058521855622529984
883,0.045693814754486084
884,0.0572517029941082
885,0.05087560787796974
886,0.05304799973964691
887,0.0478312112390995
888,0.04998808354139328
889,0.052449531853199005
890,0.050781216472387314
891,0.0625002533197403
892,0.05200594663619995
893,0.06152334436774254
894,0.0508418045938015
895,0.05869242548942566
896,0.05108829215168953
897,0.04770645499229431
898,0.05538970232009888
899,0.05767924338579178
900,0.059022899717092514
901,0.050953060388565063
902,0.0579427070915699
903,0.054556023329496384
904,0.05953311175107956
905,0.058983489871025085
906,0.05543993040919304
907,0.05512621998786926
908,0.046340398490428925
909,0.046873029321432114
910,0.055600062012672424
911,0.060873083770275116
912,0.051194287836551666
913,0.04997000843286514
914,0.05446723476052284
915,0.05096890404820442
916,0.053502704948186874
917,0.04994673281908035
918,0.054254863411188126
919,0.0517219603061676
920,0.05243464931845665
921,0.053428199142217636
922,0.05092773586511612
923,0.04860176146030426
924,0.05766267701983452
925,0.051867567002773285
926,0.0514124259352684
927,0.06319878995418549
928,0.06054789945483208
929,0.05744458734989166
930,0.04681400582194328
931,0.05498054623603821
932,0.05330101400613785
933,0.05570412427186966
934,0.05843517556786537
935,0.05582064390182495
936,0.0534866563975811
937,0.05155805125832558
938,0.048623811453580856
939,0.0565304197371006
940,0.056665919721126556
941,0.06424462050199509
942,0.04952589422464371
943,0.054393138736486435
944,0.05585474893450737
945,0.057458214461803436
946,0.058312054723501205
947,0.06099580600857735
948,0.05891537293791771
949,0.05694187805056572
950,0.04522775858640671
951,0.05243521183729172
952,0.053281016647815704
953,0.05454237759113312
954,0.052348554134368896
955,0.05183500424027443
956,0.05121387913823128
957,0.046728238463401794
958,0.059262726455926895
959,0.057735588401556015
960,0.06336284428834915
961,0.05390460789203644
962,0.05191909894347191
963,0.05769072845578194
964,0.0551053024828434
965,0.05753255635499954
966,0.06023964285850525
967,0.0622570738196373
968,0.06042632460594177
969,0.049720749258995056
970,0.057950977236032486
971,0.04798842594027519
972,0.059442296624183655
973,0.05382009968161583
974,0.05688571184873581
975,0.05792441591620445
976,0.049072034657001495
977,0.04888499528169632
978,0.05495063588023186
979,0.05710099637508392
980,0.06087504327297211
981,0.059461090713739395
982,0.060143981128931046
983,0.05593632906675339
984,0.058861445635557175
985,0.05848926305770874
986,0.05443264916539192
987,0.05197682976722717
988,0.059294793754816055
989,0.05179606378078461
990,0.05072721466422081
991,0.06103528290987015
992,0.05806540697813034
993,0.05577155202627182
994,0.05118615925312042
995,0.05011339858174324
996,0.05666704848408699
997,0.05670106038451195
998,0.06251637637615204
999,0.04921618476510048
1000,0.05930015444755554
1001,0.051614534109830856
1002,0.05371212586760521
1003,0.04914744570851326
1004,0.050003357231616974
1005,0.0564754456281662
1006,0.052294451743364334
1007,0.055589709430933
1008,0.05359502509236336
1009,0.039919257164001465
1010,0.05233632028102875
1011,0.04799102619290352
1012,0.0642661601305008
1013,0.05445515736937523
1014,0.04880671203136444
1015,0.052657872438430786
1016,0.05141555145382881
1017,0.05530485883355141
1018,0.05142020806670189
1019,0.05825357511639595
1020,0.05736643075942993
1021,0.05522306635975838
1022,0.040315400809049606
1023,0.042954329401254654
1024,0.05603437498211861
1025,0.04858072102069855
1026,0.04928262159228325
1027,0.053079236298799515
1028,0.050465844571590424
1029,0.055018018931150436
1030,0.050575513392686844
1031,0.06019354239106178
1032,0.06286665052175522
1033,0.0510479174554348
1034,0.047782011330127716
1035,0.06310489773750305
1036,0.05271555855870247
1037,0.05584624782204628
1038,0.057171717286109924
1039,0.06790445744991302
1040,0.05265532061457634
1041,0.05018211528658867
1042,0.05433220788836479
1043,0.05658011510968208
1044,0.05539671704173088
1045,0.045736946165561676
1046,0.05116118863224983
1047,0.0548974983394146
1048,0.04799417778849602
1049,0.05301301181316376
1050,0.054379481822252274
1051,0.05233365297317505
1052,0.05970008671283722
1053,0.055060259997844696
1054,0.04838306084275246
1055,0.05803440511226654
1056,0.05331806465983391
1057,0.056103575974702835
1058,0.061167217791080475
1059,0.059449534863233566
1060,0.0495697557926178
1061,0.04168019816279411
1062,0.0532473623752594
1063,0.05674323812127113
1064,0.050446297973394394
1065,0.051906339824199677
1066,0.05035528168082237
1067,0.05304715037345886
1068,0.06567960232496262
1069,0.05591385066509247
1070,0.056887347251176834
1071,0.05972620099782944
1072,0.04977339133620262
1073,0.05682578682899475
1074,0.04007531329989433
1075,0.05391431227326393
1076,0.050615567713975906
1077,0.053759489208459854
1078,0.04704076051712036
1079,0.055139459669589996
1080,0.04832559823989868
1081,0.055118683725595474
1082,0.052958641201257706
1083,0.051312725991010666
1084,0.05351325869560242
1085,0.053683679550886154
1086,0.051000602543354034
1087,0.048758938908576965
1088,0.05132890120148659
1089,0.054043397307395935
1090,0.0494624488055706
1091,0.05000191554427147
1092,0.050534337759017944
1093,0.050096284598112106
1094,0.05301191285252571
1095,0.062049586325883865
1096,0.05574427917599678
1097,0.04641001299023628
1098,0.05466609448194504
1099,0.05502082407474518
1100,0.0591888427734375
1101,0.06013258546590805
1102,0.05337823927402496
1103,0.06943034380674362
1104,0.05361414700746536
1105,0.05018781125545502
1106,0.05040620267391205
1107,0.05784716084599495
1108,0.05656169354915619
1109,0.054954156279563904
1110,0.06489517539739609
1111,0.05671476945281029
1112,0.05464016646146774
1113,0.05884904786944389
1114,0.054662592709064484
1115,0.06026913598179817
1116,0.051400694996118546
1117,0.05342600867152214
1118,0.05354435369372368
1119,0.05383916199207306
1120,0.05475057289004326
1121,0.06016524136066437
1122,0.055208563804626465
1123,0.05326305702328682
1124,0.061731964349746704
1125,0.055619385093450546
1126,0.049206629395484924
1127,0.056853920221328735
1128,0.05462801456451416
1129,0.05268729105591774
1130,0.05168799310922623
1131,0.059900376945734024
1132,0.054399438202381134
1133,0.05142595246434212
1134,0.052631676197052
1135,0.052203815430402756
1136,0.06011061370372772
1137,0.04754268005490303
1138,0.04674522578716278
1139,0.0538005493581295
1140,0.050981681793928146
1141,0.0598626509308815
1142,0.05112753063440323
1143,0.04967411234974861
1144,0.05283461883664131
1145,0.05487217381596565
1146,0.05562290549278259
1147,0.057343803346157074
1148,0.04611871764063835
1149,0.05534517765045166
1150,0.06086092069745064
1151,0.05136445164680481
1152,0.057142846286296844
1153,0.05952618271112442
1154,0.06416947394609451
1155,0.054353266954422
1156,0.05649389699101448
1157,0.05922924727201462
1158,0.05641491711139679
1159,0.05514968931674957
1160,0.05995310842990875
1161,0.05240573734045029
1162,0.05279799923300743
1163,0.05621066316962242
1164,0.04931672662496567
1165,0.053446412086486816
1166,0.050980497151613235
1167,0.0556805357336998
1168,0.06336215138435364
1169,0.06085795909166336
1170,0.053691789507865906
1171,0.05210250988602638
1172,0.05329437926411629
1173,0.052420325577259064
1174,0.054282233119010925
1175,0.05468697473406792
1176,0.062147874385118484
1177,0.06615554541349411
1178,0.0622471421957016
1179,0.05478152632713318
1180,0.05507638677954674
1181,0.05481168255209923
1182,0.05219488963484764
1183,0.05455300956964493
1184,0.0598936453461647
1185,0.05278797075152397
1186,0.047698188573122025
1187,0.05258025974035263
1188,0.063838891685009
1189,0.05553815886378288
1190,0.050761736929416656
1191,0.05409565940499306
1192,0.05475487560033798
1193,0.05165325850248337
1194,0.04869581386446953
1195,0.056864552199840546
1196,0.0495336577296257
1197,0.05533691495656967
1198,0.05443119630217552
1199,0.05326128378510475
1200,0.05066627636551857
1201,0.05033628270030022
1202,0.047687236219644547
1203,0.05051969736814499
1204,0.04860770329833031
1205,0.04674838110804558
1206,0.057271745055913925
1207,0.057008758187294006
1208,0.04679788276553154
1209,0.0532180592417717
1210,0.05859755724668503
1211,0.05681798607110977
1212,0.061999086290597916
1213,0.05540797859430313
1214,0.06001276150345802
1215,0.05013391003012657
1216,0.056793536990880966
1217,0.04666309058666229
1218,0.05405615270137787
1219,0.05669660493731499
1220,0.057730354368686676
1221,0.05054422467947006
1222,0.06004229560494423
1223,0.06282906234264374
1224,0.044093068689107895
1225,0.0495254285633564
1226,0.04943131282925606
1227,0.05665551871061325
1228,0.05334237590432167
1229,0.054473504424095154
1230,0.05298925191164017
1231,0.054128892719745636
1232,0.05404601991176605
1233,0.05003758519887924
1234,0.05417671427130699
1235,0.059567369520664215
1236,0.05420089140534401
1237,0.0578928180038929
1238,0.05615607276558876
1239,0.05024329572916031
1240,0.05894157290458679
1241,0.05378546938300133
1242,0.055440813302993774
1243,0.057884156703948975
1244,0.0464559867978096
1245,0.06549050658941269
1246,0.05671386048197746
1247,0.0541791133582592
1248,0.05460091680288315
1249,0.05724035203456879
1250,0.054350346326828
1251,0.05075867474079132
1252,0.05889549106359482
1253,0.054669179022312164
1254,0.05576333776116371
1255,0.054499220103025436
1256,0.05522015318274498
1257,0.06454741209745407
1258,0.05439378693699837
1259,0.05894559249281883
1260,0.0633535087108612
1261,0.059103742241859436
1262,0.05363049358129501
1263,0.049778275191783905
1264,0.06005355715751648
1265,0.058912865817546844
1266,0.05374129116535187
1267,0.05081213638186455
1268,0.05102681368589401
1269,0.0565967820584774
1270,0.04412419721484184
1271,0.06166262924671173
1272,0.05411935970187187
1273,0.052063245326280594
1274,0.0574541874229908
1275,0.05896126106381416
1276,0.05661483108997345
1277,0.053184766322374344
1278,0.05996495485305786
1279,0.04617222771048546
1280,0.0489649698138237
1281,0.05718950182199478
1282,0.06490117311477661
1283,0.06477133184671402
1284,0.05097610503435135
1285,0.0550801157951355
1286,0.05594860762357712
1287,0.04588921740651131
1288,0.055539391934871674
1289,0.05170807987451553
1290,0.05365492403507233
1291,0.056866150349378586
1292,0.05073688179254532
1293,0.049803756177425385
1294,0.05451420322060585
1295,0.05173754319548607
1296,0.05207955837249756
1297,0.05009658634662628
1298,0.055047668516635895
1299,0.05702432990074158
1300,0.0475609116256237
1301,0.05262214317917824
1302,0.05300502851605415
1303,0.06345338374376297
1304,0.05358199030160904
1305,0.054037339985370636
1306,0.054817091673612595
1307,0.05492260679602623
1308,0.054177820682525635
1309,0.05896630883216858
1310,0.05877728760242462
1311,0.058494433760643005
1312,0.052581287920475006
1313,0.04505249485373497
1314,0.053947724401950836
1315,0.05697014927864075
1316,0.05694188177585602
1317,0.06251648813486099
1318,0.05269992724061012
1319,0.05561116337776184
1320,0.049759697169065475
1321,0.056643616408109665
1322,0.05010319501161575
1323,0.055797021836042404
1324,0.04589040204882622
1325,0.05322001501917839
1326,0.051138151437044144
1327,0.055414289236068726
1328,0.04988356679677963
1329,0.04947777837514877
1330,0.059465233236551285
1331,0.0589551143348217
1332,0.05632036179304123
1333,0.05335037410259247
1334,0.04798754304647446
1335,0.058852460235357285
1336,0.05492526292800903
1337,0.05176716297864914
1338,0.044640976935625076
1339,0.04902971163392067
1340,0.051597703248262405
1341,0.04694248363375664
1342,0.05674177408218384
1343,0.06104683130979538
1344,0.06225840002298355
1345,0.05258261039853096
1346,0.057267069816589355
1347,0.05062267556786537
1348,0.04974197968840599
1349,0.059953730553388596
1350,0.047566007822752
1351,0.05832016468048096
1352,0.05264124646782875
1353,0.05380626767873764
1354,0.04414355382323265
1355,0.0517645999789238
1356,0.05073752626776695
1357,0.05979422479867935
1358,0.05837281048297882
1359,0.05589238181710243
1360,0.06304284185171127
1361,0.05255823954939842
1362,0.061283692717552185
1363,0.05012189969420433
1364,0.051136892288923264
1365,0.05397341400384903
1366,0.054099731147289276
1367,0.05453521013259888
1368,0.06119101122021675
1369,0.05891602858901024
1370,0.05622174218297005
1371,0.05001705512404442
1372,0.05904243886470795
1373,0.055142682045698166
1374,0.046113401651382446
1375,0.05457788705825806
1376,0.05016425624489784
1377,0.06255263090133667
1378,0.058476343750953674
1379,0.05547989532351494
1380,0.0492301806807518
1381,0.05382376164197922
1382,0.05590343475341797
1383,0.05364319309592247
1384,0.04565201327204704
1385,0.05946759507060051
1386,0.056737806648015976
1387,0.05677122250199318
1388,0.05544724687933922
1389,0.05658275634050369
1390,0.05737990140914917
1391,0.060140833258628845
1392,0.04669534042477608
1393,0.058847784996032715
1394,0.0556817427277565
1395,0.05286408215761185
1396,0.0520661324262619
1397,0.05094301700592041
1398,0.05170193314552307
1399,0.058960918337106705
1400,0.05750550702214241
1401,0.05510621890425682
1402,0.050379473716020584
1403,0.04648587107658386
1404,0.050795551389455795
1405,0.06034538149833679
1406,0.054819975048303604
1407,0.05297524854540825
1408,0.047334324568510056
1409,0.05070739611983299
1410,0.04686104133725166
1411,0.05262671411037445
1412,0.048295848071575165
1413,0.049779169261455536
1414,0.06144944578409195
1415,0.049959879368543625
1416,0.04976780712604523
1417,0.05192039906978607
1418,0.0541243702173233
1419,0.05144975706934929
1420,0.052660852670669556
1421,0.04449475184082985
1422,0.05894692242145538
1423,0.05527259409427643
1424,0.05112722888588905
1425,0.054053667932748795
1426,0.0621596984565258
1427,0.05233651027083397
1428,0.049313902854919434
1429,0.05950145795941353
1430,0.052734337747097015
1431,0.05884065479040146
1432,0.04990600422024727
1433,0.05113165080547333
1434,0.056619152426719666
1435,0.06197009235620499
1436,0.05335703119635582
1437,0.0505363792181015
1438,0.05172473192214966
1439,0.05544493347406387
1440,0.05420122668147087
1441,0.060939837247133255
1442,0.05366506800055504
1443,0.05645577237010002
1444,0.059740398079156876
1445,0.05341527611017227
1446,0.05327886343002319
1447,0.06100109964609146
1448,0.05611489713191986
1449,0.05923452228307724
1450,0.05894700437784195
1451,0.06513037532567978
1452,0.04836650565266609
1453,0.051305852830410004
1454,0.05473664030432701
1455,0.04924570396542549
1456,0.05434892699122429
1457,0.06321382522583008
1458,0.06109849736094475
1459,0.04278776794672012
1460,0.04172128811478615
1461,0.053187791258096695
1462,0.0491337850689888
1463,0.0576215460896492
1464,0.04919442534446716
1465,0.051755424588918686
1466,0.05772385746240616
1467,0.06272473186254501
1468,0.05768781900405884
1469,0.05777241662144661
1470,0.0610099621117115
1471,0.047374024987220764
1472,0.0622846856713295
1473,0.05212731286883354
1474,0.05920274555683136
1475,0.04645970091223717
1476,0.05527346208691597
1477,0.06518208980560303
1478,0.06157092750072479
1479,0.05479119345545769
1480,0.04692070186138153
1481,0.04667426273226738
1482,0.04771478474140167
1483,0.05070429667830467
1484,0.05550437048077583
1485,0.05028681457042694
1486,0.05173802003264427
1487,0.05236176773905754
1488,0.04686196148395538
1489,0.06438250839710236
1490,0.060766734182834625
1491,0.05676685646176338
1492,0.05338132753968239
1493,0.04824931547045708
1494,0.04995361715555191
1495,0.059491418302059174
1496,0.05842961370944977
1497,0.056062500923871994
1498,0.06173776090145111
1499,0.06071380525827408
1500,0.06691527366638184
1501,0.05799899250268936
1502,0.05167671665549278
1503,0.055180683732032776
1504,0.049814723432064056
1505,0.055617645382881165
1506,0.05043545365333557
1507,0.04760880395770073
1508,0.05381166562438011
1509,0.0553731732070446
1510,0.05228705331683159
1511,0.057295721024274826
1512,0.050141409039497375
1513,0.0496872179210186
1514,0.056144703179597855
1515,0.05560511350631714
1516,0.058264411985874176
1517,0.054721131920814514
1518,0.06071103364229202
1519,0.04765387624502182
1520,0.05304819345474243
1521,0.05722624063491821
1522,0.063937246799469
1523,0.05950715392827988
1524,0.051251087337732315
1525,0.057490210980176926
1526,0.055291205644607544
1527,0.05735788121819496
1528,0.059628698974847794
1529,0.0564313642680645
1530,0.052313122898340225
1531,0.06014753505587578
1532,0.05914749577641487
1533,0.05534708872437477
1534,0.054773394018411636
1535,0.05307775363326073
1536,0.055663883686065674
1537,0.04731258004903793
1538,0.05877234414219856
1539,0.05653178691864014
1540,0.05474237725138664
1541,0.04975130781531334
1542,0.05265399068593979
1543,0.0559927374124527
1544,0.060262877494096756
1545,0.0560266375541687
1546,0.0627959817647934
1547,0.06026623398065567
1548,0.05798611417412758
1549,0.04367927089333534
1550,0.05086732655763626
1551,0.05112079158425331
1552,0.04544562101364136
1553,0.050296008586883545
1554,0.06303361058235168
1555,0.04861822351813316
1556,0.05838097631931305
1557,0.05334971472620964
1558,0.058613575994968414
1559,0.05911735072731972
1560,0.04506414383649826
1561,0.05033161863684654
1562,0.05505118891596794
1563,0.05215924605727196
1564,0.062365125864744186
1565,0.05128953233361244
1566,0.0586380809545517
1567,0.050660163164138794
1568,0.051757652312517166
1569,0.06196829676628113
1570,0.05911784619092941
1571,0.05386892706155777
1572,0.05924645811319351
1573,0.05100737512111664
1574,0.06113779917359352
1575,0.04879290983080864
1576,0.05610558018088341
1577,0.04544271156191826
1578,0.056672822684049606
1579,0.05159778520464897
1580,0.054301463067531586
1581,0.057094041258096695
1582,0.06638143956661224
1583,0.05511128529906273
1584,0.05717833340167999
1585,0.060248564928770065
1586,0.05214522033929825
1587,0.050493620336055756
1588,0.05755018815398216
1589,0.0570932999253273
1590,0.052595172077417374
1591,0.04756328836083412
1592,0.06002186983823776
1593,0.051784101873636246
1594,0.06541019678115845
1595,0.05592406168580055
1596,0.06094091758131981
1597,0.057872459292411804
1598,0.06611354649066925
1599,0.05759374424815178
1600,0.057883329689502716
1601,0.056529588997364044
1602,0.044942256063222885
1603,0.05882621556520462
1604,0.052776969969272614
1605,0.05733424797654152
1606,0.06517362594604492
1607,0.05069708451628685
1608,0.04738903045654297
1609,0.05529323220252991
1610,0.0567932203412056
1611,0.05687699094414711
1612,0.06026199832558632
1613,0.05949259176850319
1614,0.0486939437687397
1615,0.04931798577308655
1616,0.06137947365641594
1617,0.059000562876462936
1618,0.04598638042807579
1619,0.05132808908820152
1620,0.051309216767549515
1621,0.05560067668557167
1622,0.06285244226455688
1623,0.05150757357478142
1624,0.04879951477050781
1625,0.054037488996982574
1626,0.05510152503848076
1627,0.05319187045097351
1628,0.04930272698402405
1629,0.057765424251556396
1630,0.05692359805107117
1631,0.057103294879198074
1632,0.0565081425011158
1633,0.051766932010650635
1634,0.056508619338274
1635,0.05231810733675957
1636,0.05821589380502701
1637,0.05505131930112839
1638,0.04712356626987457
1639,0.05279828980565071
1640,0.052475493401288986
1641,0.058447740972042084
1642,0.05563768371939659
1643,0.049079060554504395
1644,0.048497334122657776
1645,0.05609910190105438
1646,0.055616069585084915
1647,0.055542659014463425
1648,0.05063662305474281
1649,0.0478738471865654
1650,0.05272091180086136
1651,0.05826462432742119
1652,0.0535460039973259
1653,0.05538511276245117
1654,0.05750195309519768
1655,0.05074913799762726
1656,0.06126934289932251
1657,0.0630374476313591
1658,0.055723823606967926
1659,0.054896000772714615
1660,0.057518523186445236
1661,0.05534343793988228
1662,0.04711100459098816
1663,0.05120392516255379
1664,0.050842609256505966
1665,0.05258521810173988
1666,0.059672534465789795
1667,0.05631856247782707
1668,0.06366035342216492
1669,0.057102616876363754
1670,0.05829553306102753
1671,0.05369719862937927
1672,0.05108749866485596
1673,0.05461608245968819
1674,0.0482710525393486
1675,0.05150820314884186
1676,0.0479353666305542
1677,0.055269014090299606
1678,0.0558321475982666
1679,0.053272563964128494
1680,0.05557076260447502
1681,0.05334750935435295
1682,0.05720355734229088
1683,0.05008373409509659
1684,0.05113697797060013
1685,0.05344383418560028
1686,0.0506429597735405
1687,0.05813419073820114
1688,0.05444985255599022
1689,0.055931977927684784
1690,0.05132259055972099
1691,0.05412088707089424
1692,0.05199689418077469
1693,0.04428143799304962
1694,0.054674647748470306
1695,0.05081196874380112
1696,0.0581037662923336
1697,0.05787342041730881
1698,0.05742105096578598
1699,0.059870343655347824
1700,0.05516355112195015
1701,0.05940293148159981
1702,0.04825570806860924
1703,0.05469642952084541
1704,0.053493913263082504
1705,0.04923846200108528
1706,0.04911729320883751
1707,0.06297428905963898
1708,0.06235643848776817
1709,0.05052177980542183
1710,0.05474133789539337
1711,0.0484650693833828
1712,0.05121002718806267
1713,0.05806656554341316
1714,0.0538143664598465
1715,0.05503467842936516
1716,0.04948802664875984
1717,0.047690499573946
1718,0.05790288746356964
1719,0.05409606918692589
1720,0.050596971064805984
1721,0.051015544682741165
1722,0.0555281788110733
1723,0.055761247873306274
1724,0.05446772277355194
1725,0.04903091490268707
1726,0.05099636688828468
1727,0.05412791669368744
1728,0.05737848952412605
1729,0.05779640004038811
1730,0.04628831148147583
1731,0.0603424571454525
1732,0.05365249142050743
1733,0.06772471964359283
1734,0.05465211346745491
1735,0.05659795552492142
1736,0.05765967443585396
1737,0.05106626823544502
1738,0.050392016768455505
1739,0.06238643079996109
1740,0.05219821631908417
1741,0.0434090830385685
1742,0.05831703543663025
1743,0.05283993482589722
1744,0.05078783258795738
1745,0.050348974764347076
1746,0.051224347203969955
1747,0.058003492653369904
1748,0.04750582575798035
1749,0.05460059270262718
1750,0.06478341668844223
1751,0.0618244931101799
1752,0.06244810298085213
1753,0.059238407760858536
1754,0.05843643099069595
1755,0.05964743718504906
1756,0.052543897181749344
1757,0.05237821117043495
1758,0.05865058675408363
1759,0.05825740844011307
1760,0.04960191249847412
1761,0.07012681663036346
1762,0.03998085483908653
1763,0.043263696134090424
1764,0.052158668637275696
1765,0.05978522449731827
1766,0.048914775252342224
1767,0.05341383069753647
1768,0.050096120685338974
1769,0.05264555662870407
1770,0.05309686437249184
1771,0.05468121916055679
1772,0.058184802532196045
1773,0.05801597237586975
1774,0.05021200701594353
1775,0.05409891903400421
1776,0.050534721463918686
1777,0.05947315692901611
1778,0.0520760677754879
1779,0.061132702976465225
1780,0.05834044888615608
1781,0.05834046006202698
1782,0.05421845614910126
1783,0.05785129964351654
1784,0.056891340762376785
1785,0.05618809908628464
1786,0.05653304606676102
1787,0.04804222285747528
1788,0.053774669766426086
1789,0.05111110582947731
1790,0.04740017279982567
1791,0.05603095144033432
1792,0.05849708989262581
1793,0.051545243710279465
1794,0.04567127674818039
1795,0.05430009588599205
1796,0.058817651122808456
1797,0.06055647134780884
1798,0.05064506083726883
1799,0.05814746022224426
1800,0.06136501580476761
1801,0.05529968813061714
1802,0.05942819267511368
1803,0.046296268701553345
1804,0.0466611385345459
1805,0.05342332273721695
1806,0.06051946431398392
1807,0.05837534740567207
1808,0.05468945950269699
1809,0.05190311372280121
1810,0.060530468821525574
1811,0.05881569907069206
1812,0.05841765180230141
1813,0.05619523301720619
1814,0.04640235751867294
1815,0.04683316498994827
1816,0.06539977341890335
1817,0.05389701575040817
1818,0.052556946873664856
1819,0.053025513887405396
1820,0.056379951536655426
1821,0.05644114315509796
1822,0.052837617695331573
1823,0.05766155570745468
1824,0.052400097250938416
1825,0.05067703500390053
1826,0.05054602399468422
1827,0.055948540568351746
1828,0.05871431902050972
1829,0.055303845554590225
1830,0.059509094804525375
1831,0.056611962616443634
1832,0.05967266112565994
1833,0.054322581738233566
1834,0.04955662414431572
1835,0.05144359916448593
1836,0.05484414100646973
1837,0.05516926199197769
1838,0.04998043179512024
1839,0.05584646016359329
1840,0.04654904082417488
1841,0.055359840393066406
1842,0.05055416375398636
1843,0.0541875958442688
1844,0.05125591903924942
1845,0.06002681702375412
1846,0.053573302924633026
1847,0.0566423274576664
1848,0.05809128284454346
1849,0.049716491252183914
1850,0.051487237215042114
1851,0.05408107861876488
1852,0.0543367862701416
1853,0.055897053331136703
1854,0.04994012415409088
1855,0.058364905416965485
1856,0.05525781214237213
1857,0.05351216346025467
1858,0.05659930408000946
1859,0.0538301095366478
1860,0.05056845024228096
1861,0.04292909801006317
1862,0.04328109696507454
1863,0.04743783175945282
1864,0.05453215911984444
1865,0.04962310940027237
1866,0.055884119123220444
1867,0.05907837674021721
1868,0.05455830693244934
1869,0.054417096078395844
1870,0.04588538035750389
1871,0.05005473271012306
1872,0.05379631370306015
1873,0.05743996053934097
1874,0.05375390499830246
1875,0.04865308478474617
1876,0.047657422721385956
1877,0.05207429826259613
1878,0.05567852035164833
1879,0.05205707252025604
1880,0.056194666773080826
1881,0.0625828355550766
1882,0.05815495178103447
1883,0.06329639256000519
1884,0.0546201728284359
1885,0.06366192549467087
1886,0.0488426610827446
1887,0.044134609401226044
1888,0.05088409036397934
1889,0.05092136934399605
1890,0.045413948595523834
1891,0.05500045791268349
1892,0.05326787009835243
1893,0.05289483070373535
1894,0.054955802857875824
1895,0.051263537257909775
1896,0.05429057031869888
1897,0.06258657574653625
1898,0.058345306664705276
1899,0.0640815794467926
1900,0.055328063666820526
1901,0.05427413433790207
1902,0.055722057819366455
1903,0.048403285443782806
1904,0.05384725332260132
1905,0.051746293902397156
1906,0.05170281231403351
1907,0.05442414432764053
1908,0.05057866871356964
1909,0.06178075447678566
1910,0.04703109711408615
1911,0.049585066735744476
1912,0.05623862147331238
1913,0.05194288492202759
1914,0.05244602635502815
1915,0.06046469137072563
1916,0.05823997035622597
1917,0.05107313022017479
1918,0.05506407469511032
1919,0.06235327199101448
1920,0.062413282692432404
1921,0.0521322526037693
1922,0.04990853741765022
1923,0.049080029129981995
1924,0.058320026844739914
1925,0.05704627186059952
1926,0.04953857883810997
1927,0.06097831577062607
1928,0.04863256216049194
1929,0.05333474278450012
1930,0.048433028161525726
1931,0.06113836541771889
1932,0.0597846545279026
1933,0.06039965897798538
1934,0.0640559047460556
1935,0.05027350038290024
1936,0.0539124496281147
1937,0.056006211787462234
1938,0.050893668085336685
1939,0.05202977731823921
1940,0.053404804319143295
1941,0.05071749910712242
1942,0.052151549607515335
1943,0.05433594435453415
1944,0.05171366408467293
1945,0.04899207502603531
1946,0.05448845773935318
1947,0.05597372353076935
1948,0.048089005053043365
1949,0.05912043899297714
1950,0.0528598316013813
1951,0.05787178874015808
1952,0.05806732922792435
1953,0.06045142188668251
1954,0.053827546536922455
1955,0.056507714092731476
1956,0.05221900716423988
1957,0.04947952181100845
1958,0.05388582870364189
1959,0.04439183697104454
1960,0.050559550523757935
1961,0.06095065176486969
1962,0.05918373912572861
1963,0.05286315828561783
1964,0.0610915906727314
1965,0.061590973287820816
1966,0.05291705206036568
1967,0.05156170204281807
1968,0.05842585489153862
1969,0.04917723685503006
1970,0.05096229910850525
1971,0.04954160749912262
1972,0.05643424019217491
1973,0.05261601507663727
1974,0.05443112179636955
1975,0.057868193835020065
1976,0.05500614643096924
1977,0.06516491621732712
1978,0.05897805094718933
1979,0.05123122036457062
1980,0.0622226744890213
1981,0.0553906075656414
1982,0.05498020723462105
1983,0.048573266714811325
1984,0.056069135665893555
1985,0.060418009757995605
1986,0.0541243776679039
1987,0.0632304772734642
1988,0.057391900569200516
1989,0.05382781848311424
1990,0.05339408665895462
1991,0.05285460874438286
1992,0.05161096900701523
1993,0.06663241237401962
1994,0.060950398445129395
1995,0.04807296767830849
1996,0.05162094160914421
1997,0.05248554050922394
1998,0.0512206070125103
1999,0.05825113505125046
2000,0.04715954139828682
2001,0.0533096119761467
2002,0.05742406100034714
2003,0.05670934543013573
2004,0.046569064259529114
2005,0.059950053691864014
2006,0.048209402710199356
2007,0.05324229225516319
2008,0.05542592704296112
2009,0.047605909407138824
2010,0.05078420415520668
2011,0.051965925842523575
2012,0.06487800925970078
2013,0.048224784433841705
2014,0.05055909976363182
2015,0.05127202719449997
2016,0.05402538552880287
2017,0.05480538308620453
2018,0.051165781915187836
2019,0.05437757074832916
2020,0.05027756467461586
2021,0.05694366618990898
2022,0.04855318367481232
2023,0.052106767892837524
2024,0.05715978890657425
2025,0.05522153154015541
2026,0.05320477858185768
2027,0.05826140567660332
2028,0.04992366209626198
2029,0.06014939025044441
2030,0.06588531285524368
2031,0.050208039581775665
2032,0.045275501906871796
2033,0.04913141950964928
2034,0.05508863553404808
2035,0.05674460530281067
2036,0.05254526808857918
2037,0.051253918558359146
2038,0.05334848165512085
2039,0.052547894418239594
2040,0.05545107275247574
2041,0.05779873579740524
2042,0.058629803359508514
2043,0.05435100570321083
2044,0.04834209755063057
2045,0.05364224314689636
2046,0.05979352444410324
2047,0.06307952851057053
2048,0.05764595791697502
2049,0.06291904300451279
2050,0.05257522687315941
2051,0.0492427721619606
2052,0.05922166258096695
2053,0.05154750868678093
2054,0.05566556379199028
2055,0.06007249280810356
2056,0.05662986636161804
2057,0.048050154000520706
2058,0.05140387639403343
2059,0.06075642630457878
2060,0.05669918656349182
2061,0.05417075380682945
2062,0.04643268883228302
2063,0.04754696041345596
2064,0.04760189354419708
2065,0.04659607261419296
2066,0.04822612181305885
2067,0.049057815223932266
2068,0.06120510771870613
2069,0.05405798181891441
2070,0.05077201873064041
2071,0.05849892646074295
2072,0.04500141367316246
2073,0.05870098993182182
2074,0.056975483894348145
2075,0.058834001421928406
2076,0.046471066772937775
2077,0.05449856445193291
2078,0.05213311314582825
2079,0.06124381721019745
2080,0.05564236268401146
2081,0.05015460029244423
2082,0.05702921748161316
2083,0.05913780629634857
2084,0.04974557086825371
2085,0.05866933614015579
2086,0.05211570858955383
2087,0.04971810430288315
2088,0.049382854253053665
2089,0.0600142627954483
2090,0.06365423649549484
2091,0.053675632923841476
2092,0.05551937222480774
2093,0.05876864120364189
2094,0.054538544267416
2095,0.05856765806674957
2096,0.056642815470695496
2097,0.05301174893975258
2098,0.04627081751823425
2099,0.052915673702955246
2100,0.056625232100486755
2101,0.052485693246126175
2102,0.05389104038476944
2103,0.0515889897942543
2104,0.054243285208940506
2105,0.05335574969649315
2106,0.04864969849586487
2107,0.054463282227516174
2108,0.0469156838953495
2109,0.0613696463406086
2110,0.051263630390167236
2111,0.05228313058614731
2112,0.05163080617785454
2113,0.05315900221467018
2114,0.05275297164916992
2115,0.05734296143054962
2116,0.056621190160512924
2117,0.046786900609731674
2118,0.05443015322089195
2119,0.05128050968050957
2120,0.0467459112405777
2121,0.05315425992012024
2122,0.055754803121089935
2123,0.055841393768787384
2124,0.06062382832169533
2125,0.05082976818084717
2126,0.0479450449347496
2127,0.057896193116903305
2128,0.06147313863039017
2129,0.05848633870482445
2130,0.05471458658576012
2131,0.05378660932183266
2132,0.043877165764570236
2133,0.056333277374506
2134,0.05807280167937279
2135,0.05748353898525238
2136,0.052157316356897354
2137,0.05768018215894699
2138,0.046099744737148285
2139,0.057043641805648804
2140,0.0592961423099041
2141,0.0553198903799057
2142,0.052866753190755844
2143,0.056684765964746475
2144,0.05339059978723526
2145,0.05671510100364685
2146,0.05893353372812271
2147,0.04563112556934357
2148,0.0545915849506855
2149,0.0599166639149189
2150,0.051500353962183
2151,0.06412261724472046
2152,0.04589257016777992
2153,0.05515472963452339
2154,0.05308420583605766
2155,0.06386790424585342
2156,0.0479787215590477
2157,0.05376514792442322
2158,0.05743246525526047
2159,0.052190374583005905
2160,0.059409357607364655
2161,0.04253425449132919
2162,0.056125085800886154
2163,0.05213566869497299
2164,0.05568424612283707
2165,0.05218398571014404
2166,0.058720238506793976
2167,0.05115274339914322
2168,0.057464372366666794
2169,0.052380628883838654
2170,0.04930835962295532
2171,0.05538392439484596
2172,0.056123048067092896
2173,0.05657290667295456
2174,0.051123566925525665
2175,0.0583677664399147
2176,0.05167769268155098
2177,0.04764736816287041
2178,0.05856725573539734
2179,0.044079288840293884
2180,0.0542968325316906
2181,0.057982224971055984
2182,0.04941773787140846
2183,0.043841201812028885
2184,0.055700525641441345
2185,0.051201194524765015
2186,0.05928334966301918
2187,0.0494067408144474
2188,0.05633986368775368
2189,0.04582228511571884
2190,0.058780115097761154
2191,0.05573951452970505
2192,0.06158650666475296
2193,0.05361324921250343
2194,0.05574370175600052
2195,0.051178641617298126
2196,0.047013942152261734
2197,0.05261123552918434
2198,0.05900868400931358
2199,0.056198786944150925
2200,0.06105358898639679
2201,0.05369286984205246
2202,0.053441889584064484
2203,0.05757534131407738
2204,0.052861347794532776
2205,0.05233726650476456
2206,0.05737480893731117
2207,0.05491076037287712
2208,0.051728568971157074
2209,0.052966248244047165
2210,0.05322885140776634
2211,0.04787563905119896
2212,0.057657390832901
2213,0.05319727212190628
2214,0.05248551815748215
2215,0.055343639105558395
2216,0.06614955514669418
2217,0.05307670310139656
2218,0.05603537708520889
2219,0.05615954473614693
2220,0.05594652146100998
2221,0.05571917071938515
2222,0.06250020861625671
2223,0.05752921849489212
2224,0.04880177974700928
2225,0.05417850241065025
2226,0.048459406942129135
2227,0.05376023054122925
2228,0.05727279186248779
2229,0.05745916813611984
2230,0.04979380965232849
2231,0.06403248012065887
2232,0.06017427518963814
2233,0.05673655867576599
2234,0.05324290320277214
2235,0.06273391842842102
2236,0.05220821499824524
2237,0.0625927671790123
2238,0.05529138818383217
2239,0.05316697433590889
2240,0.06281723827123642
2241,0.04252002388238907
2242,0.05877389386296272
2243,0.05315361171960831
2244,0.053647901862859726
2245,0.048936694860458374
2246,0.05342700332403183
2247,0.05574014410376549
2248,0.05554574728012085
2249,0.05077783018350601
2250,0.05134965106844902
2251,0.048182401806116104
2252,0.05615259334445
2253,0.06149386614561081
2254,0.05251782387495041
2255,0.058603424578905106
2256,0.05690673366189003
2257,0.05561111494898796
2258,0.05588744953274727
2259,0.044576246291399
2260,0.05269062519073486
2261,0.05615520104765892
2262,0.04875023663043976
2263,0.04667980968952179
2264,0.05625612661242485
2265,0.05694873631000519
2266,0.047429077327251434
2267,0.052296679466962814
2268,0.05966804176568985
2269,0.05790585279464722
2270,0.05035925656557083
2271,0.056373950093984604
2272,0.05428094044327736
2273,0.058828309178352356
2274,0.0574306882917881
2275,0.05758935585618019
2276,0.04984092712402344
2277,0.056556910276412964
2278,0.048971258103847504
2279,0.05527293682098389
2280,0.0469922237098217
2281,0.05035734921693802
2282,0.049872566014528275
2283,0.062269166111946106
2284,0.06834839284420013
2285,0.05092902109026909
2286,0.04597088322043419
2287,0.058730971068143845
2288,0.046381834894418716
2289,0.05455197021365166
2290,0.06591204553842545
2291,0.05518433824181557
2292,0.054303575307130814
2293,0.048263996839523315
2294,0.050057973712682724
2295,0.047310225665569305
2296,0.05768215283751488
2297,0.057121869176626205
2298,0.05750473588705063
2299,0.05474283918738365
2300,0.0503547377884388
2301,0.052164867520332336
2302,0.0541858933866024
2303,0.052414171397686005
2304,0.05269789323210716
2305,0.04781079292297363
2306,0.050973571836948395
2307,0.054328612983226776
2308,0.048032745718955994
2309,0.05772712454199791
2310,0.04553331807255745
2311,0.047854602336883545
2312,0.057649578899145126
2313,0.049376096576452255
2314,0.058485276997089386
2315,0.05209989473223686
2316,0.05442502349615097
2317,0.053650688380002975
2318,0.05745850130915642
2319,0.05568450316786766
2320,0.05463035777211189
2321,0.04598168656229973
2322,0.05600026249885559
2323,0.05509251728653908
2324,0.05136403068900108
2325,0.05243450403213501
2326,0.050282929092645645
2327,0.04204009845852852
2328,0.05805959925055504
2329,0.04863397777080536
2330,0.05014709010720253
2331,0.05728183686733246
2332,0.05398271977901459
2333,0.05541486665606499
2334,0.05556695535778999
2335,0.05670887604355812
2336,0.05323759838938713
2337,0.05448472127318382
2338,0.051461584866046906
2339,0.05973878875374794
2340,0.04928679019212723
2341,0.0484081469476223
2342,0.04975686967372894
2343,0.05004672706127167
2344,0.055557165294885635
2345,0.0511334203183651
2346,0.0512760691344738
2347,0.049792155623435974
2348,0.056937213987112045
2349,0.05310772731900215
2350,0.057978227734565735
2351,0.0567210391163826
2352,0.05083388090133667
2353,0.056328050792217255
2354,0.07127568125724792
2355,0.04725204408168793
2356,0.05743983015418053
2357,0.052224479615688324
2358,0.05610661581158638
2359,0.059893134981393814
2360,0.06004650145769119
2361,0.05668057128787041
2362,0.04419693350791931
2363,0.051337581127882004
2364,0.05437704548239708
2365,0.050049737095832825
2366,0.05624512955546379
2367,0.04873213171958923
2368,0.05169099196791649
2369,0.052244313061237335
2370,0.056944165378808975
2371,0.0505368635058403
2372,0.06180587038397789
2373,0.05012984573841095
2374,0.05048786476254463
2375,0.05454055964946747
2376,0.061005815863609314
2377,0.04653990641236305
2378,0.0571754164993763
2379,0.04789881408214569
2380,0.05555717274546623
2381,0.04984717816114426
2382,0.05954154580831528
2383,0.06021673604846001
2384,0.05275573581457138
2385,0.0579444095492363
2386,0.048668716102838516
2387,0.052678223699331284
2388,0.06241300702095032
2389,0.051591645926237106
2390,0.05100850388407707
2391,0.05938267335295677
2392,0.04978484287858009
2393,0.056035131216049194
2394,0.05293719470500946
2395,0.0530809685587883
2396,0.05338193476200104
2397,0.05378081649541855
2398,0.0483502633869648
2399,0.06150504946708679
2400,0.057709161192178726
2401,0.04992805793881416
2402,0.05115814507007599
2403,0.06400854140520096
2404,0.05009802430868149
2405,0.05141400918364525
2406,0.050784677267074585
2407,0.05766661837697029
2408,0.060808464884757996
2409,0.05229601263999939
2410,0.05224145948886871
2411,0.05118882283568382
2412,0.06098920851945877
2413,0.048708897083997726
2414,0.059774138033390045
2415,0.04814630001783371
2416,0.047182485461235046
2417,0.05890662223100662
2418,0.061896272003650665
2419,0.0532776303589344
2420,0.0599907822906971
2421,0.052074678242206573
2422,0.04969023913145065
2423,0.04724365100264549
2424,0.04874410480260849
2425,0.05635499209165573
2426,0.05659785866737366
2427,0.049943797290325165
2428,0.05622678995132446
2429,0.05440959334373474
2430,0.055789411067962646
2431,0.04653202369809151
2432,0.05856170132756233
2433,0.055793408304452896
2434,0.058926671743392944
2435,0.057033099234104156
2436,0.056326281279325485
2437,0.05229436606168747
2438,0.05253005400300026
2439,0.054824501276016235
2440,0.061290815472602844
2441,0.047255754470825195
2442,0.06076870113611221
2443,0.053939301520586014
2444,0.052949171513319016
2445,0.05097237229347229
2446,0.06075229495763779
2447,0.05338852480053902
2448,0.05854722112417221
2449,0.04438379034399986
2450,0.04830431938171387
2451,0.049463436007499695
2452,0.06175729259848595
2453,0.05901677906513214
2454,0.056159812957048416
2455,0.05154736340045929
2456,0.053985048085451126
2457,0.05447835847735405
2458,0.057277098298072815
2459,0.05594172328710556
2460,0.05684319883584976
2461,0.05963173136115074
2462,0.05147659778594971
2463,0.055796679109334946
2464,0.05489400774240494
2465,0.04551319405436516
2466,0.05307857692241669
2467,0.05204085633158684
2468,0.04814441502094269
2469,0.05248641222715378
2470,0.06153157353401184
2471,0.05814071744680405
2472,0.05875350162386894
2473,0.05303574725985527
2474,0.05860272794961929
2475,0.053630515933036804
2476,0.049595803022384644
2477,0.05130792409181595
2478,0.055670518428087234
2479,0.05155830830335617
2480,0.05234160274267197
2481,0.0592893548309803
2482,0.04687919467687607
2483,0.052851006388664246
2484,0.06104089319705963
2485,0.04781274124979973
2486,0.04884224012494087
2487,0.053090039640665054
2488,0.05349555239081383
2489,0.05566200613975525
2490,0.05223622918128967
2491,0.054241228848695755
2492,0.05465322732925415
2493,0.04785534739494324
2494,0.05053170397877693
2495,0.05274751037359238
2496,0.056158680468797684
2497,0.053932350128889084
2498,0.056941211223602295
2499,0.054448213428258896
2500,0.055914971977472305
2501,0.054756779223680496
2502,0.05118301510810852
2503,0.05668199434876442
2504,0.05345083773136139
2505,0.052869945764541626
2506,0.05966997146606445
2507,0.048919208347797394
2508,0.05057750642299652
2509,0.05686529725790024
2510,0.058006029576063156
2511,0.0538691021502018
2512,0.05329830199480057
2513,0.050560008734464645
2514,0.05121491104364395
2515,0.053381018340587616
2516,0.05774601921439171
2517,0.04797886312007904
2518,0.05309697240591049
2519,0.05458522215485573
2520,0.06101950630545616
2521,0.0627342090010643
2522,0.0485990047454834
2523,0.05223632976412773
2524,0.059088122099637985
2525,0.05479243025183678
2526,0.04809371009469032
2527,0.048268452286720276
2528,0.05900086089968681
2529,0.05517538636922836
2530,0.04534487426280975
2531,0.057882532477378845
2532,0.04901615530252457
2533,0.053119465708732605
2534,0.052690405398607254
2535,0.05456967279314995
2536,0.06344377994537354
2537,0.0640309751033783
2538,0.05380715802311897
2539,0.054350800812244415
2540,0.05240863189101219
2541,0.04583365470170975
2542,0.049163058400154114
2543,0.05582385137677193
2544,0.06079845130443573
2545,0.05222788825631142
2546,0.049770746380090714
2547,0.059462059289216995
2548,0.04940369725227356
2549,0.05481171980500221
2550,0.0484863817691803
2551,0.06181812286376953
2552,0.04578133672475815
2553,0.04879629984498024
2554,0.059272401034832
2555,0.04915573075413704
2556,0.05132726579904556
2557,0.058259516954422
2558,0.06206391006708145
2559,0.049362730234861374
2560,0.055279314517974854
2561,0.061862409114837646
2562,0.05167932063341141
2563,0.05892897769808769
2564,0.052553992718458176
2565,0.05165405198931694
2566,0.05311604589223862
2567,0.062038298696279526
2568,0.05925022065639496
2569,0.050639405846595764
2570,0.058592554181814194
2571,0.05714050307869911
2572,0.04975573346018791
2573,0.05714816227555275
2574,0.050994135439395905
2575,0.055128082633018494
2576,0.06484255194664001
2577,0.04977833852171898
2578,0.06078973412513733
2579,0.05761713907122612
2580,0.05751107633113861
2581,0.05807216838002205
2582,0.055751752108335495
2583,0.05214168131351471
2584,0.05002402886748314
2585,0.05996212735772133
2586,0.0529944933950901
2587,0.05163903906941414
2588,0.06482348591089249
2589,0.05822903290390968
2590,0.05909568443894386
2591,0.057719312608242035
2592,0.05891210213303566
2593,0.060992706567049026
2594,0.05767296627163887
2595,0.049247145652770996
2596,0.0616532526910305
2597,0.060235731303691864
2598,0.05530139058828354
2599,0.05520046874880791
2600,0.049507491290569305
2601,0.05280859395861626
2602,0.058049049228429794
2603,0.0539528988301754
2604,0.059371307492256165
2605,0.05594645440578461
2606,0.0498909130692482
2607,0.053472790867090225
2608,0.05849666893482208
2609,0.051070671528577805
2610,0.05542535334825516
2611,0.05811867490410805
2612,0.06327097862958908
2613,0.056322358548641205
2614,0.054576825350522995
2615,0.05645594373345375
2616,0.05091019719839096
2617,0.05213599279522896
2618,0.050134193152189255
2619,0.05616404488682747
2620,0.051110491156578064
2621,0.06529401242733002
2622,0.058235131204128265
2623,0.05319409817457199
2624,0.05169973894953728
2625,0.04429874196648598
2626,0.05568069592118263
2627,0.05394412949681282
2628,0.05653330683708191
2629,0.052159473299980164
2630,0.05024600401520729
2631,0.05053195357322693
2632,0.05252096429467201
2633,0.053298261016607285
2634,0.06863196194171906
2635,0.05788816511631012
2636,0.051199451088905334
2637,0.06060504913330078
2638,0.05130833759903908
2639,0.06414595246315002
2640,0.04902190342545509
2641,0.057200316339731216
2642,0.054931096732616425
2643,0.059779539704322815
2644,0.06150735542178154
2645,0.05546899512410164
2646,0.05278793349862099
2647,0.05525679886341095
2648,0.050109393894672394
2649,0.06183697655797005
2650,0.05384819209575653
2651,0.05109003931283951
2652,0.05206518992781639
2653,0.04809903725981712
2654,0.05036148801445961
2655,0.0585014782845974
2656,0.06388373672962189
2657,0.05611135810613632
2658,0.04933389648795128
2659,0.05570055544376373
2660,0.05892110615968704
2661,0.05223904550075531
2662,0.052620481699705124
2663,0.05421539768576622
2664,0.05289454385638237
2665,0.04354649782180786
2666,0.056793827563524246
2667,0.05214716121554375
2668,0.05356885492801666
2669,0.051719408482313156
2670,0.04977746680378914
2671,0.047996703535318375
2672,0.04527732729911804
2673,0.04907912388443947
2674,0.05166563764214516
2675,0.05144699662923813
2676,0.05481833592057228
2677,0.04450308904051781
2678,0.05293706804513931
2679,0.05965477228164673
2680,0.052460912615060806
2681,0.05234730988740921
2682,0.0588964968919754
2683,0.05534527450799942
2684,0.05242788791656494
2685,0.051258813589811325
2686,0.05348000302910805
2687,0.04957041144371033
2688,0.052359648048877716
2689,0.06372702121734619
2690,0.05281955748796463
2691,0.049607690423727036
2692,0.04956493899226189
2693,0.051553089171648026
2694,0.05042773857712746
2695,0.051901496946811676
2696,0.06308680027723312
2697,0.06422702968120575
2698,0.05681522190570831
2699,0.05287262052297592
2700,0.04627743363380432
2701,0.055472925305366516
2702,0.05948152393102646
2703,0.04986459016799927
2704,0.05793263390660286
2705,0.06274107098579407
2706,0.05177216976881027
2707,0.05098409578204155
2708,0.06381215155124664
2709,0.05092834308743477
2710,0.05281716212630272
2711,0.056947484612464905
2712,0.05314918980002403
2713,0.058411430567502975
2714,0.06345275789499283
2715,0.057408351451158524
2716,0.04720737785100937
2717,0.05365050584077835
2718,0.046799078583717346
2719,0.05464514344930649
2720,0.050969984382390976
2721,0.053640782833099365
2722,0.057532403618097305
2723,0.05299953743815422
2724,0.048616454005241394
2725,0.05146696791052818
2726,0.05181445926427841
2727,0.04854806140065193
2728,0.05590183287858963
2729,0.04796309396624565
2730,0.04873185604810715
2731,0.061507824808359146
2732,0.05667245015501976
2733,0.05029373988509178
2734,0.05445211008191109
2735,0.06113102287054062
2736,0.06009954214096069
2737,0.05583477020263672
2738,0.053945671766996384
2739,0.060673534870147705
2740,0.06433752179145813
2741,0.05440784990787506
2742,0.06421593576669693
2743,0.05685403570532799
2744,0.050287727266550064
2745,0.0494224838912487
2746,0.052096374332904816
2747,0.05563942715525627
2748,0.054428569972515106
2749,0.05364520847797394
2750,0.05132480338215828
2751,0.05267871171236038
2752,0.049693018198013306
2753,0.04848887771368027
2754,0.054546698927879333
2755,0.05889289453625679
2756,0.05437062308192253
2757,0.05264993757009506
2758,0.05287368595600128
2759,0.0480867475271225
2760,0.06364718824625015
2761,0.05387117341160774
2762,0.04952961206436157
2763,0.05600618198513985
2764,0.050719987601041794
2765,0.05438445508480072
2766,0.05526333674788475
2767,0.05104398727416992
2768,0.055017344653606415
2769,0.057433564215898514
2770,0.04825025424361229
2771,0.05529182031750679
2772,0.046685006469488144
2773,0.05510839819908142
2774,0.051700688898563385
2775,0.05895451083779335
2776,0.05446183308959007
2777,0.06234969571232796
2778,0.05932638421654701
2779,0.0563867911696434
2780,0.05393142253160477
2781,0.05792094022035599
2782,0.06488879024982452
2783,0.050458721816539764
2784,0.0507102832198143
2785,0.06434114277362823
2786,0.05852052569389343
2787,0.05671868100762367
2788,0.05263723060488701
2789,0.05810380354523659
2790,0.05537693575024605
2791,0.06027809903025627
2792,0.05663519725203514
2793,0.05319397151470184
2794,0.06905528903007507
2795,0.05534648895263672
2796,0.058579057455062866
2797,0.053031813353300095
2798,0.06171838939189911
2799,0.05357741191983223
2800,0.049484919756650925
2801,0.04795411601662636
2802,0.054700031876564026
2803,0.06071268394589424
2804,0.05031348764896393
2805,0.06033005192875862
2806,0.0566924624145031
2807,0.04709850251674652
2808,0.048164933919906616
2809,0.05245677009224892
2810,0.05937958508729935
2811,0.054193224757909775
2812,0.0560956709086895
2813,0.06388179957866669
2814,0.046846579760313034
2815,0.05066107213497162
2816,0.0579402782022953
2817,0.047900181263685226
2818,0.059461213648319244
2819,0.05254950001835823
2820,0.04688069596886635
2821,0.0485176257789135
2822,0.05052468925714493
2823,0.04670048505067825
2824,0.050780702382326126
2825,0.051223017275333405
2826,0.06179964542388916
2827,0.05718173831701279
2828,0.05649276077747345
2829,0.05868088826537132
2830,0.05205381289124489
2831,0.048850201070308685
2832,0.050592079758644104
2833,0.05596936121582985
2834,0.04591204226016998
2835,0.05307053402066231
2836,0.05404055863618851
2837,0.0629253014922142
2838,0.055607788264751434
2839,0.05686395987868309
2840,0.05034104362130165
2841,0.05028116703033447
2842,0.06053481623530388
2843,0.053419001400470734
2844,0.06093372032046318
2845,0.06158499792218208
2846,0.057676050812006
2847,0.05328599363565445
2848,0.04903328791260719
2849,0.053584564477205276
2850,0.046884942799806595
2851,0.05832375958561897
2852,0.05339907854795456
2853,0.05650952830910683
2854,0.06506237387657166
2855,0.045764826238155365
2856,0.05739714950323105
2857,0.05720817297697067
2858,0.051733337342739105
2859,0.05013682693243027
2860,0.050007518380880356
2861,0.0514836311340332
2862,0.06086277589201927
2863,0.055792469531297684
2864,0.04982788860797882
2865,0.051890525966882706
2866,0.057093724608421326
2867,0.0593661367893219
2868,0.047148022800683975
2869,0.05565424636006355
2870,0.05901704728603363
2871,0.05153254419565201
2872,0.05350073426961899
2873,0.05049322172999382
2874,0.05129006505012512
2875,0.05411721020936966
2876,0.052898090332746506
2877,0.055125635117292404
2878,0.0564732551574707
2879,0.05514319986104965
2880,0.053252458572387695
2881,0.06220654398202896
2882,0.058297377079725266
2883,0.049440838396549225
2884,0.04773036763072014
2885,0.05612190440297127
2886,0.054994288831949234
2887,0.05785799026489258
2888,0.050100672990083694
2889,0.046190135180950165
2890,0.05846685171127319
2891,0.04777514562010765
2892,0.0508861280977726
2893,0.06730920076370239
2894,0.05434851720929146
2895,0.058997057378292084
2896,0.052589692175388336
2897,0.05747910216450691
2898,0.05300835520029068
2899,0.0465414933860302
2900,0.059034135192632675
2901,0.06023717671632767
2902,0.045682381838560104
2903,0.05522586777806282
2904,0.05756334215402603
2905,0.05477089062333107
2906,0.05829693749547005
2907,0.05376962199807167
2908,0.05773846432566643
2909,0.04915928840637207
2910,0.060616374015808105
2911,0.055708300322294235
2912,0.043229423463344574
2913,0.05766193941235542
2914,0.053963445127010345
2915,0.06579460203647614
2916,0.05025756359100342
2917,0.062264829874038696
2918,0.05764928460121155
2919,0.05826794356107712
2920,0.051703184843063354
2921,0.052969545125961304
2922,0.04867469146847725
2923,0.05909477546811104
2924,0.04651084169745445
2925,0.05008799582719803
2926,0.04710686206817627
2927,0.05131736025214195
2928,0.05273166671395302
2929,0.060734692960977554
2930,0.04786894470453262
2931,0.05238468199968338
2932,0.05151129141449928
2933,0.055589281022548676
2934,0.05109962448477745
2935,0.05248140171170235
2936,0.056596580892801285
2937,0.060626134276390076
2938,0.04800422862172127
2939,0.05117226764559746
2940,0.05386073514819145
2941,0.05608624219894409
2942,0.0532035157084465
2943,0.0638841763138771
2944,0.054286420345306396
2945,0.053574834018945694
2946,0.055267393589019775
2947,0.057923078536987305
2948,0.053587622940540314
2949,0.04452897608280182
2950,0.0486895814538002
2951,0.05147397518157959
2952,0.04839256405830383
2953,0.05127137899398804
2954,0.052280500531196594
2955,0.0463760569691658
2956,0.05195378512144089
2957,0.05360119789838791
2958,0.059723854064941406
2959,0.05533178895711899
2960,0.055564649403095245
2961,0.05232967063784599
2962,0.051764801144599915
2963,0.05073599889874458
2964,0.05869798734784126
2965,0.062295831739902496
2966,0.0470861978828907
2967,0.055434126406908035
2968,0.04627358913421631
2969,0.056289155036211014
2970,0.05543399229645729
2971,0.053133781999349594
2972,0.04552788287401199
2973,0.04857857525348663
2974,0.05874470993876457
2975,0.05641838535666466
2976,0.056058503687381744
2977,0.05712888017296791
2978,0.045726049691438675
2979,0.045506224036216736
2980,0.05205536633729935
2981,0.05134490877389908
2982,0.06311753392219543
2983,0.05311870574951172
2984,0.05132858455181122
2985,0.05519925057888031
2986,0.05334512144327164
2987,0.051837023347616196
2988,0.053814105689525604
2989,0.05307622253894806
2990,0.0549040287733078
2991,0.05784296989440918
2992,0.0648261085152626
2993,0.0624847337603569
2994,0.051475994288921356
2995,0.0604654960334301
2996,0.05831444635987282
2997,0.05553970858454704
2998,0.05886853486299515
2999,0.05998782441020012
3000,0.06249783933162689
3001,0.04642501100897789
3002,0.05798546224832535
3003,0.0570877268910408
3004,0.061736639589071274
3005,0.05989529937505722
3006,0.05385040119290352
3007,0.04923206940293312
3008,0.059623248875141144
3009,0.050179798156023026
3010,0.06285348534584045
3011,0.05009307339787483
3012,0.05464019626379013
3013,0.05725890025496483
3014,0.05143691226840019
3015,0.04775866121053696
3016,0.05407343804836273
3017,0.06439584493637085
3018,0.04906114935874939
3019,0.048847220838069916
3020,0.0458880215883255
3021,0.05381651595234871
3022,0.0489499494433403
3023,0.05336115136742592
3024,0.05521722510457039
3025,0.0570606030523777
3026,0.05227292329072952
3027,0.059653833508491516
3028,0.05936805531382561
3029,0.056101344525814056
3030,0.047646958380937576
3031,0.06083809211850166
3032,0.06123582273721695
3033,0.06185709685087204
3034,0.05949144810438156
3035,0.050810374319553375
3036,0.052654121071100235
3037,0.05259781330823898
3038,0.0552651546895504
3039,0.06422850489616394
3040,0.048006389290094376
3041,0.05544260889291763
3042,0.05910712108016014
3043,0.04750015586614609
3044,0.06060410663485527
3045,0.041563037782907486
3046,0.05145066976547241
3047,0.046947624534368515
3048,0.06303908675909042
3049,0.046974893659353256
3050,0.049624375998973846
3051,0.06002227962017059
3052,0.05494851619005203
3053,0.05705899000167847
3054,0.06545554101467133
3055,0.05061731114983559
3056,0.05766262114048004
3057,0.051085688173770905
3058,0.0562521256506443
3059,0.05410110577940941
3060,0.048648178577423096
3061,0.05017697066068649
3062,0.055802393704652786
3063,0.05936751887202263
3064,0.049633461982011795
3065,0.05677440017461777
3066,0.05645124986767769
3067,0.05788591876626015
3068,0.05703271925449371
3069,0.05318528413772583
3070,0.05382924899458885
3071,0.04989364743232727
3072,0.04825529828667641
3073,0.05420491844415665
3074,0.04820491373538971
3075,0.06090175732970238
3076,0.05157707631587982
3077,0.0565318837761879
3078,0.051087550818920135
3079,0.05319385230541229
3080,0.05089528486132622
3081,0.05593615025281906
3082,0.054117634892463684
3083,0.05867955461144447
3084,0.051374878734350204
3085,0.05743790790438652
3086,0.05765699967741966
3087,0.058457713574171066
3088,0.05092926695942879
3089,0.05834955349564552
3090,0.04767399653792381
3091,0.05973901227116585
3092,0.054801978170871735
3093,0.06277099996805191
3094,0.0564844124019146
3095,0.05685122683644295
3096,0.0626039057970047
3097,0.057569470256567
3098,0.055299218744039536
3099,0.06196698546409607
3100,0.06594738364219666
3101,0.05027579143643379
3102,0.05430050566792488
3103,0.06231720745563507
3104,0.05586671084165573
3105,0.04820466786623001
3106,0.05223207548260689
3107,0.05623352527618408
3108,0.05348343402147293
3109,0.0575639083981514
3110,0.06321289390325546
3111,0.05649499595165253
3112,0.05343865975737572
3113,0.06152525171637535
3114,0.06219848617911339
3115,0.0498291552066803
3116,0.057367827743291855
3117,0.05686044320464134
3118,0.05714152380824089
3119,0.06110118329524994
3120,0.0521819032728672
3121,0.05442982167005539
3122,0.06255365908145905
3123,0.051957037299871445
3124,0.05271751061081886
3125,0.054320428520441055
3126,0.05893796309828758
3127,0.05905049294233322
3128,0.04762287810444832
3129,0.04904822260141373
3130,0.05800612270832062
3131,0.056916743516922
3132,0.05392920970916748
3133,0.04919450357556343
3134,0.05266695097088814
3135,0.06082155182957649
3136,0.055496204644441605
3137,0.050423748791217804
3138,0.04978269711136818
3139,0.04863201454281807
3140,0.05994158983230591
3141,0.049066558480262756
3142,0.04893217608332634
3143,0.050408728420734406
3144,0.05815541371703148
3145,0.058111950755119324
3146,0.05141552910208702
3147,0.05762127786874771
3148,0.052215296775102615
3149,0.055386949330568314
3150,0.04796504229307175
3151,0.04535934329032898
3152,0.0497799851000309
3153,0.05017000064253807
3154,0.05469796806573868
3155,0.04970962181687355
3156,0.05307849869132042
3157,0.06670765578746796
3158,0.05832010507583618
3159,0.050317127257585526
3160,0.04982474818825722
3161,0.05234915018081665
3162,0.050435177981853485
3163,0.06415756046772003
3164,0.05680018290877342
3165,0.05333450809121132
3166,0.05668753758072853
3167,0.056614745408296585
3168,0.04778241366147995
3169,0.05144811421632767
3170,0.05406263470649719
3171,0.05305900797247887
3172,0.05430007353425026
3173,0.0584624819457531
3174,0.053799670189619064
3175,0.05173957347869873
3176,0.061051636934280396
3177,0.05622348561882973
3178,0.05048845335841179
3179,0.06538470834493637
3180,0.05722752586007118
3181,0.05440012738108635
3182,0.061145905405282974
3183,0.054184410721063614
3184,0.05873897671699524
3185,0.0536569207906723
3186,0.05415219068527222
3187,0.052104052156209946
3188,0.05285850912332535
3189,0.05472413823008537
3190,0.05128859728574753
3191,0.05115396901965141
3192,0.049716584384441376
3193,0.05761059746146202
3194,0.05703159049153328
3195,0.06754011660814285
3196,0.049457475543022156
3197,0.04988384619355202
3198,0.048739027231931686
3199,0.05007011070847511
3200,0.047060467302799225
3201,0.047959934920072556
3202,0.05346796289086342
3203,0.05303160846233368
3204,0.05455141142010689
3205,0.05658002942800522
3206,0.04690637066960335
3207,0.052438169717788696
3208,0.05990930274128914
3209,0.04786656051874161
3210,0.04489278420805931
3211,0.04962536320090294
3212,0.05287926644086838
3213,0.04742157459259033
3214,0.05053776502609253
3215,0.056047432124614716
3216,0.04879593849182129
3217,0.05394381657242775
3218,0.05825914442539215
3219,0.050725746899843216
3220,0.05797902122139931
3221,0.05670612305402756
3222,0.05453724414110184
3223,0.055100709199905396
3224,0.05392288789153099
3225,0.056548651307821274
3226,0.051413197070360184
3227,0.06793899089097977
3228,0.05357185751199722
3229,0.0528731495141983
3230,0.05841228738427162
3231,0.0581478588283062
3232,0.0524212047457695
3233,0.05251973122358322
3234,0.05419473350048065
3235,0.05196729302406311
3236,0.04688423126935959
3237,0.05606147646903992
3238,0.0535736158490181
3239,0.05095026269555092
3240,0.05495409667491913
3241,0.05405015870928764
3242,0.049064576625823975
3243,0.051445964723825455
3244,0.05852872133255005
3245,0.05412646010518074
3246,0.04850137606263161
3247,0.05093744024634361
3248,0.0513375848531723
3249,0.05333026871085167
3250,0.05688127875328064
3251,0.05067119747400284
3252,0.051411036401987076
3253,0.05346410349011421
3254,0.058627769351005554
3255,0.055502258241176605
3256,0.053538646548986435
3257,0.05540907010436058
3258,0.0501682385802269
3259,0.05571811646223068
3260,0.0498175173997879
3261,0.062103692442178726
3262,0.049342796206474304
3263,0.04970140755176544
3264,0.05235220491886139
3265,0.05884971842169762
3266,0.05942871794104576
3267,0.05665680393576622
3268,0.054643742740154266
3269,0.060714978724718094
3270,0.05007803812623024
3271,0.0544319748878479
3272,0.0551028698682785
3273,0.05346713215112686
3274,0.05100004002451897
3275,0.05089668557047844
3276,0.055210717022418976
3277,0.047193288803100586
3278,0.0570741631090641
3279,0.05861116945743561
3280,0.05423102527856827
3281,0.05748242139816284
3282,0.056758612394332886
3283,0.05766727775335312
3284,0.05191469565033913
3285,0.05884512513875961
3286,0.05743599310517311
3287,0.05278753489255905
3288,0.05925711616873741
3289,0.0604979507625103
3290,0.05485588312149048
3291,0.06285221874713898
3292,0.061165422201156616
3293,0.0600978322327137
3294,0.04862978681921959
3295,0.05157921090722084
3296,0.06003648787736893
3297,0.0550660565495491
3298,0.05341220647096634
3299,0.05924077332019806
3300,0.06172284111380577
3301,0.05537499859929085
3302,0.05153994262218475
3303,0.05682024359703064
3304,0.05879168212413788
3305,0.05383725464344025
3306,0.05218750610947609
3307,0.054355114698410034
3308,0.05706397071480751
3309,0.05213386192917824
3310,0.05380881950259209
3311,0.05697508528828621
3312,0.05526571720838547
3313,0.05493393540382385
3314,0.052135515958070755
3315,0.054653141647577286
3316,0.04854532331228256
3317,0.050283558666706085
3318,0.05267476662993431
3319,0.05767717957496643
3320,0.06160455942153931
3321,0.05311453714966774
3322,0.053376197814941406
3323,0.05654382333159447
3324,0.050616391003131866
3325,0.06707140058279037
3326,0.05470626801252365
3327,0.06001162901520729
3328,0.04691443219780922
3329,0.05748946592211723
3330,0.058716028928756714
3331,0.05637034401297569
3332,0.052402064204216
3333,0.04843447729945183
3334,0.05463183671236038
3335,0.061924200505018234
3336,0.06034208461642265
3337,0.06568852066993713
3338,0.058821357786655426
3339,0.05648723617196083
3340,0.0565323531627655
3341,0.047288406640291214
3342,0.06003783643245697
3343,0.05356738343834877
3344,0.04949983209371567
3345,0.053055018186569214
3346,0.05426289513707161
3347,0.04839545115828514
3348,0.0535888746380806
3349,0.054324157536029816
3350,0.06164347380399704
3351,0.05564860254526138
3352,0.046143967658281326
3353,0.059994861483573914
3354,0.05014452338218689
3355,0.05142727121710777
3356,0.056355707347393036
3357,0.06446651369333267
3358,0.056157927960157394
3359,0.05243544280529022
3360,0.05401112139225006
3361,0.05500362440943718
3362,0.04854598268866539
3363,0.04988165944814682
3364,0.05091777816414833
3365,0.05297461524605751
3366,0.06060447916388512
3367,0.05520329624414444
3368,0.05859553813934326
3369,0.05877939611673355
3370,0.056125592440366745
3371,0.059600457549095154
3372,0.06300251185894012
3373,0.05883251503109932
3374,0.0552322082221508
3375,0.0655650869011879
3376,0.05321873351931572
3377,0.05260707437992096
3378,0.05724725499749184
3379,0.04985237866640091
3380,0.048548031598329544
3381,0.05286090075969696
3382,0.045519761741161346
3383,0.06157226115465164
3384,0.05186950042843819
3385,0.04903127998113632
3386,0.047173261642456055
3387,0.04491052404046059
3388,0.05941598489880562
3389,0.0578819215297699
3390,0.05954475700855255
3391,0.056239716708660126
3392,0.04904959350824356
3393,0.061157092452049255
3394,0.05692746490240097
3395,0.05800745263695717
3396,0.054155126214027405
3397,0.06428445875644684
3398,0.060276471078395844
3399,0.05558893457055092
3400,0.06391958892345428
3401,0.06005164235830307
3402,0.05362013727426529
3403,0.04766108840703964
3404,0.056665126234292984
3405,0.0536811389029026
3406,0.061124540865421295
3407,0.05694517120718956
3408,0.06068277731537819
3409,0.057954054325819016
3410,0.050554946064949036
3411,0.05592935159802437
3412,0.05575854331254959
3413,0.05719070881605148
3414,0.052742283791303635
3415,0.05247432738542557
3416,0.049475349485874176
3417,0.05538001284003258
3418,0.05815085396170616
3419,0.044823162257671356
3420,0.05698642134666443
3421,0.04462708905339241
3422,0.05504855886101723
3423,0.055065546184778214
3424,0.04716554656624794
3425,0.05537722259759903
3426,0.05392609164118767
3427,0.04993676021695137
3428,0.05668805539608002
3429,0.053145140409469604
3430,0.05701698735356331
3431,0.0605972483754158
3432,0.05396915227174759
3433,0.058245446532964706
3434,0.05409914627671242
3435,0.050201281905174255
3436,0.0597713366150856
3437,0.05764933302998543
3438,0.06093010678887367
3439,0.048809714615345
3440,0.053047455847263336
3441,0.056381091475486755
3442,0.05419294536113739
3443,0.050653062760829926
3444,0.07078967988491058
3445,0.04643968492746353
3446,0.056703466922044754
3447,0.05604977533221245
3448,0.05631047859787941
3449,0.06019682064652443
3450,0.054756779223680496
3451,0.048515792936086655
3452,0.056532397866249084
3453,0.05468665063381195
3454,0.05681273341178894
3455,0.05580764636397362
3456,0.057592082768678665
3457,0.06119675934314728
3458,0.057583801448345184
3459,0.055985186249017715
3460,0.06625553220510483
3461,0.050000712275505066
3462,0.05699716880917549
3463,0.059033893048763275
3464,0.05935263633728027
3465,0.05396261438727379
3466,0.048576392233371735
3467,0.07020007073879242
3468,0.048604510724544525
3469,0.0605270080268383
3470,0.05444147437810898
3471,0.057471245527267456
3472,0.0539284311234951
3473,0.0547022707760334
3474,0.05858056619763374
3475,0.05013702064752579
3476,0.047387201339006424
3477,0.05158352479338646
3478,0.05049736425280571
3479,0.053079571574926376
3480,0.05519217625260353
3481,0.058809082955121994
3482,0.05504092574119568
3483,0.046973299235105515
3484,0.05165036767721176
3485,0.05878573656082153
3486,0.04993721842765808
3487,0.056601591408252716
3488,0.06597805768251419
3489,0.05334605649113655
3490,0.05388011038303375
3491,0.050261273980140686
3492,0.05108289793133736
3493,0.06234656274318695
3494,0.04784662649035454
3495,0.059695225208997726
3496,0.042673081159591675
3497,0.06229579448699951
3498,0.057870153337717056
3499,0.05420711636543274
3500,0.056836798787117004
3501,0.052747003734111786
3502,0.05013062804937363
3503,0.04884733632206917
3504,0.05336093157529831
3505,0.05191516876220703
3506,0.05204160884022713
3507,0.04807400330901146
3508,0.050877366214990616
3509,0.04641546681523323
3510,0.05310271680355072
3511,0.05482121556997299
3512,0.05235353857278824
3513,0.057669781148433685
3514,0.05487543344497681
3515,0.05195952579379082
3516,0.05549333989620209
3517,0.0537499375641346
3518,0.047625575214624405
3519,0.05310725048184395
3520,0.05379493534564972
3521,0.0467248409986496
3522,0.05894691124558449
3523,0.05574340373277664
3524,0.05473687872290611
3525,0.04696906730532646
3526,0.059031352400779724
3527,0.056129273027181625
3528,0.05569274351000786
3529,0.056793175637722015
3530,0.05450894311070442
3531,0.05150509625673294
3532,0.05043676123023033
3533,0.05591903626918793
3534,0.05469329655170441
3535,0.051864881068468094
3536,0.04694124311208725
3537,0.05328495055437088
3538,0.05441969633102417
3539,0.05264784395694733
3540,0.048513054847717285
3541,0.05293826758861542
3542,0.05059695616364479
3543,0.056853361427783966
3544,0.04872732236981392
3545,0.06433659046888351
3546,0.05026298388838768
3547,0.05660022050142288
3548,0.06541410833597183
3549,0.053066693246364594
3550,0.05177658051252365
3551,0.060814447700977325
3552,0.05756428837776184
3553,0.05255158618092537
3554,0.05159227177500725
3555,0.054400574415922165
3556,0.055891044437885284
3557,0.05682404339313507
3558,0.05474032461643219
3559,0.04641762748360634
3560,0.059424176812171936
3561,0.05472634360194206
3562,0.0576506033539772
3563,0.05324631184339523
3564,0.0450061596930027
3565,0.050210557878017426
3566,0.054699089378118515
3567,0.057834576815366745
3568,0.06162013113498688
3569,0.0559181347489357
3570,0.04883280023932457
3571,0.05307215452194214
3572,0.05201784521341324
3573,0.05617519095540047
3574,0.05195648968219757
3575,0.05991572141647339
3576,0.06007837504148483
3577,0.054033271968364716
3578,0.059326499700546265
3579,0.05951660871505737
3580,0.05135092884302139
3581,0.05771997198462486
3582,0.052678875625133514
3583,0.053789008408784866
3584,0.05283930152654648
3585,0.0519399419426918
3586,0.062981978058815
3587,0.058832891285419464
3588,0.055756159126758575
3589,0.04872794821858406
3590,0.05596190318465233
3591,0.06178708001971245
3592,0.05710994824767113
3593,0.05089029669761658
3594,0.05138826742768288
3595,0.05315203219652176
3596,0.05555184930562973
3597,0.047860145568847656
3598,0.049243904650211334
3599,0.05671055242419243
3600,0.0474807508289814
3601,0.05493321642279625
3602,0.0482049323618412
3603,0.05880584567785263
3604,0.05389563739299774
3605,0.05566835403442383
3606,0.05588522180914879
3607,0.059247538447380066
3608,0.06265249848365784
3609,0.0529952198266983
3610,0.05407122150063515
3611,0.06270834803581238
3612,0.05213563144207001
3613,0.04847940057516098
3614,0.05409414693713188
3615,0.056097760796546936
3616,0.04803163930773735
3617,0.055469658225774765
3618,0.05461759492754936
3619,0.05248912796378136
3620,0.05503739044070244
3621,0.05325906351208687
3622,0.05172043293714523
3623,0.05195678770542145
3624,0.05558784678578377
3625,0.04143558815121651
3626,0.05350552871823311
3627,0.05683349072933197
3628,0.05736437439918518
3629,0.05103149637579918
3630,0.05762128159403801
3631,0.04532504826784134
3632,0.049332112073898315
3633,0.05173255130648613
3634,0.055182214826345444
3635,0.052609510719776154
3636,0.058538805693387985
3637,0.051028113812208176
3638,0.049261100590229034
3639,0.049866337329149246
3640,0.05931682139635086
3641,0.05422716587781906
3642,0.05694428086280823
3643,0.056151311844587326
3644,0.06308730691671371
3645,0.05144554004073143
3646,0.057858288288116455
3647,0.0507936105132103
3648,0.05283559486269951
3649,0.05392682924866676
3650,0.05774898827075958
3651,0.05883704870939255
3652,0.05482358857989311
3653,0.04608495533466339
3654,0.04946247115731239
3655,0.05611645430326462
3656,0.05165897682309151
3657,0.0613735169172287
3658,0.05424537509679794
3659,0.05770339444279671
3660,0.05743701010942459
3661,0.05902785062789917
3662,0.05523746460676193
3663,0.05199025198817253
3664,0.05266597867012024
3665,0.06155722588300705
3666,0.05622725933790207
3667,0.05811110883951187
3668,0.05701673403382301
3669,0.06110497936606407
3670,0.05553862452507019
3671,0.05410035327076912
3672,0.057995159178972244
3673,0.05522705614566803
3674,0.04930051043629646
3675,0.049256592988967896
3676,0.0511523075401783
3677,0.04551747441291809
3678,0.04848187044262886
3679,0.04839363321661949
3680,0.05790961906313896
3681,0.05814486742019653
3682,0.055452506989240646
3683,0.0570199154317379
3684,0.05414082109928131
3685,0.042744677513837814
3686,0.05689160153269768
3687,0.06311718374490738
3688,0.05872269347310066
3689,0.053925756365060806
3690,0.05240916833281517
3691,0.0627283900976181
3692,0.05090077966451645
3693,0.05085735395550728
3694,0.056018196046352386
3695,0.06013915315270424
3696,0.05601412430405617
3697,0.05411897599697113
3698,0.05889127030968666
3699,0.05136086419224739
3700,0.05218813940882683
3701,0.054980646818876266
3702,0.060071349143981934
3703,0.056716784834861755
3704,0.05464550852775574
3705,0.04491553455591202
3706,0.06004926189780235
3707,0.06125197932124138
3708,0.05608439818024635
3709,0.05315546318888664
3710,0.059201426804065704
3711,0.050663575530052185
3712,0.05900142714381218
3713,0.05668344721198082
3714,0.050825655460357666
3715,0.06188732385635376
3716,0.05526638776063919
3717,0.04850904643535614
3718,0.06009950116276741
3719,0.05643906071782112
3720,0.056245263665914536
3721,0.054743316024541855
3722,0.06051956117153168
3723,0.05147170275449753
3724,0.04808330535888672
3725,0.05818035453557968
3726,0.0525578074157238
3727,0.050087861716747284
3728,0.06252551078796387
3729,0.048295628279447556
3730,0.05280637741088867
3731,0.055750224739313126
3732,0.05916107818484306
3733,0.04981601610779762
3734,0.055842719972133636
3735,0.051972027868032455
3736,0.06610435992479324
3737,0.052575696259737015
3738,0.05282090604305267
3739,0.057474639266729355
3740,0.057934850454330444
3741,0.055874403566122055
3742,0.05100727081298828
3743,0.05664416402578354
3744,0.04955055192112923
3745,0.05509566143155098
3746,0.044542618095874786
3747,0.06401155143976212
3748,0.05720135569572449
3749,0.049661874771118164
3750,0.04805244132876396
3751,0.04807434231042862
3752,0.05385560914874077
3753,0.051252320408821106
3754,0.04825196787714958
3755,0.055670928210020065
3756,0.054187096655368805
3757,0.053989801555871964
3758,0.05480770394206047
3759,0.05666998401284218
3760,0.05590025708079338
3761,0.04868185147643089
3762,0.058598510921001434
3763,0.0567045658826828
3764,0.055705517530441284
3765,0.04737255722284317
3766,0.06580789387226105
3767,0.054715123027563095
3768,0.058186065405607224
3769,0.0628000944852829
3770,0.04827229678630829
3771,0.054257508367300034
3772,0.06033097580075264
3773,0.05009334161877632
3774,0.0544683113694191
3775,0.057473890483379364
3776,0.057090483605861664
3777,0.05163067579269409
3778,0.0603272020816803
3779,0.06283789128065109
3780,0.05563466623425484
3781,0.05434432253241539
3782,0.05873686075210571
3783,0.053087297827005386
3784,0.05009886249899864
3785,0.05786938965320587
3786,0.0485445111989975
3787,0.05736616253852844
3788,0.04897552728652954
3789,0.053803104907274246
3790,0.05797886848449707
3791,0.053328633308410645
3792,0.0587812177836895
3793,0.05494990944862366
3794,0.051714543253183365
3795,0.05167105048894882
3796,0.053129661828279495
3797,0.051053136587142944
3798,0.05989367142319679
3799,0.052500542253255844
3800,0.05772620812058449
3801,0.04875325784087181
3802,0.061006493866443634
3803,0.059951335191726685
3804,0.05708605423569679
3805,0.055473100394010544
3806,0.05613651126623154
3807,0.05591587349772453
3808,0.05512446165084839
3809,0.051684532314538956
3810,0.056051384657621384
3811,0.051772017031908035
3812,0.05656898766756058
3813,0.061439674347639084
3814,0.05418265983462334
3815,0.06046434864401817
3816,0.06119870766997337
3817,0.057349950075149536
3818,0.056610722094774246
3819,0.05734691768884659
3820,0.05567793548107147
3821,0.05299132689833641
3822,0.061329204589128494
3823,0.0511382631957531
3824,0.05622280761599541
3825,0.05886712670326233
3826,0.05902992561459541
3827,0.04527273774147034
3828,0.05519619211554527
3829,0.053447023034095764
3830,0.05479385331273079
3831,0.05053161457180977
3832,0.05233972147107124
3833,0.05218498036265373
3834,0.06184617802500725
3835,0.0550222173333168
3836,0.04526931047439575
3837,0.048980243504047394
3838,0.04636659845709801
3839,0.05130043253302574
3840,0.05556703358888626
3841,0.060492224991321564
3842,0.056932710111141205
3843,0.06033401936292648
3844,0.0501549169421196
3845,0.05184824392199516
3846,0.058775268495082855
3847,0.05483336001634598
3848,0.050705600529909134
3849,0.055634040385484695
3850,0.05552530661225319
3851,0.057853590697050095
3852,0.05668533965945244
3853,0.061541009694337845
3854,0.052334558218717575
3855,0.05741744861006737
3856,0.05291854962706566
3857,0.048503078520298004
3858,0.05568847805261612
3859,0.05398661643266678
3860,0.052246320992708206
3861,0.05830847844481468
3862,0.06005676090717316
3863,0.055528633296489716
3864,0.05096931383013725
3865,0.05064583197236061
3866,0.04799044504761696
3867,0.0530584342777729
3868,0.052350517362356186
3869,0.05304749682545662
3870,0.0499596893787384
3871,0.0575295090675354
3872,0.05646520480513573
3873,0.05501994118094444
3874,0.05119239538908005
3875,0.06014253571629524
3876,0.05048372969031334
3877,0.06583509594202042
3878,0.05780316889286041
3879,0.056058477610349655
3880,0.05786380544304848
3881,0.04913615062832832
3882,0.041192349046468735
3883,0.04709567129611969
3884,0.053141430020332336
3885,0.04757716506719589
3886,0.05446159094572067
3887,0.049064744263887405
3888,0.06294947862625122
3889,0.05825112387537956
3890,0.0507710799574852
3891,0.05153603479266167
3892,0.052900854498147964
3893,0.05024701729416847
3894,0.057271864265203476
3895,0.0526663139462471
3896,0.053713709115982056
3897,0.04881766065955162
3898,0.05143827572464943
3899,0.0511346235871315
3900,0.056062787771224976
3901,0.05391528457403183
3902,0.05153008550405502
3903,0.05292872339487076
3904,0.060221441090106964
3905,0.05117775499820709
3906,0.04506634548306465
3907,0.050535935908555984
3908,0.058074988424777985
3909,0.053264934569597244
3910,0.047319721430540085
3911,0.05712200328707695
3912,0.05080656334757805
3913,0.04680340364575386
3914,0.05740664154291153
3915,0.056248992681503296
3916,0.05840094015002251
3917,0.05307000130414963
3918,0.05215089023113251
3919,0.05500089004635811
3920,0.05824562534689903
3921,0.05295374616980553
3922,0.04864702746272087
3923,0.05439786985516548
3924,0.043281543999910355
3925,0.057773541659116745
3926,0.05722612887620926
3927,0.06494152545928955
3928,0.05813371017575264
3929,0.047260385006666183
3930,0.06336720287799835
3931,0.05485747754573822
3932,0.051154475659132004
3933,0.05072767660021782
3934,0.05140967294573784
3935,0.056706514209508896
3936,0.05670672655105591
3937,0.05247463285923004
3938,0.061108916997909546
3939,0.05721490457653999
3940,0.053405724465847015
3941,0.050641920417547226
3942,0.05026090517640114
3943,0.052404917776584625
3944,0.05392663553357124
3945,0.06264825910329819
3946,0.046905338764190674
3947,0.05836279317736626
3948,0.05967922508716583
3949,0.050032585859298706
3950,0.05722568929195404
3951,0.05180743336677551
3952,0.05121989920735359
3953,0.057934124022722244
3954,0.04747575521469116
3955,0.06266088783740997
3956,0.055736906826496124
3957,0.05599471554160118
3958,0.04543992877006531
3959,0.05800575390458107
3960,0.04632417485117912
3961,0.05520359054207802
3962,0.05585775896906853
3963,0.051445409655570984
3964,0.0582893081009388
3965,0.04877939447760582
3966,0.04867861792445183
3967,0.04785476252436638
3968,0.04991963878273964
3969,0.05266210436820984
3970,0.05192960053682327
3971,0.05491930618882179
3972,0.054530199617147446
3973,0.05873824283480644
3974,0.04996447265148163
3975,0.04972046986222267
3976,0.054789964109659195
3977,0.057336125522851944
3978,0.05918920412659645
3979,0.05158979445695877
3980,0.055225733667612076
3981,0.05541935935616493
3982,0.05262446403503418
3983,0.056441858410835266
3984,0.04889668524265289
3985,0.05470676347613335
3986,0.05079073831439018
3987,0.05202028155326843
3988,0.06348907947540283
3989,0.058050304651260376
3990,0.06040702015161514
3991,0.05483916774392128
3992,0.05429445207118988
3993,0.05309312045574188
3994,0.053237028419971466
3995,0.05313212797045708
3996,0.048527754843235016
3997,0.06354369223117828
3998,0.05225861817598343
3999,0.052317406982183456
4000,0.0504654124379158
4001,0.05192972347140312
4002,0.05675671249628067
4003,0.05289103835821152
4004,0.05366247519850731
4005,0.0489177331328392
4006,0.05503545701503754
4007,0.04708137363195419
4008,0.055556707084178925
4009,0.05151602625846863
4010,0.055075641721487045
4011,0.05244497209787369
4012,0.05829454958438873
4013,0.05040677636861801
4014,0.05806300789117813
4015,0.0615459643304348
4016,0.0582655631005764
4017,0.044841889292001724
4018,0.0644991546869278
4019,0.05754940211772919
4020,0.052542366087436676
4021,0.05059431120753288
4022,0.05999999865889549
4023,0.057458050549030304
4024,0.050875622779130936
4025,0.05758309364318848
4026,0.056055597960948944
4027,0.05302692949771881
4028,0.055499639362096786
4029,0.05055085942149162
4030,0.050557151436805725
4031,0.05616900697350502
4032,0.05426358804106712
4033,0.056807562708854675
4034,0.05527475103735924
4035,0.05655686557292938
4036,0.05525990575551987
4037,0.05456892028450966
4038,0.05049501731991768
4039,0.04837457090616226
4040,0.06370637565851212
4041,0.052828557789325714
4042,0.054695356637239456
4043,0.05776188522577286
4044,0.05364412069320679
4045,0.05075560137629509
4046,0.05073290318250656
4047,0.05589654669165611
4048,0.05706553906202316
4049,0.05538763478398323
4050,0.06017954647541046
4051,0.04919494315981865
4052,0.059314679354429245
4053,0.05760696902871132
4054,0.05744607374072075
4055,0.05878503993153572
4056,0.05654310807585716
4057,0.06600607931613922
4058,0.06259116530418396
4059,0.044625476002693176
4060,0.05706680938601494
4061,0.04691007733345032
4062,0.06070156767964363
4063,0.06292843073606491
4064,0.06026970222592354
4065,0.06791733205318451
4066,0.06260767579078674
4067,0.05468321964144707
4068,0.06341274827718735
4069,0.05449118837714195
4070,0.05217834562063217
4071,0.05841901898384094
4072,0.06337094306945801
4073,0.04675864428281784
4074,0.044041626155376434
4075,0.04364478588104248
4076,0.05155061557888985
4077,0.057217810302972794
4078,0.052162230014801025
4079,0.060981184244155884
4080,0.053759925067424774
4081,0.058616943657398224
4082,0.05473041534423828
4083,0.05961649864912033
4084,0.04583701491355896
4085,0.05974496528506279
4086,0.05760424956679344
4087,0.05391069874167442
4088,0.05457252264022827
4089,0.054053984582424164
4090,0.05542970448732376
4091,0.050197016447782516
4092,0.05190537869930267
4093,0.050542496144771576
4094,0.05308547243475914
4095,0.05440156161785126
4096,0.048005469143390656
4097,0.05316260829567909
4098,0.05538666993379593
4099,0.0509471595287323
4100,0.052349481731653214
4101,0.05559663847088814
4102,0.0548427440226078
4103,0.06477154791355133
4104,0.053702447563409805
4105,0.059105176478624344
4106,0.058213621377944946
4107,0.05716780945658684
4108,0.05722799524664879
4109,0.056695714592933655
4110,0.05523213371634483
4111,0.056837040930986404
4112,0.05747494474053383
4113,0.0566527396440506
4114,0.053756702691316605
4115,0.052424125373363495
4116,0.05453290417790413
4117,0.05518301948904991
4118,0.052910786122083664
4119,0.05882808193564415
4120,0.04779592156410217
4121,0.06057318300008774
4122,0.05663473531603813
4123,0.059786662459373474
4124,0.0412478893995285
4125,0.04755808040499687
4126,0.05676979199051857
4127,0.05511266365647316
4128,0.047273874282836914
4129,0.05936913937330246
4130,0.06320428103208542
4131,0.05708038806915283
4132,0.04665883630514145
4133,0.051780689507722855
4134,0.05383335426449776
4135,0.05549578741192818
4136,0.060273271054029465
4137,0.05884203314781189
4138,0.05494923144578934
4139,0.06630773097276688
4140,0.05365659296512604
4141,0.054075904190540314
4142,0.05603732913732529
4143,0.05993284285068512
4144,0.049477990716695786
4145,0.05810881778597832
4146,0.05285021290183067
4147,0.05969725176692009
4148,0.050503477454185486
4149,0.0553874634206295
4150,0.05955883860588074
4151,0.05480124428868294
4152,0.05491146072745323
4153,0.05874243006110191
4154,0.062389880418777466
4155,0.05908374488353729
4156,0.052482567727565765
4157,0.0579710379242897
4158,0.060718849301338196
4159,0.05112316459417343
4160,0.054853327572345734
4161,0.05597367510199547
4162,0.05380101501941681
4163,0.055970873683691025
4164,0.05383992940187454
4165,0.04915519058704376
4166,0.05466625466942787
4167,0.04770448058843613
4168,0.05324390158057213
4169,0.051389116793870926
4170,0.054519493132829666
4171,0.05509668588638306
4172,0.06205355376005173
4173,0.05353063344955444
4174,0.05071684718132019
4175,0.07285654544830322
4176,0.0628860741853714
4177,0.04975201562047005
4178,0.053813885897397995
4179,0.05569632723927498
4180,0.054117217659950256
4181,0.04982477426528931
4182,0.06049073487520218
4183,0.04337121918797493
4184,0.055936992168426514
4185,0.05505696311593056
4186,0.046631988137960434
4187,0.047739867120981216
4188,0.055146247148513794
4189,0.04742469638586044
4190,0.04534684121608734
4191,0.05392266809940338
4192,0.05985622480511665
4193,0.05237323045730591
4194,0.06161246821284294
4195,0.05290974676609039
4196,0.06123974174261093
4197,0.060178447514772415
4198,0.05076051503419876
4199,0.05016874894499779
4200,0.05924458056688309
4201,0.05150221660733223
4202,0.055976781994104385
4203,0.054741233587265015
4204,0.048459265381097794
4205,0.05978110432624817
4206,0.05575338006019592
4207,0.06356113404035568
4208,0.05399484187364578
4209,0.05010346695780754
4210,0.051752906292676926
4211,0.047765810042619705
4212,0.043097108602523804
4213,0.05206659436225891
4214,0.055423323065042496
4215,0.053302399814128876
4216,0.04473821446299553
4217,0.058021772652864456
4218,0.05904942750930786
4219,0.050127290189266205
4220,0.06257491558790207
4221,0.0608440563082695
4222,0.05983451381325722
4223,0.053384602069854736
4224,0.054044459015131
4225,0.05501721799373627
4226,0.05792391300201416
4227,0.05475170910358429
4228,0.05464570224285126
4229,0.05561940744519234
4230,0.05538177490234375
4231,0.049758851528167725
4232,0.05326952040195465
4233,0.06071050465106964
4234,0.05151580646634102
4235,0.04799129441380501
4236,0.05663220211863518
4237,0.04190031811594963
4238,0.06009485572576523
4239,0.05137404799461365
4240,0.055320508778095245
4241,0.05538306385278702
4242,0.061918530613183975
4243,0.051527269184589386
4244,0.055467553436756134
4245,0.05149303004145622
4246,0.05454110726714134
4247,0.05074653774499893
4248,0.05253375321626663
4249,0.04788848012685776
4250,0.0536443293094635
4251,0.05302681773900986
4252,0.046677350997924805
4253,0.051963116973638535
4254,0.057678986340761185
4255,0.050461288541555405
4256,0.06221446022391319
4257,0.058751679956912994
4258,0.068077951669693
4259,0.059266477823257446
4260,0.05496998876333237
4261,0.059046946465969086
4262,0.06201709061861038
4263,0.05354937165975571
4264,0.046210046857595444
4265,0.054483525454998016
4266,0.05475977063179016
4267,0.05189964547753334
4268,0.059483110904693604
4269,0.05954671651124954
4270,0.05731358006596565
4271,0.05295224115252495
4272,0.05568540468811989
4273,0.05153654143214226
4274,0.05419309064745903
4275,0.05465090274810791
4276,0.055365629494190216
4277,0.053501300513744354
4278,0.04547790065407753
4279,0.05280299112200737
4280,0.05432449281215668
4281,0.05220797285437584
4282,0.05239816755056381
4283,0.0522928349673748
4284,0.050952985882759094
4285,0.04973534494638443
4286,0.05769049748778343
4287,0.05244634300470352
4288,0.058808647096157074
4289,0.06097450479865074
4290,0.058127470314502716
4291,0.04941796511411667
4292,0.06330114603042603
4293,0.05412507429718971
4294,0.054840125143527985
4295,0.05188095197081566
4296,0.05821605771780014
4297,0.054236140102148056
4298,0.05698488652706146
4299,0.04974737390875816
4300,0.059021491557359695
4301,0.05499725416302681
4302,0.05355554074048996
4303,0.04774942994117737
4304,0.0502079576253891
4305,0.0542936772108078
4306,0.05880267173051834
4307,0.05012204498052597
4308,0.05426514148712158
4309,0.05494484677910805
4310,0.057362157851457596
4311,0.05756880342960358
4312,0.060957226902246475
4313,0.05211542174220085
4314,0.054559480398893356
4315,0.05194948613643646
4316,0.048184555023908615
4317,0.04927968233823776
4318,0.04746010899543762
4319,0.04776737466454506
4320,0.054963190108537674
4321,0.05846281722187996
4322,0.05938975140452385
4323,0.04583923891186714
4324,0.05125720798969269
4325,0.05808951333165169
4326,0.04842870309948921
4327,0.060666490346193314
4328,0.05058582127094269
4329,0.05233687162399292
4330,0.05840354040265083
4331,0.04952995851635933
4332,0.05686883628368378
4333,0.04771231859922409
4334,0.05558404698967934
4335,0.06369707733392715
4336,0.05401834100484848
4337,0.05176178738474846
4338,0.048727408051490784
4339,0.050488121807575226
4340,0.05829872936010361
4341,0.05780358240008354
4342,0.05989376828074455
4343,0.05161626636981964
4344,0.06445558369159698
4345,0.04670291766524315
4346,0.052603740245103836
4347,0.053597308695316315
4348,0.06033092737197876
4349,0.052490342408418655
4350,0.05580895394086838
4351,0.05304541066288948
4352,0.05619962885975838
4353,0.05042365565896034
4354,0.05240529030561447
4355,0.05313047394156456
4356,0.053214117884635925
4357,0.060136280953884125
4358,0.055894963443279266
4359,0.06693141907453537
4360,0.058298151940107346
4361,0.05348530784249306
4362,0.05665997788310051
4363,0.05106731131672859
4364,0.04940130561590195
4365,0.05334753543138504
4366,0.05610618367791176
4367,0.05106038972735405
4368,0.05499698594212532
4369,0.05220001935958862
4370,0.05489104613661766
4371,0.047701820731163025
4372,0.058274004608392715
4373,0.05706723779439926
4374,0.05618162825703621
4375,0.06142894923686981
4376,0.062235526740550995
4377,0.053521282970905304
4378,0.054849687963724136
4379,0.05639049783349037
4380,0.055013831704854965
4381,0.05640430375933647
4382,0.06652124971151352
4383,0.052128709852695465
4384,0.05857473611831665
4385,0.05769180878996849
4386,0.054937366396188736
4387,0.05582274869084358
4388,0.05710587278008461
4389,0.05389256030321121
4390,0.048264555633068085
4391,0.05374077707529068
4392,0.049660999327898026
4393,0.05033981800079346
4394,0.04955470561981201
4395,0.05370599403977394
4396,0.05497380346059799
4397,0.052322886884212494
4398,0.04679921641945839
4399,0.055462513118982315
4400,0.0636674091219902
4401,0.057964324951171875
4402,0.05595729872584343
4403,0.060122810304164886
4404,0.04780484363436699
4405,0.05760892480611801
4406,0.04726940765976906
4407,0.05570277199149132
4408,0.051869627088308334
4409,0.05057597905397415
4410,0.05766774341464043
4411,0.05681207403540611
4412,0.04908515140414238
4413,0.0552372969686985
4414,0.050936583429574966
4415,0.052769001573324203
4416,0.060305144637823105
4417,0.06041163206100464
4418,0.04746047407388687
4419,0.05873730406165123
4420,0.04499898850917816
4421,0.05286254361271858
4422,0.05203743278980255
4423,0.051037583500146866
4424,0.05461816489696503
4425,0.055945783853530884
4426,0.05014645308256149
4427,0.045897550880908966
4428,0.058425720781087875
4429,0.05972084403038025
4430,0.06298542022705078
4431,0.05849491059780121
4432,0.05492725223302841
4433,0.05864611640572548
4434,0.0613730363547802
4435,0.05506538227200508
4436,0.056475065648555756
4437,0.06013990938663483
4438,0.05201338976621628
4439,0.054072242230176926
4440,0.05570151284337044
4441,0.05315963923931122
4442,0.05373531952500343
4443,0.04752718657255173
4444,0.06289708614349365
4445,0.049257878214120865
4446,0.05561888590455055
4447,0.058977264910936356
4448,0.05744892731308937
4449,0.05158631131052971
4450,0.052901171147823334
4451,0.05286985635757446
4452,0.05491150543093681
4453,0.05635819211602211
4454,0.05874355509877205
4455,0.05293948948383331
4456,0.05731930583715439
4457,0.0545148067176342
4458,0.05416100472211838
4459,0.05400083586573601
4460,0.05548388510942459
4461,0.05409388989210129
4462,0.05232863128185272
4463,0.053547509014606476
4464,0.055513035506010056
4465,0.05594346299767494
4466,0.05462899059057236
4467,0.046780064702034
4468,0.055890265852212906
4469,0.05067460238933563
4470,0.05500747635960579
4471,0.0572088360786438
4472,0.05836169421672821
4473,0.061214134097099304
4474,0.05149542912840843
4475,0.0543145127594471
4476,0.057513196021318436
4477,0.061274174600839615
4478,0.05055837333202362
4479,0.052014000713825226
4480,0.062297917902469635
4481,0.049211855977773666
4482,0.053738899528980255
4483,0.05032829940319061
4484,0.04688253998756409
4485,0.05102194845676422
4486,0.055635418742895126
4487,0.053853150457143784
4488,0.05164800584316254
4489,0.05266045406460762
4490,0.04701486974954605
4491,0.06384500861167908
4492,0.05275237560272217
4493,0.05922919139266014
4494,0.06413450092077255
4495,0.05947952717542648
4496,0.054166827350854874
4497,0.05929572880268097
4498,0.06677215546369553
4499,0.05354535952210426
4500,0.05526348948478699
4501,0.0642731636762619
4502,0.05574202165007591
4503,0.055607233196496964
4504,0.05802823603153229
4505,0.05760864168405533
4506,0.04589000344276428
4507,0.06070969998836517
4508,0.05867023766040802
4509,0.049414824694395065
4510,0.059850193560123444
4511,0.05994173511862755
4512,0.04291033744812012
4513,0.059974126517772675
4514,0.05750999227166176
4515,0.04569588601589203
4516,0.053324144333601
4517,0.06079095974564552
4518,0.05560288205742836
4519,0.04745306447148323
4520,0.05824873596429825
4521,0.052730485796928406
4522,0.05846638232469559
4523,0.05006951838731766
4524,0.05403289198875427
4525,0.05517573282122612
4526,0.046771302819252014
4527,0.0464504137635231
4528,0.048737458884716034
4529,0.05129503086209297
4530,0.06454458087682724
4531,0.05723312869668007
4532,0.04837174341082573
4533,0.05445891246199608
4534,0.056783296167850494
4535,0.05906829982995987
4536,0.04818776994943619
4537,0.054984137415885925
4538,0.05521850660443306
4539,0.05520237982273102
4540,0.05342958867549896
4541,0.05293208733201027
4542,0.046327412128448486
4543,0.05346756428480148
4544,0.05110630765557289
4545,0.05324796587228775
4546,0.05583648756146431
4547,0.049964163452386856
4548,0.04741533845663071
4549,0.05708521232008934
4550,0.0540420338511467
4551,0.06386438012123108
4552,0.05533594265580177
4553,0.05137813836336136
4554,0.05446816235780716
4555,0.048094429075717926
4556,0.0591670460999012
4557,0.05638062208890915
4558,0.05695987120270729
4559,0.051590435206890106
4560,0.05721835419535637
4561,0.05753461271524429
4562,0.05315462127327919
4563,0.05514725297689438
4564,0.048975877463817596
4565,0.047652117908000946
4566,0.05133773013949394
4567,0.05364857241511345
4568,0.05667075887322426
4569,0.06383403390645981
4570,0.05628864839673042
4571,0.05457548052072525
4572,0.05892891809344292
4573,0.06346044689416885
4574,0.05655888095498085
4575,0.05267097055912018
4576,0.058838799595832825
4577,0.04972416162490845
4578,0.054712165147066116
4579,0.055569782853126526
4580,0.06467051804065704
4581,0.052000392228364944
4582,0.060757115483284
4583,0.04891432821750641
4584,0.05396551638841629
4585,0.05830629914999008
4586,0.06118851900100708
4587,0.049857694655656815
4588,0.04855192080140114
4589,0.056069593876600266
4590,0.054979607462882996
4591,0.056518517434597015
4592,0.05207591503858566
4593,0.055453766137361526
4594,0.05449184030294418
4595,0.054766565561294556
4596,0.05099055916070938
4597,0.05408933758735657
4598,0.05910969898104668
4599,0.05374273657798767
4600,0.052889417856931686
4601,0.05741896480321884
4602,0.04998384788632393
4603,0.05573810264468193
4604,0.06422067433595657
4605,0.050779327750205994
4606,0.05603461340069771
4607,0.058643463999032974
4608,0.052266962826251984
4609,0.053400006145238876
4610,0.06471633911132812
4611,0.05725486949086189
4612,0.05704140663146973
4613,0.057763636112213135
4614,0.05702274292707443
4615,0.0564529187977314
4616,0.054052118211984634
4617,0.055503521114587784
4618,0.057773884385824203
4619,0.05807410180568695
4620,0.05280403420329094
4621,0.05622519552707672
4622,0.05572778359055519
4623,0.06635181605815887
4624,0.05939672887325287
4625,0.05215706303715706
4626,0.0650184378027916
4627,0.051138389855623245
4628,0.043099209666252136
4629,0.06495515257120132
4630,0.05714455991983414
4631,0.05516878515481949
4632,0.05049929767847061
4633,0.051320720463991165
4634,0.05893329530954361
4635,0.055699802935123444
4636,0.05112443119287491
4637,0.05332957208156586
4638,0.058011773973703384
4639,0.04834839701652527
4640,0.054973144084215164
4641,0.05354378744959831
4642,0.05147407203912735
4643,0.04694559797644615
4644,0.067247673869133
4645,0.055871278047561646
4646,0.05577753856778145
4647,0.048700425773859024
4648,0.06414073705673218
4649,0.056040965020656586
4650,0.054944463074207306
4651,0.05560683086514473
4652,0.06069716066122055
4653,0.0523914135992527
4654,0.0532141774892807
4655,0.057395800948143005
4656,0.053120292723178864
4657,0.04545528441667557
4658,0.051791273057460785
4659,0.04852896183729172
4660,0.05360030382871628
4661,0.05109159275889397
4662,0.055693577975034714
4663,0.049844250082969666
4664,0.051460668444633484
4665,0.04996227100491524
4666,0.05220145359635353
4667,0.05527877062559128
4668,0.05090507119894028
4669,0.05655303969979286
4670,0.053870800882577896
4671,0.05086251348257065
4672,0.04919658601284027
4673,0.0587090440094471
4674,0.0556425116956234
4675,0.050399381667375565
4676,0.05383090674877167
4677,0.057831812649965286
4678,0.053400859236717224
4679,0.058129437267780304
4680,0.05653844028711319
4681,0.06520035862922668
4682,0.0501331202685833
4683,0.05880345031619072
4684,0.04874907061457634
4685,0.06323375552892685
4686,0.056741319596767426
4687,0.05249396339058876
4688,0.053307414054870605
4689,0.05453968420624733
4690,0.06271205097436905
4691,0.05839581415057182
4692,0.054932788014411926
4693,0.05821162089705467
4694,0.05352631211280823
4695,0.05354087054729462
4696,0.060313206166028976
4697,0.061873070895671844
4698,0.0549369640648365
4699,0.05952819809317589
4700,0.05482770875096321
4701,0.05665381997823715
4702,0.061362046748399734
4703,0.052368614822626114
4704,0.052674006670713425
4705,0.05156175419688225
4706,0.05028560385107994
4707,0.05926509574055672
4708,0.05337221547961235
4709,0.04969543591141701
4710,0.04288123920559883
4711,0.05419882759451866
4712,0.053428106009960175
4713,0.060405321419239044
4714,0.05272281542420387
4715,0.05328555405139923
4716,0.045065972954034805
4717,0.055059198290109634
4718,0.054311539977788925
4719,0.05574220046401024
4720,0.05790312960743904
4721,0.05422117933630943
4722,0.05050242319703102
4723,0.05481160432100296
4724,0.06097882613539696
4725,0.05085226893424988
4726,0.05268128588795662
4727,0.050302110612392426
4728,0.0516890250146389
4729,0.05503639578819275
4730,0.05512493848800659
4731,0.05845900997519493
4732,0.0489208847284317
4733,0.0456293486058712
4734,0.05467614158987999
4735,0.05216068774461746
4736,0.05766903609037399
4737,0.06403066217899323
4738,0.05468852072954178
4739,0.054919157177209854
4740,0.05311592295765877
4741,0.04848335683345795
4742,0.04885775223374367
4743,0.057874321937561035
4744,0.05618077516555786
4745,0.052158720791339874
4746,0.0536758229136467
4747,0.04945595934987068
4748,0.05548997223377228
4749,0.05302032455801964
4750,0.04678552970290184
4751,0.04975671321153641
4752,0.06425964087247849
4753,0.054586656391620636
4754,0.05925372242927551
4755,0.04551457613706589
4756,0.0515776127576828
4757,0.05452142283320427
4758,0.05403320863842964
4759,0.0511188767850399
4760,0.054143019020557404
4761,0.05090769752860069
4762,0.05292150750756264
4763,0.05315970629453659
4764,0.0557687021791935
4765,0.0570974126458168
4766,0.05069737136363983
4767,0.055997662246227264
4768,0.05005848407745361
4769,0.054049812257289886
4770,0.047489456832408905
4771,0.046687446534633636
4772,0.056947141885757446
4773,0.052988048642873764
4774,0.05324998125433922
4775,0.0587342269718647
4776,0.057777613401412964
4777,0.05282802879810333
4778,0.04864674061536789
4779,0.04896533116698265
4780,0.052989594638347626
4781,0.06169142946600914
4782,0.05798936262726784
4783,0.04516554996371269
4784,0.056171100586652756
4785,0.04982047900557518
4786,0.06008981168270111
4787,0.059658002108335495
4788,0.05641733482480049
4789,0.04663035273551941
4790,0.05476096644997597
4791,0.0605921745300293
4792,0.050980228930711746
4793,0.061280570924282074
4794,0.06544646620750427
4795,0.051283497363328934
4796,0.054645080119371414
4797,0.06422687321901321
4798,0.04803111404180527
4799,0.05321687087416649
4800,0.05222305282950401
4801,0.05182564631104469
4802,0.05115043371915817
4803,0.055356599390506744
4804,0.05136924982070923
4805,0.0499066524207592
4806,0.052473284304142
4807,0.048769157379865646
4808,0.04359118640422821
4809,0.048602305352687836
4810,0.06053343042731285
4811,0.054142601788043976
4812,0.05567416921257973
4813,0.0526629276573658
4814,0.04971704259514809
4815,0.06115729361772537
4816,0.04664885252714157
4817,0.06373827159404755
4818,0.05885700508952141
4819,0.05434814468026161
4820,0.057252977043390274
4821,0.0564224012196064
4822,0.05046893283724785
4823,0.05158499255776405
4824,0.04927586764097214
4825,0.058590009808540344
4826,0.05556662753224373
4827,0.05651382356882095
4828,0.057704973965883255
4829,0.06485172361135483
4830,0.054705820977687836
4831,0.05433697998523712
4832,0.048450689762830734
4833,0.06147546321153641
4834,0.051516734063625336
4835,0.052376024425029755
4836,0.046676602214574814
4837,0.052392084151506424
4838,0.058419715613126755
4839,0.05830134451389313
4840,0.04933303967118263
4841,0.053069740533828735
4842,0.050471771508455276
4843,0.06199853494763374
4844,0.054031457751989365
4845,0.06230245903134346
4846,0.05815253406763077
4847,0.05274929851293564
4848,0.056891877204179764
4849,0.04717664048075676
4850,0.04200910031795502
4851,0.06079313904047012
4852,0.06165653094649315
4853,0.05527745932340622
4854,0.055015772581100464
4855,0.05232251062989235
4856,0.05268123745918274
4857,0.063399538397789
4858,0.054180242121219635
4859,0.050349161028862
4860,0.04696689918637276
4861,0.05517096444964409
4862,0.05889856442809105
4863,0.04910361021757126
4864,0.06024732068181038
4865,0.05636041983962059
4866,0.054683294147253036
4867,0.06242620199918747
4868,0.053706929087638855
4869,0.05414546653628349
4870,0.05133660137653351
4871,0.055708300322294235
4872,0.05657421424984932
4873,0.053131554275751114
4874,0.051971446722745895
4875,0.048467811197042465
4876,0.058265458792448044
4877,0.06610090285539627
4878,0.0569048635661602
4879,0.05106847360730171
4880,0.05476948991417885
4881,0.06512904912233353
4882,0.05132509768009186
4883,0.06164266914129257
4884,0.05407947301864624
4885,0.05437890440225601
4886,0.05462171137332916
4887,0.060906603932380676
4888,0.05570179969072342
4889,0.054296936839818954
4890,0.054063886404037476
4891,0.05881049856543541
4892,0.05653202533721924
4893,0.055212512612342834
4894,0.052184827625751495
4895,0.05855352059006691
4896,0.061803191900253296
4897,0.056066181510686874
4898,0.05536215379834175
4899,0.057450298219919205
4900,0.045213304460048676
4901,0.05112207308411598
4902,0.04767060652375221
4903,0.055090710520744324
4904,0.05515794828534126
4905,0.05902284011244774
4906,0.05644860863685608
4907,0.045051299035549164
4908,0.0517922006547451
4909,0.04664766788482666
4910,0.054585084319114685
4911,0.051743920892477036
4912,0.05913810431957245
4913,0.053099311888217926
4914,0.0588991641998291
4915,0.053887322545051575
4916,0.04860326275229454
4917,0.05334243178367615
4918,0.04807035252451897
4919,0.05394740030169487
4920,0.06371507793664932
4921,0.053111616522073746
4922,0.06666147708892822
4923,0.05525396764278412
4924,0.0526978075504303
4925,0.05268345773220062
4926,0.053996648639440536
4927,0.0605742484331131
4928,0.06111773103475571
4929,0.06328091770410538
4930,0.05032748728990555
4931,0.052591416984796524
4932,0.04834271967411041
4933,0.05783858522772789
4934,0.05666508898139
4935,0.0483352392911911
4936,0.05299530550837517
4937,0.04898019880056381
4938,0.05776718631386757
4939,0.04404880478978157
4940,0.052427344024181366
4941,0.06776485592126846
4942,0.048411209136247635
4943,0.049902673810720444
4944,0.04916869103908539
4945,0.05690654367208481
4946,0.05332266166806221
4947,0.04530493915081024
4948,0.061656128615140915
4949,0.058196354657411575
4950,0.049530044198036194
4951,0.05505509674549103
4952,0.044446177780628204
4953,0.05332864820957184
4954,0.05710175633430481
4955,0.047987308353185654
4956,0.0527678057551384
4957,0.05125223472714424
4958,0.05182209610939026
4959,0.06241704151034355
4960,0.05558975040912628
4961,0.05014603212475777
4962,0.06414654105901718
4963,0.05924001336097717
4964,0.05014006420969963
4965,0.048558782786130905
4966,0.049570027738809586
4967,0.04937480762600899
4968,0.0596841536462307
4969,0.052121855318546295
4970,0.059834934771060944
4971,0.06540083140134811
4972,0.05916204676032066
4973,0.056933775544166565
4974,0.054718323051929474
4975,0.0564054399728775
4976,0.05449545383453369
4977,0.060165148228406906
4978,0.06254089623689651
4979,0.05916949361562729
4980,0.06270528584718704
4981,0.056806206703186035
4982,0.05670037865638733
4983,0.05616291984915733
4984,0.05721038207411766
4985,0.054689232259988785
4986,0.048491302877664566
4987,0.05561836436390877
4988,0.0468921959400177
4989,0.05162305384874344
4990,0.056936729699373245
4991,0.054737720638513565
4992,0.058368876576423645
4993,0.054160136729478836
4994,0.06202084198594093
4995,0.05068138986825943
4996,0.05411477014422417
4997,0.05220725014805794
4998,0.05133480206131935
4999,0.04891470447182655
5000,0.05258062854409218
5001,0.05052673816680908
5002,0.05746489390730858
5003,0.04979301616549492
5004,0.05136144906282425
5005,0.06345754861831665
5006,0.06008950248360634
5007,0.049460794776678085
5008,0.051884882152080536
5009,0.05769941583275795
5010,0.060503553599119186
5011,0.058648377656936646
5012,0.058202050626277924
5013,0.051259595900774
5014,0.051256366074085236
5015,0.05846772342920303
5016,0.04618101194500923
5017,0.05354556441307068
5018,0.04507629573345184
5019,0.05219504237174988
5020,0.05233967304229736
5021,0.04906253144145012
5022,0.0444582998752594
5023,0.04735107347369194
5024,0.055778682231903076
