0,191.06338787078857
1,187.09376454353333
2,191.989905834198
3,192.44103121757507
4,189.22266840934753
5,193.0990469455719
6,193.67942357063293
7,194.3129644393921
8,191.5556285381317
9,205.271249294281
10,191.78870630264282
11,194.61494374275208
12,197.6841688156128
13,194.19557785987854
14,191.21002221107483
15,195.25180912017822
16,191.9610617160797
17,196.6893744468689
18,191.9345555305481
19,191.41839599609375
20,194.52261781692505
21,185.75902938842773
22,193.11486744880676
23,191.09541034698486
24,194.93361377716064
25,192.9186887741089
26,190.97968339920044
27,189.29707050323486
28,194.96508479118347
29,191.22625255584717
30,193.8006410598755
31,193.27875328063965
32,200.40209674835205
33,201.91431593894958
34,218.5852973461151
35,229.58496522903442
36,210.0004894733429
37,214.74165105819702
38,212.90041422843933
39,217.5109314918518
40,215.58533143997192
41,211.7388596534729
42,198.53614473342896
43,193.8564338684082
44,191.99004340171814
45,190.34217762947083
46,191.74222135543823
47,193.12162613868713
48,190.37652564048767
49,198.65409207344055
50,192.44029545783997
51,188.71110010147095
52,189.51213264465332
53,194.01180744171143
54,190.3840057849884
55,192.73170971870422
56,191.74104261398315
57,196.0539517402649
58,205.46803498268127
59,210.31328916549683
60,205.38841605186462
61,208.75688242912292
62,214.34348678588867
63,208.92693829536438
64,195.19343328475952
65,195.5343635082245
66,197.65752792358398
67,195.07077860832214
68,190.61978244781494
69,191.04409861564636
70,194.85305452346802
71,188.83825993537903
72,191.2289764881134
73,186.0699999332428
74,192.3444209098816
75,191.71058320999146
76,189.51936554908752
77,189.4987027645111
78,189.25770592689514
79,193.0645022392273
80,191.36275839805603
81,196.97600293159485
82,192.34153032302856
83,198.52780389785767
84,194.76102113723755
85,200.68107914924622
86,197.48637771606445
87,200.44734025001526
88,205.91678547859192
89,209.23868942260742
90,207.00158596038818
91,216.1831669807434
92,207.70352005958557
93,206.81563544273376
94,204.82855105400085
95,197.58974075317383
96,196.4066822528839
97,206.5010049343109
98,195.18392395973206
99,198.45056986808777
100,194.31229829788208
101,187.73096990585327
102,184.7623312473297
103,190.07212686538696
104,185.7761676311493
105,186.31481051445007
106,188.43568468093872
107,189.49657011032104
108,188.7968714237213
109,196.15924644470215
110,195.9013810157776
111,202.1512508392334
112,194.06233167648315
113,204.04194355010986
114,207.63018798828125
115,209.57773113250732
116,204.47951364517212
117,217.9455931186676
118,221.09015917778015
119,203.11572122573853
120,198.3256230354309
121,200.3673403263092
122,203.8362259864807
123,195.5800633430481
124,202.84448647499084
125,194.9926426410675
126,195.933340549469
127,194.61775374412537
128,195.39155507087708
129,219.97771906852722
130,207.77849102020264
131,206.66197657585144
132,211.53518319129944
133,205.37222027778625
134,192.30992579460144
135,187.5303440093994
136,186.79162645339966
137,187.69179248809814
138,188.37953639030457
139,186.7796881198883
140,190.60661792755127
141,189.96883630752563
142,191.56639528274536
143,195.11513328552246
144,192.320565700531
145,210.14550161361694
146,207.79570698738098
147,206.4408574104309
148,203.97156715393066
149,199.386239528656
150,204.9997296333313
151,208.9682698249817
152,206.1276023387909
153,197.85738921165466
154,198.47629475593567
155,193.3366436958313
156,194.55872178077698
157,195.21943950653076
158,197.65633940696716
159,196.49809098243713
160,192.22333574295044
161,190.156108379364
162,192.97562456130981
163,189.8104658126831
164,190.5529100894928
165,189.71919226646423
166,191.24493598937988
167,193.25447344779968
168,194.16755175590515
169,188.9323332309723
170,192.87878561019897
171,196.60109996795654
172,201.04017806053162
173,198.02105474472046
174,204.6715579032898
175,202.51570391654968
176,207.3256196975708
177,204.02258944511414
178,203.88499474525452
179,195.3517608642578
180,194.37641096115112
181,193.18426537513733
182,191.67499470710754
183,198.60605669021606
184,193.14979791641235
185,192.5484209060669
186,189.27256798744202
187,193.75036907196045
188,191.5495936870575
189,185.99465322494507
190,193.32891750335693
191,188.44094824790955
192,191.94590616226196
193,195.68365859985352
194,196.2523193359375
195,194.73796391487122
196,193.97047472000122
180,153.7113118171692
181,172.26869082450867
182,172.1105935573578
183,173.03635025024414
184,174.28381156921387
185,177.56703066825867
186,179.44095993041992
187,181.65754795074463
188,183.02783846855164
189,190.74055457115173
190,188.51509141921997
191,190.06155490875244
192,193.48020100593567
193,198.21473598480225
194,192.7410135269165
195,190.90019297599792
196,191.05114126205444
197,190.38910722732544
198,181.2404637336731
199,180.87248396873474
200,175.82719588279724
201,180.93963813781738
202,178.76321411132812
203,177.3396348953247
204,173.55846571922302
205,178.73758506774902
206,184.14954209327698
207,184.7291910648346
208,186.49450826644897
209,189.29785203933716
210,191.19750237464905
211,192.46402740478516
212,195.37102127075195
213,197.39119029045105
214,203.12283158302307
215,204.87076711654663
216,205.44975399971008
217,211.47124910354614
218,195.91292309761047
219,195.81462025642395
220,194.08204078674316
221,192.7955346107483
222,189.7842047214508
223,190.7891809940338
224,182.78548622131348
225,185.5095410346985
226,179.6553521156311
227,184.18027997016907
228,182.19105410575867
229,182.9611246585846
230,175.54928493499756
231,172.40531730651855
232,178.97389316558838
233,181.66271448135376
234,185.26739048957825
235,185.15260314941406
236,189.4886589050293
237,189.99378037452698
238,184.8276264667511
239,182.17018055915833
240,186.61855053901672
241,181.5348834991455
242,182.82746839523315
243,176.55173993110657
244,178.78786516189575
245,174.41914105415344
246,180.92087769508362
247,178.14239883422852
248,178.37262177467346
249,178.22829294204712
250,182.92710256576538
251,187.23115873336792
252,194.34152221679688
253,194.39432764053345
254,188.84024119377136
255,208.11034965515137
256,197.25786519050598
257,197.98391318321228
258,200.13213229179382
259,180.7684428691864
260,185.84717106819153
261,187.60351824760437
262,188.3396589756012
263,186.45980167388916
264,187.32400751113892
265,192.66093158721924
266,187.03169918060303
267,189.31460976600647
268,186.01590633392334
269,181.30765223503113
270,185.29174041748047
271,191.7780830860138
272,192.22099566459656
273,193.15387535095215
274,190.6006863117218
275,189.78942465782166
276,200.10896372795105
277,191.42463850975037
278,193.5569770336151
279,196.4550461769104
280,185.3660867214203
281,185.35534977912903
282,189.44742393493652
283,190.22903394699097
284,189.59788703918457
285,187.74524450302124
286,188.0487949848175
287,188.63156986236572
288,191.91373586654663
289,189.77898955345154
290,190.53126668930054
291,182.03468656539917
292,188.5886218547821
293,190.800377368927
294,192.888747215271
295,195.27966904640198
296,190.6306004524231
297,190.28382515907288
298,192.64811873435974
299,187.18599104881287
300,185.5932092666626
301,187.22548079490662
302,189.07988095283508
303,190.47286462783813
304,191.925518989563
305,189.9885973930359
306,189.205224275589
307,194.2701919078827
308,196.56710958480835
309,213.8205862045288
310,189.7969355583191
311,183.97264957427979
312,190.57277870178223
313,187.4432089328766
314,181.52709031105042
315,190.33063220977783
316,184.37128329277039
317,178.83045864105225
318,185.70781254768372
319,187.22412490844727
320,185.41873812675476
321,195.75305438041687
322,188.6431748867035
323,189.03590512275696
324,191.23128700256348
325,190.27897930145264
326,194.235280752182
327,199.70273780822754
328,196.59776711463928
329,198.80741620063782
330,203.40210390090942
331,194.55984950065613
332,194.89567947387695
333,193.5178198814392
334,191.68906021118164
335,194.85606050491333
336,196.34664273262024
337,195.95047092437744
338,196.24305081367493
339,194.05512285232544
340,191.53214716911316
341,193.31421208381653
342,192.47522735595703
343,196.96045303344727
344,196.79085516929626
345,190.34242391586304
346,187.25869822502136
347,188.35061025619507
348,186.90093994140625
349,181.9645118713379
350,183.1186203956604
351,185.73087286949158
352,177.51942586898804
353,179.66281080245972
354,180.93207669258118
355,182.54377913475037
356,192.87805581092834
357,188.0851218700409
358,195.06459307670593
359,194.56655025482178
360,202.4398455619812
361,198.86160016059875
362,205.68058133125305
363,201.39953637123108
364,207.06108045578003
365,204.95908331871033
366,200.95932698249817
367,196.8127884864807
368,201.66079878807068
369,195.68778467178345
370,197.0753972530365
371,196.4641215801239
372,196.70796179771423
373,190.6336212158203
374,206.44293594360352
375,194.24552869796753
376,185.6523334980011
377,191.84492206573486
378,183.51776313781738
379,186.22677397727966
380,183.74494457244873
381,189.59860825538635
382,188.32682633399963
383,185.4657745361328
384,185.6893162727356
385,183.28982043266296
386,188.9975700378418
387,186.1340410709381
388,182.68356370925903
389,188.28734493255615
390,189.60199546813965
391,187.75885772705078
392,193.3932821750641
393,196.64741158485413
394,200.8158049583435
395,202.28685998916626
396,204.12079739570618
397,200.2976372241974
398,198.0898153781891
399,195.5551745891571
400,194.2148950099945
401,193.66303825378418
402,191.58047008514404
403,190.4354646205902
404,189.39675617218018
405,183.96830534934998
406,186.45467257499695
407,188.00222539901733
408,189.37300658226013
409,186.20077323913574
410,188.30999970436096
411,191.8214304447174
412,189.64154624938965
413,190.974116563797
414,186.2952218055725
415,188.38527274131775
416,193.42730236053467
417,193.95285487174988
418,195.15421390533447
419,188.27102971076965
420,190.44683694839478
421,190.01955103874207
422,197.07528924942017
423,186.0201554298401
424,183.38117814064026
425,185.82858872413635
426,194.61490035057068
427,198.81239557266235
428,195.63131594657898
429,189.45800137519836
430,189.90670728683472
431,190.69335436820984
432,190.52836799621582
433,188.404554605484
434,189.38253378868103
435,187.25479388237
436,188.80854415893555
437,191.56398177146912
438,191.5531439781189
439,217.49317455291748
440,186.67731761932373
441,193.10673999786377
442,197.43172144889832
443,197.45395827293396
444,196.92902207374573
445,204.5120038986206
446,198.63158464431763
447,189.68731212615967
448,193.9744725227356
449,197.037823677063
450,193.2340807914734
451,189.53155183792114
452,188.42438173294067
453,183.80825567245483
454,188.90895581245422
455,184.33864736557007
456,183.66211128234863
457,182.94863033294678
458,180.87065076828003
459,183.89734768867493
460,186.69438433647156
461,195.06877183914185
462,186.52091002464294
463,191.30919218063354
464,189.54315733909607
465,191.11493563652039
466,192.03085446357727
467,190.70206117630005
468,192.35543870925903
469,191.7225959300995
470,196.91937851905823
471,182.50576281547546
472,188.5724232196808
473,189.43078756332397
474,193.3936846256256
475,191.01411867141724
476,190.05346965789795
477,188.47180676460266
478,188.26499891281128
479,190.45522785186768
480,186.17991542816162
481,189.96413707733154
482,183.6982786655426
483,185.84905862808228
484,190.29165601730347
485,190.63594484329224
486,185.7371153831482
487,195.31737899780273
488,191.93172907829285
489,189.62309503555298
490,188.6003360748291
491,192.5236940383911
492,189.96764159202576
493,188.72610783576965
494,189.0849006175995
495,186.84272742271423
496,185.9524974822998
497,187.46695399284363
498,179.48044085502625
499,181.458744764328
500,181.4011092185974
501,185.19914174079895
502,188.01947617530823
503,196.56988096237183
504,193.3984568119049
505,199.18042755126953
506,196.4124617576599
507,205.40992665290833
508,198.00434851646423
509,200.93517518043518
510,193.26222252845764
511,197.4698770046234
512,192.63769054412842
513,195.11299967765808
514,190.19443154335022
515,186.50087332725525
516,188.9742317199707
517,188.1805498600006
518,193.77380442619324
519,188.10210990905762
520,191.42745089530945
521,192.56919240951538
522,195.03863978385925
523,188.98601913452148
524,187.46492195129395
525,185.68387699127197
526,188.40340042114258
527,189.06503057479858
528,190.9830367565155
529,189.07119178771973
530,188.51629328727722
531,191.60814380645752
532,189.12219619750977
533,188.71438264846802
534,187.79190921783447
535,184.89143657684326
536,186.60402488708496
537,186.9613721370697
538,186.67533087730408
539,190.9530692100525
540,190.00472974777222
541,193.65074586868286
542,193.9970941543579
543,193.06259655952454
544,190.9411678314209
545,186.22329545021057
546,190.10409665107727
547,189.00844311714172
548,198.58580589294434
549,192.45769834518433
550,188.63648509979248
551,193.28483390808105
552,199.3952238559723
553,197.40599012374878
554,198.2119414806366
555,200.57006883621216
556,190.61601400375366
557,190.91664218902588
558,196.24287939071655
559,191.82061457633972
560,190.46368050575256
561,183.42678880691528
562,189.8144497871399
563,187.71242094039917
564,193.7667601108551
565,187.31424570083618
566,190.53582096099854
567,197.25123643875122
568,201.16732597351074
569,229.73886561393738
570,191.0303225517273
571,211.01034235954285
572,204.90660524368286
573,203.23734545707703
574,196.55812740325928
575,195.51137042045593
576,196.5120348930359
577,195.2104048728943
578,191.2363679409027
579,190.33539748191833
580,183.59454441070557
581,189.92718029022217
582,190.4438681602478
583,186.31515169143677
584,183.91893076896667
585,180.9706745147705
586,176.98123216629028
587,173.82247686386108
588,187.23411965370178
589,189.35193610191345
590,189.03098940849304
591,195.812237739563
592,196.01108813285828
593,194.08656334877014
594,195.8333559036255
595,195.4556770324707
596,195.38713192939758
597,198.71923542022705
598,190.56028509140015
599,192.38633823394775
600,192.91398572921753
601,188.01858019828796
602,185.70095229148865
603,188.27195811271667
604,188.30995106697083
605,189.9490144252777
606,192.17991471290588
607,189.0145399570465
608,189.37060928344727
609,192.34953618049622
610,192.36422109603882
611,197.76613688468933
612,190.7670395374298
613,188.1942355632782
614,188.62182569503784
615,193.15520405769348
616,188.75641655921936
617,186.4280891418457
618,190.70639491081238
619,181.44311451911926
620,181.53413677215576
621,183.9385280609131
622,186.91507744789124
623,189.51074886322021
624,190.88795804977417
625,193.3941171169281
626,187.80784440040588
627,192.75614047050476
628,193.45047760009766
629,191.1126627922058
630,192.47447729110718
631,200.4830310344696
632,190.59124422073364
633,183.92443251609802
634,191.0262393951416
635,188.49172568321228
636,192.2159628868103
637,194.3490128517151
638,187.96165561676025
639,193.78257012367249
640,195.7702226638794
641,193.35405015945435
642,187.0583462715149
643,190.4306423664093
644,190.40385460853577
645,190.0334713459015
646,190.20740246772766
647,191.883282661438
648,191.14927506446838
649,191.3792848587036
650,193.8760848045349
651,185.10663175582886
652,192.00333499908447
653,195.52788639068604
654,195.7115442752838
655,195.24876379966736
656,199.98250246047974
657,200.14420580863953
658,202.23311185836792
659,190.2887716293335
660,189.79298400878906
661,184.31648135185242
662,189.1270763874054
663,191.78550839424133
664,189.74991369247437
665,187.9598228931427
666,192.80890035629272
667,191.5230312347412
668,193.51197266578674
669,194.5556080341339
670,197.1418490409851
671,199.90042281150818
672,198.08629369735718
673,199.26407527923584
674,194.8668920993805
675,192.11638474464417
676,192.3477349281311
677,192.28383684158325
678,190.705899477005
679,190.48871636390686
680,192.28120255470276
681,185.53521609306335
682,185.91691875457764
683,185.9327404499054
684,185.49660181999207
685,189.2524218559265
686,181.19646692276
687,189.61147141456604
688,185.8751037120819
689,190.44664120674133
690,186.93665742874146
691,187.60785007476807
692,185.65944290161133
693,184.00148701667786
694,189.41114735603333
695,194.80272006988525
696,186.57713985443115
697,193.5238003730774
698,200.17295956611633
699,217.7065999507904
700,181.13163232803345
701,182.34386706352234
702,185.1591818332672
703,188.28177332878113
704,191.96723222732544
705,184.99632287025452
706,191.55572366714478
707,193.7484166622162
708,194.54186177253723
709,198.47740077972412
710,200.49840021133423
711,198.01489877700806
712,197.17147970199585
713,195.31198024749756
714,192.73172974586487
715,184.51760458946228
716,182.28172826766968
717,182.4042284488678
718,182.45825910568237
719,179.24466586112976
720,175.37626147270203
721,174.90759468078613
722,178.04885029792786
723,184.58954906463623
724,181.42886996269226
725,188.1483051776886
726,181.8850200176239
727,186.7787947654724
728,186.8199758529663
729,186.63806772232056
730,190.48332858085632
731,192.40293550491333
732,196.2653682231903
733,192.3094997406006
734,195.22369980812073
735,194.481693983078
736,190.27724313735962
737,193.05143404006958
738,192.01058840751648
739,191.24896121025085
740,191.34285879135132
741,189.878399848938
742,188.0810375213623
743,185.19601225852966
744,185.4400336742401
745,180.79254603385925
746,186.28645849227905
747,181.21142506599426
748,179.95259499549866
749,176.60033226013184
750,183.18194794654846
751,179.73648715019226
752,181.9533131122589
753,182.99349403381348
754,189.1194417476654
755,191.55986166000366
756,196.73566150665283
757,198.01099514961243
758,195.90931487083435
759,196.05077528953552
760,195.4362096786499
761,189.9781572818756
762,187.8517427444458
763,190.35131096839905
764,186.43723917007446
765,189.7589795589447
766,191.38778376579285
767,195.13015294075012
768,197.4859926700592
769,201.03929924964905
770,201.49057817459106
771,197.35810327529907
772,203.11910438537598
773,201.3420159816742
774,198.32527661323547
775,196.20225477218628
776,194.91693949699402
777,195.14160561561584
778,195.66440796852112
779,191.03674387931824
780,187.1336953639984
781,191.56245040893555
782,193.13762712478638
783,189.86958169937134
784,189.13864302635193
785,188.3023021221161
786,191.04924178123474
787,186.0734202861786
788,188.22171211242676
789,189.97786331176758
790,189.82132411003113
791,189.41175436973572
792,193.29191279411316
793,189.55138897895813
794,190.31168627738953
795,193.97309684753418
796,189.05405378341675
797,194.6413996219635
798,190.14568209648132
799,189.42349123954773
800,195.17630338668823
801,200.07998919487
802,197.87241125106812
803,197.98501133918762
804,196.67569065093994
805,197.64863109588623
806,195.06840538978577
807,191.7365791797638
808,188.53182220458984
809,189.95782494544983
810,182.29278779029846
811,193.83296942710876
812,191.05315232276917
813,192.85166692733765
814,190.63070273399353
815,187.0328392982483
816,187.92550778388977
817,187.4643316268921
818,185.57503724098206
819,185.91567158699036
820,186.37661600112915
821,187.26423335075378
822,189.58544754981995
823,191.6386740207672
824,190.27499508857727
825,188.62760305404663
826,194.550199508667
827,198.4366536140442
828,202.22360348701477
829,224.5477933883667
830,189.05454540252686
831,199.35468816757202
832,188.84754848480225
833,187.0545756816864
834,189.53112363815308
835,187.81858897209167
836,189.1795859336853
837,193.91424322128296
838,185.66121459007263
839,185.19576215744019
840,184.8968472480774
841,193.29059886932373
842,182.57767748832703
843,189.4536473751068
844,184.10101771354675
845,184.81112408638
846,177.62458610534668
847,184.13073682785034
848,179.22710037231445
849,181.24762630462646
850,177.83720779418945
851,177.30961728096008
852,179.02337861061096
853,176.64931678771973
854,187.50483512878418
855,189.10920929908752
856,194.09770894050598
857,203.96472144126892
858,188.5652985572815
859,188.90902662277222
860,199.87132453918457
861,184.77010202407837
862,187.83647918701172
863,188.3869824409485
864,189.76864218711853
865,183.40638303756714
866,184.11607480049133
867,188.9169852733612
868,184.50075221061707
869,189.2146234512329
870,184.40472626686096
871,179.73107481002808
872,179.9200189113617
873,178.98668336868286
874,181.53938221931458
875,179.92297434806824
876,177.74140763282776
877,180.55901336669922
878,182.2685420513153
879,186.941636800766
880,186.5008726119995
881,195.9901361465454
882,196.1443395614624
883,190.0572690963745
884,193.58840990066528
885,203.8640899658203
886,195.29407024383545
887,194.80235028266907
888,194.3613760471344
889,194.4592044353485
890,192.92327284812927
891,195.03420758247375
892,191.89050769805908
893,191.7038769721985
894,190.53597497940063
895,189.08931374549866
896,192.87580609321594
897,186.5188205242157
898,187.63036584854126
899,185.97662615776062
900,186.9740915298462
901,191.80658054351807
902,197.6222529411316
903,193.28321313858032
904,190.35544633865356
905,188.32788634300232
906,188.38201451301575
907,197.18127155303955
908,186.2830970287323
909,192.61441135406494
910,187.9020218849182
911,190.4653639793396
912,193.28998470306396
913,192.36626601219177
914,192.47809195518494
915,199.10972499847412
916,205.7376685142517
917,205.75917887687683
918,208.13343620300293
919,206.9090452194214
920,202.09262347221375
921,202.2428903579712
922,198.66006684303284
923,193.7719795703888
924,196.0141773223877
925,207.05968594551086
926,196.015549659729
927,193.94744873046875
928,189.62060737609863
929,190.22742795944214
930,182.9217209815979
931,183.30399370193481
932,187.39868569374084
933,181.24041080474854
934,185.24305272102356
935,179.12247800827026
936,177.23235368728638
937,181.99019622802734
938,185.222261428833
939,189.93783450126648
940,196.1911883354187
941,190.61496591567993
942,196.41324067115784
943,200.80984616279602
944,206.44568419456482
945,211.3452959060669
946,213.418630361557
947,204.06902384757996
948,201.87381887435913
949,202.42738151550293
950,195.29968285560608
951,195.41509628295898
952,195.45210695266724
953,199.2376561164856
954,191.11115217208862
955,193.65732383728027
956,192.27084970474243
957,193.9066948890686
958,193.1045744419098
959,207.5008237361908
960,187.14174342155457
961,187.5354664325714
962,189.66746425628662
963,185.76173877716064
964,189.03246545791626
965,188.24983310699463
966,188.82913184165955
967,185.5580930709839
968,187.08981156349182
969,185.89501667022705
970,185.37463784217834
971,186.51832246780396
972,183.51342868804932
973,188.56182956695557
974,187.72903180122375
975,179.77701568603516
976,185.84829926490784
977,181.83284425735474
978,188.7084424495697
979,175.54911994934082
980,182.39027571678162
981,186.9432497024536
982,182.7362825870514
983,181.2071568965912
984,187.82106018066406
985,188.12736892700195
986,175.78979063034058
987,188.92776489257812
988,189.85753297805786
989,186.203355550766
990,192.88108468055725
991,191.7918403148651
992,188.5633373260498
993,194.85156178474426
994,192.58102679252625
995,187.321058511734
996,185.18868207931519
997,186.87766575813293
998,188.55776286125183
999,188.03802394866943
1000,188.43334007263184
1001,191.35376167297363
1002,189.5727186203003
1003,185.47206664085388
1004,187.02366280555725
1005,187.51035261154175
1006,191.60315942764282
1007,190.36127018928528
1008,187.94436645507812
1009,185.85591864585876
1010,191.57665252685547
1011,184.51958417892456
1012,190.495432138443
1013,193.9537763595581
1014,189.1657555103302
1015,192.65551853179932
1016,194.27243065834045
1017,192.21317315101624
1018,191.13691568374634
1019,196.16947507858276
1020,192.95452666282654
1021,189.57303190231323
1022,185.56503534317017
1023,194.1150987148285
1024,187.96021795272827
1025,192.3443455696106
1026,189.60574913024902
1027,187.93515396118164
1028,186.87266278266907
1029,179.57592582702637
1030,183.51422095298767
1031,180.3915708065033
1032,184.96273612976074
1033,185.6219232082367
1034,193.7996323108673
1035,193.7517569065094
1036,203.3371067047119
1037,205.47586035728455
1038,196.2427363395691
1039,202.66051268577576
1040,219.1983036994934
1041,206.06867933273315
1042,200.69552183151245
1043,195.7235004901886
1044,196.35649871826172
1045,185.02119302749634
1046,188.60597157478333
1047,186.36024641990662
1048,182.19879126548767
1049,184.07272267341614
1050,179.6682369709015
1051,181.33951425552368
1052,182.76320576667786
1053,180.84635257720947
1054,180.85957860946655
1055,186.23119521141052
1056,180.43980598449707
1057,189.48631358146667
1058,180.23053193092346
1059,190.9204204082489
1060,185.42279195785522
1061,185.21863746643066
1062,184.95405745506287
1063,186.92117500305176
1064,176.9936671257019
1065,183.5277864933014
1066,178.14607858657837
1067,178.20645189285278
1068,183.21975898742676
1069,180.30581712722778
1070,181.5501959323883
1071,176.5629711151123
1072,178.32882952690125
1073,179.38825845718384
1074,180.64957547187805
1075,181.23561930656433
1076,175.86567211151123
1077,181.44426035881042
1078,182.80846881866455
1079,186.1236810684204
1080,188.70488452911377
1081,183.84013485908508
1082,184.88453316688538
1083,188.95982193946838
1084,192.45905184745789
1085,191.6650993824005
1086,188.4755253791809
1087,189.44225001335144
1088,183.84917378425598
1089,207.1143021583557
1090,191.11118245124817
1091,186.92017936706543
1092,186.9559290409088
1093,184.82042145729065
1094,189.20965266227722
1095,183.55489087104797
1096,183.35725855827332
1097,185.6515347957611
1098,188.83906412124634
1099,187.53041052818298
1100,192.3944013118744
1101,196.5516140460968
1102,194.89478039741516
1103,192.28714632987976
1104,195.58646869659424
1105,197.31763577461243
1106,196.6118791103363
1107,196.20212531089783
1108,196.70779371261597
1109,195.98100566864014
1110,198.5782928466797
1111,196.5205590724945
1112,195.15352416038513
1113,201.04970932006836
1114,192.18867254257202
1115,188.54947543144226
1116,190.26461362838745
1117,191.84869766235352
1118,190.16109156608582
1119,191.03857254981995
1120,184.5640823841095
1121,177.52365589141846
1122,186.13295578956604
1123,184.84251475334167
1124,194.00596618652344
1125,193.09883284568787
1126,191.82304883003235
1127,188.02647233009338
1128,191.3735044002533
1129,193.7788004875183
1130,193.34124851226807
1131,201.84136247634888
1132,204.84669518470764
1133,202.8408396244049
1134,211.8199760913849
1135,203.01972603797913
1136,202.42351460456848
1137,199.59716796875
1138,195.8711359500885
1139,196.15950441360474
1140,195.1251518726349
1141,193.004136800766
1142,195.75301790237427
1143,186.2311201095581
1144,186.5009503364563
1145,189.6865153312683
1146,191.82826375961304
1147,187.54215335845947
1148,188.41212701797485
1149,188.33047437667847
1150,190.59927797317505
1151,187.06112098693848
1152,187.9633285999298
1153,189.97713112831116
1154,186.03613662719727
1155,185.17988109588623
1156,191.56802558898926
1157,200.13380765914917
1158,191.97637295722961
1159,186.31892251968384
1160,202.39541673660278
1161,195.15242528915405
1162,195.8932569026947
1163,201.98451280593872
1164,207.63450622558594
1165,198.91003251075745
1166,196.82754969596863
1167,197.90079760551453
1168,197.28449487686157
1169,189.63761067390442
1170,188.65092849731445
1171,190.37993478775024
1172,187.07629466056824
1173,184.64820194244385
1174,189.2402024269104
1175,192.7123601436615
1176,189.56732559204102
1177,190.80722570419312
1178,188.50481748580933
1179,189.47997760772705
1180,187.72520661354065
1181,188.7036998271942
1182,188.72557735443115
1183,186.54698181152344
1184,183.89592266082764
1185,187.3930287361145
1186,194.02668809890747
1187,193.985901594162
1188,199.5173852443695
1189,194.66447925567627
1190,200.61501049995422
1191,209.32247281074524
1192,205.86276721954346
1193,200.71002078056335
1194,197.40833950042725
1195,197.40291905403137
1196,193.97934818267822
1197,192.87433004379272
1198,191.97486901283264
1199,190.62250542640686
1200,192.46386432647705
1201,198.61436915397644
1202,188.87386560440063
1203,189.776606798172
1204,188.38103532791138
1205,195.6214156150818
1206,192.0337724685669
1207,193.67285203933716
1208,188.33952283859253
1209,196.8859362602234
1210,192.91436910629272
1211,197.3006467819214
1212,195.8327567577362
1213,196.40055346488953
1214,195.43424105644226
1215,196.71587777137756
1216,196.09614324569702
1217,193.26913928985596
1218,188.65852808952332
1219,215.06535363197327
1220,186.81656527519226
1221,190.5814666748047
1222,189.74933457374573
1223,184.1443772315979
1224,187.2080147266388
1225,183.83784675598145
1226,182.85488629341125
1227,181.69816184043884
1228,187.33947491645813
1229,181.88540816307068
1230,186.31816792488098
1231,184.00317692756653
1232,182.7410924434662
1233,180.57474398612976
1234,186.60925579071045
1235,188.48476004600525
1236,186.74957942962646
1237,187.08858966827393
1238,188.80073499679565
1239,187.1757333278656
1240,186.2280342578888
1241,190.0666160583496
1242,183.2818958759308
1243,179.09746766090393
1244,187.1171202659607
1245,181.92093873023987
1246,191.44448947906494
1247,181.3426730632782
1248,180.49032640457153
1249,181.73045945167542
1250,188.1956639289856
1251,174.86177396774292
1252,177.89064502716064
1253,184.09420323371887
1254,180.0561637878418
1255,179.12176084518433
1256,179.7313356399536
1257,178.73439979553223
1258,176.8627326488495
1259,177.04442524909973
1260,185.7410752773285
1261,188.59521341323853
1262,199.46678853034973
1263,177.94833183288574
1264,176.1256377696991
1265,182.03022503852844
1266,175.27449345588684
1267,181.01318883895874
1268,183.38853406906128
1269,183.7949573993683
1270,181.90244317054749
1271,181.4682605266571
1272,185.65878033638
1273,187.68753862380981
1274,191.355122089386
1275,191.1367781162262
1276,194.3754858970642
1277,188.93317794799805
1278,189.16395568847656
1279,191.3149209022522
1280,191.0908887386322
1281,189.382474899292
1282,192.58235621452332
1283,188.84243607521057
1284,187.490300655365
1285,190.24647307395935
1286,195.9538390636444
1287,185.9988648891449
1288,193.14075589179993
1289,192.711731672287
1290,192.9537947177887
1291,191.2469093799591
1292,197.78187131881714
1293,188.97103881835938
1294,187.25961136817932
1295,182.49919748306274
1296,184.01399159431458
1297,187.318528175354
1298,190.07522892951965
1299,183.59083318710327
1300,186.96969318389893
1301,182.32532382011414
1302,185.46848559379578
1303,184.99488878250122
1304,184.74651050567627
1305,186.7421169281006
1306,195.46188163757324
1307,191.88108944892883
1308,188.87003827095032
1309,192.90118670463562
1310,189.22538995742798
1311,188.31736540794373
1312,189.21587920188904
1313,183.63220500946045
1314,188.13754439353943
1315,187.60991191864014
1316,187.70927333831787
1317,184.11943769454956
1318,192.4521827697754
1319,198.43240118026733
1320,193.15057826042175
1321,195.84332823753357
1322,194.1277894973755
1323,190.48407196998596
1324,193.71813774108887
1325,193.13279056549072
1326,194.3212730884552
1327,190.82474732398987
1328,189.91059851646423
1329,186.95866703987122
1330,192.2582437992096
1331,188.7629029750824
1332,189.6565990447998
1333,189.5470335483551
1334,187.3968231678009
1335,180.07870197296143
1336,182.48323965072632
1337,181.35790514945984
1338,195.50927996635437
1339,189.44985365867615
1340,189.8670346736908
1341,185.96783566474915
1342,192.2505543231964
1343,197.88984513282776
1344,194.09610986709595
1345,198.5311086177826
1346,192.30071687698364
1347,202.95073246955872
1348,200.7611632347107
1349,213.11823201179504
1350,182.4442162513733
1351,183.62563633918762
1352,192.2355568408966
1353,188.12169122695923
1354,186.45013093948364
1355,184.21294021606445
1356,181.22463631629944
1357,181.52463006973267
1358,179.51053929328918
1359,179.7858009338379
1360,181.19911551475525
1361,185.12132096290588
1362,183.4239523410797
1363,186.86473536491394
1364,183.62312841415405
1365,181.15574049949646
1366,178.4903450012207
1367,186.50237917900085
1368,190.97975873947144
1369,188.9861991405487
1370,185.87202167510986
1371,183.9306356906891
1372,184.19119143486023
1373,184.33083510398865
1374,182.64815831184387
1375,186.70075750350952
1376,188.28469920158386
1377,192.9938452243805
1378,188.1940450668335
1379,194.14340257644653
1380,189.65185379981995
1381,198.31282424926758
1382,190.8521065711975
1383,187.13425254821777
1384,199.23354983329773
1385,185.3420488834381
1386,189.97328233718872
1387,190.20562624931335
1388,190.28319597244263
1389,178.31486201286316
1390,177.18079590797424
1391,187.7576608657837
1392,185.94809913635254
1393,186.9381823539734
1394,190.58025097846985
1395,193.90721344947815
1396,191.05934119224548
1397,192.45663261413574
1398,189.14149570465088
1399,193.4128339290619
1400,192.47127747535706
1401,189.10685873031616
1402,191.45129132270813
1403,195.26926398277283
1404,194.98953533172607
1405,204.4397554397583
1406,191.88097953796387
1407,192.41869068145752
1408,192.6518259048462
1409,186.68787455558777
1410,187.78779911994934
1411,189.99850392341614
1412,190.01268076896667
1413,195.11321187019348
1414,191.35738611221313
1415,196.28345894813538
1416,202.37205052375793
1417,203.36931467056274
1418,200.05702662467957
1419,197.0781853199005
1420,195.35461044311523
1421,191.21764588356018
1422,186.9979772567749
1423,189.1260597705841
1424,186.30494141578674
1425,187.46866869926453
1426,188.84756994247437
1427,186.136976480484
1428,180.15774011611938
1429,181.7417402267456
1430,179.7104835510254
1431,196.11980962753296
1432,184.274174451828
1433,188.44594502449036
1434,192.8377923965454
1435,196.40725183486938
1436,193.36693501472473
1437,201.6307179927826
1438,202.71038126945496
1439,195.3685748577118
1440,196.0961630344391
1441,197.12607789039612
1442,201.6093728542328
1443,199.34627318382263
1444,194.79446697235107
1445,191.78986740112305
1446,193.74965381622314
1447,193.97003531455994
1448,193.25772404670715
1449,187.64539504051208
1450,188.17494678497314
1451,184.06885361671448
1452,187.34615397453308
1453,185.66366815567017
1454,186.72758889198303
1455,186.10869884490967
1456,187.14106941223145
1457,185.80767345428467
1458,183.76471996307373
1459,184.2139642238617
1460,187.71923851966858
1461,187.47503113746643
1462,187.84104895591736
1463,190.31188035011292
1464,192.33920407295227
1465,196.2363085746765
1466,197.6594362258911
1467,200.6239914894104
1468,197.0304718017578
1469,193.05073618888855
1470,198.79166054725647
1471,193.38813662528992
1472,203.5913531780243
1473,199.94758558273315
1474,199.35447692871094
1475,199.17414927482605
1476,193.12104439735413
1477,196.63850855827332
1478,217.94885182380676
1479,189.55171632766724
1480,185.19122672080994
1481,186.4498167037964
1482,185.7923288345337
1483,180.92127394676208
1484,187.17339873313904
1485,180.68431901931763
1486,186.09416222572327
1487,186.59342622756958
1488,188.31261157989502
1489,183.81854104995728
1490,182.13858318328857
1491,185.58284640312195
1492,185.46706223487854
1493,188.41316938400269
1494,183.92242693901062
1495,187.2716155052185
1496,185.6684205532074
1497,188.89945244789124
1498,192.0635814666748
1499,191.2058572769165
1500,193.02889728546143
1501,195.72041845321655
1502,188.67467832565308
1503,194.64204287528992
1504,199.8076720237732
1505,196.1672432422638
1506,202.46654653549194
1507,201.9676477909088
1508,194.84230732917786
1509,198.8016974925995
1510,200.01186275482178
1511,192.77675867080688
1512,199.030193567276
1513,196.30100226402283
1514,193.59341263771057
1515,191.6232626438141
1516,187.5988485813141
1517,188.07325673103333
1518,191.84195256233215
1519,192.50390791893005
1520,193.43406462669373
1521,196.76569867134094
1522,198.99083185195923
1523,192.3709795475006
1524,192.19096875190735
1525,189.21779942512512
1526,187.65171217918396
1527,185.78779983520508
1528,183.27539205551147
1529,182.68777704238892
1530,186.4586009979248
1531,185.48064255714417
1532,188.09923577308655
1533,182.31238865852356
1534,178.50901532173157
1535,176.23468685150146
1536,179.3025999069214
1537,178.85876607894897
1538,180.00728464126587
1539,188.11555433273315
1540,186.7764081954956
1541,188.79845595359802
1542,183.0575339794159
1543,188.91342663764954
1544,189.94327902793884
1545,185.058846950531
1546,190.47096800804138
1547,194.46423840522766
1548,193.3639943599701
1549,191.3559684753418
1550,185.4159333705902
1551,187.8768012523651
1552,184.8767580986023
1553,191.531986951828
1554,186.4836928844452
1555,183.34839963912964
1556,189.43274784088135
1557,183.81018352508545
1558,189.59763264656067
1559,188.33261704444885
1560,192.04997992515564
1561,186.400541305542
1562,183.6187195777893
1563,184.34338116645813
1564,188.99797868728638
1565,182.11422514915466
1566,180.41705989837646
1567,189.84564089775085
1568,176.28178882598877
1569,186.54582118988037
1570,192.28615951538086
1571,191.62541103363037
1572,193.33983278274536
1573,189.37316846847534
1574,197.35526490211487
1575,199.40534448623657
1576,197.39373636245728
1577,203.7812647819519
1578,199.4742398262024
1579,208.8403332233429
1580,192.79326057434082
1581,191.6609182357788
1582,193.4443883895874
1583,193.77705192565918
1584,194.30663394927979
1585,191.28790855407715
1586,191.55893182754517
1587,185.17671847343445
1588,193.79044008255005
1589,189.55143928527832
1590,194.6949987411499
1591,190.22560095787048
1592,197.89061045646667
1593,196.06970953941345
1594,194.3684422969818
1595,192.73532581329346
1596,188.67415595054626
1597,199.01801991462708
1598,196.5946650505066
1599,191.43284583091736
1600,187.8869423866272
1601,188.75310349464417
1602,189.10711979866028
1603,204.08079719543457
1604,195.3387496471405
1605,191.91343522071838
1606,192.45866751670837
1607,199.45181322097778
1608,213.1160387992859
1609,192.48342180252075
1610,196.29689502716064
1611,202.4159598350525
1612,197.82749700546265
1613,193.37365126609802
1614,193.80869030952454
1615,195.01036643981934
1616,191.99040460586548
1617,196.22316551208496
1618,192.83044385910034
1619,193.22994542121887
1620,190.25594210624695
1621,188.96996784210205
1622,189.9932825565338
1623,186.53790616989136
1624,184.6137673854828
1625,187.41100931167603
1626,187.75556707382202
1627,187.63847184181213
1628,184.29910445213318
1629,187.71644926071167
1630,180.84860920906067
1631,179.9956705570221
1632,179.72466826438904
1633,181.21390986442566
1634,179.92729878425598
1635,180.77300596237183
1636,179.07485604286194
1637,178.04775142669678
1638,179.42996835708618
1639,184.5086154937744
1640,191.06632280349731
1641,191.93398141860962
1642,193.07889437675476
1643,194.65832257270813
1644,192.74741435050964
1645,198.14580130577087
1646,196.57721781730652
1647,193.82338881492615
1648,199.53007769584656
1649,198.6341733932495
1650,195.3655083179474
1651,198.83373761177063
1652,200.67729592323303
1653,198.21702456474304
1654,197.48900055885315
1655,195.7759988307953
1656,198.65932083129883
1657,193.8312704563141
1658,187.33700799942017
1659,186.09998869895935
1660,180.57860112190247
1661,177.72297930717468
1662,182.43204951286316
1663,179.19171476364136
1664,185.3927183151245
1665,177.8463261127472
1666,182.17414617538452
1667,183.1310534477234
1668,181.26749920845032
1669,186.99665141105652
1670,180.26760482788086
1671,186.54461288452148
1672,181.33137464523315
1673,185.5627565383911
1674,181.3470070362091
1675,185.56567454338074
1676,180.9356927871704
1677,186.06095480918884
1678,186.76403284072876
1679,179.62455821037292
1680,174.03457307815552
1681,172.15126848220825
1682,173.77924013137817
1683,176.20878958702087
1684,174.27879643440247
1685,176.9970133304596
1686,181.28336548805237
1687,178.91508555412292
1688,182.99601030349731
1689,191.69851160049438
1690,184.63645148277283
1691,182.08462190628052
1692,186.17813801765442
1693,178.65254306793213
1694,176.58198356628418
1695,175.1395707130432
1696,177.63923478126526
1697,178.7997395992279
1698,182.6602349281311
1699,182.89077997207642
1700,181.54923629760742
1701,183.8965175151825
1702,176.51613593101501
1703,176.69030785560608
1704,179.4170708656311
1705,181.58228492736816
1706,190.43233728408813
1707,188.3633689880371
1708,188.57450985908508
1709,188.01521611213684
1710,186.3218376636505
1711,186.53764081001282
1712,189.4235110282898
1713,185.27509760856628
1714,186.2260618209839
1715,177.92801594734192
1716,180.3744490146637
1717,180.6702961921692
1718,181.12317490577698
1719,175.3240144252777
1720,178.25012946128845
1721,180.91233134269714
1722,183.27835965156555
1723,180.52313613891602
1724,176.33714079856873
1725,184.07386946678162
1726,190.5090515613556
1727,187.39718985557556
1728,184.4339942932129
1729,184.0991735458374
1730,185.26873207092285
1731,183.31165742874146
1732,179.8676254749298
1733,179.5180070400238
1734,182.62889909744263
1735,179.45078992843628
1736,181.36847853660583
1737,180.41748046875
1738,211.73954892158508
1739,183.35801148414612
1740,187.89145493507385
1741,186.08499312400818
1742,196.1374123096466
1743,180.9981565475464
1744,186.04088640213013
1745,187.56291127204895
1746,185.2974410057068
1747,192.58258819580078
1748,182.9098482131958
1749,184.80690741539001
1750,181.0661120414734
1751,183.57467699050903
1752,185.77208614349365
1753,179.54660487174988
1754,184.522629737854
1755,185.28212785720825
1756,191.18093276023865
1757,194.70458245277405
1758,184.86939191818237
1759,184.38668823242188
1760,189.7386031150818
1761,197.52209877967834
1762,184.60734105110168
1763,190.76991295814514
1764,195.73761534690857
1765,190.36576056480408
1766,191.26434087753296
1767,195.34800505638123
1768,193.98484063148499
1769,196.47343921661377
1770,192.01017379760742
1771,191.94603729248047
1772,191.2619481086731
1773,197.33148097991943
1774,190.16993808746338
1775,189.87325644493103
1776,188.90333127975464
1777,184.87393403053284
1778,191.3263704776764
1779,188.9909007549286
1780,183.1369206905365
1781,187.12854599952698
1782,190.91312646865845
1783,188.06480050086975
1784,195.41595482826233
1785,191.01245307922363
1786,197.3088083267212
1787,193.7858271598816
1788,195.6838834285736
1789,201.0879237651825
1790,194.30927562713623
1791,196.28434038162231
1792,188.13500428199768
1793,188.27314448356628
1794,191.32160687446594
1795,193.3600263595581
1796,193.86592626571655
1797,196.5602171421051
1798,194.69550395011902
1799,193.90837335586548
1800,194.42175936698914
1801,194.87684035301208
1802,196.71021842956543
1803,194.63083672523499
1804,190.87109923362732
1805,195.00516724586487
1806,188.20162510871887
1807,191.45822167396545
1808,192.27465796470642
1809,190.20226120948792
1810,196.64353895187378
1811,190.83377361297607
1812,190.93007278442383
1813,190.536465883255
1814,190.29999613761902
1815,191.188809633255
1816,194.36318492889404
1817,185.00028324127197
1818,189.41485047340393
1819,191.61365294456482
1820,191.70773339271545
1821,191.90418004989624
1822,193.5351710319519
1823,192.64245891571045
1824,195.13124179840088
1825,200.59173250198364
1826,200.39095854759216
1827,196.3001115322113
1828,196.43220782279968
1829,189.85175275802612
1830,189.5767548084259
1831,187.85018157958984
1832,191.77337169647217
1833,187.79897928237915
1834,189.00626254081726
1835,194.12022352218628
1836,194.17398929595947
1837,190.60895085334778
1838,187.70721411705017
1839,190.65908646583557
1840,189.22561883926392
1841,194.73812055587769
1842,194.64963126182556
1843,183.85371088981628
1844,185.4979531764984
1845,188.95737957954407
1846,191.3108732700348
1847,192.7572512626648
1848,198.64224219322205
1849,205.17898988723755
1850,210.45415806770325
1851,209.78374075889587
1852,203.0908660888672
1853,202.069571018219
1854,198.98755884170532
1855,192.48765540122986
1856,196.8341932296753
1857,199.310311794281
1858,193.9216091632843
1859,191.79386591911316
1860,194.23066401481628
1861,195.80162286758423
1862,191.30683183670044
1863,195.64188265800476
1864,192.79949951171875
1865,191.473042011261
1866,187.13000011444092
1867,190.3750123977661
1868,214.25349187850952
1869,186.71000504493713
1870,181.5503568649292
1871,188.40501284599304
1872,182.31580257415771
1873,185.6918866634369
1874,179.22981929779053
1875,174.26031351089478
1876,180.55495762825012
1877,192.9495186805725
1878,185.50242137908936
1879,191.0635039806366
1880,197.45685386657715
1881,201.9904682636261
1882,183.58515095710754
1883,180.53781127929688
1884,179.20017838478088
1885,176.4202470779419
1886,176.17261385917664
1887,175.98895740509033
1888,181.0985643863678
1889,178.3621723651886
1890,181.25958633422852
1891,178.19600200653076
1892,184.80612421035767
1893,188.35864162445068
1894,190.1106731891632
1895,187.4647490978241
1896,185.39896154403687
1897,186.1870539188385
1898,185.04094672203064
1899,186.583327293396
1900,182.62875890731812
1901,183.03627943992615
1902,185.91788959503174
1903,189.85411262512207
1904,191.68596124649048
1905,193.85821795463562
1906,192.3632197380066
1907,197.5347990989685
1908,200.37103390693665
1909,211.07233691215515
1910,215.44299411773682
1911,205.71215677261353
1912,210.99922156333923
1913,212.75894021987915
1914,208.80985355377197
1915,201.6647288799286
1916,198.75325226783752
1917,199.66793489456177
1918,197.0457935333252
1919,192.18859601020813
1920,196.19626140594482
1921,202.6868600845337
1922,195.5245304107666
1923,183.41326713562012
1924,188.49082207679749
1925,194.62602829933167
1926,180.89375472068787
1927,184.518128156662
1928,186.36303544044495
1929,181.32325744628906
1930,178.31857347488403
1931,179.09318041801453
1932,181.14191555976868
1933,180.43784475326538
1934,187.24566960334778
1935,187.92669558525085
1936,191.9573209285736
1937,187.18890714645386
1938,188.4881751537323
1939,187.09907126426697
1940,182.65427947044373
1941,183.04600024223328
1942,180.68969631195068
1943,178.15482306480408
1944,180.13232326507568
1945,183.48686265945435
1946,190.56139612197876
1947,190.0520474910736
1948,192.84814262390137
1949,195.97998428344727
1950,197.93864727020264
1951,196.76129603385925
1952,197.45078539848328
1953,186.56168818473816
1954,190.80541586875916
1955,191.49741291999817
1956,186.8687880039215
1957,184.78989672660828
1958,185.5441813468933
1959,190.0500659942627
1960,189.1395058631897
1961,188.72067308425903
1962,190.56912636756897
1963,188.6664800643921
1964,190.5323829650879
1965,191.92971205711365
1966,190.10396552085876
1967,200.35207223892212
1968,193.4620201587677
1969,190.4269254207611
1970,191.36423993110657
1971,196.8781623840332
1972,188.89182591438293
1973,195.42328667640686
1974,193.43720078468323
1975,202.32570958137512
1976,197.67223644256592
1977,197.63340520858765
1978,196.0642158985138
1979,194.83624601364136
1980,188.32311820983887
1981,189.85577297210693
1982,186.08853960037231
1983,187.64527130126953
1984,188.39640188217163
1985,186.98877930641174
1986,189.78848028182983
1987,189.07585334777832
1988,189.58949446678162
1989,194.96107006072998
1990,188.8667950630188
1991,195.66760516166687
1992,190.62190198898315
1993,195.8896050453186
1994,195.3999388217926
1995,189.72012376785278
1996,191.4179105758667
1997,195.1988320350647
1998,214.5104100704193
1999,195.20380878448486
2000,196.37488794326782
2001,199.58115887641907
2002,193.11154460906982
2003,194.47124075889587
2004,193.7410078048706
2005,194.77508187294006
2006,194.26130723953247
2007,189.4140739440918
2008,189.46163058280945
2009,188.68667435646057
2010,184.34272146224976
2011,185.32473707199097
2012,184.79544854164124
2013,188.6646647453308
2014,184.9744234085083
2015,189.03453254699707
2016,187.78682041168213
2017,179.64955019950867
2018,176.76176285743713
2019,181.18652510643005
2020,184.65543961524963
2021,191.04857540130615
2022,193.65594720840454
2023,196.1711449623108
2024,199.9803922176361
2025,208.49315285682678
2026,195.4605679512024
2027,197.46330976486206
2028,197.44855332374573
2029,199.10433387756348
2030,193.6661446094513
2031,195.95255994796753
2032,194.3584508895874
2033,191.26090335845947
2034,192.58942937850952
2035,188.99166464805603
2036,183.03568816184998
2037,187.21858477592468
2038,189.19420409202576
2039,187.69801807403564
2040,184.82296061515808
2041,185.98767828941345
2042,185.5129406452179
2043,187.4566330909729
2044,185.50079154968262
2045,187.98799514770508
2046,194.3147156238556
2047,188.9808955192566
2048,194.22810006141663
2049,195.17370653152466
2050,197.63926911354065
2051,195.4706199169159
2052,193.00211477279663
2053,194.5675299167633
2054,194.8495795726776
2055,193.9187250137329
2056,183.36216402053833
2057,192.4015040397644
2058,194.23322987556458
2059,185.82881546020508
2060,185.39122343063354
2061,194.77263879776
2062,195.90006470680237
2063,187.0958411693573
2064,191.80530500411987
2065,195.4473841190338
2066,196.8717279434204
2067,204.4565932750702
2068,200.5766727924347
2069,201.96411442756653
2070,197.92738223075867
2071,198.435631275177
2072,207.97238421440125
2073,207.12990641593933
2074,195.58330488204956
2075,194.00617575645447
2076,188.76240515708923
2077,191.48515844345093
2078,190.44880199432373
2079,187.2238221168518
2080,188.26885199546814
2081,189.145339012146
2082,196.7382891178131
2083,189.87508368492126
2084,192.77446746826172
2085,196.06535291671753
2086,196.26552724838257
2087,194.10935759544373
2088,204.19619250297546
2089,197.45508527755737
2090,201.4311966896057
2091,197.0031340122223
2092,200.84695768356323
2093,196.06677222251892
2094,194.38195991516113
2095,198.76659440994263
2096,193.85745549201965
2097,197.59029388427734
2098,199.98614048957825
2099,197.06575727462769
2100,198.03181266784668
2101,196.52189254760742
2102,195.8014898300171
2103,198.70555472373962
2104,189.4631597995758
2105,190.75798916816711
2106,192.4309105873108
2107,184.7207043170929
2108,185.94825911521912
2109,186.11177134513855
2110,187.26197981834412
2111,186.96111273765564
2112,186.27549028396606
2113,182.54009890556335
2114,185.9182150363922
2115,189.3772475719452
2116,183.93564772605896
2117,182.37633895874023
2118,185.01808214187622
2119,188.9016981124878
2120,198.02135634422302
2121,189.68087005615234
2122,194.7363202571869
2123,196.6220326423645
2124,198.02103877067566
2125,195.8503222465515
2126,194.6376187801361
2127,202.5521252155304
2128,223.74273991584778
2129,195.19596600532532
2130,197.66387963294983
2131,199.00895762443542
2132,196.41313004493713
2133,205.71256232261658
2134,201.58071970939636
2135,206.67308688163757
2136,210.88883447647095
2137,192.39196681976318
2138,192.5324809551239
2139,196.53136467933655
2140,193.1045491695404
2141,200.33129215240479
2142,201.43932700157166
2143,202.06627106666565
2144,205.77526783943176
2145,207.52694272994995
2146,198.727299451828
2147,201.58347034454346
2148,201.8007423877716
2149,211.8561773300171
2150,207.6606569290161
2151,193.7802414894104
2152,194.08321380615234
2153,199.49224281311035
2154,192.86312007904053
2155,194.60951399803162
2156,191.42993688583374
2157,191.62933015823364
2158,192.85565209388733
2159,192.07295393943787
2160,189.75309872627258
2161,190.30079293251038
2162,189.74839067459106
2163,188.02279210090637
2164,190.68067240715027
2165,187.00618696212769
2166,190.38808584213257
2167,191.29615879058838
2168,187.54912972450256
2169,188.23579335212708
2170,184.1893162727356
2171,185.60717868804932
2172,190.11458921432495
2173,187.92831325531006
2174,196.21702122688293
2175,199.45568084716797
2176,196.99912548065186
2177,198.56727647781372
2178,200.9792501926422
2179,198.06938982009888
2180,194.55517554283142
2181,201.21699047088623
2182,186.760418176651
2183,190.4472267627716
2184,186.9487226009369
2185,186.16655254364014
2186,188.60683822631836
2187,188.00235390663147
2188,191.14681601524353
2189,188.71767783164978
2190,186.7628619670868
2191,186.31869411468506
2192,189.6124997138977
2193,183.75562191009521
2194,190.41895413398743
2195,194.153382062912
2196,191.21551060676575
2197,186.75216937065125
2198,192.3751790523529
2199,189.1106879711151
2200,187.9897539615631
2201,184.4222288131714
2202,186.21026396751404
2203,179.97368478775024
2204,183.94417190551758
2205,183.71542406082153
2206,188.36894416809082
2207,189.14259123802185
2208,192.14204859733582
2209,197.42744302749634
2210,199.020742893219
2211,197.79961848258972
2212,207.83754134178162
2213,201.17743563652039
2214,200.74104857444763
2215,198.11305117607117
2216,199.85926914215088
2217,202.59522986412048
2218,198.9092469215393
2219,203.33394813537598
2220,198.72579383850098
2221,193.88212180137634
2222,189.41581058502197
2223,185.20084428787231
2224,186.8116946220398
2225,184.40350532531738
2226,184.86008524894714
2227,187.3768208026886
2228,188.13682794570923
2229,187.9654417037964
2230,184.8619463443756
2231,187.7995228767395
2232,189.6071150302887
2233,187.219553232193
2234,193.39339327812195
2235,186.60485887527466
2236,183.50398635864258
2237,185.0504515171051
2238,184.1161024570465
2239,177.21904635429382
2240,185.62081718444824
2241,187.87940073013306
2242,187.4034764766693
2243,195.42357778549194
2244,194.3430461883545
2245,198.57362389564514
2246,199.4880633354187
2247,199.0652687549591
2248,210.58850836753845
2249,212.6209695339203
2250,232.29379534721375
2251,212.45336365699768
2252,206.86617517471313
2253,201.91378450393677
2254,199.3332462310791
2255,196.55842232704163
2256,196.3708782196045
2257,197.33445620536804
2258,214.726069688797
2259,194.39745926856995
2260,197.36256170272827
2261,197.99103474617004
2262,192.87189960479736
2263,194.42760610580444
2264,186.5238471031189
2265,192.3120822906494
2266,192.01047945022583
2267,188.84484887123108
2268,191.1004981994629
2269,189.00483512878418
2270,189.99567794799805
2271,189.48665571212769
2272,188.94795989990234
2273,185.8413462638855
2274,187.577534198761
2275,188.044504404068
2276,188.56265258789062
2277,188.16936492919922
2278,187.23690509796143
2279,188.3502540588379
2280,188.8951280117035
2281,182.02976751327515
2282,187.96504259109497
2283,189.64210653305054
2284,196.26973628997803
2285,187.3181598186493
2286,194.501704454422
2287,194.33435368537903
2288,192.77311873435974
2289,192.8242359161377
2290,197.3985195159912
2291,200.04653215408325
2292,194.82895374298096
2293,191.51208186149597
2294,191.00037360191345
2295,190.13539624214172
2296,189.40590643882751
2297,191.2571840286255
2298,189.86022877693176
2299,191.87667322158813
2300,195.35798025131226
2301,192.87149000167847
2302,196.56217861175537
2303,190.33715176582336
2304,191.20986199378967
2305,189.99828052520752
2306,193.55608773231506
2307,194.4808967113495
2308,202.8522081375122
2309,191.4162724018097
2310,189.1506862640381
2311,193.12323808670044
2312,194.92756032943726
2313,193.8005828857422
2314,195.9645631313324
2315,193.10232591629028
2316,195.43046927452087
2317,195.88357281684875
2318,194.1963756084442
2319,193.69661617279053
2320,195.0840094089508
2321,195.91023778915405
2322,196.28772854804993
2323,191.8654522895813
2324,186.99082398414612
2325,198.04066681861877
2326,188.0965814590454
2327,181.39486622810364
2328,178.6259081363678
2329,185.02076625823975
2330,181.38787245750427
2331,187.81691074371338
2332,191.93771362304688
2333,193.78314876556396
2334,187.58071208000183
2335,191.59852766990662
2336,190.35744619369507
2337,185.1966199874878
2338,178.66950798034668
2339,180.71739768981934
2340,180.13395261764526
2341,184.05369114875793
2342,177.6048321723938
2343,176.6340525150299
2344,179.91343069076538
2345,177.44630980491638
2346,184.73939871788025
2347,190.15431213378906
2348,193.330810546875
2349,193.88291692733765
2350,200.0873122215271
2351,197.15349984169006
2352,193.62543106079102
2353,196.48157620429993
2354,198.92848205566406
2355,206.96825003623962
2356,207.6315200328827
2357,206.32667922973633
2358,208.41526341438293
2359,204.8269166946411
2360,197.1892511844635
2361,195.33357977867126
2362,191.5194375514984
2363,190.23158860206604
2364,185.49743247032166
2365,187.9681477546692
2366,189.65717959403992
2367,194.3945128917694
2368,192.20297718048096
2369,190.63254952430725
2370,189.9885275363922
2371,190.74499225616455
2372,192.58684086799622
2373,200.77823543548584
2374,185.23003005981445
2375,191.73453950881958
2376,183.45123147964478
2377,191.44182205200195
2378,195.87787055969238
2379,193.9692142009735
2380,192.46792101860046
2381,186.7865080833435
2382,189.92775511741638
2383,183.21991229057312
2384,183.02077198028564
2385,181.62323093414307
2386,176.8876814842224
2387,179.26556062698364
2388,219.53878712654114
2389,190.212632894516
2390,200.71092987060547
2391,205.27003979682922
2392,188.77995324134827
2393,193.15412497520447
2394,190.24533200263977
2395,188.79723262786865
2396,183.84833216667175
2397,190.04143595695496
2398,196.21788096427917
2399,192.92588806152344
2400,195.94226384162903
2401,195.68320107460022
2402,197.0372188091278
2403,200.58653473854065
2404,203.62405252456665
2405,197.87616777420044
2406,200.70884466171265
2407,195.86076831817627
2408,199.19488310813904
2409,199.65915250778198
2410,200.3830738067627
2411,195.7034924030304
2412,196.32807230949402
2413,200.9632248878479
2414,193.98022294044495
2415,197.9850788116455
2416,200.79193496704102
2417,194.06609845161438
2418,200.4421739578247
2419,196.55263018608093
2420,192.57354712486267
2421,189.55451726913452
2422,191.9706780910492
2423,190.9443883895874
2424,192.13920521736145
2425,191.53085255622864
2426,190.43409276008606
2427,187.6893343925476
2428,186.47672510147095
2429,185.883535861969
2430,184.41423201560974
2431,185.36161088943481
2432,191.20434737205505
2433,193.5958869457245
2434,191.0679395198822
2435,190.54518246650696
2436,191.06485414505005
2437,191.95201992988586
2438,194.16998720169067
2439,189.96200466156006
2440,192.236745595932
2441,190.70538210868835
2442,189.6902847290039
2443,184.92546105384827
2444,182.86786222457886
2445,188.69019889831543
2446,187.59246373176575
2447,188.40481972694397
2448,191.13426280021667
2449,191.78513646125793
2450,192.4543161392212
2451,190.7802541255951
2452,188.47285294532776
2453,194.17253398895264
2454,199.74131393432617
2455,202.2560293674469
2456,190.2175064086914
2457,196.21116042137146
2458,192.0577747821808
2459,191.03675150871277
2460,191.02919101715088
2461,191.49577736854553
2462,196.66839170455933
2463,187.80147528648376
2464,185.4935691356659
2465,186.0016040802002
2466,187.72915959358215
2467,190.08644437789917
2468,189.1761429309845
2469,189.81012272834778
2470,190.5166642665863
2471,188.464741230011
2472,188.2433032989502
2473,181.9536530971527
2474,180.440762758255
2475,180.40932321548462
2476,173.978351354599
2477,173.89457845687866
2478,183.9921658039093
2479,182.35447072982788
2480,185.2402012348175
2481,181.28053450584412
2482,182.97323966026306
2483,177.26034832000732
2484,176.47102403640747
2485,183.63654255867004
2486,186.15853261947632
2487,188.70916628837585
2488,187.84874486923218
2489,193.56932950019836
2490,197.01221323013306
2491,199.90614771842957
2492,198.54110407829285
2493,198.50030040740967
2494,192.2605640888214
2495,192.1123321056366
2496,195.76770615577698
2497,197.31520128250122
2498,191.32456183433533
2499,190.33434748649597
2500,190.84046339988708
2501,186.22621512413025
2502,189.02434587478638
2503,191.3437647819519
2504,191.30728149414062
2505,189.94924545288086
2506,189.95467162132263
2507,199.39848613739014
2508,189.2005090713501
2509,195.02019023895264
2510,196.71133279800415
2511,201.9934847354889
2512,198.9707853794098
2513,193.36736750602722
2514,197.51287865638733
2515,192.20595264434814
2516,196.52135038375854
2517,200.3739058971405
2518,205.95346808433533
2519,181.73535680770874
2520,183.1865417957306
2521,189.83359122276306
2522,186.3549017906189
2523,184.37901329994202
2524,181.80919313430786
2525,188.62134742736816
2526,185.57198333740234
2527,183.8700544834137
2528,186.08172369003296
2529,184.81789779663086
2530,187.71521258354187
2531,189.32695651054382
2532,186.39520621299744
2533,187.57926535606384
2534,187.5525608062744
2535,187.902001619339
2536,183.7914276123047
2537,188.17946934700012
2538,187.65852546691895
2539,187.43090915679932
2540,189.3237669467926
2541,194.12312483787537
2542,190.681875705719
2543,196.95465970039368
2544,191.14014506340027
2545,195.40633344650269
2546,192.851140499115
2547,188.59355998039246
2548,184.939683675766
2549,188.94029808044434
2550,189.96062016487122
2551,188.7746000289917
2552,195.53494906425476
2553,198.02469635009766
2554,190.69322776794434
2555,192.22736430168152
2556,186.83821034431458
2557,192.02102279663086
2558,194.8053412437439
2559,200.99543809890747
2560,206.30271220207214
2561,202.62079334259033
2562,204.96789717674255
2563,202.86236906051636
2564,202.95190262794495
2565,204.0104057788849
2566,196.00233626365662
2567,198.18093037605286
2568,202.6577136516571
2569,199.68874740600586
2570,198.98475241661072
2571,201.6868827342987
2572,203.09134721755981
2573,203.0267949104309
2574,201.62805128097534
2575,200.5556240081787
2576,204.60250329971313
2577,199.40558099746704
2578,201.6210470199585
2579,200.8833703994751
2580,195.66150784492493
2581,196.93005061149597
2582,198.92806959152222
2583,194.1145327091217
2584,197.89750170707703
2585,189.57622504234314
2586,190.35225129127502
2587,190.9911766052246
2588,187.28103923797607
2589,188.1885290145874
2590,194.04507207870483
2591,185.04915070533752
2592,187.91911482810974
2593,185.8079686164856
2594,187.94577169418335
2595,185.1336805820465
2596,189.8531608581543
2597,199.32071566581726
2598,189.51238632202148
2599,194.7229402065277
2600,193.55768132209778
2601,191.85456657409668
2602,198.81130266189575
2603,196.81673884391785
2604,200.87504720687866
2605,199.81822681427002
2606,203.09908246994019
2607,195.96292686462402
2608,201.09693694114685
2609,197.38526272773743
2610,196.15639734268188
2611,196.47181010246277
2612,192.14906406402588
2613,189.957622051239
2614,193.22892379760742
2615,190.2949182987213
2616,189.43577361106873
2617,186.65748071670532
2618,192.3602979183197
2619,192.06480526924133
2620,194.92483711242676
2621,191.8059275150299
2622,193.91343998908997
2623,190.43232440948486
2624,187.6885485649109
2625,188.24386048316956
2626,194.70121812820435
2627,194.65609288215637
2628,193.81529092788696
2629,193.46967601776123
2630,188.95038056373596
2631,188.16756582260132
2632,187.47568011283875
2633,187.96465945243835
2634,189.0842945575714
2635,191.27519512176514
2636,190.91413807868958
2637,195.82707357406616
2638,197.74639225006104
2639,195.4574749469757
2640,189.91538906097412
2641,200.58632850646973
2642,195.00047063827515
2643,195.3056890964508
2644,196.332426071167
2645,191.12753033638
2646,191.07868766784668
2647,216.2220642566681
2648,186.3948938846588
2649,188.98819398880005
2650,184.89032769203186
2651,196.02604818344116
2652,193.41548895835876
2653,193.91038537025452
2654,194.55861616134644
2655,186.26155853271484
2656,192.2588701248169
2657,191.69305992126465
2658,191.22898769378662
2659,184.28844571113586
2660,180.05713272094727
2661,180.41647028923035
2662,180.46309423446655
2663,186.20508933067322
2664,186.22779440879822
2665,188.2927827835083
2666,189.99989104270935
2667,198.89970755577087
2668,193.11231136322021
2669,193.91631317138672
2670,195.73240733146667
2671,197.15167379379272
2672,201.35451936721802
2673,203.9678463935852
2674,206.42008543014526
2675,209.0875587463379
2676,204.98325395584106
2677,205.71443557739258
2678,205.96825885772705
2679,200.6839063167572
2680,198.3095347881317
2681,196.37766337394714
2682,194.1242287158966
2683,196.091206073761
2684,192.09487628936768
2685,188.04908347129822
2686,189.59368991851807
2687,191.58310842514038
2688,190.95081853866577
2689,188.59238052368164
2690,189.81432008743286
2691,191.59905123710632
2692,189.69236254692078
2693,191.60317707061768
2694,192.92184925079346
2695,195.74480271339417
2696,194.90232181549072
2697,197.423579454422
2698,190.84126901626587
2699,187.07334351539612
2700,187.47032952308655
2701,189.87843251228333
2702,193.22756552696228
2703,191.19295859336853
2704,189.13428473472595
2705,185.00274395942688
2706,188.26106929779053
2707,184.06186318397522
2708,185.5387258529663
2709,191.64594507217407
2710,189.1091411113739
2711,187.03423261642456
2712,186.4941384792328
2713,191.04369950294495
2714,192.0926549434662
2715,187.73239398002625
2716,194.20087242126465
2717,193.52319598197937
2718,192.08816933631897
2719,196.70983624458313
2720,194.3835048675537
2721,197.88676118850708
2722,203.6151041984558
2723,197.7215166091919
2724,195.28609490394592
2725,191.30005311965942
2726,190.29663848876953
2727,195.15037488937378
2728,185.56537127494812
2729,188.12582182884216
2730,182.77974557876587
2731,185.49408674240112
2732,184.5766065120697
2733,190.33846163749695
2734,187.48448657989502
2735,183.28952383995056
2736,179.96394515037537
2737,180.44165539741516
2738,177.98222708702087
2739,174.90233874320984
2740,176.64670825004578
2741,178.51821660995483
2742,173.53101444244385
2743,176.7473635673523
2744,176.02068305015564
2745,176.4841160774231
2746,189.05195903778076
2747,193.518052816391
2748,193.51252436637878
2749,191.70823502540588
2750,194.1837136745453
2751,180.96302008628845
2752,180.82606887817383
2753,178.2856307029724
2754,182.7243504524231
2755,178.81635189056396
2756,188.51469469070435
2757,187.57070231437683
2758,195.4155466556549
2759,198.3816511631012
2760,190.28141117095947
2761,193.27317118644714
2762,192.89065408706665
2763,191.58730912208557
2764,194.43747401237488
2765,194.6011257171631
2766,195.6493215560913
2767,196.32754063606262
2768,196.55500650405884
2769,188.54041719436646
2770,193.49743461608887
2771,187.45183420181274
2772,189.5345892906189
2773,189.0832281112671
2774,194.02156853675842
2775,193.32835626602173
2776,188.49791932106018
2777,208.68203735351562
2778,193.81005716323853
2779,196.22441411018372
2780,188.07437992095947
2781,192.00107622146606
2782,193.40189504623413
2783,195.8429777622223
2784,201.8798770904541
2785,199.6483097076416
2786,200.76613116264343
2787,198.8292899131775
2788,199.7236578464508
2789,200.0895481109619
2790,201.60595059394836
2791,201.3978714942932
2792,200.46686482429504
2793,199.07753539085388
2794,201.82911276817322
2795,197.65031504631042
2796,200.9701428413391
2797,195.4755825996399
2798,196.65130305290222
2799,198.0547981262207
2800,197.77808499336243
2801,198.84822058677673
2802,189.3189685344696
2803,187.02013611793518
2804,184.66525673866272
2805,183.44481587409973
2806,188.5170702934265
2807,190.20072412490845
2808,186.72210597991943
2809,191.02650141716003
2810,193.16113305091858
2811,197.31254768371582
2812,189.7509527206421
2813,192.50450992584229
2814,191.51792526245117
2815,193.33324885368347
2816,191.39630675315857
2817,196.16215205192566
2818,191.33520936965942
2819,190.13438248634338
2820,191.6051197052002
2821,187.4235634803772
2822,194.38318729400635
2823,196.1423933506012
2824,192.64265966415405
2825,200.06245613098145
2826,198.93029475212097
2827,191.87654042243958
2828,200.53169751167297
2829,199.25414991378784
2830,202.44899916648865
2831,196.073166847229
2832,199.21291613578796
2833,198.54104924201965
2834,197.79933762550354
2835,191.9865734577179
2836,192.87239933013916
2837,185.62290954589844
2838,187.2757956981659
2839,187.34790873527527
2840,186.44314861297607
2841,191.12651896476746
2842,190.20406436920166
2843,191.4405529499054
2844,189.28938698768616
2845,185.7155795097351
2846,183.5377459526062
2847,184.2431252002716
2848,184.5660638809204
2849,185.6827576160431
2850,181.7713611125946
2851,188.1679985523224
2852,187.39740586280823
2853,187.37764310836792
2854,191.48295378684998
2855,188.6643409729004
2856,187.60960984230042
2857,187.2388699054718
2858,189.32155513763428
2859,192.35775065422058
2860,192.47159957885742
2861,192.16055583953857
2862,193.6958019733429
2863,186.48330426216125
2864,185.22498893737793
2865,182.6787109375
2866,185.18171167373657
2867,184.31582283973694
2868,185.79428362846375
2869,190.19664573669434
2870,183.0910894870758
2871,181.47935700416565
2872,180.2118079662323
2873,180.07379722595215
2874,176.29109501838684
2875,173.50965666770935
2876,179.91942405700684
2877,188.04728937149048
2878,182.07619500160217
2879,179.1874921321869
2880,183.0826780796051
2881,183.7754225730896
2882,183.3645634651184
2883,187.07407999038696
2884,184.81585311889648
2885,186.05269718170166
2886,189.70285654067993
2887,185.55649375915527
2888,190.14259552955627
2889,195.1890115737915
2890,199.01322984695435
2891,198.99827694892883
2892,209.21906089782715
2893,197.7189838886261
2894,205.28926348686218
2895,198.90357279777527
2896,201.8208384513855
2897,203.25730419158936
2898,201.4298107624054
2899,198.94952082633972
2900,197.84743547439575
2901,196.9498212337494
2902,189.52738094329834
2903,193.17730522155762
2904,190.01442766189575
2905,182.83461809158325
2906,187.59990119934082
2907,208.5396285057068
2908,190.00449895858765
2909,185.09234237670898
2910,185.1590211391449
2911,186.64232730865479
2912,186.92978644371033
2913,192.68900895118713
2914,199.08003330230713
2915,196.4924876689911
2916,203.11593103408813
2917,197.88484048843384
2918,190.50597643852234
2919,197.93517756462097
2920,188.49089884757996
2921,181.84482049942017
2922,183.05829048156738
2923,181.32857298851013
2924,188.44937324523926
2925,182.52895998954773
2926,181.7524175643921
2927,178.5141658782959
2928,182.44227480888367
2929,181.53841376304626
2930,185.72709465026855
2931,187.0302472114563
2932,181.65671706199646
2933,183.3086941242218
2934,180.40291237831116
2935,181.5723237991333
2936,184.7173478603363
2937,191.87806177139282
2938,183.17805743217468
2939,191.45385217666626
2940,192.16904258728027
2941,194.2023253440857
2942,192.11273503303528
2943,192.97456336021423
2944,196.84125995635986
2945,197.13020706176758
2946,200.22771191596985
2947,197.8043179512024
2948,200.61343336105347
2949,201.977774143219
2950,203.3808879852295
2951,205.58952856063843
2952,196.32772946357727
2953,196.34836554527283
2954,193.92176842689514
2955,194.16291546821594
2956,193.9210705757141
2957,190.94923782348633
2958,193.95374250411987
2959,197.86169052124023
2960,182.55514574050903
2961,185.69266724586487
2962,189.74114966392517
2963,189.8324944972992
2964,185.35499143600464
2965,187.14412879943848
2966,190.86103749275208
2967,184.683354139328
2968,185.94576382637024
2969,186.47119688987732
2970,183.8310363292694
2971,190.1054916381836
2972,185.23619294166565
2973,186.66644263267517
2974,194.5477101802826
2975,190.56546783447266
2976,191.5358498096466
2977,184.73899602890015
2978,193.1950216293335
2979,196.42910623550415
2980,195.5965292453766
2981,195.56812024116516
2982,203.9357647895813
2983,199.0138716697693
2984,209.13187837600708
2985,209.8094882965088
2986,220.13503170013428
2987,210.15009260177612
2988,205.69196224212646
2989,197.4942672252655
2990,197.9419207572937
2991,201.37076997756958
2992,200.0619924068451
2993,197.86577463150024
2994,196.96656465530396
2995,196.7029309272766
2996,191.8729362487793
2997,193.36066436767578
2998,186.0170361995697
2999,185.38416147232056
3000,189.49539279937744
3001,183.92508506774902
3002,191.8112804889679
3003,193.0181701183319
3004,194.82496333122253
3005,191.62189197540283
3006,196.75508737564087
3007,191.36273646354675
3008,195.7675220966339
3009,190.61900353431702
3010,189.2396502494812
3011,196.56367206573486
3012,201.14775729179382
3013,207.25037956237793
3014,208.2357051372528
3015,198.57815837860107
3016,195.41119861602783
3017,191.09782576560974
3018,186.80911374092102
3019,185.30722332000732
3020,188.4493327140808
3021,190.74269938468933
3022,196.89981484413147
3023,184.58074927330017
3024,187.57089138031006
3025,187.06874823570251
3026,186.32107424736023
3027,190.05751085281372
3028,191.37831211090088
3029,184.96750855445862
3030,185.56105542182922
3031,187.56640028953552
3032,184.0537621974945
3033,187.97447562217712
3034,184.04618620872498
3035,188.0116834640503
3036,188.7241928577423
3037,219.4292118549347
3038,182.99399495124817
3039,187.12294840812683
3040,192.6785430908203
3041,194.59581184387207
3042,193.16187500953674
3043,194.32105588912964
3044,193.5013678073883
3045,195.65276098251343
3046,191.03581643104553
3047,196.83740091323853
3048,188.49867367744446
3049,192.69623136520386
3050,191.50611853599548
3051,194.57170724868774
3052,189.2748098373413
3053,190.7060582637787
3054,191.35478854179382
3055,189.4309470653534
3056,187.27118802070618
3057,188.1543004512787
3058,191.68271589279175
3059,192.35554575920105
3060,192.69703221321106
3061,188.2102072238922
3062,189.25839066505432
3063,193.16688632965088
3064,191.37643551826477
3065,190.74769854545593
3066,195.0309817790985
3067,190.3802936077118
3068,192.2521767616272
3069,194.78474926948547
3070,196.62226510047913
3071,194.57723665237427
3072,194.95188879966736
3073,187.44496989250183
3074,191.2295458316803
3075,187.52017331123352
3076,190.24701237678528
3077,189.1208257675171
3078,188.4818150997162
3079,188.78423810005188
3080,186.21681237220764
3081,184.03533720970154
3082,185.60066962242126
3083,186.27906608581543
3084,189.5660924911499
3085,188.4982032775879
3086,194.6399438381195
3087,185.83625984191895
3088,170.3219232559204
3089,173.54401016235352
3090,204.38125228881836
3091,206.4916124343872
3092,204.78876376152039
3093,213.3648645877838
3094,206.41384387016296
3095,211.47795414924622
3096,208.15361213684082
3097,208.98753595352173
3098,195.12115120887756
3099,195.55907607078552
3100,191.55761671066284
3101,193.13584089279175
3102,189.2254753112793
3103,189.67310857772827
3104,191.6597442626953
3105,193.13081455230713
3106,188.22521018981934
3107,183.823725938797
3108,187.57623958587646
3109,187.91652512550354
3110,187.81109619140625
3111,191.18419361114502
3112,189.67908120155334
3113,187.62791395187378
3114,187.35515832901
3115,190.51579546928406
3116,186.27791142463684
3117,179.5488395690918
3118,191.7825756072998
3119,190.29123401641846
3120,176.5358865261078
3121,181.85708022117615
3122,184.34656262397766
3123,182.50558304786682
3124,186.35482215881348
3125,189.78372383117676
3126,186.6237416267395
3127,188.68769812583923
3128,187.96002531051636
3129,189.32948994636536
3130,199.86467838287354
3131,199.64224290847778
3132,198.7681369781494
3133,198.08831548690796
3134,204.67601418495178
3135,200.50794291496277
3136,206.41442370414734
3137,206.625239610672
3138,208.44630932807922
3139,208.45280075073242
3140,214.0881793498993
3141,208.1127073764801
3142,206.58256149291992
3143,192.5907003879547
3144,196.76611757278442
3145,197.67311835289001
3146,194.15213537216187
3147,189.45082783699036
3148,194.0726182460785
3149,190.51901268959045
3150,193.4518804550171
3151,187.254896402359
3152,188.62426710128784
3153,192.06439232826233
3154,188.8817937374115
3155,196.95980858802795
3156,190.10081362724304
3157,196.29916954040527
3158,192.05264520645142
3159,192.378103017807
3160,199.36039209365845
3161,199.85910081863403
3162,194.35240960121155
3163,196.59263277053833
3164,197.08876013755798
3165,197.35176420211792
3166,196.06870913505554
3167,212.40318298339844
3168,196.18742489814758
3169,201.69009256362915
3170,203.61844754219055
3171,197.3523247241974
3172,195.57944774627686
3173,197.25301337242126
3174,196.60436344146729
3175,194.21358251571655
3176,191.5365993976593
3177,190.58073663711548
3178,190.01322507858276
3179,187.2746741771698
3180,186.9074833393097
3181,185.9263949394226
3182,181.73557376861572
3183,180.78652048110962
3184,178.6368260383606
3185,175.15837144851685
3186,180.17764043807983
3187,193.47371411323547
3188,187.9643144607544
3189,186.8113307952881
3190,188.9769160747528
3191,192.7136070728302
3192,189.5325210094452
3193,191.9120330810547
3194,192.32908606529236
3195,202.12347984313965
3196,189.66982460021973
3197,188.62639570236206
3198,188.8683156967163
3199,188.74913692474365
3200,186.47304558753967
3201,184.21548771858215
3202,187.8071892261505
3203,193.41344380378723
3204,194.02450585365295
3205,191.01582074165344
3206,192.39104294776917
3207,190.0838179588318
3208,194.56958198547363
3209,193.04464387893677
3210,197.44419050216675
3211,198.41524720191956
3212,193.99798798561096
3213,192.396564245224
3214,191.3430438041687
3215,192.22886562347412
3216,189.4622929096222
3217,186.30323576927185
3218,182.75367403030396
3219,186.5070412158966
3220,185.52542662620544
3221,188.84203720092773
3222,191.86100840568542
3223,191.8649799823761
3224,192.77652144432068
3225,191.81086492538452
3226,188.40405201911926
3227,189.3779411315918
3228,184.1138949394226
3229,191.9147710800171
3230,187.59760451316833
3231,186.3675696849823
3232,194.85335636138916
3233,191.05575346946716
3234,198.81220865249634
3235,195.1710066795349
3236,192.03056979179382
3237,191.18026852607727
3238,201.04704570770264
3239,202.03250908851624
3240,199.50126910209656
3241,199.80991196632385
3242,196.3085069656372
3243,195.37579202651978
3244,187.82823848724365
3245,194.01939916610718
3246,193.25844168663025
3247,194.5185477733612
3248,196.30238723754883
3249,192.88869667053223
3250,189.70849704742432
3251,190.48227214813232
3252,188.19119834899902
3253,187.03018999099731
3254,180.47456312179565
3255,176.35714316368103
3256,177.36109137535095
3257,177.90564918518066
3258,179.25264835357666
3259,176.99121642112732
3260,176.76191115379333
3261,180.69659686088562
3262,181.2042338848114
3263,189.14391660690308
3264,188.89911437034607
3265,182.96256256103516
3266,189.3123321533203
3267,189.3927743434906
3268,190.79326224327087
3269,190.2112889289856
3270,187.5984125137329
3271,190.8195128440857
3272,196.97305512428284
3273,201.32558059692383
3274,198.95189571380615
3275,204.61340618133545
3276,209.15158939361572
3277,201.8671510219574
3278,200.71068811416626
3279,195.0761637687683
3280,195.80073857307434
3281,202.06179308891296
3282,212.00524139404297
3283,211.7128415107727
3284,211.74509024620056
3285,203.50496768951416
3286,203.56020331382751
3287,209.48767733573914
3288,198.28290820121765
3289,193.27478003501892
3290,196.8788664340973
3291,193.05131340026855
3292,189.86594915390015
3293,191.05044174194336
3294,185.19601726531982
3295,188.6554617881775
3296,185.08201050758362
3297,216.88420748710632
3298,185.9076805114746
3299,183.0667154788971
3300,192.92583870887756
3301,208.35002088546753
3302,193.30422234535217
3303,194.25205850601196
3304,189.45418238639832
3305,179.3816635608673
3306,196.21229696273804
3307,187.13670468330383
3308,186.59190106391907
3309,175.88332438468933
3310,180.1165521144867
3311,178.5970458984375
3312,175.70961236953735
3313,172.9107050895691
3314,174.45176577568054
3315,175.5007827281952
3316,176.34388184547424
3317,179.06494426727295
3318,182.41242933273315
3319,177.9661407470703
3320,185.7120041847229
3321,187.69997119903564
3322,201.83199906349182
3323,194.91629886627197
3324,192.60853123664856
3325,190.61327719688416
3326,192.2742259502411
3327,187.2310585975647
3328,185.55470442771912
3329,182.41758179664612
3330,197.94809651374817
3331,193.9722831249237
3332,192.1801311969757
3333,194.53834056854248
3334,195.35053253173828
3335,193.93246293067932
3336,201.6431486606598
3337,194.8362443447113
3338,190.11763548851013
3339,192.73916721343994
3340,194.23269724845886
3341,191.4299123287201
3342,189.13990116119385
3343,190.19402408599854
3344,190.5759949684143
3345,189.04779648780823
3346,191.1062684059143
3347,192.0656237602234
3348,197.96157956123352
3349,197.38345313072205
3350,193.67979836463928
3351,194.53583574295044
3352,198.01393461227417
3353,204.62492275238037
3354,194.89742875099182
3355,198.99556255340576
3356,196.54068636894226
3357,190.41309642791748
3358,191.70328450202942
3359,191.76064324378967
3360,186.95795679092407
3361,184.34132957458496
3362,185.64829421043396
3363,187.27061247825623
3364,181.72534155845642
3365,181.55590963363647
3366,183.97662591934204
3367,185.93195509910583
3368,182.49391412734985
3369,186.24844193458557
3370,188.27203726768494
3371,189.1951265335083
3372,190.9929530620575
3373,185.9787187576294
3374,186.05211210250854
3375,189.49987769126892
3376,187.21531915664673
3377,193.09865355491638
3378,187.4111044406891
3379,189.01152181625366
3380,195.20054531097412
3381,187.22680616378784
3382,185.92330074310303
3383,187.8723521232605
3384,185.0172290802002
3385,189.03476691246033
3386,187.69452357292175
3387,188.7045738697052
3388,185.6830117702484
3389,183.04229068756104
3390,181.78767585754395
3391,184.65154910087585
3392,186.89327359199524
3393,181.18461155891418
3394,187.57238912582397
3395,182.3615539073944
3396,191.07200145721436
3397,182.34854435920715
3398,185.2635474205017
3399,186.55700373649597
3400,186.55402278900146
3401,181.90103673934937
3402,183.03595185279846
3403,190.45607376098633
3404,196.25997471809387
3405,197.98944854736328
3406,191.56144452095032
3407,194.45625257492065
3408,192.20799493789673
3409,201.12523937225342
3410,201.06242775917053
3411,196.98291325569153
3412,201.2185263633728
3413,193.37814164161682
3414,198.36394095420837
3415,189.82501864433289
3416,191.63724660873413
3417,193.49115180969238
3418,195.49718713760376
3419,194.62271094322205
3420,191.95354962348938
3421,194.2215220928192
3422,189.85910725593567
3423,190.1836929321289
3424,192.4482548236847
3425,190.07679438591003
3426,184.02395939826965
3427,217.7453989982605
3428,187.86886930465698
3429,190.71754932403564
3430,197.07237672805786
3431,196.23462963104248
3432,190.83993101119995
3433,191.12029814720154
3434,187.5057578086853
3435,185.25048351287842
3436,185.15271258354187
3437,187.46808385849
3438,181.40016078948975
3439,186.4710659980774
3440,182.9734592437744
3441,186.81455945968628
3442,184.69234347343445
3443,179.60891485214233
3444,185.5865352153778
3445,180.15467858314514
3446,185.71427273750305
3447,181.34934973716736
3448,182.7312319278717
3449,175.1505241394043
3450,175.07464122772217
3451,175.81962728500366
3452,175.36140251159668
3453,174.86927914619446
3454,176.3472499847412
3455,181.36716389656067
3456,182.2928762435913
3457,178.7948989868164
3458,175.2049720287323
3459,177.45864582061768
3460,181.99898433685303
3461,182.72105407714844
3462,177.61350774765015
3463,188.177574634552
3464,176.38234210014343
3465,178.66138815879822
3466,181.8456723690033
3467,181.77708506584167
3468,185.06679582595825
3469,178.74743723869324
3470,173.06362318992615
3471,178.45097637176514
3472,177.3243396282196
3473,182.32997179031372
3474,176.39303946495056
3475,177.19954180717468
3476,180.40518522262573
3477,188.56976556777954
3478,190.9040768146515
3479,193.66888332366943
3480,197.51785278320312
3481,201.91242361068726
3482,200.8076946735382
3483,209.66394686698914
3484,210.5294327735901
3485,205.96102643013
3486,203.75800800323486
3487,206.7090756893158
3488,202.47316527366638
3489,204.86141347885132
3490,199.71813106536865
3491,197.57242059707642
3492,200.8447699546814
3493,192.13361406326294
3494,195.17243266105652
3495,201.94592308998108
3496,192.77783870697021
3497,197.75316214561462
3498,194.91437220573425
3499,193.11491656303406
3500,195.47200179100037
3501,192.7923400402069
3502,186.22537350654602
3503,186.01690936088562
3504,186.85438656806946
3505,190.06278276443481
3506,188.11685419082642
3507,196.22280359268188
3508,192.66331934928894
3509,202.06515455245972
3510,205.46149349212646
3511,211.19582295417786
3512,198.65103721618652
3513,193.07228994369507
3514,196.74381685256958
3515,190.49773597717285
3516,186.82324194908142
3517,185.26081538200378
3518,191.20939874649048
3519,188.42655086517334
3520,192.1810884475708
3521,189.02132606506348
3522,182.0972990989685
3523,180.34554028511047
3524,182.32243537902832
3525,177.05140805244446
3526,179.7302703857422
3527,185.1136302947998
3528,194.9910912513733
3529,189.8670151233673
3530,189.10505867004395
3531,186.678941488266
3532,188.77168035507202
3533,187.01388835906982
3534,187.0967617034912
3535,188.60621523857117
3536,184.8259220123291
3537,193.06467080116272
3538,190.83567094802856
3539,203.2117955684662
3540,195.90751910209656
3541,191.22980117797852
3542,188.3696529865265
3543,190.1344256401062
3544,191.0543611049652
3545,198.7904462814331
3546,199.99523162841797
3547,196.9543149471283
3548,201.73737263679504
3549,191.3537893295288
3550,196.2227931022644
3551,193.84061074256897
3552,192.24809670448303
3553,187.70447278022766
3554,186.10349678993225
3555,187.85708022117615
3556,194.75620532035828
3557,214.76157975196838
3558,188.68931484222412
3559,191.01194047927856
3560,211.58961963653564
3561,197.59862971305847
3562,206.1887321472168
3563,215.71542239189148
3564,201.25359463691711
3565,215.4846212863922
3566,203.81556940078735
3567,204.4545030593872
3568,193.42214393615723
3569,198.11684823036194
3570,200.37995433807373
3571,199.3128056526184
3572,196.3674876689911
3573,194.72031164169312
3574,192.098694562912
3575,192.32373547554016
3576,190.13307690620422
3577,187.46293759346008
3578,191.04382872581482
3579,184.9665665626526
3580,189.69278049468994
3581,185.23635029792786
3582,184.17505049705505
3583,185.49603390693665
3584,190.1907651424408
3585,187.74080681800842
3586,187.88564538955688
3587,188.47588562965393
3588,188.9375536441803
3589,188.69433879852295
3590,187.63993763923645
3591,186.11413478851318
3592,187.1406741142273
3593,184.82856392860413
3594,183.17619276046753
3595,188.53901886940002
3596,193.99280428886414
3597,193.9077513217926
3598,196.78272032737732
3599,198.66605877876282
3600,196.56252145767212
3601,198.31206488609314
3602,199.3018901348114
3603,199.51724672317505
3604,197.04853987693787
3605,198.99743604660034
3606,194.8813877105713
3607,200.3486225605011
3608,204.1260199546814
3609,195.97492861747742
3610,198.11643314361572
3611,194.42960286140442
3612,201.84202671051025
3613,190.77349495887756
3614,191.19074702262878
3615,195.97748517990112
3616,194.09890127182007
3617,186.34238195419312
3618,190.43167161941528
3619,186.17303466796875
3620,184.80748343467712
3621,188.84521412849426
3622,187.57221341133118
3623,189.5779480934143
3624,186.13877630233765
3625,184.9529266357422
3626,192.32441902160645
3627,189.13500118255615
3628,190.27225804328918
3629,194.0089817047119
3630,191.53055715560913
3631,190.5116105079651
3632,186.9040548801422
3633,189.64433574676514
3634,190.8405647277832
3635,191.870365858078
3636,195.65416073799133
3637,192.727068901062
3638,196.4329309463501
3639,193.03922510147095
3640,193.175124168396
3641,188.10929322242737
3642,186.10007166862488
3643,180.27170062065125
3644,185.198077917099
3645,185.57328462600708
3646,183.49880146980286
3647,181.3363950252533
3648,180.87673473358154
3649,182.13086867332458
3650,180.211097240448
3651,184.10234451293945
3652,183.3767876625061
3653,193.5321855545044
3654,185.20183181762695
3655,189.57397961616516
3656,180.993985414505
3657,181.0386028289795
3658,185.4321370124817
3659,179.96919536590576
3660,174.53084444999695
3661,179.2971088886261
3662,181.99655318260193
3663,189.09211778640747
3664,187.96130752563477
3665,196.2885217666626
3666,209.12772512435913
3667,194.78584933280945
3668,196.86462450027466
3669,198.8530764579773
3670,194.03506731987
3671,192.7990128993988
3672,192.04062175750732
3673,193.93209266662598
3674,187.45606803894043
3675,193.73548221588135
3676,190.38561081886292
3677,191.88096380233765
3678,194.9957413673401
3679,189.4036877155304
3680,186.69107460975647
3681,188.3159396648407
3682,190.9282774925232
3683,192.36996364593506
3684,191.68531918525696
3685,197.0310764312744
3686,198.3261878490448
3687,216.42797327041626
3688,186.60016059875488
3689,193.34558296203613
3690,192.2010533809662
3691,195.17640352249146
3692,197.52547430992126
3693,194.01701402664185
3694,192.1870138645172
3695,193.80762219429016
3696,194.09919810295105
3697,191.73990106582642
3698,190.86946630477905
3699,188.63066124916077
3700,189.42233204841614
3701,192.48836016654968
3702,190.6148557662964
3703,194.05232119560242
3704,199.97484612464905
3705,183.4954354763031
3706,182.76807141304016
3707,187.76727318763733
3708,186.38927364349365
3709,182.97400379180908
3710,178.736319065094
3711,178.6317901611328
3712,185.47893524169922
3713,193.68068146705627
3714,188.33822751045227
3715,188.57774233818054
3716,187.48913097381592
3717,189.95259022712708
3718,194.71941328048706
3719,189.53796195983887
3720,192.66323113441467
3721,188.61038303375244
3722,189.1167221069336
3723,187.16663670539856
3724,190.59442234039307
3725,188.45345640182495
3726,182.92780184745789
3727,185.29144620895386
3728,189.67957639694214
3729,195.13666033744812
3730,194.3287181854248
3731,191.79538440704346
3732,193.8518853187561
3733,192.5618498325348
3734,192.91734766960144
3735,188.8602318763733
3736,194.4476318359375
3737,190.38312482833862
3738,189.42620396614075
3739,185.30053043365479
3740,190.68094062805176
3741,186.33332562446594
3742,187.1741979122162
3743,187.71221590042114
3744,191.85351014137268
3745,192.40155386924744
3746,186.36809492111206
3747,192.4989321231842
3748,187.94667077064514
3749,192.38510417938232
3750,196.90438842773438
3751,184.33140063285828
3752,188.12052989006042
3753,189.98243641853333
3754,192.7000036239624
3755,187.24279308319092
3756,186.47578954696655
3757,193.7946138381958
3758,190.3915309906006
3759,192.44024968147278
3760,192.3131182193756
3761,188.57590913772583
3762,193.71171069145203
3763,188.75402212142944
3764,196.89695048332214
3765,186.78910517692566
3766,185.6338894367218
3767,186.00480580329895
3768,191.24063062667847
3769,192.64158010482788
3770,188.20372486114502
3771,190.50216603279114
3772,194.39967346191406
3773,187.0311279296875
3774,190.70512437820435
3775,190.24246883392334
3776,192.5195655822754
3777,192.5621519088745
3778,188.44883918762207
3779,196.66525626182556
3780,188.4458031654358
3781,184.63058400154114
3782,185.52251935005188
3783,187.42099404335022
3784,184.64813375473022
3785,184.56983590126038
3786,188.52802395820618
3787,183.02600026130676
3788,180.99204659461975
3789,181.7930736541748
3790,180.4318871498108
3791,181.36647844314575
3792,185.2994647026062
3793,183.4163258075714
3794,186.32490158081055
3795,195.90751218795776
3796,192.96104097366333
3797,193.38634610176086
3798,190.8549518585205
3799,190.31331753730774
3800,193.63912200927734
3801,189.8351800441742
3802,186.20799016952515
3803,188.49722480773926
3804,187.13026690483093
3805,181.56431818008423
3806,191.59213972091675
3807,193.72296857833862
3808,196.86219882965088
3809,191.28543210029602
3810,201.14942073822021
3811,191.5579810142517
3812,200.47809195518494
3813,194.01315546035767
3814,191.40233635902405
3815,192.4963629245758
3816,215.74560379981995
3817,179.14200496673584
3818,180.09321928024292
3819,186.63570618629456
3820,185.02040815353394
3821,186.8223192691803
3822,195.71415448188782
3823,194.72411727905273
3824,203.29451370239258
3825,203.01166200637817
3826,190.37455320358276
3827,183.70838069915771
3828,188.73609614372253
3829,194.04056024551392
3830,196.65650177001953
3831,196.23781609535217
3832,193.69326329231262
3833,195.06857180595398
3834,189.35250449180603
3835,195.43802070617676
3836,186.6226441860199
3837,186.0775544643402
3838,178.43735074996948
3839,180.50456023216248
3840,180.95755529403687
3841,183.59805274009705
3842,187.00003719329834
3843,194.67927765846252
3844,195.39826703071594
3845,198.73658418655396
3846,195.68122386932373
3847,202.52524709701538
3848,208.6188678741455
3849,200.91343235969543
3850,195.1632490158081
3851,190.73147296905518
3852,187.3419017791748
3853,190.25219535827637
3854,194.01397323608398
3855,193.64261531829834
3856,191.2932391166687
3857,189.23965644836426
3858,189.87393069267273
3859,194.41330409049988
3860,194.65693187713623
3861,189.88401651382446
3862,189.5957896709442
3863,186.61080694198608
3864,181.10929250717163
3865,184.62909317016602
3866,185.88295197486877
3867,185.93669366836548
3868,186.7739918231964
3869,184.3911371231079
3870,185.31980061531067
3871,191.39986848831177
3872,187.77764701843262
3873,188.70202445983887
3874,187.99962973594666
3875,189.8199143409729
3876,189.73792576789856
3877,187.94414353370667
3878,187.5004243850708
3879,197.50734853744507
3880,198.1439085006714
3881,208.95770907402039
3882,207.19758224487305
3883,217.3788824081421
3884,222.07040309906006
3885,201.77032351493835
3886,201.50065541267395
3887,197.62920308113098
3888,201.32905316352844
3889,188.6675283908844
3890,192.32856631278992
3891,194.12960600852966
3892,190.30191445350647
3893,190.85958814620972
3894,192.29304957389832
3895,192.91512393951416
3896,192.7358682155609
3897,185.4130837917328
3898,199.1265869140625
3899,193.9414086341858
3900,211.75182151794434
3901,198.59402751922607
3902,194.11880254745483
3903,203.41149497032166
3904,206.97588443756104
3905,201.4927921295166
3906,206.85169458389282
3907,203.3934359550476
3908,195.01904368400574
3909,194.69863080978394
3910,188.24698162078857
3911,187.48829102516174
3912,185.9238622188568
3913,180.19635224342346
3914,176.60276103019714
3915,179.7521104812622
3916,177.83192801475525
3917,181.09627556800842
3918,184.0893361568451
3919,186.16059708595276
3920,188.97113919258118
3921,193.90374970436096
3922,197.03051781654358
3923,198.6206398010254
3924,203.68069744110107
3925,192.0120131969452
3926,196.285817861557
3927,200.9211802482605
3928,187.87558436393738
3929,188.40260529518127
3930,189.84238004684448
3931,185.82281589508057
3932,185.574688911438
3933,187.72641611099243
3934,190.14217138290405
3935,187.2410044670105
3936,197.07138085365295
3937,191.17625617980957
3938,196.36738514900208
3939,194.8251028060913
3940,192.24055457115173
3941,194.0031976699829
3942,189.93855023384094
3943,190.29030227661133
3944,187.38672280311584
3945,184.98370456695557
3946,206.3668053150177
3947,185.16096305847168
3948,184.26101517677307
3949,192.24770641326904
3950,191.9576210975647
3951,195.0210041999817
3952,198.8654396533966
3953,201.01759910583496
3954,207.25794863700867
3955,199.6978404521942
3956,193.80663514137268
3957,187.48078513145447
3958,194.22416591644287
3959,191.48244619369507
3960,189.19159841537476
3961,190.43372249603271
3962,189.4584686756134
3963,184.7449333667755
3964,187.58776140213013
3965,187.0182340145111
3966,186.53291177749634
3967,191.17652344703674
3968,192.59927701950073
3969,184.58158469200134
3970,189.90650820732117
3971,189.66478991508484
3972,189.93099999427795
3973,190.0594437122345
3974,189.29722714424133
3975,187.09524369239807
3976,186.33344769477844
3977,186.14744973182678
3978,185.11365294456482
3979,184.98067784309387
3980,187.63065791130066
3981,189.86478900909424
3982,193.00341773033142
3983,195.52592206001282
3984,196.0102870464325
3985,203.7593183517456
3986,210.25204849243164
3987,194.8583469390869
3988,201.79656839370728
3989,213.03521060943604
3990,206.98355793952942
3991,203.8959732055664
3992,203.3082115650177
3993,195.2245228290558
3994,190.83016443252563
3995,189.49377584457397
3996,191.266539812088
3997,191.04657888412476
3998,184.6643931865692
3999,185.31418776512146
4000,189.7155454158783
4001,187.75015258789062
4002,192.88782358169556
4003,198.14868068695068
4004,195.32554721832275
4005,190.91915464401245
4006,198.49768471717834
4007,193.16636395454407
4008,191.01266503334045
4009,192.43547940254211
4010,189.55896162986755
4011,185.8692591190338
4012,185.91748356819153
4013,185.19749879837036
4014,185.9346685409546
4015,187.61826276779175
4016,184.16641211509705
4017,186.88220620155334
4018,190.62191772460938
4019,189.09780025482178
4020,189.7766981124878
4021,191.19687485694885
4022,193.32267546653748
4023,187.9199664592743
4024,187.14432883262634
4025,186.37314128875732
4026,186.75575995445251
4027,188.1484808921814
4028,191.01563501358032
4029,192.12803626060486
4030,187.41032791137695
4031,188.41584658622742
4032,186.3013527393341
4033,193.3275306224823
4034,194.83214950561523
4035,191.02466106414795
4036,195.84376072883606
4037,203.61649370193481
4038,185.5733733177185
4039,187.50600457191467
4040,183.22675371170044
4041,192.66934418678284
4042,185.9430558681488
4043,186.81513333320618
4044,189.59592413902283
4045,194.2173888683319
4046,195.8350954055786
4047,198.56342148780823
4048,196.86180877685547
4049,194.64874362945557
4050,193.08294010162354
4051,193.75279021263123
4052,195.85186505317688
4053,192.16443705558777
4054,188.5230062007904
4055,187.546804189682
4056,185.3166742324829
4057,180.25761032104492
4058,176.37587690353394
4059,177.5735547542572
4060,178.6210651397705
4061,180.2531635761261
4062,188.42575073242188
4063,197.8173258304596
4064,206.39087796211243
4065,213.55504274368286
4066,207.6456835269928
4067,195.87078428268433
4068,201.68256855010986
4069,195.90557050704956
4070,199.6009645462036
4071,196.41346168518066
4072,202.44236183166504
4073,200.46128129959106
4074,199.41748118400574
4075,198.75065803527832
4076,219.5506010055542
4077,196.47931671142578
4078,193.7179148197174
4079,196.5942075252533
4080,189.66864252090454
4081,190.28811240196228
4082,192.52376294136047
4083,187.70376539230347
4084,189.0036599636078
4085,188.47500252723694
4086,181.07171177864075
4087,189.87467527389526
4088,186.09839987754822
4089,184.58749508857727
4090,191.51922702789307
4091,193.7980034351349
4092,184.70283555984497
4093,191.80708408355713
4094,190.30393171310425
4095,188.92829585075378
4096,192.73894906044006
4097,196.24719071388245
4098,194.07880330085754
4099,190.68275451660156
4100,191.98135566711426
4101,192.91764521598816
4102,193.50188040733337
4103,192.526620388031
4104,198.46745944023132
4105,192.0412027835846
4106,184.85357904434204
4107,184.3167552947998
4108,193.80769276618958
4109,183.82585906982422
4110,189.4645459651947
4111,188.45662117004395
4112,192.41928458213806
4113,189.8834207057953
4114,187.39507603645325
4115,187.41211223602295
4116,188.10094833374023
4117,188.21750950813293
4118,192.14626216888428
4119,187.08443021774292
4120,189.81990599632263
4121,194.0188500881195
4122,194.99165391921997
4123,191.73140931129456
4124,209.9659025669098
4125,201.14075326919556
4126,198.1755814552307
4127,198.50865292549133
4128,195.46338987350464
4129,195.25868391990662
4130,188.77537870407104
4131,183.32732939720154
4132,192.21350121498108
4133,184.22124409675598
4134,198.21015429496765
4135,188.62933540344238
4136,189.11696553230286
4137,193.82207703590393
4138,189.56546187400818
4139,187.66518259048462
4140,195.62861251831055
4141,191.99792861938477
4142,194.10149216651917
4143,189.66035199165344
4144,188.54602432250977
4145,187.87847018241882
4146,191.69275951385498
4147,184.5634937286377
4148,185.02538752555847
4149,187.61529874801636
4150,189.939147233963
4151,187.98201489448547
4152,181.63545680046082
4153,190.83786702156067
4154,190.669095993042
4155,187.7331943511963
4156,194.40708327293396
4157,195.21661138534546
4158,198.54876136779785
4159,185.14219570159912
4160,190.41864895820618
4161,194.08226656913757
4162,199.38696885108948
4163,196.76093220710754
4164,195.98744916915894
4165,197.6022665500641
4166,195.9597840309143
4167,199.538880109787
4168,195.75243997573853
4169,191.82423448562622
4170,193.57284927368164
4171,191.4592785835266
4172,191.08488988876343
4173,191.92907667160034
4174,188.00072622299194
4175,194.57426476478577
4176,195.74716758728027
4177,189.09170198440552
4178,190.48987913131714
4179,192.46547031402588
4180,188.91335010528564
4181,196.12693166732788
4182,192.21467423439026
4183,199.7470474243164
4184,188.5262749195099
4185,191.95295643806458
4186,190.18543982505798
4187,194.23212337493896
4188,197.0066797733307
4189,187.75457000732422
4190,190.37493085861206
4191,186.56853127479553
4192,179.95575642585754
4193,177.32100796699524
4194,174.89470553398132
4195,186.7563350200653
4196,190.58796620368958
4197,185.42192387580872
4198,188.96348643302917
4199,196.38248372077942
4200,197.37781524658203
4201,193.43935251235962
4202,205.22824120521545
4203,207.23707270622253
4204,230.78638076782227
4205,219.47511625289917
4206,222.34022283554077
4207,195.2373173236847
4208,191.75244164466858
4209,194.62424516677856
4210,197.29722476005554
4211,198.82216334342957
4212,196.9796485900879
4213,196.0313858985901
4214,190.06227016448975
4215,187.7658395767212
4216,191.74198389053345
4217,187.99618911743164
4218,190.06940937042236
4219,189.8340721130371
4220,183.87960195541382
4221,190.48382139205933
4222,188.67916178703308
4223,185.93843984603882
4224,188.90275382995605
4225,189.5888819694519
4226,193.6776144504547
4227,190.76174759864807
4228,193.23106265068054
4229,186.06051659584045
4230,189.97466325759888
4231,188.30525302886963
4232,189.88853812217712
4233,191.40757942199707
4234,203.06662344932556
4235,190.93861651420593
4236,191.0456943511963
4237,195.650151014328
4238,191.32223200798035
4239,187.83972835540771
4240,185.60100841522217
4241,190.10598230361938
4242,182.23830842971802
4243,187.84573602676392
4244,189.58740305900574
4245,192.929358959198
4246,191.30465650558472
4247,192.6790976524353
4248,193.73368048667908
4249,197.95509314537048
4250,201.7731728553772
4251,202.41496467590332
4252,208.36981058120728
4253,212.94584727287292
4254,205.01046013832092
4255,202.49077248573303
4256,202.15689849853516
4257,204.41393661499023
4258,196.91559839248657
4259,191.58269357681274
4260,190.78872299194336
4261,186.77474665641785
4262,192.26914072036743
4263,188.50208187103271
4264,181.68601775169373
4265,190.9329001903534
4266,189.72553539276123
4267,189.69864773750305
4268,189.04012846946716
4269,186.78265714645386
4270,184.63502383232117
4271,186.78096318244934
4272,196.3285949230194
4273,186.20517754554749
4274,186.8802523612976
4275,200.19736194610596
4276,205.02806305885315
4277,197.42780876159668
4278,199.63522481918335
4279,197.00478196144104
4280,195.41338849067688
4281,202.57069754600525
4282,195.71811079978943
4283,197.69050884246826
4284,188.27788496017456
4285,185.57781100273132
4286,186.5486102104187
4287,182.03889179229736
4288,184.20468854904175
4289,184.8306703567505
4290,181.58604526519775
4291,182.59685897827148
4292,187.6418421268463
4293,183.80584144592285
4294,187.87134766578674
4295,186.5922908782959
4296,189.782883644104
4297,186.64166355133057
4298,191.44888949394226
4299,189.30483651161194
4300,186.31479597091675
4301,189.56154131889343
4302,185.6461696624756
4303,188.18622136116028
4304,186.5021457672119
4305,193.2179479598999
4306,190.47902822494507
4307,186.00136423110962
4308,189.5459349155426
4309,187.6645429134369
4310,189.05205917358398
4311,189.53208184242249
4312,191.80635738372803
4313,184.98815608024597
4314,192.46693897247314
4315,189.58450841903687
4316,181.47695446014404
4317,184.85564613342285
4318,177.55099821090698
4319,182.1353042125702
4320,178.45262718200684
4321,179.93801164627075
4322,182.57803797721863
4323,178.86133408546448
4324,186.06046986579895
4325,185.67864727973938
4326,192.08534145355225
4327,210.31816053390503
4328,218.57192945480347
4329,220.66123914718628
4330,206.5035617351532
4331,213.21324968338013
4332,205.49800848960876
4333,192.1269030570984
4334,199.5938265323639
4335,194.15360641479492
4336,213.08771085739136
4337,187.83484292030334
4338,187.15128135681152
4339,187.57588124275208
4340,189.18557572364807
4341,190.9051616191864
4342,184.95508766174316
4343,187.82460689544678
4344,183.98680520057678
4345,188.93313789367676
4346,187.08139157295227
4347,190.68706798553467
4348,189.4847321510315
4349,195.8018798828125
4350,193.6136703491211
4351,204.0457000732422
4352,203.13490676879883
4353,206.6647288799286
4354,216.03941822052002
4355,206.59681248664856
4356,207.14712810516357
4357,209.15392136573792
4358,210.05327653884888
4359,200.52605605125427
4360,194.26509737968445
4361,209.9805817604065
4362,197.85894966125488
4363,191.69998931884766
4364,191.5537109375
4365,187.4830379486084
4366,190.85741662979126
4367,187.36430835723877
4368,189.1540985107422
4369,188.75186491012573
4370,182.90005707740784
4371,185.66828417778015
4372,187.24700045585632
4373,191.3322606086731
4374,191.48209476470947
4375,198.1248264312744
4376,194.88949751853943
4377,199.22536611557007
4378,191.34468364715576
4379,188.22353339195251
4380,192.63713693618774
4381,186.77508568763733
4382,194.60135793685913
4383,198.10231113433838
4384,190.77748775482178
4385,187.01868295669556
4386,193.13914155960083
4387,192.73632264137268
4388,202.22760438919067
4389,198.89651441574097
4390,194.467835187912
4391,188.6323685646057
4392,192.3759913444519
4393,185.03824758529663
4394,185.6614053249359
4395,182.60372853279114
4396,184.5355019569397
4397,187.80170965194702
4398,188.51172161102295
4399,190.0645842552185
4400,190.3226547241211
4401,191.8772964477539
4402,191.7194628715515
4403,184.62524676322937
4404,189.64380192756653
4405,186.31326532363892
4406,189.91351318359375
4407,184.54667496681213
4408,193.11960530281067
4409,187.56311511993408
4410,197.30152916908264
4411,188.1964693069458
4412,186.41731429100037
4413,191.49232959747314
4414,187.2084493637085
4415,187.8476586341858
4416,188.87917804718018
4417,189.09478545188904
4418,187.59662985801697
4419,183.49775218963623
4420,186.05115842819214
4421,184.25659155845642
4422,184.573383808136
4423,180.33442330360413
4424,178.01205945014954
4425,181.55822730064392
4426,181.18140149116516
4427,184.60849571228027
4428,180.74715757369995
4429,181.26057863235474
4430,180.56687831878662
4431,181.11044239997864
4432,180.61599779129028
4433,183.72855949401855
4434,182.46480178833008
4435,188.013277053833
4436,180.67783308029175
4437,178.9745659828186
4438,186.65830755233765
4439,192.08347940444946
4440,183.97426438331604
4441,181.45724606513977
4442,181.49491214752197
4443,182.0051953792572
4444,179.91880655288696
4445,182.90709733963013
4446,187.01378631591797
4447,182.97525572776794
4448,183.06434774398804
4449,183.26149892807007
4450,180.24790024757385
4451,176.75911355018616
4452,182.4630641937256
4453,180.55454206466675
4454,182.59223985671997
4455,182.5376501083374
4456,180.25475573539734
4457,178.2033553123474
4458,184.7331826686859
4459,186.88493418693542
4460,190.63839530944824
4461,192.9585919380188
4462,196.9985740184784
4463,198.63394260406494
4464,197.9088568687439
4465,199.08641290664673
4466,215.85794758796692
4467,193.70081329345703
4468,195.328510761261
4469,193.79352378845215
4470,194.02085876464844
4471,193.68478798866272
4472,190.17780828475952
4473,194.89821195602417
4474,196.1339144706726
4475,191.38078474998474
4476,192.14722156524658
4477,189.16836857795715
4478,188.586279630661
4479,186.85480546951294
4480,186.0434045791626
4481,186.93451690673828
4482,186.57068872451782
4483,195.36250042915344
4484,191.29429650306702
4485,194.4877986907959
4486,190.7341492176056
4487,191.99349164962769
4488,199.55151844024658
4489,188.69269514083862
4490,186.5305781364441
4491,188.939715385437
4492,188.76011204719543
4493,190.1606867313385
4494,190.6642963886261
4495,187.90317153930664
4496,195.95132684707642
4497,190.05093145370483
4498,189.39448237419128
4499,187.93395161628723
4500,188.43834900856018
4501,191.86463403701782
4502,192.1223225593567
4503,191.72143244743347
4504,187.3783824443817
4505,184.01863980293274
4506,192.3930160999298
4507,188.418390750885
4508,191.09202194213867
4509,192.60214972496033
4510,193.69156861305237
4511,192.36214470863342
4512,198.41496753692627
4513,192.02106761932373
4514,194.05966472625732
4515,192.06847071647644
4516,187.49843096733093
4517,188.1118607521057
4518,183.81529641151428
4519,183.29336142539978
4520,187.13803005218506
4521,185.77416896820068
4522,184.30275464057922
4523,179.92410564422607
4524,183.1750612258911
4525,185.42814445495605
4526,191.4718143939972
4527,193.82026553153992
4528,194.90103149414062
4529,191.09542632102966
4530,189.74451184272766
4531,194.7875108718872
4532,193.02265453338623
4533,187.05292463302612
4534,190.7197871208191
4535,187.73962211608887
4536,187.11609435081482
4537,188.787100315094
4538,188.4136242866516
4539,194.35014939308167
4540,188.17542481422424
4541,189.45694160461426
4542,184.32874464988708
4543,189.3844599723816
4544,192.90009379386902
4545,194.77803468704224
4546,194.23132038116455
4547,193.4176082611084
4548,190.94172763824463
4549,196.00379824638367
4550,190.29327869415283
4551,187.20683407783508
4552,188.12128496170044
4553,184.59878969192505
4554,185.0621681213379
4555,191.51702117919922
4556,191.11314415931702
4557,193.62575578689575
4558,190.35779356956482
4559,192.47894549369812
4560,193.18710327148438
4561,187.3047046661377
4562,194.45148849487305
4563,189.42968726158142
4564,189.96604871749878
4565,189.60421872138977
4566,192.2806613445282
4567,191.87305426597595
4568,190.3465678691864
4569,196.8965494632721
4570,192.64161157608032
4571,186.4970259666443
4572,186.432373046875
4573,188.43506121635437
4574,190.92218399047852
4575,195.8149380683899
4576,198.28309106826782
4577,196.0238151550293
4578,199.32147359848022
4579,205.0903239250183
4580,209.0686845779419
4581,205.98244547843933
4582,206.4839220046997
4583,202.5401155948639
4584,194.34047293663025
4585,196.05331230163574
4586,193.7886562347412
4587,188.91279363632202
4588,191.22252559661865
4589,194.70186519622803
4590,192.99613904953003
4591,186.90866684913635
4592,191.57178568840027
4593,184.14736247062683
4594,186.75348567962646
4595,188.21854877471924
4596,215.56121373176575
4597,187.28961277008057
4598,194.90366411209106
4599,193.28610491752625
4600,189.87637424468994
4601,195.3353340625763
4602,188.15879917144775
4603,196.5055320262909
4604,185.78258657455444
4605,183.4328076839447
4606,183.07643675804138
4607,179.52640676498413
4608,178.38369464874268
4609,176.49201798439026
4610,183.02980160713196
4611,182.85568928718567
4612,194.42758870124817
4613,190.47988367080688
4614,193.17717146873474
4615,197.11620092391968
4616,192.3373303413391
4617,194.65381789207458
4618,189.6091194152832
4619,195.7933554649353
4620,192.00720739364624
4621,193.16088724136353
4622,192.9336404800415
4623,186.698406457901
4624,187.3494210243225
4625,187.24291062355042
4626,189.91147923469543
4627,191.44035410881042
4628,189.4544653892517
4629,192.3232491016388
4630,188.26445960998535
4631,187.42388153076172
4632,187.00257325172424
4633,191.43620491027832
4634,189.17698311805725
4635,196.35623359680176
4636,191.6909523010254
4637,194.7425832748413
4638,207.9942967891693
4639,211.6165542602539
4640,197.37709069252014
4641,190.91871285438538
4642,187.05383610725403
4643,185.2272243499756
4644,191.3818814754486
4645,192.99693965911865
4646,190.61643433570862
4647,195.18769645690918
4648,190.72167253494263
4649,189.83731412887573
4650,184.21294379234314
4651,190.79995942115784
4652,185.97891116142273
4653,190.69393515586853
4654,191.9297354221344
4655,193.83035135269165
4656,197.25766897201538
4657,201.91653442382812
4658,199.73203134536743
4659,199.26107668876648
4660,199.70485305786133
4661,198.67012572288513
4662,194.67671370506287
4663,198.73159551620483
4664,196.55157732963562
4665,201.53884434700012
4666,198.39196252822876
4667,201.4222867488861
4668,197.69698810577393
4669,197.7081687450409
4670,193.57767152786255
4671,195.28819036483765
4672,189.29998898506165
4673,191.37409019470215
4674,189.65643167495728
4675,189.72106528282166
4676,183.74959111213684
4677,186.015549659729
4678,182.65789008140564
4679,187.97706699371338
4680,179.5483980178833
4681,182.54133892059326
4682,186.949444770813
4683,183.8245813846588
4684,188.47904205322266
4685,192.626118183136
4686,194.48678278923035
4687,189.86817240715027
4688,199.14938187599182
4689,199.52684378623962
4690,194.63112115859985
4691,200.1826651096344
4692,193.40766286849976
4693,198.93378496170044
4694,190.27808570861816
4695,194.70271492004395
4696,193.15391540527344
4697,189.27150917053223
4698,192.7637903690338
4699,187.631689786911
4700,191.9042296409607
4701,195.31403636932373
4702,191.51551175117493
4703,187.79306054115295
4704,188.83703064918518
4705,189.00173664093018
4706,184.68359351158142
4707,183.7985725402832
4708,184.74340891838074
4709,183.81844687461853
4710,184.1689510345459
4711,191.0508849620819
4712,190.88859510421753
4713,189.47261834144592
4714,192.73513293266296
4715,191.64124011993408
4716,193.43380522727966
4717,189.4075801372528
4718,193.70866441726685
4719,200.59677934646606
4720,200.3930470943451
4721,197.30685544013977
4722,201.23823761940002
4723,198.16681146621704
4724,199.93880605697632
4725,196.92606663703918
4726,224.46312141418457
4727,190.70185112953186
4728,197.34880757331848
4729,192.29447054862976
4730,191.56267619132996
4731,193.20826029777527
4732,196.2606897354126
4733,194.58979749679565
4734,199.37192678451538
4735,188.1242916584015
4736,190.51091051101685
4737,193.482807636261
4738,192.20847034454346
4739,189.2067906856537
4740,186.57299733161926
4741,191.24170422554016
4742,199.9279112815857
4743,194.08186864852905
4744,192.685396194458
4745,182.61941170692444
4746,188.04726934432983
4747,191.61398434638977
4748,182.0830955505371
4749,192.56002068519592
4750,189.01050782203674
4751,194.41434931755066
4752,193.25339674949646
4753,189.23859095573425
4754,197.25675010681152
4755,188.8446478843689
4756,192.66178059577942
4757,198.24444437026978
4758,207.35645461082458
4759,212.87692284584045
4760,208.95127081871033
4761,211.8892045021057
4762,205.9407787322998
4763,207.6752471923828
4764,201.26237893104553
4765,205.15954279899597
4766,212.3547704219818
4767,207.29181051254272
4768,201.59365010261536
4769,201.9012463092804
4770,201.18261170387268
4771,196.9321472644806
4772,191.33001351356506
4773,187.9949951171875
4774,188.40404176712036
4775,189.2086660861969
4776,190.1607792377472
4777,182.96754717826843
4778,185.15127396583557
4779,180.78885173797607
4780,177.75230860710144
4781,178.45534133911133
4782,179.5160939693451
4783,181.00032091140747
4784,181.15598511695862
4785,188.3245255947113
4786,186.43521976470947
4787,192.70682096481323
4788,191.9068739414215
4789,200.97478866577148
4790,201.58080124855042
4791,209.78873419761658
4792,205.19443893432617
4793,223.43398928642273
4794,210.56254148483276
4795,210.68354320526123
4796,212.5230586528778
4797,207.85075902938843
4798,208.10489130020142
4799,201.46709847450256
4800,200.81581664085388
4801,198.47200274467468
4802,197.3017966747284
4803,195.5973505973816
4804,197.66573810577393
4805,197.14690589904785
4806,194.04521870613098
4807,191.51471734046936
4808,190.64878153800964
4809,190.6473457813263
4810,187.5500991344452
4811,185.6278395652771
4812,187.55450129508972
4813,187.61843013763428
4814,188.84487295150757
4815,185.62994575500488
4816,189.78130984306335
4817,190.58102369308472
4818,184.0002088546753
4819,192.0398931503296
4820,188.29044270515442
4821,186.7364685535431
4822,191.93468499183655
4823,193.8809027671814
4824,193.22823333740234
4825,188.52366828918457
4826,192.1431815624237
4827,188.83213233947754
4828,194.4348828792572
4829,196.3635973930359
4830,191.92257690429688
4831,196.00777506828308
4832,195.19803500175476
4833,193.70958542823792
4834,195.89161801338196
4835,195.21765732765198
4836,188.2085301876068
4837,193.4169886112213
4838,194.65020632743835
4839,195.94498252868652
4840,191.61905121803284
4841,191.87374138832092
4842,194.4200403690338
4843,201.787770986557
4844,191.94916319847107
4845,190.86422729492188
4846,198.15399265289307
4847,195.4999713897705
4848,201.39379835128784
4849,197.05558705329895
4850,197.9613778591156
4851,199.27719712257385
4852,203.15532064437866
4853,206.5098533630371
4854,199.05260920524597
4855,203.50938630104065
4856,222.39358949661255
4857,194.32884788513184
4858,193.7342507839203
4859,187.68176412582397
4860,193.15752243995667
4861,193.64906978607178
4862,192.1645393371582
4863,192.67173838615417
4864,185.1278693675995
4865,187.88318729400635
4866,184.80256032943726
4867,188.9468388557434
4868,189.65931272506714
4869,189.64681673049927
4870,190.13802433013916
4871,198.57688546180725
4872,204.07669234275818
4873,201.78506541252136
4874,199.88869214057922
4875,201.7877984046936
4876,202.7217457294464
4877,207.3426501750946
4878,208.0181109905243
4879,199.98465776443481
4880,209.01582956314087
4881,215.2438039779663
4882,201.5617434978485
4883,205.4521508216858
4884,208.6673183441162
4885,201.26224327087402
4886,199.33342599868774
4887,197.82723999023438
4888,194.72389197349548
4889,197.17312669754028
4890,197.8510298728943
4891,201.25459718704224
4892,186.77761125564575
4893,191.26195454597473
4894,192.27135491371155
4895,187.98473143577576
4896,194.07253074645996
4897,193.33223342895508
4898,190.7221817970276
4899,189.9128279685974
4900,194.96948218345642
4901,198.89976048469543
4902,190.67921113967896
4903,203.0729398727417
4904,192.6047065258026
4905,191.24653935432434
4906,191.9760000705719
4907,186.92246985435486
4908,186.9227705001831
4909,190.36806058883667
4910,194.74016404151917
4911,188.95236945152283
4912,193.20866322517395
4913,187.08153676986694
4914,188.38419437408447
4915,190.5340485572815
4916,190.38689708709717
4917,190.5734827518463
4918,184.7783763408661
4919,195.74869012832642
4920,193.85163235664368
4921,196.1230595111847
4922,197.25725293159485
4923,198.68310952186584
4924,199.87966012954712
4925,204.67235493659973
4926,207.6571910381317
4927,204.79929780960083
4928,204.83184099197388
4929,202.68816566467285
4930,198.34935235977173
4931,200.6863715648651
4932,191.54969692230225
4933,191.17479372024536
4934,188.52796411514282
4935,187.1704568862915
4936,197.63283514976501
4937,189.82681894302368
4938,189.303049325943
4939,185.9651620388031
4940,190.54180717468262
4941,192.01928234100342
4942,200.33368158340454
4943,198.94722819328308
4944,201.21256518363953
4945,201.54178309440613
4946,203.3635597229004
4947,206.67272543907166
4948,200.6244294643402
4949,199.9863257408142
4950,198.8051633834839
4951,199.63438200950623
4952,193.91549730300903
4953,195.29312801361084
4954,196.32332396507263
4955,195.1855387687683
4956,195.73297548294067
4957,197.55030584335327
4958,195.1504430770874
4959,196.95490741729736
4960,196.12849235534668
4961,199.0410668849945
4962,193.66931653022766
4963,192.7773036956787
4964,194.78968572616577
4965,193.5417833328247
4966,187.66625237464905
4967,185.50701141357422
4968,185.1450846195221
4969,187.57133412361145
4970,189.70282244682312
4971,191.10700941085815
4972,193.346257686615
4973,195.3003635406494
4974,191.69499135017395
4975,199.90361857414246
4976,196.64004278182983
4977,195.29780292510986
4978,182.73049068450928
4979,185.49181389808655
4980,187.47830200195312
4981,188.2035915851593
4982,187.64955067634583
4983,190.41956782341003
4984,197.24504399299622
4985,208.30199790000916
4986,183.14225101470947
4987,185.75068616867065
4988,181.88496160507202
4989,189.25864219665527
4990,190.93726468086243
4991,189.15327072143555
4992,189.961674451828
4993,196.06683707237244
4994,190.52477169036865
4995,191.71977758407593
4996,193.8263247013092
4997,187.57916808128357
4998,189.05665802955627
4999,164.55144715309143
5000,167.08728289604187
5001,163.91085720062256
5002,166.36556100845337
5003,163.02666997909546
5004,167.29365253448486
5005,168.206561088562
5006,166.45286560058594
5007,165.82702922821045
5008,164.722754240036
5009,166.5035560131073
5010,163.08569622039795
5011,165.18881797790527
5012,167.7929630279541
5013,167.11402344703674
5014,167.08179879188538
5015,166.40634536743164
5016,167.52231645584106
5017,167.74310731887817
5018,172.33598685264587
5019,168.24615216255188
5020,168.103009223938
5021,169.482262134552
5022,169.05501794815063
5023,168.3668873310089
5024,168.7078583240509
