<frozen importlib._bootstrap>:488: DeprecationWarning: builtin type SwigPyPacked has no __module__ attribute
<frozen importlib._bootstrap>:488: DeprecationWarning: builtin type SwigPyObject has no __module__ attribute
<frozen importlib._bootstrap>:488: DeprecationWarning: builtin type swigvarlink has no __module__ attribute
wandb: [wandb.login()] Loaded credentials for https://api.wandb.ai from /home/s28404/.netrc.
wandb: Currently logged in as: frackowiak (frackowiak_kajetan) to https://api.wandb.ai. Use `wandb login --relogin` to force relogin
/home/s28404/inzynierka_kod_zrodlowy/.venv/lib/python3.12/site-packages/wandb/analytics/sentry.py:268: DeprecationWarning: Read the `app_url` setting from the appropriate Settings object.
  app_url = wandb.util.app_url(tags["base_url"])  # type: ignore[index]
/home/s28404/inzynierka_kod_zrodlowy/.venv/lib/python3.12/site-packages/wandb/analytics/sentry.py:268: DeprecationWarning: Read the `app_url` setting from the appropriate Settings object.
  app_url = wandb.util.app_url(tags["base_url"])  # type: ignore[index]
/home/s28404/inzynierka_kod_zrodlowy/.venv/lib/python3.12/site-packages/wandb/analytics/sentry.py:279: DeprecationWarning: The `Scope.user` setter is deprecated in favor of `Scope.set_user()`.
  self.scope.user = {"email": email}
wandb: setting up run v4k1ludz
/home/s28404/inzynierka_kod_zrodlowy/.venv/lib/python3.12/site-packages/wandb/analytics/sentry.py:268: DeprecationWarning: Read the `app_url` setting from the appropriate Settings object.
  app_url = wandb.util.app_url(tags["base_url"])  # type: ignore[index]
/home/s28404/inzynierka_kod_zrodlowy/.venv/lib/python3.12/site-packages/wandb/analytics/sentry.py:279: DeprecationWarning: The `Scope.user` setter is deprecated in favor of `Scope.set_user()`.
  self.scope.user = {"email": email}
wandb: Tracking run with wandb version 0.25.0
wandb: Run data is saved locally in logs_thesis/minigrid/wandb/run-20260616_123039-v4k1ludz
wandb: Run `wandb offline` to turn off syncing.
wandb: Syncing run r2d2_demir_BabyAI_KeyCorridorS4R3_v0_seed100_26_06_16-12_30_38
wandb: ⭐️ View project at https://wandb.ai/frackowiak_kajetan/kod_zrodlowy_demir
wandb: 🚀 View run at https://wandb.ai/frackowiak_kajetan/kod_zrodlowy_demir/runs/v4k1ludz
========================================================================/home/s28404/inzynierka_kod_zrodlowy/.venv/lib/python3.12/site-packages/google/protobuf/internal/well_known_types.py:195: DeprecationWarning: datetime.datetime.utcnow() is deprecated and scheduled for removal in a future version. Use timezone-aware objects to represent datetimes in UTC: datetime.datetime.now(datetime.UTC).
  self.FromDatetime(datetime.datetime.utcnow())

Run: r2d2_demir_BabyAI_KeyCorridorS4R3_v0_seed100_26_06_16-12_30_38
Variant: r2d2_demir | Intrinsic kind: demir | Scale: 0.1
Env: BabyAI-KeyCorridorS4R3-v0 | Device: cuda | Threads: 4
========================================================================
[train] 00:13<18:42:08, 0.007s/step step=    2000 episodes=    4 eps=0.998 replay=  1664 loss=nan ext100=0.000 total100=0.042
[train] 00:32<22:29:21, 0.008s/step step=    4000 episodes=    8 eps=0.996 replay=  3328 loss=nan ext100=0.000 total100=0.055
[train] 00:53<24:39:54, 0.009s/step step=    6000 episodes=   12 eps=0.994 replay=  4992 loss=nan ext100=0.000 total100=0.049
[train] 01:14<25:56:54, 0.009s/step step=    8000 episodes=   16 eps=0.992 replay=  6656 loss=nan ext100=0.000 total100=0.045
[train] 01:37<26:57:53, 0.010s/step step=   10000 episodes=   20 eps=0.991 replay=  8320 loss=nan ext100=0.000 total100=0.042
[train] 02:01<28:10:54, 0.010s/step step=   12000 episodes=   25 eps=0.989 replay= 10400 loss=nan ext100=0.000 total100=0.054
[train] 02:28<29:26:40, 0.011s/step step=   14000 episodes=   29 eps=0.987 replay= 12064 loss=nan ext100=0.000 total100=0.063
[train] 02:57<30:44:17, 0.011s/step step=   16000 episodes=   33 eps=0.985 replay= 13728 loss=nan ext100=0.000 total100=0.063
[train] 03:29<32:16:18, 0.012s/step step=   18000 episodes=   37 eps=0.983 replay= 15392 loss=nan ext100=0.000 total100=0.066
[eval] step=20000 episodes=41 mean_ext_return=0.000
[train] 04:11<34:48:29, 0.013s/step step=   20000 episodes=   41 eps=0.981 replay= 17056 loss=nan ext100=0.000 total100=0.069
[train] 04:46<36:05:02, 0.013s/step step=   22000 episodes=   45 eps=0.979 replay= 18720 loss=nan ext100=0.000 total100=0.067
[train] 05:24<37:26:51, 0.014s/step step=   24000 episodes=   50 eps=0.977 replay= 20800 loss=nan ext100=0.000 total100=0.067
[train] 06:02<38:36:15, 0.014s/step step=   26000 episodes=   54 eps=0.975 replay= 22464 loss=nan ext100=0.000 total100=0.068
[train] 06:40<39:38:29, 0.014s/step step=   28000 episodes=   58 eps=0.973 replay= 24128 loss=nan ext100=0.000 total100=0.069
[train] 07:25<41:09:03, 0.015s/step step=   30000 episodes=   62 eps=0.972 replay= 25792 loss=nan ext100=0.000 total100=0.073
[train] 08:13<42:40:45, 0.015s/step step=   32000 episodes=   66 eps=0.970 replay= 27456 loss=nan ext100=0.000 total100=0.073
[train] 09:00<44:01:38, 0.016s/step step=   34000 episodes=   70 eps=0.968 replay= 29120 loss=nan ext100=0.000 total100=0.074
[train] 09:48<45:13:02, 0.016s/step step=   36000 episodes=   75 eps=0.966 replay= 31200 loss=nan ext100=0.000 total100=0.076
[train] 10:35<46:17:00, 0.017s/step step=   38000 episodes=   79 eps=0.964 replay= 32864 loss=nan ext100=0.000 total100=0.075
[eval] step=40000 episodes=83 mean_ext_return=0.000
[train] 11:34<48:03:50, 0.017s/step step=   40000 episodes=   83 eps=0.962 replay= 34528 loss=nan ext100=0.000 total100=0.077
[train] 12:22<48:53:25, 0.018s/step step=   42000 episodes=   87 eps=0.960 replay= 36192 loss=nan ext100=0.000 total100=0.078
[train] 13:09<49:38:17, 0.018s/step step=   44000 episodes=   91 eps=0.958 replay= 37856 loss=nan ext100=0.000 total100=0.078
[train] 13:57<50:19:31, 0.018s/step step=   46000 episodes=   95 eps=0.956 replay= 39520 loss=nan ext100=0.000 total100=0.077
[train] 14:44<50:57:05, 0.018s/step step=   48000 episodes=  100 eps=0.954 replay= 39936 loss=nan ext100=0.000 total100=0.078
[train] 15:32<51:32:14, 0.019s/step step=   50000 episodes=  104 eps=0.953 replay= 39936 loss=0.00134 ext100=0.000 total100=0.080
[train] 16:53<53:51:59, 0.019s/step step=   52000 episodes=  108 eps=0.951 replay= 39936 loss=0.00044 ext100=0.000 total100=0.082
[train] 18:19<56:15:10, 0.020s/step step=   54000 episodes=  112 eps=0.949 replay= 39936 loss=0.00036 ext100=0.000 total100=0.084
[train] 19:45<58:28:31, 0.021s/step step=   56000 episodes=  116 eps=0.947 replay= 39936 loss=0.00046 ext100=0.000 total100=0.087
[train] 21:13<60:39:26, 0.022s/step step=   58000 episodes=  120 eps=0.945 replay= 39936 loss=0.00028 ext100=0.000 total100=0.089
[eval] step=60000 episodes=125 mean_ext_return=0.000
[train] 22:59<63:28:28, 0.023s/step step=   60000 episodes=  125 eps=0.943 replay= 39936 loss=0.00021 ext100=0.000 total100=0.085
[train] 24:32<65:32:40, 0.024s/step step=   62000 episodes=  129 eps=0.941 replay= 39936 loss=0.00020 ext100=0.000 total100=0.084
[train] 26:07<67:35:40, 0.024s/step step=   64000 episodes=  133 eps=0.939 replay= 39936 loss=0.00018 ext100=0.000 total100=0.085
[train] 27:44<69:35:41, 0.025s/step step=   66000 episodes=  137 eps=0.937 replay= 39936 loss=0.00016 ext100=0.000 total100=0.081
[train] 29:22<71:30:33, 0.026s/step step=   68000 episodes=  141 eps=0.935 replay= 39936 loss=0.00016 ext100=0.000 total100=0.081
[train] 31:04<73:27:41, 0.027s/step step=   70000 episodes=  145 eps=0.933 replay= 39936 loss=0.00013 ext100=0.000 total100=0.084
[train] 32:46<75:19:16, 0.027s/step step=   72000 episodes=  150 eps=0.932 replay= 39936 loss=0.00013 ext100=0.000 total100=0.083
[train] 34:27<77:03:09, 0.028s/step step=   74000 episodes=  154 eps=0.930 replay= 39936 loss=0.00014 ext100=0.000 total100=0.083
[train] 36:10<78:42:43, 0.029s/step step=   76000 episodes=  158 eps=0.928 replay= 39936 loss=0.00013 ext100=0.000 total100=0.084
[train] 37:51<80:15:29, 0.029s/step step=   78000 episodes=  162 eps=0.926 replay= 39936 loss=0.00014 ext100=0.000 total100=0.082
[eval] step=80000 episodes=166 mean_ext_return=0.000
[train] 39:48<82:17:09, 0.030s/step step=   80000 episodes=  166 eps=0.924 replay= 39936 loss=0.00012 ext100=0.000 total100=0.083
[train] 41:30<83:39:36, 0.030s/step step=   82000 episodes=  170 eps=0.922 replay= 39936 loss=0.00015 ext100=0.000 total100=0.084
[train] 43:12<85:00:14, 0.031s/step step=   84000 episodes=  175 eps=0.920 replay= 39936 loss=0.00012 ext100=0.000 total100=0.080
[train] 44:53<86:15:43, 0.031s/step step=   86000 episodes=  179 eps=0.918 replay= 39936 loss=0.00010 ext100=0.000 total100=0.079
[train] 46:35<87:28:28, 0.032s/step step=   88000 episodes=  183 eps=0.916 replay= 39936 loss=0.00010 ext100=0.000 total100=0.077
[train] 48:17<88:37:52, 0.032s/step step=   90000 episodes=  187 eps=0.914 replay= 39936 loss=0.00013 ext100=0.000 total100=0.077
[train] 50:00<89:45:26, 0.033s/step step=   92000 episodes=  191 eps=0.913 replay= 39936 loss=0.00010 ext100=0.000 total100=0.076
[train] 51:42<90:48:59, 0.033s/step step=   94000 episodes=  195 eps=0.911 replay= 39936 loss=0.00010 ext100=0.000 total100=0.076
[train] 53:24<91:50:44, 0.033s/step step=   96000 episodes=  200 eps=0.909 replay= 39936 loss=0.00012 ext100=0.000 total100=0.075
[train] 55:06<92:48:28, 0.034s/step step=   98000 episodes=  204 eps=0.907 replay= 39936 loss=0.00013 ext100=0.000 total100=0.073
[eval] step=100000 episodes=208 mean_ext_return=0.000
[train] 57:04<94:10:59, 0.034s/step step=  100000 episodes=  208 eps=0.905 replay= 39936 loss=0.00012 ext100=0.000 total100=0.072
[train] 58:46<95:03:21, 0.035s/step step=  102000 episodes=  212 eps=0.903 replay= 39936 loss=0.00011 ext100=0.000 total100=0.073
[train] 1:00:28<95:55:10, 0.035s/step step=  104000 episodes=  216 eps=0.901 replay= 39936 loss=0.00012 ext100=0.000 total100=0.073
[train] 1:02:10<96:44:09, 0.035s/step step=  106000 episodes=  220 eps=0.899 replay= 39936 loss=0.00014 ext100=0.000 total100=0.075
[train] 1:03:52<97:31:05, 0.035s/step step=  108000 episodes=  225 eps=0.897 replay= 39936 loss=0.00009 ext100=0.000 total100=0.078
[train] 1:05:35<98:16:37, 0.036s/step step=  110000 episodes=  229 eps=0.895 replay= 39936 loss=0.00011 ext100=0.000 total100=0.079
[train] 1:07:17<99:00:53, 0.036s/step step=  112000 episodes=  233 eps=0.894 replay= 39936 loss=0.00010 ext100=0.000 total100=0.077
[train] 1:08:59<99:42:50, 0.036s/step step=  114000 episodes=  237 eps=0.892 replay= 39936 loss=0.00013 ext100=0.000 total100=0.082
[train] 1:10:41<100:24:05, 0.037s/step step=  116000 episodes=  241 eps=0.890 replay= 39936 loss=0.00009 ext100=0.000 total100=0.079
[train] 1:12:23<101:02:44, 0.037s/step step=  118000 episodes=  245 eps=0.888 replay= 39936 loss=0.00013 ext100=0.000 total100=0.078
[eval] step=120000 episodes=250 mean_ext_return=0.000
[train] 1:14:21<102:02:29, 0.037s/step step=  120000 episodes=  250 eps=0.886 replay= 39936 loss=0.00012 ext100=0.000 total100=0.079
[train] 1:16:03<102:38:13, 0.037s/step step=  122000 episodes=  254 eps=0.884 replay= 39936 loss=0.00014 ext100=0.000 total100=0.078
[train] 1:17:46<103:13:53, 0.038s/step step=  124000 episodes=  258 eps=0.882 replay= 39936 loss=0.00011 ext100=0.000 total100=0.076
[train] 1:19:28<103:47:29, 0.038s/step step=  126000 episodes=  262 eps=0.880 replay= 39936 loss=0.00009 ext100=0.000 total100=0.076
[train] 1:21:10<104:20:01, 0.038s/step step=  128000 episodes=  266 eps=0.878 replay= 39936 loss=0.00011 ext100=0.000 total100=0.077
[train] 1:22:52<104:51:34, 0.038s/step step=  130000 episodes=  270 eps=0.877 replay= 39936 loss=0.00013 ext100=0.000 total100=0.076
[train] 1:24:34<105:22:49, 0.038s/step step=  132000 episodes=  275 eps=0.875 replay= 39936 loss=0.00010 ext100=0.000 total100=0.079
[train] 1:26:16<105:52:23, 0.039s/step step=  134000 episodes=  279 eps=0.873 replay= 39936 loss=0.00009 ext100=0.000 total100=0.080
[train] 1:27:59<106:21:49, 0.039s/step step=  136000 episodes=  283 eps=0.871 replay= 39936 loss=0.00011 ext100=0.000 total100=0.080
[train] 1:29:40<106:49:01, 0.039s/step step=  138000 episodes=  287 eps=0.869 replay= 39936 loss=0.00011 ext100=0.000 total100=0.080
[eval] step=140000 episodes=291 mean_ext_return=0.000
[train] 1:31:39<107:35:02, 0.039s/step step=  140000 episodes=  291 eps=0.867 replay= 39936 loss=0.00010 ext100=0.000 total100=0.080
[train] 1:33:20<108:00:17, 0.039s/step step=  142000 episodes=  295 eps=0.865 replay= 39936 loss=0.00011 ext100=0.000 total100=0.080
[train] 1:35:03<108:26:02, 0.040s/step step=  144000 episodes=  300 eps=0.863 replay= 39936 loss=0.00012 ext100=0.000 total100=0.079
[train] 1:36:45<108:50:34, 0.040s/step step=  146000 episodes=  304 eps=0.861 replay= 39936 loss=0.00013 ext100=0.000 total100=0.079
[train] 1:38:27<109:14:14, 0.040s/step step=  148000 episodes=  308 eps=0.859 replay= 39936 loss=0.00012 ext100=0.000 total100=0.080
[train] 1:40:09<109:37:07, 0.040s/step step=  150000 episodes=  312 eps=0.858 replay= 39936 loss=0.00010 ext100=0.000 total100=0.078
[train] 1:41:52<109:59:58, 0.040s/step step=  152000 episodes=  316 eps=0.856 replay= 39936 loss=0.00011 ext100=0.000 total100=0.076
[train] 1:43:34<110:21:36, 0.040s/step step=  154000 episodes=  320 eps=0.854 replay= 39936 loss=0.00010 ext100=0.000 total100=0.073
[train] 1:45:16<110:43:13, 0.040s/step step=  156000 episodes=  325 eps=0.852 replay= 39936 loss=0.00011 ext100=0.000 total100=0.075
[train] 1:46:58<111:03:31, 0.041s/step step=  158000 episodes=  329 eps=0.850 replay= 39936 loss=0.00009 ext100=0.000 total100=0.077
[eval] step=160000 episodes=333 mean_ext_return=0.000
[train] 1:48:56<111:40:10, 0.041s/step step=  160000 episodes=  333 eps=0.848 replay= 39936 loss=0.00011 ext100=0.000 total100=0.078
[train] 1:50:38<111:59:04, 0.041s/step step=  162000 episodes=  337 eps=0.846 replay= 39936 loss=0.00013 ext100=0.000 total100=0.076
[train] 1:52:21<112:18:20, 0.041s/step step=  164000 episodes=  341 eps=0.844 replay= 39936 loss=0.00009 ext100=0.000 total100=0.079
[train] 1:54:03<112:36:32, 0.041s/step step=  166000 episodes=  345 eps=0.842 replay= 39936 loss=0.00010 ext100=0.000 total100=0.079
[train] 1:55:45<112:54:20, 0.041s/step step=  168000 episodes=  350 eps=0.840 replay= 39936 loss=0.00011 ext100=0.000 total100=0.080
[train] 1:57:27<113:11:47, 0.041s/step step=  170000 episodes=  354 eps=0.839 replay= 39936 loss=0.00014 ext100=0.000 total100=0.081
[train] 1:59:10<113:29:17, 0.042s/step step=  172000 episodes=  358 eps=0.837 replay= 39936 loss=0.00014 ext100=0.000 total100=0.085
[train] 2:00:52<113:45:46, 0.042s/step step=  174000 episodes=  362 eps=0.835 replay= 39936 loss=0.00012 ext100=0.000 total100=0.084
[train] 2:02:34<114:02:15, 0.042s/step step=  176000 episodes=  366 eps=0.833 replay= 39936 loss=0.00012 ext100=0.000 total100=0.084
[train] 2:04:16<114:17:23, 0.042s/step step=  178000 episodes=  370 eps=0.831 replay= 39936 loss=0.00017 ext100=0.000 total100=0.086
[eval] step=180000 episodes=375 mean_ext_return=0.000
[train] 2:06:14<114:47:30, 0.042s/step step=  180000 episodes=  375 eps=0.829 replay= 39936 loss=0.00014 ext100=0.000 total100=0.087
[train] 2:07:56<115:01:45, 0.042s/step step=  182000 episodes=  379 eps=0.827 replay= 39936 loss=0.00013 ext100=0.000 total100=0.085
[train] 2:09:39<115:16:34, 0.042s/step step=  184000 episodes=  383 eps=0.825 replay= 39936 loss=0.00013 ext100=0.000 total100=0.088
[train] 2:11:21<115:30:46, 0.042s/step step=  186000 episodes=  387 eps=0.823 replay= 39936 loss=0.00014 ext100=0.000 total100=0.088
[train] 2:13:03<115:44:37, 0.042s/step step=  188000 episodes=  391 eps=0.821 replay= 39936 loss=0.00011 ext100=0.000 total100=0.092
[train] 2:14:46<115:58:13, 0.043s/step step=  190000 episodes=  395 eps=0.820 replay= 39936 loss=0.00013 ext100=0.000 total100=0.094
[train] 2:16:28<116:11:50, 0.043s/step step=  192000 episodes=  400 eps=0.818 replay= 39936 loss=0.00014 ext100=0.000 total100=0.096
[train] 2:18:10<116:24:33, 0.043s/step step=  194000 episodes=  404 eps=0.816 replay= 39936 loss=0.00012 ext100=0.000 total100=0.098
[train] 2:19:53<116:37:25, 0.043s/step step=  196000 episodes=  408 eps=0.814 replay= 39936 loss=0.00012 ext100=0.000 total100=0.099
[train] 2:21:35<116:49:16, 0.043s/step step=  198000 episodes=  412 eps=0.812 replay= 39936 loss=0.00010 ext100=0.000 total100=0.098
[eval] step=200000 episodes=416 mean_ext_return=0.000
[train] 2:23:33<117:14:23, 0.043s/step step=  200000 episodes=  416 eps=0.810 replay= 39936 loss=0.00011 ext100=0.000 total100=0.098
[train] 2:25:15<117:25:38, 0.043s/step step=  202000 episodes=  420 eps=0.808 replay= 39936 loss=0.00011 ext100=0.000 total100=0.101
[train] 2:26:58<117:37:16, 0.043s/step step=  204000 episodes=  425 eps=0.806 replay= 39936 loss=0.00013 ext100=0.000 total100=0.099
[train] 2:28:40<117:48:21, 0.043s/step step=  206000 episodes=  429 eps=0.804 replay= 39936 loss=0.00010 ext100=0.000 total100=0.097
[train] 2:30:22<117:59:16, 0.043s/step step=  208000 episodes=  433 eps=0.802 replay= 39936 loss=0.00013 ext100=0.000 total100=0.098
[train] 2:32:04<118:09:45, 0.043s/step step=  210000 episodes=  437 eps=0.800 replay= 39936 loss=0.00010 ext100=0.000 total100=0.098
[train] 2:33:47<118:20:25, 0.044s/step step=  212000 episodes=  441 eps=0.799 replay= 39936 loss=0.00012 ext100=0.000 total100=0.097
[train] 2:35:29<118:30:37, 0.044s/step step=  214000 episodes=  445 eps=0.797 replay= 39936 loss=0.00011 ext100=0.000 total100=0.098
[train] 2:37:12<118:40:54, 0.044s/step step=  216000 episodes=  450 eps=0.795 replay= 39936 loss=0.00013 ext100=0.000 total100=0.099
[train] 2:38:54<118:50:14, 0.044s/step step=  218000 episodes=  454 eps=0.793 replay= 39936 loss=0.00011 ext100=0.000 total100=0.100
[eval] step=220000 episodes=458 mean_ext_return=0.000
[train] 2:40:52<119:11:43, 0.044s/step step=  220000 episodes=  458 eps=0.791 replay= 39936 loss=0.00011 ext100=0.000 total100=0.099
[train] 2:42:34<119:20:31, 0.044s/step step=  222000 episodes=  462 eps=0.789 replay= 39936 loss=0.00011 ext100=0.000 total100=0.102
[train] 2:44:17<119:29:55, 0.044s/step step=  224000 episodes=  466 eps=0.787 replay= 39936 loss=0.00013 ext100=0.000 total100=0.101
[train] 2:45:59<119:38:42, 0.044s/step step=  226000 episodes=  470 eps=0.785 replay= 39936 loss=0.00010 ext100=0.000 total100=0.100
[train] 2:47:41<119:47:26, 0.044s/step step=  228000 episodes=  475 eps=0.783 replay= 39936 loss=0.00013 ext100=0.000 total100=0.099
[train] 2:49:23<119:55:46, 0.044s/step step=  230000 episodes=  479 eps=0.781 replay= 39936 loss=0.00011 ext100=0.000 total100=0.103
[train] 2:51:06<120:04:19, 0.044s/step step=  232000 episodes=  483 eps=0.780 replay= 39936 loss=0.00013 ext100=0.000 total100=0.102
[train] 2:52:48<120:12:21, 0.044s/step step=  234000 episodes=  487 eps=0.778 replay= 39936 loss=0.00011 ext100=0.000 total100=0.102
[train] 2:54:31<120:20:35, 0.044s/step step=  236000 episodes=  491 eps=0.776 replay= 39936 loss=0.00009 ext100=0.000 total100=0.101
[train] 2:56:13<120:28:06, 0.044s/step step=  238000 episodes=  495 eps=0.774 replay= 39936 loss=0.00011 ext100=0.000 total100=0.100
[eval] step=240000 episodes=500 mean_ext_return=0.000
[train] 2:58:11<120:46:41, 0.045s/step step=  240000 episodes=  500 eps=0.772 replay= 39936 loss=0.00012 ext100=0.000 total100=0.102
[train] 2:59:53<120:53:52, 0.045s/step step=  242000 episodes=  504 eps=0.770 replay= 39936 loss=0.00011 ext100=0.000 total100=0.101
[train] 3:01:36<121:01:29, 0.045s/step step=  244000 episodes=  508 eps=0.768 replay= 39936 loss=0.00013 ext100=0.000 total100=0.102
[train] 3:03:19<121:08:41, 0.045s/step step=  246000 episodes=  512 eps=0.766 replay= 39936 loss=0.00013 ext100=0.000 total100=0.103
[train] 3:05:01<121:15:36, 0.045s/step step=  248000 episodes=  516 eps=0.764 replay= 39936 loss=0.00011 ext100=0.000 total100=0.103
[train] 3:06:43<121:22:21, 0.045s/step step=  250000 episodes=  520 eps=0.762 replay= 39936 loss=0.00011 ext100=0.000 total100=0.103
[train] 3:08:26<121:29:21, 0.045s/step step=  252000 episodes=  525 eps=0.761 replay= 39936 loss=0.00012 ext100=0.000 total100=0.105
[train] 3:10:08<121:35:51, 0.045s/step step=  254000 episodes=  529 eps=0.759 replay= 39936 loss=0.00011 ext100=0.000 total100=0.106
[train] 3:11:51<121:42:34, 0.045s/step step=  256000 episodes=  533 eps=0.757 replay= 39936 loss=0.00011 ext100=0.000 total100=0.107
[train] 3:13:33<121:48:30, 0.045s/step step=  258000 episodes=  537 eps=0.755 replay= 39936 loss=0.00012 ext100=0.000 total100=0.107
[eval] step=260000 episodes=541 mean_ext_return=0.000
[train] 3:15:31<122:04:42, 0.045s/step step=  260000 episodes=  541 eps=0.753 replay= 39936 loss=0.00015 ext100=0.000 total100=0.107
[train] 3:17:13<122:10:26, 0.045s/step step=  262000 episodes=  545 eps=0.751 replay= 39936 loss=0.00015 ext100=0.000 total100=0.107
[train] 3:18:56<122:16:32, 0.045s/step step=  264000 episodes=  550 eps=0.749 replay= 39936 loss=0.00011 ext100=0.000 total100=0.106
[train] 3:20:38<122:22:23, 0.045s/step step=  266000 episodes=  554 eps=0.747 replay= 39936 loss=0.00011 ext100=0.000 total100=0.106
[train] 3:22:20<122:28:00, 0.045s/step step=  268000 episodes=  558 eps=0.745 replay= 39936 loss=0.00010 ext100=0.000 total100=0.104
[train] 3:24:03<122:33:31, 0.045s/step step=  270000 episodes=  562 eps=0.744 replay= 39936 loss=0.00012 ext100=0.000 total100=0.102
[train] 3:25:46<122:39:18, 0.045s/step step=  272000 episodes=  566 eps=0.742 replay= 39936 loss=0.00012 ext100=0.000 total100=0.101
[train] 3:27:28<122:44:48, 0.045s/step step=  274000 episodes=  570 eps=0.740 replay= 39936 loss=0.00013 ext100=0.000 total100=0.101
[train] 3:29:11<122:50:24, 0.045s/step step=  276000 episodes=  575 eps=0.738 replay= 39936 loss=0.00016 ext100=0.000 total100=0.102
[train] 3:30:53<122:55:12, 0.046s/step step=  278000 episodes=  579 eps=0.736 replay= 39936 loss=0.00013 ext100=0.000 total100=0.099
[eval] step=280000 episodes=583 mean_ext_return=0.000
[train] 3:32:52<123:09:32, 0.046s/step step=  280000 episodes=  583 eps=0.734 replay= 39936 loss=0.00015 ext100=0.000 total100=0.100
[train] 3:34:33<123:14:04, 0.046s/step step=  282000 episodes=  587 eps=0.732 replay= 39936 loss=0.00012 ext100=0.000 total100=0.099
[train] 3:36:16<123:19:11, 0.046s/step step=  284000 episodes=  591 eps=0.730 replay= 39936 loss=0.00010 ext100=0.000 total100=0.098
[train] 3:37:59<123:23:50, 0.046s/step step=  286000 episodes=  595 eps=0.728 replay= 39936 loss=0.00012 ext100=0.000 total100=0.099
[train] 3:39:41<123:28:31, 0.046s/step step=  288000 episodes=  600 eps=0.726 replay= 39936 loss=0.00014 ext100=0.000 total100=0.097
[train] 3:41:24<123:33:08, 0.046s/step step=  290000 episodes=  604 eps=0.725 replay= 39936 loss=0.00011 ext100=0.000 total100=0.098
[train] 3:43:06<123:37:46, 0.046s/step step=  292000 episodes=  608 eps=0.723 replay= 39936 loss=0.00010 ext100=0.000 total100=0.099
[train] 3:44:49<123:42:08, 0.046s/step step=  294000 episodes=  612 eps=0.721 replay= 39936 loss=0.00012 ext100=0.000 total100=0.103
[train] 3:46:32<123:46:38, 0.046s/step step=  296000 episodes=  616 eps=0.719 replay= 39936 loss=0.00013 ext100=0.000 total100=0.102
[train] 3:48:13<123:50:29, 0.046s/step step=  298000 episodes=  620 eps=0.717 replay= 39936 loss=0.00018 ext100=0.000 total100=0.102
[eval] step=300000 episodes=625 mean_ext_return=0.000
[train] 3:50:12<124:03:15, 0.046s/step step=  300000 episodes=  625 eps=0.715 replay= 39936 loss=0.00013 ext100=0.000 total100=0.102
[train] 3:51:54<124:07:00, 0.046s/step step=  302000 episodes=  629 eps=0.713 replay= 39936 loss=0.00012 ext100=0.000 total100=0.104
[train] 3:53:37<124:11:13, 0.046s/step step=  304000 episodes=  633 eps=0.711 replay= 39936 loss=0.00014 ext100=0.000 total100=0.103
[train] 3:55:19<124:15:02, 0.046s/step step=  306000 episodes=  637 eps=0.709 replay= 39936 loss=0.00014 ext100=0.000 total100=0.104
[train] 3:57:01<124:18:45, 0.046s/step step=  308000 episodes=  641 eps=0.707 replay= 39936 loss=0.00011 ext100=0.000 total100=0.104
[train] 3:58:44<124:22:23, 0.046s/step step=  310000 episodes=  645 eps=0.706 replay= 39936 loss=0.00011 ext100=0.000 total100=0.105
[train] 4:00:26<124:26:16, 0.046s/step step=  312000 episodes=  650 eps=0.704 replay= 39936 loss=0.00015 ext100=0.000 total100=0.105
[train] 4:02:09<124:29:49, 0.046s/step step=  314000 episodes=  654 eps=0.702 replay= 39936 loss=0.00013 ext100=0.000 total100=0.103
[train] 4:03:52<124:33:29, 0.046s/step step=  316000 episodes=  658 eps=0.700 replay= 39936 loss=0.00011 ext100=0.000 total100=0.103
[train] 4:05:34<124:36:40, 0.046s/step step=  318000 episodes=  662 eps=0.698 replay= 39936 loss=0.00011 ext100=0.000 total100=0.104
[eval] step=320000 episodes=666 mean_ext_return=0.000
[train] 4:07:32<124:48:06, 0.046s/step step=  320000 episodes=  666 eps=0.696 replay= 39936 loss=0.00011 ext100=0.000 total100=0.105
[train] 4:09:14<124:51:08, 0.046s/step step=  322000 episodes=  670 eps=0.694 replay= 39936 loss=0.00014 ext100=0.000 total100=0.103
[train] 4:10:57<124:54:39, 0.046s/step step=  324000 episodes=  675 eps=0.692 replay= 39936 loss=0.00011 ext100=0.000 total100=0.103
[train] 4:12:39<124:57:45, 0.047s/step step=  326000 episodes=  679 eps=0.690 replay= 39936 loss=0.00014 ext100=0.000 total100=0.102
[train] 4:14:22<125:00:44, 0.047s/step step=  328000 episodes=  683 eps=0.688 replay= 39936 loss=0.00014 ext100=0.000 total100=0.101
[train] 4:16:04<125:03:41, 0.047s/step step=  330000 episodes=  687 eps=0.686 replay= 39936 loss=0.00013 ext100=0.000 total100=0.100
[train] 4:17:47<125:06:53, 0.047s/step step=  332000 episodes=  691 eps=0.685 replay= 39936 loss=0.00012 ext100=0.000 total100=0.100
[train] 4:19:29<125:09:44, 0.047s/step step=  334000 episodes=  695 eps=0.683 replay= 39936 loss=0.00014 ext100=0.000 total100=0.099
[train] 4:21:12<125:12:48, 0.047s/step step=  336000 episodes=  700 eps=0.681 replay= 39936 loss=0.00015 ext100=0.000 total100=0.101
[train] 4:22:54<125:15:19, 0.047s/step step=  338000 episodes=  704 eps=0.679 replay= 39936 loss=0.00014 ext100=0.000 total100=0.099
[eval] step=340000 episodes=708 mean_ext_return=0.000
[train] 4:24:52<125:25:41, 0.047s/step step=  340000 episodes=  708 eps=0.677 replay= 39936 loss=0.00015 ext100=0.000 total100=0.098
[train] 4:26:34<125:28:05, 0.047s/step step=  342000 episodes=  712 eps=0.675 replay= 39936 loss=0.00012 ext100=0.000 total100=0.095
[train] 4:28:17<125:30:54, 0.047s/step step=  344000 episodes=  716 eps=0.673 replay= 39936 loss=0.00014 ext100=0.000 total100=0.098
[train] 4:30:00<125:33:29, 0.047s/step step=  346000 episodes=  720 eps=0.671 replay= 39936 loss=0.00014 ext100=0.000 total100=0.097
[train] 4:31:42<125:36:02, 0.047s/step step=  348000 episodes=  725 eps=0.669 replay= 39936 loss=0.00016 ext100=0.000 total100=0.097
[train] 4:33:25<125:38:30, 0.047s/step step=  350000 episodes=  729 eps=0.667 replay= 39936 loss=0.00015 ext100=0.000 total100=0.092
[train] 4:35:08<125:41:12, 0.047s/step step=  352000 episodes=  733 eps=0.666 replay= 39936 loss=0.00014 ext100=0.000 total100=0.091
[train] 4:36:50<125:43:32, 0.047s/step step=  354000 episodes=  737 eps=0.664 replay= 39936 loss=0.00013 ext100=0.000 total100=0.092
[train] 4:38:33<125:46:04, 0.047s/step step=  356000 episodes=  741 eps=0.662 replay= 39936 loss=0.00014 ext100=0.000 total100=0.092
[train] 4:40:15<125:48:05, 0.047s/step step=  358000 episodes=  745 eps=0.660 replay= 39936 loss=0.00012 ext100=0.000 total100=0.091
[eval] step=360000 episodes=750 mean_ext_return=0.000
[train] 4:42:13<125:57:30, 0.047s/step step=  360000 episodes=  750 eps=0.658 replay= 39936 loss=0.00012 ext100=0.000 total100=0.095
[train] 4:43:55<125:59:29, 0.047s/step step=  362000 episodes=  754 eps=0.656 replay= 39936 loss=0.00012 ext100=0.000 total100=0.097
[train] 4:45:38<126:01:47, 0.047s/step step=  364000 episodes=  758 eps=0.654 replay= 39936 loss=0.00013 ext100=0.000 total100=0.098
[train] 4:47:21<126:03:49, 0.047s/step step=  366000 episodes=  762 eps=0.652 replay= 39936 loss=0.00012 ext100=0.000 total100=0.098
[train] 4:49:03<126:05:55, 0.047s/step step=  368000 episodes=  766 eps=0.650 replay= 39936 loss=0.00011 ext100=0.000 total100=0.096
[train] 4:50:46<126:07:57, 0.047s/step step=  370000 episodes=  770 eps=0.649 replay= 39936 loss=0.00013 ext100=0.000 total100=0.097
[train] 4:52:29<126:10:07, 0.047s/step step=  372000 episodes=  775 eps=0.647 replay= 39936 loss=0.00012 ext100=0.000 total100=0.099
[train] 4:54:11<126:11:59, 0.047s/step step=  374000 episodes=  779 eps=0.645 replay= 39936 loss=0.00016 ext100=0.000 total100=0.104
[train] 4:55:54<126:14:01, 0.047s/step step=  376000 episodes=  783 eps=0.643 replay= 39936 loss=0.00013 ext100=0.000 total100=0.103
[train] 4:57:36<126:15:41, 0.047s/step step=  378000 episodes=  787 eps=0.641 replay= 39936 loss=0.00013 ext100=0.000 total100=0.104
[eval] step=380000 episodes=791 mean_ext_return=0.000
[train] 4:59:35<126:24:19, 0.047s/step step=  380000 episodes=  791 eps=0.639 replay= 39936 loss=0.00013 ext100=0.000 total100=0.105
[train] 5:01:17<126:25:52, 0.047s/step step=  382000 episodes=  795 eps=0.637 replay= 39936 loss=0.00012 ext100=0.000 total100=0.106
[train] 5:03:00<126:27:44, 0.047s/step step=  384000 episodes=  800 eps=0.635 replay= 39936 loss=0.00013 ext100=0.000 total100=0.105
[train] 5:04:42<126:29:23, 0.047s/step step=  386000 episodes=  804 eps=0.633 replay= 39936 loss=0.00013 ext100=0.000 total100=0.107
[train] 5:06:25<126:30:59, 0.047s/step step=  388000 episodes=  808 eps=0.631 replay= 39936 loss=0.00014 ext100=0.000 total100=0.105
[train] 5:08:07<126:32:32, 0.047s/step step=  390000 episodes=  812 eps=0.629 replay= 39936 loss=0.00012 ext100=0.000 total100=0.107
[train] 5:09:50<126:34:16, 0.047s/step step=  392000 episodes=  816 eps=0.628 replay= 39936 loss=0.00013 ext100=0.000 total100=0.105
[train] 5:11:33<126:35:49, 0.047s/step step=  394000 episodes=  820 eps=0.626 replay= 39936 loss=0.00012 ext100=0.000 total100=0.107
[train] 5:13:15<126:37:29, 0.047s/step step=  396000 episodes=  825 eps=0.624 replay= 39936 loss=0.00012 ext100=0.000 total100=0.107
[train] 5:14:58<126:38:50, 0.047s/step step=  398000 episodes=  829 eps=0.622 replay= 39936 loss=0.00015 ext100=0.000 total100=0.111
[eval] step=400000 episodes=833 mean_ext_return=0.000
[train] 5:16:56<126:46:41, 0.048s/step step=  400000 episodes=  833 eps=0.620 replay= 39936 loss=0.00014 ext100=0.000 total100=0.111
[train] 5:18:38<126:47:54, 0.048s/step step=  402000 episodes=  837 eps=0.618 replay= 39936 loss=0.00013 ext100=0.000 total100=0.110
[train] 5:20:21<126:49:24, 0.048s/step step=  404000 episodes=  841 eps=0.616 replay= 39936 loss=0.00011 ext100=0.000 total100=0.109
[train] 5:22:04<126:50:41, 0.048s/step step=  406000 episodes=  845 eps=0.614 replay= 39936 loss=0.00013 ext100=0.000 total100=0.107
[train] 5:23:46<126:52:00, 0.048s/step step=  408000 episodes=  850 eps=0.612 replay= 39936 loss=0.00013 ext100=0.000 total100=0.103
[train] 5:25:29<126:53:20, 0.048s/step step=  410000 episodes=  854 eps=0.611 replay= 39936 loss=0.00014 ext100=0.000 total100=0.102
[train] 5:27:12<126:54:45, 0.048s/step step=  412000 episodes=  858 eps=0.609 replay= 39936 loss=0.00013 ext100=0.000 total100=0.102
[train] 5:28:55<126:55:56, 0.048s/step step=  414000 episodes=  862 eps=0.607 replay= 39936 loss=0.00013 ext100=0.000 total100=0.101
[train] 5:30:37<126:57:16, 0.048s/step step=  416000 episodes=  866 eps=0.605 replay= 39856 loss=0.00015 ext100=0.003 total100=0.105
[train] 5:32:19<126:58:11, 0.048s/step step=  418000 episodes=  871 eps=0.603 replay= 39856 loss=0.00014 ext100=0.003 total100=0.106
[eval] step=420000 episodes=875 mean_ext_return=0.000
[train] 5:34:18<127:05:25, 0.048s/step step=  420000 episodes=  875 eps=0.601 replay= 39856 loss=0.00012 ext100=0.003 total100=0.103
[train] 5:36:00<127:06:20, 0.048s/step step=  422000 episodes=  879 eps=0.599 replay= 39856 loss=0.00013 ext100=0.003 total100=0.101
[train] 5:37:43<127:07:31, 0.048s/step step=  424000 episodes=  883 eps=0.597 replay= 39856 loss=0.00016 ext100=0.003 total100=0.102
[train] 5:39:26<127:08:35, 0.048s/step step=  426000 episodes=  887 eps=0.595 replay= 39856 loss=0.00015 ext100=0.003 total100=0.104
[train] 5:41:08<127:09:35, 0.048s/step step=  428000 episodes=  891 eps=0.593 replay= 39856 loss=0.00012 ext100=0.003 total100=0.104
[train] 5:42:51<127:10:31, 0.048s/step step=  430000 episodes=  896 eps=0.592 replay= 39856 loss=0.00012 ext100=0.003 total100=0.104
[train] 5:44:34<127:11:40, 0.048s/step step=  432000 episodes=  900 eps=0.590 replay= 39856 loss=0.00012 ext100=0.003 total100=0.107
[train] 5:46:17<127:12:39, 0.048s/step step=  434000 episodes=  904 eps=0.588 replay= 39856 loss=0.00014 ext100=0.003 total100=0.106
[train] 5:48:00<127:13:41, 0.048s/step step=  436000 episodes=  908 eps=0.586 replay= 39856 loss=0.00011 ext100=0.003 total100=0.106
[train] 5:49:42<127:14:21, 0.048s/step step=  438000 episodes=  912 eps=0.584 replay= 39856 loss=0.00010 ext100=0.003 total100=0.104
[eval] step=440000 episodes=916 mean_ext_return=0.000
[train] 5:51:40<127:21:02, 0.048s/step step=  440000 episodes=  916 eps=0.582 replay= 39856 loss=0.00010 ext100=0.003 total100=0.106
[train] 5:53:22<127:21:39, 0.048s/step step=  442000 episodes=  921 eps=0.580 replay= 39856 loss=0.00015 ext100=0.003 total100=0.104
[train] 5:55:05<127:22:37, 0.048s/step step=  444000 episodes=  925 eps=0.578 replay= 39856 loss=0.00013 ext100=0.003 total100=0.106
[train] 5:56:48<127:23:22, 0.048s/step step=  446000 episodes=  929 eps=0.576 replay= 39856 loss=0.00013 ext100=0.003 total100=0.105
[train] 5:58:31<127:24:05, 0.048s/step step=  448000 episodes=  933 eps=0.574 replay= 39856 loss=0.00013 ext100=0.003 total100=0.106
[train] 6:00:13<127:24:48, 0.048s/step step=  450000 episodes=  937 eps=0.573 replay= 39856 loss=0.00016 ext100=0.003 total100=0.108
[train] 6:01:56<127:25:43, 0.048s/step step=  452000 episodes=  941 eps=0.571 replay= 39856 loss=0.00014 ext100=0.003 total100=0.110
[train] 6:03:39<127:26:21, 0.048s/step step=  454000 episodes=  946 eps=0.569 replay= 39856 loss=0.00015 ext100=0.003 total100=0.115
[train] 6:05:22<127:27:09, 0.048s/step step=  456000 episodes=  950 eps=0.567 replay= 39856 loss=0.00012 ext100=0.003 total100=0.115
[train] 6:07:04<127:27:42, 0.048s/step step=  458000 episodes=  954 eps=0.565 replay= 39856 loss=0.00014 ext100=0.003 total100=0.114
[eval] step=460000 episodes=958 mean_ext_return=0.000
[train] 6:09:03<127:33:57, 0.048s/step step=  460000 episodes=  958 eps=0.563 replay= 39856 loss=0.00013 ext100=0.003 total100=0.112
[train] 6:10:45<127:34:24, 0.048s/step step=  462000 episodes=  962 eps=0.561 replay= 39936 loss=0.00013 ext100=0.003 total100=0.112
[train] 6:12:29<127:35:10, 0.048s/step step=  464000 episodes=  966 eps=0.559 replay= 39936 loss=0.00012 ext100=0.000 total100=0.109
[train] 6:14:11<127:35:46, 0.048s/step step=  466000 episodes=  971 eps=0.557 replay= 39936 loss=0.00015 ext100=0.000 total100=0.112
[train] 6:15:54<127:36:18, 0.048s/step step=  468000 episodes=  975 eps=0.555 replay= 39936 loss=0.00012 ext100=0.000 total100=0.113
[train] 6:17:37<127:36:51, 0.048s/step step=  470000 episodes=  979 eps=0.554 replay= 39936 loss=0.00012 ext100=0.000 total100=0.112
[train] 6:19:20<127:37:34, 0.048s/step step=  472000 episodes=  983 eps=0.552 replay= 39936 loss=0.00011 ext100=0.000 total100=0.111
[train] 6:21:03<127:38:06, 0.048s/step step=  474000 episodes=  987 eps=0.550 replay= 39936 loss=0.00015 ext100=0.000 total100=0.110
[train] 6:22:46<127:38:45, 0.048s/step step=  476000 episodes=  991 eps=0.548 replay= 39936 loss=0.00010 ext100=0.000 total100=0.108
[train] 6:24:29<127:39:06, 0.048s/step step=  478000 episodes=  996 eps=0.546 replay= 39936 loss=0.00012 ext100=0.000 total100=0.109
[eval] step=480000 episodes=1000 mean_ext_return=0.000
[train] 6:26:28<127:44:59, 0.048s/step step=  480000 episodes= 1000 eps=0.544 replay= 39936 loss=0.00010 ext100=0.000 total100=0.108
[train] 6:28:10<127:45:19, 0.048s/step step=  482000 episodes= 1004 eps=0.542 replay= 39936 loss=0.00018 ext100=0.000 total100=0.106
[train] 6:29:54<127:45:57, 0.048s/step step=  484000 episodes= 1008 eps=0.540 replay= 39936 loss=0.00012 ext100=0.000 total100=0.107
[train] 6:31:37<127:46:22, 0.048s/step step=  486000 episodes= 1012 eps=0.538 replay= 39936 loss=0.00010 ext100=0.000 total100=0.108
[train] 6:33:20<127:46:47, 0.048s/step step=  488000 episodes= 1016 eps=0.536 replay= 39936 loss=0.00010 ext100=0.000 total100=0.106
[train] 6:35:02<127:47:11, 0.048s/step step=  490000 episodes= 1021 eps=0.534 replay= 39936 loss=0.00018 ext100=0.000 total100=0.106
[train] 6:36:46<127:47:46, 0.048s/step step=  492000 episodes= 1025 eps=0.533 replay= 39936 loss=0.00012 ext100=0.000 total100=0.104
[train] 6:38:29<127:48:08, 0.048s/step step=  494000 episodes= 1029 eps=0.531 replay= 39936 loss=0.00010 ext100=0.000 total100=0.107
[train] 6:40:12<127:48:38, 0.048s/step step=  496000 episodes= 1033 eps=0.529 replay= 39936 loss=0.00010 ext100=0.000 total100=0.106
[train] 6:41:55<127:48:47, 0.048s/step step=  498000 episodes= 1037 eps=0.527 replay= 39936 loss=0.00021 ext100=0.000 total100=0.106
[eval] step=500000 episodes=1041 mean_ext_return=0.000
[train] 6:43:54<127:54:14, 0.048s/step step=  500000 episodes= 1041 eps=0.525 replay= 39936 loss=0.00011 ext100=0.000 total100=0.104
[train] 6:45:36<127:54:23, 0.048s/step step=  502000 episodes= 1046 eps=0.523 replay= 39936 loss=0.00010 ext100=0.000 total100=0.100
[train] 6:47:20<127:54:49, 0.048s/step step=  504000 episodes= 1050 eps=0.521 replay= 39936 loss=0.00010 ext100=0.000 total100=0.100
[train] 6:49:03<127:55:05, 0.049s/step step=  506000 episodes= 1054 eps=0.519 replay= 39936 loss=0.00020 ext100=0.000 total100=0.100
[train] 6:50:46<127:55:22, 0.049s/step step=  508000 episodes= 1058 eps=0.517 replay= 39936 loss=0.00009 ext100=0.000 total100=0.101
[train] 6:52:29<127:55:33, 0.049s/step step=  510000 episodes= 1062 eps=0.516 replay= 39936 loss=0.00009 ext100=0.000 total100=0.102
[train] 6:54:12<127:55:52, 0.049s/step step=  512000 episodes= 1066 eps=0.514 replay= 39936 loss=0.00009 ext100=0.000 total100=0.101
[train] 6:55:55<127:56:03, 0.049s/step step=  514000 episodes= 1071 eps=0.512 replay= 39936 loss=0.00018 ext100=0.000 total100=0.101
[train] 6:57:39<127:56:27, 0.049s/step step=  516000 episodes= 1075 eps=0.510 replay= 39936 loss=0.00012 ext100=0.000 total100=0.102
[train] 6:59:21<127:56:29, 0.049s/step step=  518000 episodes= 1079 eps=0.508 replay= 39936 loss=0.00010 ext100=0.000 total100=0.102
[eval] step=520000 episodes=1083 mean_ext_return=0.000
[train] 7:01:21<128:01:32, 0.049s/step step=  520000 episodes= 1083 eps=0.506 replay= 39936 loss=0.00010 ext100=0.000 total100=0.105
[train] 7:03:03<128:01:31, 0.049s/step step=  522000 episodes= 1087 eps=0.504 replay= 39936 loss=0.00019 ext100=0.000 total100=0.107
[train] 7:04:47<128:01:47, 0.049s/step step=  524000 episodes= 1091 eps=0.502 replay= 39936 loss=0.00009 ext100=0.000 total100=0.107
[train] 7:06:30<128:01:56, 0.049s/step step=  526000 episodes= 1096 eps=0.500 replay= 39936 loss=0.00014 ext100=0.000 total100=0.104
[train] 7:08:13<128:02:04, 0.049s/step step=  528000 episodes= 1100 eps=0.498 replay= 39936 loss=0.00009 ext100=0.000 total100=0.100
[train] 7:09:56<128:02:09, 0.049s/step step=  530000 episodes= 1104 eps=0.497 replay= 39936 loss=0.00023 ext100=0.000 total100=0.102
[train] 7:11:39<128:02:20, 0.049s/step step=  532000 episodes= 1108 eps=0.495 replay= 39936 loss=0.00010 ext100=0.000 total100=0.101
[train] 7:13:22<128:02:21, 0.049s/step step=  534000 episodes= 1112 eps=0.493 replay= 39936 loss=0.00009 ext100=0.000 total100=0.099
[train] 7:15:06<128:02:35, 0.049s/step step=  536000 episodes= 1116 eps=0.491 replay= 39936 loss=0.00007 ext100=0.000 total100=0.100
[train] 7:16:49<128:02:27, 0.049s/step step=  538000 episodes= 1121 eps=0.489 replay= 39936 loss=0.00021 ext100=0.000 total100=0.099
[eval] step=540000 episodes=1125 mean_ext_return=0.000
[train] 7:18:48<128:07:09, 0.049s/step step=  540000 episodes= 1125 eps=0.487 replay= 39936 loss=0.00011 ext100=0.000 total100=0.102
[train] 7:20:30<128:06:59, 0.049s/step step=  542000 episodes= 1129 eps=0.485 replay= 39936 loss=0.00010 ext100=0.000 total100=0.099
[train] 7:22:14<128:07:06, 0.049s/step step=  544000 episodes= 1133 eps=0.483 replay= 39936 loss=0.00009 ext100=0.000 total100=0.097
[train] 7:23:57<128:07:02, 0.049s/step step=  546000 episodes= 1137 eps=0.481 replay= 39936 loss=0.00026 ext100=0.000 total100=0.096
[train] 7:25:40<128:06:56, 0.049s/step step=  548000 episodes= 1141 eps=0.479 replay= 39936 loss=0.00011 ext100=0.000 total100=0.097
[train] 7:27:22<128:06:50, 0.049s/step step=  550000 episodes= 1146 eps=0.478 replay= 39936 loss=0.00010 ext100=0.000 total100=0.098
[train] 7:29:06<128:06:55, 0.049s/step step=  552000 episodes= 1150 eps=0.476 replay= 39936 loss=0.00010 ext100=0.000 total100=0.098
[train] 7:30:49<128:06:54, 0.049s/step step=  554000 episodes= 1154 eps=0.474 replay= 39936 loss=0.00027 ext100=0.000 total100=0.098
[train] 7:32:33<128:06:56, 0.049s/step step=  556000 episodes= 1158 eps=0.472 replay= 39936 loss=0.00011 ext100=0.000 total100=0.098
[train] 7:34:15<128:06:39, 0.049s/step step=  558000 episodes= 1162 eps=0.470 replay= 39936 loss=0.00009 ext100=0.000 total100=0.099
[eval] step=560000 episodes=1166 mean_ext_return=0.000
[train] 7:36:14<128:11:03, 0.049s/step step=  560000 episodes= 1166 eps=0.468 replay= 39936 loss=0.00009 ext100=0.000 total100=0.101
[train] 7:37:57<128:10:48, 0.049s/step step=  562000 episodes= 1171 eps=0.466 replay= 39936 loss=0.00021 ext100=0.000 total100=0.098
[train] 7:39:41<128:10:49, 0.049s/step step=  564000 episodes= 1175 eps=0.464 replay= 39936 loss=0.00012 ext100=0.000 total100=0.096
[train] 7:41:24<128:10:37, 0.049s/step step=  566000 episodes= 1179 eps=0.462 replay= 39936 loss=0.00009 ext100=0.000 total100=0.098
[train] 7:43:07<128:10:27, 0.049s/step step=  568000 episodes= 1183 eps=0.460 replay= 39936 loss=0.00009 ext100=0.000 total100=0.097
[train] 7:44:50<128:10:14, 0.049s/step step=  570000 episodes= 1187 eps=0.459 replay= 39936 loss=0.00027 ext100=0.000 total100=0.094
[train] 7:46:33<128:10:08, 0.049s/step step=  572000 episodes= 1191 eps=0.457 replay= 39936 loss=0.00010 ext100=0.000 total100=0.095
[train] 7:48:16<128:09:55, 0.049s/step step=  574000 episodes= 1196 eps=0.455 replay= 39936 loss=0.00009 ext100=0.000 total100=0.098
[train] 7:50:00<128:09:49, 0.049s/step step=  576000 episodes= 1200 eps=0.453 replay= 39936 loss=0.00008 ext100=0.000 total100=0.101
[train] 7:51:42<128:09:25, 0.049s/step step=  578000 episodes= 1204 eps=0.451 replay= 39936 loss=0.00020 ext100=0.000 total100=0.103
[eval] step=580000 episodes=1208 mean_ext_return=0.000
[train] 7:53:42<128:13:34, 0.049s/step step=  580000 episodes= 1208 eps=0.449 replay= 39936 loss=0.00011 ext100=0.000 total100=0.103
[train] 7:55:24<128:13:09, 0.049s/step step=  582000 episodes= 1212 eps=0.447 replay= 39936 loss=0.00009 ext100=0.000 total100=0.105
[train] 7:57:08<128:13:00, 0.049s/step step=  584000 episodes= 1216 eps=0.445 replay= 39936 loss=0.00009 ext100=0.000 total100=0.105
[train] 7:58:51<128:12:44, 0.049s/step step=  586000 episodes= 1221 eps=0.443 replay= 39936 loss=0.00025 ext100=0.000 total100=0.106
[train] 8:00:34<128:12:25, 0.049s/step step=  588000 episodes= 1225 eps=0.441 replay= 39936 loss=0.00013 ext100=0.000 total100=0.104
[train] 8:02:17<128:12:05, 0.049s/step step=  590000 episodes= 1229 eps=0.440 replay= 39936 loss=0.00010 ext100=0.000 total100=0.105
[train] 8:04:00<128:11:54, 0.049s/step step=  592000 episodes= 1233 eps=0.438 replay= 39936 loss=0.00010 ext100=0.000 total100=0.108
[train] 8:05:43<128:11:34, 0.049s/step step=  594000 episodes= 1237 eps=0.436 replay= 39936 loss=0.00036 ext100=0.000 total100=0.110
[train] 8:07:27<128:11:24, 0.049s/step step=  596000 episodes= 1241 eps=0.434 replay= 39936 loss=0.00010 ext100=0.000 total100=0.109
[train] 8:09:10<128:10:54, 0.049s/step step=  598000 episodes= 1246 eps=0.432 replay= 39936 loss=0.00010 ext100=0.000 total100=0.110
[eval] step=600000 episodes=1250 mean_ext_return=0.000
[train] 8:11:09<128:14:45, 0.049s/step step=  600000 episodes= 1250 eps=0.430 replay= 39936 loss=0.00008 ext100=0.000 total100=0.112
[train] 8:12:52<128:14:19, 0.049s/step step=  602000 episodes= 1254 eps=0.428 replay= 39936 loss=0.00033 ext100=0.000 total100=0.111
[train] 8:14:35<128:14:02, 0.049s/step step=  604000 episodes= 1258 eps=0.426 replay= 39936 loss=0.00011 ext100=0.000 total100=0.111
[train] 8:16:18<128:13:38, 0.049s/step step=  606000 episodes= 1262 eps=0.424 replay= 39936 loss=0.00008 ext100=0.000 total100=0.109
[train] 8:18:01<128:13:15, 0.049s/step step=  608000 episodes= 1266 eps=0.422 replay= 39936 loss=0.00008 ext100=0.000 total100=0.110
[train] 8:19:45<128:12:53, 0.049s/step step=  610000 episodes= 1271 eps=0.420 replay= 39936 loss=0.00035 ext100=0.000 total100=0.110
[train] 8:21:28<128:12:36, 0.049s/step step=  612000 episodes= 1275 eps=0.419 replay= 39936 loss=0.00012 ext100=0.000 total100=0.109
[train] 8:23:11<128:12:10, 0.049s/step step=  614000 episodes= 1279 eps=0.417 replay= 39936 loss=0.00009 ext100=0.000 total100=0.107
[train] 8:24:55<128:11:50, 0.049s/step step=  616000 episodes= 1283 eps=0.415 replay= 39936 loss=0.00009 ext100=0.000 total100=0.107
[train] 8:26:37<128:11:18, 0.049s/step step=  618000 episodes= 1287 eps=0.413 replay= 39936 loss=0.00036 ext100=0.000 total100=0.107
[eval] step=620000 episodes=1291 mean_ext_return=0.000
[train] 8:28:37<128:14:57, 0.049s/step step=  620000 episodes= 1291 eps=0.411 replay= 39936 loss=0.00011 ext100=0.000 total100=0.108
[train] 8:30:19<128:14:22, 0.049s/step step=  622000 episodes= 1296 eps=0.409 replay= 39936 loss=0.00009 ext100=0.000 total100=0.109
[train] 8:32:03<128:14:02, 0.049s/step step=  624000 episodes= 1300 eps=0.407 replay= 39936 loss=0.00008 ext100=0.000 total100=0.108
[train] 8:33:46<128:13:32, 0.049s/step step=  626000 episodes= 1304 eps=0.405 replay= 39936 loss=0.00037 ext100=0.000 total100=0.104
[train] 8:35:29<128:13:00, 0.049s/step step=  628000 episodes= 1308 eps=0.403 replay= 39936 loss=0.00008 ext100=0.000 total100=0.105
[train] 8:37:12<128:12:32, 0.049s/step step=  630000 episodes= 1312 eps=0.402 replay= 39936 loss=0.00008 ext100=0.000 total100=0.103
[train] 8:38:56<128:12:10, 0.049s/step step=  632000 episodes= 1316 eps=0.400 replay= 39936 loss=0.00008 ext100=0.000 total100=0.101
[train] 8:40:39<128:11:44, 0.049s/step step=  634000 episodes= 1321 eps=0.398 replay= 39936 loss=0.00034 ext100=0.000 total100=0.101
[train] 8:42:23<128:11:19, 0.049s/step step=  636000 episodes= 1325 eps=0.396 replay= 39936 loss=0.00010 ext100=0.000 total100=0.101
[train] 8:44:06<128:10:42, 0.049s/step step=  638000 episodes= 1329 eps=0.394 replay= 39936 loss=0.00008 ext100=0.000 total100=0.098
[eval] step=640000 episodes=1333 mean_ext_return=0.000
[train] 8:46:05<128:14:09, 0.049s/step step=  640000 episodes= 1333 eps=0.392 replay= 39936 loss=0.00008 ext100=0.000 total100=0.100
[train] 8:47:48<128:13:30, 0.049s/step step=  642000 episodes= 1337 eps=0.390 replay= 39936 loss=0.00041 ext100=0.000 total100=0.099
[train] 8:49:31<128:13:01, 0.049s/step step=  644000 episodes= 1341 eps=0.388 replay= 39936 loss=0.00009 ext100=0.000 total100=0.098
[train] 8:51:15<128:12:27, 0.049s/step step=  646000 episodes= 1346 eps=0.386 replay= 39936 loss=0.00010 ext100=0.000 total100=0.097
[train] 8:52:58<128:11:53, 0.049s/step step=  648000 episodes= 1350 eps=0.384 replay= 39936 loss=0.00008 ext100=0.000 total100=0.094
[train] 8:54:41<128:11:19, 0.049s/step step=  650000 episodes= 1354 eps=0.383 replay= 39936 loss=0.00046 ext100=0.000 total100=0.098
[train] 8:56:25<128:10:50, 0.049s/step step=  652000 episodes= 1358 eps=0.381 replay= 39936 loss=0.00009 ext100=0.000 total100=0.097
[train] 8:58:08<128:10:16, 0.049s/step step=  654000 episodes= 1362 eps=0.379 replay= 39936 loss=0.00008 ext100=0.000 total100=0.097
[train] 8:59:52<128:09:48, 0.049s/step step=  656000 episodes= 1366 eps=0.377 replay= 39936 loss=0.00007 ext100=0.000 total100=0.096
[train] 9:01:34<128:09:04, 0.049s/step step=  658000 episodes= 1371 eps=0.375 replay= 39936 loss=0.00040 ext100=0.000 total100=0.094
[eval] step=660000 episodes=1375 mean_ext_return=0.000
[train] 9:03:33<128:12:15, 0.049s/step step=  660000 episodes= 1375 eps=0.373 replay= 39936 loss=0.00012 ext100=0.000 total100=0.097
[train] 9:05:16<128:11:28, 0.049s/step step=  662000 episodes= 1379 eps=0.371 replay= 39936 loss=0.00009 ext100=0.000 total100=0.098
[train] 9:06:59<128:10:56, 0.049s/step step=  664000 episodes= 1383 eps=0.369 replay= 39936 loss=0.00007 ext100=0.000 total100=0.098
[train] 9:08:43<128:10:17, 0.049s/step step=  666000 episodes= 1387 eps=0.367 replay= 39936 loss=0.00046 ext100=0.000 total100=0.100
[train] 9:10:26<128:09:39, 0.049s/step step=  668000 episodes= 1392 eps=0.365 replay= 39855 loss=0.00012 ext100=0.003 total100=0.100
[train] 9:12:09<128:08:59, 0.049s/step step=  670000 episodes= 1396 eps=0.364 replay= 39855 loss=0.00010 ext100=0.003 total100=0.098
[train] 9:13:53<128:08:27, 0.049s/step step=  672000 episodes= 1400 eps=0.362 replay= 39855 loss=0.00009 ext100=0.003 total100=0.099
[train] 9:15:36<128:07:47, 0.049s/step step=  674000 episodes= 1404 eps=0.360 replay= 39855 loss=0.00044 ext100=0.003 total100=0.101
[train] 9:17:19<128:07:13, 0.049s/step step=  676000 episodes= 1408 eps=0.358 replay= 39855 loss=0.00012 ext100=0.003 total100=0.100
[train] 9:19:02<128:06:26, 0.049s/step step=  678000 episodes= 1412 eps=0.356 replay= 39855 loss=0.00009 ext100=0.003 total100=0.102
[eval] step=680000 episodes=1417 mean_ext_return=0.000
[train] 9:21:01<128:09:26, 0.050s/step step=  680000 episodes= 1417 eps=0.354 replay= 39855 loss=0.00013 ext100=0.003 total100=0.108
[train] 9:22:44<128:08:37, 0.050s/step step=  682000 episodes= 1421 eps=0.352 replay= 39855 loss=0.00046 ext100=0.003 total100=0.108
[train] 9:24:28<128:08:02, 0.050s/step step=  684000 episodes= 1425 eps=0.350 replay= 39855 loss=0.00011 ext100=0.003 total100=0.105
[train] 9:26:11<128:07:21, 0.050s/step step=  686000 episodes= 1429 eps=0.348 replay= 39855 loss=0.00009 ext100=0.003 total100=0.107
[train] 9:27:54<128:06:39, 0.050s/step step=  688000 episodes= 1433 eps=0.346 replay= 39855 loss=0.00010 ext100=0.003 total100=0.105
[train] 9:29:38<128:05:56, 0.050s/step step=  690000 episodes= 1437 eps=0.345 replay= 39855 loss=0.00049 ext100=0.003 total100=0.104
[train] 9:31:21<128:05:22, 0.050s/step step=  692000 episodes= 1442 eps=0.343 replay= 39855 loss=0.00012 ext100=0.003 total100=0.102
[train] 9:33:05<128:04:38, 0.050s/step step=  694000 episodes= 1446 eps=0.341 replay= 39855 loss=0.00013 ext100=0.003 total100=0.104
[train] 9:34:48<128:04:00, 0.050s/step step=  696000 episodes= 1450 eps=0.339 replay= 39855 loss=0.00009 ext100=0.003 total100=0.104
[train] 9:36:31<128:03:10, 0.050s/step step=  698000 episodes= 1454 eps=0.337 replay= 39855 loss=0.00054 ext100=0.003 total100=0.106
[eval] step=700000 episodes=1458 mean_ext_return=0.000
[train] 9:38:30<128:05:59, 0.050s/step step=  700000 episodes= 1458 eps=0.335 replay= 39855 loss=0.00013 ext100=0.003 total100=0.107
[train] 9:40:13<128:05:09, 0.050s/step step=  702000 episodes= 1462 eps=0.333 replay= 39855 loss=0.00010 ext100=0.003 total100=0.105
[train] 9:41:57<128:04:31, 0.050s/step step=  704000 episodes= 1467 eps=0.331 replay= 39855 loss=0.00010 ext100=0.003 total100=0.107
[train] 9:43:40<128:03:45, 0.050s/step step=  706000 episodes= 1471 eps=0.329 replay= 39855 loss=0.00048 ext100=0.003 total100=0.106
[train] 9:45:24<128:02:58, 0.050s/step step=  708000 episodes= 1475 eps=0.327 replay= 39855 loss=0.00012 ext100=0.003 total100=0.105
[train] 9:47:07<128:02:13, 0.050s/step step=  710000 episodes= 1479 eps=0.326 replay= 39855 loss=0.00008 ext100=0.003 total100=0.106
[train] 9:48:51<128:01:35, 0.050s/step step=  712000 episodes= 1483 eps=0.324 replay= 39855 loss=0.00008 ext100=0.003 total100=0.105
[train] 9:50:34<128:00:49, 0.050s/step step=  714000 episodes= 1487 eps=0.322 replay= 39936 loss=0.00046 ext100=0.003 total100=0.103
[train] 9:52:18<128:00:10, 0.050s/step step=  716000 episodes= 1492 eps=0.320 replay= 39936 loss=0.00014 ext100=0.000 total100=0.097
[train] 9:54:01<127:59:17, 0.050s/step step=  718000 episodes= 1496 eps=0.318 replay= 39936 loss=0.00010 ext100=0.000 total100=0.097
[eval] step=720000 episodes=1500 mean_ext_return=0.000
[train] 9:56:00<128:01:56, 0.050s/step step=  720000 episodes= 1500 eps=0.316 replay= 39936 loss=0.00009 ext100=0.000 total100=0.093
[train] 9:57:43<128:01:00, 0.050s/step step=  722000 episodes= 1504 eps=0.314 replay= 39936 loss=0.00057 ext100=0.000 total100=0.093
[train] 9:59:27<128:00:18, 0.050s/step step=  724000 episodes= 1508 eps=0.312 replay= 39936 loss=0.00012 ext100=0.000 total100=0.095
[train] 10:01:10<127:59:31, 0.050s/step step=  726000 episodes= 1512 eps=0.310 replay= 39936 loss=0.00010 ext100=0.000 total100=0.092
[train] 10:02:53<127:58:41, 0.050s/step step=  728000 episodes= 1517 eps=0.308 replay= 39936 loss=0.00011 ext100=0.000 total100=0.086
[train] 10:04:37<127:57:52, 0.050s/step step=  730000 episodes= 1521 eps=0.306 replay= 39936 loss=0.00049 ext100=0.000 total100=0.088
[train] 10:06:20<127:57:06, 0.050s/step step=  732000 episodes= 1525 eps=0.305 replay= 39936 loss=0.00010 ext100=0.000 total100=0.092
[train] 10:08:04<127:56:15, 0.050s/step step=  734000 episodes= 1529 eps=0.303 replay= 39936 loss=0.00009 ext100=0.000 total100=0.089
[train] 10:09:48<127:55:31, 0.050s/step step=  736000 episodes= 1533 eps=0.301 replay= 39936 loss=0.00008 ext100=0.000 total100=0.092
[train] 10:11:30<127:54:33, 0.050s/step step=  738000 episodes= 1537 eps=0.299 replay= 39936 loss=0.00048 ext100=0.000 total100=0.094
[eval] step=740000 episodes=1542 mean_ext_return=0.000
[train] 10:13:30<127:57:02, 0.050s/step step=  740000 episodes= 1542 eps=0.297 replay= 39936 loss=0.00013 ext100=0.000 total100=0.093
[train] 10:15:12<127:56:04, 0.050s/step step=  742000 episodes= 1546 eps=0.295 replay= 39936 loss=0.00010 ext100=0.000 total100=0.091
[train] 10:16:56<127:55:17, 0.050s/step step=  744000 episodes= 1550 eps=0.293 replay= 39936 loss=0.00009 ext100=0.000 total100=0.092
[train] 10:18:39<127:54:23, 0.050s/step step=  746000 episodes= 1554 eps=0.291 replay= 39936 loss=0.00050 ext100=0.000 total100=0.089
[train] 10:20:22<127:53:29, 0.050s/step step=  748000 episodes= 1558 eps=0.289 replay= 39936 loss=0.00010 ext100=0.000 total100=0.093
[train] 10:22:06<127:52:38, 0.050s/step step=  750000 episodes= 1562 eps=0.288 replay= 39936 loss=0.00007 ext100=0.000 total100=0.093
[train] 10:23:50<127:51:51, 0.050s/step step=  752000 episodes= 1567 eps=0.286 replay= 39936 loss=0.00011 ext100=0.000 total100=0.092
[train] 10:25:33<127:50:59, 0.050s/step step=  754000 episodes= 1571 eps=0.284 replay= 39936 loss=0.00047 ext100=0.000 total100=0.094
[train] 10:27:17<127:50:13, 0.050s/step step=  756000 episodes= 1575 eps=0.282 replay= 39936 loss=0.00013 ext100=0.000 total100=0.091
[train] 10:29:00<127:49:12, 0.050s/step step=  758000 episodes= 1579 eps=0.280 replay= 39936 loss=0.00010 ext100=0.000 total100=0.087
[eval] step=760000 episodes=1583 mean_ext_return=0.000
[train] 10:30:59<127:51:33, 0.050s/step step=  760000 episodes= 1583 eps=0.278 replay= 39936 loss=0.00008 ext100=0.000 total100=0.088
[train] 10:32:42<127:50:33, 0.050s/step step=  762000 episodes= 1587 eps=0.276 replay= 39936 loss=0.00038 ext100=0.000 total100=0.088
[train] 10:34:26<127:49:43, 0.050s/step step=  764000 episodes= 1592 eps=0.274 replay= 39936 loss=0.00014 ext100=0.000 total100=0.088
[train] 10:36:09<127:48:47, 0.050s/step step=  766000 episodes= 1596 eps=0.272 replay= 39936 loss=0.00009 ext100=0.000 total100=0.088
[train] 10:37:52<127:47:51, 0.050s/step step=  768000 episodes= 1600 eps=0.270 replay= 39936 loss=0.00008 ext100=0.000 total100=0.091
[train] 10:39:36<127:46:56, 0.050s/step step=  770000 episodes= 1604 eps=0.269 replay= 39936 loss=0.00039 ext100=0.000 total100=0.091
[train] 10:41:20<127:46:05, 0.050s/step step=  772000 episodes= 1608 eps=0.267 replay= 39936 loss=0.00010 ext100=0.000 total100=0.089
[train] 10:43:03<127:45:11, 0.050s/step step=  774000 episodes= 1612 eps=0.265 replay= 39936 loss=0.00008 ext100=0.000 total100=0.089
[train] 10:44:47<127:44:21, 0.050s/step step=  776000 episodes= 1617 eps=0.263 replay= 39936 loss=0.00009 ext100=0.000 total100=0.091
[train] 10:46:30<127:43:17, 0.050s/step step=  778000 episodes= 1621 eps=0.261 replay= 39936 loss=0.00046 ext100=0.000 total100=0.089
[eval] step=780000 episodes=1625 mean_ext_return=0.000
[train] 10:48:29<127:45:34, 0.050s/step step=  780000 episodes= 1625 eps=0.259 replay= 39936 loss=0.00010 ext100=0.000 total100=0.084
[train] 10:50:12<127:44:33, 0.050s/step step=  782000 episodes= 1629 eps=0.257 replay= 39936 loss=0.00009 ext100=0.000 total100=0.086
[train] 10:51:56<127:43:44, 0.050s/step step=  784000 episodes= 1633 eps=0.255 replay= 39936 loss=0.00007 ext100=0.000 total100=0.085
[train] 10:53:40<127:42:44, 0.050s/step step=  786000 episodes= 1637 eps=0.253 replay= 39936 loss=0.00045 ext100=0.000 total100=0.086
[train] 10:55:23<127:41:45, 0.050s/step step=  788000 episodes= 1642 eps=0.251 replay= 39936 loss=0.00012 ext100=0.000 total100=0.086
[train] 10:57:06<127:40:48, 0.050s/step step=  790000 episodes= 1646 eps=0.250 replay= 39936 loss=0.00009 ext100=0.000 total100=0.084
[train] 10:58:50<127:39:54, 0.050s/step step=  792000 episodes= 1650 eps=0.248 replay= 39936 loss=0.00007 ext100=0.000 total100=0.083
[train] 11:00:34<127:38:55, 0.050s/step step=  794000 episodes= 1654 eps=0.246 replay= 39936 loss=0.00037 ext100=0.000 total100=0.081
[train] 11:02:17<127:38:02, 0.050s/step step=  796000 episodes= 1658 eps=0.244 replay= 39936 loss=0.00012 ext100=0.000 total100=0.075
[train] 11:04:00<127:36:57, 0.050s/step step=  798000 episodes= 1662 eps=0.242 replay= 39936 loss=0.00009 ext100=0.000 total100=0.076
[eval] step=800000 episodes=1667 mean_ext_return=0.000
[train] 11:06:00<127:39:04, 0.050s/step step=  800000 episodes= 1667 eps=0.240 replay= 39936 loss=0.00008 ext100=0.000 total100=0.076
[train] 11:07:43<127:37:58, 0.050s/step step=  802000 episodes= 1671 eps=0.238 replay= 39936 loss=0.00039 ext100=0.000 total100=0.073
[train] 11:09:27<127:37:05, 0.050s/step step=  804000 episodes= 1675 eps=0.236 replay= 39936 loss=0.00011 ext100=0.000 total100=0.074
[train] 11:11:10<127:36:06, 0.050s/step step=  806000 episodes= 1679 eps=0.234 replay= 39936 loss=0.00009 ext100=0.000 total100=0.077
[train] 11:12:54<127:35:05, 0.050s/step step=  808000 episodes= 1683 eps=0.232 replay= 39936 loss=0.00010 ext100=0.000 total100=0.078
[train] 11:14:37<127:34:03, 0.050s/step step=  810000 episodes= 1687 eps=0.231 replay= 39936 loss=0.00033 ext100=0.000 total100=0.078
[train] 11:16:21<127:33:07, 0.050s/step step=  812000 episodes= 1692 eps=0.229 replay= 39936 loss=0.00014 ext100=0.000 total100=0.080
[train] 11:18:04<127:32:08, 0.050s/step step=  814000 episodes= 1696 eps=0.227 replay= 39936 loss=0.00010 ext100=0.000 total100=0.083
[train] 11:19:48<127:31:12, 0.050s/step step=  816000 episodes= 1700 eps=0.225 replay= 39936 loss=0.00008 ext100=0.000 total100=0.080
[train] 11:21:31<127:30:05, 0.050s/step step=  818000 episodes= 1704 eps=0.223 replay= 39936 loss=0.00035 ext100=0.000 total100=0.077
[eval] step=820000 episodes=1708 mean_ext_return=0.000
[train] 11:23:31<127:32:06, 0.050s/step step=  820000 episodes= 1708 eps=0.221 replay= 39936 loss=0.00010 ext100=0.000 total100=0.078
[train] 11:25:14<127:30:58, 0.050s/step step=  822000 episodes= 1712 eps=0.219 replay= 39936 loss=0.00008 ext100=0.000 total100=0.079
[train] 11:26:58<127:30:02, 0.050s/step step=  824000 episodes= 1717 eps=0.217 replay= 39936 loss=0.00012 ext100=0.000 total100=0.080
[train] 11:28:41<127:29:01, 0.050s/step step=  826000 episodes= 1721 eps=0.215 replay= 39936 loss=0.00038 ext100=0.000 total100=0.079
[train] 11:30:25<127:27:59, 0.050s/step step=  828000 episodes= 1725 eps=0.213 replay= 39936 loss=0.00009 ext100=0.000 total100=0.081
[train] 11:32:08<127:26:56, 0.050s/step step=  830000 episodes= 1729 eps=0.212 replay= 39936 loss=0.00008 ext100=0.000 total100=0.079
[train] 11:33:52<127:25:55, 0.050s/step step=  832000 episodes= 1733 eps=0.210 replay= 39936 loss=0.00007 ext100=0.000 total100=0.079
[train] 11:35:35<127:24:53, 0.050s/step step=  834000 episodes= 1737 eps=0.208 replay= 39936 loss=0.00034 ext100=0.000 total100=0.075
[train] 11:37:19<127:23:57, 0.050s/step step=  836000 episodes= 1742 eps=0.206 replay= 39936 loss=0.00010 ext100=0.000 total100=0.078
[train] 11:39:02<127:22:49, 0.050s/step step=  838000 episodes= 1746 eps=0.204 replay= 39936 loss=0.00009 ext100=0.000 total100=0.079
[eval] step=840000 episodes=1750 mean_ext_return=0.000
[train] 11:41:02<127:24:39, 0.050s/step step=  840000 episodes= 1750 eps=0.202 replay= 39936 loss=0.00008 ext100=0.000 total100=0.081
[train] 11:42:45<127:23:30, 0.050s/step step=  842000 episodes= 1754 eps=0.200 replay= 39936 loss=0.00032 ext100=0.000 total100=0.082
[train] 11:44:29<127:22:32, 0.050s/step step=  844000 episodes= 1758 eps=0.198 replay= 39936 loss=0.00007 ext100=0.000 total100=0.083
[train] 11:46:12<127:21:27, 0.050s/step step=  846000 episodes= 1762 eps=0.196 replay= 39936 loss=0.00006 ext100=0.000 total100=0.083
[train] 11:47:56<127:20:21, 0.050s/step step=  848000 episodes= 1767 eps=0.194 replay= 39936 loss=0.00009 ext100=0.000 total100=0.084
[train] 11:49:39<127:19:16, 0.050s/step step=  850000 episodes= 1771 eps=0.193 replay= 39936 loss=0.00028 ext100=0.000 total100=0.083
[train] 11:51:23<127:18:16, 0.050s/step step=  852000 episodes= 1775 eps=0.191 replay= 39936 loss=0.00010 ext100=0.000 total100=0.085
[train] 11:53:07<127:17:12, 0.050s/step step=  854000 episodes= 1779 eps=0.189 replay= 39936 loss=0.00008 ext100=0.000 total100=0.087
[train] 11:54:51<127:16:12, 0.050s/step step=  856000 episodes= 1783 eps=0.187 replay= 39936 loss=0.00007 ext100=0.000 total100=0.085
[train] 11:56:34<127:15:01, 0.050s/step step=  858000 episodes= 1787 eps=0.185 replay= 39936 loss=0.00024 ext100=0.000 total100=0.087
[eval] step=860000 episodes=1792 mean_ext_return=0.000
[train] 11:58:33<127:16:49, 0.050s/step step=  860000 episodes= 1792 eps=0.183 replay= 39936 loss=0.00011 ext100=0.000 total100=0.086
[train] 12:00:16<127:15:39, 0.050s/step step=  862000 episodes= 1796 eps=0.181 replay= 39936 loss=0.00006 ext100=0.000 total100=0.083
[train] 12:02:00<127:14:37, 0.050s/step step=  864000 episodes= 1800 eps=0.179 replay= 39936 loss=0.00007 ext100=0.000 total100=0.088
[train] 12:03:44<127:13:33, 0.050s/step step=  866000 episodes= 1804 eps=0.177 replay= 39936 loss=0.00022 ext100=0.000 total100=0.090
[train] 12:05:28<127:12:26, 0.050s/step step=  868000 episodes= 1808 eps=0.175 replay= 39936 loss=0.00008 ext100=0.000 total100=0.089
[train] 12:07:11<127:11:19, 0.050s/step step=  870000 episodes= 1812 eps=0.173 replay= 39936 loss=0.00004 ext100=0.000 total100=0.090
[train] 12:08:55<127:10:14, 0.050s/step step=  872000 episodes= 1817 eps=0.172 replay= 39936 loss=0.00009 ext100=0.000 total100=0.089
[train] 12:10:39<127:09:11, 0.050s/step step=  874000 episodes= 1821 eps=0.170 replay= 39936 loss=0.00023 ext100=0.000 total100=0.089
[train] 12:12:22<127:08:08, 0.050s/step step=  876000 episodes= 1825 eps=0.168 replay= 39936 loss=0.00007 ext100=0.000 total100=0.091
[train] 12:14:05<127:06:56, 0.050s/step step=  878000 episodes= 1829 eps=0.166 replay= 39936 loss=0.00006 ext100=0.000 total100=0.093
[eval] step=880000 episodes=1833 mean_ext_return=0.000
[train] 12:16:05<127:08:37, 0.050s/step step=  880000 episodes= 1833 eps=0.164 replay= 39936 loss=0.00006 ext100=0.000 total100=0.090
[train] 12:17:48<127:07:24, 0.050s/step step=  882000 episodes= 1837 eps=0.162 replay= 39936 loss=0.00025 ext100=0.000 total100=0.091
[train] 12:19:32<127:06:20, 0.050s/step step=  884000 episodes= 1842 eps=0.160 replay= 39936 loss=0.00008 ext100=0.000 total100=0.090
[train] 12:21:16<127:05:13, 0.050s/step step=  886000 episodes= 1846 eps=0.158 replay= 39936 loss=0.00007 ext100=0.000 total100=0.091
[train] 12:22:59<127:04:05, 0.050s/step step=  888000 episodes= 1850 eps=0.156 replay= 39936 loss=0.00006 ext100=0.000 total100=0.091
[train] 12:24:43<127:02:56, 0.050s/step step=  890000 episodes= 1854 eps=0.155 replay= 39936 loss=0.00020 ext100=0.000 total100=0.090
[train] 12:26:26<127:01:49, 0.050s/step step=  892000 episodes= 1858 eps=0.153 replay= 39936 loss=0.00008 ext100=0.000 total100=0.093
[train] 12:28:10<127:00:43, 0.050s/step step=  894000 episodes= 1862 eps=0.151 replay= 39936 loss=0.00006 ext100=0.000 total100=0.092
[train] 12:29:54<126:59:40, 0.050s/step step=  896000 episodes= 1867 eps=0.149 replay= 39936 loss=0.00005 ext100=0.000 total100=0.091
[train] 12:31:37<126:58:25, 0.050s/step step=  898000 episodes= 1871 eps=0.147 replay= 39936 loss=0.00018 ext100=0.000 total100=0.094
[eval] step=900000 episodes=1875 mean_ext_return=0.000
[train] 12:33:37<126:59:58, 0.050s/step step=  900000 episodes= 1875 eps=0.145 replay= 39936 loss=0.00008 ext100=0.000 total100=0.094
[train] 12:35:20<126:58:42, 0.050s/step step=  902000 episodes= 1879 eps=0.143 replay= 39936 loss=0.00005 ext100=0.000 total100=0.092
[train] 12:37:04<126:57:35, 0.050s/step step=  904000 episodes= 1883 eps=0.141 replay= 39936 loss=0.00005 ext100=0.000 total100=0.091
[train] 12:38:47<126:56:27, 0.050s/step step=  906000 episodes= 1887 eps=0.139 replay= 39936 loss=0.00019 ext100=0.000 total100=0.089
[train] 12:40:31<126:55:16, 0.050s/step step=  908000 episodes= 1892 eps=0.137 replay= 39936 loss=0.00007 ext100=0.000 total100=0.091
[train] 12:42:14<126:54:05, 0.050s/step step=  910000 episodes= 1896 eps=0.136 replay= 39936 loss=0.00007 ext100=0.000 total100=0.090
[train] 12:43:58<126:52:56, 0.050s/step step=  912000 episodes= 1900 eps=0.134 replay= 39936 loss=0.00005 ext100=0.000 total100=0.087
[train] 12:45:42<126:51:50, 0.050s/step step=  914000 episodes= 1904 eps=0.132 replay= 39936 loss=0.00022 ext100=0.000 total100=0.086
[train] 12:47:26<126:50:43, 0.050s/step step=  916000 episodes= 1908 eps=0.130 replay= 39936 loss=0.00007 ext100=0.000 total100=0.084
[train] 12:49:09<126:49:27, 0.050s/step step=  918000 episodes= 1912 eps=0.128 replay= 39936 loss=0.00006 ext100=0.000 total100=0.083
[eval] step=920000 episodes=1917 mean_ext_return=0.000
[train] 12:51:08<126:50:53, 0.050s/step step=  920000 episodes= 1917 eps=0.126 replay= 39936 loss=0.00005 ext100=0.000 total100=0.081
[train] 12:52:51<126:49:37, 0.050s/step step=  922000 episodes= 1921 eps=0.124 replay= 39936 loss=0.00019 ext100=0.000 total100=0.082
[train] 12:54:35<126:48:28, 0.050s/step step=  924000 episodes= 1925 eps=0.122 replay= 39936 loss=0.00006 ext100=0.000 total100=0.079
[train] 12:56:19<126:47:18, 0.050s/step step=  926000 episodes= 1929 eps=0.120 replay= 39936 loss=0.00006 ext100=0.000 total100=0.076
[train] 12:58:02<126:46:05, 0.050s/step step=  928000 episodes= 1933 eps=0.118 replay= 39936 loss=0.00005 ext100=0.000 total100=0.079
[train] 12:59:46<126:44:54, 0.050s/step step=  930000 episodes= 1937 eps=0.117 replay= 39936 loss=0.00011 ext100=0.000 total100=0.077
[train] 13:01:30<126:43:45, 0.050s/step step=  932000 episodes= 1942 eps=0.115 replay= 39936 loss=0.00004 ext100=0.000 total100=0.076
[train] 13:03:14<126:42:36, 0.050s/step step=  934000 episodes= 1946 eps=0.113 replay= 39936 loss=0.00005 ext100=0.000 total100=0.077
[train] 13:04:58<126:41:28, 0.050s/step step=  936000 episodes= 1950 eps=0.111 replay= 39936 loss=0.00003 ext100=0.000 total100=0.075
[train] 13:06:41<126:40:10, 0.050s/step step=  938000 episodes= 1954 eps=0.109 replay= 39936 loss=0.00012 ext100=0.000 total100=0.075
[eval] step=940000 episodes=1958 mean_ext_return=0.000
[train] 13:08:40<126:41:33, 0.050s/step step=  940000 episodes= 1958 eps=0.107 replay= 39936 loss=0.00006 ext100=0.000 total100=0.074
[train] 13:10:24<126:40:16, 0.050s/step step=  942000 episodes= 1962 eps=0.105 replay= 39936 loss=0.00004 ext100=0.000 total100=0.076
[train] 13:12:07<126:39:05, 0.050s/step step=  944000 episodes= 1967 eps=0.103 replay= 39936 loss=0.00006 ext100=0.000 total100=0.078
[train] 13:13:51<126:37:53, 0.050s/step step=  946000 episodes= 1971 eps=0.101 replay= 39936 loss=0.00010 ext100=0.000 total100=0.076
[train] 13:15:35<126:36:40, 0.050s/step step=  948000 episodes= 1975 eps=0.099 replay= 39936 loss=0.00005 ext100=0.000 total100=0.076
[train] 13:17:18<126:35:26, 0.050s/step step=  950000 episodes= 1979 eps=0.098 replay= 39936 loss=0.00004 ext100=0.000 total100=0.076
[train] 13:19:02<126:34:15, 0.050s/step step=  952000 episodes= 1983 eps=0.096 replay= 39936 loss=0.00004 ext100=0.000 total100=0.076
[train] 13:20:46<126:33:04, 0.050s/step step=  954000 episodes= 1987 eps=0.094 replay= 39936 loss=0.00011 ext100=0.000 total100=0.078
[train] 13:22:30<126:31:53, 0.050s/step step=  956000 episodes= 1992 eps=0.092 replay= 39936 loss=0.00006 ext100=0.000 total100=0.076
[train] 13:24:13<126:30:35, 0.050s/step step=  958000 episodes= 1996 eps=0.090 replay= 39936 loss=0.00003 ext100=0.000 total100=0.078
[eval] step=960000 episodes=2000 mean_ext_return=0.000
[train] 13:26:13<126:31:53, 0.050s/step step=  960000 episodes= 2000 eps=0.088 replay= 39936 loss=0.00004 ext100=0.000 total100=0.078
[train] 13:27:56<126:30:37, 0.050s/step step=  962000 episodes= 2004 eps=0.086 replay= 39936 loss=0.00006 ext100=0.000 total100=0.076
[train] 13:29:40<126:29:24, 0.050s/step step=  964000 episodes= 2008 eps=0.084 replay= 39936 loss=0.00005 ext100=0.000 total100=0.080
[train] 13:31:24<126:28:13, 0.050s/step step=  966000 episodes= 2012 eps=0.082 replay= 39936 loss=0.00004 ext100=0.000 total100=0.079
[train] 13:33:08<126:27:01, 0.050s/step step=  968000 episodes= 2017 eps=0.080 replay= 39936 loss=0.00006 ext100=0.000 total100=0.084
[train] 13:34:51<126:25:48, 0.050s/step step=  970000 episodes= 2021 eps=0.079 replay= 39936 loss=0.00008 ext100=0.000 total100=0.083
[train] 13:36:35<126:24:34, 0.050s/step step=  972000 episodes= 2025 eps=0.077 replay= 39936 loss=0.00006 ext100=0.000 total100=0.084
[train] 13:38:19<126:23:24, 0.050s/step step=  974000 episodes= 2029 eps=0.075 replay= 39936 loss=0.00004 ext100=0.000 total100=0.088
[train] 13:40:03<126:22:15, 0.050s/step step=  976000 episodes= 2033 eps=0.073 replay= 39936 loss=0.00004 ext100=0.000 total100=0.084
[train] 13:41:47<126:20:56, 0.050s/step step=  978000 episodes= 2037 eps=0.071 replay= 39936 loss=0.00009 ext100=0.000 total100=0.085
[eval] step=980000 episodes=2042 mean_ext_return=0.000
[train] 13:43:46<126:22:08, 0.050s/step step=  980000 episodes= 2042 eps=0.069 replay= 39936 loss=0.00003 ext100=0.000 total100=0.084
[train] 13:45:30<126:20:50, 0.050s/step step=  982000 episodes= 2046 eps=0.067 replay= 39936 loss=0.00004 ext100=0.000 total100=0.081
[train] 13:47:13<126:19:36, 0.050s/step step=  984000 episodes= 2050 eps=0.065 replay= 39936 loss=0.00004 ext100=0.000 total100=0.082
[train] 13:48:58<126:18:24, 0.050s/step step=  986000 episodes= 2054 eps=0.063 replay= 39936 loss=0.00005 ext100=0.000 total100=0.081
[train] 13:50:41<126:17:10, 0.050s/step step=  988000 episodes= 2058 eps=0.061 replay= 39936 loss=0.00004 ext100=0.000 total100=0.079
[train] 13:52:25<126:15:54, 0.050s/step step=  990000 episodes= 2062 eps=0.059 replay= 39936 loss=0.00005 ext100=0.000 total100=0.077
[train] 13:54:09<126:14:38, 0.050s/step step=  992000 episodes= 2067 eps=0.058 replay= 39936 loss=0.00004 ext100=0.000 total100=0.074
[train] 13:55:53<126:13:25, 0.050s/step step=  994000 episodes= 2071 eps=0.056 replay= 39936 loss=0.00010 ext100=0.000 total100=0.072
[train] 13:57:37<126:12:13, 0.050s/step step=  996000 episodes= 2075 eps=0.054 replay= 39936 loss=0.00003 ext100=0.000 total100=0.072
[train] 13:59:20<126:10:52, 0.050s/step step=  998000 episodes= 2079 eps=0.052 replay= 39936 loss=0.00003 ext100=0.000 total100=0.075
[eval] step=1000000 episodes=2083 mean_ext_return=0.000
[train] 14:01:19<126:11:59, 0.050s/step step= 1000000 episodes= 2083 eps=0.050 replay= 39936 loss=0.00003 ext100=0.000 total100=0.074
[train] 14:03:03<126:10:41, 0.050s/step step= 1002000 episodes= 2087 eps=0.050 replay= 39936 loss=0.00008 ext100=0.000 total100=0.071
[train] 14:04:47<126:09:25, 0.050s/step step= 1004000 episodes= 2092 eps=0.050 replay= 39936 loss=0.00004 ext100=0.000 total100=0.072
[train] 14:06:31<126:08:12, 0.050s/step step= 1006000 episodes= 2096 eps=0.050 replay= 39936 loss=0.00005 ext100=0.000 total100=0.072
[train] 14:08:15<126:06:56, 0.050s/step step= 1008000 episodes= 2100 eps=0.050 replay= 39936 loss=0.00004 ext100=0.000 total100=0.071
[train] 14:09:58<126:05:38, 0.050s/step step= 1010000 episodes= 2104 eps=0.050 replay= 39936 loss=0.00008 ext100=0.000 total100=0.073
[train] 14:11:42<126:04:22, 0.050s/step step= 1012000 episodes= 2108 eps=0.050 replay= 39936 loss=0.00003 ext100=0.000 total100=0.072
[train] 14:13:26<126:03:07, 0.050s/step step= 1014000 episodes= 2112 eps=0.050 replay= 39936 loss=0.00002 ext100=0.000 total100=0.078
[train] 14:15:10<126:01:54, 0.051s/step step= 1016000 episodes= 2117 eps=0.050 replay= 39936 loss=0.00003 ext100=0.000 total100=0.077
[train] 14:16:53<126:00:32, 0.051s/step step= 1018000 episodes= 2121 eps=0.050 replay= 39936 loss=0.00006 ext100=0.000 total100=0.077
[eval] step=1020000 episodes=2125 mean_ext_return=0.000
[train] 14:18:53<126:01:35, 0.051s/step step= 1020000 episodes= 2125 eps=0.050 replay= 39936 loss=0.00002 ext100=0.000 total100=0.077
[train] 14:20:36<126:00:15, 0.051s/step step= 1022000 episodes= 2129 eps=0.050 replay= 39936 loss=0.00003 ext100=0.000 total100=0.074
[train] 14:22:20<125:58:57, 0.051s/step step= 1024000 episodes= 2133 eps=0.050 replay= 39936 loss=0.00004 ext100=0.000 total100=0.074
[train] 14:24:04<125:57:43, 0.051s/step step= 1026000 episodes= 2137 eps=0.050 replay= 39936 loss=0.00008 ext100=0.000 total100=0.076
[train] 14:25:48<125:56:25, 0.051s/step step= 1028000 episodes= 2142 eps=0.050 replay= 39936 loss=0.00004 ext100=0.000 total100=0.077
[train] 14:27:31<125:55:07, 0.051s/step step= 1030000 episodes= 2146 eps=0.050 replay= 39936 loss=0.00003 ext100=0.000 total100=0.079
[train] 14:29:15<125:53:49, 0.051s/step step= 1032000 episodes= 2150 eps=0.050 replay= 39936 loss=0.00003 ext100=0.000 total100=0.080
[train] 14:30:59<125:52:35, 0.051s/step step= 1034000 episodes= 2154 eps=0.050 replay= 39936 loss=0.00010 ext100=0.000 total100=0.081
[train] 14:32:44<125:51:20, 0.051s/step step= 1036000 episodes= 2158 eps=0.050 replay= 39936 loss=0.00004 ext100=0.000 total100=0.082
[train] 14:34:27<125:49:59, 0.051s/step step= 1038000 episodes= 2162 eps=0.050 replay= 39936 loss=0.00003 ext100=0.000 total100=0.083
[eval] step=1040000 episodes=2167 mean_ext_return=0.000
[train] 14:36:27<125:50:58, 0.051s/step step= 1040000 episodes= 2167 eps=0.050 replay= 39936 loss=0.00003 ext100=0.000 total100=0.086
[train] 14:38:10<125:49:36, 0.051s/step step= 1042000 episodes= 2171 eps=0.050 replay= 39936 loss=0.00008 ext100=0.000 total100=0.091
[train] 14:39:54<125:48:17, 0.051s/step step= 1044000 episodes= 2175 eps=0.050 replay= 39936 loss=0.00003 ext100=0.000 total100=0.089
[train] 14:41:38<125:47:02, 0.051s/step step= 1046000 episodes= 2179 eps=0.050 replay= 39936 loss=0.00003 ext100=0.000 total100=0.089
[train] 14:43:22<125:45:44, 0.051s/step step= 1048000 episodes= 2183 eps=0.050 replay= 39936 loss=0.00003 ext100=0.000 total100=0.088
[train] 14:45:05<125:44:24, 0.051s/step step= 1050000 episodes= 2187 eps=0.050 replay= 39936 loss=0.00010 ext100=0.000 total100=0.089
[train] 14:46:49<125:43:04, 0.051s/step step= 1052000 episodes= 2192 eps=0.050 replay= 39936 loss=0.00004 ext100=0.000 total100=0.091
[train] 14:48:33<125:41:48, 0.051s/step step= 1054000 episodes= 2196 eps=0.050 replay= 39936 loss=0.00003 ext100=0.000 total100=0.091
[train] 14:50:17<125:40:33, 0.051s/step step= 1056000 episodes= 2200 eps=0.050 replay= 39936 loss=0.00003 ext100=0.000 total100=0.092
[train] 14:52:00<125:39:08, 0.051s/step step= 1058000 episodes= 2204 eps=0.050 replay= 39936 loss=0.00008 ext100=0.000 total100=0.091
[eval] step=1060000 episodes=2208 mean_ext_return=0.000
[train] 14:54:00<125:40:00, 0.051s/step step= 1060000 episodes= 2208 eps=0.050 replay= 39936 loss=0.00003 ext100=0.000 total100=0.091
[train] 14:55:43<125:38:39, 0.051s/step step= 1062000 episodes= 2212 eps=0.050 replay= 39936 loss=0.00004 ext100=0.000 total100=0.084
[train] 14:57:27<125:37:17, 0.051s/step step= 1064000 episodes= 2217 eps=0.050 replay= 39936 loss=0.00005 ext100=0.000 total100=0.083
[train] 14:59:11<125:36:00, 0.051s/step step= 1066000 episodes= 2221 eps=0.050 replay= 39936 loss=0.00009 ext100=0.000 total100=0.083
[train] 15:00:55<125:34:39, 0.051s/step step= 1068000 episodes= 2225 eps=0.050 replay= 39936 loss=0.00003 ext100=0.000 total100=0.083
[train] 15:02:38<125:33:19, 0.051s/step step= 1070000 episodes= 2229 eps=0.050 replay= 39936 loss=0.00001 ext100=0.000 total100=0.082
[train] 15:04:22<125:31:58, 0.051s/step step= 1072000 episodes= 2233 eps=0.050 replay= 39936 loss=0.00003 ext100=0.000 total100=0.083
[train] 15:06:06<125:30:41, 0.051s/step step= 1074000 episodes= 2237 eps=0.050 replay= 39936 loss=0.00005 ext100=0.000 total100=0.081
[train] 15:07:50<125:29:23, 0.051s/step step= 1076000 episodes= 2242 eps=0.050 replay= 39936 loss=0.00003 ext100=0.000 total100=0.083
[train] 15:09:33<125:27:57, 0.051s/step step= 1078000 episodes= 2246 eps=0.050 replay= 39936 loss=0.00003 ext100=0.000 total100=0.081
[eval] step=1080000 episodes=2250 mean_ext_return=0.000
[train] 15:11:33<125:28:47, 0.051s/step step= 1080000 episodes= 2250 eps=0.050 replay= 39936 loss=0.00002 ext100=0.000 total100=0.080
[train] 15:13:16<125:27:23, 0.051s/step step= 1082000 episodes= 2254 eps=0.050 replay= 39936 loss=0.00003 ext100=0.000 total100=0.082
[train] 15:15:00<125:26:02, 0.051s/step step= 1084000 episodes= 2258 eps=0.050 replay= 39936 loss=0.00002 ext100=0.000 total100=0.083
[train] 15:16:44<125:24:42, 0.051s/step step= 1086000 episodes= 2262 eps=0.050 replay= 39936 loss=0.00002 ext100=0.000 total100=0.081
[train] 15:18:28<125:23:21, 0.051s/step step= 1088000 episodes= 2267 eps=0.050 replay= 39936 loss=0.00002 ext100=0.000 total100=0.079
[train] 15:20:11<125:21:59, 0.051s/step step= 1090000 episodes= 2271 eps=0.050 replay= 39936 loss=0.00006 ext100=0.000 total100=0.075
[train] 15:21:55<125:20:37, 0.051s/step step= 1092000 episodes= 2275 eps=0.050 replay= 39936 loss=0.00003 ext100=0.000 total100=0.076
[train] 15:23:39<125:19:18, 0.051s/step step= 1094000 episodes= 2279 eps=0.050 replay= 39936 loss=0.00002 ext100=0.000 total100=0.073
[train] 15:25:23<125:18:00, 0.051s/step step= 1096000 episodes= 2283 eps=0.050 replay= 39936 loss=0.00002 ext100=0.000 total100=0.072
[train] 15:27:06<125:16:33, 0.051s/step step= 1098000 episodes= 2287 eps=0.050 replay= 39936 loss=0.00003 ext100=0.000 total100=0.074
[eval] step=1100000 episodes=2292 mean_ext_return=0.000
[train] 15:29:06<125:17:18, 0.051s/step step= 1100000 episodes= 2292 eps=0.050 replay= 39936 loss=0.00002 ext100=0.000 total100=0.070
[train] 15:30:50<125:15:56, 0.051s/step step= 1102000 episodes= 2296 eps=0.050 replay= 39936 loss=0.00002 ext100=0.000 total100=0.068
[train] 15:32:33<125:14:32, 0.051s/step step= 1104000 episodes= 2300 eps=0.050 replay= 39936 loss=0.00002 ext100=0.000 total100=0.066
[train] 15:34:17<125:13:13, 0.051s/step step= 1106000 episodes= 2304 eps=0.050 replay= 39936 loss=0.00005 ext100=0.000 total100=0.066
[train] 15:36:01<125:11:50, 0.051s/step step= 1108000 episodes= 2308 eps=0.050 replay= 39936 loss=0.00002 ext100=0.000 total100=0.065
[train] 15:37:45<125:10:28, 0.051s/step step= 1110000 episodes= 2312 eps=0.050 replay= 39936 loss=0.00002 ext100=0.000 total100=0.064
[train] 15:39:28<125:09:05, 0.051s/step step= 1112000 episodes= 2317 eps=0.050 replay= 39936 loss=0.00003 ext100=0.000 total100=0.060
[train] 15:41:12<125:07:45, 0.051s/step step= 1114000 episodes= 2321 eps=0.050 replay= 39936 loss=0.00004 ext100=0.000 total100=0.058
[train] 15:42:57<125:06:26, 0.051s/step step= 1116000 episodes= 2325 eps=0.050 replay= 39936 loss=0.00002 ext100=0.000 total100=0.058
[train] 15:44:40<125:04:58, 0.051s/step step= 1118000 episodes= 2329 eps=0.050 replay= 39936 loss=0.00002 ext100=0.000 total100=0.058
[eval] step=1120000 episodes=2333 mean_ext_return=0.000
[train] 15:46:39<125:05:39, 0.051s/step step= 1120000 episodes= 2333 eps=0.050 replay= 39936 loss=0.00002 ext100=0.000 total100=0.058
[train] 15:48:23<125:04:16, 0.051s/step step= 1122000 episodes= 2337 eps=0.050 replay= 39936 loss=0.00004 ext100=0.000 total100=0.058
[train] 15:50:07<125:02:53, 0.051s/step step= 1124000 episodes= 2342 eps=0.050 replay= 39936 loss=0.00002 ext100=0.000 total100=0.057
[train] 15:51:51<125:01:32, 0.051s/step step= 1126000 episodes= 2346 eps=0.050 replay= 39936 loss=0.00002 ext100=0.000 total100=0.058
[train] 15:53:34<125:00:09, 0.051s/step step= 1128000 episodes= 2350 eps=0.050 replay= 39936 loss=0.00001 ext100=0.000 total100=0.058
[train] 15:55:18<124:58:44, 0.051s/step step= 1130000 episodes= 2354 eps=0.050 replay= 39936 loss=0.00003 ext100=0.000 total100=0.056
[train] 15:57:02<124:57:21, 0.051s/step step= 1132000 episodes= 2358 eps=0.050 replay= 39936 loss=0.00002 ext100=0.000 total100=0.056
[train] 15:58:46<124:56:00, 0.051s/step step= 1134000 episodes= 2362 eps=0.050 replay= 39936 loss=0.00002 ext100=0.000 total100=0.056
[train] 16:00:30<124:54:38, 0.051s/step step= 1136000 episodes= 2367 eps=0.050 replay= 39936 loss=0.00002 ext100=0.000 total100=0.057
[train] 16:02:13<124:53:10, 0.051s/step step= 1138000 episodes= 2371 eps=0.050 replay= 39936 loss=0.00004 ext100=0.000 total100=0.057
[eval] step=1140000 episodes=2375 mean_ext_return=0.000
[train] 16:04:12<124:53:47, 0.051s/step step= 1140000 episodes= 2375 eps=0.050 replay= 39936 loss=0.00002 ext100=0.000 total100=0.056
[train] 16:05:56<124:52:23, 0.051s/step step= 1142000 episodes= 2379 eps=0.050 replay= 39936 loss=0.00002 ext100=0.000 total100=0.057
[train] 16:07:40<124:50:59, 0.051s/step step= 1144000 episodes= 2383 eps=0.050 replay= 39936 loss=0.00003 ext100=0.000 total100=0.058
[train] 16:09:23<124:49:35, 0.051s/step step= 1146000 episodes= 2387 eps=0.050 replay= 39936 loss=0.00005 ext100=0.000 total100=0.057
[train] 16:11:07<124:48:11, 0.051s/step step= 1148000 episodes= 2392 eps=0.050 replay= 39936 loss=0.00002 ext100=0.000 total100=0.057
[train] 16:12:51<124:46:45, 0.051s/step step= 1150000 episodes= 2396 eps=0.050 replay= 39936 loss=0.00002 ext100=0.000 total100=0.057
[train] 16:14:35<124:45:21, 0.051s/step step= 1152000 episodes= 2400 eps=0.050 replay= 39936 loss=0.00002 ext100=0.000 total100=0.058
[train] 16:16:19<124:44:01, 0.051s/step step= 1154000 episodes= 2404 eps=0.050 replay= 39936 loss=0.00006 ext100=0.000 total100=0.059
[train] 16:18:03<124:42:39, 0.051s/step step= 1156000 episodes= 2408 eps=0.050 replay= 39936 loss=0.00002 ext100=0.000 total100=0.059
[train] 16:19:46<124:41:11, 0.051s/step step= 1158000 episodes= 2412 eps=0.050 replay= 39936 loss=0.00002 ext100=0.000 total100=0.061
[eval] step=1160000 episodes=2417 mean_ext_return=0.000
[train] 16:21:45<124:41:43, 0.051s/step step= 1160000 episodes= 2417 eps=0.050 replay= 39936 loss=0.00003 ext100=0.000 total100=0.064
[train] 16:23:29<124:40:18, 0.051s/step step= 1162000 episodes= 2421 eps=0.050 replay= 39936 loss=0.00004 ext100=0.000 total100=0.065
[train] 16:25:13<124:38:54, 0.051s/step step= 1164000 episodes= 2425 eps=0.050 replay= 39936 loss=0.00002 ext100=0.000 total100=0.065
[train] 16:26:57<124:37:29, 0.051s/step step= 1166000 episodes= 2429 eps=0.050 replay= 39936 loss=0.00001 ext100=0.000 total100=0.064
[train] 16:28:41<124:36:05, 0.051s/step step= 1168000 episodes= 2433 eps=0.050 replay= 39936 loss=0.00001 ext100=0.000 total100=0.063
[train] 16:30:24<124:34:38, 0.051s/step step= 1170000 episodes= 2437 eps=0.050 replay= 39936 loss=0.00003 ext100=0.000 total100=0.062
[train] 16:32:08<124:33:11, 0.051s/step step= 1172000 episodes= 2442 eps=0.050 replay= 39936 loss=0.00002 ext100=0.000 total100=0.062
[train] 16:33:52<124:31:49, 0.051s/step step= 1174000 episodes= 2446 eps=0.050 replay= 39936 loss=0.00001 ext100=0.000 total100=0.060
[train] 16:35:36<124:30:26, 0.051s/step step= 1176000 episodes= 2450 eps=0.050 replay= 39936 loss=0.00001 ext100=0.000 total100=0.060
[train] 16:37:19<124:28:57, 0.051s/step step= 1178000 episodes= 2454 eps=0.050 replay= 39936 loss=0.00004 ext100=0.000 total100=0.059
[eval] step=1180000 episodes=2458 mean_ext_return=0.000
[train] 16:39:19<124:29:29, 0.051s/step step= 1180000 episodes= 2458 eps=0.050 replay= 39936 loss=0.00002 ext100=0.000 total100=0.059
[train] 16:41:02<124:28:03, 0.051s/step step= 1182000 episodes= 2462 eps=0.050 replay= 39936 loss=0.00002 ext100=0.000 total100=0.058
[train] 16:42:46<124:26:36, 0.051s/step step= 1184000 episodes= 2467 eps=0.050 replay= 39936 loss=0.00002 ext100=0.000 total100=0.058
[train] 16:44:30<124:25:11, 0.051s/step step= 1186000 episodes= 2471 eps=0.050 replay= 39936 loss=0.00003 ext100=0.000 total100=0.057
[train] 16:46:14<124:23:47, 0.051s/step step= 1188000 episodes= 2475 eps=0.050 replay= 39936 loss=0.00002 ext100=0.000 total100=0.059
[train] 16:47:58<124:22:20, 0.051s/step step= 1190000 episodes= 2479 eps=0.050 replay= 39936 loss=0.00002 ext100=0.000 total100=0.057
[train] 16:49:41<124:20:54, 0.051s/step step= 1192000 episodes= 2483 eps=0.050 replay= 39936 loss=0.00002 ext100=0.000 total100=0.058
[train] 16:51:25<124:19:30, 0.051s/step step= 1194000 episodes= 2487 eps=0.050 replay= 39936 loss=0.00003 ext100=0.000 total100=0.062
[train] 16:53:09<124:18:07, 0.051s/step step= 1196000 episodes= 2492 eps=0.050 replay= 39936 loss=0.00002 ext100=0.000 total100=0.064
[train] 16:54:53<124:16:36, 0.051s/step step= 1198000 episodes= 2496 eps=0.050 replay= 39936 loss=0.00002 ext100=0.000 total100=0.065
[eval] step=1200000 episodes=2500 mean_ext_return=0.000
[train] 16:56:52<124:17:03, 0.051s/step step= 1200000 episodes= 2500 eps=0.050 replay= 39936 loss=0.00001 ext100=0.000 total100=0.067
[train] 16:58:36<124:15:37, 0.051s/step step= 1202000 episodes= 2504 eps=0.050 replay= 39936 loss=0.00003 ext100=0.000 total100=0.069
[train] 17:00:19<124:14:09, 0.051s/step step= 1204000 episodes= 2508 eps=0.050 replay= 39936 loss=0.00002 ext100=0.000 total100=0.071
[train] 17:02:03<124:12:42, 0.051s/step step= 1206000 episodes= 2512 eps=0.050 replay= 39936 loss=0.00003 ext100=0.000 total100=0.072
[train] 17:03:47<124:11:18, 0.051s/step step= 1208000 episodes= 2517 eps=0.050 replay= 39936 loss=0.00002 ext100=0.000 total100=0.072
[train] 17:05:31<124:09:51, 0.051s/step step= 1210000 episodes= 2521 eps=0.050 replay= 39936 loss=0.00005 ext100=0.000 total100=0.074
[train] 17:07:14<124:08:23, 0.051s/step step= 1212000 episodes= 2525 eps=0.050 replay= 39936 loss=0.00002 ext100=0.000 total100=0.075
[train] 17:08:59<124:07:00, 0.051s/step step= 1214000 episodes= 2529 eps=0.050 replay= 39936 loss=0.00002 ext100=0.000 total100=0.076
[train] 17:10:43<124:05:35, 0.051s/step step= 1216000 episodes= 2533 eps=0.050 replay= 39936 loss=0.00002 ext100=0.000 total100=0.077
[train] 17:12:26<124:04:04, 0.051s/step step= 1218000 episodes= 2537 eps=0.050 replay= 39936 loss=0.00003 ext100=0.000 total100=0.078
[eval] step=1220000 episodes=2542 mean_ext_return=0.000
[train] 17:14:25<124:04:29, 0.051s/step step= 1220000 episodes= 2542 eps=0.050 replay= 39936 loss=0.00002 ext100=0.000 total100=0.079
[train] 17:16:09<124:03:03, 0.051s/step step= 1222000 episodes= 2546 eps=0.050 replay= 39936 loss=0.00003 ext100=0.000 total100=0.081
[train] 17:17:53<124:01:35, 0.051s/step step= 1224000 episodes= 2550 eps=0.050 replay= 39936 loss=0.00001 ext100=0.000 total100=0.083
[train] 17:19:36<124:00:07, 0.051s/step step= 1226000 episodes= 2554 eps=0.050 replay= 39936 loss=0.00005 ext100=0.000 total100=0.084
[train] 17:21:21<123:58:42, 0.051s/step step= 1228000 episodes= 2558 eps=0.050 replay= 39936 loss=0.00002 ext100=0.000 total100=0.083
[train] 17:23:04<123:57:14, 0.051s/step step= 1230000 episodes= 2562 eps=0.050 replay= 39936 loss=0.00003 ext100=0.000 total100=0.085
[train] 17:24:48<123:55:47, 0.051s/step step= 1232000 episodes= 2567 eps=0.050 replay= 39936 loss=0.00002 ext100=0.000 total100=0.085
[train] 17:26:32<123:54:21, 0.051s/step step= 1234000 episodes= 2571 eps=0.050 replay= 39936 loss=0.00005 ext100=0.000 total100=0.085
[train] 17:28:16<123:52:55, 0.051s/step step= 1236000 episodes= 2575 eps=0.050 replay= 39936 loss=0.00002 ext100=0.000 total100=0.087
[train] 17:29:59<123:51:23, 0.051s/step step= 1238000 episodes= 2579 eps=0.050 replay= 39936 loss=0.00004 ext100=0.000 total100=0.089
[eval] step=1240000 episodes=2583 mean_ext_return=0.000
[train] 17:31:58<123:51:43, 0.051s/step step= 1240000 episodes= 2583 eps=0.050 replay= 39936 loss=0.00002 ext100=0.000 total100=0.089
[train] 17:33:42<123:50:15, 0.051s/step step= 1242000 episodes= 2587 eps=0.050 replay= 39936 loss=0.00004 ext100=0.000 total100=0.085
[train] 17:35:26<123:48:45, 0.051s/step step= 1244000 episodes= 2592 eps=0.050 replay= 39936 loss=0.00002 ext100=0.000 total100=0.082
[train] 17:37:09<123:47:18, 0.051s/step step= 1246000 episodes= 2596 eps=0.050 replay= 39936 loss=0.00003 ext100=0.000 total100=0.082
[train] 17:38:53<123:45:52, 0.051s/step step= 1248000 episodes= 2600 eps=0.050 replay= 39936 loss=0.00003 ext100=0.000 total100=0.080
[train] 17:40:37<123:44:25, 0.051s/step step= 1250000 episodes= 2604 eps=0.050 replay= 39936 loss=0.00008 ext100=0.000 total100=0.078
[train] 17:42:21<123:42:57, 0.051s/step step= 1252000 episodes= 2608 eps=0.050 replay= 39936 loss=0.00002 ext100=0.000 total100=0.078
[train] 17:44:05<123:41:30, 0.051s/step step= 1254000 episodes= 2612 eps=0.050 replay= 39936 loss=0.00002 ext100=0.000 total100=0.076
[train] 17:45:49<123:40:02, 0.051s/step step= 1256000 episodes= 2617 eps=0.050 replay= 39936 loss=0.00002 ext100=0.000 total100=0.077
[train] 17:47:32<123:38:30, 0.051s/step step= 1258000 episodes= 2621 eps=0.050 replay= 39936 loss=0.00003 ext100=0.000 total100=0.076
[eval] step=1260000 episodes=2625 mean_ext_return=0.000
[train] 17:49:31<123:38:48, 0.051s/step step= 1260000 episodes= 2625 eps=0.050 replay= 39936 loss=0.00003 ext100=0.000 total100=0.075
[train] 17:51:15<123:37:20, 0.051s/step step= 1262000 episodes= 2629 eps=0.050 replay= 39936 loss=0.00002 ext100=0.000 total100=0.075
[train] 17:52:59<123:35:51, 0.051s/step step= 1264000 episodes= 2633 eps=0.050 replay= 39936 loss=0.00003 ext100=0.000 total100=0.076
[train] 17:54:43<123:34:22, 0.051s/step step= 1266000 episodes= 2637 eps=0.050 replay= 39936 loss=0.00007 ext100=0.000 total100=0.077
[train] 17:56:27<123:32:55, 0.051s/step step= 1268000 episodes= 2642 eps=0.050 replay= 39936 loss=0.00003 ext100=0.000 total100=0.075
[train] 17:58:11<123:31:27, 0.051s/step step= 1270000 episodes= 2646 eps=0.050 replay= 39936 loss=0.00001 ext100=0.000 total100=0.074
[train] 17:59:54<123:29:57, 0.051s/step step= 1272000 episodes= 2650 eps=0.050 replay= 39936 loss=0.00003 ext100=0.000 total100=0.073
[train] 18:01:38<123:28:31, 0.051s/step step= 1274000 episodes= 2654 eps=0.050 replay= 39936 loss=0.00007 ext100=0.000 total100=0.073
[train] 18:03:22<123:27:03, 0.051s/step step= 1276000 episodes= 2658 eps=0.050 replay= 39936 loss=0.00002 ext100=0.000 total100=0.071
[train] 18:05:06<123:25:31, 0.051s/step step= 1278000 episodes= 2662 eps=0.050 replay= 39936 loss=0.00002 ext100=0.000 total100=0.073
[eval] step=1280000 episodes=2667 mean_ext_return=0.000
[train] 18:07:05<123:25:46, 0.051s/step step= 1280000 episodes= 2667 eps=0.050 replay= 39936 loss=0.00003 ext100=0.000 total100=0.073
[train] 18:08:49<123:24:18, 0.051s/step step= 1282000 episodes= 2671 eps=0.050 replay= 39936 loss=0.00006 ext100=0.000 total100=0.073
[train] 18:10:32<123:22:48, 0.051s/step step= 1284000 episodes= 2675 eps=0.050 replay= 39936 loss=0.00004 ext100=0.000 total100=0.070
[train] 18:12:16<123:21:18, 0.051s/step step= 1286000 episodes= 2679 eps=0.050 replay= 39936 loss=0.00003 ext100=0.000 total100=0.067
[train] 18:14:00<123:19:49, 0.051s/step step= 1288000 episodes= 2683 eps=0.050 replay= 39936 loss=0.00003 ext100=0.000 total100=0.068
[train] 18:15:44<123:18:20, 0.051s/step step= 1290000 episodes= 2687 eps=0.050 replay= 39936 loss=0.00007 ext100=0.000 total100=0.066
[train] 18:17:27<123:16:50, 0.051s/step step= 1292000 episodes= 2692 eps=0.050 replay= 39936 loss=0.00001 ext100=0.000 total100=0.066
[train] 18:19:12<123:15:23, 0.051s/step step= 1294000 episodes= 2696 eps=0.050 replay= 39936 loss=0.00002 ext100=0.000 total100=0.067
[train] 18:20:56<123:13:55, 0.051s/step step= 1296000 episodes= 2700 eps=0.050 replay= 39936 loss=0.00002 ext100=0.000 total100=0.066
[train] 18:22:39<123:12:21, 0.051s/step step= 1298000 episodes= 2704 eps=0.050 replay= 39936 loss=0.00006 ext100=0.000 total100=0.067
[eval] step=1300000 episodes=2708 mean_ext_return=0.000
[train] 18:24:37<123:12:32, 0.051s/step step= 1300000 episodes= 2708 eps=0.050 replay= 39936 loss=0.00002 ext100=0.000 total100=0.065
[train] 18:26:22<123:11:05, 0.051s/step step= 1302000 episodes= 2712 eps=0.050 replay= 39936 loss=0.00001 ext100=0.000 total100=0.065
[train] 18:28:05<123:09:34, 0.051s/step step= 1304000 episodes= 2717 eps=0.050 replay= 39936 loss=0.00002 ext100=0.000 total100=0.063
[train] 18:29:49<123:08:03, 0.051s/step step= 1306000 episodes= 2721 eps=0.050 replay= 39936 loss=0.00005 ext100=0.000 total100=0.064
[train] 18:31:33<123:06:34, 0.051s/step step= 1308000 episodes= 2725 eps=0.050 replay= 39936 loss=0.00002 ext100=0.000 total100=0.064
[train] 18:33:17<123:05:04, 0.051s/step step= 1310000 episodes= 2729 eps=0.050 replay= 39936 loss=0.00002 ext100=0.000 total100=0.062
[train] 18:35:00<123:03:33, 0.051s/step step= 1312000 episodes= 2733 eps=0.050 replay= 39936 loss=0.00002 ext100=0.000 total100=0.062
[train] 18:36:45<123:02:08, 0.051s/step step= 1314000 episodes= 2737 eps=0.050 replay= 39936 loss=0.00003 ext100=0.000 total100=0.062
[train] 18:38:29<123:00:40, 0.051s/step step= 1316000 episodes= 2742 eps=0.050 replay= 39936 loss=0.00002 ext100=0.000 total100=0.062
[train] 18:40:12<122:59:06, 0.051s/step step= 1318000 episodes= 2746 eps=0.050 replay= 39936 loss=0.00002 ext100=0.000 total100=0.062
[eval] step=1320000 episodes=2750 mean_ext_return=0.000
[train] 18:42:11<122:59:16, 0.051s/step step= 1320000 episodes= 2750 eps=0.050 replay= 39936 loss=0.00003 ext100=0.000 total100=0.061
[train] 18:43:55<122:57:47, 0.051s/step step= 1322000 episodes= 2754 eps=0.050 replay= 39936 loss=0.00004 ext100=0.000 total100=0.061
[train] 18:45:39<122:56:17, 0.051s/step step= 1324000 episodes= 2758 eps=0.050 replay= 39936 loss=0.00002 ext100=0.000 total100=0.062
[train] 18:47:22<122:54:44, 0.051s/step step= 1326000 episodes= 2762 eps=0.050 replay= 39936 loss=0.00001 ext100=0.000 total100=0.062
[train] 18:49:06<122:53:15, 0.051s/step step= 1328000 episodes= 2767 eps=0.050 replay= 39936 loss=0.00001 ext100=0.000 total100=0.060
[train] 18:50:50<122:51:46, 0.051s/step step= 1330000 episodes= 2771 eps=0.050 replay= 39936 loss=0.00004 ext100=0.000 total100=0.061
[train] 18:52:34<122:50:14, 0.051s/step step= 1332000 episodes= 2775 eps=0.050 replay= 39936 loss=0.00002 ext100=0.000 total100=0.065
[train] 18:54:18<122:48:46, 0.051s/step step= 1334000 episodes= 2779 eps=0.050 replay= 39936 loss=0.00002 ext100=0.000 total100=0.065
[train] 18:56:02<122:47:16, 0.051s/step step= 1336000 episodes= 2783 eps=0.050 replay= 39936 loss=0.00002 ext100=0.000 total100=0.063
[train] 18:57:45<122:45:42, 0.051s/step step= 1338000 episodes= 2787 eps=0.050 replay= 39936 loss=0.00006 ext100=0.000 total100=0.066
[eval] step=1340000 episodes=2792 mean_ext_return=0.000
[train] 18:59:44<122:45:48, 0.051s/step step= 1340000 episodes= 2792 eps=0.050 replay= 39936 loss=0.00002 ext100=0.000 total100=0.067
[train] 19:01:28<122:44:18, 0.051s/step step= 1342000 episodes= 2796 eps=0.050 replay= 39936 loss=0.00001 ext100=0.000 total100=0.066
[train] 19:03:12<122:42:47, 0.051s/step step= 1344000 episodes= 2800 eps=0.050 replay= 39936 loss=0.00001 ext100=0.000 total100=0.065
[train] 19:04:55<122:41:14, 0.051s/step step= 1346000 episodes= 2804 eps=0.050 replay= 39936 loss=0.00005 ext100=0.000 total100=0.064
[train] 19:06:39<122:39:43, 0.051s/step step= 1348000 episodes= 2808 eps=0.050 replay= 39936 loss=0.00002 ext100=0.000 total100=0.064
[train] 19:08:23<122:38:12, 0.051s/step step= 1350000 episodes= 2812 eps=0.050 replay= 39936 loss=0.00001 ext100=0.000 total100=0.063
[train] 19:10:07<122:36:40, 0.051s/step step= 1352000 episodes= 2817 eps=0.050 replay= 39936 loss=0.00001 ext100=0.000 total100=0.066
[train] 19:11:51<122:35:10, 0.051s/step step= 1354000 episodes= 2821 eps=0.050 replay= 39936 loss=0.00003 ext100=0.000 total100=0.065
[train] 19:13:35<122:33:40, 0.051s/step step= 1356000 episodes= 2825 eps=0.050 replay= 39936 loss=0.00002 ext100=0.000 total100=0.064
[train] 19:15:18<122:32:05, 0.051s/step step= 1358000 episodes= 2829 eps=0.050 replay= 39936 loss=0.00002 ext100=0.000 total100=0.063
[eval] step=1360000 episodes=2833 mean_ext_return=0.000
[train] 19:17:16<122:32:09, 0.051s/step step= 1360000 episodes= 2833 eps=0.050 replay= 39936 loss=0.00002 ext100=0.000 total100=0.063
[train] 19:19:01<122:30:40, 0.051s/step step= 1362000 episodes= 2837 eps=0.050 replay= 39936 loss=0.00003 ext100=0.000 total100=0.063
[train] 19:20:44<122:29:08, 0.051s/step step= 1364000 episodes= 2842 eps=0.050 replay= 39936 loss=0.00001 ext100=0.000 total100=0.061
[train] 19:22:28<122:27:35, 0.051s/step step= 1366000 episodes= 2846 eps=0.050 replay= 39936 loss=0.00001 ext100=0.000 total100=0.061
[train] 19:24:12<122:26:04, 0.051s/step step= 1368000 episodes= 2850 eps=0.050 replay= 39936 loss=0.00002 ext100=0.000 total100=0.064
[train] 19:25:56<122:24:34, 0.051s/step step= 1370000 episodes= 2854 eps=0.050 replay= 39936 loss=0.00003 ext100=0.000 total100=0.064
[train] 19:27:40<122:23:01, 0.051s/step step= 1372000 episodes= 2858 eps=0.050 replay= 39936 loss=0.00001 ext100=0.000 total100=0.066
[train] 19:29:24<122:21:32, 0.051s/step step= 1374000 episodes= 2862 eps=0.050 replay= 39936 loss=0.00001 ext100=0.000 total100=0.065
[train] 19:31:08<122:20:01, 0.051s/step step= 1376000 episodes= 2867 eps=0.050 replay= 39936 loss=0.00002 ext100=0.000 total100=0.065
[train] 19:32:51<122:18:27, 0.051s/step step= 1378000 episodes= 2871 eps=0.050 replay= 39936 loss=0.00006 ext100=0.000 total100=0.067
[eval] step=1380000 episodes=2875 mean_ext_return=0.000
[train] 19:34:50<122:18:29, 0.051s/step step= 1380000 episodes= 2875 eps=0.050 replay= 39936 loss=0.00002 ext100=0.000 total100=0.063
[train] 19:36:34<122:16:59, 0.051s/step step= 1382000 episodes= 2879 eps=0.050 replay= 39936 loss=0.00001 ext100=0.000 total100=0.064
[train] 19:38:18<122:15:26, 0.051s/step step= 1384000 episodes= 2883 eps=0.050 replay= 39936 loss=0.00003 ext100=0.000 total100=0.065
[train] 19:40:01<122:13:53, 0.051s/step step= 1386000 episodes= 2887 eps=0.050 replay= 39936 loss=0.00002 ext100=0.000 total100=0.063
[train] 19:41:45<122:12:23, 0.051s/step step= 1388000 episodes= 2892 eps=0.050 replay= 39936 loss=0.00001 ext100=0.000 total100=0.063
[train] 19:43:29<122:10:52, 0.051s/step step= 1390000 episodes= 2896 eps=0.050 replay= 39936 loss=0.00002 ext100=0.000 total100=0.063
[train] 19:45:13<122:09:19, 0.051s/step step= 1392000 episodes= 2900 eps=0.050 replay= 39936 loss=0.00002 ext100=0.000 total100=0.063
[train] 19:46:57<122:07:48, 0.051s/step step= 1394000 episodes= 2904 eps=0.050 replay= 39936 loss=0.00004 ext100=0.000 total100=0.064
[train] 19:48:41<122:06:16, 0.051s/step step= 1396000 episodes= 2908 eps=0.050 replay= 39936 loss=0.00001 ext100=0.000 total100=0.064
[train] 19:50:24<122:04:41, 0.051s/step step= 1398000 episodes= 2912 eps=0.050 replay= 39936 loss=0.00002 ext100=0.000 total100=0.065
[eval] step=1400000 episodes=2917 mean_ext_return=0.000
[train] 19:52:23<122:04:42, 0.051s/step step= 1400000 episodes= 2917 eps=0.050 replay= 39936 loss=0.00003 ext100=0.000 total100=0.064
[train] 19:54:07<122:03:11, 0.051s/step step= 1402000 episodes= 2921 eps=0.050 replay= 39936 loss=0.00003 ext100=0.000 total100=0.064
[train] 19:55:51<122:01:38, 0.051s/step step= 1404000 episodes= 2925 eps=0.050 replay= 39936 loss=0.00002 ext100=0.000 total100=0.066
[train] 19:57:35<122:00:05, 0.051s/step step= 1406000 episodes= 2929 eps=0.050 replay= 39936 loss=0.00002 ext100=0.000 total100=0.070
[train] 19:59:18<121:58:32, 0.051s/step step= 1408000 episodes= 2933 eps=0.050 replay= 39936 loss=0.00002 ext100=0.000 total100=0.070
[train] 20:01:02<121:57:01, 0.051s/step step= 1410000 episodes= 2937 eps=0.050 replay= 39936 loss=0.00004 ext100=0.000 total100=0.070
[train] 20:02:46<121:55:28, 0.051s/step step= 1412000 episodes= 2942 eps=0.050 replay= 39936 loss=0.00003 ext100=0.000 total100=0.070
[train] 20:04:30<121:53:58, 0.051s/step step= 1414000 episodes= 2946 eps=0.050 replay= 39936 loss=0.00002 ext100=0.000 total100=0.070
[train] 20:06:14<121:52:26, 0.051s/step step= 1416000 episodes= 2950 eps=0.050 replay= 39936 loss=0.00002 ext100=0.000 total100=0.067
[train] 20:07:58<121:50:52, 0.051s/step step= 1418000 episodes= 2954 eps=0.050 replay= 39936 loss=0.00007 ext100=0.000 total100=0.065
[eval] step=1420000 episodes=2958 mean_ext_return=0.000
[train] 20:09:57<121:50:49, 0.051s/step step= 1420000 episodes= 2958 eps=0.050 replay= 39936 loss=0.00002 ext100=0.000 total100=0.064
[train] 20:11:41<121:49:18, 0.051s/step step= 1422000 episodes= 2962 eps=0.050 replay= 39936 loss=0.00002 ext100=0.000 total100=0.066
[train] 20:13:24<121:47:44, 0.051s/step step= 1424000 episodes= 2967 eps=0.050 replay= 39936 loss=0.00002 ext100=0.000 total100=0.068
[train] 20:15:08<121:46:10, 0.051s/step step= 1426000 episodes= 2971 eps=0.050 replay= 39936 loss=0.00004 ext100=0.000 total100=0.067
[train] 20:16:52<121:44:37, 0.051s/step step= 1428000 episodes= 2975 eps=0.050 replay= 39936 loss=0.00002 ext100=0.000 total100=0.067
[train] 20:18:36<121:43:05, 0.051s/step step= 1430000 episodes= 2979 eps=0.050 replay= 39936 loss=0.00002 ext100=0.000 total100=0.066
[train] 20:20:19<121:41:31, 0.051s/step step= 1432000 episodes= 2983 eps=0.050 replay= 39936 loss=0.00001 ext100=0.000 total100=0.066
[train] 20:22:03<121:39:59, 0.051s/step step= 1434000 episodes= 2987 eps=0.050 replay= 39936 loss=0.00003 ext100=0.000 total100=0.065
[train] 20:23:47<121:38:28, 0.051s/step step= 1436000 episodes= 2992 eps=0.050 replay= 39936 loss=0.00001 ext100=0.000 total100=0.064
[train] 20:25:31<121:36:52, 0.051s/step step= 1438000 episodes= 2996 eps=0.050 replay= 39936 loss=0.00001 ext100=0.000 total100=0.064
[eval] step=1440000 episodes=3000 mean_ext_return=0.000
[train] 20:27:30<121:36:48, 0.051s/step step= 1440000 episodes= 3000 eps=0.050 replay= 39936 loss=0.00002 ext100=0.000 total100=0.065
[train] 20:29:14<121:35:16, 0.051s/step step= 1442000 episodes= 3004 eps=0.050 replay= 39936 loss=0.00005 ext100=0.000 total100=0.063
[train] 20:30:57<121:33:42, 0.051s/step step= 1444000 episodes= 3008 eps=0.050 replay= 39936 loss=0.00002 ext100=0.000 total100=0.063
[train] 20:32:41<121:32:09, 0.051s/step step= 1446000 episodes= 3012 eps=0.050 replay= 39936 loss=0.00001 ext100=0.000 total100=0.063
[train] 20:34:25<121:30:35, 0.051s/step step= 1448000 episodes= 3017 eps=0.050 replay= 39936 loss=0.00003 ext100=0.000 total100=0.063
[train] 20:36:09<121:29:04, 0.051s/step step= 1450000 episodes= 3021 eps=0.050 replay= 39936 loss=0.00005 ext100=0.000 total100=0.063
[train] 20:37:53<121:27:29, 0.051s/step step= 1452000 episodes= 3025 eps=0.050 replay= 39936 loss=0.00001 ext100=0.000 total100=0.061
[train] 20:39:37<121:25:58, 0.051s/step step= 1454000 episodes= 3029 eps=0.050 replay= 39936 loss=0.00002 ext100=0.000 total100=0.058
[train] 20:41:20<121:24:23, 0.051s/step step= 1456000 episodes= 3033 eps=0.050 replay= 39936 loss=0.00002 ext100=0.000 total100=0.057
[train] 20:43:04<121:22:48, 0.051s/step step= 1458000 episodes= 3037 eps=0.050 replay= 39936 loss=0.00003 ext100=0.000 total100=0.057
[eval] step=1460000 episodes=3042 mean_ext_return=0.000
[train] 20:45:03<121:22:41, 0.051s/step step= 1460000 episodes= 3042 eps=0.050 replay= 39936 loss=0.00002 ext100=0.000 total100=0.059
[train] 20:46:47<121:21:10, 0.051s/step step= 1462000 episodes= 3046 eps=0.050 replay= 39936 loss=0.00002 ext100=0.000 total100=0.058
[train] 20:48:30<121:19:35, 0.051s/step step= 1464000 episodes= 3050 eps=0.050 replay= 39936 loss=0.00002 ext100=0.000 total100=0.058
[train] 20:50:14<121:18:01, 0.051s/step step= 1466000 episodes= 3054 eps=0.050 replay= 39936 loss=0.00003 ext100=0.000 total100=0.057
[train] 20:51:58<121:16:26, 0.051s/step step= 1468000 episodes= 3058 eps=0.050 replay= 39936 loss=0.00002 ext100=0.000 total100=0.055
[train] 20:53:42<121:14:55, 0.051s/step step= 1470000 episodes= 3062 eps=0.050 replay= 39936 loss=0.00002 ext100=0.000 total100=0.053
[train] 20:55:26<121:13:21, 0.051s/step step= 1472000 episodes= 3067 eps=0.050 replay= 39936 loss=0.00002 ext100=0.000 total100=0.050
[train] 20:57:10<121:11:49, 0.051s/step step= 1474000 episodes= 3071 eps=0.050 replay= 39936 loss=0.00003 ext100=0.000 total100=0.050
[train] 20:58:54<121:10:14, 0.051s/step step= 1476000 episodes= 3075 eps=0.050 replay= 39936 loss=0.00003 ext100=0.000 total100=0.053
[train] 21:00:37<121:08:38, 0.051s/step step= 1478000 episodes= 3079 eps=0.050 replay= 39936 loss=0.00002 ext100=0.000 total100=0.054
[eval] step=1480000 episodes=3083 mean_ext_return=0.000
[train] 21:02:36<121:08:30, 0.051s/step step= 1480000 episodes= 3083 eps=0.050 replay= 39936 loss=0.00003 ext100=0.000 total100=0.055
[train] 21:04:20<121:06:58, 0.051s/step step= 1482000 episodes= 3087 eps=0.050 replay= 39936 loss=0.00005 ext100=0.000 total100=0.057
[train] 21:06:04<121:05:24, 0.051s/step step= 1484000 episodes= 3092 eps=0.050 replay= 39936 loss=0.00002 ext100=0.000 total100=0.058
[train] 21:07:47<121:03:48, 0.051s/step step= 1486000 episodes= 3096 eps=0.050 replay= 39936 loss=0.00002 ext100=0.000 total100=0.057
[train] 21:09:31<121:02:13, 0.051s/step step= 1488000 episodes= 3100 eps=0.050 replay= 39936 loss=0.00003 ext100=0.000 total100=0.057
[train] 21:11:15<121:00:41, 0.051s/step step= 1490000 episodes= 3104 eps=0.050 replay= 39936 loss=0.00005 ext100=0.000 total100=0.059
[train] 21:12:59<120:59:05, 0.051s/step step= 1492000 episodes= 3108 eps=0.050 replay= 39936 loss=0.00003 ext100=0.000 total100=0.060
[train] 21:14:43<120:57:33, 0.051s/step step= 1494000 episodes= 3112 eps=0.050 replay= 39936 loss=0.00002 ext100=0.000 total100=0.060
[train] 21:16:27<120:55:58, 0.051s/step step= 1496000 episodes= 3117 eps=0.050 replay= 39936 loss=0.00002 ext100=0.000 total100=0.058
[train] 21:18:10<120:54:21, 0.051s/step step= 1498000 episodes= 3121 eps=0.050 replay= 39936 loss=0.00004 ext100=0.000 total100=0.056
[eval] step=1500000 episodes=3125 mean_ext_return=0.000
[train] 21:20:09<120:54:12, 0.051s/step step= 1500000 episodes= 3125 eps=0.050 replay= 39936 loss=0.00003 ext100=0.000 total100=0.055
[train] 21:21:53<120:52:39, 0.051s/step step= 1502000 episodes= 3129 eps=0.050 replay= 39936 loss=0.00002 ext100=0.000 total100=0.055
[train] 21:23:37<120:51:05, 0.051s/step step= 1504000 episodes= 3133 eps=0.050 replay= 39936 loss=0.00002 ext100=0.000 total100=0.055
[train] 21:25:20<120:49:30, 0.051s/step step= 1506000 episodes= 3137 eps=0.050 replay= 39936 loss=0.00003 ext100=0.000 total100=0.056
[train] 21:27:04<120:47:54, 0.051s/step step= 1508000 episodes= 3142 eps=0.050 replay= 39936 loss=0.00002 ext100=0.000 total100=0.057
[train] 21:28:48<120:46:22, 0.051s/step step= 1510000 episodes= 3146 eps=0.050 replay= 39936 loss=0.00002 ext100=0.000 total100=0.060
[train] 21:30:32<120:44:45, 0.051s/step step= 1512000 episodes= 3150 eps=0.050 replay= 39936 loss=0.00002 ext100=0.000 total100=0.060
[train] 21:32:16<120:43:12, 0.051s/step step= 1514000 episodes= 3154 eps=0.050 replay= 39936 loss=0.00002 ext100=0.000 total100=0.061
[train] 21:34:00<120:41:37, 0.051s/step step= 1516000 episodes= 3158 eps=0.050 replay= 39936 loss=0.00001 ext100=0.000 total100=0.059
[train] 21:35:43<120:40:01, 0.051s/step step= 1518000 episodes= 3162 eps=0.050 replay= 39936 loss=0.00001 ext100=0.000 total100=0.063
[eval] step=1520000 episodes=3167 mean_ext_return=0.000
[train] 21:37:42<120:39:50, 0.051s/step step= 1520000 episodes= 3167 eps=0.050 replay= 39936 loss=0.00003 ext100=0.000 total100=0.065
[train] 21:39:26<120:38:17, 0.051s/step step= 1522000 episodes= 3171 eps=0.050 replay= 39936 loss=0.00003 ext100=0.000 total100=0.064
[train] 21:41:10<120:36:42, 0.051s/step step= 1524000 episodes= 3175 eps=0.050 replay= 39936 loss=0.00003 ext100=0.000 total100=0.061
[train] 21:42:54<120:35:07, 0.051s/step step= 1526000 episodes= 3179 eps=0.050 replay= 39936 loss=0.00002 ext100=0.000 total100=0.060
[train] 21:44:37<120:33:31, 0.051s/step step= 1528000 episodes= 3183 eps=0.050 replay= 39936 loss=0.00002 ext100=0.000 total100=0.057
[train] 21:46:21<120:31:58, 0.051s/step step= 1530000 episodes= 3187 eps=0.050 replay= 39936 loss=0.00003 ext100=0.000 total100=0.057
[train] 21:48:05<120:30:22, 0.051s/step step= 1532000 episodes= 3192 eps=0.050 replay= 39936 loss=0.00002 ext100=0.000 total100=0.056
[train] 21:49:49<120:28:48, 0.051s/step step= 1534000 episodes= 3196 eps=0.050 replay= 39936 loss=0.00002 ext100=0.000 total100=0.057
[train] 21:51:33<120:27:13, 0.051s/step step= 1536000 episodes= 3200 eps=0.050 replay= 39936 loss=0.00001 ext100=0.000 total100=0.057
[train] 21:53:16<120:25:37, 0.051s/step step= 1538000 episodes= 3204 eps=0.050 replay= 39936 loss=0.00003 ext100=0.000 total100=0.056
[eval] step=1540000 episodes=3208 mean_ext_return=0.000
[train] 21:55:15<120:25:23, 0.051s/step step= 1540000 episodes= 3208 eps=0.050 replay= 39936 loss=0.00002 ext100=0.000 total100=0.055
[train] 21:56:59<120:23:50, 0.051s/step step= 1542000 episodes= 3212 eps=0.050 replay= 39936 loss=0.00001 ext100=0.000 total100=0.055
[train] 21:58:43<120:22:14, 0.051s/step step= 1544000 episodes= 3217 eps=0.050 replay= 39936 loss=0.00002 ext100=0.000 total100=0.056
[train] 22:00:27<120:20:38, 0.051s/step step= 1546000 episodes= 3221 eps=0.050 replay= 39936 loss=0.00005 ext100=0.000 total100=0.057
[train] 22:02:10<120:19:01, 0.051s/step step= 1548000 episodes= 3225 eps=0.050 replay= 39936 loss=0.00002 ext100=0.000 total100=0.058
[train] 22:03:54<120:17:28, 0.051s/step step= 1550000 episodes= 3229 eps=0.050 replay= 39936 loss=0.00002 ext100=0.000 total100=0.059
[train] 22:05:38<120:15:52, 0.051s/step step= 1552000 episodes= 3233 eps=0.050 replay= 39936 loss=0.00002 ext100=0.000 total100=0.058
[train] 22:07:22<120:14:17, 0.051s/step step= 1554000 episodes= 3237 eps=0.050 replay= 39936 loss=0.00004 ext100=0.000 total100=0.059
[train] 22:09:06<120:12:42, 0.051s/step step= 1556000 episodes= 3242 eps=0.050 replay= 39936 loss=0.00001 ext100=0.000 total100=0.057
[train] 22:10:50<120:11:06, 0.051s/step step= 1558000 episodes= 3246 eps=0.050 replay= 39936 loss=0.00001 ext100=0.000 total100=0.056
[eval] step=1560000 episodes=3250 mean_ext_return=0.000
[train] 22:12:48<120:10:52, 0.051s/step step= 1560000 episodes= 3250 eps=0.050 replay= 39936 loss=0.00001 ext100=0.000 total100=0.056
[train] 22:14:33<120:09:18, 0.051s/step step= 1562000 episodes= 3254 eps=0.050 replay= 39936 loss=0.00005 ext100=0.000 total100=0.055
[train] 22:16:16<120:07:41, 0.051s/step step= 1564000 episodes= 3258 eps=0.050 replay= 39936 loss=0.00002 ext100=0.000 total100=0.055
[train] 22:18:00<120:06:05, 0.051s/step step= 1566000 episodes= 3262 eps=0.050 replay= 39936 loss=0.00001 ext100=0.000 total100=0.051
[train] 22:19:43<120:04:28, 0.051s/step step= 1568000 episodes= 3267 eps=0.050 replay= 39936 loss=0.00002 ext100=0.000 total100=0.048
[train] 22:21:27<120:02:54, 0.051s/step step= 1570000 episodes= 3271 eps=0.050 replay= 39936 loss=0.00002 ext100=0.000 total100=0.048
[train] 22:23:11<120:01:17, 0.051s/step step= 1572000 episodes= 3275 eps=0.050 replay= 39936 loss=0.00002 ext100=0.000 total100=0.048
[train] 22:24:55<119:59:44, 0.051s/step step= 1574000 episodes= 3279 eps=0.050 replay= 39936 loss=0.00002 ext100=0.000 total100=0.048
[train] 22:26:39<119:58:09, 0.051s/step step= 1576000 episodes= 3283 eps=0.050 replay= 39936 loss=0.00001 ext100=0.000 total100=0.050
[train] 22:28:23<119:56:32, 0.051s/step step= 1578000 episodes= 3287 eps=0.050 replay= 39936 loss=0.00005 ext100=0.000 total100=0.050
[eval] step=1580000 episodes=3292 mean_ext_return=0.000
[train] 22:30:22<119:56:16, 0.051s/step step= 1580000 episodes= 3292 eps=0.050 replay= 39936 loss=0.00001 ext100=0.000 total100=0.050
[train] 22:32:06<119:54:43, 0.051s/step step= 1582000 episodes= 3296 eps=0.050 replay= 39936 loss=0.00001 ext100=0.000 total100=0.050
[train] 22:33:50<119:53:06, 0.051s/step step= 1584000 episodes= 3300 eps=0.050 replay= 39936 loss=0.00001 ext100=0.000 total100=0.052
[train] 22:35:33<119:51:29, 0.051s/step step= 1586000 episodes= 3304 eps=0.050 replay= 39936 loss=0.00004 ext100=0.000 total100=0.052
[train] 22:37:17<119:49:52, 0.051s/step step= 1588000 episodes= 3308 eps=0.050 replay= 39936 loss=0.00001 ext100=0.000 total100=0.050
[train] 22:39:01<119:48:19, 0.051s/step step= 1590000 episodes= 3312 eps=0.050 replay= 39936 loss=0.00001 ext100=0.000 total100=0.050
[train] 22:40:45<119:46:42, 0.051s/step step= 1592000 episodes= 3317 eps=0.050 replay= 39936 loss=0.00002 ext100=0.000 total100=0.051
[train] 22:42:29<119:45:08, 0.051s/step step= 1594000 episodes= 3321 eps=0.050 replay= 39936 loss=0.00005 ext100=0.000 total100=0.052
[train] 22:44:13<119:43:32, 0.051s/step step= 1596000 episodes= 3325 eps=0.050 replay= 39936 loss=0.00001 ext100=0.000 total100=0.052
[train] 22:45:57<119:41:55, 0.051s/step step= 1598000 episodes= 3329 eps=0.050 replay= 39936 loss=0.00001 ext100=0.000 total100=0.051
[eval] step=1600000 episodes=3333 mean_ext_return=0.000
[train] 22:47:55<119:41:38, 0.051s/step step= 1600000 episodes= 3333 eps=0.050 replay= 39936 loss=0.00001 ext100=0.000 total100=0.053
[train] 22:49:40<119:40:04, 0.051s/step step= 1602000 episodes= 3337 eps=0.050 replay= 39936 loss=0.00003 ext100=0.000 total100=0.051
[train] 22:51:23<119:38:26, 0.051s/step step= 1604000 episodes= 3342 eps=0.050 replay= 39936 loss=0.00001 ext100=0.000 total100=0.050
[train] 22:53:07<119:36:49, 0.051s/step step= 1606000 episodes= 3346 eps=0.050 replay= 39936 loss=0.00002 ext100=0.000 total100=0.052
[train] 22:54:51<119:35:14, 0.051s/step step= 1608000 episodes= 3350 eps=0.050 replay= 39936 loss=0.00002 ext100=0.000 total100=0.052
[train] 22:56:35<119:33:39, 0.051s/step step= 1610000 episodes= 3354 eps=0.050 replay= 39936 loss=0.00003 ext100=0.000 total100=0.053
[train] 22:58:19<119:32:02, 0.051s/step step= 1612000 episodes= 3358 eps=0.050 replay= 39936 loss=0.00001 ext100=0.000 total100=0.056
[train] 23:00:03<119:30:28, 0.051s/step step= 1614000 episodes= 3362 eps=0.050 replay= 39936 loss=0.00001 ext100=0.000 total100=0.057
[train] 23:01:47<119:28:51, 0.051s/step step= 1616000 episodes= 3367 eps=0.050 replay= 39936 loss=0.00001 ext100=0.000 total100=0.058
[train] 23:03:30<119:27:14, 0.051s/step step= 1618000 episodes= 3371 eps=0.050 replay= 39936 loss=0.00004 ext100=0.000 total100=0.060
[eval] step=1620000 episodes=3375 mean_ext_return=0.000
[train] 23:05:29<119:26:56, 0.051s/step step= 1620000 episodes= 3375 eps=0.050 replay= 39936 loss=0.00001 ext100=0.000 total100=0.058
[train] 23:07:13<119:25:22, 0.051s/step step= 1622000 episodes= 3379 eps=0.050 replay= 39936 loss=0.00001 ext100=0.000 total100=0.058
[train] 23:08:57<119:23:45, 0.051s/step step= 1624000 episodes= 3383 eps=0.050 replay= 39936 loss=0.00001 ext100=0.000 total100=0.057
[train] 23:10:41<119:22:08, 0.051s/step step= 1626000 episodes= 3387 eps=0.050 replay= 39936 loss=0.00003 ext100=0.000 total100=0.056
[train] 23:12:25<119:20:32, 0.051s/step step= 1628000 episodes= 3392 eps=0.050 replay= 39936 loss=0.00002 ext100=0.000 total100=0.056
[train] 23:14:09<119:18:57, 0.051s/step step= 1630000 episodes= 3396 eps=0.050 replay= 39936 loss=0.00001 ext100=0.000 total100=0.057
[train] 23:15:53<119:17:19, 0.051s/step step= 1632000 episodes= 3400 eps=0.050 replay= 39936 loss=0.00001 ext100=0.000 total100=0.056
[train] 23:17:37<119:15:45, 0.051s/step step= 1634000 episodes= 3404 eps=0.050 replay= 39936 loss=0.00004 ext100=0.000 total100=0.059
[train] 23:19:20<119:14:07, 0.051s/step step= 1636000 episodes= 3408 eps=0.050 replay= 39936 loss=0.00001 ext100=0.000 total100=0.060
[train] 23:21:04<119:12:30, 0.051s/step step= 1638000 episodes= 3412 eps=0.050 replay= 39936 loss=0.00001 ext100=0.000 total100=0.061
[eval] step=1640000 episodes=3417 mean_ext_return=0.000
[train] 23:23:03<119:12:10, 0.051s/step step= 1640000 episodes= 3417 eps=0.050 replay= 39936 loss=0.00002 ext100=0.000 total100=0.060
[train] 23:24:47<119:10:35, 0.051s/step step= 1642000 episodes= 3421 eps=0.050 replay= 39936 loss=0.00002 ext100=0.000 total100=0.059
[train] 23:26:31<119:08:58, 0.051s/step step= 1644000 episodes= 3425 eps=0.050 replay= 39936 loss=0.00001 ext100=0.000 total100=0.060
[train] 23:28:14<119:07:20, 0.051s/step step= 1646000 episodes= 3429 eps=0.050 replay= 39936 loss=0.00001 ext100=0.000 total100=0.059
[train] 23:29:58<119:05:42, 0.051s/step step= 1648000 episodes= 3433 eps=0.050 replay= 39936 loss=0.00001 ext100=0.000 total100=0.056
[train] 23:31:42<119:04:07, 0.051s/step step= 1650000 episodes= 3437 eps=0.050 replay= 39936 loss=0.00003 ext100=0.000 total100=0.056
[train] 23:33:26<119:02:30, 0.051s/step step= 1652000 episodes= 3442 eps=0.050 replay= 39936 loss=0.00002 ext100=0.000 total100=0.058
[train] 23:35:10<119:00:55, 0.051s/step step= 1654000 episodes= 3446 eps=0.050 replay= 39936 loss=0.00001 ext100=0.000 total100=0.056
[train] 23:36:54<118:59:17, 0.051s/step step= 1656000 episodes= 3450 eps=0.050 replay= 39936 loss=0.00002 ext100=0.000 total100=0.057
[train] 23:38:38<118:57:39, 0.051s/step step= 1658000 episodes= 3454 eps=0.050 replay= 39936 loss=0.00002 ext100=0.000 total100=0.058
[eval] step=1660000 episodes=3458 mean_ext_return=0.000
[train] 23:40:36<118:57:18, 0.051s/step step= 1660000 episodes= 3458 eps=0.050 replay= 39936 loss=0.00001 ext100=0.000 total100=0.056
[train] 23:42:21<118:55:44, 0.051s/step step= 1662000 episodes= 3462 eps=0.050 replay= 39936 loss=0.00001 ext100=0.000 total100=0.056
[train] 23:44:05<118:54:06, 0.051s/step step= 1664000 episodes= 3467 eps=0.050 replay= 39936 loss=0.00001 ext100=0.000 total100=0.056
[train] 23:45:48<118:52:29, 0.051s/step step= 1666000 episodes= 3471 eps=0.050 replay= 39936 loss=0.00002 ext100=0.000 total100=0.055
[train] 23:47:32<118:50:51, 0.051s/step step= 1668000 episodes= 3475 eps=0.050 replay= 39936 loss=0.00002 ext100=0.000 total100=0.056
[train] 23:49:16<118:49:15, 0.051s/step step= 1670000 episodes= 3479 eps=0.050 replay= 39936 loss=0.00001 ext100=0.000 total100=0.057
[train] 23:51:00<118:47:36, 0.051s/step step= 1672000 episodes= 3483 eps=0.050 replay= 39936 loss=0.00001 ext100=0.000 total100=0.058
[train] 23:52:44<118:46:01, 0.051s/step step= 1674000 episodes= 3487 eps=0.050 replay= 39936 loss=0.00003 ext100=0.000 total100=0.059
[train] 23:54:27<118:44:23, 0.051s/step step= 1676000 episodes= 3492 eps=0.050 replay= 39936 loss=0.00001 ext100=0.000 total100=0.059
[train] 23:56:11<118:42:45, 0.051s/step step= 1678000 episodes= 3496 eps=0.050 replay= 39936 loss=0.00001 ext100=0.000 total100=0.059
[eval] step=1680000 episodes=3500 mean_ext_return=0.000
[train] 23:58:10<118:42:22, 0.051s/step step= 1680000 episodes= 3500 eps=0.050 replay= 39936 loss=0.00001 ext100=0.000 total100=0.057
[train] 23:59:54<118:40:47, 0.051s/step step= 1682000 episodes= 3504 eps=0.050 replay= 39936 loss=0.00002 ext100=0.000 total100=0.055
[train] 24:01:38<118:39:09, 0.051s/step step= 1684000 episodes= 3508 eps=0.050 replay= 39936 loss=0.00001 ext100=0.000 total100=0.055
[train] 24:03:21<118:37:31, 0.051s/step step= 1686000 episodes= 3512 eps=0.050 replay= 39936 loss=0.00002 ext100=0.000 total100=0.055
[train] 24:05:05<118:35:53, 0.051s/step step= 1688000 episodes= 3517 eps=0.050 replay= 39936 loss=0.00001 ext100=0.000 total100=0.054
[train] 24:06:49<118:34:17, 0.051s/step step= 1690000 episodes= 3521 eps=0.050 replay= 39936 loss=0.00004 ext100=0.000 total100=0.054
[train] 24:08:33<118:32:40, 0.051s/step step= 1692000 episodes= 3525 eps=0.050 replay= 39936 loss=0.00001 ext100=0.000 total100=0.053
[train] 24:10:17<118:31:04, 0.051s/step step= 1694000 episodes= 3529 eps=0.050 replay= 39936 loss=0.00001 ext100=0.000 total100=0.053
[train] 24:12:01<118:29:25, 0.051s/step step= 1696000 episodes= 3533 eps=0.050 replay= 39936 loss=0.00001 ext100=0.000 total100=0.054
[train] 24:13:45<118:27:47, 0.051s/step step= 1698000 episodes= 3537 eps=0.050 replay= 39936 loss=0.00003 ext100=0.000 total100=0.054
[eval] step=1700000 episodes=3542 mean_ext_return=0.000
[train] 24:15:43<118:27:23, 0.051s/step step= 1700000 episodes= 3542 eps=0.050 replay= 39936 loss=0.00001 ext100=0.000 total100=0.054
[train] 24:17:28<118:25:48, 0.051s/step step= 1702000 episodes= 3546 eps=0.050 replay= 39936 loss=0.00002 ext100=0.000 total100=0.055
[train] 24:19:12<118:24:11, 0.051s/step step= 1704000 episodes= 3550 eps=0.050 replay= 39936 loss=0.00001 ext100=0.000 total100=0.055
[train] 24:20:55<118:22:32, 0.051s/step step= 1706000 episodes= 3554 eps=0.050 replay= 39936 loss=0.00002 ext100=0.000 total100=0.053
[train] 24:22:39<118:20:54, 0.051s/step step= 1708000 episodes= 3558 eps=0.050 replay= 39936 loss=0.00002 ext100=0.000 total100=0.052
[train] 24:24:23<118:19:19, 0.051s/step step= 1710000 episodes= 3562 eps=0.050 replay= 39936 loss=0.00001 ext100=0.000 total100=0.052
[train] 24:26:07<118:17:41, 0.051s/step step= 1712000 episodes= 3567 eps=0.050 replay= 39936 loss=0.00002 ext100=0.000 total100=0.050
[train] 24:27:51<118:16:06, 0.051s/step step= 1714000 episodes= 3571 eps=0.050 replay= 39936 loss=0.00003 ext100=0.000 total100=0.050
[train] 24:29:35<118:14:29, 0.051s/step step= 1716000 episodes= 3575 eps=0.050 replay= 39936 loss=0.00001 ext100=0.000 total100=0.049
[train] 24:31:19<118:12:50, 0.051s/step step= 1718000 episodes= 3579 eps=0.050 replay= 39936 loss=0.00002 ext100=0.000 total100=0.047
[eval] step=1720000 episodes=3583 mean_ext_return=0.000
[train] 24:33:18<118:12:24, 0.051s/step step= 1720000 episodes= 3583 eps=0.050 replay= 39936 loss=0.00001 ext100=0.000 total100=0.047
[train] 24:35:02<118:10:48, 0.051s/step step= 1722000 episodes= 3587 eps=0.050 replay= 39936 loss=0.00002 ext100=0.000 total100=0.047
[train] 24:36:46<118:09:10, 0.051s/step step= 1724000 episodes= 3592 eps=0.050 replay= 39936 loss=0.00001 ext100=0.000 total100=0.048
[train] 24:38:29<118:07:31, 0.051s/step step= 1726000 episodes= 3596 eps=0.050 replay= 39936 loss=0.00001 ext100=0.000 total100=0.048
[train] 24:40:13<118:05:53, 0.051s/step step= 1728000 episodes= 3600 eps=0.050 replay= 39936 loss=0.00001 ext100=0.000 total100=0.047
[train] 24:41:57<118:04:18, 0.051s/step step= 1730000 episodes= 3604 eps=0.050 replay= 39936 loss=0.00001 ext100=0.000 total100=0.046
[train] 24:43:41<118:02:40, 0.051s/step step= 1732000 episodes= 3608 eps=0.050 replay= 39936 loss=0.00002 ext100=0.000 total100=0.047
[train] 24:45:25<118:01:03, 0.051s/step step= 1734000 episodes= 3612 eps=0.050 replay= 39936 loss=0.00001 ext100=0.000 total100=0.046
[train] 24:47:09<117:59:25, 0.051s/step step= 1736000 episodes= 3617 eps=0.050 replay= 39936 loss=0.00001 ext100=0.000 total100=0.047
[train] 24:48:53<117:57:46, 0.051s/step step= 1738000 episodes= 3621 eps=0.050 replay= 39936 loss=0.00003 ext100=0.000 total100=0.049
[eval] step=1740000 episodes=3625 mean_ext_return=0.000
[train] 24:50:52<117:57:20, 0.051s/step step= 1740000 episodes= 3625 eps=0.050 replay= 39936 loss=0.00001 ext100=0.000 total100=0.049
[train] 24:52:36<117:55:44, 0.051s/step step= 1742000 episodes= 3629 eps=0.050 replay= 39936 loss=0.00001 ext100=0.000 total100=0.050
[train] 24:54:20<117:54:06, 0.051s/step step= 1744000 episodes= 3633 eps=0.050 replay= 39936 loss=0.00002 ext100=0.000 total100=0.051
[train] 24:56:03<117:52:26, 0.051s/step step= 1746000 episodes= 3637 eps=0.050 replay= 39936 loss=0.00004 ext100=0.000 total100=0.051
[train] 24:57:47<117:50:48, 0.051s/step step= 1748000 episodes= 3642 eps=0.050 replay= 39936 loss=0.00002 ext100=0.000 total100=0.052
[train] 24:59:31<117:49:12, 0.051s/step step= 1750000 episodes= 3646 eps=0.050 replay= 39936 loss=0.00001 ext100=0.000 total100=0.052
[train] 25:01:15<117:47:34, 0.051s/step step= 1752000 episodes= 3650 eps=0.050 replay= 39936 loss=0.00002 ext100=0.000 total100=0.053
[train] 25:02:59<117:45:57, 0.051s/step step= 1754000 episodes= 3654 eps=0.050 replay= 39936 loss=0.00003 ext100=0.000 total100=0.054
[train] 25:04:43<117:44:18, 0.051s/step step= 1756000 episodes= 3658 eps=0.050 replay= 39936 loss=0.00001 ext100=0.000 total100=0.054
[train] 25:06:27<117:42:39, 0.051s/step step= 1758000 episodes= 3662 eps=0.050 replay= 39936 loss=0.00001 ext100=0.000 total100=0.055
[eval] step=1760000 episodes=3667 mean_ext_return=0.000
[train] 25:08:25<117:42:12, 0.051s/step step= 1760000 episodes= 3667 eps=0.050 replay= 39936 loss=0.00001 ext100=0.000 total100=0.056
[train] 25:10:10<117:40:35, 0.051s/step step= 1762000 episodes= 3671 eps=0.050 replay= 39936 loss=0.00001 ext100=0.000 total100=0.057
[train] 25:11:53<117:38:57, 0.051s/step step= 1764000 episodes= 3675 eps=0.050 replay= 39936 loss=0.00001 ext100=0.000 total100=0.058
[train] 25:13:37<117:37:18, 0.051s/step step= 1766000 episodes= 3679 eps=0.050 replay= 39936 loss=0.00001 ext100=0.000 total100=0.057
[train] 25:15:21<117:35:39, 0.051s/step step= 1768000 episodes= 3683 eps=0.050 replay= 39936 loss=0.00001 ext100=0.000 total100=0.057
[train] 25:17:05<117:34:03, 0.051s/step step= 1770000 episodes= 3687 eps=0.050 replay= 39936 loss=0.00003 ext100=0.000 total100=0.059
[train] 25:18:49<117:32:24, 0.051s/step step= 1772000 episodes= 3692 eps=0.050 replay= 39936 loss=0.00001 ext100=0.000 total100=0.058
[train] 25:20:33<117:30:47, 0.051s/step step= 1774000 episodes= 3696 eps=0.050 replay= 39936 loss=0.00001 ext100=0.000 total100=0.057
[train] 25:22:17<117:29:08, 0.051s/step step= 1776000 episodes= 3700 eps=0.050 replay= 39936 loss=0.00002 ext100=0.000 total100=0.057
[train] 25:24:00<117:27:29, 0.051s/step step= 1778000 episodes= 3704 eps=0.050 replay= 39936 loss=0.00002 ext100=0.000 total100=0.057
[eval] step=1780000 episodes=3708 mean_ext_return=0.000
[train] 25:25:59<117:27:00, 0.051s/step step= 1780000 episodes= 3708 eps=0.050 replay= 39936 loss=0.00001 ext100=0.000 total100=0.058
[train] 25:27:43<117:25:23, 0.051s/step step= 1782000 episodes= 3712 eps=0.050 replay= 39936 loss=0.00001 ext100=0.000 total100=0.058
[train] 25:29:27<117:23:44, 0.051s/step step= 1784000 episodes= 3717 eps=0.050 replay= 39936 loss=0.00001 ext100=0.000 total100=0.056
[train] 25:31:11<117:22:05, 0.051s/step step= 1786000 episodes= 3721 eps=0.050 replay= 39936 loss=0.00002 ext100=0.000 total100=0.055
[train] 25:32:54<117:20:25, 0.051s/step step= 1788000 episodes= 3725 eps=0.050 replay= 39936 loss=0.00001 ext100=0.000 total100=0.056
[train] 25:34:39<117:18:49, 0.051s/step step= 1790000 episodes= 3729 eps=0.050 replay= 39936 loss=0.00002 ext100=0.000 total100=0.055
[train] 25:36:22<117:17:10, 0.051s/step step= 1792000 episodes= 3733 eps=0.050 replay= 39936 loss=0.00001 ext100=0.000 total100=0.055
[train] 25:38:06<117:15:33, 0.051s/step step= 1794000 episodes= 3737 eps=0.050 replay= 39936 loss=0.00002 ext100=0.000 total100=0.057
[train] 25:39:50<117:13:54, 0.051s/step step= 1796000 episodes= 3742 eps=0.050 replay= 39936 loss=0.00001 ext100=0.000 total100=0.054
[train] 25:41:34<117:12:16, 0.051s/step step= 1798000 episodes= 3746 eps=0.050 replay= 39936 loss=0.00001 ext100=0.000 total100=0.054
[eval] step=1800000 episodes=3750 mean_ext_return=0.000
[train] 25:43:33<117:11:46, 0.051s/step step= 1800000 episodes= 3750 eps=0.050 replay= 39936 loss=0.00001 ext100=0.000 total100=0.052
[train] 25:45:17<117:10:09, 0.051s/step step= 1802000 episodes= 3754 eps=0.050 replay= 39936 loss=0.00001 ext100=0.000 total100=0.052
[train] 25:47:01<117:08:30, 0.051s/step step= 1804000 episodes= 3758 eps=0.050 replay= 39936 loss=0.00001 ext100=0.000 total100=0.053
[train] 25:48:45<117:06:50, 0.051s/step step= 1806000 episodes= 3762 eps=0.050 replay= 39936 loss=0.00001 ext100=0.000 total100=0.051
[train] 25:50:28<117:05:11, 0.051s/step step= 1808000 episodes= 3767 eps=0.050 replay= 39936 loss=0.00001 ext100=0.000 total100=0.049
[train] 25:52:12<117:03:33, 0.051s/step step= 1810000 episodes= 3771 eps=0.050 replay= 39936 loss=0.00001 ext100=0.000 total100=0.049
[train] 25:53:56<117:01:54, 0.051s/step step= 1812000 episodes= 3775 eps=0.050 replay= 39936 loss=0.00001 ext100=0.000 total100=0.050
[train] 25:55:40<117:00:16, 0.051s/step step= 1814000 episodes= 3779 eps=0.050 replay= 39936 loss=0.00001 ext100=0.000 total100=0.051
[train] 25:57:24<116:58:37, 0.051s/step step= 1816000 episodes= 3783 eps=0.050 replay= 39936 loss=0.00001 ext100=0.000 total100=0.051
[train] 25:59:08<116:56:57, 0.051s/step step= 1818000 episodes= 3787 eps=0.050 replay= 39936 loss=0.00003 ext100=0.000 total100=0.049
[eval] step=1820000 episodes=3792 mean_ext_return=0.000
[train] 26:01:06<116:56:26, 0.051s/step step= 1820000 episodes= 3792 eps=0.050 replay= 39936 loss=0.00001 ext100=0.000 total100=0.051
[train] 26:02:51<116:54:49, 0.051s/step step= 1822000 episodes= 3796 eps=0.050 replay= 39936 loss=0.00001 ext100=0.000 total100=0.051
[train] 26:04:34<116:53:10, 0.051s/step step= 1824000 episodes= 3800 eps=0.050 replay= 39936 loss=0.00002 ext100=0.000 total100=0.053
[train] 26:06:18<116:51:30, 0.051s/step step= 1826000 episodes= 3804 eps=0.050 replay= 39936 loss=0.00003 ext100=0.000 total100=0.053
[train] 26:08:01<116:49:49, 0.051s/step step= 1828000 episodes= 3808 eps=0.050 replay= 39936 loss=0.00001 ext100=0.000 total100=0.051
[train] 26:09:46<116:48:12, 0.051s/step step= 1830000 episodes= 3812 eps=0.050 replay= 39936 loss=0.00001 ext100=0.000 total100=0.051
[train] 26:11:29<116:46:33, 0.051s/step step= 1832000 episodes= 3817 eps=0.050 replay= 39936 loss=0.00001 ext100=0.000 total100=0.053
[train] 26:13:14<116:44:56, 0.051s/step step= 1834000 episodes= 3821 eps=0.050 replay= 39936 loss=0.00001 ext100=0.000 total100=0.053
[train] 26:14:57<116:43:16, 0.051s/step step= 1836000 episodes= 3825 eps=0.050 replay= 39936 loss=0.00001 ext100=0.000 total100=0.050
[train] 26:16:41<116:41:36, 0.051s/step step= 1838000 episodes= 3829 eps=0.050 replay= 39936 loss=0.00001 ext100=0.000 total100=0.051
[eval] step=1840000 episodes=3833 mean_ext_return=0.000
[train] 26:18:40<116:41:04, 0.051s/step step= 1840000 episodes= 3833 eps=0.050 replay= 39936 loss=0.00001 ext100=0.000 total100=0.050
[train] 26:20:24<116:39:26, 0.051s/step step= 1842000 episodes= 3837 eps=0.050 replay= 39936 loss=0.00002 ext100=0.000 total100=0.049
[train] 26:22:08<116:37:46, 0.051s/step step= 1844000 episodes= 3842 eps=0.050 replay= 39936 loss=0.00001 ext100=0.000 total100=0.049
[train] 26:23:51<116:36:07, 0.051s/step step= 1846000 episodes= 3846 eps=0.050 replay= 39936 loss=0.00002 ext100=0.000 total100=0.049
[train] 26:25:35<116:34:28, 0.051s/step step= 1848000 episodes= 3850 eps=0.050 replay= 39936 loss=0.00001 ext100=0.000 total100=0.047
[train] 26:27:19<116:32:50, 0.051s/step step= 1850000 episodes= 3854 eps=0.050 replay= 39936 loss=0.00002 ext100=0.000 total100=0.045
[train] 26:29:03<116:31:10, 0.051s/step step= 1852000 episodes= 3858 eps=0.050 replay= 39936 loss=0.00001 ext100=0.000 total100=0.044
[train] 26:30:47<116:29:32, 0.051s/step step= 1854000 episodes= 3862 eps=0.050 replay= 39936 loss=0.00001 ext100=0.000 total100=0.046
[train] 26:32:31<116:27:53, 0.051s/step step= 1856000 episodes= 3867 eps=0.050 replay= 39936 loss=0.00001 ext100=0.000 total100=0.047
[train] 26:34:15<116:26:13, 0.051s/step step= 1858000 episodes= 3871 eps=0.050 replay= 39936 loss=0.00008 ext100=0.000 total100=0.047
[eval] step=1860000 episodes=3875 mean_ext_return=0.000
[train] 26:36:13<116:25:39, 0.051s/step step= 1860000 episodes= 3875 eps=0.050 replay= 39936 loss=0.00002 ext100=0.000 total100=0.047
[train] 26:37:58<116:24:02, 0.051s/step step= 1862000 episodes= 3879 eps=0.050 replay= 39936 loss=0.00001 ext100=0.000 total100=0.048
[train] 26:39:41<116:22:22, 0.051s/step step= 1864000 episodes= 3883 eps=0.050 replay= 39936 loss=0.00001 ext100=0.000 total100=0.048
[train] 26:41:25<116:20:42, 0.051s/step step= 1866000 episodes= 3887 eps=0.050 replay= 39936 loss=0.00002 ext100=0.000 total100=0.048
[train] 26:43:09<116:19:02, 0.051s/step step= 1868000 episodes= 3892 eps=0.050 replay= 39936 loss=0.00001 ext100=0.000 total100=0.046
[train] 26:44:53<116:17:24, 0.051s/step step= 1870000 episodes= 3896 eps=0.050 replay= 39936 loss=0.00001 ext100=0.000 total100=0.046
[train] 26:46:36<116:15:44, 0.051s/step step= 1872000 episodes= 3900 eps=0.050 replay= 39936 loss=0.00001 ext100=0.000 total100=0.045
[train] 26:48:21<116:14:05, 0.051s/step step= 1874000 episodes= 3904 eps=0.050 replay= 39936 loss=0.00004 ext100=0.000 total100=0.044
[train] 26:50:04<116:12:26, 0.051s/step step= 1876000 episodes= 3908 eps=0.050 replay= 39936 loss=0.00001 ext100=0.000 total100=0.046
[train] 26:51:48<116:10:46, 0.051s/step step= 1878000 episodes= 3912 eps=0.050 replay= 39936 loss=0.00001 ext100=0.000 total100=0.045
[eval] step=1880000 episodes=3917 mean_ext_return=0.000
[train] 26:53:47<116:10:11, 0.052s/step step= 1880000 episodes= 3917 eps=0.050 replay= 39936 loss=0.00002 ext100=0.000 total100=0.044
[train] 26:55:31<116:08:34, 0.052s/step step= 1882000 episodes= 3921 eps=0.050 replay= 39936 loss=0.00004 ext100=0.000 total100=0.044
[train] 26:57:15<116:06:54, 0.052s/step step= 1884000 episodes= 3925 eps=0.050 replay= 39936 loss=0.00001 ext100=0.000 total100=0.045
[train] 26:58:58<116:05:13, 0.052s/step step= 1886000 episodes= 3929 eps=0.050 replay= 39936 loss=0.00002 ext100=0.000 total100=0.046
[train] 27:00:42<116:03:33, 0.052s/step step= 1888000 episodes= 3933 eps=0.050 replay= 39936 loss=0.00001 ext100=0.000 total100=0.045
[train] 27:02:26<116:01:55, 0.052s/step step= 1890000 episodes= 3937 eps=0.050 replay= 39936 loss=0.00004 ext100=0.000 total100=0.045
[train] 27:04:10<116:00:15, 0.052s/step step= 1892000 episodes= 3942 eps=0.050 replay= 39936 loss=0.00001 ext100=0.000 total100=0.045
[train] 27:05:54<115:58:36, 0.052s/step step= 1894000 episodes= 3946 eps=0.050 replay= 39936 loss=0.00001 ext100=0.000 total100=0.044
[train] 27:07:38<115:56:56, 0.052s/step step= 1896000 episodes= 3950 eps=0.050 replay= 39936 loss=0.00002 ext100=0.000 total100=0.046
[train] 27:09:21<115:55:16, 0.052s/step step= 1898000 episodes= 3954 eps=0.050 replay= 39936 loss=0.00004 ext100=0.000 total100=0.047
[eval] step=1900000 episodes=3958 mean_ext_return=0.000
[train] 27:11:20<115:54:41, 0.052s/step step= 1900000 episodes= 3958 eps=0.050 replay= 39936 loss=0.00001 ext100=0.000 total100=0.046
[train] 27:13:04<115:53:02, 0.052s/step step= 1902000 episodes= 3962 eps=0.050 replay= 39936 loss=0.00001 ext100=0.000 total100=0.047
[train] 27:14:48<115:51:22, 0.052s/step step= 1904000 episodes= 3967 eps=0.050 replay= 39936 loss=0.00001 ext100=0.000 total100=0.047
[train] 27:16:32<115:49:42, 0.052s/step step= 1906000 episodes= 3971 eps=0.050 replay= 39936 loss=0.00002 ext100=0.000 total100=0.046
[train] 27:18:15<115:48:01, 0.052s/step step= 1908000 episodes= 3975 eps=0.050 replay= 39936 loss=0.00001 ext100=0.000 total100=0.046
[train] 27:20:00<115:46:23, 0.052s/step step= 1910000 episodes= 3979 eps=0.050 replay= 39936 loss=0.00001 ext100=0.000 total100=0.046
[train] 27:21:43<115:44:43, 0.052s/step step= 1912000 episodes= 3983 eps=0.050 replay= 39936 loss=0.00001 ext100=0.000 total100=0.046
[train] 27:23:28<115:43:05, 0.052s/step step= 1914000 episodes= 3987 eps=0.050 replay= 39936 loss=0.00005 ext100=0.000 total100=0.046
[train] 27:25:11<115:41:25, 0.052s/step step= 1916000 episodes= 3992 eps=0.050 replay= 39936 loss=0.00001 ext100=0.000 total100=0.046
[train] 27:26:55<115:39:45, 0.052s/step step= 1918000 episodes= 3996 eps=0.050 replay= 39936 loss=0.00001 ext100=0.000 total100=0.046
[eval] step=1920000 episodes=4000 mean_ext_return=0.000
[train] 27:28:54<115:39:09, 0.052s/step step= 1920000 episodes= 4000 eps=0.050 replay= 39936 loss=0.00001 ext100=0.000 total100=0.046
[train] 27:30:38<115:37:31, 0.052s/step step= 1922000 episodes= 4004 eps=0.050 replay= 39936 loss=0.00003 ext100=0.000 total100=0.046
[train] 27:32:22<115:35:51, 0.052s/step step= 1924000 episodes= 4008 eps=0.050 replay= 39936 loss=0.00001 ext100=0.000 total100=0.045
[train] 27:34:06<115:34:10, 0.052s/step step= 1926000 episodes= 4012 eps=0.050 replay= 39936 loss=0.00001 ext100=0.000 total100=0.043
[train] 27:35:50<115:32:31, 0.052s/step step= 1928000 episodes= 4017 eps=0.050 replay= 39936 loss=0.00001 ext100=0.000 total100=0.044
[train] 27:37:34<115:30:52, 0.052s/step step= 1930000 episodes= 4021 eps=0.050 replay= 39936 loss=0.00002 ext100=0.000 total100=0.043
[train] 27:39:17<115:29:12, 0.052s/step step= 1932000 episodes= 4025 eps=0.050 replay= 39936 loss=0.00001 ext100=0.000 total100=0.043
[train] 27:41:02<115:27:33, 0.052s/step step= 1934000 episodes= 4029 eps=0.050 replay= 39936 loss=0.00001 ext100=0.000 total100=0.043
[train] 27:42:45<115:25:52, 0.052s/step step= 1936000 episodes= 4033 eps=0.050 replay= 39936 loss=0.00001 ext100=0.000 total100=0.043
[train] 27:44:29<115:24:11, 0.052s/step step= 1938000 episodes= 4037 eps=0.050 replay= 39936 loss=0.00002 ext100=0.000 total100=0.043
[eval] step=1940000 episodes=4042 mean_ext_return=0.000
[train] 27:46:27<115:23:33, 0.052s/step step= 1940000 episodes= 4042 eps=0.050 replay= 39936 loss=0.00001 ext100=0.000 total100=0.044
[train] 27:48:12<115:21:55, 0.052s/step step= 1942000 episodes= 4046 eps=0.050 replay= 39936 loss=0.00001 ext100=0.000 total100=0.045
[train] 27:49:55<115:20:14, 0.052s/step step= 1944000 episodes= 4050 eps=0.050 replay= 39936 loss=0.00001 ext100=0.000 total100=0.045
[train] 27:51:39<115:18:34, 0.052s/step step= 1946000 episodes= 4054 eps=0.050 replay= 39936 loss=0.00002 ext100=0.000 total100=0.045
[train] 27:53:23<115:16:52, 0.052s/step step= 1948000 episodes= 4058 eps=0.050 replay= 39936 loss=0.00001 ext100=0.000 total100=0.046
[train] 27:55:07<115:15:14, 0.052s/step step= 1950000 episodes= 4062 eps=0.050 replay= 39936 loss=0.00001 ext100=0.000 total100=0.046
[train] 27:56:50<115:13:33, 0.052s/step step= 1952000 episodes= 4067 eps=0.050 replay= 39936 loss=0.00001 ext100=0.000 total100=0.046
[train] 27:58:35<115:11:55, 0.052s/step step= 1954000 episodes= 4071 eps=0.050 replay= 39936 loss=0.00003 ext100=0.000 total100=0.047
[train] 28:00:18<115:10:14, 0.052s/step step= 1956000 episodes= 4075 eps=0.050 replay= 39936 loss=0.00001 ext100=0.000 total100=0.045
[train] 28:02:02<115:08:33, 0.052s/step step= 1958000 episodes= 4079 eps=0.050 replay= 39936 loss=0.00001 ext100=0.000 total100=0.044
[eval] step=1960000 episodes=4083 mean_ext_return=0.000
[train] 28:04:01<115:07:54, 0.052s/step step= 1960000 episodes= 4083 eps=0.050 replay= 39936 loss=0.00001 ext100=0.000 total100=0.044
[train] 28:05:45<115:06:16, 0.052s/step step= 1962000 episodes= 4087 eps=0.050 replay= 39936 loss=0.00001 ext100=0.000 total100=0.043
[train] 28:07:28<115:04:35, 0.052s/step step= 1964000 episodes= 4092 eps=0.050 replay= 39936 loss=0.00001 ext100=0.000 total100=0.044
[train] 28:09:12<115:02:54, 0.052s/step step= 1966000 episodes= 4096 eps=0.050 replay= 39936 loss=0.00001 ext100=0.000 total100=0.045
[train] 28:10:56<115:01:13, 0.052s/step step= 1968000 episodes= 4100 eps=0.050 replay= 39936 loss=0.00001 ext100=0.000 total100=0.044
[train] 28:12:40<114:59:35, 0.052s/step step= 1970000 episodes= 4104 eps=0.050 replay= 39936 loss=0.00002 ext100=0.000 total100=0.043
[train] 28:14:24<114:57:54, 0.052s/step step= 1972000 episodes= 4108 eps=0.050 replay= 39936 loss=0.00000 ext100=0.000 total100=0.046
[train] 28:16:08<114:56:15, 0.052s/step step= 1974000 episodes= 4112 eps=0.050 replay= 39936 loss=0.00001 ext100=0.000 total100=0.048
[train] 28:17:51<114:54:34, 0.052s/step step= 1976000 episodes= 4117 eps=0.050 replay= 39936 loss=0.00001 ext100=0.000 total100=0.048
[train] 28:19:35<114:52:53, 0.052s/step step= 1978000 episodes= 4121 eps=0.050 replay= 39936 loss=0.00002 ext100=0.000 total100=0.048
[eval] step=1980000 episodes=4125 mean_ext_return=0.000
[train] 28:21:34<114:52:14, 0.052s/step step= 1980000 episodes= 4125 eps=0.050 replay= 39936 loss=0.00001 ext100=0.000 total100=0.050
[train] 28:23:18<114:50:34, 0.052s/step step= 1982000 episodes= 4129 eps=0.050 replay= 39936 loss=0.00001 ext100=0.000 total100=0.050
[train] 28:25:02<114:48:53, 0.052s/step step= 1984000 episodes= 4133 eps=0.050 replay= 39936 loss=0.00001 ext100=0.000 total100=0.051
[train] 28:26:46<114:47:17, 0.052s/step step= 1986000 episodes= 4137 eps=0.050 replay= 39936 loss=0.00001 ext100=0.000 total100=0.051
[train] 28:28:30<114:45:36, 0.052s/step step= 1988000 episodes= 4142 eps=0.050 replay= 39936 loss=0.00001 ext100=0.000 total100=0.052
[train] 28:30:14<114:43:57, 0.052s/step step= 1990000 episodes= 4146 eps=0.050 replay= 39936 loss=0.00001 ext100=0.000 total100=0.052
[train] 28:31:58<114:42:17, 0.052s/step step= 1992000 episodes= 4150 eps=0.050 replay= 39936 loss=0.00000 ext100=0.000 total100=0.053
[train] 28:33:42<114:40:38, 0.052s/step step= 1994000 episodes= 4154 eps=0.050 replay= 39936 loss=0.00001 ext100=0.000 total100=0.052
[train] 28:35:26<114:38:56, 0.052s/step step= 1996000 episodes= 4158 eps=0.050 replay= 39936 loss=0.00001 ext100=0.000 total100=0.052
[train] 28:37:10<114:37:15, 0.052s/step step= 1998000 episodes= 4162 eps=0.050 replay= 39936 loss=0.00001 ext100=0.000 total100=0.051
[eval] step=2000000 episodes=4167 mean_ext_return=0.000
[train] 28:39:08<114:36:35, 0.052s/step step= 2000000 episodes= 4167 eps=0.050 replay= 39936 loss=0.00001 ext100=0.000 total100=0.051
[train] 28:40:52<114:34:55, 0.052s/step step= 2002000 episodes= 4171 eps=0.050 replay= 39936 loss=0.00001 ext100=0.000 total100=0.051
[train] 28:42:36<114:33:14, 0.052s/step step= 2004000 episodes= 4175 eps=0.050 replay= 39936 loss=0.00001 ext100=0.000 total100=0.052
[train] 28:44:20<114:31:33, 0.052s/step step= 2006000 episodes= 4179 eps=0.050 replay= 39936 loss=0.00001 ext100=0.000 total100=0.054
[train] 28:46:03<114:29:52, 0.052s/step step= 2008000 episodes= 4183 eps=0.050 replay= 39936 loss=0.00001 ext100=0.000 total100=0.053
[train] 28:47:48<114:28:13, 0.052s/step step= 2010000 episodes= 4187 eps=0.050 replay= 39936 loss=0.00002 ext100=0.000 total100=0.056
[train] 28:49:31<114:26:31, 0.052s/step step= 2012000 episodes= 4192 eps=0.050 replay= 39936 loss=0.00001 ext100=0.000 total100=0.056
[train] 28:51:15<114:24:52, 0.052s/step step= 2014000 episodes= 4196 eps=0.050 replay= 39936 loss=0.00001 ext100=0.000 total100=0.055
[train] 28:52:59<114:23:10, 0.052s/step step= 2016000 episodes= 4200 eps=0.050 replay= 39936 loss=0.00001 ext100=0.000 total100=0.056
[train] 28:54:43<114:21:30, 0.052s/step step= 2018000 episodes= 4204 eps=0.050 replay= 39936 loss=0.00001 ext100=0.000 total100=0.056
[eval] step=2020000 episodes=4208 mean_ext_return=0.000
[train] 28:56:41<114:20:49, 0.052s/step step= 2020000 episodes= 4208 eps=0.050 replay= 39936 loss=0.00001 ext100=0.000 total100=0.056
[train] 28:58:25<114:19:09, 0.052s/step step= 2022000 episodes= 4212 eps=0.050 replay= 39936 loss=0.00001 ext100=0.000 total100=0.055
[train] 29:00:09<114:17:29, 0.052s/step step= 2024000 episodes= 4217 eps=0.050 replay= 39936 loss=0.00001 ext100=0.000 total100=0.055
[train] 29:01:53<114:15:47, 0.052s/step step= 2026000 episodes= 4221 eps=0.050 replay= 39936 loss=0.00002 ext100=0.000 total100=0.056
[train] 29:03:36<114:14:05, 0.052s/step step= 2028000 episodes= 4225 eps=0.050 replay= 39936 loss=0.00000 ext100=0.000 total100=0.054
[train] 29:05:21<114:12:26, 0.052s/step step= 2030000 episodes= 4229 eps=0.050 replay= 39936 loss=0.00001 ext100=0.000 total100=0.055
[train] 29:07:04<114:10:45, 0.052s/step step= 2032000 episodes= 4233 eps=0.050 replay= 39936 loss=0.00000 ext100=0.000 total100=0.054
[train] 29:08:48<114:09:05, 0.052s/step step= 2034000 episodes= 4237 eps=0.050 replay= 39936 loss=0.00001 ext100=0.000 total100=0.054
[train] 29:10:32<114:07:24, 0.052s/step step= 2036000 episodes= 4242 eps=0.050 replay= 39936 loss=0.00001 ext100=0.000 total100=0.053
[train] 29:12:16<114:05:43, 0.052s/step step= 2038000 episodes= 4246 eps=0.050 replay= 39936 loss=0.00001 ext100=0.000 total100=0.053
[eval] step=2040000 episodes=4250 mean_ext_return=0.000
[train] 29:14:15<114:05:01, 0.052s/step step= 2040000 episodes= 4250 eps=0.050 replay= 39936 loss=0.00001 ext100=0.000 total100=0.052
[train] 29:15:59<114:03:21, 0.052s/step step= 2042000 episodes= 4254 eps=0.050 replay= 39936 loss=0.00002 ext100=0.000 total100=0.052
[train] 29:17:42<114:01:40, 0.052s/step step= 2044000 episodes= 4258 eps=0.050 replay= 39936 loss=0.00001 ext100=0.000 total100=0.052
[train] 29:19:26<113:59:59, 0.052s/step step= 2046000 episodes= 4262 eps=0.050 replay= 39936 loss=0.00001 ext100=0.000 total100=0.051
[train] 29:21:10<113:58:18, 0.052s/step step= 2048000 episodes= 4267 eps=0.050 replay= 39936 loss=0.00001 ext100=0.000 total100=0.053
[train] 29:22:54<113:56:38, 0.052s/step step= 2050000 episodes= 4271 eps=0.050 replay= 39936 loss=0.00002 ext100=0.000 total100=0.053
[train] 29:24:38<113:54:57, 0.052s/step step= 2052000 episodes= 4275 eps=0.050 replay= 39936 loss=0.00001 ext100=0.000 total100=0.052
[train] 29:26:22<113:53:18, 0.052s/step step= 2054000 episodes= 4279 eps=0.050 replay= 39936 loss=0.00001 ext100=0.000 total100=0.052
[train] 29:28:06<113:51:36, 0.052s/step step= 2056000 episodes= 4283 eps=0.050 replay= 39936 loss=0.00001 ext100=0.000 total100=0.052
[train] 29:29:49<113:49:55, 0.052s/step step= 2058000 episodes= 4287 eps=0.050 replay= 39936 loss=0.00002 ext100=0.000 total100=0.050
[eval] step=2060000 episodes=4292 mean_ext_return=0.000
[train] 29:31:48<113:49:12, 0.052s/step step= 2060000 episodes= 4292 eps=0.050 replay= 39936 loss=0.00001 ext100=0.000 total100=0.049
[train] 29:33:32<113:47:31, 0.052s/step step= 2062000 episodes= 4296 eps=0.050 replay= 39936 loss=0.00001 ext100=0.000 total100=0.050
[train] 29:35:16<113:45:51, 0.052s/step step= 2064000 episodes= 4300 eps=0.050 replay= 39936 loss=0.00001 ext100=0.000 total100=0.050
[train] 29:37:00<113:44:10, 0.052s/step step= 2066000 episodes= 4304 eps=0.050 replay= 39936 loss=0.00002 ext100=0.000 total100=0.051
[train] 29:38:43<113:42:29, 0.052s/step step= 2068000 episodes= 4308 eps=0.050 replay= 39936 loss=0.00001 ext100=0.000 total100=0.050
[train] 29:40:28<113:40:49, 0.052s/step step= 2070000 episodes= 4312 eps=0.050 replay= 39936 loss=0.00001 ext100=0.000 total100=0.050
[train] 29:42:11<113:39:08, 0.052s/step step= 2072000 episodes= 4317 eps=0.050 replay= 39936 loss=0.00001 ext100=0.000 total100=0.051
[train] 29:43:56<113:37:28, 0.052s/step step= 2074000 episodes= 4321 eps=0.050 replay= 39936 loss=0.00001 ext100=0.000 total100=0.050
[train] 29:45:39<113:35:47, 0.052s/step step= 2076000 episodes= 4325 eps=0.050 replay= 39936 loss=0.00001 ext100=0.000 total100=0.051
[train] 29:47:23<113:34:07, 0.052s/step step= 2078000 episodes= 4329 eps=0.050 replay= 39936 loss=0.00001 ext100=0.000 total100=0.049
[eval] step=2080000 episodes=4333 mean_ext_return=0.000
[train] 29:49:22<113:33:22, 0.052s/step step= 2080000 episodes= 4333 eps=0.050 replay= 39936 loss=0.00001 ext100=0.000 total100=0.050
[train] 29:51:06<113:31:42, 0.052s/step step= 2082000 episodes= 4337 eps=0.050 replay= 39936 loss=0.00004 ext100=0.000 total100=0.050
[train] 29:52:50<113:30:01, 0.052s/step step= 2084000 episodes= 4342 eps=0.050 replay= 39936 loss=0.00001 ext100=0.000 total100=0.048
[train] 29:54:33<113:28:20, 0.052s/step step= 2086000 episodes= 4346 eps=0.050 replay= 39936 loss=0.00001 ext100=0.000 total100=0.048
[train] 29:56:17<113:26:38, 0.052s/step step= 2088000 episodes= 4350 eps=0.050 replay= 39936 loss=0.00001 ext100=0.000 total100=0.048
[train] 29:58:01<113:24:59, 0.052s/step step= 2090000 episodes= 4354 eps=0.050 replay= 39936 loss=0.00002 ext100=0.000 total100=0.049
[train] 29:59:45<113:23:17, 0.052s/step step= 2092000 episodes= 4358 eps=0.050 replay= 39936 loss=0.00001 ext100=0.000 total100=0.050
[train] 30:01:29<113:21:38, 0.052s/step step= 2094000 episodes= 4362 eps=0.050 replay= 39936 loss=0.00001 ext100=0.000 total100=0.050
[train] 30:03:13<113:19:56, 0.052s/step step= 2096000 episodes= 4367 eps=0.050 replay= 39936 loss=0.00001 ext100=0.000 total100=0.050
[train] 30:04:57<113:18:15, 0.052s/step step= 2098000 episodes= 4371 eps=0.050 replay= 39936 loss=0.00001 ext100=0.000 total100=0.050
[eval] step=2100000 episodes=4375 mean_ext_return=0.000
[train] 30:06:56<113:17:31, 0.052s/step step= 2100000 episodes= 4375 eps=0.050 replay= 39936 loss=0.00001 ext100=0.000 total100=0.049
[train] 30:08:40<113:15:50, 0.052s/step step= 2102000 episodes= 4379 eps=0.050 replay= 39936 loss=0.00000 ext100=0.000 total100=0.048
[train] 30:10:24<113:14:10, 0.052s/step step= 2104000 episodes= 4383 eps=0.050 replay= 39936 loss=0.00001 ext100=0.000 total100=0.049
[train] 30:12:07<113:12:28, 0.052s/step step= 2106000 episodes= 4387 eps=0.050 replay= 39936 loss=0.00001 ext100=0.000 total100=0.050
[train] 30:13:51<113:10:46, 0.052s/step step= 2108000 episodes= 4392 eps=0.050 replay= 39936 loss=0.00001 ext100=0.000 total100=0.049
[train] 30:15:35<113:09:06, 0.052s/step step= 2110000 episodes= 4396 eps=0.050 replay= 39936 loss=0.00000 ext100=0.000 total100=0.049
[train] 30:17:19<113:07:24, 0.052s/step step= 2112000 episodes= 4400 eps=0.050 replay= 39936 loss=0.00001 ext100=0.000 total100=0.048
[train] 30:19:03<113:05:44, 0.052s/step step= 2114000 episodes= 4404 eps=0.050 replay= 39936 loss=0.00001 ext100=0.000 total100=0.046
[train] 30:20:46<113:04:02, 0.052s/step step= 2116000 episodes= 4408 eps=0.050 replay= 39936 loss=0.00001 ext100=0.000 total100=0.046
[train] 30:22:30<113:02:20, 0.052s/step step= 2118000 episodes= 4412 eps=0.050 replay= 39936 loss=0.00001 ext100=0.000 total100=0.046
[eval] step=2120000 episodes=4417 mean_ext_return=0.000
[train] 30:24:29<113:01:34, 0.052s/step step= 2120000 episodes= 4417 eps=0.050 replay= 39936 loss=0.00001 ext100=0.000 total100=0.045
[train] 30:26:12<112:59:53, 0.052s/step step= 2122000 episodes= 4421 eps=0.050 replay= 39936 loss=0.00002 ext100=0.000 total100=0.044
[train] 30:27:57<112:58:13, 0.052s/step step= 2124000 episodes= 4425 eps=0.050 replay= 39936 loss=0.00001 ext100=0.000 total100=0.043
[train] 30:29:40<112:56:31, 0.052s/step step= 2126000 episodes= 4429 eps=0.050 replay= 39936 loss=0.00001 ext100=0.000 total100=0.043
[train] 30:31:24<112:54:49, 0.052s/step step= 2128000 episodes= 4433 eps=0.050 replay= 39936 loss=0.00001 ext100=0.000 total100=0.042
[train] 30:33:08<112:53:09, 0.052s/step step= 2130000 episodes= 4437 eps=0.050 replay= 39936 loss=0.00002 ext100=0.000 total100=0.042
[train] 30:34:52<112:51:28, 0.052s/step step= 2132000 episodes= 4442 eps=0.050 replay= 39936 loss=0.00001 ext100=0.000 total100=0.043
[train] 30:36:36<112:49:49, 0.052s/step step= 2134000 episodes= 4446 eps=0.050 replay= 39936 loss=0.00001 ext100=0.000 total100=0.043
[train] 30:38:20<112:48:07, 0.052s/step step= 2136000 episodes= 4450 eps=0.050 replay= 39936 loss=0.00001 ext100=0.000 total100=0.043
[train] 30:40:04<112:46:26, 0.052s/step step= 2138000 episodes= 4454 eps=0.050 replay= 39936 loss=0.00001 ext100=0.000 total100=0.042
[eval] step=2140000 episodes=4458 mean_ext_return=0.000
[train] 30:42:03<112:45:39, 0.052s/step step= 2140000 episodes= 4458 eps=0.050 replay= 39936 loss=0.00001 ext100=0.000 total100=0.041
[train] 30:43:46<112:43:58, 0.052s/step step= 2142000 episodes= 4462 eps=0.050 replay= 39936 loss=0.00000 ext100=0.000 total100=0.042
[train] 30:45:31<112:42:18, 0.052s/step step= 2144000 episodes= 4467 eps=0.050 replay= 39936 loss=0.00001 ext100=0.000 total100=0.041
[train] 30:47:14<112:40:37, 0.052s/step step= 2146000 episodes= 4471 eps=0.050 replay= 39936 loss=0.00003 ext100=0.000 total100=0.042
[train] 30:48:58<112:38:55, 0.052s/step step= 2148000 episodes= 4475 eps=0.050 replay= 39936 loss=0.00001 ext100=0.000 total100=0.044
[train] 30:50:42<112:37:15, 0.052s/step step= 2150000 episodes= 4479 eps=0.050 replay= 39936 loss=0.00001 ext100=0.000 total100=0.044
[train] 30:52:26<112:35:34, 0.052s/step step= 2152000 episodes= 4483 eps=0.050 replay= 39936 loss=0.00000 ext100=0.000 total100=0.043
[train] 30:54:10<112:33:54, 0.052s/step step= 2154000 episodes= 4487 eps=0.050 replay= 39936 loss=0.00002 ext100=0.000 total100=0.042
[train] 30:55:54<112:32:12, 0.052s/step step= 2156000 episodes= 4492 eps=0.050 replay= 39936 loss=0.00001 ext100=0.000 total100=0.045
[train] 30:57:38<112:30:31, 0.052s/step step= 2158000 episodes= 4496 eps=0.050 replay= 39936 loss=0.00001 ext100=0.000 total100=0.045
[eval] step=2160000 episodes=4500 mean_ext_return=0.000
[train] 30:59:37<112:29:43, 0.052s/step step= 2160000 episodes= 4500 eps=0.050 replay= 39936 loss=0.00001 ext100=0.000 total100=0.045
[train] 31:01:21<112:28:02, 0.052s/step step= 2162000 episodes= 4504 eps=0.050 replay= 39936 loss=0.00003 ext100=0.000 total100=0.045
[train] 31:03:05<112:26:22, 0.052s/step step= 2164000 episodes= 4508 eps=0.050 replay= 39936 loss=0.00001 ext100=0.000 total100=0.045
[train] 31:04:48<112:24:40, 0.052s/step step= 2166000 episodes= 4512 eps=0.050 replay= 39936 loss=0.00001 ext100=0.000 total100=0.045
[train] 31:06:32<112:22:58, 0.052s/step step= 2168000 episodes= 4517 eps=0.050 replay= 39936 loss=0.00001 ext100=0.000 total100=0.045
[train] 31:08:16<112:21:18, 0.052s/step step= 2170000 episodes= 4521 eps=0.050 replay= 39936 loss=0.00001 ext100=0.000 total100=0.046
[train] 31:10:00<112:19:36, 0.052s/step step= 2172000 episodes= 4525 eps=0.050 replay= 39936 loss=0.00001 ext100=0.000 total100=0.046
[train] 31:11:44<112:17:56, 0.052s/step step= 2174000 episodes= 4529 eps=0.050 replay= 39936 loss=0.00000 ext100=0.000 total100=0.046
[train] 31:13:28<112:16:14, 0.052s/step step= 2176000 episodes= 4533 eps=0.050 replay= 39936 loss=0.00001 ext100=0.000 total100=0.046
[train] 31:15:11<112:14:31, 0.052s/step step= 2178000 episodes= 4537 eps=0.050 replay= 39936 loss=0.00002 ext100=0.000 total100=0.047
[eval] step=2180000 episodes=4542 mean_ext_return=0.000
[train] 31:17:10<112:13:44, 0.052s/step step= 2180000 episodes= 4542 eps=0.050 replay= 39936 loss=0.00001 ext100=0.000 total100=0.047
[train] 31:18:54<112:12:03, 0.052s/step step= 2182000 episodes= 4546 eps=0.050 replay= 39936 loss=0.00001 ext100=0.000 total100=0.047
[train] 31:20:38<112:10:22, 0.052s/step step= 2184000 episodes= 4550 eps=0.050 replay= 39936 loss=0.00001 ext100=0.000 total100=0.048
[train] 31:22:22<112:08:40, 0.052s/step step= 2186000 episodes= 4554 eps=0.050 replay= 39936 loss=0.00002 ext100=0.000 total100=0.048
[train] 31:24:06<112:06:58, 0.052s/step step= 2188000 episodes= 4558 eps=0.050 replay= 39936 loss=0.00001 ext100=0.000 total100=0.048
[train] 31:25:50<112:05:18, 0.052s/step step= 2190000 episodes= 4562 eps=0.050 replay= 39936 loss=0.00000 ext100=0.000 total100=0.047
[train] 31:27:34<112:03:35, 0.052s/step step= 2192000 episodes= 4567 eps=0.050 replay= 39936 loss=0.00000 ext100=0.000 total100=0.046
[train] 31:29:18<112:01:55, 0.052s/step step= 2194000 episodes= 4571 eps=0.050 replay= 39936 loss=0.00001 ext100=0.000 total100=0.046
[train] 31:31:01<112:00:13, 0.052s/step step= 2196000 episodes= 4575 eps=0.050 replay= 39936 loss=0.00001 ext100=0.000 total100=0.042
[train] 31:32:45<111:58:31, 0.052s/step step= 2198000 episodes= 4579 eps=0.050 replay= 39936 loss=0.00000 ext100=0.000 total100=0.044
[eval] step=2200000 episodes=4583 mean_ext_return=0.000
[train] 31:34:44<111:57:42, 0.052s/step step= 2200000 episodes= 4583 eps=0.050 replay= 39936 loss=0.00001 ext100=0.000 total100=0.045
[train] 31:36:28<111:56:00, 0.052s/step step= 2202000 episodes= 4587 eps=0.050 replay= 39936 loss=0.00002 ext100=0.000 total100=0.045
[train] 31:38:11<111:54:19, 0.052s/step step= 2204000 episodes= 4592 eps=0.050 replay= 39936 loss=0.00001 ext100=0.000 total100=0.041
[train] 31:39:55<111:52:38, 0.052s/step step= 2206000 episodes= 4596 eps=0.050 replay= 39936 loss=0.00001 ext100=0.000 total100=0.043
[train] 31:41:39<111:50:55, 0.052s/step step= 2208000 episodes= 4600 eps=0.050 replay= 39936 loss=0.00001 ext100=0.000 total100=0.042
[train] 31:43:24<111:49:16, 0.052s/step step= 2210000 episodes= 4604 eps=0.050 replay= 39936 loss=0.00001 ext100=0.000 total100=0.042
[train] 31:45:07<111:47:34, 0.052s/step step= 2212000 episodes= 4608 eps=0.050 replay= 39936 loss=0.00001 ext100=0.000 total100=0.043
[train] 31:46:51<111:45:53, 0.052s/step step= 2214000 episodes= 4612 eps=0.050 replay= 39936 loss=0.00001 ext100=0.000 total100=0.043
[train] 31:48:35<111:44:10, 0.052s/step step= 2216000 episodes= 4617 eps=0.050 replay= 39936 loss=0.00001 ext100=0.000 total100=0.043
[train] 31:50:18<111:42:28, 0.052s/step step= 2218000 episodes= 4621 eps=0.050 replay= 39936 loss=0.00001 ext100=0.000 total100=0.043
[eval] step=2220000 episodes=4625 mean_ext_return=0.000
[train] 31:52:17<111:41:39, 0.052s/step step= 2220000 episodes= 4625 eps=0.050 replay= 39936 loss=0.00001 ext100=0.000 total100=0.043
[train] 31:54:01<111:39:57, 0.052s/step step= 2222000 episodes= 4629 eps=0.050 replay= 39936 loss=0.00001 ext100=0.000 total100=0.042
[train] 31:55:45<111:38:15, 0.052s/step step= 2224000 episodes= 4633 eps=0.050 replay= 39936 loss=0.00000 ext100=0.000 total100=0.042
[train] 31:57:29<111:36:34, 0.052s/step step= 2226000 episodes= 4637 eps=0.050 replay= 39936 loss=0.00001 ext100=0.000 total100=0.040
[train] 31:59:13<111:34:51, 0.052s/step step= 2228000 episodes= 4642 eps=0.050 replay= 39936 loss=0.00001 ext100=0.000 total100=0.041
[train] 32:00:57<111:33:11, 0.052s/step step= 2230000 episodes= 4646 eps=0.050 replay= 39936 loss=0.00001 ext100=0.000 total100=0.040
[train] 32:02:41<111:31:29, 0.052s/step step= 2232000 episodes= 4650 eps=0.050 replay= 39936 loss=0.00001 ext100=0.000 total100=0.038
[train] 32:04:25<111:29:48, 0.052s/step step= 2234000 episodes= 4654 eps=0.050 replay= 39936 loss=0.00001 ext100=0.000 total100=0.038
[train] 32:06:08<111:28:06, 0.052s/step step= 2236000 episodes= 4658 eps=0.050 replay= 39936 loss=0.00000 ext100=0.000 total100=0.037
[train] 32:07:52<111:26:24, 0.052s/step step= 2238000 episodes= 4662 eps=0.050 replay= 39936 loss=0.00001 ext100=0.000 total100=0.038
[eval] step=2240000 episodes=4667 mean_ext_return=0.000
[train] 32:09:51<111:25:34, 0.052s/step step= 2240000 episodes= 4667 eps=0.050 replay= 39936 loss=0.00001 ext100=0.000 total100=0.037
[train] 32:11:35<111:23:51, 0.052s/step step= 2242000 episodes= 4671 eps=0.050 replay= 39936 loss=0.00002 ext100=0.000 total100=0.034
[train] 32:13:18<111:22:09, 0.052s/step step= 2244000 episodes= 4675 eps=0.050 replay= 39936 loss=0.00001 ext100=0.000 total100=0.037
[train] 32:15:02<111:20:27, 0.052s/step step= 2246000 episodes= 4679 eps=0.050 replay= 39936 loss=0.00001 ext100=0.000 total100=0.035
[train] 32:16:46<111:18:45, 0.052s/step step= 2248000 episodes= 4683 eps=0.050 replay= 39936 loss=0.00001 ext100=0.000 total100=0.035
[train] 32:18:30<111:17:04, 0.052s/step step= 2250000 episodes= 4687 eps=0.050 replay= 39936 loss=0.00001 ext100=0.000 total100=0.034
[train] 32:20:14<111:15:22, 0.052s/step step= 2252000 episodes= 4692 eps=0.050 replay= 39936 loss=0.00001 ext100=0.000 total100=0.036
[train] 32:21:58<111:13:42, 0.052s/step step= 2254000 episodes= 4696 eps=0.050 replay= 39936 loss=0.00001 ext100=0.000 total100=0.035
[train] 32:23:42<111:11:59, 0.052s/step step= 2256000 episodes= 4700 eps=0.050 replay= 39936 loss=0.00000 ext100=0.000 total100=0.036
[train] 32:25:25<111:10:17, 0.052s/step step= 2258000 episodes= 4704 eps=0.050 replay= 39936 loss=0.00001 ext100=0.000 total100=0.036
[eval] step=2260000 episodes=4708 mean_ext_return=0.000
[train] 32:27:24<111:09:26, 0.052s/step step= 2260000 episodes= 4708 eps=0.050 replay= 39936 loss=0.00001 ext100=0.000 total100=0.035
[train] 32:29:08<111:07:44, 0.052s/step step= 2262000 episodes= 4712 eps=0.050 replay= 39936 loss=0.00001 ext100=0.000 total100=0.035
[train] 32:30:52<111:06:02, 0.052s/step step= 2264000 episodes= 4717 eps=0.050 replay= 39936 loss=0.00000 ext100=0.000 total100=0.034
[train] 32:32:36<111:04:21, 0.052s/step step= 2266000 episodes= 4721 eps=0.050 replay= 39936 loss=0.00002 ext100=0.000 total100=0.035
[train] 32:34:19<111:02:39, 0.052s/step step= 2268000 episodes= 4725 eps=0.050 replay= 39936 loss=0.00001 ext100=0.000 total100=0.035
[train] 32:36:04<111:00:58, 0.052s/step step= 2270000 episodes= 4729 eps=0.050 replay= 39936 loss=0.00001 ext100=0.000 total100=0.036
[train] 32:37:47<110:59:15, 0.052s/step step= 2272000 episodes= 4733 eps=0.050 replay= 39936 loss=0.00001 ext100=0.000 total100=0.035
[train] 32:39:31<110:57:34, 0.052s/step step= 2274000 episodes= 4737 eps=0.050 replay= 39936 loss=0.00001 ext100=0.000 total100=0.035
[train] 32:41:15<110:55:52, 0.052s/step step= 2276000 episodes= 4742 eps=0.050 replay= 39936 loss=0.00000 ext100=0.000 total100=0.035
[train] 32:42:59<110:54:09, 0.052s/step step= 2278000 episodes= 4746 eps=0.050 replay= 39936 loss=0.00000 ext100=0.000 total100=0.036
[eval] step=2280000 episodes=4750 mean_ext_return=0.000
[train] 32:44:58<110:53:18, 0.052s/step step= 2280000 episodes= 4750 eps=0.050 replay= 39936 loss=0.00000 ext100=0.000 total100=0.038
[train] 32:46:41<110:51:36, 0.052s/step step= 2282000 episodes= 4754 eps=0.050 replay= 39936 loss=0.00001 ext100=0.000 total100=0.038
[train] 32:48:25<110:49:53, 0.052s/step step= 2284000 episodes= 4758 eps=0.050 replay= 39936 loss=0.00000 ext100=0.000 total100=0.038
[train] 32:50:09<110:48:12, 0.052s/step step= 2286000 episodes= 4762 eps=0.050 replay= 39936 loss=0.00001 ext100=0.000 total100=0.038
[train] 32:51:53<110:46:30, 0.052s/step step= 2288000 episodes= 4767 eps=0.050 replay= 39936 loss=0.00000 ext100=0.000 total100=0.039
[train] 32:53:37<110:44:49, 0.052s/step step= 2290000 episodes= 4771 eps=0.050 replay= 39936 loss=0.00001 ext100=0.000 total100=0.041
[train] 32:55:21<110:43:07, 0.052s/step step= 2292000 episodes= 4775 eps=0.050 replay= 39936 loss=0.00000 ext100=0.000 total100=0.040
[train] 32:57:05<110:41:26, 0.052s/step step= 2294000 episodes= 4779 eps=0.050 replay= 39936 loss=0.00001 ext100=0.000 total100=0.039
[train] 32:58:49<110:39:43, 0.052s/step step= 2296000 episodes= 4783 eps=0.050 replay= 39936 loss=0.00000 ext100=0.000 total100=0.040
[train] 33:00:32<110:38:01, 0.052s/step step= 2298000 episodes= 4787 eps=0.050 replay= 39936 loss=0.00002 ext100=0.000 total100=0.040
[eval] step=2300000 episodes=4792 mean_ext_return=0.000
[train] 33:02:31<110:37:09, 0.052s/step step= 2300000 episodes= 4792 eps=0.050 replay= 39936 loss=0.00001 ext100=0.000 total100=0.040
[train] 33:04:15<110:35:26, 0.052s/step step= 2302000 episodes= 4796 eps=0.050 replay= 39936 loss=0.00001 ext100=0.000 total100=0.041
[train] 33:05:58<110:33:44, 0.052s/step step= 2304000 episodes= 4800 eps=0.050 replay= 39936 loss=0.00001 ext100=0.000 total100=0.042
[train] 33:07:43<110:32:03, 0.052s/step step= 2306000 episodes= 4804 eps=0.050 replay= 39936 loss=0.00002 ext100=0.000 total100=0.045
[train] 33:09:26<110:30:20, 0.052s/step step= 2308000 episodes= 4808 eps=0.050 replay= 39936 loss=0.00001 ext100=0.000 total100=0.044
[train] 33:11:11<110:28:39, 0.052s/step step= 2310000 episodes= 4812 eps=0.050 replay= 39936 loss=0.00001 ext100=0.000 total100=0.045
[train] 33:12:54<110:26:57, 0.052s/step step= 2312000 episodes= 4817 eps=0.050 replay= 39936 loss=0.00001 ext100=0.000 total100=0.045
[train] 33:14:39<110:25:16, 0.052s/step step= 2314000 episodes= 4821 eps=0.050 replay= 39936 loss=0.00001 ext100=0.000 total100=0.046
[train] 33:16:22<110:23:33, 0.052s/step step= 2316000 episodes= 4825 eps=0.050 replay= 39936 loss=0.00001 ext100=0.000 total100=0.046
[train] 33:18:06<110:21:50, 0.052s/step step= 2318000 episodes= 4829 eps=0.050 replay= 39936 loss=0.00000 ext100=0.000 total100=0.045
[eval] step=2320000 episodes=4833 mean_ext_return=0.000
[train] 33:20:05<110:20:58, 0.052s/step step= 2320000 episodes= 4833 eps=0.050 replay= 39936 loss=0.00000 ext100=0.000 total100=0.046
[train] 33:21:49<110:19:16, 0.052s/step step= 2322000 episodes= 4837 eps=0.050 replay= 39936 loss=0.00001 ext100=0.000 total100=0.047
[train] 33:23:32<110:17:33, 0.052s/step step= 2324000 episodes= 4842 eps=0.050 replay= 39936 loss=0.00001 ext100=0.000 total100=0.047
[train] 33:25:16<110:15:52, 0.052s/step step= 2326000 episodes= 4846 eps=0.050 replay= 39936 loss=0.00000 ext100=0.000 total100=0.046
[train] 33:27:00<110:14:09, 0.052s/step step= 2328000 episodes= 4850 eps=0.050 replay= 39936 loss=0.00001 ext100=0.000 total100=0.045
[train] 33:28:44<110:12:28, 0.052s/step step= 2330000 episodes= 4854 eps=0.050 replay= 39936 loss=0.00003 ext100=0.000 total100=0.045
[train] 33:30:28<110:10:45, 0.052s/step step= 2332000 episodes= 4858 eps=0.050 replay= 39936 loss=0.00001 ext100=0.000 total100=0.045
[train] 33:32:12<110:09:04, 0.052s/step step= 2334000 episodes= 4862 eps=0.050 replay= 39936 loss=0.00000 ext100=0.000 total100=0.046
[train] 33:33:56<110:07:22, 0.052s/step step= 2336000 episodes= 4867 eps=0.050 replay= 39936 loss=0.00001 ext100=0.000 total100=0.045
[train] 33:35:39<110:05:39, 0.052s/step step= 2338000 episodes= 4871 eps=0.050 replay= 39936 loss=0.00001 ext100=0.000 total100=0.046
[eval] step=2340000 episodes=4875 mean_ext_return=0.000
[train] 33:37:38<110:04:46, 0.052s/step step= 2340000 episodes= 4875 eps=0.050 replay= 39936 loss=0.00000 ext100=0.000 total100=0.047
[train] 33:39:22<110:03:04, 0.052s/step step= 2342000 episodes= 4879 eps=0.050 replay= 39936 loss=0.00001 ext100=0.000 total100=0.047
[train] 33:41:06<110:01:21, 0.052s/step step= 2344000 episodes= 4883 eps=0.050 replay= 39936 loss=0.00001 ext100=0.000 total100=0.047
[train] 33:42:50<109:59:40, 0.052s/step step= 2346000 episodes= 4887 eps=0.050 replay= 39936 loss=0.00002 ext100=0.000 total100=0.047
[train] 33:44:34<109:57:57, 0.052s/step step= 2348000 episodes= 4892 eps=0.050 replay= 39936 loss=0.00001 ext100=0.000 total100=0.047
[train] 33:46:18<109:56:16, 0.052s/step step= 2350000 episodes= 4896 eps=0.050 replay= 39936 loss=0.00001 ext100=0.000 total100=0.046
[train] 33:48:02<109:54:33, 0.052s/step step= 2352000 episodes= 4900 eps=0.050 replay= 39936 loss=0.00001 ext100=0.000 total100=0.044
[train] 33:49:46<109:52:52, 0.052s/step step= 2354000 episodes= 4904 eps=0.050 replay= 39936 loss=0.00002 ext100=0.000 total100=0.043
[train] 33:51:30<109:51:10, 0.052s/step step= 2356000 episodes= 4908 eps=0.050 replay= 39936 loss=0.00001 ext100=0.000 total100=0.043
[train] 33:53:13<109:49:27, 0.052s/step step= 2358000 episodes= 4912 eps=0.050 replay= 39936 loss=0.00001 ext100=0.000 total100=0.043
[eval] step=2360000 episodes=4917 mean_ext_return=0.000
[train] 33:55:12<109:48:32, 0.052s/step step= 2360000 episodes= 4917 eps=0.050 replay= 39936 loss=0.00003 ext100=0.000 total100=0.044
[train] 33:56:56<109:46:50, 0.052s/step step= 2362000 episodes= 4921 eps=0.050 replay= 39936 loss=0.00003 ext100=0.000 total100=0.044
[train] 33:58:39<109:45:06, 0.052s/step step= 2364000 episodes= 4925 eps=0.050 replay= 39936 loss=0.00001 ext100=0.000 total100=0.044
[train] 34:00:23<109:43:25, 0.052s/step step= 2366000 episodes= 4929 eps=0.050 replay= 39936 loss=0.00001 ext100=0.000 total100=0.044
[train] 34:02:07<109:41:43, 0.052s/step step= 2368000 episodes= 4933 eps=0.050 replay= 39936 loss=0.00001 ext100=0.000 total100=0.044
[train] 34:03:51<109:40:02, 0.052s/step step= 2370000 episodes= 4937 eps=0.050 replay= 39936 loss=0.00001 ext100=0.000 total100=0.044
[train] 34:05:35<109:38:19, 0.052s/step step= 2372000 episodes= 4942 eps=0.050 replay= 39936 loss=0.00001 ext100=0.000 total100=0.043
[train] 34:07:19<109:36:38, 0.052s/step step= 2374000 episodes= 4946 eps=0.050 replay= 39936 loss=0.00000 ext100=0.000 total100=0.044
[train] 34:09:03<109:34:55, 0.052s/step step= 2376000 episodes= 4950 eps=0.050 replay= 39936 loss=0.00000 ext100=0.000 total100=0.045
[train] 34:10:47<109:33:13, 0.052s/step step= 2378000 episodes= 4954 eps=0.050 replay= 39936 loss=0.00002 ext100=0.000 total100=0.045
[eval] step=2380000 episodes=4958 mean_ext_return=0.000
[train] 34:12:46<109:32:18, 0.052s/step step= 2380000 episodes= 4958 eps=0.050 replay= 39936 loss=0.00001 ext100=0.000 total100=0.045
[train] 34:14:29<109:30:35, 0.052s/step step= 2382000 episodes= 4962 eps=0.050 replay= 39936 loss=0.00001 ext100=0.000 total100=0.044
[train] 34:16:13<109:28:52, 0.052s/step step= 2384000 episodes= 4967 eps=0.050 replay= 39936 loss=0.00001 ext100=0.000 total100=0.045
[train] 34:17:57<109:27:11, 0.052s/step step= 2386000 episodes= 4971 eps=0.050 replay= 39936 loss=0.00002 ext100=0.000 total100=0.045
[train] 34:19:41<109:25:27, 0.052s/step step= 2388000 episodes= 4975 eps=0.050 replay= 39936 loss=0.00001 ext100=0.000 total100=0.045
[train] 34:21:25<109:23:45, 0.052s/step step= 2390000 episodes= 4979 eps=0.050 replay= 39936 loss=0.00001 ext100=0.000 total100=0.046
[train] 34:23:08<109:22:02, 0.052s/step step= 2392000 episodes= 4983 eps=0.050 replay= 39936 loss=0.00001 ext100=0.000 total100=0.044
[train] 34:24:52<109:20:20, 0.052s/step step= 2394000 episodes= 4987 eps=0.050 replay= 39936 loss=0.00001 ext100=0.000 total100=0.042
[train] 34:26:36<109:18:37, 0.052s/step step= 2396000 episodes= 4992 eps=0.050 replay= 39936 loss=0.00001 ext100=0.000 total100=0.042
[train] 34:28:19<109:16:53, 0.052s/step step= 2398000 episodes= 4996 eps=0.050 replay= 39936 loss=0.00001 ext100=0.000 total100=0.042
[eval] step=2400000 episodes=5000 mean_ext_return=0.000
[train] 34:30:18<109:15:58, 0.052s/step step= 2400000 episodes= 5000 eps=0.050 replay= 39936 loss=0.00001 ext100=0.000 total100=0.041
[train] 34:32:02<109:14:15, 0.052s/step step= 2402000 episodes= 5004 eps=0.050 replay= 39936 loss=0.00002 ext100=0.000 total100=0.040
[train] 34:33:45<109:12:32, 0.052s/step step= 2404000 episodes= 5008 eps=0.050 replay= 39936 loss=0.00001 ext100=0.000 total100=0.039
[train] 34:35:29<109:10:51, 0.052s/step step= 2406000 episodes= 5012 eps=0.050 replay= 39936 loss=0.00000 ext100=0.000 total100=0.039
[train] 34:37:13<109:09:07, 0.052s/step step= 2408000 episodes= 5017 eps=0.050 replay= 39936 loss=0.00000 ext100=0.000 total100=0.037
[train] 34:38:57<109:07:25, 0.052s/step step= 2410000 episodes= 5021 eps=0.050 replay= 39936 loss=0.00001 ext100=0.000 total100=0.036
[train] 34:40:41<109:05:42, 0.052s/step step= 2412000 episodes= 5025 eps=0.050 replay= 39936 loss=0.00000 ext100=0.000 total100=0.036
[train] 34:42:25<109:04:00, 0.052s/step step= 2414000 episodes= 5029 eps=0.050 replay= 39936 loss=0.00000 ext100=0.000 total100=0.036
[train] 34:44:08<109:02:17, 0.052s/step step= 2416000 episodes= 5033 eps=0.050 replay= 39936 loss=0.00000 ext100=0.000 total100=0.034
[train] 34:45:52<109:00:33, 0.052s/step step= 2418000 episodes= 5037 eps=0.050 replay= 39936 loss=0.00002 ext100=0.000 total100=0.033
[eval] step=2420000 episodes=5042 mean_ext_return=0.000
[train] 34:47:51<108:59:37, 0.052s/step step= 2420000 episodes= 5042 eps=0.050 replay= 39936 loss=0.00001 ext100=0.000 total100=0.033
[train] 34:49:34<108:57:54, 0.052s/step step= 2422000 episodes= 5046 eps=0.050 replay= 39936 loss=0.00000 ext100=0.000 total100=0.032
[train] 34:51:18<108:56:12, 0.052s/step step= 2424000 episodes= 5050 eps=0.050 replay= 39936 loss=0.00000 ext100=0.000 total100=0.031
[train] 34:53:02<108:54:30, 0.052s/step step= 2426000 episodes= 5054 eps=0.050 replay= 39936 loss=0.00001 ext100=0.000 total100=0.030
[train] 34:54:46<108:52:47, 0.052s/step step= 2428000 episodes= 5058 eps=0.050 replay= 39936 loss=0.00001 ext100=0.000 total100=0.031
[train] 34:56:30<108:51:05, 0.052s/step step= 2430000 episodes= 5062 eps=0.050 replay= 39936 loss=0.00000 ext100=0.000 total100=0.031
[train] 34:58:14<108:49:22, 0.052s/step step= 2432000 episodes= 5067 eps=0.050 replay= 39936 loss=0.00001 ext100=0.000 total100=0.029
[train] 34:59:58<108:47:40, 0.052s/step step= 2434000 episodes= 5071 eps=0.050 replay= 39936 loss=0.00002 ext100=0.000 total100=0.028
[train] 35:01:41<108:45:58, 0.052s/step step= 2436000 episodes= 5075 eps=0.050 replay= 39936 loss=0.00001 ext100=0.000 total100=0.027
[train] 35:03:25<108:44:14, 0.052s/step step= 2438000 episodes= 5079 eps=0.050 replay= 39936 loss=0.00000 ext100=0.000 total100=0.027
[eval] step=2440000 episodes=5083 mean_ext_return=0.000
[train] 35:05:24<108:43:18, 0.052s/step step= 2440000 episodes= 5083 eps=0.050 replay= 39936 loss=0.00001 ext100=0.000 total100=0.029
[train] 35:07:08<108:41:36, 0.052s/step step= 2442000 episodes= 5087 eps=0.050 replay= 39936 loss=0.00001 ext100=0.000 total100=0.030
[train] 35:08:52<108:39:53, 0.052s/step step= 2444000 episodes= 5092 eps=0.050 replay= 39936 loss=0.00001 ext100=0.000 total100=0.031
[train] 35:10:36<108:38:11, 0.052s/step step= 2446000 episodes= 5096 eps=0.050 replay= 39936 loss=0.00001 ext100=0.000 total100=0.031
[train] 35:12:20<108:36:28, 0.052s/step step= 2448000 episodes= 5100 eps=0.050 replay= 39936 loss=0.00001 ext100=0.000 total100=0.030
[train] 35:14:04<108:34:46, 0.052s/step step= 2450000 episodes= 5104 eps=0.050 replay= 39936 loss=0.00001 ext100=0.000 total100=0.031
[train] 35:15:47<108:33:04, 0.052s/step step= 2452000 episodes= 5108 eps=0.050 replay= 39936 loss=0.00000 ext100=0.000 total100=0.031
[train] 35:17:32<108:31:22, 0.052s/step step= 2454000 episodes= 5112 eps=0.050 replay= 39936 loss=0.00001 ext100=0.000 total100=0.031
[train] 35:19:15<108:29:39, 0.052s/step step= 2456000 episodes= 5117 eps=0.050 replay= 39936 loss=0.00001 ext100=0.000 total100=0.031
[train] 35:20:59<108:27:55, 0.052s/step step= 2458000 episodes= 5121 eps=0.050 replay= 39936 loss=0.00001 ext100=0.000 total100=0.034
[eval] step=2460000 episodes=5125 mean_ext_return=0.000
[train] 35:22:58<108:26:59, 0.052s/step step= 2460000 episodes= 5125 eps=0.050 replay= 39936 loss=0.00001 ext100=0.000 total100=0.035
[train] 35:24:41<108:25:15, 0.052s/step step= 2462000 episodes= 5129 eps=0.050 replay= 39936 loss=0.00001 ext100=0.000 total100=0.035
[train] 35:26:25<108:23:32, 0.052s/step step= 2464000 episodes= 5133 eps=0.050 replay= 39936 loss=0.00001 ext100=0.000 total100=0.036
[train] 35:28:09<108:21:50, 0.052s/step step= 2466000 episodes= 5137 eps=0.050 replay= 39936 loss=0.00001 ext100=0.000 total100=0.038
[train] 35:29:53<108:20:07, 0.052s/step step= 2468000 episodes= 5142 eps=0.050 replay= 39936 loss=0.00001 ext100=0.000 total100=0.039
[train] 35:31:37<108:18:24, 0.052s/step step= 2470000 episodes= 5146 eps=0.050 replay= 39936 loss=0.00001 ext100=0.000 total100=0.040
[train] 35:33:21<108:16:42, 0.052s/step step= 2472000 episodes= 5150 eps=0.050 replay= 39936 loss=0.00001 ext100=0.000 total100=0.041
[train] 35:35:05<108:15:00, 0.052s/step step= 2474000 episodes= 5154 eps=0.050 replay= 39936 loss=0.00003 ext100=0.000 total100=0.041
[train] 35:36:48<108:13:17, 0.052s/step step= 2476000 episodes= 5158 eps=0.050 replay= 39936 loss=0.00001 ext100=0.000 total100=0.041
[train] 35:38:32<108:11:33, 0.052s/step step= 2478000 episodes= 5162 eps=0.050 replay= 39936 loss=0.00001 ext100=0.000 total100=0.041
[eval] step=2480000 episodes=5167 mean_ext_return=0.000
[train] 35:40:31<108:10:36, 0.052s/step step= 2480000 episodes= 5167 eps=0.050 replay= 39936 loss=0.00001 ext100=0.000 total100=0.043
[train] 35:42:14<108:08:53, 0.052s/step step= 2482000 episodes= 5171 eps=0.050 replay= 39936 loss=0.00002 ext100=0.000 total100=0.044
[train] 35:43:58<108:07:09, 0.052s/step step= 2484000 episodes= 5175 eps=0.050 replay= 39936 loss=0.00001 ext100=0.000 total100=0.045
[train] 35:45:42<108:05:27, 0.052s/step step= 2486000 episodes= 5179 eps=0.050 replay= 39936 loss=0.00000 ext100=0.000 total100=0.045
[train] 35:47:26<108:03:44, 0.052s/step step= 2488000 episodes= 5183 eps=0.050 replay= 39936 loss=0.00001 ext100=0.000 total100=0.045
[train] 35:49:10<108:02:02, 0.052s/step step= 2490000 episodes= 5187 eps=0.050 replay= 39936 loss=0.00002 ext100=0.000 total100=0.045
[train] 35:50:54<108:00:19, 0.052s/step step= 2492000 episodes= 5192 eps=0.050 replay= 39936 loss=0.00001 ext100=0.000 total100=0.045
[train] 35:52:38<107:58:37, 0.052s/step step= 2494000 episodes= 5196 eps=0.050 replay= 39936 loss=0.00000 ext100=0.000 total100=0.046
[train] 35:54:21<107:56:54, 0.052s/step step= 2496000 episodes= 5200 eps=0.050 replay= 39936 loss=0.00000 ext100=0.000 total100=0.046
[train] 35:56:05<107:55:10, 0.052s/step step= 2498000 episodes= 5204 eps=0.050 replay= 39936 loss=0.00002 ext100=0.000 total100=0.046
[eval] step=2500000 episodes=5208 mean_ext_return=0.000
[train] 35:58:04<107:54:12, 0.052s/step step= 2500000 episodes= 5208 eps=0.050 replay= 39936 loss=0.00001 ext100=0.000 total100=0.047
[train] 35:59:48<107:52:29, 0.052s/step step= 2502000 episodes= 5212 eps=0.050 replay= 39936 loss=0.00001 ext100=0.000 total100=0.047
[train] 36:01:31<107:50:46, 0.052s/step step= 2504000 episodes= 5217 eps=0.050 replay= 39936 loss=0.00001 ext100=0.000 total100=0.047
[train] 36:03:15<107:49:04, 0.052s/step step= 2506000 episodes= 5221 eps=0.050 replay= 39936 loss=0.00002 ext100=0.000 total100=0.045
[train] 36:04:59<107:47:21, 0.052s/step step= 2508000 episodes= 5225 eps=0.050 replay= 39936 loss=0.00001 ext100=0.000 total100=0.044
[train] 36:06:43<107:45:38, 0.052s/step step= 2510000 episodes= 5229 eps=0.050 replay= 39936 loss=0.00001 ext100=0.000 total100=0.045
[train] 36:08:27<107:43:55, 0.052s/step step= 2512000 episodes= 5233 eps=0.050 replay= 39936 loss=0.00001 ext100=0.000 total100=0.045
[train] 36:10:11<107:42:13, 0.052s/step step= 2514000 episodes= 5237 eps=0.050 replay= 39936 loss=0.00001 ext100=0.000 total100=0.043
[train] 36:11:55<107:40:30, 0.052s/step step= 2516000 episodes= 5242 eps=0.050 replay= 39936 loss=0.00001 ext100=0.000 total100=0.042
[train] 36:13:38<107:38:45, 0.052s/step step= 2518000 episodes= 5246 eps=0.050 replay= 39936 loss=0.00000 ext100=0.000 total100=0.042
[eval] step=2520000 episodes=5250 mean_ext_return=0.000
[train] 36:15:37<107:37:48, 0.052s/step step= 2520000 episodes= 5250 eps=0.050 replay= 39936 loss=0.00001 ext100=0.000 total100=0.042
[train] 36:17:21<107:36:04, 0.052s/step step= 2522000 episodes= 5254 eps=0.050 replay= 39936 loss=0.00001 ext100=0.000 total100=0.042
[train] 36:19:04<107:34:21, 0.052s/step step= 2524000 episodes= 5258 eps=0.050 replay= 39936 loss=0.00001 ext100=0.000 total100=0.043
[train] 36:20:48<107:32:38, 0.052s/step step= 2526000 episodes= 5262 eps=0.050 replay= 39936 loss=0.00001 ext100=0.000 total100=0.042
[train] 36:22:32<107:30:55, 0.052s/step step= 2528000 episodes= 5267 eps=0.050 replay= 39936 loss=0.00000 ext100=0.000 total100=0.041
[train] 36:24:16<107:29:12, 0.052s/step step= 2530000 episodes= 5271 eps=0.050 replay= 39936 loss=0.00001 ext100=0.000 total100=0.041
[train] 36:26:00<107:27:30, 0.052s/step step= 2532000 episodes= 5275 eps=0.050 replay= 39936 loss=0.00000 ext100=0.000 total100=0.041
[train] 36:27:44<107:25:48, 0.052s/step step= 2534000 episodes= 5279 eps=0.050 replay= 39936 loss=0.00001 ext100=0.000 total100=0.041
[train] 36:29:28<107:24:05, 0.052s/step step= 2536000 episodes= 5283 eps=0.050 replay= 39936 loss=0.00001 ext100=0.000 total100=0.041
[train] 36:31:11<107:22:19, 0.052s/step step= 2538000 episodes= 5287 eps=0.050 replay= 39936 loss=0.00002 ext100=0.000 total100=0.040
[eval] step=2540000 episodes=5292 mean_ext_return=0.000
[train] 36:33:10<107:21:22, 0.052s/step step= 2540000 episodes= 5292 eps=0.050 replay= 39936 loss=0.00000 ext100=0.000 total100=0.039
[train] 36:34:54<107:19:38, 0.052s/step step= 2542000 episodes= 5296 eps=0.050 replay= 39936 loss=0.00001 ext100=0.000 total100=0.039
[train] 36:36:37<107:17:55, 0.052s/step step= 2544000 episodes= 5300 eps=0.050 replay= 39936 loss=0.00000 ext100=0.000 total100=0.038
[train] 36:38:21<107:16:13, 0.052s/step step= 2546000 episodes= 5304 eps=0.050 replay= 39936 loss=0.00002 ext100=0.000 total100=0.038
[train] 36:40:05<107:14:30, 0.052s/step step= 2548000 episodes= 5308 eps=0.050 replay= 39936 loss=0.00001 ext100=0.000 total100=0.037
[train] 36:41:49<107:12:47, 0.052s/step step= 2550000 episodes= 5312 eps=0.050 replay= 39936 loss=0.00001 ext100=0.000 total100=0.038
[train] 36:43:33<107:11:04, 0.052s/step step= 2552000 episodes= 5317 eps=0.050 replay= 39936 loss=0.00001 ext100=0.000 total100=0.038
[train] 36:45:17<107:09:22, 0.052s/step step= 2554000 episodes= 5321 eps=0.050 replay= 39936 loss=0.00002 ext100=0.000 total100=0.037
[train] 36:47:01<107:07:38, 0.052s/step step= 2556000 episodes= 5325 eps=0.050 replay= 39936 loss=0.00001 ext100=0.000 total100=0.038
[train] 36:48:44<107:05:53, 0.052s/step step= 2558000 episodes= 5329 eps=0.050 replay= 39936 loss=0.00001 ext100=0.000 total100=0.038
[eval] step=2560000 episodes=5333 mean_ext_return=0.000
[train] 36:50:43<107:04:55, 0.052s/step step= 2560000 episodes= 5333 eps=0.050 replay= 39936 loss=0.00001 ext100=0.000 total100=0.039
[train] 36:52:27<107:03:12, 0.052s/step step= 2562000 episodes= 5337 eps=0.050 replay= 39936 loss=0.00002 ext100=0.000 total100=0.040
[train] 36:54:11<107:01:29, 0.052s/step step= 2564000 episodes= 5342 eps=0.050 replay= 39936 loss=0.00000 ext100=0.000 total100=0.039
[train] 36:55:54<106:59:45, 0.052s/step step= 2566000 episodes= 5346 eps=0.050 replay= 39936 loss=0.00000 ext100=0.000 total100=0.040
[train] 36:57:39<106:58:03, 0.052s/step step= 2568000 episodes= 5350 eps=0.050 replay= 39936 loss=0.00001 ext100=0.000 total100=0.040
[train] 36:59:22<106:56:20, 0.052s/step step= 2570000 episodes= 5354 eps=0.050 replay= 39936 loss=0.00006 ext100=0.000 total100=0.041
[train] 37:01:06<106:54:37, 0.052s/step step= 2572000 episodes= 5358 eps=0.050 replay= 39936 loss=0.00001 ext100=0.000 total100=0.040
[train] 37:02:50<106:52:55, 0.052s/step step= 2574000 episodes= 5362 eps=0.050 replay= 39936 loss=0.00001 ext100=0.000 total100=0.041
[train] 37:04:34<106:51:11, 0.052s/step step= 2576000 episodes= 5367 eps=0.050 replay= 39936 loss=0.00001 ext100=0.000 total100=0.041
[train] 37:06:17<106:49:25, 0.052s/step step= 2578000 episodes= 5371 eps=0.050 replay= 39936 loss=0.00002 ext100=0.000 total100=0.040
[eval] step=2580000 episodes=5375 mean_ext_return=0.000
[train] 37:08:16<106:48:27, 0.052s/step step= 2580000 episodes= 5375 eps=0.050 replay= 39936 loss=0.00001 ext100=0.000 total100=0.041
[train] 37:10:00<106:46:44, 0.052s/step step= 2582000 episodes= 5379 eps=0.050 replay= 39936 loss=0.00001 ext100=0.000 total100=0.041
[train] 37:11:43<106:45:00, 0.052s/step step= 2584000 episodes= 5383 eps=0.050 replay= 39936 loss=0.00001 ext100=0.000 total100=0.040
[train] 37:13:27<106:43:16, 0.052s/step step= 2586000 episodes= 5387 eps=0.050 replay= 39936 loss=0.00001 ext100=0.000 total100=0.040
[train] 37:15:11<106:41:34, 0.052s/step step= 2588000 episodes= 5392 eps=0.050 replay= 39936 loss=0.00001 ext100=0.000 total100=0.041
[train] 37:16:55<106:39:50, 0.052s/step step= 2590000 episodes= 5396 eps=0.050 replay= 39936 loss=0.00001 ext100=0.000 total100=0.041
[train] 37:18:39<106:38:07, 0.052s/step step= 2592000 episodes= 5400 eps=0.050 replay= 39936 loss=0.00001 ext100=0.000 total100=0.042
[train] 37:20:23<106:36:26, 0.052s/step step= 2594000 episodes= 5404 eps=0.050 replay= 39936 loss=0.00002 ext100=0.000 total100=0.043
[train] 37:22:07<106:34:42, 0.052s/step step= 2596000 episodes= 5408 eps=0.050 replay= 39936 loss=0.00001 ext100=0.000 total100=0.043
[train] 37:23:49<106:32:56, 0.052s/step step= 2598000 episodes= 5412 eps=0.050 replay= 39936 loss=0.00000 ext100=0.000 total100=0.042
[eval] step=2600000 episodes=5417 mean_ext_return=0.000
[train] 37:25:49<106:31:58, 0.052s/step step= 2600000 episodes= 5417 eps=0.050 replay= 39936 loss=0.00000 ext100=0.000 total100=0.041
[train] 37:27:33<106:30:14, 0.052s/step step= 2602000 episodes= 5421 eps=0.050 replay= 39936 loss=0.00001 ext100=0.000 total100=0.042
[train] 37:29:16<106:28:30, 0.052s/step step= 2604000 episodes= 5425 eps=0.050 replay= 39936 loss=0.00001 ext100=0.000 total100=0.042
[train] 37:31:00<106:26:46, 0.052s/step step= 2606000 episodes= 5429 eps=0.050 replay= 39936 loss=0.00000 ext100=0.000 total100=0.042
[train] 37:32:44<106:25:03, 0.052s/step step= 2608000 episodes= 5433 eps=0.050 replay= 39936 loss=0.00001 ext100=0.000 total100=0.042
[train] 37:34:28<106:23:20, 0.052s/step step= 2610000 episodes= 5437 eps=0.050 replay= 39936 loss=0.00001 ext100=0.000 total100=0.041
[train] 37:36:12<106:21:37, 0.052s/step step= 2612000 episodes= 5442 eps=0.050 replay= 39936 loss=0.00000 ext100=0.000 total100=0.042
[train] 37:37:56<106:19:55, 0.052s/step step= 2614000 episodes= 5446 eps=0.050 replay= 39936 loss=0.00001 ext100=0.000 total100=0.041
[train] 37:39:39<106:18:11, 0.052s/step step= 2616000 episodes= 5450 eps=0.050 replay= 39936 loss=0.00000 ext100=0.000 total100=0.040
[train] 37:41:22<106:16:24, 0.052s/step step= 2618000 episodes= 5454 eps=0.050 replay= 39936 loss=0.00001 ext100=0.000 total100=0.039
[eval] step=2620000 episodes=5458 mean_ext_return=0.000
[train] 37:43:22<106:15:26, 0.052s/step step= 2620000 episodes= 5458 eps=0.050 replay= 39936 loss=0.00000 ext100=0.000 total100=0.040
[train] 37:45:05<106:13:42, 0.052s/step step= 2622000 episodes= 5462 eps=0.050 replay= 39936 loss=0.00001 ext100=0.000 total100=0.039
[train] 37:46:49<106:11:59, 0.052s/step step= 2624000 episodes= 5467 eps=0.050 replay= 39936 loss=0.00000 ext100=0.000 total100=0.039
[train] 37:48:33<106:10:16, 0.052s/step step= 2626000 episodes= 5471 eps=0.050 replay= 39936 loss=0.00001 ext100=0.000 total100=0.040
[train] 37:50:17<106:08:33, 0.052s/step step= 2628000 episodes= 5475 eps=0.050 replay= 39936 loss=0.00000 ext100=0.000 total100=0.039
[train] 37:52:00<106:06:49, 0.052s/step step= 2630000 episodes= 5479 eps=0.050 replay= 39936 loss=0.00001 ext100=0.000 total100=0.038
[train] 37:53:45<106:05:07, 0.052s/step step= 2632000 episodes= 5483 eps=0.050 replay= 39936 loss=0.00000 ext100=0.000 total100=0.039
[train] 37:55:29<106:03:24, 0.052s/step step= 2634000 episodes= 5487 eps=0.050 replay= 39936 loss=0.00001 ext100=0.000 total100=0.038
[train] 37:57:12<106:01:41, 0.052s/step step= 2636000 episodes= 5492 eps=0.050 replay= 39936 loss=0.00001 ext100=0.000 total100=0.041
[train] 37:58:55<105:59:54, 0.052s/step step= 2638000 episodes= 5496 eps=0.050 replay= 39936 loss=0.00000 ext100=0.000 total100=0.040
[eval] step=2640000 episodes=5500 mean_ext_return=0.000
[train] 38:00:55<105:58:55, 0.052s/step step= 2640000 episodes= 5500 eps=0.050 replay= 39936 loss=0.00000 ext100=0.000 total100=0.040
[train] 38:02:38<105:57:11, 0.052s/step step= 2642000 episodes= 5504 eps=0.050 replay= 39936 loss=0.00001 ext100=0.000 total100=0.040
[train] 38:04:22<105:55:27, 0.052s/step step= 2644000 episodes= 5508 eps=0.050 replay= 39936 loss=0.00001 ext100=0.000 total100=0.040
[train] 38:06:05<105:53:43, 0.052s/step step= 2646000 episodes= 5512 eps=0.050 replay= 39936 loss=0.00001 ext100=0.000 total100=0.040
[train] 38:07:49<105:52:00, 0.052s/step step= 2648000 episodes= 5517 eps=0.050 replay= 39936 loss=0.00000 ext100=0.000 total100=0.042
[train] 38:09:33<105:50:16, 0.052s/step step= 2650000 episodes= 5521 eps=0.050 replay= 39936 loss=0.00001 ext100=0.000 total100=0.042
[train] 38:11:17<105:48:34, 0.052s/step step= 2652000 episodes= 5525 eps=0.050 replay= 39936 loss=0.00000 ext100=0.000 total100=0.041
[train] 38:13:01<105:46:51, 0.052s/step step= 2654000 episodes= 5529 eps=0.050 replay= 39936 loss=0.00001 ext100=0.000 total100=0.042
[train] 38:14:45<105:45:07, 0.052s/step step= 2656000 episodes= 5533 eps=0.050 replay= 39936 loss=0.00000 ext100=0.000 total100=0.041
[train] 38:16:27<105:43:21, 0.052s/step step= 2658000 episodes= 5537 eps=0.050 replay= 39936 loss=0.00001 ext100=0.000 total100=0.042
[eval] step=2660000 episodes=5542 mean_ext_return=0.000
[train] 38:18:27<105:42:21, 0.052s/step step= 2660000 episodes= 5542 eps=0.050 replay= 39936 loss=0.00001 ext100=0.000 total100=0.041
[train] 38:20:11<105:40:38, 0.052s/step step= 2662000 episodes= 5546 eps=0.050 replay= 39936 loss=0.00001 ext100=0.000 total100=0.042
[train] 38:21:54<105:38:54, 0.052s/step step= 2664000 episodes= 5550 eps=0.050 replay= 39936 loss=0.00001 ext100=0.000 total100=0.044
[train] 38:23:38<105:37:10, 0.052s/step step= 2666000 episodes= 5554 eps=0.050 replay= 39936 loss=0.00002 ext100=0.000 total100=0.044
[train] 38:25:22<105:35:27, 0.052s/step step= 2668000 episodes= 5558 eps=0.050 replay= 39936 loss=0.00001 ext100=0.000 total100=0.044
[train] 38:27:06<105:33:43, 0.052s/step step= 2670000 episodes= 5562 eps=0.050 replay= 39936 loss=0.00001 ext100=0.000 total100=0.044
[train] 38:28:50<105:32:01, 0.052s/step step= 2672000 episodes= 5567 eps=0.050 replay= 39936 loss=0.00001 ext100=0.000 total100=0.044
[train] 38:30:34<105:30:19, 0.052s/step step= 2674000 episodes= 5571 eps=0.050 replay= 39936 loss=0.00002 ext100=0.000 total100=0.042
[train] 38:32:18<105:28:35, 0.052s/step step= 2676000 episodes= 5575 eps=0.050 replay= 39936 loss=0.00001 ext100=0.000 total100=0.042
[train] 38:34:01<105:26:49, 0.052s/step step= 2678000 episodes= 5579 eps=0.050 replay= 39936 loss=0.00001 ext100=0.000 total100=0.043
[eval] step=2680000 episodes=5583 mean_ext_return=0.000
[train] 38:36:00<105:25:49, 0.052s/step step= 2680000 episodes= 5583 eps=0.050 replay= 39936 loss=0.00001 ext100=0.000 total100=0.043
[train] 38:37:44<105:24:06, 0.052s/step step= 2682000 episodes= 5587 eps=0.050 replay= 39936 loss=0.00002 ext100=0.000 total100=0.044
[train] 38:39:28<105:22:22, 0.052s/step step= 2684000 episodes= 5592 eps=0.050 replay= 39936 loss=0.00001 ext100=0.000 total100=0.042
[train] 38:41:11<105:20:38, 0.052s/step step= 2686000 episodes= 5596 eps=0.050 replay= 39936 loss=0.00001 ext100=0.000 total100=0.043
[train] 38:42:55<105:18:55, 0.052s/step step= 2688000 episodes= 5600 eps=0.050 replay= 39936 loss=0.00001 ext100=0.000 total100=0.043
[train] 38:44:39<105:17:11, 0.052s/step step= 2690000 episodes= 5604 eps=0.050 replay= 39936 loss=0.00001 ext100=0.000 total100=0.043
[train] 38:46:23<105:15:29, 0.052s/step step= 2692000 episodes= 5608 eps=0.050 replay= 39936 loss=0.00001 ext100=0.000 total100=0.043
[train] 38:48:07<105:13:46, 0.052s/step step= 2694000 episodes= 5612 eps=0.050 replay= 39936 loss=0.00001 ext100=0.000 total100=0.042
[train] 38:49:51<105:12:02, 0.052s/step step= 2696000 episodes= 5617 eps=0.050 replay= 39936 loss=0.00001 ext100=0.000 total100=0.041
[train] 38:51:34<105:10:16, 0.052s/step step= 2698000 episodes= 5621 eps=0.050 replay= 39936 loss=0.00001 ext100=0.000 total100=0.041
[eval] step=2700000 episodes=5625 mean_ext_return=0.000
[train] 38:53:33<105:09:16, 0.052s/step step= 2700000 episodes= 5625 eps=0.050 replay= 39936 loss=0.00000 ext100=0.000 total100=0.041
[train] 38:55:17<105:07:32, 0.052s/step step= 2702000 episodes= 5629 eps=0.050 replay= 39936 loss=0.00000 ext100=0.000 total100=0.041
[train] 38:57:01<105:05:48, 0.052s/step step= 2704000 episodes= 5633 eps=0.050 replay= 39936 loss=0.00001 ext100=0.000 total100=0.042
[train] 38:58:45<105:04:04, 0.052s/step step= 2706000 episodes= 5637 eps=0.050 replay= 39936 loss=0.00001 ext100=0.000 total100=0.041
[train] 39:00:29<105:02:23, 0.052s/step step= 2708000 episodes= 5642 eps=0.050 replay= 39936 loss=0.00001 ext100=0.000 total100=0.042
[train] 39:02:13<105:00:39, 0.052s/step step= 2710000 episodes= 5646 eps=0.050 replay= 39936 loss=0.00001 ext100=0.000 total100=0.043
[train] 39:03:57<104:58:56, 0.052s/step step= 2712000 episodes= 5650 eps=0.050 replay= 39936 loss=0.00001 ext100=0.000 total100=0.043
[train] 39:05:41<104:57:13, 0.052s/step step= 2714000 episodes= 5654 eps=0.050 replay= 39936 loss=0.00001 ext100=0.000 total100=0.043
[train] 39:07:24<104:55:29, 0.052s/step step= 2716000 episodes= 5658 eps=0.050 replay= 39936 loss=0.00001 ext100=0.000 total100=0.043
[train] 39:09:07<104:53:43, 0.052s/step step= 2718000 episodes= 5662 eps=0.050 replay= 39936 loss=0.00000 ext100=0.000 total100=0.044
[eval] step=2720000 episodes=5667 mean_ext_return=0.000
[train] 39:11:07<104:52:41, 0.052s/step step= 2720000 episodes= 5667 eps=0.050 replay= 39936 loss=0.00002 ext100=0.000 total100=0.044
[train] 39:12:50<104:50:58, 0.052s/step step= 2722000 episodes= 5671 eps=0.050 replay= 39936 loss=0.00002 ext100=0.000 total100=0.044
[train] 39:14:34<104:49:14, 0.052s/step step= 2724000 episodes= 5675 eps=0.050 replay= 39936 loss=0.00000 ext100=0.000 total100=0.045
[train] 39:16:18<104:47:30, 0.052s/step step= 2726000 episodes= 5679 eps=0.050 replay= 39936 loss=0.00000 ext100=0.000 total100=0.045
[train] 39:18:02<104:45:48, 0.052s/step step= 2728000 episodes= 5683 eps=0.050 replay= 39936 loss=0.00001 ext100=0.000 total100=0.045
[train] 39:19:45<104:44:03, 0.052s/step step= 2730000 episodes= 5687 eps=0.050 replay= 39936 loss=0.00001 ext100=0.000 total100=0.045
[train] 39:21:30<104:42:21, 0.052s/step step= 2732000 episodes= 5692 eps=0.050 replay= 39936 loss=0.00000 ext100=0.000 total100=0.044
[train] 39:23:14<104:40:39, 0.052s/step step= 2734000 episodes= 5696 eps=0.050 replay= 39936 loss=0.00000 ext100=0.000 total100=0.044
[train] 39:24:58<104:38:55, 0.052s/step step= 2736000 episodes= 5700 eps=0.050 replay= 39936 loss=0.00000 ext100=0.000 total100=0.044
[train] 39:26:40<104:37:08, 0.052s/step step= 2738000 episodes= 5704 eps=0.050 replay= 39936 loss=0.00002 ext100=0.000 total100=0.044
[eval] step=2740000 episodes=5708 mean_ext_return=0.000
[train] 39:28:40<104:36:06, 0.052s/step step= 2740000 episodes= 5708 eps=0.050 replay= 39936 loss=0.00001 ext100=0.000 total100=0.044
[train] 39:30:23<104:34:22, 0.052s/step step= 2742000 episodes= 5712 eps=0.050 replay= 39936 loss=0.00000 ext100=0.000 total100=0.044
[train] 39:32:07<104:32:38, 0.052s/step step= 2744000 episodes= 5717 eps=0.050 replay= 39936 loss=0.00000 ext100=0.000 total100=0.044
[train] 39:33:50<104:30:54, 0.052s/step step= 2746000 episodes= 5721 eps=0.050 replay= 39936 loss=0.00001 ext100=0.000 total100=0.044
[train] 39:35:35<104:29:11, 0.052s/step step= 2748000 episodes= 5725 eps=0.050 replay= 39936 loss=0.00000 ext100=0.000 total100=0.043
[train] 39:37:18<104:27:27, 0.052s/step step= 2750000 episodes= 5729 eps=0.050 replay= 39936 loss=0.00000 ext100=0.000 total100=0.043
[train] 39:39:02<104:25:45, 0.052s/step step= 2752000 episodes= 5733 eps=0.050 replay= 39936 loss=0.00000 ext100=0.000 total100=0.042
[train] 39:40:47<104:24:03, 0.052s/step step= 2754000 episodes= 5737 eps=0.050 replay= 39936 loss=0.00001 ext100=0.000 total100=0.044
[train] 39:42:30<104:22:19, 0.052s/step step= 2756000 episodes= 5742 eps=0.050 replay= 39936 loss=0.00000 ext100=0.000 total100=0.043
[train] 39:44:13<104:20:32, 0.052s/step step= 2758000 episodes= 5746 eps=0.050 replay= 39936 loss=0.00000 ext100=0.000 total100=0.041
[eval] step=2760000 episodes=5750 mean_ext_return=0.000
[train] 39:46:13<104:19:30, 0.052s/step step= 2760000 episodes= 5750 eps=0.050 replay= 39936 loss=0.00001 ext100=0.000 total100=0.041
[train] 39:47:57<104:17:46, 0.052s/step step= 2762000 episodes= 5754 eps=0.050 replay= 39936 loss=0.00000 ext100=0.000 total100=0.040
[train] 39:49:40<104:16:02, 0.052s/step step= 2764000 episodes= 5758 eps=0.050 replay= 39936 loss=0.00000 ext100=0.000 total100=0.039
[train] 39:51:24<104:14:19, 0.052s/step step= 2766000 episodes= 5762 eps=0.050 replay= 39936 loss=0.00001 ext100=0.000 total100=0.039
[train] 39:53:08<104:12:36, 0.052s/step step= 2768000 episodes= 5767 eps=0.050 replay= 39936 loss=0.00001 ext100=0.000 total100=0.039
[train] 39:54:52<104:10:52, 0.052s/step step= 2770000 episodes= 5771 eps=0.050 replay= 39936 loss=0.00001 ext100=0.000 total100=0.039
[train] 39:56:36<104:09:09, 0.052s/step step= 2772000 episodes= 5775 eps=0.050 replay= 39936 loss=0.00001 ext100=0.000 total100=0.038
[train] 39:58:20<104:07:26, 0.052s/step step= 2774000 episodes= 5779 eps=0.050 replay= 39936 loss=0.00001 ext100=0.000 total100=0.038
[train] 40:00:04<104:05:42, 0.052s/step step= 2776000 episodes= 5783 eps=0.050 replay= 39936 loss=0.00000 ext100=0.000 total100=0.038
[train] 40:01:46<104:03:56, 0.052s/step step= 2778000 episodes= 5787 eps=0.050 replay= 39936 loss=0.00001 ext100=0.000 total100=0.037
[eval] step=2780000 episodes=5792 mean_ext_return=0.000
[train] 40:03:46<104:02:53, 0.052s/step step= 2780000 episodes= 5792 eps=0.050 replay= 39936 loss=0.00000 ext100=0.000 total100=0.038
[train] 40:05:30<104:01:09, 0.052s/step step= 2782000 episodes= 5796 eps=0.050 replay= 39936 loss=0.00000 ext100=0.000 total100=0.038
[train] 40:07:13<103:59:25, 0.052s/step step= 2784000 episodes= 5800 eps=0.050 replay= 39936 loss=0.00000 ext100=0.000 total100=0.038
[train] 40:08:57<103:57:41, 0.052s/step step= 2786000 episodes= 5804 eps=0.050 replay= 39936 loss=0.00001 ext100=0.000 total100=0.037
[train] 40:10:41<103:55:58, 0.052s/step step= 2788000 episodes= 5808 eps=0.050 replay= 39936 loss=0.00000 ext100=0.000 total100=0.037
[train] 40:12:25<103:54:14, 0.052s/step step= 2790000 episodes= 5812 eps=0.050 replay= 39936 loss=0.00001 ext100=0.000 total100=0.036
[train] 40:14:09<103:52:31, 0.052s/step step= 2792000 episodes= 5817 eps=0.050 replay= 39936 loss=0.00000 ext100=0.000 total100=0.036
[train] 40:15:53<103:50:49, 0.052s/step step= 2794000 episodes= 5821 eps=0.050 replay= 39936 loss=0.00001 ext100=0.000 total100=0.037
[train] 40:17:37<103:49:05, 0.052s/step step= 2796000 episodes= 5825 eps=0.050 replay= 39936 loss=0.00001 ext100=0.000 total100=0.038
[train] 40:19:19<103:47:18, 0.052s/step step= 2798000 episodes= 5829 eps=0.050 replay= 39936 loss=0.00001 ext100=0.000 total100=0.038
[eval] step=2800000 episodes=5833 mean_ext_return=0.000
[train] 40:21:19<103:46:16, 0.052s/step step= 2800000 episodes= 5833 eps=0.050 replay= 39936 loss=0.00000 ext100=0.000 total100=0.038
[train] 40:23:03<103:44:31, 0.052s/step step= 2802000 episodes= 5837 eps=0.050 replay= 39936 loss=0.00001 ext100=0.000 total100=0.037
[train] 40:24:46<103:42:47, 0.052s/step step= 2804000 episodes= 5842 eps=0.050 replay= 39936 loss=0.00000 ext100=0.000 total100=0.038
[train] 40:26:30<103:41:03, 0.052s/step step= 2806000 episodes= 5846 eps=0.050 replay= 39936 loss=0.00000 ext100=0.000 total100=0.038
[train] 40:28:14<103:39:20, 0.052s/step step= 2808000 episodes= 5850 eps=0.050 replay= 39936 loss=0.00001 ext100=0.000 total100=0.036
[train] 40:29:58<103:37:36, 0.052s/step step= 2810000 episodes= 5854 eps=0.050 replay= 39936 loss=0.00001 ext100=0.000 total100=0.038
[train] 40:31:42<103:35:54, 0.052s/step step= 2812000 episodes= 5858 eps=0.050 replay= 39936 loss=0.00000 ext100=0.000 total100=0.040
[train] 40:33:26<103:34:11, 0.052s/step step= 2814000 episodes= 5862 eps=0.050 replay= 39936 loss=0.00000 ext100=0.000 total100=0.039
[train] 40:35:10<103:32:27, 0.052s/step step= 2816000 episodes= 5867 eps=0.050 replay= 39936 loss=0.00001 ext100=0.000 total100=0.039
[train] 40:36:52<103:30:40, 0.052s/step step= 2818000 episodes= 5871 eps=0.050 replay= 39936 loss=0.00001 ext100=0.000 total100=0.039
[eval] step=2820000 episodes=5875 mean_ext_return=0.000
[train] 40:38:52<103:29:36, 0.052s/step step= 2820000 episodes= 5875 eps=0.050 replay= 39936 loss=0.00001 ext100=0.000 total100=0.040
[train] 40:40:36<103:27:52, 0.052s/step step= 2822000 episodes= 5879 eps=0.050 replay= 39936 loss=0.00000 ext100=0.000 total100=0.040
[train] 40:42:19<103:26:09, 0.052s/step step= 2824000 episodes= 5883 eps=0.050 replay= 39936 loss=0.00000 ext100=0.000 total100=0.041
[train] 40:44:03<103:24:24, 0.052s/step step= 2826000 episodes= 5887 eps=0.050 replay= 39936 loss=0.00001 ext100=0.000 total100=0.042
[train] 40:45:47<103:22:41, 0.052s/step step= 2828000 episodes= 5892 eps=0.050 replay= 39936 loss=0.00000 ext100=0.000 total100=0.041
[train] 40:47:31<103:20:57, 0.052s/step step= 2830000 episodes= 5896 eps=0.050 replay= 39936 loss=0.00001 ext100=0.000 total100=0.041
[train] 40:49:15<103:19:14, 0.052s/step step= 2832000 episodes= 5900 eps=0.050 replay= 39936 loss=0.00000 ext100=0.000 total100=0.042
[train] 40:50:59<103:17:32, 0.052s/step step= 2834000 episodes= 5904 eps=0.050 replay= 39936 loss=0.00002 ext100=0.000 total100=0.042
[train] 40:52:43<103:15:47, 0.052s/step step= 2836000 episodes= 5908 eps=0.050 replay= 39936 loss=0.00000 ext100=0.000 total100=0.043
[train] 40:54:25<103:14:00, 0.052s/step step= 2838000 episodes= 5912 eps=0.050 replay= 39936 loss=0.00001 ext100=0.000 total100=0.044
[eval] step=2840000 episodes=5917 mean_ext_return=0.000
[train] 40:56:25<103:12:56, 0.052s/step step= 2840000 episodes= 5917 eps=0.050 replay= 39936 loss=0.00001 ext100=0.000 total100=0.044
[train] 40:58:08<103:11:12, 0.052s/step step= 2842000 episodes= 5921 eps=0.050 replay= 39936 loss=0.00002 ext100=0.000 total100=0.043
[train] 40:59:52<103:09:28, 0.052s/step step= 2844000 episodes= 5925 eps=0.050 replay= 39936 loss=0.00001 ext100=0.000 total100=0.042
[train] 41:01:36<103:07:44, 0.052s/step step= 2846000 episodes= 5929 eps=0.050 replay= 39936 loss=0.00001 ext100=0.000 total100=0.041
[train] 41:03:20<103:06:01, 0.052s/step step= 2848000 episodes= 5933 eps=0.050 replay= 39936 loss=0.00001 ext100=0.000 total100=0.042
[train] 41:05:03<103:04:17, 0.052s/step step= 2850000 episodes= 5937 eps=0.050 replay= 39936 loss=0.00001 ext100=0.000 total100=0.042
[train] 41:06:48<103:02:34, 0.052s/step step= 2852000 episodes= 5942 eps=0.050 replay= 39936 loss=0.00000 ext100=0.000 total100=0.041
[train] 41:08:32<103:00:51, 0.052s/step step= 2854000 episodes= 5946 eps=0.050 replay= 39936 loss=0.00000 ext100=0.000 total100=0.042
[train] 41:10:15<102:59:06, 0.052s/step step= 2856000 episodes= 5950 eps=0.050 replay= 39936 loss=0.00000 ext100=0.000 total100=0.043
[train] 41:11:58<102:57:20, 0.052s/step step= 2858000 episodes= 5954 eps=0.050 replay= 39936 loss=0.00001 ext100=0.000 total100=0.042
[eval] step=2860000 episodes=5958 mean_ext_return=0.000
[train] 41:13:58<102:56:16, 0.052s/step step= 2860000 episodes= 5958 eps=0.050 replay= 39936 loss=0.00000 ext100=0.000 total100=0.041
[train] 41:15:41<102:54:32, 0.052s/step step= 2862000 episodes= 5962 eps=0.050 replay= 39936 loss=0.00000 ext100=0.000 total100=0.041
[train] 41:17:25<102:52:47, 0.052s/step step= 2864000 episodes= 5967 eps=0.050 replay= 39936 loss=0.00000 ext100=0.000 total100=0.042
[train] 41:19:09<102:51:03, 0.052s/step step= 2866000 episodes= 5971 eps=0.050 replay= 39936 loss=0.00001 ext100=0.000 total100=0.040
[train] 41:20:53<102:49:20, 0.052s/step step= 2868000 episodes= 5975 eps=0.050 replay= 39936 loss=0.00000 ext100=0.000 total100=0.040
[train] 41:22:36<102:47:36, 0.052s/step step= 2870000 episodes= 5979 eps=0.050 replay= 39936 loss=0.00000 ext100=0.000 total100=0.040
[train] 41:24:21<102:45:53, 0.052s/step step= 2872000 episodes= 5983 eps=0.050 replay= 39936 loss=0.00000 ext100=0.000 total100=0.038
[train] 41:26:05<102:44:10, 0.052s/step step= 2874000 episodes= 5987 eps=0.050 replay= 39936 loss=0.00001 ext100=0.000 total100=0.038
[train] 41:27:48<102:42:26, 0.052s/step step= 2876000 episodes= 5992 eps=0.050 replay= 39936 loss=0.00001 ext100=0.000 total100=0.039
[train] 41:29:31<102:40:39, 0.052s/step step= 2878000 episodes= 5996 eps=0.050 replay= 39936 loss=0.00001 ext100=0.000 total100=0.039
[eval] step=2880000 episodes=6000 mean_ext_return=0.000
[train] 41:31:31<102:39:35, 0.052s/step step= 2880000 episodes= 6000 eps=0.050 replay= 39936 loss=0.00001 ext100=0.000 total100=0.038
[train] 41:33:14<102:37:51, 0.052s/step step= 2882000 episodes= 6004 eps=0.050 replay= 39936 loss=0.00001 ext100=0.000 total100=0.038
[train] 41:34:58<102:36:06, 0.052s/step step= 2884000 episodes= 6008 eps=0.050 replay= 39936 loss=0.00000 ext100=0.000 total100=0.039
[train] 41:36:41<102:34:22, 0.052s/step step= 2886000 episodes= 6012 eps=0.050 replay= 39936 loss=0.00000 ext100=0.000 total100=0.039
[train] 41:38:26<102:32:39, 0.052s/step step= 2888000 episodes= 6017 eps=0.050 replay= 39936 loss=0.00001 ext100=0.000 total100=0.040
[train] 41:40:09<102:30:55, 0.052s/step step= 2890000 episodes= 6021 eps=0.050 replay= 39936 loss=0.00002 ext100=0.000 total100=0.039
[train] 41:41:53<102:29:12, 0.052s/step step= 2892000 episodes= 6025 eps=0.050 replay= 39936 loss=0.00000 ext100=0.000 total100=0.040
[train] 41:43:38<102:27:29, 0.052s/step step= 2894000 episodes= 6029 eps=0.050 replay= 39936 loss=0.00000 ext100=0.000 total100=0.040
[train] 41:45:21<102:25:45, 0.052s/step step= 2896000 episodes= 6033 eps=0.050 replay= 39936 loss=0.00000 ext100=0.000 total100=0.041
[train] 41:47:04<102:23:58, 0.052s/step step= 2898000 episodes= 6037 eps=0.050 replay= 39936 loss=0.00001 ext100=0.000 total100=0.040
[eval] step=2900000 episodes=6042 mean_ext_return=0.000
[train] 41:49:04<102:22:54, 0.052s/step step= 2900000 episodes= 6042 eps=0.050 replay= 39936 loss=0.00001 ext100=0.000 total100=0.040
[train] 41:50:48<102:21:09, 0.052s/step step= 2902000 episodes= 6046 eps=0.050 replay= 39936 loss=0.00000 ext100=0.000 total100=0.041
[train] 41:52:31<102:19:25, 0.052s/step step= 2904000 episodes= 6050 eps=0.050 replay= 39936 loss=0.00000 ext100=0.000 total100=0.041
[train] 41:54:14<102:17:40, 0.052s/step step= 2906000 episodes= 6054 eps=0.050 replay= 39936 loss=0.00002 ext100=0.000 total100=0.042
[train] 41:55:59<102:15:57, 0.052s/step step= 2908000 episodes= 6058 eps=0.050 replay= 39936 loss=0.00000 ext100=0.000 total100=0.042
[train] 41:57:42<102:14:13, 0.052s/step step= 2910000 episodes= 6062 eps=0.050 replay= 39936 loss=0.00001 ext100=0.000 total100=0.043
[train] 41:59:27<102:12:30, 0.052s/step step= 2912000 episodes= 6067 eps=0.050 replay= 39936 loss=0.00001 ext100=0.000 total100=0.042
[train] 42:01:11<102:10:47, 0.052s/step step= 2914000 episodes= 6071 eps=0.050 replay= 39936 loss=0.00001 ext100=0.000 total100=0.043
[train] 42:02:55<102:09:03, 0.052s/step step= 2916000 episodes= 6075 eps=0.050 replay= 39936 loss=0.00000 ext100=0.000 total100=0.044
[train] 42:04:37<102:07:17, 0.052s/step step= 2918000 episodes= 6079 eps=0.050 replay= 39936 loss=0.00001 ext100=0.000 total100=0.045
[eval] step=2920000 episodes=6083 mean_ext_return=0.000
[train] 42:06:37<102:06:11, 0.052s/step step= 2920000 episodes= 6083 eps=0.050 replay= 39936 loss=0.00001 ext100=0.000 total100=0.045
[train] 42:08:21<102:04:27, 0.052s/step step= 2922000 episodes= 6087 eps=0.050 replay= 39936 loss=0.00004 ext100=0.000 total100=0.045
[train] 42:10:04<102:02:43, 0.052s/step step= 2924000 episodes= 6092 eps=0.050 replay= 39936 loss=0.00001 ext100=0.000 total100=0.044
[train] 42:11:48<102:00:58, 0.052s/step step= 2926000 episodes= 6096 eps=0.050 replay= 39936 loss=0.00001 ext100=0.000 total100=0.043
[train] 42:13:32<101:59:15, 0.052s/step step= 2928000 episodes= 6100 eps=0.050 replay= 39936 loss=0.00001 ext100=0.000 total100=0.044
[train] 42:15:15<101:57:30, 0.052s/step step= 2930000 episodes= 6104 eps=0.050 replay= 39936 loss=0.00001 ext100=0.000 total100=0.043
[train] 42:16:59<101:55:47, 0.052s/step step= 2932000 episodes= 6108 eps=0.050 replay= 39936 loss=0.00000 ext100=0.000 total100=0.043
[train] 42:18:43<101:54:04, 0.052s/step step= 2934000 episodes= 6112 eps=0.050 replay= 39936 loss=0.00000 ext100=0.000 total100=0.043
[train] 42:20:27<101:52:20, 0.052s/step step= 2936000 episodes= 6117 eps=0.050 replay= 39936 loss=0.00001 ext100=0.000 total100=0.042
[train] 42:22:10<101:50:33, 0.052s/step step= 2938000 episodes= 6121 eps=0.050 replay= 39936 loss=0.00003 ext100=0.000 total100=0.043
[eval] step=2940000 episodes=6125 mean_ext_return=0.000
[train] 42:24:09<101:49:27, 0.052s/step step= 2940000 episodes= 6125 eps=0.050 replay= 39936 loss=0.00001 ext100=0.000 total100=0.042
[train] 42:25:53<101:47:43, 0.052s/step step= 2942000 episodes= 6129 eps=0.050 replay= 39936 loss=0.00001 ext100=0.000 total100=0.042
[train] 42:27:37<101:45:58, 0.052s/step step= 2944000 episodes= 6133 eps=0.050 replay= 39936 loss=0.00001 ext100=0.000 total100=0.041
[train] 42:29:20<101:44:14, 0.052s/step step= 2946000 episodes= 6137 eps=0.050 replay= 39936 loss=0.00001 ext100=0.000 total100=0.041
[train] 42:31:04<101:42:31, 0.052s/step step= 2948000 episodes= 6142 eps=0.050 replay= 39936 loss=0.00001 ext100=0.000 total100=0.042
[train] 42:32:48<101:40:46, 0.052s/step step= 2950000 episodes= 6146 eps=0.050 replay= 39936 loss=0.00000 ext100=0.000 total100=0.041
[train] 42:34:32<101:39:03, 0.052s/step step= 2952000 episodes= 6150 eps=0.050 replay= 39936 loss=0.00001 ext100=0.000 total100=0.041
[train] 42:36:16<101:37:20, 0.052s/step step= 2954000 episodes= 6154 eps=0.050 replay= 39936 loss=0.00002 ext100=0.000 total100=0.041
[train] 42:38:00<101:35:35, 0.052s/step step= 2956000 episodes= 6158 eps=0.050 replay= 39936 loss=0.00001 ext100=0.000 total100=0.041
[train] 42:39:42<101:33:49, 0.052s/step step= 2958000 episodes= 6162 eps=0.050 replay= 39936 loss=0.00001 ext100=0.000 total100=0.040
[eval] step=2960000 episodes=6167 mean_ext_return=0.000
[train] 42:41:42<101:32:43, 0.052s/step step= 2960000 episodes= 6167 eps=0.050 replay= 39936 loss=0.00001 ext100=0.000 total100=0.040
[train] 42:43:26<101:30:59, 0.052s/step step= 2962000 episodes= 6171 eps=0.050 replay= 39936 loss=0.00001 ext100=0.000 total100=0.040
[train] 42:45:10<101:29:14, 0.052s/step step= 2964000 episodes= 6175 eps=0.050 replay= 39936 loss=0.00000 ext100=0.000 total100=0.038
[train] 42:46:53<101:27:30, 0.052s/step step= 2966000 episodes= 6179 eps=0.050 replay= 39936 loss=0.00001 ext100=0.000 total100=0.038
[train] 42:48:37<101:25:46, 0.052s/step step= 2968000 episodes= 6183 eps=0.050 replay= 39936 loss=0.00001 ext100=0.000 total100=0.036
[train] 42:50:21<101:24:02, 0.052s/step step= 2970000 episodes= 6187 eps=0.050 replay= 39936 loss=0.00001 ext100=0.000 total100=0.037
[train] 42:52:05<101:22:19, 0.052s/step step= 2972000 episodes= 6192 eps=0.050 replay= 39936 loss=0.00000 ext100=0.000 total100=0.038
[train] 42:53:49<101:20:36, 0.052s/step step= 2974000 episodes= 6196 eps=0.050 replay= 39936 loss=0.00001 ext100=0.000 total100=0.038
[train] 42:55:33<101:18:51, 0.052s/step step= 2976000 episodes= 6200 eps=0.050 replay= 39936 loss=0.00000 ext100=0.000 total100=0.037
[train] 42:57:16<101:17:05, 0.052s/step step= 2978000 episodes= 6204 eps=0.050 replay= 39936 loss=0.00001 ext100=0.000 total100=0.038
[eval] step=2980000 episodes=6208 mean_ext_return=0.000
[train] 42:59:16<101:15:59, 0.052s/step step= 2980000 episodes= 6208 eps=0.050 replay= 39936 loss=0.00001 ext100=0.000 total100=0.037
[train] 43:00:59<101:14:15, 0.052s/step step= 2982000 episodes= 6212 eps=0.050 replay= 39936 loss=0.00000 ext100=0.000 total100=0.037
[train] 43:02:43<101:12:30, 0.052s/step step= 2984000 episodes= 6217 eps=0.050 replay= 39936 loss=0.00001 ext100=0.000 total100=0.037
[train] 43:04:27<101:10:46, 0.052s/step step= 2986000 episodes= 6221 eps=0.050 replay= 39936 loss=0.00001 ext100=0.000 total100=0.037
[train] 43:06:11<101:09:03, 0.052s/step step= 2988000 episodes= 6225 eps=0.050 replay= 39936 loss=0.00001 ext100=0.000 total100=0.037
[train] 43:07:54<101:07:19, 0.052s/step step= 2990000 episodes= 6229 eps=0.050 replay= 39936 loss=0.00001 ext100=0.000 total100=0.036
[train] 43:09:38<101:05:35, 0.052s/step step= 2992000 episodes= 6233 eps=0.050 replay= 39936 loss=0.00001 ext100=0.000 total100=0.037
[train] 43:11:23<101:03:52, 0.052s/step step= 2994000 episodes= 6237 eps=0.050 replay= 39936 loss=0.00001 ext100=0.000 total100=0.037
[train] 43:13:06<101:02:08, 0.052s/step step= 2996000 episodes= 6242 eps=0.050 replay= 39936 loss=0.00000 ext100=0.000 total100=0.037
[train] 43:14:49<101:00:21, 0.052s/step step= 2998000 episodes= 6246 eps=0.050 replay= 39936 loss=0.00000 ext100=0.000 total100=0.038
[eval] step=3000000 episodes=6250 mean_ext_return=0.000
[train] 43:16:49<100:59:14, 0.052s/step step= 3000000 episodes= 6250 eps=0.050 replay= 39936 loss=0.00001 ext100=0.000 total100=0.038
[train] 43:18:32<100:57:29, 0.052s/step step= 3002000 episodes= 6254 eps=0.050 replay= 39936 loss=0.00001 ext100=0.000 total100=0.036
[train] 43:20:16<100:55:45, 0.052s/step step= 3004000 episodes= 6258 eps=0.050 replay= 39936 loss=0.00001 ext100=0.000 total100=0.035
[train] 43:21:59<100:54:01, 0.052s/step step= 3006000 episodes= 6262 eps=0.050 replay= 39936 loss=0.00001 ext100=0.000 total100=0.035
[train] 43:23:44<100:52:17, 0.052s/step step= 3008000 episodes= 6267 eps=0.050 replay= 39936 loss=0.00001 ext100=0.000 total100=0.035
[train] 43:25:27<100:50:33, 0.052s/step step= 3010000 episodes= 6271 eps=0.050 replay= 39936 loss=0.00001 ext100=0.000 total100=0.036
[train] 43:27:11<100:48:50, 0.052s/step step= 3012000 episodes= 6275 eps=0.050 replay= 39936 loss=0.00001 ext100=0.000 total100=0.036
[train] 43:28:55<100:47:06, 0.052s/step step= 3014000 episodes= 6279 eps=0.050 replay= 39936 loss=0.00001 ext100=0.000 total100=0.035
[train] 43:30:39<100:45:22, 0.052s/step step= 3016000 episodes= 6283 eps=0.050 replay= 39936 loss=0.00001 ext100=0.000 total100=0.036
[train] 43:32:22<100:43:35, 0.052s/step step= 3018000 episodes= 6287 eps=0.050 replay= 39936 loss=0.00001 ext100=0.000 total100=0.036
[eval] step=3020000 episodes=6292 mean_ext_return=0.000
[train] 43:34:21<100:42:28, 0.052s/step step= 3020000 episodes= 6292 eps=0.050 replay= 39936 loss=0.00000 ext100=0.000 total100=0.036
[train] 43:36:05<100:40:44, 0.052s/step step= 3022000 episodes= 6296 eps=0.050 replay= 39936 loss=0.00001 ext100=0.000 total100=0.037
[train] 43:37:49<100:38:59, 0.052s/step step= 3024000 episodes= 6300 eps=0.050 replay= 39936 loss=0.00001 ext100=0.000 total100=0.037
[train] 43:39:32<100:37:14, 0.052s/step step= 3026000 episodes= 6304 eps=0.050 replay= 39936 loss=0.00002 ext100=0.000 total100=0.036
[train] 43:41:16<100:35:31, 0.052s/step step= 3028000 episodes= 6308 eps=0.050 replay= 39936 loss=0.00001 ext100=0.000 total100=0.036
[train] 43:43:00<100:33:46, 0.052s/step step= 3030000 episodes= 6312 eps=0.050 replay= 39936 loss=0.00000 ext100=0.000 total100=0.037
[train] 43:44:44<100:32:03, 0.052s/step step= 3032000 episodes= 6317 eps=0.050 replay= 39936 loss=0.00000 ext100=0.000 total100=0.037
[train] 43:46:28<100:30:20, 0.052s/step step= 3034000 episodes= 6321 eps=0.050 replay= 39936 loss=0.00001 ext100=0.000 total100=0.037
[train] 43:48:12<100:28:35, 0.052s/step step= 3036000 episodes= 6325 eps=0.050 replay= 39936 loss=0.00001 ext100=0.000 total100=0.036
[train] 43:49:54<100:26:48, 0.052s/step step= 3038000 episodes= 6329 eps=0.050 replay= 39936 loss=0.00001 ext100=0.000 total100=0.037
[eval] step=3040000 episodes=6333 mean_ext_return=0.000
[train] 43:51:54<100:25:41, 0.052s/step step= 3040000 episodes= 6333 eps=0.050 replay= 39936 loss=0.00000 ext100=0.000 total100=0.036
[train] 43:53:38<100:23:56, 0.052s/step step= 3042000 episodes= 6337 eps=0.050 replay= 39936 loss=0.00001 ext100=0.000 total100=0.035
[train] 43:55:21<100:22:12, 0.052s/step step= 3044000 episodes= 6342 eps=0.050 replay= 39936 loss=0.00000 ext100=0.000 total100=0.033
[train] 43:57:05<100:20:27, 0.052s/step step= 3046000 episodes= 6346 eps=0.050 replay= 39936 loss=0.00000 ext100=0.000 total100=0.032
[train] 43:58:49<100:18:44, 0.052s/step step= 3048000 episodes= 6350 eps=0.050 replay= 39936 loss=0.00000 ext100=0.000 total100=0.032
[train] 44:00:33<100:16:59, 0.052s/step step= 3050000 episodes= 6354 eps=0.050 replay= 39936 loss=0.00002 ext100=0.000 total100=0.033
[train] 44:02:17<100:15:16, 0.052s/step step= 3052000 episodes= 6358 eps=0.050 replay= 39936 loss=0.00001 ext100=0.000 total100=0.034
[train] 44:04:01<100:13:32, 0.052s/step step= 3054000 episodes= 6362 eps=0.050 replay= 39936 loss=0.00001 ext100=0.000 total100=0.034
[train] 44:05:44<100:11:47, 0.052s/step step= 3056000 episodes= 6367 eps=0.050 replay= 39936 loss=0.00001 ext100=0.000 total100=0.034
[train] 44:07:27<100:10:01, 0.052s/step step= 3058000 episodes= 6371 eps=0.050 replay= 39936 loss=0.00003 ext100=0.000 total100=0.032
[eval] step=3060000 episodes=6375 mean_ext_return=0.000
[train] 44:09:27<100:08:53, 0.052s/step step= 3060000 episodes= 6375 eps=0.050 replay= 39936 loss=0.00000 ext100=0.000 total100=0.033
[train] 44:11:10<100:07:08, 0.052s/step step= 3062000 episodes= 6379 eps=0.050 replay= 39936 loss=0.00001 ext100=0.000 total100=0.033
[train] 44:12:54<100:05:24, 0.052s/step step= 3064000 episodes= 6383 eps=0.050 replay= 39936 loss=0.00000 ext100=0.000 total100=0.033
[train] 44:14:38<100:03:40, 0.052s/step step= 3066000 episodes= 6387 eps=0.050 replay= 39936 loss=0.00002 ext100=0.000 total100=0.033
[train] 44:16:22<100:01:56, 0.052s/step step= 3068000 episodes= 6392 eps=0.050 replay= 39936 loss=0.00001 ext100=0.000 total100=0.033
[train] 44:18:05<100:00:11, 0.052s/step step= 3070000 episodes= 6396 eps=0.050 replay= 39936 loss=0.00001 ext100=0.000 total100=0.032
[train] 44:19:49<99:58:28, 0.052s/step step= 3072000 episodes= 6400 eps=0.050 replay= 39936 loss=0.00001 ext100=0.000 total100=0.031
[train] 44:21:34<99:56:45, 0.052s/step step= 3074000 episodes= 6404 eps=0.050 replay= 39936 loss=0.00001 ext100=0.000 total100=0.032
[train] 44:23:17<99:55:00, 0.052s/step step= 3076000 episodes= 6408 eps=0.050 replay= 39936 loss=0.00000 ext100=0.000 total100=0.032
[train] 44:25:00<99:53:13, 0.052s/step step= 3078000 episodes= 6412 eps=0.050 replay= 39936 loss=0.00000 ext100=0.000 total100=0.031
[eval] step=3080000 episodes=6417 mean_ext_return=0.000
[train] 44:27:00<99:52:05, 0.052s/step step= 3080000 episodes= 6417 eps=0.050 replay= 39936 loss=0.00001 ext100=0.000 total100=0.031
[train] 44:28:43<99:50:21, 0.052s/step step= 3082000 episodes= 6421 eps=0.050 replay= 39936 loss=0.00002 ext100=0.000 total100=0.031
[train] 44:30:27<99:48:37, 0.052s/step step= 3084000 episodes= 6425 eps=0.050 replay= 39936 loss=0.00001 ext100=0.000 total100=0.032
[train] 44:32:11<99:46:52, 0.052s/step step= 3086000 episodes= 6429 eps=0.050 replay= 39936 loss=0.00000 ext100=0.000 total100=0.031
[train] 44:33:55<99:45:09, 0.052s/step step= 3088000 episodes= 6433 eps=0.050 replay= 39936 loss=0.00000 ext100=0.000 total100=0.031
[train] 44:35:39<99:43:24, 0.052s/step step= 3090000 episodes= 6437 eps=0.050 replay= 39936 loss=0.00001 ext100=0.000 total100=0.032
[train] 44:37:23<99:41:41, 0.052s/step step= 3092000 episodes= 6442 eps=0.050 replay= 39936 loss=0.00001 ext100=0.000 total100=0.033
[train] 44:39:07<99:39:57, 0.052s/step step= 3094000 episodes= 6446 eps=0.050 replay= 39936 loss=0.00000 ext100=0.000 total100=0.032
[train] 44:40:50<99:38:12, 0.052s/step step= 3096000 episodes= 6450 eps=0.050 replay= 39936 loss=0.00000 ext100=0.000 total100=0.032
[train] 44:42:33<99:36:26, 0.052s/step step= 3098000 episodes= 6454 eps=0.050 replay= 39936 loss=0.00001 ext100=0.000 total100=0.031
[eval] step=3100000 episodes=6458 mean_ext_return=0.000
[train] 44:44:32<99:35:17, 0.052s/step step= 3100000 episodes= 6458 eps=0.050 replay= 39936 loss=0.00000 ext100=0.000 total100=0.031
[train] 44:46:17<99:33:33, 0.052s/step step= 3102000 episodes= 6462 eps=0.050 replay= 39936 loss=0.00000 ext100=0.000 total100=0.031
[train] 44:48:00<99:31:48, 0.052s/step step= 3104000 episodes= 6467 eps=0.050 replay= 39936 loss=0.00000 ext100=0.000 total100=0.032
[train] 44:49:44<99:30:04, 0.052s/step step= 3106000 episodes= 6471 eps=0.050 replay= 39936 loss=0.00000 ext100=0.000 total100=0.032
[train] 44:51:28<99:28:20, 0.052s/step step= 3108000 episodes= 6475 eps=0.050 replay= 39936 loss=0.00001 ext100=0.000 total100=0.032
[train] 44:53:11<99:26:36, 0.052s/step step= 3110000 episodes= 6479 eps=0.050 replay= 39936 loss=0.00001 ext100=0.000 total100=0.032
[train] 44:54:56<99:24:52, 0.052s/step step= 3112000 episodes= 6483 eps=0.050 replay= 39936 loss=0.00001 ext100=0.000 total100=0.032
[train] 44:56:40<99:23:09, 0.052s/step step= 3114000 episodes= 6487 eps=0.050 replay= 39936 loss=0.00002 ext100=0.000 total100=0.032
[train] 44:58:23<99:21:25, 0.052s/step step= 3116000 episodes= 6492 eps=0.050 replay= 39936 loss=0.00000 ext100=0.000 total100=0.031
[train] 45:00:06<99:19:38, 0.052s/step step= 3118000 episodes= 6496 eps=0.050 replay= 39936 loss=0.00000 ext100=0.000 total100=0.031
[eval] step=3120000 episodes=6500 mean_ext_return=0.000
[train] 45:02:05<99:18:28, 0.052s/step step= 3120000 episodes= 6500 eps=0.050 replay= 39936 loss=0.00000 ext100=0.000 total100=0.032
[train] 45:03:49<99:16:44, 0.052s/step step= 3122000 episodes= 6504 eps=0.050 replay= 39936 loss=0.00001 ext100=0.000 total100=0.032
[train] 45:05:33<99:15:00, 0.052s/step step= 3124000 episodes= 6508 eps=0.050 replay= 39936 loss=0.00000 ext100=0.000 total100=0.032
[train] 45:07:17<99:13:15, 0.052s/step step= 3126000 episodes= 6512 eps=0.050 replay= 39936 loss=0.00001 ext100=0.000 total100=0.032
[train] 45:09:01<99:11:32, 0.052s/step step= 3128000 episodes= 6517 eps=0.050 replay= 39936 loss=0.00000 ext100=0.000 total100=0.032
[train] 45:10:44<99:09:47, 0.052s/step step= 3130000 episodes= 6521 eps=0.050 replay= 39936 loss=0.00001 ext100=0.000 total100=0.033
[train] 45:12:28<99:08:03, 0.052s/step step= 3132000 episodes= 6525 eps=0.050 replay= 39936 loss=0.00001 ext100=0.000 total100=0.033
[train] 45:14:12<99:06:19, 0.052s/step step= 3134000 episodes= 6529 eps=0.050 replay= 39936 loss=0.00000 ext100=0.000 total100=0.034
[train] 45:15:56<99:04:34, 0.052s/step step= 3136000 episodes= 6533 eps=0.050 replay= 39936 loss=0.00000 ext100=0.000 total100=0.033
[train] 45:17:39<99:02:48, 0.052s/step step= 3138000 episodes= 6537 eps=0.050 replay= 39936 loss=0.00001 ext100=0.000 total100=0.033
[eval] step=3140000 episodes=6542 mean_ext_return=0.000
[train] 45:19:38<99:01:38, 0.052s/step step= 3140000 episodes= 6542 eps=0.050 replay= 39936 loss=0.00001 ext100=0.000 total100=0.034
[train] 45:21:22<98:59:54, 0.052s/step step= 3142000 episodes= 6546 eps=0.050 replay= 39936 loss=0.00001 ext100=0.000 total100=0.034
[train] 45:23:05<98:58:09, 0.052s/step step= 3144000 episodes= 6550 eps=0.050 replay= 39936 loss=0.00000 ext100=0.000 total100=0.035
[train] 45:24:49<98:56:24, 0.052s/step step= 3146000 episodes= 6554 eps=0.050 replay= 39936 loss=0.00001 ext100=0.000 total100=0.035
[train] 45:26:33<98:54:41, 0.052s/step step= 3148000 episodes= 6558 eps=0.050 replay= 39936 loss=0.00000 ext100=0.000 total100=0.035
[train] 45:28:17<98:52:56, 0.052s/step step= 3150000 episodes= 6562 eps=0.050 replay= 39936 loss=0.00000 ext100=0.000 total100=0.036
[train] 45:30:01<98:51:13, 0.052s/step step= 3152000 episodes= 6567 eps=0.050 replay= 39936 loss=0.00000 ext100=0.000 total100=0.034
[train] 45:31:45<98:49:29, 0.052s/step step= 3154000 episodes= 6571 eps=0.050 replay= 39936 loss=0.00001 ext100=0.000 total100=0.034
[train] 45:33:29<98:47:44, 0.052s/step step= 3156000 episodes= 6575 eps=0.050 replay= 39936 loss=0.00000 ext100=0.000 total100=0.034
[train] 45:35:11<98:45:58, 0.052s/step step= 3158000 episodes= 6579 eps=0.050 replay= 39936 loss=0.00000 ext100=0.000 total100=0.035
[eval] step=3160000 episodes=6583 mean_ext_return=0.000
[train] 45:37:10<98:44:47, 0.052s/step step= 3160000 episodes= 6583 eps=0.050 replay= 39936 loss=0.00000 ext100=0.000 total100=0.034
[train] 45:38:55<98:43:03, 0.052s/step step= 3162000 episodes= 6587 eps=0.050 replay= 39936 loss=0.00001 ext100=0.000 total100=0.034
[train] 45:40:38<98:41:19, 0.052s/step step= 3164000 episodes= 6592 eps=0.050 replay= 39936 loss=0.00000 ext100=0.000 total100=0.035
[train] 45:42:22<98:39:34, 0.052s/step step= 3166000 episodes= 6596 eps=0.050 replay= 39936 loss=0.00001 ext100=0.000 total100=0.035
[train] 45:44:06<98:37:50, 0.052s/step step= 3168000 episodes= 6600 eps=0.050 replay= 39936 loss=0.00000 ext100=0.000 total100=0.035
[train] 45:45:50<98:36:06, 0.052s/step step= 3170000 episodes= 6604 eps=0.050 replay= 39936 loss=0.00001 ext100=0.000 total100=0.034
[train] 45:47:34<98:34:22, 0.052s/step step= 3172000 episodes= 6608 eps=0.050 replay= 39936 loss=0.00000 ext100=0.000 total100=0.033
[train] 45:49:18<98:32:38, 0.052s/step step= 3174000 episodes= 6612 eps=0.050 replay= 39936 loss=0.00000 ext100=0.000 total100=0.034
[train] 45:51:01<98:30:53, 0.052s/step step= 3176000 episodes= 6617 eps=0.050 replay= 39936 loss=0.00001 ext100=0.000 total100=0.033
[train] 45:52:44<98:29:07, 0.052s/step step= 3178000 episodes= 6621 eps=0.050 replay= 39936 loss=0.00001 ext100=0.000 total100=0.033
[eval] step=3180000 episodes=6625 mean_ext_return=0.000
[train] 45:54:43<98:27:55, 0.052s/step step= 3180000 episodes= 6625 eps=0.050 replay= 39936 loss=0.00001 ext100=0.000 total100=0.032
[train] 45:56:27<98:26:12, 0.052s/step step= 3182000 episodes= 6629 eps=0.050 replay= 39936 loss=0.00001 ext100=0.000 total100=0.033
[train] 45:58:11<98:24:28, 0.052s/step step= 3184000 episodes= 6633 eps=0.050 replay= 39936 loss=0.00000 ext100=0.000 total100=0.033
[train] 45:59:55<98:22:43, 0.052s/step step= 3186000 episodes= 6637 eps=0.050 replay= 39936 loss=0.00001 ext100=0.000 total100=0.033
[train] 46:01:39<98:20:59, 0.052s/step step= 3188000 episodes= 6642 eps=0.050 replay= 39936 loss=0.00000 ext100=0.000 total100=0.033
[train] 46:03:22<98:19:14, 0.052s/step step= 3190000 episodes= 6646 eps=0.050 replay= 39936 loss=0.00001 ext100=0.000 total100=0.033
[train] 46:05:06<98:17:31, 0.052s/step step= 3192000 episodes= 6650 eps=0.050 replay= 39936 loss=0.00000 ext100=0.000 total100=0.033
[train] 46:06:50<98:15:47, 0.052s/step step= 3194000 episodes= 6654 eps=0.050 replay= 39936 loss=0.00000 ext100=0.000 total100=0.033
[train] 46:08:34<98:14:02, 0.052s/step step= 3196000 episodes= 6658 eps=0.050 replay= 39936 loss=0.00000 ext100=0.000 total100=0.033
[train] 46:10:17<98:12:16, 0.052s/step step= 3198000 episodes= 6662 eps=0.050 replay= 39936 loss=0.00000 ext100=0.000 total100=0.033
[eval] step=3200000 episodes=6667 mean_ext_return=0.000
[train] 46:12:16<98:11:04, 0.052s/step step= 3200000 episodes= 6667 eps=0.050 replay= 39936 loss=0.00000 ext100=0.000 total100=0.033
[train] 46:14:00<98:09:20, 0.052s/step step= 3202000 episodes= 6671 eps=0.050 replay= 39936 loss=0.00001 ext100=0.000 total100=0.034
[train] 46:15:43<98:07:35, 0.052s/step step= 3204000 episodes= 6675 eps=0.050 replay= 39936 loss=0.00000 ext100=0.000 total100=0.034
[train] 46:17:27<98:05:50, 0.052s/step step= 3206000 episodes= 6679 eps=0.050 replay= 39936 loss=0.00000 ext100=0.000 total100=0.034
[train] 46:19:11<98:04:07, 0.052s/step step= 3208000 episodes= 6683 eps=0.050 replay= 39936 loss=0.00000 ext100=0.000 total100=0.034
[train] 46:20:55<98:02:23, 0.052s/step step= 3210000 episodes= 6687 eps=0.050 replay= 39936 loss=0.00001 ext100=0.000 total100=0.035
[train] 46:22:39<98:00:39, 0.052s/step step= 3212000 episodes= 6692 eps=0.050 replay= 39936 loss=0.00000 ext100=0.000 total100=0.036
[train] 46:24:23<97:58:55, 0.052s/step step= 3214000 episodes= 6696 eps=0.050 replay= 39936 loss=0.00000 ext100=0.000 total100=0.035
[train] 46:26:06<97:57:10, 0.052s/step step= 3216000 episodes= 6700 eps=0.050 replay= 39936 loss=0.00001 ext100=0.000 total100=0.036
[train] 46:27:49<97:55:23, 0.052s/step step= 3218000 episodes= 6704 eps=0.050 replay= 39936 loss=0.00002 ext100=0.000 total100=0.037
[eval] step=3220000 episodes=6708 mean_ext_return=0.000
[train] 46:29:48<97:54:12, 0.052s/step step= 3220000 episodes= 6708 eps=0.050 replay= 39936 loss=0.00000 ext100=0.000 total100=0.037
[train] 46:31:32<97:52:28, 0.052s/step step= 3222000 episodes= 6712 eps=0.050 replay= 39936 loss=0.00000 ext100=0.000 total100=0.036
[train] 46:33:16<97:50:43, 0.052s/step step= 3224000 episodes= 6717 eps=0.050 replay= 39936 loss=0.00000 ext100=0.000 total100=0.035
[train] 46:35:00<97:48:58, 0.052s/step step= 3226000 episodes= 6721 eps=0.050 replay= 39936 loss=0.00000 ext100=0.000 total100=0.035
[train] 46:36:44<97:47:15, 0.052s/step step= 3228000 episodes= 6725 eps=0.050 replay= 39936 loss=0.00000 ext100=0.000 total100=0.036
[train] 46:38:27<97:45:30, 0.052s/step step= 3230000 episodes= 6729 eps=0.050 replay= 39936 loss=0.00000 ext100=0.000 total100=0.034
[train] 46:40:12<97:43:47, 0.052s/step step= 3232000 episodes= 6733 eps=0.050 replay= 39936 loss=0.00000 ext100=0.000 total100=0.035
[train] 46:41:56<97:42:03, 0.052s/step step= 3234000 episodes= 6737 eps=0.050 replay= 39936 loss=0.00001 ext100=0.000 total100=0.035
[train] 46:43:39<97:40:18, 0.052s/step step= 3236000 episodes= 6742 eps=0.050 replay= 39936 loss=0.00001 ext100=0.000 total100=0.033
[train] 46:45:22<97:38:32, 0.052s/step step= 3238000 episodes= 6746 eps=0.050 replay= 39936 loss=0.00001 ext100=0.000 total100=0.033
[eval] step=3240000 episodes=6750 mean_ext_return=0.000
[train] 46:47:21<97:37:20, 0.052s/step step= 3240000 episodes= 6750 eps=0.050 replay= 39936 loss=0.00000 ext100=0.000 total100=0.033
[train] 46:49:05<97:35:36, 0.052s/step step= 3242000 episodes= 6754 eps=0.050 replay= 39936 loss=0.00001 ext100=0.000 total100=0.033
[train] 46:50:49<97:33:52, 0.052s/step step= 3244000 episodes= 6758 eps=0.050 replay= 39936 loss=0.00001 ext100=0.000 total100=0.033
[train] 46:52:33<97:32:07, 0.052s/step step= 3246000 episodes= 6762 eps=0.050 replay= 39936 loss=0.00000 ext100=0.000 total100=0.032
[train] 46:54:17<97:30:23, 0.052s/step step= 3248000 episodes= 6767 eps=0.050 replay= 39936 loss=0.00000 ext100=0.000 total100=0.032
[train] 46:56:00<97:28:38, 0.052s/step step= 3250000 episodes= 6771 eps=0.050 replay= 39936 loss=0.00000 ext100=0.000 total100=0.032
[train] 46:57:44<97:26:54, 0.052s/step step= 3252000 episodes= 6775 eps=0.050 replay= 39936 loss=0.00001 ext100=0.000 total100=0.031
[train] 46:59:28<97:25:10, 0.052s/step step= 3254000 episodes= 6779 eps=0.050 replay= 39936 loss=0.00000 ext100=0.000 total100=0.030
[train] 47:01:12<97:23:25, 0.052s/step step= 3256000 episodes= 6783 eps=0.050 replay= 39936 loss=0.00000 ext100=0.000 total100=0.031
[train] 47:02:54<97:21:39, 0.052s/step step= 3258000 episodes= 6787 eps=0.050 replay= 39936 loss=0.00001 ext100=0.000 total100=0.031
[eval] step=3260000 episodes=6792 mean_ext_return=0.000
[train] 47:04:54<97:20:26, 0.052s/step step= 3260000 episodes= 6792 eps=0.050 replay= 39936 loss=0.00000 ext100=0.000 total100=0.031
[train] 47:06:38<97:18:42, 0.052s/step step= 3262000 episodes= 6796 eps=0.050 replay= 39936 loss=0.00000 ext100=0.000 total100=0.031
[train] 47:08:21<97:16:58, 0.052s/step step= 3264000 episodes= 6800 eps=0.050 replay= 39936 loss=0.00001 ext100=0.000 total100=0.030
[train] 47:10:05<97:15:13, 0.052s/step step= 3266000 episodes= 6804 eps=0.050 replay= 39936 loss=0.00001 ext100=0.000 total100=0.031
[train] 47:11:49<97:13:29, 0.052s/step step= 3268000 episodes= 6808 eps=0.050 replay= 39936 loss=0.00000 ext100=0.000 total100=0.030
[train] 47:13:33<97:11:45, 0.052s/step step= 3270000 episodes= 6812 eps=0.050 replay= 39936 loss=0.00000 ext100=0.000 total100=0.031
[train] 47:15:17<97:10:01, 0.052s/step step= 3272000 episodes= 6817 eps=0.050 replay= 39936 loss=0.00001 ext100=0.000 total100=0.032
[train] 47:17:01<97:08:17, 0.052s/step step= 3274000 episodes= 6821 eps=0.050 replay= 39936 loss=0.00001 ext100=0.000 total100=0.032
[train] 47:18:44<97:06:32, 0.052s/step step= 3276000 episodes= 6825 eps=0.050 replay= 39936 loss=0.00001 ext100=0.000 total100=0.031
[train] 47:20:27<97:04:46, 0.052s/step step= 3278000 episodes= 6829 eps=0.050 replay= 39936 loss=0.00000 ext100=0.000 total100=0.031
[eval] step=3280000 episodes=6833 mean_ext_return=0.000
[train] 47:22:27<97:03:33, 0.052s/step step= 3280000 episodes= 6833 eps=0.050 replay= 39936 loss=0.00000 ext100=0.000 total100=0.031
[train] 47:24:11<97:01:49, 0.052s/step step= 3282000 episodes= 6837 eps=0.050 replay= 39936 loss=0.00002 ext100=0.000 total100=0.031
[train] 47:25:54<97:00:04, 0.052s/step step= 3284000 episodes= 6842 eps=0.050 replay= 39936 loss=0.00000 ext100=0.000 total100=0.033
[train] 47:27:38<96:58:19, 0.052s/step step= 3286000 episodes= 6846 eps=0.050 replay= 39936 loss=0.00000 ext100=0.000 total100=0.034
[train] 47:29:22<96:56:35, 0.052s/step step= 3288000 episodes= 6850 eps=0.050 replay= 39936 loss=0.00001 ext100=0.000 total100=0.032
[train] 47:31:05<96:54:51, 0.052s/step step= 3290000 episodes= 6854 eps=0.050 replay= 39936 loss=0.00001 ext100=0.000 total100=0.033
[train] 47:32:49<96:53:07, 0.052s/step step= 3292000 episodes= 6858 eps=0.050 replay= 39936 loss=0.00000 ext100=0.000 total100=0.033
[train] 47:34:34<96:51:24, 0.052s/step step= 3294000 episodes= 6862 eps=0.050 replay= 39936 loss=0.00001 ext100=0.000 total100=0.033
[train] 47:36:17<96:49:39, 0.052s/step step= 3296000 episodes= 6867 eps=0.050 replay= 39936 loss=0.00001 ext100=0.000 total100=0.033
[train] 47:38:00<96:47:52, 0.052s/step step= 3298000 episodes= 6871 eps=0.050 replay= 39936 loss=0.00001 ext100=0.000 total100=0.034
[eval] step=3300000 episodes=6875 mean_ext_return=0.000
[train] 47:39:59<96:46:39, 0.052s/step step= 3300000 episodes= 6875 eps=0.050 replay= 39936 loss=0.00000 ext100=0.000 total100=0.035
[train] 47:41:43<96:44:55, 0.052s/step step= 3302000 episodes= 6879 eps=0.050 replay= 39936 loss=0.00000 ext100=0.000 total100=0.035
[train] 47:43:27<96:43:11, 0.052s/step step= 3304000 episodes= 6883 eps=0.050 replay= 39936 loss=0.00000 ext100=0.000 total100=0.034
[train] 47:45:11<96:41:26, 0.052s/step step= 3306000 episodes= 6887 eps=0.050 replay= 39936 loss=0.00001 ext100=0.000 total100=0.033
[train] 47:46:55<96:39:42, 0.052s/step step= 3308000 episodes= 6892 eps=0.050 replay= 39936 loss=0.00000 ext100=0.000 total100=0.032
[train] 47:48:39<96:37:57, 0.052s/step step= 3310000 episodes= 6896 eps=0.050 replay= 39936 loss=0.00000 ext100=0.000 total100=0.032
[train] 47:50:23<96:36:14, 0.052s/step step= 3312000 episodes= 6900 eps=0.050 replay= 39936 loss=0.00000 ext100=0.000 total100=0.032
[train] 47:52:07<96:34:30, 0.052s/step step= 3314000 episodes= 6904 eps=0.050 replay= 39936 loss=0.00001 ext100=0.000 total100=0.030
[train] 47:53:50<96:32:45, 0.052s/step step= 3316000 episodes= 6908 eps=0.050 replay= 39936 loss=0.00000 ext100=0.000 total100=0.030
[train] 47:55:33<96:30:59, 0.052s/step step= 3318000 episodes= 6912 eps=0.050 replay= 39936 loss=0.00001 ext100=0.000 total100=0.031
[eval] step=3320000 episodes=6917 mean_ext_return=0.000
[train] 47:57:33<96:29:46, 0.052s/step step= 3320000 episodes= 6917 eps=0.050 replay= 39936 loss=0.00001 ext100=0.000 total100=0.032
[train] 47:59:17<96:28:02, 0.052s/step step= 3322000 episodes= 6921 eps=0.050 replay= 39936 loss=0.00001 ext100=0.000 total100=0.031
[train] 48:01:00<96:26:17, 0.052s/step step= 3324000 episodes= 6925 eps=0.050 replay= 39936 loss=0.00000 ext100=0.000 total100=0.032
[train] 48:02:44<96:24:32, 0.052s/step step= 3326000 episodes= 6929 eps=0.050 replay= 39936 loss=0.00000 ext100=0.000 total100=0.033
[train] 48:04:28<96:22:48, 0.052s/step step= 3328000 episodes= 6933 eps=0.050 replay= 39936 loss=0.00000 ext100=0.000 total100=0.032
[train] 48:06:12<96:21:04, 0.052s/step step= 3330000 episodes= 6937 eps=0.050 replay= 39936 loss=0.00001 ext100=0.000 total100=0.033
[train] 48:07:56<96:19:20, 0.052s/step step= 3332000 episodes= 6942 eps=0.050 replay= 39936 loss=0.00000 ext100=0.000 total100=0.032
[train] 48:09:40<96:17:36, 0.052s/step step= 3334000 episodes= 6946 eps=0.050 replay= 39936 loss=0.00000 ext100=0.000 total100=0.032
[train] 48:11:23<96:15:51, 0.052s/step step= 3336000 episodes= 6950 eps=0.050 replay= 39936 loss=0.00000 ext100=0.000 total100=0.033
[train] 48:13:06<96:14:05, 0.052s/step step= 3338000 episodes= 6954 eps=0.050 replay= 39936 loss=0.00003 ext100=0.000 total100=0.033
[eval] step=3340000 episodes=6958 mean_ext_return=0.000
[train] 48:15:05<96:12:51, 0.052s/step step= 3340000 episodes= 6958 eps=0.050 replay= 39936 loss=0.00000 ext100=0.000 total100=0.033
[train] 48:16:50<96:11:07, 0.052s/step step= 3342000 episodes= 6962 eps=0.050 replay= 39936 loss=0.00000 ext100=0.000 total100=0.033
[train] 48:18:33<96:09:23, 0.052s/step step= 3344000 episodes= 6967 eps=0.050 replay= 39936 loss=0.00001 ext100=0.000 total100=0.033
[train] 48:20:17<96:07:38, 0.052s/step step= 3346000 episodes= 6971 eps=0.050 replay= 39936 loss=0.00001 ext100=0.000 total100=0.034
[train] 48:22:01<96:05:54, 0.052s/step step= 3348000 episodes= 6975 eps=0.050 replay= 39936 loss=0.00001 ext100=0.000 total100=0.034
[train] 48:23:44<96:04:09, 0.052s/step step= 3350000 episodes= 6979 eps=0.050 replay= 39936 loss=0.00000 ext100=0.000 total100=0.034
[train] 48:25:28<96:02:25, 0.052s/step step= 3352000 episodes= 6983 eps=0.050 replay= 39936 loss=0.00000 ext100=0.000 total100=0.034
[train] 48:27:12<96:00:41, 0.052s/step step= 3354000 episodes= 6987 eps=0.050 replay= 39936 loss=0.00001 ext100=0.000 total100=0.034
[train] 48:28:56<95:58:55, 0.052s/step step= 3356000 episodes= 6992 eps=0.050 replay= 39936 loss=0.00000 ext100=0.000 total100=0.033
[train] 48:30:39<95:57:09, 0.052s/step step= 3358000 episodes= 6996 eps=0.050 replay= 39936 loss=0.00001 ext100=0.000 total100=0.034
[eval] step=3360000 episodes=7000 mean_ext_return=0.000
[train] 48:32:38<95:55:55, 0.052s/step step= 3360000 episodes= 7000 eps=0.050 replay= 39936 loss=0.00001 ext100=0.000 total100=0.035
[train] 48:34:22<95:54:11, 0.052s/step step= 3362000 episodes= 7004 eps=0.050 replay= 39936 loss=0.00002 ext100=0.000 total100=0.036
[train] 48:36:05<95:52:26, 0.052s/step step= 3364000 episodes= 7008 eps=0.050 replay= 39936 loss=0.00000 ext100=0.000 total100=0.036
[train] 48:37:49<95:50:42, 0.052s/step step= 3366000 episodes= 7012 eps=0.050 replay= 39936 loss=0.00001 ext100=0.000 total100=0.034
[train] 48:39:33<95:48:58, 0.052s/step step= 3368000 episodes= 7017 eps=0.050 replay= 39936 loss=0.00001 ext100=0.000 total100=0.033
[train] 48:41:17<95:47:13, 0.052s/step step= 3370000 episodes= 7021 eps=0.050 replay= 39936 loss=0.00001 ext100=0.000 total100=0.034
[train] 48:43:01<95:45:29, 0.052s/step step= 3372000 episodes= 7025 eps=0.050 replay= 39936 loss=0.00000 ext100=0.000 total100=0.033
[train] 48:44:45<95:43:45, 0.052s/step step= 3374000 episodes= 7029 eps=0.050 replay= 39936 loss=0.00000 ext100=0.000 total100=0.034
[train] 48:46:28<95:42:00, 0.052s/step step= 3376000 episodes= 7033 eps=0.050 replay= 39936 loss=0.00001 ext100=0.000 total100=0.035
[train] 48:48:11<95:40:14, 0.052s/step step= 3378000 episodes= 7037 eps=0.050 replay= 39936 loss=0.00001 ext100=0.000 total100=0.034
[eval] step=3380000 episodes=7042 mean_ext_return=0.000
[train] 48:50:11<95:39:00, 0.052s/step step= 3380000 episodes= 7042 eps=0.050 replay= 39936 loss=0.00000 ext100=0.000 total100=0.035
[train] 48:51:55<95:37:16, 0.052s/step step= 3382000 episodes= 7046 eps=0.050 replay= 39936 loss=0.00000 ext100=0.000 total100=0.034
[train] 48:53:38<95:35:31, 0.052s/step step= 3384000 episodes= 7050 eps=0.050 replay= 39936 loss=0.00000 ext100=0.000 total100=0.033
[train] 48:55:22<95:33:46, 0.052s/step step= 3386000 episodes= 7054 eps=0.050 replay= 39936 loss=0.00001 ext100=0.000 total100=0.033
[train] 48:57:06<95:32:02, 0.052s/step step= 3388000 episodes= 7058 eps=0.050 replay= 39936 loss=0.00000 ext100=0.000 total100=0.033
[train] 48:58:49<95:30:17, 0.052s/step step= 3390000 episodes= 7062 eps=0.050 replay= 39936 loss=0.00000 ext100=0.000 total100=0.033
[train] 49:00:34<95:28:33, 0.052s/step step= 3392000 episodes= 7067 eps=0.050 replay= 39936 loss=0.00000 ext100=0.000 total100=0.033
[train] 49:02:17<95:26:49, 0.052s/step step= 3394000 episodes= 7071 eps=0.050 replay= 39936 loss=0.00001 ext100=0.000 total100=0.032
[train] 49:04:01<95:25:04, 0.052s/step step= 3396000 episodes= 7075 eps=0.050 replay= 39936 loss=0.00000 ext100=0.000 total100=0.032
[train] 49:05:44<95:23:17, 0.052s/step step= 3398000 episodes= 7079 eps=0.050 replay= 39936 loss=0.00000 ext100=0.000 total100=0.032
[eval] step=3400000 episodes=7083 mean_ext_return=0.000
[train] 49:07:43<95:22:03, 0.052s/step step= 3400000 episodes= 7083 eps=0.050 replay= 39936 loss=0.00001 ext100=0.000 total100=0.033
[train] 49:09:27<95:20:19, 0.052s/step step= 3402000 episodes= 7087 eps=0.050 replay= 39936 loss=0.00001 ext100=0.000 total100=0.034
[train] 49:11:11<95:18:34, 0.052s/step step= 3404000 episodes= 7092 eps=0.050 replay= 39936 loss=0.00000 ext100=0.000 total100=0.035
[train] 49:12:55<95:16:49, 0.052s/step step= 3406000 episodes= 7096 eps=0.050 replay= 39936 loss=0.00001 ext100=0.000 total100=0.034
[train] 49:14:38<95:15:05, 0.052s/step step= 3408000 episodes= 7100 eps=0.050 replay= 39936 loss=0.00000 ext100=0.000 total100=0.035
[train] 49:16:22<95:13:20, 0.052s/step step= 3410000 episodes= 7104 eps=0.050 replay= 39936 loss=0.00001 ext100=0.000 total100=0.036
[train] 49:18:06<95:11:36, 0.052s/step step= 3412000 episodes= 7108 eps=0.050 replay= 39936 loss=0.00000 ext100=0.000 total100=0.037
[train] 49:19:50<95:09:52, 0.052s/step step= 3414000 episodes= 7112 eps=0.050 replay= 39936 loss=0.00000 ext100=0.000 total100=0.037
[train] 49:21:34<95:08:07, 0.052s/step step= 3416000 episodes= 7117 eps=0.050 replay= 39936 loss=0.00000 ext100=0.000 total100=0.037
[train] 49:23:17<95:06:21, 0.052s/step step= 3418000 episodes= 7121 eps=0.050 replay= 39936 loss=0.00002 ext100=0.000 total100=0.038
[eval] step=3420000 episodes=7125 mean_ext_return=0.000
[train] 49:25:16<95:05:06, 0.052s/step step= 3420000 episodes= 7125 eps=0.050 replay= 39936 loss=0.00000 ext100=0.000 total100=0.038
[train] 49:27:00<95:03:22, 0.052s/step step= 3422000 episodes= 7129 eps=0.050 replay= 39936 loss=0.00001 ext100=0.000 total100=0.037
[train] 49:28:43<95:01:37, 0.052s/step step= 3424000 episodes= 7133 eps=0.050 replay= 39936 loss=0.00000 ext100=0.000 total100=0.036
[train] 49:30:27<94:59:52, 0.052s/step step= 3426000 episodes= 7137 eps=0.050 replay= 39936 loss=0.00001 ext100=0.000 total100=0.036
[train] 49:32:11<94:58:08, 0.052s/step step= 3428000 episodes= 7142 eps=0.050 replay= 39936 loss=0.00001 ext100=0.000 total100=0.036
[train] 49:33:55<94:56:24, 0.052s/step step= 3430000 episodes= 7146 eps=0.050 replay= 39936 loss=0.00000 ext100=0.000 total100=0.037
[train] 49:35:39<94:54:40, 0.052s/step step= 3432000 episodes= 7150 eps=0.050 replay= 39936 loss=0.00000 ext100=0.000 total100=0.038
[train] 49:37:23<94:52:55, 0.052s/step step= 3434000 episodes= 7154 eps=0.050 replay= 39936 loss=0.00000 ext100=0.000 total100=0.038
[train] 49:39:06<94:51:10, 0.052s/step step= 3436000 episodes= 7158 eps=0.050 replay= 39936 loss=0.00000 ext100=0.000 total100=0.037
[train] 49:40:49<94:49:24, 0.052s/step step= 3438000 episodes= 7162 eps=0.050 replay= 39936 loss=0.00000 ext100=0.000 total100=0.037
[eval] step=3440000 episodes=7167 mean_ext_return=0.000
[train] 49:42:49<94:48:09, 0.052s/step step= 3440000 episodes= 7167 eps=0.050 replay= 39936 loss=0.00001 ext100=0.000 total100=0.037
[train] 49:44:33<94:46:26, 0.052s/step step= 3442000 episodes= 7171 eps=0.050 replay= 39936 loss=0.00001 ext100=0.000 total100=0.036
[train] 49:46:16<94:44:41, 0.052s/step step= 3444000 episodes= 7175 eps=0.050 replay= 39936 loss=0.00000 ext100=0.000 total100=0.036
[train] 49:48:00<94:42:56, 0.052s/step step= 3446000 episodes= 7179 eps=0.050 replay= 39936 loss=0.00000 ext100=0.000 total100=0.036
[train] 49:49:44<94:41:12, 0.052s/step step= 3448000 episodes= 7183 eps=0.050 replay= 39936 loss=0.00000 ext100=0.000 total100=0.036
[train] 49:51:28<94:39:27, 0.052s/step step= 3450000 episodes= 7187 eps=0.050 replay= 39936 loss=0.00001 ext100=0.000 total100=0.035
[train] 49:53:12<94:37:44, 0.052s/step step= 3452000 episodes= 7192 eps=0.050 replay= 39936 loss=0.00000 ext100=0.000 total100=0.035
[train] 49:54:56<94:35:59, 0.052s/step step= 3454000 episodes= 7196 eps=0.050 replay= 39936 loss=0.00000 ext100=0.000 total100=0.036
[train] 49:56:39<94:34:14, 0.052s/step step= 3456000 episodes= 7200 eps=0.050 replay= 39936 loss=0.00000 ext100=0.000 total100=0.035
[train] 49:58:22<94:32:28, 0.052s/step step= 3458000 episodes= 7204 eps=0.050 replay= 39936 loss=0.00001 ext100=0.000 total100=0.034
[eval] step=3460000 episodes=7208 mean_ext_return=0.000
[train] 50:00:22<94:31:13, 0.052s/step step= 3460000 episodes= 7208 eps=0.050 replay= 39936 loss=0.00000 ext100=0.000 total100=0.033
[train] 50:02:06<94:29:29, 0.052s/step step= 3462000 episodes= 7212 eps=0.050 replay= 39936 loss=0.00000 ext100=0.000 total100=0.033
[train] 50:03:50<94:27:44, 0.052s/step step= 3464000 episodes= 7217 eps=0.050 replay= 39936 loss=0.00000 ext100=0.000 total100=0.033
[train] 50:05:33<94:25:59, 0.052s/step step= 3466000 episodes= 7221 eps=0.050 replay= 39936 loss=0.00001 ext100=0.000 total100=0.034
[train] 50:07:17<94:24:15, 0.052s/step step= 3468000 episodes= 7225 eps=0.050 replay= 39936 loss=0.00000 ext100=0.000 total100=0.034
[train] 50:09:01<94:22:30, 0.052s/step step= 3470000 episodes= 7229 eps=0.050 replay= 39936 loss=0.00000 ext100=0.000 total100=0.035
[train] 50:10:45<94:20:46, 0.052s/step step= 3472000 episodes= 7233 eps=0.050 replay= 39936 loss=0.00000 ext100=0.000 total100=0.035
[train] 50:12:29<94:19:02, 0.052s/step step= 3474000 episodes= 7237 eps=0.050 replay= 39936 loss=0.00001 ext100=0.000 total100=0.036
[train] 50:14:12<94:17:17, 0.052s/step step= 3476000 episodes= 7242 eps=0.050 replay= 39936 loss=0.00000 ext100=0.000 total100=0.036
[train] 50:15:55<94:15:31, 0.052s/step step= 3478000 episodes= 7246 eps=0.050 replay= 39936 loss=0.00000 ext100=0.000 total100=0.036
[eval] step=3480000 episodes=7250 mean_ext_return=0.000
[train] 50:17:55<94:14:15, 0.052s/step step= 3480000 episodes= 7250 eps=0.050 replay= 39936 loss=0.00000 ext100=0.000 total100=0.036
[train] 50:19:39<94:12:31, 0.052s/step step= 3482000 episodes= 7254 eps=0.050 replay= 39936 loss=0.00001 ext100=0.000 total100=0.036
[train] 50:21:22<94:10:46, 0.052s/step step= 3484000 episodes= 7258 eps=0.050 replay= 39936 loss=0.00000 ext100=0.000 total100=0.035
[train] 50:23:06<94:09:02, 0.052s/step step= 3486000 episodes= 7262 eps=0.050 replay= 39936 loss=0.00000 ext100=0.000 total100=0.035
[train] 50:24:50<94:07:17, 0.052s/step step= 3488000 episodes= 7267 eps=0.050 replay= 39936 loss=0.00000 ext100=0.000 total100=0.035
[train] 50:26:34<94:05:32, 0.052s/step step= 3490000 episodes= 7271 eps=0.050 replay= 39936 loss=0.00001 ext100=0.000 total100=0.034
[train] 50:28:18<94:03:48, 0.052s/step step= 3492000 episodes= 7275 eps=0.050 replay= 39936 loss=0.00000 ext100=0.000 total100=0.034
[train] 50:30:02<94:02:04, 0.052s/step step= 3494000 episodes= 7279 eps=0.050 replay= 39936 loss=0.00000 ext100=0.000 total100=0.034
[train] 50:31:45<94:00:19, 0.052s/step step= 3496000 episodes= 7283 eps=0.050 replay= 39936 loss=0.00000 ext100=0.000 total100=0.034
[train] 50:33:28<93:58:32, 0.052s/step step= 3498000 episodes= 7287 eps=0.050 replay= 39936 loss=0.00000 ext100=0.000 total100=0.035
[eval] step=3500000 episodes=7292 mean_ext_return=0.000
[train] 50:35:27<93:57:16, 0.052s/step step= 3500000 episodes= 7292 eps=0.050 replay= 39936 loss=0.00000 ext100=0.000 total100=0.034
[train] 50:37:11<93:55:32, 0.052s/step step= 3502000 episodes= 7296 eps=0.050 replay= 39936 loss=0.00000 ext100=0.000 total100=0.035
[train] 50:38:55<93:53:48, 0.052s/step step= 3504000 episodes= 7300 eps=0.050 replay= 39936 loss=0.00000 ext100=0.000 total100=0.036
[train] 50:40:38<93:52:03, 0.052s/step step= 3506000 episodes= 7304 eps=0.050 replay= 39936 loss=0.00000 ext100=0.000 total100=0.035
[train] 50:42:22<93:50:18, 0.052s/step step= 3508000 episodes= 7308 eps=0.050 replay= 39936 loss=0.00000 ext100=0.000 total100=0.035
[train] 50:44:06<93:48:33, 0.052s/step step= 3510000 episodes= 7312 eps=0.050 replay= 39936 loss=0.00000 ext100=0.000 total100=0.036
[train] 50:45:50<93:46:49, 0.052s/step step= 3512000 episodes= 7317 eps=0.050 replay= 39936 loss=0.00000 ext100=0.000 total100=0.036
[train] 50:47:34<93:45:05, 0.052s/step step= 3514000 episodes= 7321 eps=0.050 replay= 39936 loss=0.00001 ext100=0.000 total100=0.035
[train] 50:49:18<93:43:20, 0.052s/step step= 3516000 episodes= 7325 eps=0.050 replay= 39936 loss=0.00000 ext100=0.000 total100=0.035
[train] 50:51:01<93:41:34, 0.052s/step step= 3518000 episodes= 7329 eps=0.050 replay= 39936 loss=0.00000 ext100=0.000 total100=0.035
[eval] step=3520000 episodes=7333 mean_ext_return=0.000
[train] 50:53:00<93:40:18, 0.052s/step step= 3520000 episodes= 7333 eps=0.050 replay= 39936 loss=0.00001 ext100=0.000 total100=0.034
[train] 50:54:44<93:38:33, 0.052s/step step= 3522000 episodes= 7337 eps=0.050 replay= 39936 loss=0.00001 ext100=0.000 total100=0.034
[train] 50:56:28<93:36:49, 0.052s/step step= 3524000 episodes= 7342 eps=0.050 replay= 39936 loss=0.00000 ext100=0.000 total100=0.033
[train] 50:58:11<93:35:04, 0.052s/step step= 3526000 episodes= 7346 eps=0.050 replay= 39936 loss=0.00000 ext100=0.000 total100=0.034
[train] 50:59:56<93:33:20, 0.052s/step step= 3528000 episodes= 7350 eps=0.050 replay= 39936 loss=0.00000 ext100=0.000 total100=0.033
[train] 51:01:39<93:31:36, 0.052s/step step= 3530000 episodes= 7354 eps=0.050 replay= 39936 loss=0.00001 ext100=0.000 total100=0.033
[train] 51:03:23<93:29:52, 0.052s/step step= 3532000 episodes= 7358 eps=0.050 replay= 39936 loss=0.00000 ext100=0.000 total100=0.034
[train] 51:05:07<93:28:07, 0.052s/step step= 3534000 episodes= 7362 eps=0.050 replay= 39936 loss=0.00000 ext100=0.000 total100=0.034
[train] 51:06:51<93:26:22, 0.052s/step step= 3536000 episodes= 7367 eps=0.050 replay= 39936 loss=0.00000 ext100=0.000 total100=0.035
[train] 51:08:34<93:24:36, 0.052s/step step= 3538000 episodes= 7371 eps=0.050 replay= 39936 loss=0.00001 ext100=0.000 total100=0.036
[eval] step=3540000 episodes=7375 mean_ext_return=0.000
[train] 51:10:33<93:23:20, 0.052s/step step= 3540000 episodes= 7375 eps=0.050 replay= 39936 loss=0.00000 ext100=0.000 total100=0.036
[train] 51:12:17<93:21:35, 0.052s/step step= 3542000 episodes= 7379 eps=0.050 replay= 39936 loss=0.00000 ext100=0.000 total100=0.036
[train] 51:14:01<93:19:51, 0.052s/step step= 3544000 episodes= 7383 eps=0.050 replay= 39936 loss=0.00000 ext100=0.000 total100=0.036
[train] 51:15:44<93:18:06, 0.052s/step step= 3546000 episodes= 7387 eps=0.050 replay= 39936 loss=0.00001 ext100=0.000 total100=0.035
[train] 51:17:28<93:16:21, 0.052s/step step= 3548000 episodes= 7392 eps=0.050 replay= 39936 loss=0.00000 ext100=0.000 total100=0.035
[train] 51:19:12<93:14:37, 0.052s/step step= 3550000 episodes= 7396 eps=0.050 replay= 39936 loss=0.00000 ext100=0.000 total100=0.034
[train] 51:20:56<93:12:53, 0.052s/step step= 3552000 episodes= 7400 eps=0.050 replay= 39936 loss=0.00000 ext100=0.000 total100=0.034
[train] 51:22:40<93:11:08, 0.052s/step step= 3554000 episodes= 7404 eps=0.050 replay= 39936 loss=0.00001 ext100=0.000 total100=0.035
[train] 51:24:24<93:09:23, 0.052s/step step= 3556000 episodes= 7408 eps=0.050 replay= 39936 loss=0.00001 ext100=0.000 total100=0.035
[train] 51:26:07<93:07:37, 0.052s/step step= 3558000 episodes= 7412 eps=0.050 replay= 39936 loss=0.00000 ext100=0.000 total100=0.035
[eval] step=3560000 episodes=7417 mean_ext_return=0.000
[train] 51:28:06<93:06:20, 0.052s/step step= 3560000 episodes= 7417 eps=0.050 replay= 39936 loss=0.00000 ext100=0.000 total100=0.035
[train] 51:29:49<93:04:35, 0.052s/step step= 3562000 episodes= 7421 eps=0.050 replay= 39936 loss=0.00001 ext100=0.000 total100=0.035
[train] 51:31:34<93:02:52, 0.052s/step step= 3564000 episodes= 7425 eps=0.050 replay= 39936 loss=0.00000 ext100=0.000 total100=0.035
[train] 51:33:17<93:01:07, 0.052s/step step= 3566000 episodes= 7429 eps=0.050 replay= 39936 loss=0.00000 ext100=0.000 total100=0.034
[train] 51:35:01<92:59:22, 0.052s/step step= 3568000 episodes= 7433 eps=0.050 replay= 39936 loss=0.00001 ext100=0.000 total100=0.034
[train] 51:36:45<92:57:38, 0.052s/step step= 3570000 episodes= 7437 eps=0.050 replay= 39936 loss=0.00001 ext100=0.000 total100=0.035
[train] 51:38:29<92:55:54, 0.052s/step step= 3572000 episodes= 7442 eps=0.050 replay= 39936 loss=0.00000 ext100=0.000 total100=0.034
[train] 51:40:13<92:54:09, 0.052s/step step= 3574000 episodes= 7446 eps=0.050 replay= 39936 loss=0.00000 ext100=0.000 total100=0.033
[train] 51:41:57<92:52:25, 0.052s/step step= 3576000 episodes= 7450 eps=0.050 replay= 39936 loss=0.00000 ext100=0.000 total100=0.034
[train] 51:43:40<92:50:39, 0.052s/step step= 3578000 episodes= 7454 eps=0.050 replay= 39936 loss=0.00001 ext100=0.000 total100=0.034
[eval] step=3580000 episodes=7458 mean_ext_return=0.000
[train] 51:45:39<92:49:22, 0.052s/step step= 3580000 episodes= 7458 eps=0.050 replay= 39936 loss=0.00000 ext100=0.000 total100=0.033
[train] 51:47:23<92:47:37, 0.052s/step step= 3582000 episodes= 7462 eps=0.050 replay= 39936 loss=0.00000 ext100=0.000 total100=0.033
[train] 51:49:07<92:45:53, 0.052s/step step= 3584000 episodes= 7467 eps=0.050 replay= 39936 loss=0.00000 ext100=0.000 total100=0.033
[train] 51:50:50<92:44:07, 0.052s/step step= 3586000 episodes= 7471 eps=0.050 replay= 39936 loss=0.00001 ext100=0.000 total100=0.033
[train] 51:52:35<92:42:23, 0.052s/step step= 3588000 episodes= 7475 eps=0.050 replay= 39936 loss=0.00000 ext100=0.000 total100=0.032
[train] 51:54:18<92:40:39, 0.052s/step step= 3590000 episodes= 7479 eps=0.050 replay= 39936 loss=0.00000 ext100=0.000 total100=0.032
[train] 51:56:02<92:38:54, 0.052s/step step= 3592000 episodes= 7483 eps=0.050 replay= 39936 loss=0.00000 ext100=0.000 total100=0.033
[train] 51:57:46<92:37:10, 0.052s/step step= 3594000 episodes= 7487 eps=0.050 replay= 39936 loss=0.00001 ext100=0.000 total100=0.034
[train] 51:59:30<92:35:25, 0.052s/step step= 3596000 episodes= 7492 eps=0.050 replay= 39936 loss=0.00000 ext100=0.000 total100=0.033
[train] 52:01:13<92:33:39, 0.052s/step step= 3598000 episodes= 7496 eps=0.050 replay= 39936 loss=0.00000 ext100=0.000 total100=0.033
[eval] step=3600000 episodes=7500 mean_ext_return=0.000
[train] 52:03:12<92:32:22, 0.052s/step step= 3600000 episodes= 7500 eps=0.050 replay= 39936 loss=0.00000 ext100=0.000 total100=0.034
[train] 52:04:56<92:30:37, 0.052s/step step= 3602000 episodes= 7504 eps=0.050 replay= 39936 loss=0.00001 ext100=0.000 total100=0.033
[train] 52:06:40<92:28:52, 0.052s/step step= 3604000 episodes= 7508 eps=0.050 replay= 39936 loss=0.00000 ext100=0.000 total100=0.033
[train] 52:08:23<92:27:07, 0.052s/step step= 3606000 episodes= 7512 eps=0.050 replay= 39936 loss=0.00000 ext100=0.000 total100=0.033
[train] 52:10:07<92:25:23, 0.052s/step step= 3608000 episodes= 7517 eps=0.050 replay= 39936 loss=0.00000 ext100=0.000 total100=0.033
[train] 52:11:51<92:23:38, 0.052s/step step= 3610000 episodes= 7521 eps=0.050 replay= 39936 loss=0.00001 ext100=0.000 total100=0.033
[train] 52:13:35<92:21:54, 0.052s/step step= 3612000 episodes= 7525 eps=0.050 replay= 39936 loss=0.00001 ext100=0.000 total100=0.034
[train] 52:15:19<92:20:09, 0.052s/step step= 3614000 episodes= 7529 eps=0.050 replay= 39936 loss=0.00000 ext100=0.000 total100=0.035
[train] 52:17:02<92:18:24, 0.052s/step step= 3616000 episodes= 7533 eps=0.050 replay= 39936 loss=0.00000 ext100=0.000 total100=0.035
[train] 52:18:45<92:16:38, 0.052s/step step= 3618000 episodes= 7537 eps=0.050 replay= 39936 loss=0.00001 ext100=0.000 total100=0.034
[eval] step=3620000 episodes=7542 mean_ext_return=0.000
[train] 52:20:45<92:15:21, 0.052s/step step= 3620000 episodes= 7542 eps=0.050 replay= 39936 loss=0.00001 ext100=0.000 total100=0.034
[train] 52:22:28<92:13:36, 0.052s/step step= 3622000 episodes= 7546 eps=0.050 replay= 39936 loss=0.00000 ext100=0.000 total100=0.034
[train] 52:24:12<92:11:52, 0.052s/step step= 3624000 episodes= 7550 eps=0.050 replay= 39936 loss=0.00000 ext100=0.000 total100=0.034
[train] 52:25:56<92:10:07, 0.052s/step step= 3626000 episodes= 7554 eps=0.050 replay= 39936 loss=0.00001 ext100=0.000 total100=0.034
[train] 52:27:40<92:08:23, 0.052s/step step= 3628000 episodes= 7558 eps=0.050 replay= 39936 loss=0.00000 ext100=0.000 total100=0.035
[train] 52:29:23<92:06:37, 0.052s/step step= 3630000 episodes= 7562 eps=0.050 replay= 39936 loss=0.00000 ext100=0.000 total100=0.035
[train] 52:31:07<92:04:53, 0.052s/step step= 3632000 episodes= 7567 eps=0.050 replay= 39936 loss=0.00000 ext100=0.000 total100=0.034
[train] 52:32:51<92:03:08, 0.052s/step step= 3634000 episodes= 7571 eps=0.050 replay= 39936 loss=0.00001 ext100=0.000 total100=0.033
[train] 52:34:35<92:01:23, 0.052s/step step= 3636000 episodes= 7575 eps=0.050 replay= 39936 loss=0.00000 ext100=0.000 total100=0.034
[train] 52:36:18<91:59:37, 0.052s/step step= 3638000 episodes= 7579 eps=0.050 replay= 39936 loss=0.00000 ext100=0.000 total100=0.035
[eval] step=3640000 episodes=7583 mean_ext_return=0.000
[train] 52:38:17<91:58:20, 0.052s/step step= 3640000 episodes= 7583 eps=0.050 replay= 39936 loss=0.00000 ext100=0.000 total100=0.034
[train] 52:40:01<91:56:35, 0.052s/step step= 3642000 episodes= 7587 eps=0.050 replay= 39936 loss=0.00001 ext100=0.000 total100=0.034
[train] 52:41:45<91:54:51, 0.052s/step step= 3644000 episodes= 7592 eps=0.050 replay= 39936 loss=0.00001 ext100=0.000 total100=0.034
[train] 52:43:29<91:53:06, 0.052s/step step= 3646000 episodes= 7596 eps=0.050 replay= 39936 loss=0.00001 ext100=0.000 total100=0.034
[train] 52:45:13<91:51:22, 0.052s/step step= 3648000 episodes= 7600 eps=0.050 replay= 39936 loss=0.00000 ext100=0.000 total100=0.033
[train] 52:46:56<91:49:37, 0.052s/step step= 3650000 episodes= 7604 eps=0.050 replay= 39936 loss=0.00001 ext100=0.000 total100=0.033
[train] 52:48:40<91:47:52, 0.052s/step step= 3652000 episodes= 7608 eps=0.050 replay= 39936 loss=0.00000 ext100=0.000 total100=0.032
[train] 52:50:24<91:46:07, 0.052s/step step= 3654000 episodes= 7612 eps=0.050 replay= 39936 loss=0.00000 ext100=0.000 total100=0.032
[train] 52:52:08<91:44:22, 0.052s/step step= 3656000 episodes= 7617 eps=0.050 replay= 39936 loss=0.00000 ext100=0.000 total100=0.031
[train] 52:53:51<91:42:37, 0.052s/step step= 3658000 episodes= 7621 eps=0.050 replay= 39936 loss=0.00001 ext100=0.000 total100=0.031
[eval] step=3660000 episodes=7625 mean_ext_return=0.000
[train] 52:55:50<91:41:19, 0.052s/step step= 3660000 episodes= 7625 eps=0.050 replay= 39936 loss=0.00000 ext100=0.000 total100=0.030
[train] 52:57:34<91:39:34, 0.052s/step step= 3662000 episodes= 7629 eps=0.050 replay= 39936 loss=0.00001 ext100=0.000 total100=0.030
[train] 52:59:18<91:37:50, 0.052s/step step= 3664000 episodes= 7633 eps=0.050 replay= 39936 loss=0.00000 ext100=0.000 total100=0.031
[train] 53:01:01<91:36:05, 0.052s/step step= 3666000 episodes= 7637 eps=0.050 replay= 39936 loss=0.00001 ext100=0.000 total100=0.032
[train] 53:02:45<91:34:21, 0.052s/step step= 3668000 episodes= 7642 eps=0.050 replay= 39936 loss=0.00001 ext100=0.000 total100=0.032
[train] 53:04:29<91:32:35, 0.052s/step step= 3670000 episodes= 7646 eps=0.050 replay= 39936 loss=0.00000 ext100=0.000 total100=0.032
[train] 53:06:13<91:30:51, 0.052s/step step= 3672000 episodes= 7650 eps=0.050 replay= 39936 loss=0.00000 ext100=0.000 total100=0.033
[train] 53:07:57<91:29:07, 0.052s/step step= 3674000 episodes= 7654 eps=0.050 replay= 39936 loss=0.00001 ext100=0.000 total100=0.033
[train] 53:09:41<91:27:22, 0.052s/step step= 3676000 episodes= 7658 eps=0.050 replay= 39936 loss=0.00000 ext100=0.000 total100=0.033
[train] 53:11:24<91:25:36, 0.052s/step step= 3678000 episodes= 7662 eps=0.050 replay= 39936 loss=0.00000 ext100=0.000 total100=0.034
[eval] step=3680000 episodes=7667 mean_ext_return=0.000
[train] 53:13:23<91:24:18, 0.052s/step step= 3680000 episodes= 7667 eps=0.050 replay= 39936 loss=0.00000 ext100=0.000 total100=0.035
[train] 53:15:07<91:22:33, 0.052s/step step= 3682000 episodes= 7671 eps=0.050 replay= 39936 loss=0.00002 ext100=0.000 total100=0.036
[train] 53:16:51<91:20:49, 0.052s/step step= 3684000 episodes= 7675 eps=0.050 replay= 39936 loss=0.00000 ext100=0.000 total100=0.035
[train] 53:18:34<91:19:04, 0.052s/step step= 3686000 episodes= 7679 eps=0.050 replay= 39936 loss=0.00001 ext100=0.000 total100=0.035
[train] 53:20:18<91:17:19, 0.052s/step step= 3688000 episodes= 7683 eps=0.050 replay= 39936 loss=0.00000 ext100=0.000 total100=0.035
[train] 53:22:02<91:15:35, 0.052s/step step= 3690000 episodes= 7687 eps=0.050 replay= 39936 loss=0.00001 ext100=0.000 total100=0.035
[train] 53:23:46<91:13:50, 0.052s/step step= 3692000 episodes= 7692 eps=0.050 replay= 39936 loss=0.00000 ext100=0.000 total100=0.035
[train] 53:25:30<91:12:05, 0.052s/step step= 3694000 episodes= 7696 eps=0.050 replay= 39936 loss=0.00000 ext100=0.000 total100=0.034
[train] 53:27:14<91:10:21, 0.052s/step step= 3696000 episodes= 7700 eps=0.050 replay= 39936 loss=0.00000 ext100=0.000 total100=0.034
[train] 53:28:57<91:08:35, 0.052s/step step= 3698000 episodes= 7704 eps=0.050 replay= 39936 loss=0.00001 ext100=0.000 total100=0.035
[eval] step=3700000 episodes=7708 mean_ext_return=0.000
[train] 53:30:56<91:07:16, 0.052s/step step= 3700000 episodes= 7708 eps=0.050 replay= 39936 loss=0.00000 ext100=0.000 total100=0.035
[train] 53:32:40<91:05:32, 0.052s/step step= 3702000 episodes= 7712 eps=0.050 replay= 39936 loss=0.00000 ext100=0.000 total100=0.035
[train] 53:34:24<91:03:48, 0.052s/step step= 3704000 episodes= 7717 eps=0.050 replay= 39936 loss=0.00001 ext100=0.000 total100=0.036
[train] 53:36:08<91:02:03, 0.052s/step step= 3706000 episodes= 7721 eps=0.050 replay= 39936 loss=0.00001 ext100=0.000 total100=0.036
[train] 53:37:52<91:00:18, 0.052s/step step= 3708000 episodes= 7725 eps=0.050 replay= 39936 loss=0.00000 ext100=0.000 total100=0.036
[train] 53:39:35<90:58:33, 0.052s/step step= 3710000 episodes= 7729 eps=0.050 replay= 39936 loss=0.00000 ext100=0.000 total100=0.036
[train] 53:41:19<90:56:49, 0.052s/step step= 3712000 episodes= 7733 eps=0.050 replay= 39936 loss=0.00000 ext100=0.000 total100=0.036
[train] 53:43:03<90:55:04, 0.052s/step step= 3714000 episodes= 7737 eps=0.050 replay= 39936 loss=0.00001 ext100=0.000 total100=0.036
[train] 53:44:47<90:53:19, 0.052s/step step= 3716000 episodes= 7742 eps=0.050 replay= 39936 loss=0.00000 ext100=0.000 total100=0.036
[train] 53:46:30<90:51:33, 0.052s/step step= 3718000 episodes= 7746 eps=0.050 replay= 39936 loss=0.00000 ext100=0.000 total100=0.036
[eval] step=3720000 episodes=7750 mean_ext_return=0.000
[train] 53:48:29<90:50:15, 0.052s/step step= 3720000 episodes= 7750 eps=0.050 replay= 39936 loss=0.00000 ext100=0.000 total100=0.036
[train] 53:50:13<90:48:30, 0.052s/step step= 3722000 episodes= 7754 eps=0.050 replay= 39936 loss=0.00001 ext100=0.000 total100=0.037
[train] 53:51:57<90:46:46, 0.052s/step step= 3724000 episodes= 7758 eps=0.050 replay= 39936 loss=0.00000 ext100=0.000 total100=0.037
[train] 53:53:41<90:45:01, 0.052s/step step= 3726000 episodes= 7762 eps=0.050 replay= 39936 loss=0.00000 ext100=0.000 total100=0.036
[train] 53:55:25<90:43:16, 0.052s/step step= 3728000 episodes= 7767 eps=0.050 replay= 39936 loss=0.00000 ext100=0.000 total100=0.036
[train] 53:57:08<90:41:31, 0.052s/step step= 3730000 episodes= 7771 eps=0.050 replay= 39936 loss=0.00001 ext100=0.000 total100=0.035
[train] 53:58:52<90:39:47, 0.052s/step step= 3732000 episodes= 7775 eps=0.050 replay= 39936 loss=0.00000 ext100=0.000 total100=0.035
[train] 54:00:36<90:38:02, 0.052s/step step= 3734000 episodes= 7779 eps=0.050 replay= 39936 loss=0.00000 ext100=0.000 total100=0.036
[train] 54:02:19<90:36:17, 0.052s/step step= 3736000 episodes= 7783 eps=0.050 replay= 39936 loss=0.00000 ext100=0.000 total100=0.036
[train] 54:04:03<90:34:31, 0.052s/step step= 3738000 episodes= 7787 eps=0.050 replay= 39936 loss=0.00000 ext100=0.000 total100=0.035
[eval] step=3740000 episodes=7792 mean_ext_return=0.000
[train] 54:06:02<90:33:12, 0.052s/step step= 3740000 episodes= 7792 eps=0.050 replay= 39936 loss=0.00000 ext100=0.000 total100=0.036
[train] 54:07:46<90:31:27, 0.052s/step step= 3742000 episodes= 7796 eps=0.050 replay= 39936 loss=0.00000 ext100=0.000 total100=0.037
[train] 54:09:30<90:29:43, 0.052s/step step= 3744000 episodes= 7800 eps=0.050 replay= 39936 loss=0.00001 ext100=0.000 total100=0.038
[train] 54:11:13<90:27:58, 0.052s/step step= 3746000 episodes= 7804 eps=0.050 replay= 39936 loss=0.00001 ext100=0.000 total100=0.038
[train] 54:12:57<90:26:14, 0.052s/step step= 3748000 episodes= 7808 eps=0.050 replay= 39936 loss=0.00001 ext100=0.000 total100=0.038
[train] 54:14:41<90:24:29, 0.052s/step step= 3750000 episodes= 7812 eps=0.050 replay= 39936 loss=0.00000 ext100=0.000 total100=0.038
[train] 54:16:25<90:22:45, 0.052s/step step= 3752000 episodes= 7817 eps=0.050 replay= 39936 loss=0.00001 ext100=0.000 total100=0.038
[train] 54:18:09<90:20:59, 0.052s/step step= 3754000 episodes= 7821 eps=0.050 replay= 39936 loss=0.00001 ext100=0.000 total100=0.037
[train] 54:19:52<90:19:14, 0.052s/step step= 3756000 episodes= 7825 eps=0.050 replay= 39936 loss=0.00000 ext100=0.000 total100=0.038
[train] 54:21:36<90:17:29, 0.052s/step step= 3758000 episodes= 7829 eps=0.050 replay= 39936 loss=0.00000 ext100=0.000 total100=0.038
[eval] step=3760000 episodes=7833 mean_ext_return=0.000
[train] 54:23:35<90:16:10, 0.052s/step step= 3760000 episodes= 7833 eps=0.050 replay= 39936 loss=0.00001 ext100=0.000 total100=0.037
[train] 54:25:19<90:14:25, 0.052s/step step= 3762000 episodes= 7837 eps=0.050 replay= 39936 loss=0.00001 ext100=0.000 total100=0.037
[train] 54:27:03<90:12:40, 0.052s/step step= 3764000 episodes= 7842 eps=0.050 replay= 39936 loss=0.00000 ext100=0.000 total100=0.036
[train] 54:28:46<90:10:56, 0.052s/step step= 3766000 episodes= 7846 eps=0.050 replay= 39936 loss=0.00000 ext100=0.000 total100=0.036
[train] 54:30:31<90:09:11, 0.052s/step step= 3768000 episodes= 7850 eps=0.050 replay= 39936 loss=0.00000 ext100=0.000 total100=0.036
[train] 54:32:14<90:07:26, 0.052s/step step= 3770000 episodes= 7854 eps=0.050 replay= 39936 loss=0.00001 ext100=0.000 total100=0.034
[train] 54:33:58<90:05:42, 0.052s/step step= 3772000 episodes= 7858 eps=0.050 replay= 39936 loss=0.00000 ext100=0.000 total100=0.033
[train] 54:35:42<90:03:58, 0.052s/step step= 3774000 episodes= 7862 eps=0.050 replay= 39936 loss=0.00001 ext100=0.000 total100=0.034
[train] 54:37:25<90:02:12, 0.052s/step step= 3776000 episodes= 7867 eps=0.050 replay= 39936 loss=0.00000 ext100=0.000 total100=0.033
[train] 54:39:09<90:00:27, 0.052s/step step= 3778000 episodes= 7871 eps=0.050 replay= 39936 loss=0.00001 ext100=0.000 total100=0.033
[eval] step=3780000 episodes=7875 mean_ext_return=0.000
[train] 54:41:08<89:59:07, 0.052s/step step= 3780000 episodes= 7875 eps=0.050 replay= 39936 loss=0.00000 ext100=0.000 total100=0.033
[train] 54:42:52<89:57:22, 0.052s/step step= 3782000 episodes= 7879 eps=0.050 replay= 39936 loss=0.00001 ext100=0.000 total100=0.032
[train] 54:44:36<89:55:38, 0.052s/step step= 3784000 episodes= 7883 eps=0.050 replay= 39936 loss=0.00000 ext100=0.000 total100=0.032
[train] 54:46:20<89:53:54, 0.052s/step step= 3786000 episodes= 7887 eps=0.050 replay= 39936 loss=0.00001 ext100=0.000 total100=0.032
[train] 54:48:04<89:52:09, 0.052s/step step= 3788000 episodes= 7892 eps=0.050 replay= 39936 loss=0.00000 ext100=0.000 total100=0.032
[train] 54:49:48<89:50:25, 0.052s/step step= 3790000 episodes= 7896 eps=0.050 replay= 39936 loss=0.00000 ext100=0.000 total100=0.032
[train] 54:51:32<89:48:40, 0.052s/step step= 3792000 episodes= 7900 eps=0.050 replay= 39936 loss=0.00000 ext100=0.000 total100=0.032
[train] 54:53:15<89:46:55, 0.052s/step step= 3794000 episodes= 7904 eps=0.050 replay= 39936 loss=0.00001 ext100=0.000 total100=0.032
[train] 54:54:59<89:45:09, 0.052s/step step= 3796000 episodes= 7908 eps=0.050 replay= 39936 loss=0.00000 ext100=0.000 total100=0.032
[train] 54:56:42<89:43:24, 0.052s/step step= 3798000 episodes= 7912 eps=0.050 replay= 39936 loss=0.00000 ext100=0.000 total100=0.031
[eval] step=3800000 episodes=7917 mean_ext_return=0.000
[train] 54:58:42<89:42:05, 0.052s/step step= 3800000 episodes= 7917 eps=0.050 replay= 39936 loss=0.00000 ext100=0.000 total100=0.031
[train] 55:00:25<89:40:20, 0.052s/step step= 3802000 episodes= 7921 eps=0.050 replay= 39936 loss=0.00001 ext100=0.000 total100=0.032
[train] 55:02:09<89:38:36, 0.052s/step step= 3804000 episodes= 7925 eps=0.050 replay= 39936 loss=0.00000 ext100=0.000 total100=0.031
[train] 55:03:53<89:36:51, 0.052s/step step= 3806000 episodes= 7929 eps=0.050 replay= 39936 loss=0.00000 ext100=0.000 total100=0.031
[train] 55:05:37<89:35:07, 0.052s/step step= 3808000 episodes= 7933 eps=0.050 replay= 39936 loss=0.00000 ext100=0.000 total100=0.031
[train] 55:07:21<89:33:22, 0.052s/step step= 3810000 episodes= 7937 eps=0.050 replay= 39936 loss=0.00001 ext100=0.000 total100=0.031
[train] 55:09:05<89:31:38, 0.052s/step step= 3812000 episodes= 7942 eps=0.050 replay= 39936 loss=0.00000 ext100=0.000 total100=0.032
[train] 55:10:49<89:29:53, 0.052s/step step= 3814000 episodes= 7946 eps=0.050 replay= 39936 loss=0.00000 ext100=0.000 total100=0.032
[train] 55:12:32<89:28:07, 0.052s/step step= 3816000 episodes= 7950 eps=0.050 replay= 39936 loss=0.00000 ext100=0.000 total100=0.032
[train] 55:14:16<89:26:22, 0.052s/step step= 3818000 episodes= 7954 eps=0.050 replay= 39936 loss=0.00001 ext100=0.000 total100=0.034
[eval] step=3820000 episodes=7958 mean_ext_return=0.000
[train] 55:16:15<89:25:02, 0.052s/step step= 3820000 episodes= 7958 eps=0.050 replay= 39936 loss=0.00000 ext100=0.000 total100=0.034
[train] 55:17:58<89:23:17, 0.052s/step step= 3822000 episodes= 7962 eps=0.050 replay= 39936 loss=0.00000 ext100=0.000 total100=0.033
[train] 55:19:43<89:21:33, 0.052s/step step= 3824000 episodes= 7967 eps=0.050 replay= 39936 loss=0.00001 ext100=0.000 total100=0.034
[train] 55:21:26<89:19:48, 0.052s/step step= 3826000 episodes= 7971 eps=0.050 replay= 39936 loss=0.00001 ext100=0.000 total100=0.034
[train] 55:23:11<89:18:04, 0.052s/step step= 3828000 episodes= 7975 eps=0.050 replay= 39936 loss=0.00000 ext100=0.000 total100=0.033
[train] 55:24:54<89:16:19, 0.052s/step step= 3830000 episodes= 7979 eps=0.050 replay= 39936 loss=0.00001 ext100=0.000 total100=0.033
[train] 55:26:38<89:14:34, 0.052s/step step= 3832000 episodes= 7983 eps=0.050 replay= 39936 loss=0.00000 ext100=0.000 total100=0.034
[train] 55:28:22<89:12:49, 0.052s/step step= 3834000 episodes= 7987 eps=0.050 replay= 39936 loss=0.00001 ext100=0.000 total100=0.033
[train] 55:30:05<89:11:03, 0.052s/step step= 3836000 episodes= 7992 eps=0.050 replay= 39936 loss=0.00001 ext100=0.000 total100=0.033
[train] 55:31:49<89:09:18, 0.052s/step step= 3838000 episodes= 7996 eps=0.050 replay= 39936 loss=0.00000 ext100=0.000 total100=0.032
[eval] step=3840000 episodes=8000 mean_ext_return=0.000
[train] 55:33:48<89:07:58, 0.052s/step step= 3840000 episodes= 8000 eps=0.050 replay= 39936 loss=0.00000 ext100=0.000 total100=0.031
[train] 55:35:32<89:06:13, 0.052s/step step= 3842000 episodes= 8004 eps=0.050 replay= 39936 loss=0.00001 ext100=0.000 total100=0.031
[train] 55:37:15<89:04:29, 0.052s/step step= 3844000 episodes= 8008 eps=0.050 replay= 39936 loss=0.00000 ext100=0.000 total100=0.032
[train] 55:38:59<89:02:44, 0.052s/step step= 3846000 episodes= 8012 eps=0.050 replay= 39936 loss=0.00000 ext100=0.000 total100=0.032
[train] 55:40:43<89:00:59, 0.052s/step step= 3848000 episodes= 8017 eps=0.050 replay= 39936 loss=0.00000 ext100=0.000 total100=0.032
[train] 55:42:27<88:59:14, 0.052s/step step= 3850000 episodes= 8021 eps=0.050 replay= 39936 loss=0.00001 ext100=0.000 total100=0.032
[train] 55:44:11<88:57:30, 0.052s/step step= 3852000 episodes= 8025 eps=0.050 replay= 39936 loss=0.00000 ext100=0.000 total100=0.031
[train] 55:45:54<88:55:45, 0.052s/step step= 3854000 episodes= 8029 eps=0.050 replay= 39936 loss=0.00000 ext100=0.000 total100=0.032
[train] 55:47:37<88:53:58, 0.052s/step step= 3856000 episodes= 8033 eps=0.050 replay= 39936 loss=0.00000 ext100=0.000 total100=0.031
[train] 55:49:21<88:52:14, 0.052s/step step= 3858000 episodes= 8037 eps=0.050 replay= 39936 loss=0.00001 ext100=0.000 total100=0.031
[eval] step=3860000 episodes=8042 mean_ext_return=0.000
[train] 55:51:20<88:50:53, 0.052s/step step= 3860000 episodes= 8042 eps=0.050 replay= 39936 loss=0.00001 ext100=0.000 total100=0.031
[train] 55:53:04<88:49:08, 0.052s/step step= 3862000 episodes= 8046 eps=0.050 replay= 39936 loss=0.00000 ext100=0.000 total100=0.030
[train] 55:54:48<88:47:24, 0.052s/step step= 3864000 episodes= 8050 eps=0.050 replay= 39936 loss=0.00000 ext100=0.000 total100=0.030
[train] 55:56:32<88:45:39, 0.052s/step step= 3866000 episodes= 8054 eps=0.050 replay= 39936 loss=0.00001 ext100=0.000 total100=0.030
[train] 55:58:16<88:43:55, 0.052s/step step= 3868000 episodes= 8058 eps=0.050 replay= 39936 loss=0.00000 ext100=0.000 total100=0.031
[train] 56:00:00<88:42:10, 0.052s/step step= 3870000 episodes= 8062 eps=0.050 replay= 39936 loss=0.00001 ext100=0.000 total100=0.030
[train] 56:01:44<88:40:25, 0.052s/step step= 3872000 episodes= 8067 eps=0.050 replay= 39936 loss=0.00000 ext100=0.000 total100=0.032
[train] 56:03:27<88:38:40, 0.052s/step step= 3874000 episodes= 8071 eps=0.050 replay= 39936 loss=0.00001 ext100=0.000 total100=0.032
[train] 56:05:10<88:36:54, 0.052s/step step= 3876000 episodes= 8075 eps=0.050 replay= 39936 loss=0.00000 ext100=0.000 total100=0.032
[train] 56:06:54<88:35:10, 0.052s/step step= 3878000 episodes= 8079 eps=0.050 replay= 39936 loss=0.00001 ext100=0.000 total100=0.030
[eval] step=3880000 episodes=8083 mean_ext_return=0.000
[train] 56:08:53<88:33:49, 0.052s/step step= 3880000 episodes= 8083 eps=0.050 replay= 39936 loss=0.00000 ext100=0.000 total100=0.030
[train] 56:10:37<88:32:04, 0.052s/step step= 3882000 episodes= 8087 eps=0.050 replay= 39936 loss=0.00001 ext100=0.000 total100=0.029
[train] 56:12:21<88:30:19, 0.052s/step step= 3884000 episodes= 8092 eps=0.050 replay= 39936 loss=0.00000 ext100=0.000 total100=0.028
[train] 56:14:05<88:28:35, 0.052s/step step= 3886000 episodes= 8096 eps=0.050 replay= 39936 loss=0.00000 ext100=0.000 total100=0.028
[train] 56:15:49<88:26:51, 0.052s/step step= 3888000 episodes= 8100 eps=0.050 replay= 39936 loss=0.00000 ext100=0.000 total100=0.030
[train] 56:17:33<88:25:06, 0.052s/step step= 3890000 episodes= 8104 eps=0.050 replay= 39936 loss=0.00001 ext100=0.000 total100=0.030
[train] 56:19:17<88:23:21, 0.052s/step step= 3892000 episodes= 8108 eps=0.050 replay= 39936 loss=0.00001 ext100=0.000 total100=0.029
[train] 56:21:00<88:21:36, 0.052s/step step= 3894000 episodes= 8112 eps=0.050 replay= 39936 loss=0.00001 ext100=0.000 total100=0.029
[train] 56:22:43<88:19:49, 0.052s/step step= 3896000 episodes= 8117 eps=0.050 replay= 39936 loss=0.00000 ext100=0.000 total100=0.030
[train] 56:24:27<88:18:05, 0.052s/step step= 3898000 episodes= 8121 eps=0.050 replay= 39936 loss=0.00001 ext100=0.000 total100=0.030
[eval] step=3900000 episodes=8125 mean_ext_return=0.000
[train] 56:26:26<88:16:44, 0.052s/step step= 3900000 episodes= 8125 eps=0.050 replay= 39936 loss=0.00000 ext100=0.000 total100=0.031
[train] 56:28:10<88:14:59, 0.052s/step step= 3902000 episodes= 8129 eps=0.050 replay= 39936 loss=0.00000 ext100=0.000 total100=0.031
[train] 56:29:54<88:13:14, 0.052s/step step= 3904000 episodes= 8133 eps=0.050 replay= 39936 loss=0.00000 ext100=0.000 total100=0.032
[train] 56:31:38<88:11:30, 0.052s/step step= 3906000 episodes= 8137 eps=0.050 replay= 39936 loss=0.00002 ext100=0.000 total100=0.032
[train] 56:33:22<88:09:46, 0.052s/step step= 3908000 episodes= 8142 eps=0.050 replay= 39936 loss=0.00001 ext100=0.000 total100=0.032
[train] 56:35:05<88:08:00, 0.052s/step step= 3910000 episodes= 8146 eps=0.050 replay= 39936 loss=0.00000 ext100=0.000 total100=0.031
[train] 56:36:49<88:06:16, 0.052s/step step= 3912000 episodes= 8150 eps=0.050 replay= 39936 loss=0.00000 ext100=0.000 total100=0.030
[train] 56:38:33<88:04:31, 0.052s/step step= 3914000 episodes= 8154 eps=0.050 replay= 39936 loss=0.00001 ext100=0.000 total100=0.031
[train] 56:40:16<88:02:45, 0.052s/step step= 3916000 episodes= 8158 eps=0.050 replay= 39936 loss=0.00000 ext100=0.000 total100=0.031
[train] 56:42:00<88:01:01, 0.052s/step step= 3918000 episodes= 8162 eps=0.050 replay= 39936 loss=0.00001 ext100=0.000 total100=0.031
[eval] step=3920000 episodes=8167 mean_ext_return=0.000
[train] 56:43:59<87:59:40, 0.052s/step step= 3920000 episodes= 8167 eps=0.050 replay= 39936 loss=0.00000 ext100=0.000 total100=0.030
[train] 56:45:43<87:57:55, 0.052s/step step= 3922000 episodes= 8171 eps=0.050 replay= 39936 loss=0.00001 ext100=0.000 total100=0.030
[train] 56:47:27<87:56:10, 0.052s/step step= 3924000 episodes= 8175 eps=0.050 replay= 39936 loss=0.00001 ext100=0.000 total100=0.030
[train] 56:49:11<87:54:26, 0.052s/step step= 3926000 episodes= 8179 eps=0.050 replay= 39936 loss=0.00001 ext100=0.000 total100=0.032
[train] 56:50:55<87:52:41, 0.052s/step step= 3928000 episodes= 8183 eps=0.050 replay= 39936 loss=0.00001 ext100=0.000 total100=0.031
[train] 56:52:39<87:50:56, 0.052s/step step= 3930000 episodes= 8187 eps=0.050 replay= 39936 loss=0.00001 ext100=0.000 total100=0.033
[train] 56:54:23<87:49:12, 0.052s/step step= 3932000 episodes= 8192 eps=0.050 replay= 39936 loss=0.00000 ext100=0.000 total100=0.034
[train] 56:56:06<87:47:27, 0.052s/step step= 3934000 episodes= 8196 eps=0.050 replay= 39936 loss=0.00001 ext100=0.000 total100=0.034
[train] 56:57:49<87:45:40, 0.052s/step step= 3936000 episodes= 8200 eps=0.050 replay= 39936 loss=0.00000 ext100=0.000 total100=0.034
[train] 56:59:33<87:43:56, 0.052s/step step= 3938000 episodes= 8204 eps=0.050 replay= 39936 loss=0.00001 ext100=0.000 total100=0.034
[eval] step=3940000 episodes=8208 mean_ext_return=0.000
[train] 57:01:33<87:42:35, 0.052s/step step= 3940000 episodes= 8208 eps=0.050 replay= 39936 loss=0.00001 ext100=0.000 total100=0.034
[train] 57:03:16<87:40:50, 0.052s/step step= 3942000 episodes= 8212 eps=0.050 replay= 39936 loss=0.00001 ext100=0.000 total100=0.034
[train] 57:05:00<87:39:06, 0.052s/step step= 3944000 episodes= 8217 eps=0.050 replay= 39936 loss=0.00000 ext100=0.000 total100=0.032
[train] 57:06:45<87:37:21, 0.052s/step step= 3946000 episodes= 8221 eps=0.050 replay= 39936 loss=0.00001 ext100=0.000 total100=0.033
[train] 57:08:29<87:35:37, 0.052s/step step= 3948000 episodes= 8225 eps=0.050 replay= 39936 loss=0.00000 ext100=0.000 total100=0.034
[train] 57:10:13<87:33:52, 0.052s/step step= 3950000 episodes= 8229 eps=0.050 replay= 39936 loss=0.00000 ext100=0.000 total100=0.033
[train] 57:11:57<87:32:08, 0.052s/step step= 3952000 episodes= 8233 eps=0.050 replay= 39936 loss=0.00001 ext100=0.000 total100=0.033
[train] 57:13:40<87:30:23, 0.052s/step step= 3954000 episodes= 8237 eps=0.050 replay= 39936 loss=0.00001 ext100=0.000 total100=0.033
[train] 57:15:23<87:28:36, 0.052s/step step= 3956000 episodes= 8242 eps=0.050 replay= 39936 loss=0.00000 ext100=0.000 total100=0.032
[train] 57:17:07<87:26:52, 0.052s/step step= 3958000 episodes= 8246 eps=0.050 replay= 39936 loss=0.00000 ext100=0.000 total100=0.031
[eval] step=3960000 episodes=8250 mean_ext_return=0.000
[train] 57:19:07<87:25:31, 0.052s/step step= 3960000 episodes= 8250 eps=0.050 replay= 39936 loss=0.00000 ext100=0.000 total100=0.032
[train] 57:20:50<87:23:46, 0.052s/step step= 3962000 episodes= 8254 eps=0.050 replay= 39936 loss=0.00002 ext100=0.000 total100=0.031
[train] 57:22:34<87:22:01, 0.052s/step step= 3964000 episodes= 8258 eps=0.050 replay= 39936 loss=0.00001 ext100=0.000 total100=0.031
[train] 57:24:18<87:20:16, 0.052s/step step= 3966000 episodes= 8262 eps=0.050 replay= 39936 loss=0.00000 ext100=0.000 total100=0.031
[train] 57:26:03<87:18:33, 0.052s/step step= 3968000 episodes= 8267 eps=0.050 replay= 39936 loss=0.00001 ext100=0.000 total100=0.031
[train] 57:27:47<87:16:49, 0.052s/step step= 3970000 episodes= 8271 eps=0.050 replay= 39936 loss=0.00001 ext100=0.000 total100=0.031
[train] 57:29:31<87:15:04, 0.052s/step step= 3972000 episodes= 8275 eps=0.050 replay= 39936 loss=0.00000 ext100=0.000 total100=0.031
[train] 57:31:15<87:13:19, 0.052s/step step= 3974000 episodes= 8279 eps=0.050 replay= 39936 loss=0.00000 ext100=0.000 total100=0.031
[train] 57:32:57<87:11:33, 0.052s/step step= 3976000 episodes= 8283 eps=0.050 replay= 39936 loss=0.00000 ext100=0.000 total100=0.030
[train] 57:34:42<87:09:49, 0.052s/step step= 3978000 episodes= 8287 eps=0.050 replay= 39936 loss=0.00000 ext100=0.000 total100=0.030
[eval] step=3980000 episodes=8292 mean_ext_return=0.000
[train] 57:36:41<87:08:27, 0.052s/step step= 3980000 episodes= 8292 eps=0.050 replay= 39936 loss=0.00001 ext100=0.000 total100=0.031
[train] 57:38:25<87:06:42, 0.052s/step step= 3982000 episodes= 8296 eps=0.050 replay= 39936 loss=0.00000 ext100=0.000 total100=0.030
[train] 57:40:08<87:04:57, 0.052s/step step= 3984000 episodes= 8300 eps=0.050 replay= 39936 loss=0.00000 ext100=0.000 total100=0.029
[train] 57:41:52<87:03:13, 0.052s/step step= 3986000 episodes= 8304 eps=0.050 replay= 39936 loss=0.00001 ext100=0.000 total100=0.030
[train] 57:43:37<87:01:29, 0.052s/step step= 3988000 episodes= 8308 eps=0.050 replay= 39936 loss=0.00000 ext100=0.000 total100=0.029
[train] 57:45:20<86:59:44, 0.052s/step step= 3990000 episodes= 8312 eps=0.050 replay= 39936 loss=0.00000 ext100=0.000 total100=0.029
[train] 57:47:04<86:57:59, 0.052s/step step= 3992000 episodes= 8317 eps=0.050 replay= 39936 loss=0.00000 ext100=0.000 total100=0.029
[train] 57:48:48<86:56:14, 0.052s/step step= 3994000 episodes= 8321 eps=0.050 replay= 39936 loss=0.00000 ext100=0.000 total100=0.026
[train] 57:50:31<86:54:27, 0.052s/step step= 3996000 episodes= 8325 eps=0.050 replay= 39936 loss=0.00000 ext100=0.000 total100=0.025
[train] 57:52:15<86:52:43, 0.052s/step step= 3998000 episodes= 8329 eps=0.050 replay= 39936 loss=0.00000 ext100=0.000 total100=0.025
[eval] step=4000000 episodes=8333 mean_ext_return=0.000
[train] 57:54:14<86:51:21, 0.052s/step step= 4000000 episodes= 8333 eps=0.050 replay= 39936 loss=0.00000 ext100=0.000 total100=0.026
[train] 57:55:58<86:49:36, 0.052s/step step= 4002000 episodes= 8337 eps=0.050 replay= 39936 loss=0.00000 ext100=0.000 total100=0.026
[train] 57:57:41<86:47:51, 0.052s/step step= 4004000 episodes= 8342 eps=0.050 replay= 39936 loss=0.00000 ext100=0.000 total100=0.025
[train] 57:59:25<86:46:07, 0.052s/step step= 4006000 episodes= 8346 eps=0.050 replay= 39936 loss=0.00000 ext100=0.000 total100=0.027
[train] 58:01:10<86:44:22, 0.052s/step step= 4008000 episodes= 8350 eps=0.050 replay= 39936 loss=0.00000 ext100=0.000 total100=0.027
[train] 58:02:53<86:42:37, 0.052s/step step= 4010000 episodes= 8354 eps=0.050 replay= 39936 loss=0.00000 ext100=0.000 total100=0.027
[train] 58:04:37<86:40:53, 0.052s/step step= 4012000 episodes= 8358 eps=0.050 replay= 39936 loss=0.00000 ext100=0.000 total100=0.029
[train] 58:06:21<86:39:08, 0.052s/step step= 4014000 episodes= 8362 eps=0.050 replay= 39936 loss=0.00000 ext100=0.000 total100=0.030
[train] 58:08:04<86:37:21, 0.052s/step step= 4016000 episodes= 8367 eps=0.050 replay= 39936 loss=0.00000 ext100=0.000 total100=0.030
[train] 58:09:48<86:35:37, 0.052s/step step= 4018000 episodes= 8371 eps=0.050 replay= 39936 loss=0.00001 ext100=0.000 total100=0.029
[eval] step=4020000 episodes=8375 mean_ext_return=0.000
[train] 58:11:47<86:34:15, 0.052s/step step= 4020000 episodes= 8375 eps=0.050 replay= 39936 loss=0.00000 ext100=0.000 total100=0.030
[train] 58:13:31<86:32:30, 0.052s/step step= 4022000 episodes= 8379 eps=0.050 replay= 39936 loss=0.00001 ext100=0.000 total100=0.031
[train] 58:15:15<86:30:45, 0.052s/step step= 4024000 episodes= 8383 eps=0.050 replay= 39936 loss=0.00001 ext100=0.000 total100=0.031
[train] 58:16:59<86:29:01, 0.052s/step step= 4026000 episodes= 8387 eps=0.050 replay= 39936 loss=0.00001 ext100=0.000 total100=0.031
[train] 58:18:43<86:27:16, 0.052s/step step= 4028000 episodes= 8392 eps=0.050 replay= 39936 loss=0.00000 ext100=0.000 total100=0.031
[train] 58:20:26<86:25:31, 0.052s/step step= 4030000 episodes= 8396 eps=0.050 replay= 39936 loss=0.00000 ext100=0.000 total100=0.031
[train] 58:22:10<86:23:46, 0.052s/step step= 4032000 episodes= 8400 eps=0.050 replay= 39936 loss=0.00000 ext100=0.000 total100=0.032
[train] 58:23:54<86:22:01, 0.052s/step step= 4034000 episodes= 8404 eps=0.050 replay= 39936 loss=0.00001 ext100=0.000 total100=0.032
[train] 58:25:36<86:20:14, 0.052s/step step= 4036000 episodes= 8408 eps=0.050 replay= 39936 loss=0.00001 ext100=0.000 total100=0.033
[train] 58:27:21<86:18:30, 0.052s/step step= 4038000 episodes= 8412 eps=0.050 replay= 39936 loss=0.00001 ext100=0.000 total100=0.032
[eval] step=4040000 episodes=8417 mean_ext_return=0.000
[train] 58:29:20<86:17:08, 0.052s/step step= 4040000 episodes= 8417 eps=0.050 replay= 39936 loss=0.00000 ext100=0.000 total100=0.034
[train] 58:31:04<86:15:23, 0.052s/step step= 4042000 episodes= 8421 eps=0.050 replay= 39936 loss=0.00001 ext100=0.000 total100=0.036
[train] 58:32:47<86:13:38, 0.052s/step step= 4044000 episodes= 8425 eps=0.050 replay= 39936 loss=0.00001 ext100=0.000 total100=0.035
[train] 58:34:31<86:11:54, 0.052s/step step= 4046000 episodes= 8429 eps=0.050 replay= 39936 loss=0.00000 ext100=0.000 total100=0.035
[train] 58:36:16<86:10:09, 0.052s/step step= 4048000 episodes= 8433 eps=0.050 replay= 39936 loss=0.00000 ext100=0.000 total100=0.035
[train] 58:37:59<86:08:25, 0.052s/step step= 4050000 episodes= 8437 eps=0.050 replay= 39936 loss=0.00001 ext100=0.000 total100=0.035
[train] 58:39:43<86:06:40, 0.052s/step step= 4052000 episodes= 8442 eps=0.050 replay= 39936 loss=0.00000 ext100=0.000 total100=0.037
[train] 58:41:27<86:04:55, 0.052s/step step= 4054000 episodes= 8446 eps=0.050 replay= 39936 loss=0.00000 ext100=0.000 total100=0.037
[train] 58:43:10<86:03:08, 0.052s/step step= 4056000 episodes= 8450 eps=0.050 replay= 39936 loss=0.00001 ext100=0.000 total100=0.037
[train] 58:44:54<86:01:24, 0.052s/step step= 4058000 episodes= 8454 eps=0.050 replay= 39936 loss=0.00002 ext100=0.000 total100=0.037
[eval] step=4060000 episodes=8458 mean_ext_return=0.000
[train] 58:46:53<86:00:02, 0.052s/step step= 4060000 episodes= 8458 eps=0.050 replay= 39936 loss=0.00000 ext100=0.000 total100=0.036
[train] 58:48:37<85:58:17, 0.052s/step step= 4062000 episodes= 8462 eps=0.050 replay= 39936 loss=0.00000 ext100=0.000 total100=0.034
[train] 58:50:21<85:56:32, 0.052s/step step= 4064000 episodes= 8467 eps=0.050 replay= 39936 loss=0.00000 ext100=0.000 total100=0.032
[train] 58:52:05<85:54:47, 0.052s/step step= 4066000 episodes= 8471 eps=0.050 replay= 39936 loss=0.00001 ext100=0.000 total100=0.033
[train] 58:53:49<85:53:02, 0.052s/step step= 4068000 episodes= 8475 eps=0.050 replay= 39936 loss=0.00000 ext100=0.000 total100=0.033
[train] 58:55:32<85:51:17, 0.052s/step step= 4070000 episodes= 8479 eps=0.050 replay= 39936 loss=0.00001 ext100=0.000 total100=0.033
[train] 58:57:16<85:49:33, 0.052s/step step= 4072000 episodes= 8483 eps=0.050 replay= 39936 loss=0.00000 ext100=0.000 total100=0.033
[train] 58:59:00<85:47:48, 0.052s/step step= 4074000 episodes= 8487 eps=0.050 replay= 39936 loss=0.00001 ext100=0.000 total100=0.033
[train] 59:00:43<85:46:02, 0.052s/step step= 4076000 episodes= 8492 eps=0.050 replay= 39936 loss=0.00001 ext100=0.000 total100=0.033
[train] 59:02:27<85:44:17, 0.052s/step step= 4078000 episodes= 8496 eps=0.050 replay= 39936 loss=0.00000 ext100=0.000 total100=0.033
[eval] step=4080000 episodes=8500 mean_ext_return=0.000
[train] 59:04:27<85:42:55, 0.052s/step step= 4080000 episodes= 8500 eps=0.050 replay= 39936 loss=0.00000 ext100=0.000 total100=0.033
[train] 59:06:10<85:41:10, 0.052s/step step= 4082000 episodes= 8504 eps=0.050 replay= 39936 loss=0.00003 ext100=0.000 total100=0.033
[train] 59:07:54<85:39:25, 0.052s/step step= 4084000 episodes= 8508 eps=0.050 replay= 39936 loss=0.00000 ext100=0.000 total100=0.033
[train] 59:09:38<85:37:40, 0.052s/step step= 4086000 episodes= 8512 eps=0.050 replay= 39936 loss=0.00001 ext100=0.000 total100=0.034
[train] 59:11:22<85:35:56, 0.052s/step step= 4088000 episodes= 8517 eps=0.050 replay= 39936 loss=0.00001 ext100=0.000 total100=0.033
[train] 59:13:05<85:34:11, 0.052s/step step= 4090000 episodes= 8521 eps=0.050 replay= 39936 loss=0.00002 ext100=0.000 total100=0.033
[train] 59:14:49<85:32:26, 0.052s/step step= 4092000 episodes= 8525 eps=0.050 replay= 39936 loss=0.00000 ext100=0.000 total100=0.034
[train] 59:16:33<85:30:41, 0.052s/step step= 4094000 episodes= 8529 eps=0.050 replay= 39936 loss=0.00000 ext100=0.000 total100=0.033
[train] 59:18:16<85:28:55, 0.052s/step step= 4096000 episodes= 8533 eps=0.050 replay= 39936 loss=0.00000 ext100=0.000 total100=0.033
[train] 59:20:00<85:27:10, 0.052s/step step= 4098000 episodes= 8537 eps=0.050 replay= 39936 loss=0.00001 ext100=0.000 total100=0.033
[eval] step=4100000 episodes=8542 mean_ext_return=0.000
[train] 59:21:59<85:25:47, 0.052s/step step= 4100000 episodes= 8542 eps=0.050 replay= 39936 loss=0.00000 ext100=0.000 total100=0.033
[train] 59:23:43<85:24:03, 0.052s/step step= 4102000 episodes= 8546 eps=0.050 replay= 39936 loss=0.00000 ext100=0.000 total100=0.033
[train] 59:25:27<85:22:18, 0.052s/step step= 4104000 episodes= 8550 eps=0.050 replay= 39936 loss=0.00000 ext100=0.000 total100=0.034
[train] 59:27:11<85:20:33, 0.052s/step step= 4106000 episodes= 8554 eps=0.050 replay= 39936 loss=0.00002 ext100=0.000 total100=0.035
[train] 59:28:55<85:18:49, 0.052s/step step= 4108000 episodes= 8558 eps=0.050 replay= 39936 loss=0.00000 ext100=0.000 total100=0.036
[train] 59:30:39<85:17:04, 0.052s/step step= 4110000 episodes= 8562 eps=0.050 replay= 39936 loss=0.00001 ext100=0.000 total100=0.037
[train] 59:32:23<85:15:20, 0.052s/step step= 4112000 episodes= 8567 eps=0.050 replay= 39936 loss=0.00000 ext100=0.000 total100=0.038
[train] 59:34:07<85:13:35, 0.052s/step step= 4114000 episodes= 8571 eps=0.050 replay= 39936 loss=0.00001 ext100=0.000 total100=0.038
[train] 59:35:50<85:11:48, 0.052s/step step= 4116000 episodes= 8575 eps=0.050 replay= 39936 loss=0.00001 ext100=0.000 total100=0.038
[train] 59:37:34<85:10:04, 0.052s/step step= 4118000 episodes= 8579 eps=0.050 replay= 39936 loss=0.00001 ext100=0.000 total100=0.038
[eval] step=4120000 episodes=8583 mean_ext_return=0.000
[train] 59:39:33<85:08:41, 0.052s/step step= 4120000 episodes= 8583 eps=0.050 replay= 39936 loss=0.00000 ext100=0.000 total100=0.037
[train] 59:41:17<85:06:56, 0.052s/step step= 4122000 episodes= 8587 eps=0.050 replay= 39936 loss=0.00001 ext100=0.000 total100=0.038
[train] 59:43:00<85:05:11, 0.052s/step step= 4124000 episodes= 8592 eps=0.050 replay= 39936 loss=0.00000 ext100=0.000 total100=0.038
[train] 59:44:45<85:03:26, 0.052s/step step= 4126000 episodes= 8596 eps=0.050 replay= 39936 loss=0.00000 ext100=0.000 total100=0.038
[train] 59:46:28<85:01:42, 0.052s/step step= 4128000 episodes= 8600 eps=0.050 replay= 39936 loss=0.00001 ext100=0.000 total100=0.038
[train] 59:48:12<84:59:57, 0.052s/step step= 4130000 episodes= 8604 eps=0.050 replay= 39936 loss=0.00001 ext100=0.000 total100=0.038
[train] 59:49:57<84:58:13, 0.052s/step step= 4132000 episodes= 8608 eps=0.050 replay= 39936 loss=0.00000 ext100=0.000 total100=0.036
[train] 59:51:40<84:56:28, 0.052s/step step= 4134000 episodes= 8612 eps=0.050 replay= 39936 loss=0.00000 ext100=0.000 total100=0.037
[train] 59:53:23<84:54:41, 0.052s/step step= 4136000 episodes= 8617 eps=0.050 replay= 39936 loss=0.00000 ext100=0.000 total100=0.037
[train] 59:55:07<84:52:57, 0.052s/step step= 4138000 episodes= 8621 eps=0.050 replay= 39936 loss=0.00001 ext100=0.000 total100=0.035
[eval] step=4140000 episodes=8625 mean_ext_return=0.000
[train] 59:57:07<84:51:34, 0.052s/step step= 4140000 episodes= 8625 eps=0.050 replay= 39936 loss=0.00000 ext100=0.000 total100=0.035
[train] 59:58:50<84:49:49, 0.052s/step step= 4142000 episodes= 8629 eps=0.050 replay= 39936 loss=0.00000 ext100=0.000 total100=0.035
[train] 60:00:34<84:48:04, 0.052s/step step= 4144000 episodes= 8633 eps=0.050 replay= 39936 loss=0.00000 ext100=0.000 total100=0.036
[train] 60:02:18<84:46:19, 0.052s/step step= 4146000 episodes= 8637 eps=0.050 replay= 39936 loss=0.00001 ext100=0.000 total100=0.035
[train] 60:04:02<84:44:35, 0.052s/step step= 4148000 episodes= 8642 eps=0.050 replay= 39936 loss=0.00000 ext100=0.000 total100=0.034
[train] 60:05:46<84:42:50, 0.052s/step step= 4150000 episodes= 8646 eps=0.050 replay= 39936 loss=0.00000 ext100=0.000 total100=0.034
[train] 60:07:30<84:41:06, 0.052s/step step= 4152000 episodes= 8650 eps=0.050 replay= 39936 loss=0.00000 ext100=0.000 total100=0.033
[train] 60:09:14<84:39:20, 0.052s/step step= 4154000 episodes= 8654 eps=0.050 replay= 39936 loss=0.00001 ext100=0.000 total100=0.031
[train] 60:10:57<84:37:34, 0.052s/step step= 4156000 episodes= 8658 eps=0.050 replay= 39936 loss=0.00000 ext100=0.000 total100=0.031
[train] 60:12:41<84:35:49, 0.052s/step step= 4158000 episodes= 8662 eps=0.050 replay= 39936 loss=0.00000 ext100=0.000 total100=0.031
[eval] step=4160000 episodes=8667 mean_ext_return=0.000
[train] 60:14:40<84:34:26, 0.052s/step step= 4160000 episodes= 8667 eps=0.050 replay= 39936 loss=0.00000 ext100=0.000 total100=0.031
[train] 60:16:24<84:32:41, 0.052s/step step= 4162000 episodes= 8671 eps=0.050 replay= 39936 loss=0.00001 ext100=0.000 total100=0.031
[train] 60:18:07<84:30:56, 0.052s/step step= 4164000 episodes= 8675 eps=0.050 replay= 39936 loss=0.00000 ext100=0.000 total100=0.030
[train] 60:19:51<84:29:12, 0.052s/step step= 4166000 episodes= 8679 eps=0.050 replay= 39936 loss=0.00000 ext100=0.000 total100=0.031
[train] 60:21:35<84:27:27, 0.052s/step step= 4168000 episodes= 8683 eps=0.050 replay= 39936 loss=0.00000 ext100=0.000 total100=0.032
[train] 60:23:19<84:25:42, 0.052s/step step= 4170000 episodes= 8687 eps=0.050 replay= 39936 loss=0.00001 ext100=0.000 total100=0.031
[train] 60:25:03<84:23:57, 0.052s/step step= 4172000 episodes= 8692 eps=0.050 replay= 39936 loss=0.00000 ext100=0.000 total100=0.030
[train] 60:26:47<84:22:12, 0.052s/step step= 4174000 episodes= 8696 eps=0.050 replay= 39936 loss=0.00000 ext100=0.000 total100=0.029
[train] 60:28:30<84:20:26, 0.052s/step step= 4176000 episodes= 8700 eps=0.050 replay= 39936 loss=0.00000 ext100=0.000 total100=0.028
[train] 60:30:14<84:18:42, 0.052s/step step= 4178000 episodes= 8704 eps=0.050 replay= 39936 loss=0.00001 ext100=0.000 total100=0.028
[eval] step=4180000 episodes=8708 mean_ext_return=0.000
[train] 60:32:13<84:17:18, 0.052s/step step= 4180000 episodes= 8708 eps=0.050 replay= 39936 loss=0.00000 ext100=0.000 total100=0.029
[train] 60:33:57<84:15:33, 0.052s/step step= 4182000 episodes= 8712 eps=0.050 replay= 39936 loss=0.00000 ext100=0.000 total100=0.028
[train] 60:35:40<84:13:48, 0.052s/step step= 4184000 episodes= 8717 eps=0.050 replay= 39936 loss=0.00000 ext100=0.000 total100=0.029
[train] 60:37:24<84:12:03, 0.052s/step step= 4186000 episodes= 8721 eps=0.050 replay= 39936 loss=0.00001 ext100=0.000 total100=0.031
[train] 60:39:08<84:10:18, 0.052s/step step= 4188000 episodes= 8725 eps=0.050 replay= 39936 loss=0.00001 ext100=0.000 total100=0.031
[train] 60:40:52<84:08:34, 0.052s/step step= 4190000 episodes= 8729 eps=0.050 replay= 39936 loss=0.00000 ext100=0.000 total100=0.031
[train] 60:42:36<84:06:49, 0.052s/step step= 4192000 episodes= 8733 eps=0.050 replay= 39936 loss=0.00000 ext100=0.000 total100=0.030
[train] 60:44:20<84:05:04, 0.052s/step step= 4194000 episodes= 8737 eps=0.050 replay= 39936 loss=0.00001 ext100=0.000 total100=0.032
[train] 60:46:03<84:03:18, 0.052s/step step= 4196000 episodes= 8742 eps=0.050 replay= 39936 loss=0.00001 ext100=0.000 total100=0.032
[train] 60:47:47<84:01:33, 0.052s/step step= 4198000 episodes= 8746 eps=0.050 replay= 39936 loss=0.00001 ext100=0.000 total100=0.031
[eval] step=4200000 episodes=8750 mean_ext_return=0.000
[train] 60:49:46<84:00:10, 0.052s/step step= 4200000 episodes= 8750 eps=0.050 replay= 39936 loss=0.00000 ext100=0.000 total100=0.031
[train] 60:51:30<83:58:25, 0.052s/step step= 4202000 episodes= 8754 eps=0.050 replay= 39936 loss=0.00001 ext100=0.000 total100=0.031
[train] 60:53:13<83:56:39, 0.052s/step step= 4204000 episodes= 8758 eps=0.050 replay= 39936 loss=0.00000 ext100=0.000 total100=0.031
[train] 60:54:58<83:54:55, 0.052s/step step= 4206000 episodes= 8762 eps=0.050 replay= 39936 loss=0.00000 ext100=0.000 total100=0.031
[train] 60:56:42<83:53:10, 0.052s/step step= 4208000 episodes= 8767 eps=0.050 replay= 39936 loss=0.00000 ext100=0.000 total100=0.031
[train] 60:58:26<83:51:26, 0.052s/step step= 4210000 episodes= 8771 eps=0.050 replay= 39936 loss=0.00000 ext100=0.000 total100=0.031
[train] 61:00:10<83:49:41, 0.052s/step step= 4212000 episodes= 8775 eps=0.050 replay= 39936 loss=0.00000 ext100=0.000 total100=0.031
[train] 61:01:54<83:47:56, 0.052s/step step= 4214000 episodes= 8779 eps=0.050 replay= 39936 loss=0.00000 ext100=0.000 total100=0.030
[train] 61:03:36<83:46:10, 0.052s/step step= 4216000 episodes= 8783 eps=0.050 replay= 39936 loss=0.00000 ext100=0.000 total100=0.029
[train] 61:05:20<83:44:25, 0.052s/step step= 4218000 episodes= 8787 eps=0.050 replay= 39936 loss=0.00001 ext100=0.000 total100=0.028
[eval] step=4220000 episodes=8792 mean_ext_return=0.000
[train] 61:07:20<83:43:02, 0.052s/step step= 4220000 episodes= 8792 eps=0.050 replay= 39936 loss=0.00000 ext100=0.000 total100=0.030
[train] 61:09:03<83:41:16, 0.052s/step step= 4222000 episodes= 8796 eps=0.050 replay= 39936 loss=0.00000 ext100=0.000 total100=0.030
[train] 61:10:47<83:39:31, 0.052s/step step= 4224000 episodes= 8800 eps=0.050 replay= 39936 loss=0.00000 ext100=0.000 total100=0.031
[train] 61:12:31<83:37:47, 0.052s/step step= 4226000 episodes= 8804 eps=0.050 replay= 39936 loss=0.00001 ext100=0.000 total100=0.031
[train] 61:14:15<83:36:02, 0.052s/step step= 4228000 episodes= 8808 eps=0.050 replay= 39936 loss=0.00000 ext100=0.000 total100=0.032
[train] 61:15:59<83:34:17, 0.052s/step step= 4230000 episodes= 8812 eps=0.050 replay= 39936 loss=0.00000 ext100=0.000 total100=0.032
[train] 61:17:43<83:32:33, 0.052s/step step= 4232000 episodes= 8817 eps=0.050 replay= 39936 loss=0.00000 ext100=0.000 total100=0.032
[train] 61:19:27<83:30:48, 0.052s/step step= 4234000 episodes= 8821 eps=0.050 replay= 39936 loss=0.00001 ext100=0.000 total100=0.032
[train] 61:21:10<83:29:01, 0.052s/step step= 4236000 episodes= 8825 eps=0.050 replay= 39936 loss=0.00000 ext100=0.000 total100=0.031
[train] 61:22:53<83:27:16, 0.052s/step step= 4238000 episodes= 8829 eps=0.050 replay= 39936 loss=0.00000 ext100=0.000 total100=0.031
[eval] step=4240000 episodes=8833 mean_ext_return=0.000
[train] 61:24:53<83:25:53, 0.052s/step step= 4240000 episodes= 8833 eps=0.050 replay= 39936 loss=0.00000 ext100=0.000 total100=0.032
[train] 61:26:37<83:24:08, 0.052s/step step= 4242000 episodes= 8837 eps=0.050 replay= 39936 loss=0.00001 ext100=0.000 total100=0.031
[train] 61:28:20<83:22:23, 0.052s/step step= 4244000 episodes= 8842 eps=0.050 replay= 39936 loss=0.00000 ext100=0.000 total100=0.031
[train] 61:30:05<83:20:39, 0.052s/step step= 4246000 episodes= 8846 eps=0.050 replay= 39936 loss=0.00000 ext100=0.000 total100=0.032
[train] 61:31:48<83:18:53, 0.052s/step step= 4248000 episodes= 8850 eps=0.050 replay= 39936 loss=0.00000 ext100=0.000 total100=0.032
[train] 61:33:32<83:17:09, 0.052s/step step= 4250000 episodes= 8854 eps=0.050 replay= 39936 loss=0.00001 ext100=0.000 total100=0.032
[train] 61:35:17<83:15:25, 0.052s/step step= 4252000 episodes= 8858 eps=0.050 replay= 39936 loss=0.00000 ext100=0.000 total100=0.032
[train] 61:37:00<83:13:39, 0.052s/step step= 4254000 episodes= 8862 eps=0.050 replay= 39936 loss=0.00000 ext100=0.000 total100=0.031
[train] 61:38:43<83:11:53, 0.052s/step step= 4256000 episodes= 8867 eps=0.050 replay= 39936 loss=0.00000 ext100=0.000 total100=0.030
[train] 61:40:27<83:10:08, 0.052s/step step= 4258000 episodes= 8871 eps=0.050 replay= 39936 loss=0.00001 ext100=0.000 total100=0.031
[eval] step=4260000 episodes=8875 mean_ext_return=0.000
[train] 61:42:26<83:08:44, 0.052s/step step= 4260000 episodes= 8875 eps=0.050 replay= 39936 loss=0.00000 ext100=0.000 total100=0.032
[train] 61:44:10<83:06:59, 0.052s/step step= 4262000 episodes= 8879 eps=0.050 replay= 39936 loss=0.00000 ext100=0.000 total100=0.033
[train] 61:45:54<83:05:14, 0.052s/step step= 4264000 episodes= 8883 eps=0.050 replay= 39936 loss=0.00000 ext100=0.000 total100=0.034
[train] 61:47:38<83:03:29, 0.052s/step step= 4266000 episodes= 8887 eps=0.050 replay= 39936 loss=0.00001 ext100=0.000 total100=0.034
[train] 61:49:22<83:01:44, 0.052s/step step= 4268000 episodes= 8892 eps=0.050 replay= 39936 loss=0.00000 ext100=0.000 total100=0.034
[train] 61:51:06<83:00:00, 0.052s/step step= 4270000 episodes= 8896 eps=0.050 replay= 39936 loss=0.00000 ext100=0.000 total100=0.034
[train] 61:52:50<82:58:15, 0.052s/step step= 4272000 episodes= 8900 eps=0.050 replay= 39936 loss=0.00000 ext100=0.000 total100=0.034
[train] 61:54:33<82:56:30, 0.052s/step step= 4274000 episodes= 8904 eps=0.050 replay= 39936 loss=0.00001 ext100=0.000 total100=0.034
[train] 61:56:16<82:54:43, 0.052s/step step= 4276000 episodes= 8908 eps=0.050 replay= 39936 loss=0.00000 ext100=0.000 total100=0.034
[train] 61:58:00<82:52:58, 0.052s/step step= 4278000 episodes= 8912 eps=0.050 replay= 39936 loss=0.00000 ext100=0.000 total100=0.034
[eval] step=4280000 episodes=8917 mean_ext_return=0.000
[train] 61:59:59<82:51:34, 0.052s/step step= 4280000 episodes= 8917 eps=0.050 replay= 39936 loss=0.00001 ext100=0.000 total100=0.034
[train] 62:01:43<82:49:49, 0.052s/step step= 4282000 episodes= 8921 eps=0.050 replay= 39936 loss=0.00000 ext100=0.000 total100=0.034
[train] 62:03:27<82:48:04, 0.052s/step step= 4284000 episodes= 8925 eps=0.050 replay= 39936 loss=0.00000 ext100=0.000 total100=0.034
[train] 62:05:11<82:46:20, 0.052s/step step= 4286000 episodes= 8929 eps=0.050 replay= 39936 loss=0.00000 ext100=0.000 total100=0.033
[train] 62:06:55<82:44:35, 0.052s/step step= 4288000 episodes= 8933 eps=0.050 replay= 39936 loss=0.00000 ext100=0.000 total100=0.033
[train] 62:08:39<82:42:51, 0.052s/step step= 4290000 episodes= 8937 eps=0.050 replay= 39936 loss=0.00001 ext100=0.000 total100=0.034
[train] 62:10:23<82:41:06, 0.052s/step step= 4292000 episodes= 8942 eps=0.050 replay= 39936 loss=0.00000 ext100=0.000 total100=0.035
[train] 62:12:06<82:39:21, 0.052s/step step= 4294000 episodes= 8946 eps=0.050 replay= 39936 loss=0.00000 ext100=0.000 total100=0.034
[train] 62:13:49<82:37:34, 0.052s/step step= 4296000 episodes= 8950 eps=0.050 replay= 39936 loss=0.00000 ext100=0.000 total100=0.034
[train] 62:15:33<82:35:49, 0.052s/step step= 4298000 episodes= 8954 eps=0.050 replay= 39936 loss=0.00000 ext100=0.000 total100=0.034
[eval] step=4300000 episodes=8958 mean_ext_return=0.000
[train] 62:17:33<82:34:25, 0.052s/step step= 4300000 episodes= 8958 eps=0.050 replay= 39936 loss=0.00000 ext100=0.000 total100=0.035
[train] 62:19:16<82:32:40, 0.052s/step step= 4302000 episodes= 8962 eps=0.050 replay= 39936 loss=0.00000 ext100=0.000 total100=0.035
[train] 62:21:00<82:30:55, 0.052s/step step= 4304000 episodes= 8967 eps=0.050 replay= 39936 loss=0.00000 ext100=0.000 total100=0.035
[train] 62:22:44<82:29:11, 0.052s/step step= 4306000 episodes= 8971 eps=0.050 replay= 39936 loss=0.00001 ext100=0.000 total100=0.036
[train] 62:24:28<82:27:25, 0.052s/step step= 4308000 episodes= 8975 eps=0.050 replay= 39936 loss=0.00000 ext100=0.000 total100=0.034
[train] 62:26:12<82:25:41, 0.052s/step step= 4310000 episodes= 8979 eps=0.050 replay= 39936 loss=0.00000 ext100=0.000 total100=0.034
[train] 62:27:56<82:23:56, 0.052s/step step= 4312000 episodes= 8983 eps=0.050 replay= 39936 loss=0.00000 ext100=0.000 total100=0.034
[train] 62:29:40<82:22:11, 0.052s/step step= 4314000 episodes= 8987 eps=0.050 replay= 39936 loss=0.00001 ext100=0.000 total100=0.034
[train] 62:31:22<82:20:24, 0.052s/step step= 4316000 episodes= 8992 eps=0.050 replay= 39936 loss=0.00000 ext100=0.000 total100=0.033
[train] 62:33:06<82:18:40, 0.052s/step step= 4318000 episodes= 8996 eps=0.050 replay= 39936 loss=0.00000 ext100=0.000 total100=0.033
[eval] step=4320000 episodes=9000 mean_ext_return=0.000
[train] 62:35:06<82:17:15, 0.052s/step step= 4320000 episodes= 9000 eps=0.050 replay= 39936 loss=0.00000 ext100=0.000 total100=0.033
[train] 62:36:49<82:15:30, 0.052s/step step= 4322000 episodes= 9004 eps=0.050 replay= 39936 loss=0.00000 ext100=0.000 total100=0.032
[train] 62:38:33<82:13:45, 0.052s/step step= 4324000 episodes= 9008 eps=0.050 replay= 39936 loss=0.00000 ext100=0.000 total100=0.032
[train] 62:40:17<82:12:01, 0.052s/step step= 4326000 episodes= 9012 eps=0.050 replay= 39936 loss=0.00000 ext100=0.000 total100=0.032
[train] 62:42:01<82:10:15, 0.052s/step step= 4328000 episodes= 9017 eps=0.050 replay= 39936 loss=0.00001 ext100=0.000 total100=0.030
[train] 62:43:45<82:08:31, 0.052s/step step= 4330000 episodes= 9021 eps=0.050 replay= 39936 loss=0.00001 ext100=0.000 total100=0.030
[train] 62:45:29<82:06:46, 0.052s/step step= 4332000 episodes= 9025 eps=0.050 replay= 39936 loss=0.00000 ext100=0.000 total100=0.030
[train] 62:47:13<82:05:01, 0.052s/step step= 4334000 episodes= 9029 eps=0.050 replay= 39936 loss=0.00000 ext100=0.000 total100=0.031
[train] 62:48:55<82:03:15, 0.052s/step step= 4336000 episodes= 9033 eps=0.050 replay= 39936 loss=0.00000 ext100=0.000 total100=0.031
[train] 62:50:39<82:01:30, 0.052s/step step= 4338000 episodes= 9037 eps=0.050 replay= 39936 loss=0.00001 ext100=0.000 total100=0.031
[eval] step=4340000 episodes=9042 mean_ext_return=0.000
[train] 62:52:39<82:00:05, 0.052s/step step= 4340000 episodes= 9042 eps=0.050 replay= 39936 loss=0.00000 ext100=0.000 total100=0.030
[train] 62:54:23<81:58:20, 0.052s/step step= 4342000 episodes= 9046 eps=0.050 replay= 39936 loss=0.00000 ext100=0.000 total100=0.029
[train] 62:56:06<81:56:35, 0.052s/step step= 4344000 episodes= 9050 eps=0.050 replay= 39936 loss=0.00000 ext100=0.000 total100=0.029
[train] 62:57:50<81:54:51, 0.052s/step step= 4346000 episodes= 9054 eps=0.050 replay= 39936 loss=0.00000 ext100=0.000 total100=0.028
[train] 62:59:34<81:53:06, 0.052s/step step= 4348000 episodes= 9058 eps=0.050 replay= 39936 loss=0.00000 ext100=0.000 total100=0.028
[train] 63:01:18<81:51:21, 0.052s/step step= 4350000 episodes= 9062 eps=0.050 replay= 39936 loss=0.00000 ext100=0.000 total100=0.028
[train] 63:03:03<81:49:37, 0.052s/step step= 4352000 episodes= 9067 eps=0.050 replay= 39936 loss=0.00000 ext100=0.000 total100=0.028
[train] 63:04:46<81:47:52, 0.052s/step step= 4354000 episodes= 9071 eps=0.050 replay= 39936 loss=0.00000 ext100=0.000 total100=0.028
[train] 63:06:29<81:46:05, 0.052s/step step= 4356000 episodes= 9075 eps=0.050 replay= 39936 loss=0.00000 ext100=0.000 total100=0.028
[train] 63:08:13<81:44:20, 0.052s/step step= 4358000 episodes= 9079 eps=0.050 replay= 39936 loss=0.00000 ext100=0.000 total100=0.028
[eval] step=4360000 episodes=9083 mean_ext_return=0.000
[train] 63:10:12<81:42:56, 0.052s/step step= 4360000 episodes= 9083 eps=0.050 replay= 39936 loss=0.00000 ext100=0.000 total100=0.028
[train] 63:11:56<81:41:11, 0.052s/step step= 4362000 episodes= 9087 eps=0.050 replay= 39936 loss=0.00001 ext100=0.000 total100=0.029
[train] 63:13:40<81:39:26, 0.052s/step step= 4364000 episodes= 9092 eps=0.050 replay= 39936 loss=0.00001 ext100=0.000 total100=0.029
[train] 63:15:24<81:37:41, 0.052s/step step= 4366000 episodes= 9096 eps=0.050 replay= 39936 loss=0.00000 ext100=0.000 total100=0.029
[train] 63:17:08<81:35:56, 0.052s/step step= 4368000 episodes= 9100 eps=0.050 replay= 39936 loss=0.00000 ext100=0.000 total100=0.029
[train] 63:18:52<81:34:11, 0.052s/step step= 4370000 episodes= 9104 eps=0.050 replay= 39936 loss=0.00001 ext100=0.000 total100=0.029
[train] 63:20:36<81:32:27, 0.052s/step step= 4372000 episodes= 9108 eps=0.050 replay= 39936 loss=0.00000 ext100=0.000 total100=0.030
[train] 63:22:20<81:30:42, 0.052s/step step= 4374000 episodes= 9112 eps=0.050 replay= 39936 loss=0.00000 ext100=0.000 total100=0.030
[train] 63:24:02<81:28:55, 0.052s/step step= 4376000 episodes= 9117 eps=0.050 replay= 39936 loss=0.00000 ext100=0.000 total100=0.030
[train] 63:25:46<81:27:10, 0.052s/step step= 4378000 episodes= 9121 eps=0.050 replay= 39936 loss=0.00001 ext100=0.000 total100=0.030
[eval] step=4380000 episodes=9125 mean_ext_return=0.000
[train] 63:27:46<81:25:45, 0.052s/step step= 4380000 episodes= 9125 eps=0.050 replay= 39936 loss=0.00000 ext100=0.000 total100=0.030
[train] 63:29:29<81:24:00, 0.052s/step step= 4382000 episodes= 9129 eps=0.050 replay= 39936 loss=0.00000 ext100=0.000 total100=0.030
[train] 63:31:13<81:22:15, 0.052s/step step= 4384000 episodes= 9133 eps=0.050 replay= 39936 loss=0.00000 ext100=0.000 total100=0.029
[train] 63:32:57<81:20:30, 0.052s/step step= 4386000 episodes= 9137 eps=0.050 replay= 39936 loss=0.00001 ext100=0.000 total100=0.029
[train] 63:34:41<81:18:45, 0.052s/step step= 4388000 episodes= 9142 eps=0.050 replay= 39936 loss=0.00000 ext100=0.000 total100=0.029
[train] 63:36:25<81:17:01, 0.052s/step step= 4390000 episodes= 9146 eps=0.050 replay= 39936 loss=0.00000 ext100=0.000 total100=0.030
[train] 63:38:09<81:15:16, 0.052s/step step= 4392000 episodes= 9150 eps=0.050 replay= 39936 loss=0.00000 ext100=0.000 total100=0.031
[train] 63:39:53<81:13:31, 0.052s/step step= 4394000 episodes= 9154 eps=0.050 replay= 39936 loss=0.00001 ext100=0.000 total100=0.031
[train] 63:41:35<81:11:45, 0.052s/step step= 4396000 episodes= 9158 eps=0.050 replay= 39936 loss=0.00000 ext100=0.000 total100=0.031
[train] 63:43:19<81:09:59, 0.052s/step step= 4398000 episodes= 9162 eps=0.050 replay= 39936 loss=0.00000 ext100=0.000 total100=0.031
[eval] step=4400000 episodes=9167 mean_ext_return=0.000
[train] 63:45:19<81:08:35, 0.052s/step step= 4400000 episodes= 9167 eps=0.050 replay= 39936 loss=0.00000 ext100=0.000 total100=0.029
[train] 63:47:03<81:06:50, 0.052s/step step= 4402000 episodes= 9171 eps=0.050 replay= 39936 loss=0.00001 ext100=0.000 total100=0.031
[train] 63:48:46<81:05:05, 0.052s/step step= 4404000 episodes= 9175 eps=0.050 replay= 39936 loss=0.00000 ext100=0.000 total100=0.029
[train] 63:50:30<81:03:20, 0.052s/step step= 4406000 episodes= 9179 eps=0.050 replay= 39936 loss=0.00000 ext100=0.000 total100=0.029
[train] 63:52:14<81:01:35, 0.052s/step step= 4408000 episodes= 9183 eps=0.050 replay= 39936 loss=0.00000 ext100=0.000 total100=0.029
[train] 63:53:58<80:59:50, 0.052s/step step= 4410000 episodes= 9187 eps=0.050 replay= 39936 loss=0.00001 ext100=0.000 total100=0.029
[train] 63:55:42<80:58:06, 0.052s/step step= 4412000 episodes= 9192 eps=0.050 replay= 39936 loss=0.00000 ext100=0.000 total100=0.030
[train] 63:57:26<80:56:21, 0.052s/step step= 4414000 episodes= 9196 eps=0.050 replay= 39936 loss=0.00000 ext100=0.000 total100=0.030
[train] 63:59:09<80:54:34, 0.052s/step step= 4416000 episodes= 9200 eps=0.050 replay= 39936 loss=0.00000 ext100=0.000 total100=0.030
[train] 64:00:52<80:52:49, 0.052s/step step= 4418000 episodes= 9204 eps=0.050 replay= 39936 loss=0.00000 ext100=0.000 total100=0.029
[eval] step=4420000 episodes=9208 mean_ext_return=0.000
[train] 64:02:52<80:51:24, 0.052s/step step= 4420000 episodes= 9208 eps=0.050 replay= 39936 loss=0.00000 ext100=0.000 total100=0.027
[train] 64:04:36<80:49:39, 0.052s/step step= 4422000 episodes= 9212 eps=0.050 replay= 39936 loss=0.00001 ext100=0.000 total100=0.026
[train] 64:06:19<80:47:54, 0.052s/step step= 4424000 episodes= 9217 eps=0.050 replay= 39936 loss=0.00001 ext100=0.000 total100=0.027
[train] 64:08:03<80:46:09, 0.052s/step step= 4426000 episodes= 9221 eps=0.050 replay= 39936 loss=0.00001 ext100=0.000 total100=0.027
[train] 64:09:47<80:44:24, 0.052s/step step= 4428000 episodes= 9225 eps=0.050 replay= 39936 loss=0.00000 ext100=0.000 total100=0.026
[train] 64:11:31<80:42:40, 0.052s/step step= 4430000 episodes= 9229 eps=0.050 replay= 39936 loss=0.00000 ext100=0.000 total100=0.026
[train] 64:13:15<80:40:55, 0.052s/step step= 4432000 episodes= 9233 eps=0.050 replay= 39936 loss=0.00000 ext100=0.000 total100=0.026
[train] 64:14:59<80:39:10, 0.052s/step step= 4434000 episodes= 9237 eps=0.050 replay= 39936 loss=0.00000 ext100=0.000 total100=0.027
[train] 64:16:42<80:37:24, 0.052s/step step= 4436000 episodes= 9242 eps=0.050 replay= 39936 loss=0.00000 ext100=0.000 total100=0.027
[train] 64:18:26<80:35:38, 0.052s/step step= 4438000 episodes= 9246 eps=0.050 replay= 39936 loss=0.00000 ext100=0.000 total100=0.027
[eval] step=4440000 episodes=9250 mean_ext_return=0.000
[train] 64:20:25<80:34:13, 0.052s/step step= 4440000 episodes= 9250 eps=0.050 replay= 39936 loss=0.00000 ext100=0.000 total100=0.028
[train] 64:22:09<80:32:28, 0.052s/step step= 4442000 episodes= 9254 eps=0.050 replay= 39936 loss=0.00001 ext100=0.000 total100=0.028
[train] 64:23:52<80:30:43, 0.052s/step step= 4444000 episodes= 9258 eps=0.050 replay= 39936 loss=0.00000 ext100=0.000 total100=0.027
[train] 64:25:36<80:28:58, 0.052s/step step= 4446000 episodes= 9262 eps=0.050 replay= 39936 loss=0.00001 ext100=0.000 total100=0.027
[train] 64:27:20<80:27:13, 0.052s/step step= 4448000 episodes= 9267 eps=0.050 replay= 39936 loss=0.00000 ext100=0.000 total100=0.028
[train] 64:29:04<80:25:28, 0.052s/step step= 4450000 episodes= 9271 eps=0.050 replay= 39936 loss=0.00001 ext100=0.000 total100=0.026
[train] 64:30:48<80:23:43, 0.052s/step step= 4452000 episodes= 9275 eps=0.050 replay= 39936 loss=0.00000 ext100=0.000 total100=0.027
[train] 64:32:32<80:21:58, 0.052s/step step= 4454000 episodes= 9279 eps=0.050 replay= 39936 loss=0.00000 ext100=0.000 total100=0.026
[train] 64:34:15<80:20:12, 0.052s/step step= 4456000 episodes= 9283 eps=0.050 replay= 39936 loss=0.00000 ext100=0.000 total100=0.025
[train] 64:35:58<80:18:27, 0.052s/step step= 4458000 episodes= 9287 eps=0.050 replay= 39936 loss=0.00001 ext100=0.000 total100=0.024
[eval] step=4460000 episodes=9292 mean_ext_return=0.000
[train] 64:37:58<80:17:02, 0.052s/step step= 4460000 episodes= 9292 eps=0.050 replay= 39936 loss=0.00001 ext100=0.000 total100=0.024
[train] 64:39:42<80:15:17, 0.052s/step step= 4462000 episodes= 9296 eps=0.050 replay= 39936 loss=0.00001 ext100=0.000 total100=0.024
[train] 64:41:26<80:13:32, 0.052s/step step= 4464000 episodes= 9300 eps=0.050 replay= 39936 loss=0.00000 ext100=0.000 total100=0.026
[train] 64:43:10<80:11:47, 0.052s/step step= 4466000 episodes= 9304 eps=0.050 replay= 39936 loss=0.00001 ext100=0.000 total100=0.026
[train] 64:44:53<80:10:02, 0.052s/step step= 4468000 episodes= 9308 eps=0.050 replay= 39936 loss=0.00000 ext100=0.000 total100=0.027
[train] 64:46:38<80:08:17, 0.052s/step step= 4470000 episodes= 9312 eps=0.050 replay= 39936 loss=0.00000 ext100=0.000 total100=0.028
[train] 64:48:22<80:06:33, 0.052s/step step= 4472000 episodes= 9317 eps=0.050 replay= 39936 loss=0.00000 ext100=0.000 total100=0.028
[train] 64:50:05<80:04:48, 0.052s/step step= 4474000 episodes= 9321 eps=0.050 replay= 39936 loss=0.00001 ext100=0.000 total100=0.028
[train] 64:51:48<80:03:02, 0.052s/step step= 4476000 episodes= 9325 eps=0.050 replay= 39936 loss=0.00001 ext100=0.000 total100=0.028
[train] 64:53:32<80:01:16, 0.052s/step step= 4478000 episodes= 9329 eps=0.050 replay= 39936 loss=0.00000 ext100=0.000 total100=0.028
[eval] step=4480000 episodes=9333 mean_ext_return=0.000
[train] 64:55:32<79:59:51, 0.052s/step step= 4480000 episodes= 9333 eps=0.050 replay= 39936 loss=0.00001 ext100=0.000 total100=0.028
[train] 64:57:16<79:58:06, 0.052s/step step= 4482000 episodes= 9337 eps=0.050 replay= 39936 loss=0.00001 ext100=0.000 total100=0.028
[train] 64:58:59<79:56:21, 0.052s/step step= 4484000 episodes= 9342 eps=0.050 replay= 39936 loss=0.00001 ext100=0.000 total100=0.028
[train] 65:00:43<79:54:36, 0.052s/step step= 4486000 episodes= 9346 eps=0.050 replay= 39936 loss=0.00000 ext100=0.000 total100=0.028
[train] 65:02:27<79:52:51, 0.052s/step step= 4488000 episodes= 9350 eps=0.050 replay= 39936 loss=0.00000 ext100=0.000 total100=0.027
[train] 65:04:11<79:51:07, 0.052s/step step= 4490000 episodes= 9354 eps=0.050 replay= 39936 loss=0.00001 ext100=0.000 total100=0.028
[train] 65:05:55<79:49:22, 0.052s/step step= 4492000 episodes= 9358 eps=0.050 replay= 39936 loss=0.00000 ext100=0.000 total100=0.030
[train] 65:07:39<79:47:37, 0.052s/step step= 4494000 episodes= 9362 eps=0.050 replay= 39936 loss=0.00000 ext100=0.000 total100=0.028
[train] 65:09:22<79:45:50, 0.052s/step step= 4496000 episodes= 9367 eps=0.050 replay= 39936 loss=0.00000 ext100=0.000 total100=0.027
[train] 65:11:05<79:44:05, 0.052s/step step= 4498000 episodes= 9371 eps=0.050 replay= 39936 loss=0.00001 ext100=0.000 total100=0.028
[eval] step=4500000 episodes=9375 mean_ext_return=0.000
[train] 65:13:05<79:42:40, 0.052s/step step= 4500000 episodes= 9375 eps=0.050 replay= 39936 loss=0.00001 ext100=0.000 total100=0.028
[train] 65:14:49<79:40:54, 0.052s/step step= 4502000 episodes= 9379 eps=0.050 replay= 39936 loss=0.00001 ext100=0.000 total100=0.029
[train] 65:16:33<79:39:09, 0.052s/step step= 4504000 episodes= 9383 eps=0.050 replay= 39936 loss=0.00000 ext100=0.000 total100=0.030
[train] 65:18:17<79:37:25, 0.052s/step step= 4506000 episodes= 9387 eps=0.050 replay= 39936 loss=0.00002 ext100=0.000 total100=0.030
[train] 65:20:00<79:35:39, 0.052s/step step= 4508000 episodes= 9392 eps=0.050 replay= 39936 loss=0.00001 ext100=0.000 total100=0.031
[train] 65:21:44<79:33:55, 0.052s/step step= 4510000 episodes= 9396 eps=0.050 replay= 39936 loss=0.00000 ext100=0.000 total100=0.031
[train] 65:23:28<79:32:10, 0.052s/step step= 4512000 episodes= 9400 eps=0.050 replay= 39936 loss=0.00000 ext100=0.000 total100=0.030
[train] 65:25:12<79:30:25, 0.052s/step step= 4514000 episodes= 9404 eps=0.050 replay= 39936 loss=0.00002 ext100=0.000 total100=0.030
[train] 65:26:54<79:28:38, 0.052s/step step= 4516000 episodes= 9408 eps=0.050 replay= 39936 loss=0.00001 ext100=0.000 total100=0.030
[train] 65:28:38<79:26:53, 0.052s/step step= 4518000 episodes= 9412 eps=0.050 replay= 39936 loss=0.00001 ext100=0.000 total100=0.031
[eval] step=4520000 episodes=9417 mean_ext_return=0.000
[train] 65:30:38<79:25:28, 0.052s/step step= 4520000 episodes= 9417 eps=0.050 replay= 39936 loss=0.00000 ext100=0.000 total100=0.031
[train] 65:32:22<79:23:42, 0.052s/step step= 4522000 episodes= 9421 eps=0.050 replay= 39936 loss=0.00001 ext100=0.000 total100=0.031
[train] 65:34:05<79:21:57, 0.052s/step step= 4524000 episodes= 9425 eps=0.050 replay= 39936 loss=0.00000 ext100=0.000 total100=0.032
[train] 65:35:49<79:20:13, 0.052s/step step= 4526000 episodes= 9429 eps=0.050 replay= 39936 loss=0.00000 ext100=0.000 total100=0.032
[train] 65:37:33<79:18:27, 0.052s/step step= 4528000 episodes= 9433 eps=0.050 replay= 39936 loss=0.00000 ext100=0.000 total100=0.033
[train] 65:39:17<79:16:42, 0.052s/step step= 4530000 episodes= 9437 eps=0.050 replay= 39936 loss=0.00001 ext100=0.000 total100=0.032
[train] 65:41:01<79:14:58, 0.052s/step step= 4532000 episodes= 9442 eps=0.050 replay= 39936 loss=0.00001 ext100=0.000 total100=0.031
[train] 65:42:45<79:13:13, 0.052s/step step= 4534000 episodes= 9446 eps=0.050 replay= 39936 loss=0.00000 ext100=0.000 total100=0.032
[train] 65:44:27<79:11:26, 0.052s/step step= 4536000 episodes= 9450 eps=0.050 replay= 39936 loss=0.00001 ext100=0.000 total100=0.030
[train] 65:46:11<79:09:41, 0.052s/step step= 4538000 episodes= 9454 eps=0.050 replay= 39936 loss=0.00001 ext100=0.000 total100=0.032
[eval] step=4540000 episodes=9458 mean_ext_return=0.000
[train] 65:48:11<79:08:15, 0.052s/step step= 4540000 episodes= 9458 eps=0.050 replay= 39936 loss=0.00000 ext100=0.000 total100=0.032
[train] 65:49:55<79:06:30, 0.052s/step step= 4542000 episodes= 9462 eps=0.050 replay= 39936 loss=0.00000 ext100=0.000 total100=0.033
[train] 65:51:38<79:04:45, 0.052s/step step= 4544000 episodes= 9467 eps=0.050 replay= 39936 loss=0.00000 ext100=0.000 total100=0.034
[train] 65:53:23<79:03:00, 0.052s/step step= 4546000 episodes= 9471 eps=0.050 replay= 39936 loss=0.00001 ext100=0.000 total100=0.033
[train] 65:55:06<79:01:15, 0.052s/step step= 4548000 episodes= 9475 eps=0.050 replay= 39936 loss=0.00000 ext100=0.000 total100=0.034
[train] 65:56:50<78:59:31, 0.052s/step step= 4550000 episodes= 9479 eps=0.050 replay= 39936 loss=0.00000 ext100=0.000 total100=0.034
[train] 65:58:34<78:57:46, 0.052s/step step= 4552000 episodes= 9483 eps=0.050 replay= 39936 loss=0.00000 ext100=0.000 total100=0.034
[train] 66:00:18<78:56:01, 0.052s/step step= 4554000 episodes= 9487 eps=0.050 replay= 39936 loss=0.00001 ext100=0.000 total100=0.033
[train] 66:02:01<78:54:14, 0.052s/step step= 4556000 episodes= 9492 eps=0.050 replay= 39936 loss=0.00000 ext100=0.000 total100=0.032
[train] 66:03:45<78:52:29, 0.052s/step step= 4558000 episodes= 9496 eps=0.050 replay= 39936 loss=0.00000 ext100=0.000 total100=0.031
[eval] step=4560000 episodes=9500 mean_ext_return=0.000
[train] 66:05:44<78:51:03, 0.052s/step step= 4560000 episodes= 9500 eps=0.050 replay= 39936 loss=0.00000 ext100=0.000 total100=0.031
[train] 66:07:28<78:49:18, 0.052s/step step= 4562000 episodes= 9504 eps=0.050 replay= 39936 loss=0.00001 ext100=0.000 total100=0.030
[train] 66:09:12<78:47:33, 0.052s/step step= 4564000 episodes= 9508 eps=0.050 replay= 39936 loss=0.00000 ext100=0.000 total100=0.030
[train] 66:10:56<78:45:49, 0.052s/step step= 4566000 episodes= 9512 eps=0.050 replay= 39936 loss=0.00000 ext100=0.000 total100=0.029
[train] 66:12:40<78:44:04, 0.052s/step step= 4568000 episodes= 9517 eps=0.050 replay= 39936 loss=0.00001 ext100=0.000 total100=0.029
[train] 66:14:24<78:42:19, 0.052s/step step= 4570000 episodes= 9521 eps=0.050 replay= 39936 loss=0.00000 ext100=0.000 total100=0.029
[train] 66:16:08<78:40:34, 0.052s/step step= 4572000 episodes= 9525 eps=0.050 replay= 39936 loss=0.00000 ext100=0.000 total100=0.027
[train] 66:17:52<78:38:49, 0.052s/step step= 4574000 episodes= 9529 eps=0.050 replay= 39936 loss=0.00000 ext100=0.000 total100=0.027
[train] 66:19:35<78:37:03, 0.052s/step step= 4576000 episodes= 9533 eps=0.050 replay= 39936 loss=0.00000 ext100=0.000 total100=0.027
[train] 66:21:18<78:35:18, 0.052s/step step= 4578000 episodes= 9537 eps=0.050 replay= 39936 loss=0.00001 ext100=0.000 total100=0.027
[eval] step=4580000 episodes=9542 mean_ext_return=0.000
[train] 66:23:18<78:33:52, 0.052s/step step= 4580000 episodes= 9542 eps=0.050 replay= 39936 loss=0.00000 ext100=0.000 total100=0.029
[train] 66:25:02<78:32:07, 0.052s/step step= 4582000 episodes= 9546 eps=0.050 replay= 39936 loss=0.00000 ext100=0.000 total100=0.027
[train] 66:26:45<78:30:21, 0.052s/step step= 4584000 episodes= 9550 eps=0.050 replay= 39936 loss=0.00000 ext100=0.000 total100=0.029
[train] 66:28:29<78:28:36, 0.052s/step step= 4586000 episodes= 9554 eps=0.050 replay= 39936 loss=0.00001 ext100=0.000 total100=0.027
[train] 66:30:13<78:26:51, 0.052s/step step= 4588000 episodes= 9558 eps=0.050 replay= 39936 loss=0.00001 ext100=0.000 total100=0.028
[train] 66:31:57<78:25:07, 0.052s/step step= 4590000 episodes= 9562 eps=0.050 replay= 39936 loss=0.00000 ext100=0.000 total100=0.028
[train] 66:33:41<78:23:22, 0.052s/step step= 4592000 episodes= 9567 eps=0.050 replay= 39936 loss=0.00000 ext100=0.000 total100=0.028
[train] 66:35:25<78:21:37, 0.052s/step step= 4594000 episodes= 9571 eps=0.050 replay= 39936 loss=0.00001 ext100=0.000 total100=0.028
[train] 66:37:08<78:19:51, 0.052s/step step= 4596000 episodes= 9575 eps=0.050 replay= 39936 loss=0.00000 ext100=0.000 total100=0.029
[train] 66:38:52<78:18:06, 0.052s/step step= 4598000 episodes= 9579 eps=0.050 replay= 39936 loss=0.00000 ext100=0.000 total100=0.029
[eval] step=4600000 episodes=9583 mean_ext_return=0.000
[train] 66:40:51<78:16:39, 0.052s/step step= 4600000 episodes= 9583 eps=0.050 replay= 39936 loss=0.00001 ext100=0.000 total100=0.028
[train] 66:42:35<78:14:54, 0.052s/step step= 4602000 episodes= 9587 eps=0.050 replay= 39936 loss=0.00001 ext100=0.000 total100=0.029
[train] 66:44:19<78:13:09, 0.052s/step step= 4604000 episodes= 9592 eps=0.050 replay= 39936 loss=0.00000 ext100=0.000 total100=0.030
[train] 66:46:03<78:11:25, 0.052s/step step= 4606000 episodes= 9596 eps=0.050 replay= 39936 loss=0.00001 ext100=0.000 total100=0.030
[train] 66:47:47<78:09:39, 0.052s/step step= 4608000 episodes= 9600 eps=0.050 replay= 39936 loss=0.00000 ext100=0.000 total100=0.031
[train] 66:49:31<78:07:55, 0.052s/step step= 4610000 episodes= 9604 eps=0.050 replay= 39936 loss=0.00001 ext100=0.000 total100=0.032
[train] 66:51:15<78:06:10, 0.052s/step step= 4612000 episodes= 9608 eps=0.050 replay= 39936 loss=0.00001 ext100=0.000 total100=0.032
[train] 66:52:59<78:04:25, 0.052s/step step= 4614000 episodes= 9612 eps=0.050 replay= 39936 loss=0.00000 ext100=0.000 total100=0.032
[train] 66:54:42<78:02:39, 0.052s/step step= 4616000 episodes= 9617 eps=0.050 replay= 39936 loss=0.00000 ext100=0.000 total100=0.033
[train] 66:56:25<78:00:54, 0.052s/step step= 4618000 episodes= 9621 eps=0.050 replay= 39936 loss=0.00001 ext100=0.000 total100=0.032
[eval] step=4620000 episodes=9625 mean_ext_return=0.000
[train] 66:58:25<77:59:27, 0.052s/step step= 4620000 episodes= 9625 eps=0.050 replay= 39936 loss=0.00000 ext100=0.000 total100=0.033
[train] 67:00:09<77:57:42, 0.052s/step step= 4622000 episodes= 9629 eps=0.050 replay= 39936 loss=0.00000 ext100=0.000 total100=0.034
[train] 67:01:52<77:55:57, 0.052s/step step= 4624000 episodes= 9633 eps=0.050 replay= 39936 loss=0.00001 ext100=0.000 total100=0.033
[train] 67:03:36<77:54:12, 0.052s/step step= 4626000 episodes= 9637 eps=0.050 replay= 39936 loss=0.00001 ext100=0.000 total100=0.033
[train] 67:05:20<77:52:27, 0.052s/step step= 4628000 episodes= 9642 eps=0.050 replay= 39936 loss=0.00000 ext100=0.000 total100=0.033
[train] 67:07:04<77:50:42, 0.052s/step step= 4630000 episodes= 9646 eps=0.050 replay= 39936 loss=0.00000 ext100=0.000 total100=0.033
[train] 67:08:48<77:48:57, 0.052s/step step= 4632000 episodes= 9650 eps=0.050 replay= 39936 loss=0.00000 ext100=0.000 total100=0.033
[train] 67:10:32<77:47:12, 0.052s/step step= 4634000 episodes= 9654 eps=0.050 replay= 39936 loss=0.00002 ext100=0.000 total100=0.033
[train] 67:12:14<77:45:26, 0.052s/step step= 4636000 episodes= 9658 eps=0.050 replay= 39936 loss=0.00001 ext100=0.000 total100=0.031
[train] 67:13:58<77:43:40, 0.052s/step step= 4638000 episodes= 9662 eps=0.050 replay= 39936 loss=0.00000 ext100=0.000 total100=0.032
[eval] step=4640000 episodes=9667 mean_ext_return=0.000
[train] 67:15:57<77:42:14, 0.052s/step step= 4640000 episodes= 9667 eps=0.050 replay= 39936 loss=0.00000 ext100=0.000 total100=0.032
[train] 67:17:41<77:40:29, 0.052s/step step= 4642000 episodes= 9671 eps=0.050 replay= 39936 loss=0.00001 ext100=0.000 total100=0.033
[train] 67:19:25<77:38:43, 0.052s/step step= 4644000 episodes= 9675 eps=0.050 replay= 39936 loss=0.00000 ext100=0.000 total100=0.032
[train] 67:21:09<77:36:59, 0.052s/step step= 4646000 episodes= 9679 eps=0.050 replay= 39936 loss=0.00001 ext100=0.000 total100=0.032
[train] 67:22:53<77:35:14, 0.052s/step step= 4648000 episodes= 9683 eps=0.050 replay= 39936 loss=0.00000 ext100=0.000 total100=0.033
[train] 67:24:37<77:33:29, 0.052s/step step= 4650000 episodes= 9687 eps=0.050 replay= 39936 loss=0.00001 ext100=0.000 total100=0.033
[train] 67:26:21<77:31:44, 0.052s/step step= 4652000 episodes= 9692 eps=0.050 replay= 39936 loss=0.00000 ext100=0.000 total100=0.033
[train] 67:28:05<77:29:59, 0.052s/step step= 4654000 episodes= 9696 eps=0.050 replay= 39936 loss=0.00000 ext100=0.000 total100=0.032
[train] 67:29:47<77:28:13, 0.052s/step step= 4656000 episodes= 9700 eps=0.050 replay= 39936 loss=0.00001 ext100=0.000 total100=0.032
[train] 67:31:31<77:26:28, 0.052s/step step= 4658000 episodes= 9704 eps=0.050 replay= 39936 loss=0.00001 ext100=0.000 total100=0.032
[eval] step=4660000 episodes=9708 mean_ext_return=0.000
[train] 67:33:31<77:25:01, 0.052s/step step= 4660000 episodes= 9708 eps=0.050 replay= 39936 loss=0.00000 ext100=0.000 total100=0.033
[train] 67:35:15<77:23:16, 0.052s/step step= 4662000 episodes= 9712 eps=0.050 replay= 39936 loss=0.00000 ext100=0.000 total100=0.032
[train] 67:36:58<77:21:31, 0.052s/step step= 4664000 episodes= 9717 eps=0.050 replay= 39936 loss=0.00001 ext100=0.000 total100=0.031
[train] 67:38:42<77:19:46, 0.052s/step step= 4666000 episodes= 9721 eps=0.050 replay= 39936 loss=0.00001 ext100=0.000 total100=0.031
[train] 67:40:26<77:18:01, 0.052s/step step= 4668000 episodes= 9725 eps=0.050 replay= 39936 loss=0.00000 ext100=0.000 total100=0.031
[train] 67:42:10<77:16:16, 0.052s/step step= 4670000 episodes= 9729 eps=0.050 replay= 39936 loss=0.00000 ext100=0.000 total100=0.031
[train] 67:43:54<77:14:32, 0.052s/step step= 4672000 episodes= 9733 eps=0.050 replay= 39936 loss=0.00000 ext100=0.000 total100=0.032
[train] 67:45:38<77:12:46, 0.052s/step step= 4674000 episodes= 9737 eps=0.050 replay= 39936 loss=0.00001 ext100=0.000 total100=0.033
[train] 67:47:21<77:11:00, 0.052s/step step= 4676000 episodes= 9742 eps=0.050 replay= 39936 loss=0.00000 ext100=0.000 total100=0.032
[train] 67:49:05<77:09:15, 0.052s/step step= 4678000 episodes= 9746 eps=0.050 replay= 39936 loss=0.00000 ext100=0.000 total100=0.033
[eval] step=4680000 episodes=9750 mean_ext_return=0.000
[train] 67:51:04<77:07:48, 0.052s/step step= 4680000 episodes= 9750 eps=0.050 replay= 39936 loss=0.00000 ext100=0.000 total100=0.034
[train] 67:52:48<77:06:03, 0.052s/step step= 4682000 episodes= 9754 eps=0.050 replay= 39936 loss=0.00001 ext100=0.000 total100=0.034
[train] 67:54:32<77:04:18, 0.052s/step step= 4684000 episodes= 9758 eps=0.050 replay= 39936 loss=0.00000 ext100=0.000 total100=0.034
[train] 67:56:16<77:02:33, 0.052s/step step= 4686000 episodes= 9762 eps=0.050 replay= 39936 loss=0.00000 ext100=0.000 total100=0.033
[train] 67:57:59<77:00:48, 0.052s/step step= 4688000 episodes= 9767 eps=0.050 replay= 39936 loss=0.00000 ext100=0.000 total100=0.033
[train] 67:59:44<76:59:03, 0.052s/step step= 4690000 episodes= 9771 eps=0.050 replay= 39936 loss=0.00000 ext100=0.000 total100=0.032
[train] 68:01:28<76:57:19, 0.052s/step step= 4692000 episodes= 9775 eps=0.050 replay= 39936 loss=0.00000 ext100=0.000 total100=0.032
[train] 68:03:12<76:55:34, 0.052s/step step= 4694000 episodes= 9779 eps=0.050 replay= 39936 loss=0.00001 ext100=0.000 total100=0.032
[train] 68:04:55<76:53:47, 0.052s/step step= 4696000 episodes= 9783 eps=0.050 replay= 39936 loss=0.00000 ext100=0.000 total100=0.032
[train] 68:06:38<76:52:02, 0.052s/step step= 4698000 episodes= 9787 eps=0.050 replay= 39936 loss=0.00001 ext100=0.000 total100=0.031
[eval] step=4700000 episodes=9792 mean_ext_return=0.000
[train] 68:08:38<76:50:35, 0.052s/step step= 4700000 episodes= 9792 eps=0.050 replay= 39936 loss=0.00000 ext100=0.000 total100=0.032
[train] 68:10:22<76:48:50, 0.052s/step step= 4702000 episodes= 9796 eps=0.050 replay= 39936 loss=0.00001 ext100=0.000 total100=0.031
[train] 68:12:05<76:47:05, 0.052s/step step= 4704000 episodes= 9800 eps=0.050 replay= 39936 loss=0.00000 ext100=0.000 total100=0.031
[train] 68:13:50<76:45:20, 0.052s/step step= 4706000 episodes= 9804 eps=0.050 replay= 39936 loss=0.00000 ext100=0.000 total100=0.031
[train] 68:15:33<76:43:35, 0.052s/step step= 4708000 episodes= 9808 eps=0.050 replay= 39936 loss=0.00000 ext100=0.000 total100=0.030
[train] 68:17:17<76:41:50, 0.052s/step step= 4710000 episodes= 9812 eps=0.050 replay= 39936 loss=0.00000 ext100=0.000 total100=0.029
[train] 68:19:02<76:40:06, 0.052s/step step= 4712000 episodes= 9817 eps=0.050 replay= 39936 loss=0.00000 ext100=0.000 total100=0.030
[train] 68:20:45<76:38:20, 0.052s/step step= 4714000 episodes= 9821 eps=0.050 replay= 39936 loss=0.00001 ext100=0.000 total100=0.030
[train] 68:22:28<76:36:35, 0.052s/step step= 4716000 episodes= 9825 eps=0.050 replay= 39936 loss=0.00000 ext100=0.000 total100=0.029
[train] 68:24:12<76:34:49, 0.052s/step step= 4718000 episodes= 9829 eps=0.050 replay= 39936 loss=0.00000 ext100=0.000 total100=0.029
[eval] step=4720000 episodes=9833 mean_ext_return=0.000
[train] 68:26:11<76:33:21, 0.052s/step step= 4720000 episodes= 9833 eps=0.050 replay= 39936 loss=0.00000 ext100=0.000 total100=0.028
[train] 68:27:55<76:31:37, 0.052s/step step= 4722000 episodes= 9837 eps=0.050 replay= 39936 loss=0.00001 ext100=0.000 total100=0.027
[train] 68:29:39<76:29:52, 0.052s/step step= 4724000 episodes= 9842 eps=0.050 replay= 39936 loss=0.00000 ext100=0.000 total100=0.028
[train] 68:31:23<76:28:07, 0.052s/step step= 4726000 episodes= 9846 eps=0.050 replay= 39936 loss=0.00000 ext100=0.000 total100=0.027
[train] 68:33:07<76:26:22, 0.052s/step step= 4728000 episodes= 9850 eps=0.050 replay= 39936 loss=0.00000 ext100=0.000 total100=0.026
[train] 68:34:51<76:24:37, 0.052s/step step= 4730000 episodes= 9854 eps=0.050 replay= 39936 loss=0.00001 ext100=0.000 total100=0.025
[train] 68:36:35<76:22:53, 0.052s/step step= 4732000 episodes= 9858 eps=0.050 replay= 39936 loss=0.00000 ext100=0.000 total100=0.024
[train] 68:38:19<76:21:07, 0.052s/step step= 4734000 episodes= 9862 eps=0.050 replay= 39936 loss=0.00001 ext100=0.000 total100=0.024
[train] 68:40:01<76:19:21, 0.052s/step step= 4736000 episodes= 9867 eps=0.050 replay= 39936 loss=0.00001 ext100=0.000 total100=0.023
[train] 68:41:45<76:17:36, 0.052s/step step= 4738000 episodes= 9871 eps=0.050 replay= 39936 loss=0.00001 ext100=0.000 total100=0.023
[eval] step=4740000 episodes=9875 mean_ext_return=0.000
[train] 68:43:44<76:16:08, 0.052s/step step= 4740000 episodes= 9875 eps=0.050 replay= 39936 loss=0.00001 ext100=0.000 total100=0.023
[train] 68:45:28<76:14:23, 0.052s/step step= 4742000 episodes= 9879 eps=0.050 replay= 39936 loss=0.00000 ext100=0.000 total100=0.023
[train] 68:47:12<76:12:38, 0.052s/step step= 4744000 episodes= 9883 eps=0.050 replay= 39936 loss=0.00000 ext100=0.000 total100=0.023
[train] 68:48:56<76:10:53, 0.052s/step step= 4746000 episodes= 9887 eps=0.050 replay= 39936 loss=0.00001 ext100=0.000 total100=0.024
[train] 68:50:39<76:09:08, 0.052s/step step= 4748000 episodes= 9892 eps=0.050 replay= 39936 loss=0.00000 ext100=0.000 total100=0.022
[train] 68:52:23<76:07:23, 0.052s/step step= 4750000 episodes= 9896 eps=0.050 replay= 39936 loss=0.00001 ext100=0.000 total100=0.023
[train] 68:54:08<76:05:38, 0.052s/step step= 4752000 episodes= 9900 eps=0.050 replay= 39936 loss=0.00000 ext100=0.000 total100=0.023
[train] 68:55:51<76:03:53, 0.052s/step step= 4754000 episodes= 9904 eps=0.050 replay= 39936 loss=0.00001 ext100=0.000 total100=0.023
[train] 68:57:34<76:02:07, 0.052s/step step= 4756000 episodes= 9908 eps=0.050 replay= 39936 loss=0.00000 ext100=0.000 total100=0.023
[train] 68:59:18<76:00:21, 0.052s/step step= 4758000 episodes= 9912 eps=0.050 replay= 39936 loss=0.00000 ext100=0.000 total100=0.024
[eval] step=4760000 episodes=9917 mean_ext_return=0.000
[train] 69:01:17<75:58:53, 0.052s/step step= 4760000 episodes= 9917 eps=0.050 replay= 39936 loss=0.00000 ext100=0.000 total100=0.024
[train] 69:03:01<75:57:09, 0.052s/step step= 4762000 episodes= 9921 eps=0.050 replay= 39936 loss=0.00001 ext100=0.000 total100=0.024
[train] 69:04:45<75:55:23, 0.052s/step step= 4764000 episodes= 9925 eps=0.050 replay= 39936 loss=0.00000 ext100=0.000 total100=0.025
[train] 69:06:29<75:53:39, 0.052s/step step= 4766000 episodes= 9929 eps=0.050 replay= 39936 loss=0.00000 ext100=0.000 total100=0.026
[train] 69:08:13<75:51:54, 0.052s/step step= 4768000 episodes= 9933 eps=0.050 replay= 39936 loss=0.00000 ext100=0.000 total100=0.026
[train] 69:09:57<75:50:09, 0.052s/step step= 4770000 episodes= 9937 eps=0.050 replay= 39936 loss=0.00001 ext100=0.000 total100=0.027
[train] 69:11:41<75:48:24, 0.052s/step step= 4772000 episodes= 9942 eps=0.050 replay= 39936 loss=0.00000 ext100=0.000 total100=0.027
[train] 69:13:24<75:46:39, 0.052s/step step= 4774000 episodes= 9946 eps=0.050 replay= 39936 loss=0.00001 ext100=0.000 total100=0.028
[train] 69:15:07<75:44:52, 0.052s/step step= 4776000 episodes= 9950 eps=0.050 replay= 39936 loss=0.00001 ext100=0.000 total100=0.027
[train] 69:16:51<75:43:07, 0.052s/step step= 4778000 episodes= 9954 eps=0.050 replay= 39936 loss=0.00002 ext100=0.000 total100=0.027
[eval] step=4780000 episodes=9958 mean_ext_return=0.000
[train] 69:18:50<75:41:40, 0.052s/step step= 4780000 episodes= 9958 eps=0.050 replay= 39936 loss=0.00001 ext100=0.000 total100=0.028
[train] 69:20:34<75:39:55, 0.052s/step step= 4782000 episodes= 9962 eps=0.050 replay= 39936 loss=0.00001 ext100=0.000 total100=0.029
[train] 69:22:18<75:38:09, 0.052s/step step= 4784000 episodes= 9967 eps=0.050 replay= 39936 loss=0.00000 ext100=0.000 total100=0.029
[train] 69:24:02<75:36:25, 0.052s/step step= 4786000 episodes= 9971 eps=0.050 replay= 39936 loss=0.00002 ext100=0.000 total100=0.030
[train] 69:25:46<75:34:40, 0.052s/step step= 4788000 episodes= 9975 eps=0.050 replay= 39936 loss=0.00001 ext100=0.000 total100=0.030
[train] 69:27:30<75:32:55, 0.052s/step step= 4790000 episodes= 9979 eps=0.050 replay= 39936 loss=0.00000 ext100=0.000 total100=0.031
[train] 69:29:14<75:31:10, 0.052s/step step= 4792000 episodes= 9983 eps=0.050 replay= 39936 loss=0.00001 ext100=0.000 total100=0.030
[train] 69:30:57<75:29:25, 0.052s/step step= 4794000 episodes= 9987 eps=0.050 replay= 39936 loss=0.00001 ext100=0.000 total100=0.030
[train] 69:32:40<75:27:38, 0.052s/step step= 4796000 episodes= 9992 eps=0.050 replay= 39936 loss=0.00000 ext100=0.000 total100=0.030
[train] 69:34:24<75:25:53, 0.052s/step step= 4798000 episodes= 9996 eps=0.050 replay= 39936 loss=0.00000 ext100=0.000 total100=0.030
[eval] step=4800000 episodes=10000 mean_ext_return=0.000
[train] 69:36:23<75:24:25, 0.052s/step step= 4800000 episodes=10000 eps=0.050 replay= 39936 loss=0.00001 ext100=0.000 total100=0.031
[train] 69:38:07<75:22:40, 0.052s/step step= 4802000 episodes=10004 eps=0.050 replay= 39936 loss=0.00001 ext100=0.000 total100=0.031
[train] 69:39:51<75:20:55, 0.052s/step step= 4804000 episodes=10008 eps=0.050 replay= 39936 loss=0.00001 ext100=0.000 total100=0.031
[train] 69:41:35<75:19:10, 0.052s/step step= 4806000 episodes=10012 eps=0.050 replay= 39936 loss=0.00001 ext100=0.000 total100=0.031
[train] 69:43:19<75:17:25, 0.052s/step step= 4808000 episodes=10017 eps=0.050 replay= 39936 loss=0.00001 ext100=0.000 total100=0.031
[train] 69:45:03<75:15:40, 0.052s/step step= 4810000 episodes=10021 eps=0.050 replay= 39936 loss=0.00001 ext100=0.000 total100=0.031
[train] 69:46:47<75:13:56, 0.052s/step step= 4812000 episodes=10025 eps=0.050 replay= 39936 loss=0.00000 ext100=0.000 total100=0.029
[train] 69:48:30<75:12:10, 0.052s/step step= 4814000 episodes=10029 eps=0.050 replay= 39936 loss=0.00000 ext100=0.000 total100=0.029
[train] 69:50:13<75:10:24, 0.052s/step step= 4816000 episodes=10033 eps=0.050 replay= 39936 loss=0.00001 ext100=0.000 total100=0.028
[train] 69:51:57<75:08:39, 0.052s/step step= 4818000 episodes=10037 eps=0.050 replay= 39936 loss=0.00001 ext100=0.000 total100=0.029
[eval] step=4820000 episodes=10042 mean_ext_return=0.000
[train] 69:53:56<75:07:11, 0.052s/step step= 4820000 episodes=10042 eps=0.050 replay= 39936 loss=0.00000 ext100=0.000 total100=0.029
[train] 69:55:40<75:05:26, 0.052s/step step= 4822000 episodes=10046 eps=0.050 replay= 39936 loss=0.00001 ext100=0.000 total100=0.028
[train] 69:57:24<75:03:41, 0.052s/step step= 4824000 episodes=10050 eps=0.050 replay= 39936 loss=0.00000 ext100=0.000 total100=0.028
[train] 69:59:08<75:01:56, 0.052s/step step= 4826000 episodes=10054 eps=0.050 replay= 39936 loss=0.00001 ext100=0.000 total100=0.029
[train] 70:00:52<75:00:11, 0.052s/step step= 4828000 episodes=10058 eps=0.050 replay= 39936 loss=0.00001 ext100=0.000 total100=0.030
[train] 70:02:36<74:58:26, 0.052s/step step= 4830000 episodes=10062 eps=0.050 replay= 39936 loss=0.00000 ext100=0.000 total100=0.028
[train] 70:04:20<74:56:41, 0.052s/step step= 4832000 episodes=10067 eps=0.050 replay= 39936 loss=0.00000 ext100=0.000 total100=0.030
[train] 70:06:03<74:54:56, 0.052s/step step= 4834000 episodes=10071 eps=0.050 replay= 39936 loss=0.00001 ext100=0.000 total100=0.030
[train] 70:07:46<74:53:10, 0.052s/step step= 4836000 episodes=10075 eps=0.050 replay= 39936 loss=0.00001 ext100=0.000 total100=0.030
[train] 70:09:30<74:51:25, 0.052s/step step= 4838000 episodes=10079 eps=0.050 replay= 39936 loss=0.00001 ext100=0.000 total100=0.029
[eval] step=4840000 episodes=10083 mean_ext_return=0.000
[train] 70:11:29<74:49:56, 0.052s/step step= 4840000 episodes=10083 eps=0.050 replay= 39936 loss=0.00001 ext100=0.000 total100=0.029
[train] 70:13:13<74:48:11, 0.052s/step step= 4842000 episodes=10087 eps=0.050 replay= 39936 loss=0.00002 ext100=0.000 total100=0.029
[train] 70:14:57<74:46:26, 0.052s/step step= 4844000 episodes=10092 eps=0.050 replay= 39936 loss=0.00000 ext100=0.000 total100=0.030
[train] 70:16:41<74:44:42, 0.052s/step step= 4846000 episodes=10096 eps=0.050 replay= 39936 loss=0.00000 ext100=0.000 total100=0.030
[train] 70:18:25<74:42:56, 0.052s/step step= 4848000 episodes=10100 eps=0.050 replay= 39936 loss=0.00000 ext100=0.000 total100=0.029
[train] 70:20:09<74:41:12, 0.052s/step step= 4850000 episodes=10104 eps=0.050 replay= 39936 loss=0.00001 ext100=0.000 total100=0.030
[train] 70:21:53<74:39:27, 0.052s/step step= 4852000 episodes=10108 eps=0.050 replay= 39936 loss=0.00000 ext100=0.000 total100=0.030
[train] 70:23:37<74:37:41, 0.052s/step step= 4854000 episodes=10112 eps=0.050 replay= 39936 loss=0.00000 ext100=0.000 total100=0.029
[train] 70:25:20<74:35:56, 0.052s/step step= 4856000 episodes=10117 eps=0.050 replay= 39936 loss=0.00000 ext100=0.000 total100=0.030
[train] 70:27:03<74:34:10, 0.052s/step step= 4858000 episodes=10121 eps=0.050 replay= 39936 loss=0.00001 ext100=0.000 total100=0.029
[eval] step=4860000 episodes=10125 mean_ext_return=0.000
[train] 70:29:03<74:32:42, 0.052s/step step= 4860000 episodes=10125 eps=0.050 replay= 39936 loss=0.00000 ext100=0.000 total100=0.029
[train] 70:30:47<74:30:57, 0.052s/step step= 4862000 episodes=10129 eps=0.050 replay= 39936 loss=0.00000 ext100=0.000 total100=0.029
[train] 70:32:30<74:29:12, 0.052s/step step= 4864000 episodes=10133 eps=0.050 replay= 39936 loss=0.00000 ext100=0.000 total100=0.030
[train] 70:34:15<74:27:27, 0.052s/step step= 4866000 episodes=10137 eps=0.050 replay= 39936 loss=0.00001 ext100=0.000 total100=0.028
[train] 70:35:58<74:25:42, 0.052s/step step= 4868000 episodes=10142 eps=0.050 replay= 39936 loss=0.00001 ext100=0.000 total100=0.028
[train] 70:37:42<74:23:57, 0.052s/step step= 4870000 episodes=10146 eps=0.050 replay= 39936 loss=0.00000 ext100=0.000 total100=0.028
[train] 70:39:27<74:22:13, 0.052s/step step= 4872000 episodes=10150 eps=0.050 replay= 39936 loss=0.00001 ext100=0.000 total100=0.028
[train] 70:41:10<74:20:27, 0.052s/step step= 4874000 episodes=10154 eps=0.050 replay= 39936 loss=0.00003 ext100=0.000 total100=0.029
[train] 70:42:53<74:18:41, 0.052s/step step= 4876000 episodes=10158 eps=0.050 replay= 39936 loss=0.00000 ext100=0.000 total100=0.030
[train] 70:44:37<74:16:56, 0.052s/step step= 4878000 episodes=10162 eps=0.050 replay= 39936 loss=0.00000 ext100=0.000 total100=0.030
[eval] step=4880000 episodes=10167 mean_ext_return=0.000
[train] 70:46:36<74:15:27, 0.052s/step step= 4880000 episodes=10167 eps=0.050 replay= 39936 loss=0.00001 ext100=0.000 total100=0.028
[train] 70:48:20<74:13:42, 0.052s/step step= 4882000 episodes=10171 eps=0.050 replay= 39936 loss=0.00001 ext100=0.000 total100=0.028
[train] 70:50:04<74:11:57, 0.052s/step step= 4884000 episodes=10175 eps=0.050 replay= 39936 loss=0.00000 ext100=0.000 total100=0.028
[train] 70:51:48<74:10:12, 0.052s/step step= 4886000 episodes=10179 eps=0.050 replay= 39936 loss=0.00000 ext100=0.000 total100=0.028
[train] 70:53:32<74:08:27, 0.052s/step step= 4888000 episodes=10183 eps=0.050 replay= 39936 loss=0.00000 ext100=0.000 total100=0.029
[train] 70:55:16<74:06:43, 0.052s/step step= 4890000 episodes=10187 eps=0.050 replay= 39936 loss=0.00001 ext100=0.000 total100=0.029
[train] 70:57:00<74:04:58, 0.052s/step step= 4892000 episodes=10192 eps=0.050 replay= 39936 loss=0.00000 ext100=0.000 total100=0.029
[train] 70:58:43<74:03:12, 0.052s/step step= 4894000 episodes=10196 eps=0.050 replay= 39936 loss=0.00000 ext100=0.000 total100=0.030
[train] 71:00:27<74:01:27, 0.052s/step step= 4896000 episodes=10200 eps=0.050 replay= 39936 loss=0.00000 ext100=0.000 total100=0.029
[train] 71:02:11<73:59:42, 0.052s/step step= 4898000 episodes=10204 eps=0.050 replay= 39936 loss=0.00001 ext100=0.000 total100=0.029
[eval] step=4900000 episodes=10208 mean_ext_return=0.000
[train] 71:04:10<73:58:13, 0.052s/step step= 4900000 episodes=10208 eps=0.050 replay= 39936 loss=0.00000 ext100=0.000 total100=0.029
[train] 71:05:54<73:56:28, 0.052s/step step= 4902000 episodes=10212 eps=0.050 replay= 39936 loss=0.00001 ext100=0.000 total100=0.029
[train] 71:07:38<73:54:43, 0.052s/step step= 4904000 episodes=10217 eps=0.050 replay= 39936 loss=0.00000 ext100=0.000 total100=0.029
[train] 71:09:22<73:52:58, 0.052s/step step= 4906000 episodes=10221 eps=0.050 replay= 39936 loss=0.00001 ext100=0.000 total100=0.030
[train] 71:11:06<73:51:13, 0.052s/step step= 4908000 episodes=10225 eps=0.050 replay= 39936 loss=0.00000 ext100=0.000 total100=0.032
[train] 71:12:50<73:49:28, 0.052s/step step= 4910000 episodes=10229 eps=0.050 replay= 39936 loss=0.00001 ext100=0.000 total100=0.031
[train] 71:14:34<73:47:44, 0.052s/step step= 4912000 episodes=10233 eps=0.050 replay= 39936 loss=0.00000 ext100=0.000 total100=0.031
[train] 71:16:17<73:45:58, 0.052s/step step= 4914000 episodes=10237 eps=0.050 replay= 39936 loss=0.00001 ext100=0.000 total100=0.032
[train] 71:18:00<73:44:12, 0.052s/step step= 4916000 episodes=10242 eps=0.050 replay= 39936 loss=0.00001 ext100=0.000 total100=0.033
[train] 71:19:44<73:42:27, 0.052s/step step= 4918000 episodes=10246 eps=0.050 replay= 39936 loss=0.00000 ext100=0.000 total100=0.033
[eval] step=4920000 episodes=10250 mean_ext_return=0.000
[train] 71:21:43<73:40:58, 0.052s/step step= 4920000 episodes=10250 eps=0.050 replay= 39936 loss=0.00000 ext100=0.000 total100=0.033
[train] 71:23:27<73:39:13, 0.052s/step step= 4922000 episodes=10254 eps=0.050 replay= 39936 loss=0.00001 ext100=0.000 total100=0.031
[train] 71:25:11<73:37:28, 0.052s/step step= 4924000 episodes=10258 eps=0.050 replay= 39936 loss=0.00001 ext100=0.000 total100=0.029
[train] 71:26:55<73:35:43, 0.052s/step step= 4926000 episodes=10262 eps=0.050 replay= 39936 loss=0.00000 ext100=0.000 total100=0.029
[train] 71:28:39<73:33:58, 0.052s/step step= 4928000 episodes=10267 eps=0.050 replay= 39936 loss=0.00000 ext100=0.000 total100=0.030
[train] 71:30:23<73:32:13, 0.052s/step step= 4930000 episodes=10271 eps=0.050 replay= 39936 loss=0.00001 ext100=0.000 total100=0.030
[train] 71:32:07<73:30:28, 0.052s/step step= 4932000 episodes=10275 eps=0.050 replay= 39936 loss=0.00000 ext100=0.000 total100=0.030
[train] 71:33:50<73:28:42, 0.052s/step step= 4934000 episodes=10279 eps=0.050 replay= 39936 loss=0.00000 ext100=0.000 total100=0.029
[train] 71:35:33<73:26:57, 0.052s/step step= 4936000 episodes=10283 eps=0.050 replay= 39936 loss=0.00000 ext100=0.000 total100=0.029
[train] 71:37:17<73:25:12, 0.052s/step step= 4938000 episodes=10287 eps=0.050 replay= 39936 loss=0.00000 ext100=0.000 total100=0.029
[eval] step=4940000 episodes=10292 mean_ext_return=0.000
[train] 71:39:16<73:23:42, 0.052s/step step= 4940000 episodes=10292 eps=0.050 replay= 39936 loss=0.00000 ext100=0.000 total100=0.029
[train] 71:41:00<73:21:57, 0.052s/step step= 4942000 episodes=10296 eps=0.050 replay= 39936 loss=0.00000 ext100=0.000 total100=0.028
[train] 71:42:44<73:20:12, 0.052s/step step= 4944000 episodes=10300 eps=0.050 replay= 39936 loss=0.00000 ext100=0.000 total100=0.028
[train] 71:44:28<73:18:27, 0.052s/step step= 4946000 episodes=10304 eps=0.050 replay= 39936 loss=0.00000 ext100=0.000 total100=0.028
[train] 71:46:11<73:16:42, 0.052s/step step= 4948000 episodes=10308 eps=0.050 replay= 39936 loss=0.00000 ext100=0.000 total100=0.029
[train] 71:47:55<73:14:57, 0.052s/step step= 4950000 episodes=10312 eps=0.050 replay= 39936 loss=0.00000 ext100=0.000 total100=0.030
[train] 71:49:40<73:13:13, 0.052s/step step= 4952000 episodes=10317 eps=0.050 replay= 39936 loss=0.00000 ext100=0.000 total100=0.029
[train] 71:51:23<73:11:27, 0.052s/step step= 4954000 episodes=10321 eps=0.050 replay= 39936 loss=0.00000 ext100=0.000 total100=0.029
[train] 71:53:06<73:09:41, 0.052s/step step= 4956000 episodes=10325 eps=0.050 replay= 39936 loss=0.00000 ext100=0.000 total100=0.028
[train] 71:54:50<73:07:56, 0.052s/step step= 4958000 episodes=10329 eps=0.050 replay= 39936 loss=0.00000 ext100=0.000 total100=0.028
[eval] step=4960000 episodes=10333 mean_ext_return=0.000
[train] 71:56:49<73:06:27, 0.052s/step step= 4960000 episodes=10333 eps=0.050 replay= 39936 loss=0.00000 ext100=0.000 total100=0.029
[train] 71:58:33<73:04:42, 0.052s/step step= 4962000 episodes=10337 eps=0.050 replay= 39936 loss=0.00001 ext100=0.000 total100=0.028
[train] 72:00:17<73:02:57, 0.052s/step step= 4964000 episodes=10342 eps=0.050 replay= 39936 loss=0.00001 ext100=0.000 total100=0.027
[train] 72:02:01<73:01:12, 0.052s/step step= 4966000 episodes=10346 eps=0.050 replay= 39936 loss=0.00001 ext100=0.000 total100=0.027
[train] 72:03:45<72:59:27, 0.052s/step step= 4968000 episodes=10350 eps=0.050 replay= 39936 loss=0.00000 ext100=0.000 total100=0.027
[train] 72:05:30<72:57:43, 0.052s/step step= 4970000 episodes=10354 eps=0.050 replay= 39936 loss=0.00001 ext100=0.000 total100=0.028
[train] 72:07:14<72:55:58, 0.052s/step step= 4972000 episodes=10358 eps=0.050 replay= 39936 loss=0.00001 ext100=0.000 total100=0.029
[train] 72:08:57<72:54:12, 0.052s/step step= 4974000 episodes=10362 eps=0.050 replay= 39936 loss=0.00000 ext100=0.000 total100=0.029
[train] 72:10:40<72:52:27, 0.052s/step step= 4976000 episodes=10367 eps=0.050 replay= 39936 loss=0.00000 ext100=0.000 total100=0.029
[train] 72:12:24<72:50:42, 0.052s/step step= 4978000 episodes=10371 eps=0.050 replay= 39936 loss=0.00000 ext100=0.000 total100=0.028
[eval] step=4980000 episodes=10375 mean_ext_return=0.000
[train] 72:14:24<72:49:12, 0.052s/step step= 4980000 episodes=10375 eps=0.050 replay= 39936 loss=0.00001 ext100=0.000 total100=0.026
[train] 72:16:08<72:47:27, 0.052s/step step= 4982000 episodes=10379 eps=0.050 replay= 39936 loss=0.00000 ext100=0.000 total100=0.026
[train] 72:17:51<72:45:42, 0.052s/step step= 4984000 episodes=10383 eps=0.050 replay= 39936 loss=0.00001 ext100=0.000 total100=0.026
[train] 72:19:36<72:43:58, 0.052s/step step= 4986000 episodes=10387 eps=0.050 replay= 39936 loss=0.00001 ext100=0.000 total100=0.026
[train] 72:21:19<72:42:13, 0.052s/step step= 4988000 episodes=10392 eps=0.050 replay= 39936 loss=0.00000 ext100=0.000 total100=0.026
[train] 72:23:03<72:40:28, 0.052s/step step= 4990000 episodes=10396 eps=0.050 replay= 39936 loss=0.00000 ext100=0.000 total100=0.026
[train] 72:24:47<72:38:43, 0.052s/step step= 4992000 episodes=10400 eps=0.050 replay= 39936 loss=0.00000 ext100=0.000 total100=0.025
[train] 72:26:30<72:36:57, 0.052s/step step= 4994000 episodes=10404 eps=0.050 replay= 39936 loss=0.00000 ext100=0.000 total100=0.025
[train] 72:28:14<72:35:12, 0.052s/step step= 4996000 episodes=10408 eps=0.050 replay= 39936 loss=0.00000 ext100=0.000 total100=0.025
[train] 72:29:57<72:33:26, 0.052s/step step= 4998000 episodes=10412 eps=0.050 replay= 39936 loss=0.00000 ext100=0.000 total100=0.023
[eval] step=5000000 episodes=10417 mean_ext_return=0.000
[train] 72:31:57<72:31:57, 0.052s/step step= 5000000 episodes=10417 eps=0.050 replay= 39936 loss=0.00001 ext100=0.000 total100=0.022
[train] 72:33:41<72:30:12, 0.052s/step step= 5002000 episodes=10421 eps=0.050 replay= 39936 loss=0.00001 ext100=0.000 total100=0.022
[train] 72:35:25<72:28:27, 0.052s/step step= 5004000 episodes=10425 eps=0.050 replay= 39936 loss=0.00000 ext100=0.000 total100=0.023
[train] 72:37:09<72:26:42, 0.052s/step step= 5006000 episodes=10429 eps=0.050 replay= 39936 loss=0.00000 ext100=0.000 total100=0.024
[train] 72:38:53<72:24:57, 0.052s/step step= 5008000 episodes=10433 eps=0.050 replay= 39936 loss=0.00000 ext100=0.000 total100=0.023
[train] 72:40:37<72:23:12, 0.052s/step step= 5010000 episodes=10437 eps=0.050 replay= 39936 loss=0.00001 ext100=0.000 total100=0.024
[train] 72:42:21<72:21:28, 0.052s/step step= 5012000 episodes=10442 eps=0.050 replay= 39936 loss=0.00000 ext100=0.000 total100=0.025
[train] 72:44:04<72:19:41, 0.052s/step step= 5014000 episodes=10446 eps=0.050 replay= 39936 loss=0.00000 ext100=0.000 total100=0.024
[train] 72:45:47<72:17:56, 0.052s/step step= 5016000 episodes=10450 eps=0.050 replay= 39936 loss=0.00000 ext100=0.000 total100=0.024
[train] 72:47:31<72:16:11, 0.052s/step step= 5018000 episodes=10454 eps=0.050 replay= 39936 loss=0.00001 ext100=0.000 total100=0.022
[eval] step=5020000 episodes=10458 mean_ext_return=0.000
[train] 72:49:30<72:14:41, 0.052s/step step= 5020000 episodes=10458 eps=0.050 replay= 39936 loss=0.00000 ext100=0.000 total100=0.023
[train] 72:51:15<72:12:57, 0.052s/step step= 5022000 episodes=10462 eps=0.050 replay= 39936 loss=0.00000 ext100=0.000 total100=0.023
[train] 72:52:59<72:11:12, 0.052s/step step= 5024000 episodes=10467 eps=0.050 replay= 39936 loss=0.00000 ext100=0.000 total100=0.023
