<frozen importlib._bootstrap>:488: DeprecationWarning: builtin type SwigPyPacked has no __module__ attribute
<frozen importlib._bootstrap>:488: DeprecationWarning: builtin type SwigPyObject has no __module__ attribute
<frozen importlib._bootstrap>:488: DeprecationWarning: builtin type swigvarlink has no __module__ attribute
wandb: [wandb.login()] Loaded credentials for https://api.wandb.ai from /home/s28404/.netrc.
wandb: Currently logged in as: frackowiak (frackowiak_kajetan) to https://api.wandb.ai. Use `wandb login --relogin` to force relogin
/home/s28404/inzynierka_kod_zrodlowy/.venv/lib/python3.12/site-packages/wandb/analytics/sentry.py:268: DeprecationWarning: Read the `app_url` setting from the appropriate Settings object.
  app_url = wandb.util.app_url(tags["base_url"])  # type: ignore[index]
/home/s28404/inzynierka_kod_zrodlowy/.venv/lib/python3.12/site-packages/wandb/analytics/sentry.py:268: DeprecationWarning: Read the `app_url` setting from the appropriate Settings object.
  app_url = wandb.util.app_url(tags["base_url"])  # type: ignore[index]
/home/s28404/inzynierka_kod_zrodlowy/.venv/lib/python3.12/site-packages/wandb/analytics/sentry.py:279: DeprecationWarning: The `Scope.user` setter is deprecated in favor of `Scope.set_user()`.
  self.scope.user = {"email": email}
wandb: setting up run hqykw2ff
/home/s28404/inzynierka_kod_zrodlowy/.venv/lib/python3.12/site-packages/wandb/analytics/sentry.py:268: DeprecationWarning: Read the `app_url` setting from the appropriate Settings object.
  app_url = wandb.util.app_url(tags["base_url"])  # type: ignore[index]
/home/s28404/inzynierka_kod_zrodlowy/.venv/lib/python3.12/site-packages/wandb/analytics/sentry.py:279: DeprecationWarning: The `Scope.user` setter is deprecated in favor of `Scope.set_user()`.
  self.scope.user = {"email": email}
wandb: Tracking run with wandb version 0.25.0
wandb: Run data is saved locally in logs_thesis/minigrid/wandb/run-20260616_123720-hqykw2ff
wandb: Run `wandb offline` to turn off syncing.
wandb: Syncing run r2d2_demir_BabyAI_KeyCorridorS4R3_v0_seed101_26_06_16-12_37_19
wandb: ⭐️ View project at https://wandb.ai/frackowiak_kajetan/kod_zrodlowy_demir
wandb: 🚀 View run at https://wandb.ai/frackowiak_kajetan/kod_zrodlowy_demir/runs/hqykw2ff
========================================================================/home/s28404/inzynierka_kod_zrodlowy/.venv/lib/python3.12/site-packages/google/protobuf/internal/well_known_types.py:195: DeprecationWarning: datetime.datetime.utcnow() is deprecated and scheduled for removal in a future version. Use timezone-aware objects to represent datetimes in UTC: datetime.datetime.now(datetime.UTC).
  self.FromDatetime(datetime.datetime.utcnow())

Run: r2d2_demir_BabyAI_KeyCorridorS4R3_v0_seed101_26_06_16-12_37_19
Variant: r2d2_demir | Intrinsic kind: demir | Scale: 0.1
Env: BabyAI-KeyCorridorS4R3-v0 | Device: cuda | Threads: 4
========================================================================
[train] 00:37<51:49:13, 0.019s/step step=    2000 episodes=    4 eps=0.998 replay=  1664 loss=nan ext100=0.000 total100=-0.010
[train] 01:24<58:54:46, 0.021s/step step=    4000 episodes=    8 eps=0.996 replay=  3328 loss=nan ext100=0.000 total100=0.006
[train] 02:12<61:13:56, 0.022s/step step=    6000 episodes=   12 eps=0.994 replay=  4992 loss=nan ext100=0.000 total100=0.020
[train] 02:59<62:21:48, 0.022s/step step=    8000 episodes=   16 eps=0.992 replay=  6656 loss=nan ext100=0.000 total100=0.052
[train] 03:47<63:01:52, 0.023s/step step=   10000 episodes=   20 eps=0.991 replay=  8320 loss=nan ext100=0.000 total100=0.062
[train] 04:34<63:29:08, 0.023s/step step=   12000 episodes=   25 eps=0.989 replay= 10400 loss=nan ext100=0.000 total100=0.058
[train] 05:21<63:47:29, 0.023s/step step=   14000 episodes=   29 eps=0.987 replay= 12064 loss=nan ext100=0.000 total100=0.069
[train] 06:09<64:01:18, 0.023s/step step=   16000 episodes=   33 eps=0.985 replay= 13728 loss=nan ext100=0.000 total100=0.072
[train] 06:56<64:12:29, 0.023s/step step=   18000 episodes=   37 eps=0.983 replay= 15392 loss=nan ext100=0.000 total100=0.071
[eval] step=20000 episodes=41 mean_ext_return=0.000
[train] 07:56<65:59:50, 0.024s/step step=   20000 episodes=   41 eps=0.981 replay= 17056 loss=nan ext100=0.000 total100=0.067
[train] 08:43<65:57:25, 0.024s/step step=   22000 episodes=   45 eps=0.979 replay= 18720 loss=nan ext100=0.000 total100=0.073
[train] 09:32<66:05:14, 0.024s/step step=   24000 episodes=   50 eps=0.977 replay= 20800 loss=nan ext100=0.000 total100=0.076
[train] 10:22<66:20:55, 0.024s/step step=   26000 episodes=   54 eps=0.975 replay= 22464 loss=nan ext100=0.000 total100=0.075
[train] 11:14<66:46:14, 0.024s/step step=   28000 episodes=   58 eps=0.973 replay= 24128 loss=nan ext100=0.000 total100=0.079
[train] 12:07<67:07:35, 0.024s/step step=   30000 episodes=   62 eps=0.972 replay= 25792 loss=nan ext100=0.000 total100=0.079
[train] 12:59<67:27:52, 0.024s/step step=   32000 episodes=   66 eps=0.970 replay= 27456 loss=nan ext100=0.000 total100=0.082
[train] 13:53<67:51:57, 0.025s/step step=   34000 episodes=   70 eps=0.968 replay= 29120 loss=nan ext100=0.000 total100=0.083
[train] 14:48<68:16:18, 0.025s/step step=   36000 episodes=   75 eps=0.966 replay= 31200 loss=nan ext100=0.000 total100=0.087
[train] 15:43<68:43:01, 0.025s/step step=   38000 episodes=   79 eps=0.964 replay= 32864 loss=nan ext100=0.000 total100=0.087
[eval] step=40000 episodes=83 mean_ext_return=0.000
[train] 16:54<70:10:25, 0.025s/step step=   40000 episodes=   83 eps=0.962 replay= 34528 loss=nan ext100=0.000 total100=0.087
[train] 17:50<70:31:49, 0.025s/step step=   42000 episodes=   87 eps=0.960 replay= 36192 loss=nan ext100=0.000 total100=0.085
[train] 18:48<70:56:27, 0.026s/step step=   44000 episodes=   91 eps=0.958 replay= 37856 loss=nan ext100=0.000 total100=0.087
[train] 19:48<71:27:58, 0.026s/step step=   46000 episodes=   95 eps=0.956 replay= 39520 loss=nan ext100=0.000 total100=0.087
[train] 20:47<71:51:09, 0.026s/step step=   48000 episodes=  100 eps=0.954 replay= 39936 loss=nan ext100=0.000 total100=0.086
[train] 21:46<72:14:25, 0.026s/step step=   50000 episodes=  104 eps=0.953 replay= 39936 loss=0.00212 ext100=0.000 total100=0.090
[train] 23:27<74:46:21, 0.027s/step step=   52000 episodes=  108 eps=0.951 replay= 39936 loss=0.00027 ext100=0.000 total100=0.092
[train] 25:08<77:11:26, 0.028s/step step=   54000 episodes=  112 eps=0.949 replay= 39936 loss=0.00045 ext100=0.000 total100=0.092
[train] 26:50<79:26:57, 0.029s/step step=   56000 episodes=  116 eps=0.947 replay= 39936 loss=0.00049 ext100=0.000 total100=0.087
[train] 28:32<81:31:53, 0.030s/step step=   58000 episodes=  120 eps=0.945 replay= 39936 loss=0.00030 ext100=0.000 total100=0.085
[eval] step=60000 episodes=125 mean_ext_return=0.000
[train] 30:29<84:12:48, 0.030s/step step=   60000 episodes=  125 eps=0.943 replay= 39936 loss=0.00024 ext100=0.000 total100=0.089
[train] 32:11<85:59:56, 0.031s/step step=   62000 episodes=  129 eps=0.941 replay= 39936 loss=0.00025 ext100=0.000 total100=0.087
[train] 33:52<87:40:05, 0.032s/step step=   64000 episodes=  133 eps=0.939 replay= 39936 loss=0.00025 ext100=0.000 total100=0.087
[train] 35:34<89:13:23, 0.032s/step step=   66000 episodes=  137 eps=0.937 replay= 39936 loss=0.00015 ext100=0.000 total100=0.088
[train] 37:16<90:43:12, 0.033s/step step=   68000 episodes=  141 eps=0.935 replay= 39936 loss=0.00017 ext100=0.000 total100=0.091
[train] 38:57<92:06:58, 0.033s/step step=   70000 episodes=  145 eps=0.933 replay= 39936 loss=0.00015 ext100=0.000 total100=0.089
[train] 40:39<93:26:42, 0.034s/step step=   72000 episodes=  150 eps=0.932 replay= 39936 loss=0.00013 ext100=0.000 total100=0.088
[train] 42:21<94:41:55, 0.034s/step step=   74000 episodes=  154 eps=0.930 replay= 39936 loss=0.00012 ext100=0.000 total100=0.092
[train] 44:03<95:54:04, 0.035s/step step=   76000 episodes=  158 eps=0.928 replay= 39936 loss=0.00012 ext100=0.000 total100=0.090
[train] 45:45<97:01:29, 0.035s/step step=   78000 episodes=  162 eps=0.926 replay= 39936 loss=0.00011 ext100=0.000 total100=0.087
[eval] step=80000 episodes=166 mean_ext_return=0.000
[train] 47:43<98:38:48, 0.036s/step step=   80000 episodes=  166 eps=0.924 replay= 39936 loss=0.00012 ext100=0.000 total100=0.085
[train] 49:25<99:38:39, 0.036s/step step=   82000 episodes=  170 eps=0.922 replay= 39936 loss=0.00010 ext100=0.000 total100=0.084
[train] 51:07<100:35:46, 0.037s/step step=   84000 episodes=  175 eps=0.920 replay= 39936 loss=0.00009 ext100=0.000 total100=0.081
[train] 52:49<101:29:10, 0.037s/step step=   86000 episodes=  179 eps=0.918 replay= 39936 loss=0.00012 ext100=0.000 total100=0.082
[train] 54:31<102:21:47, 0.037s/step step=   88000 episodes=  183 eps=0.916 replay= 39936 loss=0.00010 ext100=0.000 total100=0.081
[train] 56:13<103:11:10, 0.037s/step step=   90000 episodes=  187 eps=0.914 replay= 39936 loss=0.00009 ext100=0.000 total100=0.083
[train] 57:55<103:58:22, 0.038s/step step=   92000 episodes=  191 eps=0.913 replay= 39936 loss=0.00010 ext100=0.000 total100=0.082
[train] 59:37<104:43:30, 0.038s/step step=   94000 episodes=  195 eps=0.911 replay= 39936 loss=0.00010 ext100=0.000 total100=0.082
[train] 1:01:19<105:27:24, 0.038s/step step=   96000 episodes=  200 eps=0.909 replay= 39936 loss=0.00008 ext100=0.000 total100=0.084
[train] 1:03:01<106:08:54, 0.039s/step step=   98000 episodes=  204 eps=0.907 replay= 39936 loss=0.00010 ext100=0.000 total100=0.082
[eval] step=100000 episodes=208 mean_ext_return=0.000
[train] 1:05:00<107:15:05, 0.039s/step step=  100000 episodes=  208 eps=0.905 replay= 39936 loss=0.00009 ext100=0.000 total100=0.084
[train] 1:06:42<107:52:34, 0.039s/step step=  102000 episodes=  212 eps=0.903 replay= 39936 loss=0.00009 ext100=0.000 total100=0.083
[train] 1:08:24<108:28:34, 0.039s/step step=  104000 episodes=  216 eps=0.901 replay= 39936 loss=0.00009 ext100=0.000 total100=0.087
[train] 1:10:05<109:02:22, 0.040s/step step=  106000 episodes=  220 eps=0.899 replay= 39936 loss=0.00011 ext100=0.000 total100=0.087
[train] 1:11:47<109:36:19, 0.040s/step step=  108000 episodes=  225 eps=0.897 replay= 39936 loss=0.00011 ext100=0.000 total100=0.084
[train] 1:13:29<110:08:13, 0.040s/step step=  110000 episodes=  229 eps=0.895 replay= 39936 loss=0.00007 ext100=0.000 total100=0.085
[train] 1:15:11<110:38:54, 0.040s/step step=  112000 episodes=  233 eps=0.894 replay= 39936 loss=0.00010 ext100=0.000 total100=0.084
[train] 1:16:53<111:08:38, 0.040s/step step=  114000 episodes=  237 eps=0.892 replay= 39936 loss=0.00012 ext100=0.000 total100=0.083
[train] 1:18:36<111:37:52, 0.041s/step step=  116000 episodes=  241 eps=0.890 replay= 39936 loss=0.00008 ext100=0.000 total100=0.084
[train] 1:20:18<112:05:30, 0.041s/step step=  118000 episodes=  245 eps=0.888 replay= 39936 loss=0.00009 ext100=0.000 total100=0.085
[eval] step=120000 episodes=250 mean_ext_return=0.000
[train] 1:22:16<112:54:16, 0.041s/step step=  120000 episodes=  250 eps=0.886 replay= 39936 loss=0.00012 ext100=0.000 total100=0.084
[train] 1:23:58<113:19:32, 0.041s/step step=  122000 episodes=  254 eps=0.884 replay= 39936 loss=0.00014 ext100=0.000 total100=0.081
[train] 1:25:40<113:43:50, 0.041s/step step=  124000 episodes=  258 eps=0.882 replay= 39936 loss=0.00009 ext100=0.000 total100=0.081
[train] 1:27:22<114:06:46, 0.042s/step step=  126000 episodes=  262 eps=0.880 replay= 39936 loss=0.00010 ext100=0.000 total100=0.085
[train] 1:29:04<114:30:17, 0.042s/step step=  128000 episodes=  266 eps=0.878 replay= 39936 loss=0.00010 ext100=0.000 total100=0.084
[train] 1:30:46<114:52:19, 0.042s/step step=  130000 episodes=  270 eps=0.877 replay= 39936 loss=0.00018 ext100=0.000 total100=0.084
[train] 1:32:28<115:13:38, 0.042s/step step=  132000 episodes=  275 eps=0.875 replay= 39936 loss=0.00023 ext100=0.000 total100=0.085
[train] 1:34:10<115:34:14, 0.042s/step step=  134000 episodes=  279 eps=0.873 replay= 39936 loss=0.00019 ext100=0.000 total100=0.086
[train] 1:35:53<115:54:38, 0.042s/step step=  136000 episodes=  283 eps=0.871 replay= 39936 loss=0.00020 ext100=0.000 total100=0.087
[train] 1:37:35<116:14:06, 0.042s/step step=  138000 episodes=  287 eps=0.869 replay= 39936 loss=0.00012 ext100=0.000 total100=0.085
[eval] step=140000 episodes=291 mean_ext_return=0.000
[train] 1:39:33<116:51:51, 0.043s/step step=  140000 episodes=  291 eps=0.867 replay= 39936 loss=0.00013 ext100=0.000 total100=0.085
[train] 1:41:15<117:09:43, 0.043s/step step=  142000 episodes=  295 eps=0.865 replay= 39936 loss=0.00013 ext100=0.000 total100=0.085
[train] 1:42:57<117:27:05, 0.043s/step step=  144000 episodes=  300 eps=0.863 replay= 39936 loss=0.00010 ext100=0.000 total100=0.083
[train] 1:44:39<117:43:20, 0.043s/step step=  146000 episodes=  304 eps=0.861 replay= 39936 loss=0.00010 ext100=0.000 total100=0.086
[train] 1:46:21<118:00:14, 0.043s/step step=  148000 episodes=  308 eps=0.859 replay= 39936 loss=0.00009 ext100=0.000 total100=0.086
[train] 1:48:03<118:16:10, 0.043s/step step=  150000 episodes=  312 eps=0.858 replay= 39936 loss=0.00010 ext100=0.000 total100=0.087
[train] 1:49:45<118:31:36, 0.043s/step step=  152000 episodes=  316 eps=0.856 replay= 39936 loss=0.00008 ext100=0.000 total100=0.087
[train] 1:51:27<118:46:28, 0.043s/step step=  154000 episodes=  320 eps=0.854 replay= 39936 loss=0.00011 ext100=0.000 total100=0.090
[train] 1:53:10<119:01:27, 0.044s/step step=  156000 episodes=  325 eps=0.852 replay= 39936 loss=0.00009 ext100=0.000 total100=0.092
[train] 1:54:52<119:15:41, 0.044s/step step=  158000 episodes=  329 eps=0.850 replay= 39936 loss=0.00010 ext100=0.000 total100=0.093
[eval] step=160000 episodes=333 mean_ext_return=0.000
[train] 1:56:50<119:46:01, 0.044s/step step=  160000 episodes=  333 eps=0.848 replay= 39936 loss=0.00009 ext100=0.000 total100=0.094
[train] 1:58:32<119:59:06, 0.044s/step step=  162000 episodes=  337 eps=0.846 replay= 39936 loss=0.00011 ext100=0.000 total100=0.093
[train] 2:00:14<120:11:55, 0.044s/step step=  164000 episodes=  341 eps=0.844 replay= 39936 loss=0.00009 ext100=0.000 total100=0.093
[train] 2:01:56<120:23:57, 0.044s/step step=  166000 episodes=  345 eps=0.842 replay= 39936 loss=0.00009 ext100=0.000 total100=0.092
[train] 2:03:39<120:36:32, 0.044s/step step=  168000 episodes=  350 eps=0.840 replay= 39936 loss=0.00008 ext100=0.000 total100=0.094
[train] 2:05:21<120:48:23, 0.044s/step step=  170000 episodes=  354 eps=0.839 replay= 39936 loss=0.00012 ext100=0.000 total100=0.092
[train] 2:07:03<120:59:48, 0.044s/step step=  172000 episodes=  358 eps=0.837 replay= 39936 loss=0.00009 ext100=0.000 total100=0.092
[train] 2:08:45<121:11:02, 0.044s/step step=  174000 episodes=  362 eps=0.835 replay= 39936 loss=0.00010 ext100=0.000 total100=0.091
[train] 2:10:27<121:22:19, 0.044s/step step=  176000 episodes=  366 eps=0.833 replay= 39936 loss=0.00010 ext100=0.000 total100=0.092
[train] 2:12:10<121:32:57, 0.045s/step step=  178000 episodes=  370 eps=0.831 replay= 39936 loss=0.00013 ext100=0.000 total100=0.092
[eval] step=180000 episodes=375 mean_ext_return=0.000
[train] 2:14:08<121:58:04, 0.045s/step step=  180000 episodes=  375 eps=0.829 replay= 39936 loss=0.00010 ext100=0.000 total100=0.091
[train] 2:15:50<122:07:58, 0.045s/step step=  182000 episodes=  379 eps=0.827 replay= 39936 loss=0.00013 ext100=0.000 total100=0.088
[train] 2:17:32<122:17:37, 0.045s/step step=  184000 episodes=  383 eps=0.825 replay= 39936 loss=0.00014 ext100=0.000 total100=0.086
[train] 2:19:14<122:26:37, 0.045s/step step=  186000 episodes=  387 eps=0.823 replay= 39936 loss=0.00014 ext100=0.000 total100=0.087
[train] 2:20:56<122:36:12, 0.045s/step step=  188000 episodes=  391 eps=0.821 replay= 39936 loss=0.00010 ext100=0.000 total100=0.086
[train] 2:22:38<122:45:07, 0.045s/step step=  190000 episodes=  395 eps=0.820 replay= 39936 loss=0.00009 ext100=0.000 total100=0.087
[train] 2:24:21<122:53:56, 0.045s/step step=  192000 episodes=  400 eps=0.818 replay= 39936 loss=0.00011 ext100=0.000 total100=0.085
[train] 2:26:03<123:02:28, 0.045s/step step=  194000 episodes=  404 eps=0.816 replay= 39936 loss=0.00014 ext100=0.000 total100=0.084
[train] 2:27:45<123:11:09, 0.045s/step step=  196000 episodes=  408 eps=0.814 replay= 39936 loss=0.00012 ext100=0.000 total100=0.084
[train] 2:29:27<123:19:18, 0.045s/step step=  198000 episodes=  412 eps=0.812 replay= 39936 loss=0.00011 ext100=0.000 total100=0.083
[eval] step=200000 episodes=416 mean_ext_return=0.000
[train] 2:31:26<123:40:28, 0.045s/step step=  200000 episodes=  416 eps=0.810 replay= 39936 loss=0.00010 ext100=0.000 total100=0.080
[train] 2:33:08<123:48:07, 0.045s/step step=  202000 episodes=  420 eps=0.808 replay= 39936 loss=0.00013 ext100=0.000 total100=0.079
[train] 2:34:50<123:55:32, 0.046s/step step=  204000 episodes=  425 eps=0.806 replay= 39936 loss=0.00011 ext100=0.000 total100=0.078
[train] 2:36:32<124:02:30, 0.046s/step step=  206000 episodes=  429 eps=0.804 replay= 39936 loss=0.00013 ext100=0.000 total100=0.076
[train] 2:38:14<124:09:52, 0.046s/step step=  208000 episodes=  433 eps=0.802 replay= 39936 loss=0.00010 ext100=0.000 total100=0.075
[train] 2:39:57<124:16:47, 0.046s/step step=  210000 episodes=  437 eps=0.800 replay= 39936 loss=0.00016 ext100=0.000 total100=0.075
[train] 2:41:39<124:23:32, 0.046s/step step=  212000 episodes=  441 eps=0.799 replay= 39936 loss=0.00009 ext100=0.000 total100=0.075
[train] 2:43:21<124:30:04, 0.046s/step step=  214000 episodes=  445 eps=0.797 replay= 39936 loss=0.00012 ext100=0.000 total100=0.076
[train] 2:45:03<124:36:49, 0.046s/step step=  216000 episodes=  450 eps=0.795 replay= 39936 loss=0.00010 ext100=0.000 total100=0.075
[train] 2:46:46<124:43:12, 0.046s/step step=  218000 episodes=  454 eps=0.793 replay= 39936 loss=0.00016 ext100=0.000 total100=0.077
[eval] step=220000 episodes=458 mean_ext_return=0.000
[train] 2:48:44<125:01:26, 0.046s/step step=  220000 episodes=  458 eps=0.791 replay= 39936 loss=0.00011 ext100=0.000 total100=0.078
[train] 2:50:26<125:07:22, 0.046s/step step=  222000 episodes=  462 eps=0.789 replay= 39936 loss=0.00011 ext100=0.000 total100=0.078
[train] 2:52:09<125:13:09, 0.046s/step step=  224000 episodes=  466 eps=0.787 replay= 39936 loss=0.00011 ext100=0.000 total100=0.078
[train] 2:53:50<125:18:34, 0.046s/step step=  226000 episodes=  470 eps=0.785 replay= 39936 loss=0.00013 ext100=0.000 total100=0.078
[train] 2:55:33<125:24:22, 0.046s/step step=  228000 episodes=  475 eps=0.783 replay= 39936 loss=0.00011 ext100=0.000 total100=0.079
[train] 2:57:15<125:29:45, 0.046s/step step=  230000 episodes=  479 eps=0.781 replay= 39936 loss=0.00011 ext100=0.000 total100=0.081
[train] 2:58:57<125:35:00, 0.046s/step step=  232000 episodes=  483 eps=0.780 replay= 39936 loss=0.00022 ext100=0.000 total100=0.083
[train] 3:00:40<125:40:11, 0.046s/step step=  234000 episodes=  487 eps=0.778 replay= 39936 loss=0.00015 ext100=0.000 total100=0.082
[train] 3:02:22<125:45:31, 0.046s/step step=  236000 episodes=  491 eps=0.776 replay= 39936 loss=0.00014 ext100=0.000 total100=0.084
[train] 3:04:05<125:50:35, 0.046s/step step=  238000 episodes=  495 eps=0.774 replay= 39936 loss=0.00012 ext100=0.000 total100=0.084
[eval] step=240000 episodes=500 mean_ext_return=0.000
[train] 3:06:03<126:06:22, 0.047s/step step=  240000 episodes=  500 eps=0.772 replay= 39936 loss=0.00010 ext100=0.000 total100=0.086
[train] 3:07:45<126:11:02, 0.047s/step step=  242000 episodes=  504 eps=0.770 replay= 39936 loss=0.00012 ext100=0.000 total100=0.087
[train] 3:09:27<126:15:31, 0.047s/step step=  244000 episodes=  508 eps=0.768 replay= 39936 loss=0.00009 ext100=0.000 total100=0.087
[train] 3:11:09<126:19:36, 0.047s/step step=  246000 episodes=  512 eps=0.766 replay= 39936 loss=0.00010 ext100=0.000 total100=0.091
[train] 3:12:52<126:24:18, 0.047s/step step=  248000 episodes=  516 eps=0.764 replay= 39936 loss=0.00009 ext100=0.000 total100=0.093
[train] 3:14:34<126:28:29, 0.047s/step step=  250000 episodes=  520 eps=0.762 replay= 39936 loss=0.00011 ext100=0.000 total100=0.095
[train] 3:16:16<126:32:44, 0.047s/step step=  252000 episodes=  525 eps=0.761 replay= 39936 loss=0.00011 ext100=0.000 total100=0.096
[train] 3:17:59<126:36:46, 0.047s/step step=  254000 episodes=  529 eps=0.759 replay= 39936 loss=0.00011 ext100=0.000 total100=0.100
[train] 3:19:41<126:40:54, 0.047s/step step=  256000 episodes=  533 eps=0.757 replay= 39936 loss=0.00008 ext100=0.000 total100=0.102
[train] 3:21:24<126:44:51, 0.047s/step step=  258000 episodes=  537 eps=0.755 replay= 39936 loss=0.00013 ext100=0.000 total100=0.104
[eval] step=260000 episodes=541 mean_ext_return=0.000
[train] 3:23:22<126:58:41, 0.047s/step step=  260000 episodes=  541 eps=0.753 replay= 39936 loss=0.00009 ext100=0.000 total100=0.103
[train] 3:25:04<127:02:25, 0.047s/step step=  262000 episodes=  545 eps=0.751 replay= 39936 loss=0.00009 ext100=0.000 total100=0.100
[train] 3:26:47<127:05:56, 0.047s/step step=  264000 episodes=  550 eps=0.749 replay= 39936 loss=0.00010 ext100=0.000 total100=0.102
[train] 3:28:28<127:09:05, 0.047s/step step=  266000 episodes=  554 eps=0.747 replay= 39936 loss=0.00016 ext100=0.000 total100=0.102
[train] 3:30:11<127:12:49, 0.047s/step step=  268000 episodes=  558 eps=0.745 replay= 39936 loss=0.00012 ext100=0.000 total100=0.100
[train] 3:31:53<127:16:08, 0.047s/step step=  270000 episodes=  562 eps=0.744 replay= 39936 loss=0.00012 ext100=0.000 total100=0.100
[train] 3:33:36<127:19:26, 0.047s/step step=  272000 episodes=  566 eps=0.742 replay= 39936 loss=0.00009 ext100=0.000 total100=0.100
[train] 3:35:18<127:22:36, 0.047s/step step=  274000 episodes=  570 eps=0.740 replay= 39936 loss=0.00014 ext100=0.000 total100=0.100
[train] 3:37:01<127:25:54, 0.047s/step step=  276000 episodes=  575 eps=0.738 replay= 39936 loss=0.00013 ext100=0.000 total100=0.104
[train] 3:38:43<127:29:04, 0.047s/step step=  278000 episodes=  579 eps=0.736 replay= 39936 loss=0.00012 ext100=0.000 total100=0.102
[eval] step=280000 episodes=583 mean_ext_return=0.000
[train] 3:40:41<127:41:22, 0.047s/step step=  280000 episodes=  583 eps=0.734 replay= 39936 loss=0.00010 ext100=0.000 total100=0.101
[train] 3:42:24<127:44:13, 0.047s/step step=  282000 episodes=  587 eps=0.732 replay= 39936 loss=0.00014 ext100=0.000 total100=0.102
[train] 3:44:06<127:46:59, 0.047s/step step=  284000 episodes=  591 eps=0.730 replay= 39936 loss=0.00011 ext100=0.000 total100=0.100
[train] 3:45:48<127:49:22, 0.047s/step step=  286000 episodes=  595 eps=0.728 replay= 39936 loss=0.00011 ext100=0.000 total100=0.100
[train] 3:47:30<127:52:21, 0.047s/step step=  288000 episodes=  600 eps=0.726 replay= 39936 loss=0.00010 ext100=0.000 total100=0.099
[train] 3:49:13<127:55:00, 0.047s/step step=  290000 episodes=  604 eps=0.725 replay= 39936 loss=0.00016 ext100=0.000 total100=0.102
[train] 3:50:55<127:57:30, 0.047s/step step=  292000 episodes=  608 eps=0.723 replay= 39936 loss=0.00011 ext100=0.000 total100=0.101
[train] 3:52:37<127:59:59, 0.047s/step step=  294000 episodes=  612 eps=0.721 replay= 39936 loss=0.00009 ext100=0.000 total100=0.099
[train] 3:54:20<128:02:40, 0.048s/step step=  296000 episodes=  616 eps=0.719 replay= 39936 loss=0.00011 ext100=0.000 total100=0.101
[train] 3:56:03<128:05:11, 0.048s/step step=  298000 episodes=  620 eps=0.717 replay= 39936 loss=0.00018 ext100=0.000 total100=0.098
[eval] step=300000 episodes=625 mean_ext_return=0.000
[train] 3:58:01<128:16:14, 0.048s/step step=  300000 episodes=  625 eps=0.715 replay= 39936 loss=0.00012 ext100=0.000 total100=0.096
[train] 3:59:44<128:18:28, 0.048s/step step=  302000 episodes=  629 eps=0.713 replay= 39936 loss=0.00011 ext100=0.000 total100=0.093
[train] 4:01:26<128:20:37, 0.048s/step step=  304000 episodes=  633 eps=0.711 replay= 39936 loss=0.00011 ext100=0.000 total100=0.093
[train] 4:03:08<128:22:30, 0.048s/step step=  306000 episodes=  637 eps=0.709 replay= 39936 loss=0.00016 ext100=0.000 total100=0.091
[train] 4:04:51<128:24:51, 0.048s/step step=  308000 episodes=  641 eps=0.707 replay= 39936 loss=0.00012 ext100=0.000 total100=0.093
[train] 4:06:33<128:26:51, 0.048s/step step=  310000 episodes=  645 eps=0.706 replay= 39936 loss=0.00012 ext100=0.000 total100=0.097
[train] 4:08:15<128:28:47, 0.048s/step step=  312000 episodes=  650 eps=0.704 replay= 39936 loss=0.00030 ext100=0.000 total100=0.094
[train] 4:09:57<128:30:44, 0.048s/step step=  314000 episodes=  654 eps=0.702 replay= 39936 loss=0.00012 ext100=0.000 total100=0.093
[train] 4:11:40<128:32:46, 0.048s/step step=  316000 episodes=  658 eps=0.700 replay= 39936 loss=0.00013 ext100=0.000 total100=0.095
[train] 4:13:23<128:34:43, 0.048s/step step=  318000 episodes=  662 eps=0.698 replay= 39936 loss=0.00012 ext100=0.000 total100=0.095
[eval] step=320000 episodes=666 mean_ext_return=0.000
[train] 4:15:21<128:44:41, 0.048s/step step=  320000 episodes=  666 eps=0.696 replay= 39936 loss=0.00012 ext100=0.000 total100=0.097
[train] 4:17:04<128:46:24, 0.048s/step step=  322000 episodes=  670 eps=0.694 replay= 39936 loss=0.00011 ext100=0.000 total100=0.097
[train] 4:18:46<128:48:08, 0.048s/step step=  324000 episodes=  675 eps=0.692 replay= 39936 loss=0.00011 ext100=0.000 total100=0.095
[train] 4:20:28<128:49:32, 0.048s/step step=  326000 episodes=  679 eps=0.690 replay= 39936 loss=0.00010 ext100=0.000 total100=0.096
[train] 4:22:11<128:51:24, 0.048s/step step=  328000 episodes=  683 eps=0.688 replay= 39936 loss=0.00010 ext100=0.000 total100=0.096
[train] 4:23:53<128:52:58, 0.048s/step step=  330000 episodes=  687 eps=0.686 replay= 39936 loss=0.00012 ext100=0.000 total100=0.098
[train] 4:25:36<128:54:30, 0.048s/step step=  332000 episodes=  691 eps=0.685 replay= 39936 loss=0.00010 ext100=0.000 total100=0.099
[train] 4:27:18<128:55:59, 0.048s/step step=  334000 episodes=  695 eps=0.683 replay= 39936 loss=0.00011 ext100=0.000 total100=0.097
[train] 4:29:01<128:57:33, 0.048s/step step=  336000 episodes=  700 eps=0.681 replay= 39936 loss=0.00012 ext100=0.000 total100=0.096
[train] 4:30:43<128:59:04, 0.048s/step step=  338000 episodes=  704 eps=0.679 replay= 39936 loss=0.00013 ext100=0.000 total100=0.095
[eval] step=340000 episodes=708 mean_ext_return=0.000
[train] 4:32:42<129:08:07, 0.048s/step step=  340000 episodes=  708 eps=0.677 replay= 39936 loss=0.00010 ext100=0.000 total100=0.097
[train] 4:34:24<129:09:25, 0.048s/step step=  342000 episodes=  712 eps=0.675 replay= 39936 loss=0.00010 ext100=0.000 total100=0.095
[train] 4:36:07<129:10:40, 0.048s/step step=  344000 episodes=  716 eps=0.673 replay= 39936 loss=0.00013 ext100=0.000 total100=0.093
[train] 4:37:49<129:11:42, 0.048s/step step=  346000 episodes=  720 eps=0.671 replay= 39936 loss=0.00012 ext100=0.000 total100=0.092
[train] 4:39:32<129:13:07, 0.048s/step step=  348000 episodes=  725 eps=0.669 replay= 39936 loss=0.00009 ext100=0.000 total100=0.091
[train] 4:41:14<129:14:17, 0.048s/step step=  350000 episodes=  729 eps=0.667 replay= 39936 loss=0.00012 ext100=0.000 total100=0.093
[train] 4:42:57<129:15:24, 0.048s/step step=  352000 episodes=  733 eps=0.666 replay= 39936 loss=0.00012 ext100=0.000 total100=0.092
[train] 4:44:39<129:16:30, 0.048s/step step=  354000 episodes=  737 eps=0.664 replay= 39936 loss=0.00013 ext100=0.000 total100=0.095
[train] 4:46:22<129:17:40, 0.048s/step step=  356000 episodes=  741 eps=0.662 replay= 39936 loss=0.00009 ext100=0.000 total100=0.092
[train] 4:48:04<129:18:47, 0.048s/step step=  358000 episodes=  745 eps=0.660 replay= 39936 loss=0.00011 ext100=0.000 total100=0.089
[eval] step=360000 episodes=750 mean_ext_return=0.000
[train] 4:50:03<129:27:04, 0.048s/step step=  360000 episodes=  750 eps=0.658 replay= 39936 loss=0.00011 ext100=0.000 total100=0.092
[train] 4:51:45<129:28:02, 0.048s/step step=  362000 episodes=  754 eps=0.656 replay= 39936 loss=0.00012 ext100=0.000 total100=0.095
[train] 4:53:28<129:28:54, 0.048s/step step=  364000 episodes=  758 eps=0.654 replay= 39936 loss=0.00010 ext100=0.000 total100=0.094
[train] 4:55:10<129:29:34, 0.048s/step step=  366000 episodes=  762 eps=0.652 replay= 39936 loss=0.00011 ext100=0.000 total100=0.094
[train] 4:56:53<129:30:37, 0.048s/step step=  368000 episodes=  766 eps=0.650 replay= 39936 loss=0.00013 ext100=0.000 total100=0.093
[train] 4:58:35<129:31:25, 0.048s/step step=  370000 episodes=  770 eps=0.649 replay= 39936 loss=0.00010 ext100=0.000 total100=0.091
[train] 5:00:17<129:32:13, 0.048s/step step=  372000 episodes=  775 eps=0.647 replay= 39936 loss=0.00011 ext100=0.000 total100=0.088
[train] 5:02:00<129:33:00, 0.048s/step step=  374000 episodes=  779 eps=0.645 replay= 39936 loss=0.00010 ext100=0.000 total100=0.088
[train] 5:03:42<129:33:50, 0.048s/step step=  376000 episodes=  783 eps=0.643 replay= 39936 loss=0.00010 ext100=0.000 total100=0.088
[train] 5:05:25<129:34:39, 0.048s/step step=  378000 episodes=  787 eps=0.641 replay= 39936 loss=0.00012 ext100=0.000 total100=0.086
[eval] step=380000 episodes=791 mean_ext_return=0.000
[train] 5:07:24<129:42:08, 0.049s/step step=  380000 episodes=  791 eps=0.639 replay= 39936 loss=0.00010 ext100=0.000 total100=0.086
[train] 5:09:06<129:42:46, 0.049s/step step=  382000 episodes=  795 eps=0.637 replay= 39936 loss=0.00010 ext100=0.000 total100=0.086
[train] 5:10:49<129:43:24, 0.049s/step step=  384000 episodes=  800 eps=0.635 replay= 39936 loss=0.00011 ext100=0.000 total100=0.085
[train] 5:12:31<129:43:47, 0.049s/step step=  386000 episodes=  804 eps=0.633 replay= 39936 loss=0.00011 ext100=0.000 total100=0.084
[train] 5:14:13<129:44:30, 0.049s/step step=  388000 episodes=  808 eps=0.631 replay= 39936 loss=0.00009 ext100=0.000 total100=0.085
[train] 5:15:56<129:45:02, 0.049s/step step=  390000 episodes=  812 eps=0.629 replay= 39936 loss=0.00009 ext100=0.000 total100=0.085
[train] 5:17:38<129:45:34, 0.049s/step step=  392000 episodes=  816 eps=0.628 replay= 39936 loss=0.00011 ext100=0.000 total100=0.085
[train] 5:19:21<129:46:02, 0.049s/step step=  394000 episodes=  820 eps=0.626 replay= 39936 loss=0.00010 ext100=0.000 total100=0.085
[train] 5:21:03<129:46:36, 0.049s/step step=  396000 episodes=  825 eps=0.624 replay= 39936 loss=0.00012 ext100=0.000 total100=0.090
[train] 5:22:46<129:47:11, 0.049s/step step=  398000 episodes=  829 eps=0.622 replay= 39936 loss=0.00011 ext100=0.000 total100=0.090
[eval] step=400000 episodes=833 mean_ext_return=0.000
[train] 5:24:45<129:54:04, 0.049s/step step=  400000 episodes=  833 eps=0.620 replay= 39936 loss=0.00010 ext100=0.000 total100=0.092
[train] 5:26:27<129:54:29, 0.049s/step step=  402000 episodes=  837 eps=0.618 replay= 39936 loss=0.00013 ext100=0.000 total100=0.085
[train] 5:28:10<129:54:50, 0.049s/step step=  404000 episodes=  841 eps=0.616 replay= 39936 loss=0.00010 ext100=0.000 total100=0.087
[train] 5:29:52<129:55:00, 0.049s/step step=  406000 episodes=  845 eps=0.614 replay= 39936 loss=0.00010 ext100=0.000 total100=0.087
[train] 5:31:35<129:55:31, 0.049s/step step=  408000 episodes=  850 eps=0.612 replay= 39936 loss=0.00011 ext100=0.000 total100=0.086
[train] 5:33:17<129:55:50, 0.049s/step step=  410000 episodes=  854 eps=0.611 replay= 39936 loss=0.00014 ext100=0.000 total100=0.085
[train] 5:35:00<129:56:04, 0.049s/step step=  412000 episodes=  858 eps=0.609 replay= 39936 loss=0.00011 ext100=0.000 total100=0.086
[train] 5:36:42<129:56:19, 0.049s/step step=  414000 episodes=  862 eps=0.607 replay= 39936 loss=0.00011 ext100=0.000 total100=0.088
[train] 5:38:25<129:56:39, 0.049s/step step=  416000 episodes=  866 eps=0.605 replay= 39936 loss=0.00010 ext100=0.000 total100=0.085
[train] 5:40:07<129:56:59, 0.049s/step step=  418000 episodes=  870 eps=0.603 replay= 39936 loss=0.00011 ext100=0.000 total100=0.088
[eval] step=420000 episodes=875 mean_ext_return=0.000
[train] 5:42:06<130:03:20, 0.049s/step step=  420000 episodes=  875 eps=0.601 replay= 39936 loss=0.00011 ext100=0.000 total100=0.089
[train] 5:43:49<130:03:32, 0.049s/step step=  422000 episodes=  879 eps=0.599 replay= 39936 loss=0.00010 ext100=0.000 total100=0.087
[train] 5:45:31<130:03:39, 0.049s/step step=  424000 episodes=  883 eps=0.597 replay= 39936 loss=0.00012 ext100=0.000 total100=0.085
[train] 5:47:13<130:03:38, 0.049s/step step=  426000 episodes=  887 eps=0.595 replay= 39936 loss=0.00013 ext100=0.000 total100=0.085
[train] 5:48:56<130:03:59, 0.049s/step step=  428000 episodes=  891 eps=0.593 replay= 39936 loss=0.00011 ext100=0.000 total100=0.087
[train] 5:50:39<130:04:05, 0.049s/step step=  430000 episodes=  895 eps=0.592 replay= 39936 loss=0.00009 ext100=0.000 total100=0.087
[train] 5:52:21<130:04:11, 0.049s/step step=  432000 episodes=  900 eps=0.590 replay= 39936 loss=0.00011 ext100=0.000 total100=0.088
[train] 5:54:04<130:04:16, 0.049s/step step=  434000 episodes=  904 eps=0.588 replay= 39936 loss=0.00011 ext100=0.000 total100=0.088
[train] 5:55:46<130:04:22, 0.049s/step step=  436000 episodes=  908 eps=0.586 replay= 39936 loss=0.00010 ext100=0.000 total100=0.086
[train] 5:57:29<130:04:32, 0.049s/step step=  438000 episodes=  912 eps=0.584 replay= 39936 loss=0.00010 ext100=0.000 total100=0.087
[eval] step=440000 episodes=916 mean_ext_return=0.000
[train] 5:59:28<130:10:24, 0.049s/step step=  440000 episodes=  916 eps=0.582 replay= 39936 loss=0.00010 ext100=0.000 total100=0.087
[train] 6:01:11<130:10:23, 0.049s/step step=  442000 episodes=  920 eps=0.580 replay= 39936 loss=0.00012 ext100=0.000 total100=0.087
[train] 6:02:53<130:10:21, 0.049s/step step=  444000 episodes=  925 eps=0.578 replay= 39936 loss=0.00008 ext100=0.000 total100=0.085
[train] 6:04:35<130:10:08, 0.049s/step step=  446000 episodes=  929 eps=0.576 replay= 39936 loss=0.00009 ext100=0.000 total100=0.084
[train] 6:06:18<130:10:16, 0.049s/step step=  448000 episodes=  933 eps=0.574 replay= 39936 loss=0.00008 ext100=0.000 total100=0.084
[train] 6:08:01<130:10:15, 0.049s/step step=  450000 episodes=  937 eps=0.573 replay= 39936 loss=0.00014 ext100=0.000 total100=0.088
[train] 6:09:43<130:10:09, 0.049s/step step=  452000 episodes=  941 eps=0.571 replay= 39936 loss=0.00010 ext100=0.000 total100=0.088
[train] 6:11:26<130:10:07, 0.049s/step step=  454000 episodes=  945 eps=0.569 replay= 39936 loss=0.00011 ext100=0.000 total100=0.091
[train] 6:13:09<130:10:11, 0.049s/step step=  456000 episodes=  950 eps=0.567 replay= 39936 loss=0.00009 ext100=0.000 total100=0.092
[train] 6:14:52<130:10:16, 0.049s/step step=  458000 episodes=  954 eps=0.565 replay= 39936 loss=0.00016 ext100=0.000 total100=0.092
[eval] step=460000 episodes=958 mean_ext_return=0.000
[train] 6:16:51<130:15:48, 0.049s/step step=  460000 episodes=  958 eps=0.563 replay= 39936 loss=0.00012 ext100=0.000 total100=0.092
[train] 6:18:34<130:15:42, 0.049s/step step=  462000 episodes=  962 eps=0.561 replay= 39936 loss=0.00010 ext100=0.000 total100=0.087
[train] 6:20:17<130:15:36, 0.049s/step step=  464000 episodes=  966 eps=0.559 replay= 39936 loss=0.00009 ext100=0.000 total100=0.088
[train] 6:21:59<130:15:20, 0.049s/step step=  466000 episodes=  970 eps=0.557 replay= 39936 loss=0.00014 ext100=0.000 total100=0.088
[train] 6:23:43<130:15:21, 0.049s/step step=  468000 episodes=  975 eps=0.555 replay= 39936 loss=0.00009 ext100=0.000 total100=0.088
[train] 6:25:25<130:15:14, 0.049s/step step=  470000 episodes=  979 eps=0.554 replay= 39936 loss=0.00009 ext100=0.000 total100=0.090
[train] 6:27:08<130:15:05, 0.049s/step step=  472000 episodes=  983 eps=0.552 replay= 39936 loss=0.00009 ext100=0.000 total100=0.094
[train] 6:28:51<130:14:54, 0.049s/step step=  474000 episodes=  987 eps=0.550 replay= 39936 loss=0.00018 ext100=0.000 total100=0.095
[train] 6:30:34<130:14:48, 0.049s/step step=  476000 episodes=  991 eps=0.548 replay= 39936 loss=0.00009 ext100=0.000 total100=0.094
[train] 6:32:17<130:14:46, 0.049s/step step=  478000 episodes=  995 eps=0.546 replay= 39936 loss=0.00008 ext100=0.000 total100=0.093
[eval] step=480000 episodes=1000 mean_ext_return=0.000
[train] 6:34:16<130:19:54, 0.049s/step step=  480000 episodes= 1000 eps=0.544 replay= 39936 loss=0.00011 ext100=0.000 total100=0.092
[train] 6:35:59<130:19:40, 0.049s/step step=  482000 episodes= 1004 eps=0.542 replay= 39936 loss=0.00017 ext100=0.000 total100=0.093
[train] 6:37:42<130:19:26, 0.049s/step step=  484000 episodes= 1008 eps=0.540 replay= 39936 loss=0.00010 ext100=0.000 total100=0.091
[train] 6:39:24<130:19:01, 0.049s/step step=  486000 episodes= 1012 eps=0.538 replay= 39936 loss=0.00009 ext100=0.000 total100=0.092
[train] 6:41:08<130:18:54, 0.049s/step step=  488000 episodes= 1016 eps=0.536 replay= 39936 loss=0.00009 ext100=0.000 total100=0.094
[train] 6:42:51<130:18:40, 0.049s/step step=  490000 episodes= 1020 eps=0.534 replay= 39936 loss=0.00017 ext100=0.000 total100=0.094
[train] 6:44:34<130:18:22, 0.049s/step step=  492000 episodes= 1025 eps=0.533 replay= 39936 loss=0.00011 ext100=0.000 total100=0.094
[train] 6:46:17<130:18:07, 0.049s/step step=  494000 episodes= 1029 eps=0.531 replay= 39936 loss=0.00010 ext100=0.000 total100=0.094
[train] 6:48:00<130:17:52, 0.049s/step step=  496000 episodes= 1033 eps=0.529 replay= 39936 loss=0.00010 ext100=0.000 total100=0.094
[train] 6:49:43<130:17:41, 0.049s/step step=  498000 episodes= 1037 eps=0.527 replay= 39936 loss=0.00016 ext100=0.000 total100=0.095
[eval] step=500000 episodes=1041 mean_ext_return=0.000
[train] 6:51:42<130:22:30, 0.049s/step step=  500000 episodes= 1041 eps=0.525 replay= 39936 loss=0.00011 ext100=0.000 total100=0.094
[train] 6:53:25<130:22:10, 0.049s/step step=  502000 episodes= 1045 eps=0.523 replay= 39936 loss=0.00010 ext100=0.000 total100=0.092
[train] 6:55:08<130:21:47, 0.049s/step step=  504000 episodes= 1050 eps=0.521 replay= 39936 loss=0.00014 ext100=0.000 total100=0.092
[train] 6:56:50<130:21:16, 0.049s/step step=  506000 episodes= 1054 eps=0.519 replay= 39936 loss=0.00018 ext100=0.000 total100=0.091
[train] 6:58:34<130:20:59, 0.049s/step step=  508000 episodes= 1058 eps=0.517 replay= 39936 loss=0.00010 ext100=0.000 total100=0.090
[train] 7:00:17<130:20:35, 0.049s/step step=  510000 episodes= 1062 eps=0.516 replay= 39936 loss=0.00009 ext100=0.000 total100=0.094
[train] 7:02:00<130:20:12, 0.049s/step step=  512000 episodes= 1066 eps=0.514 replay= 39936 loss=0.00009 ext100=0.000 total100=0.096
[train] 7:03:42<130:19:47, 0.049s/step step=  514000 episodes= 1070 eps=0.512 replay= 39936 loss=0.00015 ext100=0.000 total100=0.093
[train] 7:05:26<130:19:24, 0.049s/step step=  516000 episodes= 1075 eps=0.510 replay= 39936 loss=0.00009 ext100=0.000 total100=0.092
[train] 7:07:09<130:19:05, 0.049s/step step=  518000 episodes= 1079 eps=0.508 replay= 39936 loss=0.00012 ext100=0.000 total100=0.092
[eval] step=520000 episodes=1083 mean_ext_return=0.000
[train] 7:09:08<130:23:32, 0.050s/step step=  520000 episodes= 1083 eps=0.506 replay= 39936 loss=0.00009 ext100=0.000 total100=0.090
[train] 7:10:51<130:23:03, 0.050s/step step=  522000 episodes= 1087 eps=0.504 replay= 39936 loss=0.00017 ext100=0.000 total100=0.091
[train] 7:12:34<130:22:33, 0.050s/step step=  524000 episodes= 1091 eps=0.502 replay= 39936 loss=0.00011 ext100=0.000 total100=0.092
[train] 7:14:16<130:21:57, 0.050s/step step=  526000 episodes= 1095 eps=0.500 replay= 39936 loss=0.00010 ext100=0.000 total100=0.092
[train] 7:16:00<130:21:35, 0.050s/step step=  528000 episodes= 1100 eps=0.498 replay= 39936 loss=0.00009 ext100=0.000 total100=0.094
[train] 7:17:42<130:21:04, 0.050s/step step=  530000 episodes= 1104 eps=0.497 replay= 39936 loss=0.00015 ext100=0.000 total100=0.092
[train] 7:19:25<130:20:32, 0.050s/step step=  532000 episodes= 1108 eps=0.495 replay= 39936 loss=0.00010 ext100=0.000 total100=0.095
[train] 7:21:08<130:20:01, 0.050s/step step=  534000 episodes= 1112 eps=0.493 replay= 39936 loss=0.00009 ext100=0.000 total100=0.094
[train] 7:22:51<130:19:30, 0.050s/step step=  536000 episodes= 1116 eps=0.491 replay= 39936 loss=0.00009 ext100=0.000 total100=0.092
[train] 7:24:35<130:19:07, 0.050s/step step=  538000 episodes= 1120 eps=0.489 replay= 39936 loss=0.00015 ext100=0.000 total100=0.092
[eval] step=540000 episodes=1125 mean_ext_return=0.000
[train] 7:26:34<130:23:17, 0.050s/step step=  540000 episodes= 1125 eps=0.487 replay= 39936 loss=0.00010 ext100=0.000 total100=0.092
[train] 7:28:17<130:22:45, 0.050s/step step=  542000 episodes= 1129 eps=0.485 replay= 39936 loss=0.00009 ext100=0.000 total100=0.091
[train] 7:30:00<130:22:11, 0.050s/step step=  544000 episodes= 1133 eps=0.483 replay= 39936 loss=0.00009 ext100=0.000 total100=0.090
[train] 7:31:42<130:21:28, 0.050s/step step=  546000 episodes= 1137 eps=0.481 replay= 39936 loss=0.00016 ext100=0.000 total100=0.086
[train] 7:33:26<130:21:00, 0.050s/step step=  548000 episodes= 1141 eps=0.479 replay= 39936 loss=0.00008 ext100=0.000 total100=0.087
[train] 7:35:09<130:20:25, 0.050s/step step=  550000 episodes= 1145 eps=0.478 replay= 39936 loss=0.00007 ext100=0.000 total100=0.088
[train] 7:36:52<130:19:47, 0.050s/step step=  552000 episodes= 1150 eps=0.476 replay= 39936 loss=0.00013 ext100=0.000 total100=0.085
[train] 7:38:35<130:19:10, 0.050s/step step=  554000 episodes= 1154 eps=0.474 replay= 39936 loss=0.00018 ext100=0.000 total100=0.087
[train] 7:40:18<130:18:33, 0.050s/step step=  556000 episodes= 1158 eps=0.472 replay= 39936 loss=0.00009 ext100=0.000 total100=0.088
[train] 7:42:01<130:18:04, 0.050s/step step=  558000 episodes= 1162 eps=0.470 replay= 39936 loss=0.00008 ext100=0.000 total100=0.087
[eval] step=560000 episodes=1166 mean_ext_return=0.000
[train] 7:44:00<130:21:58, 0.050s/step step=  560000 episodes= 1166 eps=0.468 replay= 39936 loss=0.00008 ext100=0.000 total100=0.087
[train] 7:45:44<130:21:21, 0.050s/step step=  562000 episodes= 1170 eps=0.466 replay= 39936 loss=0.00018 ext100=0.000 total100=0.089
[train] 7:47:27<130:20:41, 0.050s/step step=  564000 episodes= 1175 eps=0.464 replay= 39936 loss=0.00011 ext100=0.000 total100=0.089
[train] 7:49:09<130:19:52, 0.050s/step step=  566000 episodes= 1179 eps=0.462 replay= 39936 loss=0.00010 ext100=0.000 total100=0.087
[train] 7:50:53<130:19:19, 0.050s/step step=  568000 episodes= 1183 eps=0.460 replay= 39936 loss=0.00009 ext100=0.000 total100=0.085
[train] 7:52:36<130:18:41, 0.050s/step step=  570000 episodes= 1187 eps=0.459 replay= 39936 loss=0.00023 ext100=0.000 total100=0.082
[train] 7:54:19<130:17:59, 0.050s/step step=  572000 episodes= 1191 eps=0.457 replay= 39936 loss=0.00009 ext100=0.000 total100=0.083
[train] 7:56:02<130:17:17, 0.050s/step step=  574000 episodes= 1195 eps=0.455 replay= 39936 loss=0.00008 ext100=0.000 total100=0.083
[train] 7:57:45<130:16:35, 0.050s/step step=  576000 episodes= 1200 eps=0.453 replay= 39936 loss=0.00009 ext100=0.000 total100=0.084
[train] 7:59:28<130:15:58, 0.050s/step step=  578000 episodes= 1204 eps=0.451 replay= 39936 loss=0.00016 ext100=0.000 total100=0.084
[eval] step=580000 episodes=1208 mean_ext_return=0.000
[train] 8:01:27<130:19:37, 0.050s/step step=  580000 episodes= 1208 eps=0.449 replay= 39936 loss=0.00008 ext100=0.000 total100=0.083
[train] 8:03:10<130:18:52, 0.050s/step step=  582000 episodes= 1212 eps=0.447 replay= 39936 loss=0.00009 ext100=0.000 total100=0.085
[train] 8:04:53<130:18:07, 0.050s/step step=  584000 episodes= 1216 eps=0.445 replay= 39936 loss=0.00008 ext100=0.000 total100=0.086
[train] 8:06:36<130:17:12, 0.050s/step step=  586000 episodes= 1220 eps=0.443 replay= 39936 loss=0.00019 ext100=0.000 total100=0.087
[train] 8:08:19<130:16:31, 0.050s/step step=  588000 episodes= 1225 eps=0.441 replay= 39936 loss=0.00010 ext100=0.000 total100=0.087
[train] 8:10:02<130:15:48, 0.050s/step step=  590000 episodes= 1229 eps=0.440 replay= 39936 loss=0.00010 ext100=0.000 total100=0.088
[train] 8:11:45<130:15:01, 0.050s/step step=  592000 episodes= 1233 eps=0.438 replay= 39936 loss=0.00008 ext100=0.000 total100=0.088
[train] 8:13:28<130:14:15, 0.050s/step step=  594000 episodes= 1237 eps=0.436 replay= 39936 loss=0.00018 ext100=0.000 total100=0.090
[train] 8:15:11<130:13:31, 0.050s/step step=  596000 episodes= 1241 eps=0.434 replay= 39936 loss=0.00009 ext100=0.000 total100=0.088
[train] 8:16:55<130:12:50, 0.050s/step step=  598000 episodes= 1245 eps=0.432 replay= 39936 loss=0.00009 ext100=0.000 total100=0.089
[eval] step=600000 episodes=1250 mean_ext_return=0.000
[train] 8:18:54<130:16:15, 0.050s/step step=  600000 episodes= 1250 eps=0.430 replay= 39936 loss=0.00009 ext100=0.000 total100=0.090
[train] 8:20:37<130:15:30, 0.050s/step step=  602000 episodes= 1254 eps=0.428 replay= 39936 loss=0.00021 ext100=0.000 total100=0.089
[train] 8:22:20<130:14:40, 0.050s/step step=  604000 episodes= 1258 eps=0.426 replay= 39936 loss=0.00009 ext100=0.000 total100=0.088
[train] 8:24:03<130:13:43, 0.050s/step step=  606000 episodes= 1262 eps=0.424 replay= 39936 loss=0.00009 ext100=0.000 total100=0.088
[train] 8:25:46<130:12:59, 0.050s/step step=  608000 episodes= 1266 eps=0.422 replay= 39936 loss=0.00007 ext100=0.000 total100=0.087
[train] 8:27:30<130:12:12, 0.050s/step step=  610000 episodes= 1270 eps=0.420 replay= 39936 loss=0.00019 ext100=0.000 total100=0.085
[train] 8:29:13<130:11:21, 0.050s/step step=  612000 episodes= 1275 eps=0.419 replay= 39936 loss=0.00009 ext100=0.000 total100=0.086
[train] 8:30:56<130:10:30, 0.050s/step step=  614000 episodes= 1279 eps=0.417 replay= 39936 loss=0.00008 ext100=0.000 total100=0.088
[train] 8:32:39<130:09:38, 0.050s/step step=  616000 episodes= 1283 eps=0.415 replay= 39936 loss=0.00008 ext100=0.000 total100=0.089
[train] 8:34:22<130:08:55, 0.050s/step step=  618000 episodes= 1287 eps=0.413 replay= 39936 loss=0.00025 ext100=0.000 total100=0.093
[eval] step=620000 episodes=1291 mean_ext_return=0.000
[train] 8:36:22<130:12:08, 0.050s/step step=  620000 episodes= 1291 eps=0.411 replay= 39936 loss=0.00009 ext100=0.000 total100=0.091
[train] 8:38:05<130:11:19, 0.050s/step step=  622000 episodes= 1295 eps=0.409 replay= 39936 loss=0.00009 ext100=0.000 total100=0.092
[train] 8:39:48<130:10:27, 0.050s/step step=  624000 episodes= 1300 eps=0.407 replay= 39936 loss=0.00008 ext100=0.000 total100=0.092
[train] 8:41:31<130:09:27, 0.050s/step step=  626000 episodes= 1304 eps=0.405 replay= 39936 loss=0.00030 ext100=0.000 total100=0.092
[train] 8:43:14<130:08:37, 0.050s/step step=  628000 episodes= 1308 eps=0.403 replay= 39936 loss=0.00011 ext100=0.000 total100=0.092
[train] 8:44:57<130:07:47, 0.050s/step step=  630000 episodes= 1312 eps=0.402 replay= 39936 loss=0.00009 ext100=0.000 total100=0.089
[train] 8:46:40<130:06:53, 0.050s/step step=  632000 episodes= 1316 eps=0.400 replay= 39936 loss=0.00008 ext100=0.000 total100=0.090
[train] 8:48:23<130:05:58, 0.050s/step step=  634000 episodes= 1320 eps=0.398 replay= 39936 loss=0.00028 ext100=0.000 total100=0.089
[train] 8:50:07<130:05:03, 0.050s/step step=  636000 episodes= 1325 eps=0.396 replay= 39936 loss=0.00014 ext100=0.000 total100=0.089
[train] 8:51:50<130:04:14, 0.050s/step step=  638000 episodes= 1329 eps=0.394 replay= 39936 loss=0.00009 ext100=0.000 total100=0.089
[eval] step=640000 episodes=1333 mean_ext_return=0.000
[train] 8:53:49<130:07:15, 0.050s/step step=  640000 episodes= 1333 eps=0.392 replay= 39936 loss=0.00010 ext100=0.000 total100=0.092
[train] 8:55:32<130:06:20, 0.050s/step step=  642000 episodes= 1337 eps=0.390 replay= 39936 loss=0.00029 ext100=0.000 total100=0.090
[train] 8:57:15<130:05:22, 0.050s/step step=  644000 episodes= 1341 eps=0.388 replay= 39936 loss=0.00011 ext100=0.000 total100=0.092
[train] 8:58:58<130:04:19, 0.050s/step step=  646000 episodes= 1345 eps=0.386 replay= 39936 loss=0.00008 ext100=0.000 total100=0.091
[train] 9:00:41<130:03:25, 0.050s/step step=  648000 episodes= 1350 eps=0.384 replay= 39936 loss=0.00011 ext100=0.000 total100=0.093
[train] 9:02:25<130:02:31, 0.050s/step step=  650000 episodes= 1354 eps=0.383 replay= 39936 loss=0.00029 ext100=0.000 total100=0.094
[train] 9:04:08<130:01:33, 0.050s/step step=  652000 episodes= 1358 eps=0.381 replay= 39936 loss=0.00010 ext100=0.000 total100=0.092
[train] 9:05:51<130:00:35, 0.050s/step step=  654000 episodes= 1362 eps=0.379 replay= 39936 loss=0.00009 ext100=0.000 total100=0.094
[train] 9:07:34<129:59:39, 0.050s/step step=  656000 episodes= 1366 eps=0.377 replay= 39936 loss=0.00008 ext100=0.000 total100=0.095
[train] 9:09:18<129:58:47, 0.050s/step step=  658000 episodes= 1370 eps=0.375 replay= 39936 loss=0.00031 ext100=0.000 total100=0.096
[eval] step=660000 episodes=1375 mean_ext_return=0.000
[train] 9:11:17<130:01:37, 0.050s/step step=  660000 episodes= 1375 eps=0.373 replay= 39936 loss=0.00011 ext100=0.000 total100=0.096
[train] 9:13:00<130:00:37, 0.050s/step step=  662000 episodes= 1379 eps=0.371 replay= 39936 loss=0.00010 ext100=0.000 total100=0.098
[train] 9:14:43<129:59:36, 0.050s/step step=  664000 episodes= 1383 eps=0.369 replay= 39936 loss=0.00008 ext100=0.000 total100=0.099
[train] 9:16:26<129:58:30, 0.050s/step step=  666000 episodes= 1387 eps=0.367 replay= 39936 loss=0.00030 ext100=0.000 total100=0.095
[train] 9:18:09<129:57:33, 0.050s/step step=  668000 episodes= 1391 eps=0.365 replay= 39936 loss=0.00011 ext100=0.000 total100=0.095
[train] 9:19:53<129:56:35, 0.050s/step step=  670000 episodes= 1395 eps=0.364 replay= 39936 loss=0.00010 ext100=0.000 total100=0.093
[train] 9:21:36<129:55:35, 0.050s/step step=  672000 episodes= 1400 eps=0.362 replay= 39936 loss=0.00009 ext100=0.000 total100=0.092
[train] 9:23:19<129:54:33, 0.050s/step step=  674000 episodes= 1404 eps=0.360 replay= 39936 loss=0.00032 ext100=0.000 total100=0.092
[train] 9:25:02<129:53:31, 0.050s/step step=  676000 episodes= 1408 eps=0.358 replay= 39936 loss=0.00012 ext100=0.000 total100=0.093
[train] 9:26:45<129:52:37, 0.050s/step step=  678000 episodes= 1412 eps=0.356 replay= 39936 loss=0.00009 ext100=0.000 total100=0.092
[eval] step=680000 episodes=1416 mean_ext_return=0.000
[train] 9:28:45<129:55:16, 0.050s/step step=  680000 episodes= 1416 eps=0.354 replay= 39936 loss=0.00008 ext100=0.000 total100=0.089
[train] 9:30:28<129:54:13, 0.050s/step step=  682000 episodes= 1420 eps=0.352 replay= 39936 loss=0.00029 ext100=0.000 total100=0.087
[train] 9:32:11<129:53:09, 0.050s/step step=  684000 episodes= 1425 eps=0.350 replay= 39936 loss=0.00012 ext100=0.000 total100=0.084
[train] 9:33:54<129:52:01, 0.050s/step step=  686000 episodes= 1429 eps=0.348 replay= 39936 loss=0.00009 ext100=0.000 total100=0.082
[train] 9:35:37<129:51:01, 0.050s/step step=  688000 episodes= 1433 eps=0.346 replay= 39936 loss=0.00009 ext100=0.000 total100=0.081
[train] 9:37:20<129:50:01, 0.050s/step step=  690000 episodes= 1437 eps=0.345 replay= 39936 loss=0.00032 ext100=0.000 total100=0.081
[train] 9:39:04<129:48:57, 0.050s/step step=  692000 episodes= 1441 eps=0.343 replay= 39936 loss=0.00011 ext100=0.000 total100=0.078
[train] 9:40:47<129:47:51, 0.050s/step step=  694000 episodes= 1445 eps=0.341 replay= 39936 loss=0.00008 ext100=0.000 total100=0.075
[train] 9:42:30<129:46:47, 0.050s/step step=  696000 episodes= 1450 eps=0.339 replay= 39936 loss=0.00011 ext100=0.000 total100=0.070
[train] 9:44:13<129:45:50, 0.050s/step step=  698000 episodes= 1454 eps=0.337 replay= 39936 loss=0.00037 ext100=0.000 total100=0.070
[eval] step=700000 episodes=1458 mean_ext_return=0.000
[train] 9:46:13<129:48:20, 0.050s/step step=  700000 episodes= 1458 eps=0.335 replay= 39936 loss=0.00011 ext100=0.000 total100=0.074
[train] 9:47:56<129:47:16, 0.050s/step step=  702000 episodes= 1462 eps=0.333 replay= 39936 loss=0.00008 ext100=0.000 total100=0.072
[train] 9:49:39<129:46:09, 0.050s/step step=  704000 episodes= 1466 eps=0.331 replay= 39936 loss=0.00006 ext100=0.000 total100=0.071
[train] 9:51:22<129:44:57, 0.050s/step step=  706000 episodes= 1470 eps=0.329 replay= 39936 loss=0.00034 ext100=0.000 total100=0.071
[train] 9:53:05<129:43:54, 0.050s/step step=  708000 episodes= 1475 eps=0.327 replay= 39936 loss=0.00011 ext100=0.000 total100=0.071
[train] 9:54:48<129:42:52, 0.050s/step step=  710000 episodes= 1479 eps=0.326 replay= 39936 loss=0.00009 ext100=0.000 total100=0.067
[train] 9:56:32<129:41:48, 0.050s/step step=  712000 episodes= 1483 eps=0.324 replay= 39936 loss=0.00009 ext100=0.000 total100=0.067
[train] 9:58:15<129:40:42, 0.050s/step step=  714000 episodes= 1487 eps=0.322 replay= 39936 loss=0.00036 ext100=0.000 total100=0.068
[train] 9:59:58<129:39:35, 0.050s/step step=  716000 episodes= 1491 eps=0.320 replay= 39936 loss=0.00009 ext100=0.000 total100=0.068
[train] 10:01:42<129:38:34, 0.050s/step step=  718000 episodes= 1495 eps=0.318 replay= 39936 loss=0.00007 ext100=0.000 total100=0.071
[eval] step=720000 episodes=1500 mean_ext_return=0.000
[train] 10:03:41<129:40:56, 0.050s/step step=  720000 episodes= 1500 eps=0.316 replay= 39936 loss=0.00009 ext100=0.000 total100=0.069
[train] 10:05:24<129:39:48, 0.050s/step step=  722000 episodes= 1504 eps=0.314 replay= 39936 loss=0.00036 ext100=0.000 total100=0.069
[train] 10:07:07<129:38:39, 0.050s/step step=  724000 episodes= 1508 eps=0.312 replay= 39936 loss=0.00010 ext100=0.000 total100=0.070
[train] 10:08:50<129:37:27, 0.050s/step step=  726000 episodes= 1512 eps=0.310 replay= 39936 loss=0.00010 ext100=0.000 total100=0.072
[train] 10:10:34<129:36:21, 0.050s/step step=  728000 episodes= 1516 eps=0.308 replay= 39936 loss=0.00009 ext100=0.000 total100=0.074
[train] 10:12:17<129:35:17, 0.050s/step step=  730000 episodes= 1520 eps=0.306 replay= 39936 loss=0.00035 ext100=0.000 total100=0.077
[train] 10:14:00<129:34:09, 0.050s/step step=  732000 episodes= 1525 eps=0.305 replay= 39936 loss=0.00011 ext100=0.000 total100=0.081
[train] 10:15:44<129:33:01, 0.050s/step step=  734000 episodes= 1529 eps=0.303 replay= 39936 loss=0.00009 ext100=0.000 total100=0.083
[train] 10:17:27<129:31:54, 0.050s/step step=  736000 episodes= 1533 eps=0.301 replay= 39936 loss=0.00008 ext100=0.000 total100=0.082
[train] 10:19:11<129:30:50, 0.050s/step step=  738000 episodes= 1537 eps=0.299 replay= 39936 loss=0.00035 ext100=0.000 total100=0.082
[eval] step=740000 episodes=1541 mean_ext_return=0.000
[train] 10:21:10<129:33:04, 0.050s/step step=  740000 episodes= 1541 eps=0.297 replay= 39936 loss=0.00011 ext100=0.000 total100=0.084
[train] 10:22:53<129:31:55, 0.050s/step step=  742000 episodes= 1545 eps=0.295 replay= 39936 loss=0.00008 ext100=0.000 total100=0.084
[train] 10:24:36<129:30:44, 0.050s/step step=  744000 episodes= 1550 eps=0.293 replay= 39936 loss=0.00006 ext100=0.000 total100=0.085
[train] 10:26:19<129:29:31, 0.050s/step step=  746000 episodes= 1554 eps=0.291 replay= 39936 loss=0.00036 ext100=0.000 total100=0.081
[train] 10:28:03<129:28:23, 0.050s/step step=  748000 episodes= 1558 eps=0.289 replay= 39936 loss=0.00011 ext100=0.000 total100=0.076
[train] 10:29:46<129:27:18, 0.050s/step step=  750000 episodes= 1562 eps=0.288 replay= 39936 loss=0.00008 ext100=0.000 total100=0.075
[train] 10:31:30<129:26:09, 0.050s/step step=  752000 episodes= 1566 eps=0.286 replay= 39936 loss=0.00009 ext100=0.000 total100=0.079
[train] 10:33:13<129:24:59, 0.050s/step step=  754000 episodes= 1570 eps=0.284 replay= 39936 loss=0.00032 ext100=0.000 total100=0.079
[train] 10:34:56<129:23:49, 0.050s/step step=  756000 episodes= 1575 eps=0.282 replay= 39936 loss=0.00012 ext100=0.000 total100=0.078
[train] 10:36:40<129:22:43, 0.050s/step step=  758000 episodes= 1579 eps=0.280 replay= 39936 loss=0.00009 ext100=0.000 total100=0.081
[eval] step=760000 episodes=1583 mean_ext_return=0.000
[train] 10:38:40<129:24:50, 0.050s/step step=  760000 episodes= 1583 eps=0.278 replay= 39936 loss=0.00007 ext100=0.000 total100=0.083
[train] 10:40:23<129:23:38, 0.050s/step step=  762000 episodes= 1587 eps=0.276 replay= 39936 loss=0.00043 ext100=0.000 total100=0.087
[train] 10:42:06<129:22:24, 0.050s/step step=  764000 episodes= 1591 eps=0.274 replay= 39936 loss=0.00010 ext100=0.000 total100=0.087
[train] 10:43:49<129:21:08, 0.050s/step step=  766000 episodes= 1595 eps=0.272 replay= 39936 loss=0.00008 ext100=0.000 total100=0.087
[train] 10:45:32<129:19:58, 0.050s/step step=  768000 episodes= 1600 eps=0.270 replay= 39936 loss=0.00009 ext100=0.000 total100=0.085
[train] 10:47:16<129:18:50, 0.050s/step step=  770000 episodes= 1604 eps=0.269 replay= 39936 loss=0.00040 ext100=0.000 total100=0.084
[train] 10:48:59<129:17:38, 0.050s/step step=  772000 episodes= 1608 eps=0.267 replay= 39936 loss=0.00011 ext100=0.000 total100=0.081
[train] 10:50:42<129:16:26, 0.050s/step step=  774000 episodes= 1612 eps=0.265 replay= 39936 loss=0.00007 ext100=0.000 total100=0.082
[train] 10:52:26<129:15:12, 0.050s/step step=  776000 episodes= 1616 eps=0.263 replay= 39936 loss=0.00007 ext100=0.000 total100=0.081
[train] 10:54:09<129:14:05, 0.050s/step step=  778000 episodes= 1620 eps=0.261 replay= 39936 loss=0.00037 ext100=0.000 total100=0.083
[eval] step=780000 episodes=1625 mean_ext_return=0.000
[train] 10:56:09<129:16:03, 0.050s/step step=  780000 episodes= 1625 eps=0.259 replay= 39936 loss=0.00011 ext100=0.000 total100=0.083
[train] 10:57:52<129:14:51, 0.050s/step step=  782000 episodes= 1629 eps=0.257 replay= 39936 loss=0.00010 ext100=0.000 total100=0.082
[train] 10:59:35<129:13:37, 0.050s/step step=  784000 episodes= 1633 eps=0.255 replay= 39936 loss=0.00008 ext100=0.000 total100=0.083
[train] 11:01:18<129:12:20, 0.050s/step step=  786000 episodes= 1637 eps=0.253 replay= 39936 loss=0.00034 ext100=0.000 total100=0.085
[train] 11:03:02<129:11:07, 0.050s/step step=  788000 episodes= 1641 eps=0.251 replay= 39936 loss=0.00009 ext100=0.000 total100=0.089
[train] 11:04:45<129:09:58, 0.050s/step step=  790000 episodes= 1645 eps=0.250 replay= 39936 loss=0.00009 ext100=0.000 total100=0.089
[train] 11:06:29<129:08:43, 0.050s/step step=  792000 episodes= 1650 eps=0.248 replay= 39936 loss=0.00009 ext100=0.000 total100=0.093
[train] 11:08:12<129:07:29, 0.050s/step step=  794000 episodes= 1654 eps=0.246 replay= 39936 loss=0.00031 ext100=0.000 total100=0.096
[train] 11:09:55<129:06:14, 0.050s/step step=  796000 episodes= 1658 eps=0.244 replay= 39936 loss=0.00009 ext100=0.000 total100=0.099
[train] 11:11:39<129:05:04, 0.051s/step step=  798000 episodes= 1662 eps=0.242 replay= 39936 loss=0.00007 ext100=0.000 total100=0.100
[eval] step=800000 episodes=1666 mean_ext_return=0.000
[train] 11:13:38<129:06:55, 0.051s/step step=  800000 episodes= 1666 eps=0.240 replay= 39936 loss=0.00008 ext100=0.000 total100=0.100
[train] 11:15:22<129:05:42, 0.051s/step step=  802000 episodes= 1670 eps=0.238 replay= 39936 loss=0.00028 ext100=0.000 total100=0.101
[train] 11:17:05<129:04:24, 0.051s/step step=  804000 episodes= 1675 eps=0.236 replay= 39936 loss=0.00009 ext100=0.000 total100=0.102
[train] 11:18:48<129:03:05, 0.051s/step step=  806000 episodes= 1679 eps=0.234 replay= 39936 loss=0.00010 ext100=0.000 total100=0.101
[train] 11:20:31<129:01:51, 0.051s/step step=  808000 episodes= 1683 eps=0.232 replay= 39936 loss=0.00007 ext100=0.000 total100=0.101
[train] 11:22:15<129:00:41, 0.051s/step step=  810000 episodes= 1687 eps=0.231 replay= 39936 loss=0.00029 ext100=0.000 total100=0.096
[train] 11:23:58<128:59:24, 0.051s/step step=  812000 episodes= 1691 eps=0.229 replay= 39936 loss=0.00009 ext100=0.000 total100=0.100
[train] 11:25:42<128:58:08, 0.051s/step step=  814000 episodes= 1695 eps=0.227 replay= 39936 loss=0.00007 ext100=0.000 total100=0.101
[train] 11:27:25<128:56:53, 0.051s/step step=  816000 episodes= 1700 eps=0.225 replay= 39936 loss=0.00008 ext100=0.000 total100=0.102
[train] 11:29:09<128:55:44, 0.051s/step step=  818000 episodes= 1704 eps=0.223 replay= 39936 loss=0.00030 ext100=0.000 total100=0.100
[eval] step=820000 episodes=1708 mean_ext_return=0.000
[train] 11:31:08<128:57:28, 0.051s/step step=  820000 episodes= 1708 eps=0.221 replay= 39936 loss=0.00009 ext100=0.000 total100=0.104
[train] 11:32:52<128:56:13, 0.051s/step step=  822000 episodes= 1712 eps=0.219 replay= 39936 loss=0.00007 ext100=0.000 total100=0.102
[train] 11:34:35<128:54:54, 0.051s/step step=  824000 episodes= 1716 eps=0.217 replay= 39936 loss=0.00009 ext100=0.000 total100=0.101
[train] 11:36:18<128:53:34, 0.051s/step step=  826000 episodes= 1720 eps=0.215 replay= 39936 loss=0.00030 ext100=0.000 total100=0.098
[train] 11:38:01<128:52:18, 0.051s/step step=  828000 episodes= 1725 eps=0.213 replay= 39936 loss=0.00008 ext100=0.000 total100=0.097
[train] 11:39:45<128:51:07, 0.051s/step step=  830000 episodes= 1729 eps=0.212 replay= 39936 loss=0.00007 ext100=0.000 total100=0.097
[train] 11:41:29<128:49:50, 0.051s/step step=  832000 episodes= 1733 eps=0.210 replay= 39936 loss=0.00006 ext100=0.000 total100=0.096
[train] 11:43:12<128:48:32, 0.051s/step step=  834000 episodes= 1737 eps=0.208 replay= 39936 loss=0.00028 ext100=0.000 total100=0.095
[train] 11:44:55<128:47:15, 0.051s/step step=  836000 episodes= 1741 eps=0.206 replay= 39936 loss=0.00010 ext100=0.000 total100=0.094
[train] 11:46:39<128:46:04, 0.051s/step step=  838000 episodes= 1745 eps=0.204 replay= 39936 loss=0.00007 ext100=0.000 total100=0.097
[eval] step=840000 episodes=1750 mean_ext_return=0.000
[train] 11:48:39<128:47:45, 0.051s/step step=  840000 episodes= 1750 eps=0.202 replay= 39936 loss=0.00008 ext100=0.000 total100=0.098
[train] 11:50:22<128:46:27, 0.051s/step step=  842000 episodes= 1754 eps=0.200 replay= 39936 loss=0.00028 ext100=0.000 total100=0.096
[train] 11:52:06<128:45:07, 0.051s/step step=  844000 episodes= 1758 eps=0.198 replay= 39936 loss=0.00007 ext100=0.000 total100=0.099
[train] 11:53:49<128:43:46, 0.051s/step step=  846000 episodes= 1762 eps=0.196 replay= 39936 loss=0.00007 ext100=0.000 total100=0.100
[train] 11:55:32<128:42:27, 0.051s/step step=  848000 episodes= 1766 eps=0.194 replay= 39936 loss=0.00006 ext100=0.000 total100=0.099
[train] 11:57:16<128:41:14, 0.051s/step step=  850000 episodes= 1770 eps=0.193 replay= 39936 loss=0.00025 ext100=0.000 total100=0.098
[train] 11:58:59<128:39:56, 0.051s/step step=  852000 episodes= 1775 eps=0.191 replay= 39936 loss=0.00010 ext100=0.000 total100=0.096
[train] 12:00:43<128:38:37, 0.051s/step step=  854000 episodes= 1779 eps=0.189 replay= 39936 loss=0.00007 ext100=0.000 total100=0.097
[train] 12:02:26<128:37:19, 0.051s/step step=  856000 episodes= 1783 eps=0.187 replay= 39936 loss=0.00006 ext100=0.000 total100=0.098
[train] 12:04:10<128:36:04, 0.051s/step step=  858000 episodes= 1787 eps=0.185 replay= 39936 loss=0.00026 ext100=0.000 total100=0.100
[eval] step=860000 episodes=1791 mean_ext_return=0.000
[train] 12:06:09<128:37:36, 0.051s/step step=  860000 episodes= 1791 eps=0.183 replay= 39936 loss=0.00009 ext100=0.000 total100=0.095
[train] 12:07:53<128:36:16, 0.051s/step step=  862000 episodes= 1795 eps=0.181 replay= 39936 loss=0.00005 ext100=0.000 total100=0.092
[train] 12:09:36<128:34:54, 0.051s/step step=  864000 episodes= 1800 eps=0.179 replay= 39936 loss=0.00007 ext100=0.000 total100=0.094
[train] 12:11:19<128:33:34, 0.051s/step step=  866000 episodes= 1804 eps=0.177 replay= 39936 loss=0.00019 ext100=0.000 total100=0.097
[train] 12:13:03<128:32:15, 0.051s/step step=  868000 episodes= 1808 eps=0.175 replay= 39936 loss=0.00008 ext100=0.000 total100=0.096
[train] 12:14:47<128:31:00, 0.051s/step step=  870000 episodes= 1812 eps=0.173 replay= 39936 loss=0.00008 ext100=0.000 total100=0.099
[train] 12:16:30<128:29:41, 0.051s/step step=  872000 episodes= 1816 eps=0.172 replay= 39936 loss=0.00007 ext100=0.000 total100=0.103
[train] 12:18:13<128:28:22, 0.051s/step step=  874000 episodes= 1820 eps=0.170 replay= 39936 loss=0.00017 ext100=0.000 total100=0.102
[train] 12:19:57<128:27:03, 0.051s/step step=  876000 episodes= 1825 eps=0.168 replay= 39936 loss=0.00008 ext100=0.000 total100=0.098
[train] 12:21:41<128:25:48, 0.051s/step step=  878000 episodes= 1829 eps=0.166 replay= 39936 loss=0.00006 ext100=0.000 total100=0.098
[eval] step=880000 episodes=1833 mean_ext_return=0.000
[train] 12:23:40<128:27:14, 0.051s/step step=  880000 episodes= 1833 eps=0.164 replay= 39936 loss=0.00007 ext100=0.000 total100=0.099
[train] 12:25:24<128:25:53, 0.051s/step step=  882000 episodes= 1837 eps=0.162 replay= 39936 loss=0.00025 ext100=0.000 total100=0.099
[train] 12:27:07<128:24:30, 0.051s/step step=  884000 episodes= 1841 eps=0.160 replay= 39936 loss=0.00006 ext100=0.000 total100=0.096
[train] 12:28:50<128:23:07, 0.051s/step step=  886000 episodes= 1845 eps=0.158 replay= 39936 loss=0.00005 ext100=0.000 total100=0.097
[train] 12:30:34<128:21:47, 0.051s/step step=  888000 episodes= 1850 eps=0.156 replay= 39936 loss=0.00008 ext100=0.000 total100=0.095
[train] 12:32:18<128:20:32, 0.051s/step step=  890000 episodes= 1854 eps=0.155 replay= 39936 loss=0.00025 ext100=0.000 total100=0.097
[train] 12:34:01<128:19:11, 0.051s/step step=  892000 episodes= 1858 eps=0.153 replay= 39936 loss=0.00007 ext100=0.000 total100=0.095
[train] 12:35:45<128:17:50, 0.051s/step step=  894000 episodes= 1862 eps=0.151 replay= 39936 loss=0.00005 ext100=0.000 total100=0.093
[train] 12:37:28<128:16:29, 0.051s/step step=  896000 episodes= 1866 eps=0.149 replay= 39936 loss=0.00006 ext100=0.000 total100=0.091
[train] 12:39:12<128:15:14, 0.051s/step step=  898000 episodes= 1870 eps=0.147 replay= 39936 loss=0.00018 ext100=0.000 total100=0.090
[eval] step=900000 episodes=1875 mean_ext_return=0.000
[train] 12:41:12<128:16:36, 0.051s/step step=  900000 episodes= 1875 eps=0.145 replay= 39936 loss=0.00010 ext100=0.000 total100=0.093
[train] 12:42:55<128:15:14, 0.051s/step step=  902000 episodes= 1879 eps=0.143 replay= 39936 loss=0.00007 ext100=0.000 total100=0.093
[train] 12:44:38<128:13:50, 0.051s/step step=  904000 episodes= 1883 eps=0.141 replay= 39936 loss=0.00006 ext100=0.000 total100=0.091
[train] 12:46:22<128:12:28, 0.051s/step step=  906000 episodes= 1887 eps=0.139 replay= 39936 loss=0.00018 ext100=0.000 total100=0.088
[train] 12:48:05<128:11:06, 0.051s/step step=  908000 episodes= 1891 eps=0.137 replay= 39936 loss=0.00007 ext100=0.000 total100=0.091
[train] 12:49:49<128:09:49, 0.051s/step step=  910000 episodes= 1895 eps=0.136 replay= 39936 loss=0.00005 ext100=0.000 total100=0.089
[train] 12:51:33<128:08:28, 0.051s/step step=  912000 episodes= 1900 eps=0.134 replay= 39936 loss=0.00007 ext100=0.000 total100=0.087
[train] 12:53:16<128:07:06, 0.051s/step step=  914000 episodes= 1904 eps=0.132 replay= 39936 loss=0.00018 ext100=0.000 total100=0.086
[train] 12:55:00<128:05:44, 0.051s/step step=  916000 episodes= 1908 eps=0.130 replay= 39936 loss=0.00005 ext100=0.000 total100=0.085
[train] 12:56:44<128:04:26, 0.051s/step step=  918000 episodes= 1912 eps=0.128 replay= 39936 loss=0.00005 ext100=0.000 total100=0.081
[eval] step=920000 episodes=1916 mean_ext_return=0.000
[train] 12:58:43<128:05:42, 0.051s/step step=  920000 episodes= 1916 eps=0.126 replay= 39936 loss=0.00005 ext100=0.000 total100=0.078
[train] 13:00:27<128:04:21, 0.051s/step step=  922000 episodes= 1920 eps=0.124 replay= 39936 loss=0.00017 ext100=0.000 total100=0.080
[train] 13:02:10<128:02:54, 0.051s/step step=  924000 episodes= 1925 eps=0.122 replay= 39936 loss=0.00007 ext100=0.000 total100=0.083
[train] 13:03:53<128:01:30, 0.051s/step step=  926000 episodes= 1929 eps=0.120 replay= 39936 loss=0.00007 ext100=0.000 total100=0.083
[train] 13:05:37<128:00:07, 0.051s/step step=  928000 episodes= 1933 eps=0.118 replay= 39936 loss=0.00005 ext100=0.000 total100=0.085
[train] 13:07:21<127:58:50, 0.051s/step step=  930000 episodes= 1937 eps=0.117 replay= 39936 loss=0.00014 ext100=0.000 total100=0.085
[train] 13:09:04<127:57:27, 0.051s/step step=  932000 episodes= 1941 eps=0.115 replay= 39936 loss=0.00006 ext100=0.000 total100=0.085
[train] 13:10:48<127:56:03, 0.051s/step step=  934000 episodes= 1945 eps=0.113 replay= 39936 loss=0.00006 ext100=0.000 total100=0.082
[train] 13:12:31<127:54:40, 0.051s/step step=  936000 episodes= 1950 eps=0.111 replay= 39936 loss=0.00011 ext100=0.000 total100=0.082
[train] 13:14:15<127:53:21, 0.051s/step step=  938000 episodes= 1954 eps=0.109 replay= 39936 loss=0.00010 ext100=0.000 total100=0.079
[eval] step=940000 episodes=1958 mean_ext_return=0.000
[train] 13:16:15<127:54:33, 0.051s/step step=  940000 episodes= 1958 eps=0.107 replay= 39936 loss=0.00006 ext100=0.000 total100=0.079
[train] 13:17:58<127:53:10, 0.051s/step step=  942000 episodes= 1962 eps=0.105 replay= 39936 loss=0.00004 ext100=0.000 total100=0.080
[train] 13:19:42<127:51:43, 0.051s/step step=  944000 episodes= 1966 eps=0.103 replay= 39936 loss=0.00006 ext100=0.000 total100=0.081
[train] 13:21:25<127:50:18, 0.051s/step step=  946000 episodes= 1970 eps=0.101 replay= 39936 loss=0.00014 ext100=0.000 total100=0.082
[train] 13:23:08<127:48:52, 0.051s/step step=  948000 episodes= 1975 eps=0.099 replay= 39936 loss=0.00005 ext100=0.000 total100=0.083
[train] 13:24:52<127:47:32, 0.051s/step step=  950000 episodes= 1979 eps=0.098 replay= 39936 loss=0.00007 ext100=0.000 total100=0.082
[train] 13:26:36<127:46:09, 0.051s/step step=  952000 episodes= 1983 eps=0.096 replay= 39936 loss=0.00004 ext100=0.000 total100=0.083
[train] 13:28:20<127:44:46, 0.051s/step step=  954000 episodes= 1987 eps=0.094 replay= 39936 loss=0.00013 ext100=0.000 total100=0.086
[train] 13:30:03<127:43:23, 0.051s/step step=  956000 episodes= 1991 eps=0.092 replay= 39936 loss=0.00004 ext100=0.000 total100=0.085
[train] 13:31:47<127:42:02, 0.051s/step step=  958000 episodes= 1995 eps=0.090 replay= 39936 loss=0.00004 ext100=0.000 total100=0.086
[eval] step=960000 episodes=2000 mean_ext_return=0.000
[train] 13:33:47<127:43:10, 0.051s/step step=  960000 episodes= 2000 eps=0.088 replay= 39936 loss=0.00010 ext100=0.000 total100=0.086
[train] 13:35:30<127:41:45, 0.051s/step step=  962000 episodes= 2004 eps=0.086 replay= 39936 loss=0.00010 ext100=0.000 total100=0.090
[train] 13:37:14<127:40:18, 0.051s/step step=  964000 episodes= 2008 eps=0.084 replay= 39936 loss=0.00004 ext100=0.000 total100=0.088
[train] 13:38:57<127:38:52, 0.051s/step step=  966000 episodes= 2012 eps=0.082 replay= 39936 loss=0.00004 ext100=0.000 total100=0.089
[train] 13:40:41<127:37:27, 0.051s/step step=  968000 episodes= 2016 eps=0.080 replay= 39936 loss=0.00004 ext100=0.000 total100=0.087
[train] 13:42:24<127:36:06, 0.051s/step step=  970000 episodes= 2020 eps=0.079 replay= 39936 loss=0.00011 ext100=0.000 total100=0.086
[train] 13:44:08<127:34:42, 0.051s/step step=  972000 episodes= 2025 eps=0.077 replay= 39936 loss=0.00006 ext100=0.000 total100=0.087
[train] 13:45:52<127:33:17, 0.051s/step step=  974000 episodes= 2029 eps=0.075 replay= 39936 loss=0.00005 ext100=0.000 total100=0.087
[train] 13:47:35<127:31:53, 0.051s/step step=  976000 episodes= 2033 eps=0.073 replay= 39936 loss=0.00005 ext100=0.000 total100=0.088
[train] 13:49:19<127:30:31, 0.051s/step step=  978000 episodes= 2037 eps=0.071 replay= 39936 loss=0.00012 ext100=0.000 total100=0.085
[eval] step=980000 episodes=2041 mean_ext_return=0.000
[train] 13:51:19<127:31:35, 0.051s/step step=  980000 episodes= 2041 eps=0.069 replay= 39936 loss=0.00004 ext100=0.000 total100=0.085
[train] 13:53:03<127:30:09, 0.051s/step step=  982000 episodes= 2045 eps=0.067 replay= 39936 loss=0.00005 ext100=0.000 total100=0.085
[train] 13:54:46<127:28:39, 0.051s/step step=  984000 episodes= 2050 eps=0.065 replay= 39936 loss=0.00005 ext100=0.000 total100=0.084
[train] 13:56:29<127:27:12, 0.051s/step step=  986000 episodes= 2054 eps=0.063 replay= 39936 loss=0.00009 ext100=0.000 total100=0.087
[train] 13:58:13<127:25:46, 0.051s/step step=  988000 episodes= 2058 eps=0.061 replay= 39936 loss=0.00004 ext100=0.000 total100=0.085
[train] 13:59:57<127:24:24, 0.051s/step step=  990000 episodes= 2062 eps=0.059 replay= 39936 loss=0.00007 ext100=0.000 total100=0.086
[train] 14:01:40<127:22:58, 0.051s/step step=  992000 episodes= 2066 eps=0.058 replay= 39936 loss=0.00005 ext100=0.000 total100=0.087
[train] 14:03:24<127:21:31, 0.051s/step step=  994000 episodes= 2070 eps=0.056 replay= 39936 loss=0.00009 ext100=0.000 total100=0.088
[train] 14:05:07<127:20:05, 0.051s/step step=  996000 episodes= 2075 eps=0.054 replay= 39936 loss=0.00006 ext100=0.000 total100=0.087
[train] 14:06:51<127:18:43, 0.051s/step step=  998000 episodes= 2079 eps=0.052 replay= 39936 loss=0.00005 ext100=0.000 total100=0.087
[eval] step=1000000 episodes=2083 mean_ext_return=0.000
[train] 14:08:51<127:19:43, 0.051s/step step= 1000000 episodes= 2083 eps=0.050 replay= 39936 loss=0.00003 ext100=0.000 total100=0.084
[train] 14:10:35<127:18:17, 0.051s/step step= 1002000 episodes= 2087 eps=0.050 replay= 39936 loss=0.00007 ext100=0.000 total100=0.084
[train] 14:12:18<127:16:47, 0.051s/step step= 1004000 episodes= 2091 eps=0.050 replay= 39936 loss=0.00004 ext100=0.000 total100=0.086
[train] 14:14:01<127:15:19, 0.051s/step step= 1006000 episodes= 2095 eps=0.050 replay= 39936 loss=0.00005 ext100=0.000 total100=0.088
[train] 14:15:45<127:13:53, 0.051s/step step= 1008000 episodes= 2100 eps=0.050 replay= 39936 loss=0.00005 ext100=0.000 total100=0.089
[train] 14:17:29<127:12:29, 0.051s/step step= 1010000 episodes= 2104 eps=0.050 replay= 39936 loss=0.00009 ext100=0.000 total100=0.085
[train] 14:19:13<127:11:04, 0.051s/step step= 1012000 episodes= 2108 eps=0.050 replay= 39936 loss=0.00003 ext100=0.000 total100=0.088
[train] 14:20:56<127:09:37, 0.051s/step step= 1014000 episodes= 2112 eps=0.050 replay= 39936 loss=0.00003 ext100=0.000 total100=0.089
[train] 14:22:40<127:08:11, 0.051s/step step= 1016000 episodes= 2116 eps=0.050 replay= 39936 loss=0.00004 ext100=0.000 total100=0.091
[train] 14:24:24<127:06:48, 0.051s/step step= 1018000 episodes= 2120 eps=0.050 replay= 39936 loss=0.00005 ext100=0.000 total100=0.092
[eval] step=1020000 episodes=2125 mean_ext_return=0.000
[train] 14:26:24<127:07:43, 0.051s/step step= 1020000 episodes= 2125 eps=0.050 replay= 39936 loss=0.00003 ext100=0.000 total100=0.092
[train] 14:28:07<127:06:16, 0.051s/step step= 1022000 episodes= 2129 eps=0.050 replay= 39936 loss=0.00004 ext100=0.000 total100=0.094
[train] 14:29:50<127:04:45, 0.051s/step step= 1024000 episodes= 2133 eps=0.050 replay= 39936 loss=0.00004 ext100=0.000 total100=0.090
[train] 14:31:34<127:03:17, 0.051s/step step= 1026000 episodes= 2137 eps=0.050 replay= 39936 loss=0.00011 ext100=0.000 total100=0.092
[train] 14:33:18<127:01:50, 0.051s/step step= 1028000 episodes= 2141 eps=0.050 replay= 39936 loss=0.00004 ext100=0.000 total100=0.092
[train] 14:35:01<127:00:25, 0.051s/step step= 1030000 episodes= 2145 eps=0.050 replay= 39936 loss=0.00003 ext100=0.000 total100=0.091
[train] 14:36:45<126:58:59, 0.051s/step step= 1032000 episodes= 2150 eps=0.050 replay= 39936 loss=0.00003 ext100=0.000 total100=0.093
[train] 14:38:29<126:57:31, 0.051s/step step= 1034000 episodes= 2154 eps=0.050 replay= 39936 loss=0.00008 ext100=0.000 total100=0.091
[train] 14:40:12<126:56:03, 0.051s/step step= 1036000 episodes= 2158 eps=0.050 replay= 39936 loss=0.00003 ext100=0.000 total100=0.092
[train] 14:41:56<126:54:38, 0.051s/step step= 1038000 episodes= 2162 eps=0.050 replay= 39936 loss=0.00003 ext100=0.000 total100=0.088
[eval] step=1040000 episodes=2166 mean_ext_return=0.000
[train] 14:43:56<126:55:29, 0.051s/step step= 1040000 episodes= 2166 eps=0.050 replay= 39936 loss=0.00003 ext100=0.000 total100=0.083
[train] 14:45:40<126:54:02, 0.051s/step step= 1042000 episodes= 2170 eps=0.050 replay= 39936 loss=0.00007 ext100=0.000 total100=0.079
[train] 14:47:23<126:52:30, 0.051s/step step= 1044000 episodes= 2175 eps=0.050 replay= 39936 loss=0.00004 ext100=0.000 total100=0.078
[train] 14:49:06<126:51:01, 0.051s/step step= 1046000 episodes= 2179 eps=0.050 replay= 39936 loss=0.00003 ext100=0.000 total100=0.078
[train] 14:50:50<126:49:32, 0.051s/step step= 1048000 episodes= 2183 eps=0.050 replay= 39936 loss=0.00004 ext100=0.000 total100=0.080
[train] 14:52:34<126:48:08, 0.051s/step step= 1050000 episodes= 2187 eps=0.050 replay= 39936 loss=0.00006 ext100=0.000 total100=0.079
[train] 14:54:18<126:46:40, 0.051s/step step= 1052000 episodes= 2191 eps=0.050 replay= 39936 loss=0.00004 ext100=0.000 total100=0.077
[train] 14:56:01<126:45:11, 0.051s/step step= 1054000 episodes= 2195 eps=0.050 replay= 39936 loss=0.00003 ext100=0.000 total100=0.075
[train] 14:57:45<126:43:42, 0.051s/step step= 1056000 episodes= 2200 eps=0.050 replay= 39936 loss=0.00005 ext100=0.000 total100=0.077
[train] 14:59:29<126:42:17, 0.051s/step step= 1058000 episodes= 2204 eps=0.050 replay= 39936 loss=0.00007 ext100=0.000 total100=0.078
[eval] step=1060000 episodes=2208 mean_ext_return=0.000
[train] 15:01:29<126:43:05, 0.051s/step step= 1060000 episodes= 2208 eps=0.050 replay= 39936 loss=0.00004 ext100=0.000 total100=0.077
[train] 15:03:12<126:41:37, 0.051s/step step= 1062000 episodes= 2212 eps=0.050 replay= 39936 loss=0.00003 ext100=0.000 total100=0.075
[train] 15:04:55<126:40:03, 0.051s/step step= 1064000 episodes= 2216 eps=0.050 replay= 39936 loss=0.00003 ext100=0.000 total100=0.075
[train] 15:06:39<126:38:33, 0.051s/step step= 1066000 episodes= 2220 eps=0.050 replay= 39936 loss=0.00008 ext100=0.000 total100=0.075
[train] 15:08:22<126:37:04, 0.051s/step step= 1068000 episodes= 2225 eps=0.050 replay= 39936 loss=0.00003 ext100=0.000 total100=0.071
[train] 15:10:06<126:35:36, 0.051s/step step= 1070000 episodes= 2229 eps=0.050 replay= 39936 loss=0.00004 ext100=0.000 total100=0.069
[train] 15:11:50<126:34:08, 0.051s/step step= 1072000 episodes= 2233 eps=0.050 replay= 39936 loss=0.00002 ext100=0.000 total100=0.070
[train] 15:13:34<126:32:39, 0.051s/step step= 1074000 episodes= 2237 eps=0.050 replay= 39936 loss=0.00005 ext100=0.000 total100=0.071
[train] 15:15:17<126:31:08, 0.051s/step step= 1076000 episodes= 2241 eps=0.050 replay= 39936 loss=0.00003 ext100=0.000 total100=0.073
[train] 15:17:01<126:29:42, 0.051s/step step= 1078000 episodes= 2245 eps=0.050 replay= 39936 loss=0.00004 ext100=0.000 total100=0.074
[eval] step=1080000 episodes=2250 mean_ext_return=0.000
[train] 15:19:01<126:30:25, 0.051s/step step= 1080000 episodes= 2250 eps=0.050 replay= 39936 loss=0.00004 ext100=0.000 total100=0.078
[train] 15:20:44<126:28:55, 0.051s/step step= 1082000 episodes= 2254 eps=0.050 replay= 39936 loss=0.00013 ext100=0.000 total100=0.079
[train] 15:22:28<126:27:22, 0.051s/step step= 1084000 episodes= 2258 eps=0.050 replay= 39936 loss=0.00003 ext100=0.000 total100=0.081
[train] 15:24:11<126:25:52, 0.051s/step step= 1086000 episodes= 2262 eps=0.050 replay= 39936 loss=0.00003 ext100=0.000 total100=0.082
[train] 15:25:55<126:24:22, 0.051s/step step= 1088000 episodes= 2266 eps=0.050 replay= 39936 loss=0.00003 ext100=0.000 total100=0.085
[train] 15:27:38<126:22:53, 0.051s/step step= 1090000 episodes= 2270 eps=0.050 replay= 39936 loss=0.00006 ext100=0.000 total100=0.090
[train] 15:29:22<126:21:25, 0.051s/step step= 1092000 episodes= 2275 eps=0.050 replay= 39936 loss=0.00004 ext100=0.000 total100=0.091
[train] 15:31:06<126:19:54, 0.051s/step step= 1094000 episodes= 2279 eps=0.050 replay= 39936 loss=0.00005 ext100=0.000 total100=0.091
[train] 15:32:49<126:18:23, 0.051s/step step= 1096000 episodes= 2283 eps=0.050 replay= 39936 loss=0.00003 ext100=0.000 total100=0.091
[train] 15:34:33<126:16:56, 0.051s/step step= 1098000 episodes= 2287 eps=0.050 replay= 39936 loss=0.00009 ext100=0.000 total100=0.090
[eval] step=1100000 episodes=2291 mean_ext_return=0.000
[train] 15:36:33<126:17:36, 0.051s/step step= 1100000 episodes= 2291 eps=0.050 replay= 39936 loss=0.00003 ext100=0.000 total100=0.091
[train] 15:38:17<126:16:06, 0.051s/step step= 1102000 episodes= 2295 eps=0.050 replay= 39936 loss=0.00003 ext100=0.000 total100=0.091
[train] 15:40:00<126:14:31, 0.051s/step step= 1104000 episodes= 2300 eps=0.050 replay= 39936 loss=0.00003 ext100=0.000 total100=0.088
[train] 15:41:43<126:13:00, 0.051s/step step= 1106000 episodes= 2304 eps=0.050 replay= 39936 loss=0.00006 ext100=0.000 total100=0.092
[train] 15:43:27<126:11:29, 0.051s/step step= 1108000 episodes= 2308 eps=0.050 replay= 39936 loss=0.00003 ext100=0.000 total100=0.091
[train] 15:45:11<126:10:00, 0.051s/step step= 1110000 episodes= 2312 eps=0.050 replay= 39936 loss=0.00002 ext100=0.000 total100=0.093
[train] 15:46:55<126:08:32, 0.051s/step step= 1112000 episodes= 2316 eps=0.050 replay= 39936 loss=0.00003 ext100=0.000 total100=0.093
[train] 15:48:38<126:07:02, 0.051s/step step= 1114000 episodes= 2320 eps=0.050 replay= 39936 loss=0.00005 ext100=0.000 total100=0.092
[train] 15:50:22<126:05:30, 0.051s/step step= 1116000 episodes= 2325 eps=0.050 replay= 39936 loss=0.00002 ext100=0.000 total100=0.095
[train] 15:52:06<126:04:02, 0.051s/step step= 1118000 episodes= 2329 eps=0.050 replay= 39936 loss=0.00003 ext100=0.000 total100=0.095
[eval] step=1120000 episodes=2333 mean_ext_return=0.000
[train] 15:54:06<126:04:39, 0.051s/step step= 1120000 episodes= 2333 eps=0.050 replay= 39936 loss=0.00002 ext100=0.000 total100=0.094
[train] 15:55:49<126:03:07, 0.051s/step step= 1122000 episodes= 2337 eps=0.050 replay= 39936 loss=0.00005 ext100=0.000 total100=0.094
[train] 15:57:32<126:01:33, 0.051s/step step= 1124000 episodes= 2341 eps=0.050 replay= 39936 loss=0.00002 ext100=0.000 total100=0.090
[train] 15:59:16<126:00:02, 0.051s/step step= 1126000 episodes= 2345 eps=0.050 replay= 39936 loss=0.00002 ext100=0.000 total100=0.085
[train] 16:01:00<125:58:31, 0.051s/step step= 1128000 episodes= 2350 eps=0.050 replay= 39936 loss=0.00002 ext100=0.000 total100=0.083
[train] 16:02:44<125:57:02, 0.051s/step step= 1130000 episodes= 2354 eps=0.050 replay= 39936 loss=0.00004 ext100=0.000 total100=0.078
[train] 16:04:27<125:55:33, 0.051s/step step= 1132000 episodes= 2358 eps=0.050 replay= 39936 loss=0.00002 ext100=0.000 total100=0.077
[train] 16:06:11<125:54:00, 0.051s/step step= 1134000 episodes= 2362 eps=0.050 replay= 39936 loss=0.00001 ext100=0.000 total100=0.076
[train] 16:07:55<125:52:28, 0.051s/step step= 1136000 episodes= 2366 eps=0.050 replay= 39936 loss=0.00002 ext100=0.000 total100=0.077
[train] 16:09:39<125:51:00, 0.051s/step step= 1138000 episodes= 2370 eps=0.050 replay= 39936 loss=0.00008 ext100=0.000 total100=0.075
[eval] step=1140000 episodes=2375 mean_ext_return=0.000
[train] 16:11:38<125:51:34, 0.051s/step step= 1140000 episodes= 2375 eps=0.050 replay= 39936 loss=0.00005 ext100=0.000 total100=0.075
[train] 16:13:22<125:50:02, 0.051s/step step= 1142000 episodes= 2379 eps=0.050 replay= 39936 loss=0.00002 ext100=0.000 total100=0.075
[train] 16:15:05<125:48:26, 0.051s/step step= 1144000 episodes= 2383 eps=0.050 replay= 39936 loss=0.00003 ext100=0.000 total100=0.075
[train] 16:16:49<125:46:54, 0.051s/step step= 1146000 episodes= 2387 eps=0.050 replay= 39936 loss=0.00005 ext100=0.000 total100=0.074
[train] 16:18:32<125:45:21, 0.051s/step step= 1148000 episodes= 2391 eps=0.050 replay= 39936 loss=0.00004 ext100=0.000 total100=0.074
[train] 16:20:16<125:43:49, 0.051s/step step= 1150000 episodes= 2395 eps=0.050 replay= 39936 loss=0.00002 ext100=0.000 total100=0.074
[train] 16:22:00<125:42:19, 0.051s/step step= 1152000 episodes= 2400 eps=0.050 replay= 39936 loss=0.00002 ext100=0.000 total100=0.074
[train] 16:23:43<125:40:47, 0.051s/step step= 1154000 episodes= 2404 eps=0.050 replay= 39936 loss=0.00004 ext100=0.000 total100=0.071
[train] 16:25:27<125:39:14, 0.051s/step step= 1156000 episodes= 2408 eps=0.050 replay= 39936 loss=0.00002 ext100=0.000 total100=0.071
[train] 16:27:11<125:37:44, 0.051s/step step= 1158000 episodes= 2412 eps=0.050 replay= 39936 loss=0.00002 ext100=0.000 total100=0.071
[eval] step=1160000 episodes=2416 mean_ext_return=0.000
[train] 16:29:10<125:38:15, 0.051s/step step= 1160000 episodes= 2416 eps=0.050 replay= 39936 loss=0.00004 ext100=0.000 total100=0.070
[train] 16:30:54<125:36:42, 0.051s/step step= 1162000 episodes= 2420 eps=0.050 replay= 39936 loss=0.00004 ext100=0.000 total100=0.069
[train] 16:32:37<125:35:06, 0.051s/step step= 1164000 episodes= 2425 eps=0.050 replay= 39936 loss=0.00002 ext100=0.000 total100=0.070
[train] 16:34:21<125:33:33, 0.051s/step step= 1166000 episodes= 2429 eps=0.050 replay= 39936 loss=0.00002 ext100=0.000 total100=0.068
[train] 16:36:04<125:32:01, 0.051s/step step= 1168000 episodes= 2433 eps=0.050 replay= 39936 loss=0.00002 ext100=0.000 total100=0.066
[train] 16:37:48<125:30:28, 0.051s/step step= 1170000 episodes= 2437 eps=0.050 replay= 39936 loss=0.00005 ext100=0.000 total100=0.066
[train] 16:39:32<125:28:57, 0.051s/step step= 1172000 episodes= 2441 eps=0.050 replay= 39936 loss=0.00003 ext100=0.000 total100=0.068
[train] 16:41:16<125:27:24, 0.051s/step step= 1174000 episodes= 2445 eps=0.050 replay= 39936 loss=0.00002 ext100=0.000 total100=0.071
[train] 16:42:59<125:25:52, 0.051s/step step= 1176000 episodes= 2450 eps=0.050 replay= 39936 loss=0.00003 ext100=0.000 total100=0.068
[train] 16:44:43<125:24:23, 0.051s/step step= 1178000 episodes= 2454 eps=0.050 replay= 39936 loss=0.00007 ext100=0.000 total100=0.071
[eval] step=1180000 episodes=2458 mean_ext_return=0.000
[train] 16:46:43<125:24:52, 0.051s/step step= 1180000 episodes= 2458 eps=0.050 replay= 39936 loss=0.00004 ext100=0.000 total100=0.072
[train] 16:48:27<125:23:18, 0.051s/step step= 1182000 episodes= 2462 eps=0.050 replay= 39936 loss=0.00003 ext100=0.000 total100=0.072
[train] 16:50:10<125:21:41, 0.051s/step step= 1184000 episodes= 2466 eps=0.050 replay= 39936 loss=0.00002 ext100=0.000 total100=0.070
[train] 16:51:53<125:20:07, 0.051s/step step= 1186000 episodes= 2470 eps=0.050 replay= 39936 loss=0.00006 ext100=0.000 total100=0.070
[train] 16:53:37<125:18:34, 0.051s/step step= 1188000 episodes= 2475 eps=0.050 replay= 39936 loss=0.00003 ext100=0.000 total100=0.069
[train] 16:55:21<125:17:02, 0.051s/step step= 1190000 episodes= 2479 eps=0.050 replay= 39936 loss=0.00003 ext100=0.000 total100=0.069
[train] 16:57:05<125:15:30, 0.051s/step step= 1192000 episodes= 2483 eps=0.050 replay= 39936 loss=0.00002 ext100=0.000 total100=0.069
[train] 16:58:48<125:13:56, 0.051s/step step= 1194000 episodes= 2487 eps=0.050 replay= 39936 loss=0.00005 ext100=0.000 total100=0.069
[train] 17:00:32<125:12:23, 0.051s/step step= 1196000 episodes= 2491 eps=0.050 replay= 39936 loss=0.00002 ext100=0.000 total100=0.068
[train] 17:02:16<125:10:52, 0.051s/step step= 1198000 episodes= 2495 eps=0.050 replay= 39936 loss=0.00002 ext100=0.000 total100=0.068
[eval] step=1200000 episodes=2500 mean_ext_return=0.000
[train] 17:04:15<125:11:17, 0.051s/step step= 1200000 episodes= 2500 eps=0.050 replay= 39936 loss=0.00002 ext100=0.000 total100=0.069
[train] 17:05:59<125:09:42, 0.051s/step step= 1202000 episodes= 2504 eps=0.050 replay= 39936 loss=0.00003 ext100=0.000 total100=0.068
[train] 17:07:42<125:08:05, 0.051s/step step= 1204000 episodes= 2508 eps=0.050 replay= 39936 loss=0.00002 ext100=0.000 total100=0.067
[train] 17:09:26<125:06:32, 0.051s/step step= 1206000 episodes= 2512 eps=0.050 replay= 39936 loss=0.00002 ext100=0.000 total100=0.066
[train] 17:11:09<125:04:57, 0.051s/step step= 1208000 episodes= 2516 eps=0.050 replay= 39936 loss=0.00002 ext100=0.000 total100=0.065
[train] 17:12:53<125:03:24, 0.051s/step step= 1210000 episodes= 2520 eps=0.050 replay= 39936 loss=0.00004 ext100=0.000 total100=0.067
[train] 17:14:37<125:01:53, 0.051s/step step= 1212000 episodes= 2525 eps=0.050 replay= 39936 loss=0.00002 ext100=0.000 total100=0.065
[train] 17:16:21<125:00:18, 0.051s/step step= 1214000 episodes= 2529 eps=0.050 replay= 39936 loss=0.00001 ext100=0.000 total100=0.067
[train] 17:18:04<124:58:44, 0.051s/step step= 1216000 episodes= 2533 eps=0.050 replay= 39936 loss=0.00002 ext100=0.000 total100=0.070
[train] 17:19:48<124:57:14, 0.051s/step step= 1218000 episodes= 2537 eps=0.050 replay= 39936 loss=0.00003 ext100=0.000 total100=0.070
[eval] step=1220000 episodes=2541 mean_ext_return=0.000
[train] 17:21:48<124:57:35, 0.051s/step step= 1220000 episodes= 2541 eps=0.050 replay= 39936 loss=0.00001 ext100=0.000 total100=0.068
[train] 17:23:31<124:56:00, 0.051s/step step= 1222000 episodes= 2545 eps=0.050 replay= 39936 loss=0.00002 ext100=0.000 total100=0.069
[train] 17:25:15<124:54:22, 0.051s/step step= 1224000 episodes= 2550 eps=0.050 replay= 39936 loss=0.00002 ext100=0.000 total100=0.070
[train] 17:26:58<124:52:48, 0.051s/step step= 1226000 episodes= 2554 eps=0.050 replay= 39936 loss=0.00006 ext100=0.000 total100=0.071
[train] 17:28:42<124:51:13, 0.051s/step step= 1228000 episodes= 2558 eps=0.050 replay= 39936 loss=0.00002 ext100=0.000 total100=0.071
[train] 17:30:25<124:49:39, 0.051s/step step= 1230000 episodes= 2562 eps=0.050 replay= 39936 loss=0.00002 ext100=0.000 total100=0.071
[train] 17:32:09<124:48:07, 0.051s/step step= 1232000 episodes= 2566 eps=0.050 replay= 39936 loss=0.00001 ext100=0.000 total100=0.071
[train] 17:33:53<124:46:32, 0.051s/step step= 1234000 episodes= 2570 eps=0.050 replay= 39936 loss=0.00002 ext100=0.000 total100=0.071
[train] 17:35:36<124:44:57, 0.051s/step step= 1236000 episodes= 2575 eps=0.050 replay= 39936 loss=0.00002 ext100=0.000 total100=0.067
[train] 17:37:20<124:43:26, 0.051s/step step= 1238000 episodes= 2579 eps=0.050 replay= 39936 loss=0.00002 ext100=0.000 total100=0.067
[eval] step=1240000 episodes=2583 mean_ext_return=0.000
[train] 17:39:20<124:43:44, 0.051s/step step= 1240000 episodes= 2583 eps=0.050 replay= 39936 loss=0.00001 ext100=0.000 total100=0.067
[train] 17:41:04<124:42:08, 0.051s/step step= 1242000 episodes= 2587 eps=0.050 replay= 39936 loss=0.00003 ext100=0.000 total100=0.067
[train] 17:42:47<124:40:30, 0.051s/step step= 1244000 episodes= 2591 eps=0.050 replay= 39936 loss=0.00002 ext100=0.000 total100=0.068
[train] 17:44:30<124:38:55, 0.051s/step step= 1246000 episodes= 2595 eps=0.050 replay= 39936 loss=0.00002 ext100=0.000 total100=0.068
[train] 17:46:14<124:37:20, 0.051s/step step= 1248000 episodes= 2600 eps=0.050 replay= 39936 loss=0.00002 ext100=0.000 total100=0.067
[train] 17:47:57<124:35:44, 0.051s/step step= 1250000 episodes= 2604 eps=0.050 replay= 39936 loss=0.00006 ext100=0.000 total100=0.067
[train] 17:49:41<124:34:12, 0.051s/step step= 1252000 episodes= 2608 eps=0.050 replay= 39936 loss=0.00003 ext100=0.000 total100=0.068
[train] 17:51:25<124:32:36, 0.051s/step step= 1254000 episodes= 2612 eps=0.050 replay= 39936 loss=0.00002 ext100=0.000 total100=0.069
[train] 17:53:08<124:31:01, 0.051s/step step= 1256000 episodes= 2616 eps=0.050 replay= 39936 loss=0.00002 ext100=0.000 total100=0.070
[train] 17:54:52<124:29:29, 0.051s/step step= 1258000 episodes= 2620 eps=0.050 replay= 39936 loss=0.00004 ext100=0.000 total100=0.070
[eval] step=1260000 episodes=2625 mean_ext_return=0.000
[train] 17:56:52<124:29:46, 0.051s/step step= 1260000 episodes= 2625 eps=0.050 replay= 39936 loss=0.00003 ext100=0.000 total100=0.071
[train] 17:58:36<124:28:10, 0.051s/step step= 1262000 episodes= 2629 eps=0.050 replay= 39936 loss=0.00002 ext100=0.000 total100=0.069
[train] 18:00:19<124:26:31, 0.051s/step step= 1264000 episodes= 2633 eps=0.050 replay= 39936 loss=0.00002 ext100=0.000 total100=0.069
[train] 18:02:03<124:24:57, 0.051s/step step= 1266000 episodes= 2637 eps=0.050 replay= 39936 loss=0.00007 ext100=0.000 total100=0.069
[train] 18:03:46<124:23:21, 0.051s/step step= 1268000 episodes= 2641 eps=0.050 replay= 39936 loss=0.00002 ext100=0.000 total100=0.069
[train] 18:05:30<124:21:46, 0.051s/step step= 1270000 episodes= 2645 eps=0.050 replay= 39936 loss=0.00003 ext100=0.000 total100=0.068
[train] 18:07:14<124:20:14, 0.051s/step step= 1272000 episodes= 2650 eps=0.050 replay= 39936 loss=0.00002 ext100=0.000 total100=0.066
[train] 18:08:57<124:18:38, 0.051s/step step= 1274000 episodes= 2654 eps=0.050 replay= 39936 loss=0.00004 ext100=0.000 total100=0.066
[train] 18:10:41<124:17:03, 0.051s/step step= 1276000 episodes= 2658 eps=0.050 replay= 39936 loss=0.00005 ext100=0.000 total100=0.066
[train] 18:12:25<124:15:31, 0.051s/step step= 1278000 episodes= 2662 eps=0.050 replay= 39936 loss=0.00002 ext100=0.000 total100=0.065
[eval] step=1280000 episodes=2666 mean_ext_return=0.000
[train] 18:14:25<124:15:45, 0.051s/step step= 1280000 episodes= 2666 eps=0.050 replay= 39936 loss=0.00003 ext100=0.000 total100=0.065
[train] 18:16:09<124:14:10, 0.051s/step step= 1282000 episodes= 2670 eps=0.050 replay= 39936 loss=0.00006 ext100=0.000 total100=0.065
[train] 18:17:52<124:12:30, 0.051s/step step= 1284000 episodes= 2675 eps=0.050 replay= 39936 loss=0.00002 ext100=0.000 total100=0.069
[train] 18:19:35<124:10:55, 0.051s/step step= 1286000 episodes= 2679 eps=0.050 replay= 39936 loss=0.00002 ext100=0.000 total100=0.069
[train] 18:21:19<124:09:19, 0.051s/step step= 1288000 episodes= 2683 eps=0.050 replay= 39936 loss=0.00001 ext100=0.000 total100=0.067
[train] 18:23:03<124:07:43, 0.051s/step step= 1290000 episodes= 2687 eps=0.050 replay= 39936 loss=0.00003 ext100=0.000 total100=0.067
[train] 18:24:46<124:06:09, 0.051s/step step= 1292000 episodes= 2691 eps=0.050 replay= 39936 loss=0.00002 ext100=0.000 total100=0.066
[train] 18:26:30<124:04:34, 0.051s/step step= 1294000 episodes= 2695 eps=0.050 replay= 39936 loss=0.00002 ext100=0.000 total100=0.064
[train] 18:28:14<124:02:58, 0.051s/step step= 1296000 episodes= 2700 eps=0.050 replay= 39936 loss=0.00001 ext100=0.000 total100=0.065
[train] 18:29:58<124:01:26, 0.051s/step step= 1298000 episodes= 2704 eps=0.050 replay= 39936 loss=0.00003 ext100=0.000 total100=0.064
[eval] step=1300000 episodes=2708 mean_ext_return=0.000
[train] 18:31:58<124:01:37, 0.051s/step step= 1300000 episodes= 2708 eps=0.050 replay= 39936 loss=0.00002 ext100=0.000 total100=0.065
[train] 18:33:41<124:00:01, 0.051s/step step= 1302000 episodes= 2712 eps=0.050 replay= 39936 loss=0.00002 ext100=0.000 total100=0.064
[train] 18:35:24<123:58:21, 0.051s/step step= 1304000 episodes= 2716 eps=0.050 replay= 39936 loss=0.00002 ext100=0.000 total100=0.064
[train] 18:37:08<123:56:45, 0.051s/step step= 1306000 episodes= 2720 eps=0.050 replay= 39936 loss=0.00006 ext100=0.000 total100=0.063
[train] 18:38:52<123:55:09, 0.051s/step step= 1308000 episodes= 2725 eps=0.050 replay= 39936 loss=0.00002 ext100=0.000 total100=0.061
[train] 18:40:35<123:53:33, 0.051s/step step= 1310000 episodes= 2729 eps=0.050 replay= 39936 loss=0.00001 ext100=0.000 total100=0.061
[train] 18:42:19<123:51:58, 0.051s/step step= 1312000 episodes= 2733 eps=0.050 replay= 39936 loss=0.00001 ext100=0.000 total100=0.062
[train] 18:44:03<123:50:22, 0.051s/step step= 1314000 episodes= 2737 eps=0.050 replay= 39936 loss=0.00003 ext100=0.000 total100=0.062
[train] 18:45:46<123:48:46, 0.051s/step step= 1316000 episodes= 2741 eps=0.050 replay= 39936 loss=0.00002 ext100=0.000 total100=0.061
[train] 18:47:30<123:47:12, 0.051s/step step= 1318000 episodes= 2745 eps=0.050 replay= 39936 loss=0.00003 ext100=0.000 total100=0.063
[eval] step=1320000 episodes=2750 mean_ext_return=0.000
[train] 18:49:30<123:47:21, 0.051s/step step= 1320000 episodes= 2750 eps=0.050 replay= 39936 loss=0.00005 ext100=0.000 total100=0.063
[train] 18:51:13<123:45:44, 0.051s/step step= 1322000 episodes= 2754 eps=0.050 replay= 39936 loss=0.00005 ext100=0.000 total100=0.063
[train] 18:52:57<123:44:05, 0.051s/step step= 1324000 episodes= 2758 eps=0.050 replay= 39936 loss=0.00001 ext100=0.000 total100=0.062
[train] 18:54:40<123:42:28, 0.051s/step step= 1326000 episodes= 2762 eps=0.050 replay= 39936 loss=0.00002 ext100=0.000 total100=0.062
[train] 18:56:24<123:40:52, 0.051s/step step= 1328000 episodes= 2766 eps=0.050 replay= 39936 loss=0.00002 ext100=0.000 total100=0.062
[train] 18:58:08<123:39:15, 0.051s/step step= 1330000 episodes= 2770 eps=0.050 replay= 39936 loss=0.00005 ext100=0.000 total100=0.062
[train] 18:59:52<123:37:41, 0.051s/step step= 1332000 episodes= 2775 eps=0.050 replay= 39936 loss=0.00002 ext100=0.000 total100=0.060
[train] 19:01:35<123:36:05, 0.051s/step step= 1334000 episodes= 2779 eps=0.050 replay= 39936 loss=0.00002 ext100=0.000 total100=0.060
[train] 19:03:19<123:34:28, 0.051s/step step= 1336000 episodes= 2783 eps=0.050 replay= 39936 loss=0.00002 ext100=0.000 total100=0.061
[train] 19:05:03<123:32:53, 0.051s/step step= 1338000 episodes= 2787 eps=0.050 replay= 39936 loss=0.00004 ext100=0.000 total100=0.061
[eval] step=1340000 episodes=2791 mean_ext_return=0.000
[train] 19:07:03<123:33:02, 0.051s/step step= 1340000 episodes= 2791 eps=0.050 replay= 39936 loss=0.00002 ext100=0.000 total100=0.061
[train] 19:08:46<123:31:24, 0.051s/step step= 1342000 episodes= 2795 eps=0.050 replay= 39936 loss=0.00002 ext100=0.000 total100=0.063
[train] 19:10:29<123:29:44, 0.051s/step step= 1344000 episodes= 2800 eps=0.050 replay= 39936 loss=0.00004 ext100=0.000 total100=0.063
[train] 19:12:13<123:28:07, 0.051s/step step= 1346000 episodes= 2804 eps=0.050 replay= 39936 loss=0.00003 ext100=0.000 total100=0.063
[train] 19:13:56<123:26:29, 0.051s/step step= 1348000 episodes= 2808 eps=0.050 replay= 39936 loss=0.00003 ext100=0.000 total100=0.062
[train] 19:15:40<123:24:52, 0.051s/step step= 1350000 episodes= 2812 eps=0.050 replay= 39936 loss=0.00001 ext100=0.000 total100=0.063
[train] 19:17:24<123:23:17, 0.051s/step step= 1352000 episodes= 2816 eps=0.050 replay= 39936 loss=0.00002 ext100=0.000 total100=0.063
[train] 19:19:08<123:21:40, 0.051s/step step= 1354000 episodes= 2820 eps=0.050 replay= 39936 loss=0.00003 ext100=0.000 total100=0.063
[train] 19:20:51<123:20:03, 0.051s/step step= 1356000 episodes= 2825 eps=0.050 replay= 39936 loss=0.00002 ext100=0.000 total100=0.064
[train] 19:22:35<123:18:28, 0.051s/step step= 1358000 episodes= 2829 eps=0.050 replay= 39936 loss=0.00002 ext100=0.000 total100=0.064
[eval] step=1360000 episodes=2833 mean_ext_return=0.000
[train] 19:24:35<123:18:34, 0.051s/step step= 1360000 episodes= 2833 eps=0.050 replay= 39936 loss=0.00001 ext100=0.000 total100=0.062
[train] 19:26:18<123:16:56, 0.051s/step step= 1362000 episodes= 2837 eps=0.050 replay= 39936 loss=0.00005 ext100=0.000 total100=0.062
[train] 19:28:01<123:15:15, 0.051s/step step= 1364000 episodes= 2841 eps=0.050 replay= 39936 loss=0.00002 ext100=0.000 total100=0.062
[train] 19:29:45<123:13:38, 0.051s/step step= 1366000 episodes= 2845 eps=0.050 replay= 39936 loss=0.00002 ext100=0.000 total100=0.063
[train] 19:31:29<123:12:00, 0.051s/step step= 1368000 episodes= 2850 eps=0.050 replay= 39936 loss=0.00003 ext100=0.000 total100=0.064
[train] 19:33:12<123:10:23, 0.051s/step step= 1370000 episodes= 2854 eps=0.050 replay= 39936 loss=0.00003 ext100=0.000 total100=0.064
[train] 19:34:56<123:08:48, 0.051s/step step= 1372000 episodes= 2858 eps=0.050 replay= 39936 loss=0.00002 ext100=0.000 total100=0.064
[train] 19:36:40<123:07:11, 0.051s/step step= 1374000 episodes= 2862 eps=0.050 replay= 39936 loss=0.00001 ext100=0.000 total100=0.064
[train] 19:38:24<123:05:34, 0.051s/step step= 1376000 episodes= 2866 eps=0.050 replay= 39936 loss=0.00001 ext100=0.000 total100=0.062
[train] 19:40:08<123:03:59, 0.051s/step step= 1378000 episodes= 2870 eps=0.050 replay= 39936 loss=0.00007 ext100=0.000 total100=0.061
[eval] step=1380000 episodes=2875 mean_ext_return=0.000
[train] 19:42:07<123:04:02, 0.051s/step step= 1380000 episodes= 2875 eps=0.050 replay= 39936 loss=0.00001 ext100=0.000 total100=0.063
[train] 19:43:51<123:02:24, 0.051s/step step= 1382000 episodes= 2879 eps=0.050 replay= 39936 loss=0.00001 ext100=0.000 total100=0.062
[train] 19:45:34<123:00:43, 0.051s/step step= 1384000 episodes= 2883 eps=0.050 replay= 39936 loss=0.00002 ext100=0.000 total100=0.063
[train] 19:47:17<122:59:04, 0.051s/step step= 1386000 episodes= 2887 eps=0.050 replay= 39936 loss=0.00004 ext100=0.000 total100=0.064
[train] 19:49:01<122:57:26, 0.051s/step step= 1388000 episodes= 2891 eps=0.050 replay= 39936 loss=0.00002 ext100=0.000 total100=0.063
[train] 19:50:45<122:55:48, 0.051s/step step= 1390000 episodes= 2895 eps=0.050 replay= 39936 loss=0.00001 ext100=0.000 total100=0.062
[train] 19:52:28<122:54:12, 0.051s/step step= 1392000 episodes= 2900 eps=0.050 replay= 39936 loss=0.00002 ext100=0.000 total100=0.062
[train] 19:54:12<122:52:35, 0.051s/step step= 1394000 episodes= 2904 eps=0.050 replay= 39936 loss=0.00004 ext100=0.000 total100=0.061
[train] 19:55:56<122:50:56, 0.051s/step step= 1396000 episodes= 2908 eps=0.050 replay= 39936 loss=0.00002 ext100=0.000 total100=0.059
[train] 19:57:40<122:49:21, 0.051s/step step= 1398000 episodes= 2912 eps=0.050 replay= 39936 loss=0.00001 ext100=0.000 total100=0.058
[eval] step=1400000 episodes=2916 mean_ext_return=0.000
[train] 19:59:39<122:49:22, 0.051s/step step= 1400000 episodes= 2916 eps=0.050 replay= 39936 loss=0.00002 ext100=0.000 total100=0.058
[train] 20:01:23<122:47:43, 0.051s/step step= 1402000 episodes= 2920 eps=0.050 replay= 39936 loss=0.00004 ext100=0.000 total100=0.058
[train] 20:03:06<122:46:02, 0.051s/step step= 1404000 episodes= 2925 eps=0.050 replay= 39936 loss=0.00002 ext100=0.000 total100=0.058
[train] 20:04:50<122:44:24, 0.051s/step step= 1406000 episodes= 2929 eps=0.050 replay= 39936 loss=0.00002 ext100=0.000 total100=0.058
[train] 20:06:33<122:42:46, 0.051s/step step= 1408000 episodes= 2933 eps=0.050 replay= 39936 loss=0.00001 ext100=0.000 total100=0.059
[train] 20:08:17<122:41:08, 0.051s/step step= 1410000 episodes= 2937 eps=0.050 replay= 39936 loss=0.00006 ext100=0.000 total100=0.059
[train] 20:10:01<122:39:32, 0.051s/step step= 1412000 episodes= 2941 eps=0.050 replay= 39936 loss=0.00002 ext100=0.000 total100=0.058
[train] 20:11:45<122:37:55, 0.051s/step step= 1414000 episodes= 2945 eps=0.050 replay= 39936 loss=0.00001 ext100=0.000 total100=0.057
[train] 20:13:28<122:36:16, 0.051s/step step= 1416000 episodes= 2950 eps=0.050 replay= 39936 loss=0.00001 ext100=0.000 total100=0.056
[train] 20:15:12<122:34:41, 0.051s/step step= 1418000 episodes= 2954 eps=0.050 replay= 39936 loss=0.00003 ext100=0.000 total100=0.056
[eval] step=1420000 episodes=2958 mean_ext_return=0.000
[train] 20:17:12<122:34:40, 0.051s/step step= 1420000 episodes= 2958 eps=0.050 replay= 39936 loss=0.00002 ext100=0.000 total100=0.057
[train] 20:18:55<122:33:01, 0.051s/step step= 1422000 episodes= 2962 eps=0.050 replay= 39936 loss=0.00001 ext100=0.000 total100=0.057
[train] 20:20:39<122:31:20, 0.051s/step step= 1424000 episodes= 2966 eps=0.050 replay= 39936 loss=0.00003 ext100=0.000 total100=0.058
[train] 20:22:22<122:29:41, 0.051s/step step= 1426000 episodes= 2970 eps=0.050 replay= 39936 loss=0.00003 ext100=0.000 total100=0.059
[train] 20:24:06<122:28:02, 0.051s/step step= 1428000 episodes= 2975 eps=0.050 replay= 39936 loss=0.00002 ext100=0.000 total100=0.059
[train] 20:25:49<122:26:24, 0.051s/step step= 1430000 episodes= 2979 eps=0.050 replay= 39936 loss=0.00003 ext100=0.000 total100=0.059
[train] 20:27:33<122:24:47, 0.051s/step step= 1432000 episodes= 2983 eps=0.050 replay= 39936 loss=0.00001 ext100=0.000 total100=0.057
[train] 20:29:17<122:23:10, 0.051s/step step= 1434000 episodes= 2987 eps=0.050 replay= 39936 loss=0.00003 ext100=0.000 total100=0.055
[train] 20:31:01<122:21:31, 0.051s/step step= 1436000 episodes= 2991 eps=0.050 replay= 39936 loss=0.00002 ext100=0.000 total100=0.054
[train] 20:32:45<122:19:55, 0.051s/step step= 1438000 episodes= 2995 eps=0.050 replay= 39936 loss=0.00001 ext100=0.000 total100=0.054
[eval] step=1440000 episodes=3000 mean_ext_return=0.000
[train] 20:34:44<122:19:52, 0.051s/step step= 1440000 episodes= 3000 eps=0.050 replay= 39936 loss=0.00002 ext100=0.000 total100=0.054
[train] 20:36:28<122:18:13, 0.051s/step step= 1442000 episodes= 3004 eps=0.050 replay= 39936 loss=0.00003 ext100=0.000 total100=0.054
[train] 20:38:11<122:16:31, 0.051s/step step= 1444000 episodes= 3008 eps=0.050 replay= 39936 loss=0.00001 ext100=0.000 total100=0.056
[train] 20:39:54<122:14:53, 0.051s/step step= 1446000 episodes= 3012 eps=0.050 replay= 39936 loss=0.00001 ext100=0.000 total100=0.056
[train] 20:41:38<122:13:15, 0.051s/step step= 1448000 episodes= 3016 eps=0.050 replay= 39936 loss=0.00001 ext100=0.000 total100=0.054
[train] 20:43:22<122:11:36, 0.051s/step step= 1450000 episodes= 3020 eps=0.050 replay= 39936 loss=0.00003 ext100=0.000 total100=0.055
[train] 20:45:06<122:09:58, 0.051s/step step= 1452000 episodes= 3025 eps=0.050 replay= 39936 loss=0.00001 ext100=0.000 total100=0.057
[train] 20:46:49<122:08:21, 0.051s/step step= 1454000 episodes= 3029 eps=0.050 replay= 39936 loss=0.00002 ext100=0.000 total100=0.057
[train] 20:48:33<122:06:42, 0.051s/step step= 1456000 episodes= 3033 eps=0.050 replay= 39936 loss=0.00001 ext100=0.000 total100=0.057
[train] 20:50:17<122:05:06, 0.051s/step step= 1458000 episodes= 3037 eps=0.050 replay= 39936 loss=0.00004 ext100=0.000 total100=0.058
[eval] step=1460000 episodes=3041 mean_ext_return=0.000
[train] 20:52:17<122:05:01, 0.051s/step step= 1460000 episodes= 3041 eps=0.050 replay= 39936 loss=0.00002 ext100=0.000 total100=0.060
[train] 20:54:00<122:03:22, 0.051s/step step= 1462000 episodes= 3045 eps=0.050 replay= 39936 loss=0.00001 ext100=0.000 total100=0.059
[train] 20:55:43<122:01:40, 0.051s/step step= 1464000 episodes= 3050 eps=0.050 replay= 39936 loss=0.00001 ext100=0.000 total100=0.060
[train] 20:57:27<122:00:01, 0.051s/step step= 1466000 episodes= 3054 eps=0.050 replay= 39936 loss=0.00003 ext100=0.000 total100=0.059
[train] 20:59:11<121:58:22, 0.051s/step step= 1468000 episodes= 3058 eps=0.050 replay= 39936 loss=0.00002 ext100=0.000 total100=0.058
[train] 21:00:54<121:56:42, 0.051s/step step= 1470000 episodes= 3062 eps=0.050 replay= 39936 loss=0.00001 ext100=0.000 total100=0.058
[train] 21:02:38<121:55:05, 0.051s/step step= 1472000 episodes= 3066 eps=0.050 replay= 39936 loss=0.00002 ext100=0.000 total100=0.058
[train] 21:04:22<121:53:28, 0.051s/step step= 1474000 episodes= 3070 eps=0.050 replay= 39936 loss=0.00005 ext100=0.000 total100=0.057
[train] 21:06:06<121:51:48, 0.051s/step step= 1476000 episodes= 3075 eps=0.050 replay= 39936 loss=0.00001 ext100=0.000 total100=0.059
[train] 21:07:50<121:50:12, 0.051s/step step= 1478000 episodes= 3079 eps=0.050 replay= 39936 loss=0.00001 ext100=0.000 total100=0.058
[eval] step=1480000 episodes=3083 mean_ext_return=0.000
[train] 21:09:49<121:50:05, 0.051s/step step= 1480000 episodes= 3083 eps=0.050 replay= 39936 loss=0.00001 ext100=0.000 total100=0.058
[train] 21:11:33<121:48:25, 0.051s/step step= 1482000 episodes= 3087 eps=0.050 replay= 39936 loss=0.00002 ext100=0.000 total100=0.059
[train] 21:13:16<121:46:44, 0.051s/step step= 1484000 episodes= 3091 eps=0.050 replay= 39936 loss=0.00001 ext100=0.000 total100=0.059
[train] 21:15:00<121:45:05, 0.051s/step step= 1486000 episodes= 3095 eps=0.050 replay= 39936 loss=0.00001 ext100=0.000 total100=0.060
[train] 21:16:43<121:43:26, 0.051s/step step= 1488000 episodes= 3100 eps=0.050 replay= 39936 loss=0.00002 ext100=0.000 total100=0.060
[train] 21:18:27<121:41:47, 0.051s/step step= 1490000 episodes= 3104 eps=0.050 replay= 39936 loss=0.00004 ext100=0.000 total100=0.060
[train] 21:20:11<121:40:08, 0.051s/step step= 1492000 episodes= 3108 eps=0.050 replay= 39936 loss=0.00001 ext100=0.000 total100=0.059
[train] 21:21:54<121:38:30, 0.051s/step step= 1494000 episodes= 3112 eps=0.050 replay= 39936 loss=0.00001 ext100=0.000 total100=0.061
[train] 21:23:38<121:36:51, 0.051s/step step= 1496000 episodes= 3116 eps=0.050 replay= 39936 loss=0.00001 ext100=0.000 total100=0.061
[train] 21:25:22<121:35:14, 0.051s/step step= 1498000 episodes= 3120 eps=0.050 replay= 39936 loss=0.00005 ext100=0.000 total100=0.060
[eval] step=1500000 episodes=3125 mean_ext_return=0.000
[train] 21:27:22<121:35:06, 0.051s/step step= 1500000 episodes= 3125 eps=0.050 replay= 39936 loss=0.00001 ext100=0.000 total100=0.059
[train] 21:29:05<121:33:26, 0.051s/step step= 1502000 episodes= 3129 eps=0.050 replay= 39936 loss=0.00001 ext100=0.000 total100=0.059
[train] 21:30:49<121:31:44, 0.051s/step step= 1504000 episodes= 3133 eps=0.050 replay= 39936 loss=0.00001 ext100=0.000 total100=0.057
[train] 21:32:32<121:30:05, 0.051s/step step= 1506000 episodes= 3137 eps=0.050 replay= 39936 loss=0.00004 ext100=0.000 total100=0.057
[train] 21:34:16<121:28:25, 0.051s/step step= 1508000 episodes= 3141 eps=0.050 replay= 39936 loss=0.00002 ext100=0.000 total100=0.055
[train] 21:35:59<121:26:46, 0.051s/step step= 1510000 episodes= 3145 eps=0.050 replay= 39936 loss=0.00001 ext100=0.000 total100=0.055
[train] 21:37:43<121:25:08, 0.051s/step step= 1512000 episodes= 3150 eps=0.050 replay= 39936 loss=0.00002 ext100=0.000 total100=0.055
[train] 21:39:27<121:23:30, 0.051s/step step= 1514000 episodes= 3154 eps=0.050 replay= 39936 loss=0.00007 ext100=0.000 total100=0.056
[train] 21:41:11<121:21:50, 0.051s/step step= 1516000 episodes= 3158 eps=0.050 replay= 39936 loss=0.00002 ext100=0.000 total100=0.057
[train] 21:42:55<121:20:12, 0.051s/step step= 1518000 episodes= 3162 eps=0.050 replay= 39936 loss=0.00002 ext100=0.000 total100=0.057
[eval] step=1520000 episodes=3166 mean_ext_return=0.000
[train] 21:44:54<121:20:02, 0.052s/step step= 1520000 episodes= 3166 eps=0.050 replay= 39936 loss=0.00002 ext100=0.000 total100=0.055
[train] 21:46:38<121:18:21, 0.052s/step step= 1522000 episodes= 3170 eps=0.050 replay= 39936 loss=0.00003 ext100=0.000 total100=0.055
[train] 21:48:21<121:16:39, 0.052s/step step= 1524000 episodes= 3175 eps=0.050 replay= 39936 loss=0.00001 ext100=0.000 total100=0.052
[train] 21:50:05<121:14:59, 0.052s/step step= 1526000 episodes= 3179 eps=0.050 replay= 39936 loss=0.00002 ext100=0.000 total100=0.054
[train] 21:51:48<121:13:19, 0.052s/step step= 1528000 episodes= 3183 eps=0.050 replay= 39936 loss=0.00002 ext100=0.000 total100=0.054
[train] 21:53:32<121:11:40, 0.052s/step step= 1530000 episodes= 3187 eps=0.050 replay= 39936 loss=0.00002 ext100=0.000 total100=0.054
[train] 21:55:15<121:10:01, 0.052s/step step= 1532000 episodes= 3191 eps=0.050 replay= 39936 loss=0.00001 ext100=0.000 total100=0.054
[train] 21:56:59<121:08:22, 0.052s/step step= 1534000 episodes= 3195 eps=0.050 replay= 39936 loss=0.00001 ext100=0.000 total100=0.054
[train] 21:58:43<121:06:43, 0.052s/step step= 1536000 episodes= 3200 eps=0.050 replay= 39936 loss=0.00001 ext100=0.000 total100=0.053
[train] 22:00:27<121:05:06, 0.052s/step step= 1538000 episodes= 3204 eps=0.050 replay= 39936 loss=0.00002 ext100=0.000 total100=0.051
[eval] step=1540000 episodes=3208 mean_ext_return=0.000
[train] 22:02:27<121:04:54, 0.052s/step step= 1540000 episodes= 3208 eps=0.050 replay= 39936 loss=0.00001 ext100=0.000 total100=0.050
[train] 22:04:10<121:03:13, 0.052s/step step= 1542000 episodes= 3212 eps=0.050 replay= 39936 loss=0.00001 ext100=0.000 total100=0.050
[train] 22:05:53<121:01:30, 0.052s/step step= 1544000 episodes= 3216 eps=0.050 replay= 39936 loss=0.00001 ext100=0.000 total100=0.050
[train] 22:07:37<120:59:51, 0.052s/step step= 1546000 episodes= 3220 eps=0.050 replay= 39936 loss=0.00002 ext100=0.000 total100=0.050
[train] 22:09:21<120:58:11, 0.052s/step step= 1548000 episodes= 3225 eps=0.050 replay= 39936 loss=0.00002 ext100=0.000 total100=0.050
[train] 22:11:04<120:56:31, 0.052s/step step= 1550000 episodes= 3229 eps=0.050 replay= 39936 loss=0.00001 ext100=0.000 total100=0.049
[train] 22:12:48<120:54:52, 0.052s/step step= 1552000 episodes= 3233 eps=0.050 replay= 39936 loss=0.00001 ext100=0.000 total100=0.049
[train] 22:14:32<120:53:13, 0.052s/step step= 1554000 episodes= 3237 eps=0.050 replay= 39936 loss=0.00003 ext100=0.000 total100=0.048
[train] 22:16:15<120:51:33, 0.052s/step step= 1556000 episodes= 3241 eps=0.050 replay= 39936 loss=0.00001 ext100=0.000 total100=0.047
[train] 22:17:59<120:49:55, 0.052s/step step= 1558000 episodes= 3245 eps=0.050 replay= 39936 loss=0.00001 ext100=0.000 total100=0.048
[eval] step=1560000 episodes=3250 mean_ext_return=0.000
[train] 22:19:59<120:49:42, 0.052s/step step= 1560000 episodes= 3250 eps=0.050 replay= 39936 loss=0.00001 ext100=0.000 total100=0.047
[train] 22:21:43<120:48:02, 0.052s/step step= 1562000 episodes= 3254 eps=0.050 replay= 39936 loss=0.00003 ext100=0.000 total100=0.047
[train] 22:23:26<120:46:19, 0.052s/step step= 1564000 episodes= 3258 eps=0.050 replay= 39936 loss=0.00001 ext100=0.000 total100=0.047
[train] 22:25:10<120:44:40, 0.052s/step step= 1566000 episodes= 3262 eps=0.050 replay= 39936 loss=0.00001 ext100=0.000 total100=0.046
[train] 22:26:53<120:42:59, 0.052s/step step= 1568000 episodes= 3266 eps=0.050 replay= 39936 loss=0.00001 ext100=0.000 total100=0.048
[train] 22:28:37<120:41:19, 0.052s/step step= 1570000 episodes= 3270 eps=0.050 replay= 39936 loss=0.00003 ext100=0.000 total100=0.049
[train] 22:30:21<120:39:39, 0.052s/step step= 1572000 episodes= 3275 eps=0.050 replay= 39936 loss=0.00001 ext100=0.000 total100=0.049
[train] 22:32:05<120:38:02, 0.052s/step step= 1574000 episodes= 3279 eps=0.050 replay= 39936 loss=0.00001 ext100=0.000 total100=0.049
[train] 22:33:48<120:36:22, 0.052s/step step= 1576000 episodes= 3283 eps=0.050 replay= 39936 loss=0.00001 ext100=0.000 total100=0.048
[train] 22:35:32<120:34:44, 0.052s/step step= 1578000 episodes= 3287 eps=0.050 replay= 39936 loss=0.00001 ext100=0.000 total100=0.048
[eval] step=1580000 episodes=3291 mean_ext_return=0.000
[train] 22:37:32<120:34:30, 0.052s/step step= 1580000 episodes= 3291 eps=0.050 replay= 39936 loss=0.00001 ext100=0.000 total100=0.049
[train] 22:39:16<120:32:50, 0.052s/step step= 1582000 episodes= 3295 eps=0.050 replay= 39936 loss=0.00001 ext100=0.000 total100=0.049
[train] 22:40:59<120:31:07, 0.052s/step step= 1584000 episodes= 3300 eps=0.050 replay= 39936 loss=0.00002 ext100=0.000 total100=0.049
[train] 22:42:43<120:29:27, 0.052s/step step= 1586000 episodes= 3304 eps=0.050 replay= 39936 loss=0.00003 ext100=0.000 total100=0.052
[train] 22:44:26<120:27:46, 0.052s/step step= 1588000 episodes= 3308 eps=0.050 replay= 39936 loss=0.00001 ext100=0.000 total100=0.052
[train] 22:46:10<120:26:06, 0.052s/step step= 1590000 episodes= 3312 eps=0.050 replay= 39936 loss=0.00002 ext100=0.000 total100=0.051
[train] 22:47:53<120:24:26, 0.052s/step step= 1592000 episodes= 3316 eps=0.050 replay= 39936 loss=0.00001 ext100=0.000 total100=0.052
[train] 22:49:37<120:22:47, 0.052s/step step= 1594000 episodes= 3320 eps=0.050 replay= 39936 loss=0.00002 ext100=0.000 total100=0.053
[train] 22:51:21<120:21:06, 0.052s/step step= 1596000 episodes= 3325 eps=0.050 replay= 39936 loss=0.00001 ext100=0.000 total100=0.053
[train] 22:53:05<120:19:28, 0.052s/step step= 1598000 episodes= 3329 eps=0.050 replay= 39936 loss=0.00001 ext100=0.000 total100=0.052
[eval] step=1600000 episodes=3333 mean_ext_return=0.000
[train] 22:55:05<120:19:12, 0.052s/step step= 1600000 episodes= 3333 eps=0.050 replay= 39936 loss=0.00001 ext100=0.000 total100=0.053
[train] 22:56:48<120:17:31, 0.052s/step step= 1602000 episodes= 3337 eps=0.050 replay= 39936 loss=0.00002 ext100=0.000 total100=0.054
[train] 22:58:31<120:15:47, 0.052s/step step= 1604000 episodes= 3341 eps=0.050 replay= 39936 loss=0.00001 ext100=0.000 total100=0.055
[train] 23:00:15<120:14:07, 0.052s/step step= 1606000 episodes= 3345 eps=0.050 replay= 39936 loss=0.00000 ext100=0.000 total100=0.055
[train] 23:01:59<120:12:26, 0.052s/step step= 1608000 episodes= 3350 eps=0.050 replay= 39936 loss=0.00001 ext100=0.000 total100=0.056
[train] 23:03:42<120:10:45, 0.052s/step step= 1610000 episodes= 3354 eps=0.050 replay= 39936 loss=0.00002 ext100=0.000 total100=0.055
[train] 23:05:26<120:09:05, 0.052s/step step= 1612000 episodes= 3358 eps=0.050 replay= 39936 loss=0.00001 ext100=0.000 total100=0.054
[train] 23:07:10<120:07:26, 0.052s/step step= 1614000 episodes= 3362 eps=0.050 replay= 39936 loss=0.00001 ext100=0.000 total100=0.054
[train] 23:08:53<120:05:45, 0.052s/step step= 1616000 episodes= 3366 eps=0.050 replay= 39936 loss=0.00001 ext100=0.000 total100=0.052
[train] 23:10:37<120:04:06, 0.052s/step step= 1618000 episodes= 3370 eps=0.050 replay= 39936 loss=0.00002 ext100=0.000 total100=0.051
[eval] step=1620000 episodes=3375 mean_ext_return=0.000
[train] 23:12:37<120:03:49, 0.052s/step step= 1620000 episodes= 3375 eps=0.050 replay= 39936 loss=0.00002 ext100=0.000 total100=0.051
[train] 23:14:21<120:02:09, 0.052s/step step= 1622000 episodes= 3379 eps=0.050 replay= 39936 loss=0.00002 ext100=0.000 total100=0.052
[train] 23:16:04<120:00:26, 0.052s/step step= 1624000 episodes= 3383 eps=0.050 replay= 39936 loss=0.00002 ext100=0.000 total100=0.053
[train] 23:17:47<119:58:45, 0.052s/step step= 1626000 episodes= 3387 eps=0.050 replay= 39936 loss=0.00002 ext100=0.000 total100=0.053
[train] 23:19:31<119:57:03, 0.052s/step step= 1628000 episodes= 3391 eps=0.050 replay= 39936 loss=0.00001 ext100=0.000 total100=0.053
[train] 23:21:15<119:55:22, 0.052s/step step= 1630000 episodes= 3395 eps=0.050 replay= 39936 loss=0.00001 ext100=0.000 total100=0.054
[train] 23:22:58<119:53:42, 0.052s/step step= 1632000 episodes= 3400 eps=0.050 replay= 39936 loss=0.00001 ext100=0.000 total100=0.053
[train] 23:24:42<119:52:02, 0.052s/step step= 1634000 episodes= 3404 eps=0.050 replay= 39936 loss=0.00003 ext100=0.000 total100=0.053
[train] 23:26:26<119:50:22, 0.052s/step step= 1636000 episodes= 3408 eps=0.050 replay= 39936 loss=0.00004 ext100=0.000 total100=0.054
[train] 23:28:10<119:48:44, 0.052s/step step= 1638000 episodes= 3412 eps=0.050 replay= 39936 loss=0.00003 ext100=0.000 total100=0.055
[eval] step=1640000 episodes=3416 mean_ext_return=0.000
[train] 23:30:10<119:48:25, 0.052s/step step= 1640000 episodes= 3416 eps=0.050 replay= 39936 loss=0.00002 ext100=0.000 total100=0.055
[train] 23:31:53<119:46:44, 0.052s/step step= 1642000 episodes= 3420 eps=0.050 replay= 39936 loss=0.00003 ext100=0.000 total100=0.055
[train] 23:33:36<119:45:00, 0.052s/step step= 1644000 episodes= 3425 eps=0.050 replay= 39936 loss=0.00002 ext100=0.000 total100=0.053
[train] 23:35:20<119:43:19, 0.052s/step step= 1646000 episodes= 3429 eps=0.050 replay= 39936 loss=0.00002 ext100=0.000 total100=0.053
[train] 23:37:03<119:41:37, 0.052s/step step= 1648000 episodes= 3433 eps=0.050 replay= 39936 loss=0.00002 ext100=0.000 total100=0.054
[train] 23:38:47<119:39:56, 0.052s/step step= 1650000 episodes= 3437 eps=0.050 replay= 39936 loss=0.00002 ext100=0.000 total100=0.055
[train] 23:40:31<119:38:15, 0.052s/step step= 1652000 episodes= 3441 eps=0.050 replay= 39936 loss=0.00003 ext100=0.000 total100=0.055
[train] 23:42:15<119:36:36, 0.052s/step step= 1654000 episodes= 3445 eps=0.050 replay= 39936 loss=0.00001 ext100=0.000 total100=0.053
[train] 23:43:58<119:34:55, 0.052s/step step= 1656000 episodes= 3450 eps=0.050 replay= 39936 loss=0.00003 ext100=0.000 total100=0.053
[train] 23:45:42<119:33:16, 0.052s/step step= 1658000 episodes= 3454 eps=0.050 replay= 39936 loss=0.00002 ext100=0.000 total100=0.054
[eval] step=1660000 episodes=3458 mean_ext_return=0.000
[train] 23:47:42<119:32:56, 0.052s/step step= 1660000 episodes= 3458 eps=0.050 replay= 39936 loss=0.00002 ext100=0.000 total100=0.053
[train] 23:49:26<119:31:15, 0.052s/step step= 1662000 episodes= 3462 eps=0.050 replay= 39936 loss=0.00001 ext100=0.000 total100=0.054
[train] 23:51:09<119:29:32, 0.052s/step step= 1664000 episodes= 3466 eps=0.050 replay= 39936 loss=0.00001 ext100=0.000 total100=0.056
[train] 23:52:52<119:27:51, 0.052s/step step= 1666000 episodes= 3470 eps=0.050 replay= 39936 loss=0.00003 ext100=0.000 total100=0.057
[train] 23:54:36<119:26:10, 0.052s/step step= 1668000 episodes= 3475 eps=0.050 replay= 39936 loss=0.00001 ext100=0.000 total100=0.058
[train] 23:56:20<119:24:29, 0.052s/step step= 1670000 episodes= 3479 eps=0.050 replay= 39936 loss=0.00001 ext100=0.000 total100=0.057
[train] 23:58:03<119:22:48, 0.052s/step step= 1672000 episodes= 3483 eps=0.050 replay= 39936 loss=0.00001 ext100=0.000 total100=0.056
[train] 23:59:47<119:21:09, 0.052s/step step= 1674000 episodes= 3487 eps=0.050 replay= 39936 loss=0.00002 ext100=0.000 total100=0.056
[train] 24:01:31<119:19:28, 0.052s/step step= 1676000 episodes= 3491 eps=0.050 replay= 39936 loss=0.00001 ext100=0.000 total100=0.055
[train] 24:03:15<119:17:48, 0.052s/step step= 1678000 episodes= 3495 eps=0.050 replay= 39936 loss=0.00001 ext100=0.000 total100=0.054
[eval] step=1680000 episodes=3500 mean_ext_return=0.000
[train] 24:05:15<119:17:27, 0.052s/step step= 1680000 episodes= 3500 eps=0.050 replay= 39936 loss=0.00001 ext100=0.000 total100=0.055
[train] 24:06:58<119:15:45, 0.052s/step step= 1682000 episodes= 3504 eps=0.050 replay= 39936 loss=0.00002 ext100=0.000 total100=0.056
[train] 24:08:41<119:14:01, 0.052s/step step= 1684000 episodes= 3508 eps=0.050 replay= 39936 loss=0.00001 ext100=0.000 total100=0.057
[train] 24:10:25<119:12:19, 0.052s/step step= 1686000 episodes= 3512 eps=0.050 replay= 39936 loss=0.00001 ext100=0.000 total100=0.057
[train] 24:12:08<119:10:37, 0.052s/step step= 1688000 episodes= 3516 eps=0.050 replay= 39936 loss=0.00001 ext100=0.000 total100=0.057
[train] 24:13:52<119:08:56, 0.052s/step step= 1690000 episodes= 3520 eps=0.050 replay= 39936 loss=0.00002 ext100=0.000 total100=0.057
[train] 24:15:36<119:07:14, 0.052s/step step= 1692000 episodes= 3525 eps=0.050 replay= 39936 loss=0.00002 ext100=0.000 total100=0.058
[train] 24:17:20<119:05:35, 0.052s/step step= 1694000 episodes= 3529 eps=0.050 replay= 39936 loss=0.00001 ext100=0.000 total100=0.058
[train] 24:19:03<119:03:53, 0.052s/step step= 1696000 episodes= 3533 eps=0.050 replay= 39936 loss=0.00001 ext100=0.000 total100=0.057
[train] 24:20:47<119:02:14, 0.052s/step step= 1698000 episodes= 3537 eps=0.050 replay= 39936 loss=0.00001 ext100=0.000 total100=0.055
[eval] step=1700000 episodes=3541 mean_ext_return=0.000
[train] 24:22:47<119:01:51, 0.052s/step step= 1700000 episodes= 3541 eps=0.050 replay= 39936 loss=0.00001 ext100=0.000 total100=0.054
[train] 24:24:31<119:00:10, 0.052s/step step= 1702000 episodes= 3545 eps=0.050 replay= 39936 loss=0.00001 ext100=0.000 total100=0.056
[train] 24:26:14<118:58:26, 0.052s/step step= 1704000 episodes= 3550 eps=0.050 replay= 39936 loss=0.00001 ext100=0.000 total100=0.055
[train] 24:27:57<118:56:44, 0.052s/step step= 1706000 episodes= 3554 eps=0.050 replay= 39936 loss=0.00003 ext100=0.000 total100=0.055
[train] 24:29:41<118:55:02, 0.052s/step step= 1708000 episodes= 3558 eps=0.050 replay= 39936 loss=0.00001 ext100=0.000 total100=0.054
[train] 24:31:24<118:53:21, 0.052s/step step= 1710000 episodes= 3562 eps=0.050 replay= 39936 loss=0.00001 ext100=0.000 total100=0.053
[train] 24:33:08<118:51:39, 0.052s/step step= 1712000 episodes= 3566 eps=0.050 replay= 39936 loss=0.00001 ext100=0.000 total100=0.053
[train] 24:34:52<118:50:00, 0.052s/step step= 1714000 episodes= 3570 eps=0.050 replay= 39936 loss=0.00003 ext100=0.000 total100=0.053
[train] 24:36:36<118:48:19, 0.052s/step step= 1716000 episodes= 3575 eps=0.050 replay= 39936 loss=0.00002 ext100=0.000 total100=0.053
[train] 24:38:20<118:46:39, 0.052s/step step= 1718000 episodes= 3579 eps=0.050 replay= 39936 loss=0.00001 ext100=0.000 total100=0.053
[eval] step=1720000 episodes=3583 mean_ext_return=0.000
[train] 24:40:20<118:46:15, 0.052s/step step= 1720000 episodes= 3583 eps=0.050 replay= 39936 loss=0.00001 ext100=0.000 total100=0.053
[train] 24:42:03<118:44:34, 0.052s/step step= 1722000 episodes= 3587 eps=0.050 replay= 39936 loss=0.00002 ext100=0.000 total100=0.052
[train] 24:43:46<118:42:49, 0.052s/step step= 1724000 episodes= 3591 eps=0.050 replay= 39936 loss=0.00001 ext100=0.000 total100=0.052
[train] 24:45:30<118:41:08, 0.052s/step step= 1726000 episodes= 3595 eps=0.050 replay= 39936 loss=0.00001 ext100=0.000 total100=0.053
[train] 24:47:13<118:39:26, 0.052s/step step= 1728000 episodes= 3600 eps=0.050 replay= 39936 loss=0.00002 ext100=0.000 total100=0.053
[train] 24:48:57<118:37:44, 0.052s/step step= 1730000 episodes= 3604 eps=0.050 replay= 39936 loss=0.00004 ext100=0.000 total100=0.053
[train] 24:50:41<118:36:02, 0.052s/step step= 1732000 episodes= 3608 eps=0.050 replay= 39936 loss=0.00001 ext100=0.000 total100=0.051
[train] 24:52:25<118:34:23, 0.052s/step step= 1734000 episodes= 3612 eps=0.050 replay= 39936 loss=0.00001 ext100=0.000 total100=0.051
[train] 24:54:08<118:32:41, 0.052s/step step= 1736000 episodes= 3616 eps=0.050 replay= 39936 loss=0.00001 ext100=0.000 total100=0.050
[train] 24:55:52<118:31:01, 0.052s/step step= 1738000 episodes= 3620 eps=0.050 replay= 39936 loss=0.00002 ext100=0.000 total100=0.051
[eval] step=1740000 episodes=3625 mean_ext_return=0.000
[train] 24:57:52<118:30:36, 0.052s/step step= 1740000 episodes= 3625 eps=0.050 replay= 39936 loss=0.00001 ext100=0.000 total100=0.051
[train] 24:59:36<118:28:54, 0.052s/step step= 1742000 episodes= 3629 eps=0.050 replay= 39936 loss=0.00001 ext100=0.000 total100=0.051
[train] 25:01:19<118:27:10, 0.052s/step step= 1744000 episodes= 3633 eps=0.050 replay= 39936 loss=0.00001 ext100=0.000 total100=0.051
[train] 25:03:02<118:25:28, 0.052s/step step= 1746000 episodes= 3637 eps=0.050 replay= 39936 loss=0.00003 ext100=0.000 total100=0.051
[train] 25:04:46<118:23:47, 0.052s/step step= 1748000 episodes= 3641 eps=0.050 replay= 39936 loss=0.00001 ext100=0.000 total100=0.051
[train] 25:06:30<118:22:05, 0.052s/step step= 1750000 episodes= 3645 eps=0.050 replay= 39936 loss=0.00001 ext100=0.000 total100=0.051
[train] 25:08:13<118:20:23, 0.052s/step step= 1752000 episodes= 3650 eps=0.050 replay= 39936 loss=0.00001 ext100=0.000 total100=0.052
[train] 25:09:57<118:18:43, 0.052s/step step= 1754000 episodes= 3654 eps=0.050 replay= 39936 loss=0.00003 ext100=0.000 total100=0.053
[train] 25:11:41<118:17:02, 0.052s/step step= 1756000 episodes= 3658 eps=0.050 replay= 39936 loss=0.00001 ext100=0.000 total100=0.055
[train] 25:13:25<118:15:22, 0.052s/step step= 1758000 episodes= 3662 eps=0.050 replay= 39936 loss=0.00001 ext100=0.000 total100=0.055
[eval] step=1760000 episodes=3666 mean_ext_return=0.000
[train] 25:15:25<118:14:56, 0.052s/step step= 1760000 episodes= 3666 eps=0.050 replay= 39936 loss=0.00001 ext100=0.000 total100=0.056
[train] 25:17:08<118:13:13, 0.052s/step step= 1762000 episodes= 3670 eps=0.050 replay= 39936 loss=0.00003 ext100=0.000 total100=0.056
[train] 25:18:51<118:11:29, 0.052s/step step= 1764000 episodes= 3675 eps=0.050 replay= 39936 loss=0.00002 ext100=0.000 total100=0.056
[train] 25:20:35<118:09:47, 0.052s/step step= 1766000 episodes= 3679 eps=0.050 replay= 39936 loss=0.00001 ext100=0.000 total100=0.055
[train] 25:22:19<118:08:05, 0.052s/step step= 1768000 episodes= 3683 eps=0.050 replay= 39936 loss=0.00001 ext100=0.000 total100=0.055
[train] 25:24:02<118:06:23, 0.052s/step step= 1770000 episodes= 3687 eps=0.050 replay= 39936 loss=0.00002 ext100=0.000 total100=0.056
[train] 25:25:46<118:04:40, 0.052s/step step= 1772000 episodes= 3691 eps=0.050 replay= 39936 loss=0.00001 ext100=0.000 total100=0.057
[train] 25:27:30<118:03:00, 0.052s/step step= 1774000 episodes= 3695 eps=0.050 replay= 39936 loss=0.00001 ext100=0.000 total100=0.057
[train] 25:29:14<118:01:19, 0.052s/step step= 1776000 episodes= 3700 eps=0.050 replay= 39936 loss=0.00002 ext100=0.000 total100=0.057
[train] 25:30:58<117:59:39, 0.052s/step step= 1778000 episodes= 3704 eps=0.050 replay= 39936 loss=0.00003 ext100=0.000 total100=0.057
[eval] step=1780000 episodes=3708 mean_ext_return=0.000
[train] 25:32:57<117:59:11, 0.052s/step step= 1780000 episodes= 3708 eps=0.050 replay= 39936 loss=0.00001 ext100=0.000 total100=0.058
[train] 25:34:41<117:57:29, 0.052s/step step= 1782000 episodes= 3712 eps=0.050 replay= 39936 loss=0.00001 ext100=0.000 total100=0.058
[train] 25:36:24<117:55:45, 0.052s/step step= 1784000 episodes= 3716 eps=0.050 replay= 39936 loss=0.00001 ext100=0.000 total100=0.058
[train] 25:38:08<117:54:03, 0.052s/step step= 1786000 episodes= 3720 eps=0.050 replay= 39936 loss=0.00002 ext100=0.000 total100=0.057
[train] 25:39:51<117:52:20, 0.052s/step step= 1788000 episodes= 3725 eps=0.050 replay= 39936 loss=0.00002 ext100=0.000 total100=0.058
[train] 25:41:35<117:50:38, 0.052s/step step= 1790000 episodes= 3729 eps=0.050 replay= 39936 loss=0.00002 ext100=0.000 total100=0.058
[train] 25:43:18<117:48:55, 0.052s/step step= 1792000 episodes= 3733 eps=0.050 replay= 39936 loss=0.00001 ext100=0.000 total100=0.058
[train] 25:45:02<117:47:15, 0.052s/step step= 1794000 episodes= 3737 eps=0.050 replay= 39936 loss=0.00002 ext100=0.000 total100=0.059
[train] 25:46:46<117:45:33, 0.052s/step step= 1796000 episodes= 3741 eps=0.050 replay= 39936 loss=0.00001 ext100=0.000 total100=0.061
[train] 25:48:30<117:43:53, 0.052s/step step= 1798000 episodes= 3745 eps=0.050 replay= 39936 loss=0.00001 ext100=0.000 total100=0.061
[eval] step=1800000 episodes=3750 mean_ext_return=0.000
[train] 25:50:30<117:43:24, 0.052s/step step= 1800000 episodes= 3750 eps=0.050 replay= 39936 loss=0.00002 ext100=0.000 total100=0.061
[train] 25:52:13<117:41:42, 0.052s/step step= 1802000 episodes= 3754 eps=0.050 replay= 39936 loss=0.00006 ext100=0.000 total100=0.060
[train] 25:53:57<117:39:58, 0.052s/step step= 1804000 episodes= 3758 eps=0.050 replay= 39936 loss=0.00001 ext100=0.000 total100=0.059
[train] 25:55:40<117:38:16, 0.052s/step step= 1806000 episodes= 3762 eps=0.050 replay= 39936 loss=0.00001 ext100=0.000 total100=0.059
[train] 25:57:24<117:36:34, 0.052s/step step= 1808000 episodes= 3766 eps=0.050 replay= 39936 loss=0.00001 ext100=0.000 total100=0.057
[train] 25:59:07<117:34:51, 0.052s/step step= 1810000 episodes= 3770 eps=0.050 replay= 39936 loss=0.00003 ext100=0.000 total100=0.055
[train] 26:00:51<117:33:09, 0.052s/step step= 1812000 episodes= 3775 eps=0.050 replay= 39936 loss=0.00001 ext100=0.000 total100=0.054
[train] 26:02:35<117:31:28, 0.052s/step step= 1814000 episodes= 3779 eps=0.050 replay= 39936 loss=0.00001 ext100=0.000 total100=0.055
[train] 26:04:19<117:29:46, 0.052s/step step= 1816000 episodes= 3783 eps=0.050 replay= 39936 loss=0.00001 ext100=0.000 total100=0.054
[train] 26:06:03<117:28:06, 0.052s/step step= 1818000 episodes= 3787 eps=0.050 replay= 39936 loss=0.00003 ext100=0.000 total100=0.051
[eval] step=1820000 episodes=3791 mean_ext_return=0.000
[train] 26:08:03<117:27:36, 0.052s/step step= 1820000 episodes= 3791 eps=0.050 replay= 39936 loss=0.00001 ext100=0.000 total100=0.050
[train] 26:09:46<117:25:53, 0.052s/step step= 1822000 episodes= 3795 eps=0.050 replay= 39936 loss=0.00002 ext100=0.000 total100=0.049
[train] 26:11:29<117:24:09, 0.052s/step step= 1824000 episodes= 3800 eps=0.050 replay= 39936 loss=0.00001 ext100=0.000 total100=0.048
[train] 26:13:13<117:22:27, 0.052s/step step= 1826000 episodes= 3804 eps=0.050 replay= 39936 loss=0.00002 ext100=0.000 total100=0.047
[train] 26:14:56<117:20:44, 0.052s/step step= 1828000 episodes= 3808 eps=0.050 replay= 39936 loss=0.00001 ext100=0.000 total100=0.043
[train] 26:16:40<117:19:01, 0.052s/step step= 1830000 episodes= 3812 eps=0.050 replay= 39936 loss=0.00001 ext100=0.000 total100=0.041
[train] 26:18:24<117:17:19, 0.052s/step step= 1832000 episodes= 3816 eps=0.050 replay= 39936 loss=0.00001 ext100=0.000 total100=0.041
[train] 26:20:08<117:15:39, 0.052s/step step= 1834000 episodes= 3820 eps=0.050 replay= 39936 loss=0.00003 ext100=0.000 total100=0.042
[train] 26:21:51<117:13:56, 0.052s/step step= 1836000 episodes= 3825 eps=0.050 replay= 39936 loss=0.00001 ext100=0.000 total100=0.041
[train] 26:23:35<117:12:15, 0.052s/step step= 1838000 episodes= 3829 eps=0.050 replay= 39936 loss=0.00001 ext100=0.000 total100=0.040
[eval] step=1840000 episodes=3833 mean_ext_return=0.000
[train] 26:25:35<117:11:44, 0.052s/step step= 1840000 episodes= 3833 eps=0.050 replay= 39936 loss=0.00001 ext100=0.000 total100=0.041
[train] 26:27:19<117:10:02, 0.052s/step step= 1842000 episodes= 3837 eps=0.050 replay= 39936 loss=0.00005 ext100=0.000 total100=0.040
[train] 26:29:02<117:08:18, 0.052s/step step= 1844000 episodes= 3841 eps=0.050 replay= 39936 loss=0.00002 ext100=0.000 total100=0.038
[train] 26:30:45<117:06:35, 0.052s/step step= 1846000 episodes= 3845 eps=0.050 replay= 39936 loss=0.00001 ext100=0.000 total100=0.038
[train] 26:32:29<117:04:52, 0.052s/step step= 1848000 episodes= 3850 eps=0.050 replay= 39936 loss=0.00001 ext100=0.000 total100=0.039
[train] 26:34:13<117:03:10, 0.052s/step step= 1850000 episodes= 3854 eps=0.050 replay= 39936 loss=0.00002 ext100=0.000 total100=0.039
[train] 26:35:56<117:01:28, 0.052s/step step= 1852000 episodes= 3858 eps=0.050 replay= 39936 loss=0.00001 ext100=0.000 total100=0.038
[train] 26:37:40<116:59:47, 0.052s/step step= 1854000 episodes= 3862 eps=0.050 replay= 39936 loss=0.00001 ext100=0.000 total100=0.038
[train] 26:39:24<116:58:04, 0.052s/step step= 1856000 episodes= 3866 eps=0.050 replay= 39936 loss=0.00001 ext100=0.000 total100=0.039
[train] 26:41:08<116:56:24, 0.052s/step step= 1858000 episodes= 3870 eps=0.050 replay= 39936 loss=0.00002 ext100=0.000 total100=0.041
[eval] step=1860000 episodes=3875 mean_ext_return=0.000
[train] 26:43:08<116:55:52, 0.052s/step step= 1860000 episodes= 3875 eps=0.050 replay= 39936 loss=0.00002 ext100=0.000 total100=0.043
[train] 26:44:51<116:54:09, 0.052s/step step= 1862000 episodes= 3879 eps=0.050 replay= 39936 loss=0.00001 ext100=0.000 total100=0.043
[train] 26:46:34<116:52:25, 0.052s/step step= 1864000 episodes= 3883 eps=0.050 replay= 39936 loss=0.00001 ext100=0.000 total100=0.044
[train] 26:48:18<116:50:42, 0.052s/step step= 1866000 episodes= 3887 eps=0.050 replay= 39936 loss=0.00003 ext100=0.000 total100=0.046
[train] 26:50:02<116:48:59, 0.052s/step step= 1868000 episodes= 3891 eps=0.050 replay= 39936 loss=0.00001 ext100=0.000 total100=0.046
[train] 26:51:45<116:47:17, 0.052s/step step= 1870000 episodes= 3895 eps=0.050 replay= 39936 loss=0.00001 ext100=0.000 total100=0.046
[train] 26:53:29<116:45:35, 0.052s/step step= 1872000 episodes= 3900 eps=0.050 replay= 39936 loss=0.00001 ext100=0.000 total100=0.047
[train] 26:55:13<116:43:54, 0.052s/step step= 1874000 episodes= 3904 eps=0.050 replay= 39936 loss=0.00002 ext100=0.000 total100=0.048
[train] 26:56:57<116:42:11, 0.052s/step step= 1876000 episodes= 3908 eps=0.050 replay= 39936 loss=0.00001 ext100=0.000 total100=0.051
[train] 26:58:41<116:40:30, 0.052s/step step= 1878000 episodes= 3912 eps=0.050 replay= 39936 loss=0.00001 ext100=0.000 total100=0.053
[eval] step=1880000 episodes=3916 mean_ext_return=0.000
[train] 27:00:40<116:39:57, 0.052s/step step= 1880000 episodes= 3916 eps=0.050 replay= 39936 loss=0.00001 ext100=0.000 total100=0.054
[train] 27:02:24<116:38:14, 0.052s/step step= 1882000 episodes= 3920 eps=0.050 replay= 39936 loss=0.00002 ext100=0.000 total100=0.054
[train] 27:04:07<116:36:28, 0.052s/step step= 1884000 episodes= 3925 eps=0.050 replay= 39936 loss=0.00001 ext100=0.000 total100=0.054
[train] 27:05:50<116:34:45, 0.052s/step step= 1886000 episodes= 3929 eps=0.050 replay= 39936 loss=0.00001 ext100=0.000 total100=0.055
[train] 27:07:34<116:33:02, 0.052s/step step= 1888000 episodes= 3933 eps=0.050 replay= 39936 loss=0.00001 ext100=0.000 total100=0.055
[train] 27:09:17<116:31:20, 0.052s/step step= 1890000 episodes= 3937 eps=0.050 replay= 39936 loss=0.00003 ext100=0.000 total100=0.056
[train] 27:11:01<116:29:36, 0.052s/step step= 1892000 episodes= 3941 eps=0.050 replay= 39936 loss=0.00001 ext100=0.000 total100=0.055
[train] 27:12:45<116:27:56, 0.052s/step step= 1894000 episodes= 3945 eps=0.050 replay= 39936 loss=0.00001 ext100=0.000 total100=0.054
[train] 27:14:29<116:26:13, 0.052s/step step= 1896000 episodes= 3950 eps=0.050 replay= 39936 loss=0.00001 ext100=0.000 total100=0.053
[train] 27:16:13<116:24:32, 0.052s/step step= 1898000 episodes= 3954 eps=0.050 replay= 39936 loss=0.00002 ext100=0.000 total100=0.053
[eval] step=1900000 episodes=3958 mean_ext_return=0.000
[train] 27:18:13<116:23:58, 0.052s/step step= 1900000 episodes= 3958 eps=0.050 replay= 39936 loss=0.00001 ext100=0.000 total100=0.054
[train] 27:19:56<116:22:15, 0.052s/step step= 1902000 episodes= 3962 eps=0.050 replay= 39936 loss=0.00001 ext100=0.000 total100=0.054
[train] 27:21:39<116:20:30, 0.052s/step step= 1904000 episodes= 3966 eps=0.050 replay= 39936 loss=0.00001 ext100=0.000 total100=0.053
[train] 27:23:23<116:18:48, 0.052s/step step= 1906000 episodes= 3970 eps=0.050 replay= 39936 loss=0.00003 ext100=0.000 total100=0.054
[train] 27:25:07<116:17:05, 0.052s/step step= 1908000 episodes= 3975 eps=0.050 replay= 39936 loss=0.00001 ext100=0.000 total100=0.053
[train] 27:26:50<116:15:22, 0.052s/step step= 1910000 episodes= 3979 eps=0.050 replay= 39936 loss=0.00001 ext100=0.000 total100=0.054
[train] 27:28:34<116:13:38, 0.052s/step step= 1912000 episodes= 3983 eps=0.050 replay= 39936 loss=0.00001 ext100=0.000 total100=0.054
[train] 27:30:18<116:11:57, 0.052s/step step= 1914000 episodes= 3987 eps=0.050 replay= 39936 loss=0.00002 ext100=0.000 total100=0.053
[train] 27:32:01<116:10:14, 0.052s/step step= 1916000 episodes= 3991 eps=0.050 replay= 39936 loss=0.00001 ext100=0.000 total100=0.053
[train] 27:33:45<116:08:33, 0.052s/step step= 1918000 episodes= 3995 eps=0.050 replay= 39936 loss=0.00001 ext100=0.000 total100=0.053
[eval] step=1920000 episodes=4000 mean_ext_return=0.000
[train] 27:35:45<116:07:57, 0.052s/step step= 1920000 episodes= 4000 eps=0.050 replay= 39936 loss=0.00001 ext100=0.000 total100=0.053
[train] 27:37:28<116:06:15, 0.052s/step step= 1922000 episodes= 4004 eps=0.050 replay= 39936 loss=0.00003 ext100=0.000 total100=0.052
[train] 27:39:12<116:04:30, 0.052s/step step= 1924000 episodes= 4008 eps=0.050 replay= 39936 loss=0.00002 ext100=0.000 total100=0.052
[train] 27:40:55<116:02:47, 0.052s/step step= 1926000 episodes= 4012 eps=0.050 replay= 39936 loss=0.00001 ext100=0.000 total100=0.052
[train] 27:42:39<116:01:04, 0.052s/step step= 1928000 episodes= 4016 eps=0.050 replay= 39936 loss=0.00001 ext100=0.000 total100=0.052
[train] 27:44:22<115:59:20, 0.052s/step step= 1930000 episodes= 4020 eps=0.050 replay= 39936 loss=0.00002 ext100=0.000 total100=0.051
[train] 27:46:06<115:57:37, 0.052s/step step= 1932000 episodes= 4025 eps=0.050 replay= 39936 loss=0.00001 ext100=0.000 total100=0.053
[train] 27:47:50<115:55:56, 0.052s/step step= 1934000 episodes= 4029 eps=0.050 replay= 39936 loss=0.00001 ext100=0.000 total100=0.052
[train] 27:49:33<115:54:13, 0.052s/step step= 1936000 episodes= 4033 eps=0.050 replay= 39936 loss=0.00001 ext100=0.000 total100=0.051
[train] 27:51:17<115:52:31, 0.052s/step step= 1938000 episodes= 4037 eps=0.050 replay= 39936 loss=0.00003 ext100=0.000 total100=0.050
[eval] step=1940000 episodes=4041 mean_ext_return=0.000
[train] 27:53:17<115:51:55, 0.052s/step step= 1940000 episodes= 4041 eps=0.050 replay= 39936 loss=0.00001 ext100=0.000 total100=0.050
[train] 27:55:01<115:50:12, 0.052s/step step= 1942000 episodes= 4045 eps=0.050 replay= 39936 loss=0.00001 ext100=0.000 total100=0.050
[train] 27:56:44<115:48:27, 0.052s/step step= 1944000 episodes= 4050 eps=0.050 replay= 39936 loss=0.00002 ext100=0.000 total100=0.050
[train] 27:58:27<115:46:43, 0.052s/step step= 1946000 episodes= 4054 eps=0.050 replay= 39936 loss=0.00001 ext100=0.000 total100=0.050
[train] 28:00:11<115:45:00, 0.052s/step step= 1948000 episodes= 4058 eps=0.050 replay= 39936 loss=0.00001 ext100=0.000 total100=0.050
[train] 28:01:54<115:43:17, 0.052s/step step= 1950000 episodes= 4062 eps=0.050 replay= 39936 loss=0.00001 ext100=0.000 total100=0.049
[train] 28:03:38<115:41:34, 0.052s/step step= 1952000 episodes= 4066 eps=0.050 replay= 39936 loss=0.00001 ext100=0.000 total100=0.049
[train] 28:05:22<115:39:52, 0.052s/step step= 1954000 episodes= 4070 eps=0.050 replay= 39936 loss=0.00002 ext100=0.000 total100=0.047
[train] 28:07:06<115:38:09, 0.052s/step step= 1956000 episodes= 4075 eps=0.050 replay= 39936 loss=0.00001 ext100=0.000 total100=0.047
[train] 28:08:50<115:36:28, 0.052s/step step= 1958000 episodes= 4079 eps=0.050 replay= 39936 loss=0.00001 ext100=0.000 total100=0.046
[eval] step=1960000 episodes=4083 mean_ext_return=0.000
[train] 28:10:49<115:35:51, 0.052s/step step= 1960000 episodes= 4083 eps=0.050 replay= 39936 loss=0.00001 ext100=0.000 total100=0.045
[train] 28:12:33<115:34:07, 0.052s/step step= 1962000 episodes= 4087 eps=0.050 replay= 39936 loss=0.00002 ext100=0.000 total100=0.045
[train] 28:14:16<115:32:22, 0.052s/step step= 1964000 episodes= 4091 eps=0.050 replay= 39936 loss=0.00001 ext100=0.000 total100=0.045
[train] 28:16:00<115:30:39, 0.052s/step step= 1966000 episodes= 4095 eps=0.050 replay= 39936 loss=0.00001 ext100=0.000 total100=0.046
[train] 28:17:43<115:28:55, 0.052s/step step= 1968000 episodes= 4100 eps=0.050 replay= 39936 loss=0.00001 ext100=0.000 total100=0.043
[train] 28:19:27<115:27:12, 0.052s/step step= 1970000 episodes= 4104 eps=0.050 replay= 39936 loss=0.00002 ext100=0.000 total100=0.042
[train] 28:21:11<115:25:33, 0.052s/step step= 1972000 episodes= 4108 eps=0.050 replay= 39936 loss=0.00001 ext100=0.000 total100=0.044
[train] 28:22:55<115:23:52, 0.052s/step step= 1974000 episodes= 4112 eps=0.050 replay= 39936 loss=0.00001 ext100=0.000 total100=0.044
[train] 28:24:39<115:22:09, 0.052s/step step= 1976000 episodes= 4116 eps=0.050 replay= 39936 loss=0.00001 ext100=0.000 total100=0.043
[train] 28:26:23<115:20:28, 0.052s/step step= 1978000 episodes= 4120 eps=0.050 replay= 39936 loss=0.00001 ext100=0.000 total100=0.044
[eval] step=1980000 episodes=4125 mean_ext_return=0.000
[train] 28:28:23<115:19:49, 0.052s/step step= 1980000 episodes= 4125 eps=0.050 replay= 39936 loss=0.00001 ext100=0.000 total100=0.042
[train] 28:30:06<115:18:07, 0.052s/step step= 1982000 episodes= 4129 eps=0.050 replay= 39936 loss=0.00001 ext100=0.000 total100=0.042
[train] 28:31:50<115:16:21, 0.052s/step step= 1984000 episodes= 4133 eps=0.050 replay= 39936 loss=0.00001 ext100=0.000 total100=0.043
[train] 28:33:33<115:14:39, 0.052s/step step= 1986000 episodes= 4137 eps=0.050 replay= 39936 loss=0.00002 ext100=0.000 total100=0.044
[train] 28:35:17<115:12:55, 0.052s/step step= 1988000 episodes= 4141 eps=0.050 replay= 39936 loss=0.00001 ext100=0.000 total100=0.045
[train] 28:37:00<115:11:12, 0.052s/step step= 1990000 episodes= 4145 eps=0.050 replay= 39936 loss=0.00001 ext100=0.000 total100=0.045
[train] 28:38:44<115:09:28, 0.052s/step step= 1992000 episodes= 4150 eps=0.050 replay= 39936 loss=0.00001 ext100=0.000 total100=0.045
[train] 28:40:28<115:07:47, 0.052s/step step= 1994000 episodes= 4154 eps=0.050 replay= 39936 loss=0.00003 ext100=0.000 total100=0.045
[train] 28:42:12<115:06:03, 0.052s/step step= 1996000 episodes= 4158 eps=0.050 replay= 39936 loss=0.00001 ext100=0.000 total100=0.045
[train] 28:43:56<115:04:22, 0.052s/step step= 1998000 episodes= 4162 eps=0.050 replay= 39936 loss=0.00001 ext100=0.000 total100=0.046
[eval] step=2000000 episodes=4166 mean_ext_return=0.000
[train] 28:45:55<115:03:43, 0.052s/step step= 2000000 episodes= 4166 eps=0.050 replay= 39936 loss=0.00001 ext100=0.000 total100=0.048
[train] 28:47:39<115:02:00, 0.052s/step step= 2002000 episodes= 4170 eps=0.050 replay= 39936 loss=0.00002 ext100=0.000 total100=0.047
[train] 28:49:22<115:00:15, 0.052s/step step= 2004000 episodes= 4175 eps=0.050 replay= 39936 loss=0.00001 ext100=0.000 total100=0.047
[train] 28:51:06<114:58:32, 0.052s/step step= 2006000 episodes= 4179 eps=0.050 replay= 39936 loss=0.00001 ext100=0.000 total100=0.048
[train] 28:52:50<114:56:48, 0.052s/step step= 2008000 episodes= 4183 eps=0.050 replay= 39936 loss=0.00001 ext100=0.000 total100=0.049
[train] 28:54:33<114:55:05, 0.052s/step step= 2010000 episodes= 4187 eps=0.050 replay= 39936 loss=0.00003 ext100=0.000 total100=0.050
[train] 28:56:17<114:53:21, 0.052s/step step= 2012000 episodes= 4191 eps=0.050 replay= 39936 loss=0.00001 ext100=0.000 total100=0.050
[train] 28:58:01<114:51:39, 0.052s/step step= 2014000 episodes= 4195 eps=0.050 replay= 39936 loss=0.00001 ext100=0.000 total100=0.050
[train] 28:59:44<114:49:56, 0.052s/step step= 2016000 episodes= 4200 eps=0.050 replay= 39936 loss=0.00001 ext100=0.000 total100=0.052
[train] 29:01:28<114:48:14, 0.052s/step step= 2018000 episodes= 4204 eps=0.050 replay= 39936 loss=0.00004 ext100=0.000 total100=0.052
[eval] step=2020000 episodes=4208 mean_ext_return=0.000
[train] 29:03:28<114:47:35, 0.052s/step step= 2020000 episodes= 4208 eps=0.050 replay= 39936 loss=0.00002 ext100=0.000 total100=0.051
[train] 29:05:12<114:45:51, 0.052s/step step= 2022000 episodes= 4212 eps=0.050 replay= 39936 loss=0.00001 ext100=0.000 total100=0.050
[train] 29:06:55<114:44:06, 0.052s/step step= 2024000 episodes= 4216 eps=0.050 replay= 39936 loss=0.00001 ext100=0.000 total100=0.049
[train] 29:08:38<114:42:22, 0.052s/step step= 2026000 episodes= 4220 eps=0.050 replay= 39936 loss=0.00003 ext100=0.000 total100=0.049
[train] 29:10:22<114:40:38, 0.052s/step step= 2028000 episodes= 4225 eps=0.050 replay= 39936 loss=0.00001 ext100=0.000 total100=0.050
[train] 29:12:05<114:38:55, 0.052s/step step= 2030000 episodes= 4229 eps=0.050 replay= 39936 loss=0.00001 ext100=0.000 total100=0.050
[train] 29:13:49<114:37:11, 0.052s/step step= 2032000 episodes= 4233 eps=0.050 replay= 39936 loss=0.00001 ext100=0.000 total100=0.051
[train] 29:15:33<114:35:30, 0.052s/step step= 2034000 episodes= 4237 eps=0.050 replay= 39936 loss=0.00002 ext100=0.000 total100=0.050
[train] 29:17:17<114:33:47, 0.052s/step step= 2036000 episodes= 4241 eps=0.050 replay= 39936 loss=0.00001 ext100=0.000 total100=0.050
[train] 29:19:01<114:32:06, 0.052s/step step= 2038000 episodes= 4245 eps=0.050 replay= 39936 loss=0.00001 ext100=0.000 total100=0.050
[eval] step=2040000 episodes=4250 mean_ext_return=0.000
[train] 29:21:01<114:31:25, 0.052s/step step= 2040000 episodes= 4250 eps=0.050 replay= 39936 loss=0.00001 ext100=0.000 total100=0.050
[train] 29:22:44<114:29:41, 0.052s/step step= 2042000 episodes= 4254 eps=0.050 replay= 39936 loss=0.00001 ext100=0.000 total100=0.051
[train] 29:24:27<114:27:55, 0.052s/step step= 2044000 episodes= 4258 eps=0.050 replay= 39936 loss=0.00001 ext100=0.000 total100=0.050
[train] 29:26:11<114:26:12, 0.052s/step step= 2046000 episodes= 4262 eps=0.050 replay= 39936 loss=0.00001 ext100=0.000 total100=0.050
[train] 29:27:54<114:24:28, 0.052s/step step= 2048000 episodes= 4266 eps=0.050 replay= 39936 loss=0.00001 ext100=0.000 total100=0.049
[train] 29:29:38<114:22:44, 0.052s/step step= 2050000 episodes= 4270 eps=0.050 replay= 39936 loss=0.00001 ext100=0.000 total100=0.050
[train] 29:31:21<114:21:00, 0.052s/step step= 2052000 episodes= 4275 eps=0.050 replay= 39936 loss=0.00001 ext100=0.000 total100=0.049
[train] 29:33:05<114:19:18, 0.052s/step step= 2054000 episodes= 4279 eps=0.050 replay= 39936 loss=0.00001 ext100=0.000 total100=0.049
[train] 29:34:49<114:17:34, 0.052s/step step= 2056000 episodes= 4283 eps=0.050 replay= 39936 loss=0.00001 ext100=0.000 total100=0.049
[train] 29:36:33<114:15:53, 0.052s/step step= 2058000 episodes= 4287 eps=0.050 replay= 39936 loss=0.00002 ext100=0.000 total100=0.050
[eval] step=2060000 episodes=4291 mean_ext_return=0.000
[train] 29:38:33<114:15:11, 0.052s/step step= 2060000 episodes= 4291 eps=0.050 replay= 39936 loss=0.00001 ext100=0.000 total100=0.050
[train] 29:40:16<114:13:27, 0.052s/step step= 2062000 episodes= 4295 eps=0.050 replay= 39936 loss=0.00001 ext100=0.000 total100=0.050
[train] 29:41:59<114:11:42, 0.052s/step step= 2064000 episodes= 4300 eps=0.050 replay= 39936 loss=0.00001 ext100=0.000 total100=0.050
[train] 29:43:43<114:09:58, 0.052s/step step= 2066000 episodes= 4304 eps=0.050 replay= 39936 loss=0.00001 ext100=0.000 total100=0.050
[train] 29:45:26<114:08:15, 0.052s/step step= 2068000 episodes= 4308 eps=0.050 replay= 39936 loss=0.00001 ext100=0.000 total100=0.050
[train] 29:47:10<114:06:31, 0.052s/step step= 2070000 episodes= 4312 eps=0.050 replay= 39936 loss=0.00001 ext100=0.000 total100=0.051
[train] 29:48:54<114:04:47, 0.052s/step step= 2072000 episodes= 4316 eps=0.050 replay= 39936 loss=0.00001 ext100=0.000 total100=0.051
[train] 29:50:38<114:03:05, 0.052s/step step= 2074000 episodes= 4320 eps=0.050 replay= 39936 loss=0.00003 ext100=0.000 total100=0.052
[train] 29:52:21<114:01:22, 0.052s/step step= 2076000 episodes= 4325 eps=0.050 replay= 39936 loss=0.00001 ext100=0.000 total100=0.053
[train] 29:54:05<113:59:39, 0.052s/step step= 2078000 episodes= 4329 eps=0.050 replay= 39936 loss=0.00001 ext100=0.000 total100=0.054
[eval] step=2080000 episodes=4333 mean_ext_return=0.000
[train] 29:56:05<113:58:57, 0.052s/step step= 2080000 episodes= 4333 eps=0.050 replay= 39936 loss=0.00001 ext100=0.000 total100=0.052
[train] 29:57:49<113:57:14, 0.052s/step step= 2082000 episodes= 4337 eps=0.050 replay= 39936 loss=0.00002 ext100=0.000 total100=0.053
[train] 29:59:32<113:55:29, 0.052s/step step= 2084000 episodes= 4341 eps=0.050 replay= 39936 loss=0.00001 ext100=0.000 total100=0.054
[train] 30:01:15<113:53:45, 0.052s/step step= 2086000 episodes= 4345 eps=0.050 replay= 39936 loss=0.00000 ext100=0.000 total100=0.053
[train] 30:02:59<113:52:01, 0.052s/step step= 2088000 episodes= 4350 eps=0.050 replay= 39936 loss=0.00001 ext100=0.000 total100=0.053
[train] 30:04:43<113:50:17, 0.052s/step step= 2090000 episodes= 4354 eps=0.050 replay= 39936 loss=0.00003 ext100=0.000 total100=0.053
[train] 30:06:26<113:48:33, 0.052s/step step= 2092000 episodes= 4358 eps=0.050 replay= 39936 loss=0.00000 ext100=0.000 total100=0.055
[train] 30:08:10<113:46:51, 0.052s/step step= 2094000 episodes= 4362 eps=0.050 replay= 39936 loss=0.00001 ext100=0.000 total100=0.055
[train] 30:09:54<113:45:08, 0.052s/step step= 2096000 episodes= 4366 eps=0.050 replay= 39936 loss=0.00001 ext100=0.000 total100=0.054
[train] 30:11:38<113:43:26, 0.052s/step step= 2098000 episodes= 4370 eps=0.050 replay= 39936 loss=0.00002 ext100=0.000 total100=0.055
[eval] step=2100000 episodes=4375 mean_ext_return=0.000
[train] 30:13:38<113:42:43, 0.052s/step step= 2100000 episodes= 4375 eps=0.050 replay= 39936 loss=0.00001 ext100=0.000 total100=0.056
[train] 30:15:21<113:40:59, 0.052s/step step= 2102000 episodes= 4379 eps=0.050 replay= 39936 loss=0.00001 ext100=0.000 total100=0.056
[train] 30:17:04<113:39:13, 0.052s/step step= 2104000 episodes= 4383 eps=0.050 replay= 39936 loss=0.00001 ext100=0.000 total100=0.056
[train] 30:18:48<113:37:29, 0.052s/step step= 2106000 episodes= 4387 eps=0.050 replay= 39936 loss=0.00001 ext100=0.000 total100=0.055
[train] 30:20:31<113:35:45, 0.052s/step step= 2108000 episodes= 4391 eps=0.050 replay= 39936 loss=0.00001 ext100=0.000 total100=0.055
[train] 30:22:15<113:34:01, 0.052s/step step= 2110000 episodes= 4395 eps=0.050 replay= 39936 loss=0.00001 ext100=0.000 total100=0.055
[train] 30:23:58<113:32:17, 0.052s/step step= 2112000 episodes= 4400 eps=0.050 replay= 39936 loss=0.00001 ext100=0.000 total100=0.055
[train] 30:25:42<113:30:35, 0.052s/step step= 2114000 episodes= 4404 eps=0.050 replay= 39936 loss=0.00003 ext100=0.000 total100=0.055
[train] 30:27:26<113:28:51, 0.052s/step step= 2116000 episodes= 4408 eps=0.050 replay= 39936 loss=0.00001 ext100=0.000 total100=0.054
[train] 30:29:10<113:27:09, 0.052s/step step= 2118000 episodes= 4412 eps=0.050 replay= 39936 loss=0.00001 ext100=0.000 total100=0.054
[eval] step=2120000 episodes=4416 mean_ext_return=0.000
[train] 30:31:10<113:26:25, 0.052s/step step= 2120000 episodes= 4416 eps=0.050 replay= 39936 loss=0.00001 ext100=0.000 total100=0.054
[train] 30:32:53<113:24:41, 0.052s/step step= 2122000 episodes= 4420 eps=0.050 replay= 39936 loss=0.00002 ext100=0.000 total100=0.055
[train] 30:34:36<113:22:55, 0.052s/step step= 2124000 episodes= 4425 eps=0.050 replay= 39936 loss=0.00001 ext100=0.000 total100=0.052
[train] 30:36:20<113:21:11, 0.052s/step step= 2126000 episodes= 4429 eps=0.050 replay= 39936 loss=0.00001 ext100=0.000 total100=0.051
[train] 30:38:04<113:19:28, 0.052s/step step= 2128000 episodes= 4433 eps=0.050 replay= 39936 loss=0.00001 ext100=0.000 total100=0.051
[train] 30:39:47<113:17:44, 0.052s/step step= 2130000 episodes= 4437 eps=0.050 replay= 39936 loss=0.00002 ext100=0.000 total100=0.050
[train] 30:41:31<113:16:00, 0.052s/step step= 2132000 episodes= 4441 eps=0.050 replay= 39936 loss=0.00001 ext100=0.000 total100=0.049
[train] 30:43:15<113:14:18, 0.052s/step step= 2134000 episodes= 4445 eps=0.050 replay= 39936 loss=0.00001 ext100=0.000 total100=0.051
[train] 30:44:58<113:12:34, 0.052s/step step= 2136000 episodes= 4450 eps=0.050 replay= 39936 loss=0.00000 ext100=0.000 total100=0.050
[train] 30:46:43<113:10:52, 0.052s/step step= 2138000 episodes= 4454 eps=0.050 replay= 39936 loss=0.00005 ext100=0.000 total100=0.050
[eval] step=2140000 episodes=4458 mean_ext_return=0.000
[train] 30:48:42<113:10:07, 0.052s/step step= 2140000 episodes= 4458 eps=0.050 replay= 39936 loss=0.00001 ext100=0.000 total100=0.050
[train] 30:50:26<113:08:23, 0.052s/step step= 2142000 episodes= 4462 eps=0.050 replay= 39936 loss=0.00001 ext100=0.000 total100=0.050
[train] 30:52:09<113:06:37, 0.052s/step step= 2144000 episodes= 4466 eps=0.050 replay= 39936 loss=0.00001 ext100=0.000 total100=0.049
[train] 30:53:52<113:04:53, 0.052s/step step= 2146000 episodes= 4470 eps=0.050 replay= 39936 loss=0.00002 ext100=0.000 total100=0.048
[train] 30:55:36<113:03:10, 0.052s/step step= 2148000 episodes= 4475 eps=0.050 replay= 39936 loss=0.00002 ext100=0.000 total100=0.047
[train] 30:57:20<113:01:26, 0.052s/step step= 2150000 episodes= 4479 eps=0.050 replay= 39936 loss=0.00001 ext100=0.000 total100=0.046
[train] 30:59:03<112:59:42, 0.052s/step step= 2152000 episodes= 4483 eps=0.050 replay= 39936 loss=0.00001 ext100=0.000 total100=0.046
[train] 31:00:47<112:57:59, 0.052s/step step= 2154000 episodes= 4487 eps=0.050 replay= 39936 loss=0.00003 ext100=0.000 total100=0.046
[train] 31:02:31<112:56:15, 0.052s/step step= 2156000 episodes= 4491 eps=0.050 replay= 39936 loss=0.00002 ext100=0.000 total100=0.046
[train] 31:04:15<112:54:33, 0.052s/step step= 2158000 episodes= 4495 eps=0.050 replay= 39936 loss=0.00001 ext100=0.000 total100=0.046
[eval] step=2160000 episodes=4500 mean_ext_return=0.000
[train] 31:06:15<112:53:48, 0.052s/step step= 2160000 episodes= 4500 eps=0.050 replay= 39936 loss=0.00002 ext100=0.000 total100=0.046
[train] 31:07:58<112:52:04, 0.052s/step step= 2162000 episodes= 4504 eps=0.050 replay= 39936 loss=0.00003 ext100=0.000 total100=0.046
[train] 31:09:41<112:50:18, 0.052s/step step= 2164000 episodes= 4508 eps=0.050 replay= 39936 loss=0.00001 ext100=0.000 total100=0.047
[train] 31:11:25<112:48:33, 0.052s/step step= 2166000 episodes= 4512 eps=0.050 replay= 39936 loss=0.00001 ext100=0.000 total100=0.047
[train] 31:13:08<112:46:50, 0.052s/step step= 2168000 episodes= 4516 eps=0.050 replay= 39936 loss=0.00001 ext100=0.000 total100=0.047
[train] 31:14:52<112:45:05, 0.052s/step step= 2170000 episodes= 4520 eps=0.050 replay= 39936 loss=0.00001 ext100=0.000 total100=0.047
[train] 31:16:35<112:43:21, 0.052s/step step= 2172000 episodes= 4525 eps=0.050 replay= 39936 loss=0.00001 ext100=0.000 total100=0.048
[train] 31:18:19<112:41:39, 0.052s/step step= 2174000 episodes= 4529 eps=0.050 replay= 39936 loss=0.00001 ext100=0.000 total100=0.048
[train] 31:20:03<112:39:55, 0.052s/step step= 2176000 episodes= 4533 eps=0.050 replay= 39936 loss=0.00001 ext100=0.000 total100=0.048
[train] 31:21:47<112:38:12, 0.052s/step step= 2178000 episodes= 4537 eps=0.050 replay= 39936 loss=0.00001 ext100=0.000 total100=0.050
[eval] step=2180000 episodes=4541 mean_ext_return=0.000
[train] 31:23:47<112:37:26, 0.052s/step step= 2180000 episodes= 4541 eps=0.050 replay= 39936 loss=0.00001 ext100=0.000 total100=0.050
[train] 31:25:30<112:35:42, 0.052s/step step= 2182000 episodes= 4545 eps=0.050 replay= 39936 loss=0.00001 ext100=0.000 total100=0.049
[train] 31:27:13<112:33:56, 0.052s/step step= 2184000 episodes= 4550 eps=0.050 replay= 39936 loss=0.00001 ext100=0.000 total100=0.048
[train] 31:28:57<112:32:11, 0.052s/step step= 2186000 episodes= 4554 eps=0.050 replay= 39936 loss=0.00004 ext100=0.000 total100=0.049
[train] 31:30:41<112:30:28, 0.052s/step step= 2188000 episodes= 4558 eps=0.050 replay= 39936 loss=0.00001 ext100=0.000 total100=0.047
[train] 31:32:24<112:28:44, 0.052s/step step= 2190000 episodes= 4562 eps=0.050 replay= 39936 loss=0.00001 ext100=0.000 total100=0.047
[train] 31:34:08<112:26:59, 0.052s/step step= 2192000 episodes= 4566 eps=0.050 replay= 39936 loss=0.00001 ext100=0.000 total100=0.048
[train] 31:35:52<112:25:17, 0.052s/step step= 2194000 episodes= 4570 eps=0.050 replay= 39936 loss=0.00002 ext100=0.000 total100=0.048
[train] 31:37:35<112:23:33, 0.052s/step step= 2196000 episodes= 4575 eps=0.050 replay= 39936 loss=0.00001 ext100=0.000 total100=0.048
[train] 31:39:19<112:21:51, 0.052s/step step= 2198000 episodes= 4579 eps=0.050 replay= 39936 loss=0.00001 ext100=0.000 total100=0.050
[eval] step=2200000 episodes=4583 mean_ext_return=0.000
[train] 31:41:19<112:21:04, 0.052s/step step= 2200000 episodes= 4583 eps=0.050 replay= 39936 loss=0.00001 ext100=0.000 total100=0.050
[train] 31:43:03<112:19:20, 0.052s/step step= 2202000 episodes= 4587 eps=0.050 replay= 39936 loss=0.00003 ext100=0.000 total100=0.050
[train] 31:44:46<112:17:34, 0.052s/step step= 2204000 episodes= 4591 eps=0.050 replay= 39936 loss=0.00001 ext100=0.000 total100=0.049
[train] 31:46:29<112:15:50, 0.052s/step step= 2206000 episodes= 4595 eps=0.050 replay= 39936 loss=0.00001 ext100=0.000 total100=0.048
[train] 31:48:13<112:14:06, 0.052s/step step= 2208000 episodes= 4600 eps=0.050 replay= 39936 loss=0.00001 ext100=0.000 total100=0.049
[train] 31:49:57<112:12:22, 0.052s/step step= 2210000 episodes= 4604 eps=0.050 replay= 39936 loss=0.00002 ext100=0.000 total100=0.047
[train] 31:51:40<112:10:38, 0.052s/step step= 2212000 episodes= 4608 eps=0.050 replay= 39936 loss=0.00001 ext100=0.000 total100=0.048
[train] 31:53:24<112:08:55, 0.052s/step step= 2214000 episodes= 4612 eps=0.050 replay= 39936 loss=0.00001 ext100=0.000 total100=0.048
[train] 31:55:08<112:07:11, 0.052s/step step= 2216000 episodes= 4616 eps=0.050 replay= 39936 loss=0.00001 ext100=0.000 total100=0.047
[train] 31:56:52<112:05:28, 0.052s/step step= 2218000 episodes= 4620 eps=0.050 replay= 39936 loss=0.00003 ext100=0.000 total100=0.048
[eval] step=2220000 episodes=4625 mean_ext_return=0.000
[train] 31:58:52<112:04:40, 0.052s/step step= 2220000 episodes= 4625 eps=0.050 replay= 39936 loss=0.00001 ext100=0.000 total100=0.047
[train] 32:00:35<112:02:57, 0.052s/step step= 2222000 episodes= 4629 eps=0.050 replay= 39936 loss=0.00001 ext100=0.000 total100=0.048
[train] 32:02:18<112:01:11, 0.052s/step step= 2224000 episodes= 4633 eps=0.050 replay= 39936 loss=0.00001 ext100=0.000 total100=0.048
[train] 32:04:02<111:59:27, 0.052s/step step= 2226000 episodes= 4637 eps=0.050 replay= 39936 loss=0.00002 ext100=0.000 total100=0.047
[train] 32:05:46<111:57:42, 0.052s/step step= 2228000 episodes= 4641 eps=0.050 replay= 39936 loss=0.00001 ext100=0.000 total100=0.048
[train] 32:07:29<111:55:58, 0.052s/step step= 2230000 episodes= 4645 eps=0.050 replay= 39936 loss=0.00001 ext100=0.000 total100=0.048
[train] 32:09:13<111:54:14, 0.052s/step step= 2232000 episodes= 4650 eps=0.050 replay= 39936 loss=0.00001 ext100=0.000 total100=0.048
[train] 32:10:57<111:52:31, 0.052s/step step= 2234000 episodes= 4654 eps=0.050 replay= 39936 loss=0.00002 ext100=0.000 total100=0.049
[train] 32:12:40<111:50:47, 0.052s/step step= 2236000 episodes= 4658 eps=0.050 replay= 39936 loss=0.00000 ext100=0.000 total100=0.049
[train] 32:14:24<111:49:05, 0.052s/step step= 2238000 episodes= 4662 eps=0.050 replay= 39936 loss=0.00001 ext100=0.000 total100=0.049
[eval] step=2240000 episodes=4666 mean_ext_return=0.000
[train] 32:16:24<111:48:16, 0.052s/step step= 2240000 episodes= 4666 eps=0.050 replay= 39936 loss=0.00001 ext100=0.000 total100=0.048
[train] 32:18:08<111:46:31, 0.052s/step step= 2242000 episodes= 4670 eps=0.050 replay= 39936 loss=0.00002 ext100=0.000 total100=0.049
[train] 32:19:51<111:44:45, 0.052s/step step= 2244000 episodes= 4675 eps=0.050 replay= 39936 loss=0.00001 ext100=0.000 total100=0.048
[train] 32:21:34<111:43:01, 0.052s/step step= 2246000 episodes= 4679 eps=0.050 replay= 39936 loss=0.00001 ext100=0.000 total100=0.048
[train] 32:23:18<111:41:17, 0.052s/step step= 2248000 episodes= 4683 eps=0.050 replay= 39936 loss=0.00001 ext100=0.000 total100=0.050
[train] 32:25:01<111:39:32, 0.052s/step step= 2250000 episodes= 4687 eps=0.050 replay= 39936 loss=0.00003 ext100=0.000 total100=0.050
[train] 32:26:45<111:37:48, 0.052s/step step= 2252000 episodes= 4691 eps=0.050 replay= 39936 loss=0.00002 ext100=0.000 total100=0.052
[train] 32:28:29<111:36:06, 0.052s/step step= 2254000 episodes= 4695 eps=0.050 replay= 39936 loss=0.00001 ext100=0.000 total100=0.052
[train] 32:30:13<111:34:22, 0.052s/step step= 2256000 episodes= 4700 eps=0.050 replay= 39936 loss=0.00001 ext100=0.000 total100=0.052
[train] 32:31:57<111:32:39, 0.052s/step step= 2258000 episodes= 4704 eps=0.050 replay= 39936 loss=0.00001 ext100=0.000 total100=0.053
[eval] step=2260000 episodes=4708 mean_ext_return=0.000
[train] 32:33:56<111:31:50, 0.052s/step step= 2260000 episodes= 4708 eps=0.050 replay= 39936 loss=0.00001 ext100=0.000 total100=0.052
[train] 32:35:40<111:30:06, 0.052s/step step= 2262000 episodes= 4712 eps=0.050 replay= 39936 loss=0.00001 ext100=0.000 total100=0.052
[train] 32:37:23<111:28:20, 0.052s/step step= 2264000 episodes= 4716 eps=0.050 replay= 39936 loss=0.00001 ext100=0.000 total100=0.053
[train] 32:39:07<111:26:36, 0.052s/step step= 2266000 episodes= 4720 eps=0.050 replay= 39936 loss=0.00001 ext100=0.000 total100=0.051
[train] 32:40:50<111:24:52, 0.052s/step step= 2268000 episodes= 4725 eps=0.050 replay= 39936 loss=0.00001 ext100=0.000 total100=0.052
[train] 32:42:34<111:23:07, 0.052s/step step= 2270000 episodes= 4729 eps=0.050 replay= 39936 loss=0.00001 ext100=0.000 total100=0.051
[train] 32:44:18<111:21:23, 0.052s/step step= 2272000 episodes= 4733 eps=0.050 replay= 39936 loss=0.00001 ext100=0.000 total100=0.053
[train] 32:46:02<111:19:41, 0.052s/step step= 2274000 episodes= 4737 eps=0.050 replay= 39936 loss=0.00002 ext100=0.000 total100=0.052
[train] 32:47:45<111:17:56, 0.052s/step step= 2276000 episodes= 4741 eps=0.050 replay= 39936 loss=0.00001 ext100=0.000 total100=0.054
[train] 32:49:29<111:16:13, 0.052s/step step= 2278000 episodes= 4745 eps=0.050 replay= 39936 loss=0.00001 ext100=0.000 total100=0.054
[eval] step=2280000 episodes=4750 mean_ext_return=0.000
[train] 32:51:29<111:15:23, 0.052s/step step= 2280000 episodes= 4750 eps=0.050 replay= 39936 loss=0.00001 ext100=0.000 total100=0.054
[train] 32:53:13<111:13:39, 0.052s/step step= 2282000 episodes= 4754 eps=0.050 replay= 39936 loss=0.00002 ext100=0.000 total100=0.053
[train] 32:54:56<111:11:53, 0.052s/step step= 2284000 episodes= 4758 eps=0.050 replay= 39936 loss=0.00001 ext100=0.000 total100=0.052
[train] 32:56:39<111:10:08, 0.052s/step step= 2286000 episodes= 4762 eps=0.050 replay= 39936 loss=0.00001 ext100=0.000 total100=0.053
[train] 32:58:23<111:08:24, 0.052s/step step= 2288000 episodes= 4766 eps=0.050 replay= 39936 loss=0.00001 ext100=0.000 total100=0.053
[train] 33:00:06<111:06:40, 0.052s/step step= 2290000 episodes= 4770 eps=0.050 replay= 39936 loss=0.00003 ext100=0.000 total100=0.053
[train] 33:01:50<111:04:55, 0.052s/step step= 2292000 episodes= 4775 eps=0.050 replay= 39936 loss=0.00001 ext100=0.000 total100=0.053
[train] 33:03:34<111:03:13, 0.052s/step step= 2294000 episodes= 4779 eps=0.050 replay= 39936 loss=0.00001 ext100=0.000 total100=0.052
[train] 33:05:17<111:01:28, 0.052s/step step= 2296000 episodes= 4783 eps=0.050 replay= 39936 loss=0.00001 ext100=0.000 total100=0.051
[train] 33:07:02<110:59:45, 0.052s/step step= 2298000 episodes= 4787 eps=0.050 replay= 39936 loss=0.00002 ext100=0.000 total100=0.049
[eval] step=2300000 episodes=4791 mean_ext_return=0.000
[train] 33:09:01<110:58:55, 0.052s/step step= 2300000 episodes= 4791 eps=0.050 replay= 39936 loss=0.00001 ext100=0.000 total100=0.048
[train] 33:10:45<110:57:11, 0.052s/step step= 2302000 episodes= 4795 eps=0.050 replay= 39936 loss=0.00001 ext100=0.000 total100=0.049
[train] 33:12:28<110:55:26, 0.052s/step step= 2304000 episodes= 4800 eps=0.050 replay= 39936 loss=0.00001 ext100=0.000 total100=0.048
[train] 33:14:12<110:53:41, 0.052s/step step= 2306000 episodes= 4804 eps=0.050 replay= 39936 loss=0.00001 ext100=0.000 total100=0.048
[train] 33:15:55<110:51:57, 0.052s/step step= 2308000 episodes= 4808 eps=0.050 replay= 39936 loss=0.00001 ext100=0.000 total100=0.048
[train] 33:17:39<110:50:13, 0.052s/step step= 2310000 episodes= 4812 eps=0.050 replay= 39936 loss=0.00001 ext100=0.000 total100=0.049
[train] 33:19:23<110:48:28, 0.052s/step step= 2312000 episodes= 4816 eps=0.050 replay= 39936 loss=0.00001 ext100=0.000 total100=0.048
[train] 33:21:07<110:46:46, 0.052s/step step= 2314000 episodes= 4820 eps=0.050 replay= 39936 loss=0.00002 ext100=0.000 total100=0.048
[train] 33:22:51<110:45:02, 0.052s/step step= 2316000 episodes= 4825 eps=0.050 replay= 39936 loss=0.00001 ext100=0.000 total100=0.047
[train] 33:24:35<110:43:19, 0.052s/step step= 2318000 episodes= 4829 eps=0.050 replay= 39936 loss=0.00001 ext100=0.000 total100=0.047
[eval] step=2320000 episodes=4833 mean_ext_return=0.000
[train] 33:26:34<110:42:28, 0.052s/step step= 2320000 episodes= 4833 eps=0.050 replay= 39936 loss=0.00001 ext100=0.000 total100=0.046
[train] 33:28:18<110:40:44, 0.052s/step step= 2322000 episodes= 4837 eps=0.050 replay= 39936 loss=0.00003 ext100=0.000 total100=0.046
[train] 33:30:01<110:38:57, 0.052s/step step= 2324000 episodes= 4841 eps=0.050 replay= 39936 loss=0.00001 ext100=0.000 total100=0.044
[train] 33:31:45<110:37:13, 0.052s/step step= 2326000 episodes= 4845 eps=0.050 replay= 39936 loss=0.00001 ext100=0.000 total100=0.044
[train] 33:33:28<110:35:28, 0.052s/step step= 2328000 episodes= 4850 eps=0.050 replay= 39936 loss=0.00001 ext100=0.000 total100=0.044
[train] 33:35:12<110:33:44, 0.052s/step step= 2330000 episodes= 4854 eps=0.050 replay= 39936 loss=0.00004 ext100=0.000 total100=0.044
[train] 33:36:55<110:32:00, 0.052s/step step= 2332000 episodes= 4858 eps=0.050 replay= 39936 loss=0.00001 ext100=0.000 total100=0.044
[train] 33:38:40<110:30:17, 0.052s/step step= 2334000 episodes= 4862 eps=0.050 replay= 39936 loss=0.00001 ext100=0.000 total100=0.044
[train] 33:40:23<110:28:33, 0.052s/step step= 2336000 episodes= 4866 eps=0.050 replay= 39936 loss=0.00001 ext100=0.000 total100=0.044
[train] 33:42:07<110:26:49, 0.052s/step step= 2338000 episodes= 4870 eps=0.050 replay= 39936 loss=0.00001 ext100=0.000 total100=0.044
[eval] step=2340000 episodes=4875 mean_ext_return=0.000
[train] 33:44:07<110:25:57, 0.052s/step step= 2340000 episodes= 4875 eps=0.050 replay= 39936 loss=0.00001 ext100=0.000 total100=0.043
[train] 33:45:50<110:24:13, 0.052s/step step= 2342000 episodes= 4879 eps=0.050 replay= 39936 loss=0.00000 ext100=0.000 total100=0.043
[train] 33:47:33<110:22:26, 0.052s/step step= 2344000 episodes= 4883 eps=0.050 replay= 39936 loss=0.00001 ext100=0.000 total100=0.042
[train] 33:49:17<110:20:42, 0.052s/step step= 2346000 episodes= 4887 eps=0.050 replay= 39936 loss=0.00001 ext100=0.000 total100=0.044
[train] 33:51:00<110:18:57, 0.052s/step step= 2348000 episodes= 4891 eps=0.050 replay= 39936 loss=0.00001 ext100=0.000 total100=0.044
[train] 33:52:44<110:17:13, 0.052s/step step= 2350000 episodes= 4895 eps=0.050 replay= 39936 loss=0.00001 ext100=0.000 total100=0.043
[train] 33:54:27<110:15:28, 0.052s/step step= 2352000 episodes= 4900 eps=0.050 replay= 39936 loss=0.00002 ext100=0.000 total100=0.044
[train] 33:56:12<110:13:45, 0.052s/step step= 2354000 episodes= 4904 eps=0.050 replay= 39936 loss=0.00002 ext100=0.000 total100=0.044
[train] 33:57:55<110:12:01, 0.052s/step step= 2356000 episodes= 4908 eps=0.050 replay= 39936 loss=0.00001 ext100=0.000 total100=0.045
[train] 33:59:39<110:10:17, 0.052s/step step= 2358000 episodes= 4912 eps=0.050 replay= 39936 loss=0.00002 ext100=0.000 total100=0.045
[eval] step=2360000 episodes=4916 mean_ext_return=0.000
[train] 34:01:39<110:09:25, 0.052s/step step= 2360000 episodes= 4916 eps=0.050 replay= 39936 loss=0.00001 ext100=0.000 total100=0.046
[train] 34:03:22<110:07:40, 0.052s/step step= 2362000 episodes= 4920 eps=0.050 replay= 39936 loss=0.00002 ext100=0.000 total100=0.046
[train] 34:05:05<110:05:54, 0.052s/step step= 2364000 episodes= 4925 eps=0.050 replay= 39936 loss=0.00001 ext100=0.000 total100=0.046
[train] 34:06:49<110:04:09, 0.052s/step step= 2366000 episodes= 4929 eps=0.050 replay= 39936 loss=0.00001 ext100=0.000 total100=0.047
[train] 34:08:32<110:02:25, 0.052s/step step= 2368000 episodes= 4933 eps=0.050 replay= 39936 loss=0.00001 ext100=0.000 total100=0.047
[train] 34:10:16<110:00:40, 0.052s/step step= 2370000 episodes= 4937 eps=0.050 replay= 39936 loss=0.00002 ext100=0.000 total100=0.047
[train] 34:12:00<109:58:56, 0.052s/step step= 2372000 episodes= 4941 eps=0.050 replay= 39936 loss=0.00001 ext100=0.000 total100=0.046
[train] 34:13:44<109:57:12, 0.052s/step step= 2374000 episodes= 4945 eps=0.050 replay= 39936 loss=0.00001 ext100=0.000 total100=0.046
[train] 34:15:27<109:55:28, 0.052s/step step= 2376000 episodes= 4950 eps=0.050 replay= 39936 loss=0.00001 ext100=0.000 total100=0.047
[train] 34:17:11<109:53:44, 0.052s/step step= 2378000 episodes= 4954 eps=0.050 replay= 39936 loss=0.00002 ext100=0.000 total100=0.047
[eval] step=2380000 episodes=4958 mean_ext_return=0.000
[train] 34:19:11<109:52:51, 0.052s/step step= 2380000 episodes= 4958 eps=0.050 replay= 39936 loss=0.00001 ext100=0.000 total100=0.046
[train] 34:20:54<109:51:07, 0.052s/step step= 2382000 episodes= 4962 eps=0.050 replay= 39936 loss=0.00001 ext100=0.000 total100=0.046
[train] 34:22:38<109:49:21, 0.052s/step step= 2384000 episodes= 4966 eps=0.050 replay= 39936 loss=0.00001 ext100=0.000 total100=0.045
[train] 34:24:21<109:47:36, 0.052s/step step= 2386000 episodes= 4970 eps=0.050 replay= 39936 loss=0.00002 ext100=0.000 total100=0.044
[train] 34:26:05<109:45:51, 0.052s/step step= 2388000 episodes= 4975 eps=0.050 replay= 39936 loss=0.00000 ext100=0.000 total100=0.045
[train] 34:27:48<109:44:07, 0.052s/step step= 2390000 episodes= 4979 eps=0.050 replay= 39936 loss=0.00001 ext100=0.000 total100=0.044
[train] 34:29:32<109:42:22, 0.052s/step step= 2392000 episodes= 4983 eps=0.050 replay= 39936 loss=0.00001 ext100=0.000 total100=0.044
[train] 34:31:16<109:40:39, 0.052s/step step= 2394000 episodes= 4987 eps=0.050 replay= 39936 loss=0.00002 ext100=0.000 total100=0.046
[train] 34:32:59<109:38:54, 0.052s/step step= 2396000 episodes= 4991 eps=0.050 replay= 39936 loss=0.00001 ext100=0.000 total100=0.045
[train] 34:34:43<109:37:11, 0.052s/step step= 2398000 episodes= 4995 eps=0.050 replay= 39936 loss=0.00001 ext100=0.000 total100=0.046
[eval] step=2400000 episodes=5000 mean_ext_return=0.000
[train] 34:36:43<109:36:17, 0.052s/step step= 2400000 episodes= 5000 eps=0.050 replay= 39936 loss=0.00001 ext100=0.000 total100=0.045
[train] 34:38:27<109:34:32, 0.052s/step step= 2402000 episodes= 5004 eps=0.050 replay= 39936 loss=0.00001 ext100=0.000 total100=0.045
[train] 34:40:10<109:32:46, 0.052s/step step= 2404000 episodes= 5008 eps=0.050 replay= 39936 loss=0.00001 ext100=0.000 total100=0.043
[train] 34:41:53<109:31:02, 0.052s/step step= 2406000 episodes= 5012 eps=0.050 replay= 39936 loss=0.00001 ext100=0.000 total100=0.043
[train] 34:43:37<109:29:17, 0.052s/step step= 2408000 episodes= 5016 eps=0.050 replay= 39936 loss=0.00001 ext100=0.000 total100=0.042
[train] 34:45:20<109:27:32, 0.052s/step step= 2410000 episodes= 5020 eps=0.050 replay= 39936 loss=0.00003 ext100=0.000 total100=0.043
[train] 34:47:04<109:25:47, 0.052s/step step= 2412000 episodes= 5025 eps=0.050 replay= 39936 loss=0.00001 ext100=0.000 total100=0.042
[train] 34:48:48<109:24:04, 0.052s/step step= 2414000 episodes= 5029 eps=0.050 replay= 39936 loss=0.00001 ext100=0.000 total100=0.042
[train] 34:50:31<109:22:19, 0.052s/step step= 2416000 episodes= 5033 eps=0.050 replay= 39936 loss=0.00001 ext100=0.000 total100=0.042
[train] 34:52:15<109:20:36, 0.052s/step step= 2418000 episodes= 5037 eps=0.050 replay= 39936 loss=0.00001 ext100=0.000 total100=0.042
[eval] step=2420000 episodes=5041 mean_ext_return=0.000
[train] 34:54:15<109:19:42, 0.052s/step step= 2420000 episodes= 5041 eps=0.050 replay= 39936 loss=0.00001 ext100=0.000 total100=0.042
[train] 34:55:59<109:17:57, 0.052s/step step= 2422000 episodes= 5045 eps=0.050 replay= 39936 loss=0.00001 ext100=0.000 total100=0.041
[train] 34:57:42<109:16:11, 0.052s/step step= 2424000 episodes= 5050 eps=0.050 replay= 39936 loss=0.00001 ext100=0.000 total100=0.040
[train] 34:59:25<109:14:26, 0.052s/step step= 2426000 episodes= 5054 eps=0.050 replay= 39936 loss=0.00003 ext100=0.000 total100=0.042
[train] 35:01:09<109:12:40, 0.052s/step step= 2428000 episodes= 5058 eps=0.050 replay= 39936 loss=0.00001 ext100=0.000 total100=0.043
[train] 35:02:52<109:10:56, 0.052s/step step= 2430000 episodes= 5062 eps=0.050 replay= 39936 loss=0.00001 ext100=0.000 total100=0.044
[train] 35:04:36<109:09:11, 0.052s/step step= 2432000 episodes= 5066 eps=0.050 replay= 39936 loss=0.00001 ext100=0.000 total100=0.044
[train] 35:06:20<109:07:27, 0.052s/step step= 2434000 episodes= 5070 eps=0.050 replay= 39936 loss=0.00001 ext100=0.000 total100=0.046
[train] 35:08:03<109:05:42, 0.052s/step step= 2436000 episodes= 5075 eps=0.050 replay= 39936 loss=0.00001 ext100=0.000 total100=0.046
[train] 35:09:47<109:03:59, 0.052s/step step= 2438000 episodes= 5079 eps=0.050 replay= 39936 loss=0.00001 ext100=0.000 total100=0.046
[eval] step=2440000 episodes=5083 mean_ext_return=0.000
[train] 35:11:47<109:03:04, 0.052s/step step= 2440000 episodes= 5083 eps=0.050 replay= 39936 loss=0.00000 ext100=0.000 total100=0.046
[train] 35:13:30<109:01:20, 0.052s/step step= 2442000 episodes= 5087 eps=0.050 replay= 39936 loss=0.00001 ext100=0.000 total100=0.044
[train] 35:15:13<108:59:33, 0.052s/step step= 2444000 episodes= 5091 eps=0.050 replay= 39936 loss=0.00001 ext100=0.000 total100=0.044
[train] 35:16:57<108:57:49, 0.052s/step step= 2446000 episodes= 5095 eps=0.050 replay= 39936 loss=0.00001 ext100=0.000 total100=0.043
[train] 35:18:40<108:56:04, 0.052s/step step= 2448000 episodes= 5100 eps=0.050 replay= 39936 loss=0.00001 ext100=0.000 total100=0.043
[train] 35:20:24<108:54:19, 0.052s/step step= 2450000 episodes= 5104 eps=0.050 replay= 39936 loss=0.00001 ext100=0.000 total100=0.043
[train] 35:22:08<108:52:34, 0.052s/step step= 2452000 episodes= 5108 eps=0.050 replay= 39936 loss=0.00001 ext100=0.000 total100=0.044
[train] 35:23:52<108:50:51, 0.052s/step step= 2454000 episodes= 5112 eps=0.050 replay= 39936 loss=0.00001 ext100=0.000 total100=0.045
[train] 35:25:35<108:49:06, 0.052s/step step= 2456000 episodes= 5116 eps=0.050 replay= 39936 loss=0.00000 ext100=0.000 total100=0.045
[train] 35:27:19<108:47:23, 0.052s/step step= 2458000 episodes= 5120 eps=0.050 replay= 39936 loss=0.00003 ext100=0.000 total100=0.044
[eval] step=2460000 episodes=5125 mean_ext_return=0.000
[train] 35:29:19<108:46:28, 0.052s/step step= 2460000 episodes= 5125 eps=0.050 replay= 39936 loss=0.00001 ext100=0.000 total100=0.044
[train] 35:31:03<108:44:43, 0.052s/step step= 2462000 episodes= 5129 eps=0.050 replay= 39936 loss=0.00001 ext100=0.000 total100=0.044
[train] 35:32:46<108:42:57, 0.052s/step step= 2464000 episodes= 5133 eps=0.050 replay= 39936 loss=0.00001 ext100=0.000 total100=0.044
[train] 35:34:29<108:41:12, 0.052s/step step= 2466000 episodes= 5137 eps=0.050 replay= 39936 loss=0.00002 ext100=0.000 total100=0.043
[train] 35:36:13<108:39:27, 0.052s/step step= 2468000 episodes= 5141 eps=0.050 replay= 39936 loss=0.00000 ext100=0.000 total100=0.044
[train] 35:37:57<108:37:43, 0.052s/step step= 2470000 episodes= 5145 eps=0.050 replay= 39936 loss=0.00000 ext100=0.000 total100=0.045
[train] 35:39:40<108:35:58, 0.052s/step step= 2472000 episodes= 5150 eps=0.050 replay= 39936 loss=0.00001 ext100=0.000 total100=0.044
[train] 35:41:24<108:34:15, 0.052s/step step= 2474000 episodes= 5154 eps=0.050 replay= 39936 loss=0.00001 ext100=0.000 total100=0.042
[train] 35:43:08<108:32:30, 0.052s/step step= 2476000 episodes= 5158 eps=0.050 replay= 39936 loss=0.00000 ext100=0.000 total100=0.042
[train] 35:44:52<108:30:47, 0.052s/step step= 2478000 episodes= 5162 eps=0.050 replay= 39936 loss=0.00000 ext100=0.000 total100=0.043
[eval] step=2480000 episodes=5166 mean_ext_return=0.000
[train] 35:46:52<108:29:51, 0.052s/step step= 2480000 episodes= 5166 eps=0.050 replay= 39936 loss=0.00001 ext100=0.000 total100=0.044
[train] 35:48:35<108:28:06, 0.052s/step step= 2482000 episodes= 5170 eps=0.050 replay= 39936 loss=0.00001 ext100=0.000 total100=0.042
[train] 35:50:18<108:26:19, 0.052s/step step= 2484000 episodes= 5175 eps=0.050 replay= 39936 loss=0.00000 ext100=0.000 total100=0.040
[train] 35:52:02<108:24:35, 0.052s/step step= 2486000 episodes= 5179 eps=0.050 replay= 39936 loss=0.00000 ext100=0.000 total100=0.041
[train] 35:53:45<108:22:50, 0.052s/step step= 2488000 episodes= 5183 eps=0.050 replay= 39936 loss=0.00001 ext100=0.000 total100=0.041
[train] 35:55:29<108:21:05, 0.052s/step step= 2490000 episodes= 5187 eps=0.050 replay= 39936 loss=0.00001 ext100=0.000 total100=0.042
[train] 35:57:12<108:19:20, 0.052s/step step= 2492000 episodes= 5191 eps=0.050 replay= 39936 loss=0.00000 ext100=0.000 total100=0.043
[train] 35:58:56<108:17:37, 0.052s/step step= 2494000 episodes= 5195 eps=0.050 replay= 39936 loss=0.00001 ext100=0.000 total100=0.045
[train] 36:00:40<108:15:52, 0.052s/step step= 2496000 episodes= 5200 eps=0.050 replay= 39936 loss=0.00001 ext100=0.000 total100=0.045
[train] 36:02:24<108:14:08, 0.052s/step step= 2498000 episodes= 5204 eps=0.050 replay= 39936 loss=0.00001 ext100=0.000 total100=0.044
[eval] step=2500000 episodes=5208 mean_ext_return=0.000
[train] 36:04:24<108:13:12, 0.052s/step step= 2500000 episodes= 5208 eps=0.050 replay= 39936 loss=0.00000 ext100=0.000 total100=0.044
[train] 36:06:07<108:11:27, 0.052s/step step= 2502000 episodes= 5212 eps=0.050 replay= 39936 loss=0.00001 ext100=0.000 total100=0.045
[train] 36:07:50<108:09:40, 0.052s/step step= 2504000 episodes= 5216 eps=0.050 replay= 39936 loss=0.00000 ext100=0.000 total100=0.045
[train] 36:09:34<108:07:56, 0.052s/step step= 2506000 episodes= 5220 eps=0.050 replay= 39936 loss=0.00002 ext100=0.000 total100=0.045
[train] 36:11:17<108:06:11, 0.052s/step step= 2508000 episodes= 5225 eps=0.050 replay= 39936 loss=0.00000 ext100=0.000 total100=0.046
[train] 36:13:01<108:04:26, 0.052s/step step= 2510000 episodes= 5229 eps=0.050 replay= 39936 loss=0.00000 ext100=0.000 total100=0.047
[train] 36:14:44<108:02:41, 0.052s/step step= 2512000 episodes= 5233 eps=0.050 replay= 39936 loss=0.00001 ext100=0.000 total100=0.047
[train] 36:16:28<108:00:57, 0.052s/step step= 2514000 episodes= 5237 eps=0.050 replay= 39936 loss=0.00002 ext100=0.000 total100=0.047
[train] 36:18:12<107:59:12, 0.052s/step step= 2516000 episodes= 5241 eps=0.050 replay= 39936 loss=0.00001 ext100=0.000 total100=0.048
[train] 36:19:56<107:57:29, 0.052s/step step= 2518000 episodes= 5245 eps=0.050 replay= 39936 loss=0.00001 ext100=0.000 total100=0.049
[eval] step=2520000 episodes=5250 mean_ext_return=0.000
[train] 36:21:56<107:56:32, 0.052s/step step= 2520000 episodes= 5250 eps=0.050 replay= 39936 loss=0.00001 ext100=0.000 total100=0.048
[train] 36:23:39<107:54:47, 0.052s/step step= 2522000 episodes= 5254 eps=0.050 replay= 39936 loss=0.00001 ext100=0.000 total100=0.048
[train] 36:25:22<107:53:00, 0.052s/step step= 2524000 episodes= 5258 eps=0.050 replay= 39936 loss=0.00001 ext100=0.000 total100=0.048
[train] 36:27:06<107:51:15, 0.052s/step step= 2526000 episodes= 5262 eps=0.050 replay= 39936 loss=0.00001 ext100=0.000 total100=0.046
[train] 36:28:49<107:49:31, 0.052s/step step= 2528000 episodes= 5266 eps=0.050 replay= 39936 loss=0.00000 ext100=0.000 total100=0.046
[train] 36:30:33<107:47:46, 0.052s/step step= 2530000 episodes= 5270 eps=0.050 replay= 39936 loss=0.00003 ext100=0.000 total100=0.047
[train] 36:32:16<107:46:01, 0.052s/step step= 2532000 episodes= 5275 eps=0.050 replay= 39936 loss=0.00001 ext100=0.000 total100=0.048
[train] 36:34:00<107:44:17, 0.052s/step step= 2534000 episodes= 5279 eps=0.050 replay= 39936 loss=0.00001 ext100=0.000 total100=0.048
[train] 36:35:44<107:42:32, 0.052s/step step= 2536000 episodes= 5283 eps=0.050 replay= 39936 loss=0.00000 ext100=0.000 total100=0.048
[train] 36:37:28<107:40:48, 0.052s/step step= 2538000 episodes= 5287 eps=0.050 replay= 39936 loss=0.00001 ext100=0.000 total100=0.048
[eval] step=2540000 episodes=5291 mean_ext_return=0.000
[train] 36:39:27<107:39:50, 0.052s/step step= 2540000 episodes= 5291 eps=0.050 replay= 39936 loss=0.00001 ext100=0.000 total100=0.046
[train] 36:41:11<107:38:05, 0.052s/step step= 2542000 episodes= 5295 eps=0.050 replay= 39936 loss=0.00001 ext100=0.000 total100=0.045
[train] 36:42:54<107:36:19, 0.052s/step step= 2544000 episodes= 5300 eps=0.050 replay= 39936 loss=0.00001 ext100=0.000 total100=0.044
[train] 36:44:38<107:34:34, 0.052s/step step= 2546000 episodes= 5304 eps=0.050 replay= 39936 loss=0.00001 ext100=0.000 total100=0.044
[train] 36:46:21<107:32:49, 0.052s/step step= 2548000 episodes= 5308 eps=0.050 replay= 39936 loss=0.00001 ext100=0.000 total100=0.044
[train] 36:48:04<107:31:03, 0.052s/step step= 2550000 episodes= 5312 eps=0.050 replay= 39936 loss=0.00001 ext100=0.000 total100=0.042
[train] 36:49:48<107:29:19, 0.052s/step step= 2552000 episodes= 5316 eps=0.050 replay= 39936 loss=0.00000 ext100=0.000 total100=0.043
[train] 36:51:32<107:27:35, 0.052s/step step= 2554000 episodes= 5320 eps=0.050 replay= 39936 loss=0.00002 ext100=0.000 total100=0.044
[train] 36:53:16<107:25:50, 0.052s/step step= 2556000 episodes= 5325 eps=0.050 replay= 39936 loss=0.00001 ext100=0.000 total100=0.044
[train] 36:55:00<107:24:06, 0.052s/step step= 2558000 episodes= 5329 eps=0.050 replay= 39936 loss=0.00001 ext100=0.000 total100=0.043
[eval] step=2560000 episodes=5333 mean_ext_return=0.000
[train] 36:56:59<107:23:08, 0.052s/step step= 2560000 episodes= 5333 eps=0.050 replay= 39936 loss=0.00001 ext100=0.000 total100=0.044
[train] 36:58:43<107:21:23, 0.052s/step step= 2562000 episodes= 5337 eps=0.050 replay= 39936 loss=0.00002 ext100=0.000 total100=0.042
[train] 37:00:26<107:19:37, 0.052s/step step= 2564000 episodes= 5341 eps=0.050 replay= 39936 loss=0.00001 ext100=0.000 total100=0.041
[train] 37:02:09<107:17:51, 0.052s/step step= 2566000 episodes= 5345 eps=0.050 replay= 39936 loss=0.00001 ext100=0.000 total100=0.041
[train] 37:03:53<107:16:07, 0.052s/step step= 2568000 episodes= 5350 eps=0.050 replay= 39936 loss=0.00000 ext100=0.000 total100=0.042
[train] 37:05:36<107:14:22, 0.052s/step step= 2570000 episodes= 5354 eps=0.050 replay= 39936 loss=0.00001 ext100=0.000 total100=0.044
[train] 37:07:20<107:12:37, 0.052s/step step= 2572000 episodes= 5358 eps=0.050 replay= 39936 loss=0.00001 ext100=0.000 total100=0.045
[train] 37:09:04<107:10:53, 0.052s/step step= 2574000 episodes= 5362 eps=0.050 replay= 39936 loss=0.00001 ext100=0.000 total100=0.045
[train] 37:10:48<107:09:08, 0.052s/step step= 2576000 episodes= 5366 eps=0.050 replay= 39936 loss=0.00001 ext100=0.000 total100=0.044
[train] 37:12:32<107:07:25, 0.052s/step step= 2578000 episodes= 5370 eps=0.050 replay= 39936 loss=0.00002 ext100=0.000 total100=0.045
[eval] step=2580000 episodes=5375 mean_ext_return=0.000
[train] 37:14:31<107:06:26, 0.052s/step step= 2580000 episodes= 5375 eps=0.050 replay= 39936 loss=0.00002 ext100=0.000 total100=0.045
[train] 37:16:15<107:04:42, 0.052s/step step= 2582000 episodes= 5379 eps=0.050 replay= 39936 loss=0.00001 ext100=0.000 total100=0.045
[train] 37:17:58<107:02:55, 0.052s/step step= 2584000 episodes= 5383 eps=0.050 replay= 39936 loss=0.00001 ext100=0.000 total100=0.044
[train] 37:19:42<107:01:10, 0.052s/step step= 2586000 episodes= 5387 eps=0.050 replay= 39936 loss=0.00001 ext100=0.000 total100=0.046
[train] 37:21:25<106:59:25, 0.052s/step step= 2588000 episodes= 5391 eps=0.050 replay= 39936 loss=0.00000 ext100=0.000 total100=0.047
[train] 37:23:09<106:57:40, 0.052s/step step= 2590000 episodes= 5395 eps=0.050 replay= 39936 loss=0.00000 ext100=0.000 total100=0.047
[train] 37:24:52<106:55:55, 0.052s/step step= 2592000 episodes= 5400 eps=0.050 replay= 39936 loss=0.00000 ext100=0.000 total100=0.047
[train] 37:26:36<106:54:11, 0.052s/step step= 2594000 episodes= 5404 eps=0.050 replay= 39936 loss=0.00002 ext100=0.000 total100=0.048
[train] 37:28:20<106:52:26, 0.052s/step step= 2596000 episodes= 5408 eps=0.050 replay= 39936 loss=0.00001 ext100=0.000 total100=0.048
[train] 37:30:04<106:50:42, 0.052s/step step= 2598000 episodes= 5412 eps=0.050 replay= 39936 loss=0.00001 ext100=0.000 total100=0.048
[eval] step=2600000 episodes=5416 mean_ext_return=0.000
[train] 37:32:03<106:49:43, 0.052s/step step= 2600000 episodes= 5416 eps=0.050 replay= 39936 loss=0.00001 ext100=0.000 total100=0.048
[train] 37:33:47<106:47:58, 0.052s/step step= 2602000 episodes= 5420 eps=0.050 replay= 39936 loss=0.00002 ext100=0.000 total100=0.047
[train] 37:35:30<106:46:12, 0.052s/step step= 2604000 episodes= 5425 eps=0.050 replay= 39936 loss=0.00001 ext100=0.000 total100=0.045
[train] 37:37:14<106:44:27, 0.052s/step step= 2606000 episodes= 5429 eps=0.050 replay= 39936 loss=0.00001 ext100=0.000 total100=0.045
[train] 37:38:57<106:42:41, 0.052s/step step= 2608000 episodes= 5433 eps=0.050 replay= 39936 loss=0.00001 ext100=0.000 total100=0.046
[train] 37:40:41<106:40:56, 0.052s/step step= 2610000 episodes= 5437 eps=0.050 replay= 39936 loss=0.00002 ext100=0.000 total100=0.046
[train] 37:42:24<106:39:11, 0.052s/step step= 2612000 episodes= 5441 eps=0.050 replay= 39936 loss=0.00001 ext100=0.000 total100=0.046
[train] 37:44:08<106:37:28, 0.052s/step step= 2614000 episodes= 5445 eps=0.050 replay= 39936 loss=0.00000 ext100=0.000 total100=0.046
[train] 37:45:52<106:35:42, 0.052s/step step= 2616000 episodes= 5450 eps=0.050 replay= 39936 loss=0.00001 ext100=0.000 total100=0.046
[train] 37:47:36<106:33:59, 0.052s/step step= 2618000 episodes= 5454 eps=0.050 replay= 39936 loss=0.00003 ext100=0.000 total100=0.045
[eval] step=2620000 episodes=5458 mean_ext_return=0.000
[train] 37:49:35<106:32:59, 0.052s/step step= 2620000 episodes= 5458 eps=0.050 replay= 39936 loss=0.00001 ext100=0.000 total100=0.044
[train] 37:51:19<106:31:14, 0.052s/step step= 2622000 episodes= 5462 eps=0.050 replay= 39936 loss=0.00001 ext100=0.000 total100=0.043
[train] 37:53:02<106:29:27, 0.052s/step step= 2624000 episodes= 5466 eps=0.050 replay= 39936 loss=0.00001 ext100=0.000 total100=0.044
[train] 37:54:46<106:27:42, 0.052s/step step= 2626000 episodes= 5470 eps=0.050 replay= 39936 loss=0.00001 ext100=0.000 total100=0.044
[train] 37:56:29<106:25:58, 0.052s/step step= 2628000 episodes= 5475 eps=0.050 replay= 39936 loss=0.00002 ext100=0.000 total100=0.045
[train] 37:58:13<106:24:12, 0.052s/step step= 2630000 episodes= 5479 eps=0.050 replay= 39936 loss=0.00001 ext100=0.000 total100=0.046
[train] 37:59:56<106:22:27, 0.052s/step step= 2632000 episodes= 5483 eps=0.050 replay= 39936 loss=0.00001 ext100=0.000 total100=0.046
[train] 38:01:40<106:20:43, 0.052s/step step= 2634000 episodes= 5487 eps=0.050 replay= 39936 loss=0.00005 ext100=0.000 total100=0.045
[train] 38:03:24<106:18:58, 0.052s/step step= 2636000 episodes= 5491 eps=0.050 replay= 39936 loss=0.00001 ext100=0.000 total100=0.045
[train] 38:05:08<106:17:14, 0.052s/step step= 2638000 episodes= 5495 eps=0.050 replay= 39936 loss=0.00001 ext100=0.000 total100=0.045
[eval] step=2640000 episodes=5500 mean_ext_return=0.000
[train] 38:07:07<106:16:14, 0.052s/step step= 2640000 episodes= 5500 eps=0.050 replay= 39936 loss=0.00001 ext100=0.000 total100=0.046
[train] 38:08:51<106:14:29, 0.052s/step step= 2642000 episodes= 5504 eps=0.050 replay= 39936 loss=0.00001 ext100=0.000 total100=0.045
[train] 38:10:34<106:12:43, 0.052s/step step= 2644000 episodes= 5508 eps=0.050 replay= 39936 loss=0.00001 ext100=0.000 total100=0.046
[train] 38:12:18<106:10:58, 0.052s/step step= 2646000 episodes= 5512 eps=0.050 replay= 39936 loss=0.00001 ext100=0.000 total100=0.046
[train] 38:14:01<106:09:13, 0.052s/step step= 2648000 episodes= 5516 eps=0.050 replay= 39936 loss=0.00001 ext100=0.000 total100=0.046
[train] 38:15:45<106:07:27, 0.052s/step step= 2650000 episodes= 5520 eps=0.050 replay= 39936 loss=0.00001 ext100=0.000 total100=0.045
[train] 38:17:28<106:05:42, 0.052s/step step= 2652000 episodes= 5525 eps=0.050 replay= 39936 loss=0.00001 ext100=0.000 total100=0.046
[train] 38:19:12<106:03:59, 0.052s/step step= 2654000 episodes= 5529 eps=0.050 replay= 39936 loss=0.00001 ext100=0.000 total100=0.048
[train] 38:20:56<106:02:14, 0.052s/step step= 2656000 episodes= 5533 eps=0.050 replay= 39936 loss=0.00001 ext100=0.000 total100=0.047
[train] 38:22:40<106:00:30, 0.052s/step step= 2658000 episodes= 5537 eps=0.050 replay= 39936 loss=0.00002 ext100=0.000 total100=0.047
[eval] step=2660000 episodes=5541 mean_ext_return=0.000
[train] 38:24:39<105:59:29, 0.052s/step step= 2660000 episodes= 5541 eps=0.050 replay= 39936 loss=0.00001 ext100=0.000 total100=0.047
[train] 38:26:23<105:57:44, 0.052s/step step= 2662000 episodes= 5545 eps=0.050 replay= 39936 loss=0.00001 ext100=0.000 total100=0.047
[train] 38:28:06<105:55:57, 0.052s/step step= 2664000 episodes= 5550 eps=0.050 replay= 39936 loss=0.00001 ext100=0.000 total100=0.047
[train] 38:29:49<105:54:12, 0.052s/step step= 2666000 episodes= 5554 eps=0.050 replay= 39936 loss=0.00001 ext100=0.000 total100=0.046
[train] 38:31:33<105:52:27, 0.052s/step step= 2668000 episodes= 5558 eps=0.050 replay= 39936 loss=0.00000 ext100=0.000 total100=0.048
[train] 38:33:17<105:50:41, 0.052s/step step= 2670000 episodes= 5562 eps=0.050 replay= 39936 loss=0.00001 ext100=0.000 total100=0.049
[train] 38:35:00<105:48:56, 0.052s/step step= 2672000 episodes= 5566 eps=0.050 replay= 39936 loss=0.00001 ext100=0.000 total100=0.048
[train] 38:36:44<105:47:12, 0.052s/step step= 2674000 episodes= 5570 eps=0.050 replay= 39936 loss=0.00002 ext100=0.000 total100=0.048
[train] 38:38:28<105:45:27, 0.052s/step step= 2676000 episodes= 5575 eps=0.050 replay= 39936 loss=0.00001 ext100=0.000 total100=0.047
[train] 38:40:12<105:43:44, 0.052s/step step= 2678000 episodes= 5579 eps=0.050 replay= 39936 loss=0.00001 ext100=0.000 total100=0.048
[eval] step=2680000 episodes=5583 mean_ext_return=0.000
[train] 38:42:11<105:42:43, 0.052s/step step= 2680000 episodes= 5583 eps=0.050 replay= 39936 loss=0.00000 ext100=0.000 total100=0.051
[train] 38:43:55<105:40:58, 0.052s/step step= 2682000 episodes= 5587 eps=0.050 replay= 39936 loss=0.00001 ext100=0.000 total100=0.051
[train] 38:45:38<105:39:11, 0.052s/step step= 2684000 episodes= 5591 eps=0.050 replay= 39936 loss=0.00001 ext100=0.000 total100=0.049
[train] 38:47:21<105:37:26, 0.052s/step step= 2686000 episodes= 5595 eps=0.050 replay= 39936 loss=0.00001 ext100=0.000 total100=0.049
[train] 38:49:05<105:35:41, 0.052s/step step= 2688000 episodes= 5600 eps=0.050 replay= 39936 loss=0.00000 ext100=0.000 total100=0.048
[train] 38:50:49<105:33:56, 0.052s/step step= 2690000 episodes= 5604 eps=0.050 replay= 39936 loss=0.00003 ext100=0.000 total100=0.048
[train] 38:52:32<105:32:11, 0.052s/step step= 2692000 episodes= 5608 eps=0.050 replay= 39936 loss=0.00001 ext100=0.000 total100=0.048
[train] 38:54:16<105:30:27, 0.052s/step step= 2694000 episodes= 5612 eps=0.050 replay= 39936 loss=0.00000 ext100=0.000 total100=0.047
[train] 38:56:00<105:28:42, 0.052s/step step= 2696000 episodes= 5616 eps=0.050 replay= 39936 loss=0.00001 ext100=0.000 total100=0.047
[train] 38:57:44<105:26:58, 0.052s/step step= 2698000 episodes= 5620 eps=0.050 replay= 39936 loss=0.00001 ext100=0.000 total100=0.048
[eval] step=2700000 episodes=5625 mean_ext_return=0.000
[train] 38:59:44<105:25:56, 0.052s/step step= 2700000 episodes= 5625 eps=0.050 replay= 39936 loss=0.00000 ext100=0.000 total100=0.046
[train] 39:01:27<105:24:11, 0.052s/step step= 2702000 episodes= 5629 eps=0.050 replay= 39936 loss=0.00000 ext100=0.000 total100=0.045
[train] 39:03:10<105:22:25, 0.052s/step step= 2704000 episodes= 5633 eps=0.050 replay= 39936 loss=0.00001 ext100=0.000 total100=0.046
[train] 39:04:54<105:20:39, 0.052s/step step= 2706000 episodes= 5637 eps=0.050 replay= 39936 loss=0.00002 ext100=0.000 total100=0.046
[train] 39:06:37<105:18:54, 0.052s/step step= 2708000 episodes= 5641 eps=0.050 replay= 39936 loss=0.00001 ext100=0.000 total100=0.046
[train] 39:08:21<105:17:09, 0.052s/step step= 2710000 episodes= 5645 eps=0.050 replay= 39936 loss=0.00001 ext100=0.000 total100=0.045
[train] 39:10:04<105:15:23, 0.052s/step step= 2712000 episodes= 5650 eps=0.050 replay= 39936 loss=0.00001 ext100=0.000 total100=0.045
[train] 39:11:48<105:13:39, 0.052s/step step= 2714000 episodes= 5654 eps=0.050 replay= 39936 loss=0.00001 ext100=0.000 total100=0.045
[train] 39:13:32<105:11:54, 0.052s/step step= 2716000 episodes= 5658 eps=0.050 replay= 39936 loss=0.00000 ext100=0.000 total100=0.043
[train] 39:15:15<105:10:10, 0.052s/step step= 2718000 episodes= 5662 eps=0.050 replay= 39936 loss=0.00001 ext100=0.000 total100=0.043
[eval] step=2720000 episodes=5666 mean_ext_return=0.000
[train] 39:17:15<105:09:07, 0.052s/step step= 2720000 episodes= 5666 eps=0.050 replay= 39936 loss=0.00001 ext100=0.000 total100=0.044
[train] 39:18:59<105:07:22, 0.052s/step step= 2722000 episodes= 5670 eps=0.050 replay= 39936 loss=0.00001 ext100=0.000 total100=0.044
[train] 39:20:42<105:05:36, 0.052s/step step= 2724000 episodes= 5675 eps=0.050 replay= 39936 loss=0.00000 ext100=0.000 total100=0.044
[train] 39:22:25<105:03:51, 0.052s/step step= 2726000 episodes= 5679 eps=0.050 replay= 39936 loss=0.00000 ext100=0.000 total100=0.042
[train] 39:24:09<105:02:06, 0.052s/step step= 2728000 episodes= 5683 eps=0.050 replay= 39936 loss=0.00001 ext100=0.000 total100=0.040
[train] 39:25:52<105:00:21, 0.052s/step step= 2730000 episodes= 5687 eps=0.050 replay= 39936 loss=0.00002 ext100=0.000 total100=0.040
[train] 39:27:36<104:58:35, 0.052s/step step= 2732000 episodes= 5691 eps=0.050 replay= 39936 loss=0.00001 ext100=0.000 total100=0.042
[train] 39:29:20<104:56:51, 0.052s/step step= 2734000 episodes= 5695 eps=0.050 replay= 39936 loss=0.00000 ext100=0.000 total100=0.042
[train] 39:31:03<104:55:06, 0.052s/step step= 2736000 episodes= 5700 eps=0.050 replay= 39936 loss=0.00000 ext100=0.000 total100=0.042
[train] 39:32:47<104:53:22, 0.052s/step step= 2738000 episodes= 5704 eps=0.050 replay= 39936 loss=0.00001 ext100=0.000 total100=0.043
[eval] step=2740000 episodes=5708 mean_ext_return=0.000
[train] 39:34:47<104:52:19, 0.052s/step step= 2740000 episodes= 5708 eps=0.050 replay= 39936 loss=0.00001 ext100=0.000 total100=0.043
[train] 39:36:30<104:50:34, 0.052s/step step= 2742000 episodes= 5712 eps=0.050 replay= 39936 loss=0.00001 ext100=0.000 total100=0.043
[train] 39:38:13<104:48:47, 0.052s/step step= 2744000 episodes= 5716 eps=0.050 replay= 39936 loss=0.00000 ext100=0.000 total100=0.044
[train] 39:39:57<104:47:02, 0.052s/step step= 2746000 episodes= 5720 eps=0.050 replay= 39936 loss=0.00002 ext100=0.000 total100=0.045
[train] 39:41:41<104:45:17, 0.052s/step step= 2748000 episodes= 5725 eps=0.050 replay= 39936 loss=0.00001 ext100=0.000 total100=0.045
[train] 39:43:24<104:43:32, 0.052s/step step= 2750000 episodes= 5729 eps=0.050 replay= 39936 loss=0.00000 ext100=0.000 total100=0.044
[train] 39:45:08<104:41:47, 0.052s/step step= 2752000 episodes= 5733 eps=0.050 replay= 39936 loss=0.00000 ext100=0.000 total100=0.043
[train] 39:46:52<104:40:03, 0.052s/step step= 2754000 episodes= 5737 eps=0.050 replay= 39936 loss=0.00001 ext100=0.000 total100=0.043
[train] 39:48:35<104:38:18, 0.052s/step step= 2756000 episodes= 5741 eps=0.050 replay= 39936 loss=0.00001 ext100=0.000 total100=0.044
[train] 39:50:19<104:36:34, 0.052s/step step= 2758000 episodes= 5745 eps=0.050 replay= 39936 loss=0.00000 ext100=0.000 total100=0.044
[eval] step=2760000 episodes=5750 mean_ext_return=0.000
[train] 39:52:19<104:35:31, 0.052s/step step= 2760000 episodes= 5750 eps=0.050 replay= 39936 loss=0.00001 ext100=0.000 total100=0.044
[train] 39:54:03<104:33:46, 0.052s/step step= 2762000 episodes= 5754 eps=0.050 replay= 39936 loss=0.00001 ext100=0.000 total100=0.045
[train] 39:55:46<104:31:59, 0.052s/step step= 2764000 episodes= 5758 eps=0.050 replay= 39936 loss=0.00001 ext100=0.000 total100=0.046
[train] 39:57:29<104:30:14, 0.052s/step step= 2766000 episodes= 5762 eps=0.050 replay= 39936 loss=0.00000 ext100=0.000 total100=0.046
[train] 39:59:13<104:28:29, 0.052s/step step= 2768000 episodes= 5766 eps=0.050 replay= 39936 loss=0.00001 ext100=0.000 total100=0.045
[train] 40:00:56<104:26:43, 0.052s/step step= 2770000 episodes= 5770 eps=0.050 replay= 39936 loss=0.00004 ext100=0.000 total100=0.046
[train] 40:02:40<104:24:58, 0.052s/step step= 2772000 episodes= 5775 eps=0.050 replay= 39936 loss=0.00001 ext100=0.000 total100=0.046
[train] 40:04:24<104:23:14, 0.052s/step step= 2774000 episodes= 5779 eps=0.050 replay= 39936 loss=0.00001 ext100=0.000 total100=0.046
[train] 40:06:07<104:21:29, 0.052s/step step= 2776000 episodes= 5783 eps=0.050 replay= 39936 loss=0.00000 ext100=0.000 total100=0.046
[train] 40:07:51<104:19:45, 0.052s/step step= 2778000 episodes= 5787 eps=0.050 replay= 39936 loss=0.00001 ext100=0.000 total100=0.045
[eval] step=2780000 episodes=5791 mean_ext_return=0.000
[train] 40:09:51<104:18:41, 0.052s/step step= 2780000 episodes= 5791 eps=0.050 replay= 39936 loss=0.00001 ext100=0.000 total100=0.045
[train] 40:11:35<104:16:56, 0.052s/step step= 2782000 episodes= 5795 eps=0.050 replay= 39936 loss=0.00001 ext100=0.000 total100=0.046
[train] 40:13:18<104:15:10, 0.052s/step step= 2784000 episodes= 5800 eps=0.050 replay= 39936 loss=0.00000 ext100=0.000 total100=0.046
[train] 40:15:01<104:13:25, 0.052s/step step= 2786000 episodes= 5804 eps=0.050 replay= 39936 loss=0.00001 ext100=0.000 total100=0.046
[train] 40:16:45<104:11:40, 0.052s/step step= 2788000 episodes= 5808 eps=0.050 replay= 39936 loss=0.00001 ext100=0.000 total100=0.045
[train] 40:18:29<104:09:54, 0.052s/step step= 2790000 episodes= 5812 eps=0.050 replay= 39936 loss=0.00000 ext100=0.000 total100=0.045
[train] 40:20:12<104:08:09, 0.052s/step step= 2792000 episodes= 5816 eps=0.050 replay= 39936 loss=0.00001 ext100=0.000 total100=0.045
[train] 40:21:56<104:06:25, 0.052s/step step= 2794000 episodes= 5820 eps=0.050 replay= 39936 loss=0.00002 ext100=0.000 total100=0.045
[train] 40:23:40<104:04:40, 0.052s/step step= 2796000 episodes= 5825 eps=0.050 replay= 39936 loss=0.00001 ext100=0.000 total100=0.047
[train] 40:25:24<104:02:56, 0.052s/step step= 2798000 episodes= 5829 eps=0.050 replay= 39936 loss=0.00001 ext100=0.000 total100=0.047
[eval] step=2800000 episodes=5833 mean_ext_return=0.000
[train] 40:27:23<104:01:52, 0.052s/step step= 2800000 episodes= 5833 eps=0.050 replay= 39936 loss=0.00001 ext100=0.000 total100=0.047
[train] 40:29:07<104:00:07, 0.052s/step step= 2802000 episodes= 5837 eps=0.050 replay= 39936 loss=0.00001 ext100=0.000 total100=0.047
[train] 40:30:50<103:58:21, 0.052s/step step= 2804000 episodes= 5841 eps=0.050 replay= 39936 loss=0.00000 ext100=0.000 total100=0.048
[train] 40:32:33<103:56:35, 0.052s/step step= 2806000 episodes= 5845 eps=0.050 replay= 39936 loss=0.00001 ext100=0.000 total100=0.048
[train] 40:34:17<103:54:50, 0.052s/step step= 2808000 episodes= 5850 eps=0.050 replay= 39936 loss=0.00001 ext100=0.000 total100=0.049
[train] 40:36:01<103:53:05, 0.052s/step step= 2810000 episodes= 5854 eps=0.050 replay= 39936 loss=0.00002 ext100=0.000 total100=0.048
[train] 40:37:44<103:51:19, 0.052s/step step= 2812000 episodes= 5858 eps=0.050 replay= 39936 loss=0.00000 ext100=0.000 total100=0.049
[train] 40:39:28<103:49:35, 0.052s/step step= 2814000 episodes= 5862 eps=0.050 replay= 39936 loss=0.00001 ext100=0.000 total100=0.049
[train] 40:41:12<103:47:50, 0.052s/step step= 2816000 episodes= 5866 eps=0.050 replay= 39936 loss=0.00001 ext100=0.000 total100=0.049
[train] 40:42:56<103:46:06, 0.052s/step step= 2818000 episodes= 5870 eps=0.050 replay= 39936 loss=0.00003 ext100=0.000 total100=0.047
[eval] step=2820000 episodes=5875 mean_ext_return=0.000
[train] 40:44:55<103:45:01, 0.052s/step step= 2820000 episodes= 5875 eps=0.050 replay= 39936 loss=0.00000 ext100=0.000 total100=0.049
[train] 40:46:39<103:43:16, 0.052s/step step= 2822000 episodes= 5879 eps=0.050 replay= 39936 loss=0.00001 ext100=0.000 total100=0.049
[train] 40:48:22<103:41:30, 0.052s/step step= 2824000 episodes= 5883 eps=0.050 replay= 39936 loss=0.00000 ext100=0.000 total100=0.049
[train] 40:50:05<103:39:44, 0.052s/step step= 2826000 episodes= 5887 eps=0.050 replay= 39936 loss=0.00002 ext100=0.000 total100=0.048
[train] 40:51:49<103:37:59, 0.052s/step step= 2828000 episodes= 5891 eps=0.050 replay= 39936 loss=0.00001 ext100=0.000 total100=0.047
[train] 40:53:33<103:36:14, 0.052s/step step= 2830000 episodes= 5895 eps=0.050 replay= 39936 loss=0.00000 ext100=0.000 total100=0.047
[train] 40:55:16<103:34:29, 0.052s/step step= 2832000 episodes= 5900 eps=0.050 replay= 39936 loss=0.00001 ext100=0.000 total100=0.046
[train] 40:57:00<103:32:45, 0.052s/step step= 2834000 episodes= 5904 eps=0.050 replay= 39936 loss=0.00002 ext100=0.000 total100=0.046
[train] 40:58:44<103:31:00, 0.052s/step step= 2836000 episodes= 5908 eps=0.050 replay= 39936 loss=0.00000 ext100=0.000 total100=0.045
[train] 41:00:28<103:29:16, 0.052s/step step= 2838000 episodes= 5912 eps=0.050 replay= 39936 loss=0.00001 ext100=0.000 total100=0.045
[eval] step=2840000 episodes=5916 mean_ext_return=0.000
[train] 41:02:28<103:28:12, 0.052s/step step= 2840000 episodes= 5916 eps=0.050 replay= 39936 loss=0.00001 ext100=0.000 total100=0.045
[train] 41:04:11<103:26:26, 0.052s/step step= 2842000 episodes= 5920 eps=0.050 replay= 39936 loss=0.00001 ext100=0.000 total100=0.045
[train] 41:05:54<103:24:40, 0.052s/step step= 2844000 episodes= 5925 eps=0.050 replay= 39936 loss=0.00001 ext100=0.000 total100=0.042
[train] 41:07:38<103:22:54, 0.052s/step step= 2846000 episodes= 5929 eps=0.050 replay= 39936 loss=0.00001 ext100=0.000 total100=0.042
[train] 41:09:21<103:21:09, 0.052s/step step= 2848000 episodes= 5933 eps=0.050 replay= 39936 loss=0.00001 ext100=0.000 total100=0.043
[train] 41:11:05<103:19:24, 0.052s/step step= 2850000 episodes= 5937 eps=0.050 replay= 39936 loss=0.00001 ext100=0.000 total100=0.042
[train] 41:12:48<103:17:38, 0.052s/step step= 2852000 episodes= 5941 eps=0.050 replay= 39936 loss=0.00001 ext100=0.000 total100=0.042
[train] 41:14:33<103:15:54, 0.052s/step step= 2854000 episodes= 5945 eps=0.050 replay= 39936 loss=0.00001 ext100=0.000 total100=0.042
[train] 41:16:16<103:14:09, 0.052s/step step= 2856000 episodes= 5950 eps=0.050 replay= 39936 loss=0.00000 ext100=0.000 total100=0.042
[train] 41:18:00<103:12:25, 0.052s/step step= 2858000 episodes= 5954 eps=0.050 replay= 39936 loss=0.00001 ext100=0.000 total100=0.041
[eval] step=2860000 episodes=5958 mean_ext_return=0.000
[train] 41:20:00<103:11:20, 0.052s/step step= 2860000 episodes= 5958 eps=0.050 replay= 39936 loss=0.00001 ext100=0.000 total100=0.040
[train] 41:21:43<103:09:34, 0.052s/step step= 2862000 episodes= 5962 eps=0.050 replay= 39936 loss=0.00001 ext100=0.000 total100=0.041
[train] 41:23:26<103:07:48, 0.052s/step step= 2864000 episodes= 5966 eps=0.050 replay= 39936 loss=0.00001 ext100=0.000 total100=0.041
[train] 41:25:09<103:06:02, 0.052s/step step= 2866000 episodes= 5970 eps=0.050 replay= 39936 loss=0.00002 ext100=0.000 total100=0.041
[train] 41:26:53<103:04:17, 0.052s/step step= 2868000 episodes= 5975 eps=0.050 replay= 39936 loss=0.00001 ext100=0.000 total100=0.040
[train] 41:28:37<103:02:32, 0.052s/step step= 2870000 episodes= 5979 eps=0.050 replay= 39936 loss=0.00000 ext100=0.000 total100=0.039
[train] 41:30:20<103:00:46, 0.052s/step step= 2872000 episodes= 5983 eps=0.050 replay= 39936 loss=0.00001 ext100=0.000 total100=0.039
[train] 41:32:04<102:59:02, 0.052s/step step= 2874000 episodes= 5987 eps=0.050 replay= 39936 loss=0.00002 ext100=0.000 total100=0.040
[train] 41:33:48<102:57:17, 0.052s/step step= 2876000 episodes= 5991 eps=0.050 replay= 39936 loss=0.00000 ext100=0.000 total100=0.040
[train] 41:35:32<102:55:33, 0.052s/step step= 2878000 episodes= 5995 eps=0.050 replay= 39936 loss=0.00001 ext100=0.000 total100=0.040
[eval] step=2880000 episodes=6000 mean_ext_return=0.000
[train] 41:37:32<102:54:27, 0.052s/step step= 2880000 episodes= 6000 eps=0.050 replay= 39936 loss=0.00001 ext100=0.000 total100=0.041
[train] 41:39:15<102:52:42, 0.052s/step step= 2882000 episodes= 6004 eps=0.050 replay= 39936 loss=0.00002 ext100=0.000 total100=0.041
[train] 41:40:58<102:50:56, 0.052s/step step= 2884000 episodes= 6008 eps=0.050 replay= 39936 loss=0.00001 ext100=0.000 total100=0.043
[train] 41:42:42<102:49:10, 0.052s/step step= 2886000 episodes= 6012 eps=0.050 replay= 39936 loss=0.00001 ext100=0.000 total100=0.043
[train] 41:44:26<102:47:26, 0.052s/step step= 2888000 episodes= 6016 eps=0.050 replay= 39936 loss=0.00000 ext100=0.000 total100=0.043
[train] 41:46:09<102:45:40, 0.052s/step step= 2890000 episodes= 6020 eps=0.050 replay= 39936 loss=0.00001 ext100=0.000 total100=0.043
[train] 41:47:53<102:43:55, 0.052s/step step= 2892000 episodes= 6025 eps=0.050 replay= 39936 loss=0.00000 ext100=0.000 total100=0.044
[train] 41:49:37<102:42:10, 0.052s/step step= 2894000 episodes= 6029 eps=0.050 replay= 39936 loss=0.00000 ext100=0.000 total100=0.044
[train] 41:51:20<102:40:25, 0.052s/step step= 2896000 episodes= 6033 eps=0.050 replay= 39936 loss=0.00001 ext100=0.000 total100=0.044
[train] 41:53:04<102:38:41, 0.052s/step step= 2898000 episodes= 6037 eps=0.050 replay= 39936 loss=0.00002 ext100=0.000 total100=0.044
[eval] step=2900000 episodes=6041 mean_ext_return=0.000
[train] 41:55:04<102:37:35, 0.052s/step step= 2900000 episodes= 6041 eps=0.050 replay= 39936 loss=0.00001 ext100=0.000 total100=0.044
[train] 41:56:47<102:35:50, 0.052s/step step= 2902000 episodes= 6045 eps=0.050 replay= 39936 loss=0.00001 ext100=0.000 total100=0.044
[train] 41:58:30<102:34:03, 0.052s/step step= 2904000 episodes= 6050 eps=0.050 replay= 39936 loss=0.00001 ext100=0.000 total100=0.043
[train] 42:00:14<102:32:17, 0.052s/step step= 2906000 episodes= 6054 eps=0.050 replay= 39936 loss=0.00002 ext100=0.000 total100=0.044
[train] 42:01:57<102:30:32, 0.052s/step step= 2908000 episodes= 6058 eps=0.050 replay= 39936 loss=0.00001 ext100=0.000 total100=0.044
[train] 42:03:41<102:28:47, 0.052s/step step= 2910000 episodes= 6062 eps=0.050 replay= 39936 loss=0.00000 ext100=0.000 total100=0.043
[train] 42:05:24<102:27:01, 0.052s/step step= 2912000 episodes= 6066 eps=0.050 replay= 39936 loss=0.00001 ext100=0.000 total100=0.044
[train] 42:07:08<102:25:17, 0.052s/step step= 2914000 episodes= 6070 eps=0.050 replay= 39936 loss=0.00001 ext100=0.000 total100=0.043
[train] 42:08:52<102:23:32, 0.052s/step step= 2916000 episodes= 6075 eps=0.050 replay= 39936 loss=0.00000 ext100=0.000 total100=0.044
[train] 42:10:36<102:21:47, 0.052s/step step= 2918000 episodes= 6079 eps=0.050 replay= 39936 loss=0.00000 ext100=0.000 total100=0.043
[eval] step=2920000 episodes=6083 mean_ext_return=0.000
[train] 42:12:36<102:20:41, 0.052s/step step= 2920000 episodes= 6083 eps=0.050 replay= 39936 loss=0.00000 ext100=0.000 total100=0.043
[train] 42:14:19<102:18:56, 0.052s/step step= 2922000 episodes= 6087 eps=0.050 replay= 39936 loss=0.00003 ext100=0.000 total100=0.043
[train] 42:16:02<102:17:10, 0.052s/step step= 2924000 episodes= 6091 eps=0.050 replay= 39936 loss=0.00001 ext100=0.000 total100=0.044
[train] 42:17:46<102:15:23, 0.052s/step step= 2926000 episodes= 6095 eps=0.050 replay= 39936 loss=0.00001 ext100=0.000 total100=0.044
[train] 42:19:29<102:13:38, 0.052s/step step= 2928000 episodes= 6100 eps=0.050 replay= 39936 loss=0.00001 ext100=0.000 total100=0.044
[train] 42:21:13<102:11:53, 0.052s/step step= 2930000 episodes= 6104 eps=0.050 replay= 39936 loss=0.00001 ext100=0.000 total100=0.044
[train] 42:22:56<102:10:08, 0.052s/step step= 2932000 episodes= 6108 eps=0.050 replay= 39936 loss=0.00001 ext100=0.000 total100=0.043
[train] 42:24:40<102:08:23, 0.052s/step step= 2934000 episodes= 6112 eps=0.050 replay= 39936 loss=0.00000 ext100=0.000 total100=0.043
[train] 42:26:24<102:06:38, 0.052s/step step= 2936000 episodes= 6116 eps=0.050 replay= 39936 loss=0.00001 ext100=0.000 total100=0.043
[train] 42:28:08<102:04:53, 0.052s/step step= 2938000 episodes= 6120 eps=0.050 replay= 39936 loss=0.00001 ext100=0.000 total100=0.044
[eval] step=2940000 episodes=6125 mean_ext_return=0.000
[train] 42:30:07<102:03:47, 0.052s/step step= 2940000 episodes= 6125 eps=0.050 replay= 39936 loss=0.00001 ext100=0.000 total100=0.043
[train] 42:31:51<102:02:02, 0.052s/step step= 2942000 episodes= 6129 eps=0.050 replay= 39936 loss=0.00000 ext100=0.000 total100=0.043
[train] 42:33:34<102:00:15, 0.052s/step step= 2944000 episodes= 6133 eps=0.050 replay= 39936 loss=0.00001 ext100=0.000 total100=0.043
[train] 42:35:17<101:58:29, 0.052s/step step= 2946000 episodes= 6137 eps=0.050 replay= 39936 loss=0.00002 ext100=0.000 total100=0.043
[train] 42:37:01<101:56:44, 0.052s/step step= 2948000 episodes= 6141 eps=0.050 replay= 39936 loss=0.00001 ext100=0.000 total100=0.043
[train] 42:38:45<101:54:59, 0.052s/step step= 2950000 episodes= 6145 eps=0.050 replay= 39936 loss=0.00000 ext100=0.000 total100=0.043
[train] 42:40:28<101:53:14, 0.052s/step step= 2952000 episodes= 6150 eps=0.050 replay= 39936 loss=0.00001 ext100=0.000 total100=0.043
[train] 42:42:13<101:51:30, 0.052s/step step= 2954000 episodes= 6154 eps=0.050 replay= 39936 loss=0.00001 ext100=0.000 total100=0.042
[train] 42:43:56<101:49:44, 0.052s/step step= 2956000 episodes= 6158 eps=0.050 replay= 39936 loss=0.00001 ext100=0.000 total100=0.043
[train] 42:45:40<101:48:00, 0.052s/step step= 2958000 episodes= 6162 eps=0.050 replay= 39936 loss=0.00000 ext100=0.000 total100=0.041
[eval] step=2960000 episodes=6166 mean_ext_return=0.000
[train] 42:47:40<101:46:53, 0.052s/step step= 2960000 episodes= 6166 eps=0.050 replay= 39936 loss=0.00000 ext100=0.000 total100=0.042
[train] 42:49:23<101:45:07, 0.052s/step step= 2962000 episodes= 6170 eps=0.050 replay= 39936 loss=0.00002 ext100=0.000 total100=0.043
[train] 42:51:06<101:43:21, 0.052s/step step= 2964000 episodes= 6175 eps=0.050 replay= 39936 loss=0.00001 ext100=0.000 total100=0.043
[train] 42:52:50<101:41:35, 0.052s/step step= 2966000 episodes= 6179 eps=0.050 replay= 39936 loss=0.00001 ext100=0.000 total100=0.043
[train] 42:54:34<101:39:51, 0.052s/step step= 2968000 episodes= 6183 eps=0.050 replay= 39936 loss=0.00001 ext100=0.000 total100=0.043
[train] 42:56:17<101:38:05, 0.052s/step step= 2970000 episodes= 6187 eps=0.050 replay= 39936 loss=0.00001 ext100=0.000 total100=0.043
[train] 42:58:01<101:36:20, 0.052s/step step= 2972000 episodes= 6191 eps=0.050 replay= 39936 loss=0.00000 ext100=0.000 total100=0.042
[train] 42:59:45<101:34:35, 0.052s/step step= 2974000 episodes= 6195 eps=0.050 replay= 39936 loss=0.00001 ext100=0.000 total100=0.043
[train] 43:01:28<101:32:50, 0.052s/step step= 2976000 episodes= 6200 eps=0.050 replay= 39936 loss=0.00001 ext100=0.000 total100=0.042
[train] 43:03:12<101:31:05, 0.052s/step step= 2978000 episodes= 6204 eps=0.050 replay= 39936 loss=0.00001 ext100=0.000 total100=0.042
[eval] step=2980000 episodes=6208 mean_ext_return=0.000
[train] 43:05:12<101:29:58, 0.052s/step step= 2980000 episodes= 6208 eps=0.050 replay= 39936 loss=0.00001 ext100=0.000 total100=0.043
[train] 43:06:55<101:28:12, 0.052s/step step= 2982000 episodes= 6212 eps=0.050 replay= 39936 loss=0.00001 ext100=0.000 total100=0.042
[train] 43:08:38<101:26:26, 0.052s/step step= 2984000 episodes= 6216 eps=0.050 replay= 39936 loss=0.00000 ext100=0.000 total100=0.042
[train] 43:10:22<101:24:40, 0.052s/step step= 2986000 episodes= 6220 eps=0.050 replay= 39936 loss=0.00001 ext100=0.000 total100=0.042
[train] 43:12:06<101:22:56, 0.052s/step step= 2988000 episodes= 6225 eps=0.050 replay= 39936 loss=0.00001 ext100=0.000 total100=0.042
[train] 43:13:49<101:21:10, 0.052s/step step= 2990000 episodes= 6229 eps=0.050 replay= 39936 loss=0.00001 ext100=0.000 total100=0.043
[train] 43:15:33<101:19:25, 0.052s/step step= 2992000 episodes= 6233 eps=0.050 replay= 39936 loss=0.00001 ext100=0.000 total100=0.043
[train] 43:17:17<101:17:41, 0.052s/step step= 2994000 episodes= 6237 eps=0.050 replay= 39936 loss=0.00002 ext100=0.000 total100=0.043
[train] 43:19:00<101:15:55, 0.052s/step step= 2996000 episodes= 6241 eps=0.050 replay= 39936 loss=0.00000 ext100=0.000 total100=0.043
[train] 43:20:44<101:14:11, 0.052s/step step= 2998000 episodes= 6245 eps=0.050 replay= 39936 loss=0.00000 ext100=0.000 total100=0.043
[eval] step=3000000 episodes=6250 mean_ext_return=0.000
[train] 43:22:44<101:13:03, 0.052s/step step= 3000000 episodes= 6250 eps=0.050 replay= 39936 loss=0.00000 ext100=0.000 total100=0.043
[train] 43:24:28<101:11:18, 0.052s/step step= 3002000 episodes= 6254 eps=0.050 replay= 39936 loss=0.00001 ext100=0.000 total100=0.044
[train] 43:26:11<101:09:32, 0.052s/step step= 3004000 episodes= 6258 eps=0.050 replay= 39936 loss=0.00001 ext100=0.000 total100=0.044
[train] 43:27:54<101:07:45, 0.052s/step step= 3006000 episodes= 6262 eps=0.050 replay= 39936 loss=0.00000 ext100=0.000 total100=0.045
[train] 43:29:38<101:06:01, 0.052s/step step= 3008000 episodes= 6266 eps=0.050 replay= 39936 loss=0.00001 ext100=0.000 total100=0.044
[train] 43:31:21<101:04:15, 0.052s/step step= 3010000 episodes= 6270 eps=0.050 replay= 39936 loss=0.00002 ext100=0.000 total100=0.044
[train] 43:33:05<101:02:30, 0.052s/step step= 3012000 episodes= 6275 eps=0.050 replay= 39936 loss=0.00001 ext100=0.000 total100=0.044
[train] 43:34:49<101:00:45, 0.052s/step step= 3014000 episodes= 6279 eps=0.050 replay= 39936 loss=0.00000 ext100=0.000 total100=0.044
[train] 43:36:32<100:59:00, 0.052s/step step= 3016000 episodes= 6283 eps=0.050 replay= 39936 loss=0.00000 ext100=0.000 total100=0.044
[train] 43:38:16<100:57:16, 0.052s/step step= 3018000 episodes= 6287 eps=0.050 replay= 39936 loss=0.00002 ext100=0.000 total100=0.045
[eval] step=3020000 episodes=6291 mean_ext_return=0.000
[train] 43:40:16<100:56:08, 0.052s/step step= 3020000 episodes= 6291 eps=0.050 replay= 39936 loss=0.00000 ext100=0.000 total100=0.044
[train] 43:42:00<100:54:22, 0.052s/step step= 3022000 episodes= 6295 eps=0.050 replay= 39936 loss=0.00001 ext100=0.000 total100=0.043
[train] 43:43:43<100:52:36, 0.052s/step step= 3024000 episodes= 6300 eps=0.050 replay= 39936 loss=0.00000 ext100=0.000 total100=0.044
[train] 43:45:26<100:50:49, 0.052s/step step= 3026000 episodes= 6304 eps=0.050 replay= 39936 loss=0.00002 ext100=0.000 total100=0.044
[train] 43:47:10<100:49:05, 0.052s/step step= 3028000 episodes= 6308 eps=0.050 replay= 39936 loss=0.00001 ext100=0.000 total100=0.045
[train] 43:48:53<100:47:19, 0.052s/step step= 3030000 episodes= 6312 eps=0.050 replay= 39936 loss=0.00001 ext100=0.000 total100=0.045
[train] 43:50:37<100:45:34, 0.052s/step step= 3032000 episodes= 6316 eps=0.050 replay= 39936 loss=0.00000 ext100=0.000 total100=0.045
[train] 43:52:21<100:43:50, 0.052s/step step= 3034000 episodes= 6320 eps=0.050 replay= 39936 loss=0.00002 ext100=0.000 total100=0.044
[train] 43:54:05<100:42:05, 0.052s/step step= 3036000 episodes= 6325 eps=0.050 replay= 39936 loss=0.00001 ext100=0.000 total100=0.043
[train] 43:55:49<100:40:20, 0.052s/step step= 3038000 episodes= 6329 eps=0.050 replay= 39936 loss=0.00001 ext100=0.000 total100=0.043
[eval] step=3040000 episodes=6333 mean_ext_return=0.000
[train] 43:57:48<100:39:12, 0.052s/step step= 3040000 episodes= 6333 eps=0.050 replay= 39936 loss=0.00001 ext100=0.000 total100=0.042
[train] 43:59:32<100:37:26, 0.052s/step step= 3042000 episodes= 6337 eps=0.050 replay= 39936 loss=0.00001 ext100=0.000 total100=0.042
[train] 44:01:15<100:35:39, 0.052s/step step= 3044000 episodes= 6341 eps=0.050 replay= 39936 loss=0.00001 ext100=0.000 total100=0.043
[train] 44:02:58<100:33:53, 0.052s/step step= 3046000 episodes= 6345 eps=0.050 replay= 39936 loss=0.00001 ext100=0.000 total100=0.044
[train] 44:04:42<100:32:08, 0.052s/step step= 3048000 episodes= 6350 eps=0.050 replay= 39936 loss=0.00000 ext100=0.000 total100=0.044
[train] 44:06:25<100:30:23, 0.052s/step step= 3050000 episodes= 6354 eps=0.050 replay= 39936 loss=0.00002 ext100=0.000 total100=0.043
[train] 44:08:09<100:28:38, 0.052s/step step= 3052000 episodes= 6358 eps=0.050 replay= 39936 loss=0.00001 ext100=0.000 total100=0.043
[train] 44:09:53<100:26:53, 0.052s/step step= 3054000 episodes= 6362 eps=0.050 replay= 39936 loss=0.00000 ext100=0.000 total100=0.044
[train] 44:11:37<100:25:08, 0.052s/step step= 3056000 episodes= 6366 eps=0.050 replay= 39936 loss=0.00001 ext100=0.000 total100=0.044
[train] 44:13:21<100:23:24, 0.052s/step step= 3058000 episodes= 6370 eps=0.050 replay= 39936 loss=0.00001 ext100=0.000 total100=0.043
[eval] step=3060000 episodes=6375 mean_ext_return=0.000
[train] 44:15:20<100:22:15, 0.052s/step step= 3060000 episodes= 6375 eps=0.050 replay= 39936 loss=0.00001 ext100=0.000 total100=0.042
[train] 44:17:04<100:20:29, 0.052s/step step= 3062000 episodes= 6379 eps=0.050 replay= 39936 loss=0.00001 ext100=0.000 total100=0.043
[train] 44:18:47<100:18:42, 0.052s/step step= 3064000 episodes= 6383 eps=0.050 replay= 39936 loss=0.00000 ext100=0.000 total100=0.043
[train] 44:20:30<100:16:56, 0.052s/step step= 3066000 episodes= 6387 eps=0.050 replay= 39936 loss=0.00001 ext100=0.000 total100=0.042
[train] 44:22:14<100:15:11, 0.052s/step step= 3068000 episodes= 6391 eps=0.050 replay= 39936 loss=0.00001 ext100=0.000 total100=0.043
[train] 44:23:57<100:13:25, 0.052s/step step= 3070000 episodes= 6395 eps=0.050 replay= 39936 loss=0.00000 ext100=0.000 total100=0.043
[train] 44:25:41<100:11:40, 0.052s/step step= 3072000 episodes= 6400 eps=0.050 replay= 39936 loss=0.00001 ext100=0.000 total100=0.042
[train] 44:27:24<100:09:55, 0.052s/step step= 3074000 episodes= 6404 eps=0.050 replay= 39936 loss=0.00002 ext100=0.000 total100=0.041
[train] 44:29:08<100:08:10, 0.052s/step step= 3076000 episodes= 6408 eps=0.050 replay= 39936 loss=0.00000 ext100=0.000 total100=0.041
[train] 44:30:52<100:06:26, 0.052s/step step= 3078000 episodes= 6412 eps=0.050 replay= 39936 loss=0.00001 ext100=0.000 total100=0.041
[eval] step=3080000 episodes=6416 mean_ext_return=0.000
[train] 44:32:52<100:05:16, 0.052s/step step= 3080000 episodes= 6416 eps=0.050 replay= 39936 loss=0.00001 ext100=0.000 total100=0.041
[train] 44:34:35<100:03:31, 0.052s/step step= 3082000 episodes= 6420 eps=0.050 replay= 39936 loss=0.00001 ext100=0.000 total100=0.040
[train] 44:36:18<100:01:45, 0.052s/step step= 3084000 episodes= 6425 eps=0.050 replay= 39936 loss=0.00001 ext100=0.000 total100=0.040
[train] 44:38:01<99:59:58, 0.052s/step step= 3086000 episodes= 6429 eps=0.050 replay= 39936 loss=0.00001 ext100=0.000 total100=0.040
[train] 44:39:45<99:58:13, 0.052s/step step= 3088000 episodes= 6433 eps=0.050 replay= 39936 loss=0.00000 ext100=0.000 total100=0.040
[train] 44:41:29<99:56:28, 0.052s/step step= 3090000 episodes= 6437 eps=0.050 replay= 39936 loss=0.00003 ext100=0.000 total100=0.041
[train] 44:43:12<99:54:42, 0.052s/step step= 3092000 episodes= 6441 eps=0.050 replay= 39936 loss=0.00001 ext100=0.000 total100=0.041
[train] 44:44:57<99:52:58, 0.052s/step step= 3094000 episodes= 6445 eps=0.050 replay= 39936 loss=0.00001 ext100=0.000 total100=0.040
[train] 44:46:40<99:51:13, 0.052s/step step= 3096000 episodes= 6450 eps=0.050 replay= 39936 loss=0.00001 ext100=0.000 total100=0.039
[train] 44:48:24<99:49:29, 0.052s/step step= 3098000 episodes= 6454 eps=0.050 replay= 39936 loss=0.00002 ext100=0.000 total100=0.038
[eval] step=3100000 episodes=6458 mean_ext_return=0.000
[train] 44:50:24<99:48:19, 0.052s/step step= 3100000 episodes= 6458 eps=0.050 replay= 39936 loss=0.00001 ext100=0.000 total100=0.039
[train] 44:52:07<99:46:33, 0.052s/step step= 3102000 episodes= 6462 eps=0.050 replay= 39936 loss=0.00001 ext100=0.000 total100=0.038
[train] 44:53:50<99:44:46, 0.052s/step step= 3104000 episodes= 6466 eps=0.050 replay= 39936 loss=0.00001 ext100=0.000 total100=0.038
[train] 44:55:33<99:43:00, 0.052s/step step= 3106000 episodes= 6470 eps=0.050 replay= 39936 loss=0.00003 ext100=0.000 total100=0.037
[train] 44:57:17<99:41:15, 0.052s/step step= 3108000 episodes= 6475 eps=0.050 replay= 39936 loss=0.00001 ext100=0.000 total100=0.039
[train] 44:59:01<99:39:30, 0.052s/step step= 3110000 episodes= 6479 eps=0.050 replay= 39936 loss=0.00001 ext100=0.000 total100=0.039
[train] 45:00:44<99:37:44, 0.052s/step step= 3112000 episodes= 6483 eps=0.050 replay= 39936 loss=0.00000 ext100=0.000 total100=0.039
[train] 45:02:28<99:36:00, 0.052s/step step= 3114000 episodes= 6487 eps=0.050 replay= 39936 loss=0.00001 ext100=0.000 total100=0.038
[train] 45:04:12<99:34:14, 0.052s/step step= 3116000 episodes= 6491 eps=0.050 replay= 39936 loss=0.00001 ext100=0.000 total100=0.040
[train] 45:05:56<99:32:30, 0.052s/step step= 3118000 episodes= 6495 eps=0.050 replay= 39936 loss=0.00001 ext100=0.000 total100=0.041
[eval] step=3120000 episodes=6500 mean_ext_return=0.000
[train] 45:07:55<99:31:20, 0.052s/step step= 3120000 episodes= 6500 eps=0.050 replay= 39936 loss=0.00001 ext100=0.000 total100=0.040
[train] 45:09:39<99:29:34, 0.052s/step step= 3122000 episodes= 6504 eps=0.050 replay= 39936 loss=0.00001 ext100=0.000 total100=0.040
[train] 45:11:22<99:27:47, 0.052s/step step= 3124000 episodes= 6508 eps=0.050 replay= 39936 loss=0.00000 ext100=0.000 total100=0.039
[train] 45:13:05<99:26:01, 0.052s/step step= 3126000 episodes= 6512 eps=0.050 replay= 39936 loss=0.00001 ext100=0.000 total100=0.040
[train] 45:14:49<99:24:16, 0.052s/step step= 3128000 episodes= 6516 eps=0.050 replay= 39936 loss=0.00001 ext100=0.000 total100=0.040
[train] 45:16:32<99:22:31, 0.052s/step step= 3130000 episodes= 6520 eps=0.050 replay= 39936 loss=0.00001 ext100=0.000 total100=0.041
[train] 45:18:16<99:20:45, 0.052s/step step= 3132000 episodes= 6525 eps=0.050 replay= 39936 loss=0.00001 ext100=0.000 total100=0.041
[train] 45:20:00<99:19:01, 0.052s/step step= 3134000 episodes= 6529 eps=0.050 replay= 39936 loss=0.00001 ext100=0.000 total100=0.041
[train] 45:21:43<99:17:15, 0.052s/step step= 3136000 episodes= 6533 eps=0.050 replay= 39936 loss=0.00000 ext100=0.000 total100=0.041
[train] 45:23:27<99:15:31, 0.052s/step step= 3138000 episodes= 6537 eps=0.050 replay= 39936 loss=0.00001 ext100=0.000 total100=0.041
[eval] step=3140000 episodes=6541 mean_ext_return=0.000
[train] 45:25:27<99:14:20, 0.052s/step step= 3140000 episodes= 6541 eps=0.050 replay= 39936 loss=0.00000 ext100=0.000 total100=0.040
[train] 45:27:11<99:12:35, 0.052s/step step= 3142000 episodes= 6545 eps=0.050 replay= 39936 loss=0.00000 ext100=0.000 total100=0.040
[train] 45:28:54<99:10:48, 0.052s/step step= 3144000 episodes= 6550 eps=0.050 replay= 39936 loss=0.00000 ext100=0.000 total100=0.041
[train] 45:30:37<99:09:02, 0.052s/step step= 3146000 episodes= 6554 eps=0.050 replay= 39936 loss=0.00003 ext100=0.000 total100=0.042
[train] 45:32:21<99:07:17, 0.052s/step step= 3148000 episodes= 6558 eps=0.050 replay= 39936 loss=0.00001 ext100=0.000 total100=0.042
[train] 45:34:04<99:05:32, 0.052s/step step= 3150000 episodes= 6562 eps=0.050 replay= 39936 loss=0.00001 ext100=0.000 total100=0.042
[train] 45:35:48<99:03:46, 0.052s/step step= 3152000 episodes= 6566 eps=0.050 replay= 39936 loss=0.00000 ext100=0.000 total100=0.043
[train] 45:37:32<99:02:02, 0.052s/step step= 3154000 episodes= 6570 eps=0.050 replay= 39936 loss=0.00001 ext100=0.000 total100=0.043
[train] 45:39:15<99:00:16, 0.052s/step step= 3156000 episodes= 6575 eps=0.050 replay= 39936 loss=0.00000 ext100=0.000 total100=0.042
[train] 45:40:59<98:58:32, 0.052s/step step= 3158000 episodes= 6579 eps=0.050 replay= 39936 loss=0.00000 ext100=0.000 total100=0.042
[eval] step=3160000 episodes=6583 mean_ext_return=0.000
[train] 45:42:59<98:57:21, 0.052s/step step= 3160000 episodes= 6583 eps=0.050 replay= 39936 loss=0.00001 ext100=0.000 total100=0.041
[train] 45:44:42<98:55:35, 0.052s/step step= 3162000 episodes= 6587 eps=0.050 replay= 39936 loss=0.00003 ext100=0.000 total100=0.041
[train] 45:46:25<98:53:49, 0.052s/step step= 3164000 episodes= 6591 eps=0.050 replay= 39936 loss=0.00001 ext100=0.000 total100=0.040
[train] 45:48:08<98:52:02, 0.052s/step step= 3166000 episodes= 6595 eps=0.050 replay= 39936 loss=0.00001 ext100=0.000 total100=0.039
[train] 45:49:52<98:50:17, 0.052s/step step= 3168000 episodes= 6600 eps=0.050 replay= 39936 loss=0.00001 ext100=0.000 total100=0.039
[train] 45:51:36<98:48:32, 0.052s/step step= 3170000 episodes= 6604 eps=0.050 replay= 39936 loss=0.00003 ext100=0.000 total100=0.040
[train] 45:53:20<98:46:47, 0.052s/step step= 3172000 episodes= 6608 eps=0.050 replay= 39936 loss=0.00001 ext100=0.000 total100=0.039
[train] 45:55:04<98:45:02, 0.052s/step step= 3174000 episodes= 6612 eps=0.050 replay= 39936 loss=0.00000 ext100=0.000 total100=0.039
[train] 45:56:47<98:43:17, 0.052s/step step= 3176000 episodes= 6616 eps=0.050 replay= 39936 loss=0.00001 ext100=0.000 total100=0.039
[train] 45:58:31<98:41:32, 0.052s/step step= 3178000 episodes= 6620 eps=0.050 replay= 39936 loss=0.00001 ext100=0.000 total100=0.039
[eval] step=3180000 episodes=6625 mean_ext_return=0.000
[train] 46:00:31<98:40:21, 0.052s/step step= 3180000 episodes= 6625 eps=0.050 replay= 39936 loss=0.00000 ext100=0.000 total100=0.040
[train] 46:02:14<98:38:36, 0.052s/step step= 3182000 episodes= 6629 eps=0.050 replay= 39936 loss=0.00001 ext100=0.000 total100=0.040
[train] 46:03:57<98:36:49, 0.052s/step step= 3184000 episodes= 6633 eps=0.050 replay= 39936 loss=0.00000 ext100=0.000 total100=0.040
[train] 46:05:40<98:35:03, 0.052s/step step= 3186000 episodes= 6637 eps=0.050 replay= 39936 loss=0.00002 ext100=0.000 total100=0.041
[train] 46:07:24<98:33:18, 0.052s/step step= 3188000 episodes= 6641 eps=0.050 replay= 39936 loss=0.00001 ext100=0.000 total100=0.041
[train] 46:09:08<98:31:32, 0.052s/step step= 3190000 episodes= 6645 eps=0.050 replay= 39936 loss=0.00001 ext100=0.000 total100=0.041
[train] 46:10:51<98:29:47, 0.052s/step step= 3192000 episodes= 6650 eps=0.050 replay= 39936 loss=0.00000 ext100=0.000 total100=0.041
[train] 46:12:35<98:28:02, 0.052s/step step= 3194000 episodes= 6654 eps=0.050 replay= 39936 loss=0.00001 ext100=0.000 total100=0.041
[train] 46:14:19<98:26:17, 0.052s/step step= 3196000 episodes= 6658 eps=0.050 replay= 39936 loss=0.00000 ext100=0.000 total100=0.040
[train] 46:16:03<98:24:32, 0.052s/step step= 3198000 episodes= 6662 eps=0.050 replay= 39936 loss=0.00000 ext100=0.000 total100=0.040
[eval] step=3200000 episodes=6666 mean_ext_return=0.000
[train] 46:18:02<98:23:21, 0.052s/step step= 3200000 episodes= 6666 eps=0.050 replay= 39936 loss=0.00000 ext100=0.000 total100=0.039
[train] 46:19:46<98:21:36, 0.052s/step step= 3202000 episodes= 6670 eps=0.050 replay= 39936 loss=0.00001 ext100=0.000 total100=0.038
[train] 46:21:29<98:19:49, 0.052s/step step= 3204000 episodes= 6675 eps=0.050 replay= 39936 loss=0.00001 ext100=0.000 total100=0.038
[train] 46:23:12<98:18:02, 0.052s/step step= 3206000 episodes= 6679 eps=0.050 replay= 39936 loss=0.00001 ext100=0.000 total100=0.038
[train] 46:24:56<98:16:18, 0.052s/step step= 3208000 episodes= 6683 eps=0.050 replay= 39936 loss=0.00000 ext100=0.000 total100=0.038
[train] 46:26:40<98:14:32, 0.052s/step step= 3210000 episodes= 6687 eps=0.050 replay= 39936 loss=0.00001 ext100=0.000 total100=0.039
[train] 46:28:23<98:12:47, 0.052s/step step= 3212000 episodes= 6691 eps=0.050 replay= 39936 loss=0.00001 ext100=0.000 total100=0.038
[train] 46:30:07<98:11:02, 0.052s/step step= 3214000 episodes= 6695 eps=0.050 replay= 39936 loss=0.00000 ext100=0.000 total100=0.040
[train] 46:31:51<98:09:17, 0.052s/step step= 3216000 episodes= 6700 eps=0.050 replay= 39936 loss=0.00000 ext100=0.000 total100=0.040
[train] 46:33:35<98:07:32, 0.052s/step step= 3218000 episodes= 6704 eps=0.050 replay= 39936 loss=0.00002 ext100=0.000 total100=0.039
[eval] step=3220000 episodes=6708 mean_ext_return=0.000
[train] 46:35:34<98:06:20, 0.052s/step step= 3220000 episodes= 6708 eps=0.050 replay= 39936 loss=0.00001 ext100=0.000 total100=0.039
[train] 46:37:18<98:04:35, 0.052s/step step= 3222000 episodes= 6712 eps=0.050 replay= 39936 loss=0.00001 ext100=0.000 total100=0.040
[train] 46:39:01<98:02:48, 0.052s/step step= 3224000 episodes= 6716 eps=0.050 replay= 39936 loss=0.00001 ext100=0.000 total100=0.039
[train] 46:40:44<98:01:02, 0.052s/step step= 3226000 episodes= 6720 eps=0.050 replay= 39936 loss=0.00003 ext100=0.000 total100=0.039
[train] 46:42:28<97:59:17, 0.052s/step step= 3228000 episodes= 6725 eps=0.050 replay= 39936 loss=0.00002 ext100=0.000 total100=0.038
[train] 46:44:12<97:57:32, 0.052s/step step= 3230000 episodes= 6729 eps=0.050 replay= 39936 loss=0.00000 ext100=0.000 total100=0.038
[train] 46:45:55<97:55:46, 0.052s/step step= 3232000 episodes= 6733 eps=0.050 replay= 39936 loss=0.00000 ext100=0.000 total100=0.038
[train] 46:47:39<97:54:02, 0.052s/step step= 3234000 episodes= 6737 eps=0.050 replay= 39936 loss=0.00001 ext100=0.000 total100=0.038
[train] 46:49:23<97:52:16, 0.052s/step step= 3236000 episodes= 6741 eps=0.050 replay= 39936 loss=0.00000 ext100=0.000 total100=0.039
[train] 46:51:07<97:50:32, 0.052s/step step= 3238000 episodes= 6745 eps=0.050 replay= 39936 loss=0.00001 ext100=0.000 total100=0.038
[eval] step=3240000 episodes=6750 mean_ext_return=0.000
[train] 46:53:06<97:49:20, 0.052s/step step= 3240000 episodes= 6750 eps=0.050 replay= 39936 loss=0.00000 ext100=0.000 total100=0.038
[train] 46:54:50<97:47:34, 0.052s/step step= 3242000 episodes= 6754 eps=0.050 replay= 39936 loss=0.00001 ext100=0.000 total100=0.039
[train] 46:56:33<97:45:48, 0.052s/step step= 3244000 episodes= 6758 eps=0.050 replay= 39936 loss=0.00001 ext100=0.000 total100=0.038
[train] 46:58:16<97:44:01, 0.052s/step step= 3246000 episodes= 6762 eps=0.050 replay= 39936 loss=0.00000 ext100=0.000 total100=0.038
[train] 47:00:00<97:42:16, 0.052s/step step= 3248000 episodes= 6766 eps=0.050 replay= 39936 loss=0.00000 ext100=0.000 total100=0.038
[train] 47:01:43<97:40:31, 0.052s/step step= 3250000 episodes= 6770 eps=0.050 replay= 39936 loss=0.00002 ext100=0.000 total100=0.039
[train] 47:03:27<97:38:45, 0.052s/step step= 3252000 episodes= 6775 eps=0.050 replay= 39936 loss=0.00000 ext100=0.000 total100=0.039
[train] 47:05:11<97:37:00, 0.052s/step step= 3254000 episodes= 6779 eps=0.050 replay= 39936 loss=0.00000 ext100=0.000 total100=0.039
[train] 47:06:54<97:35:15, 0.052s/step step= 3256000 episodes= 6783 eps=0.050 replay= 39936 loss=0.00000 ext100=0.000 total100=0.038
[train] 47:08:38<97:33:30, 0.052s/step step= 3258000 episodes= 6787 eps=0.050 replay= 39936 loss=0.00001 ext100=0.000 total100=0.038
[eval] step=3260000 episodes=6791 mean_ext_return=0.000
[train] 47:10:38<97:32:18, 0.052s/step step= 3260000 episodes= 6791 eps=0.050 replay= 39936 loss=0.00000 ext100=0.000 total100=0.038
[train] 47:12:22<97:30:32, 0.052s/step step= 3262000 episodes= 6795 eps=0.050 replay= 39936 loss=0.00000 ext100=0.000 total100=0.036
[train] 47:14:05<97:28:46, 0.052s/step step= 3264000 episodes= 6800 eps=0.050 replay= 39936 loss=0.00000 ext100=0.000 total100=0.036
[train] 47:15:48<97:26:59, 0.052s/step step= 3266000 episodes= 6804 eps=0.050 replay= 39936 loss=0.00001 ext100=0.000 total100=0.036
[train] 47:17:32<97:25:15, 0.052s/step step= 3268000 episodes= 6808 eps=0.050 replay= 39936 loss=0.00000 ext100=0.000 total100=0.036
[train] 47:19:15<97:23:29, 0.052s/step step= 3270000 episodes= 6812 eps=0.050 replay= 39936 loss=0.00000 ext100=0.000 total100=0.037
[train] 47:20:59<97:21:43, 0.052s/step step= 3272000 episodes= 6816 eps=0.050 replay= 39936 loss=0.00000 ext100=0.000 total100=0.038
[train] 47:22:43<97:19:59, 0.052s/step step= 3274000 episodes= 6820 eps=0.050 replay= 39936 loss=0.00001 ext100=0.000 total100=0.038
[train] 47:24:26<97:18:13, 0.052s/step step= 3276000 episodes= 6825 eps=0.050 replay= 39936 loss=0.00000 ext100=0.000 total100=0.038
[train] 47:26:10<97:16:29, 0.052s/step step= 3278000 episodes= 6829 eps=0.050 replay= 39936 loss=0.00000 ext100=0.000 total100=0.038
[eval] step=3280000 episodes=6833 mean_ext_return=0.000
[train] 47:28:10<97:15:16, 0.052s/step step= 3280000 episodes= 6833 eps=0.050 replay= 39936 loss=0.00001 ext100=0.000 total100=0.038
[train] 47:29:53<97:13:31, 0.052s/step step= 3282000 episodes= 6837 eps=0.050 replay= 39936 loss=0.00001 ext100=0.000 total100=0.037
[train] 47:31:36<97:11:44, 0.052s/step step= 3284000 episodes= 6841 eps=0.050 replay= 39936 loss=0.00001 ext100=0.000 total100=0.037
[train] 47:33:19<97:09:58, 0.052s/step step= 3286000 episodes= 6845 eps=0.050 replay= 39936 loss=0.00000 ext100=0.000 total100=0.037
[train] 47:35:03<97:08:13, 0.052s/step step= 3288000 episodes= 6850 eps=0.050 replay= 39936 loss=0.00001 ext100=0.000 total100=0.037
[train] 47:36:47<97:06:27, 0.052s/step step= 3290000 episodes= 6854 eps=0.050 replay= 39936 loss=0.00002 ext100=0.000 total100=0.036
[train] 47:38:31<97:04:42, 0.052s/step step= 3292000 episodes= 6858 eps=0.050 replay= 39936 loss=0.00000 ext100=0.000 total100=0.038
[train] 47:40:15<97:02:57, 0.052s/step step= 3294000 episodes= 6862 eps=0.050 replay= 39936 loss=0.00000 ext100=0.000 total100=0.038
[train] 47:41:58<97:01:12, 0.052s/step step= 3296000 episodes= 6866 eps=0.050 replay= 39936 loss=0.00000 ext100=0.000 total100=0.040
[train] 47:43:42<96:59:28, 0.052s/step step= 3298000 episodes= 6870 eps=0.050 replay= 39936 loss=0.00001 ext100=0.000 total100=0.039
[eval] step=3300000 episodes=6875 mean_ext_return=0.000
[train] 47:45:42<96:58:15, 0.052s/step step= 3300000 episodes= 6875 eps=0.050 replay= 39936 loss=0.00000 ext100=0.000 total100=0.039
[train] 47:47:25<96:56:29, 0.052s/step step= 3302000 episodes= 6879 eps=0.050 replay= 39936 loss=0.00000 ext100=0.000 total100=0.038
[train] 47:49:08<96:54:43, 0.052s/step step= 3304000 episodes= 6883 eps=0.050 replay= 39936 loss=0.00000 ext100=0.000 total100=0.039
[train] 47:50:52<96:52:56, 0.052s/step step= 3306000 episodes= 6887 eps=0.050 replay= 39936 loss=0.00001 ext100=0.000 total100=0.039
[train] 47:52:36<96:51:11, 0.052s/step step= 3308000 episodes= 6891 eps=0.050 replay= 39936 loss=0.00001 ext100=0.000 total100=0.040
[train] 47:54:19<96:49:26, 0.052s/step step= 3310000 episodes= 6895 eps=0.050 replay= 39936 loss=0.00000 ext100=0.000 total100=0.041
[train] 47:56:03<96:47:40, 0.052s/step step= 3312000 episodes= 6900 eps=0.050 replay= 39936 loss=0.00001 ext100=0.000 total100=0.041
[train] 47:57:47<96:45:56, 0.052s/step step= 3314000 episodes= 6904 eps=0.050 replay= 39936 loss=0.00001 ext100=0.000 total100=0.041
[train] 47:59:30<96:44:10, 0.052s/step step= 3316000 episodes= 6908 eps=0.050 replay= 39936 loss=0.00000 ext100=0.000 total100=0.041
[train] 48:01:14<96:42:25, 0.052s/step step= 3318000 episodes= 6912 eps=0.050 replay= 39936 loss=0.00000 ext100=0.000 total100=0.040
[eval] step=3320000 episodes=6916 mean_ext_return=0.000
[train] 48:03:14<96:41:13, 0.052s/step step= 3320000 episodes= 6916 eps=0.050 replay= 39936 loss=0.00001 ext100=0.000 total100=0.041
[train] 48:04:57<96:39:27, 0.052s/step step= 3322000 episodes= 6920 eps=0.050 replay= 39936 loss=0.00001 ext100=0.000 total100=0.040
[train] 48:06:41<96:37:41, 0.052s/step step= 3324000 episodes= 6925 eps=0.050 replay= 39936 loss=0.00001 ext100=0.000 total100=0.041
[train] 48:08:24<96:35:54, 0.052s/step step= 3326000 episodes= 6929 eps=0.050 replay= 39936 loss=0.00001 ext100=0.000 total100=0.040
[train] 48:10:07<96:34:09, 0.052s/step step= 3328000 episodes= 6933 eps=0.050 replay= 39936 loss=0.00001 ext100=0.000 total100=0.038
[train] 48:11:51<96:32:24, 0.052s/step step= 3330000 episodes= 6937 eps=0.050 replay= 39936 loss=0.00001 ext100=0.000 total100=0.038
[train] 48:13:35<96:30:38, 0.052s/step step= 3332000 episodes= 6941 eps=0.050 replay= 39936 loss=0.00000 ext100=0.000 total100=0.039
[train] 48:15:19<96:28:53, 0.052s/step step= 3334000 episodes= 6945 eps=0.050 replay= 39936 loss=0.00000 ext100=0.000 total100=0.039
[train] 48:17:02<96:27:08, 0.052s/step step= 3336000 episodes= 6950 eps=0.050 replay= 39936 loss=0.00001 ext100=0.000 total100=0.039
[train] 48:18:46<96:25:23, 0.052s/step step= 3338000 episodes= 6954 eps=0.050 replay= 39936 loss=0.00001 ext100=0.000 total100=0.039
[eval] step=3340000 episodes=6958 mean_ext_return=0.000
[train] 48:20:46<96:24:10, 0.052s/step step= 3340000 episodes= 6958 eps=0.050 replay= 39936 loss=0.00000 ext100=0.000 total100=0.039
[train] 48:22:29<96:22:24, 0.052s/step step= 3342000 episodes= 6962 eps=0.050 replay= 39936 loss=0.00001 ext100=0.000 total100=0.039
[train] 48:24:12<96:20:37, 0.052s/step step= 3344000 episodes= 6966 eps=0.050 replay= 39936 loss=0.00000 ext100=0.000 total100=0.037
[train] 48:25:55<96:18:51, 0.052s/step step= 3346000 episodes= 6970 eps=0.050 replay= 39936 loss=0.00001 ext100=0.000 total100=0.037
[train] 48:27:39<96:17:06, 0.052s/step step= 3348000 episodes= 6975 eps=0.050 replay= 39936 loss=0.00000 ext100=0.000 total100=0.037
[train] 48:29:23<96:15:21, 0.052s/step step= 3350000 episodes= 6979 eps=0.050 replay= 39936 loss=0.00000 ext100=0.000 total100=0.038
[train] 48:31:06<96:13:35, 0.052s/step step= 3352000 episodes= 6983 eps=0.050 replay= 39936 loss=0.00000 ext100=0.000 total100=0.039
[train] 48:32:51<96:11:51, 0.052s/step step= 3354000 episodes= 6987 eps=0.050 replay= 39936 loss=0.00001 ext100=0.000 total100=0.039
[train] 48:34:34<96:10:05, 0.052s/step step= 3356000 episodes= 6991 eps=0.050 replay= 39936 loss=0.00000 ext100=0.000 total100=0.039
[train] 48:36:18<96:08:21, 0.052s/step step= 3358000 episodes= 6995 eps=0.050 replay= 39936 loss=0.00000 ext100=0.000 total100=0.038
[eval] step=3360000 episodes=7000 mean_ext_return=0.000
[train] 48:38:18<96:07:07, 0.052s/step step= 3360000 episodes= 7000 eps=0.050 replay= 39936 loss=0.00000 ext100=0.000 total100=0.038
[train] 48:40:01<96:05:22, 0.052s/step step= 3362000 episodes= 7004 eps=0.050 replay= 39936 loss=0.00001 ext100=0.000 total100=0.038
[train] 48:41:44<96:03:35, 0.052s/step step= 3364000 episodes= 7008 eps=0.050 replay= 39936 loss=0.00000 ext100=0.000 total100=0.038
[train] 48:43:28<96:01:49, 0.052s/step step= 3366000 episodes= 7012 eps=0.050 replay= 39936 loss=0.00000 ext100=0.000 total100=0.037
[train] 48:45:12<96:00:04, 0.052s/step step= 3368000 episodes= 7016 eps=0.050 replay= 39936 loss=0.00000 ext100=0.000 total100=0.035
[train] 48:46:55<95:58:19, 0.052s/step step= 3370000 episodes= 7020 eps=0.050 replay= 39936 loss=0.00001 ext100=0.000 total100=0.035
[train] 48:48:39<95:56:33, 0.052s/step step= 3372000 episodes= 7025 eps=0.050 replay= 39936 loss=0.00000 ext100=0.000 total100=0.035
[train] 48:50:23<95:54:48, 0.052s/step step= 3374000 episodes= 7029 eps=0.050 replay= 39936 loss=0.00000 ext100=0.000 total100=0.034
[train] 48:52:06<95:53:03, 0.052s/step step= 3376000 episodes= 7033 eps=0.050 replay= 39936 loss=0.00000 ext100=0.000 total100=0.035
[train] 48:53:50<95:51:18, 0.052s/step step= 3378000 episodes= 7037 eps=0.050 replay= 39936 loss=0.00000 ext100=0.000 total100=0.036
[eval] step=3380000 episodes=7041 mean_ext_return=0.000
[train] 48:55:50<95:50:04, 0.052s/step step= 3380000 episodes= 7041 eps=0.050 replay= 39936 loss=0.00000 ext100=0.000 total100=0.036
[train] 48:57:33<95:48:18, 0.052s/step step= 3382000 episodes= 7045 eps=0.050 replay= 39936 loss=0.00000 ext100=0.000 total100=0.036
[train] 48:59:16<95:46:32, 0.052s/step step= 3384000 episodes= 7050 eps=0.050 replay= 39936 loss=0.00000 ext100=0.000 total100=0.035
[train] 49:01:00<95:44:45, 0.052s/step step= 3386000 episodes= 7054 eps=0.050 replay= 39936 loss=0.00000 ext100=0.000 total100=0.035
[train] 49:02:43<95:43:01, 0.052s/step step= 3388000 episodes= 7058 eps=0.050 replay= 39936 loss=0.00000 ext100=0.000 total100=0.035
[train] 49:04:27<95:41:15, 0.052s/step step= 3390000 episodes= 7062 eps=0.050 replay= 39936 loss=0.00000 ext100=0.000 total100=0.035
[train] 49:06:11<95:39:30, 0.052s/step step= 3392000 episodes= 7066 eps=0.050 replay= 39936 loss=0.00000 ext100=0.000 total100=0.036
[train] 49:07:55<95:37:45, 0.052s/step step= 3394000 episodes= 7070 eps=0.050 replay= 39936 loss=0.00001 ext100=0.000 total100=0.036
[train] 49:09:38<95:35:59, 0.052s/step step= 3396000 episodes= 7075 eps=0.050 replay= 39936 loss=0.00000 ext100=0.000 total100=0.035
[train] 49:11:22<95:34:15, 0.052s/step step= 3398000 episodes= 7079 eps=0.050 replay= 39936 loss=0.00000 ext100=0.000 total100=0.035
[eval] step=3400000 episodes=7083 mean_ext_return=0.000
[train] 49:13:22<95:33:00, 0.052s/step step= 3400000 episodes= 7083 eps=0.050 replay= 39936 loss=0.00001 ext100=0.000 total100=0.034
[train] 49:15:05<95:31:15, 0.052s/step step= 3402000 episodes= 7087 eps=0.050 replay= 39936 loss=0.00003 ext100=0.000 total100=0.034
[train] 49:16:49<95:29:29, 0.052s/step step= 3404000 episodes= 7091 eps=0.050 replay= 39936 loss=0.00000 ext100=0.000 total100=0.033
[train] 49:18:32<95:27:42, 0.052s/step step= 3406000 episodes= 7095 eps=0.050 replay= 39936 loss=0.00000 ext100=0.000 total100=0.034
[train] 49:20:15<95:25:57, 0.052s/step step= 3408000 episodes= 7100 eps=0.050 replay= 39936 loss=0.00001 ext100=0.000 total100=0.034
[train] 49:21:59<95:24:11, 0.052s/step step= 3410000 episodes= 7104 eps=0.050 replay= 39936 loss=0.00001 ext100=0.000 total100=0.034
[train] 49:23:42<95:22:25, 0.052s/step step= 3412000 episodes= 7108 eps=0.050 replay= 39936 loss=0.00000 ext100=0.000 total100=0.034
[train] 49:25:26<95:20:41, 0.052s/step step= 3414000 episodes= 7112 eps=0.050 replay= 39936 loss=0.00000 ext100=0.000 total100=0.034
[train] 49:27:10<95:18:55, 0.052s/step step= 3416000 episodes= 7116 eps=0.050 replay= 39936 loss=0.00000 ext100=0.000 total100=0.035
[train] 49:28:54<95:17:10, 0.052s/step step= 3418000 episodes= 7120 eps=0.050 replay= 39936 loss=0.00001 ext100=0.000 total100=0.035
[eval] step=3420000 episodes=7125 mean_ext_return=0.000
[train] 49:30:53<95:15:56, 0.052s/step step= 3420000 episodes= 7125 eps=0.050 replay= 39936 loss=0.00001 ext100=0.000 total100=0.035
[train] 49:32:37<95:14:10, 0.052s/step step= 3422000 episodes= 7129 eps=0.050 replay= 39936 loss=0.00000 ext100=0.000 total100=0.037
[train] 49:34:20<95:12:24, 0.052s/step step= 3424000 episodes= 7133 eps=0.050 replay= 39936 loss=0.00000 ext100=0.000 total100=0.036
[train] 49:36:03<95:10:38, 0.052s/step step= 3426000 episodes= 7137 eps=0.050 replay= 39936 loss=0.00001 ext100=0.000 total100=0.036
[train] 49:37:47<95:08:53, 0.052s/step step= 3428000 episodes= 7141 eps=0.050 replay= 39936 loss=0.00000 ext100=0.000 total100=0.036
[train] 49:39:31<95:07:07, 0.052s/step step= 3430000 episodes= 7145 eps=0.050 replay= 39936 loss=0.00001 ext100=0.000 total100=0.035
[train] 49:41:14<95:05:22, 0.052s/step step= 3432000 episodes= 7150 eps=0.050 replay= 39936 loss=0.00000 ext100=0.000 total100=0.035
[train] 49:42:58<95:03:37, 0.052s/step step= 3434000 episodes= 7154 eps=0.050 replay= 39936 loss=0.00002 ext100=0.000 total100=0.036
[train] 49:44:42<95:01:52, 0.052s/step step= 3436000 episodes= 7158 eps=0.050 replay= 39936 loss=0.00001 ext100=0.000 total100=0.036
[train] 49:46:26<95:00:07, 0.052s/step step= 3438000 episodes= 7162 eps=0.050 replay= 39936 loss=0.00000 ext100=0.000 total100=0.035
[eval] step=3440000 episodes=7166 mean_ext_return=0.000
[train] 49:48:26<94:58:52, 0.052s/step step= 3440000 episodes= 7166 eps=0.050 replay= 39936 loss=0.00001 ext100=0.000 total100=0.035
[train] 49:50:09<94:57:07, 0.052s/step step= 3442000 episodes= 7170 eps=0.050 replay= 39936 loss=0.00001 ext100=0.000 total100=0.035
[train] 49:51:52<94:55:20, 0.052s/step step= 3444000 episodes= 7175 eps=0.050 replay= 39936 loss=0.00000 ext100=0.000 total100=0.035
[train] 49:53:35<94:53:34, 0.052s/step step= 3446000 episodes= 7179 eps=0.050 replay= 39936 loss=0.00001 ext100=0.000 total100=0.035
[train] 49:55:19<94:51:49, 0.052s/step step= 3448000 episodes= 7183 eps=0.050 replay= 39936 loss=0.00000 ext100=0.000 total100=0.035
[train] 49:57:03<94:50:03, 0.052s/step step= 3450000 episodes= 7187 eps=0.050 replay= 39936 loss=0.00001 ext100=0.000 total100=0.035
[train] 49:58:46<94:48:18, 0.052s/step step= 3452000 episodes= 7191 eps=0.050 replay= 39936 loss=0.00001 ext100=0.000 total100=0.038
[train] 50:00:30<94:46:33, 0.052s/step step= 3454000 episodes= 7195 eps=0.050 replay= 39936 loss=0.00001 ext100=0.000 total100=0.039
[train] 50:02:14<94:44:47, 0.052s/step step= 3456000 episodes= 7200 eps=0.050 replay= 39936 loss=0.00001 ext100=0.000 total100=0.040
[train] 50:03:58<94:43:03, 0.052s/step step= 3458000 episodes= 7204 eps=0.050 replay= 39936 loss=0.00001 ext100=0.000 total100=0.040
[eval] step=3460000 episodes=7208 mean_ext_return=0.000
[train] 50:05:58<94:41:48, 0.052s/step step= 3460000 episodes= 7208 eps=0.050 replay= 39936 loss=0.00001 ext100=0.000 total100=0.040
[train] 50:07:41<94:40:02, 0.052s/step step= 3462000 episodes= 7212 eps=0.050 replay= 39936 loss=0.00001 ext100=0.000 total100=0.040
[train] 50:09:24<94:38:15, 0.052s/step step= 3464000 episodes= 7216 eps=0.050 replay= 39936 loss=0.00000 ext100=0.000 total100=0.040
[train] 50:11:07<94:36:29, 0.052s/step step= 3466000 episodes= 7220 eps=0.050 replay= 39936 loss=0.00001 ext100=0.000 total100=0.041
[train] 50:12:51<94:34:44, 0.052s/step step= 3468000 episodes= 7225 eps=0.050 replay= 39936 loss=0.00000 ext100=0.000 total100=0.041
[train] 50:14:35<94:32:58, 0.052s/step step= 3470000 episodes= 7229 eps=0.050 replay= 39936 loss=0.00000 ext100=0.000 total100=0.041
[train] 50:16:18<94:31:13, 0.052s/step step= 3472000 episodes= 7233 eps=0.050 replay= 39936 loss=0.00000 ext100=0.000 total100=0.041
[train] 50:18:02<94:29:29, 0.052s/step step= 3474000 episodes= 7237 eps=0.050 replay= 39936 loss=0.00000 ext100=0.000 total100=0.040
[train] 50:19:46<94:27:43, 0.052s/step step= 3476000 episodes= 7241 eps=0.050 replay= 39936 loss=0.00000 ext100=0.000 total100=0.040
[train] 50:21:30<94:25:58, 0.052s/step step= 3478000 episodes= 7245 eps=0.050 replay= 39936 loss=0.00000 ext100=0.000 total100=0.040
[eval] step=3480000 episodes=7250 mean_ext_return=0.000
[train] 50:23:30<94:24:43, 0.052s/step step= 3480000 episodes= 7250 eps=0.050 replay= 39936 loss=0.00000 ext100=0.000 total100=0.040
[train] 50:25:13<94:22:58, 0.052s/step step= 3482000 episodes= 7254 eps=0.050 replay= 39936 loss=0.00001 ext100=0.000 total100=0.039
[train] 50:26:56<94:21:11, 0.052s/step step= 3484000 episodes= 7258 eps=0.050 replay= 39936 loss=0.00000 ext100=0.000 total100=0.039
[train] 50:28:40<94:19:25, 0.052s/step step= 3486000 episodes= 7262 eps=0.050 replay= 39936 loss=0.00000 ext100=0.000 total100=0.040
[train] 50:30:23<94:17:40, 0.052s/step step= 3488000 episodes= 7266 eps=0.050 replay= 39936 loss=0.00000 ext100=0.000 total100=0.040
[train] 50:32:07<94:15:54, 0.052s/step step= 3490000 episodes= 7270 eps=0.050 replay= 39936 loss=0.00001 ext100=0.000 total100=0.041
[train] 50:33:51<94:14:09, 0.052s/step step= 3492000 episodes= 7275 eps=0.050 replay= 39936 loss=0.00000 ext100=0.000 total100=0.041
[train] 50:35:35<94:12:24, 0.052s/step step= 3494000 episodes= 7279 eps=0.050 replay= 39936 loss=0.00000 ext100=0.000 total100=0.040
[train] 50:37:18<94:10:39, 0.052s/step step= 3496000 episodes= 7283 eps=0.050 replay= 39936 loss=0.00000 ext100=0.000 total100=0.041
[train] 50:39:02<94:08:54, 0.052s/step step= 3498000 episodes= 7287 eps=0.050 replay= 39936 loss=0.00001 ext100=0.000 total100=0.040
[eval] step=3500000 episodes=7291 mean_ext_return=0.000
[train] 50:41:02<94:07:38, 0.052s/step step= 3500000 episodes= 7291 eps=0.050 replay= 39936 loss=0.00000 ext100=0.000 total100=0.039
[train] 50:42:45<94:05:53, 0.052s/step step= 3502000 episodes= 7295 eps=0.050 replay= 39936 loss=0.00001 ext100=0.000 total100=0.038
[train] 50:44:28<94:04:06, 0.052s/step step= 3504000 episodes= 7300 eps=0.050 replay= 39936 loss=0.00000 ext100=0.000 total100=0.037
[train] 50:46:12<94:02:20, 0.052s/step step= 3506000 episodes= 7304 eps=0.050 replay= 39936 loss=0.00001 ext100=0.000 total100=0.037
[train] 50:47:55<94:00:35, 0.052s/step step= 3508000 episodes= 7308 eps=0.050 replay= 39936 loss=0.00000 ext100=0.000 total100=0.036
[train] 50:49:39<93:58:49, 0.052s/step step= 3510000 episodes= 7312 eps=0.050 replay= 39936 loss=0.00000 ext100=0.000 total100=0.035
[train] 50:51:22<93:57:03, 0.052s/step step= 3512000 episodes= 7316 eps=0.050 replay= 39936 loss=0.00001 ext100=0.000 total100=0.037
[train] 50:53:06<93:55:18, 0.052s/step step= 3514000 episodes= 7320 eps=0.050 replay= 39936 loss=0.00001 ext100=0.000 total100=0.036
[train] 50:54:50<93:53:33, 0.052s/step step= 3516000 episodes= 7325 eps=0.050 replay= 39936 loss=0.00000 ext100=0.000 total100=0.036
[train] 50:56:34<93:51:48, 0.052s/step step= 3518000 episodes= 7329 eps=0.050 replay= 39936 loss=0.00000 ext100=0.000 total100=0.037
[eval] step=3520000 episodes=7333 mean_ext_return=0.000
[train] 50:58:33<93:50:32, 0.052s/step step= 3520000 episodes= 7333 eps=0.050 replay= 39936 loss=0.00000 ext100=0.000 total100=0.036
[train] 51:00:17<93:48:46, 0.052s/step step= 3522000 episodes= 7337 eps=0.050 replay= 39936 loss=0.00001 ext100=0.000 total100=0.036
[train] 51:02:00<93:47:00, 0.052s/step step= 3524000 episodes= 7341 eps=0.050 replay= 39936 loss=0.00001 ext100=0.000 total100=0.036
[train] 51:03:43<93:45:14, 0.052s/step step= 3526000 episodes= 7345 eps=0.050 replay= 39936 loss=0.00000 ext100=0.000 total100=0.036
[train] 51:05:27<93:43:29, 0.052s/step step= 3528000 episodes= 7350 eps=0.050 replay= 39936 loss=0.00000 ext100=0.000 total100=0.036
[train] 51:07:11<93:41:44, 0.052s/step step= 3530000 episodes= 7354 eps=0.050 replay= 39936 loss=0.00001 ext100=0.000 total100=0.036
[train] 51:08:54<93:39:58, 0.052s/step step= 3532000 episodes= 7358 eps=0.050 replay= 39936 loss=0.00001 ext100=0.000 total100=0.036
[train] 51:10:38<93:38:13, 0.052s/step step= 3534000 episodes= 7362 eps=0.050 replay= 39936 loss=0.00001 ext100=0.000 total100=0.036
[train] 51:12:22<93:36:28, 0.052s/step step= 3536000 episodes= 7366 eps=0.050 replay= 39936 loss=0.00000 ext100=0.000 total100=0.036
[train] 51:14:06<93:34:43, 0.052s/step step= 3538000 episodes= 7370 eps=0.050 replay= 39936 loss=0.00001 ext100=0.000 total100=0.036
[eval] step=3540000 episodes=7375 mean_ext_return=0.000
[train] 51:16:06<93:33:27, 0.052s/step step= 3540000 episodes= 7375 eps=0.050 replay= 39936 loss=0.00000 ext100=0.000 total100=0.035
[train] 51:17:49<93:31:41, 0.052s/step step= 3542000 episodes= 7379 eps=0.050 replay= 39936 loss=0.00000 ext100=0.000 total100=0.034
[train] 51:19:32<93:29:54, 0.052s/step step= 3544000 episodes= 7383 eps=0.050 replay= 39936 loss=0.00000 ext100=0.000 total100=0.033
[train] 51:21:15<93:28:08, 0.052s/step step= 3546000 episodes= 7387 eps=0.050 replay= 39936 loss=0.00001 ext100=0.000 total100=0.032
[train] 51:22:59<93:26:23, 0.052s/step step= 3548000 episodes= 7391 eps=0.050 replay= 39936 loss=0.00000 ext100=0.000 total100=0.031
[train] 51:24:43<93:24:37, 0.052s/step step= 3550000 episodes= 7395 eps=0.050 replay= 39936 loss=0.00000 ext100=0.000 total100=0.032
[train] 51:26:26<93:22:52, 0.052s/step step= 3552000 episodes= 7400 eps=0.050 replay= 39936 loss=0.00000 ext100=0.000 total100=0.031
[train] 51:28:10<93:21:07, 0.052s/step step= 3554000 episodes= 7404 eps=0.050 replay= 39936 loss=0.00001 ext100=0.000 total100=0.031
[train] 51:29:54<93:19:21, 0.052s/step step= 3556000 episodes= 7408 eps=0.050 replay= 39936 loss=0.00001 ext100=0.000 total100=0.031
[train] 51:31:38<93:17:36, 0.052s/step step= 3558000 episodes= 7412 eps=0.050 replay= 39936 loss=0.00000 ext100=0.000 total100=0.032
[eval] step=3560000 episodes=7416 mean_ext_return=0.000
[train] 51:33:37<93:16:20, 0.052s/step step= 3560000 episodes= 7416 eps=0.050 replay= 39936 loss=0.00000 ext100=0.000 total100=0.030
[train] 51:35:21<93:14:34, 0.052s/step step= 3562000 episodes= 7420 eps=0.050 replay= 39936 loss=0.00001 ext100=0.000 total100=0.031
[train] 51:37:04<93:12:48, 0.052s/step step= 3564000 episodes= 7425 eps=0.050 replay= 39936 loss=0.00000 ext100=0.000 total100=0.030
[train] 51:38:47<93:11:02, 0.052s/step step= 3566000 episodes= 7429 eps=0.050 replay= 39936 loss=0.00000 ext100=0.000 total100=0.029
[train] 51:40:31<93:09:16, 0.052s/step step= 3568000 episodes= 7433 eps=0.050 replay= 39936 loss=0.00001 ext100=0.000 total100=0.030
[train] 51:42:15<93:07:31, 0.052s/step step= 3570000 episodes= 7437 eps=0.050 replay= 39936 loss=0.00001 ext100=0.000 total100=0.031
[train] 51:43:58<93:05:46, 0.052s/step step= 3572000 episodes= 7441 eps=0.050 replay= 39936 loss=0.00000 ext100=0.000 total100=0.032
[train] 51:45:42<93:04:01, 0.052s/step step= 3574000 episodes= 7445 eps=0.050 replay= 39936 loss=0.00000 ext100=0.000 total100=0.032
[train] 51:47:26<93:02:16, 0.052s/step step= 3576000 episodes= 7450 eps=0.050 replay= 39936 loss=0.00000 ext100=0.000 total100=0.032
[train] 51:49:10<93:00:31, 0.052s/step step= 3578000 episodes= 7454 eps=0.050 replay= 39936 loss=0.00001 ext100=0.000 total100=0.033
[eval] step=3580000 episodes=7458 mean_ext_return=0.000
[train] 51:51:10<92:59:14, 0.052s/step step= 3580000 episodes= 7458 eps=0.050 replay= 39936 loss=0.00000 ext100=0.000 total100=0.033
[train] 51:52:53<92:57:29, 0.052s/step step= 3582000 episodes= 7462 eps=0.050 replay= 39936 loss=0.00000 ext100=0.000 total100=0.034
[train] 51:54:36<92:55:42, 0.052s/step step= 3584000 episodes= 7466 eps=0.050 replay= 39936 loss=0.00000 ext100=0.000 total100=0.034
[train] 51:56:20<92:53:57, 0.052s/step step= 3586000 episodes= 7470 eps=0.050 replay= 39936 loss=0.00001 ext100=0.000 total100=0.034
[train] 51:58:03<92:52:11, 0.052s/step step= 3588000 episodes= 7475 eps=0.050 replay= 39936 loss=0.00000 ext100=0.000 total100=0.034
[train] 51:59:47<92:50:26, 0.052s/step step= 3590000 episodes= 7479 eps=0.050 replay= 39936 loss=0.00000 ext100=0.000 total100=0.036
[train] 52:01:30<92:48:40, 0.052s/step step= 3592000 episodes= 7483 eps=0.050 replay= 39936 loss=0.00000 ext100=0.000 total100=0.036
[train] 52:03:15<92:46:55, 0.052s/step step= 3594000 episodes= 7487 eps=0.050 replay= 39936 loss=0.00001 ext100=0.000 total100=0.037
[train] 52:04:58<92:45:10, 0.052s/step step= 3596000 episodes= 7491 eps=0.050 replay= 39936 loss=0.00000 ext100=0.000 total100=0.038
[train] 52:06:42<92:43:25, 0.052s/step step= 3598000 episodes= 7495 eps=0.050 replay= 39936 loss=0.00001 ext100=0.000 total100=0.037
[eval] step=3600000 episodes=7500 mean_ext_return=0.000
[train] 52:08:42<92:42:08, 0.052s/step step= 3600000 episodes= 7500 eps=0.050 replay= 39936 loss=0.00000 ext100=0.000 total100=0.037
[train] 52:10:25<92:40:22, 0.052s/step step= 3602000 episodes= 7504 eps=0.050 replay= 39936 loss=0.00001 ext100=0.000 total100=0.038
[train] 52:12:08<92:38:36, 0.052s/step step= 3604000 episodes= 7508 eps=0.050 replay= 39936 loss=0.00000 ext100=0.000 total100=0.038
[train] 52:13:52<92:36:50, 0.052s/step step= 3606000 episodes= 7512 eps=0.050 replay= 39936 loss=0.00000 ext100=0.000 total100=0.038
[train] 52:15:35<92:35:04, 0.052s/step step= 3608000 episodes= 7516 eps=0.050 replay= 39936 loss=0.00000 ext100=0.000 total100=0.037
[train] 52:17:19<92:33:19, 0.052s/step step= 3610000 episodes= 7520 eps=0.050 replay= 39936 loss=0.00001 ext100=0.000 total100=0.037
[train] 52:19:03<92:31:34, 0.052s/step step= 3612000 episodes= 7525 eps=0.050 replay= 39936 loss=0.00000 ext100=0.000 total100=0.038
[train] 52:20:47<92:29:49, 0.052s/step step= 3614000 episodes= 7529 eps=0.050 replay= 39936 loss=0.00000 ext100=0.000 total100=0.038
[train] 52:22:30<92:28:03, 0.052s/step step= 3616000 episodes= 7533 eps=0.050 replay= 39936 loss=0.00000 ext100=0.000 total100=0.038
[train] 52:24:14<92:26:18, 0.052s/step step= 3618000 episodes= 7537 eps=0.050 replay= 39936 loss=0.00001 ext100=0.000 total100=0.038
[eval] step=3620000 episodes=7541 mean_ext_return=0.000
[train] 52:26:14<92:25:01, 0.052s/step step= 3620000 episodes= 7541 eps=0.050 replay= 39936 loss=0.00000 ext100=0.000 total100=0.037
[train] 52:27:57<92:23:16, 0.052s/step step= 3622000 episodes= 7545 eps=0.050 replay= 39936 loss=0.00001 ext100=0.000 total100=0.037
[train] 52:29:40<92:21:29, 0.052s/step step= 3624000 episodes= 7550 eps=0.050 replay= 39936 loss=0.00001 ext100=0.000 total100=0.037
[train] 52:31:24<92:19:43, 0.052s/step step= 3626000 episodes= 7554 eps=0.050 replay= 39936 loss=0.00001 ext100=0.000 total100=0.036
[train] 52:33:07<92:17:57, 0.052s/step step= 3628000 episodes= 7558 eps=0.050 replay= 39936 loss=0.00001 ext100=0.000 total100=0.036
[train] 52:34:51<92:16:12, 0.052s/step step= 3630000 episodes= 7562 eps=0.050 replay= 39936 loss=0.00000 ext100=0.000 total100=0.035
[train] 52:36:35<92:14:27, 0.052s/step step= 3632000 episodes= 7566 eps=0.050 replay= 39936 loss=0.00000 ext100=0.000 total100=0.035
[train] 52:38:19<92:12:42, 0.052s/step step= 3634000 episodes= 7570 eps=0.050 replay= 39936 loss=0.00001 ext100=0.000 total100=0.035
[train] 52:40:02<92:10:56, 0.052s/step step= 3636000 episodes= 7575 eps=0.050 replay= 39936 loss=0.00001 ext100=0.000 total100=0.035
[train] 52:41:46<92:09:11, 0.052s/step step= 3638000 episodes= 7579 eps=0.050 replay= 39936 loss=0.00000 ext100=0.000 total100=0.035
[eval] step=3640000 episodes=7583 mean_ext_return=0.000
[train] 52:43:46<92:07:54, 0.052s/step step= 3640000 episodes= 7583 eps=0.050 replay= 39936 loss=0.00000 ext100=0.000 total100=0.036
[train] 52:45:29<92:06:08, 0.052s/step step= 3642000 episodes= 7587 eps=0.050 replay= 39936 loss=0.00001 ext100=0.000 total100=0.036
[train] 52:47:12<92:04:22, 0.052s/step step= 3644000 episodes= 7591 eps=0.050 replay= 39936 loss=0.00000 ext100=0.000 total100=0.037
[train] 52:48:56<92:02:36, 0.052s/step step= 3646000 episodes= 7595 eps=0.050 replay= 39936 loss=0.00000 ext100=0.000 total100=0.037
[train] 52:50:39<92:00:50, 0.052s/step step= 3648000 episodes= 7600 eps=0.050 replay= 39936 loss=0.00001 ext100=0.000 total100=0.038
[train] 52:52:23<91:59:05, 0.052s/step step= 3650000 episodes= 7604 eps=0.050 replay= 39936 loss=0.00002 ext100=0.000 total100=0.038
[train] 52:54:06<91:57:19, 0.052s/step step= 3652000 episodes= 7608 eps=0.050 replay= 39936 loss=0.00000 ext100=0.000 total100=0.037
[train] 52:55:50<91:55:34, 0.052s/step step= 3654000 episodes= 7612 eps=0.050 replay= 39936 loss=0.00000 ext100=0.000 total100=0.037
[train] 52:57:34<91:53:48, 0.052s/step step= 3656000 episodes= 7616 eps=0.050 replay= 39936 loss=0.00001 ext100=0.000 total100=0.037
[train] 52:59:18<91:52:04, 0.052s/step step= 3658000 episodes= 7620 eps=0.050 replay= 39936 loss=0.00001 ext100=0.000 total100=0.037
[eval] step=3660000 episodes=7625 mean_ext_return=0.000
[train] 53:01:17<91:50:46, 0.052s/step step= 3660000 episodes= 7625 eps=0.050 replay= 39936 loss=0.00001 ext100=0.000 total100=0.035
[train] 53:03:01<91:49:01, 0.052s/step step= 3662000 episodes= 7629 eps=0.050 replay= 39936 loss=0.00000 ext100=0.000 total100=0.036
[train] 53:04:44<91:47:14, 0.052s/step step= 3664000 episodes= 7633 eps=0.050 replay= 39936 loss=0.00000 ext100=0.000 total100=0.036
[train] 53:06:28<91:45:29, 0.052s/step step= 3666000 episodes= 7637 eps=0.050 replay= 39936 loss=0.00001 ext100=0.000 total100=0.036
[train] 53:08:11<91:43:43, 0.052s/step step= 3668000 episodes= 7641 eps=0.050 replay= 39936 loss=0.00001 ext100=0.000 total100=0.036
[train] 53:09:55<91:41:57, 0.052s/step step= 3670000 episodes= 7645 eps=0.050 replay= 39936 loss=0.00001 ext100=0.000 total100=0.035
[train] 53:11:38<91:40:12, 0.052s/step step= 3672000 episodes= 7650 eps=0.050 replay= 39936 loss=0.00001 ext100=0.000 total100=0.035
[train] 53:13:22<91:38:27, 0.052s/step step= 3674000 episodes= 7654 eps=0.050 replay= 39936 loss=0.00000 ext100=0.000 total100=0.035
[train] 53:15:06<91:36:41, 0.052s/step step= 3676000 episodes= 7658 eps=0.050 replay= 39936 loss=0.00000 ext100=0.000 total100=0.035
[train] 53:16:50<91:34:56, 0.052s/step step= 3678000 episodes= 7662 eps=0.050 replay= 39936 loss=0.00001 ext100=0.000 total100=0.036
[eval] step=3680000 episodes=7666 mean_ext_return=0.000
[train] 53:18:49<91:33:38, 0.052s/step step= 3680000 episodes= 7666 eps=0.050 replay= 39936 loss=0.00001 ext100=0.000 total100=0.036
[train] 53:20:33<91:31:53, 0.052s/step step= 3682000 episodes= 7670 eps=0.050 replay= 39936 loss=0.00001 ext100=0.000 total100=0.035
[train] 53:22:16<91:30:06, 0.052s/step step= 3684000 episodes= 7675 eps=0.050 replay= 39936 loss=0.00000 ext100=0.000 total100=0.035
[train] 53:24:00<91:28:21, 0.052s/step step= 3686000 episodes= 7679 eps=0.050 replay= 39936 loss=0.00000 ext100=0.000 total100=0.034
[train] 53:25:43<91:26:35, 0.052s/step step= 3688000 episodes= 7683 eps=0.050 replay= 39936 loss=0.00000 ext100=0.000 total100=0.034
[train] 53:27:27<91:24:50, 0.052s/step step= 3690000 episodes= 7687 eps=0.050 replay= 39936 loss=0.00001 ext100=0.000 total100=0.035
[train] 53:29:10<91:23:04, 0.052s/step step= 3692000 episodes= 7691 eps=0.050 replay= 39936 loss=0.00001 ext100=0.000 total100=0.034
[train] 53:30:54<91:21:19, 0.052s/step step= 3694000 episodes= 7695 eps=0.050 replay= 39936 loss=0.00000 ext100=0.000 total100=0.034
[train] 53:32:38<91:19:34, 0.052s/step step= 3696000 episodes= 7700 eps=0.050 replay= 39936 loss=0.00000 ext100=0.000 total100=0.033
[train] 53:34:22<91:17:49, 0.052s/step step= 3698000 episodes= 7704 eps=0.050 replay= 39936 loss=0.00001 ext100=0.000 total100=0.033
[eval] step=3700000 episodes=7708 mean_ext_return=0.000
[train] 53:36:22<91:16:31, 0.052s/step step= 3700000 episodes= 7708 eps=0.050 replay= 39936 loss=0.00000 ext100=0.000 total100=0.034
[train] 53:38:05<91:14:45, 0.052s/step step= 3702000 episodes= 7712 eps=0.050 replay= 39936 loss=0.00000 ext100=0.000 total100=0.035
[train] 53:39:48<91:12:59, 0.052s/step step= 3704000 episodes= 7716 eps=0.050 replay= 39936 loss=0.00000 ext100=0.000 total100=0.034
[train] 53:41:32<91:11:13, 0.052s/step step= 3706000 episodes= 7720 eps=0.050 replay= 39936 loss=0.00001 ext100=0.000 total100=0.033
[train] 53:43:15<91:09:27, 0.052s/step step= 3708000 episodes= 7725 eps=0.050 replay= 39936 loss=0.00000 ext100=0.000 total100=0.034
[train] 53:44:59<91:07:42, 0.052s/step step= 3710000 episodes= 7729 eps=0.050 replay= 39936 loss=0.00000 ext100=0.000 total100=0.033
[train] 53:46:42<91:05:56, 0.052s/step step= 3712000 episodes= 7733 eps=0.050 replay= 39936 loss=0.00000 ext100=0.000 total100=0.033
[train] 53:48:26<91:04:11, 0.052s/step step= 3714000 episodes= 7737 eps=0.050 replay= 39936 loss=0.00001 ext100=0.000 total100=0.033
[train] 53:50:10<91:02:26, 0.052s/step step= 3716000 episodes= 7741 eps=0.050 replay= 39936 loss=0.00000 ext100=0.000 total100=0.034
[train] 53:51:54<91:00:41, 0.052s/step step= 3718000 episodes= 7745 eps=0.050 replay= 39936 loss=0.00001 ext100=0.000 total100=0.035
[eval] step=3720000 episodes=7750 mean_ext_return=0.000
[train] 53:53:54<90:59:23, 0.052s/step step= 3720000 episodes= 7750 eps=0.050 replay= 39936 loss=0.00000 ext100=0.000 total100=0.035
[train] 53:55:37<90:57:37, 0.052s/step step= 3722000 episodes= 7754 eps=0.050 replay= 39936 loss=0.00001 ext100=0.000 total100=0.035
[train] 53:57:20<90:55:51, 0.052s/step step= 3724000 episodes= 7758 eps=0.050 replay= 39936 loss=0.00000 ext100=0.000 total100=0.035
[train] 53:59:04<90:54:05, 0.052s/step step= 3726000 episodes= 7762 eps=0.050 replay= 39936 loss=0.00000 ext100=0.000 total100=0.035
[train] 54:00:47<90:52:19, 0.052s/step step= 3728000 episodes= 7766 eps=0.050 replay= 39936 loss=0.00000 ext100=0.000 total100=0.035
[train] 54:02:31<90:50:34, 0.052s/step step= 3730000 episodes= 7770 eps=0.050 replay= 39936 loss=0.00001 ext100=0.000 total100=0.035
[train] 54:04:14<90:48:48, 0.052s/step step= 3732000 episodes= 7775 eps=0.050 replay= 39936 loss=0.00000 ext100=0.000 total100=0.036
[train] 54:05:58<90:47:03, 0.052s/step step= 3734000 episodes= 7779 eps=0.050 replay= 39936 loss=0.00000 ext100=0.000 total100=0.035
[train] 54:07:42<90:45:17, 0.052s/step step= 3736000 episodes= 7783 eps=0.050 replay= 39936 loss=0.00001 ext100=0.000 total100=0.035
[train] 54:09:26<90:43:32, 0.052s/step step= 3738000 episodes= 7787 eps=0.050 replay= 39936 loss=0.00001 ext100=0.000 total100=0.034
[eval] step=3740000 episodes=7791 mean_ext_return=0.000
[train] 54:11:25<90:42:14, 0.052s/step step= 3740000 episodes= 7791 eps=0.050 replay= 39936 loss=0.00000 ext100=0.000 total100=0.034
[train] 54:13:09<90:40:28, 0.052s/step step= 3742000 episodes= 7795 eps=0.050 replay= 39936 loss=0.00000 ext100=0.000 total100=0.034
[train] 54:14:52<90:38:42, 0.052s/step step= 3744000 episodes= 7800 eps=0.050 replay= 39936 loss=0.00000 ext100=0.000 total100=0.035
[train] 54:16:36<90:36:56, 0.052s/step step= 3746000 episodes= 7804 eps=0.050 replay= 39936 loss=0.00000 ext100=0.000 total100=0.035
[train] 54:18:19<90:35:10, 0.052s/step step= 3748000 episodes= 7808 eps=0.050 replay= 39936 loss=0.00001 ext100=0.000 total100=0.035
[train] 54:20:03<90:33:25, 0.052s/step step= 3750000 episodes= 7812 eps=0.050 replay= 39936 loss=0.00000 ext100=0.000 total100=0.035
[train] 54:21:46<90:31:39, 0.052s/step step= 3752000 episodes= 7816 eps=0.050 replay= 39936 loss=0.00000 ext100=0.000 total100=0.035
[train] 54:23:30<90:29:54, 0.052s/step step= 3754000 episodes= 7820 eps=0.050 replay= 39936 loss=0.00002 ext100=0.000 total100=0.036
[train] 54:25:14<90:28:09, 0.052s/step step= 3756000 episodes= 7825 eps=0.050 replay= 39936 loss=0.00000 ext100=0.000 total100=0.037
[train] 54:26:58<90:26:24, 0.052s/step step= 3758000 episodes= 7829 eps=0.050 replay= 39936 loss=0.00000 ext100=0.000 total100=0.037
[eval] step=3760000 episodes=7833 mean_ext_return=0.000
[train] 54:28:57<90:25:05, 0.052s/step step= 3760000 episodes= 7833 eps=0.050 replay= 39936 loss=0.00001 ext100=0.000 total100=0.036
[train] 54:30:41<90:23:19, 0.052s/step step= 3762000 episodes= 7837 eps=0.050 replay= 39936 loss=0.00001 ext100=0.000 total100=0.036
[train] 54:32:24<90:21:33, 0.052s/step step= 3764000 episodes= 7841 eps=0.050 replay= 39936 loss=0.00000 ext100=0.000 total100=0.036
[train] 54:34:08<90:19:47, 0.052s/step step= 3766000 episodes= 7845 eps=0.050 replay= 39936 loss=0.00000 ext100=0.000 total100=0.035
[train] 54:35:51<90:18:01, 0.052s/step step= 3768000 episodes= 7850 eps=0.050 replay= 39936 loss=0.00000 ext100=0.000 total100=0.034
[train] 54:37:35<90:16:16, 0.052s/step step= 3770000 episodes= 7854 eps=0.050 replay= 39936 loss=0.00001 ext100=0.000 total100=0.034
[train] 54:39:18<90:14:31, 0.052s/step step= 3772000 episodes= 7858 eps=0.050 replay= 39936 loss=0.00000 ext100=0.000 total100=0.033
[train] 54:41:02<90:12:46, 0.052s/step step= 3774000 episodes= 7862 eps=0.050 replay= 39936 loss=0.00000 ext100=0.000 total100=0.033
[train] 54:42:46<90:11:00, 0.052s/step step= 3776000 episodes= 7866 eps=0.050 replay= 39936 loss=0.00000 ext100=0.000 total100=0.033
[train] 54:44:30<90:09:15, 0.052s/step step= 3778000 episodes= 7870 eps=0.050 replay= 39936 loss=0.00001 ext100=0.000 total100=0.033
[eval] step=3780000 episodes=7875 mean_ext_return=0.000
[train] 54:46:29<90:07:56, 0.052s/step step= 3780000 episodes= 7875 eps=0.050 replay= 39936 loss=0.00000 ext100=0.000 total100=0.033
[train] 54:48:13<90:06:10, 0.052s/step step= 3782000 episodes= 7879 eps=0.050 replay= 39936 loss=0.00000 ext100=0.000 total100=0.033
[train] 54:49:56<90:04:24, 0.052s/step step= 3784000 episodes= 7883 eps=0.050 replay= 39936 loss=0.00001 ext100=0.000 total100=0.033
[train] 54:51:39<90:02:38, 0.052s/step step= 3786000 episodes= 7887 eps=0.050 replay= 39936 loss=0.00001 ext100=0.000 total100=0.034
[train] 54:53:23<90:00:52, 0.052s/step step= 3788000 episodes= 7891 eps=0.050 replay= 39936 loss=0.00000 ext100=0.000 total100=0.033
[train] 54:55:07<89:59:07, 0.052s/step step= 3790000 episodes= 7895 eps=0.050 replay= 39936 loss=0.00000 ext100=0.000 total100=0.033
[train] 54:56:50<89:57:21, 0.052s/step step= 3792000 episodes= 7900 eps=0.050 replay= 39936 loss=0.00001 ext100=0.000 total100=0.032
[train] 54:58:34<89:55:36, 0.052s/step step= 3794000 episodes= 7904 eps=0.050 replay= 39936 loss=0.00001 ext100=0.000 total100=0.032
[train] 55:00:18<89:53:51, 0.052s/step step= 3796000 episodes= 7908 eps=0.050 replay= 39936 loss=0.00000 ext100=0.000 total100=0.032
[train] 55:02:02<89:52:06, 0.052s/step step= 3798000 episodes= 7912 eps=0.050 replay= 39936 loss=0.00000 ext100=0.000 total100=0.031
[eval] step=3800000 episodes=7916 mean_ext_return=0.000
[train] 55:04:01<89:50:47, 0.052s/step step= 3800000 episodes= 7916 eps=0.050 replay= 39936 loss=0.00000 ext100=0.000 total100=0.031
[train] 55:05:45<89:49:01, 0.052s/step step= 3802000 episodes= 7920 eps=0.050 replay= 39936 loss=0.00001 ext100=0.000 total100=0.031
[train] 55:07:28<89:47:15, 0.052s/step step= 3804000 episodes= 7925 eps=0.050 replay= 39936 loss=0.00000 ext100=0.000 total100=0.030
[train] 55:09:12<89:45:29, 0.052s/step step= 3806000 episodes= 7929 eps=0.050 replay= 39936 loss=0.00000 ext100=0.000 total100=0.030
[train] 55:10:55<89:43:43, 0.052s/step step= 3808000 episodes= 7933 eps=0.050 replay= 39936 loss=0.00000 ext100=0.000 total100=0.030
[train] 55:12:39<89:41:58, 0.052s/step step= 3810000 episodes= 7937 eps=0.050 replay= 39936 loss=0.00001 ext100=0.000 total100=0.031
[train] 55:14:22<89:40:12, 0.052s/step step= 3812000 episodes= 7941 eps=0.050 replay= 39936 loss=0.00000 ext100=0.000 total100=0.029
[train] 55:16:06<89:38:27, 0.052s/step step= 3814000 episodes= 7945 eps=0.050 replay= 39936 loss=0.00000 ext100=0.000 total100=0.030
[train] 55:17:50<89:36:42, 0.052s/step step= 3816000 episodes= 7950 eps=0.050 replay= 39936 loss=0.00000 ext100=0.000 total100=0.031
[train] 55:19:34<89:34:57, 0.052s/step step= 3818000 episodes= 7954 eps=0.050 replay= 39936 loss=0.00000 ext100=0.000 total100=0.032
[eval] step=3820000 episodes=7958 mean_ext_return=0.000
[train] 55:21:33<89:33:37, 0.052s/step step= 3820000 episodes= 7958 eps=0.050 replay= 39936 loss=0.00000 ext100=0.000 total100=0.032
[train] 55:23:16<89:31:51, 0.052s/step step= 3822000 episodes= 7962 eps=0.050 replay= 39936 loss=0.00000 ext100=0.000 total100=0.032
[train] 55:25:00<89:30:05, 0.052s/step step= 3824000 episodes= 7966 eps=0.050 replay= 39936 loss=0.00000 ext100=0.000 total100=0.031
[train] 55:26:43<89:28:19, 0.052s/step step= 3826000 episodes= 7970 eps=0.050 replay= 39936 loss=0.00001 ext100=0.000 total100=0.031
[train] 55:28:26<89:26:33, 0.052s/step step= 3828000 episodes= 7975 eps=0.050 replay= 39936 loss=0.00000 ext100=0.000 total100=0.031
[train] 55:30:10<89:24:48, 0.052s/step step= 3830000 episodes= 7979 eps=0.050 replay= 39936 loss=0.00000 ext100=0.000 total100=0.032
[train] 55:31:54<89:23:02, 0.052s/step step= 3832000 episodes= 7983 eps=0.050 replay= 39936 loss=0.00000 ext100=0.000 total100=0.031
[train] 55:33:38<89:21:17, 0.052s/step step= 3834000 episodes= 7987 eps=0.050 replay= 39936 loss=0.00001 ext100=0.000 total100=0.031
[train] 55:35:21<89:19:32, 0.052s/step step= 3836000 episodes= 7991 eps=0.050 replay= 39936 loss=0.00000 ext100=0.000 total100=0.031
[train] 55:37:05<89:17:47, 0.052s/step step= 3838000 episodes= 7995 eps=0.050 replay= 39936 loss=0.00000 ext100=0.000 total100=0.030
[eval] step=3840000 episodes=8000 mean_ext_return=0.000
[train] 55:39:05<89:16:27, 0.052s/step step= 3840000 episodes= 8000 eps=0.050 replay= 39936 loss=0.00001 ext100=0.000 total100=0.031
[train] 55:40:48<89:14:41, 0.052s/step step= 3842000 episodes= 8004 eps=0.050 replay= 39936 loss=0.00001 ext100=0.000 total100=0.031
[train] 55:42:32<89:12:55, 0.052s/step step= 3844000 episodes= 8008 eps=0.050 replay= 39936 loss=0.00000 ext100=0.000 total100=0.031
[train] 55:44:15<89:11:10, 0.052s/step step= 3846000 episodes= 8012 eps=0.050 replay= 39936 loss=0.00000 ext100=0.000 total100=0.032
[train] 55:45:58<89:09:23, 0.052s/step step= 3848000 episodes= 8016 eps=0.050 replay= 39936 loss=0.00000 ext100=0.000 total100=0.032
[train] 55:47:42<89:07:38, 0.052s/step step= 3850000 episodes= 8020 eps=0.050 replay= 39936 loss=0.00001 ext100=0.000 total100=0.033
[train] 55:49:26<89:05:53, 0.052s/step step= 3852000 episodes= 8025 eps=0.050 replay= 39936 loss=0.00000 ext100=0.000 total100=0.033
[train] 55:51:10<89:04:08, 0.052s/step step= 3854000 episodes= 8029 eps=0.050 replay= 39936 loss=0.00000 ext100=0.000 total100=0.032
[train] 55:52:54<89:02:23, 0.052s/step step= 3856000 episodes= 8033 eps=0.050 replay= 39936 loss=0.00000 ext100=0.000 total100=0.032
[train] 55:54:38<89:00:38, 0.052s/step step= 3858000 episodes= 8037 eps=0.050 replay= 39936 loss=0.00001 ext100=0.000 total100=0.031
[eval] step=3860000 episodes=8041 mean_ext_return=0.000
[train] 55:56:37<88:59:18, 0.052s/step step= 3860000 episodes= 8041 eps=0.050 replay= 39936 loss=0.00000 ext100=0.000 total100=0.033
[train] 55:58:21<88:57:32, 0.052s/step step= 3862000 episodes= 8045 eps=0.050 replay= 39936 loss=0.00001 ext100=0.000 total100=0.032
[train] 56:00:04<88:55:46, 0.052s/step step= 3864000 episodes= 8050 eps=0.050 replay= 39936 loss=0.00001 ext100=0.000 total100=0.033
[train] 56:01:48<88:54:00, 0.052s/step step= 3866000 episodes= 8054 eps=0.050 replay= 39936 loss=0.00001 ext100=0.000 total100=0.032
[train] 56:03:31<88:52:14, 0.052s/step step= 3868000 episodes= 8058 eps=0.050 replay= 39936 loss=0.00000 ext100=0.000 total100=0.032
[train] 56:05:15<88:50:29, 0.052s/step step= 3870000 episodes= 8062 eps=0.050 replay= 39936 loss=0.00000 ext100=0.000 total100=0.032
[train] 56:06:58<88:48:43, 0.052s/step step= 3872000 episodes= 8066 eps=0.050 replay= 39936 loss=0.00000 ext100=0.000 total100=0.032
[train] 56:08:42<88:46:58, 0.052s/step step= 3874000 episodes= 8070 eps=0.050 replay= 39936 loss=0.00001 ext100=0.000 total100=0.033
[train] 56:10:26<88:45:13, 0.052s/step step= 3876000 episodes= 8075 eps=0.050 replay= 39936 loss=0.00000 ext100=0.000 total100=0.032
[train] 56:12:10<88:43:28, 0.052s/step step= 3878000 episodes= 8079 eps=0.050 replay= 39936 loss=0.00000 ext100=0.000 total100=0.032
[eval] step=3880000 episodes=8083 mean_ext_return=0.000
[train] 56:14:09<88:42:08, 0.052s/step step= 3880000 episodes= 8083 eps=0.050 replay= 39936 loss=0.00000 ext100=0.000 total100=0.032
[train] 56:15:53<88:40:21, 0.052s/step step= 3882000 episodes= 8087 eps=0.050 replay= 39936 loss=0.00001 ext100=0.000 total100=0.032
[train] 56:17:36<88:38:36, 0.052s/step step= 3884000 episodes= 8091 eps=0.050 replay= 39936 loss=0.00000 ext100=0.000 total100=0.031
[train] 56:19:20<88:36:50, 0.052s/step step= 3886000 episodes= 8095 eps=0.050 replay= 39936 loss=0.00000 ext100=0.000 total100=0.032
[train] 56:21:03<88:35:04, 0.052s/step step= 3888000 episodes= 8100 eps=0.050 replay= 39936 loss=0.00001 ext100=0.000 total100=0.031
[train] 56:22:47<88:33:19, 0.052s/step step= 3890000 episodes= 8104 eps=0.050 replay= 39936 loss=0.00001 ext100=0.000 total100=0.031
[train] 56:24:30<88:31:33, 0.052s/step step= 3892000 episodes= 8108 eps=0.050 replay= 39936 loss=0.00000 ext100=0.000 total100=0.031
[train] 56:26:14<88:29:48, 0.052s/step step= 3894000 episodes= 8112 eps=0.050 replay= 39936 loss=0.00001 ext100=0.000 total100=0.031
[train] 56:27:58<88:28:02, 0.052s/step step= 3896000 episodes= 8116 eps=0.050 replay= 39936 loss=0.00000 ext100=0.000 total100=0.031
[train] 56:29:42<88:26:18, 0.052s/step step= 3898000 episodes= 8120 eps=0.050 replay= 39936 loss=0.00001 ext100=0.000 total100=0.031
[eval] step=3900000 episodes=8125 mean_ext_return=0.000
[train] 56:31:41<88:24:57, 0.052s/step step= 3900000 episodes= 8125 eps=0.050 replay= 39936 loss=0.00000 ext100=0.000 total100=0.032
[train] 56:33:25<88:23:11, 0.052s/step step= 3902000 episodes= 8129 eps=0.050 replay= 39936 loss=0.00000 ext100=0.000 total100=0.032
[train] 56:35:08<88:21:26, 0.052s/step step= 3904000 episodes= 8133 eps=0.050 replay= 39936 loss=0.00000 ext100=0.000 total100=0.033
[train] 56:36:52<88:19:40, 0.052s/step step= 3906000 episodes= 8137 eps=0.050 replay= 39936 loss=0.00001 ext100=0.000 total100=0.034
[train] 56:38:35<88:17:54, 0.052s/step step= 3908000 episodes= 8141 eps=0.050 replay= 39936 loss=0.00000 ext100=0.000 total100=0.034
[train] 56:40:19<88:16:08, 0.052s/step step= 3910000 episodes= 8145 eps=0.050 replay= 39936 loss=0.00001 ext100=0.000 total100=0.033
[train] 56:42:02<88:14:23, 0.052s/step step= 3912000 episodes= 8150 eps=0.050 replay= 39936 loss=0.00000 ext100=0.000 total100=0.032
[train] 56:43:46<88:12:38, 0.052s/step step= 3914000 episodes= 8154 eps=0.050 replay= 39936 loss=0.00000 ext100=0.000 total100=0.031
[train] 56:45:30<88:10:52, 0.052s/step step= 3916000 episodes= 8158 eps=0.050 replay= 39936 loss=0.00001 ext100=0.000 total100=0.031
[train] 56:47:14<88:09:07, 0.052s/step step= 3918000 episodes= 8162 eps=0.050 replay= 39936 loss=0.00000 ext100=0.000 total100=0.032
[eval] step=3920000 episodes=8166 mean_ext_return=0.000
[train] 56:49:13<88:07:46, 0.052s/step step= 3920000 episodes= 8166 eps=0.050 replay= 39936 loss=0.00000 ext100=0.000 total100=0.031
[train] 56:50:56<88:06:00, 0.052s/step step= 3922000 episodes= 8170 eps=0.050 replay= 39936 loss=0.00001 ext100=0.000 total100=0.030
[train] 56:52:40<88:04:14, 0.052s/step step= 3924000 episodes= 8175 eps=0.050 replay= 39936 loss=0.00000 ext100=0.000 total100=0.030
[train] 56:54:23<88:02:28, 0.052s/step step= 3926000 episodes= 8179 eps=0.050 replay= 39936 loss=0.00000 ext100=0.000 total100=0.031
[train] 56:56:06<88:00:42, 0.052s/step step= 3928000 episodes= 8183 eps=0.050 replay= 39936 loss=0.00000 ext100=0.000 total100=0.031
[train] 56:57:51<87:58:58, 0.052s/step step= 3930000 episodes= 8187 eps=0.050 replay= 39936 loss=0.00001 ext100=0.000 total100=0.031
[train] 56:59:34<87:57:13, 0.052s/step step= 3932000 episodes= 8191 eps=0.050 replay= 39936 loss=0.00000 ext100=0.000 total100=0.032
[train] 57:01:18<87:55:28, 0.052s/step step= 3934000 episodes= 8195 eps=0.050 replay= 39936 loss=0.00000 ext100=0.000 total100=0.032
[train] 57:03:02<87:53:42, 0.052s/step step= 3936000 episodes= 8200 eps=0.050 replay= 39936 loss=0.00000 ext100=0.000 total100=0.032
[train] 57:04:46<87:51:57, 0.052s/step step= 3938000 episodes= 8204 eps=0.050 replay= 39936 loss=0.00001 ext100=0.000 total100=0.031
[eval] step=3940000 episodes=8208 mean_ext_return=0.000
[train] 57:06:46<87:50:36, 0.052s/step step= 3940000 episodes= 8208 eps=0.050 replay= 39936 loss=0.00000 ext100=0.000 total100=0.031
[train] 57:08:29<87:48:50, 0.052s/step step= 3942000 episodes= 8212 eps=0.050 replay= 39936 loss=0.00000 ext100=0.000 total100=0.032
[train] 57:10:12<87:47:04, 0.052s/step step= 3944000 episodes= 8216 eps=0.050 replay= 39936 loss=0.00000 ext100=0.000 total100=0.032
[train] 57:11:56<87:45:19, 0.052s/step step= 3946000 episodes= 8220 eps=0.050 replay= 39936 loss=0.00001 ext100=0.000 total100=0.032
[train] 57:13:39<87:43:32, 0.052s/step step= 3948000 episodes= 8225 eps=0.050 replay= 39936 loss=0.00000 ext100=0.000 total100=0.031
[train] 57:15:23<87:41:47, 0.052s/step step= 3950000 episodes= 8229 eps=0.050 replay= 39936 loss=0.00000 ext100=0.000 total100=0.031
[train] 57:17:06<87:40:02, 0.052s/step step= 3952000 episodes= 8233 eps=0.050 replay= 39936 loss=0.00000 ext100=0.000 total100=0.031
[train] 57:18:52<87:38:19, 0.052s/step step= 3954000 episodes= 8237 eps=0.050 replay= 39936 loss=0.00001 ext100=0.000 total100=0.029
[train] 57:20:35<87:36:33, 0.052s/step step= 3956000 episodes= 8241 eps=0.050 replay= 39936 loss=0.00000 ext100=0.000 total100=0.029
[train] 57:22:19<87:34:48, 0.052s/step step= 3958000 episodes= 8245 eps=0.050 replay= 39936 loss=0.00000 ext100=0.000 total100=0.029
[eval] step=3960000 episodes=8250 mean_ext_return=0.000
[train] 57:24:19<87:33:27, 0.052s/step step= 3960000 episodes= 8250 eps=0.050 replay= 39936 loss=0.00000 ext100=0.000 total100=0.030
[train] 57:26:02<87:31:41, 0.052s/step step= 3962000 episodes= 8254 eps=0.050 replay= 39936 loss=0.00000 ext100=0.000 total100=0.031
[train] 57:27:45<87:29:55, 0.052s/step step= 3964000 episodes= 8258 eps=0.050 replay= 39936 loss=0.00000 ext100=0.000 total100=0.031
[train] 57:29:29<87:28:10, 0.052s/step step= 3966000 episodes= 8262 eps=0.050 replay= 39936 loss=0.00000 ext100=0.000 total100=0.032
[train] 57:31:12<87:26:23, 0.052s/step step= 3968000 episodes= 8266 eps=0.050 replay= 39936 loss=0.00001 ext100=0.000 total100=0.032
[train] 57:32:56<87:24:38, 0.052s/step step= 3970000 episodes= 8270 eps=0.050 replay= 39936 loss=0.00000 ext100=0.000 total100=0.032
[train] 57:34:40<87:22:52, 0.052s/step step= 3972000 episodes= 8275 eps=0.050 replay= 39936 loss=0.00000 ext100=0.000 total100=0.033
[train] 57:36:24<87:21:08, 0.052s/step step= 3974000 episodes= 8279 eps=0.050 replay= 39936 loss=0.00000 ext100=0.000 total100=0.033
[train] 57:38:07<87:19:22, 0.052s/step step= 3976000 episodes= 8283 eps=0.050 replay= 39936 loss=0.00000 ext100=0.000 total100=0.033
[train] 57:39:51<87:17:37, 0.052s/step step= 3978000 episodes= 8287 eps=0.050 replay= 39936 loss=0.00001 ext100=0.000 total100=0.033
[eval] step=3980000 episodes=8291 mean_ext_return=0.000
[train] 57:41:51<87:16:16, 0.052s/step step= 3980000 episodes= 8291 eps=0.050 replay= 39936 loss=0.00000 ext100=0.000 total100=0.032
[train] 57:43:34<87:14:29, 0.052s/step step= 3982000 episodes= 8295 eps=0.050 replay= 39936 loss=0.00000 ext100=0.000 total100=0.032
[train] 57:45:17<87:12:44, 0.052s/step step= 3984000 episodes= 8300 eps=0.050 replay= 39936 loss=0.00000 ext100=0.000 total100=0.033
[train] 57:47:01<87:10:58, 0.052s/step step= 3986000 episodes= 8304 eps=0.050 replay= 39936 loss=0.00001 ext100=0.000 total100=0.032
[train] 57:48:44<87:09:12, 0.052s/step step= 3988000 episodes= 8308 eps=0.050 replay= 39936 loss=0.00000 ext100=0.000 total100=0.033
[train] 57:50:28<87:07:27, 0.052s/step step= 3990000 episodes= 8312 eps=0.050 replay= 39936 loss=0.00000 ext100=0.000 total100=0.032
[train] 57:52:11<87:05:41, 0.052s/step step= 3992000 episodes= 8316 eps=0.050 replay= 39936 loss=0.00000 ext100=0.000 total100=0.031
[train] 57:53:55<87:03:56, 0.052s/step step= 3994000 episodes= 8320 eps=0.050 replay= 39936 loss=0.00001 ext100=0.000 total100=0.030
[train] 57:55:39<87:02:10, 0.052s/step step= 3996000 episodes= 8325 eps=0.050 replay= 39936 loss=0.00000 ext100=0.000 total100=0.030
[train] 57:57:23<87:00:25, 0.052s/step step= 3998000 episodes= 8329 eps=0.050 replay= 39936 loss=0.00000 ext100=0.000 total100=0.030
[eval] step=4000000 episodes=8333 mean_ext_return=0.000
[train] 57:59:22<86:59:04, 0.052s/step step= 4000000 episodes= 8333 eps=0.050 replay= 39936 loss=0.00000 ext100=0.000 total100=0.030
[train] 58:01:06<86:57:18, 0.052s/step step= 4002000 episodes= 8337 eps=0.050 replay= 39936 loss=0.00001 ext100=0.000 total100=0.030
[train] 58:02:49<86:55:32, 0.052s/step step= 4004000 episodes= 8341 eps=0.050 replay= 39936 loss=0.00000 ext100=0.000 total100=0.030
[train] 58:04:33<86:53:47, 0.052s/step step= 4006000 episodes= 8345 eps=0.050 replay= 39936 loss=0.00000 ext100=0.000 total100=0.030
[train] 58:06:16<86:52:00, 0.052s/step step= 4008000 episodes= 8350 eps=0.050 replay= 39936 loss=0.00001 ext100=0.000 total100=0.029
[train] 58:08:00<86:50:15, 0.052s/step step= 4010000 episodes= 8354 eps=0.050 replay= 39936 loss=0.00001 ext100=0.000 total100=0.029
[train] 58:09:44<86:48:30, 0.052s/step step= 4012000 episodes= 8358 eps=0.050 replay= 39936 loss=0.00000 ext100=0.000 total100=0.029
[train] 58:11:28<86:46:45, 0.052s/step step= 4014000 episodes= 8362 eps=0.050 replay= 39936 loss=0.00000 ext100=0.000 total100=0.029
[train] 58:13:11<86:44:59, 0.052s/step step= 4016000 episodes= 8366 eps=0.050 replay= 39936 loss=0.00000 ext100=0.000 total100=0.029
[train] 58:14:55<86:43:14, 0.052s/step step= 4018000 episodes= 8370 eps=0.050 replay= 39936 loss=0.00002 ext100=0.000 total100=0.029
[eval] step=4020000 episodes=8375 mean_ext_return=0.000
[train] 58:16:55<86:41:53, 0.052s/step step= 4020000 episodes= 8375 eps=0.050 replay= 39936 loss=0.00000 ext100=0.000 total100=0.030
[train] 58:18:38<86:40:06, 0.052s/step step= 4022000 episodes= 8379 eps=0.050 replay= 39936 loss=0.00000 ext100=0.000 total100=0.029
[train] 58:20:21<86:38:21, 0.052s/step step= 4024000 episodes= 8383 eps=0.050 replay= 39936 loss=0.00000 ext100=0.000 total100=0.029
[train] 58:22:05<86:36:35, 0.052s/step step= 4026000 episodes= 8387 eps=0.050 replay= 39936 loss=0.00001 ext100=0.000 total100=0.029
[train] 58:23:48<86:34:49, 0.052s/step step= 4028000 episodes= 8391 eps=0.050 replay= 39936 loss=0.00001 ext100=0.000 total100=0.030
[train] 58:25:32<86:33:04, 0.052s/step step= 4030000 episodes= 8395 eps=0.050 replay= 39936 loss=0.00000 ext100=0.000 total100=0.030
[train] 58:27:16<86:31:18, 0.052s/step step= 4032000 episodes= 8400 eps=0.050 replay= 39936 loss=0.00000 ext100=0.000 total100=0.028
[train] 58:29:00<86:29:33, 0.052s/step step= 4034000 episodes= 8404 eps=0.050 replay= 39936 loss=0.00001 ext100=0.000 total100=0.030
[train] 58:30:43<86:27:48, 0.052s/step step= 4036000 episodes= 8408 eps=0.050 replay= 39936 loss=0.00000 ext100=0.000 total100=0.029
[train] 58:32:27<86:26:03, 0.052s/step step= 4038000 episodes= 8412 eps=0.050 replay= 39936 loss=0.00000 ext100=0.000 total100=0.029
[eval] step=4040000 episodes=8416 mean_ext_return=0.000
[train] 58:34:27<86:24:41, 0.052s/step step= 4040000 episodes= 8416 eps=0.050 replay= 39936 loss=0.00000 ext100=0.000 total100=0.030
[train] 58:36:10<86:22:55, 0.052s/step step= 4042000 episodes= 8420 eps=0.050 replay= 39936 loss=0.00001 ext100=0.000 total100=0.031
[train] 58:37:54<86:21:10, 0.052s/step step= 4044000 episodes= 8425 eps=0.050 replay= 39936 loss=0.00000 ext100=0.000 total100=0.031
[train] 58:39:38<86:19:25, 0.052s/step step= 4046000 episodes= 8429 eps=0.050 replay= 39936 loss=0.00000 ext100=0.000 total100=0.031
[train] 58:41:21<86:17:38, 0.052s/step step= 4048000 episodes= 8433 eps=0.050 replay= 39936 loss=0.00000 ext100=0.000 total100=0.032
[train] 58:43:05<86:15:54, 0.052s/step step= 4050000 episodes= 8437 eps=0.050 replay= 39936 loss=0.00001 ext100=0.000 total100=0.032
[train] 58:44:49<86:14:08, 0.052s/step step= 4052000 episodes= 8441 eps=0.050 replay= 39936 loss=0.00000 ext100=0.000 total100=0.033
[train] 58:46:33<86:12:23, 0.052s/step step= 4054000 episodes= 8445 eps=0.050 replay= 39936 loss=0.00000 ext100=0.000 total100=0.033
[train] 58:48:17<86:10:38, 0.052s/step step= 4056000 episodes= 8450 eps=0.050 replay= 39936 loss=0.00001 ext100=0.000 total100=0.033
[train] 58:50:01<86:08:53, 0.052s/step step= 4058000 episodes= 8454 eps=0.050 replay= 39936 loss=0.00001 ext100=0.000 total100=0.033
[eval] step=4060000 episodes=8458 mean_ext_return=0.000
[train] 58:52:00<86:07:31, 0.052s/step step= 4060000 episodes= 8458 eps=0.050 replay= 39936 loss=0.00000 ext100=0.000 total100=0.033
[train] 58:53:43<86:05:44, 0.052s/step step= 4062000 episodes= 8462 eps=0.050 replay= 39936 loss=0.00000 ext100=0.000 total100=0.033
[train] 58:55:27<86:03:59, 0.052s/step step= 4064000 episodes= 8466 eps=0.050 replay= 39936 loss=0.00001 ext100=0.000 total100=0.032
[train] 58:57:11<86:02:14, 0.052s/step step= 4066000 episodes= 8470 eps=0.050 replay= 39936 loss=0.00001 ext100=0.000 total100=0.033
[train] 58:58:54<86:00:27, 0.052s/step step= 4068000 episodes= 8475 eps=0.050 replay= 39936 loss=0.00000 ext100=0.000 total100=0.032
[train] 59:00:38<85:58:42, 0.052s/step step= 4070000 episodes= 8479 eps=0.050 replay= 39936 loss=0.00000 ext100=0.000 total100=0.033
[train] 59:02:21<85:56:57, 0.052s/step step= 4072000 episodes= 8483 eps=0.050 replay= 39936 loss=0.00000 ext100=0.000 total100=0.032
[train] 59:04:05<85:55:12, 0.052s/step step= 4074000 episodes= 8487 eps=0.050 replay= 39936 loss=0.00001 ext100=0.000 total100=0.032
[train] 59:05:49<85:53:26, 0.052s/step step= 4076000 episodes= 8491 eps=0.050 replay= 39936 loss=0.00000 ext100=0.000 total100=0.031
[train] 59:07:33<85:51:41, 0.052s/step step= 4078000 episodes= 8495 eps=0.050 replay= 39936 loss=0.00000 ext100=0.000 total100=0.031
[eval] step=4080000 episodes=8500 mean_ext_return=0.000
[train] 59:09:32<85:50:19, 0.052s/step step= 4080000 episodes= 8500 eps=0.050 replay= 39936 loss=0.00000 ext100=0.000 total100=0.031
[train] 59:11:15<85:48:32, 0.052s/step step= 4082000 episodes= 8504 eps=0.050 replay= 39936 loss=0.00000 ext100=0.000 total100=0.031
[train] 59:12:59<85:46:47, 0.052s/step step= 4084000 episodes= 8508 eps=0.050 replay= 39936 loss=0.00000 ext100=0.000 total100=0.031
[train] 59:14:43<85:45:01, 0.052s/step step= 4086000 episodes= 8512 eps=0.050 replay= 39936 loss=0.00000 ext100=0.000 total100=0.031
[train] 59:16:26<85:43:15, 0.052s/step step= 4088000 episodes= 8516 eps=0.050 replay= 39936 loss=0.00000 ext100=0.000 total100=0.032
[train] 59:18:10<85:41:30, 0.052s/step step= 4090000 episodes= 8520 eps=0.050 replay= 39936 loss=0.00001 ext100=0.000 total100=0.032
[train] 59:19:53<85:39:45, 0.052s/step step= 4092000 episodes= 8525 eps=0.050 replay= 39936 loss=0.00000 ext100=0.000 total100=0.033
[train] 59:21:37<85:38:00, 0.052s/step step= 4094000 episodes= 8529 eps=0.050 replay= 39936 loss=0.00000 ext100=0.000 total100=0.033
[train] 59:23:21<85:36:14, 0.052s/step step= 4096000 episodes= 8533 eps=0.050 replay= 39936 loss=0.00001 ext100=0.000 total100=0.033
[train] 59:25:05<85:34:29, 0.052s/step step= 4098000 episodes= 8537 eps=0.050 replay= 39936 loss=0.00001 ext100=0.000 total100=0.032
[eval] step=4100000 episodes=8541 mean_ext_return=0.000
[train] 59:27:05<85:33:07, 0.052s/step step= 4100000 episodes= 8541 eps=0.050 replay= 39936 loss=0.00000 ext100=0.000 total100=0.032
[train] 59:28:48<85:31:20, 0.052s/step step= 4102000 episodes= 8545 eps=0.050 replay= 39936 loss=0.00000 ext100=0.000 total100=0.031
[train] 59:30:31<85:29:35, 0.052s/step step= 4104000 episodes= 8550 eps=0.050 replay= 39936 loss=0.00001 ext100=0.000 total100=0.032
[train] 59:32:15<85:27:49, 0.052s/step step= 4106000 episodes= 8554 eps=0.050 replay= 39936 loss=0.00001 ext100=0.000 total100=0.031
[train] 59:33:58<85:26:03, 0.052s/step step= 4108000 episodes= 8558 eps=0.050 replay= 39936 loss=0.00001 ext100=0.000 total100=0.030
[train] 59:35:42<85:24:18, 0.052s/step step= 4110000 episodes= 8562 eps=0.050 replay= 39936 loss=0.00000 ext100=0.000 total100=0.031
[train] 59:37:25<85:22:32, 0.052s/step step= 4112000 episodes= 8566 eps=0.050 replay= 39936 loss=0.00001 ext100=0.000 total100=0.031
[train] 59:39:09<85:20:47, 0.052s/step step= 4114000 episodes= 8570 eps=0.050 replay= 39936 loss=0.00002 ext100=0.000 total100=0.031
[train] 59:40:53<85:19:02, 0.052s/step step= 4116000 episodes= 8575 eps=0.050 replay= 39936 loss=0.00000 ext100=0.000 total100=0.032
[train] 59:42:37<85:17:17, 0.052s/step step= 4118000 episodes= 8579 eps=0.050 replay= 39936 loss=0.00001 ext100=0.000 total100=0.031
[eval] step=4120000 episodes=8583 mean_ext_return=0.000
[train] 59:44:36<85:15:54, 0.052s/step step= 4120000 episodes= 8583 eps=0.050 replay= 39936 loss=0.00000 ext100=0.000 total100=0.032
[train] 59:46:19<85:14:08, 0.052s/step step= 4122000 episodes= 8587 eps=0.050 replay= 39936 loss=0.00002 ext100=0.000 total100=0.031
[train] 59:48:03<85:12:22, 0.052s/step step= 4124000 episodes= 8591 eps=0.050 replay= 39936 loss=0.00000 ext100=0.000 total100=0.031
[train] 59:49:47<85:10:37, 0.052s/step step= 4126000 episodes= 8595 eps=0.050 replay= 39936 loss=0.00000 ext100=0.000 total100=0.031
[train] 59:51:30<85:08:50, 0.052s/step step= 4128000 episodes= 8600 eps=0.050 replay= 39936 loss=0.00001 ext100=0.000 total100=0.032
[train] 59:53:14<85:07:05, 0.052s/step step= 4130000 episodes= 8604 eps=0.050 replay= 39936 loss=0.00001 ext100=0.000 total100=0.032
[train] 59:54:57<85:05:20, 0.052s/step step= 4132000 episodes= 8608 eps=0.050 replay= 39936 loss=0.00000 ext100=0.000 total100=0.032
[train] 59:56:41<85:03:35, 0.052s/step step= 4134000 episodes= 8612 eps=0.050 replay= 39936 loss=0.00000 ext100=0.000 total100=0.032
[train] 59:58:25<85:01:49, 0.052s/step step= 4136000 episodes= 8616 eps=0.050 replay= 39936 loss=0.00001 ext100=0.000 total100=0.031
[train] 60:00:09<85:00:04, 0.052s/step step= 4138000 episodes= 8620 eps=0.050 replay= 39936 loss=0.00001 ext100=0.000 total100=0.030
[eval] step=4140000 episodes=8625 mean_ext_return=0.000
[train] 60:02:08<84:58:41, 0.052s/step step= 4140000 episodes= 8625 eps=0.050 replay= 39936 loss=0.00000 ext100=0.000 total100=0.030
[train] 60:03:51<84:56:55, 0.052s/step step= 4142000 episodes= 8629 eps=0.050 replay= 39936 loss=0.00000 ext100=0.000 total100=0.030
[train] 60:05:35<84:55:09, 0.052s/step step= 4144000 episodes= 8633 eps=0.050 replay= 39936 loss=0.00000 ext100=0.000 total100=0.030
[train] 60:07:19<84:53:23, 0.052s/step step= 4146000 episodes= 8637 eps=0.050 replay= 39936 loss=0.00001 ext100=0.000 total100=0.032
[train] 60:09:02<84:51:37, 0.052s/step step= 4148000 episodes= 8641 eps=0.050 replay= 39936 loss=0.00000 ext100=0.000 total100=0.032
[train] 60:10:46<84:49:53, 0.052s/step step= 4150000 episodes= 8645 eps=0.050 replay= 39936 loss=0.00000 ext100=0.000 total100=0.032
[train] 60:12:29<84:48:07, 0.052s/step step= 4152000 episodes= 8650 eps=0.050 replay= 39936 loss=0.00000 ext100=0.000 total100=0.032
[train] 60:14:14<84:46:22, 0.052s/step step= 4154000 episodes= 8654 eps=0.050 replay= 39936 loss=0.00002 ext100=0.000 total100=0.033
[train] 60:15:57<84:44:36, 0.052s/step step= 4156000 episodes= 8658 eps=0.050 replay= 39936 loss=0.00001 ext100=0.000 total100=0.036
[train] 60:17:41<84:42:51, 0.052s/step step= 4158000 episodes= 8662 eps=0.050 replay= 39936 loss=0.00000 ext100=0.000 total100=0.035
[eval] step=4160000 episodes=8666 mean_ext_return=0.000
[train] 60:19:41<84:41:28, 0.052s/step step= 4160000 episodes= 8666 eps=0.050 replay= 39936 loss=0.00001 ext100=0.000 total100=0.035
[train] 60:21:24<84:39:42, 0.052s/step step= 4162000 episodes= 8670 eps=0.050 replay= 39936 loss=0.00001 ext100=0.000 total100=0.035
[train] 60:23:07<84:37:56, 0.052s/step step= 4164000 episodes= 8675 eps=0.050 replay= 39936 loss=0.00001 ext100=0.000 total100=0.035
[train] 60:24:51<84:36:11, 0.052s/step step= 4166000 episodes= 8679 eps=0.050 replay= 39936 loss=0.00000 ext100=0.000 total100=0.034
[train] 60:26:34<84:34:25, 0.052s/step step= 4168000 episodes= 8683 eps=0.050 replay= 39936 loss=0.00000 ext100=0.000 total100=0.035
[train] 60:28:18<84:32:40, 0.052s/step step= 4170000 episodes= 8687 eps=0.050 replay= 39936 loss=0.00001 ext100=0.000 total100=0.035
[train] 60:30:02<84:30:54, 0.052s/step step= 4172000 episodes= 8691 eps=0.050 replay= 39936 loss=0.00000 ext100=0.000 total100=0.036
[train] 60:31:46<84:29:09, 0.052s/step step= 4174000 episodes= 8695 eps=0.050 replay= 39936 loss=0.00000 ext100=0.000 total100=0.036
[train] 60:33:29<84:27:24, 0.052s/step step= 4176000 episodes= 8700 eps=0.050 replay= 39936 loss=0.00000 ext100=0.000 total100=0.036
[train] 60:35:13<84:25:39, 0.052s/step step= 4178000 episodes= 8704 eps=0.050 replay= 39936 loss=0.00001 ext100=0.000 total100=0.035
[eval] step=4180000 episodes=8708 mean_ext_return=0.000
[train] 60:37:13<84:24:16, 0.052s/step step= 4180000 episodes= 8708 eps=0.050 replay= 39936 loss=0.00000 ext100=0.000 total100=0.036
[train] 60:38:56<84:22:29, 0.052s/step step= 4182000 episodes= 8712 eps=0.050 replay= 39936 loss=0.00000 ext100=0.000 total100=0.036
[train] 60:40:40<84:20:44, 0.052s/step step= 4184000 episodes= 8716 eps=0.050 replay= 39936 loss=0.00000 ext100=0.000 total100=0.035
[train] 60:42:23<84:18:58, 0.052s/step step= 4186000 episodes= 8720 eps=0.050 replay= 39936 loss=0.00002 ext100=0.000 total100=0.037
[train] 60:44:06<84:17:12, 0.052s/step step= 4188000 episodes= 8725 eps=0.050 replay= 39936 loss=0.00000 ext100=0.000 total100=0.037
[train] 60:45:50<84:15:27, 0.052s/step step= 4190000 episodes= 8729 eps=0.050 replay= 39936 loss=0.00000 ext100=0.000 total100=0.037
[train] 60:47:34<84:13:41, 0.052s/step step= 4192000 episodes= 8733 eps=0.050 replay= 39936 loss=0.00000 ext100=0.000 total100=0.036
[train] 60:49:18<84:11:56, 0.052s/step step= 4194000 episodes= 8737 eps=0.050 replay= 39936 loss=0.00001 ext100=0.000 total100=0.035
[train] 60:51:01<84:10:11, 0.052s/step step= 4196000 episodes= 8741 eps=0.050 replay= 39936 loss=0.00000 ext100=0.000 total100=0.036
[train] 60:52:45<84:08:26, 0.052s/step step= 4198000 episodes= 8745 eps=0.050 replay= 39936 loss=0.00000 ext100=0.000 total100=0.036
[eval] step=4200000 episodes=8750 mean_ext_return=0.000
[train] 60:54:45<84:07:02, 0.052s/step step= 4200000 episodes= 8750 eps=0.050 replay= 39936 loss=0.00001 ext100=0.000 total100=0.037
[train] 60:56:28<84:05:16, 0.052s/step step= 4202000 episodes= 8754 eps=0.050 replay= 39936 loss=0.00000 ext100=0.000 total100=0.037
[train] 60:58:12<84:03:30, 0.052s/step step= 4204000 episodes= 8758 eps=0.050 replay= 39936 loss=0.00000 ext100=0.000 total100=0.035
[train] 60:59:55<84:01:45, 0.052s/step step= 4206000 episodes= 8762 eps=0.050 replay= 39936 loss=0.00000 ext100=0.000 total100=0.034
[train] 61:01:38<83:59:58, 0.052s/step step= 4208000 episodes= 8766 eps=0.050 replay= 39936 loss=0.00000 ext100=0.000 total100=0.034
[train] 61:03:22<83:58:13, 0.052s/step step= 4210000 episodes= 8770 eps=0.050 replay= 39936 loss=0.00001 ext100=0.000 total100=0.035
[train] 61:05:06<83:56:28, 0.052s/step step= 4212000 episodes= 8775 eps=0.050 replay= 39936 loss=0.00000 ext100=0.000 total100=0.034
[train] 61:06:50<83:54:43, 0.052s/step step= 4214000 episodes= 8779 eps=0.050 replay= 39936 loss=0.00000 ext100=0.000 total100=0.033
[train] 61:08:33<83:52:57, 0.052s/step step= 4216000 episodes= 8783 eps=0.050 replay= 39936 loss=0.00000 ext100=0.000 total100=0.033
[train] 61:10:17<83:51:12, 0.052s/step step= 4218000 episodes= 8787 eps=0.050 replay= 39936 loss=0.00001 ext100=0.000 total100=0.032
[eval] step=4220000 episodes=8791 mean_ext_return=0.000
[train] 61:12:17<83:49:48, 0.052s/step step= 4220000 episodes= 8791 eps=0.050 replay= 39936 loss=0.00000 ext100=0.000 total100=0.032
[train] 61:14:00<83:48:02, 0.052s/step step= 4222000 episodes= 8795 eps=0.050 replay= 39936 loss=0.00001 ext100=0.000 total100=0.032
[train] 61:15:43<83:46:17, 0.052s/step step= 4224000 episodes= 8800 eps=0.050 replay= 39936 loss=0.00000 ext100=0.000 total100=0.033
[train] 61:17:27<83:44:31, 0.052s/step step= 4226000 episodes= 8804 eps=0.050 replay= 39936 loss=0.00001 ext100=0.000 total100=0.034
[train] 61:19:10<83:42:45, 0.052s/step step= 4228000 episodes= 8808 eps=0.050 replay= 39936 loss=0.00000 ext100=0.000 total100=0.033
[train] 61:20:54<83:41:00, 0.052s/step step= 4230000 episodes= 8812 eps=0.050 replay= 39936 loss=0.00000 ext100=0.000 total100=0.033
[train] 61:22:37<83:39:14, 0.052s/step step= 4232000 episodes= 8816 eps=0.050 replay= 39936 loss=0.00000 ext100=0.000 total100=0.035
[train] 61:24:21<83:37:29, 0.052s/step step= 4234000 episodes= 8820 eps=0.050 replay= 39936 loss=0.00000 ext100=0.000 total100=0.035
[train] 61:26:05<83:35:43, 0.052s/step step= 4236000 episodes= 8825 eps=0.050 replay= 39936 loss=0.00000 ext100=0.000 total100=0.033
[train] 61:27:49<83:33:58, 0.052s/step step= 4238000 episodes= 8829 eps=0.050 replay= 39936 loss=0.00000 ext100=0.000 total100=0.034
[eval] step=4240000 episodes=8833 mean_ext_return=0.000
[train] 61:29:49<83:32:35, 0.052s/step step= 4240000 episodes= 8833 eps=0.050 replay= 39936 loss=0.00000 ext100=0.000 total100=0.033
[train] 61:31:32<83:30:48, 0.052s/step step= 4242000 episodes= 8837 eps=0.050 replay= 39936 loss=0.00001 ext100=0.000 total100=0.033
[train] 61:33:15<83:29:03, 0.052s/step step= 4244000 episodes= 8841 eps=0.050 replay= 39936 loss=0.00000 ext100=0.000 total100=0.034
[train] 61:34:59<83:27:17, 0.052s/step step= 4246000 episodes= 8845 eps=0.050 replay= 39936 loss=0.00000 ext100=0.000 total100=0.033
[train] 61:36:42<83:25:31, 0.052s/step step= 4248000 episodes= 8850 eps=0.050 replay= 39936 loss=0.00001 ext100=0.000 total100=0.033
[train] 61:38:26<83:23:46, 0.052s/step step= 4250000 episodes= 8854 eps=0.050 replay= 39936 loss=0.00001 ext100=0.000 total100=0.033
[train] 61:40:10<83:22:00, 0.052s/step step= 4252000 episodes= 8858 eps=0.050 replay= 39936 loss=0.00000 ext100=0.000 total100=0.033
[train] 61:41:54<83:20:15, 0.052s/step step= 4254000 episodes= 8862 eps=0.050 replay= 39936 loss=0.00000 ext100=0.000 total100=0.033
[train] 61:43:37<83:18:30, 0.052s/step step= 4256000 episodes= 8866 eps=0.050 replay= 39936 loss=0.00000 ext100=0.000 total100=0.034
[train] 61:45:21<83:16:45, 0.052s/step step= 4258000 episodes= 8870 eps=0.050 replay= 39936 loss=0.00001 ext100=0.000 total100=0.033
[eval] step=4260000 episodes=8875 mean_ext_return=0.000
[train] 61:47:21<83:15:21, 0.052s/step step= 4260000 episodes= 8875 eps=0.050 replay= 39936 loss=0.00000 ext100=0.000 total100=0.034
[train] 61:49:04<83:13:34, 0.052s/step step= 4262000 episodes= 8879 eps=0.050 replay= 39936 loss=0.00000 ext100=0.000 total100=0.034
[train] 61:50:47<83:11:49, 0.052s/step step= 4264000 episodes= 8883 eps=0.050 replay= 39936 loss=0.00001 ext100=0.000 total100=0.035
[train] 61:52:31<83:10:03, 0.052s/step step= 4266000 episodes= 8887 eps=0.050 replay= 39936 loss=0.00001 ext100=0.000 total100=0.035
[train] 61:54:14<83:08:17, 0.052s/step step= 4268000 episodes= 8891 eps=0.050 replay= 39936 loss=0.00000 ext100=0.000 total100=0.036
[train] 61:55:58<83:06:32, 0.052s/step step= 4270000 episodes= 8895 eps=0.050 replay= 39936 loss=0.00000 ext100=0.000 total100=0.035
[train] 61:57:41<83:04:46, 0.052s/step step= 4272000 episodes= 8900 eps=0.050 replay= 39936 loss=0.00000 ext100=0.000 total100=0.036
[train] 61:59:25<83:03:01, 0.052s/step step= 4274000 episodes= 8904 eps=0.050 replay= 39936 loss=0.00001 ext100=0.000 total100=0.037
[train] 62:01:09<83:01:16, 0.052s/step step= 4276000 episodes= 8908 eps=0.050 replay= 39936 loss=0.00000 ext100=0.000 total100=0.037
[train] 62:02:53<82:59:31, 0.052s/step step= 4278000 episodes= 8912 eps=0.050 replay= 39936 loss=0.00000 ext100=0.000 total100=0.035
[eval] step=4280000 episodes=8916 mean_ext_return=0.000
[train] 62:04:53<82:58:06, 0.052s/step step= 4280000 episodes= 8916 eps=0.050 replay= 39936 loss=0.00000 ext100=0.000 total100=0.035
[train] 62:06:36<82:56:20, 0.052s/step step= 4282000 episodes= 8920 eps=0.050 replay= 39936 loss=0.00001 ext100=0.000 total100=0.034
[train] 62:08:19<82:54:35, 0.052s/step step= 4284000 episodes= 8925 eps=0.050 replay= 39936 loss=0.00000 ext100=0.000 total100=0.034
[train] 62:10:03<82:52:49, 0.052s/step step= 4286000 episodes= 8929 eps=0.050 replay= 39936 loss=0.00000 ext100=0.000 total100=0.034
[train] 62:11:46<82:51:03, 0.052s/step step= 4288000 episodes= 8933 eps=0.050 replay= 39936 loss=0.00000 ext100=0.000 total100=0.035
[train] 62:13:30<82:49:18, 0.052s/step step= 4290000 episodes= 8937 eps=0.050 replay= 39936 loss=0.00001 ext100=0.000 total100=0.036
[train] 62:15:13<82:47:32, 0.052s/step step= 4292000 episodes= 8941 eps=0.050 replay= 39936 loss=0.00001 ext100=0.000 total100=0.035
[train] 62:16:57<82:45:47, 0.052s/step step= 4294000 episodes= 8945 eps=0.050 replay= 39936 loss=0.00000 ext100=0.000 total100=0.035
[train] 62:18:41<82:44:02, 0.052s/step step= 4296000 episodes= 8950 eps=0.050 replay= 39936 loss=0.00000 ext100=0.000 total100=0.035
[train] 62:20:25<82:42:17, 0.052s/step step= 4298000 episodes= 8954 eps=0.050 replay= 39936 loss=0.00001 ext100=0.000 total100=0.036
[eval] step=4300000 episodes=8958 mean_ext_return=0.000
[train] 62:22:25<82:40:52, 0.052s/step step= 4300000 episodes= 8958 eps=0.050 replay= 39936 loss=0.00001 ext100=0.000 total100=0.036
[train] 62:24:08<82:39:06, 0.052s/step step= 4302000 episodes= 8962 eps=0.050 replay= 39936 loss=0.00000 ext100=0.000 total100=0.035
[train] 62:25:51<82:37:21, 0.052s/step step= 4304000 episodes= 8966 eps=0.050 replay= 39936 loss=0.00000 ext100=0.000 total100=0.035
[train] 62:27:35<82:35:35, 0.052s/step step= 4306000 episodes= 8970 eps=0.050 replay= 39936 loss=0.00001 ext100=0.000 total100=0.035
[train] 62:29:18<82:33:49, 0.052s/step step= 4308000 episodes= 8975 eps=0.050 replay= 39936 loss=0.00001 ext100=0.000 total100=0.035
[train] 62:31:02<82:32:04, 0.052s/step step= 4310000 episodes= 8979 eps=0.050 replay= 39936 loss=0.00001 ext100=0.000 total100=0.036
[train] 62:32:46<82:30:18, 0.052s/step step= 4312000 episodes= 8983 eps=0.050 replay= 39936 loss=0.00000 ext100=0.000 total100=0.035
[train] 62:34:30<82:28:33, 0.052s/step step= 4314000 episodes= 8987 eps=0.050 replay= 39936 loss=0.00001 ext100=0.000 total100=0.036
[train] 62:36:13<82:26:48, 0.052s/step step= 4316000 episodes= 8991 eps=0.050 replay= 39936 loss=0.00001 ext100=0.000 total100=0.036
[train] 62:37:57<82:25:03, 0.052s/step step= 4318000 episodes= 8995 eps=0.050 replay= 39936 loss=0.00001 ext100=0.000 total100=0.037
[eval] step=4320000 episodes=9000 mean_ext_return=0.000
[train] 62:39:57<82:23:39, 0.052s/step step= 4320000 episodes= 9000 eps=0.050 replay= 39936 loss=0.00000 ext100=0.000 total100=0.035
[train] 62:41:40<82:21:52, 0.052s/step step= 4322000 episodes= 9004 eps=0.050 replay= 39936 loss=0.00001 ext100=0.000 total100=0.033
[train] 62:43:24<82:20:07, 0.052s/step step= 4324000 episodes= 9008 eps=0.050 replay= 39936 loss=0.00001 ext100=0.000 total100=0.034
[train] 62:45:07<82:18:21, 0.052s/step step= 4326000 episodes= 9012 eps=0.050 replay= 39936 loss=0.00000 ext100=0.000 total100=0.035
[train] 62:46:50<82:16:35, 0.052s/step step= 4328000 episodes= 9016 eps=0.050 replay= 39936 loss=0.00000 ext100=0.000 total100=0.034
[train] 62:48:34<82:14:49, 0.052s/step step= 4330000 episodes= 9020 eps=0.050 replay= 39936 loss=0.00001 ext100=0.000 total100=0.035
[train] 62:50:18<82:13:04, 0.052s/step step= 4332000 episodes= 9025 eps=0.050 replay= 39936 loss=0.00000 ext100=0.000 total100=0.035
[train] 62:52:02<82:11:19, 0.052s/step step= 4334000 episodes= 9029 eps=0.050 replay= 39936 loss=0.00000 ext100=0.000 total100=0.035
[train] 62:53:45<82:09:34, 0.052s/step step= 4336000 episodes= 9033 eps=0.050 replay= 39936 loss=0.00000 ext100=0.000 total100=0.036
[train] 62:55:29<82:07:49, 0.052s/step step= 4338000 episodes= 9037 eps=0.050 replay= 39936 loss=0.00001 ext100=0.000 total100=0.035
[eval] step=4340000 episodes=9041 mean_ext_return=0.000
[train] 62:57:29<82:06:24, 0.052s/step step= 4340000 episodes= 9041 eps=0.050 replay= 39936 loss=0.00001 ext100=0.000 total100=0.035
[train] 62:59:12<82:04:38, 0.052s/step step= 4342000 episodes= 9045 eps=0.050 replay= 39936 loss=0.00000 ext100=0.000 total100=0.035
[train] 63:00:56<82:02:52, 0.052s/step step= 4344000 episodes= 9050 eps=0.050 replay= 39936 loss=0.00001 ext100=0.000 total100=0.034
[train] 63:02:39<82:01:07, 0.052s/step step= 4346000 episodes= 9054 eps=0.050 replay= 39936 loss=0.00001 ext100=0.000 total100=0.035
[train] 63:04:22<81:59:20, 0.052s/step step= 4348000 episodes= 9058 eps=0.050 replay= 39936 loss=0.00000 ext100=0.000 total100=0.035
[train] 63:06:06<81:57:35, 0.052s/step step= 4350000 episodes= 9062 eps=0.050 replay= 39936 loss=0.00000 ext100=0.000 total100=0.035
[train] 63:07:50<81:55:50, 0.052s/step step= 4352000 episodes= 9066 eps=0.050 replay= 39936 loss=0.00000 ext100=0.000 total100=0.036
[train] 63:09:34<81:54:05, 0.052s/step step= 4354000 episodes= 9070 eps=0.050 replay= 39936 loss=0.00001 ext100=0.000 total100=0.035
[train] 63:11:18<81:52:19, 0.052s/step step= 4356000 episodes= 9075 eps=0.050 replay= 39936 loss=0.00000 ext100=0.000 total100=0.035
[train] 63:13:02<81:50:34, 0.052s/step step= 4358000 episodes= 9079 eps=0.050 replay= 39936 loss=0.00000 ext100=0.000 total100=0.033
[eval] step=4360000 episodes=9083 mean_ext_return=0.000
[train] 63:15:01<81:49:09, 0.052s/step step= 4360000 episodes= 9083 eps=0.050 replay= 39936 loss=0.00000 ext100=0.000 total100=0.033
[train] 63:16:44<81:47:23, 0.052s/step step= 4362000 episodes= 9087 eps=0.050 replay= 39936 loss=0.00001 ext100=0.000 total100=0.033
[train] 63:18:28<81:45:37, 0.052s/step step= 4364000 episodes= 9091 eps=0.050 replay= 39936 loss=0.00000 ext100=0.000 total100=0.032
[train] 63:20:11<81:43:52, 0.052s/step step= 4366000 episodes= 9095 eps=0.050 replay= 39936 loss=0.00000 ext100=0.000 total100=0.032
[train] 63:21:54<81:42:06, 0.052s/step step= 4368000 episodes= 9100 eps=0.050 replay= 39936 loss=0.00001 ext100=0.000 total100=0.032
[train] 63:23:38<81:40:21, 0.052s/step step= 4370000 episodes= 9104 eps=0.050 replay= 39936 loss=0.00001 ext100=0.000 total100=0.033
[train] 63:25:22<81:38:35, 0.052s/step step= 4372000 episodes= 9108 eps=0.050 replay= 39936 loss=0.00001 ext100=0.000 total100=0.033
[train] 63:27:06<81:36:50, 0.052s/step step= 4374000 episodes= 9112 eps=0.050 replay= 39936 loss=0.00001 ext100=0.000 total100=0.032
[train] 63:28:50<81:35:05, 0.052s/step step= 4376000 episodes= 9116 eps=0.050 replay= 39936 loss=0.00000 ext100=0.000 total100=0.033
[train] 63:30:34<81:33:20, 0.052s/step step= 4378000 episodes= 9120 eps=0.050 replay= 39936 loss=0.00001 ext100=0.000 total100=0.033
[eval] step=4380000 episodes=9125 mean_ext_return=0.000
[train] 63:32:33<81:31:55, 0.052s/step step= 4380000 episodes= 9125 eps=0.050 replay= 39936 loss=0.00000 ext100=0.000 total100=0.034
[train] 63:34:16<81:30:08, 0.052s/step step= 4382000 episodes= 9129 eps=0.050 replay= 39936 loss=0.00001 ext100=0.000 total100=0.032
[train] 63:36:00<81:28:23, 0.052s/step step= 4384000 episodes= 9133 eps=0.050 replay= 39936 loss=0.00000 ext100=0.000 total100=0.031
[train] 63:37:43<81:26:37, 0.052s/step step= 4386000 episodes= 9137 eps=0.050 replay= 39936 loss=0.00002 ext100=0.000 total100=0.032
[train] 63:39:27<81:24:51, 0.052s/step step= 4388000 episodes= 9141 eps=0.050 replay= 39936 loss=0.00000 ext100=0.000 total100=0.032
[train] 63:41:10<81:23:06, 0.052s/step step= 4390000 episodes= 9145 eps=0.050 replay= 39936 loss=0.00000 ext100=0.000 total100=0.032
[train] 63:42:54<81:21:20, 0.052s/step step= 4392000 episodes= 9150 eps=0.050 replay= 39936 loss=0.00001 ext100=0.000 total100=0.032
[train] 63:44:38<81:19:35, 0.052s/step step= 4394000 episodes= 9154 eps=0.050 replay= 39936 loss=0.00001 ext100=0.000 total100=0.031
[train] 63:46:22<81:17:50, 0.052s/step step= 4396000 episodes= 9158 eps=0.050 replay= 39936 loss=0.00000 ext100=0.000 total100=0.031
[train] 63:48:05<81:16:05, 0.052s/step step= 4398000 episodes= 9162 eps=0.050 replay= 39936 loss=0.00000 ext100=0.000 total100=0.032
[eval] step=4400000 episodes=9166 mean_ext_return=0.000
[train] 63:50:05<81:14:39, 0.052s/step step= 4400000 episodes= 9166 eps=0.050 replay= 39936 loss=0.00000 ext100=0.000 total100=0.031
[train] 63:51:48<81:12:53, 0.052s/step step= 4402000 episodes= 9170 eps=0.050 replay= 39936 loss=0.00001 ext100=0.000 total100=0.031
[train] 63:53:32<81:11:08, 0.052s/step step= 4404000 episodes= 9175 eps=0.050 replay= 39936 loss=0.00000 ext100=0.000 total100=0.031
[train] 63:55:15<81:09:22, 0.052s/step step= 4406000 episodes= 9179 eps=0.050 replay= 39936 loss=0.00000 ext100=0.000 total100=0.032
[train] 63:56:58<81:07:36, 0.052s/step step= 4408000 episodes= 9183 eps=0.050 replay= 39936 loss=0.00000 ext100=0.000 total100=0.032
[train] 63:58:42<81:05:51, 0.052s/step step= 4410000 episodes= 9187 eps=0.050 replay= 39936 loss=0.00001 ext100=0.000 total100=0.033
[train] 64:00:26<81:04:05, 0.052s/step step= 4412000 episodes= 9191 eps=0.050 replay= 39936 loss=0.00000 ext100=0.000 total100=0.032
[train] 64:02:10<81:02:20, 0.052s/step step= 4414000 episodes= 9195 eps=0.050 replay= 39936 loss=0.00000 ext100=0.000 total100=0.032
[train] 64:03:54<81:00:35, 0.052s/step step= 4416000 episodes= 9200 eps=0.050 replay= 39936 loss=0.00000 ext100=0.000 total100=0.032
[train] 64:05:38<80:58:50, 0.052s/step step= 4418000 episodes= 9204 eps=0.050 replay= 39936 loss=0.00001 ext100=0.000 total100=0.032
[eval] step=4420000 episodes=9208 mean_ext_return=0.000
[train] 64:07:37<80:57:24, 0.052s/step step= 4420000 episodes= 9208 eps=0.050 replay= 39936 loss=0.00000 ext100=0.000 total100=0.032
[train] 64:09:20<80:55:38, 0.052s/step step= 4422000 episodes= 9212 eps=0.050 replay= 39936 loss=0.00001 ext100=0.000 total100=0.032
[train] 64:11:04<80:53:52, 0.052s/step step= 4424000 episodes= 9216 eps=0.050 replay= 39936 loss=0.00000 ext100=0.000 total100=0.032
[train] 64:12:47<80:52:07, 0.052s/step step= 4426000 episodes= 9220 eps=0.050 replay= 39936 loss=0.00001 ext100=0.000 total100=0.032
[train] 64:14:30<80:50:20, 0.052s/step step= 4428000 episodes= 9225 eps=0.050 replay= 39936 loss=0.00000 ext100=0.000 total100=0.031
[train] 64:16:14<80:48:35, 0.052s/step step= 4430000 episodes= 9229 eps=0.050 replay= 39936 loss=0.00000 ext100=0.000 total100=0.032
[train] 64:17:58<80:46:50, 0.052s/step step= 4432000 episodes= 9233 eps=0.050 replay= 39936 loss=0.00000 ext100=0.000 total100=0.032
[train] 64:19:42<80:45:05, 0.052s/step step= 4434000 episodes= 9237 eps=0.050 replay= 39936 loss=0.00001 ext100=0.000 total100=0.031
[train] 64:21:25<80:43:19, 0.052s/step step= 4436000 episodes= 9241 eps=0.050 replay= 39936 loss=0.00000 ext100=0.000 total100=0.032
[train] 64:23:09<80:41:34, 0.052s/step step= 4438000 episodes= 9245 eps=0.050 replay= 39936 loss=0.00000 ext100=0.000 total100=0.032
[eval] step=4440000 episodes=9250 mean_ext_return=0.000
[train] 64:25:09<80:40:08, 0.052s/step step= 4440000 episodes= 9250 eps=0.050 replay= 39936 loss=0.00001 ext100=0.000 total100=0.031
[train] 64:26:52<80:38:22, 0.052s/step step= 4442000 episodes= 9254 eps=0.050 replay= 39936 loss=0.00001 ext100=0.000 total100=0.031
[train] 64:28:35<80:36:37, 0.052s/step step= 4444000 episodes= 9258 eps=0.050 replay= 39936 loss=0.00001 ext100=0.000 total100=0.030
[train] 64:30:19<80:34:51, 0.052s/step step= 4446000 episodes= 9262 eps=0.050 replay= 39936 loss=0.00001 ext100=0.000 total100=0.030
[train] 64:32:02<80:33:05, 0.052s/step step= 4448000 episodes= 9266 eps=0.050 replay= 39936 loss=0.00000 ext100=0.000 total100=0.030
[train] 64:33:46<80:31:19, 0.052s/step step= 4450000 episodes= 9270 eps=0.050 replay= 39936 loss=0.00001 ext100=0.000 total100=0.031
[train] 64:35:29<80:29:34, 0.052s/step step= 4452000 episodes= 9275 eps=0.050 replay= 39936 loss=0.00001 ext100=0.000 total100=0.031
[train] 64:37:13<80:27:49, 0.052s/step step= 4454000 episodes= 9279 eps=0.050 replay= 39936 loss=0.00000 ext100=0.000 total100=0.031
[train] 64:38:57<80:26:03, 0.052s/step step= 4456000 episodes= 9283 eps=0.050 replay= 39936 loss=0.00000 ext100=0.000 total100=0.032
[train] 64:40:41<80:24:18, 0.052s/step step= 4458000 episodes= 9287 eps=0.050 replay= 39936 loss=0.00001 ext100=0.000 total100=0.030
[eval] step=4460000 episodes=9291 mean_ext_return=0.000
[train] 64:42:41<80:22:53, 0.052s/step step= 4460000 episodes= 9291 eps=0.050 replay= 39936 loss=0.00000 ext100=0.000 total100=0.031
[train] 64:44:24<80:21:07, 0.052s/step step= 4462000 episodes= 9295 eps=0.050 replay= 39936 loss=0.00000 ext100=0.000 total100=0.031
[train] 64:46:07<80:19:21, 0.052s/step step= 4464000 episodes= 9300 eps=0.050 replay= 39936 loss=0.00000 ext100=0.000 total100=0.032
[train] 64:47:51<80:17:36, 0.052s/step step= 4466000 episodes= 9304 eps=0.050 replay= 39936 loss=0.00001 ext100=0.000 total100=0.031
[train] 64:49:34<80:15:49, 0.052s/step step= 4468000 episodes= 9308 eps=0.050 replay= 39936 loss=0.00000 ext100=0.000 total100=0.031
[train] 64:51:18<80:14:04, 0.052s/step step= 4470000 episodes= 9312 eps=0.050 replay= 39936 loss=0.00000 ext100=0.000 total100=0.032
[train] 64:53:02<80:12:19, 0.052s/step step= 4472000 episodes= 9316 eps=0.050 replay= 39936 loss=0.00000 ext100=0.000 total100=0.031
[train] 64:54:46<80:10:34, 0.052s/step step= 4474000 episodes= 9320 eps=0.050 replay= 39936 loss=0.00001 ext100=0.000 total100=0.031
[train] 64:56:30<80:08:49, 0.052s/step step= 4476000 episodes= 9325 eps=0.050 replay= 39936 loss=0.00001 ext100=0.000 total100=0.032
[train] 64:58:14<80:07:04, 0.052s/step step= 4478000 episodes= 9329 eps=0.050 replay= 39936 loss=0.00000 ext100=0.000 total100=0.032
[eval] step=4480000 episodes=9333 mean_ext_return=0.000
[train] 65:00:13<80:05:38, 0.052s/step step= 4480000 episodes= 9333 eps=0.050 replay= 39936 loss=0.00000 ext100=0.000 total100=0.032
[train] 65:01:56<80:03:52, 0.052s/step step= 4482000 episodes= 9337 eps=0.050 replay= 39936 loss=0.00001 ext100=0.000 total100=0.032
[train] 65:03:40<80:02:06, 0.052s/step step= 4484000 episodes= 9341 eps=0.050 replay= 39936 loss=0.00000 ext100=0.000 total100=0.031
[train] 65:05:23<80:00:20, 0.052s/step step= 4486000 episodes= 9345 eps=0.050 replay= 39936 loss=0.00000 ext100=0.000 total100=0.031
[train] 65:07:06<79:58:34, 0.052s/step step= 4488000 episodes= 9350 eps=0.050 replay= 39936 loss=0.00000 ext100=0.000 total100=0.032
[train] 65:08:50<79:56:49, 0.052s/step step= 4490000 episodes= 9354 eps=0.050 replay= 39936 loss=0.00001 ext100=0.000 total100=0.033
[train] 65:10:34<79:55:03, 0.052s/step step= 4492000 episodes= 9358 eps=0.050 replay= 39936 loss=0.00000 ext100=0.000 total100=0.034
[train] 65:12:18<79:53:18, 0.052s/step step= 4494000 episodes= 9362 eps=0.050 replay= 39936 loss=0.00000 ext100=0.000 total100=0.034
[train] 65:14:01<79:51:33, 0.052s/step step= 4496000 episodes= 9366 eps=0.050 replay= 39936 loss=0.00000 ext100=0.000 total100=0.034
[train] 65:15:45<79:49:48, 0.052s/step step= 4498000 episodes= 9370 eps=0.050 replay= 39936 loss=0.00001 ext100=0.000 total100=0.033
[eval] step=4500000 episodes=9375 mean_ext_return=0.000
[train] 65:17:45<79:48:22, 0.052s/step step= 4500000 episodes= 9375 eps=0.050 replay= 39936 loss=0.00000 ext100=0.000 total100=0.033
[train] 65:19:28<79:46:36, 0.052s/step step= 4502000 episodes= 9379 eps=0.050 replay= 39936 loss=0.00000 ext100=0.000 total100=0.034
[train] 65:21:12<79:44:50, 0.052s/step step= 4504000 episodes= 9383 eps=0.050 replay= 39936 loss=0.00000 ext100=0.000 total100=0.033
[train] 65:22:55<79:43:05, 0.052s/step step= 4506000 episodes= 9387 eps=0.050 replay= 39936 loss=0.00001 ext100=0.000 total100=0.033
[train] 65:24:38<79:41:18, 0.052s/step step= 4508000 episodes= 9391 eps=0.050 replay= 39936 loss=0.00000 ext100=0.000 total100=0.034
[train] 65:26:22<79:39:33, 0.052s/step step= 4510000 episodes= 9395 eps=0.050 replay= 39936 loss=0.00000 ext100=0.000 total100=0.033
[train] 65:28:06<79:37:48, 0.052s/step step= 4512000 episodes= 9400 eps=0.050 replay= 39936 loss=0.00000 ext100=0.000 total100=0.033
[train] 65:29:50<79:36:03, 0.052s/step step= 4514000 episodes= 9404 eps=0.050 replay= 39936 loss=0.00000 ext100=0.000 total100=0.033
[train] 65:31:33<79:34:17, 0.052s/step step= 4516000 episodes= 9408 eps=0.050 replay= 39936 loss=0.00000 ext100=0.000 total100=0.032
[train] 65:33:17<79:32:32, 0.052s/step step= 4518000 episodes= 9412 eps=0.050 replay= 39936 loss=0.00000 ext100=0.000 total100=0.032
[eval] step=4520000 episodes=9416 mean_ext_return=0.000
[train] 65:35:17<79:31:06, 0.052s/step step= 4520000 episodes= 9416 eps=0.050 replay= 39936 loss=0.00000 ext100=0.000 total100=0.032
[train] 65:37:00<79:29:20, 0.052s/step step= 4522000 episodes= 9420 eps=0.050 replay= 39936 loss=0.00001 ext100=0.000 total100=0.033
[train] 65:38:44<79:27:34, 0.052s/step step= 4524000 episodes= 9425 eps=0.050 replay= 39936 loss=0.00000 ext100=0.000 total100=0.032
[train] 65:40:27<79:25:49, 0.052s/step step= 4526000 episodes= 9429 eps=0.050 replay= 39936 loss=0.00000 ext100=0.000 total100=0.031
[train] 65:42:10<79:24:02, 0.052s/step step= 4528000 episodes= 9433 eps=0.050 replay= 39936 loss=0.00000 ext100=0.000 total100=0.031
[train] 65:43:54<79:22:17, 0.052s/step step= 4530000 episodes= 9437 eps=0.050 replay= 39936 loss=0.00001 ext100=0.000 total100=0.032
[train] 65:45:38<79:20:32, 0.052s/step step= 4532000 episodes= 9441 eps=0.050 replay= 39936 loss=0.00000 ext100=0.000 total100=0.032
[train] 65:47:22<79:18:47, 0.052s/step step= 4534000 episodes= 9445 eps=0.050 replay= 39936 loss=0.00000 ext100=0.000 total100=0.032
[train] 65:49:06<79:17:01, 0.052s/step step= 4536000 episodes= 9450 eps=0.050 replay= 39936 loss=0.00000 ext100=0.000 total100=0.032
[train] 65:50:50<79:15:16, 0.052s/step step= 4538000 episodes= 9454 eps=0.050 replay= 39936 loss=0.00001 ext100=0.000 total100=0.030
[eval] step=4540000 episodes=9458 mean_ext_return=0.000
[train] 65:52:49<79:13:50, 0.052s/step step= 4540000 episodes= 9458 eps=0.050 replay= 39936 loss=0.00000 ext100=0.000 total100=0.030
[train] 65:54:32<79:12:04, 0.052s/step step= 4542000 episodes= 9462 eps=0.050 replay= 39936 loss=0.00001 ext100=0.000 total100=0.029
[train] 65:56:16<79:10:18, 0.052s/step step= 4544000 episodes= 9466 eps=0.050 replay= 39936 loss=0.00000 ext100=0.000 total100=0.029
[train] 65:57:59<79:08:33, 0.052s/step step= 4546000 episodes= 9470 eps=0.050 replay= 39936 loss=0.00001 ext100=0.000 total100=0.029
[train] 65:59:43<79:06:47, 0.052s/step step= 4548000 episodes= 9475 eps=0.050 replay= 39936 loss=0.00000 ext100=0.000 total100=0.028
[train] 66:01:26<79:05:01, 0.052s/step step= 4550000 episodes= 9479 eps=0.050 replay= 39936 loss=0.00000 ext100=0.000 total100=0.028
[train] 66:03:10<79:03:16, 0.052s/step step= 4552000 episodes= 9483 eps=0.050 replay= 39936 loss=0.00000 ext100=0.000 total100=0.028
[train] 66:04:54<79:01:31, 0.052s/step step= 4554000 episodes= 9487 eps=0.050 replay= 39936 loss=0.00001 ext100=0.000 total100=0.028
[train] 66:06:38<78:59:45, 0.052s/step step= 4556000 episodes= 9491 eps=0.050 replay= 39936 loss=0.00000 ext100=0.000 total100=0.028
[train] 66:08:22<78:58:00, 0.052s/step step= 4558000 episodes= 9495 eps=0.050 replay= 39936 loss=0.00001 ext100=0.000 total100=0.029
[eval] step=4560000 episodes=9500 mean_ext_return=0.000
[train] 66:10:21<78:56:34, 0.052s/step step= 4560000 episodes= 9500 eps=0.050 replay= 39936 loss=0.00000 ext100=0.000 total100=0.029
[train] 66:12:05<78:54:48, 0.052s/step step= 4562000 episodes= 9504 eps=0.050 replay= 39936 loss=0.00001 ext100=0.000 total100=0.029
[train] 66:13:48<78:53:02, 0.052s/step step= 4564000 episodes= 9508 eps=0.050 replay= 39936 loss=0.00001 ext100=0.000 total100=0.030
[train] 66:15:32<78:51:17, 0.052s/step step= 4566000 episodes= 9512 eps=0.050 replay= 39936 loss=0.00000 ext100=0.000 total100=0.030
[train] 66:17:15<78:49:30, 0.052s/step step= 4568000 episodes= 9516 eps=0.050 replay= 39936 loss=0.00000 ext100=0.000 total100=0.029
[train] 66:18:58<78:47:45, 0.052s/step step= 4570000 episodes= 9520 eps=0.050 replay= 39936 loss=0.00001 ext100=0.000 total100=0.029
[train] 66:20:42<78:46:00, 0.052s/step step= 4572000 episodes= 9525 eps=0.050 replay= 39936 loss=0.00000 ext100=0.000 total100=0.030
[train] 66:22:26<78:44:15, 0.052s/step step= 4574000 episodes= 9529 eps=0.050 replay= 39936 loss=0.00000 ext100=0.000 total100=0.031
[train] 66:24:10<78:42:29, 0.052s/step step= 4576000 episodes= 9533 eps=0.050 replay= 39936 loss=0.00001 ext100=0.000 total100=0.031
[train] 66:25:54<78:40:44, 0.052s/step step= 4578000 episodes= 9537 eps=0.050 replay= 39936 loss=0.00001 ext100=0.000 total100=0.030
[eval] step=4580000 episodes=9541 mean_ext_return=0.000
[train] 66:27:53<78:39:17, 0.052s/step step= 4580000 episodes= 9541 eps=0.050 replay= 39936 loss=0.00000 ext100=0.000 total100=0.031
[train] 66:29:36<78:37:31, 0.052s/step step= 4582000 episodes= 9545 eps=0.050 replay= 39936 loss=0.00000 ext100=0.000 total100=0.031
[train] 66:31:20<78:35:46, 0.052s/step step= 4584000 episodes= 9550 eps=0.050 replay= 39936 loss=0.00000 ext100=0.000 total100=0.030
[train] 66:33:03<78:34:00, 0.052s/step step= 4586000 episodes= 9554 eps=0.050 replay= 39936 loss=0.00001 ext100=0.000 total100=0.031
[train] 66:34:46<78:32:14, 0.052s/step step= 4588000 episodes= 9558 eps=0.050 replay= 39936 loss=0.00001 ext100=0.000 total100=0.029
[train] 66:36:30<78:30:28, 0.052s/step step= 4590000 episodes= 9562 eps=0.050 replay= 39936 loss=0.00000 ext100=0.000 total100=0.029
[train] 66:38:14<78:28:43, 0.052s/step step= 4592000 episodes= 9566 eps=0.050 replay= 39936 loss=0.00001 ext100=0.000 total100=0.030
[train] 66:39:58<78:26:58, 0.052s/step step= 4594000 episodes= 9570 eps=0.050 replay= 39936 loss=0.00001 ext100=0.000 total100=0.029
[train] 66:41:41<78:25:12, 0.052s/step step= 4596000 episodes= 9575 eps=0.050 replay= 39936 loss=0.00001 ext100=0.000 total100=0.030
[train] 66:43:25<78:23:27, 0.052s/step step= 4598000 episodes= 9579 eps=0.050 replay= 39936 loss=0.00000 ext100=0.000 total100=0.030
[eval] step=4600000 episodes=9583 mean_ext_return=0.000
[train] 66:45:25<78:22:01, 0.052s/step step= 4600000 episodes= 9583 eps=0.050 replay= 39936 loss=0.00000 ext100=0.000 total100=0.029
[train] 66:47:08<78:20:14, 0.052s/step step= 4602000 episodes= 9587 eps=0.050 replay= 39936 loss=0.00001 ext100=0.000 total100=0.029
[train] 66:48:51<78:18:29, 0.052s/step step= 4604000 episodes= 9591 eps=0.050 replay= 39936 loss=0.00001 ext100=0.000 total100=0.029
[train] 66:50:35<78:16:43, 0.052s/step step= 4606000 episodes= 9595 eps=0.050 replay= 39936 loss=0.00000 ext100=0.000 total100=0.030
[train] 66:52:18<78:14:57, 0.052s/step step= 4608000 episodes= 9600 eps=0.050 replay= 39936 loss=0.00000 ext100=0.000 total100=0.030
[train] 66:54:02<78:13:12, 0.052s/step step= 4610000 episodes= 9604 eps=0.050 replay= 39936 loss=0.00002 ext100=0.000 total100=0.029
[train] 66:55:46<78:11:26, 0.052s/step step= 4612000 episodes= 9608 eps=0.050 replay= 39936 loss=0.00000 ext100=0.000 total100=0.029
[train] 66:57:30<78:09:41, 0.052s/step step= 4614000 episodes= 9612 eps=0.050 replay= 39936 loss=0.00000 ext100=0.000 total100=0.029
[train] 66:59:13<78:07:56, 0.052s/step step= 4616000 episodes= 9616 eps=0.050 replay= 39936 loss=0.00001 ext100=0.000 total100=0.031
[train] 67:00:57<78:06:11, 0.052s/step step= 4618000 episodes= 9620 eps=0.050 replay= 39936 loss=0.00000 ext100=0.000 total100=0.031
[eval] step=4620000 episodes=9625 mean_ext_return=0.000
[train] 67:02:57<78:04:44, 0.052s/step step= 4620000 episodes= 9625 eps=0.050 replay= 39936 loss=0.00000 ext100=0.000 total100=0.032
[train] 67:04:40<78:02:58, 0.052s/step step= 4622000 episodes= 9629 eps=0.050 replay= 39936 loss=0.00000 ext100=0.000 total100=0.031
[train] 67:06:24<78:01:12, 0.052s/step step= 4624000 episodes= 9633 eps=0.050 replay= 39936 loss=0.00000 ext100=0.000 total100=0.031
[train] 67:08:07<77:59:27, 0.052s/step step= 4626000 episodes= 9637 eps=0.050 replay= 39936 loss=0.00001 ext100=0.000 total100=0.031
[train] 67:09:50<77:57:41, 0.052s/step step= 4628000 episodes= 9641 eps=0.050 replay= 39936 loss=0.00000 ext100=0.000 total100=0.030
[train] 67:11:34<77:55:55, 0.052s/step step= 4630000 episodes= 9645 eps=0.050 replay= 39936 loss=0.00000 ext100=0.000 total100=0.031
[train] 67:13:18<77:54:10, 0.052s/step step= 4632000 episodes= 9650 eps=0.050 replay= 39936 loss=0.00000 ext100=0.000 total100=0.032
[train] 67:15:02<77:52:25, 0.052s/step step= 4634000 episodes= 9654 eps=0.050 replay= 39936 loss=0.00001 ext100=0.000 total100=0.032
[train] 67:16:45<77:50:39, 0.052s/step step= 4636000 episodes= 9658 eps=0.050 replay= 39936 loss=0.00001 ext100=0.000 total100=0.034
[train] 67:18:29<77:48:54, 0.052s/step step= 4638000 episodes= 9662 eps=0.050 replay= 39936 loss=0.00000 ext100=0.000 total100=0.034
[eval] step=4640000 episodes=9666 mean_ext_return=0.000
[train] 67:20:29<77:47:27, 0.052s/step step= 4640000 episodes= 9666 eps=0.050 replay= 39936 loss=0.00001 ext100=0.000 total100=0.034
[train] 67:22:12<77:45:41, 0.052s/step step= 4642000 episodes= 9670 eps=0.050 replay= 39936 loss=0.00001 ext100=0.000 total100=0.036
[train] 67:23:55<77:43:55, 0.052s/step step= 4644000 episodes= 9675 eps=0.050 replay= 39936 loss=0.00001 ext100=0.000 total100=0.036
[train] 67:25:39<77:42:10, 0.052s/step step= 4646000 episodes= 9679 eps=0.050 replay= 39936 loss=0.00001 ext100=0.000 total100=0.035
[train] 67:27:22<77:40:24, 0.052s/step step= 4648000 episodes= 9683 eps=0.050 replay= 39936 loss=0.00001 ext100=0.000 total100=0.034
[train] 67:29:06<77:38:38, 0.052s/step step= 4650000 episodes= 9687 eps=0.050 replay= 39936 loss=0.00001 ext100=0.000 total100=0.034
[train] 67:30:50<77:36:53, 0.052s/step step= 4652000 episodes= 9691 eps=0.050 replay= 39936 loss=0.00000 ext100=0.000 total100=0.034
[train] 67:32:34<77:35:08, 0.052s/step step= 4654000 episodes= 9695 eps=0.050 replay= 39936 loss=0.00000 ext100=0.000 total100=0.034
[train] 67:34:17<77:33:22, 0.052s/step step= 4656000 episodes= 9700 eps=0.050 replay= 39936 loss=0.00001 ext100=0.000 total100=0.034
[train] 67:36:01<77:31:37, 0.052s/step step= 4658000 episodes= 9704 eps=0.050 replay= 39936 loss=0.00001 ext100=0.000 total100=0.034
[eval] step=4660000 episodes=9708 mean_ext_return=0.000
[train] 67:38:01<77:30:10, 0.052s/step step= 4660000 episodes= 9708 eps=0.050 replay= 39936 loss=0.00000 ext100=0.000 total100=0.034
[train] 67:39:44<77:28:24, 0.052s/step step= 4662000 episodes= 9712 eps=0.050 replay= 39936 loss=0.00000 ext100=0.000 total100=0.034
[train] 67:41:28<77:26:39, 0.052s/step step= 4664000 episodes= 9716 eps=0.050 replay= 39936 loss=0.00001 ext100=0.000 total100=0.033
[train] 67:43:11<77:24:53, 0.052s/step step= 4666000 episodes= 9720 eps=0.050 replay= 39936 loss=0.00001 ext100=0.000 total100=0.033
[train] 67:44:54<77:23:07, 0.052s/step step= 4668000 episodes= 9725 eps=0.050 replay= 39936 loss=0.00001 ext100=0.000 total100=0.032
[train] 67:46:38<77:21:21, 0.052s/step step= 4670000 episodes= 9729 eps=0.050 replay= 39936 loss=0.00000 ext100=0.000 total100=0.032
[train] 67:48:22<77:19:36, 0.052s/step step= 4672000 episodes= 9733 eps=0.050 replay= 39936 loss=0.00000 ext100=0.000 total100=0.033
[train] 67:50:06<77:17:51, 0.052s/step step= 4674000 episodes= 9737 eps=0.050 replay= 39936 loss=0.00001 ext100=0.000 total100=0.034
[train] 67:51:49<77:16:06, 0.052s/step step= 4676000 episodes= 9741 eps=0.050 replay= 39936 loss=0.00000 ext100=0.000 total100=0.032
[train] 67:53:33<77:14:21, 0.052s/step step= 4678000 episodes= 9745 eps=0.050 replay= 39936 loss=0.00001 ext100=0.000 total100=0.033
[eval] step=4680000 episodes=9750 mean_ext_return=0.000
[train] 67:55:33<77:12:53, 0.052s/step step= 4680000 episodes= 9750 eps=0.050 replay= 39936 loss=0.00000 ext100=0.000 total100=0.032
[train] 67:57:16<77:11:07, 0.052s/step step= 4682000 episodes= 9754 eps=0.050 replay= 39936 loss=0.00001 ext100=0.000 total100=0.032
[train] 67:58:59<77:09:22, 0.052s/step step= 4684000 episodes= 9758 eps=0.050 replay= 39936 loss=0.00000 ext100=0.000 total100=0.033
[train] 68:00:43<77:07:36, 0.052s/step step= 4686000 episodes= 9762 eps=0.050 replay= 39936 loss=0.00000 ext100=0.000 total100=0.032
[train] 68:02:26<77:05:50, 0.052s/step step= 4688000 episodes= 9766 eps=0.050 replay= 39936 loss=0.00001 ext100=0.000 total100=0.031
[train] 68:04:10<77:04:04, 0.052s/step step= 4690000 episodes= 9770 eps=0.050 replay= 39936 loss=0.00001 ext100=0.000 total100=0.031
[train] 68:05:54<77:02:19, 0.052s/step step= 4692000 episodes= 9775 eps=0.050 replay= 39936 loss=0.00000 ext100=0.000 total100=0.031
[train] 68:07:38<77:00:34, 0.052s/step step= 4694000 episodes= 9779 eps=0.050 replay= 39936 loss=0.00000 ext100=0.000 total100=0.032
[train] 68:09:21<76:58:48, 0.052s/step step= 4696000 episodes= 9783 eps=0.050 replay= 39936 loss=0.00000 ext100=0.000 total100=0.033
[train] 68:11:05<76:57:03, 0.052s/step step= 4698000 episodes= 9787 eps=0.050 replay= 39936 loss=0.00001 ext100=0.000 total100=0.033
[eval] step=4700000 episodes=9791 mean_ext_return=0.000
[train] 68:13:05<76:55:36, 0.052s/step step= 4700000 episodes= 9791 eps=0.050 replay= 39936 loss=0.00000 ext100=0.000 total100=0.033
[train] 68:14:48<76:53:50, 0.052s/step step= 4702000 episodes= 9795 eps=0.050 replay= 39936 loss=0.00000 ext100=0.000 total100=0.031
[train] 68:16:31<76:52:04, 0.052s/step step= 4704000 episodes= 9800 eps=0.050 replay= 39936 loss=0.00000 ext100=0.000 total100=0.031
[train] 68:18:15<76:50:19, 0.052s/step step= 4706000 episodes= 9804 eps=0.050 replay= 39936 loss=0.00000 ext100=0.000 total100=0.030
[train] 68:19:58<76:48:33, 0.052s/step step= 4708000 episodes= 9808 eps=0.050 replay= 39936 loss=0.00000 ext100=0.000 total100=0.030
[train] 68:21:42<76:46:47, 0.052s/step step= 4710000 episodes= 9812 eps=0.050 replay= 39936 loss=0.00000 ext100=0.000 total100=0.030
[train] 68:23:26<76:45:02, 0.052s/step step= 4712000 episodes= 9816 eps=0.050 replay= 39936 loss=0.00000 ext100=0.000 total100=0.030
[train] 68:25:09<76:43:17, 0.052s/step step= 4714000 episodes= 9820 eps=0.050 replay= 39936 loss=0.00001 ext100=0.000 total100=0.030
[train] 68:26:53<76:41:31, 0.052s/step step= 4716000 episodes= 9825 eps=0.050 replay= 39936 loss=0.00000 ext100=0.000 total100=0.030
[train] 68:28:37<76:39:46, 0.052s/step step= 4718000 episodes= 9829 eps=0.050 replay= 39936 loss=0.00000 ext100=0.000 total100=0.031
[eval] step=4720000 episodes=9833 mean_ext_return=0.000
[train] 68:30:37<76:38:19, 0.052s/step step= 4720000 episodes= 9833 eps=0.050 replay= 39936 loss=0.00000 ext100=0.000 total100=0.030
[train] 68:32:20<76:36:33, 0.052s/step step= 4722000 episodes= 9837 eps=0.050 replay= 39936 loss=0.00001 ext100=0.000 total100=0.030
[train] 68:34:04<76:34:47, 0.052s/step step= 4724000 episodes= 9841 eps=0.050 replay= 39936 loss=0.00000 ext100=0.000 total100=0.031
[train] 68:35:47<76:33:02, 0.052s/step step= 4726000 episodes= 9845 eps=0.050 replay= 39936 loss=0.00000 ext100=0.000 total100=0.031
[train] 68:37:30<76:31:16, 0.052s/step step= 4728000 episodes= 9850 eps=0.050 replay= 39936 loss=0.00000 ext100=0.000 total100=0.031
[train] 68:39:14<76:29:30, 0.052s/step step= 4730000 episodes= 9854 eps=0.050 replay= 39936 loss=0.00001 ext100=0.000 total100=0.032
[train] 68:40:58<76:27:45, 0.052s/step step= 4732000 episodes= 9858 eps=0.050 replay= 39936 loss=0.00000 ext100=0.000 total100=0.031
[train] 68:42:42<76:26:00, 0.052s/step step= 4734000 episodes= 9862 eps=0.050 replay= 39936 loss=0.00000 ext100=0.000 total100=0.032
[train] 68:44:25<76:24:14, 0.052s/step step= 4736000 episodes= 9866 eps=0.050 replay= 39936 loss=0.00001 ext100=0.000 total100=0.032
[train] 68:46:09<76:22:29, 0.052s/step step= 4738000 episodes= 9870 eps=0.050 replay= 39936 loss=0.00001 ext100=0.000 total100=0.033
[eval] step=4740000 episodes=9875 mean_ext_return=0.000
[train] 68:48:09<76:21:02, 0.052s/step step= 4740000 episodes= 9875 eps=0.050 replay= 39936 loss=0.00001 ext100=0.000 total100=0.032
[train] 68:49:52<76:19:16, 0.052s/step step= 4742000 episodes= 9879 eps=0.050 replay= 39936 loss=0.00001 ext100=0.000 total100=0.032
[train] 68:51:36<76:17:30, 0.052s/step step= 4744000 episodes= 9883 eps=0.050 replay= 39936 loss=0.00000 ext100=0.000 total100=0.032
[train] 68:53:19<76:15:44, 0.052s/step step= 4746000 episodes= 9887 eps=0.050 replay= 39936 loss=0.00001 ext100=0.000 total100=0.032
[train] 68:55:02<76:13:58, 0.052s/step step= 4748000 episodes= 9891 eps=0.050 replay= 39936 loss=0.00001 ext100=0.000 total100=0.032
[train] 68:56:46<76:12:13, 0.052s/step step= 4750000 episodes= 9895 eps=0.050 replay= 39936 loss=0.00000 ext100=0.000 total100=0.033
[train] 68:58:30<76:10:28, 0.052s/step step= 4752000 episodes= 9900 eps=0.050 replay= 39936 loss=0.00001 ext100=0.000 total100=0.034
[train] 69:00:14<76:08:43, 0.052s/step step= 4754000 episodes= 9904 eps=0.050 replay= 39936 loss=0.00001 ext100=0.000 total100=0.035
[train] 69:01:57<76:06:57, 0.052s/step step= 4756000 episodes= 9908 eps=0.050 replay= 39936 loss=0.00000 ext100=0.000 total100=0.035
[train] 69:03:41<76:05:12, 0.052s/step step= 4758000 episodes= 9912 eps=0.050 replay= 39936 loss=0.00000 ext100=0.000 total100=0.035
[eval] step=4760000 episodes=9916 mean_ext_return=0.000
[train] 69:05:41<76:03:44, 0.052s/step step= 4760000 episodes= 9916 eps=0.050 replay= 39936 loss=0.00000 ext100=0.000 total100=0.035
[train] 69:07:24<76:01:58, 0.052s/step step= 4762000 episodes= 9920 eps=0.050 replay= 39936 loss=0.00001 ext100=0.000 total100=0.036
[train] 69:09:08<76:00:12, 0.052s/step step= 4764000 episodes= 9925 eps=0.050 replay= 39936 loss=0.00000 ext100=0.000 total100=0.035
[train] 69:10:51<75:58:27, 0.052s/step step= 4766000 episodes= 9929 eps=0.050 replay= 39936 loss=0.00000 ext100=0.000 total100=0.034
[train] 69:12:34<75:56:41, 0.052s/step step= 4768000 episodes= 9933 eps=0.050 replay= 39936 loss=0.00000 ext100=0.000 total100=0.034
[train] 69:14:18<75:54:56, 0.052s/step step= 4770000 episodes= 9937 eps=0.050 replay= 39936 loss=0.00001 ext100=0.000 total100=0.034
[train] 69:16:02<75:53:10, 0.052s/step step= 4772000 episodes= 9941 eps=0.050 replay= 39936 loss=0.00000 ext100=0.000 total100=0.034
[train] 69:17:46<75:51:25, 0.052s/step step= 4774000 episodes= 9945 eps=0.050 replay= 39936 loss=0.00000 ext100=0.000 total100=0.033
[train] 69:19:30<75:49:40, 0.052s/step step= 4776000 episodes= 9950 eps=0.050 replay= 39936 loss=0.00001 ext100=0.000 total100=0.034
[train] 69:21:14<75:47:55, 0.052s/step step= 4778000 episodes= 9954 eps=0.050 replay= 39936 loss=0.00001 ext100=0.000 total100=0.033
[eval] step=4780000 episodes=9958 mean_ext_return=0.000
[train] 69:23:13<75:46:27, 0.052s/step step= 4780000 episodes= 9958 eps=0.050 replay= 39936 loss=0.00001 ext100=0.000 total100=0.033
[train] 69:24:56<75:44:41, 0.052s/step step= 4782000 episodes= 9962 eps=0.050 replay= 39936 loss=0.00001 ext100=0.000 total100=0.032
[train] 69:26:40<75:42:55, 0.052s/step step= 4784000 episodes= 9966 eps=0.050 replay= 39936 loss=0.00000 ext100=0.000 total100=0.033
[train] 69:28:23<75:41:10, 0.052s/step step= 4786000 episodes= 9970 eps=0.050 replay= 39936 loss=0.00001 ext100=0.000 total100=0.032
[train] 69:30:06<75:39:23, 0.052s/step step= 4788000 episodes= 9975 eps=0.050 replay= 39936 loss=0.00000 ext100=0.000 total100=0.032
[train] 69:31:50<75:37:38, 0.052s/step step= 4790000 episodes= 9979 eps=0.050 replay= 39936 loss=0.00000 ext100=0.000 total100=0.032
[train] 69:33:34<75:35:53, 0.052s/step step= 4792000 episodes= 9983 eps=0.050 replay= 39936 loss=0.00000 ext100=0.000 total100=0.032
[train] 69:35:18<75:34:08, 0.052s/step step= 4794000 episodes= 9987 eps=0.050 replay= 39936 loss=0.00001 ext100=0.000 total100=0.032
[train] 69:37:02<75:32:22, 0.052s/step step= 4796000 episodes= 9991 eps=0.050 replay= 39936 loss=0.00000 ext100=0.000 total100=0.033
[train] 69:38:46<75:30:37, 0.052s/step step= 4798000 episodes= 9995 eps=0.050 replay= 39936 loss=0.00000 ext100=0.000 total100=0.032
[eval] step=4800000 episodes=10000 mean_ext_return=0.000
[train] 69:40:45<75:29:09, 0.052s/step step= 4800000 episodes=10000 eps=0.050 replay= 39936 loss=0.00001 ext100=0.000 total100=0.032
[train] 69:42:29<75:27:23, 0.052s/step step= 4802000 episodes=10004 eps=0.050 replay= 39936 loss=0.00001 ext100=0.000 total100=0.032
[train] 69:44:12<75:25:38, 0.052s/step step= 4804000 episodes=10008 eps=0.050 replay= 39936 loss=0.00001 ext100=0.000 total100=0.030
[train] 69:45:56<75:23:52, 0.052s/step step= 4806000 episodes=10012 eps=0.050 replay= 39936 loss=0.00000 ext100=0.000 total100=0.031
[train] 69:47:39<75:22:06, 0.052s/step step= 4808000 episodes=10016 eps=0.050 replay= 39936 loss=0.00000 ext100=0.000 total100=0.032
[train] 69:49:22<75:20:21, 0.052s/step step= 4810000 episodes=10020 eps=0.050 replay= 39936 loss=0.00001 ext100=0.000 total100=0.032
[train] 69:51:07<75:18:36, 0.052s/step step= 4812000 episodes=10025 eps=0.050 replay= 39936 loss=0.00001 ext100=0.000 total100=0.031
[train] 69:52:50<75:16:51, 0.052s/step step= 4814000 episodes=10029 eps=0.050 replay= 39936 loss=0.00001 ext100=0.000 total100=0.031
[train] 69:54:34<75:15:05, 0.052s/step step= 4816000 episodes=10033 eps=0.050 replay= 39936 loss=0.00000 ext100=0.000 total100=0.031
[train] 69:56:18<75:13:20, 0.052s/step step= 4818000 episodes=10037 eps=0.050 replay= 39936 loss=0.00002 ext100=0.000 total100=0.031
[eval] step=4820000 episodes=10041 mean_ext_return=0.000
[train] 69:58:18<75:11:52, 0.052s/step step= 4820000 episodes=10041 eps=0.050 replay= 39936 loss=0.00001 ext100=0.000 total100=0.031
[train] 70:00:01<75:10:05, 0.052s/step step= 4822000 episodes=10045 eps=0.050 replay= 39936 loss=0.00000 ext100=0.000 total100=0.031
[train] 70:01:44<75:08:20, 0.052s/step step= 4824000 episodes=10050 eps=0.050 replay= 39936 loss=0.00000 ext100=0.000 total100=0.031
[train] 70:03:28<75:06:34, 0.052s/step step= 4826000 episodes=10054 eps=0.050 replay= 39936 loss=0.00001 ext100=0.000 total100=0.033
[train] 70:05:11<75:04:48, 0.052s/step step= 4828000 episodes=10058 eps=0.050 replay= 39936 loss=0.00000 ext100=0.000 total100=0.032
[train] 70:06:54<75:03:03, 0.052s/step step= 4830000 episodes=10062 eps=0.050 replay= 39936 loss=0.00000 ext100=0.000 total100=0.033
[train] 70:08:38<75:01:18, 0.052s/step step= 4832000 episodes=10066 eps=0.050 replay= 39936 loss=0.00000 ext100=0.000 total100=0.034
[train] 70:10:23<74:59:33, 0.052s/step step= 4834000 episodes=10070 eps=0.050 replay= 39936 loss=0.00001 ext100=0.000 total100=0.034
[train] 70:12:06<74:57:47, 0.052s/step step= 4836000 episodes=10075 eps=0.050 replay= 39936 loss=0.00000 ext100=0.000 total100=0.034
[train] 70:13:50<74:56:02, 0.052s/step step= 4838000 episodes=10079 eps=0.050 replay= 39936 loss=0.00000 ext100=0.000 total100=0.033
[eval] step=4840000 episodes=10083 mean_ext_return=0.000
[train] 70:15:50<74:54:34, 0.052s/step step= 4840000 episodes=10083 eps=0.050 replay= 39936 loss=0.00000 ext100=0.000 total100=0.034
[train] 70:17:33<74:52:48, 0.052s/step step= 4842000 episodes=10087 eps=0.050 replay= 39936 loss=0.00000 ext100=0.000 total100=0.034
[train] 70:19:16<74:51:02, 0.052s/step step= 4844000 episodes=10091 eps=0.050 replay= 39936 loss=0.00000 ext100=0.000 total100=0.034
[train] 70:21:00<74:49:17, 0.052s/step step= 4846000 episodes=10095 eps=0.050 replay= 39936 loss=0.00000 ext100=0.000 total100=0.034
[train] 70:22:43<74:47:30, 0.052s/step step= 4848000 episodes=10100 eps=0.050 replay= 39936 loss=0.00000 ext100=0.000 total100=0.034
[train] 70:24:27<74:45:45, 0.052s/step step= 4850000 episodes=10104 eps=0.050 replay= 39936 loss=0.00001 ext100=0.000 total100=0.033
[train] 70:26:11<74:44:00, 0.052s/step step= 4852000 episodes=10108 eps=0.050 replay= 39936 loss=0.00000 ext100=0.000 total100=0.034
[train] 70:27:55<74:42:15, 0.052s/step step= 4854000 episodes=10112 eps=0.050 replay= 39936 loss=0.00001 ext100=0.000 total100=0.034
[train] 70:29:38<74:40:29, 0.052s/step step= 4856000 episodes=10116 eps=0.050 replay= 39936 loss=0.00000 ext100=0.000 total100=0.033
[train] 70:31:22<74:38:44, 0.052s/step step= 4858000 episodes=10120 eps=0.050 replay= 39936 loss=0.00001 ext100=0.000 total100=0.033
[eval] step=4860000 episodes=10125 mean_ext_return=0.000
[train] 70:33:22<74:37:16, 0.052s/step step= 4860000 episodes=10125 eps=0.050 replay= 39936 loss=0.00001 ext100=0.000 total100=0.034
[train] 70:35:05<74:35:30, 0.052s/step step= 4862000 episodes=10129 eps=0.050 replay= 39936 loss=0.00001 ext100=0.000 total100=0.034
[train] 70:36:48<74:33:44, 0.052s/step step= 4864000 episodes=10133 eps=0.050 replay= 39936 loss=0.00000 ext100=0.000 total100=0.034
[train] 70:38:32<74:31:59, 0.052s/step step= 4866000 episodes=10137 eps=0.050 replay= 39936 loss=0.00000 ext100=0.000 total100=0.034
[train] 70:40:15<74:30:13, 0.052s/step step= 4868000 episodes=10141 eps=0.050 replay= 39936 loss=0.00000 ext100=0.000 total100=0.034
[train] 70:41:59<74:28:27, 0.052s/step step= 4870000 episodes=10145 eps=0.050 replay= 39936 loss=0.00000 ext100=0.000 total100=0.034
[train] 70:43:43<74:26:42, 0.052s/step step= 4872000 episodes=10150 eps=0.050 replay= 39936 loss=0.00000 ext100=0.000 total100=0.033
[train] 70:45:27<74:24:57, 0.052s/step step= 4874000 episodes=10154 eps=0.050 replay= 39936 loss=0.00001 ext100=0.000 total100=0.032
[train] 70:47:10<74:23:11, 0.052s/step step= 4876000 episodes=10158 eps=0.050 replay= 39936 loss=0.00000 ext100=0.000 total100=0.032
[train] 70:48:54<74:21:26, 0.052s/step step= 4878000 episodes=10162 eps=0.050 replay= 39936 loss=0.00000 ext100=0.000 total100=0.031
[eval] step=4880000 episodes=10166 mean_ext_return=0.000
[train] 70:50:54<74:19:58, 0.052s/step step= 4880000 episodes=10166 eps=0.050 replay= 39936 loss=0.00000 ext100=0.000 total100=0.029
[train] 70:52:37<74:18:12, 0.052s/step step= 4882000 episodes=10170 eps=0.050 replay= 39936 loss=0.00001 ext100=0.000 total100=0.030
[train] 70:54:20<74:16:26, 0.052s/step step= 4884000 episodes=10175 eps=0.050 replay= 39936 loss=0.00001 ext100=0.000 total100=0.029
[train] 70:56:04<74:14:41, 0.052s/step step= 4886000 episodes=10179 eps=0.050 replay= 39936 loss=0.00001 ext100=0.000 total100=0.028
[train] 70:57:47<74:12:55, 0.052s/step step= 4888000 episodes=10183 eps=0.050 replay= 39936 loss=0.00000 ext100=0.000 total100=0.027
[train] 70:59:31<74:11:09, 0.052s/step step= 4890000 episodes=10187 eps=0.050 replay= 39936 loss=0.00001 ext100=0.000 total100=0.027
[train] 71:01:15<74:09:24, 0.052s/step step= 4892000 episodes=10191 eps=0.050 replay= 39936 loss=0.00000 ext100=0.000 total100=0.027
[train] 71:02:59<74:07:39, 0.052s/step step= 4894000 episodes=10195 eps=0.050 replay= 39936 loss=0.00000 ext100=0.000 total100=0.027
[train] 71:04:43<74:05:53, 0.052s/step step= 4896000 episodes=10200 eps=0.050 replay= 39936 loss=0.00001 ext100=0.000 total100=0.028
[train] 71:06:27<74:04:08, 0.052s/step step= 4898000 episodes=10204 eps=0.050 replay= 39936 loss=0.00001 ext100=0.000 total100=0.028
[eval] step=4900000 episodes=10208 mean_ext_return=0.000
[train] 71:08:26<74:02:39, 0.052s/step step= 4900000 episodes=10208 eps=0.050 replay= 39936 loss=0.00000 ext100=0.000 total100=0.028
[train] 71:10:09<74:00:54, 0.052s/step step= 4902000 episodes=10212 eps=0.050 replay= 39936 loss=0.00000 ext100=0.000 total100=0.028
[train] 71:11:53<73:59:08, 0.052s/step step= 4904000 episodes=10216 eps=0.050 replay= 39936 loss=0.00000 ext100=0.000 total100=0.028
[train] 71:13:37<73:57:23, 0.052s/step step= 4906000 episodes=10220 eps=0.050 replay= 39936 loss=0.00001 ext100=0.000 total100=0.027
[train] 71:15:20<73:55:37, 0.052s/step step= 4908000 episodes=10225 eps=0.050 replay= 39936 loss=0.00001 ext100=0.000 total100=0.027
[train] 71:17:03<73:53:51, 0.052s/step step= 4910000 episodes=10229 eps=0.050 replay= 39936 loss=0.00000 ext100=0.000 total100=0.027
[train] 71:18:47<73:52:06, 0.052s/step step= 4912000 episodes=10233 eps=0.050 replay= 39936 loss=0.00001 ext100=0.000 total100=0.027
[train] 71:20:31<73:50:21, 0.052s/step step= 4914000 episodes=10237 eps=0.050 replay= 39936 loss=0.00001 ext100=0.000 total100=0.028
[train] 71:22:15<73:48:35, 0.052s/step step= 4916000 episodes=10241 eps=0.050 replay= 39936 loss=0.00000 ext100=0.000 total100=0.027
[train] 71:23:59<73:46:50, 0.052s/step step= 4918000 episodes=10245 eps=0.050 replay= 39936 loss=0.00001 ext100=0.000 total100=0.027
[eval] step=4920000 episodes=10250 mean_ext_return=0.000
[train] 71:25:58<73:45:21, 0.052s/step step= 4920000 episodes=10250 eps=0.050 replay= 39936 loss=0.00000 ext100=0.000 total100=0.027
[train] 71:27:42<73:43:35, 0.052s/step step= 4922000 episodes=10254 eps=0.050 replay= 39936 loss=0.00001 ext100=0.000 total100=0.028
[train] 71:29:25<73:41:50, 0.052s/step step= 4924000 episodes=10258 eps=0.050 replay= 39936 loss=0.00000 ext100=0.000 total100=0.028
[train] 71:31:09<73:40:04, 0.052s/step step= 4926000 episodes=10262 eps=0.050 replay= 39936 loss=0.00001 ext100=0.000 total100=0.028
[train] 71:32:52<73:38:18, 0.052s/step step= 4928000 episodes=10266 eps=0.050 replay= 39936 loss=0.00000 ext100=0.000 total100=0.027
[train] 71:34:35<73:36:33, 0.052s/step step= 4930000 episodes=10270 eps=0.050 replay= 39936 loss=0.00001 ext100=0.000 total100=0.026
[train] 71:36:20<73:34:48, 0.052s/step step= 4932000 episodes=10275 eps=0.050 replay= 39936 loss=0.00000 ext100=0.000 total100=0.026
[train] 71:38:04<73:33:03, 0.052s/step step= 4934000 episodes=10279 eps=0.050 replay= 39936 loss=0.00000 ext100=0.000 total100=0.028
[train] 71:39:47<73:31:17, 0.052s/step step= 4936000 episodes=10283 eps=0.050 replay= 39936 loss=0.00001 ext100=0.000 total100=0.027
[train] 71:41:31<73:29:32, 0.052s/step step= 4938000 episodes=10287 eps=0.050 replay= 39936 loss=0.00001 ext100=0.000 total100=0.027
[eval] step=4940000 episodes=10291 mean_ext_return=0.000
[train] 71:43:30<73:28:03, 0.052s/step step= 4940000 episodes=10291 eps=0.050 replay= 39936 loss=0.00000 ext100=0.000 total100=0.026
[train] 71:45:14<73:26:17, 0.052s/step step= 4942000 episodes=10295 eps=0.050 replay= 39936 loss=0.00000 ext100=0.000 total100=0.026
[train] 71:46:57<73:24:31, 0.052s/step step= 4944000 episodes=10300 eps=0.050 replay= 39936 loss=0.00000 ext100=0.000 total100=0.026
[train] 71:48:41<73:22:46, 0.052s/step step= 4946000 episodes=10304 eps=0.050 replay= 39936 loss=0.00001 ext100=0.000 total100=0.027
[train] 71:50:24<73:21:00, 0.052s/step step= 4948000 episodes=10308 eps=0.050 replay= 39936 loss=0.00000 ext100=0.000 total100=0.027
[train] 71:52:07<73:19:14, 0.052s/step step= 4950000 episodes=10312 eps=0.050 replay= 39936 loss=0.00000 ext100=0.000 total100=0.028
[train] 71:53:51<73:17:29, 0.052s/step step= 4952000 episodes=10316 eps=0.050 replay= 39936 loss=0.00000 ext100=0.000 total100=0.028
[train] 71:55:35<73:15:44, 0.052s/step step= 4954000 episodes=10320 eps=0.050 replay= 39936 loss=0.00001 ext100=0.000 total100=0.028
[train] 71:57:19<73:13:58, 0.052s/step step= 4956000 episodes=10325 eps=0.050 replay= 39936 loss=0.00001 ext100=0.000 total100=0.029
[train] 71:59:03<73:12:13, 0.052s/step step= 4958000 episodes=10329 eps=0.050 replay= 39936 loss=0.00000 ext100=0.000 total100=0.029
[eval] step=4960000 episodes=10333 mean_ext_return=0.000
[train] 72:01:02<73:10:44, 0.052s/step step= 4960000 episodes=10333 eps=0.050 replay= 39936 loss=0.00000 ext100=0.000 total100=0.029
[train] 72:02:45<73:08:58, 0.052s/step step= 4962000 episodes=10337 eps=0.050 replay= 39936 loss=0.00001 ext100=0.000 total100=0.029
[train] 72:04:29<73:07:12, 0.052s/step step= 4964000 episodes=10341 eps=0.050 replay= 39936 loss=0.00000 ext100=0.000 total100=0.029
[train] 72:06:13<73:05:27, 0.052s/step step= 4966000 episodes=10345 eps=0.050 replay= 39936 loss=0.00000 ext100=0.000 total100=0.028
[train] 72:07:56<73:03:41, 0.052s/step step= 4968000 episodes=10350 eps=0.050 replay= 39936 loss=0.00000 ext100=0.000 total100=0.028
[train] 72:09:39<73:01:55, 0.052s/step step= 4970000 episodes=10354 eps=0.050 replay= 39936 loss=0.00000 ext100=0.000 total100=0.029
[train] 72:11:23<73:00:10, 0.052s/step step= 4972000 episodes=10358 eps=0.050 replay= 39936 loss=0.00000 ext100=0.000 total100=0.029
[train] 72:13:07<72:58:25, 0.052s/step step= 4974000 episodes=10362 eps=0.050 replay= 39936 loss=0.00000 ext100=0.000 total100=0.029
[train] 72:14:51<72:56:40, 0.052s/step step= 4976000 episodes=10366 eps=0.050 replay= 39936 loss=0.00000 ext100=0.000 total100=0.032
[train] 72:16:35<72:54:55, 0.052s/step step= 4978000 episodes=10370 eps=0.050 replay= 39936 loss=0.00001 ext100=0.000 total100=0.033
[eval] step=4980000 episodes=10375 mean_ext_return=0.000
[train] 72:18:34<72:53:25, 0.052s/step step= 4980000 episodes=10375 eps=0.050 replay= 39936 loss=0.00001 ext100=0.000 total100=0.033
[train] 72:20:17<72:51:39, 0.052s/step step= 4982000 episodes=10379 eps=0.050 replay= 39936 loss=0.00001 ext100=0.000 total100=0.033
[train] 72:22:00<72:49:53, 0.052s/step step= 4984000 episodes=10383 eps=0.050 replay= 39936 loss=0.00001 ext100=0.000 total100=0.032
[train] 72:23:44<72:48:08, 0.052s/step step= 4986000 episodes=10387 eps=0.050 replay= 39936 loss=0.00000 ext100=0.000 total100=0.031
[train] 72:25:27<72:46:22, 0.052s/step step= 4988000 episodes=10391 eps=0.050 replay= 39936 loss=0.00001 ext100=0.000 total100=0.032
[train] 72:27:11<72:44:36, 0.052s/step step= 4990000 episodes=10395 eps=0.050 replay= 39936 loss=0.00000 ext100=0.000 total100=0.032
[train] 72:28:55<72:42:51, 0.052s/step step= 4992000 episodes=10400 eps=0.050 replay= 39936 loss=0.00000 ext100=0.000 total100=0.033
[train] 72:30:39<72:41:06, 0.052s/step step= 4994000 episodes=10404 eps=0.050 replay= 39936 loss=0.00001 ext100=0.000 total100=0.032
[train] 72:32:23<72:39:21, 0.052s/step step= 4996000 episodes=10408 eps=0.050 replay= 39936 loss=0.00001 ext100=0.000 total100=0.032
[train] 72:34:07<72:37:36, 0.052s/step step= 4998000 episodes=10412 eps=0.050 replay= 39936 loss=0.00000 ext100=0.000 total100=0.032
[eval] step=5000000 episodes=10416 mean_ext_return=0.000
[train] 72:36:06<72:36:06, 0.052s/step step= 5000000 episodes=10416 eps=0.050 replay= 39936 loss=0.00001 ext100=0.000 total100=0.032
[train] 72:37:50<72:34:20, 0.052s/step step= 5002000 episodes=10420 eps=0.050 replay= 39936 loss=0.00001 ext100=0.000 total100=0.032
[train] 72:39:33<72:32:35, 0.052s/step step= 5004000 episodes=10425 eps=0.050 replay= 39936 loss=0.00000 ext100=0.000 total100=0.031
[train] 72:41:17<72:30:49, 0.052s/step step= 5006000 episodes=10429 eps=0.050 replay= 39936 loss=0.00000 ext100=0.000 total100=0.031
[train] 72:43:00<72:29:03, 0.052s/step step= 5008000 episodes=10433 eps=0.050 replay= 39936 loss=0.00000 ext100=0.000 total100=0.030
[train] 72:44:44<72:27:18, 0.052s/step step= 5010000 episodes=10437 eps=0.050 replay= 39936 loss=0.00001 ext100=0.000 total100=0.032
[train] 72:46:28<72:25:33, 0.052s/step step= 5012000 episodes=10441 eps=0.050 replay= 39936 loss=0.00001 ext100=0.000 total100=0.032
