0,5.977777481079102
1,11.932204246520996
2,5.740113735198975
3,8.834168434143066
4,8.432159423828125
5,7.471105098724365
6,8.13065242767334
7,6.156944751739502
8,9.85555648803711
9,7.317837715148926
10,6.412059783935547
11,9.866666793823242
12,8.177966117858887
13,6.655556678771973
14,7.3541669845581055
15,5.918341159820557
16,7.205554962158203
17,10.158191680908203
18,7.9974870681762695
19,8.178391456604004
20,6.167498588562012
21,8.180903434753418
22,7.122222900390625
23,10.209797859191895
24,6.580000400543213
25,9.1959810256958
26,9.700000762939453
27,5.888889312744141
28,9.480001449584961
29,6.222222805023193
30,6.3111114501953125
31,5.301389217376709
32,6.1005024909973145
33,5.854520797729492
34,8.588983535766602
35,7.160000801086426
36,6.479898929595947
37,8.824118614196777
38,6.061249256134033
39,5.581920623779297
40,6.497175693511963
41,9.877777099609375
42,7.062147617340088
43,5.69849157333374
44,7.785174369812012
45,5.288889408111572
46,6.217499256134033
47,7.558333396911621
48,7.333333492279053
49,10.686248779296875
50,7.073447227478027
51,6.145833492279053
52,7.555556297302246
53,6.859999656677246
54,5.481945037841797
55,6.739948272705078
56,7.476389408111572
57,7.245833396911621
58,6.888890266418457
59,10.655367851257324
60,6.9359283447265625
61,5.177778244018555
62,8.350282669067383
63,6.508474826812744
64,7.994444370269775
65,5.747175216674805
66,5.570622444152832
67,7.82909631729126
68,8.28894329071045
69,5.7937846183776855
70,6.101695537567139
71,8.293785095214844
72,5.718926429748535
73,9.622222900390625
74,8.180904388427734
75,4.25879430770874
76,5.941250801086426
77,6.2901997566223145
78,7.54027795791626
79,5.316384315490723
80,7.932203769683838
81,8.663315773010254
82,6.944444179534912
83,12.162060737609863
84,6.955557346343994
85,8.022599220275879
86,8.305085182189941
87,6.2951979637146
88,7.491524696350098
89,7.035175323486328
90,8.32160758972168
91,8.768362045288086
92,10.135592460632324
93,5.988701343536377
94,7.929647922515869
95,7.8728814125061035
96,6.224999904632568
97,7.377118110656738
98,6.4422101974487305
99,5.830555438995361
100,6.501389503479004
101,7.005649566650391
102,5.739999771118164
103,8.809322357177734
104,9.603106498718262
105,7.822221279144287
106,7.444445610046387
107,8.38841724395752
108,7.015074729919434
109,6.169445514678955
110,9.073445320129395
111,5.511299133300781
112,8.757061958312988
113,9.326632499694824
114,6.7699995040893555
115,7.796608924865723
116,6.135592937469482
117,7.498588562011719
118,5.540201187133789
119,6.577500343322754
120,7.435029029846191
121,7.599999904632568
122,7.922109127044678
123,7.059322357177734
124,8.55694580078125
125,6.837571144104004
126,9.477400779724121
127,7.231637477874756
128,8.99000072479248
129,5.930555820465088
130,8.338984489440918
131,6.655556678771973
132,6.84250020980835
133,7.6384172439575195
134,6.519444942474365
135,6.779660224914551
136,6.740277290344238
137,7.570622444152832
138,6.282485485076904
139,7.088889122009277
140,6.1236114501953125
141,7.533333778381348
142,6.217513561248779
143,7.500000953674316
144,7.977776527404785
145,7.705556392669678
146,7.4574995040893555
147,5.965278148651123
148,7.409605503082275
149,7.301390171051025
150,6.230226516723633
151,9.177776336669922
152,6.122221946716309
153,5.682499408721924
154,8.0
155,9.144445419311523
156,6.23472261428833
157,7.750000953674316
158,8.633333206176758
159,7.159999847412109
160,6.391958713531494
161,7.288888454437256
162,6.255555152893066
163,5.302259922027588
164,7.326272010803223
165,7.0169501304626465
166,9.7401123046875
167,8.259888648986816
168,8.77750015258789
169,8.598869323730469
170,11.444439888000488
171,9.124371528625488
172,6.206944942474365
173,6.963888645172119
174,8.61016845703125
175,7.424623012542725
176,5.588889122009277
177,7.569999694824219
178,11.943504333496094
179,6.509722709655762
180,7.830510139465332
181,5.251413345336914
182,8.074856758117676
183,7.989948272705078
184,6.747175693511963
185,9.559324264526367
186,6.737287998199463
187,6.146893501281738
188,7.556530952453613
189,11.622222900390625
190,7.16384220123291
191,6.338983535766602
192,9.467337608337402
193,6.158290386199951
194,6.87005615234375
195,7.08898401260376
196,8.381250381469727
197,7.717514991760254
180,7.188889503479004
181,7.4242424964904785
182,6.765277862548828
183,6.699175834655762
184,8.05555534362793
185,7.500000953674316
186,7.5384626388549805
187,5.010102272033691
188,6.34066104888916
189,8.414835929870605
190,12.466665267944336
191,7.030556678771973
192,6.820054531097412
193,6.802199363708496
194,6.881312370300293
195,9.55555534362793
196,6.545331001281738
197,6.818182468414307
198,6.1994948387146
199,7.898989200592041
200,6.493686676025391
201,5.258838653564453
202,6.71944522857666
203,9.606059074401855
204,8.13736343383789
205,7.39166784286499
206,6.76767635345459
207,6.418055534362793
208,7.070706367492676
209,8.866667747497559
210,6.785715579986572
211,7.586111545562744
212,8.990276336669922
213,6.252748489379883
214,9.396979331970215
215,5.955807685852051
216,5.981944561004639
217,5.777778148651123
218,6.5208330154418945
219,5.501262664794922
220,7.204672336578369
221,6.282827377319336
222,7.376263618469238
223,5.616162300109863
224,10.634721755981445
225,6.2929301261901855
226,7.878788948059082
227,7.4175825119018555
228,6.400000095367432
229,5.848902702331543
230,6.891413688659668
231,6.252747535705566
232,6.878787040710449
233,6.857144832611084
234,5.58750057220459
235,6.4040398597717285
236,7.345834255218506
237,5.8699493408203125
238,7.111112117767334
239,7.349747657775879
240,6.24038553237915
241,7.833333492279053
242,8.549450874328613
243,5.536616325378418
244,5.76767635345459
245,6.922979831695557
246,6.618055820465088
247,6.137499809265137
248,6.033332347869873
249,9.366666793823242
250,5.743056297302246
251,8.625
252,8.573232650756836
253,7.659722328186035
254,6.909090995788574
255,4.888889312744141
256,8.122222900390625
257,5.4949493408203125
258,7.2888898849487305
259,11.979801177978516
260,7.736111640930176
261,7.53661584854126
262,5.955554962158203
263,11.159088134765625
264,8.199999809265137
265,11.211112022399902
266,8.010990142822266
267,12.33104419708252
268,7.569445610046387
269,7.455809116363525
270,11.886360168457031
271,5.108585834503174
272,7.939393520355225
273,5.7142863273620605
274,6.364013195037842
275,8.141412734985352
276,6.191918849945068
277,6.141414165496826
278,9.707071304321289
279,6.1578288078308105
280,6.800000190734863
281,7.8680548667907715
282,7.277778625488281
283,6.1638898849487305
284,10.450551986694336
285,6.090278625488281
286,9.030305862426758
287,7.208791255950928
288,5.777777671813965
289,6.228535175323486
290,8.891483306884766
291,7.243132591247559
292,7.6758246421813965
293,6.522222995758057
294,6.630555152893066
295,4.634722709655762
296,6.484849452972412
297,6.84444522857666
298,8.577776908874512
299,9.077019691467285
300,9.001374244689941
301,8.350274085998535
302,9.354166030883789
303,7.362639427185059
304,7.065934181213379
305,5.906593322753906
306,6.777779579162598
307,6.944444179534912
308,8.966665267944336
309,8.131311416625977
310,7.191918849945068
311,5.300000190734863
312,7.122221946716309
313,10.888887405395508
314,6.848485469818115
315,6.7600998878479
316,6.496212959289551
317,7.538461208343506
318,8.454545974731445
319,7.28787899017334
320,7.090278625488281
321,4.979798316955566
322,7.213889122009277
323,8.914835929870605
324,9.301769256591797
325,5.959596633911133
326,8.09090805053711
327,6.474747657775879
328,7.008333683013916
329,7.780220031738281
330,8.43956184387207
331,5.666666507720947
332,7.9444451332092285
333,9.364011764526367
334,9.30219841003418
335,6.151514530181885
336,7.323612213134766
337,7.2967047691345215
338,10.89999771118164
339,7.406593322753906
340,6.91287899017334
341,7.5757575035095215
342,7.366666316986084
343,8.848484992980957
344,6.828282356262207
345,7.304947853088379
346,5.9267683029174805
347,7.1791672706604
348,8.242423057556152
349,7.828282356262207
350,7.203282833099365
351,13.252519607543945
352,6.725274562835693
353,7.747474670410156
354,7.303029537200928
355,5.111111164093018
356,7.76923131942749
357,8.77651309967041
358,8.527474403381348
359,8.263888359069824
360,6.8090667724609375
361,7.133333683013916
362,6.008838176727295
363,6.227778911590576
364,6.928029537200928
365,7.209595680236816
366,6.809721946716309
367,6.142857551574707
368,6.472527980804443
369,6.599999904632568
370,5.218407154083252
371,5.9886369705200195
372,5.977777481079102
373,8.290276527404785
374,9.444443702697754
375,6.722222328186035
376,6.414140224456787
377,5.3194451332092285
378,8.833332061767578
379,5.967171669006348
380,8.141667366027832
381,6.929291725158691
382,6.959596157073975
383,6.911111354827881
384,5.452020645141602
385,6.97979736328125
386,10.277776718139648
387,7.255555629730225
388,8.01111125946045
389,6.744444370269775
390,8.033333778381348
391,6.077777862548828
392,6.699999809265137
393,7.675504207611084
394,5.4444451332092285
395,9.80138874053955
396,7.796716213226318
397,6.988889217376709
398,5.484848976135254
399,6.417583465576172
400,6.7386369705200195
401,8.669191360473633
402,7.533333778381348
403,6.455809116363525
404,8.967033386230469
405,7.841667175292969
406,8.84596061706543
407,6.131944179534912
408,7.6861114501953125
409,8.212122917175293
410,7.965659141540527
411,7.878787040710449
412,8.260101318359375
413,6.555555820465088
414,7.070706367492676
415,7.758242607116699
416,7.4222211837768555
417,6.436814308166504
418,7.766667366027832
419,6.142858028411865
420,7.717034816741943
421,7.387362480163574
422,5.838383197784424
423,6.020203113555908
424,7.188889503479004
425,6.7032976150512695
426,6.8901519775390625
427,6.611111640930176
428,4.5492424964904785
429,7.202776908874512
430,7.737371921539307
431,8.823612213134766
432,7.947221279144287
433,5.719696998596191
434,5.637626647949219
435,9.144444465637207
436,10.664140701293945
437,11.47253131866455
438,8.516483306884766
439,8.137626647949219
440,7.535714626312256
441,7.027474403381348
442,6.281565189361572
443,6.055555820465088
444,8.44861125946045
445,7.39560604095459
446,6.565655708312988
447,6.510988712310791
448,6.921704292297363
449,7.019232273101807
450,6.559721946716309
451,7.000000953674316
452,8.813186645507812
453,6.325758457183838
454,6.364011287689209
455,6.71944522857666
456,6.296703815460205
457,7.577019691467285
458,8.946967124938965
459,5.291666507720947
460,7.802198886871338
461,5.919191837310791
462,8.239898681640625
463,6.6936821937561035
464,7.472222328186035
465,8.555556297302246
466,5.503787994384766
467,7.472529411315918
468,9.560442924499512
469,7.172980308532715
470,8.958791732788086
471,5.9040398597717285
472,15.622222900390625
473,6.9902777671813965
474,5.645202159881592
475,5.375
476,8.766483306884766
477,9.222220420837402
478,6.6666669845581055
479,10.24176025390625
480,6.611111640930176
481,5.090908527374268
482,11.637364387512207
483,8.868687629699707
484,7.858586311340332
485,6.1936821937561035
486,5.848484516143799
487,7.02222204208374
488,9.84615421295166
489,7.8666672706604
490,7.737374782562256
491,6.6464643478393555
492,8.13194465637207
493,5.668956279754639
494,7.97979736328125
495,5.329670429229736
496,9.63333511352539
497,6.868689060211182
498,4.4875006675720215
499,6.285715579986572
500,9.560440063476562
501,5.7550506591796875
502,7.202020168304443
503,9.969781875610352
504,9.881311416625977
505,8.493131637573242
506,6.5858588218688965
507,7.6785712242126465
508,9.222222328186035
509,6.676767826080322
510,6.808081150054932
511,6.443681240081787
512,7.027777671813965
513,11.777471542358398
514,6.911111354827881
515,9.40694522857666
516,6.396978378295898
517,6.818055629730225
518,7.361264705657959
519,6.5353546142578125
520,7.031594753265381
521,7.561869144439697
522,7.379166603088379
523,5.687500476837158
524,5.626373767852783
525,8.646464347839355
526,9.559065818786621
527,8.516484260559082
528,9.455808639526367
529,12.241759300231934
530,6.039141654968262
531,6.933333396911621
532,7.637628078460693
533,7.411111354827881
534,9.439562797546387
535,9.666666984558105
536,8.18055534362793
537,8.91919231414795
538,9.348902702331543
539,6.033334255218506
540,4.97979736328125
541,6.5824174880981445
542,6.262626647949219
543,5.579545497894287
544,7.244444370269775
545,9.076923370361328
546,8.44444465637207
547,7.141413688659668
548,7.388888359069824
549,7.945055961608887
550,6.846154689788818
551,6.733333587646484
552,7.696969032287598
553,7.8208327293396
554,5.392676830291748
555,6.208333969116211
556,6.87777853012085
557,9.143939018249512
558,8.959595680236816
559,7.989899635314941
560,6.3214287757873535
561,6.571429252624512
562,6.6565656661987305
563,5.026515483856201
564,7.4505510330200195
565,6.785353183746338
566,7.250000953674316
567,5.993687152862549
568,8.010990142822266
569,7.501374244689941
570,7.242422580718994
571,7.032968044281006
572,6.107142925262451
573,8.858587265014648
574,10.30769157409668
575,5.779040813446045
576,6.5521979331970215
577,10.789834976196289
578,6.349747180938721
579,7.615384578704834
580,6.939393520355225
581,5.670329570770264
582,9.944443702697754
583,8.822222709655762
584,8.780220985412598
585,4.933333873748779
586,6.226009845733643
587,9.043956756591797
588,7.010991096496582
589,7.121212959289551
590,8.021978378295898
591,8.006868362426758
592,6.433333396911621
593,9.121210098266602
594,5.3535356521606445
595,6.020203113555908
596,7.6923089027404785
597,5.863636493682861
598,8.365384101867676
599,8.571429252624512
600,6.646466255187988
601,8.505049705505371
602,13.547221183776855
603,8.767677307128906
604,7.543055057525635
605,10.933335304260254
606,6.8305559158325195
607,6.078297138214111
608,10.800000190734863
609,5.911110877990723
610,7.306817531585693
611,8.824175834655762
612,5.483517646789551
613,7.888890266418457
614,9.64898681640625
615,7.733333587646484
616,5.616161823272705
617,9.2333345413208
618,8.747474670410156
619,8.28888988494873
620,7.0444440841674805
621,6.464646339416504
622,6.410714149475098
623,7.211110591888428
624,9.579545021057129
625,7.404038906097412
626,6.444443702697754
627,6.191918849945068
628,6.722222328186035
629,7.296704292297363
630,8.13636302947998
631,8.428572654724121
632,9.01111125946045
633,9.940937995910645
634,7.4505486488342285
635,7.428572177886963
636,7.666668891906738
637,7.737373352050781
638,7.606062412261963
639,9.686868667602539
640,6.630555629730225
641,6.737500190734863
642,5.751389980316162
643,5.9436821937561035
644,7.907828330993652
645,7.901515007019043
646,9.208791732788086
647,6.233334064483643
648,8.815655708312988
649,6.222222805023193
650,8.13131332397461
651,8.533333778381348
652,8.22939682006836
653,10.09890079498291
654,6.406595706939697
655,5.2815656661987305
656,5.474747180938721
657,7.547980308532715
658,7.012498378753662
659,6.603533744812012
660,8.703298568725586
661,5.755495071411133
662,10.114898681640625
663,7.041667938232422
664,5.989898681640625
665,6.444444179534912
666,8.44444465637207
667,6.727272987365723
668,6.58750057220459
669,6.3819451332092285
670,7.032967567443848
671,6.454167366027832
672,9.466669082641602
673,6.044191837310791
674,7.552197456359863
675,6.114898204803467
676,8.333332061767578
677,6.266667366027832
678,6.420833587646484
679,7.4519243240356445
680,7.866667747497559
681,7.757575035095215
682,6.314560890197754
683,10.815656661987305
684,5.431944370269775
685,10.525252342224121
686,7.97979736328125
687,7.956045627593994
688,7.595959663391113
689,6.688889503479004
690,7.444444179534912
691,7.535353660583496
692,6.043956756591797
693,7.97777795791626
694,7.580554008483887
695,5.538461685180664
696,7.559065818786621
697,5.563131332397461
698,5.941667079925537
699,5.94444465637207
700,7.520833492279053
701,5.362637519836426
702,6.252747535705566
703,9.111112594604492
704,6.705807685852051
705,6.46250057220459
706,4.882575511932373
707,7.09752893447876
708,6.484848976135254
709,7.4555559158325195
710,6.964285850524902
711,6.6991777420043945
712,9.266666412353516
713,6.744444370269775
714,8.119444847106934
715,5.266666412353516
716,4.770604610443115
717,7.4916672706604
718,5.945834159851074
719,5.929292678833008
720,7.488888740539551
721,6.515151023864746
722,6.461538791656494
723,8.835164070129395
724,7.320055961608887
725,7.616161346435547
726,7.080807685852051
727,7.011364936828613
728,6.07070779800415
729,8.905302047729492
730,8.241761207580566
731,13.166208267211914
732,5.8131866455078125
733,6.966666221618652
734,9.931943893432617
735,6.717171669006348
736,6.923077583312988
737,8.278846740722656
738,7.058080196380615
739,8.595958709716797
740,7.6263747215271
741,8.450550079345703
742,8.186814308166504
743,6.9527788162231445
744,7.725275993347168
745,7.656564235687256
746,7.125001430511475
747,6.780220985412598
748,6.945055961608887
749,11.166666984558105
750,5.5013885498046875
751,7.788888454437256
752,7.395604133605957
753,8.656564712524414
754,5.832417011260986
755,8.714286804199219
756,5.977778434753418
757,8.026389122009277
758,7.841668128967285
759,6.766667366027832
760,8.383837699890137
761,7.311110496520996
762,6.065934181213379
763,7.060606479644775
764,8.792582511901855
765,7.582417964935303
766,8.80000114440918
767,6.373626708984375
768,6.188187122344971
769,7.766667366027832
770,6.757575035095215
771,9.32005786895752
772,6.6694440841674805
773,6.308081150054932
774,8.967034339904785
775,5.969696044921875
776,8.377778053283691
777,7.544442653656006
778,6.068056106567383
779,4.80219841003418
780,7.505049705505371
781,5.636363506317139
782,6.100000381469727
783,5.545454978942871
784,8.20329761505127
785,5.607142925262451
786,9.404037475585938
787,6.603533744812012
788,5.6666669845581055
789,8.313130378723145
790,12.399726867675781
791,7.836539268493652
792,6.343433856964111
793,6.391415119171143
794,8.117424011230469
795,7.151516914367676
796,7.21944522857666
797,7.633837699890137
798,8.272727012634277
799,8.333333015441895
800,5.384615421295166
801,8.980769157409668
802,10.252747535705566
803,7.800000190734863
804,5.949495315551758
805,8.348609924316406
806,6.688889503479004
807,6.186814308166504
808,6.834723472595215
809,10.911110877990723
810,7.83472204208374
811,7.533333778381348
812,12.084724426269531
813,7.708334445953369
814,5.866666793823242
815,8.85714340209961
816,7.373627662658691
817,7.516484260559082
818,6.0329670906066895
819,6.696969509124756
820,10.84166431427002
821,10.362371444702148
822,8.087913513183594
823,7.155556678771973
824,5.933333873748779
825,7.704545497894287
826,6.4242424964904785
827,13.177778244018555
828,6.040402412414551
829,5.964645862579346
830,6.548077583312988
831,6.463382720947266
832,10.219780921936035
833,6.247222423553467
834,5.945056915283203
835,9.54444408416748
836,7.77500057220459
837,15.714288711547852
838,6.439560890197754
839,5.0
840,9.404038429260254
841,5.4494948387146
842,4.810439586639404
843,5.392677307128906
844,8.681319236755371
845,7.6464643478393555
846,7.609722137451172
847,7.898989200592041
848,9.323232650756836
849,5.877747058868408
850,7.919190883636475
851,6.959595680236816
852,8.411110877990723
853,8.000000953674316
854,6.365278244018555
855,7.391484260559082
856,7.979798316955566
857,5.763737678527832
858,7.579165458679199
859,5.838383674621582
860,6.223611354827881
861,9.692310333251953
862,6.839286804199219
863,8.464645385742188
864,6.0
865,7.328298091888428
866,6.131868839263916
867,6.458791255950928
868,6.454545497894287
869,7.873610496520996
870,10.299999237060547
871,6.449495792388916
872,8.876388549804688
873,6.111263751983643
874,7.870833396911621
875,6.31730842590332
876,8.05555534362793
877,6.251389026641846
878,5.644444465637207
879,6.748610496520996
880,9.054945945739746
881,7.523989200592041
882,6.384615421295166
883,8.373737335205078
884,8.670832633972168
885,8.43055534362793
886,6.505494594573975
887,6.4194440841674805
888,12.020200729370117
889,5.544445037841797
890,4.747252941131592
891,7.030303001403809
892,7.848484039306641
893,9.964286804199219
894,8.242426872253418
895,5.41287899017334
896,6.613635063171387
897,5.919193267822266
898,5.1236114501953125
899,6.71944522857666
900,7.1868133544921875
901,5.222222805023193
902,7.703282356262207
903,7.709721565246582
904,8.054945945739746
905,11.033332824707031
906,5.58585786819458
907,7.109847068786621
908,8.466667175292969
909,6.329671382904053
910,7.515152931213379
911,8.13333511352539
912,6.215659141540527
913,6.668956756591797
914,7.598611354827881
915,7.050825595855713
916,7.828283786773682
917,8.656564712524414
918,6.678030967712402
919,9.354397773742676
920,7.6755051612854
921,7.728534698486328
922,5.577777862548828
923,5.758242130279541
924,7.142858028411865
925,6.266667366027832
926,15.604397773742676
927,6.274725437164307
928,5.879121780395508
929,7.420454502105713
930,9.102272987365723
931,8.314562797546387
932,6.244444847106934
933,6.998738765716553
934,8.878786087036133
935,5.176766395568848
936,6.489899635314941
937,6.888888359069824
938,6.551388740539551
939,5.252525329589844
940,7.976389408111572
941,10.361263275146484
942,6.738889217376709
943,6.631944179534912
944,7.352778434753418
945,8.329670906066895
946,7.450551509857178
947,7.472527980804443
948,8.818182945251465
949,9.57575798034668
950,8.171704292297363
951,7.344696998596191
952,8.38888931274414
953,5.629167079925537
954,7.4444427490234375
955,7.858588218688965
956,7.272727012634277
957,7.505049705505371
958,7.058081150054932
959,6.157968044281006
960,7.6333327293396
961,7.6338372230529785
962,8.75555419921875
963,6.848484992980957
964,7.140110969543457
965,7.483586311340332
966,6.979798316955566
967,5.231060981750488
968,7.4555559158325195
969,5.44444465637207
970,11.565654754638672
971,6.900251865386963
972,8.161616325378418
973,6.209595680236816
974,7.090277671813965
975,5.660714626312256
976,7.141413688659668
977,7.4285712242126465
978,6.929293155670166
979,6.404040336608887
980,5.744444370269775
981,7.777779579162598
982,5.584722518920898
983,9.923078536987305
984,7.292929172515869
985,7.362637996673584
986,8.829669952392578
987,8.373737335205078
988,6.105770111083984
989,8.530555725097656
990,5.355556011199951
991,8.798611640930176
992,6.737374305725098
993,6.763889312744141
994,6.4242424964904785
995,5.420454978942871
996,5.5757575035095215
997,7.121212005615234
998,8.997474670410156
999,6.690934181213379
1000,6.329670429229736
1001,5.21840763092041
1002,7.3535356521606445
1003,6.477272033691406
1004,5.92445182800293
1005,6.003787994384766
1006,6.726388454437256
1007,6.6126389503479
1008,7.494948387145996
1009,8.566666603088379
1010,7.616162300109863
1011,9.186814308166504
1012,7.691667079925537
1013,5.82417631149292
1014,6.131868362426758
1015,6.5454535484313965
1016,7.373626708984375
1017,7.608333587646484
1018,9.245834350585938
1019,7.048077583312988
1020,5.808080673217773
1021,8.313131332397461
1022,9.458794593811035
1023,7.144230842590332
1024,6.011111259460449
1025,6.645604610443115
1026,7.583792209625244
1027,6.4848480224609375
1028,5.13194465637207
1029,6.3791680335998535
1030,5.177778244018555
1031,9.58055591583252
1032,6.080808162689209
1033,6.966666221618652
1034,7.252525329589844
1035,5.434343338012695
1036,5.5796709060668945
1037,5.648352146148682
1038,6.404040336608887
1039,8.030302047729492
1040,6.911111354827881
1041,8.077777862548828
1042,8.27272891998291
1043,6.304945945739746
1044,8.060606002807617
1045,7.383837699890137
1046,7.4148359298706055
1047,15.714288711547852
1048,5.375000476837158
1049,7.781593322753906
1050,5.9555559158325195
1051,6.119949817657471
1052,7.671703338623047
1053,6.230555534362793
1054,7.252748966217041
1055,5.373738765716553
1056,8.813188552856445
1057,6.4444451332092285
1058,7.010101318359375
1059,5.675825119018555
1060,7.505495548248291
1061,6.986264705657959
1062,8.195834159851074
1063,5.555556297302246
1064,7.383837699890137
1065,9.655553817749023
1066,6.272727012634277
1067,7.188889503479004
1068,7.064560890197754
1069,6.666665554046631
1070,6.288888931274414
1071,8.966667175292969
1072,7.252525329589844
1073,6.622221946716309
1074,5.704545497894287
1075,5.783333778381348
1076,6.5050506591796875
1077,8.491758346557617
1078,6.912087917327881
1079,6.153846263885498
1080,8.38461685180664
1081,8.343056678771973
1082,5.156594276428223
1083,7.758242130279541
1084,8.477776527404785
1085,5.878787517547607
1086,6.800504207611084
1087,7.163888454437256
1088,9.428571701049805
1089,8.371212005615234
1090,6.057693004608154
1091,7.578282356262207
1092,9.101009368896484
1093,5.544444561004639
1094,5.6666669845581055
1095,7.777472019195557
1096,8.508334159851074
1097,9.919193267822266
1098,9.067307472229004
1099,7.010988712310791
1100,6.285714626312256
1101,7.080807685852051
1102,9.373628616333008
1103,10.626264572143555
1104,5.674450874328613
1105,5.097527027130127
1106,7.23232364654541
1107,7.3111114501953125
1108,7.191919803619385
1109,7.210165500640869
1110,6.470959663391113
1111,6.1666669845581055
1112,7.098902225494385
1113,8.211111068725586
1114,5.070706844329834
1115,6.626374244689941
1116,6.7912092208862305
1117,7.186814785003662
1118,7.757575035095215
1119,6.633243560791016
1120,6.484849452972412
1121,6.181817531585693
1122,6.133837699890137
1123,5.351009845733643
1124,7.0
1125,6.4444451332092285
1126,7.433333396911621
1127,6.295834064483643
1128,8.323232650756836
1129,7.710165977478027
1130,6.445833683013916
1131,5.787878513336182
1132,6.736265659332275
1133,5.763888835906982
1134,5.858517169952393
1135,5.252778053283691
1136,7.901101112365723
1137,8.626260757446289
1138,12.747474670410156
1139,7.771979331970215
1140,9.05302906036377
1141,5.846154689788818
1142,8.3585844039917
1143,7.252749443054199
1144,5.4040398597717285
1145,6.290404319763184
1146,5.829166889190674
1147,7.090907096862793
1148,7.121211051940918
1149,9.15555477142334
1150,8.688887596130371
1151,10.299999237060547
1152,10.52651596069336
1153,4.088889122009277
1154,10.1361083984375
1155,6.858585357666016
1156,5.848484516143799
1157,5.887362957000732
1158,8.120880126953125
1159,6.319444179534912
1160,7.701388359069824
1161,5.564394474029541
1162,6.040403842926025
1163,7.232321739196777
1164,5.7777791023254395
1165,8.788887977600098
1166,5.333333969116211
1167,7.031594753265381
1168,9.219779968261719
1169,7.4505510330200195
1170,8.824496269226074
1171,9.88888931274414
1172,7.384615898132324
1173,6.670331001281738
1174,6.060605525970459
1175,7.070709228515625
1176,8.999998092651367
1177,5.717172145843506
1178,8.989011764526367
1179,8.447222709655762
1180,8.21111011505127
1181,7.745835304260254
1182,6.41287899017334
1183,7.053572654724121
1184,8.050503730773926
1185,6.59340763092041
1186,7.736264228820801
1187,14.170450210571289
1188,7.274725914001465
1189,6.102778911590576
1190,7.340659141540527
1191,6.574175834655762
1192,4.967033863067627
1193,6.260101795196533
1194,6.877777099609375
1195,5.989012241363525
1196,7.989898681640625
1197,5.788888931274414
1198,6.784722805023193
1199,6.05555534362793
1200,7.5429277420043945
1201,7.270201683044434
1202,7.323232173919678
1203,5.82417631149292
1204,7.2652788162231445
1205,6.72527551651001
1206,6.670834541320801
1207,4.634615898132324
1208,8.159723281860352
1209,6.535353660583496
1210,6.7285356521606445
1211,8.022222518920898
1212,6.598611354827881
1213,5.691919326782227
1214,5.7386369705200195
1215,7.556319236755371
1216,5.622222900390625
1217,5.511111259460449
1218,7.422222137451172
1219,6.05219841003418
1220,7.318681240081787
1221,6.777777671813965
1222,6.745833396911621
1223,7.3111114501953125
1224,7.944443702697754
1225,5.726010322570801
1226,6.288889408111572
1227,8.063187599182129
1228,5.949495792388916
1229,5.807693958282471
1230,8.646463394165039
1231,5.362373352050781
1232,6.522222995758057
1233,8.888888359069824
1234,5.988889217376709
1235,6.344444751739502
1236,8.306319236755371
1237,7.02222204208374
1238,9.322220802307129
1239,7.223610877990723
1240,8.226648330688477
1241,9.080806732177734
1242,10.34444522857666
1243,6.96969747543335
1244,8.151388168334961
1245,7.755495548248291
1246,7.372474670410156
1247,7.211111545562744
1248,6.2727274894714355
1249,8.554166793823242
1250,6.465277671813965
1251,9.452019691467285
1252,5.939393997192383
1253,7.819444179534912
1254,6.263736248016357
1255,6.787878513336182
1256,5.734848499298096
1257,10.266414642333984
1258,9.791208267211914
1259,7.098901271820068
1260,7.848484992980957
1261,7.74747371673584
1262,5.534090042114258
1263,9.166666030883789
1264,7.464646339416504
1265,8.142858505249023
1266,5.741666793823242
1267,6.384616851806641
1268,6.232323169708252
1269,9.373627662658691
1270,6.777777671813965
1271,6.464285850524902
1272,5.9340667724609375
1273,7.16161584854126
1274,6.234848976135254
1275,7.386112213134766
1276,7.815657138824463
1277,9.066665649414062
1278,7.177779197692871
1279,5.777778148651123
1280,7.277777671813965
1281,7.12222146987915
1282,6.891667366027832
1283,8.637364387512207
1284,8.483518600463867
1285,6.734724521636963
1286,7.222222805023193
1287,7.858516693115234
1288,6.84340763092041
1289,6.286110877990723
1290,6.695833683013916
1291,6.659340858459473
1292,10.329670906066895
1293,7.808080196380615
1294,5.83838415145874
1295,10.758241653442383
1296,10.053030014038086
1297,5.733333587646484
1298,6.919190883636475
1299,6.976647853851318
1300,7.252525329589844
1301,7.755494594573975
1302,7.888890266418457
1303,11.692309379577637
1304,9.703295707702637
1305,11.033332824707031
1306,8.191919326782227
1307,7.987501621246338
1308,6.6333327293396
1309,6.707070350646973
1310,6.535353660583496
1311,6.230770111083984
1312,7.252748966217041
1313,7.587912559509277
1314,7.322222709655762
1315,6.2967047691345215
1316,6.028846263885498
1317,4.835165500640869
1318,6.977777004241943
1319,6.417583465576172
1320,10.607322692871094
1321,7.044443607330322
1322,7.398352146148682
1323,8.474747657775879
1324,6.469780921936035
1325,5.89166784286499
1326,5.5429301261901855
1327,5.978021621704102
1328,12.910717964172363
1329,6.593405723571777
1330,6.424242973327637
1331,6.535714149475098
1332,8.384614944458008
1333,7.272727012634277
1334,6.366666793823242
1335,8.070707321166992
1336,7.395605564117432
1337,6.027472972869873
1338,7.243056297302246
1339,10.024727821350098
1340,8.266666412353516
1341,16.363636016845703
1342,6.522221565246582
1343,6.060605525970459
1344,9.010990142822266
1345,5.050504684448242
1346,7.10479736328125
1347,5.263888835906982
1348,7.866667747497559
1349,5.438130855560303
1350,6.648989677429199
1351,7.355554103851318
1352,7.888889312744141
1353,6.377778053283691
1354,8.538461685180664
1355,5.019230842590332
1356,10.923077583312988
1357,7.583792209625244
1358,10.296703338623047
1359,7.727272987365723
1360,5.455808639526367
1361,11.379166603088379
1362,7.041665554046631
1363,5.890110015869141
1364,5.595959663391113
1365,8.033333778381348
1366,6.056817054748535
1367,6.818181037902832
1368,9.590660095214844
1369,9.988889694213867
1370,6.39166784286499
1371,6.832417964935303
1372,8.608586311340332
1373,10.979795455932617
1374,7.9847211837768555
1375,6.377778053283691
1376,7.142857551574707
1377,9.831047058105469
1378,6.58838415145874
1379,9.43956184387207
1380,7.319444179534912
1381,9.182693481445312
1382,6.766666412353516
1383,5.757575035095215
1384,8.86868667602539
1385,7.161614894866943
1386,8.152474403381348
1387,9.23611068725586
1388,6.6565656661987305
1389,7.331945896148682
1390,6.595958709716797
1391,7.097222328186035
1392,8.11111068725586
1393,7.726649284362793
1394,5.393939018249512
1395,8.177779197692871
1396,7.1136369705200195
1397,6.136111259460449
1398,9.155220031738281
1399,7.6771979331970215
1400,6.615386962890625
1401,7.904167175292969
1402,6.844780921936035
1403,7.555555820465088
1404,8.533331871032715
1405,9.51249885559082
1406,5.533333778381348
1407,8.79120922088623
1408,5.010988712310791
1409,9.313131332397461
1410,6.655303001403809
1411,6.8666672706604
1412,6.9194440841674805
1413,11.087499618530273
1414,6.541665554046631
1415,7.14141321182251
1416,7.076922416687012
1417,5.584595680236816
1418,6.898989200592041
1419,6.755555629730225
1420,8.582419395446777
1421,6.495833396911621
1422,5.703297138214111
1423,6.196428298950195
1424,6.711110591888428
1425,5.708333492279053
1426,7.855556488037109
1427,6.306944370269775
1428,7.2019243240356445
1429,7.4791669845581055
1430,6.202020168304443
1431,6.119948863983154
1432,6.500000953674316
1433,8.5239896774292
1434,7.455808162689209
1435,7.609723091125488
1436,10.090277671813965
1437,9.800000190734863
1438,7.391667366027832
1439,5.37626314163208
1440,6.056943893432617
1441,7.156594276428223
1442,7.3282976150512695
1443,8.080808639526367
1444,8.44444465637207
1445,7.242424011230469
1446,6.065935134887695
1447,10.180554389953613
1448,9.494505882263184
1449,10.934066772460938
1450,6.505049705505371
1451,7.912087917327881
1452,7.272727012634277
1453,6.411111354827881
1454,4.989899158477783
1455,7.737374305725098
1456,5.94318151473999
1457,6.369506359100342
1458,7.135990142822266
1459,6.577777862548828
1460,9.252523422241211
1461,6.717171669006348
1462,7.411111354827881
1463,7.166666507720947
1464,6.906564235687256
1465,8.30302906036377
1466,5.769231796264648
1467,8.34066104888916
1468,9.009723663330078
1469,7.433333396911621
1470,8.372474670410156
1471,11.966670036315918
1472,6.244444370269775
1473,6.444444179534912
1474,5.7416672706604
1475,5.959596633911133
1476,5.91527795791626
1477,6.931820869445801
1478,6.711110591888428
1479,6.077777862548828
1480,6.164835453033447
1481,7.824494361877441
1482,8.244949340820312
1483,6.106060028076172
1484,7.2888898849487305
1485,6.97979736328125
1486,6.515151023864746
1487,9.076923370361328
1488,7.233584403991699
1489,4.885989665985107
1490,7.131868839263916
1491,8.427199363708496
1492,6.545454502105713
1493,7.665402889251709
1494,6.527473449707031
1495,10.890110969543457
1496,8.22664737701416
1497,8.03156566619873
1498,7.241757869720459
1499,5.337500095367432
1500,7.040404319763184
1501,7.8131890296936035
1502,9.068682670593262
1503,8.67500114440918
1504,7.670330047607422
1505,6.97979736328125
1506,7.74747371673584
1507,8.129121780395508
1508,6.6208343505859375
1509,6.8569440841674805
1510,9.232322692871094
1511,8.24444580078125
1512,9.252747535705566
1513,7.070706844329834
1514,5.0208330154418945
1515,6.912087917327881
1516,7.454545497894287
1517,7.795454502105713
1518,9.201388359069824
1519,6.464646816253662
1520,7.707071781158447
1521,8.505049705505371
1522,8.311111450195312
1523,7.582417964935303
1524,5.597222805023193
1525,5.758242130279541
1526,7.243687629699707
1527,6.9494948387146
1528,9.076923370361328
1529,7.692307949066162
1530,8.340909004211426
1531,7.919190883636475
1532,6.4162092208862305
1533,8.545454978942871
1534,7.898988246917725
1535,7.403847694396973
1536,9.2333345413208
1537,7.5521979331970215
1538,10.424240112304688
1539,5.5151519775390625
1540,6.444444179534912
1541,7.590279579162598
1542,6.431944847106934
1543,9.899999618530273
1544,6.49038553237915
1545,5.254167556762695
1546,5.747474670410156
1547,5.856060981750488
1548,7.611111640930176
1549,6.0343403816223145
1550,6.898989677429199
1551,6.292930603027344
1552,5.9555559158325195
1553,9.366667747497559
1554,8.28409194946289
1555,7.022222995758057
1556,5.744445323944092
1557,6.429945945739746
1558,7.743055820465088
1559,9.044445037841797
1560,9.373627662658691
1561,8.786616325378418
1562,10.230770111083984
1563,4.858333587646484
1564,6.820833683013916
1565,6.717171669006348
1566,3.612499952316284
1567,6.248610973358154
1568,6.141484260559082
1569,5.925000190734863
1570,6.560441493988037
1571,6.967032432556152
1572,7.482322692871094
1573,5.4848480224609375
1574,6.884721279144287
1575,7.285714626312256
1576,7.555556297302246
1577,6.944444179534912
1578,10.736108779907227
1579,7.2815656661987305
1580,8.766668319702148
1581,10.472526550292969
1582,8.681320190429688
1583,7.3535356521606445
1584,7.203282833099365
1585,6.081944465637207
1586,6.009615898132324
1587,7.555556297302246
1588,10.461540222167969
1589,7.684721946716309
1590,10.439562797546387
1591,11.538461685180664
1592,6.151515007019043
1593,6.3194451332092285
1594,8.494505882263184
1595,11.55302906036377
1596,7.12878942489624
1597,7.412087917327881
1598,6.021978378295898
1599,8.406594276428223
1600,6.744444847106934
1601,8.421716690063477
1602,5.955806732177734
1603,7.111112117767334
1604,6.252748012542725
1605,7.8255510330200195
1606,7.409722805023193
1607,7.848901271820068
1608,5.3763885498046875
1609,9.265151977539062
1610,9.377777099609375
1611,5.501389026641846
1612,7.111112117767334
1613,9.202019691467285
1614,5.942307949066162
1615,7.656943321228027
1616,9.387626647949219
1617,11.565652847290039
1618,6.363888263702393
1619,9.26515007019043
1620,7.794190883636475
1621,5.450000762939453
1622,8.272727966308594
1623,7.309068202972412
1624,7.473902225494385
1625,7.098611354827881
1626,6.919191837310791
1627,6.372252941131592
1628,5.39393949508667
1629,5.377778053283691
1630,6.92929220199585
1631,10.480769157409668
1632,6.80808162689209
1633,8.129122734069824
1634,6.696969509124756
1635,8.618054389953613
1636,8.480770111083984
1637,9.504120826721191
1638,7.838381767272949
1639,6.916667938232422
1640,6.286112308502197
1641,8.771977424621582
1642,5.856945037841797
1643,6.72252893447876
1644,9.175824165344238
1645,7.375001430511475
1646,7.475274562835693
1647,11.545450210571289
1648,6.4791669845581055
1649,6.2777791023254395
1650,8.188187599182129
1651,9.054946899414062
1652,8.866667747497559
1653,6.7083330154418945
1654,7.374999046325684
1655,8.26388931274414
1656,8.171717643737793
1657,7.717171669006348
1658,12.16346263885498
1659,11.115386009216309
1660,7.368055820465088
1661,7.604395866394043
1662,7.006314277648926
1663,8.193181991577148
1664,5.877777576446533
1665,8.822222709655762
1666,6.008242130279541
1667,6.549452304840088
1668,7.141413688659668
1669,9.494949340820312
1670,10.855554580688477
1671,6.483516693115234
1672,5.606060028076172
1673,5.80219841003418
1674,10.888888359069824
1675,7.345959663391113
1676,8.214286804199219
1677,6.469779968261719
1678,10.034725189208984
1679,5.9340667724609375
1680,5.833334445953369
1681,7.340909004211426
1682,7.84469747543335
1683,6.428572177886963
1684,8.34999942779541
1685,7.800000190734863
1686,8.793956756591797
1687,7.111112117767334
1688,8.304167747497559
1689,6.262499809265137
1690,9.242424011230469
1691,6.676767826080322
1692,8.030304908752441
1693,7.032968044281006
1694,5.922222137451172
1695,9.644444465637207
1696,6.416208744049072
1697,5.967171669006348
1698,6.461539268493652
1699,9.063132286071777
1700,7.171716213226318
1701,6.08838415145874
1702,7.444444179534912
1703,8.02020263671875
1704,15.666666030883789
1705,6.2626261711120605
1706,9.434343338012695
1707,5.8222222328186035
1708,7.133334159851074
1709,6.424242973327637
1710,6.600000858306885
1711,12.095832824707031
1712,7.909090518951416
1713,8.552778244018555
1714,5.857142448425293
1715,8.065935134887695
1716,6.426767826080322
1717,6.272727966308594
1718,8.123611450195312
1719,7.4747490882873535
1720,6.284341335296631
1721,6.145833969116211
1722,6.845959663391113
1723,5.5494513511657715
1724,9.769233703613281
1725,7.646462440490723
1726,8.23055648803711
1727,5.806818008422852
1728,6.320055961608887
1729,6.424241542816162
1730,4.933333873748779
1731,7.9494948387146
1732,7.614010810852051
1733,5.626262187957764
1734,5.4242424964904785
1735,5.72499942779541
1736,6.777777194976807
1737,8.033332824707031
1738,8.488887786865234
1739,6.385989189147949
1740,7.188889503479004
1741,6.786616325378418
1742,6.700550079345703
1743,8.929290771484375
1744,5.714646339416504
1745,9.197221755981445
1746,7.224748134613037
1747,6.420833587646484
1748,7.023352146148682
1749,10.878786087036133
1750,6.332070350646973
1751,14.373736381530762
1752,6.856945037841797
1753,6.747252464294434
1754,5.989898681640625
1755,6.439560890197754
1756,6.3305559158325195
1757,8.42676830291748
1758,9.388887405395508
1759,6.349747657775879
1760,7.865384578704834
1761,8.744444847106934
1762,7.64835262298584
1763,11.156944274902344
1764,8.836539268493652
1765,8.015278816223145
1766,7.505049705505371
1767,10.077777862548828
1768,7.302777290344238
1769,9.209595680236816
1770,9.686866760253906
1771,7.483517646789551
1772,6.790403842926025
1773,7.412499904632568
1774,6.994505882263184
1775,7.060606956481934
1776,9.153846740722656
1777,10.277777671813965
1778,9.318681716918945
1779,5.94444465637207
1780,6.509615421295166
1781,5.686869144439697
1782,6.857144355773926
1783,6.666666507720947
1784,10.666666030883789
1785,7.599999904632568
1786,7.322222709655762
1787,8.63611125946045
1788,9.333334922790527
1789,5.155555248260498
1790,6.777777671813965
1791,5.515150547027588
1792,7.362637519836426
1793,8.00883960723877
1794,6.441918849945068
1795,9.466665267944336
1796,6.303030014038086
1797,8.043957710266113
1798,7.320708274841309
1799,9.999999046325684
1800,5.7474751472473145
1801,6.670331001281738
1802,7.071429252624512
1803,7.587121486663818
1804,7.14835262298584
1805,7.575758934020996
1806,6.777777671813965
1807,7.875000953674316
1808,5.866757869720459
1809,7.141415596008301
1810,5.200000286102295
1811,7.736264228820801
1812,6.242423057556152
1813,5.0391411781311035
1814,9.323230743408203
1815,5.8681321144104
1816,6.81818151473999
1817,9.878787994384766
1818,7.466666221618652
1819,7.533333778381348
1820,5.188889503479004
1821,8.460165977478027
1822,7.010100364685059
1823,6.707071781158447
1824,7.909090995788574
1825,6.000000953674316
1826,6.1666669845581055
1827,7.530556678771973
1828,6.66527795791626
1829,7.0
1830,8.515152931213379
1831,6.7912092208862305
1832,6.255556106567383
1833,6.419443607330322
1834,7.157827854156494
1835,7.6263747215271
1836,6.655556678771973
1837,6.5425825119018555
1838,5.066919803619385
1839,7.313131809234619
1840,5.84615421295166
1841,6.571430206298828
1842,8.433335304260254
1843,5.888888835906982
1844,5.96212100982666
1845,9.549450874328613
1846,6.966666221618652
1847,8.676766395568848
1848,8.111112594604492
1849,7.666668891906738
1850,6.8222222328186035
1851,6.131313323974609
1852,6.681944847106934
1853,7.4949493408203125
1854,4.656944274902344
1855,6.923077583312988
1856,6.457071781158447
1857,5.917929172515869
1858,8.373627662658691
1859,6.85479736328125
1860,5.515151500701904
1861,6.188889026641846
1862,6.3636369705200195
1863,6.931944847106934
1864,7.072802543640137
1865,7.099999904632568
1866,8.076925277709961
1867,6.01893949508667
1868,5.979798316955566
1869,6.3541669845581055
1870,5.387501239776611
1871,7.507575988769531
1872,10.922222137451172
1873,13.288888931274414
1874,6.81818151473999
1875,8.846155166625977
1876,7.65555477142334
1877,6.770605564117432
1878,8.40384578704834
1879,6.929293632507324
1880,7.861112117767334
1881,7.373625755310059
1882,7.857144355773926
1883,8.1010103225708
1884,6.352271556854248
1885,6.0
1886,8.211112976074219
1887,9.856060028076172
1888,4.736263751983643
1889,7.676770210266113
1890,11.088890075683594
1891,9.54444408416748
1892,7.727272987365723
1893,6.692307949066162
1894,7.7898359298706055
1895,6.291666507720947
1896,5.769230842590332
1897,7.171717166900635
1898,9.073610305786133
1899,8.611111640930176
1900,8.169191360473633
1901,6.001262664794922
1902,7.433081150054932
1903,7.366759300231934
1904,7.733585357666016
1905,5.978023052215576
1906,8.34444522857666
1907,7.5810441970825195
1908,6.6161603927612305
1909,8.515151977539062
1910,7.824494361877441
1911,6.675000190734863
1912,10.681318283081055
1913,7.156594276428223
1914,9.333331108093262
1915,5.333332538604736
1916,10.454544067382812
1917,5.9899001121521
1918,6.244505882263184
1919,5.747474670410156
1920,6.592033386230469
1921,7.936868190765381
1922,6.901100158691406
1923,6.5555548667907715
1924,8.626375198364258
1925,6.5151519775390625
1926,5.934722900390625
1927,5.939393520355225
1928,10.539143562316895
1929,7.087912559509277
1930,7.646463871002197
1931,7.444444179534912
1932,5.758242607116699
1933,7.252748012542725
1934,6.05555534362793
1935,5.577020168304443
1936,5.339285850524902
1937,8.395605087280273
1938,7.761362552642822
1939,5.980556488037109
1940,5.461539268493652
1941,7.188130855560303
1942,6.129120349884033
1943,6.1906561851501465
1944,7.030303955078125
1945,5.484890460968018
1946,6.2430548667907715
1947,6.373627185821533
1948,8.417928695678711
1949,9.25555419921875
1950,7.599999904632568
1951,11.51249885559082
1952,9.307692527770996
1953,6.340660095214844
1954,7.858333587646484
1955,6.043956756591797
1956,8.677776336669922
1957,8.111112594604492
1958,5.351648330688477
1959,10.121212005615234
1960,6.466668128967285
1961,7.711111545562744
1962,7.811814308166504
1963,6.511111259460449
1964,8.574175834655762
1965,6.626374244689941
1966,5.988889217376709
1967,7.938889503479004
1968,6.594696998596191
1969,7.212121486663818
1970,6.5858588218688965
1971,6.888888359069824
1972,6.579545021057129
1973,8.799999237060547
1974,6.406944274902344
1975,5.383838176727295
1976,7.1744513511657715
1977,6.989898681640625
1978,8.444445610046387
1979,5.511111259460449
1980,7.455554962158203
1981,6.076389312744141
1982,6.826388359069824
1983,7.033333778381348
1984,9.181816101074219
1985,6.777777194976807
1986,9.747222900390625
1987,7.094445705413818
1988,10.122222900390625
1989,10.846155166625977
1990,7.822221279144287
1991,6.07005500793457
1992,5.575758457183838
1993,8.67638874053955
1994,8.636364936828613
1995,6.891415596008301
1996,7.802198886871338
1997,8.331045150756836
1998,5.646463871002197
1999,7.932692527770996
2000,7.407967567443848
2001,6.179293155670166
2002,7.6767706871032715
2003,8.060606002807617
2004,7.41527795791626
2005,6.999999046325684
2006,7.011111259460449
2007,10.989899635314941
2008,8.934066772460938
2009,6.239898681640625
2010,5.738888740539551
2011,7.266666412353516
2012,5.41414213180542
2013,8.483516693115234
2014,8.912089347839355
2015,7.757575035095215
2016,7.159090995788574
2017,8.693056106567383
2018,7.838382720947266
2019,12.45555305480957
2020,6.969696998596191
2021,6.441667079925537
2022,7.329672336578369
2023,7.868686676025391
2024,9.811111450195312
2025,7.045331001281738
2026,5.122222423553467
2027,7.3626389503479
2028,8.579545021057129
2029,4.636111736297607
2030,6.579167366027832
2031,6.979798316955566
2032,7.9507575035095215
2033,5.388889312744141
2034,8.379167556762695
2035,6.222222328186035
2036,6.34469747543335
2037,6.549450874328613
2038,14.444442749023438
2039,5.868685722351074
2040,6.0833330154418945
2041,5.427778244018555
2042,6.545454502105713
2043,6.505494594573975
2044,7.670832633972168
2045,6.041208744049072
2046,7.901100158691406
2047,6.865278720855713
2048,12.377775192260742
2049,6.821969509124756
2050,7.4555559158325195
2051,7.516484260559082
2052,7.450758457183838
2053,6.2916669845581055
2054,7.8000006675720215
2055,7.472527503967285
2056,7.552777290344238
2057,8.441917419433594
2058,10.274726867675781
2059,4.898351669311523
2060,6.078295707702637
2061,5.724748134613037
2062,6.525252342224121
2063,5.9666666984558105
2064,8.773990631103516
2065,7.211539268493652
2066,8.714286804199219
2067,6.978022575378418
2068,6.691666603088379
2069,7.696969032287598
2070,6.5069451332092285
2071,6.050504684448242
2072,8.352272033691406
2073,6.079545974731445
2074,7.222222328186035
2075,6.21212100982666
2076,6.9494948387146
2077,7.494505882263184
2078,6.202019691467285
2079,7.303030490875244
2080,6.766667366027832
2081,6.323232173919678
2082,5.858586311340332
2083,7.577776908874512
2084,6.585858345031738
2085,5.81944465637207
2086,6.868132591247559
2087,8.73214340209961
2088,6.420454978942871
2089,6.737373352050781
2090,7.614898681640625
2091,6.4555559158325195
2092,8.966666221618652
2093,7.901098728179932
2094,5.904167175292969
2095,10.725276947021484
2096,7.292929649353027
2097,7.131313323974609
2098,5.858584880828857
2099,6.799242973327637
2100,6.555555820465088
2101,5.689560890197754
2102,7.733586311340332
2103,5.20202112197876
2104,8.1489896774292
2105,6.6333327293396
2106,6.656594753265381
2107,6.121211051940918
2108,7.473484992980957
2109,6.755555629730225
2110,5.82575798034668
2111,5.909090995788574
2112,5.078283309936523
2113,6.685439109802246
2114,6.373737335205078
2115,5.818181037902832
2116,8.44444465637207
2117,6.915404319763184
2118,8.353534698486328
2119,8.758243560791016
2120,6.3333330154418945
2121,6.818182468414307
2122,7.781566619873047
2123,7.048611640930176
2124,5.747474670410156
2125,5.353535175323486
2126,6.813187599182129
2127,4.967171669006348
2128,9.322219848632812
2129,9.283333778381348
2130,5.941919803619385
2131,8.73626708984375
2132,7.142858028411865
2133,5.991162300109863
2134,15.208795547485352
2135,7.5444440841674805
2136,6.1906561851501465
2137,7.070706367492676
2138,6.402777671813965
2139,6.262362957000732
2140,9.844443321228027
2141,5.472527980804443
2142,5.972223281860352
2143,8.166666030883789
2144,9.66944408416748
2145,9.000000953674316
2146,6.505496025085449
2147,11.644442558288574
2148,7.333332061767578
2149,6.131312847137451
2150,8.686869621276855
2151,8.197803497314453
2152,7.252748012542725
2153,6.449999809265137
2154,5.9684062004089355
2155,6.277472496032715
2156,7.108586311340332
2157,5.769231796264648
2158,5.887500286102295
2159,6.4258246421813965
2160,7.946429252624512
2161,10.065936088562012
2162,8.087912559509277
2163,11.144444465637207
2164,6.763888359069824
2165,6.262627124786377
2166,7.454545021057129
2167,7.0777788162231445
2168,7.808080196380615
2169,11.599996566772461
2170,7.0541672706604
2171,6.838383674621582
2172,8.345832824707031
2173,5.372474670410156
2174,8.476008415222168
2175,5.311111927032471
2176,6.918055534362793
2177,5.2083330154418945
2178,5.613636493682861
2179,6.823233127593994
2180,7.717171669006348
2181,6.988635063171387
2182,6.855556488037109
2183,8.593406677246094
2184,7.828282356262207
2185,7.111264228820801
2186,7.101010322570801
2187,6.959595680236816
2188,6.682692050933838
2189,7.032967567443848
2190,7.948233127593994
2191,7.285714626312256
2192,9.162087440490723
2193,7.411112308502197
2194,6.822222709655762
2195,6.472221374511719
2196,5.406944274902344
2197,5.745880603790283
2198,7.210859775543213
2199,5.503788948059082
2200,7.288888454437256
2201,6.637363433837891
2202,8.591666221618652
2203,6.5416669845581055
2204,11.525253295898438
2205,7.9876389503479
2206,6.143055438995361
2207,7.3652777671813965
2208,5.685605525970459
2209,5.856060981750488
2210,9.86868667602539
2211,6.232323169708252
2212,9.466666221618652
2213,6.301389694213867
2214,6.600001335144043
2215,8.228534698486328
2216,7.189393520355225
2217,6.59340763092041
2218,6.3486104011535645
2219,9.381314277648926
2220,6.544445037841797
2221,6.153846740722656
2222,7.588889122009277
2223,6.7348480224609375
2224,6.638889312744141
2225,4.648351669311523
2226,6.263736248016357
2227,9.666666030883789
2228,7.277777671813965
2229,6.880051612854004
2230,6.657967567443848
2231,8.913888931274414
2232,7.799241542816162
2233,6.857144355773926
2234,8.681319236755371
2235,6.809721946716309
2236,7.608332633972168
2237,9.957071304321289
2238,7.054945945739746
2239,6.70972204208374
2240,7.460858345031738
2241,6.164835453033447
2242,5.222222328186035
2243,5.736110687255859
2244,6.561110496520996
2245,7.6126389503479
2246,6.577777862548828
2247,6.616162300109863
2248,10.597220420837402
2249,5.852778434753418
2250,9.454545974731445
2251,6.070707321166992
2252,6.9444451332092285
2253,7.715908050537109
2254,7.08889102935791
2255,7.47252893447876
2256,6.575758457183838
2257,7.692307949066162
2258,5.516484260559082
2259,8.087913513183594
2260,8.48888874053955
2261,9.444443702697754
2262,6.395605087280273
2263,7.433332920074463
2264,7.010990142822266
2265,6.070706367492676
2266,6.813188076019287
2267,7.39560604095459
2268,7.268056392669678
2269,5.825756549835205
2270,7.244444847106934
2271,7.2888898849487305
2272,6.989012718200684
2273,8.51515007019043
2274,7.222222805023193
2275,7.010102272033691
2276,6.9090895652771
2277,5.384615421295166
2278,10.23232364654541
2279,7.516413688659668
2280,6.916666507720947
2281,8.797979354858398
2282,11.296704292297363
2283,8.670331954956055
2284,5.4519243240356445
2285,7.666668891906738
2286,7.101010322570801
2287,7.833334445953369
2288,7.152777671813965
2289,7.588888645172119
2290,7.326924800872803
2291,6.478022575378418
2292,7.313131809234619
2293,6.087913513183594
2294,5.836538791656494
2295,6.65555477142334
2296,7.1791672706604
2297,6.954672336578369
2298,11.266664505004883
2299,8.008333206176758
2300,4.919191360473633
2301,9.176766395568848
2302,8.614011764526367
2303,6.809344291687012
2304,5.90000057220459
2305,7.078282356262207
2306,6.200757026672363
2307,6.852778434753418
2308,5.616161346435547
2309,9.879168510437012
2310,7.568182468414307
2311,7.054945468902588
2312,6.411109924316406
2313,8.033333778381348
2314,6.838383674621582
2315,6.484848976135254
2316,10.666666984558105
2317,7.142858982086182
2318,6.915278434753418
2319,6.080808639526367
2320,7.361112117767334
2321,10.424238204956055
2322,11.077776908874512
2323,7.23232364654541
2324,8.969696044921875
2325,9.538888931274414
2326,7.472527980804443
2327,7.0909104347229
2328,7.481060981750488
2329,6.296702861785889
2330,7.461539268493652
2331,9.654040336608887
2332,7.6565656661987305
2333,8.255555152893066
2334,5.901100158691406
2335,8.181818962097168
2336,7.911111354827881
2337,7.756944179534912
2338,4.906594276428223
2339,6.411111354827881
2340,7.171717643737793
2341,10.933334350585938
2342,8.275252342224121
2343,4.7651519775390625
2344,6.222222805023193
2345,10.801387786865234
2346,6.109722137451172
2347,8.516485214233398
2348,5.828282833099365
2349,5.428572177886963
2350,6.152777671813965
2351,10.011363983154297
2352,11.295831680297852
2353,8.967032432556152
2354,7.856945037841797
2355,10.141412734985352
2356,6.322221755981445
2357,6.044445514678955
2358,9.043055534362793
2359,5.777777671813965
2360,8.054945945739746
2361,6.967034339904785
2362,3.833792209625244
2363,6.077778339385986
2364,6.637625694274902
2365,8.622221946716309
2366,9.28571605682373
2367,6.931944370269775
2368,5.82417631149292
2369,5.528846263885498
2370,5.92929220199585
2371,8.027777671813965
2372,6.911111354827881
2373,5.32692289352417
2374,5.458791732788086
2375,9.208332061767578
2376,8.777777671813965
2377,5.822222709655762
2378,8.340658187866211
2379,6.282827377319336
2380,9.044443130493164
2381,6.080807685852051
2382,7.9555559158325195
2383,7.814393520355225
2384,7.075550079345703
2385,4.878787040710449
2386,6.622221946716309
2387,10.395604133605957
2388,6.8459601402282715
2389,7.737374305725098
2390,6.609723091125488
2391,5.688889503479004
2392,6.888889312744141
2393,5.633334159851074
2394,9.021979331970215
2395,6.588889122009277
2396,10.199494361877441
2397,6.0810441970825195
2398,6.35353422164917
2399,6.833333492279053
2400,6.849748134613037
2401,6.861111640930176
2402,5.05494499206543
2403,7.393939018249512
2404,5.744443893432617
2405,5.5805559158325195
2406,6.0
2407,10.144447326660156
2408,6.683080196380615
2409,7.36538553237915
2410,5.676767349243164
2411,6.464646339416504
2412,7.554165840148926
2413,7.511111259460449
2414,7.301766872406006
2415,6.365278720855713
2416,6.868055820465088
2417,6.333333492279053
2418,6.777777671813965
2419,6.845834255218506
2420,5.660714626312256
2421,7.555555820465088
2422,6.333333492279053
2423,7.6161603927612305
2424,6.864012241363525
2425,6.758242607116699
2426,6.888889312744141
2427,7.555555820465088
2428,7.891415596008301
2429,6.1750006675720215
2430,7.066666603088379
2431,5.398352146148682
2432,7.470959663391113
2433,6.443055629730225
2434,6.3017683029174805
2435,8.637625694274902
2436,5.255556106567383
2437,7.141413688659668
2438,4.978022575378418
2439,8.484848022460938
2440,6.318055629730225
2441,6.245833396911621
2442,7.467034339904785
2443,5.584596633911133
2444,8.959595680236816
2445,8.770605087280273
2446,6.9911627769470215
2447,8.16620922088623
2448,6.113889217376709
2449,6.959596157073975
2450,7.03030252456665
2451,8.533333778381348
2452,8.209596633911133
2453,7.802198886871338
2454,7.151515007019043
2455,9.333793640136719
2456,7.1675825119018555
2457,9.515151977539062
2458,5.612374305725098
2459,8.866665840148926
2460,7.723484992980957
2461,7.933333396911621
2462,6.96840763092041
2463,7.088888645172119
2464,5.670330047607422
2465,6.1805548667907715
2466,5.311111927032471
2467,7.222222328186035
2468,7.21212100982666
2469,7.838383674621582
2470,7.903847694396973
2471,8.131868362426758
2472,6.6333327293396
2473,7.789140224456787
2474,6.897727012634277
2475,9.191919326782227
2476,6.241758823394775
2477,5.868055820465088
2478,8.329671859741211
2479,9.444443702697754
2480,6.6944451332092285
2481,7.687499046325684
2482,6.241759300231934
2483,5.05219841003418
2484,6.3434343338012695
2485,7.320706367492676
2486,11.14285659790039
2487,5.920455455780029
2488,6.452777862548828
2489,7.472527980804443
2490,7.802198886871338
2491,14.54670524597168
2492,6.909090995788574
2493,6.122222900390625
2494,6.736264228820801
2495,6.778848171234131
2496,5.727272987365723
2497,5.898989677429199
2498,5.94505500793457
2499,8.677778244018555
2500,6.572803497314453
2501,6.406594753265381
2502,5.008242130279541
2503,8.346155166625977
2504,7.960859775543213
2505,6.428572177886963
2506,9.428571701049805
2507,8.212119102478027
2508,6.736264228820801
2509,7.9791669845581055
2510,6.494948387145996
2511,5.535353183746338
2512,5.1868133544921875
2513,7.230555534362793
2514,6.953299045562744
2515,6.340660572052002
2516,10.044445037841797
2517,7.163462162017822
2518,5.217171669006348
2519,6.625000953674316
2520,8.0
2521,15.320829391479492
2522,5.747222900390625
2523,7.311110496520996
2524,8.581045150756836
2525,6.119444847106934
2526,6.111111640930176
2527,9.9319429397583
2528,5.5555548667907715
2529,5.582418441772461
2530,8.098901748657227
2531,6.858586311340332
2532,7.040280342102051
2533,6.072222709655762
2534,8.79861068725586
2535,6.956045627593994
2536,8.402778625488281
2537,6.130555629730225
2538,6.3416666984558105
2539,5.820706367492676
2540,7.483517646789551
2541,6.888888359069824
2542,7.141484260559082
2543,10.966668128967285
2544,5.97802209854126
2545,10.969696044921875
2546,6.0505051612854
2547,6.857143402099609
2548,6.114011764526367
2549,6.9555559158325195
2550,8.065934181213379
2551,6.913888454437256
2552,7.888888359069824
2553,5.688889026641846
2554,5.6541666984558105
2555,5.633333206176758
2556,6.601010322570801
2557,6.222221374511719
2558,7.349999904632568
2559,5.6868696212768555
2560,6.829545497894287
2561,8.956043243408203
2562,6.251373291015625
2563,6.214285850524902
2564,6.60732364654541
2565,4.986264228820801
2566,5.032967567443848
2567,6.4406561851501465
2568,7.633837699890137
2569,5.991758346557617
2570,6.250000476837158
2571,5.6758246421813965
2572,6.099999904632568
2573,6.925000190734863
2574,5.696969509124756
2575,7.24725341796875
2576,6.197802543640137
2577,7.676766872406006
2578,14.70971965789795
2579,8.65656566619873
2580,9.444443702697754
2581,6.329545497894287
2582,6.173611640930176
2583,8.461539268493652
2584,5.879121780395508
2585,6.623627662658691
2586,6.920833587646484
2587,9.144230842590332
2588,7.059065818786621
2589,5.688889503479004
2590,6.938130855560303
2591,7.798611640930176
2592,8.910715103149414
2593,7.3737382888793945
2594,5.388889789581299
2595,5.756313323974609
2596,6.525252342224121
2597,8.477777481079102
2598,6.405220031738281
2599,6.82828426361084
2600,5.3296709060668945
2601,5.566667079925537
2602,7.775254249572754
2603,8.969696044921875
2604,8.443055152893066
2605,7.8666672706604
2606,7.5494513511657715
2607,6.565655708312988
2608,7.506944179534912
2609,6.780220985412598
2610,7.662878513336182
2611,6.111112117767334
2612,6.252747058868408
2613,9.855555534362793
2614,7.032967567443848
2615,5.678030490875244
2616,5.331944465637207
2617,8.25
2618,5.454544544219971
2619,10.12912368774414
2620,7.517858028411865
2621,5.00412130355835
2622,6.620879173278809
2623,6.0769243240356445
2624,6.622223854064941
2625,7.522222995758057
2626,7.525000095367432
2627,7.490279197692871
2628,9.972222328186035
2629,7.0290398597717285
2630,9.754120826721191
2631,5.743686676025391
2632,7.242424011230469
2633,13.362635612487793
2634,8.688132286071777
2635,7.090278625488281
2636,10.944442749023438
2637,6.373627662658691
2638,8.660717010498047
2639,9.266666412353516
2640,7.6565656661987305
2641,8.388890266418457
2642,6.208791732788086
2643,6.969780921936035
2644,7.200000762939453
2645,5.6758246421813965
2646,10.720832824707031
2647,6.2138895988464355
2648,6.292929172515869
2649,12.94505500793457
2650,6.6742424964904785
2651,5.718406677246094
2652,8.202020645141602
2653,9.03194522857666
2654,8.477777481079102
2655,7.758242607116699
2656,7.1035356521606445
2657,6.871214389801025
2658,10.506943702697754
2659,7.411110877990723
2660,6.019444942474365
2661,8.866161346435547
2662,12.401386260986328
2663,8.684720993041992
2664,7.006869316101074
2665,16.262622833251953
2666,5.912088871002197
2667,5.6666669845581055
2668,6.688889503479004
2669,7.997252464294434
2670,12.333332061767578
2671,7.96969747543335
2672,8.01111125946045
2673,7.1333327293396
2674,5.416210174560547
2675,8.248626708984375
2676,7.3636369705200195
2677,5.7171711921691895
2678,6.422979831695557
2679,10.722222328186035
2680,7.511109828948975
2681,8.060606002807617
2682,9.297222137451172
2683,6.989011287689209
2684,6.4848480224609375
2685,5.415403842926025
2686,7.380557060241699
2687,8.193058013916016
2688,6.423611640930176
2689,6.188131332397461
2690,6.984890937805176
2691,6.262626647949219
2692,7.171716213226318
2693,6.766667366027832
2694,6.242424011230469
2695,5.022223472595215
2696,10.109892845153809
2697,5.345959663391113
2698,7.822223663330078
2699,5.757575035095215
2700,6.989012718200684
2701,7.62912130355835
2702,10.818181991577148
2703,6.03787899017334
2704,9.189559936523438
2705,6.9494948387146
2706,7.666666507720947
2707,8.723901748657227
2708,8.744443893432617
2709,5.171717166900635
2710,4.4949493408203125
2711,8.535351753234863
2712,5.353534698486328
2713,8.594780921936035
2714,6.3000006675720215
2715,7.76923131942749
2716,9.013888359069824
2717,5.929292678833008
2718,7.292929172515869
2719,6.197803020477295
2720,8.077777862548828
2721,6.871212959289551
2722,9.050503730773926
2723,8.154167175292969
2724,7.433333396911621
2725,8.603022575378418
2726,7.617423057556152
2727,6.868686676025391
2728,5.253787517547607
2729,5.979166507720947
2730,6.590660095214844
2731,7.570055961608887
2732,7.417584419250488
2733,7.815657138824463
2734,7.95416784286499
2735,7.494505882263184
2736,9.51515007019043
2737,6.4659104347229
2738,6.606060981750488
2739,7.974999904632568
2740,10.23863697052002
2741,8.020605087280273
2742,8.450550079345703
2743,6.148989677429199
2744,10.175825119018555
2745,6.13194465637207
2746,6.333334445953369
2747,7.244443416595459
2748,7.232142448425293
2749,4.802198886871338
2750,5.933333396911621
2751,8.3143949508667
2752,6.820054531097412
2753,6.824175834655762
2754,7.471154689788818
2755,6.433333396911621
2756,8.923078536987305
2757,9.434341430664062
2758,7.74747371673584
2759,6.363637447357178
2760,7.645201206207275
2761,7.526100158691406
2762,8.241759300231934
2763,6.611109733581543
2764,6.034341335296631
2765,8.384615898132324
2766,8.40403938293457
2767,6.707070350646973
2768,7.040404319763184
2769,6.262625694274902
2770,7.565657138824463
2771,6.977777004241943
2772,7.204671382904053
2773,7.344445705413818
2774,8.190279006958008
2775,7.61111307144165
2776,12.070056915283203
2777,6.322222709655762
2778,6.001374244689941
2779,6.46566104888916
2780,8.122221946716309
2781,7.054167747497559
2782,5.412500381469727
2783,5.945056438446045
2784,8.67676830291748
2785,5.616161823272705
2786,5.040403842926025
2787,6.555555820465088
2788,6.9916672706604
2789,6.511111259460449
2790,7.363636016845703
2791,9.490277290344238
2792,5.102272987365723
2793,6.39267635345459
2794,7.2680559158325195
2795,6.242424011230469
2796,10.043957710266113
2797,8.524725914001465
2798,7.351649284362793
2799,6.468406677246094
2800,6.765151023864746
2801,6.577777862548828
2802,7.555555820465088
2803,5.189393520355225
2804,9.855555534362793
2805,6.574175834655762
2806,10.277778625488281
2807,7.540404319763184
2808,6.923079013824463
2809,7.111112117767334
2810,5.991666316986084
2811,6.0686821937561035
2812,9.303030014038086
2813,8.111111640930176
2814,5.909090995788574
2815,7.332070827484131
2816,5.676767349243164
2817,8.669191360473633
2818,9.831944465637207
2819,6.636363983154297
2820,7.096154689788818
2821,8.241759300231934
2822,7.444444179534912
2823,5.62912130355835
2824,6.404040336608887
2825,6.804945945739746
2826,4.913462162017822
2827,7.150254249572754
2828,10.464645385742188
2829,5.655555725097656
2830,8.655555725097656
2831,6.676767826080322
2832,8.802199363708496
2833,6.909341335296631
2834,7.177778720855713
2835,9.684343338012695
2836,5.949495315551758
2837,5.84444522857666
2838,6.444444179534912
2839,7.92929220199585
2840,8.886112213134766
2841,7.111109256744385
2842,6.381313800811768
2843,9.164834976196289
2844,10.55555534362793
2845,7.377778053283691
2846,7.111111640930176
2847,7.686112403869629
2848,6.980771064758301
2849,7.111111640930176
2850,5.9444451332092285
2851,8.311112403869629
2852,5.813187599182129
2853,7.5714287757873535
2854,6.161617279052734
2855,8.44444465637207
2856,16.55933952331543
2857,7.666667938232422
2858,5.637364387512207
2859,6.727272987365723
2860,7.5494513511657715
2861,6.886111259460449
2862,6.1648359298706055
2863,6.965278625488281
2864,7.287087917327881
2865,8.428571701049805
2866,6.652777671813965
2867,6.333333492279053
2868,8.787878036499023
2869,4.888736248016357
2870,8.940278053283691
2871,6.303030014038086
2872,7.030303001403809
2873,5.977778434753418
2874,5.859848499298096
2875,8.395605087280273
2876,9.477777481079102
2877,7.503787994384766
2878,9.747254371643066
2879,7.622221946716309
2880,6.292928695678711
2881,7.912091255187988
2882,11.181816101074219
2883,5.362637996673584
2884,6.346154689788818
2885,5.4848480224609375
2886,8.168055534362793
2887,10.677778244018555
2888,7.230770111083984
2889,6.922223091125488
2890,7.1742424964904785
2891,6.799242973327637
2892,9.001373291015625
2893,6.087912559509277
2894,6.736264228820801
2895,7.24444580078125
2896,8.021977424621582
2897,8.601388931274414
2898,6.010989665985107
2899,7.5384626388549805
2900,6.898989677429199
2901,7.767857551574707
2902,6.888889312744141
2903,7.255555629730225
2904,5.848484992980957
2905,9.652472496032715
2906,6.992424011230469
2907,8.934064865112305
2908,6.454166412353516
2909,6.989012241363525
2910,8.9595947265625
2911,5.380555629730225
2912,7.544445037841797
2913,8.142858505249023
2914,10.14444637298584
2915,9.464645385742188
2916,6.300000190734863
2917,6.784722805023193
2918,7.927197456359863
2919,6.086111545562744
2920,9.404040336608887
2921,7.117425441741943
2922,6.383838653564453
2923,7.494505882263184
2924,5.79797887802124
2925,7.777777671813965
2926,6.868687629699707
2927,7.688889503479004
2928,7.296703338623047
2929,10.94823169708252
2930,6.395605564117432
2931,8.987373352050781
2932,5.632575988769531
2933,6.061814308166504
2934,8.333333969116211
2935,10.527471542358398
2936,5.8623738288879395
2937,5.940278053283691
2938,8.133334159851074
2939,6.9555559158325195
2940,6.333333492279053
2941,6.2424235343933105
2942,7.912087917327881
2943,6.6149001121521
2944,10.926766395568848
2945,8.929291725158691
2946,9.268937110900879
2947,15.522222518920898
2948,6.4949493408203125
2949,7.323229789733887
2950,8.010991096496582
2951,5.818182468414307
2952,6.027778625488281
2953,6.24873685836792
2954,8.879120826721191
2955,7.398990631103516
2956,6.582418918609619
2957,6.494505882263184
2958,7.472527980804443
2959,7.3333330154418945
2960,8.798077583312988
2961,6.737374305725098
2962,7.706944465637207
2963,7.866665840148926
2964,6.58838415145874
2965,5.7170329093933105
2966,9.93406867980957
2967,5.648352146148682
2968,6.040404319763184
2969,6.646979331970215
2970,5.64835262298584
2971,9.181818008422852
2972,7.725274562835693
2973,6.835166931152344
2974,6.054946422576904
2975,5.686868667602539
2976,4.780303001403809
2977,6.709723472595215
2978,8.197802543640137
2979,7.322221279144287
2980,6.395605087280273
2981,6.343433856964111
2982,5.777777671813965
2983,6.997221946716309
2984,6.6703314781188965
2985,6.573233127593994
2986,6.276099681854248
2987,10.0
2988,10.622221946716309
2989,7.3232316970825195
2990,6.51648473739624
2991,7.4242424964904785
2992,7.4491777420043945
2993,5.944444179534912
2994,9.318680763244629
2995,7.032967567443848
2996,8.143938064575195
2997,7.87777853012085
2998,7.9090895652771
2999,7.208792209625244
3000,7.186814785003662
3001,15.604397773742676
3002,6.140110969543457
3003,7.35027551651001
3004,6.464646816253662
3005,6.9313178062438965
3006,5.811110973358154
3007,5.753787517547607
3008,7.450550079345703
3009,6.952021598815918
3010,7.534090518951416
3011,6.07692289352417
3012,4.503787517547607
3013,10.030556678771973
3014,6.676767826080322
3015,7.666667938232422
3016,5.733584880828857
3017,6.252525806427002
3018,5.415404319763184
3019,7.919193267822266
3020,5.898990154266357
3021,8.384615898132324
3022,9.88888931274414
3023,7.949999809265137
3024,7.604796409606934
3025,6.40972375869751
3026,5.6861114501953125
3027,7.241759300231934
3028,8.366666793823242
3029,6.560441493988037
3030,9.554166793823242
3031,7.2060441970825195
3032,7.744444847106934
3033,8.306319236755371
3034,8.023351669311523
3035,8.461540222167969
3036,6.272727012634277
3037,6.736264705657959
3038,8.511112213134766
3039,9.373627662658691
3040,5.97979736328125
3041,7.052778720855713
3042,8.153846740722656
3043,6.631944179534912
3044,7.588890075683594
3045,7.77777624130249
3046,7.282827854156494
3047,9.42424201965332
3048,11.020198822021484
3049,9.393939971923828
3050,6.505494594573975
3051,6.351649284362793
3052,6.18181848526001
3053,8.992424011230469
3054,6.545833587646484
3055,8.098902702331543
3056,8.145833015441895
3057,6.722222328186035
3058,6.9090895652771
3059,6.227778434753418
3060,6.488888740539551
3061,6.072803020477295
3062,8.716668128967285
3063,6.777472496032715
3064,5.454545021057129
3065,6.333333492279053
3066,6.144445419311523
3067,7.219780921936035
3068,8.757575035095215
3069,7.867424011230469
3070,7.769232273101807
3071,10.401388168334961
3072,5.890110969543457
3073,9.161615371704102
3074,7.119505882263184
3075,7.233517646789551
3076,7.070706367492676
3077,6.333333969116211
3078,6.3625006675720215
3079,5.999999523162842
3080,6.477778434753418
3081,6.1666669845581055
3082,7.020203590393066
3083,7.800000190734863
3084,7.899999141693115
3085,8.565656661987305
3086,5.931943893432617
3087,7.065934658050537
3088,6.206045150756836
3089,5.578296661376953
3090,6.282829284667969
3091,5.748737335205078
3092,8.433334350585938
3093,7.666668891906738
3094,7.015151023864746
3095,11.034090042114258
3096,7.516667366027832
3097,8.676767349243164
3098,7.601647853851318
3099,6.6363630294799805
3100,6.080807685852051
3101,5.433081150054932
3102,9.53409194946289
3103,6.450550079345703
3104,7.161616325378418
3105,7.818182468414307
3106,8.399999618530273
3107,5.336538791656494
3108,6.8008246421813965
3109,5.565657138824463
3110,7.188131809234619
3111,6.438130855560303
3112,10.02020263671875
3113,5.696969509124756
3114,7.000000953674316
3115,8.560441017150879
3116,6.535353660583496
3117,7.647222995758057
3118,5.39141321182251
3119,6.597222805023193
3120,5.898989200592041
3121,6.91161584854126
3122,6.785353660583496
3123,18.0
3124,6.462912559509277
3125,6.292929172515869
3126,7.161616325378418
3127,6.405303001403809
3128,10.122221946716309
3129,7.84848690032959
3130,5.562500953674316
3131,7.8666672706604
3132,8.808333396911621
3133,8.40403938293457
3134,6.811867713928223
3135,7.051766872406006
3136,5.856060981750488
3137,8.329671859741211
3138,5.797979354858398
3139,5.763889312744141
3140,7.96969747543335
3141,10.476387023925781
3142,6.989012241363525
3143,8.98611068725586
3144,9.06944465637207
3145,6.696969509124756
3146,7.949495792388916
3147,6.622221946716309
3148,8.929945945739746
3149,6.573233127593994
3150,4.939393520355225
3151,5.887500762939453
3152,6.717033386230469
3153,5.819444179534912
3154,7.383838653564453
3155,6.6666669845581055
3156,7.3939385414123535
3157,7.196429252624512
3158,7.274725914001465
3159,7.835165977478027
3160,6.020604610443115
3161,6.001374244689941
3162,7.208792209625244
3163,8.272727012634277
3164,8.008334159851074
3165,6.233585357666016
3166,7.848484039306641
3167,8.626260757446289
3168,8.578296661376953
3169,10.966665267944336
3170,6.813187599182129
3171,8.1856050491333
3172,5.7486114501953125
3173,6.429945468902588
3174,5.811111927032471
3175,7.142858982086182
3176,5.535354137420654
3177,6.337500095367432
3178,7.609890937805176
3179,6.425505638122559
3180,7.34444522857666
3181,7.284090995788574
3182,8.469780921936035
3183,6.422222137451172
3184,5.533333778381348
3185,7.902473449707031
3186,7.666666507720947
3187,6.867424011230469
3188,7.021978855133057
3189,7.789140224456787
3190,7.774998664855957
3191,9.461539268493652
3192,5.133333683013916
3193,6.465909004211426
3194,6.8241777420043945
3195,8.032967567443848
3196,8.707071304321289
3197,8.288888931274414
3198,7.995832920074463
3199,5.727272033691406
3200,6.333332538604736
3201,5.8666672706604
3202,15.604398727416992
3203,5.233586311340332
3204,6.232323169708252
3205,7.524725437164307
3206,7.4646453857421875
3207,7.262625694274902
3208,7.487500190734863
3209,6.918957710266113
3210,7.077779293060303
3211,6.131313323974609
3212,6.914141654968262
3213,8.322223663330078
3214,7.696430206298828
3215,6.282827854156494
3216,6.934723854064941
3217,6.833333492279053
3218,6.638736724853516
3219,7.565655708312988
3220,9.375
3221,4.714285850524902
3222,6.613637447357178
3223,6.417584419250488
3224,10.27500057220459
3225,7.232322692871094
3226,4.983333110809326
3227,7.320054531097412
3228,11.555556297302246
3229,7.2209601402282715
3230,6.871211051940918
3231,10.13187026977539
3232,6.549242973327637
3233,8.020203590393066
3234,8.222222328186035
3235,7.725274085998535
3236,7.191918849945068
3237,6.843406677246094
3238,6.707070350646973
3239,6.900000095367432
3240,6.959595680236816
3241,6.895833492279053
3242,10.424243927001953
3243,11.615384101867676
3244,9.844444274902344
3245,7.488888740539551
3246,6.9222211837768555
3247,6.088890075683594
3248,6.153846740722656
3249,6.737637519836426
3250,6.800824165344238
3251,8.23611068725586
3252,7.109724521636963
3253,9.84615421295166
3254,6.375
3255,5.994444370269775
3256,7.108517646789551
3257,8.722222328186035
3258,5.311111927032471
3259,7.6767683029174805
3260,7.000000953674316
3261,8.171716690063477
3262,5.60606050491333
3263,8.002747535705566
3264,8.544445991516113
3265,6.617424964904785
3266,5.646464824676514
3267,6.560441017150879
3268,9.1875
3269,7.436814308166504
3270,10.297980308532715
3271,6.9560441970825195
3272,7.15555477142334
3273,7.197802543640137
3274,7.159340858459473
3275,6.586111545562744
3276,6.161617279052734
3277,7.565657138824463
3278,7.323232173919678
3279,5.285715579986572
3280,17.888887405395508
3281,6.939560890197754
3282,8.311110496520996
3283,7.655555725097656
3284,8.582072257995605
3285,7.909090518951416
3286,5.772222518920898
3287,7.379166603088379
3288,8.184343338012695
3289,6.637362480163574
3290,5.401099681854248
3291,6.59340763092041
3292,6.0444440841674805
3293,6.07142972946167
3294,5.384615421295166
3295,9.40403938293457
3296,6.725275993347168
3297,7.809065818786621
3298,7.144230842590332
3299,6.571969509124756
3300,7.1638898849487305
3301,10.12221908569336
3302,7.535353660583496
3303,9.593408584594727
3304,6.835165500640869
3305,6.406594276428223
3306,7.111111640930176
3307,6.832418918609619
3308,8.178571701049805
3309,6.808080196380615
3310,6.109890937805176
3311,6.640110969543457
3312,10.222221374511719
3313,7.836112022399902
3314,7.3222222328186035
3315,7.84444522857666
3316,7.26666784286499
3317,9.434343338012695
3318,6.233334064483643
3319,8.070834159851074
3320,7.994505882263184
3321,8.17171859741211
3322,6.010988712310791
3323,6.40384578704834
3324,6.527473449707031
3325,7.515110969543457
3326,7.050505638122559
3327,7.480771064758301
3328,5.515151500701904
3329,6.888889312744141
3330,6.108516693115234
3331,8.251389503479004
3332,5.681319236755371
3333,8.000000953674316
3334,6.465909481048584
3335,12.636360168457031
3336,6.686112403869629
3337,6.496212959289551
3338,6.6565656661987305
3339,5.777778148651123
3340,7.472527980804443
3341,6.8964643478393555
3342,5.995879173278809
3343,6.675505638122559
3344,6.864898681640625
3345,5.926388740539551
3346,7.966668128967285
3347,7.0541672706604
3348,5.659341335296631
3349,6.355555534362793
3350,6.010989665985107
3351,12.229795455932617
3352,12.879122734069824
3353,6.59340763092041
3354,8.914139747619629
3355,8.62774658203125
3356,7.247474670410156
3357,8.070707321166992
3358,7.241758823394775
3359,7.8964643478393555
3360,7.6767683029174805
3361,7.591668128967285
3362,6.795454502105713
3363,7.203282833099365
3364,7.821429252624512
3365,6.637363433837891
3366,7.200549125671387
3367,5.940934658050537
3368,11.59340763092041
3369,7.780221462249756
3370,13.600001335144043
3371,6.419192314147949
3372,8.494949340820312
3373,6.923077583312988
3374,6.10479736328125
3375,6.116161823272705
3376,9.548611640930176
3377,7.252523899078369
3378,7.9444451332092285
3379,6.151515007019043
3380,6.329670429229736
3381,11.109889030456543
3382,4.620833396911621
3383,6.161615371704102
3384,6.191919803619385
3385,6.131312847137451
3386,6.078297138214111
3387,5.591666221618652
3388,7.8763885498046875
3389,8.065934181213379
3390,6.9423089027404785
3391,7.086538791656494
3392,6.666667938232422
3393,7.417583465576172
3394,8.36363697052002
3395,5.855555057525635
3396,6.7032976150512695
3397,7.186814308166504
3398,10.623737335205078
3399,8.131943702697754
3400,6.717171669006348
3401,6.4291672706604
3402,9.188188552856445
3403,8.41110897064209
3404,9.434344291687012
3405,9.0625
3406,6.898989677429199
3407,6.422223091125488
3408,5.5425825119018555
3409,5.535353660583496
3410,6.015278339385986
3411,5.696969985961914
3412,5.98106050491333
3413,6.676766872406006
3414,7.97252893447876
3415,6.566666603088379
3416,8.667581558227539
3417,6.828282356262207
3418,7.797978401184082
3419,6.560441017150879
3420,6.911110877990723
3421,6.142857551574707
3422,7.758242607116699
3423,7.044445037841797
3424,10.666666030883789
3425,8.717170715332031
3426,8.262626647949219
3427,6.723484992980957
3428,10.151515007019043
3429,7.868132591247559
3430,7.055556297302246
3431,6.2815937995910645
3432,7.866667747497559
3433,7.040403842926025
3434,7.701388359069824
3435,5.786110877990723
3436,5.9065937995910645
3437,6.727777004241943
3438,6.8222222328186035
3439,8.66620922088623
3440,6.711111545562744
3441,5.880494594573975
3442,4.78661584854126
3443,9.133243560791016
3444,6.237499713897705
3445,9.856059074401855
3446,10.494505882263184
3447,7.144444465637207
3448,6.090909957885742
3449,9.689560890197754
3450,7.733517646789551
3451,5.681318759918213
3452,7.61538553237915
3453,8.686867713928223
3454,7.919445037841797
3455,6.777777671813965
3456,6.050504684448242
3457,6.755555629730225
3458,6.755555629730225
3459,5.84444522857666
3460,7.939393520355225
3461,14.077778816223145
3462,7.844444274902344
3463,5.9763898849487305
3464,14.444445610046387
3465,6.703299045562744
3466,5.868131637573242
3467,8.452019691467285
3468,5.44318151473999
3469,7.511363983154297
3470,5.76923131942749
3471,7.912500858306885
3472,8.859848022460938
3473,7.221155643463135
3474,7.373625755310059
3475,7.536111354827881
3476,5.676767349243164
3477,5.969696998596191
3478,7.997221946716309
3479,6.9587907791137695
3480,12.622252464294434
3481,6.225275039672852
3482,6.6982316970825195
3483,5.633333683013916
3484,7.111112117767334
3485,5.923611164093018
3486,8.9356050491333
3487,6.76767635345459
3488,6.5638885498046875
3489,6.704167366027832
3490,6.638889312744141
3491,9.066667556762695
3492,8.793956756591797
3493,5.737500190734863
3494,11.472529411315918
3495,11.141414642333984
3496,12.962501525878906
3497,7.132575035095215
3498,7.447222709655762
3499,6.900000095367432
3500,10.414142608642578
3501,5.141414165496826
3502,7.279168128967285
3503,7.9736127853393555
3504,11.406564712524414
3505,6.464646339416504
3506,8.22115421295166
3507,8.497221946716309
3508,7.098902225494385
3509,9.797977447509766
3510,7.622222900390625
3511,10.138886451721191
3512,6.400000095367432
3513,7.384615898132324
3514,6.449176788330078
3515,6.011110782623291
3516,7.401389122009277
3517,8.790278434753418
3518,6.118055820465088
3519,6.880049705505371
3520,7.202020168304443
3521,7.6958327293396
3522,5.611111164093018
3523,7.773989677429199
3524,8.736263275146484
3525,5.5958333015441895
3526,7.006868839263916
3527,8.226388931274414
3528,5.729798316955566
3529,10.340659141540527
3530,9.13131332397461
3531,5.711112022399902
3532,12.599996566772461
3533,8.500000953674316
3534,6.611109733581543
3535,5.395604610443115
3536,6.070706844329834
3537,7.911112308502197
3538,7.9546709060668945
3539,7.373737335205078
3540,8.121210098266602
3541,10.747472763061523
3542,6.90109920501709
3543,7.39166784286499
3544,5.834596157073975
3545,10.188889503479004
3546,14.444442749023438
3547,7.660715579986572
3548,6.717171669006348
3549,8.172224044799805
3550,6.000000953674316
3551,7.470959663391113
3552,6.222222805023193
3553,8.711111068725586
3554,6.788462162017822
3555,7.6262617111206055
3556,7.536111354827881
3557,5.543056488037109
3558,7.4555559158325195
3559,9.15555477142334
3560,6.969445705413818
3561,7.459596157073975
3562,10.055557250976562
3563,5.890110969543457
3564,5.908334255218506
3565,5.880494594573975
3566,6.293957710266113
3567,5.218055725097656
3568,6.788888454437256
3569,5.737374305725098
3570,6.186814308166504
3571,6.376389026641846
3572,7.3409104347229
3573,5.888736248016357
3574,6.989898681640625
3575,7.945055961608887
3576,9.838384628295898
3577,6.773352146148682
3578,6.131868362426758
3579,6.023352146148682
3580,6.617424011230469
3581,6.210859298706055
3582,8.375000953674316
3583,6.800824165344238
3584,7.099999904632568
3585,7.032967567443848
3586,6.824175834655762
3587,8.757575988769531
3588,6.3939409255981445
3589,7.104395866394043
3590,4.976647853851318
3591,7.901100158691406
3592,5.313131332397461
3593,7.443055629730225
3594,7.439561367034912
3595,7.901515960693359
3596,8.652778625488281
3597,6.333332538604736
3598,8.2095947265625
3599,8.364898681640625
3600,7.193182468414307
3601,7.736264705657959
3602,6.505494594573975
3603,6.9444451332092285
3604,7.804945945739746
3605,7.000000953674316
3606,4.976010799407959
3607,10.288887023925781
3608,8.72348403930664
3609,7.0439558029174805
3610,8.484846115112305
3611,10.29861068725586
3612,9.05555534362793
3613,7.0541672706604
3614,5.190279006958008
3615,5.450550556182861
3616,7.565655708312988
3617,7.131868839263916
3618,13.22221851348877
3619,6.198612689971924
3620,6.145201206207275
3621,10.233585357666016
3622,7.588888645172119
3623,6.34615421295166
3624,7.318055629730225
3625,7.208792209625244
3626,7.968056678771973
3627,7.777777194976807
3628,8.255556106567383
3629,6.5444440841674805
3630,6.987374305725098
3631,5.520605564117432
3632,9.511110305786133
3633,9.913461685180664
3634,7.933333396911621
3635,10.214648246765137
3636,6.603534698486328
3637,11.07555103302002
3638,9.123611450195312
3639,7.659340858459473
3640,5.445706367492676
3641,7.121212005615234
3642,11.266666412353516
3643,5.747474670410156
3644,7.9090895652771
3645,7.0125017166137695
3646,6.505496025085449
3647,7.806318759918213
3648,9.031566619873047
3649,6.929945468902588
3650,5.933332920074463
3651,8.141412734985352
3652,9.417583465576172
3653,10.536111831665039
3654,8.777777671813965
3655,5.593434810638428
3656,7.044445037841797
3657,5.171717166900635
3658,7.72252893447876
3659,10.11111068725586
3660,7.122221946716309
3661,6.193682670593262
3662,7.6888885498046875
3663,8.609723091125488
3664,7.815934181213379
3665,7.3649001121521
3666,5.909091472625732
3667,9.140151023864746
3668,7.56691837310791
3669,6.000000953674316
3670,7.222222805023193
3671,5.845959663391113
3672,6.175825119018555
3673,10.188891410827637
3674,7.711111545562744
3675,6.000000476837158
3676,5.604396343231201
3677,7.520203590393066
3678,5.71212100982666
3679,5.696969509124756
3680,11.032968521118164
3681,7.262625694274902
3682,6.989012241363525
3683,5.83838415145874
3684,6.384615898132324
3685,5.125000953674316
3686,8.068683624267578
3687,8.94444465637207
3688,7.3737382888793945
3689,7.088889122009277
3690,7.118686676025391
3691,6.118687152862549
3692,10.78787899017334
3693,7.9222211837768555
3694,7.3800506591796875
3695,7.511109828948975
3696,8.922224044799805
3697,6.222222805023193
3698,8.313131332397461
3699,8.109722137451172
3700,6.50412130355835
3701,8.171716690063477
3702,5.7115397453308105
3703,6.40000057220459
3704,7.011111259460449
3705,8.492424011230469
3706,7.494948387145996
3707,8.178030967712402
3708,8.340660095214844
3709,7.359848976135254
3710,7.032968044281006
3711,9.171714782714844
3712,6.723902225494385
3713,9.0
3714,10.084595680236816
3715,6.8021979331970215
3716,7.111111640930176
3717,7.76923131942749
3718,11.065277099609375
3719,6.340660095214844
3720,10.158333778381348
3721,7.555555820465088
3722,8.799999237060547
3723,9.373626708984375
3724,7.272727012634277
3725,5.60277795791626
3726,5.5805559158325195
3727,12.109890937805176
3728,7.44318151473999
3729,10.806319236755371
3730,6.861110687255859
3731,7.758242607116699
3732,7.3434343338012695
3733,7.994444370269775
3734,8.377777099609375
3735,6.5541672706604
3736,8.868133544921875
3737,5.939392566680908
3738,6.551766872406006
3739,7.439561367034912
3740,7.322222709655762
3741,8.59340763092041
3742,7.411110877990723
3743,6.685605049133301
3744,4.866666793823242
3745,6.285715103149414
3746,7.361110687255859
3747,6.946970462799072
3748,8.15384578704834
3749,7.977777004241943
3750,6.847222805023193
3751,7.0012640953063965
3752,6.784722328186035
3753,6.502778053283691
3754,9.142858505249023
3755,7.477777004241943
3756,8.480770111083984
3757,5.962912559509277
3758,8.411110877990723
3759,6.831944465637207
3760,6.404040336608887
3761,6.122222900390625
3762,12.29999828338623
3763,9.601649284362793
3764,7.2184343338012695
3765,5.696969509124756
3766,6.491759300231934
3767,8.000001907348633
3768,5.912088871002197
3769,10.615387916564941
3770,9.742424011230469
3771,9.565277099609375
3772,6.176388740539551
3773,6.5416669845581055
3774,6.258333683013916
3775,8.058333396911621
3776,11.06691837310791
3777,6.233334541320801
3778,8.623611450195312
3779,7.111111640930176
3780,7.527472496032715
3781,8.202018737792969
3782,7.34066104888916
3783,7.554165840148926
3784,5.969696521759033
3785,10.919195175170898
3786,7.379167079925537
3787,7.634721279144287
3788,7.585858345031738
3789,9.612638473510742
3790,7.195706367492676
3791,6.362637519836426
3792,6.755494594573975
3793,6.690934658050537
3794,10.838384628295898
3795,7.453282356262207
3796,6.548610687255859
3797,10.548077583312988
3798,8.422222137451172
3799,5.044445037841797
3800,6.222222328186035
3801,6.626373291015625
3802,5.655555248260498
3803,6.979798316955566
3804,5.944445610046387
3805,9.964287757873535
3806,7.1666669845581055
3807,6.835165977478027
3808,5.227778434753418
3809,8.522222518920898
3810,5.777777671813965
3811,8.240385055541992
3812,6.677778720855713
3813,6.713890075683594
3814,9.365277290344238
3815,7.568182468414307
3816,9.021979331970215
3817,6.8222222328186035
3818,5.565277576446533
3819,9.31110954284668
3820,9.109890937805176
3821,8.956045150756836
3822,7.047980308532715
3823,6.208333492279053
3824,7.725275993347168
3825,7.128787994384766
3826,7.6958327293396
3827,9.166666030883789
3828,8.633332252502441
3829,5.808079719543457
3830,5.614010810852051
3831,6.848486423492432
3832,7.6703290939331055
3833,6.861111640930176
3834,5.276388168334961
3835,5.6750006675720215
3836,8.123627662658691
3837,13.285715103149414
3838,9.070053100585938
3839,6.444444179534912
3840,8.202019691467285
3841,9.101388931274414
3842,5.858586311340332
3843,5.526515960693359
3844,7.4747490882873535
3845,6.692307949066162
3846,7.173077583312988
3847,8.070707321166992
3848,6.868132591247559
3849,6.1538472175598145
3850,8.692307472229004
3851,5.777777671813965
3852,7.566666603088379
3853,6.4555559158325195
3854,5.611110210418701
3855,7.648354530334473
3856,5.879122257232666
3857,6.033333778381348
3858,7.0425825119018555
3859,7.39267635345459
3860,9.708332061767578
3861,4.622222900390625
3862,7.843055725097656
3863,8.35555648803711
3864,4.704166889190674
3865,10.620835304260254
3866,6.0879130363464355
3867,6.383837699890137
3868,5.636363506317139
3869,9.309066772460938
3870,6.111110687255859
3871,7.272727012634277
3872,7.978022575378418
3873,7.417584419250488
3874,7.277779579162598
3875,7.454545497894287
3876,6.4659104347229
3877,8.353023529052734
3878,6.698232173919678
3879,8.387627601623535
3880,6.309343338012695
3881,7.241759300231934
3882,5.922223091125488
3883,9.328282356262207
3884,8.946430206298828
3885,6.725274562835693
3886,5.52222204208374
3887,8.848484992980957
3888,6.444444179534912
3889,10.269232749938965
3890,7.393937587738037
3891,6.585858345031738
3892,6.244949817657471
3893,7.000000953674316
3894,7.857144355773926
3895,6.362500190734863
3896,8.931818008422852
3897,7.252747535705566
3898,7.715909481048584
3899,8.676765441894531
3900,7.161616325378418
3901,8.688888549804688
3902,5.406594753265381
3903,7.868687629699707
3904,7.215277671813965
3905,6.909090995788574
3906,6.431817531585693
3907,9.272727966308594
3908,5.537087440490723
3909,7.055555820465088
3910,5.3434343338012695
3911,7.9444451332092285
3912,8.549452781677246
3913,4.988889217376709
3914,5.678030967712402
3915,6.939393520355225
3916,6.292929649353027
3917,7.262626647949219
3918,5.976388931274414
3919,6.666667938232422
3920,7.333334445953369
3921,6.745879173278809
3922,7.877778053283691
3923,7.0505051612854
3924,8.431944847106934
3925,9.464646339416504
3926,6.222221374511719
3927,5.582417964935303
3928,6.619444847106934
3929,7.3333330154418945
3930,7.0555572509765625
3931,6.1888885498046875
3932,6.833333492279053
3933,6.381868362426758
3934,6.434344291687012
3935,8.938130378723145
3936,7.824175834655762
3937,5.199999809265137
3938,12.744504928588867
3939,4.887625694274902
3940,10.679945945739746
3941,6.443055629730225
3942,8.209722518920898
3943,7.383837699890137
3944,5.645833492279053
3945,10.197802543640137
3946,6.019444465637207
3947,6.593406677246094
3948,6.131868839263916
3949,9.98750114440918
3950,6.197803020477295
3951,10.111111640930176
3952,5.505049705505371
3953,6.803031921386719
3954,10.400001525878906
3955,7.979796409606934
3956,6.9291672706604
3957,5.454166889190674
3958,7.1854400634765625
3959,6.6868696212768555
3960,6.4103546142578125
3961,7.585858345031738
3962,5.659341812133789
3963,6.964285850524902
3964,5.984848499298096
3965,7.364898681640625
3966,7.355555534362793
3967,9.63194465637207
3968,8.769230842590332
3969,10.195834159851074
3970,7.959597110748291
3971,8.377778053283691
3972,6.911110877990723
3973,6.618686676025391
3974,6.9785356521606445
3975,5.248627662658691
3976,7.24176025390625
3977,7.388889312744141
3978,6.626374244689941
3979,6.7046709060668945
3980,8.64520263671875
3981,10.066666603088379
3982,5.989898204803467
3983,8.680556297302246
3984,8.815658569335938
3985,7.844444274902344
3986,6.767857551574707
3987,5.476648807525635
3988,6.6833343505859375
3989,6.299999713897705
3990,5.362636566162109
3991,9.342032432556152
3992,7.298611640930176
3993,12.601008415222168
3994,7.505051612854004
3995,6.911614894866943
3996,6.868132591247559
3997,7.045834541320801
3998,8.58080768585205
3999,5.902777194976807
4000,9.571428298950195
4001,9.656564712524414
4002,6.599999904632568
4003,6.587500095367432
4004,8.923078536987305
4005,6.959595680236816
4006,8.066665649414062
4007,7.588889122009277
4008,10.457418441772461
4009,9.55555534362793
4010,7.563889503479004
4011,8.68610954284668
4012,6.527472496032715
4013,8.233333587646484
4014,7.318055629730225
4015,7.545454502105713
4016,6.848484992980957
4017,7.851647853851318
4018,5.383837699890137
4019,6.868687629699707
4020,5.8736114501953125
4021,10.255558967590332
4022,13.098901748657227
4023,5.7430548667907715
4024,6.9450554847717285
4025,7.577776908874512
4026,9.744443893432617
4027,6.828283786773682
4028,9.979165077209473
4029,6.767678260803223
4030,9.755555152893066
4031,9.828283309936523
4032,6.518056392669678
4033,6.9333343505859375
4034,7.511111259460449
4035,6.921704292297363
4036,6.345959663391113
4037,5.111111640930176
4038,5.917929172515869
4039,6.71944522857666
4040,9.666665077209473
4041,9.75961685180664
4042,14.076925277709961
4043,6.090909004211426
4044,5.969696521759033
4045,9.056320190429688
4046,7.398612022399902
4047,6.5757575035095215
4048,8.586111068725586
4049,8.414836883544922
4050,7.879167079925537
4051,8.053031921386719
4052,7.201388359069824
4053,5.648352146148682
4054,8.54999828338623
4055,7.488890171051025
4056,5.854395866394043
4057,6.822222709655762
4058,6.494505405426025
4059,7.81818151473999
4060,7.712500095367432
4061,7.372254371643066
4062,7.989011287689209
4063,5.878787994384766
4064,5.709596157073975
4065,7.222222328186035
4066,7.122221946716309
4067,11.093055725097656
4068,8.181944847106934
4069,5.5892863273620605
4070,6.611111640930176
4071,10.258838653564453
4072,6.5593438148498535
4073,6.909340858459473
4074,8.036110877990723
4075,8.373738288879395
4076,5.010101318359375
4077,7.109889030456543
4078,9.414138793945312
4079,7.846154689788818
4080,8.986265182495117
4081,7.177198886871338
4082,6.5604400634765625
4083,6.922222137451172
4084,6.959596157073975
4085,7.717169761657715
4086,8.444443702697754
4087,6.9555559158325195
4088,6.8763747215271
4089,8.739898681640625
4090,5.340909004211426
4091,12.879117965698242
4092,9.461539268493652
4093,5.777777671813965
4094,6.3200554847717285
4095,6.535351753234863
4096,9.261363983154297
4097,8.188187599182129
4098,6.9945068359375
4099,9.263738632202148
4100,7.2652788162231445
4101,5.97979736328125
4102,5.976648807525635
4103,8.549450874328613
4104,7.888887882232666
4105,6.222221851348877
4106,6.606062412261963
4107,6.285715103149414
4108,14.758244514465332
4109,8.05219841003418
4110,7.393939018249512
4111,6.329670429229736
4112,7.577020168304443
4113,8.626262664794922
4114,5.809722423553467
4115,6.699175834655762
4116,7.04027795791626
4117,8.989897727966309
4118,7.46805477142334
4119,6.4646453857421875
4120,7.6730756759643555
4121,8.5
4122,5.57417631149292
4123,7.979798316955566
4124,6.472527980804443
4125,7.44305419921875
4126,5.6464643478393555
4127,5.631868362426758
4128,9.555554389953613
4129,8.30555534362793
4130,6.8666672706604
4131,5.9560441970825195
4132,6.79797887802124
4133,5.820055961608887
4134,6.283332824707031
4135,5.433333396911621
4136,8.813185691833496
4137,7.137364387512207
4138,9.758243560791016
4139,5.686868190765381
4140,9.252778053283691
4141,6.900251865386963
4142,7.998610496520996
4143,7.8295464515686035
4144,9.95555591583252
4145,6.969696998596191
4146,8.46464729309082
4147,6.362637996673584
4148,6.449494361877441
4149,10.377778053283691
4150,6.213383197784424
4151,6.340909481048584
4152,7.581045627593994
4153,6.501389503479004
4154,6.344444751739502
4155,8.537088394165039
4156,8.366668701171875
4157,7.222222328186035
4158,9.471155166625977
4159,8.472527503967285
4160,6.422223091125488
4161,10.466665267944336
4162,9.161616325378418
4163,5.505494594573975
4164,9.912087440490723
4165,6.232143878936768
4166,7.758242607116699
4167,7.355556488037109
4168,7.563131809234619
4169,9.288887977600098
4170,7.377778053283691
4171,6.0
4172,8.588888168334961
4173,5.6376261711120605
4174,6.845833778381348
4175,10.512364387512207
4176,7.858516693115234
4177,7.035353660583496
4178,6.9560441970825195
4179,5.844444751739502
4180,6.5757575035095215
4181,5.020201683044434
4182,7.042929172515869
4183,7.511113166809082
4184,7.272729396820068
4185,6.611111640930176
4186,13.719446182250977
4187,8.27609920501709
4188,5.383839130401611
4189,8.646465301513672
4190,5.4615397453308105
4191,5.700550079345703
4192,8.677778244018555
4193,7.809065341949463
4194,6.605555534362793
4195,5.303030490875244
4196,6.727272987365723
4197,6.366666793823242
4198,6.197803497314453
4199,6.599999904632568
4200,9.240386009216309
4201,7.777777671813965
4202,11.209722518920898
4203,9.85302448272705
4204,5.698233127593994
4205,6.867423057556152
4206,7.208792209625244
4207,6.060606002807617
4208,6.311110019683838
4209,8.944443702697754
4210,8.377778053283691
4211,6.574494361877441
4212,10.441667556762695
4213,7.71805477142334
4214,9.54444408416748
4215,8.060606002807617
4216,8.635102272033691
4217,6.9450554847717285
4218,5.093055248260498
4219,5.728536605834961
4220,5.919191360473633
4221,6.999998569488525
4222,6.744444847106934
4223,7.979798316955566
4224,8.000001907348633
4225,6.868686676025391
4226,8.391484260559082
4227,5.440934658050537
4228,7.155555725097656
4229,6.888888359069824
4230,6.1555562019348145
4231,8.26388931274414
4232,5.959722518920898
4233,10.909090995788574
4234,7.988888740539551
4235,7.601649284362793
4236,8.388888359069824
4237,8.296704292297363
4238,5.368131637573242
4239,7.131312370300293
4240,5.1555562019348145
4241,7.3111114501953125
4242,6.4507575035095215
4243,7.972222805023193
4244,8.505050659179688
4245,7.141413688659668
4246,8.388890266418457
4247,7.744444847106934
4248,8.76767635345459
4249,8.45555591583252
4250,9.090909957885742
4251,6.233516693115234
4252,8.811111450195312
4253,8.323612213134766
4254,8.646465301513672
4255,6.19444465637207
4256,7.878787994384766
4257,7.133334159851074
4258,7.369505405426025
4259,9.302778244018555
4260,6.425505638122559
4261,4.80219841003418
4262,6.340660572052002
4263,6.048612117767334
4264,9.595833778381348
4265,7.193182945251465
4266,11.902471542358398
4267,6.505049705505371
4268,8.383334159851074
4269,5.622222423553467
4270,7.27060604095459
4271,8.579544067382812
4272,7.5555572509765625
4273,7.834721565246582
4274,5.425000190734863
4275,9.059067726135254
4276,9.973483085632324
4277,5.64697790145874
4278,6.461538791656494
4279,6.696969509124756
4280,6.619444370269775
4281,8.9595947265625
4282,6.494505405426025
4283,6.964285373687744
4284,4.771978855133057
4285,10.666667938232422
4286,7.362374305725098
4287,5.582418441772461
4288,8.755556106567383
4289,8.323232650756836
4290,7.252524375915527
4291,6.3076934814453125
4292,6.522223472595215
4293,10.175826072692871
4294,7.8021979331970215
4295,5.626262187957764
4296,7.8333330154418945
4297,8.09217357635498
4298,7.252524375915527
4299,6.296704292297363
4300,6.637362480163574
4301,9.032968521118164
4302,7.455556392669678
4303,5.659340858459473
4304,4.59999942779541
4305,7.7588372230529785
4306,9.39520263671875
4307,8.647223472595215
4308,7.141414642333984
4309,7.261363983154297
4310,6.370833396911621
4311,6.241759777069092
4312,6.83712100982666
4313,6.942307949066162
4314,7.121214389801025
4315,4.843055725097656
4316,6.976389408111572
4317,6.888888359069824
4318,5.910715103149414
4319,6.284090518951416
4320,7.186814308166504
4321,6.515151023864746
4322,8.759720802307129
4323,6.688889980316162
4324,4.9527788162231445
4325,7.5757575035095215
4326,8.356945037841797
4327,7.3030290603637695
4328,8.770605087280273
4329,9.211112022399902
4330,9.929292678833008
4331,5.666667461395264
4332,7.461537837982178
4333,6.979798316955566
4334,5.496212482452393
4335,7.886110782623291
4336,9.011110305786133
4337,6.9608588218688965
4338,7.28661584854126
4339,6.751263618469238
4340,7.153846740722656
4341,6.699999809265137
4342,5.677778244018555
4343,7.119444370269775
4344,13.274724960327148
4345,9.588889122009277
4346,5.474747657775879
4347,7.111112117767334
4348,5.4666666984558105
4349,5.295330047607422
4350,5.681318759918213
4351,8.933334350585938
4352,7.266665458679199
4353,6.8222222328186035
4354,11.871213912963867
4355,7.6923089027404785
4356,5.808080196380615
4357,6.088383674621582
4358,6.464646339416504
4359,7.07070779800415
4360,8.076924324035645
4361,8.23232364654541
4362,7.677778720855713
4363,7.384615421295166
4364,6.2323222160339355
4365,5.421703338623047
4366,7.623612403869629
4367,5.666666507720947
4368,10.082419395446777
4369,7.9333343505859375
4370,6.973901271820068
4371,6.341668128967285
4372,7.131312370300293
4373,6.87912130355835
4374,7.637363433837891
4375,7.711112022399902
4376,8.50549602508545
4377,8.86616039276123
4378,5.818181991577148
4379,9.060606956481934
4380,6.469780921936035
4381,5.979798793792725
4382,6.97115421295166
4383,9.375
4384,5.668056488037109
4385,7.516484260559082
4386,5.350000381469727
4387,4.758837699890137
4388,6.559344291687012
4389,8.355555534362793
4390,7.3232316970825195
4391,6.501374244689941
4392,8.727272033691406
4393,10.622474670410156
4394,6.655555725097656
4395,6.3636369705200195
4396,6.4040398597717285
4397,6.848484992980957
4398,6.736265659332275
4399,6.3737382888793945
4400,6.4555559158325195
4401,7.133334159851074
4402,7.171717643737793
4403,10.2417573928833
4404,6.9255051612854
4405,6.373737335205078
4406,10.144442558288574
4407,5.725275039672852
4408,7.853022575378418
4409,7.125000953674316
4410,8.207070350646973
4411,5.122252941131592
4412,7.350274562835693
4413,9.577778816223145
4414,7.0757575035095215
4415,10.452776908874512
4416,6.340660095214844
4417,8.626374244689941
4418,6.851649284362793
4419,6.1805548667907715
4420,5.818181991577148
4421,6.170454502105713
4422,5.933081150054932
4423,11.262624740600586
4424,6.768939018249512
4425,10.362638473510742
4426,11.444442749023438
4427,5.5858588218688965
4428,5.655555725097656
4429,6.599999904632568
4430,6.929293632507324
4431,7.781594276428223
4432,7.406594753265381
4433,6.737637519836426
4434,7.1666669845581055
4435,6.285715103149414
4436,9.455554962158203
4437,7.84444522857666
4438,10.080806732177734
4439,10.252779006958008
4440,6.482144355773926
4441,9.594781875610352
4442,5.799999713897705
4443,9.505496978759766
4444,7.334722995758057
4445,6.939393043518066
4446,9.930556297302246
4447,8.422223091125488
4448,7.876374244689941
4449,7.323233127593994
4450,6.117424488067627
4451,5.969696998596191
4452,6.101009845733643
4453,9.732145309448242
4454,6.89267635345459
4455,8.824179649353027
4456,8.326923370361328
4457,8.144445419311523
4458,11.010100364685059
4459,8.666666984558105
4460,5.866161823272705
4461,7.244444370269775
4462,6.790404319763184
4463,7.619444370269775
4464,6.796717643737793
4465,6.5934343338012695
4466,8.979799270629883
4467,6.689561367034912
4468,7.491161346435547
4469,7.751263618469238
4470,8.131869316101074
4471,6.665403842926025
4472,5.669444561004639
4473,5.55555534362793
4474,7.316918849945068
4475,8.855555534362793
4476,7.153847694396973
4477,5.444444179534912
4478,5.776515483856201
4479,7.282827854156494
4480,5.7108588218688965
4481,9.352272033691406
4482,7.143054008483887
4483,7.307692527770996
4484,8.353536605834961
4485,5.906944751739502
4486,9.322222709655762
4487,7.546704292297363
4488,7.120879173278809
4489,7.472527980804443
4490,5.0
4491,8.329671859741211
4492,8.34066104888916
4493,7.217032432556152
4494,6.111111640930176
4495,6.598611354827881
4496,9.481060028076172
4497,5.463889122009277
4498,11.080806732177734
4499,6.924241542816162
4500,8.23888874053955
4501,7.672980308532715
4502,6.863889217376709
4503,8.191919326782227
4504,11.934067726135254
4505,6.16161584854126
4506,5.7891411781311035
4507,8.588889122009277
4508,6.483517646789551
4509,9.854394912719727
4510,4.820833683013916
4511,7.14141321182251
4512,5.530220985412598
4513,7.078298091888428
4514,7.0444440841674805
4515,7.358586311340332
4516,7.032968044281006
4517,7.5492448806762695
4518,6.566667079925537
4519,6.590660095214844
4520,6.611111640930176
4521,6.727272033691406
4522,6.343433856964111
4523,7.760990142822266
4524,9.799999237060547
4525,7.141413688659668
4526,6.888889312744141
4527,9.989897727966309
4528,7.939393043518066
4529,6.897223472595215
4530,8.044194221496582
4531,6.407967567443848
4532,6.52222204208374
4533,7.757576942443848
4534,6.780220985412598
4535,8.411109924316406
4536,8.646465301513672
4537,5.890109539031982
4538,6.433333396911621
4539,6.930555820465088
4540,13.498611450195312
4541,6.623612403869629
4542,9.054947853088379
4543,8.045330047607422
4544,6.6666669845581055
4545,6.634615421295166
4546,5.769231796264648
4547,6.967033386230469
4548,7.65555477142334
4549,7.111111640930176
4550,5.109848499298096
4551,8.373627662658691
4552,7.811814308166504
4553,6.956044673919678
4554,6.524725914001465
4555,7.23232364654541
4556,8.822222709655762
4557,5.255556583404541
4558,7.744444370269775
4559,6.406594276428223
4560,5.7430572509765625
4561,6.989012241363525
4562,9.839643478393555
4563,7.392677307128906
4564,14.47253131866455
4565,7.296704292297363
4566,9.696969032287598
4567,7.1868133544921875
4568,7.607142448425293
4569,9.262625694274902
4570,7.626261234283447
4571,5.424242973327637
4572,8.898988723754883
4573,10.736268043518066
4574,6.475001335144043
4575,5.324176788330078
4576,8.197803497314453
4577,7.892858028411865
4578,6.121212005615234
4579,5.651389122009277
4580,6.767677307128906
4581,5.974748134613037
4582,6.544445037841797
4583,6.84066104888916
4584,6.225275993347168
4585,9.30000114440918
4586,14.242419242858887
4587,6.000000953674316
4588,8.23611068725586
4589,6.637362480163574
4590,6.59340763092041
4591,10.376387596130371
4592,7.747252464294434
4593,8.011112213134766
4594,7.644444942474365
4595,7.111264705657959
4596,7.263737678527832
4597,4.90109920501709
4598,6.799999237060547
4599,6.111264705657959
4600,6.525252342224121
4601,7.032966613769531
4602,8.595959663391113
4603,6.210165023803711
4604,5.3083343505859375
4605,6.616162300109863
4606,6.692307949066162
4607,6.417584419250488
4608,5.686868190765381
4609,6.611110687255859
4610,8.177778244018555
4611,6.410353660583496
4612,7.988888740539551
4613,7.7912092208862305
4614,7.044445037841797
4615,7.982321739196777
4616,8.137626647949219
4617,7.1916656494140625
4618,7.549450874328613
4619,7.438188076019287
4620,7.2967047691345215
4621,7.4505510330200195
4622,7.1333327293396
4623,6.136110305786133
4624,6.6035356521606445
4625,9.050505638122559
4626,7.07070779800415
4627,5.575758457183838
4628,7.97499942779541
4629,9.306943893432617
4630,8.42424201965332
4631,7.0083327293396
4632,7.204545497894287
4633,6.336538791656494
4634,7.000000953674316
4635,6.868687629699707
4636,7.282828330993652
4637,8.905303001403809
4638,6.7888898849487305
4639,6.101010322570801
4640,6.821427822113037
4641,7.950000762939453
4642,9.242422103881836
4643,7.527474403381348
4644,7.904166221618652
4645,9.039836883544922
4646,6.917929172515869
4647,8.443056106567383
4648,7.424242973327637
4649,7.022222995758057
4650,7.157827854156494
4651,7.737372398376465
4652,5.688889026641846
4653,8.351648330688477
4654,7.5694451332092285
4655,6.949494361877441
4656,5.1777777671813965
4657,7.252524375915527
4658,6.676767826080322
4659,8.477777481079102
4660,6.096153736114502
4661,6.688889503479004
4662,10.969696044921875
4663,9.747254371643066
4664,8.030303955078125
4665,5.626262187957764
4666,5.652472972869873
4667,6.401514530181885
4668,6.686868190765381
4669,4.601009368896484
4670,6.276099681854248
4671,6.824176788330078
4672,4.747474670410156
4673,6.911110877990723
4674,6.027777671813965
4675,8.841667175292969
4676,6.770605564117432
4677,6.512625694274902
4678,5.84615421295166
4679,7.563889503479004
4680,5.717171669006348
4681,6.082070827484131
4682,7.612637996673584
4683,6.161617755889893
4684,5.454166889190674
4685,7.066666603088379
4686,7.22115421295166
4687,8.666666030883789
4688,5.429293155670166
4689,5.411111354827881
4690,7.120880126953125
4691,6.766667366027832
4692,6.84615421295166
4693,7.16161584854126
4694,8.922223091125488
4695,7.089285373687744
4696,9.666666030883789
4697,9.527472496032715
4698,7.737373352050781
4699,8.659341812133789
4700,5.644444942474365
4701,6.419191837310791
4702,6.979798316955566
4703,6.490278720855713
4704,6.9899001121521
4705,6.438889503479004
4706,7.614898681640625
4707,7.285715579986572
4708,6.204545497894287
4709,11.805554389953613
4710,7.781594753265381
4711,5.710164546966553
4712,5.788889408111572
4713,6.157967567443848
4714,7.280220985412598
4715,7.04027795791626
4716,7.802198886871338
4717,9.11111068725586
4718,8.384614944458008
4719,8.333334922790527
4720,6.647223472595215
4721,7.322222709655762
4722,5.936869144439697
4723,8.606060981750488
4724,7.711111545562744
4725,4.773611068725586
4726,5.843434810638428
4727,9.444443702697754
4728,7.490278720855713
4729,6.92929220199585
4730,6.5252532958984375
4731,8.667582511901855
4732,6.05555534362793
4733,7.515151023864746
4734,7.977777004241943
4735,6.4469709396362305
4736,7.141413688659668
4737,7.303030490875244
4738,7.972222328186035
4739,8.179167747497559
4740,12.197221755981445
4741,8.933334350585938
4742,6.987373352050781
4743,7.232324123382568
4744,6.0
4745,7.72727108001709
4746,5.383838653564453
4747,6.593409061431885
4748,6.823233127593994
4749,10.902775764465332
4750,5.850275039672852
4751,7.744444847106934
4752,6.7386369705200195
4753,8.61616039276123
4754,6.3296709060668945
4755,7.37362813949585
4756,6.122252464294434
4757,9.275253295898438
4758,8.262626647949219
4759,5.054167747497559
4760,5.459595203399658
4761,5.9242424964904785
4762,7.0896453857421875
4763,7.449998378753662
4764,6.054166793823242
4765,6.162879467010498
4766,8.424242973327637
4767,8.44583511352539
4768,11.381865501403809
4769,5.676766395568848
4770,8.835859298706055
4771,8.088383674621582
4772,8.36388874053955
4773,11.333332061767578
4774,7.7000017166137695
4775,6.494444847106934
4776,6.555555820465088
4777,8.595959663391113
4778,8.498610496520996
4779,6.301389694213867
4780,8.270605087280273
4781,6.708334445953369
4782,7.572802543640137
4783,7.2019243240356445
4784,5.97777795791626
4785,7.2714643478393555
4786,9.659341812133789
4787,7.120880126953125
4788,7.4166669845581055
4789,6.7888898849487305
4790,6.439560890197754
4791,6.888887882232666
4792,8.474747657775879
4793,6.218435287475586
4794,8.35555648803711
4795,6.515151023864746
4796,6.162500858306885
4797,8.479798316955566
4798,7.469780921936035
4799,7.175000190734863
4800,6.266665935516357
4801,6.945054531097412
4802,7.707418918609619
4803,7.818181037902832
4804,5.844780921936035
4805,5.959595680236816
4806,6.3939409255981445
4807,8.844446182250977
4808,8.054945945739746
4809,7.744444370269775
4810,6.241758823394775
4811,6.010989665985107
4812,6.594696998596191
4813,6.6666669845581055
4814,5.780303001403809
4815,7.181817531585693
4816,5.968408107757568
4817,5.313131809234619
4818,6.637363433837891
4819,8.478022575378418
4820,6.61538553237915
4821,7.318682670593262
4822,7.122221946716309
4823,7.262625694274902
4824,6.956944465637207
4825,5.681318759918213
4826,6.500000953674316
4827,10.021979331970215
4828,6.675504207611084
4829,5.54945182800293
4830,7.119444370269775
4831,7.545454502105713
4832,7.349747657775879
4833,9.515111923217773
4834,9.333333969116211
4835,7.555556297302246
4836,6.325550079345703
4837,6.835165977478027
4838,6.725274562835693
4839,9.2307710647583
4840,8.715909004211426
4841,8.722223281860352
4842,7.161616325378418
4843,5.979796886444092
4844,7.944443702697754
4845,7.343433380126953
4846,7.340658664703369
4847,6.688889503479004
4848,6.050504684448242
4849,7.087912559509277
4850,8.424241065979004
4851,7.717170715332031
4852,7.780220031738281
4853,6.100275039672852
4854,8.416210174560547
4855,5.128787517547607
4856,6.368132591247559
4857,11.188187599182129
4858,7.094780921936035
4859,6.492423057556152
4860,8.151515007019043
4861,6.387500286102295
4862,8.208792686462402
4863,10.054167747497559
4864,7.588888645172119
4865,6.219780445098877
4866,7.956045627593994
4867,6.175825119018555
4868,8.626375198364258
4869,11.020200729370117
4870,9.25549602508545
4871,9.303031921386719
4872,6.134616374969482
4873,8.351648330688477
4874,6.758242130279541
4875,5.4040398597717285
4876,7.505051612854004
4877,5.5333333015441895
4878,7.026515007019043
4879,5.633333206176758
4880,8.59596061706543
4881,7.555556297302246
4882,7.125000953674316
4883,5.973901748657227
4884,6.670331001281738
4885,7.92929220199585
4886,7.2046709060668945
4887,5.600000858306885
4888,11.06666374206543
4889,7.171717166900635
4890,7.033333778381348
4891,5.909722328186035
4892,5.87777853012085
4893,5.951923847198486
4894,6.582418918609619
4895,8.477776527404785
4896,5.6679301261901855
4897,7.081044673919678
4898,6.556944847106934
4899,7.362637996673584
4900,7.582418918609619
4901,7.434342861175537
4902,8.618685722351074
4903,8.002525329589844
4904,5.584596157073975
4905,6.015277862548828
4906,6.122220993041992
4907,5.926766395568848
4908,5.44444465637207
4909,6.14423131942749
4910,8.089286804199219
4911,7.274726867675781
4912,6.314394474029541
4913,7.905303001403809
4914,8.125000953674316
4915,6.483586311340332
4916,7.909090995788574
4917,5.787087917327881
4918,9.159723281860352
4919,6.080808162689209
4920,4.986112117767334
4921,6.8241777420043945
4922,6.3333330154418945
4923,6.5618133544921875
4924,6.767675876617432
4925,9.865279197692871
4926,4.9444451332092285
4927,6.80681848526001
4928,9.722222328186035
4929,8.363637924194336
4930,7.406594276428223
4931,5.75277853012085
4932,9.39861011505127
4933,5.8444437980651855
4934,6.010100841522217
4935,6.008242130279541
4936,7.727272987365723
4937,6.108585357666016
4938,5.4040398597717285
4939,6.262627124786377
4940,7.6767683029174805
4941,5.802199363708496
4942,11.19999885559082
4943,6.587121486663818
4944,8.484847068786621
4945,14.444440841674805
4946,7.118133544921875
4947,9.282968521118164
4948,5.898989677429199
4949,5.965660572052002
4950,5.474747657775879
4951,8.546716690063477
4952,5.282828330993652
4953,6.888888359069824
4954,6.398611068725586
4955,6.472222805023193
4956,10.934067726135254
4957,8.934067726135254
4958,8.584596633911133
4959,5.07777738571167
4960,7.302778720855713
4961,7.5858588218688965
4962,7.699999809265137
4963,9.595958709716797
4964,10.4945068359375
4965,11.108515739440918
4966,7.266667366027832
4967,10.455554008483887
4968,5.395833969116211
4969,7.386111259460449
4970,6.070706844329834
4971,7.777777671813965
4972,6.645605564117432
4973,8.291666030883789
4974,6.080555438995361
4975,7.3296709060668945
4976,7.0777788162231445
4977,7.566666603088379
4978,6.188889026641846
4979,7.73232364654541
4980,5.858585834503174
4981,8.1875
4982,7.801767826080322
4983,7.92929220199585
4984,6.167929649353027
4985,5.744444847106934
4986,6.42929220199585
4987,7.484849452972412
4988,8.848483085632324
4989,8.424242973327637
4990,6.527472496032715
4991,8.2307710647583
4992,6.688889980316162
4993,7.555554389953613
4994,9.766663551330566
4995,8.00961685180664
4996,8.009615898132324
4997,12.949495315551758
4998,8.43956184387207
4999,8.10714340209961
5000,7.388889312744141
5001,7.603023529052734
5002,6.3076934814453125
5003,7.6767683029174805
5004,9.130555152893066
5005,6.811112403869629
5006,6.6464643478393555
5007,7.230769157409668
5008,10.595958709716797
5009,7.880051612854004
5010,9.094780921936035
5011,7.30972146987915
5012,7.698232173919678
5013,6.675504207611084
5014,7.111112117767334
5015,6.075549602508545
5016,5.92929220199585
5017,8.700000762939453
5018,8.346153259277344
5019,7.212119102478027
5020,8.81944465637207
5021,6.696969032287598
5022,8.465277671813965
5023,5.439561367034912
5024,8.300000190734863
