0,190.15979051589966
1,190.08904910087585
2,191.4377076625824
3,190.131103515625
4,187.9885070323944
5,191.7518663406372
6,191.59062933921814
7,193.74800086021423
8,192.18515157699585
9,197.0345549583435
10,195.79501581192017
11,195.93715167045593
12,195.27440810203552
13,195.41900992393494
14,193.4829819202423
15,191.06564331054688
16,190.32437562942505
17,197.63110494613647
18,194.5343883037567
19,191.42438983917236
20,189.92752194404602
21,191.48306107521057
22,189.88845205307007
23,194.275386095047
24,192.41982626914978
25,191.88193273544312
26,192.278644323349
27,191.22398781776428
28,198.5071427822113
29,190.14368152618408
30,196.4921052455902
31,194.397545337677
32,203.5121705532074
33,203.0436487197876
34,216.20400524139404
35,224.95777463912964
36,209.61791801452637
37,216.75276160240173
38,205.93252444267273
39,219.88880729675293
40,218.23940014839172
41,210.9938588142395
42,204.1571135520935
43,197.96580290794373
44,193.93107151985168
45,188.48427605628967
46,190.58422017097473
47,188.58796191215515
48,189.11137127876282
49,189.95829272270203
50,194.93306374549866
51,198.28244423866272
52,191.14450097084045
53,190.23241543769836
54,189.37736201286316
55,197.05100440979004
56,193.08267331123352
57,194.39999437332153
58,199.07193040847778
59,211.53306341171265
60,201.92203378677368
61,209.45226311683655
62,210.5274875164032
63,204.9878535270691
64,200.1245400905609
65,198.84616327285767
66,196.2024121284485
67,198.36908793449402
68,191.3022267818451
69,194.6488950252533
70,192.02479481697083
71,190.39850044250488
72,191.0056700706482
73,186.64213228225708
74,191.14759039878845
75,191.41276955604553
76,190.0009527206421
77,186.8568811416626
78,186.91075730323792
79,194.86755299568176
80,192.74599838256836
81,191.52939200401306
82,193.23134875297546
83,195.2126054763794
84,194.75962018966675
85,197.92545795440674
86,200.32392978668213
87,203.6044683456421
88,204.58977603912354
89,210.92590188980103
90,206.0223572254181
91,220.64651203155518
92,216.07367062568665
93,207.79729795455933
94,201.21880626678467
95,195.4096760749817
96,195.75403094291687
97,197.07674527168274
98,198.01140522956848
99,198.60644340515137
100,196.33635783195496
101,191.54822206497192
102,185.5617995262146
103,188.27227997779846
104,186.2479214668274
105,184.79491758346558
106,185.66263437271118
107,191.46628308296204
108,191.42257261276245
109,196.95534348487854
110,193.8058521747589
111,196.41602730751038
112,194.72915506362915
113,201.00570678710938
114,208.7939326763153
115,202.1249599456787
116,209.7379629611969
117,219.50162625312805
118,224.00140762329102
119,204.34805250167847
120,200.1349241733551
121,197.83497428894043
122,199.34048795700073
123,197.9869682788849
124,198.12556076049805
125,197.77286839485168
126,197.00186777114868
127,196.21824026107788
128,192.1331810951233
129,218.43801474571228
130,214.0103919506073
131,205.99543929100037
132,210.34918808937073
133,201.87340760231018
134,191.86973071098328
135,192.49831295013428
136,187.57436108589172
137,189.00043320655823
138,188.1175262928009
139,189.97321152687073
140,191.1584348678589
141,189.98706364631653
142,196.1952052116394
143,196.75999975204468
144,192.26487112045288
145,198.34083080291748
146,202.02485871315002
147,210.84060859680176
148,203.66879606246948
149,209.92999744415283
150,204.22121453285217
151,210.85227227210999
152,200.86237716674805
153,198.31990909576416
154,202.47808265686035
155,193.43144583702087
156,188.5473473072052
157,197.48827862739563
158,198.00782299041748
159,197.0556194782257
160,194.98228335380554
161,190.8676917552948
162,190.60039019584656
163,191.409921169281
164,187.6215968132019
165,191.01569271087646
166,189.49784326553345
167,193.1539990901947
168,189.89449191093445
169,189.8913471698761
170,191.0669276714325
171,197.58175921440125
172,208.37359380722046
173,198.64132022857666
174,203.4394006729126
175,201.52549362182617
176,207.35992002487183
177,202.5579710006714
178,202.1725730895996
179,196.71164321899414
180,194.79021167755127
181,195.49917268753052
182,194.39018154144287
183,191.30138564109802
184,192.8859293460846
185,186.78719329833984
186,192.3005805015564
187,187.2405400276184
188,191.667715549469
189,192.4354486465454
190,196.37947821617126
191,191.16937637329102
192,190.5099492073059
193,194.56792759895325
194,191.30578875541687
195,190.44913959503174
196,191.4779393672943
180,166.96969485282898
181,197.45307636260986
182,191.56659293174744
183,187.90338850021362
184,198.75380492210388
185,194.0082492828369
186,193.3135530948639
187,188.12182307243347
188,193.0092945098877
189,192.0114462375641
190,190.06020998954773
191,196.24052476882935
192,201.62696957588196
193,194.78502249717712
194,185.7545895576477
195,188.0549132823944
196,189.7104811668396
197,183.07724976539612
198,181.73703813552856
199,176.89996457099915
200,182.6820297241211
201,181.65490698814392
202,180.77119302749634
203,172.27458572387695
204,180.78886890411377
205,180.73097825050354
206,185.9127321243286
207,192.48786568641663
208,188.2736620903015
209,196.15661239624023
210,191.4208550453186
211,194.88587856292725
212,200.98813891410828
213,200.61251044273376
214,196.9662208557129
215,198.60135316848755
216,205.49212193489075
217,196.7421190738678
218,196.22964429855347
219,197.1888928413391
220,194.45799684524536
221,190.15079379081726
222,189.22511839866638
223,187.33444046974182
224,182.2167248725891
225,177.8683886528015
226,183.76254630088806
227,181.48971557617188
228,180.09238195419312
229,182.1031210422516
230,175.80276322364807
231,180.4165427684784
232,187.465026140213
233,190.42473649978638
234,202.7253336906433
235,202.86133098602295
236,211.04755425453186
237,198.99337935447693
238,197.56580233573914
239,195.43126821517944
240,198.88472986221313
241,190.5554118156433
242,178.46433448791504
243,177.52805733680725
244,179.46974730491638
245,175.73904848098755
246,177.9874677658081
247,172.71375036239624
248,176.72003412246704
249,180.1108856201172
250,175.1835606098175
251,176.53783583641052
252,184.63831853866577
253,185.7982795238495
254,189.16440653800964
255,189.27481317520142
256,188.4994993209839
257,184.1932737827301
258,181.3790099620819
259,177.93316555023193
260,178.23090243339539
261,184.04536271095276
262,185.54786348342896
263,187.36168432235718
264,191.58936047554016
265,193.3165044784546
266,185.8036286830902
267,186.93099904060364
268,183.07687854766846
269,187.19358110427856
270,185.2154860496521
271,190.41664695739746
272,192.52113842964172
273,188.17061042785645
274,193.71244835853577
275,189.31421852111816
276,193.3481023311615
277,196.2270965576172
278,197.52607250213623
279,188.55345487594604
280,183.04620218276978
281,189.11765432357788
282,186.52572011947632
283,188.6081521511078
284,188.77304315567017
285,191.2747664451599
286,187.86217832565308
287,189.50941944122314
288,192.65655374526978
289,188.83765721321106
290,184.8258957862854
291,189.75006222724915
292,191.35589861869812
293,190.04296350479126
294,192.5146517753601
295,197.5894091129303
296,188.8754985332489
297,185.90394687652588
298,191.45154476165771
299,184.18928909301758
300,191.8472819328308
301,187.43258261680603
302,189.59578394889832
303,188.22050857543945
304,191.79200077056885
305,191.66915130615234
306,192.7084789276123
307,195.59112691879272
308,193.94015169143677
309,214.37804770469666
310,185.61267399787903
311,186.55664253234863
312,186.23892784118652
313,177.41840410232544
314,188.80317878723145
315,185.4039237499237
316,178.60223650932312
317,182.23682832717896
318,187.07691740989685
319,185.80803442001343
320,190.42317914962769
321,188.59746408462524
322,189.20072507858276
323,190.00462079048157
324,192.7811360359192
325,198.91135215759277
326,196.16162943840027
327,203.61195850372314
328,197.1834192276001
329,203.2764174938202
330,195.20406413078308
331,195.74386143684387
332,190.78798699378967
333,197.36352562904358
334,199.505633354187
335,193.54951643943787
336,191.44713521003723
337,191.55864453315735
338,189.61123967170715
339,193.64774322509766
340,190.47653198242188
341,197.56659030914307
342,195.46925163269043
343,195.2555856704712
344,194.85859608650208
345,186.25150728225708
346,188.58648824691772
347,184.56448101997375
348,183.98556542396545
349,183.47330164909363
350,186.629638671875
351,181.07933163642883
352,180.06484031677246
353,179.79592871665955
354,181.5323567390442
355,188.35101342201233
356,192.81304001808167
357,192.3140366077423
358,198.68341946601868
359,201.0901448726654
360,202.97916793823242
361,203.9903106689453
362,197.8953869342804
363,199.922021150589
364,204.3068106174469
365,201.34111881256104
366,199.6462903022766
367,200.30627512931824
368,198.1265480518341
369,197.13325762748718
370,197.22057938575745
371,195.85092687606812
372,198.2677857875824
373,198.34168648719788
374,194.156813621521
375,195.17263221740723
376,189.50738215446472
377,192.21204447746277
378,182.6282410621643
379,189.33998465538025
380,184.3091869354248
381,188.57144451141357
382,187.34743809700012
383,185.65387988090515
384,184.306307554245
385,182.7858588695526
386,186.560284614563
387,182.55022883415222
388,187.46875476837158
389,194.19079780578613
390,191.94392561912537
391,192.760502576828
392,192.2644398212433
393,200.30714011192322
394,198.1157307624817
395,200.28423070907593
396,204.8568675518036
397,201.86214351654053
398,199.38202691078186
399,196.0327763557434
400,194.1711549758911
401,187.31201219558716
402,189.13186979293823
403,187.8399202823639
404,181.8714771270752
405,187.90427160263062
406,188.40761542320251
407,186.02488732337952
408,190.29009366035461
409,186.72333598136902
410,187.78225374221802
411,187.58768558502197
412,190.45766949653625
413,185.93122911453247
414,191.70078444480896
415,192.75864005088806
416,196.32380080223083
417,191.04279923439026
418,189.979487657547
419,192.51605343818665
420,189.61502885818481
421,188.11472415924072
422,186.09324884414673
423,187.2582812309265
424,192.08518481254578
425,196.7227761745453
426,197.93801879882812
427,192.30289363861084
428,191.27440237998962
429,187.9860565662384
430,192.46518969535828
431,190.66381549835205
432,186.02737641334534
433,186.79284286499023
434,189.37781739234924
435,190.27725791931152
436,192.21477508544922
437,192.03378200531006
438,190.5108458995819
439,215.47173738479614
440,190.55683159828186
441,195.71019101142883
442,201.30135560035706
443,200.93308973312378
444,195.3003053665161
445,199.52224254608154
446,194.44320249557495
447,196.0184142589569
448,192.9124026298523
449,191.22318387031555
450,184.14948892593384
451,192.6108272075653
452,186.91554236412048
453,184.56009912490845
454,183.75409054756165
455,184.37463450431824
456,187.93553614616394
457,181.58928203582764
458,185.18564820289612
459,185.59919095039368
460,190.04755854606628
461,189.15656566619873
462,190.82877469062805
463,191.3973503112793
464,195.24458289146423
465,193.33166551589966
466,188.17504501342773
467,192.87054204940796
468,192.49353861808777
469,188.10489320755005
470,186.49298620224
471,190.48699021339417
472,189.99116468429565
473,190.41642808914185
474,196.02652263641357
475,186.44974040985107
476,185.22664785385132
477,192.90203261375427
478,188.6556417942047
479,184.05631804466248
480,193.64770984649658
481,184.39003252983093
482,188.56797885894775
483,186.6248254776001
484,190.11807799339294
485,189.93041276931763
486,189.05792832374573
487,193.40623450279236
488,188.2577006816864
489,195.1399383544922
490,195.73022532463074
491,184.707133769989
492,187.15861225128174
493,188.1548616886139
494,185.95231795310974
495,189.23257660865784
496,185.76395058631897
497,177.58401370048523
498,178.20841765403748
499,180.04036116600037
500,185.22772932052612
501,191.50382089614868
502,195.29663801193237
503,190.89404296875
504,199.58406591415405
505,197.89351224899292
506,206.88672518730164
507,197.9940526485443
508,197.80682635307312
509,195.34605884552002
510,196.64988160133362
511,193.78125762939453
512,195.54133105278015
513,188.06877279281616
514,186.77582120895386
515,188.96497225761414
516,190.1920919418335
517,192.7601969242096
518,189.23102855682373
519,193.08734846115112
520,192.54573035240173
521,192.0732307434082
522,199.66298961639404
523,184.13719582557678
524,185.70185708999634
525,187.5718343257904
526,186.48016095161438
527,190.56437301635742
528,187.65545201301575
529,189.33055877685547
530,189.64856147766113
531,189.71497106552124
532,194.09943103790283
533,189.7846701145172
534,185.99561619758606
535,189.32783961296082
536,184.99592638015747
537,185.72470808029175
538,186.86054110527039
539,190.10588383674622
540,191.68713974952698
541,190.10397481918335
542,194.1823239326477
543,190.63833570480347
544,188.15096473693848
545,191.39627408981323
546,187.12617111206055
547,196.3146812915802
548,191.787531375885
549,191.53769302368164
550,193.8036389350891
551,198.01395750045776
552,197.625652551651
553,194.3398153781891
554,195.23951053619385
555,194.9084014892578
556,195.0322995185852
557,195.24995303153992
558,192.83268356323242
559,188.42726063728333
560,187.24963879585266
561,191.85790419578552
562,190.56257724761963
563,188.94738459587097
564,189.12875771522522
565,191.73239302635193
566,196.10729241371155
567,198.7501413822174
568,203.10876893997192
569,222.918963432312
570,206.9538962841034
571,207.0159592628479
572,202.56149077415466
573,198.95837235450745
574,194.60542511940002
575,193.37411165237427
576,191.23717665672302
577,189.83202123641968
578,188.97618889808655
579,186.99021005630493
580,189.13588428497314
581,188.85710430145264
582,189.29649806022644
583,187.02672147750854
584,176.65999937057495
585,176.11335945129395
586,177.96171140670776
587,182.0962107181549
588,186.2729616165161
589,192.91377544403076
590,194.58919715881348
591,193.48399233818054
592,195.1244888305664
593,197.32710576057434
594,201.99744033813477
595,198.7969810962677
596,196.31075954437256
597,199.08345985412598
598,195.6097869873047
599,187.79990124702454
600,190.7087438106537
601,183.10865592956543
602,188.67138957977295
603,184.4758369922638
604,188.54100489616394
605,191.21685552597046
606,190.10958790779114
607,188.52764749526978
608,191.08086824417114
609,191.56671023368835
610,189.93256402015686
611,194.54057240486145
612,189.7819845676422
613,188.94068574905396
614,189.0680890083313
615,189.01118326187134
616,191.27020287513733
617,185.53853011131287
618,191.911297082901
619,182.7524664402008
620,180.08097314834595
621,185.8148353099823
622,186.59565949440002
623,189.63406991958618
624,192.36570501327515
625,190.58987617492676
626,191.88327193260193
627,195.28456664085388
628,187.03932166099548
629,191.5950164794922
630,196.42081713676453
631,196.45537209510803
632,187.7986969947815
633,189.02159070968628
634,191.01194047927856
635,189.53161334991455
636,190.64183068275452
637,191.4681420326233
638,190.18393516540527
639,192.12824726104736
640,197.68223452568054
641,193.25389194488525
642,188.41879415512085
643,188.681734085083
644,189.26173329353333
645,187.46817111968994
646,192.8306257724762
647,192.64307355880737
648,192.4610562324524
649,189.40136790275574
650,193.66510605812073
651,191.21527910232544
652,194.62166237831116
653,199.8737359046936
654,194.6380434036255
655,195.7695963382721
656,194.86989068984985
657,194.7251877784729
658,193.61983180046082
659,197.76498246192932
660,190.63125824928284
661,186.97352600097656
662,187.51311993598938
663,191.88453078269958
664,189.5538947582245
665,200.8830156326294
666,190.05990481376648
667,192.6588191986084
668,192.56290769577026
669,201.02858662605286
670,194.72572565078735
671,200.12510895729065
672,195.49703216552734
673,196.41682362556458
674,197.27903127670288
675,194.4629418849945
676,192.83395147323608
677,189.34755110740662
678,190.4541072845459
679,189.21800112724304
680,186.07760095596313
681,183.81757307052612
682,184.6537742614746
683,181.81412863731384
684,192.7662959098816
685,184.21639800071716
686,189.75980710983276
687,186.292396068573
688,188.80177664756775
689,185.89995288848877
690,188.30434226989746
691,186.24656534194946
692,183.94736528396606
693,181.04078269004822
694,190.0536184310913
695,188.3059163093567
696,188.61267685890198
697,198.08652067184448
698,195.82772278785706
699,212.1728699207306
700,189.31659483909607
701,192.44502902030945
702,191.43219208717346
703,194.26441740989685
704,188.9525134563446
705,193.62587451934814
706,189.3832995891571
707,195.1442587375641
708,196.15031480789185
709,191.78973150253296
710,196.39713716506958
711,194.2811415195465
712,195.82218670845032
713,188.52853870391846
714,185.74624609947205
715,182.22721147537231
716,186.95899605751038
717,179.32440996170044
718,183.0110146999359
719,175.54785776138306
720,176.93684339523315
721,177.55595874786377
722,191.54147243499756
723,185.25108456611633
724,191.6086461544037
725,202.00634026527405
726,202.13892889022827
727,203.02800059318542
728,217.85800433158875
729,207.1444308757782
730,209.7140407562256
731,205.6528172492981
732,199.39150595664978
733,197.18759179115295
734,198.07226610183716
735,198.11396980285645
736,197.8519151210785
737,197.09927201271057
738,194.0006172657013
739,193.51631259918213
740,191.58094835281372
741,191.17864084243774
742,187.67512845993042
743,180.6351556777954
744,186.9006335735321
745,182.91215634346008
746,180.23667359352112
747,179.60942482948303
748,177.32717514038086
749,185.12888193130493
750,184.24484395980835
751,194.95306038856506
752,195.28438925743103
753,196.4078552722931
754,192.55898189544678
755,196.2457413673401
756,198.98078727722168
757,200.2892096042633
758,209.5324125289917
759,208.64060044288635
760,202.5778603553772
761,207.20922231674194
762,214.6476755142212
763,214.24978137016296
764,211.4030408859253
765,202.71178150177002
766,201.05995559692383
767,206.74992275238037
768,203.78788495063782
769,203.8113877773285
770,199.36886954307556
771,198.54345679283142
772,194.04346537590027
773,196.7084765434265
774,195.61661982536316
775,197.0774576663971
776,191.14978337287903
777,191.02369713783264
778,192.1761965751648
779,194.53177404403687
780,190.4492962360382
781,192.82862496376038
782,192.8512282371521
783,187.829984664917
784,181.8172299861908
785,187.92332863807678
786,188.6388075351715
787,186.0051839351654
788,189.12489533424377
789,191.9972083568573
790,192.23354506492615
791,190.2805380821228
792,191.69205784797668
793,191.27138829231262
794,187.34059691429138
795,192.01202130317688
796,195.0316677093506
797,196.97234559059143
798,199.61018538475037
799,195.50708603858948
800,202.24225640296936
801,200.33480882644653
802,195.08559656143188
803,193.38246989250183
804,202.05706334114075
805,185.8745059967041
806,188.52966451644897
807,182.53406262397766
808,190.0053150653839
809,189.3567931652069
810,193.22016310691833
811,187.87294363975525
812,184.56514620780945
813,188.49024105072021
814,183.74910187721252
815,190.87168717384338
816,184.83179092407227
817,188.94520545005798
818,194.33666849136353
819,188.3390908241272
820,193.36893820762634
821,192.57235288619995
822,194.17264866828918
823,190.20729851722717
824,199.9936501979828
825,201.23960995674133
826,195.80745434761047
827,199.3090901374817
828,196.60443210601807
829,224.85074019432068
830,192.74617958068848
831,193.68427681922913
832,194.8469648361206
833,204.48615312576294
834,199.90587854385376
835,202.4302339553833
836,196.58229064941406
837,198.0077154636383
838,204.71317625045776
839,197.71272683143616
840,192.11219358444214
841,187.6931335926056
842,189.19082140922546
843,188.12263536453247
844,185.05608415603638
845,179.14073300361633
846,185.32691955566406
847,180.16689610481262
848,178.2397689819336
849,176.05251836776733
850,178.70204401016235
851,177.60306310653687
852,174.75219321250916
853,175.1362509727478
854,180.62606954574585
855,181.21234488487244
856,184.6712999343872
857,181.21627140045166
858,188.5720570087433
859,185.0733244419098
860,191.95160937309265
861,201.9560306072235
862,200.58713912963867
863,195.16747784614563
864,196.27260088920593
865,196.4993109703064
866,186.49186325073242
867,185.6035978794098
868,184.45157742500305
869,182.7018918991089
870,183.61376285552979
871,188.65991830825806
872,183.19258069992065
873,178.76804900169373
874,179.44668102264404
875,176.8379361629486
876,176.36384749412537
877,176.27347660064697
878,178.16549134254456
879,184.07958483695984
880,185.42050457000732
881,186.08549761772156
882,204.80208897590637
883,199.77450561523438
884,203.2010293006897
885,216.3243327140808
886,214.47203493118286
887,210.2329216003418
888,194.31568670272827
889,193.48370885849
890,201.80237483978271
891,198.01654863357544
892,192.02249836921692
893,194.48320865631104
894,185.43865847587585
895,187.07020378112793
896,189.18891215324402
897,202.39540576934814
898,192.01882219314575
899,194.3161277770996
900,189.82890248298645
901,188.5969557762146
902,191.6754903793335
903,189.31696963310242
904,188.60684275627136
905,193.53190803527832
906,192.07201552391052
907,192.0194935798645
908,194.56393098831177
909,197.24504232406616
910,193.14633798599243
911,197.25183629989624
912,204.9742293357849
913,204.6097104549408
914,209.17521834373474
915,206.02214074134827
916,204.37860131263733
917,201.51423525810242
918,194.11493730545044
919,192.37020540237427
920,193.22809767723083
921,204.777028799057
922,194.512193441391
923,194.14912676811218
924,188.80714440345764
925,192.239018201828
926,187.12732028961182
927,183.964946269989
928,185.46763134002686
929,182.70320558547974
930,186.35126066207886
931,176.7959864139557
932,177.24827885627747
933,180.78181552886963
934,187.3562204837799
935,189.71650552749634
936,196.62751531600952
937,194.587260723114
938,195.92847299575806
939,202.65222930908203
940,205.8570728302002
941,209.32026863098145
942,218.2823030948639
943,206.20815658569336
944,197.756854057312
945,197.2636523246765
946,201.87726402282715
947,194.51982140541077
948,193.441997051239
949,196.59044122695923
950,193.09058737754822
951,190.0840983390808
952,192.12796926498413
953,192.53819918632507
954,193.43533492088318
955,183.03504419326782
956,188.0026409626007
957,189.7508087158203
958,188.8490731716156
959,215.78730964660645
960,191.01939511299133
961,195.59380555152893
962,191.563720703125
963,204.93519282341003
964,192.3976390361786
965,202.22627806663513
966,205.35409307479858
967,207.69743275642395
968,198.70003843307495
969,186.19175481796265
970,205.3703751564026
971,192.2428412437439
972,188.1774082183838
973,189.2499008178711
974,183.15585947036743
975,181.59687519073486
976,186.75786519050598
977,189.04451775550842
978,190.9923210144043
979,191.3001844882965
980,184.6729555130005
981,176.7267918586731
982,191.0487961769104
983,189.31222939491272
984,188.9706208705902
985,196.7775158882141
986,193.88524436950684
987,193.01444816589355
988,200.27758622169495
989,185.08943891525269
990,188.00862169265747
991,185.8125376701355
992,188.4825599193573
993,185.2942566871643
994,190.75142407417297
995,187.23059797286987
996,190.924950838089
997,189.07473468780518
998,187.08612608909607
999,189.56896209716797
1000,189.60192155838013
1001,192.1079638004303
1002,188.0464518070221
1003,189.29541492462158
1004,187.98717784881592
1005,190.84046936035156
1006,185.22871589660645
1007,190.630056142807
1008,191.4950270652771
1009,193.99993205070496
1010,188.73787760734558
1011,194.49110198020935
1012,190.26603484153748
1013,191.17263650894165
1014,190.49075078964233
1015,189.24360537528992
1016,194.55004334449768
1017,187.26816773414612
1018,188.75830483436584
1019,188.00794315338135
1020,187.92560863494873
1021,191.74565744400024
1022,188.6620533466339
1023,187.1210813522339
1024,182.23207211494446
1025,179.35421061515808
1026,177.57570600509644
1027,180.7782003879547
1028,185.65906476974487
1029,185.75552320480347
1030,185.20108842849731
1031,186.0685806274414
1032,187.53181743621826
1033,200.32087445259094
1034,186.60674571990967
1035,183.1295943260193
1036,189.05914616584778
1037,191.92525601387024
1038,187.76662349700928
1039,194.136864900589
1040,188.41343188285828
1041,190.6012852191925
1042,187.5307035446167
1043,190.17779326438904
1044,183.24561190605164
1045,186.86273527145386
1046,183.29054617881775
1047,181.0785367488861
1048,182.26604318618774
1049,178.19517707824707
1050,177.9878146648407
1051,178.0095660686493
1052,177.59197521209717
1053,176.10399389266968
1054,175.15155911445618
1055,178.52604842185974
1056,183.99566841125488
1057,179.0819866657257
1058,179.09931302070618
1059,183.86376643180847
1060,180.76038575172424
1061,182.05913543701172
1062,182.70743131637573
1063,178.9269437789917
1064,178.0974338054657
1065,181.15941858291626
1066,180.88739800453186
1067,177.05184030532837
1068,178.59222531318665
1069,177.3142147064209
1070,180.68717908859253
1071,179.63920545578003
1072,181.14763069152832
1073,178.11176919937134
1074,184.23649144172668
1075,184.25336623191833
1076,184.509756565094
1077,181.8109576702118
1078,188.5821831226349
1079,187.57029223442078
1080,195.0270652770996
1081,191.29681849479675
1082,195.02704238891602
1083,194.23312854766846
1084,183.30989360809326
1085,182.29571413993835
1086,190.04405856132507
1087,183.11286306381226
1088,186.20626139640808
1089,211.27671217918396
1090,185.92214918136597
1091,183.56577897071838
1092,185.69054460525513
1093,185.40642142295837
1094,188.39330887794495
1095,195.18246459960938
1096,194.6408998966217
1097,189.3210790157318
1098,196.93630003929138
1099,197.85437631607056
1100,199.99008178710938
1101,191.5961446762085
1102,196.2736098766327
1103,197.9525249004364
1104,195.83721137046814
1105,201.1560926437378
1106,197.24892210960388
1107,196.39168882369995
1108,194.9458668231964
1109,190.86820554733276
1110,189.4759259223938
1111,188.8510856628418
1112,185.44818878173828
1113,192.3526473045349
1114,190.31156706809998
1115,193.26437067985535
1116,184.0150237083435
1117,177.68666768074036
1118,188.58060765266418
1119,187.05537390708923
1120,191.4521598815918
1121,194.6878218650818
1122,197.1186499595642
1123,189.87635326385498
1124,198.1942844390869
1125,190.91269326210022
1126,196.53237438201904
1127,202.05953073501587
1128,193.67430138587952
1129,200.56640195846558
1130,211.903418302536
1131,201.70199465751648
1132,198.04738593101501
1133,200.24817371368408
1134,199.9660120010376
1135,199.73859190940857
1136,196.40757155418396
1137,189.94325923919678
1138,193.270583152771
1139,190.39908361434937
1140,182.64842772483826
1141,188.82073879241943
1142,191.29272651672363
1143,186.8655240535736
1144,191.0509898662567
1145,192.03366255760193
1146,187.86387395858765
1147,186.98938751220703
1148,186.56172895431519
1149,187.377920627594
1150,188.03963470458984
1151,189.1949188709259
1152,188.98687362670898
1153,192.26967644691467
1154,190.75408792495728
1155,189.6632285118103
1156,199.91703295707703
1157,197.6863718032837
1158,198.77912712097168
1159,203.91384840011597
1160,205.3419370651245
1161,197.697007894516
1162,198.10338187217712
1163,199.25926637649536
1164,197.99525237083435
1165,191.84568881988525
1166,191.0476472377777
1167,189.82974553108215
1168,187.26093745231628
1169,190.92018508911133
1170,187.66662430763245
1171,189.05409336090088
1172,190.09550762176514
1173,190.0900695323944
1174,188.78687572479248
1175,193.3515567779541
1176,186.24999403953552
1177,187.60656309127808
1178,184.86500000953674
1179,180.50367951393127
1180,183.92163372039795
1181,188.9364366531372
1182,195.60831356048584
1183,192.2943983078003
1184,200.1026155948639
1185,199.09613513946533
1186,201.86945104599
1187,207.84620141983032
1188,206.22737169265747
1189,201.18246269226074
1190,197.58450865745544
1191,197.89172267913818
1192,193.29237365722656
1193,189.1920883655548
1194,191.4457869529724
1195,191.81209540367126
1196,192.78081154823303
1197,189.3240294456482
1198,193.16174221038818
1199,191.29104661941528
1200,188.30848717689514
1201,193.8670608997345
1202,192.6070830821991
1203,194.6316385269165
1204,190.3017430305481
1205,197.74824261665344
1206,195.7334475517273
1207,200.30711793899536
1208,194.29245114326477
1209,189.3322398662567
1210,198.64090275764465
1211,191.9696283340454
1212,192.74865198135376
1213,196.5217320919037
1214,198.92245483398438
1215,185.33467411994934
1216,182.97683882713318
1217,189.71698427200317
1218,188.9199914932251
1219,215.7852156162262
1220,191.21592736244202
1221,188.31124234199524
1222,186.75768375396729
1223,190.14267444610596
1224,190.4541516304016
1225,193.57058453559875
1226,197.7988486289978
1227,198.6299774646759
1228,210.1918432712555
1229,206.44152069091797
1230,196.71301555633545
1231,196.8496379852295
1232,192.05036282539368
1233,195.24050116539001
1234,197.1654884815216
1235,194.74588441848755
1236,194.05329751968384
1237,189.0876271724701
1238,185.9646623134613
1239,188.26820373535156
1240,188.57165336608887
1241,184.48786520957947
1242,183.87698459625244
1243,183.36315059661865
1244,183.9800148010254
1245,179.9219012260437
1246,179.5221245288849
1247,181.08048152923584
1248,183.21439385414124
1249,184.97358083724976
1250,179.729074716568
1251,186.43780899047852
1252,187.45326614379883
1253,197.8741054534912
1254,198.21381783485413
1255,179.12955284118652
1256,174.85992789268494
1257,177.71980381011963
1258,173.50974035263062
1259,172.6140706539154
1260,181.53770446777344
1261,177.62332725524902
1262,182.36635780334473
1263,180.38386297225952
1264,186.4804277420044
1265,184.04934525489807
1266,188.26876735687256
1267,187.45714735984802
1268,198.31672263145447
1269,198.20534896850586
1270,215.6986334323883
1271,215.41958212852478
1272,201.80661749839783
1273,210.0365240573883
1274,204.23507237434387
1275,202.85225105285645
1276,194.3942358493805
1277,195.22393083572388
1278,197.70946741104126
1279,192.7735526561737
1280,192.8870189189911
1281,192.50436449050903
1282,195.92031455039978
1283,192.61381697654724
1284,193.782377243042
1285,190.36059856414795
1286,193.85769128799438
1287,189.7555000782013
1288,191.46185064315796
1289,185.30452632904053
1290,188.45565748214722
1291,187.8295087814331
1292,190.55952906608582
1293,183.28806400299072
1294,185.8538498878479
1295,184.27647376060486
1296,187.2056486606598
1297,184.72535228729248
1298,184.54330825805664
1299,189.28645372390747
1300,191.8231897354126
1301,193.7143042087555
1302,192.93114829063416
1303,188.89655423164368
1304,188.6868875026703
1305,192.23774695396423
1306,189.72954297065735
1307,180.60701537132263
1308,186.20382642745972
1309,192.6696903705597
1310,186.49550008773804
1311,188.54323625564575
1312,190.67616248130798
1313,192.51565670967102
1314,194.02848052978516
1315,191.5194218158722
1316,190.93251037597656
1317,192.66038131713867
1318,194.6965627670288
1319,194.3895025253296
1320,190.2422502040863
1321,196.34781575202942
1322,189.79653310775757
1323,186.59093189239502
1324,190.29492616653442
1325,191.00217723846436
1326,192.86635541915894
1327,186.6388750076294
1328,188.20714664459229
1329,180.90397238731384
1330,182.03845262527466
1331,181.60460233688354
1332,187.51188898086548
1333,192.3161976337433
1334,188.21263766288757
1335,194.051451921463
1336,188.48557209968567
1337,196.42700386047363
1338,195.89292287826538
1339,197.71935772895813
1340,194.01564192771912
1341,204.28031969070435
1342,197.3637580871582
1343,194.72995018959045
1344,190.94881558418274
1345,193.00932264328003
1346,194.52333688735962
1347,190.45129466056824
1348,188.31711077690125
1349,205.16066026687622
1350,190.7622308731079
1351,200.82505893707275
1352,198.85390448570251
1353,198.18213605880737
1354,192.62138748168945
1355,204.2411332130432
1356,202.9280300140381
1357,192.96173429489136
1358,191.8578622341156
1359,183.88352227210999
1360,189.50519132614136
1361,198.24917244911194
1362,189.05354976654053
1363,192.73689937591553
1364,186.41671991348267
1365,185.75836825370789
1366,187.22359776496887
1367,184.9430627822876
1368,186.33181619644165
1369,188.00130677223206
1370,188.8799774646759
1371,196.2963845729828
1372,187.773521900177
1373,193.3958079814911
1374,191.36502504348755
1375,193.20186948776245
1376,185.00513291358948
1377,188.54208087921143
1378,185.9777491092682
1379,191.46347761154175
1380,196.530864238739
1381,188.18346571922302
1382,181.49228167533875
1383,177.1644492149353
1384,184.2804799079895
1385,189.0412302017212
1386,189.82516741752625
1387,191.22839999198914
1388,194.1548936367035
1389,189.75575923919678
1390,193.05510663986206
1391,187.67146110534668
1392,192.07631087303162
1393,197.60166239738464
1394,189.59658980369568
1395,192.8413360118866
1396,194.74494695663452
1397,199.3600034713745
1398,194.09114408493042
1399,195.34308242797852
1400,192.2985668182373
1401,195.483172416687
1402,188.84272170066833
1403,183.21358966827393
1404,191.48734498023987
1405,190.13194227218628
1406,191.45139837265015
1407,194.35930395126343
1408,194.02739262580872
1409,197.88535475730896
1410,210.08059453964233
1411,199.76284861564636
1412,199.14702987670898
1413,195.35283851623535
1414,191.80352902412415
1415,186.68100500106812
1416,188.1562695503235
1417,184.58511233329773
1418,184.33204889297485
1419,185.7801284790039
1420,188.8442096710205
1421,182.03045225143433
1422,184.7335090637207
1423,180.2686746120453
1424,184.95820093154907
1425,186.43843293190002
1426,189.86463260650635
1427,193.2929916381836
1428,195.59480500221252
1429,200.18644738197327
1430,205.62971448898315
1431,201.26311707496643
1432,193.71429705619812
1433,201.45320010185242
1434,192.948224067688
1435,200.12901616096497
1436,198.72506046295166
1437,199.4667580127716
1438,193.49246215820312
1439,196.86048102378845
1440,193.00221133232117
1441,197.9058108329773
1442,184.9268078804016
1443,185.05805015563965
1444,185.45432662963867
1445,181.03732466697693
1446,182.71885776519775
1447,186.87269020080566
1448,188.48126578330994
1449,185.5587980747223
1450,185.6172947883606
1451,183.28346729278564
1452,191.85587310791016
1453,184.01888585090637
1454,186.63295340538025
1455,188.7601318359375
1456,196.44248032569885
1457,197.9503743648529
1458,198.44424653053284
1459,198.5521433353424
1460,200.88904309272766
1461,199.99642062187195
1462,195.92777800559998
1463,200.20314049720764
1464,197.1805772781372
1465,199.3683202266693
1466,205.65137147903442
1467,197.3502585887909
1468,196.90006685256958
1469,203.00744533538818
1470,197.86863708496094
1471,195.3281831741333
1472,194.68057322502136
1473,216.03756141662598
1474,200.23417448997498
1475,201.7355453968048
1476,200.55359387397766
1477,191.07101774215698
1478,231.74125909805298
1479,192.8290250301361
1480,190.427636384964
1481,186.05301475524902
1482,186.28242921829224
1483,182.28992533683777
1484,189.86780381202698
1485,193.05798649787903
1486,196.45093870162964
1487,189.80249214172363
1488,183.71308040618896
1489,184.46193289756775
1490,188.58525347709656
1491,191.37649583816528
1492,192.46087503433228
1493,193.3698377609253
1494,190.55769276618958
1495,193.84316158294678
1496,197.54413509368896
1497,197.82630109786987
1498,202.59037685394287
1499,204.20397090911865
1500,194.13967657089233
1501,198.85324382781982
1502,197.81967306137085
1503,197.711651802063
1504,195.53739643096924
1505,198.59971141815186
1506,190.94068241119385
1507,192.42475652694702
1508,189.0223252773285
1509,189.98326468467712
1510,188.1590440273285
1511,193.75642204284668
1512,194.6832287311554
1513,196.0359926223755
1514,196.84177017211914
1515,190.0224814414978
1516,192.41418433189392
1517,190.9498484134674
1518,189.51766300201416
1519,185.43579292297363
1520,185.51938772201538
1521,184.73385286331177
1522,181.62095165252686
1523,186.28910088539124
1524,188.45547938346863
1525,182.45335388183594
1526,180.9950885772705
1527,176.7522439956665
1528,180.63217306137085
1529,183.9300353527069
1530,183.25077891349792
1531,192.4990632534027
1532,200.45830631256104
1533,199.12972688674927
1534,199.3253755569458
1535,203.6193768978119
1536,204.64045929908752
1537,205.39792346954346
1538,205.03239345550537
1539,205.41744208335876
1540,200.3972945213318
1541,199.32878875732422
1542,192.5797200202942
1543,191.3793489933014
1544,193.64833307266235
1545,189.62343001365662
1546,192.25008463859558
1547,191.00037503242493
1548,189.292893409729
1549,187.9272587299347
1550,190.61351323127747
1551,193.62043571472168
1552,188.81654357910156
1553,184.5330879688263
1554,186.76722717285156
1555,182.5932674407959
1556,186.26883554458618
1557,179.16861057281494
1558,180.5996663570404
1559,182.23240518569946
1560,184.29416871070862
1561,189.45554041862488
1562,193.60225296020508
1563,193.71935844421387
1564,188.80511355400085
1565,199.2882957458496
1566,197.37711477279663
1567,198.53721523284912
1568,201.319477558136
1569,204.30495190620422
1570,212.61235237121582
1571,199.48330760002136
1572,193.22530436515808
1573,194.61090636253357
1574,196.14214730262756
1575,187.90757203102112
1576,195.5156445503235
1577,196.01939153671265
1578,186.75205326080322
1579,186.84042835235596
1580,189.77647137641907
1581,193.97207498550415
1582,194.1561622619629
1583,193.48076057434082
1584,191.15667486190796
1585,192.63210129737854
1586,190.664612531662
1587,197.94343852996826
1588,191.75921893119812
1589,192.7661895751953
1590,194.01666140556335
1591,185.36525774002075
1592,189.11951208114624
1593,190.89038848876953
1594,207.27132391929626
1595,196.0827283859253
1596,191.86588549613953
1597,193.80518126487732
1598,194.88361024856567
1599,196.6270797252655
1600,198.20646381378174
1601,197.572612285614
1602,197.17278146743774
1603,199.060040473938
1604,198.63553667068481
1605,195.0005407333374
1606,192.81270217895508
1607,192.8488552570343
1608,214.45538973808289
1609,190.77685594558716
1610,191.6106777191162
1611,187.13938689231873
1612,189.80450820922852
1613,188.70579528808594
1614,184.79494380950928
1615,182.5960328578949
1616,188.10065603256226
1617,188.75054907798767
1618,192.92563915252686
1619,188.81672143936157
1620,185.4335653781891
1621,187.76838874816895
1622,188.8804144859314
1623,174.00707983970642
1624,188.80968594551086
1625,184.16033601760864
1626,185.09732723236084
1627,202.2521631717682
1628,200.54802083969116
1629,208.47487783432007
1630,205.56535649299622
1631,202.99062037467957
1632,206.4356734752655
1633,198.2262098789215
1634,204.08185291290283
1635,205.77451467514038
1636,198.56698036193848
1637,199.08932614326477
1638,195.98544788360596
1639,199.7872347831726
1640,199.6294915676117
1641,201.15984988212585
1642,203.07533073425293
1643,199.53660655021667
1644,203.58050227165222
1645,197.7300887107849
1646,195.93804478645325
1647,193.54018425941467
1648,180.24989438056946
1649,183.82962703704834
1650,183.57275009155273
1651,178.22887516021729
1652,185.29425358772278
1653,179.25433206558228
1654,184.37872433662415
1655,183.9265856742859
1656,182.9507315158844
1657,184.9189796447754
1658,183.82000422477722
1659,182.65260457992554
1660,188.76771068572998
1661,184.68511939048767
1662,182.67197179794312
1663,188.65319395065308
1664,188.7840940952301
1665,188.87059593200684
1666,178.15230083465576
1667,189.26940727233887
1668,179.07981634140015
1669,172.84258818626404
1670,177.2634723186493
1671,173.00145840644836
1672,180.90404295921326
1673,178.22713565826416
1674,179.3983759880066
1675,178.38487267494202
1676,182.01235246658325
1677,177.89271664619446
1678,184.40322470664978
1679,179.8174467086792
1680,186.15195894241333
1681,177.2626633644104
1682,177.53685975074768
1683,177.89354133605957
1684,176.677015542984
1685,178.4276683330536
1686,177.3719093799591
1687,176.726496219635
1688,178.759663105011
1689,179.57199120521545
1690,181.02763056755066
1691,179.69347763061523
1692,175.85808730125427
1693,178.06761050224304
1694,179.8465428352356
1695,181.08137369155884
1696,188.28655242919922
1697,189.1496765613556
1698,187.3177149295807
1699,188.6751093864441
1700,192.73229813575745
1701,187.26663899421692
1702,185.67695999145508
1703,185.2360315322876
1704,186.3905794620514
1705,179.07168412208557
1706,178.18298244476318
1707,176.81392574310303
1708,183.78478240966797
1709,177.58338713645935
1710,182.01474714279175
1711,183.22087025642395
1712,188.48001289367676
1713,198.40091276168823
1714,186.82585835456848
1715,175.63500094413757
1716,178.64423155784607
1717,179.33839321136475
1718,178.48958134651184
1719,180.06415605545044
1720,184.6412489414215
1721,181.25096774101257
1722,178.6901662349701
1723,176.9018120765686
1724,182.51782751083374
1725,179.22355771064758
1726,186.25638961791992
1727,181.3460292816162
1728,186.15352392196655
1729,186.6037950515747
1730,194.8855845928192
1731,188.62168955802917
1732,189.26237869262695
1733,182.4395363330841
1734,189.24445056915283
1735,182.5453324317932
1736,184.60483479499817
1737,181.20922684669495
1738,208.28039360046387
1739,186.5798110961914
1740,180.30445289611816
1741,185.08676862716675
1742,178.67902827262878
1743,177.07010316848755
1744,176.84742546081543
1745,171.9453980922699
1746,178.0182249546051
1747,179.61687397956848
1748,190.1416835784912
1749,200.21320819854736
1750,184.98340511322021
1751,183.2264919281006
1752,194.89534449577332
1753,195.1324338912964
1754,194.07564401626587
1755,203.66916465759277
1756,195.3733823299408
1757,196.22115635871887
1758,196.3664333820343
1759,203.92204475402832
1760,194.8051347732544
1761,195.0799901485443
1762,192.95452046394348
1763,196.3171901702881
1764,194.53635549545288
1765,190.63381147384644
1766,188.18478059768677
1767,185.67881178855896
1768,187.6977505683899
1769,188.3563051223755
1770,188.09480571746826
1771,186.853435754776
1772,190.62747597694397
1773,189.00850534439087
1774,192.6888461112976
1775,191.72100162506104
1776,197.6544919013977
1777,196.45370221138
1778,198.61121320724487
1779,198.132239818573
1780,192.64263010025024
1781,193.1683542728424
1782,190.99221277236938
1783,189.6824073791504
1784,192.8153042793274
1785,194.6630663871765
1786,194.7548143863678
1787,199.39447665214539
1788,195.37767219543457
1789,192.45052123069763
1790,194.62175035476685
1791,192.10327410697937
1792,191.06772375106812
1793,191.51649618148804
1794,191.08825612068176
1795,190.91389846801758
1796,191.74288964271545
1797,190.51185488700867
1798,192.04664778709412
1799,195.0793616771698
1800,193.1657211780548
1801,190.16959691047668
1802,196.246821641922
1803,189.4959373474121
1804,191.19136953353882
1805,190.87266540527344
1806,201.5587239265442
1807,188.26569414138794
1808,189.94433546066284
1809,188.64196157455444
1810,193.07894229888916
1811,187.99373984336853
1812,195.11054730415344
1813,194.29270148277283
1814,194.2295970916748
1815,195.7609372138977
1816,197.7910966873169
1817,194.6838517189026
1818,198.11745309829712
1819,191.28570365905762
1820,190.13277912139893
1821,188.3762562274933
1822,189.3623833656311
1823,190.52054738998413
1824,186.97301936149597
1825,188.5827977657318
1826,188.1676127910614
1827,189.06992411613464
1828,192.65083289146423
1829,190.5475718975067
1830,193.3449788093567
1831,191.7664716243744
1832,190.36957144737244
1833,187.30362915992737
1834,187.05599999427795
1835,190.5909698009491
1836,191.50908517837524
1837,194.27919268608093
1838,200.98742628097534
1839,206.86471605300903
1840,211.6199688911438
1841,208.9774672985077
1842,199.55911803245544
1843,204.54186534881592
1844,198.35516381263733
1845,199.83487367630005
1846,197.8200376033783
1847,195.7301540374756
1848,195.56138110160828
1849,190.84790229797363
1850,192.76349782943726
1851,195.19148540496826
1852,199.11845898628235
1853,186.98974347114563
1854,191.14032554626465
1855,194.09752583503723
1856,187.19100761413574
1857,193.82744550704956
1858,185.31041622161865
1859,184.72167491912842
1860,181.44420981407166
1861,183.79697012901306
1862,186.4896423816681
1863,184.5682873725891
1864,183.77985954284668
1865,177.86903023719788
1866,178.69126176834106
1867,178.33853912353516
1868,204.68915486335754
1869,184.01185774803162
1870,183.52050304412842
1871,178.80276656150818
1872,183.74376153945923
1873,192.98683762550354
1874,194.02480387687683
1875,185.35702419281006
1876,182.38079619407654
1877,183.1603651046753
1878,179.7867910861969
1879,182.75590562820435
1880,185.4678373336792
1881,182.97342491149902
1882,188.43594646453857
1883,181.6998233795166
1884,187.9545316696167
1885,182.36913108825684
1886,178.91612935066223
1887,183.19735765457153
1888,189.10771560668945
1889,186.42769527435303
1890,182.32979130744934
1891,188.60720944404602
1892,185.8566915988922
1893,187.9777774810791
1894,184.52330780029297
1895,189.88117456436157
1896,188.22236824035645
1897,195.58140444755554
1898,192.16181564331055
1899,189.72992086410522
1900,187.72014474868774
1901,188.64168286323547
1902,187.95307040214539
1903,189.80915236473083
1904,192.53273558616638
1905,193.63267183303833
1906,193.9241645336151
1907,194.96570801734924
1908,197.05227303504944
1909,191.69642615318298
1910,190.8698947429657
1911,197.0704951286316
1912,197.3581781387329
1913,193.8125672340393
1914,187.77232027053833
1915,189.38384652137756
1916,187.58582377433777
1917,183.78014039993286
1918,184.87879848480225
1919,184.46557784080505
1920,183.32673835754395
1921,179.49163913726807
1922,175.51801228523254
1923,178.68040013313293
1924,186.50870203971863
1925,186.2798490524292
1926,185.3775281906128
1927,187.85914039611816
1928,194.01646280288696
1929,189.25460577011108
1930,184.56724953651428
1931,184.46080112457275
1932,180.08284044265747
1933,178.80323362350464
1934,177.25419998168945
1935,178.8575313091278
1936,183.8071310520172
1937,188.8515350818634
1938,187.50557160377502
1939,198.1117079257965
1940,195.30956029891968
1941,196.48152375221252
1942,199.03791117668152
1943,191.04208397865295
1944,198.8696551322937
1945,188.93873047828674
1946,188.0603277683258
1947,185.4440987110138
1948,190.40901947021484
1949,185.3254110813141
1950,187.40889978408813
1951,193.4834282398224
1952,187.0953438282013
1953,189.270592212677
1954,193.37301349639893
1955,188.84486889839172
1956,189.24143266677856
1957,194.32124400138855
1958,192.70710611343384
1959,196.00758266448975
1960,194.3508415222168
1961,192.1467616558075
1962,190.5076789855957
1963,188.0471374988556
1964,196.14896607398987
1965,192.18795585632324
1966,199.8926296234131
1967,201.24240589141846
1968,196.26294708251953
1969,196.97812008857727
1970,190.52227640151978
1971,192.1983983516693
1972,190.23220825195312
1973,184.21659922599792
1974,189.42805171012878
1975,192.2525749206543
1976,188.62288641929626
1977,187.4817020893097
1978,188.9680519104004
1979,189.3782925605774
1980,190.73000717163086
1981,194.3179006576538
1982,198.12605905532837
1983,193.55518531799316
1984,190.74753141403198
1985,192.39498019218445
1986,193.08307123184204
1987,191.91611647605896
1988,196.11339831352234
1989,195.17012095451355
1990,201.7008752822876
1991,208.88754439353943
1992,202.41400146484375
1993,194.2191150188446
1994,193.62246203422546
1995,192.87372946739197
1996,196.46909475326538
1997,195.60958123207092
1998,214.9696352481842
1999,179.80492424964905
2000,184.86949467658997
2001,182.70837211608887
2002,181.96095156669617
2003,178.6942629814148
2004,185.22565054893494
2005,187.35468316078186
2006,183.21504831314087
2007,185.1972210407257
2008,183.38753199577332
2009,176.453227519989
2010,182.90223932266235
2011,184.37298917770386
2012,196.35774302482605
2013,196.9911243915558
2014,200.84265732765198
2015,194.24112939834595
2016,197.05793261528015
2017,198.84090518951416
2018,200.50216245651245
2019,197.63323545455933
2020,197.22375178337097
2021,198.71839952468872
2022,194.52873301506042
2023,192.70155143737793
2024,188.90160202980042
2025,191.11939668655396
2026,188.55895376205444
2027,180.91889810562134
2028,185.2681872844696
2029,189.05743646621704
2030,186.4262626171112
2031,188.6401505470276
2032,182.52782130241394
2033,186.17588090896606
2034,187.32552576065063
2035,186.6435616016388
2036,188.66382217407227
2037,200.8085265159607
2038,191.24745559692383
2039,196.4128909111023
2040,193.52011251449585
2041,196.3706657886505
2042,197.348397731781
2043,191.53893852233887
2044,191.30252981185913
2045,193.48233079910278
2046,196.18739676475525
2047,186.48515224456787
2048,189.31675624847412
2049,192.1052966117859
2050,181.9977958202362
2051,187.03040099143982
2052,194.96333265304565
2053,188.80607628822327
2054,189.1323447227478
2055,191.53765749931335
2056,200.03841161727905
2057,197.17145776748657
2058,199.4304449558258
2059,203.37102484703064
2060,202.35487341880798
2061,200.24819898605347
2062,196.28738141059875
2063,206.1502344608307
2064,205.18462586402893
2065,198.8228726387024
2066,195.05291485786438
2067,190.95656156539917
2068,188.57989692687988
2069,188.15238451957703
2070,186.05563592910767
2071,191.83870911598206
2072,192.21715641021729
2073,190.84055089950562
2074,192.52758049964905
2075,191.9053237438202
2076,195.418847322464
2077,194.81728267669678
2078,199.47291088104248
2079,201.17331838607788
2080,195.9277732372284
2081,196.47656106948853
2082,210.5288529396057
2083,202.01166772842407
2084,199.40841007232666
2085,194.2260594367981
2086,199.68758821487427
2087,197.2327332496643
2088,192.14652371406555
2089,197.89292454719543
2090,197.3091526031494
2091,196.22344088554382
2092,196.48160457611084
2093,196.55799317359924
2094,193.82056498527527
2095,187.58270955085754
2096,190.81700348854065
2097,188.11224460601807
2098,186.38003945350647
2099,187.42995166778564
2100,183.03044414520264
2101,185.25935816764832
2102,187.43943238258362
2103,188.16448140144348
2104,185.49384593963623
2105,185.54569697380066
2106,190.9712107181549
2107,183.52076053619385
2108,181.0762972831726
2109,184.3520655632019
2110,188.8212296962738
2111,195.603009223938
2112,190.75015902519226
2113,193.9182734489441
2114,195.323401927948
2115,194.83286714553833
2116,199.6394646167755
2117,200.88090920448303
2118,205.3650496006012
2119,194.880122423172
2120,196.53144311904907
2121,202.25621604919434
2122,203.82119584083557
2123,202.5192997455597
2124,207.9038007259369
2125,200.92718243598938
2126,211.33154439926147
2127,217.9377887248993
2128,225.9979648590088
2129,188.88882899284363
2130,193.08797001838684
2131,185.50737810134888
2132,191.19284105300903
2133,195.04175209999084
2134,199.3268928527832
2135,201.5234251022339
2136,204.54819345474243
2137,204.8411364555359
2138,201.8896222114563
2139,202.45013666152954
2140,207.1347734928131
2141,200.89236617088318
2142,198.89193606376648
2143,198.94067239761353
2144,201.18076419830322
2145,196.01768732070923
2146,192.084290266037
2147,197.3043990135193
2148,187.99617505073547
2149,189.31455326080322
2150,193.08372259140015
2151,187.54024147987366
2152,189.57677006721497
2153,190.6718089580536
2154,192.23114109039307
2155,190.29174876213074
2156,189.02648496627808
2157,187.1859426498413
2158,191.89007234573364
2159,192.03307914733887
2160,190.91736817359924
2161,192.15528225898743
2162,190.808114528656
2163,186.66132259368896
2164,187.95933532714844
2165,191.1084384918213
2166,187.1030809879303
2167,196.6153438091278
2168,196.07273268699646
2169,198.45368814468384
2170,196.01467370986938
2171,194.39669513702393
2172,198.8018500804901
2173,199.0039563179016
2174,185.32487297058105
2175,190.74017333984375
2176,182.32868075370789
2177,186.7925944328308
2178,191.06371784210205
2179,189.20155358314514
2180,190.69972825050354
2181,186.79398941993713
2182,180.44333124160767
2183,187.10298681259155
2184,186.9137225151062
2185,195.16014289855957
2186,185.21615862846375
2187,190.93792176246643
2188,190.8167507648468
2189,193.58538269996643
2190,191.15883708000183
2191,183.12072944641113
2192,184.22416925430298
2193,185.9294216632843
2194,183.32760882377625
2195,183.5981125831604
2196,182.79199171066284
2197,186.85085940361023
2198,188.6674108505249
2199,195.42604231834412
2200,195.89746117591858
2201,203.48116493225098
2202,200.36205911636353
2203,200.70941185951233
2204,204.1377079486847
2205,201.5572636127472
2206,201.4110779762268
2207,197.37019515037537
2208,195.62978148460388
2209,203.6700792312622
2210,199.42392468452454
2211,196.01771306991577
2212,199.01191973686218
2213,192.07506012916565
2214,187.91022181510925
2215,186.39278554916382
2216,183.21473026275635
2217,185.70855593681335
2218,184.77418661117554
2219,191.72098326683044
2220,185.83357667922974
2221,191.36304426193237
2222,187.27277970314026
2223,187.408447265625
2224,189.44330668449402
2225,185.0888593196869
2226,192.93890190124512
2227,185.67190504074097
2228,180.1002562046051
2229,180.79130578041077
2230,179.7444188594818
2231,181.3764946460724
2232,185.06019687652588
2233,185.605895280838
2234,192.03899025917053
2235,191.75013875961304
2236,194.47804832458496
2237,201.60332918167114
2238,213.81792616844177
2239,207.06208276748657
2240,213.61800503730774
2241,230.5735788345337
2242,210.99431657791138
2243,210.33088088035583
2244,207.6867983341217
2245,196.90278482437134
2246,197.16978859901428
2247,199.81023693084717
2248,198.00116395950317
2249,197.8009340763092
2250,195.82788968086243
2251,194.98719143867493
2252,197.93517231941223
2253,189.88896584510803
2254,194.13994693756104
2255,194.04548287391663
2256,192.95661544799805
2257,190.3573076725006
2258,217.0170829296112
2259,189.3825409412384
2260,184.6716022491455
2261,185.47564911842346
2262,183.64351892471313
2263,181.64124870300293
2264,181.09555912017822
2265,198.26128315925598
2266,185.9467236995697
2267,185.44492101669312
2268,187.03302788734436
2269,192.65351581573486
2270,186.05959343910217
2271,189.70166873931885
2272,180.0137062072754
2273,191.02544856071472
2274,189.23196268081665
2275,186.9320683479309
2276,190.57879877090454
2277,192.85926985740662
2278,196.01419067382812
2279,199.64650106430054
2280,195.23706078529358
2281,194.4356677532196
2282,194.56689953804016
2283,193.04229545593262
2284,192.51236271858215
2285,190.03925490379333
2286,191.01269364356995
2287,189.55927681922913
2288,192.8269329071045
2289,191.1616187095642
2290,190.68589901924133
2291,195.64292120933533
2292,193.80663919448853
2293,194.60644221305847
2294,190.612154006958
2295,192.9307403564453
2296,193.10772705078125
2297,191.23944115638733
2298,193.9870262145996
2299,200.9454267024994
2300,196.53248739242554
2301,188.99837017059326
2302,191.07142972946167
2303,194.43322944641113
2304,191.06872987747192
2305,195.57858180999756
2306,196.02795886993408
2307,194.4084300994873
2308,197.90377736091614
2309,193.9708104133606
2310,200.68220901489258
2311,190.20075488090515
2312,192.23008751869202
2313,200.05728936195374
2314,192.00976085662842
2315,187.53440713882446
2316,195.7469778060913
2317,188.7159469127655
2318,179.98026037216187
2319,177.02969574928284
2320,177.2826976776123
2321,174.16018533706665
2322,184.8576054573059
2323,184.5663034915924
2324,186.46136021614075
2325,187.36667132377625
2326,197.15655088424683
2327,195.0376603603363
2328,191.241961479187
2329,183.45134902000427
2330,185.5930733680725
2331,182.17157983779907
2332,179.5853192806244
2333,182.05303859710693
2334,179.55645608901978
2335,179.95198893547058
2336,179.28735899925232
2337,185.5203354358673
2338,191.76804423332214
2339,194.39111065864563
2340,195.40189361572266
2341,193.95453095436096
2342,198.02142548561096
2343,201.03647232055664
2344,192.02952408790588
2345,201.31178903579712
2346,207.3621368408203
2347,207.95471668243408
2348,204.59899401664734
2349,208.13799285888672
2350,205.28852558135986
2351,196.61135697364807
2352,195.14865636825562
2353,192.0903971195221
2354,189.70007848739624
2355,192.65823030471802
2356,185.9565145969391
2357,191.10074996948242
2358,191.64277577400208
2359,191.202627658844
2360,189.1674780845642
2361,185.5759460926056
2362,189.9553303718567
2363,192.18433833122253
2364,191.9604845046997
2365,194.7111451625824
2366,190.28819847106934
2367,184.1060712337494
2368,191.8530833721161
2369,199.89407086372375
2370,190.72970986366272
2371,189.4418704509735
2372,186.52644991874695
2373,187.90593457221985
2374,185.43924522399902
2375,182.08992886543274
2376,178.11957025527954
2377,178.41620802879333
2378,178.0653851032257
2379,174.42939686775208
2380,178.64500617980957
2381,177.9019947052002
2382,183.56492447853088
2383,188.89733028411865
2384,195.7570285797119
2385,195.23858642578125
2386,201.13210916519165
2387,198.65238332748413
2388,235.79647850990295
2389,200.01722192764282
2390,195.8034152984619
2391,197.88986825942993
2392,201.92790722846985
2393,199.32701969146729
2394,202.92771458625793
2395,203.25162506103516
2396,203.980614900589
2397,204.0554325580597
2398,199.6014006137848
2399,201.36675930023193
2400,202.9592535495758
2401,203.76333928108215
2402,196.33961987495422
2403,196.23685932159424
2404,197.25780844688416
2405,195.79068779945374
2406,196.34461212158203
2407,197.50985264778137
2408,198.74907207489014
2409,196.02383279800415
2410,192.7768840789795
2411,195.77688145637512
2412,190.60929369926453
2413,188.36779141426086
2414,190.76402878761292
2415,192.33568215370178
2416,192.4305865764618
2417,189.8146767616272
2418,186.56244325637817
2419,185.54410648345947
2420,182.28997373580933
2421,186.06115770339966
2422,189.05295872688293
2423,188.27206444740295
2424,190.92865467071533
2425,192.71701908111572
2426,191.34008073806763
2427,192.54988026618958
2428,188.93363428115845
2429,188.48151922225952
2430,194.87014627456665
2431,193.56272315979004
2432,191.0381999015808
2433,188.71072936058044
2434,185.9208927154541
2435,186.40095686912537
2436,187.26187586784363
2437,192.78190994262695
2438,186.73903942108154
2439,192.3280689716339
2440,190.80792951583862
2441,188.59182214736938
2442,194.42903923988342
2443,190.99003148078918
2444,191.59627890586853
2445,195.559068441391
2446,208.61345434188843
2447,187.69144082069397
2448,190.2632441520691
2449,192.20721197128296
2450,189.28230953216553
2451,191.89235424995422
2452,191.25793266296387
2453,188.08430099487305
2454,194.06307339668274
2455,189.20116710662842
2456,188.20586466789246
2457,189.11493802070618
2458,189.3556079864502
2459,190.5264928340912
2460,193.81826996803284
2461,188.24723505973816
2462,189.62071800231934
2463,185.31590747833252
2464,186.98060178756714
2465,180.83460140228271
2466,179.19560313224792
2467,175.22554540634155
2468,181.68351864814758
2469,184.23766160011292
2470,190.068021774292
2471,193.88459610939026
2472,191.6197328567505
2473,209.25926566123962
2474,193.04649472236633
2475,195.1686146259308
2476,193.3083577156067
2477,207.39631032943726
2478,204.64394688606262
2479,200.44945907592773
2480,204.87102580070496
2481,201.65127515792847
2482,197.63763189315796
2483,197.1326105594635
2484,195.3002164363861
2485,198.41481566429138
2486,198.01629853248596
2487,193.52507901191711
2488,195.18088054656982
2489,192.94819402694702
2490,194.81778836250305
2491,197.84086632728577
2492,186.8272247314453
2493,188.0990447998047
2494,187.42811799049377
2495,190.98268127441406
2496,192.96481442451477
2497,197.3197944164276
2498,195.16404819488525
2499,197.76420331001282
2500,195.80450820922852
2501,200.409823179245
2502,195.37140703201294
2503,191.97754096984863
2504,195.80859684944153
2505,194.2745702266693
2506,199.90626120567322
2507,193.24941277503967
2508,187.2411994934082
2509,191.18495225906372
2510,190.3394157886505
2511,190.73120665550232
2512,186.3550522327423
2513,182.86860132217407
2514,182.77856850624084
2515,191.15496039390564
2516,186.08093738555908
2517,185.15632724761963
2518,215.97485399246216
2519,186.85138201713562
2520,193.6915488243103
2521,200.81465482711792
2522,215.20007491111755
2523,197.1616108417511
2524,199.8896358013153
2525,200.24623155593872
2526,194.2323670387268
2527,204.69517540931702
2528,202.02491569519043
2529,193.34254264831543
2530,197.94070744514465
2531,195.46811866760254
2532,197.70128440856934
2533,195.91793203353882
2534,195.5168695449829
2535,192.83130645751953
2536,190.63973712921143
2537,197.2950620651245
2538,189.26863837242126
2539,190.08495950698853
2540,190.7362494468689
2541,191.81654953956604
2542,190.94824600219727
2543,192.2251489162445
2544,191.81016564369202
2545,191.4846739768982
2546,192.6072301864624
2547,197.49661564826965
2548,201.9386763572693
2549,204.61382389068604
2550,203.6176929473877
2551,208.34368777275085
2552,199.37195253372192
2553,203.23917174339294
2554,201.74206447601318
2555,198.8904628753662
2556,199.5236451625824
2557,197.68102931976318
2558,200.17023015022278
2559,198.9355387687683
2560,202.6512005329132
2561,206.24444198608398
2562,202.66986799240112
2563,200.6061646938324
2564,202.6151430606842
2565,208.7126932144165
2566,204.76038694381714
2567,201.9070143699646
2568,195.1363809108734
2569,199.83123803138733
2570,201.26940250396729
2571,198.4495813846588
2572,194.81582117080688
2573,193.3052580356598
2574,192.61699032783508
2575,185.55866980552673
2576,189.66019320487976
2577,188.57773995399475
2578,182.74471616744995
2579,194.3347887992859
2580,182.52796864509583
2581,191.24324440956116
2582,183.74126410484314
2583,180.3495671749115
2584,186.61908221244812
2585,188.87957739830017
2586,192.87970232963562
2587,190.4264874458313
2588,195.9482946395874
2589,192.63565135002136
2590,195.53577494621277
2591,197.3842589855194
2592,200.83218812942505
2593,199.58519554138184
2594,200.00726318359375
2595,199.9803991317749
2596,200.02677416801453
2597,197.87104606628418
2598,198.6800217628479
2599,194.3862464427948
2600,196.05539727210999
2601,193.25961565971375
2602,194.12466883659363
2603,197.39660477638245
2604,191.87332820892334
2605,193.62750267982483
2606,186.87893271446228
2607,189.02911949157715
2608,187.77620792388916
2609,191.5808389186859
2610,190.31374263763428
2611,191.8652307987213
2612,192.12554264068604
2613,194.62906193733215
2614,190.37295770645142
2615,190.65521121025085
2616,193.7745897769928
2617,192.40880370140076
2618,191.50926613807678
2619,188.13404083251953
2620,190.12222528457642
2621,188.40116047859192
2622,188.5782036781311
2623,187.49505519866943
2624,197.49117422103882
2625,193.28366565704346
2626,199.56587529182434
2627,203.97892808914185
2628,189.27036142349243
2629,187.68031334877014
2630,193.9380133152008
2631,195.5042760372162
2632,196.76209020614624
2633,191.57705354690552
2634,192.81164622306824
2635,192.32164001464844
2636,192.48361802101135
2637,193.07555079460144
2638,195.11422061920166
2639,194.05261898040771
2640,193.09156894683838
2641,198.45536589622498
2642,195.33296823501587
2643,196.3905565738678
2644,188.58607697486877
2645,190.17048358917236
2646,189.97021651268005
2647,211.6422929763794
2648,189.26941514015198
2649,188.78646636009216
2650,201.41284012794495
2651,207.67322850227356
2652,210.86764097213745
2653,206.55886507034302
2654,200.40888381004333
2655,201.9078893661499
2656,199.4634485244751
2657,198.36808347702026
2658,204.96888542175293
2659,204.6443567276001
2660,204.2954728603363
2661,207.42566847801208
2662,206.63255500793457
2663,213.3442759513855
2664,209.99878549575806
2665,207.11093163490295
2666,204.52426171302795
2667,200.26844835281372
2668,196.4545032978058
2669,200.43675661087036
2670,200.10451912879944
2671,194.08334803581238
2672,189.22463989257812
2673,194.29644298553467
2674,188.20993375778198
2675,187.0473575592041
2676,189.31709599494934
2677,196.27162218093872
2678,190.51429438591003
2679,185.6243143081665
2680,191.08303785324097
2681,192.68512320518494
2682,192.87789630889893
2683,190.67710518836975
2684,196.8826243877411
2685,195.3197591304779
2686,191.33541250228882
2687,189.57690954208374
2688,189.93608140945435
2689,190.242036819458
2690,191.13172459602356
2691,189.0753607749939
2692,192.1600468158722
2693,191.36777663230896
2694,189.7660129070282
2695,194.47922778129578
2696,186.25061106681824
2697,182.35322618484497
2698,186.03162503242493
2699,185.18409848213196
2700,186.15085911750793
2701,186.08068132400513
2702,192.79106640815735
2703,188.32978773117065
2704,191.11636996269226
2705,192.84391951560974
2706,190.51858520507812
2707,198.2538025379181
2708,195.86369967460632
2709,202.39257717132568
2710,198.7836413383484
2711,195.40405011177063
2712,192.65371441841125
2713,193.96052384376526
2714,192.4080626964569
2715,188.77726459503174
2716,189.70877838134766
2717,189.55468797683716
2718,189.05335521697998
2719,182.34095096588135
2720,186.26333212852478
2721,182.9218590259552
2722,184.48857498168945
2723,188.35307931900024
2724,187.16591238975525
2725,185.64799165725708
2726,175.86486768722534
2727,178.5717384815216
2728,183.51231575012207
2729,178.34498715400696
2730,182.43913006782532
2731,190.6443145275116
2732,190.1482322216034
2733,190.65517139434814
2734,195.0714931488037
2735,191.93160676956177
2736,178.16272521018982
2737,180.64053988456726
2738,178.4818139076233
2739,178.0504367351532
2740,177.62134766578674
2741,177.98496842384338
2742,180.11541318893433
2743,174.64486145973206
2744,186.79421949386597
2745,184.8971619606018
2746,188.15382027626038
2747,193.08301854133606
2748,195.98764729499817
2749,190.82146644592285
2750,190.8269636631012
2751,192.25495314598083
2752,191.79839444160461
2753,193.1735816001892
2754,197.22485303878784
2755,194.34718012809753
2756,197.26163816452026
2757,195.57112383842468
2758,188.59789156913757
2759,188.030020236969
2760,186.41574501991272
2761,192.09069299697876
2762,202.0063636302948
2763,189.62308430671692
2764,198.74699687957764
2765,189.55038499832153
2766,188.88988780975342
2767,189.1320776939392
2768,193.2268660068512
2769,190.95553708076477
2770,194.40251803398132
2771,199.60084772109985
2772,203.27098751068115
2773,203.1453869342804
2774,199.8157663345337
2775,196.7347195148468
2776,200.6836802959442
2777,220.5776948928833
2778,196.42293190956116
2779,197.93131852149963
2780,197.7724039554596
2781,199.79482674598694
2782,200.90122509002686
2783,197.0031657218933
2784,198.6114273071289
2785,196.01315712928772
2786,192.12586188316345
2787,196.28487968444824
2788,197.79288744926453
2789,197.38354516029358
2790,193.4583649635315
2791,188.86598229408264
2792,184.13930249214172
2793,185.18521857261658
2794,188.29050207138062
2795,189.51199221611023
2796,184.04260683059692
2797,192.07824659347534
2798,189.6124405860901
2799,196.03405165672302
2800,195.3661539554596
2801,189.59262800216675
2802,193.03418254852295
2803,194.95849585533142
2804,191.53113794326782
2805,195.84955072402954
2806,191.98904466629028
2807,199.55277061462402
2808,187.9863727092743
2809,189.8357903957367
2810,192.38229942321777
2811,191.3570442199707
2812,191.17188668251038
2813,196.54633927345276
2814,195.57144236564636
2815,198.19329619407654
2816,200.29870009422302
2817,195.91071343421936
2818,201.2754499912262
2819,195.89825654029846
2820,195.18095231056213
2821,205.86118626594543
2822,192.4334077835083
2823,195.19606161117554
2824,187.40262150764465
2825,190.497545003891
2826,188.37693691253662
2827,188.44494485855103
2828,190.7537612915039
2829,186.77551198005676
2830,187.50172019004822
2831,188.43008971214294
2832,188.17404985427856
2833,186.9053990840912
2834,186.65354299545288
2835,186.36848759651184
2836,181.41962027549744
2837,186.4055745601654
2838,182.02648091316223
2839,188.198956489563
2840,189.77757120132446
2841,195.9337797164917
2842,198.94366002082825
2843,189.51936078071594
2844,183.2151300907135
2845,186.66280508041382
2846,189.41357231140137
2847,190.56272149085999
2848,186.37959170341492
2849,188.33640050888062
2850,190.87480902671814
2851,199.19638395309448
2852,185.1155834197998
2853,183.9545431137085
2854,181.15588474273682
2855,179.04714059829712
2856,182.55922985076904
2857,185.90407514572144
2858,182.42750930786133
2859,180.86304998397827
2860,179.47008299827576
2861,180.68777203559875
2862,177.9162940979004
2863,177.4186680316925
2864,184.09437203407288
2865,183.54826641082764
2866,189.7874777317047
2867,191.26034379005432
2868,190.8978157043457
2869,191.55440998077393
2870,197.47228908538818
2871,202.84481072425842
2872,200.60022497177124
2873,195.00127983093262
2874,203.10266137123108
2875,195.18231463432312
2876,190.17581057548523
2877,188.13827967643738
2878,190.58242464065552
2879,186.6747224330902
2880,183.54742741584778
2881,187.54452991485596
2882,190.27839398384094
2883,192.0105619430542
2884,193.98717880249023
2885,193.53301882743835
2886,196.41839385032654
2887,198.24372029304504
2888,197.79769039154053
2889,196.26083755493164
2890,191.08487796783447
2891,191.98691129684448
2892,192.31842923164368
2893,184.89585947990417
2894,185.85602974891663
2895,189.21109533309937
2896,194.73040580749512
2897,180.9827802181244
2898,183.31751370429993
2899,187.4152913093567
2900,188.5155565738678
2901,186.02923798561096
2902,182.60034489631653
2903,180.83295440673828
2904,176.91018676757812
2905,180.59847784042358
2906,178.8108353614807
2907,203.09583520889282
2908,184.11644172668457
2909,191.11436891555786
2910,195.42853713035583
2911,198.9622449874878
2912,198.72754192352295
2913,189.10585689544678
2914,192.02649021148682
2915,192.0932924747467
2916,186.24048924446106
2917,189.19270062446594
2918,186.58961248397827
2919,183.56341290473938
2920,183.64682006835938
2921,183.56722044944763
2922,185.18075895309448
2923,182.8692181110382
2924,187.01857256889343
2925,190.04515886306763
2926,188.80608749389648
2927,191.234929561615
2928,191.00054383277893
2929,190.63095617294312
2930,196.86178731918335
2931,195.34443354606628
2932,194.56205677986145
2933,202.9047565460205
2934,199.02484941482544
2935,199.11006045341492
2936,194.98995995521545
2937,200.67876029014587
2938,207.73148584365845
2939,198.35305285453796
2940,197.93286657333374
2941,203.8119785785675
2942,191.9634554386139
2943,193.73562145233154
2944,193.39285278320312
2945,194.11672472953796
2946,187.96332454681396
2947,188.134437084198
2948,189.91077852249146
2949,187.34977769851685
2950,195.23998975753784
2951,186.27161812782288
2952,186.99413132667542
2953,188.59836602210999
2954,188.11457133293152
2955,186.06472849845886
2956,183.84084606170654
2957,185.8924105167389
2958,187.85867547988892
2959,187.8330957889557
2960,192.68955850601196
2961,187.29061079025269
2962,191.83417749404907
2963,191.55411863327026
2964,188.4236340522766
2965,190.06808471679688
2966,190.3521180152893
2967,196.15582251548767
2968,192.51504755020142
2969,195.02835750579834
2970,203.98084712028503
2971,204.35976386070251
2972,204.6007010936737
2973,212.07854223251343
2974,217.6720085144043
2975,210.37039494514465
2976,204.6894679069519
2977,193.56235003471375
2978,201.81876039505005
2979,201.2782690525055
2980,197.31326007843018
2981,202.13353514671326
2982,200.8700225353241
2983,188.30305886268616
2984,193.21035051345825
2985,192.45270609855652
2986,194.7857003211975
2987,183.24154829978943
2988,187.3131561279297
2989,184.25273489952087
2990,185.19967079162598
2991,189.04979300498962
2992,191.22828197479248
2993,185.5264768600464
2994,186.16882157325745
2995,190.67127323150635
2996,182.6201786994934
2997,183.4185173511505
2998,180.811594247818
2999,178.2017741203308
3000,180.16022109985352
3001,181.8504283428192
3002,186.01567792892456
3003,194.43595504760742
3004,194.21868681907654
3005,187.86622309684753
3006,194.48940515518188
3007,196.89938831329346
3008,191.7790265083313
3009,183.66517043113708
3010,190.16799974441528
3011,192.07606053352356
3012,189.55347967147827
3013,196.43903613090515
3014,189.85102772712708
3015,186.34369778633118
3016,187.206280708313
3017,191.6907274723053
3018,186.60320496559143
3019,184.341947555542
3020,191.50377821922302
3021,187.21966814994812
3022,186.19153571128845
3023,179.32386541366577
3024,187.61379146575928
3025,183.98268961906433
3026,183.92828249931335
3027,185.45971584320068
3028,182.92910861968994
3029,188.43293142318726
3030,197.65049719810486
3031,190.46316051483154
3032,191.46617698669434
3033,193.18399357795715
3034,191.7102563381195
3035,190.00735783576965
3036,193.035174369812
3037,219.54659008979797
3038,187.96756863594055
3039,192.11534571647644
3040,193.66247820854187
3041,196.6735122203827
3042,200.882737159729
3043,199.27297496795654
3044,201.62868452072144
3045,204.0159318447113
3046,213.1641082763672
3047,204.4162745475769
3048,199.0619969367981
3049,197.52921795845032
3050,202.51346802711487
3051,196.88316822052002
3052,201.21631836891174
3053,200.02406477928162
3054,202.33054900169373
3055,194.66293835639954
3056,196.9857051372528
3057,194.88162994384766
3058,195.90587711334229
3059,198.36417961120605
3060,195.33714032173157
3061,187.119393825531
3062,190.60153603553772
3063,193.3669354915619
3064,194.15286231040955
3065,193.93632769584656
3066,193.02554440498352
3067,192.77423453330994
3068,199.84943389892578
3069,204.04864525794983
3070,215.33119940757751
3071,198.8853828907013
3072,197.7477831840515
3073,210.4904270172119
3074,578.9363646507263
3075,210.46424198150635
3076,207.19729852676392
3077,205.58476209640503
3078,213.28264927864075
3079,213.57557916641235
3080,208.08167481422424
3081,208.6571044921875
3082,211.3841381072998
3083,197.1791467666626
3084,198.6636962890625
3085,192.60730385780334
3086,190.81511616706848
3087,194.72705125808716
3088,185.56969046592712
3089,189.05266642570496
3090,188.6394500732422
3091,193.10423135757446
3092,189.64140486717224
3093,188.34433674812317
3094,187.84936451911926
3095,188.75384163856506
3096,188.34721493721008
3097,183.4455051422119
3098,189.3789873123169
3099,185.923748254776
3100,195.29145336151123
3101,183.88340067863464
3102,182.40506887435913
3103,194.23554801940918
3104,189.9033167362213
3105,181.89009761810303
3106,178.641037940979
3107,182.84753823280334
3108,182.84701085090637
3109,185.8928735256195
3110,185.46696019172668
3111,187.81413555145264
3112,190.39088129997253
3113,192.2448275089264
3114,190.38470101356506
3115,195.78475213050842
3116,197.63821291923523
3117,199.38977122306824
3118,200.15120267868042
3119,204.8109450340271
3120,200.78380346298218
3121,209.6505012512207
3122,198.29158353805542
3123,207.4211368560791
3124,208.8940784931183
3125,203.90733766555786
3126,209.09952545166016
3127,208.16067385673523
3128,199.48181748390198
3129,199.29176688194275
3130,193.66187739372253
3131,195.92028522491455
3132,191.21695280075073
3133,186.9489414691925
3134,188.5288405418396
3135,190.68653440475464
3136,188.41017413139343
3137,191.13393378257751
3138,196.52359175682068
3139,192.05909824371338
3140,194.9838535785675
3141,196.65037512779236
3142,197.49531722068787
3143,197.00655817985535
3144,191.3554491996765
3145,195.03550148010254
3146,199.40307545661926
3147,194.78243017196655
3148,195.89297747612
3149,195.32882618904114
3150,196.8581166267395
3151,195.6956889629364
3152,196.9347882270813
3153,201.69845819473267
3154,204.14024662971497
3155,205.79490542411804
3156,196.5141212940216
3157,199.49080204963684
3158,199.39996123313904
3159,196.02966499328613
3160,193.2108998298645
3161,197.82447862625122
3162,192.96666407585144
3163,191.41060495376587
3164,193.10828256607056
3165,186.01101732254028
3166,179.59302878379822
3167,207.69485902786255
3168,182.39331030845642
3169,199.77520418167114
3170,199.86103320121765
3171,204.3711473941803
3172,203.78456616401672
3173,199.81182384490967
3174,199.2682604789734
3175,195.1504487991333
3176,198.09923148155212
3177,200.05824255943298
3178,201.24274158477783
3179,203.75761365890503
3180,194.15165281295776
3181,196.74688959121704
3182,192.40693187713623
3183,190.73737454414368
3184,185.67961072921753
3185,183.21444249153137
3186,189.22134375572205
3187,187.9669852256775
3188,190.77020478248596
3189,196.77641677856445
3190,192.96318817138672
3191,189.7324411869049
3192,196.57423329353333
3193,194.84561800956726
3194,195.39959597587585
3195,193.4702377319336
3196,191.025456905365
3197,194.57747077941895
3198,197.3198275566101
3199,188.75954937934875
3200,187.68557786941528
3201,188.80625104904175
3202,183.79699659347534
3203,189.8859326839447
3204,190.8771333694458
3205,186.1111719608307
3206,189.27717804908752
3207,192.02770709991455
3208,187.8079319000244
3209,198.62895965576172
3210,185.79511189460754
3211,189.00611209869385
3212,191.4450182914734
3213,187.0880172252655
3214,184.88944792747498
3215,185.70884084701538
3216,193.758065700531
3217,189.3504762649536
3218,192.5831093788147
3219,190.1886124610901
3220,189.69204187393188
3221,196.28577184677124
3222,205.58366918563843
3223,201.77933621406555
3224,198.29511761665344
3225,199.97182059288025
3226,197.37674069404602
3227,195.22397422790527
3228,188.7269103527069
3229,194.47631859779358
3230,192.08890104293823
3231,199.29139876365662
3232,194.9058244228363
3233,188.84336185455322
3234,193.32026648521423
3235,191.47734761238098
3236,186.18114185333252
3237,186.577538728714
3238,182.92730569839478
3239,180.8827519416809
3240,180.50096774101257
3241,176.26865458488464
3242,177.30057382583618
3243,182.69694137573242
3244,177.7563443183899
3245,185.11078906059265
3246,186.8152494430542
3247,192.10485553741455
3248,194.02625608444214
3249,198.9018440246582
3250,211.30991411209106
3251,210.49389624595642
3252,212.93268132209778
3253,221.97648358345032
3254,212.17930388450623
3255,207.96114659309387
3256,207.69629502296448
3257,203.7031695842743
3258,203.05995416641235
3259,210.29452228546143
3260,205.20716953277588
3261,199.3783278465271
3262,200.3944079875946
3263,201.33078241348267
3264,202.524311542511
3265,206.4412066936493
3266,212.26859521865845
3267,210.4269471168518
3268,203.1380205154419
3269,201.5631387233734
3270,210.24574494361877
3271,199.1405794620514
3272,201.36208391189575
3273,195.68196868896484
3274,190.71074652671814
3275,189.79226279258728
3276,188.2423198223114
3277,181.00156593322754
3278,187.60200309753418
3279,185.70181965827942
3280,185.26065063476562
3281,179.27705693244934
3282,176.92811250686646
3283,177.09210014343262
3284,173.07042813301086
3285,171.80055689811707
3286,183.730544090271
3287,184.13103985786438
3288,188.48802828788757
3289,187.68746304512024
3290,184.5973482131958
3291,182.35009813308716
3292,184.93439745903015
3293,181.38850021362305
3294,179.0485246181488
3295,175.5751872062683
3296,177.70659279823303
3297,213.91974568367004
3298,190.31097412109375
3299,185.0357358455658
3300,175.51982498168945
3301,178.03618049621582
3302,191.05822324752808
3303,180.21981763839722
3304,179.42335891723633
3305,176.35120248794556
3306,173.62218165397644
3307,174.42246198654175
3308,181.14614605903625
3309,180.1719536781311
3310,183.76264667510986
3311,181.10216546058655
3312,180.38404083251953
3313,184.33296871185303
3314,182.01736974716187
3315,191.63450741767883
3316,192.96146202087402
3317,198.0830521583557
3318,193.40391516685486
3319,192.04647517204285
3320,195.34185409545898
3321,195.41047859191895
3322,191.13374829292297
3323,195.5277554988861
3324,191.41949033737183
3325,190.76638913154602
3326,188.618821144104
3327,186.66144466400146
3328,193.79261779785156
3329,191.03681421279907
3330,193.0303282737732
3331,194.25010776519775
3332,195.2152545452118
3333,196.1854646205902
3334,195.7489469051361
3335,195.5808367729187
3336,199.13581132888794
3337,201.19597601890564
3338,197.5461118221283
3339,194.98327803611755
3340,193.7454891204834
3341,197.24919986724854
3342,190.3139591217041
3343,191.39609575271606
3344,188.11625957489014
3345,185.09937572479248
3346,183.9701280593872
3347,185.91810941696167
3348,197.10258722305298
3349,183.3544726371765
3350,187.11302661895752
3351,184.11817693710327
3352,186.78731298446655
3353,184.00957989692688
3354,189.89900970458984
3355,186.7723319530487
3356,181.2771873474121
3357,188.69603037834167
3358,187.19995021820068
3359,187.40794491767883
3360,185.23600888252258
3361,189.73149919509888
3362,189.1015796661377
3363,191.50034308433533
3364,192.732257604599
3365,185.34111309051514
3366,187.09048628807068
3367,189.922297000885
3368,190.013906955719
3369,192.1322238445282
3370,187.72068190574646
3371,187.2925419807434
3372,184.4063732624054
3373,186.22508573532104
3374,183.30471968650818
3375,186.96011018753052
3376,183.86104488372803
3377,185.14093708992004
3378,180.98200511932373
3379,180.9532926082611
3380,187.68563985824585
3381,187.53812408447266
3382,183.7547128200531
3383,186.89926671981812
3384,189.15669107437134
3385,186.26942491531372
3386,191.261864900589
3387,188.35868954658508
3388,190.8918628692627
3389,193.3325777053833
3390,202.0779800415039
3391,198.68314051628113
3392,190.1477074623108
3393,206.82404851913452
3394,197.55208563804626
3395,201.00340938568115
3396,199.64925909042358
3397,201.46181750297546
3398,192.76452350616455
3399,192.7174162864685
3400,194.25175285339355
3401,193.70541071891785
3402,196.86138105392456
3403,193.99364161491394
3404,197.88254594802856
3405,189.86267375946045
3406,210.38753056526184
3407,194.84861159324646
3408,209.29882979393005
3409,195.64234471321106
3410,197.0796070098877
3411,188.6745264530182
3412,193.1831374168396
3413,176.3590726852417
3414,174.1018009185791
3415,176.41784977912903
3416,182.35909986495972
3417,185.98072052001953
3418,178.7779951095581
3419,181.82815837860107
3420,190.96137380599976
3421,188.4838240146637
3422,187.6441707611084
3423,184.6150734424591
3424,188.9482901096344
3425,188.2327060699463
3426,184.1894187927246
3427,212.7398796081543
3428,180.38361263275146
3429,181.82712507247925
3430,181.37366437911987
3431,182.712628364563
3432,176.5987105369568
3433,172.97449159622192
3434,176.87314438819885
3435,180.18806290626526
3436,178.05469751358032
3437,181.02743887901306
3438,177.31924200057983
3439,183.02137875556946
3440,176.65208792686462
3441,180.03023171424866
3442,180.76439547538757
3443,177.84564757347107
3444,178.30757427215576
3445,189.10656237602234
3446,175.23417806625366
3447,176.70244431495667
3448,181.5117893218994
3449,177.68738651275635
3450,183.52045798301697
3451,177.13152480125427
3452,176.1886007785797
3453,175.53601384162903
3454,173.90831542015076
3455,173.42020964622498
3456,181.3644416332245
3457,172.19777464866638
3458,178.43950390815735
3459,178.10646963119507
3460,183.06169271469116
3461,185.35776042938232
3462,187.88264083862305
3463,189.86542344093323
3464,191.12287497520447
3465,205.5630533695221
3466,198.0207154750824
3467,202.83714699745178
3468,214.51352095603943
3469,202.26415348052979
3470,203.6821584701538
3471,204.25481152534485
3472,201.17701649665833
3473,211.54260802268982
3474,196.0744388103485
3475,195.86482691764832
3476,196.31295442581177
3477,193.07430601119995
3478,194.67203617095947
3479,199.91888427734375
3480,200.1628932952881
3481,196.44488167762756
3482,190.67830085754395
3483,200.06704783439636
3484,200.25353288650513
3485,187.7079107761383
3486,185.23885083198547
3487,184.3812928199768
3488,188.25668287277222
3489,187.74802160263062
3490,189.09217810630798
3491,192.68227314949036
3492,196.6192910671234
3493,208.7844729423523
3494,199.95183515548706
3495,210.66776204109192
3496,195.32385969161987
3497,189.69113564491272
3498,194.28403759002686
3499,192.08913803100586
3500,188.31911826133728
3501,186.24742817878723
3502,191.12960362434387
3503,192.49541926383972
3504,187.7694857120514
3505,183.59778928756714
3506,183.6424524784088
3507,179.8722825050354
3508,184.10023140907288
3509,179.77300333976746
3510,181.94280433654785
3511,185.38913774490356
3512,193.03648567199707
3513,192.14492893218994
3514,197.34826111793518
3515,194.36782574653625
3516,193.31933546066284
3517,200.7949504852295
3518,191.70959329605103
3519,204.39308881759644
3520,197.115473985672
3521,209.9792604446411
3522,210.87201929092407
3523,205.75829768180847
3524,210.6239893436432
3525,210.57770776748657
3526,209.16678500175476
3527,202.59732460975647
3528,203.10689330101013
3529,204.54377698898315
3530,204.01970624923706
3531,195.46375942230225
3532,201.0043921470642
3533,192.95828485488892
3534,192.38406085968018
3535,188.766863822937
3536,185.46498107910156
3537,190.92360949516296
3538,189.65697956085205
3539,198.09154105186462
3540,185.4324893951416
3541,186.2914834022522
3542,187.76946020126343
3543,187.48816299438477
3544,193.92900133132935
3545,199.0694649219513
3546,193.09433770179749
3547,190.39762377738953
3548,194.3343756198883
3549,191.72571563720703
3550,189.1765444278717
3551,199.15360474586487
3552,190.88985896110535
3553,189.51647758483887
3554,187.1896710395813
3555,190.20963215827942
3556,192.88079571723938
3557,214.0603060722351
3558,191.9667844772339
3559,188.7271978855133
3560,193.57769680023193
3561,195.56569719314575
3562,193.54408073425293
3563,200.63666224479675
3564,207.9738130569458
3565,203.91474080085754
3566,199.98230648040771
3567,204.92737364768982
3568,193.80296850204468
3569,198.75139904022217
3570,196.21173214912415
3571,195.27362847328186
3572,197.27406454086304
3573,193.20796990394592
3574,194.36733317375183
3575,198.78466939926147
3576,181.11427235603333
3577,182.07467460632324
3578,186.10607481002808
3579,189.56632351875305
3580,195.92599749565125
3581,196.42699646949768
3582,204.59233570098877
3583,194.846608877182
3584,200.02395701408386
3585,204.54584431648254
3586,198.8165204524994
3587,193.75186777114868
3588,196.8138599395752
3589,195.14449262619019
3590,198.88391304016113
3591,203.51855373382568
3592,194.12960600852966
3593,195.83071303367615
3594,198.87064719200134
3595,197.3752739429474
3596,195.49927830696106
3597,193.83387994766235
3598,195.91604280471802
3599,190.2450134754181
3600,188.80669736862183
3601,194.4278154373169
3602,188.372789144516
3603,188.1898856163025
3604,191.46037411689758
3605,186.76766991615295
3606,196.98962116241455
3607,190.71764397621155
3608,194.75306177139282
3609,202.00875163078308
3610,202.31180262565613
3611,201.02576637268066
3612,210.91606497764587
3613,207.68443489074707
3614,213.8058922290802
3615,205.2222020626068
3616,205.9438898563385
3617,204.8245358467102
3618,194.9382140636444
3619,203.95819330215454
3620,194.92608642578125
3621,197.889399766922
3622,192.49622440338135
3623,192.59310245513916
3624,187.40111231803894
3625,180.6416289806366
3626,187.2762999534607
3627,182.75823187828064
3628,184.1786539554596
3629,182.43163681030273
3630,180.28690934181213
3631,180.79488158226013
3632,179.2476625442505
3633,183.1864173412323
3634,180.90631437301636
3635,195.25205183029175
3636,186.25517511367798
3637,185.73650646209717
3638,180.51987028121948
3639,181.07346034049988
3640,180.27441430091858
3641,181.89353823661804
3642,172.70287227630615
3643,173.01029133796692
3644,186.42098784446716
3645,179.332355260849
3646,175.1835298538208
3647,178.27350640296936
3648,174.10003352165222
3649,175.3022997379303
3650,181.0109531879425
3651,185.58317828178406
3652,186.34992456436157
3653,191.88728523254395
3654,191.91692447662354
3655,195.51062321662903
3656,194.8635482788086
3657,191.04607701301575
3658,187.8858940601349
3659,203.15504574775696
3660,197.161771774292
3661,201.71397233009338
3662,215.6888267993927
3663,206.25963354110718
3664,207.0311918258667
3665,217.6099419593811
3666,203.87005949020386
3667,201.5785849094391
3668,200.3842384815216
3669,196.6116886138916
3670,193.3675022125244
3671,198.19007301330566
3672,195.46934962272644
3673,199.0987787246704
3674,196.6201446056366
3675,193.92144179344177
3676,191.38006114959717
3677,193.9083857536316
3678,196.80541253089905
3679,198.3780608177185
3680,193.58772897720337
3681,187.35762453079224
3682,190.42432141304016
3683,191.247065782547
3684,188.82634472846985
3685,194.24509692192078
3686,193.84586811065674
3687,208.72061395645142
3688,184.69585061073303
3689,188.26053071022034
3690,191.38981676101685
3691,202.86650919914246
3692,201.1149764060974
3693,215.38009929656982
3694,201.86429142951965
3695,196.73328638076782
3696,195.92807054519653
3697,202.57045769691467
3698,203.35453915596008
3699,200.31143999099731
3700,195.15840768814087
3701,195.93751740455627
3702,193.0073118209839
3703,191.6190221309662
3704,187.74006485939026
3705,189.22285079956055
3706,188.36165070533752
3707,187.39300227165222
3708,188.09847021102905
3709,191.31556797027588
3710,198.1075828075409
3711,190.63648557662964
3712,190.58477997779846
3713,192.33469533920288
3714,195.43353533744812
3715,190.5787854194641
3716,192.2511990070343
3717,193.80831599235535
3718,188.77539896965027
3719,193.69272637367249
3720,183.06323432922363
3721,182.95109581947327
3722,190.73974204063416
3723,189.38668179512024
3724,187.69769477844238
3725,190.17759728431702
3726,190.6256926059723
3727,189.38218212127686
3728,191.26490807533264
3729,188.95506381988525
3730,192.395982503891
3731,189.9101014137268
3732,192.17441153526306
3733,191.50351667404175
3734,190.43959403038025
3735,189.5625035762787
3736,187.72765922546387
3737,190.45697331428528
3738,191.1496286392212
3739,191.09232091903687
3740,190.07425498962402
3741,195.95810222625732
3742,197.0409300327301
3743,199.1923418045044
3744,191.66407179832458
3745,197.42555689811707
3746,197.66143369674683
3747,203.6801311969757
3748,214.89933013916016
3749,205.8083460330963
3750,218.64321494102478
3751,203.74752688407898
3752,209.29553389549255
3753,198.51675391197205
3754,198.18394231796265
3755,198.93952012062073
3756,197.12150502204895
3757,194.63369727134705
3758,196.22457242012024
3759,191.52794241905212
3760,189.0027527809143
3761,190.4215669631958
3762,188.21976685523987
3763,189.77579069137573
3764,184.99951195716858
3765,190.19505858421326
3766,188.46049189567566
3767,182.64648985862732
3768,179.98930764198303
3769,178.15434432029724
3770,178.91827607154846
3771,184.45773768424988
3772,183.91341996192932
3773,188.84532737731934
3774,189.23704075813293
3775,197.75775575637817
3776,189.40573740005493
3777,198.03351497650146
3778,200.41914987564087
3779,201.28496479988098
3780,199.80792236328125
3781,217.06445813179016
3782,207.96287322044373
3783,204.40844440460205
3784,208.76240420341492
3785,205.7570812702179
3786,199.84739518165588
3787,195.9302945137024
3788,200.26543855667114
3789,202.4728183746338
3790,199.91969633102417
3791,194.69621658325195
3792,197.22814631462097
3793,199.21172380447388
3794,192.86734008789062
3795,189.1102204322815
3796,183.77806758880615
3797,183.0260579586029
3798,191.24560809135437
3799,182.6424913406372
3800,177.7019441127777
3801,177.90367650985718
3802,180.9070909023285
3803,176.30453944206238
3804,189.3306999206543
3805,191.15695452690125
3806,210.45716524124146
3807,212.04482340812683
3808,205.66247391700745
3809,204.53108930587769
3810,207.09913182258606
3811,206.02121591567993
3812,204.6644651889801
3813,195.56994771957397
3814,194.39808678627014
3815,187.43201804161072
3816,213.48578548431396
3817,183.20434999465942
3818,204.5888729095459
3819,187.87650322914124
3820,188.01296377182007
3821,194.86476111412048
3822,184.65240597724915
3823,192.54970574378967
3824,197.32567620277405
3825,189.5802390575409
3826,191.33435916900635
3827,189.65467286109924
3828,189.34280681610107
3829,188.94719433784485
3830,190.69137287139893
3831,184.94144916534424
3832,194.02799272537231
3833,188.6218967437744
3834,190.48522400856018
3835,192.97121453285217
3836,194.46435594558716
3837,189.96526312828064
3838,199.05497217178345
3839,203.1397454738617
3840,199.76886892318726
3841,208.21502900123596
3842,212.69378805160522
3843,200.02358174324036
3844,203.0568220615387
3845,198.9225618839264
3846,201.06138062477112
3847,196.17484784126282
3848,195.77512383460999
3849,192.02002477645874
3850,195.35387587547302
3851,192.74278163909912
3852,193.65531277656555
3853,186.24780750274658
3854,192.58245944976807
3855,191.17789483070374
3856,188.69794464111328
3857,194.39423513412476
3858,198.98291325569153
3859,205.25394749641418
3860,213.12686133384705
3861,217.07073497772217
3862,216.04916787147522
3863,205.454692363739
3864,207.22792387008667
3865,201.7273464202881
3866,188.3294358253479
3867,189.27368187904358
3868,194.59762287139893
3869,190.26237154006958
3870,191.87804532051086
3871,187.87175059318542
3872,195.493102312088
3873,193.79787969589233
3874,194.99666738510132
3875,196.6589138507843
3876,193.23050951957703
3877,202.6118619441986
3878,209.50496315956116
3879,193.5137939453125
3880,195.35895919799805
3881,201.53967118263245
3882,205.76821398735046
3883,201.6704306602478
3884,202.50492572784424
3885,201.77533626556396
3886,196.91839599609375
3887,192.0743865966797
3888,190.17155385017395
3889,192.88921666145325
3890,186.47994709014893
3891,192.7945101261139
3892,194.86059093475342
3893,191.6059012413025
3894,195.3976218700409
3895,189.49038314819336
3896,195.97686195373535
3897,190.97141456604004
3898,193.40518641471863
3899,186.5181336402893
3900,176.37447214126587
3901,183.66286826133728
3902,188.2273325920105
3903,188.11972308158875
3904,190.40032482147217
3905,193.32652139663696
3906,187.82492446899414
3907,186.29940176010132
3908,187.69916033744812
3909,184.1183364391327
3910,183.92580318450928
3911,188.1062560081482
3912,195.46832132339478
3913,195.71805429458618
3914,197.70283770561218
3915,198.17195320129395
3916,199.78455471992493
3917,199.89883303642273
3918,199.302907705307
3919,198.87045550346375
3920,193.7389817237854
3921,199.66171383857727
3922,210.02213978767395
3923,208.4517638683319
3924,203.65601563453674
3925,209.9083263874054
3926,201.47555947303772
3927,204.7221555709839
3928,203.89389538764954
3929,208.31270718574524
3930,202.16319298744202
3931,212.99161458015442
3932,198.7698154449463
3933,193.0746567249298
3934,198.06869792938232
3935,191.73977375030518
3936,193.50690412521362
3937,190.53850889205933
3938,191.42872548103333
3939,190.41294717788696
3940,183.48566269874573
3941,188.88857054710388
3942,191.77665042877197
3943,193.8751780986786
3944,195.50707864761353
3945,199.3673129081726
3946,235.18958377838135
3947,202.6664125919342
3948,206.99868965148926
3949,205.02168893814087
3950,208.66114258766174
3951,202.32316732406616
3952,191.56883907318115
3953,186.5932309627533
3954,190.48701405525208
3955,191.00326824188232
3956,194.6038761138916
3957,194.15436959266663
3958,192.08090090751648
3959,196.77882075309753
3960,200.81540393829346
3961,200.7853798866272
3962,196.60732579231262
3963,200.42545819282532
3964,203.73148941993713
3965,214.95721888542175
3966,206.11690068244934
3967,206.99861812591553
3968,200.98569989204407
3969,195.7495608329773
3970,193.2289834022522
3971,191.9927477836609
3972,189.87578225135803
3973,190.1102855205536
3974,185.39741396903992
3975,187.608736038208
3976,194.20910954475403
3977,190.40378880500793
3978,200.09823083877563
3979,192.63697361946106
3980,207.7500991821289
3981,198.80147552490234
3982,201.62504744529724
3983,208.17534494400024
3984,212.46919703483582
3985,208.217675447464
3986,207.42365527153015
3987,203.9851098060608
3988,203.14009857177734
3989,196.7265841960907
3990,195.95073676109314
3991,197.21576571464539
3992,191.94681930541992
3993,189.6602418422699
3994,193.36863112449646
3995,198.73691844940186
3996,196.95604968070984
3997,197.30027222633362
3998,201.16587114334106
3999,204.11707758903503
4000,204.94221687316895
4001,208.918217420578
4002,199.5753288269043
4003,212.28990650177002
4004,198.2952115535736
4005,198.11246967315674
4006,200.77373003959656
4007,200.6765489578247
4008,203.91349005699158
4009,201.29169058799744
4010,195.2864601612091
4011,194.7647078037262
4012,191.11261630058289
4013,189.2824366092682
4014,187.3847165107727
4015,187.34704422950745
4016,186.62912368774414
4017,197.28638362884521
4018,201.71642470359802
4019,198.28891444206238
4020,194.27060270309448
4021,202.76467156410217
4022,198.8567385673523
4023,200.38566136360168
4024,198.56437134742737
4025,201.19400691986084
4026,195.58599662780762
4027,204.47480630874634
4028,200.70756459236145
4029,200.0206413269043
4030,201.32845425605774
4031,184.60899019241333
4032,192.6791603565216
4033,189.99141192436218
4034,186.59085130691528
4035,183.47240328788757
4036,182.35010766983032
4037,177.94988203048706
4038,181.57080507278442
4039,186.0361931324005
4040,192.32273054122925
4041,187.05246758460999
4042,193.0747368335724
4043,198.39678168296814
4044,195.86346220970154
4045,196.1643841266632
4046,194.56832695007324
4047,204.4943163394928
4048,197.84105014801025
4049,198.56452417373657
4050,201.5579319000244
4051,203.73000407218933
4052,192.48087811470032
4053,196.68858981132507
4054,195.98498392105103
4055,194.13168573379517
4056,189.07801222801208
4057,191.45436477661133
4058,185.66748118400574
4059,187.49135732650757
4060,184.39120650291443
4061,190.61902236938477
4062,189.35513305664062
4063,200.37579345703125
4064,206.66177368164062
4065,205.13062000274658
4066,205.02397537231445
4067,204.1815140247345
4068,211.65515089035034
4069,218.07319164276123
4070,205.55164051055908
4071,203.29017734527588
4072,197.30196070671082
4073,198.31274485588074
4074,198.0053894519806
4075,197.39088797569275
4076,221.05680513381958
4077,188.74758315086365
4078,185.1221523284912
4079,189.4025628566742
4080,188.07996773719788
4081,187.05883264541626
4082,183.42387700080872
4083,190.1092565059662
4084,194.1836850643158
4085,199.12919187545776
4086,193.90240621566772
4087,204.91227006912231
4088,202.06890392303467
4089,209.80871295928955
4090,197.06683826446533
4091,213.6236023902893
4092,220.51270484924316
4093,204.50982475280762
4094,200.57548093795776
4095,208.51133370399475
4096,215.99576330184937
4097,204.3524525165558
4098,197.36385774612427
4099,201.0331425666809
4100,198.66077184677124
4101,196.19775557518005
4102,190.80061960220337
4103,186.03226327896118
4104,193.63229942321777
4105,187.66119718551636
4106,194.81828713417053
4107,191.4572994709015
4108,193.4977307319641
4109,194.53857445716858
4110,202.72828269004822
4111,207.39666533470154
4112,199.04022312164307
4113,202.37772274017334
4114,202.68131232261658
4115,199.90166211128235
4116,205.35711336135864
4117,200.73308396339417
4118,197.7040455341339
4119,211.73886585235596
4120,196.76172947883606
4121,197.97598147392273
4122,194.14108967781067
4123,188.26034832000732
4124,192.8732852935791
4125,189.6170027256012
4126,193.25457620620728
4127,193.6186661720276
4128,194.50754022598267
4129,194.9865562915802
4130,192.31086444854736
4131,195.04065561294556
4132,192.12838578224182
4133,200.41328644752502
4134,197.53476762771606
4135,200.38359308242798
4136,195.1172640323639
4137,195.04209446907043
4138,200.49633407592773
4139,194.77890825271606
4140,195.39558601379395
4141,191.00124406814575
4142,194.60107469558716
4143,192.7655372619629
4144,188.77380442619324
4145,187.99116039276123
4146,188.96790599822998
4147,193.9920256137848
4148,190.0951189994812
4149,191.9198067188263
4150,202.0798304080963
4151,190.0418665409088
4152,191.60697627067566
4153,195.56408977508545
4154,200.63642120361328
4155,203.21328854560852
4156,195.37603664398193
4157,204.09261012077332
4158,201.75054836273193
4159,206.56464338302612
4160,215.16284465789795
4161,197.11212968826294
4162,196.3707492351532
4163,213.18001747131348
4164,191.6079421043396
4165,192.6789689064026
4166,193.0589566230774
4167,190.57049369812012
4168,192.55566668510437
4169,198.3075613975525
4170,196.79835176467896
4171,197.73915338516235
4172,210.2793209552765
4173,217.978910446167
4174,221.55039167404175
4175,217.42479872703552
4176,199.3720576763153
4177,198.56840658187866
4178,199.58640050888062
4179,197.86595129966736
4180,198.3774974346161
4181,201.73584127426147
4182,198.63555121421814
4183,195.75937485694885
4184,196.07647919654846
4185,190.03731751441956
4186,190.58916926383972
4187,189.08473110198975
4188,186.26232838630676
4189,188.83564043045044
4190,191.08646941184998
4191,192.33765244483948
4192,193.10810089111328
4193,198.7106442451477
4194,195.41337323188782
4195,205.34768152236938
4196,207.61001133918762
4197,206.94760918617249
4198,204.05227303504944
4199,215.0778887271881
4200,206.74641036987305
4201,205.3422658443451
4202,199.7704315185547
4203,207.91916227340698
4204,199.0485236644745
4205,196.5476450920105
4206,219.14703750610352
4207,184.66252493858337
4208,189.86705422401428
4209,183.09259247779846
4210,187.69928979873657
4211,186.07525992393494
4212,188.49362635612488
4213,191.35398745536804
4214,198.3000214099884
4215,191.66285610198975
4216,195.04651403427124
4217,195.2874608039856
4218,194.74519610404968
4219,199.22213315963745
4220,200.1491994857788
4221,202.67832326889038
4222,207.7970175743103
4223,204.08257460594177
4224,203.5851595401764
4225,199.13433241844177
4226,201.6854510307312
4227,199.66375970840454
4228,194.11716198921204
4229,190.78307819366455
4230,195.00536584854126
4231,191.09177827835083
4232,188.2728033065796
4233,183.4580979347229
4234,188.76145911216736
4235,195.9863748550415
4236,198.1902585029602
4237,194.11766076087952
4238,218.7995901107788
4239,216.33867955207825
4240,204.18251419067383
4241,208.7024850845337
4242,230.6347315311432
4243,207.92237544059753
4244,212.6239995956421
4245,202.9006164073944
4246,195.83005142211914
4247,198.67503309249878
4248,194.7520627975464
4249,207.31625056266785
4250,194.99467086791992
4251,193.65913796424866
4252,189.40412735939026
4253,185.8388569355011
4254,186.59222412109375
4255,185.86081075668335
4256,187.92719388008118
4257,186.04113507270813
4258,187.28434801101685
4259,189.0090630054474
4260,184.90807127952576
4261,186.84048295021057
4262,186.50693154335022
4263,189.27639079093933
4264,185.6221067905426
4265,188.75097393989563
4266,186.069885969162
4267,192.6636242866516
4268,184.40011548995972
4269,185.76530289649963
4270,184.86326956748962
4271,191.87466025352478
4272,187.3263578414917
4273,194.1872320175171
4274,192.66785407066345
4275,197.2831449508667
4276,187.08204317092896
4277,189.7448890209198
4278,193.1356418132782
4279,189.2518286705017
4280,188.31059575080872
4281,191.8667254447937
4282,190.56556510925293
4283,199.8429446220398
4284,192.52041721343994
4285,198.5838017463684
4286,203.70092844963074
4287,206.52936458587646
4288,208.10341453552246
4289,185.7299599647522
4290,187.59769201278687
4291,189.23433899879456
4292,189.78729677200317
4293,201.05081939697266
4294,211.39486575126648
4295,218.10727334022522
4296,222.19589591026306
4297,210.85261178016663
4298,211.35322093963623
4299,194.0308039188385
4300,202.68027424812317
4301,196.70837903022766
4302,196.53832697868347
4303,193.24782609939575
4304,192.93684434890747
4305,191.972797870636
4306,191.82254791259766
4307,193.64327955245972
4308,187.1635398864746
4309,188.75121116638184
4310,188.43092155456543
4311,181.09986352920532
4312,191.7541697025299
4313,188.270366191864
4314,190.66834545135498
4315,193.74872159957886
4316,194.05346965789795
4317,193.81111431121826
4318,201.21756505966187
4319,204.33187818527222
4320,214.3114628791809
4321,214.86336874961853
4322,205.8421311378479
4323,204.15291047096252
4324,206.10266613960266
4325,211.76703596115112
4326,194.79645133018494
4327,195.20432782173157
4328,214.0156946182251
4329,194.0522644519806
4330,192.923921585083
4331,192.83109641075134
4332,184.40293765068054
4333,193.07150673866272
4334,188.05072116851807
4335,194.06947255134583
4336,226.688884973526
4337,206.59626245498657
4338,206.06156086921692
4339,212.93515253067017
4340,226.0200445652008
4341,212.40842151641846
4342,205.53836512565613
4343,198.50595045089722
4344,196.9905707836151
4345,196.92053937911987
4346,195.6122350692749
4347,189.43928241729736
4348,193.20059776306152
4349,197.50863218307495
4350,194.14199995994568
4351,197.54950332641602
4352,205.1159417629242
4353,201.96198415756226
4354,203.13754105567932
4355,203.81840825080872
4356,210.3468792438507
4357,202.53448295593262
4358,208.01124453544617
4359,200.79206562042236
4360,208.99118995666504
4361,208.38948774337769
4362,200.70307683944702
4363,193.6720473766327
4364,197.96104836463928
4365,192.83622360229492
4366,197.0839319229126
4367,192.75000715255737
4368,188.50725555419922
4369,201.97031331062317
4370,191.98322749137878
4371,199.80708169937134
4372,204.69065046310425
4373,206.0524547100067
4374,218.28624558448792
4375,208.490656375885
4376,210.94827318191528
4377,202.73256659507751
4378,200.71483087539673
4379,201.49559354782104
4380,198.38077092170715
4381,193.42620992660522
4382,191.07687306404114
4383,190.01483869552612
4384,195.47521591186523
4385,182.0389380455017
4386,183.9026939868927
4387,185.49232935905457
4388,179.85639810562134
4389,178.85051584243774
4390,183.17424869537354
4391,182.17815113067627
4392,192.90427684783936
4393,205.36974692344666
4394,205.88014721870422
4395,200.7523250579834
4396,201.32110166549683
4397,206.99176049232483
4398,190.27087879180908
4399,196.85209488868713
4400,186.1385247707367
4401,198.18823504447937
4402,192.04720830917358
4403,189.07350206375122
4404,183.48696422576904
4405,183.8695845603943
4406,181.99694180488586
4407,184.74395060539246
4408,187.44574546813965
4409,193.46086597442627
4410,189.96170043945312
4411,190.9919238090515
4412,194.06000685691833
4413,212.45021319389343
4414,199.4738917350769
4415,198.0450141429901
4416,194.27789282798767
4417,191.7222182750702
4418,190.66014337539673
4419,190.70527458190918
4420,194.8758978843689
4421,195.58880233764648
4422,192.41303753852844
4423,200.94356679916382
4424,198.14868068695068
4425,197.9071900844574
4426,191.87041783332825
4427,199.71658158302307
4428,204.52575588226318
4429,199.06472873687744
4430,204.63704180717468
4431,193.49842238426208
4432,186.93642139434814
4433,193.94243836402893
4434,194.62576866149902
4435,192.33201026916504
4436,191.58203983306885
4437,192.96737480163574
4438,190.63232374191284
4439,194.02023196220398
4440,189.63914132118225
4441,189.449116230011
4442,189.81078672409058
4443,190.09745621681213
4444,188.4578297138214
4445,198.98535537719727
4446,200.56605505943298
4447,202.0158874988556
4448,204.4128942489624
4449,201.69144940376282
4450,221.7391481399536
4451,211.21300721168518
4452,212.0368297100067
4453,208.95017457008362
4454,201.88324117660522
4455,194.85633373260498
4456,196.9683802127838
4457,199.58591485023499
4458,196.97273468971252
4459,192.9630377292633
4460,191.59433031082153
4461,194.84895658493042
4462,197.63139605522156
4463,196.03306818008423
4464,201.42732214927673
4465,215.92673563957214
4466,246.84833693504333
4467,209.11569499969482
4468,199.70089268684387
4469,212.03225374221802
4470,200.0718936920166
4471,197.7608597278595
4472,202.20303225517273
4473,198.07882738113403
4474,194.573566198349
4475,195.8036425113678
4476,198.501122713089
4477,189.5554575920105
4478,186.7073917388916
4479,184.61905574798584
4480,190.46134066581726
4481,195.6991446018219
4482,202.34337782859802
4483,204.15592098236084
4484,219.59853529930115
4485,221.45037746429443
4486,199.81606793403625
4487,203.9193091392517
4488,200.3829207420349
4489,202.47463583946228
4490,201.4361424446106
4491,197.03015232086182
4492,192.06877040863037
4493,194.73534488677979
4494,189.77019023895264
4495,193.32931923866272
4496,194.05419778823853
4497,200.6297562122345
4498,204.6372640132904
4499,213.73112750053406
4500,213.95187091827393
4501,224.23112297058105
4502,203.8901822566986
4503,209.21415853500366
4504,199.84625887870789
4505,198.21789836883545
4506,196.8733263015747
4507,197.03294944763184
4508,195.58949446678162
4509,194.30337285995483
4510,191.15346884727478
4511,184.2848720550537
4512,188.68851947784424
4513,194.87201023101807
4514,192.82085585594177
4515,202.53621339797974
4516,200.35924816131592
4517,210.37188458442688
4518,222.55589771270752
4519,213.03341913223267
4520,215.15511322021484
4521,208.59726119041443
4522,211.24325609207153
4523,200.12368202209473
4524,194.9438910484314
4525,197.0185148715973
4526,197.992614030838
4527,193.61150479316711
4528,194.76518416404724
4529,186.3619749546051
4530,188.53730010986328
4531,191.63627243041992
4532,193.0752968788147
4533,197.33445715904236
4534,206.2100875377655
4535,200.3556911945343
4536,201.8848524093628
4537,208.9046664237976
4538,202.4219400882721
4539,205.57372403144836
4540,205.49894165992737
4541,197.3044843673706
4542,200.8461470603943
4543,195.60957646369934
4544,189.76305770874023
4545,188.23906087875366
4546,190.62577724456787
4547,189.34134030342102
4548,187.34801244735718
4549,187.27732253074646
4550,187.3482186794281
4551,186.1354169845581
4552,184.19748377799988
4553,182.7461884021759
4554,182.80694961547852
4555,180.44186210632324
4556,177.07104468345642
4557,178.4964599609375
4558,182.59184455871582
4559,188.13882994651794
4560,182.60121417045593
4561,183.7980020046234
4562,182.6353874206543
4563,186.672833442688
4564,199.56252479553223
4565,196.32455039024353
4566,210.4538381099701
4567,189.65705585479736
4568,191.20599555969238
4569,196.2742576599121
4570,195.14883518218994
4571,200.85946941375732
4572,197.70688915252686
4573,192.10590839385986
4574,201.36429977416992
4575,201.56229948997498
4576,203.81011652946472
4577,212.06591081619263
4578,201.39365363121033
4579,211.40481901168823
4580,214.2432119846344
4581,219.67321252822876
4582,208.86455130577087
4583,195.2755217552185
4584,193.7808961868286
4585,195.59724807739258
4586,194.94864654541016
4587,190.36261415481567
4588,193.01386618614197
4589,194.3733937740326
4590,190.26884722709656
4591,193.45870733261108
4592,194.43920302391052
4593,197.43208169937134
4594,205.11591172218323
4595,211.13697791099548
4596,235.32225728034973
4597,214.34933757781982
4598,222.72612810134888
4599,202.32830214500427
4600,208.97465920448303
4601,215.82350945472717
4602,198.9473888874054
4603,202.6133255958557
4604,190.3090751171112
4605,192.82512497901917
4606,193.7703719139099
4607,195.9255714416504
4608,192.95374584197998
4609,195.54874539375305
4610,195.33086013793945
4611,201.09328508377075
4612,204.3715353012085
4613,201.9271159172058
4614,201.6848123073578
4615,205.0382318496704
4616,198.88717317581177
4617,197.9665412902832
4618,196.2191514968872
4619,197.33434319496155
4620,199.30340337753296
4621,200.10830330848694
4622,196.08116936683655
4623,195.23878479003906
4624,198.52338314056396
4625,191.93915963172913
4626,192.73034572601318
4627,194.1409866809845
4628,191.08622193336487
4629,189.47215104103088
4630,184.84584546089172
4631,185.7956874370575
4632,181.1234188079834
4633,186.00317287445068
4634,185.6436312198639
4635,182.63413834571838
4636,186.57077813148499
4637,185.89314770698547
4638,187.5848844051361
4639,185.88018369674683
4640,191.98801159858704
4641,193.726007938385
4642,199.4204616546631
4643,196.16917276382446
4644,198.1177694797516
4645,197.60746908187866
4646,195.08426642417908
4647,201.49868988990784
4648,198.01888465881348
4649,196.45586395263672
4650,192.70232319831848
4651,196.62943267822266
4652,191.97884941101074
4653,187.57506227493286
4654,190.24503183364868
4655,193.98184418678284
4656,199.4940059185028
4657,217.85520029067993
4658,200.84393525123596
4659,200.02913665771484
4660,201.77326130867004
4661,203.15073895454407
4662,201.89167165756226
4663,202.9051296710968
4664,195.71810460090637
4665,192.0838658809662
4666,193.0619602203369
4667,194.9839026927948
4668,193.0914900302887
4669,192.95518803596497
4670,197.83914422988892
4671,194.43319630622864
4672,194.33305072784424
4673,196.31354689598083
4674,202.3157079219818
4675,202.66655921936035
4676,207.4140887260437
4677,194.14827275276184
4678,199.74480414390564
4679,194.80281949043274
4680,194.64265131950378
4681,198.37491154670715
4682,198.8433129787445
4683,198.8342728614807
4684,194.08773946762085
4685,195.14842462539673
4686,196.46532702445984
4687,193.30957889556885
4688,197.44830560684204
4689,192.9043834209442
4690,192.88628268241882
4691,192.3669834136963
4692,196.16247010231018
4693,192.33061170578003
4694,194.90146493911743
4695,198.47139406204224
4696,195.5651957988739
4697,214.84518456459045
4698,227.84567141532898
4699,214.3578600883484
4700,203.20217299461365
4701,206.8078043460846
4702,210.61517882347107
4703,199.45422077178955
4704,201.94402194023132
4705,194.34373092651367
4706,188.71169877052307
4707,196.04945015907288
4708,192.45396542549133
4709,194.7659113407135
4710,200.53811883926392
4711,209.4585313796997
4712,216.51452565193176
4713,218.3895971775055
4714,210.4018521308899
4715,205.83992910385132
4716,202.72044849395752
4717,204.40731477737427
4718,206.9189829826355
4719,214.34166622161865
4720,204.19728064537048
4721,200.39078497886658
4722,206.32413387298584
4723,201.08289432525635
4724,199.49891901016235
4725,196.29069471359253
4726,217.77770471572876
4727,187.5670006275177
4728,195.3291094303131
4729,194.5430042743683
4730,194.5944902896881
4731,195.08617615699768
4732,192.36741542816162
4733,197.4320182800293
4734,200.08082008361816
4735,180.83849906921387
4736,187.46510934829712
4737,194.00264048576355
4738,191.51427173614502
4739,196.62627911567688
4740,197.32768487930298
4741,208.01467156410217
4742,207.09654211997986
4743,208.6849067211151
4744,203.23022937774658
4745,223.82073211669922
4746,218.9935233592987
4747,212.14328408241272
4748,213.7262282371521
4749,218.34757280349731
4750,202.3521797657013
4751,200.79018235206604
4752,195.42525935173035
4753,195.19881987571716
4754,200.96755933761597
4755,195.60403203964233
4756,204.99681425094604
4757,190.53267693519592
4758,195.4422745704651
4759,195.77767634391785
4760,188.72113680839539
4761,185.74485802650452
4762,183.5133237838745
4763,187.92746925354004
4764,184.11432671546936
4765,190.52937197685242
4766,184.26116561889648
4767,186.82711386680603
4768,191.6398208141327
4769,190.75173664093018
4770,187.7093894481659
4771,188.026691198349
4772,194.8572587966919
4773,191.34787678718567
4774,186.30085062980652
4775,192.596608877182
4776,193.56046056747437
4777,193.87906646728516
4778,190.28954529762268
4779,190.44694066047668
4780,193.43870759010315
4781,192.3653645515442
4782,197.15965843200684
4783,194.12308883666992
4784,195.2821204662323
4785,194.36177134513855
4786,194.85912132263184
4787,194.5355896949768
4788,189.77779817581177
4789,187.2707235813141
4790,190.37853288650513
4791,194.5896635055542
4792,191.61556029319763
4793,195.0490951538086
4794,195.67425417900085
4795,194.09833002090454
4796,204.09982061386108
4797,194.77755975723267
4798,202.05248069763184
4799,203.72174334526062
4800,201.9464828968048
4801,199.4989857673645
4802,194.3237659931183
4803,197.22046518325806
4804,197.58976793289185
4805,196.3328115940094
4806,199.48077917099
4807,198.56094098091125
4808,198.7089114189148
4809,196.6765422821045
4810,198.6915671825409
4811,198.15263628959656
4812,200.21325063705444
4813,188.83022546768188
4814,191.8273286819458
4815,196.49176788330078
4816,184.28084754943848
4817,191.58823013305664
4818,186.90129327774048
4819,190.89095449447632
4820,191.44272541999817
4821,193.51764822006226
4822,194.0780909061432
4823,204.8928005695343
4824,203.73990631103516
4825,200.82586646080017
4826,197.7366054058075
4827,197.59001541137695
4828,201.71371269226074
4829,198.74734568595886
4830,204.71743535995483
4831,197.73996257781982
4832,208.56562876701355
4833,214.32833981513977
4834,201.93637561798096
4835,200.52078771591187
4836,206.99020648002625
4837,203.2787983417511
4838,203.18204164505005
4839,200.96320414543152
4840,194.70831298828125
4841,196.5227756500244
4842,194.2767128944397
4843,200.38815808296204
4844,189.1656777858734
4845,190.73308444023132
4846,192.8165740966797
4847,186.20145201683044
4848,192.29646229743958
4849,189.4558539390564
4850,193.52462196350098
4851,194.08117055892944
4852,197.67590999603271
4853,197.13192558288574
4854,198.21212196350098
4855,199.76328945159912
4856,231.36378860473633
4857,209.90279912948608
4858,220.14931225776672
4859,198.39943051338196
4860,205.82527613639832
4861,199.03879952430725
4862,207.967622756958
4863,200.59928703308105
4864,200.53280973434448
4865,197.67710161209106
4866,195.08151268959045
4867,193.02350044250488
4868,189.6335310935974
4869,187.64727234840393
4870,192.57897114753723
4871,195.09513092041016
4872,194.6093945503235
4873,199.39402508735657
4874,194.42152166366577
4875,208.14061570167542
4876,209.93547368049622
4877,208.4475872516632
4878,208.49609541893005
4879,204.19103288650513
4880,207.36313366889954
4881,201.30917835235596
4882,198.1232123374939
4883,190.72394633293152
4884,192.84113097190857
4885,190.11838459968567
4886,191.7047860622406
4887,186.0969099998474
4888,197.3366401195526
4889,192.20932173728943
4890,189.1585762500763
4891,190.73829102516174
4892,193.41473174095154
4893,194.4485638141632
4894,195.57296872138977
4895,206.06748628616333
4896,204.086168050766
4897,207.3317153453827
4898,206.40490293502808
4899,212.29295086860657
4900,197.47038650512695
4901,197.6520483493805
4902,197.92263460159302
4903,193.98179697990417
4904,192.53436589241028
4905,198.70035457611084
4906,190.0975148677826
4907,194.15813493728638
4908,189.83653903007507
4909,199.4710338115692
4910,196.34738397598267
4911,194.73385787010193
4912,199.69529128074646
4913,195.11012482643127
4914,192.09947085380554
4915,189.5757691860199
4916,193.93670105934143
4917,189.59329628944397
4918,188.99009895324707
4919,188.7523112297058
4920,191.71274757385254
4921,194.0123131275177
4922,195.36063504219055
4923,202.58382964134216
4924,205.25654435157776
4925,203.21567392349243
4926,199.3698925971985
4927,202.77202653884888
4928,219.84673142433167
4929,212.93634843826294
4930,205.4589238166809
4931,193.80855536460876
4932,203.69001698493958
4933,199.83207821846008
4934,197.68577122688293
4935,193.19746947288513
4936,193.2339437007904
4937,192.6473832130432
4938,192.7784812450409
4939,185.83394384384155
4940,194.0446801185608
4941,195.5721082687378
4942,197.2722532749176
4943,197.23019361495972
4944,201.52915740013123
4945,201.31688928604126
4946,197.85032510757446
4947,203.51265120506287
4948,191.47523188591003
4949,162.39845514297485
4950,162.30608129501343
4951,166.80025386810303
4952,159.82971620559692
4953,164.8021273612976
4954,161.6443531513214
4955,162.03153085708618
4956,163.9403269290924
4957,162.44355154037476
4958,165.748432636261
4959,166.8383858203888
4960,163.60040473937988
4961,165.39895486831665
4962,163.18489742279053
4963,166.67596292495728
4964,164.27064895629883
4965,164.0011920928955
4966,162.13306546211243
4967,165.8747959136963
4968,166.91373538970947
4969,169.1762294769287
4970,168.66338801383972
4971,167.83711409568787
4972,167.69602131843567
4973,171.78852772712708
4974,166.6483690738678
4975,146.29246258735657
4976,142.68645095825195
4977,149.84422397613525
4978,144.78814005851746
4979,142.06198954582214
4980,144.55548739433289
4981,142.66819310188293
4982,142.67657995224
4983,144.32742190361023
4984,143.19594550132751
4985,173.48908638954163
4986,145.23573279380798
4987,141.20784258842468
4988,146.11628937721252
4989,148.4950852394104
4990,146.41126942634583
4991,144.96107029914856
4992,150.62843799591064
4993,146.01306819915771
4994,147.9060423374176
4995,145.0505940914154
4996,145.13885951042175
4997,146.1521394252777
4998,144.40867352485657
4999,145.4406807422638
5000,144.56273341178894
5001,146.5617733001709
5002,149.8038215637207
5003,147.17127466201782
5004,148.10643434524536
5005,146.2399024963379
5006,149.02963376045227
5007,144.99443793296814
5008,148.40959405899048
5009,144.55493664741516
5010,145.31386017799377
5011,147.33796525001526
5012,147.39067602157593
5013,146.32963490486145
5014,146.6406831741333
5015,145.38651633262634
5016,147.30460691452026
5017,144.9309298992157
5018,145.62633848190308
5019,146.95142936706543
5020,145.68824529647827
5021,143.17645692825317
5022,150.31022763252258
5023,144.87546348571777
5024,146.183438539505
