0,0.27000001072883606
1,0.2290000021457672
2,0.257999986410141
3,0.08399999886751175
4,0.07450000196695328
5,0.05550000071525574
6,0.18549999594688416
7,0.15800000727176666
8,0.20800000429153442
9,0.09000000357627869
10,0.10849999636411667
11,0.10499999672174454
12,0.1679999977350235
13,0.12099999934434891
14,0.18850000202655792
15,0.12300000339746475
16,0.15950000286102295
17,0.21150000393390656
18,0.16449999809265137
19,0.2304999977350235
20,0.11400000005960464
21,0.21549999713897705
22,0.06449999660253525
23,0.24150000512599945
24,0.13850000500679016
25,0.2770000100135803
26,0.32350000739097595
27,0.18700000643730164
28,0.1420000046491623
29,0.2094999998807907
30,0.13750000298023224
31,0.16500000655651093
32,0.12200000137090683
33,0.08250000327825546
34,0.2045000046491623
35,0.17550000548362732
36,0.08449999988079071
37,0.17499999701976776
38,0.06750000268220901
39,0.1315000057220459
40,0.14650000631809235
41,0.1120000034570694
42,0.07850000262260437
43,0.2709999978542328
44,0.18299999833106995
45,0.2240000069141388
46,0.0925000011920929
47,0.04500000178813934
48,0.10000000149011612
49,0.23600000143051147
50,0.14350000023841858
51,0.08299999684095383
52,0.19200000166893005
53,0.05950000137090683
54,0.17299999296665192
55,0.24050000309944153
56,0.12849999964237213
57,0.18799999356269836
58,0.03849999979138374
59,0.1655000001192093
60,0.13950000703334808
61,0.21850000321865082
62,0.02250000089406967
63,0.08299999684095383
64,0.08950000256299973
65,0.07100000232458115
66,0.22450000047683716
67,0.0820000022649765
68,0.2290000021457672
69,0.10450000315904617
70,0.12349999696016312
71,0.1274999976158142
72,0.24050000309944153
73,0.23800000548362732
74,0.20149999856948853
75,0.1080000028014183
76,0.14550000429153442
77,0.19099999964237213
78,0.1720000058412552
79,0.16050000488758087
80,0.20000000298023224
81,0.17499999701976776
82,0.2240000069141388
83,0.12549999356269836
84,0.11100000143051147
85,0.07000000029802322
86,0.16599999368190765
87,0.15199999511241913
88,0.16050000488758087
89,0.18649999797344208
90,0.13500000536441803
91,0.27000001072883606
92,0.2224999964237213
93,0.08550000190734863
94,0.2214999943971634
95,0.14949999749660492
96,0.09749999642372131
97,0.11299999803304672
98,0.10899999737739563
99,0.3140000104904175
100,0.2809999883174896
101,0.3540000021457672
102,0.1899999976158142
103,0.09200000017881393
104,0.2590000033378601
105,0.14499999582767487
106,0.1509999930858612
107,0.28949999809265137
108,0.22949999570846558
109,0.09549999982118607
110,0.15150000154972076
111,0.2840000092983246
112,0.2240000069141388
113,0.19750000536441803
114,0.24950000643730164
115,0.07900000363588333
116,0.21050000190734863
117,0.12200000137090683
118,0.10350000113248825
119,0.15649999678134918
120,0.1720000058412552
121,0.226500004529953
122,0.1899999976158142
123,0.23600000143051147
124,0.07999999821186066
125,0.1665000021457672
126,0.12399999797344208
127,0.24250000715255737
128,0.1720000058412552
129,0.21449999511241913
130,0.1509999930858612
131,0.22599999606609344
132,0.1054999977350235
133,0.2840000092983246
134,0.13850000500679016
135,0.11400000005960464
136,0.09449999779462814
137,0.08250000327825546
138,0.19449999928474426
139,0.2150000035762787
140,0.09449999779462814
141,0.052000001072883606
142,0.16249999403953552
143,0.2199999988079071
144,0.19550000131130219
145,0.09099999815225601
146,0.20999999344348907
147,0.10849999636411667
148,0.09650000184774399
149,0.11800000071525574
150,0.16750000417232513
151,0.1599999964237213
152,0.23800000548362732
153,0.16599999368190765
154,0.11299999803304672
155,0.19699999690055847
156,0.18199999630451202
157,0.10599999874830246
158,0.10700000077486038
159,0.09549999982118607
160,0.1264999955892563
161,0.4494999945163727
162,0.31150001287460327
163,0.06499999761581421
164,0.18799999356269836
165,0.13850000500679016
166,0.34299999475479126
167,0.17749999463558197
168,0.210999995470047
169,0.09200000017881393
170,0.1679999977350235
171,0.13199999928474426
172,0.2524999976158142
173,0.15150000154972076
174,0.14800000190734863
175,0.20999999344348907
176,0.16449999809265137
177,0.2045000046491623
178,0.13950000703334808
179,0.10649999976158142
180,0.2084999978542328
181,0.1185000017285347
182,0.125
183,0.20100000500679016
184,0.10599999874830246
185,0.3765000104904175
186,0.17249999940395355
187,0.1770000010728836
188,0.164000004529953
189,0.22499999403953552
190,0.21400000154972076
191,0.12250000238418579
192,0.2554999887943268
193,0.16500000655651093
194,0.22200000286102295
195,0.13199999928474426
196,0.05950000137090683
197,0.17800000309944153
198,0.23649999499320984
199,0.11749999970197678
200,0.16249999403953552
201,0.20200000703334808
202,0.15649999678134918
203,0.14249999821186066
204,0.13750000298023224
205,0.1404999941587448
206,0.09449999779462814
207,0.21549999713897705
208,0.09399999678134918
209,0.11550000309944153
210,0.12700000405311584
211,0.21400000154972076
212,0.12300000339746475
213,0.23649999499320984
214,0.12449999898672104
215,0.23649999499320984
216,0.1459999978542328
217,0.17299999296665192
218,0.2615000009536743
219,0.23999999463558197
220,0.13249999284744263
221,0.07400000095367432
222,0.24799999594688416
223,0.20000000298023224
224,0.1340000033378601
225,0.21950000524520874
226,0.1589999943971634
227,0.11150000244379044
228,0.2434999942779541
229,0.20499999821186066
230,0.09600000083446503
231,0.1850000023841858
232,0.03350000083446503
233,0.0729999989271164
234,0.21150000393390656
235,0.1145000010728836
236,0.10350000113248825
237,0.06750000268220901
238,0.17550000548362732
239,0.1054999977350235
240,0.13349999487400055
241,0.11150000244379044
242,0.22499999403953552
243,0.25600001215934753
244,0.2004999965429306
245,0.15850000083446503
246,0.07649999856948853
247,0.14900000393390656
248,0.11349999904632568
249,0.07450000196695328
250,0.37549999356269836
251,0.16249999403953552
252,0.22750000655651093
253,0.10450000315904617
254,0.09049999713897705
255,0.06650000065565109
256,0.17550000548362732
257,0.13449999690055847
258,0.052000001072883606
259,0.11749999970197678
260,0.10000000149011612
261,0.0885000005364418
262,0.17149999737739563
263,0.23849999904632568
264,0.2084999978542328
265,0.22849999368190765
266,0.11349999904632568
267,0.10000000149011612
268,0.10450000315904617
269,0.19449999928474426
270,0.2224999964237213
271,0.1014999970793724
272,0.28450000286102295
273,0.09149999916553497
274,0.2329999953508377
275,0.14800000190734863
276,0.1889999955892563
277,0.21649999916553497
278,0.10599999874830246
279,0.2770000100135803
280,0.1340000033378601
281,0.1665000021457672
282,0.14350000023841858
283,0.12600000202655792
284,0.07000000029802322
285,0.21699999272823334
286,0.09549999982118607
287,0.1535000056028366
288,0.05550000071525574
289,0.1550000011920929
290,0.15049999952316284
291,0.0794999971985817
292,0.05999999865889549
293,0.1589999943971634
294,0.25200000405311584
295,0.2434999942779541
296,0.210999995470047
297,0.1784999966621399
298,0.12399999797344208
299,0.13349999487400055
300,0.1850000023841858
301,0.3140000104904175
302,0.16599999368190765
303,0.19699999690055847
304,0.2535000145435333
305,0.45100000500679016
306,0.05249999836087227
307,0.2540000081062317
308,0.19750000536441803
309,0.10750000178813934
310,0.10899999737739563
311,0.08900000154972076
312,0.28600001335144043
313,0.18649999797344208
314,0.17900000512599945
315,0.10949999839067459
316,0.23849999904632568
317,0.10300000011920929
318,0.1655000001192093
319,0.22849999368190765
320,0.10649999976158142
321,0.1889999955892563
322,0.22699999809265137
323,0.13050000369548798
324,0.15600000321865082
325,0.24199999868869781
326,0.1289999932050705
327,0.2605000138282776
328,0.1809999942779541
329,0.16050000488758087
330,0.1264999955892563
331,0.2745000123977661
332,0.2004999965429306
333,0.13850000500679016
334,0.07199999690055847
335,0.08049999922513962
336,0.14499999582767487
337,0.061500001698732376
338,0.13300000131130219
339,0.1274999976158142
340,0.10649999976158142
341,0.08250000327825546
342,0.37299999594688416
343,0.06750000268220901
344,0.11999999731779099
345,0.257999986410141
346,0.12700000405311584
347,0.11699999868869781
348,0.17599999904632568
349,0.1875
350,0.10700000077486038
351,0.14300000667572021
352,0.1509999930858612
353,0.1054999977350235
354,0.3889999985694885
355,0.164000004529953
356,0.21950000524520874
357,0.0430000014603138
358,0.08250000327825546
359,0.17499999701976776
360,0.06549999862909317
361,0.1289999932050705
362,0.15000000596046448
363,0.11900000274181366
364,0.1704999953508377
365,0.16750000417232513
366,0.1340000033378601
367,0.19099999964237213
368,0.13199999928474426
369,0.226500004529953
370,0.1404999941587448
371,0.026000000536441803
372,0.3140000104904175
373,0.14149999618530273
374,0.3345000147819519
375,0.09950000047683716
376,0.07599999755620956
377,0.1679999977350235
378,0.10949999839067459
379,0.10999999940395355
380,0.09950000047683716
381,0.17350000143051147
382,0.24449999630451202
383,0.0860000029206276
384,0.11550000309944153
385,0.18250000476837158
386,0.2460000067949295
387,0.12349999696016312
388,0.1535000056028366
389,0.15049999952316284
390,0.2199999988079071
391,0.19699999690055847
392,0.16699999570846558
393,0.0794999971985817
394,0.1770000010728836
395,0.029999999329447746
396,0.19449999928474426
397,0.28600001335144043
398,0.1525000035762787
399,0.2460000067949295
400,0.24400000274181366
401,0.15449999272823334
402,0.08950000256299973
403,0.09700000286102295
404,0.10750000178813934
405,0.16500000655651093
406,0.210999995470047
407,0.1120000034570694
408,0.28299999237060547
409,0.19599999487400055
410,0.257999986410141
411,0.16099999845027924
412,0.1860000044107437
413,0.35600000619888306
414,0.11550000309944153
415,0.2280000001192093
416,0.4000000059604645
417,0.11949999630451202
418,0.19099999964237213
419,0.21250000596046448
420,0.0689999982714653
421,0.46050000190734863
422,0.14149999618530273
423,0.23350000381469727
424,0.0689999982714653
425,0.0560000017285347
426,0.07649999856948853
427,0.2134999930858612
428,0.1679999977350235
429,0.17800000309944153
430,0.26350000500679016
431,0.10949999839067459
432,0.30399999022483826
433,0.10450000315904617
434,0.2094999998807907
435,0.23250000178813934
436,0.15150000154972076
437,0.11649999767541885
438,0.21199999749660492
439,0.13249999284744263
440,0.11249999701976776
441,0.07100000232458115
442,0.08250000327825546
443,0.15800000727176666
444,0.2800000011920929
445,0.1054999977350235
446,0.0560000017285347
447,0.15549999475479126
448,0.14249999821186066
449,0.11050000041723251
450,0.15800000727176666
451,0.14900000393390656
452,0.15700000524520874
453,0.24899999797344208
454,0.13300000131130219
455,0.15199999511241913
456,0.16850000619888306
457,0.0925000011920929
458,0.10499999672174454
459,0.23350000381469727
460,0.060499999672174454
461,0.02800000086426735
462,0.10100000351667404
463,0.20600000023841858
464,0.1835000067949295
465,0.22050000727176666
466,0.20900000631809235
467,0.09049999713897705
468,0.0925000011920929
469,0.05999999865889549
470,0.25049999356269836
471,0.09849999845027924
472,0.0885000005364418
473,0.1445000022649765
474,0.13750000298023224
475,0.2515000104904175
476,0.18700000643730164
477,0.19449999928474426
478,0.09950000047683716
479,0.1979999989271164
480,0.1835000067949295
481,0.1665000021457672
482,0.20200000703334808
483,0.25
484,0.1599999964237213
485,0.13199999928474426
486,0.0625
487,0.1809999942779541
488,0.05249999836087227
489,0.16349999606609344
490,0.048500001430511475
491,0.1315000057220459
492,0.20499999821186066
493,0.12950000166893005
494,0.13349999487400055
495,0.3400000035762787
496,0.19599999487400055
497,0.1809999942779541
498,0.14749999344348907
499,0.08649999648332596
500,0.2240000069141388
501,0.125
502,0.164000004529953
503,0.2705000042915344
504,0.20550000667572021
505,0.12999999523162842
506,0.12099999934434891
507,0.1704999953508377
508,0.1599999964237213
509,0.12700000405311584
510,0.2345000058412552
511,0.15800000727176666
512,0.15800000727176666
513,0.21950000524520874
514,0.12300000339746475
515,0.11550000309944153
516,0.17299999296665192
517,0.19499999284744263
518,0.16750000417232513
519,0.2004999965429306
520,0.17900000512599945
521,0.1784999966621399
522,0.13699999451637268
523,0.15800000727176666
524,0.2485000044107437
525,0.18199999630451202
526,0.11999999731779099
527,0.09549999982118607
528,0.22949999570846558
529,0.2529999911785126
530,0.12950000166893005
531,0.13850000500679016
532,0.07750000059604645
533,0.19699999690055847
534,0.17350000143051147
535,0.13650000095367432
536,0.1509999930858612
537,0.18400000035762787
538,0.20100000500679016
539,0.10700000077486038
540,0.1899999976158142
541,0.3089999854564667
542,0.09799999743700027
543,0.2370000034570694
544,0.12600000202655792
545,0.17399999499320984
546,0.1784999966621399
547,0.1550000011920929
548,0.2750000059604645
549,0.27900001406669617
550,0.11400000005960464
551,0.24449999630451202
552,0.09399999678134918
553,0.06849999725818634
554,0.1120000034570694
555,0.17949999868869781
556,0.1445000022649765
557,0.4490000009536743
558,0.09600000083446503
559,0.22349999845027924
560,0.21199999749660492
561,0.2070000022649765
562,0.13199999928474426
563,0.11550000309944153
564,0.14149999618530273
565,0.09200000017881393
566,0.3540000021457672
567,0.19449999928474426
568,0.17599999904632568
569,0.27549999952316284
570,0.2214999943971634
571,0.2574999928474426
572,0.08550000190734863
573,0.09300000220537186
574,0.12049999833106995
575,0.21699999272823334
576,0.08649999648332596
577,0.1574999988079071
578,0.17149999737739563
579,0.17800000309944153
580,0.10949999839067459
581,0.2775000035762787
582,0.16850000619888306
583,0.2630000114440918
584,0.061000000685453415
585,0.13199999928474426
586,0.2199999988079071
587,0.15000000596046448
588,0.17649999260902405
589,0.12449999898672104
590,0.13899999856948853
591,0.19300000369548798
592,0.13850000500679016
593,0.1145000010728836
594,0.22450000047683716
595,0.2759999930858612
596,0.25200000405311584
597,0.10700000077486038
570,0.11749999970197678
571,0.22849999368190765
572,0.1899999976158142
573,0.27300000190734863
574,0.2849999964237213
575,0.17350000143051147
576,0.16899999976158142
577,0.08950000256299973
578,0.16850000619888306
579,0.15649999678134918
580,0.09399999678134918
581,0.16949999332427979
582,0.09000000357627869
583,0.06949999928474426
584,0.36500000953674316
585,0.07800000160932541
586,0.12849999964237213
587,0.3244999945163727
588,0.09799999743700027
589,0.1379999965429306
590,0.2070000022649765
591,0.21400000154972076
592,0.26649999618530273
593,0.22450000047683716
594,0.1289999932050705
595,0.15150000154972076
596,0.08299999684095383
597,0.125
598,0.22349999845027924
599,0.025499999523162842
600,0.10499999672174454
601,0.18850000202655792
602,0.18199999630451202
603,0.14399999380111694
604,0.2705000042915344
605,0.12600000202655792
606,0.3540000021457672
607,0.15649999678134918
608,0.035999998450279236
609,0.21449999511241913
610,0.20399999618530273
611,0.1289999932050705
612,0.17550000548362732
613,0.21299999952316284
614,0.09749999642372131
615,0.12049999833106995
616,0.164000004529953
617,0.15150000154972076
618,0.2199999988079071
619,0.1354999989271164
620,0.17499999701976776
621,0.09300000220537186
622,0.05550000071525574
623,0.11900000274181366
624,0.22349999845027924
625,0.14900000393390656
626,0.07400000095367432
627,0.09149999916553497
628,0.13899999856948853
629,0.16850000619888306
630,0.09549999982118607
631,0.13099999725818634
632,0.10949999839067459
633,0.125
634,0.11900000274181366
635,0.2809999883174896
636,0.08699999749660492
637,0.02449999935925007
638,0.07850000262260437
639,0.14399999380111694
640,0.13349999487400055
641,0.1509999930858612
642,0.1889999955892563
643,0.19349999725818634
644,0.041999999433755875
645,0.19750000536441803
646,0.10350000113248825
647,0.26600000262260437
648,0.03799999877810478
649,0.1770000010728836
650,0.1420000046491623
651,0.17949999868869781
652,0.2304999977350235
653,0.21649999916553497
654,0.35100001096725464
655,0.13750000298023224
656,0.21950000524520874
657,0.051500000059604645
658,0.16249999403953552
659,0.14650000631809235
660,0.11050000041723251
661,0.13899999856948853
662,0.10949999839067459
663,0.18950000405311584
664,0.0885000005364418
665,0.19050000607967377
666,0.061000000685453415
667,0.15299999713897705
668,0.19249999523162842
669,0.18199999630451202
670,0.1469999998807907
671,0.10499999672174454
672,0.06949999928474426
673,0.12549999356269836
674,0.0885000005364418
675,0.2955000102519989
676,0.2770000100135803
677,0.10750000178813934
678,0.19499999284744263
679,0.14350000023841858
680,0.12049999833106995
681,0.08250000327825546
682,0.1899999976158142
683,0.11800000071525574
684,0.2004999965429306
685,0.27399998903274536
686,0.1665000021457672
687,0.21799999475479126
688,0.13300000131130219
689,0.15649999678134918
690,0.13300000131130219
691,0.19200000166893005
692,0.05249999836087227
693,0.21850000321865082
694,0.31949999928474426
695,0.15800000727176666
696,0.27000001072883606
697,0.1354999989271164
698,0.17299999296665192
699,0.19099999964237213
700,0.10300000011920929
701,0.26499998569488525
702,0.10849999636411667
703,0.12049999833106995
704,0.1655000001192093
705,0.1574999988079071
706,0.19300000369548798
707,0.1679999977350235
708,0.04399999976158142
709,0.16599999368190765
710,0.3034999966621399
711,0.21850000321865082
712,0.1274999976158142
713,0.051500000059604645
714,0.17149999737739563
715,0.4359999895095825
716,0.15150000154972076
717,0.17000000178813934
718,0.18799999356269836
719,0.3695000112056732
720,0.2944999933242798
721,0.12800000607967377
722,0.21199999749660492
723,0.2529999911785126
724,0.16300000250339508
725,0.18850000202655792
726,0.17550000548362732
727,0.07850000262260437
728,0.21699999272823334
729,0.14749999344348907
730,0.07750000059604645
731,0.07500000298023224
732,0.19699999690055847
733,0.3165000081062317
734,0.1665000021457672
735,0.1850000023841858
736,0.19599999487400055
737,0.13699999451637268
738,0.08900000154972076
739,0.0925000011920929
740,0.3779999911785126
741,0.07100000232458115
742,0.12399999797344208
743,0.11500000208616257
744,0.08250000327825546
745,0.15950000286102295
746,0.18050000071525574
747,0.3240000009536743
748,0.14550000429153442
749,0.19900000095367432
750,0.2605000138282776
751,0.07699999958276749
752,0.2029999941587448
753,0.20149999856948853
754,0.14249999821186066
755,0.22750000655651093
756,0.11349999904632568
757,0.11249999701976776
758,0.1289999932050705
759,0.20800000429153442
760,0.12399999797344208
761,0.14900000393390656
762,0.13699999451637268
763,0.14249999821186066
764,0.1589999943971634
765,0.2709999978542328
766,0.18850000202655792
767,0.16899999976158142
768,0.19850000739097595
769,0.21199999749660492
770,0.18000000715255737
771,0.13650000095367432
772,0.1120000034570694
773,0.1340000033378601
774,0.08500000089406967
775,0.226500004529953
776,0.2759999930858612
777,0.11999999731779099
778,0.27399998903274536
779,0.09849999845027924
780,0.12250000238418579
781,0.13249999284744263
782,0.16899999976158142
783,0.06499999761581421
784,0.1770000010728836
785,0.19550000131130219
786,0.20149999856948853
787,0.10700000077486038
788,0.35199999809265137
789,0.20000000298023224
790,0.29249998927116394
791,0.19300000369548798
792,0.2070000022649765
793,0.14650000631809235
794,0.21199999749660492
795,0.17649999260902405
796,0.14300000667572021
797,0.2985000014305115
798,0.10450000315904617
799,0.12849999964237213
800,0.1459999978542328
801,0.1599999964237213
802,0.25450000166893005
803,0.17649999260902405
804,0.2644999921321869
805,0.17599999904632568
806,0.19750000536441803
807,0.14949999749660492
808,0.12250000238418579
809,0.1525000035762787
810,0.17149999737739563
811,0.24799999594688416
812,0.18299999833106995
813,0.20000000298023224
814,0.20800000429153442
815,0.10350000113248825
816,0.12200000137090683
817,0.054499998688697815
818,0.14300000667572021
819,0.10700000077486038
820,0.13249999284744263
821,0.12349999696016312
822,0.13349999487400055
823,0.11299999803304672
824,0.20999999344348907
825,0.27250000834465027
826,0.1720000058412552
827,0.11299999803304672
828,0.17000000178813934
829,0.12399999797344208
830,0.2175000011920929
831,0.1899999976158142
832,0.1835000067949295
833,0.19949999451637268
834,0.12549999356269836
835,0.16750000417232513
836,0.09350000321865082
837,0.19449999928474426
838,0.3125
839,0.1054999977350235
840,0.1459999978542328
841,0.11599999666213989
842,0.17550000548362732
843,0.2045000046491623
844,0.12250000238418579
845,0.148499995470047
846,0.25049999356269836
847,0.13050000369548798
848,0.273499995470047
849,0.23149999976158142
850,0.2434999942779541
851,0.07750000059604645
852,0.09000000357627869
853,0.1965000033378601
854,0.17299999296665192
855,0.06700000166893005
856,0.15049999952316284
857,0.09200000017881393
858,0.21699999272823334
859,0.1289999932050705
860,0.09350000321865082
861,0.0820000022649765
862,0.22849999368190765
863,0.04699999839067459
864,0.054499998688697815
865,0.24899999797344208
866,0.1120000034570694
867,0.03449999913573265
868,0.06400000303983688
869,0.15299999713897705
870,0.1550000011920929
871,0.10199999809265137
872,0.32350000739097595
873,0.2460000067949295
874,0.14800000190734863
875,0.10849999636411667
876,0.06549999862909317
877,0.11949999630451202
878,0.22699999809265137
879,0.2214999943971634
880,0.19099999964237213
881,0.13650000095367432
882,0.2409999966621399
883,0.27950000762939453
884,0.20600000023841858
885,0.1120000034570694
886,0.10000000149011612
887,0.13199999928474426
888,0.21649999916553497
889,0.17350000143051147
890,0.22849999368190765
891,0.2515000104904175
892,0.1535000056028366
893,0.12049999833106995
894,0.22599999606609344
895,0.21050000190734863
896,0.1889999955892563
897,0.12449999898672104
898,0.28049999475479126
899,0.2280000001192093
900,0.04899999871850014
901,0.10999999940395355
902,0.13750000298023224
903,0.2070000022649765
904,0.16050000488758087
905,0.17800000309944153
906,0.07800000160932541
907,0.1599999964237213
908,0.08449999988079071
909,0.13950000703334808
910,0.09749999642372131
911,0.20350000262260437
912,0.16449999809265137
913,0.2224999964237213
914,0.1875
915,0.12700000405311584
916,0.07500000298023224
917,0.15150000154972076
918,0.06750000268220901
919,0.15649999678134918
920,0.15600000321865082
921,0.22200000286102295
922,0.2705000042915344
923,0.18150000274181366
924,0.12300000339746475
925,0.18250000476837158
926,0.21950000524520874
927,0.12250000238418579
928,0.25949999690055847
929,0.16899999976158142
930,0.18050000071525574
931,0.21649999916553497
932,0.2615000009536743
933,0.12950000166893005
934,0.13699999451637268
935,0.11400000005960464
936,0.2094999998807907
937,0.14399999380111694
938,0.17350000143051147
939,0.1679999977350235
940,0.12049999833106995
941,0.16599999368190765
942,0.1274999976158142
943,0.15850000083446503
944,0.1445000022649765
945,0.05849999934434891
946,0.11100000143051147
947,0.31049999594688416
948,0.18649999797344208
949,0.17000000178813934
950,0.14399999380111694
951,0.35600000619888306
952,0.13850000500679016
953,0.1704999953508377
954,0.22349999845027924
955,0.16050000488758087
956,0.05950000137090683
957,0.10499999672174454
958,0.10249999910593033
959,0.1459999978542328
960,0.16500000655651093
961,0.19449999928474426
962,0.11900000274181366
963,0.26100000739097595
964,0.2939999997615814
965,0.2175000011920929
966,0.16500000655651093
967,0.19550000131130219
968,0.09849999845027924
969,0.16099999845027924
970,0.11100000143051147
971,0.22599999606609344
972,0.2639999985694885
973,0.31349998712539673
974,0.14149999618530273
975,0.1289999932050705
976,0.06949999928474426
977,0.22550000250339508
978,0.2084999978542328
979,0.052000001072883606
980,0.2800000011920929
981,0.09600000083446503
982,0.15850000083446503
983,0.30149999260902405
984,0.20350000262260437
985,0.19099999964237213
986,0.15150000154972076
987,0.2070000022649765
988,0.10050000250339508
989,0.320499986410141
990,0.11749999970197678
991,0.1860000044107437
992,0.3709999918937683
993,0.1525000035762787
994,0.09799999743700027
995,0.10649999976158142
996,0.08550000190734863
997,0.07649999856948853
998,0.1445000022649765
999,0.14249999821186066
1000,0.12449999898672104
1001,0.1379999965429306
1002,0.07349999994039536
1003,0.14100000262260437
1004,0.23399999737739563
1005,0.1615000069141388
1006,0.1809999942779541
1007,0.0729999989271164
1008,0.07100000232458115
1009,0.13099999725818634
1010,0.2669999897480011
1011,0.16200000047683716
1012,0.34700000286102295
1013,0.30000001192092896
1014,0.21299999952316284
1015,0.11550000309944153
1016,0.2175000011920929
1017,0.16200000047683716
1018,0.09000000357627869
1019,0.1589999943971634
1020,0.12849999964237213
1021,0.20250000059604645
1022,0.10000000149011612
1023,0.16949999332427979
1024,0.13349999487400055
1025,0.19850000739097595
1026,0.18449999392032623
1027,0.257999986410141
1028,0.009499999694526196
1029,0.12349999696016312
1030,0.15649999678134918
1031,0.226500004529953
1032,0.16850000619888306
1033,0.12549999356269836
1034,0.2475000023841858
1035,0.18150000274181366
1036,0.27649998664855957
1037,0.23849999904632568
1038,0.1054999977350235
1039,0.13449999690055847
1040,0.07400000095367432
1041,0.23149999976158142
1042,0.1860000044107437
1043,0.2615000009536743
1044,0.19200000166893005
1045,0.16750000417232513
1046,0.18299999833106995
1047,0.14000000059604645
1048,0.2280000001192093
1049,0.13699999451637268
1050,0.23100000619888306
1051,0.19750000536441803
1052,0.22949999570846558
1053,0.16500000655651093
1054,0.11299999803304672
1055,0.10750000178813934
1056,0.1745000034570694
1057,0.057500001043081284
1058,0.14100000262260437
1059,0.11900000274181366
1060,0.14300000667572021
1061,0.22200000286102295
1062,0.061500001698732376
1063,0.15549999475479126
1064,0.15449999272823334
1065,0.05550000071525574
1066,0.3264999985694885
1067,0.13899999856948853
1068,0.27900001406669617
1069,0.19249999523162842
1070,0.05999999865889549
1071,0.1379999965429306
1072,0.16099999845027924
1073,0.08449999988079071
1074,0.11349999904632568
1075,0.3264999985694885
1076,0.10199999809265137
1077,0.027000000700354576
1078,0.15850000083446503
1079,0.09399999678134918
1080,0.2290000021457672
1081,0.21549999713897705
1082,0.11100000143051147
1083,0.2515000104904175
1084,0.17649999260902405
1085,0.12250000238418579
1086,0.14550000429153442
1087,0.4650000035762787
1088,0.1655000001192093
1089,0.18000000715255737
1090,0.2304999977350235
1091,0.14900000393390656
1092,0.15199999511241913
1093,0.15649999678134918
1094,0.07000000029802322
1095,0.10849999636411667
1096,0.15800000727176666
1097,0.1289999932050705
1098,0.23399999737739563
1099,0.2160000056028366
1100,0.15299999713897705
1101,0.057500001043081284
1102,0.15449999272823334
1103,0.16850000619888306
1104,0.1615000069141388
1105,0.12049999833106995
1106,0.21850000321865082
1107,0.25450000166893005
1108,0.1185000017285347
1109,0.2434999942779541
1110,0.10400000214576721
1111,0.18199999630451202
1112,0.14350000023841858
1113,0.12800000607967377
1114,0.07100000232458115
1115,0.1014999970793724
1116,0.10300000011920929
1117,0.19300000369548798
1118,0.17599999904632568
1119,0.17350000143051147
1120,0.11500000208616257
1121,0.14149999618530273
1122,0.13099999725818634
1123,0.15449999272823334
1124,0.2809999883174896
1125,0.09099999815225601
1126,0.1550000011920929
1127,0.2529999911785126
1128,0.2370000034570694
1129,0.1054999977350235
1130,0.3540000021457672
1131,0.328000009059906
1132,0.21299999952316284
1133,0.13099999725818634
1134,0.1404999941587448
1135,0.13349999487400055
1136,0.15649999678134918
1137,0.05700000002980232
1138,0.04399999976158142
1139,0.13199999928474426
1140,0.11800000071525574
1141,0.12250000238418579
1142,0.25699999928474426
1143,0.23549999296665192
1144,0.10949999839067459
1145,0.20399999618530273
1146,0.15600000321865082
1147,0.2680000066757202
1148,0.1420000046491623
1149,0.1574999988079071
1150,0.1535000056028366
1151,0.210999995470047
1152,0.1080000028014183
1153,0.0860000029206276
1154,0.28700000047683716
1155,0.18199999630451202
1156,0.16750000417232513
1157,0.11699999868869781
1158,0.12950000166893005
1159,0.3720000088214874
1160,0.1185000017285347
1161,0.2395000010728836
1162,0.19599999487400055
1163,0.12399999797344208
1164,0.2304999977350235
1165,0.2224999964237213
1166,0.1850000023841858
1167,0.35899999737739563
1168,0.2669999897480011
1169,0.12449999898672104
1170,0.26649999618530273
1171,0.1289999932050705
1172,0.3255000114440918
1173,0.10350000113248825
1174,0.21400000154972076
1175,0.26350000500679016
1176,0.2134999930858612
1177,0.19949999451637268
1178,0.12099999934434891
1179,0.17350000143051147
1180,0.1445000022649765
1181,0.12449999898672104
1182,0.398499995470047
1183,0.17100000381469727
1184,0.09399999678134918
1185,0.20499999821186066
1186,0.1745000034570694
1187,0.11299999803304672
1188,0.18199999630451202
1189,0.1655000001192093
1190,0.13099999725818634
1191,0.11749999970197678
1192,0.27399998903274536
1193,0.08100000023841858
1194,0.2304999977350235
1195,0.21899999678134918
1196,0.22499999403953552
1197,0.16099999845027924
1198,0.2485000044107437
1199,0.15549999475479126
1200,0.19699999690055847
1201,0.13950000703334808
1202,0.05849999934434891
1203,0.15449999272823334
1204,0.10499999672174454
1205,0.17000000178813934
1206,0.1745000034570694
1207,0.10050000250339508
1208,0.13199999928474426
1209,0.17149999737739563
1210,0.25699999928474426
1211,0.12849999964237213
1212,0.0754999965429306
1213,0.08100000023841858
1214,0.11299999803304672
1215,0.11599999666213989
1216,0.07800000160932541
1217,0.15000000596046448
1218,0.12999999523162842
1219,0.10100000351667404
1220,0.11999999731779099
1221,0.2574999928474426
1222,0.11299999803304672
1223,0.2370000034570694
1224,0.057500001043081284
1225,0.1875
1226,0.10999999940395355
1227,0.296999990940094
1228,0.11249999701976776
1229,0.20649999380111694
1230,0.13699999451637268
1231,0.226500004529953
1232,0.13050000369548798
1233,0.13850000500679016
1234,0.13600000739097595
1235,0.08799999952316284
1236,0.14949999749660492
1237,0.09950000047683716
1238,0.09000000357627869
1239,0.19349999725818634
1240,0.17900000512599945
1241,0.24699999392032623
1242,0.13249999284744263
1243,0.16050000488758087
1244,0.11299999803304672
1245,0.09350000321865082
1246,0.0820000022649765
1247,0.11949999630451202
1248,0.11349999904632568
1249,0.19750000536441803
1250,0.042500000447034836
1251,0.11400000005960464
1252,0.11699999868869781
1253,0.15549999475479126
1254,0.28049999475479126
1255,0.2529999911785126
1256,0.19850000739097595
1257,0.12250000238418579
1258,0.1875
1259,0.10649999976158142
1260,0.11050000041723251
1261,0.24899999797344208
1262,0.12399999797344208
1263,0.16300000250339508
1264,0.020500000566244125
1265,0.11749999970197678
1266,0.15600000321865082
1267,0.12600000202655792
1268,0.16850000619888306
1269,0.16850000619888306
1270,0.15700000524520874
1271,0.1459999978542328
1272,0.22699999809265137
1273,0.13699999451637268
1274,0.3569999933242798
1275,0.17900000512599945
1276,0.15800000727176666
1277,0.3269999921321869
1278,0.3075000047683716
1279,0.09650000184774399
1280,0.06199999898672104
1281,0.2370000034570694
1282,0.20550000667572021
1283,0.1665000021457672
1284,0.10199999809265137
1285,0.226500004529953
1286,0.048500001430511475
1287,0.17149999737739563
1288,0.11500000208616257
1289,0.10300000011920929
1290,0.19349999725818634
1291,0.11649999767541885
1292,0.2554999887943268
1293,0.164000004529953
1294,0.0949999988079071
1295,0.12549999356269836
1296,0.1340000033378601
1297,0.11150000244379044
1298,0.15449999272823334
1299,0.21799999475479126
1300,0.17249999940395355
1301,0.16750000417232513
1302,0.23649999499320984
1303,0.1899999976158142
1304,0.1979999989271164
1305,0.23250000178813934
1306,0.11299999803304672
1307,0.1120000034570694
1308,0.14300000667572021
1309,0.27649998664855957
1310,0.14399999380111694
1311,0.06750000268220901
1312,0.10000000149011612
1313,0.11800000071525574
1314,0.18950000405311584
1315,0.1835000067949295
1316,0.21850000321865082
1317,0.18050000071525574
1318,0.14749999344348907
1319,0.23800000548362732
1320,0.12250000238418579
1321,0.1979999989271164
1322,0.16050000488758087
1323,0.11749999970197678
1324,0.14800000190734863
1325,0.2615000009536743
1326,0.1404999941587448
1327,0.10599999874830246
1328,0.23399999737739563
1329,0.25850000977516174
1330,0.210999995470047
1331,0.20250000059604645
1332,0.18649999797344208
1333,0.12999999523162842
1334,0.2160000056028366
1335,0.17800000309944153
1336,0.2160000056028366
1337,0.15150000154972076
1338,0.32350000739097595
1339,0.17350000143051147
1340,0.15199999511241913
1341,0.2775000035762787
1342,0.2475000023841858
1343,0.19300000369548798
1344,0.23649999499320984
1345,0.09749999642372131
1346,0.11249999701976776
1347,0.18000000715255737
1348,0.2304999977350235
1349,0.20749999582767487
1350,0.09149999916553497
1351,0.08699999749660492
1352,0.2475000023841858
1353,0.1550000011920929
1354,0.14749999344348907
1355,0.20250000059604645
1356,0.18700000643730164
1357,0.19050000607967377
1358,0.18250000476837158
1359,0.1889999955892563
1360,0.17350000143051147
1361,0.19099999964237213
1362,0.19949999451637268
1363,0.15600000321865082
1364,0.2214999943971634
1365,0.12800000607967377
1366,0.15399999916553497
1367,0.18199999630451202
1368,0.20200000703334808
1369,0.06599999964237213
1370,0.2854999899864197
1371,0.11150000244379044
1372,0.21950000524520874
1373,0.16099999845027924
1374,0.08399999886751175
1375,0.11299999803304672
1376,0.17350000143051147
1377,0.21699999272823334
1378,0.18549999594688416
1379,0.09549999982118607
1380,0.3154999911785126
1381,0.17900000512599945
1382,0.13099999725818634
1383,0.08550000190734863
1384,0.1615000069141388
1385,0.3019999861717224
1386,0.20550000667572021
1387,0.3840000033378601
1388,0.1940000057220459
1389,0.19750000536441803
1390,0.14000000059604645
1391,0.2029999941587448
1392,0.14550000429153442
1393,0.2280000001192093
1394,0.17149999737739563
1395,0.11999999731779099
1396,0.19699999690055847
1397,0.07800000160932541
1398,0.0729999989271164
1399,0.10599999874830246
1400,0.14100000262260437
1401,0.18950000405311584
1402,0.257999986410141
1403,0.23899999260902405
1404,0.10400000214576721
1405,0.125
1406,0.13500000536441803
1407,0.1889999955892563
1408,0.07649999856948853
1409,0.1274999976158142
1410,0.15700000524520874
1411,0.14499999582767487
1412,0.17749999463558197
1413,0.15299999713897705
1414,0.1469999998807907
1415,0.14749999344348907
1416,0.15649999678134918
1417,0.20499999821186066
1418,0.23600000143051147
1419,0.13050000369548798
1420,0.164000004529953
1421,0.2515000104904175
1422,0.11050000041723251
1423,0.048500001430511475
1424,0.3605000078678131
1425,0.13850000500679016
1426,0.11500000208616257
1427,0.0820000022649765
1428,0.2004999965429306
1429,0.12849999964237213
1430,0.14949999749660492
1431,0.15950000286102295
1432,0.05350000038743019
1433,0.24500000476837158
1434,0.10450000315904617
1435,0.1404999941587448
1436,0.17149999737739563
1437,0.17100000381469727
1438,0.07400000095367432
1439,0.21699999272823334
1440,0.1835000067949295
1441,0.20149999856948853
1442,0.18400000035762787
1443,0.2565000057220459
1444,0.1054999977350235
1445,0.14249999821186066
1446,0.23199999332427979
1447,0.1509999930858612
1448,0.13650000095367432
1449,0.20999999344348907
1450,0.18150000274181366
1451,0.13300000131130219
1452,0.1965000033378601
1453,0.11999999731779099
1454,0.15549999475479126
1455,0.13500000536441803
1456,0.32850000262260437
1457,0.09650000184774399
1458,0.1525000035762787
1459,0.20100000500679016
1460,0.07750000059604645
1461,0.21699999272823334
1462,0.16599999368190765
1463,0.2669999897480011
1464,0.18299999833106995
1465,0.13699999451637268
1466,0.1875
1467,0.12349999696016312
1468,0.13300000131130219
1469,0.17599999904632568
1470,0.21799999475479126
1471,0.13199999928474426
1472,0.1420000046491623
1473,0.11299999803304672
1474,0.12250000238418579
1475,0.0949999988079071
1476,0.09350000321865082
1477,0.1720000058412552
1478,0.13449999690055847
1479,0.22300000488758087
1480,0.13600000739097595
1481,0.13850000500679016
1482,0.12800000607967377
1483,0.16699999570846558
1484,0.14800000190734863
1485,0.28349998593330383
1486,0.1784999966621399
1487,0.21699999272823334
1488,0.226500004529953
1489,0.14399999380111694
1490,0.09549999982118607
1491,0.2004999965429306
1492,0.23199999332427979
1493,0.20749999582767487
1494,0.1354999989271164
1495,0.10999999940395355
1496,0.20999999344348907
1497,0.3840000033378601
1498,0.12800000607967377
1499,0.039000000804662704
1500,0.09749999642372131
1501,0.21699999272823334
1502,0.19900000095367432
1503,0.12600000202655792
1504,0.2045000046491623
1505,0.04050000011920929
1506,0.1404999941587448
1507,0.2045000046491623
1508,0.07649999856948853
1509,0.08299999684095383
1510,0.13449999690055847
1511,0.1404999941587448
1512,0.2824999988079071
1513,0.21549999713897705
1514,0.1550000011920929
1515,0.10649999976158142
1516,0.05299999937415123
1517,0.34049999713897705
1518,0.12250000238418579
1519,0.31700000166893005
1520,0.26350000500679016
1521,0.028999999165534973
1522,0.16300000250339508
1523,0.09350000321865082
1524,0.22750000655651093
1525,0.1615000069141388
1526,0.22750000655651093
1527,0.0860000029206276
1528,0.1809999942779541
1529,0.17399999499320984
1530,0.19900000095367432
1531,0.2175000011920929
1532,0.18549999594688416
1533,0.13199999928474426
1534,0.11550000309944153
1535,0.20600000023841858
1536,0.039500001817941666
1537,0.20149999856948853
1538,0.17499999701976776
1539,0.15449999272823334
1540,0.3425000011920929
1541,0.16850000619888306
1542,0.19300000369548798
1543,0.20200000703334808
1544,0.2485000044107437
1545,0.33399999141693115
1546,0.2004999965429306
1547,0.3319999873638153
1548,0.25450000166893005
1549,0.17299999296665192
1550,0.30399999022483826
1551,0.2160000056028366
1552,0.14350000023841858
1553,0.1860000044107437
1554,0.1535000056028366
1555,0.11100000143051147
1556,0.09600000083446503
1557,0.15449999272823334
1558,0.12549999356269836
1559,0.0989999994635582
1560,0.11900000274181366
1561,0.17299999296665192
1562,0.09149999916553497
1563,0.05649999901652336
1564,0.2759999930858612
1565,0.20999999344348907
1566,0.14650000631809235
1567,0.14550000429153442
1568,0.1655000001192093
1569,0.08900000154972076
1570,0.08500000089406967
1571,0.25099998712539673
1572,0.16850000619888306
1573,0.06650000065565109
1574,0.0754999965429306
1575,0.16949999332427979
1576,0.37049999833106995
1577,0.10350000113248825
1578,0.0860000029206276
1579,0.1274999976158142
1580,0.08649999648332596
1581,0.31049999594688416
1582,0.11599999666213989
1583,0.10750000178813934
1584,0.2029999941587448
1585,0.20350000262260437
1586,0.12849999964237213
1587,0.16949999332427979
1588,0.19050000607967377
1589,0.19850000739097595
1590,0.08100000023841858
1591,0.15600000321865082
1592,0.13850000500679016
1593,0.2329999953508377
1594,0.2574999928474426
1595,0.27900001406669617
1596,0.11150000244379044
1597,0.148499995470047
1598,0.11999999731779099
1599,0.07100000232458115
1600,0.08500000089406967
1601,0.24899999797344208
1602,0.1145000010728836
1603,0.09000000357627869
1604,0.1145000010728836
1605,0.20800000429153442
1606,0.20100000500679016
1607,0.09099999815225601
1608,0.1420000046491623
1609,0.17900000512599945
1610,0.0949999988079071
1611,0.09749999642372131
1612,0.11649999767541885
1613,0.2849999964237213
1614,0.09200000017881393
1615,0.23549999296665192
1616,0.11599999666213989
1617,0.2329999953508377
1618,0.16249999403953552
1619,0.16449999809265137
1620,0.09000000357627869
1621,0.21299999952316284
1622,0.28200000524520874
1623,0.23149999976158142
1624,0.25
1625,0.23999999463558197
1626,0.05550000071525574
1627,0.11749999970197678
1628,0.17249999940395355
1629,0.2540000081062317
1630,0.060499999672174454
1631,0.051500000059604645
1632,0.18250000476837158
1633,0.15449999272823334
1634,0.20800000429153442
1635,0.21449999511241913
1636,0.06400000303983688
1637,0.25600001215934753
1638,0.1745000034570694
1639,0.16949999332427979
1640,0.13349999487400055
1641,0.11949999630451202
1642,0.10949999839067459
1643,0.0729999989271164
1644,0.048500001430511475
1645,0.2565000057220459
1646,0.12049999833106995
1647,0.08500000089406967
1648,0.27950000762939453
1649,0.2574999928474426
1650,0.15449999272823334
1651,0.12999999523162842
1652,0.21199999749660492
1653,0.13300000131130219
1654,0.12250000238418579
1655,0.10899999737739563
1656,0.13449999690055847
1657,0.1340000033378601
1658,0.12549999356269836
1659,0.15700000524520874
1660,0.17499999701976776
1661,0.21899999678134918
1662,0.26750001311302185
1663,0.09350000321865082
1664,0.09350000321865082
1665,0.23600000143051147
1666,0.15199999511241913
1667,0.36250001192092896
1668,0.19200000166893005
1669,0.18449999392032623
1670,0.226500004529953
1671,0.1899999976158142
1672,0.25949999690055847
1673,0.2485000044107437
1674,0.13899999856948853
1675,0.10350000113248825
1676,0.08550000190734863
1677,0.2685000002384186
1678,0.12549999356269836
1679,0.14350000023841858
1680,0.14350000023841858
1681,0.3569999933242798
1682,0.21150000393390656
1683,0.25049999356269836
1684,0.25200000405311584
1685,0.12349999696016312
1686,0.1379999965429306
1687,0.20350000262260437
1688,0.10100000351667404
1689,0.1860000044107437
1690,0.19699999690055847
1691,0.19300000369548798
1692,0.2475000023841858
1693,0.22949999570846558
1694,0.27399998903274536
1695,0.10400000214576721
1696,0.2175000011920929
1697,0.11100000143051147
1698,0.20499999821186066
1699,0.19499999284744263
1700,0.11949999630451202
1701,0.1274999976158142
1702,0.1459999978542328
1703,0.08299999684095383
1704,0.04500000178813934
1705,0.1899999976158142
1706,0.15049999952316284
1707,0.17949999868869781
1708,0.14100000262260437
1709,0.1080000028014183
1710,0.05999999865889549
1711,0.1589999943971634
1712,0.17649999260902405
1713,0.17350000143051147
1714,0.10100000351667404
1715,0.3555000126361847
1716,0.17900000512599945
1717,0.11400000005960464
1718,0.3050000071525574
1719,0.22949999570846558
1720,0.11100000143051147
1721,0.07150000333786011
1722,0.15299999713897705
1723,0.23250000178813934
1724,0.1469999998807907
1725,0.2824999988079071
1726,0.2759999930858612
1727,0.13850000500679016
1728,0.13699999451637268
1729,0.28600001335144043
1730,0.24650000035762787
1731,0.1979999989271164
1732,0.17900000512599945
1733,0.17649999260902405
1734,0.27549999952316284
1735,0.14749999344348907
1736,0.18150000274181366
1737,0.18449999392032623
1738,0.05950000137090683
1739,0.17399999499320984
1740,0.23549999296665192
1741,0.16899999976158142
1742,0.3499999940395355
1743,0.1965000033378601
1744,0.10949999839067459
1745,0.14399999380111694
1746,0.13349999487400055
1747,0.19050000607967377
1748,0.1574999988079071
1749,0.16449999809265137
1750,0.17550000548362732
1751,0.1899999976158142
1752,0.16949999332427979
1753,0.15049999952316284
1754,0.13099999725818634
1755,0.07649999856948853
1756,0.17550000548362732
1757,0.07699999958276749
1758,0.19699999690055847
1759,0.23899999260902405
1760,0.1525000035762787
1761,0.12999999523162842
1762,0.03750000149011612
1763,0.19949999451637268
1764,0.04699999839067459
1765,0.15299999713897705
1766,0.24650000035762787
1767,0.16449999809265137
1768,0.2574999928474426
1769,0.22949999570846558
1770,0.13249999284744263
1771,0.14300000667572021
1772,0.05249999836087227
1773,0.3310000002384186
1774,0.2004999965429306
1775,0.17550000548362732
1776,0.17949999868869781
1777,0.11900000274181366
1778,0.19699999690055847
1779,0.13199999928474426
1780,0.13349999487400055
1781,0.21400000154972076
1782,0.09749999642372131
1783,0.1404999941587448
1784,0.27300000190734863
1785,0.17800000309944153
1786,0.17149999737739563
1787,0.3100000023841858
1788,0.06949999928474426
1789,0.09600000083446503
1790,0.18150000274181366
1791,0.19099999964237213
1792,0.148499995470047
1793,0.06700000166893005
1794,0.06949999928474426
1795,0.13050000369548798
1796,0.12800000607967377
1797,0.21299999952316284
1798,0.13349999487400055
1799,0.11249999701976776
1800,0.13449999690055847
1801,0.1720000058412552
1802,0.045499999076128006
1803,0.351500004529953
1804,0.21150000393390656
1805,0.14949999749660492
1806,0.18850000202655792
1807,0.24699999392032623
1808,0.11800000071525574
1809,0.11599999666213989
1810,0.12800000607967377
1811,0.2515000104904175
1812,0.22750000655651093
1813,0.22550000250339508
1814,0.1379999965429306
1815,0.328000009059906
1816,0.2224999964237213
1817,0.17299999296665192
1818,0.21150000393390656
1819,0.2535000145435333
1820,0.19750000536441803
1821,0.15049999952316284
1822,0.2084999978542328
1823,0.20900000631809235
1824,0.15399999916553497
1825,0.15449999272823334
1826,0.24400000274181366
1827,0.12200000137090683
1828,0.21050000190734863
1829,0.09600000083446503
1830,0.09700000286102295
1831,0.15299999713897705
1832,0.24500000476837158
1833,0.15549999475479126
1834,0.24500000476837158
1835,0.2199999988079071
1836,0.03849999979138374
1837,0.1599999964237213
1838,0.15000000596046448
1839,0.24650000035762787
1840,0.2240000069141388
1841,0.09849999845027924
1842,0.27649998664855957
1843,0.27399998903274536
1844,0.11150000244379044
1845,0.1340000033378601
1846,0.15049999952316284
1847,0.14749999344348907
1848,0.07800000160932541
1849,0.1745000034570694
1850,0.12700000405311584
1851,0.09399999678134918
1852,0.09399999678134918
1853,0.054499998688697815
1854,0.27950000762939453
1855,0.2029999941587448
1856,0.2160000056028366
1857,0.01549999974668026
1858,0.08150000125169754
1859,0.23149999976158142
1860,0.2224999964237213
1861,0.061000000685453415
1862,0.05400000140070915
1863,0.2694999873638153
1864,0.13249999284744263
1865,0.14499999582767487
1866,0.16899999976158142
1867,0.1745000034570694
1868,0.1655000001192093
1869,0.07150000333786011
1870,0.14800000190734863
1871,0.1655000001192093
1872,0.10999999940395355
1873,0.0989999994635582
1874,0.16050000488758087
1875,0.20600000023841858
1876,0.13300000131130219
1877,0.18449999392032623
1878,0.11050000041723251
1879,0.12200000137090683
1880,0.10849999636411667
1881,0.11550000309944153
1882,0.16949999332427979
1883,0.11900000274181366
1884,0.20399999618530273
1885,0.06849999725818634
1886,0.1599999964237213
1887,0.19900000095367432
1888,0.15049999952316284
1889,0.08100000023841858
1890,0.12800000607967377
1891,0.12999999523162842
1892,0.27300000190734863
1893,0.17800000309944153
1894,0.035999998450279236
1895,0.18150000274181366
1896,0.23199999332427979
1897,0.23849999904632568
1898,0.1720000058412552
1899,0.03400000184774399
1900,0.23749999701976776
1901,0.1979999989271164
1902,0.07450000196695328
1903,0.2094999998807907
1904,0.15150000154972076
1905,0.04050000011920929
1906,0.15000000596046448
1907,0.1379999965429306
1908,0.14100000262260437
1909,0.15199999511241913
1910,0.05900000035762787
1911,0.20749999582767487
1912,0.11599999666213989
1913,0.14100000262260437
1914,0.11749999970197678
1915,0.07699999958276749
1916,0.31349998712539673
1917,0.18549999594688416
1918,0.16949999332427979
1919,0.14100000262260437
1920,0.11949999630451202
1921,0.13950000703334808
1922,0.2644999921321869
1923,0.18449999392032623
1924,0.08699999749660492
1925,0.10700000077486038
1926,0.09650000184774399
1927,0.296999990940094
1928,0.04500000178813934
1929,0.10100000351667404
1930,0.15049999952316284
1931,0.28600001335144043
1932,0.28999999165534973
1933,0.14650000631809235
1934,0.10949999839067459
1935,0.12800000607967377
1936,0.3140000104904175
1937,0.19550000131130219
1938,0.2809999883174896
1939,0.15800000727176666
1940,0.14350000023841858
1941,0.164000004529953
1942,0.10249999910593033
1943,0.13249999284744263
1944,0.14650000631809235
1945,0.2915000021457672
1946,0.21150000393390656
1947,0.1274999976158142
1948,0.1899999976158142
1949,0.1315000057220459
1950,0.11500000208616257
1951,0.11500000208616257
1952,0.2930000126361847
1953,0.19499999284744263
1954,0.2680000066757202
1955,0.12099999934434891
1956,0.19499999284744263
1957,0.2775000035762787
1958,0.07999999821186066
1959,0.32249999046325684
1960,0.15649999678134918
1961,0.12849999964237213
1962,0.2290000021457672
1963,0.19499999284744263
1964,0.18199999630451202
1965,0.16200000047683716
1966,0.10100000351667404
1967,0.16349999606609344
1968,0.19449999928474426
1969,0.28999999165534973
1970,0.3409999907016754
1971,0.13600000739097595
1972,0.1679999977350235
1973,0.11649999767541885
1974,0.18799999356269836
1975,0.14300000667572021
1976,0.15800000727176666
1977,0.29899999499320984
1978,0.19750000536441803
1979,0.1185000017285347
1980,0.13750000298023224
1981,0.17749999463558197
1982,0.08399999886751175
1983,0.12099999934434891
1984,0.0794999971985817
1985,0.07100000232458115
1986,0.23600000143051147
1987,0.27649998664855957
1988,0.1679999977350235
1989,0.14350000023841858
1990,0.060499999672174454
1991,0.20399999618530273
1992,0.29600000381469727
1993,0.1354999989271164
1994,0.25049999356269836
1995,0.19599999487400055
1996,0.09200000017881393
1997,0.1589999943971634
1998,0.09650000184774399
1999,0.07850000262260437
2000,0.054999999701976776
2001,0.1315000057220459
2002,0.1745000034570694
2003,0.08950000256299973
2004,0.28450000286102295
2005,0.1054999977350235
2006,0.10599999874830246
2007,0.1914999932050705
2008,0.23899999260902405
2009,0.18549999594688416
2010,0.18649999797344208
2011,0.06350000202655792
2012,0.13699999451637268
2013,0.1509999930858612
2014,0.10400000214576721
2015,0.09350000321865082
2016,0.09149999916553497
2017,0.22300000488758087
2018,0.26350000500679016
2019,0.335999995470047
2020,0.13300000131130219
2021,0.2084999978542328
2022,0.18700000643730164
2023,0.13699999451637268
2024,0.28450000286102295
2025,0.1889999955892563
2026,0.17550000548362732
2027,0.17149999737739563
2028,0.08399999886751175
2029,0.1445000022649765
2030,0.12449999898672104
2031,0.2224999964237213
2032,0.27549999952316284
2033,0.09300000220537186
2034,0.31150001287460327
2035,0.17900000512599945
2036,0.15000000596046448
2037,0.19249999523162842
2038,0.1965000033378601
2039,0.2134999930858612
2040,0.289000004529953
2041,0.11550000309944153
2042,0.2565000057220459
2043,0.26600000262260437
2044,0.1459999978542328
2045,0.1420000046491623
2046,0.17749999463558197
2047,0.17599999904632568
2048,0.1404999941587448
2049,0.10700000077486038
2050,0.17249999940395355
2051,0.17499999701976776
2052,0.15549999475479126
2053,0.16949999332427979
2054,0.06599999964237213
2055,0.10899999737739563
2056,0.20550000667572021
2057,0.23749999701976776
2058,0.3919999897480011
2059,0.1860000044107437
2060,0.18299999833106995
2061,0.0925000011920929
2062,0.17649999260902405
2063,0.12950000166893005
2064,0.20649999380111694
2065,0.09799999743700027
2066,0.0729999989271164
2067,0.09049999713897705
2068,0.14949999749660492
2069,0.2669999897480011
2070,0.13300000131130219
2071,0.19200000166893005
2072,0.1784999966621399
2073,0.1835000067949295
2074,0.3230000138282776
2075,0.09399999678134918
2076,0.1185000017285347
2077,0.13600000739097595
2078,0.10999999940395355
2079,0.12849999964237213
2080,0.15850000083446503
2081,0.1770000010728836
2082,0.08250000327825546
2083,0.10249999910593033
2084,0.10100000351667404
2085,0.13600000739097595
2086,0.19449999928474426
2087,0.1535000056028366
2088,0.13099999725818634
2089,0.13600000739097595
2090,0.13449999690055847
2091,0.01600000075995922
2092,0.1704999953508377
2093,0.20149999856948853
2094,0.1940000057220459
2095,0.08749999850988388
2096,0.06300000101327896
2097,0.08500000089406967
2098,0.10100000351667404
2099,0.09799999743700027
2100,0.04149999842047691
2101,0.1615000069141388
2102,0.0989999994635582
2103,0.14800000190734863
2104,0.1014999970793724
2105,0.12250000238418579
2106,0.08900000154972076
2107,0.1404999941587448
2108,0.10300000011920929
2109,0.18549999594688416
2110,0.15950000286102295
2111,0.0689999982714653
2112,0.18150000274181366
2113,0.1080000028014183
2114,0.10450000315904617
2115,0.18150000274181366
2116,0.17900000512599945
2117,0.06650000065565109
2118,0.1509999930858612
2119,0.08100000023841858
2120,0.2290000021457672
2121,0.15700000524520874
2122,0.07100000232458115
2123,0.18700000643730164
2124,0.1679999977350235
2125,0.1014999970793724
2126,0.12950000166893005
2127,0.1340000033378601
2128,0.12300000339746475
2129,0.2329999953508377
2130,0.1120000034570694
2131,0.1889999955892563
2132,0.13300000131130219
2133,0.1889999955892563
2134,0.16750000417232513
2135,0.16050000488758087
2136,0.09950000047683716
2137,0.2045000046491623
2138,0.3019999861717224
2139,0.23999999463558197
2140,0.1315000057220459
2141,0.09549999982118607
2142,0.1615000069141388
2143,0.16850000619888306
2144,0.1509999930858612
2145,0.27649998664855957
2146,0.16500000655651093
2147,0.12250000238418579
2148,0.18549999594688416
2149,0.07400000095367432
2150,0.13500000536441803
2151,0.44999998807907104
2152,0.12049999833106995
2153,0.09149999916553497
2154,0.11150000244379044
2155,0.24899999797344208
2156,0.10400000214576721
2157,0.13750000298023224
2158,0.15199999511241913
2159,0.11349999904632568
2160,0.24250000715255737
2161,0.1340000033378601
2162,0.2759999930858612
2163,0.1889999955892563
2164,0.11749999970197678
2165,0.10599999874830246
2166,0.11699999868869781
2167,0.17149999737739563
2168,0.2460000067949295
2169,0.09749999642372131
2170,0.31450000405311584
2171,0.11100000143051147
2172,0.1850000023841858
2173,0.06300000101327896
2174,0.19750000536441803
2175,0.09399999678134918
2176,0.09000000357627869
2177,0.14650000631809235
2178,0.19099999964237213
2179,0.07500000298023224
2180,0.14149999618530273
2181,0.2540000081062317
2182,0.09300000220537186
2183,0.05900000035762787
2184,0.1550000011920929
2185,0.1940000057220459
2186,0.1340000033378601
2187,0.1679999977350235
2188,0.2434999942779541
2189,0.21850000321865082
2190,0.13699999451637268
2191,0.17900000512599945
2192,0.03550000116229057
2193,0.10599999874830246
2194,0.2214999943971634
2195,0.054499998688697815
2196,0.11550000309944153
2197,0.1274999976158142
2198,0.27300000190734863
2199,0.06199999898672104
2200,0.1965000033378601
2201,0.4124999940395355
2202,0.18950000405311584
2203,0.08649999648332596
2204,0.15150000154972076
2205,0.2409999966621399
2206,0.16449999809265137
2207,0.2150000035762787
2208,0.11249999701976776
2209,0.17299999296665192
2210,0.1914999932050705
2211,0.18799999356269836
2212,0.14350000023841858
2213,0.2150000035762787
2214,0.06400000303983688
2215,0.19550000131130219
2216,0.2809999883174896
2217,0.1589999943971634
2218,0.1535000056028366
2219,0.10450000315904617
2220,0.20800000429153442
2221,0.04600000008940697
2222,0.13699999451637268
2223,0.10899999737739563
2224,0.17350000143051147
2225,0.2540000081062317
2226,0.17149999737739563
2227,0.08749999850988388
2228,0.11800000071525574
2229,0.08150000125169754
2230,0.10599999874830246
2231,0.16449999809265137
2232,0.19200000166893005
2233,0.15150000154972076
2234,0.13199999928474426
2235,0.23800000548362732
2236,0.1315000057220459
2237,0.15700000524520874
2238,0.16500000655651093
2239,0.12950000166893005
2240,0.21649999916553497
2241,0.07750000059604645
2242,0.09600000083446503
2243,0.15950000286102295
2244,0.1535000056028366
2245,0.09449999779462814
2246,0.20250000059604645
2247,0.23350000381469727
2248,0.1574999988079071
2249,0.28200000524520874
2250,0.16899999976158142
2251,0.06849999725818634
2252,0.054499998688697815
2253,0.12250000238418579
2254,0.22349999845027924
2255,0.21850000321865082
2256,0.12999999523162842
2257,0.13899999856948853
2258,0.09950000047683716
2259,0.13899999856948853
2260,0.3174999952316284
2261,0.0949999988079071
2262,0.2630000114440918
2263,0.10450000315904617
2264,0.1889999955892563
2265,0.2535000145435333
2266,0.16699999570846558
2267,0.30300000309944153
2268,0.18299999833106995
2269,0.20999999344348907
2270,0.3824999928474426
2271,0.10599999874830246
2272,0.1445000022649765
2273,0.14399999380111694
2274,0.10700000077486038
2275,0.24199999868869781
2276,0.07649999856948853
2277,0.14949999749660492
2278,0.14949999749660492
2279,0.12399999797344208
2280,0.21799999475479126
2281,0.08900000154972076
2282,0.23549999296665192
2283,0.20649999380111694
2284,0.16099999845027924
2285,0.09099999815225601
2286,0.17949999868869781
2287,0.20649999380111694
2288,0.09950000047683716
2289,0.14949999749660492
2290,0.21199999749660492
2291,0.08749999850988388
2292,0.18299999833106995
2293,0.039500001817941666
2294,0.2630000114440918
2295,0.23649999499320984
2296,0.10849999636411667
2297,0.11749999970197678
2298,0.09000000357627869
2299,0.1965000033378601
2300,0.24500000476837158
2301,0.08449999988079071
2302,0.16449999809265137
2303,0.1770000010728836
2304,0.10599999874830246
2305,0.0794999971985817
2306,0.1899999976158142
2307,0.22100000083446503
2308,0.13300000131130219
2309,0.1469999998807907
2310,0.14300000667572021
2311,0.10350000113248825
2312,0.1770000010728836
2313,0.09149999916553497
2314,0.08250000327825546
2315,0.18950000405311584
2316,0.32899999618530273
2317,0.060499999672174454
2318,0.11599999666213989
2319,0.1264999955892563
2320,0.09049999713897705
2321,0.18150000274181366
2322,0.12849999964237213
2323,0.16050000488758087
2324,0.1120000034570694
2325,0.19300000369548798
2326,0.26100000739097595
2327,0.20100000500679016
2328,0.18449999392032623
2329,0.15399999916553497
2330,0.039500001817941666
2331,0.14800000190734863
2332,0.2134999930858612
2333,0.14149999618530273
2334,0.0689999982714653
2335,0.11749999970197678
2336,0.2084999978542328
2337,0.3095000088214874
2338,0.07000000029802322
2339,0.24400000274181366
2340,0.2175000011920929
2341,0.0860000029206276
2342,0.15950000286102295
2343,0.1185000017285347
2344,0.2345000058412552
2345,0.1940000057220459
2346,0.22849999368190765
2347,0.18199999630451202
2348,0.1665000021457672
2349,0.15049999952316284
2350,0.07000000029802322
2351,0.14650000631809235
2352,0.13050000369548798
2353,0.09300000220537186
2354,0.2694999873638153
2355,0.14350000023841858
2356,0.20999999344348907
2357,0.28349998593330383
2358,0.14650000631809235
2359,0.18549999594688416
2360,0.22499999403953552
2361,0.13650000095367432
2362,0.23250000178813934
2363,0.08749999850988388
2364,0.2045000046491623
2365,0.3165000081062317
2366,0.21850000321865082
2367,0.1665000021457672
2368,0.12449999898672104
2369,0.16200000047683716
2370,0.04399999976158142
2371,0.1445000022649765
2372,0.10300000011920929
2373,0.15549999475479126
2374,0.10750000178813934
2375,0.13449999690055847
2376,0.05649999901652336
2377,0.1809999942779541
2378,0.26499998569488525
2379,0.21449999511241913
2380,0.2815000116825104
2381,0.1745000034570694
2382,0.19349999725818634
2383,0.15649999678134918
2384,0.0860000029206276
2385,0.06750000268220901
2386,0.22750000655651093
2387,0.1420000046491623
2388,0.16699999570846558
2389,0.07050000131130219
2390,0.12250000238418579
2391,0.1274999976158142
2392,0.04600000008940697
2393,0.1054999977350235
2394,0.1445000022649765
2395,0.14000000059604645
2396,0.1379999965429306
2397,0.20350000262260437
2398,0.09399999678134918
2399,0.08649999648332596
2400,0.10400000214576721
2401,0.18150000274181366
2402,0.21400000154972076
2403,0.09849999845027924
2404,0.06300000101327896
2405,0.19850000739097595
2406,0.13500000536441803
2407,0.07850000262260437
2408,0.09749999642372131
2409,0.11900000274181366
2410,0.15049999952316284
2411,0.15600000321865082
2412,0.08049999922513962
2413,0.2554999887943268
2414,0.26249998807907104
2415,0.10649999976158142
2416,0.054499998688697815
2417,0.20499999821186066
2418,0.2955000102519989
2419,0.19349999725818634
2420,0.1315000057220459
2421,0.18250000476837158
2422,0.08049999922513962
2423,0.1145000010728836
2424,0.15399999916553497
2425,0.13500000536441803
2426,0.07800000160932541
2427,0.13850000500679016
2428,0.18000000715255737
2429,0.0989999994635582
2430,0.13500000536441803
2431,0.09849999845027924
2432,0.11249999701976776
2433,0.17749999463558197
2434,0.15649999678134918
2435,0.10899999737739563
2436,0.1509999930858612
2437,0.13850000500679016
2438,0.03849999979138374
2439,0.2849999964237213
2440,0.06949999928474426
2441,0.16949999332427979
2442,0.16500000655651093
2443,0.31150001287460327
2444,0.14249999821186066
2445,0.15049999952316284
2446,0.13850000500679016
2447,0.1914999932050705
2448,0.25200000405311584
2449,0.05999999865889549
2450,0.16599999368190765
2451,0.1080000028014183
2452,0.0729999989271164
2453,0.09700000286102295
2454,0.13850000500679016
2455,0.25450000166893005
2456,0.11050000041723251
2457,0.20600000023841858
2458,0.05649999901652336
2459,0.19099999964237213
2460,0.1809999942779541
2461,0.14800000190734863
2462,0.23399999737739563
2463,0.2919999957084656
2464,0.22750000655651093
2465,0.10649999976158142
2466,0.1274999976158142
2467,0.22599999606609344
2468,0.0754999965429306
2469,0.1835000067949295
2470,0.304500013589859
2471,0.11749999970197678
2472,0.12300000339746475
2473,0.3779999911785126
2474,0.12849999964237213
2475,0.12950000166893005
2476,0.11900000274181366
2477,0.08299999684095383
2478,0.06400000303983688
2479,0.14900000393390656
2480,0.0989999994635582
2481,0.20999999344348907
2482,0.07199999690055847
2483,0.11500000208616257
2484,0.14300000667572021
2485,0.18050000071525574
2486,0.13650000095367432
2487,0.1679999977350235
2488,0.13650000095367432
2489,0.22349999845027924
2490,0.11249999701976776
2491,0.1850000023841858
2492,0.19900000095367432
2493,0.15800000727176666
2494,0.10849999636411667
2495,0.210999995470047
2496,0.2854999899864197
2497,0.2304999977350235
2498,0.16099999845027924
2499,0.2199999988079071
2500,0.19099999964237213
2501,0.1899999976158142
2502,0.24950000643730164
2503,0.11550000309944153
2504,0.27799999713897705
2505,0.04100000113248825
2506,0.05400000140070915
2507,0.19249999523162842
2508,0.17350000143051147
2509,0.18400000035762787
2510,0.1354999989271164
2511,0.07450000196695328
2512,0.164000004529953
2513,0.08799999952316284
2514,0.1264999955892563
2515,0.17949999868869781
2516,0.1850000023841858
2517,0.2175000011920929
2518,0.2150000035762787
2519,0.1459999978542328
2520,0.23649999499320984
2521,0.14350000023841858
2522,0.23250000178813934
2523,0.13699999451637268
2524,0.2329999953508377
2525,0.08950000256299973
2526,0.14399999380111694
2527,0.2524999976158142
2528,0.19050000607967377
2529,0.14249999821186066
2530,0.14800000190734863
2531,0.20350000262260437
2532,0.19949999451637268
2533,0.1615000069141388
2534,0.19300000369548798
2535,0.19300000369548798
2536,0.2345000058412552
2537,0.16300000250339508
2538,0.19349999725818634
2539,0.22349999845027924
2540,0.09700000286102295
2541,0.14249999821186066
2542,0.19750000536441803
2543,0.04699999839067459
2544,0.13899999856948853
2545,0.1574999988079071
2546,0.07450000196695328
2547,0.15049999952316284
2548,0.08900000154972076
2549,0.19249999523162842
2550,0.1835000067949295
2551,0.1420000046491623
2552,0.33649998903274536
2553,0.17800000309944153
2554,0.14749999344348907
2555,0.09749999642372131
2556,0.22450000047683716
2557,0.17299999296665192
2558,0.335999995470047
2559,0.2214999943971634
2560,0.1509999930858612
2561,0.2485000044107437
2562,0.10849999636411667
2563,0.06949999928474426
2564,0.17249999940395355
2565,0.22949999570846558
2566,0.18700000643730164
2567,0.13850000500679016
2568,0.11249999701976776
2569,0.12700000405311584
2570,0.15950000286102295
2571,0.19499999284744263
2572,0.15449999272823334
2573,0.16899999976158142
2574,0.13449999690055847
2575,0.024000000208616257
2576,0.10249999910593033
2577,0.11900000274181366
2578,0.24400000274181366
2579,0.0949999988079071
2580,0.1404999941587448
2581,0.22200000286102295
2582,0.23000000417232513
2583,0.0625
2584,0.11699999868869781
2585,0.22050000727176666
2586,0.15649999678134918
2587,0.20499999821186066
2588,0.13750000298023224
2589,0.07400000095367432
2590,0.14350000023841858
2591,0.19900000095367432
2592,0.16449999809265137
2593,0.13699999451637268
2594,0.10949999839067459
2595,0.14499999582767487
2596,0.16500000655651093
2597,0.17350000143051147
2598,0.1340000033378601
2599,0.10849999636411667
2600,0.05050000175833702
2601,0.22300000488758087
2602,0.11550000309944153
2603,0.15399999916553497
2604,0.1770000010728836
2605,0.15199999511241913
2606,0.13249999284744263
2607,0.1014999970793724
2608,0.1404999941587448
2609,0.1509999930858612
2610,0.2160000056028366
2611,0.14550000429153442
2612,0.15299999713897705
2613,0.05900000035762787
2614,0.09600000083446503
2615,0.09449999779462814
2616,0.23800000548362732
2617,0.18549999594688416
2618,0.09099999815225601
2619,0.1899999976158142
2620,0.2619999945163727
2621,0.10949999839067459
2622,0.12399999797344208
2623,0.2680000066757202
2624,0.11800000071525574
2625,0.10450000315904617
2626,0.24899999797344208
2627,0.20900000631809235
2628,0.11949999630451202
2629,0.04600000008940697
2630,0.21150000393390656
2631,0.10300000011920929
2632,0.1704999953508377
2633,0.2630000114440918
2634,0.20399999618530273
2635,0.22300000488758087
2636,0.22050000727176666
2637,0.18850000202655792
2638,0.15299999713897705
2639,0.22699999809265137
2640,0.08950000256299973
2641,0.20149999856948853
2642,0.1535000056028366
2643,0.08699999749660492
2644,0.19349999725818634
2645,0.1535000056028366
2646,0.07249999791383743
2647,0.1589999943971634
2648,0.17299999296665192
2649,0.08349999785423279
2650,0.22349999845027924
2651,0.07249999791383743
2652,0.16500000655651093
2653,0.29350000619888306
2654,0.07750000059604645
2655,0.11550000309944153
2656,0.1809999942779541
2657,0.1704999953508377
2658,0.2849999964237213
2659,0.22100000083446503
2660,0.2199999988079071
2661,0.2084999978542328
2662,0.11999999731779099
2663,0.16249999403953552
2664,0.22599999606609344
2665,0.09099999815225601
2666,0.22750000655651093
2667,0.10999999940395355
2668,0.17749999463558197
2669,0.12449999898672104
2670,0.15600000321865082
2671,0.15700000524520874
2672,0.26100000739097595
2673,0.16899999976158142
2674,0.2515000104904175
2675,0.2395000010728836
2676,0.25450000166893005
2677,0.12999999523162842
2678,0.20399999618530273
2679,0.23149999976158142
2680,0.20800000429153442
2681,0.07050000131130219
2682,0.060499999672174454
2683,0.16099999845027924
2684,0.0989999994635582
2685,0.23199999332427979
2686,0.052000001072883606
2687,0.19750000536441803
2688,0.1784999966621399
2689,0.2240000069141388
2690,0.18299999833106995
2691,0.0885000005364418
2692,0.15299999713897705
2693,0.32249999046325684
2694,0.09149999916553497
2695,0.11800000071525574
2696,0.1145000010728836
2697,0.18799999356269836
2698,0.16899999976158142
2699,0.19550000131130219
2700,0.33000001311302185
2701,0.20350000262260437
2702,0.40299999713897705
2703,0.1809999942779541
2704,0.2004999965429306
2705,0.19099999964237213
2706,0.06449999660253525
2707,0.27950000762939453
2708,0.14100000262260437
2709,0.25200000405311584
2710,0.09200000017881393
2711,0.19699999690055847
2712,0.06199999898672104
2713,0.375
2714,0.32350000739097595
2715,0.11500000208616257
2716,0.1264999955892563
2717,0.14100000262260437
2718,0.1574999988079071
2719,0.10199999809265137
2720,0.35850000381469727
2721,0.22450000047683716
2722,0.2395000010728836
2723,0.16699999570846558
2724,0.17000000178813934
2725,0.051500000059604645
2726,0.13050000369548798
2727,0.28999999165534973
2728,0.23999999463558197
2729,0.11349999904632568
2730,0.28700000047683716
2731,0.328000009059906
2732,0.1509999930858612
2733,0.3005000054836273
2734,0.1860000044107437
2735,0.05550000071525574
2736,0.09650000184774399
2737,0.11599999666213989
2738,0.14499999582767487
2739,0.18649999797344208
2740,0.11800000071525574
2741,0.06300000101327896
2742,0.20999999344348907
2743,0.15399999916553497
2744,0.16500000655651093
2745,0.2705000042915344
2746,0.08950000256299973
2747,0.32749998569488525
2748,0.226500004529953
2749,0.06549999862909317
2750,0.13950000703334808
2751,0.05900000035762787
2752,0.10000000149011612
2753,0.11299999803304672
2754,0.22100000083446503
2755,0.2070000022649765
2756,0.06849999725818634
2757,0.16699999570846558
2758,0.1889999955892563
2759,0.20149999856948853
2760,0.13650000095367432
2761,0.09700000286102295
2762,0.16050000488758087
2763,0.14100000262260437
2764,0.32249999046325684
2765,0.17350000143051147
2766,0.07199999690055847
2767,0.14300000667572021
2768,0.21250000596046448
2769,0.12849999964237213
2770,0.18449999392032623
2771,0.15000000596046448
2772,0.13699999451637268
2773,0.14800000190734863
2774,0.13699999451637268
2775,0.12849999964237213
2776,0.19249999523162842
2777,0.13600000739097595
2778,0.10700000077486038
2779,0.05950000137090683
2780,0.1080000028014183
2781,0.11699999868869781
2782,0.07349999994039536
2783,0.08799999952316284
2784,0.20350000262260437
2785,0.37049999833106995
2786,0.2029999941587448
2787,0.14900000393390656
2788,0.14800000190734863
2789,0.1379999965429306
2790,0.12099999934434891
2791,0.061000000685453415
2792,0.164000004529953
2793,0.1965000033378601
2794,0.17149999737739563
2795,0.13099999725818634
2796,0.0794999971985817
2797,0.12700000405311584
2798,0.12300000339746475
2799,0.15049999952316284
2800,0.11949999630451202
2801,0.15150000154972076
2802,0.2475000023841858
2803,0.10649999976158142
2804,0.27649998664855957
2805,0.24899999797344208
2806,0.09099999815225601
2807,0.1080000028014183
2808,0.17550000548362732
2809,0.07800000160932541
2810,0.11500000208616257
2811,0.09399999678134918
2812,0.23149999976158142
2813,0.21950000524520874
2814,0.18250000476837158
2815,0.2240000069141388
2816,0.23649999499320984
2817,0.1469999998807907
2818,0.13300000131130219
2819,0.04500000178813934
2820,0.07500000298023224
2821,0.16599999368190765
2822,0.2644999921321869
2823,0.14650000631809235
2824,0.14350000023841858
2825,0.11400000005960464
2826,0.1720000058412552
2827,0.14749999344348907
2828,0.2565000057220459
2829,0.07400000095367432
2830,0.12399999797344208
2831,0.17399999499320984
2832,0.10199999809265137
2833,0.10450000315904617
2834,0.1875
2835,0.19249999523162842
2836,0.10050000250339508
2837,0.22200000286102295
2838,0.13099999725818634
2839,0.13750000298023224
2840,0.22100000083446503
2841,0.12950000166893005
2842,0.1145000010728836
2843,0.16349999606609344
2844,0.1745000034570694
2845,0.13699999451637268
2846,0.21299999952316284
2847,0.13899999856948853
2848,0.08399999886751175
2849,0.10750000178813934
2850,0.3474999964237213
2851,0.0860000029206276
2852,0.1655000001192093
2853,0.06700000166893005
2854,0.25999999046325684
2855,0.18449999392032623
2856,0.24650000035762787
2857,0.07649999856948853
2858,0.10249999910593033
2859,0.12600000202655792
2860,0.08349999785423279
2861,0.1469999998807907
2862,0.26750001311302185
2863,0.10849999636411667
2864,0.1274999976158142
2865,0.14800000190734863
2866,0.09350000321865082
2867,0.11900000274181366
2868,0.16249999403953552
2869,0.11249999701976776
2870,0.1054999977350235
2871,0.12800000607967377
2872,0.07800000160932541
2873,0.09749999642372131
2874,0.13850000500679016
2875,0.24699999392032623
2876,0.07000000029802322
2877,0.16050000488758087
2878,0.16050000488758087
2879,0.2084999978542328
2880,0.28999999165534973
2881,0.1340000033378601
2882,0.2750000059604645
2883,0.10599999874830246
2884,0.06300000101327896
2885,0.10300000011920929
2886,0.1679999977350235
2887,0.22100000083446503
2888,0.16949999332427979
2889,0.20250000059604645
2890,0.20100000500679016
2891,0.13199999928474426
2892,0.08100000023841858
2893,0.10999999940395355
2894,0.2574999928474426
2895,0.22599999606609344
2896,0.2094999998807907
2897,0.16050000488758087
2898,0.11900000274181366
2899,0.36800000071525574
2900,0.1875
2901,0.0494999997317791
2902,0.1979999989271164
2903,0.24500000476837158
2904,0.1404999941587448
2905,0.3070000112056732
2906,0.06800000369548798
2907,0.22200000286102295
2908,0.2904999852180481
2909,0.20200000703334808
2910,0.16449999809265137
2911,0.08950000256299973
2912,0.20900000631809235
2913,0.27399998903274536
2914,0.17749999463558197
2915,0.1589999943971634
2916,0.12700000405311584
2917,0.14949999749660492
2918,0.2304999977350235
2919,0.17800000309944153
2920,0.13899999856948853
2921,0.13050000369548798
2922,0.12200000137090683
2923,0.1809999942779541
2924,0.061000000685453415
2925,0.12600000202655792
2926,0.17399999499320984
2927,0.14800000190734863
2928,0.16449999809265137
2929,0.16599999368190765
2930,0.16099999845027924
2931,0.05950000137090683
2932,0.1354999989271164
2933,0.12700000405311584
2934,0.05400000140070915
2935,0.19850000739097595
2936,0.15700000524520874
2937,0.06449999660253525
2938,0.31349998712539673
2939,0.13050000369548798
2940,0.1080000028014183
2941,0.17399999499320984
2942,0.1940000057220459
2943,0.10999999940395355
2944,0.20250000059604645
2945,0.2240000069141388
2946,0.11400000005960464
2947,0.1679999977350235
2948,0.12099999934434891
2949,0.15600000321865082
2950,0.17350000143051147
2951,0.1615000069141388
2952,0.17749999463558197
2953,0.12849999964237213
2954,0.1550000011920929
2955,0.09749999642372131
2956,0.09000000357627869
2957,0.1889999955892563
2958,0.22200000286102295
2959,0.2574999928474426
2960,0.20250000059604645
2961,0.11550000309944153
2962,0.2329999953508377
2963,0.09799999743700027
2964,0.2004999965429306
2965,0.13850000500679016
2966,0.21250000596046448
2967,0.15150000154972076
2968,0.0364999994635582
2969,0.12849999964237213
2970,0.0885000005364418
2971,0.11999999731779099
2972,0.10400000214576721
2973,0.15150000154972076
2974,0.13249999284744263
2975,0.23499999940395355
2976,0.18150000274181366
2977,0.1120000034570694
2978,0.1899999976158142
2979,0.12349999696016312
2980,0.09350000321865082
2981,0.11749999970197678
2982,0.1459999978542328
2983,0.13199999928474426
2984,0.29600000381469727
2985,0.1889999955892563
2986,0.11800000071525574
2987,0.06549999862909317
2988,0.19099999964237213
2989,0.21850000321865082
2990,0.2004999965429306
2991,0.20900000631809235
2992,0.1340000033378601
2993,0.22699999809265137
2994,0.18150000274181366
2995,0.06949999928474426
2996,0.21299999952316284
2997,0.10649999976158142
2998,0.22550000250339508
2999,0.12600000202655792
3000,0.1615000069141388
3001,0.12300000339746475
3002,0.10849999636411667
3003,0.14949999749660492
3004,0.2669999897480011
3005,0.1589999943971634
3006,0.24449999630451202
3007,0.3084999918937683
3008,0.20350000262260437
3009,0.11649999767541885
3010,0.10999999940395355
3011,0.23199999332427979
3012,0.23199999332427979
3013,0.1574999988079071
3014,0.16500000655651093
3015,0.08749999850988388
3016,0.24799999594688416
3017,0.19699999690055847
3018,0.21799999475479126
3019,0.07400000095367432
3020,0.10849999636411667
3021,0.13750000298023224
3022,0.16449999809265137
3023,0.07900000363588333
3024,0.15299999713897705
3025,0.19850000739097595
3026,0.08550000190734863
3027,0.0925000011920929
3028,0.1289999932050705
3029,0.2280000001192093
3030,0.20550000667572021
3031,0.21649999916553497
3032,0.11949999630451202
3033,0.1459999978542328
3034,0.08449999988079071
3035,0.045499999076128006
3036,0.22849999368190765
3037,0.09700000286102295
3038,0.06549999862909317
3039,0.13199999928474426
3040,0.20749999582767487
3041,0.12399999797344208
3042,0.2070000022649765
3043,0.06949999928474426
3044,0.18400000035762787
3045,0.24400000274181366
3046,0.17949999868869781
3047,0.1965000033378601
3048,0.2985000014305115
3049,0.10249999910593033
3050,0.17350000143051147
3051,0.1770000010728836
3052,0.21850000321865082
3053,0.17100000381469727
3054,0.19850000739097595
3055,0.24500000476837158
3056,0.029500000178813934
3057,0.24500000476837158
3058,0.26600000262260437
3059,0.17149999737739563
3060,0.07500000298023224
3061,0.1965000033378601
3062,0.0989999994635582
3063,0.20749999582767487
3064,0.14900000393390656
3065,0.2214999943971634
3066,0.057500001043081284
3067,0.16850000619888306
3068,0.06800000369548798
3069,0.32749998569488525
3070,0.18000000715255737
3071,0.19200000166893005
3072,0.14300000667572021
3073,0.18449999392032623
3074,0.13050000369548798
3075,0.14100000262260437
3076,0.15700000524520874
3077,0.039500001817941666
3078,0.20550000667572021
3079,0.15199999511241913
3080,0.12250000238418579
3081,0.2160000056028366
3082,0.2004999965429306
3083,0.10949999839067459
3084,0.18400000035762787
3085,0.1274999976158142
3086,0.24199999868869781
3087,0.17000000178813934
3088,0.2175000011920929
3089,0.16249999403953552
3090,0.1264999955892563
3091,0.1679999977350235
3092,0.17900000512599945
3093,0.24050000309944153
3094,0.22750000655651093
3095,0.14949999749660492
3096,0.11699999868869781
3097,0.10899999737739563
3098,0.18000000715255737
3099,0.17499999701976776
3100,0.22100000083446503
3101,0.17000000178813934
3102,0.09600000083446503
3103,0.12700000405311584
3104,0.1080000028014183
3105,0.15549999475479126
3106,0.17350000143051147
3107,0.11749999970197678
3108,0.24400000274181366
3109,0.2004999965429306
3110,0.18400000035762787
3111,0.2639999985694885
3112,0.17100000381469727
3113,0.23199999332427979
3114,0.12150000035762787
3115,0.14800000190734863
3116,0.11800000071525574
3117,0.23149999976158142
3118,0.1914999932050705
3119,0.09950000047683716
3120,0.12800000607967377
3121,0.33550000190734863
3122,0.19900000095367432
3123,0.1289999932050705
3124,0.14249999821186066
3125,0.2919999957084656
3126,0.1379999965429306
3127,0.054999999701976776
3128,0.06400000303983688
3129,0.2915000021457672
3130,0.1599999964237213
3131,0.15800000727176666
3132,0.11649999767541885
3133,0.2529999911785126
3134,0.30649998784065247
3135,0.17000000178813934
3136,0.26249998807907104
3137,0.1535000056028366
3138,0.16850000619888306
3139,0.11050000041723251
3140,0.05950000137090683
3141,0.1899999976158142
3142,0.20649999380111694
3143,0.257999986410141
3144,0.1809999942779541
3145,0.11500000208616257
3146,0.11949999630451202
3147,0.10949999839067459
3148,0.4269999861717224
3149,0.2615000009536743
3150,0.07800000160932541
3151,0.29249998927116394
3152,0.06849999725818634
3153,0.14350000023841858
3154,0.17000000178813934
3155,0.16050000488758087
3156,0.19900000095367432
3157,0.2045000046491623
3158,0.20499999821186066
3159,0.0925000011920929
3160,0.12999999523162842
3161,0.19200000166893005
3162,0.10499999672174454
3163,0.20399999618530273
3164,0.25850000977516174
3165,0.19099999964237213
3166,0.14550000429153442
3167,0.2460000067949295
3168,0.11150000244379044
3169,0.1899999976158142
3170,0.25049999356269836
3171,0.1080000028014183
3172,0.2199999988079071
3173,0.24150000512599945
3174,0.14550000429153442
3175,0.1469999998807907
3176,0.33899998664855957
3177,0.09399999678134918
3178,0.2919999957084656
3179,0.1655000001192093
3180,0.11699999868869781
3181,0.0754999965429306
3182,0.19850000739097595
3183,0.22200000286102295
3184,0.07999999821186066
3185,0.2029999941587448
3186,0.07850000262260437
3187,0.16949999332427979
3188,0.050999999046325684
3189,0.1655000001192093
3190,0.14949999749660492
3191,0.20900000631809235
3192,0.39399999380111694
3193,0.15199999511241913
3194,0.1054999977350235
3195,0.17100000381469727
3196,0.16099999845027924
3197,0.04899999871850014
3198,0.10100000351667404
3199,0.19050000607967377
3200,0.10050000250339508
3201,0.1784999966621399
3202,0.19349999725818634
3203,0.19050000607967377
3204,0.14399999380111694
3205,0.10199999809265137
3206,0.1589999943971634
3207,0.17000000178813934
3208,0.12399999797344208
3209,0.1835000067949295
3210,0.11100000143051147
3211,0.08799999952316284
3212,0.2904999852180481
3213,0.02500000037252903
3214,0.054999999701976776
3215,0.11900000274181366
3216,0.20000000298023224
3217,0.20149999856948853
3218,0.1404999941587448
3219,0.0989999994635582
3220,0.14749999344348907
3221,0.24650000035762787
3222,0.12950000166893005
3223,0.1379999965429306
3224,0.11999999731779099
3225,0.1535000056028366
3226,0.21050000190734863
3227,0.17900000512599945
3228,0.14749999344348907
3229,0.23549999296665192
3230,0.1784999966621399
3231,0.2045000046491623
3232,0.26100000739097595
3233,0.08299999684095383
3234,0.12549999356269836
3235,0.17499999701976776
3236,0.2554999887943268
3237,0.23149999976158142
3238,0.18649999797344208
3239,0.1860000044107437
3240,0.15700000524520874
3241,0.1274999976158142
3242,0.23250000178813934
3243,0.13249999284744263
3244,0.26750001311302185
3245,0.1914999932050705
3246,0.12800000607967377
3247,0.13050000369548798
3248,0.2770000100135803
3249,0.13699999451637268
3250,0.26100000739097595
3251,0.08100000023841858
3252,0.20399999618530273
3253,0.24899999797344208
3254,0.17249999940395355
3255,0.19599999487400055
3256,0.1420000046491623
3257,0.14650000631809235
3258,0.10949999839067459
3259,0.08049999922513962
3260,0.08799999952316284
3261,0.17900000512599945
3262,0.1745000034570694
3263,0.11299999803304672
3264,0.06549999862909317
3265,0.15049999952316284
3266,0.08349999785423279
3267,0.22849999368190765
3268,0.1145000010728836
3269,0.12600000202655792
3270,0.07599999755620956
3271,0.15850000083446503
3272,0.19449999928474426
3273,0.10100000351667404
3274,0.11050000041723251
3275,0.10999999940395355
3276,0.1889999955892563
3277,0.25200000405311584
3278,0.0754999965429306
3279,0.11749999970197678
3280,0.16899999976158142
3281,0.3005000054836273
3282,0.14650000631809235
3283,0.1509999930858612
3284,0.23749999701976776
3285,0.3154999911785126
3286,0.1665000021457672
3287,0.1315000057220459
3288,0.12300000339746475
3289,0.2619999945163727
3290,0.06599999964237213
3291,0.20149999856948853
3292,0.18050000071525574
3293,0.16899999976158142
3294,0.08399999886751175
3295,0.27399998903274536
3296,0.14000000059604645
3297,0.21699999272823334
3298,0.20800000429153442
3299,0.20550000667572021
3300,0.14550000429153442
3301,0.210999995470047
3302,0.041999999433755875
3303,0.1720000058412552
3304,0.25200000405311584
3305,0.21799999475479126
3306,0.3610000014305115
3307,0.10599999874830246
3308,0.1404999941587448
3309,0.15950000286102295
3310,0.14650000631809235
3311,0.32600000500679016
3312,0.22550000250339508
3313,0.23000000417232513
3314,0.20250000059604645
3315,0.26600000262260437
3316,0.13850000500679016
3317,0.17249999940395355
3318,0.06400000303983688
3319,0.2150000035762787
3320,0.2175000011920929
3321,0.08900000154972076
3322,0.17949999868869781
3323,0.2409999966621399
3324,0.10450000315904617
3325,0.10050000250339508
3326,0.13099999725818634
3327,0.11299999803304672
3328,0.1354999989271164
3329,0.09200000017881393
3330,0.0989999994635582
3331,0.22100000083446503
3332,0.21299999952316284
3333,0.26750001311302185
3334,0.43650001287460327
3335,0.17949999868869781
3336,0.22499999403953552
3337,0.33799999952316284
3338,0.2535000145435333
3339,0.22100000083446503
3340,0.17249999940395355
3341,0.14499999582767487
3342,0.16050000488758087
3343,0.10199999809265137
3344,0.11050000041723251
3345,0.2240000069141388
3346,0.1745000034570694
3347,0.1850000023841858
3348,0.09049999713897705
3349,0.2994999885559082
3350,0.16200000047683716
3351,0.08299999684095383
3352,0.08799999952316284
3353,0.20649999380111694
3354,0.23549999296665192
3355,0.25999999046325684
3356,0.20649999380111694
3357,0.20499999821186066
3358,0.1340000033378601
3359,0.1014999970793724
3360,0.1535000056028366
3361,0.1550000011920929
3362,0.17949999868869781
3363,0.15700000524520874
3364,0.04349999874830246
3365,0.14550000429153442
3366,0.09399999678134918
3367,0.10249999910593033
3368,0.2134999930858612
3369,0.1784999966621399
3370,0.18649999797344208
3371,0.1509999930858612
3372,0.16699999570846558
3373,0.18199999630451202
3374,0.08299999684095383
3375,0.1720000058412552
3376,0.2280000001192093
3377,0.17599999904632568
3378,0.22699999809265137
3379,0.11100000143051147
3380,0.09399999678134918
3381,0.1550000011920929
3382,0.10050000250339508
3383,0.28999999165534973
3384,0.10499999672174454
3385,0.05550000071525574
3386,0.1940000057220459
3387,0.4099999964237213
3388,0.15049999952316284
3389,0.13099999725818634
3390,0.11699999868869781
3391,0.1850000023841858
3392,0.265500009059906
3393,0.1679999977350235
3394,0.1965000033378601
3395,0.31450000405311584
3396,0.11400000005960464
3397,0.11749999970197678
3398,0.29750001430511475
3399,0.07450000196695328
3400,0.15549999475479126
3401,0.13600000739097595
3402,0.2280000001192093
3403,0.24199999868869781
3404,0.09149999916553497
3405,0.21549999713897705
3406,0.2304999977350235
3407,0.1420000046491623
3408,0.2745000123977661
3409,0.10050000250339508
3410,0.1525000035762787
3411,0.14949999749660492
3412,0.10300000011920929
3413,0.17249999940395355
3414,0.09549999982118607
3415,0.0949999988079071
3416,0.23899999260902405
3417,0.10450000315904617
3418,0.25
3419,0.3190000057220459
3420,0.13249999284744263
3421,0.22750000655651093
3422,0.12449999898672104
3423,0.07850000262260437
3424,0.11249999701976776
3425,0.05950000137090683
3426,0.17900000512599945
3427,0.17649999260902405
3428,0.24699999392032623
3429,0.15199999511241913
3430,0.2709999978542328
3431,0.2854999899864197
3432,0.17399999499320984
3433,0.273499995470047
3434,0.25600001215934753
3435,0.11649999767541885
3436,0.15950000286102295
3437,0.15199999511241913
3438,0.2045000046491623
3439,0.1404999941587448
3440,0.351500004529953
3441,0.05700000002980232
3442,0.1525000035762787
3443,0.09449999779462814
3444,0.43050000071525574
3445,0.16099999845027924
3446,0.09200000017881393
3447,0.23649999499320984
3448,0.18850000202655792
3449,0.2574999928474426
3450,0.21549999713897705
3451,0.32899999618530273
3452,0.3305000066757202
3453,0.12700000405311584
3454,0.2944999933242798
3455,0.14100000262260437
3456,0.13950000703334808
3457,0.2224999964237213
3458,0.17599999904632568
3459,0.1289999932050705
3460,0.06499999761581421
3461,0.24300000071525574
3462,0.15549999475479126
3463,0.2150000035762787
3464,0.29249998927116394
3465,0.20999999344348907
3466,0.15800000727176666
3467,0.07349999994039536
3468,0.14499999582767487
3469,0.1615000069141388
3470,0.07050000131130219
3471,0.20100000500679016
3472,0.21050000190734863
3473,0.1655000001192093
3474,0.11500000208616257
3475,0.25999999046325684
3476,0.16300000250339508
3477,0.21850000321865082
3478,0.0689999982714653
3479,0.10000000149011612
3480,0.23100000619888306
3481,0.14350000023841858
3482,0.2224999964237213
3483,0.06549999862909317
3484,0.12999999523162842
3485,0.1469999998807907
3486,0.19949999451637268
3487,0.05050000175833702
3488,0.07349999994039536
3489,0.23649999499320984
3490,0.16699999570846558
3491,0.09000000357627869
3492,0.20800000429153442
3493,0.14650000631809235
3494,0.304500013589859
3495,0.11249999701976776
3496,0.2094999998807907
3497,0.16949999332427979
3498,0.12449999898672104
3499,0.22200000286102295
3500,0.15399999916553497
3501,0.15150000154972076
3502,0.22450000047683716
3503,0.03449999913573265
3504,0.09449999779462814
3505,0.18799999356269836
3506,0.2160000056028366
3507,0.13699999451637268
3508,0.1914999932050705
3509,0.09600000083446503
3510,0.09749999642372131
3511,0.1289999932050705
3512,0.21699999272823334
3513,0.11050000041723251
3514,0.12099999934434891
3515,0.2199999988079071
3516,0.17399999499320984
3517,0.15000000596046448
3518,0.20200000703334808
3519,0.14300000667572021
3520,0.24799999594688416
3521,0.09449999779462814
3522,0.18050000071525574
3523,0.16300000250339508
3524,0.12099999934434891
3525,0.2329999953508377
3526,0.16249999403953552
3527,0.19850000739097595
3528,0.3154999911785126
3529,0.09700000286102295
3530,0.15449999272823334
3531,0.11949999630451202
3532,0.15399999916553497
3533,0.09099999815225601
3534,0.16249999403953552
3535,0.15549999475479126
3536,0.19499999284744263
3537,0.13449999690055847
3538,0.13099999725818634
3539,0.09200000017881393
3540,0.19699999690055847
3541,0.15449999272823334
3542,0.21050000190734863
3543,0.28999999165534973
3544,0.14300000667572021
3545,0.12399999797344208
3546,0.19550000131130219
3547,0.22100000083446503
3548,0.22100000083446503
3549,0.15199999511241913
3550,0.1535000056028366
3551,0.10499999672174454
3552,0.20900000631809235
3553,0.15150000154972076
3554,0.2134999930858612
3555,0.11999999731779099
3556,0.11649999767541885
3557,0.12250000238418579
3558,0.14550000429153442
3559,0.16699999570846558
3560,0.11999999731779099
3561,0.04050000011920929
3562,0.14749999344348907
3563,0.1615000069141388
3564,0.18799999356269836
3565,0.25049999356269836
3566,0.17399999499320984
3567,0.2565000057220459
3568,0.052000001072883606
3569,0.060499999672174454
3570,0.13199999928474426
3571,0.3199999928474426
3572,0.21699999272823334
3573,0.16599999368190765
3574,0.2549999952316284
3575,0.13349999487400055
3576,0.16850000619888306
3577,0.10849999636411667
3578,0.17350000143051147
3579,0.1784999966621399
3580,0.1835000067949295
3581,0.12849999964237213
3582,0.13249999284744263
3583,0.19349999725818634
3584,0.14900000393390656
3585,0.14550000429153442
3586,0.061000000685453415
3587,0.07199999690055847
3588,0.21449999511241913
3589,0.20149999856948853
3590,0.1589999943971634
3591,0.2409999966621399
3592,0.12950000166893005
3593,0.22699999809265137
3594,0.22349999845027924
3595,0.15850000083446503
3596,0.07400000095367432
3597,0.18850000202655792
3598,0.2280000001192093
3599,0.07400000095367432
3600,0.07349999994039536
3601,0.13099999725818634
3602,0.10249999910593033
3603,0.12200000137090683
3604,0.10499999672174454
3605,0.19300000369548798
3606,0.20600000023841858
3607,0.2824999988079071
3608,0.1665000021457672
3609,0.1599999964237213
3610,0.2150000035762787
3611,0.09399999678134918
3612,0.04050000011920929
3613,0.18449999392032623
3614,0.13899999856948853
3615,0.19599999487400055
3616,0.14100000262260437
3617,0.21850000321865082
3618,0.09700000286102295
3619,0.19850000739097595
3620,0.1679999977350235
3621,0.17649999260902405
3622,0.13750000298023224
3623,0.1860000044107437
3624,0.23649999499320984
3625,0.125
3626,0.2094999998807907
3627,0.2720000147819519
3628,0.15950000286102295
3629,0.09300000220537186
3630,0.22599999606609344
3631,0.1445000022649765
3632,0.12099999934434891
3633,0.09200000017881393
3634,0.12150000035762787
3635,0.14300000667572021
3636,0.15199999511241913
3637,0.05849999934434891
3638,0.1720000058412552
3639,0.14100000262260437
3640,0.16899999976158142
3641,0.26350000500679016
3642,0.15049999952316284
3643,0.20550000667572021
3644,0.31049999594688416
3645,0.15199999511241913
3646,0.0729999989271164
3647,0.14900000393390656
3648,0.17350000143051147
3649,0.12300000339746475
3650,0.15850000083446503
3651,0.15850000083446503
3652,0.0925000011920929
3653,0.1080000028014183
3654,0.11299999803304672
3655,0.3240000009536743
3656,0.12800000607967377
3657,0.1809999942779541
3658,0.11699999868869781
3659,0.07400000095367432
3660,0.09950000047683716
3661,0.351500004529953
3662,0.10400000214576721
3663,0.16899999976158142
3664,0.1914999932050705
3665,0.34700000286102295
3666,0.19200000166893005
3667,0.14499999582767487
3668,0.060499999672174454
3669,0.20649999380111694
3670,0.16850000619888306
3671,0.16200000047683716
3672,0.1979999989271164
3673,0.27950000762939453
3674,0.26100000739097595
3675,0.029500000178813934
3676,0.2094999998807907
3677,0.3269999921321869
3678,0.3140000104904175
3679,0.2540000081062317
3680,0.19249999523162842
3681,0.13650000095367432
3682,0.20600000023841858
3683,0.14000000059604645
3684,0.13500000536441803
3685,0.32749998569488525
3686,0.2535000145435333
3687,0.24799999594688416
3688,0.0494999997317791
3689,0.19750000536441803
3690,0.06499999761581421
3691,0.09350000321865082
3692,0.2434999942779541
3693,0.2824999988079071
3694,0.11900000274181366
3695,0.14149999618530273
3696,0.1809999942779541
3697,0.1509999930858612
3698,0.21449999511241913
3699,0.16449999809265137
3700,0.31949999928474426
3701,0.11349999904632568
3702,0.12150000035762787
3703,0.1404999941587448
3704,0.11699999868869781
3705,0.16050000488758087
3706,0.28999999165534973
3707,0.1315000057220459
3708,0.17100000381469727
3709,0.18000000715255737
3710,0.1404999941587448
3711,0.19349999725818634
3712,0.1860000044107437
3713,0.2930000126361847
3714,0.07900000363588333
3715,0.16750000417232513
3716,0.20749999582767487
3717,0.2535000145435333
3718,0.09049999713897705
3719,0.17149999737739563
3720,0.13899999856948853
3721,0.1535000056028366
3722,0.17800000309944153
3723,0.1860000044107437
3724,0.12049999833106995
3725,0.18199999630451202
3726,0.17749999463558197
3727,0.07349999994039536
3728,0.17100000381469727
3729,0.03200000151991844
3730,0.11500000208616257
3731,0.07500000298023224
3732,0.09300000220537186
3733,0.14149999618530273
3734,0.10249999910593033
3735,0.1914999932050705
3736,0.15399999916553497
3737,0.0625
3738,0.24449999630451202
3739,0.09449999779462814
3740,0.2759999930858612
3741,0.23749999701976776
3742,0.273499995470047
3743,0.2515000104904175
3744,0.07800000160932541
3745,0.14499999582767487
3746,0.2540000081062317
3747,0.11949999630451202
3748,0.12250000238418579
3749,0.19300000369548798
3750,0.2029999941587448
3751,0.2240000069141388
3752,0.2084999978542328
3753,0.15649999678134918
3754,0.164000004529953
3755,0.16750000417232513
3756,0.13349999487400055
3757,0.20250000059604645
3758,0.22599999606609344
3759,0.12800000607967377
3760,0.22699999809265137
3761,0.12449999898672104
3762,0.21449999511241913
3763,0.16449999809265137
3764,0.11500000208616257
3765,0.05649999901652336
3766,0.17949999868869781
3767,0.23899999260902405
3768,0.19050000607967377
3769,0.07750000059604645
3770,0.1054999977350235
3771,0.061500001698732376
3772,0.21549999713897705
3773,0.048500001430511475
3774,0.16449999809265137
3775,0.16949999332427979
3776,0.3630000054836273
3777,0.1469999998807907
3778,0.15800000727176666
3779,0.15049999952316284
3780,0.12049999833106995
3781,0.17800000309944153
3782,0.25450000166893005
3783,0.04450000077486038
3784,0.13500000536441803
3785,0.28200000524520874
3786,0.14900000393390656
3787,0.0925000011920929
3788,0.15000000596046448
3789,0.08049999922513962
3790,0.1599999964237213
3791,0.17749999463558197
3792,0.057500001043081284
3793,0.17249999940395355
3794,0.30799999833106995
3795,0.22550000250339508
3796,0.12999999523162842
3797,0.15950000286102295
3798,0.22050000727176666
3799,0.15649999678134918
3800,0.14749999344348907
3801,0.07850000262260437
3802,0.27300000190734863
3803,0.17000000178813934
3804,0.16500000655651093
3805,0.11900000274181366
3806,0.032999999821186066
3807,0.06350000202655792
3808,0.2919999957084656
3809,0.26649999618530273
3810,0.1354999989271164
3811,0.14650000631809235
3812,0.18700000643730164
3813,0.05350000038743019
3814,0.2175000011920929
3815,0.11349999904632568
3816,0.2175000011920929
3817,0.10649999976158142
3818,0.15649999678134918
3819,0.10300000011920929
3820,0.25200000405311584
3821,0.13950000703334808
3822,0.16300000250339508
3823,0.13699999451637268
3824,0.23600000143051147
3825,0.42649999260902405
3826,0.13500000536441803
3827,0.15299999713897705
3828,0.17149999737739563
3829,0.028999999165534973
3830,0.06449999660253525
3831,0.23999999463558197
3832,0.07900000363588333
3833,0.12700000405311584
3834,0.1784999966621399
3835,0.13750000298023224
3836,0.335999995470047
3837,0.21449999511241913
3838,0.09549999982118607
3839,0.09149999916553497
3840,0.19349999725818634
3841,0.2524999976158142
3842,0.27300000190734863
3843,0.15000000596046448
3844,0.10100000351667404
3845,0.0925000011920929
3846,0.2160000056028366
3847,0.2070000022649765
3848,0.14949999749660492
3849,0.20399999618530273
3850,0.45649999380111694
3851,0.20200000703334808
3852,0.2475000023841858
3853,0.09099999815225601
3854,0.07050000131130219
3855,0.2980000078678131
3856,0.11749999970197678
3857,0.12250000238418579
3858,0.13950000703334808
3859,0.1315000057220459
3860,0.13699999451637268
3861,0.16349999606609344
3862,0.12700000405311584
3863,0.1054999977350235
3864,0.2345000058412552
3865,0.05999999865889549
3866,0.14650000631809235
3867,0.1274999976158142
3868,0.21699999272823334
3869,0.14149999618530273
3870,0.06199999898672104
3871,0.16699999570846558
3872,0.19200000166893005
3873,0.22450000047683716
3874,0.12049999833106995
3875,0.12999999523162842
3876,0.21449999511241913
3877,0.1875
3878,0.2994999885559082
3879,0.1809999942779541
3880,0.18700000643730164
3881,0.0925000011920929
3882,0.2029999941587448
3883,0.21150000393390656
3884,0.2840000092983246
3885,0.19300000369548798
3886,0.08049999922513962
3887,0.19949999451637268
3888,0.21299999952316284
3889,0.23100000619888306
3890,0.06400000303983688
3891,0.11050000041723251
3892,0.1509999930858612
3893,0.20350000262260437
3894,0.08250000327825546
3895,0.20499999821186066
3896,0.13300000131130219
3897,0.1665000021457672
3898,0.19499999284744263
3899,0.11999999731779099
3900,0.10499999672174454
3901,0.25
3902,0.2084999978542328
3903,0.061000000685453415
3904,0.14550000429153442
3905,0.09449999779462814
3906,0.2809999883174896
3907,0.0989999994635582
3908,0.12200000137090683
3909,0.11299999803304672
3910,0.1745000034570694
3911,0.15950000286102295
3912,0.1445000022649765
3913,0.26750001311302185
3914,0.1679999977350235
3915,0.14000000059604645
3916,0.08349999785423279
3917,0.15649999678134918
3918,0.13950000703334808
3919,0.10199999809265137
3920,0.0729999989271164
3921,0.13099999725818634
3922,0.09549999982118607
3923,0.2475000023841858
3924,0.3009999990463257
3925,0.14800000190734863
3926,0.14100000262260437
3927,0.24650000035762787
3928,0.10199999809265137
3929,0.13600000739097595
3930,0.13249999284744263
3931,0.3610000014305115
3932,0.1965000033378601
3933,0.2004999965429306
3934,0.25099998712539673
3935,0.2029999941587448
3936,0.2840000092983246
3937,0.19050000607967377
3938,0.08100000023841858
3939,0.18850000202655792
3940,0.18150000274181366
3941,0.20649999380111694
3942,0.11249999701976776
3943,0.1979999989271164
3944,0.19449999928474426
3945,0.15600000321865082
3946,0.14550000429153442
3947,0.1315000057220459
3948,0.17949999868869781
3949,0.08950000256299973
3950,0.10899999737739563
3951,0.051500000059604645
3952,0.13199999928474426
3953,0.12250000238418579
3954,0.14550000429153442
3955,0.1120000034570694
3956,0.16099999845027924
3957,0.16099999845027924
3958,0.25
3959,0.1679999977350235
3960,0.2280000001192093
3961,0.18199999630451202
3962,0.0860000029206276
3963,0.20200000703334808
3964,0.1445000022649765
3965,0.17299999296665192
3966,0.11299999803304672
3967,0.06599999964237213
3968,0.19850000739097595
3969,0.15800000727176666
3970,0.09000000357627869
3971,0.05000000074505806
3972,0.12150000035762787
3973,0.22349999845027924
3974,0.18000000715255737
3975,0.16599999368190765
3976,0.16899999976158142
3977,0.15700000524520874
3978,0.20200000703334808
3979,0.21449999511241913
3980,0.21400000154972076
3981,0.06199999898672104
3982,0.09000000357627869
3983,0.19850000739097595
3984,0.23350000381469727
3985,0.11249999701976776
3986,0.1860000044107437
3987,0.15049999952316284
3988,0.31349998712539673
3989,0.13349999487400055
3990,0.37549999356269836
3991,0.1535000056028366
3992,0.3305000066757202
3993,0.21299999952316284
3994,0.2815000116825104
3995,0.10300000011920929
3996,0.1784999966621399
3997,0.11349999904632568
3998,0.1770000010728836
3999,0.0794999971985817
4000,0.05000000074505806
4001,0.061000000685453415
4002,0.09849999845027924
4003,0.1914999932050705
4004,0.24699999392032623
4005,0.2524999976158142
4006,0.2985000014305115
4007,0.19349999725818634
4008,0.18850000202655792
4009,0.2370000034570694
4010,0.1525000035762787
4011,0.17949999868869781
4012,0.226500004529953
4013,0.13249999284744263
4014,0.11150000244379044
4015,0.1274999976158142
4016,0.10450000315904617
4017,0.0754999965429306
4018,0.1469999998807907
4019,0.13500000536441803
4020,0.2434999942779541
4021,0.28349998593330383
4022,0.13650000095367432
4023,0.23849999904632568
4024,0.2175000011920929
4025,0.30550000071525574
4026,0.11949999630451202
4027,0.15700000524520874
4028,0.13099999725818634
4029,0.09549999982118607
4030,0.09600000083446503
4031,0.16249999403953552
4032,0.23199999332427979
4033,0.09449999779462814
4034,0.1589999943971634
4035,0.2554999887943268
4036,0.15049999952316284
4037,0.12150000035762787
4038,0.09749999642372131
4039,0.18950000405311584
4040,0.1264999955892563
4041,0.21950000524520874
4042,0.21150000393390656
4043,0.257999986410141
4044,0.32249999046325684
4045,0.257999986410141
4046,0.23000000417232513
4047,0.1704999953508377
4048,0.13199999928474426
4049,0.18000000715255737
4050,0.18449999392032623
4051,0.16599999368190765
4052,0.14300000667572021
4053,0.1379999965429306
4054,0.13300000131130219
4055,0.1679999977350235
4056,0.19900000095367432
4057,0.11500000208616257
4058,0.21050000190734863
4059,0.1379999965429306
4060,0.17350000143051147
4061,0.16850000619888306
4062,0.1899999976158142
4063,0.27399998903274536
4064,0.14949999749660492
4065,0.32899999618530273
4066,0.1809999942779541
4067,0.16249999403953552
4068,0.20499999821186066
4069,0.23649999499320984
4070,0.1979999989271164
4071,0.16699999570846558
4072,0.12549999356269836
4073,0.13600000739097595
4074,0.21899999678134918
4075,0.11100000143051147
4076,0.1770000010728836
4077,0.07450000196695328
4078,0.18549999594688416
4079,0.06549999862909317
4080,0.14249999821186066
4081,0.1860000044107437
4082,0.11949999630451202
4083,0.21449999511241913
4084,0.14000000059604645
4085,0.13850000500679016
4086,0.10949999839067459
4087,0.11299999803304672
4088,0.11699999868869781
4089,0.2549999952316284
4090,0.08049999922513962
4091,0.08150000125169754
4092,0.20149999856948853
4093,0.07000000029802322
4094,0.09000000357627869
4095,0.13199999928474426
4096,0.08699999749660492
4097,0.16750000417232513
4098,0.12150000035762787
4099,0.0989999994635582
4100,0.2955000102519989
4101,0.1145000010728836
4102,0.1599999964237213
4103,0.1264999955892563
4104,0.07599999755620956
4105,0.1120000034570694
4106,0.20649999380111694
4107,0.1704999953508377
4108,0.28999999165534973
4109,0.2994999885559082
4110,0.1120000034570694
4111,0.1784999966621399
4112,0.10999999940395355
4113,0.1770000010728836
4114,0.1589999943971634
4115,0.19599999487400055
4116,0.05950000137090683
4117,0.210999995470047
4118,0.0794999971985817
4119,0.1535000056028366
4120,0.04349999874830246
4121,0.16449999809265137
4122,0.13600000739097595
4123,0.25450000166893005
4124,0.1784999966621399
4125,0.18250000476837158
4126,0.22300000488758087
4127,0.1014999970793724
4128,0.057999998331069946
4129,0.23350000381469727
4130,0.1940000057220459
4131,0.06800000369548798
4132,0.12150000035762787
4133,0.12049999833106995
4134,0.30000001192092896
4135,0.21850000321865082
4136,0.27250000834465027
4137,0.10700000077486038
4138,0.24449999630451202
4139,0.035999998450279236
4140,0.10000000149011612
4141,0.14399999380111694
4142,0.14149999618530273
4143,0.10249999910593033
4144,0.1679999977350235
4145,0.13449999690055847
4146,0.14399999380111694
4147,0.14550000429153442
4148,0.22349999845027924
4149,0.16699999570846558
4150,0.1875
4151,0.15649999678134918
4152,0.1914999932050705
4153,0.24150000512599945
4154,0.21850000321865082
4155,0.28949999809265137
4156,0.21699999272823334
4157,0.1550000011920929
4158,0.23899999260902405
4159,0.10599999874830246
4160,0.21050000190734863
4161,0.4325000047683716
4162,0.1770000010728836
4163,0.13650000095367432
4164,0.22499999403953552
4165,0.226500004529953
4166,0.21950000524520874
4167,0.16099999845027924
4168,0.21250000596046448
4169,0.12999999523162842
4170,0.148499995470047
4171,0.40049999952316284
4172,0.19050000607967377
4173,0.2175000011920929
4174,0.04899999871850014
4175,0.2590000033378601
4176,0.12999999523162842
4177,0.09849999845027924
4178,0.17949999868869781
4179,0.11400000005960464
4180,0.2824999988079071
4181,0.21199999749660492
4182,0.11949999630451202
4183,0.08649999648332596
4184,0.13899999856948853
4185,0.13950000703334808
4186,0.22200000286102295
4187,0.20100000500679016
4188,0.33000001311302185
4189,0.2915000021457672
4190,0.20649999380111694
4191,0.1704999953508377
4192,0.11599999666213989
4193,0.1599999964237213
4194,0.13950000703334808
4195,0.07249999791383743
4196,0.10000000149011612
4197,0.18549999594688416
4198,0.04699999839067459
4199,0.1860000044107437
4200,0.1940000057220459
4201,0.15150000154972076
4202,0.2240000069141388
4203,0.11299999803304672
4204,0.164000004529953
4205,0.05649999901652336
4206,0.14499999582767487
4207,0.12300000339746475
4208,0.12200000137090683
4209,0.11949999630451202
4210,0.21899999678134918
4211,0.2160000056028366
4212,0.12449999898672104
4213,0.23600000143051147
4214,0.125
4215,0.1404999941587448
4216,0.10350000113248825
4217,0.28850001096725464
4218,0.03500000014901161
4219,0.07349999994039536
4220,0.1745000034570694
4221,0.2784999907016754
4222,0.14800000190734863
4223,0.2540000081062317
4224,0.1014999970793724
4225,0.20649999380111694
4226,0.18150000274181366
4227,0.09399999678134918
4228,0.29350000619888306
4229,0.16050000488758087
4230,0.09449999779462814
4231,0.22450000047683716
4232,0.10750000178813934
4233,0.1850000023841858
4234,0.14149999618530273
4235,0.20499999821186066
4236,0.1665000021457672
4237,0.17399999499320984
4238,0.43149998784065247
4239,0.367000013589859
4240,0.09849999845027924
4241,0.23100000619888306
4242,0.12700000405311584
4243,0.1274999976158142
4244,0.1289999932050705
4245,0.19900000095367432
4246,0.164000004529953
4247,0.12150000035762787
4248,0.19050000607967377
4249,0.2004999965429306
4250,0.05849999934434891
4251,0.10199999809265137
4252,0.15150000154972076
4253,0.15449999272823334
4254,0.22550000250339508
4255,0.14300000667572021
4256,0.06549999862909317
4257,0.1940000057220459
4258,0.1589999943971634
4259,0.10350000113248825
4260,0.1354999989271164
4261,0.1340000033378601
4262,0.17800000309944153
4263,0.22200000286102295
4264,0.1665000021457672
4265,0.16050000488758087
4266,0.13750000298023224
4267,0.14749999344348907
4268,0.17100000381469727
4269,0.24199999868869781
4270,0.13050000369548798
4271,0.20999999344348907
4272,0.2639999985694885
4273,0.06400000303983688
4274,0.2630000114440918
4275,0.1185000017285347
4276,0.27799999713897705
4277,0.22499999403953552
4278,0.08399999886751175
4279,0.18850000202655792
4280,0.14249999821186066
4281,0.11999999731779099
4282,0.28349998593330383
4283,0.21400000154972076
4284,0.1340000033378601
4285,0.14399999380111694
4286,0.296999990940094
4287,0.18700000643730164
4288,0.03400000184774399
4289,0.14800000190734863
4290,0.19099999964237213
4291,0.13650000095367432
4292,0.11949999630451202
4293,0.13199999928474426
4294,0.11900000274181366
4295,0.16050000488758087
4296,0.16200000047683716
4297,0.13300000131130219
4298,0.2619999945163727
4299,0.22050000727176666
4300,0.1185000017285347
4301,0.2070000022649765
4302,0.17149999737739563
4303,0.17299999296665192
4304,0.15850000083446503
4305,0.08399999886751175
4306,0.20149999856948853
4307,0.20649999380111694
4308,0.10750000178813934
4309,0.21850000321865082
4310,0.14900000393390656
4311,0.28049999475479126
4312,0.09849999845027924
4313,0.08699999749660492
4314,0.2919999957084656
4315,0.032999999821186066
4316,0.19850000739097595
4317,0.17299999296665192
4318,0.21250000596046448
4319,0.14499999582767487
4320,0.16200000047683716
4321,0.18549999594688416
4322,0.2029999941587448
4323,0.15549999475479126
4324,0.125
4325,0.1589999943971634
4326,0.1720000058412552
4327,0.13699999451637268
4328,0.14000000059604645
4329,0.17949999868869781
4330,0.20999999344348907
4331,0.13449999690055847
4332,0.1315000057220459
4333,0.1445000022649765
4334,0.1274999976158142
4335,0.265500009059906
4336,0.16699999570846558
4337,0.2619999945163727
4338,0.21850000321865082
4339,0.359499990940094
4340,0.2175000011920929
4341,0.20149999856948853
4342,0.11500000208616257
4343,0.08049999922513962
4344,0.1340000033378601
4345,0.20350000262260437
4346,0.19349999725818634
4347,0.08299999684095383
4348,0.1315000057220459
4349,0.10199999809265137
4350,0.07050000131130219
4351,0.14399999380111694
4352,0.16500000655651093
4353,0.18950000405311584
4354,0.16599999368190765
4355,0.15000000596046448
4356,0.25699999928474426
4357,0.19499999284744263
4358,0.2515000104904175
4359,0.21400000154972076
4360,0.2175000011920929
4361,0.17599999904632568
4362,0.125
4363,0.15800000727176666
4364,0.1014999970793724
4365,0.1080000028014183
4366,0.15199999511241913
4367,0.18649999797344208
4368,0.18000000715255737
4369,0.20250000059604645
4370,0.15199999511241913
4371,0.16599999368190765
4372,0.22349999845027924
4373,0.09950000047683716
4374,0.18850000202655792
4375,0.15049999952316284
4376,0.13099999725818634
4377,0.21549999713897705
4378,0.26249998807907104
4379,0.19249999523162842
4380,0.13600000739097595
4381,0.23849999904632568
4382,0.1264999955892563
4383,0.11900000274181366
4384,0.1835000067949295
4385,0.06499999761581421
4386,0.13449999690055847
4387,0.09049999713897705
4388,0.11949999630451202
4389,0.14650000631809235
4390,0.11050000041723251
4391,0.25699999928474426
4392,0.07750000059604645
4393,0.22349999845027924
4394,0.18150000274181366
4395,0.1340000033378601
4396,0.22300000488758087
4397,0.12049999833106995
4398,0.054999999701976776
4399,0.19900000095367432
4400,0.0794999971985817
4401,0.1379999965429306
4402,0.11900000274181366
4403,0.03150000050663948
4404,0.11050000041723251
4405,0.11500000208616257
4406,0.28049999475479126
4407,0.2045000046491623
4408,0.07050000131130219
4409,0.15150000154972076
4410,0.15199999511241913
4411,0.210999995470047
4412,0.09350000321865082
4413,0.21850000321865082
4414,0.09549999982118607
4415,0.2160000056028366
4416,0.061000000685453415
4417,0.1704999953508377
4418,0.15049999952316284
4419,0.1535000056028366
4420,0.14949999749660492
4421,0.10899999737739563
4422,0.23549999296665192
4423,0.1589999943971634
4424,0.14000000059604645
4425,0.16099999845027924
4426,0.23000000417232513
4427,0.12399999797344208
4428,0.1550000011920929
4429,0.30300000309944153
4430,0.1979999989271164
4431,0.09099999815225601
4432,0.1835000067949295
4433,0.18700000643730164
4434,0.07850000262260437
4435,0.2745000123977661
4436,0.11649999767541885
4437,0.27799999713897705
4438,0.15700000524520874
4439,0.12700000405311584
4440,0.17000000178813934
4441,0.17949999868869781
4442,0.0885000005364418
4443,0.21899999678134918
4444,0.1665000021457672
4445,0.11699999868869781
4446,0.17800000309944153
4447,0.15600000321865082
4448,0.2224999964237213
4449,0.08950000256299973
4450,0.024000000208616257
4451,0.1770000010728836
4452,0.11800000071525574
4453,0.18000000715255737
4454,0.25949999690055847
4455,0.4194999933242798
4456,0.14900000393390656
4457,0.25450000166893005
4458,0.07400000095367432
4459,0.15700000524520874
4460,0.22450000047683716
4461,0.09650000184774399
4462,0.25049999356269836
4463,0.1979999989271164
4464,0.0560000017285347
4465,0.1745000034570694
4466,0.1589999943971634
4467,0.05550000071525574
4468,0.304500013589859
4469,0.12150000035762787
4470,0.1509999930858612
4471,0.21299999952316284
4472,0.0754999965429306
4473,0.14149999618530273
4474,0.22550000250339508
4475,0.2094999998807907
4476,0.2070000022649765
4477,0.13850000500679016
4478,0.18050000071525574
4479,0.10899999737739563
4480,0.164000004529953
4481,0.09300000220537186
4482,0.20999999344348907
4483,0.08550000190734863
4484,0.23800000548362732
4485,0.32249999046325684
4486,0.22200000286102295
4487,0.2134999930858612
4488,0.14749999344348907
4489,0.08649999648332596
4490,0.1914999932050705
4491,0.21299999952316284
4492,0.24500000476837158
4493,0.2565000057220459
4494,0.2529999911785126
4495,0.06949999928474426
4496,0.11400000005960464
4497,0.08649999648332596
4498,0.09149999916553497
4499,0.04699999839067459
4500,0.08799999952316284
4501,0.21649999916553497
4502,0.1914999932050705
4503,0.2370000034570694
4504,0.2694999873638153
4505,0.09399999678134918
4506,0.12399999797344208
4507,0.14399999380111694
4508,0.16249999403953552
4509,0.0754999965429306
4510,0.1185000017285347
4511,0.1784999966621399
4512,0.1315000057220459
4513,0.13699999451637268
4514,0.2840000092983246
4515,0.0364999994635582
4516,0.18199999630451202
4517,0.21699999272823334
4518,0.1274999976158142
4519,0.24250000715255737
4520,0.1525000035762787
4521,0.0989999994635582
4522,0.1120000034570694
4523,0.1665000021457672
4524,0.06499999761581421
4525,0.2515000104904175
4526,0.12449999898672104
4527,0.2919999957084656
4528,0.12950000166893005
4529,0.12300000339746475
4530,0.22750000655651093
4531,0.3179999887943268
4532,0.21449999511241913
4533,0.23100000619888306
4534,0.20649999380111694
4535,0.13199999928474426
4536,0.1835000067949295
4537,0.11599999666213989
4538,0.27649998664855957
4539,0.14249999821186066
4540,0.296999990940094
4541,0.16300000250339508
4542,0.08100000023841858
4543,0.1615000069141388
4544,0.14350000023841858
4545,0.14399999380111694
4546,0.21649999916553497
4547,0.2705000042915344
4548,0.1459999978542328
4549,0.23399999737739563
4550,0.15850000083446503
4551,0.09149999916553497
4552,0.34200000762939453
4553,0.12950000166893005
4554,0.15800000727176666
4555,0.1185000017285347
4556,0.12849999964237213
4557,0.13300000131130219
4558,0.19249999523162842
4559,0.2134999930858612
4560,0.15649999678134918
4561,0.11949999630451202
4562,0.1525000035762787
4563,0.06700000166893005
4564,0.12200000137090683
4565,0.12549999356269836
4566,0.11249999701976776
4567,0.2150000035762787
4568,0.257999986410141
4569,0.13300000131130219
4570,0.1875
4571,0.11150000244379044
4572,0.23250000178813934
4573,0.2705000042915344
4574,0.14900000393390656
4575,0.08550000190734863
4576,0.09449999779462814
4577,0.08749999850988388
4578,0.1525000035762787
4579,0.20399999618530273
4580,0.226500004529953
4581,0.3580000102519989
4582,0.3490000069141388
4583,0.18549999594688416
4584,0.16249999403953552
4585,0.13750000298023224
4586,0.07850000262260437
4587,0.1274999976158142
4588,0.1509999930858612
4589,0.3294999897480011
4590,0.12049999833106995
4591,0.12250000238418579
4592,0.10300000011920929
4593,0.12549999356269836
4594,0.2084999978542328
4595,0.20100000500679016
4596,0.15700000524520874
4597,0.2409999966621399
4598,0.21699999272823334
4599,0.17749999463558197
4600,0.14350000023841858
4601,0.13099999725818634
4602,0.22849999368190765
4603,0.265500009059906
4604,0.23649999499320984
4605,0.13950000703334808
4606,0.05849999934434891
4607,0.22750000655651093
4608,0.11949999630451202
4609,0.13899999856948853
4610,0.1615000069141388
4611,0.09399999678134918
4612,0.08749999850988388
4613,0.2395000010728836
4614,0.2175000011920929
4615,0.0494999997317791
4616,0.2434999942779541
4617,0.11900000274181366
4618,0.27549999952316284
4619,0.20350000262260437
4620,0.31299999356269836
4621,0.09950000047683716
4622,0.14499999582767487
4623,0.19499999284744263
4624,0.06499999761581421
4625,0.10050000250339508
4626,0.11900000274181366
4627,0.0754999965429306
4628,0.06549999862909317
4629,0.13600000739097595
4630,0.14149999618530273
4631,0.23549999296665192
4632,0.09099999815225601
4633,0.17900000512599945
4634,0.16099999845027924
4635,0.21850000321865082
4636,0.22550000250339508
4637,0.07750000059604645
4638,0.11050000041723251
4639,0.1535000056028366
4640,0.23649999499320984
4641,0.19699999690055847
4642,0.1860000044107437
4643,0.2524999976158142
4644,0.17100000381469727
4645,0.1509999930858612
4646,0.28600001335144043
4647,0.16949999332427979
4648,0.20749999582767487
4649,0.29499998688697815
4650,0.11649999767541885
4651,0.1525000035762787
4652,0.24549999833106995
4653,0.2639999985694885
4654,0.15049999952316284
4655,0.23999999463558197
4656,0.24549999833106995
4657,0.2199999988079071
4658,0.12200000137090683
4659,0.2475000023841858
4660,0.1835000067949295
4661,0.08250000327825546
4662,0.2224999964237213
4663,0.23000000417232513
4664,0.08900000154972076
4665,0.14350000023841858
4666,0.24799999594688416
4667,0.25600001215934753
4668,0.06549999862909317
4669,0.23849999904632568
4670,0.10899999737739563
4671,0.14300000667572021
4672,0.36800000071525574
4673,0.24650000035762787
4674,0.13950000703334808
4675,0.16300000250339508
4676,0.08699999749660492
4677,0.1589999943971634
4678,0.07850000262260437
4679,0.07699999958276749
4680,0.18449999392032623
4681,0.1704999953508377
4682,0.1770000010728836
4683,0.15800000727176666
4684,0.3230000138282776
4685,0.12099999934434891
4686,0.23350000381469727
4687,0.3395000100135803
4688,0.2160000056028366
4689,0.02199999988079071
4690,0.12600000202655792
4691,0.14800000190734863
4692,0.1509999930858612
4693,0.05400000140070915
4694,0.1899999976158142
4695,0.1599999964237213
4696,0.13650000095367432
4697,0.11150000244379044
4698,0.21899999678134918
4699,0.0989999994635582
4700,0.09449999779462814
4701,0.14100000262260437
4702,0.1535000056028366
4703,0.14350000023841858
4704,0.3504999876022339
4705,0.23499999940395355
4706,0.1354999989271164
4707,0.20000000298023224
4708,0.18150000274181366
4709,0.15800000727176666
4710,0.18700000643730164
4711,0.05550000071525574
4712,0.10400000214576721
4713,0.08449999988079071
4714,0.16099999845027924
4715,0.14550000429153442
4716,0.08749999850988388
4717,0.15449999272823334
4718,0.1404999941587448
4719,0.19349999725818634
4720,0.07400000095367432
4721,0.25450000166893005
4722,0.20499999821186066
4723,0.24300000071525574
4724,0.2750000059604645
4725,0.3244999945163727
4726,0.12049999833106995
4727,0.3930000066757202
4728,0.19750000536441803
4729,0.19499999284744263
4730,0.24899999797344208
4731,0.15000000596046448
4732,0.18649999797344208
4733,0.18950000405311584
4734,0.17350000143051147
4735,0.2094999998807907
4736,0.18050000071525574
4737,0.2160000056028366
4738,0.2134999930858612
4739,0.060499999672174454
4740,0.22550000250339508
4741,0.09200000017881393
4742,0.2150000035762787
4743,0.07900000363588333
4744,0.14800000190734863
4745,0.11699999868869781
4746,0.23600000143051147
4747,0.04450000077486038
4748,0.13500000536441803
4749,0.30649998784065247
4750,0.11400000005960464
4751,0.10000000149011612
4752,0.11599999666213989
4753,0.3174999952316284
4754,0.13300000131130219
4755,0.15449999272823334
4756,0.04450000077486038
4757,0.18250000476837158
4758,0.16099999845027924
4759,0.12849999964237213
4760,0.09600000083446503
4761,0.11999999731779099
4762,0.1875
4763,0.0949999988079071
4764,0.1274999976158142
4765,0.10899999737739563
4766,0.1665000021457672
4767,0.4165000021457672
4768,0.29899999499320984
4769,0.11550000309944153
4770,0.19349999725818634
4771,0.1889999955892563
4772,0.10899999737739563
4773,0.13650000095367432
4774,0.3084999918937683
4775,0.32850000262260437
4776,0.19349999725818634
4777,0.23849999904632568
4778,0.16449999809265137
4779,0.06650000065565109
4780,0.31450000405311584
4781,0.22849999368190765
4782,0.12300000339746475
4783,0.14550000429153442
4784,0.14749999344348907
4785,0.10300000011920929
4786,0.125
4787,0.21150000393390656
4788,0.18050000071525574
4789,0.1704999953508377
4790,0.1704999953508377
4791,0.1784999966621399
4792,0.1784999966621399
4793,0.20600000023841858
4794,0.21899999678134918
4795,0.1459999978542328
4796,0.11749999970197678
4797,0.21549999713897705
4798,0.2304999977350235
4799,0.2304999977350235
4800,0.11550000309944153
4801,0.10999999940395355
4802,0.15150000154972076
4803,0.0989999994635582
4804,0.1445000022649765
4805,0.0625
4806,0.15299999713897705
4807,0.3330000042915344
4808,0.23549999296665192
4809,0.10750000178813934
4810,0.22750000655651093
4811,0.0494999997317791
4812,0.03849999979138374
4813,0.1615000069141388
4814,0.11500000208616257
4815,0.2070000022649765
4816,0.09749999642372131
4817,0.15449999272823334
4818,0.2304999977350235
4819,0.2529999911785126
4820,0.1120000034570694
4821,0.1574999988079071
4822,0.18449999392032623
4823,0.11400000005960464
4824,0.1120000034570694
4825,0.26600000262260437
4826,0.08950000256299973
4827,0.19050000607967377
4828,0.12150000035762787
4829,0.2329999953508377
4830,0.24250000715255737
4831,0.24250000715255737
4832,0.19300000369548798
4833,0.2639999985694885
4834,0.13449999690055847
4835,0.026000000536441803
4836,0.20999999344348907
4837,0.16699999570846558
4838,0.13650000095367432
4839,0.08749999850988388
4840,0.125
4841,0.3409999907016754
4842,0.21649999916553497
4843,0.2694999873638153
4844,0.17249999940395355
4845,0.13600000739097595
4846,0.06499999761581421
4847,0.11299999803304672
4848,0.24150000512599945
4849,0.21400000154972076
4850,0.17299999296665192
4851,0.12399999797344208
4852,0.08699999749660492
4853,0.13349999487400055
4854,0.22550000250339508
4855,0.08250000327825546
4856,0.09099999815225601
4857,0.12300000339746475
4858,0.22550000250339508
4859,0.29100000858306885
4860,0.1914999932050705
4861,0.18449999392032623
4862,0.07450000196695328
4863,0.13199999928474426
4864,0.11949999630451202
4865,0.17499999701976776
4866,0.2919999957084656
4867,0.20649999380111694
4868,0.11800000071525574
4869,0.12950000166893005
4870,0.13750000298023224
4871,0.12700000405311584
4872,0.08900000154972076
4873,0.06499999761581421
4874,0.21050000190734863
4875,0.14749999344348907
4876,0.07699999958276749
4877,0.3100000023841858
4878,0.24300000071525574
4879,0.19449999928474426
4880,0.17800000309944153
4881,0.17399999499320984
4882,0.1965000033378601
4883,0.15049999952316284
4884,0.16099999845027924
4885,0.24250000715255737
4886,0.1264999955892563
4887,0.11249999701976776
4888,0.05950000137090683
4889,0.1784999966621399
4890,0.12099999934434891
4891,0.20149999856948853
4892,0.11500000208616257
4893,0.12250000238418579
4894,0.16050000488758087
4895,0.11800000071525574
4896,0.054499998688697815
4897,0.0689999982714653
4898,0.17550000548362732
4899,0.26249998807907104
4900,0.25999999046325684
4901,0.12600000202655792
4902,0.08649999648332596
4903,0.2070000022649765
4904,0.2224999964237213
4905,0.21899999678134918
4906,0.14350000023841858
4907,0.0925000011920929
4908,0.2094999998807907
4909,0.08449999988079071
4910,0.19850000739097595
4911,0.16449999809265137
4912,0.19349999725818634
4913,0.06599999964237213
4914,0.23849999904632568
4915,0.31949999928474426
4916,0.21199999749660492
4917,0.12999999523162842
4918,0.12399999797344208
4919,0.17649999260902405
4920,0.2280000001192093
4921,0.18850000202655792
4922,0.17149999737739563
4923,0.10199999809265137
4924,0.2930000126361847
4925,0.2329999953508377
4926,0.1145000010728836
4927,0.20200000703334808
4928,0.1014999970793724
4929,0.12549999356269836
4930,0.2630000114440918
4931,0.31150001287460327
4932,0.148499995470047
4933,0.2939999997615814
4934,0.2529999911785126
4935,0.12300000339746475
4936,0.11050000041723251
4937,0.12999999523162842
4938,0.07450000196695328
4939,0.2409999966621399
4940,0.13950000703334808
4941,0.13650000095367432
4942,0.0860000029206276
4943,0.07999999821186066
4944,0.050999999046325684
4945,0.20399999618530273
4946,0.2750000059604645
4947,0.2224999964237213
4948,0.12049999833106995
4949,0.2329999953508377
4950,0.18850000202655792
4951,0.2290000021457672
4952,0.17599999904632568
4953,0.13500000536441803
4954,0.18050000071525574
4955,0.24899999797344208
4956,0.148499995470047
4957,0.1354999989271164
4958,0.13899999856948853
4959,0.1615000069141388
4960,0.19850000739097595
4961,0.15950000286102295
4962,0.07850000262260437
4963,0.14900000393390656
4964,0.15549999475479126
4965,0.2840000092983246
4966,0.2280000001192093
4967,0.12250000238418579
4968,0.164000004529953
4969,0.21649999916553497
4970,0.14550000429153442
4971,0.1080000028014183
4972,0.19449999928474426
4973,0.14749999344348907
4974,0.12399999797344208
4975,0.1404999941587448
4976,0.11999999731779099
4977,0.2290000021457672
4978,0.13249999284744263
4979,0.20550000667572021
4980,0.11550000309944153
4981,0.16349999606609344
4982,0.2775000035762787
4983,0.15800000727176666
4984,0.19850000739097595
4985,0.19349999725818634
4986,0.1120000034570694
4987,0.18250000476837158
4988,0.07750000059604645
4989,0.18700000643730164
4990,0.15299999713897705
4991,0.3009999990463257
4992,0.3009999990463257
4993,0.21150000393390656
4994,0.12250000238418579
4995,0.21799999475479126
4996,0.09350000321865082
4997,0.28200000524520874
4998,0.22200000286102295
4999,0.16599999368190765
5000,0.3165000081062317
5001,0.24500000476837158
5002,0.03750000149011612
5003,0.20200000703334808
5004,0.14100000262260437
5005,0.20499999821186066
5006,0.1274999976158142
5007,0.1535000056028366
5008,0.12399999797344208
5009,0.26100000739097595
5010,0.09650000184774399
5011,0.19850000739097595
5012,0.11900000274181366
5013,0.12150000035762787
5014,0.07400000095367432
5015,0.11349999904632568
5016,0.17649999260902405
5017,0.07450000196695328
5018,0.1704999953508377
5019,0.1525000035762787
5020,0.13050000369548798
5021,0.10649999976158142
5022,0.0820000022649765
5023,0.1459999978542328
5024,0.22100000083446503
