<frozen importlib._bootstrap>:488: DeprecationWarning: builtin type SwigPyPacked has no __module__ attribute
<frozen importlib._bootstrap>:488: DeprecationWarning: builtin type SwigPyObject has no __module__ attribute
<frozen importlib._bootstrap>:488: DeprecationWarning: builtin type swigvarlink has no __module__ attribute
wandb: [wandb.login()] Loaded credentials for https://api.wandb.ai from /home/s28404/.netrc.
wandb: Currently logged in as: frackowiak (frackowiak_kajetan) to https://api.wandb.ai. Use `wandb login --relogin` to force relogin
/home/s28404/inzynierka_kod_zrodlowy/.venv/lib/python3.12/site-packages/wandb/analytics/sentry.py:268: DeprecationWarning: Read the `app_url` setting from the appropriate Settings object.
  app_url = wandb.util.app_url(tags["base_url"])  # type: ignore[index]
/home/s28404/inzynierka_kod_zrodlowy/.venv/lib/python3.12/site-packages/wandb/analytics/sentry.py:268: DeprecationWarning: Read the `app_url` setting from the appropriate Settings object.
  app_url = wandb.util.app_url(tags["base_url"])  # type: ignore[index]
/home/s28404/inzynierka_kod_zrodlowy/.venv/lib/python3.12/site-packages/wandb/analytics/sentry.py:279: DeprecationWarning: The `Scope.user` setter is deprecated in favor of `Scope.set_user()`.
  self.scope.user = {"email": email}
wandb: setting up run g91zl8fh
/home/s28404/inzynierka_kod_zrodlowy/.venv/lib/python3.12/site-packages/wandb/analytics/sentry.py:268: DeprecationWarning: Read the `app_url` setting from the appropriate Settings object.
  app_url = wandb.util.app_url(tags["base_url"])  # type: ignore[index]
/home/s28404/inzynierka_kod_zrodlowy/.venv/lib/python3.12/site-packages/wandb/analytics/sentry.py:279: DeprecationWarning: The `Scope.user` setter is deprecated in favor of `Scope.set_user()`.
  self.scope.user = {"email": email}
wandb: Tracking run with wandb version 0.25.0
wandb: Run data is saved locally in logs_thesis/minigrid/wandb/run-20260616_123751-g91zl8fh
wandb: Run `wandb offline` to turn off syncing.
wandb: Syncing run r2d2_demir_BabyAI_KeyCorridorS4R3_v0_seed102_26_06_16-12_37_50
wandb: ⭐️ View project at https://wandb.ai/frackowiak_kajetan/kod_zrodlowy_demir
wandb: 🚀 View run at https://wandb.ai/frackowiak_kajetan/kod_zrodlowy_demir/runs/g91zl8fh
========================================================================/home/s28404/inzynierka_kod_zrodlowy/.venv/lib/python3.12/site-packages/google/protobuf/internal/well_known_types.py:195: DeprecationWarning: datetime.datetime.utcnow() is deprecated and scheduled for removal in a future version. Use timezone-aware objects to represent datetimes in UTC: datetime.datetime.now(datetime.UTC).
  self.FromDatetime(datetime.datetime.utcnow())

Run: r2d2_demir_BabyAI_KeyCorridorS4R3_v0_seed102_26_06_16-12_37_50
Variant: r2d2_demir | Intrinsic kind: demir | Scale: 0.1
Env: BabyAI-KeyCorridorS4R3-v0 | Device: cuda | Threads: 4
========================================================================
[train] 00:40<55:51:16, 0.020s/step step=    2000 episodes=    4 eps=0.998 replay=  1664 loss=nan ext100=0.000 total100=0.044
[train] 01:27<60:51:11, 0.022s/step step=    4000 episodes=    8 eps=0.996 replay=  3328 loss=nan ext100=0.000 total100=0.021
[train] 02:15<62:29:50, 0.023s/step step=    6000 episodes=   13 eps=0.994 replay=  5127 loss=nan ext100=0.048 total100=0.074
[train] 03:02<63:18:54, 0.023s/step step=    8000 episodes=   17 eps=0.992 replay=  6791 loss=nan ext100=0.037 total100=0.071
[train] 03:49<63:48:30, 0.023s/step step=   10000 episodes=   21 eps=0.991 replay=  8455 loss=nan ext100=0.030 total100=0.073
[train] 04:37<64:07:30, 0.023s/step step=   12000 episodes=   25 eps=0.989 replay= 10119 loss=nan ext100=0.025 total100=0.074
[train] 05:24<64:20:28, 0.023s/step step=   14000 episodes=   29 eps=0.987 replay= 11783 loss=nan ext100=0.022 total100=0.077
[train] 06:12<64:30:13, 0.023s/step step=   16000 episodes=   33 eps=0.985 replay= 13447 loss=nan ext100=0.019 total100=0.076
[train] 06:59<64:38:21, 0.023s/step step=   18000 episodes=   38 eps=0.983 replay= 15527 loss=nan ext100=0.016 total100=0.078
[eval] step=20000 episodes=42 mean_ext_return=0.000
[train] 07:58<66:23:08, 0.024s/step step=   20000 episodes=   42 eps=0.981 replay= 17191 loss=nan ext100=0.015 total100=0.075
[train] 08:47<66:25:50, 0.024s/step step=   22000 episodes=   46 eps=0.979 replay= 18855 loss=nan ext100=0.014 total100=0.076
[train] 09:36<66:36:06, 0.024s/step step=   24000 episodes=   50 eps=0.977 replay= 20519 loss=nan ext100=0.013 total100=0.082
[train] 10:28<67:01:11, 0.024s/step step=   26000 episodes=   54 eps=0.975 replay= 22183 loss=nan ext100=0.012 total100=0.082
[train] 11:21<67:23:20, 0.024s/step step=   28000 episodes=   58 eps=0.973 replay= 23847 loss=nan ext100=0.011 total100=0.077
[train] 12:13<67:42:43, 0.024s/step step=   30000 episodes=   63 eps=0.972 replay= 25927 loss=nan ext100=0.010 total100=0.080
[train] 13:07<68:06:36, 0.025s/step step=   32000 episodes=   67 eps=0.970 replay= 27591 loss=nan ext100=0.009 total100=0.079
[train] 14:01<68:28:53, 0.025s/step step=   34000 episodes=   71 eps=0.968 replay= 29255 loss=nan ext100=0.009 total100=0.083
[train] 14:56<68:55:57, 0.025s/step step=   36000 episodes=   75 eps=0.966 replay= 30919 loss=nan ext100=0.008 total100=0.086
[train] 15:52<69:21:02, 0.025s/step step=   38000 episodes=   79 eps=0.964 replay= 32583 loss=nan ext100=0.008 total100=0.088
[eval] step=40000 episodes=83 mean_ext_return=0.000
[train] 17:03<70:48:56, 0.026s/step step=   40000 episodes=   83 eps=0.962 replay= 34247 loss=nan ext100=0.008 total100=0.088
[train] 18:00<71:10:25, 0.026s/step step=   42000 episodes=   88 eps=0.960 replay= 36327 loss=nan ext100=0.007 total100=0.090
[train] 18:59<71:38:07, 0.026s/step step=   44000 episodes=   92 eps=0.958 replay= 37991 loss=nan ext100=0.007 total100=0.088
[train] 19:59<72:07:02, 0.026s/step step=   46000 episodes=   96 eps=0.956 replay= 39655 loss=nan ext100=0.007 total100=0.089
[train] 20:58<72:28:16, 0.026s/step step=   48000 episodes=  100 eps=0.954 replay= 39655 loss=nan ext100=0.006 total100=0.088
[train] 21:58<72:53:43, 0.026s/step step=   50000 episodes=  104 eps=0.953 replay= 39655 loss=0.00129 ext100=0.006 total100=0.089
[train] 23:40<75:28:44, 0.027s/step step=   52000 episodes=  108 eps=0.951 replay= 39936 loss=0.00029 ext100=0.006 total100=0.093
[train] 25:22<77:52:46, 0.028s/step step=   54000 episodes=  113 eps=0.949 replay= 39936 loss=0.00059 ext100=0.000 total100=0.090
[train] 27:03<80:05:26, 0.029s/step step=   56000 episodes=  117 eps=0.947 replay= 39936 loss=0.00039 ext100=0.000 total100=0.090
[train] 28:45<82:10:24, 0.030s/step step=   58000 episodes=  121 eps=0.945 replay= 39936 loss=0.00022 ext100=0.000 total100=0.090
[eval] step=60000 episodes=125 mean_ext_return=0.000
[train] 30:42<84:48:36, 0.031s/step step=   60000 episodes=  125 eps=0.943 replay= 39936 loss=0.00021 ext100=0.000 total100=0.089
[train] 32:24<86:35:45, 0.031s/step step=   62000 episodes=  129 eps=0.941 replay= 39936 loss=0.00021 ext100=0.000 total100=0.090
[train] 34:06<88:14:21, 0.032s/step step=   64000 episodes=  133 eps=0.939 replay= 39936 loss=0.00021 ext100=0.000 total100=0.091
[train] 35:47<89:48:09, 0.033s/step step=   66000 episodes=  138 eps=0.937 replay= 39936 loss=0.00016 ext100=0.000 total100=0.088
[train] 37:29<91:15:46, 0.033s/step step=   68000 episodes=  142 eps=0.935 replay= 39936 loss=0.00014 ext100=0.000 total100=0.088
[train] 39:11<92:39:05, 0.034s/step step=   70000 episodes=  146 eps=0.933 replay= 39936 loss=0.00012 ext100=0.000 total100=0.088
[train] 40:53<93:57:55, 0.034s/step step=   72000 episodes=  150 eps=0.932 replay= 39936 loss=0.00013 ext100=0.000 total100=0.086
[train] 42:35<95:12:58, 0.035s/step step=   74000 episodes=  154 eps=0.930 replay= 39936 loss=0.00014 ext100=0.000 total100=0.085
[train] 44:17<96:23:09, 0.035s/step step=   76000 episodes=  158 eps=0.928 replay= 39936 loss=0.00011 ext100=0.000 total100=0.088
[train] 45:59<97:31:11, 0.035s/step step=   78000 episodes=  163 eps=0.926 replay= 39936 loss=0.00010 ext100=0.000 total100=0.089
[eval] step=80000 episodes=167 mean_ext_return=0.000
[train] 47:57<99:06:41, 0.036s/step step=   80000 episodes=  167 eps=0.924 replay= 39936 loss=0.00009 ext100=0.000 total100=0.092
[train] 49:39<100:06:45, 0.036s/step step=   82000 episodes=  171 eps=0.922 replay= 39936 loss=0.00011 ext100=0.000 total100=0.087
[train] 51:21<101:02:08, 0.037s/step step=   84000 episodes=  175 eps=0.920 replay= 39936 loss=0.00010 ext100=0.000 total100=0.084
[train] 53:03<101:56:27, 0.037s/step step=   86000 episodes=  179 eps=0.918 replay= 39936 loss=0.00011 ext100=0.000 total100=0.084
[train] 54:45<102:47:36, 0.037s/step step=   88000 episodes=  183 eps=0.916 replay= 39936 loss=0.00010 ext100=0.000 total100=0.083
[train] 56:27<103:36:50, 0.038s/step step=   90000 episodes=  188 eps=0.914 replay= 39936 loss=0.00011 ext100=0.000 total100=0.081
[train] 58:09<104:23:46, 0.038s/step step=   92000 episodes=  192 eps=0.913 replay= 39936 loss=0.00010 ext100=0.000 total100=0.082
[train] 59:51<105:08:51, 0.038s/step step=   94000 episodes=  196 eps=0.911 replay= 39936 loss=0.00009 ext100=0.000 total100=0.079
[train] 1:01:33<105:51:30, 0.038s/step step=   96000 episodes=  200 eps=0.909 replay= 39936 loss=0.00009 ext100=0.000 total100=0.081
[train] 1:03:16<106:33:18, 0.039s/step step=   98000 episodes=  204 eps=0.907 replay= 39936 loss=0.00015 ext100=0.000 total100=0.081
[eval] step=100000 episodes=208 mean_ext_return=0.000
[train] 1:05:14<107:38:11, 0.039s/step step=  100000 episodes=  208 eps=0.905 replay= 39936 loss=0.00011 ext100=0.000 total100=0.079
[train] 1:06:56<108:15:54, 0.039s/step step=  102000 episodes=  213 eps=0.903 replay= 39936 loss=0.00011 ext100=0.000 total100=0.078
[train] 1:08:37<108:50:42, 0.040s/step step=  104000 episodes=  217 eps=0.901 replay= 39936 loss=0.00010 ext100=0.000 total100=0.078
[train] 1:10:20<109:25:12, 0.040s/step step=  106000 episodes=  221 eps=0.899 replay= 39936 loss=0.00014 ext100=0.000 total100=0.080
[train] 1:12:02<109:57:55, 0.040s/step step=  108000 episodes=  225 eps=0.897 replay= 39936 loss=0.00011 ext100=0.000 total100=0.081
[train] 1:13:44<110:29:42, 0.040s/step step=  110000 episodes=  229 eps=0.895 replay= 39936 loss=0.00010 ext100=0.000 total100=0.078
[train] 1:15:26<111:00:07, 0.040s/step step=  112000 episodes=  233 eps=0.894 replay= 39936 loss=0.00013 ext100=0.000 total100=0.076
[train] 1:17:08<111:29:50, 0.041s/step step=  114000 episodes=  238 eps=0.892 replay= 39936 loss=0.00011 ext100=0.000 total100=0.080
[train] 1:18:50<111:58:08, 0.041s/step step=  116000 episodes=  242 eps=0.890 replay= 39936 loss=0.00011 ext100=0.000 total100=0.082
[train] 1:20:33<112:26:01, 0.041s/step step=  118000 episodes=  246 eps=0.888 replay= 39936 loss=0.00013 ext100=0.000 total100=0.081
[eval] step=120000 episodes=250 mean_ext_return=0.000
[train] 1:22:30<113:13:48, 0.041s/step step=  120000 episodes=  250 eps=0.886 replay= 39936 loss=0.00011 ext100=0.000 total100=0.082
[train] 1:24:13<113:39:28, 0.041s/step step=  122000 episodes=  254 eps=0.884 replay= 39936 loss=0.00011 ext100=0.000 total100=0.084
[train] 1:25:54<114:02:38, 0.042s/step step=  124000 episodes=  258 eps=0.882 replay= 39936 loss=0.00011 ext100=0.000 total100=0.085
[train] 1:27:37<114:26:08, 0.042s/step step=  126000 episodes=  263 eps=0.880 replay= 39936 loss=0.00011 ext100=0.000 total100=0.083
[train] 1:29:18<114:48:32, 0.042s/step step=  128000 episodes=  267 eps=0.878 replay= 39936 loss=0.00010 ext100=0.000 total100=0.082
[train] 1:31:01<115:10:28, 0.042s/step step=  130000 episodes=  271 eps=0.877 replay= 39936 loss=0.00013 ext100=0.000 total100=0.087
[train] 1:32:43<115:31:30, 0.042s/step step=  132000 episodes=  275 eps=0.875 replay= 39936 loss=0.00012 ext100=0.000 total100=0.089
[train] 1:34:25<115:52:10, 0.042s/step step=  134000 episodes=  279 eps=0.873 replay= 39936 loss=0.00009 ext100=0.000 total100=0.088
[train] 1:36:07<116:11:55, 0.042s/step step=  136000 episodes=  283 eps=0.871 replay= 39936 loss=0.00011 ext100=0.000 total100=0.091
[train] 1:37:50<116:31:36, 0.043s/step step=  138000 episodes=  288 eps=0.869 replay= 39936 loss=0.00010 ext100=0.000 total100=0.092
[eval] step=140000 episodes=292 mean_ext_return=0.000
[train] 1:39:47<117:08:45, 0.043s/step step=  140000 episodes=  292 eps=0.867 replay= 39936 loss=0.00011 ext100=0.000 total100=0.097
[train] 1:41:30<117:26:54, 0.043s/step step=  142000 episodes=  296 eps=0.865 replay= 39936 loss=0.00011 ext100=0.000 total100=0.101
[train] 1:43:11<117:43:14, 0.043s/step step=  144000 episodes=  300 eps=0.863 replay= 39936 loss=0.00011 ext100=0.000 total100=0.099
[train] 1:44:54<118:00:09, 0.043s/step step=  146000 episodes=  304 eps=0.861 replay= 39936 loss=0.00015 ext100=0.000 total100=0.102
[train] 1:46:36<118:16:15, 0.043s/step step=  148000 episodes=  308 eps=0.859 replay= 39936 loss=0.00012 ext100=0.000 total100=0.102
[train] 1:48:18<118:32:05, 0.043s/step step=  150000 episodes=  313 eps=0.858 replay= 39936 loss=0.00012 ext100=0.000 total100=0.104
[train] 1:50:00<118:47:28, 0.043s/step step=  152000 episodes=  317 eps=0.856 replay= 39936 loss=0.00013 ext100=0.000 total100=0.105
[train] 1:51:43<119:02:48, 0.044s/step step=  154000 episodes=  321 eps=0.854 replay= 39936 loss=0.00015 ext100=0.000 total100=0.106
[train] 1:53:25<119:17:10, 0.044s/step step=  156000 episodes=  325 eps=0.852 replay= 39936 loss=0.00012 ext100=0.000 total100=0.107
[train] 1:55:07<119:31:38, 0.044s/step step=  158000 episodes=  329 eps=0.850 replay= 39936 loss=0.00010 ext100=0.000 total100=0.108
[eval] step=160000 episodes=333 mean_ext_return=0.000
[train] 1:57:05<120:01:24, 0.044s/step step=  160000 episodes=  333 eps=0.848 replay= 39936 loss=0.00012 ext100=0.000 total100=0.108
[train] 1:58:48<120:14:52, 0.044s/step step=  162000 episodes=  338 eps=0.846 replay= 39936 loss=0.00014 ext100=0.000 total100=0.109
[train] 2:00:29<120:26:43, 0.044s/step step=  164000 episodes=  342 eps=0.844 replay= 39936 loss=0.00010 ext100=0.000 total100=0.106
[train] 2:02:12<120:39:18, 0.044s/step step=  166000 episodes=  346 eps=0.842 replay= 39936 loss=0.00011 ext100=0.000 total100=0.106
[train] 2:03:54<120:51:12, 0.044s/step step=  168000 episodes=  350 eps=0.840 replay= 39936 loss=0.00013 ext100=0.000 total100=0.105
[train] 2:05:36<121:02:57, 0.044s/step step=  170000 episodes=  354 eps=0.839 replay= 39936 loss=0.00015 ext100=0.000 total100=0.105
[train] 2:07:18<121:14:24, 0.044s/step step=  172000 episodes=  358 eps=0.837 replay= 39936 loss=0.00011 ext100=0.000 total100=0.105
[train] 2:09:01<121:25:56, 0.044s/step step=  174000 episodes=  363 eps=0.835 replay= 39936 loss=0.00013 ext100=0.000 total100=0.104
[train] 2:10:43<121:36:37, 0.045s/step step=  176000 episodes=  367 eps=0.833 replay= 39936 loss=0.00012 ext100=0.000 total100=0.105
[train] 2:12:25<121:47:30, 0.045s/step step=  178000 episodes=  371 eps=0.831 replay= 39936 loss=0.00018 ext100=0.000 total100=0.103
[eval] step=180000 episodes=375 mean_ext_return=0.000
[train] 2:14:23<122:11:50, 0.045s/step step=  180000 episodes=  375 eps=0.829 replay= 39936 loss=0.00012 ext100=0.000 total100=0.102
[train] 2:16:06<122:22:08, 0.045s/step step=  182000 episodes=  379 eps=0.827 replay= 39936 loss=0.00013 ext100=0.000 total100=0.102
[train] 2:17:47<122:30:55, 0.045s/step step=  184000 episodes=  383 eps=0.825 replay= 39936 loss=0.00010 ext100=0.000 total100=0.101
[train] 2:19:29<122:40:29, 0.045s/step step=  186000 episodes=  388 eps=0.823 replay= 39936 loss=0.00018 ext100=0.000 total100=0.100
[train] 2:21:12<122:49:40, 0.045s/step step=  188000 episodes=  392 eps=0.821 replay= 39936 loss=0.00013 ext100=0.000 total100=0.096
[train] 2:22:54<122:58:33, 0.045s/step step=  190000 episodes=  396 eps=0.820 replay= 39936 loss=0.00014 ext100=0.000 total100=0.094
[train] 2:24:36<123:07:10, 0.045s/step step=  192000 episodes=  400 eps=0.818 replay= 39936 loss=0.00015 ext100=0.000 total100=0.097
[train] 2:26:19<123:15:52, 0.045s/step step=  194000 episodes=  404 eps=0.816 replay= 39936 loss=0.00016 ext100=0.000 total100=0.095
[train] 2:28:01<123:24:07, 0.045s/step step=  196000 episodes=  408 eps=0.814 replay= 39936 loss=0.00014 ext100=0.000 total100=0.097
[train] 2:29:43<123:32:29, 0.045s/step step=  198000 episodes=  413 eps=0.812 replay= 39936 loss=0.00014 ext100=0.000 total100=0.098
[eval] step=200000 episodes=417 mean_ext_return=0.000
[train] 2:31:41<123:53:06, 0.046s/step step=  200000 episodes=  417 eps=0.810 replay= 39936 loss=0.00014 ext100=0.000 total100=0.097
[train] 2:33:24<124:01:02, 0.046s/step step=  202000 episodes=  421 eps=0.808 replay= 39936 loss=0.00014 ext100=0.000 total100=0.098
[train] 2:35:05<124:07:42, 0.046s/step step=  204000 episodes=  425 eps=0.806 replay= 39936 loss=0.00011 ext100=0.000 total100=0.099
[train] 2:36:48<124:15:06, 0.046s/step step=  206000 episodes=  429 eps=0.804 replay= 39936 loss=0.00014 ext100=0.000 total100=0.099
[train] 2:38:30<124:22:08, 0.046s/step step=  208000 episodes=  433 eps=0.802 replay= 39936 loss=0.00013 ext100=0.000 total100=0.100
[train] 2:40:12<124:29:00, 0.046s/step step=  210000 episodes=  438 eps=0.800 replay= 39936 loss=0.00013 ext100=0.000 total100=0.102
[train] 2:41:54<124:35:39, 0.046s/step step=  212000 episodes=  442 eps=0.799 replay= 39936 loss=0.00014 ext100=0.000 total100=0.103
[train] 2:43:37<124:42:28, 0.046s/step step=  214000 episodes=  446 eps=0.797 replay= 39936 loss=0.00011 ext100=0.000 total100=0.101
[train] 2:45:19<124:48:46, 0.046s/step step=  216000 episodes=  450 eps=0.795 replay= 39936 loss=0.00010 ext100=0.000 total100=0.102
[train] 2:47:02<124:55:23, 0.046s/step step=  218000 episodes=  454 eps=0.793 replay= 39936 loss=0.00014 ext100=0.000 total100=0.106
[eval] step=220000 episodes=458 mean_ext_return=0.000
[train] 2:49:00<125:13:06, 0.046s/step step=  220000 episodes=  458 eps=0.791 replay= 39936 loss=0.00011 ext100=0.000 total100=0.105
[train] 2:50:42<125:19:12, 0.046s/step step=  222000 episodes=  463 eps=0.789 replay= 39936 loss=0.00014 ext100=0.000 total100=0.103
[train] 2:52:24<125:24:12, 0.046s/step step=  224000 episodes=  467 eps=0.787 replay= 39936 loss=0.00012 ext100=0.000 total100=0.103
[train] 2:54:06<125:30:03, 0.046s/step step=  226000 episodes=  471 eps=0.785 replay= 39936 loss=0.00015 ext100=0.000 total100=0.102
[train] 2:55:49<125:35:26, 0.046s/step step=  228000 episodes=  475 eps=0.783 replay= 39936 loss=0.00013 ext100=0.000 total100=0.104
[train] 2:57:31<125:40:51, 0.046s/step step=  230000 episodes=  479 eps=0.781 replay= 39936 loss=0.00012 ext100=0.000 total100=0.105
[train] 2:59:13<125:46:05, 0.046s/step step=  232000 episodes=  483 eps=0.780 replay= 39936 loss=0.00014 ext100=0.000 total100=0.106
[train] 3:00:56<125:51:31, 0.046s/step step=  234000 episodes=  488 eps=0.778 replay= 39936 loss=0.00014 ext100=0.000 total100=0.106
[train] 3:02:38<125:56:29, 0.046s/step step=  236000 episodes=  492 eps=0.776 replay= 39936 loss=0.00011 ext100=0.000 total100=0.107
[train] 3:04:21<126:01:42, 0.046s/step step=  238000 episodes=  496 eps=0.774 replay= 39936 loss=0.00013 ext100=0.000 total100=0.103
[eval] step=240000 episodes=500 mean_ext_return=0.000
[train] 3:06:19<126:17:01, 0.047s/step step=  240000 episodes=  500 eps=0.772 replay= 39936 loss=0.00014 ext100=0.000 total100=0.103
[train] 3:08:01<126:21:55, 0.047s/step step=  242000 episodes=  504 eps=0.770 replay= 39936 loss=0.00018 ext100=0.000 total100=0.105
[train] 3:09:43<126:25:52, 0.047s/step step=  244000 episodes=  508 eps=0.768 replay= 39936 loss=0.00017 ext100=0.000 total100=0.106
[train] 3:11:26<126:30:27, 0.047s/step step=  246000 episodes=  513 eps=0.766 replay= 39936 loss=0.00015 ext100=0.000 total100=0.103
[train] 3:13:08<126:34:44, 0.047s/step step=  248000 episodes=  517 eps=0.764 replay= 39936 loss=0.00014 ext100=0.000 total100=0.101
[train] 3:14:50<126:38:54, 0.047s/step step=  250000 episodes=  521 eps=0.762 replay= 39936 loss=0.00020 ext100=0.000 total100=0.101
[train] 3:16:32<126:43:01, 0.047s/step step=  252000 episodes=  525 eps=0.761 replay= 39936 loss=0.00015 ext100=0.000 total100=0.101
[train] 3:18:15<126:47:17, 0.047s/step step=  254000 episodes=  529 eps=0.759 replay= 39936 loss=0.00014 ext100=0.000 total100=0.102
[train] 3:19:57<126:51:07, 0.047s/step step=  256000 episodes=  533 eps=0.757 replay= 39936 loss=0.00013 ext100=0.000 total100=0.103
[train] 3:21:40<126:55:12, 0.047s/step step=  258000 episodes=  538 eps=0.755 replay= 39936 loss=0.00018 ext100=0.000 total100=0.100
[eval] step=260000 episodes=542 mean_ext_return=0.000
[train] 3:23:38<127:08:41, 0.047s/step step=  260000 episodes=  542 eps=0.753 replay= 39936 loss=0.00015 ext100=0.000 total100=0.101
[train] 3:25:21<127:12:37, 0.047s/step step=  262000 episodes=  546 eps=0.751 replay= 39936 loss=0.00014 ext100=0.000 total100=0.105
[train] 3:27:02<127:15:36, 0.047s/step step=  264000 episodes=  550 eps=0.749 replay= 39936 loss=0.00014 ext100=0.000 total100=0.106
[train] 3:28:45<127:19:15, 0.047s/step step=  266000 episodes=  554 eps=0.747 replay= 39936 loss=0.00018 ext100=0.000 total100=0.101
[train] 3:30:27<127:22:34, 0.047s/step step=  268000 episodes=  558 eps=0.745 replay= 39936 loss=0.00016 ext100=0.000 total100=0.102
[train] 3:32:09<127:25:50, 0.047s/step step=  270000 episodes=  563 eps=0.744 replay= 39936 loss=0.00016 ext100=0.000 total100=0.102
[train] 3:33:52<127:28:57, 0.047s/step step=  272000 episodes=  567 eps=0.742 replay= 39936 loss=0.00013 ext100=0.000 total100=0.104
[train] 3:35:34<127:32:22, 0.047s/step step=  274000 episodes=  571 eps=0.740 replay= 39936 loss=0.00016 ext100=0.000 total100=0.104
[train] 3:37:17<127:35:21, 0.047s/step step=  276000 episodes=  575 eps=0.738 replay= 39936 loss=0.00014 ext100=0.000 total100=0.101
[train] 3:38:59<127:38:38, 0.047s/step step=  278000 episodes=  579 eps=0.736 replay= 39936 loss=0.00014 ext100=0.000 total100=0.101
[eval] step=280000 episodes=583 mean_ext_return=0.000
[train] 3:40:57<127:50:37, 0.047s/step step=  280000 episodes=  583 eps=0.734 replay= 39936 loss=0.00014 ext100=0.000 total100=0.104
[train] 3:42:40<127:53:46, 0.047s/step step=  282000 episodes=  588 eps=0.732 replay= 39936 loss=0.00020 ext100=0.000 total100=0.104
[train] 3:44:22<127:55:56, 0.047s/step step=  284000 episodes=  592 eps=0.730 replay= 39936 loss=0.00016 ext100=0.000 total100=0.106
[train] 3:46:04<127:58:49, 0.047s/step step=  286000 episodes=  596 eps=0.728 replay= 39936 loss=0.00018 ext100=0.000 total100=0.112
[train] 3:47:47<128:01:28, 0.047s/step step=  288000 episodes=  600 eps=0.726 replay= 39936 loss=0.00014 ext100=0.000 total100=0.110
[train] 3:49:29<128:04:00, 0.047s/step step=  290000 episodes=  604 eps=0.725 replay= 39936 loss=0.00020 ext100=0.000 total100=0.112
[train] 3:51:11<128:06:28, 0.048s/step step=  292000 episodes=  608 eps=0.723 replay= 39936 loss=0.00016 ext100=0.000 total100=0.111
[train] 3:52:54<128:09:11, 0.048s/step step=  294000 episodes=  613 eps=0.721 replay= 39936 loss=0.00015 ext100=0.000 total100=0.112
[train] 3:54:37<128:11:38, 0.048s/step step=  296000 episodes=  617 eps=0.719 replay= 39936 loss=0.00014 ext100=0.000 total100=0.112
[train] 3:56:19<128:14:13, 0.048s/step step=  298000 episodes=  621 eps=0.717 replay= 39936 loss=0.00017 ext100=0.000 total100=0.108
[eval] step=300000 episodes=625 mean_ext_return=0.000
[train] 3:58:17<128:24:55, 0.048s/step step=  300000 episodes=  625 eps=0.715 replay= 39936 loss=0.00013 ext100=0.000 total100=0.109
[train] 4:00:00<128:27:23, 0.048s/step step=  302000 episodes=  629 eps=0.713 replay= 39936 loss=0.00015 ext100=0.000 total100=0.109
[train] 4:01:42<128:28:58, 0.048s/step step=  304000 episodes=  633 eps=0.711 replay= 39936 loss=0.00013 ext100=0.000 total100=0.109
[train] 4:03:24<128:31:21, 0.048s/step step=  306000 episodes=  638 eps=0.709 replay= 39936 loss=0.00018 ext100=0.000 total100=0.107
[train] 4:05:07<128:33:19, 0.048s/step step=  308000 episodes=  642 eps=0.707 replay= 39936 loss=0.00014 ext100=0.000 total100=0.108
[train] 4:06:49<128:35:17, 0.048s/step step=  310000 episodes=  646 eps=0.706 replay= 39936 loss=0.00011 ext100=0.000 total100=0.106
[train] 4:08:31<128:37:09, 0.048s/step step=  312000 episodes=  650 eps=0.704 replay= 39936 loss=0.00014 ext100=0.000 total100=0.106
[train] 4:10:14<128:39:19, 0.048s/step step=  314000 episodes=  654 eps=0.702 replay= 39936 loss=0.00017 ext100=0.000 total100=0.107
[train] 4:11:56<128:41:08, 0.048s/step step=  316000 episodes=  658 eps=0.700 replay= 39936 loss=0.00013 ext100=0.000 total100=0.104
[train] 4:13:39<128:43:10, 0.048s/step step=  318000 episodes=  663 eps=0.698 replay= 39936 loss=0.00014 ext100=0.000 total100=0.105
[eval] step=320000 episodes=667 mean_ext_return=0.000
[train] 4:15:37<128:52:50, 0.048s/step step=  320000 episodes=  667 eps=0.696 replay= 39936 loss=0.00013 ext100=0.000 total100=0.103
[train] 4:17:20<128:54:46, 0.048s/step step=  322000 episodes=  671 eps=0.694 replay= 39936 loss=0.00017 ext100=0.000 total100=0.104
[train] 4:19:02<128:55:57, 0.048s/step step=  324000 episodes=  675 eps=0.692 replay= 39936 loss=0.00013 ext100=0.000 total100=0.106
[train] 4:20:45<128:57:48, 0.048s/step step=  326000 episodes=  679 eps=0.690 replay= 39936 loss=0.00013 ext100=0.000 total100=0.106
[train] 4:22:27<128:59:21, 0.048s/step step=  328000 episodes=  683 eps=0.688 replay= 39936 loss=0.00014 ext100=0.000 total100=0.103
[train] 4:24:10<129:00:54, 0.048s/step step=  330000 episodes=  688 eps=0.686 replay= 39936 loss=0.00022 ext100=0.000 total100=0.102
[train] 4:25:52<129:02:24, 0.048s/step step=  332000 episodes=  692 eps=0.685 replay= 39936 loss=0.00013 ext100=0.000 total100=0.100
[train] 4:27:35<129:04:05, 0.048s/step step=  334000 episodes=  696 eps=0.683 replay= 39936 loss=0.00013 ext100=0.000 total100=0.099
[train] 4:29:17<129:05:30, 0.048s/step step=  336000 episodes=  700 eps=0.681 replay= 39936 loss=0.00015 ext100=0.000 total100=0.103
[train] 4:31:00<129:07:08, 0.048s/step step=  338000 episodes=  704 eps=0.679 replay= 39936 loss=0.00016 ext100=0.000 total100=0.099
[eval] step=340000 episodes=708 mean_ext_return=0.000
[train] 4:32:58<129:15:54, 0.048s/step step=  340000 episodes=  708 eps=0.677 replay= 39936 loss=0.00014 ext100=0.000 total100=0.100
[train] 4:34:41<129:17:22, 0.048s/step step=  342000 episodes=  713 eps=0.675 replay= 39936 loss=0.00012 ext100=0.000 total100=0.099
[train] 4:36:23<129:18:10, 0.048s/step step=  344000 episodes=  717 eps=0.673 replay= 39936 loss=0.00013 ext100=0.000 total100=0.102
[train] 4:38:06<129:19:34, 0.048s/step step=  346000 episodes=  721 eps=0.671 replay= 39848 loss=0.00019 ext100=0.003 total100=0.108
[train] 4:39:48<129:20:43, 0.048s/step step=  348000 episodes=  725 eps=0.669 replay= 39848 loss=0.00014 ext100=0.003 total100=0.105
[train] 4:41:31<129:21:50, 0.048s/step step=  350000 episodes=  729 eps=0.667 replay= 39848 loss=0.00012 ext100=0.003 total100=0.104
[train] 4:43:13<129:22:53, 0.048s/step step=  352000 episodes=  734 eps=0.666 replay= 39848 loss=0.00011 ext100=0.003 total100=0.102
[train] 4:44:56<129:24:11, 0.048s/step step=  354000 episodes=  738 eps=0.664 replay= 39848 loss=0.00014 ext100=0.003 total100=0.102
[train] 4:46:38<129:25:10, 0.048s/step step=  356000 episodes=  742 eps=0.662 replay= 39848 loss=0.00013 ext100=0.003 total100=0.100
[train] 4:48:21<129:26:23, 0.048s/step step=  358000 episodes=  746 eps=0.660 replay= 39848 loss=0.00012 ext100=0.003 total100=0.098
[eval] step=360000 episodes=750 mean_ext_return=0.000
[train] 4:50:19<129:34:21, 0.048s/step step=  360000 episodes=  750 eps=0.658 replay= 39848 loss=0.00013 ext100=0.003 total100=0.097
[train] 4:52:02<129:35:27, 0.048s/step step=  362000 episodes=  754 eps=0.656 replay= 39848 loss=0.00015 ext100=0.003 total100=0.096
[train] 4:53:44<129:35:57, 0.048s/step step=  364000 episodes=  759 eps=0.654 replay= 39848 loss=0.00014 ext100=0.003 total100=0.100
[train] 4:55:27<129:36:59, 0.048s/step step=  366000 episodes=  763 eps=0.652 replay= 39848 loss=0.00014 ext100=0.003 total100=0.099
[train] 4:57:09<129:37:49, 0.048s/step step=  368000 episodes=  767 eps=0.650 replay= 39848 loss=0.00014 ext100=0.003 total100=0.101
[train] 4:58:51<129:38:34, 0.048s/step step=  370000 episodes=  771 eps=0.649 replay= 39848 loss=0.00019 ext100=0.003 total100=0.099
[train] 5:00:34<129:39:21, 0.048s/step step=  372000 episodes=  775 eps=0.647 replay= 39848 loss=0.00013 ext100=0.003 total100=0.098
[train] 5:02:17<129:40:15, 0.048s/step step=  374000 episodes=  779 eps=0.645 replay= 39848 loss=0.00013 ext100=0.003 total100=0.096
[train] 5:03:59<129:40:56, 0.049s/step step=  376000 episodes=  784 eps=0.643 replay= 39848 loss=0.00015 ext100=0.003 total100=0.098
[train] 5:05:42<129:41:49, 0.049s/step step=  378000 episodes=  788 eps=0.641 replay= 39848 loss=0.00018 ext100=0.003 total100=0.098
[eval] step=380000 episodes=792 mean_ext_return=0.000
[train] 5:07:40<129:49:02, 0.049s/step step=  380000 episodes=  792 eps=0.639 replay= 39848 loss=0.00012 ext100=0.003 total100=0.098
[train] 5:09:23<129:49:52, 0.049s/step step=  382000 episodes=  796 eps=0.637 replay= 39848 loss=0.00015 ext100=0.003 total100=0.099
[train] 5:11:05<129:50:04, 0.049s/step step=  384000 episodes=  800 eps=0.635 replay= 39848 loss=0.00014 ext100=0.003 total100=0.096
[train] 5:12:47<129:50:47, 0.049s/step step=  386000 episodes=  804 eps=0.633 replay= 39848 loss=0.00017 ext100=0.003 total100=0.096
[train] 5:14:30<129:51:19, 0.049s/step step=  388000 episodes=  809 eps=0.631 replay= 39848 loss=0.00012 ext100=0.003 total100=0.095
[train] 5:16:12<129:51:48, 0.049s/step step=  390000 episodes=  813 eps=0.629 replay= 39848 loss=0.00015 ext100=0.003 total100=0.096
[train] 5:17:55<129:52:14, 0.049s/step step=  392000 episodes=  817 eps=0.628 replay= 39936 loss=0.00013 ext100=0.003 total100=0.093
[train] 5:19:38<129:52:54, 0.049s/step step=  394000 episodes=  821 eps=0.626 replay= 39936 loss=0.00021 ext100=0.000 total100=0.089
[train] 5:21:20<129:53:21, 0.049s/step step=  396000 episodes=  825 eps=0.624 replay= 39936 loss=0.00012 ext100=0.000 total100=0.093
[train] 5:23:03<129:54:00, 0.049s/step step=  398000 episodes=  829 eps=0.622 replay= 39936 loss=0.00012 ext100=0.000 total100=0.091
[eval] step=400000 episodes=834 mean_ext_return=0.000
[train] 5:25:01<130:00:39, 0.049s/step step=  400000 episodes=  834 eps=0.620 replay= 39936 loss=0.00013 ext100=0.000 total100=0.094
[train] 5:26:44<130:01:13, 0.049s/step step=  402000 episodes=  838 eps=0.618 replay= 39936 loss=0.00018 ext100=0.000 total100=0.097
[train] 5:28:26<130:01:09, 0.049s/step step=  404000 episodes=  842 eps=0.616 replay= 39936 loss=0.00013 ext100=0.000 total100=0.098
[train] 5:30:09<130:01:40, 0.049s/step step=  406000 episodes=  846 eps=0.614 replay= 39936 loss=0.00010 ext100=0.000 total100=0.103
[train] 5:31:51<130:01:58, 0.049s/step step=  408000 episodes=  850 eps=0.612 replay= 39936 loss=0.00010 ext100=0.000 total100=0.104
[train] 5:33:34<130:02:17, 0.049s/step step=  410000 episodes=  854 eps=0.611 replay= 39936 loss=0.00023 ext100=0.000 total100=0.104
[train] 5:35:16<130:02:31, 0.049s/step step=  412000 episodes=  859 eps=0.609 replay= 39936 loss=0.00013 ext100=0.000 total100=0.103
[train] 5:36:59<130:02:57, 0.049s/step step=  414000 episodes=  863 eps=0.607 replay= 39936 loss=0.00012 ext100=0.000 total100=0.104
[train] 5:38:42<130:03:09, 0.049s/step step=  416000 episodes=  867 eps=0.605 replay= 39936 loss=0.00011 ext100=0.000 total100=0.104
[train] 5:40:25<130:03:33, 0.049s/step step=  418000 episodes=  871 eps=0.603 replay= 39936 loss=0.00019 ext100=0.000 total100=0.104
[eval] step=420000 episodes=875 mean_ext_return=0.000
[train] 5:42:23<130:09:38, 0.049s/step step=  420000 episodes=  875 eps=0.601 replay= 39936 loss=0.00011 ext100=0.000 total100=0.104
[train] 5:44:06<130:09:56, 0.049s/step step=  422000 episodes=  879 eps=0.599 replay= 39936 loss=0.00012 ext100=0.000 total100=0.104
[train] 5:45:47<130:09:46, 0.049s/step step=  424000 episodes=  884 eps=0.597 replay= 39936 loss=0.00012 ext100=0.000 total100=0.102
[train] 5:47:30<130:10:04, 0.049s/step step=  426000 episodes=  888 eps=0.595 replay= 39936 loss=0.00030 ext100=0.000 total100=0.103
[train] 5:49:13<130:10:12, 0.049s/step step=  428000 episodes=  892 eps=0.593 replay= 39936 loss=0.00012 ext100=0.000 total100=0.105
[train] 5:50:55<130:10:15, 0.049s/step step=  430000 episodes=  896 eps=0.592 replay= 39936 loss=0.00012 ext100=0.000 total100=0.105
[train] 5:52:38<130:10:21, 0.049s/step step=  432000 episodes=  900 eps=0.590 replay= 39936 loss=0.00011 ext100=0.000 total100=0.108
[train] 5:54:21<130:10:35, 0.049s/step step=  434000 episodes=  904 eps=0.588 replay= 39936 loss=0.00021 ext100=0.000 total100=0.109
[train] 5:56:04<130:10:36, 0.049s/step step=  436000 episodes=  909 eps=0.586 replay= 39936 loss=0.00013 ext100=0.000 total100=0.111
[train] 5:57:46<130:10:46, 0.049s/step step=  438000 episodes=  913 eps=0.584 replay= 39936 loss=0.00012 ext100=0.000 total100=0.111
[eval] step=440000 episodes=917 mean_ext_return=0.000
[train] 5:59:45<130:16:28, 0.049s/step step=  440000 episodes=  917 eps=0.582 replay= 39936 loss=0.00012 ext100=0.000 total100=0.112
[train] 6:01:28<130:16:35, 0.049s/step step=  442000 episodes=  921 eps=0.580 replay= 39936 loss=0.00027 ext100=0.000 total100=0.113
[train] 6:03:09<130:16:09, 0.049s/step step=  444000 episodes=  925 eps=0.578 replay= 39936 loss=0.00011 ext100=0.000 total100=0.109
[train] 6:04:52<130:16:15, 0.049s/step step=  446000 episodes=  929 eps=0.576 replay= 39936 loss=0.00011 ext100=0.000 total100=0.112
[train] 6:06:35<130:16:12, 0.049s/step step=  448000 episodes=  934 eps=0.574 replay= 39936 loss=0.00010 ext100=0.000 total100=0.109
[train] 6:08:18<130:16:09, 0.049s/step step=  450000 episodes=  938 eps=0.573 replay= 39936 loss=0.00024 ext100=0.000 total100=0.110
[train] 6:10:00<130:16:05, 0.049s/step step=  452000 episodes=  942 eps=0.571 replay= 39936 loss=0.00014 ext100=0.000 total100=0.110
[train] 6:11:43<130:16:12, 0.049s/step step=  454000 episodes=  946 eps=0.569 replay= 39936 loss=0.00011 ext100=0.000 total100=0.108
[train] 6:13:26<130:16:09, 0.049s/step step=  456000 episodes=  950 eps=0.567 replay= 39936 loss=0.00011 ext100=0.000 total100=0.107
[train] 6:15:10<130:16:16, 0.049s/step step=  458000 episodes=  954 eps=0.565 replay= 39936 loss=0.00024 ext100=0.000 total100=0.109
[eval] step=460000 episodes=959 mean_ext_return=0.000
[train] 6:17:08<130:21:39, 0.049s/step step=  460000 episodes=  959 eps=0.563 replay= 39936 loss=0.00013 ext100=0.000 total100=0.110
[train] 6:18:52<130:21:44, 0.049s/step step=  462000 episodes=  963 eps=0.561 replay= 39936 loss=0.00011 ext100=0.000 total100=0.111
[train] 6:20:33<130:21:16, 0.049s/step step=  464000 episodes=  967 eps=0.559 replay= 39936 loss=0.00011 ext100=0.000 total100=0.112
[train] 6:22:17<130:21:18, 0.049s/step step=  466000 episodes=  971 eps=0.557 replay= 39936 loss=0.00025 ext100=0.000 total100=0.115
[train] 6:24:00<130:21:09, 0.049s/step step=  468000 episodes=  975 eps=0.555 replay= 39936 loss=0.00010 ext100=0.000 total100=0.117
[train] 6:25:42<130:21:00, 0.049s/step step=  470000 episodes=  979 eps=0.554 replay= 39936 loss=0.00009 ext100=0.000 total100=0.117
[train] 6:27:25<130:20:49, 0.049s/step step=  472000 episodes=  984 eps=0.552 replay= 39936 loss=0.00011 ext100=0.000 total100=0.117
[train] 6:29:09<130:20:46, 0.049s/step step=  474000 episodes=  988 eps=0.550 replay= 39936 loss=0.00025 ext100=0.000 total100=0.115
[train] 6:30:52<130:20:38, 0.049s/step step=  476000 episodes=  992 eps=0.548 replay= 39936 loss=0.00010 ext100=0.000 total100=0.114
[train] 6:32:35<130:20:35, 0.049s/step step=  478000 episodes=  996 eps=0.546 replay= 39936 loss=0.00010 ext100=0.000 total100=0.111
[eval] step=480000 episodes=1000 mean_ext_return=0.000
[train] 6:34:33<130:25:31, 0.049s/step step=  480000 episodes= 1000 eps=0.544 replay= 39936 loss=0.00010 ext100=0.000 total100=0.109
[train] 6:36:17<130:25:27, 0.049s/step step=  482000 episodes= 1004 eps=0.542 replay= 39936 loss=0.00022 ext100=0.000 total100=0.107
[train] 6:37:59<130:24:51, 0.049s/step step=  484000 episodes= 1009 eps=0.540 replay= 39936 loss=0.00013 ext100=0.000 total100=0.104
[train] 6:39:42<130:24:43, 0.049s/step step=  486000 episodes= 1013 eps=0.538 replay= 39936 loss=0.00012 ext100=0.000 total100=0.102
[train] 6:41:25<130:24:24, 0.049s/step step=  488000 episodes= 1017 eps=0.536 replay= 39936 loss=0.00010 ext100=0.000 total100=0.104
[train] 6:43:08<130:24:06, 0.049s/step step=  490000 episodes= 1021 eps=0.534 replay= 39936 loss=0.00024 ext100=0.000 total100=0.104
[train] 6:44:51<130:23:52, 0.049s/step step=  492000 episodes= 1025 eps=0.533 replay= 39936 loss=0.00013 ext100=0.000 total100=0.105
[train] 6:46:34<130:23:41, 0.049s/step step=  494000 episodes= 1029 eps=0.531 replay= 39936 loss=0.00011 ext100=0.000 total100=0.105
[train] 6:48:17<130:23:21, 0.049s/step step=  496000 episodes= 1034 eps=0.529 replay= 39936 loss=0.00011 ext100=0.000 total100=0.108
[train] 6:50:00<130:23:12, 0.049s/step step=  498000 episodes= 1038 eps=0.527 replay= 39936 loss=0.00027 ext100=0.000 total100=0.104
[eval] step=500000 episodes=1042 mean_ext_return=0.000
[train] 6:51:59<130:27:50, 0.049s/step step=  500000 episodes= 1042 eps=0.525 replay= 39936 loss=0.00012 ext100=0.000 total100=0.107
[train] 6:53:42<130:27:37, 0.049s/step step=  502000 episodes= 1046 eps=0.523 replay= 39936 loss=0.00011 ext100=0.000 total100=0.105
[train] 6:55:24<130:26:54, 0.049s/step step=  504000 episodes= 1050 eps=0.521 replay= 39936 loss=0.00012 ext100=0.000 total100=0.105
[train] 6:57:08<130:26:43, 0.049s/step step=  506000 episodes= 1054 eps=0.519 replay= 39936 loss=0.00031 ext100=0.000 total100=0.106
[train] 6:58:51<130:26:19, 0.049s/step step=  508000 episodes= 1059 eps=0.517 replay= 39936 loss=0.00013 ext100=0.000 total100=0.105
[train] 7:00:34<130:25:58, 0.049s/step step=  510000 episodes= 1063 eps=0.516 replay= 39936 loss=0.00012 ext100=0.000 total100=0.104
[train] 7:02:17<130:25:32, 0.049s/step step=  512000 episodes= 1067 eps=0.514 replay= 39936 loss=0.00011 ext100=0.000 total100=0.099
[train] 7:04:00<130:25:16, 0.049s/step step=  514000 episodes= 1071 eps=0.512 replay= 39936 loss=0.00023 ext100=0.000 total100=0.096
[train] 7:05:43<130:24:49, 0.050s/step step=  516000 episodes= 1075 eps=0.510 replay= 39936 loss=0.00012 ext100=0.000 total100=0.097
[train] 7:07:27<130:24:30, 0.050s/step step=  518000 episodes= 1079 eps=0.508 replay= 39936 loss=0.00010 ext100=0.000 total100=0.098
[eval] step=520000 episodes=1084 mean_ext_return=0.000
[train] 7:09:25<130:28:48, 0.050s/step step=  520000 episodes= 1084 eps=0.506 replay= 39936 loss=0.00011 ext100=0.000 total100=0.098
[train] 7:11:09<130:28:29, 0.050s/step step=  522000 episodes= 1088 eps=0.504 replay= 39936 loss=0.00028 ext100=0.000 total100=0.097
[train] 7:12:51<130:27:41, 0.050s/step step=  524000 episodes= 1092 eps=0.502 replay= 39936 loss=0.00012 ext100=0.000 total100=0.096
[train] 7:14:34<130:27:21, 0.050s/step step=  526000 episodes= 1096 eps=0.500 replay= 39936 loss=0.00009 ext100=0.000 total100=0.097
[train] 7:16:17<130:26:50, 0.050s/step step=  528000 episodes= 1100 eps=0.498 replay= 39936 loss=0.00011 ext100=0.000 total100=0.097
[train] 7:18:00<130:26:18, 0.050s/step step=  530000 episodes= 1104 eps=0.497 replay= 39936 loss=0.00026 ext100=0.000 total100=0.097
[train] 7:19:43<130:25:52, 0.050s/step step=  532000 episodes= 1109 eps=0.495 replay= 39936 loss=0.00012 ext100=0.000 total100=0.098
[train] 7:21:27<130:25:28, 0.050s/step step=  534000 episodes= 1113 eps=0.493 replay= 39936 loss=0.00013 ext100=0.000 total100=0.100
[train] 7:23:10<130:24:55, 0.050s/step step=  536000 episodes= 1117 eps=0.491 replay= 39936 loss=0.00009 ext100=0.000 total100=0.098
[train] 7:24:53<130:24:30, 0.050s/step step=  538000 episodes= 1121 eps=0.489 replay= 39936 loss=0.00030 ext100=0.000 total100=0.096
[eval] step=540000 episodes=1125 mean_ext_return=0.000
[train] 7:26:52<130:28:31, 0.050s/step step=  540000 episodes= 1125 eps=0.487 replay= 39936 loss=0.00012 ext100=0.000 total100=0.096
[train] 7:28:35<130:28:03, 0.050s/step step=  542000 episodes= 1129 eps=0.485 replay= 39936 loss=0.00011 ext100=0.000 total100=0.095
[train] 7:30:17<130:27:11, 0.050s/step step=  544000 episodes= 1134 eps=0.483 replay= 39936 loss=0.00011 ext100=0.000 total100=0.092
[train] 7:32:01<130:26:44, 0.050s/step step=  546000 episodes= 1138 eps=0.481 replay= 39936 loss=0.00031 ext100=0.000 total100=0.094
[train] 7:33:44<130:26:07, 0.050s/step step=  548000 episodes= 1142 eps=0.479 replay= 39936 loss=0.00012 ext100=0.000 total100=0.091
[train] 7:35:27<130:25:32, 0.050s/step step=  550000 episodes= 1146 eps=0.478 replay= 39936 loss=0.00010 ext100=0.000 total100=0.091
[train] 7:37:10<130:24:54, 0.050s/step step=  552000 episodes= 1150 eps=0.476 replay= 39936 loss=0.00010 ext100=0.000 total100=0.088
[train] 7:38:53<130:24:23, 0.050s/step step=  554000 episodes= 1154 eps=0.474 replay= 39936 loss=0.00035 ext100=0.000 total100=0.085
[train] 7:40:36<130:23:43, 0.050s/step step=  556000 episodes= 1159 eps=0.472 replay= 39936 loss=0.00013 ext100=0.000 total100=0.086
[train] 7:42:20<130:23:12, 0.050s/step step=  558000 episodes= 1163 eps=0.470 replay= 39936 loss=0.00012 ext100=0.000 total100=0.085
[eval] step=560000 episodes=1167 mean_ext_return=0.000
[train] 7:44:18<130:26:56, 0.050s/step step=  560000 episodes= 1167 eps=0.468 replay= 39936 loss=0.00009 ext100=0.000 total100=0.089
[train] 7:46:02<130:26:22, 0.050s/step step=  562000 episodes= 1171 eps=0.466 replay= 39936 loss=0.00035 ext100=0.000 total100=0.089
[train] 7:47:44<130:25:25, 0.050s/step step=  564000 episodes= 1175 eps=0.464 replay= 39936 loss=0.00013 ext100=0.000 total100=0.085
[train] 7:49:27<130:24:52, 0.050s/step step=  566000 episodes= 1179 eps=0.462 replay= 39936 loss=0.00010 ext100=0.000 total100=0.084
[train] 7:51:10<130:24:11, 0.050s/step step=  568000 episodes= 1184 eps=0.460 replay= 39936 loss=0.00010 ext100=0.000 total100=0.083
[train] 7:52:53<130:23:28, 0.050s/step step=  570000 episodes= 1188 eps=0.459 replay= 39936 loss=0.00035 ext100=0.000 total100=0.085
[train] 7:54:36<130:22:44, 0.050s/step step=  572000 episodes= 1192 eps=0.457 replay= 39936 loss=0.00011 ext100=0.000 total100=0.085
[train] 7:56:20<130:22:09, 0.050s/step step=  574000 episodes= 1196 eps=0.455 replay= 39936 loss=0.00008 ext100=0.000 total100=0.086
[train] 7:58:02<130:21:25, 0.050s/step step=  576000 episodes= 1200 eps=0.453 replay= 39936 loss=0.00009 ext100=0.000 total100=0.085
[train] 7:59:46<130:20:48, 0.050s/step step=  578000 episodes= 1204 eps=0.451 replay= 39936 loss=0.00028 ext100=0.000 total100=0.087
[eval] step=580000 episodes=1209 mean_ext_return=0.000
[train] 8:01:45<130:24:18, 0.050s/step step=  580000 episodes= 1209 eps=0.449 replay= 39936 loss=0.00012 ext100=0.000 total100=0.086
[train] 8:03:28<130:23:43, 0.050s/step step=  582000 episodes= 1213 eps=0.447 replay= 39936 loss=0.00010 ext100=0.000 total100=0.085
[train] 8:05:10<130:22:43, 0.050s/step step=  584000 episodes= 1217 eps=0.445 replay= 39936 loss=0.00008 ext100=0.000 total100=0.086
[train] 8:06:54<130:22:04, 0.050s/step step=  586000 episodes= 1221 eps=0.443 replay= 39936 loss=0.00033 ext100=0.000 total100=0.086
[train] 8:08:37<130:21:17, 0.050s/step step=  588000 episodes= 1225 eps=0.441 replay= 39936 loss=0.00011 ext100=0.000 total100=0.087
[train] 8:10:20<130:20:31, 0.050s/step step=  590000 episodes= 1229 eps=0.440 replay= 39936 loss=0.00009 ext100=0.000 total100=0.086
[train] 8:12:03<130:19:43, 0.050s/step step=  592000 episodes= 1234 eps=0.438 replay= 39936 loss=0.00009 ext100=0.000 total100=0.089
[train] 8:13:47<130:19:04, 0.050s/step step=  594000 episodes= 1238 eps=0.436 replay= 39936 loss=0.00034 ext100=0.000 total100=0.090
[train] 8:15:29<130:18:15, 0.050s/step step=  596000 episodes= 1242 eps=0.434 replay= 39936 loss=0.00010 ext100=0.000 total100=0.092
[train] 8:17:13<130:17:32, 0.050s/step step=  598000 episodes= 1246 eps=0.432 replay= 39936 loss=0.00009 ext100=0.000 total100=0.092
[eval] step=600000 episodes=1250 mean_ext_return=0.000
[train] 8:19:12<130:20:48, 0.050s/step step=  600000 episodes= 1250 eps=0.430 replay= 39936 loss=0.00009 ext100=0.000 total100=0.095
[train] 8:20:55<130:20:05, 0.050s/step step=  602000 episodes= 1254 eps=0.428 replay= 39936 loss=0.00027 ext100=0.000 total100=0.097
[train] 8:22:37<130:19:00, 0.050s/step step=  604000 episodes= 1259 eps=0.426 replay= 39936 loss=0.00014 ext100=0.000 total100=0.094
[train] 8:24:21<130:18:16, 0.050s/step step=  606000 episodes= 1263 eps=0.424 replay= 39936 loss=0.00010 ext100=0.000 total100=0.096
[train] 8:26:04<130:17:27, 0.050s/step step=  608000 episodes= 1267 eps=0.422 replay= 39936 loss=0.00011 ext100=0.000 total100=0.097
[train] 8:27:47<130:16:35, 0.050s/step step=  610000 episodes= 1271 eps=0.420 replay= 39936 loss=0.00036 ext100=0.000 total100=0.100
[train] 8:29:30<130:15:43, 0.050s/step step=  612000 episodes= 1275 eps=0.419 replay= 39936 loss=0.00011 ext100=0.000 total100=0.099
[train] 8:31:13<130:14:58, 0.050s/step step=  614000 episodes= 1279 eps=0.417 replay= 39936 loss=0.00009 ext100=0.000 total100=0.100
[train] 8:32:56<130:14:08, 0.050s/step step=  616000 episodes= 1284 eps=0.415 replay= 39936 loss=0.00010 ext100=0.000 total100=0.101
[train] 8:34:40<130:13:22, 0.050s/step step=  618000 episodes= 1288 eps=0.413 replay= 39936 loss=0.00039 ext100=0.000 total100=0.101
[eval] step=620000 episodes=1292 mean_ext_return=0.000
[train] 8:36:39<130:16:27, 0.050s/step step=  620000 episodes= 1292 eps=0.411 replay= 39936 loss=0.00010 ext100=0.000 total100=0.101
[train] 8:38:22<130:15:41, 0.050s/step step=  622000 episodes= 1296 eps=0.409 replay= 39936 loss=0.00009 ext100=0.000 total100=0.102
[train] 8:40:04<130:14:34, 0.050s/step step=  624000 episodes= 1300 eps=0.407 replay= 39936 loss=0.00009 ext100=0.000 total100=0.103
[train] 8:41:48<130:13:47, 0.050s/step step=  626000 episodes= 1304 eps=0.405 replay= 39936 loss=0.00036 ext100=0.000 total100=0.102
[train] 8:43:31<130:12:53, 0.050s/step step=  628000 episodes= 1309 eps=0.403 replay= 39936 loss=0.00012 ext100=0.000 total100=0.102
[train] 8:45:14<130:11:58, 0.050s/step step=  630000 episodes= 1313 eps=0.402 replay= 39936 loss=0.00009 ext100=0.000 total100=0.102
[train] 8:46:57<130:11:04, 0.050s/step step=  632000 episodes= 1317 eps=0.400 replay= 39936 loss=0.00009 ext100=0.000 total100=0.102
[train] 8:48:41<130:10:15, 0.050s/step step=  634000 episodes= 1321 eps=0.398 replay= 39936 loss=0.00031 ext100=0.000 total100=0.101
[train] 8:50:24<130:09:20, 0.050s/step step=  636000 episodes= 1325 eps=0.396 replay= 39936 loss=0.00010 ext100=0.000 total100=0.101
[train] 8:52:08<130:08:32, 0.050s/step step=  638000 episodes= 1329 eps=0.394 replay= 39936 loss=0.00009 ext100=0.000 total100=0.101
[eval] step=640000 episodes=1334 mean_ext_return=0.000
[train] 8:54:06<130:11:25, 0.050s/step step=  640000 episodes= 1334 eps=0.392 replay= 39936 loss=0.00009 ext100=0.000 total100=0.099
[train] 8:55:50<130:10:34, 0.050s/step step=  642000 episodes= 1338 eps=0.390 replay= 39936 loss=0.00036 ext100=0.000 total100=0.096
[train] 8:57:32<130:09:23, 0.050s/step step=  644000 episodes= 1342 eps=0.388 replay= 39936 loss=0.00009 ext100=0.000 total100=0.095
[train] 8:59:16<130:08:32, 0.050s/step step=  646000 episodes= 1346 eps=0.386 replay= 39936 loss=0.00008 ext100=0.000 total100=0.093
[train] 9:00:59<130:07:33, 0.050s/step step=  648000 episodes= 1350 eps=0.384 replay= 39936 loss=0.00007 ext100=0.000 total100=0.091
[train] 9:02:42<130:06:38, 0.050s/step step=  650000 episodes= 1354 eps=0.383 replay= 39936 loss=0.00039 ext100=0.000 total100=0.090
[train] 9:04:25<130:05:39, 0.050s/step step=  652000 episodes= 1359 eps=0.381 replay= 39936 loss=0.00012 ext100=0.000 total100=0.091
[train] 9:06:09<130:04:48, 0.050s/step step=  654000 episodes= 1363 eps=0.379 replay= 39936 loss=0.00008 ext100=0.000 total100=0.089
[train] 9:07:52<130:03:51, 0.050s/step step=  656000 episodes= 1367 eps=0.377 replay= 39936 loss=0.00006 ext100=0.000 total100=0.086
[train] 9:09:36<130:02:59, 0.050s/step step=  658000 episodes= 1371 eps=0.375 replay= 39936 loss=0.00036 ext100=0.000 total100=0.085
[eval] step=660000 episodes=1375 mean_ext_return=0.000
[train] 9:11:34<130:05:42, 0.050s/step step=  660000 episodes= 1375 eps=0.373 replay= 39936 loss=0.00010 ext100=0.000 total100=0.089
[train] 9:13:18<130:04:48, 0.050s/step step=  662000 episodes= 1379 eps=0.371 replay= 39936 loss=0.00008 ext100=0.000 total100=0.087
[train] 9:15:00<130:03:35, 0.050s/step step=  664000 episodes= 1384 eps=0.369 replay= 39936 loss=0.00009 ext100=0.000 total100=0.089
[train] 9:16:44<130:02:42, 0.050s/step step=  666000 episodes= 1388 eps=0.367 replay= 39936 loss=0.00043 ext100=0.000 total100=0.088
[train] 9:18:27<130:01:42, 0.050s/step step=  668000 episodes= 1392 eps=0.365 replay= 39936 loss=0.00010 ext100=0.000 total100=0.089
[train] 9:20:10<130:00:40, 0.050s/step step=  670000 episodes= 1396 eps=0.364 replay= 39936 loss=0.00007 ext100=0.000 total100=0.086
[train] 9:21:53<129:59:39, 0.050s/step step=  672000 episodes= 1400 eps=0.362 replay= 39936 loss=0.00006 ext100=0.000 total100=0.086
[train] 9:23:37<129:58:43, 0.050s/step step=  674000 episodes= 1404 eps=0.360 replay= 39936 loss=0.00035 ext100=0.000 total100=0.087
[train] 9:25:20<129:57:41, 0.050s/step step=  676000 episodes= 1409 eps=0.358 replay= 39936 loss=0.00011 ext100=0.000 total100=0.086
[train] 9:27:04<129:56:47, 0.050s/step step=  678000 episodes= 1413 eps=0.356 replay= 39936 loss=0.00010 ext100=0.000 total100=0.086
[eval] step=680000 episodes=1417 mean_ext_return=0.000
[train] 9:29:02<129:59:19, 0.050s/step step=  680000 episodes= 1417 eps=0.354 replay= 39936 loss=0.00007 ext100=0.000 total100=0.088
[train] 9:30:46<129:58:26, 0.050s/step step=  682000 episodes= 1421 eps=0.352 replay= 39936 loss=0.00051 ext100=0.000 total100=0.087
[train] 9:32:29<129:57:09, 0.050s/step step=  684000 episodes= 1425 eps=0.350 replay= 39936 loss=0.00010 ext100=0.000 total100=0.087
[train] 9:34:12<129:56:12, 0.050s/step step=  686000 episodes= 1429 eps=0.348 replay= 39936 loss=0.00008 ext100=0.000 total100=0.092
[train] 9:35:55<129:55:08, 0.050s/step step=  688000 episodes= 1434 eps=0.346 replay= 39936 loss=0.00008 ext100=0.000 total100=0.092
[train] 9:37:38<129:54:03, 0.050s/step step=  690000 episodes= 1438 eps=0.345 replay= 39936 loss=0.00041 ext100=0.000 total100=0.093
[train] 9:39:22<129:53:00, 0.050s/step step=  692000 episodes= 1442 eps=0.343 replay= 39936 loss=0.00012 ext100=0.000 total100=0.089
[train] 9:41:05<129:52:02, 0.050s/step step=  694000 episodes= 1446 eps=0.341 replay= 39936 loss=0.00009 ext100=0.000 total100=0.090
[train] 9:42:48<129:50:57, 0.050s/step step=  696000 episodes= 1450 eps=0.339 replay= 39936 loss=0.00007 ext100=0.000 total100=0.089
[train] 9:44:32<129:49:59, 0.050s/step step=  698000 episodes= 1454 eps=0.337 replay= 39936 loss=0.00038 ext100=0.000 total100=0.087
[eval] step=700000 episodes=1459 mean_ext_return=0.000
[train] 9:46:31<129:52:23, 0.050s/step step=  700000 episodes= 1459 eps=0.335 replay= 39936 loss=0.00013 ext100=0.000 total100=0.091
[train] 9:48:15<129:51:23, 0.050s/step step=  702000 episodes= 1463 eps=0.333 replay= 39936 loss=0.00010 ext100=0.000 total100=0.091
[train] 9:49:57<129:50:04, 0.050s/step step=  704000 episodes= 1467 eps=0.331 replay= 39936 loss=0.00009 ext100=0.000 total100=0.093
[train] 9:51:40<129:49:04, 0.050s/step step=  706000 episodes= 1471 eps=0.329 replay= 39936 loss=0.00048 ext100=0.000 total100=0.090
[train] 9:53:23<129:47:56, 0.050s/step step=  708000 episodes= 1475 eps=0.327 replay= 39936 loss=0.00010 ext100=0.000 total100=0.091
[train] 9:55:07<129:46:50, 0.050s/step step=  710000 episodes= 1479 eps=0.326 replay= 39936 loss=0.00008 ext100=0.000 total100=0.093
[train] 9:56:50<129:45:43, 0.050s/step step=  712000 episodes= 1484 eps=0.324 replay= 39936 loss=0.00007 ext100=0.000 total100=0.091
[train] 9:58:33<129:44:42, 0.050s/step step=  714000 episodes= 1488 eps=0.322 replay= 39936 loss=0.00045 ext100=0.000 total100=0.090
[train] 10:00:17<129:43:36, 0.050s/step step=  716000 episodes= 1492 eps=0.320 replay= 39936 loss=0.00012 ext100=0.000 total100=0.091
[train] 10:02:00<129:42:36, 0.050s/step step=  718000 episodes= 1496 eps=0.318 replay= 39936 loss=0.00010 ext100=0.000 total100=0.092
[eval] step=720000 episodes=1500 mean_ext_return=0.000
[train] 10:03:59<129:44:50, 0.050s/step step=  720000 episodes= 1500 eps=0.316 replay= 39936 loss=0.00007 ext100=0.000 total100=0.092
[train] 10:05:43<129:43:49, 0.050s/step step=  722000 episodes= 1504 eps=0.314 replay= 39936 loss=0.00036 ext100=0.000 total100=0.094
[train] 10:07:25<129:42:28, 0.050s/step step=  724000 episodes= 1509 eps=0.312 replay= 39936 loss=0.00011 ext100=0.000 total100=0.096
[train] 10:09:09<129:41:26, 0.050s/step step=  726000 episodes= 1513 eps=0.310 replay= 39936 loss=0.00009 ext100=0.000 total100=0.095
[train] 10:10:52<129:40:17, 0.050s/step step=  728000 episodes= 1517 eps=0.308 replay= 39936 loss=0.00008 ext100=0.000 total100=0.095
[train] 10:12:35<129:39:10, 0.050s/step step=  730000 episodes= 1521 eps=0.306 replay= 39936 loss=0.00040 ext100=0.000 total100=0.098
[train] 10:14:19<129:38:01, 0.050s/step step=  732000 episodes= 1525 eps=0.305 replay= 39936 loss=0.00009 ext100=0.000 total100=0.103
[train] 10:16:02<129:36:57, 0.050s/step step=  734000 episodes= 1529 eps=0.303 replay= 39936 loss=0.00008 ext100=0.000 total100=0.099
[train] 10:17:45<129:35:47, 0.050s/step step=  736000 episodes= 1534 eps=0.301 replay= 39936 loss=0.00007 ext100=0.000 total100=0.100
[train] 10:19:29<129:34:44, 0.050s/step step=  738000 episodes= 1538 eps=0.299 replay= 39936 loss=0.00037 ext100=0.000 total100=0.101
[eval] step=740000 episodes=1542 mean_ext_return=0.000
[train] 10:21:28<129:36:49, 0.050s/step step=  740000 episodes= 1542 eps=0.297 replay= 39936 loss=0.00009 ext100=0.000 total100=0.104
[train] 10:23:12<129:35:47, 0.050s/step step=  742000 episodes= 1546 eps=0.295 replay= 39936 loss=0.00007 ext100=0.000 total100=0.104
[train] 10:24:54<129:34:25, 0.050s/step step=  744000 episodes= 1550 eps=0.293 replay= 39936 loss=0.00007 ext100=0.000 total100=0.108
[train] 10:26:38<129:33:21, 0.050s/step step=  746000 episodes= 1554 eps=0.291 replay= 39936 loss=0.00036 ext100=0.000 total100=0.110
[train] 10:28:21<129:32:11, 0.050s/step step=  748000 episodes= 1559 eps=0.289 replay= 39936 loss=0.00010 ext100=0.000 total100=0.107
[train] 10:30:05<129:31:03, 0.050s/step step=  750000 episodes= 1563 eps=0.288 replay= 39936 loss=0.00011 ext100=0.000 total100=0.108
[train] 10:31:48<129:29:53, 0.050s/step step=  752000 episodes= 1567 eps=0.286 replay= 39936 loss=0.00007 ext100=0.000 total100=0.108
[train] 10:33:32<129:28:50, 0.050s/step step=  754000 episodes= 1571 eps=0.284 replay= 39936 loss=0.00038 ext100=0.000 total100=0.110
[train] 10:35:15<129:27:40, 0.050s/step step=  756000 episodes= 1575 eps=0.282 replay= 39936 loss=0.00010 ext100=0.000 total100=0.107
[train] 10:36:59<129:26:34, 0.050s/step step=  758000 episodes= 1579 eps=0.280 replay= 39936 loss=0.00008 ext100=0.000 total100=0.106
[eval] step=760000 episodes=1584 mean_ext_return=0.000
[train] 10:38:58<129:28:33, 0.050s/step step=  760000 episodes= 1584 eps=0.278 replay= 39936 loss=0.00008 ext100=0.000 total100=0.105
[train] 10:40:42<129:27:27, 0.050s/step step=  762000 episodes= 1588 eps=0.276 replay= 39936 loss=0.00034 ext100=0.000 total100=0.106
[train] 10:42:24<129:26:03, 0.050s/step step=  764000 episodes= 1592 eps=0.274 replay= 39936 loss=0.00011 ext100=0.000 total100=0.104
[train] 10:44:08<129:24:57, 0.050s/step step=  766000 episodes= 1596 eps=0.272 replay= 39936 loss=0.00007 ext100=0.000 total100=0.105
[train] 10:45:51<129:23:45, 0.050s/step step=  768000 episodes= 1600 eps=0.270 replay= 39936 loss=0.00007 ext100=0.000 total100=0.104
[train] 10:47:34<129:22:32, 0.050s/step step=  770000 episodes= 1604 eps=0.269 replay= 39936 loss=0.00035 ext100=0.000 total100=0.105
[train] 10:49:18<129:21:20, 0.050s/step step=  772000 episodes= 1609 eps=0.267 replay= 39936 loss=0.00011 ext100=0.000 total100=0.106
[train] 10:51:01<129:20:11, 0.050s/step step=  774000 episodes= 1613 eps=0.265 replay= 39936 loss=0.00010 ext100=0.000 total100=0.104
[train] 10:52:44<129:18:57, 0.050s/step step=  776000 episodes= 1617 eps=0.263 replay= 39936 loss=0.00008 ext100=0.000 total100=0.100
[train] 10:54:28<129:17:50, 0.050s/step step=  778000 episodes= 1621 eps=0.261 replay= 39936 loss=0.00042 ext100=0.000 total100=0.098
[eval] step=780000 episodes=1625 mean_ext_return=0.000
[train] 10:56:27<129:19:42, 0.050s/step step=  780000 episodes= 1625 eps=0.259 replay= 39936 loss=0.00010 ext100=0.000 total100=0.093
[train] 10:58:11<129:18:33, 0.051s/step step=  782000 episodes= 1629 eps=0.257 replay= 39936 loss=0.00008 ext100=0.000 total100=0.096
[train] 10:59:53<129:17:08, 0.051s/step step=  784000 episodes= 1634 eps=0.255 replay= 39936 loss=0.00009 ext100=0.000 total100=0.100
[train] 11:01:37<129:16:01, 0.051s/step step=  786000 episodes= 1638 eps=0.253 replay= 39936 loss=0.00039 ext100=0.000 total100=0.104
[train] 11:03:20<129:14:47, 0.051s/step step=  788000 episodes= 1642 eps=0.251 replay= 39936 loss=0.00009 ext100=0.000 total100=0.110
[train] 11:05:04<129:13:33, 0.051s/step step=  790000 episodes= 1646 eps=0.250 replay= 39936 loss=0.00007 ext100=0.000 total100=0.112
[train] 11:06:47<129:12:18, 0.051s/step step=  792000 episodes= 1650 eps=0.248 replay= 39936 loss=0.00007 ext100=0.000 total100=0.109
[train] 11:08:31<129:11:09, 0.051s/step step=  794000 episodes= 1654 eps=0.246 replay= 39936 loss=0.00044 ext100=0.000 total100=0.109
[train] 11:10:14<129:09:53, 0.051s/step step=  796000 episodes= 1659 eps=0.244 replay= 39936 loss=0.00008 ext100=0.000 total100=0.111
[train] 11:11:58<129:08:45, 0.051s/step step=  798000 episodes= 1663 eps=0.242 replay= 39936 loss=0.00007 ext100=0.000 total100=0.113
[eval] step=800000 episodes=1667 mean_ext_return=0.000
[train] 11:13:57<129:10:32, 0.051s/step step=  800000 episodes= 1667 eps=0.240 replay= 39936 loss=0.00007 ext100=0.000 total100=0.111
[train] 11:15:41<129:09:21, 0.051s/step step=  802000 episodes= 1671 eps=0.238 replay= 39936 loss=0.00042 ext100=0.000 total100=0.108
[train] 11:17:23<129:07:55, 0.051s/step step=  804000 episodes= 1675 eps=0.236 replay= 39936 loss=0.00011 ext100=0.000 total100=0.106
[train] 11:19:07<129:06:46, 0.051s/step step=  806000 episodes= 1679 eps=0.234 replay= 39936 loss=0.00008 ext100=0.000 total100=0.105
[train] 11:20:51<129:05:31, 0.051s/step step=  808000 episodes= 1684 eps=0.232 replay= 39936 loss=0.00008 ext100=0.000 total100=0.108
[train] 11:22:34<129:04:15, 0.051s/step step=  810000 episodes= 1688 eps=0.231 replay= 39936 loss=0.00044 ext100=0.000 total100=0.110
[train] 11:24:17<129:02:58, 0.051s/step step=  812000 episodes= 1692 eps=0.229 replay= 39936 loss=0.00009 ext100=0.000 total100=0.109
[train] 11:26:01<129:01:47, 0.051s/step step=  814000 episodes= 1696 eps=0.227 replay= 39936 loss=0.00006 ext100=0.000 total100=0.108
[train] 11:27:44<129:00:29, 0.051s/step step=  816000 episodes= 1700 eps=0.225 replay= 39936 loss=0.00007 ext100=0.000 total100=0.108
[train] 11:29:28<128:59:16, 0.051s/step step=  818000 episodes= 1704 eps=0.223 replay= 39936 loss=0.00035 ext100=0.000 total100=0.102
[eval] step=820000 episodes=1709 mean_ext_return=0.000
[train] 11:31:27<129:00:55, 0.051s/step step=  820000 episodes= 1709 eps=0.221 replay= 39936 loss=0.00011 ext100=0.000 total100=0.098
[train] 11:33:11<128:59:43, 0.051s/step step=  822000 episodes= 1713 eps=0.219 replay= 39936 loss=0.00008 ext100=0.000 total100=0.098
[train] 11:34:53<128:58:15, 0.051s/step step=  824000 episodes= 1717 eps=0.217 replay= 39936 loss=0.00008 ext100=0.000 total100=0.101
[train] 11:36:37<128:57:02, 0.051s/step step=  826000 episodes= 1721 eps=0.215 replay= 39936 loss=0.00032 ext100=0.000 total100=0.100
[train] 11:38:20<128:55:46, 0.051s/step step=  828000 episodes= 1725 eps=0.213 replay= 39936 loss=0.00010 ext100=0.000 total100=0.104
[train] 11:40:04<128:54:29, 0.051s/step step=  830000 episodes= 1729 eps=0.212 replay= 39936 loss=0.00007 ext100=0.000 total100=0.102
[train] 11:41:47<128:53:12, 0.051s/step step=  832000 episodes= 1734 eps=0.210 replay= 39936 loss=0.00008 ext100=0.000 total100=0.098
[train] 11:43:31<128:51:59, 0.051s/step step=  834000 episodes= 1738 eps=0.208 replay= 39936 loss=0.00035 ext100=0.000 total100=0.097
[train] 11:45:14<128:50:41, 0.051s/step step=  836000 episodes= 1742 eps=0.206 replay= 39936 loss=0.00009 ext100=0.000 total100=0.093
[train] 11:46:58<128:49:28, 0.051s/step step=  838000 episodes= 1746 eps=0.204 replay= 39936 loss=0.00010 ext100=0.000 total100=0.091
[eval] step=840000 episodes=1750 mean_ext_return=0.000
[train] 11:48:57<128:51:02, 0.051s/step step=  840000 episodes= 1750 eps=0.202 replay= 39936 loss=0.00008 ext100=0.000 total100=0.091
[train] 11:50:41<128:49:48, 0.051s/step step=  842000 episodes= 1754 eps=0.200 replay= 39936 loss=0.00031 ext100=0.000 total100=0.090
[train] 11:52:23<128:48:19, 0.051s/step step=  844000 episodes= 1759 eps=0.198 replay= 39936 loss=0.00007 ext100=0.000 total100=0.087
[train] 11:54:07<128:47:06, 0.051s/step step=  846000 episodes= 1763 eps=0.196 replay= 39936 loss=0.00006 ext100=0.000 total100=0.083
[train] 11:55:51<128:45:47, 0.051s/step step=  848000 episodes= 1767 eps=0.194 replay= 39936 loss=0.00006 ext100=0.000 total100=0.084
[train] 11:57:34<128:44:30, 0.051s/step step=  850000 episodes= 1771 eps=0.193 replay= 39936 loss=0.00027 ext100=0.000 total100=0.085
[train] 11:59:18<128:43:12, 0.051s/step step=  852000 episodes= 1775 eps=0.191 replay= 39936 loss=0.00008 ext100=0.000 total100=0.088
[train] 12:01:02<128:41:58, 0.051s/step step=  854000 episodes= 1779 eps=0.189 replay= 39936 loss=0.00006 ext100=0.000 total100=0.089
[train] 12:02:45<128:40:39, 0.051s/step step=  856000 episodes= 1784 eps=0.187 replay= 39936 loss=0.00008 ext100=0.000 total100=0.086
[train] 12:04:29<128:39:24, 0.051s/step step=  858000 episodes= 1788 eps=0.185 replay= 39936 loss=0.00023 ext100=0.000 total100=0.084
[eval] step=860000 episodes=1792 mean_ext_return=0.000
[train] 12:06:28<128:40:51, 0.051s/step step=  860000 episodes= 1792 eps=0.183 replay= 39936 loss=0.00008 ext100=0.000 total100=0.087
[train] 12:08:12<128:39:36, 0.051s/step step=  862000 episodes= 1796 eps=0.181 replay= 39936 loss=0.00006 ext100=0.000 total100=0.087
[train] 12:09:54<128:38:06, 0.051s/step step=  864000 episodes= 1800 eps=0.179 replay= 39936 loss=0.00006 ext100=0.000 total100=0.086
[train] 12:11:38<128:36:51, 0.051s/step step=  866000 episodes= 1804 eps=0.177 replay= 39936 loss=0.00020 ext100=0.000 total100=0.089
[train] 12:13:21<128:35:31, 0.051s/step step=  868000 episodes= 1809 eps=0.175 replay= 39936 loss=0.00007 ext100=0.000 total100=0.091
[train] 12:15:05<128:34:11, 0.051s/step step=  870000 episodes= 1813 eps=0.173 replay= 39936 loss=0.00006 ext100=0.000 total100=0.094
[train] 12:16:48<128:32:50, 0.051s/step step=  872000 episodes= 1817 eps=0.172 replay= 39936 loss=0.00004 ext100=0.000 total100=0.092
[train] 12:18:32<128:31:36, 0.051s/step step=  874000 episodes= 1821 eps=0.170 replay= 39936 loss=0.00019 ext100=0.000 total100=0.091
[train] 12:20:15<128:30:15, 0.051s/step step=  876000 episodes= 1825 eps=0.168 replay= 39936 loss=0.00006 ext100=0.000 total100=0.089
[train] 12:21:59<128:28:59, 0.051s/step step=  878000 episodes= 1829 eps=0.166 replay= 39936 loss=0.00005 ext100=0.000 total100=0.088
[eval] step=880000 episodes=1834 mean_ext_return=0.000
[train] 12:23:58<128:30:22, 0.051s/step step=  880000 episodes= 1834 eps=0.164 replay= 39936 loss=0.00005 ext100=0.000 total100=0.088
[train] 12:25:42<128:29:06, 0.051s/step step=  882000 episodes= 1838 eps=0.162 replay= 39936 loss=0.00021 ext100=0.000 total100=0.084
[train] 12:27:25<128:27:35, 0.051s/step step=  884000 episodes= 1842 eps=0.160 replay= 39936 loss=0.00005 ext100=0.000 total100=0.085
[train] 12:29:09<128:26:19, 0.051s/step step=  886000 episodes= 1846 eps=0.158 replay= 39936 loss=0.00005 ext100=0.000 total100=0.085
[train] 12:30:52<128:24:58, 0.051s/step step=  888000 episodes= 1850 eps=0.156 replay= 39936 loss=0.00005 ext100=0.000 total100=0.086
[train] 12:32:36<128:23:38, 0.051s/step step=  890000 episodes= 1854 eps=0.155 replay= 39936 loss=0.00023 ext100=0.000 total100=0.085
[train] 12:34:19<128:22:17, 0.051s/step step=  892000 episodes= 1859 eps=0.153 replay= 39936 loss=0.00007 ext100=0.000 total100=0.086
[train] 12:36:03<128:21:00, 0.051s/step step=  894000 episodes= 1863 eps=0.151 replay= 39936 loss=0.00005 ext100=0.000 total100=0.089
[train] 12:37:47<128:19:39, 0.051s/step step=  896000 episodes= 1867 eps=0.149 replay= 39936 loss=0.00005 ext100=0.000 total100=0.091
[train] 12:39:30<128:18:20, 0.051s/step step=  898000 episodes= 1871 eps=0.147 replay= 39936 loss=0.00015 ext100=0.000 total100=0.092
[eval] step=900000 episodes=1875 mean_ext_return=0.000
[train] 12:41:30<128:19:37, 0.051s/step step=  900000 episodes= 1875 eps=0.145 replay= 39936 loss=0.00005 ext100=0.000 total100=0.089
[train] 12:43:14<128:18:22, 0.051s/step step=  902000 episodes= 1879 eps=0.143 replay= 39936 loss=0.00005 ext100=0.000 total100=0.091
[train] 12:44:56<128:16:51, 0.051s/step step=  904000 episodes= 1884 eps=0.141 replay= 39936 loss=0.00004 ext100=0.000 total100=0.091
[train] 12:46:40<128:15:34, 0.051s/step step=  906000 episodes= 1888 eps=0.139 replay= 39936 loss=0.00011 ext100=0.000 total100=0.092
[train] 12:48:24<128:14:13, 0.051s/step step=  908000 episodes= 1892 eps=0.137 replay= 39936 loss=0.00005 ext100=0.000 total100=0.092
[train] 12:50:08<128:12:53, 0.051s/step step=  910000 episodes= 1896 eps=0.136 replay= 39936 loss=0.00005 ext100=0.000 total100=0.093
[train] 12:51:51<128:11:31, 0.051s/step step=  912000 episodes= 1900 eps=0.134 replay= 39936 loss=0.00005 ext100=0.000 total100=0.096
[train] 12:53:35<128:10:12, 0.051s/step step=  914000 episodes= 1904 eps=0.132 replay= 39936 loss=0.00018 ext100=0.000 total100=0.096
[train] 12:55:19<128:08:51, 0.051s/step step=  916000 episodes= 1909 eps=0.130 replay= 39936 loss=0.00005 ext100=0.000 total100=0.096
[train] 12:57:03<128:07:33, 0.051s/step step=  918000 episodes= 1913 eps=0.128 replay= 39936 loss=0.00005 ext100=0.000 total100=0.097
[eval] step=920000 episodes=1917 mean_ext_return=0.000
[train] 12:59:02<128:08:44, 0.051s/step step=  920000 episodes= 1917 eps=0.126 replay= 39936 loss=0.00004 ext100=0.000 total100=0.097
[train] 13:00:45<128:07:25, 0.051s/step step=  922000 episodes= 1921 eps=0.124 replay= 39936 loss=0.00018 ext100=0.000 total100=0.098
[train] 13:02:28<128:05:51, 0.051s/step step=  924000 episodes= 1925 eps=0.122 replay= 39936 loss=0.00006 ext100=0.000 total100=0.097
[train] 13:04:12<128:04:33, 0.051s/step step=  926000 episodes= 1929 eps=0.120 replay= 39936 loss=0.00004 ext100=0.000 total100=0.097
[train] 13:05:55<128:03:10, 0.051s/step step=  928000 episodes= 1934 eps=0.118 replay= 39936 loss=0.00004 ext100=0.000 total100=0.097
[train] 13:07:39<128:01:47, 0.051s/step step=  930000 episodes= 1938 eps=0.117 replay= 39936 loss=0.00011 ext100=0.000 total100=0.097
[train] 13:09:23<128:00:23, 0.051s/step step=  932000 episodes= 1942 eps=0.115 replay= 39936 loss=0.00005 ext100=0.000 total100=0.095
[train] 13:11:06<127:59:04, 0.051s/step step=  934000 episodes= 1946 eps=0.113 replay= 39936 loss=0.00004 ext100=0.000 total100=0.097
[train] 13:12:50<127:57:40, 0.051s/step step=  936000 episodes= 1950 eps=0.111 replay= 39936 loss=0.00005 ext100=0.000 total100=0.097
[train] 13:14:34<127:56:21, 0.051s/step step=  938000 episodes= 1954 eps=0.109 replay= 39936 loss=0.00009 ext100=0.000 total100=0.100
[eval] step=940000 episodes=1959 mean_ext_return=0.000
[train] 13:16:33<127:57:29, 0.051s/step step=  940000 episodes= 1959 eps=0.107 replay= 39936 loss=0.00004 ext100=0.000 total100=0.099
[train] 13:18:17<127:56:10, 0.051s/step step=  942000 episodes= 1963 eps=0.105 replay= 39936 loss=0.00004 ext100=0.000 total100=0.097
[train] 13:20:00<127:54:35, 0.051s/step step=  944000 episodes= 1967 eps=0.103 replay= 39936 loss=0.00005 ext100=0.000 total100=0.097
[train] 13:21:44<127:53:17, 0.051s/step step=  946000 episodes= 1971 eps=0.101 replay= 39936 loss=0.00006 ext100=0.000 total100=0.095
[train] 13:23:27<127:51:52, 0.051s/step step=  948000 episodes= 1975 eps=0.099 replay= 39936 loss=0.00004 ext100=0.000 total100=0.097
[train] 13:25:11<127:50:28, 0.051s/step step=  950000 episodes= 1979 eps=0.098 replay= 39936 loss=0.00004 ext100=0.000 total100=0.097
[train] 13:26:54<127:49:04, 0.051s/step step=  952000 episodes= 1984 eps=0.096 replay= 39936 loss=0.00003 ext100=0.000 total100=0.098
[train] 13:28:38<127:47:44, 0.051s/step step=  954000 episodes= 1988 eps=0.094 replay= 39936 loss=0.00009 ext100=0.000 total100=0.097
[train] 13:30:22<127:46:18, 0.051s/step step=  956000 episodes= 1992 eps=0.092 replay= 39936 loss=0.00004 ext100=0.000 total100=0.098
[train] 13:32:06<127:44:58, 0.051s/step step=  958000 episodes= 1996 eps=0.090 replay= 39936 loss=0.00003 ext100=0.000 total100=0.095
[eval] step=960000 episodes=2000 mean_ext_return=0.000
[train] 13:34:05<127:46:00, 0.051s/step step=  960000 episodes= 2000 eps=0.088 replay= 39936 loss=0.00003 ext100=0.000 total100=0.091
[train] 13:35:49<127:44:41, 0.051s/step step=  962000 episodes= 2004 eps=0.086 replay= 39936 loss=0.00006 ext100=0.000 total100=0.090
[train] 13:37:32<127:43:08, 0.051s/step step=  964000 episodes= 2009 eps=0.084 replay= 39936 loss=0.00003 ext100=0.000 total100=0.092
[train] 13:39:16<127:41:47, 0.051s/step step=  966000 episodes= 2013 eps=0.082 replay= 39936 loss=0.00002 ext100=0.000 total100=0.091
[train] 13:40:59<127:40:22, 0.051s/step step=  968000 episodes= 2017 eps=0.080 replay= 39936 loss=0.00003 ext100=0.000 total100=0.092
[train] 13:42:43<127:38:55, 0.051s/step step=  970000 episodes= 2021 eps=0.079 replay= 39936 loss=0.00008 ext100=0.000 total100=0.090
[train] 13:44:26<127:37:31, 0.051s/step step=  972000 episodes= 2025 eps=0.077 replay= 39936 loss=0.00003 ext100=0.000 total100=0.089
[train] 13:46:11<127:36:11, 0.051s/step step=  974000 episodes= 2029 eps=0.075 replay= 39936 loss=0.00005 ext100=0.000 total100=0.088
[train] 13:47:54<127:34:46, 0.051s/step step=  976000 episodes= 2034 eps=0.073 replay= 39936 loss=0.00002 ext100=0.000 total100=0.088
[train] 13:49:38<127:33:24, 0.051s/step step=  978000 episodes= 2038 eps=0.071 replay= 39936 loss=0.00006 ext100=0.000 total100=0.088
[eval] step=980000 episodes=2042 mean_ext_return=0.000
[train] 13:51:37<127:34:23, 0.051s/step step=  980000 episodes= 2042 eps=0.069 replay= 39936 loss=0.00003 ext100=0.000 total100=0.086
[train] 13:53:21<127:33:02, 0.051s/step step=  982000 episodes= 2046 eps=0.067 replay= 39936 loss=0.00002 ext100=0.000 total100=0.084
[train] 13:55:04<127:31:28, 0.051s/step step=  984000 episodes= 2050 eps=0.065 replay= 39936 loss=0.00003 ext100=0.000 total100=0.082
[train] 13:56:48<127:30:06, 0.051s/step step=  986000 episodes= 2054 eps=0.063 replay= 39936 loss=0.00003 ext100=0.000 total100=0.080
[train] 13:58:32<127:28:40, 0.051s/step step=  988000 episodes= 2059 eps=0.061 replay= 39936 loss=0.00002 ext100=0.000 total100=0.082
[train] 14:00:15<127:27:14, 0.051s/step step=  990000 episodes= 2063 eps=0.059 replay= 39936 loss=0.00002 ext100=0.000 total100=0.083
[train] 14:01:59<127:25:49, 0.051s/step step=  992000 episodes= 2067 eps=0.058 replay= 39936 loss=0.00002 ext100=0.000 total100=0.082
[train] 14:03:43<127:24:27, 0.051s/step step=  994000 episodes= 2071 eps=0.056 replay= 39936 loss=0.00006 ext100=0.000 total100=0.083
[train] 14:05:27<127:23:00, 0.051s/step step=  996000 episodes= 2075 eps=0.054 replay= 39936 loss=0.00003 ext100=0.000 total100=0.081
[train] 14:07:11<127:21:37, 0.051s/step step=  998000 episodes= 2079 eps=0.052 replay= 39936 loss=0.00004 ext100=0.000 total100=0.079
[eval] step=1000000 episodes=2084 mean_ext_return=0.000
[train] 14:09:10<127:22:33, 0.051s/step step= 1000000 episodes= 2084 eps=0.050 replay= 39936 loss=0.00002 ext100=0.000 total100=0.077
[train] 14:10:54<127:21:12, 0.051s/step step= 1002000 episodes= 2088 eps=0.050 replay= 39936 loss=0.00008 ext100=0.000 total100=0.076
[train] 14:12:37<127:19:37, 0.051s/step step= 1004000 episodes= 2092 eps=0.050 replay= 39936 loss=0.00003 ext100=0.000 total100=0.077
[train] 14:14:21<127:18:14, 0.051s/step step= 1006000 episodes= 2096 eps=0.050 replay= 39936 loss=0.00002 ext100=0.000 total100=0.079
[train] 14:16:04<127:16:48, 0.051s/step step= 1008000 episodes= 2100 eps=0.050 replay= 39936 loss=0.00003 ext100=0.000 total100=0.080
[train] 14:17:48<127:15:22, 0.051s/step step= 1010000 episodes= 2104 eps=0.050 replay= 39936 loss=0.00006 ext100=0.000 total100=0.081
[train] 14:19:32<127:13:54, 0.051s/step step= 1012000 episodes= 2109 eps=0.050 replay= 39936 loss=0.00003 ext100=0.000 total100=0.078
[train] 14:21:16<127:12:31, 0.051s/step step= 1014000 episodes= 2113 eps=0.050 replay= 39936 loss=0.00003 ext100=0.000 total100=0.079
[train] 14:22:59<127:11:04, 0.051s/step step= 1016000 episodes= 2117 eps=0.050 replay= 39936 loss=0.00004 ext100=0.000 total100=0.079
[train] 14:24:43<127:09:40, 0.051s/step step= 1018000 episodes= 2121 eps=0.050 replay= 39936 loss=0.00020 ext100=0.000 total100=0.082
[eval] step=1020000 episodes=2125 mean_ext_return=0.000
[train] 14:26:43<127:10:31, 0.051s/step step= 1020000 episodes= 2125 eps=0.050 replay= 39936 loss=0.00004 ext100=0.000 total100=0.082
[train] 14:28:27<127:09:07, 0.051s/step step= 1022000 episodes= 2129 eps=0.050 replay= 39936 loss=0.00003 ext100=0.000 total100=0.082
[train] 14:30:09<127:07:32, 0.051s/step step= 1024000 episodes= 2134 eps=0.050 replay= 39936 loss=0.00003 ext100=0.000 total100=0.082
[train] 14:31:53<127:06:08, 0.051s/step step= 1026000 episodes= 2138 eps=0.050 replay= 39936 loss=0.00013 ext100=0.000 total100=0.083
[train] 14:33:37<127:04:42, 0.051s/step step= 1028000 episodes= 2142 eps=0.050 replay= 39936 loss=0.00003 ext100=0.000 total100=0.085
[train] 14:35:21<127:03:14, 0.051s/step step= 1030000 episodes= 2146 eps=0.050 replay= 39936 loss=0.00003 ext100=0.000 total100=0.086
[train] 14:37:04<127:01:46, 0.051s/step step= 1032000 episodes= 2150 eps=0.050 replay= 39936 loss=0.00002 ext100=0.000 total100=0.088
[train] 14:38:48<127:00:22, 0.051s/step step= 1034000 episodes= 2154 eps=0.050 replay= 39936 loss=0.00004 ext100=0.000 total100=0.087
[train] 14:40:32<126:58:55, 0.051s/step step= 1036000 episodes= 2159 eps=0.050 replay= 39936 loss=0.00013 ext100=0.000 total100=0.087
[train] 14:42:16<126:57:31, 0.051s/step step= 1038000 episodes= 2163 eps=0.050 replay= 39936 loss=0.00002 ext100=0.000 total100=0.085
[eval] step=1040000 episodes=2167 mean_ext_return=0.000
[train] 14:44:16<126:58:18, 0.051s/step step= 1040000 episodes= 2167 eps=0.050 replay= 39936 loss=0.00003 ext100=0.000 total100=0.085
[train] 14:46:00<126:56:53, 0.051s/step step= 1042000 episodes= 2171 eps=0.050 replay= 39936 loss=0.00006 ext100=0.000 total100=0.086
[train] 14:47:42<126:55:17, 0.051s/step step= 1044000 episodes= 2175 eps=0.050 replay= 39936 loss=0.00003 ext100=0.000 total100=0.087
[train] 14:49:26<126:53:52, 0.051s/step step= 1046000 episodes= 2179 eps=0.050 replay= 39936 loss=0.00003 ext100=0.000 total100=0.086
[train] 14:51:10<126:52:24, 0.051s/step step= 1048000 episodes= 2184 eps=0.050 replay= 39936 loss=0.00003 ext100=0.000 total100=0.087
[train] 14:52:54<126:50:55, 0.051s/step step= 1050000 episodes= 2188 eps=0.050 replay= 39936 loss=0.00009 ext100=0.000 total100=0.087
[train] 14:54:37<126:49:25, 0.051s/step step= 1052000 episodes= 2192 eps=0.050 replay= 39936 loss=0.00003 ext100=0.000 total100=0.086
[train] 14:56:21<126:48:00, 0.051s/step step= 1054000 episodes= 2196 eps=0.050 replay= 39936 loss=0.00004 ext100=0.000 total100=0.087
[train] 14:58:05<126:46:31, 0.051s/step step= 1056000 episodes= 2200 eps=0.050 replay= 39936 loss=0.00002 ext100=0.000 total100=0.086
[train] 14:59:49<126:45:06, 0.051s/step step= 1058000 episodes= 2204 eps=0.050 replay= 39936 loss=0.00012 ext100=0.000 total100=0.087
[eval] step=1060000 episodes=2209 mean_ext_return=0.000
[train] 15:01:48<126:45:49, 0.051s/step step= 1060000 episodes= 2209 eps=0.050 replay= 39936 loss=0.00002 ext100=0.000 total100=0.085
[train] 15:03:32<126:44:24, 0.051s/step step= 1062000 episodes= 2213 eps=0.050 replay= 39936 loss=0.00002 ext100=0.000 total100=0.083
[train] 15:05:15<126:42:47, 0.051s/step step= 1064000 episodes= 2217 eps=0.050 replay= 39936 loss=0.00003 ext100=0.000 total100=0.083
[train] 15:06:59<126:41:21, 0.051s/step step= 1066000 episodes= 2221 eps=0.050 replay= 39936 loss=0.00003 ext100=0.000 total100=0.081
[train] 15:08:42<126:39:51, 0.051s/step step= 1068000 episodes= 2225 eps=0.050 replay= 39936 loss=0.00002 ext100=0.000 total100=0.080
[train] 15:10:26<126:38:21, 0.051s/step step= 1070000 episodes= 2229 eps=0.050 replay= 39936 loss=0.00002 ext100=0.000 total100=0.079
[train] 15:12:10<126:36:52, 0.051s/step step= 1072000 episodes= 2234 eps=0.050 replay= 39936 loss=0.00002 ext100=0.000 total100=0.077
[train] 15:13:54<126:35:26, 0.051s/step step= 1074000 episodes= 2238 eps=0.050 replay= 39936 loss=0.00005 ext100=0.000 total100=0.076
[train] 15:15:37<126:33:55, 0.051s/step step= 1076000 episodes= 2242 eps=0.050 replay= 39936 loss=0.00003 ext100=0.000 total100=0.075
[train] 15:17:21<126:32:30, 0.051s/step step= 1078000 episodes= 2246 eps=0.050 replay= 39936 loss=0.00003 ext100=0.000 total100=0.074
[eval] step=1080000 episodes=2250 mean_ext_return=0.000
[train] 15:19:21<126:33:10, 0.051s/step step= 1080000 episodes= 2250 eps=0.050 replay= 39936 loss=0.00002 ext100=0.000 total100=0.072
[train] 15:21:05<126:31:43, 0.051s/step step= 1082000 episodes= 2254 eps=0.050 replay= 39936 loss=0.00003 ext100=0.000 total100=0.072
[train] 15:22:47<126:30:05, 0.051s/step step= 1084000 episodes= 2259 eps=0.050 replay= 39936 loss=0.00002 ext100=0.000 total100=0.069
[train] 15:24:31<126:28:38, 0.051s/step step= 1086000 episodes= 2263 eps=0.050 replay= 39936 loss=0.00002 ext100=0.000 total100=0.070
[train] 15:26:15<126:27:08, 0.051s/step step= 1088000 episodes= 2267 eps=0.050 replay= 39936 loss=0.00002 ext100=0.000 total100=0.070
[train] 15:27:59<126:25:38, 0.051s/step step= 1090000 episodes= 2271 eps=0.050 replay= 39936 loss=0.00004 ext100=0.000 total100=0.067
[train] 15:29:42<126:24:07, 0.051s/step step= 1092000 episodes= 2275 eps=0.050 replay= 39936 loss=0.00002 ext100=0.000 total100=0.064
[train] 15:31:26<126:22:40, 0.051s/step step= 1094000 episodes= 2279 eps=0.050 replay= 39936 loss=0.00001 ext100=0.000 total100=0.066
[train] 15:33:10<126:21:09, 0.051s/step step= 1096000 episodes= 2284 eps=0.050 replay= 39936 loss=0.00002 ext100=0.000 total100=0.065
[train] 15:34:54<126:19:43, 0.051s/step step= 1098000 episodes= 2288 eps=0.050 replay= 39936 loss=0.00004 ext100=0.000 total100=0.064
[eval] step=1100000 episodes=2292 mean_ext_return=0.000
[train] 15:36:53<126:20:18, 0.051s/step step= 1100000 episodes= 2292 eps=0.050 replay= 39936 loss=0.00002 ext100=0.000 total100=0.062
[train] 15:38:37<126:18:52, 0.051s/step step= 1102000 episodes= 2296 eps=0.050 replay= 39936 loss=0.00002 ext100=0.000 total100=0.060
[train] 15:40:20<126:17:13, 0.051s/step step= 1104000 episodes= 2300 eps=0.050 replay= 39936 loss=0.00002 ext100=0.000 total100=0.059
[train] 15:42:04<126:15:46, 0.051s/step step= 1106000 episodes= 2304 eps=0.050 replay= 39936 loss=0.00004 ext100=0.000 total100=0.056
[train] 15:43:48<126:14:16, 0.051s/step step= 1108000 episodes= 2309 eps=0.050 replay= 39936 loss=0.00002 ext100=0.000 total100=0.054
[train] 15:45:31<126:12:45, 0.051s/step step= 1110000 episodes= 2313 eps=0.050 replay= 39936 loss=0.00003 ext100=0.000 total100=0.055
[train] 15:47:15<126:11:14, 0.051s/step step= 1112000 episodes= 2317 eps=0.050 replay= 39936 loss=0.00002 ext100=0.000 total100=0.057
[train] 15:48:59<126:09:45, 0.051s/step step= 1114000 episodes= 2321 eps=0.050 replay= 39936 loss=0.00003 ext100=0.000 total100=0.058
[train] 15:50:42<126:08:14, 0.051s/step step= 1116000 episodes= 2325 eps=0.050 replay= 39936 loss=0.00003 ext100=0.000 total100=0.060
[train] 15:52:26<126:06:46, 0.051s/step step= 1118000 episodes= 2329 eps=0.050 replay= 39936 loss=0.00002 ext100=0.000 total100=0.059
[eval] step=1120000 episodes=2334 mean_ext_return=0.000
[train] 15:54:26<126:07:19, 0.051s/step step= 1120000 episodes= 2334 eps=0.050 replay= 39936 loss=0.00001 ext100=0.000 total100=0.060
[train] 15:56:10<126:05:52, 0.051s/step step= 1122000 episodes= 2338 eps=0.050 replay= 39936 loss=0.00004 ext100=0.000 total100=0.058
[train] 15:57:53<126:04:13, 0.051s/step step= 1124000 episodes= 2342 eps=0.050 replay= 39936 loss=0.00002 ext100=0.000 total100=0.059
[train] 15:59:37<126:02:44, 0.051s/step step= 1126000 episodes= 2346 eps=0.050 replay= 39936 loss=0.00002 ext100=0.000 total100=0.059
[train] 16:01:20<126:01:12, 0.051s/step step= 1128000 episodes= 2350 eps=0.050 replay= 39936 loss=0.00002 ext100=0.000 total100=0.059
[train] 16:03:04<125:59:41, 0.051s/step step= 1130000 episodes= 2354 eps=0.050 replay= 39936 loss=0.00008 ext100=0.000 total100=0.059
[train] 16:04:47<125:58:08, 0.051s/step step= 1132000 episodes= 2359 eps=0.050 replay= 39936 loss=0.00001 ext100=0.000 total100=0.062
[train] 16:06:31<125:56:39, 0.051s/step step= 1134000 episodes= 2363 eps=0.050 replay= 39936 loss=0.00002 ext100=0.000 total100=0.061
[train] 16:08:15<125:55:07, 0.051s/step step= 1136000 episodes= 2367 eps=0.050 replay= 39936 loss=0.00002 ext100=0.000 total100=0.060
[train] 16:09:59<125:53:39, 0.051s/step step= 1138000 episodes= 2371 eps=0.050 replay= 39936 loss=0.00003 ext100=0.000 total100=0.061
[eval] step=1140000 episodes=2375 mean_ext_return=0.000
[train] 16:11:58<125:54:08, 0.051s/step step= 1140000 episodes= 2375 eps=0.050 replay= 39936 loss=0.00001 ext100=0.000 total100=0.064
[train] 16:13:42<125:52:38, 0.051s/step step= 1142000 episodes= 2379 eps=0.050 replay= 39936 loss=0.00001 ext100=0.000 total100=0.065
[train] 16:15:25<125:50:58, 0.051s/step step= 1144000 episodes= 2384 eps=0.050 replay= 39936 loss=0.00001 ext100=0.000 total100=0.065
[train] 16:17:09<125:49:30, 0.051s/step step= 1146000 episodes= 2388 eps=0.050 replay= 39936 loss=0.00004 ext100=0.000 total100=0.065
[train] 16:18:52<125:47:57, 0.051s/step step= 1148000 episodes= 2392 eps=0.050 replay= 39936 loss=0.00002 ext100=0.000 total100=0.067
[train] 16:20:36<125:46:25, 0.051s/step step= 1150000 episodes= 2396 eps=0.050 replay= 39936 loss=0.00002 ext100=0.000 total100=0.067
[train] 16:22:20<125:44:52, 0.051s/step step= 1152000 episodes= 2400 eps=0.050 replay= 39936 loss=0.00002 ext100=0.000 total100=0.068
[train] 16:24:04<125:43:22, 0.051s/step step= 1154000 episodes= 2404 eps=0.050 replay= 39936 loss=0.00004 ext100=0.000 total100=0.070
[train] 16:25:47<125:41:50, 0.051s/step step= 1156000 episodes= 2409 eps=0.050 replay= 39936 loss=0.00002 ext100=0.000 total100=0.073
[train] 16:27:31<125:40:22, 0.051s/step step= 1158000 episodes= 2413 eps=0.050 replay= 39936 loss=0.00001 ext100=0.000 total100=0.072
[eval] step=1160000 episodes=2417 mean_ext_return=0.000
[train] 16:29:30<125:40:47, 0.051s/step step= 1160000 episodes= 2417 eps=0.050 replay= 39936 loss=0.00001 ext100=0.000 total100=0.070
[train] 16:31:15<125:39:19, 0.051s/step step= 1162000 episodes= 2421 eps=0.050 replay= 39936 loss=0.00003 ext100=0.000 total100=0.069
[train] 16:32:57<125:37:39, 0.051s/step step= 1164000 episodes= 2425 eps=0.050 replay= 39936 loss=0.00002 ext100=0.000 total100=0.068
[train] 16:34:42<125:36:10, 0.051s/step step= 1166000 episodes= 2429 eps=0.050 replay= 39936 loss=0.00002 ext100=0.000 total100=0.070
[train] 16:36:25<125:34:38, 0.051s/step step= 1168000 episodes= 2434 eps=0.050 replay= 39936 loss=0.00002 ext100=0.000 total100=0.069
[train] 16:38:09<125:33:05, 0.051s/step step= 1170000 episodes= 2438 eps=0.050 replay= 39936 loss=0.00003 ext100=0.000 total100=0.070
[train] 16:39:52<125:31:32, 0.051s/step step= 1172000 episodes= 2442 eps=0.050 replay= 39936 loss=0.00002 ext100=0.000 total100=0.068
[train] 16:41:36<125:30:01, 0.051s/step step= 1174000 episodes= 2446 eps=0.050 replay= 39936 loss=0.00002 ext100=0.000 total100=0.066
[train] 16:43:20<125:28:29, 0.051s/step step= 1176000 episodes= 2450 eps=0.050 replay= 39936 loss=0.00002 ext100=0.000 total100=0.066
[train] 16:45:04<125:26:59, 0.051s/step step= 1178000 episodes= 2454 eps=0.050 replay= 39936 loss=0.00002 ext100=0.000 total100=0.066
[eval] step=1180000 episodes=2459 mean_ext_return=0.000
[train] 16:47:03<125:27:22, 0.051s/step step= 1180000 episodes= 2459 eps=0.050 replay= 39936 loss=0.00001 ext100=0.000 total100=0.064
[train] 16:48:48<125:25:53, 0.051s/step step= 1182000 episodes= 2463 eps=0.050 replay= 39936 loss=0.00002 ext100=0.000 total100=0.063
[train] 16:50:30<125:24:11, 0.051s/step step= 1184000 episodes= 2467 eps=0.050 replay= 39936 loss=0.00001 ext100=0.000 total100=0.065
[train] 16:52:14<125:22:41, 0.051s/step step= 1186000 episodes= 2471 eps=0.050 replay= 39936 loss=0.00003 ext100=0.000 total100=0.066
[train] 16:53:58<125:21:08, 0.051s/step step= 1188000 episodes= 2475 eps=0.050 replay= 39936 loss=0.00002 ext100=0.000 total100=0.065
[train] 16:55:42<125:19:35, 0.051s/step step= 1190000 episodes= 2479 eps=0.050 replay= 39936 loss=0.00001 ext100=0.000 total100=0.065
[train] 16:57:25<125:18:01, 0.051s/step step= 1192000 episodes= 2484 eps=0.050 replay= 39936 loss=0.00001 ext100=0.000 total100=0.064
[train] 16:59:09<125:16:31, 0.051s/step step= 1194000 episodes= 2488 eps=0.050 replay= 39936 loss=0.00003 ext100=0.000 total100=0.064
[train] 17:00:53<125:14:57, 0.051s/step step= 1196000 episodes= 2492 eps=0.050 replay= 39936 loss=0.00001 ext100=0.000 total100=0.063
[train] 17:02:37<125:13:27, 0.051s/step step= 1198000 episodes= 2496 eps=0.050 replay= 39936 loss=0.00001 ext100=0.000 total100=0.064
[eval] step=1200000 episodes=2500 mean_ext_return=0.000
[train] 17:04:36<125:13:47, 0.051s/step step= 1200000 episodes= 2500 eps=0.050 replay= 39936 loss=0.00001 ext100=0.000 total100=0.064
[train] 17:06:20<125:12:17, 0.051s/step step= 1202000 episodes= 2504 eps=0.050 replay= 39936 loss=0.00003 ext100=0.000 total100=0.063
[train] 17:08:03<125:10:37, 0.051s/step step= 1204000 episodes= 2509 eps=0.050 replay= 39936 loss=0.00002 ext100=0.000 total100=0.063
[train] 17:09:47<125:09:06, 0.051s/step step= 1206000 episodes= 2513 eps=0.050 replay= 39936 loss=0.00001 ext100=0.000 total100=0.063
[train] 17:11:31<125:07:32, 0.051s/step step= 1208000 episodes= 2517 eps=0.050 replay= 39936 loss=0.00002 ext100=0.000 total100=0.064
[train] 17:13:14<125:05:56, 0.051s/step step= 1210000 episodes= 2521 eps=0.050 replay= 39936 loss=0.00003 ext100=0.000 total100=0.064
[train] 17:14:58<125:04:22, 0.051s/step step= 1212000 episodes= 2525 eps=0.050 replay= 39936 loss=0.00001 ext100=0.000 total100=0.064
[train] 17:16:42<125:02:53, 0.051s/step step= 1214000 episodes= 2529 eps=0.050 replay= 39936 loss=0.00002 ext100=0.000 total100=0.063
[train] 17:18:26<125:01:19, 0.051s/step step= 1216000 episodes= 2534 eps=0.050 replay= 39936 loss=0.00002 ext100=0.000 total100=0.063
[train] 17:20:10<124:59:50, 0.051s/step step= 1218000 episodes= 2538 eps=0.050 replay= 39936 loss=0.00002 ext100=0.000 total100=0.063
[eval] step=1220000 episodes=2542 mean_ext_return=0.000
[train] 17:22:09<125:00:07, 0.051s/step step= 1220000 episodes= 2542 eps=0.050 replay= 39936 loss=0.00001 ext100=0.000 total100=0.065
[train] 17:23:53<124:58:36, 0.051s/step step= 1222000 episodes= 2546 eps=0.050 replay= 39936 loss=0.00001 ext100=0.000 total100=0.066
[train] 17:25:36<124:56:54, 0.051s/step step= 1224000 episodes= 2550 eps=0.050 replay= 39936 loss=0.00001 ext100=0.000 total100=0.069
[train] 17:27:20<124:55:22, 0.051s/step step= 1226000 episodes= 2554 eps=0.050 replay= 39936 loss=0.00003 ext100=0.000 total100=0.069
[train] 17:29:03<124:53:47, 0.051s/step step= 1228000 episodes= 2559 eps=0.050 replay= 39936 loss=0.00002 ext100=0.000 total100=0.070
[train] 17:30:47<124:52:12, 0.051s/step step= 1230000 episodes= 2563 eps=0.050 replay= 39936 loss=0.00001 ext100=0.000 total100=0.070
[train] 17:32:30<124:50:37, 0.051s/step step= 1232000 episodes= 2567 eps=0.050 replay= 39936 loss=0.00002 ext100=0.000 total100=0.072
[train] 17:34:14<124:49:06, 0.051s/step step= 1234000 episodes= 2571 eps=0.050 replay= 39936 loss=0.00004 ext100=0.000 total100=0.070
[train] 17:35:58<124:47:30, 0.051s/step step= 1236000 episodes= 2575 eps=0.050 replay= 39936 loss=0.00002 ext100=0.000 total100=0.071
[train] 17:37:42<124:45:58, 0.051s/step step= 1238000 episodes= 2579 eps=0.050 replay= 39936 loss=0.00001 ext100=0.000 total100=0.070
[eval] step=1240000 episodes=2584 mean_ext_return=0.000
[train] 17:39:41<124:46:13, 0.051s/step step= 1240000 episodes= 2584 eps=0.050 replay= 39936 loss=0.00001 ext100=0.000 total100=0.070
[train] 17:41:25<124:44:43, 0.051s/step step= 1242000 episodes= 2588 eps=0.050 replay= 39936 loss=0.00004 ext100=0.000 total100=0.070
[train] 17:43:08<124:43:02, 0.051s/step step= 1244000 episodes= 2592 eps=0.050 replay= 39936 loss=0.00002 ext100=0.000 total100=0.070
[train] 17:44:52<124:41:29, 0.051s/step step= 1246000 episodes= 2596 eps=0.050 replay= 39936 loss=0.00001 ext100=0.000 total100=0.070
[train] 17:46:36<124:39:55, 0.051s/step step= 1248000 episodes= 2600 eps=0.050 replay= 39936 loss=0.00002 ext100=0.000 total100=0.070
[train] 17:48:20<124:38:20, 0.051s/step step= 1250000 episodes= 2604 eps=0.050 replay= 39936 loss=0.00002 ext100=0.000 total100=0.071
[train] 17:50:03<124:36:46, 0.051s/step step= 1252000 episodes= 2609 eps=0.050 replay= 39936 loss=0.00002 ext100=0.000 total100=0.071
[train] 17:51:48<124:35:15, 0.051s/step step= 1254000 episodes= 2613 eps=0.050 replay= 39936 loss=0.00002 ext100=0.000 total100=0.071
[train] 17:53:31<124:33:39, 0.051s/step step= 1256000 episodes= 2617 eps=0.050 replay= 39936 loss=0.00003 ext100=0.000 total100=0.068
[train] 17:55:15<124:32:06, 0.051s/step step= 1258000 episodes= 2621 eps=0.050 replay= 39936 loss=0.00002 ext100=0.000 total100=0.069
[eval] step=1260000 episodes=2625 mean_ext_return=0.000
[train] 17:57:14<124:32:19, 0.051s/step step= 1260000 episodes= 2625 eps=0.050 replay= 39936 loss=0.00001 ext100=0.000 total100=0.067
[train] 17:58:58<124:30:47, 0.051s/step step= 1262000 episodes= 2629 eps=0.050 replay= 39936 loss=0.00001 ext100=0.000 total100=0.065
[train] 18:00:41<124:29:05, 0.051s/step step= 1264000 episodes= 2634 eps=0.050 replay= 39936 loss=0.00001 ext100=0.000 total100=0.066
[train] 18:02:25<124:27:33, 0.051s/step step= 1266000 episodes= 2638 eps=0.050 replay= 39936 loss=0.00001 ext100=0.000 total100=0.067
[train] 18:04:09<124:25:57, 0.051s/step step= 1268000 episodes= 2642 eps=0.050 replay= 39936 loss=0.00001 ext100=0.000 total100=0.066
[train] 18:05:52<124:24:22, 0.051s/step step= 1270000 episodes= 2646 eps=0.050 replay= 39936 loss=0.00001 ext100=0.000 total100=0.067
[train] 18:07:36<124:22:47, 0.051s/step step= 1272000 episodes= 2650 eps=0.050 replay= 39936 loss=0.00001 ext100=0.000 total100=0.065
[train] 18:09:20<124:21:14, 0.051s/step step= 1274000 episodes= 2654 eps=0.050 replay= 39936 loss=0.00004 ext100=0.000 total100=0.065
[train] 18:11:04<124:19:39, 0.051s/step step= 1276000 episodes= 2659 eps=0.050 replay= 39936 loss=0.00002 ext100=0.000 total100=0.064
[train] 18:12:48<124:18:06, 0.051s/step step= 1278000 episodes= 2663 eps=0.050 replay= 39936 loss=0.00002 ext100=0.000 total100=0.064
[eval] step=1280000 episodes=2667 mean_ext_return=0.000
[train] 18:14:47<124:18:16, 0.051s/step step= 1280000 episodes= 2667 eps=0.050 replay= 39936 loss=0.00001 ext100=0.000 total100=0.061
[train] 18:16:31<124:16:43, 0.051s/step step= 1282000 episodes= 2671 eps=0.050 replay= 39936 loss=0.00003 ext100=0.000 total100=0.062
[train] 18:18:14<124:15:00, 0.051s/step step= 1284000 episodes= 2675 eps=0.050 replay= 39936 loss=0.00003 ext100=0.000 total100=0.060
[train] 18:19:58<124:13:28, 0.051s/step step= 1286000 episodes= 2679 eps=0.050 replay= 39936 loss=0.00001 ext100=0.000 total100=0.060
[train] 18:21:42<124:11:52, 0.051s/step step= 1288000 episodes= 2684 eps=0.050 replay= 39936 loss=0.00001 ext100=0.000 total100=0.061
[train] 18:23:25<124:10:16, 0.051s/step step= 1290000 episodes= 2688 eps=0.050 replay= 39936 loss=0.00005 ext100=0.000 total100=0.062
[train] 18:25:09<124:08:40, 0.051s/step step= 1292000 episodes= 2692 eps=0.050 replay= 39936 loss=0.00002 ext100=0.000 total100=0.063
[train] 18:26:53<124:07:08, 0.051s/step step= 1294000 episodes= 2696 eps=0.050 replay= 39936 loss=0.00002 ext100=0.000 total100=0.063
[train] 18:28:37<124:05:32, 0.051s/step step= 1296000 episodes= 2700 eps=0.050 replay= 39936 loss=0.00002 ext100=0.000 total100=0.063
[train] 18:30:21<124:03:58, 0.051s/step step= 1298000 episodes= 2704 eps=0.050 replay= 39936 loss=0.00005 ext100=0.000 total100=0.062
[eval] step=1300000 episodes=2709 mean_ext_return=0.000
[train] 18:32:20<124:04:06, 0.051s/step step= 1300000 episodes= 2709 eps=0.050 replay= 39936 loss=0.00001 ext100=0.000 total100=0.062
[train] 18:34:04<124:02:33, 0.051s/step step= 1302000 episodes= 2713 eps=0.050 replay= 39936 loss=0.00002 ext100=0.000 total100=0.062
[train] 18:35:47<124:00:51, 0.051s/step step= 1304000 episodes= 2717 eps=0.050 replay= 39936 loss=0.00003 ext100=0.000 total100=0.064
[train] 18:37:31<123:59:18, 0.051s/step step= 1306000 episodes= 2721 eps=0.050 replay= 39936 loss=0.00003 ext100=0.000 total100=0.063
[train] 18:39:15<123:57:43, 0.051s/step step= 1308000 episodes= 2725 eps=0.050 replay= 39936 loss=0.00002 ext100=0.000 total100=0.067
[train] 18:40:58<123:56:07, 0.051s/step step= 1310000 episodes= 2729 eps=0.050 replay= 39936 loss=0.00002 ext100=0.000 total100=0.068
[train] 18:42:42<123:54:31, 0.051s/step step= 1312000 episodes= 2734 eps=0.050 replay= 39936 loss=0.00002 ext100=0.000 total100=0.065
[train] 18:44:26<123:52:59, 0.051s/step step= 1314000 episodes= 2738 eps=0.050 replay= 39936 loss=0.00004 ext100=0.000 total100=0.065
[train] 18:46:10<123:51:23, 0.051s/step step= 1316000 episodes= 2742 eps=0.050 replay= 39936 loss=0.00002 ext100=0.000 total100=0.066
[train] 18:47:54<123:49:50, 0.051s/step step= 1318000 episodes= 2746 eps=0.050 replay= 39936 loss=0.00001 ext100=0.000 total100=0.067
[eval] step=1320000 episodes=2750 mean_ext_return=0.000
[train] 18:49:53<123:49:56, 0.051s/step step= 1320000 episodes= 2750 eps=0.050 replay= 39936 loss=0.00002 ext100=0.000 total100=0.064
[train] 18:51:38<123:48:23, 0.051s/step step= 1322000 episodes= 2754 eps=0.050 replay= 39936 loss=0.00003 ext100=0.000 total100=0.063
[train] 18:53:20<123:46:40, 0.051s/step step= 1324000 episodes= 2759 eps=0.050 replay= 39936 loss=0.00001 ext100=0.000 total100=0.063
[train] 18:55:04<123:45:07, 0.051s/step step= 1326000 episodes= 2763 eps=0.050 replay= 39936 loss=0.00001 ext100=0.000 total100=0.063
[train] 18:56:48<123:43:31, 0.051s/step step= 1328000 episodes= 2767 eps=0.050 replay= 39936 loss=0.00002 ext100=0.000 total100=0.064
[train] 18:58:32<123:41:54, 0.051s/step step= 1330000 episodes= 2771 eps=0.050 replay= 39936 loss=0.00003 ext100=0.000 total100=0.063
[train] 19:00:15<123:40:17, 0.051s/step step= 1332000 episodes= 2775 eps=0.050 replay= 39936 loss=0.00002 ext100=0.000 total100=0.064
[train] 19:01:59<123:38:43, 0.051s/step step= 1334000 episodes= 2779 eps=0.050 replay= 39936 loss=0.00001 ext100=0.000 total100=0.064
[train] 19:03:43<123:37:05, 0.051s/step step= 1336000 episodes= 2784 eps=0.050 replay= 39936 loss=0.00002 ext100=0.000 total100=0.063
[train] 19:05:27<123:35:31, 0.051s/step step= 1338000 episodes= 2788 eps=0.050 replay= 39936 loss=0.00004 ext100=0.000 total100=0.063
[eval] step=1340000 episodes=2792 mean_ext_return=0.000
[train] 19:07:26<123:35:35, 0.051s/step step= 1340000 episodes= 2792 eps=0.050 replay= 39936 loss=0.00001 ext100=0.000 total100=0.062
[train] 19:09:11<123:34:02, 0.051s/step step= 1342000 episodes= 2796 eps=0.050 replay= 39936 loss=0.00002 ext100=0.000 total100=0.061
[train] 19:10:53<123:32:19, 0.051s/step step= 1344000 episodes= 2800 eps=0.050 replay= 39936 loss=0.00001 ext100=0.000 total100=0.061
[train] 19:12:37<123:30:44, 0.051s/step step= 1346000 episodes= 2804 eps=0.050 replay= 39936 loss=0.00003 ext100=0.000 total100=0.061
[train] 19:14:21<123:29:07, 0.051s/step step= 1348000 episodes= 2809 eps=0.050 replay= 39936 loss=0.00001 ext100=0.000 total100=0.061
[train] 19:16:04<123:27:29, 0.051s/step step= 1350000 episodes= 2813 eps=0.050 replay= 39936 loss=0.00002 ext100=0.000 total100=0.060
[train] 19:17:48<123:25:52, 0.051s/step step= 1352000 episodes= 2817 eps=0.050 replay= 39936 loss=0.00002 ext100=0.000 total100=0.058
[train] 19:19:32<123:24:18, 0.051s/step step= 1354000 episodes= 2821 eps=0.050 replay= 39936 loss=0.00002 ext100=0.000 total100=0.058
[train] 19:21:16<123:22:40, 0.051s/step step= 1356000 episodes= 2825 eps=0.050 replay= 39936 loss=0.00002 ext100=0.000 total100=0.055
[train] 19:23:00<123:21:07, 0.051s/step step= 1358000 episodes= 2829 eps=0.050 replay= 39936 loss=0.00001 ext100=0.000 total100=0.056
[eval] step=1360000 episodes=2834 mean_ext_return=0.000
[train] 19:24:59<123:21:08, 0.051s/step step= 1360000 episodes= 2834 eps=0.050 replay= 39936 loss=0.00001 ext100=0.000 total100=0.057
[train] 19:26:43<123:19:34, 0.051s/step step= 1362000 episodes= 2838 eps=0.050 replay= 39936 loss=0.00004 ext100=0.000 total100=0.056
[train] 19:28:26<123:17:50, 0.051s/step step= 1364000 episodes= 2842 eps=0.050 replay= 39936 loss=0.00002 ext100=0.000 total100=0.056
[train] 19:30:10<123:16:16, 0.051s/step step= 1366000 episodes= 2846 eps=0.050 replay= 39936 loss=0.00001 ext100=0.000 total100=0.055
[train] 19:31:54<123:14:37, 0.051s/step step= 1368000 episodes= 2850 eps=0.050 replay= 39936 loss=0.00001 ext100=0.000 total100=0.057
[train] 19:33:37<123:13:00, 0.051s/step step= 1370000 episodes= 2854 eps=0.050 replay= 39936 loss=0.00005 ext100=0.000 total100=0.058
[train] 19:35:21<123:11:23, 0.051s/step step= 1372000 episodes= 2859 eps=0.050 replay= 39936 loss=0.00002 ext100=0.000 total100=0.057
[train] 19:37:05<123:09:48, 0.051s/step step= 1374000 episodes= 2863 eps=0.050 replay= 39936 loss=0.00001 ext100=0.000 total100=0.056
[train] 19:38:49<123:08:10, 0.051s/step step= 1376000 episodes= 2867 eps=0.050 replay= 39936 loss=0.00002 ext100=0.000 total100=0.056
[train] 19:40:33<123:06:35, 0.051s/step step= 1378000 episodes= 2871 eps=0.050 replay= 39936 loss=0.00003 ext100=0.000 total100=0.055
[eval] step=1380000 episodes=2875 mean_ext_return=0.000
[train] 19:42:32<123:06:35, 0.051s/step step= 1380000 episodes= 2875 eps=0.050 replay= 39936 loss=0.00001 ext100=0.000 total100=0.056
[train] 19:44:16<123:05:01, 0.051s/step step= 1382000 episodes= 2879 eps=0.050 replay= 39936 loss=0.00001 ext100=0.000 total100=0.057
[train] 19:45:59<123:03:18, 0.051s/step step= 1384000 episodes= 2884 eps=0.050 replay= 39936 loss=0.00001 ext100=0.000 total100=0.057
[train] 19:47:43<123:01:44, 0.051s/step step= 1386000 episodes= 2888 eps=0.050 replay= 39936 loss=0.00003 ext100=0.000 total100=0.057
[train] 19:49:27<123:00:06, 0.051s/step step= 1388000 episodes= 2892 eps=0.050 replay= 39936 loss=0.00001 ext100=0.000 total100=0.056
[train] 19:51:10<122:58:28, 0.051s/step step= 1390000 episodes= 2896 eps=0.050 replay= 39936 loss=0.00001 ext100=0.000 total100=0.056
[train] 19:52:54<122:56:50, 0.051s/step step= 1392000 episodes= 2900 eps=0.050 replay= 39936 loss=0.00001 ext100=0.000 total100=0.056
[train] 19:54:38<122:55:15, 0.051s/step step= 1394000 episodes= 2904 eps=0.050 replay= 39936 loss=0.00002 ext100=0.000 total100=0.055
[train] 19:56:22<122:53:38, 0.051s/step step= 1396000 episodes= 2909 eps=0.050 replay= 39936 loss=0.00001 ext100=0.000 total100=0.055
[train] 19:58:06<122:52:02, 0.051s/step step= 1398000 episodes= 2913 eps=0.050 replay= 39936 loss=0.00001 ext100=0.000 total100=0.057
[eval] step=1400000 episodes=2917 mean_ext_return=0.000
[train] 20:00:05<122:52:00, 0.051s/step step= 1400000 episodes= 2917 eps=0.050 replay= 39936 loss=0.00001 ext100=0.000 total100=0.059
[train] 20:01:49<122:50:25, 0.051s/step step= 1402000 episodes= 2921 eps=0.050 replay= 39936 loss=0.00002 ext100=0.000 total100=0.058
[train] 20:03:32<122:48:41, 0.051s/step step= 1404000 episodes= 2925 eps=0.050 replay= 39936 loss=0.00002 ext100=0.000 total100=0.058
[train] 20:05:16<122:47:06, 0.051s/step step= 1406000 episodes= 2929 eps=0.050 replay= 39936 loss=0.00001 ext100=0.000 total100=0.058
[train] 20:07:00<122:45:27, 0.051s/step step= 1408000 episodes= 2934 eps=0.050 replay= 39936 loss=0.00001 ext100=0.000 total100=0.058
[train] 20:08:43<122:43:50, 0.051s/step step= 1410000 episodes= 2938 eps=0.050 replay= 39936 loss=0.00004 ext100=0.000 total100=0.060
[train] 20:10:27<122:42:12, 0.051s/step step= 1412000 episodes= 2942 eps=0.050 replay= 39936 loss=0.00001 ext100=0.000 total100=0.060
[train] 20:12:11<122:40:36, 0.051s/step step= 1414000 episodes= 2946 eps=0.050 replay= 39936 loss=0.00001 ext100=0.000 total100=0.059
[train] 20:13:55<122:38:57, 0.051s/step step= 1416000 episodes= 2950 eps=0.050 replay= 39936 loss=0.00001 ext100=0.000 total100=0.059
[train] 20:15:39<122:37:22, 0.051s/step step= 1418000 episodes= 2954 eps=0.050 replay= 39936 loss=0.00003 ext100=0.000 total100=0.058
[eval] step=1420000 episodes=2959 mean_ext_return=0.000
[train] 20:17:38<122:37:18, 0.051s/step step= 1420000 episodes= 2959 eps=0.050 replay= 39936 loss=0.00001 ext100=0.000 total100=0.059
[train] 20:19:22<122:35:43, 0.051s/step step= 1422000 episodes= 2963 eps=0.050 replay= 39936 loss=0.00001 ext100=0.000 total100=0.060
[train] 20:21:05<122:33:59, 0.051s/step step= 1424000 episodes= 2967 eps=0.050 replay= 39936 loss=0.00001 ext100=0.000 total100=0.059
[train] 20:22:49<122:32:24, 0.051s/step step= 1426000 episodes= 2971 eps=0.050 replay= 39936 loss=0.00002 ext100=0.000 total100=0.060
[train] 20:24:33<122:30:46, 0.051s/step step= 1428000 episodes= 2975 eps=0.050 replay= 39936 loss=0.00001 ext100=0.000 total100=0.060
[train] 20:26:17<122:29:07, 0.051s/step step= 1430000 episodes= 2979 eps=0.050 replay= 39936 loss=0.00001 ext100=0.000 total100=0.060
[train] 20:28:00<122:27:29, 0.051s/step step= 1432000 episodes= 2984 eps=0.050 replay= 39936 loss=0.00001 ext100=0.000 total100=0.060
[train] 20:29:44<122:25:53, 0.051s/step step= 1434000 episodes= 2988 eps=0.050 replay= 39936 loss=0.00003 ext100=0.000 total100=0.062
[train] 20:31:28<122:24:14, 0.051s/step step= 1436000 episodes= 2992 eps=0.050 replay= 39936 loss=0.00001 ext100=0.000 total100=0.060
[train] 20:33:12<122:22:38, 0.051s/step step= 1438000 episodes= 2996 eps=0.050 replay= 39936 loss=0.00001 ext100=0.000 total100=0.061
[eval] step=1440000 episodes=3000 mean_ext_return=0.000
[train] 20:35:11<122:22:32, 0.051s/step step= 1440000 episodes= 3000 eps=0.050 replay= 39936 loss=0.00001 ext100=0.000 total100=0.063
[train] 20:36:55<122:20:57, 0.051s/step step= 1442000 episodes= 3004 eps=0.050 replay= 39936 loss=0.00003 ext100=0.000 total100=0.064
[train] 20:38:38<122:19:12, 0.051s/step step= 1444000 episodes= 3009 eps=0.050 replay= 39936 loss=0.00003 ext100=0.000 total100=0.064
[train] 20:40:22<122:17:36, 0.051s/step step= 1446000 episodes= 3013 eps=0.050 replay= 39936 loss=0.00001 ext100=0.000 total100=0.064
[train] 20:42:06<122:15:56, 0.051s/step step= 1448000 episodes= 3017 eps=0.050 replay= 39936 loss=0.00001 ext100=0.000 total100=0.064
[train] 20:43:49<122:14:18, 0.051s/step step= 1450000 episodes= 3021 eps=0.050 replay= 39936 loss=0.00002 ext100=0.000 total100=0.065
[train] 20:45:33<122:12:39, 0.051s/step step= 1452000 episodes= 3025 eps=0.050 replay= 39936 loss=0.00001 ext100=0.000 total100=0.066
[train] 20:47:17<122:11:03, 0.051s/step step= 1454000 episodes= 3029 eps=0.050 replay= 39936 loss=0.00001 ext100=0.000 total100=0.066
[train] 20:49:01<122:09:24, 0.051s/step step= 1456000 episodes= 3034 eps=0.050 replay= 39936 loss=0.00001 ext100=0.000 total100=0.067
[train] 20:50:45<122:07:48, 0.051s/step step= 1458000 episodes= 3038 eps=0.050 replay= 39936 loss=0.00003 ext100=0.000 total100=0.065
[eval] step=1460000 episodes=3042 mean_ext_return=0.000
[train] 20:52:44<122:07:41, 0.051s/step step= 1460000 episodes= 3042 eps=0.050 replay= 39936 loss=0.00001 ext100=0.000 total100=0.065
[train] 20:54:28<122:06:04, 0.051s/step step= 1462000 episodes= 3046 eps=0.050 replay= 39936 loss=0.00001 ext100=0.000 total100=0.065
[train] 20:56:11<122:04:20, 0.051s/step step= 1464000 episodes= 3050 eps=0.050 replay= 39936 loss=0.00002 ext100=0.000 total100=0.065
[train] 20:57:55<122:02:43, 0.051s/step step= 1466000 episodes= 3054 eps=0.050 replay= 39936 loss=0.00003 ext100=0.000 total100=0.065
[train] 20:59:38<122:01:03, 0.051s/step step= 1468000 episodes= 3059 eps=0.050 replay= 39936 loss=0.00001 ext100=0.000 total100=0.065
[train] 21:01:22<121:59:24, 0.051s/step step= 1470000 episodes= 3063 eps=0.050 replay= 39936 loss=0.00001 ext100=0.000 total100=0.065
[train] 21:03:06<121:57:45, 0.051s/step step= 1472000 episodes= 3067 eps=0.050 replay= 39936 loss=0.00001 ext100=0.000 total100=0.066
[train] 21:04:50<121:56:09, 0.051s/step step= 1474000 episodes= 3071 eps=0.050 replay= 39936 loss=0.00004 ext100=0.000 total100=0.065
[train] 21:06:33<121:54:29, 0.051s/step step= 1476000 episodes= 3075 eps=0.050 replay= 39936 loss=0.00002 ext100=0.000 total100=0.064
[train] 21:08:17<121:52:53, 0.051s/step step= 1478000 episodes= 3079 eps=0.050 replay= 39936 loss=0.00001 ext100=0.000 total100=0.063
[eval] step=1480000 episodes=3084 mean_ext_return=0.000
[train] 21:10:17<121:52:43, 0.051s/step step= 1480000 episodes= 3084 eps=0.050 replay= 39936 loss=0.00002 ext100=0.000 total100=0.062
[train] 21:12:01<121:51:07, 0.051s/step step= 1482000 episodes= 3088 eps=0.050 replay= 39936 loss=0.00002 ext100=0.000 total100=0.060
[train] 21:13:44<121:49:23, 0.051s/step step= 1484000 episodes= 3092 eps=0.050 replay= 39936 loss=0.00001 ext100=0.000 total100=0.061
[train] 21:15:28<121:47:46, 0.051s/step step= 1486000 episodes= 3096 eps=0.050 replay= 39936 loss=0.00001 ext100=0.000 total100=0.059
[train] 21:17:11<121:46:07, 0.051s/step step= 1488000 episodes= 3100 eps=0.050 replay= 39936 loss=0.00001 ext100=0.000 total100=0.059
[train] 21:18:55<121:44:27, 0.052s/step step= 1490000 episodes= 3104 eps=0.050 replay= 39936 loss=0.00001 ext100=0.000 total100=0.059
[train] 21:20:39<121:42:48, 0.052s/step step= 1492000 episodes= 3109 eps=0.050 replay= 39936 loss=0.00001 ext100=0.000 total100=0.059
[train] 21:22:23<121:41:12, 0.052s/step step= 1494000 episodes= 3113 eps=0.050 replay= 39936 loss=0.00001 ext100=0.000 total100=0.058
[train] 21:24:06<121:39:32, 0.052s/step step= 1496000 episodes= 3117 eps=0.050 replay= 39936 loss=0.00001 ext100=0.000 total100=0.057
[train] 21:25:50<121:37:55, 0.052s/step step= 1498000 episodes= 3121 eps=0.050 replay= 39936 loss=0.00003 ext100=0.000 total100=0.058
[eval] step=1500000 episodes=3125 mean_ext_return=0.000
[train] 21:27:50<121:37:44, 0.052s/step step= 1500000 episodes= 3125 eps=0.050 replay= 39936 loss=0.00000 ext100=0.000 total100=0.057
[train] 21:29:34<121:36:07, 0.052s/step step= 1502000 episodes= 3129 eps=0.050 replay= 39936 loss=0.00001 ext100=0.000 total100=0.056
[train] 21:31:17<121:34:22, 0.052s/step step= 1504000 episodes= 3134 eps=0.050 replay= 39936 loss=0.00001 ext100=0.000 total100=0.056
[train] 21:33:00<121:32:44, 0.052s/step step= 1506000 episodes= 3138 eps=0.050 replay= 39936 loss=0.00003 ext100=0.000 total100=0.058
[train] 21:34:44<121:31:04, 0.052s/step step= 1508000 episodes= 3142 eps=0.050 replay= 39936 loss=0.00001 ext100=0.000 total100=0.058
[train] 21:36:28<121:29:25, 0.052s/step step= 1510000 episodes= 3146 eps=0.050 replay= 39936 loss=0.00001 ext100=0.000 total100=0.058
[train] 21:38:11<121:27:46, 0.052s/step step= 1512000 episodes= 3150 eps=0.050 replay= 39936 loss=0.00001 ext100=0.000 total100=0.057
[train] 21:39:55<121:26:08, 0.052s/step step= 1514000 episodes= 3154 eps=0.050 replay= 39936 loss=0.00002 ext100=0.000 total100=0.058
[train] 21:41:39<121:24:28, 0.052s/step step= 1516000 episodes= 3159 eps=0.050 replay= 39936 loss=0.00001 ext100=0.000 total100=0.059
[train] 21:43:23<121:22:51, 0.052s/step step= 1518000 episodes= 3163 eps=0.050 replay= 39936 loss=0.00001 ext100=0.000 total100=0.058
[eval] step=1520000 episodes=3167 mean_ext_return=0.000
[train] 21:45:22<121:22:39, 0.052s/step step= 1520000 episodes= 3167 eps=0.050 replay= 39936 loss=0.00001 ext100=0.000 total100=0.059
[train] 21:47:06<121:21:01, 0.052s/step step= 1522000 episodes= 3171 eps=0.050 replay= 39936 loss=0.00002 ext100=0.000 total100=0.059
[train] 21:48:49<121:19:16, 0.052s/step step= 1524000 episodes= 3175 eps=0.050 replay= 39936 loss=0.00001 ext100=0.000 total100=0.059
[train] 21:50:33<121:17:40, 0.052s/step step= 1526000 episodes= 3179 eps=0.050 replay= 39936 loss=0.00001 ext100=0.000 total100=0.060
[train] 21:52:17<121:16:01, 0.052s/step step= 1528000 episodes= 3184 eps=0.050 replay= 39936 loss=0.00001 ext100=0.000 total100=0.060
[train] 21:54:01<121:14:20, 0.052s/step step= 1530000 episodes= 3188 eps=0.050 replay= 39936 loss=0.00002 ext100=0.000 total100=0.062
[train] 21:55:44<121:12:41, 0.052s/step step= 1532000 episodes= 3192 eps=0.050 replay= 39936 loss=0.00001 ext100=0.000 total100=0.064
[train] 21:57:28<121:11:03, 0.052s/step step= 1534000 episodes= 3196 eps=0.050 replay= 39936 loss=0.00001 ext100=0.000 total100=0.065
[train] 21:59:12<121:09:23, 0.052s/step step= 1536000 episodes= 3200 eps=0.050 replay= 39936 loss=0.00001 ext100=0.000 total100=0.063
[train] 22:00:56<121:07:44, 0.052s/step step= 1538000 episodes= 3204 eps=0.050 replay= 39936 loss=0.00003 ext100=0.000 total100=0.062
[eval] step=1540000 episodes=3209 mean_ext_return=0.000
[train] 22:02:55<121:07:30, 0.052s/step step= 1540000 episodes= 3209 eps=0.050 replay= 39936 loss=0.00001 ext100=0.000 total100=0.063
[train] 22:04:39<121:05:52, 0.052s/step step= 1542000 episodes= 3213 eps=0.050 replay= 39936 loss=0.00001 ext100=0.000 total100=0.063
[train] 22:06:22<121:04:07, 0.052s/step step= 1544000 episodes= 3217 eps=0.050 replay= 39936 loss=0.00001 ext100=0.000 total100=0.063
[train] 22:08:06<121:02:28, 0.052s/step step= 1546000 episodes= 3221 eps=0.050 replay= 39936 loss=0.00001 ext100=0.000 total100=0.062
[train] 22:09:49<121:00:48, 0.052s/step step= 1548000 episodes= 3225 eps=0.050 replay= 39936 loss=0.00001 ext100=0.000 total100=0.061
[train] 22:11:33<120:59:08, 0.052s/step step= 1550000 episodes= 3229 eps=0.050 replay= 39936 loss=0.00001 ext100=0.000 total100=0.060
[train] 22:13:17<120:57:28, 0.052s/step step= 1552000 episodes= 3234 eps=0.050 replay= 39936 loss=0.00001 ext100=0.000 total100=0.060
[train] 22:15:01<120:55:51, 0.052s/step step= 1554000 episodes= 3238 eps=0.050 replay= 39936 loss=0.00001 ext100=0.000 total100=0.058
[train] 22:16:45<120:54:11, 0.052s/step step= 1556000 episodes= 3242 eps=0.050 replay= 39936 loss=0.00001 ext100=0.000 total100=0.058
[train] 22:18:29<120:52:34, 0.052s/step step= 1558000 episodes= 3246 eps=0.050 replay= 39936 loss=0.00001 ext100=0.000 total100=0.058
[eval] step=1560000 episodes=3250 mean_ext_return=0.000
[train] 22:20:28<120:52:19, 0.052s/step step= 1560000 episodes= 3250 eps=0.050 replay= 39936 loss=0.00001 ext100=0.000 total100=0.059
[train] 22:22:12<120:50:41, 0.052s/step step= 1562000 episodes= 3254 eps=0.050 replay= 39936 loss=0.00001 ext100=0.000 total100=0.059
[train] 22:23:55<120:48:55, 0.052s/step step= 1564000 episodes= 3259 eps=0.050 replay= 39936 loss=0.00001 ext100=0.000 total100=0.059
[train] 22:25:39<120:47:17, 0.052s/step step= 1566000 episodes= 3263 eps=0.050 replay= 39936 loss=0.00001 ext100=0.000 total100=0.059
[train] 22:27:23<120:45:37, 0.052s/step step= 1568000 episodes= 3267 eps=0.050 replay= 39936 loss=0.00001 ext100=0.000 total100=0.059
[train] 22:29:06<120:43:57, 0.052s/step step= 1570000 episodes= 3271 eps=0.050 replay= 39936 loss=0.00001 ext100=0.000 total100=0.059
[train] 22:30:50<120:42:17, 0.052s/step step= 1572000 episodes= 3275 eps=0.050 replay= 39936 loss=0.00000 ext100=0.000 total100=0.057
[train] 22:32:34<120:40:39, 0.052s/step step= 1574000 episodes= 3279 eps=0.050 replay= 39936 loss=0.00000 ext100=0.000 total100=0.057
[train] 22:34:18<120:38:59, 0.052s/step step= 1576000 episodes= 3284 eps=0.050 replay= 39936 loss=0.00001 ext100=0.000 total100=0.056
[train] 22:36:02<120:37:21, 0.052s/step step= 1578000 episodes= 3288 eps=0.050 replay= 39936 loss=0.00002 ext100=0.000 total100=0.054
[eval] step=1580000 episodes=3292 mean_ext_return=0.000
[train] 22:38:01<120:37:04, 0.052s/step step= 1580000 episodes= 3292 eps=0.050 replay= 39936 loss=0.00001 ext100=0.000 total100=0.052
[train] 22:39:45<120:35:26, 0.052s/step step= 1582000 episodes= 3296 eps=0.050 replay= 39936 loss=0.00001 ext100=0.000 total100=0.051
[train] 22:41:28<120:33:40, 0.052s/step step= 1584000 episodes= 3300 eps=0.050 replay= 39936 loss=0.00001 ext100=0.000 total100=0.052
[train] 22:43:12<120:32:01, 0.052s/step step= 1586000 episodes= 3304 eps=0.050 replay= 39936 loss=0.00001 ext100=0.000 total100=0.052
[train] 22:44:56<120:30:22, 0.052s/step step= 1588000 episodes= 3309 eps=0.050 replay= 39936 loss=0.00001 ext100=0.000 total100=0.052
[train] 22:46:39<120:28:42, 0.052s/step step= 1590000 episodes= 3313 eps=0.050 replay= 39936 loss=0.00001 ext100=0.000 total100=0.051
[train] 22:48:23<120:27:01, 0.052s/step step= 1592000 episodes= 3317 eps=0.050 replay= 39936 loss=0.00001 ext100=0.000 total100=0.051
[train] 22:50:07<120:25:23, 0.052s/step step= 1594000 episodes= 3321 eps=0.050 replay= 39936 loss=0.00001 ext100=0.000 total100=0.050
[train] 22:51:50<120:23:41, 0.052s/step step= 1596000 episodes= 3325 eps=0.050 replay= 39936 loss=0.00001 ext100=0.000 total100=0.052
[train] 22:53:35<120:22:03, 0.052s/step step= 1598000 episodes= 3329 eps=0.050 replay= 39936 loss=0.00001 ext100=0.000 total100=0.052
[eval] step=1600000 episodes=3334 mean_ext_return=0.000
[train] 22:55:34<120:21:44, 0.052s/step step= 1600000 episodes= 3334 eps=0.050 replay= 39936 loss=0.00001 ext100=0.000 total100=0.053
[train] 22:57:18<120:20:06, 0.052s/step step= 1602000 episodes= 3338 eps=0.050 replay= 39936 loss=0.00001 ext100=0.000 total100=0.053
[train] 22:59:01<120:18:21, 0.052s/step step= 1604000 episodes= 3342 eps=0.050 replay= 39936 loss=0.00001 ext100=0.000 total100=0.052
[train] 23:00:44<120:16:41, 0.052s/step step= 1606000 episodes= 3346 eps=0.050 replay= 39936 loss=0.00001 ext100=0.000 total100=0.051
[train] 23:02:29<120:15:03, 0.052s/step step= 1608000 episodes= 3350 eps=0.050 replay= 39936 loss=0.00002 ext100=0.000 total100=0.051
[train] 23:04:12<120:13:22, 0.052s/step step= 1610000 episodes= 3354 eps=0.050 replay= 39936 loss=0.00002 ext100=0.000 total100=0.050
[train] 23:05:56<120:11:41, 0.052s/step step= 1612000 episodes= 3359 eps=0.050 replay= 39936 loss=0.00001 ext100=0.000 total100=0.049
[train] 23:07:40<120:10:03, 0.052s/step step= 1614000 episodes= 3363 eps=0.050 replay= 39936 loss=0.00001 ext100=0.000 total100=0.050
[train] 23:09:24<120:08:22, 0.052s/step step= 1616000 episodes= 3367 eps=0.050 replay= 39936 loss=0.00001 ext100=0.000 total100=0.049
[train] 23:11:08<120:06:44, 0.052s/step step= 1618000 episodes= 3371 eps=0.050 replay= 39936 loss=0.00002 ext100=0.000 total100=0.048
[eval] step=1620000 episodes=3375 mean_ext_return=0.000
[train] 23:13:07<120:06:24, 0.052s/step step= 1620000 episodes= 3375 eps=0.050 replay= 39936 loss=0.00001 ext100=0.000 total100=0.050
[train] 23:14:51<120:04:45, 0.052s/step step= 1622000 episodes= 3379 eps=0.050 replay= 39936 loss=0.00001 ext100=0.000 total100=0.050
[train] 23:16:34<120:02:59, 0.052s/step step= 1624000 episodes= 3384 eps=0.050 replay= 39936 loss=0.00001 ext100=0.000 total100=0.051
[train] 23:18:17<120:01:19, 0.052s/step step= 1626000 episodes= 3388 eps=0.050 replay= 39936 loss=0.00002 ext100=0.000 total100=0.051
[train] 23:20:01<119:59:39, 0.052s/step step= 1628000 episodes= 3392 eps=0.050 replay= 39936 loss=0.00001 ext100=0.000 total100=0.051
[train] 23:21:45<119:57:59, 0.052s/step step= 1630000 episodes= 3396 eps=0.050 replay= 39936 loss=0.00001 ext100=0.000 total100=0.052
[train] 23:23:29<119:56:18, 0.052s/step step= 1632000 episodes= 3400 eps=0.050 replay= 39936 loss=0.00001 ext100=0.000 total100=0.052
[train] 23:25:13<119:54:40, 0.052s/step step= 1634000 episodes= 3404 eps=0.050 replay= 39936 loss=0.00003 ext100=0.000 total100=0.052
[train] 23:26:56<119:52:59, 0.052s/step step= 1636000 episodes= 3409 eps=0.050 replay= 39936 loss=0.00001 ext100=0.000 total100=0.053
[train] 23:28:41<119:51:20, 0.052s/step step= 1638000 episodes= 3413 eps=0.050 replay= 39936 loss=0.00001 ext100=0.000 total100=0.054
[eval] step=1640000 episodes=3417 mean_ext_return=0.000
[train] 23:30:40<119:50:59, 0.052s/step step= 1640000 episodes= 3417 eps=0.050 replay= 39936 loss=0.00000 ext100=0.000 total100=0.055
[train] 23:32:24<119:49:20, 0.052s/step step= 1642000 episodes= 3421 eps=0.050 replay= 39936 loss=0.00002 ext100=0.000 total100=0.054
[train] 23:34:07<119:47:34, 0.052s/step step= 1644000 episodes= 3425 eps=0.050 replay= 39936 loss=0.00001 ext100=0.000 total100=0.054
[train] 23:35:50<119:45:54, 0.052s/step step= 1646000 episodes= 3429 eps=0.050 replay= 39936 loss=0.00001 ext100=0.000 total100=0.054
[train] 23:37:34<119:44:15, 0.052s/step step= 1648000 episodes= 3434 eps=0.050 replay= 39936 loss=0.00001 ext100=0.000 total100=0.054
[train] 23:39:18<119:42:34, 0.052s/step step= 1650000 episodes= 3438 eps=0.050 replay= 39936 loss=0.00002 ext100=0.000 total100=0.055
[train] 23:41:02<119:40:53, 0.052s/step step= 1652000 episodes= 3442 eps=0.050 replay= 39936 loss=0.00001 ext100=0.000 total100=0.056
[train] 23:42:46<119:39:14, 0.052s/step step= 1654000 episodes= 3446 eps=0.050 replay= 39936 loss=0.00000 ext100=0.000 total100=0.055
[train] 23:44:30<119:37:33, 0.052s/step step= 1656000 episodes= 3450 eps=0.050 replay= 39936 loss=0.00001 ext100=0.000 total100=0.054
[train] 23:46:14<119:35:54, 0.052s/step step= 1658000 episodes= 3454 eps=0.050 replay= 39936 loss=0.00001 ext100=0.000 total100=0.055
[eval] step=1660000 episodes=3459 mean_ext_return=0.000
[train] 23:48:13<119:35:31, 0.052s/step step= 1660000 episodes= 3459 eps=0.050 replay= 39936 loss=0.00000 ext100=0.000 total100=0.054
[train] 23:49:57<119:33:52, 0.052s/step step= 1662000 episodes= 3463 eps=0.050 replay= 39936 loss=0.00000 ext100=0.000 total100=0.054
[train] 23:51:40<119:32:06, 0.052s/step step= 1664000 episodes= 3467 eps=0.050 replay= 39936 loss=0.00000 ext100=0.000 total100=0.053
[train] 23:53:23<119:30:25, 0.052s/step step= 1666000 episodes= 3471 eps=0.050 replay= 39936 loss=0.00002 ext100=0.000 total100=0.053
[train] 23:55:07<119:28:46, 0.052s/step step= 1668000 episodes= 3475 eps=0.050 replay= 39936 loss=0.00000 ext100=0.000 total100=0.051
[train] 23:56:51<119:27:05, 0.052s/step step= 1670000 episodes= 3479 eps=0.050 replay= 39936 loss=0.00001 ext100=0.000 total100=0.051
[train] 23:58:35<119:25:24, 0.052s/step step= 1672000 episodes= 3484 eps=0.050 replay= 39936 loss=0.00000 ext100=0.000 total100=0.051
[train] 24:00:19<119:23:45, 0.052s/step step= 1674000 episodes= 3488 eps=0.050 replay= 39936 loss=0.00001 ext100=0.000 total100=0.051
[train] 24:02:02<119:22:03, 0.052s/step step= 1676000 episodes= 3492 eps=0.050 replay= 39936 loss=0.00000 ext100=0.000 total100=0.050
[train] 24:03:47<119:20:24, 0.052s/step step= 1678000 episodes= 3496 eps=0.050 replay= 39936 loss=0.00001 ext100=0.000 total100=0.050
[eval] step=1680000 episodes=3500 mean_ext_return=0.000
[train] 24:05:46<119:20:00, 0.052s/step step= 1680000 episodes= 3500 eps=0.050 replay= 39936 loss=0.00000 ext100=0.000 total100=0.049
[train] 24:07:30<119:18:21, 0.052s/step step= 1682000 episodes= 3504 eps=0.050 replay= 39936 loss=0.00001 ext100=0.000 total100=0.048
[train] 24:09:13<119:16:35, 0.052s/step step= 1684000 episodes= 3509 eps=0.050 replay= 39936 loss=0.00000 ext100=0.000 total100=0.049
[train] 24:10:56<119:14:53, 0.052s/step step= 1686000 episodes= 3513 eps=0.050 replay= 39936 loss=0.00000 ext100=0.000 total100=0.048
[train] 24:12:40<119:13:14, 0.052s/step step= 1688000 episodes= 3517 eps=0.050 replay= 39936 loss=0.00001 ext100=0.000 total100=0.047
[train] 24:14:24<119:11:32, 0.052s/step step= 1690000 episodes= 3521 eps=0.050 replay= 39936 loss=0.00001 ext100=0.000 total100=0.048
[train] 24:16:08<119:09:51, 0.052s/step step= 1692000 episodes= 3525 eps=0.050 replay= 39936 loss=0.00000 ext100=0.000 total100=0.048
[train] 24:17:52<119:08:11, 0.052s/step step= 1694000 episodes= 3529 eps=0.050 replay= 39936 loss=0.00000 ext100=0.000 total100=0.048
[train] 24:19:35<119:06:30, 0.052s/step step= 1696000 episodes= 3534 eps=0.050 replay= 39936 loss=0.00000 ext100=0.000 total100=0.048
[train] 24:21:19<119:04:50, 0.052s/step step= 1698000 episodes= 3538 eps=0.050 replay= 39936 loss=0.00001 ext100=0.000 total100=0.047
[eval] step=1700000 episodes=3542 mean_ext_return=0.000
[train] 24:23:18<119:04:25, 0.052s/step step= 1700000 episodes= 3542 eps=0.050 replay= 39936 loss=0.00000 ext100=0.000 total100=0.047
[train] 24:25:03<119:02:46, 0.052s/step step= 1702000 episodes= 3546 eps=0.050 replay= 39936 loss=0.00001 ext100=0.000 total100=0.048
[train] 24:26:45<119:00:59, 0.052s/step step= 1704000 episodes= 3550 eps=0.050 replay= 39936 loss=0.00001 ext100=0.000 total100=0.049
[train] 24:28:29<118:59:17, 0.052s/step step= 1706000 episodes= 3554 eps=0.050 replay= 39936 loss=0.00002 ext100=0.000 total100=0.049
[train] 24:30:13<118:57:38, 0.052s/step step= 1708000 episodes= 3559 eps=0.050 replay= 39936 loss=0.00000 ext100=0.000 total100=0.050
[train] 24:31:57<118:55:57, 0.052s/step step= 1710000 episodes= 3563 eps=0.050 replay= 39936 loss=0.00000 ext100=0.000 total100=0.050
[train] 24:33:40<118:54:15, 0.052s/step step= 1712000 episodes= 3567 eps=0.050 replay= 39936 loss=0.00001 ext100=0.000 total100=0.051
[train] 24:35:24<118:52:35, 0.052s/step step= 1714000 episodes= 3571 eps=0.050 replay= 39936 loss=0.00002 ext100=0.000 total100=0.053
[train] 24:37:08<118:50:53, 0.052s/step step= 1716000 episodes= 3575 eps=0.050 replay= 39936 loss=0.00000 ext100=0.000 total100=0.053
[train] 24:38:52<118:49:14, 0.052s/step step= 1718000 episodes= 3579 eps=0.050 replay= 39936 loss=0.00000 ext100=0.000 total100=0.053
[eval] step=1720000 episodes=3584 mean_ext_return=0.000
[train] 24:40:51<118:48:47, 0.052s/step step= 1720000 episodes= 3584 eps=0.050 replay= 39936 loss=0.00001 ext100=0.000 total100=0.053
[train] 24:42:35<118:47:08, 0.052s/step step= 1722000 episodes= 3588 eps=0.050 replay= 39936 loss=0.00001 ext100=0.000 total100=0.055
[train] 24:44:18<118:45:22, 0.052s/step step= 1724000 episodes= 3592 eps=0.050 replay= 39936 loss=0.00000 ext100=0.000 total100=0.056
[train] 24:46:02<118:43:40, 0.052s/step step= 1726000 episodes= 3596 eps=0.050 replay= 39936 loss=0.00001 ext100=0.000 total100=0.057
[train] 24:47:46<118:42:01, 0.052s/step step= 1728000 episodes= 3600 eps=0.050 replay= 39936 loss=0.00000 ext100=0.000 total100=0.058
[train] 24:49:29<118:40:19, 0.052s/step step= 1730000 episodes= 3604 eps=0.050 replay= 39936 loss=0.00001 ext100=0.000 total100=0.059
[train] 24:51:13<118:38:38, 0.052s/step step= 1732000 episodes= 3609 eps=0.050 replay= 39936 loss=0.00001 ext100=0.000 total100=0.056
[train] 24:52:57<118:36:58, 0.052s/step step= 1734000 episodes= 3613 eps=0.050 replay= 39936 loss=0.00001 ext100=0.000 total100=0.056
[train] 24:54:41<118:35:17, 0.052s/step step= 1736000 episodes= 3617 eps=0.050 replay= 39936 loss=0.00001 ext100=0.000 total100=0.056
[train] 24:56:25<118:33:37, 0.052s/step step= 1738000 episodes= 3621 eps=0.050 replay= 39936 loss=0.00001 ext100=0.000 total100=0.056
[eval] step=1740000 episodes=3625 mean_ext_return=0.000
[train] 24:58:24<118:33:09, 0.052s/step step= 1740000 episodes= 3625 eps=0.050 replay= 39936 loss=0.00002 ext100=0.000 total100=0.055
[train] 25:00:08<118:31:28, 0.052s/step step= 1742000 episodes= 3629 eps=0.050 replay= 39936 loss=0.00001 ext100=0.000 total100=0.055
[train] 25:01:51<118:29:41, 0.052s/step step= 1744000 episodes= 3634 eps=0.050 replay= 39936 loss=0.00001 ext100=0.000 total100=0.054
[train] 25:03:34<118:27:59, 0.052s/step step= 1746000 episodes= 3638 eps=0.050 replay= 39936 loss=0.00001 ext100=0.000 total100=0.054
[train] 25:05:18<118:26:19, 0.052s/step step= 1748000 episodes= 3642 eps=0.050 replay= 39936 loss=0.00001 ext100=0.000 total100=0.054
[train] 25:07:02<118:24:38, 0.052s/step step= 1750000 episodes= 3646 eps=0.050 replay= 39936 loss=0.00001 ext100=0.000 total100=0.053
[train] 25:08:46<118:22:55, 0.052s/step step= 1752000 episodes= 3650 eps=0.050 replay= 39936 loss=0.00001 ext100=0.000 total100=0.052
[train] 25:10:30<118:21:16, 0.052s/step step= 1754000 episodes= 3654 eps=0.050 replay= 39936 loss=0.00001 ext100=0.000 total100=0.053
[train] 25:12:13<118:19:34, 0.052s/step step= 1756000 episodes= 3659 eps=0.050 replay= 39936 loss=0.00001 ext100=0.000 total100=0.052
[train] 25:13:57<118:17:53, 0.052s/step step= 1758000 episodes= 3663 eps=0.050 replay= 39936 loss=0.00001 ext100=0.000 total100=0.052
[eval] step=1760000 episodes=3667 mean_ext_return=0.000
[train] 25:15:57<118:17:25, 0.052s/step step= 1760000 episodes= 3667 eps=0.050 replay= 39936 loss=0.00001 ext100=0.000 total100=0.051
[train] 25:17:41<118:15:45, 0.052s/step step= 1762000 episodes= 3671 eps=0.050 replay= 39936 loss=0.00002 ext100=0.000 total100=0.050
[train] 25:19:23<118:13:58, 0.052s/step step= 1764000 episodes= 3675 eps=0.050 replay= 39936 loss=0.00001 ext100=0.000 total100=0.050
[train] 25:21:07<118:12:16, 0.052s/step step= 1766000 episodes= 3679 eps=0.050 replay= 39936 loss=0.00001 ext100=0.000 total100=0.050
[train] 25:22:51<118:10:36, 0.052s/step step= 1768000 episodes= 3684 eps=0.050 replay= 39936 loss=0.00001 ext100=0.000 total100=0.049
[train] 25:24:35<118:08:54, 0.052s/step step= 1770000 episodes= 3688 eps=0.050 replay= 39936 loss=0.00002 ext100=0.000 total100=0.048
[train] 25:26:19<118:07:13, 0.052s/step step= 1772000 episodes= 3692 eps=0.050 replay= 39936 loss=0.00001 ext100=0.000 total100=0.047
[train] 25:28:03<118:05:33, 0.052s/step step= 1774000 episodes= 3696 eps=0.050 replay= 39936 loss=0.00001 ext100=0.000 total100=0.045
[train] 25:29:46<118:03:51, 0.052s/step step= 1776000 episodes= 3700 eps=0.050 replay= 39936 loss=0.00001 ext100=0.000 total100=0.045
[train] 25:31:30<118:02:11, 0.052s/step step= 1778000 episodes= 3704 eps=0.050 replay= 39936 loss=0.00001 ext100=0.000 total100=0.044
[eval] step=1780000 episodes=3709 mean_ext_return=0.000
[train] 25:33:30<118:01:40, 0.052s/step step= 1780000 episodes= 3709 eps=0.050 replay= 39936 loss=0.00001 ext100=0.000 total100=0.046
[train] 25:35:14<118:00:00, 0.052s/step step= 1782000 episodes= 3713 eps=0.050 replay= 39936 loss=0.00001 ext100=0.000 total100=0.046
[train] 25:36:57<117:58:14, 0.052s/step step= 1784000 episodes= 3717 eps=0.050 replay= 39936 loss=0.00000 ext100=0.000 total100=0.046
[train] 25:38:40<117:56:32, 0.052s/step step= 1786000 episodes= 3721 eps=0.050 replay= 39936 loss=0.00001 ext100=0.000 total100=0.045
[train] 25:40:24<117:54:51, 0.052s/step step= 1788000 episodes= 3725 eps=0.050 replay= 39936 loss=0.00001 ext100=0.000 total100=0.046
[train] 25:42:08<117:53:09, 0.052s/step step= 1790000 episodes= 3729 eps=0.050 replay= 39936 loss=0.00001 ext100=0.000 total100=0.048
[train] 25:43:51<117:51:27, 0.052s/step step= 1792000 episodes= 3734 eps=0.050 replay= 39936 loss=0.00001 ext100=0.000 total100=0.048
[train] 25:45:35<117:49:46, 0.052s/step step= 1794000 episodes= 3738 eps=0.050 replay= 39936 loss=0.00002 ext100=0.000 total100=0.047
[train] 25:47:19<117:48:04, 0.052s/step step= 1796000 episodes= 3742 eps=0.050 replay= 39936 loss=0.00001 ext100=0.000 total100=0.048
[train] 25:49:03<117:46:24, 0.052s/step step= 1798000 episodes= 3746 eps=0.050 replay= 39936 loss=0.00000 ext100=0.000 total100=0.048
[eval] step=1800000 episodes=3750 mean_ext_return=0.000
[train] 25:51:02<117:45:53, 0.052s/step step= 1800000 episodes= 3750 eps=0.050 replay= 39936 loss=0.00001 ext100=0.000 total100=0.048
[train] 25:52:46<117:44:12, 0.052s/step step= 1802000 episodes= 3754 eps=0.050 replay= 39936 loss=0.00002 ext100=0.000 total100=0.048
[train] 25:54:29<117:42:26, 0.052s/step step= 1804000 episodes= 3759 eps=0.050 replay= 39936 loss=0.00001 ext100=0.000 total100=0.049
[train] 25:56:13<117:40:44, 0.052s/step step= 1806000 episodes= 3763 eps=0.050 replay= 39936 loss=0.00001 ext100=0.000 total100=0.049
[train] 25:57:57<117:39:03, 0.052s/step step= 1808000 episodes= 3767 eps=0.050 replay= 39936 loss=0.00001 ext100=0.000 total100=0.049
[train] 25:59:41<117:37:21, 0.052s/step step= 1810000 episodes= 3771 eps=0.050 replay= 39936 loss=0.00001 ext100=0.000 total100=0.049
[train] 26:01:24<117:35:38, 0.052s/step step= 1812000 episodes= 3775 eps=0.050 replay= 39936 loss=0.00001 ext100=0.000 total100=0.050
[train] 26:03:08<117:33:58, 0.052s/step step= 1814000 episodes= 3779 eps=0.050 replay= 39936 loss=0.00001 ext100=0.000 total100=0.050
[train] 26:04:52<117:32:16, 0.052s/step step= 1816000 episodes= 3784 eps=0.050 replay= 39936 loss=0.00001 ext100=0.000 total100=0.050
[train] 26:06:36<117:30:36, 0.052s/step step= 1818000 episodes= 3788 eps=0.050 replay= 39936 loss=0.00001 ext100=0.000 total100=0.050
[eval] step=1820000 episodes=3792 mean_ext_return=0.000
[train] 26:08:35<117:30:04, 0.052s/step step= 1820000 episodes= 3792 eps=0.050 replay= 39936 loss=0.00000 ext100=0.000 total100=0.050
[train] 26:10:19<117:28:23, 0.052s/step step= 1822000 episodes= 3796 eps=0.050 replay= 39936 loss=0.00001 ext100=0.000 total100=0.051
[train] 26:12:02<117:26:37, 0.052s/step step= 1824000 episodes= 3800 eps=0.050 replay= 39936 loss=0.00000 ext100=0.000 total100=0.050
[train] 26:13:46<117:24:54, 0.052s/step step= 1826000 episodes= 3804 eps=0.050 replay= 39936 loss=0.00001 ext100=0.000 total100=0.051
[train] 26:15:30<117:23:12, 0.052s/step step= 1828000 episodes= 3809 eps=0.050 replay= 39936 loss=0.00001 ext100=0.000 total100=0.051
[train] 26:17:14<117:21:31, 0.052s/step step= 1830000 episodes= 3813 eps=0.050 replay= 39936 loss=0.00000 ext100=0.000 total100=0.050
[train] 26:18:57<117:19:49, 0.052s/step step= 1832000 episodes= 3817 eps=0.050 replay= 39936 loss=0.00001 ext100=0.000 total100=0.051
[train] 26:20:41<117:18:09, 0.052s/step step= 1834000 episodes= 3821 eps=0.050 replay= 39936 loss=0.00001 ext100=0.000 total100=0.051
[train] 26:22:25<117:16:27, 0.052s/step step= 1836000 episodes= 3825 eps=0.050 replay= 39936 loss=0.00000 ext100=0.000 total100=0.050
[train] 26:24:09<117:14:46, 0.052s/step step= 1838000 episodes= 3829 eps=0.050 replay= 39936 loss=0.00000 ext100=0.000 total100=0.049
[eval] step=1840000 episodes=3834 mean_ext_return=0.000
[train] 26:26:08<117:14:13, 0.052s/step step= 1840000 episodes= 3834 eps=0.050 replay= 39936 loss=0.00001 ext100=0.000 total100=0.049
[train] 26:27:52<117:12:31, 0.052s/step step= 1842000 episodes= 3838 eps=0.050 replay= 39936 loss=0.00001 ext100=0.000 total100=0.049
[train] 26:29:35<117:10:45, 0.052s/step step= 1844000 episodes= 3842 eps=0.050 replay= 39936 loss=0.00001 ext100=0.000 total100=0.049
[train] 26:31:19<117:09:02, 0.052s/step step= 1846000 episodes= 3846 eps=0.050 replay= 39936 loss=0.00000 ext100=0.000 total100=0.049
[train] 26:33:02<117:07:20, 0.052s/step step= 1848000 episodes= 3850 eps=0.050 replay= 39936 loss=0.00001 ext100=0.000 total100=0.048
[train] 26:34:46<117:05:39, 0.052s/step step= 1850000 episodes= 3854 eps=0.050 replay= 39936 loss=0.00001 ext100=0.000 total100=0.048
[train] 26:36:30<117:03:56, 0.052s/step step= 1852000 episodes= 3859 eps=0.050 replay= 39936 loss=0.00000 ext100=0.000 total100=0.048
[train] 26:38:14<117:02:15, 0.052s/step step= 1854000 episodes= 3863 eps=0.050 replay= 39936 loss=0.00000 ext100=0.000 total100=0.047
[train] 26:39:58<117:00:32, 0.052s/step step= 1856000 episodes= 3867 eps=0.050 replay= 39936 loss=0.00000 ext100=0.000 total100=0.046
[train] 26:41:42<116:58:52, 0.052s/step step= 1858000 episodes= 3871 eps=0.050 replay= 39936 loss=0.00001 ext100=0.000 total100=0.046
[eval] step=1860000 episodes=3875 mean_ext_return=0.000
[train] 26:43:41<116:58:18, 0.052s/step step= 1860000 episodes= 3875 eps=0.050 replay= 39936 loss=0.00000 ext100=0.000 total100=0.047
[train] 26:45:25<116:56:37, 0.052s/step step= 1862000 episodes= 3879 eps=0.050 replay= 39936 loss=0.00000 ext100=0.000 total100=0.047
[train] 26:47:08<116:54:51, 0.052s/step step= 1864000 episodes= 3884 eps=0.050 replay= 39936 loss=0.00001 ext100=0.000 total100=0.047
[train] 26:48:52<116:53:08, 0.052s/step step= 1866000 episodes= 3888 eps=0.050 replay= 39936 loss=0.00001 ext100=0.000 total100=0.047
[train] 26:50:35<116:51:26, 0.052s/step step= 1868000 episodes= 3892 eps=0.050 replay= 39936 loss=0.00000 ext100=0.000 total100=0.046
[train] 26:52:19<116:49:44, 0.052s/step step= 1870000 episodes= 3896 eps=0.050 replay= 39936 loss=0.00000 ext100=0.000 total100=0.046
[train] 26:54:03<116:48:02, 0.052s/step step= 1872000 episodes= 3900 eps=0.050 replay= 39936 loss=0.00000 ext100=0.000 total100=0.046
[train] 26:55:47<116:46:21, 0.052s/step step= 1874000 episodes= 3904 eps=0.050 replay= 39936 loss=0.00002 ext100=0.000 total100=0.045
[train] 26:57:31<116:44:39, 0.052s/step step= 1876000 episodes= 3909 eps=0.050 replay= 39936 loss=0.00001 ext100=0.000 total100=0.046
[train] 26:59:15<116:42:58, 0.052s/step step= 1878000 episodes= 3913 eps=0.050 replay= 39936 loss=0.00001 ext100=0.000 total100=0.047
[eval] step=1880000 episodes=3917 mean_ext_return=0.000
[train] 27:01:14<116:42:23, 0.052s/step step= 1880000 episodes= 3917 eps=0.050 replay= 39936 loss=0.00001 ext100=0.000 total100=0.047
[train] 27:02:58<116:40:41, 0.052s/step step= 1882000 episodes= 3921 eps=0.050 replay= 39936 loss=0.00001 ext100=0.000 total100=0.047
[train] 27:04:41<116:38:55, 0.052s/step step= 1884000 episodes= 3925 eps=0.050 replay= 39936 loss=0.00001 ext100=0.000 total100=0.047
[train] 27:06:24<116:37:12, 0.052s/step step= 1886000 episodes= 3929 eps=0.050 replay= 39936 loss=0.00000 ext100=0.000 total100=0.048
[train] 27:08:08<116:35:30, 0.052s/step step= 1888000 episodes= 3934 eps=0.050 replay= 39936 loss=0.00000 ext100=0.000 total100=0.048
[train] 27:09:52<116:33:48, 0.052s/step step= 1890000 episodes= 3938 eps=0.050 replay= 39936 loss=0.00001 ext100=0.000 total100=0.047
[train] 27:11:36<116:32:05, 0.052s/step step= 1892000 episodes= 3942 eps=0.050 replay= 39936 loss=0.00000 ext100=0.000 total100=0.047
[train] 27:13:20<116:30:24, 0.052s/step step= 1894000 episodes= 3946 eps=0.050 replay= 39936 loss=0.00001 ext100=0.000 total100=0.047
[train] 27:15:03<116:28:41, 0.052s/step step= 1896000 episodes= 3950 eps=0.050 replay= 39936 loss=0.00001 ext100=0.000 total100=0.048
[train] 27:16:48<116:27:00, 0.052s/step step= 1898000 episodes= 3954 eps=0.050 replay= 39936 loss=0.00002 ext100=0.000 total100=0.047
[eval] step=1900000 episodes=3959 mean_ext_return=0.000
[train] 27:18:47<116:26:24, 0.052s/step step= 1900000 episodes= 3959 eps=0.050 replay= 39936 loss=0.00000 ext100=0.000 total100=0.046
[train] 27:20:31<116:24:43, 0.052s/step step= 1902000 episodes= 3963 eps=0.050 replay= 39936 loss=0.00000 ext100=0.000 total100=0.047
[train] 27:22:14<116:22:57, 0.052s/step step= 1904000 episodes= 3967 eps=0.050 replay= 39936 loss=0.00001 ext100=0.000 total100=0.048
[train] 27:23:58<116:21:15, 0.052s/step step= 1906000 episodes= 3971 eps=0.050 replay= 39936 loss=0.00000 ext100=0.000 total100=0.049
[train] 27:25:41<116:19:32, 0.052s/step step= 1908000 episodes= 3975 eps=0.050 replay= 39936 loss=0.00000 ext100=0.000 total100=0.049
[train] 27:27:25<116:17:50, 0.052s/step step= 1910000 episodes= 3979 eps=0.050 replay= 39936 loss=0.00000 ext100=0.000 total100=0.048
[train] 27:29:09<116:16:08, 0.052s/step step= 1912000 episodes= 3984 eps=0.050 replay= 39936 loss=0.00001 ext100=0.000 total100=0.050
[train] 27:30:53<116:14:27, 0.052s/step step= 1914000 episodes= 3988 eps=0.050 replay= 39936 loss=0.00001 ext100=0.000 total100=0.051
[train] 27:32:37<116:12:45, 0.052s/step step= 1916000 episodes= 3992 eps=0.050 replay= 39936 loss=0.00001 ext100=0.000 total100=0.053
[train] 27:34:21<116:11:03, 0.052s/step step= 1918000 episodes= 3996 eps=0.050 replay= 39936 loss=0.00001 ext100=0.000 total100=0.055
[eval] step=1920000 episodes=4000 mean_ext_return=0.000
[train] 27:36:20<116:10:26, 0.052s/step step= 1920000 episodes= 4000 eps=0.050 replay= 39936 loss=0.00000 ext100=0.000 total100=0.055
[train] 27:38:04<116:08:44, 0.052s/step step= 1922000 episodes= 4004 eps=0.050 replay= 39936 loss=0.00002 ext100=0.000 total100=0.056
[train] 27:39:47<116:06:58, 0.052s/step step= 1924000 episodes= 4009 eps=0.050 replay= 39936 loss=0.00001 ext100=0.000 total100=0.055
[train] 27:41:30<116:05:15, 0.052s/step step= 1926000 episodes= 4013 eps=0.050 replay= 39936 loss=0.00000 ext100=0.000 total100=0.055
[train] 27:43:14<116:03:32, 0.052s/step step= 1928000 episodes= 4017 eps=0.050 replay= 39936 loss=0.00001 ext100=0.000 total100=0.054
[train] 27:44:58<116:01:51, 0.052s/step step= 1930000 episodes= 4021 eps=0.050 replay= 39936 loss=0.00002 ext100=0.000 total100=0.054
[train] 27:46:42<116:00:07, 0.052s/step step= 1932000 episodes= 4025 eps=0.050 replay= 39936 loss=0.00001 ext100=0.000 total100=0.054
[train] 27:48:26<115:58:26, 0.052s/step step= 1934000 episodes= 4029 eps=0.050 replay= 39936 loss=0.00001 ext100=0.000 total100=0.054
[train] 27:50:09<115:56:42, 0.052s/step step= 1936000 episodes= 4034 eps=0.050 replay= 39936 loss=0.00001 ext100=0.000 total100=0.055
[train] 27:51:53<115:55:01, 0.052s/step step= 1938000 episodes= 4038 eps=0.050 replay= 39936 loss=0.00001 ext100=0.000 total100=0.056
[eval] step=1940000 episodes=4042 mean_ext_return=0.000
[train] 27:53:53<115:54:23, 0.052s/step step= 1940000 episodes= 4042 eps=0.050 replay= 39936 loss=0.00001 ext100=0.000 total100=0.057
[train] 27:55:36<115:52:40, 0.052s/step step= 1942000 episodes= 4046 eps=0.050 replay= 39936 loss=0.00001 ext100=0.000 total100=0.058
[train] 27:57:19<115:50:54, 0.052s/step step= 1944000 episodes= 4050 eps=0.050 replay= 39936 loss=0.00002 ext100=0.000 total100=0.057
[train] 27:59:03<115:49:11, 0.052s/step step= 1946000 episodes= 4054 eps=0.050 replay= 39936 loss=0.00002 ext100=0.000 total100=0.057
[train] 28:00:47<115:47:29, 0.052s/step step= 1948000 episodes= 4059 eps=0.050 replay= 39936 loss=0.00001 ext100=0.000 total100=0.057
[train] 28:02:31<115:45:48, 0.052s/step step= 1950000 episodes= 4063 eps=0.050 replay= 39936 loss=0.00001 ext100=0.000 total100=0.057
[train] 28:04:15<115:44:05, 0.052s/step step= 1952000 episodes= 4067 eps=0.050 replay= 39936 loss=0.00001 ext100=0.000 total100=0.057
[train] 28:05:59<115:42:23, 0.052s/step step= 1954000 episodes= 4071 eps=0.050 replay= 39936 loss=0.00001 ext100=0.000 total100=0.056
[train] 28:07:43<115:40:41, 0.052s/step step= 1956000 episodes= 4075 eps=0.050 replay= 39936 loss=0.00001 ext100=0.000 total100=0.055
[train] 28:09:27<115:39:00, 0.052s/step step= 1958000 episodes= 4079 eps=0.050 replay= 39936 loss=0.00001 ext100=0.000 total100=0.056
[eval] step=1960000 episodes=4084 mean_ext_return=0.000
[train] 28:11:26<115:38:21, 0.052s/step step= 1960000 episodes= 4084 eps=0.050 replay= 39936 loss=0.00001 ext100=0.000 total100=0.055
[train] 28:13:10<115:36:38, 0.052s/step step= 1962000 episodes= 4088 eps=0.050 replay= 39936 loss=0.00001 ext100=0.000 total100=0.054
[train] 28:14:53<115:34:52, 0.052s/step step= 1964000 episodes= 4092 eps=0.050 replay= 39936 loss=0.00001 ext100=0.000 total100=0.053
[train] 28:16:36<115:33:08, 0.052s/step step= 1966000 episodes= 4096 eps=0.050 replay= 39936 loss=0.00001 ext100=0.000 total100=0.052
[train] 28:18:20<115:31:25, 0.052s/step step= 1968000 episodes= 4100 eps=0.050 replay= 39936 loss=0.00000 ext100=0.000 total100=0.051
[train] 28:20:05<115:29:49, 0.052s/step step= 1970000 episodes= 4104 eps=0.050 replay= 39936 loss=0.00001 ext100=0.000 total100=0.051
[train] 28:21:49<115:28:06, 0.052s/step step= 1972000 episodes= 4109 eps=0.050 replay= 39936 loss=0.00001 ext100=0.000 total100=0.050
[train] 28:23:33<115:26:24, 0.052s/step step= 1974000 episodes= 4113 eps=0.050 replay= 39936 loss=0.00001 ext100=0.000 total100=0.050
[train] 28:25:17<115:24:42, 0.052s/step step= 1976000 episodes= 4117 eps=0.050 replay= 39936 loss=0.00001 ext100=0.000 total100=0.050
[train] 28:27:01<115:23:00, 0.052s/step step= 1978000 episodes= 4121 eps=0.050 replay= 39936 loss=0.00001 ext100=0.000 total100=0.050
[eval] step=1980000 episodes=4125 mean_ext_return=0.000
[train] 28:29:00<115:22:19, 0.052s/step step= 1980000 episodes= 4125 eps=0.050 replay= 39936 loss=0.00001 ext100=0.000 total100=0.049
[train] 28:30:44<115:20:37, 0.052s/step step= 1982000 episodes= 4129 eps=0.050 replay= 39936 loss=0.00001 ext100=0.000 total100=0.048
[train] 28:32:27<115:18:51, 0.052s/step step= 1984000 episodes= 4134 eps=0.050 replay= 39936 loss=0.00001 ext100=0.000 total100=0.048
[train] 28:34:10<115:17:07, 0.052s/step step= 1986000 episodes= 4138 eps=0.050 replay= 39936 loss=0.00001 ext100=0.000 total100=0.047
[train] 28:35:54<115:15:23, 0.052s/step step= 1988000 episodes= 4142 eps=0.050 replay= 39936 loss=0.00001 ext100=0.000 total100=0.047
[train] 28:37:38<115:13:41, 0.052s/step step= 1990000 episodes= 4146 eps=0.050 replay= 39936 loss=0.00001 ext100=0.000 total100=0.047
[train] 28:39:21<115:11:58, 0.052s/step step= 1992000 episodes= 4150 eps=0.050 replay= 39936 loss=0.00001 ext100=0.000 total100=0.049
[train] 28:41:05<115:10:16, 0.052s/step step= 1994000 episodes= 4154 eps=0.050 replay= 39936 loss=0.00001 ext100=0.000 total100=0.050
[train] 28:42:49<115:08:33, 0.052s/step step= 1996000 episodes= 4159 eps=0.050 replay= 39936 loss=0.00001 ext100=0.000 total100=0.052
[train] 28:44:33<115:06:51, 0.052s/step step= 1998000 episodes= 4163 eps=0.050 replay= 39936 loss=0.00001 ext100=0.000 total100=0.052
[eval] step=2000000 episodes=4167 mean_ext_return=0.000
[train] 28:46:32<115:06:10, 0.052s/step step= 2000000 episodes= 4167 eps=0.050 replay= 39936 loss=0.00001 ext100=0.000 total100=0.052
[train] 28:48:16<115:04:27, 0.052s/step step= 2002000 episodes= 4171 eps=0.050 replay= 39936 loss=0.00001 ext100=0.000 total100=0.052
[train] 28:49:59<115:02:42, 0.052s/step step= 2004000 episodes= 4175 eps=0.050 replay= 39936 loss=0.00001 ext100=0.000 total100=0.052
[train] 28:51:43<115:00:58, 0.052s/step step= 2006000 episodes= 4179 eps=0.050 replay= 39936 loss=0.00001 ext100=0.000 total100=0.051
[train] 28:53:26<114:59:15, 0.052s/step step= 2008000 episodes= 4184 eps=0.050 replay= 39936 loss=0.00001 ext100=0.000 total100=0.051
[train] 28:55:10<114:57:33, 0.052s/step step= 2010000 episodes= 4188 eps=0.050 replay= 39936 loss=0.00002 ext100=0.000 total100=0.050
[train] 28:56:54<114:55:50, 0.052s/step step= 2012000 episodes= 4192 eps=0.050 replay= 39936 loss=0.00000 ext100=0.000 total100=0.051
[train] 28:58:38<114:54:08, 0.052s/step step= 2014000 episodes= 4196 eps=0.050 replay= 39936 loss=0.00000 ext100=0.000 total100=0.050
[train] 29:00:22<114:52:26, 0.052s/step step= 2016000 episodes= 4200 eps=0.050 replay= 39936 loss=0.00001 ext100=0.000 total100=0.050
[train] 29:02:06<114:50:44, 0.052s/step step= 2018000 episodes= 4204 eps=0.050 replay= 39936 loss=0.00001 ext100=0.000 total100=0.051
[eval] step=2020000 episodes=4209 mean_ext_return=0.000
[train] 29:04:06<114:50:03, 0.052s/step step= 2020000 episodes= 4209 eps=0.050 replay= 39936 loss=0.00000 ext100=0.000 total100=0.052
[train] 29:05:49<114:48:19, 0.052s/step step= 2022000 episodes= 4213 eps=0.050 replay= 39936 loss=0.00000 ext100=0.000 total100=0.052
[train] 29:07:32<114:46:34, 0.052s/step step= 2024000 episodes= 4217 eps=0.050 replay= 39936 loss=0.00001 ext100=0.000 total100=0.052
[train] 29:09:16<114:44:50, 0.052s/step step= 2026000 episodes= 4221 eps=0.050 replay= 39936 loss=0.00001 ext100=0.000 total100=0.052
[train] 29:10:59<114:43:06, 0.052s/step step= 2028000 episodes= 4225 eps=0.050 replay= 39936 loss=0.00001 ext100=0.000 total100=0.053
[train] 29:12:43<114:41:24, 0.052s/step step= 2030000 episodes= 4229 eps=0.050 replay= 39936 loss=0.00000 ext100=0.000 total100=0.052
[train] 29:14:27<114:39:40, 0.052s/step step= 2032000 episodes= 4234 eps=0.050 replay= 39936 loss=0.00001 ext100=0.000 total100=0.052
[train] 29:16:11<114:37:58, 0.052s/step step= 2034000 episodes= 4238 eps=0.050 replay= 39936 loss=0.00001 ext100=0.000 total100=0.053
[train] 29:17:55<114:36:15, 0.052s/step step= 2036000 episodes= 4242 eps=0.050 replay= 39936 loss=0.00001 ext100=0.000 total100=0.052
[train] 29:19:39<114:34:33, 0.052s/step step= 2038000 episodes= 4246 eps=0.050 replay= 39936 loss=0.00000 ext100=0.000 total100=0.051
[eval] step=2040000 episodes=4250 mean_ext_return=0.000
[train] 29:21:38<114:33:51, 0.052s/step step= 2040000 episodes= 4250 eps=0.050 replay= 39936 loss=0.00001 ext100=0.000 total100=0.050
[train] 29:23:22<114:32:07, 0.052s/step step= 2042000 episodes= 4254 eps=0.050 replay= 39936 loss=0.00001 ext100=0.000 total100=0.049
[train] 29:25:05<114:30:22, 0.052s/step step= 2044000 episodes= 4259 eps=0.050 replay= 39936 loss=0.00001 ext100=0.000 total100=0.047
[train] 29:26:48<114:28:38, 0.052s/step step= 2046000 episodes= 4263 eps=0.050 replay= 39936 loss=0.00001 ext100=0.000 total100=0.048
[train] 29:28:32<114:26:55, 0.052s/step step= 2048000 episodes= 4267 eps=0.050 replay= 39936 loss=0.00001 ext100=0.000 total100=0.048
[train] 29:30:16<114:25:13, 0.052s/step step= 2050000 episodes= 4271 eps=0.050 replay= 39936 loss=0.00002 ext100=0.000 total100=0.048
[train] 29:32:00<114:23:29, 0.052s/step step= 2052000 episodes= 4275 eps=0.050 replay= 39936 loss=0.00001 ext100=0.000 total100=0.048
[train] 29:33:44<114:21:46, 0.052s/step step= 2054000 episodes= 4279 eps=0.050 replay= 39936 loss=0.00001 ext100=0.000 total100=0.047
[train] 29:35:27<114:20:04, 0.052s/step step= 2056000 episodes= 4284 eps=0.050 replay= 39936 loss=0.00001 ext100=0.000 total100=0.048
[train] 29:37:12<114:18:22, 0.052s/step step= 2058000 episodes= 4288 eps=0.050 replay= 39936 loss=0.00002 ext100=0.000 total100=0.048
[eval] step=2060000 episodes=4292 mean_ext_return=0.000
[train] 29:39:11<114:17:39, 0.052s/step step= 2060000 episodes= 4292 eps=0.050 replay= 39936 loss=0.00000 ext100=0.000 total100=0.048
[train] 29:40:54<114:15:54, 0.052s/step step= 2062000 episodes= 4296 eps=0.050 replay= 39936 loss=0.00001 ext100=0.000 total100=0.048
[train] 29:42:38<114:14:09, 0.052s/step step= 2064000 episodes= 4300 eps=0.050 replay= 39936 loss=0.00001 ext100=0.000 total100=0.048
[train] 29:44:21<114:12:25, 0.052s/step step= 2066000 episodes= 4304 eps=0.050 replay= 39936 loss=0.00003 ext100=0.000 total100=0.048
[train] 29:46:05<114:10:41, 0.052s/step step= 2068000 episodes= 4309 eps=0.050 replay= 39936 loss=0.00001 ext100=0.000 total100=0.047
[train] 29:47:49<114:09:00, 0.052s/step step= 2070000 episodes= 4313 eps=0.050 replay= 39936 loss=0.00001 ext100=0.000 total100=0.046
[train] 29:49:32<114:07:16, 0.052s/step step= 2072000 episodes= 4317 eps=0.050 replay= 39936 loss=0.00000 ext100=0.000 total100=0.046
[train] 29:51:16<114:05:33, 0.052s/step step= 2074000 episodes= 4321 eps=0.050 replay= 39936 loss=0.00001 ext100=0.000 total100=0.046
[train] 29:53:00<114:03:50, 0.052s/step step= 2076000 episodes= 4325 eps=0.050 replay= 39936 loss=0.00001 ext100=0.000 total100=0.045
[train] 29:54:44<114:02:09, 0.052s/step step= 2078000 episodes= 4329 eps=0.050 replay= 39936 loss=0.00001 ext100=0.000 total100=0.046
[eval] step=2080000 episodes=4334 mean_ext_return=0.000
[train] 29:56:44<114:01:25, 0.052s/step step= 2080000 episodes= 4334 eps=0.050 replay= 39936 loss=0.00001 ext100=0.000 total100=0.045
[train] 29:58:27<113:59:40, 0.052s/step step= 2082000 episodes= 4338 eps=0.050 replay= 39936 loss=0.00002 ext100=0.000 total100=0.045
[train] 30:00:10<113:57:55, 0.052s/step step= 2084000 episodes= 4342 eps=0.050 replay= 39936 loss=0.00001 ext100=0.000 total100=0.045
[train] 30:01:54<113:56:11, 0.052s/step step= 2086000 episodes= 4346 eps=0.050 replay= 39936 loss=0.00000 ext100=0.000 total100=0.045
[train] 30:03:38<113:54:28, 0.052s/step step= 2088000 episodes= 4350 eps=0.050 replay= 39936 loss=0.00001 ext100=0.000 total100=0.044
[train] 30:05:22<113:52:47, 0.052s/step step= 2090000 episodes= 4354 eps=0.050 replay= 39936 loss=0.00002 ext100=0.000 total100=0.045
[train] 30:07:06<113:51:02, 0.052s/step step= 2092000 episodes= 4359 eps=0.050 replay= 39936 loss=0.00001 ext100=0.000 total100=0.045
[train] 30:08:49<113:49:20, 0.052s/step step= 2094000 episodes= 4363 eps=0.050 replay= 39936 loss=0.00001 ext100=0.000 total100=0.044
[train] 30:10:33<113:47:37, 0.052s/step step= 2096000 episodes= 4367 eps=0.050 replay= 39936 loss=0.00001 ext100=0.000 total100=0.044
[train] 30:12:17<113:45:55, 0.052s/step step= 2098000 episodes= 4371 eps=0.050 replay= 39936 loss=0.00002 ext100=0.000 total100=0.044
[eval] step=2100000 episodes=4375 mean_ext_return=0.000
[train] 30:14:17<113:45:10, 0.052s/step step= 2100000 episodes= 4375 eps=0.050 replay= 39936 loss=0.00000 ext100=0.000 total100=0.044
[train] 30:16:00<113:43:26, 0.052s/step step= 2102000 episodes= 4379 eps=0.050 replay= 39936 loss=0.00001 ext100=0.000 total100=0.045
[train] 30:17:43<113:41:40, 0.052s/step step= 2104000 episodes= 4384 eps=0.050 replay= 39936 loss=0.00000 ext100=0.000 total100=0.044
[train] 30:19:27<113:39:57, 0.052s/step step= 2106000 episodes= 4388 eps=0.050 replay= 39936 loss=0.00003 ext100=0.000 total100=0.045
[train] 30:21:11<113:38:13, 0.052s/step step= 2108000 episodes= 4392 eps=0.050 replay= 39936 loss=0.00001 ext100=0.000 total100=0.045
[train] 30:22:55<113:36:31, 0.052s/step step= 2110000 episodes= 4396 eps=0.050 replay= 39936 loss=0.00000 ext100=0.000 total100=0.045
[train] 30:24:39<113:34:47, 0.052s/step step= 2112000 episodes= 4400 eps=0.050 replay= 39936 loss=0.00001 ext100=0.000 total100=0.044
[train] 30:26:22<113:33:04, 0.052s/step step= 2114000 episodes= 4404 eps=0.050 replay= 39936 loss=0.00002 ext100=0.000 total100=0.044
[train] 30:28:06<113:31:21, 0.052s/step step= 2116000 episodes= 4409 eps=0.050 replay= 39936 loss=0.00001 ext100=0.000 total100=0.044
[train] 30:29:50<113:29:39, 0.052s/step step= 2118000 episodes= 4413 eps=0.050 replay= 39936 loss=0.00000 ext100=0.000 total100=0.045
[eval] step=2120000 episodes=4417 mean_ext_return=0.000
[train] 30:31:50<113:28:54, 0.052s/step step= 2120000 episodes= 4417 eps=0.050 replay= 39936 loss=0.00000 ext100=0.000 total100=0.045
[train] 30:33:33<113:27:09, 0.052s/step step= 2122000 episodes= 4421 eps=0.050 replay= 39936 loss=0.00001 ext100=0.000 total100=0.044
[train] 30:35:17<113:25:24, 0.052s/step step= 2124000 episodes= 4425 eps=0.050 replay= 39936 loss=0.00001 ext100=0.000 total100=0.045
[train] 30:37:00<113:23:40, 0.052s/step step= 2126000 episodes= 4429 eps=0.050 replay= 39936 loss=0.00000 ext100=0.000 total100=0.045
[train] 30:38:44<113:21:57, 0.052s/step step= 2128000 episodes= 4434 eps=0.050 replay= 39936 loss=0.00001 ext100=0.000 total100=0.048
[train] 30:40:28<113:20:15, 0.052s/step step= 2130000 episodes= 4438 eps=0.050 replay= 39936 loss=0.00001 ext100=0.000 total100=0.048
[train] 30:42:12<113:18:31, 0.052s/step step= 2132000 episodes= 4442 eps=0.050 replay= 39936 loss=0.00001 ext100=0.000 total100=0.048
[train] 30:43:55<113:16:47, 0.052s/step step= 2134000 episodes= 4446 eps=0.050 replay= 39936 loss=0.00000 ext100=0.000 total100=0.049
[train] 30:45:39<113:15:04, 0.052s/step step= 2136000 episodes= 4450 eps=0.050 replay= 39936 loss=0.00000 ext100=0.000 total100=0.049
[train] 30:47:23<113:13:22, 0.052s/step step= 2138000 episodes= 4454 eps=0.050 replay= 39936 loss=0.00002 ext100=0.000 total100=0.047
[eval] step=2140000 episodes=4459 mean_ext_return=0.000
[train] 30:49:23<113:12:36, 0.052s/step step= 2140000 episodes= 4459 eps=0.050 replay= 39936 loss=0.00001 ext100=0.000 total100=0.048
[train] 30:51:06<113:10:51, 0.052s/step step= 2142000 episodes= 4463 eps=0.050 replay= 39936 loss=0.00000 ext100=0.000 total100=0.048
[train] 30:52:49<113:09:06, 0.052s/step step= 2144000 episodes= 4467 eps=0.050 replay= 39936 loss=0.00000 ext100=0.000 total100=0.047
[train] 30:54:33<113:07:21, 0.052s/step step= 2146000 episodes= 4471 eps=0.050 replay= 39936 loss=0.00001 ext100=0.000 total100=0.047
[train] 30:56:16<113:05:37, 0.052s/step step= 2148000 episodes= 4475 eps=0.050 replay= 39936 loss=0.00000 ext100=0.000 total100=0.047
[train] 30:58:00<113:03:55, 0.052s/step step= 2150000 episodes= 4479 eps=0.050 replay= 39936 loss=0.00000 ext100=0.000 total100=0.046
[train] 30:59:44<113:02:11, 0.052s/step step= 2152000 episodes= 4484 eps=0.050 replay= 39936 loss=0.00001 ext100=0.000 total100=0.047
[train] 31:01:28<113:00:27, 0.052s/step step= 2154000 episodes= 4488 eps=0.050 replay= 39936 loss=0.00001 ext100=0.000 total100=0.043
[train] 31:03:12<112:58:44, 0.052s/step step= 2156000 episodes= 4492 eps=0.050 replay= 39936 loss=0.00001 ext100=0.000 total100=0.043
[train] 31:04:56<112:57:02, 0.052s/step step= 2158000 episodes= 4496 eps=0.050 replay= 39936 loss=0.00001 ext100=0.000 total100=0.043
[eval] step=2160000 episodes=4500 mean_ext_return=0.000
[train] 31:06:55<112:56:15, 0.052s/step step= 2160000 episodes= 4500 eps=0.050 replay= 39936 loss=0.00000 ext100=0.000 total100=0.042
[train] 31:08:39<112:54:30, 0.052s/step step= 2162000 episodes= 4504 eps=0.050 replay= 39936 loss=0.00001 ext100=0.000 total100=0.042
[train] 31:10:22<112:52:45, 0.052s/step step= 2164000 episodes= 4509 eps=0.050 replay= 39936 loss=0.00000 ext100=0.000 total100=0.041
[train] 31:12:06<112:51:02, 0.052s/step step= 2166000 episodes= 4513 eps=0.050 replay= 39936 loss=0.00000 ext100=0.000 total100=0.040
[train] 31:13:49<112:49:17, 0.052s/step step= 2168000 episodes= 4517 eps=0.050 replay= 39936 loss=0.00001 ext100=0.000 total100=0.040
[train] 31:15:33<112:47:35, 0.052s/step step= 2170000 episodes= 4521 eps=0.050 replay= 39936 loss=0.00001 ext100=0.000 total100=0.041
[train] 31:17:17<112:45:51, 0.052s/step step= 2172000 episodes= 4525 eps=0.050 replay= 39936 loss=0.00000 ext100=0.000 total100=0.041
[train] 31:19:01<112:44:08, 0.052s/step step= 2174000 episodes= 4529 eps=0.050 replay= 39936 loss=0.00001 ext100=0.000 total100=0.041
[train] 31:20:45<112:42:25, 0.052s/step step= 2176000 episodes= 4534 eps=0.050 replay= 39936 loss=0.00001 ext100=0.000 total100=0.039
[train] 31:22:29<112:40:43, 0.052s/step step= 2178000 episodes= 4538 eps=0.050 replay= 39936 loss=0.00002 ext100=0.000 total100=0.039
[eval] step=2180000 episodes=4542 mean_ext_return=0.000
[train] 31:24:28<112:39:55, 0.052s/step step= 2180000 episodes= 4542 eps=0.050 replay= 39936 loss=0.00000 ext100=0.000 total100=0.040
[train] 31:26:12<112:38:10, 0.052s/step step= 2182000 episodes= 4546 eps=0.050 replay= 39936 loss=0.00000 ext100=0.000 total100=0.038
[train] 31:27:55<112:36:25, 0.052s/step step= 2184000 episodes= 4550 eps=0.050 replay= 39936 loss=0.00000 ext100=0.000 total100=0.038
[train] 31:29:39<112:34:41, 0.052s/step step= 2186000 episodes= 4554 eps=0.050 replay= 39936 loss=0.00001 ext100=0.000 total100=0.039
[train] 31:31:22<112:32:57, 0.052s/step step= 2188000 episodes= 4559 eps=0.050 replay= 39936 loss=0.00001 ext100=0.000 total100=0.038
[train] 31:33:07<112:31:15, 0.052s/step step= 2190000 episodes= 4563 eps=0.050 replay= 39936 loss=0.00001 ext100=0.000 total100=0.038
[train] 31:34:50<112:29:31, 0.052s/step step= 2192000 episodes= 4567 eps=0.050 replay= 39936 loss=0.00001 ext100=0.000 total100=0.039
[train] 31:36:34<112:27:47, 0.052s/step step= 2194000 episodes= 4571 eps=0.050 replay= 39936 loss=0.00002 ext100=0.000 total100=0.040
[train] 31:38:18<112:26:05, 0.052s/step step= 2196000 episodes= 4575 eps=0.050 replay= 39936 loss=0.00001 ext100=0.000 total100=0.040
[train] 31:40:02<112:24:23, 0.052s/step step= 2198000 episodes= 4579 eps=0.050 replay= 39936 loss=0.00000 ext100=0.000 total100=0.040
[eval] step=2200000 episodes=4584 mean_ext_return=0.000
[train] 31:42:02<112:23:34, 0.052s/step step= 2200000 episodes= 4584 eps=0.050 replay= 39936 loss=0.00001 ext100=0.000 total100=0.040
[train] 31:43:45<112:21:49, 0.052s/step step= 2202000 episodes= 4588 eps=0.050 replay= 39936 loss=0.00001 ext100=0.000 total100=0.043
[train] 31:45:29<112:20:05, 0.052s/step step= 2204000 episodes= 4592 eps=0.050 replay= 39936 loss=0.00001 ext100=0.000 total100=0.043
[train] 31:47:12<112:18:21, 0.052s/step step= 2206000 episodes= 4596 eps=0.050 replay= 39936 loss=0.00000 ext100=0.000 total100=0.044
[train] 31:48:56<112:16:36, 0.052s/step step= 2208000 episodes= 4600 eps=0.050 replay= 39936 loss=0.00001 ext100=0.000 total100=0.044
[train] 31:50:40<112:14:53, 0.052s/step step= 2210000 episodes= 4604 eps=0.050 replay= 39936 loss=0.00001 ext100=0.000 total100=0.045
[train] 31:52:23<112:13:09, 0.052s/step step= 2212000 episodes= 4609 eps=0.050 replay= 39936 loss=0.00000 ext100=0.000 total100=0.045
[train] 31:54:07<112:11:26, 0.052s/step step= 2214000 episodes= 4613 eps=0.050 replay= 39936 loss=0.00001 ext100=0.000 total100=0.046
[train] 31:55:51<112:09:42, 0.052s/step step= 2216000 episodes= 4617 eps=0.050 replay= 39936 loss=0.00000 ext100=0.000 total100=0.046
[train] 31:57:35<112:08:00, 0.052s/step step= 2218000 episodes= 4621 eps=0.050 replay= 39936 loss=0.00001 ext100=0.000 total100=0.046
[eval] step=2220000 episodes=4625 mean_ext_return=0.000
[train] 31:59:34<112:07:11, 0.052s/step step= 2220000 episodes= 4625 eps=0.050 replay= 39936 loss=0.00001 ext100=0.000 total100=0.047
[train] 32:01:18<112:05:25, 0.052s/step step= 2222000 episodes= 4629 eps=0.050 replay= 39936 loss=0.00001 ext100=0.000 total100=0.047
[train] 32:03:01<112:03:41, 0.052s/step step= 2224000 episodes= 4634 eps=0.050 replay= 39936 loss=0.00001 ext100=0.000 total100=0.047
[train] 32:04:45<112:01:57, 0.052s/step step= 2226000 episodes= 4638 eps=0.050 replay= 39936 loss=0.00001 ext100=0.000 total100=0.046
[train] 32:06:29<112:00:12, 0.052s/step step= 2228000 episodes= 4642 eps=0.050 replay= 39936 loss=0.00001 ext100=0.000 total100=0.046
[train] 32:08:12<111:58:29, 0.052s/step step= 2230000 episodes= 4646 eps=0.050 replay= 39936 loss=0.00001 ext100=0.000 total100=0.046
[train] 32:09:56<111:56:45, 0.052s/step step= 2232000 episodes= 4650 eps=0.050 replay= 39936 loss=0.00001 ext100=0.000 total100=0.047
[train] 32:11:40<111:55:01, 0.052s/step step= 2234000 episodes= 4654 eps=0.050 replay= 39936 loss=0.00001 ext100=0.000 total100=0.047
[train] 32:13:24<111:53:18, 0.052s/step step= 2236000 episodes= 4659 eps=0.050 replay= 39936 loss=0.00000 ext100=0.000 total100=0.048
[train] 32:15:08<111:51:35, 0.052s/step step= 2238000 episodes= 4663 eps=0.050 replay= 39936 loss=0.00000 ext100=0.000 total100=0.048
[eval] step=2240000 episodes=4667 mean_ext_return=0.000
[train] 32:17:07<111:50:45, 0.052s/step step= 2240000 episodes= 4667 eps=0.050 replay= 39936 loss=0.00000 ext100=0.000 total100=0.047
[train] 32:18:50<111:48:59, 0.052s/step step= 2242000 episodes= 4671 eps=0.050 replay= 39936 loss=0.00002 ext100=0.000 total100=0.046
[train] 32:20:34<111:47:15, 0.052s/step step= 2244000 episodes= 4675 eps=0.050 replay= 39936 loss=0.00000 ext100=0.000 total100=0.046
[train] 32:22:17<111:45:31, 0.052s/step step= 2246000 episodes= 4679 eps=0.050 replay= 39936 loss=0.00001 ext100=0.000 total100=0.046
[train] 32:24:01<111:43:46, 0.052s/step step= 2248000 episodes= 4684 eps=0.050 replay= 39936 loss=0.00000 ext100=0.000 total100=0.046
[train] 32:25:45<111:42:03, 0.052s/step step= 2250000 episodes= 4688 eps=0.050 replay= 39936 loss=0.00001 ext100=0.000 total100=0.046
[train] 32:27:29<111:40:19, 0.052s/step step= 2252000 episodes= 4692 eps=0.050 replay= 39936 loss=0.00001 ext100=0.000 total100=0.046
[train] 32:29:12<111:38:35, 0.052s/step step= 2254000 episodes= 4696 eps=0.050 replay= 39936 loss=0.00001 ext100=0.000 total100=0.045
[train] 32:30:56<111:36:51, 0.052s/step step= 2256000 episodes= 4700 eps=0.050 replay= 39936 loss=0.00000 ext100=0.000 total100=0.045
[train] 32:32:40<111:35:09, 0.052s/step step= 2258000 episodes= 4704 eps=0.050 replay= 39936 loss=0.00001 ext100=0.000 total100=0.045
[eval] step=2260000 episodes=4709 mean_ext_return=0.000
[train] 32:34:40<111:34:18, 0.052s/step step= 2260000 episodes= 4709 eps=0.050 replay= 39936 loss=0.00000 ext100=0.000 total100=0.044
[train] 32:36:23<111:32:32, 0.052s/step step= 2262000 episodes= 4713 eps=0.050 replay= 39936 loss=0.00000 ext100=0.000 total100=0.044
[train] 32:38:06<111:30:48, 0.052s/step step= 2264000 episodes= 4717 eps=0.050 replay= 39936 loss=0.00001 ext100=0.000 total100=0.044
[train] 32:39:50<111:29:03, 0.052s/step step= 2266000 episodes= 4721 eps=0.050 replay= 39936 loss=0.00001 ext100=0.000 total100=0.042
[train] 32:41:34<111:27:19, 0.052s/step step= 2268000 episodes= 4725 eps=0.050 replay= 39936 loss=0.00000 ext100=0.000 total100=0.041
[train] 32:43:18<111:25:36, 0.052s/step step= 2270000 episodes= 4729 eps=0.050 replay= 39936 loss=0.00000 ext100=0.000 total100=0.041
[train] 32:45:02<111:23:53, 0.052s/step step= 2272000 episodes= 4734 eps=0.050 replay= 39936 loss=0.00000 ext100=0.000 total100=0.041
[train] 32:46:45<111:22:09, 0.052s/step step= 2274000 episodes= 4738 eps=0.050 replay= 39936 loss=0.00001 ext100=0.000 total100=0.041
[train] 32:48:29<111:20:26, 0.052s/step step= 2276000 episodes= 4742 eps=0.050 replay= 39936 loss=0.00000 ext100=0.000 total100=0.042
[train] 32:50:13<111:18:43, 0.052s/step step= 2278000 episodes= 4746 eps=0.050 replay= 39936 loss=0.00001 ext100=0.000 total100=0.043
[eval] step=2280000 episodes=4750 mean_ext_return=0.000
[train] 32:52:13<111:17:51, 0.052s/step step= 2280000 episodes= 4750 eps=0.050 replay= 39936 loss=0.00001 ext100=0.000 total100=0.043
[train] 32:53:56<111:16:05, 0.052s/step step= 2282000 episodes= 4754 eps=0.050 replay= 39936 loss=0.00001 ext100=0.000 total100=0.044
[train] 32:55:39<111:14:20, 0.052s/step step= 2284000 episodes= 4759 eps=0.050 replay= 39936 loss=0.00001 ext100=0.000 total100=0.043
[train] 32:57:23<111:12:36, 0.052s/step step= 2286000 episodes= 4763 eps=0.050 replay= 39936 loss=0.00000 ext100=0.000 total100=0.043
[train] 32:59:07<111:10:52, 0.052s/step step= 2288000 episodes= 4767 eps=0.050 replay= 39936 loss=0.00000 ext100=0.000 total100=0.043
[train] 33:00:51<111:09:09, 0.052s/step step= 2290000 episodes= 4771 eps=0.050 replay= 39936 loss=0.00001 ext100=0.000 total100=0.044
[train] 33:02:34<111:07:25, 0.052s/step step= 2292000 episodes= 4775 eps=0.050 replay= 39936 loss=0.00000 ext100=0.000 total100=0.041
[train] 33:04:18<111:05:41, 0.052s/step step= 2294000 episodes= 4779 eps=0.050 replay= 39936 loss=0.00000 ext100=0.000 total100=0.042
[train] 33:06:02<111:03:58, 0.052s/step step= 2296000 episodes= 4784 eps=0.050 replay= 39936 loss=0.00001 ext100=0.000 total100=0.044
[train] 33:07:46<111:02:15, 0.052s/step step= 2298000 episodes= 4788 eps=0.050 replay= 39936 loss=0.00001 ext100=0.000 total100=0.044
[eval] step=2300000 episodes=4792 mean_ext_return=0.000
[train] 33:09:46<111:01:23, 0.052s/step step= 2300000 episodes= 4792 eps=0.050 replay= 39936 loss=0.00000 ext100=0.000 total100=0.043
[train] 33:11:29<110:59:38, 0.052s/step step= 2302000 episodes= 4796 eps=0.050 replay= 39936 loss=0.00000 ext100=0.000 total100=0.044
[train] 33:13:13<110:57:53, 0.052s/step step= 2304000 episodes= 4800 eps=0.050 replay= 39936 loss=0.00000 ext100=0.000 total100=0.043
[train] 33:14:56<110:56:09, 0.052s/step step= 2306000 episodes= 4804 eps=0.050 replay= 39936 loss=0.00001 ext100=0.000 total100=0.045
[train] 33:16:40<110:54:25, 0.052s/step step= 2308000 episodes= 4809 eps=0.050 replay= 39936 loss=0.00000 ext100=0.000 total100=0.045
[train] 33:18:24<110:52:41, 0.052s/step step= 2310000 episodes= 4813 eps=0.050 replay= 39936 loss=0.00000 ext100=0.000 total100=0.045
[train] 33:20:08<110:50:58, 0.052s/step step= 2312000 episodes= 4817 eps=0.050 replay= 39936 loss=0.00000 ext100=0.000 total100=0.045
[train] 33:21:51<110:49:13, 0.052s/step step= 2314000 episodes= 4821 eps=0.050 replay= 39936 loss=0.00001 ext100=0.000 total100=0.046
[train] 33:23:35<110:47:30, 0.052s/step step= 2316000 episodes= 4825 eps=0.050 replay= 39936 loss=0.00001 ext100=0.000 total100=0.046
[train] 33:25:19<110:45:47, 0.052s/step step= 2318000 episodes= 4829 eps=0.050 replay= 39936 loss=0.00000 ext100=0.000 total100=0.046
[eval] step=2320000 episodes=4834 mean_ext_return=0.000
[train] 33:27:19<110:44:54, 0.052s/step step= 2320000 episodes= 4834 eps=0.050 replay= 39936 loss=0.00001 ext100=0.000 total100=0.046
[train] 33:29:02<110:43:08, 0.052s/step step= 2322000 episodes= 4838 eps=0.050 replay= 39936 loss=0.00001 ext100=0.000 total100=0.046
[train] 33:30:45<110:41:24, 0.052s/step step= 2324000 episodes= 4842 eps=0.050 replay= 39936 loss=0.00000 ext100=0.000 total100=0.045
[train] 33:32:29<110:39:40, 0.052s/step step= 2326000 episodes= 4846 eps=0.050 replay= 39936 loss=0.00001 ext100=0.000 total100=0.043
[train] 33:34:13<110:37:56, 0.052s/step step= 2328000 episodes= 4850 eps=0.050 replay= 39936 loss=0.00000 ext100=0.000 total100=0.043
[train] 33:35:57<110:36:12, 0.052s/step step= 2330000 episodes= 4854 eps=0.050 replay= 39936 loss=0.00001 ext100=0.000 total100=0.044
[train] 33:37:41<110:34:28, 0.052s/step step= 2332000 episodes= 4859 eps=0.050 replay= 39936 loss=0.00001 ext100=0.000 total100=0.044
[train] 33:39:24<110:32:44, 0.052s/step step= 2334000 episodes= 4863 eps=0.050 replay= 39936 loss=0.00000 ext100=0.000 total100=0.044
[train] 33:41:08<110:31:01, 0.052s/step step= 2336000 episodes= 4867 eps=0.050 replay= 39936 loss=0.00000 ext100=0.000 total100=0.045
[train] 33:42:52<110:29:17, 0.052s/step step= 2338000 episodes= 4871 eps=0.050 replay= 39936 loss=0.00001 ext100=0.000 total100=0.045
[eval] step=2340000 episodes=4875 mean_ext_return=0.000
[train] 33:44:51<110:28:23, 0.052s/step step= 2340000 episodes= 4875 eps=0.050 replay= 39936 loss=0.00000 ext100=0.000 total100=0.047
[train] 33:46:34<110:26:37, 0.052s/step step= 2342000 episodes= 4879 eps=0.050 replay= 39936 loss=0.00000 ext100=0.000 total100=0.046
[train] 33:48:18<110:24:52, 0.052s/step step= 2344000 episodes= 4884 eps=0.050 replay= 39936 loss=0.00000 ext100=0.000 total100=0.045
[train] 33:50:01<110:23:08, 0.052s/step step= 2346000 episodes= 4888 eps=0.050 replay= 39936 loss=0.00001 ext100=0.000 total100=0.044
[train] 33:51:45<110:21:23, 0.052s/step step= 2348000 episodes= 4892 eps=0.050 replay= 39936 loss=0.00000 ext100=0.000 total100=0.045
[train] 33:53:29<110:19:39, 0.052s/step step= 2350000 episodes= 4896 eps=0.050 replay= 39936 loss=0.00000 ext100=0.000 total100=0.045
[train] 33:55:13<110:17:55, 0.052s/step step= 2352000 episodes= 4900 eps=0.050 replay= 39936 loss=0.00001 ext100=0.000 total100=0.046
[train] 33:56:56<110:16:11, 0.052s/step step= 2354000 episodes= 4904 eps=0.050 replay= 39936 loss=0.00001 ext100=0.000 total100=0.045
[train] 33:58:40<110:14:28, 0.052s/step step= 2356000 episodes= 4909 eps=0.050 replay= 39936 loss=0.00000 ext100=0.000 total100=0.045
[train] 34:00:25<110:12:45, 0.052s/step step= 2358000 episodes= 4913 eps=0.050 replay= 39936 loss=0.00000 ext100=0.000 total100=0.045
[eval] step=2360000 episodes=4917 mean_ext_return=0.000
[train] 34:02:24<110:11:51, 0.052s/step step= 2360000 episodes= 4917 eps=0.050 replay= 39936 loss=0.00000 ext100=0.000 total100=0.045
[train] 34:04:07<110:10:04, 0.052s/step step= 2362000 episodes= 4921 eps=0.050 replay= 39936 loss=0.00001 ext100=0.000 total100=0.045
[train] 34:05:50<110:08:20, 0.052s/step step= 2364000 episodes= 4925 eps=0.050 replay= 39936 loss=0.00000 ext100=0.000 total100=0.047
[train] 34:07:34<110:06:35, 0.052s/step step= 2366000 episodes= 4929 eps=0.050 replay= 39936 loss=0.00001 ext100=0.000 total100=0.047
[train] 34:09:18<110:04:51, 0.052s/step step= 2368000 episodes= 4934 eps=0.050 replay= 39936 loss=0.00001 ext100=0.000 total100=0.047
[train] 34:11:01<110:03:06, 0.052s/step step= 2370000 episodes= 4938 eps=0.050 replay= 39936 loss=0.00001 ext100=0.000 total100=0.046
[train] 34:12:45<110:01:22, 0.052s/step step= 2372000 episodes= 4942 eps=0.050 replay= 39936 loss=0.00000 ext100=0.000 total100=0.047
[train] 34:14:29<109:59:38, 0.052s/step step= 2374000 episodes= 4946 eps=0.050 replay= 39936 loss=0.00000 ext100=0.000 total100=0.047
[train] 34:16:13<109:57:54, 0.052s/step step= 2376000 episodes= 4950 eps=0.050 replay= 39936 loss=0.00000 ext100=0.000 total100=0.047
[train] 34:17:57<109:56:11, 0.052s/step step= 2378000 episodes= 4954 eps=0.050 replay= 39936 loss=0.00002 ext100=0.000 total100=0.046
[eval] step=2380000 episodes=4959 mean_ext_return=0.000
[train] 34:19:56<109:55:16, 0.052s/step step= 2380000 episodes= 4959 eps=0.050 replay= 39936 loss=0.00000 ext100=0.000 total100=0.046
[train] 34:21:39<109:53:29, 0.052s/step step= 2382000 episodes= 4963 eps=0.050 replay= 39936 loss=0.00000 ext100=0.000 total100=0.046
[train] 34:23:22<109:51:44, 0.052s/step step= 2384000 episodes= 4967 eps=0.050 replay= 39936 loss=0.00001 ext100=0.000 total100=0.045
[train] 34:25:06<109:50:00, 0.052s/step step= 2386000 episodes= 4971 eps=0.050 replay= 39936 loss=0.00002 ext100=0.000 total100=0.044
[train] 34:26:50<109:48:15, 0.052s/step step= 2388000 episodes= 4975 eps=0.050 replay= 39936 loss=0.00000 ext100=0.000 total100=0.044
[train] 34:28:33<109:46:31, 0.052s/step step= 2390000 episodes= 4979 eps=0.050 replay= 39936 loss=0.00000 ext100=0.000 total100=0.045
[train] 34:30:17<109:44:47, 0.052s/step step= 2392000 episodes= 4984 eps=0.050 replay= 39936 loss=0.00000 ext100=0.000 total100=0.045
[train] 34:32:01<109:43:02, 0.052s/step step= 2394000 episodes= 4988 eps=0.050 replay= 39936 loss=0.00002 ext100=0.000 total100=0.045
[train] 34:33:45<109:41:18, 0.052s/step step= 2396000 episodes= 4992 eps=0.050 replay= 39936 loss=0.00000 ext100=0.000 total100=0.045
[train] 34:35:29<109:39:35, 0.052s/step step= 2398000 episodes= 4996 eps=0.050 replay= 39936 loss=0.00001 ext100=0.000 total100=0.044
[eval] step=2400000 episodes=5000 mean_ext_return=0.000
[train] 34:37:28<109:38:40, 0.052s/step step= 2400000 episodes= 5000 eps=0.050 replay= 39936 loss=0.00000 ext100=0.000 total100=0.044
[train] 34:39:11<109:36:54, 0.052s/step step= 2402000 episodes= 5004 eps=0.050 replay= 39936 loss=0.00001 ext100=0.000 total100=0.043
[train] 34:40:55<109:35:09, 0.052s/step step= 2404000 episodes= 5009 eps=0.050 replay= 39936 loss=0.00000 ext100=0.000 total100=0.043
[train] 34:42:38<109:33:24, 0.052s/step step= 2406000 episodes= 5013 eps=0.050 replay= 39936 loss=0.00000 ext100=0.000 total100=0.043
[train] 34:44:22<109:31:39, 0.052s/step step= 2408000 episodes= 5017 eps=0.050 replay= 39936 loss=0.00001 ext100=0.000 total100=0.042
[train] 34:46:06<109:29:55, 0.052s/step step= 2410000 episodes= 5021 eps=0.050 replay= 39936 loss=0.00000 ext100=0.000 total100=0.042
[train] 34:47:50<109:28:11, 0.052s/step step= 2412000 episodes= 5025 eps=0.050 replay= 39936 loss=0.00000 ext100=0.000 total100=0.041
[train] 34:49:33<109:26:26, 0.052s/step step= 2414000 episodes= 5029 eps=0.050 replay= 39936 loss=0.00000 ext100=0.000 total100=0.040
[train] 34:51:17<109:24:43, 0.052s/step step= 2416000 episodes= 5034 eps=0.050 replay= 39936 loss=0.00000 ext100=0.000 total100=0.040
[train] 34:53:01<109:23:00, 0.052s/step step= 2418000 episodes= 5038 eps=0.050 replay= 39936 loss=0.00001 ext100=0.000 total100=0.039
[eval] step=2420000 episodes=5042 mean_ext_return=0.000
[train] 34:55:01<109:22:05, 0.052s/step step= 2420000 episodes= 5042 eps=0.050 replay= 39936 loss=0.00000 ext100=0.000 total100=0.039
[train] 34:56:44<109:20:18, 0.052s/step step= 2422000 episodes= 5046 eps=0.050 replay= 39936 loss=0.00000 ext100=0.000 total100=0.038
[train] 34:58:27<109:18:33, 0.052s/step step= 2424000 episodes= 5050 eps=0.050 replay= 39936 loss=0.00000 ext100=0.000 total100=0.037
[train] 35:00:11<109:16:49, 0.052s/step step= 2426000 episodes= 5054 eps=0.050 replay= 39936 loss=0.00001 ext100=0.000 total100=0.037
[train] 35:01:55<109:15:05, 0.052s/step step= 2428000 episodes= 5059 eps=0.050 replay= 39936 loss=0.00000 ext100=0.000 total100=0.037
[train] 35:03:39<109:13:20, 0.052s/step step= 2430000 episodes= 5063 eps=0.050 replay= 39936 loss=0.00000 ext100=0.000 total100=0.038
[train] 35:05:23<109:11:37, 0.052s/step step= 2432000 episodes= 5067 eps=0.050 replay= 39936 loss=0.00000 ext100=0.000 total100=0.037
[train] 35:07:06<109:09:52, 0.052s/step step= 2434000 episodes= 5071 eps=0.050 replay= 39936 loss=0.00001 ext100=0.000 total100=0.037
[train] 35:08:50<109:08:08, 0.052s/step step= 2436000 episodes= 5075 eps=0.050 replay= 39936 loss=0.00000 ext100=0.000 total100=0.038
[train] 35:10:34<109:06:25, 0.052s/step step= 2438000 episodes= 5079 eps=0.050 replay= 39936 loss=0.00000 ext100=0.000 total100=0.038
[eval] step=2440000 episodes=5084 mean_ext_return=0.000
[train] 35:12:34<109:05:29, 0.052s/step step= 2440000 episodes= 5084 eps=0.050 replay= 39936 loss=0.00000 ext100=0.000 total100=0.038
[train] 35:14:17<109:03:43, 0.052s/step step= 2442000 episodes= 5088 eps=0.050 replay= 39936 loss=0.00001 ext100=0.000 total100=0.038
[train] 35:16:00<109:01:58, 0.052s/step step= 2444000 episodes= 5092 eps=0.050 replay= 39936 loss=0.00000 ext100=0.000 total100=0.039
[train] 35:17:44<109:00:13, 0.052s/step step= 2446000 episodes= 5096 eps=0.050 replay= 39936 loss=0.00000 ext100=0.000 total100=0.039
[train] 35:19:27<108:58:28, 0.052s/step step= 2448000 episodes= 5100 eps=0.050 replay= 39936 loss=0.00000 ext100=0.000 total100=0.039
[train] 35:21:11<108:56:43, 0.052s/step step= 2450000 episodes= 5104 eps=0.050 replay= 39936 loss=0.00001 ext100=0.000 total100=0.039
[train] 35:22:55<108:55:00, 0.052s/step step= 2452000 episodes= 5109 eps=0.050 replay= 39936 loss=0.00000 ext100=0.000 total100=0.040
[train] 35:24:38<108:53:15, 0.052s/step step= 2454000 episodes= 5113 eps=0.050 replay= 39936 loss=0.00000 ext100=0.000 total100=0.040
[train] 35:26:23<108:51:31, 0.052s/step step= 2456000 episodes= 5117 eps=0.050 replay= 39936 loss=0.00000 ext100=0.000 total100=0.041
[train] 35:28:07<108:49:48, 0.052s/step step= 2458000 episodes= 5121 eps=0.050 replay= 39936 loss=0.00000 ext100=0.000 total100=0.041
[eval] step=2460000 episodes=5125 mean_ext_return=0.000
[train] 35:30:06<108:48:51, 0.052s/step step= 2460000 episodes= 5125 eps=0.050 replay= 39936 loss=0.00000 ext100=0.000 total100=0.041
[train] 35:31:49<108:47:05, 0.052s/step step= 2462000 episodes= 5129 eps=0.050 replay= 39936 loss=0.00000 ext100=0.000 total100=0.042
[train] 35:33:33<108:45:20, 0.052s/step step= 2464000 episodes= 5134 eps=0.050 replay= 39936 loss=0.00001 ext100=0.000 total100=0.041
[train] 35:35:16<108:43:35, 0.052s/step step= 2466000 episodes= 5138 eps=0.050 replay= 39936 loss=0.00001 ext100=0.000 total100=0.042
[train] 35:37:00<108:41:50, 0.052s/step step= 2468000 episodes= 5142 eps=0.050 replay= 39936 loss=0.00000 ext100=0.000 total100=0.041
[train] 35:38:44<108:40:06, 0.052s/step step= 2470000 episodes= 5146 eps=0.050 replay= 39936 loss=0.00000 ext100=0.000 total100=0.042
[train] 35:40:28<108:38:23, 0.052s/step step= 2472000 episodes= 5150 eps=0.050 replay= 39936 loss=0.00000 ext100=0.000 total100=0.042
[train] 35:42:11<108:36:38, 0.052s/step step= 2474000 episodes= 5154 eps=0.050 replay= 39936 loss=0.00001 ext100=0.000 total100=0.042
[train] 35:43:55<108:34:55, 0.052s/step step= 2476000 episodes= 5159 eps=0.050 replay= 39936 loss=0.00000 ext100=0.000 total100=0.042
[train] 35:45:39<108:33:11, 0.052s/step step= 2478000 episodes= 5163 eps=0.050 replay= 39936 loss=0.00000 ext100=0.000 total100=0.042
[eval] step=2480000 episodes=5167 mean_ext_return=0.000
[train] 35:47:39<108:32:14, 0.052s/step step= 2480000 episodes= 5167 eps=0.050 replay= 39936 loss=0.00000 ext100=0.000 total100=0.043
[train] 35:49:22<108:30:28, 0.052s/step step= 2482000 episodes= 5171 eps=0.050 replay= 39936 loss=0.00001 ext100=0.000 total100=0.042
[train] 35:51:05<108:28:43, 0.052s/step step= 2484000 episodes= 5175 eps=0.050 replay= 39936 loss=0.00000 ext100=0.000 total100=0.041
[train] 35:52:49<108:26:58, 0.052s/step step= 2486000 episodes= 5179 eps=0.050 replay= 39936 loss=0.00000 ext100=0.000 total100=0.040
[train] 35:54:33<108:25:13, 0.052s/step step= 2488000 episodes= 5184 eps=0.050 replay= 39936 loss=0.00000 ext100=0.000 total100=0.040
[train] 35:56:16<108:23:28, 0.052s/step step= 2490000 episodes= 5188 eps=0.050 replay= 39936 loss=0.00000 ext100=0.000 total100=0.039
[train] 35:58:00<108:21:44, 0.052s/step step= 2492000 episodes= 5192 eps=0.050 replay= 39936 loss=0.00000 ext100=0.000 total100=0.039
[train] 35:59:44<108:19:59, 0.052s/step step= 2494000 episodes= 5196 eps=0.050 replay= 39936 loss=0.00000 ext100=0.000 total100=0.038
[train] 36:01:28<108:18:16, 0.052s/step step= 2496000 episodes= 5200 eps=0.050 replay= 39936 loss=0.00000 ext100=0.000 total100=0.038
[train] 36:03:12<108:16:33, 0.052s/step step= 2498000 episodes= 5204 eps=0.050 replay= 39936 loss=0.00001 ext100=0.000 total100=0.038
[eval] step=2500000 episodes=5209 mean_ext_return=0.000
[train] 36:05:11<108:15:34, 0.052s/step step= 2500000 episodes= 5209 eps=0.050 replay= 39936 loss=0.00000 ext100=0.000 total100=0.038
[train] 36:06:54<108:13:48, 0.052s/step step= 2502000 episodes= 5213 eps=0.050 replay= 39936 loss=0.00000 ext100=0.000 total100=0.038
[train] 36:08:38<108:12:03, 0.052s/step step= 2504000 episodes= 5217 eps=0.050 replay= 39936 loss=0.00000 ext100=0.000 total100=0.038
[train] 36:10:22<108:10:19, 0.052s/step step= 2506000 episodes= 5221 eps=0.050 replay= 39936 loss=0.00001 ext100=0.000 total100=0.037
[train] 36:12:05<108:08:34, 0.052s/step step= 2508000 episodes= 5225 eps=0.050 replay= 39936 loss=0.00000 ext100=0.000 total100=0.038
[train] 36:13:49<108:06:48, 0.052s/step step= 2510000 episodes= 5229 eps=0.050 replay= 39936 loss=0.00001 ext100=0.000 total100=0.039
[train] 36:15:33<108:05:05, 0.052s/step step= 2512000 episodes= 5234 eps=0.050 replay= 39936 loss=0.00000 ext100=0.000 total100=0.039
[train] 36:17:16<108:03:19, 0.052s/step step= 2514000 episodes= 5238 eps=0.050 replay= 39936 loss=0.00001 ext100=0.000 total100=0.040
[train] 36:19:00<108:01:36, 0.052s/step step= 2516000 episodes= 5242 eps=0.050 replay= 39936 loss=0.00001 ext100=0.000 total100=0.041
[train] 36:20:44<107:59:52, 0.052s/step step= 2518000 episodes= 5246 eps=0.050 replay= 39936 loss=0.00000 ext100=0.000 total100=0.040
[eval] step=2520000 episodes=5250 mean_ext_return=0.000
[train] 36:22:43<107:58:53, 0.052s/step step= 2520000 episodes= 5250 eps=0.050 replay= 39936 loss=0.00000 ext100=0.000 total100=0.040
[train] 36:24:26<107:57:07, 0.052s/step step= 2522000 episodes= 5254 eps=0.050 replay= 39936 loss=0.00000 ext100=0.000 total100=0.041
[train] 36:26:10<107:55:22, 0.052s/step step= 2524000 episodes= 5259 eps=0.050 replay= 39936 loss=0.00000 ext100=0.000 total100=0.041
[train] 36:27:54<107:53:37, 0.052s/step step= 2526000 episodes= 5263 eps=0.050 replay= 39936 loss=0.00000 ext100=0.000 total100=0.040
[train] 36:29:37<107:51:52, 0.052s/step step= 2528000 episodes= 5267 eps=0.050 replay= 39936 loss=0.00000 ext100=0.000 total100=0.041
[train] 36:31:21<107:50:07, 0.052s/step step= 2530000 episodes= 5271 eps=0.050 replay= 39936 loss=0.00001 ext100=0.000 total100=0.042
[train] 36:33:05<107:48:23, 0.052s/step step= 2532000 episodes= 5275 eps=0.050 replay= 39936 loss=0.00000 ext100=0.000 total100=0.043
[train] 36:34:48<107:46:37, 0.052s/step step= 2534000 episodes= 5279 eps=0.050 replay= 39936 loss=0.00000 ext100=0.000 total100=0.043
[train] 36:36:32<107:44:54, 0.052s/step step= 2536000 episodes= 5284 eps=0.050 replay= 39936 loss=0.00000 ext100=0.000 total100=0.043
[train] 36:38:16<107:43:10, 0.052s/step step= 2538000 episodes= 5288 eps=0.050 replay= 39936 loss=0.00001 ext100=0.000 total100=0.043
[eval] step=2540000 episodes=5292 mean_ext_return=0.000
[train] 36:40:15<107:42:11, 0.052s/step step= 2540000 episodes= 5292 eps=0.050 replay= 39936 loss=0.00000 ext100=0.000 total100=0.042
[train] 36:41:58<107:40:25, 0.052s/step step= 2542000 episodes= 5296 eps=0.050 replay= 39936 loss=0.00001 ext100=0.000 total100=0.042
[train] 36:43:42<107:38:40, 0.052s/step step= 2544000 episodes= 5300 eps=0.050 replay= 39936 loss=0.00000 ext100=0.000 total100=0.044
[train] 36:45:26<107:36:54, 0.052s/step step= 2546000 episodes= 5304 eps=0.050 replay= 39936 loss=0.00002 ext100=0.000 total100=0.043
[train] 36:47:09<107:35:09, 0.052s/step step= 2548000 episodes= 5309 eps=0.050 replay= 39936 loss=0.00000 ext100=0.000 total100=0.043
[train] 36:48:52<107:33:24, 0.052s/step step= 2550000 episodes= 5313 eps=0.050 replay= 39936 loss=0.00001 ext100=0.000 total100=0.043
[train] 36:50:37<107:31:40, 0.052s/step step= 2552000 episodes= 5317 eps=0.050 replay= 39936 loss=0.00000 ext100=0.000 total100=0.042
[train] 36:52:20<107:29:55, 0.052s/step step= 2554000 episodes= 5321 eps=0.050 replay= 39936 loss=0.00001 ext100=0.000 total100=0.041
[train] 36:54:04<107:28:11, 0.052s/step step= 2556000 episodes= 5325 eps=0.050 replay= 39936 loss=0.00001 ext100=0.000 total100=0.042
[train] 36:55:48<107:26:28, 0.052s/step step= 2558000 episodes= 5329 eps=0.050 replay= 39936 loss=0.00000 ext100=0.000 total100=0.041
[eval] step=2560000 episodes=5334 mean_ext_return=0.000
[train] 36:57:47<107:25:28, 0.052s/step step= 2560000 episodes= 5334 eps=0.050 replay= 39936 loss=0.00001 ext100=0.000 total100=0.042
[train] 36:59:31<107:23:42, 0.052s/step step= 2562000 episodes= 5338 eps=0.050 replay= 39936 loss=0.00000 ext100=0.000 total100=0.041
[train] 37:01:14<107:21:57, 0.052s/step step= 2564000 episodes= 5342 eps=0.050 replay= 39936 loss=0.00000 ext100=0.000 total100=0.040
[train] 37:02:58<107:20:12, 0.052s/step step= 2566000 episodes= 5346 eps=0.050 replay= 39936 loss=0.00001 ext100=0.000 total100=0.040
[train] 37:04:42<107:18:27, 0.052s/step step= 2568000 episodes= 5350 eps=0.050 replay= 39936 loss=0.00000 ext100=0.000 total100=0.040
[train] 37:06:25<107:16:43, 0.052s/step step= 2570000 episodes= 5354 eps=0.050 replay= 39936 loss=0.00001 ext100=0.000 total100=0.039
[train] 37:08:09<107:14:59, 0.052s/step step= 2572000 episodes= 5359 eps=0.050 replay= 39936 loss=0.00000 ext100=0.000 total100=0.039
[train] 37:09:53<107:13:14, 0.052s/step step= 2574000 episodes= 5363 eps=0.050 replay= 39936 loss=0.00000 ext100=0.000 total100=0.040
[train] 37:11:37<107:11:30, 0.052s/step step= 2576000 episodes= 5367 eps=0.050 replay= 39936 loss=0.00000 ext100=0.000 total100=0.039
[train] 37:13:21<107:09:47, 0.052s/step step= 2578000 episodes= 5371 eps=0.050 replay= 39936 loss=0.00001 ext100=0.000 total100=0.038
[eval] step=2580000 episodes=5375 mean_ext_return=0.000
[train] 37:15:20<107:08:46, 0.052s/step step= 2580000 episodes= 5375 eps=0.050 replay= 39936 loss=0.00001 ext100=0.000 total100=0.038
[train] 37:17:03<107:07:00, 0.052s/step step= 2582000 episodes= 5379 eps=0.050 replay= 39936 loss=0.00001 ext100=0.000 total100=0.038
[train] 37:18:47<107:05:15, 0.052s/step step= 2584000 episodes= 5384 eps=0.050 replay= 39936 loss=0.00000 ext100=0.000 total100=0.038
[train] 37:20:31<107:03:30, 0.052s/step step= 2586000 episodes= 5388 eps=0.050 replay= 39936 loss=0.00001 ext100=0.000 total100=0.039
[train] 37:22:14<107:01:45, 0.052s/step step= 2588000 episodes= 5392 eps=0.050 replay= 39936 loss=0.00001 ext100=0.000 total100=0.038
[train] 37:23:58<107:00:00, 0.052s/step step= 2590000 episodes= 5396 eps=0.050 replay= 39936 loss=0.00000 ext100=0.000 total100=0.039
[train] 37:25:42<106:58:16, 0.052s/step step= 2592000 episodes= 5400 eps=0.050 replay= 39936 loss=0.00000 ext100=0.000 total100=0.038
[train] 37:27:25<106:56:31, 0.052s/step step= 2594000 episodes= 5404 eps=0.050 replay= 39936 loss=0.00001 ext100=0.000 total100=0.039
[train] 37:29:09<106:54:48, 0.052s/step step= 2596000 episodes= 5409 eps=0.050 replay= 39936 loss=0.00000 ext100=0.000 total100=0.038
[train] 37:30:53<106:53:04, 0.052s/step step= 2598000 episodes= 5413 eps=0.050 replay= 39936 loss=0.00000 ext100=0.000 total100=0.038
[eval] step=2600000 episodes=5417 mean_ext_return=0.000
[train] 37:32:53<106:52:03, 0.052s/step step= 2600000 episodes= 5417 eps=0.050 replay= 39936 loss=0.00000 ext100=0.000 total100=0.038
[train] 37:34:36<106:50:17, 0.052s/step step= 2602000 episodes= 5421 eps=0.050 replay= 39936 loss=0.00001 ext100=0.000 total100=0.038
[train] 37:36:19<106:48:31, 0.052s/step step= 2604000 episodes= 5425 eps=0.050 replay= 39936 loss=0.00000 ext100=0.000 total100=0.037
[train] 37:38:03<106:46:46, 0.052s/step step= 2606000 episodes= 5429 eps=0.050 replay= 39936 loss=0.00001 ext100=0.000 total100=0.037
[train] 37:39:46<106:45:01, 0.052s/step step= 2608000 episodes= 5434 eps=0.050 replay= 39936 loss=0.00000 ext100=0.000 total100=0.037
[train] 37:41:30<106:43:16, 0.052s/step step= 2610000 episodes= 5438 eps=0.050 replay= 39936 loss=0.00001 ext100=0.000 total100=0.038
[train] 37:43:14<106:41:33, 0.052s/step step= 2612000 episodes= 5442 eps=0.050 replay= 39936 loss=0.00000 ext100=0.000 total100=0.039
[train] 37:44:58<106:39:48, 0.052s/step step= 2614000 episodes= 5446 eps=0.050 replay= 39936 loss=0.00000 ext100=0.000 total100=0.038
[train] 37:46:42<106:38:04, 0.052s/step step= 2616000 episodes= 5450 eps=0.050 replay= 39936 loss=0.00000 ext100=0.000 total100=0.039
[train] 37:48:26<106:36:20, 0.052s/step step= 2618000 episodes= 5454 eps=0.050 replay= 39936 loss=0.00000 ext100=0.000 total100=0.039
[eval] step=2620000 episodes=5459 mean_ext_return=0.000
[train] 37:50:25<106:35:19, 0.052s/step step= 2620000 episodes= 5459 eps=0.050 replay= 39936 loss=0.00001 ext100=0.000 total100=0.038
[train] 37:52:08<106:33:33, 0.052s/step step= 2622000 episodes= 5463 eps=0.050 replay= 39936 loss=0.00000 ext100=0.000 total100=0.038
[train] 37:53:52<106:31:48, 0.052s/step step= 2624000 episodes= 5467 eps=0.050 replay= 39936 loss=0.00001 ext100=0.000 total100=0.038
[train] 37:55:35<106:30:02, 0.052s/step step= 2626000 episodes= 5471 eps=0.050 replay= 39936 loss=0.00001 ext100=0.000 total100=0.038
[train] 37:57:19<106:28:17, 0.052s/step step= 2628000 episodes= 5475 eps=0.050 replay= 39936 loss=0.00000 ext100=0.000 total100=0.039
[train] 37:59:03<106:26:33, 0.052s/step step= 2630000 episodes= 5479 eps=0.050 replay= 39936 loss=0.00000 ext100=0.000 total100=0.039
[train] 38:00:47<106:24:49, 0.052s/step step= 2632000 episodes= 5484 eps=0.050 replay= 39936 loss=0.00000 ext100=0.000 total100=0.039
[train] 38:02:31<106:23:04, 0.052s/step step= 2634000 episodes= 5488 eps=0.050 replay= 39936 loss=0.00001 ext100=0.000 total100=0.038
[train] 38:04:15<106:21:20, 0.052s/step step= 2636000 episodes= 5492 eps=0.050 replay= 39936 loss=0.00000 ext100=0.000 total100=0.039
[train] 38:05:59<106:19:37, 0.052s/step step= 2638000 episodes= 5496 eps=0.050 replay= 39936 loss=0.00000 ext100=0.000 total100=0.039
[eval] step=2640000 episodes=5500 mean_ext_return=0.000
[train] 38:07:58<106:18:35, 0.052s/step step= 2640000 episodes= 5500 eps=0.050 replay= 39936 loss=0.00000 ext100=0.000 total100=0.039
[train] 38:09:41<106:16:49, 0.052s/step step= 2642000 episodes= 5504 eps=0.050 replay= 39936 loss=0.00000 ext100=0.000 total100=0.039
[train] 38:11:25<106:15:04, 0.052s/step step= 2644000 episodes= 5509 eps=0.050 replay= 39936 loss=0.00000 ext100=0.000 total100=0.039
[train] 38:13:08<106:13:18, 0.052s/step step= 2646000 episodes= 5513 eps=0.050 replay= 39936 loss=0.00000 ext100=0.000 total100=0.040
[train] 38:14:52<106:11:33, 0.052s/step step= 2648000 episodes= 5517 eps=0.050 replay= 39936 loss=0.00000 ext100=0.000 total100=0.040
[train] 38:16:35<106:09:48, 0.052s/step step= 2650000 episodes= 5521 eps=0.050 replay= 39936 loss=0.00001 ext100=0.000 total100=0.041
[train] 38:18:20<106:08:05, 0.052s/step step= 2652000 episodes= 5525 eps=0.050 replay= 39936 loss=0.00000 ext100=0.000 total100=0.041
[train] 38:20:03<106:06:19, 0.052s/step step= 2654000 episodes= 5529 eps=0.050 replay= 39936 loss=0.00001 ext100=0.000 total100=0.042
[train] 38:21:47<106:04:35, 0.052s/step step= 2656000 episodes= 5534 eps=0.050 replay= 39936 loss=0.00000 ext100=0.000 total100=0.040
[train] 38:23:31<106:02:51, 0.052s/step step= 2658000 episodes= 5538 eps=0.050 replay= 39936 loss=0.00001 ext100=0.000 total100=0.039
[eval] step=2660000 episodes=5542 mean_ext_return=0.000
[train] 38:25:30<106:01:49, 0.052s/step step= 2660000 episodes= 5542 eps=0.050 replay= 39936 loss=0.00000 ext100=0.000 total100=0.040
[train] 38:27:14<106:00:03, 0.052s/step step= 2662000 episodes= 5546 eps=0.050 replay= 39936 loss=0.00000 ext100=0.000 total100=0.040
[train] 38:28:57<105:58:18, 0.052s/step step= 2664000 episodes= 5550 eps=0.050 replay= 39936 loss=0.00000 ext100=0.000 total100=0.040
[train] 38:30:41<105:56:33, 0.052s/step step= 2666000 episodes= 5554 eps=0.050 replay= 39936 loss=0.00001 ext100=0.000 total100=0.040
[train] 38:32:24<105:54:48, 0.052s/step step= 2668000 episodes= 5559 eps=0.050 replay= 39936 loss=0.00000 ext100=0.000 total100=0.040
[train] 38:34:08<105:53:03, 0.052s/step step= 2670000 episodes= 5563 eps=0.050 replay= 39936 loss=0.00000 ext100=0.000 total100=0.039
[train] 38:35:52<105:51:19, 0.052s/step step= 2672000 episodes= 5567 eps=0.050 replay= 39936 loss=0.00000 ext100=0.000 total100=0.040
[train] 38:37:36<105:49:34, 0.052s/step step= 2674000 episodes= 5571 eps=0.050 replay= 39936 loss=0.00001 ext100=0.000 total100=0.040
[train] 38:39:20<105:47:50, 0.052s/step step= 2676000 episodes= 5575 eps=0.050 replay= 39936 loss=0.00000 ext100=0.000 total100=0.039
[train] 38:41:04<105:46:06, 0.052s/step step= 2678000 episodes= 5579 eps=0.050 replay= 39936 loss=0.00000 ext100=0.000 total100=0.040
[eval] step=2680000 episodes=5584 mean_ext_return=0.000
[train] 38:43:03<105:45:03, 0.052s/step step= 2680000 episodes= 5584 eps=0.050 replay= 39936 loss=0.00001 ext100=0.000 total100=0.039
[train] 38:44:46<105:43:17, 0.052s/step step= 2682000 episodes= 5588 eps=0.050 replay= 39936 loss=0.00001 ext100=0.000 total100=0.039
[train] 38:46:29<105:41:31, 0.052s/step step= 2684000 episodes= 5592 eps=0.050 replay= 39936 loss=0.00001 ext100=0.000 total100=0.040
[train] 38:48:13<105:39:46, 0.052s/step step= 2686000 episodes= 5596 eps=0.050 replay= 39936 loss=0.00001 ext100=0.000 total100=0.040
[train] 38:49:57<105:38:01, 0.052s/step step= 2688000 episodes= 5600 eps=0.050 replay= 39936 loss=0.00000 ext100=0.000 total100=0.041
[train] 38:51:40<105:36:15, 0.052s/step step= 2690000 episodes= 5604 eps=0.050 replay= 39936 loss=0.00001 ext100=0.000 total100=0.041
[train] 38:53:24<105:34:32, 0.052s/step step= 2692000 episodes= 5609 eps=0.050 replay= 39936 loss=0.00001 ext100=0.000 total100=0.040
[train] 38:55:08<105:32:47, 0.052s/step step= 2694000 episodes= 5613 eps=0.050 replay= 39936 loss=0.00000 ext100=0.000 total100=0.039
[train] 38:56:52<105:31:04, 0.052s/step step= 2696000 episodes= 5617 eps=0.050 replay= 39936 loss=0.00001 ext100=0.000 total100=0.040
[train] 38:58:36<105:29:19, 0.052s/step step= 2698000 episodes= 5621 eps=0.050 replay= 39936 loss=0.00001 ext100=0.000 total100=0.040
[eval] step=2700000 episodes=5625 mean_ext_return=0.000
[train] 39:00:35<105:28:16, 0.052s/step step= 2700000 episodes= 5625 eps=0.050 replay= 39936 loss=0.00001 ext100=0.000 total100=0.040
[train] 39:02:19<105:26:30, 0.052s/step step= 2702000 episodes= 5629 eps=0.050 replay= 39936 loss=0.00000 ext100=0.000 total100=0.039
[train] 39:04:02<105:24:45, 0.052s/step step= 2704000 episodes= 5634 eps=0.050 replay= 39936 loss=0.00000 ext100=0.000 total100=0.040
[train] 39:05:46<105:23:00, 0.052s/step step= 2706000 episodes= 5638 eps=0.050 replay= 39936 loss=0.00001 ext100=0.000 total100=0.041
[train] 39:07:29<105:21:15, 0.052s/step step= 2708000 episodes= 5642 eps=0.050 replay= 39936 loss=0.00000 ext100=0.000 total100=0.041
[train] 39:09:13<105:19:30, 0.052s/step step= 2710000 episodes= 5646 eps=0.050 replay= 39936 loss=0.00000 ext100=0.000 total100=0.040
[train] 39:10:57<105:17:45, 0.052s/step step= 2712000 episodes= 5650 eps=0.050 replay= 39936 loss=0.00000 ext100=0.000 total100=0.040
[train] 39:12:41<105:16:00, 0.052s/step step= 2714000 episodes= 5654 eps=0.050 replay= 39936 loss=0.00001 ext100=0.000 total100=0.039
[train] 39:14:25<105:14:16, 0.052s/step step= 2716000 episodes= 5659 eps=0.050 replay= 39936 loss=0.00000 ext100=0.000 total100=0.042
[train] 39:16:09<105:12:32, 0.052s/step step= 2718000 episodes= 5663 eps=0.050 replay= 39936 loss=0.00001 ext100=0.000 total100=0.043
[eval] step=2720000 episodes=5667 mean_ext_return=0.000
[train] 39:18:08<105:11:29, 0.052s/step step= 2720000 episodes= 5667 eps=0.050 replay= 39936 loss=0.00000 ext100=0.000 total100=0.043
[train] 39:19:51<105:09:43, 0.052s/step step= 2722000 episodes= 5671 eps=0.050 replay= 39936 loss=0.00002 ext100=0.000 total100=0.043
[train] 39:21:35<105:07:58, 0.052s/step step= 2724000 episodes= 5675 eps=0.050 replay= 39936 loss=0.00000 ext100=0.000 total100=0.043
[train] 39:23:18<105:06:12, 0.052s/step step= 2726000 episodes= 5679 eps=0.050 replay= 39936 loss=0.00002 ext100=0.000 total100=0.042
[train] 39:25:02<105:04:27, 0.052s/step step= 2728000 episodes= 5684 eps=0.050 replay= 39936 loss=0.00001 ext100=0.000 total100=0.043
[train] 39:26:46<105:02:42, 0.052s/step step= 2730000 episodes= 5688 eps=0.050 replay= 39936 loss=0.00002 ext100=0.000 total100=0.043
[train] 39:28:30<105:00:58, 0.052s/step step= 2732000 episodes= 5692 eps=0.050 replay= 39936 loss=0.00000 ext100=0.000 total100=0.043
[train] 39:30:13<104:59:12, 0.052s/step step= 2734000 episodes= 5696 eps=0.050 replay= 39936 loss=0.00001 ext100=0.000 total100=0.043
[train] 39:31:57<104:57:29, 0.052s/step step= 2736000 episodes= 5700 eps=0.050 replay= 39936 loss=0.00000 ext100=0.000 total100=0.042
[train] 39:33:41<104:55:44, 0.052s/step step= 2738000 episodes= 5704 eps=0.050 replay= 39936 loss=0.00002 ext100=0.000 total100=0.043
[eval] step=2740000 episodes=5709 mean_ext_return=0.000
[train] 39:35:40<104:54:41, 0.052s/step step= 2740000 episodes= 5709 eps=0.050 replay= 39936 loss=0.00000 ext100=0.000 total100=0.043
[train] 39:37:24<104:52:55, 0.052s/step step= 2742000 episodes= 5713 eps=0.050 replay= 39936 loss=0.00001 ext100=0.000 total100=0.043
[train] 39:39:07<104:51:09, 0.052s/step step= 2744000 episodes= 5717 eps=0.050 replay= 39936 loss=0.00001 ext100=0.000 total100=0.042
[train] 39:40:51<104:49:24, 0.052s/step step= 2746000 episodes= 5721 eps=0.050 replay= 39936 loss=0.00001 ext100=0.000 total100=0.042
[train] 39:42:34<104:47:39, 0.052s/step step= 2748000 episodes= 5725 eps=0.050 replay= 39936 loss=0.00000 ext100=0.000 total100=0.042
[train] 39:44:18<104:45:53, 0.052s/step step= 2750000 episodes= 5729 eps=0.050 replay= 39936 loss=0.00000 ext100=0.000 total100=0.042
[train] 39:46:02<104:44:10, 0.052s/step step= 2752000 episodes= 5734 eps=0.050 replay= 39936 loss=0.00000 ext100=0.000 total100=0.042
[train] 39:47:46<104:42:24, 0.052s/step step= 2754000 episodes= 5738 eps=0.050 replay= 39936 loss=0.00001 ext100=0.000 total100=0.042
[train] 39:49:30<104:40:40, 0.052s/step step= 2756000 episodes= 5742 eps=0.050 replay= 39936 loss=0.00001 ext100=0.000 total100=0.042
[train] 39:51:14<104:38:56, 0.052s/step step= 2758000 episodes= 5746 eps=0.050 replay= 39936 loss=0.00000 ext100=0.000 total100=0.042
[eval] step=2760000 episodes=5750 mean_ext_return=0.000
[train] 39:53:13<104:37:52, 0.052s/step step= 2760000 episodes= 5750 eps=0.050 replay= 39936 loss=0.00001 ext100=0.000 total100=0.042
[train] 39:54:56<104:36:06, 0.052s/step step= 2762000 episodes= 5754 eps=0.050 replay= 39936 loss=0.00001 ext100=0.000 total100=0.043
[train] 39:56:40<104:34:20, 0.052s/step step= 2764000 episodes= 5759 eps=0.050 replay= 39936 loss=0.00000 ext100=0.000 total100=0.041
[train] 39:58:23<104:32:35, 0.052s/step step= 2766000 episodes= 5763 eps=0.050 replay= 39936 loss=0.00000 ext100=0.000 total100=0.040
[train] 40:00:07<104:30:50, 0.052s/step step= 2768000 episodes= 5767 eps=0.050 replay= 39936 loss=0.00000 ext100=0.000 total100=0.041
[train] 40:01:50<104:29:05, 0.052s/step step= 2770000 episodes= 5771 eps=0.050 replay= 39936 loss=0.00001 ext100=0.000 total100=0.040
[train] 40:03:35<104:27:21, 0.052s/step step= 2772000 episodes= 5775 eps=0.050 replay= 39936 loss=0.00000 ext100=0.000 total100=0.040
[train] 40:05:18<104:25:35, 0.052s/step step= 2774000 episodes= 5779 eps=0.050 replay= 39936 loss=0.00000 ext100=0.000 total100=0.040
[train] 40:07:02<104:23:51, 0.052s/step step= 2776000 episodes= 5784 eps=0.050 replay= 39936 loss=0.00000 ext100=0.000 total100=0.039
[train] 40:08:46<104:22:07, 0.052s/step step= 2778000 episodes= 5788 eps=0.050 replay= 39936 loss=0.00001 ext100=0.000 total100=0.040
[eval] step=2780000 episodes=5792 mean_ext_return=0.000
[train] 40:10:45<104:21:02, 0.052s/step step= 2780000 episodes= 5792 eps=0.050 replay= 39936 loss=0.00000 ext100=0.000 total100=0.039
[train] 40:12:28<104:19:16, 0.052s/step step= 2782000 episodes= 5796 eps=0.050 replay= 39936 loss=0.00000 ext100=0.000 total100=0.039
[train] 40:14:12<104:17:31, 0.052s/step step= 2784000 episodes= 5800 eps=0.050 replay= 39936 loss=0.00000 ext100=0.000 total100=0.040
[train] 40:15:56<104:15:45, 0.052s/step step= 2786000 episodes= 5804 eps=0.050 replay= 39936 loss=0.00001 ext100=0.000 total100=0.040
[train] 40:17:39<104:14:00, 0.052s/step step= 2788000 episodes= 5809 eps=0.050 replay= 39936 loss=0.00000 ext100=0.000 total100=0.039
[train] 40:19:23<104:12:15, 0.052s/step step= 2790000 episodes= 5813 eps=0.050 replay= 39936 loss=0.00000 ext100=0.000 total100=0.039
[train] 40:21:07<104:10:30, 0.052s/step step= 2792000 episodes= 5817 eps=0.050 replay= 39936 loss=0.00000 ext100=0.000 total100=0.039
[train] 40:22:50<104:08:45, 0.052s/step step= 2794000 episodes= 5821 eps=0.050 replay= 39936 loss=0.00001 ext100=0.000 total100=0.040
[train] 40:24:34<104:07:01, 0.052s/step step= 2796000 episodes= 5825 eps=0.050 replay= 39936 loss=0.00000 ext100=0.000 total100=0.040
[train] 40:26:19<104:05:18, 0.052s/step step= 2798000 episodes= 5829 eps=0.050 replay= 39936 loss=0.00000 ext100=0.000 total100=0.041
[eval] step=2800000 episodes=5834 mean_ext_return=0.000
[train] 40:28:18<104:04:13, 0.052s/step step= 2800000 episodes= 5834 eps=0.050 replay= 39936 loss=0.00000 ext100=0.000 total100=0.041
[train] 40:30:01<104:02:27, 0.052s/step step= 2802000 episodes= 5838 eps=0.050 replay= 39936 loss=0.00001 ext100=0.000 total100=0.041
[train] 40:31:45<104:00:41, 0.052s/step step= 2804000 episodes= 5842 eps=0.050 replay= 39936 loss=0.00000 ext100=0.000 total100=0.040
[train] 40:33:28<103:58:56, 0.052s/step step= 2806000 episodes= 5846 eps=0.050 replay= 39936 loss=0.00000 ext100=0.000 total100=0.042
[train] 40:35:12<103:57:11, 0.052s/step step= 2808000 episodes= 5850 eps=0.050 replay= 39936 loss=0.00001 ext100=0.000 total100=0.042
[train] 40:36:56<103:55:25, 0.052s/step step= 2810000 episodes= 5854 eps=0.050 replay= 39936 loss=0.00001 ext100=0.000 total100=0.041
[train] 40:38:40<103:53:41, 0.052s/step step= 2812000 episodes= 5859 eps=0.050 replay= 39936 loss=0.00001 ext100=0.000 total100=0.040
[train] 40:40:23<103:51:56, 0.052s/step step= 2814000 episodes= 5863 eps=0.050 replay= 39936 loss=0.00001 ext100=0.000 total100=0.040
[train] 40:42:07<103:50:12, 0.052s/step step= 2816000 episodes= 5867 eps=0.050 replay= 39936 loss=0.00001 ext100=0.000 total100=0.040
[train] 40:43:51<103:48:27, 0.052s/step step= 2818000 episodes= 5871 eps=0.050 replay= 39936 loss=0.00000 ext100=0.000 total100=0.040
[eval] step=2820000 episodes=5875 mean_ext_return=0.000
[train] 40:45:50<103:47:22, 0.052s/step step= 2820000 episodes= 5875 eps=0.050 replay= 39936 loss=0.00001 ext100=0.000 total100=0.041
[train] 40:47:33<103:45:35, 0.052s/step step= 2822000 episodes= 5879 eps=0.050 replay= 39936 loss=0.00000 ext100=0.000 total100=0.040
[train] 40:49:17<103:43:50, 0.052s/step step= 2824000 episodes= 5884 eps=0.050 replay= 39936 loss=0.00000 ext100=0.000 total100=0.040
[train] 40:51:01<103:42:04, 0.052s/step step= 2826000 episodes= 5888 eps=0.050 replay= 39936 loss=0.00001 ext100=0.000 total100=0.040
[train] 40:52:44<103:40:19, 0.052s/step step= 2828000 episodes= 5892 eps=0.050 replay= 39936 loss=0.00001 ext100=0.000 total100=0.039
[train] 40:54:28<103:38:34, 0.052s/step step= 2830000 episodes= 5896 eps=0.050 replay= 39936 loss=0.00001 ext100=0.000 total100=0.039
[train] 40:56:12<103:36:50, 0.052s/step step= 2832000 episodes= 5900 eps=0.050 replay= 39936 loss=0.00001 ext100=0.000 total100=0.038
[train] 40:57:56<103:35:05, 0.052s/step step= 2834000 episodes= 5904 eps=0.050 replay= 39936 loss=0.00001 ext100=0.000 total100=0.038
[train] 40:59:40<103:33:21, 0.052s/step step= 2836000 episodes= 5909 eps=0.050 replay= 39936 loss=0.00000 ext100=0.000 total100=0.038
[train] 41:01:24<103:31:37, 0.052s/step step= 2838000 episodes= 5913 eps=0.050 replay= 39936 loss=0.00001 ext100=0.000 total100=0.038
[eval] step=2840000 episodes=5917 mean_ext_return=0.000
[train] 41:03:23<103:30:31, 0.052s/step step= 2840000 episodes= 5917 eps=0.050 replay= 39936 loss=0.00001 ext100=0.000 total100=0.038
[train] 41:05:06<103:28:45, 0.052s/step step= 2842000 episodes= 5921 eps=0.050 replay= 39936 loss=0.00001 ext100=0.000 total100=0.037
[train] 41:06:50<103:26:59, 0.052s/step step= 2844000 episodes= 5925 eps=0.050 replay= 39936 loss=0.00001 ext100=0.000 total100=0.036
[train] 41:08:33<103:25:14, 0.052s/step step= 2846000 episodes= 5929 eps=0.050 replay= 39936 loss=0.00000 ext100=0.000 total100=0.036
[train] 41:10:17<103:23:29, 0.052s/step step= 2848000 episodes= 5934 eps=0.050 replay= 39936 loss=0.00001 ext100=0.000 total100=0.036
[train] 41:12:00<103:21:43, 0.052s/step step= 2850000 episodes= 5938 eps=0.050 replay= 39936 loss=0.00001 ext100=0.000 total100=0.036
[train] 41:13:45<103:19:59, 0.052s/step step= 2852000 episodes= 5942 eps=0.050 replay= 39936 loss=0.00000 ext100=0.000 total100=0.038
[train] 41:15:28<103:18:14, 0.052s/step step= 2854000 episodes= 5946 eps=0.050 replay= 39936 loss=0.00000 ext100=0.000 total100=0.037
[train] 41:17:12<103:16:30, 0.052s/step step= 2856000 episodes= 5950 eps=0.050 replay= 39936 loss=0.00000 ext100=0.000 total100=0.036
[train] 41:18:56<103:14:45, 0.052s/step step= 2858000 episodes= 5954 eps=0.050 replay= 39936 loss=0.00001 ext100=0.000 total100=0.037
[eval] step=2860000 episodes=5959 mean_ext_return=0.000
[train] 41:20:56<103:13:39, 0.052s/step step= 2860000 episodes= 5959 eps=0.050 replay= 39936 loss=0.00000 ext100=0.000 total100=0.037
[train] 41:22:39<103:11:53, 0.052s/step step= 2862000 episodes= 5963 eps=0.050 replay= 39936 loss=0.00000 ext100=0.000 total100=0.037
[train] 41:24:22<103:10:07, 0.052s/step step= 2864000 episodes= 5967 eps=0.050 replay= 39936 loss=0.00001 ext100=0.000 total100=0.037
[train] 41:26:06<103:08:22, 0.052s/step step= 2866000 episodes= 5971 eps=0.050 replay= 39936 loss=0.00001 ext100=0.000 total100=0.037
[train] 41:27:49<103:06:36, 0.052s/step step= 2868000 episodes= 5975 eps=0.050 replay= 39936 loss=0.00000 ext100=0.000 total100=0.036
[train] 41:29:33<103:04:51, 0.052s/step step= 2870000 episodes= 5979 eps=0.050 replay= 39936 loss=0.00001 ext100=0.000 total100=0.037
[train] 41:31:17<103:03:07, 0.052s/step step= 2872000 episodes= 5984 eps=0.050 replay= 39936 loss=0.00000 ext100=0.000 total100=0.037
[train] 41:33:01<103:01:22, 0.052s/step step= 2874000 episodes= 5988 eps=0.050 replay= 39936 loss=0.00001 ext100=0.000 total100=0.038
[train] 41:34:45<102:59:37, 0.052s/step step= 2876000 episodes= 5992 eps=0.050 replay= 39936 loss=0.00000 ext100=0.000 total100=0.039
[train] 41:36:29<102:57:53, 0.052s/step step= 2878000 episodes= 5996 eps=0.050 replay= 39936 loss=0.00001 ext100=0.000 total100=0.039
[eval] step=2880000 episodes=6000 mean_ext_return=0.000
[train] 41:38:28<102:56:46, 0.052s/step step= 2880000 episodes= 6000 eps=0.050 replay= 39936 loss=0.00000 ext100=0.000 total100=0.041
[train] 41:40:11<102:54:59, 0.052s/step step= 2882000 episodes= 6004 eps=0.050 replay= 39936 loss=0.00001 ext100=0.000 total100=0.042
[train] 41:41:54<102:53:14, 0.052s/step step= 2884000 episodes= 6009 eps=0.050 replay= 39936 loss=0.00000 ext100=0.000 total100=0.043
[train] 41:43:38<102:51:28, 0.052s/step step= 2886000 episodes= 6013 eps=0.050 replay= 39936 loss=0.00001 ext100=0.000 total100=0.042
[train] 41:45:21<102:49:42, 0.052s/step step= 2888000 episodes= 6017 eps=0.050 replay= 39936 loss=0.00000 ext100=0.000 total100=0.042
[train] 41:47:05<102:47:57, 0.052s/step step= 2890000 episodes= 6021 eps=0.050 replay= 39936 loss=0.00001 ext100=0.000 total100=0.042
[train] 41:48:49<102:46:13, 0.052s/step step= 2892000 episodes= 6025 eps=0.050 replay= 39936 loss=0.00001 ext100=0.000 total100=0.042
[train] 41:50:33<102:44:28, 0.052s/step step= 2894000 episodes= 6029 eps=0.050 replay= 39936 loss=0.00000 ext100=0.000 total100=0.043
[train] 41:52:17<102:42:44, 0.052s/step step= 2896000 episodes= 6034 eps=0.050 replay= 39936 loss=0.00001 ext100=0.000 total100=0.042
[train] 41:54:01<102:40:59, 0.052s/step step= 2898000 episodes= 6038 eps=0.050 replay= 39936 loss=0.00001 ext100=0.000 total100=0.043
[eval] step=2900000 episodes=6042 mean_ext_return=0.000
[train] 41:56:00<102:39:52, 0.052s/step step= 2900000 episodes= 6042 eps=0.050 replay= 39936 loss=0.00001 ext100=0.000 total100=0.043
[train] 41:57:43<102:38:06, 0.052s/step step= 2902000 episodes= 6046 eps=0.050 replay= 39936 loss=0.00000 ext100=0.000 total100=0.042
[train] 41:59:27<102:36:20, 0.052s/step step= 2904000 episodes= 6050 eps=0.050 replay= 39936 loss=0.00000 ext100=0.000 total100=0.042
[train] 42:01:10<102:34:35, 0.052s/step step= 2906000 episodes= 6054 eps=0.050 replay= 39936 loss=0.00001 ext100=0.000 total100=0.042
[train] 42:02:54<102:32:49, 0.052s/step step= 2908000 episodes= 6059 eps=0.050 replay= 39936 loss=0.00001 ext100=0.000 total100=0.042
[train] 42:04:37<102:31:04, 0.052s/step step= 2910000 episodes= 6063 eps=0.050 replay= 39936 loss=0.00000 ext100=0.000 total100=0.043
[train] 42:06:21<102:29:20, 0.052s/step step= 2912000 episodes= 6067 eps=0.050 replay= 39936 loss=0.00000 ext100=0.000 total100=0.042
[train] 42:08:05<102:27:34, 0.052s/step step= 2914000 episodes= 6071 eps=0.050 replay= 39936 loss=0.00001 ext100=0.000 total100=0.042
[train] 42:09:49<102:25:50, 0.052s/step step= 2916000 episodes= 6075 eps=0.050 replay= 39936 loss=0.00001 ext100=0.000 total100=0.042
[train] 42:11:33<102:24:06, 0.052s/step step= 2918000 episodes= 6079 eps=0.050 replay= 39936 loss=0.00000 ext100=0.000 total100=0.042
[eval] step=2920000 episodes=6084 mean_ext_return=0.000
[train] 42:13:32<102:22:58, 0.052s/step step= 2920000 episodes= 6084 eps=0.050 replay= 39936 loss=0.00001 ext100=0.000 total100=0.043
[train] 42:15:15<102:21:12, 0.052s/step step= 2922000 episodes= 6088 eps=0.050 replay= 39936 loss=0.00001 ext100=0.000 total100=0.042
[train] 42:16:59<102:19:26, 0.052s/step step= 2924000 episodes= 6092 eps=0.050 replay= 39936 loss=0.00001 ext100=0.000 total100=0.042
[train] 42:18:42<102:17:41, 0.052s/step step= 2926000 episodes= 6096 eps=0.050 replay= 39936 loss=0.00000 ext100=0.000 total100=0.042
[train] 42:20:26<102:15:55, 0.052s/step step= 2928000 episodes= 6100 eps=0.050 replay= 39936 loss=0.00000 ext100=0.000 total100=0.040
[train] 42:22:10<102:14:10, 0.052s/step step= 2930000 episodes= 6104 eps=0.050 replay= 39936 loss=0.00001 ext100=0.000 total100=0.039
[train] 42:23:54<102:12:26, 0.052s/step step= 2932000 episodes= 6109 eps=0.050 replay= 39936 loss=0.00001 ext100=0.000 total100=0.038
[train] 42:25:37<102:10:40, 0.052s/step step= 2934000 episodes= 6113 eps=0.050 replay= 39936 loss=0.00001 ext100=0.000 total100=0.040
[train] 42:27:21<102:08:56, 0.052s/step step= 2936000 episodes= 6117 eps=0.050 replay= 39936 loss=0.00000 ext100=0.000 total100=0.040
[train] 42:29:05<102:07:12, 0.052s/step step= 2938000 episodes= 6121 eps=0.050 replay= 39936 loss=0.00001 ext100=0.000 total100=0.040
[eval] step=2940000 episodes=6125 mean_ext_return=0.000
[train] 42:31:05<102:06:04, 0.052s/step step= 2940000 episodes= 6125 eps=0.050 replay= 39936 loss=0.00000 ext100=0.000 total100=0.040
[train] 42:32:48<102:04:18, 0.052s/step step= 2942000 episodes= 6129 eps=0.050 replay= 39936 loss=0.00001 ext100=0.000 total100=0.040
[train] 42:34:31<102:02:32, 0.052s/step step= 2944000 episodes= 6134 eps=0.050 replay= 39936 loss=0.00000 ext100=0.000 total100=0.039
[train] 42:36:15<102:00:47, 0.052s/step step= 2946000 episodes= 6138 eps=0.050 replay= 39936 loss=0.00001 ext100=0.000 total100=0.039
[train] 42:37:59<101:59:01, 0.052s/step step= 2948000 episodes= 6142 eps=0.050 replay= 39936 loss=0.00000 ext100=0.000 total100=0.038
[train] 42:39:42<101:57:16, 0.052s/step step= 2950000 episodes= 6146 eps=0.050 replay= 39936 loss=0.00000 ext100=0.000 total100=0.038
[train] 42:41:26<101:55:31, 0.052s/step step= 2952000 episodes= 6150 eps=0.050 replay= 39936 loss=0.00000 ext100=0.000 total100=0.038
[train] 42:43:10<101:53:46, 0.052s/step step= 2954000 episodes= 6154 eps=0.050 replay= 39936 loss=0.00001 ext100=0.000 total100=0.038
[train] 42:44:54<101:52:02, 0.052s/step step= 2956000 episodes= 6159 eps=0.050 replay= 39936 loss=0.00000 ext100=0.000 total100=0.038
[train] 42:46:38<101:50:18, 0.052s/step step= 2958000 episodes= 6163 eps=0.050 replay= 39936 loss=0.00001 ext100=0.000 total100=0.039
[eval] step=2960000 episodes=6167 mean_ext_return=0.000
[train] 42:48:37<101:49:10, 0.052s/step step= 2960000 episodes= 6167 eps=0.050 replay= 39936 loss=0.00001 ext100=0.000 total100=0.039
[train] 42:50:20<101:47:23, 0.052s/step step= 2962000 episodes= 6171 eps=0.050 replay= 39936 loss=0.00002 ext100=0.000 total100=0.040
[train] 42:52:04<101:45:38, 0.052s/step step= 2964000 episodes= 6175 eps=0.050 replay= 39936 loss=0.00000 ext100=0.000 total100=0.039
[train] 42:53:48<101:43:53, 0.052s/step step= 2966000 episodes= 6179 eps=0.050 replay= 39936 loss=0.00000 ext100=0.000 total100=0.038
[train] 42:55:31<101:42:07, 0.052s/step step= 2968000 episodes= 6184 eps=0.050 replay= 39936 loss=0.00000 ext100=0.000 total100=0.038
[train] 42:57:15<101:40:22, 0.052s/step step= 2970000 episodes= 6188 eps=0.050 replay= 39936 loss=0.00001 ext100=0.000 total100=0.037
[train] 42:58:59<101:38:37, 0.052s/step step= 2972000 episodes= 6192 eps=0.050 replay= 39936 loss=0.00000 ext100=0.000 total100=0.037
[train] 43:00:42<101:36:52, 0.052s/step step= 2974000 episodes= 6196 eps=0.050 replay= 39936 loss=0.00001 ext100=0.000 total100=0.038
[train] 43:02:26<101:35:07, 0.052s/step step= 2976000 episodes= 6200 eps=0.050 replay= 39936 loss=0.00000 ext100=0.000 total100=0.039
[train] 43:04:11<101:33:23, 0.052s/step step= 2978000 episodes= 6204 eps=0.050 replay= 39936 loss=0.00001 ext100=0.000 total100=0.040
[eval] step=2980000 episodes=6209 mean_ext_return=0.000
[train] 43:06:10<101:32:15, 0.052s/step step= 2980000 episodes= 6209 eps=0.050 replay= 39936 loss=0.00000 ext100=0.000 total100=0.040
[train] 43:07:53<101:30:28, 0.052s/step step= 2982000 episodes= 6213 eps=0.050 replay= 39936 loss=0.00001 ext100=0.000 total100=0.039
[train] 43:09:36<101:28:43, 0.052s/step step= 2984000 episodes= 6217 eps=0.050 replay= 39936 loss=0.00000 ext100=0.000 total100=0.038
[train] 43:11:20<101:26:58, 0.052s/step step= 2986000 episodes= 6221 eps=0.050 replay= 39936 loss=0.00002 ext100=0.000 total100=0.039
[train] 43:13:04<101:25:12, 0.052s/step step= 2988000 episodes= 6225 eps=0.050 replay= 39936 loss=0.00000 ext100=0.000 total100=0.039
[train] 43:14:47<101:23:26, 0.052s/step step= 2990000 episodes= 6229 eps=0.050 replay= 39936 loss=0.00000 ext100=0.000 total100=0.039
[train] 43:16:31<101:21:42, 0.052s/step step= 2992000 episodes= 6234 eps=0.050 replay= 39936 loss=0.00000 ext100=0.000 total100=0.040
[train] 43:18:15<101:19:56, 0.052s/step step= 2994000 episodes= 6238 eps=0.050 replay= 39936 loss=0.00001 ext100=0.000 total100=0.040
[train] 43:19:59<101:18:12, 0.052s/step step= 2996000 episodes= 6242 eps=0.050 replay= 39936 loss=0.00000 ext100=0.000 total100=0.040
[train] 43:21:43<101:16:28, 0.052s/step step= 2998000 episodes= 6246 eps=0.050 replay= 39936 loss=0.00000 ext100=0.000 total100=0.040
[eval] step=3000000 episodes=6250 mean_ext_return=0.000
[train] 43:23:42<101:15:19, 0.052s/step step= 3000000 episodes= 6250 eps=0.050 replay= 39936 loss=0.00000 ext100=0.000 total100=0.039
[train] 43:25:25<101:13:32, 0.052s/step step= 3002000 episodes= 6254 eps=0.050 replay= 39936 loss=0.00001 ext100=0.000 total100=0.039
[train] 43:27:09<101:11:47, 0.052s/step step= 3004000 episodes= 6259 eps=0.050 replay= 39936 loss=0.00000 ext100=0.000 total100=0.039
[train] 43:28:52<101:10:02, 0.052s/step step= 3006000 episodes= 6263 eps=0.050 replay= 39936 loss=0.00000 ext100=0.000 total100=0.038
[train] 43:30:36<101:08:16, 0.052s/step step= 3008000 episodes= 6267 eps=0.050 replay= 39936 loss=0.00000 ext100=0.000 total100=0.038
[train] 43:32:20<101:06:31, 0.052s/step step= 3010000 episodes= 6271 eps=0.050 replay= 39936 loss=0.00001 ext100=0.000 total100=0.038
[train] 43:34:04<101:04:46, 0.052s/step step= 3012000 episodes= 6275 eps=0.050 replay= 39936 loss=0.00000 ext100=0.000 total100=0.038
[train] 43:35:47<101:03:00, 0.052s/step step= 3014000 episodes= 6279 eps=0.050 replay= 39936 loss=0.00001 ext100=0.000 total100=0.040
[train] 43:37:31<101:01:16, 0.052s/step step= 3016000 episodes= 6284 eps=0.050 replay= 39936 loss=0.00000 ext100=0.000 total100=0.039
[train] 43:39:15<100:59:32, 0.052s/step step= 3018000 episodes= 6288 eps=0.050 replay= 39936 loss=0.00001 ext100=0.000 total100=0.040
[eval] step=3020000 episodes=6292 mean_ext_return=0.000
[train] 43:41:14<100:58:22, 0.052s/step step= 3020000 episodes= 6292 eps=0.050 replay= 39936 loss=0.00000 ext100=0.000 total100=0.040
[train] 43:42:58<100:56:36, 0.052s/step step= 3022000 episodes= 6296 eps=0.050 replay= 39936 loss=0.00000 ext100=0.000 total100=0.039
[train] 43:44:41<100:54:51, 0.052s/step step= 3024000 episodes= 6300 eps=0.050 replay= 39936 loss=0.00000 ext100=0.000 total100=0.039
[train] 43:46:25<100:53:05, 0.052s/step step= 3026000 episodes= 6304 eps=0.050 replay= 39936 loss=0.00001 ext100=0.000 total100=0.038
[train] 43:48:08<100:51:20, 0.052s/step step= 3028000 episodes= 6309 eps=0.050 replay= 39936 loss=0.00000 ext100=0.000 total100=0.038
[train] 43:49:52<100:49:34, 0.052s/step step= 3030000 episodes= 6313 eps=0.050 replay= 39936 loss=0.00000 ext100=0.000 total100=0.038
[train] 43:51:36<100:47:50, 0.052s/step step= 3032000 episodes= 6317 eps=0.050 replay= 39936 loss=0.00000 ext100=0.000 total100=0.038
[train] 43:53:20<100:46:04, 0.052s/step step= 3034000 episodes= 6321 eps=0.050 replay= 39936 loss=0.00000 ext100=0.000 total100=0.039
[train] 43:55:04<100:44:20, 0.052s/step step= 3036000 episodes= 6325 eps=0.050 replay= 39936 loss=0.00000 ext100=0.000 total100=0.038
[train] 43:56:48<100:42:35, 0.052s/step step= 3038000 episodes= 6329 eps=0.050 replay= 39936 loss=0.00000 ext100=0.000 total100=0.038
[eval] step=3040000 episodes=6334 mean_ext_return=0.000
[train] 43:58:47<100:41:26, 0.052s/step step= 3040000 episodes= 6334 eps=0.050 replay= 39936 loss=0.00000 ext100=0.000 total100=0.038
[train] 44:00:30<100:39:39, 0.052s/step step= 3042000 episodes= 6338 eps=0.050 replay= 39936 loss=0.00001 ext100=0.000 total100=0.038
[train] 44:02:14<100:37:54, 0.052s/step step= 3044000 episodes= 6342 eps=0.050 replay= 39936 loss=0.00000 ext100=0.000 total100=0.038
[train] 44:03:57<100:36:08, 0.052s/step step= 3046000 episodes= 6346 eps=0.050 replay= 39936 loss=0.00001 ext100=0.000 total100=0.038
[train] 44:05:41<100:34:23, 0.052s/step step= 3048000 episodes= 6350 eps=0.050 replay= 39936 loss=0.00001 ext100=0.000 total100=0.038
[train] 44:07:24<100:32:37, 0.052s/step step= 3050000 episodes= 6354 eps=0.050 replay= 39936 loss=0.00001 ext100=0.000 total100=0.038
[train] 44:09:08<100:30:53, 0.052s/step step= 3052000 episodes= 6359 eps=0.050 replay= 39936 loss=0.00000 ext100=0.000 total100=0.038
[train] 44:10:52<100:29:08, 0.052s/step step= 3054000 episodes= 6363 eps=0.050 replay= 39936 loss=0.00000 ext100=0.000 total100=0.037
[train] 44:12:36<100:27:23, 0.052s/step step= 3056000 episodes= 6367 eps=0.050 replay= 39936 loss=0.00001 ext100=0.000 total100=0.037
[train] 44:14:20<100:25:39, 0.052s/step step= 3058000 episodes= 6371 eps=0.050 replay= 39936 loss=0.00002 ext100=0.000 total100=0.038
[eval] step=3060000 episodes=6375 mean_ext_return=0.000
[train] 44:16:19<100:24:29, 0.052s/step step= 3060000 episodes= 6375 eps=0.050 replay= 39936 loss=0.00000 ext100=0.000 total100=0.039
[train] 44:18:03<100:22:42, 0.052s/step step= 3062000 episodes= 6379 eps=0.050 replay= 39936 loss=0.00000 ext100=0.000 total100=0.038
[train] 44:19:46<100:20:57, 0.052s/step step= 3064000 episodes= 6384 eps=0.050 replay= 39936 loss=0.00000 ext100=0.000 total100=0.038
[train] 44:21:30<100:19:12, 0.052s/step step= 3066000 episodes= 6388 eps=0.050 replay= 39936 loss=0.00001 ext100=0.000 total100=0.038
[train] 44:23:13<100:17:26, 0.052s/step step= 3068000 episodes= 6392 eps=0.050 replay= 39936 loss=0.00000 ext100=0.000 total100=0.038
[train] 44:24:57<100:15:40, 0.052s/step step= 3070000 episodes= 6396 eps=0.050 replay= 39936 loss=0.00000 ext100=0.000 total100=0.038
[train] 44:26:41<100:13:56, 0.052s/step step= 3072000 episodes= 6400 eps=0.050 replay= 39936 loss=0.00000 ext100=0.000 total100=0.038
[train] 44:28:24<100:12:10, 0.052s/step step= 3074000 episodes= 6404 eps=0.050 replay= 39936 loss=0.00001 ext100=0.000 total100=0.039
[train] 44:30:08<100:10:26, 0.052s/step step= 3076000 episodes= 6409 eps=0.050 replay= 39936 loss=0.00000 ext100=0.000 total100=0.038
[train] 44:31:52<100:08:41, 0.052s/step step= 3078000 episodes= 6413 eps=0.050 replay= 39936 loss=0.00000 ext100=0.000 total100=0.039
[eval] step=3080000 episodes=6417 mean_ext_return=0.000
[train] 44:33:52<100:07:31, 0.052s/step step= 3080000 episodes= 6417 eps=0.050 replay= 39936 loss=0.00000 ext100=0.000 total100=0.040
[train] 44:35:35<100:05:44, 0.052s/step step= 3082000 episodes= 6421 eps=0.050 replay= 39936 loss=0.00001 ext100=0.000 total100=0.040
[train] 44:37:18<100:03:59, 0.052s/step step= 3084000 episodes= 6425 eps=0.050 replay= 39936 loss=0.00000 ext100=0.000 total100=0.040
[train] 44:39:02<100:02:14, 0.052s/step step= 3086000 episodes= 6429 eps=0.050 replay= 39936 loss=0.00001 ext100=0.000 total100=0.041
[train] 44:40:46<100:00:28, 0.052s/step step= 3088000 episodes= 6434 eps=0.050 replay= 39936 loss=0.00001 ext100=0.000 total100=0.041
[train] 44:42:29<99:58:43, 0.052s/step step= 3090000 episodes= 6438 eps=0.050 replay= 39936 loss=0.00001 ext100=0.000 total100=0.042
[train] 44:44:13<99:56:58, 0.052s/step step= 3092000 episodes= 6442 eps=0.050 replay= 39936 loss=0.00001 ext100=0.000 total100=0.043
[train] 44:45:57<99:55:12, 0.052s/step step= 3094000 episodes= 6446 eps=0.050 replay= 39936 loss=0.00000 ext100=0.000 total100=0.042
[train] 44:47:41<99:53:28, 0.052s/step step= 3096000 episodes= 6450 eps=0.050 replay= 39936 loss=0.00000 ext100=0.000 total100=0.044
[train] 44:49:25<99:51:43, 0.052s/step step= 3098000 episodes= 6454 eps=0.050 replay= 39936 loss=0.00001 ext100=0.000 total100=0.045
[eval] step=3100000 episodes=6459 mean_ext_return=0.000
[train] 44:51:24<99:50:33, 0.052s/step step= 3100000 episodes= 6459 eps=0.050 replay= 39936 loss=0.00001 ext100=0.000 total100=0.045
[train] 44:53:07<99:48:46, 0.052s/step step= 3102000 episodes= 6463 eps=0.050 replay= 39936 loss=0.00001 ext100=0.000 total100=0.046
[train] 44:54:50<99:47:00, 0.052s/step step= 3104000 episodes= 6467 eps=0.050 replay= 39936 loss=0.00001 ext100=0.000 total100=0.046
[train] 44:56:34<99:45:15, 0.052s/step step= 3106000 episodes= 6471 eps=0.050 replay= 39936 loss=0.00003 ext100=0.000 total100=0.045
[train] 44:58:18<99:43:29, 0.052s/step step= 3108000 episodes= 6475 eps=0.050 replay= 39936 loss=0.00001 ext100=0.000 total100=0.046
[train] 45:00:01<99:41:44, 0.052s/step step= 3110000 episodes= 6479 eps=0.050 replay= 39936 loss=0.00001 ext100=0.000 total100=0.047
[train] 45:01:45<99:39:59, 0.052s/step step= 3112000 episodes= 6484 eps=0.050 replay= 39936 loss=0.00001 ext100=0.000 total100=0.047
[train] 45:03:29<99:38:14, 0.052s/step step= 3114000 episodes= 6488 eps=0.050 replay= 39936 loss=0.00002 ext100=0.000 total100=0.047
[train] 45:05:13<99:36:29, 0.052s/step step= 3116000 episodes= 6492 eps=0.050 replay= 39936 loss=0.00000 ext100=0.000 total100=0.047
[train] 45:06:57<99:34:44, 0.052s/step step= 3118000 episodes= 6496 eps=0.050 replay= 39936 loss=0.00001 ext100=0.000 total100=0.047
[eval] step=3120000 episodes=6500 mean_ext_return=0.000
[train] 45:08:56<99:33:33, 0.052s/step step= 3120000 episodes= 6500 eps=0.050 replay= 39936 loss=0.00001 ext100=0.000 total100=0.047
[train] 45:10:39<99:31:47, 0.052s/step step= 3122000 episodes= 6504 eps=0.050 replay= 39936 loss=0.00001 ext100=0.000 total100=0.047
[train] 45:12:23<99:30:01, 0.052s/step step= 3124000 episodes= 6509 eps=0.050 replay= 39936 loss=0.00000 ext100=0.000 total100=0.047
[train] 45:14:06<99:28:16, 0.052s/step step= 3126000 episodes= 6513 eps=0.050 replay= 39936 loss=0.00001 ext100=0.000 total100=0.047
[train] 45:15:50<99:26:30, 0.052s/step step= 3128000 episodes= 6517 eps=0.050 replay= 39936 loss=0.00000 ext100=0.000 total100=0.045
[train] 45:17:33<99:24:45, 0.052s/step step= 3130000 episodes= 6521 eps=0.050 replay= 39936 loss=0.00002 ext100=0.000 total100=0.045
[train] 45:19:17<99:23:00, 0.052s/step step= 3132000 episodes= 6525 eps=0.050 replay= 39936 loss=0.00000 ext100=0.000 total100=0.045
[train] 45:21:01<99:21:15, 0.052s/step step= 3134000 episodes= 6529 eps=0.050 replay= 39936 loss=0.00001 ext100=0.000 total100=0.044
[train] 45:22:45<99:19:30, 0.052s/step step= 3136000 episodes= 6534 eps=0.050 replay= 39936 loss=0.00000 ext100=0.000 total100=0.045
[train] 45:24:29<99:17:46, 0.052s/step step= 3138000 episodes= 6538 eps=0.050 replay= 39936 loss=0.00001 ext100=0.000 total100=0.046
[eval] step=3140000 episodes=6542 mean_ext_return=0.000
[train] 45:26:28<99:16:34, 0.052s/step step= 3140000 episodes= 6542 eps=0.050 replay= 39936 loss=0.00001 ext100=0.000 total100=0.045
[train] 45:28:11<99:14:47, 0.052s/step step= 3142000 episodes= 6546 eps=0.050 replay= 39936 loss=0.00001 ext100=0.000 total100=0.046
[train] 45:29:55<99:13:01, 0.052s/step step= 3144000 episodes= 6550 eps=0.050 replay= 39936 loss=0.00001 ext100=0.000 total100=0.045
[train] 45:31:38<99:11:16, 0.052s/step step= 3146000 episodes= 6554 eps=0.050 replay= 39936 loss=0.00002 ext100=0.000 total100=0.045
[train] 45:33:22<99:09:31, 0.052s/step step= 3148000 episodes= 6559 eps=0.050 replay= 39936 loss=0.00000 ext100=0.000 total100=0.045
[train] 45:35:06<99:07:46, 0.052s/step step= 3150000 episodes= 6563 eps=0.050 replay= 39936 loss=0.00001 ext100=0.000 total100=0.043
[train] 45:36:50<99:06:01, 0.052s/step step= 3152000 episodes= 6567 eps=0.050 replay= 39936 loss=0.00000 ext100=0.000 total100=0.043
[train] 45:38:33<99:04:16, 0.052s/step step= 3154000 episodes= 6571 eps=0.050 replay= 39936 loss=0.00002 ext100=0.000 total100=0.044
[train] 45:40:18<99:02:31, 0.052s/step step= 3156000 episodes= 6575 eps=0.050 replay= 39936 loss=0.00001 ext100=0.000 total100=0.043
[train] 45:42:02<99:00:47, 0.052s/step step= 3158000 episodes= 6579 eps=0.050 replay= 39936 loss=0.00001 ext100=0.000 total100=0.043
[eval] step=3160000 episodes=6584 mean_ext_return=0.000
[train] 45:44:01<98:59:35, 0.052s/step step= 3160000 episodes= 6584 eps=0.050 replay= 39936 loss=0.00001 ext100=0.000 total100=0.045
[train] 45:45:44<98:57:49, 0.052s/step step= 3162000 episodes= 6588 eps=0.050 replay= 39936 loss=0.00002 ext100=0.000 total100=0.045
[train] 45:47:27<98:56:03, 0.052s/step step= 3164000 episodes= 6592 eps=0.050 replay= 39936 loss=0.00001 ext100=0.000 total100=0.045
[train] 45:49:11<98:54:18, 0.052s/step step= 3166000 episodes= 6596 eps=0.050 replay= 39936 loss=0.00001 ext100=0.000 total100=0.043
[train] 45:50:55<98:52:32, 0.052s/step step= 3168000 episodes= 6600 eps=0.050 replay= 39936 loss=0.00001 ext100=0.000 total100=0.043
[train] 45:52:39<98:50:47, 0.052s/step step= 3170000 episodes= 6604 eps=0.050 replay= 39936 loss=0.00002 ext100=0.000 total100=0.043
[train] 45:54:23<98:49:02, 0.052s/step step= 3172000 episodes= 6609 eps=0.050 replay= 39936 loss=0.00000 ext100=0.000 total100=0.042
[train] 45:56:06<98:47:17, 0.052s/step step= 3174000 episodes= 6613 eps=0.050 replay= 39936 loss=0.00001 ext100=0.000 total100=0.042
[train] 45:57:50<98:45:32, 0.052s/step step= 3176000 episodes= 6617 eps=0.050 replay= 39936 loss=0.00001 ext100=0.000 total100=0.042
[train] 45:59:34<98:43:48, 0.052s/step step= 3178000 episodes= 6621 eps=0.050 replay= 39936 loss=0.00001 ext100=0.000 total100=0.042
[eval] step=3180000 episodes=6625 mean_ext_return=0.000
[train] 46:01:33<98:42:36, 0.052s/step step= 3180000 episodes= 6625 eps=0.050 replay= 39936 loss=0.00000 ext100=0.000 total100=0.042
[train] 46:03:16<98:40:49, 0.052s/step step= 3182000 episodes= 6629 eps=0.050 replay= 39936 loss=0.00001 ext100=0.000 total100=0.041
[train] 46:05:00<98:39:03, 0.052s/step step= 3184000 episodes= 6634 eps=0.050 replay= 39936 loss=0.00001 ext100=0.000 total100=0.039
[train] 46:06:44<98:37:18, 0.052s/step step= 3186000 episodes= 6638 eps=0.050 replay= 39936 loss=0.00001 ext100=0.000 total100=0.037
[train] 46:08:27<98:35:32, 0.052s/step step= 3188000 episodes= 6642 eps=0.050 replay= 39936 loss=0.00001 ext100=0.000 total100=0.036
[train] 46:10:11<98:33:46, 0.052s/step step= 3190000 episodes= 6646 eps=0.050 replay= 39936 loss=0.00001 ext100=0.000 total100=0.036
[train] 46:11:55<98:32:02, 0.052s/step step= 3192000 episodes= 6650 eps=0.050 replay= 39936 loss=0.00001 ext100=0.000 total100=0.035
[train] 46:13:38<98:30:16, 0.052s/step step= 3194000 episodes= 6654 eps=0.050 replay= 39936 loss=0.00001 ext100=0.000 total100=0.034
[train] 46:15:22<98:28:32, 0.052s/step step= 3196000 episodes= 6659 eps=0.050 replay= 39936 loss=0.00001 ext100=0.000 total100=0.035
[train] 46:17:06<98:26:47, 0.052s/step step= 3198000 episodes= 6663 eps=0.050 replay= 39936 loss=0.00001 ext100=0.000 total100=0.036
[eval] step=3200000 episodes=6667 mean_ext_return=0.000
[train] 46:19:05<98:25:34, 0.052s/step step= 3200000 episodes= 6667 eps=0.050 replay= 39936 loss=0.00001 ext100=0.000 total100=0.035
[train] 46:20:48<98:23:48, 0.052s/step step= 3202000 episodes= 6671 eps=0.050 replay= 39936 loss=0.00001 ext100=0.000 total100=0.033
[train] 46:22:32<98:22:01, 0.052s/step step= 3204000 episodes= 6675 eps=0.050 replay= 39936 loss=0.00001 ext100=0.000 total100=0.033
[train] 46:24:15<98:20:16, 0.052s/step step= 3206000 episodes= 6679 eps=0.050 replay= 39936 loss=0.00001 ext100=0.000 total100=0.032
[train] 46:25:59<98:18:31, 0.052s/step step= 3208000 episodes= 6684 eps=0.050 replay= 39936 loss=0.00001 ext100=0.000 total100=0.030
[train] 46:27:43<98:16:45, 0.052s/step step= 3210000 episodes= 6688 eps=0.050 replay= 39936 loss=0.00002 ext100=0.000 total100=0.029
[train] 46:29:26<98:15:00, 0.052s/step step= 3212000 episodes= 6692 eps=0.050 replay= 39936 loss=0.00001 ext100=0.000 total100=0.029
[train] 46:31:10<98:13:15, 0.052s/step step= 3214000 episodes= 6696 eps=0.050 replay= 39936 loss=0.00001 ext100=0.000 total100=0.029
[train] 46:32:54<98:11:30, 0.052s/step step= 3216000 episodes= 6700 eps=0.050 replay= 39936 loss=0.00001 ext100=0.000 total100=0.029
[train] 46:34:38<98:09:45, 0.052s/step step= 3218000 episodes= 6704 eps=0.050 replay= 39936 loss=0.00000 ext100=0.000 total100=0.028
[eval] step=3220000 episodes=6709 mean_ext_return=0.000
[train] 46:36:37<98:08:33, 0.052s/step step= 3220000 episodes= 6709 eps=0.050 replay= 39936 loss=0.00001 ext100=0.000 total100=0.029
[train] 46:38:20<98:06:46, 0.052s/step step= 3222000 episodes= 6713 eps=0.050 replay= 39936 loss=0.00001 ext100=0.000 total100=0.030
[train] 46:40:04<98:05:00, 0.052s/step step= 3224000 episodes= 6717 eps=0.050 replay= 39936 loss=0.00000 ext100=0.000 total100=0.031
[train] 46:41:48<98:03:15, 0.052s/step step= 3226000 episodes= 6721 eps=0.050 replay= 39936 loss=0.00002 ext100=0.000 total100=0.030
[train] 46:43:31<98:01:29, 0.052s/step step= 3228000 episodes= 6725 eps=0.050 replay= 39936 loss=0.00001 ext100=0.000 total100=0.031
[train] 46:45:15<97:59:44, 0.052s/step step= 3230000 episodes= 6729 eps=0.050 replay= 39936 loss=0.00000 ext100=0.000 total100=0.031
[train] 46:46:59<97:57:59, 0.052s/step step= 3232000 episodes= 6734 eps=0.050 replay= 39936 loss=0.00001 ext100=0.000 total100=0.030
[train] 46:48:42<97:56:14, 0.052s/step step= 3234000 episodes= 6738 eps=0.050 replay= 39936 loss=0.00001 ext100=0.000 total100=0.031
[train] 46:50:26<97:54:29, 0.052s/step step= 3236000 episodes= 6742 eps=0.050 replay= 39936 loss=0.00001 ext100=0.000 total100=0.031
[train] 46:52:10<97:52:44, 0.052s/step step= 3238000 episodes= 6746 eps=0.050 replay= 39936 loss=0.00001 ext100=0.000 total100=0.031
[eval] step=3240000 episodes=6750 mean_ext_return=0.000
[train] 46:54:09<97:51:31, 0.052s/step step= 3240000 episodes= 6750 eps=0.050 replay= 39936 loss=0.00001 ext100=0.000 total100=0.032
[train] 46:55:52<97:49:44, 0.052s/step step= 3242000 episodes= 6754 eps=0.050 replay= 39936 loss=0.00002 ext100=0.000 total100=0.032
[train] 46:57:36<97:47:58, 0.052s/step step= 3244000 episodes= 6759 eps=0.050 replay= 39936 loss=0.00000 ext100=0.000 total100=0.031
[train] 46:59:20<97:46:13, 0.052s/step step= 3246000 episodes= 6763 eps=0.050 replay= 39936 loss=0.00001 ext100=0.000 total100=0.032
[train] 47:01:03<97:44:28, 0.052s/step step= 3248000 episodes= 6767 eps=0.050 replay= 39936 loss=0.00001 ext100=0.000 total100=0.031
[train] 47:02:47<97:42:43, 0.052s/step step= 3250000 episodes= 6771 eps=0.050 replay= 39936 loss=0.00001 ext100=0.000 total100=0.033
[train] 47:04:31<97:40:58, 0.052s/step step= 3252000 episodes= 6775 eps=0.050 replay= 39936 loss=0.00001 ext100=0.000 total100=0.033
[train] 47:06:15<97:39:13, 0.052s/step step= 3254000 episodes= 6779 eps=0.050 replay= 39936 loss=0.00001 ext100=0.000 total100=0.033
[train] 47:07:59<97:37:28, 0.052s/step step= 3256000 episodes= 6784 eps=0.050 replay= 39936 loss=0.00001 ext100=0.000 total100=0.034
[train] 47:09:43<97:35:43, 0.052s/step step= 3258000 episodes= 6788 eps=0.050 replay= 39936 loss=0.00002 ext100=0.000 total100=0.034
[eval] step=3260000 episodes=6792 mean_ext_return=0.000
[train] 47:11:42<97:34:30, 0.052s/step step= 3260000 episodes= 6792 eps=0.050 replay= 39936 loss=0.00001 ext100=0.000 total100=0.036
[train] 47:13:25<97:32:44, 0.052s/step step= 3262000 episodes= 6796 eps=0.050 replay= 39936 loss=0.00001 ext100=0.000 total100=0.037
[train] 47:15:08<97:30:58, 0.052s/step step= 3264000 episodes= 6800 eps=0.050 replay= 39936 loss=0.00001 ext100=0.000 total100=0.036
[train] 47:16:52<97:29:13, 0.052s/step step= 3266000 episodes= 6804 eps=0.050 replay= 39936 loss=0.00002 ext100=0.000 total100=0.037
[train] 47:18:36<97:27:27, 0.052s/step step= 3268000 episodes= 6809 eps=0.050 replay= 39936 loss=0.00000 ext100=0.000 total100=0.037
[train] 47:20:20<97:25:42, 0.052s/step step= 3270000 episodes= 6813 eps=0.050 replay= 39936 loss=0.00001 ext100=0.000 total100=0.039
[train] 47:22:04<97:23:57, 0.052s/step step= 3272000 episodes= 6817 eps=0.050 replay= 39936 loss=0.00002 ext100=0.000 total100=0.037
[train] 47:23:47<97:22:12, 0.052s/step step= 3274000 episodes= 6821 eps=0.050 replay= 39936 loss=0.00001 ext100=0.000 total100=0.038
[train] 47:25:31<97:20:27, 0.052s/step step= 3276000 episodes= 6825 eps=0.050 replay= 39936 loss=0.00001 ext100=0.000 total100=0.038
[train] 47:27:15<97:18:43, 0.052s/step step= 3278000 episodes= 6829 eps=0.050 replay= 39936 loss=0.00000 ext100=0.000 total100=0.038
[eval] step=3280000 episodes=6834 mean_ext_return=0.000
[train] 47:29:15<97:17:29, 0.052s/step step= 3280000 episodes= 6834 eps=0.050 replay= 39936 loss=0.00001 ext100=0.000 total100=0.040
[train] 47:30:58<97:15:43, 0.052s/step step= 3282000 episodes= 6838 eps=0.050 replay= 39936 loss=0.00001 ext100=0.000 total100=0.040
[train] 47:32:41<97:13:56, 0.052s/step step= 3284000 episodes= 6842 eps=0.050 replay= 39936 loss=0.00000 ext100=0.000 total100=0.041
[train] 47:34:25<97:12:12, 0.052s/step step= 3286000 episodes= 6846 eps=0.050 replay= 39936 loss=0.00000 ext100=0.000 total100=0.041
[train] 47:36:09<97:10:26, 0.052s/step step= 3288000 episodes= 6850 eps=0.050 replay= 39936 loss=0.00000 ext100=0.000 total100=0.040
[train] 47:37:52<97:08:40, 0.052s/step step= 3290000 episodes= 6854 eps=0.050 replay= 39936 loss=0.00003 ext100=0.000 total100=0.041
[train] 47:39:36<97:06:56, 0.052s/step step= 3292000 episodes= 6859 eps=0.050 replay= 39936 loss=0.00000 ext100=0.000 total100=0.041
[train] 47:41:20<97:05:10, 0.052s/step step= 3294000 episodes= 6863 eps=0.050 replay= 39936 loss=0.00001 ext100=0.000 total100=0.040
[train] 47:43:04<97:03:25, 0.052s/step step= 3296000 episodes= 6867 eps=0.050 replay= 39936 loss=0.00000 ext100=0.000 total100=0.041
[train] 47:44:48<97:01:41, 0.052s/step step= 3298000 episodes= 6871 eps=0.050 replay= 39936 loss=0.00002 ext100=0.000 total100=0.041
[eval] step=3300000 episodes=6875 mean_ext_return=0.000
[train] 47:46:47<97:00:27, 0.052s/step step= 3300000 episodes= 6875 eps=0.050 replay= 39936 loss=0.00001 ext100=0.000 total100=0.041
[train] 47:48:30<96:58:40, 0.052s/step step= 3302000 episodes= 6879 eps=0.050 replay= 39936 loss=0.00001 ext100=0.000 total100=0.041
[train] 47:50:13<96:56:54, 0.052s/step step= 3304000 episodes= 6884 eps=0.050 replay= 39936 loss=0.00000 ext100=0.000 total100=0.039
[train] 47:51:57<96:55:09, 0.052s/step step= 3306000 episodes= 6888 eps=0.050 replay= 39936 loss=0.00001 ext100=0.000 total100=0.040
[train] 47:53:41<96:53:23, 0.052s/step step= 3308000 episodes= 6892 eps=0.050 replay= 39936 loss=0.00000 ext100=0.000 total100=0.039
[train] 47:55:24<96:51:38, 0.052s/step step= 3310000 episodes= 6896 eps=0.050 replay= 39936 loss=0.00001 ext100=0.000 total100=0.039
[train] 47:57:08<96:49:53, 0.052s/step step= 3312000 episodes= 6900 eps=0.050 replay= 39936 loss=0.00000 ext100=0.000 total100=0.039
[train] 47:58:52<96:48:07, 0.052s/step step= 3314000 episodes= 6904 eps=0.050 replay= 39936 loss=0.00001 ext100=0.000 total100=0.038
[train] 48:00:36<96:46:23, 0.052s/step step= 3316000 episodes= 6909 eps=0.050 replay= 39936 loss=0.00001 ext100=0.000 total100=0.040
[train] 48:02:20<96:44:38, 0.052s/step step= 3318000 episodes= 6913 eps=0.050 replay= 39936 loss=0.00000 ext100=0.000 total100=0.038
[eval] step=3320000 episodes=6917 mean_ext_return=0.000
[train] 48:04:19<96:43:24, 0.052s/step step= 3320000 episodes= 6917 eps=0.050 replay= 39936 loss=0.00000 ext100=0.000 total100=0.038
[train] 48:06:02<96:41:38, 0.052s/step step= 3322000 episodes= 6921 eps=0.050 replay= 39936 loss=0.00001 ext100=0.000 total100=0.037
[train] 48:07:46<96:39:52, 0.052s/step step= 3324000 episodes= 6925 eps=0.050 replay= 39936 loss=0.00000 ext100=0.000 total100=0.037
[train] 48:09:30<96:38:07, 0.052s/step step= 3326000 episodes= 6929 eps=0.050 replay= 39936 loss=0.00000 ext100=0.000 total100=0.038
[train] 48:11:13<96:36:21, 0.052s/step step= 3328000 episodes= 6934 eps=0.050 replay= 39936 loss=0.00000 ext100=0.000 total100=0.038
[train] 48:12:57<96:34:36, 0.052s/step step= 3330000 episodes= 6938 eps=0.050 replay= 39936 loss=0.00001 ext100=0.000 total100=0.039
[train] 48:14:41<96:32:51, 0.052s/step step= 3332000 episodes= 6942 eps=0.050 replay= 39936 loss=0.00000 ext100=0.000 total100=0.038
[train] 48:16:25<96:31:06, 0.052s/step step= 3334000 episodes= 6946 eps=0.050 replay= 39936 loss=0.00001 ext100=0.000 total100=0.038
[train] 48:18:09<96:29:21, 0.052s/step step= 3336000 episodes= 6950 eps=0.050 replay= 39936 loss=0.00000 ext100=0.000 total100=0.038
[train] 48:19:53<96:27:36, 0.052s/step step= 3338000 episodes= 6954 eps=0.050 replay= 39936 loss=0.00001 ext100=0.000 total100=0.038
[eval] step=3340000 episodes=6959 mean_ext_return=0.000
[train] 48:21:52<96:26:22, 0.052s/step step= 3340000 episodes= 6959 eps=0.050 replay= 39936 loss=0.00000 ext100=0.000 total100=0.038
[train] 48:23:35<96:24:35, 0.052s/step step= 3342000 episodes= 6963 eps=0.050 replay= 39936 loss=0.00001 ext100=0.000 total100=0.038
[train] 48:25:18<96:22:49, 0.052s/step step= 3344000 episodes= 6967 eps=0.050 replay= 39936 loss=0.00000 ext100=0.000 total100=0.037
[train] 48:27:02<96:21:04, 0.052s/step step= 3346000 episodes= 6971 eps=0.050 replay= 39936 loss=0.00002 ext100=0.000 total100=0.036
[train] 48:28:46<96:19:18, 0.052s/step step= 3348000 episodes= 6975 eps=0.050 replay= 39936 loss=0.00001 ext100=0.000 total100=0.036
[train] 48:30:29<96:17:32, 0.052s/step step= 3350000 episodes= 6979 eps=0.050 replay= 39936 loss=0.00000 ext100=0.000 total100=0.037
[train] 48:32:13<96:15:48, 0.052s/step step= 3352000 episodes= 6984 eps=0.050 replay= 39936 loss=0.00001 ext100=0.000 total100=0.038
[train] 48:33:57<96:14:02, 0.052s/step step= 3354000 episodes= 6988 eps=0.050 replay= 39936 loss=0.00001 ext100=0.000 total100=0.037
[train] 48:35:41<96:12:18, 0.052s/step step= 3356000 episodes= 6992 eps=0.050 replay= 39936 loss=0.00000 ext100=0.000 total100=0.037
[train] 48:37:25<96:10:33, 0.052s/step step= 3358000 episodes= 6996 eps=0.050 replay= 39936 loss=0.00000 ext100=0.000 total100=0.036
[eval] step=3360000 episodes=7000 mean_ext_return=0.000
[train] 48:39:24<96:09:18, 0.052s/step step= 3360000 episodes= 7000 eps=0.050 replay= 39936 loss=0.00000 ext100=0.000 total100=0.037
[train] 48:41:07<96:07:32, 0.052s/step step= 3362000 episodes= 7004 eps=0.050 replay= 39936 loss=0.00001 ext100=0.000 total100=0.036
[train] 48:42:51<96:05:46, 0.052s/step step= 3364000 episodes= 7009 eps=0.050 replay= 39936 loss=0.00000 ext100=0.000 total100=0.036
[train] 48:44:35<96:04:01, 0.052s/step step= 3366000 episodes= 7013 eps=0.050 replay= 39936 loss=0.00000 ext100=0.000 total100=0.036
[train] 48:46:18<96:02:15, 0.052s/step step= 3368000 episodes= 7017 eps=0.050 replay= 39936 loss=0.00000 ext100=0.000 total100=0.036
[train] 48:48:02<96:00:30, 0.052s/step step= 3370000 episodes= 7021 eps=0.050 replay= 39936 loss=0.00002 ext100=0.000 total100=0.036
[train] 48:49:46<95:58:45, 0.052s/step step= 3372000 episodes= 7025 eps=0.050 replay= 39936 loss=0.00001 ext100=0.000 total100=0.036
[train] 48:51:30<95:57:00, 0.052s/step step= 3374000 episodes= 7029 eps=0.050 replay= 39936 loss=0.00000 ext100=0.000 total100=0.035
[train] 48:53:14<95:55:15, 0.052s/step step= 3376000 episodes= 7034 eps=0.050 replay= 39936 loss=0.00000 ext100=0.000 total100=0.034
[train] 48:54:58<95:53:30, 0.052s/step step= 3378000 episodes= 7038 eps=0.050 replay= 39936 loss=0.00002 ext100=0.000 total100=0.033
[eval] step=3380000 episodes=7042 mean_ext_return=0.000
[train] 48:56:57<95:52:15, 0.052s/step step= 3380000 episodes= 7042 eps=0.050 replay= 39936 loss=0.00001 ext100=0.000 total100=0.033
[train] 48:58:40<95:50:29, 0.052s/step step= 3382000 episodes= 7046 eps=0.050 replay= 39936 loss=0.00000 ext100=0.000 total100=0.033
[train] 49:00:23<95:48:43, 0.052s/step step= 3384000 episodes= 7050 eps=0.050 replay= 39936 loss=0.00000 ext100=0.000 total100=0.035
[train] 49:02:07<95:46:58, 0.052s/step step= 3386000 episodes= 7054 eps=0.050 replay= 39936 loss=0.00001 ext100=0.000 total100=0.034
[train] 49:03:51<95:45:12, 0.052s/step step= 3388000 episodes= 7059 eps=0.050 replay= 39936 loss=0.00000 ext100=0.000 total100=0.035
[train] 49:05:34<95:43:27, 0.052s/step step= 3390000 episodes= 7063 eps=0.050 replay= 39936 loss=0.00001 ext100=0.000 total100=0.035
[train] 49:07:19<95:41:42, 0.052s/step step= 3392000 episodes= 7067 eps=0.050 replay= 39936 loss=0.00000 ext100=0.000 total100=0.036
[train] 49:09:02<95:39:56, 0.052s/step step= 3394000 episodes= 7071 eps=0.050 replay= 39936 loss=0.00001 ext100=0.000 total100=0.036
[train] 49:10:46<95:38:11, 0.052s/step step= 3396000 episodes= 7075 eps=0.050 replay= 39936 loss=0.00001 ext100=0.000 total100=0.036
[train] 49:12:30<95:36:27, 0.052s/step step= 3398000 episodes= 7079 eps=0.050 replay= 39936 loss=0.00000 ext100=0.000 total100=0.035
[eval] step=3400000 episodes=7084 mean_ext_return=0.000
[train] 49:14:29<95:35:11, 0.052s/step step= 3400000 episodes= 7084 eps=0.050 replay= 39936 loss=0.00000 ext100=0.000 total100=0.035
[train] 49:16:12<95:33:25, 0.052s/step step= 3402000 episodes= 7088 eps=0.050 replay= 39936 loss=0.00001 ext100=0.000 total100=0.036
[train] 49:17:56<95:31:39, 0.052s/step step= 3404000 episodes= 7092 eps=0.050 replay= 39936 loss=0.00000 ext100=0.000 total100=0.035
[train] 49:19:40<95:29:54, 0.052s/step step= 3406000 episodes= 7096 eps=0.050 replay= 39936 loss=0.00000 ext100=0.000 total100=0.036
[train] 49:21:23<95:28:09, 0.052s/step step= 3408000 episodes= 7100 eps=0.050 replay= 39936 loss=0.00001 ext100=0.000 total100=0.036
[train] 49:23:07<95:26:23, 0.052s/step step= 3410000 episodes= 7104 eps=0.050 replay= 39936 loss=0.00001 ext100=0.000 total100=0.037
[train] 49:24:51<95:24:38, 0.052s/step step= 3412000 episodes= 7109 eps=0.050 replay= 39936 loss=0.00000 ext100=0.000 total100=0.036
[train] 49:26:35<95:22:53, 0.052s/step step= 3414000 episodes= 7113 eps=0.050 replay= 39936 loss=0.00000 ext100=0.000 total100=0.036
[train] 49:28:19<95:21:08, 0.052s/step step= 3416000 episodes= 7117 eps=0.050 replay= 39936 loss=0.00000 ext100=0.000 total100=0.035
[train] 49:30:03<95:19:24, 0.052s/step step= 3418000 episodes= 7121 eps=0.050 replay= 39936 loss=0.00001 ext100=0.000 total100=0.035
[eval] step=3420000 episodes=7125 mean_ext_return=0.000
[train] 49:32:02<95:18:08, 0.052s/step step= 3420000 episodes= 7125 eps=0.050 replay= 39936 loss=0.00000 ext100=0.000 total100=0.034
[train] 49:33:45<95:16:22, 0.052s/step step= 3422000 episodes= 7129 eps=0.050 replay= 39936 loss=0.00000 ext100=0.000 total100=0.033
[train] 49:35:29<95:14:36, 0.052s/step step= 3424000 episodes= 7134 eps=0.050 replay= 39936 loss=0.00000 ext100=0.000 total100=0.034
[train] 49:37:13<95:12:51, 0.052s/step step= 3426000 episodes= 7138 eps=0.050 replay= 39936 loss=0.00001 ext100=0.000 total100=0.033
[train] 49:38:56<95:11:05, 0.052s/step step= 3428000 episodes= 7142 eps=0.050 replay= 39936 loss=0.00000 ext100=0.000 total100=0.033
[train] 49:40:40<95:09:20, 0.052s/step step= 3430000 episodes= 7146 eps=0.050 replay= 39936 loss=0.00000 ext100=0.000 total100=0.033
[train] 49:42:24<95:07:36, 0.052s/step step= 3432000 episodes= 7150 eps=0.050 replay= 39936 loss=0.00000 ext100=0.000 total100=0.032
[train] 49:44:08<95:05:50, 0.052s/step step= 3434000 episodes= 7154 eps=0.050 replay= 39936 loss=0.00001 ext100=0.000 total100=0.033
[train] 49:45:52<95:04:05, 0.052s/step step= 3436000 episodes= 7159 eps=0.050 replay= 39936 loss=0.00000 ext100=0.000 total100=0.033
[train] 49:47:36<95:02:20, 0.052s/step step= 3438000 episodes= 7163 eps=0.050 replay= 39936 loss=0.00000 ext100=0.000 total100=0.033
[eval] step=3440000 episodes=7167 mean_ext_return=0.000
[train] 49:49:35<95:01:05, 0.052s/step step= 3440000 episodes= 7167 eps=0.050 replay= 39936 loss=0.00001 ext100=0.000 total100=0.033
[train] 49:51:18<94:59:18, 0.052s/step step= 3442000 episodes= 7171 eps=0.050 replay= 39936 loss=0.00001 ext100=0.000 total100=0.032
[train] 49:53:02<94:57:33, 0.052s/step step= 3444000 episodes= 7175 eps=0.050 replay= 39936 loss=0.00000 ext100=0.000 total100=0.031
[train] 49:54:46<94:55:48, 0.052s/step step= 3446000 episodes= 7179 eps=0.050 replay= 39936 loss=0.00000 ext100=0.000 total100=0.032
[train] 49:56:29<94:54:02, 0.052s/step step= 3448000 episodes= 7184 eps=0.050 replay= 39936 loss=0.00001 ext100=0.000 total100=0.032
[train] 49:58:13<94:52:16, 0.052s/step step= 3450000 episodes= 7188 eps=0.050 replay= 39936 loss=0.00001 ext100=0.000 total100=0.030
[train] 49:59:57<94:50:32, 0.052s/step step= 3452000 episodes= 7192 eps=0.050 replay= 39936 loss=0.00001 ext100=0.000 total100=0.030
[train] 50:01:41<94:48:46, 0.052s/step step= 3454000 episodes= 7196 eps=0.050 replay= 39936 loss=0.00001 ext100=0.000 total100=0.031
[train] 50:03:25<94:47:01, 0.052s/step step= 3456000 episodes= 7200 eps=0.050 replay= 39936 loss=0.00000 ext100=0.000 total100=0.031
[train] 50:05:09<94:45:16, 0.052s/step step= 3458000 episodes= 7204 eps=0.050 replay= 39936 loss=0.00001 ext100=0.000 total100=0.030
[eval] step=3460000 episodes=7209 mean_ext_return=0.000
[train] 50:07:08<94:44:00, 0.052s/step step= 3460000 episodes= 7209 eps=0.050 replay= 39936 loss=0.00001 ext100=0.000 total100=0.031
[train] 50:08:51<94:42:14, 0.052s/step step= 3462000 episodes= 7213 eps=0.050 replay= 39936 loss=0.00001 ext100=0.000 total100=0.031
[train] 50:10:34<94:40:28, 0.052s/step step= 3464000 episodes= 7217 eps=0.050 replay= 39936 loss=0.00000 ext100=0.000 total100=0.031
[train] 50:12:18<94:38:42, 0.052s/step step= 3466000 episodes= 7221 eps=0.050 replay= 39936 loss=0.00003 ext100=0.000 total100=0.031
[train] 50:14:02<94:36:57, 0.052s/step step= 3468000 episodes= 7225 eps=0.050 replay= 39936 loss=0.00001 ext100=0.000 total100=0.032
[train] 50:15:45<94:35:11, 0.052s/step step= 3470000 episodes= 7229 eps=0.050 replay= 39936 loss=0.00000 ext100=0.000 total100=0.033
[train] 50:17:29<94:33:27, 0.052s/step step= 3472000 episodes= 7234 eps=0.050 replay= 39936 loss=0.00001 ext100=0.000 total100=0.032
[train] 50:19:13<94:31:41, 0.052s/step step= 3474000 episodes= 7238 eps=0.050 replay= 39936 loss=0.00001 ext100=0.000 total100=0.033
[train] 50:20:57<94:29:56, 0.052s/step step= 3476000 episodes= 7242 eps=0.050 replay= 39936 loss=0.00000 ext100=0.000 total100=0.034
[train] 50:22:41<94:28:12, 0.052s/step step= 3478000 episodes= 7246 eps=0.050 replay= 39936 loss=0.00001 ext100=0.000 total100=0.034
[eval] step=3480000 episodes=7250 mean_ext_return=0.000
[train] 50:24:40<94:26:56, 0.052s/step step= 3480000 episodes= 7250 eps=0.050 replay= 39936 loss=0.00000 ext100=0.000 total100=0.034
[train] 50:26:24<94:25:09, 0.052s/step step= 3482000 episodes= 7254 eps=0.050 replay= 39936 loss=0.00001 ext100=0.000 total100=0.033
[train] 50:28:07<94:23:23, 0.052s/step step= 3484000 episodes= 7259 eps=0.050 replay= 39936 loss=0.00000 ext100=0.000 total100=0.034
[train] 50:29:51<94:21:38, 0.052s/step step= 3486000 episodes= 7263 eps=0.050 replay= 39936 loss=0.00000 ext100=0.000 total100=0.033
[train] 50:31:35<94:19:53, 0.052s/step step= 3488000 episodes= 7267 eps=0.050 replay= 39936 loss=0.00001 ext100=0.000 total100=0.033
[train] 50:33:18<94:18:07, 0.052s/step step= 3490000 episodes= 7271 eps=0.050 replay= 39936 loss=0.00001 ext100=0.000 total100=0.033
[train] 50:35:02<94:16:22, 0.052s/step step= 3492000 episodes= 7275 eps=0.050 replay= 39936 loss=0.00000 ext100=0.000 total100=0.034
[train] 50:36:46<94:14:36, 0.052s/step step= 3494000 episodes= 7279 eps=0.050 replay= 39936 loss=0.00001 ext100=0.000 total100=0.035
[train] 50:38:30<94:12:52, 0.052s/step step= 3496000 episodes= 7284 eps=0.050 replay= 39936 loss=0.00000 ext100=0.000 total100=0.037
[train] 50:40:14<94:11:07, 0.052s/step step= 3498000 episodes= 7288 eps=0.050 replay= 39936 loss=0.00001 ext100=0.000 total100=0.039
[eval] step=3500000 episodes=7292 mean_ext_return=0.000
[train] 50:42:13<94:09:51, 0.052s/step step= 3500000 episodes= 7292 eps=0.050 replay= 39936 loss=0.00000 ext100=0.000 total100=0.040
[train] 50:43:57<94:08:05, 0.052s/step step= 3502000 episodes= 7296 eps=0.050 replay= 39936 loss=0.00000 ext100=0.000 total100=0.039
[train] 50:45:40<94:06:18, 0.052s/step step= 3504000 episodes= 7300 eps=0.050 replay= 39936 loss=0.00000 ext100=0.000 total100=0.039
[train] 50:47:24<94:04:33, 0.052s/step step= 3506000 episodes= 7304 eps=0.050 replay= 39936 loss=0.00001 ext100=0.000 total100=0.039
[train] 50:49:07<94:02:48, 0.052s/step step= 3508000 episodes= 7309 eps=0.050 replay= 39936 loss=0.00001 ext100=0.000 total100=0.039
[train] 50:50:51<94:01:02, 0.052s/step step= 3510000 episodes= 7313 eps=0.050 replay= 39936 loss=0.00000 ext100=0.000 total100=0.039
[train] 50:52:35<93:59:18, 0.052s/step step= 3512000 episodes= 7317 eps=0.050 replay= 39936 loss=0.00000 ext100=0.000 total100=0.038
[train] 50:54:19<93:57:32, 0.052s/step step= 3514000 episodes= 7321 eps=0.050 replay= 39936 loss=0.00002 ext100=0.000 total100=0.038
[train] 50:56:03<93:55:48, 0.052s/step step= 3516000 episodes= 7325 eps=0.050 replay= 39936 loss=0.00000 ext100=0.000 total100=0.038
[train] 50:57:47<93:54:03, 0.052s/step step= 3518000 episodes= 7329 eps=0.050 replay= 39936 loss=0.00001 ext100=0.000 total100=0.039
[eval] step=3520000 episodes=7334 mean_ext_return=0.000
[train] 50:59:46<93:52:46, 0.052s/step step= 3520000 episodes= 7334 eps=0.050 replay= 39936 loss=0.00001 ext100=0.000 total100=0.039
[train] 51:01:29<93:51:00, 0.052s/step step= 3522000 episodes= 7338 eps=0.050 replay= 39936 loss=0.00004 ext100=0.000 total100=0.039
[train] 51:03:13<93:49:13, 0.052s/step step= 3524000 episodes= 7342 eps=0.050 replay= 39936 loss=0.00000 ext100=0.000 total100=0.039
[train] 51:04:56<93:47:28, 0.052s/step step= 3526000 episodes= 7346 eps=0.050 replay= 39936 loss=0.00000 ext100=0.000 total100=0.039
[train] 51:06:40<93:45:43, 0.052s/step step= 3528000 episodes= 7350 eps=0.050 replay= 39936 loss=0.00001 ext100=0.000 total100=0.038
[train] 51:08:24<93:43:57, 0.052s/step step= 3530000 episodes= 7354 eps=0.050 replay= 39936 loss=0.00001 ext100=0.000 total100=0.037
[train] 51:10:08<93:42:12, 0.052s/step step= 3532000 episodes= 7359 eps=0.050 replay= 39936 loss=0.00001 ext100=0.000 total100=0.038
[train] 51:11:51<93:40:26, 0.052s/step step= 3534000 episodes= 7363 eps=0.050 replay= 39936 loss=0.00001 ext100=0.000 total100=0.038
[train] 51:13:35<93:38:41, 0.052s/step step= 3536000 episodes= 7367 eps=0.050 replay= 39936 loss=0.00001 ext100=0.000 total100=0.038
[train] 51:15:19<93:36:57, 0.052s/step step= 3538000 episodes= 7371 eps=0.050 replay= 39936 loss=0.00001 ext100=0.000 total100=0.038
[eval] step=3540000 episodes=7375 mean_ext_return=0.000
[train] 51:17:18<93:35:39, 0.052s/step step= 3540000 episodes= 7375 eps=0.050 replay= 39936 loss=0.00001 ext100=0.000 total100=0.038
[train] 51:19:01<93:33:53, 0.052s/step step= 3542000 episodes= 7379 eps=0.050 replay= 39936 loss=0.00001 ext100=0.000 total100=0.037
[train] 51:20:45<93:32:07, 0.052s/step step= 3544000 episodes= 7384 eps=0.050 replay= 39936 loss=0.00001 ext100=0.000 total100=0.036
[train] 51:22:28<93:30:21, 0.052s/step step= 3546000 episodes= 7388 eps=0.050 replay= 39936 loss=0.00001 ext100=0.000 total100=0.035
[train] 51:24:12<93:28:36, 0.052s/step step= 3548000 episodes= 7392 eps=0.050 replay= 39936 loss=0.00001 ext100=0.000 total100=0.035
[train] 51:25:56<93:26:50, 0.052s/step step= 3550000 episodes= 7396 eps=0.050 replay= 39936 loss=0.00001 ext100=0.000 total100=0.034
[train] 51:27:40<93:25:05, 0.052s/step step= 3552000 episodes= 7400 eps=0.050 replay= 39936 loss=0.00000 ext100=0.000 total100=0.034
[train] 51:29:23<93:23:20, 0.052s/step step= 3554000 episodes= 7404 eps=0.050 replay= 39936 loss=0.00001 ext100=0.000 total100=0.034
[train] 51:31:07<93:21:35, 0.052s/step step= 3556000 episodes= 7409 eps=0.050 replay= 39936 loss=0.00001 ext100=0.000 total100=0.033
[train] 51:32:51<93:19:50, 0.052s/step step= 3558000 episodes= 7413 eps=0.050 replay= 39936 loss=0.00000 ext100=0.000 total100=0.032
[eval] step=3560000 episodes=7417 mean_ext_return=0.000
[train] 51:34:50<93:18:32, 0.052s/step step= 3560000 episodes= 7417 eps=0.050 replay= 39936 loss=0.00001 ext100=0.000 total100=0.033
[train] 51:36:34<93:16:46, 0.052s/step step= 3562000 episodes= 7421 eps=0.050 replay= 39936 loss=0.00001 ext100=0.000 total100=0.033
[train] 51:38:17<93:15:00, 0.052s/step step= 3564000 episodes= 7425 eps=0.050 replay= 39936 loss=0.00000 ext100=0.000 total100=0.034
[train] 51:40:01<93:13:15, 0.052s/step step= 3566000 episodes= 7429 eps=0.050 replay= 39936 loss=0.00000 ext100=0.000 total100=0.034
[train] 51:41:45<93:11:29, 0.052s/step step= 3568000 episodes= 7434 eps=0.050 replay= 39936 loss=0.00001 ext100=0.000 total100=0.033
[train] 51:43:28<93:09:44, 0.052s/step step= 3570000 episodes= 7438 eps=0.050 replay= 39936 loss=0.00001 ext100=0.000 total100=0.034
[train] 51:45:12<93:07:59, 0.052s/step step= 3572000 episodes= 7442 eps=0.050 replay= 39936 loss=0.00001 ext100=0.000 total100=0.034
[train] 51:46:56<93:06:13, 0.052s/step step= 3574000 episodes= 7446 eps=0.050 replay= 39936 loss=0.00000 ext100=0.000 total100=0.034
[train] 51:48:40<93:04:28, 0.052s/step step= 3576000 episodes= 7450 eps=0.050 replay= 39936 loss=0.00000 ext100=0.000 total100=0.034
[train] 51:50:24<93:02:44, 0.052s/step step= 3578000 episodes= 7454 eps=0.050 replay= 39936 loss=0.00001 ext100=0.000 total100=0.034
[eval] step=3580000 episodes=7459 mean_ext_return=0.000
[train] 51:52:23<93:01:26, 0.052s/step step= 3580000 episodes= 7459 eps=0.050 replay= 39936 loss=0.00001 ext100=0.000 total100=0.033
[train] 51:54:06<92:59:39, 0.052s/step step= 3582000 episodes= 7463 eps=0.050 replay= 39936 loss=0.00000 ext100=0.000 total100=0.033
[train] 51:55:50<92:57:54, 0.052s/step step= 3584000 episodes= 7467 eps=0.050 replay= 39936 loss=0.00001 ext100=0.000 total100=0.034
[train] 51:57:33<92:56:08, 0.052s/step step= 3586000 episodes= 7471 eps=0.050 replay= 39936 loss=0.00001 ext100=0.000 total100=0.034
[train] 51:59:17<92:54:22, 0.052s/step step= 3588000 episodes= 7475 eps=0.050 replay= 39936 loss=0.00000 ext100=0.000 total100=0.034
[train] 52:01:00<92:52:36, 0.052s/step step= 3590000 episodes= 7479 eps=0.050 replay= 39936 loss=0.00000 ext100=0.000 total100=0.034
[train] 52:02:44<92:50:52, 0.052s/step step= 3592000 episodes= 7484 eps=0.050 replay= 39936 loss=0.00001 ext100=0.000 total100=0.035
[train] 52:04:28<92:49:06, 0.052s/step step= 3594000 episodes= 7488 eps=0.050 replay= 39936 loss=0.00001 ext100=0.000 total100=0.035
[train] 52:06:12<92:47:21, 0.052s/step step= 3596000 episodes= 7492 eps=0.050 replay= 39936 loss=0.00000 ext100=0.000 total100=0.035
[train] 52:07:56<92:45:36, 0.052s/step step= 3598000 episodes= 7496 eps=0.050 replay= 39936 loss=0.00000 ext100=0.000 total100=0.036
[eval] step=3600000 episodes=7500 mean_ext_return=0.000
[train] 52:09:55<92:44:18, 0.052s/step step= 3600000 episodes= 7500 eps=0.050 replay= 39936 loss=0.00001 ext100=0.000 total100=0.035
[train] 52:11:38<92:42:32, 0.052s/step step= 3602000 episodes= 7504 eps=0.050 replay= 39936 loss=0.00001 ext100=0.000 total100=0.036
[train] 52:13:22<92:40:46, 0.052s/step step= 3604000 episodes= 7509 eps=0.050 replay= 39936 loss=0.00000 ext100=0.000 total100=0.037
[train] 52:15:05<92:39:00, 0.052s/step step= 3606000 episodes= 7513 eps=0.050 replay= 39936 loss=0.00000 ext100=0.000 total100=0.038
[train] 52:16:49<92:37:15, 0.052s/step step= 3608000 episodes= 7517 eps=0.050 replay= 39936 loss=0.00000 ext100=0.000 total100=0.038
[train] 52:18:33<92:35:30, 0.052s/step step= 3610000 episodes= 7521 eps=0.050 replay= 39936 loss=0.00001 ext100=0.000 total100=0.037
[train] 52:20:17<92:33:45, 0.052s/step step= 3612000 episodes= 7525 eps=0.050 replay= 39936 loss=0.00000 ext100=0.000 total100=0.038
[train] 52:22:00<92:31:59, 0.052s/step step= 3614000 episodes= 7529 eps=0.050 replay= 39936 loss=0.00000 ext100=0.000 total100=0.036
[train] 52:23:44<92:30:14, 0.052s/step step= 3616000 episodes= 7534 eps=0.050 replay= 39936 loss=0.00001 ext100=0.000 total100=0.036
[train] 52:25:28<92:28:29, 0.052s/step step= 3618000 episodes= 7538 eps=0.050 replay= 39936 loss=0.00002 ext100=0.000 total100=0.036
[eval] step=3620000 episodes=7542 mean_ext_return=0.000
[train] 52:27:28<92:27:12, 0.052s/step step= 3620000 episodes= 7542 eps=0.050 replay= 39936 loss=0.00001 ext100=0.000 total100=0.036
[train] 52:29:11<92:25:25, 0.052s/step step= 3622000 episodes= 7546 eps=0.050 replay= 39936 loss=0.00000 ext100=0.000 total100=0.035
[train] 52:30:55<92:23:39, 0.052s/step step= 3624000 episodes= 7550 eps=0.050 replay= 39936 loss=0.00001 ext100=0.000 total100=0.036
[train] 52:32:38<92:21:53, 0.052s/step step= 3626000 episodes= 7554 eps=0.050 replay= 39936 loss=0.00001 ext100=0.000 total100=0.037
[train] 52:34:22<92:20:08, 0.052s/step step= 3628000 episodes= 7559 eps=0.050 replay= 39936 loss=0.00001 ext100=0.000 total100=0.037
[train] 52:36:05<92:18:22, 0.052s/step step= 3630000 episodes= 7563 eps=0.050 replay= 39936 loss=0.00001 ext100=0.000 total100=0.037
[train] 52:37:49<92:16:37, 0.052s/step step= 3632000 episodes= 7567 eps=0.050 replay= 39936 loss=0.00000 ext100=0.000 total100=0.036
[train] 52:39:33<92:14:52, 0.052s/step step= 3634000 episodes= 7571 eps=0.050 replay= 39936 loss=0.00001 ext100=0.000 total100=0.036
[train] 52:41:17<92:13:07, 0.052s/step step= 3636000 episodes= 7575 eps=0.050 replay= 39936 loss=0.00001 ext100=0.000 total100=0.036
[train] 52:43:01<92:11:22, 0.052s/step step= 3638000 episodes= 7579 eps=0.050 replay= 39936 loss=0.00001 ext100=0.000 total100=0.035
[eval] step=3640000 episodes=7584 mean_ext_return=0.000
[train] 52:45:00<92:10:03, 0.052s/step step= 3640000 episodes= 7584 eps=0.050 replay= 39936 loss=0.00000 ext100=0.000 total100=0.034
[train] 52:46:43<92:08:17, 0.052s/step step= 3642000 episodes= 7588 eps=0.050 replay= 39936 loss=0.00002 ext100=0.000 total100=0.034
[train] 52:48:27<92:06:31, 0.052s/step step= 3644000 episodes= 7592 eps=0.050 replay= 39936 loss=0.00000 ext100=0.000 total100=0.033
[train] 52:50:10<92:04:45, 0.052s/step step= 3646000 episodes= 7596 eps=0.050 replay= 39936 loss=0.00000 ext100=0.000 total100=0.032
[train] 52:51:54<92:03:00, 0.052s/step step= 3648000 episodes= 7600 eps=0.050 replay= 39936 loss=0.00000 ext100=0.000 total100=0.034
[train] 52:53:37<92:01:14, 0.052s/step step= 3650000 episodes= 7604 eps=0.050 replay= 39936 loss=0.00001 ext100=0.000 total100=0.033
[train] 52:55:21<91:59:30, 0.052s/step step= 3652000 episodes= 7609 eps=0.050 replay= 39936 loss=0.00000 ext100=0.000 total100=0.033
[train] 52:57:05<91:57:44, 0.052s/step step= 3654000 episodes= 7613 eps=0.050 replay= 39936 loss=0.00001 ext100=0.000 total100=0.034
[train] 52:58:49<91:56:00, 0.052s/step step= 3656000 episodes= 7617 eps=0.050 replay= 39936 loss=0.00001 ext100=0.000 total100=0.034
[train] 53:00:33<91:54:14, 0.052s/step step= 3658000 episodes= 7621 eps=0.050 replay= 39936 loss=0.00001 ext100=0.000 total100=0.034
[eval] step=3660000 episodes=7625 mean_ext_return=0.000
[train] 53:02:32<91:52:56, 0.052s/step step= 3660000 episodes= 7625 eps=0.050 replay= 39936 loss=0.00000 ext100=0.000 total100=0.033
[train] 53:04:16<91:51:10, 0.052s/step step= 3662000 episodes= 7629 eps=0.050 replay= 39936 loss=0.00000 ext100=0.000 total100=0.034
[train] 53:05:59<91:49:24, 0.052s/step step= 3664000 episodes= 7634 eps=0.050 replay= 39936 loss=0.00000 ext100=0.000 total100=0.035
[train] 53:07:42<91:47:38, 0.052s/step step= 3666000 episodes= 7638 eps=0.050 replay= 39936 loss=0.00001 ext100=0.000 total100=0.035
[train] 53:09:26<91:45:53, 0.052s/step step= 3668000 episodes= 7642 eps=0.050 replay= 39936 loss=0.00000 ext100=0.000 total100=0.034
[train] 53:11:10<91:44:07, 0.052s/step step= 3670000 episodes= 7646 eps=0.050 replay= 39936 loss=0.00000 ext100=0.000 total100=0.035
[train] 53:12:54<91:42:22, 0.052s/step step= 3672000 episodes= 7650 eps=0.050 replay= 39936 loss=0.00001 ext100=0.000 total100=0.035
[train] 53:14:37<91:40:36, 0.052s/step step= 3674000 episodes= 7654 eps=0.050 replay= 39936 loss=0.00001 ext100=0.000 total100=0.033
[train] 53:16:22<91:38:52, 0.052s/step step= 3676000 episodes= 7659 eps=0.050 replay= 39936 loss=0.00000 ext100=0.000 total100=0.034
[train] 53:18:06<91:37:06, 0.052s/step step= 3678000 episodes= 7663 eps=0.050 replay= 39936 loss=0.00001 ext100=0.000 total100=0.034
[eval] step=3680000 episodes=7667 mean_ext_return=0.000
[train] 53:20:05<91:35:47, 0.052s/step step= 3680000 episodes= 7667 eps=0.050 replay= 39936 loss=0.00000 ext100=0.000 total100=0.033
[train] 53:21:48<91:34:01, 0.052s/step step= 3682000 episodes= 7671 eps=0.050 replay= 39936 loss=0.00001 ext100=0.000 total100=0.033
[train] 53:23:31<91:32:16, 0.052s/step step= 3684000 episodes= 7675 eps=0.050 replay= 39936 loss=0.00001 ext100=0.000 total100=0.033
[train] 53:25:15<91:30:29, 0.052s/step step= 3686000 episodes= 7679 eps=0.050 replay= 39936 loss=0.00000 ext100=0.000 total100=0.034
[train] 53:26:59<91:28:44, 0.052s/step step= 3688000 episodes= 7684 eps=0.050 replay= 39936 loss=0.00001 ext100=0.000 total100=0.034
[train] 53:28:42<91:26:58, 0.052s/step step= 3690000 episodes= 7688 eps=0.050 replay= 39936 loss=0.00001 ext100=0.000 total100=0.032
[train] 53:30:26<91:25:13, 0.052s/step step= 3692000 episodes= 7692 eps=0.050 replay= 39936 loss=0.00000 ext100=0.000 total100=0.035
[train] 53:32:10<91:23:28, 0.052s/step step= 3694000 episodes= 7696 eps=0.050 replay= 39936 loss=0.00001 ext100=0.000 total100=0.035
[train] 53:33:54<91:21:43, 0.052s/step step= 3696000 episodes= 7700 eps=0.050 replay= 39936 loss=0.00000 ext100=0.000 total100=0.034
[train] 53:35:38<91:19:58, 0.052s/step step= 3698000 episodes= 7704 eps=0.050 replay= 39936 loss=0.00001 ext100=0.000 total100=0.034
[eval] step=3700000 episodes=7709 mean_ext_return=0.000
[train] 53:37:37<91:18:38, 0.052s/step step= 3700000 episodes= 7709 eps=0.050 replay= 39936 loss=0.00001 ext100=0.000 total100=0.032
[train] 53:39:20<91:16:53, 0.052s/step step= 3702000 episodes= 7713 eps=0.050 replay= 39936 loss=0.00000 ext100=0.000 total100=0.032
[train] 53:41:04<91:15:07, 0.052s/step step= 3704000 episodes= 7717 eps=0.050 replay= 39936 loss=0.00001 ext100=0.000 total100=0.031
[train] 53:42:47<91:13:20, 0.052s/step step= 3706000 episodes= 7721 eps=0.050 replay= 39936 loss=0.00001 ext100=0.000 total100=0.033
[train] 53:44:31<91:11:35, 0.052s/step step= 3708000 episodes= 7725 eps=0.050 replay= 39936 loss=0.00000 ext100=0.000 total100=0.034
[train] 53:46:14<91:09:49, 0.052s/step step= 3710000 episodes= 7729 eps=0.050 replay= 39936 loss=0.00000 ext100=0.000 total100=0.035
[train] 53:47:58<91:08:05, 0.052s/step step= 3712000 episodes= 7734 eps=0.050 replay= 39936 loss=0.00000 ext100=0.000 total100=0.034
[train] 53:49:42<91:06:19, 0.052s/step step= 3714000 episodes= 7738 eps=0.050 replay= 39936 loss=0.00001 ext100=0.000 total100=0.033
[train] 53:51:26<91:04:35, 0.052s/step step= 3716000 episodes= 7742 eps=0.050 replay= 39936 loss=0.00001 ext100=0.000 total100=0.034
[train] 53:53:10<91:02:49, 0.052s/step step= 3718000 episodes= 7746 eps=0.050 replay= 39936 loss=0.00000 ext100=0.000 total100=0.033
[eval] step=3720000 episodes=7750 mean_ext_return=0.000
[train] 53:55:09<91:01:30, 0.052s/step step= 3720000 episodes= 7750 eps=0.050 replay= 39936 loss=0.00000 ext100=0.000 total100=0.034
[train] 53:56:52<90:59:44, 0.052s/step step= 3722000 episodes= 7754 eps=0.050 replay= 39936 loss=0.00001 ext100=0.000 total100=0.034
[train] 53:58:36<90:57:58, 0.052s/step step= 3724000 episodes= 7759 eps=0.050 replay= 39936 loss=0.00000 ext100=0.000 total100=0.034
[train] 54:00:19<90:56:12, 0.052s/step step= 3726000 episodes= 7763 eps=0.050 replay= 39936 loss=0.00001 ext100=0.000 total100=0.033
[train] 54:02:03<90:54:26, 0.052s/step step= 3728000 episodes= 7767 eps=0.050 replay= 39936 loss=0.00000 ext100=0.000 total100=0.034
[train] 54:03:47<90:52:41, 0.052s/step step= 3730000 episodes= 7771 eps=0.050 replay= 39936 loss=0.00001 ext100=0.000 total100=0.034
[train] 54:05:30<90:50:56, 0.052s/step step= 3732000 episodes= 7775 eps=0.050 replay= 39936 loss=0.00000 ext100=0.000 total100=0.034
[train] 54:07:14<90:49:10, 0.052s/step step= 3734000 episodes= 7779 eps=0.050 replay= 39936 loss=0.00000 ext100=0.000 total100=0.035
[train] 54:08:58<90:47:25, 0.052s/step step= 3736000 episodes= 7784 eps=0.050 replay= 39936 loss=0.00000 ext100=0.000 total100=0.034
[train] 54:10:42<90:45:40, 0.052s/step step= 3738000 episodes= 7788 eps=0.050 replay= 39936 loss=0.00001 ext100=0.000 total100=0.036
[eval] step=3740000 episodes=7792 mean_ext_return=0.000
[train] 54:12:41<90:44:20, 0.052s/step step= 3740000 episodes= 7792 eps=0.050 replay= 39936 loss=0.00000 ext100=0.000 total100=0.034
[train] 54:14:24<90:42:34, 0.052s/step step= 3742000 episodes= 7796 eps=0.050 replay= 39936 loss=0.00000 ext100=0.000 total100=0.034
[train] 54:16:08<90:40:48, 0.052s/step step= 3744000 episodes= 7800 eps=0.050 replay= 39936 loss=0.00000 ext100=0.000 total100=0.034
[train] 54:17:51<90:39:02, 0.052s/step step= 3746000 episodes= 7804 eps=0.050 replay= 39936 loss=0.00002 ext100=0.000 total100=0.035
[train] 54:19:35<90:37:17, 0.052s/step step= 3748000 episodes= 7809 eps=0.050 replay= 39936 loss=0.00000 ext100=0.000 total100=0.036
[train] 54:21:19<90:35:31, 0.052s/step step= 3750000 episodes= 7813 eps=0.050 replay= 39936 loss=0.00000 ext100=0.000 total100=0.036
[train] 54:23:02<90:33:46, 0.052s/step step= 3752000 episodes= 7817 eps=0.050 replay= 39936 loss=0.00000 ext100=0.000 total100=0.037
[train] 54:24:46<90:32:00, 0.052s/step step= 3754000 episodes= 7821 eps=0.050 replay= 39936 loss=0.00001 ext100=0.000 total100=0.035
[train] 54:26:30<90:30:16, 0.052s/step step= 3756000 episodes= 7825 eps=0.050 replay= 39936 loss=0.00000 ext100=0.000 total100=0.035
[train] 54:28:14<90:28:31, 0.052s/step step= 3758000 episodes= 7829 eps=0.050 replay= 39936 loss=0.00001 ext100=0.000 total100=0.034
[eval] step=3760000 episodes=7834 mean_ext_return=0.000
[train] 54:30:13<90:27:10, 0.052s/step step= 3760000 episodes= 7834 eps=0.050 replay= 39936 loss=0.00000 ext100=0.000 total100=0.034
[train] 54:31:56<90:25:24, 0.052s/step step= 3762000 episodes= 7838 eps=0.050 replay= 39936 loss=0.00002 ext100=0.000 total100=0.035
[train] 54:33:40<90:23:39, 0.052s/step step= 3764000 episodes= 7842 eps=0.050 replay= 39936 loss=0.00000 ext100=0.000 total100=0.035
[train] 54:35:23<90:21:52, 0.052s/step step= 3766000 episodes= 7846 eps=0.050 replay= 39936 loss=0.00000 ext100=0.000 total100=0.036
[train] 54:37:07<90:20:07, 0.052s/step step= 3768000 episodes= 7850 eps=0.050 replay= 39936 loss=0.00001 ext100=0.000 total100=0.035
[train] 54:38:51<90:18:22, 0.052s/step step= 3770000 episodes= 7854 eps=0.050 replay= 39936 loss=0.00002 ext100=0.000 total100=0.036
[train] 54:40:35<90:16:37, 0.052s/step step= 3772000 episodes= 7859 eps=0.050 replay= 39936 loss=0.00001 ext100=0.000 total100=0.036
[train] 54:42:18<90:14:51, 0.052s/step step= 3774000 episodes= 7863 eps=0.050 replay= 39936 loss=0.00000 ext100=0.000 total100=0.037
[train] 54:44:02<90:13:06, 0.052s/step step= 3776000 episodes= 7867 eps=0.050 replay= 39936 loss=0.00000 ext100=0.000 total100=0.036
[train] 54:45:46<90:11:21, 0.052s/step step= 3778000 episodes= 7871 eps=0.050 replay= 39936 loss=0.00001 ext100=0.000 total100=0.037
[eval] step=3780000 episodes=7875 mean_ext_return=0.000
[train] 54:47:45<90:10:00, 0.052s/step step= 3780000 episodes= 7875 eps=0.050 replay= 39936 loss=0.00001 ext100=0.000 total100=0.037
[train] 54:49:29<90:08:15, 0.052s/step step= 3782000 episodes= 7879 eps=0.050 replay= 39936 loss=0.00000 ext100=0.000 total100=0.038
[train] 54:51:12<90:06:29, 0.052s/step step= 3784000 episodes= 7884 eps=0.050 replay= 39936 loss=0.00000 ext100=0.000 total100=0.039
[train] 54:52:55<90:04:42, 0.052s/step step= 3786000 episodes= 7888 eps=0.050 replay= 39936 loss=0.00000 ext100=0.000 total100=0.039
[train] 54:54:39<90:02:57, 0.052s/step step= 3788000 episodes= 7892 eps=0.050 replay= 39936 loss=0.00000 ext100=0.000 total100=0.038
[train] 54:56:23<90:01:12, 0.052s/step step= 3790000 episodes= 7896 eps=0.050 replay= 39936 loss=0.00000 ext100=0.000 total100=0.038
[train] 54:58:07<89:59:27, 0.052s/step step= 3792000 episodes= 7900 eps=0.050 replay= 39936 loss=0.00001 ext100=0.000 total100=0.038
[train] 54:59:50<89:57:41, 0.052s/step step= 3794000 episodes= 7904 eps=0.050 replay= 39936 loss=0.00001 ext100=0.000 total100=0.040
[train] 55:01:35<89:55:57, 0.052s/step step= 3796000 episodes= 7909 eps=0.050 replay= 39936 loss=0.00000 ext100=0.000 total100=0.039
[train] 55:03:18<89:54:11, 0.052s/step step= 3798000 episodes= 7913 eps=0.050 replay= 39936 loss=0.00000 ext100=0.000 total100=0.039
[eval] step=3800000 episodes=7917 mean_ext_return=0.000
[train] 55:05:17<89:52:50, 0.052s/step step= 3800000 episodes= 7917 eps=0.050 replay= 39936 loss=0.00000 ext100=0.000 total100=0.039
[train] 55:07:01<89:51:05, 0.052s/step step= 3802000 episodes= 7921 eps=0.050 replay= 39936 loss=0.00001 ext100=0.000 total100=0.038
[train] 55:08:45<89:49:19, 0.052s/step step= 3804000 episodes= 7925 eps=0.050 replay= 39936 loss=0.00000 ext100=0.000 total100=0.038
[train] 55:10:28<89:47:33, 0.052s/step step= 3806000 episodes= 7929 eps=0.050 replay= 39936 loss=0.00000 ext100=0.000 total100=0.038
[train] 55:12:12<89:45:48, 0.052s/step step= 3808000 episodes= 7934 eps=0.050 replay= 39936 loss=0.00000 ext100=0.000 total100=0.038
[train] 55:13:55<89:44:02, 0.052s/step step= 3810000 episodes= 7938 eps=0.050 replay= 39936 loss=0.00001 ext100=0.000 total100=0.039
[train] 55:15:39<89:42:17, 0.052s/step step= 3812000 episodes= 7942 eps=0.050 replay= 39936 loss=0.00001 ext100=0.000 total100=0.039
[train] 55:17:23<89:40:32, 0.052s/step step= 3814000 episodes= 7946 eps=0.050 replay= 39936 loss=0.00000 ext100=0.000 total100=0.039
[train] 55:19:07<89:38:47, 0.052s/step step= 3816000 episodes= 7950 eps=0.050 replay= 39936 loss=0.00000 ext100=0.000 total100=0.039
[train] 55:20:51<89:37:02, 0.052s/step step= 3818000 episodes= 7954 eps=0.050 replay= 39936 loss=0.00001 ext100=0.000 total100=0.039
[eval] step=3820000 episodes=7959 mean_ext_return=0.000
[train] 55:22:49<89:35:40, 0.052s/step step= 3820000 episodes= 7959 eps=0.050 replay= 39936 loss=0.00000 ext100=0.000 total100=0.038
[train] 55:24:33<89:33:55, 0.052s/step step= 3822000 episodes= 7963 eps=0.050 replay= 39936 loss=0.00000 ext100=0.000 total100=0.039
[train] 55:26:17<89:32:09, 0.052s/step step= 3824000 episodes= 7967 eps=0.050 replay= 39936 loss=0.00001 ext100=0.000 total100=0.039
[train] 55:28:00<89:30:23, 0.052s/step step= 3826000 episodes= 7971 eps=0.050 replay= 39936 loss=0.00001 ext100=0.000 total100=0.039
[train] 55:29:44<89:28:38, 0.052s/step step= 3828000 episodes= 7975 eps=0.050 replay= 39936 loss=0.00000 ext100=0.000 total100=0.039
[train] 55:31:28<89:26:52, 0.052s/step step= 3830000 episodes= 7979 eps=0.050 replay= 39936 loss=0.00000 ext100=0.000 total100=0.038
[train] 55:33:12<89:25:08, 0.052s/step step= 3832000 episodes= 7984 eps=0.050 replay= 39936 loss=0.00000 ext100=0.000 total100=0.039
[train] 55:34:55<89:23:22, 0.052s/step step= 3834000 episodes= 7988 eps=0.050 replay= 39936 loss=0.00001 ext100=0.000 total100=0.039
[train] 55:36:39<89:21:37, 0.052s/step step= 3836000 episodes= 7992 eps=0.050 replay= 39936 loss=0.00001 ext100=0.000 total100=0.038
[train] 55:38:23<89:19:52, 0.052s/step step= 3838000 episodes= 7996 eps=0.050 replay= 39936 loss=0.00000 ext100=0.000 total100=0.037
[eval] step=3840000 episodes=8000 mean_ext_return=0.000
[train] 55:40:22<89:18:30, 0.052s/step step= 3840000 episodes= 8000 eps=0.050 replay= 39936 loss=0.00001 ext100=0.000 total100=0.038
[train] 55:42:06<89:16:45, 0.052s/step step= 3842000 episodes= 8004 eps=0.050 replay= 39936 loss=0.00002 ext100=0.000 total100=0.037
[train] 55:43:49<89:14:59, 0.052s/step step= 3844000 episodes= 8009 eps=0.050 replay= 39936 loss=0.00000 ext100=0.000 total100=0.037
[train] 55:45:32<89:13:13, 0.052s/step step= 3846000 episodes= 8013 eps=0.050 replay= 39936 loss=0.00000 ext100=0.000 total100=0.037
[train] 55:47:16<89:11:28, 0.052s/step step= 3848000 episodes= 8017 eps=0.050 replay= 39936 loss=0.00001 ext100=0.000 total100=0.039
[train] 55:49:00<89:09:42, 0.052s/step step= 3850000 episodes= 8021 eps=0.050 replay= 39936 loss=0.00001 ext100=0.000 total100=0.040
[train] 55:50:44<89:07:57, 0.052s/step step= 3852000 episodes= 8025 eps=0.050 replay= 39936 loss=0.00000 ext100=0.000 total100=0.040
[train] 55:52:27<89:06:11, 0.052s/step step= 3854000 episodes= 8029 eps=0.050 replay= 39936 loss=0.00000 ext100=0.000 total100=0.040
[train] 55:54:11<89:04:26, 0.052s/step step= 3856000 episodes= 8034 eps=0.050 replay= 39936 loss=0.00000 ext100=0.000 total100=0.039
[train] 55:55:55<89:02:41, 0.052s/step step= 3858000 episodes= 8038 eps=0.050 replay= 39936 loss=0.00001 ext100=0.000 total100=0.038
[eval] step=3860000 episodes=8042 mean_ext_return=0.000
[train] 55:57:54<89:01:19, 0.052s/step step= 3860000 episodes= 8042 eps=0.050 replay= 39936 loss=0.00000 ext100=0.000 total100=0.037
[train] 55:59:38<88:59:34, 0.052s/step step= 3862000 episodes= 8046 eps=0.050 replay= 39936 loss=0.00000 ext100=0.000 total100=0.038
[train] 56:01:21<88:57:48, 0.052s/step step= 3864000 episodes= 8050 eps=0.050 replay= 39936 loss=0.00000 ext100=0.000 total100=0.038
[train] 56:03:04<88:56:02, 0.052s/step step= 3866000 episodes= 8054 eps=0.050 replay= 39936 loss=0.00001 ext100=0.000 total100=0.038
[train] 56:04:48<88:54:17, 0.052s/step step= 3868000 episodes= 8059 eps=0.050 replay= 39936 loss=0.00000 ext100=0.000 total100=0.039
[train] 56:06:32<88:52:31, 0.052s/step step= 3870000 episodes= 8063 eps=0.050 replay= 39936 loss=0.00000 ext100=0.000 total100=0.038
[train] 56:08:16<88:50:46, 0.052s/step step= 3872000 episodes= 8067 eps=0.050 replay= 39936 loss=0.00001 ext100=0.000 total100=0.038
[train] 56:09:59<88:49:01, 0.052s/step step= 3874000 episodes= 8071 eps=0.050 replay= 39936 loss=0.00001 ext100=0.000 total100=0.038
[train] 56:11:43<88:47:16, 0.052s/step step= 3876000 episodes= 8075 eps=0.050 replay= 39936 loss=0.00000 ext100=0.000 total100=0.038
[train] 56:13:27<88:45:30, 0.052s/step step= 3878000 episodes= 8079 eps=0.050 replay= 39936 loss=0.00000 ext100=0.000 total100=0.039
[eval] step=3880000 episodes=8084 mean_ext_return=0.000
[train] 56:15:26<88:44:08, 0.052s/step step= 3880000 episodes= 8084 eps=0.050 replay= 39936 loss=0.00000 ext100=0.000 total100=0.039
[train] 56:17:10<88:42:23, 0.052s/step step= 3882000 episodes= 8088 eps=0.050 replay= 39936 loss=0.00001 ext100=0.000 total100=0.039
[train] 56:18:53<88:40:38, 0.052s/step step= 3884000 episodes= 8092 eps=0.050 replay= 39936 loss=0.00000 ext100=0.000 total100=0.040
[train] 56:20:37<88:38:51, 0.052s/step step= 3886000 episodes= 8096 eps=0.050 replay= 39936 loss=0.00000 ext100=0.000 total100=0.040
[train] 56:22:21<88:37:06, 0.052s/step step= 3888000 episodes= 8100 eps=0.050 replay= 39936 loss=0.00000 ext100=0.000 total100=0.038
[train] 56:24:04<88:35:21, 0.052s/step step= 3890000 episodes= 8104 eps=0.050 replay= 39936 loss=0.00001 ext100=0.000 total100=0.039
[train] 56:25:48<88:33:36, 0.052s/step step= 3892000 episodes= 8109 eps=0.050 replay= 39936 loss=0.00001 ext100=0.000 total100=0.039
[train] 56:27:32<88:31:50, 0.052s/step step= 3894000 episodes= 8113 eps=0.050 replay= 39936 loss=0.00000 ext100=0.000 total100=0.039
[train] 56:29:16<88:30:05, 0.052s/step step= 3896000 episodes= 8117 eps=0.050 replay= 39936 loss=0.00001 ext100=0.000 total100=0.038
[train] 56:31:00<88:28:20, 0.052s/step step= 3898000 episodes= 8121 eps=0.050 replay= 39936 loss=0.00000 ext100=0.000 total100=0.038
[eval] step=3900000 episodes=8125 mean_ext_return=0.000
[train] 56:32:58<88:26:58, 0.052s/step step= 3900000 episodes= 8125 eps=0.050 replay= 39936 loss=0.00000 ext100=0.000 total100=0.038
[train] 56:34:42<88:25:13, 0.052s/step step= 3902000 episodes= 8129 eps=0.050 replay= 39936 loss=0.00000 ext100=0.000 total100=0.038
[train] 56:36:26<88:23:27, 0.052s/step step= 3904000 episodes= 8134 eps=0.050 replay= 39936 loss=0.00001 ext100=0.000 total100=0.039
[train] 56:38:09<88:21:41, 0.052s/step step= 3906000 episodes= 8138 eps=0.050 replay= 39936 loss=0.00001 ext100=0.000 total100=0.040
[train] 56:39:53<88:19:56, 0.052s/step step= 3908000 episodes= 8142 eps=0.050 replay= 39936 loss=0.00000 ext100=0.000 total100=0.041
[train] 56:41:37<88:18:10, 0.052s/step step= 3910000 episodes= 8146 eps=0.050 replay= 39936 loss=0.00000 ext100=0.000 total100=0.040
[train] 56:43:21<88:16:26, 0.052s/step step= 3912000 episodes= 8150 eps=0.050 replay= 39936 loss=0.00001 ext100=0.000 total100=0.040
[train] 56:45:05<88:14:40, 0.052s/step step= 3914000 episodes= 8154 eps=0.050 replay= 39936 loss=0.00001 ext100=0.000 total100=0.039
[train] 56:46:49<88:12:55, 0.052s/step step= 3916000 episodes= 8159 eps=0.050 replay= 39936 loss=0.00000 ext100=0.000 total100=0.039
[train] 56:48:33<88:11:10, 0.052s/step step= 3918000 episodes= 8163 eps=0.050 replay= 39936 loss=0.00000 ext100=0.000 total100=0.039
[eval] step=3920000 episodes=8167 mean_ext_return=0.000
[train] 56:50:31<88:09:47, 0.052s/step step= 3920000 episodes= 8167 eps=0.050 replay= 39936 loss=0.00000 ext100=0.000 total100=0.039
[train] 56:52:15<88:08:02, 0.052s/step step= 3922000 episodes= 8171 eps=0.050 replay= 39936 loss=0.00001 ext100=0.000 total100=0.038
[train] 56:53:59<88:06:17, 0.052s/step step= 3924000 episodes= 8175 eps=0.050 replay= 39936 loss=0.00000 ext100=0.000 total100=0.037
[train] 56:55:42<88:04:30, 0.052s/step step= 3926000 episodes= 8179 eps=0.050 replay= 39936 loss=0.00000 ext100=0.000 total100=0.036
[train] 56:57:26<88:02:46, 0.052s/step step= 3928000 episodes= 8184 eps=0.050 replay= 39936 loss=0.00000 ext100=0.000 total100=0.037
[train] 56:59:10<88:01:00, 0.052s/step step= 3930000 episodes= 8188 eps=0.050 replay= 39936 loss=0.00001 ext100=0.000 total100=0.037
[train] 57:00:54<87:59:16, 0.052s/step step= 3932000 episodes= 8192 eps=0.050 replay= 39936 loss=0.00000 ext100=0.000 total100=0.037
[train] 57:02:38<87:57:30, 0.052s/step step= 3934000 episodes= 8196 eps=0.050 replay= 39936 loss=0.00000 ext100=0.000 total100=0.038
[train] 57:04:22<87:55:45, 0.052s/step step= 3936000 episodes= 8200 eps=0.050 replay= 39936 loss=0.00000 ext100=0.000 total100=0.039
[train] 57:06:06<87:54:00, 0.052s/step step= 3938000 episodes= 8204 eps=0.050 replay= 39936 loss=0.00002 ext100=0.000 total100=0.038
[eval] step=3940000 episodes=8209 mean_ext_return=0.000
[train] 57:08:04<87:52:37, 0.052s/step step= 3940000 episodes= 8209 eps=0.050 replay= 39936 loss=0.00001 ext100=0.000 total100=0.039
[train] 57:09:48<87:50:52, 0.052s/step step= 3942000 episodes= 8213 eps=0.050 replay= 39936 loss=0.00000 ext100=0.000 total100=0.038
[train] 57:11:32<87:49:07, 0.052s/step step= 3944000 episodes= 8217 eps=0.050 replay= 39936 loss=0.00001 ext100=0.000 total100=0.039
[train] 57:13:15<87:47:21, 0.052s/step step= 3946000 episodes= 8221 eps=0.050 replay= 39936 loss=0.00004 ext100=0.000 total100=0.038
[train] 57:14:59<87:45:36, 0.052s/step step= 3948000 episodes= 8225 eps=0.050 replay= 39936 loss=0.00000 ext100=0.000 total100=0.038
[train] 57:16:43<87:43:50, 0.052s/step step= 3950000 episodes= 8229 eps=0.050 replay= 39936 loss=0.00000 ext100=0.000 total100=0.037
[train] 57:18:28<87:42:07, 0.052s/step step= 3952000 episodes= 8234 eps=0.050 replay= 39936 loss=0.00000 ext100=0.000 total100=0.037
[train] 57:20:12<87:40:21, 0.052s/step step= 3954000 episodes= 8238 eps=0.050 replay= 39936 loss=0.00002 ext100=0.000 total100=0.038
[train] 57:21:56<87:38:36, 0.052s/step step= 3956000 episodes= 8242 eps=0.050 replay= 39936 loss=0.00001 ext100=0.000 total100=0.037
[train] 57:23:40<87:36:51, 0.052s/step step= 3958000 episodes= 8246 eps=0.050 replay= 39936 loss=0.00001 ext100=0.000 total100=0.037
[eval] step=3960000 episodes=8250 mean_ext_return=0.000
[train] 57:25:38<87:35:28, 0.052s/step step= 3960000 episodes= 8250 eps=0.050 replay= 39936 loss=0.00000 ext100=0.000 total100=0.037
[train] 57:27:22<87:33:44, 0.052s/step step= 3962000 episodes= 8254 eps=0.050 replay= 39936 loss=0.00002 ext100=0.000 total100=0.038
[train] 57:29:06<87:31:58, 0.052s/step step= 3964000 episodes= 8259 eps=0.050 replay= 39936 loss=0.00001 ext100=0.000 total100=0.038
[train] 57:30:49<87:30:11, 0.052s/step step= 3966000 episodes= 8263 eps=0.050 replay= 39936 loss=0.00001 ext100=0.000 total100=0.037
[train] 57:32:33<87:28:27, 0.052s/step step= 3968000 episodes= 8267 eps=0.050 replay= 39936 loss=0.00000 ext100=0.000 total100=0.037
[train] 57:34:17<87:26:41, 0.052s/step step= 3970000 episodes= 8271 eps=0.050 replay= 39936 loss=0.00001 ext100=0.000 total100=0.038
[train] 57:36:01<87:24:56, 0.052s/step step= 3972000 episodes= 8275 eps=0.050 replay= 39936 loss=0.00000 ext100=0.000 total100=0.039
[train] 57:37:45<87:23:11, 0.052s/step step= 3974000 episodes= 8279 eps=0.050 replay= 39936 loss=0.00000 ext100=0.000 total100=0.039
[train] 57:39:29<87:21:26, 0.052s/step step= 3976000 episodes= 8284 eps=0.050 replay= 39936 loss=0.00000 ext100=0.000 total100=0.037
[train] 57:41:13<87:19:41, 0.052s/step step= 3978000 episodes= 8288 eps=0.050 replay= 39936 loss=0.00001 ext100=0.000 total100=0.038
[eval] step=3980000 episodes=8292 mean_ext_return=0.000
[train] 57:43:11<87:18:18, 0.052s/step step= 3980000 episodes= 8292 eps=0.050 replay= 39936 loss=0.00001 ext100=0.000 total100=0.036
[train] 57:44:55<87:16:33, 0.052s/step step= 3982000 episodes= 8296 eps=0.050 replay= 39936 loss=0.00000 ext100=0.000 total100=0.037
[train] 57:46:39<87:14:47, 0.052s/step step= 3984000 episodes= 8300 eps=0.050 replay= 39936 loss=0.00000 ext100=0.000 total100=0.037
[train] 57:48:23<87:13:01, 0.052s/step step= 3986000 episodes= 8304 eps=0.050 replay= 39936 loss=0.00001 ext100=0.000 total100=0.037
[train] 57:50:07<87:11:16, 0.052s/step step= 3988000 episodes= 8309 eps=0.050 replay= 39936 loss=0.00000 ext100=0.000 total100=0.037
[train] 57:51:50<87:09:31, 0.052s/step step= 3990000 episodes= 8313 eps=0.050 replay= 39936 loss=0.00001 ext100=0.000 total100=0.036
[train] 57:53:34<87:07:46, 0.052s/step step= 3992000 episodes= 8317 eps=0.050 replay= 39936 loss=0.00000 ext100=0.000 total100=0.035
[train] 57:55:18<87:06:01, 0.052s/step step= 3994000 episodes= 8321 eps=0.050 replay= 39936 loss=0.00002 ext100=0.000 total100=0.035
[train] 57:57:02<87:04:15, 0.052s/step step= 3996000 episodes= 8325 eps=0.050 replay= 39936 loss=0.00000 ext100=0.000 total100=0.034
[train] 57:58:46<87:02:30, 0.052s/step step= 3998000 episodes= 8329 eps=0.050 replay= 39936 loss=0.00001 ext100=0.000 total100=0.035
[eval] step=4000000 episodes=8334 mean_ext_return=0.000
[train] 58:00:44<87:01:07, 0.052s/step step= 4000000 episodes= 8334 eps=0.050 replay= 39936 loss=0.00000 ext100=0.000 total100=0.035
[train] 58:02:28<86:59:22, 0.052s/step step= 4002000 episodes= 8338 eps=0.050 replay= 39936 loss=0.00001 ext100=0.000 total100=0.035
[train] 58:04:12<86:57:37, 0.052s/step step= 4004000 episodes= 8342 eps=0.050 replay= 39936 loss=0.00000 ext100=0.000 total100=0.035
[train] 58:05:55<86:55:50, 0.052s/step step= 4006000 episodes= 8346 eps=0.050 replay= 39936 loss=0.00001 ext100=0.000 total100=0.037
[train] 58:07:39<86:54:05, 0.052s/step step= 4008000 episodes= 8350 eps=0.050 replay= 39936 loss=0.00000 ext100=0.000 total100=0.037
[train] 58:09:23<86:52:19, 0.052s/step step= 4010000 episodes= 8354 eps=0.050 replay= 39936 loss=0.00001 ext100=0.000 total100=0.037
[train] 58:11:07<86:50:34, 0.052s/step step= 4012000 episodes= 8359 eps=0.050 replay= 39936 loss=0.00000 ext100=0.000 total100=0.036
[train] 58:12:50<86:48:49, 0.052s/step step= 4014000 episodes= 8363 eps=0.050 replay= 39936 loss=0.00000 ext100=0.000 total100=0.038
[train] 58:14:35<86:47:04, 0.052s/step step= 4016000 episodes= 8367 eps=0.050 replay= 39936 loss=0.00000 ext100=0.000 total100=0.039
[train] 58:16:18<86:45:18, 0.052s/step step= 4018000 episodes= 8371 eps=0.050 replay= 39936 loss=0.00001 ext100=0.000 total100=0.039
[eval] step=4020000 episodes=8375 mean_ext_return=0.000
[train] 58:18:17<86:43:55, 0.052s/step step= 4020000 episodes= 8375 eps=0.050 replay= 39936 loss=0.00000 ext100=0.000 total100=0.036
[train] 58:20:01<86:42:09, 0.052s/step step= 4022000 episodes= 8379 eps=0.050 replay= 39936 loss=0.00000 ext100=0.000 total100=0.036
[train] 58:21:44<86:40:24, 0.052s/step step= 4024000 episodes= 8384 eps=0.050 replay= 39936 loss=0.00000 ext100=0.000 total100=0.036
[train] 58:23:27<86:38:37, 0.052s/step step= 4026000 episodes= 8388 eps=0.050 replay= 39936 loss=0.00002 ext100=0.000 total100=0.035
[train] 58:25:11<86:36:52, 0.052s/step step= 4028000 episodes= 8392 eps=0.050 replay= 39936 loss=0.00001 ext100=0.000 total100=0.036
[train] 58:26:55<86:35:06, 0.052s/step step= 4030000 episodes= 8396 eps=0.050 replay= 39936 loss=0.00000 ext100=0.000 total100=0.035
[train] 58:28:39<86:33:22, 0.052s/step step= 4032000 episodes= 8400 eps=0.050 replay= 39936 loss=0.00001 ext100=0.000 total100=0.036
[train] 58:30:22<86:31:36, 0.052s/step step= 4034000 episodes= 8404 eps=0.050 replay= 39936 loss=0.00001 ext100=0.000 total100=0.036
[train] 58:32:07<86:29:51, 0.052s/step step= 4036000 episodes= 8409 eps=0.050 replay= 39936 loss=0.00000 ext100=0.000 total100=0.035
[train] 58:33:50<86:28:06, 0.052s/step step= 4038000 episodes= 8413 eps=0.050 replay= 39936 loss=0.00001 ext100=0.000 total100=0.036
[eval] step=4040000 episodes=8417 mean_ext_return=0.000
[train] 58:35:49<86:26:42, 0.052s/step step= 4040000 episodes= 8417 eps=0.050 replay= 39936 loss=0.00001 ext100=0.000 total100=0.037
[train] 58:37:33<86:24:57, 0.052s/step step= 4042000 episodes= 8421 eps=0.050 replay= 39936 loss=0.00001 ext100=0.000 total100=0.036
[train] 58:39:17<86:23:11, 0.052s/step step= 4044000 episodes= 8425 eps=0.050 replay= 39936 loss=0.00000 ext100=0.000 total100=0.037
[train] 58:41:00<86:21:25, 0.052s/step step= 4046000 episodes= 8429 eps=0.050 replay= 39936 loss=0.00000 ext100=0.000 total100=0.036
[train] 58:42:44<86:19:40, 0.052s/step step= 4048000 episodes= 8434 eps=0.050 replay= 39936 loss=0.00000 ext100=0.000 total100=0.035
[train] 58:44:28<86:17:55, 0.052s/step step= 4050000 episodes= 8438 eps=0.050 replay= 39936 loss=0.00001 ext100=0.000 total100=0.035
[train] 58:46:12<86:16:10, 0.052s/step step= 4052000 episodes= 8442 eps=0.050 replay= 39936 loss=0.00000 ext100=0.000 total100=0.034
[train] 58:47:55<86:14:24, 0.052s/step step= 4054000 episodes= 8446 eps=0.050 replay= 39936 loss=0.00000 ext100=0.000 total100=0.033
[train] 58:49:39<86:12:39, 0.052s/step step= 4056000 episodes= 8450 eps=0.050 replay= 39936 loss=0.00000 ext100=0.000 total100=0.032
[train] 58:51:23<86:10:54, 0.052s/step step= 4058000 episodes= 8454 eps=0.050 replay= 39936 loss=0.00001 ext100=0.000 total100=0.030
[eval] step=4060000 episodes=8459 mean_ext_return=0.000
[train] 58:53:22<86:09:30, 0.052s/step step= 4060000 episodes= 8459 eps=0.050 replay= 39936 loss=0.00000 ext100=0.000 total100=0.031
[train] 58:55:06<86:07:45, 0.052s/step step= 4062000 episodes= 8463 eps=0.050 replay= 39936 loss=0.00000 ext100=0.000 total100=0.030
[train] 58:56:49<86:05:59, 0.052s/step step= 4064000 episodes= 8467 eps=0.050 replay= 39936 loss=0.00000 ext100=0.000 total100=0.029
[train] 58:58:32<86:04:13, 0.052s/step step= 4066000 episodes= 8471 eps=0.050 replay= 39936 loss=0.00001 ext100=0.000 total100=0.030
[train] 59:00:16<86:02:28, 0.052s/step step= 4068000 episodes= 8475 eps=0.050 replay= 39936 loss=0.00000 ext100=0.000 total100=0.032
[train] 59:02:00<86:00:42, 0.052s/step step= 4070000 episodes= 8479 eps=0.050 replay= 39936 loss=0.00000 ext100=0.000 total100=0.031
[train] 59:03:44<85:58:57, 0.052s/step step= 4072000 episodes= 8484 eps=0.050 replay= 39936 loss=0.00000 ext100=0.000 total100=0.032
[train] 59:05:27<85:57:11, 0.052s/step step= 4074000 episodes= 8488 eps=0.050 replay= 39936 loss=0.00000 ext100=0.000 total100=0.030
[train] 59:07:11<85:55:26, 0.052s/step step= 4076000 episodes= 8492 eps=0.050 replay= 39936 loss=0.00000 ext100=0.000 total100=0.029
[train] 59:08:55<85:53:41, 0.052s/step step= 4078000 episodes= 8496 eps=0.050 replay= 39936 loss=0.00001 ext100=0.000 total100=0.030
[eval] step=4080000 episodes=8500 mean_ext_return=0.000
[train] 59:10:54<85:52:17, 0.052s/step step= 4080000 episodes= 8500 eps=0.050 replay= 39936 loss=0.00000 ext100=0.000 total100=0.030
[train] 59:12:38<85:50:32, 0.052s/step step= 4082000 episodes= 8504 eps=0.050 replay= 39936 loss=0.00001 ext100=0.000 total100=0.029
[train] 59:14:21<85:48:46, 0.052s/step step= 4084000 episodes= 8509 eps=0.050 replay= 39936 loss=0.00000 ext100=0.000 total100=0.029
[train] 59:16:05<85:47:00, 0.052s/step step= 4086000 episodes= 8513 eps=0.050 replay= 39936 loss=0.00000 ext100=0.000 total100=0.029
[train] 59:17:49<85:45:15, 0.052s/step step= 4088000 episodes= 8517 eps=0.050 replay= 39936 loss=0.00000 ext100=0.000 total100=0.029
[train] 59:19:32<85:43:30, 0.052s/step step= 4090000 episodes= 8521 eps=0.050 replay= 39936 loss=0.00001 ext100=0.000 total100=0.029
[train] 59:21:16<85:41:45, 0.052s/step step= 4092000 episodes= 8525 eps=0.050 replay= 39936 loss=0.00000 ext100=0.000 total100=0.029
[train] 59:23:00<85:39:59, 0.052s/step step= 4094000 episodes= 8529 eps=0.050 replay= 39936 loss=0.00000 ext100=0.000 total100=0.029
[train] 59:24:44<85:38:14, 0.052s/step step= 4096000 episodes= 8534 eps=0.050 replay= 39936 loss=0.00001 ext100=0.000 total100=0.029
[train] 59:26:28<85:36:29, 0.052s/step step= 4098000 episodes= 8538 eps=0.050 replay= 39936 loss=0.00002 ext100=0.000 total100=0.029
[eval] step=4100000 episodes=8542 mean_ext_return=0.000
[train] 59:28:26<85:35:05, 0.052s/step step= 4100000 episodes= 8542 eps=0.050 replay= 39936 loss=0.00000 ext100=0.000 total100=0.030
[train] 59:30:11<85:33:20, 0.052s/step step= 4102000 episodes= 8546 eps=0.050 replay= 39936 loss=0.00000 ext100=0.000 total100=0.030
[train] 59:31:54<85:31:34, 0.052s/step step= 4104000 episodes= 8550 eps=0.050 replay= 39936 loss=0.00001 ext100=0.000 total100=0.031
[train] 59:33:37<85:29:48, 0.052s/step step= 4106000 episodes= 8554 eps=0.050 replay= 39936 loss=0.00001 ext100=0.000 total100=0.033
[train] 59:35:21<85:28:02, 0.052s/step step= 4108000 episodes= 8559 eps=0.050 replay= 39936 loss=0.00001 ext100=0.000 total100=0.033
[train] 59:37:05<85:26:17, 0.052s/step step= 4110000 episodes= 8563 eps=0.050 replay= 39936 loss=0.00001 ext100=0.000 total100=0.033
[train] 59:38:49<85:24:32, 0.052s/step step= 4112000 episodes= 8567 eps=0.050 replay= 39936 loss=0.00000 ext100=0.000 total100=0.033
[train] 59:40:33<85:22:46, 0.052s/step step= 4114000 episodes= 8571 eps=0.050 replay= 39936 loss=0.00002 ext100=0.000 total100=0.033
[train] 59:42:17<85:21:01, 0.052s/step step= 4116000 episodes= 8575 eps=0.050 replay= 39936 loss=0.00001 ext100=0.000 total100=0.033
[train] 59:44:00<85:19:16, 0.052s/step step= 4118000 episodes= 8579 eps=0.050 replay= 39936 loss=0.00001 ext100=0.000 total100=0.033
[eval] step=4120000 episodes=8584 mean_ext_return=0.000
[train] 59:45:59<85:17:52, 0.052s/step step= 4120000 episodes= 8584 eps=0.050 replay= 39936 loss=0.00000 ext100=0.000 total100=0.033
[train] 59:47:43<85:16:07, 0.052s/step step= 4122000 episodes= 8588 eps=0.050 replay= 39936 loss=0.00001 ext100=0.000 total100=0.035
[train] 59:49:26<85:14:21, 0.052s/step step= 4124000 episodes= 8592 eps=0.050 replay= 39936 loss=0.00001 ext100=0.000 total100=0.037
[train] 59:51:10<85:12:35, 0.052s/step step= 4126000 episodes= 8596 eps=0.050 replay= 39936 loss=0.00001 ext100=0.000 total100=0.036
[train] 59:52:53<85:10:49, 0.052s/step step= 4128000 episodes= 8600 eps=0.050 replay= 39936 loss=0.00000 ext100=0.000 total100=0.037
[train] 59:54:37<85:09:04, 0.052s/step step= 4130000 episodes= 8604 eps=0.050 replay= 39936 loss=0.00001 ext100=0.000 total100=0.037
[train] 59:56:21<85:07:19, 0.052s/step step= 4132000 episodes= 8609 eps=0.050 replay= 39936 loss=0.00001 ext100=0.000 total100=0.038
[train] 59:58:05<85:05:33, 0.052s/step step= 4134000 episodes= 8613 eps=0.050 replay= 39936 loss=0.00001 ext100=0.000 total100=0.038
[train] 59:59:49<85:03:48, 0.052s/step step= 4136000 episodes= 8617 eps=0.050 replay= 39936 loss=0.00001 ext100=0.000 total100=0.038
[train] 60:01:32<85:02:02, 0.052s/step step= 4138000 episodes= 8621 eps=0.050 replay= 39936 loss=0.00001 ext100=0.000 total100=0.038
[eval] step=4140000 episodes=8625 mean_ext_return=0.000
[train] 60:03:31<85:00:38, 0.052s/step step= 4140000 episodes= 8625 eps=0.050 replay= 39936 loss=0.00001 ext100=0.000 total100=0.038
[train] 60:05:15<84:58:53, 0.052s/step step= 4142000 episodes= 8629 eps=0.050 replay= 39936 loss=0.00000 ext100=0.000 total100=0.037
[train] 60:06:58<84:57:07, 0.052s/step step= 4144000 episodes= 8634 eps=0.050 replay= 39936 loss=0.00001 ext100=0.000 total100=0.036
[train] 60:08:42<84:55:21, 0.052s/step step= 4146000 episodes= 8638 eps=0.050 replay= 39936 loss=0.00002 ext100=0.000 total100=0.038
[train] 60:10:26<84:53:36, 0.052s/step step= 4148000 episodes= 8642 eps=0.050 replay= 39936 loss=0.00001 ext100=0.000 total100=0.038
[train] 60:12:09<84:51:50, 0.052s/step step= 4150000 episodes= 8646 eps=0.050 replay= 39936 loss=0.00000 ext100=0.000 total100=0.038
[train] 60:13:54<84:50:05, 0.052s/step step= 4152000 episodes= 8650 eps=0.050 replay= 39936 loss=0.00000 ext100=0.000 total100=0.038
[train] 60:15:37<84:48:20, 0.052s/step step= 4154000 episodes= 8654 eps=0.050 replay= 39936 loss=0.00002 ext100=0.000 total100=0.037
[train] 60:17:21<84:46:35, 0.052s/step step= 4156000 episodes= 8659 eps=0.050 replay= 39936 loss=0.00000 ext100=0.000 total100=0.036
[train] 60:19:05<84:44:49, 0.052s/step step= 4158000 episodes= 8663 eps=0.050 replay= 39936 loss=0.00000 ext100=0.000 total100=0.035
[eval] step=4160000 episodes=8667 mean_ext_return=0.000
[train] 60:21:04<84:43:25, 0.052s/step step= 4160000 episodes= 8667 eps=0.050 replay= 39936 loss=0.00001 ext100=0.000 total100=0.036
[train] 60:22:48<84:41:40, 0.052s/step step= 4162000 episodes= 8671 eps=0.050 replay= 39936 loss=0.00001 ext100=0.000 total100=0.036
[train] 60:24:31<84:39:54, 0.052s/step step= 4164000 episodes= 8675 eps=0.050 replay= 39936 loss=0.00000 ext100=0.000 total100=0.036
[train] 60:26:14<84:38:08, 0.052s/step step= 4166000 episodes= 8679 eps=0.050 replay= 39936 loss=0.00000 ext100=0.000 total100=0.035
[train] 60:27:58<84:36:23, 0.052s/step step= 4168000 episodes= 8684 eps=0.050 replay= 39936 loss=0.00000 ext100=0.000 total100=0.037
[train] 60:29:42<84:34:37, 0.052s/step step= 4170000 episodes= 8688 eps=0.050 replay= 39936 loss=0.00001 ext100=0.000 total100=0.036
[train] 60:31:26<84:32:52, 0.052s/step step= 4172000 episodes= 8692 eps=0.050 replay= 39936 loss=0.00000 ext100=0.000 total100=0.036
[train] 60:33:10<84:31:06, 0.052s/step step= 4174000 episodes= 8696 eps=0.050 replay= 39936 loss=0.00001 ext100=0.000 total100=0.036
[train] 60:34:53<84:29:21, 0.052s/step step= 4176000 episodes= 8700 eps=0.050 replay= 39936 loss=0.00000 ext100=0.000 total100=0.037
[train] 60:36:37<84:27:36, 0.052s/step step= 4178000 episodes= 8704 eps=0.050 replay= 39936 loss=0.00001 ext100=0.000 total100=0.038
[eval] step=4180000 episodes=8709 mean_ext_return=0.000
[train] 60:38:36<84:26:11, 0.052s/step step= 4180000 episodes= 8709 eps=0.050 replay= 39936 loss=0.00000 ext100=0.000 total100=0.037
[train] 60:40:20<84:24:26, 0.052s/step step= 4182000 episodes= 8713 eps=0.050 replay= 39936 loss=0.00000 ext100=0.000 total100=0.036
[train] 60:42:03<84:22:40, 0.052s/step step= 4184000 episodes= 8717 eps=0.050 replay= 39936 loss=0.00000 ext100=0.000 total100=0.035
[train] 60:43:47<84:20:54, 0.052s/step step= 4186000 episodes= 8721 eps=0.050 replay= 39936 loss=0.00001 ext100=0.000 total100=0.036
[train] 60:45:30<84:19:08, 0.052s/step step= 4188000 episodes= 8725 eps=0.050 replay= 39936 loss=0.00000 ext100=0.000 total100=0.035
[train] 60:47:14<84:17:23, 0.052s/step step= 4190000 episodes= 8729 eps=0.050 replay= 39936 loss=0.00001 ext100=0.000 total100=0.037
[train] 60:48:58<84:15:38, 0.052s/step step= 4192000 episodes= 8734 eps=0.050 replay= 39936 loss=0.00001 ext100=0.000 total100=0.038
[train] 60:50:42<84:13:52, 0.052s/step step= 4194000 episodes= 8738 eps=0.050 replay= 39936 loss=0.00001 ext100=0.000 total100=0.037
[train] 60:52:26<84:12:07, 0.052s/step step= 4196000 episodes= 8742 eps=0.050 replay= 39936 loss=0.00000 ext100=0.000 total100=0.035
[train] 60:54:09<84:10:22, 0.052s/step step= 4198000 episodes= 8746 eps=0.050 replay= 39936 loss=0.00000 ext100=0.000 total100=0.035
[eval] step=4200000 episodes=8750 mean_ext_return=0.000
[train] 60:56:08<84:08:57, 0.052s/step step= 4200000 episodes= 8750 eps=0.050 replay= 39936 loss=0.00001 ext100=0.000 total100=0.035
[train] 60:57:52<84:07:12, 0.052s/step step= 4202000 episodes= 8754 eps=0.050 replay= 39936 loss=0.00001 ext100=0.000 total100=0.037
[train] 60:59:35<84:05:26, 0.052s/step step= 4204000 episodes= 8759 eps=0.050 replay= 39936 loss=0.00001 ext100=0.000 total100=0.039
[train] 61:01:19<84:03:40, 0.052s/step step= 4206000 episodes= 8763 eps=0.050 replay= 39936 loss=0.00001 ext100=0.000 total100=0.040
[train] 61:03:02<84:01:54, 0.052s/step step= 4208000 episodes= 8767 eps=0.050 replay= 39936 loss=0.00001 ext100=0.000 total100=0.038
[train] 61:04:46<84:00:09, 0.052s/step step= 4210000 episodes= 8771 eps=0.050 replay= 39936 loss=0.00002 ext100=0.000 total100=0.038
[train] 61:06:30<83:58:24, 0.052s/step step= 4212000 episodes= 8775 eps=0.050 replay= 39936 loss=0.00001 ext100=0.000 total100=0.038
[train] 61:08:14<83:56:38, 0.052s/step step= 4214000 episodes= 8779 eps=0.050 replay= 39936 loss=0.00001 ext100=0.000 total100=0.039
[train] 61:09:58<83:54:53, 0.052s/step step= 4216000 episodes= 8784 eps=0.050 replay= 39936 loss=0.00000 ext100=0.000 total100=0.036
[train] 61:11:41<83:53:08, 0.052s/step step= 4218000 episodes= 8788 eps=0.050 replay= 39936 loss=0.00001 ext100=0.000 total100=0.036
[eval] step=4220000 episodes=8792 mean_ext_return=0.000
[train] 61:13:40<83:51:43, 0.052s/step step= 4220000 episodes= 8792 eps=0.050 replay= 39936 loss=0.00001 ext100=0.000 total100=0.034
[train] 61:15:24<83:49:57, 0.052s/step step= 4222000 episodes= 8796 eps=0.050 replay= 39936 loss=0.00001 ext100=0.000 total100=0.033
[train] 61:17:08<83:48:12, 0.052s/step step= 4224000 episodes= 8800 eps=0.050 replay= 39936 loss=0.00001 ext100=0.000 total100=0.031
[train] 61:18:51<83:46:25, 0.052s/step step= 4226000 episodes= 8804 eps=0.050 replay= 39936 loss=0.00001 ext100=0.000 total100=0.030
[train] 61:20:34<83:44:40, 0.052s/step step= 4228000 episodes= 8809 eps=0.050 replay= 39936 loss=0.00001 ext100=0.000 total100=0.031
[train] 61:22:18<83:42:55, 0.052s/step step= 4230000 episodes= 8813 eps=0.050 replay= 39936 loss=0.00001 ext100=0.000 total100=0.032
[train] 61:24:02<83:41:10, 0.052s/step step= 4232000 episodes= 8817 eps=0.050 replay= 39936 loss=0.00001 ext100=0.000 total100=0.032
[train] 61:25:46<83:39:24, 0.052s/step step= 4234000 episodes= 8821 eps=0.050 replay= 39936 loss=0.00001 ext100=0.000 total100=0.032
[train] 61:27:30<83:37:39, 0.052s/step step= 4236000 episodes= 8825 eps=0.050 replay= 39936 loss=0.00000 ext100=0.000 total100=0.032
[train] 61:29:14<83:35:53, 0.052s/step step= 4238000 episodes= 8829 eps=0.050 replay= 39936 loss=0.00001 ext100=0.000 total100=0.033
[eval] step=4240000 episodes=8834 mean_ext_return=0.000
[train] 61:31:12<83:34:28, 0.052s/step step= 4240000 episodes= 8834 eps=0.050 replay= 39936 loss=0.00001 ext100=0.000 total100=0.033
[train] 61:32:56<83:32:43, 0.052s/step step= 4242000 episodes= 8838 eps=0.050 replay= 39936 loss=0.00001 ext100=0.000 total100=0.032
[train] 61:34:40<83:30:58, 0.052s/step step= 4244000 episodes= 8842 eps=0.050 replay= 39936 loss=0.00001 ext100=0.000 total100=0.034
[train] 61:36:23<83:29:11, 0.052s/step step= 4246000 episodes= 8846 eps=0.050 replay= 39936 loss=0.00001 ext100=0.000 total100=0.035
[train] 61:38:07<83:27:26, 0.052s/step step= 4248000 episodes= 8850 eps=0.050 replay= 39936 loss=0.00000 ext100=0.000 total100=0.033
[train] 61:39:51<83:25:40, 0.052s/step step= 4250000 episodes= 8854 eps=0.050 replay= 39936 loss=0.00002 ext100=0.000 total100=0.032
[train] 61:41:35<83:23:56, 0.052s/step step= 4252000 episodes= 8859 eps=0.050 replay= 39936 loss=0.00001 ext100=0.000 total100=0.029
[train] 61:43:18<83:22:10, 0.052s/step step= 4254000 episodes= 8863 eps=0.050 replay= 39936 loss=0.00000 ext100=0.000 total100=0.029
[train] 61:45:02<83:20:25, 0.052s/step step= 4256000 episodes= 8867 eps=0.050 replay= 39936 loss=0.00000 ext100=0.000 total100=0.030
[train] 61:46:46<83:18:39, 0.052s/step step= 4258000 episodes= 8871 eps=0.050 replay= 39936 loss=0.00001 ext100=0.000 total100=0.029
[eval] step=4260000 episodes=8875 mean_ext_return=0.000
[train] 61:48:45<83:17:14, 0.052s/step step= 4260000 episodes= 8875 eps=0.050 replay= 39936 loss=0.00001 ext100=0.000 total100=0.030
[train] 61:50:29<83:15:29, 0.052s/step step= 4262000 episodes= 8879 eps=0.050 replay= 39936 loss=0.00000 ext100=0.000 total100=0.030
[train] 61:52:12<83:13:43, 0.052s/step step= 4264000 episodes= 8884 eps=0.050 replay= 39936 loss=0.00000 ext100=0.000 total100=0.031
[train] 61:53:55<83:11:57, 0.052s/step step= 4266000 episodes= 8888 eps=0.050 replay= 39936 loss=0.00002 ext100=0.000 total100=0.032
[train] 61:55:39<83:10:11, 0.052s/step step= 4268000 episodes= 8892 eps=0.050 replay= 39936 loss=0.00001 ext100=0.000 total100=0.033
[train] 61:57:23<83:08:26, 0.052s/step step= 4270000 episodes= 8896 eps=0.050 replay= 39936 loss=0.00000 ext100=0.000 total100=0.034
[train] 61:59:07<83:06:41, 0.052s/step step= 4272000 episodes= 8900 eps=0.050 replay= 39936 loss=0.00000 ext100=0.000 total100=0.036
[train] 62:00:51<83:04:55, 0.052s/step step= 4274000 episodes= 8904 eps=0.050 replay= 39936 loss=0.00002 ext100=0.000 total100=0.037
[train] 62:02:35<83:03:11, 0.052s/step step= 4276000 episodes= 8909 eps=0.050 replay= 39936 loss=0.00000 ext100=0.000 total100=0.037
[train] 62:04:18<83:01:25, 0.052s/step step= 4278000 episodes= 8913 eps=0.050 replay= 39936 loss=0.00000 ext100=0.000 total100=0.036
[eval] step=4280000 episodes=8917 mean_ext_return=0.000
[train] 62:06:17<82:59:59, 0.052s/step step= 4280000 episodes= 8917 eps=0.050 replay= 39936 loss=0.00001 ext100=0.000 total100=0.037
[train] 62:08:01<82:58:14, 0.052s/step step= 4282000 episodes= 8921 eps=0.050 replay= 39936 loss=0.00002 ext100=0.000 total100=0.038
[train] 62:09:45<82:56:28, 0.052s/step step= 4284000 episodes= 8925 eps=0.050 replay= 39936 loss=0.00000 ext100=0.000 total100=0.039
[train] 62:11:28<82:54:42, 0.052s/step step= 4286000 episodes= 8929 eps=0.050 replay= 39936 loss=0.00001 ext100=0.000 total100=0.039
[train] 62:13:11<82:52:57, 0.052s/step step= 4288000 episodes= 8934 eps=0.050 replay= 39936 loss=0.00000 ext100=0.000 total100=0.039
[train] 62:14:55<82:51:12, 0.052s/step step= 4290000 episodes= 8938 eps=0.050 replay= 39936 loss=0.00001 ext100=0.000 total100=0.038
[train] 62:16:39<82:49:26, 0.052s/step step= 4292000 episodes= 8942 eps=0.050 replay= 39936 loss=0.00000 ext100=0.000 total100=0.038
[train] 62:18:23<82:47:41, 0.052s/step step= 4294000 episodes= 8946 eps=0.050 replay= 39936 loss=0.00001 ext100=0.000 total100=0.037
[train] 62:20:07<82:45:56, 0.052s/step step= 4296000 episodes= 8950 eps=0.050 replay= 39936 loss=0.00001 ext100=0.000 total100=0.039
[train] 62:21:50<82:44:10, 0.052s/step step= 4298000 episodes= 8954 eps=0.050 replay= 39936 loss=0.00001 ext100=0.000 total100=0.039
[eval] step=4300000 episodes=8959 mean_ext_return=0.000
[train] 62:23:49<82:42:44, 0.052s/step step= 4300000 episodes= 8959 eps=0.050 replay= 39936 loss=0.00000 ext100=0.000 total100=0.040
[train] 62:25:33<82:40:59, 0.052s/step step= 4302000 episodes= 8963 eps=0.050 replay= 39936 loss=0.00001 ext100=0.000 total100=0.040
[train] 62:27:17<82:39:14, 0.052s/step step= 4304000 episodes= 8967 eps=0.050 replay= 39936 loss=0.00000 ext100=0.000 total100=0.041
[train] 62:29:00<82:37:27, 0.052s/step step= 4306000 episodes= 8971 eps=0.050 replay= 39936 loss=0.00001 ext100=0.000 total100=0.041
[train] 62:30:44<82:35:42, 0.052s/step step= 4308000 episodes= 8975 eps=0.050 replay= 39936 loss=0.00001 ext100=0.000 total100=0.040
[train] 62:32:28<82:33:57, 0.052s/step step= 4310000 episodes= 8979 eps=0.050 replay= 39936 loss=0.00000 ext100=0.000 total100=0.042
[train] 62:34:12<82:32:12, 0.052s/step step= 4312000 episodes= 8984 eps=0.050 replay= 39936 loss=0.00000 ext100=0.000 total100=0.041
[train] 62:35:55<82:30:26, 0.052s/step step= 4314000 episodes= 8988 eps=0.050 replay= 39936 loss=0.00001 ext100=0.000 total100=0.041
[train] 62:37:40<82:28:41, 0.052s/step step= 4316000 episodes= 8992 eps=0.050 replay= 39936 loss=0.00000 ext100=0.000 total100=0.042
[train] 62:39:23<82:26:56, 0.052s/step step= 4318000 episodes= 8996 eps=0.050 replay= 39936 loss=0.00001 ext100=0.000 total100=0.042
[eval] step=4320000 episodes=9000 mean_ext_return=0.000
[train] 62:41:22<82:25:30, 0.052s/step step= 4320000 episodes= 9000 eps=0.050 replay= 39936 loss=0.00002 ext100=0.000 total100=0.040
[train] 62:43:06<82:23:45, 0.052s/step step= 4322000 episodes= 9004 eps=0.050 replay= 39936 loss=0.00002 ext100=0.000 total100=0.039
[train] 62:44:49<82:21:59, 0.052s/step step= 4324000 episodes= 9009 eps=0.050 replay= 39936 loss=0.00000 ext100=0.000 total100=0.037
[train] 62:46:32<82:20:13, 0.052s/step step= 4326000 episodes= 9013 eps=0.050 replay= 39936 loss=0.00000 ext100=0.000 total100=0.038
[train] 62:48:16<82:18:27, 0.052s/step step= 4328000 episodes= 9017 eps=0.050 replay= 39936 loss=0.00001 ext100=0.000 total100=0.037
[train] 62:50:00<82:16:42, 0.052s/step step= 4330000 episodes= 9021 eps=0.050 replay= 39936 loss=0.00002 ext100=0.000 total100=0.036
[train] 62:51:44<82:14:57, 0.052s/step step= 4332000 episodes= 9025 eps=0.050 replay= 39936 loss=0.00001 ext100=0.000 total100=0.035
[train] 62:53:28<82:13:12, 0.052s/step step= 4334000 episodes= 9029 eps=0.050 replay= 39936 loss=0.00000 ext100=0.000 total100=0.035
[train] 62:55:12<82:11:26, 0.052s/step step= 4336000 episodes= 9034 eps=0.050 replay= 39936 loss=0.00000 ext100=0.000 total100=0.036
[train] 62:56:56<82:09:41, 0.052s/step step= 4338000 episodes= 9038 eps=0.050 replay= 39936 loss=0.00002 ext100=0.000 total100=0.036
[eval] step=4340000 episodes=9042 mean_ext_return=0.000
[train] 62:58:54<82:08:15, 0.052s/step step= 4340000 episodes= 9042 eps=0.050 replay= 39936 loss=0.00001 ext100=0.000 total100=0.039
[train] 63:00:38<82:06:30, 0.052s/step step= 4342000 episodes= 9046 eps=0.050 replay= 39936 loss=0.00000 ext100=0.000 total100=0.040
[train] 63:02:22<82:04:45, 0.052s/step step= 4344000 episodes= 9050 eps=0.050 replay= 39936 loss=0.00000 ext100=0.000 total100=0.039
[train] 63:04:05<82:02:58, 0.052s/step step= 4346000 episodes= 9054 eps=0.050 replay= 39936 loss=0.00001 ext100=0.000 total100=0.039
[train] 63:05:49<82:01:13, 0.052s/step step= 4348000 episodes= 9059 eps=0.050 replay= 39936 loss=0.00000 ext100=0.000 total100=0.039
[train] 63:07:33<81:59:28, 0.052s/step step= 4350000 episodes= 9063 eps=0.050 replay= 39936 loss=0.00000 ext100=0.000 total100=0.038
[train] 63:09:17<81:57:43, 0.052s/step step= 4352000 episodes= 9067 eps=0.050 replay= 39936 loss=0.00001 ext100=0.000 total100=0.038
[train] 63:11:01<81:55:57, 0.052s/step step= 4354000 episodes= 9071 eps=0.050 replay= 39936 loss=0.00001 ext100=0.000 total100=0.038
[train] 63:12:45<81:54:12, 0.052s/step step= 4356000 episodes= 9075 eps=0.050 replay= 39936 loss=0.00000 ext100=0.000 total100=0.039
[train] 63:14:28<81:52:26, 0.052s/step step= 4358000 episodes= 9079 eps=0.050 replay= 39936 loss=0.00000 ext100=0.000 total100=0.039
[eval] step=4360000 episodes=9084 mean_ext_return=0.000
[train] 63:16:27<81:51:00, 0.052s/step step= 4360000 episodes= 9084 eps=0.050 replay= 39936 loss=0.00000 ext100=0.000 total100=0.040
[train] 63:18:11<81:49:15, 0.052s/step step= 4362000 episodes= 9088 eps=0.050 replay= 39936 loss=0.00002 ext100=0.000 total100=0.040
[train] 63:19:55<81:47:30, 0.052s/step step= 4364000 episodes= 9092 eps=0.050 replay= 39936 loss=0.00001 ext100=0.000 total100=0.040
[train] 63:21:38<81:45:43, 0.052s/step step= 4366000 episodes= 9096 eps=0.050 replay= 39936 loss=0.00001 ext100=0.000 total100=0.040
[train] 63:23:21<81:43:58, 0.052s/step step= 4368000 episodes= 9100 eps=0.050 replay= 39936 loss=0.00001 ext100=0.000 total100=0.041
[train] 63:25:05<81:42:12, 0.052s/step step= 4370000 episodes= 9104 eps=0.050 replay= 39936 loss=0.00002 ext100=0.000 total100=0.040
[train] 63:26:49<81:40:27, 0.052s/step step= 4372000 episodes= 9109 eps=0.050 replay= 39936 loss=0.00001 ext100=0.000 total100=0.043
[train] 63:28:33<81:38:42, 0.052s/step step= 4374000 episodes= 9113 eps=0.050 replay= 39936 loss=0.00001 ext100=0.000 total100=0.042
[train] 63:30:17<81:36:57, 0.052s/step step= 4376000 episodes= 9117 eps=0.050 replay= 39936 loss=0.00001 ext100=0.000 total100=0.043
[train] 63:32:01<81:35:11, 0.052s/step step= 4378000 episodes= 9121 eps=0.050 replay= 39936 loss=0.00004 ext100=0.000 total100=0.044
[eval] step=4380000 episodes=9125 mean_ext_return=0.000
[train] 63:34:00<81:33:45, 0.052s/step step= 4380000 episodes= 9125 eps=0.050 replay= 39936 loss=0.00001 ext100=0.000 total100=0.044
[train] 63:35:44<81:32:00, 0.052s/step step= 4382000 episodes= 9129 eps=0.050 replay= 39936 loss=0.00000 ext100=0.000 total100=0.042
[train] 63:37:27<81:30:15, 0.052s/step step= 4384000 episodes= 9134 eps=0.050 replay= 39936 loss=0.00000 ext100=0.000 total100=0.041
[train] 63:39:10<81:28:28, 0.052s/step step= 4386000 episodes= 9138 eps=0.050 replay= 39936 loss=0.00001 ext100=0.000 total100=0.041
[train] 63:40:54<81:26:43, 0.052s/step step= 4388000 episodes= 9142 eps=0.050 replay= 39936 loss=0.00000 ext100=0.000 total100=0.039
[train] 63:42:38<81:24:58, 0.052s/step step= 4390000 episodes= 9146 eps=0.050 replay= 39936 loss=0.00001 ext100=0.000 total100=0.039
[train] 63:44:22<81:23:13, 0.052s/step step= 4392000 episodes= 9150 eps=0.050 replay= 39936 loss=0.00001 ext100=0.000 total100=0.040
[train] 63:46:06<81:21:27, 0.052s/step step= 4394000 episodes= 9154 eps=0.050 replay= 39936 loss=0.00002 ext100=0.000 total100=0.041
[train] 63:47:50<81:19:42, 0.052s/step step= 4396000 episodes= 9159 eps=0.050 replay= 39936 loss=0.00001 ext100=0.000 total100=0.041
[train] 63:49:34<81:17:57, 0.052s/step step= 4398000 episodes= 9163 eps=0.050 replay= 39936 loss=0.00001 ext100=0.000 total100=0.040
[eval] step=4400000 episodes=9167 mean_ext_return=0.000
[train] 63:51:32<81:16:31, 0.052s/step step= 4400000 episodes= 9167 eps=0.050 replay= 39936 loss=0.00000 ext100=0.000 total100=0.040
[train] 63:53:17<81:14:46, 0.052s/step step= 4402000 episodes= 9171 eps=0.050 replay= 39936 loss=0.00002 ext100=0.000 total100=0.040
[train] 63:55:00<81:13:00, 0.052s/step step= 4404000 episodes= 9175 eps=0.050 replay= 39936 loss=0.00000 ext100=0.000 total100=0.039
[train] 63:56:43<81:11:14, 0.052s/step step= 4406000 episodes= 9179 eps=0.050 replay= 39936 loss=0.00001 ext100=0.000 total100=0.038
[train] 63:58:27<81:09:28, 0.052s/step step= 4408000 episodes= 9184 eps=0.050 replay= 39936 loss=0.00001 ext100=0.000 total100=0.037
[train] 64:00:11<81:07:43, 0.052s/step step= 4410000 episodes= 9188 eps=0.050 replay= 39936 loss=0.00001 ext100=0.000 total100=0.037
[train] 64:01:55<81:05:58, 0.052s/step step= 4412000 episodes= 9192 eps=0.050 replay= 39936 loss=0.00000 ext100=0.000 total100=0.037
[train] 64:03:39<81:04:13, 0.052s/step step= 4414000 episodes= 9196 eps=0.050 replay= 39936 loss=0.00000 ext100=0.000 total100=0.036
[train] 64:05:23<81:02:28, 0.052s/step step= 4416000 episodes= 9200 eps=0.050 replay= 39936 loss=0.00000 ext100=0.000 total100=0.035
[train] 64:07:07<81:00:42, 0.052s/step step= 4418000 episodes= 9204 eps=0.050 replay= 39936 loss=0.00001 ext100=0.000 total100=0.035
[eval] step=4420000 episodes=9209 mean_ext_return=0.000
[train] 64:09:06<80:59:16, 0.052s/step step= 4420000 episodes= 9209 eps=0.050 replay= 39936 loss=0.00000 ext100=0.000 total100=0.035
[train] 64:10:50<80:57:31, 0.052s/step step= 4422000 episodes= 9213 eps=0.050 replay= 39936 loss=0.00001 ext100=0.000 total100=0.036
[train] 64:12:33<80:55:45, 0.052s/step step= 4424000 episodes= 9217 eps=0.050 replay= 39936 loss=0.00001 ext100=0.000 total100=0.035
[train] 64:14:16<80:53:59, 0.052s/step step= 4426000 episodes= 9221 eps=0.050 replay= 39936 loss=0.00002 ext100=0.000 total100=0.035
[train] 64:16:00<80:52:13, 0.052s/step step= 4428000 episodes= 9225 eps=0.050 replay= 39936 loss=0.00000 ext100=0.000 total100=0.034
[train] 64:17:44<80:50:28, 0.052s/step step= 4430000 episodes= 9229 eps=0.050 replay= 39936 loss=0.00000 ext100=0.000 total100=0.035
[train] 64:19:28<80:48:43, 0.052s/step step= 4432000 episodes= 9234 eps=0.050 replay= 39936 loss=0.00001 ext100=0.000 total100=0.035
[train] 64:21:11<80:46:57, 0.052s/step step= 4434000 episodes= 9238 eps=0.050 replay= 39936 loss=0.00001 ext100=0.000 total100=0.035
[train] 64:22:55<80:45:12, 0.052s/step step= 4436000 episodes= 9242 eps=0.050 replay= 39936 loss=0.00000 ext100=0.000 total100=0.035
[train] 64:24:39<80:43:26, 0.052s/step step= 4438000 episodes= 9246 eps=0.050 replay= 39936 loss=0.00000 ext100=0.000 total100=0.034
[eval] step=4440000 episodes=9250 mean_ext_return=0.000
[train] 64:26:38<80:42:00, 0.052s/step step= 4440000 episodes= 9250 eps=0.050 replay= 39936 loss=0.00000 ext100=0.000 total100=0.033
[train] 64:28:22<80:40:14, 0.052s/step step= 4442000 episodes= 9254 eps=0.050 replay= 39936 loss=0.00001 ext100=0.000 total100=0.032
[train] 64:30:05<80:38:29, 0.052s/step step= 4444000 episodes= 9259 eps=0.050 replay= 39936 loss=0.00000 ext100=0.000 total100=0.032
[train] 64:31:49<80:36:43, 0.052s/step step= 4446000 episodes= 9263 eps=0.050 replay= 39936 loss=0.00001 ext100=0.000 total100=0.033
[train] 64:33:32<80:34:57, 0.052s/step step= 4448000 episodes= 9267 eps=0.050 replay= 39936 loss=0.00000 ext100=0.000 total100=0.032
[train] 64:35:16<80:33:12, 0.052s/step step= 4450000 episodes= 9271 eps=0.050 replay= 39936 loss=0.00003 ext100=0.000 total100=0.032
[train] 64:37:00<80:31:27, 0.052s/step step= 4452000 episodes= 9275 eps=0.050 replay= 39936 loss=0.00001 ext100=0.000 total100=0.032
[train] 64:38:44<80:29:42, 0.052s/step step= 4454000 episodes= 9279 eps=0.050 replay= 39936 loss=0.00001 ext100=0.000 total100=0.032
[train] 64:40:28<80:27:57, 0.052s/step step= 4456000 episodes= 9284 eps=0.050 replay= 39936 loss=0.00000 ext100=0.000 total100=0.033
[train] 64:42:12<80:26:11, 0.052s/step step= 4458000 episodes= 9288 eps=0.050 replay= 39936 loss=0.00002 ext100=0.000 total100=0.033
[eval] step=4460000 episodes=9292 mean_ext_return=0.000
[train] 64:44:11<80:24:45, 0.052s/step step= 4460000 episodes= 9292 eps=0.050 replay= 39936 loss=0.00000 ext100=0.000 total100=0.033
[train] 64:45:55<80:22:59, 0.052s/step step= 4462000 episodes= 9296 eps=0.050 replay= 39936 loss=0.00000 ext100=0.000 total100=0.033
[train] 64:47:38<80:21:14, 0.052s/step step= 4464000 episodes= 9300 eps=0.050 replay= 39936 loss=0.00000 ext100=0.000 total100=0.033
[train] 64:49:21<80:19:28, 0.052s/step step= 4466000 episodes= 9304 eps=0.050 replay= 39936 loss=0.00001 ext100=0.000 total100=0.033
[train] 64:51:05<80:17:42, 0.052s/step step= 4468000 episodes= 9309 eps=0.050 replay= 39936 loss=0.00001 ext100=0.000 total100=0.031
[train] 64:52:49<80:15:57, 0.052s/step step= 4470000 episodes= 9313 eps=0.050 replay= 39936 loss=0.00000 ext100=0.000 total100=0.031
[train] 64:54:33<80:14:12, 0.052s/step step= 4472000 episodes= 9317 eps=0.050 replay= 39936 loss=0.00001 ext100=0.000 total100=0.032
[train] 64:56:17<80:12:26, 0.052s/step step= 4474000 episodes= 9321 eps=0.050 replay= 39936 loss=0.00001 ext100=0.000 total100=0.032
[train] 64:58:01<80:10:41, 0.052s/step step= 4476000 episodes= 9325 eps=0.050 replay= 39936 loss=0.00000 ext100=0.000 total100=0.034
[train] 64:59:44<80:08:56, 0.052s/step step= 4478000 episodes= 9329 eps=0.050 replay= 39936 loss=0.00001 ext100=0.000 total100=0.033
[eval] step=4480000 episodes=9334 mean_ext_return=0.000
[train] 65:01:43<80:07:29, 0.052s/step step= 4480000 episodes= 9334 eps=0.050 replay= 39936 loss=0.00001 ext100=0.000 total100=0.034
[train] 65:03:27<80:05:43, 0.052s/step step= 4482000 episodes= 9338 eps=0.050 replay= 39936 loss=0.00002 ext100=0.000 total100=0.034
[train] 65:05:11<80:03:58, 0.052s/step step= 4484000 episodes= 9342 eps=0.050 replay= 39936 loss=0.00001 ext100=0.000 total100=0.034
[train] 65:06:54<80:02:12, 0.052s/step step= 4486000 episodes= 9346 eps=0.050 replay= 39936 loss=0.00001 ext100=0.000 total100=0.034
[train] 65:08:38<80:00:26, 0.052s/step step= 4488000 episodes= 9350 eps=0.050 replay= 39936 loss=0.00001 ext100=0.000 total100=0.033
[train] 65:10:22<79:58:41, 0.052s/step step= 4490000 episodes= 9354 eps=0.050 replay= 39936 loss=0.00001 ext100=0.000 total100=0.033
[train] 65:12:06<79:56:56, 0.052s/step step= 4492000 episodes= 9359 eps=0.050 replay= 39936 loss=0.00001 ext100=0.000 total100=0.033
[train] 65:13:49<79:55:10, 0.052s/step step= 4494000 episodes= 9363 eps=0.050 replay= 39936 loss=0.00001 ext100=0.000 total100=0.034
[train] 65:15:33<79:53:25, 0.052s/step step= 4496000 episodes= 9367 eps=0.050 replay= 39936 loss=0.00001 ext100=0.000 total100=0.035
[train] 65:17:17<79:51:40, 0.052s/step step= 4498000 episodes= 9371 eps=0.050 replay= 39936 loss=0.00002 ext100=0.000 total100=0.035
[eval] step=4500000 episodes=9375 mean_ext_return=0.000
[train] 65:19:15<79:50:12, 0.052s/step step= 4500000 episodes= 9375 eps=0.050 replay= 39936 loss=0.00001 ext100=0.000 total100=0.035
[train] 65:21:00<79:48:27, 0.052s/step step= 4502000 episodes= 9379 eps=0.050 replay= 39936 loss=0.00001 ext100=0.000 total100=0.036
[train] 65:22:43<79:46:42, 0.052s/step step= 4504000 episodes= 9384 eps=0.050 replay= 39936 loss=0.00000 ext100=0.000 total100=0.036
[train] 65:24:27<79:44:56, 0.052s/step step= 4506000 episodes= 9388 eps=0.050 replay= 39936 loss=0.00001 ext100=0.000 total100=0.035
[train] 65:26:10<79:43:10, 0.052s/step step= 4508000 episodes= 9392 eps=0.050 replay= 39936 loss=0.00001 ext100=0.000 total100=0.035
[train] 65:27:54<79:41:25, 0.052s/step step= 4510000 episodes= 9396 eps=0.050 replay= 39936 loss=0.00000 ext100=0.000 total100=0.036
[train] 65:29:38<79:39:40, 0.052s/step step= 4512000 episodes= 9400 eps=0.050 replay= 39936 loss=0.00002 ext100=0.000 total100=0.037
[train] 65:31:22<79:37:54, 0.052s/step step= 4514000 episodes= 9404 eps=0.050 replay= 39936 loss=0.00003 ext100=0.000 total100=0.038
[train] 65:33:06<79:36:09, 0.052s/step step= 4516000 episodes= 9409 eps=0.050 replay= 39936 loss=0.00001 ext100=0.000 total100=0.038
[train] 65:34:49<79:34:24, 0.052s/step step= 4518000 episodes= 9413 eps=0.050 replay= 39936 loss=0.00001 ext100=0.000 total100=0.037
[eval] step=4520000 episodes=9417 mean_ext_return=0.000
[train] 65:36:48<79:32:56, 0.052s/step step= 4520000 episodes= 9417 eps=0.050 replay= 39936 loss=0.00001 ext100=0.000 total100=0.036
[train] 65:38:32<79:31:11, 0.052s/step step= 4522000 episodes= 9421 eps=0.050 replay= 39936 loss=0.00002 ext100=0.000 total100=0.036
[train] 65:40:16<79:29:26, 0.052s/step step= 4524000 episodes= 9425 eps=0.050 replay= 39936 loss=0.00001 ext100=0.000 total100=0.035
[train] 65:41:59<79:27:40, 0.052s/step step= 4526000 episodes= 9429 eps=0.050 replay= 39936 loss=0.00001 ext100=0.000 total100=0.036
[train] 65:43:43<79:25:54, 0.052s/step step= 4528000 episodes= 9434 eps=0.050 replay= 39936 loss=0.00001 ext100=0.000 total100=0.036
[train] 65:45:27<79:24:09, 0.052s/step step= 4530000 episodes= 9438 eps=0.050 replay= 39936 loss=0.00001 ext100=0.000 total100=0.037
[train] 65:47:11<79:22:24, 0.052s/step step= 4532000 episodes= 9442 eps=0.050 replay= 39936 loss=0.00001 ext100=0.000 total100=0.036
[train] 65:48:55<79:20:39, 0.052s/step step= 4534000 episodes= 9446 eps=0.050 replay= 39936 loss=0.00001 ext100=0.000 total100=0.037
[train] 65:50:39<79:18:54, 0.052s/step step= 4536000 episodes= 9450 eps=0.050 replay= 39936 loss=0.00001 ext100=0.000 total100=0.039
[train] 65:52:22<79:17:08, 0.052s/step step= 4538000 episodes= 9454 eps=0.050 replay= 39936 loss=0.00002 ext100=0.000 total100=0.040
[eval] step=4540000 episodes=9459 mean_ext_return=0.000
[train] 65:54:21<79:15:41, 0.052s/step step= 4540000 episodes= 9459 eps=0.050 replay= 39936 loss=0.00001 ext100=0.000 total100=0.039
[train] 65:56:05<79:13:55, 0.052s/step step= 4542000 episodes= 9463 eps=0.050 replay= 39936 loss=0.00001 ext100=0.000 total100=0.038
[train] 65:57:49<79:12:10, 0.052s/step step= 4544000 episodes= 9467 eps=0.050 replay= 39936 loss=0.00001 ext100=0.000 total100=0.037
[train] 65:59:32<79:10:24, 0.052s/step step= 4546000 episodes= 9471 eps=0.050 replay= 39936 loss=0.00002 ext100=0.000 total100=0.037
[train] 66:01:15<79:08:38, 0.052s/step step= 4548000 episodes= 9475 eps=0.050 replay= 39936 loss=0.00000 ext100=0.000 total100=0.036
[train] 66:02:59<79:06:53, 0.052s/step step= 4550000 episodes= 9479 eps=0.050 replay= 39936 loss=0.00001 ext100=0.000 total100=0.036
[train] 66:04:44<79:05:08, 0.052s/step step= 4552000 episodes= 9484 eps=0.050 replay= 39936 loss=0.00001 ext100=0.000 total100=0.036
[train] 66:06:27<79:03:22, 0.052s/step step= 4554000 episodes= 9488 eps=0.050 replay= 39936 loss=0.00002 ext100=0.000 total100=0.036
[train] 66:08:11<79:01:37, 0.052s/step step= 4556000 episodes= 9492 eps=0.050 replay= 39936 loss=0.00001 ext100=0.000 total100=0.035
[train] 66:09:55<78:59:52, 0.052s/step step= 4558000 episodes= 9496 eps=0.050 replay= 39936 loss=0.00001 ext100=0.000 total100=0.034
[eval] step=4560000 episodes=9500 mean_ext_return=0.000
[train] 66:11:54<78:58:24, 0.052s/step step= 4560000 episodes= 9500 eps=0.050 replay= 39936 loss=0.00001 ext100=0.000 total100=0.034
[train] 66:13:37<78:56:39, 0.052s/step step= 4562000 episodes= 9504 eps=0.050 replay= 39936 loss=0.00001 ext100=0.000 total100=0.034
[train] 66:15:22<78:54:54, 0.052s/step step= 4564000 episodes= 9509 eps=0.050 replay= 39936 loss=0.00001 ext100=0.000 total100=0.034
[train] 66:17:05<78:53:08, 0.052s/step step= 4566000 episodes= 9513 eps=0.050 replay= 39936 loss=0.00001 ext100=0.000 total100=0.034
[train] 66:18:48<78:51:22, 0.052s/step step= 4568000 episodes= 9517 eps=0.050 replay= 39936 loss=0.00001 ext100=0.000 total100=0.034
[train] 66:20:32<78:49:37, 0.052s/step step= 4570000 episodes= 9521 eps=0.050 replay= 39936 loss=0.00001 ext100=0.000 total100=0.034
[train] 66:22:16<78:47:52, 0.052s/step step= 4572000 episodes= 9525 eps=0.050 replay= 39936 loss=0.00001 ext100=0.000 total100=0.031
[train] 66:24:00<78:46:06, 0.052s/step step= 4574000 episodes= 9529 eps=0.050 replay= 39936 loss=0.00000 ext100=0.000 total100=0.030
[train] 66:25:44<78:44:21, 0.052s/step step= 4576000 episodes= 9534 eps=0.050 replay= 39936 loss=0.00001 ext100=0.000 total100=0.031
[train] 66:27:28<78:42:35, 0.052s/step step= 4578000 episodes= 9538 eps=0.050 replay= 39936 loss=0.00001 ext100=0.000 total100=0.030
[eval] step=4580000 episodes=9542 mean_ext_return=0.000
[train] 66:29:26<78:41:08, 0.052s/step step= 4580000 episodes= 9542 eps=0.050 replay= 39936 loss=0.00000 ext100=0.000 total100=0.030
[train] 66:31:10<78:39:22, 0.052s/step step= 4582000 episodes= 9546 eps=0.050 replay= 39936 loss=0.00001 ext100=0.000 total100=0.031
[train] 66:32:54<78:37:37, 0.052s/step step= 4584000 episodes= 9550 eps=0.050 replay= 39936 loss=0.00000 ext100=0.000 total100=0.030
[train] 66:34:37<78:35:51, 0.052s/step step= 4586000 episodes= 9554 eps=0.050 replay= 39936 loss=0.00000 ext100=0.000 total100=0.029
[train] 66:36:21<78:34:05, 0.052s/step step= 4588000 episodes= 9559 eps=0.050 replay= 39936 loss=0.00000 ext100=0.000 total100=0.028
[train] 66:38:05<78:32:20, 0.052s/step step= 4590000 episodes= 9563 eps=0.050 replay= 39936 loss=0.00000 ext100=0.000 total100=0.028
[train] 66:39:49<78:30:35, 0.052s/step step= 4592000 episodes= 9567 eps=0.050 replay= 39936 loss=0.00000 ext100=0.000 total100=0.026
[train] 66:41:33<78:28:50, 0.052s/step step= 4594000 episodes= 9571 eps=0.050 replay= 39936 loss=0.00001 ext100=0.000 total100=0.026
[train] 66:43:17<78:27:05, 0.052s/step step= 4596000 episodes= 9575 eps=0.050 replay= 39936 loss=0.00000 ext100=0.000 total100=0.026
[train] 66:45:00<78:25:19, 0.052s/step step= 4598000 episodes= 9579 eps=0.050 replay= 39936 loss=0.00001 ext100=0.000 total100=0.026
[eval] step=4600000 episodes=9584 mean_ext_return=0.000
[train] 66:46:59<78:23:51, 0.052s/step step= 4600000 episodes= 9584 eps=0.050 replay= 39936 loss=0.00000 ext100=0.000 total100=0.026
[train] 66:48:43<78:22:06, 0.052s/step step= 4602000 episodes= 9588 eps=0.050 replay= 39936 loss=0.00000 ext100=0.000 total100=0.026
[train] 66:50:27<78:20:20, 0.052s/step step= 4604000 episodes= 9592 eps=0.050 replay= 39936 loss=0.00001 ext100=0.000 total100=0.026
[train] 66:52:10<78:18:34, 0.052s/step step= 4606000 episodes= 9596 eps=0.050 replay= 39936 loss=0.00000 ext100=0.000 total100=0.027
[train] 66:53:53<78:16:49, 0.052s/step step= 4608000 episodes= 9600 eps=0.050 replay= 39936 loss=0.00001 ext100=0.000 total100=0.027
[train] 66:55:37<78:15:03, 0.052s/step step= 4610000 episodes= 9604 eps=0.050 replay= 39936 loss=0.00001 ext100=0.000 total100=0.026
[train] 66:57:21<78:13:18, 0.052s/step step= 4612000 episodes= 9609 eps=0.050 replay= 39936 loss=0.00000 ext100=0.000 total100=0.025
[train] 66:59:05<78:11:33, 0.052s/step step= 4614000 episodes= 9613 eps=0.050 replay= 39936 loss=0.00000 ext100=0.000 total100=0.026
[train] 67:00:49<78:09:48, 0.052s/step step= 4616000 episodes= 9617 eps=0.050 replay= 39936 loss=0.00000 ext100=0.000 total100=0.026
[train] 67:02:33<78:08:02, 0.052s/step step= 4618000 episodes= 9621 eps=0.050 replay= 39936 loss=0.00001 ext100=0.000 total100=0.026
[eval] step=4620000 episodes=9625 mean_ext_return=0.000
[train] 67:04:31<78:06:34, 0.052s/step step= 4620000 episodes= 9625 eps=0.050 replay= 39936 loss=0.00000 ext100=0.000 total100=0.028
[train] 67:06:15<78:04:48, 0.052s/step step= 4622000 episodes= 9629 eps=0.050 replay= 39936 loss=0.00001 ext100=0.000 total100=0.029
[train] 67:07:59<78:03:03, 0.052s/step step= 4624000 episodes= 9634 eps=0.050 replay= 39936 loss=0.00001 ext100=0.000 total100=0.028
[train] 67:09:42<78:01:17, 0.052s/step step= 4626000 episodes= 9638 eps=0.050 replay= 39936 loss=0.00001 ext100=0.000 total100=0.028
[train] 67:11:26<77:59:32, 0.052s/step step= 4628000 episodes= 9642 eps=0.050 replay= 39936 loss=0.00000 ext100=0.000 total100=0.027
[train] 67:13:10<77:57:47, 0.052s/step step= 4630000 episodes= 9646 eps=0.050 replay= 39936 loss=0.00001 ext100=0.000 total100=0.027
[train] 67:14:54<77:56:02, 0.052s/step step= 4632000 episodes= 9650 eps=0.050 replay= 39936 loss=0.00000 ext100=0.000 total100=0.025
[train] 67:16:38<77:54:16, 0.052s/step step= 4634000 episodes= 9654 eps=0.050 replay= 39936 loss=0.00001 ext100=0.000 total100=0.026
[train] 67:18:22<77:52:31, 0.052s/step step= 4636000 episodes= 9659 eps=0.050 replay= 39936 loss=0.00001 ext100=0.000 total100=0.025
[train] 67:20:05<77:50:45, 0.052s/step step= 4638000 episodes= 9663 eps=0.050 replay= 39936 loss=0.00000 ext100=0.000 total100=0.026
[eval] step=4640000 episodes=9667 mean_ext_return=0.000
[train] 67:22:04<77:49:18, 0.052s/step step= 4640000 episodes= 9667 eps=0.050 replay= 39936 loss=0.00000 ext100=0.000 total100=0.029
[train] 67:23:48<77:47:32, 0.052s/step step= 4642000 episodes= 9671 eps=0.050 replay= 39936 loss=0.00001 ext100=0.000 total100=0.029
[train] 67:25:32<77:45:47, 0.052s/step step= 4644000 episodes= 9675 eps=0.050 replay= 39936 loss=0.00001 ext100=0.000 total100=0.029
[train] 67:27:15<77:44:00, 0.052s/step step= 4646000 episodes= 9679 eps=0.050 replay= 39936 loss=0.00001 ext100=0.000 total100=0.029
[train] 67:28:59<77:42:15, 0.052s/step step= 4648000 episodes= 9684 eps=0.050 replay= 39936 loss=0.00000 ext100=0.000 total100=0.028
[train] 67:30:43<77:40:30, 0.052s/step step= 4650000 episodes= 9688 eps=0.050 replay= 39936 loss=0.00001 ext100=0.000 total100=0.027
[train] 67:32:27<77:38:45, 0.052s/step step= 4652000 episodes= 9692 eps=0.050 replay= 39936 loss=0.00000 ext100=0.000 total100=0.027
[train] 67:34:10<77:36:59, 0.052s/step step= 4654000 episodes= 9696 eps=0.050 replay= 39936 loss=0.00000 ext100=0.000 total100=0.026
[train] 67:35:54<77:35:14, 0.052s/step step= 4656000 episodes= 9700 eps=0.050 replay= 39936 loss=0.00001 ext100=0.000 total100=0.026
[train] 67:37:38<77:33:28, 0.052s/step step= 4658000 episodes= 9704 eps=0.050 replay= 39936 loss=0.00001 ext100=0.000 total100=0.027
[eval] step=4660000 episodes=9709 mean_ext_return=0.000
[train] 67:39:37<77:32:00, 0.052s/step step= 4660000 episodes= 9709 eps=0.050 replay= 39936 loss=0.00000 ext100=0.000 total100=0.027
[train] 67:41:20<77:30:15, 0.052s/step step= 4662000 episodes= 9713 eps=0.050 replay= 39936 loss=0.00001 ext100=0.000 total100=0.027
[train] 67:43:05<77:28:30, 0.052s/step step= 4664000 episodes= 9717 eps=0.050 replay= 39936 loss=0.00000 ext100=0.000 total100=0.026
[train] 67:44:48<77:26:43, 0.052s/step step= 4666000 episodes= 9721 eps=0.050 replay= 39936 loss=0.00001 ext100=0.000 total100=0.025
[train] 67:46:31<77:24:58, 0.052s/step step= 4668000 episodes= 9725 eps=0.050 replay= 39936 loss=0.00000 ext100=0.000 total100=0.026
[train] 67:48:15<77:23:13, 0.052s/step step= 4670000 episodes= 9729 eps=0.050 replay= 39936 loss=0.00001 ext100=0.000 total100=0.025
[train] 67:49:59<77:21:28, 0.052s/step step= 4672000 episodes= 9734 eps=0.050 replay= 39936 loss=0.00001 ext100=0.000 total100=0.024
[train] 67:51:43<77:19:42, 0.052s/step step= 4674000 episodes= 9738 eps=0.050 replay= 39936 loss=0.00001 ext100=0.000 total100=0.023
[train] 67:53:27<77:17:57, 0.052s/step step= 4676000 episodes= 9742 eps=0.050 replay= 39936 loss=0.00001 ext100=0.000 total100=0.022
[train] 67:55:10<77:16:11, 0.052s/step step= 4678000 episodes= 9746 eps=0.050 replay= 39936 loss=0.00000 ext100=0.000 total100=0.023
[eval] step=4680000 episodes=9750 mean_ext_return=0.000
[train] 67:57:09<77:14:43, 0.052s/step step= 4680000 episodes= 9750 eps=0.050 replay= 39936 loss=0.00000 ext100=0.000 total100=0.024
[train] 67:58:53<77:12:57, 0.052s/step step= 4682000 episodes= 9754 eps=0.050 replay= 39936 loss=0.00001 ext100=0.000 total100=0.024
[train] 68:00:37<77:11:12, 0.052s/step step= 4684000 episodes= 9759 eps=0.050 replay= 39936 loss=0.00000 ext100=0.000 total100=0.027
[train] 68:02:20<77:09:26, 0.052s/step step= 4686000 episodes= 9763 eps=0.050 replay= 39936 loss=0.00000 ext100=0.000 total100=0.027
[train] 68:04:03<77:07:40, 0.052s/step step= 4688000 episodes= 9767 eps=0.050 replay= 39936 loss=0.00000 ext100=0.000 total100=0.028
[train] 68:05:47<77:05:55, 0.052s/step step= 4690000 episodes= 9771 eps=0.050 replay= 39936 loss=0.00001 ext100=0.000 total100=0.028
[train] 68:07:31<77:04:10, 0.052s/step step= 4692000 episodes= 9775 eps=0.050 replay= 39936 loss=0.00001 ext100=0.000 total100=0.029
[train] 68:09:15<77:02:24, 0.052s/step step= 4694000 episodes= 9779 eps=0.050 replay= 39936 loss=0.00000 ext100=0.000 total100=0.029
[train] 68:10:59<77:00:39, 0.052s/step step= 4696000 episodes= 9784 eps=0.050 replay= 39936 loss=0.00001 ext100=0.000 total100=0.029
[train] 68:12:42<76:58:53, 0.052s/step step= 4698000 episodes= 9788 eps=0.050 replay= 39936 loss=0.00003 ext100=0.000 total100=0.031
[eval] step=4700000 episodes=9792 mean_ext_return=0.000
[train] 68:14:41<76:57:25, 0.052s/step step= 4700000 episodes= 9792 eps=0.050 replay= 39936 loss=0.00000 ext100=0.000 total100=0.032
[train] 68:16:25<76:55:39, 0.052s/step step= 4702000 episodes= 9796 eps=0.050 replay= 39936 loss=0.00000 ext100=0.000 total100=0.033
[train] 68:18:09<76:53:54, 0.052s/step step= 4704000 episodes= 9800 eps=0.050 replay= 39936 loss=0.00000 ext100=0.000 total100=0.033
[train] 68:19:52<76:52:08, 0.052s/step step= 4706000 episodes= 9804 eps=0.050 replay= 39936 loss=0.00001 ext100=0.000 total100=0.034
[train] 68:21:36<76:50:23, 0.052s/step step= 4708000 episodes= 9809 eps=0.050 replay= 39936 loss=0.00001 ext100=0.000 total100=0.033
[train] 68:23:20<76:48:38, 0.052s/step step= 4710000 episodes= 9813 eps=0.050 replay= 39936 loss=0.00001 ext100=0.000 total100=0.033
[train] 68:25:04<76:46:53, 0.052s/step step= 4712000 episodes= 9817 eps=0.050 replay= 39936 loss=0.00001 ext100=0.000 total100=0.034
[train] 68:26:48<76:45:07, 0.052s/step step= 4714000 episodes= 9821 eps=0.050 replay= 39936 loss=0.00002 ext100=0.000 total100=0.035
[train] 68:28:32<76:43:22, 0.052s/step step= 4716000 episodes= 9825 eps=0.050 replay= 39936 loss=0.00001 ext100=0.000 total100=0.034
[train] 68:30:15<76:41:36, 0.052s/step step= 4718000 episodes= 9829 eps=0.050 replay= 39936 loss=0.00001 ext100=0.000 total100=0.035
[eval] step=4720000 episodes=9834 mean_ext_return=0.000
[train] 68:32:14<76:40:08, 0.052s/step step= 4720000 episodes= 9834 eps=0.050 replay= 39936 loss=0.00000 ext100=0.000 total100=0.036
[train] 68:33:58<76:38:22, 0.052s/step step= 4722000 episodes= 9838 eps=0.050 replay= 39936 loss=0.00001 ext100=0.000 total100=0.038
[train] 68:35:42<76:36:37, 0.052s/step step= 4724000 episodes= 9842 eps=0.050 replay= 39936 loss=0.00001 ext100=0.000 total100=0.038
[train] 68:37:25<76:34:51, 0.052s/step step= 4726000 episodes= 9846 eps=0.050 replay= 39936 loss=0.00000 ext100=0.000 total100=0.037
[train] 68:39:08<76:33:05, 0.052s/step step= 4728000 episodes= 9850 eps=0.050 replay= 39936 loss=0.00000 ext100=0.000 total100=0.036
[train] 68:40:52<76:31:20, 0.052s/step step= 4730000 episodes= 9854 eps=0.050 replay= 39936 loss=0.00002 ext100=0.000 total100=0.036
[train] 68:42:36<76:29:35, 0.052s/step step= 4732000 episodes= 9859 eps=0.050 replay= 39936 loss=0.00000 ext100=0.000 total100=0.033
[train] 68:44:20<76:27:49, 0.052s/step step= 4734000 episodes= 9863 eps=0.050 replay= 39936 loss=0.00001 ext100=0.000 total100=0.033
[train] 68:46:04<76:26:04, 0.052s/step step= 4736000 episodes= 9867 eps=0.050 replay= 39936 loss=0.00000 ext100=0.000 total100=0.033
[train] 68:47:48<76:24:18, 0.052s/step step= 4738000 episodes= 9871 eps=0.050 replay= 39936 loss=0.00000 ext100=0.000 total100=0.034
[eval] step=4740000 episodes=9875 mean_ext_return=0.000
[train] 68:49:46<76:22:50, 0.052s/step step= 4740000 episodes= 9875 eps=0.050 replay= 39936 loss=0.00000 ext100=0.000 total100=0.034
[train] 68:51:30<76:21:04, 0.052s/step step= 4742000 episodes= 9879 eps=0.050 replay= 39936 loss=0.00000 ext100=0.000 total100=0.034
[train] 68:53:14<76:19:19, 0.052s/step step= 4744000 episodes= 9884 eps=0.050 replay= 39936 loss=0.00001 ext100=0.000 total100=0.035
[train] 68:54:57<76:17:33, 0.052s/step step= 4746000 episodes= 9888 eps=0.050 replay= 39936 loss=0.00001 ext100=0.000 total100=0.035
[train] 68:56:41<76:15:48, 0.052s/step step= 4748000 episodes= 9892 eps=0.050 replay= 39936 loss=0.00000 ext100=0.000 total100=0.035
[train] 68:58:25<76:14:03, 0.052s/step step= 4750000 episodes= 9896 eps=0.050 replay= 39936 loss=0.00000 ext100=0.000 total100=0.034
[train] 69:00:09<76:12:18, 0.052s/step step= 4752000 episodes= 9900 eps=0.050 replay= 39936 loss=0.00000 ext100=0.000 total100=0.033
[train] 69:01:53<76:10:32, 0.052s/step step= 4754000 episodes= 9904 eps=0.050 replay= 39936 loss=0.00001 ext100=0.000 total100=0.033
[train] 69:03:37<76:08:47, 0.052s/step step= 4756000 episodes= 9909 eps=0.050 replay= 39936 loss=0.00001 ext100=0.000 total100=0.034
[train] 69:05:21<76:07:02, 0.052s/step step= 4758000 episodes= 9913 eps=0.050 replay= 39936 loss=0.00000 ext100=0.000 total100=0.034
[eval] step=4760000 episodes=9917 mean_ext_return=0.000
[train] 69:07:20<76:05:33, 0.052s/step step= 4760000 episodes= 9917 eps=0.050 replay= 39936 loss=0.00000 ext100=0.000 total100=0.034
[train] 69:09:03<76:03:47, 0.052s/step step= 4762000 episodes= 9921 eps=0.050 replay= 39936 loss=0.00001 ext100=0.000 total100=0.035
[train] 69:10:47<76:02:02, 0.052s/step step= 4764000 episodes= 9925 eps=0.050 replay= 39936 loss=0.00000 ext100=0.000 total100=0.036
[train] 69:12:30<76:00:16, 0.052s/step step= 4766000 episodes= 9929 eps=0.050 replay= 39936 loss=0.00000 ext100=0.000 total100=0.035
[train] 69:14:14<75:58:30, 0.052s/step step= 4768000 episodes= 9934 eps=0.050 replay= 39936 loss=0.00001 ext100=0.000 total100=0.036
[train] 69:15:58<75:56:45, 0.052s/step step= 4770000 episodes= 9938 eps=0.050 replay= 39936 loss=0.00001 ext100=0.000 total100=0.037
[train] 69:17:42<75:55:00, 0.052s/step step= 4772000 episodes= 9942 eps=0.050 replay= 39936 loss=0.00001 ext100=0.000 total100=0.036
[train] 69:19:26<75:53:14, 0.052s/step step= 4774000 episodes= 9946 eps=0.050 replay= 39936 loss=0.00000 ext100=0.000 total100=0.036
[train] 69:21:10<75:51:29, 0.052s/step step= 4776000 episodes= 9950 eps=0.050 replay= 39936 loss=0.00000 ext100=0.000 total100=0.037
[train] 69:22:53<75:49:44, 0.052s/step step= 4778000 episodes= 9954 eps=0.050 replay= 39936 loss=0.00001 ext100=0.000 total100=0.038
[eval] step=4780000 episodes=9959 mean_ext_return=0.000
[train] 69:24:52<75:48:15, 0.052s/step step= 4780000 episodes= 9959 eps=0.050 replay= 39936 loss=0.00001 ext100=0.000 total100=0.037
[train] 69:26:35<75:46:29, 0.052s/step step= 4782000 episodes= 9963 eps=0.050 replay= 39936 loss=0.00001 ext100=0.000 total100=0.037
[train] 69:28:20<75:44:44, 0.052s/step step= 4784000 episodes= 9967 eps=0.050 replay= 39936 loss=0.00001 ext100=0.000 total100=0.037
[train] 69:30:03<75:42:58, 0.052s/step step= 4786000 episodes= 9971 eps=0.050 replay= 39936 loss=0.00002 ext100=0.000 total100=0.035
[train] 69:31:46<75:41:12, 0.052s/step step= 4788000 episodes= 9975 eps=0.050 replay= 39936 loss=0.00000 ext100=0.000 total100=0.036
[train] 69:33:30<75:39:27, 0.052s/step step= 4790000 episodes= 9979 eps=0.050 replay= 39936 loss=0.00000 ext100=0.000 total100=0.037
[train] 69:35:14<75:37:42, 0.052s/step step= 4792000 episodes= 9984 eps=0.050 replay= 39936 loss=0.00001 ext100=0.000 total100=0.037
[train] 69:36:58<75:35:56, 0.052s/step step= 4794000 episodes= 9988 eps=0.050 replay= 39936 loss=0.00001 ext100=0.000 total100=0.036
[train] 69:38:42<75:34:11, 0.052s/step step= 4796000 episodes= 9992 eps=0.050 replay= 39936 loss=0.00001 ext100=0.000 total100=0.036
[train] 69:40:26<75:32:26, 0.052s/step step= 4798000 episodes= 9996 eps=0.050 replay= 39936 loss=0.00001 ext100=0.000 total100=0.035
[eval] step=4800000 episodes=10000 mean_ext_return=0.000
[train] 69:42:25<75:30:57, 0.052s/step step= 4800000 episodes=10000 eps=0.050 replay= 39936 loss=0.00001 ext100=0.000 total100=0.036
[train] 69:44:08<75:29:11, 0.052s/step step= 4802000 episodes=10004 eps=0.050 replay= 39936 loss=0.00002 ext100=0.000 total100=0.037
[train] 69:45:52<75:27:26, 0.052s/step step= 4804000 episodes=10009 eps=0.050 replay= 39936 loss=0.00001 ext100=0.000 total100=0.037
[train] 69:47:36<75:25:40, 0.052s/step step= 4806000 episodes=10013 eps=0.050 replay= 39936 loss=0.00000 ext100=0.000 total100=0.037
[train] 69:49:19<75:23:54, 0.052s/step step= 4808000 episodes=10017 eps=0.050 replay= 39936 loss=0.00001 ext100=0.000 total100=0.036
[train] 69:51:03<75:22:09, 0.052s/step step= 4810000 episodes=10021 eps=0.050 replay= 39936 loss=0.00002 ext100=0.000 total100=0.036
[train] 69:52:47<75:20:24, 0.052s/step step= 4812000 episodes=10025 eps=0.050 replay= 39936 loss=0.00001 ext100=0.000 total100=0.035
[train] 69:54:31<75:18:39, 0.052s/step step= 4814000 episodes=10029 eps=0.050 replay= 39936 loss=0.00001 ext100=0.000 total100=0.035
[train] 69:56:15<75:16:54, 0.052s/step step= 4816000 episodes=10034 eps=0.050 replay= 39936 loss=0.00000 ext100=0.000 total100=0.035
[train] 69:57:59<75:15:08, 0.052s/step step= 4818000 episodes=10038 eps=0.050 replay= 39936 loss=0.00001 ext100=0.000 total100=0.035
[eval] step=4820000 episodes=10042 mean_ext_return=0.000
[train] 69:59:57<75:13:39, 0.052s/step step= 4820000 episodes=10042 eps=0.050 replay= 39936 loss=0.00001 ext100=0.000 total100=0.036
[train] 70:01:41<75:11:53, 0.052s/step step= 4822000 episodes=10046 eps=0.050 replay= 39936 loss=0.00001 ext100=0.000 total100=0.037
[train] 70:03:25<75:10:08, 0.052s/step step= 4824000 episodes=10050 eps=0.050 replay= 39936 loss=0.00001 ext100=0.000 total100=0.036
[train] 70:05:08<75:08:22, 0.052s/step step= 4826000 episodes=10054 eps=0.050 replay= 39936 loss=0.00002 ext100=0.000 total100=0.036
[train] 70:06:52<75:06:36, 0.052s/step step= 4828000 episodes=10059 eps=0.050 replay= 39936 loss=0.00001 ext100=0.000 total100=0.037
[train] 70:08:36<75:04:51, 0.052s/step step= 4830000 episodes=10063 eps=0.050 replay= 39936 loss=0.00001 ext100=0.000 total100=0.037
[train] 70:10:20<75:03:06, 0.052s/step step= 4832000 episodes=10067 eps=0.050 replay= 39936 loss=0.00001 ext100=0.000 total100=0.037
[train] 70:12:03<75:01:20, 0.052s/step step= 4834000 episodes=10071 eps=0.050 replay= 39936 loss=0.00002 ext100=0.000 total100=0.036
[train] 70:13:47<74:59:35, 0.052s/step step= 4836000 episodes=10075 eps=0.050 replay= 39936 loss=0.00001 ext100=0.000 total100=0.034
[train] 70:15:31<74:57:50, 0.052s/step step= 4838000 episodes=10079 eps=0.050 replay= 39936 loss=0.00000 ext100=0.000 total100=0.032
[eval] step=4840000 episodes=10084 mean_ext_return=0.000
[train] 70:17:30<74:56:21, 0.052s/step step= 4840000 episodes=10084 eps=0.050 replay= 39936 loss=0.00000 ext100=0.000 total100=0.033
[train] 70:19:13<74:54:35, 0.052s/step step= 4842000 episodes=10088 eps=0.050 replay= 39936 loss=0.00001 ext100=0.000 total100=0.034
[train] 70:20:57<74:52:50, 0.052s/step step= 4844000 episodes=10092 eps=0.050 replay= 39936 loss=0.00001 ext100=0.000 total100=0.034
[train] 70:22:41<74:51:04, 0.052s/step step= 4846000 episodes=10096 eps=0.050 replay= 39936 loss=0.00001 ext100=0.000 total100=0.036
[train] 70:24:24<74:49:18, 0.052s/step step= 4848000 episodes=10100 eps=0.050 replay= 39936 loss=0.00001 ext100=0.000 total100=0.036
[train] 70:26:08<74:47:33, 0.052s/step step= 4850000 episodes=10104 eps=0.050 replay= 39936 loss=0.00001 ext100=0.000 total100=0.035
[train] 70:27:52<74:45:47, 0.052s/step step= 4852000 episodes=10109 eps=0.050 replay= 39936 loss=0.00000 ext100=0.000 total100=0.035
[train] 70:29:36<74:44:02, 0.052s/step step= 4854000 episodes=10113 eps=0.050 replay= 39936 loss=0.00001 ext100=0.000 total100=0.036
[train] 70:31:20<74:42:17, 0.052s/step step= 4856000 episodes=10117 eps=0.050 replay= 39936 loss=0.00000 ext100=0.000 total100=0.036
[train] 70:33:03<74:40:31, 0.052s/step step= 4858000 episodes=10121 eps=0.050 replay= 39936 loss=0.00001 ext100=0.000 total100=0.037
[eval] step=4860000 episodes=10125 mean_ext_return=0.000
[train] 70:35:02<74:39:02, 0.052s/step step= 4860000 episodes=10125 eps=0.050 replay= 39936 loss=0.00000 ext100=0.000 total100=0.036
[train] 70:36:46<74:37:16, 0.052s/step step= 4862000 episodes=10129 eps=0.050 replay= 39936 loss=0.00001 ext100=0.000 total100=0.037
[train] 70:38:30<74:35:31, 0.052s/step step= 4864000 episodes=10134 eps=0.050 replay= 39936 loss=0.00000 ext100=0.000 total100=0.036
[train] 70:40:13<74:33:45, 0.052s/step step= 4866000 episodes=10138 eps=0.050 replay= 39936 loss=0.00001 ext100=0.000 total100=0.037
[train] 70:41:57<74:32:00, 0.052s/step step= 4868000 episodes=10142 eps=0.050 replay= 39936 loss=0.00001 ext100=0.000 total100=0.037
[train] 70:43:41<74:30:15, 0.052s/step step= 4870000 episodes=10146 eps=0.050 replay= 39936 loss=0.00000 ext100=0.000 total100=0.037
[train] 70:45:25<74:28:29, 0.052s/step step= 4872000 episodes=10150 eps=0.050 replay= 39936 loss=0.00000 ext100=0.000 total100=0.037
[train] 70:47:09<74:26:44, 0.052s/step step= 4874000 episodes=10154 eps=0.050 replay= 39936 loss=0.00001 ext100=0.000 total100=0.037
[train] 70:48:53<74:24:59, 0.052s/step step= 4876000 episodes=10159 eps=0.050 replay= 39936 loss=0.00000 ext100=0.000 total100=0.037
[train] 70:50:36<74:23:14, 0.052s/step step= 4878000 episodes=10163 eps=0.050 replay= 39936 loss=0.00001 ext100=0.000 total100=0.036
[eval] step=4880000 episodes=10167 mean_ext_return=0.000
[train] 70:52:35<74:21:44, 0.052s/step step= 4880000 episodes=10167 eps=0.050 replay= 39936 loss=0.00001 ext100=0.000 total100=0.037
[train] 70:54:19<74:19:58, 0.052s/step step= 4882000 episodes=10171 eps=0.050 replay= 39936 loss=0.00001 ext100=0.000 total100=0.038
[train] 70:56:03<74:18:13, 0.052s/step step= 4884000 episodes=10175 eps=0.050 replay= 39936 loss=0.00000 ext100=0.000 total100=0.038
[train] 70:57:46<74:16:27, 0.052s/step step= 4886000 episodes=10179 eps=0.050 replay= 39936 loss=0.00001 ext100=0.000 total100=0.040
[train] 70:59:30<74:14:42, 0.052s/step step= 4888000 episodes=10184 eps=0.050 replay= 39936 loss=0.00001 ext100=0.000 total100=0.038
[train] 71:01:14<74:12:57, 0.052s/step step= 4890000 episodes=10188 eps=0.050 replay= 39936 loss=0.00002 ext100=0.000 total100=0.037
[train] 71:02:58<74:11:12, 0.052s/step step= 4892000 episodes=10192 eps=0.050 replay= 39936 loss=0.00001 ext100=0.000 total100=0.037
[train] 71:04:42<74:09:26, 0.052s/step step= 4894000 episodes=10196 eps=0.050 replay= 39936 loss=0.00000 ext100=0.000 total100=0.036
[train] 71:06:26<74:07:41, 0.052s/step step= 4896000 episodes=10200 eps=0.050 replay= 39936 loss=0.00000 ext100=0.000 total100=0.036
[train] 71:08:10<74:05:56, 0.052s/step step= 4898000 episodes=10204 eps=0.050 replay= 39936 loss=0.00001 ext100=0.000 total100=0.037
[eval] step=4900000 episodes=10209 mean_ext_return=0.000
[train] 71:10:08<74:04:26, 0.052s/step step= 4900000 episodes=10209 eps=0.050 replay= 39936 loss=0.00000 ext100=0.000 total100=0.034
[train] 71:11:52<74:02:40, 0.052s/step step= 4902000 episodes=10213 eps=0.050 replay= 39936 loss=0.00000 ext100=0.000 total100=0.033
[train] 71:13:36<74:00:55, 0.052s/step step= 4904000 episodes=10217 eps=0.050 replay= 39936 loss=0.00000 ext100=0.000 total100=0.033
[train] 71:15:19<73:59:09, 0.052s/step step= 4906000 episodes=10221 eps=0.050 replay= 39936 loss=0.00001 ext100=0.000 total100=0.032
[train] 71:17:03<73:57:24, 0.052s/step step= 4908000 episodes=10225 eps=0.050 replay= 39936 loss=0.00001 ext100=0.000 total100=0.032
[train] 71:18:47<73:55:39, 0.052s/step step= 4910000 episodes=10229 eps=0.050 replay= 39936 loss=0.00000 ext100=0.000 total100=0.031
[train] 71:20:31<73:53:53, 0.052s/step step= 4912000 episodes=10234 eps=0.050 replay= 39936 loss=0.00001 ext100=0.000 total100=0.031
[train] 71:22:15<73:52:08, 0.052s/step step= 4914000 episodes=10238 eps=0.050 replay= 39936 loss=0.00002 ext100=0.000 total100=0.031
[train] 71:23:59<73:50:23, 0.052s/step step= 4916000 episodes=10242 eps=0.050 replay= 39936 loss=0.00000 ext100=0.000 total100=0.031
[train] 71:25:42<73:48:37, 0.052s/step step= 4918000 episodes=10246 eps=0.050 replay= 39936 loss=0.00001 ext100=0.000 total100=0.032
[eval] step=4920000 episodes=10250 mean_ext_return=0.000
[train] 71:27:41<73:47:07, 0.052s/step step= 4920000 episodes=10250 eps=0.050 replay= 39936 loss=0.00001 ext100=0.000 total100=0.033
[train] 71:29:25<73:45:22, 0.052s/step step= 4922000 episodes=10254 eps=0.050 replay= 39936 loss=0.00001 ext100=0.000 total100=0.035
[train] 71:31:09<73:43:37, 0.052s/step step= 4924000 episodes=10259 eps=0.050 replay= 39936 loss=0.00001 ext100=0.000 total100=0.035
[train] 71:32:52<73:41:51, 0.052s/step step= 4926000 episodes=10263 eps=0.050 replay= 39936 loss=0.00001 ext100=0.000 total100=0.035
[train] 71:34:36<73:40:05, 0.052s/step step= 4928000 episodes=10267 eps=0.050 replay= 39936 loss=0.00000 ext100=0.000 total100=0.035
[train] 71:36:20<73:38:20, 0.052s/step step= 4930000 episodes=10271 eps=0.050 replay= 39936 loss=0.00001 ext100=0.000 total100=0.036
[train] 71:38:04<73:36:35, 0.052s/step step= 4932000 episodes=10275 eps=0.050 replay= 39936 loss=0.00001 ext100=0.000 total100=0.035
[train] 71:39:47<73:34:49, 0.052s/step step= 4934000 episodes=10279 eps=0.050 replay= 39936 loss=0.00001 ext100=0.000 total100=0.034
[train] 71:41:32<73:33:04, 0.052s/step step= 4936000 episodes=10284 eps=0.050 replay= 39936 loss=0.00001 ext100=0.000 total100=0.034
[train] 71:43:15<73:31:19, 0.052s/step step= 4938000 episodes=10288 eps=0.050 replay= 39936 loss=0.00002 ext100=0.000 total100=0.035
[eval] step=4940000 episodes=10292 mean_ext_return=0.000
[train] 71:45:14<73:29:49, 0.052s/step step= 4940000 episodes=10292 eps=0.050 replay= 39936 loss=0.00001 ext100=0.000 total100=0.035
[train] 71:46:58<73:28:03, 0.052s/step step= 4942000 episodes=10296 eps=0.050 replay= 39936 loss=0.00001 ext100=0.000 total100=0.036
[train] 71:48:42<73:26:18, 0.052s/step step= 4944000 episodes=10300 eps=0.050 replay= 39936 loss=0.00001 ext100=0.000 total100=0.036
[train] 71:50:25<73:24:32, 0.052s/step step= 4946000 episodes=10304 eps=0.050 replay= 39936 loss=0.00004 ext100=0.000 total100=0.037
[train] 71:52:08<73:22:46, 0.052s/step step= 4948000 episodes=10309 eps=0.050 replay= 39936 loss=0.00001 ext100=0.000 total100=0.038
[train] 71:53:52<73:21:01, 0.052s/step step= 4950000 episodes=10313 eps=0.050 replay= 39936 loss=0.00001 ext100=0.000 total100=0.038
[train] 71:55:36<73:19:16, 0.052s/step step= 4952000 episodes=10317 eps=0.050 replay= 39936 loss=0.00001 ext100=0.000 total100=0.038
[train] 71:57:20<73:17:31, 0.052s/step step= 4954000 episodes=10321 eps=0.050 replay= 39936 loss=0.00001 ext100=0.000 total100=0.042
[train] 71:59:04<73:15:46, 0.052s/step step= 4956000 episodes=10325 eps=0.050 replay= 39936 loss=0.00001 ext100=0.000 total100=0.044
[train] 72:00:48<73:14:00, 0.052s/step step= 4958000 episodes=10329 eps=0.050 replay= 39936 loss=0.00000 ext100=0.000 total100=0.045
[eval] step=4960000 episodes=10334 mean_ext_return=0.000
[train] 72:02:47<73:12:30, 0.052s/step step= 4960000 episodes=10334 eps=0.050 replay= 39936 loss=0.00001 ext100=0.000 total100=0.045
[train] 72:04:30<73:10:44, 0.052s/step step= 4962000 episodes=10338 eps=0.050 replay= 39936 loss=0.00002 ext100=0.000 total100=0.044
[train] 72:06:14<73:08:59, 0.052s/step step= 4964000 episodes=10342 eps=0.050 replay= 39936 loss=0.00000 ext100=0.000 total100=0.044
[train] 72:07:57<73:07:13, 0.052s/step step= 4966000 episodes=10346 eps=0.050 replay= 39936 loss=0.00001 ext100=0.000 total100=0.042
[train] 72:09:41<73:05:27, 0.052s/step step= 4968000 episodes=10350 eps=0.050 replay= 39936 loss=0.00001 ext100=0.000 total100=0.039
[train] 72:11:25<73:03:42, 0.052s/step step= 4970000 episodes=10354 eps=0.050 replay= 39936 loss=0.00002 ext100=0.000 total100=0.038
[train] 72:13:09<73:01:57, 0.052s/step step= 4972000 episodes=10359 eps=0.050 replay= 39936 loss=0.00000 ext100=0.000 total100=0.037
[train] 72:14:53<73:00:12, 0.052s/step step= 4974000 episodes=10363 eps=0.050 replay= 39936 loss=0.00001 ext100=0.000 total100=0.036
[train] 72:16:37<72:58:27, 0.052s/step step= 4976000 episodes=10367 eps=0.050 replay= 39936 loss=0.00001 ext100=0.000 total100=0.036
[train] 72:18:21<72:56:41, 0.052s/step step= 4978000 episodes=10371 eps=0.050 replay= 39936 loss=0.00001 ext100=0.000 total100=0.035
[eval] step=4980000 episodes=10375 mean_ext_return=0.000
[train] 72:20:19<72:55:11, 0.052s/step step= 4980000 episodes=10375 eps=0.050 replay= 39936 loss=0.00001 ext100=0.000 total100=0.036
[train] 72:22:03<72:53:25, 0.052s/step step= 4982000 episodes=10379 eps=0.050 replay= 39936 loss=0.00001 ext100=0.000 total100=0.037
[train] 72:23:47<72:51:40, 0.052s/step step= 4984000 episodes=10384 eps=0.050 replay= 39936 loss=0.00001 ext100=0.000 total100=0.036
[train] 72:25:30<72:49:54, 0.052s/step step= 4986000 episodes=10388 eps=0.050 replay= 39936 loss=0.00002 ext100=0.000 total100=0.035
[train] 72:27:14<72:48:09, 0.052s/step step= 4988000 episodes=10392 eps=0.050 replay= 39936 loss=0.00001 ext100=0.000 total100=0.035
[train] 72:28:58<72:46:23, 0.052s/step step= 4990000 episodes=10396 eps=0.050 replay= 39936 loss=0.00001 ext100=0.000 total100=0.035
[train] 72:30:41<72:44:38, 0.052s/step step= 4992000 episodes=10400 eps=0.050 replay= 39936 loss=0.00001 ext100=0.000 total100=0.034
[train] 72:32:25<72:42:53, 0.052s/step step= 4994000 episodes=10404 eps=0.050 replay= 39936 loss=0.00002 ext100=0.000 total100=0.034
[train] 72:34:10<72:41:08, 0.052s/step step= 4996000 episodes=10409 eps=0.050 replay= 39936 loss=0.00001 ext100=0.000 total100=0.032
[train] 72:35:53<72:39:22, 0.052s/step step= 4998000 episodes=10413 eps=0.050 replay= 39936 loss=0.00001 ext100=0.000 total100=0.033
[eval] step=5000000 episodes=10417 mean_ext_return=0.000
[train] 72:37:52<72:37:52, 0.052s/step step= 5000000 episodes=10417 eps=0.050 replay= 39936 loss=0.00001 ext100=0.000 total100=0.032
[train] 72:39:35<72:36:06, 0.052s/step step= 5002000 episodes=10421 eps=0.050 replay= 39936 loss=0.00001 ext100=0.000 total100=0.029
[train] 72:41:19<72:34:21, 0.052s/step step= 5004000 episodes=10425 eps=0.050 replay= 39936 loss=0.00001 ext100=0.000 total100=0.027
[train] 72:43:03<72:32:35, 0.052s/step step= 5006000 episodes=10429 eps=0.050 replay= 39936 loss=0.00000 ext100=0.000 total100=0.026
[train] 72:44:47<72:30:50, 0.052s/step step= 5008000 episodes=10434 eps=0.050 replay= 39936 loss=0.00000 ext100=0.000 total100=0.026
[train] 72:46:29<72:29:03, 0.052s/step step= 5010000 episodes=10438 eps=0.050 replay= 39936 loss=0.00002 ext100=0.000 total100=0.028
