0,0.7738693356513977
1,0.6940639019012451
2,0.7853881120681763
3,0.9045225977897644
4,1.2160804271697998
5,0.6633166074752808
6,0.8442211151123047
7,0.8542713522911072
8,1.0593607425689697
9,0.9253731369972229
10,1.125628113746643
11,0.9949748516082764
12,0.6940639019012451
13,0.6934673190116882
14,0.8530150651931763
15,1.0050251483917236
16,0.9253731369972229
17,0.8493150472640991
18,0.8756219148635864
19,0.7945205569267273
20,0.6934673190116882
21,0.594748854637146
22,0.5829145908355713
23,0.9346733689308167
24,1.2261306047439575
25,0.5829145908355713
26,0.7839195728302002
27,0.733668327331543
28,0.6965174078941345
29,0.6834170818328857
30,0.8159204125404358
31,1.0776255130767822
32,0.7437185645103455
33,0.7839195728302002
34,0.7437185645103455
35,1.5577889680862427
36,0.8949771523475647
37,1.0351759195327759
38,0.6834170818328857
39,0.7214611768722534
40,0.733668327331543
41,0.80402010679245
42,0.6567164063453674
43,0.6392694115638733
44,0.8844221234321594
45,1.0958904027938843
46,0.6633166074752808
47,0.9950248599052429
48,0.7537688612937927
49,0.7853881120681763
50,0.6169154047966003
51,0.8036529421806335
52,0.6130653023719788
53,0.623115599155426
54,0.8643215894699097
55,0.746268630027771
56,0.8844221234321594
57,0.6030150651931763
58,0.9680365324020386
59,0.9246231317520142
60,0.8442211151123047
61,1.144278645515442
62,0.733668327331543
63,0.7638190984725952
64,0.6666666865348816
65,0.6666666865348816
66,0.7638190984725952
67,0.9648241400718689
68,0.8442211151123047
69,0.80402010679245
70,0.853233814239502
71,0.9154228568077087
72,0.7638190984725952
73,0.6733668446540833
74,0.9849246144294739
75,0.6965174078941345
76,1.144278645515442
77,0.9041095972061157
78,0.7035176157951355
79,1.085427165031433
80,1.2964824438095093
81,0.8059701323509216
82,0.9346733689308167
83,0.7638190984725952
84,1.286432147026062
85,1.0452260971069336
86,0.9547738432884216
87,0.7839195728302002
88,0.7164179086685181
89,0.6834170818328857
90,0.7638190984725952
91,1.1658291816711426
92,0.9950248599052429
93,0.80402010679245
94,1.0050251483917236
95,0.8219178318977356
96,1.0319634675979614
97,0.8643215894699097
98,0.643216073513031
99,0.8844221234321594
100,0.80402010679245
101,1.0776255130767822
102,0.7035176157951355
103,0.8542713522911072
104,0.8743718862533569
105,0.80402010679245
106,0.9949748516082764
107,1.283582091331482
108,0.9154228568077087
109,0.7839195728302002
110,0.8127853870391846
111,1.0746269226074219
112,0.7638190984725952
113,0.8944723606109619
114,0.8542713522911072
115,1.0348259210586548
116,0.5829145908355713
117,0.733668327331543
118,0.8855721354484558
119,0.8756219148635864
120,1.0653266906738281
121,0.6865671873092651
122,1.0547263622283936
123,0.8036529421806335
124,0.9346733689308167
125,0.8358209133148193
126,0.89552241563797
127,0.7537688612937927
128,0.80402010679245
129,0.8159204125404358
130,0.9154228568077087
131,1.0049750804901123
132,0.733668327331543
133,1.0447760820388794
134,0.7537688612937927
135,0.8442211151123047
136,0.5628140568733215
137,0.8542713522911072
138,0.5970149040222168
139,1.2437810897827148
140,0.7839195728302002
141,0.7853881120681763
142,0.7638190984725952
143,0.5844748616218567
144,0.7537688612937927
145,1.0050251483917236
146,0.8756219148635864
147,0.9246231317520142
148,0.9346733689308167
149,0.6030150651931763
150,1.0552763938903809
151,0.9648241400718689
152,0.8844221234321594
153,0.7613065242767334
154,0.7738693356513977
155,0.8855721354484558
156,0.9045225977897644
157,0.7860696315765381
158,0.7562189102172852
159,0.9045225977897644
160,0.8643215894699097
161,0.6733668446540833
162,1.0746269226074219
163,0.9552238583564758
164,0.9950248599052429
165,0.7363184094429016
166,0.9054726362228394
167,0.7839195728302002
168,0.8036529421806335
169,0.80402010679245
170,0.8059701323509216
171,0.8219178318977356
172,0.80402010679245
173,0.7738693356513977
174,0.8219178318977356
175,0.7009132504463196
176,0.7035176157951355
177,0.9045225977897644
178,0.8258706331253052
179,1.1859296560287476
180,0.8358209133148193
181,0.8457711338996887
182,0.8442211151123047
183,0.9246231317520142
184,0.7271689772605896
185,0.7638190984725952
186,0.913241982460022
187,0.96517413854599
188,0.7035176157951355
189,0.7738693356513977
190,0.7562189102172852
191,0.6027397513389587
192,0.8493150472640991
193,0.6940639019012451
194,0.7537688612937927
195,0.7860696315765381
196,0.6633166074752808
197,0.80402010679245
198,0.7945205569267273
199,0.77625572681427
200,0.6030150651931763
201,0.8358209133148193
202,0.7537688612937927
203,0.9054726362228394
204,0.7035176157951355
205,1.3165829181671143
206,1.0149253606796265
207,0.9589040875434875
208,1.0945273637771606
209,0.7437185645103455
210,0.8542713522911072
211,0.7839195728302002
212,0.713567852973938
213,1.1641790866851807
214,0.6934673190116882
215,1.0945273637771606
216,0.913241982460022
217,0.7960199117660522
218,1.0050251483917236
219,1.5577889680862427
220,0.80402010679245
221,0.7214611768722534
222,0.8159204125404358
223,0.7638190984725952
224,0.80402010679245
225,0.646766185760498
226,0.6940639019012451
227,0.8258706331253052
228,0.9346733689308167
229,0.8767123222351074
230,1.1557788848876953
231,0.9447236061096191
232,0.8944723606109619
233,0.80402010679245
234,0.7839195728302002
235,0.80402010679245
236,0.80402010679245
237,1.086758017539978
238,0.7437185645103455
239,0.8643215894699097
240,0.6757990717887878
241,0.767123281955719
242,0.7638190984725952
243,0.9589040875434875
244,0.8844221234321594
245,0.676616907119751
246,0.7960199117660522
247,0.80402010679245
248,0.9045225977897644
249,0.9547738432884216
250,0.8036529421806335
251,1.5678391456604004
252,0.6849315166473389
253,1.5721392631530762
254,1.4427860975265503
255,0.8844221234321594
256,0.8159204125404358
257,0.8756219148635864
258,0.8358209133148193
259,0.80402010679245
260,0.8127853870391846
261,0.6965174078941345
262,0.8442211151123047
263,0.7939698696136475
264,0.5829145908355713
265,0.7035176157951355
266,0.8241205811500549
267,1.1959799528121948
268,1.0251256227493286
269,0.7960199117660522
270,0.9045225977897644
271,0.80402010679245
272,0.9447236061096191
273,0.733668327331543
274,0.713567852973938
275,0.6027397513389587
276,0.7437185645103455
277,0.7537688612937927
278,1.2785388231277466
279,0.9949748516082764
280,0.7035176157951355
281,0.7214611768722534
282,0.7363184094429016
283,0.6392694115638733
284,0.8493150472640991
285,0.6030150651931763
286,0.7537688612937927
287,0.5829145908355713
288,0.8036529421806335
289,0.7363184094429016
290,1.1658291816711426
291,0.7031963467597961
292,0.9950248599052429
293,0.7960199117660522
294,0.8036529421806335
295,0.9748743772506714
296,0.6757990717887878
297,0.6633166074752808
298,1.0351759195327759
299,0.7939698696136475
300,0.7363184094429016
301,0.7860696315765381
302,0.733668327331543
303,0.6633166074752808
304,1.0049750804901123
305,0.9452736377716064
306,0.89552241563797
307,0.7839195728302002
308,0.713567852973938
309,0.733668327331543
310,1.1356784105300903
311,0.8140703439712524
312,1.0776255130767822
313,0.8949771523475647
314,0.9849246144294739
315,0.8844221234321594
316,0.733668327331543
317,1.125628113746643
318,0.7123287916183472
319,0.9045225977897644
320,0.8310502171516418
321,0.733668327331543
322,0.8643215894699097
323,0.8457711338996887
324,1.1557788848876953
325,0.6934673190116882
326,0.9680365324020386
327,0.733668327331543
328,0.7638190984725952
329,1.0348259210586548
330,0.6757990717887878
331,0.80402010679245
332,1.1959799528121948
333,1.125628113746643
334,0.6301369667053223
335,1.0351759195327759
336,0.8454774022102356
337,1.0452260971069336
338,1.0050251483917236
339,0.8944723606109619
340,0.8219178318977356
341,0.7661691308021545
342,1.105527639389038
343,0.6965174078941345
344,0.7064676880836487
345,0.8743718862533569
346,0.7236180901527405
347,0.8140703439712524
348,0.9045225977897644
349,0.7738693356513977
350,0.713567852973938
351,0.767123281955719
352,0.9145728349685669
353,0.7537688612937927
354,0.6834170818328857
355,0.8584474921226501
356,0.7437185645103455
357,0.7960199117660522
358,0.8258706331253052
359,0.80402010679245
360,0.8643215894699097
361,0.80402010679245
362,1.0050251483917236
363,1.105527639389038
364,0.8643215894699097
365,0.8643215894699097
366,0.6940639019012451
367,0.6834170818328857
368,0.7437185645103455
369,0.8844221234321594
370,0.713567852973938
371,0.8557214140892029
372,0.8743718862533569
373,0.7579908967018127
374,0.7860696315765381
375,0.8542713522911072
376,1.1758793592453003
377,0.8341708779335022
378,0.6834170818328857
379,0.5929648280143738
380,0.6030150651931763
381,0.8844221234321594
382,0.7164179086685181
383,0.7839195728302002
384,0.746268630027771
385,0.5226130485534668
386,1.293532371520996
387,0.7123287916183472
388,0.7031963467597961
389,0.9849246144294739
390,0.7945205569267273
391,0.9648241400718689
392,0.8557214140892029
393,0.7661691308021545
394,0.9680365324020386
395,1.266331672668457
396,0.8542713522911072
397,0.6532663106918335
398,0.746268630027771
399,0.8693467378616333
400,0.80402010679245
401,0.8844221234321594
402,0.6030150651931763
403,0.8542713522911072
404,0.89552241563797
405,0.9751243591308594
406,0.8675799369812012
407,0.9041095972061157
408,0.6130653023719788
409,0.6849315166473389
410,0.8493150472640991
411,1.0248756408691406
412,0.7638190984725952
413,1.086758017539978
414,0.7263681888580322
415,0.8358209133148193
416,0.8358209133148193
417,0.77625572681427
418,0.623115599155426
419,0.6834170818328857
420,1.2511415481567383
421,0.7960199117660522
422,0.8643215894699097
423,1.0050251483917236
424,0.6834170818328857
425,0.643216073513031
426,0.9145728349685669
427,1.223880648612976
428,0.9145728349685669
429,0.6834170818328857
430,0.6030150651931763
431,0.8844221234321594
432,1.0351759195327759
433,0.7305936217308044
434,0.8442211151123047
435,0.8127853870391846
436,0.7960199117660522
437,0.8643215894699097
438,0.8219178318977356
439,0.8542713522911072
440,0.8358209133148193
441,1.0050251483917236
442,0.9246231317520142
443,0.6331658363342285
444,0.89552241563797
445,1.105527639389038
446,1.0351759195327759
447,0.7738693356513977
448,0.9154228568077087
449,0.8557214140892029
450,0.7638190984725952
451,0.7263681888580322
452,0.9949748516082764
453,0.8059701323509216
454,0.733668327331543
455,0.8457711338996887
456,0.8706030249595642
457,0.9547738432884216
458,0.7960199117660522
459,1.246231198310852
460,0.7236180901527405
461,0.9949748516082764
462,0.7839195728302002
463,0.7839195728302002
464,0.713567852973938
465,0.8219178318977356
466,0.8944723606109619
467,0.9849246144294739
468,0.621004581451416
469,0.6532663106918335
470,0.9648241400718689
471,0.9054726362228394
472,0.7562189102172852
473,0.7738693356513977
474,0.611872136592865
475,0.6666666865348816
476,0.7035176157951355
477,0.7960199117660522
478,0.8542713522911072
479,0.8844221234321594
480,1.8492462635040283
481,0.80402010679245
482,0.8756219148635864
483,0.931506872177124
484,0.9751243591308594
485,0.8844221234321594
486,0.8643215894699097
487,0.9849246144294739
488,0.6575342416763306
489,0.7638190984725952
490,0.8219178318977356
491,0.80402010679245
492,0.6532663106918335
493,0.8442211151123047
494,0.7562189102172852
495,1.2511415481567383
496,0.7035176157951355
497,1.6281406879425049
498,0.89552241563797
499,0.7488584518432617
500,0.713567852973938
501,1.0958904027938843
502,0.8557214140892029
503,0.8743718862533569
504,0.7638190984725952
505,0.733668327331543
506,0.8542713522911072
507,0.8718905448913574
508,0.9045225977897644
509,0.7035176157951355
510,1.0150753259658813
511,0.7031963467597961
512,1.1658291816711426
513,0.9246231317520142
514,0.8844221234321594
515,0.9054726362228394
516,0.6733668446540833
517,0.89552241563797
518,0.6169154047966003
519,0.9045225977897644
520,1.0050251483917236
521,0.8442211151123047
522,0.7562189102172852
523,0.6733668446540833
524,0.746268630027771
525,0.6834170818328857
526,0.7960199117660522
527,1.3668341636657715
528,0.7945205569267273
529,0.7839195728302002
530,0.6865671873092651
531,1.2964824438095093
532,0.7761194109916687
533,0.9346733689308167
534,0.6368159055709839
535,0.9145728349685669
536,0.7437185645103455
537,0.7960199117660522
538,0.7305936217308044
539,0.8442211151123047
540,0.7035176157951355
541,0.7960199117660522
542,0.7236180901527405
543,0.7035176157951355
544,0.767123281955719
545,0.7562189102172852
546,0.6030150651931763
547,0.6940639019012451
548,0.643216073513031
549,0.6484017968177795
550,0.7164179086685181
551,0.7305936217308044
552,1.0410958528518677
553,1.2736318111419678
554,0.6666666865348816
555,0.7638190984725952
556,0.8643215894699097
557,0.7638190984725952
558,0.6130653023719788
559,0.8756219148635864
560,0.9547738432884216
561,0.7638190984725952
562,1.2060301303863525
563,0.7437185645103455
564,0.7537688612937927
565,0.713567852973938
566,0.6130653023719788
567,1.0045661926269531
568,1.0149253606796265
569,0.7305936217308044
570,0.6030150651931763
571,0.7035176157951355
572,0.8542713522911072
573,0.9552238583564758
574,0.77625572681427
575,0.713567852973938
576,0.7363184094429016
577,0.8844221234321594
578,0.9452736377716064
579,0.5929648280143738
580,0.7164179086685181
581,0.913241982460022
582,0.8643215894699097
583,1.2328766584396362
584,0.621004581451416
585,0.7761194109916687
586,0.6030150651931763
587,0.9648241400718689
588,1.0136985778808594
589,0.8944723606109619
590,0.80402010679245
591,0.8756219148635864
592,0.9949748516082764
593,0.7437185645103455
594,0.7761194109916687
595,0.9547738432884216
596,1.145728588104248
570,1.2960894107818604
571,0.6728110313415527
572,1.0407240390777588
573,0.7039105892181396
574,0.8715083599090576
575,1.072625756263733
576,0.8110598921775818
577,0.7782805562019348
578,0.7058823704719543
579,1.0055866241455078
580,0.9050279259681702
581,0.7262569665908813
582,0.7963801026344299
583,0.916201114654541
584,0.8603351712226868
585,1.0055866241455078
586,0.774193525314331
587,1.2402234077453613
588,1.0310077667236328
589,0.9608938694000244
590,0.9385474920272827
591,0.7262569665908813
592,0.8156424760818481
593,0.921658992767334
594,0.8491619825363159
595,1.0055866241455078
596,1.2849161624908447
597,0.9140271544456482
598,0.6033519506454468
599,1.0135747194290161
600,0.8847926259040833
601,0.9608938694000244
602,0.7932960987091064
603,0.8715083599090576
604,0.6820276379585266
605,0.751937985420227
606,0.7239819169044495
607,0.8156424760818481
608,0.8597285151481628
609,0.748603343963623
610,0.9864253401756287
611,1.4078211784362793
612,0.7262569665908813
613,0.7674418687820435
614,1.2903225421905518
615,0.6033519506454468
616,1.4117647409439087
617,0.8379888534545898
618,0.8715083599090576
619,0.7597765326499939
620,0.7601810097694397
621,0.6815642714500427
622,0.826815664768219
623,0.733031690120697
624,0.7465437650680542
625,0.7188940048217773
626,0.6480447053909302
627,0.748603343963623
628,1.2402234077453613
629,0.6153846383094788
630,0.5363128781318665
631,0.8938547372817993
632,0.7821229100227356
633,0.7239819169044495
634,0.5520362257957458
635,0.826815664768219
636,0.6728110313415527
637,0.6815642714500427
638,0.8491619825363159
639,1.0502793788909912
640,0.8938547372817993
641,0.7039105892181396
642,0.6912442445755005
643,0.5898617506027222
644,0.8715083599090576
645,0.6912442445755005
646,0.8603351712226868
647,1.0678733587265015
648,0.8847926259040833
649,0.7058823704719543
650,0.6703910827636719
651,0.6543778777122498
652,0.7004608511924744
653,0.7597765326499939
654,1.1284916400909424
655,0.8110598921775818
656,0.8597285151481628
657,0.6815642714500427
658,0.7441860437393188
659,0.9497206807136536
660,0.5586591958999634
661,0.8715083599090576
662,0.9720670580863953
663,0.6696832776069641
664,0.6334841847419739
665,0.5813953280448914
666,1.1284916400909424
667,0.7821229100227356
668,0.9953917264938354
669,0.6480447053909302
670,0.959276020526886
671,0.6368715167045593
672,0.6820276379585266
673,0.7601810097694397
674,0.7223502397537231
675,0.774193525314331
676,0.7039105892181396
677,0.6082949042320251
678,0.9273743033409119
679,0.9502262473106384
680,0.9608938694000244
681,0.5529953837394714
682,0.8479262590408325
683,1.1955307722091675
684,1.0502793788909912
685,0.8416289687156677
686,0.7557603716850281
687,0.8715083599090576
688,1.0167597532272339
689,0.8156424760818481
690,0.8294931054115295
691,0.826815664768219
692,0.6635944843292236
693,0.8603351712226868
694,1.0614525079727173
695,0.8491619825363159
696,0.9720670580863953
697,0.7374301552772522
698,0.8868778347969055
699,0.8938547372817993
700,0.8847926259040833
701,0.6504524946212769
702,0.8387096524238586
703,0.6696832776069641
704,0.7597765326499939
705,1.1173183917999268
706,1.150838017463684
707,0.7262569665908813
708,0.8715083599090576
709,0.8938547372817993
710,1.0391061305999756
711,0.7557603716850281
712,0.9050279259681702
713,0.7096773982048035
714,1.0077519416809082
715,0.659217894077301
716,0.8938547372817993
717,0.9832402467727661
718,0.8938547372817993
719,0.6744186282157898
720,1.262672781944275
721,0.7150837779045105
722,2.245810031890869
723,0.617511510848999
724,1.0316742658615112
725,0.9832402467727661
726,0.7821229100227356
727,0.7262569665908813
728,0.7262569665908813
729,0.6912442445755005
730,0.774193525314331
731,0.8379888534545898
732,0.9385474920272827
733,0.6703910827636719
734,0.8379888534545898
735,0.8202764987945557
736,0.8847926259040833
737,0.7821229100227356
738,0.994413435459137
739,0.7873303294181824
740,0.7926267385482788
741,0.7692307829856873
742,0.6425339579582214
743,0.6728110313415527
744,0.7596899271011353
745,0.9321267008781433
746,0.8847926259040833
747,0.7709497213363647
748,0.7239819169044495
749,0.9832402467727661
750,0.7262569665908813
751,0.7821229100227356
752,0.9224806427955627
753,0.7262569665908813
754,0.7692307829856873
755,0.6368715167045593
756,0.8938547372817993
757,0.807603657245636
758,0.7004608511924744
759,1.2718894481658936
760,0.643410861492157
761,0.7932960987091064
762,0.6033519506454468
763,0.8715083599090576
764,0.774193525314331
765,0.7597765326499939
766,0.7039105892181396
767,0.8826815485954285
768,0.7209302186965942
769,0.9497206807136536
770,0.9832402467727661
771,0.9832402467727661
772,0.774193525314331
773,0.9493087530136108
774,1.1620111465454102
775,0.6703910827636719
776,0.7188940048217773
777,0.9608938694000244
778,0.5363128781318665
779,0.6256983280181885
780,0.9493087530136108
781,0.8379888534545898
782,0.7039105892181396
783,0.6267281174659729
784,0.7601810097694397
785,0.8663594722747803
786,1.1173183917999268
787,1.8882681131362915
788,1.158371090888977
789,1.0138249397277832
790,0.7834101319313049
791,0.7374301552772522
792,0.682170569896698
793,1.0678733587265015
794,0.7150837779045105
795,0.6927374005317688
796,0.7364341020584106
797,1.0046082735061646
798,0.774193525314331
799,0.7926267385482788
800,0.8959276080131531
801,0.6543778777122498
802,0.8868778347969055
803,0.6703910827636719
804,0.7782805562019348
805,0.774193525314331
806,0.8603351712226868
807,0.8603351712226868
808,1.2036199569702148
809,1.3456220626831055
810,0.6480447053909302
811,0.7262569665908813
812,0.8938547372817993
813,0.7932960987091064
814,0.5586591958999634
815,1.0310077667236328
816,0.7834101319313049
817,0.99301677942276
818,1.0138249397277832
819,0.8715083599090576
820,0.8491619825363159
821,0.8938547372817993
822,0.8597285151481628
823,0.994413435459137
824,0.7373272180557251
825,0.8491619825363159
826,0.7149321436882019
827,0.748603343963623
828,0.6606335043907166
829,1.3072625398635864
830,0.9411764740943909
831,0.7465437650680542
832,0.6787330508232117
833,0.7597765326499939
834,0.6334841847419739
835,0.6703910827636719
836,1.7318435907363892
837,0.916201114654541
838,0.8491619825363159
839,0.604651153087616
840,0.9050279259681702
841,0.7039105892181396
842,0.6063348650932312
843,0.7926267385482788
844,0.8379888534545898
845,1.1620111465454102
846,0.5921787619590759
847,0.5520362257957458
848,0.7373272180557251
849,0.9608938694000244
850,0.7821229100227356
851,0.8687782883644104
852,1.723502278327942
853,0.659217894077301
854,0.7751938104629517
855,0.916201114654541
856,0.8938547372817993
857,0.826815664768219
858,1.2290502786636353
859,0.6877828240394592
860,0.8715083599090576
861,0.8156424760818481
862,1.1731843948364258
863,1.072625756263733
864,0.877828061580658
865,0.8379888534545898
866,1.094972014427185
867,0.6703910827636719
868,0.9147287011146545
869,1.0055866241455078
870,1.0506912469863892
871,0.7150837779045105
872,0.7932960987091064
873,0.7217194437980652
874,0.8156424760818481
875,1.04147469997406
876,1.0279330015182495
877,0.6703910827636719
878,0.6703910827636719
879,0.8597285151481628
880,1.3953487873077393
881,1.1620111465454102
882,0.8603351712226868
883,0.9720670580863953
884,0.6912442445755005
885,1.0502793788909912
886,0.916201114654541
887,0.6666666865348816
888,0.8938547372817993
889,0.8959276080131531
890,0.9608938694000244
891,0.7511312365531921
892,0.6256983280181885
893,0.7834101319313049
894,0.7597765326499939
895,0.9049773812294006
896,0.826815664768219
897,0.6728110313415527
898,0.6703910827636719
899,0.930232584476471
900,0.7709497213363647
901,0.8054298758506775
902,0.8938547372817993
903,0.9497206807136536
904,0.7039105892181396
905,0.7058823704719543
906,0.565891444683075
907,0.7601810097694397
908,1.0614525079727173
909,0.8715083599090576
910,1.251396656036377
911,0.6877828240394592
912,0.8379888534545898
913,0.7821229100227356
914,1.083798885345459
915,0.8156424760818481
916,0.7511312365531921
917,0.6918604373931885
918,1.0506912469863892
919,0.6368715167045593
920,0.6815642714500427
921,0.6703910827636719
922,0.6606335043907166
923,0.5586591958999634
924,0.8687782883644104
925,0.8379888534545898
926,0.8387096524238586
927,0.8940092325210571
928,1.2579185962677002
929,0.7597765326499939
930,0.6703910827636719
931,1.2403100728988647
932,0.9832402467727661
933,0.8062015771865845
934,1.1173183917999268
935,0.5345622301101685
936,0.6606335043907166
937,0.7932960987091064
938,0.7150837779045105
939,0.7373272180557251
940,1.0391061305999756
941,0.6145251393318176
942,1.0138249397277832
943,0.7004608511924744
944,0.8156424760818481
945,0.8379888534545898
946,0.748603343963623
947,0.9124423861503601
948,0.682170569896698
949,0.826815664768219
950,0.6787330508232117
951,0.8715083599090576
952,0.5437787771224976
953,0.6703910827636719
954,0.6256983280181885
955,1.2849161624908447
956,0.8294931054115295
957,0.7821229100227356
958,0.6589147448539734
959,0.6635944843292236
960,0.6820276379585266
961,1.1955307722091675
962,0.7963801026344299
963,0.6256983280181885
964,0.8044692873954773
965,0.6703910827636719
966,0.6606335043907166
967,1.072625756263733
968,0.7039105892181396
969,0.8139534592628479
970,0.6703910827636719
971,0.8491619825363159
972,0.8217054009437561
973,0.7597765326499939
974,0.7374301552772522
975,1.1284916400909424
976,0.7004608511924744
977,0.7004608511924744
978,0.8491619825363159
979,0.8826815485954285
980,0.9720670580863953
981,1.0055866241455078
982,0.9497206807136536
983,0.9832402467727661
984,0.7150837779045105
985,0.9608938694000244
986,0.7782805562019348
987,0.826815664768219
988,0.6256983280181885
989,0.8294931054115295
990,0.8294931054115295
991,2.0368664264678955
992,0.8379888534545898
993,1.0407240390777588
994,0.7373272180557251
995,0.8603351712226868
996,0.6368715167045593
997,0.8571428656578064
998,0.7932960987091064
999,0.7096773982048035
1000,0.7963801026344299
1001,1.664804458618164
1002,0.8044692873954773
1003,0.7601810097694397
1004,0.8379888534545898
1005,0.8054298758506775
1006,1.2488688230514526
1007,1.0230414867401123
1008,0.6703910827636719
1009,0.8294931054115295
1010,0.7597765326499939
1011,0.7597765326499939
1012,1.2402234077453613
1013,0.8379888534545898
1014,0.8992248177528381
1015,0.6696832776069641
1016,1.0046082735061646
1017,0.7821229100227356
1018,0.6480447053909302
1019,1.0226244926452637
1020,0.6703910827636719
1021,0.7926267385482788
1022,0.8156424760818481
1023,0.916201114654541
1024,0.7058823704719543
1025,0.7821229100227356
1026,0.7601810097694397
1027,0.7557603716850281
1028,1.0502793788909912
1029,0.8235294222831726
1030,0.7601810097694397
1031,0.7004608511924744
1032,1.072625756263733
1033,0.7004608511924744
1034,0.6815642714500427
1035,0.6968325972557068
1036,0.921658992767334
1037,1.072625756263733
1038,0.9497206807136536
1039,0.8491619825363159
1040,0.6368715167045593
1041,0.7154377698898315
1042,0.7821229100227356
1043,0.6635944843292236
1044,0.8868778347969055
1045,0.8868778347969055
1046,1.4078211784362793
1047,0.8868778347969055
1048,0.6703910827636719
1049,0.8491619825363159
1050,0.994413435459137
1051,0.7873303294181824
1052,0.6480447053909302
1053,0.7150837779045105
1054,0.7281106114387512
1055,0.7782805562019348
1056,0.9720670580863953
1057,0.6877828240394592
1058,0.9677419066429138
1059,0.8506787419319153
1060,0.9497206807136536
1061,0.8387096524238586
1062,0.7821229100227356
1063,0.6480447053909302
1064,1.1284916400909424
1065,0.7262569665908813
1066,0.8217054009437561
1067,0.9720670580863953
1068,0.916201114654541
1069,0.7821229100227356
1070,0.7873303294181824
1071,1.0678733587265015
1072,0.8156424760818481
1073,0.6256983280181885
1074,0.994413435459137
1075,0.748603343963623
1076,0.8491619825363159
1077,1.4078211784362793
1078,0.9411764740943909
1079,0.7374301552772522
1080,0.9385474920272827
1081,0.8491619825363159
1082,0.6820276379585266
1083,0.7782805562019348
1084,0.659217894077301
1085,0.8571428656578064
1086,0.6877828240394592
1087,0.8826815485954285
1088,0.7004608511924744
1089,1.2960894107818604
1090,0.9769585132598877
1091,0.7692307829856873
1092,0.9273743033409119
1093,0.660614550113678
1094,0.6703910827636719
1095,0.764976978302002
1096,0.8202764987945557
1097,0.6728110313415527
1098,0.9493087530136108
1099,0.5253456234931946
1100,0.682170569896698
1101,0.8847926259040833
1102,0.8938547372817993
1103,1.0502793788909912
1104,0.6368715167045593
1105,0.7096773982048035
1106,0.814479649066925
1107,1.0502793788909912
1108,0.6815642714500427
1109,0.8156424760818481
1110,1.225806474685669
1111,0.6889401078224182
1112,1.0614525079727173
1113,0.8294931054115295
1114,1.1843575239181519
1115,0.5610859990119934
1116,0.7932960987091064
1117,0.733031690120697
1118,0.9308755993843079
1119,1.0055866241455078
1120,1.3296089172363281
1121,0.814479649066925
1122,0.6696832776069641
1123,0.9832402467727661
1124,0.7597765326499939
1125,0.9497206807136536
1126,0.826815664768219
1127,0.8235294222831726
1128,0.8938547372817993
1129,0.7709497213363647
1130,0.6451612710952759
1131,0.9230769276618958
1132,0.6368715167045593
1133,0.7373272180557251
1134,1.2290502786636353
1135,0.9497206807136536
1136,0.7926267385482788
1137,0.748603343963623
1138,0.8715083599090576
1139,0.8868778347969055
1140,1.0055866241455078
1141,1.2290502786636353
1142,0.8156424760818481
1143,0.7054263353347778
1144,1.1173183917999268
1145,1.072625756263733
1146,0.8133640289306641
1147,0.6635944843292236
1148,0.8938547372817993
1149,0.8416289687156677
1150,1.0502793788909912
1151,0.8663594722747803
1152,0.8715083599090576
1153,0.5810055732727051
1154,0.6703910827636719
1155,0.921658992767334
1156,0.8715083599090576
1157,0.8491619825363159
1158,0.6787330508232117
1159,1.140271544456482
1160,0.764976978302002
1161,0.6635944843292236
1162,0.6877828240394592
1163,1.1620111465454102
1164,0.6451612710952759
1165,0.6334841847419739
1166,1.083798885345459
1167,1.094972014427185
1168,0.826815664768219
1169,0.7262569665908813
1170,0.8156424760818481
1171,1.0391061305999756
1172,1.1674208641052246
1173,1.0391061305999756
1174,0.7054263353347778
1175,0.8139534592628479
1176,0.8755760192871094
1177,1.2067039012908936
1178,0.6368715167045593
1179,0.6815642714500427
1180,0.8715083599090576
1181,1.076923131942749
1182,1.2442396879196167
1183,0.9385474920272827
1184,0.6820276379585266
1185,0.6703910827636719
1186,1.0055866241455078
1187,0.774193525314331
1188,0.7709497213363647
1189,0.8597285151481628
1190,0.6728110313415527
1191,0.8603351712226868
1192,0.7597765326499939
1193,0.7262569665908813
1194,0.8202764987945557
1195,0.7932960987091064
1196,0.7262569665908813
1197,0.7054263353347778
1198,0.7597765326499939
1199,0.959276020526886
1200,0.6703910827636719
1201,0.6267281174659729
1202,0.6153846383094788
1203,0.6820276379585266
1204,1.0614525079727173
1205,0.9861751198768616
1206,0.7004608511924744
1207,1.2442396879196167
1208,0.6815642714500427
1209,0.7374301552772522
1210,1.418994426727295
1211,0.8755760192871094
1212,0.9124423861503601
1213,0.8571428656578064
1214,0.7122905254364014
1215,0.659217894077301
1216,0.9469273686408997
1217,0.7821229100227356
1218,0.7821229100227356
1219,2.0552995204925537
1220,0.7239819169044495
1221,0.9608938694000244
1222,1.072625756263733
1223,0.7834101319313049
1224,1.2248061895370483
1225,0.7239819169044495
1226,0.9720670580863953
1227,0.8379888534545898
1228,0.7054263353347778
1229,1.0135747194290161
1230,0.7926267385482788
1231,0.7004608511924744
1232,0.6787330508232117
1233,0.651583731174469
1234,0.7932960987091064
1235,0.7821229100227356
1236,0.7821229100227356
1237,0.748603343963623
1238,0.7597765326499939
1239,0.7821229100227356
1240,0.599078357219696
1241,1.083798885345459
1242,1.1173183917999268
1243,0.9832402467727661
1244,0.8527131676673889
1245,0.7834101319313049
1246,1.9078340530395508
1247,0.6145251393318176
1248,0.9124423861503601
1249,0.7150837779045105
1250,0.6703910827636719
1251,0.7262569665908813
1252,0.7906976938247681
1253,0.667597770690918
1254,0.659217894077301
1255,0.8491619825363159
1256,0.9608938694000244
1257,0.9049773812294006
1258,1.072625756263733
1259,0.8938547372817993
1260,0.6256983280181885
1261,0.7420814633369446
1262,0.7188940048217773
1263,0.6480447053909302
1264,0.6368715167045593
1265,1.0506912469863892
1266,1.2325581312179565
1267,0.7597765326499939
1268,1.5642458200454712
1269,0.7281106114387512
1270,1.0502793788909912
1271,0.6927374005317688
1272,0.7597765326499939
1273,0.7262569665908813
1274,0.6968325972557068
1275,1.069124460220337
1276,0.7821229100227356
1277,0.5437787771224976
1278,1.2941176891326904
1279,0.921658992767334
1280,0.8110598921775818
1281,0.7782805562019348
1282,0.9049773812294006
1283,0.9608938694000244
1284,0.6480447053909302
1285,0.6153846383094788
1286,0.8959276080131531
1287,0.5810055732727051
1288,0.7597765326499939
1289,1.3303167819976807
1290,0.7821229100227356
1291,1.0055866241455078
1292,1.3484163284301758
1293,0.8491619825363159
1294,1.1061452627182007
1295,0.826815664768219
1296,1.4078211784362793
1297,0.9608938694000244
1298,0.7834101319313049
1299,0.8044692873954773
1300,1.0316742658615112
1301,1.1336405277252197
1302,0.7709497213363647
1303,0.8868778347969055
1304,0.7782805562019348
1305,0.921658992767334
1306,0.774193525314331
1307,0.8938547372817993
1308,0.8379888534545898
1309,1.2488688230514526
1310,0.8603351712226868
1311,0.7692307829856873
1312,0.7821229100227356
1313,0.7597765326499939
1314,0.6267281174659729
1315,0.9608938694000244
1316,1.1620111465454102
1317,1.2737430334091187
1318,0.7039105892181396
1319,0.9608938694000244
1320,0.6480447053909302
1321,0.6480447053909302
1322,1.1731843948364258
1323,0.7821229100227356
1324,0.6256983280181885
1325,0.6976743936538696
1326,0.8571428656578064
1327,0.9493087530136108
1328,0.6635944843292236
1329,0.6968325972557068
1330,0.7420814633369446
1331,0.7058823704719543
1332,0.7373272180557251
1333,0.6927374005317688
1334,0.7039105892181396
1335,0.814479649066925
1336,0.7926267385482788
1337,0.6703910827636719
1338,0.8294931054115295
1339,0.8294931054115295
1340,0.6368715167045593
1341,0.7374301552772522
1342,0.8868778347969055
1343,0.7239819169044495
1344,0.916201114654541
1345,0.8663594722747803
1346,0.5529953837394714
1347,1.1131285429000854
1348,0.8491619825363159
1349,0.7601810097694397
1350,0.5581395626068115
1351,1.1620111465454102
1352,0.8491619825363159
1353,0.9385474920272827
1354,0.6728110313415527
1355,1.4389140605926514
1356,0.7782805562019348
1357,0.7420814633369446
1358,0.7188940048217773
1359,0.8687782883644104
1360,0.7039105892181396
1361,0.6201550364494324
1362,0.8938547372817993
1363,0.9273743033409119
1364,0.7374301552772522
1365,0.6480447053909302
1366,0.7821229100227356
1367,0.6451612710952759
1368,0.9720670580863953
1369,0.7821229100227356
1370,0.8847926259040833
1371,0.5345622301101685
1372,0.6703910827636719
1373,0.7150837779045105
1374,0.748603343963623
1375,0.8156424760818481
1376,0.6703910827636719
1377,0.8938547372817993
1378,1.1620111465454102
1379,0.6267281174659729
1380,0.7821229100227356
1381,0.8156424760818481
1382,0.7188940048217773
1383,0.6815642714500427
1384,0.7932960987091064
1385,0.9608938694000244
1386,0.7597765326499939
1387,0.921658992767334
1388,0.6480447053909302
1389,0.8938547372817993
1390,0.9734637141227722
1391,0.7239819169044495
1392,0.7096773982048035
1393,0.6815642714500427
1394,0.9140271544456482
1395,1.0697674751281738
1396,0.8938547372817993
1397,0.877828061580658
1398,1.1061452627182007
1399,0.6368715167045593
1400,0.7963801026344299
1401,0.6480447053909302
1402,0.6033519506454468
1403,1.3410853147506714
1404,0.7373272180557251
1405,0.8156424760818481
1406,0.9049773812294006
1407,0.8847926259040833
1408,0.7601810097694397
1409,0.8715083599090576
1410,1.2811059951782227
1411,0.7821229100227356
1412,0.5882353186607361
1413,0.6368715167045593
1414,0.7821229100227356
1415,0.7262569665908813
1416,1.6871508359909058
1417,0.7374301552772522
1418,0.9922480583190918
1419,0.8491619825363159
1420,0.7597765326499939
1421,0.9049773812294006
1422,0.8235294222831726
1423,0.7150837779045105
1424,0.6703910827636719
1425,0.7262569665908813
1426,0.5972850918769836
1427,0.7262569665908813
1428,0.8603351712226868
1429,1.1284916400909424
1430,0.8527131676673889
1431,0.7374301552772522
1432,0.7597765326499939
1433,0.8938547372817993
1434,0.8959276080131531
1435,1.0614525079727173
1436,0.7420814633369446
1437,0.9832402467727661
1438,0.8379888534545898
1439,0.7374301552772522
1440,0.7821229100227356
1441,0.6543778777122498
1442,0.7821229100227356
1443,0.8044692873954773
1444,0.6589147448539734
1445,0.6696832776069641
1446,0.8597285151481628
1447,0.9497206807136536
1448,0.8379888534545898
1449,0.9608938694000244
1450,0.8235294222831726
1451,1.22171950340271
1452,0.8938547372817993
1453,1.2713178396224976
1454,0.6606335043907166
1455,0.8755760192871094
1456,0.6606335043907166
1457,0.6480447053909302
1458,1.1173183917999268
1459,0.7150837779045105
1460,1.3296089172363281
1461,0.6703910827636719
1462,0.659217894077301
1463,0.7374301552772522
1464,1.0055866241455078
1465,0.8044692873954773
1466,1.0497738122940063
1467,0.8603351712226868
1468,0.7374301552772522
1469,0.7751938104629517
1470,0.6927374005317688
1471,0.8379888534545898
1472,0.9608938694000244
1473,1.2713178396224976
1474,0.7597765326499939
1475,1.0950226783752441
1476,0.8044692873954773
1477,1.150838017463684
1478,0.8938547372817993
1479,0.8491619825363159
1480,0.774193525314331
1481,1.0614525079727173
1482,0.5253456234931946
1483,1.198156714439392
1484,0.8826815485954285
1485,0.6267281174659729
1486,0.826815664768219
1487,1.04147469997406
1488,0.7374301552772522
1489,0.7821229100227356
1490,1.083798885345459
1491,0.6703910827636719
1492,0.6256983280181885
1493,0.8715083599090576
1494,0.8938547372817993
1495,0.7239819169044495
1496,1.1173183917999268
1497,0.6256983280181885
1498,0.5529953837394714
1499,1.1855204105377197
1500,0.9385474920272827
1501,0.9049773812294006
1502,0.6815642714500427
1503,0.7751938104629517
1504,0.8387096524238586
1505,0.9032257795333862
1506,0.5806451439857483
1507,0.9032257795333862
1508,0.9049773812294006
1509,0.6256983280181885
1510,0.9032257795333862
1511,0.7601810097694397
1512,0.6480447053909302
1513,0.8938547372817993
1514,0.6480447053909302
1515,0.651583731174469
1516,0.659217894077301
1517,0.6480447053909302
1518,1.1843575239181519
1519,0.6912442445755005
1520,1.4570136070251465
1521,1.1396647691726685
1522,0.7239819169044495
1523,0.6703910827636719
1524,0.7262569665908813
1525,0.930232584476471
1526,1.1221719980239868
1527,0.8715083599090576
1528,0.6480447053909302
1529,0.8110598921775818
1530,0.7262569665908813
1531,0.6480447053909302
1532,0.8156424760818481
1533,0.659217894077301
1534,0.7821229100227356
1535,0.9832402467727661
1536,0.7039105892181396
1537,1.0950226783752441
1538,0.6703910827636719
1539,0.7821229100227356
1540,0.6480447053909302
1541,0.6912442445755005
1542,1.4470045566558838
1543,0.5972850918769836
1544,1.539170503616333
1545,0.9385474920272827
1546,0.6256983280181885
1547,0.6033519506454468
1548,0.7597765326499939
1549,0.7039105892181396
1550,0.6815642714500427
1551,0.7821229100227356
1552,0.8379888534545898
1553,1.1731843948364258
1554,1.094972014427185
1555,0.6927374005317688
1556,0.7926267385482788
1557,0.9954751133918762
1558,0.8202764987945557
1559,0.6511628031730652
1560,0.6877828240394592
1561,0.7286821603775024
1562,1.0055866241455078
1563,0.9954751133918762
1564,0.8687782883644104
1565,0.994413435459137
1566,0.6703910827636719
1567,0.8527131676673889
1568,0.8044692873954773
1569,0.8110598921775818
1570,0.8044692873954773
1571,1.038759708404541
1572,0.8715083599090576
1573,0.8156424760818481
1574,0.6256983280181885
1575,1.0614525079727173
1576,0.7873303294181824
1577,0.7096773982048035
1578,0.5882353186607361
1579,0.6543778777122498
1580,0.764976978302002
1581,0.7039105892181396
1582,0.7058823704719543
1583,0.6480447053909302
1584,0.7674418687820435
1585,0.8271889686584473
1586,0.8110598921775818
1587,0.9720670580863953
1588,0.8491619825363159
1589,1.0391061305999756
1590,1.0135747194290161
1591,0.8110598921775818
1592,0.921658992767334
1593,0.9608938694000244
1594,0.7829457521438599
1595,0.7374301552772522
1596,0.9385474920272827
1597,0.6480447053909302
1598,0.8294931054115295
1599,0.9608938694000244
1600,0.7601810097694397
1601,0.7597765326499939
1602,1.1173183917999268
1603,0.7821229100227356
1604,0.7374301552772522
1605,0.7821229100227356
1606,0.8938547372817993
1607,0.7239819169044495
1608,1.0055866241455078
1609,0.8387096524238586
1610,1.1620111465454102
1611,0.8938547372817993
1612,1.4525139331817627
1613,0.6480447053909302
1614,0.6368715167045593
1615,0.8938547372817993
1616,0.7039105892181396
1617,0.8387096524238586
1618,1.1061452627182007
1619,0.6368715167045593
1620,0.8938547372817993
1621,0.5158371329307556
1622,0.6267281174659729
1623,0.994413435459137
1624,0.8416289687156677
1625,0.8379888534545898
1626,1.5530725717544556
1627,0.8156424760818481
1628,0.8110598921775818
1629,0.7239819169044495
1630,0.6451612710952759
1631,0.9608938694000244
1632,0.6480447053909302
1633,0.5806451439857483
1634,0.8054298758506775
1635,0.9594972133636475
1636,0.8294931054115295
1637,0.8491619825363159
1638,0.6696832776069641
1639,0.7821229100227356
1640,0.9050279259681702
1641,0.7821229100227356
1642,0.748603343963623
1643,0.659217894077301
1644,0.8156424760818481
1645,1.860465168952942
1646,0.5972850918769836
1647,0.6267281174659729
1648,0.7597765326499939
1649,0.7692307829856873
1650,0.6511628031730652
1651,0.7262569665908813
1652,0.8491619825363159
1653,0.7821229100227356
1654,0.774193525314331
1655,0.6480447053909302
1656,1.158371090888977
1657,0.8044692873954773
1658,0.5972850918769836
1659,0.7557603716850281
1660,0.9273743033409119
1661,0.8156424760818481
1662,0.9273743033409119
1663,0.764976978302002
1664,0.7597765326499939
1665,1.0614525079727173
1666,1.1284916400909424
1667,0.8755760192871094
1668,0.9954751133918762
1669,0.7004608511924744
1670,0.7149321436882019
1671,0.6703910827636719
1672,0.9608938694000244
1673,0.6153846383094788
1674,0.6145251393318176
1675,0.6153846383094788
1676,0.921658992767334
1677,0.9321267008781433
1678,0.8202764987945557
1679,0.5622119903564453
1680,0.6480447053909302
1681,1.0614525079727173
1682,0.7239819169044495
1683,0.7782805562019348
1684,0.8603351712226868
1685,0.7709497213363647
1686,1.1396647691726685
1687,0.9608938694000244
1688,0.8044692873954773
1689,1.1284916400909424
1690,1.069124460220337
1691,1.1173183917999268
1692,0.9050279259681702
1693,0.826815664768219
1694,0.8294931054115295
1695,0.6912442445755005
1696,0.7262569665908813
1697,0.6480447053909302
1698,0.8491619825363159
1699,0.6256983280181885
1700,0.6703910827636719
1701,0.5529953837394714
1702,0.7373272180557251
1703,0.7821229100227356
1704,0.6256983280181885
1705,0.7281106114387512
1706,0.8491619825363159
1707,0.5474860072135925
1708,0.8687782883644104
1709,0.5586591958999634
1710,0.826815664768219
1711,0.8018433451652527
1712,0.774193525314331
1713,0.7674418687820435
1714,0.7374301552772522
1715,0.8110598921775818
1716,1.2402234077453613
1717,0.6820276379585266
1718,0.6425339579582214
1719,0.7597765326499939
1720,0.7963801026344299
1721,0.8044692873954773
1722,0.7709497213363647
1723,0.6703910827636719
1724,0.7597765326499939
1725,1.04147469997406
1726,0.921658992767334
1727,0.6256983280181885
1728,0.7374301552772522
1729,0.8044692873954773
1730,0.8938547372817993
1731,0.6359447240829468
1732,0.6334841847419739
1733,1.0391061305999756
1734,0.7286821603775024
1735,0.9385474920272827
1736,0.6480447053909302
1737,0.8938547372817993
1738,0.8868778347969055
1739,0.7782805562019348
1740,1.198156714439392
1741,1.6589146852493286
1742,0.921658992767334
1743,0.8110598921775818
1744,0.7262569665908813
1745,0.8294931054115295
1746,0.8506787419319153
1747,0.7709497213363647
1748,0.7963801026344299
1749,0.8755760192871094
1750,0.8294931054115295
1751,0.7164804339408875
1752,0.7004608511924744
1753,0.7004608511924744
1754,0.8798882961273193
1755,0.7036198973655701
1756,1.150838017463684
1757,0.7262569665908813
1758,0.9720670580863953
1759,0.9385474920272827
1760,0.9124423861503601
1761,0.9720670580863953
1762,1.1173183917999268
1763,1.1173183917999268
1764,0.8847926259040833
1765,0.7096773982048035
1766,1.1061452627182007
1767,0.7209302186965942
1768,0.6256983280181885
1769,0.8506787419319153
1770,0.9385474920272827
1771,0.7596899271011353
1772,0.826815664768219
1773,0.8294931054115295
1774,1.2067039012908936
1775,1.1705069541931152
1776,0.8940092325210571
1777,0.8044692873954773
1778,0.7239819169044495
1779,1.1620111465454102
1780,0.7597765326499939
1781,1.318435788154602
1782,0.5529953837394714
1783,0.814479649066925
1784,0.9124423861503601
1785,1.4636871814727783
1786,0.7239819169044495
1787,0.8294931054115295
1788,0.5882353186607361
1789,0.8938547372817993
1790,0.6666666865348816
1791,0.774193525314331
1792,0.5698323845863342
1793,0.8018433451652527
1794,1.072625756263733
1795,0.6480447053909302
1796,0.7239819169044495
1797,0.6703910827636719
1798,0.6153846383094788
1799,0.6480447053909302
1800,0.7374301552772522
1801,1.2067039012908936
1802,0.9124423861503601
1803,1.150838017463684
1804,0.8294931054115295
1805,0.7058823704719543
1806,0.7004608511924744
1807,1.1627906560897827
1808,0.7926267385482788
1809,0.6635944843292236
1810,1.0506912469863892
1811,0.7039105892181396
1812,0.6703910827636719
1813,0.6703910827636719
1814,0.6256983280181885
1815,0.7821229100227356
1816,0.6787330508232117
1817,1.3072625398635864
1818,1.0167597532272339
1819,0.8603351712226868
1820,0.6346153616905212
1821,1.0055866241455078
1822,0.8156424760818481
1823,0.5161290168762207
1824,0.7096773982048035
1825,0.659217894077301
1826,0.764976978302002
1827,0.8527131676673889
1828,0.5348837375640869
1829,0.6334841847419739
1830,0.8379888534545898
1831,0.8938547372817993
1832,0.6877828240394592
1833,0.8603351712226868
1834,0.9953917264938354
1835,0.7597765326499939
1836,0.6703910827636719
1837,1.0077519416809082
1838,1.2290502786636353
1839,1.1284916400909424
1840,0.8914728760719299
1841,0.8110598921775818
1842,0.8044692873954773
1843,0.7188940048217773
1844,1.072625756263733
1845,0.7782805562019348
1846,0.7597765326499939
1847,0.659217894077301
1848,0.9032257795333862
1849,0.7601810097694397
1850,0.826815664768219
1851,0.6877828240394592
1852,0.6877828240394592
1853,0.6815642714500427
1854,0.6511628031730652
1855,0.7834101319313049
1856,0.8110598921775818
1857,0.6703910827636719
1858,0.6703910827636719
1859,0.8959276080131531
1860,0.9049773812294006
1861,1.0875575542449951
1862,0.6256983280181885
1863,0.7596899271011353
1864,0.7374301552772522
1865,0.7058823704719543
1866,0.7709497213363647
1867,0.7821229100227356
1868,0.6815642714500427
1869,0.9720670580863953
1870,0.9050279259681702
1871,0.764976978302002
1872,0.7058823704719543
1873,0.6267281174659729
1874,0.748603343963623
1875,0.9502262473106384
1876,0.599078357219696
1877,0.6912442445755005
1878,0.6480447053909302
1879,0.8597285151481628
1880,0.7465437650680542
1881,0.8491619825363159
1882,0.9954751133918762
1883,1.0055866241455078
1884,0.6815642714500427
1885,1.0875575542449951
1886,0.8018433451652527
1887,1.0502793788909912
1888,0.7281106114387512
1889,1.0322580337524414
1890,0.7004608511924744
1891,0.8044692873954773
1892,0.7373272180557251
1893,0.6480447053909302
1894,0.659217894077301
1895,0.6815642714500427
1896,0.826815664768219
1897,0.9832402467727661
1898,0.6606335043907166
1899,0.9497206807136536
1900,0.8018433451652527
1901,0.5529953837394714
1902,0.6820276379585266
1903,0.7597765326499939
1904,0.5898617506027222
1905,0.8491619825363159
1906,1.1937984228134155
1907,0.733031690120697
1908,0.8687782883644104
1909,0.9032257795333862
1910,0.826815664768219
1911,0.7782805562019348
1912,0.7834101319313049
1913,0.6666666865348816
1914,0.6480447053909302
1915,1.0155038833618164
1916,0.8603351712226868
1917,0.8379888534545898
1918,0.7058823704719543
1919,0.8491619825363159
1920,0.921658992767334
1921,1.150838017463684
1922,1.072625756263733
1923,1.2849161624908447
1924,0.826815664768219
1925,0.5891472697257996
1926,0.7709497213363647
1927,0.9050279259681702
1928,0.7932960987091064
1929,0.570135772228241
1930,0.9832402467727661
1931,0.8235294222831726
1932,1.0391061305999756
1933,0.7873303294181824
1934,0.6927374005317688
1935,1.1173183917999268
1936,0.8715083599090576
1937,1.13178288936615
1938,1.0226244926452637
1939,0.8139534592628479
1940,0.6480447053909302
1941,0.8868778347969055
1942,0.8054298758506775
1943,0.9497206807136536
1944,0.8379888534545898
1945,0.7932960987091064
1946,1.4841629266738892
1947,0.7286821603775024
1948,0.6334841847419739
1949,0.8217054009437561
1950,0.814479649066925
1951,0.748603343963623
1952,0.9385474920272827
1953,0.7262569665908813
1954,0.9954751133918762
1955,0.9864253401756287
1956,0.7963801026344299
1957,0.8959276080131531
1958,0.9140271544456482
1959,0.9773755669593811
1960,1.0859729051589966
1961,0.8603351712226868
1962,0.9385474920272827
1963,0.7601810097694397
1964,0.7692307829856873
1965,0.8156424760818481
1966,0.8491619825363159
1967,0.6728110313415527
1968,0.6267281174659729
1969,0.7150837779045105
1970,0.8938547372817993
1971,0.9032257795333862
1972,0.8715083599090576
1973,0.8938547372817993
1974,0.7963801026344299
1975,0.9832402467727661
1976,1.072625756263733
1977,0.7601810097694397
1978,0.7374301552772522
1979,0.7373272180557251
1980,1.2067039012908936
1981,0.8491619825363159
1982,0.9308755993843079
1983,0.774193525314331
1984,0.7262569665908813
1985,1.0055866241455078
1986,0.6256983280181885
1987,0.8527131676673889
1988,0.6696832776069641
1989,0.8938547372817993
1990,0.930232584476471
1991,0.6728110313415527
1992,0.6927374005317688
1993,0.8054298758506775
1994,0.7150837779045105
1995,0.8491619825363159
1996,0.6480447053909302
1997,0.8826815485954285
1998,0.7374301552772522
1999,0.9502262473106384
2000,0.7821229100227356
2001,0.7039105892181396
2002,0.7039105892181396
2003,1.0138249397277832
2004,0.6976743936538696
2005,0.6815642714500427
2006,1.2067039012908936
2007,0.7188940048217773
2008,0.6256983280181885
2009,0.959276020526886
2010,0.6480447053909302
2011,0.9608938694000244
2012,0.6480447053909302
2013,0.8847926259040833
2014,0.7058823704719543
2015,0.6480447053909302
2016,0.6480447053909302
2017,1.094972014427185
2018,0.921658992767334
2019,0.9321267008781433
2020,0.9608938694000244
2021,1.083798885345459
2022,0.7597765326499939
2023,0.7601810097694397
2024,0.7188940048217773
2025,0.8687782883644104
2026,0.8294931054115295
2027,0.6480447053909302
2028,0.9720670580863953
2029,0.9608938694000244
2030,1.094972014427185
2031,0.8479262590408325
2032,1.0614525079727173
2033,0.8110598921775818
2034,0.826815664768219
2035,1.0859729051589966
2036,0.8491619825363159
2037,0.826815664768219
2038,0.7821229100227356
2039,0.8044692873954773
2040,0.7058823704719543
2041,0.826815664768219
2042,0.8491619825363159
2043,0.7281106114387512
2044,0.751937985420227
2045,0.7932960987091064
2046,1.1173183917999268
2047,1.4841629266738892
2048,0.7834101319313049
2049,0.8603351712226868
2050,1.13178288936615
2051,0.6589147448539734
2052,0.5813953280448914
2053,0.7751938104629517
2054,1.0697674751281738
2055,0.8938547372817993
2056,1.2290502786636353
2057,0.8156424760818481
2058,0.7597765326499939
2059,0.6606335043907166
2060,0.7262569665908813
2061,0.6256983280181885
2062,0.9497206807136536
2063,0.6877828240394592
2064,0.9678770899772644
2065,0.7984496355056763
2066,1.0377094745635986
2067,0.8491619825363159
2068,1.1284916400909424
2069,0.7149321436882019
2070,0.8044692873954773
2071,1.7765363454818726
2072,0.9608938694000244
2073,0.7709497213363647
2074,0.9864253401756287
2075,1.1221719980239868
2076,0.7926267385482788
2077,0.7262569665908813
2078,1.3519552946090698
2079,0.8294573426246643
2080,1.1284916400909424
2081,1.2737430334091187
2082,0.8938547372817993
2083,1.150838017463684
2084,1.0055866241455078
2085,0.940092146396637
2086,0.7374301552772522
2087,1.1520737409591675
2088,0.6368715167045593
2089,0.9608938694000244
2090,0.7239819169044495
2091,0.8491619825363159
2092,0.748603343963623
2093,1.4078211784362793
2094,0.9497206807136536
2095,0.7150837779045105
2096,0.9411764740943909
2097,0.8202764987945557
2098,0.921658992767334
2099,0.8294931054115295
2100,0.6145251393318176
2101,0.814479649066925
2102,0.6703910827636719
2103,1.0138249397277832
2104,0.7188940048217773
2105,0.8156424760818481
2106,0.7465437650680542
2107,1.1061452627182007
2108,0.659217894077301
2109,1.2849161624908447
2110,0.8044692873954773
2111,1.0279330015182495
2112,1.0055866241455078
2113,0.7793295979499817
2114,0.7932960987091064
2115,0.9953917264938354
2116,1.430167555809021
2117,0.9954751133918762
2118,0.8491619825363159
2119,0.814479649066925
2120,0.5714285969734192
2121,1.2178771495819092
2122,0.6666666865348816
2123,0.6696832776069641
2124,1.2849161624908447
2125,0.8938547372817993
2126,0.8044692873954773
2127,0.8940092325210571
2128,0.9050279259681702
2129,1.0502793788909912
2130,0.8571428656578064
2131,0.6334841847419739
2132,0.9032257795333862
2133,0.6279069781303406
2134,0.8379888534545898
2135,0.7821229100227356
2136,0.9497206807136536
2137,0.7821229100227356
2138,0.8868778347969055
2139,1.069124460220337
2140,0.8938547372817993
2141,0.7058823704719543
2142,0.6912442445755005
2143,0.7873303294181824
2144,0.7834101319313049
2145,0.659217894077301
2146,0.7239819169044495
2147,0.7709497213363647
2148,0.959276020526886
2149,1.2290502786636353
2150,0.7597765326499939
2151,0.7709497213363647
2152,0.8156424760818481
2153,0.7188940048217773
2154,0.5529953837394714
2155,0.877828061580658
2156,0.940092146396637
2157,1.069124460220337
2158,0.7834101319313049
2159,1.3407821655273438
2160,0.7511312365531921
2161,0.7281106114387512
2162,0.8044692873954773
2163,0.7441860437393188
2164,0.9720670580863953
2165,0.7511312365531921
2166,0.9720670580863953
2167,0.9050279259681702
2168,0.570135772228241
2169,0.5921787619590759
2170,0.8379888534545898
2171,0.8235294222831726
2172,0.8687782883644104
2173,0.826815664768219
2174,0.748603343963623
2175,0.8156424760818481
2176,0.5921787619590759
2177,0.9357541799545288
2178,1.0138249397277832
2179,1.0046082735061646
2180,0.6744186282157898
2181,0.9385474920272827
2182,0.7364341020584106
2183,0.7239819169044495
2184,0.7926267385482788
2185,0.826815664768219
2186,1.0875575542449951
2187,0.7926267385482788
2188,0.8294931054115295
2189,0.826815664768219
2190,0.8868778347969055
2191,1.1173183917999268
2192,0.826815664768219
2193,0.5248869061470032
2194,0.9049773812294006
2195,0.774193525314331
2196,0.6082949042320251
2197,0.7751938104629517
2198,0.814479649066925
2199,0.9140271544456482
2200,0.6480447053909302
2201,0.6877828240394592
2202,0.6696832776069641
2203,0.659217894077301
2204,0.7834101319313049
2205,0.7262569665908813
2206,0.6635944843292236
2207,2.092165946960449
2208,0.7239819169044495
2209,0.7709497213363647
2210,0.9608938694000244
2211,0.8156424760818481
2212,0.6703910827636719
2213,0.6820276379585266
2214,0.7597765326499939
2215,0.9608938694000244
2216,0.6815642714500427
2217,0.6877828240394592
2218,0.7821229100227356
2219,0.9954751133918762
2220,0.8379888534545898
2221,0.7597765326499939
2222,0.6703910827636719
2223,0.921658992767334
2224,0.9497206807136536
2225,0.8715083599090576
2226,0.9677419066429138
2227,1.2036199569702148
2228,0.8603351712226868
2229,0.599078357219696
2230,0.6815642714500427
2231,0.826815664768219
2232,0.9497206807136536
2233,0.7709497213363647
2234,0.921658992767334
2235,1.094972014427185
2236,0.7782805562019348
2237,0.7004608511924744
2238,0.5882353186607361
2239,0.5898617506027222
2240,0.8202764987945557
2241,0.9273743033409119
2242,0.9832402467727661
2243,0.6082949042320251
2244,1.0138249397277832
2245,0.6480447053909302
2246,0.7821229100227356
2247,0.8491619825363159
2248,0.5972850918769836
2249,1.2960894107818604
2250,0.6927374005317688
2251,0.9677419066429138
2252,0.7821229100227356
2253,0.6480447053909302
2254,0.7963801026344299
2255,0.8868778347969055
2256,1.083798885345459
2257,0.6703910827636719
2258,0.8100558519363403
2259,1.0055866241455078
2260,0.5586591958999634
2261,1.0497738122940063
2262,0.8959276080131531
2263,1.1843575239181519
2264,0.8044692873954773
2265,0.7373272180557251
2266,0.7465437650680542
2267,1.3720930814743042
2268,0.9321267008781433
2269,0.7465437650680542
2270,0.5972850918769836
2271,0.6635944843292236
2272,0.9497206807136536
2273,0.7709497213363647
2274,0.6368715167045593
2275,0.7963801026344299
2276,0.748603343963623
2277,0.7004608511924744
2278,0.8202764987945557
2279,0.7821229100227356
2280,0.7039105892181396
2281,0.7821229100227356
2282,0.8715083599090576
2283,0.7058823704719543
2284,0.5565611124038696
2285,0.7039105892181396
2286,0.9049773812294006
2287,0.5529953837394714
2288,1.6089385747909546
2289,0.8110598921775818
2290,0.6703910827636719
2291,0.6815642714500427
2292,0.8938547372817993
2293,0.659217894077301
2294,0.6480447053909302
2295,1.1061452627182007
2296,0.9308755993843079
2297,0.826815664768219
2298,0.6480447053909302
2299,0.8663594722747803
2300,0.5921787619590759
2301,0.7821229100227356
2302,1.1061452627182007
2303,0.6256983280181885
2304,0.8325791954994202
2305,0.8959276080131531
2306,0.6877828240394592
2307,0.7239819169044495
2308,0.8597285151481628
2309,0.7373272180557251
2310,0.9385474920272827
2311,0.7373272180557251
2312,0.9273743033409119
2313,0.6877828240394592
2314,0.6451612710952759
2315,1.1173183917999268
2316,0.7963801026344299
2317,0.75698322057724
2318,0.6368715167045593
2319,0.9497206807136536
2320,0.7004608511924744
2321,0.9411764740943909
2322,0.8491619825363159
2323,0.7601810097694397
2324,0.7188940048217773
2325,0.7188940048217773
2326,0.8416289687156677
2327,1.1428571939468384
2328,0.8603351712226868
2329,0.8715083599090576
2330,0.6787330508232117
2331,1.1312217712402344
2332,0.6256983280181885
2333,1.664804458618164
2334,0.7821229100227356
2335,0.6480447053909302
2336,0.7239819169044495
2337,0.617511510848999
2338,0.7597765326499939
2339,0.8938547372817993
2340,0.8914728760719299
2341,0.6703910827636719
2342,1.0614525079727173
2343,0.7188940048217773
2344,0.7004608511924744
2345,0.651583731174469
2346,0.8202764987945557
2347,0.826815664768219
2348,0.7262569665908813
2349,0.6815642714500427
2350,0.9049773812294006
2351,0.7188940048217773
2352,0.8054298758506775
2353,1.072625756263733
2354,0.9273743033409119
2355,0.9720670580863953
2356,0.8110598921775818
2357,0.6145251393318176
2358,0.774193525314331
2359,0.7596899271011353
2360,0.720588207244873
2361,0.5474860072135925
2362,0.8379888534545898
2363,0.8868778347969055
2364,1.0678733587265015
2365,0.7597765326499939
2366,0.8491619825363159
2367,0.7188940048217773
2368,0.9832402467727661
2369,1.1061452627182007
2370,0.7932960987091064
2371,1.2737430334091187
2372,0.7926267385482788
2373,0.5921787619590759
2374,1.0055866241455078
2375,0.6480447053909302
2376,1.225806474685669
2377,0.807603657245636
2378,0.7782805562019348
2379,0.6082949042320251
2380,0.617511510848999
2381,0.5972850918769836
2382,0.659217894077301
2383,0.6480447053909302
2384,0.7926267385482788
2385,0.7004608511924744
2386,0.8202764987945557
2387,1.0226244926452637
2388,0.6543778777122498
2389,0.6820276379585266
2390,0.8294931054115295
2391,0.8755760192871094
2392,0.8938547372817993
2393,0.6606335043907166
2394,0.7974860072135925
2395,0.748603343963623
2396,0.7004608511924744
2397,0.6451612710952759
2398,0.7239819169044495
2399,0.8940092325210571
2400,1.0614525079727173
2401,0.9585253596305847
2402,0.9954751133918762
2403,1.3407821655273438
2404,0.6635944843292236
2405,0.6744186282157898
2406,0.7262569665908813
2407,0.7984496355056763
2408,0.8603351712226868
2409,1.1173183917999268
2410,0.7709497213363647
2411,0.7601810097694397
2412,0.8044692873954773
2413,0.6145251393318176
2414,0.7597765326499939
2415,0.8491619825363159
2416,0.7709497213363647
2417,0.8044692873954773
2418,0.9483240246772766
2419,0.9832402467727661
2420,0.8044692873954773
2421,0.8054298758506775
2422,0.6480447053909302
2423,0.6815642714500427
2424,0.8002793192863464
2425,1.0055866241455078
2426,0.826815664768219
2427,0.9953917264938354
2428,0.9497206807136536
2429,0.9049773812294006
2430,1.078341007232666
2431,0.9497206807136536
2432,0.9534883499145508
2433,0.6480447053909302
2434,0.8044692873954773
2435,0.6899224519729614
2436,0.6256983280181885
2437,0.6267281174659729
2438,0.8235294222831726
2439,0.6696832776069641
2440,0.6976743936538696
2441,0.8294931054115295
2442,0.6635944843292236
2443,0.7374301552772522
2444,0.7004608511924744
2445,0.814479649066925
2446,0.6033519506454468
2447,0.713178277015686
2448,0.6334841847419739
2449,0.7004608511924744
2450,0.6082949042320251
2451,0.9385474920272827
2452,0.826815664768219
2453,0.5529953837394714
2454,0.9273743033409119
2455,0.7557603716850281
2456,0.8603351712226868
2457,0.7239819169044495
2458,0.9608938694000244
2459,0.748603343963623
2460,0.8940092325210571
2461,0.9140271544456482
2462,2.0335195064544678
2463,0.7004608511924744
2464,0.7926267385482788
2465,0.916201114654541
2466,0.8379888534545898
2467,0.7821229100227356
2468,0.6063348650932312
2469,0.6480447053909302
2470,0.8959276080131531
2471,0.8179723620414734
2472,0.7262569665908813
2473,0.826815664768219
2474,1.8435754776000977
2475,0.6356589198112488
2476,0.7511312365531921
2477,0.6703910827636719
2478,0.9457364082336426
2479,0.7821229100227356
2480,0.7906976938247681
2481,0.994413435459137
2482,0.9049773812294006
2483,0.8755760192871094
2484,0.8044692873954773
2485,0.6082949042320251
2486,0.8597285151481628
2487,0.8156424760818481
2488,0.7262569665908813
2489,0.8715083599090576
2490,0.8571428656578064
2491,0.7286821603775024
2492,0.6480447053909302
2493,1.4009217023849487
2494,0.6787330508232117
2495,1.0167597532272339
2496,0.6480447053909302
2497,0.8044692873954773
2498,0.8325791954994202
2499,0.6256983280181885
2500,0.9832402467727661
2501,0.659217894077301
2502,0.6815642714500427
2503,0.7782805562019348
2504,0.7709497213363647
2505,0.667597770690918
2506,1.0407240390777588
2507,0.6451612710952759
2508,0.6820276379585266
2509,0.9585253596305847
2510,0.8938547372817993
2511,0.8603351712226868
2512,0.8938547372817993
2513,1.076923131942749
2514,0.6480447053909302
2515,0.604651153087616
2516,0.6820276379585266
2517,0.6703910827636719
2518,1.5384615659713745
2519,0.7262569665908813
2520,1.3407821655273438
2521,0.7150837779045105
2522,0.9497206807136536
2523,0.6899224519729614
2524,0.7262569665908813
2525,1.072625756263733
2526,0.826815664768219
2527,0.7963801026344299
2528,0.7239819169044495
2529,0.6703910827636719
2530,0.7373272180557251
2531,0.7058823704719543
2532,0.659217894077301
2533,0.9497206807136536
2534,0.643410861492157
2535,1.8709677457809448
2536,0.6976743936538696
2537,1.1731843948364258
2538,0.748603343963623
2539,0.826815664768219
2540,0.6635944843292236
2541,0.6480447053909302
2542,0.6368715167045593
2543,0.8062015771865845
2544,0.7692307829856873
2545,0.8202764987945557
2546,0.8491619825363159
2547,0.6787330508232117
2548,0.6815642714500427
2549,0.8156424760818481
2550,0.8491619825363159
2551,0.7373272180557251
2552,0.9273743033409119
2553,1.2015503644943237
2554,0.9832402467727661
2555,0.826815664768219
2556,0.7004608511924744
2557,0.8018433451652527
2558,0.9769585132598877
2559,0.7782805562019348
2560,1.1173183917999268
2561,0.659217894077301
2562,0.7932960987091064
2563,0.9497206807136536
2564,0.733031690120697
2565,0.8110598921775818
2566,0.8044692873954773
2567,0.6787330508232117
2568,1.0167597532272339
2569,2.4245810508728027
2570,1.2290502786636353
2571,0.8294931054115295
2572,0.7364341020584106
2573,0.9832402467727661
2574,0.9385474920272827
2575,0.7751938104629517
2576,0.6744186282157898
2577,0.6912442445755005
2578,0.8603351712226868
2579,0.6480447053909302
2580,0.7963801026344299
2581,0.9385474920272827
2582,0.9608938694000244
2583,0.7373272180557251
2584,0.6728110313415527
2585,0.9769585132598877
2586,1.0055866241455078
2587,1.1396647691726685
2588,0.764976978302002
2589,0.8235294222831726
2590,0.6728110313415527
2591,1.3179723024368286
2592,0.6606335043907166
2593,0.6480447053909302
2594,0.8379888534545898
2595,0.748603343963623
2596,0.8491619825363159
2597,0.7188940048217773
2598,0.6368715167045593
2599,0.9124423861503601
2600,0.8156424760818481
2601,0.6703910827636719
2602,0.690092146396637
2603,0.6256983280181885
2604,0.7932960987091064
2605,0.7281106114387512
2606,0.6256983280181885
2607,0.8379888534545898
2608,0.7188940048217773
2609,1.0055866241455078
2610,1.1284916400909424
2611,0.5248869061470032
2612,1.072625756263733
2613,0.7058823704719543
2614,0.8663594722747803
2615,0.6703910827636719
2616,1.2995392084121704
2617,0.7821229100227356
2618,0.8491619825363159
2619,0.8938547372817993
2620,0.7441860437393188
2621,1.3798449039459229
2622,0.9832402467727661
2623,0.8416289687156677
2624,0.9032257795333862
2625,0.8294931054115295
2626,0.7188940048217773
2627,0.5193798542022705
2628,0.7373272180557251
2629,0.6968325972557068
2630,0.8491619825363159
2631,0.4976958632469177
2632,0.8938547372817993
2633,0.994413435459137
2634,0.6815642714500427
2635,1.2718894481658936
2636,0.7984496355056763
2637,0.6033519506454468
2638,0.6063348650932312
2639,1.2849161624908447
2640,0.8379888534545898
2641,0.748603343963623
2642,0.9224806427955627
2643,0.8847926259040833
2644,0.8826815485954285
2645,0.6452513933181763
2646,0.7782805562019348
2647,0.8156424760818481
2648,1.1731843948364258
2649,0.8938547372817993
2650,0.994413435459137
2651,0.7873303294181824
2652,0.5429864525794983
2653,0.8156424760818481
2654,0.6815642714500427
2655,0.8938547372817993
2656,0.8325791954994202
2657,0.6480447053909302
2658,1.2849161624908447
2659,0.6480447053909302
2660,0.7374301552772522
2661,0.9832402467727661
2662,0.8294931054115295
2663,0.75
2664,0.9677419066429138
2665,0.814479649066925
2666,0.9832402467727661
2667,0.826815664768219
2668,0.5810055732727051
2669,1.1843575239181519
2670,0.9497206807136536
2671,0.7597765326499939
2672,0.6815642714500427
2673,1.078341007232666
2674,0.826815664768219
2675,0.7441860437393188
2676,0.7821229100227356
2677,0.6968325972557068
2678,0.8379888534545898
2679,0.7039105892181396
2680,0.7188940048217773
2681,0.7601810097694397
2682,0.8826815485954285
2683,0.7596899271011353
2684,0.7150837779045105
2685,0.8938547372817993
2686,0.8715083599090576
2687,0.7926267385482788
2688,1.0614525079727173
2689,0.6451612710952759
2690,0.7821229100227356
2691,0.7597765326499939
2692,0.6153846383094788
2693,0.8372092843055725
2694,0.5529953837394714
2695,0.8868715167045593
2696,0.6820276379585266
2697,0.8755760192871094
2698,0.921658992767334
2699,0.6480447053909302
2700,0.9832402467727661
2701,0.8449612259864807
2702,0.6820276379585266
2703,0.7782805562019348
2704,0.7597765326499939
2705,0.8597285151481628
2706,0.9608938694000244
2707,0.9308755993843079
2708,0.8715083599090576
2709,0.5363128781318665
2710,0.659217894077301
2711,0.6334841847419739
2712,1.1173183917999268
2713,0.7596899271011353
2714,1.1955307722091675
2715,0.6063348650932312
2716,0.7926267385482788
2717,0.764976978302002
2718,0.826815664768219
2719,0.7709497213363647
2720,1.0614525079727173
2721,0.7821229100227356
2722,1.0859729051589966
2723,0.6815642714500427
2724,0.826815664768219
2725,0.7262569665908813
2726,1.076923131942749
2727,0.7903226017951965
2728,0.6744186282157898
2729,1.1173183917999268
2730,0.7597765326499939
2731,0.7373272180557251
2732,0.6820276379585266
2733,0.9689922332763672
2734,0.6666666865348816
2735,0.9050279259681702
2736,0.8491619825363159
2737,1.150838017463684
2738,0.6256983280181885
2739,0.9832402467727661
2740,0.6703910827636719
2741,0.8379888534545898
2742,0.8992248177528381
2743,0.877828061580658
2744,0.6267281174659729
2745,0.6815642714500427
2746,0.748603343963623
2747,0.8491619825363159
2748,0.6703910827636719
2749,0.7932960987091064
2750,0.826815664768219
2751,0.826815664768219
2752,0.8715083599090576
2753,1.0391061305999756
2754,0.6815642714500427
2755,0.8156424760818481
2756,0.9385474920272827
2757,0.8156424760818481
2758,0.7821229100227356
2759,0.6606335043907166
2760,0.7709497213363647
2761,0.7692307829856873
2762,0.7596899271011353
2763,0.7373272180557251
2764,0.9720670580863953
2765,0.7286821603775024
2766,0.6480447053909302
2767,0.7096773982048035
2768,0.8156424760818481
2769,0.6480447053909302
2770,1.0506912469863892
2771,0.6703910827636719
2772,0.7058823704719543
2773,0.8506787419319153
2774,0.7597765326499939
2775,0.682170569896698
2776,0.9497206807136536
2777,0.8294931054115295
2778,0.8235294222831726
2779,0.7932960987091064
2780,1.2165898084640503
2781,0.9273743033409119
2782,0.6425339579582214
2783,0.9308755993843079
2784,0.6256983280181885
2785,0.6815642714500427
2786,0.6703910827636719
2787,0.9497206807136536
2788,0.9832402467727661
2789,0.5972850918769836
2790,0.7597765326499939
2791,0.8603351712226868
2792,0.8379888534545898
2793,0.5921787619590759
2794,0.6703910827636719
2795,0.8044692873954773
2796,0.7150837779045105
2797,0.7692307829856873
2798,1.0138249397277832
2799,0.8715083599090576
2800,0.6703910827636719
2801,0.8940092325210571
2802,1.0875575542449951
2803,0.7932960987091064
2804,0.8491619825363159
2805,0.7373272180557251
2806,0.7058823704719543
2807,0.9483240246772766
2808,0.8379888534545898
2809,0.7373272180557251
2810,0.9720670580863953
2811,0.9497206807136536
2812,1.0502793788909912
2813,0.6815642714500427
2814,0.7709497213363647
2815,0.7149321436882019
2816,0.6820276379585266
2817,0.6145251393318176
2818,0.9032257795333862
2819,0.7601810097694397
2820,0.7932960987091064
2821,0.9832402467727661
2822,0.7829457521438599
2823,0.8044692873954773
2824,0.7963801026344299
2825,0.8938547372817993
2826,0.8044692873954773
2827,1.0502793788909912
2828,0.7096773982048035
2829,1.3407821655273438
2830,0.8992248177528381
2831,0.7420814633369446
2832,0.8387096524238586
2833,0.7004608511924744
2834,0.7926267385482788
2835,0.8491619825363159
2836,0.6927374005317688
2837,0.6425339579582214
2838,0.6703910827636719
2839,1.1061452627182007
2840,0.659217894077301
2841,0.8294931054115295
2842,0.7239819169044495
2843,0.6606335043907166
2844,1.2178771495819092
2845,0.748603343963623
2846,0.8938547372817993
2847,0.826815664768219
2848,1.0678733587265015
2849,0.6451612710952759
2850,0.994413435459137
2851,0.8959276080131531
2852,0.994413435459137
2853,0.6606335043907166
2854,0.7281106114387512
2855,0.7188940048217773
2856,0.733031690120697
2857,0.8959276080131531
2858,0.6153846383094788
2859,0.7004608511924744
2860,0.9608938694000244
2861,0.8603351712226868
2862,0.7597765326499939
2863,0.6201550364494324
2864,0.8202764987945557
2865,1.0875575542449951
2866,0.617511510848999
2867,1.3407821655273438
2868,1.0875575542449951
2869,0.7058823704719543
2870,0.8294931054115295
2871,0.8715083599090576
2872,1.0614525079727173
2873,0.8379888534545898
2874,0.651583731174469
2875,0.8156424760818481
2876,0.8938547372817993
2877,0.8755760192871094
2878,1.0055866241455078
2879,0.8110598921775818
2880,0.6968325972557068
2881,0.6703910827636719
2882,1.094972014427185
2883,0.6703910827636719
2884,0.7262569665908813
2885,0.7374301552772522
2886,0.9608938694000244
2887,0.6703910827636719
2888,0.6703910827636719
2889,0.6480447053909302
2890,0.9385474920272827
2891,0.6703910827636719
2892,0.7709497213363647
2893,0.8826815485954285
2894,0.6256983280181885
2895,1.2737430334091187
2896,0.6267281174659729
2897,0.748603343963623
2898,0.9385474920272827
2899,0.916201114654541
2900,1.0678733587265015
2901,0.8491619825363159
2902,0.6927374005317688
2903,0.6728110313415527
2904,0.9049773812294006
2905,0.9385474920272827
2906,1.1336405277252197
2907,0.6728110313415527
2908,0.8044692873954773
2909,0.826815664768219
2910,0.7821229100227356
2911,0.764976978302002
2912,0.7374301552772522
2913,0.7709497213363647
2914,0.9032257795333862
2915,0.7058823704719543
2916,0.7821229100227356
2917,0.826815664768219
2918,0.6877828240394592
2919,0.5714285969734192
2920,0.7239819169044495
2921,0.9773755669593811
2922,0.7004608511924744
2923,0.7374301552772522
2924,0.8110598921775818
2925,1.0055866241455078
2926,0.8491619825363159
2927,0.6451612710952759
2928,0.7709497213363647
2929,0.6666666865348816
2930,0.7821229100227356
2931,0.7932960987091064
2932,1.0930233001708984
2933,0.9954751133918762
2934,1.0167597532272339
2935,0.8110598921775818
2936,0.7281106114387512
2937,0.7597765326499939
2938,0.9050279259681702
2939,1.1674208641052246
2940,0.6480447053909302
2941,1.2811059951782227
2942,0.5810055732727051
2943,0.7441860437393188
2944,0.8491619825363159
2945,0.6927374005317688
2946,0.994413435459137
2947,1.2960894107818604
2948,0.8938547372817993
2949,0.6912442445755005
2950,1.318435788154602
2951,0.7821229100227356
2952,1.0322580337524414
2953,1.4078211784362793
2954,1.0875575542449951
2955,0.5586591958999634
2956,0.9502262473106384
2957,0.7932960987091064
2958,0.7926267385482788
2959,0.6033519506454468
2960,1.1731843948364258
2961,1.094972014427185
2962,0.826815664768219
2963,0.6877828240394592
2964,0.6606335043907166
2965,0.8156424760818481
2966,1.1396647691726685
2967,1.198156714439392
2968,0.7821229100227356
2969,0.659217894077301
2970,0.5736433863639832
2971,0.6703910827636719
2972,0.6696832776069641
2973,0.7239819169044495
2974,0.916201114654541
2975,1.115207314491272
2976,0.7441860437393188
2977,0.7597765326499939
2978,0.8527131676673889
2979,0.9230769276618958
2980,1.4751131534576416
2981,0.8294931054115295
2982,0.7821229100227356
2983,0.6968325972557068
2984,1.2290502786636353
2985,1.158371090888977
2986,0.7262569665908813
2987,1.0135747194290161
2988,0.7821229100227356
2989,0.8755760192871094
2990,0.774193525314331
2991,0.8603351712226868
2992,1.0875575542449951
2993,0.7926267385482788
2994,0.8798882961273193
2995,0.7873303294181824
2996,0.6480447053909302
2997,0.8715083599090576
2998,0.9230769276618958
2999,0.7058823704719543
3000,1.0055866241455078
3001,0.9832402467727661
3002,1.1173183917999268
3003,0.8018433451652527
3004,1.0391061305999756
3005,1.225806474685669
3006,0.8506787419319153
3007,0.6368715167045593
3008,1.094972014427185
3009,0.8044692873954773
3010,0.6703910827636719
3011,0.7834101319313049
3012,1.072625756263733
3013,0.8325791954994202
3014,0.9457364082336426
3015,0.7932960987091064
3016,0.764976978302002
3017,1.150838017463684
3018,0.8379888534545898
3019,0.7188940048217773
3020,0.6589147448539734
3021,0.8294931054115295
3022,0.9049773812294006
3023,0.916201114654541
3024,0.7373272180557251
3025,0.7039105892181396
3026,0.8156424760818481
3027,0.814479649066925
3028,0.7963801026344299
3029,0.6368715167045593
3030,1.3407821655273438
3031,0.7004608511924744
3032,0.8938547372817993
3033,0.8491619825363159
3034,0.8110598921775818
3035,0.8044692873954773
3036,1.2067039012908936
3037,0.6256983280181885
3038,0.8018433451652527
3039,0.8463687300682068
3040,0.7039105892181396
3041,0.7873303294181824
3042,0.8715083599090576
3043,0.9692737460136414
3044,0.7039105892181396
3045,0.921658992767334
3046,0.7597765326499939
3047,0.764976978302002
3048,0.9608938694000244
3049,1.5530725717544556
3050,0.7597765326499939
3051,0.7601810097694397
3052,1.1173183917999268
3053,0.6787330508232117
3054,0.6480447053909302
3055,0.5921787619590759
3056,0.8379888534545898
3057,0.7821229100227356
3058,0.8044692873954773
3059,0.8938547372817993
3060,1.140271544456482
3061,0.8603351712226868
3062,0.8847926259040833
3063,0.814479649066925
3064,0.9385474920272827
3065,0.6815642714500427
3066,0.7188940048217773
3067,1.1061452627182007
3068,0.6480447053909302
3069,0.7932960987091064
3070,0.9032257795333862
3071,1.2402234077453613
3072,0.6267281174659729
3073,0.9050279259681702
3074,2.0633485317230225
3075,0.8597285151481628
3076,0.6820276379585266
3077,0.6480447053909302
3078,0.8294931054115295
3079,0.6256983280181885
3080,0.6635944843292236
3081,0.7984496355056763
3082,1.0135747194290161
3083,0.7511312365531921
3084,0.8156424760818481
3085,0.7239819169044495
3086,0.8847926259040833
3087,0.6589147448539734
3088,0.8044692873954773
3089,0.7834101319313049
3090,1.318435788154602
3091,1.2290502786636353
3092,0.774193525314331
3093,0.9769585132598877
3094,0.6927374005317688
3095,0.7932960987091064
3096,0.8379888534545898
3097,0.7963801026344299
3098,0.8491619825363159
3099,0.8044692873954773
3100,0.8938547372817993
3101,0.6696832776069641
3102,0.7984496355056763
3103,1.0045249462127686
3104,0.7597765326499939
3105,0.7374301552772522
3106,0.6124030947685242
3107,1.0167597532272339
3108,0.9049773812294006
3109,1.1173183917999268
3110,0.8826815485954285
3111,0.9385474920272827
3112,0.8217054009437561
3113,0.6334841847419739
3114,0.7361751198768616
3115,0.9497206807136536
3116,0.6703910827636719
3117,0.7465437650680542
3118,0.9720670580863953
3119,1.1061452627182007
3120,1.072625756263733
3121,0.7150837779045105
3122,0.6368715167045593
3123,0.6820276379585266
3124,0.8755760192871094
3125,0.8491619825363159
3126,0.8294931054115295
3127,0.7374301552772522
3128,0.8755760192871094
3129,0.826815664768219
3130,0.6787330508232117
3131,0.8687782883644104
3132,0.9308755993843079
3133,0.6368715167045593
3134,1.2178771495819092
3135,0.8044692873954773
3136,1.1059907674789429
3137,0.8156424760818481
3138,0.7058823704719543
3139,0.6912442445755005
3140,2.3128490447998047
3141,0.8715083599090576
3142,0.6480447053909302
3143,0.8837209343910217
3144,0.7511312365531921
3145,0.9497206807136536
3146,0.8156424760818481
3147,0.5161290168762207
3148,0.9050279259681702
3149,0.940092146396637
3150,0.6703910827636719
3151,1.083798885345459
3152,0.8868778347969055
3153,0.8938547372817993
3154,0.659217894077301
3155,0.8294931054115295
3156,0.7926267385482788
3157,0.7150837779045105
3158,1.0316742658615112
3159,1.0502793788909912
3160,0.6815642714500427
3161,0.828341007232666
3162,0.6256983280181885
3163,0.7984496355056763
3164,0.6201550364494324
3165,0.6703910827636719
3166,1.0875575542449951
3167,1.1843575239181519
3168,0.8938547372817993
3169,0.6635944843292236
3170,0.6543778777122498
3171,0.6927374005317688
3172,0.9497206807136536
3173,0.916201114654541
3174,0.7821229100227356
3175,1.1428571939468384
3176,0.8597285151481628
3177,0.6145251393318176
3178,0.7149321436882019
3179,0.7039105892181396
3180,0.6877828240394592
3181,0.8938547372817993
3182,0.7188940048217773
3183,0.7262569665908813
3184,0.814479649066925
3185,0.994413435459137
3186,0.7821229100227356
3187,0.6145251393318176
3188,0.5714285969734192
3189,0.6703910827636719
3190,1.094972014427185
3191,0.8491619825363159
3192,0.8938547372817993
3193,0.7821229100227356
3194,0.940092146396637
3195,1.1131222248077393
3196,1.094972014427185
3197,0.8387096524238586
3198,0.7821229100227356
3199,0.826815664768219
3200,0.7373272180557251
3201,1.0138249397277832
3202,0.7441860437393188
3203,0.6543778777122498
3204,1.0055866241455078
3205,0.6696832776069641
3206,0.7963801026344299
3207,0.7188940048217773
3208,0.8491619825363159
3209,0.7821229100227356
3210,1.3966480493545532
3211,0.6635944843292236
3212,0.9124423861503601
3213,0.6703910827636719
3214,0.7096773982048035
3215,0.9832402467727661
3216,0.5586591958999634
3217,1.0055866241455078
3218,0.5610859990119934
3219,0.8715083599090576
3220,0.8054298758506775
3221,1.0316742658615112
3222,1.2960894107818604
3223,0.6145251393318176
3224,0.7239819169044495
3225,0.7373272180557251
3226,0.748603343963623
3227,0.6787330508232117
3228,0.6480447053909302
3229,0.5791855454444885
3230,0.9608938694000244
3231,0.9954751133918762
3232,0.8110598921775818
3233,0.8044692873954773
3234,0.8217054009437561
3235,0.46927374601364136
3236,0.6334841847419739
3237,0.9832402467727661
3238,0.6927374005317688
3239,0.8156424760818481
3240,0.9608938694000244
3241,0.921658992767334
3242,0.6703910827636719
3243,0.9720670580863953
3244,0.8663594722747803
3245,0.9050279259681702
3246,1.653631329536438
3247,1.1620111465454102
3248,0.9371508359909058
3249,0.6703910827636719
3250,1.1221719980239868
3251,0.6145251393318176
3252,0.9411764740943909
3253,0.8597285151481628
3254,0.659217894077301
3255,0.6820276379585266
3256,0.7304469347000122
3257,0.6606335043907166
3258,0.6728110313415527
3259,1.0614525079727173
3260,0.6899224519729614
3261,0.659217894077301
3262,0.8062015771865845
3263,0.8940092325210571
3264,0.7635746598243713
3265,0.7239819169044495
3266,1.0391061305999756
3267,0.9608938694000244
3268,0.9385474920272827
3269,0.6480447053909302
3270,0.9273743033409119
3271,1.1244239807128906
3272,0.6368715167045593
3273,0.9497206807136536
3274,0.7373272180557251
3275,0.6703910827636719
3276,0.7039105892181396
3277,0.774193525314331
3278,1.1131222248077393
3279,0.7373272180557251
3280,0.6703910827636719
3281,1.0113122463226318
3282,0.9677419066429138
3283,0.9049773812294006
3284,0.8156424760818481
3285,0.7601810097694397
3286,0.814479649066925
3287,0.8156424760818481
3288,0.9385474920272827
3289,0.9497206807136536
3290,0.8018433451652527
3291,0.8663594722747803
3292,0.7374301552772522
3293,0.8759689927101135
3294,0.8506787419319153
3295,0.8938547372817993
3296,0.7821229100227356
3297,0.6256983280181885
3298,0.7373272180557251
3299,0.8379888534545898
3300,0.6279069781303406
3301,1.0614525079727173
3302,1.2849161624908447
3303,0.6703910827636719
3304,0.6480447053909302
3305,1.094972014427185
3306,0.6815642714500427
3307,0.7239819169044495
3308,0.8755760192871094
3309,0.8491619825363159
3310,0.8491619825363159
3311,0.7821229100227356
3312,1.1173183917999268
3313,0.9385474920272827
3314,0.921658992767334
3315,0.7150837779045105
3316,0.6927374005317688
3317,0.6480447053909302
3318,0.7441860437393188
3319,1.1731843948364258
3320,1.1620111465454102
3321,0.814479649066925
3322,1.9441341161727905
3323,0.7821229100227356
3324,0.8868778347969055
3325,0.8294931054115295
3326,0.9773755669593811
3327,0.5810055732727051
3328,0.9832402467727661
3329,0.7039105892181396
3330,0.7281106114387512
3331,0.9677419066429138
3332,0.7834101319313049
3333,0.7039105892181396
3334,1.1620111465454102
3335,0.8379888534545898
3336,0.9385474920272827
3337,0.9273743033409119
3338,0.826815664768219
3339,1.0135747194290161
3340,0.7239819169044495
3341,0.6359447240829468
3342,0.6696832776069641
3343,0.6787330508232117
3344,0.6480447053909302
3345,0.6451612710952759
3346,0.6145251393318176
3347,0.6820276379585266
3348,0.7597765326499939
3349,1.1620111465454102
3350,0.659217894077301
3351,0.7058823704719543
3352,0.7188940048217773
3353,0.6480447053909302
3354,0.8491619825363159
3355,0.7039105892181396
3356,0.921658992767334
3357,0.8938547372817993
3358,0.9049773812294006
3359,0.8491619825363159
3360,0.7188940048217773
3361,0.8491619825363159
3362,0.9049773812294006
3363,0.7039105892181396
3364,0.6256983280181885
3365,1.2635658979415894
3366,1.1173183917999268
3367,0.7821229100227356
3368,0.8826815485954285
3369,0.7597765326499939
3370,1.2325581312179565
3371,1.0055866241455078
3372,0.5429864525794983
3373,0.7963801026344299
3374,0.8687782883644104
3375,0.7834101319313049
3376,0.7782805562019348
3377,0.6480447053909302
3378,0.6543778777122498
3379,0.6696832776069641
3380,0.659217894077301
3381,0.8044692873954773
3382,0.7932960987091064
3383,0.7150837779045105
3384,0.6815642714500427
3385,0.8156424760818481
3386,0.8379888534545898
3387,1.5115207433700562
3388,1.0875575542449951
3389,0.5345622301101685
3390,1.094972014427185
3391,1.1396647691726685
3392,0.7597765326499939
3393,0.7239819169044495
3394,0.682170569896698
3395,1.0852713584899902
3396,0.8054298758506775
3397,1.9441341161727905
3398,0.7906976938247681
3399,0.6696832776069641
3400,0.7782805562019348
3401,0.8868778347969055
3402,0.7004608511924744
3403,0.916201114654541
3404,0.8938547372817993
3405,0.8715083599090576
3406,0.6033519506454468
3407,0.7821229100227356
3408,0.6912442445755005
3409,0.9773755669593811
3410,0.9769585132598877
3411,1.0614525079727173
3412,0.7188940048217773
3413,0.9321267008781433
3414,0.682170569896698
3415,0.8938547372817993
3416,0.6256983280181885
3417,0.8868778347969055
3418,0.8479262590408325
3419,0.9385474920272827
3420,0.826815664768219
3421,0.9748603105545044
3422,0.6256983280181885
3423,1.0
3424,0.6480447053909302
3425,0.8449612259864807
3426,1.076923131942749
3427,0.8379888534545898
3428,0.8938547372817993
3429,1.7877094745635986
3430,0.7906976938247681
3431,0.7597765326499939
3432,0.6703910827636719
3433,0.7239819169044495
3434,0.6368715167045593
3435,0.651583731174469
3436,0.6480447053909302
3437,0.9124423861503601
3438,0.9385474920272827
3439,0.6877828240394592
3440,0.6267281174659729
3441,0.6334841847419739
3442,0.7597765326499939
3443,0.7932960987091064
3444,0.826815664768219
3445,1.1173183917999268
3446,0.6480447053909302
3447,0.748603343963623
3448,1.072625756263733
3449,0.7058823704719543
3450,0.7834101319313049
3451,1.318435788154602
3452,0.8491619825363159
3453,0.6480447053909302
3454,0.9049773812294006
3455,1.318435788154602
3456,0.5437787771224976
3457,1.0497738122940063
3458,0.659217894077301
3459,0.814479649066925
3460,0.6153846383094788
3461,0.5810055732727051
3462,0.6703910827636719
3463,0.6480447053909302
3464,0.6820276379585266
3465,1.2248061895370483
3466,0.8044692873954773
3467,1.1843575239181519
3468,0.8506787419319153
3469,0.7262569665908813
3470,0.6480447053909302
3471,0.9608938694000244
3472,0.8755760192871094
3473,0.8387096524238586
3474,1.4413408041000366
3475,0.8491619825363159
3476,0.8603351712226868
3477,1.0497738122940063
3478,0.6256983280181885
3479,0.7821229100227356
3480,0.6606335043907166
3481,0.6815642714500427
3482,0.9069767594337463
3483,0.6451612710952759
3484,0.659217894077301
3485,0.7188940048217773
3486,0.6703910827636719
3487,0.659217894077301
3488,0.7374301552772522
3489,0.7601810097694397
3490,0.8938547372817993
3491,0.9032257795333862
3492,0.5891472697257996
3493,0.7596899271011353
3494,0.9379844665527344
3495,0.6912442445755005
3496,0.8044692873954773
3497,0.9832402467727661
3498,0.659217894077301
3499,0.7262569665908813
3500,0.6501938104629517
3501,0.8571428656578064
3502,0.8715083599090576
3503,0.8379888534545898
3504,0.826815664768219
3505,0.7932960987091064
3506,0.9032257795333862
3507,0.9769585132598877
3508,0.8992248177528381
3509,0.7054263353347778
3510,0.826815664768219
3511,0.8938547372817993
3512,0.7281106114387512
3513,0.8687782883644104
3514,0.7782805562019348
3515,0.7004608511924744
3516,0.6703910827636719
3517,1.0407240390777588
3518,1.2849161624908447
3519,0.7150837779045105
3520,0.8044692873954773
3521,0.9608938694000244
3522,0.8372092843055725
3523,0.8379888534545898
3524,0.7963801026344299
3525,0.659217894077301
3526,0.9273743033409119
3527,0.8491619825363159
3528,1.3966480493545532
3529,1.4413408041000366
3530,0.7374301552772522
3531,0.659217894077301
3532,1.1396647691726685
3533,0.7058823704719543
3534,0.9497206807136536
3535,0.5610859990119934
3536,1.1061452627182007
3537,0.8491619825363159
3538,1.0046082735061646
3539,0.9124423861503601
3540,0.660614550113678
3541,0.6124030947685242
3542,0.7821229100227356
3543,0.9050279259681702
3544,0.8938547372817993
3545,1.2903225421905518
3546,0.9385474920272827
3547,0.8156424760818481
3548,1.0391061305999756
3549,0.8110598921775818
3550,0.7709497213363647
3551,0.9469273686408997
3552,0.6543778777122498
3553,0.6927374005317688
3554,1.1173183917999268
3555,0.826815664768219
3556,0.7441860437393188
3557,0.9683257937431335
3558,0.7209302186965942
3559,0.5116279125213623
3560,1.2036199569702148
3561,0.651583731174469
3562,0.6877828240394592
3563,1.0055866241455078
3564,0.7281106114387512
3565,1.2067039012908936
3566,1.586592197418213
3567,0.659217894077301
3568,0.7821229100227356
3569,0.659217894077301
3570,0.6877828240394592
3571,0.9497206807136536
3572,0.8018433451652527
3573,0.8294931054115295
3574,0.8938547372817993
3575,0.6703910827636719
3576,1.0316742658615112
3577,1.1221719980239868
3578,0.7373272180557251
3579,0.7262569665908813
3580,2.073732614517212
3581,0.9497206807136536
3582,0.748603343963623
3583,0.9832402467727661
3584,1.2067039012908936
3585,1.1284916400909424
3586,0.9411764740943909
3587,0.7821229100227356
3588,0.5345622301101685
3589,1.2960894107818604
3590,0.7601810097694397
3591,0.9385474920272827
3592,0.8379888534545898
3593,0.8110598921775818
3594,0.9308755993843079
3595,0.7821229100227356
3596,1.0230414867401123
3597,0.7932960987091064
3598,0.7239819169044495
3599,1.0055866241455078
3600,0.8755760192871094
3601,0.7601810097694397
3602,0.8914728760719299
3603,1.7094972133636475
3604,0.7963801026344299
3605,0.9954751133918762
3606,0.8603351712226868
3607,0.6334841847419739
3608,1.3296089172363281
3609,0.7932960987091064
3610,0.6480447053909302
3611,1.2579185962677002
3612,0.7374301552772522
3613,0.9147287011146545
3614,0.7821229100227356
3615,0.6082949042320251
3616,0.7557603716850281
3617,0.8687782883644104
3618,0.7834101319313049
3619,0.7239819169044495
3620,0.9954751133918762
3621,0.659217894077301
3622,0.6480447053909302
3623,0.8294931054115295
3624,1.3100775480270386
3625,0.8938547372817993
3626,0.748603343963623
3627,0.6368715167045593
3628,0.994413435459137
3629,1.1061452627182007
3630,0.7601810097694397
3631,0.8156424760818481
3632,0.6927374005317688
3633,0.9954751133918762
3634,0.8715083599090576
3635,0.6912442445755005
3636,0.9273743033409119
3637,0.8938547372817993
3638,0.6717877388000488
3639,0.826815664768219
3640,1.0678733587265015
3641,0.7597765326499939
3642,0.7932960987091064
3643,1.3640552759170532
3644,0.7188940048217773
3645,0.6815642714500427
3646,0.6976743936538696
3647,0.8603351712226868
3648,0.959276020526886
3649,0.7963801026344299
3650,1.0055866241455078
3651,0.916201114654541
3652,0.7511312365531921
3653,0.9385474920272827
3654,1.1173183917999268
3655,1.1059907674789429
3656,0.7821229100227356
3657,0.5529953837394714
3658,0.8491619825363159
3659,0.7373272180557251
3660,1.0967742204666138
3661,0.9677419066429138
3662,0.6877828240394592
3663,0.6480447053909302
3664,0.9689922332763672
3665,0.7932960987091064
3666,0.9954751133918762
3667,0.8992248177528381
3668,0.5429864525794983
3669,0.8114525079727173
3670,0.7601810097694397
3671,0.6543778777122498
3672,1.0391061305999756
3673,0.8992248177528381
3674,0.7709497213363647
3675,0.8044692873954773
3676,0.7004608511924744
3677,0.8156424760818481
3678,0.5972850918769836
3679,0.7597765326499939
3680,0.6480447053909302
3681,0.7262569665908813
3682,0.9720670580863953
3683,0.6703910827636719
3684,0.6451612710952759
3685,0.8938547372817993
3686,0.7039105892181396
3687,0.9832402467727661
3688,0.8603351712226868
3689,0.9608938694000244
3690,0.8491619825363159
3691,0.659217894077301
3692,0.6368715167045593
3693,0.748603343963623
3694,0.8491619825363159
3695,0.9273743033409119
3696,0.7058823704719543
3697,0.8597285151481628
3698,0.8491619825363159
3699,1.0055866241455078
3700,1.0614525079727173
3701,0.7821229100227356
3702,0.6145251393318176
3703,0.7597765326499939
3704,0.6368715167045593
3705,0.6728110313415527
3706,0.7373272180557251
3707,0.7150837779045105
3708,0.7262569665908813
3709,1.0614525079727173
3710,0.7672811150550842
3711,1.0055866241455078
3712,1.04147469997406
3713,0.5972850918769836
3714,0.8379888534545898
3715,0.6451612710952759
3716,1.1731843948364258
3717,0.6815642714500427
3718,0.7597765326499939
3719,0.6912442445755005
3720,0.9608938694000244
3721,0.6368715167045593
3722,1.2290502786636353
3723,0.8156424760818481
3724,0.6451612710952759
3725,0.8044692873954773
3726,0.8379888534545898
3727,0.7821229100227356
3728,0.8156424760818481
3729,0.9032257795333862
3730,1.1889400482177734
3731,0.8379888534545898
3732,0.5622119903564453
3733,1.082402229309082
3734,1.382488489151001
3735,0.8826815485954285
3736,0.9308755993843079
3737,0.7932960987091064
3738,0.8156424760818481
3739,0.6993087530136108
3740,0.764976978302002
3741,0.7926267385482788
3742,0.7597765326499939
3743,0.6815642714500427
3744,1.094972014427185
3745,1.094972014427185
3746,0.6480447053909302
3747,0.7932960987091064
3748,0.8938547372817993
3749,0.6256983280181885
3750,0.9497206807136536
3751,0.8379888534545898
3752,0.814479649066925
3753,0.7821229100227356
3754,1.6759777069091797
3755,0.6153846383094788
3756,0.9273743033409119
3757,0.7596899271011353
3758,0.8156424760818481
3759,0.7039105892181396
3760,0.5586591958999634
3761,0.6480447053909302
3762,0.9769585132598877
3763,0.9273743033409119
3764,0.8687782883644104
3765,1.0967742204666138
3766,1.3407821655273438
3767,0.8110598921775818
3768,0.9683257937431335
3769,1.4525139331817627
3770,0.8868778347969055
3771,0.9608938694000244
3772,0.8044692873954773
3773,1.0055866241455078
3774,0.9954751133918762
3775,0.6763566136360168
3776,0.7096773982048035
3777,0.7821229100227356
3778,0.6703910827636719
3779,0.6082949042320251
3780,0.7597765326499939
3781,0.6153846383094788
3782,0.7821229100227356
3783,0.7932960987091064
3784,0.7374301552772522
3785,1.0279330015182495
3786,0.8018433451652527
3787,1.076923131942749
3788,0.7709497213363647
3789,0.7926267385482788
3790,0.6815642714500427
3791,0.6703910827636719
3792,1.918552041053772
3793,0.659217894077301
3794,0.9385474920272827
3795,0.6703910827636719
3796,0.7262569665908813
3797,0.8044692873954773
3798,0.7004608511924744
3799,1.072625756263733
3800,0.9032257795333862
3801,0.8938547372817993
3802,0.8379888534545898
3803,0.7465437650680542
3804,0.6815642714500427
3805,0.7932960987091064
3806,0.8156424760818481
3807,0.7926267385482788
3808,0.5429864525794983
3809,1.1493213176727295
3810,1.7877094745635986
3811,0.6635944843292236
3812,0.8235294222831726
3813,0.9832402467727661
3814,1.2290502786636353
3815,0.6256983280181885
3816,0.7209302186965942
3817,1.0077519416809082
3818,0.5429864525794983
3819,0.7782805562019348
3820,0.7845622301101685
3821,0.7601810097694397
3822,0.6912442445755005
3823,0.8837209343910217
3824,1.069124460220337
3825,0.9832402467727661
3826,0.6703910827636719
3827,0.748603343963623
3828,0.7096773982048035
3829,0.8110598921775818
3830,1.3407821655273438
3831,0.6820276379585266
3832,0.6201550364494324
3833,0.8938547372817993
3834,1.1221719980239868
3835,1.9276018142700195
3836,0.9953917264938354
3837,0.7039105892181396
3838,0.9832402467727661
3839,0.9385474920272827
3840,0.6912442445755005
3841,0.7692307829856873
3842,0.8379888534545898
3843,0.774193525314331
3844,0.7004608511924744
3845,0.617511510848999
3846,0.9677419066429138
3847,0.6815642714500427
3848,0.8603351712226868
3849,0.6480447053909302
3850,0.7286821603775024
3851,1.0055866241455078
3852,0.7039105892181396
3853,0.6033519506454468
3854,0.7039105892181396
3855,0.814479649066925
3856,0.6334841847419739
3857,0.7004608511924744
3858,1.0502793788909912
3859,0.8044692873954773
3860,0.9608938694000244
3861,0.8156424760818481
3862,0.6334841847419739
3863,0.6480447053909302
3864,0.921658992767334
3865,0.7188940048217773
3866,0.7821229100227356
3867,0.774193525314331
3868,1.3743016719818115
3869,0.5791855454444885
3870,0.9773755669593811
3871,0.8826815485954285
3872,0.8387096524238586
3873,0.8202764987945557
3874,0.8156424760818481
3875,0.8826815485954285
3876,0.8379888534545898
3877,0.7751938104629517
3878,0.7601810097694397
3879,0.9608938694000244
3880,0.5520362257957458
3881,0.814479649066925
3882,0.8379888534545898
3883,1.2067039012908936
3884,0.8847926259040833
3885,0.6480447053909302
3886,0.8597285151481628
3887,0.7601810097694397
3888,0.8379888534545898
3889,0.8235294222831726
3890,0.6787330508232117
3891,0.7373272180557251
3892,0.7932960987091064
3893,0.6976743936538696
3894,0.8044692873954773
3895,0.9608938694000244
3896,0.6912442445755005
3897,1.0055866241455078
3898,0.6899224519729614
3899,0.8156424760818481
3900,0.7239819169044495
3901,0.6564245820045471
3902,0.6256983280181885
3903,0.659217894077301
3904,0.8491619825363159
3905,0.7281106114387512
3906,0.8938547372817993
3907,0.826815664768219
3908,0.6703910827636719
3909,0.8294931054115295
3910,0.7373272180557251
3911,0.826815664768219
3912,0.6820276379585266
3913,0.7597765326499939
3914,0.8571428656578064
3915,0.7188940048217773
3916,0.814479649066925
3917,0.8044692873954773
3918,0.8491619825363159
3919,0.659217894077301
3920,0.8938547372817993
3921,0.9124423861503601
3922,0.8603351712226868
3923,0.7963801026344299
3924,0.6728110313415527
3925,0.994413435459137
3926,0.8491619825363159
3927,0.5437787771224976
3928,0.5429864525794983
3929,1.1061452627182007
3930,0.6033519506454468
3931,0.7149321436882019
3932,0.7597765326499939
3933,0.916201114654541
3934,0.764976978302002
3935,0.6976743936538696
3936,0.9497206807136536
3937,0.6145251393318176
3938,0.6145251393318176
3939,0.651583731174469
3940,0.921658992767334
3941,0.7821229100227356
3942,0.6543778777122498
3943,0.7821229100227356
3944,0.9720670580863953
3945,0.9608938694000244
3946,0.9832402467727661
3947,0.9049773812294006
3948,0.9385474920272827
3949,0.774193525314331
3950,0.7782805562019348
3951,1.0155038833618164
3952,0.7963801026344299
3953,0.9379844665527344
3954,0.8491619825363159
3955,0.8054298758506775
3956,1.1173183917999268
3957,0.8491619825363159
3958,0.6820276379585266
3959,0.8491619825363159
3960,0.8235294222831726
3961,0.9585253596305847
3962,0.7188940048217773
3963,0.6543778777122498
3964,0.6368715167045593
3965,0.659217894077301
3966,0.8603351712226868
3967,1.0967742204666138
3968,1.0391061305999756
3969,0.9861751198768616
3970,0.8156424760818481
3971,0.7873303294181824
3972,0.6703910827636719
3973,0.5529953837394714
3974,0.7821229100227356
3975,1.4932126998901367
3976,0.7374301552772522
3977,1.318435788154602
3978,0.7821229100227356
3979,0.6033519506454468
3980,0.8156424760818481
3981,0.9832402467727661
3982,0.7262569665908813
3983,0.8687782883644104
3984,0.7834101319313049
3985,1.1764706373214722
3986,0.8755760192871094
3987,0.8156424760818481
3988,0.7262569665908813
3989,1.3574661016464233
3990,0.7039105892181396
3991,0.9385474920272827
3992,0.5791855454444885
3993,0.7054263353347778
3994,0.6976743936538696
3995,0.7597765326499939
3996,0.8938547372817993
3997,0.916201114654541
3998,0.7364341020584106
3999,0.6480447053909302
4000,1.1705069541931152
4001,0.961240291595459
4002,0.8062015771865845
4003,0.6033519506454468
4004,0.6368715167045593
4005,0.7039105892181396
4006,0.8156424760818481
4007,0.9385474920272827
4008,1.1674208641052246
4009,0.7821229100227356
4010,0.9273743033409119
4011,0.6703910827636719
4012,0.8959276080131531
4013,0.7188940048217773
4014,0.8379888534545898
4015,0.6153846383094788
4016,0.774193525314331
4017,0.7374301552772522
4018,0.7511312365531921
4019,0.6976743936538696
4020,0.5586591958999634
4021,0.8715083599090576
4022,1.1843575239181519
4023,1.6129032373428345
4024,0.7039105892181396
4025,0.8156424760818481
4026,0.7709497213363647
4027,0.8044692873954773
4028,0.814479649066925
4029,0.8294931054115295
4030,0.7822580933570862
4031,0.6480447053909302
4032,0.8110598921775818
4033,1.094972014427185
4034,0.6703910827636719
4035,0.6689944267272949
4036,0.8847926259040833
4037,0.9140271544456482
4038,0.8054298758506775
4039,0.7374301552772522
4040,1.430167555809021
4041,1.0391061305999756
4042,0.8294931054115295
4043,0.6815642714500427
4044,0.7926267385482788
4045,1.0391061305999756
4046,0.9273743033409119
4047,0.6703910827636719
4048,0.7039105892181396
4049,0.7601810097694397
4050,0.814479649066925
4051,1.04147469997406
4052,0.9321267008781433
4053,0.7597765326499939
4054,1.1396647691726685
4055,0.8479262590408325
4056,0.6703910827636719
4057,1.0614525079727173
4058,0.6153846383094788
4059,0.6696832776069641
4060,1.0497738122940063
4061,0.6368715167045593
4062,0.9050279259681702
4063,0.7441860437393188
4064,0.8938547372817993
4065,0.916201114654541
4066,1.2849161624908447
4067,0.8938547372817993
4068,0.659217894077301
4069,0.8044692873954773
4070,0.7262569665908813
4071,1.4413408041000366
4072,1.0620155334472656
4073,0.7821229100227356
4074,0.8044692873954773
4075,0.5529953837394714
4076,0.8044692873954773
4077,0.8715083599090576
4078,0.7004608511924744
4079,0.748603343963623
4080,1.1173183917999268
4081,0.7932960987091064
4082,0.9832402467727661
4083,0.921658992767334
4084,0.814479649066925
4085,0.7557603716850281
4086,0.7149321436882019
4087,0.8938547372817993
4088,0.6703910827636719
4089,0.7821229100227356
4090,0.8938547372817993
4091,0.7188940048217773
4092,0.6703910827636719
4093,0.9832402467727661
4094,0.9273743033409119
4095,0.9608938694000244
4096,0.6480447053909302
4097,0.7914746403694153
4098,0.7374301552772522
4099,0.9385474920272827
4100,0.7709497213363647
4101,0.6033519506454468
4102,0.6703910827636719
4103,1.1221719980239868
4104,0.8479262590408325
4105,1.2067039012908936
4106,0.6368715167045593
4107,0.8044692873954773
4108,0.6635944843292236
4109,0.7597765326499939
4110,0.8715083599090576
4111,0.7821229100227356
4112,0.7709497213363647
4113,0.9385474920272827
4114,0.6703910827636719
4115,1.2290502786636353
4116,0.8110598921775818
4117,0.9832402467727661
4118,1.0614525079727173
4119,0.994413435459137
4120,0.7150837779045105
4121,0.643410861492157
4122,1.2737430334091187
4123,0.7004608511924744
4124,0.7373272180557251
4125,0.814479649066925
4126,0.6267281174659729
4127,0.8715083599090576
4128,0.6703910827636719
4129,0.5810055732727051
4130,1.0391061305999756
4131,0.8755760192871094
4132,0.9720670580863953
4133,0.651583731174469
4134,0.7926267385482788
4135,0.8938547372817993
4136,1.094972014427185
4137,1.0391061305999756
4138,0.9493087530136108
4139,0.8372092843055725
4140,0.748603343963623
4141,1.1059907674789429
4142,0.6820276379585266
4143,0.7096773982048035
4144,0.7782805562019348
4145,0.7420814633369446
4146,0.5529953837394714
4147,0.7597765326499939
4148,0.7984496355056763
4149,1.069124460220337
4150,0.7601810097694397
4151,0.8491619825363159
4152,0.5271317958831787
4153,0.7918994426727295
4154,0.8506787419319153
4155,0.6256983280181885
4156,0.8379888534545898
4157,0.9049773812294006
4158,0.774193525314331
4159,1.0279330015182495
4160,0.9049773812294006
4161,0.8687782883644104
4162,0.6820276379585266
4163,0.774193525314331
4164,0.8202764987945557
4165,0.8491619825363159
4166,0.7583798766136169
4167,0.8156424760818481
4168,0.7058823704719543
4169,0.8044692873954773
4170,0.6703910827636719
4171,0.814479649066925
4172,0.7834101319313049
4173,0.7374301552772522
4174,0.764976978302002
4175,0.8491619825363159
4176,0.9832402467727661
4177,2.064516067504883
4178,1.0230414867401123
4179,0.8110598921775818
4180,0.7188940048217773
4181,0.9050279259681702
4182,0.7054263353347778
4183,0.6511628031730652
4184,0.9720670580863953
4185,0.8379888534545898
4186,0.8715083599090576
4187,0.7004608511924744
4188,0.8416289687156677
4189,0.7597765326499939
4190,0.7821229100227356
4191,0.7782805562019348
4192,0.8387096524238586
4193,0.7004608511924744
4194,0.7597765326499939
4195,0.7239819169044495
4196,0.7373272180557251
4197,0.877828061580658
4198,1.2667597532272339
4199,1.0279330015182495
4200,0.6703910827636719
4201,0.9032257795333862
4202,0.668552041053772
4203,0.8491619825363159
4204,0.643410861492157
4205,0.6815642714500427
4206,0.733031690120697
4207,0.7039105892181396
4208,0.8491619825363159
4209,1.0055866241455078
4210,0.8387096524238586
4211,0.8914728760719299
4212,0.9140271544456482
4213,0.7096773982048035
4214,0.7597765326499939
4215,0.8527131676673889
4216,1.0046082735061646
4217,0.959276020526886
4218,0.9385474920272827
4219,0.9683257937431335
4220,0.6744186282157898
4221,0.8491619825363159
4222,0.8755760192871094
4223,0.7150837779045105
4224,0.6815642714500427
4225,0.6877828240394592
4226,0.7374301552772522
4227,0.8938547372817993
4228,0.8379888534545898
4229,0.8491619825363159
4230,0.7873303294181824
4231,0.7188940048217773
4232,1.1173183917999268
4233,0.6256983280181885
4234,0.9273743033409119
4235,0.9385474920272827
4236,0.8110598921775818
4237,0.6543778777122498
4238,0.9032257795333862
4239,0.7150837779045105
4240,0.7926267385482788
4241,0.5810055732727051
4242,0.6494413614273071
4243,0.7821229100227356
4244,1.2737430334091187
4245,0.8044692873954773
4246,0.9497206807136536
4247,0.8755760192871094
4248,1.1843575239181519
4249,0.7821229100227356
4250,0.9385474920272827
4251,0.6334841847419739
4252,0.7286821603775024
4253,0.6728110313415527
4254,0.674580991268158
4255,0.6703910827636719
4256,0.8379888534545898
4257,0.6815642714500427
4258,0.9497206807136536
4259,0.6480447053909302
4260,0.7597765326499939
4261,0.7771493196487427
4262,1.0167597532272339
4263,0.6368715167045593
4264,0.826815664768219
4265,0.9032257795333862
4266,0.9385474920272827
4267,1.139534831047058
4268,1.1061452627182007
4269,0.6543778777122498
4270,1.072625756263733
4271,0.7004608511924744
4272,0.9608938694000244
4273,0.8506787419319153
4274,0.9385474920272827
4275,1.076923131942749
4276,1.0135747194290161
4277,1.1472867727279663
4278,0.6703910827636719
4279,0.8868778347969055
4280,0.8603351712226868
4281,0.7239819169044495
4282,0.6279069781303406
4283,0.6124030947685242
4284,0.7039105892181396
4285,0.617511510848999
4286,0.994413435459137
4287,0.7829457521438599
4288,0.7601810097694397
4289,0.6244344115257263
4290,1.0967742204666138
4291,0.9050279259681702
4292,1.0391061305999756
4293,0.6368715167045593
4294,0.6244344115257263
4295,0.7932960987091064
4296,0.7150837779045105
4297,0.659217894077301
4298,0.5586591958999634
4299,0.7821229100227356
4300,0.6927374005317688
4301,0.8491619825363159
4302,0.6256983280181885
4303,1.0614525079727173
4304,0.6424580812454224
4305,0.8715083599090576
4306,0.774193525314331
4307,1.0230414867401123
4308,0.7597765326499939
4309,0.8110598921775818
4310,0.994413435459137
4311,0.6927374005317688
4312,0.8379888534545898
4313,0.8847926259040833
4314,0.814479649066925
4315,0.8491619825363159
4316,0.6256983280181885
4317,0.994413435459137
4318,0.8847926259040833
4319,0.7188940048217773
4320,0.599078357219696
4321,0.7932960987091064
4322,1.2290502786636353
4323,0.9773755669593811
4324,0.7373272180557251
4325,0.7834101319313049
4326,0.7597765326499939
4327,0.7692307829856873
4328,0.8202764987945557
4329,0.6815642714500427
4330,0.8054298758506775
4331,0.9608938694000244
4332,0.5520362257957458
4333,0.8868778347969055
4334,0.7926267385482788
4335,0.9954751133918762
4336,0.6480447053909302
4337,0.6815642714500427
4338,0.9273743033409119
4339,0.826815664768219
4340,0.8372092843055725
4341,1.076923131942749
4342,0.8663594722747803
4343,0.7597765326499939
4344,0.814479649066925
4345,0.659217894077301
4346,0.6728110313415527
4347,0.7834101319313049
4348,0.9502262473106384
4349,0.8156424760818481
4350,0.8603351712226868
4351,2.1564245223999023
4352,0.9585253596305847
4353,0.7004608511924744
4354,1.1061452627182007
4355,0.6033519506454468
4356,0.8663594722747803
4357,1.3296089172363281
4358,0.9032257795333862
4359,1.1945701837539673
4360,0.8826815485954285
4361,0.9608938694000244
4362,0.7709497213363647
4363,0.8940092325210571
4364,0.7932960987091064
4365,1.094972014427185
4366,0.8156424760818481
4367,0.6440092325210571
4368,0.8139534592628479
4369,0.9720670580863953
4370,0.7941176295280457
4371,0.7821229100227356
4372,0.8755760192871094
4373,0.7058823704719543
4374,0.9273743033409119
4375,0.8868778347969055
4376,0.7096773982048035
4377,1.1396647691726685
4378,0.9832402467727661
4379,1.3072625398635864
4380,0.9832402467727661
4381,0.6957013607025146
4382,1.0599077939987183
4383,0.7963801026344299
4384,0.7511312365531921
4385,0.8217054009437561
4386,1.1059907674789429
4387,0.8715083599090576
4388,0.8938547372817993
4389,0.6256983280181885
4390,0.8379888534545898
4391,0.6368715167045593
4392,0.6145251393318176
4393,0.8940092325210571
4394,0.8715083599090576
4395,0.9832402467727661
4396,0.9608938694000244
4397,0.8110598921775818
4398,1.2067039012908936
4399,1.072625756263733
4400,0.5882353186607361
4401,0.994413435459137
4402,1.251396656036377
4403,0.7932960987091064
4404,0.6703910827636719
4405,0.8959276080131531
4406,0.6815642714500427
4407,0.6606335043907166
4408,0.8603351712226868
4409,0.5426267385482788
4410,0.7150837779045105
4411,0.9608938694000244
4412,1.0391061305999756
4413,0.814479649066925
4414,1.0697674751281738
4415,0.9050279259681702
4416,0.6912442445755005
4417,0.7963801026344299
4418,1.158371090888977
4419,0.7834101319313049
4420,0.6912442445755005
4421,0.8156424760818481
4422,0.774193525314331
4423,1.0138249397277832
4424,0.7058823704719543
4425,0.6256983280181885
4426,0.8044692873954773
4427,0.8715083599090576
4428,0.8992248177528381
4429,0.6703910827636719
4430,0.7932960987091064
4431,0.7821229100227356
4432,0.9385474920272827
4433,0.6912442445755005
4434,0.5139665007591248
4435,0.6606335043907166
4436,0.6703910827636719
4437,0.9497206807136536
4438,0.6703910827636719
4439,0.8837209343910217
4440,0.6511628031730652
4441,0.6368715167045593
4442,0.7782805562019348
4443,0.7150837779045105
4444,0.7834101319313049
4445,0.9049773812294006
4446,0.6480447053909302
4447,1.0697674751281738
4448,0.8687782883644104
4449,1.1173183917999268
4450,0.7597765326499939
4451,1.6774193048477173
4452,0.8379888534545898
4453,0.8235294222831726
4454,0.8571428656578064
4455,0.8491619825363159
4456,0.7465437650680542
4457,1.1173183917999268
4458,0.6480447053909302
4459,0.7782805562019348
4460,0.8938547372817993
4461,0.6912442445755005
4462,0.7834101319313049
4463,0.6815642714500427
4464,0.9497206807136536
4465,0.9411764740943909
4466,0.7873303294181824
4467,0.7926267385482788
4468,0.6744186282157898
4469,0.8506787419319153
4470,0.7782805562019348
4471,1.0506912469863892
4472,0.617511510848999
4473,0.7150837779045105
4474,0.8715083599090576
4475,0.682170569896698
4476,0.8938547372817993
4477,0.6589147448539734
4478,0.9032257795333862
4479,1.0391061305999756
4480,0.5622119903564453
4481,0.8663594722747803
4482,0.8603351712226868
4483,0.8938547372817993
4484,0.8044692873954773
4485,0.8202764987945557
4486,0.9497206807136536
4487,0.5736433863639832
4488,0.8868778347969055
4489,0.6703910827636719
4490,0.5972850918769836
4491,0.6451612710952759
4492,0.7963801026344299
4493,0.7557603716850281
4494,0.667597770690918
4495,0.9864253401756287
4496,0.8156424760818481
4497,1.083798885345459
4498,0.7873303294181824
4499,0.8018433451652527
4500,0.994413435459137
4501,1.3519552946090698
4502,0.8938547372817993
4503,0.8959276080131531
4504,0.8235294222831726
4505,0.5586591958999634
4506,0.6753393411636353
4507,0.7239819169044495
4508,0.8156424760818481
4509,1.0230414867401123
4510,0.7782805562019348
4511,0.6323529481887817
4512,1.1173183917999268
4513,0.7821229100227356
4514,0.916201114654541
4515,0.7597765326499939
4516,0.8938547372817993
4517,1.2067039012908936
4518,0.994413435459137
4519,0.7188940048217773
4520,0.9497206807136536
4521,0.7004608511924744
4522,0.8110598921775818
4523,0.826815664768219
4524,0.8938547372817993
4525,0.7364341020584106
4526,0.7374301552772522
4527,1.0138249397277832
4528,0.7465437650680542
4529,0.9032257795333862
4530,0.7709497213363647
4531,0.659217894077301
4532,0.7821229100227356
4533,0.9032257795333862
4534,0.6256983280181885
4535,0.826815664768219
4536,0.7262569665908813
4537,0.9385474920272827
4538,0.9385474920272827
4539,0.6815642714500427
4540,0.7262569665908813
4541,0.7373272180557251
4542,0.7821229100227356
4543,0.7926267385482788
4544,1.1731843948364258
4545,1.150838017463684
4546,0.9069767594337463
4547,0.6480447053909302
4548,0.7054263353347778
4549,0.7188940048217773
4550,0.9832402467727661
4551,1.0391061305999756
4552,0.9511173367500305
4553,0.8938547372817993
4554,0.7821229100227356
4555,0.7821229100227356
4556,1.0138249397277832
4557,0.921658992767334
4558,0.9497206807136536
4559,0.7932960987091064
4560,0.7782805562019348
4561,0.9124423861503601
4562,0.7511312365531921
4563,0.659217894077301
4564,0.8202764987945557
4565,0.6145251393318176
4566,0.8156424760818481
4567,0.8416289687156677
4568,0.7821229100227356
4569,0.8110598921775818
4570,0.8938547372817993
4571,0.7926267385482788
4572,0.8156424760818481
4573,0.7557603716850281
4574,0.6368715167045593
4575,0.8379888534545898
4576,0.7188940048217773
4577,0.8938547372817993
4578,0.8687782883644104
4579,0.6425339579582214
4580,0.8687782883644104
4581,0.6696832776069641
4582,0.7782805562019348
4583,0.5251396894454956
4584,0.6815642714500427
4585,0.8387096524238586
4586,0.9273743033409119
4587,0.9720670580863953
4588,1.0167597532272339
4589,0.8294573426246643
4590,1.0226244926452637
4591,0.5698323845863342
4592,0.7058823704719543
4593,0.8491619825363159
4594,0.7926267385482788
4595,0.6334841847419739
4596,0.6877828240394592
4597,1.2290502786636353
4598,0.6703910827636719
4599,1.158371090888977
4600,0.8110598921775818
4601,0.8379888534545898
4602,0.6703910827636719
4603,0.9497206807136536
4604,0.5891472697257996
4605,0.6703910827636719
4606,0.659217894077301
4607,0.9230769276618958
4608,0.8959276080131531
4609,0.8663594722747803
4610,0.994413435459137
4611,0.6927374005317688
4612,0.8044692873954773
4613,0.8202764987945557
4614,1.083798885345459
4615,1.0167597532272339
4616,0.5529953837394714
4617,0.8506787419319153
4618,0.9773755669593811
4619,1.251396656036377
4620,0.8715083599090576
4621,0.6703910827636719
4622,0.826815664768219
4623,0.6703910827636719
4624,0.6703910827636719
4625,0.6382681727409363
4626,0.8379888534545898
4627,0.826815664768219
4628,0.8379888534545898
4629,0.7834101319313049
4630,0.6787330508232117
4631,0.8938547372817993
4632,0.7963801026344299
4633,1.0279330015182495
4634,0.8715083599090576
4635,1.1889400482177734
4636,0.6787330508232117
4637,0.7096773982048035
4638,0.6480447053909302
4639,0.7932960987091064
4640,0.6480447053909302
4641,0.9308755993843079
4642,0.7262569665908813
4643,1.497206687927246
4644,0.8479262590408325
4645,0.8491619825363159
4646,0.6256983280181885
4647,0.8044692873954773
4648,0.921658992767334
4649,0.9677419066429138
4650,0.9385474920272827
4651,0.826815664768219
4652,0.6480447053909302
4653,0.8044692873954773
4654,0.7150837779045105
4655,0.7834101319313049
4656,0.9720670580863953
4657,0.5529953837394714
4658,0.9832402467727661
4659,0.8062015771865845
4660,0.7601810097694397
4661,0.7597765326499939
4662,0.6480447053909302
4663,0.8379888534545898
4664,0.6815642714500427
4665,0.7601810097694397
4666,0.8715083599090576
4667,0.774193525314331
4668,0.6511628031730652
4669,0.6480447053909302
4670,0.6815642714500427
4671,0.7597765326499939
4672,0.7873303294181824
4673,0.6703910827636719
4674,0.6787330508232117
4675,1.1620111465454102
4676,1.8217054605484009
4677,0.7709497213363647
4678,0.8235294222831726
4679,0.9032257795333862
4680,0.6703910827636719
4681,0.9230769276618958
4682,0.8294931054115295
4683,0.8847926259040833
4684,1.0875575542449951
4685,0.8110598921775818
4686,0.7782805562019348
4687,1.5418994426727295
4688,0.9385474920272827
4689,0.7597765326499939
4690,0.7926267385482788
4691,0.8294931054115295
4692,0.5067873597145081
4693,0.9608938694000244
4694,0.7821229100227356
4695,0.6815642714500427
4696,0.9385474920272827
4697,0.7821229100227356
4698,0.7692307829856873
4699,1.0614525079727173
4700,0.7262569665908813
4701,1.3303167819976807
4702,2.018099546432495
4703,0.6927374005317688
4704,0.9497206807136536
4705,0.6334841847419739
4706,0.6927374005317688
4707,0.9273743033409119
4708,0.8938547372817993
4709,1.1040724515914917
4710,1.1627906560897827
4711,0.7039105892181396
4712,0.6703910827636719
4713,1.1731843948364258
4714,0.6279069781303406
4715,0.8379888534545898
4716,0.6696832776069641
4717,0.7374301552772522
4718,0.651583731174469
4719,0.814479649066925
4720,0.9497206807136536
4721,1.2036199569702148
4722,0.7039105892181396
4723,0.8826815485954285
4724,1.072625756263733
4725,0.6703910827636719
4726,0.7374301552772522
4727,0.6480447053909302
4728,0.8491619825363159
4729,0.8491619825363159
4730,0.7262569665908813
4731,0.9308755993843079
4732,0.8379888534545898
4733,0.826815664768219
4734,0.7597765326499939
4735,0.7821229100227356
4736,0.6368715167045593
4737,0.7709497213363647
4738,1.0506912469863892
4739,1.1061452627182007
4740,0.6696832776069641
4741,0.6815642714500427
4742,0.7004608511924744
4743,0.6425339579582214
4744,0.8854748606681824
4745,0.8755760192871094
4746,0.5791855454444885
4747,0.6787330508232117
4748,0.7039105892181396
4749,0.994413435459137
4750,0.9832402467727661
4751,0.8715083599090576
4752,0.6635944843292236
4753,0.6703910827636719
4754,0.9832402467727661
4755,0.7150837779045105
4756,0.8938547372817993
4757,0.7441860437393188
4758,0.8491619825363159
4759,0.682170569896698
4760,0.8715083599090576
4761,0.6703910827636719
4762,0.8479262590408325
4763,1.0046082735061646
4764,0.7004608511924744
4765,0.7751938104629517
4766,0.7597765326499939
4767,0.826815664768219
4768,1.0407240390777588
4769,1.2635658979415894
4770,0.7374301552772522
4771,0.6635944843292236
4772,0.8603351712226868
4773,0.9385474920272827
4774,0.9832402467727661
4775,0.6368715167045593
4776,0.7402234673500061
4777,0.682170569896698
4778,1.0055866241455078
4779,0.916201114654541
4780,0.7039105892181396
4781,0.6899224519729614
4782,1.239819049835205
4783,0.733031690120697
4784,1.5530725717544556
4785,0.7821229100227356
4786,0.6256983280181885
4787,0.916201114654541
4788,0.7834101319313049
4789,0.6256983280181885
4790,0.6820276379585266
4791,0.8062015771865845
4792,0.6703910827636719
4793,0.682170569896698
4794,0.748603343963623
4795,0.7709497213363647
4796,0.9050279259681702
4797,0.9720670580863953
4798,0.8156424760818481
4799,1.2960894107818604
4800,0.7932960987091064
4801,0.940092146396637
4802,0.8491619825363159
4803,0.6368715167045593
4804,0.6131221652030945
4805,0.6728110313415527
4806,0.6927374005317688
4807,0.6912442445755005
4808,0.6744186282157898
4809,1.5083799362182617
4810,0.7262569665908813
4811,0.7601810097694397
4812,0.6368715167045593
4813,0.7821229100227356
4814,0.7821229100227356
4815,0.659217894077301
4816,0.7597765326499939
4817,0.8663594722747803
4818,1.0391061305999756
4819,0.8868778347969055
4820,0.8527131676673889
4821,0.7096773982048035
4822,0.8715083599090576
4823,0.9954751133918762
4824,0.8044692873954773
4825,0.7149321436882019
4826,0.826815664768219
4827,0.8603351712226868
4828,0.5581395626068115
4829,0.7364341020584106
4830,0.9273743033409119
4831,0.7834101319313049
4832,0.8479262590408325
4833,1.664804458618164
4834,0.8379888534545898
4835,0.7692307829856873
4836,0.8379888534545898
4837,0.7692307829856873
4838,1.0391061305999756
4839,0.9273743033409119
4840,0.5810055732727051
4841,0.6368715167045593
4842,1.497206687927246
4843,0.6927374005317688
4844,1.0077519416809082
4845,0.6153846383094788
4846,0.8110598921775818
4847,0.7039105892181396
4848,0.9953917264938354
4849,1.1061452627182007
4850,0.6815642714500427
4851,0.7188940048217773
4852,0.6256983280181885
4853,0.9683257937431335
4854,0.9608938694000244
4855,0.8044692873954773
4856,1.1061452627182007
4857,0.748603343963623
4858,0.6256983280181885
4859,0.8682170510292053
4860,0.7262569665908813
4861,0.6728110313415527
4862,0.7039105892181396
4863,0.6728110313415527
4864,0.7873303294181824
4865,0.8491619825363159
4866,0.6368715167045593
4867,0.6543778777122498
4868,0.7150837779045105
4869,0.7150837779045105
4870,1.4031007289886475
4871,0.5921787619590759
4872,1.0502793788909912
4873,0.814479649066925
4874,0.6703910827636719
4875,0.7963801026344299
4876,0.7239819169044495
4877,1.0391061305999756
4878,1.0506912469863892
4879,1.0055866241455078
4880,0.7039105892181396
4881,0.733031690120697
4882,0.5529953837394714
4883,0.8938547372817993
4884,0.6368715167045593
4885,0.6927374005317688
4886,0.8351955413818359
4887,0.682170569896698
4888,0.6480447053909302
4889,0.7932960987091064
4890,0.826815664768219
4891,0.7150837779045105
4892,0.8938547372817993
4893,1.2165898084640503
4894,0.8491619825363159
4895,0.8938547372817993
4896,1.0135747194290161
4897,1.4285714626312256
4898,0.5810055732727051
4899,0.7262569665908813
4900,1.2290502786636353
4901,0.6153846383094788
4902,0.8715083599090576
4903,0.7597765326499939
4904,0.9493087530136108
4905,1.235023021697998
4906,0.7963801026344299
4907,1.3936651945114136
4908,0.6606335043907166
4909,0.7557603716850281
4910,0.774193525314331
4911,1.2290502786636353
4912,0.6968325972557068
4913,0.8044692873954773
4914,0.8663594722747803
4915,0.7058823704719543
4916,0.6815642714500427
4917,0.5251396894454956
4918,0.7150837779045105
4919,0.6451612710952759
4920,0.6927374005317688
4921,0.8491619825363159
4922,0.7834101319313049
4923,0.7709497213363647
4924,0.826815664768219
4925,0.9497206807136536
4926,0.7374301552772522
4927,0.7597765326499939
4928,0.9954751133918762
4929,0.7058823704719543
4930,0.7360334992408752
4931,0.9497206807136536
4932,0.6703910827636719
4933,0.9140271544456482
4934,0.7058823704719543
4935,0.7239819169044495
4936,0.9050279259681702
4937,1.2488688230514526
4938,0.8156424760818481
4939,1.0167597532272339
4940,0.7601810097694397
4941,0.6480447053909302
4942,0.7374301552772522
4943,0.814479649066925
4944,0.6480447053909302
4945,0.9769585132598877
4946,1.0167597532272339
4947,1.0055866241455078
4948,0.7597765326499939
4949,0.6912442445755005
4950,0.826815664768219
4951,1.150838017463684
4952,1.1173183917999268
4953,1.0045249462127686
4954,0.8715083599090576
4955,1.4413408041000366
4956,1.0135747194290161
4957,0.8715083599090576
4958,0.9032257795333862
4959,0.7597765326499939
4960,0.8715083599090576
4961,0.7821229100227356
4962,0.8527131676673889
4963,0.599078357219696
4964,0.9140271544456482
4965,0.8379888534545898
4966,1.0226244926452637
4967,0.8938547372817993
4968,0.6606335043907166
4969,1.1061452627182007
4970,0.8156424760818481
4971,0.9032257795333862
4972,0.8715083599090576
4973,0.5921787619590759
4974,0.8491619825363159
4975,0.6145251393318176
4976,0.7709497213363647
4977,0.9385474920272827
4978,1.150838017463684
4979,0.994413435459137
4980,1.0875575542449951
4981,1.116279125213623
4982,0.8715083599090576
4983,0.7511312365531921
4984,0.8156424760818481
4985,0.6815642714500427
4986,0.8491619825363159
4987,0.8491619825363159
4988,1.5944700241088867
4989,0.6334841847419739
4990,0.921658992767334
4991,0.8938547372817993
4992,1.083798885345459
4993,0.6820276379585266
4994,1.2960894107818604
4995,0.6368715167045593
4996,0.994413435459137
4997,0.9273743033409119
4998,0.8663594722747803
4999,0.6480447053909302
5000,0.5891472697257996
5001,0.6480447053909302
5002,0.8571428656578064
5003,0.9049773812294006
5004,1.0502793788909912
5005,0.659217894077301
5006,0.7821229100227356
5007,0.8058659434318542
5008,1.1061452627182007
5009,0.6256983280181885
5010,0.8715083599090576
5011,0.7262569665908813
5012,1.0279330015182495
5013,0.7465437650680542
5014,0.8992248177528381
5015,0.8156424760818481
5016,0.7751938104629517
5017,0.7150837779045105
5018,0.9050279259681702
5019,0.814479649066925
5020,1.2170542478561401
5021,0.7373272180557251
5022,0.8202764987945557
5023,0.959276020526886
5024,1.0279330015182495
