0,152.66759514808655
1,192.90695524215698
2,188.7964174747467
3,183.81527876853943
4,180.5320646762848
5,180.82011771202087
6,182.95500230789185
7,182.9461441040039
8,185.98370265960693
9,186.48677587509155
10,188.5268177986145
11,188.49912214279175
12,191.17742204666138
13,191.20269656181335
14,191.58804774284363
15,191.5021731853485
16,190.2807080745697
17,189.64721035957336
18,186.35482835769653
19,182.80986499786377
20,182.1983606815338
21,182.05150389671326
22,186.06266736984253
23,186.78464031219482
24,187.7872030735016
25,186.3178505897522
26,189.25926160812378
27,191.20946073532104
28,188.07557153701782
29,187.7257251739502
30,188.0253462791443
31,187.29394459724426
32,186.8033902645111
33,185.01137399673462
34,185.36505961418152
35,185.36229467391968
36,186.9665687084198
37,186.77922892570496
38,187.06189131736755
39,180.1261386871338
40,158.31428503990173
41,161.69826984405518
42,159.91556549072266
43,160.99732112884521
44,165.91378498077393
45,165.48815655708313
46,167.91682362556458
47,165.66066241264343
48,168.1222870349884
49,163.5252366065979
50,166.0652813911438
51,163.71818113327026
52,165.1826364994049
53,158.54760122299194
54,157.63761639595032
55,156.08400058746338
56,155.73992729187012
57,155.39513301849365
58,159.1663589477539
59,159.74511551856995
60,161.09402585029602
61,161.47885751724243
62,162.0705587863922
63,160.32283544540405
64,163.29981112480164
65,161.4576199054718
66,162.25016450881958
67,157.79653358459473
68,156.36204504966736
69,158.3953697681427
70,160.14681220054626
71,157.17570185661316
72,158.63624000549316
73,159.6515543460846
74,161.1838002204895
75,161.01175546646118
76,160.51941394805908
77,163.93995594978333
78,163.63105130195618
79,160.73587465286255
80,160.30324482917786
81,161.405287027359
82,159.96909284591675
83,158.45041704177856
84,156.37348794937134
85,156.07647848129272
86,157.9265320301056
87,158.02446627616882
88,160.31441164016724
89,159.80255961418152
90,159.9498941898346
91,160.69641304016113
92,162.16116380691528
93,160.21571397781372
94,164.1124551296234
95,160.57481956481934
96,158.85192608833313
97,160.3114936351776
98,160.34392380714417
99,159.12148189544678
100,158.93090963363647
101,160.14594960212708
102,162.85752153396606
103,158.14889979362488
104,154.44529342651367
105,156.8784053325653
106,157.8639941215515
107,162.40514397621155
108,163.30086398124695
109,165.4626166820526
110,163.37701535224915
111,163.97367525100708
112,161.57544922828674
113,159.5663182735443
114,159.42752981185913
115,159.81235003471375
116,159.33125162124634
117,159.2197780609131
118,157.94134378433228
119,157.54890990257263
120,158.00813674926758
121,157.73418188095093
122,159.4224464893341
123,159.30770421028137
124,157.63396668434143
125,156.51594376564026
126,157.7236213684082
127,161.39929842948914
128,144.96743416786194
129,181.76028609275818
130,165.57972741127014
131,164.97550749778748
132,163.8060691356659
133,165.97833013534546
134,163.29643321037292
135,159.62945747375488
136,160.6387598514557
137,160.1842143535614
138,157.2425332069397
139,157.22451043128967
140,157.98608255386353
141,158.25323033332825
142,159.62477159500122
143,161.41024088859558
144,159.52079439163208
145,160.18754267692566
146,159.76693654060364
147,160.59032011032104
148,159.8210961818695
149,160.67700386047363
150,159.41324472427368
151,159.8200855255127
152,156.34024786949158
153,162.3145501613617
154,162.47183990478516
155,156.68587684631348
156,154.14024424552917
157,157.4645254611969
158,158.78499555587769
159,159.39367294311523
160,162.10941362380981
161,162.80156111717224
162,161.31966972351074
163,161.7117567062378
164,161.564448595047
165,160.40081334114075
166,159.30628061294556
167,158.75979948043823
168,155.52919030189514
169,156.95339584350586
170,159.03493213653564
171,159.28167414665222
172,160.88498497009277
173,159.96338748931885
174,159.36794590950012
175,160.62063646316528
176,158.93763136863708
177,159.80782675743103
178,159.55616188049316
179,159.08052968978882
180,159.22708678245544
181,159.04206943511963
182,158.3434762954712
183,156.73939538002014
184,158.9131772518158
185,161.15661787986755
186,160.53214955329895
187,163.2616581916809
188,161.32380557060242
189,161.20080304145813
190,161.65418910980225
191,158.71671271324158
192,159.38649106025696
193,158.45480346679688
194,155.9678304195404
195,157.64089441299438
196,159.20350408554077
197,158.90918588638306
198,158.5848982334137
199,160.18093967437744
200,159.51602149009705
201,160.01134490966797
202,159.18296813964844
203,159.96352171897888
204,161.06953287124634
205,164.42758440971375
206,160.4981234073639
207,160.82313752174377
208,157.88746428489685
209,158.3940737247467
210,155.63225483894348
211,157.16852283477783
212,158.9276180267334
213,159.55005311965942
214,160.7646050453186
215,159.0240616798401
216,159.50773978233337
217,159.99175000190735
218,160.39139795303345
219,163.93589615821838
220,162.71299815177917
221,161.43117213249207
222,160.72758388519287
223,160.60054302215576
224,158.21262311935425
225,156.27732682228088
226,154.87309622764587
227,158.01626253128052
228,159.34339570999146
229,159.0123372077942
230,157.86564135551453
231,161.21994137763977
232,161.45106959342957
233,161.87846159934998
234,162.3787808418274
235,163.27308654785156
236,162.27425169944763
237,161.45616960525513
238,159.7295858860016
239,158.43759775161743
240,158.14302325248718
241,159.17159008979797
242,160.33647656440735
243,158.34378242492676
244,157.67654848098755
245,155.56534886360168
246,156.53943037986755
247,160.42658877372742
248,162.12670302391052
249,163.09552884101868
250,160.47008299827576
251,161.21006417274475
252,160.18866324424744
253,159.39632415771484
254,159.44228148460388
255,159.1831293106079
256,158.37220692634583
257,158.31926345825195
258,157.25222969055176
259,179.15870213508606
260,158.3366618156433
261,156.2069113254547
262,159.7485990524292
263,159.83181309700012
264,158.30387473106384
265,161.33869075775146
266,162.18640446662903
267,159.1476936340332
268,160.79033184051514
269,159.01954317092896
270,161.55849957466125
271,159.4177176952362
272,159.1763334274292
273,158.18271350860596
274,161.7545256614685
275,160.1146776676178
276,158.16410517692566
277,158.62840676307678
278,157.84320425987244
279,160.91625595092773
280,158.98295044898987
281,160.47166967391968
282,157.1916425228119
283,157.28390097618103
284,160.9616255760193
285,159.46636080741882
286,158.4135720729828
287,160.4979124069214
288,159.2426197528839
289,160.0450747013092
290,160.59509110450745
291,161.17748975753784
292,157.63383150100708
293,157.94878673553467
294,158.61900162696838
295,161.02409076690674
296,159.4141595363617
297,159.10352110862732
298,159.66264390945435
299,158.82879209518433
300,160.79133796691895
301,160.8543665409088
302,159.63654947280884
303,161.75388073921204
304,159.9851427078247
305,160.37058544158936
306,157.86500597000122
307,156.34462809562683
308,156.587952375412
309,158.24897170066833
310,158.26639604568481
311,165.1334023475647
312,160.91224217414856
313,160.32815289497375
314,158.84914088249207
315,159.1977186203003
316,157.52611422538757
317,158.57148480415344
318,158.34809589385986
319,156.5061469078064
320,157.71669816970825
321,158.03269338607788
322,158.61201357841492
323,162.20173287391663
324,163.88144421577454
325,164.02515959739685
326,163.3542377948761
327,164.4503996372223
328,161.11839747428894
329,159.45151281356812
330,158.2377052307129
331,156.98611116409302
332,157.40499782562256
333,156.48837280273438
334,158.05207467079163
335,157.8852469921112
336,161.68449902534485
337,162.34081602096558
338,163.0959439277649
339,160.1282138824463
340,158.88991689682007
341,159.08348441123962
342,159.00338339805603
343,157.499525308609
344,158.16746258735657
345,157.27831625938416
346,156.63529682159424
347,158.9401547908783
348,158.8724615573883
349,160.57680439949036
350,158.3204824924469
351,162.32013273239136
352,164.01443123817444
353,160.64483547210693
354,158.5748291015625
355,160.45182037353516
356,158.88775086402893
357,158.57587051391602
358,156.0333549976349
359,159.22714853286743
360,157.24217104911804
361,156.56341314315796
362,159.71069264411926
363,165.95194339752197
364,160.03421211242676
365,162.00944137573242
366,160.851815700531
367,160.01239013671875
368,157.89140915870667
369,157.9921896457672
370,157.21980333328247
371,158.67289066314697
372,157.04995012283325
373,158.88149857521057
374,159.52965664863586
375,158.93653893470764
376,159.66527032852173
377,159.29024267196655
378,160.4886429309845
379,160.8986518383026
380,157.55723333358765
381,160.64578914642334
382,159.64236187934875
383,159.56663608551025
384,159.52594685554504
385,158.49011874198914
386,159.23544812202454
387,158.06500363349915
388,150.50825595855713
389,179.36292243003845
390,160.00419521331787
391,161.25834321975708
392,159.93590641021729
393,160.9352831840515
394,159.4814908504486
395,161.20890593528748
396,162.14596557617188
397,160.15649962425232
398,160.97290754318237
399,160.71021175384521
400,161.15328812599182
401,158.78173184394836
402,160.64545464515686
403,163.92871856689453
404,162.76323652267456
405,162.88639616966248
406,163.84940600395203
407,161.5334644317627
408,162.72961139678955
409,158.85418963432312
410,159.35709738731384
411,157.04946184158325
412,157.84965467453003
413,158.80457854270935
414,159.1184539794922
415,160.38403820991516
416,165.00866723060608
417,160.2001597881317
418,157.618905544281
419,158.08146286010742
420,152.74046778678894
421,156.88434290885925
422,159.44624614715576
423,158.55707430839539
424,161.137708902359
425,158.57093930244446
426,158.9802370071411
427,159.143634557724
428,158.56688284873962
429,160.74046969413757
430,160.22938561439514
431,159.7661521434784
432,160.30563163757324
433,160.19875502586365
434,161.17703866958618
435,158.76204657554626
436,159.52331113815308
437,162.94295716285706
438,159.93822860717773
439,158.64586973190308
440,159.16823935508728
441,158.72968292236328
442,159.56234002113342
443,159.2602834701538
444,157.86834239959717
445,158.82289123535156
446,160.3182554244995
447,159.63993549346924
448,158.3163299560547
449,157.84876084327698
450,159.97782731056213
451,160.5347774028778
452,161.1116976737976
453,161.3780391216278
454,159.8616600036621
455,158.28625440597534
456,159.57073092460632
457,157.39964532852173
458,157.8563675880432
459,157.9364583492279
460,159.3372025489807
461,157.847154378891
462,160.0347602367401
463,160.28114891052246
464,161.0530424118042
465,160.31596207618713
466,160.96423935890198
467,160.55996799468994
468,165.7626497745514
469,158.7319757938385
470,160.34164023399353
471,158.0898621082306
472,156.72862553596497
473,160.15972638130188
474,159.56137681007385
475,158.42001819610596
476,159.42015051841736
477,159.62714219093323
478,158.20482397079468
479,156.85886335372925
480,159.45917463302612
481,161.08896446228027
482,162.3427550792694
483,158.9171097278595
484,161.64535284042358
485,164.7088906764984
486,162.06469798088074
487,162.7078354358673
488,160.79895782470703
489,162.41429924964905
490,160.1599771976471
491,157.4036991596222
492,158.76880764961243
493,157.17542433738708
494,158.24964046478271
495,159.73517608642578
496,159.18344831466675
497,159.49725794792175
498,160.5817530155182
499,160.44897961616516
500,160.52090692520142
501,159.62898921966553
502,159.61767578125
503,160.60340189933777
504,161.60962581634521
505,159.8757598400116
506,158.9319486618042
507,159.20148849487305
508,159.08474922180176
509,161.03946924209595
510,158.20134854316711
511,159.22369194030762
512,160.27126908302307
513,159.92677760124207
514,160.13027787208557
515,161.1032156944275
516,159.9052472114563
517,159.8830394744873
518,154.59575533866882
519,179.91477870941162
520,165.48395943641663
521,158.07428407669067
522,157.2628583908081
523,159.02779364585876
524,158.20354843139648
525,157.45194506645203
526,157.91390323638916
527,159.2615945339203
528,159.1165521144867
529,161.45952129364014
530,159.86143827438354
531,160.57137250900269
532,160.4836916923523
533,158.15742373466492
534,160.99788546562195
535,159.52509760856628
536,158.8423092365265
537,159.42785668373108
538,159.5075225830078
539,160.01762795448303
540,160.8348639011383
541,162.42173218727112
542,161.51028180122375
543,160.39734625816345
544,159.55208587646484
545,156.8966727256775
546,159.06533241271973
547,158.25642347335815
548,160.15083026885986
549,160.00928139686584
550,157.48022031784058
551,159.26944518089294
552,158.49178099632263
553,159.35936856269836
554,162.19227528572083
555,160.28436541557312
556,161.05056762695312
557,160.64850759506226
558,159.8806734085083
559,157.43270707130432
560,160.02001237869263
561,158.20769715309143
562,158.8785378932953
563,157.5169060230255
564,158.11917567253113
565,159.23687052726746
566,160.17554330825806
567,160.1245834827423
568,157.69346141815186
569,161.13181948661804
570,159.50893425941467
571,158.35443210601807
572,165.4017472267151
573,158.36315274238586
574,159.03602695465088
575,160.14034223556519
576,158.98311853408813
577,160.0435049533844
578,159.47786259651184
579,160.3910779953003
580,159.81551575660706
581,159.5915207862854
582,161.37602925300598
583,158.2523922920227
584,158.26644134521484
585,160.34282779693604
586,157.51977825164795
587,157.87153005599976
588,161.83518838882446
589,160.44186782836914
590,160.99523758888245
591,160.68186807632446
592,161.29613184928894
593,160.63702034950256
594,160.65604305267334
595,161.11243081092834
570,165.22631001472473
571,164.16458439826965
572,163.16737508773804
573,161.92279958724976
574,164.85840439796448
575,160.48492193222046
576,163.219712972641
577,157.81808996200562
578,160.6122705936432
579,159.52871084213257
580,159.21266102790833
581,162.80372285842896
582,163.73327231407166
583,166.47255539894104
584,162.9768476486206
585,163.73083472251892
586,160.68208384513855
587,157.83384203910828
588,158.94682550430298
589,153.63335037231445
590,155.0703477859497
591,155.7900722026825
592,158.25776529312134
593,159.77713656425476
594,160.75505232810974
595,158.6999933719635
596,160.7729833126068
597,161.3244104385376
598,163.08714365959167
599,164.7227213382721
600,163.34609508514404
601,160.2773358821869
602,159.42976784706116
603,158.93693709373474
604,159.02870106697083
605,159.78079795837402
606,157.8036949634552
607,158.42142868041992
608,159.6142234802246
609,159.2061369419098
610,157.0087411403656
611,157.21214818954468
612,159.01416015625
613,156.4817657470703
614,157.8526487350464
615,162.52827501296997
616,162.39116287231445
617,161.42723608016968
618,160.7603132724762
619,161.45917105674744
620,158.6707842350006
621,160.495587348938
622,158.57111811637878
623,155.88904786109924
624,159.30693817138672
625,160.6274495124817
626,157.59058833122253
627,159.21424984931946
628,159.09444427490234
629,159.57007098197937
630,158.74514889717102
631,159.0301628112793
632,161.31243681907654
633,160.4692406654358
634,161.13046097755432
635,159.94271230697632
636,158.7304606437683
637,160.1276514530182
638,157.20007824897766
639,156.42301678657532
640,157.6983995437622
641,158.78378891944885
642,160.31479024887085
643,161.47727155685425
644,160.70836925506592
645,158.62918186187744
646,160.7726185321808
647,159.66069865226746
648,157.95931792259216
649,158.23515462875366
650,160.23682928085327
651,161.22145676612854
652,160.35992884635925
653,158.25524616241455
654,158.80185389518738
655,158.8165979385376
656,160.13907504081726
657,159.91961479187012
658,161.65868163108826
659,161.1578176021576
660,158.15416312217712
661,157.6239719390869
662,160.003737449646
663,157.40803217887878
664,157.56818652153015
665,160.79778814315796
666,160.51936054229736
667,160.13333582878113
668,161.84084796905518
669,158.07522130012512
670,157.43418645858765
671,160.40934252738953
672,158.46988654136658
673,163.0982940196991
674,157.3643696308136
675,156.7373766899109
676,161.1693994998932
677,160.37488055229187
678,162.0647132396698
679,160.92999362945557
680,159.87942337989807
681,162.45994997024536
682,160.44220495224
683,158.8761727809906
684,159.32347202301025
685,159.9613893032074
686,156.31318068504333
687,157.22594165802002
688,157.3724868297577
689,158.19667100906372
690,158.65496730804443
691,158.0972764492035
692,163.3213677406311
693,162.39924836158752
694,160.9919855594635
695,157.17142534255981
696,152.03751230239868
697,156.93183732032776
698,162.5077748298645
699,184.98595643043518
700,160.9926471710205
701,161.28447794914246
702,159.81332230567932
703,160.62873101234436
704,161.3664674758911
705,160.99395942687988
706,159.00203466415405
707,158.83612704277039
708,160.12540292739868
709,159.85002517700195
710,159.12909579277039
711,159.78178715705872
712,161.03420233726501
713,159.15790629386902
714,158.46874022483826
715,155.07973456382751
716,159.37538647651672
717,159.17068696022034
718,159.1282410621643
719,160.80258584022522
720,158.927565574646
721,161.56250977516174
722,160.95520663261414
723,159.15993809700012
724,159.94743371009827
725,162.8841254711151
726,159.04251146316528
727,157.71775245666504
728,156.5391628742218
729,161.44591236114502
730,160.03991961479187
731,160.25378561019897
732,159.90335083007812
733,159.65249919891357
734,161.9900939464569
735,157.67074871063232
736,159.1120045185089
737,158.06202387809753
738,158.53314352035522
739,159.69947743415833
740,160.02741050720215
741,160.9184992313385
742,159.24837350845337
743,159.211243391037
744,159.60122084617615
745,158.59495377540588
746,160.2736496925354
747,158.9605188369751
748,160.24299263954163
749,161.5013711452484
750,159.74852395057678
751,159.40993762016296
752,160.79892015457153
753,157.19317293167114
754,158.36433839797974
755,157.8089632987976
756,159.61307168006897
757,161.62561750411987
758,160.20336246490479
759,159.19695448875427
760,159.7314968109131
761,160.05894804000854
762,158.59618473052979
763,159.60152983665466
764,160.1713342666626
765,157.3452603816986
766,156.52143788337708
767,160.1888918876648
768,157.98921179771423
769,158.87380838394165
770,160.18001580238342
771,161.98418617248535
772,160.68777084350586
773,160.57759809494019
774,161.7176582813263
775,160.1951379776001
776,157.43503785133362
777,157.98476386070251
778,165.0028259754181
779,156.5139923095703
780,156.28833556175232
781,158.3115348815918
782,158.24336671829224
783,161.447438955307
784,160.48381090164185
785,161.45234751701355
786,159.6278796195984
787,162.16300058364868
788,158.84224390983582
789,160.15743947029114
790,159.26297616958618
791,159.80418705940247
792,159.87066173553467
793,158.42585468292236
794,160.25781655311584
795,157.1207935810089
796,159.25611305236816
797,157.14565205574036
798,158.6879632472992
799,159.7571451663971
800,161.29319763183594
801,160.30998706817627
802,160.05027174949646
803,159.80833053588867
804,160.2405071258545
805,160.27065515518188
806,159.68819451332092
807,158.2853307723999
808,160.92402744293213
809,158.82000494003296
810,158.4970805644989
811,158.89917993545532
812,159.54464650154114
813,156.44016695022583
814,160.2684304714203
815,161.23303532600403
816,160.76908588409424
817,158.7856297492981
818,161.4765236377716
819,158.9698097705841
820,157.40510368347168
821,160.3910882472992
822,160.04697155952454
823,160.69619607925415
824,159.81165528297424
825,159.3072063922882
826,150.31290435791016
827,154.8041410446167
828,160.76242995262146
829,175.62205004692078
830,162.2450249195099
831,171.48993563652039
832,164.60580611228943
833,160.85190629959106
834,159.19944071769714
835,162.94523096084595
836,162.60322546958923
837,159.72761845588684
838,159.7504744529724
839,159.8986575603485
840,159.08669590950012
841,159.1352243423462
842,158.64209532737732
843,158.16166400909424
844,157.43965244293213
845,157.18979597091675
846,159.38108491897583
847,157.33907318115234
848,159.59625434875488
849,159.91700315475464
850,159.07864022254944
851,163.30787134170532
852,163.9719114303589
853,159.38897323608398
854,160.11560797691345
855,160.61331939697266
856,159.6002814769745
857,156.18665313720703
858,157.5343418121338
859,155.85034847259521
860,160.54782557487488
861,160.55836820602417
862,159.39102411270142
863,159.4082896709442
864,159.1903829574585
865,160.42321062088013
866,160.38844180107117
867,163.51571369171143
868,158.98515367507935
869,159.4728171825409
870,160.7372009754181
871,159.90298342704773
872,158.03203058242798
873,160.4027225971222
874,158.32200455665588
875,158.8159818649292
876,158.97023820877075
877,159.89916586875916
878,158.17289066314697
879,159.80697417259216
880,160.49331617355347
881,160.45396518707275
882,158.59855031967163
883,165.87188053131104
884,159.91007280349731
885,156.55735445022583
886,157.18716883659363
887,158.5621235370636
888,159.95900797843933
889,160.16734719276428
890,160.980810880661
891,161.37720131874084
892,161.84686708450317
893,161.25171327590942
894,161.51066279411316
895,159.93093752861023
896,160.5765779018402
897,160.43172955513
898,159.28317856788635
899,159.49017882347107
900,157.4248332977295
901,158.45142102241516
902,158.89364457130432
903,160.03299570083618
904,163.44441747665405
905,162.4353928565979
906,161.43463587760925
907,159.50584387779236
908,159.79148483276367
909,159.5032229423523
910,158.70758891105652
911,159.9011709690094
912,156.78633165359497
913,157.60604739189148
914,160.35804915428162
915,159.29803705215454
916,160.46299624443054
917,161.78286147117615
918,158.318030834198
919,158.99515175819397
920,160.84179043769836
921,157.13616490364075
922,158.23562955856323
923,158.04259514808655
924,157.6365921497345
925,158.6855731010437
926,162.23452401161194
927,161.18360781669617
928,161.7445466518402
929,161.5492570400238
930,159.99091958999634
931,156.81401109695435
932,159.31124234199524
933,157.50724458694458
934,156.99433708190918
935,167.85794520378113
936,159.24612665176392
937,159.26172494888306
938,159.09496235847473
939,156.97691679000854
940,157.1967568397522
941,159.2320694923401
942,158.3169503211975
943,161.72352290153503
944,159.96220088005066
945,162.3957724571228
946,163.499614238739
947,161.23763847351074
948,158.36800408363342
949,160.84217715263367
950,158.33014392852783
951,158.9028992652893
952,157.8979206085205
953,156.77768659591675
954,160.22981786727905
955,159.13631892204285
956,154.04817628860474
957,158.37101531028748
958,160.90405750274658
959,181.82009053230286
960,161.45212864875793
961,164.97396397590637
962,166.6363754272461
963,167.4925456047058
964,167.3374011516571
965,167.17810583114624
966,166.59330558776855
967,166.15108180046082
968,162.72065567970276
969,161.96250748634338
970,158.40254950523376
971,158.87986421585083
972,153.77293491363525
973,156.3079068660736
974,155.858092546463
975,159.39997839927673
976,161.12435293197632
977,164.6892397403717
978,163.8013937473297
979,166.37004113197327
980,166.75105571746826
981,167.91348719596863
982,168.51997780799866
983,169.29431247711182
984,167.0098476409912
985,164.42498183250427
986,160.9575047492981
987,162.87754559516907
988,155.34993934631348
989,155.5190303325653
990,156.75480103492737
991,158.00968503952026
992,161.690598487854
993,164.14525699615479
994,168.08983421325684
995,171.9881191253662
996,174.1212034225464
997,172.54739570617676
998,173.9426851272583
999,170.87775444984436
1000,170.759432554245
1001,168.82914447784424
1002,167.26851272583008
1003,166.29210996627808
1004,163.59898376464844
1005,160.3415548801422
1006,156.95785927772522
1007,154.95148062705994
1008,154.56169176101685
1009,153.98187518119812
1010,160.0396716594696
1011,159.27997827529907
1012,164.46961450576782
1013,164.28467869758606
1014,167.15613436698914
1015,168.36598253250122
1016,167.89050436019897
1017,171.23882865905762
1018,169.51801657676697
1019,168.10637736320496
1020,166.57202911376953
1021,168.31077075004578
1022,170.12204575538635
1023,167.96654605865479
1024,169.7375316619873
1025,165.5998227596283
1026,164.3877091407776
1027,162.30464601516724
1028,158.65397763252258
1029,155.88164258003235
1030,156.07628846168518
1031,158.60189628601074
1032,157.57407116889954
1033,158.1537640094757
1034,157.84645819664001
1035,157.54167199134827
1036,163.18061804771423
1037,163.96083164215088
1038,163.38901734352112
1039,163.92502784729004
1040,170.8016939163208
1041,160.58224725723267
1042,163.8232696056366
1043,159.29635334014893
1044,157.5687220096588
1045,155.170019865036
1046,155.1923680305481
1047,156.46742057800293
1048,159.1730842590332
1049,158.70778059959412
1050,159.83656668663025
1051,161.58279490470886
1052,163.26588678359985
1053,164.37613725662231
1054,163.26106190681458
1055,162.50607323646545
1056,163.20517420768738
1057,159.6650722026825
1058,157.96958255767822
1059,158.09683847427368
1060,156.34993076324463
1061,155.8054859638214
1062,158.18391299247742
1063,161.02088975906372
1064,160.72076654434204
1065,161.81711196899414
1066,161.88882398605347
1067,159.55561900138855
1068,158.92340421676636
1069,158.9931185245514
1070,158.10763597488403
1071,160.23018860816956
1072,159.83432269096375
1073,159.68677639961243
1074,160.14362788200378
1075,161.0642590522766
1076,159.34618020057678
1077,159.2520716190338
1078,162.35145354270935
1079,159.15740656852722
1080,157.9713306427002
1081,159.26159381866455
1082,159.8397867679596
1083,157.3560347557068
1084,159.33670806884766
1085,160.91130352020264
1086,159.43723511695862
1087,151.04226088523865
1088,151.60003805160522
1089,181.73316764831543
1090,166.34757828712463
1091,165.32133436203003
1092,164.42938828468323
1093,171.64340353012085
1094,167.1840889453888
1095,163.37546253204346
1096,158.47426080703735
1097,154.450186252594
1098,155.74775886535645
1099,155.00645565986633
1100,155.55705976486206
1101,154.4778769016266
1102,160.84387850761414
1103,160.92413067817688
1104,161.7906894683838
1105,165.77938604354858
1106,164.03248524665833
1107,165.49405002593994
1108,168.73638939857483
1109,166.14625096321106
1110,166.84130001068115
1111,167.40454840660095
1112,167.77550768852234
1113,163.90057635307312
1114,160.67875337600708
1115,158.4422779083252
1116,157.4299066066742
1117,156.42872524261475
1118,157.80688905715942
1119,156.21974802017212
1120,155.49395656585693
1121,157.00781440734863
1122,160.23329830169678
1123,162.2446620464325
1124,161.93431615829468
1125,163.35380506515503
1126,162.97692966461182
1127,160.29876565933228
1128,159.57908034324646
1129,158.20894241333008
1130,156.05795168876648
1131,157.35660219192505
1132,159.4811360836029
1133,161.7073175907135
1134,162.71295380592346
1135,159.16565203666687
1136,161.07478165626526
1137,157.8732042312622
1138,158.51301860809326
1139,160.1678822040558
1140,159.68508076667786
1141,157.69850540161133
1142,158.71478247642517
1143,160.78892707824707
1144,159.70651984214783
1145,167.11619687080383
1146,159.96592807769775
1147,161.28678011894226
1148,157.25000166893005
1149,157.33355498313904
1150,155.8883411884308
1151,157.9776701927185
1152,161.41660118103027
1153,159.03262209892273
1154,158.289865732193
1155,160.34999918937683
1156,159.24048614501953
1157,163.32179927825928
1158,162.11000061035156
1159,161.3680136203766
1160,161.37946486473083
1161,160.59041237831116
1162,157.42138624191284
1163,158.81661415100098
1164,155.92822766304016
1165,156.76617693901062
1166,158.6248288154602
1167,160.6093716621399
1168,160.35191321372986
1169,161.35498142242432
1170,163.06012153625488
1171,162.13770365715027
1172,160.00678634643555
1173,160.54973244667053
1174,160.69631052017212
1175,157.75125408172607
1176,159.42408299446106
1177,159.70398259162903
1178,156.88035130500793
1179,159.0856454372406
1180,159.96892404556274
1181,160.8552598953247
1182,158.81186366081238
1183,161.87760949134827
1184,160.3005814552307
1185,158.9449098110199
1186,160.66996145248413
1187,158.87829494476318
1188,158.50028681755066
1189,161.30189847946167
1190,158.89718866348267
1191,159.24995923042297
1192,157.74470710754395
1193,159.26974368095398
1194,159.50652885437012
1195,158.64828252792358
1196,161.57326340675354
1197,161.2535915374756
1198,168.8186740875244
1199,157.13846039772034
1200,156.62212896347046
1201,156.47666931152344
1202,159.84322142601013
1203,159.87230706214905
1204,158.78817653656006
1205,162.12352800369263
1206,159.87237000465393
1207,159.85280513763428
1208,160.06409215927124
1209,157.88340425491333
1210,160.05080318450928
1211,161.69213700294495
1212,158.64057612419128
1213,160.16542983055115
1214,158.5229833126068
1215,159.26493096351624
1216,159.36810660362244
1217,155.0912892818451
1218,153.59583377838135
1219,181.87074899673462
1220,166.42862796783447
1221,167.07991886138916
1222,165.90210580825806
1223,166.28549003601074
1224,164.64904022216797
1225,164.1626262664795
1226,161.40121912956238
1227,156.89718437194824
1228,155.0953094959259
1229,153.61785364151
1230,156.7579083442688
1231,157.64641904830933
1232,158.55650639533997
1233,158.8871922492981
1234,159.20991706848145
1235,161.82675743103027
1236,163.42741465568542
1237,162.55171251296997
1238,162.3324089050293
1239,159.71806621551514
1240,159.81993889808655
1241,159.9399151802063
1242,158.8056356906891
1243,160.3898663520813
1244,160.10776662826538
1245,157.91022539138794
1246,158.23626399040222
1247,158.92714285850525
1248,160.5976598262787
1249,161.33248662948608
1250,160.58852696418762
1251,165.6240313053131
1252,157.39786863327026
1253,159.558251619339
1254,159.12862730026245
1255,159.8602786064148
1256,156.18758606910706
1257,157.48821783065796
1258,161.29269194602966
1259,157.86763906478882
1260,159.5480716228485
1261,159.5392632484436
1262,160.96472263336182
1263,160.24138045310974
1264,161.0969750881195
1265,161.8063817024231
1266,161.17015027999878
1267,157.39132237434387
1268,159.35491800308228
1269,159.3242118358612
1270,159.51957631111145
1271,158.5316150188446
1272,158.8477098941803
1273,161.06597685813904
1274,160.97375535964966
1275,161.62167859077454
1276,159.7431857585907
1277,159.02533555030823
1278,157.68247056007385
1279,160.95729684829712
1280,158.65211963653564
1281,159.86798810958862
1282,158.8583083152771
1283,157.8289303779602
1284,162.16636753082275
1285,159.83532047271729
1286,161.0710096359253
1287,160.0939769744873
1288,159.2359676361084
1289,159.24498176574707
1290,158.1958303451538
1291,157.99915194511414
1292,158.73948168754578
1293,161.86175060272217
1294,160.65705633163452
1295,162.42773032188416
1296,162.31572699546814
1297,159.27615523338318
1298,158.61586999893188
1299,157.08657264709473
1300,157.45272612571716
1301,161.30494117736816
1302,166.27294301986694
1303,158.05757784843445
1304,157.5481231212616
1305,159.94669461250305
1306,159.79891061782837
1307,159.9072494506836
1308,158.11629056930542
1309,158.38154339790344
1310,160.07215881347656
1311,160.52492666244507
1312,158.52761101722717
1313,159.55636310577393
1314,159.09743237495422
1315,158.3174228668213
1316,160.10050535202026
1317,160.672349691391
1318,162.15250825881958
1319,159.31043100357056
1320,159.91448712348938
1321,159.8769280910492
1322,159.47619247436523
1323,159.8917577266693
1324,158.82859015464783
1325,160.8058683872223
1326,158.91023778915405
1327,160.6026337146759
1328,159.2469801902771
1329,158.9753839969635
1330,158.6147723197937
1331,159.0005078315735
1332,159.32675194740295
1333,160.52115082740784
1334,158.7958312034607
1335,158.6638343334198
1336,160.60612964630127
1337,159.3411524295807
1338,159.9650900363922
1339,159.32508206367493
1340,161.60882115364075
1341,160.40160512924194
1342,157.92867588996887
1343,159.204425573349
1344,161.49381232261658
1345,159.09584045410156
1346,158.43418288230896
1347,153.73227882385254
1348,152.37182092666626
1349,180.15060186386108
1350,163.63370633125305
1351,165.6935522556305
1352,161.65747690200806
1353,163.15202951431274
1354,167.97012758255005
1355,159.61448574066162
1356,158.57246375083923
1357,154.5591480731964
1358,153.98060011863708
1359,157.06923031806946
1360,156.45068526268005
1361,156.43617963790894
1362,161.1964943408966
1363,162.43469333648682
1364,163.62519121170044
1365,163.44421195983887
1366,160.96766090393066
1367,163.11692237854004
1368,161.2252321243286
1369,159.80718302726746
1370,160.78750944137573
1371,155.72487044334412
1372,157.92121529579163
1373,159.6552209854126
1374,160.00076293945312
1375,160.22785663604736
1376,160.5160412788391
1377,163.0364179611206
1378,160.1954345703125
1379,159.9577715396881
1380,158.6660439968109
1381,159.89853954315186
1382,158.13069415092468
1383,156.55108833312988
1384,158.89758276939392
1385,159.4103708267212
1386,159.2854461669922
1387,162.03678703308105
1388,160.98551869392395
1389,159.71721696853638
1390,162.03072667121887
1391,156.92755889892578
1392,157.45668411254883
1393,160.05290150642395
1394,158.80352234840393
1395,158.22325921058655
1396,159.23210191726685
1397,159.51181626319885
1398,158.15311121940613
1399,159.65935468673706
1400,160.95380902290344
1401,161.53620386123657
1402,159.83340430259705
1403,158.53250646591187
1404,159.7694764137268
1405,158.53776383399963
1406,164.99806833267212
1407,160.8901333808899
1408,160.5553023815155
1409,156.56851029396057
1410,158.7201633453369
1411,157.71202301979065
1412,156.57808542251587
1413,159.41513061523438
1414,160.70196104049683
1415,159.48456048965454
1416,160.85452365875244
1417,161.91665077209473
1418,161.62359309196472
1419,159.5334587097168
1420,158.9314205646515
1421,160.69023656845093
1422,160.25372338294983
1423,156.2931137084961
1424,158.00432705879211
1425,158.34917330741882
1426,161.5019874572754
1427,159.36069774627686
1428,159.40190744400024
1429,161.98698353767395
1430,160.06180429458618
1431,161.1239640712738
1432,162.23296308517456
1433,161.20288372039795
1434,158.3724365234375
1435,158.9399983882904
1436,157.9038326740265
1437,158.36306071281433
1438,158.24067735671997
1439,158.06832575798035
1440,159.6456401348114
1441,160.03692960739136
1442,160.3472340106964
1443,160.99766874313354
1444,161.93118810653687
1445,158.47725224494934
1446,160.34313559532166
1447,160.42031025886536
1448,159.78723692893982
1449,159.57706999778748
1450,161.2881932258606
1451,160.12422227859497
1452,159.56018662452698
1453,158.69699215888977
1454,157.54440641403198
1455,158.96430683135986
1456,159.78873324394226
1457,161.96642756462097
1458,165.88485670089722
1459,159.4258120059967
1460,158.53651332855225
1461,156.78043746948242
1462,157.70909142494202
1463,156.6886339187622
1464,158.0352840423584
1465,157.49780440330505
1466,158.4844400882721
1467,160.69599199295044
1468,159.990624666214
1469,161.9728925228119
1470,164.3217589855194
1471,162.79875206947327
1472,160.96594166755676
1473,159.58813786506653
1474,160.33180212974548
1475,158.95774483680725
1476,158.37981748580933
1477,150.31450605392456
1478,153.4839403629303
1479,183.47051548957825
1480,163.69995141029358
1481,163.88847875595093
1482,164.2944655418396
1483,161.96724915504456
1484,158.64338159561157
1485,158.9569594860077
1486,156.89051413536072
1487,154.36766815185547
1488,158.8168330192566
1489,160.42039680480957
1490,158.98694705963135
1491,157.57377433776855
1492,161.03843808174133
1493,161.7021176815033
1494,161.56189274787903
1495,161.1676025390625
1496,159.06620121002197
1497,159.39649653434753
1498,157.40432000160217
1499,157.26553082466125
1500,159.32897329330444
1501,160.49806332588196
1502,159.72398042678833
1503,160.78176259994507
1504,162.18644428253174
1505,160.1192648410797
1506,160.5545380115509
1507,160.3715603351593
1508,160.6451621055603
1509,158.55583572387695
1510,165.48417282104492
1511,159.39613127708435
1512,159.57314491271973
1513,159.9070303440094
1514,158.36640453338623
1515,159.40919494628906
1516,158.1422963142395
1517,157.67978024482727
1518,158.04899859428406
1519,160.96055364608765
1520,160.74864172935486
1521,162.77004837989807
1522,161.8869411945343
1523,162.95638418197632
1524,163.51898169517517
1525,160.1265549659729
1526,155.10950541496277
1527,159.9868245124817
1528,158.8116970062256
1529,158.13711285591125
1530,160.10089421272278
1531,161.77746653556824
1532,160.30315375328064
1533,160.77780771255493
1534,159.95796060562134
1535,161.361802816391
1536,161.57346940040588
1537,159.9842655658722
1538,159.48684120178223
1539,159.27994394302368
1540,158.30680894851685
1541,158.34973978996277
1542,160.3363380432129
1543,159.35622429847717
1544,158.25233244895935
1545,160.2129189968109
1546,160.65658450126648
1547,160.56318712234497
1548,160.8236222267151
1549,159.243958234787
1550,158.1794729232788
1551,155.7968668937683
1552,159.05835962295532
1553,159.6915328502655
1554,158.85805368423462
1555,159.29057025909424
1556,162.28228950500488
1557,162.06453323364258
1558,159.71672201156616
1559,158.88515377044678
1560,162.46766471862793
1561,159.40444445610046
1562,163.93576645851135
1563,155.18596720695496
1564,156.7846474647522
1565,155.9503617286682
1566,156.58524656295776
1567,159.3505413532257
1568,161.8303985595703
1569,162.55111002922058
1570,162.1446235179901
1571,159.08715295791626
1572,160.01553916931152
1573,160.47069811820984
1574,158.6052107810974
1575,159.65353393554688
1576,160.64497685432434
1577,158.92445421218872
1578,159.74860882759094
1579,158.76340174674988
1580,160.66227197647095
1581,159.4150834083557
1582,159.3433599472046
1583,156.83369183540344
1584,160.34243512153625
1585,159.28208899497986
1586,160.98302483558655
1587,160.81804490089417
1588,160.8695411682129
1589,161.48753547668457
1590,159.92018675804138
1591,160.47658443450928
1592,159.436265707016
1593,158.65541124343872
1594,159.03958368301392
1595,157.3891167640686
1596,161.41098523139954
1597,156.90807104110718
1598,159.12461924552917
1599,159.80323243141174
1600,160.13380098342896
1601,159.76143074035645
1602,161.27999234199524
1603,163.42268896102905
1604,159.14497900009155
1605,157.40122532844543
1606,157.666827917099
1607,152.7568666934967
1608,152.78148102760315
1609,182.8148922920227
1610,165.09125018119812
1611,165.9306116104126
1612,167.164324760437
1613,167.77232480049133
1614,168.69115591049194
1615,161.67624855041504
1616,159.0738389492035
1617,155.03450083732605
1618,154.22551488876343
1619,153.76018023490906
1620,158.13753056526184
1621,158.7137508392334
1622,160.02070260047913
1623,161.41426062583923
1624,162.37456274032593
1625,162.87143540382385
1626,161.31523537635803
1627,160.00734448432922
1628,161.83709573745728
1629,163.13261437416077
1630,156.78390407562256
1631,158.5866756439209
1632,159.35446786880493
1633,158.07075548171997
1634,158.4975504875183
1635,158.8898479938507
1636,160.60338878631592
1637,159.74253487586975
1638,159.59405493736267
1639,157.2287130355835
1640,159.88509488105774
1641,161.6980640888214
1642,160.87933826446533
1643,160.08281087875366
1644,158.60913038253784
1645,159.69125723838806
1646,160.19454431533813
1647,159.9043231010437
1648,158.60749316215515
1649,160.31881713867188
1650,159.14659523963928
1651,161.35305094718933
1652,160.0254771709442
1653,160.50019693374634
1654,159.24204635620117
1655,160.17817616462708
1656,160.0280101299286
1657,158.60488867759705
1658,159.30415105819702
1659,159.4272117614746
1660,158.58657956123352
1661,160.0877869129181
1662,161.20168948173523
1663,160.66824960708618
1664,158.82482147216797
1665,159.775799036026
1666,166.45844101905823
1667,160.1481809616089
1668,156.66142463684082
1669,156.96937155723572
1670,156.11093926429749
1671,160.45460605621338
1672,159.75445318222046
1673,160.8415777683258
1674,162.4959831237793
1675,159.76750922203064
1676,158.34163427352905
1677,157.41376185417175
1678,159.63308763504028
1679,156.76423478126526
1680,157.36901593208313
1681,160.61645245552063
1682,162.54217052459717
1683,161.37036538124084
1684,161.67180824279785
1685,160.37721920013428
1686,159.9889030456543
1687,159.80678534507751
1688,160.23107361793518
1689,155.99664640426636
1690,159.82267379760742
1691,157.80095314979553
1692,161.15304708480835
1693,160.46619200706482
1694,160.0053300857544
1695,158.39570331573486
1696,157.6314754486084
1697,159.04833602905273
1698,158.884357213974
1699,160.23467779159546
1700,159.38855266571045
1701,158.1149036884308
1702,160.83199310302734
1703,161.60090613365173
1704,159.7084093093872
1705,160.628023147583
1706,160.2456305027008
1707,157.7596185207367
1708,159.85594725608826
1709,158.97357511520386
1710,159.17322540283203
1711,159.7388699054718
1712,160.92595100402832
1713,162.9921751022339
1714,159.26430249214172
1715,158.79330229759216
1716,159.9365417957306
1717,157.31131076812744
1718,161.17032551765442
1719,168.06731414794922
1720,158.94134426116943
1721,157.42856097221375
1722,156.9508364200592
1723,156.7091462612152
1724,159.99852299690247
1725,161.38007616996765
1726,159.86212754249573
1727,162.4789845943451
1728,158.20252084732056
1729,159.787841796875
1730,159.24069094657898
1731,161.72194910049438
1732,160.03258681297302
1733,157.47205305099487
1734,159.78523874282837
1735,160.588481426239
1736,160.3699278831482
1737,152.08767533302307
1738,156.60934281349182
1739,177.40700364112854
1740,163.81457924842834
1741,164.94053411483765
1742,164.2146966457367
1743,163.98963332176208
1744,163.48990774154663
1745,160.96586775779724
1746,161.70033288002014
1747,158.0623595714569
1748,157.1182155609131
1749,155.67255330085754
1750,155.44218349456787
1751,156.58436727523804
1752,158.33343267440796
1753,160.8283531665802
1754,162.51479387283325
1755,163.2845070362091
1756,163.68444180488586
1757,161.5937340259552
1758,159.81153464317322
1759,158.74658298492432
1760,158.27600812911987
1761,155.21065378189087
1762,159.59435081481934
1763,159.15369296073914
1764,160.52948188781738
1765,159.02923130989075
1766,160.23374819755554
1767,159.54150915145874
1768,160.9251847267151
1769,161.34744143486023
1770,160.6046335697174
1771,167.80177426338196
1772,159.06694960594177
1773,154.84000253677368
1774,157.59873747825623
1775,156.6018259525299
1776,156.87633991241455
1777,160.24436497688293
1778,160.21211218833923
1779,160.1275098323822
1780,160.40796494483948
1781,161.8753001689911
1782,162.1907365322113
1783,160.09536290168762
1784,160.2354371547699
1785,160.1704339981079
1786,155.2765736579895
1787,162.966801404953
1788,162.92723608016968
1789,160.46197843551636
1790,157.6765353679657
1791,157.4321837425232
1792,161.95815229415894
1793,157.3325915336609
1794,158.9042387008667
1795,158.7665286064148
1796,160.36712646484375
1797,162.47800612449646
1798,160.6342704296112
1799,158.92138648033142
1800,160.1100504398346
1801,157.6364197731018
1802,158.20484066009521
1803,159.84457540512085
1804,161.53862285614014
1805,160.71905064582825
1806,159.80063796043396
1807,159.83785438537598
1808,158.96581482887268
1809,161.1608121395111
1810,159.718364238739
1811,159.08019709587097
1812,159.89694929122925
1813,157.86734008789062
1814,159.559143781662
1815,158.62295961380005
1816,158.6514127254486
1817,163.20424485206604
1818,161.5351209640503
1819,160.23182225227356
1820,160.53865265846252
1821,159.61185598373413
1822,158.6311411857605
1823,161.29280138015747
1824,164.76075983047485
1825,157.59733486175537
1826,159.12029886245728
1827,156.89307594299316
1828,158.30429458618164
1829,158.2292776107788
1830,158.1374921798706
1831,160.64423966407776
1832,160.3323109149933
1833,160.04321551322937
1834,161.44821572303772
1835,162.27329802513123
1836,159.18957996368408
1837,159.48913598060608
1838,158.56836485862732
1839,158.3102524280548
1840,159.50782918930054
1841,162.73499727249146
1842,163.20376539230347
1843,159.16403198242188
1844,158.14798712730408
1845,159.49890327453613
1846,158.9538073539734
1847,156.7040183544159
1848,159.89941668510437
1849,159.21872353553772
1850,160.231675863266
1851,162.76559925079346
1852,162.24667263031006
1853,161.92880821228027
1854,159.51158356666565
1855,161.33106923103333
1856,159.60475635528564
1857,157.63030910491943
1858,157.3264980316162
1859,158.44858860969543
1860,160.44944214820862
1861,159.08145952224731
1862,159.74999141693115
1863,163.9100956916809
1864,160.9030635356903
1865,160.73663187026978
1866,154.3108193874359
1867,150.95597791671753
1868,178.59911847114563
1869,163.74716114997864
1870,168.41369533538818
1871,164.70691776275635
1872,164.43491888046265
1873,162.01102828979492
1874,160.7829451560974
1875,157.60932803153992
1876,157.7844421863556
1877,160.97120904922485
1878,154.78183007240295
1879,155.50660705566406
1880,158.25622963905334
1881,159.6396403312683
1882,160.9694709777832
1883,161.28393268585205
1884,165.00865125656128
1885,161.0180561542511
1886,161.43554210662842
1887,160.2768726348877
1888,158.9638113975525
1889,160.8803746700287
1890,157.21337270736694
1891,157.3515498638153
1892,161.38099431991577
1893,160.49346446990967
1894,160.57619833946228
1895,161.5110194683075
1896,160.49665331840515
1897,158.78427457809448
1898,158.98419570922852
1899,159.57418942451477
1900,159.97429180145264
1901,159.24725532531738
1902,160.98615956306458
1903,158.89366149902344
1904,159.09346318244934
1905,158.0461769104004
1906,161.03757119178772
1907,160.1486508846283
1908,162.60728406906128
1909,159.41250562667847
1910,157.90996313095093
1911,160.41361689567566
1912,159.76238489151
1913,159.8085162639618
1914,159.4157099723816
1915,160.86352396011353
1916,158.25606393814087
1917,159.7176480293274
1918,158.89069032669067
1919,157.5977005958557
1920,159.2093186378479
1921,160.9519441127777
1922,161.87464952468872
1923,160.9118206501007
1924,159.77267742156982
1925,160.17614245414734
1926,159.8021833896637
1927,161.24455070495605
1928,158.9417474269867
1929,158.25029873847961
1930,163.7096221446991
1931,160.22204756736755
1932,158.68042135238647
1933,157.13225030899048
1934,158.4452304840088
1935,159.0700078010559
1936,159.22802662849426
1937,161.48274731636047
1938,161.96795082092285
1939,160.80466985702515
1940,160.33956861495972
1941,161.87227821350098
1942,158.43315172195435
1943,158.26735138893127
1944,158.16876912117004
1945,155.74716472625732
1946,158.78187012672424
1947,159.60505938529968
1948,158.39840650558472
1949,161.40457940101624
1950,162.918630361557
1951,165.38912653923035
1952,162.4525203704834
1953,161.9143385887146
1954,159.04732179641724
1955,158.5986807346344
1956,158.74238324165344
1957,157.0427827835083
1958,158.34945678710938
1959,158.63191080093384
1960,161.3758728504181
1961,160.16522359848022
1962,162.30796337127686
1963,160.51837015151978
1964,162.4682912826538
1965,158.61616587638855
1966,158.17058300971985
1967,159.123850107193
1968,161.42677283287048
1969,159.21405243873596
1970,156.2458996772766
1971,161.16289067268372
1972,159.7778515815735
1973,159.7621190547943
1974,161.22301936149597
1975,159.22663235664368
1976,162.84809851646423
1977,160.42089581489563
1978,159.83070135116577
1979,158.51647067070007
1980,158.8221459388733
1981,158.15914106369019
1982,165.1130781173706
1983,159.5823278427124
1984,159.41499090194702
1985,156.40759468078613
1986,157.78775238990784
1987,160.31674909591675
1988,159.8738260269165
1989,161.517169713974
1990,159.59850811958313
1991,162.40477418899536
1992,159.34913897514343
1993,159.35671854019165
1994,157.93873000144958
1995,159.06635546684265
1996,153.1801974773407
1997,152.26847457885742
1998,183.00936341285706
1999,167.05735325813293
2000,167.88187837600708
2001,165.66321802139282
2002,164.64383363723755
2003,166.08345746994019
2004,168.93027520179749
2005,165.69145894050598
2006,165.936785697937
2007,163.33330082893372
2008,160.0759356021881
2009,156.10603308677673
2010,155.8455467224121
2011,156.5610580444336
2012,156.97544622421265
2013,159.21095991134644
2014,160.0135931968689
2015,159.6622018814087
2016,164.3561065196991
2017,162.87421202659607
2018,164.0610282421112
2019,164.36756992340088
2020,164.4358401298523
2021,160.0921778678894
2022,160.90642786026
2023,159.60956358909607
2024,157.1295199394226
2025,157.30000615119934
2026,156.6326425075531
2027,159.2221565246582
2028,159.9757125377655
2029,159.27563858032227
2030,163.40606570243835
2031,162.16428327560425
2032,163.2809295654297
2033,161.22898054122925
2034,159.31247186660767
2035,158.15324211120605
2036,157.80963230133057
2037,162.03109741210938
2038,157.49472451210022
2039,159.50841069221497
2040,157.8668692111969
2041,161.10140132904053
2042,159.23744893074036
2043,159.79121732711792
2044,159.68697905540466
2045,160.24368000030518
2046,160.74921560287476
2047,160.60870146751404
2048,159.74637365341187
2049,159.25392532348633
2050,157.65397381782532
2051,156.38649773597717
2052,160.62904691696167
2053,161.42060017585754
2054,158.98054265975952
2055,158.91605138778687
2056,159.59771060943604
2057,160.5103635787964
2058,163.71642971038818
2059,160.14052891731262
2060,158.06485223770142
2061,158.37582302093506
2062,159.74321293830872
2063,160.4953212738037
2064,158.8984398841858
2065,160.86114478111267
2066,158.00776267051697
2067,161.79892539978027
2068,160.25552010536194
2069,160.3903992176056
2070,158.90413117408752
2071,158.16525077819824
2072,159.97864651679993
2073,157.36956000328064
2074,158.0939064025879
2075,160.7348337173462
2076,160.0062985420227
2077,159.65396165847778
2078,160.3808515071869
2079,158.76679491996765
2080,159.37922191619873
2081,160.06657433509827
2082,160.56354141235352
2083,160.0509033203125
2084,159.22931742668152
2085,159.81295895576477
2086,159.15899801254272
2087,159.63214206695557
2088,160.3979470729828
2089,159.86023235321045
2090,158.78737878799438
2091,167.72559356689453
2092,158.13712239265442
2093,157.38105702400208
2094,155.4779007434845
2095,159.3353202342987
2096,159.24893712997437
2097,158.6073694229126
2098,159.48448634147644
2099,162.32908511161804
2100,161.92975282669067
2101,159.7048740386963
2102,161.26435351371765
2103,160.34633827209473
2104,161.26176190376282
2105,159.71591186523438
2106,159.2894914150238
2107,159.28621101379395
2108,155.16776490211487
2109,159.8064398765564
2110,160.1292073726654
2111,162.4134509563446
2112,162.06832027435303
2113,159.87026810646057
2114,159.75691175460815
2115,157.59884119033813
2116,157.15991640090942
2117,157.11895895004272
2118,160.05033016204834
2119,161.89606976509094
2120,161.13483309745789
2121,163.28761863708496
2122,162.61628937721252
2123,161.1355173587799
2124,160.34785914421082
2125,159.0725212097168
2126,154.18479466438293
2127,151.34032583236694
2128,180.7418613433838
2129,163.58861207962036
2130,162.5661265850067
2131,161.94521498680115
2132,163.01353764533997
2133,160.3594675064087
2134,157.6012315750122
2135,155.55025792121887
2136,158.99863052368164
2137,159.17126297950745
2138,159.2183656692505
2139,158.9877369403839
2140,159.97973203659058
2141,160.28411674499512
2142,160.49829053878784
2143,161.02351355552673
2144,160.4665732383728
2145,161.2616307735443
2146,165.27168011665344
2147,157.61502528190613
2148,158.1322581768036
2149,159.05052661895752
2150,158.36061716079712
2151,157.2791929244995
2152,160.18777084350586
2153,160.35962796211243
2154,160.5489730834961
2155,161.32350420951843
2156,161.67375135421753
2157,159.95662713050842
2158,161.3131651878357
2159,158.89032220840454
2160,159.54049038887024
2161,157.21132802963257
2162,160.52786374092102
2163,160.94396448135376
2164,161.80237531661987
2165,160.78975892066956
2166,157.81372904777527
2167,159.63974905014038
2168,161.20169925689697
2169,161.4247806072235
2170,158.4244704246521
2171,159.07389974594116
2172,159.2912540435791
2173,158.46628642082214
2174,160.36542630195618
2175,159.1199140548706
2176,159.11636114120483
2177,158.59617042541504
2178,159.30171394348145
2179,159.72731161117554
2180,157.9546718597412
2181,159.71927046775818
2182,160.06735706329346
2183,161.51548385620117
2184,161.5621964931488
2185,158.69761872291565
2186,159.00707745552063
2187,159.4532663822174
2188,162.06458640098572
2189,158.03649973869324
2190,159.28266072273254
2191,160.11890697479248
2192,160.5009524822235
2193,161.78574299812317
2194,160.29426646232605
2195,160.2801353931427
2196,160.11306715011597
2197,159.93339037895203
2198,157.90265536308289
2199,160.70629572868347
2200,165.2709665298462
2201,158.8509602546692
2202,157.67281532287598
2203,158.6293876171112
2204,158.93508672714233
2205,158.80636882781982
2206,159.54934120178223
2207,158.6105728149414
2208,162.3247652053833
2209,159.69663858413696
2210,162.70868039131165
2211,161.2972753047943
2212,158.72276520729065
2213,157.86305737495422
2214,158.5676085948944
2215,157.47416400909424
2216,155.6343080997467
2217,159.37657594680786
2218,161.7539439201355
2219,160.43513226509094
2220,159.90394639968872
2221,163.39352655410767
2222,163.5466616153717
2223,163.16375207901
2224,161.80230927467346
2225,159.36742234230042
2226,158.53776359558105
2227,158.74041271209717
2228,158.36382126808167
2229,159.84741067886353
2230,161.35183572769165
2231,160.5688135623932
2232,159.69524359703064
2233,160.1013150215149
2234,159.68978810310364
2235,158.60639429092407
2236,162.1821837425232
2237,158.3992509841919
2238,158.62423467636108
2239,157.64825201034546
2240,158.49174618721008
2241,160.20009756088257
2242,160.39840078353882
2243,158.7351109981537
2244,160.66730451583862
2245,158.87705874443054
2246,159.55865168571472
2247,161.62436985969543
2248,163.5084731578827
2249,161.77353262901306
2250,160.8699700832367
2251,161.04816555976868
2252,166.84762859344482
2253,157.9044132232666
2254,157.92550420761108
2255,156.31949377059937
2256,152.99201250076294
2257,150.35589456558228
2258,181.38462090492249
2259,163.46482872962952
2260,164.60945582389832
2261,163.19247579574585
2262,162.5979928970337
2263,162.5828230381012
2264,157.89974403381348
2265,158.39185452461243
2266,159.23806071281433
2267,156.28904151916504
2268,153.16560864448547
2269,159.6750934123993
2270,156.35819840431213
2271,159.18801832199097
2272,163.15241122245789
2273,164.0606791973114
2274,166.50144958496094
2275,162.89207434654236
2276,160.0830762386322
2277,159.294260263443
2278,158.7509045600891
2279,162.8216688632965
2280,158.39538145065308
2281,159.74213767051697
2282,158.4385266304016
2283,159.13019561767578
2284,157.01449012756348
2285,161.27258348464966
2286,160.93461275100708
2287,160.1737711429596
2288,159.58598971366882
2289,160.11390590667725
2290,161.0729956626892
2291,158.68555092811584
2292,157.6610631942749
2293,158.8156578540802
2294,159.99985766410828
2295,158.31508016586304
2296,159.32187914848328
2297,161.42010164260864
2298,160.2377414703369
2299,159.33537316322327
2300,161.9725320339203
2301,160.30334401130676
2302,160.46191263198853
2303,161.44711017608643
2304,160.4244635105133
2305,157.97917699813843
2306,163.7089729309082
2307,161.2061107158661
2308,159.23653054237366
2309,159.70030546188354
2310,156.9984586238861
2311,157.6813862323761
2312,159.24625039100647
2313,158.9971740245819
2314,160.3654544353485
2315,161.05466747283936
2316,162.15646386146545
2317,159.5499186515808
2318,158.48508381843567
2319,159.9906928539276
2320,160.19949579238892
2321,162.42987537384033
2322,158.26462292671204
2323,158.71319723129272
2324,159.8691840171814
2325,156.56446385383606
2326,159.9642837047577
2327,159.302015542984
2328,160.86989569664001
2329,159.9683873653412
2330,161.11338567733765
2331,161.49256253242493
2332,161.18098878860474
2333,161.16770434379578
2334,159.80305647850037
2335,158.19683170318604
2336,160.62849688529968
2337,157.6433322429657
2338,158.58638310432434
2339,161.44672346115112
2340,159.31315302848816
2341,159.03234958648682
2342,163.70427107810974
2343,160.22832560539246
2344,161.29651975631714
2345,159.4076008796692
2346,157.04543232917786
2347,159.56622576713562
2348,160.8860251903534
2349,159.1134901046753
2350,161.96948647499084
2351,162.20949149131775
2352,158.86873650550842
2353,159.16540336608887
2354,159.1077253818512
2355,160.667706489563
2356,160.8606333732605
2357,159.24008893966675
2358,160.2564718723297
2359,160.29663252830505
2360,165.24425530433655
2361,159.14892673492432
2362,157.9344027042389
2363,158.81776189804077
2364,157.41001057624817
2365,158.2051877975464
2366,158.28537011146545
2367,160.97292137145996
2368,160.29781556129456
2369,160.76813316345215
2370,160.0923366546631
2371,160.21834135055542
2372,159.86208701133728
2373,162.4847481250763
2374,158.92598485946655
2375,157.88237500190735
2376,158.19800877571106
2377,159.90485978126526
2378,156.98072624206543
2379,160.61910271644592
2380,158.57309913635254
2381,161.3437831401825
2382,161.34616231918335
2383,162.59611558914185
2384,163.02654242515564
2385,161.0964379310608
2386,151.5133993625641
2387,150.2891881465912
2388,181.48717069625854
2389,166.86759734153748
2390,166.67534971237183
2391,166.8004400730133
2392,165.52243161201477
2393,167.04826545715332
2394,167.78452038764954
2395,165.8636507987976
2396,165.7779746055603
2397,163.08638858795166
2398,160.12003111839294
2399,158.1149296760559
2400,156.27855777740479
2401,155.9391086101532
2402,157.8060314655304
2403,161.2133321762085
2404,157.9625928401947
2405,161.2039659023285
2406,160.9578046798706
2407,162.9419810771942
2408,161.93623971939087
2409,161.51632714271545
2410,160.1178822517395
2411,159.29818320274353
2412,159.74719214439392
2413,159.05507922172546
2414,167.07646369934082
2415,161.80978655815125
2416,159.7675585746765
2417,159.75679206848145
2418,158.45934176445007
2419,156.82023525238037
2420,158.17127466201782
2421,158.82046556472778
2422,162.39678239822388
2423,159.733788728714
2424,159.60947513580322
2425,160.61435747146606
2426,160.01304721832275
2427,157.92379093170166
2428,160.47289943695068
2429,161.6671895980835
2430,158.24250054359436
2431,157.7275207042694
2432,157.98801183700562
2433,160.22333335876465
2434,161.79912614822388
2435,161.71748113632202
2436,160.64949893951416
2437,159.75117301940918
2438,160.66378688812256
2439,160.38954997062683
2440,157.12357211112976
2441,157.2293689250946
2442,158.31503915786743
2443,158.54279732704163
2444,161.07376551628113
2445,160.48168802261353
2446,161.20182704925537
2447,160.28176927566528
2448,160.30445289611816
2449,161.3038249015808
2450,159.01563906669617
2451,158.66749739646912
2452,159.82775902748108
2453,159.1853425502777
2454,158.74467587471008
2455,159.84287810325623
2456,160.94116115570068
2457,160.07639575004578
2458,160.9817533493042
2459,159.45109486579895
2460,160.63399195671082
2461,159.2357234954834
2462,160.8657886981964
2463,158.658221244812
2464,162.12672519683838
2465,157.8919632434845
2466,158.7799723148346
2467,163.41155672073364
2468,160.12272691726685
2469,157.53938579559326
2470,158.57633924484253
2471,156.39021372795105
2472,158.9073531627655
2473,156.78840494155884
2474,158.76980185508728
2475,162.51051211357117
2476,161.68349146842957
2477,161.03107690811157
2478,161.15366411209106
2479,159.90055060386658
2480,160.70007228851318
2481,159.99127340316772
2482,160.71240162849426
2483,160.76164531707764
2484,160.20655751228333
2485,157.70231652259827
2486,161.32193326950073
2487,161.24179458618164
2488,158.17307376861572
2489,159.14954662322998
2490,159.15780639648438
2491,159.86716556549072
2492,159.7435586452484
2493,160.1908736228943
2494,161.43471550941467
2495,158.84638595581055
2496,158.29729223251343
2497,158.48407673835754
2498,160.7862904071808
2499,161.19704389572144
2500,158.3182623386383
2501,160.06952667236328
2502,159.8114881515503
2503,158.64134621620178
2504,158.95916771888733
2505,159.3356306552887
2506,162.63180136680603
2507,161.71990537643433
2508,160.2797622680664
2509,158.68113613128662
2510,158.11713790893555
2511,158.55456709861755
2512,160.10259175300598
2513,160.5663914680481
2514,159.84032487869263
2515,156.98830914497375
2516,152.95102286338806
2517,154.4797706604004
2518,182.2042362689972
2519,166.9704909324646
2520,164.48344898223877
2521,169.40655159950256
2522,173.27096605300903
2523,165.9094593524933
2524,166.7776551246643
2525,161.5615313053131
2526,159.71926546096802
2527,155.82541465759277
2528,154.76788210868835
2529,155.35292983055115
2530,156.835378408432
2531,157.39046025276184
2532,162.30686020851135
2533,157.7172393798828
2534,162.05667114257812
2535,164.04992198944092
2536,163.31154823303223
2537,164.4997262954712
2538,162.64374136924744
2539,162.41970324516296
2540,162.23295760154724
2541,163.03010272979736
2542,163.99949645996094
2543,161.89307236671448
2544,161.88296818733215
2545,157.97401642799377
2546,158.1940562725067
2547,158.39210200309753
2548,158.6350281238556
2549,158.7593011856079
2550,159.28100681304932
2551,158.21149897575378
2552,161.8628704547882
2553,159.33235430717468
2554,161.69092726707458
2555,160.89259791374207
2556,160.93076920509338
2557,159.49151420593262
2558,159.02195000648499
2559,160.36326026916504
2560,161.0155475139618
2561,159.1569390296936
2562,156.80754470825195
2563,157.65149593353271
2564,160.05673909187317
2565,161.13048100471497
2566,161.05348014831543
2567,160.3813042640686
2568,160.17228841781616
2569,158.76289916038513
2570,159.03514742851257
2571,159.07583928108215
2572,160.11637997627258
2573,160.25954627990723
2574,161.09088516235352
2575,160.79909253120422
2576,160.74852919578552
2577,164.38776803016663
2578,158.17107892036438
2579,157.35961890220642
2580,158.5342869758606
2581,157.88709998130798
2582,157.2616696357727
2583,160.42985463142395
2584,159.59680795669556
2585,161.45178723335266
2586,160.8385090827942
2587,160.10016202926636
2588,161.40141320228577
2589,159.72280979156494
2590,159.48025465011597
2591,160.1843662261963
2592,159.2307071685791
2593,160.49629974365234
2594,158.04256534576416
2595,157.7847077846527
2596,159.7511351108551
2597,159.96507024765015
2598,164.822021484375
2599,161.9015519618988
2600,161.6488344669342
2601,161.6658263206482
2602,161.5333914756775
2603,160.49706983566284
2604,158.22674298286438
2605,159.60376811027527
2606,156.34283828735352
2607,159.27505803108215
2608,159.16054511070251
2609,159.2715926170349
2610,159.1363127231598
2611,159.98631978034973
2612,161.10210704803467
2613,160.67958402633667
2614,159.13593101501465
2615,158.67266416549683
2616,159.08081889152527
2617,159.3308184146881
2618,160.00642728805542
2619,162.11081433296204
2620,160.7032971382141
2621,160.92141389846802
2622,162.0987331867218
2623,160.73194217681885
2624,160.2835831642151
2625,158.3695831298828
2626,157.88063597679138
2627,158.67539525032043
2628,160.41593098640442
2629,157.6389503479004
2630,158.37969255447388
2631,166.57209634780884
2632,157.49431705474854
2633,159.83468103408813
2634,160.09646701812744
2635,158.40728425979614
2636,160.09918785095215
2637,160.46432161331177
2638,161.22515654563904
2639,159.44453263282776
2640,159.25260829925537
2641,157.9847493171692
2642,161.21355724334717
2643,161.54060554504395
2644,158.12840938568115
2645,157.52408933639526
2646,156.52489256858826
2647,153.40580344200134
2648,182.9977695941925
2649,165.4929175376892
2650,167.70587253570557
2651,167.6879689693451
2652,165.33589959144592
2653,164.34927344322205
2654,163.84723138809204
2655,158.92915606498718
2656,159.19733667373657
2657,156.04616117477417
2658,155.40616965293884
2659,156.0635757446289
2660,157.2675609588623
2661,159.4386978149414
2662,161.9907066822052
2663,162.38808345794678
2664,163.05842852592468
2665,162.0012149810791
2666,162.44209837913513
2667,159.92776775360107
2668,159.83405566215515
2669,158.50857591629028
2670,158.2805335521698
2671,158.82898473739624
2672,157.76539659500122
2673,161.0550901889801
2674,159.51298928260803
2675,159.61186933517456
2676,159.98289799690247
2677,160.05800676345825
2678,161.00490498542786
2679,159.09116435050964
2680,160.40335845947266
2681,160.2370002269745
2682,162.0372190475464
2683,162.6446361541748
2684,165.84862422943115
2685,158.7629735469818
2686,156.19498682022095
2687,156.69812512397766
2688,158.8525276184082
2689,159.66553378105164
2690,159.86736297607422
2691,160.97806572914124
2692,162.17386293411255
2693,161.45781826972961
2694,159.27241253852844
2695,157.65662956237793
2696,157.4128680229187
2697,158.88406777381897
2698,157.2909553050995
2699,158.71730065345764
2700,159.0719301700592
2701,160.60414934158325
2702,162.26758408546448
2703,161.13693642616272
2704,162.55493307113647
2705,164.26718258857727
2706,163.55263710021973
2707,162.8064193725586
2708,161.27606964111328
2709,160.1760447025299
2710,159.24147272109985
2711,158.42182111740112
2712,157.68013882637024
2713,158.9627239704132
2714,159.7020514011383
2715,160.1714470386505
2716,158.24061965942383
2717,158.494243144989
2718,159.50879001617432
2719,160.27456188201904
2720,161.17803740501404
2721,160.6451153755188
2722,161.87727808952332
2723,160.4853653907776
2724,160.54269361495972
2725,157.62338733673096
2726,159.35398626327515
2727,157.15266919136047
2728,158.77773022651672
2729,157.8688838481903
2730,159.74311351776123
2731,161.40905213356018
2732,161.127343416214
2733,162.10005950927734
2734,161.0069386959076
2735,162.47825574874878
2736,161.81879806518555
2737,159.00781631469727
2738,165.24314308166504
2739,157.03537321090698
2740,156.00237035751343
2741,156.53615498542786
2742,157.83969473838806
2743,155.8823492527008
2744,159.8969428539276
2745,161.30778908729553
2746,161.88402700424194
2747,165.53835487365723
2748,160.66915655136108
2749,162.94988322257996
2750,163.525541305542
2751,161.21507906913757
2752,160.7957580089569
2753,159.72319316864014
2754,158.14810872077942
2755,157.3255021572113
2756,155.70429110527039
2757,158.98744368553162
2758,160.07404327392578
2759,160.95597958564758
2760,162.4937093257904
2761,159.44703722000122
2762,161.25868558883667
2763,161.77439165115356
2764,159.43885016441345
2765,159.43141055107117
2766,162.74040126800537
2767,156.96068024635315
2768,157.92793703079224
2769,156.38916420936584
2770,159.18472814559937
2771,160.6739044189453
2772,162.33976411819458
2773,159.34656238555908
2774,160.52842664718628
2775,159.23013424873352
2776,153.44733142852783
2777,152.48045539855957
2778,181.56122708320618
2779,163.74550223350525
2780,162.18001580238342
2781,165.6772382259369
2782,166.2421498298645
2783,163.99660539627075
2784,161.9668869972229
2785,158.99066543579102
2786,161.38661551475525
2787,158.29984998703003
2788,158.62379384040833
2789,158.84899735450745
2790,158.05377411842346
2791,158.68063044548035
2792,165.6392376422882
2793,157.53435468673706
2794,157.81653332710266
2795,160.2727837562561
2796,160.70097494125366
2797,158.81546664237976
2798,159.06890320777893
2799,160.92568707466125
2800,161.44688940048218
2801,159.49595475196838
2802,157.3008406162262
2803,159.8008644580841
2804,158.73950576782227
2805,160.76940774917603
2806,159.78049778938293
2807,158.3022186756134
2808,162.235431432724
2809,160.03580451011658
2810,160.29074263572693
2811,159.61689281463623
2812,162.12022519111633
2813,160.1346046924591
2814,161.4323239326477
2815,160.17480659484863
2816,160.58059811592102
2817,160.66588306427002
2818,159.5623881816864
2819,161.9194474220276
2820,158.7912940979004
2821,158.40654015541077
2822,158.82145023345947
2823,159.03838324546814
2824,157.7494261264801
2825,157.55318188667297
2826,158.2989363670349
2827,160.22148203849792
2828,160.45949125289917
2829,159.9214277267456
2830,163.36270689964294
2831,160.0580062866211
2832,161.15234780311584
2833,160.50985765457153
2834,159.88028073310852
2835,156.84154343605042
2836,158.79847693443298
2837,159.7803931236267
2838,160.06729865074158
2839,162.1699573993683
2840,159.95805716514587
2841,162.6902940273285
2842,158.93590235710144
2843,160.0736699104309
2844,163.90808701515198
2845,155.58656191825867
2846,157.18986916542053
2847,157.7908546924591
2848,159.28061819076538
2849,160.4465651512146
2850,161.4212691783905
2851,161.48032140731812
2852,160.28554844856262
2853,160.7645227909088
2854,158.56151723861694
2855,155.02484965324402
2856,158.78027200698853
2857,159.3269612789154
2858,160.8598484992981
2859,160.47835993766785
2860,161.84943008422852
2861,162.5017123222351
2862,161.21120023727417
2863,162.1977503299713
2864,161.3866217136383
2865,160.706467628479
2866,155.82684683799744
2867,156.0462806224823
2868,160.4275975227356
2869,160.38269138336182
2870,159.75156712532043
2871,159.53532433509827
2872,160.4206998348236
2873,163.31600642204285
2874,160.7811462879181
2875,158.89823031425476
2876,159.632892370224
2877,158.82965397834778
2878,160.45924639701843
2879,162.53911805152893
2880,161.01683616638184
2881,160.6428678035736
2882,161.2446596622467
2883,159.3001093864441
2884,158.01003694534302
2885,160.48812627792358
2886,157.84346175193787
2887,159.92566466331482
2888,157.70187902450562
2889,158.44312930107117
2890,159.87663316726685
2891,161.42208003997803
2892,162.458811044693
2893,163.93412971496582
2894,162.5448727607727
2895,162.9909553527832
2896,164.8630726337433
2897,156.45482969284058
2898,155.15004086494446
2899,155.58697199821472
2900,156.9243106842041
2901,156.50758624076843
2902,159.72029829025269
2903,160.85576844215393
2904,160.75316286087036
2905,160.19553351402283
2906,158.8061020374298
2907,158.7026391029358
2908,182.68395900726318
2909,166.61750102043152
2910,164.03048586845398
2911,165.68563175201416
2912,162.5502426624298
2913,162.7695872783661
2914,161.0102574825287
2915,160.7790699005127
2916,156.84469628334045
2917,159.70170331001282
2918,158.01415991783142
2919,159.6001284122467
2920,159.3042049407959
2921,159.6838891506195
2922,159.49611401557922
2923,161.42777466773987
2924,158.55789875984192
2925,158.46361589431763
2926,161.4798126220703
2927,162.28564500808716
2928,158.83316922187805
2929,159.91888689994812
2930,160.95538783073425
2931,159.70113158226013
2932,160.19078946113586
2933,160.68324422836304
2934,159.68314599990845
2935,160.9760284423828
2936,158.99247980117798
2937,161.01587891578674
2938,158.73753905296326
2939,159.99579238891602
2940,159.96997618675232
2941,159.29235315322876
2942,160.15740585327148
2943,158.7980456352234
2944,158.2716770172119
2945,159.95551228523254
2946,164.06232833862305
2947,167.82384419441223
2948,158.76801991462708
2949,158.23552465438843
2950,158.0703911781311
2951,157.920636177063
2952,159.54325580596924
2953,158.683584690094
2954,159.8408863544464
2955,160.6311640739441
2956,162.45062613487244
2957,161.03273129463196
2958,160.3032410144806
2959,158.2824788093567
2960,160.50280928611755
2961,157.94749426841736
2962,159.40042233467102
2963,161.62941431999207
2964,159.95590686798096
2965,162.54112267494202
2966,161.81920409202576
2967,162.98520278930664
2968,159.93501377105713
2969,162.51445412635803
2970,162.99259781837463
2971,159.77139496803284
2972,160.55853366851807
2973,160.52911043167114
2974,160.42315697669983
2975,157.56937074661255
2976,159.4676480293274
2977,159.98116731643677
2978,161.73534202575684
2979,161.2268135547638
2980,160.37129139900208
2981,161.77733969688416
2982,163.1715109348297
2983,161.09105801582336
2984,157.44552850723267
2985,159.60689616203308
2986,157.97948622703552
2987,159.78630876541138
2988,158.40243101119995
2989,160.70097947120667
2990,161.07825994491577
2991,162.0877604484558
2992,160.57989859580994
2993,160.63289141654968
2994,161.45381784439087
2995,159.8926763534546
2996,159.5864818096161
2997,160.38834810256958
2998,167.03955602645874
2999,159.81993460655212
3000,158.66422486305237
3001,157.69209837913513
3002,158.49282908439636
3003,157.9987509250641
3004,158.9989664554596
3005,162.18908071517944
3006,161.83261823654175
3007,160.81867909431458
3008,161.77832913398743
3009,159.814435005188
3010,160.11947083473206
3011,158.1351602077484
3012,159.66261196136475
3013,160.4424068927765
3014,158.97731375694275
3015,159.84427523612976
3016,159.60024404525757
3017,161.6970202922821
3018,160.0020272731781
3019,159.9942524433136
3020,158.57903909683228
3021,161.08556509017944
3022,163.0504834651947
3023,161.9471731185913
3024,161.6418218612671
3025,161.08240342140198
3026,161.44654893875122
3027,160.85942101478577
3028,159.92346620559692
3029,157.89905905723572
3030,158.619699716568
3031,157.83389258384705
3032,158.42269921302795
3033,159.03914284706116
3034,159.99767327308655
3035,154.4108283519745
3036,154.17386960983276
3037,180.90208864212036
3038,167.25724601745605
3039,166.42273259162903
3040,166.29699325561523
3041,165.80124926567078
3042,164.26568055152893
3043,164.00664353370667
3044,159.93763661384583
3045,159.47736239433289
3046,157.59860825538635
3047,159.66639924049377
3048,157.64650869369507
3049,164.56269574165344
3050,158.17909240722656
3051,157.04631519317627
3052,159.86699557304382
3053,164.60920429229736
3054,161.4988977909088
3055,161.19045662879944
3056,160.478698015213
3057,160.58233761787415
3058,161.24799847602844
3059,159.59560871124268
3060,158.5092008113861
3061,161.10702514648438
3062,160.78098607063293
3063,161.49867033958435
3064,159.02417731285095
3065,159.61004281044006
3066,160.70043444633484
3067,157.15776109695435
3068,160.5843665599823
3069,161.1496331691742
3070,162.02242040634155
3071,160.68295335769653
3072,162.44519233703613
3073,159.24345421791077
3074,159.34343767166138
3075,160.36790823936462
3076,160.41207122802734
3077,160.296804189682
3078,163.56452465057373
3079,160.34738731384277
3080,158.56866264343262
3081,159.54998540878296
3082,160.3330681324005
3083,158.97627758979797
3084,157.55119681358337
3085,157.2904815673828
3086,160.9111692905426
3087,160.67742800712585
3088,162.94923543930054
3089,163.38964939117432
3090,160.55609154701233
3091,162.64801788330078
3092,161.42972373962402
3093,160.25119066238403
3094,161.89946126937866
3095,158.9471743106842
3096,162.94666624069214
3097,156.8998246192932
3098,157.51150560379028
3099,158.65674543380737
3100,161.24001121520996
3101,161.75997352600098
3102,160.72903323173523
3103,161.35296487808228
3104,161.30828714370728
3105,162.13063597679138
3106,160.60550212860107
3107,158.7412543296814
3108,154.6230595111847
3109,157.34219813346863
3110,159.36595606803894
3111,160.14828991889954
3112,161.53401064872742
3113,162.95807361602783
3114,164.859050989151
3115,163.62796425819397
3116,162.1409831047058
3117,159.01691603660583
3118,157.476628780365
3119,155.97395753860474
3120,158.27617192268372
3121,160.38903164863586
3122,159.64937019348145
3123,160.755708694458
3124,161.51068496704102
3125,162.50200605392456
3126,160.82911682128906
3127,159.68260526657104
3128,161.29463148117065
3129,159.18692278862
3130,161.24017643928528
3131,160.34766912460327
3132,160.718163728714
3133,158.78358340263367
3134,160.78950762748718
3135,160.545325756073
3136,160.99269270896912
3137,161.30333638191223
3138,158.12617778778076
3139,161.56822323799133
3140,160.4732208251953
3141,164.94359183311462
3142,160.30685877799988
3143,158.49770283699036
3144,157.40395331382751
3145,158.44047021865845
3146,159.5674433708191
3147,161.60307264328003
3148,158.54010438919067
3149,160.8281910419464
3150,162.26143074035645
3151,160.95169711112976
3152,163.24123239517212
3153,160.6830861568451
3154,161.41333556175232
3155,159.107008934021
3156,160.6068000793457
3157,158.68199038505554
3158,160.24188995361328
3159,160.7326340675354
3160,160.43840861320496
3161,161.56502676010132
3162,160.983336687088
3163,158.61409068107605
3164,160.51917433738708
3165,155.9011790752411
3166,157.71512579917908
3167,179.8169059753418
3168,162.48338747024536
3169,163.01561975479126
3170,164.24490308761597
3171,161.66563439369202
3172,164.95266127586365
3173,168.66097354888916
3174,168.29607319831848
3175,166.91155576705933
3176,167.6965250968933
3177,167.15422916412354
3178,164.82834577560425
3179,162.1297688484192
3180,156.36724495887756
3181,156.8532009124756
3182,156.92364883422852
3183,162.31761693954468
3184,156.19440078735352
3185,158.76693487167358
3186,159.1650562286377
3187,160.62780165672302
3188,163.04810500144958
3189,164.7689266204834
3190,165.5535876750946
3191,163.69312500953674
3192,163.22583651542664
3193,161.84290838241577
3194,159.60553002357483
3195,156.91320061683655
3196,157.1995244026184
3197,154.6024932861328
3198,158.72793054580688
3199,159.66820311546326
3200,161.15234327316284
3201,160.15526032447815
3202,161.21660947799683
3203,161.17504835128784
3204,163.10252809524536
3205,161.30105185508728
3206,158.704754114151
3207,157.66239738464355
3208,160.83610200881958
3209,157.6165554523468
3210,159.97458863258362
3211,158.54488468170166
3212,160.26633954048157
3213,161.9590928554535
3214,158.12518906593323
3215,159.502117395401
3216,157.57569217681885
3217,160.42567706108093
3218,156.6326904296875
3219,158.2446653842926
3220,159.71143126487732
3221,159.67242908477783
3222,160.49728441238403
3223,160.89951872825623
3224,157.56052017211914
3225,160.97992587089539
3226,166.80523419380188
3227,159.21425700187683
3228,158.54690742492676
3229,161.2661566734314
3230,157.17531299591064
3231,157.81047987937927
3232,155.7243468761444
3233,159.81548237800598
3234,160.7501802444458
3235,160.88110852241516
3236,158.92858910560608
3237,160.40020775794983
3238,160.62637591362
3239,157.9046905040741
3240,158.5067274570465
3241,158.60382103919983
3242,159.92146682739258
3243,161.21123719215393
3244,161.71920323371887
3245,160.61134600639343
3246,158.75875782966614
3247,160.38760828971863
3248,159.83334112167358
3249,157.0489525794983
3250,160.5248408317566
3251,160.82672595977783
3252,157.66926455497742
3253,158.83403134346008
3254,158.70920038223267
3255,161.08402395248413
3256,159.59449887275696
3257,162.0974485874176
3258,159.5041468143463
3259,158.42661476135254
3260,158.27099895477295
3261,156.2102165222168
3262,159.35025191307068
3263,156.92744326591492
3264,156.99693322181702
3265,158.004652261734
3266,159.84729886054993
3267,160.35312485694885
3268,160.44597125053406
3269,158.72551584243774
3270,161.4236545562744
3271,160.24111437797546
3272,159.07139468193054
3273,158.86242747306824
3274,164.1104235649109
3275,159.34770035743713
3276,155.50710678100586
3277,156.98013639450073
3278,157.77954387664795
3279,162.76328015327454
3280,161.24075365066528
3281,160.25174975395203
3282,159.0325050354004
3283,159.01045966148376
3284,162.75528049468994
3285,156.8068916797638
3286,160.86157894134521
3287,158.97617411613464
3288,159.03744435310364
3289,161.3997073173523
3290,160.2532603740692
3291,161.19798803329468
3292,158.40537691116333
3293,159.2604215145111
3294,158.10951113700867
3295,153.76842546463013
3296,155.47645473480225
3297,177.39449667930603
3298,159.65344071388245
3299,161.13491249084473
3300,159.32367539405823
3301,160.84852814674377
3302,159.67997193336487
3303,159.73742938041687
3304,158.96314811706543
3305,158.51092410087585
3306,161.1198332309723
3307,159.97935485839844
3308,159.98479557037354
3309,161.54432153701782
3310,158.32921886444092
3311,158.99835562705994
3312,158.30468940734863
3313,157.57516622543335
3314,159.75735235214233
3315,160.19632863998413
3316,158.7426860332489
3317,158.3019335269928
3318,159.4704451560974
3319,161.68746662139893
3320,158.8691828250885
3321,158.14077305793762
3322,159.66961526870728
3323,161.00660395622253
3324,161.08144116401672
3325,158.3318977355957
3326,165.75428915023804
3327,160.45591616630554
3328,159.63424110412598
3329,154.2250144481659
3330,158.4376356601715
3331,157.30574107170105
3332,162.39351630210876
3333,159.45148015022278
3334,161.31988739967346
3335,160.64894676208496
3336,159.46713948249817
3337,160.03556108474731
3338,157.7900950908661
3339,159.11154556274414
3340,160.30337190628052
3341,160.2735846042633
3342,159.70119071006775
3343,161.99608516693115
3344,160.26917266845703
3345,161.61200666427612
3346,160.88482975959778
3347,160.12914395332336
3348,159.4589056968689
3349,158.71552276611328
3350,159.57952761650085
3351,157.8737392425537
3352,157.8296995162964
3353,158.5855734348297
3354,161.24101734161377
3355,160.12416863441467
3356,161.06821703910828
3357,161.0830364227295
3358,158.6724317073822
3359,160.277272939682
3360,160.9380292892456
3361,158.81765055656433
3362,159.99501824378967
3363,157.54062938690186
3364,159.03545713424683
3365,159.82184624671936
3366,158.43024015426636
3367,158.9943482875824
3368,160.22161507606506
3369,158.1670777797699
3370,156.6889624595642
3371,159.77902460098267
3372,159.13575792312622
3373,159.53569078445435
3374,161.34598541259766
3375,160.49159383773804
3376,160.41414999961853
3377,159.64061570167542
3378,160.49274802207947
3379,164.50321769714355
3380,159.50771474838257
3381,157.58940958976746
3382,157.24942564964294
3383,154.9250590801239
3384,158.28796315193176
3385,158.3668978214264
3386,160.85319542884827
3387,162.4234938621521
3388,158.70499086380005
3389,161.28706884384155
3390,159.54520225524902
3391,158.05835437774658
3392,159.1661512851715
3393,158.705096244812
3394,159.7084686756134
3395,160.4672393798828
3396,160.64147090911865
3397,159.25608658790588
3398,160.58445692062378
3399,159.49910593032837
3400,163.11445236206055
3401,159.64189195632935
3402,161.54921412467957
3403,160.35913825035095
3404,158.28471040725708
3405,157.83735704421997
3406,157.9152476787567
3407,158.4085476398468
3408,159.59417700767517
3409,158.37134504318237
3410,156.71305203437805
3411,161.73173427581787
3412,160.15275597572327
3413,159.67804789543152
3414,161.41187119483948
3415,158.34463095664978
3416,161.8071093559265
3417,161.1555745601654
3418,161.08343386650085
3419,160.24778127670288
3420,160.9617829322815
3421,161.65833950042725
3422,158.05628633499146
3423,158.97561264038086
3424,156.40513730049133
3425,152.60028624534607
3426,153.7039713859558
3427,178.26276755332947
3428,160.41320085525513
3429,159.98485803604126
3430,161.67221927642822
3431,160.3108251094818
3432,163.439927816391
3433,162.44471859931946
3434,160.39588832855225
3435,165.9432234764099
3436,160.0695538520813
3437,155.4201421737671
3438,157.52481818199158
3439,158.7960488796234
3440,159.50027203559875
3441,160.46458864212036
3442,159.1795768737793
3443,159.1365146636963
3444,160.3670117855072
3445,160.1210150718689
3446,161.3295602798462
3447,161.52094411849976
3448,161.91327953338623
3449,160.8881242275238
3450,159.08884358406067
3451,159.11754536628723
3452,160.18945598602295
3453,159.41413402557373
3454,160.21118259429932
3455,161.2388858795166
3456,160.82288908958435
3457,159.25523471832275
3458,159.86770915985107
3459,158.5709946155548
3460,157.96608209609985
3461,157.92162990570068
3462,160.826189994812
3463,160.2054374217987
3464,161.19105982780457
3465,160.5568404197693
3466,161.48716711997986
3467,160.3373508453369
3468,160.42472553253174
3469,161.2554669380188
3470,161.38537740707397
3471,159.61965775489807
3472,159.4399483203888
3473,158.06856775283813
3474,157.9779269695282
3475,157.79296827316284
3476,157.593932390213
3477,159.58763146400452
3478,159.41670489311218
3479,159.9890010356903
3480,161.15614414215088
3481,162.3483316898346
3482,161.62580347061157
3483,159.5904083251953
3484,160.72766971588135
3485,167.74445867538452
3486,161.94544768333435
3487,159.13820385932922
3488,156.60769057273865
3489,158.09829258918762
3490,154.54346561431885
3491,157.30607724189758
3492,161.14611792564392
3493,160.02053236961365
3494,161.29041695594788
3495,160.2381145954132
3496,161.05226612091064
3497,163.44099974632263
3498,163.77044892311096
3499,163.0891432762146
3500,159.46192526817322
3501,159.19974064826965
3502,156.65624737739563
3503,160.31560111045837
3504,156.90579986572266
3505,158.44006872177124
3506,160.12959146499634
3507,158.68105626106262
3508,162.20107865333557
3509,160.75932931900024
3510,160.64362239837646
3511,158.8947696685791
3512,160.40373945236206
3513,158.03383994102478
3514,162.46484065055847
3515,162.68158984184265
3516,159.8275465965271
3517,160.47190260887146
3518,157.16996598243713
3519,160.1225299835205
3520,162.64259934425354
3521,161.87821912765503
3522,161.1403784751892
3523,160.02184915542603
3524,158.82373118400574
3525,158.09695625305176
3526,158.5531919002533
3527,158.29231810569763
3528,160.1599247455597
3529,158.97326231002808
3530,159.47858238220215
3531,159.82758116722107
3532,160.77760934829712
3533,161.40621995925903
3534,166.15749192237854
3535,159.49881625175476
3536,158.87836527824402
3537,158.29252576828003
3538,159.8398461341858
3539,160.14273023605347
3540,159.68121099472046
3541,159.10917711257935
3542,160.36209964752197
3543,160.2568597793579
3544,163.076593875885
3545,160.68467593193054
3546,160.0294337272644
3547,157.98180723190308
3548,161.77933979034424
3549,160.77649402618408
3550,161.01442050933838
3551,160.32500791549683
3552,160.30274939537048
3553,161.25527930259705
3554,159.32885670661926
3555,155.91797804832458
3556,154.66117191314697
3557,181.5250654220581
3558,163.56025457382202
3559,162.7650363445282
3560,160.87200546264648
3561,160.59731769561768
3562,160.0877547264099
3563,159.44017934799194
3564,156.3135507106781
3565,155.90093231201172
3566,157.98534178733826
3567,157.95928072929382
3568,159.18889164924622
3569,160.69168305397034
3570,160.7719910144806
3571,159.58102941513062
3572,162.95623779296875
3573,162.61956429481506
3574,159.85157179832458
3575,159.2702476978302
3576,158.67962002754211
3577,158.86767983436584
3578,158.68480682373047
3579,159.42315912246704
3580,157.15714740753174
3581,159.81761479377747
3582,159.20477485656738
3583,165.54910278320312
3584,161.00732469558716
3585,159.0283179283142
3586,157.4635455608368
3587,159.69856905937195
3588,161.11903548240662
3589,161.62344598770142
3590,159.5184645652771
3591,158.4611372947693
3592,159.4240324497223
3593,157.4457972049713
3594,158.62947058677673
3595,158.8189766407013
3596,159.89259672164917
3597,158.99607944488525
3598,159.79194521903992
3599,161.4576313495636
3600,160.1827335357666
3601,159.90322256088257
3602,161.84850025177002
3603,160.08396577835083
3604,160.8653564453125
3605,160.01690244674683
3606,159.17452836036682
3607,159.81034660339355
3608,160.61033511161804
3609,161.19395112991333
3610,160.22347593307495
3611,160.95582461357117
3612,160.09341168403625
3613,159.57968544960022
3614,159.93410515785217
3615,159.54683089256287
3616,158.33437967300415
3617,158.4304757118225
3618,159.41339349746704
3619,159.87022948265076
3620,159.70272564888
3621,159.9601547718048
3622,159.1665256023407
3623,159.52174139022827
3624,161.72835087776184
3625,160.2279613018036
3626,159.54771518707275
3627,158.67656898498535
3628,158.61476707458496
3629,159.06676650047302
3630,159.96781659126282
3631,159.49704098701477
3632,166.05381226539612
3633,158.8868007659912
3634,157.87789702415466
3635,158.44393968582153
3636,157.33209657669067
3637,159.93205380439758
3638,160.04172205924988
3639,159.1861047744751
3640,159.79314851760864
3641,161.6016285419464
3642,161.13969540596008
3643,160.7775547504425
3644,159.37900567054749
3645,159.18368411064148
3646,160.4326570034027
3647,159.70875906944275
3648,158.12947249412537
3649,159.87440872192383
3650,162.23160243034363
3651,161.74941062927246
3652,157.19317817687988
3653,159.4029939174652
3654,160.1384768486023
3655,159.80713033676147
3656,162.08545684814453
3657,160.98303055763245
3658,160.49096369743347
3659,159.0274658203125
3660,156.90894079208374
3661,158.23832035064697
3662,159.4707567691803
3663,157.88327622413635
3664,159.66817617416382
3665,159.1629922389984
3666,161.00966835021973
3667,162.85892939567566
3668,160.98040127754211
3669,162.14590907096863
3670,161.95496773719788
3671,159.21938014030457
3672,157.16092586517334
3673,155.9200792312622
3674,157.96948885917664
3675,159.00750517845154
3676,160.882084608078
3677,160.69911360740662
3678,160.40529251098633
3679,161.1268036365509
3680,160.90224432945251
3681,168.61527824401855
3682,158.2464907169342
3683,157.59425854682922
3684,156.5359034538269
3685,154.34664297103882
3686,154.481449842453
3687,177.0692903995514
3688,158.623765707016
3689,161.12057399749756
3690,165.24399304389954
3691,164.26975440979004
3692,163.43384170532227
3693,161.442462682724
3694,158.97210216522217
3695,157.49584770202637
3696,158.2161316871643
3697,157.0431776046753
3698,155.85911417007446
3699,158.5581111907959
3700,158.9668927192688
3701,160.14868640899658
3702,161.82734990119934
3703,164.08963251113892
3704,160.99525117874146
3705,159.00265288352966
3706,158.78724932670593
3707,156.07935762405396
3708,156.56007504463196
3709,159.39379262924194
3710,159.38171768188477
3711,161.42141771316528
3712,161.94606852531433
3713,161.71970319747925
3714,163.20068359375
3715,160.9987711906433
3716,159.5923833847046
3717,157.49311184883118
3718,157.4799451828003
3719,155.7275242805481
3720,156.02742171287537
3721,157.52758145332336
3722,159.67376947402954
3723,161.09401202201843
3724,162.30124950408936
3725,162.1311550140381
3726,159.73779678344727
3727,160.85470294952393
3728,159.02573704719543
3729,158.6307327747345
3730,157.8485631942749
3731,155.6119270324707
3732,160.65819764137268
3733,158.65693283081055
3734,159.21071553230286
3735,160.54825258255005
3736,160.4893901348114
3737,157.72645616531372
3738,159.74733448028564
3739,158.93421626091003
3740,158.19325828552246
3741,159.11910152435303
3742,159.71426844596863
3743,160.84093713760376
3744,159.5559356212616
3745,159.62693047523499
3746,161.108580827713
3747,159.3046474456787
3748,158.5587236881256
3749,160.70057201385498
3750,157.96280169487
3751,160.62374353408813
3752,159.3544044494629
3753,159.8547067642212
3754,159.0746250152588
3755,157.6279740333557
3756,158.9043562412262
3757,157.82933020591736
3758,158.2537841796875
3759,156.94784283638
3760,160.88535022735596
3761,159.21453833580017
3762,160.31782984733582
3763,158.06131076812744
3764,160.57203340530396
3765,159.37996172904968
3766,160.49710369110107
3767,161.51578330993652
3768,162.3804841041565
3769,159.21268892288208
3770,158.20583319664001
3771,156.2896122932434
3772,161.55937314033508
3773,160.58679795265198
3774,159.17754936218262
3775,159.4264576435089
3776,159.578857421875
3777,159.66081762313843
3778,158.7353160381317
3779,158.8599727153778
3780,159.71258664131165
3781,159.8542935848236
3782,164.1913206577301
3783,158.20743227005005
3784,157.82652926445007
3785,155.6278417110443
3786,158.68148016929626
3787,157.81420731544495
3788,157.4074056148529
3789,159.6280541419983
3790,161.26243782043457
3791,160.34143590927124
3792,158.1459665298462
3793,160.0925374031067
3794,159.48054575920105
3795,159.10015225410461
3796,157.5294816493988
3797,158.78692317008972
3798,159.74022579193115
3799,159.99375772476196
3800,162.36278104782104
3801,158.84120202064514
3802,157.7055904865265
3803,159.48857140541077
3804,158.50537538528442
3805,157.50205373764038
3806,161.76404213905334
3807,160.97711753845215
3808,159.98960399627686
3809,159.8868145942688
3810,159.84638667106628
3811,158.41453790664673
3812,160.06578660011292
3813,159.43519401550293
3814,159.6518428325653
3815,154.4458463191986
3816,154.11664080619812
3817,178.71678233146667
3818,159.15673875808716
3819,160.11756944656372
3820,161.47438406944275
3821,159.32727718353271
3822,161.26443719863892
3823,163.76197147369385
3824,161.87073683738708
3825,160.41075944900513
3826,158.06809544563293
3827,157.87269067764282
3828,157.94500923156738
3829,156.79931950569153
3830,158.98044991493225
3831,156.7366487979889
3832,165.8250036239624
3833,159.19293975830078
3834,158.0521159172058
3835,159.74036598205566
3836,160.24575877189636
3837,157.92034673690796
3838,159.41376042366028
3839,155.66549396514893
3840,157.681006193161
3841,159.33729934692383
3842,159.41734743118286
3843,160.42498254776
3844,161.8330180644989
3845,161.2857265472412
3846,160.5720624923706
3847,160.6892375946045
3848,158.83185482025146
3849,159.00399231910706
3850,156.60227394104004
3851,158.90871143341064
3852,158.23494958877563
3853,160.62694096565247
3854,157.62746930122375
3855,159.44265365600586
3856,160.2062690258026
3857,160.62278771400452
3858,159.30059385299683
3859,160.04108715057373
3860,158.77202773094177
3861,156.2927384376526
3862,157.28084135055542
3863,160.34789896011353
3864,158.0680456161499
3865,159.09170627593994
3866,161.25999450683594
3867,159.7799952030182
3868,160.67213416099548
3869,160.36403465270996
3870,159.41389274597168
3871,160.43390154838562
3872,155.9700858592987
3873,156.78754663467407
3874,161.27248120307922
3875,161.91803693771362
3876,159.8917109966278
3877,161.1810028553009
3878,161.32724237442017
3879,160.55588126182556
3880,156.7565619945526
3881,157.30583477020264
3882,163.7233488559723
3883,158.28915882110596
3884,155.88023042678833
3885,155.7633035182953
3886,158.18553614616394
3887,159.53380465507507
3888,161.92764163017273
3889,162.0608615875244
3890,161.7736358642578
3891,162.62802124023438
3892,161.73286318778992
3893,161.6574079990387
3894,161.30540418624878
3895,159.0352578163147
3896,158.0614378452301
3897,157.84576773643494
3898,156.83603191375732
3899,155.9800159931183
3900,157.70584917068481
3901,157.8077278137207
3902,160.16808772087097
3903,162.02901935577393
3904,160.8080232143402
3905,163.258451461792
3906,161.46924829483032
3907,161.16928601264954
3908,160.84265613555908
3909,159.1054711341858
3910,159.48179841041565
3911,160.71584272384644
3912,159.43806076049805
3913,158.79528141021729
3914,158.55804657936096
3915,159.0496120452881
3916,163.52966904640198
3917,161.6766276359558
3918,162.16860961914062
3919,160.73274326324463
3920,159.21857976913452
3921,161.0915310382843
3922,157.74908757209778
3923,159.00111985206604
3924,155.9965217113495
3925,159.8660786151886
3926,158.23176956176758
3927,159.5743989944458
3928,158.84496569633484
3929,159.23260521888733
3930,157.12471675872803
3931,157.01388788223267
3932,158.5228133201599
3933,156.66864132881165
3934,164.50505447387695
3935,160.24898147583008
3936,160.59638261795044
3937,159.46388602256775
3938,159.30682921409607
3939,160.19768381118774
3940,157.2223560810089
3941,157.3864860534668
3942,158.39061737060547
3943,158.7496635913849
3944,158.81129240989685
3945,155.00471925735474
3946,153.3515956401825
3947,179.24859476089478
3948,162.34751319885254
3949,162.1485607624054
3950,162.36565446853638
3951,159.7952754497528
3952,158.95852088928223
3953,158.01971697807312
3954,157.7813844680786
3955,157.20745587348938
3956,157.21277618408203
3957,159.89260816574097
3958,157.33599829673767
3959,160.03892397880554
3960,160.11298727989197
3961,158.35177993774414
3962,159.44395327568054
3963,160.26729226112366
3964,156.26538825035095
3965,158.6208634376526
3966,157.0088028907776
3967,160.9940755367279
3968,160.98820972442627
3969,159.77338004112244
3970,162.6068696975708
3971,165.82469248771667
3972,165.53578186035156
3973,163.4972631931305
3974,159.6382999420166
3975,159.4424066543579
3976,157.77140760421753
3977,154.6372194290161
3978,158.4976897239685
3979,157.44386982917786
3980,157.2959280014038
3981,157.67341661453247
3982,156.67036938667297
3983,158.3768651485443
3984,157.9259660243988
3985,159.41328763961792
3986,159.83509612083435
3987,159.81550335884094
3988,162.1803159713745
3989,167.27602577209473
3990,160.36455392837524
3991,159.6143181324005
3992,158.4150631427765
3993,157.62232661247253
3994,162.32252669334412
3995,159.12470817565918
3996,160.26051568984985
3997,159.4752175807953
3998,160.27728414535522
3999,160.42680478096008
4000,161.8264617919922
4001,162.9236147403717
4002,161.7413718700409
4003,158.76165580749512
4004,161.69336581230164
4005,159.63631319999695
4006,158.5738241672516
4007,158.23641180992126
4008,158.03014469146729
4009,159.19188499450684
4010,160.39262056350708
4011,156.97558736801147
4012,160.48984551429749
4013,160.93346571922302
4014,163.52861332893372
4015,160.59821319580078
4016,162.46256518363953
4017,161.34683418273926
4018,159.81890726089478
4019,159.61636400222778
4020,161.481271982193
4021,159.91912579536438
4022,159.5722532272339
4023,158.06604027748108
4024,160.14149928092957
4025,162.56788802146912
4026,160.30429339408875
4027,158.5429711341858
4028,159.7027199268341
4029,158.40993118286133
4030,160.42158317565918
4031,160.65506649017334
4032,162.0832703113556
4033,161.68225049972534
4034,161.86623859405518
4035,160.15925979614258
4036,159.74346494674683
4037,158.60632371902466
4038,157.56813740730286
4039,159.39034485816956
4040,158.06515669822693
4041,159.97690057754517
4042,161.77874302864075
4043,161.67391872406006
4044,162.7472951412201
4045,166.49908685684204
4046,160.90024304389954
4047,158.19005823135376
4048,158.13161492347717
4049,156.2788953781128
4050,155.5840768814087
4051,158.8170759677887
4052,160.08526134490967
4053,161.54506087303162
4054,162.1053605079651
4055,161.5923798084259
4056,159.37658882141113
4057,159.99816751480103
4058,161.57087540626526
4059,159.64700436592102
4060,159.20910739898682
4061,158.40089654922485
4062,160.56657147407532
4063,159.61119413375854
4064,159.24611830711365
4065,158.79934430122375
4066,159.3838460445404
4067,158.83972811698914
4068,160.0262532234192
4069,160.7094476222992
4070,161.27823901176453
4071,157.47445702552795
4072,159.78372049331665
4073,158.43836784362793
4074,159.53852486610413
4075,155.3140950202942
4076,154.26121830940247
4077,183.2935426235199
4078,165.81387877464294
4079,165.58742904663086
4080,163.69590592384338
4081,164.69218349456787
4082,164.56768226623535
4083,163.15686082839966
4084,162.57664394378662
4085,160.82113528251648
4086,161.89751291275024
4087,162.73395943641663
4088,161.10776782035828
4089,159.70102882385254
4090,160.0679531097412
4091,160.79221439361572
4092,159.01859498023987
4093,158.6960985660553
4094,158.65352201461792
4095,158.16768097877502
4096,159.5915150642395
4097,160.03349041938782
4098,159.99622678756714
4099,160.8583905696869
4100,162.0266764163971
4101,162.40205550193787
4102,158.02192401885986
4103,165.62077236175537
4104,158.47035312652588
4105,158.89034152030945
4106,157.83353066444397
4107,159.76150393486023
4108,159.85754776000977
4109,160.13642239570618
4110,159.68643474578857
4111,159.3649182319641
4112,161.05499482154846
4113,158.7660195827484
4114,158.8843812942505
4115,160.01107144355774
4116,160.16613245010376
4117,159.07666873931885
4118,158.51694107055664
4119,159.3281524181366
4120,158.63815808296204
4121,159.16532802581787
4122,161.17101168632507
4123,158.34840393066406
4124,161.15378522872925
4125,162.81388568878174
4126,160.68099427223206
4127,160.66303849220276
4128,161.54319262504578
4129,159.44518542289734
4130,158.1051013469696
4131,158.88112425804138
4132,163.65569853782654
4133,162.0151493549347
4134,160.80045318603516
4135,161.53394150733948
4136,159.90866804122925
4137,157.31384754180908
4138,157.21201515197754
4139,155.873108625412
4140,155.46625971794128
4141,159.34787368774414
4142,158.82100319862366
4143,161.99897456169128
4144,161.84745717048645
4145,163.29898190498352
4146,160.66626858711243
4147,161.6379382610321
4148,163.00199794769287
4149,162.95227456092834
4150,163.85437989234924
4151,161.2669587135315
4152,159.66164541244507
4153,160.88759589195251
4154,159.22445678710938
4155,158.5115647315979
4156,157.25419855117798
4157,157.62356901168823
4158,160.5420560836792
4159,160.05475306510925
4160,160.36772179603577
4161,167.50284099578857
4162,159.59937453269958
4163,157.06992292404175
4164,159.92288780212402
4165,157.0194058418274
4166,158.27745079994202
4167,159.16603684425354
4168,160.51727652549744
4169,161.71148824691772
4170,159.32683610916138
4171,161.33078169822693
4172,161.55131793022156
4173,158.34350109100342
4174,161.22741651535034
4175,157.7326958179474
4176,161.22285628318787
4177,161.18876433372498
4178,162.8462016582489
4179,161.6634771823883
4180,161.5411446094513
4181,160.20963144302368
4182,161.5512716770172
4183,159.95696449279785
4184,164.03889799118042
4185,160.88151597976685
4186,161.35934042930603
4187,160.9876892566681
4188,159.07236671447754
4189,159.27101016044617
4190,158.81203627586365
4191,158.85877537727356
4192,161.42077541351318
4193,157.4001064300537
4194,158.87926697731018
4195,159.07582068443298
4196,159.605322599411
4197,160.27797389030457
4198,160.3878366947174
4199,162.5073583126068
4200,161.8689215183258
4201,164.6616654396057
4202,162.19646286964417
4203,163.8816044330597
4204,156.88344836235046
4205,159.4837191104889
4206,182.96002912521362
4207,167.08610153198242
4208,165.92505502700806
4209,166.13315963745117
4210,164.10220885276794
4211,162.69069123268127
4212,160.82781767845154
4213,159.02150678634644
4214,157.99704909324646
4215,156.96222138404846
4216,158.35966563224792
4217,157.40284180641174
4218,163.79024958610535
4219,158.57395005226135
4220,159.8051986694336
4221,160.56646537780762
4222,160.09766793251038
4223,159.35742735862732
4224,159.99495768547058
4225,157.91668891906738
4226,157.10924744606018
4227,160.09765362739563
4228,157.3764636516571
4229,161.6460838317871
4230,161.71127796173096
4231,164.09490251541138
4232,164.65838956832886
4233,164.62110567092896
4234,166.35307097434998
4235,166.34641671180725
4236,167.14382195472717
4237,165.68334436416626
4238,167.05958771705627
4239,169.08787989616394
4240,168.73057770729065
4241,169.64971089363098
4242,169.37119507789612
4243,170.24789595603943
4244,167.88608169555664
4245,168.02999138832092
4246,163.32469129562378
4247,159.01719093322754
4248,155.45838975906372
4249,153.3359489440918
4250,151.86589312553406
4251,157.11357164382935
4252,161.03431963920593
4253,164.13438391685486
4254,169.55750703811646
4255,169.50803112983704
4256,172.3636953830719
4257,168.13134050369263
4258,171.56058597564697
4259,168.91047739982605
4260,165.2437219619751
4261,164.05873584747314
4262,160.05788254737854
4263,157.96193981170654
4264,156.21130800247192
4265,153.01183485984802
4266,153.9577419757843
4267,157.37710332870483
4268,159.56623315811157
4269,159.67732095718384
4270,162.31414198875427
4271,162.7442021369934
4272,162.85032987594604
4273,163.38029146194458
4274,161.38239002227783
4275,161.2349350452423
4276,165.34553265571594
4277,155.60198426246643
4278,154.56583166122437
4279,157.92571473121643
4280,157.3165409564972
4281,160.2796356678009
4282,160.05069136619568
4283,161.17819213867188
4284,164.56095719337463
4285,166.5872552394867
4286,164.90598058700562
4287,164.01279854774475
4288,164.92349648475647
4289,161.77709984779358
4290,163.98201966285706
4291,169.12676858901978
4292,165.9992859363556
4293,164.4167776107788
4294,162.80138683319092
4295,159.89029741287231
4296,156.77597832679749
4297,153.6882197856903
4298,152.36795043945312
4299,154.5986933708191
4300,157.14935612678528
4301,161.04906582832336
4302,163.38458037376404
4303,167.56392574310303
4304,169.4905560016632
4305,171.50697708129883
4306,171.2068145275116
4307,168.92553544044495
4308,166.93096280097961
4309,166.32134199142456
4310,162.67091155052185
4311,158.73703455924988
4312,154.91406917572021
4313,154.1741828918457
4314,154.96669697761536
4315,157.66254544258118
4316,159.1546666622162
4317,160.8688895702362
4318,165.15275645256042
4319,167.54673528671265
4320,165.7914719581604
4321,165.87066960334778
4322,163.59449672698975
4323,162.49349761009216
4324,158.989972114563
4325,156.9359586238861
4326,154.61261868476868
4327,155.5554554462433
4328,157.17873167991638
4329,155.73372197151184
4330,158.8972179889679
4331,161.7233214378357
4332,163.7403745651245
4333,163.67075324058533
4334,168.70891952514648
4335,165.73582434654236
4336,188.0038640499115
4337,158.61664390563965
4338,161.20995450019836
4339,161.12286758422852
4340,160.28686094284058
4341,162.5656292438507
4342,160.2037534713745
4343,159.41133666038513
4344,159.38145089149475
4345,157.6932349205017
4346,160.61714601516724
4347,158.1122591495514
4348,160.69564986228943
4349,164.2063491344452
4350,161.1306607723236
4351,160.79296588897705
4352,159.90241026878357
4353,161.24657011032104
4354,161.42200088500977
4355,161.74079084396362
4356,161.73736429214478
4357,162.6582214832306
4358,162.86034607887268
4359,159.19990730285645
4360,159.73995566368103
4361,160.49668955802917
4362,159.86380052566528
4363,160.81938982009888
4364,159.3530352115631
4365,158.1902894973755
4366,159.40086889266968
4367,160.53366374969482
4368,160.33667588233948
4369,161.25016474723816
4370,159.43011331558228
4371,164.19022583961487
4372,161.98311114311218
4373,160.86557292938232
4374,160.05725479125977
4375,159.15265345573425
4376,158.23922204971313
4377,159.98460984230042
4378,158.6527659893036
4379,159.59270453453064
4380,158.9781436920166
4381,161.55412530899048
4382,160.84054136276245
4383,160.2304105758667
4384,166.26075196266174
4385,163.71895670890808
4386,166.21816396713257
4387,166.08972191810608
4388,166.29178547859192
4389,167.95075106620789
4390,166.2366292476654
4391,163.497412443161
4392,163.85905742645264
4393,158.65609884262085
4394,154.10996627807617
4395,150.9021806716919
4396,153.82499933242798
4397,155.8406205177307
4398,160.77542805671692
4399,165.01638412475586
4400,167.11394238471985
4401,170.51756262779236
4402,172.33787989616394
4403,171.5314004421234
4404,170.4560523033142
4405,168.94232177734375
4406,168.7503707408905
4407,164.42017221450806
4408,163.09570503234863
4409,161.94223427772522
4410,156.78062224388123
4411,155.81229281425476
4412,155.65029382705688
4413,155.65891766548157
4414,155.15223670005798
4415,159.6836061477661
4416,160.0819582939148
4417,164.18101930618286
4418,162.7768497467041
4419,166.79558873176575
4420,164.7971315383911
4421,168.26744961738586
4422,164.8559947013855
4423,165.44667720794678
4424,162.20272636413574
4425,159.20454335212708
4426,158.5702440738678
4427,158.04600477218628
4428,157.03123450279236
4429,157.01595616340637
4430,157.75771617889404
4431,160.48534488677979
4432,159.48732614517212
4433,162.68336629867554
4434,164.59984421730042
4435,163.52945184707642
4436,165.18222761154175
4437,163.75083661079407
4438,162.54462456703186
4439,162.99331307411194
4440,163.68325400352478
4441,161.87457132339478
4442,160.596843957901
4443,158.87025666236877
4444,159.3922884464264
4445,157.58706140518188
4446,157.5243637561798
4447,156.49738216400146
4448,158.75485014915466
4449,165.77754473686218
4450,157.3946099281311
4451,158.8578794002533
4452,159.61660027503967
4453,161.46979093551636
4454,163.09230828285217
4455,162.81916189193726
4456,159.35964512825012
4457,159.77517867088318
4458,157.76382613182068
4459,158.19092392921448
4460,157.5569167137146
4461,159.81702971458435
4462,159.80522179603577
4463,161.77744436264038
4464,162.46596908569336
4465,159.71255087852478
4466,177.40707397460938
4467,158.2506890296936
4468,159.8380937576294
4469,157.03464579582214
4470,156.77562260627747
4471,159.67057013511658
4472,161.56624221801758
4473,160.34281039237976
4474,161.6133210659027
4475,163.11995601654053
4476,162.6894769668579
4477,162.61221170425415
4478,161.14101767539978
4479,160.83003306388855
4480,159.9121356010437
4481,159.64736819267273
4482,156.85982632637024
4483,160.18300771713257
4484,160.48662757873535
4485,158.4048557281494
4486,160.23516964912415
4487,157.88804650306702
4488,159.82642793655396
4489,160.78794479370117
4490,161.08658504486084
4491,162.1180477142334
4492,161.52072930335999
4493,161.62595677375793
4494,162.31126618385315
4495,161.0652027130127
4496,160.80239272117615
4497,159.846599817276
4498,157.65285515785217
4499,157.9398181438446
4500,156.2016270160675
4501,156.43126511573792
4502,158.9666028022766
4503,159.58417987823486
4504,163.429847240448
4505,160.59052515029907
4506,160.49840712547302
4507,163.71013045310974
4508,168.14083671569824
4509,161.4783411026001
4510,160.16870880126953
4511,157.91544151306152
4512,155.07229948043823
4513,155.35915160179138
4514,156.6554880142212
4515,158.00063920021057
4516,159.311589717865
4517,160.39019131660461
4518,160.8052909374237
4519,164.11104154586792
4520,166.22137761116028
4521,165.02847003936768
4522,162.60986351966858
4523,160.39555835723877
4524,160.8507571220398
4525,159.53393626213074
4526,159.37282037734985
4527,159.500230550766
4528,160.07023930549622
4529,158.5024209022522
4530,158.81670093536377
4531,158.712872505188
4532,159.64375615119934
4533,159.0809051990509
4534,159.7838900089264
4535,158.50168251991272
4536,160.15578079223633
4537,160.65361499786377
4538,161.3258821964264
4539,159.9586844444275
4540,156.0450530052185
4541,159.60691690444946
4542,158.80684304237366
4543,160.49311113357544
4544,160.68718647956848
4545,162.49907183647156
4546,162.18511700630188
4547,159.01084780693054
4548,158.04101490974426
4549,156.92169713974
4550,159.89247369766235
4551,158.4429430961609
4552,159.04505062103271
4553,159.77618217468262
4554,161.15629386901855
4555,160.85018491744995
4556,161.19597911834717
4557,158.43239617347717
4558,162.14555048942566
4559,161.22371244430542
4560,160.83886694908142
4561,162.1530797481537
4562,161.05336952209473
4563,158.67037773132324
4564,158.9431803226471
4565,160.17729449272156
4566,163.64846754074097
4567,156.74674677848816
4568,159.0283124446869
4569,158.36319541931152
4570,157.29717826843262
4571,157.92231941223145
4572,159.52404856681824
4573,160.3528094291687
4574,159.11055302619934
4575,160.89098834991455
4576,162.03124117851257
4577,162.20697259902954
4578,158.84218215942383
4579,160.3580825328827
4580,160.34748363494873
4581,157.66728568077087
4582,159.69636368751526
4583,159.91604733467102
4584,157.6082444190979
4585,158.04146599769592
4586,161.22956132888794
4587,161.2276201248169
4588,160.7479636669159
4589,160.26749753952026
4590,158.6136450767517
4591,159.47902250289917
4592,158.9586033821106
4593,157.71203064918518
4594,159.0734360218048
4595,160.18572735786438
4596,178.77775764465332
4597,156.46076703071594
4598,158.34554767608643
4599,156.57822155952454
4600,159.4459228515625
4601,162.40630912780762
4602,161.47908091545105
4603,162.6682572364807
4604,161.5553424358368
4605,157.17646408081055
4606,159.2977442741394
4607,158.2137269973755
4608,158.94557118415833
4609,160.90541625022888
4610,159.58176064491272
4611,161.38621377944946
4612,162.7359175682068
4613,159.7887053489685
4614,161.02850151062012
4615,158.8928349018097
4616,160.89195013046265
4617,160.58603191375732
4618,159.09607934951782
4619,159.6131947040558
4620,160.65735864639282
4621,160.52920246124268
4622,159.0383312702179
4623,159.10540056228638
4624,165.80121684074402
4625,160.86721539497375
4626,160.5539209842682
4627,161.0916075706482
4628,161.409166097641
4629,159.27510738372803
4630,159.98460125923157
4631,157.76792097091675
4632,157.23096418380737
4633,159.70337557792664
4634,161.58153009414673
4635,162.4753406047821
4636,160.75744318962097
4637,159.95201444625854
4638,158.8036289215088
4639,159.85941314697266
4640,160.87100553512573
4641,161.29343438148499
4642,161.26198172569275
4643,161.58799076080322
4644,160.90616726875305
4645,156.88649988174438
4646,159.98107886314392
4647,159.51422357559204
4648,159.69368886947632
4649,160.11193895339966
4650,160.02981519699097
4651,161.2535538673401
4652,162.0040442943573
4653,162.6286346912384
4654,159.8536777496338
4655,162.6372585296631
4656,159.7018744945526
4657,159.29940819740295
4658,157.32506585121155
4659,156.62959909439087
4660,160.176438331604
4661,159.77904176712036
4662,160.0515275001526
4663,157.78836011886597
4664,159.8765001296997
4665,162.2136254310608
4666,163.8076686859131
4667,161.87012934684753
4668,160.7089867591858
4669,160.52817630767822
4670,159.01982951164246
4671,158.14590215682983
4672,160.53129887580872
4673,158.3767511844635
4674,159.95879912376404
4675,159.773996591568
4676,160.08008646965027
4677,159.90299272537231
4678,160.19756960868835
4679,162.45569467544556
4680,159.0053198337555
4681,165.2673258781433
4682,157.3604598045349
4683,157.3016800880432
4684,155.86894249916077
4685,156.62163281440735
4686,159.8712821006775
4687,161.939528465271
4688,162.41182923316956
4689,161.1711094379425
4690,163.9734709262848
4691,158.92122864723206
4692,158.3795964717865
4693,160.4656639099121
4694,158.52063393592834
4695,159.60215640068054
4696,159.1054618358612
4697,159.71522068977356
4698,159.74262118339539
4699,159.4840726852417
4700,160.55698609352112
4701,160.880042552948
4702,160.0354516506195
4703,161.69289922714233
4704,158.66618394851685
4705,161.63161611557007
4706,158.7258973121643
4707,159.41136479377747
4708,160.4709768295288
4709,159.32190680503845
4710,156.89121460914612
4711,157.27115082740784
4712,159.5553195476532
4713,161.39536499977112
4714,161.56241703033447
4715,161.19371461868286
4716,161.1975612640381
4717,158.6221354007721
4718,159.38451194763184
4719,160.06710171699524
4720,160.1886854171753
4721,159.73676085472107
4722,159.65039086341858
4723,162.03966546058655
4724,159.68797326087952
4725,158.55422043800354
4726,175.5028200149536
4727,155.1783001422882
4728,156.17461967468262
4729,156.81660914421082
4730,159.90688347816467
4731,161.05540442466736
4732,160.5653269290924
4733,160.56985592842102
4734,162.99846482276917
4735,164.08925199508667
4736,165.21010756492615
4737,162.58998084068298
4738,165.9196262359619
4739,163.81000399589539
4740,172.8031313419342
4741,167.1507523059845
4742,165.91796731948853
4743,164.99373054504395
4744,164.61917638778687
4745,167.09500932693481
4746,166.37607192993164
4747,167.07745671272278
4748,166.25858807563782
4749,165.81654143333435
4750,165.58991289138794
4751,164.12399244308472
4752,160.54587697982788
4753,162.48842692375183
4754,160.56497192382812
4755,159.79528641700745
4756,156.2018961906433
4757,156.48221135139465
4758,157.5417182445526
4759,156.22492218017578
4760,158.0466206073761
4761,159.96709609031677
4762,160.37285351753235
4763,162.91082906723022
4764,161.40277099609375
4765,163.0029797554016
4766,160.59391069412231
4767,160.32802319526672
4768,159.91640973091125
4769,158.69080877304077
4770,161.29293155670166
4771,158.92399525642395
4772,159.2743947505951
4773,158.24522376060486
4774,159.85091280937195
4775,159.00505113601685
4776,158.00494194030762
4777,160.5500729084015
4778,161.45274448394775
4779,161.50727248191833
4780,162.16979336738586
4781,160.03284001350403
4782,160.3953948020935
4783,158.05139183998108
4784,158.02730774879456
4785,157.86407661437988
4786,159.78525686264038
4787,160.44224286079407
4788,159.25972175598145
4789,160.96352291107178
4790,161.51251363754272
4791,160.3675012588501
4792,160.35479283332825
4793,158.76687240600586
4794,159.52926754951477
4795,159.95727729797363
4796,160.01641035079956
4797,164.08213806152344
4798,157.1571810245514
4799,158.7764377593994
4800,158.3401279449463
4801,160.98238587379456
4802,159.6184685230255
4803,159.5226879119873
4804,160.70852136611938
4805,158.10125851631165
4806,161.19328808784485
4807,160.59300780296326
4808,164.59301781654358
4809,165.26018261909485
4810,162.95823097229004
4811,161.9316656589508
4812,159.82070970535278
4813,157.18628239631653
4814,157.44892525672913
4815,157.960125207901
4816,159.95257329940796
4817,158.19720649719238
4818,157.85292196273804
4819,159.343514919281
4820,159.9724678993225
4821,159.26090550422668
4822,159.45843172073364
4823,164.86461114883423
4824,164.6383900642395
4825,165.00083327293396
4826,164.66496872901917
4827,163.31453847885132
4828,160.75971102714539
4829,159.02569913864136
4830,157.98743867874146
4831,159.33433270454407
4832,156.3421630859375
4833,158.5146505832672
4834,158.31533312797546
4835,160.30032420158386
4836,161.404114484787
4837,160.4552583694458
4838,161.18100595474243
4839,159.32697772979736
4840,160.7521777153015
4841,158.14374780654907
4842,158.76147603988647
4843,160.1462059020996
4844,160.58180236816406
4845,158.83077311515808
4846,159.84748125076294
4847,159.37932085990906
4848,158.10255336761475
4849,160.17411422729492
4850,159.7512171268463
4851,159.92555022239685
4852,159.31505298614502
4853,160.23152208328247
4854,160.68617749214172
4855,164.73567080497742
4856,178.96317887306213
4857,157.62924671173096
4858,152.93450355529785
4859,156.51018357276917
4860,159.72183442115784
4861,160.14447927474976
4862,160.98419785499573
4863,161.50048995018005
4864,160.97630310058594
4865,158.7813584804535
4866,156.68869471549988
4867,157.65427589416504
4868,159.53049230575562
4869,159.17660546302795
4870,163.22078919410706
4871,161.23330640792847
4872,162.1202609539032
4873,161.26457691192627
4874,158.9660243988037
4875,160.70225167274475
4876,158.8880090713501
4877,159.6653769016266
4878,159.6784052848816
4879,159.2641360759735
4880,157.64516282081604
4881,157.5803005695343
4882,157.75364542007446
4883,161.25892615318298
4884,158.5721378326416
4885,160.01577067375183
4886,160.4263722896576
4887,159.4764108657837
4888,161.1507329940796
4889,161.31510663032532
4890,161.14631462097168
4891,159.97259092330933
4892,159.19748067855835
4893,158.86075115203857
4894,159.63431334495544
4895,158.80757093429565
4896,158.92606210708618
4897,160.65327525138855
4898,159.2261140346527
4899,159.8877387046814
4900,158.74360871315002
4901,160.3842318058014
4902,158.9431722164154
4903,161.0655746459961
4904,160.0345869064331
4905,158.6307713985443
4906,159.31277632713318
4907,157.8782331943512
4908,160.04733204841614
4909,160.5740203857422
4910,162.3519163131714
4911,158.2753553390503
4912,160.02026343345642
4913,166.29951524734497
4914,160.06844973564148
4915,158.989399433136
4916,158.9820795059204
4917,157.9460301399231
4918,158.61032056808472
4919,159.94163179397583
4920,162.6636872291565
4921,162.10552668571472
4922,161.3093602657318
4923,160.37078428268433
4924,158.2214469909668
4925,159.29592752456665
4926,158.03935146331787
4927,158.18259048461914
4928,159.81149816513062
4929,161.51677227020264
4930,160.3185591697693
4931,159.44715571403503
4932,160.76316618919373
4933,160.6659872531891
4934,157.54613184928894
4935,160.67713737487793
4936,159.11367988586426
4937,160.92543864250183
4938,161.3437042236328
4939,162.1884377002716
4940,159.76597237586975
4941,159.84451961517334
4942,159.27509140968323
4943,161.1336534023285
4944,159.27831363677979
4945,160.63775491714478
4946,161.32549262046814
4947,160.44052934646606
4948,159.46048617362976
4949,160.0582206249237
4950,159.9008448123932
4951,160.17427372932434
4952,160.77878212928772
4953,160.33029651641846
4954,161.3643856048584
4955,159.497545003891
4956,158.3241286277771
4957,157.77271127700806
4958,159.72709131240845
4959,159.54676723480225
4960,160.32620239257812
4961,161.97487568855286
4962,160.5371708869934
4963,161.77681922912598
4964,163.4233055114746
4965,162.88582801818848
4966,161.10870814323425
4967,160.70402908325195
4968,159.70460605621338
4969,157.624089717865
4970,156.82903170585632
4971,165.86335468292236
4972,157.6578323841095
4973,158.7692255973816
4974,160.37846517562866
4975,158.9040982723236
4976,158.32321786880493
4977,159.96154642105103
4978,161.0698173046112
4979,158.51936531066895
4980,162.44586277008057
4981,160.3488712310791
4982,160.15342903137207
4983,160.01696681976318
4984,158.95024943351746
4985,160.46208262443542
4986,178.45117259025574
4987,158.34297943115234
4988,158.09386897087097
4989,157.64452004432678
4990,159.2815318107605
4991,158.88114476203918
4992,160.59469437599182
4993,158.9493625164032
4994,158.80864000320435
4995,160.33131051063538
4996,160.05566143989563
4997,160.3470275402069
4998,161.6280436515808
4999,160.938702583313
5000,160.99055457115173
5001,158.38335609436035
5002,160.26611471176147
5003,160.59760856628418
5004,156.42642951011658
5005,158.81237411499023
5006,155.93648862838745
5007,158.06955432891846
5008,159.67985153198242
5009,160.5911033153534
5010,161.81127619743347
5011,163.76922607421875
5012,165.9140932559967
5013,164.70240426063538
5014,161.59475684165955
5015,160.87618565559387
5016,160.04430174827576
5017,161.01771569252014
5018,159.9884810447693
5019,157.67444372177124
5020,155.27994751930237
5021,161.13753628730774
5022,159.2861692905426
5023,158.51598453521729
5024,160.08621668815613
