0,6.513513088226318
1,7.819819450378418
2,7.256218910217285
3,6.234636306762695
4,5.591325283050537
5,5.594594478607178
6,5.38826847076416
7,6.434355735778809
8,7.657656669616699
9,10.506985664367676
10,5.6712327003479
11,6.4245805740356445
12,6.4385480880737305
13,7.707762718200684
14,5.952514171600342
15,8.769554138183594
16,5.5754194259643555
17,11.284915924072266
18,5.752487659454346
19,6.575341701507568
20,7.930168151855469
21,5.856144905090332
22,9.589041709899902
23,6.2100443840026855
24,8.656715393066406
25,6.828212738037109
26,8.136871337890625
27,5.5945940017700195
28,6.1885480880737305
29,6.3254194259643555
30,7.4315643310546875
31,6.496575355529785
32,6.803653717041016
33,5.64497709274292
34,7.283581733703613
35,8.72512435913086
36,8.916202545166016
37,11.351953506469727
38,7.508379936218262
39,6.363128662109375
40,7.848257541656494
41,7.353350639343262
42,4.708099842071533
43,6.502282619476318
44,5.968905448913574
45,4.992116451263428
46,9.541898727416992
47,5.463686466217041
48,7.980099678039551
49,6.670391082763672
50,6.995025634765625
51,5.921787738800049
52,7.318436622619629
53,8.376866340637207
54,7.163407802581787
55,7.485360622406006
56,7.842179298400879
57,7.950247764587402
58,4.815642833709717
59,7.677860260009766
60,11.592040061950684
61,7.103351593017578
62,6.5495500564575195
63,8.38805866241455
64,5.588963985443115
65,7.765364170074463
66,6.824023246765137
67,7.171172142028809
68,6.358209133148193
69,5.61073112487793
70,4.636871337890625
71,7.430167198181152
72,5.9329609870910645
73,7.412011623382568
74,8.873872756958008
75,7.731344699859619
76,5.6284918785095215
77,5.76576566696167
78,7.334578037261963
79,6.538557529449463
80,6.698325157165527
81,7.217877388000488
82,5.350224494934082
83,6.8029279708862305
84,10.388266563415527
85,4.915422439575195
86,6.40182638168335
87,7.289414405822754
88,5.350558757781982
89,5.729729175567627
90,5.553072929382324
91,5.917808532714844
92,5.450449466705322
93,10.34703254699707
94,5.441340446472168
95,8.631756782531738
96,6.815643310546875
97,11.240225791931152
98,5.047945499420166
99,5.733240127563477
100,9.083799362182617
101,5.861732482910156
102,6.8365936279296875
103,8.437810897827148
104,9.60195541381836
105,5.577624797821045
106,7.407820701599121
107,6.844972133636475
108,9.11173152923584
109,7.168950080871582
110,6.078211784362793
111,9.657655715942383
112,6.169154167175293
113,9.68150520324707
114,9.687151908874512
115,6.828212738037109
116,7.502488136291504
117,6.748602867126465
118,5.223743438720703
119,6.288557529449463
120,7.005707740783691
121,5.60198974609375
122,5.798881530761719
123,9.6662015914917
124,9.01676082611084
125,5.965089321136475
126,5.909816741943359
127,6.126125812530518
128,4.811643123626709
129,8.639665603637695
130,8.491621017456055
131,5.991292953491211
132,7.363129615783691
133,5.861940383911133
134,6.403631687164307
135,5.323382377624512
136,5.808558464050293
137,6.43575382232666
138,6.234636306762695
139,4.720721244812012
140,4.780726432800293
141,6.893855094909668
142,6.734635829925537
143,7.2985076904296875
144,7.279849052429199
145,6.793295860290527
146,7.06704044342041
147,6.541095733642578
148,6.338308334350586
149,6.402235507965088
150,5.779278755187988
151,6.796019554138184
152,7.342342376708984
153,6.9483232498168945
154,6.585585594177246
155,7.296088218688965
156,5.80845832824707
157,10.346370697021484
158,7.121004581451416
159,10.413407325744629
160,5.567567348480225
161,6.863183498382568
162,7.657657623291016
163,8.364524841308594
164,5.52252197265625
165,8.58100700378418
166,8.144278526306152
167,7.452054500579834
168,10.099501609802246
169,9.117319107055664
170,6.567164421081543
171,7.639664649963379
172,6.422297477722168
173,4.730592727661133
174,7.508379936218262
175,5.731843948364258
176,6.34776496887207
177,9.144277572631836
178,7.1891889572143555
179,5.234017848968506
180,6.05721378326416
181,5.990048408508301
182,5.843607425689697
183,6.4902238845825195
184,6.772345542907715
185,8.567567825317383
186,8.612610816955566
187,12.739729881286621
188,4.8333330154418945
189,6.675797939300537
190,4.577113628387451
191,5.514840602874756
192,6.770949363708496
193,6.582402229309082
194,10.504189491271973
195,5.840782642364502
196,5.23423433303833
197,4.323059558868408
198,6.963964939117432
199,4.871508598327637
200,7.7402238845825195
201,7.3296098709106445
202,6.5833330154418945
203,6.32122802734375
204,8.847765922546387
205,7.359589576721191
206,6.899252891540527
207,7.8310041427612305
208,5.91044807434082
209,8.089385032653809
210,7.251396179199219
211,6.503731727600098
212,6.614524841308594
213,6.245810508728027
214,6.405027866363525
215,5.95949649810791
216,7.805971622467041
217,5.657658100128174
218,11.027934074401855
219,5.093283653259277
220,5.5323381423950195
221,6.945273399353027
222,17.98883056640625
223,6.117116928100586
224,7.416665554046631
225,6.748857021331787
226,7.674582481384277
227,5.168949604034424
228,5.585616111755371
229,5.312188625335693
230,9.184357643127441
231,4.905472278594971
232,6.424581050872803
233,6.414414405822754
234,5.501244068145752
235,6.957207679748535
236,6.787161350250244
237,5.441339492797852
238,6.469274044036865
239,7.240222930908203
240,6.101955413818359
241,8.402235984802246
242,6.008379936218262
243,6.029850006103516
244,5.998603343963623
245,6.459458827972412
246,7.8770952224731445
247,7.633561611175537
248,5.144278049468994
249,5.977653503417969
250,8.245810508728027
251,8.010135650634766
252,6.368158340454102
253,6.034909248352051
254,5.615294933319092
255,8.695204734802246
256,5.567350387573242
257,5.473880290985107
258,6.530726432800293
259,8.248757362365723
260,6.748602867126465
261,6.347031116485596
262,6.4678778648376465
263,6.614524841308594
264,5.731342792510986
265,8.379888534545898
266,6.3310065269470215
267,5.753424167633057
268,5.207711219787598
269,6.506983280181885
270,13.652236938476562
271,5.522387981414795
272,5.307262420654297
273,6.391061305999756
274,4.284916877746582
275,6.368714332580566
276,15.815641403198242
277,5.344527244567871
278,11.502793312072754
279,5.6648054122924805
280,6.635475158691406
281,10.646766662597656
282,5.51243782043457
283,6.577115058898926
284,5.434079170227051
285,6.738806247711182
286,6.882680416107178
287,6.9617109298706055
288,9.039106369018555
289,8.636872291564941
290,6.581005096435547
291,5.784826278686523
292,8.57657527923584
293,6.03212308883667
294,6.387387275695801
295,5.898044586181641
296,8.824021339416504
297,5.809360504150391
298,5.751243591308594
299,8.476351737976074
300,11.835618019104004
301,5.966480731964111
302,7.801800727844238
303,8.958904266357422
304,7.399439811706543
305,6.737429618835449
306,9.083802223205566
307,6.737429618835449
308,6.962327480316162
309,7.504504203796387
310,8.713467597961426
311,6.509775638580322
312,4.922374248504639
313,6.368159294128418
314,6.853233337402344
315,7.756756782531738
316,6.727611541748047
317,6.547486305236816
318,5.385134220123291
319,7.530727386474609
320,4.9608941078186035
321,7.950248718261719
322,7.846846580505371
323,7.004975318908691
324,8.326483726501465
325,7.350225925445557
326,5.311452388763428
327,6.146118640899658
328,6.2374420166015625
329,6.259007930755615
330,8.272830963134766
331,4.844527244567871
332,7.865922451019287
333,7.174581050872803
334,5.4726362228393555
335,6.684357643127441
336,7.7659807205200195
337,7.877094268798828
338,6.333798885345459
339,10.900835037231445
340,8.055866241455078
341,5.065920829772949
342,6.557076930999756
343,5.252487659454346
344,8.681565284729004
345,7.145522117614746
346,5.3966474533081055
347,8.055866241455078
348,7.230445861816406
349,6.905029296875
350,5.547296524047852
351,7.41293478012085
352,11.214613914489746
353,6.804469108581543
354,6.61452579498291
355,5.693693161010742
356,8.507881164550781
357,9.108207702636719
358,7.203980445861816
359,9.054054260253906
360,5.910447120666504
361,5.335586071014404
362,8.696516990661621
363,7.79888391494751
364,6.569832801818848
365,4.756756782531738
366,5.109452247619629
367,6.0628485679626465
368,6.585585594177246
369,5.21621561050415
370,6.054052829742432
371,7.014925479888916
372,9.829602241516113
373,5.1531524658203125
374,7.562849521636963
375,8.410614013671875
376,5.552511215209961
377,8.315315246582031
378,8.232586860656738
379,5.664804458618164
380,5.530725479125977
381,7.932959079742432
382,6.485159397125244
383,6.627096652984619
384,9.990050315856934
385,6.547263145446777
386,8.561452865600586
387,5.729050159454346
388,6.189054489135742
389,6.447488307952881
390,6.163287162780762
391,5.5377092361450195
392,9.325419425964355
393,9.800994873046875
394,6.268156051635742
395,10.47625732421875
396,6.234017372131348
397,8.0111722946167
398,6.9589033126831055
399,7.262570858001709
400,6.152027130126953
401,6.58706521987915
402,5.340795993804932
403,4.945945739746094
404,5.9279279708862305
405,5.970149040222168
406,5.363127708435059
407,6.392693519592285
408,5.515981674194336
409,7.315066337585449
410,5.63812780380249
411,11.240221977233887
412,6.6486496925354
413,7.034825325012207
414,6.536313056945801
415,7.731842994689941
416,7.972972869873047
417,7.194029331207275
418,6.0670390129089355
419,7.8547492027282715
420,6.846369743347168
421,6.7882890701293945
422,4.655405044555664
423,6.4504499435424805
424,6.011174201965332
425,6.54842472076416
426,6.969272613525391
427,6.5684919357299805
428,8.600225448608398
429,10.639641761779785
430,7.873873233795166
431,6.614526271820068
432,5.925797462463379
433,6.972067356109619
434,5.830845832824707
435,5.864526271820068
436,7.296090126037598
437,5.698324203491211
438,6.301675796508789
439,7.4726362228393555
440,7.973879814147949
441,6.706467628479004
442,6.543295383453369
443,7.059360504150391
444,7.472067832946777
445,7.117318630218506
446,10.000000953674316
447,5.417597770690918
448,6.8603339195251465
449,9.69154167175293
450,6.987442970275879
451,7.328213691711426
452,4.299751281738281
453,7.7877092361450195
454,7.024874687194824
455,6.513965606689453
456,5.232876300811768
457,8.21648120880127
458,9.4525146484375
459,7.039106845855713
460,6.815919399261475
461,7.586592674255371
462,9.763967514038086
463,8.228856086730957
464,7.9022345542907715
465,7.230855464935303
466,6.675675392150879
467,7.2602739334106445
468,6.448630332946777
469,5.318434715270996
470,7.213686943054199
471,5.743016242980957
472,6.685323238372803
473,5.864864826202393
474,5.988826751708984
475,6.635476112365723
476,7.009007453918457
477,6.6466474533081055
478,7.621888637542725
479,9.304054260253906
480,5.810055732727051
481,7.792792320251465
482,7.268017768859863
483,5.927927494049072
484,7.7117109298706055
485,6.099502086639404
486,5.378994941711426
487,7.250000953674316
488,6.251126289367676
489,9.336593627929688
490,8.539106369018555
491,5.754504680633545
492,7.094527244567871
493,6.12150764465332
494,8.156424522399902
495,6.881285190582275
496,6.441341400146484
497,6.337899208068848
498,6.6038818359375
499,6.136816024780273
500,5.76576566696167
501,10.994413375854492
502,7.305935859680176
503,7.223880767822266
504,7.8109450340271
505,5.349163055419922
506,7.0180158615112305
507,7.2639665603637695
508,5.122146129608154
509,5.696927070617676
510,5.117318630218506
511,5.797262668609619
512,9.552241325378418
513,6.670391082763672
514,6.090089321136475
515,6.425373077392578
516,5.921641826629639
517,4.935323238372803
518,6.357541084289551
519,6.985074043273926
520,8.198630332946777
521,6.554726600646973
522,5.808218479156494
523,7.307262420654297
524,6.65921688079834
525,6.592179775238037
526,8.075870513916016
527,9.519554138183594
528,4.837989330291748
529,5.365991115570068
530,7.586592197418213
531,6.549549102783203
532,6.485074520111084
533,12.968038558959961
534,7.79888391494751
535,10.636869430541992
536,8.270949363708496
537,8.73742961883545
538,10.871508598327637
539,6.1880621910095215
540,6.063927173614502
541,5.424129009246826
542,5.380597114562988
543,5.477476596832275
544,6.719272613525391
545,9.966482162475586
546,6.691340446472168
547,5.561936378479004
548,6.358208179473877
549,6.502793788909912
550,6.513967037200928
551,9.955307006835938
552,7.273743629455566
553,10.398011207580566
554,7.7751145362854
555,5.039953231811523
556,5.691542148590088
557,5.32338285446167
558,5.9553070068359375
559,4.196346759796143
560,4.826816082000732
561,5.611939907073975
562,8.681565284729004
563,5.970149517059326
564,8.08108139038086
565,5.350745677947998
566,7.1508378982543945
567,6.245810031890869
568,6.1466474533081055
569,5.529329776763916
570,10.386873245239258
571,7.530726432800293
572,6.432432651519775
573,5.280725479125977
574,6.6033525466918945
575,7.058659553527832
576,6.081080913543701
577,6.963963508605957
578,6.624302864074707
579,6.0696516036987305
580,7.1137375831604
581,5.607304573059082
582,5.512387275695801
583,9.51598072052002
584,6.703909873962402
585,7.652235507965088
586,5.966480255126953
587,7.929103851318359
588,7.85323429107666
589,5.363183975219727
590,7.385476112365723
591,5.107305526733398
592,6.033519268035889
593,7.305935859680176
594,6.836592674255371
595,6.167910575866699
596,5.92039155960083
597,7.409204006195068
598,7.7877092361450195
599,6.655472755432129
600,6.067039489746094
601,6.8029279708862305
602,11.977652549743652
603,7.483241081237793
604,4.914383411407471
605,5.94972038269043
606,5.489725112915039
607,7.877093315124512
608,5.4525146484375
609,10.36173152923584
610,8.55405330657959
611,7.222067832946777
612,7.422885894775391
613,5.508380889892578
614,5.918917655944824
615,7.35323429107666
616,5.54050350189209
617,15.97765827178955
618,7.145270347595215
619,6.05405330657959
620,6.942566871643066
621,7.484637260437012
622,5.366916179656982
623,7.276536464691162
624,4.986300468444824
625,5.701492786407471
626,6.528536796569824
627,7.570775032043457
628,7.751141548156738
629,6.849161624908447
630,7.044775485992432
631,6.945273399353027
632,6.346368789672852
633,11.592040061950684
634,7.436073303222656
635,5.106145858764648
636,7.100560188293457
637,7.733241081237793
638,5.762570381164551
639,6.6156721115112305
640,8.567566871643066
641,8.525139808654785
642,7.791899681091309
643,7.772831916809082
644,8.437151908874512
645,6.5139665603637695
646,7.1745805740356445
647,6.748602867126465
648,6.388059616088867
649,6.1492533683776855
650,7.444134712219238
651,6.005707740783691
652,5.050279140472412
653,5.754565715789795
654,6.301676273345947
655,7.470318794250488
656,7.374300956726074
657,6.577624320983887
658,7.964611053466797
659,7.25225305557251
660,5.8356170654296875
661,7.110360622406006
662,7.675978660583496
663,6.374428749084473
664,4.811935901641846
665,6.009131908416748
666,6.676616668701172
667,5.8378376960754395
668,8.308457374572754
669,8.574199676513672
670,7.113738059997559
671,6.945530891418457
672,4.756982803344727
673,6.70949649810791
674,7.601990699768066
675,5.072625637054443
676,7.495810508728027
677,4.8184919357299805
678,5.363184928894043
679,4.388059616088867
680,9.296089172363281
681,5.166201591491699
682,11.208102226257324
683,6.937150478363037
684,5.594972133636475
685,7.607306003570557
686,8.266169548034668
687,6.736034393310547
688,7.696928977966309
689,5.54189920425415
690,5.259775638580322
691,7.832402229309082
692,8.97716999053955
693,7.12725305557251
694,6.905027866363525
695,5.865922451019287
696,8.701577186584473
697,8.75977611541748
698,7.194029331207275
699,6.310502529144287
700,9.018157958984375
701,6.602738857269287
702,7.639303684234619
703,7.798882484436035
704,7.910614013671875
705,6.087064266204834
706,8.410958290100098
707,5.31506872177124
708,4.804469585418701
709,6.614523887634277
710,6.365296363830566
711,6.2346367835998535
712,4.875698089599609
713,5.67597770690918
714,11.509775161743164
715,9.675677299499512
716,7.798882484436035
717,6.684356689453125
718,9.567038536071777
719,5.899543762207031
720,7.319832801818848
721,6.670391082763672
722,4.994414329528809
723,6.0630621910095215
724,10.547261238098145
725,6.810810089111328
726,6.949720859527588
727,6.696518898010254
728,5.783581733703613
729,7.9634690284729
730,7.0614519119262695
731,8.21641731262207
732,7.921788215637207
733,6.368159770965576
734,9.590182304382324
735,6.039801597595215
736,5.634703159332275
737,5.16417932510376
738,6.458100318908691
739,5.782657623291016
740,7.306305885314941
741,10.720721244812012
742,7.152234077453613
743,6.574324131011963
744,9.276119232177734
745,7.865921974182129
746,8.119402885437012
747,5.106144905090332
748,8.606965065002441
749,8.994414329528809
750,12.413407325744629
751,5.423515796661377
752,6.876865386962891
753,6.124378204345703
754,5.280725479125977
755,6.507462501525879
756,5.651742458343506
757,9.544693946838379
758,7.0391058921813965
759,5.296090126037598
760,5.740049362182617
761,5.511193752288818
762,5.2792792320251465
763,6.909908294677734
764,5.51243782043457
765,6.25838041305542
766,9.164178848266602
767,6.100558757781982
768,5.5236310958862305
769,7.775140285491943
770,6.7123284339904785
771,8.72625732421875
772,6.522346496582031
773,7.483239650726318
774,7.553072929382324
775,6.566209316253662
776,5.6278533935546875
777,5.643835067749023
778,5.043918132781982
779,5.094748497009277
780,6.681563377380371
781,6.000000953674316
782,5.641791343688965
783,10.100558280944824
784,9.719273567199707
785,6.504504203796387
786,7.310056209564209
787,6.201118469238281
788,8.22885513305664
789,5.93781042098999
790,8.765763282775879
791,6.615921974182129
792,6.549086093902588
793,8.045661926269531
794,7.126125335693359
795,7.0845770835876465
796,9.057211875915527
797,9.944133758544922
798,6.049750804901123
799,7.318436622619629
800,11.778605461120605
801,5.958099842071533
802,6.403631687164307
803,6.64977502822876
804,5.9004974365234375
805,6.068408012390137
806,5.587064743041992
807,4.300278663635254
808,10.746268272399902
809,5.603233337402344
810,7.4144134521484375
811,8.565918922424316
812,7.286312103271484
813,4.685810089111328
814,6.621621608734131
815,6.1340789794921875
816,6.519553184509277
817,5.771143436431885
818,5.216480255126953
819,7.567566871643066
820,6.022345542907715
821,8.29050350189209
822,5.810055732727051
823,6.88547420501709
824,6.200912952423096
825,6.670392036437988
826,5.7657647132873535
827,6.710894584655762
828,6.9617109298706055
829,6.2793288230896
830,5.918994903564453
831,6.135135173797607
832,9.027933120727539
833,7.127095699310303
834,7.405029296875
835,7.180166721343994
836,6.149252891540527
837,8.050994873046875
838,5.395251274108887
839,5.703195095062256
840,5.809701442718506
841,6.915421962738037
842,7.559701442718506
843,6.636872291564941
844,4.927374362945557
845,10.682962417602539
846,6.767123222351074
847,5.817567825317383
848,11.509777069091797
849,5.888267993927002
850,9.148009300231934
851,6.357542514801025
852,9.826482772827148
853,5.283519268035889
854,7.598171234130859
855,6.343283653259277
856,8.625699043273926
857,6.458100318908691
858,5.8421783447265625
859,7.450248718261719
860,6.64676570892334
861,8.134078025817871
862,5.531094551086426
863,7.550993919372559
864,5.83240270614624
865,9.38308334350586
866,4.6004557609558105
867,6.216216564178467
868,5.513514041900635
869,6.000000476837158
870,6.592179298400879
871,6.737429618835449
872,6.348172664642334
873,5.7488579750061035
874,8.238805770874023
875,5.657656669616699
876,7.442785739898682
877,6.393034934997559
878,7.351955413818359
879,4.592178821563721
880,6.6407647132873535
881,7.072625160217285
882,7.491620063781738
883,8.07821273803711
884,6.27860689163208
885,6.312849044799805
886,6.904229164123535
887,6.836592197418213
888,4.7488579750061035
889,8.448197364807129
890,6.939943790435791
891,6.449770927429199
892,7.497206687927246
893,5.7122907638549805
894,10.198198318481445
895,5.091217041015625
896,7.174128532409668
897,5.8435750007629395
898,6.055179595947266
899,6.4975128173828125
900,5.509951114654541
901,4.597015857696533
902,6.111731052398682
903,5.273743152618408
904,6.849164009094238
905,6.1392693519592285
906,8.020949363708496
907,5.541899681091309
908,5.731844425201416
909,4.435754299163818
910,7.8034820556640625
911,5.418994426727295
912,5.899441242218018
913,7.698324680328369
914,7.48323917388916
915,10.648404121398926
916,5.646647930145264
917,5.523741722106934
918,6.702702522277832
919,6.085616588592529
920,6.036036014556885
921,6.175979137420654
922,6.58706521987915
923,5.745433807373047
924,8.569832801818848
925,7.743017673492432
926,7.34078311920166
927,5.899441719055176
928,5.572624683380127
929,6.379504203796387
930,6.815642356872559
931,6.491620063781738
932,6.75799036026001
933,5.479729652404785
934,5.642457962036133
935,7.392457485198975
936,6.320895671844482
937,6.435754299163818
938,7.485074043273926
939,6.684684753417969
940,6.312849998474121
941,7.3390398025512695
942,6.215083599090576
943,7.358107089996338
944,5.710199356079102
945,9.384078025817871
946,7.543377876281738
947,7.765765190124512
948,8.167598724365234
949,5.4234232902526855
950,7.069819450378418
951,5.4301676750183105
952,7.164414405822754
953,7.1508378982543945
954,5.680365562438965
955,6.07770299911499
956,5.862611293792725
957,5.369863510131836
958,7.75
959,5.463686943054199
960,6.129353046417236
961,4.928770542144775
962,6.391061305999756
963,6.534825801849365
964,9.800993919372559
965,6.255586624145508
966,5.363128662109375
967,6.089385986328125
968,5.8047261238098145
969,9.826817512512207
970,6.776535987854004
971,6.823383331298828
972,5.761414527893066
973,8.198199272155762
974,6.212685585021973
975,6.601954460144043
976,6.14977502822876
977,6.625697135925293
978,5.438547611236572
979,5.482587814331055
980,6.343283176422119
981,5.822139739990234
982,9.12437629699707
983,6.576577663421631
984,6.558658599853516
985,8.614526748657227
986,5.651826858520508
987,4.994413375854492
988,5.748873233795166
989,4.835585594177246
990,6.769552707672119
991,5.755707740783691
992,5.747717380523682
993,8.360335350036621
994,6.927374839782715
995,5.612611770629883
996,7.0139665603637695
997,7.106146335601807
998,7.2792792320251465
999,7.04477596282959
1000,8.849315643310547
1001,5.285388469696045
1002,6.474860191345215
1003,6.5097761154174805
1004,8.446927070617676
1005,5.955307483673096
1006,6.985074043273926
1007,5.552238941192627
1008,5.253731727600098
1009,7.300995826721191
1010,4.505630016326904
1011,9.960046768188477
1012,5.918949604034424
1013,5.441440582275391
1014,7.553072452545166
1015,8.864523887634277
1016,7.374300479888916
1017,6.139303207397461
1018,5.363183975219727
1019,5.558218479156494
1020,5.222067356109619
1021,5.075870990753174
1022,5.955306529998779
1023,10.659217834472656
1024,9.125697135925293
1025,6.1952056884765625
1026,5.563432216644287
1027,8.812785148620605
1028,6.279329776763916
1029,6.917597770690918
1030,5.904229164123535
1031,8.4324312210083
1032,9.980096817016602
1033,5.921786785125732
1034,5.2313432693481445
1035,6.9223737716674805
1036,8.949721336364746
1037,7.173184394836426
1038,6.662101745605469
1039,6.536314487457275
1040,6.438355445861816
1041,7.036312103271484
1042,6.092178821563721
1043,5.49720573425293
1044,7.251396179199219
1045,7.539106845855713
1046,5.242537975311279
1047,5.8096842765808105
1048,6.0
1049,7.513514041900635
1050,8.196928024291992
1051,6.659217834472656
1052,7.698324680328369
1053,8.949721336364746
1054,5.827115058898926
1055,5.154228687286377
1056,9.318435668945312
1057,5.787710189819336
1058,5.899442195892334
1059,6.302238464355469
1060,6.501126766204834
1061,7.3930344581604
1062,6.624377250671387
1063,9.945944786071777
1064,5.982876300811768
1065,9.567039489746094
1066,7.284916877746582
1067,6.854477882385254
1068,6.054793834686279
1069,6.252251625061035
1070,10.012569427490234
1071,5.99875545501709
1072,5.104477882385254
1073,7.553651332855225
1074,6.417909145355225
1075,8.407821655273438
1076,6.577115058898926
1077,6.648043632507324
1078,6.379353046417236
1079,5.239865779876709
1080,7.709496974945068
1081,5.755706787109375
1082,6.5139665603637695
1083,6.826815605163574
1084,6.044692516326904
1085,6.177927017211914
1086,8.502283096313477
1087,5.771143913269043
1088,8.067038536071777
1089,7.374300956726074
1090,5.473881721496582
1091,6.815920352935791
1092,6.757990837097168
1093,7.415424346923828
1094,8.109453201293945
1095,5.916666507720947
1096,6.402235507965088
1097,5.103233337402344
1098,6.701491355895996
1099,7.117317199707031
1100,6.795044898986816
1101,5.5
1102,6.100456714630127
1103,7.543294429779053
1104,8.122904777526855
1105,5.585586071014404
1106,5.213930130004883
1107,6.640411376953125
1108,11.039103507995605
1109,6.033519744873047
1110,5.589040756225586
1111,6.503378868103027
1112,9.226256370544434
1113,5.172885417938232
1114,7.9369354248046875
1115,5.809701442718506
1116,9.474861145019531
1117,6.132681369781494
1118,7.854729652404785
1119,10.525141716003418
1120,8.895524024963379
1121,8.155251502990723
1122,6.2009124755859375
1123,6.737561225891113
1124,6.029850006103516
1125,9.85247802734375
1126,7.382681846618652
1127,7.0180182456970215
1128,11.29850959777832
1129,8.46766185760498
1130,6.818434715270996
1131,6.207712173461914
1132,6.0
1133,7.2360334396362305
1134,8.134078979492188
1135,7.864526271820068
1136,6.169154167175293
1137,5.563432693481445
1138,11.407821655273438
1139,7.0720720291137695
1140,9.641791343688965
1141,9.740224838256836
1142,5.909910202026367
1143,6.162161827087402
1144,5.847973346710205
1145,6.90410852432251
1146,5.068492412567139
1147,10.480447769165039
1148,7.099098205566406
1149,6.547486782073975
1150,5.530726432800293
1151,8.5
1152,6.6529860496521
1153,6.522345542907715
1154,6.067039489746094
1155,7.643835544586182
1156,5.829602241516113
1157,7.227653503417969
1158,4.569634437561035
1159,6.736318111419678
1160,7.059359550476074
1161,5.375698566436768
1162,6.288557529449463
1163,6.659218788146973
1164,8.882681846618652
1165,6.242536544799805
1166,6.484017848968506
1167,7.695529937744141
1168,5.4527363777160645
1169,6.445273399353027
1170,5.4504499435424805
1171,5.808218479156494
1172,7.462687015533447
1173,6.80596923828125
1174,7.941341400146484
1175,5.474884986877441
1176,6.536068916320801
1177,5.776536464691162
1178,9.791092872619629
1179,6.916200160980225
1180,7.263967990875244
1181,8.561452865600586
1182,6.960893154144287
1183,6.786068916320801
1184,7.63184118270874
1185,5.307262420654297
1186,7.340089321136475
1187,5.976256847381592
1188,6.3659210205078125
1189,8.57305908203125
1190,7.576815605163574
1191,5.139664649963379
1192,8.32821273803711
1193,8.80596923828125
1194,5.294520378112793
1195,7.514838218688965
1196,6.8493146896362305
1197,7.310057163238525
1198,11.818498611450195
1199,6.3105010986328125
1200,8.39801025390625
1201,8.726255416870117
1202,7.508378505706787
1203,7.44527530670166
1204,6.789106845855713
1205,5.030725479125977
1206,5.810056686401367
1207,7.590781211853027
1208,5.415524482727051
1209,5.921787738800049
1210,6.738825798034668
1211,6.292287826538086
1212,9.691540718078613
1213,7.150839328765869
1214,6.766167640686035
1215,6.567568778991699
1216,5.0746259689331055
1217,8.638127326965332
1218,9.531530380249023
1219,5.115296840667725
1220,7.769553184509277
1221,7.233831882476807
1222,8.773972511291504
1223,5.920397758483887
1224,6.200911998748779
1225,7.980098724365234
1226,6.30845832824707
1227,9.039105415344238
1228,9.843576431274414
1229,6.210198402404785
1230,6.368158340454102
1231,6.770951271057129
1232,6.198198318481445
1233,6.346368312835693
1234,5.934357166290283
1235,6.480445861816406
1236,5.595890522003174
1237,5.733830451965332
1238,6.427860260009766
1239,5.248755931854248
1240,6.954954624176025
1241,8.159217834472656
1242,5.742537021636963
1243,7.5558648109436035
1244,8.627852439880371
1245,6.763680458068848
1246,7.2835822105407715
1247,5.400838375091553
1248,6.179105758666992
1249,6.720669746398926
1250,7.164178371429443
1251,5.705306053161621
1252,14.87150764465332
1253,5.3972601890563965
1254,6.4134087562561035
1255,7.865922451019287
1256,6.676617622375488
1257,5.759949207305908
1258,6.290503978729248
1259,8.044692039489746
1260,7.083798885345459
1261,10.984637260437012
1262,7.101956367492676
1263,6.458100318908691
1264,7.1508378982543945
1265,7.910614013671875
1266,6.061452388763428
1267,11.069835662841797
1268,6.8156418800354
1269,8.994414329528809
1270,5.561452388763428
1271,7.125699043273926
1272,5.960197925567627
1273,5.8793535232543945
1274,5.452514171600342
1275,5.422374248504639
1276,6.737429618835449
1277,5.378378391265869
1278,7.262569427490234
1279,6.009008407592773
1280,6.520546913146973
1281,5.890547275543213
1282,5.638059616088867
1283,7.3345770835876465
1284,11.886873245239258
1285,6.172374248504639
1286,9.482588768005371
1287,7.201493263244629
1288,6.12935209274292
1289,5.361732006072998
1290,9.711442947387695
1291,5.6354756355285645
1292,5.899543285369873
1293,9.018265724182129
1294,6.070945739746094
1295,9.754190444946289
1296,6.849160671234131
1297,10.698325157165527
1298,6.01801872253418
1299,6.324324131011963
1300,11.754188537597656
1301,7.3134331703186035
1302,5.698324203491211
1303,13.25994873046875
1304,8.715083122253418
1305,7.880597114562988
1306,6.756218910217285
1307,7.651740074157715
1308,8.328357696533203
1309,5.412935733795166
1310,7.036313056945801
1311,5.559360504150391
1312,6.134078025817871
1313,5.479452133178711
1314,7.729730129241943
1315,6.033519268035889
1316,4.960894584655762
1317,6.8156418800354
1318,7.1508378982543945
1319,6.497511386871338
1320,6.920091152191162
1321,11.129889488220215
1322,6.122905731201172
1323,8.223464012145996
1324,7.144278526306152
1325,8.3687162399292
1326,5.3532328605651855
1327,6.4676618576049805
1328,5.801799774169922
1329,7.016759395599365
1330,7.05472469329834
1331,4.507462978363037
1332,8.477611541748047
1333,6.839385032653809
1334,7.385475158691406
1335,6.995024681091309
1336,9.821231842041016
1337,5.930347919464111
1338,6.324021816253662
1339,9.430169105529785
1340,7.926941871643066
1341,5.7877092361450195
1342,11.868715286254883
1343,7.342342376708984
1344,5.872145175933838
1345,6.577624320983887
1346,9.284917831420898
1347,5.27736234664917
1348,6.392692565917969
1349,6.641060829162598
1350,7.720670223236084
1351,6.671170711517334
1352,11.77653694152832
1353,7.174129486083984
1354,6.049750804901123
1355,5.4860334396362305
1356,5.117318630218506
1357,4.444064140319824
1358,7.52252197265625
1359,8.16480541229248
1360,5.187213897705078
1361,5.488584041595459
1362,5.811936855316162
1363,7.844748497009277
1364,7.072625637054443
1365,6.537313938140869
1366,7.009008884429932
1367,5.805866718292236
1368,6.0373125076293945
1369,7.531964302062988
1370,7.370645999908447
1371,5.92537260055542
1372,5.249999046325684
1373,5.972601413726807
1374,7.194029808044434
1375,6.277932643890381
1376,6.567163944244385
1377,8.044692993164062
1378,7.575417995452881
1379,5.918994426727295
1380,7.808218955993652
1381,5.139665126800537
1382,8.680347442626953
1383,6.871508598327637
1384,6.761193752288818
1385,4.787671089172363
1386,6.422296047210693
1387,7.2178778648376465
1388,7.04189920425415
1389,6.178770542144775
1390,10.198324203491211
1391,7.720671653747559
1392,7.162011623382568
1393,7.820896148681641
1394,7.7681565284729
1395,10.479052543640137
1396,6.523743629455566
1397,7.332403659820557
1398,6.95522403717041
1399,6.222066402435303
1400,7.966480255126953
1401,6.759777069091797
1402,8.423516273498535
1403,6.569832801818848
1404,6.230447292327881
1405,4.905472755432129
1406,6.149254322052002
1407,7.955307960510254
1408,8.584576606750488
1409,7.687150478363037
1410,5.691542148590088
1411,7.452054023742676
1412,6.801800727844238
1413,6.484017848968506
1414,6.713929653167725
1415,6.61691427230835
1416,6.55721378326416
1417,6.148044586181641
1418,5.835195541381836
1419,9.9413423538208
1420,6.022347450256348
1421,9.41201114654541
1422,7.293532371520996
1423,6.9916205406188965
1424,5.054726600646973
1425,6.1564249992370605
1426,6.756756782531738
1427,5.174129486083984
1428,7.931565284729004
1429,8.169153213500977
1430,6.424581050872803
1431,6.921787261962891
1432,6.793295860290527
1433,8.301675796508789
1434,6.273971080780029
1435,8.726258277893066
1436,14.228857040405273
1437,7.843575477600098
1438,7.342040061950684
1439,6.495495796203613
1440,8.600457191467285
1441,4.984637260437012
1442,8.149251937866211
1443,9.03491497039795
1444,6.278539180755615
1445,5.818408012390137
1446,7.363129615783691
1447,5.326814651489258
1448,5.430167198181152
1449,7.3547492027282715
1450,5.810055732727051
1451,8.592178344726562
1452,4.465083599090576
1453,6.668993949890137
1454,6.459458827972412
1455,5.457711696624756
1456,7.307263374328613
1457,6.636872291564941
1458,6.45949649810791
1459,7.898648262023926
1460,5.610335350036621
1461,8.963964462280273
1462,6.482586860656738
1463,7.214612007141113
1464,7.374301910400391
1465,6.61691427230835
1466,6.319634914398193
1467,7.8868727684021
1468,6.991620063781738
1469,6.069652080535889
1470,7.684685707092285
1471,5.360695838928223
1472,6.92737340927124
1473,6.067163944244385
1474,6.945272922515869
1475,6.013965129852295
1476,8.729729652404785
1477,5.293532371520996
1478,10.61452579498291
1479,7.108107089996338
1480,6.644976615905762
1481,6.715083122253418
1482,7.3072638511657715
1483,6.0
1484,6.4266157150268555
1485,6.069651126861572
1486,6.83798885345459
1487,5.555970191955566
1488,6.590781211853027
1489,9.150838851928711
1490,5.522387981414795
1491,6.606965065002441
1492,5.519553184509277
1493,7.792793273925781
1494,6.681565284729004
1495,6.237430095672607
1496,7.505707740783691
1497,6.821916103363037
1498,3.775139570236206
1499,5.368159770965576
1500,8.08955192565918
1501,6.0
1502,5.486032962799072
1503,5.355854511260986
1504,6.4664177894592285
1505,6.733830451965332
1506,5.229050159454346
1507,7.776535987854004
1508,7.152983665466309
1509,8.565918922424316
1510,5.059360504150391
1511,8.73742961883545
1512,6.228309631347656
1513,6.511172294616699
1514,7.07262659072876
1515,5.2792792320251465
1516,4.641061305999756
1517,9.043532371520996
1518,6.835820198059082
1519,7.512387752532959
1520,9.40782356262207
1521,5.8240227699279785
1522,4.977169036865234
1523,8.793295860290527
1524,8.109452247619629
1525,5.720670223236084
1526,5.871004104614258
1527,7.1508378982543945
1528,7.988738059997559
1529,5.423516273498535
1530,5.463930130004883
1531,7.104748725891113
1532,6.575341701507568
1533,7.318436622619629
1534,6.927374839782715
1535,5.999998569488525
1536,6.202514171600342
1537,6.328211784362793
1538,6.537313938140869
1539,6.266760349273682
1540,5.711442470550537
1541,5.321228981018066
1542,6.0
1543,6.513514041900635
1544,8.21229076385498
1545,8.696515083312988
1546,5.492537975311279
1547,8.159218788146973
1548,5.498603820800781
1549,5.821229457855225
1550,6.675797939300537
1551,5.9402995109558105
1552,7.392458438873291
1553,6.4245805740356445
1554,8.748603820800781
1555,7.297298431396484
1556,9.765362739562988
1557,5.263966083526611
1558,6.636872291564941
1559,8.576577186584473
1560,5.8198323249816895
1561,6.756758213043213
1562,11.315643310546875
1563,7.391550540924072
1564,7.955306053161621
1565,6.843283176422119
1566,7.027932643890381
1567,5.1284918785095215
1568,6.463686943054199
1569,7.986485958099365
1570,6.0
1571,5.977654457092285
1572,7.45810079574585
1573,5.768263816833496
1574,7.811450958251953
1575,7.552239418029785
1576,5.800279140472412
1577,8.522522926330566
1578,5.57213830947876
1579,7.497206211090088
1580,5.829608917236328
1581,6.358209609985352
1582,7.487429618835449
1583,6.435754299163818
1584,6.970670223236084
1585,6.655251502990723
1586,10.085195541381836
1587,7.146648406982422
1588,6.084475040435791
1589,6.8603363037109375
1590,8.782124519348145
1591,6.885842800140381
1592,6.962686061859131
1593,4.794776439666748
1594,6.460198879241943
1595,9.229050636291504
1596,6.515362739562988
1597,5.552238464355469
1598,7.940299034118652
1599,7.180166721343994
1600,5.424657344818115
1601,6.469274044036865
1602,6.846848487854004
1603,5.458101272583008
1604,6.896646976470947
1605,5.328211784362793
1606,6.75799036026001
1607,6.16759729385376
1608,7.45205545425415
1609,6.861486911773682
1610,8.335195541381836
1611,5.269406795501709
1612,6.986302375793457
1613,6.000000953674316
1614,5.842039585113525
1615,7.998603820800781
1616,5.111940383911133
1617,9.432962417602539
1618,8.378108024597168
1619,6.279278755187988
1620,6.92905330657959
1621,6.804470062255859
1622,6.87612771987915
1623,5.672885894775391
1624,7.950247287750244
1625,7.910614967346191
1626,5.572140216827393
1627,9.013965606689453
1628,5.76576566696167
1629,7.553072929382324
1630,7.286313533782959
1631,6.871508598327637
1632,7.23383092880249
1633,6.1215081214904785
1634,9.693694114685059
1635,5.414414882659912
1636,16.585620880126953
1637,5.472067832946777
1638,5.7114434242248535
1639,7.535386562347412
1640,6.945944786071777
1641,4.875570297241211
1642,6.567038536071777
1643,7.979451656341553
1644,5.1144280433654785
1645,6.318408012390137
1646,5.907821178436279
1647,4.7128376960754395
1648,5.068694114685059
1649,6.234637260437012
1650,5.850746154785156
1651,8.622904777526855
1652,7.179104804992676
1653,8.401825904846191
1654,5.1801676750183105
1655,7.918918609619141
1656,7.44278621673584
1657,5.452735900878906
1658,5.094526767730713
1659,7.671233177185059
1660,8.279850959777832
1661,8.167597770690918
1662,10.6126127243042
1663,7.492537021636963
1664,7.336592197418213
1665,6.632680416107178
1666,5.550994396209717
1667,7.226256370544434
1668,8.794522285461426
1669,9.150837898254395
1670,5.870646953582764
1671,6.4245805740356445
1672,9.013513565063477
1673,6.844971656799316
1674,6.0991621017456055
1675,7.268155574798584
1676,7.3533525466918945
1677,5.693693161010742
1678,6.2793288230896
1679,6.027027606964111
1680,7.3333330154418945
1681,8.670392036437988
1682,5.174581050872803
1683,4.692737579345703
1684,7.084578037261963
1685,5.497206687927246
1686,6.347765922546387
1687,6.5296807289123535
1688,6.91061544418335
1689,5.963964462280273
1690,6.0
1691,6.445530891418457
1692,6.6927385330200195
1693,8.850558280944824
1694,11.91899585723877
1695,4.53212308883667
1696,5.9279279708862305
1697,6.754975318908691
1698,5.613127708435059
1699,5.687151908874512
1700,6.435754299163818
1701,7.048882961273193
1702,7.363128662109375
1703,5.955306053161621
1704,4.9818434715271
1705,6.1735148429870605
1706,9.251397132873535
1707,5.749999046325684
1708,5.6941351890563965
1709,6.441441535949707
1710,8.400837898254395
1711,4.793532371520996
1712,6.0630621910095215
1713,9.184356689453125
1714,6.799549102783203
1715,4.847032070159912
1716,6.763680934906006
1717,8.733830451965332
1718,4.506218910217285
1719,6.882682800292969
1720,5.709497451782227
1721,5.924656867980957
1722,6.129354000091553
1723,6.321228981018066
1724,6.459460258483887
1725,10.570894241333008
1726,5.689496994018555
1727,7.067038536071777
1728,5.072625637054443
1729,5.7657670974731445
1730,6.6033525466918945
1731,6.114523410797119
1732,5.716893672943115
1733,6.776120185852051
1734,6.698197364807129
1735,6.83706521987915
1736,5.036036014556885
1737,5.360730171203613
1738,5.634077548980713
1739,8.272388458251953
1740,5.318434715270996
1741,5.307261943817139
1742,5.691542625427246
1743,6.559359550476074
1744,7.75124454498291
1745,5.550995826721191
1746,10.581005096435547
1747,7.319832801818848
1748,5.754189968109131
1749,5.678771018981934
1750,6.54726505279541
1751,6.328358173370361
1752,10.31005573272705
1753,7.296090126037598
1754,6.491620063781738
1755,6.435754299163818
1756,5.652966499328613
1757,6.011172771453857
1758,6.14676570892334
1759,10.379890441894531
1760,5.642457962036133
1761,6.4975128173828125
1762,5.4726362228393555
1763,8.348258018493652
1764,5.358938694000244
1765,6.7488579750061035
1766,7.699721336364746
1767,7.064675807952881
1768,6.075870513916016
1769,5.201117515563965
1770,7.529849052429199
1771,5.610695838928223
1772,7.287671089172363
1773,5.4259772300720215
1774,7.154229640960693
1775,7.650838375091553
1776,6.26676082611084
1777,11.502488136291504
1778,8.893017768859863
1779,9.754190444946289
1780,7.564245700836182
1781,8.377251625061035
1782,5.914803981781006
1783,6.567162990570068
1784,7.050280570983887
1785,5.572626113891602
1786,8.941341400146484
1787,4.949324131011963
1788,6.0799078941345215
1789,8.39106273651123
1790,5.244292736053467
1791,4.975124359130859
1792,10.502793312072754
1793,9.203978538513184
1794,7.094970703125
1795,8.776119232177734
1796,8.022345542907715
1797,6.234636306762695
1798,4.84817361831665
1799,6.938547611236572
1800,5.3930344581604
1801,7.977477073669434
1802,6.357541561126709
1803,7.963963508605957
1804,8.828213691711426
1805,5.2313432693481445
1806,7.463686466217041
1807,6.918918609619141
1808,6.146765232086182
1809,6.222066402435303
1810,6.43781042098999
1811,6.191441059112549
1812,6.631840705871582
1813,8.558658599853516
1814,5.439188480377197
1815,5.351955890655518
1816,6.5921783447265625
1817,7.216216087341309
1818,6.047485828399658
1819,8.502792358398438
1820,7.074023246765137
1821,6.861732482910156
1822,7.572138786315918
1823,7.4860334396362305
1824,8.055865287780762
1825,5.613183975219727
1826,5.888267517089844
1827,7.258380889892578
1828,8.981983184814453
1829,7.652967929840088
1830,7.017411708831787
1831,4.737612724304199
1832,6.788287162780762
1833,7.195531368255615
1834,6.467877388000488
1835,6.1997199058532715
1836,5.966480731964111
1837,5.0754194259643555
1838,4.3482584953308105
1839,5.1643829345703125
1840,7.242008209228516
1841,10.955222129821777
1842,6.156424522399902
1843,5.845719814300537
1844,6.407820701599121
1845,6.2681565284729
1846,6.259008884429932
1847,6.895522117614746
1848,6.078212261199951
1849,6.958904266357422
1850,5.083798885345459
1851,5.980099678039551
1852,8.446928024291992
1853,6.95522403717041
1854,5.41759729385376
1855,8.718905448913574
1856,9.094971656799316
1857,7.9664812088012695
1858,7.160613059997559
1859,10.726369857788086
1860,8.64804458618164
1861,5.653631687164307
1862,11.11732006072998
1863,5.662099838256836
1864,6.823382377624512
1865,7.029330253601074
1866,9.832404136657715
1867,6.983239650726318
1868,7.345770835876465
1869,8.424580574035645
1870,5.643034934997559
1871,7.20895528793335
1872,5.776535511016846
1873,9.950247764587402
1874,6.983241081237793
1875,5.872146129608154
1876,6.079601764678955
1877,6.099501609802246
1878,4.94972038269043
1879,6.746268272399902
1880,5.81080961227417
1881,8.144145965576172
1882,5.4825873374938965
1883,7.059701442718506
1884,9.223745346069336
1885,7.287671089172363
1886,7.4259796142578125
1887,8.402234077453613
1888,5.862612724304199
1889,6.7891058921813965
1890,6.396396160125732
1891,7.251397609710693
1892,7.639665126800537
1893,7.564244270324707
1894,6.3513503074646
1895,7.431563377380371
1896,7.068493843078613
1897,5.541899681091309
1898,5.840782642364502
1899,8.603351593017578
1900,11.691540718078613
1901,6.65921688079834
1902,8.904109001159668
1903,6.351351261138916
1904,6.680168151855469
1905,7.650838375091553
1906,6.5139665603637695
1907,7.108445644378662
1908,8.457711219787598
1909,7.860696315765381
1910,5.4245805740356445
1911,7.698323726654053
1912,7.642458438873291
1913,5.761194705963135
1914,7.324324131011963
1915,7.072625637054443
1916,5.072625160217285
1917,9.585196495056152
1918,5.800278663635254
1919,5.711711883544922
1920,7.65920352935791
1921,5.418993949890137
1922,5.799086570739746
1923,8.19972038269043
1924,6.0270256996154785
1925,8.716482162475586
1926,7.054726600646973
1927,7.620110511779785
1928,8.044776916503906
1929,6.480447292327881
1930,6.916202545166016
1931,8.639303207397461
1932,5.339385032653809
1933,5.083798885345459
1934,6.737429618835449
1935,6.2462687492370605
1936,7.233829498291016
1937,7.31218957901001
1938,6.298882007598877
1939,5.552238941192627
1940,5.108107566833496
1941,6.752793312072754
1942,7.416665077209473
1943,7.223743438720703
1944,6.368160247802734
1945,6.654229164123535
1946,6.445529937744141
1947,6.157822132110596
1948,9.513514518737793
1949,6.7835187911987305
1950,6.67694091796875
1951,6.159204006195068
1952,6.7064666748046875
1953,7.840782165527344
1954,6.357541084289551
1955,7.172375679016113
1956,10.62686538696289
1957,7.317038536071777
1958,5.460893630981445
1959,7.783783912658691
1960,12.379888534545898
1961,6.43575382232666
1962,6.053073406219482
1963,6.213686466217041
1964,6.786312103271484
1965,6.895522117614746
1966,6.05586576461792
1967,5.128490924835205
1968,4.871508598327637
1969,6.871621131896973
1970,9.552511215209961
1971,5.9279279708862305
1972,5.917596340179443
1973,6.149441719055176
1974,6.885572910308838
1975,7.050278663635254
1976,5.65223503112793
1977,6.925373077392578
1978,6.155027866363525
1979,8.553072929382324
1980,6.905404090881348
1981,7.405028343200684
1982,4.76616907119751
1983,5.70949649810791
1984,5.72139310836792
1985,6.990866184234619
1986,5.7128376960754395
1987,6.626864433288574
1988,6.438063144683838
1989,7.310810089111328
1990,6.893855094909668
1991,6.696516990661621
1992,5.738738536834717
1993,9.061453819274902
1994,6.920391082763672
1995,12.256985664367676
1996,8.99441146850586
1997,4.8656721115112305
1998,6.531530857086182
1999,6.7226362228393555
2000,5.774774551391602
2001,5.258379936218262
2002,6.533783912658691
2003,5.73134183883667
2004,5.870645523071289
2005,5.771143913269043
2006,4.645251750946045
2007,6.058660507202148
2008,7.940299987792969
2009,9.27702522277832
2010,5.455479621887207
2011,6.273649215698242
2012,7.745024681091309
2013,8.067163467407227
2014,8.06306266784668
2015,7.89944314956665
2016,6.971392631530762
2017,7.567567348480225
2018,9.12150764465332
2019,8.947487831115723
2020,5.128491401672363
2021,4.982875823974609
2022,5.865921974182129
2023,7.936567783355713
2024,8.057262420654297
2025,6.32402229309082
2026,5.761193752288818
2027,7.474861145019531
2028,6.855721473693848
2029,6.557263374328613
2030,7.162161827087402
2031,4.911691188812256
2032,5.780821800231934
2033,5.628377914428711
2034,5.399441719055176
2035,5.205478668212891
2036,9.36073112487793
2037,4.4008378982543945
2038,9.670397758483887
2039,5.542288780212402
2040,8.045660972595215
2041,7.9315643310546875
2042,5.900496959686279
2043,6.439942836761475
2044,6.839385032653809
2045,10.591324806213379
2046,5.050278663635254
2047,7.79050350189209
2048,6.319633483886719
2049,6.703910827636719
2050,10.010275840759277
2051,5.251397132873535
2052,7.705479621887207
2053,7.141791343688965
2054,5.932961463928223
2055,5.322625637054443
2056,4.962686061859131
2057,4.012569904327393
2058,5.832403182983398
2059,5.932960510253906
2060,11.150840759277344
2061,5.720318794250488
2062,8.823198318481445
2063,7.99086856842041
2064,10.71642017364502
2065,5.920398235321045
2066,7.709496974945068
2067,7.036070346832275
2068,5.731733798980713
2069,9.262436866760254
2070,7.296801567077637
2071,5.05027961730957
2072,8.486032485961914
2073,7.689943790435791
2074,6.850746154785156
2075,7.675978660583496
2076,6.604729652404785
2077,6.089039325714111
2078,7.664803981781006
2079,4.793919086456299
2080,6.565068244934082
2081,6.8156418800354
2082,6.358208656311035
2083,6.227612495422363
2084,6.687150478363037
2085,5.153153419494629
2086,5.808218479156494
2087,8.447760581970215
2088,8.006219863891602
2089,8.835822105407715
2090,8.070775032043457
2091,8.062849044799805
2092,5.765362739562988
2093,5.186936378479004
2094,8.868715286254883
2095,7.288287162780762
2096,6.328766822814941
2097,6.456620693206787
2098,10.234233856201172
2099,6.3673176765441895
2100,6.398044109344482
2101,6.288288116455078
2102,6.916201114654541
2103,7.9315643310546875
2104,5.663407802581787
2105,6.829954624176025
2106,7.9817352294921875
2107,5.871891021728516
2108,9.932960510253906
2109,6.491620063781738
2110,6.335616111755371
2111,6.405472755432129
2112,5.486032962799072
2113,6.905028343200684
2114,7.442919731140137
2115,7.855023384094238
2116,8.95949649810791
2117,6.3918914794921875
2118,8.55855941772461
2119,5.731843948364258
2120,6.814676761627197
2121,8.520546913146973
2122,7.0614519119262695
2123,7.8550214767456055
2124,7.5323381423950195
2125,8.96396541595459
2126,5.955307483673096
2127,5.88826847076416
2128,7.955306053161621
2129,8.846368789672852
2130,5.4794511795043945
2131,7.255587100982666
2132,7.187213897705078
2133,6.331005096435547
2134,7.824023246765137
2135,7.002282619476318
2136,5.783782482147217
2137,5.620111465454102
2138,5.69154167175293
2139,6.179104328155518
2140,7.000000953674316
2141,5.88826847076416
2142,6.871508598327637
2143,7.718035697937012
2144,6.17877197265625
2145,8.563926696777344
2146,6.2346367835998535
2147,6.379888534545898
2148,6.237440586090088
2149,5.013698577880859
2150,5.494413375854492
2151,6.517411708831787
2152,6.326815605163574
2153,5.792792797088623
2154,6.1194024085998535
2155,11.877097129821777
2156,7.695204734802246
2157,6.812784671783447
2158,9.12100601196289
2159,6.822138786315918
2160,6.750000953674316
2161,8.955222129821777
2162,9.111871719360352
2163,5.921788215637207
2164,5.689054489135742
2165,7.746573448181152
2166,7.789106845855713
2167,7.307076454162598
2168,6.936934471130371
2169,5.651741027832031
2170,6.493016719818115
2171,7.397261142730713
2172,7.7877092361450195
2173,6.594595432281494
2174,5.649542808532715
2175,5.433789253234863
2176,10.946928977966309
2177,5.132882595062256
2178,7.765364170074463
2179,8.05593490600586
2180,7.810810089111328
2181,7.283583164215088
2182,6.279329776763916
2183,7.217877388000488
2184,10.044694900512695
2185,4.65920352935791
2186,6.218904972076416
2187,7.441340446472168
2188,4.7031965255737305
2189,5.558659076690674
2190,8.198198318481445
2191,7.910447120666504
2192,7.476256370544434
2193,8.252251625061035
2194,5.331080913543701
2195,6.0913238525390625
2196,5.7877092361450195
2197,7.821228981018066
2198,6.460894584655762
2199,7.262570381164551
2200,7.863012790679932
2201,5.325342178344727
2202,5.077624797821045
2203,6.477611541748047
2204,6.835821628570557
2205,10.614526748657227
2206,5.074626445770264
2207,9.02702808380127
2208,7.334576606750488
2209,7.024774074554443
2210,4.820895195007324
2211,9.562187194824219
2212,6.938547611236572
2213,7.296090126037598
2214,6.770949363708496
2215,4.630136966705322
2216,6.697760581970215
2217,7.009007930755615
2218,5.718904972076416
2219,7.330844879150391
2220,7.0181565284729
2221,7.603602409362793
2222,7.251397132873535
2223,6.796089172363281
2224,6.858938694000244
2225,6.6206464767456055
2226,7.594594478607178
2227,7.771143913269043
2228,8.648402214050293
2229,6.782122611999512
2230,7.878108978271484
2231,6.43575382232666
2232,6.421231746673584
2233,6.388059616088867
2234,5.363127708435059
2235,8.022346496582031
2236,5.479050159454346
2237,7.083799839019775
2238,5.918918609619141
2239,6.5495500564575195
2240,5.174129486083984
2241,6.39801025390625
2242,8.712326049804688
2243,6.6927385330200195
2244,5.94133996963501
2245,5.297297477722168
2246,8.001243591308594
2247,8.192737579345703
2248,7.253729820251465
2249,6.573058128356934
2250,10.567566871643066
2251,6.972067356109619
2252,6.368159294128418
2253,6.715083122253418
2254,9.090779304504395
2255,6.55721378326416
2256,4.477612018585205
2257,6.256984233856201
2258,8.61442756652832
2259,7.715750217437744
2260,8.481344223022461
2261,5.126865386962891
2262,8.84346866607666
2263,5.363128185272217
2264,5.463686943054199
2265,9.128491401672363
2266,6.325418472290039
2267,6.254975318908691
2268,7.008379936218262
2269,6.882681369781494
2270,8.234636306762695
2271,7.9678778648376465
2272,8.015363693237305
2273,7.034825325012207
2274,6.178770542144775
2275,5.274775505065918
2276,6.805865287780762
2277,5.031963348388672
2278,7.589385032653809
2279,6.358208656311035
2280,6.838963508605957
2281,5.474859714508057
2282,8.155250549316406
2283,8.335196495056152
2284,7.764840602874756
2285,6.238806247711182
2286,10.437811851501465
2287,5.655405044555664
2288,11.899441719055176
2289,6.255707263946533
2290,7.734017848968506
2291,7.099160671234131
2292,7.655027866363525
2293,6.952702522277832
2294,5.099099159240723
2295,5.688547611236572
2296,9.223881721496582
2297,8.175978660583496
2298,6.8949785232543945
2299,6.44692850112915
2300,8.230098724365234
2301,7.074021816253662
2302,6.200913429260254
2303,6.536311149597168
2304,7.333333492279053
2305,8.421788215637207
2306,11.262571334838867
2307,5.73756217956543
2308,8.032122611999512
2309,7.043379306793213
2310,6.1492533683776855
2311,7.0293288230896
2312,6.174655437469482
2313,6.398009777069092
2314,6.208099842071533
2315,8.209497451782227
2316,5.999999523162842
2317,6.800675392150879
2318,5.65363073348999
2319,5.3407816886901855
2320,5.351597309112549
2321,5.621508598327637
2322,6.772347927093506
2323,6.927374839782715
2324,5.4860334396362305
2325,9.131280899047852
2326,8.005630493164062
2327,7.422884464263916
2328,10.558558464050293
2329,8.10055923461914
2330,5.342341899871826
2331,6.37988805770874
2332,8.905472755432129
2333,8.041045188903809
2334,6.405472755432129
2335,6.502793312072754
2336,7.674581050872803
2337,7.1753740310668945
2338,6.100559711456299
2339,5.562188625335693
2340,5.594527244567871
2341,7.5754194259643555
2342,9.449721336364746
2343,7.340781211853027
2344,6.575341701507568
2345,6.7454328536987305
2346,9.339386940002441
2347,6.065642356872559
2348,5.875000476837158
2349,6.029850482940674
2350,8.826815605163574
2351,6.7206711769104
2352,5.754190444946289
2353,8.491620063781738
2354,5.432960033416748
2355,7.819819450378418
2356,7.531094551086426
2357,7.177927494049072
2358,5.174129009246826
2359,4.6846842765808105
2360,5.735158443450928
2361,6.417910099029541
2362,6.458100318908691
2363,7.492537498474121
2364,4.594527244567871
2365,7.879889011383057
2366,5.79477596282959
2367,8.447488784790039
2368,8.317038536071777
2369,6.4031524658203125
2370,6.08798885345459
2371,6.786070346832275
2372,5.9502482414245605
2373,12.984636306762695
2374,7.671639919281006
2375,6.797264099121094
2376,8.260135650634766
2377,4.765765190124512
2378,9.213929176330566
2379,5.473463535308838
2380,8.447760581970215
2381,7.988827705383301
2382,6.4365668296813965
2383,7.63826847076416
2384,6.45895528793335
2385,6.765766143798828
2386,5.518017768859863
2387,9.636872291564941
2388,7.3533525466918945
2389,7.410614967346191
2390,7.88547420501709
2391,6.504504203796387
2392,6.945945739746094
2393,6.108448028564453
2394,8.368158340454102
2395,6.914381980895996
2396,6.636872291564941
2397,7.451493263244629
2398,7.351954460144043
2399,6.157959461212158
2400,6.963964939117432
2401,9.19403076171875
2402,7.039107322692871
2403,9.808218955993652
2404,9.046091079711914
2405,6.993780612945557
2406,6.995023250579834
2407,6.604748725891113
2408,5.939189434051514
2409,7.10614538192749
2410,6.993149757385254
2411,8.398009300231934
2412,5.968905448913574
2413,10.58100700378418
2414,6.459458827972412
2415,7.776537895202637
2416,7.502486228942871
2417,7.954955101013184
2418,9.005586624145508
2419,9.174129486083984
2420,5.05027961730957
2421,6.502793788909912
2422,5.552238941192627
2423,6.815642356872559
2424,8.277933120727539
2425,9.82402229309082
2426,5.770949363708496
2427,6.626866340637207
2428,5.6452507972717285
2429,9.722636222839355
2430,7.278536796569824
2431,8.804793357849121
2432,5.656716346740723
2433,7.241293430328369
2434,5.012437343597412
2435,8.034246444702148
2436,6.928771018981934
2437,10.008379936218262
2438,8.480447769165039
2439,11.854747772216797
2440,5.888269424438477
2441,7.880597114562988
2442,8.036529541015625
2443,6.849501609802246
2444,4.624429225921631
2445,6.134078502655029
2446,6.292237281799316
2447,5.270270824432373
2448,5.666666507720947
2449,9.627091407775879
2450,8.815643310546875
2451,7.8356170654296875
2452,6.6689958572387695
2453,7.1106977462768555
2454,7.508379936218262
2455,5.576815128326416
2456,7.55307149887085
2457,6.773744106292725
2458,8.35195541381836
2459,6.234636306762695
2460,7.28995418548584
2461,7.753424644470215
2462,7.776535987854004
2463,7.342177391052246
2464,5.4825873374938965
2465,6.706468105316162
2466,6.346368312835693
2467,7.553072929382324
2468,4.6452507972717285
2469,6.828827857971191
2470,10.748605728149414
2471,7.752793788909912
2472,6.801802158355713
2473,5.776120185852051
2474,5.450912952423096
2475,7.826483726501465
2476,8.368158340454102
2477,8.178771018981934
2478,10.109590530395508
2479,5.830844879150391
2480,6.1648054122924805
2481,7.594972133636475
2482,4.748603343963623
2483,4.7568488121032715
2484,6.336592674255371
2485,6.9189934730529785
2486,7.317039489746094
2487,6.138059616088867
2488,8.684685707092285
2489,7.46846866607666
2490,5.4301676750183105
2491,5.771144390106201
2492,6.6666669845581055
2493,5.5684075355529785
2494,5.782657623291016
2495,7.201491355895996
2496,6.20810079574585
2497,7.498602867126465
2498,7.071228981018066
2499,7.462687015533447
2500,6.346368789672852
2501,8.584577560424805
2502,6.296019554138184
2503,5.3097004890441895
2504,5.8108086585998535
2505,7.0410943031311035
2506,9.4636869430542
2507,7.233830451965332
2508,8.526535987854004
2509,6.666666507720947
2510,7.155404567718506
2511,5.242008686065674
2512,6.324324131011963
2513,5.641060829162598
2514,5.504565715789795
2515,5.519552707672119
2516,8.981982231140137
2517,7.009007930755615
2518,6.557263374328613
2519,8.610335350036621
2520,5.442922592163086
2521,10.153630256652832
2522,5.282122611999512
2523,5.327113628387451
2524,4.684357643127441
2525,4.8557209968566895
2526,9.442787170410156
2527,6.238806247711182
2528,7.89954137802124
2529,5.481343746185303
2530,8.018017768859863
2531,13.075418472290039
2532,8.932962417602539
2533,5.063063621520996
2534,6.396396636962891
2535,5.885474681854248
2536,5.598172664642334
2537,6.813432216644287
2538,5.399254322052002
2539,8.936938285827637
2540,6.961441993713379
2541,6.916200160980225
2542,6.043377876281738
2543,8.5363130569458
2544,6.983239650726318
2545,7.1885480880737305
2546,7.418993949890137
2547,6.470320224761963
2548,7.24429178237915
2549,5.083798408508301
2550,6.3744282722473145
2551,5.8184356689453125
2552,6.977168083190918
2553,5.128490447998047
2554,6.0083794593811035
2555,6.272346019744873
2556,5.194029331207275
2557,7.550279140472412
2558,6.128994464874268
2559,6.105855941772461
2560,4.804470539093018
2561,5.671642303466797
2562,7.671231746673584
2563,6.313926696777344
2564,6.318435192108154
2565,6.369369029998779
2566,9.329609870910645
2567,6.921786308288574
2568,8.72625732421875
2569,7.539106845855713
2570,7.238739013671875
2571,6.078212738037109
2572,7.340781211853027
2573,7.430167198181152
2574,6.423422813415527
2575,6.923514366149902
2576,6.903631687164307
2577,6.837838649749756
2578,7.262570381164551
2579,5.754566192626953
2580,7.005587577819824
2581,5.5323381423950195
2582,6.691341400146484
2583,5.853880882263184
2584,9.60074520111084
2585,9.51243782043457
2586,6.858447074890137
2587,7.187213897705078
2588,7.037709712982178
2589,7.3743767738342285
2590,5.482585906982422
2591,6.085195064544678
2592,6.6927385330200195
2593,8.199005126953125
2594,5.783581256866455
2595,4.958903789520264
2596,5.720720291137695
2597,5.4825873374938965
2598,6.307262897491455
2599,6.898044586181641
2600,9.504189491271973
2601,7.822624206542969
2602,5.194029808044434
2603,7.482586860656738
2604,7.488584041595459
2605,6.949720859527588
2606,5.592040061950684
2607,7.492537498474121
2608,7.061452388763428
2609,6.6486496925354
2610,6.212289810180664
2611,5.970149040222168
2612,6.706467628479004
2613,6.715085029602051
2614,8.422883987426758
2615,7.360730171203613
2616,6.766169548034668
2617,6.692736625671387
2618,6.6997199058532715
2619,6.018157005310059
2620,6.034824848175049
2621,7.542288780212402
2622,8.935320854187012
2623,6.156424045562744
2624,6.132680892944336
2625,6.835820198059082
2626,7.355023384094238
2627,6.508380889892578
2628,6.513964653015137
2629,6.918918609619141
2630,5.999999523162842
2631,6.794692039489746
2632,10.776118278503418
2633,6.018656253814697
2634,7.503378868103027
2635,4.56620979309082
2636,7.494412899017334
2637,6.703911781311035
2638,7.63826847076416
2639,6.507989406585693
2640,5.151741027832031
2641,7.497206687927246
2642,7.1044769287109375
2643,6.189055442810059
2644,7.296089172363281
2645,5.360730171203613
2646,6.945945739746094
2647,8.513965606689453
2648,9.776537895202637
2649,7.463686943054199
2650,6.927374839782715
2651,6.207207679748535
2652,6.730446815490723
2653,6.92737340927124
2654,6.18575382232666
2655,7.005585670471191
2656,9.217876434326172
2657,7.061452388763428
2658,9.37313461303711
2659,6.648044586181641
2660,6.842179298400879
2661,4.737429618835449
2662,6.965173244476318
2663,5.217876434326172
2664,7.4972076416015625
2665,5.762556076049805
2666,7.353233337402344
2667,8.036529541015625
2668,5.893034934997559
2669,9.651740074157715
2670,4.447761058807373
2671,7.272345542907715
2672,6.7583794593811035
2673,9.291899681091309
2674,6.636815071105957
2675,7.843575477600098
2676,7.173184394836426
2677,4.0180182456970215
2678,6.594973087310791
2679,6.885475158691406
2680,9.05405330657959
2681,7.1621599197387695
2682,5.972602844238281
2683,8.377252578735352
2684,4.614525318145752
2685,6.7237443923950195
2686,6.567162990570068
2687,5.4234232902526855
2688,5.916201591491699
2689,5.512557029724121
2690,6.770949363708496
2691,7.16201114654541
2692,6.960893154144287
2693,6.695204257965088
2694,6.04189920425415
2695,5.318408012390137
2696,5.421641826629639
2697,7.1144280433654785
2698,7.630629539489746
2699,7.412935733795166
2700,7.79104471206665
2701,9.66480541229248
2702,6.264838695526123
2703,5.753425121307373
2704,6.5273637771606445
2705,7.117318630218506
2706,5.479050159454346
2707,7.184355735778809
2708,5.347014427185059
2709,7.980099678039551
2710,6.073383808135986
2711,5.530726432800293
2712,6.620494842529297
2713,10.219178199768066
2714,5.9897260665893555
2715,7.787708282470703
2716,5.177374362945557
2717,7.2094597816467285
2718,6.876864433288574
2719,5.049751281738281
2720,8.994412422180176
2721,6.76616907119751
2722,5.307263374328613
2723,11.53072738647461
2724,5.703979969024658
2725,7.738806247711182
2726,7.810056209564209
2727,6.706467628479004
2728,5.60198974609375
2729,7.803072929382324
2730,9.865921974182129
2731,6.356163024902344
2732,6.581005096435547
2733,6.583798885345459
2734,6.199004173278809
2735,8.720148086547852
2736,5.890547275543213
2737,5.3693695068359375
2738,6.581006050109863
2739,5.35198974609375
2740,11.196349143981934
2741,6.0754194259643555
2742,7.651741027832031
2743,6.716480255126953
2744,8.136985778808594
2745,6.391552448272705
2746,6.733239650726318
2747,5.282123565673828
2748,6.995432376861572
2749,7.342465877532959
2750,6.995026588439941
2751,6.4134087562561035
2752,5.262569904327393
2753,5.3930344581604
2754,5.195529937744141
2755,10.342179298400879
2756,8.639270782470703
2757,8.022345542907715
2758,7.554726600646973
2759,5.8445940017700195
2760,10.793296813964844
2761,5.966480255126953
2762,5.083798408508301
2763,5.027932643890381
2764,8.368158340454102
2765,8.270269393920898
2766,7.642457485198975
2767,6.8729047775268555
2768,6.855720520019531
2769,6.983239650726318
2770,6.881277561187744
2771,5.061936378479004
2772,6.8240227699279785
2773,8.347031593322754
2774,5.747206211090088
2775,5.747748374938965
2776,8.612614631652832
2777,5.062849044799805
2778,6.391060829162598
2779,5.286069393157959
2780,7.861731052398682
2781,6.268157005310059
2782,7.165421962738037
2783,6.477168083190918
2784,5.608938217163086
2785,6.213963508605957
2786,5.262569904327393
2787,5.8507466316223145
2788,8.62569808959961
2789,7.596368312835693
2790,5.8659210205078125
2791,8.845771789550781
2792,7.462687015533447
2793,7.608938694000244
2794,6.261260986328125
2795,6.745024681091309
2796,7.787709712982178
2797,6.02985143661499
2798,6.484017848968506
2799,5.023972034454346
2800,6.589385032653809
2801,7.541901588439941
2802,6.405404567718506
2803,6.2587056159973145
2804,10.715085983276367
2805,6.241294860839844
2806,5.980855464935303
2807,5.7304463386535645
2808,6.879889011383057
2809,6.446927070617676
2810,6.126125335693359
2811,6.983241081237793
2812,5.125570774078369
2813,6.177374839782715
2814,8.385475158691406
2815,5.027026653289795
2816,7.318436622619629
2817,9.198197364807129
2818,6.033518314361572
2819,8.6576566696167
2820,6.986300468444824
2821,5.909217357635498
2822,7.564245700836182
2823,5.160447597503662
2824,5.054726600646973
2825,5.061452388763428
2826,8.145252227783203
2827,10.676619529724121
2828,6.681565284729004
2829,6.657658576965332
2830,7.9553070068359375
2831,5.920390605926514
2832,5.990222930908203
2833,9.662101745605469
2834,7.821228981018066
2835,5.909909725189209
2836,7.698324680328369
2837,6.288557052612305
2838,5.383084297180176
2839,5.860695838928223
2840,6.449004173278809
2841,7.597765922546387
2842,7.280821323394775
2843,8.346368789672852
2844,5.667909622192383
2845,6.1326799392700195
2846,6.624300956726074
2847,6.6257004737854
2848,5.6492533683776855
2849,7.783782958984375
2850,6.531530857086182
2851,7.549549102783203
2852,10.027364730834961
2853,7.213929653167725
2854,6.015765190124512
2855,7.669152736663818
2856,11.877092361450195
2857,6.1604485511779785
2858,8.200913429260254
2859,8.346368789672852
2860,6.6703901290893555
2861,5.722067356109619
2862,9.144278526306152
2863,5.500000476837158
2864,5.631840229034424
2865,7.9553070068359375
2866,7.351351737976074
2867,7.396396636962891
2868,5.863013744354248
2869,6.749998569488525
2870,5.945205211639404
2871,5.954954147338867
2872,8.446927070617676
2873,7.910447597503662
2874,8.726258277893066
2875,9.002486228942871
2876,5.701492786407471
2877,4.74885892868042
2878,5.85335111618042
2879,6.495495796203613
2880,7.932961940765381
2881,5.687150955200195
2882,8.434078216552734
2883,6.844973087310791
2884,8.045660972595215
2885,6.882681369781494
2886,6.83798885345459
2887,5.898044109344482
2888,6.1567158699035645
2889,6.536068916320801
2890,6.737431526184082
2891,6.368715286254883
2892,9.597766876220703
2893,5.414413928985596
2894,5.608938217163086
2895,5.38812780380249
2896,5.653631210327148
2897,7.396649360656738
2898,6.7397260665893555
2899,5.854729175567627
2900,7.122906684875488
2901,6.475125312805176
2902,5.541898727416992
2903,5.716894626617432
2904,8.49549388885498
2905,5.170391082763672
2906,8.252252578735352
2907,6.906424522399902
2908,6.694133758544922
2909,6.480446815490723
2910,7.1050214767456055
2911,6.067038536071777
2912,9.409215927124023
2913,4.8018012046813965
2914,5.689497470855713
2915,5.287670135498047
2916,7.173184394836426
2917,6.039800643920898
2918,11.587987899780273
2919,7.549549102783203
2920,5.2488579750061035
2921,5.827113628387451
2922,7.154228210449219
2923,5.07262659072876
2924,6.185753345489502
2925,5.333333969116211
2926,7.414414405822754
2927,5.740866661071777
2928,5.787708759307861
2929,6.729730129241943
2930,9.798884391784668
2931,5.871507167816162
2932,6.65921688079834
2933,5.279279708862305
2934,5.1144280433654785
2935,6.888060569763184
2936,7.88826847076416
2937,7.10198974609375
2938,6.0597004890441895
2939,8.548880577087402
2940,5.4846367835998535
2941,7.075871467590332
2942,9.407821655273438
2943,5.107541561126709
2944,6.601351737976074
2945,6.273972034454346
2946,7.687150001525879
2947,6.457711219787598
2948,6.475124359130859
2949,6.70895528793335
2950,6.85616397857666
2951,6.274875640869141
2952,5.9064249992370605
2953,7.698323726654053
2954,5.829609394073486
2955,6.022346019744873
2956,6.28212308883667
2957,8.435754776000977
2958,6.585196018218994
2959,5.585586071014404
2960,7.117318153381348
2961,5.48258638381958
2962,11.787712097167969
2963,5.3972601890563965
2964,7.101955413818359
2965,7.0410943031311035
2966,6.935324192047119
2967,7.315314292907715
2968,6.995024681091309
2969,7.910614013671875
2970,8.379886627197266
2971,7.198197841644287
2972,5.171788215637207
2973,6.751242637634277
2974,7.286035060882568
2975,5.956704139709473
2976,7.707762241363525
2977,5.7114434242248535
2978,6.997715950012207
2979,6.25900936126709
2980,10.199004173278809
2981,7.607306480407715
2982,6.960893154144287
2983,7.2680182456970215
2984,5.180179595947266
2985,5.972601413726807
2986,6.5673508644104
2987,6.126126766204834
2988,7.269404411315918
2989,12.569831848144531
2990,6.781094551086426
2991,7.106144905090332
2992,5.941781044006348
2993,6.256982803344727
2994,5.966480255126953
2995,5.960198402404785
2996,6.399252891540527
2997,5.253730773925781
2998,8.512557029724121
2999,7.597764492034912
3000,8.525139808654785
3001,7.687150478363037
3002,8.46927547454834
3003,10.329611778259277
3004,4.718468189239502
3005,6.154229164123535
3006,6.726366996765137
3007,7.54617166519165
3008,7.396648406982422
3009,8.096368789672852
3010,4.88557243347168
3011,6.8918914794921875
3012,5.432836055755615
3013,9.092179298400879
3014,5.036036014556885
3015,7.082401275634766
3016,7.117318630218506
3017,5.491293430328369
3018,6.097972869873047
3019,4.876712322235107
3020,8.601954460144043
3021,5.611939907073975
3022,6.284916400909424
3023,5.6215081214904785
3024,7.645252227783203
3025,5.141552925109863
3026,6.681563377380371
3027,9.329608917236328
3028,6.365296840667725
3029,7.099099159240723
3030,6.648043632507324
3031,8.533519744873047
3032,11.366442680358887
3033,7.576576232910156
3034,7.015766143798828
3035,5.71171236038208
3036,7.4794511795043945
3037,5.387386798858643
3038,7.106144905090332
3039,4.805970191955566
3040,5.38547420501709
3041,5.074626922607422
3042,8.157820701599121
3043,5.526536464691162
3044,7.094972133636475
3045,6.794519901275635
3046,4.92537260055542
3047,6.855721473693848
3048,8.033519744873047
3049,6.135475158691406
3050,5.463469982147217
3051,10.261173248291016
3052,6.325418949127197
3053,5.952515125274658
3054,8.702512741088867
3055,6.1452507972717285
3056,5.03310489654541
3057,5.363183498382568
3058,8.00900936126709
3059,6.636816501617432
3060,5.561452388763428
3061,5.631284713745117
3062,6.726256370544434
3063,7.779679298400879
3064,5.641551971435547
3065,6.357542037963867
3066,7.872145652770996
3067,5.675978660583496
3068,6.853601932525635
3069,7.999998569488525
3070,6.80405330657959
3071,6.143835544586182
3072,7.2342329025268555
3073,6.693692684173584
3074,8.597013473510742
3075,6.301676273345947
3076,9.709497451782227
3077,4.802927494049072
3078,6.156423568725586
3079,7.479452610015869
3080,6.12011194229126
3081,5.730855941772461
3082,6.306307792663574
3083,7.492537021636963
3084,6.513967037200928
3085,6.581006050109863
3086,6.835196018218994
3087,5.722066879272461
3088,5.590182304382324
3089,9.608938217163086
3090,8.770950317382812
3091,7.963469505310059
3092,9.194029808044434
3093,7.273741722106934
3094,5.940298557281494
3095,10.437810897827148
3096,6.0878987312316895
3097,5.159817218780518
3098,4.975124359130859
3099,9.932962417602539
3100,7.651742458343506
3101,6.782122611999512
3102,5.579608917236328
3103,10.625697135925293
3104,6.794519901275635
3105,5.957711696624756
3106,5.778152942657471
3107,6.021688938140869
3108,7.731844902038574
3109,5.692567825317383
3110,8.383562088012695
3111,7.027395725250244
3112,8.25698471069336
3113,7.828214168548584
3114,8.907820701599121
3115,6.65921688079834
3116,5.509131908416748
3117,8.847765922546387
3118,12.414413452148438
3119,9.702736854553223
3120,4.781530857086182
3121,6.789106845855713
3122,6.882681369781494
3123,10.784916877746582
3124,5.180347442626953
3125,6.815920352935791
3126,7.829608917236328
3127,7.346846103668213
3128,6.645521640777588
3129,7.597765922546387
3130,5.557262897491455
3131,6.558658599853516
3132,6.584474086761475
3133,8.17877197265625
3134,7.585585117340088
3135,5.433789253234863
3136,5.034916877746582
3137,7.1343278884887695
3138,6.61173152923584
3139,5.117319107055664
3140,6.5474853515625
3141,6.4676618576049805
3142,7.363129615783691
3143,8.98324203491211
3144,8.508707046508789
3145,6.534916877746582
3146,4.892457962036133
3147,5.866915225982666
3148,6.8413238525390625
3149,6.4695940017700195
3150,7.031093597412109
3151,4.861485958099365
3152,6.703196048736572
3153,6.79329776763916
3154,5.9092183113098145
3155,7.144279479980469
3156,6.648045539855957
3157,7.385475158691406
3158,5.657656669616699
3159,8.81704044342041
3160,5.9966206550598145
3161,8.458101272583008
3162,7.68781042098999
3163,7.270270347595215
3164,10.377094268798828
3165,7.0627851486206055
3166,8.736318588256836
3167,5.889665126800537
3168,6.1735148429870605
3169,6.383084774017334
3170,5.631285190582275
3171,11.91061782836914
3172,5.474860191345215
3173,5.626712322235107
3174,8.979048728942871
3175,5.181591987609863
3176,7.406426429748535
3177,5.93493127822876
3178,7.592040061950684
3179,7.776536464691162
3180,6.328357696533203
3181,6.835820198059082
3182,7.3072614669799805
3183,6.111732006072998
3184,5.910614490509033
3185,6.670392036437988
3186,7.513513088226318
3187,8.03351879119873
3188,5.682836055755615
3189,7.490048885345459
3190,4.557077407836914
3191,6.248756408691406
3192,6.033519268035889
3193,5.340782165527344
3194,6.159204006195068
3195,8.151741027832031
3196,10.298883438110352
3197,5.990050315856934
3198,7.007989406585693
3199,8.871508598327637
3200,9.671642303466797
3201,11.027934074401855
3202,7.3233819007873535
3203,7.329607963562012
3204,5.8109450340271
3205,7.340795993804932
3206,6.083333492279053
3207,5.840795516967773
3208,8.156426429748535
3209,5.037313938140869
3210,6.544519901275635
3211,5.768655776977539
3212,4.960585117340088
3213,6.233240127563477
3214,5.541899681091309
3215,5.177860736846924
3216,5.686567306518555
3217,7.171788692474365
3218,5.9329609870910645
3219,6.916201114654541
3220,5.664804458618164
3221,5.58558464050293
3222,6.456704616546631
3223,6.64676570892334
3224,9.248604774475098
3225,7.262570858001709
3226,6.47716760635376
3227,6.794519901275635
3228,5.709496021270752
3229,10.94553279876709
3230,6.435754299163818
3231,5.520949840545654
3232,6.29050350189209
3233,9.03072738647461
3234,6.410958290100098
3235,6.646649360656738
3236,8.48648738861084
3237,6.925976753234863
3238,8.472066879272461
3239,6.022346019744873
3240,6.460893154144287
3241,6.769553184509277
3242,6.279279708862305
3243,6.735074043273926
3244,6.95522403717041
3245,8.469273567199707
3246,7.094971656799316
3247,6.480445861816406
3248,5.608938694000244
3249,6.684080600738525
3250,6.625697135925293
3251,7.5124382972717285
3252,6.677861213684082
3253,8.65921688079834
3254,6.060056209564209
3255,7.75799036026001
3256,7.054054260253906
3257,5.977653503417969
3258,6.227611064910889
3259,7.294693946838379
3260,5.721392631530762
3261,7.772346496582031
3262,5.307431697845459
3263,9.441340446472168
3264,5.05027961730957
3265,5.134702682495117
3266,7.780821800231934
3267,7.35323429107666
3268,5.735074043273926
3269,10.46927547454834
3270,8.195274353027344
3271,6.189054489135742
3272,6.801675319671631
3273,5.432431697845459
3274,7.832403659820557
3275,5.918994426727295
3276,8.202054977416992
3277,4.944819450378418
3278,7.396397590637207
3279,6.882681369781494
3280,6.548882484436035
3281,5.219274044036865
3282,7.001395225524902
3283,6.245810031890869
3284,6.2736310958862305
3285,6.179104804992676
3286,8.413408279418945
3287,6.111733436584473
3288,9.13432788848877
3289,5.541900157928467
3290,7.74875545501709
3291,6.756755828857422
3292,7.087988376617432
3293,10.127250671386719
3294,5.495495319366455
3295,8.220149993896484
3296,5.829602241516113
3297,6.99502420425415
3298,7.084576606750488
3299,4.022522449493408
3300,5.854748725891113
3301,5.899543285369873
3302,8.301675796508789
3303,11.273744583129883
3304,4.675373077392578
3305,7.251397132873535
3306,6.339385986328125
3307,7.597764492034912
3308,7.504504203796387
3309,7.145269870758057
3310,8.17039966583252
3311,7.592040061950684
3312,9.818495750427246
3313,5.463931083679199
3314,4.558659076690674
3315,8.122905731201172
3316,9.164178848266602
3317,7.262569427490234
3318,5.068436145782471
3319,5.908784866333008
3320,5.5895514488220215
3321,6.782122611999512
3322,9.136871337890625
3323,9.09078311920166
3324,6.301677227020264
3325,5.863013744354248
3326,12.167595863342285
3327,6.467660427093506
3328,5.216480731964111
3329,6.410958290100098
3330,6.993016719818115
3331,6.146766185760498
3332,6.671643257141113
3333,6.536314487457275
3334,7.477476596832275
3335,6.484017848968506
3336,10.673421859741211
3337,6.253378868103027
3338,7.453195095062256
3339,8.58447551727295
3340,6.136985778808594
3341,8.029329299926758
3342,7.18575382232666
3343,8.008380889892578
3344,5.642457962036133
3345,5.9459452629089355
3346,5.832401275634766
3347,4.861871719360352
3348,6.569832801818848
3349,7.251397132873535
3350,6.467660427093506
3351,9.159818649291992
3352,6.557076930999756
3353,6.344972610473633
3354,4.6306304931640625
3355,12.43854808807373
3356,7.391790866851807
3357,7.808218479156494
3358,6.345890522003174
3359,6.327114582061768
3360,6.639639377593994
3361,5.465089797973633
3362,5.617318153381348
3363,5.230593204498291
3364,7.5405402183532715
3365,8.847014427185059
3366,7.344527244567871
3367,7.195530891418457
3368,5.463686466217041
3369,7.240224361419678
3370,5.9178080558776855
3371,8.234637260437012
3372,6.577113151550293
3373,7.266760349273682
3374,5.865921974182129
3375,6.794519901275635
3376,6.053483009338379
3377,6.966416835784912
3378,7.998602867126465
3379,5.865671634674072
3380,6.833799839019775
3381,7.344526767730713
3382,7.944819450378418
3383,7.0149245262146
3384,5.470149517059326
3385,8.603353500366211
3386,6.7946929931640625
3387,11.821229934692383
3388,7.742009162902832
3389,6.944134712219238
3390,8.793532371520996
3391,6.269552707672119
3392,6.6270952224731445
3393,6.84576940536499
3394,6.963964939117432
3395,6.16293478012085
3396,6.338308334350586
3397,7.4531965255737305
3398,5.498603820800781
3399,5.909817218780518
3400,7.083799839019775
3401,10.542237281799316
3402,5.29104471206665
3403,5.8812785148620605
3404,10.569831848144531
3405,8.480447769165039
3406,8.960893630981445
3407,6.410958290100098
3408,9.16552448272705
3409,8.360360145568848
3410,11.27234935760498
3411,6.606965065002441
3412,5.141552448272705
3413,4.67039155960083
3414,7.791095733642578
3415,6.383561611175537
3416,7.981980323791504
3417,8.449004173278809
3418,8.171170234680176
3419,6.226367473602295
3420,8.815919876098633
3421,7.144278526306152
3422,7.779329776763916
3423,6.324021816253662
3424,6.646117210388184
3425,10.372149467468262
3426,6.762438774108887
3427,6.383561611175537
3428,10.849161148071289
3429,8.05405330657959
3430,7.252252101898193
3431,9.889270782470703
3432,6.076815605163574
3433,6.5083794593811035
3434,8.845770835876465
3435,8.378378868103027
3436,5.581005573272705
3437,4.986033916473389
3438,4.128377914428711
3439,4.702513694763184
3440,5.835196018218994
3441,7.045045375823975
3442,5.582401752471924
3443,8.009132385253906
3444,6.231842994689941
3445,5.821228981018066
3446,5.5139665603637695
3447,7.555866241455078
3448,10.86644172668457
3449,5.188355922698975
3450,5.479451656341553
3451,6.0921783447265625
3452,7.552238464355469
3453,7.081005096435547
3454,9.35055923461914
3455,5.9459452629089355
3456,5.1144280433654785
3457,5.821229457855225
3458,11.27238655090332
3459,7.462327003479004
3460,6.089385986328125
3461,10.437150955200195
3462,9.339385032653809
3463,7.773970603942871
3464,7.206704139709473
3465,11.833797454833984
3466,6.107542037963867
3467,6.58706521987915
3468,7.854748725891113
3469,6.885842800140381
3470,6.05586576461792
3471,6.006983280181885
3472,8.517414093017578
3473,15.865922927856445
3474,5.8817572593688965
3475,5.926802635192871
3476,5.720670223236084
3477,8.301676750183105
3478,6.848257541656494
3479,7.9846367835998535
3480,8.329907417297363
3481,6.351350784301758
3482,8.054726600646973
3483,5.411691188812256
3484,7.206704139709473
3485,6.337899208068848
3486,7.242009162902832
3487,6.306305885314941
3488,7.64385461807251
3489,6.234018325805664
3490,6.884703636169434
3491,8.925976753234863
3492,5.117318153381348
3493,5.697488307952881
3494,10.98323917388916
3495,6.019900798797607
3496,11.216217041015625
3497,6.985074043273926
3498,5.800995349884033
3499,7.092039585113525
3500,8.522388458251953
3501,7.363128662109375
3502,7.462685585021973
3503,6.8533525466918945
3504,5.703980445861816
3505,7.007462978363037
3506,6.576576232910156
3507,8.310056686401367
3508,6.438546180725098
3509,6.231843948364258
3510,6.078212738037109
3511,6.758379936218262
3512,5.820895195007324
3513,9.12562084197998
3514,5.57262659072876
3515,9.748873710632324
3516,8.167598724365234
3517,5.492537498474121
3518,7.3134331703186035
3519,5.004189491271973
3520,5.243243217468262
3521,7.195530891418457
3522,6.670391082763672
3523,7.615670204162598
3524,4.807261943817139
3525,6.469271659851074
3526,7.5293288230896
3527,6.648045539855957
3528,6.180179595947266
3529,7.329607963562012
3530,9.38547420501709
3531,8.860336303710938
3532,5.319831848144531
3533,5.832401752471924
3534,5.821228504180908
3535,5.920398235321045
3536,5.51119327545166
3537,8.041899681091309
3538,6.905027866363525
3539,4.7123284339904785
3540,6.892457008361816
3541,5.549750328063965
3542,5.865671157836914
3543,6.821917533874512
3544,6.618720054626465
3545,11.340785026550293
3546,7.17922306060791
3547,5.521143913269043
3548,8.264841079711914
3549,8.371508598327637
3550,5.822625637054443
3551,5.868714332580566
3552,7.2686567306518555
3553,7.843575954437256
3554,5.77653694152832
3555,4.427860736846924
3556,6.6703901290893555
3557,5.7877092361450195
3558,7.530726432800293
3559,7.741621971130371
3560,5.991619110107422
3561,6.256982803344727
3562,7.549548149108887
3563,7.631285667419434
3564,14.910619735717773
3565,5.487431049346924
3566,6.000000476837158
3567,9.542287826538086
3568,4.7668914794921875
3569,6.716416835784912
3570,6.453909397125244
3571,4.509008407592773
3572,5.5236310958862305
3573,6.245809078216553
3574,6.178771018981934
3575,7.385473728179932
3576,7.207205772399902
3577,7.4860334396362305
3578,6.637387752532959
3579,6.0102739334106445
3580,6.569832801818848
3581,12.513965606689453
3582,6.449324607849121
3583,5.771688938140869
3584,8.0
3585,6.430167198181152
3586,6.936073303222656
3587,9.027931213378906
3588,6.614523887634277
3589,8.64639663696289
3590,5.105022430419922
3591,6.614524841308594
3592,5.432648181915283
3593,8.763513565063477
3594,7.990049839019775
3595,8.03351879119873
3596,5.589385032653809
3597,7.348258972167969
3598,7.756756782531738
3599,5.832402229309082
3600,4.864864826202393
3601,6.567567348480225
3602,13.059361457824707
3603,8.507463455200195
3604,7.567566871643066
3605,6.765765190124512
3606,4.882681369781494
3607,7.326815605163574
3608,8.315315246582031
3609,6.4441351890563965
3610,8.82681655883789
3611,5.771143913269043
3612,6.029850959777832
3613,6.275112628936768
3614,7.037711143493652
3615,5.312189102172852
3616,6.536314487457275
3617,6.630136966705322
3618,6.358208179473877
3619,6.435755252838135
3620,7.709498405456543
3621,5.596368789672852
3622,7.23383092880249
3623,5.0205488204956055
3624,8.520950317382812
3625,6.915421485900879
3626,6.874300479888916
3627,6.547486305236816
3628,5.522387981414795
3629,9.66480541229248
3630,5.522522449493408
3631,6.993016719818115
3632,6.686566352844238
3633,7.340782165527344
3634,8.368714332580566
3635,8.001139640808105
3636,5.674580097198486
3637,7.04189920425415
3638,6.450449466705322
3639,7.273743629455566
3640,6.324324131011963
3641,9.251396179199219
3642,5.497206211090088
3643,4.8240227699279785
3644,6.457711219787598
3645,6.437811374664307
3646,8.033517837524414
3647,7.530726432800293
3648,5.303071975708008
3649,7.518155097961426
3650,6.396648406982422
3651,10.167597770690918
3652,8.30027961730957
3653,5.990048885345459
3654,10.318408012390137
3655,7.240221977233887
3656,8.812786102294922
3657,6.231980323791504
3658,6.517413139343262
3659,7.262568473815918
3660,5.19133996963501
3661,6.646765232086182
3662,9.720671653747559
3663,6.020949363708496
3664,8.853351593017578
3665,5.422884941101074
3666,6.291045188903809
3667,4.785387992858887
3668,6.228855609893799
3669,8.477654457092285
3670,5.251397132873535
3671,6.407959938049316
3672,6.960893154144287
3673,7.296019554138184
3674,6.726258277893066
3675,8.517410278320312
3676,6.507989406585693
3677,6.745810508728027
3678,5.093283176422119
3679,7.430169105529785
3680,6.139303684234619
3681,5.586592197418213
3682,5.461186408996582
3683,8.009008407592773
3684,7.616438388824463
3685,5.441340923309326
3686,8.879888534545898
3687,6.071917533874512
3688,6.939055442810059
3689,7.471392631530762
3690,10.378377914428711
3691,6.055865287780762
3692,4.983240127563477
3693,5.814245700836182
3694,5.70949649810791
3695,6.742008209228516
3696,5.70270299911499
3697,6.467662811279297
3698,6.639664649963379
3699,5.751244068145752
3700,5.570775985717773
3701,6.450448513031006
3702,6.593574523925781
3703,6.813925266265869
3704,8.696927070617676
3705,5.206704139709473
3706,7.2402238845825195
3707,6.1117329597473145
3708,10.055864334106445
3709,8.449721336364746
3710,6.124302387237549
3711,6.031094551086426
3712,6.142457962036133
3713,6.694029808044434
3714,6.167598724365234
3715,6.367116451263428
3716,7.8299560546875
3717,8.109453201293945
3718,5.522830486297607
3719,8.312848091125488
3720,5.1508378982543945
3721,5.342341899871826
3722,6.381285190582275
3723,6.071229934692383
3724,5.824021816253662
3725,4.517413139343262
3726,9.846367835998535
3727,5.25114107131958
3728,5.343283176422119
3729,11.85198974609375
3730,6.139304161071777
3731,5.810055732727051
3732,5.340782642364502
3733,6.794691562652588
3734,5.122747898101807
3735,5.921788692474365
3736,8.109589576721191
3737,5.966480255126953
3738,6.288558006286621
3739,7.117117404937744
3740,7.016760349273682
3741,6.782122611999512
3742,7.033519744873047
3743,5.675978183746338
3744,7.4078216552734375
3745,5.960198879241943
3746,6.033520698547363
3747,8.006983757019043
3748,6.396648406982422
3749,8.533519744873047
3750,7.396648406982422
3751,8.855722427368164
3752,8.627096176147461
3753,5.305866241455078
3754,5.6903157234191895
3755,6.118714809417725
3756,6.4120988845825195
3757,5.363129138946533
3758,6.292236328125
3759,6.456620693206787
3760,5.822624683380127
3761,7.173184871673584
3762,6.47747802734375
3763,6.675797939300537
3764,6.14385461807251
3765,8.40223503112793
3766,6.16201114654541
3767,6.895521640777588
3768,6.513965606689453
3769,6.037710189819336
3770,7.9729719161987305
3771,5.966480731964111
3772,7.360360145568848
3773,5.1891889572143555
3774,5.764638900756836
3775,7.799086093902588
3776,5.351955890655518
3777,6.955223083496094
3778,9.28491497039795
3779,4.893835544586182
3780,6.6033525466918945
3781,7.104477882385254
3782,5.61442756652832
3783,8.159220695495605
3784,6.480446815490723
3785,9.013964653015137
3786,6.199005126953125
3787,5.350559234619141
3788,6.378377914428711
3789,5.474859714508057
3790,7.003731727600098
3791,5.452054977416992
3792,9.910446166992188
3793,6.7709503173828125
3794,5.402984619140625
3795,9.071229934692383
3796,6.900900363922119
3797,6.435754299163818
3798,6.537710666656494
3799,5.93721342086792
3800,5.221392631530762
3801,6.8047943115234375
3802,4.981982231140137
3803,7.262570381164551
3804,6.748858451843262
3805,7.012570381164551
3806,8.335197448730469
3807,8.534915924072266
3808,7.094971656799316
3809,5.826483726501465
3810,5.687150478363037
3811,8.972067832946777
3812,6.145252227783203
3813,6.1027398109436035
3814,6.400498390197754
3815,6.201117038726807
3816,8.527362823486328
3817,5.139664649963379
3818,7.785387992858887
3819,6.131284236907959
3820,5.225225448608398
3821,7.572138786315918
3822,6.977166652679443
3823,5.9474873542785645
3824,6.045044898986816
3825,6.266759395599365
3826,7.027932167053223
3827,8.880597114562988
3828,6.692737579345703
3829,6.813925266265869
3830,6.917598724365234
3831,5.769900321960449
3832,7.396395683288574
3833,5.765766143798828
3834,7.212289333343506
3835,5.3607306480407715
3836,6.705307960510254
3837,7.074627876281738
3838,6.537313938140869
3839,6.8383073806762695
3840,6.593606472015381
3841,9.10323429107666
3842,6.899440765380859
3843,9.720671653747559
3844,5.826483249664307
3845,7.2876715660095215
3846,6.0273966789245605
3847,5.8482584953308105
3848,6.992537498474121
3849,6.76119327545166
3850,6.078212738037109
3851,6.9720659255981445
3852,6.5662078857421875
3853,7.821228981018066
3854,6.203980445861816
3855,5.575417995452881
3856,5.882882595062256
3857,7.960585117340088
3858,7.039107322692871
3859,5.534909725189209
3860,5.562189102172852
3861,7.988827705383301
3862,5.29353141784668
3863,7.36318302154541
3864,7.765362739562988
3865,5.899441719055176
3866,7.810056209564209
3867,10.174581527709961
3868,5.9925384521484375
3869,9.069831848144531
3870,6.124300956726074
3871,6.227611541748047
3872,7.5628485679626465
3873,7.921787261962891
3874,8.23603343963623
3875,11.488582611083984
3876,9.258378982543945
3877,7.303652286529541
3878,6.9385480880737305
3879,6.954953670501709
3880,7.831005096435547
3881,7.800993919372559
3882,7.4825873374938965
3883,7.050278663635254
3884,5.106144905090332
3885,9.283580780029297
3886,6.029850006103516
3887,11.09497356414795
3888,9.375699043273926
3889,5.671641826629639
3890,6.468035697937012
3891,6.178770542144775
3892,6.342342376708984
3893,7.073382377624512
3894,8.755707740783691
3895,5.969273090362549
3896,8.748603820800781
3897,7.882882595062256
3898,7.534246921539307
3899,6.081049919128418
3900,5.741292953491211
3901,7.251397609710693
3902,5.350558280944824
3903,5.432835578918457
3904,8.57711410522461
3905,9.041095733642578
3906,7.0097761154174805
3907,6.945530891418457
3908,6.654109001159668
3909,6.059701442718506
3910,7.189189910888672
3911,6.948324680328369
3912,7.663407802581787
3913,5.350558757781982
3914,6.5502800941467285
3915,7.196347236633301
3916,8.181591033935547
3917,6.636870384216309
3918,5.990049839019775
3919,6.899252891540527
3920,9.08903980255127
3921,5.944133758544922
3922,7.6716413497924805
3923,11.430169105529785
3924,5.57960844039917
3925,7.687150001525879
3926,6.300227165222168
3927,6.7821245193481445
3928,4.886815547943115
3929,6.703195095062256
3930,5.946927070617676
3931,5.44154167175293
3932,6.748873710632324
3933,8.048882484436035
3934,5.420391082763672
3935,5.526536464691162
3936,5.980098724365234
3937,7.114153861999512
3938,9.240222930908203
3939,6.413407325744629
3940,5.071917533874512
3941,7.8355841636657715
3942,7.522521018981934
3943,5.715083599090576
3944,6.435754299163818
3945,6.299750804901123
3946,6.703909873962402
3947,5.916666507720947
3948,9.41899585723877
3949,6.073197841644287
3950,6.018264293670654
3951,6.245810031890869
3952,7.032656669616699
3953,9.001397132873535
3954,5.549549579620361
3955,6.798422813415527
3956,8.630629539489746
3957,6.525140285491943
3958,7.197761535644531
3959,6.1229047775268555
3960,6.748857021331787
3961,6.949720859527588
3962,7.00497579574585
3963,7.664804935455322
3964,6.424656867980957
3965,9.12328815460205
3966,7.213929653167725
3967,10.011173248291016
3968,6.592177391052246
3969,9.359232902526855
3970,5.844527721405029
3971,6.247206211090088
3972,4.772345542907715
3973,8.517412185668945
3974,8.73742961883545
3975,6.343606948852539
3976,7.956704139709473
3977,8.288558006286621
3978,5.889303207397461
3979,7.923184394836426
3980,5.810055255889893
3981,7.006983280181885
3982,5.303652763366699
3983,6.525139808654785
3984,8.34703254699707
3985,8.2136869430542
3986,9.624428749084473
3987,8.97635269165039
3988,7.009778022766113
3989,5.108108043670654
3990,6.415421962738037
3991,6.169154644012451
3992,6.279278755187988
3993,11.675975799560547
3994,6.3321919441223145
3995,5.262569427490234
3996,7.077624320983887
3997,6.256983757019043
3998,5.899542808532715
3999,8.272388458251953
4000,8.539953231811523
4001,8.594526290893555
4002,5.979729175567627
4003,7.774774074554443
4004,7.263681888580322
4005,8.182647705078125
4006,9.441341400146484
4007,8.028607368469238
4008,6.892457485198975
4009,7.889664649963379
4010,6.513967037200928
4011,5.406391620635986
4012,8.815642356872559
4013,7.6305952072143555
4014,10.034910202026367
4015,6.584473609924316
4016,7.441342830657959
4017,6.401741981506348
4018,6.2346367835998535
4019,9.847973823547363
4020,6.1564249992370605
4021,8.268157005310059
4022,6.8029279708862305
4023,6.210043907165527
4024,6.860334873199463
4025,6.692736625671387
4026,8.018656730651855
4027,5.077702522277832
4028,5.877094745635986
4029,4.759777069091797
4030,6.435754299163818
4031,7.723464012145996
4032,7.9664812088012695
4033,5.80027961730957
4034,8.126866340637207
4035,6.557076930999756
4036,6.826815605163574
4037,12.659219741821289
4038,6.4148054122924805
4039,6.949719429016113
4040,6.129353046417236
4041,8.292288780212402
4042,7.472637176513672
4043,6.477612495422363
4044,7.258706569671631
4045,7.570775508880615
4046,7.243243217468262
4047,6.060810565948486
4048,5.641061782836914
4049,6.138059139251709
4050,5.843574523925781
4051,7.522388458251953
4052,7.360696315765381
4053,5.960893154144287
4054,5.553072929382324
4055,6.164384841918945
4056,7.0149245262146
4057,6.141790866851807
4058,5.784915924072266
4059,7.977653503417969
4060,6.2686567306518555
4061,7.729730129241943
4062,6.0673508644104
4063,6.0335187911987305
4064,6.296802997589111
4065,7.102738857269287
4066,6.480447292327881
4067,8.548882484436035
4068,5.513514518737793
4069,6.255707740783691
4070,5.412100315093994
4071,5.916666030883789
4072,9.196928024291992
4073,6.0148396492004395
4074,6.234635829925537
4075,6.633084297180176
4076,6.477477073669434
4077,8.287711143493652
4078,5.928771018981934
4079,7.287709712982178
4080,7.4860334396362305
4081,6.0335211753845215
4082,5.107541561126709
4083,7.141060829162598
4084,7.363127708435059
4085,5.497715950012207
4086,6.2346367835998535
4087,5.82882833480835
4088,6.889303684234619
4089,6.713929653167725
4090,5.5754194259643555
4091,6.558659553527832
4092,14.962292671203613
4093,11.217877388000488
4094,6.529679298400879
4095,6.776120185852051
4096,7.051676273345947
4097,7.430167198181152
4098,9.553071975708008
4099,6.851990699768066
4100,8.965173721313477
4101,5.060055255889893
4102,7.5236310958862305
4103,6.683557987213135
4104,5.976256847381592
4105,6.1293535232543945
4106,5.940297603607178
4107,7.738738059997559
4108,6.960893154144287
4109,6.338308334350586
4110,6.8789963722229
4111,7.131285667419434
4112,4.741293430328369
4113,6.850558280944824
4114,6.5045037269592285
4115,6.396395683288574
4116,6.245810031890869
4117,4.9346842765808105
4118,6.145252704620361
4119,7.301674842834473
4120,7.666666507720947
4121,5.570775508880615
4122,7.021143436431885
4123,8.975123405456543
4124,6.546801567077637
4125,5.16201114654541
4126,6.968034267425537
4127,6.298422813415527
4128,9.061452865600586
4129,5.741293430328369
4130,6.704954624176025
4131,7.004189968109131
4132,5.351350784301758
4133,5.800994396209717
4134,9.048882484436035
4135,6.3128485679626465
4136,6.245024681091309
4137,5.318436145782471
4138,6.149253845214844
4139,6.498756408691406
4140,10.279850006103516
4141,6.711711883544922
4142,8.048505783081055
4143,6.900900840759277
4144,6.559683799743652
4145,9.298883438110352
4146,7.4626874923706055
4147,11.229047775268555
4148,6.044693470001221
4149,7.069634437561035
4150,10.122904777526855
4151,7.063061714172363
4152,6.593606472015381
4153,8.32402229309082
4154,9.103352546691895
4155,6.614524841308594
4156,5.068436145782471
4157,5.751244068145752
4158,6.2458109855651855
4159,7.781094551086426
4160,4.73383092880249
4161,7.039106845855713
4162,7.083798408508301
4163,6.916201591491699
4164,6.146395206451416
4165,5.259950160980225
4166,6.603602409362793
4167,6.486486911773682
4168,10.569830894470215
4169,6.4259772300720215
4170,5.279279708862305
4171,7.532337188720703
4172,6.874427795410156
4173,5.7195940017700195
4174,4.1270952224731445
4175,6.171170234680176
4176,8.437811851501465
4177,5.023632049560547
4178,5.52374267578125
4179,5.3966474533081055
4180,7.0684919357299805
4181,9.378377914428711
4182,8.279279708862305
4183,7.900900840759277
4184,5.621621608734131
4185,5.914413928985596
4186,4.6278533935546875
4187,6.534825325012207
4188,5.432836055755615
4189,6.2374420166015625
4190,7.850747108459473
4191,6.867318153381348
4192,8.33830738067627
4193,9.507989883422852
4194,8.273972511291504
4195,7.2178778648376465
4196,7.340782165527344
4197,6.819819450378418
4198,5.819820404052734
4199,6.23756217956543
4200,5.8547492027282715
4201,8.21229076385498
4202,7.738738059997559
4203,7.783783912658691
4204,5.141062259674072
4205,4.931506633758545
4206,8.248602867126465
4207,7.350558280944824
4208,5.1983232498168945
4209,7.416199684143066
4210,6.862611293792725
4211,7.778537750244141
4212,5.016759395599365
4213,5.878108978271484
4214,8.835820198059082
4215,5.9203901290893555
4216,6.088307857513428
4217,6.976025581359863
4218,5.7877092361450195
4219,6.053650856018066
4220,7.3072638511657715
4221,6.277933120727539
4222,7.597765922546387
4223,5.172374248504639
4224,7.026536464691162
4225,5.557214260101318
4226,5.120111465454102
4227,6.550279140472412
4228,6.511415004730225
4229,6.970669746398926
4230,9.694031715393066
4231,5.822139263153076
4232,6.9954328536987305
4233,6.357541561126709
4234,5.653631210327148
4235,5.1081085205078125
4236,7.383084774017334
4237,12.819819450378418
4238,6.335195541381836
4239,6.603350639343262
4240,10.435752868652344
4241,6.070945739746094
4242,6.604748725891113
4243,5.966480731964111
4244,7.031961917877197
4245,5.787709712982178
4246,6.566441535949707
4247,6.7263689041137695
4248,8.279329299926758
4249,6.675675868988037
4250,5.349161624908447
4251,7.387387752532959
4252,5.758706092834473
4253,6.541899681091309
4254,6.4748854637146
4255,5.738827228546143
4256,7.675978183746338
4257,5.168950080871582
4258,5.418993949890137
4259,5.655026912689209
4260,7.195531368255615
4261,7.265362739562988
4262,6.5970139503479
4263,5.970149993896484
4264,8.207207679748535
4265,8.845720291137695
4266,7.995810031890869
4267,10.178770065307617
4268,7.146767616271973
4269,7.016760349273682
4270,7.810057163238525
4271,6.539414405822754
4272,6.696516513824463
4273,7.695531368255615
4274,5.422885417938232
4275,5.997715473175049
4276,6.928771018981934
4277,6.234233856201172
4278,7.7313432693481445
4279,5.223743915557861
4280,7.801676273345947
4281,5.997206687927246
4282,4.386871337890625
4283,6.949721336364746
4284,6.692736625671387
4285,6.455307960510254
4286,6.017412185668945
4287,6.344971656799316
4288,6.53153133392334
4289,9.612613677978516
4290,9.28358268737793
4291,5.846846580505371
4292,7.043295383453369
4293,7.966479301452637
4294,5.69278621673584
4295,7.29329776763916
4296,6.426939964294434
4297,6.7350754737854
4298,7.816208839416504
4299,6.756219387054443
4300,7.676800727844238
4301,5.7877092361450195
4302,7.262571811676025
4303,6.515364170074463
4304,6.114154815673828
4305,5.695531368255615
4306,6.699721336364746
4307,6.089385032653809
4308,6.6295037269592285
4309,7.141790866851807
4310,7.117318630218506
4311,6.261261940002441
4312,7.592039585113525
4313,6.71118688583374
4314,8.034916877746582
4315,5.907821178436279
4316,8.702702522277832
4317,7.3910627365112305
4318,7.117116451263428
4319,6.313924789428711
4320,6.039801120758057
4321,5.716480731964111
4322,9.240050315856934
4323,5.569651126861572
4324,9.083800315856934
4325,7.53424596786499
4326,10.477611541748047
4327,6.387387275695801
4328,5.92694091796875
4329,6.40921688079834
4330,5.225224494934082
4331,5.955307960510254
4332,7.547486782073975
4333,5.7325873374938965
4334,8.518655776977539
4335,7.5991621017456055
4336,8.656715393066406
4337,6.368160247802734
4338,7.391892433166504
4339,6.7234649658203125
4340,7.645251274108887
4341,5.5656418800354
4342,8.606966018676758
4343,5.094748497009277
4344,7.810944557189941
4345,7.775139808654785
4346,6.268157005310059
4347,8.346368789672852
4348,6.117116451263428
4349,9.978857040405273
4350,5.7545647621154785
4351,5.1396403312683105
4352,6.896119117736816
4353,5.213963985443115
4354,6.266759872436523
4355,4.808218479156494
4356,8.666666984558105
4357,7.661691188812256
4358,7.564245700836182
4359,7.470320224761963
4360,7.552237510681152
4361,7.034825801849365
4362,6.381284713745117
4363,6.827113151550293
4364,6.967878818511963
4365,5.824325084686279
4366,6.064246654510498
4367,7.752793788909912
4368,7.612612247467041
4369,8.219178199768066
4370,5.730592250823975
4371,5.471459865570068
4372,6.667598724365234
4373,10.529683113098145
4374,5.65223503112793
4375,9.313433647155762
4376,6.931563377380371
4377,10.28358268737793
4378,6.290503978729248
4379,8.778539657592773
4380,8.428771018981934
4381,7.5991621017456055
4382,6.437811374664307
4383,7.659204006195068
4384,7.150838375091553
4385,6.068693161010742
4386,8.893856048583984
4387,6.567165374755859
4388,6.737431526184082
4389,8.80447006225586
4390,7.5684356689453125
4391,7.550279140472412
4392,10.578210830688477
4393,6.144144058227539
4394,5.621890068054199
4395,6.301676273345947
4396,7.5310959815979
4397,7.016892433166504
4398,6.05405330657959
4399,6.574021816253662
4400,8.69154167175293
4401,5.523631572723389
4402,8.30845832824707
4403,8.06704044342041
4404,7.8242011070251465
4405,5.432432174682617
4406,6.368243217468262
4407,8.43607234954834
4408,8.62686538696289
4409,9.605720520019531
4410,7.061453342437744
4411,7.657656192779541
4412,6.569832801818848
4413,4.534916400909424
4414,8.972068786621094
4415,7.054054260253906
4416,6.502282619476318
4417,8.561452865600586
4418,7.5945940017700195
4419,8.39801025390625
4420,6.011173248291016
4421,8.17792797088623
4422,6.170397758483887
4423,7.657658576965332
4424,6.885476112365723
4425,5.834577560424805
4426,6.000000476837158
4427,8.224861145019531
4428,7.337988376617432
4429,7.159815788269043
4430,7.101954460144043
4431,5.589040756225586
4432,5.465173721313477
4433,7.810811519622803
4434,6.437150001525879
4435,9.413244247436523
4436,6.324626922607422
4437,6.00900936126709
4438,5.733240127563477
4439,6.162163257598877
4440,9.710892677307129
4441,4.531530857086182
4442,6.62161922454834
4443,6.383562088012695
4444,7.657820701599121
4445,6.780726432800293
4446,6.6723737716674805
4447,9.585195541381836
4448,6.496270179748535
4449,6.5720720291137695
4450,7.509008884429932
4451,7.582087516784668
4452,6.712289333343506
4453,5.339385032653809
4454,9.287671089172363
4455,7.068492889404297
4456,7.641790866851807
4457,10.044693946838379
4458,9.821228981018066
4459,9.202513694763184
4460,5.886260986328125
4461,5.742116928100586
4462,5.293919563293457
4463,11.675674438476562
4464,7.474860191345215
4465,6.748602867126465
4466,7.026536464691162
4467,6.606965065002441
4468,5.620111465454102
4469,5.9086761474609375
4470,6.240049362182617
4471,7.034825325012207
4472,5.711442470550537
4473,9.868243217468262
4474,7.173184394836426
4475,6.905028343200684
4476,5.417597770690918
4477,5.702701568603516
4478,8.504502296447754
4479,9.307432174682617
4480,8.900900840759277
4481,8.025138854980469
4482,8.256982803344727
4483,8.64804458618164
4484,6.625699043273926
4485,7.395251274108887
4486,6.726366996765137
4487,8.593606948852539
4488,6.246574878692627
4489,8.059701919555664
4490,6.127852916717529
4491,5.223744869232178
4492,5.807076454162598
4493,9.430169105529785
4494,5.741293907165527
4495,8.079608917236328
4496,7.463686943054199
4497,6.2465739250183105
4498,5.6467671394348145
4499,6.231980800628662
4500,5.940298080444336
4501,6.4203925132751465
4502,5.553072452545166
4503,6.6466474533081055
4504,5.793532371520996
4505,10.109455108642578
4506,5.756983757019043
4507,5.270269870758057
4508,5.780822277069092
4509,5.326815605163574
4510,7.00558614730835
4511,6.126125812530518
4512,5.4860334396362305
4513,6.486485481262207
4514,7.388268947601318
4515,9.273744583129883
4516,5.839385509490967
4517,5.946928024291992
4518,5.990866661071777
4519,6.6965179443359375
4520,7.968905448913574
4521,7.141890048980713
4522,6.737429141998291
4523,5.970149517059326
4524,5.600745677947998
4525,6.100558757781982
4526,7.061453342437744
4527,7.940299987792969
4528,6.018017768859863
4529,6.965174674987793
4530,5.783782958984375
4531,8.81592082977295
4532,8.58445930480957
4533,4.712328910827637
4534,5.969274520874023
4535,8.593283653259277
4536,6.27860689163208
4537,7.634078025817871
4538,5.342342376708984
4539,5.92039155960083
4540,7.027933597564697
4541,7.438549041748047
4542,7.331006050109863
4543,5.980099678039551
4544,6.727611541748047
4545,6.077113151550293
4546,8.547264099121094
4547,8.631278038024902
4548,6.228309154510498
4549,6.847765922546387
4550,5.342342376708984
4551,6.932646751403809
4552,6.694064140319824
4553,5.498603820800781
4554,8.122904777526855
4555,4.910958766937256
4556,4.694063663482666
4557,7.677859306335449
4558,9.083800315856934
4559,6.182961463928223
4560,7.262569427490234
4561,6.413407325744629
4562,6.686566352844238
4563,7.108940124511719
4564,9.28352165222168
4565,7.999998569488525
4566,7.843575954437256
4567,6.309701919555664
4568,5.077702522277832
4569,6.557211875915527
4570,6.957760810852051
4571,5.083333492279053
4572,6.61173152923584
4573,7.603350639343262
4574,5.1872148513793945
4575,12.009778022766113
4576,6.358938217163086
4577,5.855855464935303
4578,6.945530891418457
4579,8.027398109436035
4580,7.861870765686035
4581,8.5363130569458
4582,7.5024871826171875
4583,8.265362739562988
4584,7.492537021636963
4585,6.892457485198975
4586,7.58798885345459
4587,8.11173152923584
4588,5.579609394073486
4589,7.452513694763184
4590,8.092178344726562
4591,6.335195064544678
4592,7.57262659072876
4593,7.351598262786865
4594,6.9353227615356445
4595,6.310056209564209
4596,6.834475517272949
4597,6.641061305999756
4598,5.598172664642334
4599,6.490048885345459
4600,6.893855094909668
4601,6.815919399261475
4602,7.0502800941467285
4603,6.51141357421875
4604,5.185323238372803
4605,6.880597114562988
4606,6.033519744873047
4607,6.696516513824463
4608,6.294693470001221
4609,9.269408226013184
4610,5.09121561050415
4611,6.905472755432129
4612,5.127252101898193
4613,7.653631687164307
4614,6.904109001159668
4615,8.109587669372559
4616,5.721846103668213
4617,6.399543762207031
4618,6.126126766204834
4619,5.854477405548096
4620,6.9280805587768555
4621,5.888268947601318
4622,7.482585906982422
4623,7.675978183746338
4624,6.107305526733398
4625,10.69273853302002
4626,7.843574523925781
4627,6.420090675354004
4628,4.905028343200684
4629,6.923514366149902
4630,7.418994903564453
4631,7.487429618835449
4632,7.701491355895996
4633,7.810809135437012
4634,7.624999046325684
4635,8.378108978271484
4636,6.1815643310546875
4637,8.07821273803711
4638,5.861939907073975
4639,5.8002800941467285
4640,6.7709503173828125
4641,5.8333330154418945
4642,7.930349826812744
4643,8.836593627929688
4644,5.262557029724121
4645,5.497206211090088
4646,8.715084075927734
4647,9.418993949890137
4648,6.9315056800842285
4649,5.934357643127441
4650,9.352740287780762
4651,7.333333492279053
4652,6.589385986328125
4653,6.9353227615356445
4654,7.921788215637207
4655,6.24875545501709
4656,7.1343278884887695
4657,6.949720859527588
4658,7.00900936126709
4659,6.807212829589844
4660,5.899542808532715
4661,5.284246921539307
4662,5.988826274871826
4663,6.189943790435791
4664,7.3533525466918945
4665,6.592465400695801
4666,7.223743438720703
4667,6.83798885345459
4668,8.696517944335938
4669,8.569832801818848
4670,7.915539741516113
4671,5.225225448608398
4672,7.290541172027588
4673,8.39804458618164
4674,5.205478668212891
4675,7.154227256774902
4676,7.885572910308838
4677,4.89385461807251
4678,5.160614490509033
4679,6.043295860290527
4680,4.2432427406311035
4681,6.319652080535889
4682,8.983108520507812
4683,6.448324680328369
4684,7.999999046325684
4685,6.0273637771606445
4686,6.656716346740723
4687,6.7031965255737305
4688,6.703195095062256
4689,7.57262659072876
4690,5.830845832824707
4691,6.077624797821045
4692,5.5
4693,7.486032009124756
4694,7.083799839019775
4695,14.794525146484375
4696,5.826576232910156
4697,6.525139808654785
4698,8.357542037963867
4699,5.420397758483887
4700,7.047263145446777
4701,6.368714332580566
4702,5.497717380523682
4703,6.740049839019775
4704,7.661692142486572
4705,7.909910678863525
4706,7.653631687164307
4707,5.707762241363525
4708,8.63557243347168
4709,7.3072614669799805
4710,6.136986255645752
4711,8.837989807128906
4712,5.333333969116211
4713,7.028153419494629
4714,6.748602867126465
4715,8.558660507202148
4716,6.279278755187988
4717,9.955307006835938
4718,6.00838041305542
4719,7.691540718078613
4720,8.534915924072266
4721,6.857541084289551
4722,10.262568473815918
4723,5.6270952224731445
4724,6.882681369781494
4725,7.062849998474121
4726,12.23880672454834
4727,6.269553184509277
4728,5.171788215637207
4729,7.811453342437744
4730,8.057214736938477
4731,6.636872291564941
4732,5.771143913269043
4733,11.664803504943848
4734,7.369368553161621
4735,6.972067356109619
4736,6.432961463928223
4737,6.900900363922119
4738,5.636871814727783
4739,7.068408012390137
4740,7.981734275817871
4741,6.748602867126465
4742,6.834576606750488
4743,6.4231858253479
4744,6.783519744873047
4745,8.221393585205078
4746,6.293378829956055
4747,4.67039155960083
4748,6.937150478363037
4749,5.905472755432129
4750,5.577114582061768
4751,6.053074836730957
4752,6.648045539855957
4753,6.575342655181885
4754,6.048882484436035
4755,8.746270179748535
4756,7.298882961273193
4757,7.513514041900635
4758,5.342178821563721
4759,6.3184356689453125
4760,5.99099063873291
4761,6.793295860290527
4762,5.687151908874512
4763,5.559360027313232
4764,10.348258972167969
4765,4.6306304931640625
4766,7.661691188812256
4767,5.8547492027282715
4768,8.755586624145508
4769,6.179103851318359
4770,8.127853393554688
4771,5.610335826873779
4772,6.279329299926758
4773,9.27374267578125
4774,5.388513565063477
4775,6.6193695068359375
4776,6.636870384216309
4777,5.412935256958008
4778,9.798882484436035
4779,6.139304161071777
4780,6.425978660583496
4781,7.252252101898193
4782,7.641791343688965
4783,5.0518012046813965
4784,10.592180252075195
4785,6.370111465454102
4786,5.607542037963867
4787,13.059366226196289
4788,6.387387275695801
4789,8.348258018493652
4790,4.803072929382324
4791,9.570895195007324
4792,5.624302864074707
4793,8.090782165527344
4794,8.242117881774902
4795,6.30136775970459
4796,6.601349830627441
4797,6.804471015930176
4798,7.004190921783447
4799,8.607542037963867
4800,5.797945022583008
4801,5.991293430328369
4802,6.256983280181885
4803,5.259777069091797
4804,6.697760581970215
4805,4.405405044555664
4806,5.269900321960449
4807,5.53424596786499
4808,5.351954936981201
4809,4.713963985443115
4810,6.949720859527588
4811,5.771143436431885
4812,6.477654457092285
4813,6.029850482940674
4814,9.369402885437012
4815,7.212686061859131
4816,8.423423767089844
4817,5.497716426849365
4818,6.88826847076416
4819,6.355721473693848
4820,6.746268272399902
4821,10.322071075439453
4822,11.771146774291992
4823,6.7331085205078125
4824,7.5405402183532715
4825,7.733107566833496
4826,5.243780136108398
4827,6.713929653167725
4828,6.0935750007629395
4829,6.242537021636963
4830,6.792792320251465
4831,5.407820701599121
4832,7.666201114654541
4833,8.08955192565918
4834,6.37988805770874
4835,6.328765392303467
4836,7.698323726654053
4837,7.368721961975098
4838,7.829602241516113
4839,7.211710453033447
4840,7.63184118270874
4841,4.737429618835449
4842,7.986034393310547
4843,5.810945510864258
4844,7.582087516784668
4845,7.980098724365234
4846,5.016759872436523
4847,6.958100318908691
4848,7.631285190582275
4849,7.486035346984863
4850,8.3687162399292
4851,8.059700965881348
4852,10.357542037963867
4853,7.720147609710693
4854,5.418994903564453
4855,7.45273494720459
4856,6.927929878234863
4857,7.3296098709106445
4858,10.769553184509277
4859,9.388266563415527
4860,6.703909873962402
4861,10.666669845581055
4862,6.965174674987793
4863,8.62569808959961
4864,5.472637176513672
4865,6.525140285491943
4866,6.846848964691162
4867,6.876711845397949
4868,7.351351261138916
4869,7.548882961273193
4870,7.519553184509277
4871,5.875621795654297
4872,5.789953708648682
4873,6.474862098693848
4874,6.722067356109619
4875,6.087836742401123
4876,7.240221977233887
4877,7.508380889892578
4878,7.484635829925537
4879,5.9257988929748535
4880,6.458100318908691
4881,8.772346496582031
4882,7.451491355895996
4883,6.188546657562256
4884,6.964611053466797
4885,5.643855571746826
4886,6.019900321960449
4887,7.166665554046631
4888,5.976367473602295
4889,6.347764492034912
4890,9.079608917236328
4891,5.386816024780273
4892,5.660447597503662
4893,5.977654457092285
4894,7.611939907073975
4895,5.08582067489624
4896,8.067163467407227
4897,9.427374839782715
4898,6.34776496887207
4899,4.865671157836914
4900,4.796019554138184
4901,6.524774074554443
4902,6.734234809875488
4903,5.8109450340271
4904,6.826815605163574
4905,6.480446815490723
4906,6.656716823577881
4907,9.13308334350586
4908,6.6033525466918945
4909,8.022346496582031
4910,4.886815547943115
4911,10.208101272583008
4912,4.994412899017334
4913,8.858938217163086
4914,8.145251274108887
4915,5.5405402183532715
4916,10.145251274108887
4917,6.547263145446777
4918,5.417597770690918
4919,7.93575382232666
4920,5.500000476837158
4921,6.858445644378662
4922,6.726256370544434
4923,6.179104328155518
4924,8.438355445861816
4925,6.328766822814941
4926,4.734637260437012
4927,15.977655410766602
4928,5.899441242218018
4929,8.312849044799805
4930,9.28109359741211
4931,5.575418949127197
4932,6.513513088226318
4933,6.703911781311035
4934,8.867319107055664
4935,7.432835578918457
4936,5.62011194229126
4937,5.069819450378418
4938,6.711443901062012
4939,7.243781089782715
4940,5.124378204345703
4941,6.169153690338135
4942,8.413408279418945
4943,6.114428997039795
4944,6.368715763092041
4945,5.801802158355713
4946,11.75124454498291
4947,7.54477596282959
4948,6.573197841644287
4949,6.513967037200928
4950,6.577115058898926
4951,8.223464012145996
4952,5.924581527709961
4953,7.392692565917969
4954,6.335195541381836
4955,4.713930606842041
4956,6.06306266784668
4957,7.449720859527588
4958,6.0991621017456055
4959,8.409204483032227
4960,7.196346282958984
4961,7.2402238845825195
4962,7.064675807952881
4963,5.846847057342529
4964,8.721461296081543
4965,7.555865287780762
4966,5.976255893707275
4967,6.502793788909912
4968,5.6666669845581055
4969,5.899441242218018
4970,9.513513565063477
4971,6.40410852432251
4972,7.512434959411621
4973,6.703195095062256
4974,6.126125335693359
4975,9.292287826538086
4976,6.5
4977,5.689496994018555
4978,7.065642356872559
4979,6.2653632164001465
4980,6.726367950439453
4981,4.452514171600342
4982,5.552238464355469
4983,8.201115608215332
4984,5.643855094909668
4985,4.96803617477417
4986,6.569832801818848
4987,10.935323715209961
4988,7.3296098709106445
4989,9.677372932434082
4990,6.604478359222412
4991,8.62686538696289
4992,9.215084075927734
4993,6.055866241455078
4994,5.844748497009277
4995,6.606965065002441
4996,7.844748497009277
4997,7.606146335601807
4998,9.297484397888184
4999,5.237613201141357
5000,6.132681846618652
5001,7.698324680328369
5002,7.843575477600098
5003,6.628110408782959
5004,5.952514171600342
5005,9.482585906982422
5006,5.396647930145264
5007,6.894144535064697
5008,5.893017768859863
5009,15.977655410766602
5010,6.861733436584473
5011,6.391061305999756
5012,7.441441535949707
5013,5.423423767089844
5014,7.651740074157715
5015,9.418996810913086
5016,8.5363130569458
5017,6.05721378326416
5018,5.5045037269592285
5019,7.25900936126709
5020,6.012570381164551
5021,6.228854179382324
5022,6.477611541748047
5023,5.454954147338867
5024,6.129353046417236
