0,0.7706422209739685
1,0.808080792427063
2,0.9292929172515869
3,0.9696969985961914
4,0.5628140568733215
5,0.7171717286109924
6,0.7123287916183472
7,0.6972476840019226
8,1.2660549879074097
9,0.8127853870391846
10,0.6849315166473389
11,1.2060301303863525
12,0.7839195728302002
13,1.2929292917251587
14,1.0091743469238281
15,0.9547738432884216
16,0.6060606241226196
17,0.8643215894699097
18,1.0954773426055908
19,1.7676767110824585
20,0.8484848737716675
21,0.9447236061096191
22,0.7579908967018127
23,1.1818181276321411
24,0.9696969985961914
25,0.733668327331543
26,0.6934673190116882
27,0.6301369667053223
28,0.6331658363342285
29,0.7638190984725952
30,1.0136985778808594
31,1.0045661926269531
32,0.8542713522911072
33,0.808080792427063
34,2.266055107116699
35,0.733668327331543
36,0.6633166074752808
37,0.9346733689308167
38,0.9547738432884216
39,0.8787878751754761
40,1.2694064378738403
41,0.5779816508293152
42,0.6633166074752808
43,0.9266055226325989
44,0.7945205569267273
45,0.6834170818328857
46,0.8989899158477783
47,0.7839195728302002
48,0.7070707082748413
49,0.9898989796638489
50,0.7035176157951355
51,0.9266055226325989
52,0.8383838534355164
53,0.5804020166397095
54,0.6940639019012451
55,0.621004581451416
56,0.7070707082748413
57,0.7247706651687622
58,0.6633166074752808
59,0.8310502171516418
60,0.7339449524879456
61,1.045871615409851
62,0.7798165082931519
63,0.913241982460022
64,1.1872146129608154
65,0.6697247624397278
66,1.070707082748413
67,0.6030150651931763
68,0.9908257126808167
69,0.9771689772605896
70,0.643216073513031
71,0.8442211151123047
72,0.5757575631141663
73,0.6666666865348816
74,0.7155963182449341
75,0.7575757503509521
76,0.7798165082931519
77,0.913241982460022
78,0.8127853870391846
79,0.6060606241226196
80,1.1834862232208252
81,0.7035176157951355
82,0.7488584518432617
83,0.8648989796638489
84,1.303030252456665
85,0.7070707082748413
86,0.8888888955116272
87,0.77625572681427
88,0.6940639019012451
89,0.747474730014801
90,0.9748743772506714
91,0.7676767706871033
92,0.6666666865348816
93,1.1959799528121948
94,0.7070707082748413
95,0.80402010679245
96,1.1009174585342407
97,1.4141414165496826
98,0.5929648280143738
99,0.7853881120681763
100,0.7305936217308044
101,0.6030150651931763
102,0.7575757503509521
103,0.6331658363342285
104,0.8165137767791748
105,0.8844221234321594
106,0.77625572681427
107,1.458715558052063
108,1.1155779361724854
109,1.0050251483917236
110,0.7798165082931519
111,0.733668327331543
112,0.8767123222351074
113,0.5628140568733215
114,0.7035176157951355
115,0.6666666865348816
116,1.0091743469238281
117,0.8643215894699097
118,0.6940639019012451
119,0.7676767706871033
120,0.8844221234321594
121,1.0150753259658813
122,0.5959596037864685
123,0.8484848737716675
124,0.8181818127632141
125,0.8844221234321594
126,1.1557788848876953
127,1.0045661926269531
128,0.7437185645103455
129,0.6027397513389587
130,1.7070707082748413
131,1.0552763938903809
132,1.1111111640930176
133,0.8442211151123047
134,0.752293586730957
135,0.9434673190116882
136,0.6666666865348816
137,0.747474730014801
138,0.623115599155426
139,0.7638190984725952
140,0.9595959782600403
141,0.713567852973938
142,0.9494949579238892
143,0.8341708779335022
144,0.9898989796638489
145,1.487437129020691
146,0.8442211151123047
147,0.7579908967018127
148,0.9090909361839294
149,0.6363636255264282
150,0.963302731513977
151,0.6849315166473389
152,0.9680365324020386
153,0.7305936217308044
154,0.7305936217308044
155,0.9246231317520142
156,0.9816513657569885
157,0.623115599155426
158,0.6532663106918335
159,0.6030150651931763
160,0.6934673190116882
161,1.4646464586257935
162,0.7878788113594055
163,0.6834170818328857
164,0.7537688612937927
165,1.0050251483917236
166,0.808080792427063
167,0.9696969985961914
168,0.8661616444587708
169,0.78899085521698
170,1.1959799528121948
171,0.808080792427063
172,0.8348624110221863
173,0.7676767706871033
174,0.8542713522911072
175,0.9863013625144958
176,0.5656565427780151
177,0.7579908967018127
178,0.8787878751754761
179,0.8542713522911072
180,0.7339449524879456
181,0.7839195728302002
182,0.6331658363342285
183,0.7579908967018127
184,1.0101009607315063
185,0.621004581451416
186,0.9174311757087708
187,0.8542713522911072
188,0.642201840877533
189,0.5829145908355713
190,1.0303030014038086
191,0.733668327331543
192,0.6331658363342285
193,0.642201840877533
194,0.8990825414657593
195,0.7638190984725952
196,0.6363636255264282
197,1.3333333730697632
198,0.7064220309257507
199,0.8219178318977356
200,0.5744949579238892
201,0.8715596199035645
202,1.0251256227493286
203,0.8888888955116272
204,0.7839195728302002
205,0.7035176157951355
206,0.7437185645103455
207,0.7339449524879456
208,0.8542713522911072
209,0.7676767706871033
210,0.8623853325843811
211,0.9748743772506714
212,0.7979797720909119
213,0.6030150651931763
214,1.1818181276321411
215,0.8989899158477783
216,0.7638190984725952
217,1.0776255130767822
218,0.7123287916183472
219,0.7777777910232544
220,0.7171717286109924
221,0.7638190984725952
222,1.4429223537445068
223,1.1111111640930176
224,0.8484848737716675
225,0.8256880640983582
226,0.767123281955719
227,0.6575342416763306
228,0.6834170818328857
229,0.7839195728302002
230,0.7214611768722534
231,0.6834170818328857
232,0.7171717286109924
233,0.9090909361839294
234,0.6834170818328857
235,0.6520100235939026
236,0.8888888955116272
237,0.7839195728302002
238,0.6868686676025391
239,0.7839195728302002
240,1.4337899684906006
241,0.767123281955719
242,0.80402010679245
243,0.7035176157951355
244,1.5504586696624756
245,0.5963302850723267
246,1.0958904027938843
247,0.6633166074752808
248,0.7070707082748413
249,0.7981651425361633
250,0.7437185645103455
251,0.7171717286109924
252,0.8944723606109619
253,0.7064220309257507
254,0.552763819694519
255,0.8484848737716675
256,0.9898989796638489
257,1.0150753259658813
258,0.6868686676025391
259,0.642201840877533
260,0.8643215894699097
261,1.3150684833526611
262,0.6060606241226196
263,0.7878788113594055
264,0.6720183491706848
265,0.5504587292671204
266,0.733668327331543
267,0.7798165082931519
268,0.9246231317520142
269,0.7575757503509521
270,0.913241982460022
271,1.0606060028076172
272,0.8888888955116272
273,0.7123287916183472
274,0.713567852973938
275,0.8383838534355164
276,0.9898989796638489
277,0.5871211886405945
278,1.1356784105300903
279,0.8807339668273926
280,0.7575757503509521
281,0.808080792427063
282,0.7798165082931519
283,0.7981651425361633
284,0.9447236061096191
285,0.9174311757087708
286,0.7839195728302002
287,0.5741205811500549
288,0.8585858345031738
289,1.0091743469238281
290,0.6697247624397278
291,1.7286431789398193
292,0.7488584518432617
293,0.7738693356513977
294,0.8140703439712524
295,0.8715596199035645
296,0.8181818127632141
297,0.8743718862533569
298,0.6834170818328857
299,0.572864294052124
300,0.6834170818328857
301,0.7247706651687622
302,0.7981651425361633
303,0.78899085521698
304,0.8990825414657593
305,1.1818181276321411
306,0.853210985660553
307,0.6484017968177795
308,1.1658291816711426
309,0.623115599155426
310,0.8743718862533569
311,0.7878788113594055
312,0.8807339668273926
313,0.9797979593276978
314,0.7035176157951355
315,0.80402010679245
316,0.8282828330993652
317,0.7397260069847107
318,0.8787878751754761
319,0.8990825414657593
320,0.5858585834503174
321,0.8036529421806335
322,0.8787878751754761
323,1.0050251483917236
324,0.8542713522911072
325,0.6972476840019226
326,0.6733668446540833
327,0.8949771523475647
328,0.7373737096786499
329,0.7839195728302002
330,0.7236180901527405
331,1.145728588104248
332,1.0653266906738281
333,0.7839195728302002
334,0.9648241400718689
335,0.7853881120681763
336,0.643216073513031
337,0.9346733689308167
338,0.6767676472663879
339,0.7706422209739685
340,0.6605504751205444
341,0.7575757503509521
342,0.6030150651931763
343,0.8844221234321594
344,0.5829145908355713
345,0.868686854839325
346,0.77625572681427
347,0.8542713522911072
348,0.8888888955116272
349,0.7373737096786499
350,0.8219178318977356
351,0.7878788113594055
352,0.9797979593276978
353,0.7575757503509521
354,0.7706422209739685
355,1.0825687646865845
356,0.5959596037864685
357,0.9494949579238892
358,1.2727272510528564
359,1.0954773426055908
360,0.6697247624397278
361,0.8807339668273926
362,0.9849246144294739
363,0.6605504751205444
364,0.6972476840019226
365,0.7939698696136475
366,0.7171717286109924
367,0.6146789193153381
368,0.6392694115638733
369,0.9191918969154358
370,0.8073394298553467
371,1.4040404558181763
372,0.8944723606109619
373,0.8990825414657593
374,0.7537688612937927
375,1.0410958528518677
376,0.7155963182449341
377,0.5929648280143738
378,0.868686854839325
379,0.6849315166473389
380,0.7638190984725952
381,0.6633166074752808
382,0.9090909361839294
383,0.7878788113594055
384,0.5936073064804077
385,0.7155963182449341
386,0.8442211151123047
387,0.5779816508293152
388,0.733668327331543
389,0.8140703439712524
390,0.80402010679245
391,0.6605504751205444
392,0.8844221234321594
393,1.0
394,0.747474730014801
395,0.6484017968177795
396,0.9266055226325989
397,0.8542713522911072
398,0.922374427318573
399,0.80402010679245
400,1.1658291816711426
401,0.7839195728302002
402,0.8383838534355164
403,0.7738693356513977
404,0.8888888955116272
405,0.8949771523475647
406,0.9497717022895813
407,1.0909091234207153
408,0.7272727489471436
409,0.8442211151123047
410,0.7537688612937927
411,0.8165137767791748
412,0.7706422209739685
413,0.767123281955719
414,0.8585858345031738
415,0.8484848737716675
416,1.2060301303863525
417,0.6030150651931763
418,0.6940639019012451
419,0.868686854839325
420,0.8643215894699097
421,0.8585858345031738
422,1.2694064378738403
423,0.9949748516082764
424,0.808080792427063
425,0.7638190984725952
426,0.8165137767791748
427,0.9547738432884216
428,1.0136985778808594
429,0.8219178318977356
430,0.7339449524879456
431,1.2763818502426147
432,1.1111111640930176
433,0.7437185645103455
434,0.6834170818328857
435,0.8256880640983582
436,0.9541284441947937
437,0.9191918969154358
438,0.6697247624397278
439,0.7638190984725952
440,0.80402010679245
441,0.7676767706871033
442,0.7272727489471436
443,0.7437185645103455
444,0.78899085521698
445,0.868686854839325
446,0.8844221234321594
447,0.7979797720909119
448,0.8939393758773804
449,0.9849246144294739
450,0.8743718862533569
451,0.6834170818328857
452,0.6575342416763306
453,0.8888888955116272
454,0.6757990717887878
455,0.8036529421806335
456,0.80402010679245
457,0.5628140568733215
458,1.0101009607315063
459,0.6060606241226196
460,0.8442211151123047
461,0.963302731513977
462,0.7373737096786499
463,0.8127853870391846
464,0.9090909361839294
465,0.7155963182449341
466,1.1111111640930176
467,0.7035176157951355
468,0.816919207572937
469,1.0502283573150635
470,0.7305936217308044
471,0.7676767706871033
472,1.1141552925109863
473,0.913241982460022
474,0.7575757503509521
475,1.0
476,0.747474730014801
477,0.78899085521698
478,0.5779816508293152
479,0.8036529421806335
480,1.3150684833526611
481,0.77625572681427
482,0.6940639019012451
483,0.7171717286109924
484,1.045871615409851
485,0.9045225977897644
486,0.77625572681427
487,0.6331658363342285
488,0.939393937587738
489,0.8542713522911072
490,0.8743718862533569
491,1.1557788848876953
492,0.767123281955719
493,0.621004581451416
494,0.6130653023719788
495,0.9898989796638489
496,0.9494949579238892
497,0.8127853870391846
498,0.7123287916183472
499,0.8675799369812012
500,0.9680365324020386
501,0.767123281955719
502,0.8348624110221863
503,0.808080792427063
504,0.8542713522911072
505,0.808080792427063
506,0.752293586730957
507,0.7437185645103455
508,0.5858585834503174
509,0.9346733689308167
510,0.6363636255264282
511,0.747474730014801
512,0.6484017968177795
513,0.7064220309257507
514,0.8219178318977356
515,0.8584474921226501
516,0.7123287916183472
517,0.9696969985961914
518,0.6697247624397278
519,0.808080792427063
520,0.6130653023719788
521,0.78899085521698
522,1.1050227880477905
523,0.8542713522911072
524,0.7537688612937927
525,0.808080792427063
526,1.0653266906738281
527,0.6238532066345215
528,0.7839195728302002
529,0.8844221234321594
530,0.7431192398071289
531,1.2060301303863525
532,1.3515981435775757
533,0.7035176157951355
534,1.0150753259658813
535,0.8990825414657593
536,1.0101009607315063
537,0.8282828330993652
538,0.8484848737716675
539,0.9174311757087708
540,1.698492407798767
541,0.713567852973938
542,0.7839195728302002
543,0.9090909361839294
544,0.8493150472640991
545,0.7035176157951355
546,0.7070707082748413
547,0.808080792427063
548,0.8623853325843811
549,0.8310502171516418
550,0.9547738432884216
551,1.1658291816711426
552,0.808080792427063
553,0.7064220309257507
554,0.767123281955719
555,0.868686854839325
556,0.8888888955116272
557,0.6666666865348816
558,1.085427165031433
559,0.8643215894699097
560,0.7676767706871033
561,0.8383838534355164
562,0.78899085521698
563,0.6262626051902771
564,0.8484848737716675
565,0.7638190984725952
566,1.3636363744735718
567,0.9266055226325989
568,0.9494949579238892
569,0.9797979593276978
570,0.713567852973938
571,0.9318181872367859
572,0.9246231317520142
573,0.8383838534355164
574,0.8787878751754761
575,0.7878788113594055
576,1.085427165031433
577,0.8888888955116272
578,0.7214611768722534
579,0.7676767706871033
580,0.7575757503509521
581,0.8127853870391846
582,0.9145728349685669
583,0.7070707082748413
584,0.6161616444587708
585,0.8073394298553467
586,0.8036529421806335
587,0.6972476840019226
588,1.105527639389038
589,0.9949748516082764
590,1.068493127822876
591,0.8807339668273926
592,0.747474730014801
593,0.9494949579238892
594,1.0228310823440552
595,0.6575342416763306
596,1.068493127822876
597,0.8989899158477783
598,0.9494949579238892
599,0.868686854839325
600,0.9898989796638489
601,0.7305936217308044
602,0.7155963182449341
603,0.913241982460022
604,0.7070707082748413
605,1.085427165031433
606,0.6262626051902771
607,0.7638190984725952
608,1.0410958528518677
609,0.6757990717887878
610,1.0101009607315063
611,1.1559633016586304
612,0.7171717286109924
613,1.121212124824524
614,0.9954338073730469
615,1.0958904027938843
616,0.9041095972061157
617,0.8585858345031738
618,0.5656565427780151
619,0.9145728349685669
620,0.6464646458625793
621,1.2929292917251587
622,0.78899085521698
623,0.808080792427063
624,0.7878788113594055
625,0.8484848737716675
626,1.1859296560287476
627,0.9949748516082764
628,0.7853881120681763
629,0.6575342416763306
630,0.6130653023719788
631,0.9595959782600403
632,0.9082568883895874
633,0.5829145908355713
634,0.7575757503509521
635,0.5829145908355713
636,0.7706422209739685
637,0.7373737096786499
638,0.9174311757087708
639,0.8787878751754761
640,0.808080792427063
641,0.7064220309257507
642,0.9090909361839294
643,0.8036529421806335
644,0.5858585834503174
645,0.8484848737716675
646,0.8787878751754761
647,0.7537688612937927
648,0.7638190984725952
649,1.0045661926269531
650,0.9266055226325989
651,1.1111111640930176
652,1.0958904027938843
653,1.073394536972046
654,1.0101009607315063
655,0.9898989796638489
656,1.0552763938903809
657,0.7064220309257507
658,0.8743718862533569
659,0.5656565427780151
660,0.8888888955116272
661,0.9357798099517822
662,0.6834170818328857
663,0.9292929172515869
664,0.9045225977897644
665,0.80402010679245
666,0.643216073513031
667,0.7070707082748413
668,0.7939698696136475
669,0.8888888955116272
670,1.1559633016586304
671,0.7676767706871033
672,0.9266055226325989
673,0.7839195728302002
674,0.6262626051902771
675,0.7339449524879456
676,0.747474730014801
677,0.5992462038993835
678,0.6513761281967163
679,0.767123281955719
680,0.8442211151123047
681,0.8036529421806335
682,0.8715596199035645
683,0.60550457239151
684,0.7123287916183472
685,0.8484848737716675
686,0.7305936217308044
687,0.8623853325843811
688,0.9849246144294739
689,0.8165137767791748
690,0.8643215894699097
691,0.8181818127632141
692,0.8256880640983582
693,0.868686854839325
694,0.6030150651931763
695,0.7339449524879456
696,1.242009162902832
697,1.2727272510528564
698,0.8819095492362976
699,0.9898989796638489
700,0.6238532066345215
701,0.7155963182449341
702,0.7272727489471436
703,0.8282828330993652
704,0.621004581451416
705,0.747474730014801
706,0.913241982460022
707,0.9406392574310303
708,0.6767676472663879
709,1.191919207572937
710,0.6788991093635559
711,0.7214611768722534
712,0.7738693356513977
713,0.6513761281967163
714,0.6880733966827393
715,0.8585858345031738
716,0.7676767706871033
717,0.7123287916183472
718,0.642201840877533
719,0.733668327331543
720,0.6565656661987305
721,0.6868686676025391
722,0.7236180901527405
723,0.9082568883895874
724,0.8036529421806335
725,0.8484848737716675
726,0.7031963467597961
727,0.7638190984725952
728,0.6666666865348816
729,0.747474730014801
730,0.6969696879386902
731,0.9771689772605896
732,0.5959596037864685
733,0.78899085521698
734,0.6969696879386902
735,0.6972476840019226
736,0.8844221234321594
737,0.853210985660553
738,0.8383838534355164
739,0.6880733966827393
740,1.2525252103805542
741,0.5858585834503174
742,1.3434343338012695
743,0.853210985660553
744,0.7738693356513977
745,0.7939698696136475
746,0.9547738432884216
747,0.5829145908355713
748,1.0776255130767822
749,0.868686854839325
750,0.8844221234321594
751,0.7123287916183472
752,0.6834170818328857
753,0.6697247624397278
754,0.808080792427063
755,1.1155779361724854
756,0.623115599155426
757,0.7123287916183472
758,0.80402010679245
759,1.505050539970398
760,1.0091743469238281
761,0.7123287916183472
762,0.868686854839325
763,0.9090909361839294
764,0.9020100235939026
765,0.6532663106918335
766,0.7878788113594055
767,1.4040404558181763
768,1.3944953680038452
769,0.7738693356513977
770,0.6238532066345215
771,0.747474730014801
772,0.733668327331543
773,0.642201840877533
774,0.6238532066345215
775,0.9547738432884216
776,0.5929648280143738
777,0.7777777910232544
778,0.8181818127632141
779,0.7537688612937927
780,0.7537688612937927
781,0.5596330165863037
782,0.8140703439712524
783,0.9724770784378052
784,0.8127853870391846
785,0.7305936217308044
786,1.0091743469238281
787,1.5979899168014526
788,0.733668327331543
789,0.9145728349685669
790,0.8442211151123047
791,1.0050251483917236
792,0.642201840877533
793,0.7638190984725952
794,0.8440366983413696
795,0.6868686676025391
796,1.085427165031433
797,0.5858585834503174
798,0.6934673190116882
799,0.9724770784378052
800,0.80402010679245
801,0.7373737096786499
802,0.621004581451416
803,0.8219178318977356
804,0.7979797720909119
805,0.747474730014801
806,0.6030150651931763
807,0.8484848737716675
808,0.6392694115638733
809,0.8888888955116272
810,1.070707082748413
811,0.733668327331543
812,0.8341708779335022
813,0.808080792427063
814,0.8036529421806335
815,0.9494949579238892
816,0.7706422209739685
817,0.8219178318977356
818,1.0
819,0.8181818127632141
820,0.6934673190116882
821,0.9090909361839294
822,0.8949771523475647
823,0.6757990717887878
824,1.1717171669006348
825,0.7537688612937927
826,0.7798165082931519
827,0.7853881120681763
828,0.7638190984725952
829,0.7537688612937927
830,0.6666666865348816
831,0.8944723606109619
832,0.8181818127632141
833,0.9908257126808167
834,0.7171717286109924
835,0.913241982460022
836,0.7272727489471436
837,0.78899085521698
838,0.7123287916183472
839,1.0045661926269531
840,0.9090909361839294
841,0.7575757503509521
842,1.1141552925109863
843,0.7777777910232544
844,0.9082568883895874
845,0.8989899158477783
846,0.868686854839325
847,0.6880733966827393
848,0.6666666865348816
849,0.8715596199035645
850,0.7247706651687622
851,0.913241982460022
852,0.77625572681427
853,0.733668327331543
854,0.5656565427780151
855,0.7614678740501404
856,0.5628140568733215
857,0.7878788113594055
858,0.7305936217308044
859,0.8442211151123047
860,0.9680365324020386
861,0.642201840877533
862,1.0228310823440552
863,0.733668327331543
864,0.9816513657569885
865,0.8807339668273926
866,0.7638190984725952
867,0.5858585834503174
868,0.6060606241226196
869,0.8787878751754761
870,0.9406392574310303
871,0.8643215894699097
872,0.8989899158477783
873,0.6130653023719788
874,0.7579908967018127
875,0.868686854839325
876,1.0183485746383667
877,0.9494949579238892
878,0.7171717286109924
879,0.5858585834503174
880,0.8584474921226501
881,0.9346733689308167
882,0.7305936217308044
883,1.0552763938903809
884,1.0552763938903809
885,0.6262626051902771
886,1.0808080434799194
887,0.7676767706871033
888,0.6849315166473389
889,0.9082568883895874
890,0.7625628113746643
891,0.6940639019012451
892,0.733668327331543
893,0.7579908967018127
894,0.7058081030845642
895,0.6633166074752808
896,0.6880733966827393
897,0.7945205569267273
898,0.808080792427063
899,0.8341708779335022
900,0.713567852973938
901,0.7839195728302002
902,0.8036529421806335
903,1.7487437725067139
904,0.7214611768722534
905,0.7878788113594055
906,0.5656565427780151
907,0.7777777910232544
908,0.8585858345031738
909,0.6284403800964355
910,0.5929648280143738
911,1.2929292917251587
912,1.4444444179534912
913,0.8989899158477783
914,0.6130653023719788
915,0.8787878751754761
916,0.9082568883895874
917,0.7878788113594055
918,0.9949748516082764
919,0.5829145908355713
920,0.8989899158477783
921,0.5929648280143738
922,0.8165137767791748
923,0.9447236061096191
924,0.9748743772506714
925,0.7155963182449341
926,0.7305936217308044
927,0.7537688612937927
928,0.7614678740501404
929,0.7798165082931519
930,0.6161616444587708
931,0.9863013625144958
932,0.7638190984725952
933,1.2929292917251587
934,0.963302731513977
935,0.9145728349685669
936,0.7853881120681763
937,0.713567852973938
938,0.7171717286109924
939,0.8140703439712524
940,0.8256880640983582
941,0.9954338073730469
942,0.9191918969154358
943,0.8844221234321594
944,1.0404040813446045
945,0.643216073513031
946,0.8484848737716675
947,0.8623853325843811
948,0.8899082541465759
949,0.7676767706871033
950,0.5829145908355713
951,0.5929648280143738
952,0.9406392574310303
953,0.78899085521698
954,0.6047979593276978
955,0.7373737096786499
956,0.9174311757087708
957,0.78899085521698
958,0.6666666865348816
959,0.6060606241226196
960,0.8888888955116272
961,0.6330274939537048
962,0.6565656661987305
963,1.0776255130767822
964,2.0091323852539062
965,1.0825687646865845
966,0.8181818127632141
967,1.1010100841522217
968,0.643216073513031
969,0.8073394298553467
970,1.0050251483917236
971,0.9541284441947937
972,1.0202020406723022
973,0.6146789193153381
974,0.7839195728302002
975,0.7070707082748413
976,1.0091743469238281
977,1.085427165031433
978,0.9898989796638489
979,0.6363636255264282
980,0.8140703439712524
981,0.7777777910232544
982,0.8542713522911072
983,0.8715596199035645
984,0.7064220309257507
985,0.9849246144294739
986,0.8329145908355713
987,0.80402010679245
988,0.6392694115638733
989,0.7339449524879456
990,0.8219178318977356
991,0.8990825414657593
992,0.7537688612937927
993,0.643216073513031
994,0.9849246144294739
995,0.621004581451416
996,0.9547738432884216
997,0.9090909361839294
998,0.8219178318977356
999,0.8888888955116272
1000,0.6972476840019226
1001,0.7123287916183472
1002,0.868686854839325
1003,0.9174311757087708
1004,1.0552763938903809
1005,0.6161616444587708
1006,0.6363636255264282
1007,0.8844221234321594
1008,0.6330274939537048
1009,0.8181818127632141
1010,0.8623853325843811
1011,0.7878788113594055
1012,0.808080792427063
1013,0.9346733689308167
1014,0.6767676472663879
1015,0.6940639019012451
1016,0.7786697149276733
1017,0.8989899158477783
1018,0.8219178318977356
1019,0.5959596037864685
1020,0.6834170818328857
1021,1.145728588104248
1022,0.8484848737716675
1023,0.9547738432884216
1024,0.9041095972061157
1025,0.9090909361839294
1026,0.8949771523475647
1027,0.8989899158477783
1028,0.7981651425361633
1029,0.8542713522911072
1030,0.6884422302246094
1031,0.78899085521698
1032,1.1050227880477905
1033,0.9949748516082764
1034,1.1467889547348022
1035,0.8542713522911072
1036,0.7373737096786499
1037,0.7070707082748413
1038,0.8310502171516418
1039,0.9174311757087708
1040,0.7638190984725952
1041,0.7853881120681763
1042,1.0202020406723022
1043,0.8446969985961914
1044,0.7373737096786499
1045,0.7839195728302002
1046,0.8989899158477783
1047,0.8989899158477783
1048,0.7638190984725952
1049,0.8484848737716675
1050,0.7777777910232544
1051,0.8484848737716675
1052,0.8181818127632141
1053,0.6060606241226196
1054,0.8542713522911072
1055,0.7939698696136475
1056,0.6484017968177795
1057,0.6868686676025391
1058,0.6130653023719788
1059,1.0101009607315063
1060,1.0150753259658813
1061,0.7575757503509521
1062,0.8127853870391846
1063,0.9090909361839294
1064,0.8517587780952454
1065,0.8310502171516418
1066,0.733668327331543
1067,1.2201834917068481
1068,0.7272727489471436
1069,0.8767123222351074
1070,0.9816513657569885
1071,0.7738693356513977
1072,0.6880733966827393
1073,1.0404040813446045
1074,1.0101009607315063
1075,1.1155779361724854
1076,0.8743718862533569
1077,0.7706422209739685
1078,1.1616162061691284
1079,0.8643215894699097
1080,0.8643215894699097
1081,0.6130653023719788
1082,0.8643215894699097
1083,0.733668327331543
1084,0.6464646458625793
1085,0.642201840877533
1086,1.4141414165496826
1087,0.8219178318977356
1088,0.9863013625144958
1089,0.7247706651687622
1090,0.7070707082748413
1091,0.8743718862533569
1092,0.5504587292671204
1093,0.7853881120681763
1094,0.643216073513031
1095,1.3939393758773804
1096,0.8165137767791748
1097,0.7031963467597961
1098,1.3394495248794556
1099,0.80402010679245
1100,0.8542713522911072
1101,0.6363636255264282
1102,0.7305936217308044
1103,0.8585858345031738
1104,0.808080792427063
1105,0.7575757503509521
1106,0.8036529421806335
1107,0.8643215894699097
1108,0.6532663106918335
1109,0.8484848737716675
1110,0.6331658363342285
1111,0.7070707082748413
1112,1.0101009607315063
1113,0.6161616444587708
1114,0.8888888955116272
1115,0.7214611768722534
1116,0.7614678740501404
1117,1.2020201683044434
1118,0.6030150651931763
1119,0.808080792427063
1120,0.8442211151123047
1121,0.5829145908355713
1122,0.8165137767791748
1123,0.8542713522911072
1124,0.6666666865348816
1125,0.9494949579238892
1126,0.6363636255264282
1127,0.8219178318977356
1128,0.8282828330993652
1129,1.1010100841522217
1130,0.7155963182449341
1131,0.6697247624397278
1132,0.8585858345031738
1133,0.7638190984725952
1134,0.6880733966827393
1135,0.767123281955719
1136,1.1100916862487793
1137,1.1557788848876953
1138,0.6030150651931763
1139,0.5570776462554932
1140,0.6565656661987305
1141,0.7839195728302002
1142,0.8643215894699097
1143,0.8643215894699097
1144,0.8675799369812012
1145,0.9494949579238892
1146,0.9090909361839294
1147,0.8256880640983582
1148,0.6834170818328857
1149,0.7035176157951355
1150,0.7979797720909119
1151,0.9145728349685669
1152,0.8888888955116272
1153,0.9908257126808167
1154,0.7537688612937927
1155,0.8348624110221863
1156,0.9346733689308167
1157,0.8743718862533569
1158,0.80402010679245
1159,0.6733668446540833
1160,1.086758017539978
1161,0.7638190984725952
1162,0.6666666865348816
1163,0.9949748516082764
1164,0.7676767706871033
1165,1.1009174585342407
1166,1.105527639389038
1167,1.5321100950241089
1168,0.9449541568756104
1169,0.8623853325843811
1170,0.9174311757087708
1171,0.7579908967018127
1172,0.7537688612937927
1173,0.7339449524879456
1174,0.8858447670936584
1175,0.6788991093635559
1176,0.8484848737716675
1177,0.7798165082931519
1178,0.7045454382896423
1179,1.0552763938903809
1180,1.0319634675979614
1181,0.7437185645103455
1182,1.3394495248794556
1183,0.8989899158477783
1184,1.1111111640930176
1185,1.0808080434799194
1186,0.7706422209739685
1187,0.6301369667053223
1188,0.7035176157951355
1189,0.808080792427063
1190,0.642201840877533
1191,0.8767123222351074
1192,0.7070707082748413
1193,0.7437185645103455
1194,0.8585858345031738
1195,0.6301369667053223
1196,0.9246231317520142
1197,0.808080792427063
1198,1.0825687646865845
1199,1.2261306047439575
1200,0.8767123222351074
1201,0.9174311757087708
1202,0.6969696879386902
1203,1.303030252456665
1204,0.922374427318573
1205,0.6060606241226196
1206,0.808080792427063
1207,0.8888888955116272
1208,0.8341708779335022
1209,0.7831050157546997
1210,0.8643215894699097
1211,0.7236180901527405
1212,0.9045225977897644
1213,0.6697247624397278
1214,0.6834170818328857
1215,0.8310502171516418
1216,0.80402010679245
1217,0.8888888955116272
1218,0.7035176157951355
1219,0.6666666865348816
1220,1.246231198310852
1221,0.7981651425361633
1222,0.8442211151123047
1223,0.7070707082748413
1224,0.80402010679245
1225,0.78899085521698
1226,0.5858585834503174
1227,0.9949748516082764
1228,0.7437185645103455
1229,0.552763819694519
1230,1.0909091234207153
1231,0.8073394298553467
1232,0.9191918969154358
1233,0.6934673190116882
1234,0.8542713522911072
1235,0.5858585834503174
1236,0.8442211151123047
1237,1.0452260971069336
1238,0.6238532066345215
1239,0.6565656661987305
1240,0.8989899158477783
1241,0.939393937587738
1242,0.6605504751205444
1243,0.7676767706871033
1244,0.6575342416763306
1245,0.7676767706871033
1246,0.9082568883895874
1247,0.8341708779335022
1248,0.8844221234321594
1249,1.125628113746643
1250,0.7939698696136475
1251,0.7839195728302002
1252,0.7706422209739685
1253,0.8807339668273926
1254,0.6161616444587708
1255,0.7070707082748413
1256,0.9045225977897644
1257,1.0593607425689697
1258,1.036697268486023
1259,0.6788991093635559
1260,0.9266055226325989
1261,0.7305936217308044
1262,0.7676767706871033
1263,0.7123287916183472
1264,0.6880733966827393
1265,0.868686854839325
1266,0.8675799369812012
1267,1.1717171669006348
1268,1.3333333730697632
1269,0.77625572681427
1270,0.7575757503509521
1271,0.8256880640983582
1272,0.767123281955719
1273,0.7981651425361633
1274,0.6262626051902771
1275,0.7706422209739685
1276,1.0404040813446045
1277,0.8127853870391846
1278,0.9849246144294739
1279,0.5959596037864685
1280,0.5628140568733215
1281,0.8643215894699097
1282,0.8715596199035645
1283,0.8990825414657593
1284,0.5858585834503174
1285,0.7373737096786499
1286,0.9346733689308167
1287,0.6392694115638733
1288,1.0753768682479858
1289,0.8888888955116272
1290,1.0101009607315063
1291,1.2929292917251587
1292,0.8542713522911072
1293,0.6666666865348816
1294,1.191919207572937
1295,0.8241205811500549
1296,0.808080792427063
1297,0.8944723606109619
1298,0.8542713522911072
1299,0.6030150651931763
1300,0.7305936217308044
1301,0.8256880640983582
1302,0.8036529421806335
1303,0.7839195728302002
1304,0.6868686676025391
1305,0.808080792427063
1306,0.9648241400718689
1307,0.7031963467597961
1308,0.6331658363342285
1309,1.0101009607315063
1310,0.7437185645103455
1311,1.0275229215621948
1312,0.7031963467597961
1313,1.086758017539978
1314,0.5753424763679504
1315,1.22374427318573
1316,0.8888888955116272
1317,0.8944723606109619
1318,0.5656565427780151
1319,0.7650753855705261
1320,0.8341708779335022
1321,0.9547738432884216
1322,0.913241982460022
1323,0.6464646458625793
1324,0.6969696879386902
1325,0.8888888955116272
1326,0.6934673190116882
1327,1.0101009607315063
1328,1.5616438388824463
1329,0.7839195728302002
1330,0.931506872177124
1331,0.642201840877533
1332,0.939393937587738
1333,1.3768844604492188
1334,0.8484848737716675
1335,1.0
1336,0.9696969985961914
1337,0.7853881120681763
1338,0.8484848737716675
1339,0.9680365324020386
1340,1.21100914478302
1341,0.7035176157951355
1342,0.6565656661987305
1343,0.8036529421806335
1344,0.7839195728302002
1345,0.9090909361839294
1346,0.8542713522911072
1347,0.9849246144294739
1348,0.7035176157951355
1349,0.7488584518432617
1350,0.5871559381484985
1351,1.1658291816711426
1352,0.733668327331543
1353,0.8484848737716675
1354,0.5936073064804077
1355,0.7070707082748413
1356,0.8844221234321594
1357,0.9346733689308167
1358,0.8442211151123047
1359,0.80402010679245
1360,0.8073394298553467
1361,0.5829145908355713
1362,0.8888888955116272
1363,0.6972476840019226
1364,0.9045225977897644
1365,0.6834170818328857
1366,0.9449541568756104
1367,0.7676767706871033
1368,0.868686854839325
1369,0.5844748616218567
1370,0.7575757503509521
1371,0.7437185645103455
1372,0.642201840877533
1373,0.808080792427063
1374,0.868686854839325
1375,0.8949771523475647
1376,0.5858585834503174
1377,0.713567852973938
1378,0.8484848737716675
1379,0.5596330165863037
1380,0.621004581451416
1381,0.6130653023719788
1382,0.7638190984725952
1383,1.0275229215621948
1384,1.256880760192871
1385,0.9954338073730469
1386,0.7638190984725952
1387,0.7939698696136475
1388,0.7035176157951355
1389,0.9547738432884216
1390,0.8585858345031738
1391,0.7155963182449341
1392,0.8888888955116272
1393,0.8787878751754761
1394,0.5479452013969421
1395,0.8484848737716675
1396,1.070707082748413
1397,1.0552763938903809
1398,0.913241982460022
1399,0.868686854839325
1400,0.8944723606109619
1401,0.6484017968177795
1402,1.0909091234207153
1403,0.9145728349685669
1404,0.7035176157951355
1405,0.6697247624397278
1406,0.6060606241226196
1407,1.2694064378738403
1408,0.6146789193153381
1409,0.8348624110221863
1410,1.0050251483917236
1411,0.6733668446540833
1412,0.78899085521698
1413,0.643216073513031
1414,0.7537688612937927
1415,0.9447236061096191
1416,0.7878788113594055
1417,1.26262629032135
1418,0.78899085521698
1419,0.552763819694519
1420,0.7437185645103455
1421,0.8743718862533569
1422,0.7537688612937927
1423,0.80402010679245
1424,1.085427165031433
1425,0.7373737096786499
1426,0.808080792427063
1427,0.5871559381484985
1428,0.9045225977897644
1429,0.8858447670936584
1430,0.80402010679245
1431,0.80402010679245
1432,0.8715596199035645
1433,1.0452260971069336
1434,0.8219178318977356
1435,0.7878788113594055
1436,0.9898989796638489
1437,1.1506849527359009
1438,0.8181818127632141
1439,0.8036529421806335
1440,0.8341708779335022
1441,0.5858585834503174
1442,0.8831658363342285
1443,0.8844221234321594
1444,1.1111111640930176
1445,0.6972476840019226
1446,0.7035176157951355
1447,0.7171717286109924
1448,0.9849246144294739
1449,0.8743718862533569
1450,0.7945205569267273
1451,0.7339449524879456
1452,0.7437185645103455
1453,0.7437185645103455
1454,1.2602739334106445
1455,0.6697247624397278
1456,0.7575757503509521
1457,0.7575757503509521
1458,1.3467336893081665
1459,0.7878788113594055
1460,0.7839195728302002
1461,0.7123287916183472
1462,0.6969696879386902
1463,0.6733668446540833
1464,1.1313130855560303
1465,0.853210985660553
1466,0.6532663106918335
1467,0.6972476840019226
1468,0.8442211151123047
1469,0.7839195728302002
1470,0.7798165082931519
1471,0.7979797720909119
1472,0.6767676472663879
1473,1.0642201900482178
1474,0.6834170818328857
1475,0.8743718862533569
1476,0.9246231317520142
1477,0.80402010679245
1478,0.6868686676025391
1479,0.7853881120681763
1480,1.0183485746383667
1481,0.6868686676025391
1482,0.8542713522911072
1483,0.7777777910232544
1484,0.6849315166473389
1485,0.9346733689308167
1486,0.8219178318977356
1487,1.0183485746383667
1488,0.7035176157951355
1489,0.8181818127632141
1490,0.808080792427063
1491,0.6697247624397278
1492,0.6392694115638733
1493,0.80402010679245
1494,0.6161616444587708
1495,0.7839195728302002
1496,0.6030150651931763
1497,2.2626261711120605
1498,0.8542713522911072
1499,1.1414141654968262
1500,0.7878788113594055
1501,0.8787878751754761
1502,0.621004581451416
1503,0.7979797720909119
1504,0.572864294052124
1505,0.7901375889778137
1506,0.6834170818328857
1507,1.0101009607315063
1508,0.7373737096786499
1509,0.6301369667053223
1510,0.7339449524879456
1511,0.8989899158477783
1512,0.747474730014801
1513,0.6330274939537048
1514,0.6849315166473389
1515,1.1009174585342407
1516,0.8989899158477783
1517,0.8256880640983582
1518,1.0050251483917236
1519,0.7575757503509521
1520,0.7878788113594055
1521,0.713567852973938
1522,0.6130653023719788
1523,0.6331658363342285
1524,0.6767676472663879
1525,0.5662100315093994
1526,0.6972476840019226
1527,0.7488584518432617
1528,0.9494949579238892
1529,0.8807339668273926
1530,1.125628113746643
1531,0.8949771523475647
1532,0.9898989796638489
1533,0.6868686676025391
1534,0.9145728349685669
1535,0.9547738432884216
1536,1.4703196287155151
1537,0.747474730014801
1538,0.7638190984725952
1539,0.5252525210380554
1540,0.6238532066345215
1541,1.0917431116104126
1542,0.7676767706871033
1543,0.7035176157951355
1544,0.77625572681427
1545,0.7431192398071289
1546,0.8990825414657593
1547,1.447236180305481
1548,0.7305936217308044
1549,0.9145728349685669
1550,0.9246231317520142
1551,1.0505050420761108
1552,0.8743718862533569
1553,1.0045661926269531
1554,0.5929648280143738
1555,0.6605504751205444
1556,0.9045225977897644
1557,1.0550458431243896
1558,1.1155779361724854
1559,0.713567852973938
1560,0.6027397513389587
1561,0.6733668446540833
1562,1.5075377225875854
1563,0.8073394298553467
1564,0.7839195728302002
1565,0.6940639019012451
1566,0.5963302850723267
1567,1.105527639389038
1568,0.8219178318977356
1569,0.6392694115638733
1570,0.808080792427063
1571,0.6834170818328857
1572,0.6484017968177795
1573,1.2929292917251587
1574,0.5137614607810974
1575,1.1009174585342407
1576,0.643216073513031
1577,1.7351598739624023
1578,0.78899085521698
1579,1.0101009607315063
1580,0.747474730014801
1581,0.6030150651931763
1582,0.9849246144294739
1583,0.9174311757087708
1584,0.6331658363342285
1585,0.8888888955116272
1586,1.0452260971069336
1587,1.0319634675979614
1588,0.6666666865348816
1589,1.1010100841522217
1590,0.868686854839325
1591,0.6868686676025391
1592,0.7579908967018127
1593,0.913241982460022
1594,0.7111872434616089
1595,0.8383838534355164
1596,0.9357798099517822
1597,1.1414141654968262
1598,0.767123281955719
1599,0.808080792427063
1600,0.7979797720909119
1601,0.8715596199035645
1602,0.8715596199035645
1603,0.7676767706871033
1604,0.9174311757087708
1605,0.733668327331543
1606,0.7878788113594055
1607,0.623115599155426
1608,0.6565656661987305
1609,0.6030150651931763
1610,0.9748743772506714
1611,0.7339449524879456
1612,0.6788991093635559
1613,0.9547738432884216
1614,0.7272727489471436
1615,0.7638190984725952
1616,0.767123281955719
1617,0.7537688612937927
1618,0.621004581451416
1619,0.5858585834503174
1620,0.7638190984725952
1621,1.2785388231277466
1622,0.6363636255264282
1623,0.8383838534355164
1624,0.8990825414657593
1625,0.9292929172515869
1626,0.8888888955116272
1627,0.8484848737716675
1628,0.808080792427063
1629,0.6513761281967163
1630,0.7339449524879456
1631,0.7579908967018127
1632,0.642201840877533
1633,0.5858585834503174
1634,0.8844221234321594
1635,0.7190366983413696
1636,0.7638190984725952
1637,1.2929292917251587
1638,1.3535352945327759
1639,0.6484017968177795
1640,0.9898989796638489
1641,0.7537688612937927
1642,0.6849315166473389
1643,0.7676767706871033
1644,0.7939698696136475
1645,0.8440366983413696
1646,0.7537688612937927
1647,0.8542713522911072
1648,0.8036529421806335
1649,0.8585858345031738
1650,0.6060606241226196
1651,0.7437185645103455
1652,0.8643215894699097
1653,0.6392694115638733
1654,0.8990825414657593
1655,0.9292929172515869
1656,0.6868686676025391
1657,0.9648241400718689
1658,0.7339449524879456
1659,0.8484848737716675
1660,0.8542713522911072
1661,0.7236180901527405
1662,1.0954773426055908
1663,0.6575342416763306
1664,0.939393937587738
1665,1.0101009607315063
1666,0.7638190984725952
1667,0.9497717022895813
1668,0.913241982460022
1669,0.8787878751754761
1670,0.7638190984725952
1671,0.733668327331543
1672,0.6532663106918335
1673,0.808080792427063
1674,0.9045225977897644
1675,1.0410958528518677
1676,1.2328766584396362
1677,0.7853881120681763
1678,0.77625572681427
1679,0.7035176157951355
1680,0.8844221234321594
1681,0.8807339668273926
1682,0.7798165082931519
1683,0.8036529421806335
1684,0.7214611768722534
1685,1.0505050420761108
1686,0.642201840877533
1687,1.3737373352050781
1688,1.0
1689,0.5829145908355713
1690,0.6060606241226196
1691,0.5757575631141663
1692,0.7828282713890076
1693,0.5504587292671204
1694,1.0045661926269531
1695,0.7171717286109924
1696,0.7305936217308044
1697,1.1515151262283325
1698,0.7777777910232544
1699,0.6027397513389587
1700,0.8484848737716675
1701,0.6030150651931763
1702,1.0101009607315063
1703,0.5504587292671204
1704,0.621004581451416
1705,0.7588383555412292
1706,0.7638190984725952
1707,0.8542713522911072
1708,1.2424242496490479
1709,0.7579908967018127
1710,0.9849246144294739
1711,0.7236180901527405
1712,1.0808080434799194
1713,0.5829145908355713
1714,0.913241982460022
1715,0.9797979593276978
1716,0.7070707082748413
1717,0.5753424763679504
1718,0.8888888955116272
1719,0.7614678740501404
1720,0.767123281955719
1721,0.6575342416763306
1722,0.8341708779335022
1723,0.7878788113594055
1724,0.9449541568756104
1725,0.7305936217308044
1726,0.7676767706871033
1727,0.6972476840019226
1728,1.0825687646865845
1729,0.6641414165496826
1730,0.8383838534355164
1731,0.6565656661987305
1732,0.713567852973938
1733,0.7171717286109924
1734,0.7159090638160706
1735,0.9090909361839294
1736,1.4371858835220337
1737,0.808080792427063
1738,0.9045225977897644
1739,0.80402010679245
1740,1.2727272510528564
1741,0.7853881120681763
1742,0.8038991093635559
1743,0.9145728349685669
1744,0.7839195728302002
1745,0.8493150472640991
1746,0.7272727489471436
1747,0.8442211151123047
1748,0.7878788113594055
1749,0.913241982460022
1750,0.7839195728302002
1751,0.9680365324020386
1752,0.7171717286109924
1753,0.8484848737716675
1754,0.6392694115638733
1755,0.6868686676025391
1756,0.8787878751754761
1757,0.7305936217308044
1758,0.8542713522911072
1759,0.7272727489471436
1760,0.733668327331543
1761,0.6532663106918335
1762,0.7676767706871033
1763,0.8127853870391846
1764,0.8585858345031738
1765,0.6757990717887878
1766,0.8256880640983582
1767,0.7070707082748413
1768,0.7981651425361633
1769,1.0404040813446045
1770,0.7339449524879456
1771,0.8484848737716675
1772,0.60550457239151
1773,0.6565656661987305
1774,0.7070707082748413
1775,0.8944723606109619
1776,1.0150753259658813
1777,0.808080792427063
1778,0.8623853325843811
1779,0.7878788113594055
1780,1.0808080434799194
1781,0.8181818127632141
1782,0.7537688612937927
1783,0.8949771523475647
1784,0.9045225977897644
1785,0.80402010679245
1786,0.6834170818328857
1787,0.7247706651687622
1788,0.5829145908355713
1789,0.6666666865348816
1790,0.8743718862533569
1791,0.8989899158477783
1792,0.8127853870391846
1793,0.8949771523475647
1794,1.313131332397461
1795,1.3853211402893066
1796,0.9849246144294739
1797,0.8348624110221863
1798,0.643216073513031
1799,0.77625572681427
1800,0.9898989796638489
1801,0.78899085521698
1802,1.145728588104248
1803,0.8949771523475647
1804,0.6868686676025391
1805,0.7123287916183472
1806,0.8241205811500549
1807,1.0502283573150635
1808,0.939393937587738
1809,0.6027397513389587
1810,0.5858585834503174
1811,0.7035176157951355
1812,0.8542713522911072
1813,1.0351759195327759
1814,1.045871615409851
1815,0.8442211151123047
1816,0.7853881120681763
1817,0.6060606241226196
1818,0.8256880640983582
1819,0.8767123222351074
1820,0.589195966720581
1821,0.8442211151123047
1822,0.7706422209739685
1823,0.913241982460022
1824,0.8807339668273926
1825,1.1111111640930176
1826,1.306532621383667
1827,0.9648241400718689
1828,0.8807339668273926
1829,0.733668327331543
1830,0.8484848737716675
1831,0.7035176157951355
1832,0.6868686676025391
1833,0.8949771523475647
1834,0.7706422209739685
1835,1.2752293348312378
1836,0.6969696879386902
1837,0.7373737096786499
1838,0.5959596037864685
1839,0.80402010679245
1840,0.8341708779335022
1841,0.8442211151123047
1842,0.7035176157951355
1843,0.6060606241226196
1844,1.0958904027938843
1845,1.0101009607315063
1846,0.6633166074752808
1847,1.397260308265686
1848,0.9041095972061157
1849,0.572864294052124
1850,0.733668327331543
1851,1.0606060028076172
1852,0.868686854839325
1853,0.642201840877533
1854,0.80402010679245
1855,1.086758017539978
1856,0.7878788113594055
1857,0.6969696879386902
1858,0.8623853325843811
1859,0.7305936217308044
1860,0.6565656661987305
1861,0.6238532066345215
1862,0.6880733966827393
1863,0.5628140568733215
1864,0.7638190984725952
1865,0.7706422209739685
1866,0.840452253818512
1867,0.7070707082748413
1868,0.9041095972061157
1869,0.7798165082931519
1870,0.5963302850723267
1871,0.5858585834503174
1872,0.7305936217308044
1873,0.7236180901527405
1874,0.6392694115638733
1875,0.9497717022895813
1876,0.6331658363342285
1877,0.767123281955719
1878,0.747474730014801
1879,0.9090909361839294
1880,1.0045661926269531
1881,0.7638190984725952
1882,0.8787878751754761
1883,0.7070707082748413
1884,0.6834170818328857
1885,0.9090909361839294
1886,0.808080792427063
1887,1.0
1888,0.6868686676025391
1889,1.242009162902832
1890,0.8990825414657593
1891,0.7035176157951355
1892,0.7236180901527405
1893,0.7236180901527405
1894,0.8140703439712524
1895,1.1324200630187988
1896,1.26262629032135
1897,0.8585858345031738
1898,0.8542713522911072
1899,0.6934673190116882
1900,0.6834170818328857
1901,1.0303030014038086
1902,0.9174311757087708
1903,0.6532663106918335
1904,0.7981651425361633
1905,0.8442211151123047
1906,0.6565656661987305
1907,0.80402010679245
1908,0.8484848737716675
1909,0.9090909361839294
1910,0.7272727489471436
1911,0.7981651425361633
1912,1.1467889547348022
1913,0.80402010679245
1914,0.808080792427063
1915,0.9898989796638489
1916,0.7579908967018127
1917,1.174311876296997
1918,0.747474730014801
1919,0.6940639019012451
1920,0.5858585834503174
1921,0.8585858345031738
1922,0.8743718862533569
1923,1.0101009607315063
1924,0.7878788113594055
1925,0.8944723606109619
1926,0.939393937587738
1927,0.643216073513031
1928,0.7981651425361633
1929,0.6532663106918335
1930,1.1111111640930176
1931,0.7839195728302002
1932,0.623115599155426
1933,0.7431192398071289
1934,0.9595959782600403
1935,0.8310502171516418
1936,0.7339449524879456
1937,0.6565656661987305
1938,0.8807339668273926
1939,0.7798165082931519
1940,0.6880733966827393
1941,0.9266055226325989
1942,0.7339449524879456
1943,0.808080792427063
1944,0.8219178318977356
1945,1.0593607425689697
1946,0.9541284441947937
1947,0.963302731513977
1948,0.6868686676025391
1949,1.0917431116104126
1950,0.8643215894699097
1951,0.9045225977897644
1952,0.9724770784378052
1953,1.9494949579238892
1954,0.8989899158477783
1955,0.7839195728302002
1956,1.0404040813446045
1957,0.7171717286109924
1958,0.9908257126808167
1959,0.8542713522911072
1960,0.6565656661987305
1961,0.6868686676025391
1962,0.808080792427063
1963,0.7155963182449341
1964,0.7214611768722534
1965,1.2424242496490479
1966,0.6849315166473389
1967,0.78899085521698
1968,0.6940639019012451
1969,0.7047738432884216
1970,0.9090909361839294
1971,0.7853881120681763
1972,0.713567852973938
1973,1.0045661926269531
1974,0.9595959782600403
1975,0.6868686676025391
1976,0.868686854839325
1977,1.0
1978,0.643216073513031
1979,1.0776255130767822
1980,0.7738693356513977
1981,1.2323232889175415
1982,0.8643215894699097
1983,0.9595959782600403
1984,0.77625572681427
1985,0.77625572681427
1986,0.9696969985961914
1987,0.7614678740501404
1988,1.0552763938903809
1989,0.611872136592865
1990,0.6565656661987305
1991,0.7706422209739685
1992,0.8767123222351074
1993,0.8542713522911072
1994,0.8241205811500549
1995,1.0012626647949219
1996,0.5481651425361633
1997,0.7839195728302002
1998,0.7070707082748413
1999,0.78899085521698
2000,1.0753768682479858
2001,1.410804033279419
2002,1.284403681755066
2003,1.0091743469238281
2004,1.0909091234207153
2005,0.9949748516082764
2006,0.6880733966827393
2007,0.7878788113594055
2008,0.6849315166473389
2009,0.6788991093635559
2010,0.6834170818328857
2011,0.5555555820465088
2012,0.7339449524879456
2013,0.7981651425361633
2014,0.6513761281967163
2015,0.5757575631141663
2016,1.0917431116104126
2017,0.8949771523475647
2018,0.7123287916183472
2019,0.6733668446540833
2020,0.8341708779335022
2021,0.8542713522911072
2022,0.9494949579238892
2023,0.7123287916183472
2024,0.8256880640983582
2025,1.145728588104248
2026,0.6146789193153381
2027,0.808080792427063
2028,0.868686854839325
2029,1.859296441078186
2030,1.0101009607315063
2031,0.7373737096786499
2032,1.3535352945327759
2033,0.963567852973938
2034,1.2121212482452393
2035,0.7171717286109924
2036,0.6972476840019226
2037,0.7171717286109924
2038,1.1616162061691284
2039,0.9449541568756104
2040,1.2060301303863525
2041,0.6666666865348816
2042,0.8807339668273926
2043,1.0552763938903809
2044,1.6464647054672241
2045,0.8383838534355164
2046,0.9949748516082764
2047,0.9595959782600403
2048,0.7878788113594055
2049,0.7035176157951355
2050,1.0150753259658813
2051,0.6565656661987305
2052,1.5678391456604004
2053,0.6513761281967163
2054,0.7738693356513977
2055,0.752293586730957
2056,0.8989899158477783
2057,1.306532621383667
2058,0.5829145908355713
2059,0.5829145908355713
2060,0.5829145908355713
2061,0.9696969985961914
2062,0.7981651425361633
2063,0.8944723606109619
2064,0.6880733966827393
2065,0.9174311757087708
2066,0.6788991093635559
2067,0.5596330165863037
2068,0.7171717286109924
2069,1.0410958528518677
2070,1.0045661926269531
2071,0.7839195728302002
2072,1.1111111640930176
2073,1.1616162061691284
2074,0.8073394298553467
2075,0.6484017968177795
2076,0.9863013625144958
2077,0.9954338073730469
2078,0.7979797720909119
2079,0.7537688612937927
2080,0.853210985660553
2081,0.868686854839325
2082,0.808080792427063
2083,1.57798171043396
2084,0.8181818127632141
2085,0.8585858345031738
2086,0.8282828330993652
2087,0.7914572954177856
2088,0.913241982460022
2089,0.80402010679245
2090,0.6940639019012451
2091,0.9045225977897644
2092,1.1959799528121948
2093,0.7123287916183472
2094,0.9595959782600403
2095,1.2121212482452393
2096,0.9816513657569885
2097,0.6030150651931763
2098,0.9547738432884216
2099,0.6464646458625793
2100,0.7706422209739685
2101,0.7155963182449341
2102,0.7272727489471436
2103,0.9266055226325989
2104,0.8888888955116272
2105,0.8181818127632141
2106,0.6238532066345215
2107,0.5656565427780151
2108,0.9724770784378052
2109,0.7676767706871033
2110,0.7373737096786499
2111,0.7155963182449341
2112,0.9849246144294739
2113,0.7236180901527405
2114,0.713567852973938
2115,1.0050251483917236
2116,0.767123281955719
2117,0.6666666865348816
2118,0.8181818127632141
2119,0.8844221234321594
2120,0.8493150472640991
2121,0.7070707082748413
2122,0.7777777910232544
2123,0.8585858345031738
2124,0.9648241400718689
2125,0.7339449524879456
2126,0.7706422209739685
2127,0.6972476840019226
2128,0.8767123222351074
2129,0.7373737096786499
2130,0.9863013625144958
2131,0.8036529421806335
2132,0.808080792427063
2133,1.4862384796142578
2134,0.9090909361839294
2135,0.9045225977897644
2136,0.7878788113594055
2137,0.8787878751754761
2138,0.8219178318977356
2139,0.7035176157951355
2140,1.0045661926269531
2141,0.8484848737716675
2142,0.6834170818328857
2143,0.766331672668457
2144,0.7437185645103455
2145,0.733668327331543
2146,0.9949748516082764
2147,0.60550457239151
2148,0.9292929172515869
2149,0.8542713522911072
2150,0.6030150651931763
2151,0.8442211151123047
2152,1.2752293348312378
2153,0.7676767706871033
2154,0.9589040875434875
2155,0.9949748516082764
2156,0.8256880640983582
2157,1.036697268486023
2158,0.8165137767791748
2159,0.7575757503509521
2160,0.7706422209739685
2161,0.8073394298553467
2162,0.8036529421806335
2163,1.0228310823440552
2164,0.9174311757087708
2165,0.913241982460022
2166,0.868686854839325
2167,0.808080792427063
2168,0.6849315166473389
2169,0.9045225977897644
2170,0.8767123222351074
2171,0.8623853325843811
2172,0.7155963182449341
2173,0.6940639019012451
2174,1.0101009607315063
2175,0.8484848737716675
2176,0.7575757503509521
2177,0.8073394298553467
2178,0.733668327331543
2179,0.7171717286109924
2180,0.80402010679245
2181,0.7638190984725952
2182,0.7123287916183472
2183,0.7386934757232666
2184,0.9045225977897644
2185,0.8345959782600403
2186,0.5829145908355713
2187,0.9041095972061157
2188,0.7339449524879456
2189,0.7979797720909119
2190,1.0917431116104126
2191,0.808080792427063
2192,0.642201840877533
2193,0.9174311757087708
2194,0.5858585834503174
2195,0.7431192398071289
2196,0.8383838534355164
2197,0.6849315166473389
2198,0.642201840877533
2199,0.6972476840019226
2200,0.6880733966827393
2201,0.7488584518432617
2202,0.939393937587738
2203,0.7579908967018127
2204,0.8989899158477783
2205,0.733668327331543
2206,0.7638190984725952
2207,0.808080792427063
2208,0.7431192398071289
2209,0.7676767706871033
2210,0.8844221234321594
2211,1.0
2212,0.7155963182449341
2213,0.733668327331543
2214,1.0404040813446045
2215,0.78899085521698
2216,0.7070707082748413
2217,0.9949748516082764
2218,0.9797979593276978
2219,0.9090909361839294
2220,0.7123287916183472
2221,0.7579908967018127
2222,0.60550457239151
2223,0.9949748516082764
2224,0.7839195728302002
2225,0.6060606241226196
2226,1.1616162061691284
2227,0.868686854839325
2228,0.868686854839325
2229,0.9090909361839294
2230,0.7738693356513977
2231,1.2964824438095093
2232,0.7853881120681763
2233,1.2020201683044434
2234,0.7272727489471436
2235,0.5858585834503174
2236,1.0954773426055908
2237,0.8241205811500549
2238,1.0642201900482178
2239,0.5929648280143738
2240,1.0642201900482178
2241,0.7035176157951355
2242,0.80402010679245
2243,0.7305936217308044
2244,0.808080792427063
2245,0.922374427318573
2246,0.8542713522911072
2247,0.6030150651931763
2248,0.7035176157951355
2249,1.0550458431243896
2250,0.5858585834503174
2251,0.7798165082931519
2252,0.6513761281967163
2253,0.9863013625144958
2254,0.7878788113594055
2255,0.8949771523475647
2256,0.808080792427063
2257,0.7738693356513977
2258,0.7798165082931519
2259,0.808080792427063
2260,0.8256880640983582
2261,0.6940639019012451
2262,0.7123287916183472
2263,0.963302731513977
2264,0.8623853325843811
2265,1.0050251483917236
2266,0.5757575631141663
2267,0.7537688612937927
2268,0.9724770784378052
2269,0.7373737096786499
2270,0.9696969985961914
2271,1.303030252456665
2272,0.9849246144294739
2273,0.7272727489471436
2274,0.8542713522911072
2275,0.6880733966827393
2276,0.8401826620101929
2277,0.80402010679245
2278,0.9595959782600403
2279,0.7070707082748413
2280,1.085427165031433
2281,1.0101009607315063
2282,0.733668327331543
2283,0.939393937587738
2284,0.7738693356513977
2285,0.7339449524879456
2286,1.0
2287,0.8767123222351074
2288,0.8348624110221863
2289,0.7945205569267273
2290,0.868686854839325
2291,0.9045225977897644
2292,0.6363636255264282
2293,0.8888888955116272
2294,0.7853881120681763
2295,0.6880733966827393
2296,0.6982323527336121
2297,0.8743718862533569
2298,0.713567852973938
2299,0.8256880640983582
2300,1.068493127822876
2301,0.6060606241226196
2302,0.8989899158477783
2303,0.7537688612937927
2304,0.7981651425361633
2305,0.868686854839325
2306,1.0909091234207153
2307,0.6972476840019226
2308,0.8484848737716675
2309,1.0550458431243896
2310,0.6834170818328857
2311,0.78899085521698
2312,0.9045225977897644
2313,0.747474730014801
2314,0.8520641922950745
2315,0.7575757503509521
2316,0.9447236061096191
2317,0.8256880640983582
2318,0.8310502171516418
2319,0.8743718862533569
2320,0.7839195728302002
2321,0.7777777910232544
2322,1.0183485746383667
2323,0.7070707082748413
2324,1.2054795026779175
2325,0.77625572681427
2326,0.6060606241226196
2327,0.7155963182449341
2328,0.8888888955116272
2329,0.6868686676025391
2330,0.78899085521698
2331,0.7839195728302002
2332,0.6757990717887878
2333,0.9090909361839294
2334,0.913241982460022
2335,0.7638190984725952
2336,0.7853881120681763
2337,0.963302731513977
2338,0.6868686676025391
2339,1.0351759195327759
2340,0.8542713522911072
2341,1.1559633016586304
2342,0.7236180901527405
2343,0.7853881120681763
2344,1.0202020406723022
2345,0.8036529421806335
2346,0.7214611768722534
2347,0.8944723606109619
2348,1.0319634675979614
2349,0.7939698696136475
2350,1.0251256227493286
2351,0.7738693356513977
2352,0.8990825414657593
2353,0.6849315166473389
2354,0.808080792427063
2355,0.80402010679245
2356,0.7853881120681763
2357,0.6969696879386902
2358,0.6464646458625793
2359,0.8542713522911072
2360,0.7031963467597961
2361,0.7155963182449341
2362,0.8165137767791748
2363,0.8383838534355164
2364,0.7638190984725952
2365,0.6030150651931763
2366,0.7035176157951355
2367,0.7070707082748413
2368,0.8844221234321594
2369,0.9045225977897644
2370,0.9191918969154358
2371,0.8442211151123047
2372,0.5858585834503174
2373,1.2694064378738403
2374,0.9145728349685669
2375,0.9595959782600403
2376,0.7373737096786499
2377,0.8807339668273926
2378,0.9045225977897644
2379,0.713567852973938
2380,0.767123281955719
2381,0.713567852973938
2382,1.0552763938903809
2383,0.8440366983413696
2384,0.7939698696136475
2385,0.6484017968177795
2386,0.9648241400718689
2387,0.9494949579238892
2388,0.9174311757087708
2389,0.6060606241226196
2390,0.7437185645103455
2391,0.7798165082931519
2392,1.1658291816711426
2393,0.6940639019012451
2394,0.9849246144294739
2395,1.0538990497589111
2396,0.7070707082748413
2397,0.7853881120681763
2398,0.7878788113594055
2399,0.6605504751205444
2400,0.8341708779335022
2401,0.5628140568733215
2402,0.733668327331543
2403,0.9595959782600403
2404,0.7236180901527405
2405,0.747474730014801
2406,0.6330274939537048
2407,0.7614678740501404
2408,0.7373737096786499
2409,0.7064220309257507
2410,0.8219178318977356
2411,0.6849315166473389
2412,0.5829145908355713
2413,0.9547738432884216
2414,0.8636363744735718
2415,0.8643215894699097
2416,0.8256880640983582
2417,0.7305936217308044
2418,1.2293578386306763
2419,0.9723618030548096
2420,0.7878788113594055
2421,1.0101009607315063
2422,0.7839195728302002
2423,0.9949748516082764
2424,1.256880760192871
2425,1.0319634675979614
2426,0.7035176157951355
2427,1.4747474193572998
2428,0.8442211151123047
2429,0.7070707082748413
2430,0.7878788113594055
2431,0.5662100315093994
2432,0.8623853325843811
2433,0.8542713522911072
2434,0.8442211151123047
2435,0.713567852973938
2436,0.8585858345031738
2437,0.7339449524879456
2438,0.7373737096786499
2439,0.868686854839325
2440,1.0
2441,1.4444444179534912
2442,0.6238532066345215
2443,1.191919207572937
2444,0.7171717286109924
2445,1.0319634675979614
2446,0.7777777910232544
2447,0.7412060499191284
2448,0.8181818127632141
2449,0.6880733966827393
2450,0.7798165082931519
2451,0.7638190984725952
2452,0.9696969985961914
2453,1.2293578386306763
2454,0.6972476840019226
2455,1.0825687646865845
2456,0.7373737096786499
2457,1.085427165031433
2458,0.7537688612937927
2459,0.6757990717887878
2460,0.9357798099517822
2461,0.5205479264259338
2462,0.8282828330993652
2463,0.7035176157951355
2464,0.6972476840019226
2465,0.767123281955719
2466,0.6868686676025391
2467,0.8440366983413696
2468,0.6757990717887878
2469,0.7437185645103455
2470,0.6868686676025391
2471,0.9595959782600403
2472,0.9449541568756104
2473,0.7839195728302002
2474,1.0
2475,0.78899085521698
2476,0.8341708779335022
2477,0.9045225977897644
2478,0.6532663106918335
2479,0.6834170818328857
2480,0.7171717286109924
2481,0.8888888955116272
2482,0.6733668446540833
2483,0.5959596037864685
2484,0.7070707082748413
2485,0.7651515007019043
2486,0.6262626051902771
2487,1.0136985778808594
2488,0.8844221234321594
2489,0.6464646458625793
2490,0.9898989796638489
2491,1.0045661926269531
2492,0.7272727489471436
2493,0.7537688612937927
2494,0.8807339668273926
2495,0.9648241400718689
2496,0.8165137767791748
2497,0.5929648280143738
2498,0.6060606241226196
2499,0.6788991093635559
2500,0.9849246144294739
2501,0.939393937587738
2502,0.7305936217308044
2503,0.713567852973938
2504,1.4747474193572998
2505,1.0101009607315063
2506,0.9090909361839294
2507,0.7878788113594055
2508,0.808080792427063
2509,1.6880733966827393
2510,0.939393937587738
2511,1.0642201900482178
2512,0.767123281955719
2513,0.9090909361839294
2514,0.9045225977897644
2515,0.8949771523475647
2516,0.767123281955719
2517,0.8643215894699097
2518,0.808080792427063
2519,0.78899085521698
2520,0.9849246144294739
2521,0.7676767706871033
2522,1.0593607425689697
2523,0.6880733966827393
2524,0.7035176157951355
2525,0.5959596037864685
2526,0.7979797720909119
2527,0.77625572681427
2528,0.6464646458625793
2529,0.6464646458625793
2530,1.0091743469238281
2531,0.8341708779335022
2532,0.7537688612937927
2533,1.0319634675979614
2534,1.085427165031433
2535,0.7272727489471436
2536,0.7939698696136475
2537,0.6821607947349548
2538,0.6331658363342285
2539,1.0228310823440552
2540,0.643216073513031
2541,0.6666666865348816
2542,0.931506872177124
2543,0.8484848737716675
2544,1.0
2545,0.8899082541465759
2546,0.8787878751754761
2547,0.913241982460022
2548,0.7676767706871033
2549,0.808080792427063
2550,0.9497717022895813
2551,0.77625572681427
2552,0.8584474921226501
2553,0.7676767706871033
2554,0.6363636255264282
2555,0.8585858345031738
2556,0.7798165082931519
2557,0.9045225977897644
2558,0.7537688612937927
2559,1.1616162061691284
2560,0.7123287916183472
2561,0.7431192398071289
2562,0.8383838534355164
2563,1.1111111640930176
2564,1.0502283573150635
2565,0.8585858345031738
2566,0.5858585834503174
2567,0.6733668446540833
2568,0.9547738432884216
2569,0.8844221234321594
2570,0.808080792427063
2571,0.7373737096786499
2572,0.808080792427063
2573,0.8282828330993652
2574,0.78899085521698
2575,0.808080792427063
2576,0.7638190984725952
2577,0.7247706651687622
2578,0.7373737096786499
2579,1.1926605701446533
2580,0.7035176157951355
2581,0.8585858345031738
2582,0.6060606241226196
2583,1.1192660331726074
2584,0.6972476840019226
2585,0.6788991093635559
2586,0.8542713522911072
2587,0.9292929172515869
2588,0.7981651425361633
2589,0.7839195728302002
2590,0.6880733966827393
2591,0.9648241400718689
2592,1.0101009607315063
2593,0.7373737096786499
2594,0.8715596199035645
2595,1.085427165031433
2596,1.0550458431243896
2597,1.105527639389038
2598,0.7878788113594055
2599,0.7945205569267273
2600,0.8989899158477783
2601,1.1324200630187988
2602,0.7537688612937927
2603,0.8584474921226501
2604,0.7839195728302002
2605,0.9873853325843811
2606,1.128995418548584
2607,0.7798165082931519
2608,0.7272727489471436
2609,0.6146789193153381
2610,0.8383838534355164
2611,0.8990825414657593
2612,0.7537688612937927
2613,0.713567852973938
2614,0.80402010679245
2615,0.6633166074752808
2616,0.747474730014801
2617,0.78899085521698
2618,0.868686854839325
2619,1.0101009607315063
2620,0.6934673190116882
2621,1.1356784105300903
2622,1.21100914478302
2623,0.5871559381484985
2624,0.7031963467597961
2625,0.9898989796638489
2626,1.1598173379898071
2627,1.1818181276321411
2628,0.8623853325843811
2629,1.6381909847259521
2630,0.8888888955116272
2631,0.6733668446540833
2632,0.7706422209739685
2633,0.8484848737716675
2634,0.6809045076370239
2635,0.80402010679245
2636,1.085427165031433
2637,0.808080792427063
2638,0.7173366546630859
2639,0.7045454382896423
2640,0.8256880640983582
2641,0.963302731513977
2642,1.4155250787734985
2643,0.6027397513389587
2644,0.8623853325843811
2645,0.868686854839325
2646,0.733668327331543
2647,0.6849315166473389
2648,0.7070707082748413
2649,0.6030150651931763
2650,0.6868686676025391
2651,0.808080792427063
2652,0.713567852973938
2653,0.7676767706871033
2654,0.9696969985961914
2655,0.6934673190116882
2656,0.7070707082748413
2657,0.6060606241226196
2658,1.0101009607315063
2659,0.8442211151123047
2660,0.7839195728302002
2661,0.8844221234321594
2662,0.8888888955116272
2663,0.6464646458625793
2664,0.7981651425361633
2665,0.8807339668273926
2666,0.9174311757087708
2667,0.8181818127632141
2668,0.733668327331543
2669,1.1010100841522217
2670,0.8219178318977356
2671,0.7171717286109924
2672,1.0
2673,0.8073394298553467
2674,0.8643215894699097
2675,0.7272727489471436
2676,0.552763819694519
2677,0.7878788113594055
2678,0.9680365324020386
2679,0.8542713522911072
2680,1.4848484992980957
2681,0.713567852973938
2682,0.8073394298553467
2683,0.6733668446540833
2684,0.8181818127632141
2685,1.036697268486023
2686,0.6464646458625793
2687,0.7638190984725952
2688,1.0505050420761108
2689,0.7676767706871033
2690,0.8073394298553467
2691,1.085427165031433
2692,0.8241205811500549
2693,0.9696969985961914
2694,0.8165137767791748
2695,0.7878788113594055
2696,0.733668327331543
2697,1.6803653240203857
2698,0.6834170818328857
2699,0.7171717286109924
2700,0.7839195728302002
2701,0.7878788113594055
2702,0.7738693356513977
2703,0.7537688612937927
2704,0.8256880640983582
2705,1.0505050420761108
2706,0.7155963182449341
2707,1.1415525674819946
2708,0.7537688612937927
2709,0.6666666865348816
2710,0.9045225977897644
2711,0.9045225977897644
2712,0.6363636255264282
2713,0.767123281955719
2714,0.7305936217308044
2715,0.8484848737716675
2716,0.8623853325843811
2717,0.78899085521698
2718,1.8181818723678589
2719,0.913241982460022
2720,0.8440366983413696
2721,0.7676767706871033
2722,0.9346733689308167
2723,0.7798165082931519
2724,0.7070707082748413
2725,0.8807339668273926
2726,0.8181818127632141
2727,0.767123281955719
2728,0.8989899158477783
2729,0.8949771523475647
2730,0.7706422209739685
2731,1.085427165031433
2732,0.6565656661987305
2733,0.80402010679245
2734,1.0958904027938843
2735,0.8944723606109619
2736,0.8484848737716675
2737,0.8907034993171692
2738,0.6633166074752808
2739,0.913241982460022
2740,0.6262626051902771
2741,0.8256880640983582
2742,0.8073394298553467
2743,1.0091743469238281
2744,0.6940639019012451
2745,0.7214611768722534
2746,0.7638190984725952
2747,0.8844221234321594
2748,0.7272727489471436
2749,1.1515151262283325
2750,0.808080792427063
2751,1.7070707082748413
2752,0.8127853870391846
2753,0.7272727489471436
2754,1.2121212482452393
2755,0.642201840877533
2756,0.7272727489471436
2757,0.8493150472640991
2758,0.8073394298553467
2759,0.8888888955116272
2760,0.9497717022895813
2761,0.7853881120681763
2762,0.7339449524879456
2763,0.8623853325843811
2764,0.80402010679245
2765,0.9696969985961914
2766,0.8310502171516418
2767,0.8442211151123047
2768,0.8256880640983582
2769,0.7638190984725952
2770,0.8844221234321594
2771,0.7945205569267273
2772,0.6130653023719788
2773,0.6697247624397278
2774,0.8140703439712524
2775,0.6060606241226196
2776,0.9292929172515869
2777,0.8140703439712524
2778,0.931506872177124
2779,0.9082568883895874
2780,0.8743718862533569
2781,1.0303030014038086
2782,0.7373737096786499
2783,0.8643215894699097
2784,0.8643215894699097
2785,0.7537688612937927
2786,1.0
2787,0.6565656661987305
2788,0.6972476840019226
2789,0.6969696879386902
2790,0.8542713522911072
2791,0.8459596037864685
2792,0.767123281955719
2793,0.8715596199035645
2794,0.7035176157951355
2795,1.0050251483917236
2796,1.0101009607315063
2797,0.8341708779335022
2798,0.808080792427063
2799,0.7373737096786499
2800,0.7939698696136475
2801,0.6565656661987305
2802,1.2222222089767456
2803,0.77625572681427
2804,0.80402010679245
2805,0.9406392574310303
2806,0.8844221234321594
2807,0.9041095972061157
2808,0.6757990717887878
2809,0.77625572681427
2810,0.939393937587738
2811,0.7638190984725952
2812,1.313131332397461
2813,0.78899085521698
2814,0.7035176157951355
2815,0.8036529421806335
2816,0.7236180901527405
2817,0.80402010679245
2818,0.9447236061096191
2819,0.5929648280143738
2820,1.0606060028076172
2821,1.105527639389038
2822,0.8944723606109619
2823,0.8442211151123047
2824,1.0642201900482178
2825,0.7339449524879456
2826,0.9090909361839294
2827,0.7853881120681763
2828,0.808080792427063
2829,0.7638190984725952
2830,0.767123281955719
2831,0.6666666865348816
2832,0.9648241400718689
2833,0.6363636255264282
2834,1.0606060028076172
2835,0.9041095972061157
2836,1.1009174585342407
2837,0.868686854839325
2838,0.808080792427063
2839,0.7064220309257507
2840,0.7614678740501404
2841,0.8256880640983582
2842,0.7070707082748413
2843,0.8585858345031738
2844,0.8787878751754761
2845,0.8165137767791748
2846,0.808080792427063
2847,1.125628113746643
2848,0.7373737096786499
2849,0.77625572681427
2850,0.752293586730957
2851,1.0202020406723022
2852,0.713567852973938
2853,1.1111111640930176
2854,0.8643215894699097
2855,1.0452260971069336
2856,0.8743718862533569
2857,0.8888888955116272
2858,1.0303030014038086
2859,0.7839195728302002
2860,0.5779816508293152
2861,0.6130653023719788
2862,1.0101009607315063
2863,0.6834170818328857
2864,0.8844221234321594
2865,0.7035176157951355
2866,0.9595959782600403
2867,1.1506849527359009
2868,0.8949771523475647
2869,0.7437185645103455
2870,0.5858585834503174
2871,0.8542713522911072
2872,0.7035176157951355
2873,0.9816513657569885
2874,1.3467336893081665
2875,0.9595959782600403
2876,1.0404040813446045
2877,0.9849246144294739
2878,1.0251256227493286
2879,1.105527639389038
2880,0.6030150651931763
2881,0.7676767706871033
2882,0.9648241400718689
2883,1.2525252103805542
2884,0.6464646458625793
2885,0.7676767706871033
2886,0.8844221234321594
2887,0.8442211151123047
2888,0.7839195728302002
2889,0.7939698696136475
2890,1.397260308265686
2891,1.085427165031433
2892,0.713567852973938
2893,0.7155963182449341
2894,0.9797979593276978
2895,0.8127853870391846
2896,0.8675799369812012
2897,0.7272727489471436
2898,1.1009174585342407
2899,0.8944723606109619
2900,0.7305936217308044
2901,0.9849246144294739
2902,0.6880733966827393
2903,0.7777777910232544
2904,0.868686854839325
2905,0.9648241400718689
2906,0.6880733966827393
2907,0.9494949579238892
2908,0.7537688612937927
2909,0.8241205811500549
2910,0.6972476840019226
2911,0.7878788113594055
2912,0.9696969985961914
2913,0.939393937587738
2914,0.713567852973938
2915,0.808080792427063
2916,0.7272727489471436
2917,0.9090909361839294
2918,0.6060606241226196
2919,0.5656565427780151
2920,0.9696969985961914
2921,0.7155963182449341
2922,0.9246231317520142
2923,0.6575342416763306
2924,0.7035176157951355
2925,0.733668327331543
2926,1.0050251483917236
2927,0.7373737096786499
2928,0.7777777910232544
2929,0.6238532066345215
2930,0.939393937587738
2931,1.0045661926269531
2932,0.7981651425361633
2933,1.3366833925247192
2934,0.8484848737716675
2935,0.8216080665588379
2936,0.5479452013969421
2937,0.7070707082748413
2938,0.7305936217308044
2939,1.0
2940,1.1111111640930176
2941,0.7676767706871033
2942,0.9748743772506714
2943,0.752293586730957
2944,0.6161616444587708
2945,0.7070707082748413
2946,0.6697247624397278
2947,1.1111111640930176
2948,0.9174311757087708
2949,0.7676767706871033
2950,0.8542713522911072
2951,0.7035176157951355
2952,0.6849315166473389
2953,0.868686854839325
2954,0.6868686676025391
2955,0.8743718862533569
2956,0.7070707082748413
2957,0.80402010679245
2958,0.8484848737716675
2959,0.9849246144294739
2960,0.7305936217308044
2961,0.8767123222351074
2962,0.7035176157951355
2963,0.713567852973938
2964,0.9090909361839294
2965,0.868686854839325
2966,0.8743718862533569
2967,0.7853881120681763
2968,0.9041095972061157
2969,0.9898989796638489
2970,0.6934673190116882
2971,0.6633166074752808
2972,0.8484848737716675
2973,1.0958904027938843
2974,0.8949771523475647
2975,0.6757990717887878
2976,0.7437185645103455
2977,0.80402010679245
2978,0.6262626051902771
2979,0.6464646458625793
2980,0.8585858345031738
2981,0.7305936217308044
2982,0.8585858345031738
2983,0.8127853870391846
2984,0.913241982460022
2985,0.733668327331543
2986,0.8256880640983582
2987,0.8219178318977356
2988,0.7579908967018127
2989,0.7878788113594055
2990,0.642201840877533
2991,1.0101009607315063
2992,1.125628113746643
2993,0.8256880640983582
2994,0.78899085521698
2995,0.8383838534355164
2996,1.3737373352050781
2997,0.8944723606109619
2998,1.3535352945327759
2999,0.6532663106918335
3000,0.7035176157951355
3001,0.7981651425361633
3002,0.6030150651931763
3003,1.0954773426055908
3004,1.0642201900482178
3005,0.7437185645103455
3006,0.9292929172515869
3007,0.6940639019012451
3008,0.9908257126808167
3009,1.2060301303863525
3010,0.9748743772506714
3011,0.8036529421806335
3012,0.9174311757087708
3013,0.9406392574310303
3014,0.7070707082748413
3015,0.7339449524879456
3016,0.913241982460022
3017,0.7373737096786499
3018,0.5829145908355713
3019,0.8341708779335022
3020,0.868686854839325
3021,0.8383838534355164
3022,0.80402010679245
3023,0.8542713522911072
3024,0.7437185645103455
3025,1.0502283573150635
3026,0.8383838534355164
3027,1.0202020406723022
3028,0.747474730014801
3029,0.78899085521698
3030,0.8484848737716675
3031,0.6633166074752808
3032,0.7537688612937927
3033,0.8219178318977356
3034,0.6330274939537048
3035,0.868686854839325
3036,0.7981651425361633
3037,1.0552763938903809
3038,0.6868686676025391
3039,0.7339449524879456
3040,0.60550457239151
3041,0.747474730014801
3042,0.7373737096786499
3043,0.9797979593276978
3044,1.0505050420761108
3045,0.8165137767791748
3046,0.7537688612937927
3047,0.8844221234321594
3048,1.5577889680862427
3049,1.2060301303863525
3050,0.747474730014801
3051,0.7155963182449341
3052,0.7945205569267273
3053,0.7373737096786499
3054,0.8899082541465759
3055,0.808080792427063
3056,0.8585858345031738
3057,1.706421971321106
3058,0.9266055226325989
3059,0.747474730014801
3060,0.7070707082748413
3061,1.125628113746643
3062,0.7035176157951355
3063,0.6575342416763306
3064,1.0776255130767822
3065,0.8484848737716675
3066,0.868686854839325
3067,0.7614678740501404
3068,0.9547738432884216
3069,0.5936073064804077
3070,1.0550458431243896
3071,0.7373737096786499
3072,0.6392694115638733
3073,0.7070707082748413
3074,0.6464646458625793
3075,1.1111111640930176
3076,0.6575342416763306
3077,0.7638190984725952
3078,0.8643215894699097
3079,0.77625572681427
3080,0.8383838534355164
3081,0.6161616444587708
3082,1.070707082748413
3083,0.9898989796638489
3084,1.0050251483917236
3085,0.5252525210380554
3086,0.733668327331543
3087,0.6849315166473389
3088,0.7939698696136475
3089,0.621004581451416
3090,0.9748743772506714
3091,0.611872136592865
3092,0.8493150472640991
3093,0.7575757503509521
3094,0.6363636255264282
3095,0.939393937587738
3096,0.7035176157951355
3097,0.6788991093635559
3098,0.9816513657569885
3099,0.868686854839325
3100,1.0909091234207153
3101,0.9547738432884216
3102,1.3869346380233765
3103,0.5858585834503174
3104,0.8990825414657593
3105,0.9174311757087708
3106,0.7437185645103455
3107,0.7939698696136475
3108,0.7070707082748413
3109,0.9406392574310303
3110,1.0606060028076172
3111,0.6947236061096191
3112,0.5858585834503174
3113,0.7738693356513977
3114,0.5959596037864685
3115,0.8643215894699097
3116,0.9595959782600403
3117,0.6754587292671204
3118,0.6712328791618347
3119,0.7738693356513977
3120,0.9494949579238892
3121,0.7853881120681763
3122,0.7575757503509521
3123,1.1859296560287476
3124,0.7853881120681763
3125,0.6030150651931763
3126,1.1515151262283325
3127,0.9748743772506714
3128,0.5929648280143738
3129,0.922374427318573
3130,1.2562813758850098
3131,0.7878788113594055
3132,1.247706413269043
3133,0.6146789193153381
3134,1.0101009607315063
3135,0.5963302850723267
3136,0.7035176157951355
3137,0.9174311757087708
3138,0.7614678740501404
3139,0.7373737096786499
3140,0.7638190984725952
3141,0.7305936217308044
3142,0.8585858345031738
3143,0.7878788113594055
3144,0.7339449524879456
3145,0.8743718862533569
3146,0.7339449524879456
3147,0.6330274939537048
3148,0.6030150651931763
3149,1.2660549879074097
3150,0.6575342416763306
3151,0.747474730014801
3152,0.6532663106918335
3153,0.6565656661987305
3154,1.6767677068710327
3155,0.7839195728302002
3156,0.6849315166473389
3157,0.8282828330993652
3158,0.713567852973938
3159,1.121212124824524
3160,0.7214611768722534
3161,0.9090909361839294
3162,0.8989899158477783
3163,0.808080792427063
3164,0.7798165082931519
3165,0.853210985660553
3166,0.868686854839325
3167,0.7575757503509521
3168,0.7155963182449341
3169,0.8493150472640991
3170,0.7638190984725952
3171,1.0410958528518677
3172,0.8807339668273926
3173,0.8282828330993652
3174,0.8743718862533569
3175,0.8949771523475647
3176,1.0550458431243896
3177,0.7437185645103455
3178,1.0958904027938843
3179,0.9648241400718689
3180,0.9648241400718689
3181,0.808080792427063
3182,0.7939698696136475
3183,0.5963302850723267
3184,0.8542713522911072
3185,1.0958904027938843
3186,0.8127853870391846
3187,0.713567852973938
3188,0.8140703439712524
3189,0.868686854839325
3190,0.6301369667053223
3191,0.8643215894699097
3192,0.9589040875434875
3193,0.6238532066345215
3194,0.621004581451416
3195,0.8743718862533569
3196,0.8888888955116272
3197,0.9090909361839294
3198,0.7839195728302002
3199,0.7981651425361633
3200,0.853210985660553
3201,0.7305936217308044
3202,0.7035176157951355
3203,1.8291456699371338
3204,0.808080792427063
3205,1.0183485746383667
3206,0.9090909361839294
3207,0.747474730014801
3208,1.3768844604492188
3209,0.9849246144294739
3210,0.868686854839325
3211,0.8165137767791748
3212,1.2222222089767456
3213,1.2020201683044434
3214,0.747474730014801
3215,0.6030150651931763
3216,0.9771689772605896
3217,0.7171717286109924
3218,0.9648241400718689
3219,0.808080792427063
3220,0.9589040875434875
3221,0.623115599155426
3222,1.191919207572937
3223,0.8715596199035645
3224,0.621004581451416
3225,0.78899085521698
3226,0.9898989796638489
3227,1.3211009502410889
3228,0.9045225977897644
3229,0.6972476840019226
3230,0.9174311757087708
3231,0.7839195728302002
3232,0.7537688612937927
3233,0.7676767706871033
3234,0.8282828330993652
3235,0.8484848737716675
3236,1.1616162061691284
3237,0.7035176157951355
3238,0.6868686676025391
3239,0.6575342416763306
3240,0.6363636255264282
3241,0.9191918969154358
3242,0.7305936217308044
3243,1.0101009607315063
3244,0.6834170818328857
3245,0.7614678740501404
3246,0.572864294052124
3247,0.80402010679245
3248,0.733668327331543
3249,0.7981651425361633
3250,0.6633166074752808
3251,0.7064220309257507
3252,0.8542713522911072
3253,0.9494949579238892
3254,0.7638190984725952
3255,0.8990825414657593
3256,0.9346733689308167
3257,0.7305936217308044
3258,0.7437185645103455
3259,1.534246563911438
3260,0.6030150651931763
3261,0.7070707082748413
3262,0.6788991093635559
3263,0.7155963182449341
3264,0.7070707082748413
3265,0.733668327331543
3266,0.7798165082931519
3267,0.7035176157951355
3268,1.1780822277069092
3269,0.8073394298553467
3270,0.9090909361839294
3271,0.8585858345031738
3272,0.6834170818328857
3273,0.747474730014801
3274,0.808080792427063
3275,0.8442211151123047
3276,0.8383838534355164
3277,0.8767123222351074
3278,1.3944953680038452
3279,0.7706422209739685
3280,1.3366833925247192
3281,0.9949748516082764
3282,0.7123287916183472
3283,0.8584474921226501
3284,1.0593607425689697
3285,0.7123287916183472
3286,1.073394536972046
3287,1.0150753259658813
3288,0.733668327331543
3289,0.808080792427063
3290,0.7614678740501404
3291,1.1689497232437134
3292,0.713567852973938
3293,0.8493150472640991
3294,0.7706422209739685
3295,0.8807339668273926
3296,0.8165137767791748
3297,0.7706422209739685
3298,0.8036529421806335
3299,1.0050251483917236
3300,1.1324200630187988
3301,0.6575342416763306
3302,0.9045225977897644
3303,1.2323232889175415
3304,0.8073394298553467
3305,0.8256880640983582
3306,1.121212124824524
3307,0.853210985660553
3308,0.7575757503509521
3309,0.80402010679245
3310,0.7575757503509521
3311,0.9292929172515869
3312,0.7272727489471436
3313,0.5596330165863037
3314,0.6940639019012451
3315,0.8585858345031738
3316,0.6940639019012451
3317,0.7638190984725952
3318,0.80402010679245
3319,0.7373737096786499
3320,0.621004581451416
3321,1.105527639389038
3322,0.8036529421806335
3323,0.7035176157951355
3324,0.767123281955719
3325,0.6363636255264282
3326,1.0452260971069336
3327,0.7798165082931519
3328,1.2385320663452148
3329,0.7035176157951355
3330,0.868686854839325
3331,0.6532663106918335
3332,0.80402010679245
3333,0.7373737096786499
3334,0.77625572681427
3335,0.7614678740501404
3336,0.6532663106918335
3337,0.8844221234321594
3338,0.80402010679245
3339,0.7537688612937927
3340,0.8073394298553467
3341,0.9648241400718689
3342,1.0452260971069336
3343,0.8643215894699097
3344,0.7798165082931519
3345,1.2763818502426147
3346,0.7171717286109924
3347,1.1009174585342407
3348,1.1616162061691284
3349,0.7676767706871033
3350,0.9494949579238892
3351,1.4371858835220337
3352,0.8888888955116272
3353,0.6633166074752808
3354,1.1515151262283325
3355,1.1557788848876953
3356,0.8888888955116272
3357,0.5779816508293152
3358,0.7738693356513977
3359,0.621004581451416
3360,0.7070707082748413
3361,0.7939698696136475
3362,0.7579908967018127
3363,1.3333333730697632
3364,0.8341708779335022
3365,0.8036529421806335
3366,0.6060606241226196
3367,1.5075377225875854
3368,0.913241982460022
3369,0.6934673190116882
3370,0.8844221234321594
3371,0.5829145908355713
3372,0.8944723606109619
3373,0.6834170818328857
3374,0.9246231317520142
3375,0.8623853325843811
3376,0.8442211151123047
3377,0.7579908967018127
3378,0.7839195728302002
3379,0.5829145908355713
3380,0.9748743772506714
3381,0.8888888955116272
3382,0.7339449524879456
3383,0.9849246144294739
3384,0.8990825414657593
3385,0.7123287916183472
3386,0.7738693356513977
3387,0.9145728349685669
3388,0.6868686676025391
3389,0.9406392574310303
3390,1.1356784105300903
3391,0.9292929172515869
3392,0.8888888955116272
3393,0.8493150472640991
3394,2.0366971492767334
3395,0.733668327331543
3396,0.6666666865348816
3397,0.6331658363342285
3398,1.0101009607315063
3399,0.9174311757087708
3400,0.8073394298553467
3401,0.7236180901527405
3402,1.0958904027938843
3403,0.7738693356513977
3404,0.9090909361839294
3405,0.77625572681427
3406,0.5871559381484985
3407,0.9849246144294739
3408,0.8787878751754761
3409,0.7638190984725952
3410,0.5628140568733215
3411,0.7979797720909119
3412,1.2293578386306763
3413,0.853210985660553
3414,1.0808080434799194
3415,0.8181818127632141
3416,1.0351759195327759
3417,0.9849246144294739
3418,0.7575757503509521
3419,0.80402010679245
3420,1.0552763938903809
3421,0.6757990717887878
3422,1.4773869514465332
3423,1.1859296560287476
3424,0.7123287916183472
3425,0.7035176157951355
3426,0.8442211151123047
3427,0.8383838534355164
3428,0.939393937587738
3429,1.284403681755066
3430,0.5570776462554932
3431,1.247706413269043
3432,0.6392694115638733
3433,1.0150753259658813
3434,0.7035176157951355
3435,0.78899085521698
3436,0.6330274939537048
3437,0.642201840877533
3438,0.7272727489471436
3439,0.808080792427063
3440,0.7676767706871033
3441,1.266331672668457
3442,0.8442211151123047
3443,0.7939698696136475
3444,0.9145728349685669
3445,0.6733668446540833
3446,0.8989899158477783
3447,0.713567852973938
3448,0.733668327331543
3449,1.0319634675979614
3450,0.7945205569267273
3451,0.7706422209739685
3452,1.0
3453,0.8383838534355164
3454,0.7979797720909119
3455,0.6767676472663879
3456,0.8858447670936584
3457,0.611872136592865
3458,1.0101009607315063
3459,0.7155963182449341
3460,0.8715596199035645
3461,0.6767676472663879
3462,0.8542713522911072
3463,1.26262629032135
3464,0.9908257126808167
3465,0.80402010679245
3466,0.6788991093635559
3467,0.8073394298553467
3468,0.8383838534355164
3469,0.7676767706871033
3470,0.78899085521698
3471,0.9191918969154358
3472,1.0552763938903809
3473,0.9849246144294739
3474,0.9292929172515869
3475,0.8643215894699097
3476,0.7248743772506714
3477,0.868686854839325
3478,1.1758793592453003
3479,0.9797979593276978
3480,0.9748743772506714
3481,1.1284403800964355
3482,1.0101009607315063
3483,0.642201840877533
3484,0.7070707082748413
3485,0.8036529421806335
3486,0.6757990717887878
3487,0.939393937587738
3488,0.7305936217308044
3489,0.8844221234321594
3490,0.8165137767791748
3491,0.7070707082748413
3492,0.7272727489471436
3493,1.0101009607315063
3494,0.9949748516082764
3495,0.80402010679245
3496,0.6532663106918335
3497,1.0593607425689697
3498,0.7305936217308044
3499,0.8440366983413696
3500,0.7339449524879456
3501,0.9898989796638489
3502,1.246231198310852
3503,1.145728588104248
3504,0.733668327331543
3505,0.6238532066345215
3506,0.7236180901527405
3507,0.7676767706871033
3508,0.808080792427063
3509,0.9849246144294739
3510,0.6330274939537048
3511,0.7397260069847107
3512,0.6060606241226196
3513,0.7272727489471436
3514,0.7979797720909119
3515,0.6849315166473389
3516,0.8787878751754761
3517,0.643216073513031
3518,0.8542713522911072
3519,1.0
3520,1.045871615409851
3521,0.5963302850723267
3522,0.7853881120681763
3523,0.6331658363342285
3524,1.070707082748413
3525,0.6666666865348816
3526,1.0502283573150635
3527,1.9449541568756104
3528,0.6565656661987305
3529,0.7171717286109924
3530,0.7305936217308044
3531,0.713567852973938
3532,0.7706422209739685
3533,0.6484017968177795
3534,1.174311876296997
3535,0.8127853870391846
3536,0.8585858345031738
3537,1.0452260971069336
3538,0.9680365324020386
3539,0.9547738432884216
3540,0.8584474921226501
3541,0.9949748516082764
3542,0.6027397513389587
3543,1.0825687646865845
3544,0.80402010679245
3545,0.8844221234321594
3546,0.78899085521698
3547,0.8844221234321594
3548,0.8348624110221863
3549,0.9447236061096191
3550,0.8219178318977356
3551,1.105527639389038
3552,0.868686854839325
3553,0.7236180901527405
3554,0.6060606241226196
3555,0.747474730014801
3556,0.8542713522911072
3557,0.8036529421806335
3558,0.7638190984725952
3559,1.1515151262283325
3560,0.9045225977897644
3561,0.6060606241226196
3562,0.8493150472640991
3563,0.5858585834503174
3564,1.0653266906738281
3565,0.7272727489471436
3566,0.8282828330993652
3567,0.8675799369812012
3568,0.7339449524879456
3569,0.747474730014801
3570,0.8241205811500549
3571,0.9696969985961914
3572,0.7031963467597961
3573,0.6161616444587708
3574,0.7839195728302002
3575,0.808080792427063
3576,0.8383838534355164
3577,0.9045225977897644
3578,0.6972476840019226
3579,0.6130653023719788
3580,0.7339449524879456
3581,0.5688073635101318
3582,0.8819095492362976
3583,1.4337899684906006
3584,0.7537688612937927
3585,1.0050251483917236
3586,0.9494949579238892
3587,0.8493150472640991
3588,0.7945205569267273
3589,0.6788991093635559
3590,0.6834170818328857
3591,0.7638190984725952
3592,1.2424242496490479
3593,0.808080792427063
3594,0.9045225977897644
3595,0.8219178318977356
3596,0.7305936217308044
3597,0.808080792427063
3598,0.7839195728302002
3599,0.7431192398071289
3600,0.7437185645103455
3601,0.5226130485534668
3602,0.868686854839325
3603,0.7339449524879456
3604,0.8585858345031738
3605,0.9045225977897644
3606,1.2511415481567383
3607,0.7738693356513977
3608,0.7866161465644836
3609,0.9547738432884216
3610,0.80402010679245
3611,0.868686854839325
3612,0.868686854839325
3613,0.7575757503509521
3614,1.1111111640930176
3615,0.7537688612937927
3616,0.8493150472640991
3617,0.78899085521698
3618,0.7070707082748413
3619,0.8219178318977356
3620,0.9547738432884216
3621,0.8036529421806335
3622,1.2525252103805542
3623,0.8036529421806335
3624,0.7064220309257507
3625,0.78899085521698
3626,0.9174311757087708
3627,0.6030150651931763
3628,0.7638190984725952
3629,0.8542713522911072
3630,0.8542713522911072
3631,0.7839195728302002
3632,0.8715596199035645
3633,0.9090909361839294
3634,0.627525269985199
3635,0.7798165082931519
3636,0.7738693356513977
3637,0.7437185645103455
3638,0.6030150651931763
3639,0.7853881120681763
3640,0.9045225977897644
3641,0.7878788113594055
3642,0.6262626051902771
3643,0.8623853325843811
3644,0.8990825414657593
3645,0.6513761281967163
3646,1.1050227880477905
3647,1.7171716690063477
3648,0.7070707082748413
3649,0.7638190984725952
3650,0.7537688612937927
3651,0.9191918969154358
3652,0.7070707082748413
3653,0.9447236061096191
3654,0.733668327331543
3655,0.8241205811500549
3656,0.5816583037376404
3657,0.808080792427063
3658,0.6331658363342285
3659,1.0050251483917236
3660,0.9724770784378052
3661,0.9292929172515869
3662,1.0909091234207153
3663,0.9174311757087708
3664,0.6733668446540833
3665,0.8219178318977356
3666,0.7339449524879456
3667,0.8643215894699097
3668,0.6027397513389587
3669,0.6767676472663879
3670,0.6972476840019226
3671,0.7638190984725952
3672,0.7706422209739685
3673,0.7397260069847107
3674,0.7035176157951355
3675,0.8256880640983582
3676,0.8623853325843811
3677,0.8219178318977356
3678,1.1959799528121948
3679,0.8383838534355164
3680,0.6972476840019226
3681,0.6532663106918335
3682,0.9090909361839294
3683,0.6934673190116882
3684,0.642201840877533
3685,0.7579908967018127
3686,1.2261306047439575
3687,0.6666666865348816
3688,0.939393937587738
3689,0.8127853870391846
3690,0.8341708779335022
3691,0.7339449524879456
3692,0.6301369667053223
3693,0.9494949579238892
3694,0.767123281955719
3695,0.8542713522911072
3696,0.7638190984725952
3697,0.7272727489471436
3698,0.922374427318573
3699,0.6060606241226196
3700,0.9447236061096191
3701,0.7070707082748413
3702,1.3698630332946777
3703,1.086758017539978
3704,0.808080792427063
3705,0.8888888955116272
3706,0.8787878751754761
3707,0.6868686676025391
3708,0.9849246144294739
3709,0.7738693356513977
3710,0.7738693356513977
3711,0.747474730014801
3712,0.6633166074752808
3713,0.6130653023719788
3714,0.7155963182449341
3715,0.6880733966827393
3716,0.747474730014801
3717,0.9406392574310303
3718,0.7798165082931519
3719,0.713567852973938
3720,1.0825687646865845
3721,1.9360730648040771
3722,0.7272727489471436
3723,0.5479452013969421
3724,0.7035176157951355
3725,0.7155963182449341
3726,0.7575757503509521
3727,0.6733668446540833
3728,0.6834170818328857
3729,1.0550458431243896
3730,0.8844221234321594
3731,0.8643215894699097
3732,0.6969696879386902
3733,0.868686854839325
3734,0.6605504751205444
3735,0.9045225977897644
3736,0.8493150472640991
3737,0.7537688612937927
3738,0.6834170818328857
3739,0.9863013625144958
3740,0.8472222089767456
3741,0.8256880640983582
3742,0.808080792427063
3743,0.5963302850723267
3744,0.8844221234321594
3745,0.7575757503509521
3746,0.7339449524879456
3747,0.868686854839325
3748,0.8990825414657593
3749,0.80402010679245
3750,0.6532663106918335
3751,0.733668327331543
3752,0.9246231317520142
3753,0.642201840877533
3754,0.7272727489471436
3755,0.6940639019012451
3756,0.7171717286109924
3757,1.397260308265686
3758,0.8990825414657593
3759,0.8899082541465759
3760,0.9849246144294739
3761,0.7777777910232544
3762,0.6161616444587708
3763,0.8888888955116272
3764,0.6961008906364441
3765,1.073394536972046
3766,0.7945205569267273
3767,1.145728588104248
3768,0.808080792427063
3769,0.8073394298553467
3770,1.068493127822876
3771,0.6733668446540833
3772,1.0050251483917236
3773,1.0136985778808594
3774,0.9266055226325989
3775,1.0593607425689697
3776,0.8484848737716675
3777,0.733668327331543
3778,0.7397260069847107
3779,0.8127853870391846
3780,0.5858585834503174
3781,0.7171717286109924
3782,0.8241205811500549
3783,0.9595959782600403
3784,0.9541284441947937
3785,1.545454502105713
3786,0.9898989796638489
3787,1.2060301303863525
3788,0.8241205811500549
3789,0.7339449524879456
3790,1.0410958528518677
3791,0.8484848737716675
3792,0.642201840877533
3793,1.0825687646865845
3794,0.6733668446540833
3795,0.5296803712844849
3796,0.6880733966827393
3797,0.5959596037864685
3798,0.7070707082748413
3799,0.7981651425361633
3800,0.752293586730957
3801,0.9547738432884216
3802,0.7981651425361633
3803,0.7575757503509521
3804,0.6575342416763306
3805,0.6697247624397278
3806,0.7070707082748413
3807,0.9090909361839294
3808,1.0
3809,0.6575342416763306
3810,0.9045225977897644
3811,0.9449541568756104
3812,1.1834862232208252
3813,0.9174311757087708
3814,1.1414141654968262
3815,0.9949748516082764
3816,0.8219178318977356
3817,0.6666666865348816
3818,0.8888888955116272
3819,0.6849315166473389
3820,0.808080792427063
3821,0.733668327331543
3822,0.747474730014801
3823,1.0183485746383667
3824,0.8036529421806335
3825,1.1111111640930176
3826,0.7339449524879456
3827,0.9145728349685669
3828,0.60550457239151
3829,1.5252525806427002
3830,0.78899085521698
3831,0.7878788113594055
3832,0.6030150651931763
3833,0.7878788113594055
3834,0.8787878751754761
3835,0.6969696879386902
3836,0.8949771523475647
3837,1.068493127822876
3838,1.0101009607315063
3839,0.7305936217308044
3840,1.0
3841,0.7236180901527405
3842,1.0505050420761108
3843,1.0958904027938843
3844,1.4040404558181763
3845,0.6532663106918335
3846,0.7171717286109924
3847,0.6972476840019226
3848,0.8715596199035645
3849,0.9191918969154358
3850,0.7537688612937927
3851,0.7706422209739685
3852,0.6060606241226196
3853,1.0101009607315063
3854,0.5688073635101318
3855,0.7171717286109924
3856,0.7579908967018127
3857,0.8542713522911072
3858,1.1717171669006348
3859,0.80402010679245
3860,0.8888888955116272
3861,1.0050251483917236
3862,0.8165137767791748
3863,0.808080792427063
3864,0.8542713522911072
3865,0.808080792427063
3866,0.7437185645103455
3867,1.0776255130767822
3868,0.7305936217308044
3869,0.78899085521698
3870,0.6030150651931763
3871,0.7031963467597961
3872,0.7853881120681763
3873,0.7575757503509521
3874,0.7155963182449341
3875,0.7070707082748413
3876,0.6146789193153381
3877,0.7236180901527405
3878,0.642201840877533
3879,0.767123281955719
3880,0.7706422209739685
3881,0.6834170818328857
3882,0.6030150651931763
3883,0.8127853870391846
3884,1.0251256227493286
3885,0.6757990717887878
3886,0.6849315166473389
3887,0.7579908967018127
3888,0.7171717286109924
3889,0.7247706651687622
3890,0.7537688612937927
3891,0.8165137767791748
3892,0.7236180901527405
3893,0.808080792427063
3894,0.6666666865348816
3895,0.9547738432884216
3896,0.733668327331543
3897,1.0917431116104126
3898,0.7839195728302002
3899,0.733668327331543
3900,0.7412060499191284
3901,0.8542713522911072
3902,1.145728588104248
3903,0.868686854839325
3904,0.7236180901527405
3905,0.8787878751754761
3906,1.105527639389038
3907,0.7272727489471436
3908,0.8888888955116272
3909,0.7155963182449341
3910,0.6834170818328857
3911,0.9191918969154358
3912,0.6238532066345215
3913,0.7676767706871033
3914,0.7798165082931519
3915,0.9494949579238892
3916,0.7839195728302002
3917,0.8383838534355164
3918,0.8767123222351074
3919,0.7070707082748413
3920,0.7488584518432617
3921,0.7214611768722534
3922,0.9748743772506714
3923,0.7437185645103455
3924,0.5555555820465088
3925,0.8989899158477783
3926,0.5656565427780151
3927,0.78899085521698
3928,0.922374427318573
3929,0.7853881120681763
3930,1.174311876296997
3931,0.8383838534355164
3932,0.7853881120681763
3933,0.8073394298553467
3934,0.80402010679245
3935,0.9595959782600403
3936,0.6969696879386902
3937,0.9595959782600403
3938,1.1009174585342407
3939,0.6868686676025391
3940,0.733668327331543
3941,0.747474730014801
3942,0.733668327331543
3943,1.0954773426055908
3944,1.3567838668823242
3945,0.808080792427063
3946,1.0550458431243896
3947,0.5845959782600403
3948,0.8715596199035645
3949,0.7839195728302002
3950,0.808080792427063
3951,0.8036529421806335
3952,0.642201840877533
3953,0.6392694115638733
3954,0.6969696879386902
3955,1.1232876777648926
3956,0.8743718862533569
3957,0.8787878751754761
3958,1.0642201900482178
3959,0.7064220309257507
3960,0.7614678740501404
3961,0.8256880640983582
3962,0.7236180901527405
3963,0.7035176157951355
3964,1.0958904027938843
3965,0.767123281955719
3966,1.0275229215621948
3967,1.1758793592453003
3968,0.7664141654968262
3969,1.266331672668457
3970,0.7638190984725952
3971,0.8256880640983582
3972,0.747474730014801
3973,0.8585858345031738
3974,0.6969696879386902
3975,0.9648241400718689
3976,0.7070707082748413
3977,0.7839195728302002
3978,0.868686854839325
3979,0.9191918969154358
3980,0.7537688612937927
3981,0.7437185645103455
3982,1.0101009607315063
3983,0.8341708779335022
3984,0.6392694115638733
3985,1.1859296560287476
3986,0.9174311757087708
3987,0.7155963182449341
3988,0.7945205569267273
3989,0.8844221234321594
3990,0.6940639019012451
3991,0.8073394298553467
3992,0.7339449524879456
3993,0.8643215894699097
3994,0.621004581451416
3995,0.747474730014801
3996,0.9045225977897644
3997,0.603210985660553
3998,0.8888888955116272
3999,0.7706422209739685
4000,1.191919207572937
4001,0.8743718862533569
4002,0.7397260069847107
4003,0.7777777910232544
4004,0.5959596037864685
4005,1.1356784105300903
4006,0.9174311757087708
4007,0.7070707082748413
4008,1.1009174585342407
4009,0.7339449524879456
4010,1.0653266906738281
4011,1.105527639389038
4012,0.7214611768722534
4013,0.7839195728302002
4014,0.8787878751754761
4015,0.80402010679245
4016,0.8899082541465759
4017,0.9494949579238892
4018,0.6633166074752808
4019,0.6934673190116882
4020,0.7339449524879456
4021,0.7676767706871033
4022,0.8643215894699097
4023,0.8383838534355164
4024,0.6666666865348816
4025,0.913241982460022
4026,1.1616162061691284
4027,0.5963302850723267
4028,0.8585858345031738
4029,0.939393937587738
4030,1.0251256227493286
4031,0.8256880640983582
4032,0.9949748516082764
4033,0.6356784105300903
4034,0.80402010679245
4035,0.8442211151123047
4036,0.9724770784378052
4037,0.6666666865348816
4038,0.6868686676025391
4039,1.0
4040,1.1818181276321411
4041,0.9447236061096191
4042,0.80402010679245
4043,0.6880733966827393
4044,0.6130653023719788
4045,1.0101009607315063
4046,1.505050539970398
4047,0.8219178318977356
4048,0.8241205811500549
4049,1.0045661926269531
4050,1.0050251483917236
4051,0.7798165082931519
4052,0.8484848737716675
4053,0.8715596199035645
4054,0.808080792427063
4055,0.8140703439712524
4056,1.0502283573150635
4057,0.6301369667053223
4058,0.868686854839325
4059,0.7171717286109924
4060,0.7214611768722534
4061,0.8899082541465759
4062,0.808080792427063
4063,0.6868686676025391
4064,0.7878788113594055
4065,1.0
4066,0.623115599155426
4067,0.77625572681427
4068,0.9090909361839294
4069,0.7035176157951355
4070,0.7945205569267273
4071,0.8241205811500549
4072,1.286432147026062
4073,0.8440366983413696
4074,0.6392694115638733
4075,0.8844221234321594
4076,0.80402010679245
4077,0.77625572681427
4078,0.9547738432884216
4079,0.7537688612937927
4080,0.9541284441947937
4081,1.0404040813446045
4082,0.5656565427780151
4083,1.0410958528518677
4084,1.1009174585342407
4085,0.7035176157951355
4086,0.6788991093635559
4087,0.8787878751754761
4088,0.9547738432884216
4089,0.8219178318977356
4090,0.8643215894699097
4091,0.6047979593276978
4092,0.6940639019012451
4093,0.8219178318977356
4094,0.733668327331543
4095,0.767123281955719
4096,1.2020201683044434
4097,0.922374427318573
4098,0.7939698696136475
4099,0.6030150651931763
4100,1.0251256227493286
4101,0.8348624110221863
4102,1.0552763938903809
4103,0.8127853870391846
4104,0.8643215894699097
4105,0.623115599155426
4106,0.8341708779335022
4107,0.9292929172515869
4108,0.7437185645103455
4109,0.6868686676025391
4110,0.7878788113594055
4111,0.8219178318977356
4112,0.621004581451416
4113,1.6363636255264282
4114,0.8888888955116272
4115,0.7878788113594055
4116,0.9447236061096191
4117,0.8442211151123047
4118,0.5656565427780151
4119,0.8787878751754761
4120,0.9595959782600403
4121,0.8440366983413696
4122,0.6464646458625793
4123,0.77625572681427
4124,1.0552763938903809
4125,0.7373737096786499
4126,0.7171717286109924
4127,0.621004581451416
4128,0.5959596037864685
4129,0.9849246144294739
4130,0.6940639019012451
4131,0.7488584518432617
4132,0.8787878751754761
4133,0.7339449524879456
4134,0.8715596199035645
4135,1.0319634675979614
4136,0.6545225977897644
4137,0.7070707082748413
4138,0.868686854839325
4139,0.6849315166473389
4140,0.7839195728302002
4141,0.5959596037864685
4142,1.266331672668457
4143,0.6532663106918335
4144,0.6834170818328857
4145,0.6532663106918335
4146,0.8585858345031738
4147,0.8787878751754761
4148,0.6666666865348816
4149,0.8643215894699097
4150,0.7272727489471436
4151,0.7839195728302002
4152,0.7437185645103455
4153,1.0228310823440552
4154,0.6331658363342285
4155,0.6969696879386902
4156,0.6697247624397278
4157,0.6030150651931763
4158,0.8949771523475647
4159,0.8484848737716675
4160,1.085427165031433
4161,0.7638190984725952
4162,0.7839195728302002
4163,0.7070707082748413
4164,0.9696969985961914
4165,0.5929648280143738
4166,1.0251256227493286
4167,0.7305936217308044
4168,0.6532663106918335
4169,0.7638190984725952
4170,0.8442211151123047
4171,0.6030150651931763
4172,1.0101009607315063
4173,0.80402010679245
4174,0.4545454680919647
4175,0.5753424763679504
4176,0.7236180901527405
4177,0.6834170818328857
4178,1.0776255130767822
4179,0.7035176157951355
4180,0.6834170818328857
4181,0.7638190984725952
4182,0.8216080665588379
4183,0.8767123222351074
4184,0.6662843823432922
4185,0.9447236061096191
4186,0.7878788113594055
4187,0.8036529421806335
4188,0.8127853870391846
4189,1.2020201683044434
4190,0.6757990717887878
4191,0.6666666865348816
4192,0.8073394298553467
4193,0.6565656661987305
4194,1.2121212482452393
4195,0.8888888955116272
4196,0.7035176157951355
4197,0.5504587292671204
4198,1.086758017539978
4199,1.0050251483917236
4200,0.642201840877533
4201,0.6513761281967163
4202,0.6363636255264282
4203,0.6161616444587708
4204,0.8542713522911072
4205,0.80402010679245
4206,0.9045225977897644
4207,0.9292929172515869
4208,0.7777777910232544
4209,0.7798165082931519
4210,1.0
4211,0.7638190984725952
4212,0.8888888955116272
4213,0.8484848737716675
4214,0.6940639019012451
4215,0.9045225977897644
4216,0.7437185645103455
4217,0.7272727489471436
4218,1.0150753259658813
4219,0.7123287916183472
4220,0.8442211151123047
4221,0.7272727489471436
4222,1.1926605701446533
4223,1.0917431116104126
4224,1.1356784105300903
4225,0.6565656661987305
4226,0.8442211151123047
4227,0.621004581451416
4228,0.7676767706871033
4229,0.8807339668273926
4230,1.2562813758850098
4231,0.7839195728302002
4232,0.6532663106918335
4233,0.6484017968177795
4234,0.6484017968177795
4235,0.5296803712844849
4236,0.7214611768722534
4237,1.4429223537445068
4238,0.8899082541465759
4239,0.9266055226325989
4240,0.8140703439712524
4241,1.070707082748413
4242,1.0101009607315063
4243,0.6130653023719788
4244,0.7070707082748413
4245,0.77625572681427
4246,0.623115599155426
4247,0.8542713522911072
4248,1.1758793592453003
4249,0.759132444858551
4250,0.868686854839325
4251,0.5829145908355713
4252,0.7839195728302002
4253,0.8715596199035645
4254,0.8036529421806335
4255,0.7839195728302002
4256,0.7339449524879456
4257,0.8127853870391846
4258,0.6934673190116882
4259,0.7236180901527405
4260,0.8990825414657593
4261,0.7613065242767334
4262,0.5829145908355713
4263,0.7070707082748413
4264,0.6060606241226196
4265,0.7575757503509521
4266,0.6666666865348816
4267,0.6972476840019226
4268,0.9174311757087708
4269,0.9045225977897644
4270,0.8036529421806335
4271,0.642201840877533
4272,0.5829145908355713
4273,0.6666666865348816
4274,0.6605504751205444
4275,1.0351759195327759
4276,1.1658291816711426
4277,0.8787878751754761
4278,0.7738693356513977
4279,0.7070707082748413
4280,0.7614678740501404
4281,0.7070707082748413
4282,0.7676767706871033
4283,0.8542713522911072
4284,0.5959596037864685
4285,0.7706422209739685
4286,1.0505050420761108
4287,0.8715596199035645
4288,1.0050251483917236
4289,0.7839195728302002
4290,1.0642201900482178
4291,0.6262626051902771
4292,0.8844221234321594
4293,0.7878788113594055
4294,0.7738693356513977
4295,1.313131332397461
4296,0.642201840877533
4297,0.7373737096786499
4298,1.1559633016586304
4299,0.7939698696136475
4300,0.7171717286109924
4301,1.045871615409851
4302,0.7272727489471436
4303,0.8348624110221863
4304,1.105527639389038
4305,0.7706422209739685
4306,1.0101009607315063
4307,0.868686854839325
4308,0.8442211151123047
4309,0.733668327331543
4310,0.7305936217308044
4311,0.7614678740501404
4312,1.6060606241226196
4313,0.9680365324020386
4314,1.0404040813446045
4315,0.8675799369812012
4316,1.0502283573150635
4317,0.963302731513977
4318,0.8949771523475647
4319,0.747474730014801
4320,0.7035176157951355
4321,0.6262626051902771
4322,1.0091743469238281
4323,0.9595959782600403
4324,1.0502283573150635
4325,0.9863013625144958
4326,0.6363636255264282
4327,0.8643215894699097
4328,0.7878788113594055
4329,1.5577889680862427
4330,0.808080792427063
4331,0.8643215894699097
4332,0.7777777910232544
4333,0.9246231317520142
4334,0.7798165082931519
4335,1.5778894424438477
4336,0.8767123222351074
4337,0.8484848737716675
4338,0.5858585834503174
4339,0.8844221234321594
4340,0.8715596199035645
4341,0.713567852973938
4342,0.5858585834503174
4343,0.6238532066345215
4344,0.8401826620101929
4345,0.7305936217308044
4346,0.6060606241226196
4347,1.0050251483917236
4348,0.6972476840019226
4349,0.5656565427780151
4350,0.8036529421806335
4351,0.747474730014801
4352,0.733668327331543
4353,0.9191918969154358
4354,0.7638190984725952
4355,0.8643215894699097
4356,1.0909091234207153
4357,0.5936073064804077
4358,0.8573232293128967
4359,1.0319634675979614
4360,0.8990825414657593
4361,1.1141552925109863
4362,0.642201840877533
4363,0.5829145908355713
4364,0.9595959782600403
4365,0.7035176157951355
4366,1.0606060028076172
4367,0.6030150651931763
4368,0.7236180901527405
4369,0.7878788113594055
4370,0.8844221234321594
4371,1.42201828956604
4372,0.6030150651931763
4373,0.6969696879386902
4374,0.8219178318977356
4375,0.7305936217308044
4376,0.7638190984725952
4377,0.8440366983413696
4378,0.7575757503509521
4379,0.8643215894699097
4380,0.77625572681427
4381,0.9680365324020386
4382,1.0228310823440552
4383,0.8442211151123047
4384,0.6331658363342285
4385,0.7839195728302002
4386,0.6130653023719788
4387,0.7706422209739685
4388,1.0954773426055908
4389,0.8256880640983582
4390,0.733668327331543
4391,0.6788991093635559
4392,0.6605504751205444
4393,0.913241982460022
4394,1.0050251483917236
4395,0.7035176157951355
4396,0.9949748516082764
4397,0.6868686676025391
4398,0.8585858345031738
4399,0.7614678740501404
4400,0.8899082541465759
4401,0.9898989796638489
4402,0.7777777910232544
4403,1.0
4404,0.60550457239151
4405,0.9595959782600403
4406,1.191919207572937
4407,1.2060301303863525
4408,0.6513761281967163
4409,0.9748743772506714
4410,0.7272727489471436
4411,0.7171717286109924
4412,0.6788991093635559
4413,0.8401826620101929
4414,0.7035176157951355
4415,1.246231198310852
4416,0.7738693356513977
4417,0.6934673190116882
4418,0.80402010679245
4419,0.7035176157951355
4420,1.105527639389038
4421,0.8949771523475647
4422,0.6565656661987305
4423,0.7878788113594055
4424,0.6130653023719788
4425,0.7798165082931519
4426,0.7397260069847107
4427,0.7272727489471436
4428,0.6464646458625793
4429,0.8542713522911072
4430,0.6030150651931763
4431,0.747474730014801
4432,0.9346733689308167
4433,0.8165137767791748
4434,0.6633166074752808
4435,1.0150753259658813
4436,1.5159817934036255
4437,0.8542713522911072
4438,1.0202020406723022
4439,0.7638190984725952
4440,0.853210985660553
4441,0.9816513657569885
4442,1.086758017539978
4443,0.6666666865348816
4444,0.8844221234321594
4445,0.8542713522911072
4446,0.767123281955719
4447,0.7260100841522217
4448,1.0776255130767822
4449,0.8442211151123047
4450,0.747474730014801
4451,1.4371858835220337
4452,0.5858585834503174
4453,0.5829145908355713
4454,0.9447236061096191
4455,1.0303030014038086
4456,0.7676767706871033
4457,1.0045661926269531
4458,0.7853881120681763
4459,0.6767676472663879
4460,0.6972476840019226
4461,0.8858447670936584
4462,0.6934673190116882
4463,0.6605504751205444
4464,0.7123287916183472
4465,0.963302731513977
4466,1.1658291816711426
4467,2.2191781997680664
4468,0.8623853325843811
4469,0.8899082541465759
4470,0.7777777910232544
4471,0.6757990717887878
4472,0.6030150651931763
4473,0.7373737096786499
4474,1.7386934757232666
4475,0.6633166074752808
4476,0.7706422209739685
4477,0.6697247624397278
4478,0.9541284441947937
4479,1.0202020406723022
4480,1.2020201683044434
4481,0.733668327331543
4482,0.6392694115638733
4483,0.7035176157951355
4484,0.808080792427063
4485,0.6788991093635559
4486,1.2146118879318237
4487,0.572864294052124
4488,0.7706422209739685
4489,1.1111111640930176
4490,0.7155963182449341
4491,0.6746575236320496
4492,0.7305936217308044
4493,0.7070707082748413
4494,0.7878788113594055
4495,0.6834170818328857
4496,0.8643215894699097
4497,0.7839195728302002
4498,0.5388127565383911
4499,0.747474730014801
4500,0.6060606241226196
4501,0.8989899158477783
4502,0.5963302850723267
4503,0.5929648280143738
4504,1.1467889547348022
4505,0.9447236061096191
4506,0.8888888955116272
4507,0.7638190984725952
4508,0.7981651425361633
4509,0.9696969985961914
4510,0.8990825414657593
4511,0.7035176157951355
4512,0.6060606241226196
4513,0.7878788113594055
4514,0.752293586730957
4515,0.5963302850723267
4516,0.8888888955116272
4517,1.191919207572937
4518,0.6969696879386902
4519,0.5871559381484985
4520,0.5858585834503174
4521,0.7676767706871033
4522,0.7839195728302002
4523,0.8241205811500549
4524,0.6565656661987305
4525,1.0505050420761108
4526,1.1111111640930176
4527,1.0351759195327759
4528,1.1050227880477905
4529,0.963302731513977
4530,0.7339449524879456
4531,0.80402010679245
4532,0.7638190984725952
4533,0.6532663106918335
4534,0.8643215894699097
4535,0.9174311757087708
4536,0.6666666865348816
4537,1.0251256227493286
4538,0.7437185645103455
4539,0.6565656661987305
4540,0.6940639019012451
4541,0.9589040875434875
4542,0.8844221234321594
4543,0.8484848737716675
4544,1.21100914478302
4545,0.9494949579238892
4546,1.0552763938903809
4547,1.0101009607315063
4548,0.7305936217308044
4549,0.808080792427063
4550,0.8140703439712524
4551,0.808080792427063
4552,0.9277523159980774
4553,0.9082568883895874
4554,0.8219178318977356
4555,0.621004581451416
4556,0.9494949579238892
4557,1.1780822277069092
4558,0.6262626051902771
4559,0.7035176157951355
4560,1.3636363744735718
4561,0.7031963467597961
4562,0.868686854839325
4563,0.6030150651931763
4564,0.7537688612937927
4565,0.7939698696136475
4566,0.7373737096786499
4567,0.808080792427063
4568,0.7123287916183472
4569,0.8844221234321594
4570,0.6940639019012451
4571,0.7247474789619446
4572,0.7214611768722534
4573,1.3266332149505615
4574,0.7236180901527405
4575,0.7373737096786499
4576,1.0
4577,0.6238532066345215
4578,0.7035176157951355
4579,1.0045661926269531
4580,0.7839195728302002
4581,0.7349246144294739
4582,0.7171717286109924
4583,0.6565656661987305
4584,0.7981651425361633
4585,1.0091743469238281
4586,0.8341708779335022
4587,0.77625572681427
4588,0.767123281955719
4589,0.6972476840019226
4590,0.9898989796638489
4591,0.8858447670936584
4592,1.085427165031433
4593,0.6633166074752808
4594,0.6130653023719788
4595,0.8585858345031738
4596,0.8787878751754761
4597,0.9045225977897644
4598,0.7537688612937927
4599,0.8623853325843811
4600,0.7305936217308044
4601,0.6392694115638733
4602,0.6030150651931763
4603,0.9121004343032837
4604,1.070707082748413
4605,1.1111111640930176
4606,0.7373737096786499
4607,0.6767676472663879
4608,0.7339449524879456
4609,0.6834170818328857
4610,1.0228310823440552
4611,0.8630653023719788
4612,0.8256880640983582
4613,0.6146789193153381
4614,1.0050251483917236
4615,0.7537688612937927
4616,0.7214611768722534
4617,0.6704545617103577
4618,0.808080792427063
4619,0.80402010679245
4620,1.1324200630187988
4621,0.6030150651931763
4622,0.77625572681427
4623,0.9174311757087708
4624,1.0050251483917236
4625,0.853210985660553
4626,0.8484848737716675
4627,0.8584474921226501
4628,0.552763819694519
4629,0.78899085521698
4630,0.8715596199035645
4631,0.6868686676025391
4632,0.9246231317520142
4633,1.0150753259658813
4634,0.7035176157951355
4635,0.7247706651687622
4636,0.5779816508293152
4637,0.7537688612937927
4638,0.8844221234321594
4639,1.0
4640,0.8989899158477783
4641,0.8990825414657593
4642,0.7981651425361633
4643,0.8542713522911072
4644,0.7706422209739685
4645,0.7537688612937927
4646,0.6464646458625793
4647,0.7878788113594055
4648,0.7676767706871033
4649,0.8256880640983582
4650,0.9863013625144958
4651,0.8888888955116272
4652,0.78899085521698
4653,0.5871559381484985
4654,0.621004581451416
4655,0.80402010679245
4656,0.7706422209739685
4657,0.8807339668273926
4658,0.713567852973938
4659,0.9191918969154358
4660,0.5388127565383911
4661,0.7272727489471436
4662,0.8592965006828308
4663,0.7945205569267273
4664,0.7676767706871033
4665,0.6834170818328857
4666,0.8442211151123047
4667,0.6633166074752808
4668,1.2328766584396362
4669,0.7070707082748413
4670,0.6934673190116882
4671,0.7035176157951355
4672,1.3869346380233765
4673,0.808080792427063
4674,0.8858447670936584
4675,0.6880733966827393
4676,0.9494949579238892
4677,0.7777777910232544
4678,1.0050251483917236
4679,0.8440366983413696
4680,0.643216073513031
4681,0.9949748516082764
4682,0.7878788113594055
4683,0.7339449524879456
4684,1.0606060028076172
4685,1.3535352945327759
4686,0.8484848737716675
4687,1.1515151262283325
4688,0.8584474921226501
4689,0.78899085521698
4690,0.5936073064804077
4691,0.8073394298553467
4692,0.7777777910232544
4693,0.733668327331543
4694,1.1859296560287476
4695,0.9090909361839294
4696,0.733668327331543
4697,0.808080792427063
4698,0.963302731513977
4699,0.8442211151123047
4700,0.6484017968177795
4701,0.6633166074752808
4702,0.8949771523475647
4703,1.0034246444702148
4704,1.1414141654968262
4705,1.1009174585342407
4706,0.7537688612937927
4707,0.7738693356513977
4708,0.9174311757087708
4709,0.8542713522911072
4710,0.9090909361839294
4711,0.7236180901527405
4712,0.7437185645103455
4713,1.070707082748413
4714,0.6565656661987305
4715,1.0275229215621948
4716,1.0091743469238281
4717,0.7537688612937927
4718,1.1111111640930176
4719,0.7070707082748413
4720,0.8743718862533569
4721,0.8542713522911072
4722,0.8484848737716675
4723,0.8442211151123047
4724,0.6030150651931763
4725,0.6605504751205444
4726,0.7035176157951355
4727,0.5555555820465088
4728,0.8584474921226501
4729,0.7738693356513977
4730,0.9680365324020386
4731,0.8542713522911072
4732,0.853210985660553
4733,0.747474730014801
4734,0.6484017968177795
4735,0.7738693356513977
4736,0.7171717286109924
4737,0.8256880640983582
4738,1.0351759195327759
4739,1.0101009607315063
4740,1.1284403800964355
4741,0.8127853870391846
4742,0.7236180901527405
4743,0.9045225977897644
4744,0.6060606241226196
4745,1.1356784105300903
4746,0.6392694115638733
4747,0.6849315166473389
4748,0.6940639019012451
4749,0.6834170818328857
4750,0.7537688612937927
4751,0.7070707082748413
4752,0.6363636255264282
4753,1.286432147026062
4754,0.8348624110221863
4755,1.1414141654968262
4756,0.9494949579238892
4757,0.7676767706871033
4758,0.6392694115638733
4759,1.5981734991073608
4760,0.767123281955719
4761,0.7437185645103455
4762,0.6005024909973145
4763,0.6331658363342285
4764,0.80402010679245
4765,0.6565656661987305
4766,0.8181818127632141
4767,0.7878788113594055
4768,0.9090909361839294
4769,0.7035176157951355
4770,0.9595959782600403
4771,0.8807339668273926
4772,0.6733668446540833
4773,1.4036697149276733
4774,0.7373737096786499
4775,0.9246231317520142
4776,0.7305936217308044
4777,1.0753768682479858
4778,0.7236180901527405
4779,0.5858585834503174
4780,0.9595959782600403
4781,0.623115599155426
4782,0.8888888955116272
4783,0.6060606241226196
4784,0.8743718862533569
4785,0.7123287916183472
4786,1.678391933441162
4787,0.7676767706871033
4788,0.78899085521698
4789,0.7853881120681763
4790,0.6868686676025391
4791,0.9041095972061157
4792,0.5858585834503174
4793,1.2201834917068481
4794,1.1590908765792847
4795,0.7373737096786499
4796,0.77625572681427
4797,0.7305936217308044
4798,0.60550457239151
4799,1.1616162061691284
4800,0.7839195728302002
4801,0.767123281955719
4802,0.8036529421806335
4803,0.60550457239151
4804,0.8256880640983582
4805,0.6666666865348816
4806,0.8219178318977356
4807,0.7798165082931519
4808,2.1407034397125244
4809,0.9174311757087708
4810,0.9090909361839294
4811,1.0351759195327759
4812,0.6666666865348816
4813,0.7305936217308044
4814,0.5829145908355713
4815,0.7537688612937927
4816,0.8949771523475647
4817,0.7878788113594055
4818,0.6363636255264282
4819,0.6301369667053223
4820,1.1009174585342407
4821,0.9090909361839294
4822,0.8715596199035645
4823,1.1506849527359009
4824,0.80402010679245
4825,0.6972476840019226
4826,0.9863013625144958
4827,0.8675799369812012
4828,0.7236180901527405
4829,0.6849315166473389
4830,0.5829145908355713
4831,0.7575757503509521
4832,0.7575757503509521
4833,0.642201840877533
4834,0.8944723606109619
4835,0.9145728349685669
4836,0.8715596199035645
4837,1.1467889547348022
4838,0.8073394298553467
4839,0.7437185645103455
4840,0.7537688612937927
4841,1.0050251483917236
4842,0.8165137767791748
4843,1.0776255130767822
4844,0.7339449524879456
4845,0.7853881120681763
4846,1.1356784105300903
4847,0.7035176157951355
4848,0.7272727489471436
4849,0.7614678740501404
4850,0.78899085521698
4851,0.767123281955719
4852,0.6834170818328857
4853,0.6969696879386902
4854,0.8767123222351074
4855,0.9696969985961914
4856,0.7638190984725952
4857,0.6633166074752808
4858,0.8989899158477783
4859,0.8844221234321594
4860,0.8282828330993652
4861,0.808080792427063
4862,0.8888888955116272
4863,0.7676767706871033
4864,0.6849315166473389
4865,1.0
4866,0.7575757503509521
4867,0.623115599155426
4868,0.8348624110221863
4869,0.80402010679245
4870,0.9267676472663879
4871,0.6439393758773804
4872,0.8844221234321594
4873,0.9145728349685669
4874,0.8542713522911072
4875,0.4954128563404083
4876,0.7305936217308044
4877,0.6788991093635559
4878,1.0404040813446045
4879,1.2385320663452148
4880,0.8165137767791748
4881,0.6575342416763306
4882,0.8542713522911072
4883,1.452054738998413
4884,1.7487437725067139
4885,0.6757990717887878
4886,0.9648241400718689
4887,0.7339449524879456
4888,0.7339449524879456
4889,1.1192660331726074
4890,0.7638190984725952
4891,0.642201840877533
4892,0.7853881120681763
4893,1.085427165031433
4894,0.8743718862533569
4895,0.77625572681427
4896,0.808080792427063
4897,0.6767676472663879
4898,0.6767676472663879
4899,0.6030150651931763
4900,1.0825687646865845
4901,0.8219178318977356
4902,0.7638190984725952
4903,0.8442211151123047
4904,0.7305936217308044
4905,0.7777777910232544
4906,0.7362385392189026
4907,1.0050251483917236
4908,0.9292929172515869
4909,0.8944723606109619
4910,0.6788991093635559
4911,0.7579908967018127
4912,0.8844221234321594
4913,0.7939698696136475
4914,0.7537688612937927
4915,0.8643215894699097
4916,0.9595959782600403
4917,0.5936073064804077
4918,0.7878788113594055
4919,0.9748743772506714
4920,0.6633166074752808
4921,0.9589040875434875
4922,0.7676767706871033
4923,0.868686854839325
4924,0.6605504751205444
4925,0.6633166074752808
4926,0.7070707082748413
4927,0.8876146674156189
4928,1.0045661926269531
4929,0.6972476840019226
4930,0.80402010679245
4931,0.6834170818328857
4932,0.9082568883895874
4933,0.7035176157951355
4934,0.8585858345031738
4935,0.6868686676025391
4936,1.0351759195327759
4937,0.8585858345031738
4938,1.0136985778808594
4939,0.868686854839325
4940,0.9863013625144958
4941,0.77625572681427
4942,0.7305936217308044
4943,0.8888888955116272
4944,0.7373737096786499
4945,0.713567852973938
4946,0.7945205569267273
4947,0.8484848737716675
4948,2.0
4949,2.073394536972046
4950,0.8073394298553467
4951,0.6757990717887878
4952,0.7638190984725952
4953,0.8341708779335022
4954,0.8844221234321594
4955,0.9849246144294739
4956,0.7878788113594055
4957,0.6849315166473389
4958,0.8675799369812012
4959,0.9908257126808167
4960,0.7839195728302002
4961,0.9954338073730469
4962,0.747474730014801
4963,0.7706422209739685
4964,1.0593607425689697
4965,0.8241205811500549
4966,0.8348624110221863
4967,1.2660549879074097
4968,0.8542713522911072
4969,0.8949771523475647
4970,0.8442211151123047
4971,0.913241982460022
4972,0.8282828330993652
4973,0.8181818127632141
4974,1.0606060028076172
4975,0.8127853870391846
4976,0.7878788113594055
4977,0.9045225977897644
4978,0.6834170818328857
4979,0.9908257126808167
4980,0.7488584518432617
4981,0.767123281955719
4982,0.6834170818328857
4983,0.733668327331543
4984,1.2361809015274048
4985,1.4770642518997192
4986,1.0808080434799194
4987,0.8990825414657593
4988,1.4885845184326172
4989,0.7878788113594055
4990,0.8219178318977356
4991,0.9589040875434875
4992,0.868686854839325
4993,0.747474730014801
4994,0.6484017968177795
4995,0.7537688612937927
4996,0.9772727489471436
4997,0.7839195728302002
4998,1.8888888359069824
4999,0.5662100315093994
5000,1.105527639389038
5001,0.7171717286109924
5002,0.7373737096786499
5003,0.767123281955719
5004,0.7437185645103455
5005,0.6605504751205444
5006,0.8888888955116272
5007,0.8165137767791748
5008,0.733668327331543
5009,0.9863013625144958
5010,0.7798165082931519
5011,0.7839195728302002
5012,0.8623853325843811
5013,0.8484848737716675
5014,0.7431192398071289
5015,0.6868686676025391
5016,0.7236180901527405
5017,0.8256880640983582
5018,0.8341708779335022
5019,0.808080792427063
5020,0.7339449524879456
5021,1.1926605701446533
5022,1.3737373352050781
5023,0.7614678740501404
5024,0.6392694115638733
