<frozen importlib._bootstrap>:488: DeprecationWarning: builtin type SwigPyPacked has no __module__ attribute
<frozen importlib._bootstrap>:488: DeprecationWarning: builtin type SwigPyObject has no __module__ attribute
<frozen importlib._bootstrap>:488: DeprecationWarning: builtin type swigvarlink has no __module__ attribute
wandb: [wandb.login()] Loaded credentials for https://api.wandb.ai from /home/s28404/.netrc.
wandb: Currently logged in as: frackowiak (frackowiak_kajetan) to https://api.wandb.ai. Use `wandb login --relogin` to force relogin
/home/s28404/inzynierka_kod_zrodlowy/.venv/lib/python3.12/site-packages/wandb/analytics/sentry.py:268: DeprecationWarning: Read the `app_url` setting from the appropriate Settings object.
  app_url = wandb.util.app_url(tags["base_url"])  # type: ignore[index]
/home/s28404/inzynierka_kod_zrodlowy/.venv/lib/python3.12/site-packages/wandb/analytics/sentry.py:268: DeprecationWarning: Read the `app_url` setting from the appropriate Settings object.
  app_url = wandb.util.app_url(tags["base_url"])  # type: ignore[index]
/home/s28404/inzynierka_kod_zrodlowy/.venv/lib/python3.12/site-packages/wandb/analytics/sentry.py:279: DeprecationWarning: The `Scope.user` setter is deprecated in favor of `Scope.set_user()`.
  self.scope.user = {"email": email}
wandb: setting up run te481sbx
/home/s28404/inzynierka_kod_zrodlowy/.venv/lib/python3.12/site-packages/wandb/analytics/sentry.py:268: DeprecationWarning: Read the `app_url` setting from the appropriate Settings object.
  app_url = wandb.util.app_url(tags["base_url"])  # type: ignore[index]
/home/s28404/inzynierka_kod_zrodlowy/.venv/lib/python3.12/site-packages/wandb/analytics/sentry.py:279: DeprecationWarning: The `Scope.user` setter is deprecated in favor of `Scope.set_user()`.
  self.scope.user = {"email": email}
wandb: Tracking run with wandb version 0.25.0
wandb: Run data is saved locally in logs_thesis/minigrid/wandb/run-20260616_123514-te481sbx
wandb: Run `wandb offline` to turn off syncing.
wandb: Syncing run r2d2_demir_BabyAI_KeyCorridorS4R3_v0_seed100_26_06_16-12_35_14
wandb: ⭐️ View project at https://wandb.ai/frackowiak_kajetan/kod_zrodlowy_demir
wandb: 🚀 View run at https://wandb.ai/frackowiak_kajetan/kod_zrodlowy_demir/runs/te481sbx
========================================================================/home/s28404/inzynierka_kod_zrodlowy/.venv/lib/python3.12/site-packages/google/protobuf/internal/well_known_types.py:195: DeprecationWarning: datetime.datetime.utcnow() is deprecated and scheduled for removal in a future version. Use timezone-aware objects to represent datetimes in UTC: datetime.datetime.now(datetime.UTC).
  self.FromDatetime(datetime.datetime.utcnow())

Run: r2d2_demir_BabyAI_KeyCorridorS4R3_v0_seed100_26_06_16-12_35_14
Variant: r2d2_demir | Intrinsic kind: demir | Scale: 0.1
Env: BabyAI-KeyCorridorS4R3-v0 | Device: cuda | Threads: 4
========================================================================
[train] 00:31<44:17:46, 0.016s/step step=    2000 episodes=    4 eps=0.998 replay=  1664 loss=nan ext100=0.000 total100=0.042
[train] 01:09<48:27:33, 0.017s/step step=    4000 episodes=    8 eps=0.996 replay=  3328 loss=nan ext100=0.000 total100=0.055
[train] 01:48<49:58:23, 0.018s/step step=    6000 episodes=   12 eps=0.994 replay=  4992 loss=nan ext100=0.000 total100=0.049
[train] 02:29<51:48:21, 0.019s/step step=    8000 episodes=   16 eps=0.992 replay=  6656 loss=nan ext100=0.000 total100=0.045
[train] 03:16<54:31:14, 0.020s/step step=   10000 episodes=   20 eps=0.991 replay=  8320 loss=nan ext100=0.000 total100=0.042
[train] 04:03<56:23:59, 0.020s/step step=   12000 episodes=   25 eps=0.989 replay= 10400 loss=nan ext100=0.000 total100=0.054
[train] 04:51<57:43:36, 0.021s/step step=   14000 episodes=   29 eps=0.987 replay= 12064 loss=nan ext100=0.000 total100=0.063
[train] 05:38<58:43:03, 0.021s/step step=   16000 episodes=   33 eps=0.985 replay= 13728 loss=nan ext100=0.000 total100=0.063
[train] 06:26<59:29:32, 0.021s/step step=   18000 episodes=   37 eps=0.983 replay= 15392 loss=nan ext100=0.000 total100=0.066
[eval] step=20000 episodes=41 mean_ext_return=0.000
[train] 07:25<61:45:06, 0.022s/step step=   20000 episodes=   41 eps=0.981 replay= 17056 loss=nan ext100=0.000 total100=0.069
[train] 08:12<62:05:54, 0.022s/step step=   22000 episodes=   45 eps=0.979 replay= 18720 loss=nan ext100=0.000 total100=0.067
[train] 09:00<62:23:33, 0.023s/step step=   24000 episodes=   50 eps=0.977 replay= 20800 loss=nan ext100=0.000 total100=0.067
[train] 09:47<62:38:26, 0.023s/step step=   26000 episodes=   54 eps=0.975 replay= 22464 loss=nan ext100=0.000 total100=0.068
[train] 10:35<62:50:31, 0.023s/step step=   28000 episodes=   58 eps=0.973 replay= 24128 loss=nan ext100=0.000 total100=0.069
[train] 11:23<63:06:12, 0.023s/step step=   30000 episodes=   62 eps=0.972 replay= 25792 loss=nan ext100=0.000 total100=0.073
[train] 12:13<63:25:55, 0.023s/step step=   32000 episodes=   66 eps=0.970 replay= 27456 loss=nan ext100=0.000 total100=0.073
[train] 13:05<63:55:55, 0.023s/step step=   34000 episodes=   70 eps=0.968 replay= 29120 loss=nan ext100=0.000 total100=0.074
[train] 13:57<64:22:57, 0.023s/step step=   36000 episodes=   75 eps=0.966 replay= 31200 loss=nan ext100=0.000 total100=0.076
[train] 14:49<64:47:22, 0.023s/step step=   38000 episodes=   79 eps=0.964 replay= 32864 loss=nan ext100=0.000 total100=0.075
[eval] step=40000 episodes=83 mean_ext_return=0.000
[train] 15:57<66:12:07, 0.024s/step step=   40000 episodes=   83 eps=0.962 replay= 34528 loss=nan ext100=0.000 total100=0.077
[train] 16:51<66:37:00, 0.024s/step step=   42000 episodes=   87 eps=0.960 replay= 36192 loss=nan ext100=0.000 total100=0.078
[train] 17:47<67:04:15, 0.024s/step step=   44000 episodes=   91 eps=0.958 replay= 37856 loss=nan ext100=0.000 total100=0.078
[train] 18:43<67:30:54, 0.024s/step step=   46000 episodes=   95 eps=0.956 replay= 39520 loss=nan ext100=0.000 total100=0.077
[train] 19:39<67:57:31, 0.025s/step step=   48000 episodes=  100 eps=0.954 replay= 39936 loss=nan ext100=0.000 total100=0.078
[train] 20:37<68:22:49, 0.025s/step step=   50000 episodes=  104 eps=0.953 replay= 39936 loss=0.00134 ext100=0.000 total100=0.080
[train] 22:14<70:55:04, 0.026s/step step=   52000 episodes=  108 eps=0.951 replay= 39936 loss=0.00044 ext100=0.000 total100=0.082
[train] 23:50<73:11:45, 0.026s/step step=   54000 episodes=  112 eps=0.949 replay= 39936 loss=0.00036 ext100=0.000 total100=0.084
[train] 25:30<75:30:26, 0.027s/step step=   56000 episodes=  116 eps=0.947 replay= 39936 loss=0.00046 ext100=0.000 total100=0.087
[train] 27:12<77:43:20, 0.028s/step step=   58000 episodes=  120 eps=0.945 replay= 39936 loss=0.00028 ext100=0.000 total100=0.089
[eval] step=60000 episodes=125 mean_ext_return=0.000
[train] 29:10<80:31:59, 0.029s/step step=   60000 episodes=  125 eps=0.943 replay= 39936 loss=0.00021 ext100=0.000 total100=0.085
[train] 30:52<82:27:40, 0.030s/step step=   62000 episodes=  129 eps=0.941 replay= 39936 loss=0.00020 ext100=0.000 total100=0.084
[train] 32:33<84:14:45, 0.031s/step step=   64000 episodes=  133 eps=0.939 replay= 39936 loss=0.00018 ext100=0.000 total100=0.085
[train] 34:15<85:55:15, 0.031s/step step=   66000 episodes=  137 eps=0.937 replay= 39936 loss=0.00016 ext100=0.000 total100=0.081
[train] 35:56<87:29:47, 0.032s/step step=   68000 episodes=  141 eps=0.935 replay= 39936 loss=0.00016 ext100=0.000 total100=0.081
[train] 37:37<88:57:27, 0.032s/step step=   70000 episodes=  145 eps=0.933 replay= 39936 loss=0.00013 ext100=0.000 total100=0.084
[train] 39:19<90:22:33, 0.033s/step step=   72000 episodes=  150 eps=0.932 replay= 39936 loss=0.00013 ext100=0.000 total100=0.083
[train] 41:01<91:41:49, 0.033s/step step=   74000 episodes=  154 eps=0.930 replay= 39936 loss=0.00014 ext100=0.000 total100=0.083
[train] 42:43<92:57:55, 0.034s/step step=   76000 episodes=  158 eps=0.928 replay= 39936 loss=0.00013 ext100=0.000 total100=0.084
[train] 44:24<94:09:32, 0.034s/step step=   78000 episodes=  162 eps=0.926 replay= 39936 loss=0.00014 ext100=0.000 total100=0.082
[eval] step=80000 episodes=166 mean_ext_return=0.000
[train] 46:22<95:51:05, 0.035s/step step=   80000 episodes=  166 eps=0.924 replay= 39936 loss=0.00012 ext100=0.000 total100=0.083
[train] 48:05<96:55:55, 0.035s/step step=   82000 episodes=  170 eps=0.922 replay= 39936 loss=0.00015 ext100=0.000 total100=0.084
[train] 49:47<97:56:52, 0.036s/step step=   84000 episodes=  175 eps=0.920 replay= 39936 loss=0.00012 ext100=0.000 total100=0.080
[train] 51:28<98:54:51, 0.036s/step step=   86000 episodes=  179 eps=0.918 replay= 39936 loss=0.00010 ext100=0.000 total100=0.079
[train] 53:10<99:50:02, 0.036s/step step=   88000 episodes=  183 eps=0.916 replay= 39936 loss=0.00010 ext100=0.000 total100=0.077
[train] 54:52<100:42:04, 0.037s/step step=   90000 episodes=  187 eps=0.914 replay= 39936 loss=0.00013 ext100=0.000 total100=0.077
[train] 56:34<101:33:20, 0.037s/step step=   92000 episodes=  191 eps=0.913 replay= 39936 loss=0.00010 ext100=0.000 total100=0.076
[train] 58:16<102:21:36, 0.037s/step step=   94000 episodes=  195 eps=0.911 replay= 39936 loss=0.00010 ext100=0.000 total100=0.076
[train] 59:58<103:07:50, 0.037s/step step=   96000 episodes=  200 eps=0.909 replay= 39936 loss=0.00012 ext100=0.000 total100=0.075
[train] 1:01:40<103:51:50, 0.038s/step step=   98000 episodes=  204 eps=0.907 replay= 39936 loss=0.00013 ext100=0.000 total100=0.073
[eval] step=100000 episodes=208 mean_ext_return=0.000
[train] 1:03:38<105:00:58, 0.038s/step step=  100000 episodes=  208 eps=0.905 replay= 39936 loss=0.00012 ext100=0.000 total100=0.072
[train] 1:05:21<105:41:38, 0.038s/step step=  102000 episodes=  212 eps=0.903 replay= 39936 loss=0.00011 ext100=0.000 total100=0.073
[train] 1:07:03<106:20:08, 0.039s/step step=  104000 episodes=  216 eps=0.901 replay= 39936 loss=0.00012 ext100=0.000 total100=0.073
[train] 1:08:44<106:56:51, 0.039s/step step=  106000 episodes=  220 eps=0.899 replay= 39936 loss=0.00014 ext100=0.000 total100=0.075
[train] 1:10:26<107:32:24, 0.039s/step step=  108000 episodes=  225 eps=0.897 replay= 39936 loss=0.00009 ext100=0.000 total100=0.078
[train] 1:12:08<108:05:50, 0.039s/step step=  110000 episodes=  229 eps=0.895 replay= 39936 loss=0.00011 ext100=0.000 total100=0.079
[train] 1:13:50<108:39:19, 0.040s/step step=  112000 episodes=  233 eps=0.894 replay= 39936 loss=0.00010 ext100=0.000 total100=0.077
[train] 1:15:32<109:11:10, 0.040s/step step=  114000 episodes=  237 eps=0.892 replay= 39936 loss=0.00013 ext100=0.000 total100=0.082
[train] 1:17:14<109:41:40, 0.040s/step step=  116000 episodes=  241 eps=0.890 replay= 39936 loss=0.00009 ext100=0.000 total100=0.079
[train] 1:18:56<110:11:10, 0.040s/step step=  118000 episodes=  245 eps=0.888 replay= 39936 loss=0.00013 ext100=0.000 total100=0.078
[eval] step=120000 episodes=250 mean_ext_return=0.000
[train] 1:20:54<111:01:46, 0.040s/step step=  120000 episodes=  250 eps=0.886 replay= 39936 loss=0.00012 ext100=0.000 total100=0.079
[train] 1:22:37<111:29:34, 0.041s/step step=  122000 episodes=  254 eps=0.884 replay= 39936 loss=0.00014 ext100=0.000 total100=0.078
[train] 1:24:19<111:55:48, 0.041s/step step=  124000 episodes=  258 eps=0.882 replay= 39936 loss=0.00011 ext100=0.000 total100=0.076
[train] 1:26:01<112:20:49, 0.041s/step step=  126000 episodes=  262 eps=0.880 replay= 39936 loss=0.00009 ext100=0.000 total100=0.076
[train] 1:27:43<112:45:14, 0.041s/step step=  128000 episodes=  266 eps=0.878 replay= 39936 loss=0.00011 ext100=0.000 total100=0.077
[train] 1:29:24<113:08:17, 0.041s/step step=  130000 episodes=  270 eps=0.877 replay= 39936 loss=0.00013 ext100=0.000 total100=0.076
[train] 1:31:07<113:31:48, 0.041s/step step=  132000 episodes=  275 eps=0.875 replay= 39936 loss=0.00010 ext100=0.000 total100=0.079
[train] 1:32:49<113:53:53, 0.042s/step step=  134000 episodes=  279 eps=0.873 replay= 39936 loss=0.00009 ext100=0.000 total100=0.080
[train] 1:34:31<114:15:22, 0.042s/step step=  136000 episodes=  283 eps=0.871 replay= 39936 loss=0.00011 ext100=0.000 total100=0.080
[train] 1:36:13<114:36:06, 0.042s/step step=  138000 episodes=  287 eps=0.869 replay= 39936 loss=0.00011 ext100=0.000 total100=0.080
[eval] step=140000 episodes=291 mean_ext_return=0.000
[train] 1:38:11<115:15:14, 0.042s/step step=  140000 episodes=  291 eps=0.867 replay= 39936 loss=0.00010 ext100=0.000 total100=0.080
[train] 1:39:53<115:35:06, 0.042s/step step=  142000 episodes=  295 eps=0.865 replay= 39936 loss=0.00011 ext100=0.000 total100=0.080
[train] 1:41:36<115:54:03, 0.042s/step step=  144000 episodes=  300 eps=0.863 replay= 39936 loss=0.00012 ext100=0.000 total100=0.079
[train] 1:43:17<116:11:57, 0.042s/step step=  146000 episodes=  304 eps=0.861 replay= 39936 loss=0.00013 ext100=0.000 total100=0.079
[train] 1:44:59<116:29:33, 0.043s/step step=  148000 episodes=  308 eps=0.859 replay= 39936 loss=0.00012 ext100=0.000 total100=0.080
[train] 1:46:41<116:45:57, 0.043s/step step=  150000 episodes=  312 eps=0.858 replay= 39936 loss=0.00010 ext100=0.000 total100=0.078
[train] 1:48:24<117:03:11, 0.043s/step step=  152000 episodes=  316 eps=0.856 replay= 39936 loss=0.00011 ext100=0.000 total100=0.076
[train] 1:50:06<117:19:15, 0.043s/step step=  154000 episodes=  320 eps=0.854 replay= 39936 loss=0.00010 ext100=0.000 total100=0.073
[train] 1:51:48<117:35:03, 0.043s/step step=  156000 episodes=  325 eps=0.852 replay= 39936 loss=0.00011 ext100=0.000 total100=0.075
[train] 1:53:30<117:50:19, 0.043s/step step=  158000 episodes=  329 eps=0.850 replay= 39936 loss=0.00009 ext100=0.000 total100=0.077
[eval] step=160000 episodes=333 mean_ext_return=0.000
[train] 1:55:28<118:21:31, 0.043s/step step=  160000 episodes=  333 eps=0.848 replay= 39936 loss=0.00011 ext100=0.000 total100=0.078
[train] 1:57:10<118:36:09, 0.043s/step step=  162000 episodes=  337 eps=0.846 replay= 39936 loss=0.00013 ext100=0.000 total100=0.076
[train] 1:58:52<118:50:04, 0.043s/step step=  164000 episodes=  341 eps=0.844 replay= 39936 loss=0.00009 ext100=0.000 total100=0.079
[train] 2:00:34<119:03:22, 0.044s/step step=  166000 episodes=  345 eps=0.842 replay= 39936 loss=0.00010 ext100=0.000 total100=0.079
[train] 2:02:16<119:16:28, 0.044s/step step=  168000 episodes=  350 eps=0.840 replay= 39936 loss=0.00011 ext100=0.000 total100=0.080
[train] 2:03:58<119:28:46, 0.044s/step step=  170000 episodes=  354 eps=0.839 replay= 39936 loss=0.00014 ext100=0.000 total100=0.081
[train] 2:05:41<119:41:38, 0.044s/step step=  172000 episodes=  358 eps=0.837 replay= 39936 loss=0.00014 ext100=0.000 total100=0.085
[train] 2:07:23<119:53:42, 0.044s/step step=  174000 episodes=  362 eps=0.835 replay= 39936 loss=0.00012 ext100=0.000 total100=0.084
[train] 2:09:05<120:05:29, 0.044s/step step=  176000 episodes=  366 eps=0.833 replay= 39936 loss=0.00012 ext100=0.000 total100=0.084
[train] 2:10:47<120:16:53, 0.044s/step step=  178000 episodes=  370 eps=0.831 replay= 39936 loss=0.00017 ext100=0.000 total100=0.086
[eval] step=180000 episodes=375 mean_ext_return=0.000
[train] 2:12:45<120:42:49, 0.044s/step step=  180000 episodes=  375 eps=0.829 replay= 39936 loss=0.00014 ext100=0.000 total100=0.087
[train] 2:14:28<120:53:58, 0.044s/step step=  182000 episodes=  379 eps=0.827 replay= 39936 loss=0.00013 ext100=0.000 total100=0.085
[train] 2:16:10<121:04:26, 0.044s/step step=  184000 episodes=  383 eps=0.825 replay= 39936 loss=0.00013 ext100=0.000 total100=0.088
[train] 2:17:52<121:14:38, 0.044s/step step=  186000 episodes=  387 eps=0.823 replay= 39936 loss=0.00014 ext100=0.000 total100=0.088
[train] 2:19:34<121:24:32, 0.045s/step step=  188000 episodes=  391 eps=0.821 replay= 39936 loss=0.00011 ext100=0.000 total100=0.092
[train] 2:21:16<121:33:51, 0.045s/step step=  190000 episodes=  395 eps=0.820 replay= 39936 loss=0.00013 ext100=0.000 total100=0.094
[train] 2:22:58<121:43:48, 0.045s/step step=  192000 episodes=  400 eps=0.818 replay= 39936 loss=0.00014 ext100=0.000 total100=0.096
[train] 2:24:40<121:53:02, 0.045s/step step=  194000 episodes=  404 eps=0.816 replay= 39936 loss=0.00012 ext100=0.000 total100=0.098
[train] 2:26:22<122:02:06, 0.045s/step step=  196000 episodes=  408 eps=0.814 replay= 39936 loss=0.00012 ext100=0.000 total100=0.099
[train] 2:28:05<122:10:55, 0.045s/step step=  198000 episodes=  412 eps=0.812 replay= 39936 loss=0.00010 ext100=0.000 total100=0.098
[eval] step=200000 episodes=416 mean_ext_return=0.000
[train] 2:30:03<122:32:44, 0.045s/step step=  200000 episodes=  416 eps=0.810 replay= 39936 loss=0.00011 ext100=0.000 total100=0.098
[train] 2:31:46<122:41:28, 0.045s/step step=  202000 episodes=  420 eps=0.808 replay= 39936 loss=0.00011 ext100=0.000 total100=0.101
[train] 2:33:28<122:49:37, 0.045s/step step=  204000 episodes=  425 eps=0.806 replay= 39936 loss=0.00013 ext100=0.000 total100=0.099
[train] 2:35:10<122:57:30, 0.045s/step step=  206000 episodes=  429 eps=0.804 replay= 39936 loss=0.00010 ext100=0.000 total100=0.097
[train] 2:36:52<123:05:13, 0.045s/step step=  208000 episodes=  433 eps=0.802 replay= 39936 loss=0.00013 ext100=0.000 total100=0.098
[train] 2:38:34<123:12:25, 0.045s/step step=  210000 episodes=  437 eps=0.800 replay= 39936 loss=0.00010 ext100=0.000 total100=0.098
[train] 2:40:16<123:20:10, 0.045s/step step=  212000 episodes=  441 eps=0.799 replay= 39936 loss=0.00012 ext100=0.000 total100=0.097
[train] 2:41:58<123:27:19, 0.045s/step step=  214000 episodes=  445 eps=0.797 replay= 39936 loss=0.00011 ext100=0.000 total100=0.098
[train] 2:43:41<123:34:20, 0.045s/step step=  216000 episodes=  450 eps=0.795 replay= 39936 loss=0.00013 ext100=0.000 total100=0.099
[train] 2:45:23<123:41:12, 0.046s/step step=  218000 episodes=  454 eps=0.793 replay= 39936 loss=0.00011 ext100=0.000 total100=0.100
[eval] step=220000 episodes=458 mean_ext_return=0.000
[train] 2:47:21<123:59:53, 0.046s/step step=  220000 episodes=  458 eps=0.791 replay= 39936 loss=0.00011 ext100=0.000 total100=0.099
[train] 2:49:04<124:06:39, 0.046s/step step=  222000 episodes=  462 eps=0.789 replay= 39936 loss=0.00011 ext100=0.000 total100=0.102
[train] 2:50:46<124:13:06, 0.046s/step step=  224000 episodes=  466 eps=0.787 replay= 39936 loss=0.00013 ext100=0.000 total100=0.101
[train] 2:52:28<124:19:06, 0.046s/step step=  226000 episodes=  470 eps=0.785 replay= 39936 loss=0.00010 ext100=0.000 total100=0.100
[train] 2:54:10<124:25:07, 0.046s/step step=  228000 episodes=  475 eps=0.783 replay= 39936 loss=0.00013 ext100=0.000 total100=0.099
[train] 2:55:52<124:30:40, 0.046s/step step=  230000 episodes=  479 eps=0.781 replay= 39936 loss=0.00011 ext100=0.000 total100=0.103
[train] 2:57:34<124:36:41, 0.046s/step step=  232000 episodes=  483 eps=0.780 replay= 39936 loss=0.00013 ext100=0.000 total100=0.102
[train] 2:59:16<124:42:20, 0.046s/step step=  234000 episodes=  487 eps=0.778 replay= 39936 loss=0.00011 ext100=0.000 total100=0.102
[train] 3:00:58<124:47:46, 0.046s/step step=  236000 episodes=  491 eps=0.776 replay= 39936 loss=0.00009 ext100=0.000 total100=0.101
[train] 3:02:41<124:53:06, 0.046s/step step=  238000 episodes=  495 eps=0.774 replay= 39936 loss=0.00011 ext100=0.000 total100=0.100
[eval] step=240000 episodes=500 mean_ext_return=0.000
[train] 3:04:39<125:09:18, 0.046s/step step=  240000 episodes=  500 eps=0.772 replay= 39936 loss=0.00012 ext100=0.000 total100=0.102
[train] 3:06:21<125:14:43, 0.046s/step step=  242000 episodes=  504 eps=0.770 replay= 39936 loss=0.00011 ext100=0.000 total100=0.101
[train] 3:08:04<125:19:47, 0.046s/step step=  244000 episodes=  508 eps=0.768 replay= 39936 loss=0.00013 ext100=0.000 total100=0.102
[train] 3:09:46<125:24:37, 0.046s/step step=  246000 episodes=  512 eps=0.766 replay= 39936 loss=0.00013 ext100=0.000 total100=0.103
[train] 3:11:28<125:29:21, 0.046s/step step=  248000 episodes=  516 eps=0.764 replay= 39936 loss=0.00011 ext100=0.000 total100=0.103
[train] 3:13:10<125:33:39, 0.046s/step step=  250000 episodes=  520 eps=0.762 replay= 39936 loss=0.00011 ext100=0.000 total100=0.103
[train] 3:14:52<125:38:29, 0.046s/step step=  252000 episodes=  525 eps=0.761 replay= 39936 loss=0.00012 ext100=0.000 total100=0.105
[train] 3:16:35<125:42:58, 0.046s/step step=  254000 episodes=  529 eps=0.759 replay= 39936 loss=0.00011 ext100=0.000 total100=0.106
[train] 3:18:17<125:47:19, 0.046s/step step=  256000 episodes=  533 eps=0.757 replay= 39936 loss=0.00011 ext100=0.000 total100=0.107
[train] 3:19:59<125:51:31, 0.047s/step step=  258000 episodes=  537 eps=0.755 replay= 39936 loss=0.00012 ext100=0.000 total100=0.107
[eval] step=260000 episodes=541 mean_ext_return=0.000
[train] 3:21:57<126:05:47, 0.047s/step step=  260000 episodes=  541 eps=0.753 replay= 39936 loss=0.00015 ext100=0.000 total100=0.107
[train] 3:23:40<126:10:05, 0.047s/step step=  262000 episodes=  545 eps=0.751 replay= 39936 loss=0.00015 ext100=0.000 total100=0.107
[train] 3:25:22<126:14:08, 0.047s/step step=  264000 episodes=  550 eps=0.749 replay= 39936 loss=0.00011 ext100=0.000 total100=0.106
[train] 3:27:04<126:17:55, 0.047s/step step=  266000 episodes=  554 eps=0.747 replay= 39936 loss=0.00011 ext100=0.000 total100=0.106
[train] 3:28:47<126:21:41, 0.047s/step step=  268000 episodes=  558 eps=0.745 replay= 39936 loss=0.00010 ext100=0.000 total100=0.104
[train] 3:30:28<126:25:06, 0.047s/step step=  270000 episodes=  562 eps=0.744 replay= 39936 loss=0.00012 ext100=0.000 total100=0.102
[train] 3:32:11<126:28:59, 0.047s/step step=  272000 episodes=  566 eps=0.742 replay= 39936 loss=0.00012 ext100=0.000 total100=0.101
[train] 3:33:53<126:32:33, 0.047s/step step=  274000 episodes=  570 eps=0.740 replay= 39936 loss=0.00013 ext100=0.000 total100=0.101
[train] 3:35:35<126:35:58, 0.047s/step step=  276000 episodes=  575 eps=0.738 replay= 39936 loss=0.00016 ext100=0.000 total100=0.102
[train] 3:37:18<126:39:23, 0.047s/step step=  278000 episodes=  579 eps=0.736 replay= 39936 loss=0.00013 ext100=0.000 total100=0.099
[eval] step=280000 episodes=583 mean_ext_return=0.000
[train] 3:39:16<126:52:04, 0.047s/step step=  280000 episodes=  583 eps=0.734 replay= 39936 loss=0.00015 ext100=0.000 total100=0.100
[train] 3:40:59<126:55:28, 0.047s/step step=  282000 episodes=  587 eps=0.732 replay= 39936 loss=0.00012 ext100=0.000 total100=0.099
[train] 3:42:41<126:58:42, 0.047s/step step=  284000 episodes=  591 eps=0.730 replay= 39936 loss=0.00010 ext100=0.000 total100=0.098
[train] 3:44:23<127:01:37, 0.047s/step step=  286000 episodes=  595 eps=0.728 replay= 39936 loss=0.00012 ext100=0.000 total100=0.099
[train] 3:46:05<127:04:35, 0.047s/step step=  288000 episodes=  600 eps=0.726 replay= 39936 loss=0.00014 ext100=0.000 total100=0.097
[train] 3:47:47<127:07:15, 0.047s/step step=  290000 episodes=  604 eps=0.725 replay= 39936 loss=0.00011 ext100=0.000 total100=0.098
[train] 3:49:30<127:10:19, 0.047s/step step=  292000 episodes=  608 eps=0.723 replay= 39936 loss=0.00010 ext100=0.000 total100=0.099
[train] 3:51:12<127:13:08, 0.047s/step step=  294000 episodes=  612 eps=0.721 replay= 39936 loss=0.00012 ext100=0.000 total100=0.103
[train] 3:52:55<127:15:53, 0.047s/step step=  296000 episodes=  616 eps=0.719 replay= 39936 loss=0.00013 ext100=0.000 total100=0.102
[train] 3:54:37<127:18:33, 0.047s/step step=  298000 episodes=  620 eps=0.717 replay= 39936 loss=0.00018 ext100=0.000 total100=0.102
[eval] step=300000 episodes=625 mean_ext_return=0.000
[train] 3:56:35<127:29:54, 0.047s/step step=  300000 episodes=  625 eps=0.715 replay= 39936 loss=0.00013 ext100=0.000 total100=0.102
[train] 3:58:18<127:32:46, 0.047s/step step=  302000 episodes=  629 eps=0.713 replay= 39936 loss=0.00012 ext100=0.000 total100=0.104
[train] 4:00:01<127:35:17, 0.047s/step step=  304000 episodes=  633 eps=0.711 replay= 39936 loss=0.00014 ext100=0.000 total100=0.103
[train] 4:01:43<127:37:38, 0.047s/step step=  306000 episodes=  637 eps=0.709 replay= 39936 loss=0.00014 ext100=0.000 total100=0.104
[train] 4:03:25<127:40:00, 0.047s/step step=  308000 episodes=  641 eps=0.707 replay= 39936 loss=0.00011 ext100=0.000 total100=0.104
[train] 4:05:07<127:42:02, 0.047s/step step=  310000 episodes=  645 eps=0.706 replay= 39936 loss=0.00011 ext100=0.000 total100=0.105
[train] 4:06:50<127:44:31, 0.047s/step step=  312000 episodes=  650 eps=0.704 replay= 39936 loss=0.00015 ext100=0.000 total100=0.105
[train] 4:08:32<127:46:42, 0.047s/step step=  314000 episodes=  654 eps=0.702 replay= 39936 loss=0.00013 ext100=0.000 total100=0.103
[train] 4:10:14<127:48:51, 0.048s/step step=  316000 episodes=  658 eps=0.700 replay= 39936 loss=0.00011 ext100=0.000 total100=0.103
[train] 4:11:56<127:50:53, 0.048s/step step=  318000 episodes=  662 eps=0.698 replay= 39936 loss=0.00011 ext100=0.000 total100=0.104
[eval] step=320000 episodes=666 mean_ext_return=0.000
[train] 4:13:55<128:01:06, 0.048s/step step=  320000 episodes=  666 eps=0.696 replay= 39936 loss=0.00011 ext100=0.000 total100=0.105
[train] 4:15:38<128:03:21, 0.048s/step step=  322000 episodes=  670 eps=0.694 replay= 39936 loss=0.00014 ext100=0.000 total100=0.103
[train] 4:17:20<128:05:19, 0.048s/step step=  324000 episodes=  675 eps=0.692 replay= 39936 loss=0.00011 ext100=0.000 total100=0.103
[train] 4:19:02<128:07:04, 0.048s/step step=  326000 episodes=  679 eps=0.690 replay= 39936 loss=0.00014 ext100=0.000 total100=0.102
[train] 4:20:44<128:08:54, 0.048s/step step=  328000 episodes=  683 eps=0.688 replay= 39936 loss=0.00014 ext100=0.000 total100=0.101
[train] 4:22:26<128:10:29, 0.048s/step step=  330000 episodes=  687 eps=0.686 replay= 39936 loss=0.00013 ext100=0.000 total100=0.100
[train] 4:24:09<128:12:27, 0.048s/step step=  332000 episodes=  691 eps=0.685 replay= 39936 loss=0.00012 ext100=0.000 total100=0.100
[train] 4:25:51<128:14:10, 0.048s/step step=  334000 episodes=  695 eps=0.683 replay= 39936 loss=0.00014 ext100=0.000 total100=0.099
[train] 4:27:34<128:15:53, 0.048s/step step=  336000 episodes=  700 eps=0.681 replay= 39936 loss=0.00015 ext100=0.000 total100=0.101
[train] 4:29:16<128:17:28, 0.048s/step step=  338000 episodes=  704 eps=0.679 replay= 39936 loss=0.00014 ext100=0.000 total100=0.099
[eval] step=340000 episodes=708 mean_ext_return=0.000
[train] 4:31:15<128:26:46, 0.048s/step step=  340000 episodes=  708 eps=0.677 replay= 39936 loss=0.00015 ext100=0.000 total100=0.098
[train] 4:32:57<128:28:29, 0.048s/step step=  342000 episodes=  712 eps=0.675 replay= 39936 loss=0.00012 ext100=0.000 total100=0.095
[train] 4:34:40<128:30:00, 0.048s/step step=  344000 episodes=  716 eps=0.673 replay= 39936 loss=0.00014 ext100=0.000 total100=0.098
[train] 4:36:22<128:31:20, 0.048s/step step=  346000 episodes=  720 eps=0.671 replay= 39936 loss=0.00014 ext100=0.000 total100=0.097
[train] 4:38:04<128:32:46, 0.048s/step step=  348000 episodes=  725 eps=0.669 replay= 39936 loss=0.00016 ext100=0.000 total100=0.097
[train] 4:39:46<128:33:56, 0.048s/step step=  350000 episodes=  729 eps=0.667 replay= 39936 loss=0.00015 ext100=0.000 total100=0.092
[train] 4:41:29<128:35:33, 0.048s/step step=  352000 episodes=  733 eps=0.666 replay= 39936 loss=0.00014 ext100=0.000 total100=0.091
[train] 4:43:12<128:36:51, 0.048s/step step=  354000 episodes=  737 eps=0.664 replay= 39936 loss=0.00013 ext100=0.000 total100=0.092
[train] 4:44:54<128:38:08, 0.048s/step step=  356000 episodes=  741 eps=0.662 replay= 39936 loss=0.00014 ext100=0.000 total100=0.092
[train] 4:46:36<128:39:19, 0.048s/step step=  358000 episodes=  745 eps=0.660 replay= 39936 loss=0.00012 ext100=0.000 total100=0.091
[eval] step=360000 episodes=750 mean_ext_return=0.000
[train] 4:48:35<128:47:40, 0.048s/step step=  360000 episodes=  750 eps=0.658 replay= 39936 loss=0.00012 ext100=0.000 total100=0.095
[train] 4:50:18<128:49:03, 0.048s/step step=  362000 episodes=  754 eps=0.656 replay= 39936 loss=0.00012 ext100=0.000 total100=0.097
[train] 4:52:00<128:50:16, 0.048s/step step=  364000 episodes=  758 eps=0.654 replay= 39936 loss=0.00013 ext100=0.000 total100=0.098
[train] 4:53:42<128:51:13, 0.048s/step step=  366000 episodes=  762 eps=0.652 replay= 39936 loss=0.00012 ext100=0.000 total100=0.098
[train] 4:55:25<128:52:17, 0.048s/step step=  368000 episodes=  766 eps=0.650 replay= 39936 loss=0.00011 ext100=0.000 total100=0.096
[train] 4:57:07<128:53:06, 0.048s/step step=  370000 episodes=  770 eps=0.649 replay= 39936 loss=0.00013 ext100=0.000 total100=0.097
[train] 4:58:49<128:54:18, 0.048s/step step=  372000 episodes=  775 eps=0.647 replay= 39936 loss=0.00012 ext100=0.000 total100=0.099
[train] 5:00:32<128:55:16, 0.048s/step step=  374000 episodes=  779 eps=0.645 replay= 39936 loss=0.00016 ext100=0.000 total100=0.104
[train] 5:02:14<128:56:15, 0.048s/step step=  376000 episodes=  783 eps=0.643 replay= 39936 loss=0.00013 ext100=0.000 total100=0.103
[train] 5:03:57<128:57:10, 0.048s/step step=  378000 episodes=  787 eps=0.641 replay= 39936 loss=0.00013 ext100=0.000 total100=0.104
[eval] step=380000 episodes=791 mean_ext_return=0.000
[train] 5:05:55<129:04:54, 0.048s/step step=  380000 episodes=  791 eps=0.639 replay= 39936 loss=0.00013 ext100=0.000 total100=0.105
[train] 5:07:38<129:05:54, 0.048s/step step=  382000 episodes=  795 eps=0.637 replay= 39936 loss=0.00012 ext100=0.000 total100=0.106
[train] 5:09:21<129:06:48, 0.048s/step step=  384000 episodes=  800 eps=0.635 replay= 39936 loss=0.00013 ext100=0.000 total100=0.105
[train] 5:11:03<129:07:27, 0.048s/step step=  386000 episodes=  804 eps=0.633 replay= 39936 loss=0.00013 ext100=0.000 total100=0.107
[train] 5:12:45<129:08:12, 0.048s/step step=  388000 episodes=  808 eps=0.631 replay= 39936 loss=0.00014 ext100=0.000 total100=0.105
[train] 5:14:27<129:08:45, 0.048s/step step=  390000 episodes=  812 eps=0.629 replay= 39936 loss=0.00012 ext100=0.000 total100=0.107
[train] 5:16:10<129:09:38, 0.048s/step step=  392000 episodes=  816 eps=0.628 replay= 39936 loss=0.00013 ext100=0.000 total100=0.105
[train] 5:17:53<129:10:19, 0.048s/step step=  394000 episodes=  820 eps=0.626 replay= 39936 loss=0.00012 ext100=0.000 total100=0.107
[train] 5:19:35<129:10:59, 0.048s/step step=  396000 episodes=  825 eps=0.624 replay= 39936 loss=0.00012 ext100=0.000 total100=0.107
[train] 5:21:17<129:11:33, 0.048s/step step=  398000 episodes=  829 eps=0.622 replay= 39936 loss=0.00015 ext100=0.000 total100=0.111
[eval] step=400000 episodes=833 mean_ext_return=0.000
[train] 5:23:16<129:18:35, 0.048s/step step=  400000 episodes=  833 eps=0.620 replay= 39936 loss=0.00014 ext100=0.000 total100=0.111
[train] 5:24:59<129:19:16, 0.049s/step step=  402000 episodes=  837 eps=0.618 replay= 39936 loss=0.00013 ext100=0.000 total100=0.110
[train] 5:26:41<129:19:54, 0.049s/step step=  404000 episodes=  841 eps=0.616 replay= 39936 loss=0.00011 ext100=0.000 total100=0.109
[train] 5:28:24<129:20:17, 0.049s/step step=  406000 episodes=  845 eps=0.614 replay= 39936 loss=0.00013 ext100=0.000 total100=0.107
[train] 5:30:06<129:20:45, 0.049s/step step=  408000 episodes=  850 eps=0.612 replay= 39936 loss=0.00013 ext100=0.000 total100=0.103
[train] 5:31:48<129:20:59, 0.049s/step step=  410000 episodes=  854 eps=0.611 replay= 39936 loss=0.00014 ext100=0.000 total100=0.102
[train] 5:33:31<129:21:37, 0.049s/step step=  412000 episodes=  858 eps=0.609 replay= 39936 loss=0.00013 ext100=0.000 total100=0.102
[train] 5:35:13<129:22:04, 0.049s/step step=  414000 episodes=  862 eps=0.607 replay= 39936 loss=0.00013 ext100=0.000 total100=0.101
[train] 5:36:56<129:22:27, 0.049s/step step=  416000 episodes=  866 eps=0.605 replay= 39856 loss=0.00015 ext100=0.003 total100=0.105
[train] 5:38:38<129:22:50, 0.049s/step step=  418000 episodes=  871 eps=0.603 replay= 39856 loss=0.00014 ext100=0.003 total100=0.106
[eval] step=420000 episodes=875 mean_ext_return=0.000
[train] 5:40:37<129:29:19, 0.049s/step step=  420000 episodes=  875 eps=0.601 replay= 39856 loss=0.00012 ext100=0.003 total100=0.103
[train] 5:42:19<129:29:47, 0.049s/step step=  422000 episodes=  879 eps=0.599 replay= 39856 loss=0.00013 ext100=0.003 total100=0.101
[train] 5:44:02<129:30:12, 0.049s/step step=  424000 episodes=  883 eps=0.597 replay= 39856 loss=0.00016 ext100=0.003 total100=0.102
[train] 5:45:44<129:30:22, 0.049s/step step=  426000 episodes=  887 eps=0.595 replay= 39856 loss=0.00015 ext100=0.003 total100=0.104
[train] 5:47:27<129:30:37, 0.049s/step step=  428000 episodes=  891 eps=0.593 replay= 39856 loss=0.00012 ext100=0.003 total100=0.104
[train] 5:49:09<129:30:39, 0.049s/step step=  430000 episodes=  896 eps=0.592 replay= 39856 loss=0.00012 ext100=0.003 total100=0.104
[train] 5:50:52<129:31:03, 0.049s/step step=  432000 episodes=  900 eps=0.590 replay= 39856 loss=0.00012 ext100=0.003 total100=0.107
[train] 5:52:34<129:31:16, 0.049s/step step=  434000 episodes=  904 eps=0.588 replay= 39856 loss=0.00014 ext100=0.003 total100=0.106
[train] 5:54:16<129:31:25, 0.049s/step step=  436000 episodes=  908 eps=0.586 replay= 39856 loss=0.00011 ext100=0.003 total100=0.106
[train] 5:55:59<129:31:37, 0.049s/step step=  438000 episodes=  912 eps=0.584 replay= 39856 loss=0.00010 ext100=0.003 total100=0.104
[eval] step=440000 episodes=916 mean_ext_return=0.000
[train] 5:57:58<129:37:38, 0.049s/step step=  440000 episodes=  916 eps=0.582 replay= 39856 loss=0.00010 ext100=0.003 total100=0.106
[train] 5:59:40<129:37:56, 0.049s/step step=  442000 episodes=  921 eps=0.580 replay= 39856 loss=0.00015 ext100=0.003 total100=0.104
[train] 6:01:23<129:38:08, 0.049s/step step=  444000 episodes=  925 eps=0.578 replay= 39856 loss=0.00013 ext100=0.003 total100=0.106
[train] 6:03:05<129:38:05, 0.049s/step step=  446000 episodes=  929 eps=0.576 replay= 39856 loss=0.00013 ext100=0.003 total100=0.105
[train] 6:04:48<129:38:12, 0.049s/step step=  448000 episodes=  933 eps=0.574 replay= 39856 loss=0.00013 ext100=0.003 total100=0.106
[train] 6:06:30<129:38:06, 0.049s/step step=  450000 episodes=  937 eps=0.573 replay= 39856 loss=0.00016 ext100=0.003 total100=0.108
[train] 6:08:13<129:38:20, 0.049s/step step=  452000 episodes=  941 eps=0.571 replay= 39856 loss=0.00014 ext100=0.003 total100=0.110
[train] 6:09:55<129:38:22, 0.049s/step step=  454000 episodes=  946 eps=0.569 replay= 39856 loss=0.00015 ext100=0.003 total100=0.115
[train] 6:11:38<129:38:22, 0.049s/step step=  456000 episodes=  950 eps=0.567 replay= 39856 loss=0.00012 ext100=0.003 total100=0.115
[train] 6:13:20<129:38:23, 0.049s/step step=  458000 episodes=  954 eps=0.565 replay= 39856 loss=0.00014 ext100=0.003 total100=0.114
[eval] step=460000 episodes=958 mean_ext_return=0.000
[train] 6:15:20<129:44:06, 0.049s/step step=  460000 episodes=  958 eps=0.563 replay= 39856 loss=0.00013 ext100=0.003 total100=0.112
[train] 6:17:03<129:44:17, 0.049s/step step=  462000 episodes=  962 eps=0.561 replay= 39936 loss=0.00013 ext100=0.003 total100=0.112
[train] 6:18:46<129:44:25, 0.049s/step step=  464000 episodes=  966 eps=0.559 replay= 39936 loss=0.00012 ext100=0.000 total100=0.109
[train] 6:20:28<129:44:18, 0.049s/step step=  466000 episodes=  971 eps=0.557 replay= 39936 loss=0.00015 ext100=0.000 total100=0.112
[train] 6:22:11<129:44:19, 0.049s/step step=  468000 episodes=  975 eps=0.555 replay= 39936 loss=0.00012 ext100=0.000 total100=0.113
[train] 6:23:53<129:44:08, 0.049s/step step=  470000 episodes=  979 eps=0.554 replay= 39936 loss=0.00012 ext100=0.000 total100=0.112
[train] 6:25:37<129:44:17, 0.049s/step step=  472000 episodes=  983 eps=0.552 replay= 39936 loss=0.00011 ext100=0.000 total100=0.111
[train] 6:27:20<129:44:17, 0.049s/step step=  474000 episodes=  987 eps=0.550 replay= 39936 loss=0.00015 ext100=0.000 total100=0.110
[train] 6:29:02<129:44:12, 0.049s/step step=  476000 episodes=  991 eps=0.548 replay= 39936 loss=0.00010 ext100=0.000 total100=0.108
[train] 6:30:45<129:44:11, 0.049s/step step=  478000 episodes=  996 eps=0.546 replay= 39936 loss=0.00012 ext100=0.000 total100=0.109
[eval] step=480000 episodes=1000 mean_ext_return=0.000
[train] 6:32:44<129:49:26, 0.049s/step step=  480000 episodes= 1000 eps=0.544 replay= 39936 loss=0.00010 ext100=0.000 total100=0.108
[train] 6:34:28<129:49:29, 0.049s/step step=  482000 episodes= 1004 eps=0.542 replay= 39936 loss=0.00018 ext100=0.000 total100=0.106
[train] 6:36:11<129:49:27, 0.049s/step step=  484000 episodes= 1008 eps=0.540 replay= 39936 loss=0.00012 ext100=0.000 total100=0.107
[train] 6:37:53<129:49:11, 0.049s/step step=  486000 episodes= 1012 eps=0.538 replay= 39936 loss=0.00010 ext100=0.000 total100=0.108
[train] 6:39:36<129:49:02, 0.049s/step step=  488000 episodes= 1016 eps=0.536 replay= 39936 loss=0.00010 ext100=0.000 total100=0.106
[train] 6:41:18<129:48:43, 0.049s/step step=  490000 episodes= 1021 eps=0.534 replay= 39936 loss=0.00018 ext100=0.000 total100=0.106
[train] 6:43:02<129:48:42, 0.049s/step step=  492000 episodes= 1025 eps=0.533 replay= 39936 loss=0.00012 ext100=0.000 total100=0.104
[train] 6:44:44<129:48:30, 0.049s/step step=  494000 episodes= 1029 eps=0.531 replay= 39936 loss=0.00010 ext100=0.000 total100=0.107
[train] 6:46:27<129:48:18, 0.049s/step step=  496000 episodes= 1033 eps=0.529 replay= 39936 loss=0.00010 ext100=0.000 total100=0.106
[train] 6:48:10<129:48:08, 0.049s/step step=  498000 episodes= 1037 eps=0.527 replay= 39936 loss=0.00021 ext100=0.000 total100=0.106
[eval] step=500000 episodes=1041 mean_ext_return=0.000
[train] 6:50:09<129:52:59, 0.049s/step step=  500000 episodes= 1041 eps=0.525 replay= 39936 loss=0.00011 ext100=0.000 total100=0.104
[train] 6:51:52<129:52:52, 0.049s/step step=  502000 episodes= 1046 eps=0.523 replay= 39936 loss=0.00010 ext100=0.000 total100=0.100
[train] 6:53:35<129:52:43, 0.049s/step step=  504000 episodes= 1050 eps=0.521 replay= 39936 loss=0.00010 ext100=0.000 total100=0.100
[train] 6:55:18<129:52:19, 0.049s/step step=  506000 episodes= 1054 eps=0.519 replay= 39936 loss=0.00020 ext100=0.000 total100=0.100
[train] 6:57:01<129:52:01, 0.049s/step step=  508000 episodes= 1058 eps=0.517 replay= 39936 loss=0.00009 ext100=0.000 total100=0.101
[train] 6:58:43<129:51:36, 0.049s/step step=  510000 episodes= 1062 eps=0.516 replay= 39936 loss=0.00009 ext100=0.000 total100=0.102
[train] 7:00:26<129:51:27, 0.049s/step step=  512000 episodes= 1066 eps=0.514 replay= 39936 loss=0.00009 ext100=0.000 total100=0.101
[train] 7:02:09<129:51:09, 0.049s/step step=  514000 episodes= 1071 eps=0.512 replay= 39936 loss=0.00018 ext100=0.000 total100=0.101
[train] 7:03:52<129:50:51, 0.049s/step step=  516000 episodes= 1075 eps=0.510 replay= 39936 loss=0.00012 ext100=0.000 total100=0.102
[train] 7:05:35<129:50:31, 0.049s/step step=  518000 episodes= 1079 eps=0.508 replay= 39936 loss=0.00010 ext100=0.000 total100=0.102
[eval] step=520000 episodes=1083 mean_ext_return=0.000
[train] 7:07:34<129:55:04, 0.049s/step step=  520000 episodes= 1083 eps=0.506 replay= 39936 loss=0.00010 ext100=0.000 total100=0.105
[train] 7:09:18<129:54:52, 0.049s/step step=  522000 episodes= 1087 eps=0.504 replay= 39936 loss=0.00019 ext100=0.000 total100=0.107
[train] 7:11:01<129:54:34, 0.049s/step step=  524000 episodes= 1091 eps=0.502 replay= 39936 loss=0.00009 ext100=0.000 total100=0.107
[train] 7:12:43<129:54:03, 0.049s/step step=  526000 episodes= 1096 eps=0.500 replay= 39936 loss=0.00014 ext100=0.000 total100=0.104
[train] 7:14:26<129:53:40, 0.049s/step step=  528000 episodes= 1100 eps=0.498 replay= 39936 loss=0.00009 ext100=0.000 total100=0.100
[train] 7:16:09<129:53:08, 0.049s/step step=  530000 episodes= 1104 eps=0.497 replay= 39936 loss=0.00023 ext100=0.000 total100=0.102
[train] 7:17:52<129:52:50, 0.049s/step step=  532000 episodes= 1108 eps=0.495 replay= 39936 loss=0.00010 ext100=0.000 total100=0.101
[train] 7:19:35<129:52:25, 0.049s/step step=  534000 episodes= 1112 eps=0.493 replay= 39936 loss=0.00009 ext100=0.000 total100=0.099
[train] 7:21:18<129:51:59, 0.049s/step step=  536000 episodes= 1116 eps=0.491 replay= 39936 loss=0.00007 ext100=0.000 total100=0.100
[train] 7:23:01<129:51:32, 0.049s/step step=  538000 episodes= 1121 eps=0.489 replay= 39936 loss=0.00021 ext100=0.000 total100=0.099
[eval] step=540000 episodes=1125 mean_ext_return=0.000
[train] 7:25:00<129:55:50, 0.049s/step step=  540000 episodes= 1125 eps=0.487 replay= 39936 loss=0.00011 ext100=0.000 total100=0.102
[train] 7:26:43<129:55:29, 0.049s/step step=  542000 episodes= 1129 eps=0.485 replay= 39936 loss=0.00010 ext100=0.000 total100=0.099
[train] 7:28:27<129:55:07, 0.049s/step step=  544000 episodes= 1133 eps=0.483 replay= 39936 loss=0.00009 ext100=0.000 total100=0.097
[train] 7:30:09<129:54:31, 0.049s/step step=  546000 episodes= 1137 eps=0.481 replay= 39936 loss=0.00026 ext100=0.000 total100=0.096
[train] 7:31:52<129:54:03, 0.049s/step step=  548000 episodes= 1141 eps=0.479 replay= 39936 loss=0.00011 ext100=0.000 total100=0.097
[train] 7:33:35<129:53:25, 0.049s/step step=  550000 episodes= 1146 eps=0.478 replay= 39936 loss=0.00010 ext100=0.000 total100=0.098
[train] 7:35:18<129:53:02, 0.049s/step step=  552000 episodes= 1150 eps=0.476 replay= 39936 loss=0.00010 ext100=0.000 total100=0.098
[train] 7:37:01<129:52:32, 0.049s/step step=  554000 episodes= 1154 eps=0.474 replay= 39936 loss=0.00027 ext100=0.000 total100=0.098
[train] 7:38:44<129:51:59, 0.050s/step step=  556000 episodes= 1158 eps=0.472 replay= 39936 loss=0.00011 ext100=0.000 total100=0.098
[train] 7:40:27<129:51:26, 0.050s/step step=  558000 episodes= 1162 eps=0.470 replay= 39936 loss=0.00009 ext100=0.000 total100=0.099
[eval] step=560000 episodes=1166 mean_ext_return=0.000
[train] 7:42:26<129:55:27, 0.050s/step step=  560000 episodes= 1166 eps=0.468 replay= 39936 loss=0.00009 ext100=0.000 total100=0.101
[train] 7:44:10<129:55:01, 0.050s/step step=  562000 episodes= 1171 eps=0.466 replay= 39936 loss=0.00021 ext100=0.000 total100=0.098
[train] 7:45:53<129:54:34, 0.050s/step step=  564000 episodes= 1175 eps=0.464 replay= 39936 loss=0.00012 ext100=0.000 total100=0.096
[train] 7:47:36<129:53:53, 0.050s/step step=  566000 episodes= 1179 eps=0.462 replay= 39936 loss=0.00009 ext100=0.000 total100=0.098
[train] 7:49:18<129:53:16, 0.050s/step step=  568000 episodes= 1183 eps=0.460 replay= 39936 loss=0.00009 ext100=0.000 total100=0.097
[train] 7:51:01<129:52:32, 0.050s/step step=  570000 episodes= 1187 eps=0.459 replay= 39936 loss=0.00027 ext100=0.000 total100=0.094
[train] 7:52:44<129:52:02, 0.050s/step step=  572000 episodes= 1191 eps=0.457 replay= 39936 loss=0.00010 ext100=0.000 total100=0.095
[train] 7:54:27<129:51:25, 0.050s/step step=  574000 episodes= 1196 eps=0.455 replay= 39936 loss=0.00009 ext100=0.000 total100=0.098
[train] 7:56:10<129:50:48, 0.050s/step step=  576000 episodes= 1200 eps=0.453 replay= 39936 loss=0.00008 ext100=0.000 total100=0.101
[train] 7:57:53<129:50:11, 0.050s/step step=  578000 episodes= 1204 eps=0.451 replay= 39936 loss=0.00020 ext100=0.000 total100=0.103
[eval] step=580000 episodes=1208 mean_ext_return=0.000
[train] 7:59:52<129:53:55, 0.050s/step step=  580000 episodes= 1208 eps=0.449 replay= 39936 loss=0.00011 ext100=0.000 total100=0.103
[train] 8:01:36<129:53:22, 0.050s/step step=  582000 episodes= 1212 eps=0.447 replay= 39936 loss=0.00009 ext100=0.000 total100=0.105
[train] 8:03:19<129:52:50, 0.050s/step step=  584000 episodes= 1216 eps=0.445 replay= 39936 loss=0.00009 ext100=0.000 total100=0.105
[train] 8:05:02<129:52:01, 0.050s/step step=  586000 episodes= 1221 eps=0.443 replay= 39936 loss=0.00025 ext100=0.000 total100=0.106
[train] 8:06:45<129:51:19, 0.050s/step step=  588000 episodes= 1225 eps=0.441 replay= 39936 loss=0.00013 ext100=0.000 total100=0.104
[train] 8:08:27<129:50:32, 0.050s/step step=  590000 episodes= 1229 eps=0.440 replay= 39936 loss=0.00010 ext100=0.000 total100=0.105
[train] 8:10:11<129:49:59, 0.050s/step step=  592000 episodes= 1233 eps=0.438 replay= 39936 loss=0.00010 ext100=0.000 total100=0.108
[train] 8:11:54<129:49:17, 0.050s/step step=  594000 episodes= 1237 eps=0.436 replay= 39936 loss=0.00036 ext100=0.000 total100=0.110
[train] 8:13:37<129:48:36, 0.050s/step step=  596000 episodes= 1241 eps=0.434 replay= 39936 loss=0.00010 ext100=0.000 total100=0.109
[train] 8:15:20<129:47:53, 0.050s/step step=  598000 episodes= 1246 eps=0.432 replay= 39936 loss=0.00010 ext100=0.000 total100=0.110
[eval] step=600000 episodes=1250 mean_ext_return=0.000
[train] 8:17:19<129:51:24, 0.050s/step step=  600000 episodes= 1250 eps=0.430 replay= 39936 loss=0.00008 ext100=0.000 total100=0.112
[train] 8:19:02<129:50:46, 0.050s/step step=  602000 episodes= 1254 eps=0.428 replay= 39936 loss=0.00033 ext100=0.000 total100=0.111
[train] 8:20:46<129:50:08, 0.050s/step step=  604000 episodes= 1258 eps=0.426 replay= 39936 loss=0.00011 ext100=0.000 total100=0.111
[train] 8:22:28<129:49:16, 0.050s/step step=  606000 episodes= 1262 eps=0.424 replay= 39936 loss=0.00008 ext100=0.000 total100=0.109
[train] 8:24:11<129:48:30, 0.050s/step step=  608000 episodes= 1266 eps=0.422 replay= 39936 loss=0.00008 ext100=0.000 total100=0.110
[train] 8:25:54<129:47:38, 0.050s/step step=  610000 episodes= 1271 eps=0.420 replay= 39936 loss=0.00035 ext100=0.000 total100=0.110
[train] 8:27:37<129:46:57, 0.050s/step step=  612000 episodes= 1275 eps=0.419 replay= 39936 loss=0.00012 ext100=0.000 total100=0.109
[train] 8:29:20<129:46:10, 0.050s/step step=  614000 episodes= 1279 eps=0.417 replay= 39936 loss=0.00009 ext100=0.000 total100=0.107
[train] 8:31:03<129:45:25, 0.050s/step step=  616000 episodes= 1283 eps=0.415 replay= 39936 loss=0.00009 ext100=0.000 total100=0.107
[train] 8:32:46<129:44:37, 0.050s/step step=  618000 episodes= 1287 eps=0.413 replay= 39936 loss=0.00036 ext100=0.000 total100=0.107
[eval] step=620000 episodes=1291 mean_ext_return=0.000
[train] 8:34:45<129:47:54, 0.050s/step step=  620000 episodes= 1291 eps=0.411 replay= 39936 loss=0.00011 ext100=0.000 total100=0.108
[train] 8:36:29<129:47:13, 0.050s/step step=  622000 episodes= 1296 eps=0.409 replay= 39936 loss=0.00009 ext100=0.000 total100=0.109
[train] 8:38:12<129:46:30, 0.050s/step step=  624000 episodes= 1300 eps=0.407 replay= 39936 loss=0.00008 ext100=0.000 total100=0.108
[train] 8:39:55<129:45:35, 0.050s/step step=  626000 episodes= 1304 eps=0.405 replay= 39936 loss=0.00037 ext100=0.000 total100=0.104
[train] 8:41:38<129:44:45, 0.050s/step step=  628000 episodes= 1308 eps=0.403 replay= 39936 loss=0.00008 ext100=0.000 total100=0.105
[train] 8:43:21<129:43:49, 0.050s/step step=  630000 episodes= 1312 eps=0.402 replay= 39936 loss=0.00008 ext100=0.000 total100=0.103
[train] 8:45:04<129:43:06, 0.050s/step step=  632000 episodes= 1316 eps=0.400 replay= 39936 loss=0.00008 ext100=0.000 total100=0.101
[train] 8:46:47<129:42:17, 0.050s/step step=  634000 episodes= 1321 eps=0.398 replay= 39936 loss=0.00034 ext100=0.000 total100=0.101
[train] 8:48:30<129:41:26, 0.050s/step step=  636000 episodes= 1325 eps=0.396 replay= 39936 loss=0.00010 ext100=0.000 total100=0.101
[train] 8:50:13<129:40:34, 0.050s/step step=  638000 episodes= 1329 eps=0.394 replay= 39936 loss=0.00008 ext100=0.000 total100=0.098
[eval] step=640000 episodes=1333 mean_ext_return=0.000
[train] 8:52:13<129:43:40, 0.050s/step step=  640000 episodes= 1333 eps=0.392 replay= 39936 loss=0.00008 ext100=0.000 total100=0.100
[train] 8:53:56<129:42:52, 0.050s/step step=  642000 episodes= 1337 eps=0.390 replay= 39936 loss=0.00041 ext100=0.000 total100=0.099
[train] 8:55:40<129:42:09, 0.050s/step step=  644000 episodes= 1341 eps=0.388 replay= 39936 loss=0.00009 ext100=0.000 total100=0.098
[train] 8:57:22<129:41:08, 0.050s/step step=  646000 episodes= 1346 eps=0.386 replay= 39936 loss=0.00010 ext100=0.000 total100=0.097
[train] 8:59:05<129:40:16, 0.050s/step step=  648000 episodes= 1350 eps=0.384 replay= 39936 loss=0.00008 ext100=0.000 total100=0.094
[train] 9:00:48<129:39:15, 0.050s/step step=  650000 episodes= 1354 eps=0.383 replay= 39936 loss=0.00046 ext100=0.000 total100=0.098
[train] 9:02:31<129:38:29, 0.050s/step step=  652000 episodes= 1358 eps=0.381 replay= 39936 loss=0.00009 ext100=0.000 total100=0.097
[train] 9:04:14<129:37:35, 0.050s/step step=  654000 episodes= 1362 eps=0.379 replay= 39936 loss=0.00008 ext100=0.000 total100=0.097
[train] 9:05:57<129:36:41, 0.050s/step step=  656000 episodes= 1366 eps=0.377 replay= 39936 loss=0.00007 ext100=0.000 total100=0.096
[train] 9:07:40<129:35:46, 0.050s/step step=  658000 episodes= 1371 eps=0.375 replay= 39936 loss=0.00040 ext100=0.000 total100=0.094
[eval] step=660000 episodes=1375 mean_ext_return=0.000
[train] 9:09:40<129:38:39, 0.050s/step step=  660000 episodes= 1375 eps=0.373 replay= 39936 loss=0.00012 ext100=0.000 total100=0.097
[train] 9:11:23<129:37:49, 0.050s/step step=  662000 episodes= 1379 eps=0.371 replay= 39936 loss=0.00009 ext100=0.000 total100=0.098
[train] 9:13:07<129:36:59, 0.050s/step step=  664000 episodes= 1383 eps=0.369 replay= 39936 loss=0.00007 ext100=0.000 total100=0.098
[train] 9:14:49<129:35:56, 0.050s/step step=  666000 episodes= 1387 eps=0.367 replay= 39936 loss=0.00046 ext100=0.000 total100=0.100
[train] 9:16:32<129:35:00, 0.050s/step step=  668000 episodes= 1392 eps=0.365 replay= 39855 loss=0.00012 ext100=0.003 total100=0.100
[train] 9:18:15<129:33:56, 0.050s/step step=  670000 episodes= 1396 eps=0.364 replay= 39855 loss=0.00010 ext100=0.003 total100=0.098
[train] 9:19:58<129:33:05, 0.050s/step step=  672000 episodes= 1400 eps=0.362 replay= 39855 loss=0.00009 ext100=0.003 total100=0.099
[train] 9:21:42<129:32:08, 0.050s/step step=  674000 episodes= 1404 eps=0.360 replay= 39855 loss=0.00044 ext100=0.003 total100=0.101
[train] 9:23:25<129:31:10, 0.050s/step step=  676000 episodes= 1408 eps=0.358 replay= 39855 loss=0.00012 ext100=0.003 total100=0.100
[train] 9:25:08<129:30:14, 0.050s/step step=  678000 episodes= 1412 eps=0.356 replay= 39855 loss=0.00009 ext100=0.003 total100=0.102
[eval] step=680000 episodes=1417 mean_ext_return=0.000
[train] 9:27:07<129:32:57, 0.050s/step step=  680000 episodes= 1417 eps=0.354 replay= 39855 loss=0.00013 ext100=0.003 total100=0.108
[train] 9:28:51<129:32:05, 0.050s/step step=  682000 episodes= 1421 eps=0.352 replay= 39855 loss=0.00046 ext100=0.003 total100=0.108
[train] 9:30:34<129:31:13, 0.050s/step step=  684000 episodes= 1425 eps=0.350 replay= 39855 loss=0.00011 ext100=0.003 total100=0.105
[train] 9:32:17<129:30:07, 0.050s/step step=  686000 episodes= 1429 eps=0.348 replay= 39855 loss=0.00009 ext100=0.003 total100=0.107
[train] 9:34:00<129:29:07, 0.050s/step step=  688000 episodes= 1433 eps=0.346 replay= 39855 loss=0.00010 ext100=0.003 total100=0.105
[train] 9:35:43<129:28:01, 0.050s/step step=  690000 episodes= 1437 eps=0.345 replay= 39855 loss=0.00049 ext100=0.003 total100=0.104
[train] 9:37:26<129:27:07, 0.050s/step step=  692000 episodes= 1442 eps=0.343 replay= 39855 loss=0.00012 ext100=0.003 total100=0.102
[train] 9:39:09<129:26:06, 0.050s/step step=  694000 episodes= 1446 eps=0.341 replay= 39855 loss=0.00013 ext100=0.003 total100=0.104
[train] 9:40:52<129:25:06, 0.050s/step step=  696000 episodes= 1450 eps=0.339 replay= 39855 loss=0.00009 ext100=0.003 total100=0.104
[train] 9:42:35<129:24:05, 0.050s/step step=  698000 episodes= 1454 eps=0.337 replay= 39855 loss=0.00054 ext100=0.003 total100=0.106
[eval] step=700000 episodes=1458 mean_ext_return=0.000
[train] 9:44:35<129:26:38, 0.050s/step step=  700000 episodes= 1458 eps=0.335 replay= 39855 loss=0.00013 ext100=0.003 total100=0.107
[train] 9:46:18<129:25:43, 0.050s/step step=  702000 episodes= 1462 eps=0.333 replay= 39855 loss=0.00010 ext100=0.003 total100=0.105
[train] 9:48:02<129:24:48, 0.050s/step step=  704000 episodes= 1467 eps=0.331 replay= 39855 loss=0.00010 ext100=0.003 total100=0.107
[train] 9:49:45<129:23:40, 0.050s/step step=  706000 episodes= 1471 eps=0.329 replay= 39855 loss=0.00048 ext100=0.003 total100=0.106
[train] 9:51:28<129:22:38, 0.050s/step step=  708000 episodes= 1475 eps=0.327 replay= 39855 loss=0.00012 ext100=0.003 total100=0.105
[train] 9:53:10<129:21:30, 0.050s/step step=  710000 episodes= 1479 eps=0.326 replay= 39855 loss=0.00008 ext100=0.003 total100=0.106
[train] 9:54:54<129:20:33, 0.050s/step step=  712000 episodes= 1483 eps=0.324 replay= 39855 loss=0.00008 ext100=0.003 total100=0.105
[train] 9:56:37<129:19:30, 0.050s/step step=  714000 episodes= 1487 eps=0.322 replay= 39936 loss=0.00046 ext100=0.003 total100=0.103
[train] 9:58:20<129:18:27, 0.050s/step step=  716000 episodes= 1492 eps=0.320 replay= 39936 loss=0.00014 ext100=0.000 total100=0.097
[train] 10:00:03<129:17:24, 0.050s/step step=  718000 episodes= 1496 eps=0.318 replay= 39936 loss=0.00010 ext100=0.000 total100=0.097
[eval] step=720000 episodes=1500 mean_ext_return=0.000
[train] 10:02:03<129:19:49, 0.050s/step step=  720000 episodes= 1500 eps=0.316 replay= 39936 loss=0.00009 ext100=0.000 total100=0.093
[train] 10:03:47<129:18:52, 0.050s/step step=  722000 episodes= 1504 eps=0.314 replay= 39936 loss=0.00057 ext100=0.000 total100=0.093
[train] 10:05:30<129:17:53, 0.050s/step step=  724000 episodes= 1508 eps=0.312 replay= 39936 loss=0.00012 ext100=0.000 total100=0.095
[train] 10:07:13<129:16:43, 0.050s/step step=  726000 episodes= 1512 eps=0.310 replay= 39936 loss=0.00010 ext100=0.000 total100=0.092
[train] 10:08:56<129:15:38, 0.050s/step step=  728000 episodes= 1517 eps=0.308 replay= 39936 loss=0.00011 ext100=0.000 total100=0.086
[train] 10:10:39<129:14:28, 0.050s/step step=  730000 episodes= 1521 eps=0.306 replay= 39936 loss=0.00049 ext100=0.000 total100=0.088
[train] 10:12:22<129:13:30, 0.050s/step step=  732000 episodes= 1525 eps=0.305 replay= 39936 loss=0.00010 ext100=0.000 total100=0.092
[train] 10:14:06<129:12:25, 0.050s/step step=  734000 episodes= 1529 eps=0.303 replay= 39936 loss=0.00009 ext100=0.000 total100=0.089
[train] 10:15:49<129:11:20, 0.050s/step step=  736000 episodes= 1533 eps=0.301 replay= 39936 loss=0.00008 ext100=0.000 total100=0.092
[train] 10:17:32<129:10:16, 0.050s/step step=  738000 episodes= 1537 eps=0.299 replay= 39936 loss=0.00048 ext100=0.000 total100=0.094
[eval] step=740000 episodes=1542 mean_ext_return=0.000
[train] 10:19:32<129:12:32, 0.050s/step step=  740000 episodes= 1542 eps=0.297 replay= 39936 loss=0.00013 ext100=0.000 total100=0.093
[train] 10:21:15<129:11:32, 0.050s/step step=  742000 episodes= 1546 eps=0.295 replay= 39936 loss=0.00010 ext100=0.000 total100=0.091
[train] 10:22:59<129:10:33, 0.050s/step step=  744000 episodes= 1550 eps=0.293 replay= 39936 loss=0.00009 ext100=0.000 total100=0.092
[train] 10:24:42<129:09:21, 0.050s/step step=  746000 episodes= 1554 eps=0.291 replay= 39936 loss=0.00050 ext100=0.000 total100=0.089
[train] 10:26:25<129:08:15, 0.050s/step step=  748000 episodes= 1558 eps=0.289 replay= 39936 loss=0.00010 ext100=0.000 total100=0.093
[train] 10:28:08<129:07:03, 0.050s/step step=  750000 episodes= 1562 eps=0.288 replay= 39936 loss=0.00007 ext100=0.000 total100=0.093
[train] 10:29:52<129:06:02, 0.050s/step step=  752000 episodes= 1567 eps=0.286 replay= 39936 loss=0.00011 ext100=0.000 total100=0.092
[train] 10:31:35<129:04:56, 0.050s/step step=  754000 episodes= 1571 eps=0.284 replay= 39936 loss=0.00047 ext100=0.000 total100=0.094
[train] 10:33:18<129:03:48, 0.050s/step step=  756000 episodes= 1575 eps=0.282 replay= 39936 loss=0.00013 ext100=0.000 total100=0.091
[train] 10:35:01<129:02:40, 0.050s/step step=  758000 episodes= 1579 eps=0.280 replay= 39936 loss=0.00010 ext100=0.000 total100=0.087
[eval] step=760000 episodes=1583 mean_ext_return=0.000
[train] 10:37:01<129:04:47, 0.050s/step step=  760000 episodes= 1583 eps=0.278 replay= 39936 loss=0.00008 ext100=0.000 total100=0.088
[train] 10:38:44<129:03:45, 0.050s/step step=  762000 episodes= 1587 eps=0.276 replay= 39936 loss=0.00038 ext100=0.000 total100=0.088
[train] 10:40:28<129:02:40, 0.050s/step step=  764000 episodes= 1592 eps=0.274 replay= 39936 loss=0.00014 ext100=0.000 total100=0.088
[train] 10:42:11<129:01:26, 0.050s/step step=  766000 episodes= 1596 eps=0.272 replay= 39936 loss=0.00009 ext100=0.000 total100=0.088
[train] 10:43:54<129:00:17, 0.050s/step step=  768000 episodes= 1600 eps=0.270 replay= 39936 loss=0.00008 ext100=0.000 total100=0.091
[train] 10:45:37<128:59:03, 0.050s/step step=  770000 episodes= 1604 eps=0.269 replay= 39936 loss=0.00039 ext100=0.000 total100=0.091
[train] 10:47:20<128:57:59, 0.050s/step step=  772000 episodes= 1608 eps=0.267 replay= 39936 loss=0.00010 ext100=0.000 total100=0.089
[train] 10:49:04<128:56:51, 0.050s/step step=  774000 episodes= 1612 eps=0.265 replay= 39936 loss=0.00008 ext100=0.000 total100=0.089
[train] 10:50:47<128:55:41, 0.050s/step step=  776000 episodes= 1617 eps=0.263 replay= 39936 loss=0.00009 ext100=0.000 total100=0.091
[train] 10:52:30<128:54:31, 0.050s/step step=  778000 episodes= 1621 eps=0.261 replay= 39936 loss=0.00046 ext100=0.000 total100=0.089
[eval] step=780000 episodes=1625 mean_ext_return=0.000
[train] 10:54:30<128:56:33, 0.050s/step step=  780000 episodes= 1625 eps=0.259 replay= 39936 loss=0.00010 ext100=0.000 total100=0.084
[train] 10:56:13<128:55:28, 0.050s/step step=  782000 episodes= 1629 eps=0.257 replay= 39936 loss=0.00009 ext100=0.000 total100=0.086
[train] 10:57:57<128:54:23, 0.050s/step step=  784000 episodes= 1633 eps=0.255 replay= 39936 loss=0.00007 ext100=0.000 total100=0.085
[train] 10:59:40<128:53:06, 0.050s/step step=  786000 episodes= 1637 eps=0.253 replay= 39936 loss=0.00045 ext100=0.000 total100=0.086
[train] 11:01:23<128:51:55, 0.050s/step step=  788000 episodes= 1642 eps=0.251 replay= 39936 loss=0.00012 ext100=0.000 total100=0.086
[train] 11:03:06<128:50:39, 0.050s/step step=  790000 episodes= 1646 eps=0.250 replay= 39936 loss=0.00009 ext100=0.000 total100=0.084
[train] 11:04:50<128:49:34, 0.050s/step step=  792000 episodes= 1650 eps=0.248 replay= 39936 loss=0.00007 ext100=0.000 total100=0.083
[train] 11:06:33<128:48:22, 0.050s/step step=  794000 episodes= 1654 eps=0.246 replay= 39936 loss=0.00037 ext100=0.000 total100=0.081
[train] 11:08:16<128:47:11, 0.050s/step step=  796000 episodes= 1658 eps=0.244 replay= 39936 loss=0.00012 ext100=0.000 total100=0.075
[train] 11:10:00<128:46:00, 0.050s/step step=  798000 episodes= 1662 eps=0.242 replay= 39936 loss=0.00009 ext100=0.000 total100=0.076
[eval] step=800000 episodes=1667 mean_ext_return=0.000
[train] 11:11:59<128:47:53, 0.050s/step step=  800000 episodes= 1667 eps=0.240 replay= 39936 loss=0.00008 ext100=0.000 total100=0.076
[train] 11:13:43<128:46:46, 0.050s/step step=  802000 episodes= 1671 eps=0.238 replay= 39936 loss=0.00039 ext100=0.000 total100=0.073
[train] 11:15:26<128:45:39, 0.050s/step step=  804000 episodes= 1675 eps=0.236 replay= 39936 loss=0.00011 ext100=0.000 total100=0.074
[train] 11:17:09<128:44:23, 0.050s/step step=  806000 episodes= 1679 eps=0.234 replay= 39936 loss=0.00009 ext100=0.000 total100=0.077
[train] 11:18:53<128:43:11, 0.050s/step step=  808000 episodes= 1683 eps=0.232 replay= 39936 loss=0.00010 ext100=0.000 total100=0.078
[train] 11:20:36<128:41:52, 0.050s/step step=  810000 episodes= 1687 eps=0.231 replay= 39936 loss=0.00033 ext100=0.000 total100=0.078
[train] 11:22:19<128:40:42, 0.050s/step step=  812000 episodes= 1692 eps=0.229 replay= 39936 loss=0.00014 ext100=0.000 total100=0.080
[train] 11:24:02<128:39:30, 0.050s/step step=  814000 episodes= 1696 eps=0.227 replay= 39936 loss=0.00010 ext100=0.000 total100=0.083
[train] 11:25:46<128:38:17, 0.050s/step step=  816000 episodes= 1700 eps=0.225 replay= 39936 loss=0.00008 ext100=0.000 total100=0.080
[train] 11:27:29<128:37:03, 0.050s/step step=  818000 episodes= 1704 eps=0.223 replay= 39936 loss=0.00035 ext100=0.000 total100=0.077
[eval] step=820000 episodes=1708 mean_ext_return=0.000
[train] 11:29:28<128:38:50, 0.050s/step step=  820000 episodes= 1708 eps=0.221 replay= 39936 loss=0.00010 ext100=0.000 total100=0.078
[train] 11:31:12<128:37:40, 0.050s/step step=  822000 episodes= 1712 eps=0.219 replay= 39936 loss=0.00008 ext100=0.000 total100=0.079
[train] 11:32:56<128:36:32, 0.050s/step step=  824000 episodes= 1717 eps=0.217 replay= 39936 loss=0.00012 ext100=0.000 total100=0.080
[train] 11:34:39<128:35:11, 0.050s/step step=  826000 episodes= 1721 eps=0.215 replay= 39936 loss=0.00038 ext100=0.000 total100=0.079
[train] 11:36:22<128:33:58, 0.050s/step step=  828000 episodes= 1725 eps=0.213 replay= 39936 loss=0.00009 ext100=0.000 total100=0.081
[train] 11:38:05<128:32:38, 0.050s/step step=  830000 episodes= 1729 eps=0.212 replay= 39936 loss=0.00008 ext100=0.000 total100=0.079
[train] 11:39:49<128:31:28, 0.050s/step step=  832000 episodes= 1733 eps=0.210 replay= 39936 loss=0.00007 ext100=0.000 total100=0.079
[train] 11:41:32<128:30:13, 0.050s/step step=  834000 episodes= 1737 eps=0.208 replay= 39936 loss=0.00034 ext100=0.000 total100=0.075
[train] 11:43:15<128:28:58, 0.050s/step step=  836000 episodes= 1742 eps=0.206 replay= 39936 loss=0.00010 ext100=0.000 total100=0.078
[train] 11:44:59<128:27:44, 0.050s/step step=  838000 episodes= 1746 eps=0.204 replay= 39936 loss=0.00009 ext100=0.000 total100=0.079
[eval] step=840000 episodes=1750 mean_ext_return=0.000
[train] 11:46:58<128:29:24, 0.050s/step step=  840000 episodes= 1750 eps=0.202 replay= 39936 loss=0.00008 ext100=0.000 total100=0.081
[train] 11:48:42<128:28:13, 0.051s/step step=  842000 episodes= 1754 eps=0.200 replay= 39936 loss=0.00032 ext100=0.000 total100=0.082
[train] 11:50:26<128:27:03, 0.051s/step step=  844000 episodes= 1758 eps=0.198 replay= 39936 loss=0.00007 ext100=0.000 total100=0.083
[train] 11:52:09<128:25:43, 0.051s/step step=  846000 episodes= 1762 eps=0.196 replay= 39936 loss=0.00006 ext100=0.000 total100=0.083
[train] 11:53:52<128:24:29, 0.051s/step step=  848000 episodes= 1767 eps=0.194 replay= 39936 loss=0.00009 ext100=0.000 total100=0.084
[train] 11:55:35<128:23:05, 0.051s/step step=  850000 episodes= 1771 eps=0.193 replay= 39936 loss=0.00028 ext100=0.000 total100=0.083
[train] 11:57:19<128:21:54, 0.051s/step step=  852000 episodes= 1775 eps=0.191 replay= 39936 loss=0.00010 ext100=0.000 total100=0.085
[train] 11:59:02<128:20:39, 0.051s/step step=  854000 episodes= 1779 eps=0.189 replay= 39936 loss=0.00008 ext100=0.000 total100=0.087
[train] 12:00:45<128:19:23, 0.051s/step step=  856000 episodes= 1783 eps=0.187 replay= 39936 loss=0.00007 ext100=0.000 total100=0.085
[train] 12:02:29<128:18:06, 0.051s/step step=  858000 episodes= 1787 eps=0.185 replay= 39936 loss=0.00024 ext100=0.000 total100=0.087
[eval] step=860000 episodes=1792 mean_ext_return=0.000
[train] 12:04:28<128:19:41, 0.051s/step step=  860000 episodes= 1792 eps=0.183 replay= 39936 loss=0.00011 ext100=0.000 total100=0.086
[train] 12:06:12<128:18:28, 0.051s/step step=  862000 episodes= 1796 eps=0.181 replay= 39936 loss=0.00006 ext100=0.000 total100=0.083
[train] 12:07:56<128:17:16, 0.051s/step step=  864000 episodes= 1800 eps=0.179 replay= 39936 loss=0.00007 ext100=0.000 total100=0.088
[train] 12:09:39<128:15:53, 0.051s/step step=  866000 episodes= 1804 eps=0.177 replay= 39936 loss=0.00022 ext100=0.000 total100=0.090
[train] 12:11:22<128:14:38, 0.051s/step step=  868000 episodes= 1808 eps=0.175 replay= 39936 loss=0.00008 ext100=0.000 total100=0.089
[train] 12:13:05<128:13:13, 0.051s/step step=  870000 episodes= 1812 eps=0.173 replay= 39936 loss=0.00004 ext100=0.000 total100=0.090
[train] 12:14:49<128:12:01, 0.051s/step step=  872000 episodes= 1817 eps=0.172 replay= 39936 loss=0.00009 ext100=0.000 total100=0.089
[train] 12:16:32<128:10:43, 0.051s/step step=  874000 episodes= 1821 eps=0.170 replay= 39936 loss=0.00023 ext100=0.000 total100=0.089
[train] 12:18:15<128:09:24, 0.051s/step step=  876000 episodes= 1825 eps=0.168 replay= 39936 loss=0.00007 ext100=0.000 total100=0.091
[train] 12:19:59<128:08:06, 0.051s/step step=  878000 episodes= 1829 eps=0.166 replay= 39936 loss=0.00006 ext100=0.000 total100=0.093
[eval] step=880000 episodes=1833 mean_ext_return=0.000
[train] 12:21:58<128:09:34, 0.051s/step step=  880000 episodes= 1833 eps=0.164 replay= 39936 loss=0.00006 ext100=0.000 total100=0.090
[train] 12:23:42<128:08:21, 0.051s/step step=  882000 episodes= 1837 eps=0.162 replay= 39936 loss=0.00025 ext100=0.000 total100=0.091
[train] 12:25:26<128:07:06, 0.051s/step step=  884000 episodes= 1842 eps=0.160 replay= 39936 loss=0.00008 ext100=0.000 total100=0.090
[train] 12:27:09<128:05:43, 0.051s/step step=  886000 episodes= 1846 eps=0.158 replay= 39936 loss=0.00007 ext100=0.000 total100=0.091
[train] 12:28:52<128:04:27, 0.051s/step step=  888000 episodes= 1850 eps=0.156 replay= 39936 loss=0.00006 ext100=0.000 total100=0.091
[train] 12:30:35<128:03:00, 0.051s/step step=  890000 episodes= 1854 eps=0.155 replay= 39936 loss=0.00020 ext100=0.000 total100=0.090
[train] 12:32:19<128:01:45, 0.051s/step step=  892000 episodes= 1858 eps=0.153 replay= 39936 loss=0.00008 ext100=0.000 total100=0.093
[train] 12:34:02<128:00:26, 0.051s/step step=  894000 episodes= 1862 eps=0.151 replay= 39936 loss=0.00006 ext100=0.000 total100=0.092
[train] 12:35:46<127:59:07, 0.051s/step step=  896000 episodes= 1867 eps=0.149 replay= 39936 loss=0.00005 ext100=0.000 total100=0.091
[train] 12:37:29<127:57:49, 0.051s/step step=  898000 episodes= 1871 eps=0.147 replay= 39936 loss=0.00018 ext100=0.000 total100=0.094
[eval] step=900000 episodes=1875 mean_ext_return=0.000
[train] 12:39:28<127:59:12, 0.051s/step step=  900000 episodes= 1875 eps=0.145 replay= 39936 loss=0.00008 ext100=0.000 total100=0.094
[train] 12:41:12<127:57:56, 0.051s/step step=  902000 episodes= 1879 eps=0.143 replay= 39936 loss=0.00005 ext100=0.000 total100=0.092
[train] 12:42:56<127:56:42, 0.051s/step step=  904000 episodes= 1883 eps=0.141 replay= 39936 loss=0.00005 ext100=0.000 total100=0.091
[train] 12:44:39<127:55:16, 0.051s/step step=  906000 episodes= 1887 eps=0.139 replay= 39936 loss=0.00019 ext100=0.000 total100=0.089
[train] 12:46:23<127:53:59, 0.051s/step step=  908000 episodes= 1892 eps=0.137 replay= 39936 loss=0.00007 ext100=0.000 total100=0.091
[train] 12:48:05<127:52:31, 0.051s/step step=  910000 episodes= 1896 eps=0.136 replay= 39936 loss=0.00007 ext100=0.000 total100=0.090
[train] 12:49:49<127:51:16, 0.051s/step step=  912000 episodes= 1900 eps=0.134 replay= 39936 loss=0.00005 ext100=0.000 total100=0.087
[train] 12:51:33<127:49:57, 0.051s/step step=  914000 episodes= 1904 eps=0.132 replay= 39936 loss=0.00022 ext100=0.000 total100=0.086
[train] 12:53:16<127:48:37, 0.051s/step step=  916000 episodes= 1908 eps=0.130 replay= 39936 loss=0.00007 ext100=0.000 total100=0.084
[train] 12:55:00<127:47:17, 0.051s/step step=  918000 episodes= 1912 eps=0.128 replay= 39936 loss=0.00006 ext100=0.000 total100=0.083
[eval] step=920000 episodes=1917 mean_ext_return=0.000
[train] 12:56:59<127:48:36, 0.051s/step step=  920000 episodes= 1917 eps=0.126 replay= 39936 loss=0.00005 ext100=0.000 total100=0.081
[train] 12:58:43<127:47:20, 0.051s/step step=  922000 episodes= 1921 eps=0.124 replay= 39936 loss=0.00019 ext100=0.000 total100=0.082
[train] 13:00:27<127:46:05, 0.051s/step step=  924000 episodes= 1925 eps=0.122 replay= 39936 loss=0.00006 ext100=0.000 total100=0.079
[train] 13:02:10<127:44:39, 0.051s/step step=  926000 episodes= 1929 eps=0.120 replay= 39936 loss=0.00006 ext100=0.000 total100=0.076
[train] 13:03:54<127:43:23, 0.051s/step step=  928000 episodes= 1933 eps=0.118 replay= 39936 loss=0.00005 ext100=0.000 total100=0.079
[train] 13:05:37<127:41:55, 0.051s/step step=  930000 episodes= 1937 eps=0.117 replay= 39936 loss=0.00011 ext100=0.000 total100=0.077
[train] 13:07:21<127:40:39, 0.051s/step step=  932000 episodes= 1942 eps=0.115 replay= 39936 loss=0.00004 ext100=0.000 total100=0.076
[train] 13:09:04<127:39:18, 0.051s/step step=  934000 episodes= 1946 eps=0.113 replay= 39936 loss=0.00005 ext100=0.000 total100=0.077
[train] 13:10:48<127:37:56, 0.051s/step step=  936000 episodes= 1950 eps=0.111 replay= 39936 loss=0.00003 ext100=0.000 total100=0.075
[train] 13:12:31<127:36:35, 0.051s/step step=  938000 episodes= 1954 eps=0.109 replay= 39936 loss=0.00012 ext100=0.000 total100=0.075
[eval] step=940000 episodes=1958 mean_ext_return=0.000
[train] 13:14:31<127:37:49, 0.051s/step step=  940000 episodes= 1958 eps=0.107 replay= 39936 loss=0.00006 ext100=0.000 total100=0.074
[train] 13:16:15<127:36:33, 0.051s/step step=  942000 episodes= 1962 eps=0.105 replay= 39936 loss=0.00004 ext100=0.000 total100=0.076
[train] 13:17:59<127:35:16, 0.051s/step step=  944000 episodes= 1967 eps=0.103 replay= 39936 loss=0.00006 ext100=0.000 total100=0.078
[train] 13:19:42<127:33:50, 0.051s/step step=  946000 episodes= 1971 eps=0.101 replay= 39936 loss=0.00010 ext100=0.000 total100=0.076
[train] 13:21:26<127:32:32, 0.051s/step step=  948000 episodes= 1975 eps=0.099 replay= 39936 loss=0.00005 ext100=0.000 total100=0.076
[train] 13:23:08<127:31:01, 0.051s/step step=  950000 episodes= 1979 eps=0.098 replay= 39936 loss=0.00004 ext100=0.000 total100=0.076
[train] 13:24:52<127:29:45, 0.051s/step step=  952000 episodes= 1983 eps=0.096 replay= 39936 loss=0.00004 ext100=0.000 total100=0.076
[train] 13:26:36<127:28:23, 0.051s/step step=  954000 episodes= 1987 eps=0.094 replay= 39936 loss=0.00011 ext100=0.000 total100=0.078
[train] 13:28:19<127:27:00, 0.051s/step step=  956000 episodes= 1992 eps=0.092 replay= 39936 loss=0.00006 ext100=0.000 total100=0.076
[train] 13:30:03<127:25:38, 0.051s/step step=  958000 episodes= 1996 eps=0.090 replay= 39936 loss=0.00003 ext100=0.000 total100=0.078
[eval] step=960000 episodes=2000 mean_ext_return=0.000
[train] 13:32:02<127:26:47, 0.051s/step step=  960000 episodes= 2000 eps=0.088 replay= 39936 loss=0.00004 ext100=0.000 total100=0.078
[train] 13:33:46<127:25:29, 0.051s/step step=  962000 episodes= 2004 eps=0.086 replay= 39936 loss=0.00006 ext100=0.000 total100=0.076
[train] 13:35:30<127:24:10, 0.051s/step step=  964000 episodes= 2008 eps=0.084 replay= 39936 loss=0.00005 ext100=0.000 total100=0.080
[train] 13:37:13<127:22:43, 0.051s/step step=  966000 episodes= 2012 eps=0.082 replay= 39936 loss=0.00004 ext100=0.000 total100=0.079
[train] 13:38:57<127:21:24, 0.051s/step step=  968000 episodes= 2017 eps=0.080 replay= 39936 loss=0.00006 ext100=0.000 total100=0.084
[train] 13:40:40<127:19:53, 0.051s/step step=  970000 episodes= 2021 eps=0.079 replay= 39936 loss=0.00008 ext100=0.000 total100=0.083
[train] 13:42:24<127:18:34, 0.051s/step step=  972000 episodes= 2025 eps=0.077 replay= 39936 loss=0.00006 ext100=0.000 total100=0.084
[train] 13:44:07<127:17:11, 0.051s/step step=  974000 episodes= 2029 eps=0.075 replay= 39936 loss=0.00004 ext100=0.000 total100=0.088
[train] 13:45:51<127:15:47, 0.051s/step step=  976000 episodes= 2033 eps=0.073 replay= 39936 loss=0.00004 ext100=0.000 total100=0.084
[train] 13:47:34<127:14:24, 0.051s/step step=  978000 episodes= 2037 eps=0.071 replay= 39936 loss=0.00009 ext100=0.000 total100=0.085
[eval] step=980000 episodes=2042 mean_ext_return=0.000
[train] 13:49:34<127:15:29, 0.051s/step step=  980000 episodes= 2042 eps=0.069 replay= 39936 loss=0.00003 ext100=0.000 total100=0.084
[train] 13:51:18<127:14:09, 0.051s/step step=  982000 episodes= 2046 eps=0.067 replay= 39936 loss=0.00004 ext100=0.000 total100=0.081
[train] 13:53:02<127:12:50, 0.051s/step step=  984000 episodes= 2050 eps=0.065 replay= 39936 loss=0.00004 ext100=0.000 total100=0.082
[train] 13:54:45<127:11:22, 0.051s/step step=  986000 episodes= 2054 eps=0.063 replay= 39936 loss=0.00005 ext100=0.000 total100=0.081
[train] 13:56:29<127:10:02, 0.051s/step step=  988000 episodes= 2058 eps=0.061 replay= 39936 loss=0.00004 ext100=0.000 total100=0.079
[train] 13:58:12<127:08:30, 0.051s/step step=  990000 episodes= 2062 eps=0.059 replay= 39936 loss=0.00005 ext100=0.000 total100=0.077
[train] 13:59:56<127:07:10, 0.051s/step step=  992000 episodes= 2067 eps=0.058 replay= 39936 loss=0.00004 ext100=0.000 total100=0.074
[train] 14:01:39<127:05:45, 0.051s/step step=  994000 episodes= 2071 eps=0.056 replay= 39936 loss=0.00010 ext100=0.000 total100=0.072
[train] 14:03:23<127:04:22, 0.051s/step step=  996000 episodes= 2075 eps=0.054 replay= 39936 loss=0.00003 ext100=0.000 total100=0.072
[train] 14:05:06<127:02:57, 0.051s/step step=  998000 episodes= 2079 eps=0.052 replay= 39936 loss=0.00003 ext100=0.000 total100=0.075
[eval] step=1000000 episodes=2083 mean_ext_return=0.000
[train] 14:07:06<127:03:58, 0.051s/step step= 1000000 episodes= 2083 eps=0.050 replay= 39936 loss=0.00003 ext100=0.000 total100=0.074
[train] 14:08:50<127:02:39, 0.051s/step step= 1002000 episodes= 2087 eps=0.050 replay= 39936 loss=0.00008 ext100=0.000 total100=0.071
[train] 14:10:34<127:01:19, 0.051s/step step= 1004000 episodes= 2092 eps=0.050 replay= 39936 loss=0.00004 ext100=0.000 total100=0.072
[train] 14:12:17<126:59:49, 0.051s/step step= 1006000 episodes= 2096 eps=0.050 replay= 39936 loss=0.00005 ext100=0.000 total100=0.072
[train] 14:14:01<126:58:30, 0.051s/step step= 1008000 episodes= 2100 eps=0.050 replay= 39936 loss=0.00004 ext100=0.000 total100=0.071
[train] 14:15:44<126:56:56, 0.051s/step step= 1010000 episodes= 2104 eps=0.050 replay= 39936 loss=0.00008 ext100=0.000 total100=0.073
[train] 14:17:28<126:55:36, 0.051s/step step= 1012000 episodes= 2108 eps=0.050 replay= 39936 loss=0.00003 ext100=0.000 total100=0.072
[train] 14:19:12<126:54:11, 0.051s/step step= 1014000 episodes= 2112 eps=0.050 replay= 39936 loss=0.00002 ext100=0.000 total100=0.078
[train] 14:20:55<126:52:45, 0.051s/step step= 1016000 episodes= 2117 eps=0.050 replay= 39936 loss=0.00003 ext100=0.000 total100=0.077
[train] 14:22:39<126:51:20, 0.051s/step step= 1018000 episodes= 2121 eps=0.050 replay= 39936 loss=0.00006 ext100=0.000 total100=0.077
[eval] step=1020000 episodes=2125 mean_ext_return=0.000
[train] 14:24:38<126:52:17, 0.051s/step step= 1020000 episodes= 2125 eps=0.050 replay= 39936 loss=0.00002 ext100=0.000 total100=0.077
[train] 14:26:22<126:50:55, 0.051s/step step= 1022000 episodes= 2129 eps=0.050 replay= 39936 loss=0.00003 ext100=0.000 total100=0.074
[train] 14:28:06<126:49:33, 0.051s/step step= 1024000 episodes= 2133 eps=0.050 replay= 39936 loss=0.00004 ext100=0.000 total100=0.074
[train] 14:29:49<126:48:03, 0.051s/step step= 1026000 episodes= 2137 eps=0.050 replay= 39936 loss=0.00008 ext100=0.000 total100=0.076
[train] 14:31:33<126:46:42, 0.051s/step step= 1028000 episodes= 2142 eps=0.050 replay= 39936 loss=0.00004 ext100=0.000 total100=0.077
[train] 14:33:16<126:45:08, 0.051s/step step= 1030000 episodes= 2146 eps=0.050 replay= 39936 loss=0.00003 ext100=0.000 total100=0.079
[train] 14:35:00<126:43:46, 0.051s/step step= 1032000 episodes= 2150 eps=0.050 replay= 39936 loss=0.00003 ext100=0.000 total100=0.080
[train] 14:36:44<126:42:19, 0.051s/step step= 1034000 episodes= 2154 eps=0.050 replay= 39936 loss=0.00010 ext100=0.000 total100=0.081
[train] 14:38:27<126:40:53, 0.051s/step step= 1036000 episodes= 2158 eps=0.050 replay= 39936 loss=0.00004 ext100=0.000 total100=0.082
[train] 14:40:11<126:39:26, 0.051s/step step= 1038000 episodes= 2162 eps=0.050 replay= 39936 loss=0.00003 ext100=0.000 total100=0.083
[eval] step=1040000 episodes=2167 mean_ext_return=0.000
[train] 14:42:10<126:40:18, 0.051s/step step= 1040000 episodes= 2167 eps=0.050 replay= 39936 loss=0.00003 ext100=0.000 total100=0.086
[train] 14:43:54<126:38:53, 0.051s/step step= 1042000 episodes= 2171 eps=0.050 replay= 39936 loss=0.00008 ext100=0.000 total100=0.091
[train] 14:45:38<126:37:31, 0.051s/step step= 1044000 episodes= 2175 eps=0.050 replay= 39936 loss=0.00003 ext100=0.000 total100=0.089
[train] 14:47:21<126:36:00, 0.051s/step step= 1046000 episodes= 2179 eps=0.050 replay= 39936 loss=0.00003 ext100=0.000 total100=0.089
[train] 14:49:05<126:34:37, 0.051s/step step= 1048000 episodes= 2183 eps=0.050 replay= 39936 loss=0.00003 ext100=0.000 total100=0.088
[train] 14:50:48<126:33:03, 0.051s/step step= 1050000 episodes= 2187 eps=0.050 replay= 39936 loss=0.00010 ext100=0.000 total100=0.089
[train] 14:52:32<126:31:40, 0.051s/step step= 1052000 episodes= 2192 eps=0.050 replay= 39936 loss=0.00004 ext100=0.000 total100=0.091
[train] 14:54:15<126:30:12, 0.051s/step step= 1054000 episodes= 2196 eps=0.050 replay= 39936 loss=0.00003 ext100=0.000 total100=0.091
[train] 14:55:59<126:28:45, 0.051s/step step= 1056000 episodes= 2200 eps=0.050 replay= 39936 loss=0.00003 ext100=0.000 total100=0.092
[train] 14:57:42<126:27:18, 0.051s/step step= 1058000 episodes= 2204 eps=0.050 replay= 39936 loss=0.00008 ext100=0.000 total100=0.091
[eval] step=1060000 episodes=2208 mean_ext_return=0.000
[train] 14:59:42<126:28:08, 0.051s/step step= 1060000 episodes= 2208 eps=0.050 replay= 39936 loss=0.00003 ext100=0.000 total100=0.091
[train] 15:01:26<126:26:43, 0.051s/step step= 1062000 episodes= 2212 eps=0.050 replay= 39936 loss=0.00004 ext100=0.000 total100=0.084
[train] 15:03:10<126:25:20, 0.051s/step step= 1064000 episodes= 2217 eps=0.050 replay= 39936 loss=0.00005 ext100=0.000 total100=0.083
[train] 15:04:53<126:23:48, 0.051s/step step= 1066000 episodes= 2221 eps=0.050 replay= 39936 loss=0.00009 ext100=0.000 total100=0.083
[train] 15:06:37<126:22:24, 0.051s/step step= 1068000 episodes= 2225 eps=0.050 replay= 39936 loss=0.00003 ext100=0.000 total100=0.083
[train] 15:08:20<126:20:49, 0.051s/step step= 1070000 episodes= 2229 eps=0.050 replay= 39936 loss=0.00001 ext100=0.000 total100=0.082
[train] 15:10:04<126:19:25, 0.051s/step step= 1072000 episodes= 2233 eps=0.050 replay= 39936 loss=0.00003 ext100=0.000 total100=0.083
[train] 15:11:48<126:17:57, 0.051s/step step= 1074000 episodes= 2237 eps=0.050 replay= 39936 loss=0.00005 ext100=0.000 total100=0.081
[train] 15:13:31<126:16:30, 0.051s/step step= 1076000 episodes= 2242 eps=0.050 replay= 39936 loss=0.00003 ext100=0.000 total100=0.083
[train] 15:15:15<126:15:03, 0.051s/step step= 1078000 episodes= 2246 eps=0.050 replay= 39936 loss=0.00003 ext100=0.000 total100=0.081
[eval] step=1080000 episodes=2250 mean_ext_return=0.000
[train] 15:17:14<126:15:47, 0.051s/step step= 1080000 episodes= 2250 eps=0.050 replay= 39936 loss=0.00002 ext100=0.000 total100=0.080
[train] 15:18:59<126:14:23, 0.051s/step step= 1082000 episodes= 2254 eps=0.050 replay= 39936 loss=0.00003 ext100=0.000 total100=0.082
[train] 15:20:43<126:12:59, 0.051s/step step= 1084000 episodes= 2258 eps=0.050 replay= 39936 loss=0.00002 ext100=0.000 total100=0.083
[train] 15:22:26<126:11:26, 0.051s/step step= 1086000 episodes= 2262 eps=0.050 replay= 39936 loss=0.00002 ext100=0.000 total100=0.081
[train] 15:24:09<126:10:00, 0.051s/step step= 1088000 episodes= 2267 eps=0.050 replay= 39936 loss=0.00002 ext100=0.000 total100=0.079
[train] 15:25:52<126:08:25, 0.051s/step step= 1090000 episodes= 2271 eps=0.050 replay= 39936 loss=0.00006 ext100=0.000 total100=0.075
[train] 15:27:36<126:06:59, 0.051s/step step= 1092000 episodes= 2275 eps=0.050 replay= 39936 loss=0.00003 ext100=0.000 total100=0.076
[train] 15:29:20<126:05:31, 0.051s/step step= 1094000 episodes= 2279 eps=0.050 replay= 39936 loss=0.00002 ext100=0.000 total100=0.073
[train] 15:31:03<126:04:02, 0.051s/step step= 1096000 episodes= 2283 eps=0.050 replay= 39936 loss=0.00002 ext100=0.000 total100=0.072
[train] 15:32:47<126:02:33, 0.051s/step step= 1098000 episodes= 2287 eps=0.050 replay= 39936 loss=0.00003 ext100=0.000 total100=0.074
[eval] step=1100000 episodes=2292 mean_ext_return=0.000
[train] 15:34:46<126:03:13, 0.051s/step step= 1100000 episodes= 2292 eps=0.050 replay= 39936 loss=0.00002 ext100=0.000 total100=0.070
[train] 15:36:30<126:01:48, 0.051s/step step= 1102000 episodes= 2296 eps=0.050 replay= 39936 loss=0.00002 ext100=0.000 total100=0.068
[train] 15:38:14<126:00:21, 0.051s/step step= 1104000 episodes= 2300 eps=0.050 replay= 39936 loss=0.00002 ext100=0.000 total100=0.066
[train] 15:39:57<125:58:47, 0.051s/step step= 1106000 episodes= 2304 eps=0.050 replay= 39936 loss=0.00005 ext100=0.000 total100=0.066
[train] 15:41:41<125:57:22, 0.051s/step step= 1108000 episodes= 2308 eps=0.050 replay= 39936 loss=0.00002 ext100=0.000 total100=0.065
[train] 15:43:24<125:55:45, 0.051s/step step= 1110000 episodes= 2312 eps=0.050 replay= 39936 loss=0.00002 ext100=0.000 total100=0.064
[train] 15:45:08<125:54:19, 0.051s/step step= 1112000 episodes= 2317 eps=0.050 replay= 39936 loss=0.00003 ext100=0.000 total100=0.060
[train] 15:46:51<125:52:49, 0.051s/step step= 1114000 episodes= 2321 eps=0.050 replay= 39936 loss=0.00004 ext100=0.000 total100=0.058
[train] 15:48:35<125:51:20, 0.051s/step step= 1116000 episodes= 2325 eps=0.050 replay= 39936 loss=0.00002 ext100=0.000 total100=0.058
[train] 15:50:19<125:49:50, 0.051s/step step= 1118000 episodes= 2329 eps=0.050 replay= 39936 loss=0.00002 ext100=0.000 total100=0.058
[eval] step=1120000 episodes=2333 mean_ext_return=0.000
[train] 15:52:18<125:50:28, 0.051s/step step= 1120000 episodes= 2333 eps=0.050 replay= 39936 loss=0.00002 ext100=0.000 total100=0.058
[train] 15:54:02<125:49:02, 0.051s/step step= 1122000 episodes= 2337 eps=0.050 replay= 39936 loss=0.00004 ext100=0.000 total100=0.058
[train] 15:55:46<125:47:36, 0.051s/step step= 1124000 episodes= 2342 eps=0.050 replay= 39936 loss=0.00002 ext100=0.000 total100=0.057
[train] 15:57:29<125:46:02, 0.051s/step step= 1126000 episodes= 2346 eps=0.050 replay= 39936 loss=0.00002 ext100=0.000 total100=0.058
[train] 15:59:13<125:44:35, 0.051s/step step= 1128000 episodes= 2350 eps=0.050 replay= 39936 loss=0.00001 ext100=0.000 total100=0.058
[train] 16:00:56<125:42:58, 0.051s/step step= 1130000 episodes= 2354 eps=0.050 replay= 39936 loss=0.00003 ext100=0.000 total100=0.056
[train] 16:02:40<125:41:31, 0.051s/step step= 1132000 episodes= 2358 eps=0.050 replay= 39936 loss=0.00002 ext100=0.000 total100=0.056
[train] 16:04:24<125:40:01, 0.051s/step step= 1134000 episodes= 2362 eps=0.050 replay= 39936 loss=0.00002 ext100=0.000 total100=0.056
[train] 16:06:07<125:38:31, 0.051s/step step= 1136000 episodes= 2367 eps=0.050 replay= 39936 loss=0.00002 ext100=0.000 total100=0.057
[train] 16:07:51<125:37:01, 0.051s/step step= 1138000 episodes= 2371 eps=0.050 replay= 39936 loss=0.00004 ext100=0.000 total100=0.057
[eval] step=1140000 episodes=2375 mean_ext_return=0.000
[train] 16:09:50<125:37:35, 0.051s/step step= 1140000 episodes= 2375 eps=0.050 replay= 39936 loss=0.00002 ext100=0.000 total100=0.056
[train] 16:11:34<125:36:07, 0.051s/step step= 1142000 episodes= 2379 eps=0.050 replay= 39936 loss=0.00002 ext100=0.000 total100=0.057
[train] 16:13:18<125:34:41, 0.051s/step step= 1144000 episodes= 2383 eps=0.050 replay= 39936 loss=0.00003 ext100=0.000 total100=0.058
[train] 16:15:02<125:33:06, 0.051s/step step= 1146000 episodes= 2387 eps=0.050 replay= 39936 loss=0.00005 ext100=0.000 total100=0.057
[train] 16:16:45<125:31:38, 0.051s/step step= 1148000 episodes= 2392 eps=0.050 replay= 39936 loss=0.00002 ext100=0.000 total100=0.057
[train] 16:18:28<125:30:00, 0.051s/step step= 1150000 episodes= 2396 eps=0.050 replay= 39936 loss=0.00002 ext100=0.000 total100=0.057
[train] 16:20:12<125:28:33, 0.051s/step step= 1152000 episodes= 2400 eps=0.050 replay= 39936 loss=0.00002 ext100=0.000 total100=0.058
[train] 16:21:56<125:27:02, 0.051s/step step= 1154000 episodes= 2404 eps=0.050 replay= 39936 loss=0.00006 ext100=0.000 total100=0.059
[train] 16:23:39<125:25:31, 0.051s/step step= 1156000 episodes= 2408 eps=0.050 replay= 39936 loss=0.00002 ext100=0.000 total100=0.059
[train] 16:25:23<125:24:00, 0.051s/step step= 1158000 episodes= 2412 eps=0.050 replay= 39936 loss=0.00002 ext100=0.000 total100=0.061
[eval] step=1160000 episodes=2417 mean_ext_return=0.000
[train] 16:27:22<125:24:31, 0.051s/step step= 1160000 episodes= 2417 eps=0.050 replay= 39936 loss=0.00003 ext100=0.000 total100=0.064
[train] 16:29:06<125:23:02, 0.051s/step step= 1162000 episodes= 2421 eps=0.050 replay= 39936 loss=0.00004 ext100=0.000 total100=0.065
[train] 16:30:50<125:21:35, 0.051s/step step= 1164000 episodes= 2425 eps=0.050 replay= 39936 loss=0.00002 ext100=0.000 total100=0.065
[train] 16:32:33<125:19:59, 0.051s/step step= 1166000 episodes= 2429 eps=0.050 replay= 39936 loss=0.00001 ext100=0.000 total100=0.064
[train] 16:34:17<125:18:31, 0.051s/step step= 1168000 episodes= 2433 eps=0.050 replay= 39936 loss=0.00001 ext100=0.000 total100=0.063
[train] 16:36:00<125:16:52, 0.051s/step step= 1170000 episodes= 2437 eps=0.050 replay= 39936 loss=0.00003 ext100=0.000 total100=0.062
[train] 16:37:44<125:15:23, 0.051s/step step= 1172000 episodes= 2442 eps=0.050 replay= 39936 loss=0.00002 ext100=0.000 total100=0.062
[train] 16:39:28<125:13:52, 0.051s/step step= 1174000 episodes= 2446 eps=0.050 replay= 39936 loss=0.00001 ext100=0.000 total100=0.060
[train] 16:41:11<125:12:21, 0.051s/step step= 1176000 episodes= 2450 eps=0.050 replay= 39936 loss=0.00001 ext100=0.000 total100=0.060
[train] 16:42:55<125:10:49, 0.051s/step step= 1178000 episodes= 2454 eps=0.050 replay= 39936 loss=0.00004 ext100=0.000 total100=0.059
[eval] step=1180000 episodes=2458 mean_ext_return=0.000
[train] 16:44:54<125:11:18, 0.051s/step step= 1180000 episodes= 2458 eps=0.050 replay= 39936 loss=0.00002 ext100=0.000 total100=0.059
[train] 16:46:38<125:09:49, 0.051s/step step= 1182000 episodes= 2462 eps=0.050 replay= 39936 loss=0.00002 ext100=0.000 total100=0.058
[train] 16:48:22<125:08:20, 0.051s/step step= 1184000 episodes= 2467 eps=0.050 replay= 39936 loss=0.00002 ext100=0.000 total100=0.058
[train] 16:50:05<125:06:44, 0.051s/step step= 1186000 episodes= 2471 eps=0.050 replay= 39936 loss=0.00003 ext100=0.000 total100=0.057
[train] 16:51:49<125:05:14, 0.051s/step step= 1188000 episodes= 2475 eps=0.050 replay= 39936 loss=0.00002 ext100=0.000 total100=0.059
[train] 16:53:32<125:03:36, 0.051s/step step= 1190000 episodes= 2479 eps=0.050 replay= 39936 loss=0.00002 ext100=0.000 total100=0.057
[train] 16:55:16<125:02:06, 0.051s/step step= 1192000 episodes= 2483 eps=0.050 replay= 39936 loss=0.00002 ext100=0.000 total100=0.058
[train] 16:56:59<125:00:33, 0.051s/step step= 1194000 episodes= 2487 eps=0.050 replay= 39936 loss=0.00003 ext100=0.000 total100=0.062
[train] 16:58:43<124:59:01, 0.051s/step step= 1196000 episodes= 2492 eps=0.050 replay= 39936 loss=0.00002 ext100=0.000 total100=0.064
[train] 17:00:26<124:57:28, 0.051s/step step= 1198000 episodes= 2496 eps=0.050 replay= 39936 loss=0.00002 ext100=0.000 total100=0.065
[eval] step=1200000 episodes=2500 mean_ext_return=0.000
[train] 17:02:26<124:57:53, 0.051s/step step= 1200000 episodes= 2500 eps=0.050 replay= 39936 loss=0.00001 ext100=0.000 total100=0.067
[train] 17:04:10<124:56:24, 0.051s/step step= 1202000 episodes= 2504 eps=0.050 replay= 39936 loss=0.00003 ext100=0.000 total100=0.069
[train] 17:05:54<124:54:55, 0.051s/step step= 1204000 episodes= 2508 eps=0.050 replay= 39936 loss=0.00002 ext100=0.000 total100=0.071
[train] 17:07:37<124:53:19, 0.051s/step step= 1206000 episodes= 2512 eps=0.050 replay= 39936 loss=0.00003 ext100=0.000 total100=0.072
[train] 17:09:21<124:51:50, 0.051s/step step= 1208000 episodes= 2517 eps=0.050 replay= 39936 loss=0.00002 ext100=0.000 total100=0.072
[train] 17:11:04<124:50:10, 0.051s/step step= 1210000 episodes= 2521 eps=0.050 replay= 39936 loss=0.00005 ext100=0.000 total100=0.074
[train] 17:12:48<124:48:39, 0.051s/step step= 1212000 episodes= 2525 eps=0.050 replay= 39936 loss=0.00002 ext100=0.000 total100=0.075
[train] 17:14:31<124:47:07, 0.051s/step step= 1214000 episodes= 2529 eps=0.050 replay= 39936 loss=0.00002 ext100=0.000 total100=0.076
[train] 17:16:15<124:45:34, 0.051s/step step= 1216000 episodes= 2533 eps=0.050 replay= 39936 loss=0.00002 ext100=0.000 total100=0.077
[train] 17:17:58<124:44:00, 0.051s/step step= 1218000 episodes= 2537 eps=0.050 replay= 39936 loss=0.00003 ext100=0.000 total100=0.078
[eval] step=1220000 episodes=2542 mean_ext_return=0.000
[train] 17:19:58<124:44:23, 0.051s/step step= 1220000 episodes= 2542 eps=0.050 replay= 39936 loss=0.00002 ext100=0.000 total100=0.079
[train] 17:21:42<124:42:53, 0.051s/step step= 1222000 episodes= 2546 eps=0.050 replay= 39936 loss=0.00003 ext100=0.000 total100=0.081
[train] 17:23:26<124:41:23, 0.051s/step step= 1224000 episodes= 2550 eps=0.050 replay= 39936 loss=0.00001 ext100=0.000 total100=0.083
[train] 17:25:09<124:39:46, 0.051s/step step= 1226000 episodes= 2554 eps=0.050 replay= 39936 loss=0.00005 ext100=0.000 total100=0.084
[train] 17:26:53<124:38:17, 0.051s/step step= 1228000 episodes= 2558 eps=0.050 replay= 39936 loss=0.00002 ext100=0.000 total100=0.083
[train] 17:28:36<124:36:37, 0.051s/step step= 1230000 episodes= 2562 eps=0.050 replay= 39936 loss=0.00003 ext100=0.000 total100=0.085
[train] 17:30:20<124:35:06, 0.051s/step step= 1232000 episodes= 2567 eps=0.050 replay= 39936 loss=0.00002 ext100=0.000 total100=0.085
[train] 17:32:03<124:33:32, 0.051s/step step= 1234000 episodes= 2571 eps=0.050 replay= 39936 loss=0.00005 ext100=0.000 total100=0.085
[train] 17:33:47<124:31:58, 0.051s/step step= 1236000 episodes= 2575 eps=0.050 replay= 39936 loss=0.00002 ext100=0.000 total100=0.087
[train] 17:35:30<124:30:25, 0.051s/step step= 1238000 episodes= 2579 eps=0.050 replay= 39936 loss=0.00004 ext100=0.000 total100=0.089
[eval] step=1240000 episodes=2583 mean_ext_return=0.000
[train] 17:37:30<124:30:44, 0.051s/step step= 1240000 episodes= 2583 eps=0.050 replay= 39936 loss=0.00002 ext100=0.000 total100=0.089
[train] 17:39:14<124:29:14, 0.051s/step step= 1242000 episodes= 2587 eps=0.050 replay= 39936 loss=0.00004 ext100=0.000 total100=0.085
[train] 17:40:58<124:27:43, 0.051s/step step= 1244000 episodes= 2592 eps=0.050 replay= 39936 loss=0.00002 ext100=0.000 total100=0.082
[train] 17:42:41<124:26:06, 0.051s/step step= 1246000 episodes= 2596 eps=0.050 replay= 39936 loss=0.00003 ext100=0.000 total100=0.082
[train] 17:44:25<124:24:35, 0.051s/step step= 1248000 episodes= 2600 eps=0.050 replay= 39936 loss=0.00003 ext100=0.000 total100=0.080
[train] 17:46:07<124:22:55, 0.051s/step step= 1250000 episodes= 2604 eps=0.050 replay= 39936 loss=0.00008 ext100=0.000 total100=0.078
[train] 17:47:51<124:21:24, 0.051s/step step= 1252000 episodes= 2608 eps=0.050 replay= 39936 loss=0.00002 ext100=0.000 total100=0.078
[train] 17:49:35<124:19:51, 0.051s/step step= 1254000 episodes= 2612 eps=0.050 replay= 39936 loss=0.00002 ext100=0.000 total100=0.076
[train] 17:51:18<124:18:16, 0.051s/step step= 1256000 episodes= 2617 eps=0.050 replay= 39936 loss=0.00002 ext100=0.000 total100=0.077
[train] 17:53:02<124:16:42, 0.051s/step step= 1258000 episodes= 2621 eps=0.050 replay= 39936 loss=0.00003 ext100=0.000 total100=0.076
[eval] step=1260000 episodes=2625 mean_ext_return=0.000
[train] 17:55:02<124:16:59, 0.051s/step step= 1260000 episodes= 2625 eps=0.050 replay= 39936 loss=0.00003 ext100=0.000 total100=0.075
[train] 17:56:46<124:15:29, 0.051s/step step= 1262000 episodes= 2629 eps=0.050 replay= 39936 loss=0.00002 ext100=0.000 total100=0.075
[train] 17:58:30<124:13:58, 0.051s/step step= 1264000 episodes= 2633 eps=0.050 replay= 39936 loss=0.00003 ext100=0.000 total100=0.076
[train] 18:00:13<124:12:20, 0.051s/step step= 1266000 episodes= 2637 eps=0.050 replay= 39936 loss=0.00007 ext100=0.000 total100=0.077
[train] 18:01:57<124:10:49, 0.051s/step step= 1268000 episodes= 2642 eps=0.050 replay= 39936 loss=0.00003 ext100=0.000 total100=0.075
[train] 18:03:40<124:09:08, 0.051s/step step= 1270000 episodes= 2646 eps=0.050 replay= 39936 loss=0.00001 ext100=0.000 total100=0.074
[train] 18:05:23<124:07:36, 0.051s/step step= 1272000 episodes= 2650 eps=0.050 replay= 39936 loss=0.00003 ext100=0.000 total100=0.073
[train] 18:07:07<124:06:03, 0.051s/step step= 1274000 episodes= 2654 eps=0.050 replay= 39936 loss=0.00007 ext100=0.000 total100=0.073
[train] 18:08:51<124:04:29, 0.051s/step step= 1276000 episodes= 2658 eps=0.050 replay= 39936 loss=0.00002 ext100=0.000 total100=0.071
[train] 18:10:34<124:02:54, 0.051s/step step= 1278000 episodes= 2662 eps=0.050 replay= 39936 loss=0.00002 ext100=0.000 total100=0.073
[eval] step=1280000 episodes=2667 mean_ext_return=0.000
[train] 18:12:34<124:03:10, 0.051s/step step= 1280000 episodes= 2667 eps=0.050 replay= 39936 loss=0.00003 ext100=0.000 total100=0.073
[train] 18:14:18<124:01:39, 0.051s/step step= 1282000 episodes= 2671 eps=0.050 replay= 39936 loss=0.00006 ext100=0.000 total100=0.073
[train] 18:16:02<124:00:07, 0.051s/step step= 1284000 episodes= 2675 eps=0.050 replay= 39936 loss=0.00004 ext100=0.000 total100=0.070
[train] 18:17:45<123:58:29, 0.051s/step step= 1286000 episodes= 2679 eps=0.050 replay= 39936 loss=0.00003 ext100=0.000 total100=0.067
[train] 18:19:29<123:56:57, 0.051s/step step= 1288000 episodes= 2683 eps=0.050 replay= 39936 loss=0.00003 ext100=0.000 total100=0.068
[train] 18:21:12<123:55:15, 0.051s/step step= 1290000 episodes= 2687 eps=0.050 replay= 39936 loss=0.00007 ext100=0.000 total100=0.066
[train] 18:22:56<123:53:42, 0.051s/step step= 1292000 episodes= 2692 eps=0.050 replay= 39936 loss=0.00001 ext100=0.000 total100=0.066
[train] 18:24:39<123:52:09, 0.051s/step step= 1294000 episodes= 2696 eps=0.050 replay= 39936 loss=0.00002 ext100=0.000 total100=0.067
[train] 18:26:23<123:50:34, 0.051s/step step= 1296000 episodes= 2700 eps=0.050 replay= 39936 loss=0.00002 ext100=0.000 total100=0.066
[train] 18:28:07<123:48:59, 0.051s/step step= 1298000 episodes= 2704 eps=0.050 replay= 39936 loss=0.00006 ext100=0.000 total100=0.067
[eval] step=1300000 episodes=2708 mean_ext_return=0.000
[train] 18:30:06<123:49:12, 0.051s/step step= 1300000 episodes= 2708 eps=0.050 replay= 39936 loss=0.00002 ext100=0.000 total100=0.065
[train] 18:31:50<123:47:40, 0.051s/step step= 1302000 episodes= 2712 eps=0.050 replay= 39936 loss=0.00001 ext100=0.000 total100=0.065
[train] 18:33:34<123:46:09, 0.051s/step step= 1304000 episodes= 2717 eps=0.050 replay= 39936 loss=0.00002 ext100=0.000 total100=0.063
[train] 18:35:18<123:44:31, 0.051s/step step= 1306000 episodes= 2721 eps=0.050 replay= 39936 loss=0.00005 ext100=0.000 total100=0.064
[train] 18:37:01<123:42:58, 0.051s/step step= 1308000 episodes= 2725 eps=0.050 replay= 39936 loss=0.00002 ext100=0.000 total100=0.064
[train] 18:38:44<123:41:16, 0.051s/step step= 1310000 episodes= 2729 eps=0.050 replay= 39936 loss=0.00002 ext100=0.000 total100=0.062
[train] 18:40:28<123:39:42, 0.051s/step step= 1312000 episodes= 2733 eps=0.050 replay= 39936 loss=0.00002 ext100=0.000 total100=0.062
[train] 18:42:12<123:38:08, 0.051s/step step= 1314000 episodes= 2737 eps=0.050 replay= 39936 loss=0.00003 ext100=0.000 total100=0.062
[train] 18:43:55<123:36:33, 0.051s/step step= 1316000 episodes= 2742 eps=0.050 replay= 39936 loss=0.00002 ext100=0.000 total100=0.062
[train] 18:45:39<123:34:58, 0.051s/step step= 1318000 episodes= 2746 eps=0.050 replay= 39936 loss=0.00002 ext100=0.000 total100=0.062
[eval] step=1320000 episodes=2750 mean_ext_return=0.000
[train] 18:47:38<123:35:09, 0.051s/step step= 1320000 episodes= 2750 eps=0.050 replay= 39936 loss=0.00003 ext100=0.000 total100=0.061
[train] 18:49:22<123:33:36, 0.051s/step step= 1322000 episodes= 2754 eps=0.050 replay= 39936 loss=0.00004 ext100=0.000 total100=0.061
[train] 18:51:06<123:32:02, 0.051s/step step= 1324000 episodes= 2758 eps=0.050 replay= 39936 loss=0.00002 ext100=0.000 total100=0.062
[train] 18:52:49<123:30:24, 0.051s/step step= 1326000 episodes= 2762 eps=0.050 replay= 39936 loss=0.00001 ext100=0.000 total100=0.062
[train] 18:54:33<123:28:51, 0.051s/step step= 1328000 episodes= 2767 eps=0.050 replay= 39936 loss=0.00001 ext100=0.000 total100=0.060
[train] 18:56:16<123:27:09, 0.051s/step step= 1330000 episodes= 2771 eps=0.050 replay= 39936 loss=0.00004 ext100=0.000 total100=0.061
[train] 18:58:00<123:25:35, 0.051s/step step= 1332000 episodes= 2775 eps=0.050 replay= 39936 loss=0.00002 ext100=0.000 total100=0.065
[train] 18:59:44<123:24:02, 0.051s/step step= 1334000 episodes= 2779 eps=0.050 replay= 39936 loss=0.00002 ext100=0.000 total100=0.065
[train] 19:01:27<123:22:26, 0.051s/step step= 1336000 episodes= 2783 eps=0.050 replay= 39936 loss=0.00002 ext100=0.000 total100=0.063
[train] 19:03:11<123:20:50, 0.051s/step step= 1338000 episodes= 2787 eps=0.050 replay= 39936 loss=0.00006 ext100=0.000 total100=0.066
[eval] step=1340000 episodes=2792 mean_ext_return=0.000
[train] 19:05:11<123:20:58, 0.051s/step step= 1340000 episodes= 2792 eps=0.050 replay= 39936 loss=0.00002 ext100=0.000 total100=0.067
[train] 19:06:54<123:19:23, 0.051s/step step= 1342000 episodes= 2796 eps=0.050 replay= 39936 loss=0.00001 ext100=0.000 total100=0.066
[train] 19:08:39<123:17:51, 0.051s/step step= 1344000 episodes= 2800 eps=0.050 replay= 39936 loss=0.00001 ext100=0.000 total100=0.065
[train] 19:10:22<123:16:12, 0.051s/step step= 1346000 episodes= 2804 eps=0.050 replay= 39936 loss=0.00005 ext100=0.000 total100=0.064
[train] 19:12:06<123:14:39, 0.051s/step step= 1348000 episodes= 2808 eps=0.050 replay= 39936 loss=0.00002 ext100=0.000 total100=0.064
[train] 19:13:48<123:12:56, 0.051s/step step= 1350000 episodes= 2812 eps=0.050 replay= 39936 loss=0.00001 ext100=0.000 total100=0.063
[train] 19:15:32<123:11:22, 0.051s/step step= 1352000 episodes= 2817 eps=0.050 replay= 39936 loss=0.00001 ext100=0.000 total100=0.066
[train] 19:17:16<123:09:47, 0.051s/step step= 1354000 episodes= 2821 eps=0.050 replay= 39936 loss=0.00003 ext100=0.000 total100=0.065
[train] 19:18:59<123:08:10, 0.051s/step step= 1356000 episodes= 2825 eps=0.050 replay= 39936 loss=0.00002 ext100=0.000 total100=0.064
[train] 19:20:43<123:06:34, 0.051s/step step= 1358000 episodes= 2829 eps=0.050 replay= 39936 loss=0.00002 ext100=0.000 total100=0.063
[eval] step=1360000 episodes=2833 mean_ext_return=0.000
[train] 19:22:43<123:06:40, 0.051s/step step= 1360000 episodes= 2833 eps=0.050 replay= 39936 loss=0.00002 ext100=0.000 total100=0.063
[train] 19:24:27<123:05:06, 0.051s/step step= 1362000 episodes= 2837 eps=0.050 replay= 39936 loss=0.00003 ext100=0.000 total100=0.063
[train] 19:26:11<123:03:33, 0.051s/step step= 1364000 episodes= 2842 eps=0.050 replay= 39936 loss=0.00001 ext100=0.000 total100=0.061
[train] 19:27:54<123:01:54, 0.051s/step step= 1366000 episodes= 2846 eps=0.050 replay= 39936 loss=0.00001 ext100=0.000 total100=0.061
[train] 19:29:38<123:00:21, 0.051s/step step= 1368000 episodes= 2850 eps=0.050 replay= 39936 loss=0.00002 ext100=0.000 total100=0.064
[train] 19:31:21<122:58:39, 0.051s/step step= 1370000 episodes= 2854 eps=0.050 replay= 39936 loss=0.00003 ext100=0.000 total100=0.064
[train] 19:33:04<122:57:03, 0.051s/step step= 1372000 episodes= 2858 eps=0.050 replay= 39936 loss=0.00001 ext100=0.000 total100=0.066
[train] 19:34:48<122:55:27, 0.051s/step step= 1374000 episodes= 2862 eps=0.050 replay= 39936 loss=0.00001 ext100=0.000 total100=0.065
[train] 19:36:31<122:53:50, 0.051s/step step= 1376000 episodes= 2867 eps=0.050 replay= 39936 loss=0.00002 ext100=0.000 total100=0.065
[train] 19:38:15<122:52:14, 0.051s/step step= 1378000 episodes= 2871 eps=0.050 replay= 39936 loss=0.00006 ext100=0.000 total100=0.067
[eval] step=1380000 episodes=2875 mean_ext_return=0.000
[train] 19:40:15<122:52:17, 0.051s/step step= 1380000 episodes= 2875 eps=0.050 replay= 39936 loss=0.00002 ext100=0.000 total100=0.063
[train] 19:41:59<122:50:43, 0.051s/step step= 1382000 episodes= 2879 eps=0.050 replay= 39936 loss=0.00001 ext100=0.000 total100=0.064
[train] 19:43:43<122:49:09, 0.051s/step step= 1384000 episodes= 2883 eps=0.050 replay= 39936 loss=0.00003 ext100=0.000 total100=0.065
[train] 19:45:26<122:47:30, 0.051s/step step= 1386000 episodes= 2887 eps=0.050 replay= 39936 loss=0.00002 ext100=0.000 total100=0.063
[train] 19:47:10<122:45:56, 0.051s/step step= 1388000 episodes= 2892 eps=0.050 replay= 39936 loss=0.00001 ext100=0.000 total100=0.063
[train] 19:48:52<122:44:13, 0.051s/step step= 1390000 episodes= 2896 eps=0.050 replay= 39936 loss=0.00002 ext100=0.000 total100=0.063
[train] 19:50:36<122:42:38, 0.051s/step step= 1392000 episodes= 2900 eps=0.050 replay= 39936 loss=0.00002 ext100=0.000 total100=0.063
[train] 19:52:20<122:41:03, 0.051s/step step= 1394000 episodes= 2904 eps=0.050 replay= 39936 loss=0.00004 ext100=0.000 total100=0.064
[train] 19:54:04<122:39:26, 0.051s/step step= 1396000 episodes= 2908 eps=0.050 replay= 39936 loss=0.00001 ext100=0.000 total100=0.064
[train] 19:55:47<122:37:48, 0.051s/step step= 1398000 episodes= 2912 eps=0.050 replay= 39936 loss=0.00002 ext100=0.000 total100=0.065
[eval] step=1400000 episodes=2917 mean_ext_return=0.000
[train] 19:57:47<122:37:50, 0.051s/step step= 1400000 episodes= 2917 eps=0.050 replay= 39936 loss=0.00003 ext100=0.000 total100=0.064
[train] 19:59:31<122:36:15, 0.051s/step step= 1402000 episodes= 2921 eps=0.050 replay= 39936 loss=0.00003 ext100=0.000 total100=0.064
[train] 20:01:15<122:34:41, 0.051s/step step= 1404000 episodes= 2925 eps=0.050 replay= 39936 loss=0.00002 ext100=0.000 total100=0.066
[train] 20:02:58<122:33:00, 0.051s/step step= 1406000 episodes= 2929 eps=0.050 replay= 39936 loss=0.00002 ext100=0.000 total100=0.070
[train] 20:04:42<122:31:25, 0.051s/step step= 1408000 episodes= 2933 eps=0.050 replay= 39936 loss=0.00002 ext100=0.000 total100=0.070
[train] 20:06:24<122:29:43, 0.051s/step step= 1410000 episodes= 2937 eps=0.050 replay= 39936 loss=0.00004 ext100=0.000 total100=0.070
[train] 20:08:08<122:28:07, 0.051s/step step= 1412000 episodes= 2942 eps=0.050 replay= 39936 loss=0.00003 ext100=0.000 total100=0.070
[train] 20:09:52<122:26:31, 0.051s/step step= 1414000 episodes= 2946 eps=0.050 replay= 39936 loss=0.00002 ext100=0.000 total100=0.070
[train] 20:11:35<122:24:53, 0.051s/step step= 1416000 episodes= 2950 eps=0.050 replay= 39936 loss=0.00002 ext100=0.000 total100=0.067
[train] 20:13:19<122:23:16, 0.051s/step step= 1418000 episodes= 2954 eps=0.050 replay= 39936 loss=0.00007 ext100=0.000 total100=0.065
[eval] step=1420000 episodes=2958 mean_ext_return=0.000
[train] 20:15:19<122:23:16, 0.051s/step step= 1420000 episodes= 2958 eps=0.050 replay= 39936 loss=0.00002 ext100=0.000 total100=0.064
[train] 20:17:03<122:21:41, 0.051s/step step= 1422000 episodes= 2962 eps=0.050 replay= 39936 loss=0.00002 ext100=0.000 total100=0.066
[train] 20:18:47<122:20:06, 0.051s/step step= 1424000 episodes= 2967 eps=0.050 replay= 39936 loss=0.00002 ext100=0.000 total100=0.068
[train] 20:20:30<122:18:25, 0.051s/step step= 1426000 episodes= 2971 eps=0.050 replay= 39936 loss=0.00004 ext100=0.000 total100=0.067
[train] 20:22:14<122:16:50, 0.051s/step step= 1428000 episodes= 2975 eps=0.050 replay= 39936 loss=0.00002 ext100=0.000 total100=0.067
[train] 20:23:56<122:15:07, 0.051s/step step= 1430000 episodes= 2979 eps=0.050 replay= 39936 loss=0.00002 ext100=0.000 total100=0.066
[train] 20:25:40<122:13:30, 0.051s/step step= 1432000 episodes= 2983 eps=0.050 replay= 39936 loss=0.00001 ext100=0.000 total100=0.066
[train] 20:27:24<122:11:54, 0.051s/step step= 1434000 episodes= 2987 eps=0.050 replay= 39936 loss=0.00003 ext100=0.000 total100=0.065
[train] 20:29:08<122:10:17, 0.051s/step step= 1436000 episodes= 2992 eps=0.050 replay= 39936 loss=0.00001 ext100=0.000 total100=0.064
[train] 20:30:51<122:08:40, 0.051s/step step= 1438000 episodes= 2996 eps=0.050 replay= 39936 loss=0.00001 ext100=0.000 total100=0.064
[eval] step=1440000 episodes=3000 mean_ext_return=0.000
[train] 20:32:51<122:08:38, 0.051s/step step= 1440000 episodes= 3000 eps=0.050 replay= 39936 loss=0.00002 ext100=0.000 total100=0.065
[train] 20:34:35<122:07:03, 0.051s/step step= 1442000 episodes= 3004 eps=0.050 replay= 39936 loss=0.00005 ext100=0.000 total100=0.063
[train] 20:36:19<122:05:28, 0.051s/step step= 1444000 episodes= 3008 eps=0.050 replay= 39936 loss=0.00002 ext100=0.000 total100=0.063
[train] 20:38:02<122:03:47, 0.051s/step step= 1446000 episodes= 3012 eps=0.050 replay= 39936 loss=0.00001 ext100=0.000 total100=0.063
[train] 20:39:46<122:02:12, 0.051s/step step= 1448000 episodes= 3017 eps=0.050 replay= 39936 loss=0.00003 ext100=0.000 total100=0.063
[train] 20:41:29<122:00:30, 0.051s/step step= 1450000 episodes= 3021 eps=0.050 replay= 39936 loss=0.00005 ext100=0.000 total100=0.063
[train] 20:43:13<121:58:53, 0.051s/step step= 1452000 episodes= 3025 eps=0.050 replay= 39936 loss=0.00001 ext100=0.000 total100=0.061
[train] 20:44:56<121:57:17, 0.051s/step step= 1454000 episodes= 3029 eps=0.050 replay= 39936 loss=0.00002 ext100=0.000 total100=0.058
[train] 20:46:40<121:55:39, 0.051s/step step= 1456000 episodes= 3033 eps=0.050 replay= 39936 loss=0.00002 ext100=0.000 total100=0.057
[train] 20:48:24<121:54:01, 0.051s/step step= 1458000 episodes= 3037 eps=0.050 replay= 39936 loss=0.00003 ext100=0.000 total100=0.057
[eval] step=1460000 episodes=3042 mean_ext_return=0.000
[train] 20:50:23<121:53:57, 0.051s/step step= 1460000 episodes= 3042 eps=0.050 replay= 39936 loss=0.00002 ext100=0.000 total100=0.059
[train] 20:52:07<121:52:21, 0.051s/step step= 1462000 episodes= 3046 eps=0.050 replay= 39936 loss=0.00002 ext100=0.000 total100=0.058
[train] 20:53:51<121:50:46, 0.051s/step step= 1464000 episodes= 3050 eps=0.050 replay= 39936 loss=0.00002 ext100=0.000 total100=0.058
[train] 20:55:34<121:49:05, 0.051s/step step= 1466000 episodes= 3054 eps=0.050 replay= 39936 loss=0.00003 ext100=0.000 total100=0.057
[train] 20:57:19<121:47:30, 0.051s/step step= 1468000 episodes= 3058 eps=0.050 replay= 39936 loss=0.00002 ext100=0.000 total100=0.055
[train] 20:59:01<121:45:47, 0.051s/step step= 1470000 episodes= 3062 eps=0.050 replay= 39936 loss=0.00002 ext100=0.000 total100=0.053
[train] 21:00:45<121:44:09, 0.051s/step step= 1472000 episodes= 3067 eps=0.050 replay= 39936 loss=0.00002 ext100=0.000 total100=0.050
[train] 21:02:29<121:42:33, 0.051s/step step= 1474000 episodes= 3071 eps=0.050 replay= 39936 loss=0.00003 ext100=0.000 total100=0.050
[train] 21:04:12<121:40:55, 0.051s/step step= 1476000 episodes= 3075 eps=0.050 replay= 39936 loss=0.00003 ext100=0.000 total100=0.053
[train] 21:05:56<121:39:17, 0.051s/step step= 1478000 episodes= 3079 eps=0.050 replay= 39936 loss=0.00002 ext100=0.000 total100=0.054
[eval] step=1480000 episodes=3083 mean_ext_return=0.000
[train] 21:07:56<121:39:11, 0.051s/step step= 1480000 episodes= 3083 eps=0.050 replay= 39936 loss=0.00003 ext100=0.000 total100=0.055
[train] 21:09:40<121:37:36, 0.051s/step step= 1482000 episodes= 3087 eps=0.050 replay= 39936 loss=0.00005 ext100=0.000 total100=0.057
[train] 21:11:24<121:36:01, 0.051s/step step= 1484000 episodes= 3092 eps=0.050 replay= 39936 loss=0.00002 ext100=0.000 total100=0.058
[train] 21:13:07<121:34:19, 0.051s/step step= 1486000 episodes= 3096 eps=0.050 replay= 39936 loss=0.00002 ext100=0.000 total100=0.057
[train] 21:14:51<121:32:43, 0.051s/step step= 1488000 episodes= 3100 eps=0.050 replay= 39936 loss=0.00003 ext100=0.000 total100=0.057
[train] 21:16:34<121:30:59, 0.051s/step step= 1490000 episodes= 3104 eps=0.050 replay= 39936 loss=0.00005 ext100=0.000 total100=0.059
[train] 21:18:17<121:29:21, 0.051s/step step= 1492000 episodes= 3108 eps=0.050 replay= 39936 loss=0.00003 ext100=0.000 total100=0.060
[train] 21:20:01<121:27:46, 0.051s/step step= 1494000 episodes= 3112 eps=0.050 replay= 39936 loss=0.00002 ext100=0.000 total100=0.060
[train] 21:21:45<121:26:08, 0.051s/step step= 1496000 episodes= 3117 eps=0.050 replay= 39936 loss=0.00002 ext100=0.000 total100=0.058
[train] 21:23:28<121:24:29, 0.051s/step step= 1498000 episodes= 3121 eps=0.050 replay= 39936 loss=0.00004 ext100=0.000 total100=0.056
[eval] step=1500000 episodes=3125 mean_ext_return=0.000
[train] 21:25:28<121:24:21, 0.051s/step step= 1500000 episodes= 3125 eps=0.050 replay= 39936 loss=0.00003 ext100=0.000 total100=0.055
[train] 21:27:12<121:22:46, 0.051s/step step= 1502000 episodes= 3129 eps=0.050 replay= 39936 loss=0.00002 ext100=0.000 total100=0.055
[train] 21:28:56<121:21:09, 0.051s/step step= 1504000 episodes= 3133 eps=0.050 replay= 39936 loss=0.00002 ext100=0.000 total100=0.055
[train] 21:30:39<121:19:27, 0.051s/step step= 1506000 episodes= 3137 eps=0.050 replay= 39936 loss=0.00003 ext100=0.000 total100=0.056
[train] 21:32:23<121:17:50, 0.051s/step step= 1508000 episodes= 3142 eps=0.050 replay= 39936 loss=0.00002 ext100=0.000 total100=0.057
[train] 21:34:06<121:16:07, 0.051s/step step= 1510000 episodes= 3146 eps=0.050 replay= 39936 loss=0.00002 ext100=0.000 total100=0.060
[train] 21:35:49<121:14:28, 0.051s/step step= 1512000 episodes= 3150 eps=0.050 replay= 39936 loss=0.00002 ext100=0.000 total100=0.060
[train] 21:37:33<121:12:52, 0.051s/step step= 1514000 episodes= 3154 eps=0.050 replay= 39936 loss=0.00002 ext100=0.000 total100=0.061
[train] 21:39:17<121:11:13, 0.051s/step step= 1516000 episodes= 3158 eps=0.050 replay= 39936 loss=0.00001 ext100=0.000 total100=0.059
[train] 21:41:00<121:09:33, 0.051s/step step= 1518000 episodes= 3162 eps=0.050 replay= 39936 loss=0.00001 ext100=0.000 total100=0.063
[eval] step=1520000 episodes=3167 mean_ext_return=0.000
[train] 21:43:00<121:09:24, 0.051s/step step= 1520000 episodes= 3167 eps=0.050 replay= 39936 loss=0.00003 ext100=0.000 total100=0.065
[train] 21:44:44<121:07:47, 0.051s/step step= 1522000 episodes= 3171 eps=0.050 replay= 39936 loss=0.00003 ext100=0.000 total100=0.064
[train] 21:46:28<121:06:10, 0.051s/step step= 1524000 episodes= 3175 eps=0.050 replay= 39936 loss=0.00003 ext100=0.000 total100=0.061
[train] 21:48:11<121:04:27, 0.051s/step step= 1526000 episodes= 3179 eps=0.050 replay= 39936 loss=0.00002 ext100=0.000 total100=0.060
[train] 21:49:55<121:02:51, 0.051s/step step= 1528000 episodes= 3183 eps=0.050 replay= 39936 loss=0.00002 ext100=0.000 total100=0.057
[train] 21:51:37<121:01:07, 0.051s/step step= 1530000 episodes= 3187 eps=0.050 replay= 39936 loss=0.00003 ext100=0.000 total100=0.057
[train] 21:53:21<120:59:28, 0.051s/step step= 1532000 episodes= 3192 eps=0.050 replay= 39936 loss=0.00002 ext100=0.000 total100=0.056
[train] 21:55:05<120:57:51, 0.051s/step step= 1534000 episodes= 3196 eps=0.050 replay= 39936 loss=0.00002 ext100=0.000 total100=0.057
[train] 21:56:48<120:56:12, 0.051s/step step= 1536000 episodes= 3200 eps=0.050 replay= 39936 loss=0.00001 ext100=0.000 total100=0.057
[train] 21:58:32<120:54:33, 0.051s/step step= 1538000 episodes= 3204 eps=0.050 replay= 39936 loss=0.00003 ext100=0.000 total100=0.056
[eval] step=1540000 episodes=3208 mean_ext_return=0.000
[train] 22:00:32<120:54:22, 0.051s/step step= 1540000 episodes= 3208 eps=0.050 replay= 39936 loss=0.00002 ext100=0.000 total100=0.055
[train] 22:02:16<120:52:45, 0.051s/step step= 1542000 episodes= 3212 eps=0.050 replay= 39936 loss=0.00001 ext100=0.000 total100=0.055
[train] 22:04:00<120:51:09, 0.051s/step step= 1544000 episodes= 3217 eps=0.050 replay= 39936 loss=0.00002 ext100=0.000 total100=0.056
[train] 22:05:43<120:49:27, 0.051s/step step= 1546000 episodes= 3221 eps=0.050 replay= 39936 loss=0.00005 ext100=0.000 total100=0.057
[train] 22:07:27<120:47:51, 0.051s/step step= 1548000 episodes= 3225 eps=0.050 replay= 39936 loss=0.00002 ext100=0.000 total100=0.058
[train] 22:09:10<120:46:07, 0.051s/step step= 1550000 episodes= 3229 eps=0.050 replay= 39936 loss=0.00002 ext100=0.000 total100=0.059
[train] 22:10:53<120:44:28, 0.051s/step step= 1552000 episodes= 3233 eps=0.050 replay= 39936 loss=0.00002 ext100=0.000 total100=0.058
[train] 22:12:37<120:42:51, 0.051s/step step= 1554000 episodes= 3237 eps=0.050 replay= 39936 loss=0.00004 ext100=0.000 total100=0.059
[train] 22:14:21<120:41:11, 0.051s/step step= 1556000 episodes= 3242 eps=0.050 replay= 39936 loss=0.00001 ext100=0.000 total100=0.057
[train] 22:16:04<120:39:32, 0.051s/step step= 1558000 episodes= 3246 eps=0.050 replay= 39936 loss=0.00001 ext100=0.000 total100=0.056
[eval] step=1560000 episodes=3250 mean_ext_return=0.000
[train] 22:18:04<120:39:20, 0.051s/step step= 1560000 episodes= 3250 eps=0.050 replay= 39936 loss=0.00001 ext100=0.000 total100=0.056
[train] 22:19:48<120:37:43, 0.051s/step step= 1562000 episodes= 3254 eps=0.050 replay= 39936 loss=0.00005 ext100=0.000 total100=0.055
[train] 22:21:32<120:36:06, 0.051s/step step= 1564000 episodes= 3258 eps=0.050 replay= 39936 loss=0.00002 ext100=0.000 total100=0.055
[train] 22:23:15<120:34:23, 0.051s/step step= 1566000 episodes= 3262 eps=0.050 replay= 39936 loss=0.00001 ext100=0.000 total100=0.051
[train] 22:24:59<120:32:46, 0.051s/step step= 1568000 episodes= 3267 eps=0.050 replay= 39936 loss=0.00002 ext100=0.000 total100=0.048
[train] 22:26:42<120:31:02, 0.051s/step step= 1570000 episodes= 3271 eps=0.050 replay= 39936 loss=0.00002 ext100=0.000 total100=0.048
[train] 22:28:26<120:29:23, 0.051s/step step= 1572000 episodes= 3275 eps=0.050 replay= 39936 loss=0.00002 ext100=0.000 total100=0.048
[train] 22:30:10<120:27:46, 0.051s/step step= 1574000 episodes= 3279 eps=0.050 replay= 39936 loss=0.00002 ext100=0.000 total100=0.048
[train] 22:31:53<120:26:07, 0.051s/step step= 1576000 episodes= 3283 eps=0.050 replay= 39936 loss=0.00001 ext100=0.000 total100=0.050
[train] 22:33:37<120:24:27, 0.051s/step step= 1578000 episodes= 3287 eps=0.050 replay= 39936 loss=0.00005 ext100=0.000 total100=0.050
[eval] step=1580000 episodes=3292 mean_ext_return=0.000
[train] 22:35:36<120:24:12, 0.051s/step step= 1580000 episodes= 3292 eps=0.050 replay= 39936 loss=0.00001 ext100=0.000 total100=0.050
[train] 22:37:20<120:22:35, 0.051s/step step= 1582000 episodes= 3296 eps=0.050 replay= 39936 loss=0.00001 ext100=0.000 total100=0.050
[train] 22:39:04<120:20:58, 0.051s/step step= 1584000 episodes= 3300 eps=0.050 replay= 39936 loss=0.00001 ext100=0.000 total100=0.052
[train] 22:40:48<120:19:16, 0.051s/step step= 1586000 episodes= 3304 eps=0.050 replay= 39936 loss=0.00004 ext100=0.000 total100=0.052
[train] 22:42:31<120:17:39, 0.051s/step step= 1588000 episodes= 3308 eps=0.050 replay= 39936 loss=0.00001 ext100=0.000 total100=0.050
[train] 22:44:14<120:15:54, 0.051s/step step= 1590000 episodes= 3312 eps=0.050 replay= 39936 loss=0.00001 ext100=0.000 total100=0.050
[train] 22:45:58<120:14:15, 0.051s/step step= 1592000 episodes= 3317 eps=0.050 replay= 39936 loss=0.00002 ext100=0.000 total100=0.051
[train] 22:47:42<120:12:38, 0.051s/step step= 1594000 episodes= 3321 eps=0.050 replay= 39936 loss=0.00005 ext100=0.000 total100=0.052
[train] 22:49:25<120:10:58, 0.051s/step step= 1596000 episodes= 3325 eps=0.050 replay= 39936 loss=0.00001 ext100=0.000 total100=0.052
[train] 22:51:09<120:09:17, 0.051s/step step= 1598000 episodes= 3329 eps=0.050 replay= 39936 loss=0.00001 ext100=0.000 total100=0.051
[eval] step=1600000 episodes=3333 mean_ext_return=0.000
[train] 22:53:09<120:09:02, 0.051s/step step= 1600000 episodes= 3333 eps=0.050 replay= 39936 loss=0.00001 ext100=0.000 total100=0.053
[train] 22:54:53<120:07:25, 0.051s/step step= 1602000 episodes= 3337 eps=0.050 replay= 39936 loss=0.00003 ext100=0.000 total100=0.051
[train] 22:56:37<120:05:48, 0.051s/step step= 1604000 episodes= 3342 eps=0.050 replay= 39936 loss=0.00001 ext100=0.000 total100=0.050
[train] 22:58:20<120:04:05, 0.051s/step step= 1606000 episodes= 3346 eps=0.050 replay= 39936 loss=0.00002 ext100=0.000 total100=0.052
[train] 23:00:04<120:02:27, 0.051s/step step= 1608000 episodes= 3350 eps=0.050 replay= 39936 loss=0.00002 ext100=0.000 total100=0.052
[train] 23:01:46<120:00:42, 0.051s/step step= 1610000 episodes= 3354 eps=0.050 replay= 39936 loss=0.00003 ext100=0.000 total100=0.053
[train] 23:03:30<119:59:03, 0.051s/step step= 1612000 episodes= 3358 eps=0.050 replay= 39936 loss=0.00001 ext100=0.000 total100=0.056
[train] 23:05:14<119:57:24, 0.051s/step step= 1614000 episodes= 3362 eps=0.050 replay= 39936 loss=0.00001 ext100=0.000 total100=0.057
[train] 23:06:58<119:55:45, 0.051s/step step= 1616000 episodes= 3367 eps=0.050 replay= 39936 loss=0.00001 ext100=0.000 total100=0.058
[train] 23:08:41<119:54:05, 0.051s/step step= 1618000 episodes= 3371 eps=0.050 replay= 39936 loss=0.00004 ext100=0.000 total100=0.060
[eval] step=1620000 episodes=3375 mean_ext_return=0.000
[train] 23:10:41<119:53:48, 0.052s/step step= 1620000 episodes= 3375 eps=0.050 replay= 39936 loss=0.00001 ext100=0.000 total100=0.058
[train] 23:12:25<119:52:10, 0.052s/step step= 1622000 episodes= 3379 eps=0.050 replay= 39936 loss=0.00001 ext100=0.000 total100=0.058
[train] 23:14:09<119:50:32, 0.052s/step step= 1624000 episodes= 3383 eps=0.050 replay= 39936 loss=0.00001 ext100=0.000 total100=0.057
[train] 23:15:52<119:48:49, 0.052s/step step= 1626000 episodes= 3387 eps=0.050 replay= 39936 loss=0.00003 ext100=0.000 total100=0.056
[train] 23:17:36<119:47:11, 0.052s/step step= 1628000 episodes= 3392 eps=0.050 replay= 39936 loss=0.00002 ext100=0.000 total100=0.056
[train] 23:19:18<119:45:26, 0.052s/step step= 1630000 episodes= 3396 eps=0.050 replay= 39936 loss=0.00001 ext100=0.000 total100=0.057
[train] 23:21:02<119:43:46, 0.052s/step step= 1632000 episodes= 3400 eps=0.050 replay= 39936 loss=0.00001 ext100=0.000 total100=0.056
[train] 23:22:46<119:42:08, 0.052s/step step= 1634000 episodes= 3404 eps=0.050 replay= 39936 loss=0.00004 ext100=0.000 total100=0.059
[train] 23:24:30<119:40:28, 0.052s/step step= 1636000 episodes= 3408 eps=0.050 replay= 39936 loss=0.00001 ext100=0.000 total100=0.060
[train] 23:26:13<119:38:47, 0.052s/step step= 1638000 episodes= 3412 eps=0.050 replay= 39936 loss=0.00001 ext100=0.000 total100=0.061
[eval] step=1640000 episodes=3417 mean_ext_return=0.000
[train] 23:28:13<119:38:29, 0.052s/step step= 1640000 episodes= 3417 eps=0.050 replay= 39936 loss=0.00002 ext100=0.000 total100=0.060
[train] 23:29:57<119:36:51, 0.052s/step step= 1642000 episodes= 3421 eps=0.050 replay= 39936 loss=0.00002 ext100=0.000 total100=0.059
[train] 23:31:41<119:35:12, 0.052s/step step= 1644000 episodes= 3425 eps=0.050 replay= 39936 loss=0.00001 ext100=0.000 total100=0.060
[train] 23:33:24<119:33:30, 0.052s/step step= 1646000 episodes= 3429 eps=0.050 replay= 39936 loss=0.00001 ext100=0.000 total100=0.059
[train] 23:35:08<119:31:51, 0.052s/step step= 1648000 episodes= 3433 eps=0.050 replay= 39936 loss=0.00001 ext100=0.000 total100=0.056
[train] 23:36:51<119:30:07, 0.052s/step step= 1650000 episodes= 3437 eps=0.050 replay= 39936 loss=0.00003 ext100=0.000 total100=0.056
[train] 23:38:34<119:28:26, 0.052s/step step= 1652000 episodes= 3442 eps=0.050 replay= 39936 loss=0.00002 ext100=0.000 total100=0.058
[train] 23:40:18<119:26:48, 0.052s/step step= 1654000 episodes= 3446 eps=0.050 replay= 39936 loss=0.00001 ext100=0.000 total100=0.056
[train] 23:42:02<119:25:08, 0.052s/step step= 1656000 episodes= 3450 eps=0.050 replay= 39936 loss=0.00002 ext100=0.000 total100=0.057
[train] 23:43:45<119:23:27, 0.052s/step step= 1658000 episodes= 3454 eps=0.050 replay= 39936 loss=0.00002 ext100=0.000 total100=0.058
[eval] step=1660000 episodes=3458 mean_ext_return=0.000
[train] 23:45:45<119:23:08, 0.052s/step step= 1660000 episodes= 3458 eps=0.050 replay= 39936 loss=0.00001 ext100=0.000 total100=0.056
[train] 23:47:29<119:21:29, 0.052s/step step= 1662000 episodes= 3462 eps=0.050 replay= 39936 loss=0.00001 ext100=0.000 total100=0.056
[train] 23:49:13<119:19:51, 0.052s/step step= 1664000 episodes= 3467 eps=0.050 replay= 39936 loss=0.00001 ext100=0.000 total100=0.056
[train] 23:50:56<119:18:08, 0.052s/step step= 1666000 episodes= 3471 eps=0.050 replay= 39936 loss=0.00002 ext100=0.000 total100=0.055
[train] 23:52:40<119:16:30, 0.052s/step step= 1668000 episodes= 3475 eps=0.050 replay= 39936 loss=0.00002 ext100=0.000 total100=0.056
[train] 23:54:23<119:14:45, 0.052s/step step= 1670000 episodes= 3479 eps=0.050 replay= 39936 loss=0.00001 ext100=0.000 total100=0.057
[train] 23:56:06<119:13:04, 0.052s/step step= 1672000 episodes= 3483 eps=0.050 replay= 39936 loss=0.00001 ext100=0.000 total100=0.058
[train] 23:57:50<119:11:25, 0.052s/step step= 1674000 episodes= 3487 eps=0.050 replay= 39936 loss=0.00003 ext100=0.000 total100=0.059
[train] 23:59:34<119:09:45, 0.052s/step step= 1676000 episodes= 3492 eps=0.050 replay= 39936 loss=0.00001 ext100=0.000 total100=0.059
[train] 24:01:17<119:08:04, 0.052s/step step= 1678000 episodes= 3496 eps=0.050 replay= 39936 loss=0.00001 ext100=0.000 total100=0.059
[eval] step=1680000 episodes=3500 mean_ext_return=0.000
[train] 24:03:17<119:07:43, 0.052s/step step= 1680000 episodes= 3500 eps=0.050 replay= 39936 loss=0.00001 ext100=0.000 total100=0.057
[train] 24:05:01<119:06:04, 0.052s/step step= 1682000 episodes= 3504 eps=0.050 replay= 39936 loss=0.00002 ext100=0.000 total100=0.055
[train] 24:06:45<119:04:26, 0.052s/step step= 1684000 episodes= 3508 eps=0.050 replay= 39936 loss=0.00001 ext100=0.000 total100=0.055
[train] 24:08:28<119:02:42, 0.052s/step step= 1686000 episodes= 3512 eps=0.050 replay= 39936 loss=0.00002 ext100=0.000 total100=0.055
[train] 24:10:12<119:01:03, 0.052s/step step= 1688000 episodes= 3517 eps=0.050 replay= 39936 loss=0.00001 ext100=0.000 total100=0.054
[train] 24:11:54<118:59:18, 0.052s/step step= 1690000 episodes= 3521 eps=0.050 replay= 39936 loss=0.00004 ext100=0.000 total100=0.054
[train] 24:13:38<118:57:37, 0.052s/step step= 1692000 episodes= 3525 eps=0.050 replay= 39936 loss=0.00001 ext100=0.000 total100=0.053
[train] 24:15:22<118:55:58, 0.052s/step step= 1694000 episodes= 3529 eps=0.050 replay= 39936 loss=0.00001 ext100=0.000 total100=0.053
[train] 24:17:06<118:54:18, 0.052s/step step= 1696000 episodes= 3533 eps=0.050 replay= 39936 loss=0.00001 ext100=0.000 total100=0.054
[train] 24:18:49<118:52:37, 0.052s/step step= 1698000 episodes= 3537 eps=0.050 replay= 39936 loss=0.00003 ext100=0.000 total100=0.054
[eval] step=1700000 episodes=3542 mean_ext_return=0.000
[train] 24:20:49<118:52:15, 0.052s/step step= 1700000 episodes= 3542 eps=0.050 replay= 39936 loss=0.00001 ext100=0.000 total100=0.054
[train] 24:22:33<118:50:37, 0.052s/step step= 1702000 episodes= 3546 eps=0.050 replay= 39936 loss=0.00002 ext100=0.000 total100=0.055
[train] 24:24:17<118:48:58, 0.052s/step step= 1704000 episodes= 3550 eps=0.050 replay= 39936 loss=0.00001 ext100=0.000 total100=0.055
[train] 24:26:00<118:47:14, 0.052s/step step= 1706000 episodes= 3554 eps=0.050 replay= 39936 loss=0.00002 ext100=0.000 total100=0.053
[train] 24:27:44<118:45:34, 0.052s/step step= 1708000 episodes= 3558 eps=0.050 replay= 39936 loss=0.00002 ext100=0.000 total100=0.052
[train] 24:29:27<118:43:50, 0.052s/step step= 1710000 episodes= 3562 eps=0.050 replay= 39936 loss=0.00001 ext100=0.000 total100=0.052
[train] 24:31:10<118:42:08, 0.052s/step step= 1712000 episodes= 3567 eps=0.050 replay= 39936 loss=0.00002 ext100=0.000 total100=0.050
[train] 24:32:54<118:40:30, 0.052s/step step= 1714000 episodes= 3571 eps=0.050 replay= 39936 loss=0.00003 ext100=0.000 total100=0.050
[train] 24:34:38<118:38:49, 0.052s/step step= 1716000 episodes= 3575 eps=0.050 replay= 39936 loss=0.00001 ext100=0.000 total100=0.049
[train] 24:36:21<118:37:08, 0.052s/step step= 1718000 episodes= 3579 eps=0.050 replay= 39936 loss=0.00002 ext100=0.000 total100=0.047
[eval] step=1720000 episodes=3583 mean_ext_return=0.000
[train] 24:38:21<118:36:44, 0.052s/step step= 1720000 episodes= 3583 eps=0.050 replay= 39936 loss=0.00001 ext100=0.000 total100=0.047
[train] 24:40:05<118:35:06, 0.052s/step step= 1722000 episodes= 3587 eps=0.050 replay= 39936 loss=0.00002 ext100=0.000 total100=0.047
[train] 24:41:49<118:33:27, 0.052s/step step= 1724000 episodes= 3592 eps=0.050 replay= 39936 loss=0.00001 ext100=0.000 total100=0.048
[train] 24:43:32<118:31:44, 0.052s/step step= 1726000 episodes= 3596 eps=0.050 replay= 39936 loss=0.00001 ext100=0.000 total100=0.048
[train] 24:45:16<118:30:05, 0.052s/step step= 1728000 episodes= 3600 eps=0.050 replay= 39936 loss=0.00001 ext100=0.000 total100=0.047
[train] 24:46:59<118:28:20, 0.052s/step step= 1730000 episodes= 3604 eps=0.050 replay= 39936 loss=0.00001 ext100=0.000 total100=0.046
[train] 24:48:43<118:26:39, 0.052s/step step= 1732000 episodes= 3608 eps=0.050 replay= 39936 loss=0.00002 ext100=0.000 total100=0.047
[train] 24:50:26<118:24:59, 0.052s/step step= 1734000 episodes= 3612 eps=0.050 replay= 39936 loss=0.00001 ext100=0.000 total100=0.046
[train] 24:52:10<118:23:18, 0.052s/step step= 1736000 episodes= 3617 eps=0.050 replay= 39936 loss=0.00001 ext100=0.000 total100=0.047
[train] 24:53:54<118:21:37, 0.052s/step step= 1738000 episodes= 3621 eps=0.050 replay= 39936 loss=0.00003 ext100=0.000 total100=0.049
[eval] step=1740000 episodes=3625 mean_ext_return=0.000
[train] 24:55:53<118:21:12, 0.052s/step step= 1740000 episodes= 3625 eps=0.050 replay= 39936 loss=0.00001 ext100=0.000 total100=0.049
[train] 24:57:37<118:19:33, 0.052s/step step= 1742000 episodes= 3629 eps=0.050 replay= 39936 loss=0.00001 ext100=0.000 total100=0.050
[train] 24:59:21<118:17:54, 0.052s/step step= 1744000 episodes= 3633 eps=0.050 replay= 39936 loss=0.00002 ext100=0.000 total100=0.051
[train] 25:01:04<118:16:10, 0.052s/step step= 1746000 episodes= 3637 eps=0.050 replay= 39936 loss=0.00004 ext100=0.000 total100=0.051
[train] 25:02:48<118:14:30, 0.052s/step step= 1748000 episodes= 3642 eps=0.050 replay= 39936 loss=0.00002 ext100=0.000 total100=0.052
[train] 25:04:31<118:12:46, 0.052s/step step= 1750000 episodes= 3646 eps=0.050 replay= 39936 loss=0.00001 ext100=0.000 total100=0.052
[train] 25:06:15<118:11:05, 0.052s/step step= 1752000 episodes= 3650 eps=0.050 replay= 39936 loss=0.00002 ext100=0.000 total100=0.053
[train] 25:07:59<118:09:25, 0.052s/step step= 1754000 episodes= 3654 eps=0.050 replay= 39936 loss=0.00003 ext100=0.000 total100=0.054
[train] 25:09:42<118:07:45, 0.052s/step step= 1756000 episodes= 3658 eps=0.050 replay= 39936 loss=0.00001 ext100=0.000 total100=0.054
[train] 25:11:26<118:06:04, 0.052s/step step= 1758000 episodes= 3662 eps=0.050 replay= 39936 loss=0.00001 ext100=0.000 total100=0.055
[eval] step=1760000 episodes=3667 mean_ext_return=0.000
[train] 25:13:26<118:05:39, 0.052s/step step= 1760000 episodes= 3667 eps=0.050 replay= 39936 loss=0.00001 ext100=0.000 total100=0.056
[train] 25:15:10<118:04:00, 0.052s/step step= 1762000 episodes= 3671 eps=0.050 replay= 39936 loss=0.00001 ext100=0.000 total100=0.057
[train] 25:16:54<118:02:21, 0.052s/step step= 1764000 episodes= 3675 eps=0.050 replay= 39936 loss=0.00001 ext100=0.000 total100=0.058
[train] 25:18:37<118:00:36, 0.052s/step step= 1766000 episodes= 3679 eps=0.050 replay= 39936 loss=0.00001 ext100=0.000 total100=0.057
[train] 25:20:21<117:58:56, 0.052s/step step= 1768000 episodes= 3683 eps=0.050 replay= 39936 loss=0.00001 ext100=0.000 total100=0.057
[train] 25:22:04<117:57:11, 0.052s/step step= 1770000 episodes= 3687 eps=0.050 replay= 39936 loss=0.00003 ext100=0.000 total100=0.059
[train] 25:23:47<117:55:30, 0.052s/step step= 1772000 episodes= 3692 eps=0.050 replay= 39936 loss=0.00001 ext100=0.000 total100=0.058
[train] 25:25:31<117:53:50, 0.052s/step step= 1774000 episodes= 3696 eps=0.050 replay= 39936 loss=0.00001 ext100=0.000 total100=0.057
[train] 25:27:15<117:52:09, 0.052s/step step= 1776000 episodes= 3700 eps=0.050 replay= 39936 loss=0.00002 ext100=0.000 total100=0.057
[train] 25:28:58<117:50:28, 0.052s/step step= 1778000 episodes= 3704 eps=0.050 replay= 39936 loss=0.00002 ext100=0.000 total100=0.057
[eval] step=1780000 episodes=3708 mean_ext_return=0.000
[train] 25:30:58<117:50:01, 0.052s/step step= 1780000 episodes= 3708 eps=0.050 replay= 39936 loss=0.00001 ext100=0.000 total100=0.058
[train] 25:32:42<117:48:22, 0.052s/step step= 1782000 episodes= 3712 eps=0.050 replay= 39936 loss=0.00001 ext100=0.000 total100=0.058
[train] 25:34:26<117:46:42, 0.052s/step step= 1784000 episodes= 3717 eps=0.050 replay= 39936 loss=0.00001 ext100=0.000 total100=0.056
[train] 25:36:09<117:44:58, 0.052s/step step= 1786000 episodes= 3721 eps=0.050 replay= 39936 loss=0.00002 ext100=0.000 total100=0.055
[train] 25:37:53<117:43:18, 0.052s/step step= 1788000 episodes= 3725 eps=0.050 replay= 39936 loss=0.00001 ext100=0.000 total100=0.056
[train] 25:39:36<117:41:33, 0.052s/step step= 1790000 episodes= 3729 eps=0.050 replay= 39936 loss=0.00002 ext100=0.000 total100=0.055
[train] 25:41:20<117:39:51, 0.052s/step step= 1792000 episodes= 3733 eps=0.050 replay= 39936 loss=0.00001 ext100=0.000 total100=0.055
[train] 25:43:03<117:38:11, 0.052s/step step= 1794000 episodes= 3737 eps=0.050 replay= 39936 loss=0.00002 ext100=0.000 total100=0.057
[train] 25:44:47<117:36:30, 0.052s/step step= 1796000 episodes= 3742 eps=0.050 replay= 39936 loss=0.00001 ext100=0.000 total100=0.054
[train] 25:46:31<117:34:48, 0.052s/step step= 1798000 episodes= 3746 eps=0.050 replay= 39936 loss=0.00001 ext100=0.000 total100=0.054
[eval] step=1800000 episodes=3750 mean_ext_return=0.000
[train] 25:48:30<117:34:20, 0.052s/step step= 1800000 episodes= 3750 eps=0.050 replay= 39936 loss=0.00001 ext100=0.000 total100=0.052
[train] 25:50:14<117:32:41, 0.052s/step step= 1802000 episodes= 3754 eps=0.050 replay= 39936 loss=0.00001 ext100=0.000 total100=0.052
[train] 25:51:58<117:31:01, 0.052s/step step= 1804000 episodes= 3758 eps=0.050 replay= 39936 loss=0.00001 ext100=0.000 total100=0.053
[train] 25:53:42<117:29:17, 0.052s/step step= 1806000 episodes= 3762 eps=0.050 replay= 39936 loss=0.00001 ext100=0.000 total100=0.051
[train] 25:55:25<117:27:36, 0.052s/step step= 1808000 episodes= 3767 eps=0.050 replay= 39936 loss=0.00001 ext100=0.000 total100=0.049
[train] 25:57:08<117:25:51, 0.052s/step step= 1810000 episodes= 3771 eps=0.050 replay= 39936 loss=0.00001 ext100=0.000 total100=0.049
[train] 25:58:52<117:24:10, 0.052s/step step= 1812000 episodes= 3775 eps=0.050 replay= 39936 loss=0.00001 ext100=0.000 total100=0.050
[train] 26:00:36<117:22:29, 0.052s/step step= 1814000 episodes= 3779 eps=0.050 replay= 39936 loss=0.00001 ext100=0.000 total100=0.051
[train] 26:02:19<117:20:48, 0.052s/step step= 1816000 episodes= 3783 eps=0.050 replay= 39936 loss=0.00001 ext100=0.000 total100=0.051
[train] 26:04:03<117:19:07, 0.052s/step step= 1818000 episodes= 3787 eps=0.050 replay= 39936 loss=0.00003 ext100=0.000 total100=0.049
[eval] step=1820000 episodes=3792 mean_ext_return=0.000
[train] 26:06:03<117:18:37, 0.052s/step step= 1820000 episodes= 3792 eps=0.050 replay= 39936 loss=0.00001 ext100=0.000 total100=0.051
[train] 26:07:47<117:16:58, 0.052s/step step= 1822000 episodes= 3796 eps=0.050 replay= 39936 loss=0.00001 ext100=0.000 total100=0.051
[train] 26:09:31<117:15:17, 0.052s/step step= 1824000 episodes= 3800 eps=0.050 replay= 39936 loss=0.00002 ext100=0.000 total100=0.053
[train] 26:11:14<117:13:34, 0.052s/step step= 1826000 episodes= 3804 eps=0.050 replay= 39936 loss=0.00003 ext100=0.000 total100=0.053
[train] 26:12:58<117:11:53, 0.052s/step step= 1828000 episodes= 3808 eps=0.050 replay= 39936 loss=0.00001 ext100=0.000 total100=0.051
[train] 26:14:40<117:10:08, 0.052s/step step= 1830000 episodes= 3812 eps=0.050 replay= 39936 loss=0.00001 ext100=0.000 total100=0.051
[train] 26:16:24<117:08:26, 0.052s/step step= 1832000 episodes= 3817 eps=0.050 replay= 39936 loss=0.00001 ext100=0.000 total100=0.053
[train] 26:18:08<117:06:44, 0.052s/step step= 1834000 episodes= 3821 eps=0.050 replay= 39936 loss=0.00001 ext100=0.000 total100=0.053
[train] 26:19:51<117:05:03, 0.052s/step step= 1836000 episodes= 3825 eps=0.050 replay= 39936 loss=0.00001 ext100=0.000 total100=0.050
[train] 26:21:35<117:03:21, 0.052s/step step= 1838000 episodes= 3829 eps=0.050 replay= 39936 loss=0.00001 ext100=0.000 total100=0.051
[eval] step=1840000 episodes=3833 mean_ext_return=0.000
[train] 26:23:35<117:02:51, 0.052s/step step= 1840000 episodes= 3833 eps=0.050 replay= 39936 loss=0.00001 ext100=0.000 total100=0.050
[train] 26:25:19<117:01:10, 0.052s/step step= 1842000 episodes= 3837 eps=0.050 replay= 39936 loss=0.00002 ext100=0.000 total100=0.049
[train] 26:27:03<116:59:31, 0.052s/step step= 1844000 episodes= 3842 eps=0.050 replay= 39936 loss=0.00001 ext100=0.000 total100=0.049
[train] 26:28:46<116:57:46, 0.052s/step step= 1846000 episodes= 3846 eps=0.050 replay= 39936 loss=0.00002 ext100=0.000 total100=0.049
[train] 26:30:29<116:56:06, 0.052s/step step= 1848000 episodes= 3850 eps=0.050 replay= 39936 loss=0.00001 ext100=0.000 total100=0.047
[train] 26:32:12<116:54:20, 0.052s/step step= 1850000 episodes= 3854 eps=0.050 replay= 39936 loss=0.00002 ext100=0.000 total100=0.045
[train] 26:33:56<116:52:39, 0.052s/step step= 1852000 episodes= 3858 eps=0.050 replay= 39936 loss=0.00001 ext100=0.000 total100=0.044
[train] 26:35:40<116:50:58, 0.052s/step step= 1854000 episodes= 3862 eps=0.050 replay= 39936 loss=0.00001 ext100=0.000 total100=0.046
[train] 26:37:24<116:49:17, 0.052s/step step= 1856000 episodes= 3867 eps=0.050 replay= 39936 loss=0.00001 ext100=0.000 total100=0.047
[train] 26:39:07<116:47:36, 0.052s/step step= 1858000 episodes= 3871 eps=0.050 replay= 39936 loss=0.00008 ext100=0.000 total100=0.047
[eval] step=1860000 episodes=3875 mean_ext_return=0.000
[train] 26:41:07<116:47:04, 0.052s/step step= 1860000 episodes= 3875 eps=0.050 replay= 39936 loss=0.00002 ext100=0.000 total100=0.047
[train] 26:42:51<116:45:24, 0.052s/step step= 1862000 episodes= 3879 eps=0.050 replay= 39936 loss=0.00001 ext100=0.000 total100=0.048
[train] 26:44:35<116:43:44, 0.052s/step step= 1864000 episodes= 3883 eps=0.050 replay= 39936 loss=0.00001 ext100=0.000 total100=0.048
[train] 26:46:18<116:42:00, 0.052s/step step= 1866000 episodes= 3887 eps=0.050 replay= 39936 loss=0.00002 ext100=0.000 total100=0.048
[train] 26:48:02<116:40:19, 0.052s/step step= 1868000 episodes= 3892 eps=0.050 replay= 39936 loss=0.00001 ext100=0.000 total100=0.046
[train] 26:49:45<116:38:34, 0.052s/step step= 1870000 episodes= 3896 eps=0.050 replay= 39936 loss=0.00001 ext100=0.000 total100=0.046
[train] 26:51:28<116:36:52, 0.052s/step step= 1872000 episodes= 3900 eps=0.050 replay= 39936 loss=0.00001 ext100=0.000 total100=0.045
[train] 26:53:12<116:35:10, 0.052s/step step= 1874000 episodes= 3904 eps=0.050 replay= 39936 loss=0.00004 ext100=0.000 total100=0.044
[train] 26:54:56<116:33:30, 0.052s/step step= 1876000 episodes= 3908 eps=0.050 replay= 39936 loss=0.00001 ext100=0.000 total100=0.046
[train] 26:56:40<116:31:47, 0.052s/step step= 1878000 episodes= 3912 eps=0.050 replay= 39936 loss=0.00001 ext100=0.000 total100=0.045
[eval] step=1880000 episodes=3917 mean_ext_return=0.000
[train] 26:58:39<116:31:14, 0.052s/step step= 1880000 episodes= 3917 eps=0.050 replay= 39936 loss=0.00002 ext100=0.000 total100=0.044
[train] 27:00:23<116:29:35, 0.052s/step step= 1882000 episodes= 3921 eps=0.050 replay= 39936 loss=0.00004 ext100=0.000 total100=0.044
[train] 27:02:08<116:27:55, 0.052s/step step= 1884000 episodes= 3925 eps=0.050 replay= 39936 loss=0.00001 ext100=0.000 total100=0.045
[train] 27:03:51<116:26:11, 0.052s/step step= 1886000 episodes= 3929 eps=0.050 replay= 39936 loss=0.00002 ext100=0.000 total100=0.046
[train] 27:05:34<116:24:29, 0.052s/step step= 1888000 episodes= 3933 eps=0.050 replay= 39936 loss=0.00001 ext100=0.000 total100=0.045
[train] 27:07:17<116:22:44, 0.052s/step step= 1890000 episodes= 3937 eps=0.050 replay= 39936 loss=0.00004 ext100=0.000 total100=0.045
[train] 27:09:01<116:21:01, 0.052s/step step= 1892000 episodes= 3942 eps=0.050 replay= 39936 loss=0.00001 ext100=0.000 total100=0.045
[train] 27:10:44<116:19:19, 0.052s/step step= 1894000 episodes= 3946 eps=0.050 replay= 39936 loss=0.00001 ext100=0.000 total100=0.044
[train] 27:12:28<116:17:39, 0.052s/step step= 1896000 episodes= 3950 eps=0.050 replay= 39936 loss=0.00002 ext100=0.000 total100=0.046
[train] 27:14:12<116:15:56, 0.052s/step step= 1898000 episodes= 3954 eps=0.050 replay= 39936 loss=0.00004 ext100=0.000 total100=0.047
[eval] step=1900000 episodes=3958 mean_ext_return=0.000
[train] 27:16:11<116:15:22, 0.052s/step step= 1900000 episodes= 3958 eps=0.050 replay= 39936 loss=0.00001 ext100=0.000 total100=0.046
[train] 27:17:55<116:13:41, 0.052s/step step= 1902000 episodes= 3962 eps=0.050 replay= 39936 loss=0.00001 ext100=0.000 total100=0.047
[train] 27:19:39<116:12:01, 0.052s/step step= 1904000 episodes= 3967 eps=0.050 replay= 39936 loss=0.00001 ext100=0.000 total100=0.047
[train] 27:21:22<116:10:16, 0.052s/step step= 1906000 episodes= 3971 eps=0.050 replay= 39936 loss=0.00002 ext100=0.000 total100=0.046
[train] 27:23:06<116:08:35, 0.052s/step step= 1908000 episodes= 3975 eps=0.050 replay= 39936 loss=0.00001 ext100=0.000 total100=0.046
[train] 27:24:49<116:06:50, 0.052s/step step= 1910000 episodes= 3979 eps=0.050 replay= 39936 loss=0.00001 ext100=0.000 total100=0.046
[train] 27:26:33<116:05:07, 0.052s/step step= 1912000 episodes= 3983 eps=0.050 replay= 39936 loss=0.00001 ext100=0.000 total100=0.046
[train] 27:28:16<116:03:25, 0.052s/step step= 1914000 episodes= 3987 eps=0.050 replay= 39936 loss=0.00005 ext100=0.000 total100=0.046
[train] 27:30:00<116:01:45, 0.052s/step step= 1916000 episodes= 3992 eps=0.050 replay= 39936 loss=0.00001 ext100=0.000 total100=0.046
[train] 27:31:44<116:00:02, 0.052s/step step= 1918000 episodes= 3996 eps=0.050 replay= 39936 loss=0.00001 ext100=0.000 total100=0.046
[eval] step=1920000 episodes=4000 mean_ext_return=0.000
[train] 27:33:43<115:59:27, 0.052s/step step= 1920000 episodes= 4000 eps=0.050 replay= 39936 loss=0.00001 ext100=0.000 total100=0.046
[train] 27:35:27<115:57:46, 0.052s/step step= 1922000 episodes= 4004 eps=0.050 replay= 39936 loss=0.00003 ext100=0.000 total100=0.046
[train] 27:37:11<115:56:05, 0.052s/step step= 1924000 episodes= 4008 eps=0.050 replay= 39936 loss=0.00001 ext100=0.000 total100=0.045
[train] 27:38:55<115:54:21, 0.052s/step step= 1926000 episodes= 4012 eps=0.050 replay= 39936 loss=0.00001 ext100=0.000 total100=0.043
[train] 27:40:38<115:52:39, 0.052s/step step= 1928000 episodes= 4017 eps=0.050 replay= 39936 loss=0.00001 ext100=0.000 total100=0.044
[train] 27:42:21<115:50:54, 0.052s/step step= 1930000 episodes= 4021 eps=0.050 replay= 39936 loss=0.00002 ext100=0.000 total100=0.043
[train] 27:44:05<115:49:11, 0.052s/step step= 1932000 episodes= 4025 eps=0.050 replay= 39936 loss=0.00001 ext100=0.000 total100=0.043
[train] 27:45:48<115:47:29, 0.052s/step step= 1934000 episodes= 4029 eps=0.050 replay= 39936 loss=0.00001 ext100=0.000 total100=0.043
[train] 27:47:32<115:45:48, 0.052s/step step= 1936000 episodes= 4033 eps=0.050 replay= 39936 loss=0.00001 ext100=0.000 total100=0.043
[train] 27:49:16<115:44:05, 0.052s/step step= 1938000 episodes= 4037 eps=0.050 replay= 39936 loss=0.00002 ext100=0.000 total100=0.043
[eval] step=1940000 episodes=4042 mean_ext_return=0.000
[train] 27:51:15<115:43:29, 0.052s/step step= 1940000 episodes= 4042 eps=0.050 replay= 39936 loss=0.00001 ext100=0.000 total100=0.044
[train] 27:52:59<115:41:48, 0.052s/step step= 1942000 episodes= 4046 eps=0.050 replay= 39936 loss=0.00001 ext100=0.000 total100=0.045
[train] 27:54:43<115:40:07, 0.052s/step step= 1944000 episodes= 4050 eps=0.050 replay= 39936 loss=0.00001 ext100=0.000 total100=0.045
[train] 27:56:26<115:38:23, 0.052s/step step= 1946000 episodes= 4054 eps=0.050 replay= 39936 loss=0.00002 ext100=0.000 total100=0.045
[train] 27:58:10<115:36:41, 0.052s/step step= 1948000 episodes= 4058 eps=0.050 replay= 39936 loss=0.00001 ext100=0.000 total100=0.046
[train] 27:59:53<115:34:55, 0.052s/step step= 1950000 episodes= 4062 eps=0.050 replay= 39936 loss=0.00001 ext100=0.000 total100=0.046
[train] 28:01:36<115:33:13, 0.052s/step step= 1952000 episodes= 4067 eps=0.050 replay= 39936 loss=0.00001 ext100=0.000 total100=0.046
[train] 28:03:20<115:31:30, 0.052s/step step= 1954000 episodes= 4071 eps=0.050 replay= 39936 loss=0.00003 ext100=0.000 total100=0.047
[train] 28:05:04<115:29:49, 0.052s/step step= 1956000 episodes= 4075 eps=0.050 replay= 39936 loss=0.00001 ext100=0.000 total100=0.045
[train] 28:06:48<115:28:06, 0.052s/step step= 1958000 episodes= 4079 eps=0.050 replay= 39936 loss=0.00001 ext100=0.000 total100=0.044
[eval] step=1960000 episodes=4083 mean_ext_return=0.000
[train] 28:08:47<115:27:30, 0.052s/step step= 1960000 episodes= 4083 eps=0.050 replay= 39936 loss=0.00001 ext100=0.000 total100=0.044
[train] 28:10:31<115:25:49, 0.052s/step step= 1962000 episodes= 4087 eps=0.050 replay= 39936 loss=0.00001 ext100=0.000 total100=0.043
[train] 28:12:15<115:24:09, 0.052s/step step= 1964000 episodes= 4092 eps=0.050 replay= 39936 loss=0.00001 ext100=0.000 total100=0.044
[train] 28:13:59<115:22:25, 0.052s/step step= 1966000 episodes= 4096 eps=0.050 replay= 39936 loss=0.00001 ext100=0.000 total100=0.045
[train] 28:15:42<115:20:43, 0.052s/step step= 1968000 episodes= 4100 eps=0.050 replay= 39936 loss=0.00001 ext100=0.000 total100=0.044
[train] 28:17:25<115:18:57, 0.052s/step step= 1970000 episodes= 4104 eps=0.050 replay= 39936 loss=0.00002 ext100=0.000 total100=0.043
[train] 28:19:09<115:17:14, 0.052s/step step= 1972000 episodes= 4108 eps=0.050 replay= 39936 loss=0.00000 ext100=0.000 total100=0.046
[train] 28:20:52<115:15:32, 0.052s/step step= 1974000 episodes= 4112 eps=0.050 replay= 39936 loss=0.00001 ext100=0.000 total100=0.048
[train] 28:22:37<115:13:55, 0.052s/step step= 1976000 episodes= 4117 eps=0.050 replay= 39936 loss=0.00001 ext100=0.000 total100=0.048
[train] 28:24:21<115:12:12, 0.052s/step step= 1978000 episodes= 4121 eps=0.050 replay= 39936 loss=0.00002 ext100=0.000 total100=0.048
[eval] step=1980000 episodes=4125 mean_ext_return=0.000
[train] 28:26:21<115:11:35, 0.052s/step step= 1980000 episodes= 4125 eps=0.050 replay= 39936 loss=0.00001 ext100=0.000 total100=0.050
[train] 28:28:05<115:09:53, 0.052s/step step= 1982000 episodes= 4129 eps=0.050 replay= 39936 loss=0.00001 ext100=0.000 total100=0.050
[train] 28:29:49<115:08:12, 0.052s/step step= 1984000 episodes= 4133 eps=0.050 replay= 39936 loss=0.00001 ext100=0.000 total100=0.051
[train] 28:31:32<115:06:28, 0.052s/step step= 1986000 episodes= 4137 eps=0.050 replay= 39936 loss=0.00001 ext100=0.000 total100=0.051
[train] 28:33:16<115:04:46, 0.052s/step step= 1988000 episodes= 4142 eps=0.050 replay= 39936 loss=0.00001 ext100=0.000 total100=0.052
[train] 28:34:58<115:03:00, 0.052s/step step= 1990000 episodes= 4146 eps=0.050 replay= 39936 loss=0.00001 ext100=0.000 total100=0.052
[train] 28:36:42<115:01:18, 0.052s/step step= 1992000 episodes= 4150 eps=0.050 replay= 39936 loss=0.00000 ext100=0.000 total100=0.053
[train] 28:38:26<114:59:35, 0.052s/step step= 1994000 episodes= 4154 eps=0.050 replay= 39936 loss=0.00001 ext100=0.000 total100=0.052
[train] 28:40:10<114:57:54, 0.052s/step step= 1996000 episodes= 4158 eps=0.050 replay= 39936 loss=0.00001 ext100=0.000 total100=0.052
[train] 28:41:53<114:56:11, 0.052s/step step= 1998000 episodes= 4162 eps=0.050 replay= 39936 loss=0.00001 ext100=0.000 total100=0.051
[eval] step=2000000 episodes=4167 mean_ext_return=0.000
[train] 28:43:53<114:55:32, 0.052s/step step= 2000000 episodes= 4167 eps=0.050 replay= 39936 loss=0.00001 ext100=0.000 total100=0.051
[train] 28:45:37<114:53:51, 0.052s/step step= 2002000 episodes= 4171 eps=0.050 replay= 39936 loss=0.00001 ext100=0.000 total100=0.051
[train] 28:47:21<114:52:10, 0.052s/step step= 2004000 episodes= 4175 eps=0.050 replay= 39936 loss=0.00001 ext100=0.000 total100=0.052
[train] 28:49:04<114:50:26, 0.052s/step step= 2006000 episodes= 4179 eps=0.050 replay= 39936 loss=0.00001 ext100=0.000 total100=0.054
[train] 28:50:48<114:48:43, 0.052s/step step= 2008000 episodes= 4183 eps=0.050 replay= 39936 loss=0.00001 ext100=0.000 total100=0.053
[train] 28:52:30<114:46:57, 0.052s/step step= 2010000 episodes= 4187 eps=0.050 replay= 39936 loss=0.00002 ext100=0.000 total100=0.056
[train] 28:54:14<114:45:15, 0.052s/step step= 2012000 episodes= 4192 eps=0.050 replay= 39936 loss=0.00001 ext100=0.000 total100=0.056
[train] 28:55:58<114:43:32, 0.052s/step step= 2014000 episodes= 4196 eps=0.050 replay= 39936 loss=0.00001 ext100=0.000 total100=0.055
[train] 28:57:42<114:41:51, 0.052s/step step= 2016000 episodes= 4200 eps=0.050 replay= 39936 loss=0.00001 ext100=0.000 total100=0.056
[train] 28:59:25<114:40:08, 0.052s/step step= 2018000 episodes= 4204 eps=0.050 replay= 39936 loss=0.00001 ext100=0.000 total100=0.056
[eval] step=2020000 episodes=4208 mean_ext_return=0.000
[train] 29:01:25<114:39:29, 0.052s/step step= 2020000 episodes= 4208 eps=0.050 replay= 39936 loss=0.00001 ext100=0.000 total100=0.056
[train] 29:03:09<114:37:47, 0.052s/step step= 2022000 episodes= 4212 eps=0.050 replay= 39936 loss=0.00001 ext100=0.000 total100=0.055
[train] 29:04:53<114:36:06, 0.052s/step step= 2024000 episodes= 4217 eps=0.050 replay= 39936 loss=0.00001 ext100=0.000 total100=0.055
[train] 29:06:36<114:34:22, 0.052s/step step= 2026000 episodes= 4221 eps=0.050 replay= 39936 loss=0.00002 ext100=0.000 total100=0.056
[train] 29:08:20<114:32:39, 0.052s/step step= 2028000 episodes= 4225 eps=0.050 replay= 39936 loss=0.00000 ext100=0.000 total100=0.054
[train] 29:10:03<114:30:54, 0.052s/step step= 2030000 episodes= 4229 eps=0.050 replay= 39936 loss=0.00001 ext100=0.000 total100=0.055
[train] 29:11:46<114:29:11, 0.052s/step step= 2032000 episodes= 4233 eps=0.050 replay= 39936 loss=0.00000 ext100=0.000 total100=0.054
[train] 29:13:30<114:27:28, 0.052s/step step= 2034000 episodes= 4237 eps=0.050 replay= 39936 loss=0.00001 ext100=0.000 total100=0.054
[train] 29:15:14<114:25:47, 0.052s/step step= 2036000 episodes= 4242 eps=0.050 replay= 39936 loss=0.00001 ext100=0.000 total100=0.053
[train] 29:16:58<114:24:04, 0.052s/step step= 2038000 episodes= 4246 eps=0.050 replay= 39936 loss=0.00001 ext100=0.000 total100=0.053
[eval] step=2040000 episodes=4250 mean_ext_return=0.000
[train] 29:18:57<114:23:23, 0.052s/step step= 2040000 episodes= 4250 eps=0.050 replay= 39936 loss=0.00001 ext100=0.000 total100=0.052
[train] 29:20:41<114:21:42, 0.052s/step step= 2042000 episodes= 4254 eps=0.050 replay= 39936 loss=0.00002 ext100=0.000 total100=0.052
[train] 29:22:25<114:20:00, 0.052s/step step= 2044000 episodes= 4258 eps=0.050 replay= 39936 loss=0.00001 ext100=0.000 total100=0.052
[train] 29:24:08<114:18:15, 0.052s/step step= 2046000 episodes= 4262 eps=0.050 replay= 39936 loss=0.00001 ext100=0.000 total100=0.051
[train] 29:25:52<114:16:32, 0.052s/step step= 2048000 episodes= 4267 eps=0.050 replay= 39936 loss=0.00001 ext100=0.000 total100=0.053
[train] 29:27:35<114:14:46, 0.052s/step step= 2050000 episodes= 4271 eps=0.050 replay= 39936 loss=0.00002 ext100=0.000 total100=0.053
[train] 29:29:18<114:13:03, 0.052s/step step= 2052000 episodes= 4275 eps=0.050 replay= 39936 loss=0.00001 ext100=0.000 total100=0.052
[train] 29:31:02<114:11:20, 0.052s/step step= 2054000 episodes= 4279 eps=0.050 replay= 39936 loss=0.00001 ext100=0.000 total100=0.052
[train] 29:32:46<114:09:38, 0.052s/step step= 2056000 episodes= 4283 eps=0.050 replay= 39936 loss=0.00001 ext100=0.000 total100=0.052
[train] 29:34:29<114:07:55, 0.052s/step step= 2058000 episodes= 4287 eps=0.050 replay= 39936 loss=0.00002 ext100=0.000 total100=0.050
[eval] step=2060000 episodes=4292 mean_ext_return=0.000
[train] 29:36:29<114:07:15, 0.052s/step step= 2060000 episodes= 4292 eps=0.050 replay= 39936 loss=0.00001 ext100=0.000 total100=0.049
[train] 29:38:13<114:05:34, 0.052s/step step= 2062000 episodes= 4296 eps=0.050 replay= 39936 loss=0.00001 ext100=0.000 total100=0.050
[train] 29:39:57<114:03:52, 0.052s/step step= 2064000 episodes= 4300 eps=0.050 replay= 39936 loss=0.00001 ext100=0.000 total100=0.050
[train] 29:41:40<114:02:08, 0.052s/step step= 2066000 episodes= 4304 eps=0.050 replay= 39936 loss=0.00002 ext100=0.000 total100=0.051
[train] 29:43:24<114:00:25, 0.052s/step step= 2068000 episodes= 4308 eps=0.050 replay= 39936 loss=0.00001 ext100=0.000 total100=0.050
[train] 29:45:07<113:58:39, 0.052s/step step= 2070000 episodes= 4312 eps=0.050 replay= 39936 loss=0.00001 ext100=0.000 total100=0.050
[train] 29:46:50<113:56:56, 0.052s/step step= 2072000 episodes= 4317 eps=0.050 replay= 39936 loss=0.00001 ext100=0.000 total100=0.051
[train] 29:48:34<113:55:13, 0.052s/step step= 2074000 episodes= 4321 eps=0.050 replay= 39936 loss=0.00001 ext100=0.000 total100=0.050
[train] 29:50:18<113:53:31, 0.052s/step step= 2076000 episodes= 4325 eps=0.050 replay= 39936 loss=0.00001 ext100=0.000 total100=0.051
[train] 29:52:02<113:51:48, 0.052s/step step= 2078000 episodes= 4329 eps=0.050 replay= 39936 loss=0.00001 ext100=0.000 total100=0.049
[eval] step=2080000 episodes=4333 mean_ext_return=0.000
[train] 29:54:01<113:51:06, 0.052s/step step= 2080000 episodes= 4333 eps=0.050 replay= 39936 loss=0.00001 ext100=0.000 total100=0.050
[train] 29:55:45<113:49:24, 0.052s/step step= 2082000 episodes= 4337 eps=0.050 replay= 39936 loss=0.00004 ext100=0.000 total100=0.050
[train] 29:57:29<113:47:43, 0.052s/step step= 2084000 episodes= 4342 eps=0.050 replay= 39936 loss=0.00001 ext100=0.000 total100=0.048
[train] 29:59:12<113:45:58, 0.052s/step step= 2086000 episodes= 4346 eps=0.050 replay= 39936 loss=0.00001 ext100=0.000 total100=0.048
[train] 30:00:56<113:44:15, 0.052s/step step= 2088000 episodes= 4350 eps=0.050 replay= 39936 loss=0.00001 ext100=0.000 total100=0.048
[train] 30:02:39<113:42:29, 0.052s/step step= 2090000 episodes= 4354 eps=0.050 replay= 39936 loss=0.00002 ext100=0.000 total100=0.049
[train] 30:04:22<113:40:46, 0.052s/step step= 2092000 episodes= 4358 eps=0.050 replay= 39936 loss=0.00001 ext100=0.000 total100=0.050
[train] 30:06:06<113:39:02, 0.052s/step step= 2094000 episodes= 4362 eps=0.050 replay= 39936 loss=0.00001 ext100=0.000 total100=0.050
[train] 30:07:50<113:37:20, 0.052s/step step= 2096000 episodes= 4367 eps=0.050 replay= 39936 loss=0.00001 ext100=0.000 total100=0.050
[train] 30:09:33<113:35:37, 0.052s/step step= 2098000 episodes= 4371 eps=0.050 replay= 39936 loss=0.00001 ext100=0.000 total100=0.050
[eval] step=2100000 episodes=4375 mean_ext_return=0.000
[train] 30:11:33<113:34:54, 0.052s/step step= 2100000 episodes= 4375 eps=0.050 replay= 39936 loss=0.00001 ext100=0.000 total100=0.049
[train] 30:13:17<113:33:12, 0.052s/step step= 2102000 episodes= 4379 eps=0.050 replay= 39936 loss=0.00000 ext100=0.000 total100=0.048
[train] 30:15:01<113:31:31, 0.052s/step step= 2104000 episodes= 4383 eps=0.050 replay= 39936 loss=0.00001 ext100=0.000 total100=0.049
[train] 30:16:45<113:29:47, 0.052s/step step= 2106000 episodes= 4387 eps=0.050 replay= 39936 loss=0.00001 ext100=0.000 total100=0.050
[train] 30:18:28<113:28:03, 0.052s/step step= 2108000 episodes= 4392 eps=0.050 replay= 39936 loss=0.00001 ext100=0.000 total100=0.049
[train] 30:20:11<113:26:18, 0.052s/step step= 2110000 episodes= 4396 eps=0.050 replay= 39936 loss=0.00000 ext100=0.000 total100=0.049
[train] 30:21:55<113:24:35, 0.052s/step step= 2112000 episodes= 4400 eps=0.050 replay= 39936 loss=0.00001 ext100=0.000 total100=0.048
[train] 30:23:38<113:22:51, 0.052s/step step= 2114000 episodes= 4404 eps=0.050 replay= 39936 loss=0.00001 ext100=0.000 total100=0.046
[train] 30:25:22<113:21:10, 0.052s/step step= 2116000 episodes= 4408 eps=0.050 replay= 39936 loss=0.00001 ext100=0.000 total100=0.046
[train] 30:27:06<113:19:26, 0.052s/step step= 2118000 episodes= 4412 eps=0.050 replay= 39936 loss=0.00001 ext100=0.000 total100=0.046
[eval] step=2120000 episodes=4417 mean_ext_return=0.000
[train] 30:29:05<113:18:43, 0.052s/step step= 2120000 episodes= 4417 eps=0.050 replay= 39936 loss=0.00001 ext100=0.000 total100=0.045
[train] 30:30:49<113:17:01, 0.052s/step step= 2122000 episodes= 4421 eps=0.050 replay= 39936 loss=0.00002 ext100=0.000 total100=0.044
[train] 30:32:33<113:15:19, 0.052s/step step= 2124000 episodes= 4425 eps=0.050 replay= 39936 loss=0.00001 ext100=0.000 total100=0.043
[train] 30:34:17<113:13:35, 0.052s/step step= 2126000 episodes= 4429 eps=0.050 replay= 39936 loss=0.00001 ext100=0.000 total100=0.043
[train] 30:36:00<113:11:51, 0.052s/step step= 2128000 episodes= 4433 eps=0.050 replay= 39936 loss=0.00001 ext100=0.000 total100=0.042
[train] 30:37:43<113:10:05, 0.052s/step step= 2130000 episodes= 4437 eps=0.050 replay= 39936 loss=0.00002 ext100=0.000 total100=0.042
[train] 30:39:27<113:08:22, 0.052s/step step= 2132000 episodes= 4442 eps=0.050 replay= 39936 loss=0.00001 ext100=0.000 total100=0.043
[train] 30:41:10<113:06:38, 0.052s/step step= 2134000 episodes= 4446 eps=0.050 replay= 39936 loss=0.00001 ext100=0.000 total100=0.043
[train] 30:42:54<113:04:56, 0.052s/step step= 2136000 episodes= 4450 eps=0.050 replay= 39936 loss=0.00001 ext100=0.000 total100=0.043
[train] 30:44:38<113:03:13, 0.052s/step step= 2138000 episodes= 4454 eps=0.050 replay= 39936 loss=0.00001 ext100=0.000 total100=0.042
[eval] step=2140000 episodes=4458 mean_ext_return=0.000
[train] 30:46:37<113:02:28, 0.052s/step step= 2140000 episodes= 4458 eps=0.050 replay= 39936 loss=0.00001 ext100=0.000 total100=0.041
[train] 30:48:21<113:00:46, 0.052s/step step= 2142000 episodes= 4462 eps=0.050 replay= 39936 loss=0.00000 ext100=0.000 total100=0.042
[train] 30:50:05<112:59:04, 0.052s/step step= 2144000 episodes= 4467 eps=0.050 replay= 39936 loss=0.00001 ext100=0.000 total100=0.041
[train] 30:51:48<112:57:20, 0.052s/step step= 2146000 episodes= 4471 eps=0.050 replay= 39936 loss=0.00003 ext100=0.000 total100=0.042
[train] 30:53:32<112:55:35, 0.052s/step step= 2148000 episodes= 4475 eps=0.050 replay= 39936 loss=0.00001 ext100=0.000 total100=0.044
[train] 30:55:15<112:53:50, 0.052s/step step= 2150000 episodes= 4479 eps=0.050 replay= 39936 loss=0.00001 ext100=0.000 total100=0.044
[train] 30:56:58<112:52:07, 0.052s/step step= 2152000 episodes= 4483 eps=0.050 replay= 39936 loss=0.00000 ext100=0.000 total100=0.043
[train] 30:58:42<112:50:23, 0.052s/step step= 2154000 episodes= 4487 eps=0.050 replay= 39936 loss=0.00002 ext100=0.000 total100=0.042
[train] 31:00:26<112:48:41, 0.052s/step step= 2156000 episodes= 4492 eps=0.050 replay= 39936 loss=0.00001 ext100=0.000 total100=0.045
[train] 31:02:10<112:46:58, 0.052s/step step= 2158000 episodes= 4496 eps=0.050 replay= 39936 loss=0.00001 ext100=0.000 total100=0.045
[eval] step=2160000 episodes=4500 mean_ext_return=0.000
[train] 31:04:09<112:46:13, 0.052s/step step= 2160000 episodes= 4500 eps=0.050 replay= 39936 loss=0.00001 ext100=0.000 total100=0.045
[train] 31:05:53<112:44:30, 0.052s/step step= 2162000 episodes= 4504 eps=0.050 replay= 39936 loss=0.00003 ext100=0.000 total100=0.045
[train] 31:07:37<112:42:49, 0.052s/step step= 2164000 episodes= 4508 eps=0.050 replay= 39936 loss=0.00001 ext100=0.000 total100=0.045
[train] 31:09:21<112:41:04, 0.052s/step step= 2166000 episodes= 4512 eps=0.050 replay= 39936 loss=0.00001 ext100=0.000 total100=0.045
[train] 31:11:04<112:39:20, 0.052s/step step= 2168000 episodes= 4517 eps=0.050 replay= 39936 loss=0.00001 ext100=0.000 total100=0.045
[train] 31:12:47<112:37:34, 0.052s/step step= 2170000 episodes= 4521 eps=0.050 replay= 39936 loss=0.00001 ext100=0.000 total100=0.046
[train] 31:14:30<112:35:51, 0.052s/step step= 2172000 episodes= 4525 eps=0.050 replay= 39936 loss=0.00001 ext100=0.000 total100=0.046
[train] 31:16:14<112:34:07, 0.052s/step step= 2174000 episodes= 4529 eps=0.050 replay= 39936 loss=0.00000 ext100=0.000 total100=0.046
[train] 31:17:58<112:32:25, 0.052s/step step= 2176000 episodes= 4533 eps=0.050 replay= 39936 loss=0.00001 ext100=0.000 total100=0.046
[train] 31:19:42<112:30:41, 0.052s/step step= 2178000 episodes= 4537 eps=0.050 replay= 39936 loss=0.00002 ext100=0.000 total100=0.047
[eval] step=2180000 episodes=4542 mean_ext_return=0.000
[train] 31:21:41<112:29:55, 0.052s/step step= 2180000 episodes= 4542 eps=0.050 replay= 39936 loss=0.00001 ext100=0.000 total100=0.047
[train] 31:23:25<112:28:13, 0.052s/step step= 2182000 episodes= 4546 eps=0.050 replay= 39936 loss=0.00001 ext100=0.000 total100=0.047
[train] 31:25:09<112:26:32, 0.052s/step step= 2184000 episodes= 4550 eps=0.050 replay= 39936 loss=0.00001 ext100=0.000 total100=0.048
[train] 31:26:53<112:24:48, 0.052s/step step= 2186000 episodes= 4554 eps=0.050 replay= 39936 loss=0.00002 ext100=0.000 total100=0.048
[train] 31:28:36<112:23:04, 0.052s/step step= 2188000 episodes= 4558 eps=0.050 replay= 39936 loss=0.00001 ext100=0.000 total100=0.048
[train] 31:30:19<112:21:18, 0.052s/step step= 2190000 episodes= 4562 eps=0.050 replay= 39936 loss=0.00000 ext100=0.000 total100=0.047
[train] 31:32:03<112:19:34, 0.052s/step step= 2192000 episodes= 4567 eps=0.050 replay= 39936 loss=0.00000 ext100=0.000 total100=0.046
[train] 31:33:46<112:17:50, 0.052s/step step= 2194000 episodes= 4571 eps=0.050 replay= 39936 loss=0.00001 ext100=0.000 total100=0.046
[train] 31:35:30<112:16:08, 0.052s/step step= 2196000 episodes= 4575 eps=0.050 replay= 39936 loss=0.00001 ext100=0.000 total100=0.042
[train] 31:37:14<112:14:24, 0.052s/step step= 2198000 episodes= 4579 eps=0.050 replay= 39936 loss=0.00000 ext100=0.000 total100=0.044
[eval] step=2200000 episodes=4583 mean_ext_return=0.000
[train] 31:39:13<112:13:38, 0.052s/step step= 2200000 episodes= 4583 eps=0.050 replay= 39936 loss=0.00001 ext100=0.000 total100=0.045
[train] 31:40:57<112:11:56, 0.052s/step step= 2202000 episodes= 4587 eps=0.050 replay= 39936 loss=0.00002 ext100=0.000 total100=0.045
[train] 31:42:42<112:10:14, 0.052s/step step= 2204000 episodes= 4592 eps=0.050 replay= 39936 loss=0.00001 ext100=0.000 total100=0.041
[train] 31:44:25<112:08:30, 0.052s/step step= 2206000 episodes= 4596 eps=0.050 replay= 39936 loss=0.00001 ext100=0.000 total100=0.043
[train] 31:46:08<112:06:46, 0.052s/step step= 2208000 episodes= 4600 eps=0.050 replay= 39936 loss=0.00001 ext100=0.000 total100=0.042
[train] 31:47:51<112:05:00, 0.052s/step step= 2210000 episodes= 4604 eps=0.050 replay= 39936 loss=0.00001 ext100=0.000 total100=0.042
[train] 31:49:35<112:03:16, 0.052s/step step= 2212000 episodes= 4608 eps=0.050 replay= 39936 loss=0.00001 ext100=0.000 total100=0.043
[train] 31:51:18<112:01:32, 0.052s/step step= 2214000 episodes= 4612 eps=0.050 replay= 39936 loss=0.00001 ext100=0.000 total100=0.043
[train] 31:53:02<111:59:50, 0.052s/step step= 2216000 episodes= 4617 eps=0.050 replay= 39936 loss=0.00001 ext100=0.000 total100=0.043
[train] 31:54:46<111:58:07, 0.052s/step step= 2218000 episodes= 4621 eps=0.050 replay= 39936 loss=0.00001 ext100=0.000 total100=0.043
[eval] step=2220000 episodes=4625 mean_ext_return=0.000
[train] 31:56:46<111:57:19, 0.052s/step step= 2220000 episodes= 4625 eps=0.050 replay= 39936 loss=0.00001 ext100=0.000 total100=0.043
[train] 31:58:30<111:55:37, 0.052s/step step= 2222000 episodes= 4629 eps=0.050 replay= 39936 loss=0.00001 ext100=0.000 total100=0.042
[train] 32:00:14<111:53:55, 0.052s/step step= 2224000 episodes= 4633 eps=0.050 replay= 39936 loss=0.00000 ext100=0.000 total100=0.042
[train] 32:01:58<111:52:12, 0.052s/step step= 2226000 episodes= 4637 eps=0.050 replay= 39936 loss=0.00001 ext100=0.000 total100=0.040
[train] 32:03:41<111:50:27, 0.052s/step step= 2228000 episodes= 4642 eps=0.050 replay= 39936 loss=0.00001 ext100=0.000 total100=0.041
[train] 32:05:24<111:48:42, 0.052s/step step= 2230000 episodes= 4646 eps=0.050 replay= 39936 loss=0.00001 ext100=0.000 total100=0.040
[train] 32:07:07<111:46:58, 0.052s/step step= 2232000 episodes= 4650 eps=0.050 replay= 39936 loss=0.00001 ext100=0.000 total100=0.038
[train] 32:08:51<111:45:14, 0.052s/step step= 2234000 episodes= 4654 eps=0.050 replay= 39936 loss=0.00001 ext100=0.000 total100=0.038
[train] 32:10:35<111:43:32, 0.052s/step step= 2236000 episodes= 4658 eps=0.050 replay= 39936 loss=0.00000 ext100=0.000 total100=0.037
[train] 32:12:19<111:41:48, 0.052s/step step= 2238000 episodes= 4662 eps=0.050 replay= 39936 loss=0.00001 ext100=0.000 total100=0.038
[eval] step=2240000 episodes=4667 mean_ext_return=0.000
[train] 32:14:18<111:41:00, 0.052s/step step= 2240000 episodes= 4667 eps=0.050 replay= 39936 loss=0.00001 ext100=0.000 total100=0.037
[train] 32:16:02<111:39:18, 0.052s/step step= 2242000 episodes= 4671 eps=0.050 replay= 39936 loss=0.00002 ext100=0.000 total100=0.034
[train] 32:17:46<111:37:36, 0.052s/step step= 2244000 episodes= 4675 eps=0.050 replay= 39936 loss=0.00001 ext100=0.000 total100=0.037
[train] 32:19:30<111:35:52, 0.052s/step step= 2246000 episodes= 4679 eps=0.050 replay= 39936 loss=0.00001 ext100=0.000 total100=0.035
[train] 32:21:13<111:34:07, 0.052s/step step= 2248000 episodes= 4683 eps=0.050 replay= 39936 loss=0.00001 ext100=0.000 total100=0.035
[train] 32:22:56<111:32:21, 0.052s/step step= 2250000 episodes= 4687 eps=0.050 replay= 39936 loss=0.00001 ext100=0.000 total100=0.034
[train] 32:24:40<111:30:38, 0.052s/step step= 2252000 episodes= 4692 eps=0.050 replay= 39936 loss=0.00001 ext100=0.000 total100=0.036
[train] 32:26:23<111:28:54, 0.052s/step step= 2254000 episodes= 4696 eps=0.050 replay= 39936 loss=0.00001 ext100=0.000 total100=0.035
[train] 32:28:07<111:27:11, 0.052s/step step= 2256000 episodes= 4700 eps=0.050 replay= 39936 loss=0.00000 ext100=0.000 total100=0.036
[train] 32:29:51<111:25:27, 0.052s/step step= 2258000 episodes= 4704 eps=0.050 replay= 39936 loss=0.00001 ext100=0.000 total100=0.036
[eval] step=2260000 episodes=4708 mean_ext_return=0.000
[train] 32:31:51<111:24:39, 0.052s/step step= 2260000 episodes= 4708 eps=0.050 replay= 39936 loss=0.00001 ext100=0.000 total100=0.035
[train] 32:33:35<111:22:57, 0.052s/step step= 2262000 episodes= 4712 eps=0.050 replay= 39936 loss=0.00001 ext100=0.000 total100=0.035
[train] 32:35:19<111:21:15, 0.052s/step step= 2264000 episodes= 4717 eps=0.050 replay= 39936 loss=0.00000 ext100=0.000 total100=0.034
[train] 32:37:02<111:19:30, 0.052s/step step= 2266000 episodes= 4721 eps=0.050 replay= 39936 loss=0.00002 ext100=0.000 total100=0.035
[train] 32:38:45<111:17:45, 0.052s/step step= 2268000 episodes= 4725 eps=0.050 replay= 39936 loss=0.00001 ext100=0.000 total100=0.035
[train] 32:40:28<111:15:59, 0.052s/step step= 2270000 episodes= 4729 eps=0.050 replay= 39936 loss=0.00001 ext100=0.000 total100=0.036
[train] 32:42:12<111:14:16, 0.052s/step step= 2272000 episodes= 4733 eps=0.050 replay= 39936 loss=0.00001 ext100=0.000 total100=0.035
[train] 32:43:56<111:12:32, 0.052s/step step= 2274000 episodes= 4737 eps=0.050 replay= 39936 loss=0.00001 ext100=0.000 total100=0.035
[train] 32:45:39<111:10:49, 0.052s/step step= 2276000 episodes= 4742 eps=0.050 replay= 39936 loss=0.00000 ext100=0.000 total100=0.035
[train] 32:47:23<111:09:05, 0.052s/step step= 2278000 episodes= 4746 eps=0.050 replay= 39936 loss=0.00000 ext100=0.000 total100=0.036
[eval] step=2280000 episodes=4750 mean_ext_return=0.000
[train] 32:49:23<111:08:16, 0.052s/step step= 2280000 episodes= 4750 eps=0.050 replay= 39936 loss=0.00000 ext100=0.000 total100=0.038
[train] 32:51:07<111:06:33, 0.052s/step step= 2282000 episodes= 4754 eps=0.050 replay= 39936 loss=0.00001 ext100=0.000 total100=0.038
[train] 32:52:51<111:04:51, 0.052s/step step= 2284000 episodes= 4758 eps=0.050 replay= 39936 loss=0.00000 ext100=0.000 total100=0.038
[train] 32:54:34<111:03:07, 0.052s/step step= 2286000 episodes= 4762 eps=0.050 replay= 39936 loss=0.00001 ext100=0.000 total100=0.038
[train] 32:56:17<111:01:21, 0.052s/step step= 2288000 episodes= 4767 eps=0.050 replay= 39936 loss=0.00000 ext100=0.000 total100=0.039
[train] 32:58:00<110:59:36, 0.052s/step step= 2290000 episodes= 4771 eps=0.050 replay= 39936 loss=0.00001 ext100=0.000 total100=0.041
[train] 32:59:44<110:57:52, 0.052s/step step= 2292000 episodes= 4775 eps=0.050 replay= 39936 loss=0.00000 ext100=0.000 total100=0.040
[train] 33:01:28<110:56:08, 0.052s/step step= 2294000 episodes= 4779 eps=0.050 replay= 39936 loss=0.00001 ext100=0.000 total100=0.039
[train] 33:03:12<110:54:25, 0.052s/step step= 2296000 episodes= 4783 eps=0.050 replay= 39936 loss=0.00000 ext100=0.000 total100=0.040
[train] 33:04:55<110:52:41, 0.052s/step step= 2298000 episodes= 4787 eps=0.050 replay= 39936 loss=0.00002 ext100=0.000 total100=0.040
[eval] step=2300000 episodes=4792 mean_ext_return=0.000
[train] 33:06:55<110:51:52, 0.052s/step step= 2300000 episodes= 4792 eps=0.050 replay= 39936 loss=0.00001 ext100=0.000 total100=0.040
[train] 33:08:39<110:50:10, 0.052s/step step= 2302000 episodes= 4796 eps=0.050 replay= 39936 loss=0.00001 ext100=0.000 total100=0.041
[train] 33:10:23<110:48:27, 0.052s/step step= 2304000 episodes= 4800 eps=0.050 replay= 39936 loss=0.00001 ext100=0.000 total100=0.042
[train] 33:12:06<110:46:42, 0.052s/step step= 2306000 episodes= 4804 eps=0.050 replay= 39936 loss=0.00002 ext100=0.000 total100=0.045
[train] 33:13:49<110:44:56, 0.052s/step step= 2308000 episodes= 4808 eps=0.050 replay= 39936 loss=0.00001 ext100=0.000 total100=0.044
[train] 33:15:32<110:43:11, 0.052s/step step= 2310000 episodes= 4812 eps=0.050 replay= 39936 loss=0.00001 ext100=0.000 total100=0.045
[train] 33:17:16<110:41:27, 0.052s/step step= 2312000 episodes= 4817 eps=0.050 replay= 39936 loss=0.00001 ext100=0.000 total100=0.045
[train] 33:19:00<110:39:44, 0.052s/step step= 2314000 episodes= 4821 eps=0.050 replay= 39936 loss=0.00001 ext100=0.000 total100=0.046
[train] 33:20:44<110:38:01, 0.052s/step step= 2316000 episodes= 4825 eps=0.050 replay= 39936 loss=0.00001 ext100=0.000 total100=0.046
[train] 33:22:27<110:36:17, 0.052s/step step= 2318000 episodes= 4829 eps=0.050 replay= 39936 loss=0.00000 ext100=0.000 total100=0.045
[eval] step=2320000 episodes=4833 mean_ext_return=0.000
[train] 33:24:27<110:35:26, 0.052s/step step= 2320000 episodes= 4833 eps=0.050 replay= 39936 loss=0.00000 ext100=0.000 total100=0.046
[train] 33:26:11<110:33:44, 0.052s/step step= 2322000 episodes= 4837 eps=0.050 replay= 39936 loss=0.00001 ext100=0.000 total100=0.047
[train] 33:27:55<110:32:01, 0.052s/step step= 2324000 episodes= 4842 eps=0.050 replay= 39936 loss=0.00001 ext100=0.000 total100=0.047
[train] 33:29:38<110:30:16, 0.052s/step step= 2326000 episodes= 4846 eps=0.050 replay= 39936 loss=0.00000 ext100=0.000 total100=0.046
[train] 33:31:22<110:28:31, 0.052s/step step= 2328000 episodes= 4850 eps=0.050 replay= 39936 loss=0.00001 ext100=0.000 total100=0.045
[train] 33:33:05<110:26:45, 0.052s/step step= 2330000 episodes= 4854 eps=0.050 replay= 39936 loss=0.00003 ext100=0.000 total100=0.045
[train] 33:34:48<110:25:01, 0.052s/step step= 2332000 episodes= 4858 eps=0.050 replay= 39936 loss=0.00001 ext100=0.000 total100=0.045
[train] 33:36:32<110:23:17, 0.052s/step step= 2334000 episodes= 4862 eps=0.050 replay= 39936 loss=0.00000 ext100=0.000 total100=0.046
[train] 33:38:16<110:21:35, 0.052s/step step= 2336000 episodes= 4867 eps=0.050 replay= 39936 loss=0.00001 ext100=0.000 total100=0.045
[train] 33:39:59<110:19:51, 0.052s/step step= 2338000 episodes= 4871 eps=0.050 replay= 39936 loss=0.00001 ext100=0.000 total100=0.046
[eval] step=2340000 episodes=4875 mean_ext_return=0.000
[train] 33:41:59<110:19:00, 0.052s/step step= 2340000 episodes= 4875 eps=0.050 replay= 39936 loss=0.00000 ext100=0.000 total100=0.047
[train] 33:43:43<110:17:17, 0.052s/step step= 2342000 episodes= 4879 eps=0.050 replay= 39936 loss=0.00001 ext100=0.000 total100=0.047
[train] 33:45:27<110:15:34, 0.052s/step step= 2344000 episodes= 4883 eps=0.050 replay= 39936 loss=0.00001 ext100=0.000 total100=0.047
[train] 33:47:11<110:13:51, 0.052s/step step= 2346000 episodes= 4887 eps=0.050 replay= 39936 loss=0.00002 ext100=0.000 total100=0.047
[train] 33:48:54<110:12:05, 0.052s/step step= 2348000 episodes= 4892 eps=0.050 replay= 39936 loss=0.00001 ext100=0.000 total100=0.047
[train] 33:50:37<110:10:19, 0.052s/step step= 2350000 episodes= 4896 eps=0.050 replay= 39936 loss=0.00001 ext100=0.000 total100=0.046
[train] 33:52:21<110:08:35, 0.052s/step step= 2352000 episodes= 4900 eps=0.050 replay= 39936 loss=0.00001 ext100=0.000 total100=0.044
[train] 33:54:04<110:06:51, 0.052s/step step= 2354000 episodes= 4904 eps=0.050 replay= 39936 loss=0.00002 ext100=0.000 total100=0.043
[train] 33:55:48<110:05:09, 0.052s/step step= 2356000 episodes= 4908 eps=0.050 replay= 39936 loss=0.00001 ext100=0.000 total100=0.043
[train] 33:57:32<110:03:24, 0.052s/step step= 2358000 episodes= 4912 eps=0.050 replay= 39936 loss=0.00001 ext100=0.000 total100=0.043
[eval] step=2360000 episodes=4917 mean_ext_return=0.000
[train] 33:59:31<110:02:33, 0.052s/step step= 2360000 episodes= 4917 eps=0.050 replay= 39936 loss=0.00003 ext100=0.000 total100=0.044
[train] 34:01:15<110:00:50, 0.052s/step step= 2362000 episodes= 4921 eps=0.050 replay= 39936 loss=0.00003 ext100=0.000 total100=0.044
[train] 34:02:59<109:59:07, 0.052s/step step= 2364000 episodes= 4925 eps=0.050 replay= 39936 loss=0.00001 ext100=0.000 total100=0.044
[train] 34:04:43<109:57:22, 0.052s/step step= 2366000 episodes= 4929 eps=0.050 replay= 39936 loss=0.00001 ext100=0.000 total100=0.044
[train] 34:06:26<109:55:36, 0.052s/step step= 2368000 episodes= 4933 eps=0.050 replay= 39936 loss=0.00001 ext100=0.000 total100=0.044
[train] 34:08:09<109:53:51, 0.052s/step step= 2370000 episodes= 4937 eps=0.050 replay= 39936 loss=0.00001 ext100=0.000 total100=0.044
[train] 34:09:52<109:52:06, 0.052s/step step= 2372000 episodes= 4942 eps=0.050 replay= 39936 loss=0.00001 ext100=0.000 total100=0.043
[train] 34:11:36<109:50:21, 0.052s/step step= 2374000 episodes= 4946 eps=0.050 replay= 39936 loss=0.00000 ext100=0.000 total100=0.044
[train] 34:13:20<109:48:38, 0.052s/step step= 2376000 episodes= 4950 eps=0.050 replay= 39936 loss=0.00000 ext100=0.000 total100=0.045
[train] 34:15:03<109:46:54, 0.052s/step step= 2378000 episodes= 4954 eps=0.050 replay= 39936 loss=0.00002 ext100=0.000 total100=0.045
[eval] step=2380000 episodes=4958 mean_ext_return=0.000
[train] 34:17:03<109:46:01, 0.052s/step step= 2380000 episodes= 4958 eps=0.050 replay= 39936 loss=0.00001 ext100=0.000 total100=0.045
[train] 34:18:47<109:44:18, 0.052s/step step= 2382000 episodes= 4962 eps=0.050 replay= 39936 loss=0.00001 ext100=0.000 total100=0.044
[train] 34:20:31<109:42:36, 0.052s/step step= 2384000 episodes= 4967 eps=0.050 replay= 39936 loss=0.00001 ext100=0.000 total100=0.045
[train] 34:22:14<109:40:51, 0.052s/step step= 2386000 episodes= 4971 eps=0.050 replay= 39936 loss=0.00002 ext100=0.000 total100=0.045
[train] 34:23:57<109:39:05, 0.052s/step step= 2388000 episodes= 4975 eps=0.050 replay= 39936 loss=0.00001 ext100=0.000 total100=0.045
[train] 34:25:40<109:37:20, 0.052s/step step= 2390000 episodes= 4979 eps=0.050 replay= 39936 loss=0.00001 ext100=0.000 total100=0.046
[train] 34:27:24<109:35:35, 0.052s/step step= 2392000 episodes= 4983 eps=0.050 replay= 39936 loss=0.00001 ext100=0.000 total100=0.044
[train] 34:29:07<109:33:51, 0.052s/step step= 2394000 episodes= 4987 eps=0.050 replay= 39936 loss=0.00001 ext100=0.000 total100=0.042
[train] 34:30:51<109:32:08, 0.052s/step step= 2396000 episodes= 4992 eps=0.050 replay= 39936 loss=0.00001 ext100=0.000 total100=0.042
[train] 34:32:35<109:30:24, 0.052s/step step= 2398000 episodes= 4996 eps=0.050 replay= 39936 loss=0.00001 ext100=0.000 total100=0.042
[eval] step=2400000 episodes=5000 mean_ext_return=0.000
[train] 34:34:35<109:29:31, 0.052s/step step= 2400000 episodes= 5000 eps=0.050 replay= 39936 loss=0.00001 ext100=0.000 total100=0.041
[train] 34:36:19<109:27:48, 0.052s/step step= 2402000 episodes= 5004 eps=0.050 replay= 39936 loss=0.00002 ext100=0.000 total100=0.040
[train] 34:38:03<109:26:05, 0.052s/step step= 2404000 episodes= 5008 eps=0.050 replay= 39936 loss=0.00001 ext100=0.000 total100=0.039
[train] 34:39:46<109:24:20, 0.052s/step step= 2406000 episodes= 5012 eps=0.050 replay= 39936 loss=0.00000 ext100=0.000 total100=0.039
[train] 34:41:29<109:22:34, 0.052s/step step= 2408000 episodes= 5017 eps=0.050 replay= 39936 loss=0.00000 ext100=0.000 total100=0.037
[train] 34:43:12<109:20:49, 0.052s/step step= 2410000 episodes= 5021 eps=0.050 replay= 39936 loss=0.00001 ext100=0.000 total100=0.036
[train] 34:44:56<109:19:04, 0.052s/step step= 2412000 episodes= 5025 eps=0.050 replay= 39936 loss=0.00000 ext100=0.000 total100=0.036
[train] 34:46:39<109:17:20, 0.052s/step step= 2414000 episodes= 5029 eps=0.050 replay= 39936 loss=0.00000 ext100=0.000 total100=0.036
[train] 34:48:23<109:15:37, 0.052s/step step= 2416000 episodes= 5033 eps=0.050 replay= 39936 loss=0.00000 ext100=0.000 total100=0.034
[train] 34:50:07<109:13:53, 0.052s/step step= 2418000 episodes= 5037 eps=0.050 replay= 39936 loss=0.00002 ext100=0.000 total100=0.033
[eval] step=2420000 episodes=5042 mean_ext_return=0.000
[train] 34:52:06<109:12:58, 0.052s/step step= 2420000 episodes= 5042 eps=0.050 replay= 39936 loss=0.00001 ext100=0.000 total100=0.033
[train] 34:53:50<109:11:15, 0.052s/step step= 2422000 episodes= 5046 eps=0.050 replay= 39936 loss=0.00000 ext100=0.000 total100=0.032
[train] 34:55:34<109:09:32, 0.052s/step step= 2424000 episodes= 5050 eps=0.050 replay= 39936 loss=0.00000 ext100=0.000 total100=0.031
[train] 34:57:18<109:07:47, 0.052s/step step= 2426000 episodes= 5054 eps=0.050 replay= 39936 loss=0.00001 ext100=0.000 total100=0.030
[train] 34:59:00<109:06:01, 0.052s/step step= 2428000 episodes= 5058 eps=0.050 replay= 39936 loss=0.00001 ext100=0.000 total100=0.031
[train] 35:00:44<109:04:16, 0.052s/step step= 2430000 episodes= 5062 eps=0.050 replay= 39936 loss=0.00000 ext100=0.000 total100=0.031
[train] 35:02:27<109:02:31, 0.052s/step step= 2432000 episodes= 5067 eps=0.050 replay= 39936 loss=0.00001 ext100=0.000 total100=0.029
[train] 35:04:11<109:00:46, 0.052s/step step= 2434000 episodes= 5071 eps=0.050 replay= 39936 loss=0.00002 ext100=0.000 total100=0.028
[train] 35:05:55<108:59:03, 0.052s/step step= 2436000 episodes= 5075 eps=0.050 replay= 39936 loss=0.00001 ext100=0.000 total100=0.027
[train] 35:07:38<108:57:18, 0.052s/step step= 2438000 episodes= 5079 eps=0.050 replay= 39936 loss=0.00000 ext100=0.000 total100=0.027
[eval] step=2440000 episodes=5083 mean_ext_return=0.000
[train] 35:09:38<108:56:24, 0.052s/step step= 2440000 episodes= 5083 eps=0.050 replay= 39936 loss=0.00001 ext100=0.000 total100=0.029
[train] 35:11:21<108:54:41, 0.052s/step step= 2442000 episodes= 5087 eps=0.050 replay= 39936 loss=0.00001 ext100=0.000 total100=0.030
[train] 35:13:06<108:52:58, 0.052s/step step= 2444000 episodes= 5092 eps=0.050 replay= 39936 loss=0.00001 ext100=0.000 total100=0.031
[train] 35:14:49<108:51:13, 0.052s/step step= 2446000 episodes= 5096 eps=0.050 replay= 39936 loss=0.00001 ext100=0.000 total100=0.031
[train] 35:16:32<108:49:27, 0.052s/step step= 2448000 episodes= 5100 eps=0.050 replay= 39936 loss=0.00001 ext100=0.000 total100=0.030
[train] 35:18:15<108:47:42, 0.052s/step step= 2450000 episodes= 5104 eps=0.050 replay= 39936 loss=0.00001 ext100=0.000 total100=0.031
[train] 35:19:59<108:45:57, 0.052s/step step= 2452000 episodes= 5108 eps=0.050 replay= 39936 loss=0.00000 ext100=0.000 total100=0.031
[train] 35:21:42<108:44:12, 0.052s/step step= 2454000 episodes= 5112 eps=0.050 replay= 39936 loss=0.00001 ext100=0.000 total100=0.031
[train] 35:23:26<108:42:29, 0.052s/step step= 2456000 episodes= 5117 eps=0.050 replay= 39936 loss=0.00001 ext100=0.000 total100=0.031
[train] 35:25:10<108:40:45, 0.052s/step step= 2458000 episodes= 5121 eps=0.050 replay= 39936 loss=0.00001 ext100=0.000 total100=0.034
[eval] step=2460000 episodes=5125 mean_ext_return=0.000
[train] 35:27:09<108:39:50, 0.052s/step step= 2460000 episodes= 5125 eps=0.050 replay= 39936 loss=0.00001 ext100=0.000 total100=0.035
[train] 35:28:53<108:38:07, 0.052s/step step= 2462000 episodes= 5129 eps=0.050 replay= 39936 loss=0.00001 ext100=0.000 total100=0.035
[train] 35:30:37<108:36:24, 0.052s/step step= 2464000 episodes= 5133 eps=0.050 replay= 39936 loss=0.00001 ext100=0.000 total100=0.036
[train] 35:32:21<108:34:39, 0.052s/step step= 2466000 episodes= 5137 eps=0.050 replay= 39936 loss=0.00001 ext100=0.000 total100=0.038
[train] 35:34:04<108:32:53, 0.052s/step step= 2468000 episodes= 5142 eps=0.050 replay= 39936 loss=0.00001 ext100=0.000 total100=0.039
[train] 35:35:47<108:31:09, 0.052s/step step= 2470000 episodes= 5146 eps=0.050 replay= 39936 loss=0.00001 ext100=0.000 total100=0.040
[train] 35:37:31<108:29:23, 0.052s/step step= 2472000 episodes= 5150 eps=0.050 replay= 39936 loss=0.00001 ext100=0.000 total100=0.041
[train] 35:39:14<108:27:39, 0.052s/step step= 2474000 episodes= 5154 eps=0.050 replay= 39936 loss=0.00003 ext100=0.000 total100=0.041
[train] 35:40:58<108:25:55, 0.052s/step step= 2476000 episodes= 5158 eps=0.050 replay= 39936 loss=0.00001 ext100=0.000 total100=0.041
[train] 35:42:41<108:24:10, 0.052s/step step= 2478000 episodes= 5162 eps=0.050 replay= 39936 loss=0.00001 ext100=0.000 total100=0.041
[eval] step=2480000 episodes=5167 mean_ext_return=0.000
[train] 35:44:41<108:23:15, 0.052s/step step= 2480000 episodes= 5167 eps=0.050 replay= 39936 loss=0.00001 ext100=0.000 total100=0.043
[train] 35:46:25<108:21:32, 0.052s/step step= 2482000 episodes= 5171 eps=0.050 replay= 39936 loss=0.00002 ext100=0.000 total100=0.044
[train] 35:48:09<108:19:49, 0.052s/step step= 2484000 episodes= 5175 eps=0.050 replay= 39936 loss=0.00001 ext100=0.000 total100=0.045
[train] 35:49:53<108:18:05, 0.052s/step step= 2486000 episodes= 5179 eps=0.050 replay= 39936 loss=0.00000 ext100=0.000 total100=0.045
[train] 35:51:35<108:16:18, 0.052s/step step= 2488000 episodes= 5183 eps=0.050 replay= 39936 loss=0.00001 ext100=0.000 total100=0.045
[train] 35:53:19<108:14:34, 0.052s/step step= 2490000 episodes= 5187 eps=0.050 replay= 39936 loss=0.00002 ext100=0.000 total100=0.045
[train] 35:55:02<108:12:48, 0.052s/step step= 2492000 episodes= 5192 eps=0.050 replay= 39936 loss=0.00001 ext100=0.000 total100=0.045
[train] 35:56:46<108:11:04, 0.052s/step step= 2494000 episodes= 5196 eps=0.050 replay= 39936 loss=0.00000 ext100=0.000 total100=0.046
[train] 35:58:30<108:09:20, 0.052s/step step= 2496000 episodes= 5200 eps=0.050 replay= 39936 loss=0.00000 ext100=0.000 total100=0.046
[train] 36:00:13<108:07:36, 0.052s/step step= 2498000 episodes= 5204 eps=0.050 replay= 39936 loss=0.00002 ext100=0.000 total100=0.046
[eval] step=2500000 episodes=5208 mean_ext_return=0.000
[train] 36:02:13<108:06:40, 0.052s/step step= 2500000 episodes= 5208 eps=0.050 replay= 39936 loss=0.00001 ext100=0.000 total100=0.047
[train] 36:03:57<108:04:57, 0.052s/step step= 2502000 episodes= 5212 eps=0.050 replay= 39936 loss=0.00001 ext100=0.000 total100=0.047
[train] 36:05:41<108:03:14, 0.052s/step step= 2504000 episodes= 5217 eps=0.050 replay= 39936 loss=0.00001 ext100=0.000 total100=0.047
[train] 36:07:25<108:01:29, 0.052s/step step= 2506000 episodes= 5221 eps=0.050 replay= 39936 loss=0.00002 ext100=0.000 total100=0.045
[train] 36:09:07<107:59:43, 0.052s/step step= 2508000 episodes= 5225 eps=0.050 replay= 39936 loss=0.00001 ext100=0.000 total100=0.044
[train] 36:10:51<107:57:59, 0.052s/step step= 2510000 episodes= 5229 eps=0.050 replay= 39936 loss=0.00001 ext100=0.000 total100=0.045
[train] 36:12:34<107:56:13, 0.052s/step step= 2512000 episodes= 5233 eps=0.050 replay= 39936 loss=0.00001 ext100=0.000 total100=0.045
[train] 36:14:18<107:54:29, 0.052s/step step= 2514000 episodes= 5237 eps=0.050 replay= 39936 loss=0.00001 ext100=0.000 total100=0.043
[train] 36:16:02<107:52:46, 0.052s/step step= 2516000 episodes= 5242 eps=0.050 replay= 39936 loss=0.00001 ext100=0.000 total100=0.042
[train] 36:17:45<107:51:01, 0.052s/step step= 2518000 episodes= 5246 eps=0.050 replay= 39936 loss=0.00000 ext100=0.000 total100=0.042
[eval] step=2520000 episodes=5250 mean_ext_return=0.000
[train] 36:19:45<107:50:04, 0.052s/step step= 2520000 episodes= 5250 eps=0.050 replay= 39936 loss=0.00001 ext100=0.000 total100=0.042
[train] 36:21:29<107:48:21, 0.052s/step step= 2522000 episodes= 5254 eps=0.050 replay= 39936 loss=0.00001 ext100=0.000 total100=0.042
[train] 36:23:13<107:46:38, 0.052s/step step= 2524000 episodes= 5258 eps=0.050 replay= 39936 loss=0.00001 ext100=0.000 total100=0.043
[train] 36:24:57<107:44:53, 0.052s/step step= 2526000 episodes= 5262 eps=0.050 replay= 39936 loss=0.00001 ext100=0.000 total100=0.042
[train] 36:26:39<107:43:07, 0.052s/step step= 2528000 episodes= 5267 eps=0.050 replay= 39936 loss=0.00000 ext100=0.000 total100=0.041
[train] 36:28:23<107:41:23, 0.052s/step step= 2530000 episodes= 5271 eps=0.050 replay= 39936 loss=0.00001 ext100=0.000 total100=0.041
[train] 36:30:06<107:39:37, 0.052s/step step= 2532000 episodes= 5275 eps=0.050 replay= 39936 loss=0.00000 ext100=0.000 total100=0.041
[train] 36:31:50<107:37:53, 0.052s/step step= 2534000 episodes= 5279 eps=0.050 replay= 39936 loss=0.00001 ext100=0.000 total100=0.041
[train] 36:33:34<107:36:09, 0.052s/step step= 2536000 episodes= 5283 eps=0.050 replay= 39936 loss=0.00001 ext100=0.000 total100=0.041
[train] 36:35:17<107:34:25, 0.052s/step step= 2538000 episodes= 5287 eps=0.050 replay= 39936 loss=0.00002 ext100=0.000 total100=0.040
[eval] step=2540000 episodes=5292 mean_ext_return=0.000
[train] 36:37:17<107:33:27, 0.052s/step step= 2540000 episodes= 5292 eps=0.050 replay= 39936 loss=0.00000 ext100=0.000 total100=0.039
[train] 36:39:01<107:31:44, 0.052s/step step= 2542000 episodes= 5296 eps=0.050 replay= 39936 loss=0.00001 ext100=0.000 total100=0.039
[train] 36:40:45<107:30:01, 0.052s/step step= 2544000 episodes= 5300 eps=0.050 replay= 39936 loss=0.00000 ext100=0.000 total100=0.038
[train] 36:42:28<107:28:16, 0.052s/step step= 2546000 episodes= 5304 eps=0.050 replay= 39936 loss=0.00002 ext100=0.000 total100=0.038
[train] 36:44:11<107:26:29, 0.052s/step step= 2548000 episodes= 5308 eps=0.050 replay= 39936 loss=0.00001 ext100=0.000 total100=0.037
[train] 36:45:55<107:24:45, 0.052s/step step= 2550000 episodes= 5312 eps=0.050 replay= 39936 loss=0.00001 ext100=0.000 total100=0.038
[train] 36:47:38<107:23:00, 0.052s/step step= 2552000 episodes= 5317 eps=0.050 replay= 39936 loss=0.00001 ext100=0.000 total100=0.038
[train] 36:49:22<107:21:15, 0.052s/step step= 2554000 episodes= 5321 eps=0.050 replay= 39936 loss=0.00002 ext100=0.000 total100=0.037
[train] 36:51:06<107:19:31, 0.052s/step step= 2556000 episodes= 5325 eps=0.050 replay= 39936 loss=0.00001 ext100=0.000 total100=0.038
[train] 36:52:49<107:17:46, 0.052s/step step= 2558000 episodes= 5329 eps=0.050 replay= 39936 loss=0.00001 ext100=0.000 total100=0.038
[eval] step=2560000 episodes=5333 mean_ext_return=0.000
[train] 36:54:49<107:16:48, 0.052s/step step= 2560000 episodes= 5333 eps=0.050 replay= 39936 loss=0.00001 ext100=0.000 total100=0.039
[train] 36:56:32<107:15:05, 0.052s/step step= 2562000 episodes= 5337 eps=0.050 replay= 39936 loss=0.00002 ext100=0.000 total100=0.040
[train] 36:58:17<107:13:22, 0.052s/step step= 2564000 episodes= 5342 eps=0.050 replay= 39936 loss=0.00000 ext100=0.000 total100=0.039
[train] 37:00:00<107:11:37, 0.052s/step step= 2566000 episodes= 5346 eps=0.050 replay= 39936 loss=0.00000 ext100=0.000 total100=0.040
[train] 37:01:43<107:09:50, 0.052s/step step= 2568000 episodes= 5350 eps=0.050 replay= 39936 loss=0.00001 ext100=0.000 total100=0.040
[train] 37:03:26<107:08:06, 0.052s/step step= 2570000 episodes= 5354 eps=0.050 replay= 39936 loss=0.00006 ext100=0.000 total100=0.041
[train] 37:05:10<107:06:20, 0.052s/step step= 2572000 episodes= 5358 eps=0.050 replay= 39936 loss=0.00001 ext100=0.000 total100=0.040
[train] 37:06:53<107:04:35, 0.052s/step step= 2574000 episodes= 5362 eps=0.050 replay= 39936 loss=0.00001 ext100=0.000 total100=0.041
[train] 37:08:37<107:02:52, 0.052s/step step= 2576000 episodes= 5367 eps=0.050 replay= 39936 loss=0.00001 ext100=0.000 total100=0.041
[train] 37:10:21<107:01:07, 0.052s/step step= 2578000 episodes= 5371 eps=0.050 replay= 39936 loss=0.00002 ext100=0.000 total100=0.040
[eval] step=2580000 episodes=5375 mean_ext_return=0.000
[train] 37:12:20<107:00:09, 0.052s/step step= 2580000 episodes= 5375 eps=0.050 replay= 39936 loss=0.00001 ext100=0.000 total100=0.041
[train] 37:14:04<106:58:25, 0.052s/step step= 2582000 episodes= 5379 eps=0.050 replay= 39936 loss=0.00001 ext100=0.000 total100=0.041
[train] 37:15:48<106:56:42, 0.052s/step step= 2584000 episodes= 5383 eps=0.050 replay= 39936 loss=0.00001 ext100=0.000 total100=0.040
[train] 37:17:31<106:54:57, 0.052s/step step= 2586000 episodes= 5387 eps=0.050 replay= 39936 loss=0.00001 ext100=0.000 total100=0.040
[train] 37:19:14<106:53:10, 0.052s/step step= 2588000 episodes= 5392 eps=0.050 replay= 39936 loss=0.00001 ext100=0.000 total100=0.041
[train] 37:20:58<106:51:26, 0.052s/step step= 2590000 episodes= 5396 eps=0.050 replay= 39936 loss=0.00001 ext100=0.000 total100=0.041
[train] 37:22:41<106:49:40, 0.052s/step step= 2592000 episodes= 5400 eps=0.050 replay= 39936 loss=0.00001 ext100=0.000 total100=0.042
[train] 37:24:25<106:47:55, 0.052s/step step= 2594000 episodes= 5404 eps=0.050 replay= 39936 loss=0.00002 ext100=0.000 total100=0.043
[train] 37:26:09<106:46:12, 0.052s/step step= 2596000 episodes= 5408 eps=0.050 replay= 39936 loss=0.00001 ext100=0.000 total100=0.043
[train] 37:27:52<106:44:27, 0.052s/step step= 2598000 episodes= 5412 eps=0.050 replay= 39936 loss=0.00000 ext100=0.000 total100=0.042
[eval] step=2600000 episodes=5417 mean_ext_return=0.000
[train] 37:29:52<106:43:28, 0.052s/step step= 2600000 episodes= 5417 eps=0.050 replay= 39936 loss=0.00000 ext100=0.000 total100=0.041
[train] 37:31:36<106:41:44, 0.052s/step step= 2602000 episodes= 5421 eps=0.050 replay= 39936 loss=0.00001 ext100=0.000 total100=0.042
[train] 37:33:20<106:40:01, 0.052s/step step= 2604000 episodes= 5425 eps=0.050 replay= 39936 loss=0.00001 ext100=0.000 total100=0.042
[train] 37:35:03<106:38:16, 0.052s/step step= 2606000 episodes= 5429 eps=0.050 replay= 39936 loss=0.00000 ext100=0.000 total100=0.042
[train] 37:36:46<106:36:29, 0.052s/step step= 2608000 episodes= 5433 eps=0.050 replay= 39936 loss=0.00001 ext100=0.000 total100=0.042
[train] 37:38:30<106:34:46, 0.052s/step step= 2610000 episodes= 5437 eps=0.050 replay= 39936 loss=0.00001 ext100=0.000 total100=0.041
[train] 37:40:13<106:33:00, 0.052s/step step= 2612000 episodes= 5442 eps=0.050 replay= 39936 loss=0.00000 ext100=0.000 total100=0.042
[train] 37:41:56<106:31:15, 0.052s/step step= 2614000 episodes= 5446 eps=0.050 replay= 39936 loss=0.00001 ext100=0.000 total100=0.041
[train] 37:43:40<106:29:32, 0.052s/step step= 2616000 episodes= 5450 eps=0.050 replay= 39936 loss=0.00000 ext100=0.000 total100=0.040
[train] 37:45:24<106:27:47, 0.052s/step step= 2618000 episodes= 5454 eps=0.050 replay= 39936 loss=0.00001 ext100=0.000 total100=0.039
[eval] step=2620000 episodes=5458 mean_ext_return=0.000
[train] 37:47:23<106:26:47, 0.052s/step step= 2620000 episodes= 5458 eps=0.050 replay= 39936 loss=0.00000 ext100=0.000 total100=0.040
[train] 37:49:07<106:25:04, 0.052s/step step= 2622000 episodes= 5462 eps=0.050 replay= 39936 loss=0.00001 ext100=0.000 total100=0.039
[train] 37:50:51<106:23:20, 0.052s/step step= 2624000 episodes= 5467 eps=0.050 replay= 39936 loss=0.00000 ext100=0.000 total100=0.039
[train] 37:52:35<106:21:35, 0.052s/step step= 2626000 episodes= 5471 eps=0.050 replay= 39936 loss=0.00001 ext100=0.000 total100=0.040
[train] 37:54:18<106:19:48, 0.052s/step step= 2628000 episodes= 5475 eps=0.050 replay= 39936 loss=0.00000 ext100=0.000 total100=0.039
[train] 37:56:01<106:18:04, 0.052s/step step= 2630000 episodes= 5479 eps=0.050 replay= 39936 loss=0.00001 ext100=0.000 total100=0.038
[train] 37:57:44<106:16:18, 0.052s/step step= 2632000 episodes= 5483 eps=0.050 replay= 39936 loss=0.00000 ext100=0.000 total100=0.039
[train] 37:59:28<106:14:33, 0.052s/step step= 2634000 episodes= 5487 eps=0.050 replay= 39936 loss=0.00001 ext100=0.000 total100=0.038
[train] 38:01:12<106:12:50, 0.052s/step step= 2636000 episodes= 5492 eps=0.050 replay= 39936 loss=0.00001 ext100=0.000 total100=0.041
[train] 38:02:55<106:11:05, 0.052s/step step= 2638000 episodes= 5496 eps=0.050 replay= 39936 loss=0.00000 ext100=0.000 total100=0.040
[eval] step=2640000 episodes=5500 mean_ext_return=0.000
[train] 38:04:55<106:10:05, 0.052s/step step= 2640000 episodes= 5500 eps=0.050 replay= 39936 loss=0.00000 ext100=0.000 total100=0.040
[train] 38:06:39<106:08:22, 0.052s/step step= 2642000 episodes= 5504 eps=0.050 replay= 39936 loss=0.00001 ext100=0.000 total100=0.040
[train] 38:08:23<106:06:39, 0.052s/step step= 2644000 episodes= 5508 eps=0.050 replay= 39936 loss=0.00001 ext100=0.000 total100=0.040
[train] 38:10:07<106:04:54, 0.052s/step step= 2646000 episodes= 5512 eps=0.050 replay= 39936 loss=0.00001 ext100=0.000 total100=0.040
[train] 38:11:49<106:03:06, 0.052s/step step= 2648000 episodes= 5517 eps=0.050 replay= 39936 loss=0.00000 ext100=0.000 total100=0.042
[train] 38:13:33<106:01:23, 0.052s/step step= 2650000 episodes= 5521 eps=0.050 replay= 39936 loss=0.00001 ext100=0.000 total100=0.042
[train] 38:15:16<105:59:36, 0.052s/step step= 2652000 episodes= 5525 eps=0.050 replay= 39936 loss=0.00000 ext100=0.000 total100=0.041
[train] 38:17:00<105:57:52, 0.052s/step step= 2654000 episodes= 5529 eps=0.050 replay= 39936 loss=0.00001 ext100=0.000 total100=0.042
[train] 38:18:44<105:56:08, 0.052s/step step= 2656000 episodes= 5533 eps=0.050 replay= 39936 loss=0.00000 ext100=0.000 total100=0.041
[train] 38:20:27<105:54:23, 0.052s/step step= 2658000 episodes= 5537 eps=0.050 replay= 39936 loss=0.00001 ext100=0.000 total100=0.042
[eval] step=2660000 episodes=5542 mean_ext_return=0.000
[train] 38:22:27<105:53:23, 0.052s/step step= 2660000 episodes= 5542 eps=0.050 replay= 39936 loss=0.00001 ext100=0.000 total100=0.041
[train] 38:24:11<105:51:39, 0.052s/step step= 2662000 episodes= 5546 eps=0.050 replay= 39936 loss=0.00001 ext100=0.000 total100=0.042
[train] 38:25:55<105:49:56, 0.052s/step step= 2664000 episodes= 5550 eps=0.050 replay= 39936 loss=0.00001 ext100=0.000 total100=0.044
[train] 38:27:38<105:48:10, 0.052s/step step= 2666000 episodes= 5554 eps=0.050 replay= 39936 loss=0.00002 ext100=0.000 total100=0.044
[train] 38:29:21<105:46:23, 0.052s/step step= 2668000 episodes= 5558 eps=0.050 replay= 39936 loss=0.00001 ext100=0.000 total100=0.044
[train] 38:31:05<105:44:39, 0.052s/step step= 2670000 episodes= 5562 eps=0.050 replay= 39936 loss=0.00001 ext100=0.000 total100=0.044
[train] 38:32:48<105:42:53, 0.052s/step step= 2672000 episodes= 5567 eps=0.050 replay= 39936 loss=0.00001 ext100=0.000 total100=0.044
[train] 38:34:31<105:41:08, 0.052s/step step= 2674000 episodes= 5571 eps=0.050 replay= 39936 loss=0.00002 ext100=0.000 total100=0.042
[train] 38:36:15<105:39:25, 0.052s/step step= 2676000 episodes= 5575 eps=0.050 replay= 39936 loss=0.00001 ext100=0.000 total100=0.042
[train] 38:37:59<105:37:40, 0.052s/step step= 2678000 episodes= 5579 eps=0.050 replay= 39936 loss=0.00001 ext100=0.000 total100=0.043
[eval] step=2680000 episodes=5583 mean_ext_return=0.000
[train] 38:39:58<105:36:39, 0.052s/step step= 2680000 episodes= 5583 eps=0.050 replay= 39936 loss=0.00001 ext100=0.000 total100=0.043
[train] 38:41:42<105:34:55, 0.052s/step step= 2682000 episodes= 5587 eps=0.050 replay= 39936 loss=0.00002 ext100=0.000 total100=0.044
[train] 38:43:26<105:33:12, 0.052s/step step= 2684000 episodes= 5592 eps=0.050 replay= 39936 loss=0.00001 ext100=0.000 total100=0.042
[train] 38:45:10<105:31:27, 0.052s/step step= 2686000 episodes= 5596 eps=0.050 replay= 39936 loss=0.00001 ext100=0.000 total100=0.043
[train] 38:46:52<105:29:40, 0.052s/step step= 2688000 episodes= 5600 eps=0.050 replay= 39936 loss=0.00001 ext100=0.000 total100=0.043
[train] 38:48:36<105:27:56, 0.052s/step step= 2690000 episodes= 5604 eps=0.050 replay= 39936 loss=0.00001 ext100=0.000 total100=0.043
[train] 38:50:19<105:26:09, 0.052s/step step= 2692000 episodes= 5608 eps=0.050 replay= 39936 loss=0.00001 ext100=0.000 total100=0.043
[train] 38:52:03<105:24:25, 0.052s/step step= 2694000 episodes= 5612 eps=0.050 replay= 39936 loss=0.00001 ext100=0.000 total100=0.042
[train] 38:53:47<105:22:41, 0.052s/step step= 2696000 episodes= 5617 eps=0.050 replay= 39936 loss=0.00001 ext100=0.000 total100=0.041
[train] 38:55:30<105:20:56, 0.052s/step step= 2698000 episodes= 5621 eps=0.050 replay= 39936 loss=0.00001 ext100=0.000 total100=0.041
[eval] step=2700000 episodes=5625 mean_ext_return=0.000
[train] 38:57:30<105:19:55, 0.052s/step step= 2700000 episodes= 5625 eps=0.050 replay= 39936 loss=0.00000 ext100=0.000 total100=0.041
[train] 38:59:14<105:18:11, 0.052s/step step= 2702000 episodes= 5629 eps=0.050 replay= 39936 loss=0.00000 ext100=0.000 total100=0.041
[train] 39:00:58<105:16:27, 0.052s/step step= 2704000 episodes= 5633 eps=0.050 replay= 39936 loss=0.00001 ext100=0.000 total100=0.042
[train] 39:02:41<105:14:43, 0.052s/step step= 2706000 episodes= 5637 eps=0.050 replay= 39936 loss=0.00001 ext100=0.000 total100=0.041
[train] 39:04:24<105:12:56, 0.052s/step step= 2708000 episodes= 5642 eps=0.050 replay= 39936 loss=0.00001 ext100=0.000 total100=0.042
[train] 39:06:08<105:11:12, 0.052s/step step= 2710000 episodes= 5646 eps=0.050 replay= 39936 loss=0.00001 ext100=0.000 total100=0.043
[train] 39:07:51<105:09:25, 0.052s/step step= 2712000 episodes= 5650 eps=0.050 replay= 39936 loss=0.00001 ext100=0.000 total100=0.043
[train] 39:09:34<105:07:41, 0.052s/step step= 2714000 episodes= 5654 eps=0.050 replay= 39936 loss=0.00001 ext100=0.000 total100=0.043
[train] 39:11:18<105:05:57, 0.052s/step step= 2716000 episodes= 5658 eps=0.050 replay= 39936 loss=0.00001 ext100=0.000 total100=0.043
[train] 39:13:02<105:04:12, 0.052s/step step= 2718000 episodes= 5662 eps=0.050 replay= 39936 loss=0.00000 ext100=0.000 total100=0.044
[eval] step=2720000 episodes=5667 mean_ext_return=0.000
[train] 39:15:02<105:03:11, 0.052s/step step= 2720000 episodes= 5667 eps=0.050 replay= 39936 loss=0.00002 ext100=0.000 total100=0.044
[train] 39:16:46<105:01:27, 0.052s/step step= 2722000 episodes= 5671 eps=0.050 replay= 39936 loss=0.00002 ext100=0.000 total100=0.044
[train] 39:18:30<104:59:43, 0.052s/step step= 2724000 episodes= 5675 eps=0.050 replay= 39936 loss=0.00000 ext100=0.000 total100=0.045
[train] 39:20:13<104:57:59, 0.052s/step step= 2726000 episodes= 5679 eps=0.050 replay= 39936 loss=0.00000 ext100=0.000 total100=0.045
[train] 39:21:56<104:56:11, 0.052s/step step= 2728000 episodes= 5683 eps=0.050 replay= 39936 loss=0.00001 ext100=0.000 total100=0.045
[train] 39:23:40<104:54:28, 0.052s/step step= 2730000 episodes= 5687 eps=0.050 replay= 39936 loss=0.00001 ext100=0.000 total100=0.045
[train] 39:25:23<104:52:41, 0.052s/step step= 2732000 episodes= 5692 eps=0.050 replay= 39936 loss=0.00000 ext100=0.000 total100=0.044
[train] 39:27:06<104:50:56, 0.052s/step step= 2734000 episodes= 5696 eps=0.050 replay= 39936 loss=0.00000 ext100=0.000 total100=0.044
[train] 39:28:50<104:49:13, 0.052s/step step= 2736000 episodes= 5700 eps=0.050 replay= 39936 loss=0.00000 ext100=0.000 total100=0.044
[train] 39:30:34<104:47:28, 0.052s/step step= 2738000 episodes= 5704 eps=0.050 replay= 39936 loss=0.00002 ext100=0.000 total100=0.044
[eval] step=2740000 episodes=5708 mean_ext_return=0.000
[train] 39:32:34<104:46:26, 0.052s/step step= 2740000 episodes= 5708 eps=0.050 replay= 39936 loss=0.00001 ext100=0.000 total100=0.044
[train] 39:34:17<104:44:42, 0.052s/step step= 2742000 episodes= 5712 eps=0.050 replay= 39936 loss=0.00000 ext100=0.000 total100=0.044
[train] 39:36:01<104:42:58, 0.052s/step step= 2744000 episodes= 5717 eps=0.050 replay= 39936 loss=0.00000 ext100=0.000 total100=0.044
[train] 39:37:45<104:41:13, 0.052s/step step= 2746000 episodes= 5721 eps=0.050 replay= 39936 loss=0.00001 ext100=0.000 total100=0.044
[train] 39:39:28<104:39:26, 0.052s/step step= 2748000 episodes= 5725 eps=0.050 replay= 39936 loss=0.00000 ext100=0.000 total100=0.043
[train] 39:41:12<104:37:42, 0.052s/step step= 2750000 episodes= 5729 eps=0.050 replay= 39936 loss=0.00000 ext100=0.000 total100=0.043
[train] 39:42:55<104:35:56, 0.052s/step step= 2752000 episodes= 5733 eps=0.050 replay= 39936 loss=0.00000 ext100=0.000 total100=0.042
[train] 39:44:38<104:34:12, 0.052s/step step= 2754000 episodes= 5737 eps=0.050 replay= 39936 loss=0.00001 ext100=0.000 total100=0.044
[train] 39:46:22<104:32:28, 0.052s/step step= 2756000 episodes= 5742 eps=0.050 replay= 39936 loss=0.00000 ext100=0.000 total100=0.043
[train] 39:48:06<104:30:43, 0.052s/step step= 2758000 episodes= 5746 eps=0.050 replay= 39936 loss=0.00000 ext100=0.000 total100=0.041
[eval] step=2760000 episodes=5750 mean_ext_return=0.000
[train] 39:50:05<104:29:40, 0.052s/step step= 2760000 episodes= 5750 eps=0.050 replay= 39936 loss=0.00001 ext100=0.000 total100=0.041
[train] 39:51:49<104:27:56, 0.052s/step step= 2762000 episodes= 5754 eps=0.050 replay= 39936 loss=0.00000 ext100=0.000 total100=0.040
[train] 39:53:33<104:26:13, 0.052s/step step= 2764000 episodes= 5758 eps=0.050 replay= 39936 loss=0.00000 ext100=0.000 total100=0.039
[train] 39:55:17<104:24:27, 0.052s/step step= 2766000 episodes= 5762 eps=0.050 replay= 39936 loss=0.00001 ext100=0.000 total100=0.039
[train] 39:56:59<104:22:40, 0.052s/step step= 2768000 episodes= 5767 eps=0.050 replay= 39936 loss=0.00001 ext100=0.000 total100=0.039
[train] 39:58:43<104:20:56, 0.052s/step step= 2770000 episodes= 5771 eps=0.050 replay= 39936 loss=0.00001 ext100=0.000 total100=0.039
[train] 40:00:26<104:19:10, 0.052s/step step= 2772000 episodes= 5775 eps=0.050 replay= 39936 loss=0.00001 ext100=0.000 total100=0.038
[train] 40:02:10<104:17:25, 0.052s/step step= 2774000 episodes= 5779 eps=0.050 replay= 39936 loss=0.00001 ext100=0.000 total100=0.038
[train] 40:03:54<104:15:42, 0.052s/step step= 2776000 episodes= 5783 eps=0.050 replay= 39936 loss=0.00000 ext100=0.000 total100=0.038
[train] 40:05:37<104:13:56, 0.052s/step step= 2778000 episodes= 5787 eps=0.050 replay= 39936 loss=0.00001 ext100=0.000 total100=0.037
[eval] step=2780000 episodes=5792 mean_ext_return=0.000
[train] 40:07:37<104:12:53, 0.052s/step step= 2780000 episodes= 5792 eps=0.050 replay= 39936 loss=0.00000 ext100=0.000 total100=0.038
[train] 40:09:21<104:11:10, 0.052s/step step= 2782000 episodes= 5796 eps=0.050 replay= 39936 loss=0.00000 ext100=0.000 total100=0.038
[train] 40:11:05<104:09:26, 0.052s/step step= 2784000 episodes= 5800 eps=0.050 replay= 39936 loss=0.00000 ext100=0.000 total100=0.038
[train] 40:12:49<104:07:41, 0.052s/step step= 2786000 episodes= 5804 eps=0.050 replay= 39936 loss=0.00001 ext100=0.000 total100=0.037
[train] 40:14:31<104:05:53, 0.052s/step step= 2788000 episodes= 5808 eps=0.050 replay= 39936 loss=0.00000 ext100=0.000 total100=0.037
[train] 40:16:15<104:04:10, 0.052s/step step= 2790000 episodes= 5812 eps=0.050 replay= 39936 loss=0.00001 ext100=0.000 total100=0.036
[train] 40:17:58<104:02:24, 0.052s/step step= 2792000 episodes= 5817 eps=0.050 replay= 39936 loss=0.00000 ext100=0.000 total100=0.036
[train] 40:19:42<104:00:39, 0.052s/step step= 2794000 episodes= 5821 eps=0.050 replay= 39936 loss=0.00001 ext100=0.000 total100=0.037
[train] 40:21:26<103:58:55, 0.052s/step step= 2796000 episodes= 5825 eps=0.050 replay= 39936 loss=0.00001 ext100=0.000 total100=0.038
[train] 40:23:09<103:57:10, 0.052s/step step= 2798000 episodes= 5829 eps=0.050 replay= 39936 loss=0.00001 ext100=0.000 total100=0.038
[eval] step=2800000 episodes=5833 mean_ext_return=0.000
[train] 40:25:09<103:56:06, 0.052s/step step= 2800000 episodes= 5833 eps=0.050 replay= 39936 loss=0.00000 ext100=0.000 total100=0.038
[train] 40:26:53<103:54:22, 0.052s/step step= 2802000 episodes= 5837 eps=0.050 replay= 39936 loss=0.00001 ext100=0.000 total100=0.037
[train] 40:28:37<103:52:38, 0.052s/step step= 2804000 episodes= 5842 eps=0.050 replay= 39936 loss=0.00000 ext100=0.000 total100=0.038
[train] 40:30:20<103:50:53, 0.052s/step step= 2806000 episodes= 5846 eps=0.050 replay= 39936 loss=0.00000 ext100=0.000 total100=0.038
[train] 40:32:03<103:49:06, 0.052s/step step= 2808000 episodes= 5850 eps=0.050 replay= 39936 loss=0.00001 ext100=0.000 total100=0.036
[train] 40:33:47<103:47:22, 0.052s/step step= 2810000 episodes= 5854 eps=0.050 replay= 39936 loss=0.00001 ext100=0.000 total100=0.038
[train] 40:35:30<103:45:36, 0.052s/step step= 2812000 episodes= 5858 eps=0.050 replay= 39936 loss=0.00000 ext100=0.000 total100=0.040
[train] 40:37:13<103:43:51, 0.052s/step step= 2814000 episodes= 5862 eps=0.050 replay= 39936 loss=0.00000 ext100=0.000 total100=0.039
[train] 40:38:57<103:42:07, 0.052s/step step= 2816000 episodes= 5867 eps=0.050 replay= 39936 loss=0.00001 ext100=0.000 total100=0.039
[train] 40:40:41<103:40:22, 0.052s/step step= 2818000 episodes= 5871 eps=0.050 replay= 39936 loss=0.00001 ext100=0.000 total100=0.039
[eval] step=2820000 episodes=5875 mean_ext_return=0.000
[train] 40:42:40<103:39:18, 0.052s/step step= 2820000 episodes= 5875 eps=0.050 replay= 39936 loss=0.00001 ext100=0.000 total100=0.040
[train] 40:44:24<103:37:34, 0.052s/step step= 2822000 episodes= 5879 eps=0.050 replay= 39936 loss=0.00000 ext100=0.000 total100=0.040
[train] 40:46:08<103:35:51, 0.052s/step step= 2824000 episodes= 5883 eps=0.050 replay= 39936 loss=0.00000 ext100=0.000 total100=0.041
[train] 40:47:52<103:34:05, 0.052s/step step= 2826000 episodes= 5887 eps=0.050 replay= 39936 loss=0.00001 ext100=0.000 total100=0.042
[train] 40:49:34<103:32:18, 0.052s/step step= 2828000 episodes= 5892 eps=0.050 replay= 39936 loss=0.00000 ext100=0.000 total100=0.041
[train] 40:51:19<103:30:34, 0.052s/step step= 2830000 episodes= 5896 eps=0.050 replay= 39936 loss=0.00001 ext100=0.000 total100=0.041
[train] 40:53:02<103:28:48, 0.052s/step step= 2832000 episodes= 5900 eps=0.050 replay= 39936 loss=0.00000 ext100=0.000 total100=0.042
[train] 40:54:45<103:27:03, 0.052s/step step= 2834000 episodes= 5904 eps=0.050 replay= 39936 loss=0.00002 ext100=0.000 total100=0.042
[train] 40:56:29<103:25:20, 0.052s/step step= 2836000 episodes= 5908 eps=0.050 replay= 39936 loss=0.00000 ext100=0.000 total100=0.043
[train] 40:58:13<103:23:35, 0.052s/step step= 2838000 episodes= 5912 eps=0.050 replay= 39936 loss=0.00001 ext100=0.000 total100=0.044
[eval] step=2840000 episodes=5917 mean_ext_return=0.000
[train] 41:00:12<103:22:30, 0.052s/step step= 2840000 episodes= 5917 eps=0.050 replay= 39936 loss=0.00001 ext100=0.000 total100=0.044
[train] 41:01:56<103:20:46, 0.052s/step step= 2842000 episodes= 5921 eps=0.050 replay= 39936 loss=0.00002 ext100=0.000 total100=0.043
[train] 41:03:40<103:19:02, 0.052s/step step= 2844000 episodes= 5925 eps=0.050 replay= 39936 loss=0.00001 ext100=0.000 total100=0.042
[train] 41:05:24<103:17:17, 0.052s/step step= 2846000 episodes= 5929 eps=0.050 replay= 39936 loss=0.00001 ext100=0.000 total100=0.041
[train] 41:07:06<103:15:30, 0.052s/step step= 2848000 episodes= 5933 eps=0.050 replay= 39936 loss=0.00001 ext100=0.000 total100=0.042
[train] 41:08:50<103:13:46, 0.052s/step step= 2850000 episodes= 5937 eps=0.050 replay= 39936 loss=0.00001 ext100=0.000 total100=0.042
[train] 41:10:33<103:12:00, 0.052s/step step= 2852000 episodes= 5942 eps=0.050 replay= 39936 loss=0.00000 ext100=0.000 total100=0.041
[train] 41:12:17<103:10:15, 0.052s/step step= 2854000 episodes= 5946 eps=0.050 replay= 39936 loss=0.00000 ext100=0.000 total100=0.042
[train] 41:14:01<103:08:31, 0.052s/step step= 2856000 episodes= 5950 eps=0.050 replay= 39936 loss=0.00000 ext100=0.000 total100=0.043
[train] 41:15:44<103:06:46, 0.052s/step step= 2858000 episodes= 5954 eps=0.050 replay= 39936 loss=0.00001 ext100=0.000 total100=0.042
[eval] step=2860000 episodes=5958 mean_ext_return=0.000
[train] 41:17:44<103:05:41, 0.052s/step step= 2860000 episodes= 5958 eps=0.050 replay= 39936 loss=0.00000 ext100=0.000 total100=0.041
[train] 41:19:28<103:03:57, 0.052s/step step= 2862000 episodes= 5962 eps=0.050 replay= 39936 loss=0.00000 ext100=0.000 total100=0.041
[train] 41:21:12<103:02:13, 0.052s/step step= 2864000 episodes= 5967 eps=0.050 replay= 39936 loss=0.00000 ext100=0.000 total100=0.042
[train] 41:22:55<103:00:28, 0.052s/step step= 2866000 episodes= 5971 eps=0.050 replay= 39936 loss=0.00001 ext100=0.000 total100=0.040
[train] 41:24:38<102:58:40, 0.052s/step step= 2868000 episodes= 5975 eps=0.050 replay= 39936 loss=0.00000 ext100=0.000 total100=0.040
[train] 41:26:22<102:56:56, 0.052s/step step= 2870000 episodes= 5979 eps=0.050 replay= 39936 loss=0.00000 ext100=0.000 total100=0.040
[train] 41:28:05<102:55:10, 0.052s/step step= 2872000 episodes= 5983 eps=0.050 replay= 39936 loss=0.00000 ext100=0.000 total100=0.038
[train] 41:29:48<102:53:25, 0.052s/step step= 2874000 episodes= 5987 eps=0.050 replay= 39936 loss=0.00001 ext100=0.000 total100=0.038
[train] 41:31:32<102:51:41, 0.052s/step step= 2876000 episodes= 5992 eps=0.050 replay= 39936 loss=0.00001 ext100=0.000 total100=0.039
[train] 41:33:16<102:49:56, 0.052s/step step= 2878000 episodes= 5996 eps=0.050 replay= 39936 loss=0.00001 ext100=0.000 total100=0.039
[eval] step=2880000 episodes=6000 mean_ext_return=0.000
[train] 41:35:16<102:48:51, 0.052s/step step= 2880000 episodes= 6000 eps=0.050 replay= 39936 loss=0.00001 ext100=0.000 total100=0.038
[train] 41:37:00<102:47:07, 0.052s/step step= 2882000 episodes= 6004 eps=0.050 replay= 39936 loss=0.00001 ext100=0.000 total100=0.038
[train] 41:38:44<102:45:24, 0.052s/step step= 2884000 episodes= 6008 eps=0.050 replay= 39936 loss=0.00000 ext100=0.000 total100=0.039
[train] 41:40:27<102:43:38, 0.052s/step step= 2886000 episodes= 6012 eps=0.050 replay= 39936 loss=0.00000 ext100=0.000 total100=0.039
[train] 41:42:10<102:41:51, 0.052s/step step= 2888000 episodes= 6017 eps=0.050 replay= 39936 loss=0.00001 ext100=0.000 total100=0.040
[train] 41:43:54<102:40:07, 0.052s/step step= 2890000 episodes= 6021 eps=0.050 replay= 39936 loss=0.00002 ext100=0.000 total100=0.039
[train] 41:45:37<102:38:20, 0.052s/step step= 2892000 episodes= 6025 eps=0.050 replay= 39936 loss=0.00000 ext100=0.000 total100=0.040
[train] 41:47:20<102:36:35, 0.052s/step step= 2894000 episodes= 6029 eps=0.050 replay= 39936 loss=0.00000 ext100=0.000 total100=0.040
[train] 41:49:04<102:34:51, 0.052s/step step= 2896000 episodes= 6033 eps=0.050 replay= 39936 loss=0.00000 ext100=0.000 total100=0.041
[train] 41:50:48<102:33:07, 0.052s/step step= 2898000 episodes= 6037 eps=0.050 replay= 39936 loss=0.00001 ext100=0.000 total100=0.040
[eval] step=2900000 episodes=6042 mean_ext_return=0.000
[train] 41:52:48<102:32:01, 0.052s/step step= 2900000 episodes= 6042 eps=0.050 replay= 39936 loss=0.00001 ext100=0.000 total100=0.040
[train] 41:54:32<102:30:17, 0.052s/step step= 2902000 episodes= 6046 eps=0.050 replay= 39936 loss=0.00000 ext100=0.000 total100=0.041
[train] 41:56:16<102:28:33, 0.052s/step step= 2904000 episodes= 6050 eps=0.050 replay= 39936 loss=0.00000 ext100=0.000 total100=0.041
[train] 41:57:59<102:26:48, 0.052s/step step= 2906000 episodes= 6054 eps=0.050 replay= 39936 loss=0.00002 ext100=0.000 total100=0.042
[train] 41:59:41<102:25:01, 0.052s/step step= 2908000 episodes= 6058 eps=0.050 replay= 39936 loss=0.00000 ext100=0.000 total100=0.042
[train] 42:01:25<102:23:17, 0.052s/step step= 2910000 episodes= 6062 eps=0.050 replay= 39936 loss=0.00001 ext100=0.000 total100=0.043
[train] 42:03:09<102:21:30, 0.052s/step step= 2912000 episodes= 6067 eps=0.050 replay= 39936 loss=0.00001 ext100=0.000 total100=0.042
[train] 42:04:52<102:19:45, 0.052s/step step= 2914000 episodes= 6071 eps=0.050 replay= 39936 loss=0.00001 ext100=0.000 total100=0.043
[train] 42:06:36<102:18:01, 0.052s/step step= 2916000 episodes= 6075 eps=0.050 replay= 39936 loss=0.00000 ext100=0.000 total100=0.044
[train] 42:08:20<102:16:16, 0.052s/step step= 2918000 episodes= 6079 eps=0.050 replay= 39936 loss=0.00001 ext100=0.000 total100=0.045
[eval] step=2920000 episodes=6083 mean_ext_return=0.000
[train] 42:10:19<102:15:10, 0.052s/step step= 2920000 episodes= 6083 eps=0.050 replay= 39936 loss=0.00001 ext100=0.000 total100=0.045
[train] 42:12:03<102:13:26, 0.052s/step step= 2922000 episodes= 6087 eps=0.050 replay= 39936 loss=0.00004 ext100=0.000 total100=0.045
[train] 42:13:47<102:11:42, 0.052s/step step= 2924000 episodes= 6092 eps=0.050 replay= 39936 loss=0.00001 ext100=0.000 total100=0.044
[train] 42:15:30<102:09:57, 0.052s/step step= 2926000 episodes= 6096 eps=0.050 replay= 39936 loss=0.00001 ext100=0.000 total100=0.043
[train] 42:17:13<102:08:10, 0.052s/step step= 2928000 episodes= 6100 eps=0.050 replay= 39936 loss=0.00001 ext100=0.000 total100=0.044
[train] 42:18:57<102:06:26, 0.052s/step step= 2930000 episodes= 6104 eps=0.050 replay= 39936 loss=0.00001 ext100=0.000 total100=0.043
[train] 42:20:40<102:04:40, 0.052s/step step= 2932000 episodes= 6108 eps=0.050 replay= 39936 loss=0.00000 ext100=0.000 total100=0.043
[train] 42:22:24<102:02:54, 0.052s/step step= 2934000 episodes= 6112 eps=0.050 replay= 39936 loss=0.00000 ext100=0.000 total100=0.043
[train] 42:24:08<102:01:10, 0.052s/step step= 2936000 episodes= 6117 eps=0.050 replay= 39936 loss=0.00001 ext100=0.000 total100=0.042
[train] 42:25:51<101:59:25, 0.052s/step step= 2938000 episodes= 6121 eps=0.050 replay= 39936 loss=0.00003 ext100=0.000 total100=0.043
[eval] step=2940000 episodes=6125 mean_ext_return=0.000
[train] 42:27:51<101:58:19, 0.052s/step step= 2940000 episodes= 6125 eps=0.050 replay= 39936 loss=0.00001 ext100=0.000 total100=0.042
[train] 42:29:35<101:56:35, 0.052s/step step= 2942000 episodes= 6129 eps=0.050 replay= 39936 loss=0.00001 ext100=0.000 total100=0.042
[train] 42:31:19<101:54:51, 0.052s/step step= 2944000 episodes= 6133 eps=0.050 replay= 39936 loss=0.00001 ext100=0.000 total100=0.041
[train] 42:33:03<101:53:06, 0.052s/step step= 2946000 episodes= 6137 eps=0.050 replay= 39936 loss=0.00001 ext100=0.000 total100=0.041
[train] 42:34:45<101:51:19, 0.052s/step step= 2948000 episodes= 6142 eps=0.050 replay= 39936 loss=0.00001 ext100=0.000 total100=0.042
[train] 42:36:29<101:49:35, 0.052s/step step= 2950000 episodes= 6146 eps=0.050 replay= 39936 loss=0.00000 ext100=0.000 total100=0.041
[train] 42:38:12<101:47:49, 0.052s/step step= 2952000 episodes= 6150 eps=0.050 replay= 39936 loss=0.00001 ext100=0.000 total100=0.041
[train] 42:39:56<101:46:04, 0.052s/step step= 2954000 episodes= 6154 eps=0.050 replay= 39936 loss=0.00002 ext100=0.000 total100=0.041
[train] 42:41:40<101:44:19, 0.052s/step step= 2956000 episodes= 6158 eps=0.050 replay= 39936 loss=0.00001 ext100=0.000 total100=0.041
[train] 42:43:23<101:42:35, 0.052s/step step= 2958000 episodes= 6162 eps=0.050 replay= 39936 loss=0.00001 ext100=0.000 total100=0.040
[eval] step=2960000 episodes=6167 mean_ext_return=0.000
[train] 42:45:23<101:41:28, 0.052s/step step= 2960000 episodes= 6167 eps=0.050 replay= 39936 loss=0.00001 ext100=0.000 total100=0.040
[train] 42:47:07<101:39:44, 0.052s/step step= 2962000 episodes= 6171 eps=0.050 replay= 39936 loss=0.00001 ext100=0.000 total100=0.040
[train] 42:48:51<101:38:00, 0.052s/step step= 2964000 episodes= 6175 eps=0.050 replay= 39936 loss=0.00000 ext100=0.000 total100=0.038
[train] 42:50:34<101:36:14, 0.052s/step step= 2966000 episodes= 6179 eps=0.050 replay= 39936 loss=0.00001 ext100=0.000 total100=0.038
[train] 42:52:17<101:34:27, 0.052s/step step= 2968000 episodes= 6183 eps=0.050 replay= 39936 loss=0.00001 ext100=0.000 total100=0.036
[train] 42:54:01<101:32:43, 0.052s/step step= 2970000 episodes= 6187 eps=0.050 replay= 39936 loss=0.00001 ext100=0.000 total100=0.037
[train] 42:55:44<101:30:57, 0.052s/step step= 2972000 episodes= 6192 eps=0.050 replay= 39936 loss=0.00000 ext100=0.000 total100=0.038
[train] 42:57:28<101:29:12, 0.052s/step step= 2974000 episodes= 6196 eps=0.050 replay= 39936 loss=0.00001 ext100=0.000 total100=0.038
[train] 42:59:11<101:27:27, 0.052s/step step= 2976000 episodes= 6200 eps=0.050 replay= 39936 loss=0.00000 ext100=0.000 total100=0.037
[train] 43:00:55<101:25:42, 0.052s/step step= 2978000 episodes= 6204 eps=0.050 replay= 39936 loss=0.00001 ext100=0.000 total100=0.038
[eval] step=2980000 episodes=6208 mean_ext_return=0.000
[train] 43:02:55<101:24:35, 0.052s/step step= 2980000 episodes= 6208 eps=0.050 replay= 39936 loss=0.00001 ext100=0.000 total100=0.037
[train] 43:04:39<101:22:51, 0.052s/step step= 2982000 episodes= 6212 eps=0.050 replay= 39936 loss=0.00000 ext100=0.000 total100=0.037
[train] 43:06:23<101:21:07, 0.052s/step step= 2984000 episodes= 6217 eps=0.050 replay= 39936 loss=0.00001 ext100=0.000 total100=0.037
[train] 43:08:06<101:19:22, 0.052s/step step= 2986000 episodes= 6221 eps=0.050 replay= 39936 loss=0.00001 ext100=0.000 total100=0.037
[train] 43:09:49<101:17:35, 0.052s/step step= 2988000 episodes= 6225 eps=0.050 replay= 39936 loss=0.00001 ext100=0.000 total100=0.037
[train] 43:11:33<101:15:50, 0.052s/step step= 2990000 episodes= 6229 eps=0.050 replay= 39936 loss=0.00001 ext100=0.000 total100=0.036
[train] 43:13:16<101:14:04, 0.052s/step step= 2992000 episodes= 6233 eps=0.050 replay= 39936 loss=0.00001 ext100=0.000 total100=0.037
[train] 43:14:59<101:12:19, 0.052s/step step= 2994000 episodes= 6237 eps=0.050 replay= 39936 loss=0.00001 ext100=0.000 total100=0.037
[train] 43:16:43<101:10:34, 0.052s/step step= 2996000 episodes= 6242 eps=0.050 replay= 39936 loss=0.00000 ext100=0.000 total100=0.037
[train] 43:18:27<101:08:49, 0.052s/step step= 2998000 episodes= 6246 eps=0.050 replay= 39936 loss=0.00000 ext100=0.000 total100=0.038
[eval] step=3000000 episodes=6250 mean_ext_return=0.000
[train] 43:20:26<101:07:42, 0.052s/step step= 3000000 episodes= 6250 eps=0.050 replay= 39936 loss=0.00001 ext100=0.000 total100=0.038
[train] 43:22:10<101:05:58, 0.052s/step step= 3002000 episodes= 6254 eps=0.050 replay= 39936 loss=0.00001 ext100=0.000 total100=0.036
[train] 43:23:55<101:04:14, 0.052s/step step= 3004000 episodes= 6258 eps=0.050 replay= 39936 loss=0.00001 ext100=0.000 total100=0.035
[train] 43:25:38<101:02:29, 0.052s/step step= 3006000 episodes= 6262 eps=0.050 replay= 39936 loss=0.00001 ext100=0.000 total100=0.035
[train] 43:27:21<101:00:42, 0.052s/step step= 3008000 episodes= 6267 eps=0.050 replay= 39936 loss=0.00001 ext100=0.000 total100=0.035
[train] 43:29:05<100:58:58, 0.052s/step step= 3010000 episodes= 6271 eps=0.050 replay= 39936 loss=0.00001 ext100=0.000 total100=0.036
[train] 43:30:48<100:57:11, 0.052s/step step= 3012000 episodes= 6275 eps=0.050 replay= 39936 loss=0.00001 ext100=0.000 total100=0.036
[train] 43:32:31<100:55:26, 0.052s/step step= 3014000 episodes= 6279 eps=0.050 replay= 39936 loss=0.00001 ext100=0.000 total100=0.035
[train] 43:34:15<100:53:42, 0.052s/step step= 3016000 episodes= 6283 eps=0.050 replay= 39936 loss=0.00001 ext100=0.000 total100=0.036
[train] 43:35:59<100:51:57, 0.052s/step step= 3018000 episodes= 6287 eps=0.050 replay= 39936 loss=0.00001 ext100=0.000 total100=0.036
[eval] step=3020000 episodes=6292 mean_ext_return=0.000
[train] 43:37:58<100:50:49, 0.052s/step step= 3020000 episodes= 6292 eps=0.050 replay= 39936 loss=0.00000 ext100=0.000 total100=0.036
[train] 43:39:42<100:49:05, 0.052s/step step= 3022000 episodes= 6296 eps=0.050 replay= 39936 loss=0.00001 ext100=0.000 total100=0.037
[train] 43:41:26<100:47:21, 0.052s/step step= 3024000 episodes= 6300 eps=0.050 replay= 39936 loss=0.00001 ext100=0.000 total100=0.037
[train] 43:43:10<100:45:35, 0.052s/step step= 3026000 episodes= 6304 eps=0.050 replay= 39936 loss=0.00002 ext100=0.000 total100=0.036
[train] 43:44:52<100:43:48, 0.052s/step step= 3028000 episodes= 6308 eps=0.050 replay= 39936 loss=0.00001 ext100=0.000 total100=0.036
[train] 43:46:36<100:42:04, 0.052s/step step= 3030000 episodes= 6312 eps=0.050 replay= 39936 loss=0.00000 ext100=0.000 total100=0.037
[train] 43:48:19<100:40:17, 0.052s/step step= 3032000 episodes= 6317 eps=0.050 replay= 39936 loss=0.00000 ext100=0.000 total100=0.037
[train] 43:50:03<100:38:33, 0.052s/step step= 3034000 episodes= 6321 eps=0.050 replay= 39936 loss=0.00001 ext100=0.000 total100=0.037
[train] 43:51:47<100:36:48, 0.052s/step step= 3036000 episodes= 6325 eps=0.050 replay= 39936 loss=0.00001 ext100=0.000 total100=0.036
[train] 43:53:30<100:35:03, 0.052s/step step= 3038000 episodes= 6329 eps=0.050 replay= 39936 loss=0.00001 ext100=0.000 total100=0.037
[eval] step=3040000 episodes=6333 mean_ext_return=0.000
[train] 43:55:30<100:33:55, 0.052s/step step= 3040000 episodes= 6333 eps=0.050 replay= 39936 loss=0.00000 ext100=0.000 total100=0.036
[train] 43:57:14<100:32:10, 0.052s/step step= 3042000 episodes= 6337 eps=0.050 replay= 39936 loss=0.00001 ext100=0.000 total100=0.035
[train] 43:58:58<100:30:26, 0.052s/step step= 3044000 episodes= 6342 eps=0.050 replay= 39936 loss=0.00000 ext100=0.000 total100=0.033
[train] 44:00:41<100:28:41, 0.052s/step step= 3046000 episodes= 6346 eps=0.050 replay= 39936 loss=0.00000 ext100=0.000 total100=0.032
[train] 44:02:24<100:26:54, 0.052s/step step= 3048000 episodes= 6350 eps=0.050 replay= 39936 loss=0.00000 ext100=0.000 total100=0.032
[train] 44:04:08<100:25:09, 0.052s/step step= 3050000 episodes= 6354 eps=0.050 replay= 39936 loss=0.00002 ext100=0.000 total100=0.033
[train] 44:05:51<100:23:23, 0.052s/step step= 3052000 episodes= 6358 eps=0.050 replay= 39936 loss=0.00001 ext100=0.000 total100=0.034
[train] 44:07:34<100:21:38, 0.052s/step step= 3054000 episodes= 6362 eps=0.050 replay= 39936 loss=0.00001 ext100=0.000 total100=0.034
[train] 44:09:18<100:19:54, 0.052s/step step= 3056000 episodes= 6367 eps=0.050 replay= 39936 loss=0.00001 ext100=0.000 total100=0.034
[train] 44:11:02<100:18:09, 0.052s/step step= 3058000 episodes= 6371 eps=0.050 replay= 39936 loss=0.00003 ext100=0.000 total100=0.032
[eval] step=3060000 episodes=6375 mean_ext_return=0.000
[train] 44:13:02<100:17:00, 0.052s/step step= 3060000 episodes= 6375 eps=0.050 replay= 39936 loss=0.00000 ext100=0.000 total100=0.033
[train] 44:14:46<100:15:16, 0.052s/step step= 3062000 episodes= 6379 eps=0.050 replay= 39936 loss=0.00001 ext100=0.000 total100=0.033
[train] 44:16:30<100:13:32, 0.052s/step step= 3064000 episodes= 6383 eps=0.050 replay= 39936 loss=0.00000 ext100=0.000 total100=0.033
[train] 44:18:13<100:11:47, 0.052s/step step= 3066000 episodes= 6387 eps=0.050 replay= 39936 loss=0.00002 ext100=0.000 total100=0.033
[train] 44:19:56<100:10:00, 0.052s/step step= 3068000 episodes= 6392 eps=0.050 replay= 39936 loss=0.00001 ext100=0.000 total100=0.033
[train] 44:21:40<100:08:16, 0.052s/step step= 3070000 episodes= 6396 eps=0.050 replay= 39936 loss=0.00001 ext100=0.000 total100=0.032
[train] 44:23:23<100:06:29, 0.052s/step step= 3072000 episodes= 6400 eps=0.050 replay= 39936 loss=0.00001 ext100=0.000 total100=0.031
[train] 44:25:06<100:04:44, 0.052s/step step= 3074000 episodes= 6404 eps=0.050 replay= 39936 loss=0.00001 ext100=0.000 total100=0.032
[train] 44:26:50<100:02:59, 0.052s/step step= 3076000 episodes= 6408 eps=0.050 replay= 39936 loss=0.00000 ext100=0.000 total100=0.032
[train] 44:28:34<100:01:14, 0.052s/step step= 3078000 episodes= 6412 eps=0.050 replay= 39936 loss=0.00000 ext100=0.000 total100=0.031
[eval] step=3080000 episodes=6417 mean_ext_return=0.000
[train] 44:30:33<100:00:05, 0.052s/step step= 3080000 episodes= 6417 eps=0.050 replay= 39936 loss=0.00001 ext100=0.000 total100=0.031
[train] 44:32:17<99:58:21, 0.052s/step step= 3082000 episodes= 6421 eps=0.050 replay= 39936 loss=0.00002 ext100=0.000 total100=0.031
[train] 44:34:01<99:56:37, 0.052s/step step= 3084000 episodes= 6425 eps=0.050 replay= 39936 loss=0.00001 ext100=0.000 total100=0.032
[train] 44:35:45<99:54:52, 0.052s/step step= 3086000 episodes= 6429 eps=0.050 replay= 39936 loss=0.00000 ext100=0.000 total100=0.031
[train] 44:37:27<99:53:04, 0.052s/step step= 3088000 episodes= 6433 eps=0.050 replay= 39936 loss=0.00000 ext100=0.000 total100=0.031
[train] 44:39:11<99:51:20, 0.052s/step step= 3090000 episodes= 6437 eps=0.050 replay= 39936 loss=0.00001 ext100=0.000 total100=0.032
[train] 44:40:54<99:49:34, 0.052s/step step= 3092000 episodes= 6442 eps=0.050 replay= 39936 loss=0.00001 ext100=0.000 total100=0.033
[train] 44:42:38<99:47:48, 0.052s/step step= 3094000 episodes= 6446 eps=0.050 replay= 39936 loss=0.00000 ext100=0.000 total100=0.032
[train] 44:44:22<99:46:04, 0.052s/step step= 3096000 episodes= 6450 eps=0.050 replay= 39936 loss=0.00000 ext100=0.000 total100=0.032
[train] 44:46:05<99:44:19, 0.052s/step step= 3098000 episodes= 6454 eps=0.050 replay= 39936 loss=0.00001 ext100=0.000 total100=0.031
[eval] step=3100000 episodes=6458 mean_ext_return=0.000
[train] 44:48:05<99:43:09, 0.052s/step step= 3100000 episodes= 6458 eps=0.050 replay= 39936 loss=0.00000 ext100=0.000 total100=0.031
[train] 44:49:49<99:41:25, 0.052s/step step= 3102000 episodes= 6462 eps=0.050 replay= 39936 loss=0.00000 ext100=0.000 total100=0.031
[train] 44:51:33<99:39:41, 0.052s/step step= 3104000 episodes= 6467 eps=0.050 replay= 39936 loss=0.00000 ext100=0.000 total100=0.032
[train] 44:53:16<99:37:56, 0.052s/step step= 3106000 episodes= 6471 eps=0.050 replay= 39936 loss=0.00000 ext100=0.000 total100=0.032
[train] 44:54:59<99:36:08, 0.052s/step step= 3108000 episodes= 6475 eps=0.050 replay= 39936 loss=0.00001 ext100=0.000 total100=0.032
[train] 44:56:43<99:34:24, 0.052s/step step= 3110000 episodes= 6479 eps=0.050 replay= 39936 loss=0.00001 ext100=0.000 total100=0.032
[train] 44:58:26<99:32:38, 0.052s/step step= 3112000 episodes= 6483 eps=0.050 replay= 39936 loss=0.00001 ext100=0.000 total100=0.032
[train] 45:00:09<99:30:52, 0.052s/step step= 3114000 episodes= 6487 eps=0.050 replay= 39936 loss=0.00002 ext100=0.000 total100=0.032
[train] 45:01:53<99:29:08, 0.052s/step step= 3116000 episodes= 6492 eps=0.050 replay= 39936 loss=0.00000 ext100=0.000 total100=0.031
[train] 45:03:37<99:27:23, 0.052s/step step= 3118000 episodes= 6496 eps=0.050 replay= 39936 loss=0.00000 ext100=0.000 total100=0.031
[eval] step=3120000 episodes=6500 mean_ext_return=0.000
[train] 45:05:37<99:26:13, 0.052s/step step= 3120000 episodes= 6500 eps=0.050 replay= 39936 loss=0.00000 ext100=0.000 total100=0.032
[train] 45:07:20<99:24:29, 0.052s/step step= 3122000 episodes= 6504 eps=0.050 replay= 39936 loss=0.00001 ext100=0.000 total100=0.032
[train] 45:09:04<99:22:45, 0.052s/step step= 3124000 episodes= 6508 eps=0.050 replay= 39936 loss=0.00000 ext100=0.000 total100=0.032
[train] 45:10:48<99:20:59, 0.052s/step step= 3126000 episodes= 6512 eps=0.050 replay= 39936 loss=0.00001 ext100=0.000 total100=0.032
[train] 45:12:30<99:19:12, 0.052s/step step= 3128000 episodes= 6517 eps=0.050 replay= 39936 loss=0.00000 ext100=0.000 total100=0.032
[train] 45:14:14<99:17:28, 0.052s/step step= 3130000 episodes= 6521 eps=0.050 replay= 39936 loss=0.00001 ext100=0.000 total100=0.033
[train] 45:15:57<99:15:42, 0.052s/step step= 3132000 episodes= 6525 eps=0.050 replay= 39936 loss=0.00001 ext100=0.000 total100=0.033
[train] 45:17:41<99:13:56, 0.052s/step step= 3134000 episodes= 6529 eps=0.050 replay= 39936 loss=0.00000 ext100=0.000 total100=0.034
[train] 45:19:25<99:12:12, 0.052s/step step= 3136000 episodes= 6533 eps=0.050 replay= 39936 loss=0.00000 ext100=0.000 total100=0.033
[train] 45:21:08<99:10:27, 0.052s/step step= 3138000 episodes= 6537 eps=0.050 replay= 39936 loss=0.00001 ext100=0.000 total100=0.033
[eval] step=3140000 episodes=6542 mean_ext_return=0.000
[train] 45:23:08<99:09:16, 0.052s/step step= 3140000 episodes= 6542 eps=0.050 replay= 39936 loss=0.00001 ext100=0.000 total100=0.034
[train] 45:24:52<99:07:32, 0.052s/step step= 3142000 episodes= 6546 eps=0.050 replay= 39936 loss=0.00001 ext100=0.000 total100=0.034
[train] 45:26:36<99:05:48, 0.052s/step step= 3144000 episodes= 6550 eps=0.050 replay= 39936 loss=0.00000 ext100=0.000 total100=0.035
[train] 45:28:19<99:04:02, 0.052s/step step= 3146000 episodes= 6554 eps=0.050 replay= 39936 loss=0.00001 ext100=0.000 total100=0.035
[train] 45:30:02<99:02:15, 0.052s/step step= 3148000 episodes= 6558 eps=0.050 replay= 39936 loss=0.00000 ext100=0.000 total100=0.035
[train] 45:31:46<99:00:31, 0.052s/step step= 3150000 episodes= 6562 eps=0.050 replay= 39936 loss=0.00000 ext100=0.000 total100=0.036
[train] 45:33:29<98:58:45, 0.052s/step step= 3152000 episodes= 6567 eps=0.050 replay= 39936 loss=0.00000 ext100=0.000 total100=0.034
[train] 45:35:13<98:57:00, 0.052s/step step= 3154000 episodes= 6571 eps=0.050 replay= 39936 loss=0.00001 ext100=0.000 total100=0.034
[train] 45:36:56<98:55:15, 0.052s/step step= 3156000 episodes= 6575 eps=0.050 replay= 39936 loss=0.00000 ext100=0.000 total100=0.034
[train] 45:38:40<98:53:30, 0.052s/step step= 3158000 episodes= 6579 eps=0.050 replay= 39936 loss=0.00000 ext100=0.000 total100=0.035
[eval] step=3160000 episodes=6583 mean_ext_return=0.000
[train] 45:40:40<98:52:19, 0.052s/step step= 3160000 episodes= 6583 eps=0.050 replay= 39936 loss=0.00000 ext100=0.000 total100=0.034
[train] 45:42:24<98:50:35, 0.052s/step step= 3162000 episodes= 6587 eps=0.050 replay= 39936 loss=0.00001 ext100=0.000 total100=0.034
[train] 45:44:07<98:48:51, 0.052s/step step= 3164000 episodes= 6592 eps=0.050 replay= 39936 loss=0.00000 ext100=0.000 total100=0.035
[train] 45:45:51<98:47:06, 0.052s/step step= 3166000 episodes= 6596 eps=0.050 replay= 39936 loss=0.00001 ext100=0.000 total100=0.035
[train] 45:47:34<98:45:18, 0.052s/step step= 3168000 episodes= 6600 eps=0.050 replay= 39936 loss=0.00000 ext100=0.000 total100=0.035
[train] 45:49:18<98:43:34, 0.052s/step step= 3170000 episodes= 6604 eps=0.050 replay= 39936 loss=0.00001 ext100=0.000 total100=0.034
[train] 45:51:01<98:41:48, 0.052s/step step= 3172000 episodes= 6608 eps=0.050 replay= 39936 loss=0.00000 ext100=0.000 total100=0.033
[train] 45:52:44<98:40:02, 0.052s/step step= 3174000 episodes= 6612 eps=0.050 replay= 39936 loss=0.00000 ext100=0.000 total100=0.034
[train] 45:54:28<98:38:18, 0.052s/step step= 3176000 episodes= 6617 eps=0.050 replay= 39936 loss=0.00001 ext100=0.000 total100=0.033
[train] 45:56:12<98:36:33, 0.052s/step step= 3178000 episodes= 6621 eps=0.050 replay= 39936 loss=0.00001 ext100=0.000 total100=0.033
[eval] step=3180000 episodes=6625 mean_ext_return=0.000
[train] 45:58:11<98:35:22, 0.052s/step step= 3180000 episodes= 6625 eps=0.050 replay= 39936 loss=0.00001 ext100=0.000 total100=0.032
[train] 45:59:55<98:33:38, 0.052s/step step= 3182000 episodes= 6629 eps=0.050 replay= 39936 loss=0.00001 ext100=0.000 total100=0.033
[train] 46:01:39<98:31:53, 0.052s/step step= 3184000 episodes= 6633 eps=0.050 replay= 39936 loss=0.00000 ext100=0.000 total100=0.033
[train] 46:03:23<98:30:08, 0.052s/step step= 3186000 episodes= 6637 eps=0.050 replay= 39936 loss=0.00001 ext100=0.000 total100=0.033
[train] 46:05:05<98:28:21, 0.052s/step step= 3188000 episodes= 6642 eps=0.050 replay= 39936 loss=0.00000 ext100=0.000 total100=0.033
[train] 46:06:49<98:26:37, 0.052s/step step= 3190000 episodes= 6646 eps=0.050 replay= 39936 loss=0.00001 ext100=0.000 total100=0.033
[train] 46:08:32<98:24:50, 0.052s/step step= 3192000 episodes= 6650 eps=0.050 replay= 39936 loss=0.00000 ext100=0.000 total100=0.033
[train] 46:10:16<98:23:05, 0.052s/step step= 3194000 episodes= 6654 eps=0.050 replay= 39936 loss=0.00000 ext100=0.000 total100=0.033
[train] 46:12:00<98:21:20, 0.052s/step step= 3196000 episodes= 6658 eps=0.050 replay= 39936 loss=0.00000 ext100=0.000 total100=0.033
[train] 46:13:43<98:19:35, 0.052s/step step= 3198000 episodes= 6662 eps=0.050 replay= 39936 loss=0.00000 ext100=0.000 total100=0.033
[eval] step=3200000 episodes=6667 mean_ext_return=0.000
[train] 46:15:43<98:18:24, 0.052s/step step= 3200000 episodes= 6667 eps=0.050 replay= 39936 loss=0.00000 ext100=0.000 total100=0.033
[train] 46:17:27<98:16:40, 0.052s/step step= 3202000 episodes= 6671 eps=0.050 replay= 39936 loss=0.00001 ext100=0.000 total100=0.034
[train] 46:19:11<98:14:56, 0.052s/step step= 3204000 episodes= 6675 eps=0.050 replay= 39936 loss=0.00000 ext100=0.000 total100=0.034
[train] 46:20:54<98:13:10, 0.052s/step step= 3206000 episodes= 6679 eps=0.050 replay= 39936 loss=0.00000 ext100=0.000 total100=0.034
[train] 46:22:37<98:11:23, 0.052s/step step= 3208000 episodes= 6683 eps=0.050 replay= 39936 loss=0.00000 ext100=0.000 total100=0.034
[train] 46:24:21<98:09:39, 0.052s/step step= 3210000 episodes= 6687 eps=0.050 replay= 39936 loss=0.00001 ext100=0.000 total100=0.035
[train] 46:26:04<98:07:52, 0.052s/step step= 3212000 episodes= 6692 eps=0.050 replay= 39936 loss=0.00000 ext100=0.000 total100=0.036
[train] 46:27:47<98:06:07, 0.052s/step step= 3214000 episodes= 6696 eps=0.050 replay= 39936 loss=0.00000 ext100=0.000 total100=0.035
[train] 46:29:31<98:04:22, 0.052s/step step= 3216000 episodes= 6700 eps=0.050 replay= 39936 loss=0.00001 ext100=0.000 total100=0.036
[train] 46:31:15<98:02:38, 0.052s/step step= 3218000 episodes= 6704 eps=0.050 replay= 39936 loss=0.00002 ext100=0.000 total100=0.037
[eval] step=3220000 episodes=6708 mean_ext_return=0.000
[train] 46:33:15<98:01:26, 0.052s/step step= 3220000 episodes= 6708 eps=0.050 replay= 39936 loss=0.00000 ext100=0.000 total100=0.037
[train] 46:34:59<97:59:42, 0.052s/step step= 3222000 episodes= 6712 eps=0.050 replay= 39936 loss=0.00000 ext100=0.000 total100=0.036
[train] 46:36:42<97:57:57, 0.052s/step step= 3224000 episodes= 6717 eps=0.050 replay= 39936 loss=0.00000 ext100=0.000 total100=0.035
[train] 46:38:26<97:56:12, 0.052s/step step= 3226000 episodes= 6721 eps=0.050 replay= 39936 loss=0.00000 ext100=0.000 total100=0.035
[train] 46:40:09<97:54:25, 0.052s/step step= 3228000 episodes= 6725 eps=0.050 replay= 39936 loss=0.00000 ext100=0.000 total100=0.036
[train] 46:41:53<97:52:40, 0.052s/step step= 3230000 episodes= 6729 eps=0.050 replay= 39936 loss=0.00000 ext100=0.000 total100=0.034
[train] 46:43:36<97:50:54, 0.052s/step step= 3232000 episodes= 6733 eps=0.050 replay= 39936 loss=0.00000 ext100=0.000 total100=0.035
[train] 46:45:19<97:49:09, 0.052s/step step= 3234000 episodes= 6737 eps=0.050 replay= 39936 loss=0.00001 ext100=0.000 total100=0.035
[train] 46:47:03<97:47:24, 0.052s/step step= 3236000 episodes= 6742 eps=0.050 replay= 39936 loss=0.00001 ext100=0.000 total100=0.033
[train] 46:48:47<97:45:39, 0.052s/step step= 3238000 episodes= 6746 eps=0.050 replay= 39936 loss=0.00001 ext100=0.000 total100=0.033
[eval] step=3240000 episodes=6750 mean_ext_return=0.000
[train] 46:50:46<97:44:28, 0.052s/step step= 3240000 episodes= 6750 eps=0.050 replay= 39936 loss=0.00000 ext100=0.000 total100=0.033
[train] 46:52:30<97:42:43, 0.052s/step step= 3242000 episodes= 6754 eps=0.050 replay= 39936 loss=0.00001 ext100=0.000 total100=0.033
[train] 46:54:14<97:40:59, 0.052s/step step= 3244000 episodes= 6758 eps=0.050 replay= 39936 loss=0.00001 ext100=0.000 total100=0.033
[train] 46:55:58<97:39:13, 0.052s/step step= 3246000 episodes= 6762 eps=0.050 replay= 39936 loss=0.00000 ext100=0.000 total100=0.032
[train] 46:57:40<97:37:26, 0.052s/step step= 3248000 episodes= 6767 eps=0.050 replay= 39936 loss=0.00000 ext100=0.000 total100=0.032
[train] 46:59:24<97:35:42, 0.052s/step step= 3250000 episodes= 6771 eps=0.050 replay= 39936 loss=0.00000 ext100=0.000 total100=0.032
[train] 47:01:07<97:33:55, 0.052s/step step= 3252000 episodes= 6775 eps=0.050 replay= 39936 loss=0.00001 ext100=0.000 total100=0.031
[train] 47:02:51<97:32:10, 0.052s/step step= 3254000 episodes= 6779 eps=0.050 replay= 39936 loss=0.00000 ext100=0.000 total100=0.030
[train] 47:04:35<97:30:26, 0.052s/step step= 3256000 episodes= 6783 eps=0.050 replay= 39936 loss=0.00000 ext100=0.000 total100=0.031
[train] 47:06:18<97:28:41, 0.052s/step step= 3258000 episodes= 6787 eps=0.050 replay= 39936 loss=0.00001 ext100=0.000 total100=0.031
[eval] step=3260000 episodes=6792 mean_ext_return=0.000
[train] 47:08:18<97:27:29, 0.052s/step step= 3260000 episodes= 6792 eps=0.050 replay= 39936 loss=0.00000 ext100=0.000 total100=0.031
[train] 47:10:02<97:25:45, 0.052s/step step= 3262000 episodes= 6796 eps=0.050 replay= 39936 loss=0.00000 ext100=0.000 total100=0.031
[train] 47:11:46<97:24:00, 0.052s/step step= 3264000 episodes= 6800 eps=0.050 replay= 39936 loss=0.00001 ext100=0.000 total100=0.030
[train] 47:13:30<97:22:15, 0.052s/step step= 3266000 episodes= 6804 eps=0.050 replay= 39936 loss=0.00001 ext100=0.000 total100=0.031
[train] 47:15:12<97:20:28, 0.052s/step step= 3268000 episodes= 6808 eps=0.050 replay= 39936 loss=0.00000 ext100=0.000 total100=0.030
[train] 47:16:56<97:18:43, 0.052s/step step= 3270000 episodes= 6812 eps=0.050 replay= 39936 loss=0.00000 ext100=0.000 total100=0.031
[train] 47:18:39<97:16:57, 0.052s/step step= 3272000 episodes= 6817 eps=0.050 replay= 39936 loss=0.00001 ext100=0.000 total100=0.032
[train] 47:20:23<97:15:12, 0.052s/step step= 3274000 episodes= 6821 eps=0.050 replay= 39936 loss=0.00001 ext100=0.000 total100=0.032
[train] 47:22:07<97:13:27, 0.052s/step step= 3276000 episodes= 6825 eps=0.050 replay= 39936 loss=0.00001 ext100=0.000 total100=0.031
[train] 47:23:50<97:11:42, 0.052s/step step= 3278000 episodes= 6829 eps=0.050 replay= 39936 loss=0.00000 ext100=0.000 total100=0.031
[eval] step=3280000 episodes=6833 mean_ext_return=0.000
[train] 47:25:50<97:10:30, 0.052s/step step= 3280000 episodes= 6833 eps=0.050 replay= 39936 loss=0.00000 ext100=0.000 total100=0.031
[train] 47:27:34<97:08:46, 0.052s/step step= 3282000 episodes= 6837 eps=0.050 replay= 39936 loss=0.00002 ext100=0.000 total100=0.031
[train] 47:29:18<97:07:01, 0.052s/step step= 3284000 episodes= 6842 eps=0.050 replay= 39936 loss=0.00000 ext100=0.000 total100=0.033
[train] 47:31:02<97:05:16, 0.052s/step step= 3286000 episodes= 6846 eps=0.050 replay= 39936 loss=0.00000 ext100=0.000 total100=0.034
[train] 47:32:44<97:03:29, 0.052s/step step= 3288000 episodes= 6850 eps=0.050 replay= 39936 loss=0.00001 ext100=0.000 total100=0.032
[train] 47:34:28<97:01:45, 0.052s/step step= 3290000 episodes= 6854 eps=0.050 replay= 39936 loss=0.00001 ext100=0.000 total100=0.033
[train] 47:36:11<96:59:58, 0.052s/step step= 3292000 episodes= 6858 eps=0.050 replay= 39936 loss=0.00000 ext100=0.000 total100=0.033
[train] 47:37:55<96:58:13, 0.052s/step step= 3294000 episodes= 6862 eps=0.050 replay= 39936 loss=0.00001 ext100=0.000 total100=0.033
[train] 47:39:39<96:56:28, 0.052s/step step= 3296000 episodes= 6867 eps=0.050 replay= 39936 loss=0.00001 ext100=0.000 total100=0.033
[train] 47:41:23<96:54:44, 0.052s/step step= 3298000 episodes= 6871 eps=0.050 replay= 39936 loss=0.00001 ext100=0.000 total100=0.034
[eval] step=3300000 episodes=6875 mean_ext_return=0.000
[train] 47:43:22<96:53:31, 0.052s/step step= 3300000 episodes= 6875 eps=0.050 replay= 39936 loss=0.00000 ext100=0.000 total100=0.035
[train] 47:45:06<96:51:47, 0.052s/step step= 3302000 episodes= 6879 eps=0.050 replay= 39936 loss=0.00000 ext100=0.000 total100=0.035
[train] 47:46:50<96:50:02, 0.052s/step step= 3304000 episodes= 6883 eps=0.050 replay= 39936 loss=0.00000 ext100=0.000 total100=0.034
[train] 47:48:34<96:48:17, 0.052s/step step= 3306000 episodes= 6887 eps=0.050 replay= 39936 loss=0.00001 ext100=0.000 total100=0.033
[train] 47:50:16<96:46:29, 0.052s/step step= 3308000 episodes= 6892 eps=0.050 replay= 39936 loss=0.00000 ext100=0.000 total100=0.032
[train] 47:52:00<96:44:45, 0.052s/step step= 3310000 episodes= 6896 eps=0.050 replay= 39936 loss=0.00000 ext100=0.000 total100=0.032
[train] 47:53:43<96:42:59, 0.052s/step step= 3312000 episodes= 6900 eps=0.050 replay= 39936 loss=0.00000 ext100=0.000 total100=0.032
[train] 47:55:27<96:41:13, 0.052s/step step= 3314000 episodes= 6904 eps=0.050 replay= 39936 loss=0.00001 ext100=0.000 total100=0.030
[train] 47:57:10<96:39:28, 0.052s/step step= 3316000 episodes= 6908 eps=0.050 replay= 39936 loss=0.00000 ext100=0.000 total100=0.030
[train] 47:58:54<96:37:43, 0.052s/step step= 3318000 episodes= 6912 eps=0.050 replay= 39936 loss=0.00001 ext100=0.000 total100=0.031
[eval] step=3320000 episodes=6917 mean_ext_return=0.000
[train] 48:00:54<96:36:30, 0.052s/step step= 3320000 episodes= 6917 eps=0.050 replay= 39936 loss=0.00001 ext100=0.000 total100=0.032
[train] 48:02:38<96:34:46, 0.052s/step step= 3322000 episodes= 6921 eps=0.050 replay= 39936 loss=0.00001 ext100=0.000 total100=0.031
[train] 48:04:22<96:33:01, 0.052s/step step= 3324000 episodes= 6925 eps=0.050 replay= 39936 loss=0.00000 ext100=0.000 total100=0.032
[train] 48:06:05<96:31:16, 0.052s/step step= 3326000 episodes= 6929 eps=0.050 replay= 39936 loss=0.00000 ext100=0.000 total100=0.033
[train] 48:07:48<96:29:29, 0.052s/step step= 3328000 episodes= 6933 eps=0.050 replay= 39936 loss=0.00000 ext100=0.000 total100=0.032
[train] 48:09:32<96:27:44, 0.052s/step step= 3330000 episodes= 6937 eps=0.050 replay= 39936 loss=0.00001 ext100=0.000 total100=0.033
[train] 48:11:15<96:25:58, 0.052s/step step= 3332000 episodes= 6942 eps=0.050 replay= 39936 loss=0.00000 ext100=0.000 total100=0.032
[train] 48:12:58<96:24:13, 0.052s/step step= 3334000 episodes= 6946 eps=0.050 replay= 39936 loss=0.00000 ext100=0.000 total100=0.032
[train] 48:14:42<96:22:28, 0.052s/step step= 3336000 episodes= 6950 eps=0.050 replay= 39936 loss=0.00000 ext100=0.000 total100=0.033
[train] 48:16:26<96:20:43, 0.052s/step step= 3338000 episodes= 6954 eps=0.050 replay= 39936 loss=0.00003 ext100=0.000 total100=0.033
[eval] step=3340000 episodes=6958 mean_ext_return=0.000
[train] 48:18:25<96:19:30, 0.052s/step step= 3340000 episodes= 6958 eps=0.050 replay= 39936 loss=0.00000 ext100=0.000 total100=0.033
[train] 48:20:09<96:17:45, 0.052s/step step= 3342000 episodes= 6962 eps=0.050 replay= 39936 loss=0.00000 ext100=0.000 total100=0.033
[train] 48:21:53<96:16:01, 0.052s/step step= 3344000 episodes= 6967 eps=0.050 replay= 39936 loss=0.00001 ext100=0.000 total100=0.033
[train] 48:23:37<96:14:16, 0.052s/step step= 3346000 episodes= 6971 eps=0.050 replay= 39936 loss=0.00001 ext100=0.000 total100=0.034
[train] 48:25:20<96:12:29, 0.052s/step step= 3348000 episodes= 6975 eps=0.050 replay= 39936 loss=0.00001 ext100=0.000 total100=0.034
[train] 48:27:03<96:10:44, 0.052s/step step= 3350000 episodes= 6979 eps=0.050 replay= 39936 loss=0.00000 ext100=0.000 total100=0.034
[train] 48:28:47<96:08:58, 0.052s/step step= 3352000 episodes= 6983 eps=0.050 replay= 39936 loss=0.00000 ext100=0.000 total100=0.034
[train] 48:30:30<96:07:13, 0.052s/step step= 3354000 episodes= 6987 eps=0.050 replay= 39936 loss=0.00001 ext100=0.000 total100=0.034
[train] 48:32:14<96:05:28, 0.052s/step step= 3356000 episodes= 6992 eps=0.050 replay= 39936 loss=0.00000 ext100=0.000 total100=0.033
[train] 48:33:58<96:03:43, 0.052s/step step= 3358000 episodes= 6996 eps=0.050 replay= 39936 loss=0.00001 ext100=0.000 total100=0.034
[eval] step=3360000 episodes=7000 mean_ext_return=0.000
[train] 48:35:57<96:02:29, 0.052s/step step= 3360000 episodes= 7000 eps=0.050 replay= 39936 loss=0.00001 ext100=0.000 total100=0.035
[train] 48:37:41<96:00:45, 0.052s/step step= 3362000 episodes= 7004 eps=0.050 replay= 39936 loss=0.00002 ext100=0.000 total100=0.036
[train] 48:39:25<95:59:00, 0.052s/step step= 3364000 episodes= 7008 eps=0.050 replay= 39936 loss=0.00000 ext100=0.000 total100=0.036
[train] 48:41:09<95:57:15, 0.052s/step step= 3366000 episodes= 7012 eps=0.050 replay= 39936 loss=0.00001 ext100=0.000 total100=0.034
[train] 48:42:51<95:55:28, 0.052s/step step= 3368000 episodes= 7017 eps=0.050 replay= 39936 loss=0.00001 ext100=0.000 total100=0.033
[train] 48:44:35<95:53:43, 0.052s/step step= 3370000 episodes= 7021 eps=0.050 replay= 39936 loss=0.00001 ext100=0.000 total100=0.034
[train] 48:46:18<95:51:57, 0.052s/step step= 3372000 episodes= 7025 eps=0.050 replay= 39936 loss=0.00000 ext100=0.000 total100=0.033
[train] 48:48:02<95:50:11, 0.052s/step step= 3374000 episodes= 7029 eps=0.050 replay= 39936 loss=0.00000 ext100=0.000 total100=0.034
[train] 48:49:45<95:48:26, 0.052s/step step= 3376000 episodes= 7033 eps=0.050 replay= 39936 loss=0.00001 ext100=0.000 total100=0.035
[train] 48:51:29<95:46:42, 0.052s/step step= 3378000 episodes= 7037 eps=0.050 replay= 39936 loss=0.00001 ext100=0.000 total100=0.034
[eval] step=3380000 episodes=7042 mean_ext_return=0.000
[train] 48:53:29<95:45:28, 0.052s/step step= 3380000 episodes= 7042 eps=0.050 replay= 39936 loss=0.00000 ext100=0.000 total100=0.035
[train] 48:55:13<95:43:43, 0.052s/step step= 3382000 episodes= 7046 eps=0.050 replay= 39936 loss=0.00000 ext100=0.000 total100=0.034
[train] 48:56:57<95:41:59, 0.052s/step step= 3384000 episodes= 7050 eps=0.050 replay= 39936 loss=0.00000 ext100=0.000 total100=0.033
[train] 48:58:40<95:40:13, 0.052s/step step= 3386000 episodes= 7054 eps=0.050 replay= 39936 loss=0.00001 ext100=0.000 total100=0.033
[train] 49:00:23<95:38:26, 0.052s/step step= 3388000 episodes= 7058 eps=0.050 replay= 39936 loss=0.00000 ext100=0.000 total100=0.033
[train] 49:02:07<95:36:42, 0.052s/step step= 3390000 episodes= 7062 eps=0.050 replay= 39936 loss=0.00000 ext100=0.000 total100=0.033
[train] 49:03:50<95:34:56, 0.052s/step step= 3392000 episodes= 7067 eps=0.050 replay= 39936 loss=0.00000 ext100=0.000 total100=0.033
[train] 49:05:34<95:33:10, 0.052s/step step= 3394000 episodes= 7071 eps=0.050 replay= 39936 loss=0.00001 ext100=0.000 total100=0.032
[train] 49:07:17<95:31:25, 0.052s/step step= 3396000 episodes= 7075 eps=0.050 replay= 39936 loss=0.00000 ext100=0.000 total100=0.032
[train] 49:09:01<95:29:41, 0.052s/step step= 3398000 episodes= 7079 eps=0.050 replay= 39936 loss=0.00000 ext100=0.000 total100=0.032
[eval] step=3400000 episodes=7083 mean_ext_return=0.000
[train] 49:11:01<95:28:27, 0.052s/step step= 3400000 episodes= 7083 eps=0.050 replay= 39936 loss=0.00001 ext100=0.000 total100=0.033
[train] 49:12:45<95:26:42, 0.052s/step step= 3402000 episodes= 7087 eps=0.050 replay= 39936 loss=0.00001 ext100=0.000 total100=0.034
[train] 49:14:29<95:24:58, 0.052s/step step= 3404000 episodes= 7092 eps=0.050 replay= 39936 loss=0.00000 ext100=0.000 total100=0.035
[train] 49:16:12<95:23:13, 0.052s/step step= 3406000 episodes= 7096 eps=0.050 replay= 39936 loss=0.00001 ext100=0.000 total100=0.034
[train] 49:17:55<95:21:26, 0.052s/step step= 3408000 episodes= 7100 eps=0.050 replay= 39936 loss=0.00000 ext100=0.000 total100=0.035
[train] 49:19:39<95:19:41, 0.052s/step step= 3410000 episodes= 7104 eps=0.050 replay= 39936 loss=0.00001 ext100=0.000 total100=0.036
[train] 49:21:22<95:17:55, 0.052s/step step= 3412000 episodes= 7108 eps=0.050 replay= 39936 loss=0.00000 ext100=0.000 total100=0.037
[train] 49:23:06<95:16:10, 0.052s/step step= 3414000 episodes= 7112 eps=0.050 replay= 39936 loss=0.00000 ext100=0.000 total100=0.037
[train] 49:24:49<95:14:24, 0.052s/step step= 3416000 episodes= 7117 eps=0.050 replay= 39936 loss=0.00000 ext100=0.000 total100=0.037
[train] 49:26:33<95:12:40, 0.052s/step step= 3418000 episodes= 7121 eps=0.050 replay= 39936 loss=0.00002 ext100=0.000 total100=0.038
[eval] step=3420000 episodes=7125 mean_ext_return=0.000
[train] 49:28:33<95:11:25, 0.052s/step step= 3420000 episodes= 7125 eps=0.050 replay= 39936 loss=0.00000 ext100=0.000 total100=0.038
[train] 49:30:17<95:09:41, 0.052s/step step= 3422000 episodes= 7129 eps=0.050 replay= 39936 loss=0.00001 ext100=0.000 total100=0.037
[train] 49:32:01<95:07:56, 0.052s/step step= 3424000 episodes= 7133 eps=0.050 replay= 39936 loss=0.00000 ext100=0.000 total100=0.036
[train] 49:33:44<95:06:11, 0.052s/step step= 3426000 episodes= 7137 eps=0.050 replay= 39936 loss=0.00001 ext100=0.000 total100=0.036
[train] 49:35:27<95:04:24, 0.052s/step step= 3428000 episodes= 7142 eps=0.050 replay= 39936 loss=0.00001 ext100=0.000 total100=0.036
[train] 49:37:11<95:02:40, 0.052s/step step= 3430000 episodes= 7146 eps=0.050 replay= 39936 loss=0.00000 ext100=0.000 total100=0.037
[train] 49:38:54<95:00:53, 0.052s/step step= 3432000 episodes= 7150 eps=0.050 replay= 39936 loss=0.00000 ext100=0.000 total100=0.038
[train] 49:40:38<94:59:08, 0.052s/step step= 3434000 episodes= 7154 eps=0.050 replay= 39936 loss=0.00000 ext100=0.000 total100=0.038
[train] 49:42:21<94:57:22, 0.052s/step step= 3436000 episodes= 7158 eps=0.050 replay= 39936 loss=0.00000 ext100=0.000 total100=0.037
[train] 49:44:05<94:55:37, 0.052s/step step= 3438000 episodes= 7162 eps=0.050 replay= 39936 loss=0.00000 ext100=0.000 total100=0.037
[eval] step=3440000 episodes=7167 mean_ext_return=0.000
[train] 49:46:04<94:54:23, 0.052s/step step= 3440000 episodes= 7167 eps=0.050 replay= 39936 loss=0.00001 ext100=0.000 total100=0.037
[train] 49:47:48<94:52:38, 0.052s/step step= 3442000 episodes= 7171 eps=0.050 replay= 39936 loss=0.00001 ext100=0.000 total100=0.036
[train] 49:49:32<94:50:53, 0.052s/step step= 3444000 episodes= 7175 eps=0.050 replay= 39936 loss=0.00000 ext100=0.000 total100=0.036
[train] 49:51:16<94:49:08, 0.052s/step step= 3446000 episodes= 7179 eps=0.050 replay= 39936 loss=0.00000 ext100=0.000 total100=0.036
[train] 49:52:58<94:47:21, 0.052s/step step= 3448000 episodes= 7183 eps=0.050 replay= 39936 loss=0.00000 ext100=0.000 total100=0.036
[train] 49:54:42<94:45:36, 0.052s/step step= 3450000 episodes= 7187 eps=0.050 replay= 39936 loss=0.00001 ext100=0.000 total100=0.035
[train] 49:56:25<94:43:50, 0.052s/step step= 3452000 episodes= 7192 eps=0.050 replay= 39936 loss=0.00000 ext100=0.000 total100=0.035
[train] 49:58:09<94:42:05, 0.052s/step step= 3454000 episodes= 7196 eps=0.050 replay= 39936 loss=0.00000 ext100=0.000 total100=0.036
[train] 49:59:53<94:40:20, 0.052s/step step= 3456000 episodes= 7200 eps=0.050 replay= 39936 loss=0.00000 ext100=0.000 total100=0.035
[train] 50:01:36<94:38:35, 0.052s/step step= 3458000 episodes= 7204 eps=0.050 replay= 39936 loss=0.00001 ext100=0.000 total100=0.034
[eval] step=3460000 episodes=7208 mean_ext_return=0.000
[train] 50:03:36<94:37:20, 0.052s/step step= 3460000 episodes= 7208 eps=0.050 replay= 39936 loss=0.00000 ext100=0.000 total100=0.033
[train] 50:05:20<94:35:35, 0.052s/step step= 3462000 episodes= 7212 eps=0.050 replay= 39936 loss=0.00000 ext100=0.000 total100=0.033
[train] 50:07:04<94:33:51, 0.052s/step step= 3464000 episodes= 7217 eps=0.050 replay= 39936 loss=0.00000 ext100=0.000 total100=0.033
[train] 50:08:47<94:32:05, 0.052s/step step= 3466000 episodes= 7221 eps=0.050 replay= 39936 loss=0.00001 ext100=0.000 total100=0.034
[train] 50:10:30<94:30:18, 0.052s/step step= 3468000 episodes= 7225 eps=0.050 replay= 39936 loss=0.00000 ext100=0.000 total100=0.034
[train] 50:12:14<94:28:34, 0.052s/step step= 3470000 episodes= 7229 eps=0.050 replay= 39936 loss=0.00000 ext100=0.000 total100=0.035
[train] 50:13:57<94:26:48, 0.052s/step step= 3472000 episodes= 7233 eps=0.050 replay= 39936 loss=0.00000 ext100=0.000 total100=0.035
[train] 50:15:41<94:25:02, 0.052s/step step= 3474000 episodes= 7237 eps=0.050 replay= 39936 loss=0.00001 ext100=0.000 total100=0.036
[train] 50:17:24<94:23:17, 0.052s/step step= 3476000 episodes= 7242 eps=0.050 replay= 39936 loss=0.00000 ext100=0.000 total100=0.036
[train] 50:19:08<94:21:32, 0.052s/step step= 3478000 episodes= 7246 eps=0.050 replay= 39936 loss=0.00000 ext100=0.000 total100=0.036
[eval] step=3480000 episodes=7250 mean_ext_return=0.000
[train] 50:21:08<94:20:17, 0.052s/step step= 3480000 episodes= 7250 eps=0.050 replay= 39936 loss=0.00000 ext100=0.000 total100=0.036
[train] 50:22:52<94:18:32, 0.052s/step step= 3482000 episodes= 7254 eps=0.050 replay= 39936 loss=0.00001 ext100=0.000 total100=0.036
[train] 50:24:36<94:16:48, 0.052s/step step= 3484000 episodes= 7258 eps=0.050 replay= 39936 loss=0.00000 ext100=0.000 total100=0.035
[train] 50:26:19<94:15:02, 0.052s/step step= 3486000 episodes= 7262 eps=0.050 replay= 39936 loss=0.00000 ext100=0.000 total100=0.035
[train] 50:28:02<94:13:15, 0.052s/step step= 3488000 episodes= 7267 eps=0.050 replay= 39936 loss=0.00000 ext100=0.000 total100=0.035
[train] 50:29:46<94:11:31, 0.052s/step step= 3490000 episodes= 7271 eps=0.050 replay= 39936 loss=0.00001 ext100=0.000 total100=0.034
[train] 50:31:29<94:09:44, 0.052s/step step= 3492000 episodes= 7275 eps=0.050 replay= 39936 loss=0.00000 ext100=0.000 total100=0.034
[train] 50:33:12<94:07:59, 0.052s/step step= 3494000 episodes= 7279 eps=0.050 replay= 39936 loss=0.00000 ext100=0.000 total100=0.034
[train] 50:34:56<94:06:14, 0.052s/step step= 3496000 episodes= 7283 eps=0.050 replay= 39936 loss=0.00000 ext100=0.000 total100=0.034
[train] 50:36:40<94:04:29, 0.052s/step step= 3498000 episodes= 7287 eps=0.050 replay= 39936 loss=0.00000 ext100=0.000 total100=0.035
[eval] step=3500000 episodes=7292 mean_ext_return=0.000
[train] 50:38:39<94:03:13, 0.052s/step step= 3500000 episodes= 7292 eps=0.050 replay= 39936 loss=0.00000 ext100=0.000 total100=0.034
[train] 50:40:23<94:01:29, 0.052s/step step= 3502000 episodes= 7296 eps=0.050 replay= 39936 loss=0.00000 ext100=0.000 total100=0.035
[train] 50:42:07<93:59:44, 0.052s/step step= 3504000 episodes= 7300 eps=0.050 replay= 39936 loss=0.00000 ext100=0.000 total100=0.036
[train] 50:43:51<93:57:59, 0.052s/step step= 3506000 episodes= 7304 eps=0.050 replay= 39936 loss=0.00000 ext100=0.000 total100=0.035
[train] 50:45:33<93:56:11, 0.052s/step step= 3508000 episodes= 7308 eps=0.050 replay= 39936 loss=0.00000 ext100=0.000 total100=0.035
[train] 50:47:17<93:54:26, 0.052s/step step= 3510000 episodes= 7312 eps=0.050 replay= 39936 loss=0.00000 ext100=0.000 total100=0.036
[train] 50:49:00<93:52:40, 0.052s/step step= 3512000 episodes= 7317 eps=0.050 replay= 39936 loss=0.00000 ext100=0.000 total100=0.036
[train] 50:50:44<93:50:55, 0.052s/step step= 3514000 episodes= 7321 eps=0.050 replay= 39936 loss=0.00001 ext100=0.000 total100=0.035
[train] 50:52:27<93:49:09, 0.052s/step step= 3516000 episodes= 7325 eps=0.050 replay= 39936 loss=0.00000 ext100=0.000 total100=0.035
[train] 50:54:11<93:47:25, 0.052s/step step= 3518000 episodes= 7329 eps=0.050 replay= 39936 loss=0.00000 ext100=0.000 total100=0.035
[eval] step=3520000 episodes=7333 mean_ext_return=0.000
[train] 50:56:11<93:46:09, 0.052s/step step= 3520000 episodes= 7333 eps=0.050 replay= 39936 loss=0.00001 ext100=0.000 total100=0.034
[train] 50:57:54<93:44:24, 0.052s/step step= 3522000 episodes= 7337 eps=0.050 replay= 39936 loss=0.00001 ext100=0.000 total100=0.034
[train] 50:59:38<93:42:40, 0.052s/step step= 3524000 episodes= 7342 eps=0.050 replay= 39936 loss=0.00000 ext100=0.000 total100=0.033
[train] 51:01:22<93:40:54, 0.052s/step step= 3526000 episodes= 7346 eps=0.050 replay= 39936 loss=0.00000 ext100=0.000 total100=0.034
[train] 51:03:04<93:39:07, 0.052s/step step= 3528000 episodes= 7350 eps=0.050 replay= 39936 loss=0.00000 ext100=0.000 total100=0.033
[train] 51:04:48<93:37:22, 0.052s/step step= 3530000 episodes= 7354 eps=0.050 replay= 39936 loss=0.00001 ext100=0.000 total100=0.033
[train] 51:06:31<93:35:36, 0.052s/step step= 3532000 episodes= 7358 eps=0.050 replay= 39936 loss=0.00000 ext100=0.000 total100=0.034
[train] 51:08:15<93:33:51, 0.052s/step step= 3534000 episodes= 7362 eps=0.050 replay= 39936 loss=0.00000 ext100=0.000 total100=0.034
[train] 51:09:58<93:32:05, 0.052s/step step= 3536000 episodes= 7367 eps=0.050 replay= 39936 loss=0.00000 ext100=0.000 total100=0.035
[train] 51:11:42<93:30:21, 0.052s/step step= 3538000 episodes= 7371 eps=0.050 replay= 39936 loss=0.00001 ext100=0.000 total100=0.036
[eval] step=3540000 episodes=7375 mean_ext_return=0.000
[train] 51:13:42<93:29:04, 0.052s/step step= 3540000 episodes= 7375 eps=0.050 replay= 39936 loss=0.00000 ext100=0.000 total100=0.036
[train] 51:15:26<93:27:20, 0.052s/step step= 3542000 episodes= 7379 eps=0.050 replay= 39936 loss=0.00000 ext100=0.000 total100=0.036
[train] 51:17:10<93:25:35, 0.052s/step step= 3544000 episodes= 7383 eps=0.050 replay= 39936 loss=0.00000 ext100=0.000 total100=0.036
[train] 51:18:53<93:23:50, 0.052s/step step= 3546000 episodes= 7387 eps=0.050 replay= 39936 loss=0.00001 ext100=0.000 total100=0.035
[train] 51:20:36<93:22:03, 0.052s/step step= 3548000 episodes= 7392 eps=0.050 replay= 39936 loss=0.00000 ext100=0.000 total100=0.035
[train] 51:22:20<93:20:18, 0.052s/step step= 3550000 episodes= 7396 eps=0.050 replay= 39936 loss=0.00000 ext100=0.000 total100=0.034
[train] 51:24:03<93:18:32, 0.052s/step step= 3552000 episodes= 7400 eps=0.050 replay= 39936 loss=0.00000 ext100=0.000 total100=0.034
[train] 51:25:47<93:16:47, 0.052s/step step= 3554000 episodes= 7404 eps=0.050 replay= 39936 loss=0.00001 ext100=0.000 total100=0.035
[train] 51:27:30<93:15:01, 0.052s/step step= 3556000 episodes= 7408 eps=0.050 replay= 39936 loss=0.00001 ext100=0.000 total100=0.035
[train] 51:29:14<93:13:17, 0.052s/step step= 3558000 episodes= 7412 eps=0.050 replay= 39936 loss=0.00000 ext100=0.000 total100=0.035
[eval] step=3560000 episodes=7417 mean_ext_return=0.000
[train] 51:31:14<93:12:01, 0.052s/step step= 3560000 episodes= 7417 eps=0.050 replay= 39936 loss=0.00000 ext100=0.000 total100=0.035
[train] 51:32:58<93:10:16, 0.052s/step step= 3562000 episodes= 7421 eps=0.050 replay= 39936 loss=0.00001 ext100=0.000 total100=0.035
[train] 51:34:42<93:08:31, 0.052s/step step= 3564000 episodes= 7425 eps=0.050 replay= 39936 loss=0.00000 ext100=0.000 total100=0.035
[train] 51:36:25<93:06:46, 0.052s/step step= 3566000 episodes= 7429 eps=0.050 replay= 39936 loss=0.00000 ext100=0.000 total100=0.034
[train] 51:38:08<93:04:59, 0.052s/step step= 3568000 episodes= 7433 eps=0.050 replay= 39936 loss=0.00001 ext100=0.000 total100=0.034
[train] 51:39:52<93:03:14, 0.052s/step step= 3570000 episodes= 7437 eps=0.050 replay= 39936 loss=0.00001 ext100=0.000 total100=0.035
[train] 51:41:35<93:01:28, 0.052s/step step= 3572000 episodes= 7442 eps=0.050 replay= 39936 loss=0.00000 ext100=0.000 total100=0.034
[train] 51:43:18<92:59:42, 0.052s/step step= 3574000 episodes= 7446 eps=0.050 replay= 39936 loss=0.00000 ext100=0.000 total100=0.033
[train] 51:45:02<92:57:57, 0.052s/step step= 3576000 episodes= 7450 eps=0.050 replay= 39936 loss=0.00000 ext100=0.000 total100=0.034
[train] 51:46:46<92:56:12, 0.052s/step step= 3578000 episodes= 7454 eps=0.050 replay= 39936 loss=0.00001 ext100=0.000 total100=0.034
[eval] step=3580000 episodes=7458 mean_ext_return=0.000
[train] 51:48:45<92:54:56, 0.052s/step step= 3580000 episodes= 7458 eps=0.050 replay= 39936 loss=0.00000 ext100=0.000 total100=0.033
[train] 51:50:29<92:53:11, 0.052s/step step= 3582000 episodes= 7462 eps=0.050 replay= 39936 loss=0.00000 ext100=0.000 total100=0.033
[train] 51:52:13<92:51:26, 0.052s/step step= 3584000 episodes= 7467 eps=0.050 replay= 39936 loss=0.00000 ext100=0.000 total100=0.033
[train] 51:53:57<92:49:41, 0.052s/step step= 3586000 episodes= 7471 eps=0.050 replay= 39936 loss=0.00001 ext100=0.000 total100=0.033
[train] 51:55:40<92:47:54, 0.052s/step step= 3588000 episodes= 7475 eps=0.050 replay= 39936 loss=0.00000 ext100=0.000 total100=0.032
[train] 51:57:24<92:46:10, 0.052s/step step= 3590000 episodes= 7479 eps=0.050 replay= 39936 loss=0.00000 ext100=0.000 total100=0.032
[train] 51:59:07<92:44:23, 0.052s/step step= 3592000 episodes= 7483 eps=0.050 replay= 39936 loss=0.00000 ext100=0.000 total100=0.033
[train] 52:00:50<92:42:38, 0.052s/step step= 3594000 episodes= 7487 eps=0.050 replay= 39936 loss=0.00001 ext100=0.000 total100=0.034
[train] 52:02:34<92:40:52, 0.052s/step step= 3596000 episodes= 7492 eps=0.050 replay= 39936 loss=0.00000 ext100=0.000 total100=0.033
[train] 52:04:18<92:39:08, 0.052s/step step= 3598000 episodes= 7496 eps=0.050 replay= 39936 loss=0.00000 ext100=0.000 total100=0.033
[eval] step=3600000 episodes=7500 mean_ext_return=0.000
[train] 52:06:17<92:37:51, 0.052s/step step= 3600000 episodes= 7500 eps=0.050 replay= 39936 loss=0.00000 ext100=0.000 total100=0.034
[train] 52:08:01<92:36:06, 0.052s/step step= 3602000 episodes= 7504 eps=0.050 replay= 39936 loss=0.00001 ext100=0.000 total100=0.033
[train] 52:09:45<92:34:22, 0.052s/step step= 3604000 episodes= 7508 eps=0.050 replay= 39936 loss=0.00000 ext100=0.000 total100=0.033
[train] 52:11:29<92:32:36, 0.052s/step step= 3606000 episodes= 7512 eps=0.050 replay= 39936 loss=0.00000 ext100=0.000 total100=0.033
[train] 52:13:11<92:30:49, 0.052s/step step= 3608000 episodes= 7517 eps=0.050 replay= 39936 loss=0.00000 ext100=0.000 total100=0.033
[train] 52:14:55<92:29:04, 0.052s/step step= 3610000 episodes= 7521 eps=0.050 replay= 39936 loss=0.00001 ext100=0.000 total100=0.033
[train] 52:16:38<92:27:18, 0.052s/step step= 3612000 episodes= 7525 eps=0.050 replay= 39936 loss=0.00001 ext100=0.000 total100=0.034
[train] 52:18:22<92:25:33, 0.052s/step step= 3614000 episodes= 7529 eps=0.050 replay= 39936 loss=0.00000 ext100=0.000 total100=0.035
[train] 52:20:05<92:23:47, 0.052s/step step= 3616000 episodes= 7533 eps=0.050 replay= 39936 loss=0.00000 ext100=0.000 total100=0.035
[train] 52:21:49<92:22:03, 0.052s/step step= 3618000 episodes= 7537 eps=0.050 replay= 39936 loss=0.00001 ext100=0.000 total100=0.034
[eval] step=3620000 episodes=7542 mean_ext_return=0.000
[train] 52:23:49<92:20:45, 0.052s/step step= 3620000 episodes= 7542 eps=0.050 replay= 39936 loss=0.00001 ext100=0.000 total100=0.034
[train] 52:25:33<92:19:01, 0.052s/step step= 3622000 episodes= 7546 eps=0.050 replay= 39936 loss=0.00000 ext100=0.000 total100=0.034
[train] 52:27:17<92:17:16, 0.052s/step step= 3624000 episodes= 7550 eps=0.050 replay= 39936 loss=0.00000 ext100=0.000 total100=0.034
[train] 52:29:00<92:15:31, 0.052s/step step= 3626000 episodes= 7554 eps=0.050 replay= 39936 loss=0.00001 ext100=0.000 total100=0.034
[train] 52:30:43<92:13:44, 0.052s/step step= 3628000 episodes= 7558 eps=0.050 replay= 39936 loss=0.00000 ext100=0.000 total100=0.035
[train] 52:32:27<92:11:59, 0.052s/step step= 3630000 episodes= 7562 eps=0.050 replay= 39936 loss=0.00000 ext100=0.000 total100=0.035
[train] 52:34:10<92:10:13, 0.052s/step step= 3632000 episodes= 7567 eps=0.050 replay= 39936 loss=0.00000 ext100=0.000 total100=0.034
[train] 52:35:53<92:08:27, 0.052s/step step= 3634000 episodes= 7571 eps=0.050 replay= 39936 loss=0.00001 ext100=0.000 total100=0.033
[train] 52:37:36<92:06:41, 0.052s/step step= 3636000 episodes= 7575 eps=0.050 replay= 39936 loss=0.00000 ext100=0.000 total100=0.034
[train] 52:39:20<92:04:57, 0.052s/step step= 3638000 episodes= 7579 eps=0.050 replay= 39936 loss=0.00000 ext100=0.000 total100=0.035
[eval] step=3640000 episodes=7583 mean_ext_return=0.000
[train] 52:41:20<92:03:39, 0.052s/step step= 3640000 episodes= 7583 eps=0.050 replay= 39936 loss=0.00000 ext100=0.000 total100=0.034
[train] 52:43:04<92:01:55, 0.052s/step step= 3642000 episodes= 7587 eps=0.050 replay= 39936 loss=0.00001 ext100=0.000 total100=0.034
[train] 52:44:48<92:00:10, 0.052s/step step= 3644000 episodes= 7592 eps=0.050 replay= 39936 loss=0.00001 ext100=0.000 total100=0.034
[train] 52:46:32<91:58:25, 0.052s/step step= 3646000 episodes= 7596 eps=0.050 replay= 39936 loss=0.00001 ext100=0.000 total100=0.034
[train] 52:48:14<91:56:38, 0.052s/step step= 3648000 episodes= 7600 eps=0.050 replay= 39936 loss=0.00000 ext100=0.000 total100=0.033
[train] 52:49:58<91:54:53, 0.052s/step step= 3650000 episodes= 7604 eps=0.050 replay= 39936 loss=0.00001 ext100=0.000 total100=0.033
[train] 52:51:41<91:53:07, 0.052s/step step= 3652000 episodes= 7608 eps=0.050 replay= 39936 loss=0.00000 ext100=0.000 total100=0.032
[train] 52:53:25<91:51:21, 0.052s/step step= 3654000 episodes= 7612 eps=0.050 replay= 39936 loss=0.00000 ext100=0.000 total100=0.032
[train] 52:55:08<91:49:36, 0.052s/step step= 3656000 episodes= 7617 eps=0.050 replay= 39936 loss=0.00000 ext100=0.000 total100=0.031
[train] 52:56:52<91:47:51, 0.052s/step step= 3658000 episodes= 7621 eps=0.050 replay= 39936 loss=0.00001 ext100=0.000 total100=0.031
[eval] step=3660000 episodes=7625 mean_ext_return=0.000
[train] 52:58:52<91:46:33, 0.052s/step step= 3660000 episodes= 7625 eps=0.050 replay= 39936 loss=0.00000 ext100=0.000 total100=0.030
[train] 53:00:36<91:44:49, 0.052s/step step= 3662000 episodes= 7629 eps=0.050 replay= 39936 loss=0.00001 ext100=0.000 total100=0.030
[train] 53:02:19<91:43:04, 0.052s/step step= 3664000 episodes= 7633 eps=0.050 replay= 39936 loss=0.00000 ext100=0.000 total100=0.031
[train] 53:04:03<91:41:19, 0.052s/step step= 3666000 episodes= 7637 eps=0.050 replay= 39936 loss=0.00001 ext100=0.000 total100=0.032
[train] 53:05:46<91:39:32, 0.052s/step step= 3668000 episodes= 7642 eps=0.050 replay= 39936 loss=0.00001 ext100=0.000 total100=0.032
[train] 53:07:30<91:37:47, 0.052s/step step= 3670000 episodes= 7646 eps=0.050 replay= 39936 loss=0.00000 ext100=0.000 total100=0.032
[train] 53:09:13<91:36:01, 0.052s/step step= 3672000 episodes= 7650 eps=0.050 replay= 39936 loss=0.00000 ext100=0.000 total100=0.033
[train] 53:10:56<91:34:15, 0.052s/step step= 3674000 episodes= 7654 eps=0.050 replay= 39936 loss=0.00001 ext100=0.000 total100=0.033
[train] 53:12:40<91:32:30, 0.052s/step step= 3676000 episodes= 7658 eps=0.050 replay= 39936 loss=0.00000 ext100=0.000 total100=0.033
[train] 53:14:24<91:30:45, 0.052s/step step= 3678000 episodes= 7662 eps=0.050 replay= 39936 loss=0.00000 ext100=0.000 total100=0.034
[eval] step=3680000 episodes=7667 mean_ext_return=0.000
[train] 53:16:23<91:29:27, 0.052s/step step= 3680000 episodes= 7667 eps=0.050 replay= 39936 loss=0.00000 ext100=0.000 total100=0.035
[train] 53:18:07<91:27:43, 0.052s/step step= 3682000 episodes= 7671 eps=0.050 replay= 39936 loss=0.00002 ext100=0.000 total100=0.036
[train] 53:19:51<91:25:58, 0.052s/step step= 3684000 episodes= 7675 eps=0.050 replay= 39936 loss=0.00000 ext100=0.000 total100=0.035
[train] 53:21:35<91:24:12, 0.052s/step step= 3686000 episodes= 7679 eps=0.050 replay= 39936 loss=0.00001 ext100=0.000 total100=0.035
[train] 53:23:17<91:22:25, 0.052s/step step= 3688000 episodes= 7683 eps=0.050 replay= 39936 loss=0.00000 ext100=0.000 total100=0.035
[train] 53:25:01<91:20:41, 0.052s/step step= 3690000 episodes= 7687 eps=0.050 replay= 39936 loss=0.00001 ext100=0.000 total100=0.035
[train] 53:26:44<91:18:55, 0.052s/step step= 3692000 episodes= 7692 eps=0.050 replay= 39936 loss=0.00000 ext100=0.000 total100=0.035
[train] 53:28:28<91:17:09, 0.052s/step step= 3694000 episodes= 7696 eps=0.050 replay= 39936 loss=0.00000 ext100=0.000 total100=0.034
[train] 53:30:12<91:15:24, 0.052s/step step= 3696000 episodes= 7700 eps=0.050 replay= 39936 loss=0.00000 ext100=0.000 total100=0.034
[train] 53:31:56<91:13:39, 0.052s/step step= 3698000 episodes= 7704 eps=0.050 replay= 39936 loss=0.00001 ext100=0.000 total100=0.035
[eval] step=3700000 episodes=7708 mean_ext_return=0.000
[train] 53:33:55<91:12:21, 0.052s/step step= 3700000 episodes= 7708 eps=0.050 replay= 39936 loss=0.00000 ext100=0.000 total100=0.035
[train] 53:35:39<91:10:37, 0.052s/step step= 3702000 episodes= 7712 eps=0.050 replay= 39936 loss=0.00000 ext100=0.000 total100=0.035
[train] 53:37:23<91:08:52, 0.052s/step step= 3704000 episodes= 7717 eps=0.050 replay= 39936 loss=0.00001 ext100=0.000 total100=0.036
[train] 53:39:07<91:07:06, 0.052s/step step= 3706000 episodes= 7721 eps=0.050 replay= 39936 loss=0.00001 ext100=0.000 total100=0.036
[train] 53:40:49<91:05:19, 0.052s/step step= 3708000 episodes= 7725 eps=0.050 replay= 39936 loss=0.00000 ext100=0.000 total100=0.036
[train] 53:42:33<91:03:35, 0.052s/step step= 3710000 episodes= 7729 eps=0.050 replay= 39936 loss=0.00000 ext100=0.000 total100=0.036
[train] 53:44:16<91:01:48, 0.052s/step step= 3712000 episodes= 7733 eps=0.050 replay= 39936 loss=0.00000 ext100=0.000 total100=0.036
[train] 53:46:00<91:00:03, 0.052s/step step= 3714000 episodes= 7737 eps=0.050 replay= 39936 loss=0.00001 ext100=0.000 total100=0.036
[train] 53:47:43<90:58:17, 0.052s/step step= 3716000 episodes= 7742 eps=0.050 replay= 39936 loss=0.00000 ext100=0.000 total100=0.036
[train] 53:49:27<90:56:33, 0.052s/step step= 3718000 episodes= 7746 eps=0.050 replay= 39936 loss=0.00000 ext100=0.000 total100=0.036
[eval] step=3720000 episodes=7750 mean_ext_return=0.000
[train] 53:51:27<90:55:14, 0.052s/step step= 3720000 episodes= 7750 eps=0.050 replay= 39936 loss=0.00000 ext100=0.000 total100=0.036
[train] 53:53:11<90:53:29, 0.052s/step step= 3722000 episodes= 7754 eps=0.050 replay= 39936 loss=0.00001 ext100=0.000 total100=0.037
[train] 53:54:55<90:51:45, 0.052s/step step= 3724000 episodes= 7758 eps=0.050 replay= 39936 loss=0.00000 ext100=0.000 total100=0.037
[train] 53:56:38<90:49:59, 0.052s/step step= 3726000 episodes= 7762 eps=0.050 replay= 39936 loss=0.00000 ext100=0.000 total100=0.036
[train] 53:58:21<90:48:12, 0.052s/step step= 3728000 episodes= 7767 eps=0.050 replay= 39936 loss=0.00000 ext100=0.000 total100=0.036
[train] 54:00:05<90:46:28, 0.052s/step step= 3730000 episodes= 7771 eps=0.050 replay= 39936 loss=0.00001 ext100=0.000 total100=0.035
[train] 54:01:48<90:44:41, 0.052s/step step= 3732000 episodes= 7775 eps=0.050 replay= 39936 loss=0.00000 ext100=0.000 total100=0.035
[train] 54:03:31<90:42:56, 0.052s/step step= 3734000 episodes= 7779 eps=0.050 replay= 39936 loss=0.00000 ext100=0.000 total100=0.036
[train] 54:05:15<90:41:10, 0.052s/step step= 3736000 episodes= 7783 eps=0.050 replay= 39936 loss=0.00000 ext100=0.000 total100=0.036
[train] 54:06:59<90:39:26, 0.052s/step step= 3738000 episodes= 7787 eps=0.050 replay= 39936 loss=0.00000 ext100=0.000 total100=0.035
[eval] step=3740000 episodes=7792 mean_ext_return=0.000
[train] 54:08:58<90:38:07, 0.052s/step step= 3740000 episodes= 7792 eps=0.050 replay= 39936 loss=0.00000 ext100=0.000 total100=0.036
[train] 54:10:42<90:36:22, 0.052s/step step= 3742000 episodes= 7796 eps=0.050 replay= 39936 loss=0.00000 ext100=0.000 total100=0.037
[train] 54:12:26<90:34:38, 0.052s/step step= 3744000 episodes= 7800 eps=0.050 replay= 39936 loss=0.00001 ext100=0.000 total100=0.038
[train] 54:14:09<90:32:52, 0.052s/step step= 3746000 episodes= 7804 eps=0.050 replay= 39936 loss=0.00001 ext100=0.000 total100=0.038
[train] 54:15:52<90:31:05, 0.052s/step step= 3748000 episodes= 7808 eps=0.050 replay= 39936 loss=0.00001 ext100=0.000 total100=0.038
[train] 54:17:36<90:29:20, 0.052s/step step= 3750000 episodes= 7812 eps=0.050 replay= 39936 loss=0.00000 ext100=0.000 total100=0.038
[train] 54:19:19<90:27:34, 0.052s/step step= 3752000 episodes= 7817 eps=0.050 replay= 39936 loss=0.00001 ext100=0.000 total100=0.038
[train] 54:21:02<90:25:48, 0.052s/step step= 3754000 episodes= 7821 eps=0.050 replay= 39936 loss=0.00001 ext100=0.000 total100=0.037
[train] 54:22:46<90:24:03, 0.052s/step step= 3756000 episodes= 7825 eps=0.050 replay= 39936 loss=0.00000 ext100=0.000 total100=0.038
[train] 54:24:30<90:22:18, 0.052s/step step= 3758000 episodes= 7829 eps=0.050 replay= 39936 loss=0.00000 ext100=0.000 total100=0.038
[eval] step=3760000 episodes=7833 mean_ext_return=0.000
[train] 54:26:29<90:20:59, 0.052s/step step= 3760000 episodes= 7833 eps=0.050 replay= 39936 loss=0.00001 ext100=0.000 total100=0.037
[train] 54:28:13<90:19:15, 0.052s/step step= 3762000 episodes= 7837 eps=0.050 replay= 39936 loss=0.00001 ext100=0.000 total100=0.037
[train] 54:29:57<90:17:30, 0.052s/step step= 3764000 episodes= 7842 eps=0.050 replay= 39936 loss=0.00000 ext100=0.000 total100=0.036
[train] 54:31:41<90:15:45, 0.052s/step step= 3766000 episodes= 7846 eps=0.050 replay= 39936 loss=0.00000 ext100=0.000 total100=0.036
[train] 54:33:23<90:13:58, 0.052s/step step= 3768000 episodes= 7850 eps=0.050 replay= 39936 loss=0.00000 ext100=0.000 total100=0.036
[train] 54:35:08<90:12:13, 0.052s/step step= 3770000 episodes= 7854 eps=0.050 replay= 39936 loss=0.00001 ext100=0.000 total100=0.034
[train] 54:36:51<90:10:27, 0.052s/step step= 3772000 episodes= 7858 eps=0.050 replay= 39936 loss=0.00000 ext100=0.000 total100=0.033
[train] 54:38:34<90:08:41, 0.052s/step step= 3774000 episodes= 7862 eps=0.050 replay= 39936 loss=0.00001 ext100=0.000 total100=0.034
[train] 54:40:18<90:06:56, 0.052s/step step= 3776000 episodes= 7867 eps=0.050 replay= 39936 loss=0.00000 ext100=0.000 total100=0.033
[train] 54:42:02<90:05:11, 0.052s/step step= 3778000 episodes= 7871 eps=0.050 replay= 39936 loss=0.00001 ext100=0.000 total100=0.033
[eval] step=3780000 episodes=7875 mean_ext_return=0.000
[train] 54:44:01<90:03:52, 0.052s/step step= 3780000 episodes= 7875 eps=0.050 replay= 39936 loss=0.00000 ext100=0.000 total100=0.033
[train] 54:45:45<90:02:07, 0.052s/step step= 3782000 episodes= 7879 eps=0.050 replay= 39936 loss=0.00001 ext100=0.000 total100=0.032
[train] 54:47:29<90:00:22, 0.052s/step step= 3784000 episodes= 7883 eps=0.050 replay= 39936 loss=0.00000 ext100=0.000 total100=0.032
[train] 54:49:12<89:58:37, 0.052s/step step= 3786000 episodes= 7887 eps=0.050 replay= 39936 loss=0.00001 ext100=0.000 total100=0.032
[train] 54:50:55<89:56:50, 0.052s/step step= 3788000 episodes= 7892 eps=0.050 replay= 39936 loss=0.00000 ext100=0.000 total100=0.032
[train] 54:52:39<89:55:05, 0.052s/step step= 3790000 episodes= 7896 eps=0.050 replay= 39936 loss=0.00000 ext100=0.000 total100=0.032
[train] 54:54:22<89:53:19, 0.052s/step step= 3792000 episodes= 7900 eps=0.050 replay= 39936 loss=0.00000 ext100=0.000 total100=0.032
[train] 54:56:06<89:51:33, 0.052s/step step= 3794000 episodes= 7904 eps=0.050 replay= 39936 loss=0.00001 ext100=0.000 total100=0.032
[train] 54:57:49<89:49:48, 0.052s/step step= 3796000 episodes= 7908 eps=0.050 replay= 39936 loss=0.00000 ext100=0.000 total100=0.032
[train] 54:59:33<89:48:03, 0.052s/step step= 3798000 episodes= 7912 eps=0.050 replay= 39936 loss=0.00000 ext100=0.000 total100=0.031
[eval] step=3800000 episodes=7917 mean_ext_return=0.000
[train] 55:01:33<89:46:44, 0.052s/step step= 3800000 episodes= 7917 eps=0.050 replay= 39936 loss=0.00000 ext100=0.000 total100=0.031
[train] 55:03:17<89:45:00, 0.052s/step step= 3802000 episodes= 7921 eps=0.050 replay= 39936 loss=0.00001 ext100=0.000 total100=0.032
[train] 55:05:01<89:43:15, 0.052s/step step= 3804000 episodes= 7925 eps=0.050 replay= 39936 loss=0.00000 ext100=0.000 total100=0.031
[train] 55:06:44<89:41:29, 0.052s/step step= 3806000 episodes= 7929 eps=0.050 replay= 39936 loss=0.00000 ext100=0.000 total100=0.031
[train] 55:08:27<89:39:43, 0.052s/step step= 3808000 episodes= 7933 eps=0.050 replay= 39936 loss=0.00000 ext100=0.000 total100=0.031
[train] 55:10:11<89:37:58, 0.052s/step step= 3810000 episodes= 7937 eps=0.050 replay= 39936 loss=0.00001 ext100=0.000 total100=0.031
[train] 55:11:54<89:36:12, 0.052s/step step= 3812000 episodes= 7942 eps=0.050 replay= 39936 loss=0.00000 ext100=0.000 total100=0.032
[train] 55:13:38<89:34:26, 0.052s/step step= 3814000 episodes= 7946 eps=0.050 replay= 39936 loss=0.00000 ext100=0.000 total100=0.032
[train] 55:15:21<89:32:41, 0.052s/step step= 3816000 episodes= 7950 eps=0.050 replay= 39936 loss=0.00000 ext100=0.000 total100=0.032
[train] 55:17:05<89:30:56, 0.052s/step step= 3818000 episodes= 7954 eps=0.050 replay= 39936 loss=0.00001 ext100=0.000 total100=0.034
[eval] step=3820000 episodes=7958 mean_ext_return=0.000
[train] 55:19:05<89:29:37, 0.052s/step step= 3820000 episodes= 7958 eps=0.050 replay= 39936 loss=0.00000 ext100=0.000 total100=0.034
[train] 55:20:49<89:27:52, 0.052s/step step= 3822000 episodes= 7962 eps=0.050 replay= 39936 loss=0.00000 ext100=0.000 total100=0.033
[train] 55:22:33<89:26:07, 0.052s/step step= 3824000 episodes= 7967 eps=0.050 replay= 39936 loss=0.00001 ext100=0.000 total100=0.034
[train] 55:24:16<89:24:22, 0.052s/step step= 3826000 episodes= 7971 eps=0.050 replay= 39936 loss=0.00001 ext100=0.000 total100=0.034
[train] 55:25:59<89:22:35, 0.052s/step step= 3828000 episodes= 7975 eps=0.050 replay= 39936 loss=0.00000 ext100=0.000 total100=0.033
[train] 55:27:43<89:20:50, 0.052s/step step= 3830000 episodes= 7979 eps=0.050 replay= 39936 loss=0.00001 ext100=0.000 total100=0.033
[train] 55:29:26<89:19:04, 0.052s/step step= 3832000 episodes= 7983 eps=0.050 replay= 39936 loss=0.00000 ext100=0.000 total100=0.034
[train] 55:31:09<89:17:19, 0.052s/step step= 3834000 episodes= 7987 eps=0.050 replay= 39936 loss=0.00001 ext100=0.000 total100=0.033
[train] 55:32:53<89:15:33, 0.052s/step step= 3836000 episodes= 7992 eps=0.050 replay= 39936 loss=0.00001 ext100=0.000 total100=0.033
[train] 55:34:37<89:13:48, 0.052s/step step= 3838000 episodes= 7996 eps=0.050 replay= 39936 loss=0.00000 ext100=0.000 total100=0.032
[eval] step=3840000 episodes=8000 mean_ext_return=0.000
[train] 55:36:36<89:12:29, 0.052s/step step= 3840000 episodes= 8000 eps=0.050 replay= 39936 loss=0.00000 ext100=0.000 total100=0.031
[train] 55:38:20<89:10:44, 0.052s/step step= 3842000 episodes= 8004 eps=0.050 replay= 39936 loss=0.00001 ext100=0.000 total100=0.031
[train] 55:40:04<89:08:59, 0.052s/step step= 3844000 episodes= 8008 eps=0.050 replay= 39936 loss=0.00000 ext100=0.000 total100=0.032
[train] 55:41:48<89:07:14, 0.052s/step step= 3846000 episodes= 8012 eps=0.050 replay= 39936 loss=0.00000 ext100=0.000 total100=0.032
[train] 55:43:30<89:05:27, 0.052s/step step= 3848000 episodes= 8017 eps=0.050 replay= 39936 loss=0.00000 ext100=0.000 total100=0.032
[train] 55:45:14<89:03:42, 0.052s/step step= 3850000 episodes= 8021 eps=0.050 replay= 39936 loss=0.00001 ext100=0.000 total100=0.032
[train] 55:46:58<89:01:56, 0.052s/step step= 3852000 episodes= 8025 eps=0.050 replay= 39936 loss=0.00000 ext100=0.000 total100=0.031
[train] 55:48:41<89:00:10, 0.052s/step step= 3854000 episodes= 8029 eps=0.050 replay= 39936 loss=0.00000 ext100=0.000 total100=0.032
[train] 55:50:24<88:58:25, 0.052s/step step= 3856000 episodes= 8033 eps=0.050 replay= 39936 loss=0.00000 ext100=0.000 total100=0.031
[train] 55:52:08<88:56:40, 0.052s/step step= 3858000 episodes= 8037 eps=0.050 replay= 39936 loss=0.00001 ext100=0.000 total100=0.031
[eval] step=3860000 episodes=8042 mean_ext_return=0.000
[train] 55:54:08<88:55:20, 0.052s/step step= 3860000 episodes= 8042 eps=0.050 replay= 39936 loss=0.00001 ext100=0.000 total100=0.031
[train] 55:55:52<88:53:35, 0.052s/step step= 3862000 episodes= 8046 eps=0.050 replay= 39936 loss=0.00000 ext100=0.000 total100=0.030
[train] 55:57:36<88:51:51, 0.052s/step step= 3864000 episodes= 8050 eps=0.050 replay= 39936 loss=0.00000 ext100=0.000 total100=0.030
[train] 55:59:19<88:50:05, 0.052s/step step= 3866000 episodes= 8054 eps=0.050 replay= 39936 loss=0.00001 ext100=0.000 total100=0.030
[train] 56:01:02<88:48:18, 0.052s/step step= 3868000 episodes= 8058 eps=0.050 replay= 39936 loss=0.00000 ext100=0.000 total100=0.031
[train] 56:02:46<88:46:33, 0.052s/step step= 3870000 episodes= 8062 eps=0.050 replay= 39936 loss=0.00001 ext100=0.000 total100=0.030
[train] 56:04:29<88:44:47, 0.052s/step step= 3872000 episodes= 8067 eps=0.050 replay= 39936 loss=0.00000 ext100=0.000 total100=0.032
[train] 56:06:12<88:43:02, 0.052s/step step= 3874000 episodes= 8071 eps=0.050 replay= 39936 loss=0.00001 ext100=0.000 total100=0.032
[train] 56:07:56<88:41:16, 0.052s/step step= 3876000 episodes= 8075 eps=0.050 replay= 39936 loss=0.00000 ext100=0.000 total100=0.032
[train] 56:09:40<88:39:31, 0.052s/step step= 3878000 episodes= 8079 eps=0.050 replay= 39936 loss=0.00001 ext100=0.000 total100=0.030
[eval] step=3880000 episodes=8083 mean_ext_return=0.000
[train] 56:11:39<88:38:11, 0.052s/step step= 3880000 episodes= 8083 eps=0.050 replay= 39936 loss=0.00000 ext100=0.000 total100=0.030
[train] 56:13:23<88:36:26, 0.052s/step step= 3882000 episodes= 8087 eps=0.050 replay= 39936 loss=0.00001 ext100=0.000 total100=0.029
[train] 56:15:07<88:34:42, 0.052s/step step= 3884000 episodes= 8092 eps=0.050 replay= 39936 loss=0.00000 ext100=0.000 total100=0.028
[train] 56:16:51<88:32:56, 0.052s/step step= 3886000 episodes= 8096 eps=0.050 replay= 39936 loss=0.00000 ext100=0.000 total100=0.028
[train] 56:18:34<88:31:09, 0.052s/step step= 3888000 episodes= 8100 eps=0.050 replay= 39936 loss=0.00000 ext100=0.000 total100=0.030
[train] 56:20:17<88:29:24, 0.052s/step step= 3890000 episodes= 8104 eps=0.050 replay= 39936 loss=0.00001 ext100=0.000 total100=0.030
[train] 56:22:00<88:27:38, 0.052s/step step= 3892000 episodes= 8108 eps=0.050 replay= 39936 loss=0.00001 ext100=0.000 total100=0.029
[train] 56:23:44<88:25:53, 0.052s/step step= 3894000 episodes= 8112 eps=0.050 replay= 39936 loss=0.00001 ext100=0.000 total100=0.029
[train] 56:25:28<88:24:07, 0.052s/step step= 3896000 episodes= 8117 eps=0.050 replay= 39936 loss=0.00000 ext100=0.000 total100=0.030
[train] 56:27:11<88:22:23, 0.052s/step step= 3898000 episodes= 8121 eps=0.050 replay= 39936 loss=0.00001 ext100=0.000 total100=0.030
[eval] step=3900000 episodes=8125 mean_ext_return=0.000
[train] 56:29:11<88:21:02, 0.052s/step step= 3900000 episodes= 8125 eps=0.050 replay= 39936 loss=0.00000 ext100=0.000 total100=0.031
[train] 56:30:55<88:19:18, 0.052s/step step= 3902000 episodes= 8129 eps=0.050 replay= 39936 loss=0.00000 ext100=0.000 total100=0.031
[train] 56:32:39<88:17:33, 0.052s/step step= 3904000 episodes= 8133 eps=0.050 replay= 39936 loss=0.00000 ext100=0.000 total100=0.032
[train] 56:34:23<88:15:47, 0.052s/step step= 3906000 episodes= 8137 eps=0.050 replay= 39936 loss=0.00002 ext100=0.000 total100=0.032
[train] 56:36:05<88:14:01, 0.052s/step step= 3908000 episodes= 8142 eps=0.050 replay= 39936 loss=0.00001 ext100=0.000 total100=0.032
[train] 56:37:49<88:12:16, 0.052s/step step= 3910000 episodes= 8146 eps=0.050 replay= 39936 loss=0.00000 ext100=0.000 total100=0.031
[train] 56:39:32<88:10:30, 0.052s/step step= 3912000 episodes= 8150 eps=0.050 replay= 39936 loss=0.00000 ext100=0.000 total100=0.030
[train] 56:41:16<88:08:44, 0.052s/step step= 3914000 episodes= 8154 eps=0.050 replay= 39936 loss=0.00001 ext100=0.000 total100=0.031
[train] 56:42:59<88:06:59, 0.052s/step step= 3916000 episodes= 8158 eps=0.050 replay= 39936 loss=0.00000 ext100=0.000 total100=0.031
[train] 56:44:43<88:05:14, 0.052s/step step= 3918000 episodes= 8162 eps=0.050 replay= 39936 loss=0.00001 ext100=0.000 total100=0.031
[eval] step=3920000 episodes=8167 mean_ext_return=0.000
[train] 56:46:43<88:03:53, 0.052s/step step= 3920000 episodes= 8167 eps=0.050 replay= 39936 loss=0.00000 ext100=0.000 total100=0.030
[train] 56:48:27<88:02:09, 0.052s/step step= 3922000 episodes= 8171 eps=0.050 replay= 39936 loss=0.00001 ext100=0.000 total100=0.030
[train] 56:50:11<88:00:24, 0.052s/step step= 3924000 episodes= 8175 eps=0.050 replay= 39936 loss=0.00001 ext100=0.000 total100=0.030
[train] 56:51:54<87:58:38, 0.052s/step step= 3926000 episodes= 8179 eps=0.050 replay= 39936 loss=0.00001 ext100=0.000 total100=0.032
[train] 56:53:37<87:56:51, 0.052s/step step= 3928000 episodes= 8183 eps=0.050 replay= 39936 loss=0.00001 ext100=0.000 total100=0.031
[train] 56:55:21<87:55:07, 0.052s/step step= 3930000 episodes= 8187 eps=0.050 replay= 39936 loss=0.00001 ext100=0.000 total100=0.033
[train] 56:57:04<87:53:20, 0.052s/step step= 3932000 episodes= 8192 eps=0.050 replay= 39936 loss=0.00000 ext100=0.000 total100=0.034
[train] 56:58:48<87:51:35, 0.052s/step step= 3934000 episodes= 8196 eps=0.050 replay= 39936 loss=0.00001 ext100=0.000 total100=0.034
[train] 57:00:32<87:49:51, 0.052s/step step= 3936000 episodes= 8200 eps=0.050 replay= 39936 loss=0.00000 ext100=0.000 total100=0.034
[train] 57:02:16<87:48:06, 0.052s/step step= 3938000 episodes= 8204 eps=0.050 replay= 39936 loss=0.00001 ext100=0.000 total100=0.034
[eval] step=3940000 episodes=8208 mean_ext_return=0.000
[train] 57:04:15<87:46:45, 0.052s/step step= 3940000 episodes= 8208 eps=0.050 replay= 39936 loss=0.00001 ext100=0.000 total100=0.034
[train] 57:05:59<87:45:00, 0.052s/step step= 3942000 episodes= 8212 eps=0.050 replay= 39936 loss=0.00001 ext100=0.000 total100=0.034
[train] 57:07:43<87:43:15, 0.052s/step step= 3944000 episodes= 8217 eps=0.050 replay= 39936 loss=0.00000 ext100=0.000 total100=0.032
[train] 57:09:27<87:41:30, 0.052s/step step= 3946000 episodes= 8221 eps=0.050 replay= 39936 loss=0.00001 ext100=0.000 total100=0.033
[train] 57:11:09<87:39:43, 0.052s/step step= 3948000 episodes= 8225 eps=0.050 replay= 39936 loss=0.00000 ext100=0.000 total100=0.034
[train] 57:12:53<87:37:58, 0.052s/step step= 3950000 episodes= 8229 eps=0.050 replay= 39936 loss=0.00000 ext100=0.000 total100=0.033
[train] 57:14:36<87:36:12, 0.052s/step step= 3952000 episodes= 8233 eps=0.050 replay= 39936 loss=0.00001 ext100=0.000 total100=0.033
[train] 57:16:20<87:34:27, 0.052s/step step= 3954000 episodes= 8237 eps=0.050 replay= 39936 loss=0.00001 ext100=0.000 total100=0.033
[train] 57:18:03<87:32:41, 0.052s/step step= 3956000 episodes= 8242 eps=0.050 replay= 39936 loss=0.00000 ext100=0.000 total100=0.032
[train] 57:19:47<87:30:56, 0.052s/step step= 3958000 episodes= 8246 eps=0.050 replay= 39936 loss=0.00000 ext100=0.000 total100=0.031
[eval] step=3960000 episodes=8250 mean_ext_return=0.000
[train] 57:21:48<87:29:37, 0.052s/step step= 3960000 episodes= 8250 eps=0.050 replay= 39936 loss=0.00000 ext100=0.000 total100=0.032
[train] 57:23:32<87:27:52, 0.052s/step step= 3962000 episodes= 8254 eps=0.050 replay= 39936 loss=0.00002 ext100=0.000 total100=0.031
[train] 57:25:16<87:26:08, 0.052s/step step= 3964000 episodes= 8258 eps=0.050 replay= 39936 loss=0.00001 ext100=0.000 total100=0.031
[train] 57:27:00<87:24:22, 0.052s/step step= 3966000 episodes= 8262 eps=0.050 replay= 39936 loss=0.00000 ext100=0.000 total100=0.031
[train] 57:28:42<87:22:35, 0.052s/step step= 3968000 episodes= 8267 eps=0.050 replay= 39936 loss=0.00001 ext100=0.000 total100=0.031
[train] 57:30:26<87:20:51, 0.052s/step step= 3970000 episodes= 8271 eps=0.050 replay= 39936 loss=0.00001 ext100=0.000 total100=0.031
[train] 57:32:09<87:19:04, 0.052s/step step= 3972000 episodes= 8275 eps=0.050 replay= 39936 loss=0.00000 ext100=0.000 total100=0.031
[train] 57:33:53<87:17:19, 0.052s/step step= 3974000 episodes= 8279 eps=0.050 replay= 39936 loss=0.00000 ext100=0.000 total100=0.031
[train] 57:35:36<87:15:33, 0.052s/step step= 3976000 episodes= 8283 eps=0.050 replay= 39936 loss=0.00000 ext100=0.000 total100=0.030
[train] 57:37:20<87:13:49, 0.052s/step step= 3978000 episodes= 8287 eps=0.050 replay= 39936 loss=0.00000 ext100=0.000 total100=0.030
[eval] step=3980000 episodes=8292 mean_ext_return=0.000
[train] 57:39:20<87:12:27, 0.052s/step step= 3980000 episodes= 8292 eps=0.050 replay= 39936 loss=0.00001 ext100=0.000 total100=0.031
[train] 57:41:04<87:10:43, 0.052s/step step= 3982000 episodes= 8296 eps=0.050 replay= 39936 loss=0.00000 ext100=0.000 total100=0.030
[train] 57:42:48<87:08:58, 0.052s/step step= 3984000 episodes= 8300 eps=0.050 replay= 39936 loss=0.00000 ext100=0.000 total100=0.029
[train] 57:44:31<87:07:12, 0.052s/step step= 3986000 episodes= 8304 eps=0.050 replay= 39936 loss=0.00001 ext100=0.000 total100=0.030
[train] 57:46:14<87:05:26, 0.052s/step step= 3988000 episodes= 8308 eps=0.050 replay= 39936 loss=0.00000 ext100=0.000 total100=0.029
[train] 57:47:58<87:03:41, 0.052s/step step= 3990000 episodes= 8312 eps=0.050 replay= 39936 loss=0.00000 ext100=0.000 total100=0.029
[train] 57:49:41<87:01:55, 0.052s/step step= 3992000 episodes= 8317 eps=0.050 replay= 39936 loss=0.00000 ext100=0.000 total100=0.029
[train] 57:51:24<87:00:09, 0.052s/step step= 3994000 episodes= 8321 eps=0.050 replay= 39936 loss=0.00000 ext100=0.000 total100=0.026
[train] 57:53:08<86:58:23, 0.052s/step step= 3996000 episodes= 8325 eps=0.050 replay= 39936 loss=0.00000 ext100=0.000 total100=0.025
[train] 57:54:52<86:56:39, 0.052s/step step= 3998000 episodes= 8329 eps=0.050 replay= 39936 loss=0.00000 ext100=0.000 total100=0.025
[eval] step=4000000 episodes=8333 mean_ext_return=0.000
[train] 57:56:51<86:55:17, 0.052s/step step= 4000000 episodes= 8333 eps=0.050 replay= 39936 loss=0.00000 ext100=0.000 total100=0.026
[train] 57:58:35<86:53:33, 0.052s/step step= 4002000 episodes= 8337 eps=0.050 replay= 39936 loss=0.00000 ext100=0.000 total100=0.026
[train] 58:00:19<86:51:48, 0.052s/step step= 4004000 episodes= 8342 eps=0.050 replay= 39936 loss=0.00000 ext100=0.000 total100=0.025
[train] 58:02:03<86:50:02, 0.052s/step step= 4006000 episodes= 8346 eps=0.050 replay= 39936 loss=0.00000 ext100=0.000 total100=0.027
[train] 58:03:45<86:48:15, 0.052s/step step= 4008000 episodes= 8350 eps=0.050 replay= 39936 loss=0.00000 ext100=0.000 total100=0.027
[train] 58:05:29<86:46:30, 0.052s/step step= 4010000 episodes= 8354 eps=0.050 replay= 39936 loss=0.00000 ext100=0.000 total100=0.027
[train] 58:07:12<86:44:44, 0.052s/step step= 4012000 episodes= 8358 eps=0.050 replay= 39936 loss=0.00000 ext100=0.000 total100=0.029
[train] 58:08:56<86:42:58, 0.052s/step step= 4014000 episodes= 8362 eps=0.050 replay= 39936 loss=0.00000 ext100=0.000 total100=0.030
[train] 58:10:39<86:41:13, 0.052s/step step= 4016000 episodes= 8367 eps=0.050 replay= 39936 loss=0.00000 ext100=0.000 total100=0.030
[train] 58:12:23<86:39:28, 0.052s/step step= 4018000 episodes= 8371 eps=0.050 replay= 39936 loss=0.00001 ext100=0.000 total100=0.029
[eval] step=4020000 episodes=8375 mean_ext_return=0.000
[train] 58:14:23<86:38:06, 0.052s/step step= 4020000 episodes= 8375 eps=0.050 replay= 39936 loss=0.00000 ext100=0.000 total100=0.030
[train] 58:16:07<86:36:22, 0.052s/step step= 4022000 episodes= 8379 eps=0.050 replay= 39936 loss=0.00001 ext100=0.000 total100=0.031
[train] 58:17:51<86:34:37, 0.052s/step step= 4024000 episodes= 8383 eps=0.050 replay= 39936 loss=0.00001 ext100=0.000 total100=0.031
[train] 58:19:34<86:32:51, 0.052s/step step= 4026000 episodes= 8387 eps=0.050 replay= 39936 loss=0.00001 ext100=0.000 total100=0.031
[train] 58:21:17<86:31:05, 0.052s/step step= 4028000 episodes= 8392 eps=0.050 replay= 39936 loss=0.00000 ext100=0.000 total100=0.031
[train] 58:23:01<86:29:20, 0.052s/step step= 4030000 episodes= 8396 eps=0.050 replay= 39936 loss=0.00000 ext100=0.000 total100=0.031
[train] 58:24:44<86:27:34, 0.052s/step step= 4032000 episodes= 8400 eps=0.050 replay= 39936 loss=0.00000 ext100=0.000 total100=0.032
[train] 58:26:27<86:25:48, 0.052s/step step= 4034000 episodes= 8404 eps=0.050 replay= 39936 loss=0.00001 ext100=0.000 total100=0.032
[train] 58:28:11<86:24:03, 0.052s/step step= 4036000 episodes= 8408 eps=0.050 replay= 39936 loss=0.00001 ext100=0.000 total100=0.033
[train] 58:29:55<86:22:18, 0.052s/step step= 4038000 episodes= 8412 eps=0.050 replay= 39936 loss=0.00001 ext100=0.000 total100=0.032
[eval] step=4040000 episodes=8417 mean_ext_return=0.000
[train] 58:31:55<86:20:56, 0.052s/step step= 4040000 episodes= 8417 eps=0.050 replay= 39936 loss=0.00000 ext100=0.000 total100=0.034
[train] 58:33:39<86:19:12, 0.052s/step step= 4042000 episodes= 8421 eps=0.050 replay= 39936 loss=0.00001 ext100=0.000 total100=0.036
[train] 58:35:23<86:17:27, 0.052s/step step= 4044000 episodes= 8425 eps=0.050 replay= 39936 loss=0.00001 ext100=0.000 total100=0.035
[train] 58:37:06<86:15:41, 0.052s/step step= 4046000 episodes= 8429 eps=0.050 replay= 39936 loss=0.00000 ext100=0.000 total100=0.035
[train] 58:38:49<86:13:55, 0.052s/step step= 4048000 episodes= 8433 eps=0.050 replay= 39936 loss=0.00000 ext100=0.000 total100=0.035
[train] 58:40:33<86:12:10, 0.052s/step step= 4050000 episodes= 8437 eps=0.050 replay= 39936 loss=0.00001 ext100=0.000 total100=0.035
[train] 58:42:16<86:10:24, 0.052s/step step= 4052000 episodes= 8442 eps=0.050 replay= 39936 loss=0.00000 ext100=0.000 total100=0.037
[train] 58:44:00<86:08:39, 0.052s/step step= 4054000 episodes= 8446 eps=0.050 replay= 39936 loss=0.00000 ext100=0.000 total100=0.037
[train] 58:45:43<86:06:53, 0.052s/step step= 4056000 episodes= 8450 eps=0.050 replay= 39936 loss=0.00001 ext100=0.000 total100=0.037
[train] 58:47:27<86:05:08, 0.052s/step step= 4058000 episodes= 8454 eps=0.050 replay= 39936 loss=0.00002 ext100=0.000 total100=0.037
[eval] step=4060000 episodes=8458 mean_ext_return=0.000
[train] 58:49:27<86:03:47, 0.052s/step step= 4060000 episodes= 8458 eps=0.050 replay= 39936 loss=0.00000 ext100=0.000 total100=0.036
[train] 58:51:11<86:02:02, 0.052s/step step= 4062000 episodes= 8462 eps=0.050 replay= 39936 loss=0.00000 ext100=0.000 total100=0.034
[train] 58:52:55<86:00:17, 0.052s/step step= 4064000 episodes= 8467 eps=0.050 replay= 39936 loss=0.00000 ext100=0.000 total100=0.032
[train] 58:54:38<85:58:31, 0.052s/step step= 4066000 episodes= 8471 eps=0.050 replay= 39936 loss=0.00001 ext100=0.000 total100=0.033
[train] 58:56:21<85:56:45, 0.052s/step step= 4068000 episodes= 8475 eps=0.050 replay= 39936 loss=0.00000 ext100=0.000 total100=0.033
[train] 58:58:05<85:55:00, 0.052s/step step= 4070000 episodes= 8479 eps=0.050 replay= 39936 loss=0.00001 ext100=0.000 total100=0.033
[train] 58:59:48<85:53:14, 0.052s/step step= 4072000 episodes= 8483 eps=0.050 replay= 39936 loss=0.00000 ext100=0.000 total100=0.033
[train] 59:01:32<85:51:28, 0.052s/step step= 4074000 episodes= 8487 eps=0.050 replay= 39936 loss=0.00001 ext100=0.000 total100=0.033
[train] 59:03:15<85:49:43, 0.052s/step step= 4076000 episodes= 8492 eps=0.050 replay= 39936 loss=0.00001 ext100=0.000 total100=0.033
[train] 59:04:59<85:47:58, 0.052s/step step= 4078000 episodes= 8496 eps=0.050 replay= 39936 loss=0.00000 ext100=0.000 total100=0.033
[eval] step=4080000 episodes=8500 mean_ext_return=0.000
[train] 59:06:59<85:46:36, 0.052s/step step= 4080000 episodes= 8500 eps=0.050 replay= 39936 loss=0.00000 ext100=0.000 total100=0.033
[train] 59:08:43<85:44:51, 0.052s/step step= 4082000 episodes= 8504 eps=0.050 replay= 39936 loss=0.00003 ext100=0.000 total100=0.033
[train] 59:10:27<85:43:07, 0.052s/step step= 4084000 episodes= 8508 eps=0.050 replay= 39936 loss=0.00000 ext100=0.000 total100=0.033
[train] 59:12:10<85:41:21, 0.052s/step step= 4086000 episodes= 8512 eps=0.050 replay= 39936 loss=0.00001 ext100=0.000 total100=0.034
[train] 59:13:53<85:39:34, 0.052s/step step= 4088000 episodes= 8517 eps=0.050 replay= 39936 loss=0.00001 ext100=0.000 total100=0.033
[train] 59:15:37<85:37:50, 0.052s/step step= 4090000 episodes= 8521 eps=0.050 replay= 39936 loss=0.00002 ext100=0.000 total100=0.033
[train] 59:17:20<85:36:04, 0.052s/step step= 4092000 episodes= 8525 eps=0.050 replay= 39936 loss=0.00000 ext100=0.000 total100=0.034
[train] 59:19:04<85:34:18, 0.052s/step step= 4094000 episodes= 8529 eps=0.050 replay= 39936 loss=0.00000 ext100=0.000 total100=0.033
[train] 59:20:47<85:32:33, 0.052s/step step= 4096000 episodes= 8533 eps=0.050 replay= 39936 loss=0.00000 ext100=0.000 total100=0.033
[train] 59:22:31<85:30:48, 0.052s/step step= 4098000 episodes= 8537 eps=0.050 replay= 39936 loss=0.00001 ext100=0.000 total100=0.033
[eval] step=4100000 episodes=8542 mean_ext_return=0.000
[train] 59:24:31<85:29:26, 0.052s/step step= 4100000 episodes= 8542 eps=0.050 replay= 39936 loss=0.00000 ext100=0.000 total100=0.033
[train] 59:26:15<85:27:41, 0.052s/step step= 4102000 episodes= 8546 eps=0.050 replay= 39936 loss=0.00000 ext100=0.000 total100=0.033
[train] 59:27:59<85:25:56, 0.052s/step step= 4104000 episodes= 8550 eps=0.050 replay= 39936 loss=0.00000 ext100=0.000 total100=0.034
[train] 59:29:42<85:24:11, 0.052s/step step= 4106000 episodes= 8554 eps=0.050 replay= 39936 loss=0.00002 ext100=0.000 total100=0.035
[train] 59:31:25<85:22:24, 0.052s/step step= 4108000 episodes= 8558 eps=0.050 replay= 39936 loss=0.00000 ext100=0.000 total100=0.036
[train] 59:33:09<85:20:39, 0.052s/step step= 4110000 episodes= 8562 eps=0.050 replay= 39936 loss=0.00001 ext100=0.000 total100=0.037
[train] 59:34:52<85:18:53, 0.052s/step step= 4112000 episodes= 8567 eps=0.050 replay= 39936 loss=0.00000 ext100=0.000 total100=0.038
[train] 59:36:36<85:17:07, 0.052s/step step= 4114000 episodes= 8571 eps=0.050 replay= 39936 loss=0.00001 ext100=0.000 total100=0.038
[train] 59:38:19<85:15:22, 0.052s/step step= 4116000 episodes= 8575 eps=0.050 replay= 39936 loss=0.00001 ext100=0.000 total100=0.038
[train] 59:40:03<85:13:37, 0.052s/step step= 4118000 episodes= 8579 eps=0.050 replay= 39936 loss=0.00001 ext100=0.000 total100=0.038
[eval] step=4120000 episodes=8583 mean_ext_return=0.000
[train] 59:42:03<85:12:14, 0.052s/step step= 4120000 episodes= 8583 eps=0.050 replay= 39936 loss=0.00000 ext100=0.000 total100=0.037
[train] 59:43:47<85:10:29, 0.052s/step step= 4122000 episodes= 8587 eps=0.050 replay= 39936 loss=0.00001 ext100=0.000 total100=0.038
[train] 59:45:31<85:08:45, 0.052s/step step= 4124000 episodes= 8592 eps=0.050 replay= 39936 loss=0.00000 ext100=0.000 total100=0.038
[train] 59:47:14<85:06:59, 0.052s/step step= 4126000 episodes= 8596 eps=0.050 replay= 39936 loss=0.00000 ext100=0.000 total100=0.038
[train] 59:48:57<85:05:12, 0.052s/step step= 4128000 episodes= 8600 eps=0.050 replay= 39936 loss=0.00001 ext100=0.000 total100=0.038
[train] 59:50:41<85:03:27, 0.052s/step step= 4130000 episodes= 8604 eps=0.050 replay= 39936 loss=0.00001 ext100=0.000 total100=0.038
[train] 59:52:24<85:01:42, 0.052s/step step= 4132000 episodes= 8608 eps=0.050 replay= 39936 loss=0.00000 ext100=0.000 total100=0.036
[train] 59:54:07<84:59:56, 0.052s/step step= 4134000 episodes= 8612 eps=0.050 replay= 39936 loss=0.00000 ext100=0.000 total100=0.037
[train] 59:55:51<84:58:10, 0.052s/step step= 4136000 episodes= 8617 eps=0.050 replay= 39936 loss=0.00000 ext100=0.000 total100=0.037
[train] 59:57:35<84:56:26, 0.052s/step step= 4138000 episodes= 8621 eps=0.050 replay= 39936 loss=0.00001 ext100=0.000 total100=0.035
[eval] step=4140000 episodes=8625 mean_ext_return=0.000
[train] 59:59:34<84:55:03, 0.052s/step step= 4140000 episodes= 8625 eps=0.050 replay= 39936 loss=0.00000 ext100=0.000 total100=0.035
[train] 60:01:18<84:53:18, 0.052s/step step= 4142000 episodes= 8629 eps=0.050 replay= 39936 loss=0.00000 ext100=0.000 total100=0.035
[train] 60:03:02<84:51:33, 0.052s/step step= 4144000 episodes= 8633 eps=0.050 replay= 39936 loss=0.00000 ext100=0.000 total100=0.036
[train] 60:04:46<84:49:48, 0.052s/step step= 4146000 episodes= 8637 eps=0.050 replay= 39936 loss=0.00001 ext100=0.000 total100=0.035
[train] 60:06:28<84:48:01, 0.052s/step step= 4148000 episodes= 8642 eps=0.050 replay= 39936 loss=0.00000 ext100=0.000 total100=0.034
[train] 60:08:12<84:46:16, 0.052s/step step= 4150000 episodes= 8646 eps=0.050 replay= 39936 loss=0.00000 ext100=0.000 total100=0.034
[train] 60:09:56<84:44:31, 0.052s/step step= 4152000 episodes= 8650 eps=0.050 replay= 39936 loss=0.00000 ext100=0.000 total100=0.033
[train] 60:11:39<84:42:45, 0.052s/step step= 4154000 episodes= 8654 eps=0.050 replay= 39936 loss=0.00001 ext100=0.000 total100=0.031
[train] 60:13:22<84:40:59, 0.052s/step step= 4156000 episodes= 8658 eps=0.050 replay= 39936 loss=0.00000 ext100=0.000 total100=0.031
[train] 60:15:06<84:39:14, 0.052s/step step= 4158000 episodes= 8662 eps=0.050 replay= 39936 loss=0.00000 ext100=0.000 total100=0.031
[eval] step=4160000 episodes=8667 mean_ext_return=0.000
[train] 60:17:06<84:37:51, 0.052s/step step= 4160000 episodes= 8667 eps=0.050 replay= 39936 loss=0.00000 ext100=0.000 total100=0.031
[train] 60:18:50<84:36:07, 0.052s/step step= 4162000 episodes= 8671 eps=0.050 replay= 39936 loss=0.00001 ext100=0.000 total100=0.031
[train] 60:20:34<84:34:22, 0.052s/step step= 4164000 episodes= 8675 eps=0.050 replay= 39936 loss=0.00000 ext100=0.000 total100=0.030
[train] 60:22:17<84:32:36, 0.052s/step step= 4166000 episodes= 8679 eps=0.050 replay= 39936 loss=0.00000 ext100=0.000 total100=0.031
[train] 60:24:00<84:30:49, 0.052s/step step= 4168000 episodes= 8683 eps=0.050 replay= 39936 loss=0.00000 ext100=0.000 total100=0.032
[train] 60:25:44<84:29:05, 0.052s/step step= 4170000 episodes= 8687 eps=0.050 replay= 39936 loss=0.00001 ext100=0.000 total100=0.031
[train] 60:27:27<84:27:19, 0.052s/step step= 4172000 episodes= 8692 eps=0.050 replay= 39936 loss=0.00000 ext100=0.000 total100=0.030
[train] 60:29:11<84:25:33, 0.052s/step step= 4174000 episodes= 8696 eps=0.050 replay= 39936 loss=0.00000 ext100=0.000 total100=0.029
[train] 60:30:54<84:23:47, 0.052s/step step= 4176000 episodes= 8700 eps=0.050 replay= 39936 loss=0.00000 ext100=0.000 total100=0.028
[train] 60:32:38<84:22:03, 0.052s/step step= 4178000 episodes= 8704 eps=0.050 replay= 39936 loss=0.00001 ext100=0.000 total100=0.028
[eval] step=4180000 episodes=8708 mean_ext_return=0.000
[train] 60:34:38<84:20:40, 0.052s/step step= 4180000 episodes= 8708 eps=0.050 replay= 39936 loss=0.00000 ext100=0.000 total100=0.029
[train] 60:36:22<84:18:55, 0.052s/step step= 4182000 episodes= 8712 eps=0.050 replay= 39936 loss=0.00000 ext100=0.000 total100=0.028
[train] 60:38:06<84:17:10, 0.052s/step step= 4184000 episodes= 8717 eps=0.050 replay= 39936 loss=0.00000 ext100=0.000 total100=0.029
[train] 60:39:49<84:15:24, 0.052s/step step= 4186000 episodes= 8721 eps=0.050 replay= 39936 loss=0.00001 ext100=0.000 total100=0.031
[train] 60:41:32<84:13:38, 0.052s/step step= 4188000 episodes= 8725 eps=0.050 replay= 39936 loss=0.00001 ext100=0.000 total100=0.031
[train] 60:43:16<84:11:52, 0.052s/step step= 4190000 episodes= 8729 eps=0.050 replay= 39936 loss=0.00000 ext100=0.000 total100=0.031
[train] 60:44:59<84:10:07, 0.052s/step step= 4192000 episodes= 8733 eps=0.050 replay= 39936 loss=0.00000 ext100=0.000 total100=0.030
[train] 60:46:42<84:08:21, 0.052s/step step= 4194000 episodes= 8737 eps=0.050 replay= 39936 loss=0.00001 ext100=0.000 total100=0.032
[train] 60:48:26<84:06:36, 0.052s/step step= 4196000 episodes= 8742 eps=0.050 replay= 39936 loss=0.00001 ext100=0.000 total100=0.032
[train] 60:50:10<84:04:51, 0.052s/step step= 4198000 episodes= 8746 eps=0.050 replay= 39936 loss=0.00001 ext100=0.000 total100=0.031
[eval] step=4200000 episodes=8750 mean_ext_return=0.000
[train] 60:52:09<84:03:27, 0.052s/step step= 4200000 episodes= 8750 eps=0.050 replay= 39936 loss=0.00000 ext100=0.000 total100=0.031
[train] 60:53:53<84:01:43, 0.052s/step step= 4202000 episodes= 8754 eps=0.050 replay= 39936 loss=0.00001 ext100=0.000 total100=0.031
[train] 60:55:37<83:59:58, 0.052s/step step= 4204000 episodes= 8758 eps=0.050 replay= 39936 loss=0.00000 ext100=0.000 total100=0.031
[train] 60:57:21<83:58:12, 0.052s/step step= 4206000 episodes= 8762 eps=0.050 replay= 39936 loss=0.00000 ext100=0.000 total100=0.031
[train] 60:59:04<83:56:26, 0.052s/step step= 4208000 episodes= 8767 eps=0.050 replay= 39936 loss=0.00000 ext100=0.000 total100=0.031
[train] 61:00:47<83:54:40, 0.052s/step step= 4210000 episodes= 8771 eps=0.050 replay= 39936 loss=0.00000 ext100=0.000 total100=0.031
[train] 61:02:31<83:52:55, 0.052s/step step= 4212000 episodes= 8775 eps=0.050 replay= 39936 loss=0.00000 ext100=0.000 total100=0.031
[train] 61:04:14<83:51:09, 0.052s/step step= 4214000 episodes= 8779 eps=0.050 replay= 39936 loss=0.00000 ext100=0.000 total100=0.030
[train] 61:05:58<83:49:24, 0.052s/step step= 4216000 episodes= 8783 eps=0.050 replay= 39936 loss=0.00000 ext100=0.000 total100=0.029
[train] 61:07:42<83:47:39, 0.052s/step step= 4218000 episodes= 8787 eps=0.050 replay= 39936 loss=0.00001 ext100=0.000 total100=0.028
[eval] step=4220000 episodes=8792 mean_ext_return=0.000
[train] 61:09:41<83:46:15, 0.052s/step step= 4220000 episodes= 8792 eps=0.050 replay= 39936 loss=0.00000 ext100=0.000 total100=0.030
[train] 61:11:25<83:44:30, 0.052s/step step= 4222000 episodes= 8796 eps=0.050 replay= 39936 loss=0.00000 ext100=0.000 total100=0.030
[train] 61:13:09<83:42:46, 0.052s/step step= 4224000 episodes= 8800 eps=0.050 replay= 39936 loss=0.00000 ext100=0.000 total100=0.031
[train] 61:14:53<83:41:00, 0.052s/step step= 4226000 episodes= 8804 eps=0.050 replay= 39936 loss=0.00001 ext100=0.000 total100=0.031
[train] 61:16:35<83:39:13, 0.052s/step step= 4228000 episodes= 8808 eps=0.050 replay= 39936 loss=0.00000 ext100=0.000 total100=0.032
[train] 61:18:19<83:37:28, 0.052s/step step= 4230000 episodes= 8812 eps=0.050 replay= 39936 loss=0.00000 ext100=0.000 total100=0.032
[train] 61:20:03<83:35:43, 0.052s/step step= 4232000 episodes= 8817 eps=0.050 replay= 39936 loss=0.00000 ext100=0.000 total100=0.032
[train] 61:21:46<83:33:57, 0.052s/step step= 4234000 episodes= 8821 eps=0.050 replay= 39936 loss=0.00001 ext100=0.000 total100=0.032
[train] 61:23:29<83:32:11, 0.052s/step step= 4236000 episodes= 8825 eps=0.050 replay= 39936 loss=0.00000 ext100=0.000 total100=0.031
[train] 61:25:13<83:30:26, 0.052s/step step= 4238000 episodes= 8829 eps=0.050 replay= 39936 loss=0.00000 ext100=0.000 total100=0.031
[eval] step=4240000 episodes=8833 mean_ext_return=0.000
[train] 61:27:13<83:29:03, 0.052s/step step= 4240000 episodes= 8833 eps=0.050 replay= 39936 loss=0.00000 ext100=0.000 total100=0.032
[train] 61:28:57<83:27:18, 0.052s/step step= 4242000 episodes= 8837 eps=0.050 replay= 39936 loss=0.00001 ext100=0.000 total100=0.031
[train] 61:30:41<83:25:33, 0.052s/step step= 4244000 episodes= 8842 eps=0.050 replay= 39936 loss=0.00000 ext100=0.000 total100=0.031
[train] 61:32:25<83:23:48, 0.052s/step step= 4246000 episodes= 8846 eps=0.050 replay= 39936 loss=0.00000 ext100=0.000 total100=0.032
[train] 61:34:07<83:22:01, 0.052s/step step= 4248000 episodes= 8850 eps=0.050 replay= 39936 loss=0.00000 ext100=0.000 total100=0.032
[train] 61:35:51<83:20:16, 0.052s/step step= 4250000 episodes= 8854 eps=0.050 replay= 39936 loss=0.00001 ext100=0.000 total100=0.032
[train] 61:37:35<83:18:31, 0.052s/step step= 4252000 episodes= 8858 eps=0.050 replay= 39936 loss=0.00000 ext100=0.000 total100=0.032
[train] 61:39:18<83:16:45, 0.052s/step step= 4254000 episodes= 8862 eps=0.050 replay= 39936 loss=0.00000 ext100=0.000 total100=0.031
[train] 61:41:01<83:15:00, 0.052s/step step= 4256000 episodes= 8867 eps=0.050 replay= 39936 loss=0.00000 ext100=0.000 total100=0.030
[train] 61:42:45<83:13:15, 0.052s/step step= 4258000 episodes= 8871 eps=0.050 replay= 39936 loss=0.00001 ext100=0.000 total100=0.031
[eval] step=4260000 episodes=8875 mean_ext_return=0.000
[train] 61:44:45<83:11:51, 0.052s/step step= 4260000 episodes= 8875 eps=0.050 replay= 39936 loss=0.00000 ext100=0.000 total100=0.032
[train] 61:46:29<83:10:06, 0.052s/step step= 4262000 episodes= 8879 eps=0.050 replay= 39936 loss=0.00000 ext100=0.000 total100=0.033
[train] 61:48:13<83:08:21, 0.052s/step step= 4264000 episodes= 8883 eps=0.050 replay= 39936 loss=0.00000 ext100=0.000 total100=0.034
[train] 61:49:56<83:06:36, 0.052s/step step= 4266000 episodes= 8887 eps=0.050 replay= 39936 loss=0.00001 ext100=0.000 total100=0.034
[train] 61:51:39<83:04:49, 0.052s/step step= 4268000 episodes= 8892 eps=0.050 replay= 39936 loss=0.00000 ext100=0.000 total100=0.034
[train] 61:53:23<83:03:04, 0.052s/step step= 4270000 episodes= 8896 eps=0.050 replay= 39936 loss=0.00000 ext100=0.000 total100=0.034
[train] 61:55:07<83:01:19, 0.052s/step step= 4272000 episodes= 8900 eps=0.050 replay= 39936 loss=0.00000 ext100=0.000 total100=0.034
[train] 61:56:50<82:59:32, 0.052s/step step= 4274000 episodes= 8904 eps=0.050 replay= 39936 loss=0.00001 ext100=0.000 total100=0.034
[train] 61:58:33<82:57:47, 0.052s/step step= 4276000 episodes= 8908 eps=0.050 replay= 39936 loss=0.00000 ext100=0.000 total100=0.034
[train] 62:00:17<82:56:02, 0.052s/step step= 4278000 episodes= 8912 eps=0.050 replay= 39936 loss=0.00000 ext100=0.000 total100=0.034
[eval] step=4280000 episodes=8917 mean_ext_return=0.000
[train] 62:02:17<82:54:38, 0.052s/step step= 4280000 episodes= 8917 eps=0.050 replay= 39936 loss=0.00001 ext100=0.000 total100=0.034
[train] 62:04:01<82:52:53, 0.052s/step step= 4282000 episodes= 8921 eps=0.050 replay= 39936 loss=0.00000 ext100=0.000 total100=0.034
[train] 62:05:45<82:51:08, 0.052s/step step= 4284000 episodes= 8925 eps=0.050 replay= 39936 loss=0.00000 ext100=0.000 total100=0.034
[train] 62:07:28<82:49:23, 0.052s/step step= 4286000 episodes= 8929 eps=0.050 replay= 39936 loss=0.00000 ext100=0.000 total100=0.033
[train] 62:09:11<82:47:36, 0.052s/step step= 4288000 episodes= 8933 eps=0.050 replay= 39936 loss=0.00000 ext100=0.000 total100=0.033
[train] 62:10:55<82:45:51, 0.052s/step step= 4290000 episodes= 8937 eps=0.050 replay= 39936 loss=0.00001 ext100=0.000 total100=0.034
[train] 62:12:38<82:44:06, 0.052s/step step= 4292000 episodes= 8942 eps=0.050 replay= 39936 loss=0.00000 ext100=0.000 total100=0.035
[train] 62:14:21<82:42:20, 0.052s/step step= 4294000 episodes= 8946 eps=0.050 replay= 39936 loss=0.00000 ext100=0.000 total100=0.034
[train] 62:16:05<82:40:34, 0.052s/step step= 4296000 episodes= 8950 eps=0.050 replay= 39936 loss=0.00000 ext100=0.000 total100=0.034
[train] 62:17:49<82:38:49, 0.052s/step step= 4298000 episodes= 8954 eps=0.050 replay= 39936 loss=0.00000 ext100=0.000 total100=0.034
[eval] step=4300000 episodes=8958 mean_ext_return=0.000
[train] 62:19:48<82:37:25, 0.052s/step step= 4300000 episodes= 8958 eps=0.050 replay= 39936 loss=0.00000 ext100=0.000 total100=0.035
[train] 62:21:33<82:35:41, 0.052s/step step= 4302000 episodes= 8962 eps=0.050 replay= 39936 loss=0.00000 ext100=0.000 total100=0.035
[train] 62:23:16<82:33:56, 0.052s/step step= 4304000 episodes= 8967 eps=0.050 replay= 39936 loss=0.00000 ext100=0.000 total100=0.035
[train] 62:25:00<82:32:10, 0.052s/step step= 4306000 episodes= 8971 eps=0.050 replay= 39936 loss=0.00001 ext100=0.000 total100=0.036
[train] 62:26:43<82:30:23, 0.052s/step step= 4308000 episodes= 8975 eps=0.050 replay= 39936 loss=0.00000 ext100=0.000 total100=0.034
[train] 62:28:26<82:28:38, 0.052s/step step= 4310000 episodes= 8979 eps=0.050 replay= 39936 loss=0.00000 ext100=0.000 total100=0.034
[train] 62:30:10<82:26:53, 0.052s/step step= 4312000 episodes= 8983 eps=0.050 replay= 39936 loss=0.00000 ext100=0.000 total100=0.034
[train] 62:31:53<82:25:07, 0.052s/step step= 4314000 episodes= 8987 eps=0.050 replay= 39936 loss=0.00001 ext100=0.000 total100=0.034
[train] 62:33:37<82:23:22, 0.052s/step step= 4316000 episodes= 8992 eps=0.050 replay= 39936 loss=0.00000 ext100=0.000 total100=0.033
[train] 62:35:21<82:21:37, 0.052s/step step= 4318000 episodes= 8996 eps=0.050 replay= 39936 loss=0.00000 ext100=0.000 total100=0.033
[eval] step=4320000 episodes=9000 mean_ext_return=0.000
[train] 62:37:20<82:20:12, 0.052s/step step= 4320000 episodes= 9000 eps=0.050 replay= 39936 loss=0.00000 ext100=0.000 total100=0.033
[train] 62:39:04<82:18:27, 0.052s/step step= 4322000 episodes= 9004 eps=0.050 replay= 39936 loss=0.00000 ext100=0.000 total100=0.032
[train] 62:40:48<82:16:42, 0.052s/step step= 4324000 episodes= 9008 eps=0.050 replay= 39936 loss=0.00000 ext100=0.000 total100=0.032
[train] 62:42:31<82:14:57, 0.052s/step step= 4326000 episodes= 9012 eps=0.050 replay= 39936 loss=0.00000 ext100=0.000 total100=0.032
[train] 62:44:14<82:13:10, 0.052s/step step= 4328000 episodes= 9017 eps=0.050 replay= 39936 loss=0.00001 ext100=0.000 total100=0.030
[train] 62:45:58<82:11:25, 0.052s/step step= 4330000 episodes= 9021 eps=0.050 replay= 39936 loss=0.00001 ext100=0.000 total100=0.030
[train] 62:47:41<82:09:40, 0.052s/step step= 4332000 episodes= 9025 eps=0.050 replay= 39936 loss=0.00000 ext100=0.000 total100=0.030
[train] 62:49:24<82:07:53, 0.052s/step step= 4334000 episodes= 9029 eps=0.050 replay= 39936 loss=0.00000 ext100=0.000 total100=0.031
[train] 62:51:08<82:06:08, 0.052s/step step= 4336000 episodes= 9033 eps=0.050 replay= 39936 loss=0.00000 ext100=0.000 total100=0.031
[train] 62:52:52<82:04:23, 0.052s/step step= 4338000 episodes= 9037 eps=0.050 replay= 39936 loss=0.00001 ext100=0.000 total100=0.031
[eval] step=4340000 episodes=9042 mean_ext_return=0.000
[train] 62:54:52<82:02:59, 0.052s/step step= 4340000 episodes= 9042 eps=0.050 replay= 39936 loss=0.00000 ext100=0.000 total100=0.030
[train] 62:56:36<82:01:14, 0.052s/step step= 4342000 episodes= 9046 eps=0.050 replay= 39936 loss=0.00000 ext100=0.000 total100=0.029
[train] 62:58:20<81:59:29, 0.052s/step step= 4344000 episodes= 9050 eps=0.050 replay= 39936 loss=0.00000 ext100=0.000 total100=0.029
[train] 63:00:03<81:57:44, 0.052s/step step= 4346000 episodes= 9054 eps=0.050 replay= 39936 loss=0.00000 ext100=0.000 total100=0.028
[train] 63:01:46<81:55:57, 0.052s/step step= 4348000 episodes= 9058 eps=0.050 replay= 39936 loss=0.00000 ext100=0.000 total100=0.028
[train] 63:03:30<81:54:12, 0.052s/step step= 4350000 episodes= 9062 eps=0.050 replay= 39936 loss=0.00000 ext100=0.000 total100=0.028
[train] 63:05:13<81:52:27, 0.052s/step step= 4352000 episodes= 9067 eps=0.050 replay= 39936 loss=0.00000 ext100=0.000 total100=0.028
[train] 63:06:56<81:50:40, 0.052s/step step= 4354000 episodes= 9071 eps=0.050 replay= 39936 loss=0.00000 ext100=0.000 total100=0.028
[train] 63:08:40<81:48:55, 0.052s/step step= 4356000 episodes= 9075 eps=0.050 replay= 39936 loss=0.00000 ext100=0.000 total100=0.028
[train] 63:10:24<81:47:10, 0.052s/step step= 4358000 episodes= 9079 eps=0.050 replay= 39936 loss=0.00000 ext100=0.000 total100=0.028
[eval] step=4360000 episodes=9083 mean_ext_return=0.000
[train] 63:12:23<81:45:45, 0.052s/step step= 4360000 episodes= 9083 eps=0.050 replay= 39936 loss=0.00000 ext100=0.000 total100=0.028
[train] 63:14:07<81:44:00, 0.052s/step step= 4362000 episodes= 9087 eps=0.050 replay= 39936 loss=0.00001 ext100=0.000 total100=0.029
[train] 63:15:51<81:42:16, 0.052s/step step= 4364000 episodes= 9092 eps=0.050 replay= 39936 loss=0.00001 ext100=0.000 total100=0.029
[train] 63:17:35<81:40:30, 0.052s/step step= 4366000 episodes= 9096 eps=0.050 replay= 39936 loss=0.00000 ext100=0.000 total100=0.029
[train] 63:19:17<81:38:43, 0.052s/step step= 4368000 episodes= 9100 eps=0.050 replay= 39936 loss=0.00000 ext100=0.000 total100=0.029
[train] 63:21:01<81:36:58, 0.052s/step step= 4370000 episodes= 9104 eps=0.050 replay= 39936 loss=0.00001 ext100=0.000 total100=0.029
[train] 63:22:45<81:35:13, 0.052s/step step= 4372000 episodes= 9108 eps=0.050 replay= 39936 loss=0.00000 ext100=0.000 total100=0.030
[train] 63:24:28<81:33:27, 0.052s/step step= 4374000 episodes= 9112 eps=0.050 replay= 39936 loss=0.00000 ext100=0.000 total100=0.030
[train] 63:26:12<81:31:41, 0.052s/step step= 4376000 episodes= 9117 eps=0.050 replay= 39936 loss=0.00000 ext100=0.000 total100=0.030
[train] 63:27:55<81:29:56, 0.052s/step step= 4378000 episodes= 9121 eps=0.050 replay= 39936 loss=0.00001 ext100=0.000 total100=0.030
[eval] step=4380000 episodes=9125 mean_ext_return=0.000
[train] 63:29:55<81:28:31, 0.052s/step step= 4380000 episodes= 9125 eps=0.050 replay= 39936 loss=0.00000 ext100=0.000 total100=0.030
[train] 63:31:39<81:26:47, 0.052s/step step= 4382000 episodes= 9129 eps=0.050 replay= 39936 loss=0.00000 ext100=0.000 total100=0.030
[train] 63:33:23<81:25:02, 0.052s/step step= 4384000 episodes= 9133 eps=0.050 replay= 39936 loss=0.00000 ext100=0.000 total100=0.029
[train] 63:35:07<81:23:16, 0.052s/step step= 4386000 episodes= 9137 eps=0.050 replay= 39936 loss=0.00001 ext100=0.000 total100=0.029
[train] 63:36:49<81:21:30, 0.052s/step step= 4388000 episodes= 9142 eps=0.050 replay= 39936 loss=0.00000 ext100=0.000 total100=0.029
[train] 63:38:33<81:19:44, 0.052s/step step= 4390000 episodes= 9146 eps=0.050 replay= 39936 loss=0.00000 ext100=0.000 total100=0.030
[train] 63:40:17<81:17:59, 0.052s/step step= 4392000 episodes= 9150 eps=0.050 replay= 39936 loss=0.00000 ext100=0.000 total100=0.031
[train] 63:42:00<81:16:13, 0.052s/step step= 4394000 episodes= 9154 eps=0.050 replay= 39936 loss=0.00001 ext100=0.000 total100=0.031
[train] 63:43:43<81:14:28, 0.052s/step step= 4396000 episodes= 9158 eps=0.050 replay= 39936 loss=0.00000 ext100=0.000 total100=0.031
[train] 63:45:27<81:12:43, 0.052s/step step= 4398000 episodes= 9162 eps=0.050 replay= 39936 loss=0.00000 ext100=0.000 total100=0.031
[eval] step=4400000 episodes=9167 mean_ext_return=0.000
[train] 63:47:27<81:11:18, 0.052s/step step= 4400000 episodes= 9167 eps=0.050 replay= 39936 loss=0.00000 ext100=0.000 total100=0.029
[train] 63:49:11<81:09:33, 0.052s/step step= 4402000 episodes= 9171 eps=0.050 replay= 39936 loss=0.00001 ext100=0.000 total100=0.031
[train] 63:50:55<81:07:48, 0.052s/step step= 4404000 episodes= 9175 eps=0.050 replay= 39936 loss=0.00000 ext100=0.000 total100=0.029
[train] 63:52:38<81:06:02, 0.052s/step step= 4406000 episodes= 9179 eps=0.050 replay= 39936 loss=0.00000 ext100=0.000 total100=0.029
[train] 63:54:21<81:04:16, 0.052s/step step= 4408000 episodes= 9183 eps=0.050 replay= 39936 loss=0.00000 ext100=0.000 total100=0.029
[train] 63:56:04<81:02:30, 0.052s/step step= 4410000 episodes= 9187 eps=0.050 replay= 39936 loss=0.00001 ext100=0.000 total100=0.029
[train] 63:57:48<81:00:45, 0.052s/step step= 4412000 episodes= 9192 eps=0.050 replay= 39936 loss=0.00000 ext100=0.000 total100=0.030
[train] 63:59:31<80:58:59, 0.052s/step step= 4414000 episodes= 9196 eps=0.050 replay= 39936 loss=0.00000 ext100=0.000 total100=0.030
[train] 64:01:15<80:57:14, 0.052s/step step= 4416000 episodes= 9200 eps=0.050 replay= 39936 loss=0.00000 ext100=0.000 total100=0.030
[train] 64:02:59<80:55:29, 0.052s/step step= 4418000 episodes= 9204 eps=0.050 replay= 39936 loss=0.00000 ext100=0.000 total100=0.029
[eval] step=4420000 episodes=9208 mean_ext_return=0.000
[train] 64:04:58<80:54:04, 0.052s/step step= 4420000 episodes= 9208 eps=0.050 replay= 39936 loss=0.00000 ext100=0.000 total100=0.027
[train] 64:06:42<80:52:19, 0.052s/step step= 4422000 episodes= 9212 eps=0.050 replay= 39936 loss=0.00001 ext100=0.000 total100=0.026
[train] 64:08:26<80:50:34, 0.052s/step step= 4424000 episodes= 9217 eps=0.050 replay= 39936 loss=0.00001 ext100=0.000 total100=0.027
[train] 64:10:10<80:48:49, 0.052s/step step= 4426000 episodes= 9221 eps=0.050 replay= 39936 loss=0.00001 ext100=0.000 total100=0.027
[train] 64:11:53<80:47:02, 0.052s/step step= 4428000 episodes= 9225 eps=0.050 replay= 39936 loss=0.00000 ext100=0.000 total100=0.026
[train] 64:13:36<80:45:16, 0.052s/step step= 4430000 episodes= 9229 eps=0.050 replay= 39936 loss=0.00000 ext100=0.000 total100=0.026
[train] 64:15:20<80:43:31, 0.052s/step step= 4432000 episodes= 9233 eps=0.050 replay= 39936 loss=0.00000 ext100=0.000 total100=0.026
[train] 64:17:03<80:41:45, 0.052s/step step= 4434000 episodes= 9237 eps=0.050 replay= 39936 loss=0.00000 ext100=0.000 total100=0.027
[train] 64:18:47<80:40:00, 0.052s/step step= 4436000 episodes= 9242 eps=0.050 replay= 39936 loss=0.00000 ext100=0.000 total100=0.027
[train] 64:20:31<80:38:15, 0.052s/step step= 4438000 episodes= 9246 eps=0.050 replay= 39936 loss=0.00000 ext100=0.000 total100=0.027
[eval] step=4440000 episodes=9250 mean_ext_return=0.000
[train] 64:22:30<80:36:50, 0.052s/step step= 4440000 episodes= 9250 eps=0.050 replay= 39936 loss=0.00000 ext100=0.000 total100=0.028
[train] 64:24:14<80:35:05, 0.052s/step step= 4442000 episodes= 9254 eps=0.050 replay= 39936 loss=0.00001 ext100=0.000 total100=0.028
[train] 64:25:58<80:33:20, 0.052s/step step= 4444000 episodes= 9258 eps=0.050 replay= 39936 loss=0.00000 ext100=0.000 total100=0.027
[train] 64:27:42<80:31:35, 0.052s/step step= 4446000 episodes= 9262 eps=0.050 replay= 39936 loss=0.00001 ext100=0.000 total100=0.027
[train] 64:29:24<80:29:48, 0.052s/step step= 4448000 episodes= 9267 eps=0.050 replay= 39936 loss=0.00000 ext100=0.000 total100=0.028
[train] 64:31:08<80:28:03, 0.052s/step step= 4450000 episodes= 9271 eps=0.050 replay= 39936 loss=0.00001 ext100=0.000 total100=0.026
[train] 64:32:52<80:26:18, 0.052s/step step= 4452000 episodes= 9275 eps=0.050 replay= 39936 loss=0.00000 ext100=0.000 total100=0.027
[train] 64:34:35<80:24:31, 0.052s/step step= 4454000 episodes= 9279 eps=0.050 replay= 39936 loss=0.00000 ext100=0.000 total100=0.026
[train] 64:36:18<80:22:46, 0.052s/step step= 4456000 episodes= 9283 eps=0.050 replay= 39936 loss=0.00000 ext100=0.000 total100=0.025
[train] 64:38:02<80:21:01, 0.052s/step step= 4458000 episodes= 9287 eps=0.050 replay= 39936 loss=0.00001 ext100=0.000 total100=0.024
[eval] step=4460000 episodes=9292 mean_ext_return=0.000
[train] 64:40:02<80:19:35, 0.052s/step step= 4460000 episodes= 9292 eps=0.050 replay= 39936 loss=0.00001 ext100=0.000 total100=0.024
[train] 64:41:46<80:17:50, 0.052s/step step= 4462000 episodes= 9296 eps=0.050 replay= 39936 loss=0.00001 ext100=0.000 total100=0.024
[train] 64:43:30<80:16:05, 0.052s/step step= 4464000 episodes= 9300 eps=0.050 replay= 39936 loss=0.00000 ext100=0.000 total100=0.026
[train] 64:45:13<80:14:20, 0.052s/step step= 4466000 episodes= 9304 eps=0.050 replay= 39936 loss=0.00001 ext100=0.000 total100=0.026
[train] 64:46:56<80:12:33, 0.052s/step step= 4468000 episodes= 9308 eps=0.050 replay= 39936 loss=0.00000 ext100=0.000 total100=0.027
[train] 64:48:39<80:10:48, 0.052s/step step= 4470000 episodes= 9312 eps=0.050 replay= 39936 loss=0.00000 ext100=0.000 total100=0.028
[train] 64:50:23<80:09:03, 0.052s/step step= 4472000 episodes= 9317 eps=0.050 replay= 39936 loss=0.00000 ext100=0.000 total100=0.028
[train] 64:52:06<80:07:17, 0.052s/step step= 4474000 episodes= 9321 eps=0.050 replay= 39936 loss=0.00001 ext100=0.000 total100=0.028
[train] 64:53:50<80:05:31, 0.052s/step step= 4476000 episodes= 9325 eps=0.050 replay= 39936 loss=0.00001 ext100=0.000 total100=0.028
[train] 64:55:34<80:03:46, 0.052s/step step= 4478000 episodes= 9329 eps=0.050 replay= 39936 loss=0.00000 ext100=0.000 total100=0.028
[eval] step=4480000 episodes=9333 mean_ext_return=0.000
[train] 64:57:33<80:02:21, 0.052s/step step= 4480000 episodes= 9333 eps=0.050 replay= 39936 loss=0.00001 ext100=0.000 total100=0.028
[train] 64:59:17<80:00:36, 0.052s/step step= 4482000 episodes= 9337 eps=0.050 replay= 39936 loss=0.00001 ext100=0.000 total100=0.028
[train] 65:01:01<79:58:51, 0.052s/step step= 4484000 episodes= 9342 eps=0.050 replay= 39936 loss=0.00001 ext100=0.000 total100=0.028
[train] 65:02:45<79:57:05, 0.052s/step step= 4486000 episodes= 9346 eps=0.050 replay= 39936 loss=0.00000 ext100=0.000 total100=0.028
[train] 65:04:27<79:55:19, 0.052s/step step= 4488000 episodes= 9350 eps=0.050 replay= 39936 loss=0.00000 ext100=0.000 total100=0.027
[train] 65:06:11<79:53:33, 0.052s/step step= 4490000 episodes= 9354 eps=0.050 replay= 39936 loss=0.00001 ext100=0.000 total100=0.028
[train] 65:07:55<79:51:48, 0.052s/step step= 4492000 episodes= 9358 eps=0.050 replay= 39936 loss=0.00000 ext100=0.000 total100=0.030
[train] 65:09:38<79:50:02, 0.052s/step step= 4494000 episodes= 9362 eps=0.050 replay= 39936 loss=0.00000 ext100=0.000 total100=0.028
[train] 65:11:22<79:48:17, 0.052s/step step= 4496000 episodes= 9367 eps=0.050 replay= 39936 loss=0.00000 ext100=0.000 total100=0.027
[train] 65:13:05<79:46:32, 0.052s/step step= 4498000 episodes= 9371 eps=0.050 replay= 39936 loss=0.00001 ext100=0.000 total100=0.028
[eval] step=4500000 episodes=9375 mean_ext_return=0.000
[train] 65:15:05<79:45:06, 0.052s/step step= 4500000 episodes= 9375 eps=0.050 replay= 39936 loss=0.00001 ext100=0.000 total100=0.028
[train] 65:16:49<79:43:21, 0.052s/step step= 4502000 episodes= 9379 eps=0.050 replay= 39936 loss=0.00001 ext100=0.000 total100=0.029
[train] 65:18:33<79:41:36, 0.052s/step step= 4504000 episodes= 9383 eps=0.050 replay= 39936 loss=0.00000 ext100=0.000 total100=0.030
[train] 65:20:16<79:39:51, 0.052s/step step= 4506000 episodes= 9387 eps=0.050 replay= 39936 loss=0.00002 ext100=0.000 total100=0.030
[train] 65:21:59<79:38:04, 0.052s/step step= 4508000 episodes= 9392 eps=0.050 replay= 39936 loss=0.00001 ext100=0.000 total100=0.031
[train] 65:23:43<79:36:19, 0.052s/step step= 4510000 episodes= 9396 eps=0.050 replay= 39936 loss=0.00000 ext100=0.000 total100=0.031
[train] 65:25:27<79:34:34, 0.052s/step step= 4512000 episodes= 9400 eps=0.050 replay= 39936 loss=0.00000 ext100=0.000 total100=0.030
[train] 65:27:10<79:32:48, 0.052s/step step= 4514000 episodes= 9404 eps=0.050 replay= 39936 loss=0.00002 ext100=0.000 total100=0.030
[train] 65:28:53<79:31:03, 0.052s/step step= 4516000 episodes= 9408 eps=0.050 replay= 39936 loss=0.00001 ext100=0.000 total100=0.030
[train] 65:30:37<79:29:18, 0.052s/step step= 4518000 episodes= 9412 eps=0.050 replay= 39936 loss=0.00001 ext100=0.000 total100=0.031
[eval] step=4520000 episodes=9417 mean_ext_return=0.000
[train] 65:32:37<79:27:52, 0.052s/step step= 4520000 episodes= 9417 eps=0.050 replay= 39936 loss=0.00000 ext100=0.000 total100=0.031
[train] 65:34:21<79:26:07, 0.052s/step step= 4522000 episodes= 9421 eps=0.050 replay= 39936 loss=0.00001 ext100=0.000 total100=0.031
[train] 65:36:05<79:24:22, 0.052s/step step= 4524000 episodes= 9425 eps=0.050 replay= 39936 loss=0.00000 ext100=0.000 total100=0.032
[train] 65:37:48<79:22:36, 0.052s/step step= 4526000 episodes= 9429 eps=0.050 replay= 39936 loss=0.00000 ext100=0.000 total100=0.032
[train] 65:39:31<79:20:50, 0.052s/step step= 4528000 episodes= 9433 eps=0.050 replay= 39936 loss=0.00000 ext100=0.000 total100=0.033
[train] 65:41:14<79:19:04, 0.052s/step step= 4530000 episodes= 9437 eps=0.050 replay= 39936 loss=0.00001 ext100=0.000 total100=0.032
[train] 65:42:58<79:17:19, 0.052s/step step= 4532000 episodes= 9442 eps=0.050 replay= 39936 loss=0.00001 ext100=0.000 total100=0.031
[train] 65:44:41<79:15:33, 0.052s/step step= 4534000 episodes= 9446 eps=0.050 replay= 39936 loss=0.00000 ext100=0.000 total100=0.032
[train] 65:46:25<79:13:48, 0.052s/step step= 4536000 episodes= 9450 eps=0.050 replay= 39936 loss=0.00001 ext100=0.000 total100=0.030
[train] 65:48:09<79:12:03, 0.052s/step step= 4538000 episodes= 9454 eps=0.050 replay= 39936 loss=0.00001 ext100=0.000 total100=0.032
[eval] step=4540000 episodes=9458 mean_ext_return=0.000
[train] 65:50:08<79:10:37, 0.052s/step step= 4540000 episodes= 9458 eps=0.050 replay= 39936 loss=0.00000 ext100=0.000 total100=0.032
[train] 65:51:52<79:08:52, 0.052s/step step= 4542000 episodes= 9462 eps=0.050 replay= 39936 loss=0.00000 ext100=0.000 total100=0.033
[train] 65:53:36<79:07:07, 0.052s/step step= 4544000 episodes= 9467 eps=0.050 replay= 39936 loss=0.00000 ext100=0.000 total100=0.034
[train] 65:55:20<79:05:21, 0.052s/step step= 4546000 episodes= 9471 eps=0.050 replay= 39936 loss=0.00001 ext100=0.000 total100=0.033
[train] 65:57:03<79:03:35, 0.052s/step step= 4548000 episodes= 9475 eps=0.050 replay= 39936 loss=0.00000 ext100=0.000 total100=0.034
[train] 65:58:46<79:01:50, 0.052s/step step= 4550000 episodes= 9479 eps=0.050 replay= 39936 loss=0.00000 ext100=0.000 total100=0.034
[train] 66:00:30<79:00:05, 0.052s/step step= 4552000 episodes= 9483 eps=0.050 replay= 39936 loss=0.00000 ext100=0.000 total100=0.034
[train] 66:02:13<78:58:19, 0.052s/step step= 4554000 episodes= 9487 eps=0.050 replay= 39936 loss=0.00001 ext100=0.000 total100=0.033
[train] 66:03:57<78:56:33, 0.052s/step step= 4556000 episodes= 9492 eps=0.050 replay= 39936 loss=0.00000 ext100=0.000 total100=0.032
[train] 66:05:41<78:54:48, 0.052s/step step= 4558000 episodes= 9496 eps=0.050 replay= 39936 loss=0.00000 ext100=0.000 total100=0.031
[eval] step=4560000 episodes=9500 mean_ext_return=0.000
[train] 66:07:40<78:53:22, 0.052s/step step= 4560000 episodes= 9500 eps=0.050 replay= 39936 loss=0.00000 ext100=0.000 total100=0.031
[train] 66:09:24<78:51:37, 0.052s/step step= 4562000 episodes= 9504 eps=0.050 replay= 39936 loss=0.00001 ext100=0.000 total100=0.030
[train] 66:11:08<78:49:52, 0.052s/step step= 4564000 episodes= 9508 eps=0.050 replay= 39936 loss=0.00000 ext100=0.000 total100=0.030
[train] 66:12:52<78:48:07, 0.052s/step step= 4566000 episodes= 9512 eps=0.050 replay= 39936 loss=0.00000 ext100=0.000 total100=0.029
[train] 66:14:34<78:46:20, 0.052s/step step= 4568000 episodes= 9517 eps=0.050 replay= 39936 loss=0.00001 ext100=0.000 total100=0.029
[train] 66:16:18<78:44:34, 0.052s/step step= 4570000 episodes= 9521 eps=0.050 replay= 39936 loss=0.00000 ext100=0.000 total100=0.029
[train] 66:18:02<78:42:50, 0.052s/step step= 4572000 episodes= 9525 eps=0.050 replay= 39936 loss=0.00000 ext100=0.000 total100=0.027
[train] 66:19:45<78:41:03, 0.052s/step step= 4574000 episodes= 9529 eps=0.050 replay= 39936 loss=0.00000 ext100=0.000 total100=0.027
[train] 66:21:28<78:39:18, 0.052s/step step= 4576000 episodes= 9533 eps=0.050 replay= 39936 loss=0.00000 ext100=0.000 total100=0.027
[train] 66:23:12<78:37:33, 0.052s/step step= 4578000 episodes= 9537 eps=0.050 replay= 39936 loss=0.00001 ext100=0.000 total100=0.027
[eval] step=4580000 episodes=9542 mean_ext_return=0.000
[train] 66:25:12<78:36:07, 0.052s/step step= 4580000 episodes= 9542 eps=0.050 replay= 39936 loss=0.00000 ext100=0.000 total100=0.029
[train] 66:26:56<78:34:22, 0.052s/step step= 4582000 episodes= 9546 eps=0.050 replay= 39936 loss=0.00000 ext100=0.000 total100=0.027
[train] 66:28:40<78:32:37, 0.052s/step step= 4584000 episodes= 9550 eps=0.050 replay= 39936 loss=0.00000 ext100=0.000 total100=0.029
[train] 66:30:24<78:30:51, 0.052s/step step= 4586000 episodes= 9554 eps=0.050 replay= 39936 loss=0.00001 ext100=0.000 total100=0.027
[train] 66:32:06<78:29:05, 0.052s/step step= 4588000 episodes= 9558 eps=0.050 replay= 39936 loss=0.00001 ext100=0.000 total100=0.028
[train] 66:33:50<78:27:19, 0.052s/step step= 4590000 episodes= 9562 eps=0.050 replay= 39936 loss=0.00000 ext100=0.000 total100=0.028
[train] 66:35:34<78:25:35, 0.052s/step step= 4592000 episodes= 9567 eps=0.050 replay= 39936 loss=0.00000 ext100=0.000 total100=0.028
[train] 66:37:17<78:23:49, 0.052s/step step= 4594000 episodes= 9571 eps=0.050 replay= 39936 loss=0.00001 ext100=0.000 total100=0.028
[train] 66:39:00<78:22:03, 0.052s/step step= 4596000 episodes= 9575 eps=0.050 replay= 39936 loss=0.00000 ext100=0.000 total100=0.029
[train] 66:40:44<78:20:18, 0.052s/step step= 4598000 episodes= 9579 eps=0.050 replay= 39936 loss=0.00000 ext100=0.000 total100=0.029
[eval] step=4600000 episodes=9583 mean_ext_return=0.000
[train] 66:42:44<78:18:52, 0.052s/step step= 4600000 episodes= 9583 eps=0.050 replay= 39936 loss=0.00001 ext100=0.000 total100=0.028
[train] 66:44:28<78:17:07, 0.052s/step step= 4602000 episodes= 9587 eps=0.050 replay= 39936 loss=0.00001 ext100=0.000 total100=0.029
[train] 66:46:12<78:15:22, 0.052s/step step= 4604000 episodes= 9592 eps=0.050 replay= 39936 loss=0.00000 ext100=0.000 total100=0.030
[train] 66:47:56<78:13:37, 0.052s/step step= 4606000 episodes= 9596 eps=0.050 replay= 39936 loss=0.00001 ext100=0.000 total100=0.030
[train] 66:49:38<78:11:50, 0.052s/step step= 4608000 episodes= 9600 eps=0.050 replay= 39936 loss=0.00000 ext100=0.000 total100=0.031
[train] 66:51:22<78:10:05, 0.052s/step step= 4610000 episodes= 9604 eps=0.050 replay= 39936 loss=0.00001 ext100=0.000 total100=0.032
[train] 66:53:06<78:08:20, 0.052s/step step= 4612000 episodes= 9608 eps=0.050 replay= 39936 loss=0.00001 ext100=0.000 total100=0.032
[train] 66:54:49<78:06:34, 0.052s/step step= 4614000 episodes= 9612 eps=0.050 replay= 39936 loss=0.00000 ext100=0.000 total100=0.032
[train] 66:56:32<78:04:48, 0.052s/step step= 4616000 episodes= 9617 eps=0.050 replay= 39936 loss=0.00000 ext100=0.000 total100=0.033
[train] 66:58:16<78:03:03, 0.052s/step step= 4618000 episodes= 9621 eps=0.050 replay= 39936 loss=0.00001 ext100=0.000 total100=0.032
[eval] step=4620000 episodes=9625 mean_ext_return=0.000
[train] 67:00:16<78:01:37, 0.052s/step step= 4620000 episodes= 9625 eps=0.050 replay= 39936 loss=0.00000 ext100=0.000 total100=0.033
[train] 67:02:00<77:59:51, 0.052s/step step= 4622000 episodes= 9629 eps=0.050 replay= 39936 loss=0.00000 ext100=0.000 total100=0.034
[train] 67:03:44<77:58:07, 0.052s/step step= 4624000 episodes= 9633 eps=0.050 replay= 39936 loss=0.00001 ext100=0.000 total100=0.033
[train] 67:05:27<77:56:21, 0.052s/step step= 4626000 episodes= 9637 eps=0.050 replay= 39936 loss=0.00001 ext100=0.000 total100=0.033
[train] 67:07:10<77:54:35, 0.052s/step step= 4628000 episodes= 9642 eps=0.050 replay= 39936 loss=0.00000 ext100=0.000 total100=0.033
[train] 67:08:54<77:52:49, 0.052s/step step= 4630000 episodes= 9646 eps=0.050 replay= 39936 loss=0.00000 ext100=0.000 total100=0.033
[train] 67:10:38<77:51:04, 0.052s/step step= 4632000 episodes= 9650 eps=0.050 replay= 39936 loss=0.00000 ext100=0.000 total100=0.033
[train] 67:12:21<77:49:18, 0.052s/step step= 4634000 episodes= 9654 eps=0.050 replay= 39936 loss=0.00002 ext100=0.000 total100=0.033
[train] 67:14:04<77:47:33, 0.052s/step step= 4636000 episodes= 9658 eps=0.050 replay= 39936 loss=0.00001 ext100=0.000 total100=0.031
[train] 67:15:48<77:45:48, 0.052s/step step= 4638000 episodes= 9662 eps=0.050 replay= 39936 loss=0.00000 ext100=0.000 total100=0.032
[eval] step=4640000 episodes=9667 mean_ext_return=0.000
[train] 67:17:48<77:44:21, 0.052s/step step= 4640000 episodes= 9667 eps=0.050 replay= 39936 loss=0.00000 ext100=0.000 total100=0.032
[train] 67:19:32<77:42:36, 0.052s/step step= 4642000 episodes= 9671 eps=0.050 replay= 39936 loss=0.00001 ext100=0.000 total100=0.033
[train] 67:21:16<77:40:51, 0.052s/step step= 4644000 episodes= 9675 eps=0.050 replay= 39936 loss=0.00000 ext100=0.000 total100=0.032
[train] 67:22:59<77:39:06, 0.052s/step step= 4646000 episodes= 9679 eps=0.050 replay= 39936 loss=0.00001 ext100=0.000 total100=0.032
[train] 67:24:42<77:37:19, 0.052s/step step= 4648000 episodes= 9683 eps=0.050 replay= 39936 loss=0.00000 ext100=0.000 total100=0.033
[train] 67:26:26<77:35:34, 0.052s/step step= 4650000 episodes= 9687 eps=0.050 replay= 39936 loss=0.00001 ext100=0.000 total100=0.033
[train] 67:28:10<77:33:49, 0.052s/step step= 4652000 episodes= 9692 eps=0.050 replay= 39936 loss=0.00000 ext100=0.000 total100=0.033
[train] 67:29:52<77:32:03, 0.052s/step step= 4654000 episodes= 9696 eps=0.050 replay= 39936 loss=0.00000 ext100=0.000 total100=0.032
[train] 67:31:36<77:30:18, 0.052s/step step= 4656000 episodes= 9700 eps=0.050 replay= 39936 loss=0.00001 ext100=0.000 total100=0.032
[train] 67:33:20<77:28:33, 0.052s/step step= 4658000 episodes= 9704 eps=0.050 replay= 39936 loss=0.00001 ext100=0.000 total100=0.032
[eval] step=4660000 episodes=9708 mean_ext_return=0.000
[train] 67:35:20<77:27:06, 0.052s/step step= 4660000 episodes= 9708 eps=0.050 replay= 39936 loss=0.00000 ext100=0.000 total100=0.033
[train] 67:37:04<77:25:21, 0.052s/step step= 4662000 episodes= 9712 eps=0.050 replay= 39936 loss=0.00000 ext100=0.000 total100=0.032
[train] 67:38:48<77:23:36, 0.052s/step step= 4664000 episodes= 9717 eps=0.050 replay= 39936 loss=0.00001 ext100=0.000 total100=0.031
[train] 67:40:31<77:21:51, 0.052s/step step= 4666000 episodes= 9721 eps=0.050 replay= 39936 loss=0.00001 ext100=0.000 total100=0.031
[train] 67:42:14<77:20:04, 0.052s/step step= 4668000 episodes= 9725 eps=0.050 replay= 39936 loss=0.00000 ext100=0.000 total100=0.031
[train] 67:43:58<77:18:19, 0.052s/step step= 4670000 episodes= 9729 eps=0.050 replay= 39936 loss=0.00000 ext100=0.000 total100=0.031
[train] 67:45:42<77:16:34, 0.052s/step step= 4672000 episodes= 9733 eps=0.050 replay= 39936 loss=0.00000 ext100=0.000 total100=0.032
[train] 67:47:25<77:14:48, 0.052s/step step= 4674000 episodes= 9737 eps=0.050 replay= 39936 loss=0.00001 ext100=0.000 total100=0.033
[train] 67:49:08<77:13:02, 0.052s/step step= 4676000 episodes= 9742 eps=0.050 replay= 39936 loss=0.00000 ext100=0.000 total100=0.032
[train] 67:50:52<77:11:17, 0.052s/step step= 4678000 episodes= 9746 eps=0.050 replay= 39936 loss=0.00000 ext100=0.000 total100=0.033
[eval] step=4680000 episodes=9750 mean_ext_return=0.000
[train] 67:52:52<77:09:50, 0.052s/step step= 4680000 episodes= 9750 eps=0.050 replay= 39936 loss=0.00000 ext100=0.000 total100=0.034
[train] 67:54:36<77:08:05, 0.052s/step step= 4682000 episodes= 9754 eps=0.050 replay= 39936 loss=0.00001 ext100=0.000 total100=0.034
[train] 67:56:20<77:06:20, 0.052s/step step= 4684000 episodes= 9758 eps=0.050 replay= 39936 loss=0.00000 ext100=0.000 total100=0.034
[train] 67:58:03<77:04:35, 0.052s/step step= 4686000 episodes= 9762 eps=0.050 replay= 39936 loss=0.00000 ext100=0.000 total100=0.033
[train] 67:59:46<77:02:48, 0.052s/step step= 4688000 episodes= 9767 eps=0.050 replay= 39936 loss=0.00000 ext100=0.000 total100=0.033
[train] 68:01:29<77:01:03, 0.052s/step step= 4690000 episodes= 9771 eps=0.050 replay= 39936 loss=0.00000 ext100=0.000 total100=0.032
[train] 68:03:13<76:59:18, 0.052s/step step= 4692000 episodes= 9775 eps=0.050 replay= 39936 loss=0.00000 ext100=0.000 total100=0.032
[train] 68:04:56<76:57:32, 0.052s/step step= 4694000 episodes= 9779 eps=0.050 replay= 39936 loss=0.00001 ext100=0.000 total100=0.032
[train] 68:06:40<76:55:46, 0.052s/step step= 4696000 episodes= 9783 eps=0.050 replay= 39936 loss=0.00000 ext100=0.000 total100=0.032
[train] 68:08:24<76:54:02, 0.052s/step step= 4698000 episodes= 9787 eps=0.050 replay= 39936 loss=0.00001 ext100=0.000 total100=0.031
[eval] step=4700000 episodes=9792 mean_ext_return=0.000
[train] 68:10:23<76:52:34, 0.052s/step step= 4700000 episodes= 9792 eps=0.050 replay= 39936 loss=0.00000 ext100=0.000 total100=0.032
[train] 68:12:07<76:50:49, 0.052s/step step= 4702000 episodes= 9796 eps=0.050 replay= 39936 loss=0.00001 ext100=0.000 total100=0.031
[train] 68:13:51<76:49:04, 0.052s/step step= 4704000 episodes= 9800 eps=0.050 replay= 39936 loss=0.00000 ext100=0.000 total100=0.031
[train] 68:15:35<76:47:19, 0.052s/step step= 4706000 episodes= 9804 eps=0.050 replay= 39936 loss=0.00000 ext100=0.000 total100=0.031
[train] 68:17:18<76:45:32, 0.052s/step step= 4708000 episodes= 9808 eps=0.050 replay= 39936 loss=0.00000 ext100=0.000 total100=0.030
[train] 68:19:01<76:43:47, 0.052s/step step= 4710000 episodes= 9812 eps=0.050 replay= 39936 loss=0.00000 ext100=0.000 total100=0.029
[train] 68:20:45<76:42:02, 0.052s/step step= 4712000 episodes= 9817 eps=0.050 replay= 39936 loss=0.00000 ext100=0.000 total100=0.030
[train] 68:22:28<76:40:16, 0.052s/step step= 4714000 episodes= 9821 eps=0.050 replay= 39936 loss=0.00001 ext100=0.000 total100=0.030
[train] 68:24:12<76:38:31, 0.052s/step step= 4716000 episodes= 9825 eps=0.050 replay= 39936 loss=0.00000 ext100=0.000 total100=0.029
[train] 68:25:56<76:36:46, 0.052s/step step= 4718000 episodes= 9829 eps=0.050 replay= 39936 loss=0.00000 ext100=0.000 total100=0.029
[eval] step=4720000 episodes=9833 mean_ext_return=0.000
[train] 68:27:55<76:35:18, 0.052s/step step= 4720000 episodes= 9833 eps=0.050 replay= 39936 loss=0.00000 ext100=0.000 total100=0.028
[train] 68:29:39<76:33:33, 0.052s/step step= 4722000 episodes= 9837 eps=0.050 replay= 39936 loss=0.00001 ext100=0.000 total100=0.027
[train] 68:31:23<76:31:49, 0.052s/step step= 4724000 episodes= 9842 eps=0.050 replay= 39936 loss=0.00000 ext100=0.000 total100=0.028
[train] 68:33:07<76:30:03, 0.052s/step step= 4726000 episodes= 9846 eps=0.050 replay= 39936 loss=0.00000 ext100=0.000 total100=0.027
[train] 68:34:49<76:28:16, 0.052s/step step= 4728000 episodes= 9850 eps=0.050 replay= 39936 loss=0.00000 ext100=0.000 total100=0.026
[train] 68:36:33<76:26:31, 0.052s/step step= 4730000 episodes= 9854 eps=0.050 replay= 39936 loss=0.00001 ext100=0.000 total100=0.025
[train] 68:38:17<76:24:46, 0.052s/step step= 4732000 episodes= 9858 eps=0.050 replay= 39936 loss=0.00000 ext100=0.000 total100=0.024
[train] 68:40:00<76:23:00, 0.052s/step step= 4734000 episodes= 9862 eps=0.050 replay= 39936 loss=0.00001 ext100=0.000 total100=0.024
[train] 68:41:44<76:21:15, 0.052s/step step= 4736000 episodes= 9867 eps=0.050 replay= 39936 loss=0.00001 ext100=0.000 total100=0.023
[train] 68:43:28<76:19:30, 0.052s/step step= 4738000 episodes= 9871 eps=0.050 replay= 39936 loss=0.00001 ext100=0.000 total100=0.023
[eval] step=4740000 episodes=9875 mean_ext_return=0.000
[train] 68:45:27<76:18:02, 0.052s/step step= 4740000 episodes= 9875 eps=0.050 replay= 39936 loss=0.00001 ext100=0.000 total100=0.023
[train] 68:47:11<76:16:17, 0.052s/step step= 4742000 episodes= 9879 eps=0.050 replay= 39936 loss=0.00000 ext100=0.000 total100=0.023
[train] 68:48:55<76:14:32, 0.052s/step step= 4744000 episodes= 9883 eps=0.050 replay= 39936 loss=0.00000 ext100=0.000 total100=0.023
[train] 68:50:39<76:12:47, 0.052s/step step= 4746000 episodes= 9887 eps=0.050 replay= 39936 loss=0.00001 ext100=0.000 total100=0.024
[train] 68:52:21<76:11:01, 0.052s/step step= 4748000 episodes= 9892 eps=0.050 replay= 39936 loss=0.00000 ext100=0.000 total100=0.022
[train] 68:54:05<76:09:15, 0.052s/step step= 4750000 episodes= 9896 eps=0.050 replay= 39936 loss=0.00001 ext100=0.000 total100=0.023
[train] 68:55:49<76:07:30, 0.052s/step step= 4752000 episodes= 9900 eps=0.050 replay= 39936 loss=0.00000 ext100=0.000 total100=0.023
[train] 68:57:32<76:05:44, 0.052s/step step= 4754000 episodes= 9904 eps=0.050 replay= 39936 loss=0.00001 ext100=0.000 total100=0.023
[train] 68:59:15<76:03:59, 0.052s/step step= 4756000 episodes= 9908 eps=0.050 replay= 39936 loss=0.00000 ext100=0.000 total100=0.023
[train] 69:00:59<76:02:14, 0.052s/step step= 4758000 episodes= 9912 eps=0.050 replay= 39936 loss=0.00000 ext100=0.000 total100=0.024
[eval] step=4760000 episodes=9917 mean_ext_return=0.000
[train] 69:02:59<76:00:46, 0.052s/step step= 4760000 episodes= 9917 eps=0.050 replay= 39936 loss=0.00000 ext100=0.000 total100=0.024
[train] 69:04:43<75:59:01, 0.052s/step step= 4762000 episodes= 9921 eps=0.050 replay= 39936 loss=0.00001 ext100=0.000 total100=0.024
[train] 69:06:27<75:57:16, 0.052s/step step= 4764000 episodes= 9925 eps=0.050 replay= 39936 loss=0.00000 ext100=0.000 total100=0.025
[train] 69:08:11<75:55:31, 0.052s/step step= 4766000 episodes= 9929 eps=0.050 replay= 39936 loss=0.00000 ext100=0.000 total100=0.026
[train] 69:09:53<75:53:44, 0.052s/step step= 4768000 episodes= 9933 eps=0.050 replay= 39936 loss=0.00000 ext100=0.000 total100=0.026
[train] 69:11:37<75:51:59, 0.052s/step step= 4770000 episodes= 9937 eps=0.050 replay= 39936 loss=0.00001 ext100=0.000 total100=0.027
[train] 69:13:21<75:50:14, 0.052s/step step= 4772000 episodes= 9942 eps=0.050 replay= 39936 loss=0.00000 ext100=0.000 total100=0.027
[train] 69:15:04<75:48:28, 0.052s/step step= 4774000 episodes= 9946 eps=0.050 replay= 39936 loss=0.00001 ext100=0.000 total100=0.028
[train] 69:16:47<75:46:43, 0.052s/step step= 4776000 episodes= 9950 eps=0.050 replay= 39936 loss=0.00001 ext100=0.000 total100=0.027
[train] 69:18:31<75:44:58, 0.052s/step step= 4778000 episodes= 9954 eps=0.050 replay= 39936 loss=0.00002 ext100=0.000 total100=0.027
[eval] step=4780000 episodes=9958 mean_ext_return=0.000
[train] 69:20:31<75:43:30, 0.052s/step step= 4780000 episodes= 9958 eps=0.050 replay= 39936 loss=0.00001 ext100=0.000 total100=0.028
[train] 69:22:15<75:41:44, 0.052s/step step= 4782000 episodes= 9962 eps=0.050 replay= 39936 loss=0.00001 ext100=0.000 total100=0.029
[train] 69:23:59<75:40:00, 0.052s/step step= 4784000 episodes= 9967 eps=0.050 replay= 39936 loss=0.00000 ext100=0.000 total100=0.029
[train] 69:25:42<75:38:14, 0.052s/step step= 4786000 episodes= 9971 eps=0.050 replay= 39936 loss=0.00002 ext100=0.000 total100=0.030
[train] 69:27:25<75:36:28, 0.052s/step step= 4788000 episodes= 9975 eps=0.050 replay= 39936 loss=0.00001 ext100=0.000 total100=0.030
[train] 69:29:08<75:34:42, 0.052s/step step= 4790000 episodes= 9979 eps=0.050 replay= 39936 loss=0.00000 ext100=0.000 total100=0.031
[train] 69:30:52<75:32:57, 0.052s/step step= 4792000 episodes= 9983 eps=0.050 replay= 39936 loss=0.00001 ext100=0.000 total100=0.030
[train] 69:32:36<75:31:11, 0.052s/step step= 4794000 episodes= 9987 eps=0.050 replay= 39936 loss=0.00001 ext100=0.000 total100=0.030
[train] 69:34:19<75:29:26, 0.052s/step step= 4796000 episodes= 9992 eps=0.050 replay= 39936 loss=0.00000 ext100=0.000 total100=0.030
[train] 69:36:03<75:27:41, 0.052s/step step= 4798000 episodes= 9996 eps=0.050 replay= 39936 loss=0.00000 ext100=0.000 total100=0.030
[eval] step=4800000 episodes=10000 mean_ext_return=0.000
[train] 69:38:03<75:26:13, 0.052s/step step= 4800000 episodes=10000 eps=0.050 replay= 39936 loss=0.00001 ext100=0.000 total100=0.031
[train] 69:39:47<75:24:28, 0.052s/step step= 4802000 episodes=10004 eps=0.050 replay= 39936 loss=0.00001 ext100=0.000 total100=0.031
[train] 69:41:31<75:22:43, 0.052s/step step= 4804000 episodes=10008 eps=0.050 replay= 39936 loss=0.00001 ext100=0.000 total100=0.031
[train] 69:43:14<75:20:58, 0.052s/step step= 4806000 episodes=10012 eps=0.050 replay= 39936 loss=0.00001 ext100=0.000 total100=0.031
[train] 69:44:57<75:19:11, 0.052s/step step= 4808000 episodes=10017 eps=0.050 replay= 39936 loss=0.00001 ext100=0.000 total100=0.031
[train] 69:46:40<75:17:26, 0.052s/step step= 4810000 episodes=10021 eps=0.050 replay= 39936 loss=0.00001 ext100=0.000 total100=0.031
[train] 69:48:24<75:15:41, 0.052s/step step= 4812000 episodes=10025 eps=0.050 replay= 39936 loss=0.00000 ext100=0.000 total100=0.029
[train] 69:50:07<75:13:55, 0.052s/step step= 4814000 episodes=10029 eps=0.050 replay= 39936 loss=0.00000 ext100=0.000 total100=0.029
[train] 69:51:51<75:12:10, 0.052s/step step= 4816000 episodes=10033 eps=0.050 replay= 39936 loss=0.00001 ext100=0.000 total100=0.028
[train] 69:53:35<75:10:25, 0.052s/step step= 4818000 episodes=10037 eps=0.050 replay= 39936 loss=0.00001 ext100=0.000 total100=0.029
[eval] step=4820000 episodes=10042 mean_ext_return=0.000
[train] 69:55:35<75:08:57, 0.052s/step step= 4820000 episodes=10042 eps=0.050 replay= 39936 loss=0.00000 ext100=0.000 total100=0.029
[train] 69:57:19<75:07:12, 0.052s/step step= 4822000 episodes=10046 eps=0.050 replay= 39936 loss=0.00001 ext100=0.000 total100=0.028
[train] 69:59:03<75:05:27, 0.052s/step step= 4824000 episodes=10050 eps=0.050 replay= 39936 loss=0.00000 ext100=0.000 total100=0.028
[train] 70:00:46<75:03:41, 0.052s/step step= 4826000 episodes=10054 eps=0.050 replay= 39936 loss=0.00001 ext100=0.000 total100=0.029
[train] 70:02:29<75:01:55, 0.052s/step step= 4828000 episodes=10058 eps=0.050 replay= 39936 loss=0.00001 ext100=0.000 total100=0.030
[train] 70:04:12<75:00:09, 0.052s/step step= 4830000 episodes=10062 eps=0.050 replay= 39936 loss=0.00000 ext100=0.000 total100=0.028
[train] 70:05:56<74:58:24, 0.052s/step step= 4832000 episodes=10067 eps=0.050 replay= 39936 loss=0.00000 ext100=0.000 total100=0.030
[train] 70:07:39<74:56:38, 0.052s/step step= 4834000 episodes=10071 eps=0.050 replay= 39936 loss=0.00001 ext100=0.000 total100=0.030
[train] 70:09:23<74:54:53, 0.052s/step step= 4836000 episodes=10075 eps=0.050 replay= 39936 loss=0.00001 ext100=0.000 total100=0.030
[train] 70:11:07<74:53:08, 0.052s/step step= 4838000 episodes=10079 eps=0.050 replay= 39936 loss=0.00001 ext100=0.000 total100=0.029
[eval] step=4840000 episodes=10083 mean_ext_return=0.000
[train] 70:13:06<74:51:40, 0.052s/step step= 4840000 episodes=10083 eps=0.050 replay= 39936 loss=0.00001 ext100=0.000 total100=0.029
[train] 70:14:51<74:49:55, 0.052s/step step= 4842000 episodes=10087 eps=0.050 replay= 39936 loss=0.00002 ext100=0.000 total100=0.029
[train] 70:16:35<74:48:10, 0.052s/step step= 4844000 episodes=10092 eps=0.050 replay= 39936 loss=0.00000 ext100=0.000 total100=0.030
[train] 70:18:18<74:46:25, 0.052s/step step= 4846000 episodes=10096 eps=0.050 replay= 39936 loss=0.00000 ext100=0.000 total100=0.030
[train] 70:20:01<74:44:38, 0.052s/step step= 4848000 episodes=10100 eps=0.050 replay= 39936 loss=0.00000 ext100=0.000 total100=0.029
[train] 70:21:45<74:42:53, 0.052s/step step= 4850000 episodes=10104 eps=0.050 replay= 39936 loss=0.00001 ext100=0.000 total100=0.030
[train] 70:23:29<74:41:08, 0.052s/step step= 4852000 episodes=10108 eps=0.050 replay= 39936 loss=0.00000 ext100=0.000 total100=0.030
[train] 70:25:12<74:39:22, 0.052s/step step= 4854000 episodes=10112 eps=0.050 replay= 39936 loss=0.00000 ext100=0.000 total100=0.029
[train] 70:26:55<74:37:37, 0.052s/step step= 4856000 episodes=10117 eps=0.050 replay= 39936 loss=0.00000 ext100=0.000 total100=0.030
[train] 70:28:39<74:35:52, 0.052s/step step= 4858000 episodes=10121 eps=0.050 replay= 39936 loss=0.00001 ext100=0.000 total100=0.029
[eval] step=4860000 episodes=10125 mean_ext_return=0.000
[train] 70:30:39<74:34:23, 0.052s/step step= 4860000 episodes=10125 eps=0.050 replay= 39936 loss=0.00000 ext100=0.000 total100=0.029
[train] 70:32:23<74:32:38, 0.052s/step step= 4862000 episodes=10129 eps=0.050 replay= 39936 loss=0.00000 ext100=0.000 total100=0.029
[train] 70:34:07<74:30:53, 0.052s/step step= 4864000 episodes=10133 eps=0.050 replay= 39936 loss=0.00000 ext100=0.000 total100=0.030
[train] 70:35:50<74:29:08, 0.052s/step step= 4866000 episodes=10137 eps=0.050 replay= 39936 loss=0.00001 ext100=0.000 total100=0.028
[train] 70:37:33<74:27:22, 0.052s/step step= 4868000 episodes=10142 eps=0.050 replay= 39936 loss=0.00001 ext100=0.000 total100=0.028
[train] 70:39:16<74:25:36, 0.052s/step step= 4870000 episodes=10146 eps=0.050 replay= 39936 loss=0.00000 ext100=0.000 total100=0.028
[train] 70:41:00<74:23:51, 0.052s/step step= 4872000 episodes=10150 eps=0.050 replay= 39936 loss=0.00001 ext100=0.000 total100=0.028
[train] 70:42:43<74:22:05, 0.052s/step step= 4874000 episodes=10154 eps=0.050 replay= 39936 loss=0.00003 ext100=0.000 total100=0.029
[train] 70:44:27<74:20:20, 0.052s/step step= 4876000 episodes=10158 eps=0.050 replay= 39936 loss=0.00000 ext100=0.000 total100=0.030
[train] 70:46:11<74:18:35, 0.052s/step step= 4878000 episodes=10162 eps=0.050 replay= 39936 loss=0.00000 ext100=0.000 total100=0.030
[eval] step=4880000 episodes=10167 mean_ext_return=0.000
[train] 70:48:11<74:17:06, 0.052s/step step= 4880000 episodes=10167 eps=0.050 replay= 39936 loss=0.00001 ext100=0.000 total100=0.028
[train] 70:49:55<74:15:21, 0.052s/step step= 4882000 episodes=10171 eps=0.050 replay= 39936 loss=0.00001 ext100=0.000 total100=0.028
[train] 70:51:39<74:13:36, 0.052s/step step= 4884000 episodes=10175 eps=0.050 replay= 39936 loss=0.00000 ext100=0.000 total100=0.028
[train] 70:53:22<74:11:51, 0.052s/step step= 4886000 episodes=10179 eps=0.050 replay= 39936 loss=0.00000 ext100=0.000 total100=0.028
[train] 70:55:05<74:10:05, 0.052s/step step= 4888000 episodes=10183 eps=0.050 replay= 39936 loss=0.00000 ext100=0.000 total100=0.029
[train] 70:56:48<74:08:19, 0.052s/step step= 4890000 episodes=10187 eps=0.050 replay= 39936 loss=0.00001 ext100=0.000 total100=0.029
[train] 70:58:32<74:06:34, 0.052s/step step= 4892000 episodes=10192 eps=0.050 replay= 39936 loss=0.00000 ext100=0.000 total100=0.029
[train] 71:00:15<74:04:48, 0.052s/step step= 4894000 episodes=10196 eps=0.050 replay= 39936 loss=0.00000 ext100=0.000 total100=0.030
[train] 71:01:59<74:03:03, 0.052s/step step= 4896000 episodes=10200 eps=0.050 replay= 39936 loss=0.00000 ext100=0.000 total100=0.029
[train] 71:03:43<74:01:18, 0.052s/step step= 4898000 episodes=10204 eps=0.050 replay= 39936 loss=0.00001 ext100=0.000 total100=0.029
[eval] step=4900000 episodes=10208 mean_ext_return=0.000
[train] 71:05:42<73:59:49, 0.052s/step step= 4900000 episodes=10208 eps=0.050 replay= 39936 loss=0.00000 ext100=0.000 total100=0.029
[train] 71:07:26<73:58:04, 0.052s/step step= 4902000 episodes=10212 eps=0.050 replay= 39936 loss=0.00001 ext100=0.000 total100=0.029
[train] 71:09:10<73:56:19, 0.052s/step step= 4904000 episodes=10217 eps=0.050 replay= 39936 loss=0.00000 ext100=0.000 total100=0.029
[train] 71:10:54<73:54:33, 0.052s/step step= 4906000 episodes=10221 eps=0.050 replay= 39936 loss=0.00001 ext100=0.000 total100=0.030
[train] 71:12:37<73:52:47, 0.052s/step step= 4908000 episodes=10225 eps=0.050 replay= 39936 loss=0.00000 ext100=0.000 total100=0.032
[train] 71:14:20<73:51:02, 0.052s/step step= 4910000 episodes=10229 eps=0.050 replay= 39936 loss=0.00001 ext100=0.000 total100=0.031
[train] 71:16:04<73:49:17, 0.052s/step step= 4912000 episodes=10233 eps=0.050 replay= 39936 loss=0.00000 ext100=0.000 total100=0.031
[train] 71:17:47<73:47:31, 0.052s/step step= 4914000 episodes=10237 eps=0.050 replay= 39936 loss=0.00001 ext100=0.000 total100=0.032
[train] 71:19:31<73:45:46, 0.052s/step step= 4916000 episodes=10242 eps=0.050 replay= 39936 loss=0.00001 ext100=0.000 total100=0.033
[train] 71:21:15<73:44:01, 0.052s/step step= 4918000 episodes=10246 eps=0.050 replay= 39936 loss=0.00000 ext100=0.000 total100=0.033
[eval] step=4920000 episodes=10250 mean_ext_return=0.000
[train] 71:23:14<73:42:32, 0.052s/step step= 4920000 episodes=10250 eps=0.050 replay= 39936 loss=0.00000 ext100=0.000 total100=0.033
[train] 71:24:58<73:40:47, 0.052s/step step= 4922000 episodes=10254 eps=0.050 replay= 39936 loss=0.00001 ext100=0.000 total100=0.031
[train] 71:26:42<73:39:02, 0.052s/step step= 4924000 episodes=10258 eps=0.050 replay= 39936 loss=0.00001 ext100=0.000 total100=0.029
[train] 71:28:26<73:37:16, 0.052s/step step= 4926000 episodes=10262 eps=0.050 replay= 39936 loss=0.00000 ext100=0.000 total100=0.029
[train] 71:30:08<73:35:30, 0.052s/step step= 4928000 episodes=10267 eps=0.050 replay= 39936 loss=0.00000 ext100=0.000 total100=0.030
[train] 71:31:52<73:33:44, 0.052s/step step= 4930000 episodes=10271 eps=0.050 replay= 39936 loss=0.00001 ext100=0.000 total100=0.030
[train] 71:33:36<73:32:00, 0.052s/step step= 4932000 episodes=10275 eps=0.050 replay= 39936 loss=0.00000 ext100=0.000 total100=0.030
[train] 71:35:19<73:30:14, 0.052s/step step= 4934000 episodes=10279 eps=0.050 replay= 39936 loss=0.00000 ext100=0.000 total100=0.029
[train] 71:37:02<73:28:28, 0.052s/step step= 4936000 episodes=10283 eps=0.050 replay= 39936 loss=0.00000 ext100=0.000 total100=0.029
[train] 71:38:46<73:26:43, 0.052s/step step= 4938000 episodes=10287 eps=0.050 replay= 39936 loss=0.00000 ext100=0.000 total100=0.029
[eval] step=4940000 episodes=10292 mean_ext_return=0.000
[train] 71:40:46<73:25:14, 0.052s/step step= 4940000 episodes=10292 eps=0.050 replay= 39936 loss=0.00000 ext100=0.000 total100=0.029
[train] 71:42:30<73:23:29, 0.052s/step step= 4942000 episodes=10296 eps=0.050 replay= 39936 loss=0.00000 ext100=0.000 total100=0.028
[train] 71:44:14<73:21:44, 0.052s/step step= 4944000 episodes=10300 eps=0.050 replay= 39936 loss=0.00000 ext100=0.000 total100=0.028
[train] 71:45:57<73:19:59, 0.052s/step step= 4946000 episodes=10304 eps=0.050 replay= 39936 loss=0.00000 ext100=0.000 total100=0.028
[train] 71:47:40<73:18:13, 0.052s/step step= 4948000 episodes=10308 eps=0.050 replay= 39936 loss=0.00000 ext100=0.000 total100=0.029
[train] 71:49:23<73:16:27, 0.052s/step step= 4950000 episodes=10312 eps=0.050 replay= 39936 loss=0.00000 ext100=0.000 total100=0.030
[train] 71:51:07<73:14:42, 0.052s/step step= 4952000 episodes=10317 eps=0.050 replay= 39936 loss=0.00000 ext100=0.000 total100=0.029
[train] 71:52:50<73:12:56, 0.052s/step step= 4954000 episodes=10321 eps=0.050 replay= 39936 loss=0.00000 ext100=0.000 total100=0.029
[train] 71:54:34<73:11:10, 0.052s/step step= 4956000 episodes=10325 eps=0.050 replay= 39936 loss=0.00000 ext100=0.000 total100=0.028
[train] 71:56:18<73:09:25, 0.052s/step step= 4958000 episodes=10329 eps=0.050 replay= 39936 loss=0.00000 ext100=0.000 total100=0.028
[eval] step=4960000 episodes=10333 mean_ext_return=0.000
[train] 71:58:17<73:07:56, 0.052s/step step= 4960000 episodes=10333 eps=0.050 replay= 39936 loss=0.00000 ext100=0.000 total100=0.029
[train] 72:00:01<73:06:11, 0.052s/step step= 4962000 episodes=10337 eps=0.050 replay= 39936 loss=0.00001 ext100=0.000 total100=0.028
[train] 72:01:45<73:04:26, 0.052s/step step= 4964000 episodes=10342 eps=0.050 replay= 39936 loss=0.00001 ext100=0.000 total100=0.027
[train] 72:03:29<73:02:41, 0.052s/step step= 4966000 episodes=10346 eps=0.050 replay= 39936 loss=0.00001 ext100=0.000 total100=0.027
[train] 72:05:12<73:00:55, 0.052s/step step= 4968000 episodes=10350 eps=0.050 replay= 39936 loss=0.00000 ext100=0.000 total100=0.027
[train] 72:06:55<72:59:09, 0.052s/step step= 4970000 episodes=10354 eps=0.050 replay= 39936 loss=0.00001 ext100=0.000 total100=0.028
[train] 72:08:39<72:57:24, 0.052s/step step= 4972000 episodes=10358 eps=0.050 replay= 39936 loss=0.00001 ext100=0.000 total100=0.029
[train] 72:10:22<72:55:38, 0.052s/step step= 4974000 episodes=10362 eps=0.050 replay= 39936 loss=0.00000 ext100=0.000 total100=0.029
[train] 72:12:06<72:53:53, 0.052s/step step= 4976000 episodes=10367 eps=0.050 replay= 39936 loss=0.00000 ext100=0.000 total100=0.029
[train] 72:13:50<72:52:08, 0.052s/step step= 4978000 episodes=10371 eps=0.050 replay= 39936 loss=0.00000 ext100=0.000 total100=0.028
[eval] step=4980000 episodes=10375 mean_ext_return=0.000
[train] 72:15:49<72:50:39, 0.052s/step step= 4980000 episodes=10375 eps=0.050 replay= 39936 loss=0.00001 ext100=0.000 total100=0.026
[train] 72:17:33<72:48:54, 0.052s/step step= 4982000 episodes=10379 eps=0.050 replay= 39936 loss=0.00000 ext100=0.000 total100=0.026
[train] 72:19:17<72:47:09, 0.052s/step step= 4984000 episodes=10383 eps=0.050 replay= 39936 loss=0.00001 ext100=0.000 total100=0.026
[train] 72:21:01<72:45:23, 0.052s/step step= 4986000 episodes=10387 eps=0.050 replay= 39936 loss=0.00001 ext100=0.000 total100=0.026
[train] 72:22:44<72:43:37, 0.052s/step step= 4988000 episodes=10392 eps=0.050 replay= 39936 loss=0.00000 ext100=0.000 total100=0.026
[train] 72:24:27<72:41:51, 0.052s/step step= 4990000 episodes=10396 eps=0.050 replay= 39936 loss=0.00000 ext100=0.000 total100=0.026
[train] 72:26:11<72:40:07, 0.052s/step step= 4992000 episodes=10400 eps=0.050 replay= 39936 loss=0.00000 ext100=0.000 total100=0.025
[train] 72:27:54<72:38:21, 0.052s/step step= 4994000 episodes=10404 eps=0.050 replay= 39936 loss=0.00000 ext100=0.000 total100=0.025
[train] 72:29:37<72:36:35, 0.052s/step step= 4996000 episodes=10408 eps=0.050 replay= 39936 loss=0.00000 ext100=0.000 total100=0.025
[train] 72:31:21<72:34:50, 0.052s/step step= 4998000 episodes=10412 eps=0.050 replay= 39936 loss=0.00000 ext100=0.000 total100=0.023
[eval] step=5000000 episodes=10417 mean_ext_return=0.000
[train] 72:33:21<72:33:21, 0.052s/step step= 5000000 episodes=10417 eps=0.050 replay= 39936 loss=0.00001 ext100=0.000 total100=0.022
[train] 72:35:05<72:31:36, 0.052s/step step= 5002000 episodes=10421 eps=0.050 replay= 39936 loss=0.00001 ext100=0.000 total100=0.022
[train] 72:36:49<72:29:51, 0.052s/step step= 5004000 episodes=10425 eps=0.050 replay= 39936 loss=0.00000 ext100=0.000 total100=0.023
[train] 72:38:32<72:28:05, 0.052s/step step= 5006000 episodes=10429 eps=0.050 replay= 39936 loss=0.00000 ext100=0.000 total100=0.024
[train] 72:40:15<72:26:19, 0.052s/step step= 5008000 episodes=10433 eps=0.050 replay= 39936 loss=0.00000 ext100=0.000 total100=0.023
[train] 72:41:58<72:24:33, 0.052s/step step= 5010000 episodes=10437 eps=0.050 replay= 39936 loss=0.00001 ext100=0.000 total100=0.024
[train] 72:43:42<72:22:48, 0.052s/step step= 5012000 episodes=10442 eps=0.050 replay= 39936 loss=0.00000 ext100=0.000 total100=0.025
[train] 72:45:25<72:21:02, 0.052s/step step= 5014000 episodes=10446 eps=0.050 replay= 39936 loss=0.00000 ext100=0.000 total100=0.024
[train] 72:47:09<72:19:17, 0.052s/step step= 5016000 episodes=10450 eps=0.050 replay= 39936 loss=0.00000 ext100=0.000 total100=0.024
[train] 72:48:53<72:17:33, 0.052s/step step= 5018000 episodes=10454 eps=0.050 replay= 39936 loss=0.00001 ext100=0.000 total100=0.022
