0,177.43999218940735
1,361.3345994949341
2,547.5500235557556
3,734.4961223602295
4,923.8577780723572
5,1113.6581528186798
6,1304.0130512714386
7,1494.178753376007
8,1684.901962518692
9,1873.9202153682709
10,2063.040728330612
11,2250.609614133835
12,2436.058761358261
13,2621.574633836746
14,2805.6073782444
15,2991.8061785697937
16,3176.232016324997
17,3359.9784474372864
18,3545.7520186901093
19,3734.2397680282593
20,3922.445430994034
21,4114.5080742836
22,4302.780578374863
23,4491.634006023407
24,4680.680154800415
25,4868.591472387314
26,5055.160053491592
27,5241.02477145195
28,5427.983797311783
29,5613.270751953125
30,5797.303763151169
31,5983.640835762024
32,6169.388090372086
33,6356.498745918274
34,6542.3846347332
35,6729.023781299591
36,6918.027426958084
37,7104.77206492424
38,7292.398679494858
39,7452.360777139664
40,7615.422777414322
41,7780.978794813156
42,7942.600184202194
43,8103.187956571579
44,8263.86937046051
45,8421.909685134888
46,8582.972598791122
47,8743.134312868118
48,8903.152745723724
49,9062.524295330048
50,9224.644976139069
51,9384.196550607681
52,9549.417479276657
53,9712.639432668686
54,9875.570706367493
55,10038.387030601501
56,10202.977980613708
57,10367.822093725204
58,10530.109055757523
59,10691.49335861206
60,10852.23886680603
61,11011.92638206482
62,11171.033924341202
63,11327.797264099121
64,11482.702571630478
65,11642.104732751846
66,11801.756241321564
67,11962.551537036896
68,12123.667692422867
69,12283.061957597733
70,12443.683717012405
71,12606.866915941238
72,12770.284552574158
73,12931.419109582901
74,13094.141530752182
75,13251.780169725418
76,13410.73988366127
77,13569.890732049942
78,13727.123823165894
79,13885.589218616486
80,14042.058883666992
81,14200.179549455643
82,14359.973819255829
83,14519.666287899017
84,14682.020352363586
85,14843.776895999908
86,15005.529060125351
87,15168.49966788292
88,15328.681539773941
89,15489.89872932434
90,15648.634760141373
91,15806.804952859879
92,15964.004207134247
93,16123.1327252388
94,16279.731728553772
95,16438.235981225967
96,16595.89596939087
97,16756.276668787003
98,16914.494692325592
99,17074.081728696823
100,17232.370858430862
101,17393.680354595184
102,17553.47923064232
103,17726.563412189484
104,17890.041142225266
105,18053.884853363037
106,18216.17610144615
107,18379.260228157043
108,18539.128110408783
109,18698.268390893936
110,18856.102643966675
111,19013.52300429344
112,19172.589453220367
113,19331.904757976532
114,19489.966637134552
115,19649.06764268875
116,19807.284261465073
117,19968.131341695786
118,20125.98072719574
119,20286.350330352783
120,20446.56425356865
121,20605.103904247284
122,20765.689883708954
123,20925.145010232925
124,21088.4240732193
125,21250.288362264633
126,21412.054402589798
127,21556.572085618973
128,21713.783313512802
129,21904.21921133995
130,22062.631059408188
131,22222.74395632744
132,22382.173334121704
133,22540.5538585186
134,22701.211971521378
135,22859.401804208755
136,23018.60360431671
137,23180.04676747322
138,23341.4864692688
139,23504.81536436081
140,23666.95891880989
141,23826.504402399063
142,23985.106076717377
143,24143.620382785797
144,24301.61648106575
145,24457.75726890564
146,24615.116425037384
147,24774.47464466095
148,24933.79576277733
149,25092.505207300186
150,25250.82764863968
151,25410.851948976517
152,25572.020614624023
153,25729.153170347214
154,25887.198454141617
155,26053.062940835953
156,26215.602031707764
157,26379.722918510437
158,26540.38850259781
159,26700.40213418007
160,26858.500579357147
161,27016.18498492241
162,27172.81812429428
163,27328.311673164368
164,27487.360127210617
165,27648.388485193253
166,27805.854212522507
167,27967.29297733307
168,28127.39694094658
169,28287.89436483383
170,28448.504240751266
171,28609.747728824615
172,28769.013788700104
173,28928.890590906143
174,29087.22802710533
175,29247.91635107994
176,29407.244427204132
177,29566.344862937927
178,29723.49662923813
179,29881.63109946251
180,30040.520156145096
181,30197.885192155838
182,30357.300615787506
183,30516.138430595398
184,30676.018557310104
185,30835.484560489655
186,30995.120293855667
187,31154.74857544899
188,31314.31835436821
189,31475.710765361786
190,31635.042300462723
191,31796.084056138992
192,31954.25219154358
193,32114.404534816742
194,32275.1499376297
195,32436.58270716667
196,32596.997174024582
197,32755.679626703262
198,32914.662016391754
199,33072.33699464798
200,33231.68268799782
201,33390.832596063614
202,33549.83133673668
203,33707.93372607231
204,33868.29325795174
205,34028.5895049572
206,34186.88057279587
207,34350.75642609596
208,34509.32770085335
209,34669.51454257965
210,34829.774622917175
211,34990.8989906311
212,35151.48306655884
213,35309.37366747856
214,35468.04342961311
215,35627.675852775574
216,35784.186584472656
217,35943.028133153915
218,36101.93744301796
219,36259.45099782944
220,36418.01192045212
221,36578.38228368759
222,36736.666611909866
223,36895.12646532059
224,37057.57810020447
225,37222.441565036774
226,37385.63378739357
227,37547.261601924896
228,37708.127418756485
229,37870.953167915344
230,38033.207372665405
231,38193.011469602585
232,38353.82711148262
233,38510.70024561882
234,38667.47040247917
235,38824.551572322845
236,38982.75647377968
237,39139.366689920425
238,39299.69921159744
239,39459.70355415344
240,39621.51510691643
241,39780.385664224625
242,39937.83222389221
243,40097.759360551834
244,40260.661831855774
245,40422.75054240227
246,40583.51950216293
247,40742.00194525719
248,40902.10100722313
249,41061.124609708786
250,41219.94308876991
251,41379.40381479263
252,41537.93630504608
253,41697.92518353462
254,41858.51363945007
255,42019.07271718979
256,42179.67158412933
257,42327.32848787308
258,42480.045877456665
259,42665.506165504456
260,42834.80024552345
261,42996.03943872452
262,43155.86165070534
263,43317.14054918289
264,43476.864530324936
265,43633.39242172241
266,43793.224334955215
267,43950.701556921005
268,44109.36944079399
269,44266.45950984955
270,44425.54509329796
271,44584.41203260422
272,44744.40082907677
273,44903.67906117439
274,45063.97862005234
275,45224.05838179588
276,45383.77305459976
277,45543.01047062874
278,45701.45702290535
279,45861.18489122391
280,46020.76277136803
281,46181.43672800064
282,46341.48229146004
283,46501.24471473694
284,46660.666258096695
285,46819.71663355827
286,46978.32137799263
287,47136.33996796608
288,47294.46513581276
289,47456.42126202583
290,47616.163831710815
291,47775.87355518341
292,47936.800025224686
293,48096.034636974335
294,48255.82713460922
295,48417.08884835243
296,48576.48380970955
297,48735.5112452507
298,48897.18180632591
299,49055.75237989426
300,49213.920578718185
301,49373.027593135834
302,49531.858822345734
303,49687.323875427246
304,49844.554327726364
305,50003.71328186989
306,50164.55502820015
307,50325.69148731232
308,50487.79396724701
309,50648.94516181946
310,50809.44888949394
311,50965.43852472305
312,51122.25002479553
313,51284.31586718559
314,51440.714362859726
315,51598.445736408234
316,51757.82279539108
317,51915.864414691925
318,52076.754854917526
319,52238.08521413803
320,52401.72360706329
321,52564.517871141434
322,52727.62747335434
323,52887.821180820465
324,53047.670597076416
325,53203.82288599014
326,53360.82544732094
327,53516.45645070076
328,53674.69276022911
329,53835.06552505493
330,53995.769486904144
331,54157.556420087814
332,54319.79717159271
333,54482.01688861847
334,54645.80486011505
335,54804.908410310745
336,54962.17099380493
337,55118.994998693466
338,55277.66181850433
339,55435.45848155022
340,55592.74067187309
341,55753.40027594566
342,55910.88550758362
343,56071.314980745316
344,56232.25752687454
345,56393.90237402916
346,56555.94307875633
347,56717.86074137688
348,56875.90265893936
349,57035.60820841789
350,57194.17415165901
351,57354.56141042709
352,57511.40554666519
353,57668.63581418991
354,57828.00556874275
355,57986.06281518936
356,58143.86382007599
357,58303.64236116409
358,58463.43333506584
359,58623.94088149071
360,58783.313712120056
361,58944.5194838047
362,59104.78964853287
363,59261.12146830559
364,59419.65572118759
365,59585.46975827217
366,59741.2341029644
367,59900.13688659668
368,60059.46189618111
369,60219.0348815918
370,60376.92068815231
371,60536.619391679764
372,60695.999784231186
373,60858.30958223343
374,61018.58976435661
375,61179.2013194561
376,61337.958485364914
377,61499.3933866024
378,61656.020049095154
379,61815.15928506851
380,61974.0231449604
381,62134.15316820145
382,62292.78974246979
383,62449.788695812225
384,62607.933485746384
385,62768.96246814728
386,62929.61266541481
387,63079.229357004166
388,63232.19400238991
389,63419.411749362946
390,63581.011781692505
391,63739.80524682999
392,63899.934057474136
393,64061.03598356247
394,64222.022975206375
395,64382.49911260605
396,64544.241953372955
397,64706.20848822594
398,64869.29327940941
399,65029.30308389664
400,65190.98598027229
401,65354.80793404579
402,65516.607860803604
403,65677.92906808853
404,65841.91289544106
405,66001.51455259323
406,66160.6565015316
407,66319.00749659538
408,66477.26008796692
409,66634.42060709
410,66792.66794157028
411,66952.46097803116
412,67112.57254886627
413,67272.1788084507
414,67430.73053741455
415,67587.2846057415
416,67742.57417035103
417,67899.70122814178
418,68059.63858103752
419,68225.64698719978
420,68387.61375045776
421,68549.96357917786
422,68711.37543272972
423,68870.34485793114
424,69027.98849439621
425,69187.56420969963
426,69346.32047200203
427,69505.42765307426
428,69663.21491026878
429,69821.87195205688
430,69982.46123838425
431,70140.99831938744
432,70298.61928224564
433,70457.21652531624
434,70618.90577745438
435,70776.96713399887
436,70934.9868593216
437,71093.85605859756
438,71254.52458000183
439,71415.84030723572
440,71574.48836183548
441,71733.97446584702
442,71895.63780665398
443,72055.27930879593
444,72215.56433367729
445,72374.71689867973
446,72535.39943790436
447,72694.54692602158
448,72856.39666604996
449,73015.43026399612
450,73175.0802359581
451,73333.81032633781
452,73492.35139346123
453,73649.65212917328
454,73809.1361272335
455,73965.58488345146
456,74126.36612987518
457,74287.09509944916
458,74445.91861844063
459,74607.65247869492
460,74767.90475845337
461,74927.14755535126
462,75085.8698747158
463,75242.33194470406
464,75400.53709888458
465,75559.38123106956
466,75718.11173057556
467,75875.9386267662
468,76033.3999478817
469,76192.42318177223
470,76354.43709731102
471,76522.00886321068
472,76678.98357200623
473,76836.25948953629
474,76997.18547487259
475,77156.58499073982
476,77316.51470088959
477,77475.24812459946
478,77635.55373811722
479,77798.428647995
480,77961.407787323
481,78125.010368824
482,78287.43632721901
483,78448.6207473278
484,78610.12246322632
485,78769.60119080544
486,78928.02572512627
487,79088.42630434036
488,79245.03266382217
489,79403.5264840126
490,79561.07770705223
491,79719.90454030037
492,79882.1166305542
493,80043.64513421059
494,80204.75987744331
495,80365.7224805355
496,80526.14090895653
497,80685.81219530106
498,80847.20615363121
499,81008.91263866425
500,81169.21267008781
501,81329.34440922737
502,81488.29881620407
503,81644.11897230148
504,81802.93037867546
505,81962.00345826149
506,82121.38620185852
507,82281.63444590569
508,82442.9565255642
509,82602.58096933365
510,82762.23856639862
511,82923.32212924957
512,83081.80752682686
513,83240.67045879364
514,83398.85741829872
515,83555.18250107765
516,83712.80457258224
517,83862.11931562424
518,84019.61527061462
519,84205.12762260437
520,84366.07380986214
521,84528.54235768318
522,84690.37058925629
523,84852.31224894524
524,85018.66520953178
525,85176.38416743279
526,85336.94689321518
527,85495.54649329185
528,85654.43743658066
529,85810.78175401688
530,85968.44748282433
531,86125.97604036331
532,86282.21642637253
533,86443.25007128716
534,86604.78498792648
535,86766.31547808647
536,86928.7968480587
537,87091.06621146202
538,87253.54027605057
539,87413.21533083916
540,87572.92703199387
541,87730.84778809547
542,87889.39779376984
543,88048.74417757988
544,88209.30446720123
545,88367.3932697773
546,88528.01729631424
547,88688.29359340668
548,88847.0704035759
549,89005.74990224838
550,89164.83625650406
551,89325.50947117805
552,89484.2852935791
553,89644.4318151474
554,89802.71666312218
555,89961.73575043678
556,90118.93379974365
557,90277.55097270012
558,90435.59296035767
559,90594.30387067795
560,90755.49142599106
561,90916.3129723072
562,91076.8616733551
563,91238.58588910103
564,91398.01999235153
565,91556.6168191433
566,91713.55016589165
567,91873.4300596714
568,92033.50493812561
569,92192.49208259583
570,92353.45473122597
571,92514.78767728806
572,92671.96389865875
573,92831.5071709156
574,92988.52115988731
575,93148.0584115982
576,93308.26998519897
577,93471.3407933712
578,93630.2387843132
579,93789.7588236332
580,93951.02479696274
581,94109.77294158936
582,94270.07579135895
583,94428.4207136631
584,94590.37108373642
585,94748.07914662361
586,94910.63385987282
587,95072.7446475029
588,95234.47165179253
589,95395.28914642334
590,95558.68139863014
591,95718.38044309616
592,95876.90262126923
593,96038.85616278648
594,96193.6499466896
595,96352.10103821754
570,92364.69781398773
571,92531.65186905861
572,92698.3594045639
573,92863.57572770119
574,93029.11676073074
575,93192.63558077812
576,93355.6786506176
577,93519.28028917313
578,93680.57573771477
579,93838.85142755508
580,93993.7087571621
581,94150.49000000954
582,94305.6945271492
583,94459.23308110237
584,94612.80511927605
585,94770.78601813316
586,94930.8577299118
587,95092.1706738472
588,95257.14828944206
589,95421.07174134254
590,95581.88029575348
591,95740.88918375969
592,95901.10094213486
593,96059.93725371361
594,96218.85958051682
595,96376.33795952797
596,96534.97296786308
597,96692.59182977676
598,96850.17143130302
599,97008.53080320358
600,97170.13129258156
601,97332.20502471924
602,97493.85691022873
603,97656.24045801163
604,97817.62871527672
605,97978.0138452053
606,98136.71921634674
607,98293.79665994644
608,98453.32104539871
609,98612.49214863777
610,98773.10547113419
611,98933.66662049294
612,99093.21956086159
613,99253.53105831146
614,99411.6589217186
615,99569.71666026115
616,99726.10230350494
617,99884.18326067924
618,100043.74788761139
619,100201.89240837097
620,100361.44147396088
621,100522.72380828857
622,100690.34332323074
623,100851.51181340218
624,101011.3830833435
625,101169.04938459396
626,101327.54418683052
627,101484.52409982681
628,101642.19133400917
629,101800.33369326591
630,101957.840726614
631,102116.43247890472
632,102273.44107699394
633,102432.04697751999
634,102592.97719025612
635,102753.72711753845
636,102914.03953504562
637,103073.7688024044
638,103235.61310982704
639,103396.66941571236
640,103557.0105061531
641,103714.94565200806
642,103873.3393433094
643,104031.71527218819
644,104191.8710744381
645,104352.53309130669
646,104511.56256961823
647,104670.18303966522
648,104830.36384558678
649,104990.74633789062
650,105147.82341361046
651,105307.09461927414
652,105468.06868982315
653,105626.49222803116
654,105786.36801433563
655,105944.45927023888
656,106103.571600914
657,106262.24915504456
658,106420.9833509922
659,106581.19577980042
660,106743.19208312035
661,106905.02496266365
662,107064.64874911308
663,107223.85287642479
664,107382.63295125961
665,107541.58242702484
666,107699.16866111755
667,107857.19483280182
668,108017.02980971336
669,108177.76260447502
670,108338.04852461815
671,108497.48612713814
672,108658.37530755997
673,108815.70983934402
674,108979.33160281181
675,109139.10454559326
676,109298.92838692665
677,109457.19671678543
678,109614.91077876091
679,109772.72693777084
680,109930.95124840736
681,110090.07115364075
682,110251.11499142647
683,110412.3964574337
684,110573.03979539871
685,110732.98050284386
686,110893.05381774902
687,111053.60500383377
688,111213.24841237068
689,111370.549077034
690,111528.93231964111
691,111687.75776672363
692,111844.81085252762
693,112002.95271587372
694,112162.65961098671
695,112322.24301886559
696,112474.04166293144
697,112626.95312976837
698,112785.63991832733
699,112976.41397953033
700,113138.82447552681
701,113300.96047401428
702,113463.63702344894
703,113625.60469961166
704,113785.46072745323
705,113947.33180999756
706,114108.66198372841
707,114267.82809686661
708,114424.19101166725
709,114584.07098579407
710,114742.67363643646
711,114904.53437447548
712,115063.06099748611
713,115223.72866630554
714,115384.15023803711
715,115543.97640633583
716,115701.9226474762
717,115860.29940772057
718,116018.81531691551
719,116179.14343833923
720,116337.23490285873
721,116496.77894306183
722,116656.15464138985
723,116815.74941110611
724,116976.45104789734
725,117134.32475829124
726,117294.6414206028
727,117459.06406903267
728,117617.95185184479
729,117778.48625683784
730,117937.93384695053
731,118097.36498570442
732,118258.30595850945
733,118416.5484828949
734,118575.25029087067
735,118736.1184630394
736,118894.33459758759
737,119054.36043667793
738,119214.3150165081
739,119372.78026342392
740,119530.70690202713
741,119691.05201005936
742,119850.63746762276
743,120010.29388093948
744,120169.72816205025
745,120328.64317035675
746,120489.41867876053
747,120649.55733275414
748,120810.97360348701
749,120969.13642716408
750,121128.38098478317
751,121288.06712579727
752,121448.97562551498
753,121610.11756801605
754,121768.82556653023
755,121929.90899252892
756,122088.10036683083
757,122245.40956377983
758,122403.35873389244
759,122562.6288292408
760,122721.1846575737
761,122880.20641589165
762,123040.40056443214
763,123201.27469086647
764,123359.65723967552
765,123520.79296302795
766,123680.2015016079
767,123840.1225244999
768,123999.27869319916
769,124156.41833353043
770,124313.9615225792
771,124474.11072826385
772,124632.4958665371
773,124791.71512413025
774,124952.5591378212
775,125112.93837833405
776,125273.65268445015
777,125432.5315182209
778,125592.64379954338
779,125754.26064372063
780,125920.60935926437
781,126081.00855255127
782,126241.7343659401
783,126399.45641374588
784,126557.31310534477
785,126714.64675092697
786,126873.01943731308
787,127030.68729496002
788,127189.74049973488
789,127347.62637519836
790,127508.54296374321
791,127670.58210849762
792,127830.41922473907
793,127989.8701248169
794,128150.84084773064
795,128312.39814972878
796,128470.43856358528
797,128629.90305566788
798,128788.73912858963
799,128947.28674459457
800,129104.38592004776
801,129262.89976429939
802,129422.27734231949
803,129579.63441038132
804,129737.63521170616
805,129898.55141854286
806,130059.45359325409
807,130221.01435494423
808,130381.32058119774
809,130540.10228872299
810,130701.7799487114
811,130862.61574530602
812,131022.56922888756
813,131179.50998067856
814,131339.52894425392
815,131496.09037470818
816,131654.18865299225
817,131813.1694097519
818,131972.42902493477
819,132135.00905942917
820,132293.85242128372
821,132454.41760778427
822,132614.67756080627
823,132773.1329984665
824,132932.9743294716
825,133093.06594944
826,133243.02961730957
827,133400.60497808456
828,133560.44686245918
829,133749.86523628235
830,133913.74930167198
831,134070.88931965828
832,134236.2265174389
833,134395.68319702148
834,134553.9031279087
835,134715.26074647903
836,134875.76078104973
837,135034.44616484642
838,135192.5400454998
839,135350.8211762905
840,135511.99555802345
841,135673.43309378624
842,135833.28419589996
843,135992.4498682022
844,136151.90522551537
845,136312.24500918388
846,136473.0700211525
847,136633.10464906693
848,136791.89957165718
849,136949.66419506073
850,137108.53174972534
851,137266.8216984272
852,137424.73530864716
853,137584.5808172226
854,137744.67210674286
855,137905.02598047256
856,138066.80838918686
857,138227.92673897743
858,138388.2435438633
859,138546.60608148575
860,138705.6405210495
861,138863.15173316002
862,139021.14924120903
863,139181.9561457634
864,139342.65334796906
865,139500.33333444595
866,139659.75296974182
867,139820.01592206955
868,139979.56705236435
869,140141.05695343018
870,140301.57099604607
871,140460.784126997
872,140619.43680238724
873,140778.69957375526
874,140939.36987185478
875,141098.65377283096
876,141258.95918917656
877,141419.56745958328
878,141578.45001649857
879,141739.8687503338
880,141896.97076964378
881,142055.88454413414
882,142214.3896765709
883,142369.69053554535
884,142535.67129158974
885,142695.28159928322
886,142858.67846679688
887,143017.27994394302
888,143178.38585281372
889,143338.71524453163
890,143500.23199534416
891,143659.57883882523
892,143819.2098956108
893,143977.46175956726
894,144138.31197714806
895,144298.1866018772
896,144457.32635641098
897,144620.47025203705
898,144779.63332390785
899,144942.17191815376
900,145102.23163318634
901,145262.01227116585
902,145421.18847298622
903,145578.16897058487
904,145734.11849474907
905,145892.03691792488
906,146052.98600649834
907,146213.94435453415
908,146374.9457719326
909,146536.83984708786
910,146695.27953863144
911,146855.00558686256
912,147015.23378300667
913,147175.42969441414
914,147335.30566692352
915,147493.08859157562
916,147651.51714277267
917,147811.34122371674
918,147970.47971463203
919,148129.3797235489
920,148291.07350945473
921,148452.44400405884
922,148612.67008304596
923,148772.36950969696
924,148931.1463947296
925,149091.213149786
926,149250.52544021606
927,149408.99354672432
928,149568.12392544746
929,149727.44229602814
930,149888.4035909176
931,150047.2091948986
932,150208.2241039276
933,150368.06680107117
934,150524.70866560936
935,150684.59593391418
936,150843.32871198654
937,151000.825984478
938,151162.85933184624
939,151325.51379799843
940,151485.73430609703
941,151647.26433444023
942,151808.1198694706
943,151966.88921880722
944,152124.12238907814
945,152280.8090429306
946,152440.4466073513
947,152601.0479915142
948,152759.9104936123
949,152920.7474796772
950,153082.2250740528
951,153243.72242593765
952,153404.24622273445
953,153563.80390310287
954,153724.60767316818
955,153884.00774741173
956,154034.49400877953
957,154194.05194234848
958,154350.0824458599
959,154537.79627108574
960,154697.68388843536
961,154857.38635587692
962,155018.27824616432
963,155181.02830457687
964,155345.14266109467
965,155511.05477952957
966,155678.22917413712
967,155847.19737386703
968,156013.69139409065
969,156181.15501499176
970,156349.15350556374
971,156519.28563594818
972,156689.31888961792
973,156859.9396903515
974,157028.47486639023
975,157194.39970207214
976,157358.43864893913
977,157517.38595342636
978,157672.86557531357
979,157827.56439185143
980,157985.39683771133
981,158146.06194257736
982,158305.94727015495
983,158466.900908947
984,158627.52118372917
985,158792.47484087944
986,158959.1347975731
987,159123.11426186562
988,159300.74172472954
989,159469.2240498066
990,159636.2707939148
991,159803.90034794807
992,159976.96098542213
993,160150.96981978416
994,160326.97821879387
995,160501.60919833183
996,160673.93919110298
997,160843.77529644966
998,161010.85008978844
999,161174.415974617
1000,161336.492518425
1001,161493.91272330284
1002,161652.4389090538
1003,161809.12781000137
1004,161962.79920339584
1005,162122.55316615105
1006,162283.86066794395
1007,162446.54896211624
1008,162609.63960170746
1009,162776.64024090767
1010,162943.06618404388
1011,163111.72033667564
1012,163283.52131938934
1013,163453.4396777153
1014,163624.4331703186
1015,163795.25891065598
1016,163966.42042779922
1017,164135.84451532364
1018,164304.31036949158
1019,164471.36275291443
1020,164638.71780705452
1021,164805.34455657005
1022,164970.98272156715
1023,165136.37417507172
1024,165298.26999378204
1025,165459.23110222816
1026,165615.85705590248
1027,165772.95784807205
1028,165927.33625268936
1029,166085.15682411194
1030,166242.91622304916
1031,166402.41706681252
1032,166562.7425918579
1033,166724.50949048996
1034,166885.66346764565
1035,167052.36177754402
1036,167215.8140554428
1037,167377.75396728516
1038,167539.86863946915
1039,167700.41271805763
1040,167861.1175506115
1041,168018.38318419456
1042,168176.7694234848
1043,168331.61058092117
1044,168488.6208603382
1045,168647.6241121292
1046,168807.46329021454
1047,168971.71384358406
1048,169134.02634501457
1049,169299.23725771904
1050,169464.14528894424
1051,169628.09403324127
1052,169789.87282037735
1053,169949.7236456871
1054,170110.06026935577
1055,170268.69738340378
1056,170425.33911418915
1057,170580.89264440536
1058,170737.22275209427
1059,170892.96410274506
1060,171052.44254636765
1061,171216.7600877285
1062,171377.25516438484
1063,171537.87010145187
1064,171698.9083557129
1065,171859.12132430077
1066,172016.91856765747
1067,172176.5712337494
1068,172333.25407123566
1069,172492.88479351997
1070,172651.74381160736
1071,172811.10759162903
1072,172971.37971782684
1073,173132.67400050163
1074,173292.48684954643
1075,173453.70501589775
1076,173613.04878520966
1077,173771.7693850994
1078,173929.42646884918
1079,174086.73307704926
1080,174246.27276825905
1081,174406.8642091751
1082,174565.78359150887
1083,174727.8035504818
1084,174888.0343425274
1085,175047.4457631111
1086,175200.9936118126
1087,175357.12340450287
1088,175515.66697716713
1089,175705.84680390358
1090,175873.67226839066
1091,176039.8792500496
1092,176208.62075710297
1093,176369.24626922607
1094,176524.86992001534
1095,176678.70154833794
1096,176833.14785909653
1097,176988.8345708847
1098,177149.51252675056
1099,177312.1718401909
1100,177472.86141633987
1101,177636.42444515228
1102,177803.00597405434
1103,177970.19493031502
1104,178136.5893805027
1105,178301.30952072144
1106,178467.34839081764
1107,178632.71439933777
1108,178798.23186826706
1109,178961.84045767784
1110,179127.37660861015
1111,179290.64933347702
1112,179448.22490382195
1113,179602.36276340485
1114,179757.98768877983
1115,179912.37378311157
1116,180068.79942512512
1117,180227.1287829876
1118,180386.23454785347
1119,180545.4926276207
1120,180709.04377102852
1121,180872.7400033474
1122,181035.86689829826
1123,181197.89378237724
1124,181359.6436188221
1125,181517.86774849892
1126,181673.29426527023
1127,181829.5245218277
1128,181985.46387958527
1129,182143.15112829208
1130,182305.45052838326
1131,182468.72623610497
1132,182630.3570804596
1133,182788.7474386692
1134,182949.10934996605
1135,183107.681609869
1136,183265.9966583252
1137,183425.6382601261
1138,183586.78931951523
1139,183743.93236351013
1140,183902.39217829704
1141,184061.5468466282
1142,184222.0829899311
1143,184389.08470582962
1144,184547.15126872063
1145,184706.8750178814
1146,184863.9969291687
1147,185020.1249215603
1148,185178.68271064758
1149,185337.4171822071
1150,185499.13604569435
1151,185659.9282693863
1152,185820.9666132927
1153,185983.76614832878
1154,186146.23789596558
1155,186308.1054034233
1156,186469.48045754433
1157,186631.63681316376
1158,186790.12897276878
1159,186949.49327015877
1160,187108.28587913513
1161,187264.61039113998
1162,187420.36946582794
1163,187579.44362139702
1164,187738.33411216736
1165,187900.10738945007
1166,188062.6490597725
1167,188224.46715331078
1168,188387.58768463135
1169,188546.7651565075
1170,188706.8398182392
1171,188865.4704360962
1172,189024.07843995094
1173,189182.93218111992
1174,189339.93504309654
1175,189499.61178326607
1176,189658.0221157074
1177,189818.41061091423
1178,189979.9525179863
1179,190139.606174469
1180,190302.11697292328
1181,190464.3388531208
1182,190624.03802633286
1183,190782.69246721268
1184,190941.7881886959
1185,191101.17397594452
1186,191260.50670981407
1187,191419.56385660172
1188,191578.80791020393
1189,191739.07000780106
1190,191897.74341773987
1191,192056.92517900467
1192,192215.0013999939
1193,192373.72749948502
1194,192535.71913337708
1195,192702.1077682972
1196,192862.51388788223
1197,193019.84923362732
1198,193173.36428833008
1199,193331.32304811478
1200,193490.6883161068
1201,193650.96633291245
1202,193810.82804846764
1203,193973.223320961
1204,194137.44457364082
1205,194298.85650253296
1206,194457.2909743786
1207,194617.08492684364
1208,194775.58121299744
1209,194935.92830467224
1210,195095.23011040688
1211,195254.67593932152
1212,195414.51694512367
1213,195573.34765577316
1214,195731.76924014091
1215,195890.50401234627
1216,196046.3258547783
1217,196202.5895588398
1218,196364.70377993584
1219,196555.94165158272
1220,196719.89370656013
1221,196882.18862390518
1222,197043.1640894413
1223,197203.049264431
1224,197362.0209941864
1225,197517.48696541786
1226,197674.57773518562
1227,197832.0965139866
1228,197991.53840756416
1229,198151.611420393
1230,198312.96821069717
1231,198475.0608139038
1232,198637.0556409359
1233,198799.74070191383
1234,198964.12556242943
1235,199127.6814749241
1236,199288.64289784431
1237,199448.59295892715
1238,199605.47066307068
1239,199761.56930565834
1240,199919.5797688961
1241,200079.88027119637
1242,200238.68990945816
1243,200398.85495615005
1244,200558.31654572487
1245,200716.27988696098
1246,200882.29586482048
1247,201041.6086845398
1248,201201.67404723167
1249,201361.43061852455
1250,201521.32538962364
1251,201677.48196697235
1252,201835.15908694267
1253,201994.88697075844
1254,202152.33510160446
1255,202311.99569416046
1256,202472.44560670853
1257,202635.8649468422
1258,202795.296980381
1259,202956.5067346096
1260,203116.17216777802
1261,203275.58551692963
1262,203437.26791024208
1263,203598.55293607712
1264,203758.86395549774
1265,203917.52341604233
1266,204076.50045013428
1267,204235.4504354
1268,204394.045917511
1269,204553.35467123985
1270,204713.00871539116
1271,204872.48668551445
1272,205032.8053085804
1273,205193.42146611214
1274,205353.4062845707
1275,205511.0703611374
1276,205669.4363617897
1277,205830.01047444344
1278,205989.42371296883
1279,206148.32118701935
1280,206306.75660848618
1281,206465.01154756546
1282,206627.05159235
1283,206786.65945148468
1284,206946.50977396965
1285,207106.9987332821
1286,207265.7035803795
1287,207425.41280436516
1288,207585.3329126835
1289,207745.377805233
1290,207903.56710338593
1291,208064.91577124596
1292,208226.60745549202
1293,208386.3647813797
1294,208546.9252386093
1295,208706.28089666367
1296,208864.26344323158
1297,209023.5806467533
1298,209183.00335478783
1299,209348.30741167068
1300,209507.46310162544
1301,209667.8864440918
1302,209825.41097545624
1303,209984.80153131485
1304,210144.36968111992
1305,210304.73513269424
1306,210463.956938982
1307,210623.670743227
1308,210784.28288507462
1309,210946.53740525246
1310,211105.98579120636
1311,211264.5362985134
1312,211423.9743835926
1313,211583.1732723713
1314,211743.79932498932
1315,211902.3681755066
1316,212063.8061697483
1317,212224.850938797
1318,212384.63980007172
1319,212542.4789764881
1320,212701.4873600006
1321,212860.41118001938
1322,213018.2450594902
1323,213177.65831828117
1324,213337.63047599792
1325,213497.51816391945
1326,213656.14116597176
1327,213815.45546078682
1328,213975.80438780785
1329,214133.89102244377
1330,214294.36196923256
1331,214453.2089817524
1332,214612.90923547745
1333,214772.18641471863
1334,214931.37412953377
1335,215092.18743896484
1336,215252.00293588638
1337,215411.5888888836
1338,215572.17242789268
1339,215732.43180203438
1340,215891.06433963776
1341,216047.33903074265
1342,216207.90440773964
1343,216368.86496567726
1344,216527.38506770134
1345,216686.91491413116
1346,216841.9482293129
1347,216999.09262251854
1348,217158.74538588524
1349,217348.98355722427
1350,217511.8197221756
1351,217677.91555714607
1352,217836.54121923447
1353,217994.1391801834
1354,218150.88680577278
1355,218306.17106628418
1356,218459.90356874466
1357,218618.1372859478
1358,218777.14898228645
1359,218938.4638223648
1360,219101.78076291084
1361,219266.4922759533
1362,219431.34716582298
1363,219596.1550438404
1364,219755.64229846
1365,219915.94245648384
1366,220074.21547460556
1367,220232.40748000145
1368,220389.21145558357
1369,220548.85990047455
1370,220702.1182756424
1371,220863.15757131577
1372,221023.27092313766
1373,221183.91280722618
1374,221344.89971327782
1375,221506.49535679817
1376,221666.59541630745
1377,221827.17466926575
1378,221985.59441924095
1379,222143.45429491997
1380,222302.68431711197
1381,222461.27100419998
1382,222619.72388339043
1383,222778.45572185516
1384,222940.62151765823
1385,223102.77500104904
1386,223262.45870876312
1387,223423.0506284237
1388,223581.72989439964
1389,223740.1516313553
1390,223898.31443309784
1391,224056.98711824417
1392,224216.71359205246
1393,224373.89325523376
1394,224532.28026938438
1395,224691.19005060196
1396,224851.25021243095
1397,225011.52551674843
1398,225172.58493828773
1399,225333.75121998787
1400,225494.08491444588
1401,225653.01039123535
1402,225813.4417321682
1403,225972.1270506382
1404,226131.07208514214
1405,226296.51434469223
1406,226454.18612337112
1407,226613.20021772385
1408,226771.15609145164
1409,226930.1296122074
1410,227088.65719914436
1411,227247.65003728867
1412,227408.2353451252
1413,227570.13250660896
1414,227730.63937091827
1415,227894.83343791962
1416,228056.2756638527
1417,228216.51263904572
1418,228375.3927371502
1419,228534.25948739052
1420,228692.46235013008
1421,228850.54092550278
1422,229006.96337509155
1423,229166.65046930313
1424,229325.39088344574
1425,229485.61508488655
1426,229644.83977508545
1427,229806.33125591278
1428,229968.63247442245
1429,230127.62321925163
1430,230287.0335855484
1431,230447.33678150177
1432,230606.27601122856
1433,230763.0242331028
1434,230922.1003563404
1435,231080.10950231552
1436,231239.9482705593
1437,231400.34512138367
1438,231559.62038469315
1439,231721.0052382946
1440,231881.03854513168
1441,232042.14616155624
1442,232204.16768932343
1443,232363.24830532074
1444,232520.40803575516
1445,232681.28830742836
1446,232841.26495933533
1447,233000.05233883858
1448,233159.30875897408
1449,233320.90816688538
1450,233479.24397587776
1451,233638.95701265335
1452,233798.30081915855
1453,233957.36464428902
1454,234118.17178297043
1455,234279.4210445881
1456,234440.1691339016
1457,234604.20463204384
1458,234760.09105205536
1459,234916.4255657196
1460,235073.22287225723
1461,235229.70745515823
1462,235389.43832564354
1463,235550.12579774857
1464,235711.36073493958
1465,235873.25260686874
1466,236037.26699137688
1467,236197.1974170208
1468,236359.24141049385
1469,236520.62966132164
1470,236679.301769495
1471,236839.98824071884
1472,236998.3628768921
1473,237155.3776473999
1474,237312.76038622856
1475,237470.5770471096
1476,237625.43611121178
1477,237782.11626172066
1478,237943.95317840576
1479,238132.70360565186
1480,238293.75244927406
1481,238453.97585844994
1482,238612.26974344254
1483,238768.86289978027
1484,238926.2437067032
1485,239081.73481607437
1486,239240.8330259323
1487,239401.75633358955
1488,239562.76183629036
1489,239723.24016571045
1490,239883.8989636898
1491,240047.04045462608
1492,240207.94171738625
1493,240366.56634020805
1494,240525.24186325073
1495,240682.9525434971
1496,240840.72611117363
1497,240998.85557222366
1498,241159.47458314896
1499,241319.578125
1500,241481.32992458344
1501,241643.02282238007
1502,241802.2552535534
1503,241963.8005988598
1504,242123.63508868217
1505,242283.13190460205
1506,242443.84930109978
1507,242602.46469783783
1508,242761.66223526
1509,242921.46176218987
1510,243084.58773255348
1511,243244.78416109085
1512,243404.5225353241
1513,243562.46389222145
1514,243722.1572675705
1515,243882.45674467087
1516,244042.5917172432
1517,244203.02550792694
1518,244364.33498096466
1519,244527.07975244522
1520,244688.84209942818
1521,244852.37383246422
1522,245013.55616521835
1523,245173.52881979942
1524,245331.57679343224
1525,245488.44580245018
1526,245648.13303613663
1527,245808.4460721016
1528,245969.02667570114
1529,246128.81725645065
1530,246290.34942650795
1531,246449.22977876663
1532,246610.31300854683
1533,246770.61908864975
1534,246929.29642415047
1535,247089.8784468174
1536,247249.6799914837
1537,247407.4114098549
1538,247564.3517613411
1539,247724.4044559002
1540,247884.92516088486
1541,248045.74017739296
1542,248206.4345188141
1543,248365.54760742188
1544,248527.04503273964
1545,248685.97993707657
1546,248844.51024723053
1547,249003.57527256012
1548,249161.42216086388
1549,249320.35221362114
1550,249479.25730323792
1551,249638.4961066246
1552,249799.715416193
1553,249958.37031316757
1554,250118.73723506927
1555,250279.78757452965
1556,250440.7931983471
1557,250599.96969914436
1558,250762.12753510475
1559,250920.5734243393
1560,251079.5435307026
1561,251234.43462467194
1562,251389.54831528664
1563,251552.35386419296
1564,251710.6252887249
1565,251869.50470519066
1566,252032.49003458023
1567,252194.07253098488
1568,252355.17800164223
1569,252516.5740058422
1570,252673.39135575294
1571,252831.90872240067
1572,252991.91499829292
1573,253152.814548254
1574,253313.10148954391
1575,253474.53678655624
1576,253635.02931571007
1577,253794.34809184074
1578,253954.36817884445
1579,254114.56859469414
1580,254272.73263835907
1581,254431.99033617973
1582,254591.3686685562
1583,254752.20538830757
1584,254913.679125309
1585,255073.88728809357
1586,255233.43574213982
1587,255394.84133005142
1588,255554.59250307083
1589,255713.6678187847
1590,255871.07640480995
1591,256029.04645848274
1592,256187.7719016075
1593,256345.46119761467
1594,256504.35365390778
1595,256663.82136702538
1596,256822.571280241
1597,256984.85677075386
1598,257144.66499996185
1599,257305.9768359661
1600,257466.29654455185
1601,257627.4950053692
1602,257786.32961058617
1603,257943.968303442
1604,258101.20827007294
1605,258257.53143262863
1606,258413.33105444908
1607,258572.91348528862
1608,258737.9943342209
1609,258932.19782090187
1610,259097.3734691143
1611,259260.5461244583
1612,259421.37113761902
1613,259577.2794892788
1614,259731.90713477135
1615,259885.5118803978
1616,260046.47279405594
1617,260203.95838952065
1618,260363.04661154747
1619,260524.7384493351
1620,260687.7224111557
1621,260850.3650045395
1622,261011.98382806778
1623,261174.0630018711
1624,261334.99271297455
1625,261494.70218372345
1626,261655.18480110168
1627,261816.84759759903
1628,261975.70482063293
1629,262132.90815734863
1630,262292.82649970055
1631,262452.693567276
1632,262611.1596121788
1633,262771.24574017525
1634,262931.30824303627
1635,263090.6672940254
1636,263250.2560617924
1637,263409.84432148933
1638,263568.76739525795
1639,263731.323918581
1640,263891.1015768051
1641,264050.278028965
1642,264209.2889547348
1643,264367.28850984573
1644,264527.31481671333
1645,264686.0762500763
1646,264845.50515913963
1647,265005.89482951164
1648,265166.13405680656
1649,265326.10493707657
1650,265487.0743174553
1651,265648.2480356693
1652,265806.2136938572
1653,265964.4554710388
1654,266122.85613012314
1655,266282.8018395901
1656,266442.95047688484
1657,266604.0122318268
1658,266763.4393656254
1659,266925.6787931919
1660,267086.98445534706
1661,267247.09114027023
1662,267407.10932564735
1663,267565.15605950356
1664,267724.4390921593
1665,267884.31453967094
1666,268042.0332827568
1667,268198.72806715965
1668,268357.60127186775
1669,268523.54252791405
1670,268681.7833814621
1671,268843.02538347244
1672,269002.4911160469
1673,269161.6742486954
1674,269319.6530485153
1675,269479.5803785324
1676,269639.32834386826
1677,269798.11584305763
1678,269954.35037755966
1679,270115.6515812874
1680,270278.4260828495
1681,270441.50822877884
1682,270601.96764945984
1683,270762.46523690224
1684,270922.6284198761
1685,271082.8013920784
1686,271240.70473742485
1687,271396.79326725006
1688,271553.82012462616
1689,271712.68270897865
1690,271870.8610599041
1691,272031.66561985016
1692,272192.363414526
1693,272352.729524374
1694,272512.72378110886
1695,272672.8931312561
1696,272832.26466321945
1697,272991.2167315483
1698,273150.6250934601
1699,273310.3464844227
1700,273470.0949547291
1701,273631.4879870415
1702,273790.04892635345
1703,273949.1352574825
1704,274106.96770715714
1705,274266.15977048874
1706,274424.85697484016
1707,274585.6178252697
1708,274743.78823280334
1709,274905.9683935642
1710,275065.61025857925
1711,275226.7613158226
1712,275387.4715812206
1713,275546.53277015686
1714,275707.431460619
1715,275866.367667675
1716,276025.5207710266
1717,276187.84003162384
1718,276347.8864789009
1719,276503.2228541374
1720,276662.0125067234
1721,276820.2224493027
1722,276985.32632017136
1723,277144.521882534
1724,277304.26757884026
1725,277464.71705055237
1726,277625.79238915443
1727,277785.39450740814
1728,277944.4173576832
1729,278103.5831871033
1730,278263.9167275429
1731,278424.00170111656
1732,278581.5147469044
1733,278742.1719856262
1734,278904.41343331337
1735,279064.22527480125
1736,279220.0777108669
1737,279373.22723674774
1738,279544.9540410042
1739,279730.35415554047
1740,279893.1650362015
1741,280056.5392653942
1742,280216.8690357208
1743,280375.6379933357
1744,280534.8089299202
1745,280692.1734702587
1746,280845.68327236176
1747,281000.6973605156
1748,281156.9146823883
1749,281313.5945134163
1750,281475.81622481346
1751,281638.8008248806
1752,281802.3006925583
1753,281964.70959568024
1754,282126.73085069656
1755,282287.2278418541
1756,282445.3128018379
1757,282603.5691745281
1758,282761.4229426384
1759,282919.6273508072
1760,283077.026920557
1761,283236.9208536148
1762,283398.9728708267
1763,283559.02790236473
1764,283718.8767848015
1765,283878.49927043915
1766,284038.76012539864
1767,284200.1494088173
1768,284360.10444140434
1769,284519.6074619293
1770,284679.76823711395
1771,284836.40645742416
1772,284994.7366402149
1773,285153.6457648277
1774,285310.9433526993
1775,285477.18374466896
1776,285637.2095358372
1777,285796.17911076546
1778,285955.75370645523
1779,286115.81391119957
1780,286278.0214962959
1781,286439.9996125698
1782,286598.7941851616
1783,286756.73934960365
1784,286916.4563200474
1785,287074.81963157654
1786,287238.10767412186
1787,287398.8390710354
1788,287556.16052389145
1789,287714.0863621235
1790,287875.11711502075
1791,288035.22100162506
1792,288192.38474559784
1793,288352.00637102127
1794,288511.7822639942
1795,288673.9403374195
1796,288834.4276969433
1797,288992.7127904892
1798,289151.8762977123
1799,289310.4945566654
1800,289470.3213174343
1801,289630.1415951252
1802,289790.2345788479
1803,289950.7539076805
1804,290110.29297971725
1805,290271.13265275955
1806,290430.9175143242
1807,290591.0623061657
1808,290752.280857563
1809,290910.92558789253
1810,291070.04210710526
1811,291228.01572060585
1812,291387.04085206985
1813,291547.11764621735
1814,291706.5604259968
1815,291867.22365927696
1816,292027.5644776821
1817,292188.6721045971
1818,292349.73070025444
1819,292509.36032414436
1820,292669.08733701706
1821,292829.01908922195
1822,292990.0509438515
1823,293148.7351324558
1824,293307.0869717598
1825,293465.557038784
1826,293624.03377342224
1827,293783.102656126
1828,293948.19151711464
1829,294106.03017926216
1830,294265.4801747799
1831,294425.083735466
1832,294585.0838897228
1833,294745.00642871857
1834,294906.43770098686
1835,295064.4758298397
1836,295224.7093169689
1837,295383.8714673519
1838,295544.54098796844
1839,295705.5113732815
1840,295867.91396927834
1841,296027.6930024624
1842,296185.68707466125
1843,296343.9623339176
1844,296504.31074619293
1845,296664.2344799042
1846,296824.4458823204
1847,296985.0129170418
1848,297146.09565877914
1849,297307.73067355156
1850,297469.6278042793
1851,297632.7606725693
1852,297792.2689445019
1853,297950.45682764053
1854,298108.76645088196
1855,298265.5441083908
1856,298421.9295949936
1857,298580.23136258125
1858,298739.93643808365
1859,298902.85706043243
1860,299063.579944849
1861,299225.219599247
1862,299385.7689085007
1863,299545.82394242287
1864,299704.7411429882
1865,299858.5898563862
1866,300014.609205246
1867,300173.9432954788
1868,300364.4481675625
1869,300529.1325752735
1870,300692.58485484123
1871,300851.6998205185
1872,301009.8954412937
1873,301167.8103802204
1874,301324.8809287548
1875,301482.0551700592
1876,301639.61351776123
1877,301796.449855566
1878,301957.27053904533
1879,302119.12629175186
1880,302280.9588792324
1881,302445.3932993412
1882,302610.9635834694
1883,302772.7637615204
1884,302931.9155693054
1885,303090.60850548744
1886,303249.32302069664
1887,303406.2193157673
1888,303564.67992186546
1889,303722.5164361
1890,303882.681643486
1891,304045.56510329247
1892,304208.7425739765
1893,304368.54118967056
1894,304528.2908811569
1895,304686.135897398
1896,304844.7826464176
1897,305003.5466222763
1898,305161.9521615505
1899,305323.3523283005
1900,305482.81500172615
1901,305642.96838617325
1902,305802.77699637413
1903,305963.4159760475
1904,306123.7265560627
1905,306285.8723526001
1906,306445.04479408264
1907,306606.4833481312
1908,306764.3116455078
1909,306922.73782372475
1910,307083.32655501366
1911,307242.3599140644
1912,307402.4049901962
1913,307563.5384693146
1914,307722.61816453934
1915,307881.75232863426
1916,308039.59289598465
1917,308198.00301384926
1918,308358.3678946495
1919,308519.2771253586
1920,308679.72012758255
1921,308840.7272040844
1922,308999.47308397293
1923,309158.131483078
1924,309318.76633548737
1925,309477.69991111755
1926,309638.8196530342
1927,309798.63648605347
1928,309957.27295947075
1929,310116.3774240017
1930,310276.6842660904
1931,310434.3615717888
1932,310593.62592434883
1933,310752.674434185
1934,310914.29119992256
1935,311080.59138584137
1936,311242.15584921837
1937,311400.39820075035
1938,311559.5006632805
1939,311718.9966785908
1940,311876.2639193535
1941,312035.17387890816
1942,312190.28204488754
1943,312348.35353398323
1944,312509.7778830528
1945,312673.38118743896
1946,312833.5536453724
1947,312996.23551154137
1948,313158.562582016
1949,313322.2997868061
1950,313485.4520339966
1951,313643.0575373173
1952,313800.519207716
1953,313958.2170200348
1954,314115.7224600315
1955,314273.1786158085
1956,314432.864456892
1957,314592.62839889526
1958,314755.3414838314
1959,314915.2178001404
1960,315075.5884385109
1961,315237.17740511894
1962,315398.07337141037
1963,315558.6560707092
1964,315716.0621972084
1965,315873.94222927094
1966,316034.69051480293
1967,316195.18513584137
1968,316353.89040875435
1969,316512.6750984192
1970,316673.6187069416
1971,316834.67632198334
1972,316996.07869529724
1973,317153.7407951355
1974,317314.61911726
1975,317475.3485212326
1976,317635.2557067871
1977,317794.0966472626
1978,317951.3970282078
1979,318108.95556521416
1980,318269.76824998856
1981,318430.8957698345
1982,318590.6835408211
1983,318750.36701893806
1984,318910.20916581154
1985,319071.2171933651
1986,319233.2753264904
1987,319393.07766771317
1988,319552.0889289379
1989,319716.431419611
1990,319875.1858999729
1991,320033.9702260494
1992,320192.5468401909
1993,320351.8777003288
1994,320512.1362938881
1995,320666.1094224453
1996,320825.9413704872
1997,320987.5035483837
1998,321180.27705335617
1999,321349.31616330147
2000,321516.8900806904
2001,321682.908223629
2002,321847.86559939384
2003,322011.95099544525
2004,322173.4533278942
2005,322334.0287914276
2006,322491.99603939056
2007,322650.17394185066
2008,322804.12555646896
2009,322959.3825480938
2010,323117.7234992981
2011,323278.3689329624
2012,323438.9365270138
2013,323603.44775414467
2014,323769.7529861927
2015,323933.84354686737
2016,324098.38967967033
2017,324262.25858688354
2018,324424.3639974594
2019,324585.1487071514
2020,324741.9370801449
2021,324897.54382157326
2022,325053.4453587532
2023,325210.991707325
2024,325368.60944390297
2025,325527.66354727745
2026,325690.6841773987
2027,325850.2632410526
2028,326013.2317700386
2029,326176.0719947815
2030,326337.3467578888
2031,326497.41675019264
2032,326655.44771170616
2033,326813.3257768154
2034,326970.11149668694
2035,327128.97908592224
2036,327289.0840945244
2037,327445.9518404007
2038,327606.4976055622
2039,327768.7703425884
2040,327930.3242380619
2041,328098.2513382435
2042,328257.539968729
2043,328416.9641416073
2044,328574.5988433361
2045,328733.19146990776
2046,328891.4157216549
2047,329049.36312031746
2048,329207.7159013748
2049,329366.5326011181
2050,329526.98699498177
2051,329689.24261808395
2052,329849.53288817406
2053,330008.71395659447
2054,330166.9348769188
2055,330329.78711652756
2056,330492.8780722618
2057,330653.4032204151
2058,330811.2068576813
2059,330968.8752140999
2060,331127.84225440025
2061,331286.82996225357
2062,331445.458019495
2063,331605.2918381691
2064,331765.76414585114
2065,331924.1440758705
2066,332085.0085349083
2067,332245.5448977947
2068,332405.10919213295
2069,332562.0956273079
2070,332720.13551163673
2071,332880.35217499733
2072,333039.8183815479
2073,333200.6691813469
2074,333359.59603881836
2075,333520.0894482136
2076,333678.99132680893
2077,333839.4660537243
2078,333998.8440654278
2079,334158.16353034973
2080,334317.07424521446
2081,334477.9835269451
2082,334636.3618159294
2083,334796.82989382744
2084,334958.28248906136
2085,335119.009159565
2086,335277.33157753944
2087,335437.6350374222
2088,335597.09727692604
2089,335754.64501285553
2090,335915.24945664406
2091,336070.68042612076
2092,336227.4720323086
2093,336386.71733498573
2094,336553.8659360409
2095,336714.18013095856
2096,336874.71692705154
2097,337038.0852804184
2098,337199.1346437931
2099,337358.9781219959
2100,337518.9066083431
2101,337678.88272356987
2102,337838.9900214672
2103,337997.08294796944
2104,338154.4658718109
2105,338312.900295496
2106,338472.04278707504
2107,338630.697794199
2108,338792.4043097496
2109,338956.41003227234
2110,339116.79741835594
2111,339275.5803117752
2112,339434.2488992214
2113,339590.90503692627
2114,339748.6035079956
2115,339907.8859260082
2116,340069.4468924999
2117,340233.1110224724
2118,340396.72486281395
2119,340559.7998790741
2120,340721.2943253517
2121,340880.7019970417
2122,341039.3450541496
2123,341198.05803751945
2124,341355.48432302475
2125,341507.423255682
2126,341661.49499082565
2127,341822.801920414
2128,342012.8730340004
2129,342173.8643209934
2130,342332.9804883003
2131,342493.44355225563
2132,342650.57131648064
2133,342809.9409048557
2134,342966.43823480606
2135,343125.1222791672
2136,343285.43822574615
2137,343445.2361433506
2138,343607.27163243294
2139,343767.71755981445
2140,343927.63996601105
2141,344086.80583643913
2142,344247.61955451965
2143,344405.93317985535
2144,344563.431545496
2145,344723.52908444405
2146,344882.06978201866
2147,345045.86661720276
2148,345203.74493956566
2149,345362.9984548092
2150,345523.83009147644
2151,345684.9337387085
2152,345847.3373737335
2153,346007.4078838825
2154,346167.3827033043
2155,346330.01346707344
2156,346488.3812594414
2157,346648.5504410267
2158,346807.56398797035
2159,346967.9715526104
2160,347126.39991664886
2161,347288.1811988354
2162,347447.7113099098
2163,347609.47446227074
2164,347768.32600307465
2165,347926.3610959053
2166,348086.96924996376
2167,348246.12103414536
2168,348405.54868507385
2169,348563.83543753624
2170,348722.14531350136
2171,348882.8867983818
2172,349041.7663798332
2173,349201.79155254364
2174,349360.86269140244
2175,349519.9165496826
2176,349678.16226649284
2177,349837.5672659874
2178,349998.1254491806
2179,350157.8377375603
2180,350320.2380590439
2181,350482.4307422638
2182,350642.8584122658
2183,350801.38458776474
2184,350957.63658213615
2185,351116.31430721283
2186,351276.3651936054
2187,351437.03796100616
2188,351597.55146837234
2189,351758.97108244896
2190,351918.9148581028
2191,352079.5120398998
2192,352240.983915329
2193,352399.7899646759
2194,352557.57493162155
2195,352716.81202864647
2196,352875.56314492226
2197,353035.55576467514
2198,353196.5376024246
2199,353362.7790389061
2200,353516.7313683033
2201,353674.71615839005
2202,353834.34543800354
2203,353992.9201221466
2204,354154.0272285938
2205,354313.67183303833
2206,354475.82339143753
2207,354636.33774471283
2208,354797.2742114067
2209,354959.41391825676
2210,355119.86457180977
2211,355277.9307012558
2212,355433.6734535694
2213,355594.4808745384
2214,355754.0232477188
2215,355912.29714250565
2216,356075.1823847294
2217,356236.2744216919
2218,356399.3936276436
2219,356561.7702553272
2220,356723.84122776985
2221,356884.6236536503
2222,357044.8396470547
2223,357203.6959013939
2224,357360.97124171257
2225,357518.37285900116
2226,357675.6966969967
2227,357835.7056772709
2228,357995.2460935116
2229,358156.27997779846
2230,358315.5465865135
2231,358475.18249487877
2232,358634.82206869125
2233,358796.9144656658
2234,358956.03550314903
2235,359115.53556632996
2236,359275.11521339417
2237,359433.8989048004
2238,359593.60116934776
2239,359753.86833024025
2240,359914.3912768364
2241,360075.20079803467
2242,360235.38761639595
2243,360394.84490323067
2244,360554.41375279427
2245,360714.1615521908
2246,360875.3396151066
2247,361035.871509552
2248,361196.1453509331
2249,361357.0427134037
2250,361517.9746656418
2251,361677.3286371231
2252,361837.80884194374
2253,361992.07737374306
2254,362149.6693685055
2255,362304.55745100975
2256,362463.8298692703
2257,362624.5091547966
2258,362815.70196962357
2259,362980.02055311203
2260,363141.00008940697
2261,363300.89267516136
2262,363459.9626684189
2263,363616.7811136246
2264,363774.3129913807
2265,363931.53426742554
2266,364089.0249404907
2267,364247.5169124603
2268,364409.24334836006
2269,364571.0412375927
2270,364733.81211948395
2271,364897.7978761196
2272,365060.36317157745
2273,365221.9358532429
2274,365380.59713482857
2275,365537.99602532387
2276,365693.95309758186
2277,365853.23554348946
2278,366012.560254097
2279,366169.7356956005
2280,366329.152415514
2281,366487.6354300976
2282,366647.1838941574
2283,366807.6479151249
2284,366969.12271904945
2285,367130.87172722816
2286,367291.48932504654
2287,367450.96375727654
2288,367611.97168660164
2289,367770.5165503025
2290,367927.2946152687
2291,368085.68863248825
2292,368245.94482040405
2293,368405.92437648773
2294,368567.4308025837
2295,368727.4092731476
2296,368889.7793240547
2297,369049.1786966324
2298,369211.1770076752
2299,369369.8306128979
2300,369530.56985616684
2301,369690.5087530613
2302,369849.3078353405
2303,370008.8967022896
2304,370167.08477306366
2305,370330.69103240967
2306,370489.9856309891
2307,370647.19308042526
2308,370807.30111551285
2309,370966.6469388008
2310,371125.70901823044
2311,371285.82982230186
2312,371447.6587164402
2313,371610.8169529438
2314,371771.1595380306
2315,371931.2738890648
2316,372090.717471838
2317,372251.072684288
2318,372410.28823280334
2319,372570.874458313
2320,372732.5991489887
2321,372889.32442069054
2322,373048.60342669487
2323,373207.7357406616
2324,373365.9342045784
2325,373525.48217892647
2326,373686.10150384903
2327,373848.21825146675
2328,374008.66651177406
2329,374169.2863276005
2330,374327.7282497883
2331,374487.77923989296
2332,374647.0344424248
2333,374805.3886077404
2334,374966.5345132351
2335,375124.723883152
2336,375285.9038631916
2337,375445.4894838333
2338,375607.3920650482
2339,375768.007638216
2340,375927.8655908108
2341,376089.589400053
2342,376249.6513597965
2343,376408.68528938293
2344,376568.5100634098
2345,376725.3919312954
2346,376885.86902689934
2347,377047.5313887596
2348,377208.39485406876
2349,377369.22837233543
2350,377529.17329502106
2351,377688.3924424648
2352,377847.8308160305
2353,378006.56115341187
2354,378165.0520362854
2355,378323.99163651466
2356,378483.4472608566
2357,378644.66363477707
2358,378804.0543677807
2359,378969.40546631813
2360,379126.8020966053
2361,379285.28135061264
2362,379443.7629096508
2363,379602.34896993637
2364,379763.9788877964
2365,379925.07819771767
2366,380085.500844717
2367,380246.26967692375
2368,380407.4409570694
2369,380567.51017332077
2370,380726.80161833763
2371,380886.90815734863
2372,381045.91182899475
2373,381205.7290606499
2374,381363.05491518974
2375,381522.3271038532
2376,381681.5709724426
2377,381839.9515440464
2378,382001.5411953926
2379,382161.4595530033
2380,382322.3999466896
2381,382486.81398177147
2382,382647.4404423237
2383,382808.39627313614
2384,382966.9162917137
2385,383118.85312366486
2386,383274.81009840965
2387,383436.2766752243
2388,383627.80726647377
2389,383797.8103017807
2390,383966.65610432625
2391,384133.6921598911
2392,384300.5294203758
2393,384465.2580754757
2394,384627.0442931652
2395,384789.52246165276
2396,384950.9760465622
2397,385108.14382863045
2398,385263.60719347
2399,385418.5473558903
2400,385575.30816936493
2401,385734.8731455803
2402,385894.79555583
2403,386055.8159005642
2404,386217.5851459503
2405,386380.38448548317
2406,386543.2453739643
2407,386705.36231064796
2408,386863.3983602524
2409,387022.3119125366
2410,387181.08177280426
2411,387342.17035651207
2412,387502.6271364689
2413,387668.66034054756
2414,387828.0878212452
2415,387985.9548339844
2416,388144.48224401474
2417,388301.8270468712
2418,388460.7398636341
2419,388619.9250626564
2420,388778.891936779
2421,388939.70965766907
2422,389101.45556283
2423,389262.9944138527
2424,389420.8299508095
2425,389582.0481393337
2426,389741.42552495
2427,389902.08625006676
2428,390062.5600512028
2429,390219.6829712391
2430,390381.01116871834
2431,390540.9501080513
2432,390703.01842975616
2433,390863.1074092388
2434,391021.5487713814
2435,391178.5153076649
2436,391338.1138584614
2437,391498.58522319794
2438,391659.3180117607
2439,391817.6320383549
2440,391976.33729052544
2441,392136.88986706734
2442,392296.9249680042
2443,392457.420006752
2444,392619.01311540604
2445,392779.3020555973
2446,392940.1066374779
2447,393100.73718237877
2448,393261.65440273285
2449,393419.26839852333
2450,393576.54538202286
2451,393736.12841272354
2452,393895.02141046524
2453,394055.6071667671
2454,394215.4448540211
2455,394377.15345811844
2456,394537.6084854603
2457,394696.13512301445
2458,394854.7493903637
2459,395013.67547512054
2460,395172.48508286476
2461,395331.2734322548
2462,395491.16885757446
2463,395649.2678568363
2464,395810.02218961716
2465,395969.7031581402
2466,396134.01924204826
2467,396292.57870292664
2468,396449.7799632549
2469,396608.0805244446
2470,396767.89378762245
2471,396928.8820221424
2472,397087.80209994316
2473,397250.8551516533
2474,397414.6285495758
2475,397575.26926612854
2476,397737.8469245434
2477,397898.7012588978
2478,398057.5208764076
2479,398216.1924829483
2480,398373.9102604389
2481,398536.309910059
2482,398695.5202431679
2483,398856.473511219
2484,399013.9783709049
2485,399172.9211578369
2486,399332.86067533493
2487,399493.0626871586
2488,399652.54279494286
2489,399813.30295062065
2490,399973.67795085907
2491,400132.71880602837
2492,400292.1020462513
2493,400451.7616446018
2494,400608.09067869186
2495,400766.40677785873
2496,400926.5147590637
2497,401086.41062927246
2498,401246.23442935944
2499,401406.09008932114
2500,401567.4765069485
2501,401729.223972559
2502,401888.9478569031
2503,402049.841227293
2504,402210.6379570961
2505,402372.0968823433
2506,402531.2310922146
2507,402689.3355474472
2508,402846.3569469452
2509,403003.92229890823
2510,403163.54646134377
2511,403324.5063865185
2512,403484.044754982
2513,403642.87780714035
2514,403801.2518758774
2515,403957.36756014824
2516,404116.15911507607
2517,404280.54019737244
2518,404473.49189424515
2519,404643.39987516403
2520,404810.9974582195
2521,404977.9583785534
2522,405140.6134221554
2523,405301.4888072014
2524,405457.57916641235
2525,405613.90298318863
2526,405767.72598958015
2527,405924.41235637665
2528,406082.969830513
2529,406241.2414627075
2530,406402.78351426125
2531,406566.3449151516
2532,406730.3548529148
2533,406896.80782318115
2534,407063.69220876694
2535,407227.55529522896
2536,407389.7485537529
2537,407551.72199988365
2538,407713.56415224075
2539,407874.526255846
2540,408036.8390095234
2541,408196.70257782936
2542,408354.4090874195
2543,408510.72220635414
2544,408666.51126265526
2545,408823.0808675289
2546,408981.1706364155
2547,409140.1712720394
2548,409301.6293132305
2549,409462.8958659172
2550,409623.90042209625
2551,409785.3278028965
2552,409945.99881768227
2553,410106.4158644676
2554,410265.2424323559
2555,410425.2039587498
2556,410585.4759244919
2557,410745.300034523
2558,410904.80735969543
2559,411063.1687440872
2560,411221.3729765415
2561,411379.3975570202
2562,411539.8744878769
2563,411702.81475639343
2564,411863.05194091797
2565,412022.83485364914
2566,412182.4126315117
2567,412341.5930018425
2568,412501.4319899082
2569,412661.81818032265
2570,412823.5304775238
2571,412983.7752978802
2572,413142.50401711464
2573,413301.571202755
2574,413464.3461048603
2575,413623.28725647926
2576,413779.6088755131
2577,413936.97867918015
2578,414096.94737911224
2579,414256.57359313965
2580,414415.0663793087
2581,414575.7693324089
2582,414736.64736294746
2583,414899.6256263256
2584,415060.0985350609
2585,415219.9960999489
2586,415380.7736675739
2587,415542.023029089
2588,415699.7513566017
2589,415860.74953484535
2590,416020.8520321846
2591,416179.3153629303
2592,416337.9539029598
2593,416496.9585971832
2594,416656.4175539017
2595,416818.24097013474
2596,416981.68477368355
2597,417143.94105648994
2598,417303.81157422066
2599,417461.75101065636
2600,417622.39159989357
2601,417782.31422781944
2602,417939.6189031601
2603,418097.834025383
2604,418255.8618648052
2605,418414.93995571136
2606,418574.30174970627
2607,418736.29470944405
2608,418896.4714369774
2609,419055.45448184013
2610,419217.3601491451
2611,419378.0364501476
2612,419538.2471368313
2613,419699.02499604225
2614,419857.77118968964
2615,420016.4124586582
2616,420176.8907535076
2617,420335.9718179703
2618,420497.28181529045
2619,420657.3345003128
2620,420817.1385624409
2621,420978.04053902626
2622,421136.6100080013
2623,421294.18887901306
2624,421453.2660167217
2625,421612.0744485855
2626,421770.85924744606
2627,421936.59274077415
2628,422092.11664557457
2629,422251.0295934677
2630,422414.3754248619
2631,422572.6804971695
2632,422733.10321187973
2633,422893.8431382179
2634,423054.3058371544
2635,423213.5694177151
2636,423372.64926338196
2637,423533.71205735207
2638,423693.3151934147
2639,423852.93323230743
2640,424014.22606635094
2641,424177.46350336075
2642,424339.7882678509
2643,424499.81446933746
2644,424658.59067606926
2645,424817.09908628464
2646,424973.35634326935
2647,425139.359590292
2648,425329.2612848282
2649,425495.75049066544
2650,425659.60371780396
2651,425823.62070965767
2652,425984.23501110077
2653,426142.56670355797
2654,426298.10867524147
2655,426455.4832584858
2656,426610.762141943
2657,426765.32417821884
2658,426922.76690745354
2659,427082.8859381676
2660,427245.48304891586
2661,427408.83511924744
2662,427571.59075307846
2663,427733.11612200737
2664,427894.29335451126
2665,428053.31278562546
2666,428210.5447590351
2667,428368.8894369602
2668,428526.85081219673
2669,428685.7253396511
2670,428847.01093792915
2671,429006.1698040962
2672,429166.8825454712
2673,429327.10761380196
2674,429486.6714999676
2675,429646.72577285767
2676,429807.1317155361
2677,429966.9565050602
2678,430128.0793206692
2679,430287.6734325886
2680,430453.7470970154
2681,430613.825122118
2682,430772.7029275894
2683,430930.76595783234
2684,431086.46280407906
2685,431244.61325359344
2686,431403.8482995033
2687,431566.7982237339
2688,431726.9647126198
2689,431889.85861587524
2690,432051.45768117905
2691,432213.41531944275
2692,432373.3017551899
2693,432532.95956134796
2694,432691.36588430405
2695,432849.40349054337
2696,433008.43308353424
2697,433168.75556492805
2698,433327.831022501
2699,433489.6858968735
2700,433653.7450006008
2701,433815.7094118595
2702,433977.2233080864
2703,434140.0128133297
2704,434302.7763078213
2705,434462.8562529087
2706,434622.202732563
2707,434779.7195968628
2708,434936.87490558624
2709,435094.78703570366
2710,435251.9693310261
2711,435411.3420279026
2712,435570.50528407097
2713,435730.3597621918
2714,435891.8835389614
2715,436049.2935857773
2716,436209.20122361183
2717,436370.52452611923
2718,436532.62497735023
2719,436694.4585263729
2720,436855.024435997
2721,437014.6502261162
2722,437173.094769001
2723,437331.04176068306
2724,437489.10012221336
2725,437646.9051897526
2726,437807.42550849915
2727,437967.74586725235
2728,438128.9644765854
2729,438291.4088358879
2730,438452.8795952797
2731,438614.0960741043
2732,438773.14732789993
2733,438937.9628806114
2734,439097.6981546879
2735,439256.3594903946
2736,439413.3817937374
2737,439570.6883301735
2738,439724.78981518745
2739,439880.96041607857
2740,440040.7151429653
2741,440201.2430603504
2742,440363.76655459404
2743,440529.54821681976
2744,440693.5671298504
2745,440858.02481126785
2746,441020.0994679928
2747,441180.9711282253
2748,441342.38435459137
2749,441502.0565006733
2750,441662.75720214844
2751,441819.1608829498
2752,441976.9689488411
2753,442134.05762934685
2754,442293.4448683262
2755,442452.3584976196
2756,442612.46774697304
2757,442773.71244597435
2758,442935.6288661957
2759,443096.30464720726
2760,443257.4464595318
2761,443418.3869421482
2762,443576.51580405235
2763,443733.93310952187
2764,443891.2119021416
2765,444050.3960263729
2766,444207.4436535835
2767,444365.5267217159
2768,444527.7026588917
2769,444687.8367803097
2770,444849.87824606895
2771,445012.869407177
2772,445173.75054621696
2773,445334.4457602501
2774,445494.75931477547
2775,445649.94326615334
2776,445803.61275935173
2777,445966.93462252617
2778,446157.3156142235
2779,446321.4983935356
2780,446486.7734093666
2781,446648.8483812809
2782,446808.76779055595
2783,446966.1341891289
2784,447124.08678483963
2785,447280.95396876335
2786,447443.23710370064
2787,447600.3179793358
2788,447757.9108479023
2789,447914.420948267
2790,448073.21085214615
2791,448233.7815504074
2792,448392.35952854156
2793,448550.75515794754
2794,448710.8560640812
2795,448873.4188427925
2796,449033.7535300255
2797,449194.5478901863
2798,449355.8513548374
2799,449515.2982299328
2800,449674.7517619133
2801,449833.5625836849
2802,449994.7776231766
2803,450156.1754100323
2804,450317.3557064533
2805,450478.15554618835
2806,450638.37561774254
2807,450797.6142323017
2808,450959.4347758293
2809,451118.65254092216
2810,451279.2343380451
2811,451440.34420251846
2812,451598.2020442486
2813,451757.1994304657
2814,451916.1088318825
2815,452077.22627806664
2816,452236.43437314034
2817,452395.9492075443
2818,452554.6329729557
2819,452713.62306308746
2820,452873.38115382195
2821,453031.43088006973
2822,453190.6958529949
2823,453348.99851489067
2824,453509.9620811939
2825,453670.92150235176
2826,453833.1324379444
2827,453994.3073899746
2828,454155.92365312576
2829,454316.3020181656
2830,454475.5786988735
2831,454635.60681796074
2832,454792.8903064728
2833,454949.72311091423
2834,455107.72906947136
2835,455266.78725242615
2836,455429.2577049732
2837,455589.9869465828
2838,455751.23666763306
2839,455915.44357037544
2840,456074.31772851944
2841,456232.62038755417
2842,456391.0818722248
2843,456549.84136104584
2844,456706.7791557312
2845,456868.0427429676
2846,457028.99275684357
2847,457190.32278871536
2848,457351.82872748375
2849,457513.981719017
2850,457673.9415643215
2851,457833.9646112919
2852,457992.28733181953
2853,458149.2682876587
2854,458306.04940366745
2855,458465.32770586014
2856,458627.94271326065
2857,458791.6816511154
2858,458953.3027307987
2859,459113.8946852684
2860,459276.13115000725
2861,459435.45746302605
2862,459594.2749068737
2863,459751.7779471874
2864,459907.9896812439
2865,460064.4657840729
2866,460223.8059704304
2867,460385.9490070343
2868,460545.77521657944
2869,460705.28048729897
2870,460867.47139310837
2871,461027.3239226341
2872,461187.28195500374
2873,461346.95750808716
2874,461504.30459046364
2875,461665.02716350555
2876,461825.8254663944
2877,461987.8463587761
2878,462151.4859571457
2879,462310.9311556816
2880,462471.15420246124
2881,462628.95683074
2882,462789.0526473522
2883,462946.637434721
2884,463107.0076727867
2885,463264.99459028244
2886,463424.93346500397
2887,463585.0318260193
2888,463747.63183522224
2889,463910.6868453026
2890,464074.7017571926
2891,464242.1669039726
2892,464404.5332491398
2893,464564.01841306686
2894,464721.8767762184
2895,464877.8997411728
2896,465032.58857893944
2897,465187.74093413353
2898,465344.50039219856
2899,465504.7353737354
2900,465665.9257161617
2901,465829.730073452
2902,465992.191601038
2903,466155.9853153229
2904,466318.05832886696
2905,466478.2929470539
2906,466635.5592470169
2907,466798.69453406334
2908,466989.9659423828
2909,467152.5888392925
2910,467315.06569576263
2911,467473.7942545414
2912,467632.67431139946
2913,467792.7745015621
2914,467949.4653301239
2915,468104.66813111305
2916,468264.89964842796
2917,468421.8054277897
2918,468581.4289791584
2919,468739.70829963684
2920,468901.36423516273
2921,469061.3624691963
2922,469222.4172165394
2923,469383.0067076683
2924,469543.21036338806
2925,469704.67015457153
2926,469865.10212183
2927,470022.55981326103
2928,470183.06322717667
2929,470343.48649406433
2930,470503.39334225655
2931,470664.0866985321
2932,470825.57285904884
2933,470985.21241140366
2934,471144.7978858948
2935,471302.7374148369
2936,471461.6001775265
2937,471621.8722245693
2938,471779.472979784
2939,471939.73827672005
2940,472101.9591448307
2941,472262.5263197422
2942,472422.5065026283
2943,472582.86834836006
2944,472746.7056620121
2945,472907.85934376717
2946,473066.47717022896
2947,473223.0350828171
2948,473380.40148997307
2949,473539.2642505169
2950,473697.18004369736
2951,473860.37587070465
2952,474021.8279950619
2953,474183.8063027859
2954,474345.06882691383
2955,474507.2153894901
2956,474667.873418808
2957,474827.6856560707
2958,474987.00430607796
2959,475147.62178325653
2960,475307.3138654232
2961,475468.02693772316
2962,475628.972877264
2963,475790.06171011925
2964,475952.89102625847
2965,476114.0783209801
2966,476276.54781103134
2967,476435.9714822769
2968,476597.0947585106
2969,476756.3260881901
2970,476913.85913205147
2971,477072.3746855259
2972,477232.71258950233
2973,477393.4247121811
2974,477554.276696682
2975,477715.2161822319
2976,477876.1292769909
2977,478038.966971159
2978,478201.5996787548
2979,478362.33744835854
2980,478524.91006970406
2981,478684.9104516506
2982,478841.6656382084
2983,478999.18346714973
2984,479158.43609905243
2985,479316.61948108673
2986,479476.50140213966
2987,479640.183778286
2988,479802.9611232281
2989,479965.4953455925
2990,480125.64488458633
2991,480286.69902944565
2992,480447.1956026554
2993,480607.11902713776
2994,480766.5356247425
2995,480926.90871429443
2996,481086.3083765507
2997,481250.64989829063
2998,481405.4808642864
2999,481563.1058912277
3000,481722.1762661934
3001,481882.5696647167
3002,482041.8805396557
3003,482202.4200184345
3004,482363.40062618256
3005,482525.41709923744
3006,482686.89826130867
3007,482848.8331646919
3008,483008.0125410557
3009,483169.0588898659
3010,483327.7097835541
3011,483489.4413025379
3012,483653.58914351463
3013,483811.97846221924
3014,483973.01834750175
3015,484131.4992940426
3016,484291.2389090061
3017,484449.5138645172
3018,484610.0732457638
3019,484769.97714567184
3020,484932.2176566124
3021,485094.263217926
3022,485254.2631766796
3023,485414.9843876362
3024,485575.2930595875
3025,485734.5825138092
3026,485891.1452639103
3027,486049.8295893669
3028,486207.07944345474
3029,486368.27715682983
3030,486528.3101923466
3031,486688.3868768215
3032,486848.470580101
3033,487010.6779077053
3034,487164.56560492516
3035,487322.7303187847
3036,487481.04688453674
3037,487671.20478606224
3038,487839.10861849785
3039,488004.95673537254
3040,488169.4168214798
3041,488331.46799874306
3042,488489.3923256397
3043,488648.88986516
3044,488806.9462945461
3045,488970.008081913
3046,489132.5394883156
3047,489290.6505470276
3048,489449.7962343693
3049,489610.3313276768
3050,489772.00101709366
3051,489939.5174765587
3052,490099.6278576851
3053,490256.88408374786
3054,490415.62776970863
3055,490574.21366381645
3056,490733.7174038887
3057,490894.25728726387
3058,491052.67119169235
3059,491213.1332678795
3060,491373.727670908
3061,491534.9343588352
3062,491696.510447979
3063,491855.68109822273
3064,492018.73979616165
3065,492180.04601836205
3066,492337.49159145355
3067,492498.8819401264
3068,492659.1343870163
3069,492821.04742240906
3070,492980.4883160591
3071,493140.6105194092
3072,493298.39627051353
3073,493458.55896925926
3074,493618.1520745754
3075,493778.37652635574
3076,493942.73027920723
3077,494104.15681529045
3078,494262.3303568363
3079,494419.43891096115
3080,494578.32764816284
3081,494737.86897039413
3082,494895.7144150734
3083,495055.1409814358
3084,495218.4106924534
3085,495381.1996486187
3086,495543.02033376694
3087,495705.92824554443
3088,495865.7098865509
3089,496025.25762438774
3090,496184.3451550007
3091,496343.9049487114
3092,496502.69210004807
3093,496661.99440932274
3094,496819.547273159
3095,496978.3127222061
3096,497135.6841714382
3097,497296.45932269096
3098,497459.7980055809
3099,497622.70766067505
3100,497783.9917743206
3101,497943.657651186
3102,498109.7801117897
3103,498270.0628890991
3104,498428.8392779827
3105,498587.58465099335
3106,498745.09633898735
3107,498904.358448267
3108,499065.6922416687
3109,499227.5448758602
3110,499389.49639058113
3111,499551.0686175823
3112,499712.171405077
3113,499875.0128223896
3114,500034.53776955605
3115,500193.3033528328
3116,500350.51893901825
3117,500508.53188824654
3118,500666.5848209858
3119,500826.7662372589
3120,500988.0126693249
3121,501150.2133359909
3122,501311.24558639526
3123,501474.2202539444
3124,501635.7712545395
3125,501795.1325724125
3126,501953.85315585136
3127,502113.0536117554
3128,502274.50939917564
3129,502434.6690044403
3130,502595.3523738384
3131,502754.89685440063
3132,502914.64415359497
3133,503074.7683663368
3134,503234.6932647228
3135,503396.58369612694
3136,503556.2728919983
3137,503715.41610741615
3138,503878.2376675606
3139,504039.72040987015
3140,504200.72680807114
3141,504359.24815273285
3142,504516.69453167915
3143,504675.4877130985
3144,504836.05321741104
3145,504997.1046767235
3146,505159.33486914635
3147,505319.1235318184
3148,505480.24726867676
3149,505642.00959038734
3150,505804.0323290825
3151,505965.4152805805
3152,506125.5475690365
3153,506284.33909630775
3154,506448.17809677124
3155,506607.2550520897
3156,506765.79732751846
3157,506922.0447678566
3158,507084.29875159264
3159,507244.72608327866
3160,507403.8843345642
3161,507562.61897039413
3162,507721.1807394028
3163,507883.3218522072
3164,508038.4495625496
3165,508198.7459180355
3166,508354.0636994839
3167,508540.93965888023
3168,508705.64562034607
3169,508872.5945196152
3170,509036.89697790146
3171,509203.51427459717
3172,509370.54561543465
3173,509534.02958726883
3174,509697.33656072617
3175,509857.0854508877
3176,510010.8708810806
3177,510164.66165709496
3178,510318.7249264717
3179,510472.60521125793
3180,510633.88912558556
3181,510795.8027687073
3182,510957.90198898315
3183,511122.18857240677
3184,511290.237603426
3185,511456.8846921921
3186,511622.4888794422
3187,511785.4474475384
3188,511943.9063408375
3189,512101.0839445591
3190,512255.1444079876
3191,512409.07625865936
3192,512565.3901183605
3193,512723.88836693764
3194,512882.4364128113
3195,513046.13271808624
3196,513209.591360569
3197,513373.043176651
3198,513534.09327578545
3199,513692.83627939224
3200,513853.4506530762
3201,514013.0234475136
3202,514169.92229294777
3203,514327.82984113693
3204,514485.49416828156
3205,514651.0147213936
3206,514810.0722146034
3207,514969.0741429329
3208,515128.2564430237
3209,515289.03221178055
3210,515448.6503429413
3211,515608.3710067272
3212,515765.54552936554
3213,515925.1756081581
3214,516085.60071253777
3215,516242.8774459362
3216,516402.7506287098
3217,516562.6664905548
3218,516723.25138664246
3219,516885.4886689186
3220,517045.670091629
3221,517208.259377718
3222,517364.1107773781
3223,517521.4395213127
3224,517679.6248471737
3225,517838.2918665409
3226,517997.07205200195
3227,518156.88752293587
3228,518317.4932279587
3229,518477.08798861504
3230,518638.3211221695
3231,518799.60882759094
3232,518961.8134417534
3233,519124.03421497345
3234,519282.1478588581
3235,519439.6871647835
3236,519600.50405979156
3237,519759.61653876305
3238,519916.99893808365
3239,520074.80010795593
3240,520233.80007481575
3241,520395.0792295933
3242,520556.3049020767
3243,520715.0140116215
3244,520874.3648762703
3245,521034.2838807106
3246,521191.7571969032
3247,521352.979722023
3248,521513.96334171295
3249,521672.75680589676
3250,521831.5249786377
3251,521991.2571079731
3252,522151.99310064316
3253,522312.27183771133
3254,522473.1488492489
3255,522633.8088672161
3256,522792.55532193184
3257,522957.1795694828
3258,523112.11834430695
3259,523268.5942146778
3260,523426.5781314373
3261,523585.25507092476
3262,523744.1964273453
3263,523904.7417831421
3264,524064.5857949257
3265,524225.97105050087
3266,524384.5468485355
3267,524540.9387676716
3268,524700.4199578762
3269,524861.5063371658
3270,525020.3273415565
3271,525179.3110780716
3272,525339.2342612743
3273,525499.3920874596
3274,525655.8314754963
3275,525815.1109130383
3276,525976.5922579765
3277,526138.5599522591
3278,526298.1881392002
3279,526456.0401904583
3280,526614.7955641747
3281,526772.7484333515
3282,526932.1258060932
3283,527091.2860131264
3284,527249.7171616554
3285,527411.9557256699
3286,527573.9030098915
3287,527732.5518739223
3288,527892.0325055122
3289,528049.945540905
3290,528209.5332500935
3291,528368.7050757408
3292,528527.2445254326
3293,528687.1438760757
3294,528845.2346391678
3295,529003.7739520073
3296,529157.4401943684
3297,529343.9843122959
3298,529502.353408575
3299,529660.9176735878
3300,529821.4125919342
3301,529981.8634848595
3302,530140.4725790024
3303,530299.5971066952
3304,530458.0458478928
3305,530617.5266122818
3306,530776.6798596382
3307,530937.0548489094
3308,531096.3737053871
3309,531258.9676651955
3310,531416.3905172348
3311,531574.7947480679
3312,531733.175504446
3313,531891.716244936
3314,532049.3309102058
3315,532207.9885318279
3316,532365.4134590626
3317,532527.3584432602
3318,532688.0293045044
3319,532848.4910435677
3320,533008.6785421371
3321,533170.063274622
3322,533329.5605771542
3323,533488.1681482792
3324,533648.8821015358
3325,533809.4997601509
3326,533967.3970398903
3327,534127.5692620277
3328,534284.8080244064
3329,534446.6531598568
3330,534606.5199539661
3331,534765.7743284702
3332,534924.2343037128
3333,535084.5090155602
3334,535242.7261817455
3335,535404.2354049683
3336,535565.9443595409
3337,535724.7255980968
3338,535884.6267080307
3339,536043.7705090046
3340,536204.7411952019
3341,536365.7164978981
3342,536524.1875257492
3343,536683.8340027332
3344,536842.1648917198
3345,537000.3569066525
3346,537160.4111168385
3347,537320.4700684547
3348,537483.7757096291
3349,537644.1026701927
3350,537804.206868887
3351,537964.717710495
3352,538124.6813178062
3353,538282.7073998451
3354,538442.9516391754
3355,538602.4900240898
3356,538762.054681778
3357,538921.7310225964
3358,539080.522223711
3359,539238.4749588966
3360,539395.6183173656
3361,539555.5809905529
3362,539719.8723556995
3363,539879.1640443802
3364,540036.1202394962
3365,540196.1552360058
3366,540355.452133894
3367,540513.6825242043
3368,540673.8457927704
3369,540833.0961163044
3370,540993.8793296814
3371,541154.0187861919
3372,541314.4324195385
3373,541475.4038295746
3374,541634.081650734
3375,541792.3075580597
3376,541949.3609936237
3377,542108.5422430038
3378,542268.3223376274
3379,542427.322958231
3380,542584.0302846432
3381,542744.9092626572
3382,542906.5746164322
3383,543067.9717423916
3384,543227.2446889877
3385,543387.6915922165
3386,543546.9673058987
3387,543707.4653632641
3388,543866.0105748177
3389,544022.9977755547
3390,544185.2099013329
3391,544345.4492788315
3392,544507.0172150135
3393,544665.240588665
3394,544827.0942177773
3395,544985.4942359924
3396,545144.5863111019
3397,545304.2880780697
3398,545463.3168077469
3399,545618.8219599724
3400,545777.4695465565
3401,545936.9264121056
3402,546093.7285752296
3403,546253.9123203754
3404,546416.1033022404
3405,546577.9080862999
3406,546737.6846427917
3407,546898.2912180424
3408,547057.6783697605
3409,547220.8767278194
3410,547381.6453073025
3411,547538.9787204266
3412,547699.9155576229
3413,547857.8328104019
3414,548025.7209653854
3415,548185.5647311211
3416,548343.7420420647
3417,548502.6921560764
3418,548659.3828024864
3419,548818.2891550064
3420,548976.3932311535
3421,549132.5178456306
3422,549291.550406456
3423,549450.923551321
3424,549608.5866997242
3425,549769.1717708111
3426,549921.3138108253
3427,550108.5653226376
3428,550268.326864481
3429,550427.1577415466
3430,550588.1961667538
3431,550748.0186305046
3432,550906.4376904964
3433,551065.7563436031
3434,551227.1931476593
3435,551385.5664291382
3436,551543.589143753
3437,551704.2164905071
3438,551863.2280423641
3439,552025.5160050392
3440,552186.2422630787
3441,552344.6819767952
3442,552505.9975669384
3443,552670.7835600376
3444,552831.1485629082
3445,552990.04474926
3446,553148.4247574806
3447,553308.2682962418
3448,553466.3276686668
3449,553625.5149664879
3450,553787.3952558041
3451,553948.6989340782
3452,554109.2806618214
3453,554268.6112585068
3454,554426.2182302475
3455,554584.8943238258
3456,554743.6432974339
3457,554902.0096240044
3458,555062.0869698524
3459,555221.311593771
3460,555382.0347807407
3461,555543.6914918423
3462,555704.8931622505
3463,555864.2403759956
3464,556024.2461304665
3465,556184.5749764442
3466,556349.5036201477
3467,556508.6335041523
3468,556668.0649068356
3469,556826.6257741451
3470,556984.5542216301
3471,557143.627727747
3472,557302.5314500332
3473,557463.5715522766
3474,557623.4192769527
3475,557782.7901442051
3476,557944.9410831928
3477,558105.199413538
3478,558265.2185912132
3479,558426.2600045204
3480,558588.1181881428
3481,558747.4497146606
3482,558907.1699025631
3483,559065.9859542847
3484,559226.6479535103
3485,559381.6153619289
3486,559541.2901630402
3487,559699.4746775627
3488,559862.082719326
3489,560023.0060808659
3490,560184.9906611443
3491,560347.1025528908
3492,560508.8017997742
3493,560669.5007278919
3494,560829.2607626915
3495,560988.4093959332
3496,561148.1703186035
3497,561307.083122015
3498,561465.1810889244
3499,561624.6663143635
3500,561783.1596391201
3501,561944.8064248562
3502,562104.275018692
3503,562265.9465579987
3504,562427.0376925468
3505,562588.8879172802
3506,562749.1008090973
3507,562908.3600583076
3508,563066.0933930874
3509,563226.8897604942
3510,563385.7026643753
3511,563544.9187254906
3512,563706.1117296219
3513,563866.1803665161
3514,564025.7611014843
3515,564185.3859767914
3516,564347.0612773895
3517,564507.453450203
3518,564673.5475568771
3519,564831.7295322418
3520,564989.0441663265
3521,565146.7557845116
3522,565307.7956664562
3523,565466.9964594841
3524,565626.9787833691
3525,565786.2328708172
3526,565947.7344751358
3527,566109.10085392
3528,566269.0106153488
3529,566429.289441824
3530,566590.386507988
3531,566749.5887978077
3532,566910.1464660168
3533,567068.3282310963
3534,567226.5514173508
3535,567387.5734004974
3536,567546.5739300251
3537,567707.8833091259
3538,567867.9964866638
3539,568029.569845438
3540,568192.6089818478
3541,568354.1618974209
3542,568514.8253026009
3543,568673.5266225338
3544,568832.5262444019
3545,568992.5601940155
3546,569152.7659780979
3547,569314.8488123417
3548,569475.4437003136
3549,569634.6976265907
3550,569796.9767866135
3551,569956.3751311302
3552,570114.7321400642
3553,570276.0094563961
3554,570433.7479116917
3555,570595.4431717396
3556,570750.9292623997
3557,570936.2675144672
3558,571094.3897578716
3559,571251.5552539825
3560,571410.5485546589
3561,571568.5970211029
3562,571726.2584776878
3563,571885.0501866341
3564,572045.8547251225
3565,572209.265689373
3566,572368.9424474239
3567,572529.461451292
3568,572690.8873260021
3569,572849.496391058
3570,573017.2661561966
3571,573174.0833883286
3572,573329.8879289627
3573,573486.7788527012
3574,573645.9989414215
3575,573803.2715909481
3576,573960.897241354
3577,574121.2536172867
3578,574281.8892591
3579,574443.1378622055
3580,574606.3163676262
3581,574767.0589799881
3582,574926.8054804802
3583,575083.5868299007
3584,575243.685656786
3585,575405.4286386967
3586,575564.8648519516
3587,575725.1039719582
3588,575882.302336216
3589,576040.5772001743
3590,576197.5377402306
3591,576359.1093125343
3592,576519.91086936
3593,576682.4736955166
3594,576843.820081234
3595,577003.3729839325
3596,577163.3949973583
3597,577321.2169210911
3598,577480.4549007416
3599,577639.5077557564
3600,577799.2160184383
3601,577960.3349161148
3602,578122.9935922623
3603,578282.2324979305
3604,578442.4821228981
3605,578603.3016269207
3606,578764.2513756752
3607,578923.5345637798
3608,579081.7987320423
3609,579241.660854578
3610,579401.7468748093
3611,579560.5398590565
3612,579718.6984255314
3613,579877.6893150806
3614,580037.8707914352
3615,580199.9454331398
3616,580362.5782208443
3617,580523.2616436481
3618,580682.5020139217
3619,580841.152132988
3620,580999.0975494385
3621,581164.2784721851
3622,581321.8220567703
3623,581480.1479532719
3624,581641.9231259823
3625,581798.638964653
3626,581955.7904002666
3627,582114.4987418652
3628,582274.2657644749
3629,582432.9562222958
3630,582593.2517571449
3631,582753.4050381184
3632,582911.2422206402
3633,583071.1656310558
3634,583233.6485807896
3635,583395.1747598648
3636,583557.6752414703
3637,583717.1799063683
3638,583877.9215743542
3639,584036.5138711929
3640,584197.3616552353
3641,584355.0757088661
3642,584513.3200705051
3643,584671.9936037064
3644,584833.7601020336
3645,584993.9123156071
3646,585152.7224943638
3647,585314.3520908356
3648,585474.7278120518
3649,585635.6063919067
3650,585793.3384721279
3651,585951.6100378036
3652,586111.4823586941
3653,586271.4463460445
3654,586431.7738022804
3655,586592.0766484737
3656,586749.4449241161
3657,586909.7956771851
3658,587070.8655610085
3659,587230.0641412735
3660,587391.8621277809
3661,587550.6633033752
3662,587712.1174607277
3663,587873.4890563488
3664,588033.6683459282
3665,588192.9884438515
3666,588351.5388395786
3667,588509.7727231979
3668,588666.7687532902
3669,588825.5656385422
3670,588985.8377668858
3671,589149.0816481113
3672,589309.4671125412
3673,589469.7460558414
3674,589630.3800158501
3675,589789.9463896751
3676,589947.8150970936
3677,590105.9971354008
3678,590265.2398152351
3679,590425.4175405502
3680,590583.0364260674
3681,590742.4557423592
3682,590901.1848523617
3683,591061.5877532959
3684,591221.9032716751
3685,591384.0827925205
3686,591540.5366504192
3687,591728.253401041
3688,591891.3080580235
3689,592049.471310854
3690,592206.9965314865
3691,592364.4842972755
3692,592523.0082125664
3693,592681.2571587563
3694,592840.4055433273
3695,592999.3022978306
3696,593162.6615035534
3697,593324.2373034954
3698,593483.5965309143
3699,593642.1259298325
3700,593801.4221179485
3701,593957.8560724258
3702,594113.9882040024
3703,594273.861230135
3704,594435.5204167366
3705,594593.2747979164
3706,594753.923525095
3707,594917.808015585
3708,595079.6172184944
3709,595241.4782426357
3710,595401.2483694553
3711,595562.1889848709
3712,595721.2083644867
3713,595878.2199811935
3714,596035.1084039211
3715,596191.0512974262
3716,596348.8593597412
3717,596507.7611672878
3718,596669.1016814709
3719,596829.2920820713
3720,596991.7829248905
3721,597157.9104368687
3722,597316.1059789658
3723,597473.1730194092
3724,597630.4732608795
3725,597787.083395958
3726,597944.5119636059
3727,598102.9357635975
3728,598261.3357794285
3729,598419.113101244
3730,598581.2610404491
3731,598744.4165394306
3732,598908.4604318142
3733,599067.2612907887
3734,599224.8189466
3735,599382.0751035213
3736,599540.4456574917
3737,599698.1944699287
3738,599857.806593895
3739,600018.8763592243
3740,600179.0827143192
3741,600338.4641907215
3742,600498.6150465012
3743,600656.5658557415
3744,600815.2035541534
3745,600973.7981393337
3746,601132.5764839649
3747,601291.1150128841
3748,601452.1196520329
3749,601611.5624074936
3750,601771.633918047
3751,601931.7543101311
3752,602091.552384615
3753,602249.244594574
3754,602406.7764286995
3755,602563.4146664143
3756,602723.8351814747
3757,602886.4091801643
3758,603046.9993815422
3759,603207.8512232304
3760,603365.6958653927
3761,603525.3787901402
3762,603685.5475394726
3763,603845.7264630795
3764,604005.813867569
3765,604162.8068101406
3766,604321.9440860748
3767,604480.6115803719
3768,604637.5898201466
3769,604797.3237528801
3770,604964.4779961109
3771,605125.1976070404
3772,605281.842335701
3773,605439.0510210991
3774,605597.3537423611
3775,605755.8706114292
3776,605913.9011516571
3777,606074.2379460335
3778,606234.198887825
3779,606394.8043689728
3780,606552.1137816906
3781,606709.9375286102
3782,606866.6101000309
3783,607027.1790578365
3784,607188.0208044052
3785,607349.0831837654
3786,607511.127325058
3787,607673.2094345093
3788,607833.7733113766
3789,607990.3944573402
3790,608145.6558814049
3791,608302.740929842
3792,608460.9557566643
3793,608620.6957268715
3794,608779.9596328735
3795,608941.1768598557
3796,609101.9242193699
3797,609262.5977687836
3798,609421.707410574
3799,609577.7315275669
3800,609736.3438367844
3801,609896.5901432037
3802,610056.9465205669
3803,610218.5839550495
3804,610379.8924181461
3805,610538.5557017326
3806,610695.8774316311
3807,610852.5639724731
3808,611011.1387197971
3809,611169.5096738338
3810,611329.0425333977
3811,611489.1591033936
3812,611649.4042928219
3813,611808.8928120136
3814,611965.9540851116
3815,612127.030225277
3816,612282.4055790901
3817,612469.01390481
3818,612630.2296340466
3819,612790.799407959
3820,612953.5927968025
3821,613109.1180987358
3822,613265.3082401752
3823,613420.7277405262
3824,613576.9888904095
3825,613734.9455838203
3826,613893.8733928204
3827,614053.5690743923
3828,614214.3520534039
3829,614374.9241073132
3830,614535.8997952938
3831,614695.0715520382
3832,614853.2502253056
3833,615014.2962393761
3834,615174.5952706337
3835,615331.8497121334
3836,615490.6407546997
3837,615649.0894007683
3838,615808.9080557823
3839,615970.6069304943
3840,616130.8973584175
3841,616290.6977586746
3842,616451.1917960644
3843,616611.1220388412
3844,616770.3429031372
3845,616928.9060788155
3846,617086.410654068
3847,617245.7408771515
3848,617405.6586983204
3849,617563.8508286476
3850,617724.9106822014
3851,617884.8911628723
3852,618044.2680418491
3853,618203.2142333984
3854,618362.8719341755
3855,618522.946898222
3856,618679.8530595303
3857,618838.7043273449
3858,618996.9928970337
3859,619155.7468321323
3860,619314.7421452999
3861,619474.2423477173
3862,619634.8349206448
3863,619795.5909423828
3864,619953.8492279053
3865,620113.1356167793
3866,620273.6109323502
3867,620432.3332955837
3868,620592.6876430511
3869,620752.7801382542
3870,620912.4537734985
3871,621071.1638801098
3872,621238.6162939072
3873,621395.9355363846
3874,621552.0663700104
3875,621710.0438289642
3876,621869.5590348244
3877,622025.4287960529
3878,622181.3600399494
3879,622340.4895694256
3880,622500.9025244713
3881,622661.6034538746
3882,622820.741386652
3883,622982.6070973873
3884,623147.1389679909
3885,623310.1460137367
3886,623473.4564611912
3887,623633.4276628494
3888,623791.643304348
3889,623949.0666441917
3890,624107.5927066803
3891,624265.6646001339
3892,624423.1032018661
3893,624578.8083231449
3894,624735.821434021
3895,624894.3247275352
3896,625052.7479965687
3897,625213.6107206345
3898,625374.7935769558
3899,625538.0349442959
3900,625702.0453484058
3901,625864.8811163902
3902,626025.5568857193
3903,626183.8221747875
3904,626342.1760621071
3905,626501.5541584492
3906,626660.5278849602
3907,626818.538435936
3908,626979.2144591808
3909,627139.9136583805
3910,627301.5462310314
3911,627461.86318326
3912,627621.8676950932
3913,627785.4795534611
3914,627945.2865581512
3915,628105.070179224
3916,628263.8766803741
3917,628421.9784312248
3918,628582.0465929508
3919,628741.6250905991
3920,628902.8177161217
3921,629063.1525497437
3922,629225.1157538891
3923,629388.0761344433
3924,629545.9346847534
3925,629704.7896571159
3926,629860.4230883121
3927,630016.4396157265
3928,630173.3147583008
3929,630329.9024171829
3930,630489.1092233658
3931,630651.2742705345
3932,630813.8263971806
3933,630974.4598214626
3934,631131.3289570808
3935,631289.3146531582
3936,631448.8261175156
3937,631608.9898798466
3938,631766.8631014824
3939,631927.4660727978
3940,632086.4986188412
3941,632244.7397835255
3942,632404.365200758
3943,632561.9696497917
3944,632719.1163372993
3945,632881.1803638935
3946,633036.3777115345
3947,633220.3148505688
3948,633376.8531372547
3949,633535.0183298588
3950,633692.3928830624
3951,633850.7446956635
3952,634009.1947083473
3953,634168.3353486061
3954,634326.8855550289
3955,634485.2369217873
3956,634644.2018704414
3957,634802.66121912
3958,634961.4617986679
3959,635120.6168985367
3960,635278.7807867527
3961,635437.6112458706
3962,635597.1425521374
3963,635758.02627635
3964,635920.539280653
3965,636080.017582655
3966,636243.9437639713
3967,636403.8151123524
3968,636562.6722283363
3969,636722.8310863972
3970,636881.5478210449
3971,637040.4871051311
3972,637197.1253044605
3973,637356.1559123993
3974,637514.199410677
3975,637673.9097182751
3976,637838.603145361
3977,637996.5821964741
3978,638153.5814960003
3979,638313.7507169247
3980,638473.6630458832
3981,638631.4379162788
3982,638791.1803915501
3983,638953.7572016716
3984,639113.3505618572
3985,639273.0492362976
3986,639433.4628608227
3987,639593.271864891
3988,639751.960654974
3989,639910.4571890831
3990,640070.0865130424
3991,640231.0223162174
3992,640393.597884655
3993,640557.0060026646
3994,640716.9556901455
3995,640875.8050396442
3996,641034.3129498959
3997,641193.525333643
3998,641352.5931270123
3999,641510.5683877468
4000,641667.8736629486
4001,641825.575455904
4002,641983.2845304012
4003,642144.3435332775
4004,642304.9457378387
4005,642465.7869215012
4006,642626.9398519993
4007,642788.3614375591
4008,642953.1943795681
4009,643117.6190042496
4010,643279.9267244339
4011,643443.1296262741
4012,643603.6946184635
4013,643762.6055707932
4014,643923.0904693604
4015,644081.1598222256
4016,644237.8790159225
4017,644399.037469387
4018,644557.8541405201
4019,644716.9377055168
4020,644877.3597455025
4021,645038.6600437164
4022,645199.3471670151
4023,645358.8778862953
4024,645517.1606113911
4025,645677.2795534134
4026,645838.1622662544
4027,645998.1962258816
4028,646165.6763396263
4029,646326.7364063263
4030,646486.3346745968
4031,646646.8196673393
4032,646806.3105003834
4033,646965.2623317242
4034,647121.6575903893
4035,647280.932046175
4036,647438.5143067837
4037,647599.3702788353
4038,647760.3560290337
4039,647922.2746167183
4040,648083.5253231525
4041,648243.4269955158
4042,648402.5774636269
4043,648560.1880812645
4044,648719.2016201019
4045,648879.2550706863
4046,649039.3988769054
4047,649198.4671809673
4048,649356.9442641735
4049,649521.3258013725
4050,649684.0968909264
4051,649844.2117271423
4052,650003.3962848186
4053,650161.2045910358
4054,650319.3323376179
4055,650478.1738743782
4056,650639.121660471
4057,650798.8499400616
4058,650960.9502003193
4059,651120.9080276489
4060,651281.3534140587
4061,651442.5108168125
4062,651601.5343167782
4063,651762.2459836006
4064,651921.3006591797
4065,652080.2885756493
4066,652240.8329043388
4067,652401.1782333851
4068,652560.4983019829
4069,652718.1452200413
4070,652877.7563347816
4071,653038.4030029774
4072,653199.012321949
4073,653358.6116154194
4074,653518.6759002209
4075,653679.1785948277
4076,653831.5756921768
4077,654015.4740726948
4078,654179.6250476837
4079,654349.6822166443
4080,654511.5142068863
4081,654674.7184209824
4082,654838.6310343742
4083,655002.1620275974
4084,655164.7321984768
4085,655325.8829054832
4086,655485.8294439316
4087,655643.3252904415
4088,655803.443646431
4089,655962.6748650074
4090,656121.6066515446
4091,656279.2772321701
4092,656439.6516373158
4093,656601.016430378
4094,656761.0075106621
4095,656922.7561740875
4096,657081.2826337814
4097,657242.8641016483
4098,657403.1905949116
4099,657563.0464131832
4100,657722.8245201111
4101,657882.6281251907
4102,658042.1420001984
4103,658202.369726181
4104,658361.5726718903
4105,658522.2173187733
4106,658682.1283407211
4107,658843.6464500427
4108,659001.3312146664
4109,659162.6542882919
4110,659322.5536773205
4111,659482.5543663502
4112,659641.8776903152
4113,659802.2497997284
4114,659962.6935281754
4115,660121.4146654606
4116,660282.198442936
4117,660441.7039096355
4118,660601.6739821434
4119,660760.5057616234
4120,660918.2790384293
4121,661078.6052882671
4122,661241.706748724
4123,661404.4705998898
4124,661566.3559291363
4125,661725.231926918
4126,661882.8959093094
4127,662041.1459436417
4128,662197.840282917
4129,662358.3588867188
4130,662524.775386095
4131,662683.3710343838
4132,662839.864386797
4133,662995.096423626
4134,663152.9982497692
4135,663311.7193775177
4136,663471.7253558636
4137,663631.8209564686
4138,663792.8918244839
4139,663954.7945482731
4140,664118.8738284111
4141,664282.7217578888
4142,664445.6897416115
4143,664606.1827106476
4144,664764.5832183361
4145,664922.4331567287
4146,665081.5854406357
4147,665243.0345253944
4148,665402.9724535942
4149,665562.69084692
4150,665721.3392810822
4151,665880.3499224186
4152,666039.5069794655
4153,666201.743639946
4154,666364.4273793697
4155,666526.2264575958
4156,666688.1154646873
4157,666851.5369465351
4158,667012.6231069565
4159,667174.7864611149
4160,667332.5184545517
4161,667490.0153067112
4162,667648.0977239609
4163,667808.7020969391
4164,667969.6544964314
4165,668130.3675465584
4166,668291.743103981
4167,668450.5281045437
4168,668611.1476962566
4169,668769.1275804043
4170,668928.8416087627
4171,669087.7860343456
4172,669249.9259693623
4173,669409.9593632221
4174,669569.2734153271
4175,669730.9792215824
4176,669894.441735506
4177,670055.536544323
4178,670216.2033083439
4179,670378.3354516029
4180,670538.1091911793
4181,670700.3809325695
4182,670859.7373111248
4183,671016.6925332546
4184,671181.2624418736
4185,671339.0757064819
4186,671497.0352261066
4187,671654.3731718063
4188,671813.7522623539
4189,671973.5462155342
4190,672132.3748576641
4191,672290.0874817371
4192,672453.939635992
4193,672618.341388464
4194,672783.6773757935
4195,672945.157143116
4196,673108.8339765072
4197,673272.0951859951
4198,673435.9001324177
4199,673600.7762572765
4200,673762.5738356113
4201,673924.3046166897
4202,674083.9593117237
4203,674243.0549480915
4204,674403.7207195759
4205,674561.0066800117
4206,674748.2503302097
4207,674908.3594169617
4208,675068.0467894077
4209,675229.7371537685
4210,675389.5985944271
4211,675547.3947103024
4212,675707.553606987
4213,675870.8727257252
4214,676030.7049057484
4215,676192.4176518917
4216,676352.919023037
4217,676513.5082690716
4218,676672.125701189
4219,676829.2326288223
4220,676988.175745964
4221,677146.5302183628
4222,677306.5847218037
4223,677464.0978043079
4224,677624.848086834
4225,677785.7834815979
4226,677948.9517855644
4227,678112.6350562572
4228,678276.6927540302
4229,678441.308937788
4230,678605.325397253
4231,678769.5949075222
4232,678934.8010988235
4233,679098.972743988
4234,679261.4532525539
4235,679423.2584807873
4236,679593.0405900478
4237,679754.6816616058
4238,679916.576136589
4239,680079.067363739
4240,680243.0676450729
4241,680407.2947745323
4242,680570.715416193
4243,680735.5978913307
4244,680900.1509261131
4245,681065.9207234383
4246,681230.5062479973
4247,681396.4902839661
4248,681563.021875143
4249,681731.9360632896
4250,681900.7750346661
4251,682070.712221384
4252,682243.1603477001
4253,682416.5531156063
4254,682590.8478717804
4255,682761.1727929115
4256,682930.04164958
4257,683097.863414526
4258,683261.4994204044
4259,683421.8168122768
4260,683579.6548433304
4261,683735.9001665115
4262,683889.8908910751
4263,684045.3292102814
4264,684204.6040773392
4265,684365.3181877136
4266,684527.9024119377
4267,684691.3034334183
4268,684857.3717052937
4269,685019.6154477596
4270,685183.2659716606
4271,685346.1286821365
4272,685507.7982156277
4273,685666.5665121078
4274,685825.1942503452
4275,685981.4996013641
4276,686135.4860701561
4277,686293.4811525345
4278,686453.4415721893
4279,686615.2733948231
4280,686778.0195064545
4281,686941.7724728584
4282,687108.2720253468
4283,687274.0711119175
4284,687439.0056314468
4285,687602.6010582447
4286,687768.2513585091
4287,687933.3257844448
4288,688095.7482326031
4289,688268.5790350437
4290,688438.7639138699
4291,688608.1503055096
4292,688777.5633602142
4293,688946.1103312969
4294,689113.762512207
4295,689277.9673583508
4296,689440.7792959213
4297,689601.3034069538
4298,689760.303483963
4299,689918.9084751606
4300,690076.6154644489
4301,690234.9892213345
4302,690394.9795193672
4303,690557.8218004704
4304,690722.4405388832
4305,690890.291986227
4306,691057.9934828281
4307,691228.0447227955
4308,691398.5837550163
4309,691567.4496972561
4310,691737.8542573452
4311,691908.4777362347
4312,692079.2827806473
4313,692247.2851157188
4314,692415.3314750195
4315,692581.0406608582
4316,692744.8143212795
4317,692904.2448494434
4318,693064.89746809
4319,693224.1748657227
4320,693383.075401783
4321,693541.454518795
4322,693698.8735303879
4323,693859.1046414375
4324,694022.4304664135
4325,694184.9236631393
4326,694347.0243020058
4327,694508.4242618084
4328,694671.8687536716
4329,694830.8589658737
4330,694988.3283658028
4331,695143.3181602955
4332,695302.4858853817
4333,695459.6992094517
4334,695612.9590728283
4335,695775.206792593
4336,695963.3656013012
4337,696124.0934157372
4338,696287.9845035076
4339,696453.2632629871
4340,696616.1840600967
4341,696785.8696563244
4342,696948.5236573219
4343,697107.9254486561
4344,697270.0725340843
4345,697430.0338790417
4346,697592.2624533176
4347,697753.3135890961
4348,697912.8404541016
4349,698073.3360319138
4350,698235.5199275017
4351,698394.849076271
4352,698554.9768106937
4353,698714.5668981075
4354,698873.6968142986
4355,699033.4675009251
4356,699194.2898237705
4357,699353.863325119
4358,699514.3626089096
4359,699676.6731600761
4360,699836.0567178726
4361,699996.5855121613
4362,700160.0184166431
4363,700323.0054662228
4364,700484.74645257
4365,700645.6450948715
4366,700808.8079099655
4367,700971.0264129639
4368,701132.993516922
4369,701293.1577274799
4370,701452.0167689323
4371,701612.2655038834
4372,701769.4223425388
4373,701931.2852520943
4374,702090.4032833576
4375,702250.7278995514
4376,702409.961874485
4377,702569.8088421822
4378,702729.3770353794
4379,702891.1334512234
4380,703052.6318717003
4381,703213.0137000084
4382,703372.2378275394
4383,703531.2621269226
4384,703692.9988880157
4385,703854.3401412964
4386,704016.1835198402
4387,704180.3459801674
4388,704346.3624286652
4389,704511.245757103
4390,704673.2661755085
4391,704836.5584852695
4392,705008.0420536995
4393,705172.247377634
4394,705339.7982304096
4395,705507.0125494003
4396,705677.376758337
4397,705848.7969858646
4398,706022.5654101372
4399,706198.3423633575
4400,706373.3729217052
4401,706547.5002043247
4402,706717.7599895
4403,706887.1001677513
4404,707057.1162772179
4405,707225.6099662781
4406,707392.908957243
4407,707558.530983448
4408,707720.8282032013
4409,707881.0492558479
4410,708041.2296745777
4411,708197.5751335621
4412,708351.4566197395
4413,708509.6372287273
4414,708668.2581186295
4415,708828.5778970718
4416,708989.3869400024
4417,709151.477902174
4418,709316.5877287388
4419,709482.2466673851
4420,709649.7386260033
4421,709815.178150177
4422,709980.2797193527
4423,710142.894318819
4424,710305.500795126
4425,710466.8300180435
4426,710626.409309864
4427,710783.5100979805
4428,710941.5542945862
4429,711097.9513156414
4430,711256.2272748947
4431,711414.7714586258
4432,711572.7380475998
4433,711735.3998889923
4434,711897.2599341869
4435,712059.8704662323
4436,712222.8533239365
4437,712385.9695057869
4438,712548.8899307251
4439,712712.348184824
4440,712877.9910006523
4441,713041.7801067829
4442,713201.4660420418
4443,713362.1701078415
4444,713528.1148483753
4445,713685.973587513
4446,713843.876475811
4447,714002.8193819523
4448,714162.6346998215
4449,714320.3268344402
4450,714478.6268975735
4451,714637.385226965
4452,714797.376273632
4453,714960.3286123276
4454,715120.0786335468
4455,715281.2738935947
4456,715440.6969411373
4457,715600.577632904
4458,715757.7369949818
4459,715915.1160862446
4460,716074.6464440823
4461,716237.4119544029
4462,716398.6329250336
4463,716559.9008204937
4464,716713.910973072
4465,716871.8243370056
4466,717060.1822018623
4467,717220.7400729656
4468,717378.4844520092
4469,717535.9929804802
4470,717694.7310154438
4471,717854.8376421928
4472,718016.3396279812
4473,718176.5293135643
4474,718338.019408226
4475,718499.890175581
4476,718661.7534854412
4477,718823.0744576454
4478,718982.8099253178
4479,719142.9936840534
4480,719302.8422186375
4481,719460.3039786816
4482,719621.7095675468
4483,719779.8887543678
4484,719937.7777950764
4485,720096.7335488796
4486,720254.4927010536
4487,720413.1007349491
4488,720572.1997327805
4489,720732.6045191288
4490,720895.781373024
4491,721057.4740405083
4492,721219.9169614315
4493,721382.494566679
4494,721543.2734899521
4495,721705.4334993362
4496,721867.0128955841
4497,722033.0138218403
4498,722191.2107601166
4499,722346.5403068066
4500,722502.0635955334
4501,722659.2646691799
4502,722818.2970445156
4503,722977.2768647671
4504,723137.358468771
4505,723300.927637577
4506,723463.3202753067
4507,723628.0761179924
4508,723790.4473690987
4509,723953.3573327065
4510,724115.3848834038
4511,724274.7843058109
4512,724432.6111292839
4513,724589.182600975
4514,724746.9842274189
4515,724903.1820111275
4516,725061.0722339153
4517,725219.4987223148
4518,725380.4552333355
4519,725542.0578231812
4520,725706.1798717976
4521,725867.5131320953
4522,726029.6376974583
4523,726192.3875949383
4524,726351.650891304
4525,726512.6010277271
4526,726670.6753251553
4527,726832.5533173084
4528,726991.4934961796
4529,727152.2101612091
4530,727309.5746386051
4531,727467.8194181919
4532,727627.4537551403
4533,727787.4461929798
4534,727947.4348604679
4535,728108.189324379
4536,728271.3153679371
4537,728431.8055648804
4538,728590.3900098801
4539,728747.3985674381
4540,728905.4166538715
4541,729064.7527177334
4542,729224.7538442612
4543,729385.6433186531
4544,729547.2897558212
4545,729709.9235744476
4546,729870.4907598495
4547,730028.1839709282
4548,730187.2521545887
4549,730345.5722763538
4550,730507.1826381683
4551,730664.9078710079
4552,730824.9562945366
4553,730983.7889926434
4554,731145.4491188526
4555,731304.0310020447
4556,731464.4120633602
4557,731626.412535429
4558,731785.949993372
4559,731946.1760282516
4560,732107.258589983
4561,732267.5552563667
4562,732426.2321081161
4563,732587.3441762924
4564,732746.0850920677
4565,732906.3164572716
4566,733065.1372129917
4567,733224.3778100014
4568,733384.683624506
4569,733542.3232676983
4570,733703.1858124733
4571,733860.75182724
4572,734019.5493495464
4573,734178.8074235916
4574,734338.9717550278
4575,734501.8772175312
4576,734661.8268127441
4577,734824.0534675121
4578,734983.6076779366
4579,735142.9210808277
4580,735303.1167733669
4581,735462.5223140717
4582,735622.7759811878
4583,735779.9830548763
4584,735939.2544438839
4585,736100.1185941696
4586,736258.497303009
4587,736419.6525614262
4588,736581.6304802895
4589,736743.7663655281
4590,736903.9862437248
4591,737060.3629455566
4592,737217.275406599
4593,737375.1705255508
4594,737530.8492343426
4595,737690.5320112705
4596,737874.193444252
4597,738032.8834466934
4598,738188.8722958565
4599,738349.4100522995
4600,738509.8268947601
4601,738670.7250089645
4602,738837.8219881058
4603,738999.8861513138
4604,739158.1147341728
4605,739315.4705340862
4606,739473.2762486935
4607,739630.5101184845
4608,739788.9786708355
4609,739949.7655901909
4610,740112.211129427
4611,740273.4787116051
4612,740435.0684709549
4613,740596.2867794037
4614,740756.4935641289
4615,740918.2518179417
4616,741076.0038018227
4617,741234.6966791153
4618,741394.1819384098
4619,741555.1099412441
4620,741714.5349881649
4621,741873.9094305038
4622,742032.2972874641
4623,742191.4768564701
4624,742353.2766041756
4625,742513.9965147972
4626,742675.5716245174
4627,742838.1541399956
4628,742999.7723867893
4629,743159.8153307438
4630,743318.7146320343
4631,743478.6435534954
4632,743635.6533813477
4633,743797.3393080235
4634,743958.1852962971
4635,744118.895667553
4636,744278.2256240845
4637,744437.874651432
4638,744598.8833251
4639,744757.3833749294
4640,744917.3569846153
4641,745078.2424528599
4642,745239.0834674835
4643,745395.531314373
4644,745555.4017629623
4645,745714.1971039772
4646,745875.2091751099
4647,746035.1400575638
4648,746194.0389509201
4649,746355.4251179695
4650,746516.7456190586
4651,746679.211745739
4652,746840.8215177059
4653,747006.6950397491
4654,747167.1099276543
4655,747328.8440880775
4656,747488.7277646065
4657,747647.5578169823
4658,747807.8864076138
4659,747967.972058773
4660,748127.6319203377
4661,748283.0444302559
4662,748443.5505156517
4663,748603.0047600269
4664,748762.3765461445
4665,748923.8246598244
4666,749085.2921705246
4667,749245.5352883339
4668,749405.9617009163
4669,749567.9402031898
4670,749726.3616447449
4671,749885.4923813343
4672,750044.6719982624
4673,750204.2124760151
4674,750363.7303955555
4675,750521.3007175922
4676,750682.1688024998
4677,750843.815097332
4678,751004.0595760345
4679,751164.4961497784
4680,751326.5721526146
4681,751488.0850071907
4682,751648.0505111217
4683,751805.7576007843
4684,751963.2319071293
4685,752122.3781366348
4686,752282.1503214836
4687,752442.9975409508
4688,752604.6295611858
4689,752766.8457057476
4690,752926.1336271763
4691,753085.317053318
4692,753244.3707547188
4693,753404.1592853069
4694,753562.6226489544
4695,753722.1508603096
4696,753880.9472212791
4697,754041.9563479424
4698,754202.0128204823
4699,754362.0570297241
4700,754522.2519247532
4701,754683.1721291542
4702,754843.974666357
4703,755005.2979750633
4704,755163.6199388504
4705,755323.6115496159
4706,755489.8108496666
4707,755649.135900259
4708,755808.0388674736
4709,755964.8693878651
4710,756120.9779393673
4711,756278.7885119915
4712,756438.9451208115
4713,756601.3766832352
4714,756761.9300663471
4715,756922.0580337048
4716,757081.6609277725
4717,757241.2204217911
4718,757402.085164547
4719,757560.365395546
4720,757718.9619677067
4721,757880.4366307259
4722,758040.1030366421
4723,758199.6316406727
4724,758355.4636495113
4725,758512.8942821026
4726,758695.8761527538
4727,758850.8181037903
4728,759009.351508379
4729,759168.9150395393
4730,759327.901610136
4731,759487.0770521164
4732,759648.6153404713
4733,759811.6719501019
4734,759973.8721616268
4735,760136.4284617901
4736,760301.1963627338
4737,760464.6097798347
4738,760629.5168902874
4739,760798.9839446545
4740,760965.4165256023
4741,761131.0686283112
4742,761296.0464701653
4743,761463.0058541298
4744,761628.922826767
4745,761795.9415471554
4746,761960.5396947861
4747,762125.5433704853
4748,762290.2138504982
4749,762454.9031536579
4750,762616.3812987804
4751,762777.9350562096
4752,762942.1585321426
4753,763105.0935897827
4754,763264.971108675
4755,763424.9516792297
4756,763583.3441500664
4757,763745.2739443779
4758,763902.7893264294
4759,764058.3379917145
4760,764216.8022515774
4761,764377.6479086876
4762,764536.361061573
4763,764697.4867990017
4764,764857.8263618946
4765,765019.0175368786
4766,765179.8837370872
4767,765339.1524133682
4768,765500.812882185
4769,765664.2467832565
4770,765824.2732586861
4771,765985.4136991501
4772,766143.8279335499
4773,766303.0934357643
4774,766460.7731120586
4775,766617.6756634712
4776,766777.9490215778
4777,766937.8786172867
4778,767100.908809185
4779,767260.6430678368
4780,767422.6649873257
4781,767584.2164130211
4782,767742.8842813969
4783,767900.5420217514
4784,768057.4616997242
4785,768216.2962236404
4786,768375.0337321758
4787,768535.9293959141
4788,768698.0393736362
4789,768861.5161619186
4790,769022.358533144
4791,769180.340274334
4792,769339.8475310802
4793,769500.7494416237
4794,769660.8788163662
4795,769820.8733642101
4796,769981.3318715096
4797,770140.5235106945
4798,770298.9491078854
4799,770459.0655519962
4800,770619.0154168606
4801,770776.7250113487
4802,770936.3561835289
4803,771092.97636199
4804,771251.5164558887
4805,771409.4064939022
4806,771569.9306185246
4807,771733.2380614281
4808,771895.9571442604
4809,772062.5450670719
4810,772231.1340112686
4811,772392.1263859272
4812,772551.5631968975
4813,772710.8873310089
4814,772868.392111063
4815,773029.5688118935
4816,773187.552059412
4817,773345.0477910042
4818,773500.9263758659
4819,773660.1466012001
4820,773815.7514944077
4821,773976.3104469776
4822,774138.3674738407
4823,774303.4125843048
4824,774468.15335536
4825,774633.3918907642
4826,774796.3279256821
4827,774959.0727972984
4828,775119.546397686
4829,775278.8308289051
4830,775438.198974371
4831,775595.9712421894
4832,775755.0188176632
4833,775912.8823494911
4834,776072.7925891876
4835,776233.6674938202
4836,776393.4895370007
4837,776555.7478415966
4838,776715.0095021725
4839,776872.8114447594
4840,777033.4371430874
4841,777192.1482784748
4842,777352.7706520557
4843,777511.388730526
4844,777670.052113533
4845,777830.455019474
4846,777990.0801739693
4847,778150.0183880329
4848,778310.3021128178
4849,778471.9342925549
4850,778630.1069209576
4851,778790.407443285
4852,778949.6593549252
4853,779108.4372711182
4854,779263.1667628288
4855,779420.6102325916
4856,779603.8494114876
4857,779759.5932657719
4858,779919.1103622913
4859,780078.9403367043
4860,780238.1464152336
4861,780399.5445358753
4862,780565.4912848473
4863,780724.4692344666
4864,780883.2665734291
4865,781039.9225039482
4866,781198.3173630238
4867,781355.644292593
4868,781514.7163703442
4869,781675.5883390903
4870,781835.3359999657
4871,781996.5338578224
4872,782157.8091452122
4873,782318.5940606594
4874,782480.4143595695
4875,782640.8051776886
4876,782801.5063416958
4877,782960.4172036648
4878,783122.2496652603
4879,783280.5317003727
4880,783438.2935705185
4881,783595.807602644
4882,783755.0079803467
4883,783915.3143115044
4884,784073.1848216057
4885,784232.4586977959
4886,784392.9655532837
4887,784552.5504171848
4888,784713.4268007278
4889,784874.2656767368
4890,785032.88580513
4891,785191.6649324894
4892,785350.4544146061
4893,785511.5176961422
4894,785671.7898437977
4895,785831.7804179192
4896,785991.6733307838
4897,786151.3057010174
4898,786309.6043360233
4899,786470.2220039368
4900,786630.2964818478
4901,786789.6194782257
4902,786948.8447930813
4903,787109.350379467
4904,787269.7070345879
4905,787428.9275114536
4906,787587.740180254
4907,787748.1658434868
4908,787911.3104376793
4909,788071.3095903397
4910,788228.0477309227
4911,788386.7564954758
4912,788548.3896994591
4913,788709.6025915146
4914,788873.7244250774
4915,789032.3327441216
4916,789190.4786603451
4917,789348.8740639687
4918,789509.3328652382
4919,789669.1107461452
4920,789829.0174248219
4921,789991.1015360355
4922,790151.6309401989
4923,790311.9416179657
4924,790470.3036546707
4925,790629.3659975529
4926,790788.3003988266
4927,790949.2010235786
4928,791109.9421007633
4929,791270.6529755592
4930,791433.3329606056
4931,791593.8006675243
4932,791754.190125227
4933,791913.7035069466
4934,792071.8282511234
4935,792231.088768959
4936,792390.8183326721
4937,792551.1243622303
4938,792711.6976034641
4939,792870.3531851768
4940,793032.0464529991
4941,793191.4510684013
4942,793351.0603969097
4943,793511.9773197174
4944,793672.4903986454
4945,793833.190422535
4946,793993.1159703732
4947,794152.3649654388
4948,794311.7104003429
4949,794471.6948375702
4950,794631.7171692848
4951,794792.6050274372
4952,794950.694337368
4953,795111.8060200214
4954,795273.7482755184
4955,795432.4321930408
4956,795590.6356694698
4957,795750.4926626682
4958,795909.6669456959
4959,796069.0797843933
4960,796230.4493896961
4961,796391.3429031372
4962,796554.0600714684
4963,796716.6403310299
4964,796880.2297081947
4965,797040.0123698711
4966,797207.6059720516
4967,797365.294990778
4968,797521.7563455105
4969,797680.2028515339
4970,797840.5650024414
4971,797998.2892582417
4972,798158.5537221432
4973,798319.8108174801
4974,798478.1660528183
4975,798637.7667016983
4976,798799.8466424942
4977,798958.8456866741
4978,799119.8479750156
4979,799278.9502675533
4980,799439.0797679424
4981,799599.2858192921
4982,799758.6256957054
4983,799915.8781404495
4984,800070.1888244152
4985,800229.6820447445
4986,800413.5983653069
4987,800573.5459480286
4988,800732.515488863
4989,800893.5394618511
4990,801053.3031144142
4991,801214.2808263302
4992,801373.2559752464
4993,801531.3717808723
4994,801690.817517519
4995,801848.9906628132
4996,802008.906637907
4997,802168.422971487
4998,802328.5128257275
4999,802488.6970090866
5000,802649.5262160301
5001,802811.5303683281
5002,802973.541762352
5003,803135.918847084
5004,803294.2110090256
5005,803450.889932394
5006,803607.9221396446
5007,803764.9274396896
5008,803924.7593281269
5009,804082.4689302444
5010,804243.7366979122
5011,804405.0497786999
5012,804569.0527751446
5013,804733.6993021965
5014,804894.4143900871
5015,805057.6125779152
5016,805219.3878393173
5017,805376.9949936867
5018,805535.347108841
5019,805699.2545361519
5020,805857.9058837891
5021,806014.8040175438
5022,806170.5575110912
5023,806294.6095635891
5024,806407.6533195972
