0,1.7204999923706055
1,1.7489999532699585
2,1.6970000267028809
3,1.6959999799728394
4,1.75
5,1.747499942779541
6,1.809999942779541
7,1.6875
8,1.7085000276565552
9,1.777999997138977
10,1.7834999561309814
11,1.683500051498413
12,1.7829999923706055
13,1.8224999904632568
14,1.691499948501587
15,1.7300000190734863
16,1.843500018119812
17,1.7070000171661377
18,1.7925000190734863
19,1.7200000286102295
20,1.753999948501587
21,1.6799999475479126
22,1.7575000524520874
23,1.7300000190734863
24,1.7015000581741333
25,1.7899999618530273
26,1.7315000295639038
27,1.6794999837875366
28,1.7914999723434448
29,1.7144999504089355
30,1.816499948501587
31,1.652999997138977
32,1.7450000047683716
33,1.6920000314712524
34,1.7710000276565552
35,1.7869999408721924
36,1.6065000295639038
37,1.7389999628067017
38,1.8524999618530273
39,1.7274999618530273
40,1.7489999532699585
41,1.590499997138977
42,1.6375000476837158
43,1.7135000228881836
44,1.7690000534057617
45,1.659999966621399
46,1.7949999570846558
47,1.7400000095367432
48,1.747499942779541
49,1.7699999809265137
50,1.850000023841858
51,1.7020000219345093
52,1.7109999656677246
53,1.7799999713897705
54,1.784000039100647
55,1.718000054359436
56,1.7580000162124634
57,1.7419999837875366
58,1.7300000190734863
59,1.7714999914169312
60,1.7380000352859497
61,1.7059999704360962
62,1.7000000476837158
63,1.7630000114440918
64,1.7925000190734863
65,1.7209999561309814
66,1.7795000076293945
67,1.5449999570846558
68,1.655500054359436
69,1.7990000247955322
70,1.6974999904632568
71,1.6649999618530273
72,1.6825000047683716
73,1.718500018119812
74,1.7710000276565552
75,1.8350000381469727
76,1.7879999876022339
77,1.7330000400543213
78,1.7595000267028809
79,1.7070000171661377
80,1.753999948501587
81,1.7085000276565552
82,1.687999963760376
83,1.7324999570846558
84,1.7554999589920044
85,1.6019999980926514
86,1.7265000343322754
87,1.815500020980835
88,1.8040000200271606
89,1.68149995803833
90,1.7695000171661377
91,1.8035000562667847
92,1.6790000200271606
93,1.7419999837875366
94,1.6990000009536743
95,1.7634999752044678
96,1.7209999561309814
97,1.7960000038146973
98,1.8535000085830688
99,1.7300000190734863
100,1.7884999513626099
101,1.752500057220459
102,1.7489999532699585
103,1.7450000047683716
104,1.7230000495910645
105,1.8044999837875366
106,1.6775000095367432
107,1.7489999532699585
108,1.7335000038146973
109,1.7065000534057617
110,1.6950000524520874
111,1.7424999475479126
112,1.6770000457763672
113,1.844499945640564
114,1.718999981880188
115,1.7035000324249268
116,1.7755000591278076
117,1.7050000429153442
118,1.787500023841858
119,1.7304999828338623
120,1.7120000123977661
121,1.6864999532699585
122,1.7795000076293945
123,1.7584999799728394
124,1.7595000267028809
125,1.752500057220459
126,1.7165000438690186
127,1.7079999446868896
128,1.687000036239624
129,1.74399995803833
130,1.694000005722046
131,1.7654999494552612
132,1.753999948501587
133,1.7039999961853027
134,1.8489999771118164
135,1.7304999828338623
136,1.8320000171661377
137,1.781000018119812
138,1.747499942779541
139,1.808500051498413
140,1.6864999532699585
141,1.747499942779541
142,1.7029999494552612
143,1.746999979019165
144,1.715000033378601
145,1.7625000476837158
146,1.816499948501587
147,1.6664999723434448
148,1.81850004196167
149,1.694000005722046
150,1.8545000553131104
151,1.88100004196167
152,1.8220000267028809
153,1.7115000486373901
154,1.7654999494552612
155,1.7410000562667847
156,1.6629999876022339
157,1.7860000133514404
158,1.8359999656677246
159,1.7139999866485596
160,1.725000023841858
161,1.7519999742507935
162,1.712499976158142
163,1.7610000371932983
164,1.8329999446868896
165,1.725000023841858
166,1.7350000143051147
167,1.7599999904632568
168,1.7795000076293945
169,1.6855000257492065
170,1.8350000381469727
171,1.7589999437332153
172,1.687999963760376
173,1.746500015258789
174,1.7285000085830688
175,1.8179999589920044
176,1.6460000276565552
177,1.7050000429153442
178,1.6265000104904175
179,1.7834999561309814
180,1.7890000343322754
181,1.7580000162124634
182,1.8274999856948853
183,1.7174999713897705
184,1.6239999532699585
185,1.6959999799728394
186,1.7484999895095825
187,1.6694999933242798
188,1.8279999494552612
189,1.683500051498413
190,1.7365000247955322
191,1.7395000457763672
192,1.7254999876022339
193,1.7335000038146973
194,1.7869999408721924
195,1.694000005722046
196,1.7484999895095825
197,1.721500039100647
198,1.6260000467300415
199,1.69350004196167
200,1.815000057220459
201,1.8174999952316284
202,1.7510000467300415
203,1.8265000581741333
204,1.6714999675750732
205,1.8359999656677246
206,1.659500002861023
207,1.7209999561309814
208,1.8049999475479126
209,1.7130000591278076
210,1.7515000104904175
211,1.7065000534057617
212,1.7855000495910645
213,1.8075000047683716
214,1.7584999799728394
215,1.7984999418258667
216,1.8274999856948853
217,1.7415000200271606
218,1.7760000228881836
219,1.7020000219345093
220,1.7259999513626099
221,1.7380000352859497
222,1.7695000171661377
223,1.8025000095367432
224,1.6584999561309814
225,1.722000002861023
226,1.7829999923706055
227,1.781499981880188
228,1.75
229,1.7269999980926514
230,1.8055000305175781
231,1.684999942779541
232,1.756500005722046
233,1.7664999961853027
234,1.6495000123977661
235,1.7855000495910645
236,1.690000057220459
237,1.812999963760376
238,1.7725000381469727
239,1.7280000448226929
240,1.75600004196167
241,1.7704999446868896
242,1.7604999542236328
243,1.7109999656677246
244,1.7899999618530273
245,1.8350000381469727
246,1.7740000486373901
247,1.7400000095367432
248,1.7725000381469727
249,1.8075000047683716
250,1.7675000429153442
251,1.8170000314712524
252,1.7975000143051147
253,1.784500002861023
254,1.7545000314712524
255,1.7515000104904175
256,1.7899999618530273
257,1.6349999904632568
258,1.7580000162124634
259,1.753000020980835
260,1.7165000438690186
261,1.8044999837875366
262,1.722000002861023
263,1.7934999465942383
264,1.7860000133514404
265,1.7239999771118164
266,1.7200000286102295
267,1.8265000581741333
268,1.8804999589920044
269,1.656000018119812
270,1.7389999628067017
271,1.7079999446868896
272,1.7575000524520874
273,1.7035000324249268
274,1.7719999551773071
275,1.684000015258789
276,1.7100000381469727
277,1.8040000200271606
278,1.7315000295639038
279,1.8205000162124634
280,1.7035000324249268
281,1.871500015258789
282,1.7359999418258667
283,1.7359999418258667
284,1.7584999799728394
285,1.6794999837875366
286,1.6964999437332153
287,1.6994999647140503
288,1.7144999504089355
289,1.6690000295639038
290,1.7634999752044678
291,1.7209999561309814
292,1.6710000038146973
293,1.7489999532699585
294,1.812000036239624
295,1.6864999532699585
296,1.7374999523162842
297,1.7144999504089355
298,1.7740000486373901
299,1.7315000295639038
300,1.8559999465942383
301,1.725000023841858
302,1.6744999885559082
303,1.8005000352859497
304,1.690000057220459
305,1.74399995803833
306,1.7630000114440918
307,1.7730000019073486
308,1.7484999895095825
309,1.6825000047683716
310,1.7230000495910645
311,1.752500057220459
312,1.7209999561309814
313,1.753499984741211
314,1.7664999961853027
315,1.7584999799728394
316,1.7324999570846558
317,1.653499960899353
318,1.7079999446868896
319,1.753499984741211
320,1.656000018119812
321,1.7864999771118164
322,1.7489999532699585
323,1.8075000047683716
324,1.7289999723434448
325,1.7015000581741333
326,1.7649999856948853
327,1.7669999599456787
328,1.8329999446868896
329,1.687999963760376
330,1.809999942779541
331,1.659999966621399
332,1.6790000200271606
333,1.7105000019073486
334,1.7664999961853027
335,1.6970000267028809
336,1.7799999713897705
337,1.8029999732971191
338,1.7795000076293945
339,1.7580000162124634
340,1.7489999532699585
341,1.7664999961853027
342,1.8285000324249268
343,1.7230000495910645
344,1.75600004196167
345,1.7599999904632568
346,1.7130000591278076
347,1.8235000371932983
348,1.7869999408721924
349,1.6675000190734863
350,1.8235000371932983
351,1.7135000228881836
352,1.6655000448226929
353,1.7454999685287476
354,1.7769999504089355
355,1.7999999523162842
356,1.7489999532699585
357,1.7265000343322754
358,1.80649995803833
359,1.8014999628067017
360,1.6924999952316284
361,1.8580000400543213
362,1.8135000467300415
363,1.6770000457763672
364,1.725000023841858
365,1.7595000267028809
366,1.715000033378601
367,1.8240000009536743
368,1.725000023841858
369,1.7350000143051147
370,1.7914999723434448
371,1.750499963760376
372,1.6660000085830688
373,1.684000015258789
374,1.840999960899353
375,1.8424999713897705
376,1.812999963760376
377,1.628499984741211
378,1.7790000438690186
379,1.7589999437332153
380,1.7009999752044678
381,1.7764999866485596
382,1.6955000162124634
383,1.6985000371932983
384,1.6634999513626099
385,1.753999948501587
386,1.6964999437332153
387,1.809999942779541
388,1.652999997138977
389,1.715999960899353
390,1.6864999532699585
391,1.6994999647140503
392,1.715000033378601
393,1.7295000553131104
394,1.753499984741211
395,1.808500051498413
396,1.7970000505447388
397,1.7144999504089355
398,1.749500036239624
399,1.7890000343322754
400,1.7404999732971191
401,1.7879999876022339
402,1.7949999570846558
403,1.8005000352859497
404,1.8114999532699585
405,1.7860000133514404
406,1.6454999446868896
407,1.6699999570846558
408,1.7144999504089355
409,1.690500020980835
410,1.69350004196167
411,1.8044999837875366
412,1.656499981880188
413,1.7760000228881836
414,1.722499966621399
415,1.815999984741211
416,1.7324999570846558
417,1.7699999809265137
418,1.7755000591278076
419,1.7265000343322754
420,1.7354999780654907
421,1.722499966621399
422,1.7569999694824219
423,1.7450000047683716
424,1.6929999589920044
425,1.694000005722046
426,1.777999997138977
427,1.8380000591278076
428,1.7024999856948853
429,1.7410000562667847
430,1.7235000133514404
431,1.7855000495910645
432,1.7130000591278076
433,1.7510000467300415
434,1.7330000400543213
435,1.7330000400543213
436,1.7450000047683716
437,1.6985000371932983
438,1.7295000553131104
439,1.718500018119812
440,1.7144999504089355
441,1.7280000448226929
442,1.7300000190734863
443,1.8220000267028809
444,1.753499984741211
445,1.8005000352859497
446,1.7769999504089355
447,1.7489999532699585
448,1.7580000162124634
449,1.8220000267028809
450,1.809999942779541
451,1.715000033378601
452,1.590499997138977
453,1.812999963760376
454,1.659000039100647
455,1.7625000476837158
456,1.8600000143051147
457,1.6230000257492065
458,1.7869999408721924
459,1.6579999923706055
460,1.7044999599456787
461,1.7235000133514404
462,1.7005000114440918
463,1.8205000162124634
464,1.690000057220459
465,1.7484999895095825
466,1.7640000581741333
467,1.7235000133514404
468,1.7269999980926514
469,1.7089999914169312
470,1.749500036239624
471,1.6610000133514404
472,1.6660000085830688
473,1.7630000114440918
474,1.6694999933242798
475,1.7454999685287476
476,1.694000005722046
477,1.8025000095367432
478,1.7254999876022339
479,1.656000018119812
480,1.7235000133514404
481,1.7174999713897705
482,1.743499994277954
483,1.8765000104904175
484,1.7654999494552612
485,1.7384999990463257
486,1.815500020980835
487,1.7595000267028809
488,1.6794999837875366
489,1.722000002861023
490,1.690000057220459
491,1.7634999752044678
492,1.7309999465942383
493,1.68149995803833
494,1.6785000562667847
495,1.6655000448226929
496,1.7799999713897705
497,1.7764999866485596
498,1.6775000095367432
499,1.6644999980926514
500,1.7330000400543213
501,1.781000018119812
502,1.8415000438690186
503,1.7669999599456787
504,1.781000018119812
505,1.7089999914169312
506,1.7480000257492065
507,1.721500039100647
508,1.7599999904632568
509,1.8350000381469727
510,1.7645000219345093
511,1.75
512,1.8040000200271606
513,1.7554999589920044
514,1.656999945640564
515,1.7269999980926514
516,1.7755000591278076
517,1.7755000591278076
518,1.718500018119812
519,1.684999942779541
520,1.7549999952316284
521,1.7675000429153442
522,1.7419999837875366
523,1.7415000200271606
524,1.7545000314712524
525,1.8214999437332153
526,1.7265000343322754
527,1.6955000162124634
528,1.7265000343322754
529,1.6929999589920044
530,1.6885000467300415
531,1.8370000123977661
532,1.7680000066757202
533,1.7664999961853027
534,1.6929999589920044
535,1.6970000267028809
536,1.6859999895095825
537,1.6720000505447388
538,1.778499960899353
539,1.8285000324249268
540,1.7699999809265137
541,1.7979999780654907
542,1.847499966621399
543,1.7395000457763672
544,1.7714999914169312
545,1.7510000467300415
546,1.743499994277954
547,1.7059999704360962
548,1.6859999895095825
549,1.7675000429153442
550,1.781000018119812
551,1.8174999952316284
552,1.6920000314712524
553,1.718000054359436
554,1.6950000524520874
555,1.6890000104904175
556,1.6755000352859497
557,1.809999942779541
558,1.6825000047683716
559,1.753000020980835
560,1.7690000534057617
561,1.6924999952316284
562,1.8389999866485596
563,1.7575000524520874
564,1.7115000486373901
565,1.7315000295639038
566,1.659999966621399
567,1.7115000486373901
568,1.7834999561309814
569,1.7015000581741333
570,1.6950000524520874
571,1.8035000562667847
572,1.7430000305175781
573,1.7599999904632568
574,1.7384999990463257
575,1.7365000247955322
576,1.8320000171661377
577,1.7265000343322754
578,1.6950000524520874
579,1.8144999742507935
580,1.7230000495910645
581,1.7319999933242798
582,1.6260000467300415
583,1.7024999856948853
584,1.656999945640564
585,1.8244999647140503
586,1.8279999494552612
587,1.871000051498413
588,1.8014999628067017
589,1.6759999990463257
590,1.8459999561309814
591,1.8250000476837158
592,1.7430000305175781
593,1.7719999551773071
594,1.7610000371932983
595,1.8294999599456787
596,1.684000015258789
597,1.7070000171661377
570,1.753499984741211
571,1.7855000495910645
572,1.8324999809265137
573,1.7235000133514404
574,1.743499994277954
575,1.6920000314712524
576,1.8144999742507935
577,1.6634999513626099
578,1.7410000562667847
579,1.7415000200271606
580,1.781999945640564
581,1.7200000286102295
582,1.7554999589920044
583,1.7315000295639038
584,1.7094999551773071
585,1.7640000581741333
586,1.6714999675750732
587,1.7165000438690186
588,1.6855000257492065
589,1.7660000324249268
590,1.7595000267028809
591,1.7285000085830688
592,1.7365000247955322
593,1.7660000324249268
594,1.777999997138977
595,1.8014999628067017
596,1.746999979019165
597,1.6855000257492065
598,1.6875
599,1.8040000200271606
600,1.7604999542236328
601,1.69350004196167
602,1.6790000200271606
603,1.7289999723434448
604,1.8235000371932983
605,1.8200000524520874
606,1.722000002861023
607,1.8285000324249268
608,1.7879999876022339
609,1.690500020980835
610,1.722000002861023
611,1.7135000228881836
612,1.712499976158142
613,1.781999945640564
614,1.7380000352859497
615,1.7230000495910645
616,1.684999942779541
617,1.7365000247955322
618,1.6725000143051147
619,1.6725000143051147
620,1.7879999876022339
621,1.6799999475479126
622,1.8114999532699585
623,1.7769999504089355
624,1.747499942779541
625,1.7615000009536743
626,1.7335000038146973
627,1.7044999599456787
628,1.6740000247955322
629,1.8109999895095825
630,1.690999984741211
631,1.7345000505447388
632,1.8174999952316284
633,1.6749999523162842
634,1.7580000162124634
635,1.7575000524520874
636,1.721500039100647
637,1.6894999742507935
638,1.7675000429153442
639,1.6545000076293945
640,1.7834999561309814
641,1.7584999799728394
642,1.684000015258789
643,1.7575000524520874
644,1.7044999599456787
645,1.7680000066757202
646,1.7604999542236328
647,1.7929999828338623
648,1.6540000438690186
649,1.8044999837875366
650,1.6644999980926514
651,1.597499966621399
652,1.7094999551773071
653,1.753000020980835
654,1.7289999723434448
655,1.722499966621399
656,1.7645000219345093
657,1.7669999599456787
658,1.7230000495910645
659,1.7269999980926514
660,1.7829999923706055
661,1.6920000314712524
662,1.655500054359436
663,1.7890000343322754
664,1.7769999504089355
665,1.7209999561309814
666,1.712499976158142
667,1.684999942779541
668,1.784999966621399
669,1.718500018119812
670,1.8255000114440918
671,1.7259999513626099
672,1.684000015258789
673,1.712499976158142
674,1.7654999494552612
675,1.7730000019073486
676,1.7374999523162842
677,1.8035000562667847
678,1.74399995803833
679,1.6744999885559082
680,1.6920000314712524
681,1.7079999446868896
682,1.7630000114440918
683,1.6779999732971191
684,1.6764999628067017
685,1.712499976158142
686,1.6805000305175781
687,1.809000015258789
688,1.7894999980926514
689,1.7359999418258667
690,1.684999942779541
691,1.7595000267028809
692,1.7554999589920044
693,1.712499976158142
694,1.6794999837875366
695,1.690999984741211
696,1.781000018119812
697,1.7285000085830688
698,1.6495000123977661
699,1.687000036239624
700,1.7024999856948853
701,1.7690000534057617
702,1.7669999599456787
703,1.7680000066757202
704,1.75600004196167
705,1.7884999513626099
706,1.81850004196167
707,1.722000002861023
708,1.7244999408721924
709,1.596500039100647
710,1.7350000143051147
711,1.7714999914169312
712,1.753000020980835
713,1.7024999856948853
714,1.7630000114440918
715,1.81850004196167
716,1.7044999599456787
717,1.7274999618530273
718,1.7610000371932983
719,1.6955000162124634
720,1.7285000085830688
721,1.656000018119812
722,1.7235000133514404
723,1.719499945640564
724,1.7829999923706055
725,1.7484999895095825
726,1.6584999561309814
727,1.7015000581741333
728,1.781000018119812
729,1.7634999752044678
730,1.8524999618530273
731,1.8485000133514404
732,1.753000020980835
733,1.8359999656677246
734,1.7630000114440918
735,1.7059999704360962
736,1.7430000305175781
737,1.7055000066757202
738,1.715999960899353
739,1.7914999723434448
740,1.6994999647140503
741,1.743499994277954
742,1.6950000524520874
743,1.815999984741211
744,1.7339999675750732
745,1.7170000076293945
746,1.7660000324249268
747,1.7410000562667847
748,1.7645000219345093
749,1.75600004196167
750,1.7300000190734863
751,1.8224999904632568
752,1.6445000171661377
753,1.75600004196167
754,1.7120000123977661
755,1.7269999980926514
756,1.7515000104904175
757,1.7829999923706055
758,1.8350000381469727
759,1.718999981880188
760,1.7825000286102295
761,1.6749999523162842
762,1.7630000114440918
763,1.7604999542236328
764,1.6890000104904175
765,1.756500005722046
766,1.7295000553131104
767,1.784000039100647
768,1.7384999990463257
769,1.6734999418258667
770,1.8305000066757202
771,1.7940000295639038
772,1.784500002861023
773,1.6330000162124634
774,1.7719999551773071
775,1.8574999570846558
776,1.781499981880188
777,1.756500005722046
778,1.7699999809265137
779,1.7519999742507935
780,1.8320000171661377
781,1.7610000371932983
782,1.8359999656677246
783,1.6855000257492065
784,1.7259999513626099
785,1.715499997138977
786,1.7415000200271606
787,1.6959999799728394
788,1.7094999551773071
789,1.7450000047683716
790,1.722000002861023
791,1.7625000476837158
792,1.7690000534057617
793,1.8049999475479126
794,1.7285000085830688
795,1.7324999570846558
796,1.6505000591278076
797,1.7864999771118164
798,1.7269999980926514
799,1.7545000314712524
800,1.7660000324249268
801,1.7204999923706055
802,1.8105000257492065
803,1.721500039100647
804,1.7725000381469727
805,1.8630000352859497
806,1.752500057220459
807,1.7105000019073486
808,1.778499960899353
809,1.7975000143051147
810,1.7430000305175781
811,1.749500036239624
812,1.6684999465942383
813,1.777999997138977
814,1.8179999589920044
815,1.746500015258789
816,1.7664999961853027
817,1.8494999408721924
818,1.6720000505447388
819,1.6755000352859497
820,1.7769999504089355
821,1.7419999837875366
822,1.8480000495910645
823,1.7345000505447388
824,1.7489999532699585
825,1.7755000591278076
826,1.7230000495910645
827,1.6475000381469727
828,1.8079999685287476
829,1.715499997138977
830,1.7860000133514404
831,1.8025000095367432
832,1.7074999809265137
833,1.7575000524520874
834,1.7204999923706055
835,1.749500036239624
836,1.6660000085830688
837,1.7445000410079956
838,1.7109999656677246
839,1.7979999780654907
840,1.7165000438690186
841,1.7940000295639038
842,1.7940000295639038
843,1.7079999446868896
844,1.684499979019165
845,1.7790000438690186
846,1.7510000467300415
847,1.7549999952316284
848,1.8174999952316284
849,1.7480000257492065
850,1.8324999809265137
851,1.752500057220459
852,1.8070000410079956
853,1.7404999732971191
854,1.7760000228881836
855,1.6649999618530273
856,1.7760000228881836
857,1.6929999589920044
858,1.746000051498413
859,1.7799999713897705
860,1.7339999675750732
861,1.777500033378601
862,1.8040000200271606
863,1.8385000228881836
864,1.690000057220459
865,1.7430000305175781
866,1.8194999694824219
867,1.8270000219345093
868,1.680999994277954
869,1.7834999561309814
870,1.7829999923706055
871,1.7664999961853027
872,1.6855000257492065
873,1.7894999980926514
874,1.7374999523162842
875,1.7634999752044678
876,1.7580000162124634
877,1.7549999952316284
878,1.7589999437332153
879,1.7269999980926514
880,1.780500054359436
881,1.7235000133514404
882,1.6820000410079956
883,1.718999981880188
884,1.7730000019073486
885,1.6885000467300415
886,1.7144999504089355
887,1.6855000257492065
888,1.7239999771118164
889,1.7964999675750732
890,1.6714999675750732
891,1.8329999446868896
892,1.6720000505447388
893,1.7035000324249268
894,1.7684999704360962
895,1.7964999675750732
896,1.7599999904632568
897,1.722000002861023
898,1.7144999504089355
899,1.8485000133514404
900,1.7304999828338623
901,1.7055000066757202
902,1.7519999742507935
903,1.8105000257492065
904,1.7345000505447388
905,1.812000036239624
906,1.8209999799728394
907,1.7580000162124634
908,1.746999979019165
909,1.8070000410079956
910,1.725000023841858
911,1.7979999780654907
912,1.7619999647140503
913,1.75600004196167
914,1.8114999532699585
915,1.7480000257492065
916,1.8029999732971191
917,1.8079999685287476
918,1.743499994277954
919,1.7415000200271606
920,1.6970000267028809
921,1.7799999713897705
922,1.7719999551773071
923,1.6759999990463257
924,1.7699999809265137
925,1.6955000162124634
926,1.844499945640564
927,1.7654999494552612
928,1.7634999752044678
929,1.781499981880188
930,1.7914999723434448
931,1.7044999599456787
932,1.6365000009536743
933,1.722499966621399
934,1.7335000038146973
935,1.7745000123977661
936,1.756500005722046
937,1.6740000247955322
938,1.8370000123977661
939,1.7089999914169312
940,1.6484999656677246
941,1.7105000019073486
942,1.8114999532699585
943,1.6670000553131104
944,1.6929999589920044
945,1.809999942779541
946,1.780500054359436
947,1.7424999475479126
948,1.690500020980835
949,1.7955000400543213
950,1.881500005722046
951,1.7710000276565552
952,1.81850004196167
953,1.6820000410079956
954,1.8240000009536743
955,1.6495000123977661
956,1.81850004196167
957,1.7719999551773071
958,1.690500020980835
959,1.7085000276565552
960,1.6959999799728394
961,1.784000039100647
962,1.7395000457763672
963,1.7914999723434448
964,1.722000002861023
965,1.6864999532699585
966,1.7554999589920044
967,1.7130000591278076
968,1.8309999704360962
969,1.7834999561309814
970,1.6684999465942383
971,1.7890000343322754
972,1.774999976158142
973,1.7144999504089355
974,1.6729999780654907
975,1.7925000190734863
976,1.75600004196167
977,1.7755000591278076
978,1.7834999561309814
979,1.684499979019165
980,1.7725000381469727
981,1.725000023841858
982,1.812999963760376
983,1.7725000381469727
984,1.6434999704360962
985,1.719499945640564
986,1.7230000495910645
987,1.7575000524520874
988,1.7510000467300415
989,1.6174999475479126
990,1.6890000104904175
991,1.684000015258789
992,1.7239999771118164
993,1.7450000047683716
994,1.659000039100647
995,1.8135000467300415
996,1.6829999685287476
997,1.747499942779541
998,1.8125
999,1.7914999723434448
1000,1.690000057220459
1001,1.7315000295639038
1002,1.7269999980926514
1003,1.7430000305175781
1004,1.7009999752044678
1005,1.6825000047683716
1006,1.8200000524520874
1007,1.7990000247955322
1008,1.7285000085830688
1009,1.7354999780654907
1010,1.7695000171661377
1011,1.7604999542236328
1012,1.7230000495910645
1013,1.8819999694824219
1014,1.7430000305175781
1015,1.718000054359436
1016,1.687999963760376
1017,1.7640000581741333
1018,1.715499997138977
1019,1.8380000591278076
1020,1.74399995803833
1021,1.6885000467300415
1022,1.746999979019165
1023,1.6950000524520874
1024,1.812999963760376
1025,1.7065000534057617
1026,1.718999981880188
1027,1.7790000438690186
1028,1.753000020980835
1029,1.8339999914169312
1030,1.8194999694824219
1031,1.7825000286102295
1032,1.7734999656677246
1033,1.7365000247955322
1034,1.7869999408721924
1035,1.819000005722046
1036,1.74399995803833
1037,1.8339999914169312
1038,1.7135000228881836
1039,1.7905000448226929
1040,1.7549999952316284
1041,1.7680000066757202
1042,1.7799999713897705
1043,1.6929999589920044
1044,1.6799999475479126
1045,1.6859999895095825
1046,1.7884999513626099
1047,1.7404999732971191
1048,1.7074999809265137
1049,1.843999981880188
1050,1.7610000371932983
1051,1.7599999904632568
1052,1.7274999618530273
1053,1.746000051498413
1054,1.7725000381469727
1055,1.871500015258789
1056,1.7304999828338623
1057,1.8205000162124634
1058,1.7404999732971191
1059,1.7009999752044678
1060,1.7204999923706055
1061,1.8220000267028809
1062,1.8265000581741333
1063,1.7384999990463257
1064,1.715499997138977
1065,1.7554999589920044
1066,1.6794999837875366
1067,1.7350000143051147
1068,1.7914999723434448
1069,1.6540000438690186
1070,1.7074999809265137
1071,1.712499976158142
1072,1.7204999923706055
1073,1.6959999799728394
1074,1.7430000305175781
1075,1.7380000352859497
1076,1.7454999685287476
1077,1.6495000123977661
1078,1.7769999504089355
1079,1.6755000352859497
1080,1.7029999494552612
1081,1.7710000276565552
1082,1.6720000505447388
1083,1.7374999523162842
1084,1.7604999542236328
1085,1.8194999694824219
1086,1.7680000066757202
1087,1.7940000295639038
1088,1.7660000324249268
1089,1.656000018119812
1090,1.6829999685287476
1091,1.7285000085830688
1092,1.8355000019073486
1093,1.6655000448226929
1094,1.6475000381469727
1095,1.7549999952316284
1096,1.7289999723434448
1097,1.6660000085830688
1098,1.7239999771118164
1099,1.8250000476837158
1100,1.7734999656677246
1101,1.6419999599456787
1102,1.7760000228881836
1103,1.7259999513626099
1104,1.7545000314712524
1105,1.725000023841858
1106,1.6705000400543213
1107,1.7710000276565552
1108,1.8014999628067017
1109,1.7790000438690186
1110,1.7085000276565552
1111,1.7380000352859497
1112,1.7304999828338623
1113,1.7675000429153442
1114,1.7825000286102295
1115,1.7419999837875366
1116,1.7070000171661377
1117,1.8174999952316284
1118,1.7719999551773071
1119,1.7855000495910645
1120,1.6920000314712524
1121,1.784000039100647
1122,1.7489999532699585
1123,1.7740000486373901
1124,1.7890000343322754
1125,1.722499966621399
1126,1.6605000495910645
1127,1.7050000429153442
1128,1.7085000276565552
1129,1.6794999837875366
1130,1.7280000448226929
1131,1.7484999895095825
1132,1.6649999618530273
1133,1.752500057220459
1134,1.7795000076293945
1135,1.7604999542236328
1136,1.6729999780654907
1137,1.7934999465942383
1138,1.715999960899353
1139,1.74399995803833
1140,1.7339999675750732
1141,1.7269999980926514
1142,1.8205000162124634
1143,1.7484999895095825
1144,1.7139999866485596
1145,1.694000005722046
1146,1.7894999980926514
1147,1.7404999732971191
1148,1.7604999542236328
1149,1.7369999885559082
1150,1.7680000066757202
1151,1.7595000267028809
1152,1.7244999408721924
1153,1.749500036239624
1154,1.8070000410079956
1155,1.7384999990463257
1156,1.80649995803833
1157,1.718999981880188
1158,1.7395000457763672
1159,1.752500057220459
1160,1.7120000123977661
1161,1.7315000295639038
1162,1.8044999837875366
1163,1.7235000133514404
1164,1.6490000486373901
1165,1.6414999961853027
1166,1.7430000305175781
1167,1.7489999532699585
1168,1.753000020980835
1169,1.7450000047683716
1170,1.743499994277954
1171,1.7035000324249268
1172,1.8079999685287476
1173,1.7395000457763672
1174,1.690999984741211
1175,1.7899999618530273
1176,1.8025000095367432
1177,1.7979999780654907
1178,1.746500015258789
1179,1.718000054359436
1180,1.7354999780654907
1181,1.781999945640564
1182,1.8029999732971191
1183,1.725000023841858
1184,1.7890000343322754
1185,1.777999997138977
1186,1.7669999599456787
1187,1.7584999799728394
1188,1.7039999961853027
1189,1.652999997138977
1190,1.7970000505447388
1191,1.6655000448226929
1192,1.6959999799728394
1193,1.719499945640564
1194,1.7074999809265137
1195,1.7825000286102295
1196,1.7365000247955322
1197,1.7745000123977661
1198,1.7949999570846558
1199,1.7020000219345093
1200,1.8289999961853027
1201,1.722499966621399
1202,1.7740000486373901
1203,1.683500051498413
1204,1.7879999876022339
1205,1.7319999933242798
1206,1.715000033378601
1207,1.6929999589920044
1208,1.7304999828338623
1209,1.7964999675750732
1210,1.746500015258789
1211,1.7039999961853027
1212,1.7345000505447388
1213,1.7415000200271606
1214,1.7975000143051147
1215,1.809999942779541
1216,1.812000036239624
1217,1.719499945640564
1218,1.6959999799728394
1219,1.7005000114440918
1220,1.7484999895095825
1221,1.691499948501587
1222,1.7545000314712524
1223,1.7165000438690186
1224,1.6519999504089355
1225,1.8005000352859497
1226,1.7410000562667847
1227,1.6950000524520874
1228,1.75600004196167
1229,1.8109999895095825
1230,1.7404999732971191
1231,1.8580000400543213
1232,1.7920000553131104
1233,1.7489999532699585
1234,1.7855000495910645
1235,1.7339999675750732
1236,1.8144999742507935
1237,1.6790000200271606
1238,1.7315000295639038
1239,1.7339999675750732
1240,1.7829999923706055
1241,1.7660000324249268
1242,1.8014999628067017
1243,1.7730000019073486
1244,1.774999976158142
1245,1.7630000114440918
1246,1.684499979019165
1247,1.7074999809265137
1248,1.6755000352859497
1249,1.7415000200271606
1250,1.7365000247955322
1251,1.6024999618530273
1252,1.812999963760376
1253,1.7239999771118164
1254,1.6764999628067017
1255,1.8040000200271606
1256,1.7764999866485596
1257,1.7015000581741333
1258,1.8174999952316284
1259,1.7350000143051147
1260,1.7640000581741333
1261,1.7359999418258667
1262,1.7269999980926514
1263,1.747499942779541
1264,1.6990000009536743
1265,1.809999942779541
1266,1.7454999685287476
1267,1.6619999408721924
1268,1.7584999799728394
1269,1.7339999675750732
1270,1.7369999885559082
1271,1.7259999513626099
1272,1.756500005722046
1273,1.7684999704360962
1274,1.684499979019165
1275,1.6605000495910645
1276,1.7309999465942383
1277,1.780500054359436
1278,1.6449999809265137
1279,1.7790000438690186
1280,1.7130000591278076
1281,1.784000039100647
1282,1.809499979019165
1283,1.8224999904632568
1284,1.7209999561309814
1285,1.6985000371932983
1286,1.687999963760376
1287,1.721500039100647
1288,1.8235000371932983
1289,1.8250000476837158
1290,1.7130000591278076
1291,1.7430000305175781
1292,1.7120000123977661
1293,1.8890000581741333
1294,1.7335000038146973
1295,1.7569999694824219
1296,1.7890000343322754
1297,1.8235000371932983
1298,1.7795000076293945
1299,1.7725000381469727
1300,1.7000000476837158
1301,1.7940000295639038
1302,1.659500002861023
1303,1.7015000581741333
1304,1.8279999494552612
1305,1.8960000276565552
1306,1.7135000228881836
1307,1.7645000219345093
1308,1.8289999961853027
1309,1.7825000286102295
1310,1.7115000486373901
1311,1.7354999780654907
1312,1.7369999885559082
1313,1.7695000171661377
1314,1.7415000200271606
1315,1.6920000314712524
1316,1.7890000343322754
1317,1.7454999685287476
1318,1.6030000448226929
1319,1.8029999732971191
1320,1.7510000467300415
1321,1.7894999980926514
1322,1.7710000276565552
1323,1.6775000095367432
1324,1.7395000457763672
1325,1.7295000553131104
1326,1.778499960899353
1327,1.7940000295639038
1328,1.7135000228881836
1329,1.8209999799728394
1330,1.8265000581741333
1331,1.6660000085830688
1332,1.7569999694824219
1333,1.659999966621399
1334,1.7654999494552612
1335,1.808500051498413
1336,1.846500039100647
1337,1.7619999647140503
1338,1.7174999713897705
1339,1.7660000324249268
1340,1.7144999504089355
1341,1.843999981880188
1342,1.7445000410079956
1343,1.683500051498413
1344,1.662500023841858
1345,1.7354999780654907
1346,1.7330000400543213
1347,1.7254999876022339
1348,1.774999976158142
1349,1.784000039100647
1350,1.7630000114440918
1351,1.7020000219345093
1352,1.7795000076293945
1353,1.7549999952316284
1354,1.7680000066757202
1355,1.7740000486373901
1356,1.8174999952316284
1357,1.7599999904632568
1358,1.7515000104904175
1359,1.625
1360,1.7419999837875366
1361,1.7139999866485596
1362,1.6579999923706055
1363,1.7869999408721924
1364,1.7484999895095825
1365,1.7144999504089355
1366,1.7315000295639038
1367,1.8049999475479126
1368,1.7955000400543213
1369,1.81850004196167
1370,1.7345000505447388
1371,1.7925000190734863
1372,1.7424999475479126
1373,1.653499960899353
1374,1.7354999780654907
1375,1.7725000381469727
1376,1.7295000553131104
1377,1.7424999475479126
1378,1.8839999437332153
1379,1.6970000267028809
1380,1.7039999961853027
1381,1.7445000410079956
1382,1.7094999551773071
1383,1.7374999523162842
1384,1.8339999914169312
1385,1.7575000524520874
1386,1.7324999570846558
1387,1.628999948501587
1388,1.6694999933242798
1389,1.7230000495910645
1390,1.694000005722046
1391,1.7929999828338623
1392,1.8485000133514404
1393,1.7764999866485596
1394,1.8040000200271606
1395,1.843999981880188
1396,1.750499963760376
1397,1.6979999542236328
1398,1.815500020980835
1399,1.7569999694824219
1400,1.7094999551773071
1401,1.7274999618530273
1402,1.7135000228881836
1403,1.8739999532699585
1404,1.812999963760376
1405,1.7380000352859497
1406,1.7615000009536743
1407,1.6785000562667847
1408,1.756500005722046
1409,1.8454999923706055
1410,1.808500051498413
1411,1.8044999837875366
1412,1.7445000410079956
1413,1.628499984741211
1414,1.7170000076293945
1415,1.7289999723434448
1416,1.809999942779541
1417,1.747499942779541
1418,1.7259999513626099
1419,1.778499960899353
1420,1.7829999923706055
1421,1.777999997138977
1422,1.6714999675750732
1423,1.808500051498413
1424,1.8669999837875366
1425,1.7630000114440918
1426,1.8240000009536743
1427,1.690000057220459
1428,1.7695000171661377
1429,1.7065000534057617
1430,1.7200000286102295
1431,1.8020000457763672
1432,1.8995000123977661
1433,1.6894999742507935
1434,1.7999999523162842
1435,1.6955000162124634
1436,1.7404999732971191
1437,1.8335000276565552
1438,1.7740000486373901
1439,1.8070000410079956
1440,1.721500039100647
1441,1.7109999656677246
1442,1.777999997138977
1443,1.753999948501587
1444,1.628499984741211
1445,1.7204999923706055
1446,1.7795000076293945
1447,1.6714999675750732
1448,1.7764999866485596
1449,1.6744999885559082
1450,1.75600004196167
1451,1.7454999685287476
1452,1.7259999513626099
1453,1.7350000143051147
1454,1.6670000553131104
1455,1.7480000257492065
1456,1.781499981880188
1457,1.7174999713897705
1458,1.718500018119812
1459,1.7920000553131104
1460,1.690000057220459
1461,1.7619999647140503
1462,1.7834999561309814
1463,1.7489999532699585
1464,1.7144999504089355
1465,1.6540000438690186
1466,1.6744999885559082
1467,1.718999981880188
1468,1.7009999752044678
1469,1.747499942779541
1470,1.756500005722046
1471,1.7239999771118164
1472,1.7410000562667847
1473,1.7510000467300415
1474,1.7640000581741333
1475,1.7595000267028809
1476,1.6799999475479126
1477,1.7654999494552612
1478,1.7319999933242798
1479,1.6614999771118164
1480,1.8259999752044678
1481,1.781499981880188
1482,1.7139999866485596
1483,1.7315000295639038
1484,1.7074999809265137
1485,1.7894999980926514
1486,1.75600004196167
1487,1.7029999494552612
1488,1.662500023841858
1489,1.722499966621399
1490,1.7480000257492065
1491,1.7404999732971191
1492,1.718000054359436
1493,1.7135000228881836
1494,1.7595000267028809
1495,1.7369999885559082
1496,1.8079999685287476
1497,1.756500005722046
1498,1.7230000495910645
1499,1.7239999771118164
1500,1.7105000019073486
1501,1.8005000352859497
1502,1.6855000257492065
1503,1.7345000505447388
1504,1.8009999990463257
1505,1.7949999570846558
1506,1.618499994277954
1507,1.7990000247955322
1508,1.7380000352859497
1509,1.809499979019165
1510,1.6649999618530273
1511,1.7710000276565552
1512,1.7015000581741333
1513,1.8105000257492065
1514,1.8049999475479126
1515,1.750499963760376
1516,1.7515000104904175
1517,1.903499960899353
1518,1.655500054359436
1519,1.684000015258789
1520,1.7604999542236328
1521,1.8029999732971191
1522,1.7664999961853027
1523,1.7254999876022339
1524,1.721500039100647
1525,1.649999976158142
1526,1.7059999704360962
1527,1.6885000467300415
1528,1.7239999771118164
1529,1.7170000076293945
1530,1.8569999933242798
1531,1.7345000505447388
1532,1.7640000581741333
1533,1.6990000009536743
1534,1.7365000247955322
1535,1.781499981880188
1536,1.781499981880188
1537,1.80649995803833
1538,1.683500051498413
1539,1.8040000200271606
1540,1.7100000381469727
1541,1.753999948501587
1542,1.8114999532699585
1543,1.715999960899353
1544,1.7660000324249268
1545,1.7610000371932983
1546,1.691499948501587
1547,1.6770000457763672
1548,1.725000023841858
1549,1.7109999656677246
1550,1.749500036239624
1551,1.7144999504089355
1552,1.749500036239624
1553,1.8055000305175781
1554,1.8854999542236328
1555,1.7799999713897705
1556,1.6684999465942383
1557,1.7174999713897705
1558,1.6130000352859497
1559,1.7834999561309814
1560,1.6679999828338623
1561,1.6365000009536743
1562,1.721500039100647
1563,1.7454999685287476
1564,1.7289999723434448
1565,1.6924999952316284
1566,1.7419999837875366
1567,1.8070000410079956
1568,1.718500018119812
1569,1.7050000429153442
1570,1.8040000200271606
1571,1.7795000076293945
1572,1.7039999961853027
1573,1.8370000123977661
1574,1.781499981880188
1575,1.7369999885559082
1576,1.6454999446868896
1577,1.749500036239624
1578,1.7660000324249268
1579,1.6964999437332153
1580,1.7690000534057617
1581,1.7649999856948853
1582,1.7139999866485596
1583,1.749500036239624
1584,1.687999963760376
1585,1.718500018119812
1586,1.7575000524520874
1587,1.8029999732971191
1588,1.6334999799728394
1589,1.7984999418258667
1590,1.8005000352859497
1591,1.7005000114440918
1592,1.8214999437332153
1593,1.784500002861023
1594,1.8040000200271606
1595,1.7450000047683716
1596,1.7239999771118164
1597,1.746999979019165
1598,1.7335000038146973
1599,1.6660000085830688
1600,1.7649999856948853
1601,1.7719999551773071
1602,1.7690000534057617
1603,1.8194999694824219
1604,1.7890000343322754
1605,1.6825000047683716
1606,1.8235000371932983
1607,1.6295000314712524
1608,1.8020000457763672
1609,1.5985000133514404
1610,1.8559999465942383
1611,1.7235000133514404
1612,1.8114999532699585
1613,1.8009999990463257
1614,1.7640000581741333
1615,1.655500054359436
1616,1.6690000295639038
1617,1.715999960899353
1618,1.7055000066757202
1619,1.8005000352859497
1620,1.752500057220459
1621,1.840000033378601
1622,1.6725000143051147
1623,1.746999979019165
1624,1.7990000247955322
1625,1.721500039100647
1626,1.7654999494552612
1627,1.7740000486373901
1628,1.7489999532699585
1629,1.7569999694824219
1630,1.6794999837875366
1631,1.7615000009536743
1632,1.6610000133514404
1633,1.7389999628067017
1634,1.781000018119812
1635,1.777999997138977
1636,1.7695000171661377
1637,1.7640000581741333
1638,1.8250000476837158
1639,1.8650000095367432
1640,1.7070000171661377
1641,1.8209999799728394
1642,1.812000036239624
1643,1.8504999876022339
1644,1.7795000076293945
1645,1.680999994277954
1646,1.7634999752044678
1647,1.753999948501587
1648,1.690000057220459
1649,1.871000051498413
1650,1.684499979019165
1651,1.7204999923706055
1652,1.7829999923706055
1653,1.7295000553131104
1654,1.6755000352859497
1655,1.781499981880188
1656,1.7309999465942383
1657,1.7825000286102295
1658,1.8125
1659,1.721500039100647
1660,1.652500033378601
1661,1.7999999523162842
1662,1.7374999523162842
1663,1.7035000324249268
1664,1.6644999980926514
1665,1.6970000267028809
1666,1.7649999856948853
1667,1.624500036239624
1668,1.6770000457763672
1669,1.7545000314712524
1670,1.715499997138977
1671,1.6974999904632568
1672,1.752500057220459
1673,1.7369999885559082
1674,1.7065000534057617
1675,1.7345000505447388
1676,1.712499976158142
1677,1.7599999904632568
1678,1.780500054359436
1679,1.7649999856948853
1680,1.6749999523162842
1681,1.8040000200271606
1682,1.7295000553131104
1683,1.781000018119812
1684,1.7684999704360962
1685,1.715000033378601
1686,1.746500015258789
1687,1.7669999599456787
1688,1.690000057220459
1689,1.7354999780654907
1690,1.7244999408721924
1691,1.8344999551773071
1692,1.8270000219345093
1693,1.7339999675750732
1694,1.687000036239624
1695,1.816499948501587
1696,1.7730000019073486
1697,1.7380000352859497
1698,1.778499960899353
1699,1.7634999752044678
1700,1.753999948501587
1701,1.6675000190734863
1702,1.753499984741211
1703,1.75
1704,1.7035000324249268
1705,1.7369999885559082
1706,1.7339999675750732
1707,1.7254999876022339
1708,1.8350000381469727
1709,1.6414999961853027
1710,1.659500002861023
1711,1.6614999771118164
1712,1.7020000219345093
1713,1.722499966621399
1714,1.687000036239624
1715,1.75600004196167
1716,1.7029999494552612
1717,1.7914999723434448
1718,1.7970000505447388
1719,1.8005000352859497
1720,1.7044999599456787
1721,1.7869999408721924
1722,1.7649999856948853
1723,1.7515000104904175
1724,1.808500051498413
1725,1.721500039100647
1726,1.6829999685287476
1727,1.7769999504089355
1728,1.690999984741211
1729,1.6725000143051147
1730,1.7855000495910645
1731,1.7829999923706055
1732,1.7975000143051147
1733,1.7445000410079956
1734,1.7389999628067017
1735,1.6720000505447388
1736,1.8214999437332153
1737,1.7209999561309814
1738,1.7664999961853027
1739,1.6790000200271606
1740,1.7209999561309814
1741,1.7949999570846558
1742,1.690500020980835
1743,1.7200000286102295
1744,1.6764999628067017
1745,1.7445000410079956
1746,1.6979999542236328
1747,1.6805000305175781
1748,1.8509999513626099
1749,1.7680000066757202
1750,1.7695000171661377
1751,1.6979999542236328
1752,1.8070000410079956
1753,1.7925000190734863
1754,1.7860000133514404
1755,1.7580000162124634
1756,1.7960000038146973
1757,1.7374999523162842
1758,1.6404999494552612
1759,1.7955000400543213
1760,1.774999976158142
1761,1.7265000343322754
1762,1.7489999532699585
1763,1.8305000066757202
1764,1.7309999465942383
1765,1.812000036239624
1766,1.7324999570846558
1767,1.778499960899353
1768,1.7074999809265137
1769,1.7410000562667847
1770,1.7549999952316284
1771,1.7335000038146973
1772,1.6260000467300415
1773,1.7970000505447388
1774,1.7899999618530273
1775,1.7265000343322754
1776,1.780500054359436
1777,1.747499942779541
1778,1.8170000314712524
1779,1.784500002861023
1780,1.6864999532699585
1781,1.7660000324249268
1782,1.8079999685287476
1783,1.7589999437332153
1784,1.718500018119812
1785,1.7714999914169312
1786,1.7415000200271606
1787,1.8370000123977661
1788,1.847499966621399
1789,1.784000039100647
1790,1.777500033378601
1791,1.7115000486373901
1792,1.7894999980926514
1793,1.7595000267028809
1794,1.753999948501587
1795,1.753999948501587
1796,1.7610000371932983
1797,1.6929999589920044
1798,1.7999999523162842
1799,1.7645000219345093
1800,1.7764999866485596
1801,1.746999979019165
1802,1.7740000486373901
1803,1.7324999570846558
1804,1.7569999694824219
1805,1.816499948501587
1806,1.7604999542236328
1807,1.743499994277954
1808,1.722000002861023
1809,1.7254999876022339
1810,1.690000057220459
1811,1.8055000305175781
1812,1.8274999856948853
1813,1.7575000524520874
1814,1.6890000104904175
1815,1.7769999504089355
1816,1.8055000305175781
1817,1.7015000581741333
1818,1.7640000581741333
1819,1.722499966621399
1820,1.6614999771118164
1821,1.7039999961853027
1822,1.6785000562667847
1823,1.8380000591278076
1824,1.7265000343322754
1825,1.68149995803833
1826,1.8109999895095825
1827,1.8229999542236328
1828,1.815000057220459
1829,1.6390000581741333
1830,1.7039999961853027
1831,1.7519999742507935
1832,1.6699999570846558
1833,1.7734999656677246
1834,1.75600004196167
1835,1.8075000047683716
1836,1.774999976158142
1837,1.746500015258789
1838,1.750499963760376
1839,1.7769999504089355
1840,1.7380000352859497
1841,1.7690000534057617
1842,1.7510000467300415
1843,1.7625000476837158
1844,1.7999999523162842
1845,1.6885000467300415
1846,1.680999994277954
1847,1.6950000524520874
1848,1.7300000190734863
1849,1.7569999694824219
1850,1.718500018119812
1851,1.7664999961853027
1852,1.7130000591278076
1853,1.808500051498413
1854,1.8494999408721924
1855,1.722000002861023
1856,1.7239999771118164
1857,1.7740000486373901
1858,1.6490000486373901
1859,1.816499948501587
1860,1.7510000467300415
1861,1.8005000352859497
1862,1.7130000591278076
1863,1.8125
1864,1.7044999599456787
1865,1.7940000295639038
1866,1.687000036239624
1867,1.7389999628067017
1868,1.7339999675750732
1869,1.7964999675750732
1870,1.780500054359436
1871,1.743499994277954
1872,1.7000000476837158
1873,1.7869999408721924
1874,1.7424999475479126
1875,1.805999994277954
1876,1.7855000495910645
1877,1.6469999551773071
1878,1.7065000534057617
1879,1.6649999618530273
1880,1.7174999713897705
1881,1.7410000562667847
1882,1.74399995803833
1883,1.7634999752044678
1884,1.7404999732971191
1885,1.6894999742507935
1886,1.7799999713897705
1887,1.7790000438690186
1888,1.7599999904632568
1889,1.780500054359436
1890,1.7975000143051147
1891,1.8114999532699585
1892,1.7599999904632568
1893,1.718000054359436
1894,1.722499966621399
1895,1.7079999446868896
1896,1.7584999799728394
1897,1.7634999752044678
1898,1.6759999990463257
1899,1.7660000324249268
1900,1.691499948501587
1901,1.6955000162124634
1902,1.8209999799728394
1903,1.8135000467300415
1904,1.7005000114440918
1905,1.753999948501587
1906,1.7860000133514404
1907,1.7265000343322754
1908,1.722499966621399
1909,1.7380000352859497
1910,1.7719999551773071
1911,1.8179999589920044
1912,1.7575000524520874
1913,1.725000023841858
1914,1.7130000591278076
1915,1.7595000267028809
1916,1.7625000476837158
1917,1.7569999694824219
1918,1.7135000228881836
1919,1.7309999465942383
1920,1.7710000276565552
1921,1.7070000171661377
1922,1.6755000352859497
1923,1.7634999752044678
1924,1.7380000352859497
1925,1.7400000095367432
1926,1.8049999475479126
1927,1.7384999990463257
1928,1.7174999713897705
1929,1.6920000314712524
1930,1.6545000076293945
1931,1.7929999828338623
1932,1.8359999656677246
1933,1.747499942779541
1934,1.721500039100647
1935,1.7445000410079956
1936,1.7170000076293945
1937,1.812000036239624
1938,1.7335000038146973
1939,1.6694999933242798
1940,1.7769999504089355
1941,1.69350004196167
1942,1.7424999475479126
1943,1.7315000295639038
1944,1.777999997138977
1945,1.7170000076293945
1946,1.7510000467300415
1947,1.7100000381469727
1948,1.6759999990463257
1949,1.6979999542236328
1950,1.8895000219345093
1951,1.753999948501587
1952,1.780500054359436
1953,1.7274999618530273
1954,1.7100000381469727
1955,1.6725000143051147
1956,1.7404999732971191
1957,1.725000023841858
1958,1.7864999771118164
1959,1.7029999494552612
1960,1.8244999647140503
1961,1.7304999828338623
1962,1.7389999628067017
1963,1.6885000467300415
1964,1.7615000009536743
1965,1.684499979019165
1966,1.7654999494552612
1967,1.750499963760376
1968,1.652500033378601
1969,1.7625000476837158
1970,1.7510000467300415
1971,1.7280000448226929
1972,1.659999966621399
1973,1.843000054359436
1974,1.8244999647140503
1975,1.6785000562667847
1976,1.8240000009536743
1977,1.7740000486373901
1978,1.8070000410079956
1979,1.8025000095367432
1980,1.8005000352859497
1981,1.7769999504089355
1982,1.680999994277954
1983,1.6979999542236328
1984,1.7680000066757202
1985,1.7070000171661377
1986,1.7575000524520874
1987,1.722499966621399
1988,1.8005000352859497
1989,1.7244999408721924
1990,1.7445000410079956
1991,1.6670000553131104
1992,1.6959999799728394
1993,1.7575000524520874
1994,1.7604999542236328
1995,1.7424999475479126
1996,1.7484999895095825
1997,1.7625000476837158
1998,1.6955000162124634
1999,1.6419999599456787
2000,1.7055000066757202
2001,1.7139999866485596
2002,1.6660000085830688
2003,1.8025000095367432
2004,1.6720000505447388
2005,1.68149995803833
2006,1.7795000076293945
2007,1.8585000038146973
2008,1.6660000085830688
2009,1.8220000267028809
2010,1.680999994277954
2011,1.7575000524520874
2012,1.7740000486373901
2013,1.7725000381469727
2014,1.6345000267028809
2015,1.7055000066757202
2016,1.7879999876022339
2017,1.7304999828338623
2018,1.690500020980835
2019,1.8320000171661377
2020,1.7235000133514404
2021,1.7604999542236328
2022,1.7024999856948853
2023,1.784999966621399
2024,1.6775000095367432
2025,1.7575000524520874
2026,1.8530000448226929
2027,1.7389999628067017
2028,1.7640000581741333
2029,1.7259999513626099
2030,1.7115000486373901
2031,1.7374999523162842
2032,1.7970000505447388
2033,1.7200000286102295
2034,1.747499942779541
2035,1.8420000076293945
2036,1.8020000457763672
2037,1.6970000267028809
2038,1.7389999628067017
2039,1.7029999494552612
2040,1.7059999704360962
2041,1.8509999513626099
2042,1.6664999723434448
2043,1.7660000324249268
2044,1.7130000591278076
2045,1.8279999494552612
2046,1.749500036239624
2047,1.7790000438690186
2048,1.6894999742507935
2049,1.7484999895095825
2050,1.7079999446868896
2051,1.781999945640564
2052,1.7934999465942383
2053,1.6740000247955322
2054,1.7799999713897705
2055,1.781999945640564
2056,1.7610000371932983
2057,1.9134999513626099
2058,1.7640000581741333
2059,1.6920000314712524
2060,1.690500020980835
2061,1.7799999713897705
2062,1.8315000534057617
2063,1.840999960899353
2064,1.6664999723434448
2065,1.6970000267028809
2066,1.747499942779541
2067,1.7669999599456787
2068,1.7029999494552612
2069,1.8240000009536743
2070,1.7139999866485596
2071,1.690500020980835
2072,1.6759999990463257
2073,1.749500036239624
2074,1.777999997138977
2075,1.6859999895095825
2076,1.7105000019073486
2077,1.5779999494552612
2078,1.7350000143051147
2079,1.7684999704360962
2080,1.7055000066757202
2081,1.7130000591278076
2082,1.7094999551773071
2083,1.7265000343322754
2084,1.8044999837875366
2085,1.722499966621399
2086,1.7949999570846558
2087,1.8259999752044678
2088,1.718000054359436
2089,1.7269999980926514
2090,1.7554999589920044
2091,1.7925000190734863
2092,1.746000051498413
2093,1.7374999523162842
2094,1.6779999732971191
2095,1.7615000009536743
2096,1.7799999713897705
2097,1.7354999780654907
2098,1.6959999799728394
2099,1.7450000047683716
2100,1.7970000505447388
2101,1.7300000190734863
2102,1.7975000143051147
2103,1.7209999561309814
2104,1.715000033378601
2105,1.6970000267028809
2106,1.6829999685287476
2107,1.687000036239624
2108,1.7569999694824219
2109,1.753000020980835
2110,1.75600004196167
2111,1.6430000066757202
2112,1.844499945640564
2113,1.8509999513626099
2114,1.815000057220459
2115,1.6375000476837158
2116,1.7015000581741333
2117,1.7339999675750732
2118,1.7144999504089355
2119,1.816499948501587
2120,1.7489999532699585
2121,1.7549999952316284
2122,1.7055000066757202
2123,1.7105000019073486
2124,1.8114999532699585
2125,1.6990000009536743
2126,1.805999994277954
2127,1.7860000133514404
2128,1.6195000410079956
2129,1.7515000104904175
2130,1.7680000066757202
2131,1.691499948501587
2132,1.8114999532699585
2133,1.6519999504089355
2134,1.719499945640564
2135,1.7860000133514404
2136,1.7094999551773071
2137,1.8279999494552612
2138,1.6549999713897705
2139,1.7289999723434448
2140,1.7285000085830688
2141,1.7649999856948853
2142,1.7359999418258667
2143,1.7450000047683716
2144,1.812999963760376
2145,1.7894999980926514
2146,1.715499997138977
2147,1.6855000257492065
2148,1.8049999475479126
2149,1.8289999961853027
2150,1.7669999599456787
2151,1.7769999504089355
2152,1.7380000352859497
2153,1.7289999723434448
2154,1.6395000219345093
2155,1.780500054359436
2156,1.812999963760376
2157,1.7864999771118164
2158,1.691499948501587
2159,1.805999994277954
2160,1.7860000133514404
2161,1.7130000591278076
2162,1.7365000247955322
2163,1.7239999771118164
2164,1.746999979019165
2165,1.7269999980926514
2166,1.8125
2167,1.7580000162124634
2168,1.691499948501587
2169,1.7645000219345093
2170,1.7599999904632568
2171,1.7675000429153442
2172,1.7860000133514404
2173,1.684499979019165
2174,1.7929999828338623
2175,1.781000018119812
2176,1.7350000143051147
2177,1.7244999408721924
2178,1.712499976158142
2179,1.75
2180,1.743499994277954
2181,1.6619999408721924
2182,1.7990000247955322
2183,1.631500005722046
2184,1.7719999551773071
2185,1.7920000553131104
2186,1.691499948501587
2187,1.8854999542236328
2188,1.653499960899353
2189,1.7050000429153442
2190,1.7489999532699585
2191,1.8535000085830688
2192,1.8329999446868896
2193,1.7445000410079956
2194,1.8380000591278076
2195,1.7020000219345093
2196,1.7519999742507935
2197,1.7769999504089355
2198,1.7445000410079956
2199,1.6959999799728394
2200,1.7569999694824219
2201,1.722000002861023
2202,1.6260000467300415
2203,1.8205000162124634
2204,1.7634999752044678
2205,1.819000005722046
2206,1.7235000133514404
2207,1.778499960899353
2208,1.6974999904632568
2209,1.7044999599456787
2210,1.7519999742507935
2211,1.7079999446868896
2212,1.7450000047683716
2213,1.8235000371932983
2214,1.7345000505447388
2215,1.6964999437332153
2216,1.7450000047683716
2217,1.746500015258789
2218,1.7925000190734863
2219,1.7289999723434448
2220,1.7970000505447388
2221,1.7384999990463257
2222,1.7380000352859497
2223,1.7085000276565552
2224,1.8450000286102295
2225,1.7304999828338623
2226,1.7584999799728394
2227,1.718000054359436
2228,1.718000054359436
2229,1.7714999914169312
2230,1.7894999980926514
2231,1.7615000009536743
2232,1.722499966621399
2233,1.6964999437332153
2234,1.6740000247955322
2235,1.7384999990463257
2236,1.8135000467300415
2237,1.6734999418258667
2238,1.6799999475479126
2239,1.715499997138977
2240,1.7610000371932983
2241,1.7864999771118164
2242,1.8244999647140503
2243,1.680999994277954
2244,1.7369999885559082
2245,1.75600004196167
2246,1.690999984741211
2247,1.7135000228881836
2248,1.8229999542236328
2249,1.6690000295639038
2250,1.7615000009536743
2251,1.7005000114440918
2252,1.8014999628067017
2253,1.7170000076293945
2254,1.7955000400543213
2255,1.8049999475479126
2256,1.6894999742507935
2257,1.7410000562667847
2258,1.625
2259,1.684999942779541
2260,1.7879999876022339
2261,1.7664999961853027
2262,1.780500054359436
2263,1.6759999990463257
2264,1.7450000047683716
2265,1.784500002861023
2266,1.808500051498413
2267,1.6885000467300415
2268,1.7085000276565552
2269,1.6799999475479126
2270,1.6929999589920044
2271,1.7625000476837158
2272,1.6994999647140503
2273,1.684499979019165
2274,1.6670000553131104
2275,1.7999999523162842
2276,1.6490000486373901
2277,1.7964999675750732
2278,1.7569999694824219
2279,1.7855000495910645
2280,1.6655000448226929
2281,1.7630000114440918
2282,1.75600004196167
2283,1.8730000257492065
2284,1.7395000457763672
2285,1.8424999713897705
2286,1.7589999437332153
2287,1.7235000133514404
2288,1.808500051498413
2289,1.7714999914169312
2290,1.816499948501587
2291,1.63100004196167
2292,1.7454999685287476
2293,1.690999984741211
2294,1.6829999685287476
2295,1.8235000371932983
2296,1.6454999446868896
2297,1.6855000257492065
2298,1.749500036239624
2299,1.7680000066757202
2300,1.8324999809265137
2301,1.7350000143051147
2302,1.600000023841858
2303,1.777999997138977
2304,1.6684999465942383
2305,1.781000018119812
2306,1.690500020980835
2307,1.725000023841858
2308,1.7285000085830688
2309,1.7955000400543213
2310,1.725000023841858
2311,1.721500039100647
2312,1.6974999904632568
2313,1.753999948501587
2314,1.7519999742507935
2315,1.7764999866485596
2316,1.7039999961853027
2317,1.6115000247955322
2318,1.6894999742507935
2319,1.847499966621399
2320,1.819000005722046
2321,1.7515000104904175
2322,1.7589999437332153
2323,1.6994999647140503
2324,1.7354999780654907
2325,1.7975000143051147
2326,1.7704999446868896
2327,1.721500039100647
2328,1.6929999589920044
2329,1.6605000495910645
2330,1.7315000295639038
2331,1.7790000438690186
2332,1.5794999599456787
2333,1.7595000267028809
2334,1.6365000009536743
2335,1.7595000267028809
2336,1.7339999675750732
2337,1.7480000257492065
2338,1.7769999504089355
2339,1.781499981880188
2340,1.6990000009536743
2341,1.7094999551773071
2342,1.756500005722046
2343,1.6994999647140503
2344,1.7660000324249268
2345,1.7979999780654907
2346,1.808500051498413
2347,1.7589999437332153
2348,1.7634999752044678
2349,1.683500051498413
2350,1.7144999504089355
2351,1.7914999723434448
2352,1.7549999952316284
2353,1.690999984741211
2354,1.746500015258789
2355,1.7625000476837158
2356,1.8309999704360962
2357,1.7024999856948853
2358,1.7649999856948853
2359,1.7369999885559082
2360,1.7684999704360962
2361,1.781999945640564
2362,1.7070000171661377
2363,1.774999976158142
2364,1.7905000448226929
2365,1.8025000095367432
2366,1.7000000476837158
2367,1.7979999780654907
2368,1.8695000410079956
2369,1.7200000286102295
2370,1.8040000200271606
2371,1.781999945640564
2372,1.7079999446868896
2373,1.781000018119812
2374,1.8040000200271606
2375,1.8624999523162842
2376,1.8144999742507935
2377,1.7925000190734863
2378,1.743499994277954
2379,1.7934999465942383
2380,1.7790000438690186
2381,1.7979999780654907
2382,1.7929999828338623
2383,1.7239999771118164
2384,1.7200000286102295
2385,1.6720000505447388
2386,1.7964999675750732
2387,1.7869999408721924
2388,1.7239999771118164
2389,1.69350004196167
2390,1.7879999876022339
2391,1.8014999628067017
2392,1.68149995803833
2393,1.7230000495910645
2394,1.6979999542236328
2395,1.7029999494552612
2396,1.6974999904632568
2397,1.7725000381469727
2398,1.7970000505447388
2399,1.7269999980926514
2400,1.784999966621399
2401,1.722499966621399
2402,1.7964999675750732
2403,1.7170000076293945
2404,1.7300000190734863
2405,1.7934999465942383
2406,1.8224999904632568
2407,1.812000036239624
2408,1.7894999980926514
2409,1.7910000085830688
2410,1.6699999570846558
2411,1.752500057220459
2412,1.7070000171661377
2413,1.718000054359436
2414,1.7484999895095825
2415,1.8415000438690186
2416,1.7244999408721924
2417,1.6964999437332153
2418,1.7415000200271606
2419,1.809000015258789
2420,1.6404999494552612
2421,1.6174999475479126
2422,1.7100000381469727
2423,1.694000005722046
2424,1.7929999828338623
2425,1.7795000076293945
2426,1.718500018119812
2427,1.7024999856948853
2428,1.7254999876022339
2429,1.6720000505447388
2430,1.8014999628067017
2431,1.6419999599456787
2432,1.816499948501587
2433,1.7085000276565552
2434,1.815000057220459
2435,1.6820000410079956
2436,1.715499997138977
2437,1.7170000076293945
2438,1.8235000371932983
2439,1.7480000257492065
2440,1.7480000257492065
2441,1.8380000591278076
2442,1.659000039100647
2443,1.7745000123977661
2444,1.7345000505447388
2445,1.7174999713897705
2446,1.7745000123977661
2447,1.7059999704360962
2448,1.7029999494552612
2449,1.718999981880188
2450,1.8279999494552612
2451,1.743499994277954
2452,1.7869999408721924
2453,1.8259999752044678
2454,1.7580000162124634
2455,1.7044999599456787
2456,1.7710000276565552
2457,1.7664999961853027
2458,1.8504999876022339
2459,1.7324999570846558
2460,1.8270000219345093
2461,1.6744999885559082
2462,1.7575000524520874
2463,1.7734999656677246
2464,1.6734999418258667
2465,1.8020000457763672
2466,1.781000018119812
2467,1.684499979019165
2468,1.7929999828338623
2469,1.6549999713897705
2470,1.7044999599456787
2471,1.809499979019165
2472,1.7599999904632568
2473,1.7664999961853027
2474,1.815000057220459
2475,1.7649999856948853
2476,1.7359999418258667
2477,1.6584999561309814
2478,1.8389999866485596
2479,1.656999945640564
2480,1.7380000352859497
2481,1.6690000295639038
2482,1.8285000324249268
2483,1.8209999799728394
2484,1.7554999589920044
2485,1.7640000581741333
2486,1.6929999589920044
2487,1.6759999990463257
2488,1.753499984741211
2489,1.7615000009536743
2490,1.8459999561309814
2491,1.7595000267028809
2492,1.7000000476837158
2493,1.6864999532699585
2494,1.7400000095367432
2495,1.7695000171661377
2496,1.7580000162124634
2497,1.7120000123977661
2498,1.7265000343322754
2499,1.7480000257492065
2500,1.7855000495910645
2501,1.6490000486373901
2502,1.7714999914169312
2503,1.6979999542236328
2504,1.7395000457763672
2505,1.7059999704360962
2506,1.7170000076293945
2507,1.7130000591278076
2508,1.7675000429153442
2509,1.7894999980926514
2510,1.7005000114440918
2511,1.725000023841858
2512,1.7730000019073486
2513,1.7955000400543213
2514,1.753499984741211
2515,1.684999942779541
2516,1.7484999895095825
2517,1.7454999685287476
2518,1.6799999475479126
2519,1.6959999799728394
2520,1.781000018119812
2521,1.7630000114440918
2522,1.7029999494552612
2523,1.8335000276565552
2524,1.6445000171661377
2525,1.6979999542236328
2526,1.6920000314712524
2527,1.7295000553131104
2528,1.7734999656677246
2529,1.7879999876022339
2530,1.8265000581741333
2531,1.7259999513626099
2532,1.6894999742507935
2533,1.8830000162124634
2534,1.7324999570846558
2535,1.7144999504089355
2536,1.7424999475479126
2537,1.6875
2538,1.6540000438690186
2539,1.7065000534057617
2540,1.7000000476837158
2541,1.7990000247955322
2542,1.8240000009536743
2543,1.6510000228881836
2544,1.8515000343322754
2545,1.7869999408721924
2546,1.7484999895095825
2547,1.7964999675750732
2548,1.628999948501587
2549,1.777999997138977
2550,1.6575000286102295
2551,1.6974999904632568
2552,1.8229999542236328
2553,1.7374999523162842
2554,1.7589999437332153
2555,1.8285000324249268
2556,1.694000005722046
2557,1.7170000076293945
2558,1.7680000066757202
2559,1.8305000066757202
2560,1.7130000591278076
2561,1.8109999895095825
2562,1.7295000553131104
2563,1.7630000114440918
2564,1.746500015258789
2565,1.777999997138977
2566,1.7289999723434448
2567,1.815999984741211
2568,1.7209999561309814
2569,1.7285000085830688
2570,1.7289999723434448
2571,1.718999981880188
2572,1.6634999513626099
2573,1.746999979019165
2574,1.8200000524520874
2575,1.7599999904632568
2576,1.6885000467300415
2577,1.6150000095367432
2578,1.7015000581741333
2579,1.8079999685287476
2580,1.7339999675750732
2581,1.7580000162124634
2582,1.6519999504089355
2583,1.8309999704360962
2584,1.837499976158142
2585,1.7484999895095825
2586,1.7855000495910645
2587,1.7554999589920044
2588,1.7450000047683716
2589,1.749500036239624
2590,1.7569999694824219
2591,1.774999976158142
2592,1.784500002861023
2593,1.774999976158142
2594,1.7769999504089355
2595,1.7484999895095825
2596,1.8075000047683716
2597,1.753999948501587
2598,1.7675000429153442
2599,1.7864999771118164
2600,1.780500054359436
2601,1.7400000095367432
2602,1.746000051498413
2603,1.7315000295639038
2604,1.718500018119812
2605,1.7625000476837158
2606,1.684999942779541
2607,1.787500023841858
2608,1.652999997138977
2609,1.7925000190734863
2610,1.8335000276565552
2611,1.7984999418258667
2612,1.721500039100647
2613,1.722000002861023
2614,1.7274999618530273
2615,1.7209999561309814
2616,1.7595000267028809
2617,1.7230000495910645
2618,1.7949999570846558
2619,1.7419999837875366
2620,1.7619999647140503
2621,1.7115000486373901
2622,1.718000054359436
2623,1.618499994277954
2624,1.7569999694824219
2625,1.7304999828338623
2626,1.815999984741211
2627,1.7714999914169312
2628,1.7894999980926514
2629,1.7645000219345093
2630,1.7855000495910645
2631,1.8049999475479126
2632,1.781999945640564
2633,1.7934999465942383
2634,1.7074999809265137
2635,1.7669999599456787
2636,1.718000054359436
2637,1.8220000267028809
2638,1.7734999656677246
2639,1.7869999408721924
2640,1.7295000553131104
2641,1.8079999685287476
2642,1.7144999504089355
2643,1.7664999961853027
2644,1.8420000076293945
2645,1.750499963760376
2646,1.7174999713897705
2647,1.6970000267028809
2648,1.7269999980926514
2649,1.7625000476837158
2650,1.7200000286102295
2651,1.7684999704360962
2652,1.7634999752044678
2653,1.812999963760376
2654,1.715999960899353
2655,1.7660000324249268
2656,1.8339999914169312
2657,1.6864999532699585
2658,1.8035000562667847
2659,1.7289999723434448
2660,1.8320000171661377
2661,1.6924999952316284
2662,1.781000018119812
2663,1.7324999570846558
2664,1.7864999771118164
2665,1.7649999856948853
2666,1.7604999542236328
2667,1.8305000066757202
2668,1.6510000228881836
2669,1.7879999876022339
2670,1.6710000038146973
2671,1.8075000047683716
2672,1.6979999542236328
2673,1.8355000019073486
2674,1.7274999618530273
2675,1.6605000495910645
2676,1.781999945640564
2677,1.7684999704360962
2678,1.628000020980835
2679,1.691499948501587
2680,1.7795000076293945
2681,1.7369999885559082
2682,1.7144999504089355
2683,1.7139999866485596
2684,1.7834999561309814
2685,1.8335000276565552
2686,1.843000054359436
2687,1.7050000429153442
2688,1.752500057220459
2689,1.7410000562667847
2690,1.7089999914169312
2691,1.8109999895095825
2692,1.9079999923706055
2693,1.6104999780654907
2694,1.8005000352859497
2695,1.7725000381469727
2696,1.687000036239624
2697,1.6239999532699585
2698,1.6670000553131104
2699,1.8250000476837158
2700,1.7905000448226929
2701,1.6920000314712524
2702,1.7239999771118164
2703,1.7430000305175781
2704,1.7955000400543213
2705,1.7684999704360962
2706,1.690999984741211
2707,1.8420000076293945
2708,1.7745000123977661
2709,1.7354999780654907
2710,1.7374999523162842
2711,1.7424999475479126
2712,1.8545000553131104
2713,1.7710000276565552
2714,1.7894999980926514
2715,1.8279999494552612
2716,1.655500054359436
2717,1.7484999895095825
2718,1.7144999504089355
2719,1.6710000038146973
2720,1.7374999523162842
2721,1.6805000305175781
2722,1.809499979019165
2723,1.8394999504089355
2724,1.7584999799728394
2725,1.8315000534057617
2726,1.753000020980835
2727,1.7955000400543213
2728,1.7699999809265137
2729,1.6050000190734863
2730,1.7345000505447388
2731,1.7289999723434448
2732,1.7905000448226929
2733,1.7280000448226929
2734,1.7879999876022339
2735,1.7335000038146973
2736,1.8049999475479126
2737,1.7669999599456787
2738,1.7259999513626099
2739,1.7074999809265137
2740,1.7894999980926514
2741,1.7905000448226929
2742,1.7365000247955322
2743,1.746999979019165
2744,1.7330000400543213
2745,1.8179999589920044
2746,1.8029999732971191
2747,1.7300000190734863
2748,1.7764999866485596
2749,1.8825000524520874
2750,1.7424999475479126
2751,1.7899999618530273
2752,1.7545000314712524
2753,1.812999963760376
2754,1.8179999589920044
2755,1.6875
2756,1.7914999723434448
2757,1.809000015258789
2758,1.7135000228881836
2759,1.691499948501587
2760,1.7925000190734863
2761,1.7510000467300415
2762,1.7395000457763672
2763,1.7615000009536743
2764,1.8279999494552612
2765,1.7415000200271606
2766,1.6469999551773071
2767,1.847499966621399
2768,1.840000033378601
2769,1.6579999923706055
2770,1.753999948501587
2771,1.6855000257492065
2772,1.7894999980926514
2773,1.7740000486373901
2774,1.7135000228881836
2775,1.7230000495910645
2776,1.7625000476837158
2777,1.7549999952316284
2778,1.6775000095367432
2779,1.7265000343322754
2780,1.8265000581741333
2781,1.8494999408721924
2782,1.6640000343322754
2783,1.7990000247955322
2784,1.7549999952316284
2785,1.7415000200271606
2786,1.7680000066757202
2787,1.7389999628067017
2788,1.7714999914169312
2789,1.7094999551773071
2790,1.7955000400543213
2791,1.8669999837875366
2792,1.7734999656677246
2793,1.7139999866485596
2794,1.7704999446868896
2795,1.7864999771118164
2796,1.7719999551773071
2797,1.819000005722046
2798,1.8530000448226929
2799,1.8174999952316284
2800,1.7259999513626099
2801,1.7050000429153442
2802,1.7584999799728394
2803,1.7764999866485596
2804,1.8020000457763672
2805,1.7955000400543213
2806,1.6714999675750732
2807,1.7725000381469727
2808,1.6675000190734863
2809,1.6985000371932983
2810,1.7869999408721924
2811,1.7799999713897705
2812,1.7699999809265137
2813,1.6740000247955322
2814,1.7634999752044678
2815,1.8220000267028809
2816,1.7725000381469727
2817,1.7445000410079956
2818,1.7604999542236328
2819,1.8214999437332153
2820,1.7404999732971191
2821,1.7825000286102295
2822,1.7949999570846558
2823,1.7884999513626099
2824,1.8739999532699585
2825,1.7330000400543213
2826,1.6705000400543213
2827,1.7330000400543213
2828,1.7649999856948853
2829,1.6985000371932983
2830,1.7619999647140503
2831,1.691499948501587
2832,1.7100000381469727
2833,1.753999948501587
2834,1.7654999494552612
2835,1.781999945640564
2836,1.8380000591278076
2837,1.752500057220459
2838,1.7755000591278076
2839,1.7604999542236328
2840,1.74399995803833
2841,1.6744999885559082
2842,1.6540000438690186
2843,1.7515000104904175
2844,1.746000051498413
2845,1.7115000486373901
2846,1.777500033378601
2847,1.746999979019165
2848,1.8194999694824219
2849,1.7354999780654907
2850,1.7319999933242798
2851,1.7144999504089355
2852,1.8035000562667847
2853,1.8049999475479126
2854,1.7144999504089355
2855,1.7649999856948853
2856,1.8029999732971191
2857,1.6805000305175781
2858,1.7259999513626099
2859,1.7374999523162842
2860,1.7139999866485596
2861,1.7389999628067017
2862,1.8804999589920044
2863,1.747499942779541
2864,1.746000051498413
2865,1.7710000276565552
2866,1.7984999418258667
2867,1.7764999866485596
2868,1.6744999885559082
2869,1.687000036239624
2870,1.7610000371932983
2871,1.7480000257492065
2872,1.718999981880188
2873,1.7374999523162842
2874,1.777500033378601
2875,1.7300000190734863
2876,1.809000015258789
2877,1.7259999513626099
2878,1.7975000143051147
2879,1.7584999799728394
2880,1.7829999923706055
2881,1.7519999742507935
2882,1.7335000038146973
2883,1.722499966621399
2884,1.7489999532699585
2885,1.7680000066757202
2886,1.7864999771118164
2887,1.7204999923706055
2888,1.694000005722046
2889,1.8604999780654907
2890,1.7884999513626099
2891,1.819000005722046
2892,1.7365000247955322
2893,1.7070000171661377
2894,1.7740000486373901
2895,1.7760000228881836
2896,1.719499945640564
2897,1.815500020980835
2898,1.6710000038146973
2899,1.8200000524520874
2900,1.8370000123977661
2901,1.6950000524520874
2902,1.8289999961853027
2903,1.774999976158142
2904,1.690500020980835
2905,1.7135000228881836
2906,1.7699999809265137
2907,1.8574999570846558
2908,1.7369999885559082
2909,1.809499979019165
2910,1.7480000257492065
2911,1.750499963760376
2912,1.780500054359436
2913,1.8049999475479126
2914,1.6759999990463257
2915,1.7170000076293945
2916,1.8205000162124634
2917,1.7569999694824219
2918,1.7480000257492065
2919,1.8140000104904175
2920,1.6799999475479126
2921,1.815000057220459
2922,1.7480000257492065
2923,1.778499960899353
2924,1.7339999675750732
2925,1.7265000343322754
2926,1.690000057220459
2927,1.7675000429153442
2928,1.7100000381469727
2929,1.7860000133514404
2930,1.7200000286102295
2931,1.746000051498413
2932,1.7640000581741333
2933,1.662500023841858
2934,1.8504999876022339
2935,1.781000018119812
2936,1.7144999504089355
2937,1.7480000257492065
2938,1.7070000171661377
2939,1.7204999923706055
2940,1.684999942779541
2941,1.753499984741211
2942,1.8140000104904175
2943,1.7384999990463257
2944,1.7625000476837158
2945,1.7695000171661377
2946,1.6985000371932983
2947,1.6875
2948,1.8574999570846558
2949,1.843500018119812
2950,1.809499979019165
2951,1.8035000562667847
2952,1.774999976158142
2953,1.8105000257492065
2954,1.691499948501587
2955,1.75
2956,1.8029999732971191
2957,1.7094999551773071
2958,1.8904999494552612
2959,1.7604999542236328
2960,1.753999948501587
2961,1.7365000247955322
2962,1.7864999771118164
2963,1.6974999904632568
2964,1.7274999618530273
2965,1.8285000324249268
2966,1.6950000524520874
2967,1.6785000562667847
2968,1.6699999570846558
2969,1.6959999799728394
2970,1.7615000009536743
2971,1.784999966621399
2972,1.8140000104904175
2973,1.7619999647140503
2974,1.6970000267028809
2975,1.6690000295639038
2976,1.6885000467300415
2977,1.7725000381469727
2978,1.805999994277954
2979,1.6629999876022339
2980,1.7755000591278076
2981,1.624500036239624
2982,1.719499945640564
2983,1.7595000267028809
2984,1.7690000534057617
2985,1.809000015258789
2986,1.75
2987,1.7354999780654907
2988,1.7610000371932983
2989,1.712499976158142
2990,1.8220000267028809
2991,1.722499966621399
2992,1.7549999952316284
2993,1.812999963760376
2994,1.7174999713897705
2995,1.6514999866485596
2996,1.7070000171661377
2997,1.6265000104904175
2998,1.7410000562667847
2999,1.8009999990463257
3000,1.6829999685287476
3001,1.7894999980926514
3002,1.6755000352859497
3003,1.7869999408721924
3004,1.8179999589920044
3005,1.819000005722046
3006,1.725000023841858
3007,1.743499994277954
3008,1.8070000410079956
3009,1.7955000400543213
3010,1.746000051498413
3011,1.7675000429153442
3012,1.6790000200271606
3013,1.7610000371932983
3014,1.7764999866485596
3015,1.715000033378601
3016,1.7079999446868896
3017,1.6714999675750732
3018,1.7649999856948853
3019,1.8205000162124634
3020,1.7389999628067017
3021,1.7304999828338623
3022,1.8795000314712524
3023,1.752500057220459
3024,1.7740000486373901
3025,1.61899995803833
3026,1.777999997138977
3027,1.8055000305175781
3028,1.8049999475479126
3029,1.812999963760376
3030,1.7934999465942383
3031,1.7089999914169312
3032,1.7400000095367432
3033,1.7055000066757202
3034,1.6729999780654907
3035,1.7864999771118164
3036,1.784500002861023
3037,1.7330000400543213
3038,1.7675000429153442
3039,1.8220000267028809
3040,1.7615000009536743
3041,1.6955000162124634
3042,1.683500051498413
3043,1.7410000562667847
3044,1.8415000438690186
3045,1.7660000324249268
3046,1.690500020980835
3047,1.7684999704360962
3048,1.6749999523162842
3049,1.7209999561309814
3050,1.7554999589920044
3051,1.7825000286102295
3052,1.7374999523162842
3053,1.7890000343322754
3054,1.75
3055,1.8109999895095825
3056,1.7374999523162842
3057,1.753499984741211
3058,1.7630000114440918
3059,1.7115000486373901
3060,1.6430000066757202
3061,1.687999963760376
3062,1.7599999904632568
3063,1.8214999437332153
3064,1.6675000190734863
3065,1.7740000486373901
3066,1.753999948501587
3067,1.6115000247955322
3068,1.7640000581741333
3069,1.7899999618530273
3070,1.7710000276565552
3071,1.872499942779541
3072,1.7319999933242798
3073,1.809499979019165
3074,1.7725000381469727
3075,1.6855000257492065
3076,1.8480000495910645
3077,1.7699999809265137
3078,1.7365000247955322
3079,1.781999945640564
3080,1.683500051498413
3081,1.684000015258789
3082,1.6675000190734863
3083,1.7065000534057617
3084,1.7170000076293945
3085,1.7944999933242798
3086,1.7070000171661377
3087,1.7580000162124634
3088,1.7404999732971191
3089,1.7855000495910645
3090,1.7244999408721924
3091,1.7714999914169312
3092,1.815999984741211
3093,1.8029999732971191
3094,1.7410000562667847
3095,1.7005000114440918
3096,1.7015000581741333
3097,1.752500057220459
3098,1.7760000228881836
3099,1.7825000286102295
3100,1.6349999904632568
3101,1.7130000591278076
3102,1.7769999504089355
3103,1.753999948501587
3104,1.7634999752044678
3105,1.7994999885559082
3106,1.7295000553131104
3107,1.8255000114440918
3108,1.7699999809265137
3109,1.7549999952316284
3110,1.753000020980835
3111,1.7415000200271606
3112,1.784000039100647
3113,1.7089999914169312
3114,1.7094999551773071
3115,1.6779999732971191
3116,1.7905000448226929
3117,1.7079999446868896
3118,1.7274999618530273
3119,1.749500036239624
3120,1.7864999771118164
3121,1.7704999446868896
3122,1.747499942779541
3123,1.7569999694824219
3124,1.6964999437332153
3125,1.7625000476837158
3126,1.777500033378601
3127,1.7135000228881836
3128,1.781999945640564
3129,1.6734999418258667
3130,1.683500051498413
3131,1.8669999837875366
3132,1.7324999570846558
3133,1.7089999914169312
3134,1.7949999570846558
3135,1.75
3136,1.6855000257492065
3137,1.8075000047683716
3138,1.7975000143051147
3139,1.628000020980835
3140,1.781000018119812
3141,1.753999948501587
3142,1.7554999589920044
3143,1.8639999628067017
3144,1.7755000591278076
3145,1.7235000133514404
3146,1.7994999885559082
3147,1.809499979019165
3148,1.8075000047683716
3149,1.7799999713897705
3150,1.7634999752044678
3151,1.7725000381469727
3152,1.715000033378601
3153,1.6799999475479126
3154,1.8589999675750732
3155,1.7855000495910645
3156,1.7135000228881836
3157,1.7309999465942383
3158,1.7704999446868896
3159,1.75600004196167
3160,1.7855000495910645
3161,1.7899999618530273
3162,1.8554999828338623
3163,1.749500036239624
3164,1.6929999589920044
3165,1.7599999904632568
3166,1.784999966621399
3167,1.6469999551773071
3168,1.7395000457763672
3169,1.7269999980926514
3170,1.6675000190734863
3171,1.649999976158142
3172,1.7489999532699585
3173,1.684499979019165
3174,1.6785000562667847
3175,1.7450000047683716
3176,1.7910000085830688
3177,1.7480000257492065
3178,1.9259999990463257
3179,1.7410000562667847
3180,1.6970000267028809
3181,1.7940000295639038
3182,1.8300000429153442
3183,1.7645000219345093
3184,1.6714999675750732
3185,1.7979999780654907
3186,1.7975000143051147
3187,1.7454999685287476
3188,1.8114999532699585
3189,1.7094999551773071
3190,1.7395000457763672
3191,1.753000020980835
3192,1.6380000114440918
3193,1.7869999408721924
3194,1.816499948501587
3195,1.8630000352859497
3196,1.7395000457763672
3197,1.8194999694824219
3198,1.8545000553131104
3199,1.843999981880188
3200,1.7415000200271606
3201,1.7894999980926514
3202,1.725000023841858
3203,1.7144999504089355
3204,1.7599999904632568
3205,1.718500018119812
3206,1.753999948501587
3207,1.8335000276565552
3208,1.718999981880188
3209,1.7419999837875366
3210,1.6619999408721924
3211,1.7615000009536743
3212,1.6334999799728394
3213,1.6955000162124634
3214,1.815999984741211
3215,1.7335000038146973
3216,1.7170000076293945
3217,1.659500002861023
3218,1.8020000457763672
3219,1.7825000286102295
3220,1.7204999923706055
3221,1.780500054359436
3222,1.7944999933242798
3223,1.7829999923706055
3224,1.6744999885559082
3225,1.7120000123977661
3226,1.878000020980835
3227,1.722499966621399
3228,1.7135000228881836
3229,1.875
3230,1.656000018119812
3231,1.6805000305175781
3232,1.8014999628067017
3233,1.74399995803833
3234,1.7690000534057617
3235,1.7024999856948853
3236,1.6015000343322754
3237,1.7024999856948853
3238,1.8300000429153442
3239,1.7640000581741333
3240,1.7295000553131104
3241,1.7595000267028809
3242,1.8389999866485596
3243,1.749500036239624
3244,1.8035000562667847
3245,1.7235000133514404
3246,1.718999981880188
3247,1.7549999952316284
3248,1.7669999599456787
3249,1.6729999780654907
3250,1.777999997138977
3251,1.6924999952316284
3252,1.6779999732971191
3253,1.6664999723434448
3254,1.8170000314712524
3255,1.780500054359436
3256,1.7575000524520874
3257,1.7894999980926514
3258,1.746000051498413
3259,1.7575000524520874
3260,1.6970000267028809
3261,1.7619999647140503
3262,1.8355000019073486
3263,1.780500054359436
3264,1.809499979019165
3265,1.7209999561309814
3266,1.7925000190734863
3267,1.8504999876022339
3268,1.8890000581741333
3269,1.7395000457763672
3270,1.7649999856948853
3271,1.8385000228881836
3272,1.8055000305175781
3273,1.8515000343322754
3274,1.691499948501587
3275,1.7380000352859497
3276,1.7415000200271606
3277,1.7489999532699585
3278,1.6994999647140503
3279,1.7029999494552612
3280,1.7634999752044678
3281,1.6855000257492065
3282,1.6820000410079956
3283,1.7719999551773071
3284,1.7619999647140503
3285,1.8535000085830688
3286,1.659500002861023
3287,1.6875
3288,1.7324999570846558
3289,1.6990000009536743
3290,1.7660000324249268
3291,1.7664999961853027
3292,1.7374999523162842
3293,1.7484999895095825
3294,1.756500005722046
3295,1.7445000410079956
3296,1.684000015258789
3297,1.7059999704360962
3298,1.6994999647140503
3299,1.7940000295639038
3300,1.690000057220459
3301,1.7365000247955322
3302,1.7589999437332153
3303,1.8005000352859497
3304,1.7339999675750732
3305,1.7619999647140503
3306,1.752500057220459
3307,1.7454999685287476
3308,1.7929999828338623
3309,1.7625000476837158
3310,1.6770000457763672
3311,1.7395000457763672
3312,1.7380000352859497
3313,1.74399995803833
3314,1.7354999780654907
3315,1.7395000457763672
3316,1.7319999933242798
3317,1.656000018119812
3318,1.8214999437332153
3319,1.809999942779541
3320,1.7265000343322754
3321,1.7070000171661377
3322,1.6770000457763672
3323,1.9110000133514404
3324,1.6269999742507935
3325,1.7415000200271606
3326,1.7020000219345093
3327,1.7430000305175781
3328,1.8559999465942383
3329,1.7050000429153442
3330,1.753999948501587
3331,1.746999979019165
3332,1.746500015258789
3333,1.7589999437332153
3334,1.7855000495910645
3335,1.6950000524520874
3336,1.6950000524520874
3337,1.8539999723434448
3338,1.7070000171661377
3339,1.7510000467300415
3340,1.7144999504089355
3341,1.746500015258789
3342,1.7769999504089355
3343,1.659999966621399
3344,1.7365000247955322
3345,1.7454999685287476
3346,1.7259999513626099
3347,1.7990000247955322
3348,1.6805000305175781
3349,1.7109999656677246
3350,1.7925000190734863
3351,1.6859999895095825
3352,1.6725000143051147
3353,1.7120000123977661
3354,1.7695000171661377
3355,1.7005000114440918
3356,1.816499948501587
3357,1.7719999551773071
3358,1.718999981880188
3359,1.7695000171661377
3360,1.8105000257492065
3361,1.7645000219345093
3362,1.684000015258789
3363,1.781499981880188
3364,1.7319999933242798
3365,1.8020000457763672
3366,1.680999994277954
3367,1.7410000562667847
3368,1.6475000381469727
3369,1.6649999618530273
3370,1.7055000066757202
3371,1.80649995803833
3372,1.6710000038146973
3373,1.756500005722046
3374,1.6859999895095825
3375,1.7424999475479126
3376,1.7415000200271606
3377,1.7354999780654907
3378,1.6404999494552612
3379,1.7144999504089355
3380,1.7949999570846558
3381,1.690000057220459
3382,1.7115000486373901
3383,1.7035000324249268
3384,1.7799999713897705
3385,1.7384999990463257
3386,1.7825000286102295
3387,1.7044999599456787
3388,1.815999984741211
3389,1.7669999599456787
3390,1.6200000047683716
3391,1.7949999570846558
3392,1.721500039100647
3393,1.7300000190734863
3394,1.6640000343322754
3395,1.7619999647140503
3396,1.7584999799728394
3397,1.815999984741211
3398,1.7890000343322754
3399,1.8005000352859497
3400,1.7615000009536743
3401,1.7569999694824219
3402,1.774999976158142
3403,1.7330000400543213
3404,1.7105000019073486
3405,1.7589999437332153
3406,1.718500018119812
3407,1.7905000448226929
3408,1.7740000486373901
3409,1.6974999904632568
3410,1.747499942779541
3411,1.6720000505447388
3412,1.81850004196167
3413,1.844499945640564
3414,1.7094999551773071
3415,1.7380000352859497
3416,1.7339999675750732
3417,1.662500023841858
3418,1.7330000400543213
3419,1.7415000200271606
3420,1.7259999513626099
3421,1.7335000038146973
3422,1.8565000295639038
3423,1.7790000438690186
3424,1.7790000438690186
3425,1.684000015258789
3426,1.718500018119812
3427,1.7404999732971191
3428,1.743499994277954
3429,1.7384999990463257
3430,1.7619999647140503
3431,1.7869999408721924
3432,1.6855000257492065
3433,1.8079999685287476
3434,1.7899999618530273
3435,1.8315000534057617
3436,1.7554999589920044
3437,1.7094999551773071
3438,1.7825000286102295
3439,1.8009999990463257
3440,1.6979999542236328
3441,1.774999976158142
3442,1.7929999828338623
3443,1.8029999732971191
3444,1.7109999656677246
3445,1.7100000381469727
3446,1.684499979019165
3447,1.7515000104904175
3448,1.8509999513626099
3449,1.7120000123977661
3450,1.7239999771118164
3451,1.7139999866485596
3452,1.7934999465942383
3453,1.7955000400543213
3454,1.6929999589920044
3455,1.75600004196167
3456,1.7454999685287476
3457,1.8255000114440918
3458,1.6974999904632568
3459,1.7795000076293945
3460,1.7395000457763672
3461,1.7044999599456787
3462,1.753499984741211
3463,1.749500036239624
3464,1.7625000476837158
3465,1.6490000486373901
3466,1.7005000114440918
3467,1.7324999570846558
3468,1.7384999990463257
3469,1.7710000276565552
3470,1.8135000467300415
3471,1.7580000162124634
3472,1.6469999551773071
3473,1.7035000324249268
3474,1.7254999876022339
3475,1.8035000562667847
3476,1.7554999589920044
3477,1.6614999771118164
3478,1.6675000190734863
3479,1.7695000171661377
3480,1.7384999990463257
3481,1.7269999980926514
3482,1.7680000066757202
3483,1.718500018119812
3484,1.7625000476837158
3485,1.809499979019165
3486,1.8494999408721924
3487,1.6875
3488,1.7860000133514404
3489,1.7395000457763672
3490,1.8274999856948853
3491,1.6269999742507935
3492,1.753499984741211
3493,1.753499984741211
3494,1.690999984741211
3495,1.7569999694824219
3496,1.7710000276565552
3497,1.787500023841858
3498,1.784000039100647
3499,1.7654999494552612
3500,1.7130000591278076
3501,1.684000015258789
3502,1.7690000534057617
3503,1.718500018119812
3504,1.8075000047683716
3505,1.7510000467300415
3506,1.6325000524520874
3507,1.7295000553131104
3508,1.784000039100647
3509,1.837499976158142
3510,1.7209999561309814
3511,1.784000039100647
3512,1.7309999465942383
3513,1.8114999532699585
3514,1.6614999771118164
3515,1.8014999628067017
3516,1.7515000104904175
3517,1.756500005722046
3518,1.7105000019073486
3519,1.7174999713897705
3520,1.777500033378601
3521,1.715000033378601
3522,1.7050000429153442
3523,1.752500057220459
3524,1.8265000581741333
3525,1.6445000171661377
3526,1.805999994277954
3527,1.743499994277954
3528,1.6299999952316284
3529,1.7285000085830688
3530,1.6519999504089355
3531,1.7400000095367432
3532,1.6404999494552612
3533,1.8305000066757202
3534,1.6729999780654907
3535,1.8385000228881836
3536,1.6825000047683716
3537,1.7070000171661377
3538,1.7274999618530273
3539,1.7934999465942383
3540,1.7599999904632568
3541,1.7640000581741333
3542,1.6985000371932983
3543,1.6970000267028809
3544,1.6390000581741333
3545,1.7999999523162842
3546,1.6790000200271606
3547,1.7130000591278076
3548,1.784999966621399
3549,1.8365000486373901
3550,1.7374999523162842
3551,1.7975000143051147
3552,1.684499979019165
3553,1.8055000305175781
3554,1.7675000429153442
3555,1.718999981880188
3556,1.6670000553131104
3557,1.7790000438690186
3558,1.746999979019165
3559,1.7489999532699585
3560,1.7070000171661377
3561,1.8380000591278076
3562,1.6234999895095825
3563,1.812999963760376
3564,1.6875
3565,1.805999994277954
3566,1.7369999885559082
3567,1.7170000076293945
3568,1.7755000591278076
3569,1.725000023841858
3570,1.7934999465942383
3571,1.7200000286102295
3572,1.7960000038146973
3573,1.8020000457763672
3574,1.7330000400543213
3575,1.8279999494552612
3576,1.7855000495910645
3577,1.7324999570846558
3578,1.7445000410079956
3579,1.7905000448226929
3580,1.7649999856948853
3581,1.7799999713897705
3582,1.7005000114440918
3583,1.8005000352859497
3584,1.6990000009536743
3585,1.7079999446868896
3586,1.781000018119812
3587,1.7764999866485596
3588,1.7295000553131104
3589,1.8075000047683716
3590,1.7964999675750732
3591,1.7575000524520874
3592,1.7664999961853027
3593,1.6920000314712524
3594,1.6679999828338623
3595,1.7044999599456787
3596,1.6619999408721924
3597,1.687000036239624
3598,1.846500039100647
3599,1.8194999694824219
3600,1.6820000410079956
3601,1.7115000486373901
3602,1.6829999685287476
3603,1.7654999494552612
3604,1.721500039100647
3605,1.7239999771118164
3606,1.74399995803833
3607,1.7825000286102295
3608,1.7669999599456787
3609,1.7259999513626099
3610,1.8604999780654907
3611,1.781000018119812
3612,1.778499960899353
3613,1.6964999437332153
3614,1.747499942779541
3615,1.6875
3616,1.6994999647140503
3617,1.7519999742507935
3618,1.7999999523162842
3619,1.6720000505447388
3620,1.7074999809265137
3621,1.7669999599456787
3622,1.722499966621399
3623,1.6734999418258667
3624,1.7890000343322754
3625,1.6779999732971191
3626,1.8580000400543213
3627,1.753999948501587
3628,1.8259999752044678
3629,1.7795000076293945
3630,1.809999942779541
3631,1.752500057220459
3632,1.7274999618530273
3633,1.6985000371932983
3634,1.680999994277954
3635,1.7920000553131104
3636,1.7339999675750732
3637,1.625
3638,1.746000051498413
3639,1.7174999713897705
3640,1.7704999446868896
3641,1.7050000429153442
3642,1.6955000162124634
3643,1.7029999494552612
3644,1.7319999933242798
3645,1.7259999513626099
3646,1.7634999752044678
3647,1.7934999465942383
3648,1.6345000267028809
3649,1.7625000476837158
3650,1.7734999656677246
3651,1.843000054359436
3652,1.7454999685287476
3653,1.7604999542236328
3654,1.7554999589920044
3655,1.7914999723434448
3656,1.8014999628067017
3657,1.80649995803833
3658,1.8025000095367432
3659,1.7144999504089355
3660,1.712499976158142
3661,1.7374999523162842
3662,1.7254999876022339
3663,1.7914999723434448
3664,1.7604999542236328
3665,1.7135000228881836
3666,1.7675000429153442
3667,1.8014999628067017
3668,1.7454999685287476
3669,1.715499997138977
3670,1.7994999885559082
3671,1.7580000162124634
3672,1.6655000448226929
3673,1.7389999628067017
3674,1.7359999418258667
3675,1.6694999933242798
3676,1.7070000171661377
3677,1.8604999780654907
3678,1.7289999723434448
3679,1.590999960899353
3680,1.7899999618530273
3681,1.7319999933242798
3682,1.7269999980926514
3683,1.8914999961853027
3684,1.7410000562667847
3685,1.725000023841858
3686,1.8355000019073486
3687,1.6859999895095825
3688,1.7074999809265137
3689,1.8049999475479126
3690,1.787500023841858
3691,1.690500020980835
3692,1.7860000133514404
3693,1.7380000352859497
3694,1.8315000534057617
3695,1.7489999532699585
3696,1.774999976158142
3697,1.6805000305175781
3698,1.7649999856948853
3699,1.7339999675750732
3700,1.7165000438690186
3701,1.7979999780654907
3702,1.7489999532699585
3703,1.7984999418258667
3704,1.7595000267028809
3705,1.7584999799728394
3706,1.7395000457763672
3707,1.7484999895095825
3708,1.7170000076293945
3709,1.7699999809265137
3710,1.8615000247955322
3711,1.7725000381469727
3712,1.7905000448226929
3713,1.7669999599456787
3714,1.7044999599456787
3715,1.7734999656677246
3716,1.815000057220459
3717,1.7604999542236328
3718,1.6434999704360962
3719,1.7790000438690186
3720,1.7089999914169312
3721,1.7415000200271606
3722,1.6660000085830688
3723,1.6955000162124634
3724,1.6974999904632568
3725,1.7669999599456787
3726,1.75600004196167
3727,1.8220000267028809
3728,1.6390000581741333
3729,1.7619999647140503
3730,1.746000051498413
3731,1.6015000343322754
3732,1.8285000324249268
3733,1.781000018119812
3734,1.846500039100647
3735,1.7070000171661377
3736,1.750499963760376
3737,1.7035000324249268
3738,1.7734999656677246
3739,1.8049999475479126
3740,1.6664999723434448
3741,1.7400000095367432
3742,1.7359999418258667
3743,1.7319999933242798
3744,1.7274999618530273
3745,1.7680000066757202
3746,1.7380000352859497
3747,1.6985000371932983
3748,1.7335000038146973
3749,1.746999979019165
3750,1.8830000162124634
3751,1.6950000524520874
3752,1.781999945640564
3753,1.7615000009536743
3754,1.6239999532699585
3755,1.6890000104904175
3756,1.712499976158142
3757,1.781499981880188
3758,1.750499963760376
3759,1.6970000267028809
3760,1.784999966621399
3761,1.777999997138977
3762,1.7415000200271606
3763,1.718999981880188
3764,1.7990000247955322
3765,1.8125
3766,1.6829999685287476
3767,1.8279999494552612
3768,1.781000018119812
3769,1.6395000219345093
3770,1.7829999923706055
3771,1.7699999809265137
3772,1.7350000143051147
3773,1.7934999465942383
3774,1.7914999723434448
3775,1.781000018119812
3776,1.7764999866485596
3777,1.8285000324249268
3778,1.684000015258789
3779,1.8320000171661377
3780,1.7300000190734863
3781,1.7884999513626099
3782,1.7834999561309814
3783,1.6770000457763672
3784,1.777999997138977
3785,1.7239999771118164
3786,1.7304999828338623
3787,1.6705000400543213
3788,1.718000054359436
3789,1.7879999876022339
3790,1.7070000171661377
3791,1.871999979019165
3792,1.7015000581741333
3793,1.721500039100647
3794,1.7289999723434448
3795,1.7864999771118164
3796,1.7044999599456787
3797,1.7454999685287476
3798,1.7884999513626099
3799,1.819000005722046
3800,1.6759999990463257
3801,1.7239999771118164
3802,1.8194999694824219
3803,1.8214999437332153
3804,1.7280000448226929
3805,1.9140000343322754
3806,1.7244999408721924
3807,1.7764999866485596
3808,1.7710000276565552
3809,1.743499994277954
3810,1.7684999704360962
3811,1.8819999694824219
3812,1.7619999647140503
3813,1.746500015258789
3814,1.7920000553131104
3815,1.774999976158142
3816,1.715499997138977
3817,1.68149995803833
3818,1.8350000381469727
3819,1.6974999904632568
3820,1.7265000343322754
3821,1.7999999523162842
3822,1.7944999933242798
3823,1.7634999752044678
3824,1.7354999780654907
3825,1.746999979019165
3826,1.7654999494552612
3827,1.7410000562667847
3828,1.722499966621399
3829,1.8040000200271606
3830,1.747499942779541
3831,1.777500033378601
3832,1.7404999732971191
3833,1.8320000171661377
3834,1.7289999723434448
3835,1.6610000133514404
3836,1.7860000133514404
3837,1.7365000247955322
3838,1.746999979019165
3839,1.7489999532699585
3840,1.7365000247955322
3841,1.722000002861023
3842,1.7699999809265137
3843,1.7489999532699585
3844,1.659000039100647
3845,1.7949999570846558
3846,1.7289999723434448
3847,1.8359999656677246
3848,1.7139999866485596
3849,1.7395000457763672
3850,1.777999997138977
3851,1.7450000047683716
3852,1.6714999675750732
3853,1.7929999828338623
3854,1.8079999685287476
3855,1.6449999809265137
3856,1.722499966621399
3857,1.7289999723434448
3858,1.8519999980926514
3859,1.7740000486373901
3860,1.6690000295639038
3861,1.8079999685287476
3862,1.7120000123977661
3863,1.6575000286102295
3864,1.749500036239624
3865,1.7710000276565552
3866,1.8355000019073486
3867,1.721500039100647
3868,1.8485000133514404
3869,1.6380000114440918
3870,1.7725000381469727
3871,1.690500020980835
3872,1.6799999475479126
3873,1.7615000009536743
3874,1.7704999446868896
3875,1.7790000438690186
3876,1.7619999647140503
3877,1.7395000457763672
3878,1.6785000562667847
3879,1.7230000495910645
3880,1.7135000228881836
3881,1.74399995803833
3882,1.6054999828338623
3883,1.7450000047683716
3884,1.7410000562667847
3885,1.8140000104904175
3886,1.7079999446868896
3887,1.7230000495910645
3888,1.691499948501587
3889,1.8359999656677246
3890,1.7304999828338623
3891,1.752500057220459
3892,1.7745000123977661
3893,1.712499976158142
3894,1.7764999866485596
3895,1.7984999418258667
3896,1.7105000019073486
3897,1.6890000104904175
3898,1.690500020980835
3899,1.7374999523162842
3900,1.597499966621399
3901,1.7269999980926514
3902,1.6729999780654907
3903,1.7734999656677246
3904,1.8309999704360962
3905,1.8174999952316284
3906,1.7380000352859497
3907,1.7519999742507935
3908,1.7489999532699585
3909,1.7690000534057617
3910,1.7979999780654907
3911,1.6970000267028809
3912,1.7384999990463257
3913,1.7515000104904175
3914,1.8025000095367432
3915,1.7450000047683716
3916,1.715000033378601
3917,1.6710000038146973
3918,1.7699999809265137
3919,1.7649999856948853
3920,1.7755000591278076
3921,1.7244999408721924
3922,1.7345000505447388
3923,1.7769999504089355
3924,1.683500051498413
3925,1.7309999465942383
3926,1.8075000047683716
3927,1.7404999732971191
3928,1.7569999694824219
3929,1.812000036239624
3930,1.7109999656677246
3931,1.8049999475479126
3932,1.6829999685287476
3933,1.8424999713897705
3934,1.843000054359436
3935,1.7304999828338623
3936,1.812000036239624
3937,1.7625000476837158
3938,1.6395000219345093
3939,1.8279999494552612
3940,1.7745000123977661
3941,1.7589999437332153
3942,1.8140000104904175
3943,1.7905000448226929
3944,1.8055000305175781
3945,1.649999976158142
3946,1.7059999704360962
3947,1.7970000505447388
3948,1.6970000267028809
3949,1.712499976158142
3950,1.777500033378601
3951,1.6859999895095825
3952,1.7790000438690186
3953,1.7879999876022339
3954,1.7580000162124634
3955,1.684499979019165
3956,1.781999945640564
3957,1.7304999828338623
3958,1.8769999742507935
3959,1.7730000019073486
3960,1.7795000076293945
3961,1.7730000019073486
3962,1.7369999885559082
3963,1.683500051498413
3964,1.747499942779541
3965,1.621000051498413
3966,1.7079999446868896
3967,1.8114999532699585
3968,1.694000005722046
3969,1.8079999685287476
3970,1.7589999437332153
3971,1.6380000114440918
3972,1.6325000524520874
3973,1.746000051498413
3974,1.6690000295639038
3975,1.805999994277954
3976,1.7244999408721924
3977,1.6460000276565552
3978,1.7380000352859497
3979,1.7714999914169312
3980,1.7454999685287476
3981,1.7960000038146973
3982,1.7914999723434448
3983,1.8174999952316284
3984,1.722000002861023
3985,1.6959999799728394
3986,1.7604999542236328
3987,1.815500020980835
3988,1.7280000448226929
3989,1.7654999494552612
3990,1.7589999437332153
3991,1.8609999418258667
3992,1.7640000581741333
3993,1.687000036239624
3994,1.746000051498413
3995,1.7259999513626099
3996,1.7065000534057617
3997,1.815999984741211
3998,1.6649999618530273
3999,1.7934999465942383
4000,1.8125
4001,1.8565000295639038
4002,1.683500051498413
4003,1.7589999437332153
4004,1.746000051498413
4005,1.7684999704360962
4006,1.6664999723434448
4007,1.6549999713897705
4008,1.6959999799728394
4009,1.718000054359436
4010,1.6770000457763672
4011,1.8209999799728394
4012,1.7489999532699585
4013,1.75
4014,1.7044999599456787
4015,1.7369999885559082
4016,1.750499963760376
4017,1.809000015258789
4018,1.899999976158142
4019,1.7484999895095825
4020,1.7680000066757202
4021,1.6440000534057617
4022,1.7519999742507935
4023,1.808500051498413
4024,1.774999976158142
4025,1.7545000314712524
4026,1.6859999895095825
4027,1.746999979019165
4028,1.7890000343322754
4029,1.812000036239624
4030,1.7265000343322754
4031,1.8209999799728394
4032,1.7280000448226929
4033,1.7634999752044678
4034,1.7625000476837158
4035,1.7489999532699585
4036,1.7259999513626099
4037,1.7634999752044678
4038,1.8875000476837158
4039,1.6920000314712524
4040,1.8309999704360962
4041,1.7640000581741333
4042,1.777999997138977
4043,1.7139999866485596
4044,1.7790000438690186
4045,1.7289999723434448
4046,1.8350000381469727
4047,1.752500057220459
4048,1.7879999876022339
4049,1.7085000276565552
4050,1.74399995803833
4051,1.7365000247955322
4052,1.787500023841858
4053,1.7059999704360962
4054,1.7269999980926514
4055,1.7990000247955322
4056,1.718500018119812
4057,1.7020000219345093
4058,1.7960000038146973
4059,1.659000039100647
4060,1.7669999599456787
4061,1.694000005722046
4062,1.7029999494552612
4063,1.7755000591278076
4064,1.7994999885559082
4065,1.8229999542236328
4066,1.7990000247955322
4067,1.6890000104904175
4068,1.8274999856948853
4069,1.7369999885559082
4070,1.7925000190734863
4071,1.752500057220459
4072,1.7074999809265137
4073,1.691499948501587
4074,1.8055000305175781
4075,1.7015000581741333
4076,1.809999942779541
4077,1.7424999475479126
4078,1.7244999408721924
4079,1.7964999675750732
4080,1.815999984741211
4081,1.6640000343322754
4082,1.7105000019073486
4083,1.8224999904632568
4084,1.6410000324249268
4085,1.7990000247955322
4086,1.6770000457763672
4087,1.7174999713897705
4088,1.6955000162124634
4089,1.6979999542236328
4090,1.7365000247955322
4091,1.7070000171661377
4092,1.75600004196167
4093,1.721500039100647
4094,1.7654999494552612
4095,1.6584999561309814
4096,1.746000051498413
4097,1.8695000410079956
4098,1.6970000267028809
4099,1.8574999570846558
4100,1.7944999933242798
4101,1.7575000524520874
4102,1.837499976158142
4103,1.7640000581741333
4104,1.7139999866485596
4105,1.8214999437332153
4106,1.6825000047683716
4107,1.753499984741211
4108,1.6779999732971191
4109,1.7595000267028809
4110,1.7430000305175781
4111,1.7740000486373901
4112,1.8044999837875366
4113,1.8739999532699585
4114,1.7274999618530273
4115,1.6994999647140503
4116,1.7680000066757202
4117,1.6764999628067017
4118,1.7039999961853027
4119,1.7339999675750732
4120,1.7625000476837158
4121,1.7740000486373901
4122,1.7515000104904175
4123,1.7949999570846558
4124,1.719499945640564
4125,1.7445000410079956
4126,1.712499976158142
4127,1.7630000114440918
4128,1.8035000562667847
4129,1.8515000343322754
4130,1.7369999885559082
4131,1.7704999446868896
4132,1.7259999513626099
4133,1.6920000314712524
4134,1.6749999523162842
4135,1.7009999752044678
4136,1.8604999780654907
4137,1.7869999408721924
4138,1.7554999589920044
4139,1.6825000047683716
4140,1.7230000495910645
4141,1.7894999980926514
4142,1.718999981880188
4143,1.7055000066757202
4144,1.7144999504089355
4145,1.6990000009536743
4146,1.7999999523162842
4147,1.712499976158142
4148,1.7860000133514404
4149,1.8695000410079956
4150,1.7029999494552612
4151,1.7204999923706055
4152,1.722000002861023
4153,1.7955000400543213
4154,1.8044999837875366
4155,1.7580000162124634
4156,1.815000057220459
4157,1.749500036239624
4158,1.7380000352859497
4159,1.7415000200271606
4160,1.8259999752044678
4161,1.652999997138977
4162,1.6924999952316284
4163,1.7380000352859497
4164,1.7615000009536743
4165,1.8259999752044678
4166,1.7380000352859497
4167,1.6770000457763672
4168,1.684000015258789
4169,1.7374999523162842
4170,1.7105000019073486
4171,1.75600004196167
4172,1.7604999542236328
4173,1.7554999589920044
4174,1.8734999895095825
4175,1.7690000534057617
4176,1.7105000019073486
4177,1.718999981880188
4178,1.7410000562667847
4179,1.6970000267028809
4180,1.715499997138977
4181,1.7309999465942383
4182,1.6660000085830688
4183,1.687000036239624
4184,1.8339999914169312
4185,1.6924999952316284
4186,1.840000033378601
4187,1.7920000553131104
4188,1.7369999885559082
4189,1.8274999856948853
4190,1.687000036239624
4191,1.7445000410079956
4192,1.7315000295639038
4193,1.7174999713897705
4194,1.743499994277954
4195,1.8569999933242798
4196,1.7235000133514404
4197,1.690500020980835
4198,1.7949999570846558
4199,1.6460000276565552
4200,1.7910000085830688
4201,1.777999997138977
4202,1.6894999742507935
4203,1.680999994277954
4204,1.7864999771118164
4205,1.7139999866485596
4206,1.659000039100647
4207,1.7864999771118164
4208,1.777999997138977
4209,1.7239999771118164
4210,1.809000015258789
4211,1.7319999933242798
4212,1.7000000476837158
4213,1.8674999475479126
4214,1.6579999923706055
4215,1.784000039100647
4216,1.784000039100647
4217,1.7740000486373901
4218,1.7079999446868896
4219,1.7834999561309814
4220,1.7634999752044678
4221,1.756500005722046
4222,1.7695000171661377
4223,1.6710000038146973
4224,1.7589999437332153
4225,1.7619999647140503
4226,1.7274999618530273
4227,1.75600004196167
4228,1.7970000505447388
4229,1.684999942779541
4230,1.7120000123977661
4231,1.7769999504089355
4232,1.6575000286102295
4233,1.7634999752044678
4234,1.6805000305175781
4235,1.7404999732971191
4236,1.7235000133514404
4237,1.846500039100647
4238,1.8674999475479126
4239,1.7884999513626099
4240,1.8079999685287476
4241,1.8079999685287476
4242,1.6640000343322754
4243,1.7339999675750732
4244,1.718500018119812
4245,1.7174999713897705
4246,1.8070000410079956
4247,1.812999963760376
4248,1.718999981880188
4249,1.7170000076293945
4250,1.7949999570846558
4251,1.7730000019073486
4252,1.8344999551773071
4253,1.6490000486373901
4254,1.6445000171661377
4255,1.8020000457763672
4256,1.843999981880188
4257,1.7755000591278076
4258,1.6970000267028809
4259,1.7599999904632568
4260,1.7059999704360962
4261,1.781999945640564
4262,1.7165000438690186
4263,1.7684999704360962
4264,1.7424999475479126
4265,1.784500002861023
4266,1.7365000247955322
4267,1.7610000371932983
4268,1.7855000495910645
4269,1.6390000581741333
4270,1.7239999771118164
4271,1.749500036239624
4272,1.7619999647140503
4273,1.7669999599456787
4274,1.75600004196167
4275,1.7020000219345093
4276,1.7589999437332153
4277,1.6894999742507935
4278,1.7244999408721924
4279,1.8205000162124634
4280,1.7795000076293945
4281,1.6924999952316284
4282,1.7000000476837158
4283,1.7120000123977661
4284,1.743499994277954
4285,1.8309999704360962
4286,1.843500018119812
4287,1.659000039100647
4288,1.7645000219345093
4289,1.7309999465942383
4290,1.75600004196167
4291,1.7795000076293945
4292,1.7569999694824219
4293,1.6825000047683716
4294,1.746000051498413
4295,1.747499942779541
4296,1.7545000314712524
4297,1.7510000467300415
4298,1.719499945640564
4299,1.7365000247955322
4300,1.7825000286102295
4301,1.7200000286102295
4302,1.784999966621399
4303,1.7999999523162842
4304,1.7545000314712524
4305,1.7990000247955322
4306,1.63100004196167
4307,1.6540000438690186
4308,1.8305000066757202
4309,1.6885000467300415
4310,1.8075000047683716
4311,1.6959999799728394
4312,1.75
4313,1.7884999513626099
4314,1.7450000047683716
4315,1.7280000448226929
4316,1.819000005722046
4317,1.6855000257492065
4318,1.7589999437332153
4319,1.7740000486373901
4320,1.8209999799728394
4321,1.7699999809265137
4322,1.7005000114440918
4323,1.7740000486373901
4324,1.7100000381469727
4325,1.7450000047683716
4326,1.719499945640564
4327,1.778499960899353
4328,1.8450000286102295
4329,1.756500005722046
4330,1.721500039100647
4331,1.781499981880188
4332,1.7280000448226929
4333,1.7395000457763672
4334,1.8339999914169312
4335,1.8070000410079956
4336,1.7109999656677246
4337,1.7200000286102295
4338,1.7204999923706055
4339,1.7714999914169312
4340,1.718000054359436
4341,1.7675000429153442
4342,1.6979999542236328
4343,1.80649995803833
4344,1.7575000524520874
4345,1.7070000171661377
4346,1.6805000305175781
4347,1.6195000410079956
4348,1.746999979019165
4349,1.7415000200271606
4350,1.6694999933242798
4351,1.6660000085830688
4352,1.8739999532699585
4353,1.6605000495910645
4354,1.781999945640564
4355,1.7424999475479126
4356,1.8665000200271606
4357,1.7710000276565552
4358,1.784999966621399
4359,1.7259999513626099
4360,1.753000020980835
4361,1.7730000019073486
4362,1.6610000133514404
4363,1.718999981880188
4364,1.784500002861023
4365,1.7755000591278076
4366,1.7864999771118164
4367,1.7315000295639038
4368,1.7569999694824219
4369,1.7365000247955322
4370,1.684999942779541
4371,1.7955000400543213
4372,1.7519999742507935
4373,1.7680000066757202
4374,1.7615000009536743
4375,1.7960000038146973
4376,1.7380000352859497
4377,1.722000002861023
4378,1.7634999752044678
4379,1.7115000486373901
4380,1.7450000047683716
4381,1.7714999914169312
4382,1.7315000295639038
4383,1.812999963760376
4384,1.7860000133514404
4385,1.590000033378601
4386,1.7345000505447388
4387,1.7410000562667847
4388,1.7669999599456787
4389,1.6959999799728394
4390,1.7130000591278076
4391,1.816499948501587
4392,1.715999960899353
4393,1.7554999589920044
4394,1.7400000095367432
4395,1.7139999866485596
4396,1.844499945640564
4397,1.7319999933242798
4398,1.7345000505447388
4399,1.7610000371932983
4400,1.7419999837875366
4401,1.7554999589920044
4402,1.7595000267028809
4403,1.7269999980926514
4404,1.7035000324249268
4405,1.7595000267028809
4406,1.7085000276565552
4407,1.7070000171661377
4408,1.7109999656677246
4409,1.7315000295639038
4410,1.7699999809265137
4411,1.7975000143051147
4412,1.6414999961853027
4413,1.9049999713897705
4414,1.6825000047683716
4415,1.7625000476837158
4416,1.8480000495910645
4417,1.8075000047683716
4418,1.7714999914169312
4419,1.7384999990463257
4420,1.7990000247955322
4421,1.7740000486373901
4422,1.7599999904632568
4423,1.7339999675750732
4424,1.684999942779541
4425,1.75
4426,1.718999981880188
4427,1.7254999876022339
4428,1.7319999933242798
4429,1.7890000343322754
4430,1.7105000019073486
4431,1.7309999465942383
4432,1.7359999418258667
4433,1.7285000085830688
4434,1.649999976158142
4435,1.7630000114440918
4436,1.721500039100647
4437,1.690500020980835
4438,1.7704999446868896
4439,1.8035000562667847
4440,1.7769999504089355
4441,1.7999999523162842
4442,1.7044999599456787
4443,1.7445000410079956
4444,1.756500005722046
4445,1.7350000143051147
4446,1.7244999408721924
4447,1.7949999570846558
4448,1.7050000429153442
4449,1.7135000228881836
4450,1.7625000476837158
4451,1.7369999885559082
4452,1.7615000009536743
4453,1.8109999895095825
4454,1.6770000457763672
4455,1.6425000429153442
4456,1.7489999532699585
4457,1.8450000286102295
4458,1.7975000143051147
4459,1.6720000505447388
4460,1.7979999780654907
4461,1.6015000343322754
4462,1.7130000591278076
4463,1.7120000123977661
4464,1.6875
4465,1.6779999732971191
4466,1.7829999923706055
4467,1.7714999914169312
4468,1.6979999542236328
4469,1.8320000171661377
4470,1.7914999723434448
4471,1.844499945640564
4472,1.787500023841858
4473,1.8049999475479126
4474,1.747499942779541
4475,1.8270000219345093
4476,1.8669999837875366
4477,1.7454999685287476
4478,1.8075000047683716
4479,1.7074999809265137
4480,1.778499960899353
4481,1.7404999732971191
4482,1.746000051498413
4483,1.7254999876022339
4484,1.6959999799728394
4485,1.683500051498413
4486,1.7725000381469727
4487,1.7654999494552612
4488,1.653499960899353
4489,1.6820000410079956
4490,1.7710000276565552
4491,1.6979999542236328
4492,1.8200000524520874
4493,1.690500020980835
4494,1.687000036239624
4495,1.7304999828338623
4496,1.6740000247955322
4497,1.7384999990463257
4498,1.8125
4499,1.691499948501587
4500,1.7309999465942383
4501,1.8615000247955322
4502,1.7105000019073486
4503,1.8049999475479126
4504,1.7944999933242798
4505,1.8214999437332153
4506,1.7139999866485596
4507,1.7684999704360962
4508,1.878499984741211
4509,1.8025000095367432
4510,1.6955000162124634
4511,1.8259999752044678
4512,1.8014999628067017
4513,1.6744999885559082
4514,1.6864999532699585
4515,1.8665000200271606
4516,1.7669999599456787
4517,1.781000018119812
4518,1.7489999532699585
4519,1.63100004196167
4520,1.6855000257492065
4521,1.809000015258789
4522,1.787500023841858
4523,1.7085000276565552
4524,1.6944999694824219
4525,1.8125
4526,1.7050000429153442
4527,1.8265000581741333
4528,1.68149995803833
4529,1.7374999523162842
4530,1.7369999885559082
4531,1.837499976158142
4532,1.7575000524520874
4533,1.812999963760376
4534,1.7660000324249268
4535,1.718999981880188
4536,1.7680000066757202
4537,1.7719999551773071
4538,1.816499948501587
4539,1.7589999437332153
4540,1.7615000009536743
4541,1.7204999923706055
4542,1.7855000495910645
4543,1.6699999570846558
4544,1.8639999628067017
4545,1.7545000314712524
4546,1.6779999732971191
4547,1.743499994277954
4548,1.684499979019165
4549,1.7545000314712524
4550,1.809499979019165
4551,1.8194999694824219
4552,1.7764999866485596
4553,1.718999981880188
4554,1.7430000305175781
4555,1.7319999933242798
4556,1.6890000104904175
4557,1.7949999570846558
4558,1.6785000562667847
4559,1.7725000381469727
4560,1.7795000076293945
4561,1.6959999799728394
4562,1.8125
4563,1.7549999952316284
4564,1.7354999780654907
4565,1.747499942779541
4566,1.840499997138977
4567,1.753000020980835
4568,1.7115000486373901
4569,1.8890000581741333
4570,1.7894999980926514
4571,1.7669999599456787
4572,1.7619999647140503
4573,1.6299999952316284
4574,1.7174999713897705
4575,1.7610000371932983
4576,1.7039999961853027
4577,1.7545000314712524
4578,1.749500036239624
4579,1.6304999589920044
4580,1.7549999952316284
4581,1.691499948501587
4582,1.6790000200271606
4583,1.6785000562667847
4584,1.7634999752044678
4585,1.718500018119812
4586,1.6944999694824219
4587,1.680999994277954
4588,1.752500057220459
4589,1.7484999895095825
4590,1.6955000162124634
4591,1.6970000267028809
4592,1.8125
4593,1.6929999589920044
4594,1.6859999895095825
4595,1.719499945640564
4596,1.715499997138977
4597,1.812000036239624
4598,1.7515000104904175
4599,1.653499960899353
4600,1.7719999551773071
4601,1.8355000019073486
4602,1.781000018119812
4603,1.812000036239624
4604,1.7595000267028809
4605,1.6859999895095825
4606,1.6820000410079956
4607,1.7369999885559082
4608,1.6864999532699585
4609,1.6890000104904175
4610,1.6299999952316284
4611,1.7055000066757202
4612,1.7315000295639038
4613,1.694000005722046
4614,1.652999997138977
4615,1.75
4616,1.8355000019073486
4617,1.718999981880188
4618,1.812000036239624
4619,1.8519999980926514
4620,1.7595000267028809
4621,1.8070000410079956
4622,1.7369999885559082
4623,1.7445000410079956
4624,1.7089999914169312
4625,1.683500051498413
4626,1.8044999837875366
4627,1.8415000438690186
4628,1.7015000581741333
4629,1.7289999723434448
4630,1.7790000438690186
4631,1.7599999904632568
4632,1.7130000591278076
4633,1.7254999876022339
4634,1.7254999876022339
4635,1.68149995803833
4636,1.7680000066757202
4637,1.7610000371932983
4638,1.778499960899353
4639,1.7389999628067017
4640,1.712499976158142
4641,1.7489999532699585
4642,1.7050000429153442
4643,1.7315000295639038
4644,1.7719999551773071
4645,1.7860000133514404
4646,1.7085000276565552
4647,1.7699999809265137
4648,1.7714999914169312
4649,1.816499948501587
4650,1.746000051498413
4651,1.7660000324249268
4652,1.7545000314712524
4653,1.7949999570846558
4654,1.7604999542236328
4655,1.7940000295639038
4656,1.6794999837875366
4657,1.7410000562667847
4658,1.7615000009536743
4659,1.7894999980926514
4660,1.7254999876022339
4661,1.787500023841858
4662,1.7489999532699585
4663,1.7039999961853027
4664,1.7960000038146973
4665,1.753499984741211
4666,1.7920000553131104
4667,1.815500020980835
4668,1.7519999742507935
4669,1.6759999990463257
4670,1.7085000276565552
4671,1.715999960899353
4672,1.784999966621399
4673,1.7410000562667847
4674,1.7230000495910645
4675,1.7209999561309814
4676,1.7690000534057617
4677,1.7640000581741333
4678,1.7589999437332153
4679,1.7905000448226929
4680,1.7259999513626099
4681,1.6069999933242798
4682,1.7719999551773071
4683,1.7209999561309814
4684,1.7259999513626099
4685,1.6714999675750732
4686,1.7415000200271606
4687,1.7990000247955322
4688,1.6855000257492065
4689,1.8209999799728394
4690,1.6475000381469727
4691,1.8964999914169312
4692,1.819000005722046
4693,1.7395000457763672
4694,1.777500033378601
4695,1.8315000534057617
4696,1.787500023841858
4697,1.6734999418258667
4698,1.752500057220459
4699,1.746500015258789
4700,1.749500036239624
4701,1.781499981880188
4702,1.8125
4703,1.8424999713897705
4704,1.7324999570846558
4705,1.7879999876022339
4706,1.712499976158142
4707,1.7894999980926514
4708,1.7515000104904175
4709,1.7419999837875366
4710,1.7569999694824219
4711,1.7230000495910645
4712,1.8224999904632568
4713,1.7654999494552612
4714,1.7319999933242798
4715,1.7764999866485596
4716,1.7269999980926514
4717,1.7755000591278076
4718,1.6694999933242798
4719,1.747499942779541
4720,1.7884999513626099
4721,1.7734999656677246
4722,1.7029999494552612
4723,1.7079999446868896
4724,1.7625000476837158
4725,1.8035000562667847
4726,1.5950000286102295
4727,1.7734999656677246
4728,1.7000000476837158
4729,1.816499948501587
4730,1.8209999799728394
4731,1.809999942779541
4732,1.715499997138977
4733,1.7519999742507935
4734,1.7029999494552612
4735,1.7350000143051147
4736,1.7905000448226929
4737,1.718999981880188
4738,1.756500005722046
4739,1.7999999523162842
4740,1.8040000200271606
4741,1.6295000314712524
4742,1.7009999752044678
4743,1.7695000171661377
4744,1.7050000429153442
4745,1.7209999561309814
4746,1.747499942779541
4747,1.7324999570846558
4748,1.781499981880188
4749,1.7549999952316284
4750,1.8424999713897705
4751,1.7979999780654907
4752,1.81850004196167
4753,1.7944999933242798
4754,1.7684999704360962
4755,1.7395000457763672
4756,1.7660000324249268
4757,1.6660000085830688
4758,1.8179999589920044
4759,1.6805000305175781
4760,1.7654999494552612
4761,1.7834999561309814
4762,1.6885000467300415
4763,1.746000051498413
4764,1.774999976158142
4765,1.7319999933242798
4766,1.8014999628067017
4767,1.6230000257492065
4768,1.6855000257492065
4769,1.6749999523162842
4770,1.7569999694824219
4771,1.7884999513626099
4772,1.7654999494552612
4773,1.781999945640564
4774,1.7174999713897705
4775,1.7860000133514404
4776,1.8035000562667847
4777,1.7309999465942383
4778,1.721500039100647
4779,1.7300000190734863
4780,1.8224999904632568
4781,1.7515000104904175
4782,1.7410000562667847
4783,1.8025000095367432
4784,1.7094999551773071
4785,1.7480000257492065
4786,1.7254999876022339
4787,1.7009999752044678
4788,1.899999976158142
4789,1.7359999418258667
4790,1.7410000562667847
4791,1.8380000591278076
4792,1.7964999675750732
4793,1.6660000085830688
4794,1.7079999446868896
4795,1.7790000438690186
4796,1.7105000019073486
4797,1.7599999904632568
4798,1.7105000019073486
4799,1.7315000295639038
4800,1.7304999828338623
4801,1.7254999876022339
4802,1.7714999914169312
4803,1.7615000009536743
4804,1.809999942779541
4805,1.7625000476837158
4806,1.7209999561309814
4807,1.8055000305175781
4808,1.7604999542236328
4809,1.816499948501587
4810,1.6820000410079956
4811,1.778499960899353
4812,1.7230000495910645
4813,1.7035000324249268
4814,1.6885000467300415
4815,1.8294999599456787
4816,1.7450000047683716
4817,1.7604999542236328
4818,1.7914999723434448
4819,1.812000036239624
4820,1.784000039100647
4821,1.659999966621399
4822,1.7575000524520874
4823,1.7764999866485596
4824,1.7065000534057617
4825,1.8049999475479126
4826,1.8025000095367432
4827,1.784999966621399
4828,1.8309999704360962
4829,1.7669999599456787
4830,1.652999997138977
4831,1.7745000123977661
4832,1.718500018119812
4833,1.722499966621399
4834,1.690500020980835
4835,1.7925000190734863
4836,1.7890000343322754
4837,1.7640000581741333
4838,1.6820000410079956
4839,1.8385000228881836
4840,1.8205000162124634
4841,1.7170000076293945
4842,1.8344999551773071
4843,1.7120000123977661
4844,1.784500002861023
4845,1.7920000553131104
4846,1.7105000019073486
4847,1.7740000486373901
4848,1.6759999990463257
4849,1.721500039100647
4850,1.743499994277954
4851,1.780500054359436
4852,1.7289999723434448
4853,1.6755000352859497
4854,1.752500057220459
4855,1.743499994277954
4856,1.8179999589920044
4857,1.7024999856948853
4858,1.7714999914169312
4859,1.7359999418258667
4860,1.7020000219345093
4861,1.7970000505447388
4862,1.7745000123977661
4863,1.6979999542236328
4864,1.7890000343322754
4865,1.747499942779541
4866,1.7934999465942383
4867,1.816499948501587
4868,1.7424999475479126
4869,1.6614999771118164
4870,1.7035000324249268
4871,1.7384999990463257
4872,1.8105000257492065
4873,1.6644999980926514
4874,1.752500057220459
4875,1.7280000448226929
4876,1.691499948501587
4877,1.7829999923706055
4878,1.6614999771118164
4879,1.8289999961853027
4880,1.7760000228881836
4881,1.7274999618530273
4882,1.7884999513626099
4883,1.7489999532699585
4884,1.7024999856948853
4885,1.7640000581741333
4886,1.7039999961853027
4887,1.8114999532699585
4888,1.6864999532699585
4889,1.7380000352859497
4890,1.7664999961853027
4891,1.7949999570846558
4892,1.7669999599456787
4893,1.712499976158142
4894,1.7589999437332153
4895,1.7704999446868896
4896,1.7315000295639038
4897,1.8029999732971191
4898,1.7484999895095825
4899,1.7719999551773071
4900,1.7230000495910645
4901,1.6929999589920044
4902,1.847000002861023
4903,1.7860000133514404
4904,1.8235000371932983
4905,1.7389999628067017
4906,1.6894999742507935
4907,1.7024999856948853
4908,1.7645000219345093
4909,1.8565000295639038
4910,1.8079999685287476
4911,1.781499981880188
4912,1.8300000429153442
4913,1.746999979019165
4914,1.7740000486373901
4915,1.7235000133514404
4916,1.7510000467300415
4917,1.8075000047683716
4918,1.7319999933242798
4919,1.6885000467300415
4920,1.7484999895095825
4921,1.780500054359436
4922,1.6979999542236328
4923,1.8044999837875366
4924,1.7350000143051147
4925,1.7304999828338623
4926,1.6955000162124634
4927,1.7745000123977661
4928,1.7914999723434448
4929,1.7979999780654907
4930,1.7089999914169312
4931,1.719499945640564
4932,1.86899995803833
4933,1.7604999542236328
4934,1.7890000343322754
4935,1.7719999551773071
4936,1.8125
4937,1.7120000123977661
4938,1.7105000019073486
4939,1.6979999542236328
4940,1.7380000352859497
4941,1.7484999895095825
4942,1.8355000019073486
4943,1.7074999809265137
4944,1.6304999589920044
4945,1.8480000495910645
4946,1.6614999771118164
4947,1.7269999980926514
4948,1.7265000343322754
4949,1.8140000104904175
4950,1.6694999933242798
4951,1.6705000400543213
4952,1.7165000438690186
4953,1.7020000219345093
4954,1.7994999885559082
4955,1.6864999532699585
4956,1.6959999799728394
4957,1.7484999895095825
4958,1.8324999809265137
4959,1.7719999551773071
4960,1.7295000553131104
4961,1.7354999780654907
4962,1.8044999837875366
4963,1.7869999408721924
4964,1.7684999704360962
4965,1.7165000438690186
4966,1.6670000553131104
4967,1.6920000314712524
4968,1.691499948501587
4969,1.7450000047683716
4970,1.7615000009536743
4971,1.6495000123977661
4972,1.7170000076293945
4973,1.75
4974,1.812000036239624
4975,1.6629999876022339
4976,1.812999963760376
4977,1.7089999914169312
4978,1.7369999885559082
4979,1.7645000219345093
4980,1.6799999475479126
4981,1.8265000581741333
4982,1.844499945640564
4983,1.7610000371932983
4984,1.787500023841858
4985,1.815500020980835
4986,1.622499942779541
4987,1.8224999904632568
4988,1.7089999914169312
4989,1.6894999742507935
4990,1.6859999895095825
4991,1.6805000305175781
4992,1.7619999647140503
4993,1.7675000429153442
4994,1.7834999561309814
4995,1.6950000524520874
4996,1.809499979019165
4997,1.7239999771118164
4998,1.7384999990463257
4999,1.877500057220459
5000,1.753999948501587
5001,1.784000039100647
5002,1.722499966621399
5003,1.784000039100647
5004,1.7615000009536743
5005,1.7940000295639038
5006,1.6749999523162842
5007,1.6074999570846558
5008,1.6744999885559082
5009,1.7404999732971191
5010,1.7929999828338623
5011,1.7654999494552612
5012,1.7055000066757202
5013,1.8144999742507935
5014,1.715999960899353
5015,1.6579999923706055
5016,1.749500036239624
5017,1.7244999408721924
5018,1.6990000009536743
5019,1.749500036239624
5020,1.7419999837875366
5021,1.7730000019073486
5022,1.7675000429153442
5023,1.7740000486373901
5024,1.7714999914169312
